latitude,longitude,bright_ti4,scan,track,acq_date,acq_time,satellite,confidence,version,bright_ti5,frp,daynight,instrument
52.21043,32.70116,298.03,0.52,0.67,2026-08-23,01:22:00,N20,nominal,2.0NRT,283.58,1.04,N,VIIRS
51.35688,30.26934,299.85,0.46,0.63,2026-08-23,01:22:00,N20,nominal,2.0NRT,286.61,0.83,N,VIIRS
50.16718,33.70796,300.45,0.68,0.74,2026-08-23,01:22:00,N20,nominal,2.0NRT,287.9,0.93,N,VIIRS
50.16992,33.70989,300.54,0.68,0.74,2026-08-23,01:22:00,N20,nominal,2.0NRT,287.6,1.21,N,VIIRS
51.29041,34.19256,300.69,0.64,0.72,2026-08-23,01:22:00,N20,nominal,2.0NRT,271.9,1.28,N,VIIRS
51.0224,30.3085,306,0.47,0.64,2026-08-23,01:24:00,N20,nominal,2.0NRT,284.93,2.2,N,VIIRS
51.00906,30.32786,327.2,0.47,0.64,2026-08-23,01:24:00,N20,nominal,2.0NRT,287.2,2.33,N,VIIRS
51.01313,30.31591,305.32,0.47,0.64,2026-08-23,01:24:00,N20,nominal,2.0NRT,286.66,1.56,N,VIIRS
51.01109,30.32188,303.2,0.47,0.64,2026-08-23,01:24:00,N20,nominal,2.0NRT,287.09,1.56,N,VIIRS
51.00703,30.33381,312.4,0.47,0.64,2026-08-23,01:24:00,N20,nominal,2.0NRT,286.91,2.33,N,VIIRS
50.99976,30.33532,337.19,0.47,0.64,2026-08-23,01:24:00,N20,nominal,2.0NRT,290.77,2.71,N,VIIRS
51.01602,30.28763,303.6,0.47,0.64,2026-08-23,01:24:00,N20,nominal,2.0NRT,287.45,1.78,N,VIIRS
51.01398,30.29361,297.23,0.47,0.64,2026-08-23,01:24:00,N20,nominal,2.0NRT,286.57,1.78,N,VIIRS
51.01196,30.29957,309.61,0.47,0.64,2026-08-23,01:24:00,N20,nominal,2.0NRT,287.03,2.07,N,VIIRS
51.00993,30.30549,304.72,0.47,0.64,2026-08-23,01:24:00,N20,nominal,2.0NRT,287.42,2.07,N,VIIRS
51.00586,30.31744,299.52,0.47,0.64,2026-08-23,01:24:00,N20,nominal,2.0NRT,287.33,3.69,N,VIIRS
51.00381,30.32342,305.06,0.47,0.64,2026-08-23,01:24:00,N20,nominal,2.0NRT,289.01,2.18,N,VIIRS
51.00179,30.32937,303.24,0.47,0.64,2026-08-23,01:24:00,N20,nominal,2.0NRT,287.99,2.18,N,VIIRS
50.99772,30.34128,308.06,0.47,0.64,2026-08-23,01:24:00,N20,nominal,2.0NRT,288.18,2.71,N,VIIRS
51.00267,30.307,333.75,0.47,0.64,2026-08-23,01:24:00,N20,nominal,2.0NRT,286.87,3.69,N,VIIRS
51.00063,30.31297,320.36,0.47,0.64,2026-08-23,01:24:00,N20,nominal,2.0NRT,287.83,3.69,N,VIIRS
51.01282,30.27726,305.38,0.47,0.64,2026-08-23,01:24:00,N20,nominal,2.0NRT,286.32,3.54,N,VIIRS
51.0108,30.28317,318.04,0.47,0.64,2026-08-23,01:24:00,N20,nominal,2.0NRT,287.27,1.78,N,VIIRS
51.00674,30.29508,305.53,0.47,0.64,2026-08-23,01:24:00,N20,nominal,2.0NRT,284.81,2.07,N,VIIRS
51.00471,30.30103,317.17,0.47,0.64,2026-08-23,01:24:00,N20,nominal,2.0NRT,285.96,2.07,N,VIIRS
50.9986,30.31894,315.56,0.47,0.64,2026-08-23,01:24:00,N20,nominal,2.0NRT,288.11,2.18,N,VIIRS
50.99656,30.3249,299.47,0.47,0.64,2026-08-23,01:24:00,N20,nominal,2.0NRT,287.17,2.18,N,VIIRS
50.99452,30.33087,298.92,0.47,0.64,2026-08-23,01:24:00,N20,nominal,2.0NRT,286.78,2.71,N,VIIRS
51.023,30.30932,297.78,0.47,0.64,2026-08-23,01:24:00,N20,nominal,2.0NRT,284.47,0.91,N,VIIRS
51.00978,30.32876,326.94,0.47,0.64,2026-08-23,01:24:00,N20,nominal,2.0NRT,287.23,2.47,N,VIIRS
51.01779,30.30482,302.83,0.47,0.64,2026-08-23,01:24:00,N20,nominal,2.0NRT,285.76,0.91,N,VIIRS
51.01379,30.31676,305.48,0.47,0.64,2026-08-23,01:24:00,N20,nominal,2.0NRT,287.03,2.46,N,VIIRS
51.01179,30.32276,302,0.47,0.64,2026-08-23,01:24:00,N20,nominal,2.0NRT,286.7,2.47,N,VIIRS
51.00777,30.33473,311.49,0.47,0.64,2026-08-23,01:24:00,N20,nominal,2.0NRT,286.66,2.85,N,VIIRS
51.00054,30.33624,336.82,0.47,0.64,2026-08-23,01:24:00,N20,nominal,2.0NRT,290.55,2.51,N,VIIRS
51.01659,30.28835,299.32,0.47,0.64,2026-08-23,01:24:00,N20,nominal,2.0NRT,287.33,1.81,N,VIIRS
51.01258,30.30033,301.51,0.47,0.64,2026-08-23,01:24:00,N20,nominal,2.0NRT,287.02,2.8,N,VIIRS
51.01058,30.30629,298.75,0.47,0.64,2026-08-23,01:24:00,N20,nominal,2.0NRT,287.32,3.51,N,VIIRS
51.00656,30.31829,297.98,0.47,0.64,2026-08-23,01:24:00,N20,nominal,2.0NRT,287.57,2.5,N,VIIRS
51.00455,30.3243,302.56,0.47,0.64,2026-08-23,01:24:00,N20,nominal,2.0NRT,288.25,2.5,N,VIIRS
51.00254,30.33027,302.17,0.47,0.64,2026-08-23,01:24:00,N20,nominal,2.0NRT,287.78,2.51,N,VIIRS
50.99853,30.34224,309.74,0.47,0.64,2026-08-23,01:24:00,N20,nominal,2.0NRT,288.08,4.3,N,VIIRS
51.01138,30.28385,322.37,0.47,0.64,2026-08-23,01:24:00,N20,nominal,2.0NRT,287.91,1.81,N,VIIRS
51.00536,30.3018,322.31,0.47,0.64,2026-08-23,01:24:00,N20,nominal,2.0NRT,285.95,3.51,N,VIIRS
51.00335,30.30779,332.68,0.47,0.64,2026-08-23,01:24:00,N20,nominal,2.0NRT,286.44,3.51,N,VIIRS
51.00134,30.31379,322.76,0.47,0.64,2026-08-23,01:24:00,N20,nominal,2.0NRT,287.47,2.5,N,VIIRS
51.01337,30.2779,303.71,0.47,0.64,2026-08-23,01:24:00,N20,nominal,2.0NRT,286.3,1.81,N,VIIRS
51.00737,30.29583,308.1,0.47,0.64,2026-08-23,01:24:00,N20,nominal,2.0NRT,284.94,2.8,N,VIIRS
50.99933,30.31979,317.82,0.47,0.64,2026-08-23,01:24:00,N20,nominal,2.0NRT,288.49,2.5,N,VIIRS
50.99732,30.32578,301.31,0.47,0.64,2026-08-23,01:24:00,N20,nominal,2.0NRT,287.57,2.51,N,VIIRS
50.9953,30.33177,302.3,0.47,0.64,2026-08-23,01:24:00,N20,nominal,2.0NRT,286.73,2.51,N,VIIRS
51.42183,28.754270000000002,301.7,0.4,0.6,2026-08-23,01:24:00,N20,nominal,2.0NRT,282.05,0.7,N,VIIRS
51.4169,28.75027,305.81,0.4,0.6,2026-08-23,01:24:00,N20,nominal,2.0NRT,281.7,0.81,N,VIIRS
51.20597,29.18967,367,0.42,0.61,2026-08-23,01:24:00,N20,high,2.0NRT,285.7,47.42,N,VIIRS
51.20423,29.19506,350.22,0.42,0.61,2026-08-23,01:24:00,N20,nominal,2.0NRT,294.19,47.42,N,VIIRS
51.2077,29.18433,314.15,0.42,0.61,2026-08-23,01:24:00,N20,nominal,2.0NRT,284.1,38.97,N,VIIRS
51.20247,29.20051,308.78,0.42,0.61,2026-08-23,01:24:00,N20,nominal,2.0NRT,284.21,10.33,N,VIIRS
51.20787,29.16415,324.44,0.42,0.61,2026-08-23,01:24:00,N20,nominal,2.0NRT,282.16,10.63,N,VIIRS
51.20616,29.16945,367,0.42,0.61,2026-08-23,01:24:00,N20,high,2.0NRT,287.22,10.63,N,VIIRS
51.20444,29.17474,367,0.42,0.61,2026-08-23,01:24:00,N20,high,2.0NRT,290.35,38.97,N,VIIRS
51.20271,29.18008,353.92,0.42,0.61,2026-08-23,01:24:00,N20,nominal,2.0NRT,293.81,38.97,N,VIIRS
51.19923,29.19083,324.6,0.42,0.61,2026-08-23,01:24:00,N20,nominal,2.0NRT,285.84,47.42,N,VIIRS
51.19747,29.19625,309.44,0.42,0.61,2026-08-23,01:24:00,N20,nominal,2.0NRT,285.32,10.33,N,VIIRS
51.2029,29.15989,330.01,0.42,0.61,2026-08-23,01:24:00,N20,nominal,2.0NRT,284.4,3.19,N,VIIRS
51.19247,29.19201,341.61,0.42,0.61,2026-08-23,01:24:00,N20,nominal,2.0NRT,287.41,3.23,N,VIIRS
51.19071,29.19745,341.12,0.42,0.61,2026-08-23,01:24:00,N20,nominal,2.0NRT,288.32,3.23,N,VIIRS
51.20117,29.16521,314.16,0.42,0.61,2026-08-23,01:24:00,N20,nominal,2.0NRT,284.55,3.19,N,VIIRS
51.19943,29.17057,301.73,0.42,0.61,2026-08-23,01:24:00,N20,nominal,2.0NRT,284.3,1.33,N,VIIRS
51.19769,29.17593,299.11,0.42,0.61,2026-08-23,01:24:00,N20,nominal,2.0NRT,284.25,1.33,N,VIIRS
51.19595,29.18129,316.02,0.42,0.61,2026-08-23,01:24:00,N20,nominal,2.0NRT,285.74,2.48,N,VIIRS
51.19421,29.18665,316.88,0.42,0.61,2026-08-23,01:24:00,N20,nominal,2.0NRT,286.18,2.48,N,VIIRS
51.18919,29.18248,314.69,0.42,0.61,2026-08-23,01:24:00,N20,nominal,2.0NRT,282.63,2.48,N,VIIRS
51.18745,29.18784,299.96,0.42,0.61,2026-08-23,01:24:00,N20,nominal,2.0NRT,282.51,3.23,N,VIIRS
51.18571,29.1932,314.19,0.42,0.61,2026-08-23,01:24:00,N20,nominal,2.0NRT,283.37,3.23,N,VIIRS
49.87502,28.61322,298.07,0.44,0.63,2026-08-23,01:24:00,N20,nominal,2.0NRT,282.11,0.33,N,VIIRS
50.54378,26.25836,319.07,0.34,0.56,2026-08-23,01:24:00,N20,nominal,2.0NRT,283.79,2.76,N,VIIRS
45.77905,29.04052,299.01,0.64,0.72,2026-08-23,01:24:00,N20,nominal,2.0NRT,286.56,0.72,N,VIIRS
46.74395,31.7667,316.34,0.77,0.77,2026-08-23,01:24:00,N20,nominal,2.0NRT,288.54,2.56,N,VIIRS
46.7473,31.75779,298.59,0.77,0.77,2026-08-23,01:24:00,N20,nominal,2.0NRT,287.34,2.56,N,VIIRS
46.74903,31.7695,319.15,0.77,0.77,2026-08-23,01:24:00,N20,nominal,2.0NRT,288.59,3.55,N,VIIRS
46.75241,31.76065,297.82,0.77,0.77,2026-08-23,01:24:00,N20,nominal,2.0NRT,287.43,2.19,N,VIIRS
48.07193,29.18396,303.13,0.54,0.68,2026-08-23,01:24:00,N20,nominal,2.0NRT,285.07,0.51,N,VIIRS
47.47663,31.58528,302.67,0.71,0.75,2026-08-23,01:24:00,N20,nominal,2.0NRT,287.73,1.52,N,VIIRS
48.46463,29.12063,298.56,0.52,0.67,2026-08-23,01:24:00,N20,nominal,2.0NRT,285.53,0.72,N,VIIRS
48.4724,29.11812,298.16,0.52,0.67,2026-08-23,01:24:00,N20,nominal,2.0NRT,285.05,0.72,N,VIIRS
47.73417,37.33826,343.91,0.34,0.56,2026-08-23,09:30:00,N20,nominal,2.0NRT,316.95,4.87,D,VIIRS
45.35969,36.31558,338,0.44,0.62,2026-08-23,09:30:00,N20,nominal,2.0NRT,305.08,3.1,D,VIIRS
45.35815,36.31046,338.07,0.44,0.62,2026-08-23,09:30:00,N20,nominal,2.0NRT,305.33,3.1,D,VIIRS
45.36174,36.31351,336.95,0.44,0.62,2026-08-23,09:30:00,N20,nominal,2.0NRT,303.72,5.58,D,VIIRS
45.36017,36.30838,335.71,0.44,0.62,2026-08-23,09:30:00,N20,nominal,2.0NRT,303.86,4.96,D,VIIRS
45.33531,36.20667,330.67,0.45,0.63,2026-08-23,09:30:00,N20,low,2.0NRT,302.6,3.22,D,VIIRS
45.19164,35.42812,333.06,0.49,0.65,2026-08-23,09:30:00,N20,nominal,2.0NRT,299.1,3.54,D,VIIRS
45.18806,35.42537,338.12,0.49,0.65,2026-08-23,09:30:00,N20,nominal,2.0NRT,300.25,2.41,D,VIIRS
45.69617,34.14936,339.24,0.54,0.68,2026-08-23,09:30:00,N20,nominal,2.0NRT,303.76,6.91,D,VIIRS
45.69551,34.1488,336.31,0.54,0.68,2026-08-23,09:30:00,N20,nominal,2.0NRT,303.29,4.48,D,VIIRS
47.147,38.02949,335.78,0.33,0.55,2026-08-23,09:30:00,N20,low,2.0NRT,308.18,3.45,D,VIIRS
47.15172,38.02671,339.41,0.33,0.55,2026-08-23,09:30:00,N20,nominal,2.0NRT,305,9.64,D,VIIRS
47.15059,38.02267,354.05,0.33,0.55,2026-08-23,09:30:00,N20,nominal,2.0NRT,312.34,9.64,D,VIIRS
47.14947,38.01863,352.88,0.33,0.55,2026-08-23,09:30:00,N20,nominal,2.0NRT,321.99,82.58,D,VIIRS
46.48779,35.49208,334.65,0.44,0.63,2026-08-23,09:30:00,N20,nominal,2.0NRT,301.4,6.47,D,VIIRS
46.49306,35.48864,341.92,0.44,0.63,2026-08-23,09:30:00,N20,nominal,2.0NRT,302.87,2.64,D,VIIRS
46.80665,36.51846,339.83,0.39,0.59,2026-08-23,09:30:00,N20,nominal,2.0NRT,308.98,5.8,D,VIIRS
46.80527,36.51373,355.68,0.39,0.59,2026-08-23,09:30:00,N20,nominal,2.0NRT,309.54,5.8,D,VIIRS
46.48982,35.49026,345.03,0.44,0.62,2026-08-23,09:30:00,N20,nominal,2.0NRT,302.45,3.74,D,VIIRS
46.80846,36.51599,346.32,0.39,0.59,2026-08-23,09:30:00,N20,nominal,2.0NRT,308.08,7.63,D,VIIRS
46.80706,36.51128,355.74,0.39,0.59,2026-08-23,09:30:00,N20,nominal,2.0NRT,308.39,7.5,D,VIIRS
46.4951,35.48687,330.44,0.44,0.62,2026-08-23,09:30:00,N20,low,2.0NRT,301.67,1.98,D,VIIRS
46.81914,36.53174,338.33,0.39,0.59,2026-08-23,09:30:00,N20,nominal,2.0NRT,303.29,2.14,D,VIIRS
47.27119,38.04139,367,0.32,0.55,2026-08-23,09:30:00,N20,high,2.0NRT,311.88,24.36,D,VIIRS
47.27011,38.03753,367,0.32,0.55,2026-08-23,09:30:00,N20,high,2.0NRT,316.95,24.36,D,VIIRS
47.26904,38.03366,353.08,0.32,0.55,2026-08-23,09:30:00,N20,nominal,2.0NRT,320.01,31.23,D,VIIRS
46.14942,34.31538,348.56,0.51,0.66,2026-08-23,09:30:00,N20,nominal,2.0NRT,304.54,5.51,D,VIIRS
46.14747,34.30936,332.55,0.51,0.66,2026-08-23,09:30:00,N20,low,2.0NRT,304.08,5.51,D,VIIRS
47.27479,38.03466,367,0.32,0.55,2026-08-23,09:30:00,N20,high,2.0NRT,308.39,24.36,D,VIIRS
46.35797,34.94654,367,0.47,0.64,2026-08-23,09:30:00,N20,high,2.0NRT,297.67,17.37,D,VIIRS
47.27372,38.03081,343.84,0.32,0.55,2026-08-23,09:30:00,N20,nominal,2.0NRT,314.19,31.23,D,VIIRS
47.27265,38.02695,337.99,0.32,0.55,2026-08-23,09:30:00,N20,nominal,2.0NRT,305.42,31.23,D,VIIRS
46.35619,34.94091,350.35,0.47,0.64,2026-08-23,09:30:00,N20,nominal,2.0NRT,301.22,20.6,D,VIIRS
46.15501,34.31179,338.26,0.51,0.66,2026-08-23,09:30:00,N20,nominal,2.0NRT,302.9,5.51,D,VIIRS
46.15303,34.30565,336.05,0.51,0.66,2026-08-23,09:30:00,N20,nominal,2.0NRT,304.18,5.51,D,VIIRS
46.94993,36.69394,345.36,0.38,0.59,2026-08-23,09:30:00,N20,nominal,2.0NRT,311.77,5.19,D,VIIRS
46.82058,36.25339,339.61,0.4,0.6,2026-08-23,09:30:00,N20,low,2.0NRT,310.06,3.06,D,VIIRS
46.30416,34.34944,335.83,0.5,0.66,2026-08-23,09:30:00,N20,nominal,2.0NRT,305.37,5.05,D,VIIRS
46.71563,35.60062,339.63,0.43,0.62,2026-08-23,09:30:00,N20,nominal,2.0NRT,306.27,3.1,D,VIIRS
46.89736,36.16292,340.75,0.4,0.6,2026-08-23,09:30:00,N20,nominal,2.0NRT,310.2,5.85,D,VIIRS
46.63357,35.20912,336.33,0.45,0.63,2026-08-23,09:30:00,N20,nominal,2.0NRT,304.64,4.13,D,VIIRS
46.92135,36.19822,335.58,0.4,0.6,2026-08-23,09:30:00,N20,low,2.0NRT,306.34,1.81,D,VIIRS
46.63486,35.2076,334.08,0.45,0.63,2026-08-23,09:30:00,N20,low,2.0NRT,304.52,2.6,D,VIIRS
46.94531,36.17731,333.02,0.4,0.6,2026-08-23,09:30:00,N20,nominal,2.0NRT,301.65,11.85,D,VIIRS
46.94384,36.17242,350.87,0.4,0.6,2026-08-23,09:30:00,N20,nominal,2.0NRT,316.79,29.95,D,VIIRS
46.95043,36.17418,337.07,0.4,0.6,2026-08-23,09:30:00,N20,nominal,2.0NRT,305.9,3.87,D,VIIRS
46.94895,36.16928,350.83,0.4,0.6,2026-08-23,09:30:00,N20,nominal,2.0NRT,312.54,6.12,D,VIIRS
46.40508,34.34052,341.82,0.5,0.66,2026-08-23,09:30:00,N20,nominal,2.0NRT,304.74,7.04,D,VIIRS
46.62357,34.92506,350.12,0.46,0.64,2026-08-23,09:30:00,N20,nominal,2.0NRT,306.67,5.45,D,VIIRS
46.6941,35.11024,367,0.45,0.63,2026-08-23,09:30:00,N20,high,2.0NRT,307.23,22.86,D,VIIRS
47.16735,36.68625,340.19,0.37,0.58,2026-08-23,09:30:00,N20,nominal,2.0NRT,311.74,2.31,D,VIIRS
46.65324,34.97873,335.34,0.46,0.64,2026-08-23,09:30:00,N20,nominal,2.0NRT,305.11,11.54,D,VIIRS
46.65154,34.97329,353.34,0.46,0.64,2026-08-23,09:30:00,N20,nominal,2.0NRT,310.39,21.14,D,VIIRS
46.73571,35.14151,367,0.45,0.63,2026-08-23,09:30:00,N20,high,2.0NRT,312.74,25.32,D,VIIRS
47.47935,37.62932,367,0.33,0.55,2026-08-23,09:30:00,N20,high,2.0NRT,314.85,25.24,D,VIIRS
47.48174,37.63773,349.54,0.33,0.55,2026-08-23,09:30:00,N20,nominal,2.0NRT,308.37,9.37,D,VIIRS
47.48055,37.63353,339.78,0.33,0.55,2026-08-23,09:30:00,N20,nominal,2.0NRT,312.97,9.37,D,VIIRS
46.7381,35.1446,335.97,0.45,0.63,2026-08-23,09:30:00,N20,low,2.0NRT,306.18,13.96,D,VIIRS
46.73639,35.13916,351.06,0.45,0.63,2026-08-23,09:30:00,N20,nominal,2.0NRT,313.26,13.96,D,VIIRS
46.733,35.12835,338.01,0.45,0.63,2026-08-23,09:30:00,N20,low,2.0NRT,308.42,10.54,D,VIIRS
47.48529,37.63064,367,0.33,0.55,2026-08-23,09:30:00,N20,high,2.0NRT,310.78,9.37,D,VIIRS
46.92309,35.72132,367,0.42,0.61,2026-08-23,09:30:00,N20,high,2.0NRT,307.75,6.56,D,VIIRS
47.48411,37.62647,356.18,0.33,0.55,2026-08-23,09:30:00,N20,nominal,2.0NRT,316.14,25.24,D,VIIRS
47.48292,37.62226,340.3,0.33,0.55,2026-08-23,09:30:00,N20,nominal,2.0NRT,311.09,25.24,D,VIIRS
47.4513,37.4517,367,0.34,0.56,2026-08-23,09:30:00,N20,high,2.0NRT,311.69,9.2,D,VIIRS
46.99517,35.89738,367,0.41,0.61,2026-08-23,09:30:00,N20,high,2.0NRT,307.63,11.13,D,VIIRS
46.75429,35.11458,367,0.45,0.63,2026-08-23,09:30:00,N20,high,2.0NRT,309.06,11.37,D,VIIRS
47.45013,37.44759,352.17,0.34,0.56,2026-08-23,09:30:00,N20,nominal,2.0NRT,313.87,9.2,D,VIIRS
46.99366,35.89238,349.54,0.41,0.61,2026-08-23,09:30:00,N20,nominal,2.0NRT,312.53,11.13,D,VIIRS
47.37648,37.16998,367,0.35,0.57,2026-08-23,09:30:00,N20,high,2.0NRT,312.35,8.28,D,VIIRS
46.998779999999996,35.88908,367,0.41,0.61,2026-08-23,09:30:00,N20,high,2.0NRT,316.21,11.13,D,VIIRS
46.75962,35.11115,367,0.45,0.63,2026-08-23,09:30:00,N20,high,2.0NRT,310.41,11.37,D,VIIRS
47.37525,37.16569,355.44,0.35,0.57,2026-08-23,09:30:00,N20,nominal,2.0NRT,313.86,8.28,D,VIIRS
47.00029,35.89408,333.88,0.41,0.61,2026-08-23,09:30:00,N20,nominal,2.0NRT,305.94,11.13,D,VIIRS
46.99726,35.88408,338.67,0.41,0.61,2026-08-23,09:30:00,N20,nominal,2.0NRT,313.29,16.84,D,VIIRS
46.97143,35.79887,350.11,0.41,0.61,2026-08-23,09:30:00,N20,nominal,2.0NRT,313.82,8.2,D,VIIRS
46.76131,35.11659,334.23,0.45,0.63,2026-08-23,09:30:00,N20,nominal,2.0NRT,305.61,11.37,D,VIIRS
46.76493,35.1077,335.22,0.45,0.63,2026-08-23,09:30:00,N20,nominal,2.0NRT,306.32,2.76,D,VIIRS
47.04832,35.85036,336.44,0.41,0.61,2026-08-23,09:30:00,N20,nominal,2.0NRT,305.7,3.76,D,VIIRS
47.04683,35.84538,343.43,0.41,0.61,2026-08-23,09:30:00,N20,nominal,2.0NRT,305.98,3.76,D,VIIRS
47.04533,35.84039,350.85,0.41,0.61,2026-08-23,09:30:00,N20,nominal,2.0NRT,307.08,6.58,D,VIIRS
47.45009,37.16899,346.05,0.35,0.57,2026-08-23,09:30:00,N20,nominal,2.0NRT,309.05,1.95,D,VIIRS
46.55168,34.18272,339.77,0.5,0.66,2026-08-23,09:30:00,N20,nominal,2.0NRT,300.21,4.79,D,VIIRS
47.04588,35.8419,348.71,0.41,0.61,2026-08-23,09:30:00,N20,nominal,2.0NRT,306.84,3.3,D,VIIRS
47.04437,35.83696,342.56,0.41,0.61,2026-08-23,09:30:00,N20,nominal,2.0NRT,306.39,3.3,D,VIIRS
47.44727,37.17131,344.54,0.35,0.57,2026-08-23,09:30:00,N20,nominal,2.0NRT,308.44,3.19,D,VIIRS
46.54794,34.18219,343.91,0.5,0.66,2026-08-23,09:30:00,N20,nominal,2.0NRT,302.83,4.43,D,VIIRS
46.54895,34.12317,367,0.5,0.66,2026-08-23,09:30:00,N20,high,2.0NRT,302.76,22.54,D,VIIRS
47.5693,37.40046,336.67,0.34,0.56,2026-08-23,09:30:00,N20,nominal,2.0NRT,309.8,2.44,D,VIIRS
47.57528,37.40183,367,0.34,0.56,2026-08-23,09:30:00,N20,high,2.0NRT,313.63,9.86,D,VIIRS
47.57409,37.39763,367,0.34,0.56,2026-08-23,09:30:00,N20,high,2.0NRT,316.04,8.77,D,VIIRS
47.58007,37.39898,367,0.34,0.56,2026-08-23,09:30:00,N20,high,2.0NRT,310.17,9.86,D,VIIRS
47.57888,37.39474,367,0.34,0.56,2026-08-23,09:30:00,N20,high,2.0NRT,312.9,8.77,D,VIIRS
47.57768,37.39051,343.5,0.34,0.56,2026-08-23,09:30:00,N20,nominal,2.0NRT,310.99,8.77,D,VIIRS
47.55005,37.21349,347.91,0.34,0.56,2026-08-23,09:30:00,N20,nominal,2.0NRT,312.73,5.35,D,VIIRS
47.55605,37.21475,367,0.34,0.56,2026-08-23,09:30:00,N20,high,2.0NRT,311.99,15.51,D,VIIRS
47.55484,37.21048,351.71,0.34,0.56,2026-08-23,09:30:00,N20,nominal,2.0NRT,321.41,11.22,D,VIIRS
47.55962,37.20744,349.12,0.34,0.56,2026-08-23,09:30:00,N20,nominal,2.0NRT,310.62,11.22,D,VIIRS
47.17308,35.83777,336.18,0.41,0.6,2026-08-23,09:30:00,N20,low,2.0NRT,307.05,2.3,D,VIIRS
47.17258,35.83553,345.58,0.41,0.6,2026-08-23,09:30:00,N20,nominal,2.0NRT,309.96,3.39,D,VIIRS
47.23393,35.97763,344.03,0.4,0.6,2026-08-23,09:30:00,N20,nominal,2.0NRT,309.9,7.64,D,VIIRS
47.44407,36.62405,367,0.37,0.58,2026-08-23,09:30:00,N20,high,2.0NRT,310.91,6.53,D,VIIRS
47.44536,36.62847,350.39,0.37,0.58,2026-08-23,09:30:00,N20,nominal,2.0NRT,310.02,6.53,D,VIIRS
47.37601,36.35288,337.31,0.38,0.59,2026-08-23,09:30:00,N20,low,2.0NRT,311.5,5.74,D,VIIRS
47.68565,37.26519,367,0.34,0.56,2026-08-23,09:30:00,N20,high,2.0NRT,319.08,11.41,D,VIIRS
47.68686,37.26942,352.82,0.34,0.56,2026-08-23,09:30:00,N20,nominal,2.0NRT,311.94,11.41,D,VIIRS
47.68447,37.26096,351,0.34,0.56,2026-08-23,09:30:00,N20,nominal,2.0NRT,323.01,21.11,D,VIIRS
47.68327,37.25673,354.99,0.34,0.56,2026-08-23,09:30:00,N20,nominal,2.0NRT,320.98,21.11,D,VIIRS
47.68207,37.25248,346.09,0.34,0.56,2026-08-23,09:30:00,N20,nominal,2.0NRT,314.09,12.94,D,VIIRS
47.68805,37.25375,367,0.34,0.56,2026-08-23,09:30:00,N20,high,2.0NRT,313.62,21.11,D,VIIRS
47.69165,37.26654,347.01,0.34,0.56,2026-08-23,09:30:00,N20,nominal,2.0NRT,312.76,11.41,D,VIIRS
47.69285,37.25087,367,0.34,0.56,2026-08-23,09:30:00,N20,high,2.0NRT,314.16,11.19,D,VIIRS
47.69164,37.2466,367,0.34,0.56,2026-08-23,09:30:00,N20,high,2.0NRT,316.82,10.66,D,VIIRS
47.69044,37.24233,367,0.34,0.56,2026-08-23,09:30:00,N20,high,2.0NRT,316.49,10.66,D,VIIRS
47.68924,37.23808,335.16,0.34,0.56,2026-08-23,09:30:00,N20,nominal,2.0NRT,309.9,9.38,D,VIIRS
47.69524,37.23944,340.42,0.34,0.56,2026-08-23,09:30:00,N20,nominal,2.0NRT,313.56,10.66,D,VIIRS
47.7,37.23643,367,0.34,0.56,2026-08-23,09:30:00,N20,high,2.0NRT,313.85,5.97,D,VIIRS
47.73293,37.35378,342.52,0.34,0.56,2026-08-23,09:30:00,N20,nominal,2.0NRT,311.02,5.81,D,VIIRS
47.73175,37.34958,343.94,0.34,0.56,2026-08-23,09:30:00,N20,nominal,2.0NRT,312.88,4.97,D,VIIRS
47.73058,37.34538,338.83,0.34,0.56,2026-08-23,09:30:00,N20,low,2.0NRT,312.25,4.97,D,VIIRS
47.7012,37.24067,335.27,0.34,0.56,2026-08-23,09:30:00,N20,nominal,2.0NRT,308.74,5.97,D,VIIRS
47.69881,37.232170000000004,334.68,0.34,0.56,2026-08-23,09:30:00,N20,nominal,2.0NRT,309.29,5.18,D,VIIRS
46.78837,34.1917,349.31,0.49,0.65,2026-08-23,09:30:00,N20,nominal,2.0NRT,300.23,6.72,D,VIIRS
46.77894,34.16206,335.58,0.49,0.65,2026-08-23,09:30:00,N20,nominal,2.0NRT,301.16,6.49,D,VIIRS
46.77705,34.15614,338.95,0.49,0.65,2026-08-23,09:30:00,N20,nominal,2.0NRT,301.68,8.46,D,VIIRS
47.73767,37.35081,367,0.34,0.56,2026-08-23,09:30:00,N20,high,2.0NRT,316.08,5.81,D,VIIRS
47.73299,37.33406,367,0.34,0.56,2026-08-23,09:30:00,N20,high,2.0NRT,313.08,4.87,D,VIIRS
47.71428,37.26728,367,0.34,0.56,2026-08-23,09:30:00,N20,high,2.0NRT,310.28,5.67,D,VIIRS
47.7131,37.26308,345.8,0.34,0.56,2026-08-23,09:30:00,N20,nominal,2.0NRT,312.24,5.48,D,VIIRS
47.71191,37.25886,340.86,0.34,0.56,2026-08-23,09:30:00,N20,low,2.0NRT,312.79,5.48,D,VIIRS
47.71072,37.25463,353.45,0.34,0.56,2026-08-23,09:30:00,N20,nominal,2.0NRT,311.98,6.89,D,VIIRS
47.70954,37.2504,355.98,0.34,0.56,2026-08-23,09:30:00,N20,nominal,2.0NRT,315.15,6.89,D,VIIRS
47.69521,37.24713,367,0.34,0.56,2026-08-23,09:30:00,N20,high,2.0NRT,316.43,9.76,D,VIIRS
47.69399,37.24289,367,0.34,0.56,2026-08-23,09:30:00,N20,high,2.0NRT,318.48,9.76,D,VIIRS
47.69277,37.23864,351.44,0.34,0.56,2026-08-23,09:30:00,N20,nominal,2.0NRT,317.55,12.57,D,VIIRS
47.69877,37.23992,349.31,0.34,0.56,2026-08-23,09:30:00,N20,nominal,2.0NRT,312.66,9.76,D,VIIRS
47.69756,37.23569,339.06,0.34,0.56,2026-08-23,09:30:00,N20,nominal,2.0NRT,312.58,12.57,D,VIIRS
47.73582,37.34966,367,0.34,0.56,2026-08-23,09:30:00,N20,high,2.0NRT,316.72,32.21,D,VIIRS
47.73224,37.33712,367,0.34,0.56,2026-08-23,09:30:00,N20,high,2.0NRT,312.39,9.22,D,VIIRS
47.71201,37.26645,367,0.34,0.56,2026-08-23,09:30:00,N20,high,2.0NRT,311.53,5.37,D,VIIRS
47.70838,37.25381,367,0.34,0.56,2026-08-23,09:30:00,N20,high,2.0NRT,311.17,7.02,D,VIIRS
47.70231,37.23267,367,0.34,0.56,2026-08-23,09:30:00,N20,high,2.0NRT,312.59,6.22,D,VIIRS
47.737,37.35379,339.64,0.34,0.56,2026-08-23,09:30:00,N20,nominal,2.0NRT,308.78,14.06,D,VIIRS
47.73104,37.33295,338.18,0.34,0.56,2026-08-23,09:30:00,N20,nominal,2.0NRT,309.53,5.51,D,VIIRS
47.70717,37.2496,342.8,0.34,0.56,2026-08-23,09:30:00,N20,nominal,2.0NRT,313.21,7.4,D,VIIRS
47.74172,37.35074,367,0.34,0.56,2026-08-23,09:30:00,N20,high,2.0NRT,316.56,14.06,D,VIIRS
47.71676,37.26344,367,0.34,0.56,2026-08-23,09:30:00,N20,high,2.0NRT,312.44,5.37,D,VIIRS
47.71556,37.25925,350.62,0.34,0.56,2026-08-23,09:30:00,N20,nominal,2.0NRT,315.05,5.37,D,VIIRS
47.71436,37.25505,338.93,0.34,0.56,2026-08-23,09:30:00,N20,nominal,2.0NRT,313.48,7.02,D,VIIRS
47.73933,37.32278,367,0.34,0.56,2026-08-23,09:30:00,N20,high,2.0NRT,313.72,14.2,D,VIIRS
47.7429,37.3353,354.05,0.34,0.56,2026-08-23,09:30:00,N20,nominal,2.0NRT,315.65,6.18,D,VIIRS
47.73814,37.31858,346.02,0.34,0.56,2026-08-23,09:30:00,N20,nominal,2.0NRT,309.89,6.5,D,VIIRS
47.77593,37.43178,342.93,0.33,0.55,2026-08-23,09:30:00,N20,low,2.0NRT,316.3,6.17,D,VIIRS
46.79178,34.1898,342.26,0.49,0.65,2026-08-23,09:30:00,N20,nominal,2.0NRT,300.31,5.01,D,VIIRS
46.7803,34.15437,346.02,0.49,0.65,2026-08-23,09:30:00,N20,nominal,2.0NRT,301,9.69,D,VIIRS
47.8028,37.48746,367,0.33,0.55,2026-08-23,09:30:00,N20,high,2.0NRT,311.6,13.85,D,VIIRS
47.80048,37.47926,367,0.33,0.55,2026-08-23,09:30:00,N20,high,2.0NRT,315.99,15.9,D,VIIRS
47.79932,37.47514,367,0.33,0.55,2026-08-23,09:30:00,N20,high,2.0NRT,314.47,6.87,D,VIIRS
47.80164,37.48336,351.72,0.33,0.55,2026-08-23,09:30:00,N20,nominal,2.0NRT,321.65,15.9,D,VIIRS
47.79815,37.47102,347.6,0.33,0.55,2026-08-23,09:30:00,N20,nominal,2.0NRT,312.18,6.87,D,VIIRS
47.80634,37.48041,348.98,0.33,0.55,2026-08-23,09:30:00,N20,nominal,2.0NRT,313.32,33.67,D,VIIRS
47.80519,37.47631,350.7,0.33,0.55,2026-08-23,09:30:00,N20,nominal,2.0NRT,322.17,33.67,D,VIIRS
47.80287,37.46809,351.46,0.33,0.55,2026-08-23,09:30:00,N20,nominal,2.0NRT,312.07,36.08,D,VIIRS
47.80403,37.4722,367,0.33,0.55,2026-08-23,09:30:00,N20,low,2.0NRT,326.78,36.08,D,VIIRS
46.82674,34.19482,346.98,0.49,0.65,2026-08-23,09:30:00,N20,nominal,2.0NRT,301.24,6.27,D,VIIRS
46.83221,34.19112,353.04,0.49,0.65,2026-08-23,09:30:00,N20,nominal,2.0NRT,302.43,6.27,D,VIIRS
47.83126,37.41132,367,0.33,0.55,2026-08-23,09:30:00,N20,high,2.0NRT,316.46,20.7,D,VIIRS
47.83011,37.40722,350.4,0.33,0.55,2026-08-23,09:30:00,N20,nominal,2.0NRT,324.01,26.05,D,VIIRS
47.77262,37.20319,344.65,0.34,0.56,2026-08-23,09:30:00,N20,nominal,2.0NRT,312.92,5.23,D,VIIRS
47.77378,37.18744,367,0.34,0.56,2026-08-23,09:30:00,N20,high,2.0NRT,320.23,16,D,VIIRS
47.77498,37.1917,342.51,0.34,0.56,2026-08-23,09:30:00,N20,nominal,2.0NRT,314.13,13.03,D,VIIRS
47.77257,37.18317,352.69,0.34,0.56,2026-08-23,09:30:00,N20,nominal,2.0NRT,315.73,16,D,VIIRS
46.90965,34.30892,331.4,0.48,0.65,2026-08-23,09:30:00,N20,low,2.0NRT,301.49,1.58,D,VIIRS
47.77858,37.18456,348.77,0.34,0.56,2026-08-23,09:30:00,N20,nominal,2.0NRT,316.8,5.94,D,VIIRS
47.35002,35.71361,337.16,0.41,0.6,2026-08-23,09:30:00,N20,low,2.0NRT,309.65,3.31,D,VIIRS
46.92608,34.33991,337.37,0.48,0.65,2026-08-23,09:30:00,N20,nominal,2.0NRT,301.54,3.9,D,VIIRS
47.69528,36.85162,339.99,0.35,0.57,2026-08-23,09:30:00,N20,low,2.0NRT,313.1,3.77,D,VIIRS
47.80608,37.22242,349.92,0.34,0.56,2026-08-23,09:30:00,N20,nominal,2.0NRT,312.33,9.09,D,VIIRS
47.8049,37.21821,355.36,0.34,0.56,2026-08-23,09:30:00,N20,nominal,2.0NRT,316.6,11.25,D,VIIRS
46.22314,32.14895,335.27,0.63,0.72,2026-08-23,09:30:00,N20,nominal,2.0NRT,298.23,9.5,D,VIIRS
46.22061,32.14158,347.31,0.63,0.72,2026-08-23,09:30:00,N20,nominal,2.0NRT,297.64,9.5,D,VIIRS
47.49523,36.12127,337.05,0.39,0.59,2026-08-23,09:30:00,N20,low,2.0NRT,308.97,1.96,D,VIIRS
46.41858,32.70207,346.74,0.59,0.7,2026-08-23,09:30:00,N20,nominal,2.0NRT,298.88,7.68,D,VIIRS
47.8033,37.22058,367,0.34,0.56,2026-08-23,09:30:00,N20,high,2.0NRT,316.95,13.99,D,VIIRS
47.80449,37.22477,338.31,0.34,0.56,2026-08-23,09:30:00,N20,nominal,2.0NRT,311.61,5.48,D,VIIRS
47.79361,37.18692,345.08,0.34,0.56,2026-08-23,09:30:00,N20,nominal,2.0NRT,311.81,2.49,D,VIIRS
46.92414,34.33937,332.59,0.48,0.65,2026-08-23,09:30:00,N20,nominal,2.0NRT,301.03,3.83,D,VIIRS
47.49318,36.12537,339.31,0.39,0.59,2026-08-23,09:30:00,N20,nominal,2.0NRT,309.11,1.84,D,VIIRS
47.2598,35.33959,342.82,0.42,0.61,2026-08-23,09:30:00,N20,nominal,2.0NRT,309.88,5.1,D,VIIRS
46.41463,32.70462,334.85,0.59,0.7,2026-08-23,09:30:00,N20,nominal,2.0NRT,298.54,3.31,D,VIIRS
46.22252,32.14963,335.19,0.63,0.72,2026-08-23,09:30:00,N20,nominal,2.0NRT,298.54,15.28,D,VIIRS
46.21996,32.14229,351.05,0.63,0.72,2026-08-23,09:30:00,N20,nominal,2.0NRT,298.23,13.47,D,VIIRS
47.55821,36.26348,367,0.38,0.59,2026-08-23,09:30:00,N20,high,2.0NRT,310.51,8.75,D,VIIRS
46.42043,32.70049,336.36,0.59,0.7,2026-08-23,09:30:00,N20,nominal,2.0NRT,298.53,4.31,D,VIIRS
47.55135,36.20051,367,0.38,0.59,2026-08-23,09:30:00,N20,high,2.0NRT,311.52,26.82,D,VIIRS
47.55771,36.20192,367,0.38,0.59,2026-08-23,09:30:00,N20,high,2.0NRT,312.57,26.82,D,VIIRS
47.55494,36.1926,347.88,0.38,0.59,2026-08-23,09:30:00,N20,nominal,2.0NRT,313.73,19.14,D,VIIRS
47.55631,36.19722,367,0.38,0.59,2026-08-23,09:30:00,N20,low,2.0NRT,326,26.82,D,VIIRS
47.4092,35.66629,336.99,0.41,0.6,2026-08-23,09:30:00,N20,low,2.0NRT,311.26,2.84,D,VIIRS
46.69408,33.40849,335.62,0.54,0.68,2026-08-23,09:30:00,N20,nominal,2.0NRT,301.63,5.89,D,VIIRS
47.55334,36.12711,367,0.38,0.59,2026-08-23,09:30:00,N20,high,2.0NRT,314.2,12.53,D,VIIRS
47.82922,37.07518,345.96,0.34,0.56,2026-08-23,09:30:00,N20,low,2.0NRT,318.55,6.61,D,VIIRS
47.58387,36.23023,341.2,0.38,0.59,2026-08-23,09:30:00,N20,nominal,2.0NRT,310.13,3.29,D,VIIRS
46.69338,33.38545,335.92,0.54,0.68,2026-08-23,09:30:00,N20,nominal,2.0NRT,302.49,4.02,D,VIIRS
48.13046,38.13568,337.18,0.6,0.53,2026-08-23,09:30:00,N20,nominal,2.0NRT,308.92,7.29,D,VIIRS
48.12847,38.1284,345.45,0.6,0.53,2026-08-23,09:30:00,N20,nominal,2.0NRT,314.8,11.42,D,VIIRS
47.85323,37.11995,367,0.34,0.56,2026-08-23,09:30:00,N20,high,2.0NRT,311.71,10.45,D,VIIRS
47.85204,37.11575,367,0.34,0.56,2026-08-23,09:30:00,N20,high,2.0NRT,315.5,10.45,D,VIIRS
47.83635,37.06061,367,0.34,0.56,2026-08-23,09:30:00,N20,high,2.0NRT,314.36,24.76,D,VIIRS
48.13297,38.12541,341.81,0.6,0.53,2026-08-23,09:30:00,N20,nominal,2.0NRT,309.75,41.11,D,VIIRS
47.85085,37.11154,347.84,0.34,0.56,2026-08-23,09:30:00,N20,nominal,2.0NRT,322.73,33.57,D,VIIRS
47.83514,37.05636,355.17,0.34,0.56,2026-08-23,09:30:00,N20,nominal,2.0NRT,319.05,24.76,D,VIIRS
47.858,37.11691,367,0.34,0.56,2026-08-23,09:30:00,N20,high,2.0NRT,317.37,10.45,D,VIIRS
47.84113,37.05758,367,0.34,0.56,2026-08-23,09:30:00,N20,high,2.0NRT,308.04,24.76,D,VIIRS
47.8568,37.1127,339.55,0.34,0.56,2026-08-23,09:30:00,N20,nominal,2.0NRT,313.54,10.45,D,VIIRS
47.54009,36.02216,338.11,0.39,0.59,2026-08-23,09:30:00,N20,low,2.0NRT,312.42,4.41,D,VIIRS
47.61151,36.22365,331.85,0.38,0.59,2026-08-23,09:30:00,N20,low,2.0NRT,306.63,1.65,D,VIIRS
47.38367,35.46036,335.71,0.42,0.61,2026-08-23,09:30:00,N20,low,2.0NRT,306.29,12.4,D,VIIRS
47.38213,35.45527,350.15,0.42,0.61,2026-08-23,09:30:00,N20,nominal,2.0NRT,312.69,24.7,D,VIIRS
47.64878,36.33072,347.84,0.37,0.58,2026-08-23,09:30:00,N20,nominal,2.0NRT,307.33,3.19,D,VIIRS
47.38727,35.45186,335.3,0.42,0.61,2026-08-23,09:30:00,N20,low,2.0NRT,306.97,2.21,D,VIIRS
47.38572,35.44677,350.7,0.42,0.61,2026-08-23,09:30:00,N20,nominal,2.0NRT,308.37,2.21,D,VIIRS
47.39136,35.42458,336.6,0.42,0.61,2026-08-23,09:30:00,N20,low,2.0NRT,307.27,3.1,D,VIIRS
46.59096,32.90856,337.65,0.57,0.69,2026-08-23,09:30:00,N20,nominal,2.0NRT,297.66,6.22,D,VIIRS
46.40871,32.36852,346.06,0.61,0.71,2026-08-23,09:30:00,N20,nominal,2.0NRT,298.7,28.17,D,VIIRS
46.40628,32.3614,356.48,0.61,0.71,2026-08-23,09:30:00,N20,nominal,2.0NRT,300.77,28.17,D,VIIRS
46.40384,32.35424,352.14,0.61,0.71,2026-08-23,09:30:00,N20,nominal,2.0NRT,299.05,40.53,D,VIIRS
46.41215,32.35719,367,0.61,0.71,2026-08-23,09:30:00,N20,high,2.0NRT,300.49,28.17,D,VIIRS
47.39647,35.42107,338.06,0.42,0.61,2026-08-23,09:30:00,N20,low,2.0NRT,308.39,3.1,D,VIIRS
47.39491,35.41588,336.77,0.42,0.61,2026-08-23,09:30:00,N20,low,2.0NRT,309.03,3.1,D,VIIRS
46.41457,32.36429,340.31,0.61,0.71,2026-08-23,09:30:00,N20,nominal,2.0NRT,298.95,28.17,D,VIIRS
46.40972,32.35006,349.86,0.61,0.71,2026-08-23,09:30:00,N20,nominal,2.0NRT,301.65,40.53,D,VIIRS
47.3921,35.42934,335.18,0.42,0.61,2026-08-23,09:30:00,N20,low,2.0NRT,308.35,5.56,D,VIIRS
47.39054,35.42427,334.65,0.42,0.61,2026-08-23,09:30:00,N20,low,2.0NRT,306.36,5.56,D,VIIRS
47.39565,35.42078,339.79,0.42,0.61,2026-08-23,09:30:00,N20,nominal,2.0NRT,308.67,2.6,D,VIIRS
47.39405,35.4156,337.5,0.42,0.61,2026-08-23,09:30:00,N20,nominal,2.0NRT,309.26,4.26,D,VIIRS
47.29199,35.06659,332.98,0.43,0.62,2026-08-23,09:30:00,N20,low,2.0NRT,306.94,1.59,D,VIIRS
46.40792,32.36261,367,0.61,0.71,2026-08-23,09:30:00,N20,high,2.0NRT,301.6,41.1,D,VIIRS
47.66192,36.26033,340.36,0.38,0.58,2026-08-23,09:30:00,N20,nominal,2.0NRT,306.12,1.47,D,VIIRS
46.40547,32.35552,342.93,0.61,0.71,2026-08-23,09:30:00,N20,nominal,2.0NRT,304.88,41.1,D,VIIRS
46.40299,32.3484,343.29,0.61,0.71,2026-08-23,09:30:00,N20,nominal,2.0NRT,296.63,37.42,D,VIIRS
47.98606,37.35676,367,0.33,0.55,2026-08-23,09:30:00,N20,high,2.0NRT,315.38,29.07,D,VIIRS
46.41135,32.35135,367,0.61,0.71,2026-08-23,09:30:00,N20,high,2.0NRT,300.59,41.1,D,VIIRS
47.9849,37.35268,342.84,0.33,0.55,2026-08-23,09:30:00,N20,nominal,2.0NRT,313.47,27.73,D,VIIRS
47.61539,36.08439,342.94,0.38,0.59,2026-08-23,09:30:00,N20,nominal,2.0NRT,311.54,4.4,D,VIIRS
46.41381,32.35843,355.9,0.61,0.71,2026-08-23,09:30:00,N20,nominal,2.0NRT,299.14,41.1,D,VIIRS
47.99082,37.33441,367,0.33,0.55,2026-08-23,09:30:00,N20,high,2.0NRT,315.38,17.72,D,VIIRS
47.99199,37.33854,354.11,0.33,0.55,2026-08-23,09:30:00,N20,nominal,2.0NRT,310.88,17.72,D,VIIRS
47.5486,35.80194,335.63,0.4,0.6,2026-08-23,09:30:00,N20,nominal,2.0NRT,306.73,2.44,D,VIIRS
47.78549,36.58072,367,0.36,0.57,2026-08-23,09:30:00,N20,high,2.0NRT,316.74,15.34,D,VIIRS
47.78418,36.57624,346.22,0.36,0.57,2026-08-23,09:30:00,N20,nominal,2.0NRT,313.07,15.34,D,VIIRS
47.66215,36.16151,330.62,0.38,0.59,2026-08-23,09:30:00,N20,low,2.0NRT,305.4,1.4,D,VIIRS
47.50056,35.62302,354.78,0.41,0.6,2026-08-23,09:30:00,N20,nominal,2.0NRT,309.2,5.13,D,VIIRS
47.7904,36.57771,367,0.36,0.57,2026-08-23,09:30:00,N20,high,2.0NRT,313.57,5.64,D,VIIRS
47.79171,36.58221,343.67,0.36,0.57,2026-08-23,09:30:00,N20,nominal,2.0NRT,314.63,6.07,D,VIIRS
47.78909,36.5732,342.6,0.36,0.57,2026-08-23,09:30:00,N20,nominal,2.0NRT,310.29,5.64,D,VIIRS
47.6671,36.15822,330.73,0.38,0.59,2026-08-23,09:30:00,N20,low,2.0NRT,305.04,2.06,D,VIIRS
47.88733,36.85327,355.56,0.35,0.57,2026-08-23,09:30:00,N20,nominal,2.0NRT,320.07,13.43,D,VIIRS
47.82316,36.6308,340.25,0.36,0.57,2026-08-23,09:30:00,N20,nominal,2.0NRT,311.82,3.23,D,VIIRS
47.40382,35.22502,331.72,0.42,0.61,2026-08-23,09:30:00,N20,low,2.0NRT,305.47,1.97,D,VIIRS
47.89213,36.85017,367,0.35,0.57,2026-08-23,09:30:00,N20,high,2.0NRT,316.77,3.78,D,VIIRS
47.89339,36.85457,343.73,0.35,0.57,2026-08-23,09:30:00,N20,nominal,2.0NRT,313.77,3.78,D,VIIRS
47.58919,35.81641,334.11,0.39,0.6,2026-08-23,09:30:00,N20,low,2.0NRT,308.03,3.12,D,VIIRS
47.49123,35.49124,334.56,0.41,0.61,2026-08-23,09:30:00,N20,low,2.0NRT,308.91,3.04,D,VIIRS
47.35769,35.05476,337.75,0.43,0.62,2026-08-23,09:30:00,N20,nominal,2.0NRT,306.91,4.01,D,VIIRS
47.21502,34.51435,332.74,0.46,0.64,2026-08-23,09:30:00,N20,low,2.0NRT,304.58,6.49,D,VIIRS
47.96254,36.99775,367,0.34,0.56,2026-08-23,09:30:00,N20,high,2.0NRT,314.39,5.91,D,VIIRS
47.96375,37.00203,354.62,0.34,0.56,2026-08-23,09:30:00,N20,nominal,2.0NRT,313.26,5.91,D,VIIRS
47.90247,36.76683,367,0.35,0.57,2026-08-23,09:30:00,N20,high,2.0NRT,315.5,10.22,D,VIIRS
47.9673,36.9947,352.01,0.34,0.56,2026-08-23,09:30:00,N20,nominal,2.0NRT,309.66,3.71,D,VIIRS
47.22744,34.51268,333.99,0.46,0.64,2026-08-23,09:30:00,N20,low,2.0NRT,305.56,2.32,D,VIIRS
47.90855,36.76814,367,0.35,0.57,2026-08-23,09:30:00,N20,high,2.0NRT,314.62,11.46,D,VIIRS
47.9048,36.76978,351.94,0.35,0.57,2026-08-23,09:30:00,N20,nominal,2.0NRT,311.16,6.8,D,VIIRS
47.90354,36.76546,355.8,0.35,0.57,2026-08-23,09:30:00,N20,nominal,2.0NRT,315.19,12.09,D,VIIRS
47.21553,34.51547,344.92,0.46,0.64,2026-08-23,09:30:00,N20,nominal,2.0NRT,304.97,7.03,D,VIIRS
47.90964,36.76675,367,0.35,0.57,2026-08-23,09:30:00,N20,high,2.0NRT,315.41,6.8,D,VIIRS
47.89831,36.72791,340.36,0.35,0.57,2026-08-23,09:30:00,N20,low,2.0NRT,312.43,5.84,D,VIIRS
47.72614,36.12555,333.99,0.38,0.59,2026-08-23,09:30:00,N20,low,2.0NRT,308.23,2.79,D,VIIRS
47.22799,34.5138,335.08,0.46,0.64,2026-08-23,09:30:00,N20,low,2.0NRT,305.91,2.4,D,VIIRS
48.15461,37.58344,367,0.32,0.54,2026-08-23,09:30:00,N20,high,2.0NRT,311.49,12.58,D,VIIRS
48.15347,37.57938,367,0.32,0.54,2026-08-23,09:30:00,N20,high,2.0NRT,308.69,10.85,D,VIIRS
48.15933,37.5808,367,0.32,0.54,2026-08-23,09:30:00,N20,high,2.0NRT,313.36,26.77,D,VIIRS
48.15818,37.57672,367,0.32,0.54,2026-08-23,09:30:00,N20,high,2.0NRT,320.42,8.64,D,VIIRS
48.15704,37.57265,367,0.32,0.54,2026-08-23,09:30:00,N20,high,2.0NRT,316.01,8.64,D,VIIRS
48.1559,37.56861,367,0.32,0.54,2026-08-23,09:30:00,N20,high,2.0NRT,316.98,60.52,D,VIIRS
48.15477,37.56458,350.24,0.32,0.54,2026-08-23,09:30:00,N20,low,2.0NRT,328.65,60.52,D,VIIRS
48.1629,37.57404,367,0.32,0.54,2026-08-23,09:30:00,N20,high,2.0NRT,309.41,8.64,D,VIIRS
47.87136,36.55696,343.77,0.36,0.57,2026-08-23,09:30:00,N20,nominal,2.0NRT,311.36,2.53,D,VIIRS
47.7158,36.03136,347.05,0.38,0.59,2026-08-23,09:30:00,N20,nominal,2.0NRT,307.06,5.35,D,VIIRS
48.06905,37.22228,341.29,0.33,0.55,2026-08-23,09:30:00,N20,nominal,2.0NRT,310.39,4.24,D,VIIRS
47.91359,36.6819,335.66,0.35,0.57,2026-08-23,09:30:00,N20,low,2.0NRT,310.22,3.5,D,VIIRS
47.9123,36.67748,340.32,0.35,0.57,2026-08-23,09:30:00,N20,low,2.0NRT,313.12,4.73,D,VIIRS
47.88901,36.59754,344.84,0.36,0.57,2026-08-23,09:30:00,N20,nominal,2.0NRT,312.06,2.63,D,VIIRS
47.88773,36.59316,338.75,0.36,0.57,2026-08-23,09:30:00,N20,nominal,2.0NRT,312.27,2.63,D,VIIRS
47.51799,35.35886,336.53,0.42,0.61,2026-08-23,09:30:00,N20,nominal,2.0NRT,309.26,2.59,D,VIIRS
48.06907,37.20277,367,0.33,0.55,2026-08-23,09:30:00,N20,high,2.0NRT,313.31,10.64,D,VIIRS
48.07141,37.21103,334.3,0.33,0.55,2026-08-23,09:30:00,N20,low,2.0NRT,308.96,5.36,D,VIIRS
48.07025,37.20692,355.83,0.33,0.55,2026-08-23,09:30:00,N20,nominal,2.0NRT,311.93,5.36,D,VIIRS
48.17129,37.54554,337.52,0.32,0.54,2026-08-23,09:30:00,N20,nominal,2.0NRT,310.3,2.1,D,VIIRS
48.45966,38.57973,344.16,0.57,0.52,2026-08-23,09:30:00,N20,nominal,2.0NRT,310.12,6.35,D,VIIRS
48.17839,37.53186,340.32,0.32,0.55,2026-08-23,09:30:00,N20,low,2.0NRT,312.66,3.16,D,VIIRS
48.17502,37.51978,352.43,0.32,0.55,2026-08-23,09:30:00,N20,nominal,2.0NRT,311.99,2.65,D,VIIRS
47.64614,35.67933,335.9,0.4,0.6,2026-08-23,09:30:00,N20,nominal,2.0NRT,305.72,1.99,D,VIIRS
47.64473,35.67467,333.06,0.4,0.6,2026-08-23,09:30:00,N20,low,2.0NRT,306.02,1.99,D,VIIRS
47.57492,35.42406,337.15,0.41,0.61,2026-08-23,09:30:00,N20,low,2.0NRT,308.78,2.41,D,VIIRS
47.94112,36.63823,340.87,0.35,0.57,2026-08-23,09:30:00,N20,nominal,2.0NRT,314.64,3.96,D,VIIRS
47.72895,35.91547,338.81,0.39,0.59,2026-08-23,09:30:00,N20,nominal,2.0NRT,306.2,3.32,D,VIIRS
48.00454,36.83876,336.86,0.35,0.56,2026-08-23,09:30:00,N20,low,2.0NRT,310.45,2.58,D,VIIRS
47.96227,36.69165,344.12,0.35,0.57,2026-08-23,09:30:00,N20,nominal,2.0NRT,316.38,4.05,D,VIIRS
47.87477,36.33002,333.71,0.37,0.58,2026-08-23,09:30:00,N20,low,2.0NRT,307.88,1.92,D,VIIRS
47.8083,36.08301,367,0.38,0.59,2026-08-23,09:30:00,N20,high,2.0NRT,308.24,11.19,D,VIIRS
47.80692,36.07833,331.53,0.38,0.59,2026-08-23,09:30:00,N20,nominal,2.0NRT,306.34,4.46,D,VIIRS
48.07603,36.99064,343.84,0.34,0.56,2026-08-23,09:30:00,N20,nominal,2.0NRT,311.64,4.52,D,VIIRS
48.07361,36.98207,350.09,0.34,0.56,2026-08-23,09:30:00,N20,nominal,2.0NRT,311.9,3.87,D,VIIRS
48.0724,36.97779,346.97,0.34,0.56,2026-08-23,09:30:00,N20,nominal,2.0NRT,312.03,3.87,D,VIIRS
48.07119,36.97352,355.44,0.34,0.56,2026-08-23,09:30:00,N20,nominal,2.0NRT,312.45,3.79,D,VIIRS
48.06998,36.96925,345.25,0.34,0.56,2026-08-23,09:30:00,N20,nominal,2.0NRT,310.47,3.79,D,VIIRS
47.90444,36.39196,340.56,0.36,0.58,2026-08-23,09:30:00,N20,nominal,2.0NRT,310.73,12.14,D,VIIRS
47.90313,36.38747,353.98,0.36,0.58,2026-08-23,09:30:00,N20,nominal,2.0NRT,314.34,19.76,D,VIIRS
48.07474,36.96621,367,0.34,0.56,2026-08-23,09:30:00,N20,high,2.0NRT,316.1,10.05,D,VIIRS
48.09756,37.04696,344.04,0.34,0.56,2026-08-23,09:30:00,N20,nominal,2.0NRT,310.12,7.31,D,VIIRS
48.07717,36.97479,340.76,0.34,0.56,2026-08-23,09:30:00,N20,low,2.0NRT,313.33,4.96,D,VIIRS
46.73402,32.61152,332,0.58,0.7,2026-08-23,09:30:00,N20,nominal,2.0NRT,296.38,8.63,D,VIIRS
48.11532,37.07031,342.73,0.34,0.56,2026-08-23,09:30:00,N20,nominal,2.0NRT,310.04,5.23,D,VIIRS
48.11415,37.06615,348.64,0.34,0.56,2026-08-23,09:30:00,N20,nominal,2.0NRT,315.94,7.15,D,VIIRS
48.11887,37.06303,367,0.34,0.56,2026-08-23,09:30:00,N20,high,2.0NRT,311.27,7.15,D,VIIRS
46.74328,32.59647,367,0.58,0.7,2026-08-23,09:30:00,N20,high,2.0NRT,297.98,14.49,D,VIIRS
48.11769,37.05888,355.38,0.34,0.56,2026-08-23,09:30:00,N20,nominal,2.0NRT,315.12,7.15,D,VIIRS
47.91089,36.33393,346.19,0.37,0.58,2026-08-23,09:30:00,N20,nominal,2.0NRT,307.85,3.24,D,VIIRS
48.32617,37.79284,347.52,0.62,0.54,2026-08-23,09:30:00,N20,nominal,2.0NRT,311.22,8.71,D,VIIRS
48.10028,37.04304,367,0.34,0.56,2026-08-23,09:30:00,N20,high,2.0NRT,315.06,7.55,D,VIIRS
48.07706,36.96258,342.86,0.34,0.56,2026-08-23,09:30:00,N20,nominal,2.0NRT,313.8,3.29,D,VIIRS
48.11345,37.06932,338.4,0.34,0.56,2026-08-23,09:30:00,N20,nominal,2.0NRT,311.52,4.04,D,VIIRS
48.11697,37.06208,367,0.34,0.56,2026-08-23,09:30:00,N20,high,2.0NRT,318.1,8.96,D,VIIRS
48.11816,37.06623,350.85,0.34,0.56,2026-08-23,09:30:00,N20,nominal,2.0NRT,308.28,8.96,D,VIIRS
48.11579,37.05796,349.01,0.34,0.56,2026-08-23,09:30:00,N20,nominal,2.0NRT,315.8,8.85,D,VIIRS
48.32896,37.79298,337.96,0.62,0.54,2026-08-23,09:30:00,N20,low,2.0NRT,312.03,5.75,D,VIIRS
47.91021,36.33278,341.32,0.37,0.58,2026-08-23,09:30:00,N20,nominal,2.0NRT,306.95,2.76,D,VIIRS
47.91509,36.32952,367,0.37,0.58,2026-08-23,09:30:00,N20,high,2.0NRT,307.99,12.25,D,VIIRS
48.4779,38.31578,339.93,0.58,0.52,2026-08-23,09:30:00,N20,low,2.0NRT,310.65,10.27,D,VIIRS
48.47589,38.30838,351.98,0.58,0.52,2026-08-23,09:30:00,N20,nominal,2.0NRT,315.75,43.01,D,VIIRS
47.91642,36.33403,337.49,0.37,0.58,2026-08-23,09:30:00,N20,nominal,2.0NRT,305.53,5.69,D,VIIRS
46.73162,32.61509,345.68,0.58,0.69,2026-08-23,09:30:00,N20,nominal,2.0NRT,297.61,7.16,D,VIIRS
47.60803,35.29132,332.38,0.42,0.61,2026-08-23,09:30:00,N20,low,2.0NRT,306.48,1.47,D,VIIRS
48.48877,38.31737,343.63,0.58,0.52,2026-08-23,09:30:00,N20,nominal,2.0NRT,312.26,10.15,D,VIIRS
48.39573,37.97644,347.59,0.6,0.53,2026-08-23,09:30:00,N20,nominal,2.0NRT,307.27,6.2,D,VIIRS
48.02468,36.64436,340.27,0.35,0.57,2026-08-23,09:30:00,N20,low,2.0NRT,313.65,6.31,D,VIIRS
48.02343,36.64008,352.66,0.35,0.57,2026-08-23,09:30:00,N20,nominal,2.0NRT,316.74,5.9,D,VIIRS
46.74665,32.59605,338.38,0.58,0.7,2026-08-23,09:30:00,N20,nominal,2.0NRT,296.87,10.02,D,VIIRS
46.74428,32.58912,344.93,0.58,0.7,2026-08-23,09:30:00,N20,nominal,2.0NRT,298.1,11.04,D,VIIRS
48.0207,36.61094,367,0.35,0.57,2026-08-23,09:30:00,N20,high,2.0NRT,313.73,12.35,D,VIIRS
48.01939,36.60643,367,0.35,0.57,2026-08-23,09:30:00,N20,high,2.0NRT,311.81,12.35,D,VIIRS
48.0181,36.60199,352.26,0.35,0.57,2026-08-23,09:30:00,N20,nominal,2.0NRT,316.51,12.97,D,VIIRS
47.65301,35.3776,340.23,0.41,0.61,2026-08-23,09:30:00,N20,nominal,2.0NRT,308.11,2.68,D,VIIRS
48.14055,37.00729,367,0.34,0.56,2026-08-23,09:30:00,N20,high,2.0NRT,308.56,19.79,D,VIIRS
48.13935,37.00312,346.26,0.34,0.56,2026-08-23,09:30:00,N20,nominal,2.0NRT,316.02,18.83,D,VIIRS
48.16214,37.06337,338.35,0.33,0.56,2026-08-23,09:30:00,N20,nominal,2.0NRT,312.89,2.56,D,VIIRS
48.14408,37,344.86,0.34,0.56,2026-08-23,09:30:00,N20,nominal,2.0NRT,309.6,4.14,D,VIIRS
47.7816,35.74177,335.45,0.39,0.59,2026-08-23,09:30:00,N20,low,2.0NRT,310.06,2.91,D,VIIRS
48.26185,37.37726,367,0.32,0.55,2026-08-23,09:30:00,N20,high,2.0NRT,307.77,17.03,D,VIIRS
47.67627,35.37319,367,0.41,0.61,2026-08-23,09:30:00,N20,high,2.0NRT,308.43,6.8,D,VIIRS
48.26074,37.37332,350.21,0.32,0.55,2026-08-23,09:30:00,N20,nominal,2.0NRT,316.38,13.25,D,VIIRS
48.11245,36.84995,350.6,0.34,0.56,2026-08-23,09:30:00,N20,nominal,2.0NRT,309.2,4.93,D,VIIRS
48.08761,36.76339,338,0.35,0.56,2026-08-23,09:30:00,N20,nominal,2.0NRT,309.24,3.58,D,VIIRS
48.08635,36.759,351.4,0.35,0.56,2026-08-23,09:30:00,N20,nominal,2.0NRT,313.14,3.58,D,VIIRS
47.96867,36.35316,340.61,0.36,0.58,2026-08-23,09:30:00,N20,nominal,2.0NRT,306.6,4.9,D,VIIRS
47.67476,35.36824,331.73,0.41,0.61,2026-08-23,09:30:00,N20,nominal,2.0NRT,306.33,6.71,D,VIIRS
48.50245,38.23269,367,0.58,0.52,2026-08-23,09:30:00,N20,high,2.0NRT,331.04,80.27,D,VIIRS
48.26546,37.37055,367,0.32,0.55,2026-08-23,09:30:00,N20,high,2.0NRT,313.71,13.25,D,VIIRS
47.67823,35.35947,367,0.41,0.61,2026-08-23,09:30:00,N20,high,2.0NRT,306.28,6.71,D,VIIRS
48.50647,38.2476,349.18,0.58,0.52,2026-08-23,09:30:00,N20,nominal,2.0NRT,318.72,38.2,D,VIIRS
48.50444,38.24011,346.92,0.58,0.52,2026-08-23,09:30:00,N20,nominal,2.0NRT,317.63,80.27,D,VIIRS
47.6813,35.36955,335.19,0.41,0.61,2026-08-23,09:30:00,N20,nominal,2.0NRT,304.58,6.8,D,VIIRS
47.67978,35.36452,346.86,0.41,0.61,2026-08-23,09:30:00,N20,nominal,2.0NRT,306.69,6.71,D,VIIRS
48.50896,38.23748,352.23,0.58,0.52,2026-08-23,09:30:00,N20,nominal,2.0NRT,317.63,22.8,D,VIIRS
48.50698,38.2301,347.24,0.58,0.52,2026-08-23,09:30:00,N20,nominal,2.0NRT,313.79,22.8,D,VIIRS
48.51347,38.23481,349.04,0.58,0.52,2026-08-23,09:30:00,N20,nominal,2.0NRT,312.11,22.8,D,VIIRS
48.36017,37.67223,334,0.62,0.54,2026-08-23,09:30:00,N20,low,2.0NRT,307.68,9.82,D,VIIRS
48.35813,37.66483,341.6,0.62,0.54,2026-08-23,09:30:00,N20,nominal,2.0NRT,311.04,9.82,D,VIIRS
48.17263,36.98201,345.45,0.34,0.56,2026-08-23,09:30:00,N20,nominal,2.0NRT,309.43,2.4,D,VIIRS
48.10081,36.73012,351.13,0.35,0.57,2026-08-23,09:30:00,N20,nominal,2.0NRT,311.33,5.99,D,VIIRS
48.20337,37.05112,347.3,0.33,0.56,2026-08-23,09:30:00,N20,nominal,2.0NRT,310.29,1.41,D,VIIRS
48.21405,37.06924,367,0.33,0.56,2026-08-23,09:30:00,N20,high,2.0NRT,317.33,10.3,D,VIIRS
48.39371,37.71586,341.43,0.62,0.54,2026-08-23,09:30:00,N20,nominal,2.0NRT,310.68,12.79,D,VIIRS
48.22227,37.09845,337.32,0.33,0.55,2026-08-23,09:30:00,N20,nominal,2.0NRT,306.22,1.97,D,VIIRS
48.2224,37.05931,367,0.33,0.56,2026-08-23,09:30:00,N20,high,2.0NRT,315,10.01,D,VIIRS
47.71646,35.32332,367,0.41,0.61,2026-08-23,09:30:00,N20,high,2.0NRT,306.36,8.5,D,VIIRS
48.40916,37.73306,351.72,0.62,0.54,2026-08-23,09:30:00,N20,nominal,2.0NRT,317.82,51.27,D,VIIRS
48.41372,37.73011,338.48,0.62,0.54,2026-08-23,09:30:00,N20,low,2.0NRT,311.15,5.32,D,VIIRS
47.72157,35.31992,348.33,0.41,0.61,2026-08-23,09:30:00,N20,nominal,2.0NRT,309.95,8.14,D,VIIRS
47.72004,35.31483,334.92,0.41,0.61,2026-08-23,09:30:00,N20,nominal,2.0NRT,306.56,5.17,D,VIIRS
48.22834,37.04071,340.69,0.33,0.56,2026-08-23,09:30:00,N20,nominal,2.0NRT,310.3,3.59,D,VIIRS
47.7236,35.30628,349.9,0.41,0.61,2026-08-23,09:30:00,N20,nominal,2.0NRT,304.45,5.17,D,VIIRS
47.61117,34.93604,350.42,0.43,0.62,2026-08-23,09:30:00,N20,nominal,2.0NRT,304.64,4.67,D,VIIRS
48.47316,37.9096,336.31,0.6,0.53,2026-08-23,09:30:00,N20,low,2.0NRT,310.84,6.64,D,VIIRS
48.46899,37.89419,351.83,0.6,0.53,2026-08-23,09:30:00,N20,nominal,2.0NRT,314.83,10.46,D,VIIRS
48.39585,37.71519,340.94,0.62,0.54,2026-08-23,09:30:00,N20,nominal,2.0NRT,310.39,7.13,D,VIIRS
48.40684,37.73525,352.97,0.62,0.54,2026-08-23,09:30:00,N20,nominal,2.0NRT,313.78,18.54,D,VIIRS
48.4114,37.73231,347.25,0.62,0.54,2026-08-23,09:30:00,N20,nominal,2.0NRT,314.53,25.38,D,VIIRS
48.40927,37.72465,336.56,0.62,0.54,2026-08-23,09:30:00,N20,low,2.0NRT,309.13,14.48,D,VIIRS
48.22141,37.0613,352.31,0.33,0.56,2026-08-23,09:30:00,N20,nominal,2.0NRT,315.69,4.57,D,VIIRS
48.22019,37.05706,344.18,0.33,0.56,2026-08-23,09:30:00,N20,nominal,2.0NRT,312.27,4.57,D,VIIRS
48.43955,37.81409,343.09,0.61,0.53,2026-08-23,09:30:00,N20,nominal,2.0NRT,314.7,6.95,D,VIIRS
48.39008,37.63672,336.89,0.62,0.54,2026-08-23,09:30:00,N20,nominal,2.0NRT,310.39,3.88,D,VIIRS
48.47174,37.91099,347.71,0.6,0.53,2026-08-23,09:30:00,N20,nominal,2.0NRT,312.65,6.35,D,VIIRS
48.4675,37.89566,354.88,0.6,0.53,2026-08-23,09:30:00,N20,nominal,2.0NRT,314.48,12.6,D,VIIRS
48.22727,37.04275,351.63,0.33,0.56,2026-08-23,09:30:00,N20,nominal,2.0NRT,310.17,3.11,D,VIIRS
47.71706,35.32649,342.64,0.41,0.61,2026-08-23,09:30:00,N20,nominal,2.0NRT,307.25,8.64,D,VIIRS
47.71549,35.32142,348.42,0.41,0.61,2026-08-23,09:30:00,N20,nominal,2.0NRT,305.89,5.77,D,VIIRS
47.72062,35.31804,352.46,0.41,0.61,2026-08-23,09:30:00,N20,nominal,2.0NRT,309.46,5.77,D,VIIRS
47.72261,35.30447,367,0.41,0.61,2026-08-23,09:30:00,N20,high,2.0NRT,305.54,5.93,D,VIIRS
48.20295,36.91899,345.63,0.34,0.56,2026-08-23,09:30:00,N20,nominal,2.0NRT,314.32,4.71,D,VIIRS
47.60838,34.93575,351.71,0.43,0.62,2026-08-23,09:30:00,N20,nominal,2.0NRT,306.9,4.71,D,VIIRS
48.20168,36.87541,332.29,0.34,0.56,2026-08-23,09:30:00,N20,nominal,2.0NRT,306.61,0.77,D,VIIRS
47.4075,34.25946,332.23,0.47,0.64,2026-08-23,09:30:00,N20,nominal,2.0NRT,301.55,3.1,D,VIIRS
47.74424,35.31475,367,0.41,0.61,2026-08-23,09:30:00,N20,high,2.0NRT,305.47,122.7,D,VIIRS
48.38038,37.48571,345.18,0.63,0.54,2026-08-23,09:30:00,N20,nominal,2.0NRT,309.68,7.86,D,VIIRS
48.27362,37.08779,367,0.33,0.55,2026-08-23,09:30:00,N20,high,2.0NRT,314.21,8.75,D,VIIRS
47.75088,35.31633,367,0.41,0.61,2026-08-23,09:30:00,N20,high,2.0NRT,305.84,20.27,D,VIIRS
48.25339,37.01675,340.64,0.33,0.56,2026-08-23,09:30:00,N20,nominal,2.0NRT,310.18,5.76,D,VIIRS
48.19901,36.82684,342.77,0.34,0.56,2026-08-23,09:30:00,N20,nominal,2.0NRT,308.66,1.81,D,VIIRS
47.74934,35.31131,347.37,0.41,0.61,2026-08-23,09:30:00,N20,nominal,2.0NRT,320.19,32.34,D,VIIRS
47.74781,35.30628,353.62,0.41,0.61,2026-08-23,09:30:00,N20,nominal,2.0NRT,305.75,32.34,D,VIIRS
48.25812,37.01374,367,0.33,0.56,2026-08-23,09:30:00,N20,high,2.0NRT,310.99,5.76,D,VIIRS
47.75597,35.31284,367,0.41,0.61,2026-08-23,09:30:00,N20,high,2.0NRT,305.55,20.27,D,VIIRS
48.48446,37.82174,344.8,0.61,0.53,2026-08-23,09:30:00,N20,nominal,2.0NRT,310.66,4.26,D,VIIRS
48.40934,37.55048,344.22,0.63,0.54,2026-08-23,09:30:00,N20,nominal,2.0NRT,308.87,4.85,D,VIIRS
48.24023,36.95104,354,0.34,0.56,2026-08-23,09:30:00,N20,nominal,2.0NRT,308.42,4.92,D,VIIRS
47.75442,35.30778,350.17,0.41,0.61,2026-08-23,09:30:00,N20,nominal,2.0NRT,306.53,32.34,D,VIIRS
47.4906,34.45947,336.89,0.45,0.63,2026-08-23,09:30:00,N20,nominal,2.0NRT,302.6,2.85,D,VIIRS
48.28773,37.09828,342.11,0.33,0.55,2026-08-23,09:30:00,N20,nominal,2.0NRT,316.84,4.47,D,VIIRS
48.08352,36.38887,330.74,0.36,0.57,2026-08-23,09:30:00,N20,nominal,2.0NRT,304.81,1.09,D,VIIRS
48.42307,37.56087,339.61,0.63,0.54,2026-08-23,09:30:00,N20,nominal,2.0NRT,308.13,8.75,D,VIIRS
47.23896,33.63486,335.77,0.5,0.66,2026-08-23,09:30:00,N20,nominal,2.0NRT,301.41,2.45,D,VIIRS
47.75883,35.26172,367,0.41,0.61,2026-08-23,09:30:00,N20,high,2.0NRT,311.13,19.52,D,VIIRS
47.75727,35.25662,367,0.41,0.61,2026-08-23,09:30:00,N20,high,2.0NRT,309.48,7.61,D,VIIRS
48.39246,37.43139,341.72,0.64,0.54,2026-08-23,09:30:00,N20,nominal,2.0NRT,310.15,9.64,D,VIIRS
48.29008,37.0673,347.73,0.33,0.55,2026-08-23,09:30:00,N20,nominal,2.0NRT,308.41,6.38,D,VIIRS
48.27704,37.02131,337.91,0.33,0.56,2026-08-23,09:30:00,N20,low,2.0NRT,308.57,2.65,D,VIIRS
48.23522,36.87448,351.55,0.34,0.56,2026-08-23,09:30:00,N20,nominal,2.0NRT,308.21,3.94,D,VIIRS
47.76505,35.2821,339.17,0.41,0.61,2026-08-23,09:30:00,N20,nominal,2.0NRT,307.54,2.83,D,VIIRS
47.75574,35.25161,334.2,0.41,0.61,2026-08-23,09:30:00,N20,nominal,2.0NRT,306.3,7.61,D,VIIRS
47.23259,33.59462,341.95,0.5,0.66,2026-08-23,09:30:00,N20,nominal,2.0NRT,299.89,6.51,D,VIIRS
47.23063,33.5886,352.18,0.5,0.66,2026-08-23,09:30:00,N20,nominal,2.0NRT,300.52,11.71,D,VIIRS
48.36949,37.32964,367,0.32,0.55,2026-08-23,09:30:00,N20,high,2.0NRT,312.73,6.3,D,VIIRS
47.93093,35.81207,367,0.39,0.59,2026-08-23,09:30:00,N20,high,2.0NRT,306.92,6.91,D,VIIRS
47.76081,35.24801,336.45,0.41,0.61,2026-08-23,09:30:00,N20,nominal,2.0NRT,304.33,7.61,D,VIIRS
47.23811,33.5908,350.98,0.5,0.66,2026-08-23,09:30:00,N20,nominal,2.0NRT,300.95,6.51,D,VIIRS
46.77375,32.2039,330.94,0.6,0.7,2026-08-23,09:30:00,N20,nominal,2.0NRT,293.87,3.07,D,VIIRS
48.42603,37.51294,338.43,0.63,0.54,2026-08-23,09:30:00,N20,low,2.0NRT,310.96,7.07,D,VIIRS
48.0845,36.29287,367,0.36,0.58,2026-08-23,09:30:00,N20,high,2.0NRT,305.81,7.54,D,VIIRS
48.47612,37.67466,354.14,0.62,0.54,2026-08-23,09:30:00,N20,nominal,2.0NRT,311.46,17.1,D,VIIRS
48.43282,37.51788,343.57,0.63,0.54,2026-08-23,09:30:00,N20,nominal,2.0NRT,310.54,11.5,D,VIIRS
48.41954,37.46996,349.5,0.63,0.54,2026-08-23,09:30:00,N20,nominal,2.0NRT,314.51,36.3,D,VIIRS
48.60464,38.12686,336.52,0.59,0.52,2026-08-23,09:30:00,N20,low,2.0NRT,309.55,6.85,D,VIIRS
48.43741,37.51487,338.23,0.63,0.54,2026-08-23,09:30:00,N20,nominal,2.0NRT,307.74,3.65,D,VIIRS
47.2408,33.53672,347.83,0.51,0.66,2026-08-23,09:30:00,N20,nominal,2.0NRT,301.27,6.66,D,VIIRS
48.32415,37.06974,344.82,0.33,0.55,2026-08-23,09:30:00,N20,nominal,2.0NRT,312.65,4.39,D,VIIRS
48.30182,36.99052,339.35,0.33,0.56,2026-08-23,09:30:00,N20,nominal,2.0NRT,309.28,2,D,VIIRS
48.19735,36.60352,344.01,0.35,0.57,2026-08-23,09:30:00,N20,nominal,2.0NRT,307.68,1.84,D,VIIRS
48.58435,37.9738,333.54,0.59,0.53,2026-08-23,09:30:00,N20,low,2.0NRT,307.84,4.84,D,VIIRS
48.55004,37.82759,345.46,0.6,0.53,2026-08-23,09:30:00,N20,nominal,2.0NRT,310.58,7.76,D,VIIRS
48.4371,37.39577,367,0.32,0.54,2026-08-23,09:30:00,N20,high,2.0NRT,309.5,15.19,D,VIIRS
48.66693,38.24237,350.1,0.58,0.52,2026-08-23,09:30:00,N20,nominal,2.0NRT,310.96,8.96,D,VIIRS
48.66499,38.23507,348.62,0.58,0.52,2026-08-23,09:30:00,N20,nominal,2.0NRT,309.92,11.01,D,VIIRS
48.42485,37.33174,336.84,0.32,0.55,2026-08-23,09:30:00,N20,low,2.0NRT,308.07,2.09,D,VIIRS
48.63255,38.07464,345.08,0.59,0.53,2026-08-23,09:30:00,N20,nominal,2.0NRT,313.17,10.94,D,VIIRS
48.58401,37.97536,342.01,0.59,0.53,2026-08-23,09:30:00,N20,nominal,2.0NRT,308.81,6.59,D,VIIRS
48.54901,37.82979,343.51,0.6,0.53,2026-08-23,09:30:00,N20,nominal,2.0NRT,313.35,9.07,D,VIIRS
48.66791,38.24285,344.16,0.58,0.52,2026-08-23,09:30:00,N20,nominal,2.0NRT,309.71,8.46,D,VIIRS
48.66593,38.23557,349.43,0.58,0.52,2026-08-23,09:30:00,N20,nominal,2.0NRT,309.67,8.46,D,VIIRS
48.66394,38.22828,333.77,0.58,0.52,2026-08-23,09:30:00,N20,nominal,2.0NRT,308.45,3.26,D,VIIRS
48.43803,37.39487,344.37,0.64,0.54,2026-08-23,09:30:00,N20,nominal,2.0NRT,309.49,7.53,D,VIIRS
48.63276,38.07584,348.85,0.59,0.53,2026-08-23,09:30:00,N20,nominal,2.0NRT,311.67,11.21,D,VIIRS
48.33929,37.00874,367,0.33,0.55,2026-08-23,09:30:00,N20,high,2.0NRT,310.83,5.97,D,VIIRS
48.38522,37.16968,340.12,0.33,0.55,2026-08-23,09:30:00,N20,nominal,2.0NRT,310.22,3.32,D,VIIRS
48.34048,37.01288,337.6,0.33,0.55,2026-08-23,09:30:00,N20,nominal,2.0NRT,309.94,5.24,D,VIIRS
48.40614,37.2239,367,0.32,0.55,2026-08-23,09:30:00,N20,high,2.0NRT,310.97,7.54,D,VIIRS
48.53951,37.69924,339.74,0.61,0.54,2026-08-23,09:30:00,N20,nominal,2.0NRT,308.19,6.17,D,VIIRS
48.35937,37.05947,338.25,0.33,0.55,2026-08-23,09:30:00,N20,nominal,2.0NRT,309.43,1.88,D,VIIRS
48.3321,36.96411,341.68,0.33,0.56,2026-08-23,09:30:00,N20,nominal,2.0NRT,311.93,2.15,D,VIIRS
48.4402,37.32495,367,0.32,0.55,2026-08-23,09:30:00,N20,high,2.0NRT,312.19,6.47,D,VIIRS
47.89768,35.47414,367,0.4,0.6,2026-08-23,09:30:00,N20,high,2.0NRT,311.59,11.26,D,VIIRS
48.61611,37.93811,336.53,0.6,0.53,2026-08-23,09:30:00,N20,low,2.0NRT,310.27,4.17,D,VIIRS
48.41549,37.21798,348.39,0.32,0.55,2026-08-23,09:30:00,N20,nominal,2.0NRT,315.2,5.38,D,VIIRS
48.83778,38.74154,344.2,0.54,0.51,2026-08-23,09:30:00,N20,nominal,2.0NRT,317.84,70.23,D,VIIRS
48.60823,37.89009,337.14,0.6,0.53,2026-08-23,09:30:00,N20,low,2.0NRT,310.75,2.17,D,VIIRS
48.84215,38.73896,367,0.54,0.51,2026-08-23,09:30:00,N20,high,2.0NRT,321.3,65.45,D,VIIRS
48.84032,38.73203,367,0.54,0.51,2026-08-23,09:30:00,N20,low,2.0NRT,327.44,40.15,D,VIIRS
48.84652,38.73635,351.24,0.54,0.51,2026-08-23,09:30:00,N20,nominal,2.0NRT,312.01,65.45,D,VIIRS
48.84469,38.72942,343.99,0.54,0.51,2026-08-23,09:30:00,N20,nominal,2.0NRT,310.56,40.15,D,VIIRS
48.58852,37.76028,340.21,0.61,0.53,2026-08-23,09:30:00,N20,low,2.0NRT,312.45,7.59,D,VIIRS
48.52393,37.52678,340.27,0.62,0.54,2026-08-23,09:30:00,N20,nominal,2.0NRT,308.69,13.58,D,VIIRS
48.43427,37.18687,367,0.32,0.55,2026-08-23,09:30:00,N20,high,2.0NRT,311.36,9.64,D,VIIRS
48.59305,37.75736,352.53,0.61,0.53,2026-08-23,09:30:00,N20,nominal,2.0NRT,313.41,7.59,D,VIIRS
48.45704,37.26784,352.8,0.32,0.55,2026-08-23,09:30:00,N20,nominal,2.0NRT,309.27,2.46,D,VIIRS
48.43311,37.18276,356.25,0.32,0.55,2026-08-23,09:30:00,N20,nominal,2.0NRT,311.6,8.38,D,VIIRS
48.55265,37.59142,341.65,0.62,0.54,2026-08-23,09:30:00,N20,nominal,2.0NRT,309.91,9.52,D,VIIRS
48.55056,37.58386,338.79,0.62,0.54,2026-08-23,09:30:00,N20,nominal,2.0NRT,310.84,9.52,D,VIIRS
48.38411,36.98983,344.51,0.33,0.55,2026-08-23,09:30:00,N20,nominal,2.0NRT,310.64,3.28,D,VIIRS
48.38292,36.98564,350.44,0.33,0.55,2026-08-23,09:30:00,N20,nominal,2.0NRT,310.23,3.28,D,VIIRS
48.45156,37.20914,367,0.32,0.55,2026-08-23,09:30:00,N20,high,2.0NRT,321.95,41.84,D,VIIRS
47.73204,34.77414,367,0.43,0.62,2026-08-23,09:30:00,N20,high,2.0NRT,304.32,8.31,D,VIIRS
47.73038,34.76884,334.15,0.43,0.62,2026-08-23,09:30:00,N20,nominal,2.0NRT,305.61,3.89,D,VIIRS
47.72874,34.76353,342.11,0.43,0.62,2026-08-23,09:30:00,N20,nominal,2.0NRT,305.02,3.89,D,VIIRS
48.45042,37.20512,314.4,0.32,0.55,2026-08-23,09:30:00,N20,low,2.0NRT,317.64,41.84,D,VIIRS
47.73389,34.75978,345.52,0.43,0.62,2026-08-23,09:30:00,N20,nominal,2.0NRT,305.2,10.09,D,VIIRS
47.73221,34.75438,350.27,0.43,0.62,2026-08-23,09:30:00,N20,nominal,2.0NRT,303.75,7.04,D,VIIRS
48.57472,37.61286,338.67,0.62,0.54,2026-08-23,09:30:00,N20,nominal,2.0NRT,307.56,5.33,D,VIIRS
48.6392,37.80915,337.91,0.6,0.53,2026-08-23,09:30:00,N20,low,2.0NRT,310.54,7.69,D,VIIRS
47.45636,33.81881,341.71,0.49,0.65,2026-08-23,09:30:00,N20,nominal,2.0NRT,302.1,3.55,D,VIIRS
48.38741,36.88325,367,0.34,0.56,2026-08-23,09:30:00,N20,high,2.0NRT,311.9,5.83,D,VIIRS
48.45216,37.09335,334.21,0.33,0.55,2026-08-23,09:30:00,N20,low,2.0NRT,307.72,1.18,D,VIIRS
48.39213,36.88014,345.54,0.34,0.56,2026-08-23,09:30:00,N20,nominal,2.0NRT,306.38,5.83,D,VIIRS
48.15427,36.05353,355.33,0.37,0.58,2026-08-23,09:30:00,N20,nominal,2.0NRT,303.74,3.28,D,VIIRS
48.45684,37.0903,335.82,0.33,0.55,2026-08-23,09:30:00,N20,low,2.0NRT,306.91,3.06,D,VIIRS
48.28823,36.4957,344.52,0.35,0.57,2026-08-23,09:30:00,N20,nominal,2.0NRT,309.17,4.78,D,VIIRS
48.74049,38.08649,342.73,0.58,0.52,2026-08-23,09:30:00,N20,nominal,2.0NRT,310.24,9.87,D,VIIRS
48.74059,38.08675,341.32,0.58,0.52,2026-08-23,09:30:00,N20,nominal,2.0NRT,309.08,7.97,D,VIIRS
48.73863,38.07958,339.16,0.58,0.52,2026-08-23,09:30:00,N20,low,2.0NRT,309.69,7.97,D,VIIRS
48.29001,36.49659,333.9,0.35,0.57,2026-08-23,09:30:00,N20,low,2.0NRT,307.64,4.29,D,VIIRS
48.47764,37.08747,336.99,0.33,0.55,2026-08-23,09:30:00,N20,nominal,2.0NRT,306.71,1.15,D,VIIRS
48.50678,37.17059,345.78,0.32,0.55,2026-08-23,09:30:00,N20,nominal,2.0NRT,313.5,5.01,D,VIIRS
48.59704,37.47172,335.63,0.62,0.54,2026-08-23,09:30:00,N20,low,2.0NRT,307.21,2.33,D,VIIRS
48.70856,37.85471,347.92,0.6,0.53,2026-08-23,09:30:00,N20,nominal,2.0NRT,309.56,9.46,D,VIIRS
48.4917,37.05901,367,0.33,0.55,2026-08-23,09:30:00,N20,high,2.0NRT,310.03,4.79,D,VIIRS
48.68185,37.73835,340.33,0.6,0.53,2026-08-23,09:30:00,N20,nominal,2.0NRT,313.01,6,D,VIIRS
48.49052,37.05487,340.37,0.33,0.55,2026-08-23,09:30:00,N20,nominal,2.0NRT,311.5,4.79,D,VIIRS
48.94299,38.68578,354.37,0.54,0.51,2026-08-23,09:30:00,N20,nominal,2.0NRT,316.87,26.46,D,VIIRS
48.68425,37.7277,348.17,0.6,0.53,2026-08-23,09:30:00,N20,nominal,2.0NRT,310.91,7.53,D,VIIRS
48.52102,37.12347,367,0.32,0.55,2026-08-23,09:30:00,N20,high,2.0NRT,311.97,3.77,D,VIIRS
48.94733,38.68308,345.85,0.54,0.51,2026-08-23,09:30:00,N20,nominal,2.0NRT,319.1,26.46,D,VIIRS
48.6091,37.43725,347.24,0.63,0.54,2026-08-23,09:30:00,N20,nominal,2.0NRT,309.2,8.7,D,VIIRS
48.52217,37.12755,337.8,0.32,0.55,2026-08-23,09:30:00,N20,nominal,2.0NRT,311.09,3.77,D,VIIRS
48.69966,37.74496,367,0.6,0.53,2026-08-23,09:30:00,N20,high,2.0NRT,314.02,19.45,D,VIIRS
48.56661,37.24636,367,0.32,0.55,2026-08-23,09:30:00,N20,high,2.0NRT,311.05,2.77,D,VIIRS
48.94872,38.65004,341.66,0.54,0.51,2026-08-23,09:30:00,N20,low,2.0NRT,312.76,7.77,D,VIIRS
48.44416,36.7941,367,0.34,0.56,2026-08-23,09:30:00,N20,high,2.0NRT,308.97,11.5,D,VIIRS
48.44296,36.7899,367,0.34,0.56,2026-08-23,09:30:00,N20,high,2.0NRT,315.4,11.5,D,VIIRS
48.95491,38.65429,344.25,0.54,0.51,2026-08-23,09:30:00,N20,nominal,2.0NRT,314.66,112.61,D,VIIRS
48.44175,36.78568,353.89,0.34,0.56,2026-08-23,09:30:00,N20,nominal,2.0NRT,314.02,19.85,D,VIIRS
48.95743,38.64467,367,0.54,0.51,2026-08-23,09:30:00,N20,high,2.0NRT,343.82,112.61,D,VIIRS
48.4453,36.77842,367,0.34,0.56,2026-08-23,09:30:00,N20,high,2.0NRT,312.55,19.85,D,VIIRS
48.95926,38.65161,342.58,0.54,0.51,2026-08-23,09:30:00,N20,nominal,2.0NRT,307.65,112.61,D,VIIRS
48.44893,36.79113,337.78,0.34,0.56,2026-08-23,09:30:00,N20,nominal,2.0NRT,309.54,11.5,D,VIIRS
48.44409,36.77418,351.38,0.34,0.56,2026-08-23,09:30:00,N20,nominal,2.0NRT,310.62,12.48,D,VIIRS
48.67787,37.56857,341.64,0.61,0.54,2026-08-23,09:30:00,N20,nominal,2.0NRT,307.68,5.12,D,VIIRS
48.56635,37.12791,338.74,0.32,0.55,2026-08-23,09:30:00,N20,nominal,2.0NRT,306.07,2.33,D,VIIRS
48.73587,37.72165,349.63,0.6,0.53,2026-08-23,09:30:00,N20,nominal,2.0NRT,313.39,22.35,D,VIIRS
48.99473,38.67124,333.89,0.54,0.51,2026-08-23,09:30:00,N20,low,2.0NRT,305.86,1.32,D,VIIRS
48.74045,37.71891,348.9,0.6,0.53,2026-08-23,09:30:00,N20,nominal,2.0NRT,311.7,22.35,D,VIIRS
48.80652,37.94318,341.53,0.59,0.53,2026-08-23,09:30:00,N20,nominal,2.0NRT,310.94,6.64,D,VIIRS
49.00335,38.6656,367,0.54,0.51,2026-08-23,09:30:00,N20,high,2.0NRT,335.49,121.94,D,VIIRS
49.00512,38.67237,351.95,0.54,0.51,2026-08-23,09:30:00,N20,nominal,2.0NRT,313,121.94,D,VIIRS
49.00157,38.65881,334.21,0.54,0.51,2026-08-23,09:30:00,N20,nominal,2.0NRT,305.72,18.36,D,VIIRS
48.811,37.94029,334.07,0.59,0.53,2026-08-23,09:30:00,N20,low,2.0NRT,308.17,6.64,D,VIIRS
49.00941,38.66951,348.72,0.54,0.51,2026-08-23,09:30:00,N20,nominal,2.0NRT,313.64,610.85,D,VIIRS
49.00764,38.66273,367,0.54,0.51,2026-08-23,09:30:00,N20,low,2.0NRT,371.28,610.85,D,VIIRS
48.86373,38.07842,344.81,0.58,0.52,2026-08-23,09:30:00,N20,nominal,2.0NRT,308.14,10.79,D,VIIRS
48.78648,37.7712,333.4,0.6,0.53,2026-08-23,09:30:00,N20,low,2.0NRT,307.71,40.59,D,VIIRS
49.004,38.67171,351.2,0.54,0.51,2026-08-23,09:30:00,N20,nominal,2.0NRT,312.15,159.42,D,VIIRS
49.0022,38.66496,355.73,0.54,0.51,2026-08-23,09:30:00,N20,nominal,2.0NRT,313.47,465.8,D,VIIRS
48.80622,37.94253,341.92,0.59,0.53,2026-08-23,09:30:00,N20,nominal,2.0NRT,311.08,4.2,D,VIIRS
49.00829,38.66886,353.08,0.54,0.51,2026-08-23,09:30:00,N20,nominal,2.0NRT,320.86,159.42,D,VIIRS
49.0047,38.6554,342.5,0.54,0.51,2026-08-23,09:30:00,N20,low,2.0NRT,312.91,465.8,D,VIIRS
48.8107,37.93966,337.94,0.59,0.53,2026-08-23,09:30:00,N20,low,2.0NRT,308.13,4.2,D,VIIRS
49.0065,38.66212,367,0.54,0.51,2026-08-23,09:30:00,N20,low,2.0NRT,375.97,465.8,D,VIIRS
48.86414,38.07725,341.41,0.58,0.52,2026-08-23,09:30:00,N20,nominal,2.0NRT,306.98,4.67,D,VIIRS
48.78753,37.77885,334.07,0.6,0.53,2026-08-23,09:30:00,N20,low,2.0NRT,306.07,12.79,D,VIIRS
48.58994,37.07378,348.23,0.32,0.55,2026-08-23,09:30:00,N20,nominal,2.0NRT,307.45,2.97,D,VIIRS
48.58876,37.06965,339.76,0.32,0.55,2026-08-23,09:30:00,N20,nominal,2.0NRT,304.36,2.97,D,VIIRS
48.76239,37.66869,348.61,0.6,0.53,2026-08-23,09:30:00,N20,nominal,2.0NRT,312.72,20.07,D,VIIRS
48.83947,37.92939,341.6,0.59,0.53,2026-08-23,09:30:00,N20,nominal,2.0NRT,308.38,8.02,D,VIIRS
48.76919,37.67397,346.74,0.6,0.53,2026-08-23,09:30:00,N20,nominal,2.0NRT,307.69,20.07,D,VIIRS
48.52595,36.79136,367,0.34,0.56,2026-08-23,09:30:00,N20,high,2.0NRT,307.9,8.35,D,VIIRS
48.53195,36.79275,367,0.33,0.56,2026-08-23,09:30:00,N20,high,2.0NRT,312.35,6.12,D,VIIRS
48.9338,38.23837,342.71,0.57,0.52,2026-08-23,09:30:00,N20,nominal,2.0NRT,311.46,7.83,D,VIIRS
48.53317,36.79702,333.39,0.33,0.56,2026-08-23,09:30:00,N20,nominal,2.0NRT,307.74,6.12,D,VIIRS
48.89295,38.06801,335.58,0.58,0.52,2026-08-23,09:30:00,N20,low,2.0NRT,307.94,26.83,D,VIIRS
48.89095,38.06065,347.64,0.58,0.52,2026-08-23,09:30:00,N20,nominal,2.0NRT,310.9,26.83,D,VIIRS
48.85921,37.94392,343.34,0.59,0.52,2026-08-23,09:30:00,N20,nominal,2.0NRT,309.24,5.05,D,VIIRS
48.89544,38.05791,346.88,0.58,0.52,2026-08-23,09:30:00,N20,nominal,2.0NRT,315.76,26.83,D,VIIRS
48.43444,36.2772,367,0.35,0.57,2026-08-23,09:30:00,N20,high,2.0NRT,310.57,13.44,D,VIIRS
48.43574,36.28167,342.69,0.35,0.57,2026-08-23,09:30:00,N20,nominal,2.0NRT,304.67,7.45,D,VIIRS
48.43925,36.27394,352.21,0.35,0.57,2026-08-23,09:30:00,N20,nominal,2.0NRT,312.31,13.44,D,VIIRS
48.43796,36.26948,355.73,0.35,0.57,2026-08-23,09:30:00,N20,nominal,2.0NRT,316.22,13.44,D,VIIRS
48.43668,36.26505,354.45,0.36,0.57,2026-08-23,09:30:00,N20,nominal,2.0NRT,319.38,20.05,D,VIIRS
48.43541,36.26066,343.56,0.36,0.57,2026-08-23,09:30:00,N20,nominal,2.0NRT,308.09,20.05,D,VIIRS
48.84673,37.70431,341.45,0.6,0.53,2026-08-23,09:30:00,N20,nominal,2.0NRT,308.62,16.02,D,VIIRS
48.44022,36.2574,353.15,0.36,0.57,2026-08-23,09:30:00,N20,nominal,2.0NRT,307.64,3.5,D,VIIRS
48.43379,36.23523,340.03,0.36,0.57,2026-08-23,09:30:00,N20,nominal,2.0NRT,306.76,2.71,D,VIIRS
48.44502,36.25411,335.54,0.36,0.57,2026-08-23,09:30:00,N20,nominal,2.0NRT,302.87,3.5,D,VIIRS
48.58257,36.675,332.69,0.34,0.56,2026-08-23,09:30:00,N20,low,2.0NRT,307.56,2.48,D,VIIRS
48.80009,37.43587,351.75,0.62,0.54,2026-08-23,09:30:00,N20,nominal,2.0NRT,311.55,12.5,D,VIIRS
48.9407,37.93505,340.77,0.58,0.52,2026-08-23,09:30:00,N20,low,2.0NRT,311.91,5.13,D,VIIRS
48.80463,37.43279,351.3,0.62,0.54,2026-08-23,09:30:00,N20,nominal,2.0NRT,320.33,26.56,D,VIIRS
48.80921,37.42985,349.59,0.62,0.54,2026-08-23,09:30:00,N20,nominal,2.0NRT,313.53,26.56,D,VIIRS
48.29099,35.71512,330.22,0.38,0.59,2026-08-23,09:30:00,N20,low,2.0NRT,301.24,1.29,D,VIIRS
48.57987,36.67326,344.26,0.34,0.56,2026-08-23,09:30:00,N20,nominal,2.0NRT,310.28,3.52,D,VIIRS
48.94075,37.9353,341.01,0.58,0.52,2026-08-23,09:30:00,N20,low,2.0NRT,312.16,8.89,D,VIIRS
48.80225,37.43513,348.43,0.62,0.54,2026-08-23,09:30:00,N20,nominal,2.0NRT,316.22,29.55,D,VIIRS
48.80681,37.43215,351.52,0.62,0.54,2026-08-23,09:30:00,N20,nominal,2.0NRT,319.49,29.55,D,VIIRS
48.72641,37.10759,367,0.32,0.55,2026-08-23,09:30:00,N20,high,2.0NRT,310.88,8.85,D,VIIRS
48.72525,37.1035,367,0.32,0.55,2026-08-23,09:30:00,N20,high,2.0NRT,311.55,8.99,D,VIIRS
48.91951,37.8003,344.18,0.59,0.53,2026-08-23,09:30:00,N20,nominal,2.0NRT,309.01,5.44,D,VIIRS
48.91742,37.79269,336.62,0.59,0.53,2026-08-23,09:30:00,N20,nominal,2.0NRT,308.81,5.44,D,VIIRS
49.07821,38.36634,342.19,0.55,0.51,2026-08-23,09:30:00,N20,nominal,2.0NRT,311.43,24.59,D,VIIRS
48.96077,37.9318,346.38,0.58,0.52,2026-08-23,09:30:00,N20,nominal,2.0NRT,311.94,5.56,D,VIIRS
48.93026,37.82022,336.66,0.59,0.53,2026-08-23,09:30:00,N20,low,2.0NRT,311.64,6.85,D,VIIRS
49.08458,38.37106,339.9,0.55,0.51,2026-08-23,09:30:00,N20,nominal,2.0NRT,304.61,13.21,D,VIIRS
49.00325,38.06884,347.84,0.57,0.52,2026-08-23,09:30:00,N20,nominal,2.0NRT,310.55,8.09,D,VIIRS
48.95721,37.89951,349.94,0.58,0.52,2026-08-23,09:30:00,N20,nominal,2.0NRT,317.3,53.3,D,VIIRS
48.75289,37.12368,338.14,0.32,0.55,2026-08-23,09:30:00,N20,nominal,2.0NRT,305.42,3.91,D,VIIRS
48.96464,37.86897,350.01,0.59,0.52,2026-08-23,09:30:00,N20,nominal,2.0NRT,315.79,11.39,D,VIIRS
48.75748,37.12052,343.68,0.32,0.55,2026-08-23,09:30:00,N20,nominal,2.0NRT,306.66,8.5,D,VIIRS
48.75637,37.11657,355.66,0.32,0.55,2026-08-23,09:30:00,N20,nominal,2.0NRT,315.23,8.5,D,VIIRS
48.99648,37.8314,340.46,0.59,0.53,2026-08-23,09:30:00,N20,nominal,2.0NRT,310.7,5.95,D,VIIRS
49.07402,38.04235,343.68,0.57,0.52,2026-08-23,09:30:00,N20,nominal,2.0NRT,314.65,10.05,D,VIIRS
48.99818,37.75984,334.75,0.59,0.53,2026-08-23,09:30:00,N20,low,2.0NRT,306.91,5.32,D,VIIRS
49.08045,38.047,337.54,0.57,0.52,2026-08-23,09:30:00,N20,nominal,2.0NRT,311.67,10.05,D,VIIRS
49.0785,38.03969,347.31,0.57,0.52,2026-08-23,09:30:00,N20,nominal,2.0NRT,316.38,10.05,D,VIIRS
49.07653,38.0323,355.86,0.57,0.52,2026-08-23,09:30:00,N20,nominal,2.0NRT,313.28,14.85,D,VIIRS
49.00676,37.77214,349.43,0.59,0.53,2026-08-23,09:30:00,N20,nominal,2.0NRT,307.44,6.37,D,VIIRS
49.0971,38.07066,356.08,0.57,0.52,2026-08-23,09:30:00,N20,nominal,2.0NRT,311.89,10.61,D,VIIRS
49.09516,38.06333,336.06,0.57,0.52,2026-08-23,09:30:00,N20,nominal,2.0NRT,308.44,10.61,D,VIIRS
49.00196,37.79403,336.59,0.59,0.53,2026-08-23,09:30:00,N20,nominal,2.0NRT,305.81,2.62,D,VIIRS
48.98118,37.71886,341.57,0.59,0.53,2026-08-23,09:30:00,N20,low,2.0NRT,312.26,36.2,D,VIIRS
49.07537,38.04256,343.42,0.57,0.52,2026-08-23,09:30:00,N20,low,2.0NRT,315.16,9.21,D,VIIRS
49.07337,38.03522,340.51,0.57,0.52,2026-08-23,09:30:00,N20,nominal,2.0NRT,314.24,9.21,D,VIIRS
49.07985,38.03989,353.9,0.57,0.52,2026-08-23,09:30:00,N20,nominal,2.0NRT,313.9,9.21,D,VIIRS
49.07784,38.03254,343.98,0.57,0.52,2026-08-23,09:30:00,N20,nominal,2.0NRT,312.58,9.21,D,VIIRS
49.00684,37.77346,341.31,0.59,0.53,2026-08-23,09:30:00,N20,nominal,2.0NRT,307.75,10.74,D,VIIRS
49.00268,37.7584,339.13,0.59,0.53,2026-08-23,09:30:00,N20,nominal,2.0NRT,305.67,4.64,D,VIIRS
49.09863,38.07075,346.48,0.57,0.52,2026-08-23,09:30:00,N20,nominal,2.0NRT,311.99,16.5,D,VIIRS
49.09664,38.06343,350.43,0.57,0.52,2026-08-23,09:30:00,N20,nominal,2.0NRT,310.44,13.49,D,VIIRS
49.12816,38.02649,340.7,0.57,0.52,2026-08-23,09:30:00,N20,nominal,2.0NRT,308.17,3.42,D,VIIRS
48.86908,37.04613,339.63,0.32,0.54,2026-08-23,09:30:00,N20,low,2.0NRT,314.13,4.24,D,VIIRS
49.14337,38.0252,338.65,0.57,0.52,2026-08-23,09:30:00,N20,nominal,2.0NRT,308.23,3.23,D,VIIRS
49.09386,37.84177,345.53,0.58,0.52,2026-08-23,09:30:00,N20,nominal,2.0NRT,307.93,5.3,D,VIIRS
49.08426,37.787,339.25,0.59,0.52,2026-08-23,09:30:00,N20,nominal,2.0NRT,305.26,6.39,D,VIIRS
49.4924,39.30469,342.23,0.49,0.49,2026-08-23,09:30:00,N20,nominal,2.0NRT,310.58,4.3,D,VIIRS
49.49659,39.30216,343.41,0.49,0.49,2026-08-23,09:30:00,N20,nominal,2.0NRT,313.98,14.72,D,VIIRS
49.49494,39.29568,349.57,0.49,0.49,2026-08-23,09:30:00,N20,nominal,2.0NRT,312.9,14.72,D,VIIRS
49.49913,39.29314,355.47,0.49,0.49,2026-08-23,09:30:00,N20,nominal,2.0NRT,312.88,14.72,D,VIIRS
48.67706,36.23313,339.84,0.35,0.57,2026-08-23,09:30:00,N20,low,2.0NRT,311.87,3.37,D,VIIRS
49.21296,38.15044,336.32,0.56,0.51,2026-08-23,09:30:00,N20,low,2.0NRT,310.35,8.59,D,VIIRS
49.1958,38.08589,340.35,0.56,0.52,2026-08-23,09:30:00,N20,nominal,2.0NRT,308.22,4.13,D,VIIRS
49.19395,38.07893,334.11,0.56,0.52,2026-08-23,09:30:00,N20,nominal,2.0NRT,307.92,4.13,D,VIIRS
48.88467,36.94506,354.96,0.32,0.55,2026-08-23,09:30:00,N20,nominal,2.0NRT,315.94,32.19,D,VIIRS
48.88356,36.94109,352.61,0.32,0.55,2026-08-23,09:30:00,N20,nominal,2.0NRT,309.39,32.19,D,VIIRS
49.21932,38.15506,343.76,0.56,0.51,2026-08-23,09:30:00,N20,nominal,2.0NRT,309.92,9.55,D,VIIRS
49.17162,37.95631,345.84,0.57,0.52,2026-08-23,09:30:00,N20,nominal,2.0NRT,309.55,7.92,D,VIIRS
49.17611,37.95373,346.16,0.57,0.52,2026-08-23,09:30:00,N20,nominal,2.0NRT,307.3,11.2,D,VIIRS
49.21665,38.15664,340.63,0.56,0.51,2026-08-23,09:30:00,N20,nominal,2.0NRT,308.14,6.9,D,VIIRS
49.21465,38.14925,340.99,0.56,0.51,2026-08-23,09:30:00,N20,low,2.0NRT,312.51,6.59,D,VIIRS
49.1972,38.08498,340.55,0.56,0.52,2026-08-23,09:30:00,N20,nominal,2.0NRT,309.15,4.48,D,VIIRS
49.19531,38.07804,339.26,0.56,0.52,2026-08-23,09:30:00,N20,nominal,2.0NRT,309.11,3.82,D,VIIRS
48.88516,36.94579,367,0.32,0.55,2026-08-23,09:30:00,N20,high,2.0NRT,306.58,68.2,D,VIIRS
49.17244,37.95598,353.56,0.57,0.52,2026-08-23,09:30:00,N20,nominal,2.0NRT,310.46,19.46,D,VIIRS
49.1699,37.88934,343.97,0.58,0.52,2026-08-23,09:30:00,N20,nominal,2.0NRT,312.1,33.07,D,VIIRS
49.2148,37.99714,339.39,0.57,0.52,2026-08-23,09:30:00,N20,nominal,2.0NRT,308.78,3.11,D,VIIRS
49.18916,37.90262,339.26,0.57,0.52,2026-08-23,09:30:00,N20,nominal,2.0NRT,307.39,4.9,D,VIIRS
49.18721,37.89543,339.31,0.57,0.52,2026-08-23,09:30:00,N20,nominal,2.0NRT,307.95,4.87,D,VIIRS
48.11855,34.11615,341.6,0.45,0.63,2026-08-23,09:30:00,N20,nominal,2.0NRT,300.52,4.59,D,VIIRS
49.59603,39.29976,339.1,0.49,0.49,2026-08-23,09:30:00,N20,nominal,2.0NRT,307.1,4.43,D,VIIRS
49.13341,37.54388,342.06,0.6,0.53,2026-08-23,09:30:00,N20,nominal,2.0NRT,312.05,27.04,D,VIIRS
49.13128,37.53609,344.36,0.6,0.53,2026-08-23,09:30:00,N20,nominal,2.0NRT,312.85,27.04,D,VIIRS
49.25102,37.95839,347.24,0.57,0.52,2026-08-23,09:30:00,N20,nominal,2.0NRT,309.7,7.91,D,VIIRS
49.23531,37.89996,343.77,0.57,0.52,2026-08-23,09:30:00,N20,nominal,2.0NRT,308.54,6.69,D,VIIRS
49.13792,37.54097,342.3,0.6,0.53,2026-08-23,09:30:00,N20,nominal,2.0NRT,309.02,39.46,D,VIIRS
48.88971,36.63045,367,0.33,0.55,2026-08-23,09:30:00,N20,high,2.0NRT,313.59,5.64,D,VIIRS
49.25545,37.9556,349.91,0.57,0.52,2026-08-23,09:30:00,N20,nominal,2.0NRT,309.03,7.91,D,VIIRS
49.24168,37.90431,337.53,0.57,0.52,2026-08-23,09:30:00,N20,nominal,2.0NRT,306.87,4.1,D,VIIRS
49.23977,37.8972,331.52,0.57,0.52,2026-08-23,09:30:00,N20,low,2.0NRT,306.06,6.69,D,VIIRS
49.22398,37.83858,333.04,0.58,0.52,2026-08-23,09:30:00,N20,nominal,2.0NRT,305.29,2.86,D,VIIRS
48.97797,36.94345,352.73,0.32,0.55,2026-08-23,09:30:00,N20,nominal,2.0NRT,310.28,3,D,VIIRS
48.97683,36.93942,337.79,0.32,0.55,2026-08-23,09:30:00,N20,nominal,2.0NRT,311.67,3,D,VIIRS
48.98266,36.94064,367,0.32,0.55,2026-08-23,09:30:00,N20,high,2.0NRT,309.09,6.97,D,VIIRS
48.98154,36.93664,342.35,0.32,0.55,2026-08-23,09:30:00,N20,nominal,2.0NRT,313.22,6.97,D,VIIRS
49.26617,37.95693,335.46,0.57,0.52,2026-08-23,09:30:00,N20,low,2.0NRT,309.13,6.78,D,VIIRS
49.36008,38.29118,340.27,0.55,0.51,2026-08-23,09:30:00,N20,nominal,2.0NRT,307.18,3.65,D,VIIRS
49.26679,37.93988,345.67,0.57,0.52,2026-08-23,09:30:00,N20,nominal,2.0NRT,307.38,13.23,D,VIIRS
49.26929,37.92983,351.51,0.57,0.52,2026-08-23,09:30:00,N20,nominal,2.0NRT,311.15,22.63,D,VIIRS
48.04571,33.74286,354.41,0.47,0.64,2026-08-23,09:30:00,N20,nominal,2.0NRT,300.86,8.08,D,VIIRS
49.27562,37.93413,340.33,0.57,0.52,2026-08-23,09:30:00,N20,nominal,2.0NRT,307.07,8.33,D,VIIRS
49.2737,37.92694,344.06,0.57,0.52,2026-08-23,09:30:00,N20,nominal,2.0NRT,309.86,17.34,D,VIIRS
49.26785,37.93852,342.48,0.57,0.52,2026-08-23,09:30:00,N20,nominal,2.0NRT,305.41,20.78,D,VIIRS
49.27031,37.92852,349.58,0.57,0.52,2026-08-23,09:30:00,N20,nominal,2.0NRT,312.85,20.78,D,VIIRS
49.27668,37.93282,340.69,0.57,0.52,2026-08-23,09:30:00,N20,nominal,2.0NRT,306.05,6.64,D,VIIRS
49.27473,37.92566,340.24,0.57,0.52,2026-08-23,09:30:00,N20,nominal,2.0NRT,307.85,6.64,D,VIIRS
48.04669,33.74616,349.45,0.47,0.64,2026-08-23,09:30:00,N20,nominal,2.0NRT,296.78,4.67,D,VIIRS
48.04484,33.74045,330.35,0.47,0.64,2026-08-23,09:30:00,N20,nominal,2.0NRT,300.81,4.67,D,VIIRS
48.75681,36.02348,339.34,0.35,0.57,2026-08-23,09:30:00,N20,nominal,2.0NRT,306.42,2.52,D,VIIRS
48.54098,35.30207,340.68,0.39,0.59,2026-08-23,09:30:00,N20,nominal,2.0NRT,300.1,4.6,D,VIIRS
49.26705,37.80203,335.95,0.58,0.52,2026-08-23,09:30:00,N20,low,2.0NRT,308.28,3.37,D,VIIRS
48.76161,36.02015,330.16,0.35,0.57,2026-08-23,09:30:00,N20,low,2.0NRT,304.64,2.52,D,VIIRS
48.54595,35.29865,331.22,0.39,0.59,2026-08-23,09:30:00,N20,nominal,2.0NRT,300.13,4.6,D,VIIRS
49.06301,37.02768,343.11,0.63,0.54,2026-08-23,09:30:00,N20,nominal,2.0NRT,309.95,13.1,D,VIIRS
49.06765,37.02476,348.05,0.63,0.54,2026-08-23,09:30:00,N20,nominal,2.0NRT,311.68,13.09,D,VIIRS
46.92234,30.27506,367,0.71,0.75,2026-08-23,09:30:00,N20,high,2.0NRT,290.04,12.31,D,VIIRS
49.34426,37.93335,352.8,0.57,0.52,2026-08-23,09:30:00,N20,nominal,2.0NRT,310.15,10.06,D,VIIRS
49.34872,37.93067,340.85,0.57,0.52,2026-08-23,09:30:00,N20,nominal,2.0NRT,307.3,5.29,D,VIIRS
49.34677,37.92341,340.04,0.57,0.52,2026-08-23,09:30:00,N20,nominal,2.0NRT,306.75,4.62,D,VIIRS
46.92832,30.26983,344.42,0.71,0.75,2026-08-23,09:30:00,N20,nominal,2.0NRT,289.55,7.96,D,VIIRS
49.35752,37.9249,341.98,0.57,0.52,2026-08-23,09:30:00,N20,nominal,2.0NRT,309.76,10.55,D,VIIRS
49.37051,37.85734,332.83,0.57,0.52,2026-08-23,09:30:00,N20,low,2.0NRT,306.43,2.01,D,VIIRS
49.36707,37.85978,332.6,0.57,0.52,2026-08-23,09:30:00,N20,low,2.0NRT,307.25,6.83,D,VIIRS
49.4132,37.91481,340.16,0.56,0.52,2026-08-23,09:30:00,N20,nominal,2.0NRT,304.65,14.21,D,VIIRS
49.41129,37.90779,335.04,0.57,0.52,2026-08-23,09:30:00,N20,nominal,2.0NRT,306.97,12.45,D,VIIRS
49.407470000000004,37.89372,341.08,0.57,0.52,2026-08-23,09:30:00,N20,nominal,2.0NRT,307.86,7.88,D,VIIRS
49.43892,37.93344,345.76,0.56,0.52,2026-08-23,09:30:00,N20,nominal,2.0NRT,312.68,10.07,D,VIIRS
49.47155,37.99728,342.49,0.56,0.51,2026-08-23,09:30:00,N20,nominal,2.0NRT,309.2,9.07,D,VIIRS
49.4487,37.81595,341.23,0.57,0.52,2026-08-23,09:30:00,N20,nominal,2.0NRT,307.58,11.94,D,VIIRS
49.44672,37.80861,338.57,0.57,0.52,2026-08-23,09:30:00,N20,nominal,2.0NRT,311.1,11.94,D,VIIRS
49.42299,37.72049,340.02,0.58,0.52,2026-08-23,09:30:00,N20,low,2.0NRT,310.21,10.74,D,VIIRS
49.45309,37.81298,341.34,0.57,0.52,2026-08-23,09:30:00,N20,nominal,2.0NRT,306.77,9.66,D,VIIRS
49.23714,36.92459,347.46,0.63,0.54,2026-08-23,09:30:00,N20,nominal,2.0NRT,305.47,11.25,D,VIIRS
49.55488,38.06006,344.35,0.55,0.51,2026-08-23,09:30:00,N20,nominal,2.0NRT,306.49,9.21,D,VIIRS
49.23448,36.92851,340.49,0.63,0.54,2026-08-23,09:30:00,N20,nominal,2.0NRT,305.65,7.32,D,VIIRS
49.55329,38.06217,339.84,0.55,0.51,2026-08-23,09:30:00,N20,nominal,2.0NRT,303.92,4.91,D,VIIRS
49.5514,38.05516,331,0.55,0.51,2026-08-23,09:30:00,N20,low,2.0NRT,305.34,4.91,D,VIIRS
49.55765,38.05933,332.21,0.55,0.51,2026-08-23,09:30:00,N20,low,2.0NRT,306.22,4.91,D,VIIRS
49.60477,38.12075,351.83,0.55,0.51,2026-08-23,09:30:00,N20,nominal,2.0NRT,308.57,6.97,D,VIIRS
49.60914,38.11802,352.25,0.55,0.51,2026-08-23,09:30:00,N20,nominal,2.0NRT,312.57,19.05,D,VIIRS
49.60737,38.1114,340.41,0.55,0.51,2026-08-23,09:30:00,N20,nominal,2.0NRT,308.78,8.37,D,VIIRS
49.54805,37.89013,335.26,0.56,0.52,2026-08-23,09:30:00,N20,low,2.0NRT,308.08,8.7,D,VIIRS
49.61351,38.1153,354.28,0.55,0.51,2026-08-23,09:30:00,N20,nominal,2.0NRT,306.2,19.05,D,VIIRS
49.51301,37.74124,331.42,0.57,0.52,2026-08-23,09:30:00,N20,nominal,2.0NRT,306.28,3.64,D,VIIRS
49.62294,38.03571,341.25,0.55,0.51,2026-08-23,09:30:00,N20,nominal,2.0NRT,306.63,12.72,D,VIIRS
49.62099,38.0284,347.42,0.55,0.51,2026-08-23,09:30:00,N20,nominal,2.0NRT,309.85,12.72,D,VIIRS
49.62732,38.03297,333.31,0.55,0.51,2026-08-23,09:30:00,N20,low,2.0NRT,305.51,6.63,D,VIIRS
49.65029,38.10043,344.82,0.55,0.51,2026-08-23,09:30:00,N20,nominal,2.0NRT,311.72,17.19,D,VIIRS
49.5772,37.787,336.4,0.57,0.52,2026-08-23,09:30:00,N20,nominal,2.0NRT,307.17,4.83,D,VIIRS
49.64485,38.02205,340.59,0.55,0.51,2026-08-23,09:30:00,N20,nominal,2.0NRT,304.59,24.25,D,VIIRS
49.64295,38.01488,341.7,0.55,0.51,2026-08-23,09:30:00,N20,nominal,2.0NRT,311.12,24.25,D,VIIRS
49.67527,38.11805,343.7,0.54,0.51,2026-08-23,09:30:00,N20,nominal,2.0NRT,307.6,8.28,D,VIIRS
49.64926,38.01942,341.69,0.55,0.51,2026-08-23,09:30:00,N20,nominal,2.0NRT,308.4,24.25,D,VIIRS
49.67965,38.11544,339.42,0.54,0.51,2026-08-23,09:30:00,N20,nominal,2.0NRT,304.77,4.47,D,VIIRS
49.67377,38.11891,335.81,0.54,0.51,2026-08-23,09:30:00,N20,low,2.0NRT,306.12,5.2,D,VIIRS
49.64727,38.02058,340.9,0.55,0.51,2026-08-23,09:30:00,N20,nominal,2.0NRT,307.09,17.8,D,VIIRS
49.67815,38.11621,342.93,0.54,0.51,2026-08-23,09:30:00,N20,nominal,2.0NRT,305.97,5.2,D,VIIRS
49.6517,38.01801,340.44,0.55,0.51,2026-08-23,09:30:00,N20,nominal,2.0NRT,305.01,17.8,D,VIIRS
49.66523,37.99227,332.22,0.55,0.51,2026-08-23,09:30:00,N20,low,2.0NRT,306.64,7.81,D,VIIRS
49.60495,37.76932,330.59,0.57,0.52,2026-08-23,09:30:00,N20,nominal,2.0NRT,305.28,3.28,D,VIIRS
49.64227,37.75409,355.67,0.56,0.52,2026-08-23,09:30:00,N20,nominal,2.0NRT,309.74,14.74,D,VIIRS
49.66677,37.80677,341.31,0.56,0.52,2026-08-23,09:30:00,N20,nominal,2.0NRT,306.95,6.8,D,VIIRS
49.67311,37.81118,341.27,0.56,0.52,2026-08-23,09:30:00,N20,nominal,2.0NRT,306.49,5.65,D,VIIRS
49.63562,37.67174,338.39,0.57,0.52,2026-08-23,09:30:00,N20,nominal,2.0NRT,307.3,6.93,D,VIIRS
49.67749,37.80828,334.52,0.56,0.52,2026-08-23,09:30:00,N20,nominal,2.0NRT,303.98,5.65,D,VIIRS
48.71334,34.39673,340.03,0.42,0.61,2026-08-23,09:30:00,N20,nominal,2.0NRT,296.53,6.29,D,VIIRS
47.49492,30.71923,330.9,0.65,0.73,2026-08-23,09:30:00,N20,nominal,2.0NRT,289.9,13.52,D,VIIRS
49.6385,37.56648,342.15,0.58,0.52,2026-08-23,09:30:00,N20,nominal,2.0NRT,309.71,6.17,D,VIIRS
49.64481,37.57053,338.39,0.57,0.52,2026-08-23,09:30:00,N20,nominal,2.0NRT,304.23,6.17,D,VIIRS
49.64286,37.56332,345.8,0.58,0.52,2026-08-23,09:30:00,N20,nominal,2.0NRT,308.47,6.17,D,VIIRS
49.93061,38.65083,338.82,0.51,0.49,2026-08-23,09:30:00,N20,nominal,2.0NRT,307.35,4.5,D,VIIRS
49.79751,38.14877,340.75,0.54,0.51,2026-08-23,09:30:00,N20,nominal,2.0NRT,304.91,5.47,D,VIIRS
49.63762,37.56001,340.28,0.58,0.52,2026-08-23,09:30:00,N20,nominal,2.0NRT,308.26,12.01,D,VIIRS
49.64595,37.57132,335.19,0.57,0.52,2026-08-23,09:30:00,N20,nominal,2.0NRT,301.73,3.35,D,VIIRS
49.64397,37.56411,343.12,0.57,0.52,2026-08-23,09:30:00,N20,nominal,2.0NRT,305.77,12.01,D,VIIRS
48.71765,34.39311,346.6,0.42,0.61,2026-08-23,09:30:00,N20,nominal,2.0NRT,297.16,3.04,D,VIIRS
47.50021,30.71863,335.65,0.65,0.73,2026-08-23,09:30:00,N20,nominal,2.0NRT,291.85,10.39,D,VIIRS
49.64846,37.46587,335.22,0.58,0.52,2026-08-23,09:30:00,N20,low,2.0NRT,306.43,5.47,D,VIIRS
49.82656,38.10583,345.99,0.54,0.51,2026-08-23,09:30:00,N20,nominal,2.0NRT,306.54,9.18,D,VIIRS
49.82466,38.09867,339.34,0.54,0.51,2026-08-23,09:30:00,N20,nominal,2.0NRT,303.87,9.18,D,VIIRS
49.70907,37.6689,333.84,0.57,0.52,2026-08-23,09:30:00,N20,nominal,2.0NRT,307.73,3.2,D,VIIRS
49.65489,37.47019,340.87,0.58,0.52,2026-08-23,09:30:00,N20,nominal,2.0NRT,306.67,11.29,D,VIIRS
49.81242,37.89992,338.25,0.55,0.51,2026-08-23,09:30:00,N20,nominal,2.0NRT,307.2,4.36,D,VIIRS
49.77143,37.68887,343.49,0.56,0.52,2026-08-23,09:30:00,N20,nominal,2.0NRT,310.21,10.28,D,VIIRS
49.77634,37.66857,352.61,0.56,0.52,2026-08-23,09:30:00,N20,nominal,2.0NRT,317.25,50.67,D,VIIRS
49.75927,37.58558,336.32,0.57,0.52,2026-08-23,09:30:00,N20,nominal,2.0NRT,306.01,3.2,D,VIIRS
49.85117,37.89195,355.19,0.55,0.51,2026-08-23,09:30:00,N20,nominal,2.0NRT,307.42,14.46,D,VIIRS
49.79539,37.68189,342.7,0.56,0.52,2026-08-23,09:30:00,N20,nominal,2.0NRT,310.91,10.87,D,VIIRS
49.80564,37.70097,338.96,0.56,0.52,2026-08-23,09:30:00,N20,low,2.0NRT,311.73,6.21,D,VIIRS
49.79978,37.67896,341.98,0.56,0.52,2026-08-23,09:30:00,N20,nominal,2.0NRT,308.43,10.87,D,VIIRS
49.77285,37.66899,355.64,0.56,0.52,2026-08-23,09:30:00,N20,nominal,2.0NRT,315.2,30.08,D,VIIRS
49.77726,37.66615,350.01,0.56,0.52,2026-08-23,09:30:00,N20,nominal,2.0NRT,311.2,30.08,D,VIIRS
49.75983,37.58353,339.96,0.57,0.52,2026-08-23,09:30:00,N20,nominal,2.0NRT,305.76,4.46,D,VIIRS
49.84885,37.89153,367,0.55,0.51,2026-08-23,09:30:00,N20,high,2.0NRT,308.85,15.88,D,VIIRS
49.80435,37.70849,335.76,0.56,0.52,2026-08-23,09:30:00,N20,low,2.0NRT,305.8,8.85,D,VIIRS
49.79841,37.68669,343.06,0.56,0.52,2026-08-23,09:30:00,N20,nominal,2.0NRT,309.87,13.46,D,VIIRS
49.82495,37.74631,355.62,0.56,0.51,2026-08-23,09:30:00,N20,nominal,2.0NRT,311.28,8.67,D,VIIRS
49.80917,37.68818,348.17,0.56,0.52,2026-08-23,09:30:00,N20,nominal,2.0NRT,312.17,20.04,D,VIIRS
49.82932,37.74341,338.67,0.56,0.51,2026-08-23,09:30:00,N20,nominal,2.0NRT,309.62,8.67,D,VIIRS
49.88021,37.91302,348.71,0.55,0.51,2026-08-23,09:30:00,N20,nominal,2.0NRT,307.06,13.57,D,VIIRS
49.8783,37.90593,352.73,0.55,0.51,2026-08-23,09:30:00,N20,nominal,2.0NRT,313.95,13.57,D,VIIRS
49.89022,37.93134,341.96,0.55,0.51,2026-08-23,09:30:00,N20,nominal,2.0NRT,307.54,6,D,VIIRS
49.88454,37.91015,344.07,0.55,0.51,2026-08-23,09:30:00,N20,nominal,2.0NRT,307.98,13.57,D,VIIRS
49.88264,37.90307,335.88,0.55,0.51,2026-08-23,09:30:00,N20,low,2.0NRT,306.54,13.57,D,VIIRS
49.88074,37.896,344.88,0.55,0.51,2026-08-23,09:30:00,N20,nominal,2.0NRT,308.77,14.05,D,VIIRS
49.89458,37.92855,367,0.55,0.51,2026-08-23,09:30:00,N20,high,2.0NRT,315.04,58.67,D,VIIRS
49.8927,37.92154,350.98,0.55,0.51,2026-08-23,09:30:00,N20,nominal,2.0NRT,315.68,23.21,D,VIIRS
49.8908,37.91444,345.75,0.55,0.51,2026-08-23,09:30:00,N20,nominal,2.0NRT,306.16,23.21,D,VIIRS
49.88888,37.90729,349.51,0.55,0.51,2026-08-23,09:30:00,N20,nominal,2.0NRT,309.38,12.48,D,VIIRS
49.88509,37.89314,345.84,0.55,0.51,2026-08-23,09:30:00,N20,nominal,2.0NRT,310.09,9.54,D,VIIRS
49.79136,37.54641,350.47,0.57,0.52,2026-08-23,09:30:00,N20,nominal,2.0NRT,310.76,17.14,D,VIIRS
49.89889,37.92562,346.88,0.55,0.51,2026-08-23,09:30:00,N20,nominal,2.0NRT,313.65,58.67,D,VIIRS
49.89703,37.91866,351.57,0.55,0.51,2026-08-23,09:30:00,N20,nominal,2.0NRT,310.08,23.21,D,VIIRS
49.89515,37.91164,338.52,0.55,0.51,2026-08-23,09:30:00,N20,nominal,2.0NRT,304.41,23.21,D,VIIRS
49.89324,37.90452,348.54,0.55,0.51,2026-08-23,09:30:00,N20,nominal,2.0NRT,306.38,12.48,D,VIIRS
49.88943,37.89029,339.17,0.55,0.51,2026-08-23,09:30:00,N20,nominal,2.0NRT,307.88,9.54,D,VIIRS
49.89568,37.89454,336.68,0.55,0.51,2026-08-23,09:30:00,N20,nominal,2.0NRT,304.57,3.66,D,VIIRS
49.85316,37.7363,330.93,0.56,0.51,2026-08-23,09:30:00,N20,low,2.0NRT,305.2,2.77,D,VIIRS
49.83828,37.66201,338.66,0.56,0.52,2026-08-23,09:30:00,N20,nominal,2.0NRT,305.39,8.78,D,VIIRS
49.69181,37.08751,342.93,0.6,0.53,2026-08-23,09:30:00,N20,nominal,2.0NRT,305.48,8.66,D,VIIRS
49.95153,37.87445,341.27,0.55,0.51,2026-08-23,09:30:00,N20,nominal,2.0NRT,305.02,11.54,D,VIIRS
49.94965,37.86733,340.83,0.55,0.51,2026-08-23,09:30:00,N20,nominal,2.0NRT,304.97,10.43,D,VIIRS
49.85517,37.51307,341.07,0.57,0.52,2026-08-23,09:30:00,N20,nominal,2.0NRT,305.58,10.61,D,VIIRS
49.85321,37.5058,336.44,0.57,0.52,2026-08-23,09:30:00,N20,nominal,2.0NRT,310.12,7.19,D,VIIRS
49.85127,37.49858,339.38,0.57,0.52,2026-08-23,09:30:00,N20,nominal,2.0NRT,306.18,7.19,D,VIIRS
49.94838,37.8433,349.57,0.55,0.51,2026-08-23,09:30:00,N20,nominal,2.0NRT,307.09,7.49,D,VIIRS
49.95088,37.83345,339.93,0.55,0.51,2026-08-23,09:30:00,N20,nominal,2.0NRT,307.98,7.32,D,VIIRS
49.92641,37.74109,343.26,0.55,0.51,2026-08-23,09:30:00,N20,nominal,2.0NRT,310.99,5.54,D,VIIRS
49.93076,37.73817,343.83,0.55,0.51,2026-08-23,09:30:00,N20,nominal,2.0NRT,308.04,5.54,D,VIIRS
49.94845,37.86909,348.08,0.55,0.51,2026-08-23,09:30:00,N20,nominal,2.0NRT,306.84,14.58,D,VIIRS
49.9528,37.86628,330.9,0.55,0.51,2026-08-23,09:30:00,N20,low,2.0NRT,301.84,7.6,D,VIIRS
49.94707,37.84507,344.69,0.55,0.51,2026-08-23,09:30:00,N20,nominal,2.0NRT,306.27,10.95,D,VIIRS
49.85471,37.50621,340.58,0.57,0.52,2026-08-23,09:30:00,N20,low,2.0NRT,311.29,19.17,D,VIIRS
49.94954,37.8353,341.52,0.55,0.51,2026-08-23,09:30:00,N20,nominal,2.0NRT,308.98,10.95,D,VIIRS
49.92899,37.74047,342.53,0.55,0.51,2026-08-23,09:30:00,N20,nominal,2.0NRT,310.73,6.1,D,VIIRS
49.92704,37.73327,340.22,0.55,0.51,2026-08-23,09:30:00,N20,nominal,2.0NRT,307.65,6.1,D,VIIRS
49.9702,37.79802,355.45,0.55,0.51,2026-08-23,09:30:00,N20,nominal,2.0NRT,310.42,24.57,D,VIIRS
49.97458,37.79526,341.15,0.55,0.51,2026-08-23,09:30:00,N20,nominal,2.0NRT,308.14,6.71,D,VIIRS
49.92694,37.58059,347.17,0.56,0.52,2026-08-23,09:30:00,N20,nominal,2.0NRT,308.95,14.18,D,VIIRS
49.93135,37.57774,353.96,0.56,0.52,2026-08-23,09:30:00,N20,nominal,2.0NRT,306.77,14.18,D,VIIRS
49.99329,37.67379,339.83,0.56,0.51,2026-08-23,09:30:00,N20,nominal,2.0NRT,308.43,5.87,D,VIIRS
50.02497,37.75412,355.73,0.55,0.51,2026-08-23,09:30:00,N20,nominal,2.0NRT,309.55,12.69,D,VIIRS
50.00819,37.67184,333.94,0.55,0.51,2026-08-23,09:30:00,N20,nominal,2.0NRT,304.02,3.04,D,VIIRS
49.92298,37.29638,333.73,0.58,0.52,2026-08-23,09:30:00,N20,low,2.0NRT,307.67,14.26,D,VIIRS
49.92748,37.29367,356.62,0.58,0.52,2026-08-23,09:30:00,N20,nominal,2.0NRT,312.92,14.26,D,VIIRS
49.92343,37.27865,339.74,0.58,0.52,2026-08-23,09:30:00,N20,nominal,2.0NRT,308.68,8.69,D,VIIRS
50.0274,37.75251,337.15,0.55,0.51,2026-08-23,09:30:00,N20,nominal,2.0NRT,305.91,2.97,D,VIIRS
49.92334,37.29658,341.96,0.58,0.52,2026-08-23,09:30:00,N20,nominal,2.0NRT,309.04,14.86,D,VIIRS
49.91926,37.28183,341.54,0.58,0.52,2026-08-23,09:30:00,N20,nominal,2.0NRT,309.81,24.28,D,VIIRS
49.92784,37.29389,355.31,0.58,0.52,2026-08-23,09:30:00,N20,nominal,2.0NRT,312.95,14.86,D,VIIRS
48.73274,33.17073,340.84,0.47,0.64,2026-08-23,09:30:00,N20,nominal,2.0NRT,290.63,6.79,D,VIIRS
50.12561,37.62186,349.03,0.55,0.51,2026-08-23,09:30:00,N20,nominal,2.0NRT,311.1,19.91,D,VIIRS
50.12833,37.62126,342.78,0.55,0.51,2026-08-23,09:30:00,N20,nominal,2.0NRT,308.69,11.08,D,VIIRS
50.12631,37.61382,340.48,0.55,0.51,2026-08-23,09:30:00,N20,nominal,2.0NRT,309.24,9.1,D,VIIRS
47.63826,29.67757,328.59,0.71,0.75,2026-08-23,09:30:00,N20,nominal,2.0NRT,295.88,5.45,D,VIIRS
50.24965,37.585,354.98,0.55,0.51,2026-08-23,09:30:00,N20,nominal,2.0NRT,307.47,8.22,D,VIIRS
48.00528,30.26771,354.86,0.65,0.73,2026-08-23,09:30:00,N20,nominal,2.0NRT,297.12,7.21,D,VIIRS
50.22531,37.08981,340.83,0.58,0.52,2026-08-23,09:30:00,N20,nominal,2.0NRT,304.4,11.57,D,VIIRS
50.23664,37.07372,341,0.58,0.52,2026-08-23,09:30:00,N20,nominal,2.0NRT,304.92,9.88,D,VIIRS
47.96676,29.68101,367,0.69,0.74,2026-08-23,09:30:00,N20,high,2.0NRT,296.66,18.59,D,VIIRS
50.41984,37.40491,346.12,0.55,0.51,2026-08-23,09:30:00,N20,nominal,2.0NRT,305.34,6.23,D,VIIRS
50.42208,37.40364,350.09,0.55,0.51,2026-08-23,09:30:00,N20,nominal,2.0NRT,307.05,7.58,D,VIIRS
47.96309,29.68559,338.06,0.69,0.74,2026-08-23,09:30:00,N20,nominal,2.0NRT,295.1,9.35,D,VIIRS
47.95996,29.67717,341.78,0.69,0.74,2026-08-23,09:30:00,N20,nominal,2.0NRT,296.04,12.78,D,VIIRS
50.32086,36.90106,338.8,0.58,0.52,2026-08-23,09:30:00,N20,nominal,2.0NRT,302.11,7.58,D,VIIRS
50.28977,36.19796,347.24,0.63,0.54,2026-08-23,09:30:00,N20,nominal,2.0NRT,299.64,8.55,D,VIIRS
50.32854,36.21965,332.34,0.62,0.54,2026-08-23,09:30:00,N20,nominal,2.0NRT,298.4,3.4,D,VIIRS
50.2915,36.19788,336.41,0.62,0.54,2026-08-23,09:30:00,N20,nominal,2.0NRT,299.05,6.22,D,VIIRS
50.32591,36.22268,330.56,0.62,0.54,2026-08-23,09:30:00,N20,nominal,2.0NRT,297.42,3.33,D,VIIRS
48.04102,28.96997,330.27,0.73,0.76,2026-08-23,09:30:00,N20,nominal,2.0NRT,291,4.06,D,VIIRS
48.71807,30.75809,342.49,0.59,0.7,2026-08-23,09:30:00,N20,nominal,2.0NRT,296.27,4.97,D,VIIRS
48.03923,28.96467,332.87,0.73,0.76,2026-08-23,09:30:00,N20,nominal,2.0NRT,293.34,5.16,D,VIIRS
48.721,30.75829,328.62,0.59,0.7,2026-08-23,09:30:00,N20,nominal,2.0NRT,294.63,1.75,D,VIIRS
51.20114,29.18861,349.83,0.55,0.68,2026-08-23,09:32:00,N20,nominal,2.0NRT,295.87,51.89,D,VIIRS
51.20356,29.19538,347.51,0.55,0.68,2026-08-23,09:32:00,N20,nominal,2.0NRT,303.38,34.01,D,VIIRS
51.20597,29.20211,355.08,0.55,0.68,2026-08-23,09:32:00,N20,nominal,2.0NRT,288.86,34.01,D,VIIRS
51.19076,29.17988,341.75,0.55,0.68,2026-08-23,09:32:00,N20,nominal,2.0NRT,299.68,51.34,D,VIIRS
51.19807,29.20027,329.7,0.55,0.68,2026-08-23,09:32:00,N20,nominal,2.0NRT,289.49,6.21,D,VIIRS
51.19322,29.18674,367,0.55,0.68,2026-08-23,09:32:00,N20,high,2.0NRT,296.66,27.23,D,VIIRS
51.18775,29.19172,352.42,0.55,0.68,2026-08-23,09:32:00,N20,nominal,2.0NRT,296.38,27.23,D,VIIRS
51.19017,29.19848,367,0.55,0.68,2026-08-23,09:32:00,N20,high,2.0NRT,291.18,27.23,D,VIIRS
51.1847,29.20343,367,0.55,0.68,2026-08-23,09:32:00,N20,high,2.0NRT,290.1,31.85,D,VIIRS
51.18887,29.19036,353.43,0.55,0.68,2026-08-23,09:32:00,N20,nominal,2.0NRT,295.52,44,D,VIIRS
51.19128,29.19719,367,0.55,0.68,2026-08-23,09:32:00,N20,high,2.0NRT,292.4,27.12,D,VIIRS
51.1858,29.20215,367,0.55,0.68,2026-08-23,09:32:00,N20,high,2.0NRT,291.89,27.12,D,VIIRS
51.01422,30.32303,329.33,0.5,0.66,2026-08-23,09:32:00,N20,nominal,2.0NRT,290.63,10.95,D,VIIRS
51.00887,30.32765,338.43,0.5,0.66,2026-08-23,09:32:00,N20,nominal,2.0NRT,294.05,10.95,D,VIIRS
51.01106,30.33401,367,0.5,0.66,2026-08-23,09:32:00,N20,high,2.0NRT,293.03,10.95,D,VIIRS
51.00037,30.34328,367,0.5,0.66,2026-08-23,09:32:00,N20,high,2.0NRT,293.31,20.05,D,VIIRS
51.53215,34.14659,341.33,0.34,0.56,2026-08-23,09:32:00,N20,nominal,2.0NRT,294.92,3.13,D,VIIRS
51.28512,34.18798,355.21,0.35,0.57,2026-08-23,09:32:00,N20,nominal,2.0NRT,297.56,8.34,D,VIIRS
51.28648,34.19253,342.44,0.35,0.57,2026-08-23,09:32:00,N20,nominal,2.0NRT,296.03,7.79,D,VIIRS
51.28785,34.19707,367,0.35,0.57,2026-08-23,09:32:00,N20,high,2.0NRT,296.27,7.79,D,VIIRS
51.28175,34.19611,338.76,0.35,0.57,2026-08-23,09:32:00,N20,nominal,2.0NRT,295.69,4,D,VIIRS
51.28312,34.20065,349.96,0.35,0.57,2026-08-23,09:32:00,N20,nominal,2.0NRT,295.68,4,D,VIIRS
51.20639,34.3004,367,0.35,0.57,2026-08-23,09:32:00,N20,high,2.0NRT,294.85,7.49,D,VIIRS
50.48226,35.01262,367,0.34,0.56,2026-08-23,09:32:00,N20,high,2.0NRT,292.69,6.43,D,VIIRS
48.4431,29.5091,367,0.67,0.74,2026-08-23,09:32:00,N20,high,2.0NRT,295.78,30.33,D,VIIRS
51.20169,29.16988,351.37,0.55,0.68,2026-08-23,09:32:00,N20,nominal,2.0NRT,300.45,29.41,D,VIIRS
51.20415,29.17675,347.36,0.55,0.68,2026-08-23,09:32:00,N20,nominal,2.0NRT,305.85,51.89,D,VIIRS
51.20658,29.18356,346.15,0.55,0.68,2026-08-23,09:32:00,N20,nominal,2.0NRT,298.91,51.89,D,VIIRS
51.19924,29.16305,367,0.55,0.68,2026-08-23,09:32:00,N20,high,2.0NRT,297.71,29.41,D,VIIRS
51.20901,29.19033,367,0.55,0.68,2026-08-23,09:32:00,N20,high,2.0NRT,291.05,34.01,D,VIIRS
51.19622,29.17487,350.2,0.55,0.68,2026-08-23,09:32:00,N20,nominal,2.0NRT,295.18,29.41,D,VIIRS
51.19869,29.18176,326.04,0.55,0.68,2026-08-23,09:32:00,N20,nominal,2.0NRT,295.94,51.89,D,VIIRS
46.59351,32.90292,353.57,0.39,0.44,2026-08-23,11:10:00,N20,nominal,2.0NRT,308.95,18.38,D,VIIRS
48.85112,38.67373,348.91,0.38,0.59,2026-08-23,11:10:00,N20,nominal,2.0NRT,319.47,14.46,D,VIIRS
48.85129,38.67897,367,0.38,0.59,2026-08-23,11:10:00,N20,high,2.0NRT,307.66,14.46,D,VIIRS
48.84731,38.72691,367,0.38,0.59,2026-08-23,11:10:00,N20,low,2.0NRT,325.78,95.98,D,VIIRS
48.84748,38.73221,367,0.38,0.59,2026-08-23,11:10:00,N20,high,2.0NRT,312.1,95.98,D,VIIRS
48.84186,38.72731,367,0.38,0.59,2026-08-23,11:10:00,N20,low,2.0NRT,329.25,78.61,D,VIIRS
48.84202,38.73262,367,0.38,0.59,2026-08-23,11:10:00,N20,low,2.0NRT,330.92,78.61,D,VIIRS
48.82652,38.25561,343.27,0.36,0.58,2026-08-23,11:10:00,N20,low,2.0NRT,313.36,5.21,D,VIIRS
48.84234,38.74323,350.53,0.38,0.59,2026-08-23,11:10:00,N20,nominal,2.0NRT,320.56,61.77,D,VIIRS
48.84218,38.73792,367,0.38,0.59,2026-08-23,11:10:00,N20,high,2.0NRT,319.95,61.77,D,VIIRS
48.8425,38.7486,367,0.38,0.59,2026-08-23,11:10:00,N20,high,2.0NRT,319.83,41.66,D,VIIRS
48.83384,38.64396,367,0.38,0.59,2026-08-23,11:10:00,N20,high,2.0NRT,313.5,13.96,D,VIIRS
48.83704,38.74905,367,0.38,0.59,2026-08-23,11:10:00,N20,high,2.0NRT,317.43,41.66,D,VIIRS
48.84624,38.72314,367,0.38,0.59,2026-08-23,11:10:00,N20,low,2.0NRT,358.97,122.33,D,VIIRS
48.84643,38.72844,367,0.38,0.59,2026-08-23,11:10:00,N20,low,2.0NRT,326.4,122.33,D,VIIRS
48.84605,38.71784,349.23,0.38,0.59,2026-08-23,11:10:00,N20,nominal,2.0NRT,313.6,83.71,D,VIIRS
48.84681,38.73901,345.98,0.38,0.59,2026-08-23,11:10:00,N20,nominal,2.0NRT,311.73,37.24,D,VIIRS
48.84662,38.73373,367,0.38,0.59,2026-08-23,11:10:00,N20,high,2.0NRT,313.29,37.24,D,VIIRS
48.84116,38.73413,367,0.38,0.59,2026-08-23,11:10:00,N20,low,2.0NRT,333.05,37.24,D,VIIRS
49.02934,38.05781,352.69,0.36,0.57,2026-08-23,11:10:00,N20,nominal,2.0NRT,309.18,4.97,D,VIIRS
49.03905,37.88953,337.11,0.35,0.57,2026-08-23,11:10:00,N20,nominal,2.0NRT,304.5,2.07,D,VIIRS
49.05455,38.02068,346.21,0.36,0.57,2026-08-23,11:10:00,N20,nominal,2.0NRT,309.14,4.8,D,VIIRS
49.05289,37.97633,355.96,0.35,0.57,2026-08-23,11:10:00,N20,nominal,2.0NRT,309.73,13.22,D,VIIRS
49.05272,37.97149,352.7,0.35,0.57,2026-08-23,11:10:00,N20,nominal,2.0NRT,314.65,21.37,D,VIIRS
49.06058,38.04005,337.1,0.36,0.57,2026-08-23,11:10:00,N20,low,2.0NRT,307.45,1.98,D,VIIRS
49.06021,38.03018,343.08,0.36,0.57,2026-08-23,11:10:00,N20,nominal,2.0NRT,307.78,5.2,D,VIIRS
49.0571,37.94746,335.38,0.35,0.57,2026-08-23,11:10:00,N20,low,2.0NRT,308.78,4.15,D,VIIRS
49.04858,37.72879,347.32,0.35,0.56,2026-08-23,11:10:00,N20,nominal,2.0NRT,306.52,3.85,D,VIIRS
49.05532,37.76632,367,0.35,0.56,2026-08-23,11:10:00,N20,high,2.0NRT,311.87,16.26,D,VIIRS
49.05455,37.74706,367,0.35,0.56,2026-08-23,11:10:00,N20,high,2.0NRT,308.51,4.71,D,VIIRS
49.05494,37.75669,335.07,0.35,0.56,2026-08-23,11:10:00,N20,low,2.0NRT,307.87,4.54,D,VIIRS
49.06112,37.77999,367,0.35,0.56,2026-08-23,11:10:00,N20,high,2.0NRT,311.1,6.21,D,VIIRS
49.08308,38.36718,342.24,0.37,0.58,2026-08-23,11:10:00,N20,nominal,2.0NRT,307.21,3.42,D,VIIRS
49.0613,37.78476,336.79,0.35,0.57,2026-08-23,11:10:00,N20,nominal,2.0NRT,306.16,6.21,D,VIIRS
49.05997,37.75136,330.35,0.35,0.56,2026-08-23,11:10:00,N20,nominal,2.0NRT,304.95,4.54,D,VIIRS
49.05978,37.74664,337.33,0.35,0.56,2026-08-23,11:10:00,N20,nominal,2.0NRT,304.22,4.71,D,VIIRS
49.06905,37.84726,341.15,0.35,0.57,2026-08-23,11:10:00,N20,nominal,2.0NRT,306.79,2.3,D,VIIRS
49.08195,38.04314,367,0.36,0.57,2026-08-23,11:10:00,N20,high,2.0NRT,310.22,10.52,D,VIIRS
49.08176,38.03819,350.65,0.36,0.57,2026-08-23,11:10:00,N20,nominal,2.0NRT,310.48,10.59,D,VIIRS
49.09332,38.06217,367,0.36,0.57,2026-08-23,11:10:00,N20,high,2.0NRT,310.22,4.02,D,VIIRS
49.08601,37.87584,367,0.35,0.57,2026-08-23,11:10:00,N20,high,2.0NRT,311.81,7.79,D,VIIRS
49.08245,37.78786,367,0.35,0.57,2026-08-23,11:10:00,N20,high,2.0NRT,308.5,9.91,D,VIIRS
49.09351,38.06712,341.81,0.36,0.57,2026-08-23,11:10:00,N20,nominal,2.0NRT,309.6,4.02,D,VIIRS
49.09198,38.02755,348.28,0.36,0.57,2026-08-23,11:10:00,N20,nominal,2.0NRT,309.17,3.55,D,VIIRS
49.08225,37.78304,343.24,0.35,0.57,2026-08-23,11:10:00,N20,nominal,2.0NRT,305.46,5.93,D,VIIRS
48.44529,29.50385,346.8,0.46,0.39,2026-08-23,11:10:00,N20,nominal,2.0NRT,304.81,8.39,D,VIIRS
49.09824,38.05195,367,0.36,0.57,2026-08-23,11:10:00,N20,high,2.0NRT,310.62,4.88,D,VIIRS
49.09901,38.07167,342.65,0.36,0.57,2026-08-23,11:10:00,N20,nominal,2.0NRT,313.29,11.1,D,VIIRS
49.09881,38.06673,355.87,0.36,0.57,2026-08-23,11:10:00,N20,nominal,2.0NRT,315.32,16.74,D,VIIRS
49.09843,38.05686,342.04,0.36,0.57,2026-08-23,11:10:00,N20,nominal,2.0NRT,309.42,4.88,D,VIIRS
49.09008,37.84614,338.28,0.35,0.57,2026-08-23,11:10:00,N20,low,2.0NRT,308.6,5.06,D,VIIRS
49.08988,37.84126,335.47,0.35,0.57,2026-08-23,11:10:00,N20,low,2.0NRT,309.53,6.29,D,VIIRS
49.06879,37.01839,336.48,0.32,0.55,2026-08-23,11:10:00,N20,low,2.0NRT,310.13,4.89,D,VIIRS
49.06857,37.01383,338.98,0.32,0.55,2026-08-23,11:10:00,N20,nominal,2.0NRT,308.93,3.22,D,VIIRS
49.10704,37.74807,367,0.35,0.56,2026-08-23,11:10:00,N20,high,2.0NRT,305.54,7.44,D,VIIRS
49.10724,37.75277,337.85,0.35,0.56,2026-08-23,11:10:00,N20,nominal,2.0NRT,304.23,7.44,D,VIIRS
49.10684,37.74332,353.34,0.35,0.56,2026-08-23,11:10:00,N20,nominal,2.0NRT,308.23,11.48,D,VIIRS
49.07406,37.02251,353.98,0.32,0.55,2026-08-23,11:10:00,N20,nominal,2.0NRT,306.53,4.07,D,VIIRS
49.12524,37.93138,339.75,0.35,0.57,2026-08-23,11:10:00,N20,nominal,2.0NRT,309.68,6.1,D,VIIRS
49.12503,37.92646,344.19,0.35,0.57,2026-08-23,11:10:00,N20,nominal,2.0NRT,309.77,5.57,D,VIIRS
49.11811,37.76147,334.73,0.35,0.56,2026-08-23,11:10:00,N20,nominal,2.0NRT,307.94,2.44,D,VIIRS
49.09752,37.30054,332.23,0.33,0.55,2026-08-23,11:10:00,N20,nominal,2.0NRT,305.38,1.45,D,VIIRS
49.12989,37.91591,331.92,0.35,0.57,2026-08-23,11:10:00,N20,low,2.0NRT,306.78,3.01,D,VIIRS
49.12333,37.76081,342.66,0.35,0.56,2026-08-23,11:10:00,N20,nominal,2.0NRT,305.48,2.44,D,VIIRS
49.10693,37.74466,367,0.35,0.56,2026-08-23,11:10:00,N20,high,2.0NRT,310.52,16.14,D,VIIRS
49.10711,37.7494,342.25,0.35,0.56,2026-08-23,11:10:00,N20,nominal,2.0NRT,304.84,10.33,D,VIIRS
49.09468,37.30156,338.12,0.33,0.55,2026-08-23,11:10:00,N20,nominal,2.0NRT,304.61,1.69,D,VIIRS
49.12421,37.92816,367,0.35,0.57,2026-08-23,11:10:00,N20,high,2.0NRT,310.94,5.83,D,VIIRS
49.1273,37.86837,344.36,0.35,0.57,2026-08-23,11:10:00,N20,nominal,2.0NRT,307.31,1.95,D,VIIRS
49.13035,37.54131,367,0.34,0.56,2026-08-23,11:10:00,N20,high,2.0NRT,310.89,42.18,D,VIIRS
49.13016,37.53671,353.24,0.34,0.56,2026-08-23,11:10:00,N20,nominal,2.0NRT,315.7,42.18,D,VIIRS
49.13552,37.5408,367,0.34,0.56,2026-08-23,11:10:00,N20,high,2.0NRT,323.7,42.18,D,VIIRS
49.16682,38.0782,346.55,0.36,0.57,2026-08-23,11:10:00,N20,nominal,2.0NRT,308.02,5.7,D,VIIRS
49.16489,37.8853,342.45,0.35,0.57,2026-08-23,11:10:00,N20,nominal,2.0NRT,307.51,3.73,D,VIIRS
48.84154,38.74474,367,0.38,0.59,2026-08-23,11:10:00,N20,low,2.0NRT,326.74,37.44,D,VIIRS
48.82314,38.25254,336.83,0.36,0.58,2026-08-23,11:10:00,N20,low,2.0NRT,311.81,5.46,D,VIIRS
48.84078,38.72352,354.18,0.38,0.59,2026-08-23,11:10:00,N20,nominal,2.0NRT,316.51,122.33,D,VIIRS
48.84135,38.73943,367,0.38,0.59,2026-08-23,11:10:00,N20,high,2.0NRT,319.5,37.24,D,VIIRS
48.84173,38.75012,367,0.38,0.59,2026-08-23,11:10:00,N20,high,2.0NRT,317.76,37.44,D,VIIRS
48.83255,38.64554,367,0.38,0.59,2026-08-23,11:10:00,N20,high,2.0NRT,313.61,13.91,D,VIIRS
48.83627,38.75055,367,0.38,0.59,2026-08-23,11:10:00,N20,high,2.0NRT,312.83,35.8,D,VIIRS
48.81003,38.47368,334.28,0.37,0.58,2026-08-23,11:10:00,N20,low,2.0NRT,304.37,1.97,D,VIIRS
48.76228,37.67253,338.15,0.34,0.56,2026-08-23,11:10:00,N20,nominal,2.0NRT,311.96,10.03,D,VIIRS
48.76248,37.67708,367,0.34,0.56,2026-08-23,11:10:00,N20,high,2.0NRT,312.89,15.56,D,VIIRS
48.7583,37.70165,333.55,0.34,0.56,2026-08-23,11:10:00,N20,low,2.0NRT,307.56,2.46,D,VIIRS
48.07681,29.18321,338.83,0.45,0.39,2026-08-23,11:10:00,N20,nominal,2.0NRT,306.03,4.77,D,VIIRS
48.72654,37.10724,343.37,0.32,0.55,2026-08-23,11:10:00,N20,nominal,2.0NRT,310.13,4.69,D,VIIRS
48.07328,29.1841,340.5,0.45,0.39,2026-08-23,11:10:00,N20,nominal,2.0NRT,308.59,4.77,D,VIIRS
48.04323,28.96042,355.19,0.44,0.38,2026-08-23,11:10:00,N20,nominal,2.0NRT,310.5,8.05,D,VIIRS
48.06905,29.17904,337.7,0.45,0.39,2026-08-23,11:10:00,N20,nominal,2.0NRT,304.71,5.23,D,VIIRS
48.672,36.23017,350.17,0.58,0.52,2026-08-23,11:10:00,N20,nominal,2.0NRT,316.33,15.4,D,VIIRS
48.67243,36.23808,344.88,0.59,0.52,2026-08-23,11:10:00,N20,nominal,2.0NRT,311.32,15.4,D,VIIRS
48.74483,37.75457,334.89,0.34,0.56,2026-08-23,11:10:00,N20,nominal,2.0NRT,307.99,3.61,D,VIIRS
48.73363,37.73662,332.32,0.34,0.56,2026-08-23,11:10:00,N20,low,2.0NRT,306.77,2.15,D,VIIRS
48.70324,37.04345,367,0.32,0.54,2026-08-23,11:10:00,N20,high,2.0NRT,309.23,11.59,D,VIIRS
48.50406,33.84283,338.11,0.45,0.47,2026-08-23,11:10:00,N20,nominal,2.0NRT,302.41,4.06,D,VIIRS
48.73398,37.87597,354.1,0.35,0.57,2026-08-23,11:10:00,N20,nominal,2.0NRT,309.85,11.83,D,VIIRS
48.74186,38.08078,333.65,0.36,0.57,2026-08-23,11:10:00,N20,nominal,2.0NRT,307.48,6.12,D,VIIRS
48.73417,37.88083,367,0.35,0.57,2026-08-23,11:10:00,N20,high,2.0NRT,309.45,12.36,D,VIIRS
48.74168,38.0758,367,0.36,0.57,2026-08-23,11:10:00,N20,high,2.0NRT,310.4,6.12,D,VIIRS
48.73637,38.07601,351.18,0.36,0.57,2026-08-23,11:10:00,N20,nominal,2.0NRT,309.18,6.48,D,VIIRS
48.73656,38.08091,367,0.36,0.57,2026-08-23,11:10:00,N20,high,2.0NRT,311.7,6.48,D,VIIRS
48.73675,38.08595,367,0.36,0.57,2026-08-23,11:10:00,N20,high,2.0NRT,312.24,12.79,D,VIIRS
48.44562,33.19912,334.65,0.42,0.46,2026-08-23,11:10:00,N20,nominal,2.0NRT,298.56,2.35,D,VIIRS
48.71072,37.8187,338,0.35,0.56,2026-08-23,11:10:00,N20,nominal,2.0NRT,308.1,5.47,D,VIIRS
48.7109,37.823480000000004,367,0.35,0.56,2026-08-23,11:10:00,N20,high,2.0NRT,310.27,10.74,D,VIIRS
48.71231,37.99908,335.22,0.35,0.57,2026-08-23,11:10:00,N20,low,2.0NRT,308.71,3.57,D,VIIRS
48.70138,37.84896,336.5,0.35,0.57,2026-08-23,11:10:00,N20,nominal,2.0NRT,304.21,3.12,D,VIIRS
48.70247,37.87736,336.53,0.35,0.57,2026-08-23,11:10:00,N20,low,2.0NRT,307.92,3.66,D,VIIRS
48.69812,37.90185,335.43,0.35,0.57,2026-08-23,11:10:00,N20,low,2.0NRT,308.52,4,D,VIIRS
48.69121,37.72134,367,0.34,0.56,2026-08-23,11:10:00,N20,high,2.0NRT,309.06,11.27,D,VIIRS
48.67973,37.56282,338.65,0.34,0.56,2026-08-23,11:10:00,N20,nominal,2.0NRT,309.73,2.99,D,VIIRS
48.6799,37.56738,340.67,0.34,0.56,2026-08-23,11:10:00,N20,nominal,2.0NRT,307.08,2.99,D,VIIRS
48.68199,37.61953,342.14,0.34,0.56,2026-08-23,11:10:00,N20,nominal,2.0NRT,308.45,2.36,D,VIIRS
48.68582,37.71684,347.48,0.34,0.56,2026-08-23,11:10:00,N20,nominal,2.0NRT,308.31,5.22,D,VIIRS
48.70034,38.10779,344.3,0.36,0.57,2026-08-23,11:10:00,N20,nominal,2.0NRT,312.87,4.75,D,VIIRS
48.70052,38.11263,345.28,0.36,0.57,2026-08-23,11:10:00,N20,nominal,2.0NRT,308.73,4.75,D,VIIRS
48.68781,37.76846,367,0.34,0.56,2026-08-23,11:10:00,N20,high,2.0NRT,312.25,17.01,D,VIIRS
48.70232,37.74752,337.22,0.34,0.56,2026-08-23,11:10:00,N20,low,2.0NRT,310.42,1.96,D,VIIRS
48.71336,38.00263,348.24,0.35,0.57,2026-08-23,11:10:00,N20,nominal,2.0NRT,308.65,3.91,D,VIIRS
48.70269,37.87609,343.99,0.35,0.57,2026-08-23,11:10:00,N20,nominal,2.0NRT,308.76,2.68,D,VIIRS
48.69065,37.7202,338.39,0.34,0.56,2026-08-23,11:10:00,N20,nominal,2.0NRT,307.6,5.6,D,VIIRS
48.69086,37.72487,353.57,0.34,0.56,2026-08-23,11:10:00,N20,nominal,2.0NRT,307.05,5.6,D,VIIRS
48.68113,37.62321,338.34,0.34,0.56,2026-08-23,11:10:00,N20,nominal,2.0NRT,308.53,2.28,D,VIIRS
48.68523,37.71568,344.25,0.34,0.56,2026-08-23,11:10:00,N20,nominal,2.0NRT,308.16,2,D,VIIRS
48.68748,37.76729,353.12,0.34,0.56,2026-08-23,11:10:00,N20,nominal,2.0NRT,313.99,9.51,D,VIIRS
48.68769,37.772,343.46,0.34,0.56,2026-08-23,11:10:00,N20,nominal,2.0NRT,309.65,9.51,D,VIIRS
48.70193,38.111,351.13,0.36,0.57,2026-08-23,11:10:00,N20,nominal,2.0NRT,311.7,6.66,D,VIIRS
49.17205,37.93417,367,0.35,0.57,2026-08-23,11:10:00,N20,high,2.0NRT,307.52,7.82,D,VIIRS
49.17279,37.95372,341.66,0.35,0.57,2026-08-23,11:10:00,N20,nominal,2.0NRT,311.11,3.84,D,VIIRS
49.17184,37.92887,331.71,0.35,0.57,2026-08-23,11:10:00,N20,nominal,2.0NRT,306.46,7.82,D,VIIRS
49.17033,37.88947,332.33,0.35,0.57,2026-08-23,11:10:00,N20,nominal,2.0NRT,306.21,4.72,D,VIIRS
49.17015,37.88473,354.35,0.35,0.57,2026-08-23,11:10:00,N20,nominal,2.0NRT,308.75,3.73,D,VIIRS
49.16996,37.87997,333.11,0.35,0.57,2026-08-23,11:10:00,N20,nominal,2.0NRT,307.83,3.73,D,VIIRS
49.1754,37.88411,367,0.35,0.57,2026-08-23,11:10:00,N20,high,2.0NRT,309.59,9.8,D,VIIRS
49.17503,37.8745,367,0.35,0.57,2026-08-23,11:10:00,N20,high,2.0NRT,308.74,7.49,D,VIIRS
49.17714,37.92885,331.11,0.35,0.57,2026-08-23,11:10:00,N20,nominal,2.0NRT,305.95,1.92,D,VIIRS
49.17559,37.88889,335.18,0.35,0.57,2026-08-23,11:10:00,N20,nominal,2.0NRT,304.56,6.07,D,VIIRS
49.17521,37.87932,355.12,0.35,0.57,2026-08-23,11:10:00,N20,nominal,2.0NRT,309.31,9.8,D,VIIRS
49.18672,37.90333,367,0.35,0.57,2026-08-23,11:10:00,N20,high,2.0NRT,307.35,4.33,D,VIIRS
49.19908,38.08616,342.91,0.36,0.57,2026-08-23,11:10:00,N20,nominal,2.0NRT,306.3,3.08,D,VIIRS
49.19888,38.0809,340.48,0.36,0.57,2026-08-23,11:10:00,N20,nominal,2.0NRT,309.1,4.11,D,VIIRS
49.2038,38.07024,339.88,0.36,0.57,2026-08-23,11:10:00,N20,nominal,2.0NRT,308.56,3.04,D,VIIRS
49.1933,37.80396,350.15,0.35,0.57,2026-08-23,11:10:00,N20,nominal,2.0NRT,306.38,4.06,D,VIIRS
49.21703,38.00034,367,0.36,0.57,2026-08-23,11:10:00,N20,high,2.0NRT,311.27,5.5,D,VIIRS
49.23427,38.45836,334.23,0.37,0.58,2026-08-23,11:10:00,N20,nominal,2.0NRT,304.9,1.41,D,VIIRS
49.21684,37.99557,339.77,0.36,0.57,2026-08-23,11:10:00,N20,nominal,2.0NRT,313.49,5.5,D,VIIRS
49.23454,37.90904,367,0.35,0.57,2026-08-23,11:10:00,N20,high,2.0NRT,309.21,4.71,D,VIIRS
49.22112,37.99821,346.5,0.36,0.57,2026-08-23,11:10:00,N20,nominal,2.0NRT,309.92,4.49,D,VIIRS
49.23396,37.91206,338.16,0.35,0.57,2026-08-23,11:10:00,N20,low,2.0NRT,308.41,2.56,D,VIIRS
49.23377,37.90696,343.88,0.35,0.57,2026-08-23,11:10:00,N20,nominal,2.0NRT,308.76,2.56,D,VIIRS
49.23904,37.90654,351.98,0.35,0.57,2026-08-23,11:10:00,N20,nominal,2.0NRT,307.22,5.14,D,VIIRS
49.23886,37.90143,337.75,0.35,0.57,2026-08-23,11:10:00,N20,low,2.0NRT,308.59,4.17,D,VIIRS
49.25121,37.94974,367,0.35,0.57,2026-08-23,11:10:00,N20,high,2.0NRT,309.94,4.46,D,VIIRS
49.25571,38.07444,331.89,0.36,0.57,2026-08-23,11:10:00,N20,nominal,2.0NRT,306.59,4.05,D,VIIRS
49.26085,38.06926,367,0.36,0.57,2026-08-23,11:10:00,N20,high,2.0NRT,308.51,10.68,D,VIIRS
49.26104,38.07422,333.33,0.36,0.57,2026-08-23,11:10:00,N20,nominal,2.0NRT,304.59,4.05,D,VIIRS
49.26068,38.06427,342.73,0.36,0.57,2026-08-23,11:10:00,N20,nominal,2.0NRT,305.89,10.68,D,VIIRS
49.2565,37.94939,342.87,0.35,0.57,2026-08-23,11:10:00,N20,nominal,2.0NRT,305.87,4.46,D,VIIRS
49.25631,37.94433,345,0.35,0.57,2026-08-23,11:10:00,N20,nominal,2.0NRT,307.04,4.46,D,VIIRS
49.26141,37.93891,332.57,0.35,0.57,2026-08-23,11:10:00,N20,low,2.0NRT,305.43,1.63,D,VIIRS
49.26122,37.9339,333.19,0.35,0.57,2026-08-23,11:10:00,N20,nominal,2.0NRT,306.99,1.63,D,VIIRS
49.26369,37.85935,337.29,0.35,0.57,2026-08-23,11:10:00,N20,nominal,2.0NRT,304.11,5.64,D,VIIRS
49.26352,37.85452,355,0.35,0.57,2026-08-23,11:10:00,N20,nominal,2.0NRT,304.1,5.64,D,VIIRS
49.26333,37.84981,353.26,0.35,0.57,2026-08-23,11:10:00,N20,nominal,2.0NRT,305.08,8.39,D,VIIRS
49.2669,37.80547,335.69,0.35,0.57,2026-08-23,11:10:00,N20,low,2.0NRT,305.88,3.86,D,VIIRS
49.27689,37.92823,367,0.35,0.57,2026-08-23,11:10:00,N20,high,2.0NRT,309.08,11.97,D,VIIRS
49.3011,38.00653,341.67,0.36,0.57,2026-08-23,11:10:00,N20,nominal,2.0NRT,308.08,4.56,D,VIIRS
49.32278,37.88433,351.12,0.35,0.57,2026-08-23,11:10:00,N20,nominal,2.0NRT,304.94,3.17,D,VIIRS
49.33537,37.93361,367,0.35,0.57,2026-08-23,11:10:00,N20,high,2.0NRT,311.98,14.46,D,VIIRS
49.33557,37.93858,341.25,0.35,0.57,2026-08-23,11:10:00,N20,nominal,2.0NRT,311.28,12.79,D,VIIRS
49.3311,37.82965,333.59,0.35,0.57,2026-08-23,11:10:00,N20,low,2.0NRT,304.67,2.56,D,VIIRS
49.34723,38.09725,331.92,0.36,0.57,2026-08-23,11:10:00,N20,nominal,2.0NRT,304.46,3.53,D,VIIRS
49.34703,38.09227,345.17,0.36,0.57,2026-08-23,11:10:00,N20,nominal,2.0NRT,306.87,4.12,D,VIIRS
49.33555,37.80987,352.96,0.35,0.57,2026-08-23,11:10:00,N20,nominal,2.0NRT,306.71,6.03,D,VIIRS
49.32198,37.88591,344.28,0.35,0.57,2026-08-23,11:10:00,N20,nominal,2.0NRT,303.79,4.03,D,VIIRS
48.67857,37.56643,367,0.34,0.56,2026-08-23,11:10:00,N20,high,2.0NRT,308.9,5.48,D,VIIRS
48.68023,37.72085,355.57,0.34,0.56,2026-08-23,11:10:00,N20,nominal,2.0NRT,312.87,7.45,D,VIIRS
48.68044,37.72555,349.01,0.34,0.56,2026-08-23,11:10:00,N20,nominal,2.0NRT,311.82,7.45,D,VIIRS
48.68247,37.77238,337.31,0.34,0.56,2026-08-23,11:10:00,N20,low,2.0NRT,309.83,2.34,D,VIIRS
48.68267,37.77709,334.71,0.34,0.56,2026-08-23,11:10:00,N20,low,2.0NRT,308.14,1.39,D,VIIRS
48.69664,38.11162,338.4,0.36,0.57,2026-08-23,11:10:00,N20,low,2.0NRT,309.96,4.83,D,VIIRS
48.54481,35.30424,342.82,0.53,0.5,2026-08-23,11:10:00,N20,nominal,2.0NRT,306.76,5.58,D,VIIRS
48.67543,37.73068,340.47,0.34,0.56,2026-08-23,11:10:00,N20,nominal,2.0NRT,309.09,5.34,D,VIIRS
48.54017,35.30489,337.21,0.53,0.5,2026-08-23,11:10:00,N20,nominal,2.0NRT,303.32,3.33,D,VIIRS
48.48183,34.50846,332.47,0.49,0.48,2026-08-23,11:10:00,N20,nominal,2.0NRT,301.56,4.33,D,VIIRS
48.65825,37.69527,351.92,0.34,0.56,2026-08-23,11:10:00,N20,nominal,2.0NRT,307.92,3.19,D,VIIRS
48.65844,37.69992,336.69,0.34,0.56,2026-08-23,11:10:00,N20,low,2.0NRT,310.92,3.19,D,VIIRS
48.64519,37.515,336.34,0.33,0.56,2026-08-23,11:10:00,N20,nominal,2.0NRT,308.55,1.53,D,VIIRS
48.65323,37.70007,349.74,0.34,0.56,2026-08-23,11:10:00,N20,nominal,2.0NRT,313.37,3.19,D,VIIRS
48.61886,37.05536,345.32,0.32,0.54,2026-08-23,11:10:00,N20,nominal,2.0NRT,312.79,5.27,D,VIIRS
48.6698,38.24364,344.84,0.36,0.58,2026-08-23,11:10:00,N20,nominal,2.0NRT,308.35,2.68,D,VIIRS
48.64022,37.63935,340.58,0.34,0.56,2026-08-23,11:10:00,N20,nominal,2.0NRT,311.42,1.77,D,VIIRS
48.66446,38.24371,336.21,0.36,0.58,2026-08-23,11:10:00,N20,nominal,2.0NRT,309.65,2.68,D,VIIRS
48.65838,38.22422,347.14,0.36,0.57,2026-08-23,11:10:00,N20,nominal,2.0NRT,311.74,3.47,D,VIIRS
48.64198,38.07204,350.43,0.36,0.57,2026-08-23,11:10:00,N20,nominal,2.0NRT,307.46,7.03,D,VIIRS
48.61065,37.43392,345.23,0.33,0.55,2026-08-23,11:10:00,N20,nominal,2.0NRT,312.14,4.02,D,VIIRS
48.61085,37.43857,336.99,0.33,0.55,2026-08-23,11:10:00,N20,low,2.0NRT,310.6,4.07,D,VIIRS
48.61105,37.44325,343.32,0.33,0.55,2026-08-23,11:10:00,N20,nominal,2.0NRT,309.28,4.07,D,VIIRS
48.61851,37.61788,335.45,0.34,0.56,2026-08-23,11:10:00,N20,nominal,2.0NRT,309.68,4.22,D,VIIRS
48.63688,38.07726,354.48,0.36,0.57,2026-08-23,11:10:00,N20,nominal,2.0NRT,306.84,7.03,D,VIIRS
48.61832,37.6133,367,0.34,0.56,2026-08-23,11:10:00,N20,high,2.0NRT,314.55,4.22,D,VIIRS
48.58924,37.07196,345.21,0.32,0.55,2026-08-23,11:10:00,N20,nominal,2.0NRT,309.52,3.3,D,VIIRS
48.62197,37.82985,347.17,0.35,0.56,2026-08-23,11:10:00,N20,nominal,2.0NRT,310.4,3.89,D,VIIRS
48.62216,37.83452,336.31,0.35,0.56,2026-08-23,11:10:00,N20,low,2.0NRT,310.96,3.89,D,VIIRS
48.63158,38.07761,338.84,0.36,0.57,2026-08-23,11:10:00,N20,nominal,2.0NRT,307.03,3.52,D,VIIRS
48.59664,37.46798,343.66,0.33,0.56,2026-08-23,11:10:00,N20,nominal,2.0NRT,306.95,4.42,D,VIIRS
48.60738,37.72718,339.84,0.34,0.56,2026-08-23,11:10:00,N20,nominal,2.0NRT,309.48,1.46,D,VIIRS
48.6138,37.88917,367,0.35,0.57,2026-08-23,11:10:00,N20,high,2.0NRT,309.28,4.75,D,VIIRS
48.60721,37.85507,337.7,0.35,0.57,2026-08-23,11:10:00,N20,nominal,2.0NRT,308.9,2.17,D,VIIRS
48.60854,37.88937,343.5,0.35,0.57,2026-08-23,11:10:00,N20,nominal,2.0NRT,310.46,4.75,D,VIIRS
48.6384,38.92572,350.17,0.39,0.59,2026-08-23,11:10:00,N20,nominal,2.0NRT,309.13,9.27,D,VIIRS
48.56637,37.12675,335.07,0.32,0.55,2026-08-23,11:10:00,N20,nominal,2.0NRT,304.91,1.65,D,VIIRS
48.56815,37.16656,342.65,0.32,0.55,2026-08-23,11:10:00,N20,nominal,2.0NRT,308.64,3.69,D,VIIRS
48.56834,37.17097,332.65,0.32,0.55,2026-08-23,11:10:00,N20,nominal,2.0NRT,305.68,2.74,D,VIIRS
48.60619,38.10868,332.94,0.36,0.57,2026-08-23,11:10:00,N20,nominal,2.0NRT,305.54,8.29,D,VIIRS
48.60654,38.11843,354.45,0.36,0.57,2026-08-23,11:10:00,N20,nominal,2.0NRT,313.02,16.63,D,VIIRS
48.6071,38.13376,340.86,0.36,0.57,2026-08-23,11:10:00,N20,nominal,2.0NRT,307.83,5.54,D,VIIRS
48.60636,38.11351,367,0.36,0.57,2026-08-23,11:10:00,N20,high,2.0NRT,312.13,16.63,D,VIIRS
48.60672,38.12346,367,0.36,0.57,2026-08-23,11:10:00,N20,high,2.0NRT,315.33,13.79,D,VIIRS
48.60691,38.12856,367,0.36,0.57,2026-08-23,11:10:00,N20,high,2.0NRT,312.59,13.79,D,VIIRS
48.56662,37.24765,344.03,0.33,0.55,2026-08-23,11:10:00,N20,nominal,2.0NRT,307.86,2.08,D,VIIRS
48.60142,38.12381,355.26,0.36,0.57,2026-08-23,11:10:00,N20,nominal,2.0NRT,313.16,5.82,D,VIIRS
48.6016,38.12901,338.55,0.36,0.57,2026-08-23,11:10:00,N20,nominal,2.0NRT,308.95,5.82,D,VIIRS
48.60106,38.11379,367,0.36,0.57,2026-08-23,11:10:00,N20,high,2.0NRT,317.78,27.08,D,VIIRS
48.60123,38.11875,367,0.36,0.57,2026-08-23,11:10:00,N20,high,2.0NRT,313.11,27.08,D,VIIRS
48.581,37.72001,336.99,0.34,0.56,2026-08-23,11:10:00,N20,nominal,2.0NRT,309.75,1.29,D,VIIRS
48.58663,37.86618,334.7,0.35,0.57,2026-08-23,11:10:00,N20,low,2.0NRT,307.86,2.59,D,VIIRS
48.53096,36.79416,344.31,0.62,0.54,2026-08-23,11:10:00,N20,nominal,2.0NRT,311.62,23.67,D,VIIRS
47.96658,29.67513,346.84,0.46,0.39,2026-08-23,11:10:00,N20,nominal,2.0NRT,310.53,5.8,D,VIIRS
48.29886,26.19211,331.17,0.39,0.36,2026-08-23,11:10:00,N20,nominal,2.0NRT,297.48,2.3,D,VIIRS
49.33449,37.94015,344.62,0.35,0.57,2026-08-23,11:10:00,N20,nominal,2.0NRT,309.91,8.23,D,VIIRS
49.33432,37.93521,341.5,0.35,0.57,2026-08-23,11:10:00,N20,nominal,2.0NRT,308.78,5.39,D,VIIRS
49.33959,37.93452,367,0.35,0.57,2026-08-23,11:10:00,N20,high,2.0NRT,311.31,5.39,D,VIIRS
49.34518,38.09399,356.08,0.36,0.57,2026-08-23,11:10:00,N20,nominal,2.0NRT,307.47,5.14,D,VIIRS
49.33941,37.92955,345.14,0.35,0.57,2026-08-23,11:10:00,N20,nominal,2.0NRT,309.06,5.39,D,VIIRS
49.33512,37.81118,351.97,0.35,0.57,2026-08-23,11:10:00,N20,nominal,2.0NRT,305.91,4.83,D,VIIRS
49.35738,38.29773,334.74,0.37,0.58,2026-08-23,11:10:00,N20,low,2.0NRT,307.85,3.78,D,VIIRS
49.35014,37.93317,343.52,0.35,0.57,2026-08-23,11:10:00,N20,nominal,2.0NRT,307.57,3.61,D,VIIRS
49.34995,37.9282,334.49,0.35,0.57,2026-08-23,11:10:00,N20,low,2.0NRT,306.93,3.61,D,VIIRS
49.34563,37.8106,333.28,0.35,0.57,2026-08-23,11:10:00,N20,low,2.0NRT,307.26,2.04,D,VIIRS
49.35613,37.80939,348.77,0.35,0.57,2026-08-23,11:10:00,N20,nominal,2.0NRT,304.46,2.88,D,VIIRS
49.36848,37.85714,340.36,0.35,0.57,2026-08-23,11:10:00,N20,nominal,2.0NRT,306.35,5.9,D,VIIRS
49.43632,39.29091,367,0.41,0.61,2026-08-23,11:10:00,N20,high,2.0NRT,312.46,6.93,D,VIIRS
49.43647,39.29663,334.09,0.41,0.61,2026-08-23,11:10:00,N20,nominal,2.0NRT,308.26,6.93,D,VIIRS
49.44194,39.29069,334.74,0.41,0.61,2026-08-23,11:10:00,N20,nominal,2.0NRT,309.19,7.14,D,VIIRS
49.44179,39.28495,350.83,0.41,0.61,2026-08-23,11:10:00,N20,nominal,2.0NRT,309.96,6.65,D,VIIRS
49.39719,37.78165,336.99,0.35,0.57,2026-08-23,11:10:00,N20,nominal,2.0NRT,305.09,2.47,D,VIIRS
49.40751,37.90928,343.68,0.35,0.57,2026-08-23,11:10:00,N20,nominal,2.0NRT,306.34,8.87,D,VIIRS
49.41259,37.90394,367,0.35,0.57,2026-08-23,11:10:00,N20,high,2.0NRT,310.95,8.87,D,VIIRS
49.4128,37.90916,334.94,0.35,0.57,2026-08-23,11:10:00,N20,nominal,2.0NRT,306.25,8.87,D,VIIRS
49.41238,37.89878,355.33,0.35,0.57,2026-08-23,11:10:00,N20,nominal,2.0NRT,315.11,14.65,D,VIIRS
49.41219,37.89371,334.31,0.35,0.57,2026-08-23,11:10:00,N20,low,2.0NRT,305.9,14.65,D,VIIRS
49.41808,37.90883,367,0.35,0.57,2026-08-23,11:10:00,N20,high,2.0NRT,302.23,18.86,D,VIIRS
49.41788,37.90376,341.33,0.35,0.57,2026-08-23,11:10:00,N20,nominal,2.0NRT,310.7,18.86,D,VIIRS
49.41768,37.89863,339.16,0.35,0.57,2026-08-23,11:10:00,N20,nominal,2.0NRT,303.77,9.04,D,VIIRS
49.43855,38.30811,337.68,0.37,0.58,2026-08-23,11:10:00,N20,nominal,2.0NRT,309.66,3.05,D,VIIRS
49.43506,37.93625,351.91,0.35,0.57,2026-08-23,11:10:00,N20,nominal,2.0NRT,308,4.01,D,VIIRS
49.43755,37.86669,367,0.35,0.57,2026-08-23,11:10:00,N20,high,2.0NRT,308.45,6.89,D,VIIRS
49.43938,37.9117,339.67,0.35,0.57,2026-08-23,11:10:00,N20,nominal,2.0NRT,305.34,2.24,D,VIIRS
49.49303,39.30567,348.62,0.41,0.61,2026-08-23,11:10:00,N20,nominal,2.0NRT,308.92,4.12,D,VIIRS
49.49286,39.29996,340.46,0.41,0.61,2026-08-23,11:10:00,N20,nominal,2.0NRT,311.68,4.12,D,VIIRS
49.42096,37.71673,335.21,0.35,0.56,2026-08-23,11:10:00,N20,low,2.0NRT,309.83,5.65,D,VIIRS
49.4341,37.93687,346.94,0.36,0.57,2026-08-23,11:10:00,N20,nominal,2.0NRT,307.3,4.02,D,VIIRS
49.43694,37.86718,367,0.35,0.57,2026-08-23,11:10:00,N20,high,2.0NRT,307.67,7.58,D,VIIRS
49.43854,37.91222,342.05,0.35,0.57,2026-08-23,11:10:00,N20,nominal,2.0NRT,305.19,2.58,D,VIIRS
49.49056,39.30188,351.89,0.41,0.61,2026-08-23,11:10:00,N20,nominal,2.0NRT,310.48,9.96,D,VIIRS
49.4457,37.81751,356.02,0.35,0.57,2026-08-23,11:10:00,N20,nominal,2.0NRT,306.25,7.17,D,VIIRS
49.49605,39.29604,339.78,0.41,0.61,2026-08-23,11:10:00,N20,low,2.0NRT,310.86,8.68,D,VIIRS
49.5014,39.28431,367,0.41,0.61,2026-08-23,11:10:00,N20,high,2.0NRT,313.53,16.01,D,VIIRS
49.45569,37.80245,350.62,0.35,0.57,2026-08-23,11:10:00,N20,nominal,2.0NRT,303.44,4.42,D,VIIRS
49.46817,37.99918,338.66,0.36,0.57,2026-08-23,11:10:00,N20,nominal,2.0NRT,308.36,2.68,D,VIIRS
49.47348,37.99882,367,0.36,0.57,2026-08-23,11:10:00,N20,high,2.0NRT,306.96,8.27,D,VIIRS
49.47329,37.99368,354.56,0.36,0.57,2026-08-23,11:10:00,N20,nominal,2.0NRT,308.82,8.31,D,VIIRS
49.51661,37.74383,332.62,0.35,0.57,2026-08-23,11:10:00,N20,low,2.0NRT,305.06,3.06,D,VIIRS
49.54564,38.21833,345.41,0.37,0.58,2026-08-23,11:10:00,N20,nominal,2.0NRT,307.53,12.29,D,VIIRS
49.54546,38.21333,355.46,0.37,0.58,2026-08-23,11:10:00,N20,nominal,2.0NRT,313.85,8.12,D,VIIRS
49.55082,38.21313,338.19,0.37,0.58,2026-08-23,11:10:00,N20,nominal,2.0NRT,304.99,8.12,D,VIIRS
49.52481,37.56353,334.75,0.34,0.56,2026-08-23,11:10:00,N20,nominal,2.0NRT,304.5,1.39,D,VIIRS
49.59182,39.29726,339.59,0.41,0.61,2026-08-23,11:10:00,N20,nominal,2.0NRT,310.81,1.68,D,VIIRS
49.59746,39.29719,333.85,0.41,0.61,2026-08-23,11:10:00,N20,low,2.0NRT,305.72,1.68,D,VIIRS
47.96727,29.68127,337.17,0.46,0.39,2026-08-23,11:10:00,N20,nominal,2.0NRT,310.07,5.8,D,VIIRS
47.96368,29.68219,332.65,0.46,0.39,2026-08-23,11:10:00,N20,low,2.0NRT,304.74,5.8,D,VIIRS
47.96566,29.67651,347.2,0.46,0.39,2026-08-23,11:10:00,N20,nominal,2.0NRT,311.69,12.54,D,VIIRS
47.96636,29.68262,337.16,0.46,0.39,2026-08-23,11:10:00,N20,low,2.0NRT,309.2,5.26,D,VIIRS
48.56757,37.12489,347.21,0.32,0.55,2026-08-23,11:10:00,N20,nominal,2.0NRT,306.69,2.85,D,VIIRS
48.56977,37.16904,348.14,0.32,0.55,2026-08-23,11:10:00,N20,nominal,2.0NRT,307.24,2.2,D,VIIRS
48.59086,37.6102,336.74,0.34,0.56,2026-08-23,11:10:00,N20,low,2.0NRT,311.27,2.6,D,VIIRS
48.5647,37.16953,334.71,0.32,0.55,2026-08-23,11:10:00,N20,nominal,2.0NRT,305.93,2.2,D,VIIRS
48.59756,37.87737,335.6,0.35,0.57,2026-08-23,11:10:00,N20,nominal,2.0NRT,306.46,1.96,D,VIIRS
48.60745,38.11063,355.3,0.36,0.57,2026-08-23,11:10:00,N20,nominal,2.0NRT,307.04,8.6,D,VIIRS
48.60785,38.12043,355.01,0.36,0.57,2026-08-23,11:10:00,N20,nominal,2.0NRT,315.42,13.13,D,VIIRS
48.63818,38.92182,338.26,0.39,0.59,2026-08-23,11:10:00,N20,nominal,2.0NRT,312.78,2.62,D,VIIRS
48.63837,38.9273,348.03,0.39,0.59,2026-08-23,11:10:00,N20,nominal,2.0NRT,308.61,2.62,D,VIIRS
48.60765,38.11549,367,0.36,0.57,2026-08-23,11:10:00,N20,high,2.0NRT,308.33,8.6,D,VIIRS
48.60806,38.12547,367,0.36,0.57,2026-08-23,11:10:00,N20,high,2.0NRT,311.58,13.13,D,VIIRS
48.60827,38.13058,367,0.36,0.57,2026-08-23,11:10:00,N20,high,2.0NRT,309.34,9.68,D,VIIRS
48.60255,38.1207,344.97,0.36,0.57,2026-08-23,11:10:00,N20,nominal,2.0NRT,312.86,9.02,D,VIIRS
48.63287,38.92754,337.59,0.39,0.59,2026-08-23,11:10:00,N20,low,2.0NRT,310.92,2.16,D,VIIRS
48.60234,38.11574,367,0.36,0.57,2026-08-23,11:10:00,N20,high,2.0NRT,314.98,27.85,D,VIIRS
48.60276,38.12579,367,0.36,0.57,2026-08-23,11:10:00,N20,high,2.0NRT,314.5,9.02,D,VIIRS
48.53541,36.79196,336.37,0.62,0.54,2026-08-23,11:10:00,N20,nominal,2.0NRT,308.06,5.88,D,VIIRS
48.53586,36.80048,332.49,0.62,0.54,2026-08-23,11:10:00,N20,nominal,2.0NRT,304.63,5.88,D,VIIRS
48.59684,38.11115,353.94,0.36,0.57,2026-08-23,11:10:00,N20,nominal,2.0NRT,310.47,27.85,D,VIIRS
48.59704,38.11606,348.11,0.36,0.57,2026-08-23,11:10:00,N20,nominal,2.0NRT,308.22,27.85,D,VIIRS
48.53045,36.79279,339.53,0.62,0.54,2026-08-23,11:10:00,N20,nominal,2.0NRT,311.56,10.99,D,VIIRS
48.53089,36.8012,341.65,0.62,0.54,2026-08-23,11:10:00,N20,nominal,2.0NRT,306.18,10.99,D,VIIRS
48.54379,37.15807,335.32,0.32,0.55,2026-08-23,11:10:00,N20,nominal,2.0NRT,308.57,4.46,D,VIIRS
48.58069,37.97618,355.15,0.35,0.57,2026-08-23,11:10:00,N20,nominal,2.0NRT,309.26,6.36,D,VIIRS
48.544,37.16246,367,0.32,0.55,2026-08-23,11:10:00,N20,high,2.0NRT,308.69,7.42,D,VIIRS
48.57158,37.8845,345.89,0.35,0.57,2026-08-23,11:10:00,N20,nominal,2.0NRT,306.07,4.79,D,VIIRS
48.57178,37.88938,367,0.35,0.57,2026-08-23,11:10:00,N20,high,2.0NRT,307.23,5.33,D,VIIRS
48.54536,37.4073,337.64,0.33,0.55,2026-08-23,11:10:00,N20,nominal,2.0NRT,310.24,1.77,D,VIIRS
48.56075,37.7531,342.57,0.34,0.56,2026-08-23,11:10:00,N20,nominal,2.0NRT,313.78,5.33,D,VIIRS
48.56134,37.76699,338.93,0.34,0.56,2026-08-23,11:10:00,N20,low,2.0NRT,312.68,3.18,D,VIIRS
48.56634,37.88485,351.39,0.35,0.57,2026-08-23,11:10:00,N20,nominal,2.0NRT,306.52,4.79,D,VIIRS
48.56654,37.88979,335.93,0.35,0.57,2026-08-23,11:10:00,N20,nominal,2.0NRT,306.22,5.33,D,VIIRS
48.56738,37.90973,353.69,0.35,0.57,2026-08-23,11:10:00,N20,nominal,2.0NRT,309.08,3.57,D,VIIRS
48.55873,37.70644,367,0.34,0.56,2026-08-23,11:10:00,N20,high,2.0NRT,315.83,8.64,D,VIIRS
48.56094,37.75773,367,0.34,0.56,2026-08-23,11:10:00,N20,high,2.0NRT,313.16,9.46,D,VIIRS
48.53096,37.20901,351.96,0.32,0.55,2026-08-23,11:10:00,N20,nominal,2.0NRT,310.8,3.89,D,VIIRS
48.53117,37.21354,342.65,0.32,0.55,2026-08-23,11:10:00,N20,nominal,2.0NRT,309.8,3.89,D,VIIRS
48.55152,37.6605,336.04,0.34,0.56,2026-08-23,11:10:00,N20,low,2.0NRT,310.47,1.88,D,VIIRS
48.56212,37.9099,349.99,0.35,0.57,2026-08-23,11:10:00,N20,nominal,2.0NRT,308.8,3.41,D,VIIRS
48.54717,37.56168,367,0.34,0.56,2026-08-23,11:10:00,N20,high,2.0NRT,310.28,6.03,D,VIIRS
48.52184,37.12469,344.89,0.32,0.55,2026-08-23,11:10:00,N20,nominal,2.0NRT,312.41,6.18,D,VIIRS
48.52206,37.1291,338.1,0.32,0.55,2026-08-23,11:10:00,N20,nominal,2.0NRT,308.91,3.76,D,VIIRS
48.61382,39.58884,336.25,0.42,0.61,2026-08-23,11:10:00,N20,low,2.0NRT,308.07,12.65,D,VIIRS
48.52164,37.12032,367,0.32,0.55,2026-08-23,11:10:00,N20,high,2.0NRT,312.69,6.18,D,VIIRS
48.51659,37.12091,350.63,0.32,0.55,2026-08-23,11:10:00,N20,nominal,2.0NRT,311.8,13.34,D,VIIRS
48.51784,37.14716,333.53,0.32,0.55,2026-08-23,11:10:00,N20,low,2.0NRT,308.12,1.39,D,VIIRS
48.54805,37.82402,338.31,0.35,0.56,2026-08-23,11:10:00,N20,nominal,2.0NRT,308.23,4.49,D,VIIRS
48.5168,37.12527,367,0.32,0.55,2026-08-23,11:10:00,N20,high,2.0NRT,314.25,13.34,D,VIIRS
48.533,37.47567,367,0.33,0.55,2026-08-23,11:10:00,N20,high,2.0NRT,310.39,5.81,D,VIIRS
48.54824,37.82877,367,0.35,0.56,2026-08-23,11:10:00,N20,high,2.0NRT,310.97,4.49,D,VIIRS
48.52361,37.3813,344.8,0.33,0.55,2026-08-23,11:10:00,N20,nominal,2.0NRT,308.67,2.04,D,VIIRS
49.54927,37.89854,345.18,0.35,0.57,2026-08-23,11:10:00,N20,nominal,2.0NRT,304.93,3.44,D,VIIRS
49.54907,37.89364,339.83,0.35,0.57,2026-08-23,11:10:00,N20,nominal,2.0NRT,308.25,3.44,D,VIIRS
49.54819,38.21502,367,0.37,0.58,2026-08-23,11:10:00,N20,high,2.0NRT,309.6,10.77,D,VIIRS
49.54803,38.21004,338.81,0.37,0.58,2026-08-23,11:10:00,N20,nominal,2.0NRT,306.41,10.77,D,VIIRS
49.52543,37.56464,339,0.34,0.56,2026-08-23,11:10:00,N20,nominal,2.0NRT,305.65,2.04,D,VIIRS
49.55365,38.05652,338.81,0.36,0.57,2026-08-23,11:10:00,N20,nominal,2.0NRT,305.81,2.66,D,VIIRS
49.54805,37.89517,341.64,0.35,0.57,2026-08-23,11:10:00,N20,nominal,2.0NRT,307.54,3.57,D,VIIRS
49.59476,39.29448,341.34,0.41,0.61,2026-08-23,11:10:00,N20,nominal,2.0NRT,310.22,3.83,D,VIIRS
49.55333,37.89471,356.07,0.35,0.57,2026-08-23,11:10:00,N20,nominal,2.0NRT,305.61,5.44,D,VIIRS
49.56781,38.00364,348.51,0.36,0.57,2026-08-23,11:10:00,N20,nominal,2.0NRT,308.19,3.41,D,VIIRS
49.57585,37.78838,336.53,0.35,0.57,2026-08-23,11:10:00,N20,nominal,2.0NRT,304.58,3.07,D,VIIRS
49.57567,37.78349,341.44,0.35,0.57,2026-08-23,11:10:00,N20,nominal,2.0NRT,308.43,3.07,D,VIIRS
49.6041,38.12415,331.25,0.36,0.58,2026-08-23,11:10:00,N20,nominal,2.0NRT,304.31,4.27,D,VIIRS
49.60391,38.11875,341.03,0.36,0.58,2026-08-23,11:10:00,N20,nominal,2.0NRT,309.62,4.21,D,VIIRS
49.60926,38.11855,337.76,0.36,0.58,2026-08-23,11:10:00,N20,nominal,2.0NRT,306.85,4.21,D,VIIRS
49.6142,38.10723,367,0.36,0.58,2026-08-23,11:10:00,N20,high,2.0NRT,313.11,16.14,D,VIIRS
49.6146,38.11832,343.43,0.36,0.58,2026-08-23,11:10:00,N20,nominal,2.0NRT,302.85,5.59,D,VIIRS
49.6144,38.11281,352.23,0.36,0.58,2026-08-23,11:10:00,N20,nominal,2.0NRT,309.46,5.59,D,VIIRS
49.61975,38.11283,344.63,0.36,0.58,2026-08-23,11:10:00,N20,nominal,2.0NRT,301.59,5.59,D,VIIRS
49.60682,37.77117,332.91,0.35,0.57,2026-08-23,11:10:00,N20,nominal,2.0NRT,306.96,1.97,D,VIIRS
49.62241,38.03994,367,0.36,0.57,2026-08-23,11:10:00,N20,high,2.0NRT,307.37,26,D,VIIRS
49.62186,38.02519,367,0.36,0.57,2026-08-23,11:10:00,N20,high,2.0NRT,310.43,14.55,D,VIIRS
49.62223,38.03502,350.82,0.36,0.57,2026-08-23,11:10:00,N20,nominal,2.0NRT,314.13,14.27,D,VIIRS
49.62204,38.03009,354.33,0.36,0.57,2026-08-23,11:10:00,N20,nominal,2.0NRT,310.12,14.27,D,VIIRS
49.6169,37.89446,335.89,0.35,0.57,2026-08-23,11:10:00,N20,nominal,2.0NRT,304.84,2.45,D,VIIRS
49.61671,37.88957,333.88,0.35,0.57,2026-08-23,11:10:00,N20,nominal,2.0NRT,305.06,2.45,D,VIIRS
49.62754,38.03457,352.74,0.36,0.57,2026-08-23,11:10:00,N20,nominal,2.0NRT,303.41,14.27,D,VIIRS
49.61887,37.67788,332.92,0.35,0.56,2026-08-23,11:10:00,N20,nominal,2.0NRT,306.29,5.75,D,VIIRS
49.61867,37.67308,356.36,0.35,0.56,2026-08-23,11:10:00,N20,nominal,2.0NRT,309.74,5.75,D,VIIRS
49.60857,37.43189,356.1,0.34,0.56,2026-08-23,11:10:00,N20,nominal,2.0NRT,309.85,10.74,D,VIIRS
49.62628,37.73087,367,0.35,0.57,2026-08-23,11:10:00,N20,high,2.0NRT,303.8,4.5,D,VIIRS
49.63152,37.73043,345.46,0.35,0.57,2026-08-23,11:10:00,N20,nominal,2.0NRT,306.63,3.39,D,VIIRS
49.63013,37.69655,332.69,0.35,0.57,2026-08-23,11:10:00,N20,nominal,2.0NRT,304.43,1.11,D,VIIRS
49.63456,37.67651,367,0.35,0.56,2026-08-23,11:10:00,N20,high,2.0NRT,305.92,6.13,D,VIIRS
49.63436,37.67171,347.97,0.35,0.56,2026-08-23,11:10:00,N20,nominal,2.0NRT,306.88,6.13,D,VIIRS
49.64319,37.75826,330.8,0.35,0.57,2026-08-23,11:10:00,N20,low,2.0NRT,304.65,1.21,D,VIIRS
49.63485,37.55923,338.3,0.34,0.56,2026-08-23,11:10:00,N20,nominal,2.0NRT,308.22,3.87,D,VIIRS
49.63132,37.72845,343.86,0.35,0.57,2026-08-23,11:10:00,N20,nominal,2.0NRT,307.29,3.48,D,VIIRS
49.63462,37.67446,367,0.35,0.56,2026-08-23,11:10:00,N20,high,2.0NRT,309.15,12.43,D,VIIRS
49.64693,38.02581,330.33,0.36,0.57,2026-08-23,11:10:00,N20,low,2.0NRT,303.31,2.16,D,VIIRS
49.65207,38.02008,332.25,0.36,0.57,2026-08-23,11:10:00,N20,low,2.0NRT,305.22,2.6,D,VIIRS
49.64285,37.75626,338.37,0.35,0.57,2026-08-23,11:10:00,N20,nominal,2.0NRT,305.49,2.08,D,VIIRS
49.6437,37.49892,336.02,0.34,0.56,2026-08-23,11:10:00,N20,nominal,2.0NRT,306.59,2.55,D,VIIRS
49.67118,38.11151,345.72,0.36,0.58,2026-08-23,11:10:00,N20,nominal,2.0NRT,306.26,4.91,D,VIIRS
49.67101,38.10646,334.1,0.36,0.58,2026-08-23,11:10:00,N20,nominal,2.0NRT,304.81,4.11,D,VIIRS
49.66716,37.99405,342.16,0.36,0.57,2026-08-23,11:10:00,N20,nominal,2.0NRT,307.69,4.17,D,VIIRS
49.667,37.98928,338.3,0.36,0.57,2026-08-23,11:10:00,N20,nominal,2.0NRT,307.15,4.17,D,VIIRS
49.67668,38.11602,367,0.36,0.58,2026-08-23,11:10:00,N20,high,2.0NRT,309.57,5.89,D,VIIRS
49.67651,38.11073,348.68,0.36,0.58,2026-08-23,11:10:00,N20,nominal,2.0NRT,306.46,5.89,D,VIIRS
49.67039,37.78837,335.14,0.35,0.57,2026-08-23,11:10:00,N20,nominal,2.0NRT,305.73,1.76,D,VIIRS
49.6639,37.48286,354.74,0.34,0.56,2026-08-23,11:10:00,N20,nominal,2.0NRT,305.68,5.3,D,VIIRS
49.6744,37.61695,341.25,0.34,0.56,2026-08-23,11:10:00,N20,nominal,2.0NRT,305.24,4.41,D,VIIRS
49.68713,37.81262,340.39,0.35,0.57,2026-08-23,11:10:00,N20,nominal,2.0NRT,303.17,2.14,D,VIIRS
48.54539,37.88686,367,0.35,0.57,2026-08-23,11:10:00,N20,high,2.0NRT,307.24,5.97,D,VIIRS
48.53371,37.73156,344.94,0.34,0.56,2026-08-23,11:10:00,N20,nominal,2.0NRT,309.67,1.86,D,VIIRS
48.53701,37.81065,345.11,0.35,0.56,2026-08-23,11:10:00,N20,nominal,2.0NRT,312.91,3.48,D,VIIRS
48.54556,38.45225,338.57,0.37,0.58,2026-08-23,11:10:00,N20,nominal,2.0NRT,307.87,4.85,D,VIIRS
48.54018,38.45247,336.68,0.37,0.58,2026-08-23,11:10:00,N20,low,2.0NRT,310.41,2.81,D,VIIRS
48.48405,37.18616,339.36,0.32,0.55,2026-08-23,11:10:00,N20,nominal,2.0NRT,307.5,1.07,D,VIIRS
48.49721,37.48326,350.73,0.33,0.56,2026-08-23,11:10:00,N20,nominal,2.0NRT,307.83,2.8,D,VIIRS
48.42949,36.2821,339.61,0.59,0.52,2026-08-23,11:10:00,N20,nominal,2.0NRT,308.05,9.02,D,VIIRS
48.51642,38.23585,339.96,0.36,0.57,2026-08-23,11:10:00,N20,low,2.0NRT,311.23,4.05,D,VIIRS
48.48524,37.567,331.19,0.34,0.56,2026-08-23,11:10:00,N20,nominal,2.0NRT,305.85,1.02,D,VIIRS
48.49952,37.92406,350.6,0.35,0.57,2026-08-23,11:10:00,N20,nominal,2.0NRT,309.52,3.45,D,VIIRS
48.48675,37.73164,338.68,0.34,0.56,2026-08-23,11:10:00,N20,low,2.0NRT,309.04,4.21,D,VIIRS
48.49302,37.89172,354.12,0.35,0.57,2026-08-23,11:10:00,N20,nominal,2.0NRT,318.12,16.35,D,VIIRS
48.49319,37.89634,349.03,0.35,0.57,2026-08-23,11:10:00,N20,nominal,2.0NRT,310.29,9.31,D,VIIRS
48.47874,37.53521,367,0.33,0.56,2026-08-23,11:10:00,N20,high,2.0NRT,308.77,4.78,D,VIIRS
48.4405,36.79379,354.47,0.62,0.54,2026-08-23,11:10:00,N20,nominal,2.0NRT,310.6,15.76,D,VIIRS
48.46658,37.36888,348.68,0.33,0.55,2026-08-23,11:10:00,N20,nominal,2.0NRT,310.25,5.87,D,VIIRS
48.48507,37.82188,352.81,0.35,0.56,2026-08-23,11:10:00,N20,nominal,2.0NRT,313.57,6.91,D,VIIRS
48.49958,38.21258,345.79,0.36,0.57,2026-08-23,11:10:00,N20,nominal,2.0NRT,312.35,5.23,D,VIIRS
48.49976,38.21751,337.87,0.36,0.57,2026-08-23,11:10:00,N20,low,2.0NRT,312.12,7.84,D,VIIRS
48.43433,36.76929,337.2,0.62,0.54,2026-08-23,11:10:00,N20,nominal,2.0NRT,306.25,8.01,D,VIIRS
48.45169,37.14507,355.73,0.32,0.55,2026-08-23,11:10:00,N20,nominal,2.0NRT,307.34,4.47,D,VIIRS
48.45189,37.14948,340.36,0.32,0.55,2026-08-23,11:10:00,N20,nominal,2.0NRT,305.32,4.47,D,VIIRS
48.45695,37.26464,348.58,0.33,0.55,2026-08-23,11:10:00,N20,nominal,2.0NRT,311.28,4.25,D,VIIRS
48.47966,37.81742,343.39,0.35,0.56,2026-08-23,11:10:00,N20,nominal,2.0NRT,309.45,4.05,D,VIIRS
48.23112,33.62111,346.54,0.44,0.46,2026-08-23,11:10:00,N20,nominal,2.0NRT,301.58,5.28,D,VIIRS
48.36286,35.59967,351.79,0.54,0.51,2026-08-23,11:10:00,N20,nominal,2.0NRT,306.08,6.04,D,VIIRS
48.23247,33.61835,342.35,0.44,0.46,2026-08-23,11:10:00,N20,nominal,2.0NRT,303.21,8.15,D,VIIRS
48.44202,36.73598,331.8,0.61,0.54,2026-08-23,11:10:00,N20,nominal,2.0NRT,304.98,2.02,D,VIIRS
48.4823,37.53629,356.46,0.33,0.56,2026-08-23,11:10:00,N20,nominal,2.0NRT,307.07,5.43,D,VIIRS
48.49988,37.92519,349.27,0.35,0.57,2026-08-23,11:10:00,N20,nominal,2.0NRT,308.99,3.51,D,VIIRS
48.44022,36.7957,344.52,0.62,0.54,2026-08-23,11:10:00,N20,nominal,2.0NRT,311.04,11.11,D,VIIRS
48.48592,37.72807,335.85,0.34,0.56,2026-08-23,11:10:00,N20,low,2.0NRT,308.49,3.56,D,VIIRS
48.49321,37.89281,356.49,0.35,0.57,2026-08-23,11:10:00,N20,nominal,2.0NRT,318.34,18.09,D,VIIRS
48.49341,37.89742,339.13,0.35,0.57,2026-08-23,11:10:00,N20,low,2.0NRT,309.95,9.1,D,VIIRS
48.43393,36.77121,339.32,0.62,0.54,2026-08-23,11:10:00,N20,nominal,2.0NRT,306.73,5.2,D,VIIRS
48.4591,37.26608,346.28,0.32,0.55,2026-08-23,11:10:00,N20,nominal,2.0NRT,310.25,4.08,D,VIIRS
48.48471,37.81835,348.5,0.34,0.56,2026-08-23,11:10:00,N20,nominal,2.0NRT,312.58,4.14,D,VIIRS
48.5014,38.2133,349.47,0.36,0.57,2026-08-23,11:10:00,N20,nominal,2.0NRT,313.2,5.18,D,VIIRS
48.5018,38.22318,342.7,0.36,0.57,2026-08-23,11:10:00,N20,low,2.0NRT,314.06,8.27,D,VIIRS
48.5028,38.24792,344.59,0.36,0.57,2026-08-23,11:10:00,N20,nominal,2.0NRT,315.81,5.36,D,VIIRS
48.46414,37.37047,367,0.33,0.55,2026-08-23,11:10:00,N20,high,2.0NRT,310.29,5.69,D,VIIRS
48.48491,37.82307,367,0.34,0.56,2026-08-23,11:10:00,N20,high,2.0NRT,312.93,6.26,D,VIIRS
48.36135,35.60245,338.9,0.54,0.51,2026-08-23,11:10:00,N20,nominal,2.0NRT,311.22,41.26,D,VIIRS
48.44816,37.14705,367,0.32,0.55,2026-08-23,11:10:00,N20,high,2.0NRT,309.02,9.96,D,VIIRS
48.47831,37.91316,344.04,0.35,0.57,2026-08-23,11:10:00,N20,nominal,2.0NRT,310,4.8,D,VIIRS
48.44614,37.20944,367,0.32,0.55,2026-08-23,11:10:00,N20,high,2.0NRT,309.75,8.43,D,VIIRS
48.47267,37.90419,344.72,0.35,0.57,2026-08-23,11:10:00,N20,nominal,2.0NRT,309.87,2.94,D,VIIRS
48.47307,37.91361,341.58,0.35,0.57,2026-08-23,11:10:00,N20,low,2.0NRT,314.32,4.8,D,VIIRS
48.47327,37.91832,346.14,0.35,0.57,2026-08-23,11:10:00,N20,nominal,2.0NRT,312.98,5.78,D,VIIRS
48.48959,38.31971,367,0.36,0.58,2026-08-23,11:10:00,N20,high,2.0NRT,314.04,10.22,D,VIIRS
48.46645,37.88136,349.16,0.35,0.56,2026-08-23,11:10:00,N20,nominal,2.0NRT,311.09,5.87,D,VIIRS
48.46743,37.90452,347.36,0.35,0.57,2026-08-23,11:10:00,N20,nominal,2.0NRT,313.29,7.23,D,VIIRS
48.48424,38.31987,344.99,0.36,0.58,2026-08-23,11:10:00,N20,nominal,2.0NRT,313.62,5.36,D,VIIRS
48.46664,37.88597,367,0.35,0.57,2026-08-23,11:10:00,N20,high,2.0NRT,314.83,5.87,D,VIIRS
49.6773,37.5577,334.9,0.34,0.56,2026-08-23,11:10:00,N20,nominal,2.0NRT,303.95,2.27,D,VIIRS
49.67113,37.4048,352.57,0.34,0.56,2026-08-23,11:10:00,N20,nominal,2.0NRT,307.9,4.41,D,VIIRS
49.68658,37.66039,334.43,0.35,0.56,2026-08-23,11:10:00,N20,low,2.0NRT,307.19,2.42,D,VIIRS
49.69219,37.669670000000004,354.89,0.35,0.56,2026-08-23,11:10:00,N20,nominal,2.0NRT,307.24,4.33,D,VIIRS
49.692,37.66484,339.86,0.35,0.56,2026-08-23,11:10:00,N20,nominal,2.0NRT,306.53,3.91,D,VIIRS
49.69262,37.42245,352.89,0.34,0.56,2026-08-23,11:10:00,N20,nominal,2.0NRT,306.92,3.61,D,VIIRS
49.7229,37.91861,367,0.36,0.57,2026-08-23,11:10:00,N20,high,2.0NRT,305.56,7.54,D,VIIRS
49.71312,37.66797,367,0.35,0.56,2026-08-23,11:10:00,N20,high,2.0NRT,308.87,4.41,D,VIIRS
49.7271,37.75458,337.2,0.35,0.57,2026-08-23,11:10:00,N20,nominal,2.0NRT,309.62,3.88,D,VIIRS
49.72691,37.74976,354.23,0.35,0.57,2026-08-23,11:10:00,N20,nominal,2.0NRT,308.81,5.84,D,VIIRS
49.73101,37.59262,342.05,0.34,0.56,2026-08-23,11:10:00,N20,nominal,2.0NRT,306.54,2.86,D,VIIRS
49.73621,37.59194,339.13,0.34,0.56,2026-08-23,11:10:00,N20,nominal,2.0NRT,309.2,2.86,D,VIIRS
49.74727,37.60588,341.41,0.34,0.56,2026-08-23,11:10:00,N20,nominal,2.0NRT,307.64,3.39,D,VIIRS
49.73131,37.59385,346.09,0.34,0.56,2026-08-23,11:10:00,N20,nominal,2.0NRT,305.73,5.68,D,VIIRS
49.74733,37.60218,346.98,0.34,0.56,2026-08-23,11:10:00,N20,nominal,2.0NRT,307.05,2.3,D,VIIRS
49.77156,37.68893,354.49,0.35,0.57,2026-08-23,11:10:00,N20,nominal,2.0NRT,310.69,6.48,D,VIIRS
49.77137,37.684,344.29,0.35,0.57,2026-08-23,11:10:00,N20,nominal,2.0NRT,311.48,6.48,D,VIIRS
49.77119,37.67905,344.67,0.35,0.57,2026-08-23,11:10:00,N20,nominal,2.0NRT,312.48,5.78,D,VIIRS
49.77606,37.6689,367,0.35,0.57,2026-08-23,11:10:00,N20,high,2.0NRT,313.96,12.28,D,VIIRS
49.77753,37.70792,345.93,0.35,0.57,2026-08-23,11:10:00,N20,nominal,2.0NRT,309.3,4.13,D,VIIRS
49.77588,37.66406,354.28,0.35,0.56,2026-08-23,11:10:00,N20,nominal,2.0NRT,314.22,12.28,D,VIIRS
49.78389,37.73706,340.39,0.35,0.57,2026-08-23,11:10:00,N20,nominal,2.0NRT,306.44,2.76,D,VIIRS
49.78204,37.68798,347.4,0.35,0.57,2026-08-23,11:10:00,N20,nominal,2.0NRT,312.33,5.11,D,VIIRS
49.78877,37.72669,367,0.35,0.57,2026-08-23,11:10:00,N20,high,2.0NRT,309.57,6.2,D,VIIRS
49.78859,37.72182,341.26,0.35,0.57,2026-08-23,11:10:00,N20,nominal,2.0NRT,311.36,6.2,D,VIIRS
49.79589,37.77561,335.65,0.35,0.57,2026-08-23,11:10:00,N20,low,2.0NRT,305.71,2.41,D,VIIRS
49.78736,37.55473,333.4,0.34,0.56,2026-08-23,11:10:00,N20,low,2.0NRT,307.7,2.23,D,VIIRS
49.80503,37.87886,367,0.36,0.57,2026-08-23,11:10:00,N20,high,2.0NRT,308,4.08,D,VIIRS
49.79758,37.68195,367,0.35,0.57,2026-08-23,11:10:00,N20,high,2.0NRT,312.15,7.04,D,VIIRS
49.80523,37.88389,339.96,0.36,0.57,2026-08-23,11:10:00,N20,nominal,2.0NRT,306.18,4.08,D,VIIRS
49.80115,37.77517,348.13,0.35,0.57,2026-08-23,11:10:00,N20,nominal,2.0NRT,306.18,4.78,D,VIIRS
49.79277,37.5593,334.04,0.34,0.56,2026-08-23,11:10:00,N20,nominal,2.0NRT,306.3,5.46,D,VIIRS
49.79256,37.55423,356.44,0.34,0.56,2026-08-23,11:10:00,N20,nominal,2.0NRT,309.51,5.46,D,VIIRS
49.81089,37.89368,331.83,0.36,0.57,2026-08-23,11:10:00,N20,low,2.0NRT,306.51,2.82,D,VIIRS
49.80377,37.70593,342.49,0.35,0.57,2026-08-23,11:10:00,N20,nominal,2.0NRT,306.74,5.38,D,VIIRS
49.80845,37.69094,367,0.35,0.57,2026-08-23,11:10:00,N20,high,2.0NRT,313.84,22.22,D,VIIRS
49.82377,38.10127,335.92,0.36,0.58,2026-08-23,11:10:00,N20,nominal,2.0NRT,306.26,1.93,D,VIIRS
49.81637,37.89822,330.9,0.36,0.57,2026-08-23,11:10:00,N20,low,2.0NRT,303.69,1.62,D,VIIRS
49.80826,37.68613,352.83,0.35,0.57,2026-08-23,11:10:00,N20,nominal,2.0NRT,314.1,14.3,D,VIIRS
49.82929,38.10583,333.17,0.36,0.58,2026-08-23,11:10:00,N20,nominal,2.0NRT,302.68,1.93,D,VIIRS
49.82631,37.74363,351.74,0.35,0.57,2026-08-23,11:10:00,N20,nominal,2.0NRT,310.34,4.65,D,VIIRS
49.84263,37.891,339.93,0.36,0.57,2026-08-23,11:10:00,N20,nominal,2.0NRT,306.92,3.11,D,VIIRS
49.84244,37.88602,352.52,0.36,0.57,2026-08-23,11:10:00,N20,nominal,2.0NRT,306.71,3.11,D,VIIRS
49.84463,37.80646,350.31,0.35,0.57,2026-08-23,11:10:00,N20,nominal,2.0NRT,304.62,4.49,D,VIIRS
49.84444,37.80159,343.25,0.35,0.57,2026-08-23,11:10:00,N20,nominal,2.0NRT,306.28,8,D,VIIRS
49.85361,37.90034,367,0.36,0.57,2026-08-23,11:10:00,N20,high,2.0NRT,308.31,8.43,D,VIIRS
49.85321,37.89025,367,0.36,0.57,2026-08-23,11:10:00,N20,high,2.0NRT,310.26,11.45,D,VIIRS
49.85341,37.89525,345.28,0.36,0.57,2026-08-23,11:10:00,N20,nominal,2.0NRT,310.03,8.43,D,VIIRS
49.8499,37.80607,343.74,0.35,0.57,2026-08-23,11:10:00,N20,nominal,2.0NRT,302.94,4.49,D,VIIRS
49.84793,37.75684,335.32,0.35,0.57,2026-08-23,11:10:00,N20,nominal,2.0NRT,303.54,3.38,D,VIIRS
49.84714,37.7371,337.47,0.35,0.57,2026-08-23,11:10:00,N20,nominal,2.0NRT,305.29,1.95,D,VIIRS
49.85892,37.90028,367,0.36,0.57,2026-08-23,11:10:00,N20,high,2.0NRT,304.58,4.78,D,VIIRS
49.85872,37.89511,367,0.36,0.57,2026-08-23,11:10:00,N20,high,2.0NRT,304.77,4.78,D,VIIRS
49.8524,37.73689,333.62,0.35,0.57,2026-08-23,11:10:00,N20,nominal,2.0NRT,303.89,1.14,D,VIIRS
49.84753,37.61822,343.76,0.35,0.56,2026-08-23,11:10:00,N20,nominal,2.0NRT,304.93,5.42,D,VIIRS
48.46723,37.89983,367,0.35,0.57,2026-08-23,11:10:00,N20,high,2.0NRT,314.42,7.23,D,VIIRS
48.41434,36.87591,345.62,0.62,0.54,2026-08-23,11:10:00,N20,nominal,2.0NRT,308.14,6.51,D,VIIRS
48.47814,38.3005,348.49,0.36,0.58,2026-08-23,11:10:00,N20,nominal,2.0NRT,311.04,8.84,D,VIIRS
48.46019,37.85764,367,0.35,0.56,2026-08-23,11:10:00,N20,high,2.0NRT,314.76,10.2,D,VIIRS
48.4787,38.31519,367,0.36,0.58,2026-08-23,11:10:00,N20,high,2.0NRT,315.18,14.14,D,VIIRS
48.41909,37.07174,336.35,0.32,0.54,2026-08-23,11:10:00,N20,nominal,2.0NRT,309.1,1.43,D,VIIRS
48.43592,37.42632,341.94,0.33,0.55,2026-08-23,11:10:00,N20,nominal,2.0NRT,307.53,3.04,D,VIIRS
48.43514,37.52254,330.96,0.33,0.56,2026-08-23,11:10:00,N20,low,2.0NRT,305.03,1.86,D,VIIRS
48.4556,38.00071,341.18,0.35,0.57,2026-08-23,11:10:00,N20,nominal,2.0NRT,311.44,6.31,D,VIIRS
48.4554,37.99578,367,0.35,0.57,2026-08-23,11:10:00,N20,high,2.0NRT,314.22,6.31,D,VIIRS
48.43284,37.58716,339.79,0.34,0.56,2026-08-23,11:10:00,N20,nominal,2.0NRT,307.06,3.89,D,VIIRS
48.43304,37.59181,340.47,0.34,0.56,2026-08-23,11:10:00,N20,nominal,2.0NRT,307.6,4.56,D,VIIRS
48.42443,37.51414,344.41,0.33,0.56,2026-08-23,11:10:00,N20,nominal,2.0NRT,312.38,4.71,D,VIIRS
48.43712,37.80786,349.57,0.34,0.56,2026-08-23,11:10:00,N20,nominal,2.0NRT,314.33,9.82,D,VIIRS
48.43732,37.8125,355.73,0.34,0.56,2026-08-23,11:10:00,N20,nominal,2.0NRT,321.61,9.82,D,VIIRS
48.43751,37.81711,339.59,0.34,0.56,2026-08-23,11:10:00,N20,nominal,2.0NRT,314,8.97,D,VIIRS
48.46504,38.52734,342.4,0.37,0.58,2026-08-23,11:10:00,N20,nominal,2.0NRT,306.28,4.45,D,VIIRS
48.46666,38.5731,354.62,0.37,0.58,2026-08-23,11:10:00,N20,nominal,2.0NRT,310.23,5.75,D,VIIRS
48.38939,36.87836,335.03,0.62,0.54,2026-08-23,11:10:00,N20,nominal,2.0NRT,307.99,2.93,D,VIIRS
48.42153,37.56554,338.66,0.34,0.56,2026-08-23,11:10:00,N20,nominal,2.0NRT,307.62,3.24,D,VIIRS
48.42557,37.65867,333.84,0.34,0.56,2026-08-23,11:10:00,N20,low,2.0NRT,306.75,1.28,D,VIIRS
48.43714,37.93555,351.09,0.35,0.57,2026-08-23,11:10:00,N20,nominal,2.0NRT,311.7,5.03,D,VIIRS
48.43733,37.94019,346.85,0.35,0.57,2026-08-23,11:10:00,N20,nominal,2.0NRT,308.01,5.01,D,VIIRS
48.46143,38.57846,352.29,0.37,0.58,2026-08-23,11:10:00,N20,nominal,2.0NRT,312.62,6.45,D,VIIRS
48.40597,37.22201,367,0.32,0.55,2026-08-23,11:10:00,N20,high,2.0NRT,310.16,6.73,D,VIIRS
48.4267,37.8089,351.65,0.34,0.56,2026-08-23,11:10:00,N20,nominal,2.0NRT,314.52,16.97,D,VIIRS
48.41577,37.55214,367,0.33,0.56,2026-08-23,11:10:00,N20,high,2.0NRT,314.73,12.65,D,VIIRS
48.4269,37.81357,367,0.34,0.56,2026-08-23,11:10:00,N20,high,2.0NRT,315.92,16.97,D,VIIRS
47.84864,30.1575,346.48,0.48,0.4,2026-08-23,11:10:00,N20,nominal,2.0NRT,311.6,39.42,D,VIIRS
47.84933,30.16388,337.28,0.48,0.4,2026-08-23,11:10:00,N20,nominal,2.0NRT,307.78,39.42,D,VIIRS
48.41022,37.5433,338.85,0.33,0.56,2026-08-23,11:10:00,N20,low,2.0NRT,310.18,3.85,D,VIIRS
48.42608,37.92227,339.64,0.35,0.57,2026-08-23,11:10:00,N20,nominal,2.0NRT,310.69,2.35,D,VIIRS
48.42627,37.92697,337.45,0.35,0.57,2026-08-23,11:10:00,N20,nominal,2.0NRT,308.76,2.35,D,VIIRS
47.84569,30.16475,355.14,0.48,0.4,2026-08-23,11:10:00,N20,nominal,2.0NRT,317.32,39.42,D,VIIRS
47.84638,30.17113,346.93,0.48,0.4,2026-08-23,11:10:00,N20,nominal,2.0NRT,307.66,11.62,D,VIIRS
47.84499,30.15838,367,0.48,0.4,2026-08-23,11:10:00,N20,high,2.0NRT,334.98,39.42,D,VIIRS
48.38264,37.15811,336.42,0.32,0.55,2026-08-23,11:10:00,N20,nominal,2.0NRT,311.13,3.12,D,VIIRS
48.38285,37.16249,339.11,0.32,0.55,2026-08-23,11:10:00,N20,low,2.0NRT,313.79,5.58,D,VIIRS
48.40794,37.73454,351.93,0.34,0.56,2026-08-23,11:10:00,N20,nominal,2.0NRT,312.8,6.4,D,VIIRS
48.37759,37.15858,348.36,0.32,0.55,2026-08-23,11:10:00,N20,nominal,2.0NRT,312.87,3.12,D,VIIRS
48.39349,37.63726,352.48,0.34,0.56,2026-08-23,11:10:00,N20,nominal,2.0NRT,314.64,6.07,D,VIIRS
48.39369,37.6419,339.19,0.34,0.56,2026-08-23,11:10:00,N20,low,2.0NRT,313.52,4.46,D,VIIRS
48.29199,35.70956,343.06,0.55,0.51,2026-08-23,11:10:00,N20,nominal,2.0NRT,308.95,6.98,D,VIIRS
48.36256,37.05322,344.53,0.63,0.54,2026-08-23,11:10:00,N20,nominal,2.0NRT,311.18,7.76,D,VIIRS
48.36296,37.06178,334.5,0.64,0.54,2026-08-23,11:10:00,N20,nominal,2.0NRT,307.1,4.85,D,VIIRS
48.37207,37.26125,336.24,0.32,0.55,2026-08-23,11:10:00,N20,low,2.0NRT,309.79,1.76,D,VIIRS
48.37938,37.42688,339.75,0.33,0.55,2026-08-23,11:10:00,N20,nominal,2.0NRT,307.83,2.14,D,VIIRS
48.39157,37.71677,346.69,0.34,0.56,2026-08-23,11:10:00,N20,nominal,2.0NRT,311.95,6.81,D,VIIRS
48.39429,37.78368,342.06,0.34,0.56,2026-08-23,11:10:00,N20,nominal,2.0NRT,310.39,3.23,D,VIIRS
48.39852,37.89023,345.92,0.35,0.57,2026-08-23,11:10:00,N20,nominal,2.0NRT,309.37,3.29,D,VIIRS
48.37659,37.48191,354.07,0.33,0.55,2026-08-23,11:10:00,N20,nominal,2.0NRT,312.71,15.32,D,VIIRS
48.37679,37.48657,367,0.33,0.55,2026-08-23,11:10:00,N20,high,2.0NRT,315.6,22.99,D,VIIRS
48.37492,37.56486,336.73,0.34,0.56,2026-08-23,11:10:00,N20,low,2.0NRT,307.8,3.53,D,VIIRS
48.38661,37.85403,343.19,0.35,0.56,2026-08-23,11:10:00,N20,nominal,2.0NRT,311.22,3,D,VIIRS
48.38932,37.92396,331.5,0.35,0.57,2026-08-23,11:10:00,N20,low,2.0NRT,306.4,1.29,D,VIIRS
49.84731,37.61311,347.07,0.35,0.56,2026-08-23,11:10:00,N20,nominal,2.0NRT,308.14,6.25,D,VIIRS
49.84672,37.88866,336.14,0.36,0.57,2026-08-23,11:10:00,N20,nominal,2.0NRT,306.43,4.46,D,VIIRS
49.84385,37.80453,345.18,0.35,0.57,2026-08-23,11:10:00,N20,nominal,2.0NRT,305.09,5.56,D,VIIRS
49.85236,37.8984,367,0.36,0.57,2026-08-23,11:10:00,N20,high,2.0NRT,308.67,9.35,D,VIIRS
49.84912,37.8041,367,0.35,0.57,2026-08-23,11:10:00,N20,high,2.0NRT,304.97,5.56,D,VIIRS
49.85219,37.89336,344.03,0.36,0.57,2026-08-23,11:10:00,N20,nominal,2.0NRT,308.98,4.46,D,VIIRS
49.85202,37.88838,349.5,0.36,0.57,2026-08-23,11:10:00,N20,nominal,2.0NRT,306.44,4.46,D,VIIRS
49.84739,37.75474,338.7,0.35,0.57,2026-08-23,11:10:00,N20,nominal,2.0NRT,303.66,2.58,D,VIIRS
49.84669,37.73497,331.28,0.35,0.57,2026-08-23,11:10:00,N20,low,2.0NRT,305.65,3.45,D,VIIRS
49.85766,37.89826,367,0.36,0.57,2026-08-23,11:10:00,N20,high,2.0NRT,307.85,5.93,D,VIIRS
49.85749,37.89314,367,0.36,0.57,2026-08-23,11:10:00,N20,high,2.0NRT,306.72,8.39,D,VIIRS
49.84766,37.61597,367,0.35,0.56,2026-08-23,11:10:00,N20,high,2.0NRT,307.16,8.81,D,VIIRS
49.85784,37.90342,331.8,0.36,0.57,2026-08-23,11:10:00,N20,nominal,2.0NRT,302.42,5.93,D,VIIRS
49.85911,37.50269,332.13,0.34,0.56,2026-08-23,11:10:00,N20,low,2.0NRT,304.82,4.27,D,VIIRS
49.8647,37.5123,335.32,0.34,0.56,2026-08-23,11:10:00,N20,nominal,2.0NRT,304.08,1.57,D,VIIRS
49.87768,37.717529999999996,367,0.35,0.57,2026-08-23,11:10:00,N20,high,2.0NRT,307.29,5.99,D,VIIRS
49.88502,37.92112,332.85,0.36,0.57,2026-08-23,11:10:00,N20,low,2.0NRT,304.08,2.39,D,VIIRS
49.89014,37.91574,332.74,0.36,0.57,2026-08-23,11:10:00,N20,nominal,2.0NRT,303.36,12.69,D,VIIRS
49.88997,37.91076,335.98,0.36,0.57,2026-08-23,11:10:00,N20,nominal,2.0NRT,306.95,10.59,D,VIIRS
49.89527,37.91033,367,0.36,0.57,2026-08-23,11:10:00,N20,high,2.0NRT,306.97,10.59,D,VIIRS
49.89508,37.90533,367,0.36,0.57,2026-08-23,11:10:00,N20,high,2.0NRT,307.28,10.59,D,VIIRS
49.89491,37.90032,337.64,0.36,0.57,2026-08-23,11:10:00,N20,nominal,2.0NRT,305.12,6.77,D,VIIRS
49.88315,37.58418,334.94,0.34,0.56,2026-08-23,11:10:00,N20,nominal,2.0NRT,303.66,1.33,D,VIIRS
49.89301,37.56841,339.08,0.34,0.56,2026-08-23,11:10:00,N20,nominal,2.0NRT,306.97,4.58,D,VIIRS
49.89933,37.59621,335.79,0.35,0.56,2026-08-23,11:10:00,N20,nominal,2.0NRT,305.27,1.74,D,VIIRS
49.92314,37.80356,355.1,0.35,0.57,2026-08-23,11:10:00,N20,nominal,2.0NRT,309.49,14.86,D,VIIRS
49.93047,37.58842,367,0.35,0.56,2026-08-23,11:10:00,N20,high,2.0NRT,307.76,8.26,D,VIIRS
49.91779,37.28578,354.12,0.33,0.56,2026-08-23,11:10:00,N20,nominal,2.0NRT,310.33,8.34,D,VIIRS
49.92379,37.30486,367,0.34,0.56,2026-08-23,11:10:00,N20,high,2.0NRT,306.99,17.21,D,VIIRS
49.94676,37.86718,338.47,0.36,0.57,2026-08-23,11:10:00,N20,nominal,2.0NRT,306.03,3.23,D,VIIRS
49.94579,37.84195,337.02,0.35,0.57,2026-08-23,11:10:00,N20,nominal,2.0NRT,305.18,2.99,D,VIIRS
49.92357,37.29984,354.65,0.33,0.56,2026-08-23,11:10:00,N20,nominal,2.0NRT,310.39,14.01,D,VIIRS
49.95224,37.87178,343.72,0.36,0.57,2026-08-23,11:10:00,N20,nominal,2.0NRT,306.11,3.87,D,VIIRS
49.95087,37.83643,333.68,0.35,0.57,2026-08-23,11:10:00,N20,nominal,2.0NRT,306.76,2.15,D,VIIRS
49.92894,37.30418,350.04,0.34,0.56,2026-08-23,11:10:00,N20,nominal,2.0NRT,303.63,5.36,D,VIIRS
49.92871,37.29915,336.25,0.33,0.56,2026-08-23,11:10:00,N20,nominal,2.0NRT,304.67,6.3,D,VIIRS
49.9657,37.80955,367,0.35,0.57,2026-08-23,11:10:00,N20,high,2.0NRT,310.15,23.82,D,VIIRS
49.96549,37.80441,354.79,0.35,0.57,2026-08-23,11:10:00,N20,nominal,2.0NRT,311.86,20.21,D,VIIRS
49.9509,37.8712,341.25,0.36,0.57,2026-08-23,11:10:00,N20,nominal,2.0NRT,305.57,4.72,D,VIIRS
49.94971,37.83575,335.22,0.35,0.57,2026-08-23,11:10:00,N20,nominal,2.0NRT,306.38,2.97,D,VIIRS
49.96467,37.80891,367,0.35,0.57,2026-08-23,11:10:00,N20,high,2.0NRT,310.58,23.8,D,VIIRS
49.96449,37.8038,355.18,0.35,0.57,2026-08-23,11:10:00,N20,nominal,2.0NRT,311.74,20.47,D,VIIRS
49.97449,37.78738,367,0.35,0.57,2026-08-23,11:10:00,N20,high,2.0NRT,305.68,5.77,D,VIIRS
49.97975,37.78675,330.33,0.35,0.57,2026-08-23,11:10:00,N20,nominal,2.0NRT,302.1,0.99,D,VIIRS
49.98778,37.71706,334.14,0.35,0.57,2026-08-23,11:10:00,N20,low,2.0NRT,306.19,2.39,D,VIIRS
49.99154,37.67648,332.54,0.35,0.57,2026-08-23,11:10:00,N20,nominal,2.0NRT,305.39,2.79,D,VIIRS
50.01381,37.84965,367,0.36,0.57,2026-08-23,11:10:00,N20,high,2.0NRT,307.04,7.22,D,VIIRS
50.00631,37.64994,367,0.35,0.57,2026-08-23,11:10:00,N20,high,2.0NRT,305.82,10.53,D,VIIRS
50.01363,37.8449,354.51,0.36,0.57,2026-08-23,11:10:00,N20,nominal,2.0NRT,309.45,7.22,D,VIIRS
50.01346,37.84017,339.22,0.35,0.57,2026-08-23,11:10:00,N20,nominal,2.0NRT,308.33,5.98,D,VIIRS
50.00711,37.67076,340.76,0.35,0.57,2026-08-23,11:10:00,N20,nominal,2.0NRT,305.61,3.92,D,VIIRS
48.34227,36.94271,344.06,0.63,0.54,2026-08-23,11:10:00,N20,nominal,2.0NRT,316.8,8.44,D,VIIRS
48.37807,37.77008,335.73,0.34,0.56,2026-08-23,11:10:00,N20,nominal,2.0NRT,309.97,5.41,D,VIIRS
48.37826,37.77483,367,0.34,0.56,2026-08-23,11:10:00,N20,high,2.0NRT,308.91,7.03,D,VIIRS
48.37286,37.77038,337.83,0.34,0.56,2026-08-23,11:10:00,N20,nominal,2.0NRT,311.56,5.41,D,VIIRS
48.37418,37.80421,346.49,0.34,0.56,2026-08-23,11:10:00,N20,nominal,2.0NRT,312.57,5.29,D,VIIRS
48.37305,37.77516,367,0.34,0.56,2026-08-23,11:10:00,N20,high,2.0NRT,309.86,7.03,D,VIIRS
48.33306,36.96083,343.72,0.63,0.54,2026-08-23,11:10:00,N20,nominal,2.0NRT,314.89,7.07,D,VIIRS
48.36362,37.06013,341.22,0.63,0.54,2026-08-23,11:10:00,N20,nominal,2.0NRT,307.77,14.86,D,VIIRS
48.37452,37.48471,349.53,0.33,0.55,2026-08-23,11:10:00,N20,nominal,2.0NRT,314.84,13.07,D,VIIRS
48.37474,37.48933,367,0.33,0.55,2026-08-23,11:10:00,N20,high,2.0NRT,306.83,13.07,D,VIIRS
48.34231,36.9412,344.07,0.63,0.54,2026-08-23,11:10:00,N20,nominal,2.0NRT,316.75,9.32,D,VIIRS
48.37305,37.56298,333.9,0.33,0.56,2026-08-23,11:10:00,N20,low,2.0NRT,307.63,4.06,D,VIIRS
48.38639,37.85625,352.16,0.35,0.56,2026-08-23,11:10:00,N20,nominal,2.0NRT,312.48,4.69,D,VIIRS
48.38924,37.92137,337.83,0.35,0.57,2026-08-23,11:10:00,N20,nominal,2.0NRT,306.86,1.59,D,VIIRS
48.39174,37.97884,342.02,0.35,0.57,2026-08-23,11:10:00,N20,nominal,2.0NRT,308.52,3.2,D,VIIRS
48.37743,37.77241,354.76,0.34,0.56,2026-08-23,11:10:00,N20,nominal,2.0NRT,314.3,9.32,D,VIIRS
48.33319,36.95925,342.75,0.63,0.54,2026-08-23,11:10:00,N20,nominal,2.0NRT,313.85,7.3,D,VIIRS
48.37222,37.77272,352.43,0.34,0.56,2026-08-23,11:10:00,N20,nominal,2.0NRT,311.96,9.32,D,VIIRS
48.37371,37.8065,354.44,0.34,0.56,2026-08-23,11:10:00,N20,nominal,2.0NRT,311.14,4.95,D,VIIRS
48.33744,37.14325,336.48,0.32,0.55,2026-08-23,11:10:00,N20,low,2.0NRT,310.67,1.92,D,VIIRS
48.36199,37.66093,332.38,0.34,0.56,2026-08-23,11:10:00,N20,nominal,2.0NRT,306.89,4.9,D,VIIRS
48.32752,37.04618,341.46,0.63,0.54,2026-08-23,11:10:00,N20,nominal,2.0NRT,309.65,8.78,D,VIIRS
48.35682,37.6614,353.74,0.34,0.56,2026-08-23,11:10:00,N20,nominal,2.0NRT,313.59,4.9,D,VIIRS
48.35704,37.66637,343.3,0.34,0.56,2026-08-23,11:10:00,N20,nominal,2.0NRT,312.5,4.9,D,VIIRS
48.35727,37.67132,335.88,0.34,0.56,2026-08-23,11:10:00,N20,low,2.0NRT,310.51,2.25,D,VIIRS
48.3566,37.65652,367,0.34,0.56,2026-08-23,11:10:00,N20,high,2.0NRT,315,13.09,D,VIIRS
47.76863,30.13887,341.85,0.48,0.4,2026-08-23,11:10:00,N20,nominal,2.0NRT,308.51,12.06,D,VIIRS
48.32862,37.17041,338.78,0.32,0.55,2026-08-23,11:10:00,N20,low,2.0NRT,311.72,3.93,D,VIIRS
47.765,30.13977,342.01,0.48,0.4,2026-08-23,11:10:00,N20,nominal,2.0NRT,311.76,12.06,D,VIIRS
48.32806,37.26392,346.1,0.32,0.55,2026-08-23,11:10:00,N20,nominal,2.0NRT,312.45,3.1,D,VIIRS
48.32828,37.26844,343.66,0.32,0.55,2026-08-23,11:10:00,N20,nominal,2.0NRT,313.44,3.1,D,VIIRS
48.32849,37.27295,352,0.32,0.55,2026-08-23,11:10:00,N20,nominal,2.0NRT,313.29,7.41,D,VIIRS
48.3317,37.34035,353.02,0.33,0.55,2026-08-23,11:10:00,N20,nominal,2.0NRT,310.54,4.34,D,VIIRS
48.36045,38.25062,350.79,0.36,0.57,2026-08-23,11:10:00,N20,nominal,2.0NRT,318.46,6.99,D,VIIRS
48.36065,38.2556,344.18,0.36,0.57,2026-08-23,11:10:00,N20,nominal,2.0NRT,313.35,5.68,D,VIIRS
48.12082,34.11473,341.03,0.46,0.47,2026-08-23,11:10:00,N20,nominal,2.0NRT,304.08,4.88,D,VIIRS
48.30861,37.17684,339.56,0.32,0.55,2026-08-23,11:10:00,N20,nominal,2.0NRT,312.39,2.47,D,VIIRS
48.30882,37.18121,338.08,0.32,0.55,2026-08-23,11:10:00,N20,nominal,2.0NRT,312.58,2.47,D,VIIRS
48.34058,37.88909,367,0.35,0.56,2026-08-23,11:10:00,N20,high,2.0NRT,311.44,7.94,D,VIIRS
48.28891,36.87864,346.26,0.62,0.54,2026-08-23,11:10:00,N20,nominal,2.0NRT,309.33,9.02,D,VIIRS
48.29146,36.92965,347.43,0.63,0.54,2026-08-23,11:10:00,N20,nominal,2.0NRT,308.32,7.05,D,VIIRS
48.31168,37.46282,334.51,0.33,0.55,2026-08-23,11:10:00,N20,nominal,2.0NRT,305.96,10.88,D,VIIRS
48.31188,37.46734,334.12,0.33,0.55,2026-08-23,11:10:00,N20,nominal,2.0NRT,307.65,10.88,D,VIIRS
48.28856,37.07611,341,0.64,0.54,2026-08-23,11:10:00,N20,nominal,2.0NRT,311.4,4.98,D,VIIRS
48.30635,37.45897,347.83,0.33,0.55,2026-08-23,11:10:00,N20,nominal,2.0NRT,317.08,29.92,D,VIIRS
48.30676,37.46791,352.17,0.33,0.55,2026-08-23,11:10:00,N20,nominal,2.0NRT,311.66,10.88,D,VIIRS
48.30656,37.46345,367,0.33,0.55,2026-08-23,11:10:00,N20,high,2.0NRT,319.73,10.88,D,VIIRS
47.68617,29.66828,339.04,0.46,0.39,2026-08-23,11:10:00,N20,nominal,2.0NRT,308.12,8.69,D,VIIRS
48.29208,37.2581,340.6,0.32,0.55,2026-08-23,11:10:00,N20,nominal,2.0NRT,310.17,2.26,D,VIIRS
48.31418,37.75876,340.36,0.34,0.56,2026-08-23,11:10:00,N20,nominal,2.0NRT,311.9,3.39,D,VIIRS
47.6826,29.66918,345.13,0.46,0.39,2026-08-23,11:10:00,N20,nominal,2.0NRT,306.42,8.69,D,VIIRS
48.27561,37.01695,336.44,0.63,0.54,2026-08-23,11:10:00,N20,nominal,2.0NRT,310.06,3.18,D,VIIRS
48.28004,37.10951,347.1,0.32,0.54,2026-08-23,11:10:00,N20,nominal,2.0NRT,308.62,2.57,D,VIIRS
48.287,37.25851,340.66,0.32,0.55,2026-08-23,11:10:00,N20,nominal,2.0NRT,312.04,2.26,D,VIIRS
47.67903,29.67009,331.61,0.46,0.39,2026-08-23,11:10:00,N20,nominal,2.0NRT,304.47,6.79,D,VIIRS
50.00612,37.64492,331.72,0.35,0.57,2026-08-23,11:10:00,N20,nominal,2.0NRT,305.16,10.53,D,VIIRS
50.0191,37.84942,367,0.36,0.57,2026-08-23,11:10:00,N20,high,2.0NRT,304.12,7.22,D,VIIRS
50.02627,37.75824,342.41,0.35,0.57,2026-08-23,11:10:00,N20,nominal,2.0NRT,307.66,5.24,D,VIIRS
47.01492,33.59761,338.76,0.43,0.46,2026-08-23,11:10:00,N20,nominal,2.0NRT,307.11,4.04,D,VIIRS
47.27396,38.016,354.14,0.34,0.56,2026-08-23,11:10:00,N20,nominal,2.0NRT,311.4,7.19,D,VIIRS
47.02695,34.07004,345.83,0.45,0.47,2026-08-23,11:10:00,N20,nominal,2.0NRT,309.21,4.93,D,VIIRS
47.0274,34.07599,331.55,0.45,0.47,2026-08-23,11:10:00,N20,low,2.0NRT,305.66,2.04,D,VIIRS
47.18399,36.50029,340.45,0.58,0.52,2026-08-23,11:10:00,N20,nominal,2.0NRT,313.7,4.74,D,VIIRS
47.23316,37.7957,367,0.34,0.56,2026-08-23,11:10:00,N20,low,2.0NRT,327.08,54.55,D,VIIRS
47.23335,37.80022,339.6,0.34,0.56,2026-08-23,11:10:00,N20,low,2.0NRT,310.13,20.41,D,VIIRS
47.16458,36.68451,321.58,0.6,0.53,2026-08-23,11:10:00,N20,low,2.0NRT,321.75,57.03,D,VIIRS
47.165,36.69247,342.91,0.6,0.53,2026-08-23,11:10:00,N20,nominal,2.0NRT,310.18,53.72,D,VIIRS
47.1597,36.68518,321.21,0.6,0.53,2026-08-23,11:10:00,N20,low,2.0NRT,323.44,69.02,D,VIIRS
47.07724,35.27937,346.06,0.51,0.49,2026-08-23,11:10:00,N20,nominal,2.0NRT,313.64,8.02,D,VIIRS
47.16012,36.69316,342.11,0.6,0.53,2026-08-23,11:10:00,N20,nominal,2.0NRT,307.74,31.88,D,VIIRS
46.69221,30.83992,330.12,0.49,0.4,2026-08-23,11:10:00,N20,low,2.0NRT,303.34,2.86,D,VIIRS
47.23168,37.79493,347.92,0.34,0.56,2026-08-23,11:10:00,N20,nominal,2.0NRT,315.38,7.35,D,VIIRS
47.2319,37.79941,367,0.34,0.56,2026-08-23,11:10:00,N20,high,2.0NRT,311.64,7.52,D,VIIRS
47.07721,35.28063,345.47,0.51,0.49,2026-08-23,11:10:00,N20,nominal,2.0NRT,313.85,8.24,D,VIIRS
47.16775,36.69221,343.11,0.6,0.53,2026-08-23,11:10:00,N20,nominal,2.0NRT,311.43,28.11,D,VIIRS
47.16287,36.6929,343.93,0.6,0.53,2026-08-23,11:10:00,N20,nominal,2.0NRT,311.54,79.59,D,VIIRS
47.16241,36.68494,367,0.59,0.53,2026-08-23,11:10:00,N20,high,2.0NRT,326.75,79.59,D,VIIRS
46.96078,33.8695,338.12,0.44,0.46,2026-08-23,11:10:00,N20,low,2.0NRT,311.76,4.62,D,VIIRS
46.86468,32.90015,339.21,0.4,0.44,2026-08-23,11:10:00,N20,nominal,2.0NRT,304.86,4.05,D,VIIRS
47.18643,37.71447,367,0.33,0.56,2026-08-23,11:10:00,N20,high,2.0NRT,306.81,3.73,D,VIIRS
47.04907,35.84111,349.17,0.54,0.51,2026-08-23,11:10:00,N20,nominal,2.0NRT,309.5,8.2,D,VIIRS
46.90644,33.89019,337.36,0.44,0.46,2026-08-23,11:10:00,N20,nominal,2.0NRT,305.33,4.47,D,VIIRS
47.04393,35.83447,337.55,0.54,0.51,2026-08-23,11:10:00,N20,low,2.0NRT,310.18,4.51,D,VIIRS
47.04528,35.85608,340.63,0.54,0.51,2026-08-23,11:10:00,N20,nominal,2.0NRT,310.47,25.86,D,VIIRS
46.90127,33.87933,336.88,0.44,0.46,2026-08-23,11:10:00,N20,low,2.0NRT,311.27,6.46,D,VIIRS
46.89656,33.87426,343.6,0.44,0.46,2026-08-23,11:10:00,N20,nominal,2.0NRT,309.04,8.33,D,VIIRS
46.89747,33.88581,336.58,0.44,0.46,2026-08-23,11:10:00,N20,nominal,2.0NRT,310.4,9.01,D,VIIRS
46.89839,33.8974,342.77,0.44,0.46,2026-08-23,11:10:00,N20,nominal,2.0NRT,303.26,12.69,D,VIIRS
46.89793,33.89161,367,0.44,0.46,2026-08-23,11:10:00,N20,high,2.0NRT,309.82,12.69,D,VIIRS
46.89277,33.88074,351.42,0.44,0.46,2026-08-23,11:10:00,N20,nominal,2.0NRT,312.54,9.01,D,VIIRS
46.89322,33.88652,344.54,0.44,0.46,2026-08-23,11:10:00,N20,nominal,2.0NRT,309.99,9.01,D,VIIRS
46.89368,33.89231,353.75,0.44,0.46,2026-08-23,11:10:00,N20,nominal,2.0NRT,313.69,12.69,D,VIIRS
46.89413,33.89809,349.93,0.44,0.46,2026-08-23,11:10:00,N20,nominal,2.0NRT,300.46,12.69,D,VIIRS
46.92829,34.34337,334.09,0.46,0.47,2026-08-23,11:10:00,N20,low,2.0NRT,307.78,1.74,D,VIIRS
46.88807,33.87567,343.48,0.44,0.46,2026-08-23,11:10:00,N20,nominal,2.0NRT,309.1,25.81,D,VIIRS
46.88898,33.88723,343.05,0.44,0.46,2026-08-23,11:10:00,N20,nominal,2.0NRT,312.16,45.72,D,VIIRS
46.88943,33.89301,356.2,0.44,0.46,2026-08-23,11:10:00,N20,nominal,2.0NRT,313.23,36.02,D,VIIRS
46.88988,33.8988,347.95,0.44,0.46,2026-08-23,11:10:00,N20,nominal,2.0NRT,303.89,36.02,D,VIIRS
46.89079,33.91041,336.29,0.44,0.46,2026-08-23,11:10:00,N20,nominal,2.0NRT,287.8,3.81,D,VIIRS
46.88852,33.88145,367,0.44,0.46,2026-08-23,11:10:00,N20,high,2.0NRT,311.5,45.72,D,VIIRS
46.88427,33.88216,367,0.44,0.46,2026-08-23,11:10:00,N20,low,2.0NRT,329.37,45.72,D,VIIRS
46.88382,33.87638,339.47,0.44,0.46,2026-08-23,11:10:00,N20,nominal,2.0NRT,308.79,25.81,D,VIIRS
46.88472,33.88794,352.73,0.44,0.46,2026-08-23,11:10:00,N20,nominal,2.0NRT,309.53,45.72,D,VIIRS
46.88563,33.89952,343.18,0.44,0.46,2026-08-23,11:10:00,N20,nominal,2.0NRT,303.31,36.02,D,VIIRS
46.88047,33.88865,341.53,0.44,0.46,2026-08-23,11:10:00,N20,nominal,2.0NRT,314.03,164.94,D,VIIRS
46.97393,35.17981,340.96,0.5,0.49,2026-08-23,11:10:00,N20,low,2.0NRT,313.4,4.35,D,VIIRS
46.97437,35.18647,341.78,0.5,0.49,2026-08-23,11:10:00,N20,low,2.0NRT,313.11,7,D,VIIRS
46.88092,33.89444,367,0.44,0.46,2026-08-23,11:10:00,N20,high,2.0NRT,346,149.76,D,VIIRS
46.83875,33.42154,340.35,0.42,0.45,2026-08-23,11:10:00,N20,nominal,2.0NRT,305.61,4.77,D,VIIRS
46.876220000000004,33.88938,349.71,0.44,0.46,2026-08-23,11:10:00,N20,nominal,2.0NRT,311.42,164.94,D,VIIRS
46.19273,33.52324,347.78,0.41,0.45,2026-08-23,11:10:00,N20,nominal,2.0NRT,313.21,7.14,D,VIIRS
46.20054,33.51645,346.08,0.41,0.45,2026-08-23,11:10:00,N20,nominal,2.0NRT,315.39,12.81,D,VIIRS
46.20007,33.51107,338.02,0.41,0.45,2026-08-23,11:10:00,N20,low,2.0NRT,312.1,12.81,D,VIIRS
46.20213,33.51435,348.64,0.41,0.45,2026-08-23,11:10:00,N20,nominal,2.0NRT,317.87,20.78,D,VIIRS
46.35194,34.9375,341.32,0.48,0.48,2026-08-23,11:10:00,N20,nominal,2.0NRT,308.06,4.43,D,VIIRS
46.35638,34.93684,344.55,0.48,0.48,2026-08-23,11:10:00,N20,nominal,2.0NRT,308.23,4.43,D,VIIRS
46.19743,32.93551,338.48,0.39,0.44,2026-08-23,11:10:00,N20,nominal,2.0NRT,306.5,7.21,D,VIIRS
46.19697,32.93043,336.83,0.39,0.44,2026-08-23,11:10:00,N20,nominal,2.0NRT,307.48,7.21,D,VIIRS
46.48738,35.49171,350.92,0.51,0.5,2026-08-23,11:10:00,N20,nominal,2.0NRT,304.87,6.37,D,VIIRS
46.49151,35.48433,343.74,0.51,0.5,2026-08-23,11:10:00,N20,nominal,2.0NRT,303.85,6.37,D,VIIRS
46.40939,34.34369,342.05,0.45,0.47,2026-08-23,11:10:00,N20,nominal,2.0NRT,308.36,5.9,D,VIIRS
46.40893,34.33775,346.06,0.45,0.47,2026-08-23,11:10:00,N20,nominal,2.0NRT,311.24,6.76,D,VIIRS
46.22618,32.14476,341.5,0.54,0.42,2026-08-23,11:10:00,N20,nominal,2.0NRT,294.94,21.07,D,VIIRS
46.51025,35.42054,339.72,0.51,0.49,2026-08-23,11:10:00,N20,nominal,2.0NRT,307.09,3.14,D,VIIRS
46.51532,34.86048,343.41,0.48,0.48,2026-08-23,11:10:00,N20,nominal,2.0NRT,310.39,3.11,D,VIIRS
46.51393,34.85984,342.3,0.48,0.48,2026-08-23,11:10:00,N20,nominal,2.0NRT,310.17,4.96,D,VIIRS
45.99463,29.3451,337.9,0.43,0.38,2026-08-23,11:10:00,N20,nominal,2.0NRT,308.78,4.8,D,VIIRS
46.00681,29.18231,337.29,0.43,0.38,2026-08-23,11:10:00,N20,nominal,2.0NRT,307.59,3.42,D,VIIRS
46.00544,29.17134,340.01,0.43,0.38,2026-08-23,11:10:00,N20,nominal,2.0NRT,307.14,5.66,D,VIIRS
46.01025,29.18143,339.85,0.43,0.38,2026-08-23,11:10:00,N20,nominal,2.0NRT,308.96,11.66,D,VIIRS
46.0089,29.17045,332.41,0.43,0.38,2026-08-23,11:10:00,N20,low,2.0NRT,304.64,1.49,D,VIIRS
46.40229,32.70214,349.5,0.38,0.43,2026-08-23,11:10:00,N20,nominal,2.0NRT,303.75,6.29,D,VIIRS
46.40675,32.7064,336.13,0.38,0.43,2026-08-23,11:10:00,N20,nominal,2.0NRT,303.5,15.04,D,VIIRS
46.40628,32.70139,351.22,0.38,0.43,2026-08-23,11:10:00,N20,nominal,2.0NRT,307.69,15.04,D,VIIRS
46.65366,35.76788,333.95,0.53,0.5,2026-08-23,11:10:00,N20,low,2.0NRT,304.5,4.04,D,VIIRS
46.41028,32.70065,355.78,0.38,0.43,2026-08-23,11:10:00,N20,nominal,2.0NRT,309.17,15.04,D,VIIRS
46.65831,35.76726,340.79,0.53,0.5,2026-08-23,11:10:00,N20,nominal,2.0NRT,303.21,5.12,D,VIIRS
46.41428,32.6999,345.49,0.38,0.43,2026-08-23,11:10:00,N20,nominal,2.0NRT,306.32,2.83,D,VIIRS
46.41827,32.69916,330.81,0.38,0.43,2026-08-23,11:10:00,N20,low,2.0NRT,305.28,2.83,D,VIIRS
46.42273,32.70342,341.05,0.38,0.43,2026-08-23,11:10:00,N20,nominal,2.0NRT,305.06,2.46,D,VIIRS
46.42226,32.69841,336.93,0.38,0.43,2026-08-23,11:10:00,N20,nominal,2.0NRT,305.31,2.46,D,VIIRS
46.54983,34.11114,343.84,0.44,0.46,2026-08-23,11:10:00,N20,nominal,2.0NRT,310.14,6.47,D,VIIRS
46.54936,34.1053,342.65,0.44,0.46,2026-08-23,11:10:00,N20,nominal,2.0NRT,311.93,5.19,D,VIIRS
46.42673,32.70268,345.18,0.38,0.43,2026-08-23,11:10:00,N20,nominal,2.0NRT,304.65,2.46,D,VIIRS
46.42626,32.69766,332.3,0.38,0.43,2026-08-23,11:10:00,N20,low,2.0NRT,307.01,2.46,D,VIIRS
46.43026,32.6969,342.17,0.38,0.43,2026-08-23,11:10:00,N20,nominal,2.0NRT,304.61,4.09,D,VIIRS
46.40195,32.35783,355.78,0.56,0.43,2026-08-23,11:10:00,N20,nominal,2.0NRT,304.33,24.2,D,VIIRS
46.40658,32.36433,342.81,0.56,0.43,2026-08-23,11:10:00,N20,nominal,2.0NRT,303.99,213.51,D,VIIRS
46.40517,32.34981,350.79,0.56,0.43,2026-08-23,11:10:00,N20,nominal,2.0NRT,306.09,21.58,D,VIIRS
46.4091,32.34903,348.96,0.56,0.43,2026-08-23,11:10:00,N20,nominal,2.0NRT,310.88,21.58,D,VIIRS
46.56308,34.00909,354.29,0.44,0.46,2026-08-23,11:10:00,N20,nominal,2.0NRT,313.9,13.41,D,VIIRS
46.41374,32.35553,343.31,0.56,0.43,2026-08-23,11:10:00,N20,nominal,2.0NRT,306.42,10.2,D,VIIRS
46.41261,32.35506,355.65,0.56,0.43,2026-08-23,11:10:00,N20,nominal,2.0NRT,307.32,126.7,D,VIIRS
46.87667,33.89516,344.13,0.44,0.46,2026-08-23,11:10:00,N20,nominal,2.0NRT,304.45,149.76,D,VIIRS
46.9082,34.30972,353.44,0.46,0.47,2026-08-23,11:10:00,N20,nominal,2.0NRT,314.13,27.34,D,VIIRS
46.90386,34.31041,334.6,0.46,0.47,2026-08-23,11:10:00,N20,low,2.0NRT,308.59,4.32,D,VIIRS
46.89952,34.31112,344.24,0.46,0.47,2026-08-23,11:10:00,N20,nominal,2.0NRT,309.91,4.32,D,VIIRS
47.00348,35.86831,345.73,0.54,0.51,2026-08-23,11:10:00,N20,nominal,2.0NRT,309.96,4.93,D,VIIRS
46.87737,33.89067,344.7,0.44,0.46,2026-08-23,11:10:00,N20,nominal,2.0NRT,314.59,41.35,D,VIIRS
46.87785,33.89645,344.95,0.44,0.46,2026-08-23,11:10:00,N20,nominal,2.0NRT,300.6,41.35,D,VIIRS
46.90722,34.31106,350.38,0.46,0.47,2026-08-23,11:10:00,N20,nominal,2.0NRT,313.89,28.5,D,VIIRS
46.97302,35.18042,344.82,0.5,0.49,2026-08-23,11:10:00,N20,nominal,2.0NRT,314.1,5.39,D,VIIRS
46.9735,35.18708,340.88,0.5,0.49,2026-08-23,11:10:00,N20,low,2.0NRT,312.92,5.39,D,VIIRS
46.90289,34.31175,339.53,0.46,0.47,2026-08-23,11:10:00,N20,nominal,2.0NRT,307.95,6.68,D,VIIRS
46.89855,34.31245,343.37,0.46,0.47,2026-08-23,11:10:00,N20,nominal,2.0NRT,308.62,6.68,D,VIIRS
47.00154,35.86845,345.6,0.54,0.51,2026-08-23,11:10:00,N20,nominal,2.0NRT,311.23,8.03,D,VIIRS
47.00248,35.8828,336.73,0.54,0.51,2026-08-23,11:10:00,N20,low,2.0NRT,309.07,3.3,D,VIIRS
46.94847,35.15695,344.51,0.5,0.49,2026-08-23,11:10:00,N20,nominal,2.0NRT,309.99,4.71,D,VIIRS
46.99871,35.89777,342.17,0.54,0.51,2026-08-23,11:10:00,N20,nominal,2.0NRT,307.8,8.51,D,VIIRS
46.94395,35.1576,341,0.5,0.49,2026-08-23,11:10:00,N20,low,2.0NRT,311.62,4.71,D,VIIRS
46.97305,35.79287,341.19,0.54,0.51,2026-08-23,11:10:00,N20,low,2.0NRT,314.19,9.48,D,VIIRS
46.95995,35.80892,353.64,0.54,0.51,2026-08-23,11:10:00,N20,nominal,2.0NRT,316.15,21.63,D,VIIRS
46.83153,34.18342,342.64,0.45,0.47,2026-08-23,11:10:00,N20,nominal,2.0NRT,308.73,3.92,D,VIIRS
46.83199,34.18936,339.15,0.45,0.47,2026-08-23,11:10:00,N20,low,2.0NRT,310.4,3.92,D,VIIRS
46.82768,34.19005,343.7,0.45,0.47,2026-08-23,11:10:00,N20,nominal,2.0NRT,308.16,3.92,D,VIIRS
46.82814,34.19601,337.9,0.45,0.47,2026-08-23,11:10:00,N20,low,2.0NRT,309.32,4.12,D,VIIRS
46.82337,34.19075,345.52,0.45,0.47,2026-08-23,11:10:00,N20,nominal,2.0NRT,308.25,4.65,D,VIIRS
46.92567,35.71336,343.9,0.53,0.5,2026-08-23,11:10:00,N20,nominal,2.0NRT,312.42,4.57,D,VIIRS
46.92611,35.72041,337.98,0.53,0.5,2026-08-23,11:10:00,N20,low,2.0NRT,311.86,4.57,D,VIIRS
46.92146,35.72102,344.76,0.53,0.5,2026-08-23,11:10:00,N20,nominal,2.0NRT,313.88,6.21,D,VIIRS
46.68285,32.70626,332.87,0.39,0.44,2026-08-23,11:10:00,N20,nominal,2.0NRT,302.51,2.76,D,VIIRS
46.9389,36.16361,337.24,0.56,0.51,2026-08-23,11:10:00,N20,nominal,2.0NRT,307.08,4.62,D,VIIRS
46.94062,36.19308,337.99,0.56,0.52,2026-08-23,11:10:00,N20,nominal,2.0NRT,307.12,5.97,D,VIIRS
46.93198,36.12726,330.88,0.56,0.51,2026-08-23,11:10:00,N20,low,2.0NRT,305.6,3.93,D,VIIRS
46.93415,36.16424,344.28,0.56,0.51,2026-08-23,11:10:00,N20,nominal,2.0NRT,307.04,4.62,D,VIIRS
46.781,34.1496,339.55,0.45,0.47,2026-08-23,11:10:00,N20,nominal,2.0NRT,308.85,4.81,D,VIIRS
46.78145,34.15551,339.95,0.45,0.47,2026-08-23,11:10:00,N20,nominal,2.0NRT,308.76,2.77,D,VIIRS
46.78189,34.16144,334.14,0.45,0.47,2026-08-23,11:10:00,N20,low,2.0NRT,308.89,2.77,D,VIIRS
46.88977,35.7395,340.99,0.53,0.5,2026-08-23,11:10:00,N20,nominal,2.0NRT,310.89,8.43,D,VIIRS
46.89021,35.74655,342.85,0.53,0.5,2026-08-23,11:10:00,N20,nominal,2.0NRT,309.3,6,D,VIIRS
46.93866,36.16448,339.94,0.56,0.51,2026-08-23,11:10:00,N20,nominal,2.0NRT,307.89,5.11,D,VIIRS
46.94053,36.19389,341.2,0.56,0.52,2026-08-23,11:10:00,N20,nominal,2.0NRT,307.69,4.66,D,VIIRS
46.9339,36.1651,341.92,0.56,0.51,2026-08-23,11:10:00,N20,nominal,2.0NRT,306.12,5.11,D,VIIRS
46.77932,34.15209,343.33,0.45,0.47,2026-08-23,11:10:00,N20,nominal,2.0NRT,310.36,5.77,D,VIIRS
46.7798,34.15799,343.35,0.45,0.47,2026-08-23,11:10:00,N20,nominal,2.0NRT,309.96,5.77,D,VIIRS
46.88731,35.74094,343,0.53,0.5,2026-08-23,11:10:00,N20,nominal,2.0NRT,311.45,13.32,D,VIIRS
46.83983,35.121,343.97,0.5,0.49,2026-08-23,11:10:00,N20,nominal,2.0NRT,312.15,3.67,D,VIIRS
46.6998,33.40605,347.42,0.41,0.45,2026-08-23,11:10:00,N20,nominal,2.0NRT,307.28,5.1,D,VIIRS
46.87845,36.12004,334.8,0.56,0.51,2026-08-23,11:10:00,N20,low,2.0NRT,309.16,4.02,D,VIIRS
46.90602,36.66828,352.33,0.59,0.53,2026-08-23,11:10:00,N20,nominal,2.0NRT,309.52,14.82,D,VIIRS
46.61475,32.77407,342.25,0.39,0.44,2026-08-23,11:10:00,N20,nominal,2.0NRT,306.43,5.24,D,VIIRS
46.62815,32.92275,339.49,0.39,0.44,2026-08-23,11:10:00,N20,nominal,2.0NRT,305.27,2.59,D,VIIRS
46.80927,35.20571,352.48,0.5,0.49,2026-08-23,11:10:00,N20,nominal,2.0NRT,311.38,27.36,D,VIIRS
46.90115,36.6689,347.7,0.59,0.53,2026-08-23,11:10:00,N20,nominal,2.0NRT,311.79,17.51,D,VIIRS
46.63862,33.27965,331.27,0.41,0.45,2026-08-23,11:10:00,N20,low,2.0NRT,305.63,2.04,D,VIIRS
46.58699,32.73789,350.17,0.39,0.44,2026-08-23,11:10:00,N20,nominal,2.0NRT,306.57,5.41,D,VIIRS
46.83038,35.95723,336.2,0.55,0.51,2026-08-23,11:10:00,N20,nominal,2.0NRT,307.37,4.42,D,VIIRS
46.56149,34.00704,343.49,0.44,0.46,2026-08-23,11:10:00,N20,low,2.0NRT,313.59,15.53,D,VIIRS
46.72565,35.67948,331.9,0.53,0.5,2026-08-23,11:10:00,N20,low,2.0NRT,303.06,3.25,D,VIIRS
46.68784,35.11876,337.32,0.5,0.49,2026-08-23,11:10:00,N20,low,2.0NRT,310.56,4.24,D,VIIRS
46.68738,35.1122,345.94,0.5,0.49,2026-08-23,11:10:00,N20,nominal,2.0NRT,314.16,26.53,D,VIIRS
46.78554,36.58163,333.72,0.58,0.52,2026-08-23,11:10:00,N20,low,2.0NRT,304.61,2.89,D,VIIRS
46.73073,35.68578,335.31,0.53,0.5,2026-08-23,11:10:00,N20,nominal,2.0NRT,301.8,2.58,D,VIIRS
46.73028,35.67884,346.6,0.53,0.5,2026-08-23,11:10:00,N20,nominal,2.0NRT,307.37,8.4,D,VIIRS
46.69234,35.1181,348.67,0.5,0.49,2026-08-23,11:10:00,N20,nominal,2.0NRT,309.62,6.19,D,VIIRS
46.69638,35.11089,337.9,0.5,0.49,2026-08-23,11:10:00,N20,low,2.0NRT,312.47,8.6,D,VIIRS
46.68747,34.92251,344.9,0.49,0.48,2026-08-23,11:10:00,N20,nominal,2.0NRT,309.99,6.11,D,VIIRS
46.65448,34.3075,334.55,0.45,0.47,2026-08-23,11:10:00,N20,low,2.0NRT,306.8,2.8,D,VIIRS
46.8263,36.69476,338.8,0.59,0.53,2026-08-23,11:10:00,N20,nominal,2.0NRT,308.36,3.01,D,VIIRS
46.72199,35.08735,347.01,0.5,0.49,2026-08-23,11:10:00,N20,nominal,2.0NRT,311.64,15.16,D,VIIRS
46.72152,35.08082,345.71,0.49,0.49,2026-08-23,11:10:00,N20,nominal,2.0NRT,312.47,10.71,D,VIIRS
46.82019,36.50772,341.55,0.58,0.52,2026-08-23,11:10:00,N20,nominal,2.0NRT,305.23,10.83,D,VIIRS
46.72437,34.99502,336.14,0.49,0.49,2026-08-23,11:10:00,N20,low,2.0NRT,310.56,3.49,D,VIIRS
46.78479,35.58739,344.02,0.52,0.5,2026-08-23,11:10:00,N20,nominal,2.0NRT,311.77,12.04,D,VIIRS
46.78432,35.58048,345.65,0.52,0.5,2026-08-23,11:10:00,N20,low,2.0NRT,316.25,12.04,D,VIIRS
46.53681,32.56337,335.11,0.57,0.43,2026-08-23,11:10:00,N20,nominal,2.0NRT,300.75,9.22,D,VIIRS
46.75541,35.10906,346.58,0.5,0.49,2026-08-23,11:10:00,N20,nominal,2.0NRT,314.63,8.76,D,VIIRS
46.77098,35.26041,335.78,0.5,0.49,2026-08-23,11:10:00,N20,low,2.0NRT,309.98,5.39,D,VIIRS
46.53467,32.56279,332.48,0.57,0.43,2026-08-23,11:10:00,N20,nominal,2.0NRT,299.22,6,D,VIIRS
46.53864,32.56202,343.7,0.57,0.43,2026-08-23,11:10:00,N20,nominal,2.0NRT,301.47,6,D,VIIRS
46.57644,32.89561,331.34,0.39,0.44,2026-08-23,11:10:00,N20,low,2.0NRT,303.41,1.74,D,VIIRS
46.78372,35.58557,344.56,0.52,0.5,2026-08-23,11:10:00,N20,nominal,2.0NRT,313.29,16.07,D,VIIRS
46.78328,35.57866,342.13,0.52,0.5,2026-08-23,11:10:00,N20,low,2.0NRT,313.33,14.24,D,VIIRS
46.57777,32.86404,345.01,0.39,0.44,2026-08-23,11:10:00,N20,nominal,2.0NRT,309.84,5.65,D,VIIRS
46.57461,32.82822,337.5,0.39,0.44,2026-08-23,11:10:00,N20,nominal,2.0NRT,306.72,2.18,D,VIIRS
46.75685,35.10657,347.95,0.5,0.49,2026-08-23,11:10:00,N20,nominal,2.0NRT,314.91,8.69,D,VIIRS
46.77208,35.26491,339.09,0.51,0.49,2026-08-23,11:10:00,N20,low,2.0NRT,310.4,4.59,D,VIIRS
46.58946,32.90367,347.3,0.39,0.44,2026-08-23,11:10:00,N20,nominal,2.0NRT,305,18.38,D,VIIRS
46.83082,35.96447,339.27,0.55,0.51,2026-08-23,11:10:00,N20,nominal,2.0NRT,306.45,4.28,D,VIIRS
48.26096,37.02691,343.45,0.63,0.54,2026-08-23,11:10:00,N20,nominal,2.0NRT,312.42,8.95,D,VIIRS
48.26659,37.37288,346.62,0.33,0.55,2026-08-23,11:10:00,N20,nominal,2.0NRT,311,4.26,D,VIIRS
48.26108,37.36422,340.26,0.33,0.55,2026-08-23,11:10:00,N20,nominal,2.0NRT,306.4,4.76,D,VIIRS
48.26129,37.36888,341.89,0.33,0.55,2026-08-23,11:10:00,N20,nominal,2.0NRT,310.51,4.26,D,VIIRS
48.26149,37.37349,356.03,0.33,0.55,2026-08-23,11:10:00,N20,nominal,2.0NRT,310.27,4.26,D,VIIRS
48.23322,36.86673,338.38,0.62,0.54,2026-08-23,11:10:00,N20,nominal,2.0NRT,310.93,19.14,D,VIIRS
48.23363,36.87528,348.75,0.62,0.54,2026-08-23,11:10:00,N20,nominal,2.0NRT,315.01,40.78,D,VIIRS
48.25323,37.3018,354.76,0.33,0.55,2026-08-23,11:10:00,N20,nominal,2.0NRT,312.34,7.04,D,VIIRS
48.25343,37.30628,348.89,0.33,0.55,2026-08-23,11:10:00,N20,nominal,2.0NRT,306.97,6.13,D,VIIRS
48.25599,37.36493,354.75,0.33,0.55,2026-08-23,11:10:00,N20,nominal,2.0NRT,308.31,5.7,D,VIIRS
48.25619,37.36946,367,0.33,0.55,2026-08-23,11:10:00,N20,high,2.0NRT,309.21,6.31,D,VIIRS
47.63902,29.6736,345.51,0.46,0.39,2026-08-23,11:10:00,N20,nominal,2.0NRT,304.71,7.18,D,VIIRS
47.63721,29.66957,348.46,0.46,0.39,2026-08-23,11:10:00,N20,nominal,2.0NRT,305.84,4.41,D,VIIRS
47.63792,29.67568,338.33,0.46,0.39,2026-08-23,11:10:00,N20,nominal,2.0NRT,309,4.33,D,VIIRS
47.63863,29.68179,332.31,0.46,0.39,2026-08-23,11:10:00,N20,nominal,2.0NRT,307.08,4.33,D,VIIRS
47.63363,29.67044,334.09,0.46,0.39,2026-08-23,11:10:00,N20,nominal,2.0NRT,302.73,4.41,D,VIIRS
48.26391,37.3726,367,0.33,0.55,2026-08-23,11:10:00,N20,high,2.0NRT,312.01,6.33,D,VIIRS
48.23302,36.86657,338.5,0.62,0.54,2026-08-23,11:10:00,N20,nominal,2.0NRT,310.05,31.39,D,VIIRS
48.23347,36.87511,349.25,0.62,0.54,2026-08-23,11:10:00,N20,nominal,2.0NRT,315.16,31.39,D,VIIRS
48.25859,37.36856,356.6,0.33,0.55,2026-08-23,11:10:00,N20,nominal,2.0NRT,309.72,6.33,D,VIIRS
48.25882,37.37312,351.48,0.33,0.55,2026-08-23,11:10:00,N20,nominal,2.0NRT,307.77,6.33,D,VIIRS
48.25837,37.36396,367,0.33,0.55,2026-08-23,11:10:00,N20,high,2.0NRT,310.51,8.76,D,VIIRS
48.14389,35.51363,341.99,0.54,0.5,2026-08-23,11:10:00,N20,nominal,2.0NRT,307.22,18.03,D,VIIRS
48.22234,37.0484,353.66,0.63,0.54,2026-08-23,11:10:00,N20,nominal,2.0NRT,310.6,17.63,D,VIIRS
48.19402,36.60329,344.94,0.6,0.53,2026-08-23,11:10:00,N20,nominal,2.0NRT,308.73,12.78,D,VIIRS
48.20232,36.8536,342.14,0.62,0.54,2026-08-23,11:10:00,N20,nominal,2.0NRT,311.42,13.66,D,VIIRS
48.21317,37.06683,344.75,0.63,0.54,2026-08-23,11:10:00,N20,nominal,2.0NRT,317.35,11.93,D,VIIRS
48.15345,36.05692,340.73,0.57,0.52,2026-08-23,11:10:00,N20,nominal,2.0NRT,306.61,16.34,D,VIIRS
48.19151,36.83796,353.81,0.62,0.54,2026-08-23,11:10:00,N20,nominal,2.0NRT,313.2,20.62,D,VIIRS
48.18655,36.83868,345.99,0.62,0.54,2026-08-23,11:10:00,N20,nominal,2.0NRT,311.57,12.35,D,VIIRS
48.19681,37.04248,346.77,0.63,0.54,2026-08-23,11:10:00,N20,nominal,2.0NRT,310.64,20.87,D,VIIRS
48.19178,37.04288,344.94,0.63,0.54,2026-08-23,11:10:00,N20,nominal,2.0NRT,311.13,20.87,D,VIIRS
48.17379,36.98433,341.62,0.63,0.54,2026-08-23,11:10:00,N20,nominal,2.0NRT,309.96,9.59,D,VIIRS
48.20771,37.72458,367,0.34,0.56,2026-08-23,11:10:00,N20,high,2.0NRT,314.84,69.24,D,VIIRS
48.14682,36.55164,332.72,0.6,0.53,2026-08-23,11:10:00,N20,low,2.0NRT,307.12,6,D,VIIRS
48.17724,37.49805,339.15,0.33,0.55,2026-08-23,11:10:00,N20,nominal,2.0NRT,309.25,31.6,D,VIIRS
48.17743,37.50243,367,0.33,0.55,2026-08-23,11:10:00,N20,high,2.0NRT,347.26,70.11,D,VIIRS
48.17762,37.50681,367,0.33,0.55,2026-08-23,11:10:00,N20,high,2.0NRT,320.39,70.11,D,VIIRS
48.17781,37.51123,367,0.33,0.55,2026-08-23,11:10:00,N20,high,2.0NRT,312.93,7.28,D,VIIRS
48.17268,37.51171,351.71,0.33,0.55,2026-08-23,11:10:00,N20,nominal,2.0NRT,311.53,7.28,D,VIIRS
48.17287,37.51614,338.58,0.33,0.55,2026-08-23,11:10:00,N20,nominal,2.0NRT,311.2,7.28,D,VIIRS
48.17599,37.58882,367,0.33,0.56,2026-08-23,11:10:00,N20,high,2.0NRT,312.38,7.81,D,VIIRS
48.14417,36.99615,345.66,0.63,0.54,2026-08-23,11:10:00,N20,nominal,2.0NRT,310.4,8.58,D,VIIRS
48.14991,37.11817,339.94,0.32,0.54,2026-08-23,11:10:00,N20,low,2.0NRT,313.87,3.81,D,VIIRS
48.17084,37.58934,367,0.33,0.56,2026-08-23,11:10:00,N20,high,2.0NRT,312.62,6.96,D,VIIRS
48.13956,37.00512,347.63,0.63,0.54,2026-08-23,11:10:00,N20,nominal,2.0NRT,308.9,8.58,D,VIIRS
48.16511,37.57617,343.85,0.33,0.56,2026-08-23,11:10:00,N20,nominal,2.0NRT,308.75,2.34,D,VIIRS
48.13414,36.99693,343.23,0.63,0.54,2026-08-23,11:10:00,N20,low,2.0NRT,313.5,8.79,D,VIIRS
48.16016,37.58131,340.51,0.33,0.56,2026-08-23,11:10:00,N20,nominal,2.0NRT,311.19,5.75,D,VIIRS
48.1594,37.56327,367,0.33,0.56,2026-08-23,11:10:00,N20,high,2.0NRT,311.52,6.73,D,VIIRS
48.12793,36.97168,333.83,0.63,0.54,2026-08-23,11:10:00,N20,low,2.0NRT,307.75,1.78,D,VIIRS
48.15427,37.56398,350,0.33,0.56,2026-08-23,11:10:00,N20,nominal,2.0NRT,315.85,6.73,D,VIIRS
48.15484,37.57763,340.62,0.33,0.56,2026-08-23,11:10:00,N20,low,2.0NRT,314.59,5.75,D,VIIRS
48.155029999999996,37.58213,354.91,0.33,0.56,2026-08-23,11:10:00,N20,nominal,2.0NRT,316.36,5.75,D,VIIRS
48.15521,37.58667,367,0.33,0.56,2026-08-23,11:10:00,N20,high,2.0NRT,311.31,9.48,D,VIIRS
48.10065,36.61419,341.4,0.6,0.53,2026-08-23,11:10:00,N20,nominal,2.0NRT,309.39,8.24,D,VIIRS
48.14426,36.99455,343.23,0.63,0.54,2026-08-23,11:10:00,N20,nominal,2.0NRT,310.73,6.64,D,VIIRS
48.1397,37.00347,347.58,0.63,0.54,2026-08-23,11:10:00,N20,nominal,2.0NRT,309.77,9,D,VIIRS
48.14581,37.12109,347.76,0.32,0.54,2026-08-23,11:10:00,N20,nominal,2.0NRT,308.15,2.2,D,VIIRS
48.16887,37.58728,347.14,0.33,0.56,2026-08-23,11:10:00,N20,nominal,2.0NRT,310.75,2.81,D,VIIRS
48.13424,36.99529,349.17,0.63,0.54,2026-08-23,11:10:00,N20,nominal,2.0NRT,315.42,9.89,D,VIIRS
48.16308,37.57416,347.07,0.33,0.56,2026-08-23,11:10:00,N20,nominal,2.0NRT,311.91,4.33,D,VIIRS
48.15731,37.56132,350.09,0.33,0.56,2026-08-23,11:10:00,N20,nominal,2.0NRT,314.07,9.42,D,VIIRS
48.15752,37.56586,354.54,0.33,0.56,2026-08-23,11:10:00,N20,nominal,2.0NRT,312.77,11.33,D,VIIRS
48.15795,37.5749,342.39,0.33,0.56,2026-08-23,11:10:00,N20,low,2.0NRT,316.54,11.55,D,VIIRS
48.15837,37.58391,367,0.33,0.56,2026-08-23,11:10:00,N20,high,2.0NRT,314.63,14.26,D,VIIRS
48.12289,36.97062,337.16,0.63,0.54,2026-08-23,11:10:00,N20,low,2.0NRT,309.01,6.43,D,VIIRS
48.08126,36.38727,353.3,0.59,0.53,2026-08-23,11:10:00,N20,nominal,2.0NRT,306.27,12.86,D,VIIRS
48.09388,36.61393,337.27,0.6,0.53,2026-08-23,11:10:00,N20,low,2.0NRT,311.28,9.43,D,VIIRS
47.93611,34.31245,353.33,0.47,0.48,2026-08-23,11:10:00,N20,nominal,2.0NRT,303.77,8.8,D,VIIRS
48.12568,37.43679,340.57,0.33,0.55,2026-08-23,11:10:00,N20,low,2.0NRT,312.11,4.13,D,VIIRS
48.12589,37.44124,341.7,0.33,0.55,2026-08-23,11:10:00,N20,nominal,2.0NRT,312.22,3.9,D,VIIRS
48.06092,36.37329,331.36,0.59,0.53,2026-08-23,11:10:00,N20,nominal,2.0NRT,303.99,2.43,D,VIIRS
48.09591,37.03347,340.52,0.63,0.54,2026-08-23,11:10:00,N20,low,2.0NRT,312.11,6.65,D,VIIRS
48.09633,37.04203,342.12,0.63,0.54,2026-08-23,11:10:00,N20,low,2.0NRT,312.86,8.91,D,VIIRS
48.08503,37.0175,342.04,0.63,0.54,2026-08-23,11:10:00,N20,nominal,2.0NRT,312.88,5.54,D,VIIRS
48.1199,37.76671,349.81,0.34,0.56,2026-08-23,11:10:00,N20,nominal,2.0NRT,308.3,4.74,D,VIIRS
48.0481,36.40679,336.65,0.59,0.53,2026-08-23,11:10:00,N20,nominal,2.0NRT,306.1,6.44,D,VIIRS
48.09935,37.42236,351.32,0.33,0.55,2026-08-23,11:10:00,N20,nominal,2.0NRT,315.94,4.17,D,VIIRS
48.09578,37.34552,367,0.33,0.55,2026-08-23,11:10:00,N20,high,2.0NRT,313.85,14.1,D,VIIRS
47.57631,30.59489,338.68,0.49,0.4,2026-08-23,11:10:00,N20,nominal,2.0NRT,306.79,3.4,D,VIIRS
48.05415,36.61036,336.34,0.6,0.53,2026-08-23,11:10:00,N20,low,2.0NRT,308.88,2.53,D,VIIRS
48.07334,36.98468,341.86,0.63,0.54,2026-08-23,11:10:00,N20,low,2.0NRT,314.2,12.26,D,VIIRS
48.07376,36.99313,342.93,0.63,0.54,2026-08-23,11:10:00,N20,nominal,2.0NRT,312.36,11.71,D,VIIRS
47.57261,30.59576,331.66,0.49,0.4,2026-08-23,11:10:00,N20,low,2.0NRT,304.17,1.21,D,VIIRS
48.03771,36.57929,340.92,0.6,0.53,2026-08-23,11:10:00,N20,nominal,2.0NRT,311.17,8.08,D,VIIRS
48.03813,36.58728,340.79,0.6,0.53,2026-08-23,11:10:00,N20,nominal,2.0NRT,307.37,8.08,D,VIIRS
48.06833,37.19448,344.22,0.32,0.55,2026-08-23,11:10:00,N20,nominal,2.0NRT,310.29,4.78,D,VIIRS
48.06874,37.20317,341.18,0.32,0.55,2026-08-23,11:10:00,N20,nominal,2.0NRT,313.81,5.8,D,VIIRS
48.03323,36.58794,336.64,0.6,0.53,2026-08-23,11:10:00,N20,low,2.0NRT,311.19,8.08,D,VIIRS
48.06328,37.1951,353.84,0.32,0.55,2026-08-23,11:10:00,N20,nominal,2.0NRT,313.34,4.78,D,VIIRS
48.08409,37.65926,347.78,0.34,0.56,2026-08-23,11:10:00,N20,nominal,2.0NRT,316.91,4.69,D,VIIRS
48.06349,37.19942,367,0.32,0.55,2026-08-23,11:10:00,N20,high,2.0NRT,314.66,5.8,D,VIIRS
48.05283,37.08084,346.58,0.63,0.54,2026-08-23,11:10:00,N20,nominal,2.0NRT,311.91,15.12,D,VIIRS
48.00939,36.32377,337.96,0.58,0.52,2026-08-23,11:10:00,N20,nominal,2.0NRT,310.62,7.14,D,VIIRS
48.00982,36.33169,342.61,0.58,0.52,2026-08-23,11:10:00,N20,nominal,2.0NRT,310.97,7.14,D,VIIRS
48.01974,36.61357,342.76,0.6,0.53,2026-08-23,11:10:00,N20,nominal,2.0NRT,312.81,4.78,D,VIIRS
48.06304,37.65189,340.85,0.34,0.56,2026-08-23,11:10:00,N20,nominal,2.0NRT,311.3,3.28,D,VIIRS
48.06324,37.65649,367,0.34,0.56,2026-08-23,11:10:00,N20,high,2.0NRT,312.51,4.88,D,VIIRS
47.97343,36.10859,342.06,0.57,0.52,2026-08-23,11:10:00,N20,nominal,2.0NRT,308.84,7.59,D,VIIRS
47.96864,36.10901,333.76,0.57,0.52,2026-08-23,11:10:00,N20,low,2.0NRT,306.03,7.59,D,VIIRS
48.00626,36.3246,334.61,0.58,0.52,2026-08-23,11:10:00,N20,nominal,2.0NRT,307.93,5,D,VIIRS
48.00672,36.33256,342.81,0.58,0.52,2026-08-23,11:10:00,N20,nominal,2.0NRT,309.05,5.95,D,VIIRS
48.01806,36.61387,342.88,0.6,0.53,2026-08-23,11:10:00,N20,nominal,2.0NRT,310.92,10.48,D,VIIRS
48.06201,37.66033,338.47,0.34,0.56,2026-08-23,11:10:00,N20,nominal,2.0NRT,309.56,3.32,D,VIIRS
48.06179,37.65574,367,0.34,0.56,2026-08-23,11:10:00,N20,high,2.0NRT,313.11,3.32,D,VIIRS
47.974,36.10907,342.15,0.57,0.52,2026-08-23,11:10:00,N20,nominal,2.0NRT,308.44,4.86,D,VIIRS
47.9692,36.10944,343.04,0.57,0.52,2026-08-23,11:10:00,N20,nominal,2.0NRT,306.67,4.86,D,VIIRS
47.93607,35.80118,344.37,0.55,0.51,2026-08-23,11:10:00,N20,nominal,2.0NRT,314.17,5.34,D,VIIRS
47.96893,36.35363,343.44,0.58,0.52,2026-08-23,11:10:00,N20,nominal,2.0NRT,306.65,5.96,D,VIIRS
47.93182,35.80946,343.9,0.55,0.51,2026-08-23,11:10:00,N20,nominal,2.0NRT,311.04,5.34,D,VIIRS
47.49967,30.70713,345.68,0.49,0.41,2026-08-23,11:10:00,N20,nominal,2.0NRT,309.18,6.68,D,VIIRS
47.50177,30.72688,338.81,0.49,0.41,2026-08-23,11:10:00,N20,low,2.0NRT,310.81,8.74,D,VIIRS
47.49667,30.71459,336.2,0.49,0.41,2026-08-23,11:10:00,N20,low,2.0NRT,307.49,6.68,D,VIIRS
47.49225,30.70881,334.58,0.49,0.41,2026-08-23,11:10:00,N20,nominal,2.0NRT,306.62,4.1,D,VIIRS
47.49295,30.71539,344.61,0.49,0.41,2026-08-23,11:10:00,N20,nominal,2.0NRT,306.48,4.1,D,VIIRS
47.89671,35.47531,349.46,0.53,0.5,2026-08-23,11:10:00,N20,nominal,2.0NRT,312.73,12.47,D,VIIRS
47.48853,30.70959,332.15,0.49,0.41,2026-08-23,11:10:00,N20,nominal,2.0NRT,304.83,4.1,D,VIIRS
47.48922,30.71613,332.47,0.49,0.41,2026-08-23,11:10:00,N20,nominal,2.0NRT,304.44,4.1,D,VIIRS
47.97474,36.91851,340.54,0.62,0.54,2026-08-23,11:10:00,N20,nominal,2.0NRT,312.15,4.54,D,VIIRS
47.88732,35.5493,339.54,0.53,0.5,2026-08-23,11:10:00,N20,low,2.0NRT,312.46,4.81,D,VIIRS
47.95409,36.71176,343.55,0.61,0.53,2026-08-23,11:10:00,N20,low,2.0NRT,313.73,5.22,D,VIIRS
47.94311,36.59753,343.41,0.6,0.53,2026-08-23,11:10:00,N20,nominal,2.0NRT,311.89,8.88,D,VIIRS
47.94872,36.70395,338.19,0.61,0.53,2026-08-23,11:10:00,N20,low,2.0NRT,312.54,8.76,D,VIIRS
47.87799,35.55037,345.62,0.53,0.5,2026-08-23,11:10:00,N20,nominal,2.0NRT,314.89,10.84,D,VIIRS
47.93821,36.59805,343.37,0.6,0.53,2026-08-23,11:10:00,N20,nominal,2.0NRT,313.55,8.88,D,VIIRS
47.95859,36.99672,351.46,0.63,0.54,2026-08-23,11:10:00,N20,nominal,2.0NRT,308.6,27.56,D,VIIRS
47.95275,36.98011,352.42,0.62,0.54,2026-08-23,11:10:00,N20,nominal,2.0NRT,309.56,45.57,D,VIIRS
47.95318,36.98877,352.44,0.63,0.54,2026-08-23,11:10:00,N20,nominal,2.0NRT,315.61,45.57,D,VIIRS
47.97782,37.51382,343.79,0.33,0.55,2026-08-23,11:10:00,N20,nominal,2.0NRT,313.75,3.99,D,VIIRS
47.9595,37.44851,259.65,0.33,0.55,2026-08-23,11:10:00,N20,low,2.0NRT,323.74,44.18,D,VIIRS
47.92364,36.6981,342.36,0.61,0.53,2026-08-23,11:10:00,N20,nominal,2.0NRT,312.84,4.82,D,VIIRS
47.96224,37.51056,349.91,0.33,0.55,2026-08-23,11:10:00,N20,nominal,2.0NRT,316.97,5.49,D,VIIRS
47.9597,37.453,367,0.33,0.55,2026-08-23,11:10:00,N20,high,2.0NRT,308.12,44.18,D,VIIRS
47.95438,37.4488,347.48,0.33,0.55,2026-08-23,11:10:00,N20,nominal,2.0NRT,314.67,15.28,D,VIIRS
47.95458,37.45331,367,0.33,0.55,2026-08-23,11:10:00,N20,high,2.0NRT,314.55,15.28,D,VIIRS
47.8799,36.15133,341.94,0.57,0.52,2026-08-23,11:10:00,N20,nominal,2.0NRT,307.5,68.92,D,VIIRS
47.8751,36.1518,342.11,0.57,0.52,2026-08-23,11:10:00,N20,nominal,2.0NRT,306.22,68.92,D,VIIRS
47.90722,36.76625,353.52,0.61,0.53,2026-08-23,11:10:00,N20,nominal,2.0NRT,316.39,15.87,D,VIIRS
47.86988,36.14459,355.35,0.57,0.52,2026-08-23,11:10:00,N20,nominal,2.0NRT,310.33,17.11,D,VIIRS
47.90228,36.76683,349.79,0.61,0.53,2026-08-23,11:10:00,N20,nominal,2.0NRT,315.83,24.18,D,VIIRS
47.89489,36.71762,344.56,0.61,0.53,2026-08-23,11:10:00,N20,nominal,2.0NRT,314.33,13.21,D,VIIRS
47.51709,31.56683,346.88,0.53,0.42,2026-08-23,11:10:00,N20,nominal,2.0NRT,299.69,6.21,D,VIIRS
47.51975,31.56759,340.71,0.53,0.42,2026-08-23,11:10:00,N20,nominal,2.0NRT,299.52,4.7,D,VIIRS
47.5159,31.56837,334.96,0.53,0.42,2026-08-23,11:10:00,N20,nominal,2.0NRT,298.65,4.7,D,VIIRS
47.87996,36.14484,349.68,0.57,0.52,2026-08-23,11:10:00,N20,nominal,2.0NRT,313.38,41.9,D,VIIRS
47.91135,36.68382,340.38,0.6,0.53,2026-08-23,11:10:00,N20,nominal,2.0NRT,309.67,4.05,D,VIIRS
47.87516,36.14529,347.95,0.57,0.52,2026-08-23,11:10:00,N20,nominal,2.0NRT,321.18,41.9,D,VIIRS
47.87036,36.14582,355.82,0.57,0.52,2026-08-23,11:10:00,N20,nominal,2.0NRT,312.53,20.76,D,VIIRS
47.90606,36.76728,353.71,0.61,0.53,2026-08-23,11:10:00,N20,nominal,2.0NRT,315.81,16.12,D,VIIRS
47.90112,36.76786,355.65,0.61,0.53,2026-08-23,11:10:00,N20,nominal,2.0NRT,317.44,16.12,D,VIIRS
47.89346,36.71866,345.24,0.61,0.53,2026-08-23,11:10:00,N20,nominal,2.0NRT,314.66,8.78,D,VIIRS
47.86979,36.55791,340.7,0.6,0.53,2026-08-23,11:10:00,N20,low,2.0NRT,311.56,5.98,D,VIIRS
47.82146,35.89243,341.94,0.55,0.51,2026-08-23,11:10:00,N20,nominal,2.0NRT,306.86,5.04,D,VIIRS
47.47424,31.58406,332.59,0.53,0.42,2026-08-23,11:10:00,N20,low,2.0NRT,303.61,8.04,D,VIIRS
47.73743,34.75189,344.13,0.49,0.49,2026-08-23,11:10:00,N20,nominal,2.0NRT,311.01,10.63,D,VIIRS
47.72848,34.75322,335.99,0.49,0.49,2026-08-23,11:10:00,N20,low,2.0NRT,309.02,8,D,VIIRS
47.76418,35.28166,339.33,0.52,0.5,2026-08-23,11:10:00,N20,low,2.0NRT,309.77,4.88,D,VIIRS
47.75823,35.26151,347.47,0.52,0.5,2026-08-23,11:10:00,N20,nominal,2.0NRT,311.77,22.11,D,VIIRS
47.75868,35.26846,342.67,0.52,0.5,2026-08-23,11:10:00,N20,nominal,2.0NRT,308.03,13.06,D,VIIRS
47.75319,35.25514,353.28,0.52,0.5,2026-08-23,11:10:00,N20,nominal,2.0NRT,310.45,22.11,D,VIIRS
47.75409,35.26896,342.26,0.52,0.5,2026-08-23,11:10:00,N20,nominal,2.0NRT,308.31,13.06,D,VIIRS
47.83066,36.56214,341.53,0.6,0.53,2026-08-23,11:10:00,N20,nominal,2.0NRT,310.06,4.98,D,VIIRS
47.83109,36.57012,336.9,0.6,0.53,2026-08-23,11:10:00,N20,nominal,2.0NRT,310.18,4.27,D,VIIRS
47.86031,37.14372,340.76,0.63,0.54,2026-08-23,11:10:00,N20,low,2.0NRT,315.03,7.1,D,VIIRS
47.75678,35.31062,367,0.52,0.5,2026-08-23,11:10:00,N20,high,2.0NRT,310.37,14.22,D,VIIRS
47.75218,35.3112,342.13,0.52,0.5,2026-08-23,11:10:00,N20,nominal,2.0NRT,310.25,10.25,D,VIIRS
47.75263,35.31818,348.28,0.52,0.5,2026-08-23,11:10:00,N20,nominal,2.0NRT,308.64,10.25,D,VIIRS
47.74802,35.31879,345.85,0.52,0.5,2026-08-23,11:10:00,N20,nominal,2.0NRT,309.34,10.25,D,VIIRS
47.76989,35.6686,342.44,0.54,0.51,2026-08-23,11:10:00,N20,nominal,2.0NRT,311.81,9.56,D,VIIRS
47.69433,34.58731,337.3,0.48,0.48,2026-08-23,11:10:00,N20,nominal,2.0NRT,304.57,25.74,D,VIIRS
47.74342,35.31944,343.63,0.52,0.5,2026-08-23,11:10:00,N20,nominal,2.0NRT,309.67,23.7,D,VIIRS
47.8407,37.05125,344.43,0.63,0.54,2026-08-23,11:10:00,N20,nominal,2.0NRT,312.01,30.32,D,VIIRS
47.85308,37.31242,353.37,0.32,0.55,2026-08-23,11:10:00,N20,nominal,2.0NRT,314.48,6.28,D,VIIRS
47.84358,37.11089,367,0.63,0.54,2026-08-23,11:10:00,N20,high,2.0NRT,312.05,33.3,D,VIIRS
47.68989,34.58801,352.08,0.48,0.48,2026-08-23,11:10:00,N20,nominal,2.0NRT,311.37,25.74,D,VIIRS
47.36763,30.94809,335.26,0.5,0.41,2026-08-23,11:10:00,N20,nominal,2.0NRT,304.29,8.04,D,VIIRS
47.71494,35.16355,338.23,0.51,0.49,2026-08-23,11:10:00,N20,low,2.0NRT,311.03,7.94,D,VIIRS
47.71539,35.17042,343.72,0.51,0.49,2026-08-23,11:10:00,N20,nominal,2.0NRT,312.42,7.94,D,VIIRS
47.71912,35.30196,352.24,0.52,0.5,2026-08-23,11:10:00,N20,nominal,2.0NRT,306.89,13.09,D,VIIRS
47.78863,36.51049,336.68,0.59,0.53,2026-08-23,11:10:00,N20,low,2.0NRT,310.81,7.25,D,VIIRS
47.83067,37.38066,353.7,0.33,0.55,2026-08-23,11:10:00,N20,nominal,2.0NRT,315.03,13.85,D,VIIRS
47.83126,37.39402,346.28,0.33,0.55,2026-08-23,11:10:00,N20,nominal,2.0NRT,312.89,14.4,D,VIIRS
47.83146,37.39847,354.98,0.33,0.55,2026-08-23,11:10:00,N20,nominal,2.0NRT,315.79,14.21,D,VIIRS
47.83185,37.40734,353.56,0.33,0.55,2026-08-23,11:10:00,N20,nominal,2.0NRT,314.31,6.31,D,VIIRS
47.83205,37.41176,344.75,0.33,0.55,2026-08-23,11:10:00,N20,nominal,2.0NRT,316.7,6.31,D,VIIRS
47.83086,37.3851,367,0.33,0.55,2026-08-23,11:10:00,N20,high,2.0NRT,312.89,13.85,D,VIIRS
47.83166,37.40291,367,0.33,0.55,2026-08-23,11:10:00,N20,high,2.0NRT,311.53,14.21,D,VIIRS
47.71453,35.30265,341.28,0.52,0.5,2026-08-23,11:10:00,N20,nominal,2.0NRT,306.73,13.27,D,VIIRS
47.7826,36.58398,342.34,0.6,0.53,2026-08-23,11:10:00,N20,nominal,2.0NRT,310.8,7.55,D,VIIRS
47.8365,37.0601,341.96,0.63,0.54,2026-08-23,11:10:00,N20,nominal,2.0NRT,311.43,5.96,D,VIIRS
47.71505,35.16489,341.72,0.51,0.49,2026-08-23,11:10:00,N20,low,2.0NRT,312.66,4.61,D,VIIRS
47.8315,37.06064,340.32,0.63,0.54,2026-08-23,11:10:00,N20,low,2.0NRT,311.13,5.96,D,VIIRS
47.71994,35.3031,346.03,0.52,0.5,2026-08-23,11:10:00,N20,nominal,2.0NRT,307.14,16.93,D,VIIRS
47.72041,35.31002,338.75,0.52,0.5,2026-08-23,11:10:00,N20,nominal,2.0NRT,304.94,4.47,D,VIIRS
47.84733,37.46767,345.09,0.33,0.55,2026-08-23,11:10:00,N20,nominal,2.0NRT,310.84,2.45,D,VIIRS
47.71535,35.30378,342.15,0.52,0.5,2026-08-23,11:10:00,N20,nominal,2.0NRT,306.57,16.93,D,VIIRS
47.79108,36.51056,336.53,0.59,0.53,2026-08-23,11:10:00,N20,low,2.0NRT,310.34,2.44,D,VIIRS
47.83318,37.38894,339.16,0.33,0.55,2026-08-23,11:10:00,N20,nominal,2.0NRT,308.49,8.47,D,VIIRS
47.8334,37.39338,338.62,0.33,0.55,2026-08-23,11:10:00,N20,low,2.0NRT,309.79,8.47,D,VIIRS
47.83362,37.39781,352.39,0.33,0.55,2026-08-23,11:10:00,N20,nominal,2.0NRT,314.48,10.86,D,VIIRS
47.83406,37.40662,351.31,0.33,0.55,2026-08-23,11:10:00,N20,nominal,2.0NRT,314.36,5.81,D,VIIRS
47.83296,37.38449,367,0.33,0.55,2026-08-23,11:10:00,N20,high,2.0NRT,308.75,10.71,D,VIIRS
47.83384,37.40223,367,0.33,0.55,2026-08-23,11:10:00,N20,high,2.0NRT,310.24,10.86,D,VIIRS
47.82786,37.38482,353.58,0.33,0.55,2026-08-23,11:10:00,N20,nominal,2.0NRT,312.71,10.71,D,VIIRS
47.82853,37.39819,354.66,0.33,0.55,2026-08-23,11:10:00,N20,nominal,2.0NRT,313.26,10.86,D,VIIRS
47.82897,37.4071,348.12,0.33,0.55,2026-08-23,11:10:00,N20,nominal,2.0NRT,314.72,5.81,D,VIIRS
47.82764,37.3804,367,0.32,0.55,2026-08-23,11:10:00,N20,high,2.0NRT,315.11,10.71,D,VIIRS
47.82919,37.41153,367,0.33,0.55,2026-08-23,11:10:00,N20,high,2.0NRT,316.01,5.81,D,VIIRS
47.7044,35.34779,332.57,0.52,0.5,2026-08-23,11:10:00,N20,nominal,2.0NRT,305.97,3.04,D,VIIRS
47.7564,36.16828,338.77,0.57,0.52,2026-08-23,11:10:00,N20,nominal,2.0NRT,309.07,4.92,D,VIIRS
47.77919,36.56045,341.98,0.59,0.53,2026-08-23,11:10:00,N20,nominal,2.0NRT,311.86,5.61,D,VIIRS
47.77964,36.56844,345.66,0.59,0.53,2026-08-23,11:10:00,N20,nominal,2.0NRT,314.17,11.97,D,VIIRS
47.78009,36.57643,345.14,0.6,0.53,2026-08-23,11:10:00,N20,nominal,2.0NRT,316.62,11.97,D,VIIRS
47.78054,36.58442,345.81,0.6,0.53,2026-08-23,11:10:00,N20,nominal,2.0NRT,314.13,14.78,D,VIIRS
47.81294,37.18911,345.11,0.32,0.54,2026-08-23,11:10:00,N20,nominal,2.0NRT,312.42,2.62,D,VIIRS
47.81316,37.1934,342.38,0.32,0.54,2026-08-23,11:10:00,N20,nominal,2.0NRT,307.67,2.62,D,VIIRS
47.82365,37.40298,346.96,0.33,0.55,2026-08-23,11:10:00,N20,nominal,2.0NRT,316.12,63.49,D,VIIRS
47.82387,37.40744,367,0.33,0.55,2026-08-23,11:10:00,N20,high,2.0NRT,317.26,32.05,D,VIIRS
47.64243,34.53224,330.83,0.48,0.48,2026-08-23,11:10:00,N20,low,2.0NRT,303.64,3.48,D,VIIRS
47.75208,36.17675,334.97,0.57,0.52,2026-08-23,11:10:00,N20,low,2.0NRT,309.14,3.24,D,VIIRS
47.76619,36.41821,341.51,0.59,0.52,2026-08-23,11:10:00,N20,nominal,2.0NRT,308.34,8.36,D,VIIRS
47.77431,36.56113,339.13,0.59,0.53,2026-08-23,11:10:00,N20,nominal,2.0NRT,310.75,5.61,D,VIIRS
47.77476,36.56913,343.88,0.59,0.53,2026-08-23,11:10:00,N20,nominal,2.0NRT,311.6,11.97,D,VIIRS
47.77521,36.57712,345.46,0.6,0.53,2026-08-23,11:10:00,N20,nominal,2.0NRT,318.9,11.97,D,VIIRS
47.77565,36.58508,347.92,0.6,0.53,2026-08-23,11:10:00,N20,nominal,2.0NRT,312.76,14.78,D,VIIRS
47.80791,37.18972,347.7,0.32,0.54,2026-08-23,11:10:00,N20,nominal,2.0NRT,313.8,2.62,D,VIIRS
47.80878,37.20689,367,0.32,0.54,2026-08-23,11:10:00,N20,high,2.0NRT,306.66,5.86,D,VIIRS
47.809,37.2112,367,0.32,0.54,2026-08-23,11:10:00,N20,high,2.0NRT,308.44,5.86,D,VIIRS
47.80922,37.21552,367,0.32,0.55,2026-08-23,11:10:00,N20,high,2.0NRT,309.83,6.94,D,VIIRS
47.80944,37.21983,367,0.32,0.55,2026-08-23,11:10:00,N20,high,2.0NRT,308.48,6.94,D,VIIRS
47.76988,36.56982,343.65,0.59,0.53,2026-08-23,11:10:00,N20,nominal,2.0NRT,314.62,30.83,D,VIIRS
47.80353,37.20317,353.55,0.32,0.54,2026-08-23,11:10:00,N20,nominal,2.0NRT,310.93,11.17,D,VIIRS
47.80439,37.22038,350.61,0.32,0.55,2026-08-23,11:10:00,N20,nominal,2.0NRT,311.73,6,D,VIIRS
47.80374,37.20747,367,0.32,0.54,2026-08-23,11:10:00,N20,high,2.0NRT,315.14,18.85,D,VIIRS
47.79741,37.18223,342.86,0.32,0.54,2026-08-23,11:10:00,N20,nominal,2.0NRT,312.03,2.75,D,VIIRS
47.80644,37.47093,351.48,0.33,0.55,2026-08-23,11:10:00,N20,nominal,2.0NRT,313.44,4.44,D,VIIRS
47.68233,35.36555,342.17,0.52,0.5,2026-08-23,11:10:00,N20,nominal,2.0NRT,304.54,6.84,D,VIIRS
47.80029,37.44939,351.96,0.33,0.55,2026-08-23,11:10:00,N20,nominal,2.0NRT,310.32,14.16,D,VIIRS
47.80113,37.467,347.71,0.33,0.55,2026-08-23,11:10:00,N20,nominal,2.0NRT,312.36,6.54,D,VIIRS
47.80134,37.47142,347.67,0.33,0.55,2026-08-23,11:10:00,N20,nominal,2.0NRT,312.76,4.44,D,VIIRS
47.80196,37.48465,347.91,0.33,0.55,2026-08-23,11:10:00,N20,nominal,2.0NRT,312.4,6.44,D,VIIRS
47.8005,37.4538,367,0.33,0.55,2026-08-23,11:10:00,N20,high,2.0NRT,312.38,21.37,D,VIIRS
47.67772,35.36601,345.08,0.52,0.5,2026-08-23,11:10:00,N20,nominal,2.0NRT,305.74,7.46,D,VIIRS
47.79602,37.46749,352.12,0.33,0.55,2026-08-23,11:10:00,N20,nominal,2.0NRT,312.89,10.51,D,VIIRS
47.79644,37.47628,349.2,0.33,0.55,2026-08-23,11:10:00,N20,nominal,2.0NRT,311.34,13.59,D,VIIRS
47.78199,37.17754,367,0.64,0.54,2026-08-23,11:10:00,N20,high,2.0NRT,313.39,18.8,D,VIIRS
47.79623,37.47188,367,0.33,0.55,2026-08-23,11:10:00,N20,high,2.0NRT,310.09,13.59,D,VIIRS
47.79665,37.4807,367,0.33,0.55,2026-08-23,11:10:00,N20,high,2.0NRT,329.67,40.97,D,VIIRS
47.79685,37.4851,367,0.33,0.55,2026-08-23,11:10:00,N20,high,2.0NRT,314.01,40.97,D,VIIRS
47.67036,35.3247,342.18,0.52,0.5,2026-08-23,11:10:00,N20,nominal,2.0NRT,304.02,6.32,D,VIIRS
47.77309,37.20234,349.65,0.32,0.54,2026-08-23,11:10:00,N20,nominal,2.0NRT,314.69,5.51,D,VIIRS
47.65615,35.24942,338.51,0.51,0.5,2026-08-23,11:10:00,N20,nominal,2.0NRT,307.4,5.88,D,VIIRS
47.61782,34.81754,336.02,0.49,0.49,2026-08-23,11:10:00,N20,low,2.0NRT,309.91,4.32,D,VIIRS
47.70534,36.37707,343.48,0.58,0.52,2026-08-23,11:10:00,N20,nominal,2.0NRT,307.37,5.97,D,VIIRS
47.61204,34.93208,354.62,0.5,0.49,2026-08-23,11:10:00,N20,nominal,2.0NRT,307.87,7.66,D,VIIRS
47.67793,35.97871,343.26,0.56,0.51,2026-08-23,11:10:00,N20,nominal,2.0NRT,307.98,5.81,D,VIIRS
47.70049,36.37764,344.45,0.58,0.52,2026-08-23,11:10:00,N20,nominal,2.0NRT,310.37,16.71,D,VIIRS
47.6948,36.36253,343.06,0.58,0.52,2026-08-23,11:10:00,N20,nominal,2.0NRT,309.04,3.82,D,VIIRS
47.68996,36.36312,349.55,0.58,0.52,2026-08-23,11:10:00,N20,nominal,2.0NRT,306.75,4.5,D,VIIRS
47.7384,37.32739,341.35,0.32,0.55,2026-08-23,11:10:00,N20,low,2.0NRT,315.39,2.84,D,VIIRS
47.69107,36.47438,340.15,0.59,0.53,2026-08-23,11:10:00,N20,nominal,2.0NRT,307.92,2.45,D,VIIRS
47.73432,37.34961,345.44,0.32,0.55,2026-08-23,11:10:00,N20,nominal,2.0NRT,317.13,7.02,D,VIIRS
47.73452,37.35396,367,0.32,0.55,2026-08-23,11:10:00,N20,high,2.0NRT,312.49,5.09,D,VIIRS
47.62457,35.40786,335.79,0.52,0.5,2026-08-23,11:10:00,N20,low,2.0NRT,309.08,4.67,D,VIIRS
47.67095,36.19368,344.06,0.57,0.52,2026-08-23,11:10:00,N20,nominal,2.0NRT,313.95,13.19,D,VIIRS
47.67944,36.34867,338.01,0.58,0.52,2026-08-23,11:10:00,N20,nominal,2.0NRT,307.28,3.97,D,VIIRS
47.72885,37.34141,346.03,0.32,0.55,2026-08-23,11:10:00,N20,nominal,2.0NRT,311.81,5.68,D,VIIRS
47.72924,37.35012,340.82,0.32,0.55,2026-08-23,11:10:00,N20,nominal,2.0NRT,310.66,4.25,D,VIIRS
47.72865,37.33704,367,0.32,0.55,2026-08-23,11:10:00,N20,high,2.0NRT,311.48,5.68,D,VIIRS
47.72905,37.34579,367,0.32,0.55,2026-08-23,11:10:00,N20,high,2.0NRT,312.43,4.25,D,VIIRS
47.58375,34.84949,342.25,0.49,0.49,2026-08-23,11:10:00,N20,nominal,2.0NRT,309.33,3.26,D,VIIRS
47.63655,35.68031,335.63,0.54,0.51,2026-08-23,11:10:00,N20,low,2.0NRT,309.03,3.98,D,VIIRS
47.72001,37.25911,355.66,0.32,0.55,2026-08-23,11:10:00,N20,nominal,2.0NRT,317.82,11.74,D,VIIRS
47.60794,35.29095,335.96,0.52,0.5,2026-08-23,11:10:00,N20,nominal,2.0NRT,307.82,2.35,D,VIIRS
47.63232,35.68827,336.15,0.54,0.51,2026-08-23,11:10:00,N20,low,2.0NRT,308.1,3.19,D,VIIRS
47.6909,36.85726,344.67,0.61,0.54,2026-08-23,11:10:00,N20,low,2.0NRT,317.98,12.58,D,VIIRS
47.69126,36.36219,347.56,0.58,0.52,2026-08-23,11:10:00,N20,nominal,2.0NRT,309.08,8.34,D,VIIRS
47.58187,34.85048,347.51,0.49,0.49,2026-08-23,11:10:00,N20,nominal,2.0NRT,309.77,6.06,D,VIIRS
47.639,35.67995,333.22,0.54,0.51,2026-08-23,11:10:00,N20,low,2.0NRT,307.66,4.4,D,VIIRS
47.67135,36.19296,344.94,0.57,0.52,2026-08-23,11:10:00,N20,nominal,2.0NRT,314.55,9.42,D,VIIRS
47.73475,37.32597,339.71,0.32,0.55,2026-08-23,11:10:00,N20,nominal,2.0NRT,308.22,2.49,D,VIIRS
47.73608,37.35198,352.56,0.32,0.55,2026-08-23,11:10:00,N20,nominal,2.0NRT,314.27,5.24,D,VIIRS
47.60833,35.29108,336.13,0.52,0.5,2026-08-23,11:10:00,N20,nominal,2.0NRT,307.98,3.47,D,VIIRS
47.6348,35.68787,333.83,0.54,0.51,2026-08-23,11:10:00,N20,low,2.0NRT,307.39,4.23,D,VIIRS
47.67583,36.3483,336.44,0.58,0.52,2026-08-23,11:10:00,N20,low,2.0NRT,309.88,4.75,D,VIIRS
47.73012,37.33509,340.2,0.32,0.55,2026-08-23,11:10:00,N20,nominal,2.0NRT,308.66,5.78,D,VIIRS
47.731,37.35248,345.02,0.32,0.55,2026-08-23,11:10:00,N20,nominal,2.0NRT,312.71,5.24,D,VIIRS
47.73035,37.33945,367,0.32,0.55,2026-08-23,11:10:00,N20,high,2.0NRT,311.35,5.78,D,VIIRS
47.73056,37.3438,367,0.32,0.55,2026-08-23,11:10:00,N20,high,2.0NRT,316.94,8.76,D,VIIRS
47.73079,37.34815,367,0.32,0.55,2026-08-23,11:10:00,N20,high,2.0NRT,315.45,8.76,D,VIIRS
47.6306,35.69585,339.33,0.54,0.51,2026-08-23,11:10:00,N20,nominal,2.0NRT,307,4.78,D,VIIRS
47.72108,37.25733,350.01,0.32,0.55,2026-08-23,11:10:00,N20,nominal,2.0NRT,313.67,5.79,D,VIIRS
47.72129,37.26163,367,0.32,0.55,2026-08-23,11:10:00,N20,high,2.0NRT,310.56,5.79,D,VIIRS
47.69483,36.85555,344.79,0.61,0.54,2026-08-23,11:10:00,N20,nominal,2.0NRT,318.62,16.2,D,VIIRS
47.71624,37.26207,354.01,0.32,0.55,2026-08-23,11:10:00,N20,nominal,2.0NRT,314.2,5.79,D,VIIRS
47.71075,37.25393,345.37,0.32,0.55,2026-08-23,11:10:00,N20,nominal,2.0NRT,312.71,5.3,D,VIIRS
47.71097,37.25822,342.95,0.32,0.55,2026-08-23,11:10:00,N20,nominal,2.0NRT,312.35,8.12,D,VIIRS
47.71119,37.26253,354.65,0.32,0.55,2026-08-23,11:10:00,N20,nominal,2.0NRT,314.43,8.12,D,VIIRS
47.7114,37.26683,367,0.32,0.55,2026-08-23,11:10:00,N20,high,2.0NRT,311.44,11.34,D,VIIRS
47.7057,37.25444,367,0.32,0.55,2026-08-23,11:10:00,N20,high,2.0NRT,313.57,5.3,D,VIIRS
47.64989,36.3205,341.15,0.58,0.52,2026-08-23,11:10:00,N20,nominal,2.0NRT,308.15,5.62,D,VIIRS
47.69979,37.23778,348.86,0.32,0.55,2026-08-23,11:10:00,N20,nominal,2.0NRT,316.81,11.03,D,VIIRS
47.7,37.24206,367,0.32,0.55,2026-08-23,11:10:00,N20,high,2.0NRT,318.4,16.3,D,VIIRS
47.70022,37.246339999999996,367,0.32,0.55,2026-08-23,11:10:00,N20,high,2.0NRT,313.52,16.3,D,VIIRS
47.64507,36.32103,341.96,0.58,0.52,2026-08-23,11:10:00,N20,nominal,2.0NRT,308.25,5.62,D,VIIRS
47.64552,36.32885,335,0.58,0.52,2026-08-23,11:10:00,N20,low,2.0NRT,308.38,5.62,D,VIIRS
48.82122,37.82193,339.19,0.35,0.57,2026-08-23,11:10:00,N20,nominal,2.0NRT,308.5,2.21,D,VIIRS
48.81884,37.76088,350.28,0.34,0.56,2026-08-23,11:10:00,N20,nominal,2.0NRT,309.32,5.07,D,VIIRS
48.85657,38.6733,367,0.38,0.59,2026-08-23,11:10:00,N20,high,2.0NRT,312.21,12.18,D,VIIRS
48.82815,37.73183,367,0.34,0.56,2026-08-23,11:10:00,N20,high,2.0NRT,306.28,5.06,D,VIIRS
48.84897,38.28468,346.37,0.36,0.58,2026-08-23,11:10:00,N20,nominal,2.0NRT,308.72,5.64,D,VIIRS
48.83977,38.03168,338.23,0.36,0.57,2026-08-23,11:10:00,N20,low,2.0NRT,309.95,4.03,D,VIIRS
48.83808,37.85003,367,0.35,0.57,2026-08-23,11:10:00,N20,high,2.0NRT,308.63,6.64,D,VIIRS
48.75655,36.02181,341.69,0.57,0.52,2026-08-23,11:10:00,N20,nominal,2.0NRT,305.16,7.27,D,VIIRS
48.75612,36.01405,339.28,0.57,0.52,2026-08-23,11:10:00,N20,nominal,2.0NRT,303.71,5.49,D,VIIRS
48.84515,37.76408,333.99,0.35,0.56,2026-08-23,11:10:00,N20,low,2.0NRT,308.19,1.56,D,VIIRS
48.76307,36.05214,336.07,0.57,0.52,2026-08-23,11:10:00,N20,low,2.0NRT,308.46,5.25,D,VIIRS
48.76136,36.02126,352.35,0.57,0.52,2026-08-23,11:10:00,N20,nominal,2.0NRT,310.05,9.16,D,VIIRS
48.85747,37.94114,352.4,0.35,0.57,2026-08-23,11:10:00,N20,nominal,2.0NRT,309.07,7.77,D,VIIRS
48.85728,37.93623,343.66,0.35,0.57,2026-08-23,11:10:00,N20,nominal,2.0NRT,310.86,6.14,D,VIIRS
48.84786,37.70211,333.27,0.34,0.56,2026-08-23,11:10:00,N20,low,2.0NRT,307.2,2.38,D,VIIRS
48.85073,37.29237,367,0.33,0.55,2026-08-23,11:10:00,N20,high,2.0NRT,312.82,7.4,D,VIIRS
48.88876,38.0634,367,0.36,0.57,2026-08-23,11:10:00,N20,high,2.0NRT,308.08,8.42,D,VIIRS
48.89936,38.06256,347.88,0.36,0.57,2026-08-23,11:10:00,N20,nominal,2.0NRT,307.51,2.64,D,VIIRS
47.69367,37.21694,347.7,0.32,0.54,2026-08-23,11:10:00,N20,nominal,2.0NRT,317.51,19.61,D,VIIRS
48.89915,38.05754,340.44,0.36,0.57,2026-08-23,11:10:00,N20,nominal,2.0NRT,308.96,2.64,D,VIIRS
48.89558,37.96865,339.83,0.35,0.57,2026-08-23,11:10:00,N20,nominal,2.0NRT,306.88,2.31,D,VIIRS
48.9019,37.86619,367,0.35,0.57,2026-08-23,11:10:00,N20,high,2.0NRT,311.36,6.39,D,VIIRS
48.86461,37.04696,367,0.32,0.55,2026-08-23,11:10:00,N20,high,2.0NRT,313.58,11.4,D,VIIRS
48.9021,37.87104,332.41,0.35,0.57,2026-08-23,11:10:00,N20,nominal,2.0NRT,306.54,6.24,D,VIIRS
48.86482,37.05136,348.11,0.32,0.55,2026-08-23,11:10:00,N20,nominal,2.0NRT,312.49,11.4,D,VIIRS
48.86439,37.04254,348.9,0.32,0.55,2026-08-23,11:10:00,N20,nominal,2.0NRT,316.85,18.08,D,VIIRS
47.69453,37.234,355.29,0.32,0.55,2026-08-23,11:10:00,N20,nominal,2.0NRT,312.14,11.03,D,VIIRS
47.69474,37.23828,346.7,0.32,0.55,2026-08-23,11:10:00,N20,nominal,2.0NRT,312.49,11.03,D,VIIRS
47.69539,37.25111,337.57,0.32,0.55,2026-08-23,11:10:00,N20,nominal,2.0NRT,310.24,5.8,D,VIIRS
47.69389,37.2212,367,0.32,0.54,2026-08-23,11:10:00,N20,high,2.0NRT,312.65,19.61,D,VIIRS
47.6941,37.22546,367,0.32,0.54,2026-08-23,11:10:00,N20,high,2.0NRT,315.09,12.53,D,VIIRS
47.69431,37.22972,367,0.32,0.54,2026-08-23,11:10:00,N20,high,2.0NRT,312.37,12.53,D,VIIRS
47.64069,36.32933,352.68,0.58,0.52,2026-08-23,11:10:00,N20,nominal,2.0NRT,315.78,59.79,D,VIIRS
47.68863,37.21748,350.43,0.32,0.54,2026-08-23,11:10:00,N20,nominal,2.0NRT,316.88,13.04,D,VIIRS
47.68927,37.23027,352.67,0.32,0.54,2026-08-23,11:10:00,N20,nominal,2.0NRT,317.23,9.33,D,VIIRS
47.69056,37.25601,344.63,0.32,0.55,2026-08-23,11:10:00,N20,nominal,2.0NRT,317.45,12.13,D,VIIRS
47.69099,37.2646,340.35,0.32,0.55,2026-08-23,11:10:00,N20,nominal,2.0NRT,313.57,7.39,D,VIIRS
47.69247,37.29465,340.71,0.32,0.55,2026-08-23,11:10:00,N20,low,2.0NRT,311.28,2.51,D,VIIRS
47.68885,37.22172,367,0.32,0.54,2026-08-23,11:10:00,N20,high,2.0NRT,312.37,13.04,D,VIIRS
47.68906,37.22598,367,0.32,0.54,2026-08-23,11:10:00,N20,high,2.0NRT,313.31,9.33,D,VIIRS
47.68949,37.23457,367,0.32,0.55,2026-08-23,11:10:00,N20,high,2.0NRT,312.6,11.26,D,VIIRS
47.69077,37.2603,367,0.32,0.55,2026-08-23,11:10:00,N20,high,2.0NRT,322.08,7.39,D,VIIRS
47.69205,37.28604,367,0.32,0.55,2026-08-23,11:10:00,N20,high,2.0NRT,316.3,12.03,D,VIIRS
47.68594,37.26518,348.8,0.32,0.55,2026-08-23,11:10:00,N20,nominal,2.0NRT,317.46,7.39,D,VIIRS
47.68088,37.26565,348.83,0.32,0.55,2026-08-23,11:10:00,N20,nominal,2.0NRT,310.54,4.74,D,VIIRS
47.45435,33.8114,337.05,0.44,0.46,2026-08-23,11:10:00,N20,nominal,2.0NRT,307.93,2.48,D,VIIRS
47.45481,33.81729,334.17,0.44,0.46,2026-08-23,11:10:00,N20,low,2.0NRT,307.8,2.87,D,VIIRS
48.92295,38.2554,347.06,0.36,0.58,2026-08-23,11:10:00,N20,nominal,2.0NRT,310.94,4.7,D,VIIRS
48.90715,37.86571,348.22,0.35,0.57,2026-08-23,11:10:00,N20,nominal,2.0NRT,307.82,6.39,D,VIIRS
48.94446,38.68876,367,0.38,0.59,2026-08-23,11:10:00,N20,high,2.0NRT,312.05,13.48,D,VIIRS
48.94427,38.68344,354.62,0.38,0.59,2026-08-23,11:10:00,N20,nominal,2.0NRT,316.88,7.3,D,VIIRS
48.92828,38.2548,350.73,0.36,0.58,2026-08-23,11:10:00,N20,nominal,2.0NRT,310.76,5.18,D,VIIRS
48.9281,38.25,337.33,0.36,0.58,2026-08-23,11:10:00,N20,low,2.0NRT,312.12,5.78,D,VIIRS
48.91116,37.83628,348.98,0.35,0.57,2026-08-23,11:10:00,N20,nominal,2.0NRT,306.91,6.06,D,VIIRS
48.87362,37.0241,347.03,0.32,0.54,2026-08-23,11:10:00,N20,nominal,2.0NRT,308.54,3.04,D,VIIRS
48.93283,38.23426,367,0.36,0.58,2026-08-23,11:10:00,N20,high,2.0NRT,312.69,10.72,D,VIIRS
49.02952,38.06279,334.86,0.36,0.57,2026-08-23,11:10:00,N20,low,2.0NRT,308.39,4.97,D,VIIRS
49.02917,38.05285,367,0.36,0.57,2026-08-23,11:10:00,N20,high,2.0NRT,312.69,14.23,D,VIIRS
48.97942,36.94897,339.76,0.64,0.54,2026-08-23,11:10:00,N20,nominal,2.0NRT,309.34,2.79,D,VIIRS
49.00268,37.76192,331.56,0.35,0.56,2026-08-23,11:10:00,N20,low,2.0NRT,304.13,2.32,D,VIIRS
49.01413,38.07899,355.8,0.36,0.57,2026-08-23,11:10:00,N20,nominal,2.0NRT,312.91,5.77,D,VIIRS
49.01431,38.08403,337.48,0.36,0.57,2026-08-23,11:10:00,N20,low,2.0NRT,310.24,5.77,D,VIIRS
49.00304,37.7715,367,0.35,0.56,2026-08-23,11:10:00,N20,high,2.0NRT,311.38,9.74,D,VIIRS
48.7329,33.16422,347.4,0.43,0.46,2026-08-23,11:10:00,N20,nominal,2.0NRT,301.58,5.58,D,VIIRS
48.7324,33.16128,334.26,0.43,0.46,2026-08-23,11:10:00,N20,nominal,2.0NRT,300.6,4.11,D,VIIRS
48.98019,36.94934,338.13,0.63,0.54,2026-08-23,11:10:00,N20,low,2.0NRT,309.22,8.57,D,VIIRS
49.03038,38.05231,355.48,0.36,0.57,2026-08-23,11:10:00,N20,nominal,2.0NRT,311.78,12.5,D,VIIRS
49.03078,38.06226,339.49,0.36,0.57,2026-08-23,11:10:00,N20,nominal,2.0NRT,309.11,5.77,D,VIIRS
49.03058,38.05727,367,0.36,0.57,2026-08-23,11:10:00,N20,high,2.0NRT,309.94,5.77,D,VIIRS
49.00243,37.7617,336.95,0.35,0.56,2026-08-23,11:10:00,N20,nominal,2.0NRT,304.51,2.09,D,VIIRS
49.00284,37.77127,356.57,0.35,0.56,2026-08-23,11:10:00,N20,nominal,2.0NRT,310.87,8.19,D,VIIRS
49.00304,37.77609,331.43,0.35,0.56,2026-08-23,11:10:00,N20,nominal,2.0NRT,305.06,5.54,D,VIIRS
49.01547,38.07839,335.43,0.36,0.57,2026-08-23,11:10:00,N20,low,2.0NRT,309.24,2.72,D,VIIRS
49.01567,38.08341,336.67,0.36,0.57,2026-08-23,11:10:00,N20,low,2.0NRT,310.19,2.72,D,VIIRS
48.99922,37.81006,332.51,0.35,0.57,2026-08-23,11:10:00,N20,nominal,2.0NRT,305.06,0.55,D,VIIRS
49.01017,38.07887,355.48,0.36,0.57,2026-08-23,11:10:00,N20,nominal,2.0NRT,310.49,5.78,D,VIIRS
49.00428,38.06455,348.8,0.36,0.57,2026-08-23,11:10:00,N20,nominal,2.0NRT,318.9,22.53,D,VIIRS
49.00448,38.0695,367,0.36,0.57,2026-08-23,11:10:00,N20,high,2.0NRT,311.42,24.85,D,VIIRS
48.99919,38.07016,349.77,0.36,0.57,2026-08-23,11:10:00,N20,nominal,2.0NRT,311.13,5.15,D,VIIRS
48.999,38.06522,367,0.36,0.57,2026-08-23,11:10:00,N20,high,2.0NRT,311.76,5.19,D,VIIRS
48.97953,37.71583,335.92,0.34,0.56,2026-08-23,11:10:00,N20,nominal,2.0NRT,307.02,5.36,D,VIIRS
48.979730000000004,37.72057,367,0.34,0.56,2026-08-23,11:10:00,N20,high,2.0NRT,311.31,12.25,D,VIIRS
49.00933,38.64355,367,0.38,0.59,2026-08-23,11:10:00,N20,low,2.0NRT,371.11,145.43,D,VIIRS
49.00951,38.64891,367,0.38,0.59,2026-08-23,11:10:00,N20,low,2.0NRT,354.56,145.43,D,VIIRS
48.97372,37.70198,341.19,0.34,0.56,2026-08-23,11:10:00,N20,nominal,2.0NRT,311.85,3.97,D,VIIRS
49.01024,38.6704,355.01,0.38,0.59,2026-08-23,11:10:00,N20,nominal,2.0NRT,307.75,22.02,D,VIIRS
48.98298,37.92825,367,0.35,0.57,2026-08-23,11:10:00,N20,high,2.0NRT,307.99,6.17,D,VIIRS
49.00969,38.65432,367,0.38,0.59,2026-08-23,11:10:00,N20,high,2.0NRT,337.69,95.61,D,VIIRS
49.00988,38.6597,367,0.38,0.59,2026-08-23,11:10:00,N20,high,2.0NRT,312.15,95.61,D,VIIRS
49.01006,38.66507,367,0.38,0.59,2026-08-23,11:10:00,N20,high,2.0NRT,311.13,22.02,D,VIIRS
49.00405,38.64881,367,0.38,0.59,2026-08-23,11:10:00,N20,low,2.0NRT,333.28,145.43,D,VIIRS
49.00441,38.65958,367,0.38,0.59,2026-08-23,11:10:00,N20,low,2.0NRT,330.97,95.61,D,VIIRS
48.97967,37.97843,333.26,0.35,0.57,2026-08-23,11:10:00,N20,nominal,2.0NRT,306.84,2.2,D,VIIRS
49.00388,38.64356,347.5,0.38,0.59,2026-08-23,11:10:00,N20,low,2.0NRT,319.75,145.43,D,VIIRS
49.00477,38.67033,345.22,0.38,0.59,2026-08-23,11:10:00,N20,nominal,2.0NRT,313.05,22.02,D,VIIRS
48.98042,37.99762,367,0.35,0.57,2026-08-23,11:10:00,N20,high,2.0NRT,312.81,7.91,D,VIIRS
49.00423,38.65419,367,0.38,0.59,2026-08-23,11:10:00,N20,high,2.0NRT,336.26,95.61,D,VIIRS
49.00459,38.66496,367,0.38,0.59,2026-08-23,11:10:00,N20,high,2.0NRT,317.2,22.02,D,VIIRS
48.9666,37.91492,336.45,0.35,0.57,2026-08-23,11:10:00,N20,nominal,2.0NRT,306.95,3.48,D,VIIRS
48.96679,37.91979,347.22,0.35,0.57,2026-08-23,11:10:00,N20,nominal,2.0NRT,306.22,3.48,D,VIIRS
48.96698,37.92466,346.73,0.35,0.57,2026-08-23,11:10:00,N20,nominal,2.0NRT,308.99,2.98,D,VIIRS
47.61193,36.08574,337.37,0.56,0.52,2026-08-23,11:10:00,N20,low,2.0NRT,312.08,6.47,D,VIIRS
47.54739,35.20954,345.12,0.51,0.49,2026-08-23,11:10:00,N20,nominal,2.0NRT,313.62,18.02,D,VIIRS
47.49059,34.46017,351.94,0.47,0.48,2026-08-23,11:10:00,N20,nominal,2.0NRT,307.67,7.91,D,VIIRS
47.54282,35.21019,337.04,0.51,0.49,2026-08-23,11:10:00,N20,low,2.0NRT,310.81,6.05,D,VIIRS
47.58974,36.03494,336.56,0.56,0.51,2026-08-23,11:10:00,N20,low,2.0NRT,310.64,4,D,VIIRS
47.54736,35.80182,345.63,0.55,0.51,2026-08-23,11:10:00,N20,nominal,2.0NRT,312.66,11.88,D,VIIRS
47.56108,36.20661,338.47,0.57,0.52,2026-08-23,11:10:00,N20,low,2.0NRT,312.44,2.54,D,VIIRS
47.43459,34.361,337.29,0.47,0.47,2026-08-23,11:10:00,N20,nominal,2.0NRT,307.6,10.17,D,VIIRS
47.43504,34.36721,342.26,0.47,0.48,2026-08-23,11:10:00,N20,nominal,2.0NRT,306.97,10.17,D,VIIRS
47.55441,36.26103,350.07,0.57,0.52,2026-08-23,11:10:00,N20,nominal,2.0NRT,312.2,12.71,D,VIIRS
47.5506,35.8024,336.94,0.54,0.51,2026-08-23,11:10:00,N20,low,2.0NRT,310.06,4.96,D,VIIRS
47.5459,35.80291,348.7,0.54,0.51,2026-08-23,11:10:00,N20,nominal,2.0NRT,312.92,4.96,D,VIIRS
47.43476,34.36283,339.3,0.47,0.47,2026-08-23,11:10:00,N20,nominal,2.0NRT,309.66,11.94,D,VIIRS
47.43525,34.36909,342.57,0.47,0.47,2026-08-23,11:10:00,N20,nominal,2.0NRT,305.86,8.17,D,VIIRS
47.55533,36.26138,349.49,0.57,0.52,2026-08-23,11:10:00,N20,nominal,2.0NRT,312.13,8.84,D,VIIRS
47.34378,33.44739,352.24,0.42,0.45,2026-08-23,11:10:00,N20,nominal,2.0NRT,308.66,6.38,D,VIIRS
47.34425,33.45302,342.57,0.42,0.45,2026-08-23,11:10:00,N20,nominal,2.0NRT,305.51,6.38,D,VIIRS
47.49067,35.39216,343.33,0.52,0.5,2026-08-23,11:10:00,N20,nominal,2.0NRT,311.87,2.77,D,VIIRS
47.34007,33.45375,344.33,0.42,0.45,2026-08-23,11:10:00,N20,nominal,2.0NRT,307.74,10.27,D,VIIRS
47.50093,35.61861,339.77,0.53,0.5,2026-08-23,11:10:00,N20,low,2.0NRT,311.72,4.09,D,VIIRS
47.49152,35.69191,345.28,0.54,0.51,2026-08-23,11:10:00,N20,nominal,2.0NRT,309.48,2.76,D,VIIRS
47.58183,37.39212,352.01,0.32,0.55,2026-08-23,11:10:00,N20,nominal,2.0NRT,316.27,14.17,D,VIIRS
47.58246,37.40506,336.8,0.32,0.55,2026-08-23,11:10:00,N20,nominal,2.0NRT,307.62,31.83,D,VIIRS
47.58204,37.39642,367,0.32,0.55,2026-08-23,11:10:00,N20,high,2.0NRT,309.36,14.17,D,VIIRS
47.57697,37.39693,367,0.32,0.55,2026-08-23,11:10:00,N20,high,2.0NRT,314,14.17,D,VIIRS
47.57738,37.40563,367,0.32,0.55,2026-08-23,11:10:00,N20,high,2.0NRT,312.15,31.83,D,VIIRS
47.57189,37.39754,346.4,0.32,0.55,2026-08-23,11:10:00,N20,nominal,2.0NRT,312.88,7.56,D,VIIRS
47.5721,37.40192,367,0.32,0.55,2026-08-23,11:10:00,N20,high,2.0NRT,312.25,8.27,D,VIIRS
47.29456,33.31439,333.42,0.42,0.45,2026-08-23,11:10:00,N20,low,2.0NRT,307.3,4.18,D,VIIRS
47.43194,35.13644,336.46,0.51,0.49,2026-08-23,11:10:00,N20,nominal,2.0NRT,306.84,3.11,D,VIIRS
47.29041,33.31516,344.93,0.42,0.45,2026-08-23,11:10:00,N20,nominal,2.0NRT,308.59,4.18,D,VIIRS
47.29087,33.32069,342.19,0.42,0.45,2026-08-23,11:10:00,N20,nominal,2.0NRT,305.77,4.3,D,VIIRS
47.28625,33.31589,343.14,0.42,0.45,2026-08-23,11:10:00,N20,nominal,2.0NRT,305.87,1.59,D,VIIRS
47.40091,35.22336,337.59,0.51,0.49,2026-08-23,11:10:00,N20,low,2.0NRT,310.68,5.21,D,VIIRS
47.03175,30.89188,340.74,0.5,0.41,2026-08-23,11:10:00,N20,nominal,2.0NRT,303.68,4.78,D,VIIRS
47.02802,30.89269,337.08,0.5,0.41,2026-08-23,11:10:00,N20,nominal,2.0NRT,306.01,6.88,D,VIIRS
47.02871,30.89928,332.95,0.5,0.41,2026-08-23,11:10:00,N20,nominal,2.0NRT,302.46,1.42,D,VIIRS
47.35994,34.74594,335,0.49,0.48,2026-08-23,11:10:00,N20,low,2.0NRT,306.98,3.87,D,VIIRS
47.36082,34.7589,347.91,0.49,0.48,2026-08-23,11:10:00,N20,nominal,2.0NRT,309.45,6.1,D,VIIRS
47.0243,30.89348,337.62,0.5,0.41,2026-08-23,11:10:00,N20,nominal,2.0NRT,306.45,6.88,D,VIIRS
47.35504,34.74015,342.77,0.48,0.48,2026-08-23,11:10:00,N20,nominal,2.0NRT,310.12,3.87,D,VIIRS
47.35548,34.74662,334.71,0.49,0.48,2026-08-23,11:10:00,N20,low,2.0NRT,306.43,3.87,D,VIIRS
47.02059,30.89427,346.06,0.5,0.41,2026-08-23,11:10:00,N20,nominal,2.0NRT,308.01,20.65,D,VIIRS
48.96717,37.92955,333.62,0.35,0.57,2026-08-23,11:10:00,N20,low,2.0NRT,307.55,2.98,D,VIIRS
48.95655,37.79443,342.79,0.35,0.56,2026-08-23,11:10:00,N20,nominal,2.0NRT,309.22,2.41,D,VIIRS
48.95665,37.93067,337.85,0.35,0.57,2026-08-23,11:10:00,N20,low,2.0NRT,311.63,2.67,D,VIIRS
48.95531,37.89631,367,0.35,0.57,2026-08-23,11:10:00,N20,high,2.0NRT,313.15,6.61,D,VIIRS
48.95551,37.90121,367,0.35,0.57,2026-08-23,11:10:00,N20,high,2.0NRT,311.13,6.61,D,VIIRS
48.89349,36.62057,344.8,0.61,0.54,2026-08-23,11:10:00,N20,nominal,2.0NRT,310.23,16.2,D,VIIRS
48.89391,36.62898,343.29,0.61,0.54,2026-08-23,11:10:00,N20,nominal,2.0NRT,311.21,16.2,D,VIIRS
48.94949,37.88213,348.73,0.35,0.57,2026-08-23,11:10:00,N20,nominal,2.0NRT,314.05,5.35,D,VIIRS
48.94593,37.92675,335.37,0.35,0.57,2026-08-23,11:10:00,N20,low,2.0NRT,309.53,1.97,D,VIIRS
48.94973,38.68319,334.02,0.38,0.59,2026-08-23,11:10:00,N20,nominal,2.0NRT,308.16,7.3,D,VIIRS
48.87889,37.02805,338.3,0.32,0.55,2026-08-23,11:10:00,N20,low,2.0NRT,308.73,5.16,D,VIIRS
48.87867,37.02369,335.66,0.32,0.54,2026-08-23,11:10:00,N20,low,2.0NRT,310.16,3.04,D,VIIRS
48.88462,36.94111,351.71,0.63,0.54,2026-08-23,11:10:00,N20,nominal,2.0NRT,308.76,62.91,D,VIIRS
48.90151,37.86744,352.42,0.35,0.57,2026-08-23,11:10:00,N20,nominal,2.0NRT,309.82,4.03,D,VIIRS
48.8681,37.04266,355.2,0.32,0.55,2026-08-23,11:10:00,N20,nominal,2.0NRT,312.95,6.04,D,VIIRS
48.90676,37.86694,336.54,0.35,0.57,2026-08-23,11:10:00,N20,low,2.0NRT,307.34,4.03,D,VIIRS
48.90658,37.86211,342.56,0.35,0.57,2026-08-23,11:10:00,N20,nominal,2.0NRT,308.44,4.03,D,VIIRS
48.87742,37.02417,367,0.32,0.55,2026-08-23,11:10:00,N20,high,2.0NRT,311.73,8.95,D,VIIRS
48.92593,38.25658,347.93,0.36,0.58,2026-08-23,11:10:00,N20,nominal,2.0NRT,309.85,5.85,D,VIIRS
48.92577,38.25178,342.83,0.36,0.58,2026-08-23,11:10:00,N20,nominal,2.0NRT,312.13,4.56,D,VIIRS
48.91074,37.83261,344.02,0.35,0.57,2026-08-23,11:10:00,N20,nominal,2.0NRT,307.45,4.44,D,VIIRS
48.94517,38.68539,355.59,0.38,0.59,2026-08-23,11:10:00,N20,nominal,2.0NRT,319.4,22.05,D,VIIRS
48.93095,38.24649,340.55,0.36,0.58,2026-08-23,11:10:00,N20,nominal,2.0NRT,309.15,4.56,D,VIIRS
48.93058,38.2359,354.22,0.36,0.58,2026-08-23,11:10:00,N20,nominal,2.0NRT,308.51,6.85,D,VIIRS
48.9304,38.23082,335.38,0.36,0.58,2026-08-23,11:10:00,N20,low,2.0NRT,309.37,5.22,D,VIIRS
48.93593,38.23577,342.98,0.36,0.58,2026-08-23,11:10:00,N20,nominal,2.0NRT,311.98,4.08,D,VIIRS
48.92195,37.85081,335.46,0.35,0.57,2026-08-23,11:10:00,N20,low,2.0NRT,306.8,2.36,D,VIIRS
48.91993,37.7979,346.58,0.35,0.56,2026-08-23,11:10:00,N20,nominal,2.0NRT,309.53,3.11,D,VIIRS
48.91974,37.79316,336.42,0.35,0.56,2026-08-23,11:10:00,N20,low,2.0NRT,307.43,3.11,D,VIIRS
48.88379,36.94149,347.92,0.63,0.54,2026-08-23,11:10:00,N20,nominal,2.0NRT,309.59,62.89,D,VIIRS
48.95492,38.6478,367,0.38,0.59,2026-08-23,11:10:00,N20,high,2.0NRT,318.85,34.49,D,VIIRS
48.95476,38.64254,346.01,0.38,0.59,2026-08-23,11:10:00,N20,nominal,2.0NRT,320.42,32.13,D,VIIRS
48.92904,37.89885,335.22,0.35,0.57,2026-08-23,11:10:00,N20,low,2.0NRT,310.16,1.75,D,VIIRS
48.96037,38.64751,367,0.38,0.59,2026-08-23,11:10:00,N20,high,2.0NRT,307.06,6.58,D,VIIRS
48.93131,37.82067,367,0.35,0.57,2026-08-23,11:10:00,N20,high,2.0NRT,311.76,6.69,D,VIIRS
48.93039,37.79679,334.34,0.35,0.56,2026-08-23,11:10:00,N20,low,2.0NRT,307.2,3.61,D,VIIRS
48.9302,37.79206,354.04,0.35,0.56,2026-08-23,11:10:00,N20,nominal,2.0NRT,309.74,3.61,D,VIIRS
48.94105,37.93715,367,0.35,0.57,2026-08-23,11:10:00,N20,high,2.0NRT,312.94,4.34,D,VIIRS
48.94123,37.94209,336.05,0.35,0.57,2026-08-23,11:10:00,N20,nominal,2.0NRT,309.15,4.34,D,VIIRS
48.93562,37.79628,343.38,0.35,0.56,2026-08-23,11:10:00,N20,nominal,2.0NRT,309.3,3.61,D,VIIRS
48.94706,37.95639,334.07,0.35,0.57,2026-08-23,11:10:00,N20,low,2.0NRT,308.67,4.27,D,VIIRS
48.9465,37.94152,353,0.35,0.57,2026-08-23,11:10:00,N20,nominal,2.0NRT,310.96,6.01,D,VIIRS
48.82608,37.94878,335,0.35,0.57,2026-08-23,11:10:00,N20,low,2.0NRT,308.25,1.54,D,VIIRS
47.01687,30.89511,344.38,0.5,0.41,2026-08-23,11:10:00,N20,nominal,2.0NRT,304.17,20.65,D,VIIRS
47.027,30.8936,341.2,0.5,0.41,2026-08-23,11:10:00,N20,nominal,2.0NRT,306,9.88,D,VIIRS
47.02328,30.89438,339.38,0.5,0.41,2026-08-23,11:10:00,N20,nominal,2.0NRT,306.61,9.88,D,VIIRS
47.01956,30.89518,339.9,0.5,0.41,2026-08-23,11:10:00,N20,nominal,2.0NRT,308.38,27.21,D,VIIRS
47.45303,35.93277,342.13,0.55,0.51,2026-08-23,11:10:00,N20,nominal,2.0NRT,307.47,4.73,D,VIIRS
47.4007,35.22366,337.43,0.51,0.49,2026-08-23,11:10:00,N20,low,2.0NRT,310.83,4.38,D,VIIRS
47.36267,34.75919,346.57,0.49,0.48,2026-08-23,11:10:00,N20,nominal,2.0NRT,312.33,5.95,D,VIIRS
47.35678,34.74047,341.61,0.48,0.48,2026-08-23,11:10:00,N20,nominal,2.0NRT,309.9,6.77,D,VIIRS
47.35726,34.74693,336.06,0.48,0.48,2026-08-23,11:10:00,N20,low,2.0NRT,306.6,6.96,D,VIIRS
47.2632,33.65889,333.43,0.43,0.46,2026-08-23,11:10:00,N20,low,2.0NRT,307.48,1.44,D,VIIRS
47.40788,35.6739,340.6,0.54,0.51,2026-08-23,11:10:00,N20,low,2.0NRT,312.21,4.15,D,VIIRS
47.5027,37.3072,336.3,0.32,0.55,2026-08-23,11:10:00,N20,low,2.0NRT,308.33,2.79,D,VIIRS
47.24528,33.54626,342.42,0.43,0.46,2026-08-23,11:10:00,N20,nominal,2.0NRT,307.11,4.37,D,VIIRS
47.40275,35.66732,346.78,0.54,0.5,2026-08-23,11:10:00,N20,nominal,2.0NRT,313.62,11.7,D,VIIRS
47.49765,37.30776,336.39,0.32,0.55,2026-08-23,11:10:00,N20,low,2.0NRT,310.77,2.79,D,VIIRS
47.24018,33.5875,342.02,0.43,0.46,2026-08-23,11:10:00,N20,nominal,2.0NRT,305.55,2.93,D,VIIRS
47.24066,33.59322,332.07,0.43,0.46,2026-08-23,11:10:00,N20,low,2.0NRT,305.3,2.93,D,VIIRS
47.23598,33.58822,336.79,0.43,0.46,2026-08-23,11:10:00,N20,low,2.0NRT,309.6,4.49,D,VIIRS
47.4878,37.63044,347.43,0.33,0.55,2026-08-23,11:10:00,N20,nominal,2.0NRT,309.2,6.01,D,VIIRS
47.48287,37.63538,355.5,0.33,0.55,2026-08-23,11:10:00,N20,nominal,2.0NRT,315.65,6.01,D,VIIRS
47.29183,34.58854,355.58,0.48,0.48,2026-08-23,11:10:00,N20,nominal,2.0NRT,314.17,14.09,D,VIIRS
44.93723,33.87076,343.09,0.42,0.45,2026-08-23,11:10:00,N20,nominal,2.0NRT,306.76,3.05,D,VIIRS
45.34228,36.20016,335.93,0.54,0.51,2026-08-23,11:10:00,N20,nominal,2.0NRT,305.71,6.15,D,VIIRS
45.33967,36.20045,340.96,0.54,0.51,2026-08-23,11:10:00,N20,nominal,2.0NRT,306.44,2.9,D,VIIRS
46.99402,35.89837,338.15,0.54,0.51,2026-08-23,11:10:00,N20,nominal,2.0NRT,306.79,8.51,D,VIIRS
47.28741,34.58925,346.17,0.48,0.48,2026-08-23,11:10:00,N20,nominal,2.0NRT,314.07,10.85,D,VIIRS
47.20692,33.65102,342.18,0.43,0.46,2026-08-23,11:10:00,N20,nominal,2.0NRT,307.15,4.46,D,VIIRS
47.27859,34.59076,338.7,0.48,0.48,2026-08-23,11:10:00,N20,low,2.0NRT,311.36,4.66,D,VIIRS
47.20316,33.657470000000004,342.1,0.43,0.46,2026-08-23,11:10:00,N20,nominal,2.0NRT,306.49,4.46,D,VIIRS
47.09088,32.85374,336.14,0.4,0.44,2026-08-23,11:10:00,N20,nominal,2.0NRT,301.31,3.9,D,VIIRS
47.22898,34.51236,342.82,0.47,0.48,2026-08-23,11:10:00,N20,nominal,2.0NRT,311.89,6.67,D,VIIRS
47.13534,33.50635,337.61,0.42,0.45,2026-08-23,11:10:00,N20,nominal,2.0NRT,307.11,4.47,D,VIIRS
47.13581,33.51197,346.98,0.42,0.45,2026-08-23,11:10:00,N20,nominal,2.0NRT,308.4,4.29,D,VIIRS
47.26668,35.21814,334.58,0.51,0.49,2026-08-23,11:10:00,N20,low,2.0NRT,308.88,1.74,D,VIIRS
47.37995,37.16494,356.15,0.63,0.54,2026-08-23,11:10:00,N20,nominal,2.0NRT,313.21,20.41,D,VIIRS
47.26092,35.33605,342.25,0.51,0.5,2026-08-23,11:10:00,N20,nominal,2.0NRT,313.71,5.29,D,VIIRS
47.26138,35.34292,343.54,0.52,0.5,2026-08-23,11:10:00,N20,nominal,2.0NRT,312.21,5.29,D,VIIRS
47.37035,37.17425,350.49,0.63,0.54,2026-08-23,11:10:00,N20,nominal,2.0NRT,312.78,42.83,D,VIIRS
47.36491,37.16636,307.93,0.63,0.54,2026-08-23,11:10:00,N20,low,2.0NRT,315.19,64.71,D,VIIRS
47.19398,34.46072,343.54,0.47,0.48,2026-08-23,11:10:00,N20,nominal,2.0NRT,309.57,2.46,D,VIIRS
47.2568,35.34356,344.95,0.52,0.5,2026-08-23,11:10:00,N20,nominal,2.0NRT,314.13,5.29,D,VIIRS
47.36534,37.17476,343.62,0.63,0.54,2026-08-23,11:10:00,N20,nominal,2.0NRT,312.99,42.83,D,VIIRS
47.19053,34.47385,344.34,0.47,0.48,2026-08-23,11:10:00,N20,nominal,2.0NRT,310.5,6.61,D,VIIRS
47.18335,34.43724,338.44,0.47,0.48,2026-08-23,11:10:00,N20,low,2.0NRT,310.45,1.6,D,VIIRS
47.18614,34.47451,343.34,0.47,0.48,2026-08-23,11:10:00,N20,nominal,2.0NRT,309.95,6.61,D,VIIRS
47.21411,34.92278,346.61,0.49,0.49,2026-08-23,11:10:00,N20,nominal,2.0NRT,310.41,6.19,D,VIIRS
47.28202,36.44962,355.78,0.58,0.52,2026-08-23,11:10:00,N20,nominal,2.0NRT,312.06,42.08,D,VIIRS
47.27718,36.45008,333.41,0.58,0.52,2026-08-23,11:10:00,N20,nominal,2.0NRT,306.2,42.08,D,VIIRS
47.27761,36.45786,353.32,0.58,0.52,2026-08-23,11:10:00,N20,nominal,2.0NRT,318.84,42.08,D,VIIRS
47.25088,36.07236,353.81,0.56,0.51,2026-08-23,11:10:00,N20,nominal,2.0NRT,312.88,32.15,D,VIIRS
47.25131,36.07977,334.62,0.56,0.51,2026-08-23,11:10:00,N20,low,2.0NRT,307.74,32.15,D,VIIRS
47.27234,36.45057,344.48,0.58,0.52,2026-08-23,11:10:00,N20,nominal,2.0NRT,316.74,146.85,D,VIIRS
47.2732,36.46629,334.59,0.58,0.52,2026-08-23,11:10:00,N20,nominal,2.0NRT,309.08,35.92,D,VIIRS
47.33571,37.73333,339.49,0.33,0.56,2026-08-23,11:10:00,N20,nominal,2.0NRT,307.9,2.17,D,VIIRS
47.33591,37.73791,339.02,0.34,0.56,2026-08-23,11:10:00,N20,nominal,2.0NRT,308.66,2.36,D,VIIRS
47.27277,36.4584,367,0.58,0.52,2026-08-23,11:10:00,N20,high,2.0NRT,347.74,146.85,D,VIIRS
45.47311,29.21706,334.98,0.42,0.38,2026-08-23,11:10:00,N20,nominal,2.0NRT,302.62,3,D,VIIRS
45.5671,29.57071,344.59,0.43,0.38,2026-08-23,11:10:00,N20,nominal,2.0NRT,305.45,11.85,D,VIIRS
45.59885,29.38523,336.52,0.43,0.38,2026-08-23,11:10:00,N20,low,2.0NRT,306.75,4.14,D,VIIRS
47.18581,35.10743,340.55,0.5,0.49,2026-08-23,11:10:00,N20,nominal,2.0NRT,308.03,2.17,D,VIIRS
47.19294,35.21503,337.35,0.51,0.49,2026-08-23,11:10:00,N20,low,2.0NRT,310.28,2.14,D,VIIRS
47.24656,36.08038,342.53,0.56,0.51,2026-08-23,11:10:00,N20,nominal,2.0NRT,308.13,32.15,D,VIIRS
47.07639,33.83511,340.32,0.44,0.46,2026-08-23,11:10:00,N20,nominal,2.0NRT,303.44,3.21,D,VIIRS
47.2636,36.74731,339.47,0.6,0.53,2026-08-23,11:10:00,N20,nominal,2.0NRT,313.99,4.1,D,VIIRS
47.28274,37.13334,342.11,0.63,0.54,2026-08-23,11:10:00,N20,nominal,2.0NRT,313.7,9.19,D,VIIRS
47.27413,36.4576,367,0.58,0.52,2026-08-23,11:10:00,N20,low,2.0NRT,360.09,182.24,D,VIIRS
47.18476,35.1081,344.36,0.5,0.49,2026-08-23,11:10:00,N20,nominal,2.0NRT,308.79,5.05,D,VIIRS
47.19245,35.21553,337.52,0.51,0.49,2026-08-23,11:10:00,N20,low,2.0NRT,310.45,4.52,D,VIIRS
47.25021,36.07214,353.05,0.56,0.51,2026-08-23,11:10:00,N20,nominal,2.0NRT,313.67,96,D,VIIRS
47.25068,36.07954,339.72,0.56,0.51,2026-08-23,11:10:00,N20,nominal,2.0NRT,308.13,8.7,D,VIIRS
47.2746,36.46547,345.3,0.58,0.52,2026-08-23,11:10:00,N20,nominal,2.0NRT,308.98,182.24,D,VIIRS
47.24593,36.08013,343.22,0.56,0.51,2026-08-23,11:10:00,N20,nominal,2.0NRT,309.02,8.7,D,VIIRS
47.0775,33.83632,341.77,0.44,0.46,2026-08-23,11:10:00,N20,nominal,2.0NRT,304.64,2.5,D,VIIRS
47.33398,37.73616,353.37,0.33,0.56,2026-08-23,11:10:00,N20,nominal,2.0NRT,308.67,3.75,D,VIIRS
47.28318,37.14027,339.6,0.63,0.54,2026-08-23,11:10:00,N20,low,2.0NRT,313.42,8.31,D,VIIRS
47.0501,33.81727,348.78,0.44,0.46,2026-08-23,11:10:00,N20,nominal,2.0NRT,307.68,11.69,D,VIIRS
47.05057,33.82301,348.69,0.44,0.46,2026-08-23,11:10:00,N20,nominal,2.0NRT,308.88,18.03,D,VIIRS
46.99715,33.38543,333.81,0.42,0.45,2026-08-23,11:10:00,N20,low,2.0NRT,308.56,3.27,D,VIIRS
46.20727,34.65878,335.52,0.47,0.48,2026-08-23,11:10:00,N20,low,2.0NRT,309.03,7.06,D,VIIRS
46.20681,34.65266,340.76,0.47,0.48,2026-08-23,11:10:00,N20,nominal,2.0NRT,311.48,9.32,D,VIIRS
51.52889,34.2007,340.74,0.51,0.49,2026-08-23,11:13:00,N20,nominal,2.0NRT,301.27,31.47,D,VIIRS
49.10567,26.00648,329.27,0.39,0.36,2026-08-23,11:13:00,N20,low,2.0NRT,301.23,4.65,D,VIIRS
49.10492,26.00119,338.95,0.39,0.36,2026-08-23,11:13:00,N20,nominal,2.0NRT,306.19,4.65,D,VIIRS
50.15322,37.6526,341.37,0.35,0.57,2026-08-23,11:13:00,N20,nominal,2.0NRT,305.53,2,D,VIIRS
50.15305,37.64748,330.54,0.35,0.57,2026-08-23,11:13:00,N20,nominal,2.0NRT,303.75,2,D,VIIRS
50.17979,37.51661,334.66,0.34,0.56,2026-08-23,11:13:00,N20,nominal,2.0NRT,301.62,1.29,D,VIIRS
48.97605,24.71228,331.03,0.38,0.36,2026-08-23,11:13:00,N20,nominal,2.0NRT,302.45,2.96,D,VIIRS
50.18474,36.88045,331.04,0.32,0.55,2026-08-23,11:13:00,N20,low,2.0NRT,303.4,1.89,D,VIIRS
50.189,36.86176,367,0.32,0.55,2026-08-23,11:13:00,N20,high,2.0NRT,304.79,6.72,D,VIIRS
50.21381,37.45008,353.56,0.34,0.56,2026-08-23,11:13:00,N20,nominal,2.0NRT,304.79,4.7,D,VIIRS
50.20034,37.00308,333.8,0.33,0.55,2026-08-23,11:13:00,N20,nominal,2.0NRT,301.99,1.01,D,VIIRS
50.25055,37.58426,332.11,0.35,0.56,2026-08-23,11:13:00,N20,low,2.0NRT,304.27,2.26,D,VIIRS
50.25306,37.26814,353.06,0.34,0.56,2026-08-23,11:13:00,N20,nominal,2.0NRT,301.1,5.41,D,VIIRS
50.25285,37.26329,334.43,0.34,0.56,2026-08-23,11:13:00,N20,nominal,2.0NRT,304.57,5.38,D,VIIRS
48.9262,24.0004,328.81,0.39,0.36,2026-08-23,11:13:00,N20,nominal,2.0NRT,297.47,4.76,D,VIIRS
49.54673,28.37959,328.73,0.44,0.38,2026-08-23,11:13:00,N20,nominal,2.0NRT,295.74,2.33,D,VIIRS
49.54665,28.37842,327.94,0.44,0.38,2026-08-23,11:13:00,N20,nominal,2.0NRT,295.06,2.38,D,VIIRS
50.24943,37.26644,367,0.34,0.56,2026-08-23,11:13:00,N20,high,2.0NRT,301,3.71,D,VIIRS
50.25458,37.26574,335.29,0.34,0.56,2026-08-23,11:13:00,N20,nominal,2.0NRT,302.73,2.51,D,VIIRS
50.24283,36.09129,333.71,0.59,0.53,2026-08-23,11:13:00,N20,nominal,2.0NRT,296.62,3.61,D,VIIRS
50.30565,37.12343,367,0.33,0.55,2026-08-23,11:13:00,N20,high,2.0NRT,303.99,6.42,D,VIIRS
50.30027,36.88083,336.25,0.32,0.55,2026-08-23,11:13:00,N20,nominal,2.0NRT,302.73,2.43,D,VIIRS
50.32137,36.8968,341.79,0.32,0.55,2026-08-23,11:13:00,N20,nominal,2.0NRT,303.48,4.39,D,VIIRS
50.32395,36.09873,339.86,0.6,0.53,2026-08-23,11:13:00,N20,nominal,2.0NRT,299.04,30.99,D,VIIRS
49.7087,28.43765,332.37,0.44,0.38,2026-08-23,11:13:00,N20,nominal,2.0NRT,295.92,4.4,D,VIIRS
50.42237,37.4113,367,0.34,0.56,2026-08-23,11:13:00,N20,high,2.0NRT,304.13,12.86,D,VIIRS
50.42217,37.40625,338.94,0.34,0.56,2026-08-23,11:13:00,N20,nominal,2.0NRT,306.67,10.82,D,VIIRS
50.42178,37.3964,352.73,0.34,0.56,2026-08-23,11:13:00,N20,nominal,2.0NRT,303.7,12.37,D,VIIRS
50.42159,37.39161,351.8,0.34,0.56,2026-08-23,11:13:00,N20,nominal,2.0NRT,312.3,12.37,D,VIIRS
50.41773,37.29482,345.97,0.34,0.56,2026-08-23,11:13:00,N20,nominal,2.0NRT,302.11,4.49,D,VIIRS
50.11922,37.57974,331.96,0.35,0.56,2026-08-23,11:13:00,N20,low,2.0NRT,302.87,1.34,D,VIIRS
51.52842,34.19334,353.14,0.51,0.49,2026-08-23,11:13:00,N20,nominal,2.0NRT,306.78,31.47,D,VIIRS
51.52796,34.18598,326.75,0.5,0.49,2026-08-23,11:13:00,N20,nominal,2.0NRT,297.17,12.18,D,VIIRS
51.5261,34.15662,331.09,0.5,0.49,2026-08-23,11:13:00,N20,nominal,2.0NRT,293.8,4.21,D,VIIRS
51.53342,34.19991,339.48,0.51,0.49,2026-08-23,11:13:00,N20,nominal,2.0NRT,295.56,31.47,D,VIIRS
51.53296,34.19258,346.25,0.51,0.49,2026-08-23,11:13:00,N20,nominal,2.0NRT,303.91,31.47,D,VIIRS
51.5325,34.18526,340.12,0.5,0.49,2026-08-23,11:13:00,N20,nominal,2.0NRT,301.13,12.18,D,VIIRS
51.53063,34.15592,327.1,0.5,0.49,2026-08-23,11:13:00,N20,nominal,2.0NRT,294.54,4.21,D,VIIRS
51.53016,34.14853,331.79,0.5,0.49,2026-08-23,11:13:00,N20,nominal,2.0NRT,297.46,4.21,D,VIIRS
51.1862,29.19733,343.55,0.48,0.4,2026-08-23,11:13:00,N20,nominal,2.0NRT,314.35,65.2,D,VIIRS
51.18547,29.19044,330.03,0.48,0.4,2026-08-23,11:13:00,N20,nominal,2.0NRT,297.73,15.04,D,VIIRS
51.18986,29.19637,333.28,0.48,0.4,2026-08-23,11:13:00,N20,nominal,2.0NRT,298.06,8,D,VIIRS
51.18913,29.18949,345.01,0.48,0.4,2026-08-23,11:13:00,N20,nominal,2.0NRT,312.25,49.35,D,VIIRS
51.1884,29.18262,332.89,0.48,0.4,2026-08-23,11:13:00,N20,nominal,2.0NRT,297.88,49.35,D,VIIRS
51.19207,29.18165,367,0.48,0.4,2026-08-23,11:13:00,N20,low,2.0NRT,325.68,49.35,D,VIIRS
51.195,29.17382,347.17,0.48,0.4,2026-08-23,11:13:00,N20,nominal,2.0NRT,302.24,46.49,D,VIIRS
51.19427,29.16693,327.74,0.48,0.4,2026-08-23,11:13:00,N20,low,2.0NRT,301.35,46.49,D,VIIRS
51.20085,29.19348,337.76,0.48,0.4,2026-08-23,11:13:00,N20,nominal,2.0NRT,302.65,14.02,D,VIIRS
51.20012,29.18659,339.92,0.48,0.4,2026-08-23,11:13:00,N20,nominal,2.0NRT,294.93,6.3,D,VIIRS
51.19939,29.17972,342.21,0.48,0.4,2026-08-23,11:13:00,N20,nominal,2.0NRT,293.38,6.3,D,VIIRS
51.19866,29.17286,332.19,0.48,0.4,2026-08-23,11:13:00,N20,nominal,2.0NRT,298.27,46.49,D,VIIRS
51.1972,29.1591,342.46,0.48,0.4,2026-08-23,11:13:00,N20,nominal,2.0NRT,308.14,45.34,D,VIIRS
51.20451,29.19252,351.49,0.48,0.4,2026-08-23,11:13:00,N20,nominal,2.0NRT,310.65,47.81,D,VIIRS
51.20305,29.17875,347.62,0.48,0.4,2026-08-23,11:13:00,N20,nominal,2.0NRT,307.28,37.85,D,VIIRS
51.20232,29.17189,341.39,0.48,0.4,2026-08-23,11:13:00,N20,low,2.0NRT,316.09,52.17,D,VIIRS
51.20159,29.16502,335.09,0.48,0.4,2026-08-23,11:13:00,N20,nominal,2.0NRT,302.81,52.17,D,VIIRS
51.20086,29.15816,326.53,0.48,0.4,2026-08-23,11:13:00,N20,low,2.0NRT,301.28,6.16,D,VIIRS
51.20818,29.19157,346.07,0.48,0.4,2026-08-23,11:13:00,N20,nominal,2.0NRT,303.76,47.81,D,VIIRS
51.20744,29.18468,340.34,0.48,0.4,2026-08-23,11:13:00,N20,nominal,2.0NRT,302.49,37.85,D,VIIRS
51.20671,29.17781,339,0.48,0.4,2026-08-23,11:13:00,N20,nominal,2.0NRT,294.66,37.85,D,VIIRS
51.20525,29.16408,348.51,0.48,0.4,2026-08-23,11:13:00,N20,nominal,2.0NRT,308.56,52.17,D,VIIRS
51.20452,29.15722,338.09,0.48,0.4,2026-08-23,11:13:00,N20,nominal,2.0NRT,298.5,6.16,D,VIIRS
51.20598,29.17094,306.63,0.48,0.4,2026-08-23,11:13:00,N20,low,2.0NRT,319.06,52.17,D,VIIRS
51.28826,34.18206,351.98,0.5,0.49,2026-08-23,11:13:00,N20,nominal,2.0NRT,299.87,10.93,D,VIIRS
51.29324,34.18862,328.03,0.5,0.49,2026-08-23,11:13:00,N20,low,2.0NRT,301.57,9.69,D,VIIRS
50.99921,30.34967,345.19,0.52,0.42,2026-08-23,11:13:00,N20,nominal,2.0NRT,301.72,139.17,D,VIIRS
51.00303,30.34876,341.25,0.52,0.42,2026-08-23,11:13:00,N20,nominal,2.0NRT,305.11,139.17,D,VIIRS
51.00158,30.3338,333.65,0.52,0.42,2026-08-23,11:13:00,N20,nominal,2.0NRT,300.67,20.73,D,VIIRS
50.99939,30.31139,329.54,0.52,0.42,2026-08-23,11:13:00,N20,nominal,2.0NRT,290.81,4.93,D,VIIRS
51.00612,30.34036,367,0.52,0.42,2026-08-23,11:13:00,N20,low,2.0NRT,325.3,103.37,D,VIIRS
51.00994,30.33945,345.69,0.52,0.42,2026-08-23,11:13:00,N20,nominal,2.0NRT,300.85,103.37,D,VIIRS
51.00921,30.33197,352.22,0.52,0.42,2026-08-23,11:13:00,N20,nominal,2.0NRT,315.48,113.45,D,VIIRS
51.01303,30.33106,354.43,0.52,0.42,2026-08-23,11:13:00,N20,nominal,2.0NRT,298.93,13.2,D,VIIRS
51.01229,30.32358,331.86,0.52,0.42,2026-08-23,11:13:00,N20,nominal,2.0NRT,291.61,13.2,D,VIIRS
50.65299,26.78745,335.22,0.41,0.37,2026-08-23,11:13:00,N20,nominal,2.0NRT,300.25,4.64,D,VIIRS
50.35101,35.8597,342.57,0.58,0.52,2026-08-23,11:13:00,N20,nominal,2.0NRT,295.09,7.8,D,VIIRS
50.35977,35.75084,332.2,0.58,0.52,2026-08-23,11:13:00,N20,nominal,2.0NRT,295.34,6.15,D,VIIRS
50.08537,31.05737,331.28,0.54,0.42,2026-08-23,11:13:00,N20,nominal,2.0NRT,300.82,5.31,D,VIIRS
50.48764,34.94799,338.57,0.53,0.5,2026-08-23,11:13:00,N20,nominal,2.0NRT,292.49,7.9,D,VIIRS
50.84774,34.87432,367,0.53,0.5,2026-08-23,11:13:00,N20,high,2.0NRT,292.89,11.65,D,VIIRS
50.4054,29.05902,330.38,0.47,0.4,2026-08-23,11:13:00,N20,nominal,2.0NRT,300.2,9.78,D,VIIRS
49.68203,23.29068,327.61,0.39,0.36,2026-08-23,11:13:00,N20,nominal,2.0NRT,295.92,2.5,D,VIIRS
49.91287,24.40228,329.03,0.38,0.36,2026-08-23,11:13:00,N20,nominal,2.0NRT,296.6,2.72,D,VIIRS
50.75908,30.05458,334.79,0.51,0.41,2026-08-23,11:13:00,N20,nominal,2.0NRT,295.14,5.59,D,VIIRS
49.98751,23.41182,336.21,0.39,0.36,2026-08-23,11:13:00,N20,nominal,2.0NRT,294.89,1.99,D,VIIRS
51.20387,34.30574,345.59,0.51,0.49,2026-08-23,11:13:00,N20,nominal,2.0NRT,300.01,7.66,D,VIIRS
51.22721,34.61044,338.37,0.52,0.5,2026-08-23,11:13:00,N20,nominal,2.0NRT,297.23,5.77,D,VIIRS
51.27603,34.20601,339.18,0.5,0.49,2026-08-23,11:13:00,N20,nominal,2.0NRT,297.61,9.9,D,VIIRS
51.27558,34.19873,340.86,0.5,0.49,2026-08-23,11:13:00,N20,nominal,2.0NRT,297.88,10.4,D,VIIRS
51.28056,34.20532,341.24,0.5,0.49,2026-08-23,11:13:00,N20,nominal,2.0NRT,301.92,9.19,D,VIIRS
51.28011,34.19803,352.46,0.5,0.49,2026-08-23,11:13:00,N20,nominal,2.0NRT,302.62,7.81,D,VIIRS
51.27965,34.19075,336.37,0.5,0.49,2026-08-23,11:13:00,N20,nominal,2.0NRT,300.66,7.81,D,VIIRS
51.28418,34.19004,326.93,0.5,0.49,2026-08-23,11:13:00,N20,low,2.0NRT,299.42,7.81,D,VIIRS
51.28373,34.18277,342.89,0.5,0.49,2026-08-23,11:13:00,N20,nominal,2.0NRT,299.86,11.56,D,VIIRS
51.28917,34.19662,351.3,0.5,0.49,2026-08-23,11:13:00,N20,nominal,2.0NRT,300.33,9.69,D,VIIRS
48.07775,37.21798,321.3,0.44,0.38,2026-08-23,23:24:00,N20,nominal,2.0NRT,289.02,1.46,N,VIIRS
48.09815,37.0528,298.08,0.44,0.39,2026-08-23,23:24:00,N20,nominal,2.0NRT,287.93,0.22,N,VIIRS
48.07922,37.2062,313.51,0.44,0.38,2026-08-23,23:24:00,N20,nominal,2.0NRT,288.91,1.22,N,VIIRS
48.07849,37.21209,309.82,0.44,0.38,2026-08-23,23:24:00,N20,nominal,2.0NRT,288.6,1.46,N,VIIRS
48.03075,37.53493,323.77,0.43,0.38,2026-08-23,23:24:00,N20,nominal,2.0NRT,289.95,2.14,N,VIIRS
48.156,36.31912,299.4,0.47,0.4,2026-08-23,23:24:00,N20,nominal,2.0NRT,286.69,0.5,N,VIIRS
48.06875,36.99559,299.13,0.45,0.39,2026-08-23,23:24:00,N20,nominal,2.0NRT,286.78,1.79,N,VIIRS
48.07533,36.91094,300.47,0.45,0.39,2026-08-23,23:24:00,N20,nominal,2.0NRT,287.74,0.56,N,VIIRS
47.8337,38.47589,307.82,0.41,0.37,2026-08-23,23:24:00,N20,nominal,2.0NRT,292.25,1.03,N,VIIRS
47.96389,37.43873,303.73,0.43,0.38,2026-08-23,23:24:00,N20,nominal,2.0NRT,289.43,0.84,N,VIIRS
47.90203,37.61032,306.76,0.43,0.38,2026-08-23,23:24:00,N20,nominal,2.0NRT,289.41,0.86,N,VIIRS
47.89858,37.60936,318.5,0.43,0.38,2026-08-23,23:24:00,N20,nominal,2.0NRT,289.81,3.22,N,VIIRS
47.89786,37.61504,319.16,0.43,0.38,2026-08-23,23:24:00,N20,nominal,2.0NRT,290.16,3.22,N,VIIRS
47.89513,37.60841,334.86,0.43,0.38,2026-08-23,23:24:00,N20,nominal,2.0NRT,292.59,3.22,N,VIIRS
48.75022,26.60317,305.9,0.42,0.61,2026-08-23,23:24:00,N20,nominal,2.0NRT,285.65,1.53,N,VIIRS
47.89441,37.61409,301.88,0.43,0.38,2026-08-23,23:24:00,N20,nominal,2.0NRT,289.48,3.22,N,VIIRS
47.89368,37.61977,304.97,0.43,0.38,2026-08-23,23:24:00,N20,nominal,2.0NRT,289.6,0.66,N,VIIRS
47.85372,37.84756,300.19,0.42,0.38,2026-08-23,23:24:00,N20,nominal,2.0NRT,289.12,0.3,N,VIIRS
48.07554,35.91182,313.98,0.48,0.4,2026-08-23,23:24:00,N20,nominal,2.0NRT,286.29,1.9,N,VIIRS
48.07483,35.91827,310.4,0.48,0.4,2026-08-23,23:24:00,N20,nominal,2.0NRT,288.79,1.9,N,VIIRS
51.78472,34.11308,336.54,0.41,0.45,2026-08-23,23:24:00,N20,nominal,2.0NRT,280.23,5.37,N,VIIRS
51.21004,34.30297,295.27,0.4,0.44,2026-08-23,23:24:00,N20,nominal,2.0NRT,282.32,0.46,N,VIIRS
51.05354,34.91429,299.37,0.57,0.43,2026-08-23,23:24:00,N20,nominal,2.0NRT,284.73,1.12,N,VIIRS
51.35842,30.26528,299.96,0.6,0.53,2026-08-23,23:24:00,N20,nominal,2.0NRT,285,2.04,N,VIIRS
51.35635,30.26768,300.44,0.59,0.53,2026-08-23,23:24:00,N20,nominal,2.0NRT,285.99,1.23,N,VIIRS
50.8548,34.87801,321.72,0.57,0.43,2026-08-23,23:24:00,N20,nominal,2.0NRT,283.1,10.28,N,VIIRS
50.85011,34.88513,340.7,0.57,0.43,2026-08-23,23:24:00,N20,nominal,2.0NRT,285.33,10.28,N,VIIRS
51.21088,29.18519,356.23,0.33,0.55,2026-08-23,23:24:00,N20,nominal,2.0NRT,284.35,4.35,N,VIIRS
51.21069,29.18999,351.62,0.33,0.55,2026-08-23,23:24:00,N20,nominal,2.0NRT,287.86,4.35,N,VIIRS
51.21049,29.1948,301.9,0.33,0.55,2026-08-23,23:24:00,N20,nominal,2.0NRT,282.69,2.97,N,VIIRS
51.20652,29.16537,321.62,0.33,0.55,2026-08-23,23:24:00,N20,nominal,2.0NRT,284,1.12,N,VIIRS
51.20671,29.16054,295.37,0.33,0.55,2026-08-23,23:24:00,N20,nominal,2.0NRT,281.5,1.08,N,VIIRS
51.20633,29.17022,295.37,0.33,0.55,2026-08-23,23:24:00,N20,nominal,2.0NRT,282.47,1.12,N,VIIRS
51.20613,29.17507,300.22,0.33,0.55,2026-08-23,23:24:00,N20,nominal,2.0NRT,283.2,1.76,N,VIIRS
51.20594,29.1799,309.45,0.33,0.55,2026-08-23,23:24:00,N20,nominal,2.0NRT,283.57,1.76,N,VIIRS
51.20575,29.18472,296.24,0.33,0.55,2026-08-23,23:24:00,N20,nominal,2.0NRT,282,4.35,N,VIIRS
51.20177,29.15521,295.19,0.33,0.55,2026-08-23,23:24:00,N20,nominal,2.0NRT,281.64,1.11,N,VIIRS
51.20157,29.16008,298.75,0.33,0.55,2026-08-23,23:24:00,N20,nominal,2.0NRT,282.21,1.11,N,VIIRS
51.19643,29.15959,320.43,0.33,0.55,2026-08-23,23:24:00,N20,nominal,2.0NRT,282.03,1.11,N,VIIRS
51.19625,29.16441,332.45,0.33,0.55,2026-08-23,23:24:00,N20,nominal,2.0NRT,283.82,2.4,N,VIIRS
51.19663,29.15473,303.67,0.33,0.55,2026-08-23,23:24:00,N20,nominal,2.0NRT,281.21,1.11,N,VIIRS
51.19606,29.16919,309.8,0.33,0.55,2026-08-23,23:24:00,N20,nominal,2.0NRT,284.2,2.4,N,VIIRS
51.19587,29.17398,311.04,0.33,0.55,2026-08-23,23:24:00,N20,nominal,2.0NRT,285.08,1.74,N,VIIRS
51.19073,29.17348,341.88,0.33,0.55,2026-08-23,23:24:00,N20,nominal,2.0NRT,285.45,3.5,N,VIIRS
51.18998,29.1927,316.7,0.33,0.55,2026-08-23,23:24:00,N20,nominal,2.0NRT,284.76,1.75,N,VIIRS
51.18485,29.19216,338.65,0.33,0.55,2026-08-23,23:24:00,N20,nominal,2.0NRT,285.58,1.75,N,VIIRS
51.18467,29.19695,304.37,0.33,0.55,2026-08-23,23:24:00,N20,nominal,2.0NRT,285.37,1.75,N,VIIRS
51.18448,29.20169,300.45,0.33,0.55,2026-08-23,23:24:00,N20,nominal,2.0NRT,284.23,1.22,N,VIIRS
51.19975,29.1588,329.12,0.33,0.55,2026-08-23,23:24:00,N20,nominal,2.0NRT,284.56,1.72,N,VIIRS
51.19997,29.15393,297.07,0.33,0.55,2026-08-23,23:24:00,N20,nominal,2.0NRT,281.11,1.33,N,VIIRS
51.19954,29.16362,303.65,0.33,0.55,2026-08-23,23:24:00,N20,nominal,2.0NRT,283.48,1.72,N,VIIRS
51.19419,29.16791,323.76,0.33,0.55,2026-08-23,23:24:00,N20,nominal,2.0NRT,283.03,3.57,N,VIIRS
51.19398,29.17269,344.31,0.33,0.55,2026-08-23,23:24:00,N20,nominal,2.0NRT,285.84,3.57,N,VIIRS
51.1944,29.16314,312.05,0.33,0.55,2026-08-23,23:24:00,N20,nominal,2.0NRT,280.18,1.72,N,VIIRS
51.19377,29.17749,307.33,0.33,0.55,2026-08-23,23:24:00,N20,nominal,2.0NRT,285.33,2.89,N,VIIRS
51.18801,29.19135,336.89,0.33,0.55,2026-08-23,23:24:00,N20,nominal,2.0NRT,285.31,3.83,N,VIIRS
51.18779,29.19612,319.48,0.33,0.55,2026-08-23,23:24:00,N20,nominal,2.0NRT,287.8,2.14,N,VIIRS
51.18758,29.20087,306.27,0.33,0.55,2026-08-23,23:24:00,N20,nominal,2.0NRT,285.2,2.14,N,VIIRS
51.21339,27.22487,298.17,0.4,0.6,2026-08-23,23:24:00,N20,nominal,2.0NRT,278.64,1.08,N,VIIRS
51.01993,30.32036,304.96,0.59,0.53,2026-08-23,23:24:00,N20,nominal,2.0NRT,284.46,0.83,N,VIIRS
51.01952,30.32885,295.82,0.59,0.53,2026-08-23,23:24:00,N20,nominal,2.0NRT,284.46,0.83,N,VIIRS
51.01659,30.33196,322.52,0.59,0.53,2026-08-23,23:24:00,N20,nominal,2.0NRT,287.36,3.46,N,VIIRS
51.0175,30.31498,296.11,0.59,0.53,2026-08-23,23:24:00,N20,nominal,2.0NRT,284.64,1.46,N,VIIRS
51.01704,30.32349,309.48,0.59,0.53,2026-08-23,23:24:00,N20,nominal,2.0NRT,286.09,1.46,N,VIIRS
51.01613,30.34044,314.57,0.59,0.53,2026-08-23,23:24:00,N20,nominal,2.0NRT,286.41,3.46,N,VIIRS
51.01567,30.3489,301,0.59,0.53,2026-08-23,23:24:00,N20,nominal,2.0NRT,285.93,7.78,N,VIIRS
51.01081,30.34826,353.11,0.59,0.53,2026-08-23,23:24:00,N20,nominal,2.0NRT,289.93,7.78,N,VIIRS
51.01036,30.35672,344.21,0.59,0.53,2026-08-23,23:24:00,N20,nominal,2.0NRT,289.69,7.78,N,VIIRS
51.0099,30.36516,344.52,0.59,0.52,2026-08-23,23:24:00,N20,nominal,2.0NRT,291.07,11.64,N,VIIRS
51.01127,30.3398,298.72,0.59,0.53,2026-08-23,23:24:00,N20,nominal,2.0NRT,286.02,3.46,N,VIIRS
51.00505,30.36452,332.45,0.59,0.52,2026-08-23,23:24:00,N20,nominal,2.0NRT,287.89,7.22,N,VIIRS
51.00459,30.37296,348,0.58,0.52,2026-08-23,23:24:00,N20,nominal,2.0NRT,291.61,7.22,N,VIIRS
51.00414,30.38139,349.74,0.58,0.52,2026-08-23,23:24:00,N20,nominal,2.0NRT,292.16,9.01,N,VIIRS
50.99884,30.38913,345.94,0.58,0.52,2026-08-23,23:24:00,N20,nominal,2.0NRT,292.89,9.01,N,VIIRS
50.99974,30.37229,298.01,0.58,0.52,2026-08-23,23:24:00,N20,nominal,2.0NRT,287.23,7.22,N,VIIRS
50.99929,30.38071,313.37,0.58,0.52,2026-08-23,23:24:00,N20,nominal,2.0NRT,288.66,9.01,N,VIIRS
50.99804,30.31238,309.64,0.59,0.53,2026-08-23,23:24:00,N20,nominal,2.0NRT,284.26,2.17,N,VIIRS
50.99624,30.34628,313.79,0.59,0.53,2026-08-23,23:24:00,N20,nominal,2.0NRT,286.86,2.5,N,VIIRS
50.99579,30.35476,308.54,0.59,0.53,2026-08-23,23:24:00,N20,nominal,2.0NRT,287.42,2.5,N,VIIRS
50.99534,30.36319,306.24,0.59,0.52,2026-08-23,23:24:00,N20,nominal,2.0NRT,287.88,2.58,N,VIIRS
50.99489,30.37162,305.69,0.58,0.52,2026-08-23,23:24:00,N20,nominal,2.0NRT,288.64,2.58,N,VIIRS
50.99444,30.38003,305.61,0.58,0.52,2026-08-23,23:24:00,N20,nominal,2.0NRT,289.14,2.01,N,VIIRS
50.99399,30.38846,305.24,0.58,0.52,2026-08-23,23:24:00,N20,nominal,2.0NRT,288.99,2.01,N,VIIRS
50.99354,30.39689,300.53,0.58,0.52,2026-08-23,23:24:00,N20,nominal,2.0NRT,287.47,1.34,N,VIIRS
50.98959,30.37938,297.35,0.58,0.52,2026-08-23,23:24:00,N20,nominal,2.0NRT,285.53,2.01,N,VIIRS
50.98914,30.38781,315.46,0.58,0.52,2026-08-23,23:24:00,N20,nominal,2.0NRT,287.98,2.01,N,VIIRS
50.98869,30.39622,298.42,0.58,0.52,2026-08-23,23:24:00,N20,nominal,2.0NRT,285.63,1.34,N,VIIRS
50.48722,34.94407,307.19,0.56,0.43,2026-08-23,23:24:00,N20,nominal,2.0NRT,284.91,1.51,N,VIIRS
50.48824,34.94513,306.87,0.56,0.43,2026-08-23,23:24:00,N20,nominal,2.0NRT,285.25,1.74,N,VIIRS
50.30599,36.24253,312.42,0.5,0.41,2026-08-23,23:24:00,N20,nominal,2.0NRT,284.8,1.75,N,VIIRS
50.22488,36.84966,315.12,0.47,0.4,2026-08-23,23:24:00,N20,nominal,2.0NRT,284.01,2.06,N,VIIRS
50.08296,37.70227,308.51,0.45,0.39,2026-08-23,23:24:00,N20,nominal,2.0NRT,286.48,1.21,N,VIIRS
50.08402,37.70233,309.56,0.45,0.39,2026-08-23,23:24:00,N20,nominal,2.0NRT,286.77,1.03,N,VIIRS
50.05512,37.70033,304.95,0.45,0.39,2026-08-23,23:24:00,N20,nominal,2.0NRT,286.52,0.84,N,VIIRS
50.04884,37.69202,306.46,0.45,0.39,2026-08-23,23:24:00,N20,nominal,2.0NRT,286.01,0.74,N,VIIRS
50.04532,37.69096,303.78,0.45,0.39,2026-08-23,23:24:00,N20,nominal,2.0NRT,286.34,0.74,N,VIIRS
49.92473,37.61052,299.39,0.45,0.39,2026-08-23,23:24:00,N20,nominal,2.0NRT,286.76,0.64,N,VIIRS
50.08514,36.1135,297.17,0.5,0.41,2026-08-23,23:24:00,N20,nominal,2.0NRT,284.69,0.16,N,VIIRS
49.79503,37.78925,297.98,0.44,0.38,2026-08-23,23:24:00,N20,nominal,2.0NRT,283.88,0.62,N,VIIRS
49.79429,37.79535,298.92,0.44,0.38,2026-08-23,23:24:00,N20,nominal,2.0NRT,282.48,0.62,N,VIIRS
49.7908,37.79427,298.1,0.44,0.38,2026-08-23,23:24:00,N20,nominal,2.0NRT,283.84,0.97,N,VIIRS
50.22982,33.40126,306.85,0.43,0.46,2026-08-23,23:24:00,N20,nominal,2.0NRT,282.42,0.89,N,VIIRS
49.81964,37.52352,297.92,0.45,0.39,2026-08-23,23:24:00,N20,nominal,2.0NRT,286.56,0.41,N,VIIRS
50.54465,26.25464,306.13,0.44,0.63,2026-08-23,23:24:00,N20,nominal,2.0NRT,281.01,1.85,N,VIIRS
50.54455,26.26106,295.02,0.44,0.62,2026-08-23,23:24:00,N20,nominal,2.0NRT,283.37,1.77,N,VIIRS
50.16691,33.70699,317.24,0.41,0.45,2026-08-23,23:24:00,N20,nominal,2.0NRT,287.41,2.42,N,VIIRS
49.76754,37.57151,307.39,0.45,0.39,2026-08-23,23:24:00,N20,nominal,2.0NRT,287.22,0.88,N,VIIRS
50.16528,33.70532,307.67,0.41,0.45,2026-08-23,23:24:00,N20,nominal,2.0NRT,285.21,1.25,N,VIIRS
50.54479,26.25982,308.12,0.44,0.62,2026-08-23,23:24:00,N20,nominal,2.0NRT,285.13,2.49,N,VIIRS
49.7159,37.60713,298.44,0.44,0.39,2026-08-23,23:24:00,N20,nominal,2.0NRT,287.42,0.34,N,VIIRS
49.60525,38.12928,306.15,0.43,0.38,2026-08-23,23:24:00,N20,nominal,2.0NRT,281.65,0.88,N,VIIRS
49.59415,38.13215,304.69,0.43,0.38,2026-08-23,23:24:00,N20,nominal,2.0NRT,281.93,0.63,N,VIIRS
49.59338,38.13133,295.59,0.43,0.38,2026-08-23,23:24:00,N20,nominal,2.0NRT,281.6,0.29,N,VIIRS
49.59264,38.13717,298.07,0.43,0.38,2026-08-23,23:24:00,N20,nominal,2.0NRT,283.68,0.32,N,VIIRS
49.62386,37.47256,302.2,0.45,0.39,2026-08-23,23:24:00,N20,nominal,2.0NRT,286.27,0.4,N,VIIRS
50.08616,31.05614,297.24,0.54,0.5,2026-08-23,23:24:00,N20,nominal,2.0NRT,283.57,1.39,N,VIIRS
49.46533,37.67842,297.74,0.44,0.38,2026-08-23,23:24:00,N20,nominal,2.0NRT,286.53,0.34,N,VIIRS
49.4646,37.68447,300.62,0.44,0.38,2026-08-23,23:24:00,N20,nominal,2.0NRT,286.97,0.85,N,VIIRS
49.37629,37.75827,299.46,0.44,0.38,2026-08-23,23:24:00,N20,nominal,2.0NRT,286.72,0.3,N,VIIRS
49.27086,38.02155,301.44,0.43,0.38,2026-08-23,23:24:00,N20,nominal,2.0NRT,286.98,0.4,N,VIIRS
49.26896,37.80745,313.4,0.43,0.38,2026-08-23,23:24:00,N20,nominal,2.0NRT,286.54,1.34,N,VIIRS
49.22132,38.15829,312.4,0.43,0.38,2026-08-23,23:24:00,N20,nominal,2.0NRT,289.23,0.91,N,VIIRS
49.21714,38.16308,329.17,0.43,0.38,2026-08-23,23:24:00,N20,nominal,2.0NRT,290.42,1.86,N,VIIRS
49.21788,38.15725,311.6,0.43,0.38,2026-08-23,23:24:00,N20,nominal,2.0NRT,289.02,1.35,N,VIIRS
49.21371,38.16205,308.02,0.43,0.38,2026-08-23,23:24:00,N20,nominal,2.0NRT,289.18,1.86,N,VIIRS
49.20114,38.09195,298.36,0.43,0.38,2026-08-23,23:24:00,N20,nominal,2.0NRT,287.73,0.46,N,VIIRS
49.07765,39.01339,304.86,0.41,0.37,2026-08-23,23:24:00,N20,nominal,2.0NRT,289.8,0.84,N,VIIRS
49.07354,39.01787,308.18,0.41,0.37,2026-08-23,23:24:00,N20,nominal,2.0NRT,289.92,0.84,N,VIIRS
49.16978,38.0761,303.08,0.43,0.38,2026-08-23,23:24:00,N20,nominal,2.0NRT,288.13,0.57,N,VIIRS
49.01509,38.63984,301.35,0.41,0.37,2026-08-23,23:24:00,N20,nominal,2.0NRT,288.91,0.66,N,VIIRS
49.01436,38.64545,310.22,0.41,0.37,2026-08-23,23:24:00,N20,nominal,2.0NRT,289.64,0.66,N,VIIRS
49.0117,38.63885,299.62,0.41,0.37,2026-08-23,23:24:00,N20,nominal,2.0NRT,289.4,1,N,VIIRS
49.01096,38.64445,299.41,0.41,0.37,2026-08-23,23:24:00,N20,nominal,2.0NRT,289.25,1,N,VIIRS
49.01023,38.65005,303.2,0.41,0.37,2026-08-23,23:24:00,N20,nominal,2.0NRT,289.45,1.08,N,VIIRS
49.00949,38.65564,304.82,0.41,0.37,2026-08-23,23:24:00,N20,nominal,2.0NRT,289.3,1.08,N,VIIRS
49.00876,38.66124,304.25,0.41,0.37,2026-08-23,23:24:00,N20,nominal,2.0NRT,289.5,0.76,N,VIIRS
49.00757,38.64346,328.65,0.41,0.37,2026-08-23,23:24:00,N20,nominal,2.0NRT,290.81,1,N,VIIRS
49.00684,38.64907,320.96,0.41,0.37,2026-08-23,23:24:00,N20,nominal,2.0NRT,290.43,1.08,N,VIIRS
49.0083,38.63786,298.81,0.41,0.37,2026-08-23,23:24:00,N20,nominal,2.0NRT,288.5,1,N,VIIRS
49.006100000000004,38.65466,314.87,0.41,0.37,2026-08-23,23:24:00,N20,nominal,2.0NRT,289.98,1.08,N,VIIRS
49.00536,38.66025,308.07,0.41,0.37,2026-08-23,23:24:00,N20,nominal,2.0NRT,289.47,0.76,N,VIIRS
49.00344,38.64808,326.9,0.41,0.37,2026-08-23,23:24:00,N20,nominal,2.0NRT,290.51,4.49,N,VIIRS
49.00271,38.65367,333.57,0.41,0.37,2026-08-23,23:24:00,N20,nominal,2.0NRT,292.89,4.49,N,VIIRS
49.13912,37.54068,298.7,0.44,0.38,2026-08-23,23:24:00,N20,nominal,2.0NRT,287.2,0.43,N,VIIRS
49.1283,37.54277,300.06,0.44,0.38,2026-08-23,23:24:00,N20,nominal,2.0NRT,287.88,0.84,N,VIIRS
50.30375,36.40567,312.15,0.49,0.4,2026-08-23,23:24:00,N20,nominal,2.0NRT,285.02,1.15,N,VIIRS
49.04253,38.19281,303.49,0.42,0.38,2026-08-23,23:24:00,N20,nominal,2.0NRT,289.62,0.8,N,VIIRS
49.04179,38.19851,309.09,0.42,0.38,2026-08-23,23:24:00,N20,nominal,2.0NRT,289.59,0.8,N,VIIRS
48.876220000000004,39.12456,300.18,0.4,0.37,2026-08-23,23:24:00,N20,nominal,2.0NRT,290.09,0.42,N,VIIRS
49.00501,38.06818,302.54,0.43,0.38,2026-08-23,23:24:00,N20,nominal,2.0NRT,288.62,0.8,N,VIIRS
48.93294,38.62486,305.81,0.41,0.37,2026-08-23,23:24:00,N20,nominal,2.0NRT,289.86,1.1,N,VIIRS
49.0023,38.06135,305.75,0.43,0.38,2026-08-23,23:24:00,N20,nominal,2.0NRT,289.11,0.8,N,VIIRS
49.00157,38.06713,308.76,0.43,0.38,2026-08-23,23:24:00,N20,nominal,2.0NRT,289.47,0.8,N,VIIRS
48.98205,37.99524,299.85,0.43,0.38,2026-08-23,23:24:00,N20,nominal,2.0NRT,288.45,0.61,N,VIIRS
48.96968,38.09356,300.82,0.42,0.38,2026-08-23,23:24:00,N20,nominal,2.0NRT,288.81,1.15,N,VIIRS
48.85515,38.71021,311.98,0.41,0.37,2026-08-23,23:24:00,N20,nominal,2.0NRT,289.23,0.73,N,VIIRS
48.8544,38.71576,308.33,0.41,0.37,2026-08-23,23:24:00,N20,nominal,2.0NRT,289.89,1.04,N,VIIRS
48.85366,38.7213,302.18,0.41,0.37,2026-08-23,23:24:00,N20,nominal,2.0NRT,289.39,1.04,N,VIIRS
48.95763,37.89703,303.93,0.43,0.38,2026-08-23,23:24:00,N20,nominal,2.0NRT,288.78,0.94,N,VIIRS
48.85772,38.66472,310.68,0.41,0.37,2026-08-23,23:24:00,N20,nominal,2.0NRT,289.83,1.83,N,VIIRS
48.85623,38.67585,303.92,0.41,0.37,2026-08-23,23:24:00,N20,nominal,2.0NRT,289.2,0.77,N,VIIRS
48.85177,38.70917,302.18,0.41,0.37,2026-08-23,23:24:00,N20,nominal,2.0NRT,288.91,0.73,N,VIIRS
48.85102,38.71471,312.62,0.41,0.37,2026-08-23,23:24:00,N20,nominal,2.0NRT,289.91,1.04,N,VIIRS
48.83982,38.74585,327.13,0.41,0.37,2026-08-23,23:24:00,N20,nominal,2.0NRT,290.54,1.52,N,VIIRS
48.84204,38.72925,311.15,0.41,0.37,2026-08-23,23:24:00,N20,nominal,2.0NRT,289.61,1.63,N,VIIRS
48.8413,38.73478,309.87,0.41,0.37,2026-08-23,23:24:00,N20,nominal,2.0NRT,290.16,1.46,N,VIIRS
48.83908,38.75137,305.68,0.41,0.37,2026-08-23,23:24:00,N20,nominal,2.0NRT,290.24,1.52,N,VIIRS
48.83792,38.73374,347.15,0.41,0.37,2026-08-23,23:24:00,N20,nominal,2.0NRT,295.34,3.38,N,VIIRS
48.83644,38.7448,325.76,0.41,0.37,2026-08-23,23:24:00,N20,nominal,2.0NRT,288.53,2.54,N,VIIRS
48.83867,38.72821,319.72,0.41,0.37,2026-08-23,23:24:00,N20,nominal,2.0NRT,290.25,2.08,N,VIIRS
48.83455,38.7327,330.36,0.41,0.37,2026-08-23,23:24:00,N20,nominal,2.0NRT,291.01,3.38,N,VIIRS
48.83381,38.73823,312.81,0.41,0.37,2026-08-23,23:24:00,N20,nominal,2.0NRT,290.4,3.38,N,VIIRS
48.83118,38.73166,324.58,0.41,0.37,2026-08-23,23:24:00,N20,nominal,2.0NRT,289.67,2.48,N,VIIRS
48.8241,38.75826,322.79,0.41,0.37,2026-08-23,23:24:00,N20,nominal,2.0NRT,289.38,3.16,N,VIIRS
48.82336,38.7638,327.37,0.41,0.37,2026-08-23,23:24:00,N20,nominal,2.0NRT,290.72,2.64,N,VIIRS
48.83702,38.6351,299.29,0.41,0.37,2026-08-23,23:24:00,N20,nominal,2.0NRT,288.96,0.44,N,VIIRS
48.93327,37.68962,302.23,0.43,0.38,2026-08-23,23:24:00,N20,nominal,2.0NRT,288.31,0.35,N,VIIRS
48.83074,38.44164,329.95,0.42,0.37,2026-08-23,23:24:00,N20,nominal,2.0NRT,289.66,1.74,N,VIIRS
48.83001,38.44725,308.53,0.42,0.37,2026-08-23,23:24:00,N20,nominal,2.0NRT,289.48,1.74,N,VIIRS
48.82661,38.44622,300.09,0.42,0.37,2026-08-23,23:24:00,N20,nominal,2.0NRT,289.09,0.55,N,VIIRS
48.79256,38.59851,306.11,0.41,0.37,2026-08-23,23:24:00,N20,nominal,2.0NRT,289.19,1.45,N,VIIRS
48.79183,38.60403,306.24,0.41,0.37,2026-08-23,23:24:00,N20,nominal,2.0NRT,289.8,1.83,N,VIIRS
48.78844,38.60308,331.26,0.41,0.37,2026-08-23,23:24:00,N20,nominal,2.0NRT,290.93,1.83,N,VIIRS
48.98472,36.95374,300.75,0.46,0.39,2026-08-23,23:24:00,N20,nominal,2.0NRT,286.66,0.82,N,VIIRS
48.98044,36.95891,297.51,0.46,0.39,2026-08-23,23:24:00,N20,nominal,2.0NRT,286.47,0.72,N,VIIRS
48.98325,36.95343,300.7,0.46,0.39,2026-08-23,23:24:00,N20,nominal,2.0NRT,286.4,0.58,N,VIIRS
48.97896,36.95862,297.29,0.46,0.39,2026-08-23,23:24:00,N20,nominal,2.0NRT,286.25,0.58,N,VIIRS
48.95547,36.93943,303.12,0.46,0.39,2026-08-23,23:24:00,N20,nominal,2.0NRT,286.79,0.68,N,VIIRS
48.81925,37.82089,305.7,0.43,0.38,2026-08-23,23:24:00,N20,nominal,2.0NRT,288.09,0.55,N,VIIRS
48.79519,37.78382,301.64,0.43,0.38,2026-08-23,23:24:00,N20,nominal,2.0NRT,288.92,0.59,N,VIIRS
48.85173,37.28981,299.04,0.44,0.39,2026-08-23,23:24:00,N20,nominal,2.0NRT,285.89,0.57,N,VIIRS
48.88843,36.94677,322.84,0.46,0.39,2026-08-23,23:24:00,N20,nominal,2.0NRT,289.21,3.49,N,VIIRS
48.73891,38.08998,303.69,0.42,0.38,2026-08-23,23:24:00,N20,nominal,2.0NRT,289.09,1.06,N,VIIRS
48.73819,38.09567,312.7,0.42,0.38,2026-08-23,23:24:00,N20,nominal,2.0NRT,289.63,1.06,N,VIIRS
48.73476,38.09471,314.2,0.42,0.38,2026-08-23,23:24:00,N20,nominal,2.0NRT,289.37,1.92,N,VIIRS
48.73404,38.10042,317,0.42,0.38,2026-08-23,23:24:00,N20,nominal,2.0NRT,289.74,1.41,N,VIIRS
48.73249,38.09915,320.03,0.42,0.38,2026-08-23,23:24:00,N20,nominal,2.0NRT,289.46,1.97,N,VIIRS
48.84372,36.90869,307.54,0.46,0.39,2026-08-23,23:24:00,N20,nominal,2.0NRT,287.04,1.15,N,VIIRS
48.98579,35.49382,300.17,0.51,0.41,2026-08-23,23:24:00,N20,nominal,2.0NRT,285.62,0.47,N,VIIRS
48.68059,37.8343,302.92,0.43,0.38,2026-08-23,23:24:00,N20,nominal,2.0NRT,289,0.64,N,VIIRS
48.61707,37.87438,298.66,0.43,0.38,2026-08-23,23:24:00,N20,nominal,2.0NRT,288.55,0.63,N,VIIRS
48.67573,37.16533,299.74,0.45,0.39,2026-08-23,23:24:00,N20,nominal,2.0NRT,286.34,0.29,N,VIIRS
48.63667,37.48756,301.95,0.44,0.38,2026-08-23,23:24:00,N20,nominal,2.0NRT,288.74,0.72,N,VIIRS
48.62526,37.55101,299.5,0.44,0.38,2026-08-23,23:24:00,N20,nominal,2.0NRT,288.88,0.51,N,VIIRS
48.62105,37.55588,322.58,0.44,0.38,2026-08-23,23:24:00,N20,nominal,2.0NRT,288.77,1.7,N,VIIRS
48.46581,38.75985,312.49,0.41,0.37,2026-08-23,23:24:00,N20,nominal,2.0NRT,292.54,1.47,N,VIIRS
48.46318,38.75338,308.78,0.41,0.37,2026-08-23,23:24:00,N20,nominal,2.0NRT,291.99,1.17,N,VIIRS
48.51952,38.24671,304.4,0.42,0.37,2026-08-23,23:24:00,N20,nominal,2.0NRT,288.52,1.15,N,VIIRS
48.51611,38.2457,321.14,0.42,0.37,2026-08-23,23:24:00,N20,nominal,2.0NRT,289.24,1.15,N,VIIRS
48.26034,39.9528,322.07,0.39,0.36,2026-08-23,23:24:00,N20,nominal,2.0NRT,289.54,1.56,N,VIIRS
48.49795,38.2043,318.61,0.42,0.38,2026-08-23,23:24:00,N20,nominal,2.0NRT,288.22,1.97,N,VIIRS
48.49527,38.19767,323.6,0.42,0.38,2026-08-23,23:24:00,N20,nominal,2.0NRT,288.17,1.97,N,VIIRS
48.4938,38.20889,323.39,0.42,0.38,2026-08-23,23:24:00,N20,nominal,2.0NRT,288.9,2.52,N,VIIRS
48.31194,39.50908,312.36,0.39,0.37,2026-08-23,23:24:00,N20,nominal,2.0NRT,290.05,0.93,N,VIIRS
48.31043,39.51963,314.32,0.39,0.37,2026-08-23,23:24:00,N20,nominal,2.0NRT,289.61,1.05,N,VIIRS
48.30968,39.5249,310.17,0.39,0.37,2026-08-23,23:24:00,N20,nominal,2.0NRT,290.09,1.05,N,VIIRS
48.30863,39.50802,335.25,0.39,0.37,2026-08-23,23:24:00,N20,nominal,2.0NRT,292.13,7.37,N,VIIRS
48.30788,39.51329,352.85,0.39,0.37,2026-08-23,23:24:00,N20,nominal,2.0NRT,295.61,7.37,N,VIIRS
48.48625,38.21247,316.27,0.42,0.38,2026-08-23,23:24:00,N20,nominal,2.0NRT,288.85,1.72,N,VIIRS
48.54474,37.70282,328.11,0.43,0.38,2026-08-23,23:24:00,N20,nominal,2.0NRT,289.1,2.05,N,VIIRS
48.47796,38.22169,342.15,0.42,0.38,2026-08-23,23:24:00,N20,nominal,2.0NRT,293.04,6.24,N,VIIRS
48.30352,39.49538,326.6,0.39,0.37,2026-08-23,23:24:00,N20,nominal,2.0NRT,291.99,1.42,N,VIIRS
48.47869,38.2161,300.51,0.42,0.38,2026-08-23,23:24:00,N20,nominal,2.0NRT,289.13,6.24,N,VIIRS
48.30427,39.49011,303.16,0.4,0.37,2026-08-23,23:24:00,N20,nominal,2.0NRT,290.61,0.87,N,VIIRS
48.6165,37.09231,315.27,0.45,0.39,2026-08-23,23:24:00,N20,nominal,2.0NRT,287.33,1.27,N,VIIRS
48.47161,38.24309,298.76,0.42,0.37,2026-08-23,23:24:00,N20,nominal,2.0NRT,287.93,0.1,N,VIIRS
48.30022,39.4943,313.03,0.39,0.37,2026-08-23,23:24:00,N20,nominal,2.0NRT,290.87,1.42,N,VIIRS
48.62904,36.95737,298.06,0.45,0.39,2026-08-23,23:24:00,N20,nominal,2.0NRT,286.57,0.59,N,VIIRS
48.4682,38.2421,301.22,0.42,0.37,2026-08-23,23:24:00,N20,nominal,2.0NRT,288.28,0.42,N,VIIRS
48.2936,39.49212,328.34,0.39,0.37,2026-08-23,23:24:00,N20,nominal,2.0NRT,292.31,2.75,N,VIIRS
48.56211,37.47779,303.45,0.44,0.38,2026-08-23,23:24:00,N20,nominal,2.0NRT,287.29,0.72,N,VIIRS
48.29435,39.48686,307.56,0.4,0.37,2026-08-23,23:24:00,N20,nominal,2.0NRT,290.63,0.61,N,VIIRS
48.2903,39.49104,348.05,0.39,0.37,2026-08-23,23:24:00,N20,nominal,2.0NRT,293.84,4.86,N,VIIRS
48.28955,39.4963,350.77,0.39,0.37,2026-08-23,23:24:00,N20,nominal,2.0NRT,295.98,4.86,N,VIIRS
48.28624,39.49522,304.39,0.39,0.37,2026-08-23,23:24:00,N20,nominal,2.0NRT,291.34,4.86,N,VIIRS
48.5872,37.18406,317.93,0.45,0.39,2026-08-23,23:24:00,N20,nominal,2.0NRT,287.44,2.56,N,VIIRS
48.27781,39.48156,320.66,0.4,0.37,2026-08-23,23:24:00,N20,nominal,2.0NRT,292.17,3.02,N,VIIRS
48.27632,39.49201,332.43,0.39,0.37,2026-08-23,23:24:00,N20,nominal,2.0NRT,293.07,4.25,N,VIIRS
48.27706,39.48679,315.23,0.39,0.37,2026-08-23,23:24:00,N20,nominal,2.0NRT,292.17,4.25,N,VIIRS
48.2745,39.4805,339.75,0.4,0.37,2026-08-23,23:24:00,N20,nominal,2.0NRT,292.98,3.02,N,VIIRS
48.27375,39.48574,367,0.39,0.37,2026-08-23,23:24:00,N20,high,2.0NRT,295.94,4.25,N,VIIRS
48.27301,39.49096,341.59,0.39,0.37,2026-08-23,23:24:00,N20,nominal,2.0NRT,293.44,4.25,N,VIIRS
48.27226,39.49619,307.53,0.39,0.37,2026-08-23,23:24:00,N20,nominal,2.0NRT,291.88,1.16,N,VIIRS
48.2697,39.4899,338.55,0.39,0.37,2026-08-23,23:24:00,N20,nominal,2.0NRT,294.15,4.31,N,VIIRS
48.26896,39.49513,340.64,0.39,0.37,2026-08-23,23:24:00,N20,nominal,2.0NRT,295.27,4.35,N,VIIRS
48.27193,39.47419,310.17,0.4,0.37,2026-08-23,23:24:00,N20,nominal,2.0NRT,291.57,0.76,N,VIIRS
48.27119,39.47945,304.34,0.4,0.37,2026-08-23,23:24:00,N20,nominal,2.0NRT,291.71,0.76,N,VIIRS
48.27045,39.48468,317.92,0.39,0.37,2026-08-23,23:24:00,N20,nominal,2.0NRT,291.57,4.31,N,VIIRS
48.26788,39.47836,308.7,0.4,0.37,2026-08-23,23:24:00,N20,nominal,2.0NRT,291.82,0.76,N,VIIRS
48.26565,39.49405,318.21,0.39,0.37,2026-08-23,23:24:00,N20,nominal,2.0NRT,292.16,4.35,N,VIIRS
48.20155,39.86707,331.59,0.39,0.36,2026-08-23,23:24:00,N20,nominal,2.0NRT,292.65,2.31,N,VIIRS
48.20079,39.87224,330.3,0.39,0.36,2026-08-23,23:24:00,N20,nominal,2.0NRT,292.77,2.31,N,VIIRS
48.20004,39.8774,324.31,0.39,0.36,2026-08-23,23:24:00,N20,nominal,2.0NRT,292.97,2.07,N,VIIRS
48.19675,39.87633,330.42,0.39,0.36,2026-08-23,23:24:00,N20,nominal,2.0NRT,292.73,2.07,N,VIIRS
48.19902,39.86082,314.53,0.39,0.36,2026-08-23,23:24:00,N20,nominal,2.0NRT,290.85,1.59,N,VIIRS
48.19827,39.866,313.72,0.39,0.36,2026-08-23,23:24:00,N20,nominal,2.0NRT,291.52,2.31,N,VIIRS
48.23232,39.58232,314.65,0.39,0.36,2026-08-23,23:24:00,N20,nominal,2.0NRT,291.48,1.02,N,VIIRS
48.4849,37.07382,321.85,0.45,0.39,2026-08-23,23:24:00,N20,nominal,2.0NRT,288.44,2.36,N,VIIRS
48.48008,37.02255,299.46,0.45,0.39,2026-08-23,23:24:00,N20,nominal,2.0NRT,287.57,0.3,N,VIIRS
48.46651,37.07517,303.25,0.45,0.39,2026-08-23,23:24:00,N20,nominal,2.0NRT,287.94,0.74,N,VIIRS
48.37635,37.66566,316.37,0.43,0.38,2026-08-23,23:24:00,N20,nominal,2.0NRT,288.83,1.83,N,VIIRS
48.37289,37.66469,322.5,0.43,0.38,2026-08-23,23:24:00,N20,nominal,2.0NRT,289.48,1.83,N,VIIRS
48.44675,37.05742,303.48,0.45,0.39,2026-08-23,23:24:00,N20,nominal,2.0NRT,287.89,1.15,N,VIIRS
48.36872,37.6694,323.35,0.43,0.38,2026-08-23,23:24:00,N20,nominal,2.0NRT,289.77,2.29,N,VIIRS
48.46537,36.86818,302.04,0.45,0.39,2026-08-23,23:24:00,N20,nominal,2.0NRT,286.8,0.83,N,VIIRS
48.35482,37.25474,302.23,0.44,0.38,2026-08-23,23:24:00,N20,nominal,2.0NRT,287.87,0.65,N,VIIRS
48.27262,37.85548,312.99,0.42,0.38,2026-08-23,23:24:00,N20,nominal,2.0NRT,288.46,1.28,N,VIIRS
48.10831,38.96136,307.63,0.4,0.37,2026-08-23,23:24:00,N20,nominal,2.0NRT,291.12,0.89,N,VIIRS
48.10272,38.92606,328.14,0.4,0.37,2026-08-23,23:24:00,N20,nominal,2.0NRT,290.05,1.83,N,VIIRS
48.73506,33.16146,307.83,0.42,0.45,2026-08-23,23:24:00,N20,nominal,2.0NRT,286.87,1.34,N,VIIRS
48.10198,38.93143,303.62,0.4,0.37,2026-08-23,23:24:00,N20,nominal,2.0NRT,290.67,1.49,N,VIIRS
48.31938,37.06656,301.61,0.45,0.39,2026-08-23,23:24:00,N20,nominal,2.0NRT,287.23,0.67,N,VIIRS
48.31687,37.06485,303.86,0.45,0.39,2026-08-23,23:24:00,N20,nominal,2.0NRT,287.28,0.46,N,VIIRS
48.31067,37.02599,299.11,0.45,0.39,2026-08-23,23:24:00,N20,nominal,2.0NRT,287.7,0.48,N,VIIRS
48.2253,37.71099,304.26,0.43,0.38,2026-08-23,23:24:00,N20,nominal,2.0NRT,288.3,0.88,N,VIIRS
48.13818,38.37714,317.25,0.41,0.37,2026-08-23,23:24:00,N20,nominal,2.0NRT,290.66,1,N,VIIRS
48.52011,34.63087,305.75,0.54,0.42,2026-08-23,23:24:00,N20,nominal,2.0NRT,290.03,1.44,N,VIIRS
48.17868,37.48307,308.32,0.43,0.38,2026-08-23,23:24:00,N20,nominal,2.0NRT,288.58,1.33,N,VIIRS
48.21521,37.15389,307.81,0.44,0.39,2026-08-23,23:24:00,N20,nominal,2.0NRT,287.77,0.99,N,VIIRS
48.15611,37.57833,308.84,0.43,0.38,2026-08-23,23:24:00,N20,nominal,2.0NRT,288.33,1.41,N,VIIRS
48.1554,37.58409,317.29,0.43,0.38,2026-08-23,23:24:00,N20,nominal,2.0NRT,289.58,1.84,N,VIIRS
48.47269,34.62868,311.11,0.54,0.42,2026-08-23,23:24:00,N20,nominal,2.0NRT,290.93,1.92,N,VIIRS
48.09966,37.92689,305.51,0.42,0.38,2026-08-23,23:24:00,N20,nominal,2.0NRT,291.19,0.81,N,VIIRS
48.09696,37.9203,300.91,0.42,0.38,2026-08-23,23:24:00,N20,nominal,2.0NRT,290.07,0.49,N,VIIRS
47.88866,39.43946,299.96,0.39,0.36,2026-08-23,23:24:00,N20,nominal,2.0NRT,288.37,0.2,N,VIIRS
48.47257,34.62967,310.63,0.54,0.42,2026-08-23,23:24:00,N20,nominal,2.0NRT,290.91,1.71,N,VIIRS
48.06034,37.95614,307.42,0.42,0.38,2026-08-23,23:24:00,N20,nominal,2.0NRT,291.39,0.97,N,VIIRS
48.97871,24.70499,301.08,0.51,0.66,2026-08-23,23:24:00,N20,nominal,2.0NRT,282.38,1.42,N,VIIRS
48.05193,37.88389,300.68,0.42,0.38,2026-08-23,23:24:00,N20,nominal,2.0NRT,290.04,0.42,N,VIIRS
47.9287,38.70807,320.43,0.4,0.37,2026-08-23,23:24:00,N20,nominal,2.0NRT,291.93,1.39,N,VIIRS
47.92535,38.70701,302.47,0.4,0.37,2026-08-23,23:24:00,N20,nominal,2.0NRT,291.38,1.39,N,VIIRS
48.08857,37.27679,304.86,0.44,0.38,2026-08-23,23:24:00,N20,nominal,2.0NRT,288.33,0.62,N,VIIRS
47.99522,37.9661,303.03,0.42,0.38,2026-08-23,23:24:00,N20,nominal,2.0NRT,290.5,0.57,N,VIIRS
48.08171,37.2142,326.62,0.44,0.38,2026-08-23,23:24:00,N20,nominal,2.0NRT,288.46,1.88,N,VIIRS
48.081,37.22009,315.26,0.44,0.38,2026-08-23,23:24:00,N20,nominal,2.0NRT,288.35,1.31,N,VIIRS
48.08125,37.21894,320.48,0.44,0.38,2026-08-23,23:24:00,N20,nominal,2.0NRT,289.07,1.5,N,VIIRS
48.08199,37.21305,312.85,0.44,0.38,2026-08-23,23:24:00,N20,nominal,2.0NRT,288.47,1.5,N,VIIRS
47.76339,35.31573,301.57,0.5,0.41,2026-08-23,23:26:00,N20,nominal,2.0NRT,288.34,0.8,N,VIIRS
44.52861,34.13525,330.18,0.51,0.41,2026-08-23,23:26:00,N20,nominal,2.0NRT,294.75,5.83,N,VIIRS
44.77303,33.86058,307.43,0.53,0.42,2026-08-23,23:26:00,N20,nominal,2.0NRT,290.8,1.1,N,VIIRS
45.29199,33.65075,301.99,0.55,0.43,2026-08-23,23:26:00,N20,nominal,2.0NRT,289.09,0.69,N,VIIRS
45.6782,28.90557,299.48,0.61,0.54,2026-08-23,23:26:00,N20,nominal,2.0NRT,286.68,0.95,N,VIIRS
45.25019,35.53611,310.37,0.46,0.39,2026-08-23,23:26:00,N20,nominal,2.0NRT,291.47,1.13,N,VIIRS
45.25089,35.53022,307.99,0.46,0.39,2026-08-23,23:26:00,N20,nominal,2.0NRT,291.46,0.89,N,VIIRS
45.84795,29.67315,301.66,0.57,0.52,2026-08-23,23:26:00,N20,nominal,2.0NRT,286.45,0.67,N,VIIRS
45.91549,28.88515,304.39,0.62,0.54,2026-08-23,23:26:00,N20,nominal,2.0NRT,287.33,1.63,N,VIIRS
45.86042,30.05983,303.48,0.54,0.51,2026-08-23,23:26:00,N20,nominal,2.0NRT,286.83,1.17,N,VIIRS
45.85723,30.0637,301.83,0.54,0.51,2026-08-23,23:26:00,N20,nominal,2.0NRT,287.06,0.73,N,VIIRS
45.91837,30.27669,300.89,0.53,0.5,2026-08-23,23:26:00,N20,nominal,2.0NRT,287.93,0.67,N,VIIRS
45.94251,30.26641,332.34,0.53,0.5,2026-08-23,23:26:00,N20,nominal,2.0NRT,291.51,9.42,N,VIIRS
45.94299,30.2595,337.15,0.53,0.5,2026-08-23,23:26:00,N20,nominal,2.0NRT,287.07,9.42,N,VIIRS
45.94715,30.2671,319.88,0.53,0.5,2026-08-23,23:26:00,N20,nominal,2.0NRT,288.95,4.74,N,VIIRS
45.94764,30.26019,337.18,0.53,0.5,2026-08-23,23:26:00,N20,nominal,2.0NRT,287.55,4.74,N,VIIRS
45.97831,30.19486,310.55,0.54,0.5,2026-08-23,23:26:00,N20,nominal,2.0NRT,287.95,2.36,N,VIIRS
45.98297,30.19554,302.62,0.54,0.5,2026-08-23,23:26:00,N20,nominal,2.0NRT,287.68,0.74,N,VIIRS
45.99507,30.1548,303,0.54,0.51,2026-08-23,23:26:00,N20,nominal,2.0NRT,287.52,1.04,N,VIIRS
46.17735,30.34206,323.48,0.53,0.5,2026-08-23,23:26:00,N20,nominal,2.0NRT,289.59,3.26,N,VIIRS
46.1758,30.3421,324.15,0.53,0.5,2026-08-23,23:26:00,N20,nominal,2.0NRT,289.36,2.88,N,VIIRS
46.18599,30.3296,308.52,0.53,0.5,2026-08-23,23:26:00,N20,nominal,2.0NRT,289.41,0.84,N,VIIRS
46.11822,32.30542,303.32,0.43,0.46,2026-08-23,23:26:00,N20,nominal,2.0NRT,289.18,1.16,N,VIIRS
46.11809,32.30607,307.15,0.43,0.46,2026-08-23,23:26:00,N20,nominal,2.0NRT,289,0.96,N,VIIRS
45.91025,34.85861,305.86,0.5,0.41,2026-08-23,23:26:00,N20,nominal,2.0NRT,290.41,0.67,N,VIIRS
45.917,34.86673,305.96,0.5,0.41,2026-08-23,23:26:00,N20,nominal,2.0NRT,290.15,0.67,N,VIIRS
46.16543,33.18127,324.06,0.39,0.44,2026-08-23,23:26:00,N20,nominal,2.0NRT,288.62,1.57,N,VIIRS
46.16946,33.18208,310.37,0.39,0.44,2026-08-23,23:26:00,N20,nominal,2.0NRT,287.99,1.57,N,VIIRS
46.16993,33.17699,308.58,0.39,0.44,2026-08-23,23:26:00,N20,nominal,2.0NRT,288.42,1.57,N,VIIRS
46.19783,33.52834,299.44,0.57,0.43,2026-08-23,23:26:00,N20,nominal,2.0NRT,287.03,0.92,N,VIIRS
46.21218,33.628660000000004,304.8,0.56,0.43,2026-08-23,23:26:00,N20,nominal,2.0NRT,288.05,1.01,N,VIIRS
46.21612,33.62947,303.38,0.56,0.43,2026-08-23,23:26:00,N20,nominal,2.0NRT,288.49,1.01,N,VIIRS
46.21453,33.62817,311.73,0.56,0.43,2026-08-23,23:26:00,N20,nominal,2.0NRT,288.36,1.44,N,VIIRS
46.41266,32.35504,299.3,0.43,0.46,2026-08-23,23:26:00,N20,nominal,2.0NRT,288.45,0.63,N,VIIRS
46.39039,32.70322,303.08,0.41,0.45,2026-08-23,23:26:00,N20,nominal,2.0NRT,287.53,0.79,N,VIIRS
46.39087,32.69783,306.91,0.41,0.45,2026-08-23,23:26:00,N20,nominal,2.0NRT,286.83,0.59,N,VIIRS
46.4362,32.181,301.32,0.44,0.46,2026-08-23,23:26:00,N20,nominal,2.0NRT,289.49,0.92,N,VIIRS
46.39404,32.70939,303.49,0.41,0.45,2026-08-23,23:26:00,N20,nominal,2.0NRT,287.54,0.79,N,VIIRS
46.39452,32.70399,303.81,0.41,0.45,2026-08-23,23:26:00,N20,nominal,2.0NRT,287.34,0.79,N,VIIRS
46.39501,32.69859,301.19,0.41,0.45,2026-08-23,23:26:00,N20,nominal,2.0NRT,287.7,0.59,N,VIIRS
46.44044,32.18175,310.17,0.44,0.46,2026-08-23,23:26:00,N20,nominal,2.0NRT,290.6,0.92,N,VIIRS
46.40231,32.71092,302.8,0.41,0.45,2026-08-23,23:26:00,N20,nominal,2.0NRT,288.07,0.51,N,VIIRS
46.41106,32.70707,300.78,0.41,0.45,2026-08-23,23:26:00,N20,nominal,2.0NRT,287.08,1.15,N,VIIRS
46.4127,32.70906,305.7,0.41,0.45,2026-08-23,23:26:00,N20,nominal,2.0NRT,288.23,0.65,N,VIIRS
46.25975,34.82495,315.23,0.5,0.41,2026-08-23,23:26:00,N20,nominal,2.0NRT,289.58,2.17,N,VIIRS
46.37754,33.67651,315.99,0.56,0.43,2026-08-23,23:26:00,N20,nominal,2.0NRT,288.69,2.55,N,VIIRS
46.37825,33.66917,307.22,0.56,0.43,2026-08-23,23:26:00,N20,nominal,2.0NRT,287.37,1.37,N,VIIRS
46.38149,33.67732,313.41,0.56,0.43,2026-08-23,23:26:00,N20,nominal,2.0NRT,288.25,2.13,N,VIIRS
46.40451,33.43848,299.69,0.38,0.43,2026-08-23,23:26:00,N20,nominal,2.0NRT,287.48,0.29,N,VIIRS
46.2635,34.82581,340.18,0.5,0.41,2026-08-23,23:26:00,N20,nominal,2.0NRT,291.91,5.94,N,VIIRS
46.38616,33.67079,301.82,0.56,0.43,2026-08-23,23:26:00,N20,nominal,2.0NRT,288.73,1.14,N,VIIRS
46.26725,34.82666,327.01,0.5,0.41,2026-08-23,23:26:00,N20,nominal,2.0NRT,290.58,5.94,N,VIIRS
46.26796,34.82012,330.33,0.5,0.41,2026-08-23,23:26:00,N20,nominal,2.0NRT,290.07,4.43,N,VIIRS
46.27171,34.82098,315.2,0.5,0.41,2026-08-23,23:26:00,N20,nominal,2.0NRT,290.1,1.51,N,VIIRS
46.26997,34.90742,331.19,0.5,0.41,2026-08-23,23:26:00,N20,nominal,2.0NRT,289.96,10.37,N,VIIRS
46.27441,34.90179,314.93,0.5,0.41,2026-08-23,23:26:00,N20,nominal,2.0NRT,289.71,4.41,N,VIIRS
46.2737,34.90827,339.93,0.5,0.41,2026-08-23,23:26:00,N20,nominal,2.0NRT,292.4,10.37,N,VIIRS
46.4187,34.18169,300.57,0.54,0.42,2026-08-23,23:26:00,N20,nominal,2.0NRT,288.34,0.89,N,VIIRS
46.42714,34.17636,300.86,0.54,0.42,2026-08-23,23:26:00,N20,nominal,2.0NRT,288.92,0.83,N,VIIRS
46.36086,34.95493,304.17,0.5,0.41,2026-08-23,23:26:00,N20,nominal,2.0NRT,289.07,1.12,N,VIIRS
46.6069,32.71898,302.4,0.41,0.45,2026-08-23,23:26:00,N20,nominal,2.0NRT,289.51,0.59,N,VIIRS
46.44121,34.53147,310.72,0.52,0.42,2026-08-23,23:26:00,N20,nominal,2.0NRT,289.11,1.31,N,VIIRS
46.43978,34.5315,312.81,0.52,0.42,2026-08-23,23:26:00,N20,nominal,2.0NRT,289.28,1.63,N,VIIRS
46.62998,32.71397,328.55,0.42,0.45,2026-08-23,23:26:00,N20,nominal,2.0NRT,290.4,2.71,N,VIIRS
46.6808,32.15258,309.19,0.44,0.46,2026-08-23,23:26:00,N20,nominal,2.0NRT,287.26,0.85,N,VIIRS
46.68459,32.15915,295.54,0.44,0.46,2026-08-23,23:26:00,N20,nominal,2.0NRT,285.43,0.85,N,VIIRS
46.65358,32.63539,313.05,0.42,0.45,2026-08-23,23:26:00,N20,nominal,2.0NRT,289.9,0.51,N,VIIRS
46.40139,35.35827,321.75,0.48,0.4,2026-08-23,23:26:00,N20,nominal,2.0NRT,291.36,2.42,N,VIIRS
46.6738,32.69465,301.38,0.42,0.45,2026-08-23,23:26:00,N20,nominal,2.0NRT,289.62,0.76,N,VIIRS
46.6757,32.6729,314.64,0.42,0.45,2026-08-23,23:26:00,N20,nominal,2.0NRT,289.33,0.9,N,VIIRS
46.40748,35.40479,317.03,0.48,0.4,2026-08-23,23:26:00,N20,nominal,2.0NRT,291.47,1.97,N,VIIRS
46.71528,32.60736,300.32,0.42,0.45,2026-08-23,23:26:00,N20,nominal,2.0NRT,287.25,0.85,N,VIIRS
46.52514,34.8588,301.23,0.51,0.41,2026-08-23,23:26:00,N20,nominal,2.0NRT,288.66,1.07,N,VIIRS
46.52505,34.85751,302.54,0.51,0.41,2026-08-23,23:26:00,N20,nominal,2.0NRT,289.07,0.89,N,VIIRS
46.63799,33.89147,315.2,0.56,0.43,2026-08-23,23:26:00,N20,nominal,2.0NRT,288.59,1.95,N,VIIRS
46.64121,33.89956,312.71,0.55,0.43,2026-08-23,23:26:00,N20,nominal,2.0NRT,286.97,2.12,N,VIIRS
46.64051,33.90683,324.43,0.55,0.43,2026-08-23,23:26:00,N20,nominal,2.0NRT,289.56,2.12,N,VIIRS
46.64191,33.8923,331.9,0.56,0.43,2026-08-23,23:26:00,N20,nominal,2.0NRT,288.98,4.5,N,VIIRS
46.64513,33.90039,303.91,0.55,0.43,2026-08-23,23:26:00,N20,nominal,2.0NRT,287.26,2.12,N,VIIRS
46.64583,33.89313,330.6,0.56,0.43,2026-08-23,23:26:00,N20,nominal,2.0NRT,288.51,4.5,N,VIIRS
46.65619,33.91014,302.25,0.55,0.43,2026-08-23,23:26:00,N20,nominal,2.0NRT,286.82,0.73,N,VIIRS
46.66403,33.9118,303.39,0.55,0.43,2026-08-23,23:26:00,N20,nominal,2.0NRT,287.58,1.35,N,VIIRS
46.66474,33.90453,310.53,0.55,0.43,2026-08-23,23:26:00,N20,nominal,2.0NRT,287.16,1.35,N,VIIRS
46.85187,31.83345,301.07,0.46,0.47,2026-08-23,23:26:00,N20,nominal,2.0NRT,286.04,1.34,N,VIIRS
46.8615,31.82284,307.01,0.46,0.47,2026-08-23,23:26:00,N20,nominal,2.0NRT,286.51,1.25,N,VIIRS
46.68186,33.8933,299.78,0.56,0.43,2026-08-23,23:26:00,N20,nominal,2.0NRT,286.42,2.2,N,VIIRS
46.86584,31.82357,316.34,0.46,0.47,2026-08-23,23:26:00,N20,nominal,2.0NRT,286.67,1.84,N,VIIRS
46.68114,33.90057,330.38,0.56,0.43,2026-08-23,23:26:00,N20,nominal,2.0NRT,288.07,2.2,N,VIIRS
46.94805,30.78632,296.28,0.51,0.5,2026-08-23,23:26:00,N20,nominal,2.0NRT,285.43,0.59,N,VIIRS
46.54324,35.42331,304.92,0.48,0.4,2026-08-23,23:26:00,N20,nominal,2.0NRT,289.86,0.78,N,VIIRS
46.65993,34.34653,299.28,0.53,0.42,2026-08-23,23:26:00,N20,nominal,2.0NRT,288.48,1.32,N,VIIRS
46.53193,35.55555,313.37,0.48,0.4,2026-08-23,23:26:00,N20,nominal,2.0NRT,286.43,1.1,N,VIIRS
46.66378,34.34737,317.93,0.53,0.42,2026-08-23,23:26:00,N20,nominal,2.0NRT,288.14,1.32,N,VIIRS
46.66955,34.29154,299.59,0.53,0.42,2026-08-23,23:26:00,N20,nominal,2.0NRT,287.94,0.78,N,VIIRS
46.53558,35.55642,304.92,0.48,0.4,2026-08-23,23:26:00,N20,nominal,2.0NRT,286.61,0.7,N,VIIRS
46.6734,34.29238,299.79,0.53,0.42,2026-08-23,23:26:00,N20,nominal,2.0NRT,287.85,1.06,N,VIIRS
46.67798,34.28621,308.97,0.54,0.42,2026-08-23,23:26:00,N20,nominal,2.0NRT,288.38,1.06,N,VIIRS
46.67898,34.28649,306.5,0.54,0.42,2026-08-23,23:26:00,N20,nominal,2.0NRT,288.06,0.94,N,VIIRS
46.71401,34.17158,302.18,0.54,0.42,2026-08-23,23:26:00,N20,nominal,2.0NRT,288.48,0.88,N,VIIRS
46.71471,34.16446,312.17,0.54,0.42,2026-08-23,23:26:00,N20,nominal,2.0NRT,287.63,1.63,N,VIIRS
46.71859,34.16529,313.18,0.54,0.42,2026-08-23,23:26:00,N20,nominal,2.0NRT,288.05,1.63,N,VIIRS
46.8343,33.84292,307.1,0.56,0.43,2026-08-23,23:26:00,N20,nominal,2.0NRT,287.96,1,N,VIIRS
46.83869,33.79866,297.22,0.56,0.43,2026-08-23,23:26:00,N20,nominal,2.0NRT,286.9,0.81,N,VIIRS
46.84264,33.79949,299.15,0.56,0.43,2026-08-23,23:26:00,N20,nominal,2.0NRT,286.77,0.81,N,VIIRS
46.83688,33.84245,306.53,0.56,0.43,2026-08-23,23:26:00,N20,nominal,2.0NRT,287.18,0.75,N,VIIRS
46.84106,33.79812,304.52,0.56,0.43,2026-08-23,23:26:00,N20,nominal,2.0NRT,286.76,0.64,N,VIIRS
46.8243,34.18015,306.52,0.54,0.42,2026-08-23,23:26:00,N20,nominal,2.0NRT,288.57,1.23,N,VIIRS
46.73908,35.15553,307.67,0.5,0.41,2026-08-23,23:26:00,N20,nominal,2.0NRT,290.04,0.87,N,VIIRS
46.74189,35.12952,307.53,0.5,0.41,2026-08-23,23:26:00,N20,nominal,2.0NRT,289.52,0.99,N,VIIRS
46.7428,35.15642,303.5,0.5,0.41,2026-08-23,23:26:00,N20,nominal,2.0NRT,289.92,1.31,N,VIIRS
46.7435,35.14992,332.71,0.5,0.41,2026-08-23,23:26:00,N20,nominal,2.0NRT,290.71,3.35,N,VIIRS
46.74863,35.13782,313.1,0.5,0.41,2026-08-23,23:26:00,N20,nominal,2.0NRT,290.3,2.42,N,VIIRS
46.87811,33.87371,298.61,0.56,0.43,2026-08-23,23:26:00,N20,nominal,2.0NRT,287.46,1.24,N,VIIRS
46.87882,33.86636,320.12,0.56,0.43,2026-08-23,23:26:00,N20,nominal,2.0NRT,288.11,2.76,N,VIIRS
46.88205,33.87455,300.36,0.56,0.43,2026-08-23,23:26:00,N20,nominal,2.0NRT,286.58,0.36,N,VIIRS
46.8867,33.86802,308.27,0.56,0.43,2026-08-23,23:26:00,N20,nominal,2.0NRT,287.43,2.23,N,VIIRS
46.89064,33.86884,310.64,0.56,0.43,2026-08-23,23:26:00,N20,nominal,2.0NRT,286.94,1.6,N,VIIRS
46.76706,35.10871,312.18,0.5,0.41,2026-08-23,23:26:00,N20,nominal,2.0NRT,289.04,1.58,N,VIIRS
46.90136,33.92358,309.7,0.56,0.43,2026-08-23,23:26:00,N20,nominal,2.0NRT,287.28,1.61,N,VIIRS
46.90208,33.91625,301.7,0.56,0.43,2026-08-23,23:26:00,N20,nominal,2.0NRT,287.13,1.71,N,VIIRS
46.9028,33.90891,322.5,0.56,0.43,2026-08-23,23:26:00,N20,nominal,2.0NRT,288.14,1.71,N,VIIRS
46.90601,33.91707,307.33,0.56,0.43,2026-08-23,23:26:00,N20,nominal,2.0NRT,287.92,1.71,N,VIIRS
46.90673,33.90974,308.86,0.56,0.43,2026-08-23,23:26:00,N20,nominal,2.0NRT,287.89,1.71,N,VIIRS
46.90745,33.9024,318,0.56,0.43,2026-08-23,23:26:00,N20,nominal,2.0NRT,287.77,1.99,N,VIIRS
46.90817,33.89505,304.56,0.56,0.43,2026-08-23,23:26:00,N20,nominal,2.0NRT,287.37,1.99,N,VIIRS
46.91211,33.89588,299.13,0.56,0.43,2026-08-23,23:26:00,N20,nominal,2.0NRT,287.88,1.52,N,VIIRS
46.91283,33.88853,317.56,0.56,0.43,2026-08-23,23:26:00,N20,nominal,2.0NRT,287.32,1.68,N,VIIRS
46.78111,35.25824,303.68,0.49,0.4,2026-08-23,23:26:00,N20,nominal,2.0NRT,289.46,1.06,N,VIIRS
46.68401,36.13332,301.47,0.46,0.39,2026-08-23,23:26:00,N20,nominal,2.0NRT,289.43,1.02,N,VIIRS
46.74683,35.59565,306.92,0.48,0.4,2026-08-23,23:26:00,N20,nominal,2.0NRT,289.64,1.09,N,VIIRS
47.00221,33.16574,301.78,0.4,0.44,2026-08-23,23:26:00,N20,nominal,2.0NRT,287.04,0.66,N,VIIRS
46.78996,35.24709,320.62,0.49,0.41,2026-08-23,23:26:00,N20,nominal,2.0NRT,290.38,2.79,N,VIIRS
46.79366,35.24795,321.63,0.49,0.41,2026-08-23,23:26:00,N20,nominal,2.0NRT,289.78,1.66,N,VIIRS
46.78305,35.5989,309.66,0.48,0.4,2026-08-23,23:26:00,N20,nominal,2.0NRT,289.9,1.13,N,VIIRS
46.74275,36.01928,301.95,0.46,0.39,2026-08-23,23:26:00,N20,nominal,2.0NRT,290.01,1.53,N,VIIRS
46.74415,36.00717,315.33,0.46,0.39,2026-08-23,23:26:00,N20,nominal,2.0NRT,289.59,1.02,N,VIIRS
46.74775,36.00807,318.26,0.46,0.39,2026-08-23,23:26:00,N20,nominal,2.0NRT,289.91,1.27,N,VIIRS
46.75134,36.00896,308.51,0.46,0.39,2026-08-23,23:26:00,N20,nominal,2.0NRT,289.7,1.27,N,VIIRS
46.80188,35.56475,301.47,0.48,0.4,2026-08-23,23:26:00,N20,nominal,2.0NRT,289.3,0.71,N,VIIRS
46.80484,35.57193,301.99,0.48,0.4,2026-08-23,23:26:00,N20,nominal,2.0NRT,289.21,0.8,N,VIIRS
47.03608,33.28707,300.36,0.4,0.44,2026-08-23,23:26:00,N20,nominal,2.0NRT,286.3,0.5,N,VIIRS
46.74322,36.23547,330.49,0.46,0.39,2026-08-23,23:26:00,N20,nominal,2.0NRT,291.2,2.71,N,VIIRS
46.74678,36.23638,315.9,0.46,0.39,2026-08-23,23:26:00,N20,nominal,2.0NRT,290.41,2.71,N,VIIRS
47.26275,31.34074,313.59,0.49,0.48,2026-08-23,23:26:00,N20,nominal,2.0NRT,285.84,1.82,N,VIIRS
47.02478,34.08383,301.48,0.55,0.43,2026-08-23,23:26:00,N20,nominal,2.0NRT,288.14,0.89,N,VIIRS
46.91617,35.1844,299.86,0.5,0.41,2026-08-23,23:26:00,N20,nominal,2.0NRT,288.47,0.49,N,VIIRS
47.05756,33.83556,319.73,0.56,0.43,2026-08-23,23:26:00,N20,nominal,2.0NRT,288.16,1.69,N,VIIRS
47.05831,33.82807,303.19,0.56,0.43,2026-08-23,23:26:00,N20,nominal,2.0NRT,287.64,1.69,N,VIIRS
46.79885,36.23122,314.89,0.46,0.39,2026-08-23,23:26:00,N20,nominal,2.0NRT,290.27,1.49,N,VIIRS
47.0243,34.08276,299.33,0.55,0.43,2026-08-23,23:26:00,N20,nominal,2.0NRT,288.03,0.96,N,VIIRS
46.80011,36.23207,315.76,0.46,0.39,2026-08-23,23:26:00,N20,nominal,2.0NRT,290.48,1.58,N,VIIRS
46.91687,35.18445,300.36,0.5,0.41,2026-08-23,23:26:00,N20,nominal,2.0NRT,288.65,0.74,N,VIIRS
47.05588,33.83404,318.62,0.56,0.43,2026-08-23,23:26:00,N20,nominal,2.0NRT,288.43,3.1,N,VIIRS
47.05658,33.82656,300.4,0.56,0.43,2026-08-23,23:26:00,N20,nominal,2.0NRT,287.42,0.85,N,VIIRS
47.26503,31.34076,313.34,0.49,0.48,2026-08-23,23:26:00,N20,nominal,2.0NRT,285.39,1.04,N,VIIRS
46.84023,36.01285,302.72,0.46,0.39,2026-08-23,23:26:00,N20,nominal,2.0NRT,289.56,0.93,N,VIIRS
46.78649,36.50228,328.94,0.45,0.39,2026-08-23,23:26:00,N20,nominal,2.0NRT,291.34,2.86,N,VIIRS
46.84953,35.99647,312.84,0.47,0.39,2026-08-23,23:26:00,N20,nominal,2.0NRT,289.2,1.69,N,VIIRS
46.85372,35.95993,309.42,0.47,0.39,2026-08-23,23:26:00,N20,nominal,2.0NRT,289.33,0.74,N,VIIRS
47.07494,33.84564,304.06,0.56,0.43,2026-08-23,23:26:00,N20,nominal,2.0NRT,287.51,1,N,VIIRS
46.9298,35.71835,300.61,0.48,0.4,2026-08-23,23:26:00,N20,nominal,2.0NRT,288.8,0.52,N,VIIRS
46.99287,35.22256,324.85,0.5,0.41,2026-08-23,23:26:00,N20,nominal,2.0NRT,289.34,2.66,N,VIIRS
46.9973,35.21691,307.19,0.5,0.41,2026-08-23,23:26:00,N20,nominal,2.0NRT,288.29,2.93,N,VIIRS
46.99659,35.22343,347.8,0.5,0.41,2026-08-23,23:26:00,N20,nominal,2.0NRT,291.02,2.93,N,VIIRS
47.0003,35.22431,319.93,0.5,0.41,2026-08-23,23:26:00,N20,nominal,2.0NRT,289.34,2.93,N,VIIRS
47.00102,35.21778,322.32,0.5,0.41,2026-08-23,23:26:00,N20,nominal,2.0NRT,288.95,2.93,N,VIIRS
46.87502,36.37373,305.16,0.45,0.39,2026-08-23,23:26:00,N20,nominal,2.0NRT,290.63,0.83,N,VIIRS
46.86275,36.56433,302.54,0.45,0.39,2026-08-23,23:26:00,N20,nominal,2.0NRT,290.53,2.78,N,VIIRS
46.86485,36.57684,330.23,0.45,0.39,2026-08-23,23:26:00,N20,nominal,2.0NRT,291.34,2.63,N,VIIRS
46.86628,36.56525,333.99,0.45,0.39,2026-08-23,23:26:00,N20,nominal,2.0NRT,291.65,2.78,N,VIIRS
46.86392,36.57684,322.52,0.45,0.39,2026-08-23,23:26:00,N20,nominal,2.0NRT,291.16,2.92,N,VIIRS
46.86531,36.56523,330.58,0.45,0.39,2026-08-23,23:26:00,N20,nominal,2.0NRT,291.63,3.25,N,VIIRS
46.86745,36.57777,330.08,0.45,0.39,2026-08-23,23:26:00,N20,nominal,2.0NRT,291.18,2.29,N,VIIRS
46.86814,36.57198,328.46,0.45,0.39,2026-08-23,23:26:00,N20,nominal,2.0NRT,291.01,2.29,N,VIIRS
46.86884,36.56615,332.69,0.45,0.39,2026-08-23,23:26:00,N20,nominal,2.0NRT,291,2.21,N,VIIRS
46.87237,36.56708,308.25,0.45,0.39,2026-08-23,23:26:00,N20,nominal,2.0NRT,290.25,2.21,N,VIIRS
46.87098,36.57872,323.44,0.45,0.39,2026-08-23,23:26:00,N20,nominal,2.0NRT,290.76,2.29,N,VIIRS
46.87307,36.56124,323.55,0.45,0.39,2026-08-23,23:26:00,N20,nominal,2.0NRT,289.74,2.21,N,VIIRS
46.8759,36.56801,307.16,0.45,0.39,2026-08-23,23:26:00,N20,nominal,2.0NRT,289.8,1.52,N,VIIRS
46.87659,36.56216,303.15,0.45,0.39,2026-08-23,23:26:00,N20,nominal,2.0NRT,289.32,1.52,N,VIIRS
46.8752,36.57384,328.53,0.45,0.39,2026-08-23,23:26:00,N20,nominal,2.0NRT,290.85,1.45,N,VIIRS
46.87733,36.58637,311.39,0.45,0.39,2026-08-23,23:26:00,N20,nominal,2.0NRT,290.61,1.02,N,VIIRS
46.87873,36.57476,308.19,0.45,0.39,2026-08-23,23:26:00,N20,nominal,2.0NRT,289.93,1.45,N,VIIRS
46.87943,36.56893,320.44,0.45,0.39,2026-08-23,23:26:00,N20,nominal,2.0NRT,290.51,1.52,N,VIIRS
46.88156,36.5815,329.65,0.45,0.39,2026-08-23,23:26:00,N20,nominal,2.0NRT,290.84,1.34,N,VIIRS
46.88295,36.56985,324.64,0.45,0.39,2026-08-23,23:26:00,N20,nominal,2.0NRT,290.23,1.64,N,VIIRS
46.88509,36.58244,303.29,0.45,0.39,2026-08-23,23:26:00,N20,nominal,2.0NRT,290.09,1.34,N,VIIRS
46.88578,36.57661,308.48,0.45,0.39,2026-08-23,23:26:00,N20,nominal,2.0NRT,290.3,1.34,N,VIIRS
46.88649,36.57076,305.83,0.45,0.39,2026-08-23,23:26:00,N20,nominal,2.0NRT,289.3,1.64,N,VIIRS
46.88931,36.57753,327.4,0.45,0.39,2026-08-23,23:26:00,N20,nominal,2.0NRT,290.97,2.72,N,VIIRS
47.02136,35.46054,303.57,0.49,0.4,2026-08-23,23:26:00,N20,nominal,2.0NRT,288.65,0.8,N,VIIRS
46.89285,36.57844,328.98,0.45,0.39,2026-08-23,23:26:00,N20,nominal,2.0NRT,291.09,2.72,N,VIIRS
46.89638,36.57935,318.58,0.45,0.39,2026-08-23,23:26:00,N20,nominal,2.0NRT,290.21,1.91,N,VIIRS
46.89708,36.57349,305.89,0.45,0.39,2026-08-23,23:26:00,N20,nominal,2.0NRT,289.67,0.83,N,VIIRS
46.94484,36.17026,302.26,0.46,0.39,2026-08-23,23:26:00,N20,nominal,2.0NRT,288.89,0.74,N,VIIRS
46.88935,36.6675,309.19,0.44,0.39,2026-08-23,23:26:00,N20,nominal,2.0NRT,290.61,1.07,N,VIIRS
46.90131,36.56853,303.21,0.45,0.39,2026-08-23,23:26:00,N20,nominal,2.0NRT,289.36,0.83,N,VIIRS
46.89287,36.66842,307.55,0.44,0.39,2026-08-23,23:26:00,N20,nominal,2.0NRT,290.6,0.8,N,VIIRS
46.99024,35.90553,312.42,0.47,0.4,2026-08-23,23:26:00,N20,nominal,2.0NRT,288.89,1.88,N,VIIRS
46.97411,36.10926,316.03,0.46,0.39,2026-08-23,23:26:00,N20,nominal,2.0NRT,287.25,1.24,N,VIIRS
46.9777,36.11018,302.5,0.46,0.39,2026-08-23,23:26:00,N20,nominal,2.0NRT,286.76,1.24,N,VIIRS
47.26893,33.4844,298,0.39,0.44,2026-08-23,23:26:00,N20,nominal,2.0NRT,287.23,0.48,N,VIIRS
47.27296,33.48521,304.55,0.39,0.44,2026-08-23,23:26:00,N20,nominal,2.0NRT,286.69,0.75,N,VIIRS
47.26096,33.6557,315.64,0.38,0.44,2026-08-23,23:26:00,N20,nominal,2.0NRT,286.55,1.17,N,VIIRS
47.18034,34.86928,302.53,0.51,0.41,2026-08-23,23:26:00,N20,nominal,2.0NRT,287.45,0.62,N,VIIRS
47.18412,34.87015,304.15,0.51,0.41,2026-08-23,23:26:00,N20,nominal,2.0NRT,288.49,0.62,N,VIIRS
46.97083,36.79719,301.56,0.44,0.38,2026-08-23,23:26:00,N20,nominal,2.0NRT,290.49,0.42,N,VIIRS
47.23051,34.49104,306.61,0.53,0.42,2026-08-23,23:26:00,N20,nominal,2.0NRT,288.55,1.96,N,VIIRS
47.26373,34.15409,301.81,0.55,0.43,2026-08-23,23:26:00,N20,nominal,2.0NRT,288.13,0.69,N,VIIRS
47.23294,34.50599,300.52,0.53,0.42,2026-08-23,23:26:00,N20,nominal,2.0NRT,288.1,0.76,N,VIIRS
47.23436,34.49189,304.21,0.53,0.42,2026-08-23,23:26:00,N20,nominal,2.0NRT,288.32,0.88,N,VIIRS
47.26763,34.15493,301.65,0.55,0.43,2026-08-23,23:26:00,N20,nominal,2.0NRT,287.96,0.63,N,VIIRS
47.33232,33.46665,297.79,0.39,0.44,2026-08-23,23:26:00,N20,nominal,2.0NRT,286.98,0.8,N,VIIRS
47.33683,33.46225,311.41,0.39,0.44,2026-08-23,23:26:00,N20,nominal,2.0NRT,286.03,0.8,N,VIIRS
47.085,35.95474,299.4,0.47,0.4,2026-08-23,23:26:00,N20,nominal,2.0NRT,288.34,0.46,N,VIIRS
47.22147,34.69619,302.89,0.52,0.42,2026-08-23,23:26:00,N20,nominal,2.0NRT,288.02,0.68,N,VIIRS
47.2331,34.62063,298.6,0.53,0.42,2026-08-23,23:26:00,N20,nominal,2.0NRT,287.78,0.23,N,VIIRS
47.12536,35.86257,318.97,0.47,0.4,2026-08-23,23:26:00,N20,nominal,2.0NRT,288.58,1.79,N,VIIRS
47.14119,35.78952,305.19,0.48,0.4,2026-08-23,23:26:00,N20,nominal,2.0NRT,288.65,1.18,N,VIIRS
47.14555,35.78414,300.94,0.48,0.4,2026-08-23,23:26:00,N20,nominal,2.0NRT,288.59,0.69,N,VIIRS
47.3331,34.13889,299.27,0.55,0.43,2026-08-23,23:26:00,N20,nominal,2.0NRT,288.37,0.84,N,VIIRS
47.33382,34.13155,299.06,0.55,0.43,2026-08-23,23:26:00,N20,nominal,2.0NRT,288.2,0.84,N,VIIRS
47.06095,36.68339,342.55,0.44,0.39,2026-08-23,23:26:00,N20,nominal,2.0NRT,292.12,6.07,N,VIIRS
47.06447,36.68431,321.55,0.44,0.39,2026-08-23,23:26:00,N20,nominal,2.0NRT,290.24,1.97,N,VIIRS
47.17035,35.82892,306.83,0.47,0.4,2026-08-23,23:26:00,N20,nominal,2.0NRT,288.18,1.11,N,VIIRS
47.06357,36.68537,339.21,0.45,0.39,2026-08-23,23:26:00,N20,nominal,2.0NRT,291.24,5.08,N,VIIRS
47.17046,35.82336,309.56,0.48,0.4,2026-08-23,23:26:00,N20,nominal,2.0NRT,288.29,0.75,N,VIIRS
47.17704,35.83144,300.8,0.48,0.4,2026-08-23,23:26:00,N20,nominal,2.0NRT,288.12,1.17,N,VIIRS
47.17775,35.82517,306.87,0.48,0.4,2026-08-23,23:26:00,N20,nominal,2.0NRT,288.3,0.79,N,VIIRS
47.18068,35.83233,313.71,0.48,0.4,2026-08-23,23:26:00,N20,nominal,2.0NRT,288.82,1.17,N,VIIRS
47.18432,35.83321,301.09,0.48,0.4,2026-08-23,23:26:00,N20,nominal,2.0NRT,288.53,0.68,N,VIIRS
47.36998,34.48582,299.02,0.54,0.42,2026-08-23,23:26:00,N20,nominal,2.0NRT,288.49,0.64,N,VIIRS
47.37311,34.49376,298.45,0.53,0.42,2026-08-23,23:26:00,N20,nominal,2.0NRT,287.84,0.7,N,VIIRS
47.68806,30.89176,297.18,0.52,0.5,2026-08-23,23:26:00,N20,nominal,2.0NRT,284.42,0.42,N,VIIRS
47.13675,36.74112,316.04,0.44,0.39,2026-08-23,23:26:00,N20,nominal,2.0NRT,290.22,6.32,N,VIIRS
47.39143,34.46873,307.52,0.54,0.42,2026-08-23,23:26:00,N20,nominal,2.0NRT,287.24,1.12,N,VIIRS
47.13603,36.74692,321.29,0.44,0.39,2026-08-23,23:26:00,N20,nominal,2.0NRT,292.47,6.32,N,VIIRS
47.39601,34.46245,305.98,0.54,0.42,2026-08-23,23:26:00,N20,nominal,2.0NRT,286.99,1.12,N,VIIRS
47.13955,36.74784,324.33,0.44,0.39,2026-08-23,23:26:00,N20,nominal,2.0NRT,292.52,6.32,N,VIIRS
47.14026,36.74206,328.71,0.44,0.39,2026-08-23,23:26:00,N20,nominal,2.0NRT,291.14,6.32,N,VIIRS
47.14307,36.748779999999996,303.27,0.44,0.39,2026-08-23,23:26:00,N20,nominal,2.0NRT,290.03,1.57,N,VIIRS
47.1731,36.50198,310.32,0.45,0.39,2026-08-23,23:26:00,N20,nominal,2.0NRT,288.96,0.9,N,VIIRS
47.35495,34.89562,314.04,0.52,0.41,2026-08-23,23:26:00,N20,nominal,2.0NRT,288.85,1.72,N,VIIRS
47.14378,36.74299,326.53,0.44,0.39,2026-08-23,23:26:00,N20,nominal,2.0NRT,290.81,1.57,N,VIIRS
47.15445,36.68559,316.27,0.45,0.39,2026-08-23,23:26:00,N20,nominal,2.0NRT,289.7,2.16,N,VIIRS
47.17665,36.5029,309.89,0.45,0.39,2026-08-23,23:26:00,N20,nominal,2.0NRT,289.27,0.9,N,VIIRS
47.17736,36.49697,303.1,0.45,0.39,2026-08-23,23:26:00,N20,nominal,2.0NRT,289.04,0.9,N,VIIRS
47.15373,36.69143,323.34,0.45,0.39,2026-08-23,23:26:00,N20,nominal,2.0NRT,290.58,2.16,N,VIIRS
47.24199,35.98202,311.09,0.47,0.4,2026-08-23,23:26:00,N20,nominal,2.0NRT,283.83,1.75,N,VIIRS
47.47218,33.85697,304.78,0.57,0.43,2026-08-23,23:26:00,N20,nominal,2.0NRT,287.94,0.98,N,VIIRS
47.474,33.8562,305.47,0.57,0.43,2026-08-23,23:26:00,N20,nominal,2.0NRT,288.22,1.21,N,VIIRS
47.17872,36.68675,301.61,0.45,0.39,2026-08-23,23:26:00,N20,nominal,2.0NRT,289.11,0.59,N,VIIRS
47.262,36.22797,300.65,0.46,0.39,2026-08-23,23:26:00,N20,nominal,2.0NRT,288.81,0.55,N,VIIRS
47.2013,36.7709,307.96,0.44,0.39,2026-08-23,23:26:00,N20,nominal,2.0NRT,290.07,1,N,VIIRS
47.2663,36.22276,329.55,0.46,0.39,2026-08-23,23:26:00,N20,nominal,2.0NRT,289.77,4.54,N,VIIRS
47.20481,36.77186,304.42,0.44,0.39,2026-08-23,23:26:00,N20,nominal,2.0NRT,289.55,0.64,N,VIIRS
47.20833,36.7728,300.49,0.44,0.39,2026-08-23,23:26:00,N20,nominal,2.0NRT,289.35,0.64,N,VIIRS
47.21185,36.77373,299.82,0.44,0.39,2026-08-23,23:26:00,N20,nominal,2.0NRT,289.24,0.65,N,VIIRS
47.30843,36.0183,300.85,0.47,0.4,2026-08-23,23:26:00,N20,nominal,2.0NRT,288.12,1.13,N,VIIRS
47.30914,36.01208,299.52,0.47,0.4,2026-08-23,23:26:00,N20,nominal,2.0NRT,287.92,1.13,N,VIIRS
47.31276,36.01299,304.25,0.47,0.4,2026-08-23,23:26:00,N20,nominal,2.0NRT,288.08,1.13,N,VIIRS
47.31205,36.0192,326.91,0.47,0.4,2026-08-23,23:26:00,N20,nominal,2.0NRT,289.41,1.13,N,VIIRS
47.31566,36.02013,300.33,0.47,0.4,2026-08-23,23:26:00,N20,nominal,2.0NRT,287.45,0.62,N,VIIRS
47.31637,36.01394,302.43,0.47,0.4,2026-08-23,23:26:00,N20,nominal,2.0NRT,288.03,0.62,N,VIIRS
47.40796,35.22533,308.14,0.5,0.41,2026-08-23,23:26:00,N20,nominal,2.0NRT,289.8,1.16,N,VIIRS
47.40652,35.23862,328.93,0.5,0.41,2026-08-23,23:26:00,N20,nominal,2.0NRT,291.03,4.5,N,VIIRS
47.32146,36.03436,303.94,0.47,0.4,2026-08-23,23:26:00,N20,nominal,2.0NRT,287.12,0.85,N,VIIRS
47.32289,36.022,298.8,0.47,0.4,2026-08-23,23:26:00,N20,nominal,2.0NRT,288.21,0.74,N,VIIRS
47.32579,36.02913,298.61,0.47,0.4,2026-08-23,23:26:00,N20,nominal,2.0NRT,286.79,0.85,N,VIIRS
47.32793,36.01059,309.67,0.47,0.4,2026-08-23,23:26:00,N20,nominal,2.0NRT,287.23,1.5,N,VIIRS
47.4666,34.74372,309.36,0.52,0.42,2026-08-23,23:26:00,N20,nominal,2.0NRT,288.77,1.69,N,VIIRS
47.33083,36.01772,301,0.47,0.4,2026-08-23,23:26:00,N20,nominal,2.0NRT,288.3,0.79,N,VIIRS
47.33301,36.03101,313.57,0.47,0.4,2026-08-23,23:26:00,N20,nominal,2.0NRT,288.25,1.7,N,VIIRS
47.33372,36.02483,301.69,0.47,0.4,2026-08-23,23:26:00,N20,nominal,2.0NRT,286.97,0.79,N,VIIRS
47.33444,36.01865,308.14,0.47,0.4,2026-08-23,23:26:00,N20,nominal,2.0NRT,286.65,0.79,N,VIIRS
47.33663,36.03194,302.45,0.47,0.4,2026-08-23,23:26:00,N20,nominal,2.0NRT,287.1,0.59,N,VIIRS
47.33734,36.02577,316.85,0.47,0.4,2026-08-23,23:26:00,N20,nominal,2.0NRT,288.52,1.64,N,VIIRS
47.33806,36.01959,312.6,0.47,0.4,2026-08-23,23:26:00,N20,nominal,2.0NRT,287.94,1.64,N,VIIRS
47.35305,36.18291,304.69,0.46,0.39,2026-08-23,23:26:00,N20,nominal,2.0NRT,287.95,0.83,N,VIIRS
47.35033,36.23883,301.27,0.46,0.39,2026-08-23,23:26:00,N20,nominal,2.0NRT,288.07,0.98,N,VIIRS
47.35391,36.2398,311.13,0.46,0.39,2026-08-23,23:26:00,N20,nominal,2.0NRT,287.91,1.21,N,VIIRS
47.4329,36.29109,308.57,0.46,0.39,2026-08-23,23:26:00,N20,nominal,2.0NRT,288.6,1.32,N,VIIRS
47.43722,36.28588,306.13,0.46,0.39,2026-08-23,23:26:00,N20,nominal,2.0NRT,288.02,1.03,N,VIIRS
47.44153,36.28067,302.86,0.46,0.39,2026-08-23,23:26:00,N20,nominal,2.0NRT,287.93,1.03,N,VIIRS
47.43376,36.29063,305.83,0.46,0.39,2026-08-23,23:26:00,N20,nominal,2.0NRT,288.46,0.79,N,VIIRS
47.43446,36.2845,300.02,0.46,0.39,2026-08-23,23:26:00,N20,nominal,2.0NRT,287.55,0.79,N,VIIRS
47.43805,36.28542,302.65,0.46,0.39,2026-08-23,23:26:00,N20,nominal,2.0NRT,287.92,0.79,N,VIIRS
47.43875,36.27929,297.63,0.46,0.39,2026-08-23,23:26:00,N20,nominal,2.0NRT,287.56,0.28,N,VIIRS
47.44234,36.28019,302.28,0.46,0.39,2026-08-23,23:26:00,N20,nominal,2.0NRT,287.63,0.63,N,VIIRS
47.73657,33.6816,320.04,0.39,0.44,2026-08-23,23:26:00,N20,nominal,2.0NRT,288.87,2.07,N,VIIRS
47.3703,37.18704,301.53,0.43,0.38,2026-08-23,23:26:00,N20,nominal,2.0NRT,289.68,0.45,N,VIIRS
47.64562,34.93972,313.43,0.52,0.41,2026-08-23,23:26:00,N20,nominal,2.0NRT,287.3,1.92,N,VIIRS
47.24831,38.28907,305.07,0.41,0.37,2026-08-23,23:26:00,N20,nominal,2.0NRT,290.87,0.55,N,VIIRS
47.35501,37.56178,303.51,0.42,0.38,2026-08-23,23:26:00,N20,nominal,2.0NRT,289.21,0.32,N,VIIRS
47.43061,37.0787,308.82,0.44,0.38,2026-08-23,23:26:00,N20,nominal,2.0NRT,289.4,0.98,N,VIIRS
47.43483,37.07385,305.16,0.44,0.38,2026-08-23,23:26:00,N20,nominal,2.0NRT,288.4,1.93,N,VIIRS
47.4341,37.07965,326.66,0.44,0.38,2026-08-23,23:26:00,N20,nominal,2.0NRT,290.03,3,N,VIIRS
47.43832,37.0748,331.13,0.44,0.38,2026-08-23,23:26:00,N20,nominal,2.0NRT,289.43,1.93,N,VIIRS
47.44181,37.07576,316.27,0.44,0.38,2026-08-23,23:26:00,N20,nominal,2.0NRT,288.59,1.23,N,VIIRS
47.44253,37.06997,308.15,0.44,0.38,2026-08-23,23:26:00,N20,nominal,2.0NRT,288.46,1.23,N,VIIRS
47.44602,37.07092,311.04,0.44,0.38,2026-08-23,23:26:00,N20,nominal,2.0NRT,288.74,1.23,N,VIIRS
47.5327,36.36009,303.16,0.46,0.39,2026-08-23,23:26:00,N20,nominal,2.0NRT,288.04,0.76,N,VIIRS
47.53367,36.36136,308.12,0.46,0.39,2026-08-23,23:26:00,N20,nominal,2.0NRT,288.33,0.8,N,VIIRS
47.72559,34.75111,298.8,0.53,0.42,2026-08-23,23:26:00,N20,nominal,2.0NRT,287.5,0.86,N,VIIRS
47.62856,35.71429,306.79,0.48,0.4,2026-08-23,23:26:00,N20,nominal,2.0NRT,286.58,1.11,N,VIIRS
47.40681,37.69907,307.14,0.42,0.38,2026-08-23,23:26:00,N20,nominal,2.0NRT,290.55,0.78,N,VIIRS
47.86877,33.4475,315.8,0.4,0.44,2026-08-23,23:26:00,N20,nominal,2.0NRT,288.61,7.36,N,VIIRS
47.87379,33.43755,307.67,0.4,0.44,2026-08-23,23:26:00,N20,nominal,2.0NRT,290.13,1.11,N,VIIRS
47.8757,33.41606,304.5,0.4,0.44,2026-08-23,23:26:00,N20,nominal,2.0NRT,291.82,1.42,N,VIIRS
47.87284,33.4483,340.03,0.4,0.44,2026-08-23,23:26:00,N20,nominal,2.0NRT,290.32,7.36,N,VIIRS
47.72243,35.04908,317.13,0.51,0.41,2026-08-23,23:26:00,N20,nominal,2.0NRT,289.85,2.15,N,VIIRS
47.72315,35.04225,306.25,0.51,0.41,2026-08-23,23:26:00,N20,nominal,2.0NRT,289.16,2.07,N,VIIRS
47.44194,37.67458,301.14,0.42,0.38,2026-08-23,23:26:00,N20,nominal,2.0NRT,290.73,0.56,N,VIIRS
47.81023,34.45591,298,0.54,0.42,2026-08-23,23:26:00,N20,nominal,2.0NRT,286.05,0.59,N,VIIRS
47.44537,37.67551,322.15,0.42,0.38,2026-08-23,23:26:00,N20,nominal,2.0NRT,290.92,2.26,N,VIIRS
47.44952,37.67091,318.11,0.42,0.38,2026-08-23,23:26:00,N20,nominal,2.0NRT,290.61,1.93,N,VIIRS
47.61537,36.38838,310.66,0.46,0.39,2026-08-23,23:26:00,N20,nominal,2.0NRT,287.31,0.91,N,VIIRS
47.743,35.25577,300.58,0.5,0.41,2026-08-23,23:26:00,N20,nominal,2.0NRT,289.24,1.05,N,VIIRS
47.75248,35.16733,306.2,0.51,0.41,2026-08-23,23:26:00,N20,nominal,2.0NRT,291.13,1.73,N,VIIRS
47.75445,35.3274,312.94,0.5,0.41,2026-08-23,23:26:00,N20,nominal,2.0NRT,288.59,1.75,N,VIIRS
47.75892,35.32157,313.24,0.5,0.41,2026-08-23,23:26:00,N20,nominal,2.0NRT,288.49,1.75,N,VIIRS
47.85145,34.47985,298.01,0.54,0.42,2026-08-23,23:26:00,N20,nominal,2.0NRT,286.68,0.88,N,VIIRS
47.85366,34.45802,298.15,0.54,0.42,2026-08-23,23:26:00,N20,nominal,2.0NRT,287.02,0.61,N,VIIRS
47.75467,35.32714,314.01,0.5,0.41,2026-08-23,23:26:00,N20,nominal,2.0NRT,288.83,2.45,N,VIIRS
47.75537,35.32042,304.73,0.5,0.41,2026-08-23,23:26:00,N20,nominal,2.0NRT,287.74,1.01,N,VIIRS
47.75911,35.32131,309.33,0.5,0.41,2026-08-23,23:26:00,N20,nominal,2.0NRT,288.63,1.01,N,VIIRS
47.4931,37.64972,307.66,0.42,0.38,2026-08-23,23:26:00,N20,nominal,2.0NRT,290.87,0.81,N,VIIRS
47.8517,34.47897,299.15,0.54,0.42,2026-08-23,23:26:00,N20,nominal,2.0NRT,286.77,1.12,N,VIIRS
47.85381,34.45711,299.13,0.54,0.42,2026-08-23,23:26:00,N20,nominal,2.0NRT,286.91,0.87,N,VIIRS
47.51311,37.63231,303.74,0.42,0.38,2026-08-23,23:26:00,N20,nominal,2.0NRT,290.2,0.81,N,VIIRS
47.51654,37.63328,301.57,0.42,0.38,2026-08-23,23:26:00,N20,nominal,2.0NRT,289.88,0.23,N,VIIRS
47.87891,34.40301,300.66,0.55,0.42,2026-08-23,23:26:00,N20,nominal,2.0NRT,286.71,0.72,N,VIIRS
47.8828,34.4039,301.98,0.55,0.42,2026-08-23,23:26:00,N20,nominal,2.0NRT,286.97,0.72,N,VIIRS
47.88351,34.39656,296.96,0.55,0.42,2026-08-23,23:26:00,N20,nominal,2.0NRT,286.28,0.72,N,VIIRS
47.51327,37.74184,327.91,0.42,0.38,2026-08-23,23:26:00,N20,nominal,2.0NRT,291.28,2.65,N,VIIRS
47.5167,37.74281,308.82,0.42,0.38,2026-08-23,23:26:00,N20,nominal,2.0NRT,290.04,0.79,N,VIIRS
47.52012,37.74377,302.38,0.42,0.38,2026-08-23,23:26:00,N20,nominal,2.0NRT,289.8,0.79,N,VIIRS
47.52083,37.73824,309.81,0.42,0.38,2026-08-23,23:26:00,N20,nominal,2.0NRT,290.48,0.79,N,VIIRS
47.61732,36.96876,299.52,0.44,0.39,2026-08-23,23:26:00,N20,nominal,2.0NRT,288.59,0.44,N,VIIRS
47.6036,37.13962,318.23,0.44,0.38,2026-08-23,23:26:00,N20,nominal,2.0NRT,289.04,1.72,N,VIIRS
47.89687,34.62218,325.56,0.54,0.42,2026-08-23,23:26:00,N20,nominal,2.0NRT,286.6,2.51,N,VIIRS
47.90073,34.62308,315.36,0.54,0.42,2026-08-23,23:26:00,N20,nominal,2.0NRT,286.08,2.51,N,VIIRS
47.90458,34.62399,308.76,0.54,0.42,2026-08-23,23:26:00,N20,nominal,2.0NRT,285.87,0.8,N,VIIRS
47.90843,34.62489,296.87,0.54,0.42,2026-08-23,23:26:00,N20,nominal,2.0NRT,285.88,0.8,N,VIIRS
47.72049,36.62868,318.63,0.45,0.39,2026-08-23,23:26:00,N20,nominal,2.0NRT,288.57,1.9,N,VIIRS
47.72186,36.64771,298.97,0.45,0.39,2026-08-23,23:26:00,N20,nominal,2.0NRT,288.43,0.54,N,VIIRS
47.71864,36.62922,312.82,0.45,0.39,2026-08-23,23:26:00,N20,nominal,2.0NRT,288.91,1.76,N,VIIRS
47.71935,36.62318,298.86,0.45,0.39,2026-08-23,23:26:00,N20,nominal,2.0NRT,288.28,0.5,N,VIIRS
47.85835,35.6517,308.42,0.49,0.4,2026-08-23,23:26:00,N20,nominal,2.0NRT,288.16,1.17,N,VIIRS
47.75846,36.60231,314.2,0.45,0.39,2026-08-23,23:26:00,N20,nominal,2.0NRT,288.8,1.69,N,VIIRS
47.89269,35.54492,305.78,0.49,0.41,2026-08-23,23:26:00,N20,nominal,2.0NRT,287.9,1.18,N,VIIRS
47.89341,35.5383,299.62,0.5,0.41,2026-08-23,23:26:00,N20,nominal,2.0NRT,288.15,0.52,N,VIIRS
47.70284,37.32912,316.42,0.43,0.38,2026-08-23,23:26:00,N20,nominal,2.0NRT,289.57,1.24,N,VIIRS
47.70487,37.34153,308.25,0.43,0.38,2026-08-23,23:26:00,N20,nominal,2.0NRT,289.58,0.8,N,VIIRS
47.70763,37.3482,299.19,0.43,0.38,2026-08-23,23:26:00,N20,nominal,2.0NRT,288.76,0.8,N,VIIRS
47.7105,37.32525,314.11,0.43,0.38,2026-08-23,23:26:00,N20,nominal,2.0NRT,289.33,1.32,N,VIIRS
47.71181,37.34341,302.02,0.43,0.38,2026-08-23,23:26:00,N20,nominal,2.0NRT,288.79,0.64,N,VIIRS
47.71398,37.32619,306.16,0.43,0.38,2026-08-23,23:26:00,N20,nominal,2.0NRT,288.8,0.67,N,VIIRS
47.7147,37.32045,299.92,0.43,0.38,2026-08-23,23:26:00,N20,nominal,2.0NRT,288.41,0.67,N,VIIRS
47.71746,37.32713,299.78,0.43,0.38,2026-08-23,23:26:00,N20,nominal,2.0NRT,288.41,0.67,N,VIIRS
47.88992,35.87904,329.2,0.48,0.4,2026-08-23,23:26:00,N20,nominal,2.0NRT,280.78,4.63,N,VIIRS
47.72093,37.32807,301.52,0.43,0.38,2026-08-23,23:26:00,N20,nominal,2.0NRT,288.24,0.52,N,VIIRS
47.89358,35.87993,310.71,0.48,0.4,2026-08-23,23:26:00,N20,nominal,2.0NRT,281.32,2.12,N,VIIRS
47.72079,37.35767,303.7,0.43,0.38,2026-08-23,23:26:00,N20,nominal,2.0NRT,289.28,0.63,N,VIIRS
47.72499,37.35289,309.48,0.43,0.38,2026-08-23,23:26:00,N20,nominal,2.0NRT,288.96,1.31,N,VIIRS
47.73064,37.33662,301.67,0.43,0.38,2026-08-23,23:26:00,N20,nominal,2.0NRT,288.18,0.28,N,VIIRS
47.92871,35.80247,310.22,0.48,0.4,2026-08-23,23:26:00,N20,nominal,2.0NRT,287.88,1.27,N,VIIRS
47.93064,35.80289,300.54,0.49,0.4,2026-08-23,23:26:00,N20,nominal,2.0NRT,286.54,0.78,N,VIIRS
47.87925,36.29908,299.16,0.47,0.39,2026-08-23,23:26:00,N20,nominal,2.0NRT,286.65,0.37,N,VIIRS
47.7471,37.5252,301.1,0.43,0.38,2026-08-23,23:26:00,N20,nominal,2.0NRT,289.67,0.66,N,VIIRS
48.27563,32.46138,297.25,0.44,0.46,2026-08-23,23:26:00,N20,nominal,2.0NRT,281.98,0.56,N,VIIRS
47.81987,37.20071,300.64,0.44,0.38,2026-08-23,23:26:00,N20,nominal,2.0NRT,288.45,0.67,N,VIIRS
47.87582,37.0405,304.95,0.44,0.39,2026-08-23,23:26:00,N20,nominal,2.0NRT,287.8,1.07,N,VIIRS
47.90918,36.76688,303.03,0.45,0.39,2026-08-23,23:26:00,N20,nominal,2.0NRT,287.76,0.54,N,VIIRS
48.05669,35.48244,305.85,0.5,0.41,2026-08-23,23:26:00,N20,nominal,2.0NRT,288.3,1.18,N,VIIRS
47.83434,37.40162,301.53,0.43,0.38,2026-08-23,23:26:00,N20,nominal,2.0NRT,288.46,0.6,N,VIIRS
47.85078,37.47775,311.15,0.43,0.38,2026-08-23,23:26:00,N20,nominal,2.0NRT,289.59,1.1,N,VIIRS
