latitude,longitude,bright_ti4,scan,track,acq_date,acq_time,satellite,confidence,version,bright_ti5,frp,daynight,instrument
51.3451,30.28611,325.94,0.6,0.71,2026-08-17,01:37:00,N20,nominal,2.0NRT,282.17,4.64,N,VIIRS
51.34387,30.28494,322.92,0.6,0.71,2026-08-17,01:37:00,N20,nominal,2.0NRT,281.9,3.92,N,VIIRS
51.7822,25.12384,301.91,0.37,0.58,2026-08-17,01:37:00,N20,nominal,2.0NRT,281.36,1.59,N,VIIRS
47.99556,28.99016,296.88,0.72,0.75,2026-08-17,01:37:00,N20,nominal,2.0NRT,283.75,0.88,N,VIIRS
50.43769,27.44901,304.65,0.51,0.66,2026-08-17,01:37:00,N20,nominal,2.0NRT,282.58,1.17,N,VIIRS
46.24826,33.90309,334.22,0.38,0.59,2026-08-17,09:41:00,N20,low,2.0NRT,308.91,2.21,D,VIIRS
46.28132,33.99655,340.45,0.38,0.59,2026-08-17,09:41:00,N20,low,2.0NRT,314.25,6.18,D,VIIRS
46.29265,33.99512,367,0.38,0.59,2026-08-17,09:41:00,N20,high,2.0NRT,316.5,15.34,D,VIIRS
47.21635,37.42314,344.34,0.5,0.49,2026-08-17,09:41:00,N20,nominal,2.0NRT,307.08,7.16,D,VIIRS
47.21478,37.41688,348.2,0.5,0.49,2026-08-17,09:41:00,N20,nominal,2.0NRT,308.71,7.94,D,VIIRS
47.2132,37.41056,330.13,0.5,0.49,2026-08-17,09:41:00,N20,low,2.0NRT,304.03,7.94,D,VIIRS
46.29766,33.99212,367,0.38,0.59,2026-08-17,09:41:00,N20,high,2.0NRT,313.46,10.14,D,VIIRS
46.49566,34.58112,343.04,0.35,0.57,2026-08-17,09:41:00,N20,nominal,2.0NRT,311.09,3.12,D,VIIRS
46.68073,35.19669,353.23,0.33,0.55,2026-08-17,09:41:00,N20,nominal,2.0NRT,307.37,4.87,D,VIIRS
46.67961,35.19267,341.44,0.33,0.55,2026-08-17,09:41:00,N20,nominal,2.0NRT,304.47,3.74,D,VIIRS
46.73777,35.26436,340.29,0.32,0.55,2026-08-17,09:41:00,N20,low,2.0NRT,312.22,4.25,D,VIIRS
46.76725,35.35179,339.7,0.32,0.54,2026-08-17,09:41:00,N20,nominal,2.0NRT,308.65,6.82,D,VIIRS
46.75661,35.31306,337.88,0.32,0.55,2026-08-17,09:41:00,N20,nominal,2.0NRT,308.38,2.52,D,VIIRS
46.75553,35.30911,343.47,0.32,0.55,2026-08-17,09:41:00,N20,nominal,2.0NRT,312.4,2.52,D,VIIRS
46.74033,35.25384,355.53,0.32,0.55,2026-08-17,09:41:00,N20,nominal,2.0NRT,319.6,60.22,D,VIIRS
46.73925,35.24992,343,0.32,0.55,2026-08-17,09:41:00,N20,low,2.0NRT,317.14,31.05,D,VIIRS
46.85159,35.5428,354.86,0.62,0.54,2026-08-17,09:41:00,N20,nominal,2.0NRT,315.55,15.81,D,VIIRS
47.53711,38.19196,342.03,0.46,0.47,2026-08-17,09:41:00,N20,nominal,2.0NRT,310.35,4.69,D,VIIRS
46.79841,35.30699,342.79,0.32,0.55,2026-08-17,09:41:00,N20,nominal,2.0NRT,312.37,5.18,D,VIIRS
46.8763,35.55504,342.41,0.62,0.54,2026-08-17,09:41:00,N20,nominal,2.0NRT,309.43,30.28,D,VIIRS
47.57543,38.29447,354.63,0.45,0.47,2026-08-17,09:41:00,N20,nominal,2.0NRT,313.08,12.28,D,VIIRS
47.57407,38.28873,343.93,0.45,0.47,2026-08-17,09:41:00,N20,nominal,2.0NRT,309.57,12.28,D,VIIRS
47.5727,38.28298,350.34,0.45,0.47,2026-08-17,09:41:00,N20,nominal,2.0NRT,312.62,14.53,D,VIIRS
47.57812,38.28651,341.89,0.45,0.47,2026-08-17,09:41:00,N20,nominal,2.0NRT,308.88,12.28,D,VIIRS
47.57538,38.27499,341.79,0.45,0.47,2026-08-17,09:41:00,N20,low,2.0NRT,312.28,14.53,D,VIIRS
47.03123,36.09906,350.07,0.58,0.52,2026-08-17,09:41:00,N20,nominal,2.0NRT,309.72,9.62,D,VIIRS
47.57421,38.29428,354.41,0.45,0.47,2026-08-17,09:41:00,N20,nominal,2.0NRT,312.07,13.68,D,VIIRS
47.57687,38.28635,343.68,0.45,0.47,2026-08-17,09:41:00,N20,nominal,2.0NRT,311.98,21.99,D,VIIRS
47.57548,38.28064,343.65,0.45,0.47,2026-08-17,09:41:00,N20,nominal,2.0NRT,316.32,21.99,D,VIIRS
47.57407,38.27488,341.8,0.45,0.47,2026-08-17,09:41:00,N20,nominal,2.0NRT,313.75,6.22,D,VIIRS
46.87209,35.55032,340.01,0.62,0.54,2026-08-17,09:41:00,N20,nominal,2.0NRT,309.11,3.38,D,VIIRS
46.87671,35.54765,347.11,0.62,0.54,2026-08-17,09:41:00,N20,nominal,2.0NRT,312.09,20.9,D,VIIRS
47.59186,38.29127,341,0.45,0.47,2026-08-17,09:41:00,N20,low,2.0NRT,314.4,15.29,D,VIIRS
47.03188,36.09977,342.07,0.58,0.52,2026-08-17,09:41:00,N20,nominal,2.0NRT,310.01,10.1,D,VIIRS
47.03638,36.0972,341.81,0.58,0.52,2026-08-17,09:41:00,N20,nominal,2.0NRT,309.79,14.78,D,VIIRS
46.88639,35.52428,343.19,0.62,0.54,2026-08-17,09:41:00,N20,nominal,2.0NRT,307.45,6.29,D,VIIRS
47.65821,38.50934,342.47,0.44,0.46,2026-08-17,09:41:00,N20,nominal,2.0NRT,309.33,12.04,D,VIIRS
46.84937,35.31105,342.08,0.32,0.54,2026-08-17,09:41:00,N20,low,2.0NRT,315.3,9,D,VIIRS
46.32879,33.49215,335.8,0.4,0.6,2026-08-17,09:41:00,N20,low,2.0NRT,308.07,6.02,D,VIIRS
47.88825,39.4151,350.82,0.4,0.44,2026-08-17,09:41:00,N20,nominal,2.0NRT,308.72,6.38,D,VIIRS
47.88709,39.41005,340.57,0.4,0.44,2026-08-17,09:41:00,N20,nominal,2.0NRT,310.45,6.38,D,VIIRS
47.88593,39.40496,335.41,0.4,0.44,2026-08-17,09:41:00,N20,low,2.0NRT,307.14,3.21,D,VIIRS
47.64228,38.36718,350.54,0.45,0.47,2026-08-17,09:41:00,N20,nominal,2.0NRT,318.14,16.89,D,VIIRS
46.54927,34.1656,340.51,0.37,0.58,2026-08-17,09:41:00,N20,nominal,2.0NRT,308.7,3.81,D,VIIRS
46.548,34.16118,344.82,0.37,0.58,2026-08-17,09:41:00,N20,nominal,2.0NRT,310.16,3.81,D,VIIRS
47.51743,37.7584,341.76,0.48,0.48,2026-08-17,09:41:00,N20,nominal,2.0NRT,308.61,14.83,D,VIIRS
47.63531,38.22391,354.31,0.45,0.47,2026-08-17,09:41:00,N20,nominal,2.0NRT,317.25,32.4,D,VIIRS
47.63394,38.21818,349.34,0.45,0.47,2026-08-17,09:41:00,N20,nominal,2.0NRT,310.23,7.82,D,VIIRS
47.64075,38.22739,342.77,0.45,0.47,2026-08-17,09:41:00,N20,nominal,2.0NRT,307.83,32.4,D,VIIRS
47.63939,38.22177,340.78,0.45,0.47,2026-08-17,09:41:00,N20,nominal,2.0NRT,309.61,32.4,D,VIIRS
46.59297,34.23754,336.59,0.36,0.57,2026-08-17,09:41:00,N20,low,2.0NRT,310.57,2.95,D,VIIRS
46.59171,34.23314,340.35,0.36,0.57,2026-08-17,09:41:00,N20,nominal,2.0NRT,313.51,5.33,D,VIIRS
46.59535,34.22572,367,0.36,0.58,2026-08-17,09:41:00,N20,high,2.0NRT,316.7,7.69,D,VIIRS
47.49432,37.60695,337.49,0.48,0.48,2026-08-17,09:41:00,N20,nominal,2.0NRT,306.09,3.16,D,VIIRS
46.59661,34.23013,339.28,0.36,0.57,2026-08-17,09:41:00,N20,nominal,2.0NRT,311.49,7.69,D,VIIRS
46.60026,34.22274,367,0.36,0.58,2026-08-17,09:41:00,N20,high,2.0NRT,312.91,7.69,D,VIIRS
46.64363,34.35525,340.23,0.36,0.57,2026-08-17,09:41:00,N20,nominal,2.0NRT,311.87,15.09,D,VIIRS
46.64241,34.35091,350.19,0.36,0.57,2026-08-17,09:41:00,N20,nominal,2.0NRT,322.28,15.09,D,VIIRS
46.80508,34.89223,367,0.33,0.56,2026-08-17,09:41:00,N20,high,2.0NRT,308.72,5.34,D,VIIRS
47.25069,36.56283,356.05,0.55,0.51,2026-08-17,09:41:00,N20,nominal,2.0NRT,309.31,21.89,D,VIIRS
46.80395,34.88816,338.63,0.33,0.56,2026-08-17,09:41:00,N20,nominal,2.0NRT,308.91,3.93,D,VIIRS
46.33356,33.24287,347.32,0.41,0.6,2026-08-17,09:41:00,N20,nominal,2.0NRT,305.45,3.13,D,VIIRS
46.29913,33.10604,367,0.41,0.61,2026-08-17,09:41:00,N20,high,2.0NRT,307.72,9.76,D,VIIRS
46.33869,33.23967,337.53,0.41,0.6,2026-08-17,09:41:00,N20,nominal,2.0NRT,307.11,3.13,D,VIIRS
46.64353,34.35197,367,0.36,0.57,2026-08-17,09:41:00,N20,high,2.0NRT,315.35,25.01,D,VIIRS
47.25344,36.56082,355.44,0.55,0.51,2026-08-17,09:41:00,N20,nominal,2.0NRT,307.71,23.73,D,VIIRS
46.64228,34.34766,346.76,0.36,0.57,2026-08-17,09:41:00,N20,nominal,2.0NRT,313.87,19.03,D,VIIRS
46.80293,34.88986,367,0.33,0.56,2026-08-17,09:41:00,N20,high,2.0NRT,310.57,6.07,D,VIIRS
46.80407,34.89391,336.02,0.33,0.55,2026-08-17,09:41:00,N20,nominal,2.0NRT,307.75,4.7,D,VIIRS
46.3344,33.24556,336.21,0.41,0.6,2026-08-17,09:41:00,N20,nominal,2.0NRT,304.31,2.27,D,VIIRS
46.33292,33.24067,333.23,0.41,0.6,2026-08-17,09:41:00,N20,low,2.0NRT,305.13,2.27,D,VIIRS
46.29782,33.10437,367,0.41,0.61,2026-08-17,09:41:00,N20,high,2.0NRT,308.2,9.85,D,VIIRS
46.29933,33.10933,337.55,0.41,0.61,2026-08-17,09:41:00,N20,nominal,2.0NRT,306.2,6.93,D,VIIRS
46.32218,33.08335,349.27,0.41,0.61,2026-08-17,09:41:00,N20,nominal,2.0NRT,307.59,7.23,D,VIIRS
46.32068,33.07838,346.42,0.41,0.61,2026-08-17,09:41:00,N20,nominal,2.0NRT,305.69,5.93,D,VIIRS
47.21378,36.21737,341.01,0.57,0.52,2026-08-17,09:41:00,N20,nominal,2.0NRT,309.13,3.39,D,VIIRS
46.32735,33.08013,330.72,0.41,0.61,2026-08-17,09:41:00,N20,low,2.0NRT,303.96,1.8,D,VIIRS
46.91143,35.06082,339.74,0.32,0.55,2026-08-17,09:41:00,N20,nominal,2.0NRT,309.3,1.22,D,VIIRS
47.59193,37.58062,341.43,0.48,0.48,2026-08-17,09:41:00,N20,nominal,2.0NRT,308.71,11.91,D,VIIRS
47.59045,37.57467,340.85,0.48,0.48,2026-08-17,09:41:00,N20,nominal,2.0NRT,313.36,11.91,D,VIIRS
47.22396,35.9819,343.49,0.58,0.52,2026-08-17,09:41:00,N20,nominal,2.0NRT,309.48,9.9,D,VIIRS
47.19788,35.86311,341.3,0.59,0.53,2026-08-17,09:41:00,N20,nominal,2.0NRT,307,7.07,D,VIIRS
47.22464,35.98249,337.51,0.58,0.52,2026-08-17,09:41:00,N20,low,2.0NRT,308.77,11.85,D,VIIRS
47.19599,35.85679,341.59,0.59,0.53,2026-08-17,09:41:00,N20,nominal,2.0NRT,310.85,11.91,D,VIIRS
47.3351,36.35864,340.68,0.55,0.51,2026-08-17,09:41:00,N20,nominal,2.0NRT,304.58,18.95,D,VIIRS
47.05584,35.30427,344.65,0.63,0.54,2026-08-17,09:41:00,N20,nominal,2.0NRT,312.45,12.12,D,VIIRS
46.25782,32.53168,354.93,0.44,0.62,2026-08-17,09:41:00,N20,nominal,2.0NRT,301.45,7.58,D,VIIRS
46.25619,32.52641,348.38,0.44,0.62,2026-08-17,09:41:00,N20,nominal,2.0NRT,304.14,8.86,D,VIIRS
47.09512,35.29013,340.02,0.63,0.54,2026-08-17,09:41:00,N20,low,2.0NRT,313.1,6.59,D,VIIRS
47.28585,35.88057,338.78,0.58,0.52,2026-08-17,09:41:00,N20,low,2.0NRT,310.03,4.57,D,VIIRS
47.13771,35.18472,337.45,0.63,0.54,2026-08-17,09:41:00,N20,low,2.0NRT,310.98,6.28,D,VIIRS
47.14237,35.18197,343.77,0.63,0.54,2026-08-17,09:41:00,N20,nominal,2.0NRT,312.29,9.37,D,VIIRS
47.22744,35.45262,349.47,0.61,0.54,2026-08-17,09:41:00,N20,nominal,2.0NRT,311.56,11.58,D,VIIRS
47.15168,35.17648,334.66,0.63,0.54,2026-08-17,09:41:00,N20,low,2.0NRT,308.27,2.14,D,VIIRS
45.4177,29.49466,355.82,0.64,0.72,2026-08-17,09:41:00,N20,nominal,2.0NRT,292.78,39.51,D,VIIRS
47.28769,35.4787,335.49,0.61,0.53,2026-08-17,09:41:00,N20,low,2.0NRT,310.2,5.85,D,VIIRS
47.28567,35.47116,343.54,0.61,0.53,2026-08-17,09:41:00,N20,nominal,2.0NRT,311.43,5.85,D,VIIRS
47.25081,35.34216,340.5,0.62,0.54,2026-08-17,09:41:00,N20,low,2.0NRT,313.3,7.61,D,VIIRS
47.16468,35.00655,367,0.32,0.55,2026-08-17,09:41:00,N20,high,2.0NRT,311.31,13.96,D,VIIRS
47.16576,35.01051,340.84,0.32,0.55,2026-08-17,09:41:00,N20,nominal,2.0NRT,308.67,7.18,D,VIIRS
47.16359,35.0026,352.28,0.32,0.55,2026-08-17,09:41:00,N20,nominal,2.0NRT,311.92,13.96,D,VIIRS
47.16251,34.99865,334.74,0.32,0.55,2026-08-17,09:41:00,N20,low,2.0NRT,307.95,4.97,D,VIIRS
46.54091,32.83489,336.95,0.42,0.61,2026-08-17,09:41:00,N20,nominal,2.0NRT,308.63,3.36,D,VIIRS
46.28805,31.98545,334.6,0.46,0.64,2026-08-17,09:41:00,N20,low,2.0NRT,304.61,4.21,D,VIIRS
46.28633,31.97989,331.19,0.46,0.64,2026-08-17,09:41:00,N20,low,2.0NRT,303.79,5.07,D,VIIRS
46.33118,32.08329,367,0.46,0.63,2026-08-17,09:41:00,N20,high,2.0NRT,300.86,4.99,D,VIIRS
47.76212,37.23333,341.94,0.49,0.49,2026-08-17,09:41:00,N20,nominal,2.0NRT,307.93,6.45,D,VIIRS
47.69418,36.96156,344.25,0.51,0.49,2026-08-17,09:41:00,N20,nominal,2.0NRT,308.25,23.77,D,VIIRS
46.32949,32.0778,336.27,0.46,0.63,2026-08-17,09:41:00,N20,nominal,2.0NRT,303.05,4.99,D,VIIRS
47.69844,36.95914,348.15,0.51,0.49,2026-08-17,09:41:00,N20,nominal,2.0NRT,310.31,23.77,D,VIIRS
47.69683,36.95272,350.7,0.51,0.49,2026-08-17,09:41:00,N20,nominal,2.0NRT,315.5,38.38,D,VIIRS
46.40301,32.29667,330.13,0.45,0.63,2026-08-17,09:41:00,N20,low,2.0NRT,305.02,1.69,D,VIIRS
46.33653,32.07981,351.79,0.46,0.63,2026-08-17,09:41:00,N20,nominal,2.0NRT,301.07,4.99,D,VIIRS
46.33485,32.07432,335.4,0.46,0.63,2026-08-17,09:41:00,N20,nominal,2.0NRT,304.28,4.99,D,VIIRS
46.30418,31.97493,336.48,0.46,0.64,2026-08-17,09:41:00,N20,nominal,2.0NRT,303.81,3.79,D,VIIRS
46.30246,31.96938,335.19,0.46,0.64,2026-08-17,09:41:00,N20,nominal,2.0NRT,302.41,5.8,D,VIIRS
47.87864,37.66864,349.25,0.47,0.48,2026-08-17,09:41:00,N20,nominal,2.0NRT,308.76,8.47,D,VIIRS
47.66613,36.79195,334.72,0.52,0.5,2026-08-17,09:41:00,N20,low,2.0NRT,308.05,5.24,D,VIIRS
47.76478,37.22984,338.23,0.49,0.49,2026-08-17,09:41:00,N20,nominal,2.0NRT,307.88,4.68,D,VIIRS
47.69549,36.95893,349.5,0.51,0.49,2026-08-17,09:41:00,N20,nominal,2.0NRT,314.79,50.98,D,VIIRS
47.87927,37.66597,342.69,0.47,0.48,2026-08-17,09:41:00,N20,nominal,2.0NRT,306.44,10.38,D,VIIRS
47.69811,36.95012,345.73,0.51,0.49,2026-08-17,09:41:00,N20,nominal,2.0NRT,314.28,31.56,D,VIIRS
46.2873,31.98227,335.11,0.46,0.64,2026-08-17,09:41:00,N20,nominal,2.0NRT,304.37,4.24,D,VIIRS
46.33096,32.07976,367,0.46,0.63,2026-08-17,09:41:00,N20,high,2.0NRT,304.9,9.84,D,VIIRS
47.46284,35.97629,342.19,0.57,0.52,2026-08-17,09:41:00,N20,nominal,2.0NRT,310.42,9.15,D,VIIRS
47.71786,36.93177,341.88,0.51,0.49,2026-08-17,09:41:00,N20,nominal,2.0NRT,311.64,7.41,D,VIIRS
47.7162,36.9253,341.86,0.51,0.49,2026-08-17,09:41:00,N20,low,2.0NRT,312.03,7.41,D,VIIRS
47.65596,36.6913,347.71,0.52,0.5,2026-08-17,09:41:00,N20,nominal,2.0NRT,306.89,6.39,D,VIIRS
46.33631,32.0763,350.65,0.46,0.63,2026-08-17,09:41:00,N20,nominal,2.0NRT,303.17,9.84,D,VIIRS
46.30345,31.97182,335.27,0.46,0.64,2026-08-17,09:41:00,N20,nominal,2.0NRT,303.25,4.84,D,VIIRS
47.6722,36.73498,333.42,0.52,0.5,2026-08-17,09:41:00,N20,nominal,2.0NRT,307.72,3.35,D,VIIRS
46.407470000000004,32.28358,333.08,0.45,0.63,2026-08-17,09:41:00,N20,low,2.0NRT,304.41,3.15,D,VIIRS
46.53977,32.69235,337.71,0.42,0.61,2026-08-17,09:41:00,N20,nominal,2.0NRT,304.78,5.27,D,VIIRS
47.38002,35.57127,352.48,0.6,0.53,2026-08-17,09:41:00,N20,nominal,2.0NRT,317.68,34.75,D,VIIRS
47.58439,36.30067,335.34,0.55,0.51,2026-08-17,09:41:00,N20,nominal,2.0NRT,307.59,2.8,D,VIIRS
47.587,36.29131,367,0.55,0.51,2026-08-17,09:41:00,N20,high,2.0NRT,312.9,22.58,D,VIIRS
46.95228,33.98096,367,0.36,0.57,2026-08-17,09:41:00,N20,high,2.0NRT,309.88,16.18,D,VIIRS
46.64196,32.92755,367,0.41,0.61,2026-08-17,09:41:00,N20,high,2.0NRT,303.2,7.31,D,VIIRS
47.58878,36.29814,346.9,0.55,0.51,2026-08-17,09:41:00,N20,nominal,2.0NRT,311.29,12.23,D,VIIRS
47.05745,34.34856,343.11,0.35,0.56,2026-08-17,09:41:00,N20,nominal,2.0NRT,308.8,3.87,D,VIIRS
46.95973,33.98679,367,0.36,0.57,2026-08-17,09:41:00,N20,high,2.0NRT,309.37,11.57,D,VIIRS
46.95591,33.97352,367,0.36,0.58,2026-08-17,09:41:00,N20,high,2.0NRT,307.68,16.18,D,VIIRS
46.95845,33.98236,350.06,0.36,0.57,2026-08-17,09:41:00,N20,nominal,2.0NRT,311.79,11.57,D,VIIRS
46.95463,33.96909,331.02,0.36,0.58,2026-08-17,09:41:00,N20,nominal,2.0NRT,303.26,7.31,D,VIIRS
46.55227,32.61083,341.89,0.43,0.62,2026-08-17,09:41:00,N20,nominal,2.0NRT,302.49,5.04,D,VIIRS
47.59581,36.28627,355.27,0.55,0.51,2026-08-17,09:41:00,N20,nominal,2.0NRT,308.87,13,D,VIIRS
46.96463,33.98378,347.53,0.36,0.57,2026-08-17,09:41:00,N20,nominal,2.0NRT,304.03,18.03,D,VIIRS
46.96335,33.97935,351.42,0.36,0.57,2026-08-17,09:41:00,N20,nominal,2.0NRT,307.78,18.03,D,VIIRS
46.96208,33.97493,350.97,0.36,0.57,2026-08-17,09:41:00,N20,nominal,2.0NRT,305.45,22.54,D,VIIRS
46.68402,33.0067,367,0.41,0.6,2026-08-17,09:41:00,N20,high,2.0NRT,301.44,4.72,D,VIIRS
47.0946,34.42006,338.27,0.34,0.56,2026-08-17,09:41:00,N20,nominal,2.0NRT,308.75,2.15,D,VIIRS
46.68254,33.00176,331.47,0.41,0.6,2026-08-17,09:41:00,N20,nominal,2.0NRT,302.95,4.15,D,VIIRS
47.38977,35.47039,343.93,0.6,0.53,2026-08-17,09:41:00,N20,low,2.0NRT,314.62,15.99,D,VIIRS
47.13231,34.53421,336.28,0.34,0.56,2026-08-17,09:41:00,N20,nominal,2.0NRT,306.14,2.46,D,VIIRS
47.0994,34.41715,335.35,0.34,0.56,2026-08-17,09:41:00,N20,low,2.0NRT,309.58,2.08,D,VIIRS
45.56247,29.465,367,0.63,0.72,2026-08-17,09:41:00,N20,high,2.0NRT,302.86,16.49,D,VIIRS
47.39434,35.46767,348.67,0.6,0.53,2026-08-17,09:41:00,N20,nominal,2.0NRT,314.36,15.99,D,VIIRS
47.39232,35.46018,343.75,0.6,0.53,2026-08-17,09:41:00,N20,nominal,2.0NRT,312.35,14.63,D,VIIRS
47.13941,34.53961,334.13,0.34,0.56,2026-08-17,09:41:00,N20,low,2.0NRT,306.08,4.19,D,VIIRS
47.91827,37.48081,346.47,0.48,0.48,2026-08-17,09:41:00,N20,nominal,2.0NRT,307.01,4.59,D,VIIRS
47.91677,37.47474,339.41,0.48,0.48,2026-08-17,09:41:00,N20,nominal,2.0NRT,310.26,5.28,D,VIIRS
47.35192,35.29097,354.99,0.62,0.54,2026-08-17,09:41:00,N20,nominal,2.0NRT,308.94,9.98,D,VIIRS
47.92393,37.48457,345.57,0.48,0.48,2026-08-17,09:41:00,N20,nominal,2.0NRT,307.65,4.59,D,VIIRS
47.92244,37.47852,342.53,0.48,0.48,2026-08-17,09:41:00,N20,nominal,2.0NRT,311.11,4.59,D,VIIRS
47.92094,37.47245,350.75,0.48,0.48,2026-08-17,09:41:00,N20,nominal,2.0NRT,310.89,5.28,D,VIIRS
47.7367,36.7363,336.43,0.52,0.5,2026-08-17,09:41:00,N20,nominal,2.0NRT,306.38,4.37,D,VIIRS
47.36066,35.30354,341.99,0.62,0.54,2026-08-17,09:41:00,N20,nominal,2.0NRT,307.45,11.11,D,VIIRS
47.92511,37.47015,342.7,0.48,0.48,2026-08-17,09:41:00,N20,nominal,2.0NRT,308.57,7.27,D,VIIRS
47.36527,35.30082,337.44,0.62,0.54,2026-08-17,09:41:00,N20,nominal,2.0NRT,304.45,4.32,D,VIIRS
47.15154,34.50311,367,0.34,0.56,2026-08-17,09:41:00,N20,high,2.0NRT,307.54,6.22,D,VIIRS
47.93076,37.4739,339.73,0.48,0.48,2026-08-17,09:41:00,N20,nominal,2.0NRT,309.7,9.29,D,VIIRS
47.92927,37.46784,341.29,0.48,0.48,2026-08-17,09:41:00,N20,nominal,2.0NRT,305.89,7.27,D,VIIRS
47.15038,34.49894,355.18,0.34,0.56,2026-08-17,09:41:00,N20,nominal,2.0NRT,309.71,6.22,D,VIIRS
47.15748,34.50438,367,0.34,0.56,2026-08-17,09:41:00,N20,high,2.0NRT,310.62,15.43,D,VIIRS
47.80338,36.94191,342.88,0.51,0.49,2026-08-17,09:41:00,N20,nominal,2.0NRT,310.03,14.62,D,VIIRS
47.15631,34.50021,345.49,0.34,0.56,2026-08-17,09:41:00,N20,nominal,2.0NRT,309.12,10.22,D,VIIRS
45.63556,29.5496,349.28,0.62,0.72,2026-08-17,09:41:00,N20,nominal,2.0NRT,304.22,12.81,D,VIIRS
47.43234,35.47132,351.36,0.6,0.53,2026-08-17,09:41:00,N20,nominal,2.0NRT,314.87,9.8,D,VIIRS
47.8006,36.94253,337.86,0.51,0.49,2026-08-17,09:41:00,N20,low,2.0NRT,311.66,3.23,D,VIIRS
47.40441,35.45308,340.79,0.6,0.53,2026-08-17,09:41:00,N20,nominal,2.0NRT,313.45,6.44,D,VIIRS
47.36086,35.2951,337.69,0.62,0.54,2026-08-17,09:41:00,N20,low,2.0NRT,310.8,8.43,D,VIIRS
47.80322,36.93375,336.47,0.51,0.49,2026-08-17,09:41:00,N20,low,2.0NRT,311.28,6.55,D,VIIRS
47.14875,34.50134,367,0.34,0.56,2026-08-17,09:41:00,N20,high,2.0NRT,310.59,11.89,D,VIIRS
47.1559,34.50676,367,0.34,0.56,2026-08-17,09:41:00,N20,high,2.0NRT,306.85,8.67,D,VIIRS
45.56171,29.46573,367,0.63,0.72,2026-08-17,09:41:00,N20,high,2.0NRT,302.63,12.49,D,VIIRS
47.15471,34.50261,353.14,0.34,0.56,2026-08-17,09:41:00,N20,nominal,2.0NRT,310.77,11.89,D,VIIRS
47.65302,36.2997,343.63,0.55,0.51,2026-08-17,09:41:00,N20,nominal,2.0NRT,304.08,3.59,D,VIIRS
47.43096,35.47253,347.39,0.6,0.53,2026-08-17,09:41:00,N20,nominal,2.0NRT,314.38,8.08,D,VIIRS
47.64846,36.26321,337.05,0.55,0.51,2026-08-17,09:41:00,N20,nominal,2.0NRT,305.88,2.4,D,VIIRS
48.01897,37.67585,349.34,0.47,0.47,2026-08-17,09:41:00,N20,nominal,2.0NRT,306.14,6.23,D,VIIRS
47.88517,37.14089,341.07,0.49,0.49,2026-08-17,09:41:00,N20,nominal,2.0NRT,307.4,7.34,D,VIIRS
47.87411,37.09721,341.54,0.5,0.49,2026-08-17,09:41:00,N20,nominal,2.0NRT,305.1,5.22,D,VIIRS
47.18205,34.52007,343.88,0.34,0.56,2026-08-17,09:41:00,N20,nominal,2.0NRT,310.47,3.99,D,VIIRS
47.87834,37.09486,343.57,0.5,0.49,2026-08-17,09:41:00,N20,nominal,2.0NRT,306.25,9.77,D,VIIRS
47.87675,37.08857,350.74,0.5,0.49,2026-08-17,09:41:00,N20,nominal,2.0NRT,307.62,9.77,D,VIIRS
47.87515,37.08228,336.37,0.5,0.49,2026-08-17,09:41:00,N20,nominal,2.0NRT,307.05,7.77,D,VIIRS
47.87939,37.07993,344.38,0.5,0.49,2026-08-17,09:41:00,N20,nominal,2.0NRT,305.04,7.77,D,VIIRS
45.63536,29.55011,355.39,0.62,0.72,2026-08-17,09:41:00,N20,nominal,2.0NRT,304.29,9.44,D,VIIRS
47.83017,36.86732,346.23,0.51,0.49,2026-08-17,09:41:00,N20,nominal,2.0NRT,310.72,8.39,D,VIIRS
45.6062,29.4443,355.82,0.63,0.72,2026-08-17,09:41:00,N20,nominal,2.0NRT,301.72,15.81,D,VIIRS
45.60369,29.43701,347.4,0.63,0.72,2026-08-17,09:41:00,N20,nominal,2.0NRT,303.71,15.81,D,VIIRS
45.6122,29.44018,367,0.63,0.72,2026-08-17,09:41:00,N20,high,2.0NRT,302.11,15.81,D,VIIRS
47.73142,36.46477,347.8,0.53,0.5,2026-08-17,09:41:00,N20,nominal,2.0NRT,305.86,10.11,D,VIIRS
45.60968,29.43288,355.16,0.63,0.72,2026-08-17,09:41:00,N20,nominal,2.0NRT,302.52,15.81,D,VIIRS
47.73576,36.46225,367,0.53,0.5,2026-08-17,09:41:00,N20,high,2.0NRT,307.77,8.04,D,VIIRS
47.73404,36.45563,332.74,0.53,0.5,2026-08-17,09:41:00,N20,nominal,2.0NRT,306.23,8.04,D,VIIRS
47.42327,35.2494,344.37,0.62,0.54,2026-08-17,09:41:00,N20,nominal,2.0NRT,308.58,5.65,D,VIIRS
46.80279,33.05721,367,0.4,0.6,2026-08-17,09:41:00,N20,high,2.0NRT,309.26,7.92,D,VIIRS
47.42786,35.24659,342.36,0.62,0.54,2026-08-17,09:41:00,N20,nominal,2.0NRT,306.37,5.65,D,VIIRS
46.80131,33.05226,348.07,0.4,0.6,2026-08-17,09:41:00,N20,nominal,2.0NRT,310.47,7.92,D,VIIRS
45.76096,29.78887,330.41,0.6,0.71,2026-08-17,09:41:00,N20,low,2.0NRT,301.95,3.83,D,VIIRS
47.8899,36.9875,344.45,0.5,0.49,2026-08-17,09:41:00,N20,nominal,2.0NRT,308.08,5.58,D,VIIRS
47.88832,36.98124,355.27,0.5,0.49,2026-08-17,09:41:00,N20,nominal,2.0NRT,307.99,5.58,D,VIIRS
45.58876,29.26476,335.82,0.64,0.72,2026-08-17,09:41:00,N20,nominal,2.0NRT,301.89,10.42,D,VIIRS
45.58619,29.25734,348.43,0.64,0.72,2026-08-17,09:41:00,N20,nominal,2.0NRT,303.77,14.45,D,VIIRS
47.12437,34.1188,367,0.35,0.57,2026-08-17,09:41:00,N20,high,2.0NRT,306.18,15.58,D,VIIRS
45.58963,29.24567,367,0.64,0.72,2026-08-17,09:41:00,N20,high,2.0NRT,304.96,14.45,D,VIIRS
47.93199,37.13564,341.79,0.49,0.49,2026-08-17,09:41:00,N20,nominal,2.0NRT,307.17,8.1,D,VIIRS
47.89256,36.97881,333.57,0.5,0.49,2026-08-17,09:41:00,N20,low,2.0NRT,306.03,5.58,D,VIIRS
47.12315,34.11449,351.76,0.35,0.57,2026-08-17,09:41:00,N20,nominal,2.0NRT,310.45,11.61,D,VIIRS
47.12191,34.11017,354.15,0.35,0.57,2026-08-17,09:41:00,N20,nominal,2.0NRT,308.57,11.61,D,VIIRS
46.48265,31.96609,339.75,0.46,0.63,2026-08-17,09:41:00,N20,nominal,2.0NRT,304.52,6.43,D,VIIRS
45.59222,29.25316,330.02,0.64,0.72,2026-08-17,09:41:00,N20,nominal,2.0NRT,302.1,14.45,D,VIIRS
45.58706,29.23822,351.17,0.64,0.72,2026-08-17,09:41:00,N20,nominal,2.0NRT,312.69,54.01,D,VIIRS
47.9362,37.13325,350,0.49,0.49,2026-08-17,09:41:00,N20,nominal,2.0NRT,307.97,7.64,D,VIIRS
47.82155,36.6798,335.45,0.52,0.5,2026-08-17,09:41:00,N20,low,2.0NRT,307,5.3,D,VIIRS
47.69132,36.17543,336.5,0.55,0.51,2026-08-17,09:41:00,N20,nominal,2.0NRT,305.37,6.31,D,VIIRS
46.488,31.9626,344.82,0.46,0.63,2026-08-17,09:41:00,N20,nominal,2.0NRT,300.24,6.3,D,VIIRS
45.59825,29.249,334.22,0.64,0.72,2026-08-17,09:41:00,N20,nominal,2.0NRT,305.57,10.16,D,VIIRS
47.94041,37.13087,343.01,0.49,0.49,2026-08-17,09:41:00,N20,nominal,2.0NRT,302.9,7.64,D,VIIRS
45.60686,29.25229,339.09,0.64,0.72,2026-08-17,09:41:00,N20,nominal,2.0NRT,303.3,8.87,D,VIIRS
48.00144,37.35708,345.11,0.48,0.48,2026-08-17,09:41:00,N20,nominal,2.0NRT,304.09,11.54,D,VIIRS
48.00677,37.34022,330.56,0.48,0.48,2026-08-17,09:41:00,N20,nominal,2.0NRT,303.75,3.37,D,VIIRS
48.00525,37.33408,340.66,0.48,0.48,2026-08-17,09:41:00,N20,nominal,2.0NRT,307.29,7.32,D,VIIRS
47.65414,35.95542,340.26,0.57,0.52,2026-08-17,09:41:00,N20,nominal,2.0NRT,308.74,6.9,D,VIIRS
45.58339,29.11919,340.5,0.65,0.73,2026-08-17,09:41:00,N20,nominal,2.0NRT,305.34,6.06,D,VIIRS
47.87061,36.75674,340.93,0.51,0.5,2026-08-17,09:41:00,N20,nominal,2.0NRT,310.21,4.28,D,VIIRS
47.65594,35.95539,341.47,0.56,0.52,2026-08-17,09:41:00,N20,nominal,2.0NRT,305.84,9.29,D,VIIRS
47.87197,36.75618,340.78,0.51,0.5,2026-08-17,09:41:00,N20,nominal,2.0NRT,309.17,5.2,D,VIIRS
45.5978,29.25199,335.82,0.64,0.72,2026-08-17,09:41:00,N20,nominal,2.0NRT,302.94,6.35,D,VIIRS
45.60384,29.24786,339.15,0.64,0.72,2026-08-17,09:41:00,N20,nominal,2.0NRT,304.89,6.35,D,VIIRS
47.67133,35.8975,346.88,0.57,0.52,2026-08-17,09:41:00,N20,nominal,2.0NRT,307.2,16.98,D,VIIRS
47.66941,35.89031,334.69,0.57,0.52,2026-08-17,09:41:00,N20,low,2.0NRT,306.23,12.3,D,VIIRS
45.58248,29.12282,334.32,0.65,0.73,2026-08-17,09:41:00,N20,low,2.0NRT,305.02,6.02,D,VIIRS
47.63405,35.71974,330.12,0.58,0.52,2026-08-17,09:41:00,N20,low,2.0NRT,304.93,3.26,D,VIIRS
47.54865,35.40408,341.2,0.6,0.53,2026-08-17,09:41:00,N20,nominal,2.0NRT,312.13,5.71,D,VIIRS
46.77924,32.6945,356.34,0.42,0.61,2026-08-17,09:41:00,N20,nominal,2.0NRT,309.02,6.02,D,VIIRS
48.19014,37.8331,333.12,0.45,0.47,2026-08-17,09:41:00,N20,low,2.0NRT,306.37,5.1,D,VIIRS
45.85619,29.7864,367,0.6,0.7,2026-08-17,09:41:00,N20,high,2.0NRT,305.19,16.15,D,VIIRS
46.01423,30.2552,333.65,0.56,0.69,2026-08-17,09:41:00,N20,nominal,2.0NRT,302.97,10.95,D,VIIRS
45.8538,29.77937,352.01,0.6,0.7,2026-08-17,09:41:00,N20,nominal,2.0NRT,306.04,15.63,D,VIIRS
48.02631,37.13306,343.64,0.49,0.49,2026-08-17,09:41:00,N20,nominal,2.0NRT,310.35,8.62,D,VIIRS
47.99945,37.02636,343.18,0.5,0.49,2026-08-17,09:41:00,N20,nominal,2.0NRT,307.51,5.62,D,VIIRS
47.99786,37.02006,333.42,0.5,0.49,2026-08-17,09:41:00,N20,nominal,2.0NRT,301.53,5.17,D,VIIRS
46.02219,30.25791,339.36,0.56,0.69,2026-08-17,09:41:00,N20,nominal,2.0NRT,301.65,13.53,D,VIIRS
46.01998,30.25128,355.58,0.56,0.69,2026-08-17,09:41:00,N20,nominal,2.0NRT,306.17,10.95,D,VIIRS
48.03213,37.13713,340.12,0.49,0.49,2026-08-17,09:41:00,N20,nominal,2.0NRT,305.61,4.53,D,VIIRS
48.52962,39.19727,354.85,0.39,0.44,2026-08-17,09:41:00,N20,nominal,2.0NRT,308.37,19.63,D,VIIRS
48.52846,39.1922,335.46,0.39,0.44,2026-08-17,09:41:00,N20,nominal,2.0NRT,305.43,19.63,D,VIIRS
47.72726,35.91445,334.99,0.56,0.52,2026-08-17,09:41:00,N20,nominal,2.0NRT,305.57,5.3,D,VIIRS
47.3661,34.54601,333.45,0.33,0.55,2026-08-17,09:41:00,N20,low,2.0NRT,307.89,2.39,D,VIIRS
47.82045,36.17299,333.13,0.55,0.51,2026-08-17,09:41:00,N20,low,2.0NRT,307.19,3.65,D,VIIRS
47.00614,33.23,338.89,0.39,0.59,2026-08-17,09:41:00,N20,nominal,2.0NRT,307.01,4.41,D,VIIRS
47.38735,34.54276,367,0.33,0.55,2026-08-17,09:41:00,N20,high,2.0NRT,308.04,7.65,D,VIIRS
47.82488,36.17059,341.37,0.55,0.51,2026-08-17,09:41:00,N20,nominal,2.0NRT,307.05,4.99,D,VIIRS
46.84878,32.67991,355.25,0.42,0.61,2026-08-17,09:41:00,N20,nominal,2.0NRT,307.42,5.41,D,VIIRS
46.84727,32.67489,335.22,0.42,0.61,2026-08-17,09:41:00,N20,low,2.0NRT,307.8,5.41,D,VIIRS
46.85543,32.68161,336.56,0.42,0.61,2026-08-17,09:41:00,N20,nominal,2.0NRT,305.38,4.41,D,VIIRS
46.530029999999996,31.61926,338.59,0.47,0.64,2026-08-17,09:41:00,N20,nominal,2.0NRT,303.3,5.14,D,VIIRS
47.70028,35.65612,333.67,0.58,0.52,2026-08-17,09:41:00,N20,nominal,2.0NRT,304.66,5.84,D,VIIRS
47.80941,36.0525,345.42,0.55,0.51,2026-08-17,09:41:00,N20,nominal,2.0NRT,307.12,13.55,D,VIIRS
47.87056,36.26943,340.95,0.54,0.51,2026-08-17,09:41:00,N20,nominal,2.0NRT,302.89,5.93,D,VIIRS
47.87493,36.2669,336.44,0.54,0.51,2026-08-17,09:41:00,N20,nominal,2.0NRT,303.46,5.93,D,VIIRS
47.80708,36.05344,343.85,0.55,0.51,2026-08-17,09:41:00,N20,nominal,2.0NRT,308.05,5.31,D,VIIRS
47.70039,35.65597,334.12,0.58,0.52,2026-08-17,09:41:00,N20,nominal,2.0NRT,304.69,4.72,D,VIIRS
46.84732,32.67832,367,0.42,0.61,2026-08-17,09:41:00,N20,high,2.0NRT,307.91,7.56,D,VIIRS
47.81151,36.05096,334.4,0.55,0.51,2026-08-17,09:41:00,N20,nominal,2.0NRT,302.73,5.31,D,VIIRS
47.87371,36.26707,342.03,0.54,0.51,2026-08-17,09:41:00,N20,nominal,2.0NRT,305.21,7.44,D,VIIRS
46.85401,32.68002,343.3,0.42,0.61,2026-08-17,09:41:00,N20,nominal,2.0NRT,306.82,2.55,D,VIIRS
48.18545,37.44694,331.52,0.47,0.48,2026-08-17,09:41:00,N20,low,2.0NRT,302.7,2.18,D,VIIRS
48.18397,37.441,336.43,0.47,0.48,2026-08-17,09:41:00,N20,nominal,2.0NRT,302.89,2.37,D,VIIRS
48.12275,37.17756,334.4,0.49,0.48,2026-08-17,09:41:00,N20,nominal,2.0NRT,302.46,6.06,D,VIIRS
48.08548,36.99192,337.16,0.5,0.49,2026-08-17,09:41:00,N20,nominal,2.0NRT,306.77,6.25,D,VIIRS
47.65645,35.35869,338.6,0.6,0.53,2026-08-17,09:41:00,N20,nominal,2.0NRT,301.51,6.42,D,VIIRS
48.08971,36.98959,341.9,0.5,0.49,2026-08-17,09:41:00,N20,nominal,2.0NRT,304.29,11.02,D,VIIRS
47.35389,34.23291,338.08,0.34,0.56,2026-08-17,09:41:00,N20,nominal,2.0NRT,303.38,3.14,D,VIIRS
47.06111,33.22619,336.9,0.39,0.59,2026-08-17,09:41:00,N20,low,2.0NRT,307,4.18,D,VIIRS
47.05971,33.22147,351.02,0.39,0.59,2026-08-17,09:41:00,N20,nominal,2.0NRT,310.22,6.88,D,VIIRS
48.09928,36.97015,340.65,0.5,0.49,2026-08-17,09:41:00,N20,nominal,2.0NRT,304.76,4.93,D,VIIRS
47.38623,34.26753,338.01,0.34,0.56,2026-08-17,09:41:00,N20,low,2.0NRT,308.54,2.87,D,VIIRS
48.07174,36.80384,330.57,0.51,0.49,2026-08-17,09:41:00,N20,nominal,2.0NRT,302.33,0.78,D,VIIRS
47.37427,34.20544,336.28,0.34,0.56,2026-08-17,09:41:00,N20,low,2.0NRT,307.63,3.78,D,VIIRS
47.93065,36.23479,331.76,0.54,0.51,2026-08-17,09:41:00,N20,low,2.0NRT,303.06,5.77,D,VIIRS
47.504,34.6477,349.32,0.33,0.55,2026-08-17,09:41:00,N20,nominal,2.0NRT,304.92,2.88,D,VIIRS
47.39579,34.26162,333.36,0.34,0.56,2026-08-17,09:41:00,N20,low,2.0NRT,306.68,3.56,D,VIIRS
47.58773,34.9114,367,0.63,0.54,2026-08-17,09:41:00,N20,high,2.0NRT,308.23,17.07,D,VIIRS
46.78514,32.14988,336.2,0.44,0.62,2026-08-17,09:41:00,N20,nominal,2.0NRT,303.35,6.22,D,VIIRS
46.78351,32.14458,356.22,0.44,0.62,2026-08-17,09:41:00,N20,nominal,2.0NRT,309.64,11.66,D,VIIRS
47.38372,34.13918,336.25,0.35,0.56,2026-08-17,09:41:00,N20,nominal,2.0NRT,304.34,1.65,D,VIIRS
47.38253,34.13496,342.63,0.35,0.56,2026-08-17,09:41:00,N20,nominal,2.0NRT,307.36,1.65,D,VIIRS
47.38761,34.11293,354.86,0.35,0.56,2026-08-17,09:41:00,N20,nominal,2.0NRT,309.84,15.73,D,VIIRS
47.93001,36.03785,333.2,0.55,0.51,2026-08-17,09:41:00,N20,low,2.0NRT,307.01,5.71,D,VIIRS
47.38559,34.11681,367,0.35,0.56,2026-08-17,09:41:00,N20,high,2.0NRT,305.12,11.91,D,VIIRS
47.38439,34.11267,352.92,0.35,0.56,2026-08-17,09:41:00,N20,nominal,2.0NRT,306.5,9.54,D,VIIRS
48.26205,37.31508,330.49,0.48,0.48,2026-08-17,09:41:00,N20,low,2.0NRT,303.58,3.3,D,VIIRS
48.2662,37.31273,350.04,0.48,0.48,2026-08-17,09:41:00,N20,nominal,2.0NRT,305.83,8.39,D,VIIRS
47.70286,35.16515,338.75,0.61,0.53,2026-08-17,09:41:00,N20,nominal,2.0NRT,305.43,14.43,D,VIIRS
48.37556,37.73581,335.09,0.45,0.47,2026-08-17,09:41:00,N20,nominal,2.0NRT,303.88,8.07,D,VIIRS
48.37419,37.73021,343.06,0.45,0.47,2026-08-17,09:41:00,N20,nominal,2.0NRT,309.14,15.88,D,VIIRS
48.24907,37.22536,330.23,0.48,0.48,2026-08-17,09:41:00,N20,low,2.0NRT,304.63,3.74,D,VIIRS
47.74661,35.22776,338.3,0.6,0.53,2026-08-17,09:41:00,N20,nominal,2.0NRT,302.85,6.11,D,VIIRS
48.40154,37.74766,344.34,0.45,0.47,2026-08-17,09:41:00,N20,nominal,2.0NRT,307.23,9.37,D,VIIRS
48.33272,37.46689,333.23,0.47,0.47,2026-08-17,09:41:00,N20,low,2.0NRT,305.55,4.23,D,VIIRS
47.75327,35.23273,331.62,0.6,0.53,2026-08-17,09:41:00,N20,low,2.0NRT,304.14,5.42,D,VIIRS
47.75116,35.22497,343.8,0.6,0.53,2026-08-17,09:41:00,N20,nominal,2.0NRT,306.51,5.42,D,VIIRS
48.40563,37.74553,341.75,0.45,0.47,2026-08-17,09:41:00,N20,nominal,2.0NRT,303.93,9.37,D,VIIRS
48.28473,37.25419,331.79,0.48,0.48,2026-08-17,09:41:00,N20,low,2.0NRT,303.81,5.58,D,VIIRS
48.48384,38.03152,330.28,0.44,0.46,2026-08-17,09:41:00,N20,low,2.0NRT,303.14,1.45,D,VIIRS
48.16472,36.7003,340.03,0.51,0.49,2026-08-17,09:41:00,N20,nominal,2.0NRT,305.74,5.05,D,VIIRS
49.53992,38.3971,334.42,0.4,0.44,2026-08-17,09:41:00,N20,nominal,2.0NRT,300.26,2.87,D,VIIRS
49.49547,38.17067,353.28,0.41,0.45,2026-08-17,09:41:00,N20,nominal,2.0NRT,306.93,12.9,D,VIIRS
49.4577,37.93647,338.89,0.42,0.45,2026-08-17,09:41:00,N20,nominal,2.0NRT,302.47,3.83,D,VIIRS
49.40351,37.70961,338.57,0.43,0.46,2026-08-17,09:41:00,N20,nominal,2.0NRT,300.3,3.17,D,VIIRS
49.40217,37.70407,339.56,0.43,0.46,2026-08-17,09:41:00,N20,nominal,2.0NRT,301.51,4.8,D,VIIRS
48.83215,35.29728,350,0.56,0.51,2026-08-17,09:41:00,N20,nominal,2.0NRT,311.68,54.78,D,VIIRS
49.50536,37.75232,344.97,0.42,0.45,2026-08-17,09:41:00,N20,nominal,2.0NRT,303.88,4.39,D,VIIRS
49.36998,37.19636,344.27,0.45,0.47,2026-08-17,09:41:00,N20,nominal,2.0NRT,305.34,5.49,D,VIIRS
49.54358,37.79987,341.14,0.42,0.45,2026-08-17,09:41:00,N20,nominal,2.0NRT,305.09,3.91,D,VIIRS
48.10362,32.39063,345.51,0.39,0.59,2026-08-17,09:41:00,N20,nominal,2.0NRT,304.15,5.08,D,VIIRS
48.1086,32.38719,332.57,0.39,0.59,2026-08-17,09:41:00,N20,nominal,2.0NRT,301.43,1.41,D,VIIRS
47.56074,30.54526,334.98,0.49,0.65,2026-08-17,09:41:00,N20,nominal,2.0NRT,303.2,4.31,D,VIIRS
49.56881,37.56181,335.38,0.43,0.46,2026-08-17,09:41:00,N20,nominal,2.0NRT,302.9,5.37,D,VIIRS
49.59681,37.64045,332.66,0.42,0.46,2026-08-17,09:41:00,N20,nominal,2.0NRT,301.01,3.83,D,VIIRS
49.66804,37.65696,341.73,0.42,0.45,2026-08-17,09:41:00,N20,nominal,2.0NRT,303,9.12,D,VIIRS
49.67345,37.56631,331.1,0.43,0.46,2026-08-17,09:41:00,N20,nominal,2.0NRT,297.94,2.05,D,VIIRS
45.17669,33.8741,332.06,0.41,0.61,2026-08-17,09:41:00,N20,low,2.0NRT,305.79,5.64,D,VIIRS
45.17379,33.86433,335.81,0.42,0.61,2026-08-17,09:41:00,N20,low,2.0NRT,306.92,2.08,D,VIIRS
45.17234,33.85944,336.85,0.42,0.61,2026-08-17,09:41:00,N20,nominal,2.0NRT,307.3,2.08,D,VIIRS
45.17896,33.86115,331.36,0.42,0.61,2026-08-17,09:41:00,N20,low,2.0NRT,306.16,2.08,D,VIIRS
45.18705,33.86784,342.97,0.41,0.61,2026-08-17,09:41:00,N20,nominal,2.0NRT,306.78,5.07,D,VIIRS
45.95818,34.57626,332.48,0.36,0.58,2026-08-17,09:41:00,N20,low,2.0NRT,304.4,4.98,D,VIIRS
46.07749,34.73422,345.87,0.36,0.57,2026-08-17,09:41:00,N20,nominal,2.0NRT,306.8,4.91,D,VIIRS
46.0763,34.72996,339.85,0.36,0.57,2026-08-17,09:41:00,N20,nominal,2.0NRT,307.56,4.5,D,VIIRS
46.07741,34.73109,367,0.36,0.57,2026-08-17,09:41:00,N20,high,2.0NRT,308.57,6.72,D,VIIRS
45.95953,33.70594,336.99,0.4,0.6,2026-08-17,09:41:00,N20,low,2.0NRT,311.31,3.92,D,VIIRS
46.49308,35.46832,342.04,0.32,0.55,2026-08-17,09:41:00,N20,nominal,2.0NRT,310.75,3.42,D,VIIRS
46.73694,36.36232,345.13,0.58,0.52,2026-08-17,09:41:00,N20,nominal,2.0NRT,309.39,5.53,D,VIIRS
46.49778,35.46561,336.77,0.32,0.55,2026-08-17,09:41:00,N20,low,2.0NRT,307.41,3.42,D,VIIRS
46.86323,36.83045,367,0.54,0.51,2026-08-17,09:41:00,N20,high,2.0NRT,321.24,31.02,D,VIIRS
46.8667,36.844,343.84,0.54,0.51,2026-08-17,09:41:00,N20,low,2.0NRT,314.67,28.95,D,VIIRS
46.86496,36.83722,344.35,0.54,0.51,2026-08-17,09:41:00,N20,nominal,2.0NRT,315.88,31.02,D,VIIRS
46.94699,37.14032,342.41,0.53,0.5,2026-08-17,09:41:00,N20,nominal,2.0NRT,311.6,5.8,D,VIIRS
46.94533,37.13372,344.77,0.53,0.5,2026-08-17,09:41:00,N20,nominal,2.0NRT,314.52,5.8,D,VIIRS
46.93209,37.08134,339.62,0.53,0.5,2026-08-17,09:41:00,N20,nominal,2.0NRT,312.85,6.58,D,VIIRS
46.87111,36.84162,342.28,0.54,0.51,2026-08-17,09:41:00,N20,nominal,2.0NRT,311.45,28.95,D,VIIRS
46.86763,36.82804,356.03,0.54,0.51,2026-08-17,09:41:00,N20,nominal,2.0NRT,316.1,31.02,D,VIIRS
46.50611,35.45629,347.21,0.32,0.55,2026-08-17,09:41:00,N20,nominal,2.0NRT,309.96,2.8,D,VIIRS
46.86937,36.83482,320.93,0.54,0.51,2026-08-17,09:41:00,N20,low,2.0NRT,322.13,31.02,D,VIIRS
46.87202,36.82557,341.56,0.54,0.51,2026-08-17,09:41:00,N20,nominal,2.0NRT,310.36,12.99,D,VIIRS
46.86514,36.8442,344.03,0.54,0.51,2026-08-17,09:41:00,N20,nominal,2.0NRT,314.71,15.77,D,VIIRS
46.8616,36.83071,352.74,0.54,0.51,2026-08-17,09:41:00,N20,nominal,2.0NRT,315.36,12.35,D,VIIRS
46.73738,36.36189,341.52,0.58,0.52,2026-08-17,09:41:00,N20,nominal,2.0NRT,309.69,4.12,D,VIIRS
46.86778,36.83508,367,0.54,0.51,2026-08-17,09:41:00,N20,high,2.0NRT,327.7,46.32,D,VIIRS
46.94698,37.1395,342.13,0.52,0.5,2026-08-17,09:41:00,N20,nominal,2.0NRT,311.74,7.05,D,VIIRS
46.94528,37.13292,344.61,0.53,0.5,2026-08-17,09:41:00,N20,nominal,2.0NRT,314.61,13.43,D,VIIRS
46.93178,37.08076,338.6,0.53,0.5,2026-08-17,09:41:00,N20,nominal,2.0NRT,312.93,4.2,D,VIIRS
46.86955,36.84183,342.36,0.54,0.51,2026-08-17,09:41:00,N20,nominal,2.0NRT,313.6,46.32,D,VIIRS
46.86601,36.82831,353.87,0.54,0.51,2026-08-17,09:41:00,N20,nominal,2.0NRT,321.93,32.19,D,VIIRS
46.49722,35.46209,336.02,0.32,0.55,2026-08-17,09:41:00,N20,low,2.0NRT,308.39,2.17,D,VIIRS
46.87219,36.83268,333.61,0.54,0.51,2026-08-17,09:41:00,N20,nominal,2.0NRT,306.39,46.32,D,VIIRS
46.87041,36.82589,341.04,0.54,0.51,2026-08-17,09:41:00,N20,nominal,2.0NRT,312.42,32.19,D,VIIRS
46.50662,35.45673,348.34,0.32,0.55,2026-08-17,09:41:00,N20,nominal,2.0NRT,309.01,2.13,D,VIIRS
47.16528,37.86749,340.44,0.48,0.48,2026-08-17,09:41:00,N20,low,2.0NRT,311.19,6.84,D,VIIRS
46.40119,34.88106,367,0.34,0.56,2026-08-17,09:41:00,N20,high,2.0NRT,312.86,28.15,D,VIIRS
46.39885,34.87273,350.84,0.34,0.56,2026-08-17,09:41:00,N20,nominal,2.0NRT,312.9,30.87,D,VIIRS
46.40002,34.8769,367,0.34,0.56,2026-08-17,09:41:00,N20,low,2.0NRT,329.79,28.15,D,VIIRS
46.40484,34.87408,367,0.34,0.56,2026-08-17,09:41:00,N20,high,2.0NRT,309.94,28.15,D,VIIRS
46.40367,34.8699,367,0.34,0.56,2026-08-17,09:41:00,N20,high,2.0NRT,310.97,30.87,D,VIIRS
46.40601,34.87824,343.02,0.34,0.56,2026-08-17,09:41:00,N20,nominal,2.0NRT,309.56,28.15,D,VIIRS
46.26078,34.28549,337.71,0.37,0.58,2026-08-17,09:41:00,N20,low,2.0NRT,311.19,4.8,D,VIIRS
46.26574,34.28257,339.09,0.37,0.58,2026-08-17,09:41:00,N20,low,2.0NRT,309.35,3.68,D,VIIRS
46.46627,34.95388,367,0.34,0.56,2026-08-17,09:41:00,N20,high,2.0NRT,315.74,12.2,D,VIIRS
46.47106,34.95106,350.66,0.34,0.56,2026-08-17,09:41:00,N20,nominal,2.0NRT,308.14,12.2,D,VIIRS
46.63857,35.52304,353.54,0.63,0.54,2026-08-17,09:41:00,N20,nominal,2.0NRT,310.7,9.35,D,VIIRS
46.64323,35.52034,346.73,0.63,0.54,2026-08-17,09:41:00,N20,nominal,2.0NRT,309.01,7.46,D,VIIRS
46.64999,35.52542,347.01,0.63,0.54,2026-08-17,09:41:00,N20,nominal,2.0NRT,311.57,7.46,D,VIIRS
46.46873,34.95003,344.17,0.34,0.56,2026-08-17,09:41:00,N20,low,2.0NRT,318.82,23.9,D,VIIRS
46.64027,35.52383,342.17,0.63,0.54,2026-08-17,09:41:00,N20,nominal,2.0NRT,309.44,8.86,D,VIIRS
46.64708,35.52889,339.44,0.63,0.54,2026-08-17,09:41:00,N20,low,2.0NRT,311.47,4.52,D,VIIRS
46.64494,35.52114,348.13,0.63,0.54,2026-08-17,09:41:00,N20,nominal,2.0NRT,310.04,8.86,D,VIIRS
46.64281,35.51341,349.51,0.63,0.54,2026-08-17,09:41:00,N20,nominal,2.0NRT,308.72,8.86,D,VIIRS
46.65387,35.53394,341.25,0.63,0.54,2026-08-17,09:41:00,N20,low,2.0NRT,311.45,6.15,D,VIIRS
46.64535,35.503,340.98,0.63,0.54,2026-08-17,09:41:00,N20,nominal,2.0NRT,308.79,3.05,D,VIIRS
46.65641,35.52353,337.72,0.63,0.54,2026-08-17,09:41:00,N20,low,2.0NRT,309.84,6.15,D,VIIRS
46.24225,34.00381,355.9,0.38,0.59,2026-08-17,09:41:00,N20,nominal,2.0NRT,315.56,12.61,D,VIIRS
46.75945,35.76382,345.64,0.61,0.54,2026-08-17,09:41:00,N20,nominal,2.0NRT,313.48,11.56,D,VIIRS
46.29996,34.08119,367,0.37,0.58,2026-08-17,09:41:00,N20,high,2.0NRT,311.16,6.48,D,VIIRS
46.27895,34.00866,367,0.38,0.59,2026-08-17,09:41:00,N20,high,2.0NRT,316.5,12.34,D,VIIRS
46.27763,34.00411,343.19,0.38,0.59,2026-08-17,09:41:00,N20,nominal,2.0NRT,316.31,12.34,D,VIIRS
47.66718,34.80072,351.68,0.63,0.54,2026-08-17,09:41:00,N20,nominal,2.0NRT,307.58,17.13,D,VIIRS
47.66499,34.79276,331.05,0.63,0.54,2026-08-17,09:41:00,N20,low,2.0NRT,305.29,17.13,D,VIIRS
48.37435,37.48407,341.28,0.46,0.47,2026-08-17,09:41:00,N20,nominal,2.0NRT,305.89,15.74,D,VIIRS
48.37292,37.47823,337.85,0.46,0.47,2026-08-17,09:41:00,N20,nominal,2.0NRT,304.82,10.87,D,VIIRS
47.41537,33.80343,367,0.36,0.57,2026-08-17,09:41:00,N20,high,2.0NRT,308.04,7.54,D,VIIRS
47.42149,33.80477,367,0.36,0.57,2026-08-17,09:41:00,N20,high,2.0NRT,304.95,11.04,D,VIIRS
48.16002,36.54677,344.52,0.52,0.5,2026-08-17,09:41:00,N20,nominal,2.0NRT,301.99,6.45,D,VIIRS
48.05379,36.13197,354.98,0.54,0.51,2026-08-17,09:41:00,N20,nominal,2.0NRT,308.83,23.1,D,VIIRS
47.42023,33.80037,350.16,0.36,0.57,2026-08-17,09:41:00,N20,nominal,2.0NRT,309.9,11.04,D,VIIRS
48.47383,37.7994,346.91,0.45,0.47,2026-08-17,09:41:00,N20,nominal,2.0NRT,304.8,6.64,D,VIIRS
48.46272,37.73397,348.34,0.45,0.47,2026-08-17,09:41:00,N20,nominal,2.0NRT,306.22,7.86,D,VIIRS
48.45989,37.72219,340.85,0.45,0.47,2026-08-17,09:41:00,N20,nominal,2.0NRT,304.01,6.43,D,VIIRS
48.46678,37.73171,344.73,0.45,0.47,2026-08-17,09:41:00,N20,nominal,2.0NRT,304.48,7.86,D,VIIRS
48.3636,37.30587,336.23,0.47,0.48,2026-08-17,09:41:00,N20,nominal,2.0NRT,303.88,3.25,D,VIIRS
48.15609,36.54629,341.15,0.52,0.5,2026-08-17,09:41:00,N20,nominal,2.0NRT,302.87,7.07,D,VIIRS
48.05209,36.13055,352.26,0.54,0.51,2026-08-17,09:41:00,N20,nominal,2.0NRT,309.38,28.76,D,VIIRS
48.04848,36.11692,331.55,0.54,0.51,2026-08-17,09:41:00,N20,low,2.0NRT,305.92,10.39,D,VIIRS
48.46616,37.73532,341.76,0.45,0.47,2026-08-17,09:41:00,N20,nominal,2.0NRT,305.58,7.26,D,VIIRS
48.46477,37.72964,337.33,0.45,0.47,2026-08-17,09:41:00,N20,nominal,2.0NRT,305.58,7.26,D,VIIRS
48.46333,37.7238,342.1,0.45,0.47,2026-08-17,09:41:00,N20,nominal,2.0NRT,304.34,7.47,D,VIIRS
47.41715,33.80694,345,0.36,0.57,2026-08-17,09:41:00,N20,nominal,2.0NRT,304.29,6.91,D,VIIRS
47.41587,33.80257,353.94,0.36,0.57,2026-08-17,09:41:00,N20,nominal,2.0NRT,310.83,6.91,D,VIIRS
47.42201,33.80391,367,0.36,0.57,2026-08-17,09:41:00,N20,high,2.0NRT,304.42,8.01,D,VIIRS
48.36919,37.30646,345.54,0.47,0.48,2026-08-17,09:41:00,N20,nominal,2.0NRT,309.61,13.69,D,VIIRS
47.42074,33.79953,351.75,0.36,0.57,2026-08-17,09:41:00,N20,nominal,2.0NRT,306,8.01,D,VIIRS
48.4754,37.69773,330.09,0.45,0.47,2026-08-17,09:41:00,N20,nominal,2.0NRT,303.06,2.73,D,VIIRS
48.22123,36.66552,346.94,0.51,0.49,2026-08-17,09:41:00,N20,nominal,2.0NRT,304.83,8.48,D,VIIRS
48.21959,36.65913,335.54,0.51,0.49,2026-08-17,09:41:00,N20,nominal,2.0NRT,302.99,8.48,D,VIIRS
48.07114,36.08806,342.45,0.54,0.51,2026-08-17,09:41:00,N20,nominal,2.0NRT,308.76,12.03,D,VIIRS
48.46353,37.61164,334.33,0.46,0.47,2026-08-17,09:41:00,N20,nominal,2.0NRT,297.8,6.82,D,VIIRS
48.46212,37.6059,341.84,0.46,0.47,2026-08-17,09:41:00,N20,nominal,2.0NRT,306.84,11.23,D,VIIRS
48.07911,36.09917,339.15,0.54,0.51,2026-08-17,09:41:00,N20,nominal,2.0NRT,304.71,4.26,D,VIIRS
48.07552,36.08551,336.34,0.54,0.51,2026-08-17,09:41:00,N20,low,2.0NRT,308.5,9.61,D,VIIRS
48.08348,36.09663,341.61,0.54,0.51,2026-08-17,09:41:00,N20,nominal,2.0NRT,304.84,4.26,D,VIIRS
47.59134,34.27477,367,0.34,0.56,2026-08-17,09:41:00,N20,high,2.0NRT,304.19,14.53,D,VIIRS
48.47031,37.60148,341.7,0.46,0.47,2026-08-17,09:41:00,N20,nominal,2.0NRT,304.28,4.06,D,VIIRS
48.08786,36.09409,345.06,0.54,0.51,2026-08-17,09:41:00,N20,nominal,2.0NRT,304.53,7.31,D,VIIRS
47.59496,34.2678,367,0.34,0.56,2026-08-17,09:41:00,N20,high,2.0NRT,306.23,15.71,D,VIIRS
48.47441,37.5993,332.09,0.46,0.47,2026-08-17,09:41:00,N20,nominal,2.0NRT,299.22,4.06,D,VIIRS
47.59375,34.26356,344.21,0.34,0.56,2026-08-17,09:41:00,N20,nominal,2.0NRT,304.6,15.71,D,VIIRS
47.36721,33.43739,367,0.37,0.58,2026-08-17,09:41:00,N20,high,2.0NRT,306.6,9.23,D,VIIRS
48.5402,37.8317,342.31,0.44,0.46,2026-08-17,09:41:00,N20,nominal,2.0NRT,306.88,5.57,D,VIIRS
48.359610000000004,37.09752,336.17,0.48,0.48,2026-08-17,09:41:00,N20,nominal,2.0NRT,304.76,2.24,D,VIIRS
48.56207,37.88447,339.45,0.44,0.46,2026-08-17,09:41:00,N20,nominal,2.0NRT,300.64,3.44,D,VIIRS
48.46116,37.41225,330.91,0.47,0.47,2026-08-17,09:41:00,N20,low,2.0NRT,304.97,2.49,D,VIIRS
48.51813,37.60765,332.91,0.45,0.47,2026-08-17,09:41:00,N20,nominal,2.0NRT,302.48,4.33,D,VIIRS
48.46433,37.34879,331.46,0.47,0.48,2026-08-17,09:41:00,N20,low,2.0NRT,305.99,4.63,D,VIIRS
48.42146,37.17445,336.04,0.48,0.48,2026-08-17,09:41:00,N20,nominal,2.0NRT,302.81,2.84,D,VIIRS
48.53179,37.60681,330.47,0.45,0.47,2026-08-17,09:41:00,N20,low,2.0NRT,304.95,3.33,D,VIIRS
48.54002,37.62173,333.28,0.45,0.47,2026-08-17,09:41:00,N20,low,2.0NRT,303.29,2.49,D,VIIRS
48.46487,37.27429,351.9,0.47,0.48,2026-08-17,09:41:00,N20,nominal,2.0NRT,306.74,15.15,D,VIIRS
48.1676,36.07174,347.28,0.54,0.51,2026-08-17,09:41:00,N20,nominal,2.0NRT,306.65,11.85,D,VIIRS
48.46579,37.27337,351.98,0.47,0.48,2026-08-17,09:41:00,N20,nominal,2.0NRT,306.06,11.89,D,VIIRS
48.16692,36.07288,331.14,0.54,0.51,2026-08-17,09:41:00,N20,low,2.0NRT,306.12,7.26,D,VIIRS
48.16508,36.06591,335.47,0.54,0.51,2026-08-17,09:41:00,N20,nominal,2.0NRT,304.84,5.4,D,VIIRS
47.27527,32.83604,332.37,0.4,0.6,2026-08-17,09:41:00,N20,low,2.0NRT,305.58,2.51,D,VIIRS
48.73569,38.24769,330.96,0.42,0.45,2026-08-17,09:41:00,N20,low,2.0NRT,302.87,2.12,D,VIIRS
48.44613,37.06266,332.05,0.48,0.48,2026-08-17,09:41:00,N20,nominal,2.0NRT,301.21,2.8,D,VIIRS
48.03401,35.47809,339.38,0.58,0.52,2026-08-17,09:41:00,N20,nominal,2.0NRT,307,6.99,D,VIIRS
48.03653,35.46812,367,0.58,0.52,2026-08-17,09:41:00,N20,high,2.0NRT,330.12,131.53,D,VIIRS
48.74099,38.251220000000004,340.1,0.42,0.45,2026-08-17,09:41:00,N20,nominal,2.0NRT,300.28,8.54,D,VIIRS
48.03849,35.47541,349.78,0.58,0.52,2026-08-17,09:41:00,N20,nominal,2.0NRT,314.57,131.53,D,VIIRS
48.15965,35.91111,351.36,0.55,0.51,2026-08-17,09:41:00,N20,nominal,2.0NRT,308.7,26.12,D,VIIRS
48.12478,35.77921,339.71,0.56,0.51,2026-08-17,09:41:00,N20,nominal,2.0NRT,302.81,13.23,D,VIIRS
48.12293,35.77224,338.46,0.56,0.51,2026-08-17,09:41:00,N20,low,2.0NRT,310.49,19.14,D,VIIRS
48.68149,37.96436,349.03,0.44,0.46,2026-08-17,09:41:00,N20,nominal,2.0NRT,307.69,22.45,D,VIIRS
48.1292,35.77658,340.89,0.56,0.51,2026-08-17,09:41:00,N20,nominal,2.0NRT,303.17,6.41,D,VIIRS
48.49925,37.19942,339.72,0.47,0.48,2026-08-17,09:41:00,N20,nominal,2.0NRT,299.73,5.9,D,VIIRS
48.49778,37.1935,343.64,0.47,0.48,2026-08-17,09:41:00,N20,nominal,2.0NRT,304.59,5.9,D,VIIRS
48.42215,36.89125,331.35,0.49,0.49,2026-08-17,09:41:00,N20,nominal,2.0NRT,300.5,2.31,D,VIIRS
48.42635,36.88881,337.68,0.49,0.49,2026-08-17,09:41:00,N20,nominal,2.0NRT,301.44,5.96,D,VIIRS
48.60189,37.54058,352.17,0.46,0.47,2026-08-17,09:41:00,N20,nominal,2.0NRT,301.71,7.15,D,VIIRS
48.51065,37.13104,336.59,0.48,0.48,2026-08-17,09:41:00,N20,nominal,2.0NRT,302.75,1.85,D,VIIRS
48.42701,36.79581,346.06,0.49,0.49,2026-08-17,09:41:00,N20,nominal,2.0NRT,308,10.98,D,VIIRS
48.89821,38.73565,350.48,0.4,0.44,2026-08-17,09:41:00,N20,nominal,2.0NRT,311.58,7.9,D,VIIRS
48.89701,38.73043,341.76,0.4,0.44,2026-08-17,09:41:00,N20,nominal,2.0NRT,310.75,7.01,D,VIIRS
48.57822,37.3865,331.62,0.46,0.47,2026-08-17,09:41:00,N20,nominal,2.0NRT,304.62,3,D,VIIRS
48.90328,38.73878,343.05,0.4,0.44,2026-08-17,09:41:00,N20,nominal,2.0NRT,310.54,7.9,D,VIIRS
48.90208,38.73356,355.89,0.4,0.44,2026-08-17,09:41:00,N20,nominal,2.0NRT,309,7.9,D,VIIRS
48.90088,38.72835,341.49,0.4,0.44,2026-08-17,09:41:00,N20,nominal,2.0NRT,309.07,7.01,D,VIIRS
48.57368,37.34885,345.32,0.46,0.47,2026-08-17,09:41:00,N20,nominal,2.0NRT,302.42,9.52,D,VIIRS
48.90714,38.73669,339.98,0.4,0.44,2026-08-17,09:41:00,N20,nominal,2.0NRT,306.6,4.17,D,VIIRS
48.80004,38.25583,348.54,0.42,0.45,2026-08-17,09:41:00,N20,nominal,2.0NRT,310.33,36.85,D,VIIRS
48.80655,38.26461,338.46,0.42,0.45,2026-08-17,09:41:00,N20,nominal,2.0NRT,304.05,3.14,D,VIIRS
48.80268,38.24812,342.99,0.42,0.45,2026-08-17,09:41:00,N20,nominal,2.0NRT,294.84,7.9,D,VIIRS
48.946,38.84996,348.15,0.4,0.44,2026-08-17,09:41:00,N20,nominal,2.0NRT,307.34,8.05,D,VIIRS
48.94484,38.84482,341.58,0.4,0.44,2026-08-17,09:41:00,N20,nominal,2.0NRT,307.99,6.88,D,VIIRS
48.81052,38.26258,334.94,0.42,0.45,2026-08-17,09:41:00,N20,nominal,2.0NRT,301.92,3.14,D,VIIRS
48.95102,38.85304,334.11,0.4,0.44,2026-08-17,09:41:00,N20,nominal,2.0NRT,305.33,8.13,D,VIIRS
48.94986,38.84793,343.34,0.4,0.44,2026-08-17,09:41:00,N20,nominal,2.0NRT,308.44,8.13,D,VIIRS
48.81576,38.266,351.89,0.42,0.45,2026-08-17,09:41:00,N20,nominal,2.0NRT,300.45,5.34,D,VIIRS
48.81448,38.26049,342.3,0.42,0.45,2026-08-17,09:41:00,N20,nominal,2.0NRT,302.56,4.11,D,VIIRS
48.7228,37.87146,337.56,0.44,0.46,2026-08-17,09:41:00,N20,nominal,2.0NRT,301.08,3.44,D,VIIRS
48.60007,37.36126,336.85,0.46,0.47,2026-08-17,09:41:00,N20,nominal,2.0NRT,300.15,4.1,D,VIIRS
48.77301,38.06458,346.56,0.43,0.46,2026-08-17,09:41:00,N20,nominal,2.0NRT,305.02,3.88,D,VIIRS
48.95131,38.85048,332.69,0.4,0.44,2026-08-17,09:41:00,N20,nominal,2.0NRT,304.49,2.59,D,VIIRS
48.81721,38.26306,354.97,0.42,0.45,2026-08-17,09:41:00,N20,nominal,2.0NRT,299.24,9.75,D,VIIRS
48.72238,37.86981,335.95,0.44,0.46,2026-08-17,09:41:00,N20,nominal,2.0NRT,300.41,3.01,D,VIIRS
48.77353,38.0623,350.58,0.43,0.46,2026-08-17,09:41:00,N20,nominal,2.0NRT,308.86,6.4,D,VIIRS
48.77884,38.06566,337.53,0.43,0.46,2026-08-17,09:41:00,N20,nominal,2.0NRT,307.34,5.64,D,VIIRS
48.77617,38.05458,334.43,0.43,0.46,2026-08-17,09:41:00,N20,low,2.0NRT,306.13,6.4,D,VIIRS
48.66199,37.5856,341.97,0.45,0.47,2026-08-17,09:41:00,N20,nominal,2.0NRT,307.13,8.43,D,VIIRS
48.66059,37.5799,341.01,0.45,0.47,2026-08-17,09:41:00,N20,nominal,2.0NRT,312.5,8.43,D,VIIRS
48.95426,38.73264,340.67,0.4,0.44,2026-08-17,09:41:00,N20,nominal,2.0NRT,302.05,13.52,D,VIIRS
48.95304,38.72738,338.6,0.4,0.44,2026-08-17,09:41:00,N20,nominal,2.0NRT,304.54,31.73,D,VIIRS
48.69387,37.64036,340.19,0.45,0.47,2026-08-17,09:41:00,N20,nominal,2.0NRT,302.47,8.49,D,VIIRS
48.69241,37.63442,338.69,0.45,0.47,2026-08-17,09:41:00,N20,nominal,2.0NRT,309.57,11.03,D,VIIRS
48.56656,37.1258,342.52,0.47,0.48,2026-08-17,09:41:00,N20,nominal,2.0NRT,300.68,6.62,D,VIIRS
48.14989,35.50108,333.29,0.57,0.52,2026-08-17,09:41:00,N20,nominal,2.0NRT,302,18.63,D,VIIRS
48.15627,35.50554,334.36,0.57,0.52,2026-08-17,09:41:00,N20,low,2.0NRT,309.06,71.79,D,VIIRS
48.764,37.87268,337.84,0.44,0.46,2026-08-17,09:41:00,N20,nominal,2.0NRT,304.86,4.47,D,VIIRS
48.84114,38.13848,341.65,0.42,0.46,2026-08-17,09:41:00,N20,nominal,2.0NRT,304.24,3.11,D,VIIRS
48.84641,38.14183,342.17,0.42,0.46,2026-08-17,09:41:00,N20,nominal,2.0NRT,301.8,7.32,D,VIIRS
48.84509,38.13626,340.81,0.42,0.46,2026-08-17,09:41:00,N20,nominal,2.0NRT,302.15,7.18,D,VIIRS
48.84243,38.12508,349.67,0.42,0.46,2026-08-17,09:41:00,N20,nominal,2.0NRT,301.67,9.21,D,VIIRS
46.66283,30.37715,337.98,0.53,0.67,2026-08-17,09:41:00,N20,nominal,2.0NRT,304.14,8.08,D,VIIRS
47.91536,34.46808,337.93,0.32,0.55,2026-08-17,09:41:00,N20,nominal,2.0NRT,302.47,1.69,D,VIIRS
47.91423,34.46404,333.22,0.32,0.55,2026-08-17,09:41:00,N20,low,2.0NRT,307.11,1.69,D,VIIRS
48.28341,35.63575,333.69,0.56,0.51,2026-08-17,09:41:00,N20,low,2.0NRT,308.04,6.17,D,VIIRS
48.85529,37.89148,340.35,0.43,0.46,2026-08-17,09:41:00,N20,nominal,2.0NRT,302.46,8.41,D,VIIRS
48.85396,37.88599,335.48,0.43,0.46,2026-08-17,09:41:00,N20,nominal,2.0NRT,301.82,7.05,D,VIIRS
48.84243,37.74453,341.43,0.44,0.46,2026-08-17,09:41:00,N20,nominal,2.0NRT,303.49,5.3,D,VIIRS
48.84106,37.73888,333.76,0.44,0.46,2026-08-17,09:41:00,N20,low,2.0NRT,306.53,7.53,D,VIIRS
46.25135,28.94209,337.88,0.63,0.72,2026-08-17,09:41:00,N20,nominal,2.0NRT,301.45,6.42,D,VIIRS
46.25734,28.93793,367,0.63,0.72,2026-08-17,09:41:00,N20,high,2.0NRT,302.14,31.05,D,VIIRS
48.46751,36.23038,342.84,0.52,0.5,2026-08-17,09:41:00,N20,nominal,2.0NRT,303.78,19.7,D,VIIRS
48.90973,37.96762,333.15,0.43,0.46,2026-08-17,09:41:00,N20,nominal,2.0NRT,304.15,7.13,D,VIIRS
48.90841,37.96207,342.44,0.43,0.46,2026-08-17,09:41:00,N20,nominal,2.0NRT,306.39,7.13,D,VIIRS
48.92959,38.01312,341.81,0.43,0.46,2026-08-17,09:41:00,N20,nominal,2.0NRT,305.04,6.51,D,VIIRS
48.58802,36.58571,344.67,0.5,0.49,2026-08-17,09:41:00,N20,nominal,2.0NRT,310.6,12.7,D,VIIRS
46.35517,29.0706,367,0.62,0.71,2026-08-17,09:41:00,N20,high,2.0NRT,303.96,15.64,D,VIIRS
48.8552,37.64621,350.77,0.44,0.46,2026-08-17,09:41:00,N20,nominal,2.0NRT,307.91,35.67,D,VIIRS
48.9137,37.87088,345.26,0.43,0.46,2026-08-17,09:41:00,N20,nominal,2.0NRT,305.5,5.6,D,VIIRS
48.60391,36.59102,341.18,0.5,0.49,2026-08-17,09:41:00,N20,nominal,2.0NRT,305.63,6.5,D,VIIRS
48.88919,37.71157,336.86,0.44,0.46,2026-08-17,09:41:00,N20,nominal,2.0NRT,304.94,4.09,D,VIIRS
49.01429,38.22067,331.03,0.42,0.45,2026-08-17,09:41:00,N20,nominal,2.0NRT,300.45,3.53,D,VIIRS
46.76296,30.17669,337,0.54,0.68,2026-08-17,09:41:00,N20,nominal,2.0NRT,301.43,7.67,D,VIIRS
48.89728,37.70725,332.3,0.44,0.46,2026-08-17,09:41:00,N20,low,2.0NRT,305.36,3.13,D,VIIRS
48.90401,37.71636,330.52,0.44,0.46,2026-08-17,09:41:00,N20,low,2.0NRT,304.92,20.56,D,VIIRS
48.90266,37.71074,341.65,0.44,0.46,2026-08-17,09:41:00,N20,nominal,2.0NRT,309.88,20.56,D,VIIRS
48.90131,37.70509,340.14,0.44,0.46,2026-08-17,09:41:00,N20,nominal,2.0NRT,309.37,6.12,D,VIIRS
48.96289,37.94513,337.98,0.43,0.46,2026-08-17,09:41:00,N20,nominal,2.0NRT,306.66,4.16,D,VIIRS
48.90805,37.7142,340.43,0.44,0.46,2026-08-17,09:41:00,N20,nominal,2.0NRT,301.6,20.56,D,VIIRS
48.9404,37.83108,332.85,0.43,0.46,2026-08-17,09:41:00,N20,low,2.0NRT,304.98,1.94,D,VIIRS
48.9444,37.82887,334.09,0.43,0.46,2026-08-17,09:41:00,N20,nominal,2.0NRT,305.81,1.94,D,VIIRS
48.90746,37.71269,341.6,0.44,0.46,2026-08-17,09:41:00,N20,nominal,2.0NRT,306.56,20.09,D,VIIRS
48.94039,37.82918,341.89,0.43,0.46,2026-08-17,09:41:00,N20,nominal,2.0NRT,305.69,3.73,D,VIIRS
48.94293,37.80225,333.12,0.44,0.46,2026-08-17,09:41:00,N20,low,2.0NRT,307.09,2.64,D,VIIRS
46.76242,30.17624,335.39,0.54,0.68,2026-08-17,09:41:00,N20,nominal,2.0NRT,300.87,2.67,D,VIIRS
48.8525,37.3764,333.11,0.46,0.47,2026-08-17,09:41:00,N20,nominal,2.0NRT,301.63,2.58,D,VIIRS
48.84965,37.36487,341.88,0.46,0.47,2026-08-17,09:41:00,N20,nominal,2.0NRT,305.14,9.65,D,VIIRS
48.37278,35.49343,354.31,0.56,0.52,2026-08-17,09:41:00,N20,nominal,2.0NRT,304.42,13.56,D,VIIRS
49.09636,38.35074,339.3,0.41,0.45,2026-08-17,09:41:00,N20,nominal,2.0NRT,299.1,7.78,D,VIIRS
49.09509,38.34535,336.49,0.41,0.45,2026-08-17,09:41:00,N20,nominal,2.0NRT,306.88,7.78,D,VIIRS
49.0337,38.02984,333.25,0.42,0.45,2026-08-17,09:41:00,N20,low,2.0NRT,304.71,1.87,D,VIIRS
49.03238,38.0243,332.24,0.42,0.46,2026-08-17,09:41:00,N20,low,2.0NRT,305.12,1.87,D,VIIRS
48.99922,37.88554,343.07,0.43,0.46,2026-08-17,09:41:00,N20,nominal,2.0NRT,303.46,4.89,D,VIIRS
49.03898,38.0332,352.85,0.42,0.45,2026-08-17,09:41:00,N20,nominal,2.0NRT,309.89,17.5,D,VIIRS
48.80167,37.03901,331.45,0.47,0.48,2026-08-17,09:41:00,N20,low,2.0NRT,303.15,2.01,D,VIIRS
49.0285,37.87597,355.39,0.43,0.46,2026-08-17,09:41:00,N20,nominal,2.0NRT,304.83,12.56,D,VIIRS
48.98935,37.71227,337.22,0.44,0.46,2026-08-17,09:41:00,N20,nominal,2.0NRT,303.87,5.73,D,VIIRS
49.03909,37.78765,333.55,0.43,0.46,2026-08-17,09:41:00,N20,nominal,2.0NRT,303.12,3.08,D,VIIRS
49.04146,37.71937,330.95,0.44,0.46,2026-08-17,09:41:00,N20,nominal,2.0NRT,302.18,2,D,VIIRS
48.87404,36.94631,340.55,0.47,0.48,2026-08-17,09:41:00,N20,nominal,2.0NRT,302.08,11.52,D,VIIRS
49.13762,37.98802,340.64,0.42,0.45,2026-08-17,09:41:00,N20,nominal,2.0NRT,303.54,7.44,D,VIIRS
49.12194,37.90347,336.02,0.43,0.46,2026-08-17,09:41:00,N20,nominal,2.0NRT,303.7,4.6,D,VIIRS
48.73941,36.24304,331.82,0.51,0.49,2026-08-17,09:41:00,N20,nominal,2.0NRT,300.39,3.03,D,VIIRS
49.18235,37.9882,333.92,0.42,0.45,2026-08-17,09:41:00,N20,nominal,2.0NRT,302.11,3.58,D,VIIRS
49.22121,38.11575,337.34,0.42,0.45,2026-08-17,09:41:00,N20,nominal,2.0NRT,301.57,3.84,D,VIIRS
48.79563,36.32939,333.01,0.51,0.49,2026-08-17,09:41:00,N20,low,2.0NRT,304.45,4.1,D,VIIRS
48.79305,36.33004,330.67,0.51,0.49,2026-08-17,09:41:00,N20,nominal,2.0NRT,303.51,1.93,D,VIIRS
48.79896,36.33398,345.09,0.5,0.49,2026-08-17,09:41:00,N20,nominal,2.0NRT,302.03,4.76,D,VIIRS
49.14825,37.67141,330.14,0.44,0.46,2026-08-17,09:41:00,N20,low,2.0NRT,303.2,3.18,D,VIIRS
49.14688,37.66576,338.4,0.44,0.46,2026-08-17,09:41:00,N20,nominal,2.0NRT,305.17,3.18,D,VIIRS
49.21138,37.89583,341.47,0.42,0.46,2026-08-17,09:41:00,N20,nominal,2.0NRT,303.05,5.16,D,VIIRS
49.13289,37.57074,332.3,0.44,0.46,2026-08-17,09:41:00,N20,nominal,2.0NRT,304.47,5.08,D,VIIRS
49.1315,37.56501,340.59,0.44,0.46,2026-08-17,09:41:00,N20,nominal,2.0NRT,305.18,3.69,D,VIIRS
49.21671,37.89933,347.97,0.42,0.46,2026-08-17,09:41:00,N20,nominal,2.0NRT,306.6,3.71,D,VIIRS
49.17651,37.73202,346.77,0.43,0.46,2026-08-17,09:41:00,N20,nominal,2.0NRT,300.8,7.6,D,VIIRS
49.17517,37.72646,353.96,0.43,0.46,2026-08-17,09:41:00,N20,nominal,2.0NRT,306.6,7.6,D,VIIRS
49.17382,37.72089,347.4,0.43,0.46,2026-08-17,09:41:00,N20,nominal,2.0NRT,305.5,11.21,D,VIIRS
49.25852,38.05605,367,0.42,0.45,2026-08-17,09:41:00,N20,high,2.0NRT,303.82,7.4,D,VIIRS
49.22068,37.89723,336.8,0.42,0.46,2026-08-17,09:41:00,N20,nominal,2.0NRT,302.21,3.71,D,VIIRS
49.18186,37.73547,349.25,0.43,0.46,2026-08-17,09:41:00,N20,nominal,2.0NRT,306.45,7.83,D,VIIRS
49.18052,37.72993,332.88,0.43,0.46,2026-08-17,09:41:00,N20,low,2.0NRT,306.01,7.6,D,VIIRS
49.26245,38.05386,355.13,0.42,0.45,2026-08-17,09:41:00,N20,nominal,2.0NRT,304.63,9.66,D,VIIRS
49.18724,37.73901,340.23,0.43,0.46,2026-08-17,09:41:00,N20,nominal,2.0NRT,301.7,7.78,D,VIIRS
49.1859,37.73348,343.41,0.43,0.46,2026-08-17,09:41:00,N20,nominal,2.0NRT,304.62,7.78,D,VIIRS
49.24303,37.91578,333.16,0.42,0.45,2026-08-17,09:41:00,N20,nominal,2.0NRT,301.04,3.5,D,VIIRS
48.92351,36.61283,353.4,0.49,0.48,2026-08-17,09:41:00,N20,nominal,2.0NRT,306.29,15.61,D,VIIRS
49.32463,38.12968,339.27,0.41,0.45,2026-08-17,09:41:00,N20,nominal,2.0NRT,301.67,13.61,D,VIIRS
49.32734,38.12234,335.35,0.41,0.45,2026-08-17,09:41:00,N20,nominal,2.0NRT,304.91,10.94,D,VIIRS
49.25114,37.79892,332.67,0.43,0.46,2026-08-17,09:41:00,N20,nominal,2.0NRT,300.64,1.21,D,VIIRS
49.16927,37.39969,341.25,0.45,0.47,2026-08-17,09:41:00,N20,nominal,2.0NRT,303.38,13.69,D,VIIRS
49.53992,38.93805,335.13,0.57,0.43,2026-08-17,09:41:00,N20,low,2.0NRT,305.45,4.68,D,VIIRS
49.5429,38.93729,336.27,0.57,0.43,2026-08-17,09:41:00,N20,nominal,2.0NRT,304.84,5.42,D,VIIRS
49.37128,38.14462,352.17,0.41,0.45,2026-08-17,09:41:00,N20,nominal,2.0NRT,302.05,16.25,D,VIIRS
48.38091,34.22221,336,0.32,0.55,2026-08-17,09:41:00,N20,nominal,2.0NRT,300.91,2.45,D,VIIRS
48.37977,34.21815,334.43,0.32,0.55,2026-08-17,09:41:00,N20,low,2.0NRT,304.85,2.45,D,VIIRS
48.38558,34.21937,336.63,0.32,0.55,2026-08-17,09:41:00,N20,nominal,2.0NRT,304.24,4.8,D,VIIRS
49.25452,37.52634,332.97,0.44,0.46,2026-08-17,09:41:00,N20,nominal,2.0NRT,300.51,3.78,D,VIIRS
47.15123,30.15653,355.83,0.52,0.67,2026-08-17,09:41:00,N20,nominal,2.0NRT,305.52,9.73,D,VIIRS
47.15682,30.15269,356.15,0.52,0.67,2026-08-17,09:41:00,N20,nominal,2.0NRT,303.43,15.12,D,VIIRS
49.36826,37.94465,338.3,0.42,0.45,2026-08-17,09:41:00,N20,nominal,2.0NRT,305.28,4.69,D,VIIRS
49.37217,37.94239,342.26,0.42,0.45,2026-08-17,09:41:00,N20,nominal,2.0NRT,304.4,4.69,D,VIIRS
49.43849,38.16797,334.32,0.41,0.45,2026-08-17,09:41:00,N20,nominal,2.0NRT,306.07,11.53,D,VIIRS
49.43723,38.1626,341.89,0.41,0.45,2026-08-17,09:41:00,N20,nominal,2.0NRT,305.75,11.41,D,VIIRS
49.44239,38.16584,367,0.41,0.45,2026-08-17,09:41:00,N20,high,2.0NRT,305.87,11.53,D,VIIRS
49.37115,37.82486,342.72,0.42,0.45,2026-08-17,09:41:00,N20,nominal,2.0NRT,304.84,3.91,D,VIIRS
49.49675,38.17607,333.82,0.41,0.45,2026-08-17,09:41:00,N20,nominal,2.0NRT,301.67,3.71,D,VIIRS
47.98338,29.95088,337.28,0.5,0.66,2026-08-17,09:43:00,N20,nominal,2.0NRT,301.58,3.75,D,VIIRS
48.71213,32.39593,345.25,0.37,0.58,2026-08-17,09:43:00,N20,nominal,2.0NRT,302.13,4.41,D,VIIRS
49.90217,37.09295,339.37,0.44,0.46,2026-08-17,09:43:00,N20,nominal,2.0NRT,301.13,6.08,D,VIIRS
49.90359,37.09873,339.11,0.44,0.46,2026-08-17,09:43:00,N20,nominal,2.0NRT,298.7,6.08,D,VIIRS
50.99937,28.70139,333.68,0.44,0.62,2026-08-17,09:43:00,N20,nominal,2.0NRT,293.76,2.37,D,VIIRS
51.35297,30.27669,325.75,0.37,0.58,2026-08-17,09:43:00,N20,nominal,2.0NRT,294.05,2.33,D,VIIRS
51.05902,30.86574,367,0.36,0.57,2026-08-17,09:43:00,N20,high,2.0NRT,298.3,7.51,D,VIIRS
51.17053,31.53905,335.97,0.34,0.56,2026-08-17,09:43:00,N20,nominal,2.0NRT,298.39,6.01,D,VIIRS
51.16587,31.54255,335.91,0.34,0.56,2026-08-17,09:43:00,N20,nominal,2.0NRT,294.79,2.51,D,VIIRS
51.16716,31.54695,338.71,0.34,0.56,2026-08-17,09:43:00,N20,nominal,2.0NRT,293.61,2.51,D,VIIRS
49.79455,37.59682,330.36,0.42,0.45,2026-08-17,09:43:00,N20,nominal,2.0NRT,302.75,3.84,D,VIIRS
49.89758,38.03801,353.67,0.4,0.44,2026-08-17,09:43:00,N20,nominal,2.0NRT,306.93,6.05,D,VIIRS
49.89882,38.04337,335.44,0.4,0.44,2026-08-17,09:43:00,N20,nominal,2.0NRT,305.02,6.05,D,VIIRS
49.89127,38.02967,337.68,0.4,0.44,2026-08-17,09:43:00,N20,nominal,2.0NRT,304.9,4.8,D,VIIRS
49.77087,37.66672,335.67,0.42,0.45,2026-08-17,09:43:00,N20,low,2.0NRT,305.84,3.38,D,VIIRS
49.78254,37.84721,330.67,0.41,0.45,2026-08-17,09:43:00,N20,nominal,2.0NRT,301.89,1.37,D,VIIRS
49.11641,35.27797,334.32,0.55,0.51,2026-08-17,09:43:00,N20,nominal,2.0NRT,301.16,2.07,D,VIIRS
49.90264,37.09432,346.64,0.44,0.46,2026-08-17,09:43:00,N20,nominal,2.0NRT,303.74,10.11,D,VIIRS
49.67469,37.56462,333.96,0.43,0.46,2026-08-17,09:43:00,N20,nominal,2.0NRT,297.76,2.7,D,VIIRS
49.99461,37.61242,330.35,0.42,0.45,2026-08-17,09:43:00,N20,nominal,2.0NRT,301.85,4.55,D,VIIRS
49.99588,37.61784,340.92,0.42,0.45,2026-08-17,09:43:00,N20,nominal,2.0NRT,301.37,4.55,D,VIIRS
50.00984,37.73336,344.63,0.41,0.45,2026-08-17,09:43:00,N20,nominal,2.0NRT,304.22,6.27,D,VIIRS
49.92153,37.74812,338.78,0.41,0.45,2026-08-17,09:43:00,N20,nominal,2.0NRT,301.37,2.81,D,VIIRS
49.95436,37.88832,343.98,0.41,0.45,2026-08-17,09:43:00,N20,nominal,2.0NRT,300.66,4.06,D,VIIRS
49.89683,37.6809,344.79,0.42,0.45,2026-08-17,09:43:00,N20,nominal,2.0NRT,304.4,7.59,D,VIIRS
49.9223,37.84542,349.9,0.41,0.45,2026-08-17,09:43:00,N20,nominal,2.0NRT,300.31,5.54,D,VIIRS
49.91714,37.84225,349.74,0.41,0.45,2026-08-17,09:43:00,N20,nominal,2.0NRT,305.97,5.69,D,VIIRS
49.92224,37.86394,339.6,0.41,0.45,2026-08-17,09:43:00,N20,nominal,2.0NRT,303.33,6.51,D,VIIRS
49.91325,37.84449,345.71,0.41,0.45,2026-08-17,09:43:00,N20,nominal,2.0NRT,306.5,5.69,D,VIIRS
49.91836,37.86618,346.15,0.41,0.45,2026-08-17,09:43:00,N20,nominal,2.0NRT,304.01,6.51,D,VIIRS
49.70178,37.03981,334.46,0.45,0.47,2026-08-17,09:43:00,N20,low,2.0NRT,305.48,3.75,D,VIIRS
49.85495,37.67319,336.18,0.42,0.45,2026-08-17,09:43:00,N20,nominal,2.0NRT,302.17,3.43,D,VIIRS
47.67368,29.99473,331.46,0.51,0.66,2026-08-17,09:43:00,N20,nominal,2.0NRT,304.93,2.23,D,VIIRS
49.84453,37.72284,341.93,0.42,0.45,2026-08-17,09:43:00,N20,nominal,2.0NRT,305.55,11.98,D,VIIRS
49.87695,37.85898,340.12,0.41,0.45,2026-08-17,09:43:00,N20,nominal,2.0NRT,303.54,7.26,D,VIIRS
48.53058,29.15535,347.63,0.51,0.66,2026-08-17,09:43:00,N20,nominal,2.0NRT,300.19,16.15,D,VIIRS
51.18624,34.86377,332.75,0.5,0.49,2026-08-17,09:43:00,N20,nominal,2.0NRT,298.99,3.24,D,VIIRS
51.22491,34.30707,339.13,0.52,0.5,2026-08-17,09:43:00,N20,nominal,2.0NRT,306.09,47.2,D,VIIRS
51.22309,34.30017,341.4,0.52,0.5,2026-08-17,09:43:00,N20,nominal,2.0NRT,304.04,47.2,D,VIIRS
51.22915,34.30417,353.41,0.52,0.5,2026-08-17,09:43:00,N20,nominal,2.0NRT,298.49,21.96,D,VIIRS
51.22733,34.29726,341.16,0.52,0.5,2026-08-17,09:43:00,N20,nominal,2.0NRT,299.1,21.96,D,VIIRS
51.28458,34.20889,349.31,0.52,0.5,2026-08-17,09:43:00,N20,nominal,2.0NRT,297.27,7.7,D,VIIRS
51.28273,34.20194,339.68,0.52,0.5,2026-08-17,09:43:00,N20,nominal,2.0NRT,299.01,7.7,D,VIIRS
48.53278,29.16184,367,0.51,0.66,2026-08-17,09:43:00,N20,high,2.0NRT,299.01,16.15,D,VIIRS
48.52959,29.157,347.04,0.51,0.66,2026-08-17,09:43:00,N20,nominal,2.0NRT,299.47,16.51,D,VIIRS
48.53176,29.16352,367,0.51,0.66,2026-08-17,09:43:00,N20,high,2.0NRT,298.8,21.64,D,VIIRS
50.35366,36.08969,333.26,0.47,0.48,2026-08-17,09:43:00,N20,nominal,2.0NRT,301.16,6.46,D,VIIRS
50.24619,36.31343,337.3,0.46,0.47,2026-08-17,09:43:00,N20,nominal,2.0NRT,301.91,7.56,D,VIIRS
50.24769,36.31944,351.61,0.46,0.47,2026-08-17,09:43:00,N20,nominal,2.0NRT,302.96,7.56,D,VIIRS
48.032,28.94517,338.24,0.55,0.68,2026-08-17,09:43:00,N20,nominal,2.0NRT,301.08,6.36,D,VIIRS
48.03422,28.95167,331.93,0.55,0.68,2026-08-17,09:43:00,N20,nominal,2.0NRT,300.74,5.35,D,VIIRS
50.42533,37.43189,332.62,0.41,0.45,2026-08-17,09:43:00,N20,nominal,2.0NRT,303.36,3.32,D,VIIRS
50.28968,36.91957,338.78,0.44,0.46,2026-08-17,09:43:00,N20,nominal,2.0NRT,303.7,2.26,D,VIIRS
48.08332,29.28213,351.73,0.53,0.67,2026-08-17,09:43:00,N20,nominal,2.0NRT,299.58,14.55,D,VIIRS
48.08123,29.27588,367,0.53,0.67,2026-08-17,09:43:00,N20,high,2.0NRT,305.5,18.1,D,VIIRS
48.07567,29.28,354.38,0.53,0.67,2026-08-17,09:43:00,N20,nominal,2.0NRT,303.08,18.1,D,VIIRS
48.07784,29.28647,336.55,0.53,0.67,2026-08-17,09:43:00,N20,nominal,2.0NRT,302.48,14.55,D,VIIRS
50.26,36.89121,332.62,0.44,0.46,2026-08-17,09:43:00,N20,low,2.0NRT,303.92,3.28,D,VIIRS
50.25788,36.93876,341.63,0.44,0.46,2026-08-17,09:43:00,N20,nominal,2.0NRT,303,5.73,D,VIIRS
48.75809,31.60532,339.37,0.4,0.6,2026-08-17,09:43:00,N20,nominal,2.0NRT,300.72,2.71,D,VIIRS
50.3109,30.23309,332.45,0.4,0.6,2026-08-17,09:43:00,N20,nominal,2.0NRT,292.43,3.88,D,VIIRS
49.79325,37.59134,339.91,0.42,0.45,2026-08-17,09:43:00,N20,nominal,2.0NRT,305.39,3.84,D,VIIRS
49.89821,38.04158,349.33,0.4,0.44,2026-08-17,09:43:00,N20,nominal,2.0NRT,306.07,6.68,D,VIIRS
49.89696,38.03628,349.55,0.4,0.44,2026-08-17,09:43:00,N20,nominal,2.0NRT,305.75,7.1,D,VIIRS
49.79189,37.5966,340.79,0.42,0.45,2026-08-17,09:43:00,N20,nominal,2.0NRT,304.4,4.66,D,VIIRS
50.21414,36.87194,332.75,0.44,0.46,2026-08-17,09:43:00,N20,low,2.0NRT,302.77,2.58,D,VIIRS
48.7574,31.60685,338.71,0.4,0.6,2026-08-17,09:43:00,N20,nominal,2.0NRT,301.01,2.8,D,VIIRS
50.04676,36.41394,346.57,0.46,0.47,2026-08-17,09:43:00,N20,nominal,2.0NRT,299.4,7.11,D,VIIRS
48.38649,30.81691,338.11,0.44,0.63,2026-08-17,09:43:00,N20,nominal,2.0NRT,303.9,2.95,D,VIIRS
50.02303,36.65646,338.15,0.45,0.47,2026-08-17,09:43:00,N20,nominal,2.0NRT,302.38,5.02,D,VIIRS
50.0249,36.65667,330.9,0.45,0.47,2026-08-17,09:43:00,N20,low,2.0NRT,302.11,3.36,D,VIIRS
48.39053,30.81565,333.61,0.44,0.63,2026-08-17,09:43:00,N20,nominal,2.0NRT,301.62,2.84,D,VIIRS
50.17599,37.5102,338.58,0.42,0.45,2026-08-17,09:43:00,N20,nominal,2.0NRT,300.89,2.5,D,VIIRS
50.05195,37.06935,330.03,0.44,0.46,2026-08-17,09:43:00,N20,low,2.0NRT,302.9,3.99,D,VIIRS
50.05336,37.0751,349.69,0.44,0.46,2026-08-17,09:43:00,N20,nominal,2.0NRT,304.86,7.76,D,VIIRS
50.04656,37.06593,346.04,0.44,0.46,2026-08-17,09:43:00,N20,nominal,2.0NRT,305.75,5.45,D,VIIRS
50.04797,37.07169,332.56,0.44,0.46,2026-08-17,09:43:00,N20,low,2.0NRT,305.43,5.45,D,VIIRS
48.57861,31.7647,367,0.4,0.6,2026-08-17,09:43:00,N20,high,2.0NRT,305.06,9.51,D,VIIRS
46.12225,30.36208,350.72,0.41,0.45,2026-08-17,11:21:00,N20,nominal,2.0NRT,311.19,8.32,D,VIIRS
46.80164,34.89378,349.68,0.34,0.56,2026-08-17,11:21:00,N20,nominal,2.0NRT,310.44,4.52,D,VIIRS
46.87531,36.18289,336.12,0.4,0.6,2026-08-17,11:21:00,N20,nominal,2.0NRT,308.09,0.98,D,VIIRS
46.86097,35.79551,342.44,0.38,0.59,2026-08-17,11:21:00,N20,low,2.0NRT,312.61,3.77,D,VIIRS
46.74129,33.36484,342.3,0.58,0.52,2026-08-17,11:21:00,N20,nominal,2.0NRT,308.01,4.66,D,VIIRS
46.90554,36.25018,336.73,0.4,0.6,2026-08-17,11:21:00,N20,nominal,2.0NRT,305.62,4.04,D,VIIRS
46.53462,30.08984,337.85,0.41,0.45,2026-08-17,11:21:00,N20,low,2.0NRT,308.6,1.59,D,VIIRS
46.90439,36.24871,333.21,0.4,0.6,2026-08-17,11:21:00,N20,low,2.0NRT,305.24,3.16,D,VIIRS
46.56884,30.24687,341.7,0.41,0.45,2026-08-17,11:21:00,N20,nominal,2.0NRT,310.21,3.48,D,VIIRS
46.58126,30.29444,348.27,0.42,0.45,2026-08-17,11:21:00,N20,nominal,2.0NRT,311.1,4.31,D,VIIRS
46.94209,36.20851,367,0.4,0.6,2026-08-17,11:21:00,N20,high,2.0NRT,311.17,6.47,D,VIIRS
46.90345,35.05371,355.09,0.35,0.57,2026-08-17,11:21:00,N20,nominal,2.0NRT,321.98,21.07,D,VIIRS
46.74091,32.15085,333.6,0.51,0.49,2026-08-17,11:21:00,N20,low,2.0NRT,308.46,2.31,D,VIIRS
46.74045,32.14415,335.2,0.51,0.49,2026-08-17,11:21:00,N20,low,2.0NRT,309.52,2.31,D,VIIRS
46.90871,35.05325,367,0.35,0.57,2026-08-17,11:21:00,N20,high,2.0NRT,311.85,21.07,D,VIIRS
46.98937,35.97943,346.7,0.39,0.59,2026-08-17,11:21:00,N20,nominal,2.0NRT,312.77,5.99,D,VIIRS
46.98917,35.97424,356.18,0.39,0.59,2026-08-17,11:21:00,N20,nominal,2.0NRT,311.65,5.99,D,VIIRS
46.86647,33.20469,344.8,0.57,0.52,2026-08-17,11:21:00,N20,low,2.0NRT,314.95,8.22,D,VIIRS
46.86599,33.19698,343.68,0.57,0.52,2026-08-17,11:21:00,N20,low,2.0NRT,314.4,7.75,D,VIIRS
46.98938,35.97877,346.65,0.39,0.59,2026-08-17,11:21:00,N20,nominal,2.0NRT,312.5,6.46,D,VIIRS
46.98921,35.97356,355.12,0.39,0.59,2026-08-17,11:21:00,N20,nominal,2.0NRT,312.07,6.46,D,VIIRS
46.86559,33.20213,349.69,0.57,0.52,2026-08-17,11:21:00,N20,nominal,2.0NRT,316.45,12.61,D,VIIRS
46.95234,33.98113,343.11,0.62,0.54,2026-08-17,11:21:00,N20,nominal,2.0NRT,308.81,30.28,D,VIIRS
46.95646,33.96406,350.79,0.62,0.54,2026-08-17,11:21:00,N20,nominal,2.0NRT,307.12,25.7,D,VIIRS
46.95603,33.95579,335.28,0.62,0.54,2026-08-17,11:21:00,N20,nominal,2.0NRT,304.88,6.95,D,VIIRS
46.92165,33.33364,350.45,0.58,0.52,2026-08-17,11:21:00,N20,nominal,2.0NRT,311.5,15.74,D,VIIRS
46.96189,33.97181,346.23,0.62,0.54,2026-08-17,11:21:00,N20,nominal,2.0NRT,306.53,25.7,D,VIIRS
46.96145,33.96352,347.48,0.62,0.54,2026-08-17,11:21:00,N20,nominal,2.0NRT,311.28,25.7,D,VIIRS
46.41213,34.87051,345.65,0.34,0.56,2026-08-17,11:21:00,N20,nominal,2.0NRT,309.16,4.61,D,VIIRS
46.41193,34.86602,347.68,0.34,0.56,2026-08-17,11:21:00,N20,nominal,2.0NRT,311.86,5.3,D,VIIRS
46.12639,30.36132,353.55,0.41,0.45,2026-08-17,11:21:00,N20,nominal,2.0NRT,312.88,22.72,D,VIIRS
46.37571,33.99271,346.65,0.62,0.54,2026-08-17,11:21:00,N20,nominal,2.0NRT,317.22,14.39,D,VIIRS
46.32497,33.07641,344.42,0.56,0.51,2026-08-17,11:21:00,N20,nominal,2.0NRT,311.2,12.27,D,VIIRS
46.13052,30.36058,348.51,0.41,0.45,2026-08-17,11:21:00,N20,nominal,2.0NRT,308.35,22.72,D,VIIRS
46.38068,33.99218,367,0.62,0.54,2026-08-17,11:21:00,N20,high,2.0NRT,311.81,15.38,D,VIIRS
46.38026,33.98406,341.19,0.62,0.54,2026-08-17,11:21:00,N20,nominal,2.0NRT,313.06,15.38,D,VIIRS
46.33015,33.08315,344.26,0.56,0.51,2026-08-17,11:21:00,N20,nominal,2.0NRT,310.85,33.73,D,VIIRS
46.32972,33.07582,355.5,0.56,0.51,2026-08-17,11:21:00,N20,nominal,2.0NRT,315.27,33.73,D,VIIRS
46.3349,33.08256,343.32,0.56,0.51,2026-08-17,11:21:00,N20,nominal,2.0NRT,309.58,33.73,D,VIIRS
46.33447,33.07523,367,0.56,0.51,2026-08-17,11:21:00,N20,low,2.0NRT,325.61,33.73,D,VIIRS
46.33921,33.07465,340.71,0.56,0.51,2026-08-17,11:21:00,N20,nominal,2.0NRT,307.39,23.76,D,VIIRS
46.89482,32.80997,345,0.55,0.51,2026-08-17,11:21:00,N20,nominal,2.0NRT,309.92,9.63,D,VIIRS
46.9186,32.96176,345.34,0.56,0.51,2026-08-17,11:21:00,N20,nominal,2.0NRT,313.15,25.04,D,VIIRS
46.91814,32.95436,340.85,0.56,0.51,2026-08-17,11:21:00,N20,nominal,2.0NRT,309.6,14.98,D,VIIRS
46.92335,32.96118,345.01,0.56,0.51,2026-08-17,11:21:00,N20,nominal,2.0NRT,312.88,25.04,D,VIIRS
46.92288,32.95378,347.69,0.56,0.51,2026-08-17,11:21:00,N20,nominal,2.0NRT,315.19,14.98,D,VIIRS
47.0513,35.31163,341.56,0.36,0.57,2026-08-17,11:21:00,N20,nominal,2.0NRT,310.97,3.25,D,VIIRS
47.0511,35.30682,343.52,0.36,0.57,2026-08-17,11:21:00,N20,low,2.0NRT,314.63,3.25,D,VIIRS
46.92809,32.96059,343.82,0.56,0.51,2026-08-17,11:21:00,N20,nominal,2.0NRT,308.58,15.67,D,VIIRS
46.92763,32.95319,348.54,0.56,0.51,2026-08-17,11:21:00,N20,nominal,2.0NRT,316.96,51.43,D,VIIRS
47.08414,36.00893,342.72,0.39,0.59,2026-08-17,11:21:00,N20,nominal,2.0NRT,307.96,3.12,D,VIIRS
46.98598,33.86161,334.47,0.62,0.54,2026-08-17,11:21:00,N20,low,2.0NRT,306.92,2.21,D,VIIRS
47.06175,35.30604,351.42,0.36,0.57,2026-08-17,11:21:00,N20,low,2.0NRT,323.67,40.74,D,VIIRS
46.98679,33.86273,337.81,0.62,0.54,2026-08-17,11:21:00,N20,nominal,2.0NRT,307.31,2.38,D,VIIRS
47.0841,36.00732,352.33,0.39,0.59,2026-08-17,11:21:00,N20,nominal,2.0NRT,308.66,5.37,D,VIIRS
47.06544,35.30851,367,0.36,0.57,2026-08-17,11:21:00,N20,high,2.0NRT,308.11,26.74,D,VIIRS
46.76765,30.17263,336.45,0.41,0.45,2026-08-17,11:21:00,N20,low,2.0NRT,309.09,4.17,D,VIIRS
47.081,35.03052,351.84,0.35,0.57,2026-08-17,11:21:00,N20,nominal,2.0NRT,309.9,5.33,D,VIIRS
47.0808,35.02583,355.03,0.35,0.57,2026-08-17,11:21:00,N20,nominal,2.0NRT,314.72,5.5,D,VIIRS
47.16915,37.86864,334.74,0.48,0.65,2026-08-17,11:21:00,N20,low,2.0NRT,308.79,2.62,D,VIIRS
47.09684,35.2916,337.45,0.36,0.57,2026-08-17,11:21:00,N20,low,2.0NRT,311.07,3.11,D,VIIRS
47.09665,35.28677,346.79,0.36,0.57,2026-08-17,11:21:00,N20,nominal,2.0NRT,312.69,3.11,D,VIIRS
47.08626,35.03008,339.06,0.35,0.57,2026-08-17,11:21:00,N20,nominal,2.0NRT,310.32,5.33,D,VIIRS
47.08606,35.02539,341.65,0.35,0.57,2026-08-17,11:21:00,N20,low,2.0NRT,311.89,5.5,D,VIIRS
47.08587,35.02071,343.61,0.35,0.57,2026-08-17,11:21:00,N20,nominal,2.0NRT,310.04,5.5,D,VIIRS
47.18275,37.35157,353.61,0.45,0.63,2026-08-17,11:21:00,N20,nominal,2.0NRT,303.39,8.11,D,VIIRS
47.20383,38.14357,367,0.49,0.65,2026-08-17,11:21:00,N20,high,2.0NRT,311.85,17.58,D,VIIRS
47.08493,34.42098,339.7,0.33,0.55,2026-08-17,11:21:00,N20,nominal,2.0NRT,307.68,2.58,D,VIIRS
47.14031,35.18213,352.14,0.36,0.57,2026-08-17,11:21:00,N20,nominal,2.0NRT,312.15,6.5,D,VIIRS
47.14561,35.18173,367,0.36,0.57,2026-08-17,11:21:00,N20,high,2.0NRT,313.57,6.5,D,VIIRS
47.15091,35.18134,367,0.36,0.57,2026-08-17,11:21:00,N20,high,2.0NRT,311.15,9.93,D,VIIRS
47.12097,34.52811,342.65,0.33,0.55,2026-08-17,11:21:00,N20,nominal,2.0NRT,308.24,2.63,D,VIIRS
47.23986,37.80281,367,0.48,0.64,2026-08-17,11:21:00,N20,high,2.0NRT,307.43,15.5,D,VIIRS
47.23973,37.79648,352.9,0.48,0.64,2026-08-17,11:21:00,N20,nominal,2.0NRT,311.9,15.74,D,VIIRS
47.15248,35.09551,338.57,0.35,0.57,2026-08-17,11:21:00,N20,low,2.0NRT,308.94,2.89,D,VIIRS
47.13145,34.53159,341.35,0.33,0.55,2026-08-17,11:21:00,N20,nominal,2.0NRT,308.14,4.29,D,VIIRS
47.13123,34.52715,349.48,0.33,0.55,2026-08-17,11:21:00,N20,nominal,2.0NRT,309.7,4.32,D,VIIRS
47.19491,35.86976,367,0.39,0.59,2026-08-17,11:21:00,N20,high,2.0NRT,307.92,8.23,D,VIIRS
47.19472,35.86463,337.76,0.38,0.59,2026-08-17,11:21:00,N20,nominal,2.0NRT,311.77,7.15,D,VIIRS
47.13394,34.27662,367,0.32,0.55,2026-08-17,11:21:00,N20,high,2.0NRT,311.59,18.21,D,VIIRS
47.13371,34.27234,348.06,0.32,0.55,2026-08-17,11:21:00,N20,nominal,2.0NRT,317.23,17.07,D,VIIRS
47.06824,33.12456,339.04,0.57,0.52,2026-08-17,11:21:00,N20,low,2.0NRT,313.36,6.77,D,VIIRS
47.06768,33.12392,340.23,0.57,0.52,2026-08-17,11:21:00,N20,low,2.0NRT,313.31,6.56,D,VIIRS
47.24207,37.80058,367,0.48,0.64,2026-08-17,11:21:00,N20,high,2.0NRT,305.56,10.36,D,VIIRS
47.19523,35.86646,367,0.39,0.59,2026-08-17,11:21:00,N20,high,2.0NRT,313.12,8.73,D,VIIRS
47.24197,37.79425,352.11,0.48,0.64,2026-08-17,11:21:00,N20,nominal,2.0NRT,307.29,10.36,D,VIIRS
47.14256,34.50439,334.91,0.33,0.55,2026-08-17,11:21:00,N20,low,2.0NRT,308.22,2.84,D,VIIRS
47.13218,34.27703,351,0.32,0.55,2026-08-17,11:21:00,N20,nominal,2.0NRT,308.61,7.26,D,VIIRS
47.13198,34.27273,354.78,0.32,0.55,2026-08-17,11:21:00,N20,nominal,2.0NRT,317.61,11.15,D,VIIRS
47.13725,34.27652,353.15,0.32,0.55,2026-08-17,11:21:00,N20,nominal,2.0NRT,306.43,7.26,D,VIIRS
47.13705,34.27222,355.88,0.32,0.55,2026-08-17,11:21:00,N20,nominal,2.0NRT,310.75,11.15,D,VIIRS
47.15794,34.50293,345.41,0.33,0.55,2026-08-17,11:21:00,N20,nominal,2.0NRT,308.68,4.45,D,VIIRS
47.15774,34.4985,339.47,0.33,0.55,2026-08-17,11:21:00,N20,nominal,2.0NRT,309.14,4.01,D,VIIRS
47.15754,34.49406,355.76,0.33,0.55,2026-08-17,11:21:00,N20,nominal,2.0NRT,310.34,4.01,D,VIIRS
47.23926,36.58984,367,0.42,0.61,2026-08-17,11:21:00,N20,high,2.0NRT,306.75,7.37,D,VIIRS
47.18776,35.07467,367,0.35,0.57,2026-08-17,11:21:00,N20,high,2.0NRT,313.09,18.03,D,VIIRS
47.18737,35.06524,367,0.35,0.57,2026-08-17,11:21:00,N20,high,2.0NRT,309.71,7.63,D,VIIRS
47.18756,35.06996,351.94,0.35,0.57,2026-08-17,11:21:00,N20,nominal,2.0NRT,312.4,18.03,D,VIIRS
47.18718,35.06052,355.29,0.35,0.57,2026-08-17,11:21:00,N20,nominal,2.0NRT,312.87,7.63,D,VIIRS
47.19303,35.07423,367,0.35,0.57,2026-08-17,11:21:00,N20,high,2.0NRT,313.85,18.03,D,VIIRS
47.19264,35.06478,367,0.35,0.57,2026-08-17,11:21:00,N20,high,2.0NRT,308.55,7.63,D,VIIRS
47.24493,36.58967,336.7,0.42,0.61,2026-08-17,11:21:00,N20,nominal,2.0NRT,307.08,7.37,D,VIIRS
47.24477,36.58389,354.17,0.42,0.61,2026-08-17,11:21:00,N20,nominal,2.0NRT,305.9,13,D,VIIRS
47.19283,35.0695,336.23,0.35,0.57,2026-08-17,11:21:00,N20,nominal,2.0NRT,309.27,18.03,D,VIIRS
47.19245,35.06006,354.55,0.35,0.57,2026-08-17,11:21:00,N20,nominal,2.0NRT,311.12,7.63,D,VIIRS
47.1983,35.07376,350.37,0.35,0.57,2026-08-17,11:21:00,N20,nominal,2.0NRT,309.79,5.06,D,VIIRS
47.17108,34.45288,335.25,0.33,0.55,2026-08-17,11:21:00,N20,low,2.0NRT,309.37,3.04,D,VIIRS
47.15907,34.20087,346.54,0.32,0.55,2026-08-17,11:21:00,N20,nominal,2.0NRT,308.5,5.46,D,VIIRS
47.15886,34.19659,335.55,0.32,0.55,2026-08-17,11:21:00,N20,nominal,2.0NRT,309.18,5.46,D,VIIRS
47.15865,34.19233,345,0.32,0.55,2026-08-17,11:21:00,N20,nominal,2.0NRT,307.85,2.97,D,VIIRS
47.16412,34.20037,367,0.32,0.55,2026-08-17,11:21:00,N20,high,2.0NRT,309.31,5.46,D,VIIRS
47.16433,34.20465,334.97,0.32,0.55,2026-08-17,11:21:00,N20,nominal,2.0NRT,306.75,5.44,D,VIIRS
47.16918,34.19988,338.57,0.32,0.55,2026-08-17,11:21:00,N20,nominal,2.0NRT,306.12,3.22,D,VIIRS
47.16896,34.1956,354.51,0.32,0.55,2026-08-17,11:21:00,N20,nominal,2.0NRT,307.62,3.22,D,VIIRS
47.26691,36.56523,330.84,0.42,0.61,2026-08-17,11:21:00,N20,low,2.0NRT,304.99,3.45,D,VIIRS
47.1938,34.18457,350.1,0.32,0.55,2026-08-17,11:21:00,N20,nominal,2.0NRT,306.07,2.76,D,VIIRS
47.19885,34.18407,367,0.32,0.55,2026-08-17,11:21:00,N20,high,2.0NRT,311.1,10.68,D,VIIRS
47.25017,35.30017,340.98,0.36,0.58,2026-08-17,11:21:00,N20,nominal,2.0NRT,309.41,5.29,D,VIIRS
47.2555,35.29977,337.13,0.36,0.58,2026-08-17,11:21:00,N20,low,2.0NRT,310.1,5.29,D,VIIRS
47.279,35.48004,335.82,0.37,0.58,2026-08-17,11:21:00,N20,low,2.0NRT,309.51,3.89,D,VIIRS
47.28397,35.46976,367,0.37,0.58,2026-08-17,11:21:00,N20,high,2.0NRT,316.17,7.5,D,VIIRS
47.28437,35.47966,351.11,0.37,0.58,2026-08-17,11:21:00,N20,nominal,2.0NRT,311.97,3.89,D,VIIRS
47.28417,35.4747,338.14,0.37,0.58,2026-08-17,11:21:00,N20,nominal,2.0NRT,312.68,7.5,D,VIIRS
47.28955,35.47431,367,0.37,0.58,2026-08-17,11:21:00,N20,high,2.0NRT,313.33,5.34,D,VIIRS
47.28975,35.47927,337.88,0.37,0.58,2026-08-17,11:21:00,N20,nominal,2.0NRT,307.66,3.77,D,VIIRS
47.21622,33.84703,349.67,0.62,0.54,2026-08-17,11:21:00,N20,nominal,2.0NRT,316.62,91.35,D,VIIRS
47.28146,35.47802,339.37,0.37,0.58,2026-08-17,11:21:00,N20,nominal,2.0NRT,312.56,7.15,D,VIIRS
47.28666,35.47265,367,0.37,0.58,2026-08-17,11:21:00,N20,high,2.0NRT,315.33,8.7,D,VIIRS
47.28684,35.47762,339,0.37,0.58,2026-08-17,11:21:00,N20,nominal,2.0NRT,311.33,8.7,D,VIIRS
47.28648,35.4677,344.89,0.37,0.58,2026-08-17,11:21:00,N20,nominal,2.0NRT,312.29,7.56,D,VIIRS
47.30261,35.05335,367,0.35,0.57,2026-08-17,11:21:00,N20,high,2.0NRT,315.71,43.78,D,VIIRS
47.30241,35.04863,346,0.35,0.57,2026-08-17,11:21:00,N20,nominal,2.0NRT,312.5,29.57,D,VIIRS
47.33235,35.13202,352.39,0.36,0.57,2026-08-17,11:21:00,N20,nominal,2.0NRT,306.71,3.84,D,VIIRS
47.24814,33.32759,355.36,0.58,0.52,2026-08-17,11:21:00,N20,nominal,2.0NRT,312.75,15.99,D,VIIRS
47.34294,35.13113,367,0.36,0.57,2026-08-17,11:21:00,N20,high,2.0NRT,308.2,10.31,D,VIIRS
47.34274,35.12636,344.53,0.36,0.57,2026-08-17,11:21:00,N20,nominal,2.0NRT,305.3,10.31,D,VIIRS
47.36078,35.30416,367,0.36,0.58,2026-08-17,11:21:00,N20,high,2.0NRT,308.16,9.78,D,VIIRS
47.36198,35.33349,352.58,0.36,0.58,2026-08-17,11:21:00,N20,nominal,2.0NRT,306,2.73,D,VIIRS
47.36733,35.33311,367,0.36,0.58,2026-08-17,11:21:00,N20,high,2.0NRT,309.61,5.6,D,VIIRS
47.36612,35.30375,367,0.36,0.58,2026-08-17,11:21:00,N20,high,2.0NRT,303.02,4.37,D,VIIRS
47.36592,35.29889,341.26,0.36,0.58,2026-08-17,11:21:00,N20,nominal,2.0NRT,306.78,4.37,D,VIIRS
47.36572,35.29401,337.53,0.36,0.58,2026-08-17,11:21:00,N20,nominal,2.0NRT,307.44,3.87,D,VIIRS
47.36551,35.28915,354.8,0.36,0.58,2026-08-17,11:21:00,N20,nominal,2.0NRT,308.44,3.87,D,VIIRS
47.36531,35.28429,340.6,0.36,0.58,2026-08-17,11:21:00,N20,nominal,2.0NRT,310.71,6.53,D,VIIRS
47.37267,35.33274,346.08,0.36,0.58,2026-08-17,11:21:00,N20,nominal,2.0NRT,302.6,5.6,D,VIIRS
46.46771,34.94708,367,0.34,0.56,2026-08-17,11:21:00,N20,high,2.0NRT,316.43,17.11,D,VIIRS
46.46751,34.94255,349.99,0.34,0.56,2026-08-17,11:21:00,N20,nominal,2.0NRT,316.14,17.84,D,VIIRS
46.47313,34.95118,367,0.34,0.56,2026-08-17,11:21:00,N20,high,2.0NRT,309.46,17.11,D,VIIRS
46.49509,35.46101,336.75,0.36,0.58,2026-08-17,11:21:00,N20,low,2.0NRT,310.69,3.24,D,VIIRS
46.32547,32.34792,331.89,0.51,0.5,2026-08-17,11:21:00,N20,low,2.0NRT,306.67,3.14,D,VIIRS
46.30328,31.96523,345.92,0.49,0.49,2026-08-17,11:21:00,N20,nominal,2.0NRT,308.57,4.84,D,VIIRS
46.50578,35.46018,353.83,0.36,0.58,2026-08-17,11:21:00,N20,nominal,2.0NRT,322.38,47.73,D,VIIRS
47.35152,34.73161,355.49,0.34,0.56,2026-08-17,11:21:00,N20,nominal,2.0NRT,305.59,5.62,D,VIIRS
47.38884,35.46507,367,0.37,0.58,2026-08-17,11:21:00,N20,high,2.0NRT,313.43,34.5,D,VIIRS
47.37822,35.21031,336.98,0.36,0.57,2026-08-17,11:21:00,N20,low,2.0NRT,308.78,2.91,D,VIIRS
47.35235,34.73243,336.33,0.34,0.56,2026-08-17,11:21:00,N20,low,2.0NRT,307.2,3.95,D,VIIRS
47.35216,34.72786,346.11,0.34,0.56,2026-08-17,11:21:00,N20,nominal,2.0NRT,306.57,4.9,D,VIIRS
47.38567,35.46195,367,0.37,0.58,2026-08-17,11:21:00,N20,high,2.0NRT,311.24,6.44,D,VIIRS
47.38585,35.4669,344.45,0.37,0.58,2026-08-17,11:21:00,N20,nominal,2.0NRT,307.61,3.52,D,VIIRS
47.39105,35.46155,349.34,0.37,0.58,2026-08-17,11:21:00,N20,nominal,2.0NRT,320.19,32.17,D,VIIRS
47.37024,34.54428,338.66,0.33,0.56,2026-08-17,11:21:00,N20,nominal,2.0NRT,308.07,4.48,D,VIIRS
47.42273,35.74783,351.59,0.38,0.59,2026-08-17,11:21:00,N20,nominal,2.0NRT,308.86,3.69,D,VIIRS
47.42818,35.74714,344.12,0.38,0.59,2026-08-17,11:21:00,N20,nominal,2.0NRT,310.17,3.69,D,VIIRS
47.43362,35.74667,367,0.38,0.59,2026-08-17,11:21:00,N20,high,2.0NRT,307.32,5.89,D,VIIRS
47.42554,35.51939,346.8,0.37,0.58,2026-08-17,11:21:00,N20,nominal,2.0NRT,312.74,6.4,D,VIIRS
47.42536,35.51442,340.5,0.37,0.58,2026-08-17,11:21:00,N20,low,2.0NRT,312.84,6.4,D,VIIRS
47.41529,35.24762,351.65,0.36,0.57,2026-08-17,11:21:00,N20,nominal,2.0NRT,307.21,5.28,D,VIIRS
47.4151,35.24277,342.01,0.36,0.57,2026-08-17,11:21:00,N20,nominal,2.0NRT,306.04,12.2,D,VIIRS
47.48897,37.61489,367,0.47,0.64,2026-08-17,11:21:00,N20,high,2.0NRT,304.1,9.95,D,VIIRS
47.42042,35.24232,367,0.36,0.57,2026-08-17,11:21:00,N20,high,2.0NRT,308.93,12.2,D,VIIRS
47.37475,34.19928,367,0.32,0.55,2026-08-17,11:21:00,N20,high,2.0NRT,308.63,9.41,D,VIIRS
47.43093,35.51879,356.11,0.37,0.58,2026-08-17,11:21:00,N20,nominal,2.0NRT,313.31,6.4,D,VIIRS
47.42061,35.2472,338.55,0.36,0.57,2026-08-17,11:21:00,N20,nominal,2.0NRT,308.88,5.28,D,VIIRS
47.42023,35.23747,346.16,0.36,0.57,2026-08-17,11:21:00,N20,nominal,2.0NRT,314.03,12.2,D,VIIRS
47.40411,34.84421,332.14,0.35,0.56,2026-08-17,11:21:00,N20,low,2.0NRT,305.76,2.51,D,VIIRS
47.49725,37.74257,367,0.48,0.64,2026-08-17,11:21:00,N20,high,2.0NRT,302.97,45.87,D,VIIRS
47.4949,37.61441,367,0.47,0.64,2026-08-17,11:21:00,N20,high,2.0NRT,302.83,7.33,D,VIIRS
47.49702,37.7296,353.11,0.47,0.64,2026-08-17,11:21:00,N20,nominal,2.0NRT,309.37,34.81,D,VIIRS
47.4969,37.72321,347.2,0.47,0.64,2026-08-17,11:21:00,N20,nominal,2.0NRT,311.11,8.67,D,VIIRS
47.49478,37.6079,335.82,0.47,0.64,2026-08-17,11:21:00,N20,nominal,2.0NRT,306.72,6.39,D,VIIRS
47.42555,35.23709,356.07,0.36,0.57,2026-08-17,11:21:00,N20,nominal,2.0NRT,308.09,9.27,D,VIIRS
47.37669,34.13473,356.24,0.32,0.55,2026-08-17,11:21:00,N20,nominal,2.0NRT,306.81,9.04,D,VIIRS
47.49713,37.73612,367,0.47,0.64,2026-08-17,11:21:00,N20,low,2.0NRT,325.89,34.81,D,VIIRS
47.43088,35.23673,367,0.36,0.57,2026-08-17,11:21:00,N20,high,2.0NRT,303.99,9.27,D,VIIRS
47.50299,37.72919,344.01,0.47,0.64,2026-08-17,11:21:00,N20,nominal,2.0NRT,302.71,34.81,D,VIIRS
47.50287,37.72286,342.2,0.47,0.64,2026-08-17,11:21:00,N20,nominal,2.0NRT,305.38,8.67,D,VIIRS
47.38824,34.26748,334.91,0.32,0.55,2026-08-17,11:21:00,N20,low,2.0NRT,309.17,2.93,D,VIIRS
47.50895,37.72884,332.58,0.47,0.64,2026-08-17,11:21:00,N20,nominal,2.0NRT,301.22,7.72,D,VIIRS
47.50884,37.72259,355.84,0.47,0.64,2026-08-17,11:21:00,N20,nominal,2.0NRT,309.44,11.91,D,VIIRS
47.41879,34.82013,338.86,0.34,0.56,2026-08-17,11:21:00,N20,nominal,2.0NRT,306.81,2.15,D,VIIRS
47.12257,30.18646,341.28,0.42,0.45,2026-08-17,11:21:00,N20,nominal,2.0NRT,309.54,3.53,D,VIIRS
47.1221,30.18091,336.8,0.42,0.45,2026-08-17,11:21:00,N20,low,2.0NRT,310.21,4.53,D,VIIRS
47.39798,34.25783,367,0.32,0.55,2026-08-17,11:21:00,N20,high,2.0NRT,308.05,3.59,D,VIIRS
47.39776,34.25348,337.7,0.32,0.55,2026-08-17,11:21:00,N20,nominal,2.0NRT,311.28,3.59,D,VIIRS
47.12673,30.18579,343.57,0.42,0.45,2026-08-17,11:21:00,N20,nominal,2.0NRT,311.22,3.53,D,VIIRS
47.40305,34.25736,337.77,0.32,0.55,2026-08-17,11:21:00,N20,nominal,2.0NRT,307.22,3.77,D,VIIRS
47.35969,33.43317,347.98,0.59,0.53,2026-08-17,11:21:00,N20,nominal,2.0NRT,310.08,6.11,D,VIIRS
47.53474,38.18569,336.62,0.5,0.66,2026-08-17,11:21:00,N20,low,2.0NRT,309.03,3.56,D,VIIRS
47.5011,36.64746,334.78,0.42,0.61,2026-08-17,11:21:00,N20,low,2.0NRT,306.22,4.1,D,VIIRS
47.36501,33.44054,337.22,0.59,0.53,2026-08-17,11:21:00,N20,low,2.0NRT,310.77,6.11,D,VIIRS
47.36944,33.43206,333.6,0.59,0.53,2026-08-17,11:21:00,N20,low,2.0NRT,307.97,8.03,D,VIIRS
47.44717,34.86902,335.88,0.35,0.56,2026-08-17,11:21:00,N20,nominal,2.0NRT,303.42,3.96,D,VIIRS
47.44696,34.86437,350.43,0.35,0.56,2026-08-17,11:21:00,N20,nominal,2.0NRT,306.12,3.96,D,VIIRS
47.37387,33.42362,351.82,0.59,0.53,2026-08-17,11:21:00,N20,nominal,2.0NRT,309.88,16.06,D,VIIRS
46.45975,34.25571,367,0.32,0.54,2026-08-17,11:21:00,N20,high,2.0NRT,314.66,18.04,D,VIIRS
46.68279,32.95708,336.61,0.55,0.51,2026-08-17,11:21:00,N20,low,2.0NRT,306.81,6.77,D,VIIRS
47.5791,38.28665,367,0.5,0.66,2026-08-17,11:21:00,N20,high,2.0NRT,310.07,10.9,D,VIIRS
47.57921,38.29335,340.18,0.5,0.66,2026-08-17,11:21:00,N20,nominal,2.0NRT,306.26,10.9,D,VIIRS
47.57899,38.27998,341.26,0.5,0.66,2026-08-17,11:21:00,N20,nominal,2.0NRT,308.95,13.2,D,VIIRS
47.56577,37.59213,353.14,0.47,0.64,2026-08-17,11:21:00,N20,nominal,2.0NRT,306.36,10.44,D,VIIRS
47.58522,38.28664,367,0.5,0.66,2026-08-17,11:21:00,N20,high,2.0NRT,303.23,10.9,D,VIIRS
47.58511,38.27996,350.31,0.5,0.66,2026-08-17,11:21:00,N20,nominal,2.0NRT,307.71,13.2,D,VIIRS
47.56997,37.515860000000004,348.06,0.46,0.64,2026-08-17,11:21:00,N20,nominal,2.0NRT,304.36,6.93,D,VIIRS
47.56982,37.50954,347.65,0.46,0.64,2026-08-17,11:21:00,N20,nominal,2.0NRT,304.1,6.93,D,VIIRS
47.56765,37.51233,367,0.46,0.64,2026-08-17,11:21:00,N20,high,2.0NRT,307.44,12.47,D,VIIRS
47.57916,38.29679,342.6,0.51,0.66,2026-08-17,11:21:00,N20,nominal,2.0NRT,307.28,7.59,D,VIIRS
47.57909,38.2901,348.5,0.5,0.66,2026-08-17,11:21:00,N20,nominal,2.0NRT,306.79,7.59,D,VIIRS
47.57901,38.28339,356.25,0.5,0.66,2026-08-17,11:21:00,N20,nominal,2.0NRT,311.81,16.6,D,VIIRS
47.56911,37.59475,349.24,0.47,0.64,2026-08-17,11:21:00,N20,nominal,2.0NRT,305.73,5.96,D,VIIRS
47.569,37.58832,345.33,0.47,0.64,2026-08-17,11:21:00,N20,nominal,2.0NRT,303.84,5.96,D,VIIRS
47.58514,38.28335,367,0.5,0.66,2026-08-17,11:21:00,N20,high,2.0NRT,308.34,17.94,D,VIIRS
47.58389,38.18079,331.21,0.5,0.66,2026-08-17,11:21:00,N20,nominal,2.0NRT,305.95,1.52,D,VIIRS
47.53859,36.08812,337.86,0.4,0.6,2026-08-17,11:21:00,N20,low,2.0NRT,308.67,3.3,D,VIIRS
47.53843,36.08281,346.08,0.4,0.6,2026-08-17,11:21:00,N20,nominal,2.0NRT,307.76,4.3,D,VIIRS
47.59126,38.28329,367,0.5,0.66,2026-08-17,11:21:00,N20,high,2.0NRT,307.22,17.94,D,VIIRS
47.59142,38.29671,331.16,0.51,0.66,2026-08-17,11:21:00,N20,low,2.0NRT,305.05,14.52,D,VIIRS
47.58409,36.29701,367,0.41,0.6,2026-08-17,11:21:00,N20,high,2.0NRT,306.94,11.14,D,VIIRS
47.58374,36.286,367,0.41,0.6,2026-08-17,11:21:00,N20,high,2.0NRT,308.74,7.58,D,VIIRS
47.54537,35.20509,367,0.36,0.57,2026-08-17,11:21:00,N20,high,2.0NRT,310,17.31,D,VIIRS
47.54518,35.20025,367,0.36,0.57,2026-08-17,11:21:00,N20,high,2.0NRT,310.83,17.31,D,VIIRS
47.58392,36.29151,354.59,0.41,0.6,2026-08-17,11:21:00,N20,nominal,2.0NRT,308.44,11.14,D,VIIRS
47.58358,36.28046,348.08,0.41,0.6,2026-08-17,11:21:00,N20,nominal,2.0NRT,306.6,7.58,D,VIIRS
47.63334,38.22674,367,0.5,0.66,2026-08-17,11:21:00,N20,high,2.0NRT,308.78,8.69,D,VIIRS
47.63325,38.21995,349.16,0.5,0.66,2026-08-17,11:21:00,N20,nominal,2.0NRT,308.47,8.69,D,VIIRS
47.63956,38.23373,335.89,0.5,0.66,2026-08-17,11:21:00,N20,nominal,2.0NRT,304.67,5.49,D,VIIRS
47.64761,38.37082,331.37,0.51,0.66,2026-08-17,11:21:00,N20,low,2.0NRT,306.36,4.18,D,VIIRS
47.65552,38.50403,367,0.52,0.67,2026-08-17,11:21:00,N20,high,2.0NRT,306.07,7.94,D,VIIRS
47.63203,36.76985,349.42,0.43,0.62,2026-08-17,11:21:00,N20,nominal,2.0NRT,304.36,5.53,D,VIIRS
47.63186,36.76397,354.9,0.43,0.62,2026-08-17,11:21:00,N20,nominal,2.0NRT,306.99,5.53,D,VIIRS
47.63758,36.76374,352.88,0.43,0.62,2026-08-17,11:21:00,N20,nominal,2.0NRT,306.74,5.82,D,VIIRS
47.61607,36.07903,334.45,0.4,0.6,2026-08-17,11:21:00,N20,low,2.0NRT,305.94,1.7,D,VIIRS
47.61589,36.07371,333.48,0.4,0.6,2026-08-17,11:21:00,N20,low,2.0NRT,307.59,1.7,D,VIIRS
47.65761,37.30544,355.7,0.45,0.63,2026-08-17,11:21:00,N20,nominal,2.0NRT,304.8,5.28,D,VIIRS
47.65746,37.29935,333.29,0.45,0.63,2026-08-17,11:21:00,N20,nominal,2.0NRT,304.99,5.28,D,VIIRS
47.68543,38.43307,367,0.51,0.66,2026-08-17,11:21:00,N20,high,2.0NRT,310.71,7.64,D,VIIRS
47.62032,35.88706,367,0.39,0.59,2026-08-17,11:21:00,N20,high,2.0NRT,311.29,11.36,D,VIIRS
47.62013,35.88177,350.34,0.39,0.59,2026-08-17,11:21:00,N20,nominal,2.0NRT,308.04,11.36,D,VIIRS
47.58587,34.91206,367,0.35,0.57,2026-08-17,11:21:00,N20,high,2.0NRT,308.04,5.44,D,VIIRS
47.65415,38.50217,342.45,0.52,0.67,2026-08-17,11:21:00,N20,nominal,2.0NRT,304.49,4.34,D,VIIRS
47.63317,36.76694,367,0.43,0.62,2026-08-17,11:21:00,N20,high,2.0NRT,304.38,13.8,D,VIIRS
47.66034,38.50231,341.78,0.52,0.67,2026-08-17,11:21:00,N20,nominal,2.0NRT,304.78,4.34,D,VIIRS
47.63303,36.76097,340.12,0.43,0.62,2026-08-17,11:21:00,N20,nominal,2.0NRT,307.32,10.56,D,VIIRS
47.61502,36.07595,346.24,0.4,0.6,2026-08-17,11:21:00,N20,nominal,2.0NRT,306.52,3.56,D,VIIRS
47.59715,35.35873,335.54,0.37,0.58,2026-08-17,11:21:00,N20,low,2.0NRT,308.88,2.71,D,VIIRS
47.65611,37.30299,367,0.45,0.63,2026-08-17,11:21:00,N20,high,2.0NRT,305.74,7.57,D,VIIRS
47.62042,35.88908,339.91,0.39,0.59,2026-08-17,11:21:00,N20,nominal,2.0NRT,308.56,11.42,D,VIIRS
47.62025,35.88378,353.54,0.39,0.59,2026-08-17,11:21:00,N20,nominal,2.0NRT,312.27,11.42,D,VIIRS
47.58558,34.91306,344.33,0.35,0.57,2026-08-17,11:21:00,N20,nominal,2.0NRT,305.28,3.46,D,VIIRS
47.58539,34.90831,348.38,0.35,0.57,2026-08-17,11:21:00,N20,nominal,2.0NRT,309.44,3.46,D,VIIRS
47.61143,35.45735,336.53,0.37,0.58,2026-08-17,11:21:00,N20,low,2.0NRT,306.67,5.1,D,VIIRS
47.6844,38.43123,354.67,0.51,0.66,2026-08-17,11:21:00,N20,nominal,2.0NRT,311.1,8.11,D,VIIRS
47.65406,36.68459,354.7,0.42,0.61,2026-08-17,11:21:00,N20,nominal,2.0NRT,304.75,5.36,D,VIIRS
47.6209,35.5728,335.82,0.38,0.58,2026-08-17,11:21:00,N20,nominal,2.0NRT,304.45,2.91,D,VIIRS
47.56332,34.1634,346.21,0.32,0.55,2026-08-17,11:21:00,N20,nominal,2.0NRT,305.31,2.3,D,VIIRS
47.66249,36.7945,333.4,0.43,0.62,2026-08-17,11:21:00,N20,low,2.0NRT,306.28,2.41,D,VIIRS
47.65638,36.55299,340.08,0.42,0.61,2026-08-17,11:21:00,N20,nominal,2.0NRT,304.21,4.74,D,VIIRS
47.64949,36.30227,330.29,0.41,0.6,2026-08-17,11:21:00,N20,low,2.0NRT,302.12,1.27,D,VIIRS
47.62266,35.32204,367,0.37,0.58,2026-08-17,11:21:00,N20,high,2.0NRT,304.97,4.97,D,VIIRS
47.66823,36.79435,345.35,0.43,0.62,2026-08-17,11:21:00,N20,nominal,2.0NRT,305.05,2.41,D,VIIRS
47.66677,36.73566,347.39,0.43,0.62,2026-08-17,11:21:00,N20,nominal,2.0NRT,306.83,2.92,D,VIIRS
47.66663,36.72994,333.23,0.43,0.62,2026-08-17,11:21:00,N20,low,2.0NRT,305.74,2.92,D,VIIRS
47.66294,36.58672,342.31,0.42,0.61,2026-08-17,11:21:00,N20,nominal,2.0NRT,305.25,3.55,D,VIIRS
47.6471,36.03537,335.83,0.4,0.6,2026-08-17,11:21:00,N20,low,2.0NRT,310.38,3.26,D,VIIRS
47.62248,35.31715,342.98,0.37,0.58,2026-08-17,11:21:00,N20,nominal,2.0NRT,305.41,4.83,D,VIIRS
47.66742,36.54128,367,0.42,0.61,2026-08-17,11:21:00,N20,high,2.0NRT,308.46,15.59,D,VIIRS
47.62802,35.32161,367,0.37,0.58,2026-08-17,11:21:00,N20,high,2.0NRT,303.62,16.46,D,VIIRS
47.62783,35.31674,338.04,0.37,0.58,2026-08-17,11:21:00,N20,nominal,2.0NRT,307.41,12.41,D,VIIRS
47.67308,36.54108,349.36,0.42,0.61,2026-08-17,11:21:00,N20,nominal,2.0NRT,304.9,15.59,D,VIIRS
47.64092,35.52558,332.13,0.37,0.58,2026-08-17,11:21:00,N20,nominal,2.0NRT,306.09,1.06,D,VIIRS
47.64633,35.52517,367,0.37,0.58,2026-08-17,11:21:00,N20,high,2.0NRT,305.95,7.79,D,VIIRS
47.59364,34.26553,332.5,0.33,0.55,2026-08-17,11:21:00,N20,low,2.0NRT,306.63,3.52,D,VIIRS
47.66398,35.7145,347.29,0.38,0.59,2026-08-17,11:21:00,N20,nominal,2.0NRT,308.33,6.34,D,VIIRS
47.66381,35.70942,342.16,0.38,0.59,2026-08-17,11:21:00,N20,nominal,2.0NRT,305.03,5.94,D,VIIRS
47.69151,36.39342,367,0.41,0.61,2026-08-17,11:21:00,N20,high,2.0NRT,306.35,8.17,D,VIIRS
47.68953,36.32696,337.87,0.41,0.6,2026-08-17,11:21:00,N20,nominal,2.0NRT,303.49,2.91,D,VIIRS
47.68481,36.17358,348.37,0.4,0.6,2026-08-17,11:21:00,N20,nominal,2.0NRT,305.87,3.25,D,VIIRS
47.67538,35.88541,337.99,0.39,0.59,2026-08-17,11:21:00,N20,nominal,2.0NRT,303.03,3.58,D,VIIRS
47.66553,35.60538,344.17,0.38,0.59,2026-08-17,11:21:00,N20,nominal,2.0NRT,303.42,4.3,D,VIIRS
47.71152,36.91516,367,0.44,0.62,2026-08-17,11:21:00,N20,high,2.0NRT,306.42,6.97,D,VIIRS
47.71181,36.92691,346.58,0.44,0.62,2026-08-17,11:21:00,N20,nominal,2.0NRT,305.76,7.14,D,VIIRS
47.71167,36.92103,330.51,0.44,0.62,2026-08-17,11:21:00,N20,nominal,2.0NRT,305.15,6.97,D,VIIRS
47.71137,36.90931,342.95,0.44,0.62,2026-08-17,11:21:00,N20,nominal,2.0NRT,305.02,7.48,D,VIIRS
47.69038,36.17334,346.25,0.4,0.6,2026-08-17,11:21:00,N20,nominal,2.0NRT,305.79,4.41,D,VIIRS
47.65827,35.1391,367,0.36,0.57,2026-08-17,11:21:00,N20,high,2.0NRT,301.11,6.18,D,VIIRS
47.71773,36.9324,348.82,0.44,0.62,2026-08-17,11:21:00,N20,nominal,2.0NRT,308.29,7.14,D,VIIRS
47.70176,36.35949,345.73,0.41,0.61,2026-08-17,11:21:00,N20,nominal,2.0NRT,302.86,5.28,D,VIIRS
47.65807,35.13423,342.62,0.36,0.57,2026-08-17,11:21:00,N20,nominal,2.0NRT,307.22,6.18,D,VIIRS
47.71615,36.65845,367,0.42,0.61,2026-08-17,11:21:00,N20,high,2.0NRT,302.83,11.45,D,VIIRS
47.716,36.65278,355.34,0.42,0.61,2026-08-17,11:21:00,N20,nominal,2.0NRT,308.21,12.32,D,VIIRS
47.7067,36.33709,342.64,0.41,0.61,2026-08-17,11:21:00,N20,nominal,2.0NRT,303.04,6.3,D,VIIRS
47.70653,36.33157,356.31,0.41,0.61,2026-08-17,11:21:00,N20,nominal,2.0NRT,305.88,6.3,D,VIIRS
47.67286,35.23515,330.02,0.36,0.58,2026-08-17,11:21:00,N20,nominal,2.0NRT,302.08,0.77,D,VIIRS
47.61976,34.07146,333.01,0.32,0.54,2026-08-17,11:21:00,N20,nominal,2.0NRT,301.58,1.88,D,VIIRS
47.70005,35.65527,337.56,0.38,0.59,2026-08-17,11:21:00,N20,nominal,2.0NRT,302.98,2.3,D,VIIRS
46.33465,32.08538,343.32,0.5,0.49,2026-08-17,11:21:00,N20,nominal,2.0NRT,305.62,6.15,D,VIIRS
46.13745,29.51636,339.03,0.57,0.43,2026-08-17,11:21:00,N20,nominal,2.0NRT,309.7,4.33,D,VIIRS
46.19688,30.06804,343.39,0.4,0.44,2026-08-17,11:21:00,N20,nominal,2.0NRT,311.96,7.6,D,VIIRS
46.19641,30.06287,339.65,0.4,0.44,2026-08-17,11:21:00,N20,low,2.0NRT,313.57,7.6,D,VIIRS
46.40477,32.29485,352.88,0.51,0.49,2026-08-17,11:21:00,N20,nominal,2.0NRT,307.85,5.7,D,VIIRS
46.40843,32.28082,345.45,0.51,0.49,2026-08-17,11:21:00,N20,nominal,2.0NRT,309.68,10.8,D,VIIRS
46.63478,35.52394,336.34,0.37,0.58,2026-08-17,11:21:00,N20,nominal,2.0NRT,310.2,1.59,D,VIIRS
46.63995,35.51867,367,0.37,0.58,2026-08-17,11:21:00,N20,high,2.0NRT,313.99,13.34,D,VIIRS
46.64035,35.52839,351.76,0.37,0.58,2026-08-17,11:21:00,N20,nominal,2.0NRT,309.12,2.51,D,VIIRS
47.6646,34.79403,338.53,0.35,0.56,2026-08-17,11:21:00,N20,nominal,2.0NRT,306.79,5.75,D,VIIRS
47.66311,34.76118,340.2,0.34,0.56,2026-08-17,11:21:00,N20,nominal,2.0NRT,308.09,4.99,D,VIIRS
47.67003,34.79827,367,0.35,0.56,2026-08-17,11:21:00,N20,high,2.0NRT,307.85,7.22,D,VIIRS
47.7332,36.46508,332.21,0.41,0.61,2026-08-17,11:21:00,N20,low,2.0NRT,302.86,2.01,D,VIIRS
47.70219,35.1698,367,0.36,0.57,2026-08-17,11:21:00,N20,high,2.0NRT,308.69,13.04,D,VIIRS
47.70198,35.16489,345.33,0.36,0.57,2026-08-17,11:21:00,N20,nominal,2.0NRT,307.48,9.61,D,VIIRS
47.67031,34.79602,367,0.35,0.56,2026-08-17,11:21:00,N20,high,2.0NRT,308.41,8.15,D,VIIRS
47.70132,35.65357,334.52,0.38,0.59,2026-08-17,11:21:00,N20,low,2.0NRT,304.84,4.04,D,VIIRS
47.67049,34.80066,344.1,0.35,0.56,2026-08-17,11:21:00,N20,nominal,2.0NRT,304.8,5.57,D,VIIRS
47.73037,36.46416,330.65,0.41,0.61,2026-08-17,11:21:00,N20,low,2.0NRT,303.74,3.6,D,VIIRS
47.71898,35.86448,332.36,0.39,0.59,2026-08-17,11:21:00,N20,nominal,2.0NRT,302.53,2.17,D,VIIRS
47.70055,35.16787,367,0.36,0.57,2026-08-17,11:21:00,N20,high,2.0NRT,308.37,10.1,D,VIIRS
47.70587,35.16737,348.5,0.36,0.57,2026-08-17,11:21:00,N20,nominal,2.0NRT,303.05,3.79,D,VIIRS
47.70568,35.16246,342.52,0.36,0.57,2026-08-17,11:21:00,N20,nominal,2.0NRT,305.35,3.79,D,VIIRS
47.72619,35.14129,348.18,0.36,0.57,2026-08-17,11:21:00,N20,nominal,2.0NRT,301.89,2.87,D,VIIRS
47.79612,37.32293,333.26,0.46,0.63,2026-08-17,11:21:00,N20,nominal,2.0NRT,303.2,5.43,D,VIIRS
47.796,37.31666,354.33,0.46,0.63,2026-08-17,11:21:00,N20,nominal,2.0NRT,307.44,5.43,D,VIIRS
47.72371,34.81914,367,0.35,0.56,2026-08-17,11:21:00,N20,high,2.0NRT,310.87,7.04,D,VIIRS
47.7995,36.94683,352.75,0.44,0.62,2026-08-17,11:21:00,N20,nominal,2.0NRT,306.24,3.23,D,VIIRS
47.7459,35.23653,335.47,0.36,0.58,2026-08-17,11:21:00,N20,nominal,2.0NRT,301.54,4.34,D,VIIRS
47.74572,35.23185,337.39,0.36,0.58,2026-08-17,11:21:00,N20,nominal,2.0NRT,306.88,3.58,D,VIIRS
47.83079,38.35998,367,0.51,0.66,2026-08-17,11:21:00,N20,high,2.0NRT,309.62,9.68,D,VIIRS
47.80528,36.94677,367,0.44,0.62,2026-08-17,11:21:00,N20,high,2.0NRT,302.93,5.65,D,VIIRS
47.80513,36.94079,354.37,0.44,0.62,2026-08-17,11:21:00,N20,nominal,2.0NRT,305.91,5.65,D,VIIRS
47.79673,36.61306,338.56,0.42,0.61,2026-08-17,11:21:00,N20,nominal,2.0NRT,307.88,4.64,D,VIIRS
47.79201,36.44337,335.3,0.41,0.61,2026-08-17,11:21:00,N20,nominal,2.0NRT,301.63,3.59,D,VIIRS
47.79185,36.43789,337.25,0.41,0.61,2026-08-17,11:21:00,N20,nominal,2.0NRT,302.15,4.48,D,VIIRS
47.76983,35.74119,355.34,0.38,0.59,2026-08-17,11:21:00,N20,nominal,2.0NRT,306.73,6.65,D,VIIRS
47.81062,36.9287,367,0.44,0.62,2026-08-17,11:21:00,N20,high,2.0NRT,306.01,15.78,D,VIIRS
47.8021,36.60122,333,0.42,0.61,2026-08-17,11:21:00,N20,low,2.0NRT,306.98,4.02,D,VIIRS
47.75677,35.2409,336.4,0.36,0.58,2026-08-17,11:21:00,N20,nominal,2.0NRT,303.54,3.93,D,VIIRS
47.75659,35.23602,334.51,0.36,0.58,2026-08-17,11:21:00,N20,nominal,2.0NRT,304.38,3.93,D,VIIRS
47.7564,35.23112,339.7,0.36,0.58,2026-08-17,11:21:00,N20,nominal,2.0NRT,304.94,6.35,D,VIIRS
47.82157,36.68719,367,0.43,0.62,2026-08-17,11:21:00,N20,high,2.0NRT,305.77,12.36,D,VIIRS
47.82239,36.51494,335.43,0.42,0.61,2026-08-17,11:21:00,N20,nominal,2.0NRT,300.61,2.81,D,VIIRS
47.82222,36.50929,338.38,0.42,0.61,2026-08-17,11:21:00,N20,nominal,2.0NRT,303.73,2.81,D,VIIRS
47.82599,36.26321,350.4,0.41,0.6,2026-08-17,11:21:00,N20,nominal,2.0NRT,304.93,4.93,D,VIIRS
47.82298,36.17004,339.52,0.4,0.6,2026-08-17,11:21:00,N20,nominal,2.0NRT,303.87,3.84,D,VIIRS
47.83176,36.26846,338.11,0.41,0.6,2026-08-17,11:21:00,N20,nominal,2.0NRT,302.46,4.29,D,VIIRS
47.83159,36.26295,345.15,0.41,0.6,2026-08-17,11:21:00,N20,nominal,2.0NRT,309.07,4.29,D,VIIRS
47.83302,36.13603,334.39,0.4,0.6,2026-08-17,11:21:00,N20,nominal,2.0NRT,300.36,1.82,D,VIIRS
47.87259,37.08715,330.52,0.44,0.63,2026-08-17,11:21:00,N20,low,2.0NRT,302.62,2.99,D,VIIRS
47.82147,36.1727,339.03,0.4,0.6,2026-08-17,11:21:00,N20,nominal,2.0NRT,305.32,2.84,D,VIIRS
47.82132,36.16716,331.08,0.4,0.6,2026-08-17,11:21:00,N20,nominal,2.0NRT,302.54,2.84,D,VIIRS
47.8296,36.26558,367,0.41,0.6,2026-08-17,11:21:00,N20,high,2.0NRT,305.34,9.3,D,VIIRS
47.82945,36.26009,337.18,0.41,0.6,2026-08-17,11:21:00,N20,nominal,2.0NRT,306.01,7.27,D,VIIRS
47.8352,36.26534,331.93,0.41,0.6,2026-08-17,11:21:00,N20,nominal,2.0NRT,302.98,2.06,D,VIIRS
47.87771,37.07835,367,0.44,0.63,2026-08-17,11:21:00,N20,high,2.0NRT,309.4,19.26,D,VIIRS
47.88494,37.14505,345.29,0.45,0.63,2026-08-17,11:21:00,N20,nominal,2.0NRT,302.34,6.58,D,VIIRS
47.88482,37.139,354.45,0.45,0.63,2026-08-17,11:21:00,N20,nominal,2.0NRT,303.72,8.25,D,VIIRS
47.8909,37.15101,335.1,0.45,0.63,2026-08-17,11:21:00,N20,nominal,2.0NRT,303.17,4.28,D,VIIRS
47.84577,35.54113,337.61,0.38,0.58,2026-08-17,11:21:00,N20,nominal,2.0NRT,306.91,3.18,D,VIIRS
46.63974,35.51381,348.81,0.37,0.58,2026-08-17,11:21:00,N20,nominal,2.0NRT,310.39,5.95,D,VIIRS
46.63954,35.50896,342.79,0.37,0.58,2026-08-17,11:21:00,N20,nominal,2.0NRT,309.07,5.95,D,VIIRS
46.63934,35.5041,340.41,0.37,0.58,2026-08-17,11:21:00,N20,nominal,2.0NRT,308.5,3.78,D,VIIRS
46.64571,35.52798,336.45,0.37,0.58,2026-08-17,11:21:00,N20,low,2.0NRT,308.53,2.51,D,VIIRS
46.64449,35.49884,345.11,0.37,0.58,2026-08-17,11:21:00,N20,nominal,2.0NRT,309.96,3.78,D,VIIRS
46.6616,35.52192,348.82,0.37,0.58,2026-08-17,11:21:00,N20,nominal,2.0NRT,310.89,2.89,D,VIIRS
46.66139,35.51707,338.49,0.37,0.58,2026-08-17,11:21:00,N20,nominal,2.0NRT,307.69,2.89,D,VIIRS
46.4725,32.27181,334.19,0.51,0.49,2026-08-17,11:21:00,N20,nominal,2.0NRT,303.2,18.26,D,VIIRS
47.88825,36.78049,331.88,0.43,0.62,2026-08-17,11:21:00,N20,low,2.0NRT,306.75,5.82,D,VIIRS
47.91756,37.98694,367,0.49,0.65,2026-08-17,11:21:00,N20,high,2.0NRT,307.49,8.88,D,VIIRS
47.89296,36.73912,347.85,0.43,0.62,2026-08-17,11:21:00,N20,nominal,2.0NRT,305.56,4.69,D,VIIRS
47.9151,37.47907,367,0.46,0.64,2026-08-17,11:21:00,N20,high,2.0NRT,303.92,7.43,D,VIIRS
47.92102,37.47885,334.38,0.46,0.64,2026-08-17,11:21:00,N20,nominal,2.0NRT,307.1,8.65,D,VIIRS
47.92707,37.48506,367,0.46,0.64,2026-08-17,11:21:00,N20,high,2.0NRT,307.11,8.65,D,VIIRS
47.90139,36.41776,330.41,0.41,0.61,2026-08-17,11:21:00,N20,low,2.0NRT,302.02,1.3,D,VIIRS
47.90687,36.41188,344.9,0.41,0.61,2026-08-17,11:21:00,N20,nominal,2.0NRT,307.43,5.48,D,VIIRS
47.88508,35.72969,347.86,0.38,0.59,2026-08-17,11:21:00,N20,nominal,2.0NRT,303.26,4.11,D,VIIRS
47.88491,35.72458,341.79,0.38,0.59,2026-08-17,11:21:00,N20,nominal,2.0NRT,306.92,4.11,D,VIIRS
47.92019,36.68537,367,0.43,0.62,2026-08-17,11:21:00,N20,high,2.0NRT,303.41,7.47,D,VIIRS
47.90965,36.13415,367,0.4,0.6,2026-08-17,11:21:00,N20,high,2.0NRT,304,12.91,D,VIIRS
47.91522,36.13389,367,0.4,0.6,2026-08-17,11:21:00,N20,high,2.0NRT,301.32,12.91,D,VIIRS
47.9154,36.13945,355.7,0.4,0.6,2026-08-17,11:21:00,N20,nominal,2.0NRT,301.6,14.76,D,VIIRS
47.94896,37.13741,338.15,0.45,0.63,2026-08-17,11:21:00,N20,nominal,2.0NRT,300.44,4.76,D,VIIRS
47.92638,36.31037,341.46,0.41,0.61,2026-08-17,11:21:00,N20,nominal,2.0NRT,299.36,2.94,D,VIIRS
47.93441,36.38863,330.64,0.41,0.61,2026-08-17,11:21:00,N20,nominal,2.0NRT,302.2,2.03,D,VIIRS
47.92886,36.04093,331.27,0.4,0.6,2026-08-17,11:21:00,N20,low,2.0NRT,303.84,3.56,D,VIIRS
47.71733,31.86425,336.32,0.5,0.49,2026-08-17,11:21:00,N20,nominal,2.0NRT,310.21,3.07,D,VIIRS
47.93056,35.77444,342.56,0.39,0.59,2026-08-17,11:21:00,N20,nominal,2.0NRT,303.36,2.16,D,VIIRS
47.72187,31.86366,344.77,0.5,0.49,2026-08-17,11:21:00,N20,nominal,2.0NRT,312.93,11.47,D,VIIRS
47.71815,31.86381,345.65,0.5,0.49,2026-08-17,11:21:00,N20,nominal,2.0NRT,312.33,9.81,D,VIIRS
47.72268,31.8632,343.79,0.5,0.49,2026-08-17,11:21:00,N20,nominal,2.0NRT,310.9,9.81,D,VIIRS
47.94835,37.13686,339.07,0.45,0.63,2026-08-17,11:21:00,N20,nominal,2.0NRT,299.83,4.55,D,VIIRS
47.94843,36.8534,338.18,0.43,0.62,2026-08-17,11:21:00,N20,nominal,2.0NRT,301.29,2.7,D,VIIRS
47.93106,35.77273,338.45,0.39,0.59,2026-08-17,11:21:00,N20,nominal,2.0NRT,302.01,2.85,D,VIIRS
47.95452,36.18633,354.01,0.4,0.6,2026-08-17,11:21:00,N20,nominal,2.0NRT,299.62,8.41,D,VIIRS
47.95436,36.18084,355.14,0.4,0.6,2026-08-17,11:21:00,N20,nominal,2.0NRT,300.55,8.19,D,VIIRS
47.95994,36.18054,331.1,0.4,0.6,2026-08-17,11:21:00,N20,nominal,2.0NRT,299.23,2.26,D,VIIRS
47.97472,36.51529,332.49,0.42,0.61,2026-08-17,11:21:00,N20,nominal,2.0NRT,299.85,3.49,D,VIIRS
47.99907,37.33897,332.84,0.46,0.63,2026-08-17,11:21:00,N20,nominal,2.0NRT,298.98,17.57,D,VIIRS
47.99588,37.17804,332.95,0.45,0.63,2026-08-17,11:21:00,N20,nominal,2.0NRT,300.6,2.55,D,VIIRS
48.00507,37.34506,367,0.46,0.63,2026-08-17,11:21:00,N20,high,2.0NRT,298.17,15.82,D,VIIRS
48.00495,37.33876,367,0.46,0.63,2026-08-17,11:21:00,N20,high,2.0NRT,306.48,17.57,D,VIIRS
48.0052,37.35126,354.22,0.46,0.63,2026-08-17,11:21:00,N20,nominal,2.0NRT,299.1,15.82,D,VIIRS
47.99834,37.01989,332.63,0.44,0.62,2026-08-17,11:21:00,N20,nominal,2.0NRT,301.12,3.49,D,VIIRS
47.99821,37.01387,332.06,0.44,0.62,2026-08-17,11:21:00,N20,nominal,2.0NRT,301.04,3.49,D,VIIRS
47.91357,34.46701,334.37,0.33,0.56,2026-08-17,11:21:00,N20,nominal,2.0NRT,303.97,1.77,D,VIIRS
48.00415,37.01968,337.41,0.44,0.62,2026-08-17,11:21:00,N20,nominal,2.0NRT,298.31,5.27,D,VIIRS
48.00401,37.01363,353.26,0.44,0.62,2026-08-17,11:21:00,N20,nominal,2.0NRT,298.51,5.27,D,VIIRS
48.03551,37.7121,367,0.48,0.64,2026-08-17,11:21:00,N20,high,2.0NRT,299.39,7.76,D,VIIRS
48.02428,37.13964,345.21,0.45,0.63,2026-08-17,11:21:00,N20,nominal,2.0NRT,301.56,6.57,D,VIIRS
48.02414,37.13353,343.62,0.45,0.63,2026-08-17,11:21:00,N20,nominal,2.0NRT,306.56,6.57,D,VIIRS
48.03579,37.13233,345.45,0.45,0.63,2026-08-17,11:21:00,N20,nominal,2.0NRT,301.96,6.93,D,VIIRS
47.6736,29.99193,342.84,0.41,0.45,2026-08-17,11:21:00,N20,nominal,2.0NRT,310.16,4.97,D,VIIRS
48.0473,36.11523,337.54,0.4,0.6,2026-08-17,11:21:00,N20,nominal,2.0NRT,306.6,5.29,D,VIIRS
48.07496,36.84283,333.04,0.43,0.62,2026-08-17,11:21:00,N20,nominal,2.0NRT,299.84,2.08,D,VIIRS
48.05342,36.13132,331.9,0.4,0.6,2026-08-17,11:21:00,N20,low,2.0NRT,303.95,4.47,D,VIIRS
48.05323,36.12585,343.93,0.4,0.6,2026-08-17,11:21:00,N20,nominal,2.0NRT,302.73,4.47,D,VIIRS
47.7275,30.27656,335.9,0.43,0.46,2026-08-17,11:21:00,N20,low,2.0NRT,309.73,4.71,D,VIIRS
47.72706,30.27099,345.53,0.43,0.46,2026-08-17,11:21:00,N20,nominal,2.0NRT,313.01,4.71,D,VIIRS
47.78511,30.97329,337.43,0.46,0.47,2026-08-17,11:21:00,N20,low,2.0NRT,309.89,5.71,D,VIIRS
47.73126,30.27022,338.38,0.43,0.46,2026-08-17,11:21:00,N20,low,2.0NRT,309.09,4.71,D,VIIRS
48.05172,36.12575,349,0.4,0.6,2026-08-17,11:21:00,N20,nominal,2.0NRT,304.17,7.95,D,VIIRS
48.08466,37.29153,330.12,0.46,0.63,2026-08-17,11:21:00,N20,low,2.0NRT,301.18,2.85,D,VIIRS
47.74529,30.23284,348.41,0.43,0.46,2026-08-17,11:21:00,N20,nominal,2.0NRT,314.26,9.4,D,VIIRS
47.74483,30.22722,345.7,0.43,0.46,2026-08-17,11:21:00,N20,nominal,2.0NRT,312.66,6.58,D,VIIRS
48.07861,36.0913,367,0.4,0.6,2026-08-17,11:21:00,N20,high,2.0NRT,307.84,13.35,D,VIIRS
48.1014,36.96639,335.56,0.44,0.62,2026-08-17,11:21:00,N20,nominal,2.0NRT,303.75,3.9,D,VIIRS
48.08417,36.09096,367,0.4,0.6,2026-08-17,11:21:00,N20,high,2.0NRT,306.79,23.9,D,VIIRS
48.10733,36.97225,353.39,0.44,0.62,2026-08-17,11:21:00,N20,nominal,2.0NRT,298.59,8.82,D,VIIRS
48.10719,36.9662,347.23,0.44,0.62,2026-08-17,11:21:00,N20,nominal,2.0NRT,303.11,8.09,D,VIIRS
48.08401,36.0855,349.71,0.4,0.6,2026-08-17,11:21:00,N20,nominal,2.0NRT,304.14,16.94,D,VIIRS
48.10067,36.27017,367,0.41,0.6,2026-08-17,11:21:00,N20,high,2.0NRT,301.44,9.31,D,VIIRS
47.78067,30.19755,351.82,0.42,0.46,2026-08-17,11:21:00,N20,nominal,2.0NRT,314.94,69.44,D,VIIRS
47.7802,30.19178,341.59,0.42,0.46,2026-08-17,11:21:00,N20,low,2.0NRT,313.09,69.44,D,VIIRS
47.72387,29.48916,342.26,0.4,0.44,2026-08-17,11:21:00,N20,nominal,2.0NRT,308.21,7.37,D,VIIRS
47.77295,30.0046,347.3,0.42,0.45,2026-08-17,11:21:00,N20,nominal,2.0NRT,310.91,3.91,D,VIIRS
47.77709,30.00379,335.64,0.42,0.45,2026-08-17,11:21:00,N20,nominal,2.0NRT,307.1,3.91,D,VIIRS
48.18143,37.41362,367,0.46,0.64,2026-08-17,11:21:00,N20,high,2.0NRT,301.98,11.82,D,VIIRS
48.16414,36.70826,367,0.43,0.62,2026-08-17,11:21:00,N20,high,2.0NRT,301.23,10.96,D,VIIRS
48.18129,37.40715,340.04,0.46,0.64,2026-08-17,11:21:00,N20,nominal,2.0NRT,302.54,8.97,D,VIIRS
48.16398,36.70245,331.03,0.43,0.62,2026-08-17,11:21:00,N20,nominal,2.0NRT,304.04,7.99,D,VIIRS
48.11929,35.36252,338.34,0.37,0.58,2026-08-17,11:21:00,N20,nominal,2.0NRT,301.84,2.37,D,VIIRS
48.12167,35.36045,334.07,0.37,0.58,2026-08-17,11:21:00,N20,nominal,2.0NRT,301.16,1.56,D,VIIRS
48.16548,36.70729,367,0.43,0.62,2026-08-17,11:21:00,N20,high,2.0NRT,302.85,12.44,D,VIIRS
48.1793,37.41332,342.91,0.46,0.64,2026-08-17,11:21:00,N20,nominal,2.0NRT,301.53,3.79,D,VIIRS
48.1792,37.40682,333.58,0.46,0.64,2026-08-17,11:21:00,N20,nominal,2.0NRT,300.6,3.79,D,VIIRS
48.18521,37.41308,349.35,0.46,0.64,2026-08-17,11:21:00,N20,nominal,2.0NRT,299.32,8.94,D,VIIRS
48.16593,36.0678,356.11,0.4,0.6,2026-08-17,11:21:00,N20,nominal,2.0NRT,305.31,7.18,D,VIIRS
48.16125,35.91012,334.11,0.39,0.6,2026-08-17,11:21:00,N20,nominal,2.0NRT,302.59,4.06,D,VIIRS
48.16109,35.9048,349.27,0.39,0.6,2026-08-17,11:21:00,N20,nominal,2.0NRT,303.88,4.06,D,VIIRS
48.17408,35.79092,338.39,0.39,0.59,2026-08-17,11:21:00,N20,nominal,2.0NRT,303.79,5.84,D,VIIRS
48.17974,35.79591,367,0.39,0.59,2026-08-17,11:21:00,N20,high,2.0NRT,301.42,26.12,D,VIIRS
48.17957,35.79048,344.25,0.39,0.59,2026-08-17,11:21:00,N20,nominal,2.0NRT,310.61,31.25,D,VIIRS
47.85227,30.07997,343.41,0.42,0.45,2026-08-17,11:21:00,N20,nominal,2.0NRT,311.08,4.84,D,VIIRS
48.20179,36.34335,367,0.41,0.61,2026-08-17,11:21:00,N20,high,2.0NRT,306.57,5.31,D,VIIRS
48.20194,36.34895,332.86,0.41,0.61,2026-08-17,11:21:00,N20,nominal,2.0NRT,301.97,5.31,D,VIIRS
48.20147,36.33187,336.36,0.41,0.61,2026-08-17,11:21:00,N20,nominal,2.0NRT,302.17,6.5,D,VIIRS
48.20131,36.32608,330,0.41,0.61,2026-08-17,11:21:00,N20,low,2.0NRT,302.18,3,D,VIIRS
48.20757,36.34865,367,0.41,0.61,2026-08-17,11:21:00,N20,high,2.0NRT,306.05,49.03,D,VIIRS
48.20742,36.34311,367,0.41,0.61,2026-08-17,11:21:00,N20,high,2.0NRT,330.09,49.03,D,VIIRS
48.20726,36.33753,352.26,0.41,0.61,2026-08-17,11:21:00,N20,nominal,2.0NRT,308.29,22.64,D,VIIRS
48.21321,36.34838,367,0.41,0.61,2026-08-17,11:21:00,N20,high,2.0NRT,305.14,49.03,D,VIIRS
48.21337,36.35406,342.04,0.41,0.61,2026-08-17,11:21:00,N20,nominal,2.0NRT,304.55,11.97,D,VIIRS
48.2129,36.33731,333.32,0.41,0.61,2026-08-17,11:21:00,N20,nominal,2.0NRT,303.78,22.64,D,VIIRS
48.21901,36.35397,334.32,0.41,0.61,2026-08-17,11:21:00,N20,nominal,2.0NRT,301.03,2.61,D,VIIRS
48.22153,36.24682,333.97,0.41,0.6,2026-08-17,11:21:00,N20,nominal,2.0NRT,300.85,4.11,D,VIIRS
48.25238,37.22903,367,0.45,0.63,2026-08-17,11:21:00,N20,high,2.0NRT,301.86,8.53,D,VIIRS
48.22996,36.34211,335.06,0.41,0.61,2026-08-17,11:21:00,N20,nominal,2.0NRT,304.03,7.32,D,VIIRS
48.2298,36.33657,343.28,0.41,0.61,2026-08-17,11:21:00,N20,nominal,2.0NRT,306.6,6.05,D,VIIRS
48.22963,36.33093,352.83,0.41,0.61,2026-08-17,11:21:00,N20,nominal,2.0NRT,303.64,6.05,D,VIIRS
48.25824,37.22879,367,0.45,0.63,2026-08-17,11:21:00,N20,high,2.0NRT,298.49,8.53,D,VIIRS
48.23526,36.33051,367,0.41,0.61,2026-08-17,11:21:00,N20,high,2.0NRT,308.27,6.05,D,VIIRS
48.25032,36.88717,339.04,0.44,0.62,2026-08-17,11:21:00,N20,nominal,2.0NRT,299.44,3.32,D,VIIRS
48.23542,36.33602,341.77,0.41,0.61,2026-08-17,11:21:00,N20,nominal,2.0NRT,305.19,6.05,D,VIIRS
48.265860000000004,37.30984,331.98,0.46,0.63,2026-08-17,11:21:00,N20,nominal,2.0NRT,301.92,2.99,D,VIIRS
47.87931,29.7083,355.59,0.41,0.45,2026-08-17,11:21:00,N20,nominal,2.0NRT,313.31,12.39,D,VIIRS
47.87801,29.71153,340.53,0.41,0.45,2026-08-17,11:21:00,N20,nominal,2.0NRT,305.12,6.64,D,VIIRS
47.87755,29.706,341.67,0.41,0.45,2026-08-17,11:21:00,N20,nominal,2.0NRT,311.14,6.64,D,VIIRS
48.26791,37.19522,333.39,0.45,0.63,2026-08-17,11:21:00,N20,nominal,2.0NRT,297.38,2.06,D,VIIRS
48.1021,32.4027,341.69,0.54,0.51,2026-08-17,11:21:00,N20,nominal,2.0NRT,305.72,11.59,D,VIIRS
48.10165,32.39538,339.66,0.54,0.51,2026-08-17,11:21:00,N20,nominal,2.0NRT,307.65,9.3,D,VIIRS
48.10633,32.39484,332.32,0.54,0.51,2026-08-17,11:21:00,N20,low,2.0NRT,306.06,3.48,D,VIIRS
47.87843,29.33044,330.87,0.39,0.44,2026-08-17,11:21:00,N20,low,2.0NRT,303.66,3.46,D,VIIRS
48.11056,32.38699,337.21,0.54,0.51,2026-08-17,11:21:00,N20,nominal,2.0NRT,306.07,3.48,D,VIIRS
48.31266,37.08898,337.98,0.45,0.63,2026-08-17,11:21:00,N20,nominal,2.0NRT,301.29,6.27,D,VIIRS
48.32129,36.94869,333.97,0.44,0.62,2026-08-17,11:21:00,N20,nominal,2.0NRT,301.92,2.21,D,VIIRS
47.92905,29.6751,340.12,0.4,0.45,2026-08-17,11:21:00,N20,nominal,2.0NRT,307.43,1.81,D,VIIRS
48.22363,34.01264,333,0.32,0.55,2026-08-17,11:21:00,N20,nominal,2.0NRT,300.82,1.79,D,VIIRS
46.65882,35.51523,338.37,0.37,0.58,2026-08-17,11:21:00,N20,low,2.0NRT,308.51,2.66,D,VIIRS
46.66455,35.52451,338.19,0.37,0.58,2026-08-17,11:21:00,N20,nominal,2.0NRT,307.18,6.94,D,VIIRS
46.53552,32.82321,343.43,0.54,0.51,2026-08-17,11:21:00,N20,nominal,2.0NRT,308.85,6.27,D,VIIRS
46.52134,32.59704,341.72,0.53,0.5,2026-08-17,11:21:00,N20,nominal,2.0NRT,305.84,10.9,D,VIIRS
46.54066,32.82978,343.11,0.54,0.51,2026-08-17,11:21:00,N20,nominal,2.0NRT,310.71,6.93,D,VIIRS
46.52822,32.63143,354.71,0.53,0.5,2026-08-17,11:21:00,N20,nominal,2.0NRT,302.91,14.62,D,VIIRS
46.49275,32.09412,343.2,0.5,0.49,2026-08-17,11:21:00,N20,nominal,2.0NRT,308.72,9.82,D,VIIRS
46.66516,35.13677,338.71,0.35,0.57,2026-08-17,11:21:00,N20,low,2.0NRT,312.02,3.15,D,VIIRS
46.54581,32.83635,354.16,0.54,0.51,2026-08-17,11:21:00,N20,nominal,2.0NRT,312.01,10.33,D,VIIRS
46.49728,32.09348,340.02,0.5,0.49,2026-08-17,11:21:00,N20,nominal,2.0NRT,297.78,6.02,D,VIIRS
46.55809,32.95863,342.58,0.55,0.51,2026-08-17,11:21:00,N20,nominal,2.0NRT,308.66,11.37,D,VIIRS
46.55765,32.95139,337.54,0.55,0.51,2026-08-17,11:21:00,N20,nominal,2.0NRT,309.63,11.29,D,VIIRS
46.64441,34.34088,367,0.32,0.55,2026-08-17,11:21:00,N20,high,2.0NRT,316.99,14.85,D,VIIRS
46.55658,32.63477,340.25,0.53,0.5,2026-08-17,11:21:00,N20,nominal,2.0NRT,302.21,7.39,D,VIIRS
46.5617,32.64119,340.66,0.53,0.5,2026-08-17,11:21:00,N20,nominal,2.0NRT,302.59,14.45,D,VIIRS
46.80243,36.29255,340.04,0.4,0.6,2026-08-17,11:21:00,N20,nominal,2.0NRT,309.79,2.45,D,VIIRS
46.76902,36.29479,344.02,0.4,0.6,2026-08-17,11:21:00,N20,nominal,2.0NRT,311.45,2.38,D,VIIRS
46.76884,36.28943,337.03,0.4,0.6,2026-08-17,11:21:00,N20,nominal,2.0NRT,310.06,2.38,D,VIIRS
46.75504,35.76593,367,0.38,0.59,2026-08-17,11:21:00,N20,high,2.0NRT,312.2,5.08,D,VIIRS
46.75286,35.7108,336.4,0.38,0.58,2026-08-17,11:21:00,N20,low,2.0NRT,310.32,4.05,D,VIIRS
46.75266,35.70582,347.28,0.38,0.58,2026-08-17,11:21:00,N20,nominal,2.0NRT,311.79,3.56,D,VIIRS
46.52756,31.75527,334.42,0.48,0.48,2026-08-17,11:21:00,N20,low,2.0NRT,307.19,4.07,D,VIIRS
46.76046,35.76553,351.62,0.38,0.59,2026-08-17,11:21:00,N20,nominal,2.0NRT,310.43,5.08,D,VIIRS
46.73971,35.2678,336.54,0.36,0.57,2026-08-17,11:21:00,N20,low,2.0NRT,308.23,2.76,D,VIIRS
46.80106,36.29493,335.83,0.4,0.6,2026-08-17,11:21:00,N20,nominal,2.0NRT,308.26,2.89,D,VIIRS
46.80089,36.28959,341.94,0.4,0.6,2026-08-17,11:21:00,N20,nominal,2.0NRT,311.68,2.89,D,VIIRS
46.34771,29.06623,341.07,0.55,0.43,2026-08-17,11:21:00,N20,low,2.0NRT,315.83,8.28,D,VIIRS
46.36009,29.07083,343.42,0.55,0.43,2026-08-17,11:21:00,N20,low,2.0NRT,317.03,13.37,D,VIIRS
46.35943,29.06389,345.71,0.55,0.43,2026-08-17,11:21:00,N20,nominal,2.0NRT,314.34,13.37,D,VIIRS
46.82986,36.50479,367,0.41,0.61,2026-08-17,11:21:00,N20,high,2.0NRT,314.1,9.75,D,VIIRS
46.36467,29.07711,337.02,0.55,0.43,2026-08-17,11:21:00,N20,low,2.0NRT,310.47,5.87,D,VIIRS
46.364,29.07004,342.35,0.55,0.43,2026-08-17,11:21:00,N20,low,2.0NRT,315.19,37.77,D,VIIRS
46.83549,36.50458,367,0.41,0.61,2026-08-17,11:21:00,N20,high,2.0NRT,312.03,9.75,D,VIIRS
46.3679,29.06927,350.26,0.55,0.43,2026-08-17,11:21:00,N20,nominal,2.0NRT,317.17,37.77,D,VIIRS
46.68119,33.009,340.02,0.56,0.51,2026-08-17,11:21:00,N20,nominal,2.0NRT,302.79,5.22,D,VIIRS
46.68075,33.00163,342.82,0.56,0.51,2026-08-17,11:21:00,N20,nominal,2.0NRT,310.54,10.78,D,VIIRS
46.6776,32.95035,355.65,0.55,0.51,2026-08-17,11:21:00,N20,nominal,2.0NRT,310.71,6.77,D,VIIRS
46.37181,29.06846,347.16,0.55,0.43,2026-08-17,11:21:00,N20,nominal,2.0NRT,316.23,28.73,D,VIIRS
46.75219,35.30953,342.03,0.36,0.57,2026-08-17,11:21:00,N20,nominal,2.0NRT,310.75,4.34,D,VIIRS
46.79686,36.29294,343.37,0.4,0.6,2026-08-17,11:21:00,N20,nominal,2.0NRT,310.16,2.45,D,VIIRS
46.75688,35.29492,338.29,0.36,0.57,2026-08-17,11:21:00,N20,low,2.0NRT,311.47,3.02,D,VIIRS
46.64179,32.92632,347.95,0.55,0.51,2026-08-17,11:21:00,N20,nominal,2.0NRT,319.11,82.58,D,VIIRS
46.59401,32.37004,342.18,0.52,0.5,2026-08-17,11:21:00,N20,nominal,2.0NRT,311.55,3.38,D,VIIRS
46.75529,35.29622,337.71,0.36,0.57,2026-08-17,11:21:00,N20,low,2.0NRT,312.1,3.24,D,VIIRS
46.63799,32.92578,354.54,0.55,0.51,2026-08-17,11:21:00,N20,nominal,2.0NRT,314,50.84,D,VIIRS
46.64272,32.92525,355.64,0.55,0.51,2026-08-17,11:21:00,N20,nominal,2.0NRT,312.12,50.84,D,VIIRS
44.86793,33.77647,339.05,0.58,0.52,2026-08-17,11:21:00,N20,nominal,2.0NRT,303.05,2.06,D,VIIRS
44.87131,33.77641,342.15,0.58,0.52,2026-08-17,11:21:00,N20,nominal,2.0NRT,304.79,6.69,D,VIIRS
45.18522,33.85523,342.99,0.59,0.53,2026-08-17,11:21:00,N20,nominal,2.0NRT,308.55,4.35,D,VIIRS
45.69641,33.41555,343.08,0.57,0.52,2026-08-17,11:21:00,N20,nominal,2.0NRT,310.38,5.32,D,VIIRS
45.69603,33.41592,342.79,0.57,0.52,2026-08-17,11:21:00,N20,nominal,2.0NRT,310.07,7.56,D,VIIRS
45.41628,29.49529,333.65,0.56,0.43,2026-08-17,11:21:00,N20,nominal,2.0NRT,300.98,41.3,D,VIIRS
45.39152,28.68652,342.08,0.52,0.41,2026-08-17,11:21:00,N20,low,2.0NRT,314.15,10.59,D,VIIRS
45.54597,29.27279,343.03,0.55,0.43,2026-08-17,11:21:00,N20,nominal,2.0NRT,313.7,5.44,D,VIIRS
45.93295,34.36128,348.01,0.32,0.54,2026-08-17,11:21:00,N20,nominal,2.0NRT,310.7,3.02,D,VIIRS
45.93273,34.35714,350.9,0.32,0.54,2026-08-17,11:21:00,N20,nominal,2.0NRT,312.2,3.02,D,VIIRS
45.93251,34.35299,339.35,0.32,0.54,2026-08-17,11:21:00,N20,nominal,2.0NRT,312.13,2.8,D,VIIRS
45.54988,29.27203,350.85,0.55,0.43,2026-08-17,11:21:00,N20,nominal,2.0NRT,316.11,19.71,D,VIIRS
45.95939,34.57457,343.71,0.33,0.55,2026-08-17,11:21:00,N20,nominal,2.0NRT,307.72,4.57,D,VIIRS
45.61368,29.43366,335.61,0.56,0.43,2026-08-17,11:21:00,N20,nominal,2.0NRT,306.19,2.24,D,VIIRS
45.61266,29.43375,335.4,0.56,0.43,2026-08-17,11:21:00,N20,nominal,2.0NRT,306.46,3.64,D,VIIRS
45.6604,29.55723,355.94,0.57,0.43,2026-08-17,11:21:00,N20,nominal,2.0NRT,308.85,16.26,D,VIIRS
46.07812,34.73389,343.92,0.33,0.55,2026-08-17,11:21:00,N20,nominal,2.0NRT,310.19,3.78,D,VIIRS
46.0779,34.72949,354.91,0.33,0.55,2026-08-17,11:21:00,N20,nominal,2.0NRT,314.37,3.78,D,VIIRS
46.08304,34.72897,344.57,0.33,0.55,2026-08-17,11:21:00,N20,nominal,2.0NRT,310.6,3.78,D,VIIRS
46.08238,34.71597,346.71,0.33,0.55,2026-08-17,11:21:00,N20,nominal,2.0NRT,309.67,2.85,D,VIIRS
46.21067,34.01154,349.09,0.62,0.54,2026-08-17,11:21:00,N20,nominal,2.0NRT,313.78,13.29,D,VIIRS
46.21431,33.98661,340.18,0.61,0.54,2026-08-17,11:21:00,N20,low,2.0NRT,314.87,7.88,D,VIIRS
45.95457,30.26168,338.15,0.41,0.45,2026-08-17,11:21:00,N20,low,2.0NRT,311.21,4.08,D,VIIRS
46.26064,34.28717,348.71,0.64,0.54,2026-08-17,11:21:00,N20,nominal,2.0NRT,310.86,16.87,D,VIIRS
46.27026,34.2778,340.36,0.64,0.54,2026-08-17,11:21:00,N20,low,2.0NRT,311.26,6.5,D,VIIRS
46.24897,33.89421,347.39,0.61,0.53,2026-08-17,11:21:00,N20,nominal,2.0NRT,311.96,11.35,D,VIIRS
45.98623,30.14934,345.99,0.4,0.44,2026-08-17,11:21:00,N20,nominal,2.0NRT,311.82,4.15,D,VIIRS
45.9908,30.15382,347.35,0.4,0.44,2026-08-17,11:21:00,N20,nominal,2.0NRT,311.41,4.15,D,VIIRS
46.26933,34.27814,337.08,0.64,0.54,2026-08-17,11:21:00,N20,low,2.0NRT,310.44,9.16,D,VIIRS
46.25009,33.89394,344.54,0.61,0.53,2026-08-17,11:21:00,N20,nominal,2.0NRT,310.15,6,D,VIIRS
46.27437,34.27765,355.57,0.64,0.54,2026-08-17,11:21:00,N20,low,2.0NRT,309.7,9.16,D,VIIRS
46.03065,30.19721,340.2,0.41,0.45,2026-08-17,11:21:00,N20,low,2.0NRT,310.94,4.58,D,VIIRS
46.03476,30.19647,348.02,0.41,0.45,2026-08-17,11:21:00,N20,nominal,2.0NRT,312.97,4.58,D,VIIRS
46.04016,30.11553,367,0.4,0.44,2026-08-17,11:21:00,N20,high,2.0NRT,311.94,49.13,D,VIIRS
46.04425,30.1148,367,0.4,0.44,2026-08-17,11:21:00,N20,low,2.0NRT,327.61,49.13,D,VIIRS
46.3309,33.82881,339.69,0.6,0.53,2026-08-17,11:21:00,N20,low,2.0NRT,312.75,6.65,D,VIIRS
46.25494,32.53073,345.29,0.52,0.5,2026-08-17,11:21:00,N20,nominal,2.0NRT,306.56,5.56,D,VIIRS
46.25447,32.52388,343.97,0.52,0.5,2026-08-17,11:21:00,N20,nominal,2.0NRT,309.13,5.56,D,VIIRS
46.40064,34.87171,352.74,0.34,0.56,2026-08-17,11:21:00,N20,nominal,2.0NRT,310.67,6.2,D,VIIRS
46.30246,33.11026,335.42,0.56,0.51,2026-08-17,11:21:00,N20,low,2.0NRT,308.45,5.24,D,VIIRS
46.30721,33.10967,337.48,0.56,0.51,2026-08-17,11:21:00,N20,low,2.0NRT,310.44,5.24,D,VIIRS
46.41101,34.87078,348.99,0.34,0.56,2026-08-17,11:21:00,N20,nominal,2.0NRT,309.38,5.69,D,VIIRS
46.41079,34.86629,348.26,0.34,0.56,2026-08-17,11:21:00,N20,nominal,2.0NRT,312.51,6.24,D,VIIRS
46.3153,33.08655,350.81,0.56,0.51,2026-08-17,11:21:00,N20,nominal,2.0NRT,309.43,11.15,D,VIIRS
46.38004,33.99328,355.57,0.62,0.54,2026-08-17,11:21:00,N20,nominal,2.0NRT,313.85,26.88,D,VIIRS
46.37957,33.98516,340.63,0.62,0.54,2026-08-17,11:21:00,N20,low,2.0NRT,315.44,21.99,D,VIIRS
46.32433,33.07808,343.27,0.56,0.51,2026-08-17,11:21:00,N20,nominal,2.0NRT,310.45,10,D,VIIRS
46.11707,30.37169,350.17,0.41,0.45,2026-08-17,11:21:00,N20,nominal,2.0NRT,309.82,13.09,D,VIIRS
46.1166,30.3663,351.39,0.41,0.45,2026-08-17,11:21:00,N20,nominal,2.0NRT,311.6,13.09,D,VIIRS
46.32954,33.08482,343.46,0.56,0.51,2026-08-17,11:21:00,N20,nominal,2.0NRT,309.49,12.21,D,VIIRS
46.32907,33.0775,356.74,0.56,0.51,2026-08-17,11:21:00,N20,nominal,2.0NRT,313.41,39.75,D,VIIRS
46.32859,33.0702,338.61,0.56,0.51,2026-08-17,11:21:00,N20,nominal,2.0NRT,307.03,39.75,D,VIIRS
46.12074,30.36558,346.49,0.41,0.45,2026-08-17,11:21:00,N20,nominal,2.0NRT,311.37,6.74,D,VIIRS
46.33429,33.08424,343.09,0.56,0.51,2026-08-17,11:21:00,N20,nominal,2.0NRT,306.91,12.21,D,VIIRS
46.33382,33.07693,349.4,0.56,0.51,2026-08-17,11:21:00,N20,nominal,2.0NRT,323.7,39.75,D,VIIRS
46.12487,30.36482,341.59,0.41,0.45,2026-08-17,11:21:00,N20,nominal,2.0NRT,305.94,6.74,D,VIIRS
46.12439,30.3594,340.03,0.41,0.45,2026-08-17,11:21:00,N20,nominal,2.0NRT,310.27,7.96,D,VIIRS
46.11901,30.37365,335.63,0.41,0.45,2026-08-17,11:21:00,N20,nominal,2.0NRT,304.07,8.56,D,VIIRS
46.11856,30.36824,356.01,0.41,0.45,2026-08-17,11:21:00,N20,nominal,2.0NRT,311.91,8.56,D,VIIRS
46.11811,30.36282,340.89,0.41,0.45,2026-08-17,11:21:00,N20,nominal,2.0NRT,307.95,8.32,D,VIIRS
46.31591,33.08491,347.55,0.56,0.51,2026-08-17,11:21:00,N20,nominal,2.0NRT,309.59,7.89,D,VIIRS
46.8623,36.83944,338.73,0.43,0.62,2026-08-17,11:21:00,N20,low,2.0NRT,312.03,5.54,D,VIIRS
50.25552,36.94387,331.07,0.45,0.63,2026-08-17,11:23:00,N20,nominal,2.0NRT,296.31,6.03,D,VIIRS
50.24501,36.32512,356.07,0.42,0.61,2026-08-17,11:23:00,N20,nominal,2.0NRT,299.14,8.01,D,VIIRS
50.24489,36.31901,332.38,0.42,0.61,2026-08-17,11:23:00,N20,nominal,2.0NRT,299.95,8.86,D,VIIRS
50.25083,36.33109,351.3,0.42,0.61,2026-08-17,11:23:00,N20,nominal,2.0NRT,296.69,11.64,D,VIIRS
50.25071,36.325,353.6,0.42,0.61,2026-08-17,11:23:00,N20,nominal,2.0NRT,304.38,11.64,D,VIIRS
50.29033,36.92431,329.24,0.45,0.63,2026-08-17,11:23:00,N20,nominal,2.0NRT,296.16,3.1,D,VIIRS
50.31351,37.29667,338.07,0.47,0.64,2026-08-17,11:23:00,N20,nominal,2.0NRT,299.96,6.19,D,VIIRS
50.31142,36.23738,337.9,0.42,0.61,2026-08-17,11:23:00,N20,nominal,2.0NRT,297.92,3.46,D,VIIRS
50.31129,36.23137,331.69,0.42,0.61,2026-08-17,11:23:00,N20,nominal,2.0NRT,298.33,3.56,D,VIIRS
50.33844,36.99887,342.77,0.45,0.63,2026-08-17,11:23:00,N20,nominal,2.0NRT,296.83,6.72,D,VIIRS
50.33833,36.99244,341.82,0.45,0.63,2026-08-17,11:23:00,N20,nominal,2.0NRT,299.02,6.98,D,VIIRS
50.35574,36.08941,340.92,0.41,0.61,2026-08-17,11:23:00,N20,nominal,2.0NRT,298.58,3.96,D,VIIRS
50.58983,35.3315,336.27,0.38,0.59,2026-08-17,11:23:00,N20,nominal,2.0NRT,298.25,4.22,D,VIIRS
50.59512,35.32544,345.29,0.38,0.59,2026-08-17,11:23:00,N20,nominal,2.0NRT,299.89,5.67,D,VIIRS
48.35195,37.0206,339.5,0.44,0.63,2026-08-17,11:23:00,N20,nominal,2.0NRT,300.07,2.81,D,VIIRS
47.94995,29.67614,343.62,0.4,0.45,2026-08-17,11:23:00,N20,nominal,2.0NRT,312.59,7.01,D,VIIRS
51.99899,31.97874,339.94,0.56,0.52,2026-08-17,11:23:00,N20,nominal,2.0NRT,299.34,7.09,D,VIIRS
51.99942,31.987,331.46,0.56,0.52,2026-08-17,11:23:00,N20,nominal,2.0NRT,299.03,7.09,D,VIIRS
51.90664,32.05011,329.32,0.56,0.52,2026-08-17,11:23:00,N20,nominal,2.0NRT,295.98,3.97,D,VIIRS
47.94291,29.59524,344.37,0.4,0.44,2026-08-17,11:23:00,N20,nominal,2.0NRT,308.8,4.29,D,VIIRS
48.37217,37.7379,348.56,0.48,0.65,2026-08-17,11:23:00,N20,nominal,2.0NRT,299.74,4.96,D,VIIRS
48.37205,37.73053,342.07,0.48,0.65,2026-08-17,11:23:00,N20,nominal,2.0NRT,301.64,4.96,D,VIIRS
47.95404,29.67533,343.77,0.4,0.45,2026-08-17,11:23:00,N20,nominal,2.0NRT,313.01,7.01,D,VIIRS
47.95356,29.66983,341.48,0.4,0.45,2026-08-17,11:23:00,N20,low,2.0NRT,316.33,7.01,D,VIIRS
48.37817,37.73749,340.07,0.48,0.65,2026-08-17,11:23:00,N20,nominal,2.0NRT,302.27,5.59,D,VIIRS
48.37336,37.47611,337.99,0.47,0.64,2026-08-17,11:23:00,N20,nominal,2.0NRT,299.94,3.16,D,VIIRS
48.3843,37.74442,367,0.48,0.65,2026-08-17,11:23:00,N20,high,2.0NRT,303.43,16.05,D,VIIRS
48.38417,37.73721,331.43,0.48,0.65,2026-08-17,11:23:00,N20,nominal,2.0NRT,301.98,5.59,D,VIIRS
48.42167,39.87152,330.33,0.6,0.71,2026-08-17,11:23:00,N20,low,2.0NRT,300.51,2.71,D,VIIRS
48.40229,37.74369,331.79,0.48,0.65,2026-08-17,11:23:00,N20,nominal,2.0NRT,301.68,6.59,D,VIIRS
48.40842,37.75026,346.7,0.48,0.65,2026-08-17,11:23:00,N20,nominal,2.0NRT,298.3,6.59,D,VIIRS
48.40829,37.74353,354.12,0.48,0.65,2026-08-17,11:23:00,N20,nominal,2.0NRT,301.01,6.59,D,VIIRS
48.28299,33.88306,334.96,0.63,0.54,2026-08-17,11:23:00,N20,nominal,2.0NRT,304.79,7.84,D,VIIRS
48.37432,37.73765,367,0.48,0.65,2026-08-17,11:23:00,N20,high,2.0NRT,301.99,6.41,D,VIIRS
48.38032,37.73724,339.17,0.48,0.65,2026-08-17,11:23:00,N20,nominal,2.0NRT,301.61,6.41,D,VIIRS
48.37674,37.47559,337.54,0.47,0.64,2026-08-17,11:23:00,N20,nominal,2.0NRT,299.66,5.62,D,VIIRS
48.38641,37.74416,367,0.48,0.65,2026-08-17,11:23:00,N20,high,2.0NRT,302.29,11.88,D,VIIRS
48.28245,33.88458,337.87,0.63,0.54,2026-08-17,11:23:00,N20,nominal,2.0NRT,304.92,5.27,D,VIIRS
48.00954,29.70782,342.93,0.41,0.45,2026-08-17,11:23:00,N20,nominal,2.0NRT,309.65,3.35,D,VIIRS
48.4045,37.75018,334.86,0.48,0.65,2026-08-17,11:23:00,N20,nominal,2.0NRT,299.6,8.67,D,VIIRS
48.40441,37.74332,355.73,0.48,0.65,2026-08-17,11:23:00,N20,nominal,2.0NRT,302.54,11.23,D,VIIRS
48.01364,29.70702,344.41,0.41,0.45,2026-08-17,11:23:00,N20,nominal,2.0NRT,306.05,3.35,D,VIIRS
49.88414,37.68695,335.72,0.48,0.65,2026-08-17,11:23:00,N20,nominal,2.0NRT,297.64,3.9,D,VIIRS
49.89,37.6718,344.17,0.48,0.65,2026-08-17,11:23:00,N20,nominal,2.0NRT,295.86,21.99,D,VIIRS
49.88992,37.66442,348.93,0.48,0.65,2026-08-17,11:23:00,N20,nominal,2.0NRT,305.24,20.22,D,VIIRS
49.88985,37.65745,330.76,0.48,0.65,2026-08-17,11:23:00,N20,nominal,2.0NRT,297.82,20.22,D,VIIRS
49.89657,37.72029,339.07,0.49,0.65,2026-08-17,11:23:00,N20,nominal,2.0NRT,300.53,5.77,D,VIIRS
49.91636,37.8739,351.14,0.49,0.65,2026-08-17,11:23:00,N20,nominal,2.0NRT,297.47,5.6,D,VIIRS
49.91629,37.86694,334.36,0.49,0.65,2026-08-17,11:23:00,N20,nominal,2.0NRT,298.28,5.6,D,VIIRS
49.916,37.83923,338.55,0.49,0.65,2026-08-17,11:23:00,N20,nominal,2.0NRT,299.16,7.22,D,VIIRS
49.90588,37.10375,330.52,0.46,0.63,2026-08-17,11:23:00,N20,nominal,2.0NRT,297.25,1.48,D,VIIRS
49.92244,37.87402,346.72,0.49,0.65,2026-08-17,11:23:00,N20,nominal,2.0NRT,297.66,5.6,D,VIIRS
49.92103,37.747,332.96,0.49,0.65,2026-08-17,11:23:00,N20,nominal,2.0NRT,297.49,2.45,D,VIIRS
49.97114,37.88099,353.66,0.49,0.65,2026-08-17,11:23:00,N20,nominal,2.0NRT,294.29,18.07,D,VIIRS
49.97105,37.87401,351.72,0.49,0.65,2026-08-17,11:23:00,N20,nominal,2.0NRT,298.6,20.61,D,VIIRS
49.96552,37.87925,341.85,0.49,0.65,2026-08-17,11:23:00,N20,nominal,2.0NRT,296.14,4.64,D,VIIRS
49.96547,37.87222,330.16,0.49,0.65,2026-08-17,11:23:00,N20,nominal,2.0NRT,297.46,4.64,D,VIIRS
49.9716,37.87916,367,0.49,0.65,2026-08-17,11:23:00,N20,high,2.0NRT,294.11,8.88,D,VIIRS
49.97154,37.87218,346.3,0.49,0.65,2026-08-17,11:23:00,N20,nominal,2.0NRT,295.65,8.88,D,VIIRS
49.33648,26.42424,343.1,0.47,0.4,2026-08-17,11:23:00,N20,nominal,2.0NRT,292.63,10.12,D,VIIRS
50.04454,37.06479,338.86,0.46,0.63,2026-08-17,11:23:00,N20,nominal,2.0NRT,300.86,7.11,D,VIIRS
50.05053,37.07107,338.66,0.46,0.63,2026-08-17,11:23:00,N20,nominal,2.0NRT,301.08,10.29,D,VIIRS
50.04303,37.06476,330.6,0.46,0.63,2026-08-17,11:23:00,N20,nominal,2.0NRT,299.85,3.06,D,VIIRS
50.04899,37.07098,332.7,0.46,0.63,2026-08-17,11:23:00,N20,nominal,2.0NRT,300.96,3.06,D,VIIRS
50.0489,37.06453,332.73,0.46,0.63,2026-08-17,11:23:00,N20,nominal,2.0NRT,299.58,3.06,D,VIIRS
50.14986,36.85204,331.44,0.45,0.63,2026-08-17,11:23:00,N20,nominal,2.0NRT,296.55,2.81,D,VIIRS
50.2506,36.93791,348.53,0.45,0.63,2026-08-17,11:23:00,N20,nominal,2.0NRT,298.88,5.61,D,VIIRS
50.25657,36.94414,331.04,0.45,0.63,2026-08-17,11:23:00,N20,nominal,2.0NRT,296.33,7.56,D,VIIRS
50.25645,36.93778,335.58,0.45,0.63,2026-08-17,11:23:00,N20,nominal,2.0NRT,299.49,5.61,D,VIIRS
50.24316,36.32596,347,0.42,0.61,2026-08-17,11:23:00,N20,nominal,2.0NRT,297.44,4.95,D,VIIRS
50.243,36.31985,339.61,0.42,0.61,2026-08-17,11:23:00,N20,nominal,2.0NRT,299.12,4.95,D,VIIRS
50.249,36.33178,344.31,0.42,0.61,2026-08-17,11:23:00,N20,nominal,2.0NRT,296.58,12.32,D,VIIRS
50.24885,36.32571,354.93,0.42,0.61,2026-08-17,11:23:00,N20,nominal,2.0NRT,304.63,19.99,D,VIIRS
50.25543,36.9375,367,0.45,0.63,2026-08-17,11:23:00,N20,high,2.0NRT,300.99,6.03,D,VIIRS
51.39933,30.23569,341.71,0.47,0.47,2026-08-17,11:23:00,N20,nominal,2.0NRT,299.13,7.04,D,VIIRS
51.3959,30.24998,335.06,0.47,0.48,2026-08-17,11:23:00,N20,nominal,2.0NRT,303.41,8.42,D,VIIRS
51.35302,30.27098,333.23,0.47,0.48,2026-08-17,11:23:00,N20,nominal,2.0NRT,300.85,3.54,D,VIIRS
51.34955,30.28528,329.75,0.47,0.48,2026-08-17,11:23:00,N20,nominal,2.0NRT,299.28,7.38,D,VIIRS
51.34078,30.28677,340.98,0.47,0.48,2026-08-17,11:23:00,N20,nominal,2.0NRT,299.19,7.93,D,VIIRS
51.34134,30.28995,352.18,0.47,0.48,2026-08-17,11:23:00,N20,nominal,2.0NRT,297.84,9.5,D,VIIRS
50.9136,26.19532,337.15,0.48,0.4,2026-08-17,11:23:00,N20,nominal,2.0NRT,296.11,3.92,D,VIIRS
51.02148,30.72024,339.96,0.48,0.48,2026-08-17,11:23:00,N20,nominal,2.0NRT,299.01,12.48,D,VIIRS
50.67932,26.83189,331.72,0.51,0.41,2026-08-17,11:23:00,N20,nominal,2.0NRT,297.1,6.77,D,VIIRS
51.1614,34.88686,354.98,0.37,0.58,2026-08-17,11:23:00,N20,nominal,2.0NRT,291.28,6.01,D,VIIRS
51.162350000000004,34.9188,348.66,0.37,0.58,2026-08-17,11:23:00,N20,nominal,2.0NRT,288.24,4.35,D,VIIRS
51.1625,34.92416,331.01,0.37,0.58,2026-08-17,11:23:00,N20,nominal,2.0NRT,288.27,4.35,D,VIIRS
51.15601,34.88705,351.25,0.37,0.58,2026-08-17,11:23:00,N20,nominal,2.0NRT,295,6.01,D,VIIRS
51.15618,34.89249,348.2,0.37,0.58,2026-08-17,11:23:00,N20,nominal,2.0NRT,292.87,6.01,D,VIIRS
51.15696,34.9192,333.89,0.37,0.58,2026-08-17,11:23:00,N20,nominal,2.0NRT,291.21,4.35,D,VIIRS
48.41051,37.74995,330.28,0.48,0.65,2026-08-17,11:23:00,N20,nominal,2.0NRT,298.51,4.28,D,VIIRS
48.41892,37.18325,367,0.45,0.63,2026-08-17,11:23:00,N20,high,2.0NRT,300.94,10.99,D,VIIRS
48.42581,37.57188,331.97,0.47,0.64,2026-08-17,11:23:00,N20,nominal,2.0NRT,298.24,2.51,D,VIIRS
48.42478,37.18299,350.46,0.45,0.63,2026-08-17,11:23:00,N20,nominal,2.0NRT,299.12,4.7,D,VIIRS
48.42063,36.9811,331.55,0.44,0.63,2026-08-17,11:23:00,N20,nominal,2.0NRT,298.88,2.94,D,VIIRS
48.41038,36.54132,350.36,0.42,0.61,2026-08-17,11:23:00,N20,nominal,2.0NRT,307.87,6,D,VIIRS
48.4225,36.80528,367,0.43,0.62,2026-08-17,11:23:00,N20,high,2.0NRT,298.45,18.95,D,VIIRS
48.42236,36.79932,350.38,0.43,0.62,2026-08-17,11:23:00,N20,nominal,2.0NRT,308.24,23.51,D,VIIRS
48.42812,36.79913,331.13,0.43,0.62,2026-08-17,11:23:00,N20,nominal,2.0NRT,301.54,4.67,D,VIIRS
48.42798,36.79325,349.15,0.43,0.62,2026-08-17,11:23:00,N20,nominal,2.0NRT,304.82,4.67,D,VIIRS
48.45139,37.3412,367,0.46,0.64,2026-08-17,11:23:00,N20,high,2.0NRT,302.18,6.75,D,VIIRS
48.46225,37.61032,367,0.47,0.64,2026-08-17,11:23:00,N20,high,2.0NRT,299.91,11.55,D,VIIRS
48.40826,35.39505,367,0.37,0.58,2026-08-17,11:23:00,N20,high,2.0NRT,299.91,5.87,D,VIIRS
48.47001,37.71503,335.32,0.48,0.65,2026-08-17,11:23:00,N20,nominal,2.0NRT,298.61,2.92,D,VIIRS
48.48981,37.82217,367,0.48,0.65,2026-08-17,11:23:00,N20,high,2.0NRT,308.15,14.79,D,VIIRS
48.4711,36.6786,367,0.43,0.62,2026-08-17,11:23:00,N20,high,2.0NRT,304.97,5.71,D,VIIRS
48.49583,37.82162,356.15,0.48,0.65,2026-08-17,11:23:00,N20,nominal,2.0NRT,300.29,8.6,D,VIIRS
48.47125,36.68447,342.91,0.43,0.62,2026-08-17,11:23:00,N20,nominal,2.0NRT,300.36,11.74,D,VIIRS
48.47094,36.67276,333.66,0.43,0.62,2026-08-17,11:23:00,N20,nominal,2.0NRT,300.49,5.71,D,VIIRS
48.3797,34.21804,342.22,0.33,0.55,2026-08-17,11:23:00,N20,nominal,2.0NRT,306.88,2.21,D,VIIRS
48.47715,36.69035,367,0.43,0.62,2026-08-17,11:23:00,N20,high,2.0NRT,306.08,11.74,D,VIIRS
48.49831,37.62256,344.57,0.47,0.64,2026-08-17,11:23:00,N20,nominal,2.0NRT,300.65,6.08,D,VIIRS
48.47699,36.68441,334.77,0.43,0.62,2026-08-17,11:23:00,N20,nominal,2.0NRT,304.05,11.74,D,VIIRS
48.47683,36.6785,341.86,0.43,0.62,2026-08-17,11:23:00,N20,nominal,2.0NRT,302.33,5.71,D,VIIRS
48.38481,34.21743,333.53,0.33,0.55,2026-08-17,11:23:00,N20,low,2.0NRT,305.81,2.21,D,VIIRS
48.52354,39.20527,344.63,0.56,0.69,2026-08-17,11:23:00,N20,nominal,2.0NRT,299.98,10.88,D,VIIRS
48.50225,37.5179,333,0.47,0.64,2026-08-17,11:23:00,N20,nominal,2.0NRT,298.27,2.81,D,VIIRS
48.4955,37.19965,338.63,0.45,0.63,2026-08-17,11:23:00,N20,nominal,2.0NRT,295.28,3.76,D,VIIRS
48.49535,37.1932,330.4,0.45,0.63,2026-08-17,11:23:00,N20,nominal,2.0NRT,296.75,3.76,D,VIIRS
48.48272,36.68442,332.06,0.43,0.62,2026-08-17,11:23:00,N20,nominal,2.0NRT,300.01,4.99,D,VIIRS
48.46954,36.22921,341.13,0.41,0.6,2026-08-17,11:23:00,N20,nominal,2.0NRT,300.28,9.92,D,VIIRS
48.46936,36.22363,352.94,0.41,0.6,2026-08-17,11:23:00,N20,nominal,2.0NRT,304.86,9.92,D,VIIRS
48.50078,37.1742,367,0.45,0.63,2026-08-17,11:23:00,N20,high,2.0NRT,299.8,17.6,D,VIIRS
48.47515,36.22898,331.32,0.41,0.6,2026-08-17,11:23:00,N20,nominal,2.0NRT,295.6,9.92,D,VIIRS
48.0322,28.95,346.49,0.57,0.43,2026-08-17,11:23:00,N20,nominal,2.0NRT,312.25,24.46,D,VIIRS
48.38216,34.2184,336.44,0.33,0.55,2026-08-17,11:23:00,N20,nominal,2.0NRT,306.23,4.03,D,VIIRS
48.03402,28.94919,346.12,0.57,0.43,2026-08-17,11:23:00,N20,nominal,2.0NRT,313.67,24.14,D,VIIRS
48.47223,36.68178,367,0.43,0.62,2026-08-17,11:23:00,N20,high,2.0NRT,302.58,8.36,D,VIIRS
48.49131,37.82663,351.27,0.49,0.65,2026-08-17,11:23:00,N20,nominal,2.0NRT,301.72,13.33,D,VIIRS
48.49123,37.82017,351.79,0.48,0.65,2026-08-17,11:23:00,N20,nominal,2.0NRT,309.03,13.33,D,VIIRS
48.4721,36.67591,354.25,0.43,0.62,2026-08-17,11:23:00,N20,nominal,2.0NRT,303.53,8.36,D,VIIRS
51.1539,34.89041,342.87,0.37,0.58,2026-08-17,11:23:00,N20,nominal,2.0NRT,292.45,5.12,D,VIIRS
51.15408,34.89584,326.84,0.37,0.58,2026-08-17,11:23:00,N20,nominal,2.0NRT,289.4,3.23,D,VIIRS
50.54073,27.02114,344.94,0.51,0.41,2026-08-17,11:23:00,N20,nominal,2.0NRT,303.06,12.62,D,VIIRS
50.54144,27.02839,343.1,0.51,0.41,2026-08-17,11:23:00,N20,nominal,2.0NRT,298.92,9.21,D,VIIRS
48.55711,37.79068,332.3,0.48,0.65,2026-08-17,11:23:00,N20,nominal,2.0NRT,298.33,2.57,D,VIIRS
48.58208,37.4957,343.49,0.47,0.64,2026-08-17,11:23:00,N20,nominal,2.0NRT,301.21,3.95,D,VIIRS
48.58802,37.49571,334.26,0.47,0.64,2026-08-17,11:23:00,N20,nominal,2.0NRT,299.12,3.95,D,VIIRS
48.5879,37.48941,332.48,0.47,0.64,2026-08-17,11:23:00,N20,nominal,2.0NRT,300.14,3.95,D,VIIRS
48.58272,37.23191,337.77,0.46,0.63,2026-08-17,11:23:00,N20,nominal,2.0NRT,298.05,7.29,D,VIIRS
48.60119,37.91036,340.7,0.49,0.65,2026-08-17,11:23:00,N20,nominal,2.0NRT,297.8,7.21,D,VIIRS
48.60108,37.90347,349.33,0.49,0.65,2026-08-17,11:23:00,N20,nominal,2.0NRT,298.5,7.6,D,VIIRS
48.61539,37.68283,332.14,0.48,0.65,2026-08-17,11:23:00,N20,nominal,2.0NRT,299.37,4.84,D,VIIRS
48.61526,37.67626,343.27,0.48,0.64,2026-08-17,11:23:00,N20,nominal,2.0NRT,300.01,3.74,D,VIIRS
48.58522,37.49248,367,0.47,0.64,2026-08-17,11:23:00,N20,high,2.0NRT,302.71,13.14,D,VIIRS
48.58719,37.23462,367,0.46,0.63,2026-08-17,11:23:00,N20,high,2.0NRT,298.33,5.09,D,VIIRS
48.60239,37.90714,349.72,0.49,0.65,2026-08-17,11:23:00,N20,nominal,2.0NRT,298.12,9.86,D,VIIRS
48.61278,37.76505,337.52,0.48,0.65,2026-08-17,11:23:00,N20,nominal,2.0NRT,299.37,3.13,D,VIIRS
48.61068,37.60785,331.11,0.47,0.64,2026-08-17,11:23:00,N20,low,2.0NRT,301.95,2.97,D,VIIRS
48.61766,37.67965,352.91,0.48,0.65,2026-08-17,11:23:00,N20,nominal,2.0NRT,301.18,6.35,D,VIIRS
48.62916,37.64571,341.07,0.48,0.64,2026-08-17,11:23:00,N20,nominal,2.0NRT,298.75,2.34,D,VIIRS
48.664,37.57968,334.42,0.47,0.64,2026-08-17,11:23:00,N20,nominal,2.0NRT,302.35,3.99,D,VIIRS
48.67967,37.81082,335.34,0.49,0.65,2026-08-17,11:23:00,N20,nominal,2.0NRT,298.14,3.84,D,VIIRS
48.69203,37.83049,335.42,0.49,0.65,2026-08-17,11:23:00,N20,nominal,2.0NRT,298.95,3.45,D,VIIRS
48.73177,38.02207,367,0.5,0.66,2026-08-17,11:23:00,N20,high,2.0NRT,299.42,9.17,D,VIIRS
48.74969,38.72987,338.56,0.54,0.67,2026-08-17,11:23:00,N20,nominal,2.0NRT,299.13,7.27,D,VIIRS
48.75602,38.73813,342.28,0.54,0.68,2026-08-17,11:23:00,N20,nominal,2.0NRT,295.78,4.12,D,VIIRS
48.75597,38.73054,337.53,0.54,0.67,2026-08-17,11:23:00,N20,nominal,2.0NRT,298.16,4.12,D,VIIRS
48.76854,38.04264,344.7,0.5,0.66,2026-08-17,11:23:00,N20,nominal,2.0NRT,300.37,9.96,D,VIIRS
48.76846,38.03554,348.17,0.5,0.66,2026-08-17,11:23:00,N20,nominal,2.0NRT,300.77,10.11,D,VIIRS
48.49677,37.78036,336.76,0.48,0.65,2026-08-17,11:23:00,N20,nominal,2.0NRT,297.75,2.27,D,VIIRS
48.47822,36.69357,354.91,0.43,0.62,2026-08-17,11:23:00,N20,nominal,2.0NRT,298.28,15.78,D,VIIRS
48.47809,36.68761,352.03,0.43,0.62,2026-08-17,11:23:00,N20,nominal,2.0NRT,307.48,15.78,D,VIIRS
48.47796,36.68168,332.32,0.43,0.62,2026-08-17,11:23:00,N20,nominal,2.0NRT,302.77,8.36,D,VIIRS
48.46708,36.22627,335.51,0.41,0.61,2026-08-17,11:23:00,N20,nominal,2.0NRT,300.28,3.23,D,VIIRS
48.46694,36.22069,332.34,0.41,0.6,2026-08-17,11:23:00,N20,nominal,2.0NRT,297.33,2.62,D,VIIRS
48.47269,36.22604,367,0.41,0.61,2026-08-17,11:23:00,N20,high,2.0NRT,299.57,17.86,D,VIIRS
48.50066,37.6205,349.71,0.47,0.64,2026-08-17,11:23:00,N20,nominal,2.0NRT,301.35,5.78,D,VIIRS
48.49396,37.19715,344.99,0.45,0.63,2026-08-17,11:23:00,N20,nominal,2.0NRT,295.45,6.03,D,VIIRS
48.47255,36.22045,345.58,0.41,0.6,2026-08-17,11:23:00,N20,nominal,2.0NRT,297.16,9.56,D,VIIRS
48.49937,37.17175,367,0.45,0.63,2026-08-17,11:23:00,N20,high,2.0NRT,301.48,18.2,D,VIIRS
48.50879,37.37508,367,0.46,0.64,2026-08-17,11:23:00,N20,high,2.0NRT,306.41,22.15,D,VIIRS
48.52475,39.20398,342.96,0.56,0.69,2026-08-17,11:23:00,N20,nominal,2.0NRT,300.29,8.3,D,VIIRS
48.51049,37.14003,349.02,0.45,0.63,2026-08-17,11:23:00,N20,nominal,2.0NRT,296.52,5.54,D,VIIRS
48.51038,37.1339,347.31,0.45,0.63,2026-08-17,11:23:00,N20,nominal,2.0NRT,300,5.54,D,VIIRS
48.53125,37.66695,330.6,0.48,0.64,2026-08-17,11:23:00,N20,nominal,2.0NRT,297.62,3.4,D,VIIRS
48.80149,38.24252,340.4,0.51,0.66,2026-08-17,11:23:00,N20,nominal,2.0NRT,301.03,5.7,D,VIIRS
48.80772,38.24957,344.54,0.51,0.66,2026-08-17,11:23:00,N20,nominal,2.0NRT,298.43,15.41,D,VIIRS
48.80764,38.24268,333.97,0.51,0.66,2026-08-17,11:23:00,N20,nominal,2.0NRT,298.6,5.7,D,VIIRS
48.82373,37.68787,332.35,0.48,0.65,2026-08-17,11:23:00,N20,nominal,2.0NRT,298.97,3.1,D,VIIRS
48.80109,38.2499,344.66,0.51,0.66,2026-08-17,11:23:00,N20,nominal,2.0NRT,302.9,5.69,D,VIIRS
48.80104,38.24292,337.13,0.51,0.66,2026-08-17,11:23:00,N20,nominal,2.0NRT,300.12,5.69,D,VIIRS
48.80724,38.24996,340.86,0.51,0.66,2026-08-17,11:23:00,N20,nominal,2.0NRT,298.89,5.87,D,VIIRS
48.80719,38.24306,343.97,0.51,0.66,2026-08-17,11:23:00,N20,nominal,2.0NRT,299.71,5.87,D,VIIRS
48.82589,37.68783,337.99,0.48,0.65,2026-08-17,11:23:00,N20,nominal,2.0NRT,298.94,2.75,D,VIIRS
48.84303,38.13083,334.41,0.5,0.66,2026-08-17,11:23:00,N20,nominal,2.0NRT,298.33,5.66,D,VIIRS
48.85262,37.8951,335.75,0.49,0.65,2026-08-17,11:23:00,N20,nominal,2.0NRT,299.86,4.32,D,VIIRS
48.89751,38.73714,367,0.54,0.68,2026-08-17,11:23:00,N20,high,2.0NRT,303.11,17.52,D,VIIRS
48.89746,38.72972,354.26,0.54,0.68,2026-08-17,11:23:00,N20,nominal,2.0NRT,306.88,19.53,D,VIIRS
48.87208,36.94921,336.31,0.44,0.63,2026-08-17,11:23:00,N20,nominal,2.0NRT,299.02,2.82,D,VIIRS
48.90379,38.7372,341.7,0.54,0.68,2026-08-17,11:23:00,N20,nominal,2.0NRT,300.61,17.52,D,VIIRS
48.90374,38.72981,352.7,0.54,0.68,2026-08-17,11:23:00,N20,nominal,2.0NRT,301.29,19.53,D,VIIRS
48.87788,36.94859,342.55,0.44,0.63,2026-08-17,11:23:00,N20,nominal,2.0NRT,298.33,2.82,D,VIIRS
48.90665,37.86226,348.84,0.49,0.65,2026-08-17,11:23:00,N20,nominal,2.0NRT,299.58,6.26,D,VIIRS
48.9129,37.87574,344.09,0.49,0.65,2026-08-17,11:23:00,N20,nominal,2.0NRT,300.88,8.05,D,VIIRS
48.9007,38.73599,338.88,0.54,0.68,2026-08-17,11:23:00,N20,nominal,2.0NRT,302.24,9.78,D,VIIRS
48.90068,38.72857,356.09,0.54,0.68,2026-08-17,11:23:00,N20,nominal,2.0NRT,305.38,9.78,D,VIIRS
48.90697,38.73605,331.38,0.54,0.68,2026-08-17,11:23:00,N20,nominal,2.0NRT,299.9,9.78,D,VIIRS
48.90776,37.86721,331.17,0.49,0.65,2026-08-17,11:23:00,N20,nominal,2.0NRT,298.73,6.03,D,VIIRS
48.90769,37.86043,342.63,0.49,0.65,2026-08-17,11:23:00,N20,nominal,2.0NRT,300.76,6.03,D,VIIRS
48.90608,37.71162,330.35,0.48,0.65,2026-08-17,11:23:00,N20,nominal,2.0NRT,299.24,2.64,D,VIIRS
48.91388,37.87388,342.44,0.49,0.65,2026-08-17,11:23:00,N20,nominal,2.0NRT,300.17,7.42,D,VIIRS
48.95088,38.72874,367,0.54,0.68,2026-08-17,11:23:00,N20,high,2.0NRT,299.6,83.92,D,VIIRS
48.95091,38.7361,334.95,0.54,0.68,2026-08-17,11:23:00,N20,nominal,2.0NRT,296.62,83.92,D,VIIRS
48.95085,38.72149,350.22,0.54,0.68,2026-08-17,11:23:00,N20,nominal,2.0NRT,305.39,46.02,D,VIIRS
48.95722,38.74313,367,0.54,0.68,2026-08-17,11:23:00,N20,high,2.0NRT,299.19,77.89,D,VIIRS
48.95719,38.73569,350.5,0.54,0.68,2026-08-17,11:23:00,N20,nominal,2.0NRT,310.74,83.92,D,VIIRS
48.95614,37.86528,334.42,0.49,0.65,2026-08-17,11:23:00,N20,nominal,2.0NRT,301.35,4.35,D,VIIRS
48.88206,34.76178,344.5,0.35,0.57,2026-08-17,11:23:00,N20,nominal,2.0NRT,298.77,2.74,D,VIIRS
48.53319,29.15541,344.62,0.39,0.44,2026-08-17,11:23:00,N20,nominal,2.0NRT,312.87,75.88,D,VIIRS
48.99022,37.70988,367,0.48,0.65,2026-08-17,11:23:00,N20,high,2.0NRT,300.71,11.32,D,VIIRS
48.99327,37.92688,339.66,0.49,0.65,2026-08-17,11:23:00,N20,nominal,2.0NRT,300.5,8.1,D,VIIRS
48.51402,28.67887,334.44,0.56,0.43,2026-08-17,11:23:00,N20,low,2.0NRT,305.63,5.99,D,VIIRS
49.01326,37.64862,349.11,0.48,0.65,2026-08-17,11:23:00,N20,nominal,2.0NRT,299.96,6.74,D,VIIRS
48.75596,31.60391,338.49,0.5,0.49,2026-08-17,11:23:00,N20,nominal,2.0NRT,306.3,12.23,D,VIIRS
48.76097,31.61036,342.59,0.5,0.49,2026-08-17,11:23:00,N20,nominal,2.0NRT,305.34,12.23,D,VIIRS
48.76049,31.6033,345.51,0.5,0.49,2026-08-17,11:23:00,N20,nominal,2.0NRT,307.4,12.23,D,VIIRS
49.03094,38.01521,338.92,0.5,0.66,2026-08-17,11:23:00,N20,nominal,2.0NRT,300.65,7.2,D,VIIRS
49.03742,38.04261,341.97,0.5,0.66,2026-08-17,11:23:00,N20,nominal,2.0NRT,301.98,5.45,D,VIIRS
49.03713,38.02182,350.41,0.5,0.66,2026-08-17,11:23:00,N20,nominal,2.0NRT,299.56,14.3,D,VIIRS
49.03703,38.01497,345.85,0.5,0.66,2026-08-17,11:23:00,N20,nominal,2.0NRT,301.29,7.2,D,VIIRS
48.24857,25.91151,332.6,0.45,0.39,2026-08-17,11:23:00,N20,nominal,2.0NRT,301.53,1.61,D,VIIRS
48.76188,31.61012,341.53,0.5,0.49,2026-08-17,11:23:00,N20,nominal,2.0NRT,304.26,11.39,D,VIIRS
48.76143,31.60306,346.77,0.5,0.49,2026-08-17,11:23:00,N20,nominal,2.0NRT,307.06,19.45,D,VIIRS
49.01549,37.64872,343.07,0.48,0.65,2026-08-17,11:23:00,N20,nominal,2.0NRT,298.36,7.18,D,VIIRS
49.03147,38.0155,347.49,0.5,0.66,2026-08-17,11:23:00,N20,nominal,2.0NRT,300.63,8.82,D,VIIRS
49.03782,38.0429,367,0.5,0.66,2026-08-17,11:23:00,N20,high,2.0NRT,302.88,24.4,D,VIIRS
49.03769,38.02898,333.61,0.5,0.66,2026-08-17,11:23:00,N20,nominal,2.0NRT,300.57,16.01,D,VIIRS
49.03762,38.02209,342.37,0.5,0.66,2026-08-17,11:23:00,N20,nominal,2.0NRT,299.39,7.32,D,VIIRS
49.03756,38.01524,344.94,0.5,0.66,2026-08-17,11:23:00,N20,nominal,2.0NRT,300.81,7.32,D,VIIRS
49.04398,38.04971,355.98,0.5,0.66,2026-08-17,11:23:00,N20,nominal,2.0NRT,306.04,24.4,D,VIIRS
49.04391,38.04268,353.63,0.5,0.66,2026-08-17,11:23:00,N20,nominal,2.0NRT,301.76,24.4,D,VIIRS
49.03454,35.47542,367,0.38,0.59,2026-08-17,11:23:00,N20,high,2.0NRT,303.02,6.07,D,VIIRS
49.12301,38.02801,344.46,0.5,0.66,2026-08-17,11:23:00,N20,nominal,2.0NRT,300.99,7.09,D,VIIRS
49.12142,37.91042,340.22,0.49,0.65,2026-08-17,11:23:00,N20,nominal,2.0NRT,299.6,5.25,D,VIIRS
49.1341,37.5713,367,0.47,0.64,2026-08-17,11:23:00,N20,high,2.0NRT,299.12,12.75,D,VIIRS
49.13399,37.56475,353.06,0.47,0.64,2026-08-17,11:23:00,N20,nominal,2.0NRT,302.68,12.75,D,VIIRS
49.12321,38.02984,348.12,0.5,0.66,2026-08-17,11:23:00,N20,nominal,2.0NRT,300.16,4.91,D,VIIRS
49.13037,37.56615,367,0.48,0.64,2026-08-17,11:23:00,N20,high,2.0NRT,305.29,23.77,D,VIIRS
49.1498,37.6795,367,0.48,0.65,2026-08-17,11:23:00,N20,high,2.0NRT,300.81,13.67,D,VIIRS
49.16959,37.39437,353.53,0.47,0.64,2026-08-17,11:23:00,N20,nominal,2.0NRT,300.91,10.7,D,VIIRS
49.11612,35.27557,333.76,0.37,0.58,2026-08-17,11:23:00,N20,nominal,2.0NRT,300.38,1.94,D,VIIRS
49.02895,33.15998,339.99,0.59,0.53,2026-08-17,11:23:00,N20,nominal,2.0NRT,302.49,7.91,D,VIIRS
49.19133,38.12694,367,0.5,0.66,2026-08-17,11:23:00,N20,high,2.0NRT,301.41,10.68,D,VIIRS
49.18678,37.74704,344.65,0.48,0.65,2026-08-17,11:23:00,N20,nominal,2.0NRT,298.39,6.61,D,VIIRS
49.18669,37.74002,348.72,0.48,0.65,2026-08-17,11:23:00,N20,nominal,2.0NRT,300.17,6.61,D,VIIRS
49.18378,37.53972,338.17,0.47,0.64,2026-08-17,11:23:00,N20,nominal,2.0NRT,300.26,3.53,D,VIIRS
49.19744,38.12668,344.27,0.5,0.66,2026-08-17,11:23:00,N20,nominal,2.0NRT,296.86,10.68,D,VIIRS
49.22144,38.08423,350.32,0.5,0.66,2026-08-17,11:23:00,N20,nominal,2.0NRT,299.3,8.26,D,VIIRS
49.22135,38.07685,340.86,0.5,0.66,2026-08-17,11:23:00,N20,nominal,2.0NRT,300.16,11.49,D,VIIRS
49.21904,37.89624,330.5,0.49,0.65,2026-08-17,11:23:00,N20,low,2.0NRT,301.14,3.6,D,VIIRS
49.23252,37.99471,352.51,0.5,0.66,2026-08-17,11:23:00,N20,nominal,2.0NRT,300,6.44,D,VIIRS
49.22174,38.11271,331.5,0.5,0.66,2026-08-17,11:23:00,N20,nominal,2.0NRT,299.08,3.63,D,VIIRS
49.22154,38.08488,342.24,0.5,0.66,2026-08-17,11:23:00,N20,nominal,2.0NRT,298.84,5.51,D,VIIRS
49.22149,38.07747,343.56,0.5,0.66,2026-08-17,11:23:00,N20,nominal,2.0NRT,300.64,5.51,D,VIIRS
49.23304,37.99517,351.49,0.5,0.66,2026-08-17,11:23:00,N20,nominal,2.0NRT,299.56,6.04,D,VIIRS
49.26408,38.05647,367,0.5,0.66,2026-08-17,11:23:00,N20,high,2.0NRT,298.81,14.17,D,VIIRS
49.26726,38.47982,355.75,0.52,0.67,2026-08-17,11:23:00,N20,nominal,2.0NRT,297.98,11.19,D,VIIRS
49.26722,38.47259,339.91,0.52,0.67,2026-08-17,11:23:00,N20,nominal,2.0NRT,297.84,9.19,D,VIIRS
49.26369,38.01566,348.97,0.5,0.66,2026-08-17,11:23:00,N20,nominal,2.0NRT,297.16,6.81,D,VIIRS
49.26179,37.83357,351.18,0.49,0.65,2026-08-17,11:23:00,N20,nominal,2.0NRT,298.18,6.31,D,VIIRS
49.28191,38.00842,346,0.5,0.66,2026-08-17,11:23:00,N20,nominal,2.0NRT,295.19,4.3,D,VIIRS
49.32606,38.13384,342.28,0.5,0.66,2026-08-17,11:23:00,N20,nominal,2.0NRT,296.35,4.43,D,VIIRS
49.32589,38.11902,349.85,0.5,0.66,2026-08-17,11:23:00,N20,nominal,2.0NRT,298.64,9.29,D,VIIRS
49.3321,38.12616,367,0.5,0.66,2026-08-17,11:23:00,N20,high,2.0NRT,297.09,13.81,D,VIIRS
49.03613,30.81619,337.77,0.47,0.47,2026-08-17,11:23:00,N20,nominal,2.0NRT,299.93,2.12,D,VIIRS
49.03157,30.81523,335.5,0.47,0.47,2026-08-17,11:23:00,N20,nominal,2.0NRT,299.97,4.2,D,VIIRS
49.32566,38.13221,342.33,0.51,0.66,2026-08-17,11:23:00,N20,nominal,2.0NRT,296.81,11.01,D,VIIRS
49.32556,38.11743,344.05,0.5,0.66,2026-08-17,11:23:00,N20,nominal,2.0NRT,298.4,12.98,D,VIIRS
49.33173,38.12441,367,0.5,0.66,2026-08-17,11:23:00,N20,high,2.0NRT,297.87,11.01,D,VIIRS
49.27232,34.9709,355.85,0.36,0.58,2026-08-17,11:23:00,N20,nominal,2.0NRT,301.27,9.6,D,VIIRS
49.27214,34.96582,345.25,0.36,0.57,2026-08-17,11:23:00,N20,nominal,2.0NRT,309.74,9.6,D,VIIRS
49.27764,34.9704,367,0.36,0.58,2026-08-17,11:23:00,N20,high,2.0NRT,305.07,9.6,D,VIIRS
49.27747,34.96535,337.03,0.36,0.57,2026-08-17,11:23:00,N20,nominal,2.0NRT,302.95,9.6,D,VIIRS
49.36616,37.87836,343.01,0.49,0.65,2026-08-17,11:23:00,N20,nominal,2.0NRT,298.2,5.39,D,VIIRS
49.36609,37.8713,340.28,0.49,0.65,2026-08-17,11:23:00,N20,nominal,2.0NRT,299.68,5.39,D,VIIRS
49.37222,37.87803,349.23,0.49,0.65,2026-08-17,11:23:00,N20,nominal,2.0NRT,296.87,6.79,D,VIIRS
49.37215,37.87097,343.01,0.49,0.65,2026-08-17,11:23:00,N20,nominal,2.0NRT,297.85,6.79,D,VIIRS
49.40152,37.7956,339.55,0.49,0.65,2026-08-17,11:23:00,N20,nominal,2.0NRT,297.41,3.51,D,VIIRS
49.40638,37.70769,334.74,0.48,0.65,2026-08-17,11:23:00,N20,nominal,2.0NRT,298.53,3.38,D,VIIRS
49.42463,37.72005,333.11,0.48,0.65,2026-08-17,11:23:00,N20,nominal,2.0NRT,298.21,2.87,D,VIIRS
49.4263,37.72017,334.56,0.48,0.65,2026-08-17,11:23:00,N20,nominal,2.0NRT,297.97,2.54,D,VIIRS
49.44208,38.16172,332.26,0.51,0.66,2026-08-17,11:23:00,N20,nominal,2.0NRT,298.13,4.05,D,VIIRS
49.45866,37.93961,330.03,0.5,0.65,2026-08-17,11:23:00,N20,nominal,2.0NRT,298.87,2.57,D,VIIRS
49.49376,34.8476,333.18,0.36,0.57,2026-08-17,11:23:00,N20,nominal,2.0NRT,296.58,3.77,D,VIIRS
49.7674,37.63327,353.17,0.48,0.65,2026-08-17,11:23:00,N20,nominal,2.0NRT,296.64,8.85,D,VIIRS
49.77973,37.66092,331.63,0.48,0.65,2026-08-17,11:23:00,N20,nominal,2.0NRT,299.94,6.22,D,VIIRS
49.78368,37.49023,331.91,0.47,0.64,2026-08-17,11:23:00,N20,nominal,2.0NRT,297.98,2.94,D,VIIRS
49.79102,37.5985,339.97,0.48,0.65,2026-08-17,11:23:00,N20,nominal,2.0NRT,301.38,5.86,D,VIIRS
49.79703,37.5987,331.24,0.48,0.65,2026-08-17,11:23:00,N20,nominal,2.0NRT,299.26,3.96,D,VIIRS
49.84679,37.72184,332.2,0.49,0.65,2026-08-17,11:23:00,N20,nominal,2.0NRT,298.65,3.51,D,VIIRS
49.85215,37.67368,330.29,0.48,0.65,2026-08-17,11:23:00,N20,nominal,2.0NRT,296.3,2.4,D,VIIRS
49.86358,37.63216,335.59,0.48,0.65,2026-08-17,11:23:00,N20,nominal,2.0NRT,296.9,1.99,D,VIIRS
49.85388,37.67411,334.53,0.48,0.65,2026-08-17,11:23:00,N20,nominal,2.0NRT,297.58,3.77,D,VIIRS
49.86551,37.63231,336.17,0.48,0.65,2026-08-17,11:23:00,N20,nominal,2.0NRT,297.48,3.51,D,VIIRS
49.80947,35.03393,334.04,0.37,0.58,2026-08-17,11:23:00,N20,nominal,2.0NRT,299.09,5.39,D,VIIRS
49.88422,37.69413,333.8,0.49,0.65,2026-08-17,11:23:00,N20,nominal,2.0NRT,295.73,3.9,D,VIIRS
50.25994,35.22603,306.55,0.43,0.38,2026-08-17,23:35:00,N20,nominal,2.0NRT,286.21,1.11,N,VIIRS
50.26415,35.2211,308.48,0.43,0.38,2026-08-17,23:35:00,N20,nominal,2.0NRT,286.35,1.11,N,VIIRS
49.91109,37.8338,297.72,0.39,0.36,2026-08-17,23:35:00,N20,nominal,2.0NRT,284.06,0.35,N,VIIRS
50.15246,36.85291,297.68,0.4,0.37,2026-08-17,23:35:00,N20,nominal,2.0NRT,286.89,0.66,N,VIIRS
51.75802,34.3066,306.03,0.47,0.4,2026-08-17,23:35:00,N20,nominal,2.0NRT,283.93,1.23,N,VIIRS
49.56306,37.98164,295.8,0.39,0.36,2026-08-17,23:35:00,N20,nominal,2.0NRT,284.98,0.37,N,VIIRS
50.22793,33.40118,307.56,0.48,0.4,2026-08-17,23:35:00,N20,nominal,2.0NRT,286.64,1.28,N,VIIRS
49.84558,37.76559,297.09,0.39,0.36,2026-08-17,23:35:00,N20,nominal,2.0NRT,284.7,0.2,N,VIIRS
49.92406,37.63124,296.97,0.39,0.36,2026-08-17,23:35:00,N20,nominal,2.0NRT,286.11,0.41,N,VIIRS
44.7745,33.86115,310.1,0.42,0.37,2026-08-17,23:37:00,N20,nominal,2.0NRT,287.9,1.25,N,VIIRS
44.92102,34.25816,328.74,0.41,0.37,2026-08-17,23:37:00,N20,nominal,2.0NRT,285.48,2.67,N,VIIRS
44.92032,34.26336,313.87,0.41,0.37,2026-08-17,23:37:00,N20,nominal,2.0NRT,284.99,1.28,N,VIIRS
44.91764,34.25723,305.46,0.41,0.37,2026-08-17,23:37:00,N20,nominal,2.0NRT,285.66,0.88,N,VIIRS
44.91695,34.26242,299.43,0.41,0.37,2026-08-17,23:37:00,N20,nominal,2.0NRT,285.02,0.88,N,VIIRS
45.41513,29.50355,349.33,0.4,0.45,2026-08-17,23:37:00,N20,nominal,2.0NRT,291.21,9.05,N,VIIRS
48.29831,35.8932,306,0.4,0.37,2026-08-17,23:37:00,N20,nominal,2.0NRT,286.93,0.9,N,VIIRS
48.22727,36.37407,296.31,0.39,0.36,2026-08-17,23:37:00,N20,nominal,2.0NRT,285.16,0.17,N,VIIRS
48.22652,36.37934,298.61,0.39,0.36,2026-08-17,23:37:00,N20,nominal,2.0NRT,286.18,0.68,N,VIIRS
48.21586,36.38142,299.53,0.39,0.36,2026-08-17,23:37:00,N20,nominal,2.0NRT,285.77,0.63,N,VIIRS
48.23285,36.03956,300.14,0.4,0.37,2026-08-17,23:37:00,N20,nominal,2.0NRT,286.65,0.42,N,VIIRS
48.23175,36.0379,298.94,0.4,0.37,2026-08-17,23:37:00,N20,nominal,2.0NRT,287.06,0.37,N,VIIRS
48.39177,34.77565,302.05,0.42,0.38,2026-08-17,23:37:00,N20,nominal,2.0NRT,287.17,0.61,N,VIIRS
48.38833,34.77468,296.88,0.42,0.38,2026-08-17,23:37:00,N20,nominal,2.0NRT,286.53,0.73,N,VIIRS
48.38759,34.78039,304.49,0.42,0.38,2026-08-17,23:37:00,N20,nominal,2.0NRT,287.3,0.8,N,VIIRS
47.8339,38.47366,315.48,0.39,0.36,2026-08-17,23:37:00,N20,nominal,2.0NRT,290.04,1.84,N,VIIRS
48.00351,37.38019,295.29,0.39,0.36,2026-08-17,23:37:00,N20,nominal,2.0NRT,282.3,0.17,N,VIIRS
48.00399,37.33218,300.23,0.39,0.36,2026-08-17,23:37:00,N20,nominal,2.0NRT,282.86,0.54,N,VIIRS
48.22669,35.77478,310.94,0.4,0.37,2026-08-17,23:37:00,N20,nominal,2.0NRT,288.29,1.15,N,VIIRS
48.22335,35.77375,312.7,0.4,0.37,2026-08-17,23:37:00,N20,nominal,2.0NRT,286.3,1.15,N,VIIRS
48.09119,36.58529,296.32,0.39,0.36,2026-08-17,23:37:00,N20,nominal,2.0NRT,285.79,0.32,N,VIIRS
48.1366,36.24508,308.49,0.4,0.37,2026-08-17,23:37:00,N20,nominal,2.0NRT,287.49,0.75,N,VIIRS
48.08414,36.6101,319.33,0.39,0.36,2026-08-17,23:37:00,N20,nominal,2.0NRT,284.9,1.87,N,VIIRS
48.18771,35.77956,302.56,0.4,0.37,2026-08-17,23:37:00,N20,nominal,2.0NRT,287.91,0.43,N,VIIRS
48.18436,35.77853,307.97,0.4,0.37,2026-08-17,23:37:00,N20,nominal,2.0NRT,288.72,0.67,N,VIIRS
47.99804,36.9385,299.91,0.39,0.36,2026-08-17,23:37:00,N20,nominal,2.0NRT,283.77,0.61,N,VIIRS
47.95415,37.14197,330.11,0.39,0.36,2026-08-17,23:37:00,N20,nominal,2.0NRT,285.51,3.03,N,VIIRS
47.81355,37.83003,327.96,0.38,0.36,2026-08-17,23:37:00,N20,nominal,2.0NRT,284.63,1.93,N,VIIRS
48.10905,35.83697,306.13,0.4,0.37,2026-08-17,23:37:00,N20,nominal,2.0NRT,286.43,0.79,N,VIIRS
47.81276,37.83508,315.53,0.38,0.36,2026-08-17,23:37:00,N20,nominal,2.0NRT,284.95,1.93,N,VIIRS
47.79092,37.86472,318.84,0.38,0.36,2026-08-17,23:37:00,N20,nominal,2.0NRT,285.02,1.19,N,VIIRS
48.28276,33.88823,301.5,0.45,0.39,2026-08-17,23:37:00,N20,nominal,2.0NRT,286.6,0.67,N,VIIRS
48.27996,33.88127,301.24,0.45,0.39,2026-08-17,23:37:00,N20,nominal,2.0NRT,286.35,0.67,N,VIIRS
48.27922,33.88729,304.41,0.45,0.39,2026-08-17,23:37:00,N20,nominal,2.0NRT,286.76,0.67,N,VIIRS
47.62236,38.44277,307.38,0.39,0.36,2026-08-17,23:37:00,N20,nominal,2.0NRT,284.16,1.18,N,VIIRS
47.8002,37.27666,327.22,0.39,0.36,2026-08-17,23:37:00,N20,nominal,2.0NRT,285.81,3.81,N,VIIRS
47.79942,37.28172,321,0.39,0.36,2026-08-17,23:37:00,N20,nominal,2.0NRT,287.02,3.81,N,VIIRS
47.95642,36.19638,307.02,0.39,0.37,2026-08-17,23:37:00,N20,nominal,2.0NRT,284.57,0.58,N,VIIRS
47.79694,37.27556,303.88,0.39,0.36,2026-08-17,23:37:00,N20,nominal,2.0NRT,285.75,0.62,N,VIIRS
47.79617,37.28063,296.18,0.39,0.36,2026-08-17,23:37:00,N20,nominal,2.0NRT,286.13,0.62,N,VIIRS
48.4348,32.32959,299.62,0.5,0.41,2026-08-17,23:37:00,N20,nominal,2.0NRT,287.42,0.74,N,VIIRS
48.00433,35.8319,305,0.4,0.37,2026-08-17,23:37:00,N20,nominal,2.0NRT,284.81,0.9,N,VIIRS
48.00359,35.83718,305.62,0.4,0.37,2026-08-17,23:37:00,N20,nominal,2.0NRT,284.05,0.79,N,VIIRS
47.79368,37.27446,304.05,0.39,0.36,2026-08-17,23:37:00,N20,nominal,2.0NRT,285.45,0.62,N,VIIRS
47.37062,35.20518,311.14,0.41,0.37,2026-08-17,23:37:00,N20,nominal,2.0NRT,286.39,1.51,N,VIIRS
47.38568,35.09265,305.77,0.41,0.37,2026-08-17,23:37:00,N20,nominal,2.0NRT,287.19,3.06,N,VIIRS
47.38977,35.08826,300.48,0.41,0.37,2026-08-17,23:37:00,N20,nominal,2.0NRT,287.8,0.46,N,VIIRS
47.37326,35.21152,328.11,0.41,0.37,2026-08-17,23:37:00,N20,nominal,2.0NRT,286.26,2.52,N,VIIRS
47.2853,35.8749,305.04,0.4,0.37,2026-08-17,23:37:00,N20,nominal,2.0NRT,284.16,1.03,N,VIIRS
47.36295,35.313720000000004,306.59,0.4,0.37,2026-08-17,23:37:00,N20,nominal,2.0NRT,285.11,0.56,N,VIIRS
47.28934,35.87075,295.98,0.4,0.37,2026-08-17,23:37:00,N20,nominal,2.0NRT,284.09,0.29,N,VIIRS
47.97744,29.68046,298.92,0.42,0.46,2026-08-17,23:37:00,N20,nominal,2.0NRT,288.27,0.34,N,VIIRS
47.24739,36.21262,299.96,0.39,0.36,2026-08-17,23:37:00,N20,nominal,2.0NRT,284.79,0.44,N,VIIRS
47.79119,37.2683,333.83,0.39,0.36,2026-08-17,23:37:00,N20,nominal,2.0NRT,287.47,1.79,N,VIIRS
47.85643,36.83546,296.03,0.39,0.36,2026-08-17,23:37:00,N20,nominal,2.0NRT,283.67,0.51,N,VIIRS
47.79042,37.27337,297.37,0.39,0.36,2026-08-17,23:37:00,N20,nominal,2.0NRT,285.19,0.85,N,VIIRS
47.78793,37.26721,309.38,0.39,0.36,2026-08-17,23:37:00,N20,nominal,2.0NRT,286.05,1.79,N,VIIRS
47.62996,38.2274,296.67,0.38,0.36,2026-08-17,23:37:00,N20,nominal,2.0NRT,284.65,0.64,N,VIIRS
47.62914,38.23243,307.56,0.38,0.36,2026-08-17,23:37:00,N20,nominal,2.0NRT,285.95,0.64,N,VIIRS
47.62589,38.23127,325.91,0.38,0.36,2026-08-17,23:37:00,N20,nominal,2.0NRT,286.85,1.56,N,VIIRS
47.62671,38.22625,300.3,0.38,0.36,2026-08-17,23:37:00,N20,nominal,2.0NRT,284.07,1.56,N,VIIRS
47.62346,38.22509,323.86,0.38,0.36,2026-08-17,23:37:00,N20,nominal,2.0NRT,285.43,1.56,N,VIIRS
47.62427,38.22007,303.85,0.38,0.36,2026-08-17,23:37:00,N20,nominal,2.0NRT,284.49,0.68,N,VIIRS
47.59417,38.29966,319.42,0.38,0.36,2026-08-17,23:37:00,N20,nominal,2.0NRT,283.9,1.55,N,VIIRS
47.88699,36.01403,325.9,0.4,0.37,2026-08-17,23:37:00,N20,nominal,2.0NRT,285,2.05,N,VIIRS
47.58935,37.53237,299.55,0.38,0.36,2026-08-17,23:37:00,N20,nominal,2.0NRT,285.24,0.46,N,VIIRS
47.64847,37.08007,301.14,0.39,0.36,2026-08-17,23:37:00,N20,nominal,2.0NRT,283.26,2.96,N,VIIRS
47.6452,37.07898,335.22,0.39,0.36,2026-08-17,23:37:00,N20,nominal,2.0NRT,288.38,2.96,N,VIIRS
47.64444,37.08405,303.45,0.39,0.36,2026-08-17,23:37:00,N20,nominal,2.0NRT,285.07,2.96,N,VIIRS
47.64884,36.96677,311.05,0.39,0.36,2026-08-17,23:37:00,N20,nominal,2.0NRT,285.11,1.16,N,VIIRS
47.6471,36.95553,302.16,0.39,0.36,2026-08-17,23:37:00,N20,nominal,2.0NRT,282.57,0.48,N,VIIRS
47.64634,36.96061,298.85,0.39,0.36,2026-08-17,23:37:00,N20,nominal,2.0NRT,283.28,0.48,N,VIIRS
47.79059,35.94967,297.91,0.4,0.37,2026-08-17,23:37:00,N20,nominal,2.0NRT,285.74,0.47,N,VIIRS
47.72641,36.397,306.09,0.39,0.36,2026-08-17,23:37:00,N20,nominal,2.0NRT,283.82,0.98,N,VIIRS
47.72266,35.89035,305.77,0.4,0.37,2026-08-17,23:37:00,N20,nominal,2.0NRT,285.66,0.46,N,VIIRS
47.780029999999996,35.34107,300.66,0.41,0.37,2026-08-17,23:37:00,N20,nominal,2.0NRT,284.66,0.4,N,VIIRS
47.72883,35.6868,297.55,0.4,0.37,2026-08-17,23:37:00,N20,nominal,2.0NRT,285.28,0.46,N,VIIRS
47.6984,35.65543,298.34,0.4,0.37,2026-08-17,23:37:00,N20,nominal,2.0NRT,285.39,0.43,N,VIIRS
47.7494,35.23097,303.3,0.41,0.37,2026-08-17,23:37:00,N20,nominal,2.0NRT,289.04,0.65,N,VIIRS
47.82422,34.63612,300.31,0.42,0.38,2026-08-17,23:37:00,N20,nominal,2.0NRT,283.91,0.51,N,VIIRS
47.71883,35.17109,307.23,0.41,0.37,2026-08-17,23:37:00,N20,nominal,2.0NRT,284.99,0.68,N,VIIRS
47.71617,35.16467,301.09,0.41,0.37,2026-08-17,23:37:00,N20,nominal,2.0NRT,285.54,0.95,N,VIIRS
47.70702,35.207,302.47,0.41,0.37,2026-08-17,23:37:00,N20,nominal,2.0NRT,287.43,0.77,N,VIIRS
47.7087,35.16809,296.43,0.41,0.37,2026-08-17,23:37:00,N20,nominal,2.0NRT,285.31,1.27,N,VIIRS
47.69571,35.2655,319.03,0.41,0.37,2026-08-17,23:37:00,N20,nominal,2.0NRT,286.18,1.73,N,VIIRS
46.88919,32.32825,324.93,0.48,0.4,2026-08-17,23:37:00,N20,nominal,2.0NRT,287.84,3.21,N,VIIRS
47.14498,30.14986,300.72,0.4,0.44,2026-08-17,23:37:00,N20,nominal,2.0NRT,285.73,0.69,N,VIIRS
46.86775,32.94008,295.76,0.46,0.39,2026-08-17,23:37:00,N20,nominal,2.0NRT,285.64,0.42,N,VIIRS
46.54851,35.50544,315.53,0.4,0.37,2026-08-17,23:37:00,N20,nominal,2.0NRT,285.09,1.4,N,VIIRS
46.77363,34.44843,313.23,0.42,0.38,2026-08-17,23:37:00,N20,nominal,2.0NRT,287.27,1.32,N,VIIRS
46.95696,33.15978,323.78,0.46,0.39,2026-08-17,23:37:00,N20,nominal,2.0NRT,287.17,2.26,N,VIIRS
46.73381,35.26678,303.98,0.4,0.37,2026-08-17,23:37:00,N20,nominal,2.0NRT,288.1,0.97,N,VIIRS
46.73453,35.26157,308.2,0.4,0.37,2026-08-17,23:37:00,N20,nominal,2.0NRT,287.64,0.97,N,VIIRS
46.81944,34.63134,315.9,0.41,0.37,2026-08-17,23:37:00,N20,nominal,2.0NRT,286.09,1.38,N,VIIRS
46.82014,34.62595,309.11,0.41,0.37,2026-08-17,23:37:00,N20,nominal,2.0NRT,285.76,1.38,N,VIIRS
46.82212,34.63769,324.64,0.41,0.37,2026-08-17,23:37:00,N20,nominal,2.0NRT,287.67,2.61,N,VIIRS
46.82283,34.63231,323.42,0.41,0.37,2026-08-17,23:37:00,N20,nominal,2.0NRT,286.86,1.38,N,VIIRS
46.82552,34.63865,306.64,0.41,0.37,2026-08-17,23:37:00,N20,nominal,2.0NRT,285.47,0.6,N,VIIRS
46.83197,34.6963,296.54,0.41,0.37,2026-08-17,23:37:00,N20,nominal,2.0NRT,286.28,0.3,N,VIIRS
46.83269,34.69093,310.55,0.41,0.37,2026-08-17,23:37:00,N20,nominal,2.0NRT,285.3,1.12,N,VIIRS
46.76363,35.3027,306.4,0.4,0.37,2026-08-17,23:37:00,N20,nominal,2.0NRT,286.04,1.53,N,VIIRS
46.76291,35.30791,326.04,0.4,0.37,2026-08-17,23:37:00,N20,nominal,2.0NRT,287.66,1.53,N,VIIRS
46.76842,35.29324,295.62,0.4,0.37,2026-08-17,23:37:00,N20,nominal,2.0NRT,285.23,0.28,N,VIIRS
46.94796,33.96548,300.18,0.43,0.38,2026-08-17,23:37:00,N20,nominal,2.0NRT,285.61,0.47,N,VIIRS
47.42639,29.53031,295.25,0.42,0.46,2026-08-17,23:37:00,N20,nominal,2.0NRT,285.08,0.53,N,VIIRS
47.0183,33.4869,316.11,0.45,0.39,2026-08-17,23:37:00,N20,nominal,2.0NRT,287.68,1.4,N,VIIRS
47.4311,29.52503,328.13,0.42,0.46,2026-08-17,23:37:00,N20,nominal,2.0NRT,286.12,3.25,N,VIIRS
47.43529,29.52576,322.27,0.42,0.46,2026-08-17,23:37:00,N20,nominal,2.0NRT,285.47,1.76,N,VIIRS
47.07991,33.35833,298.71,0.45,0.39,2026-08-17,23:37:00,N20,nominal,2.0NRT,285.93,0.77,N,VIIRS
47.08061,33.35242,302.42,0.45,0.39,2026-08-17,23:37:00,N20,nominal,2.0NRT,286.33,0.77,N,VIIRS
47.08416,33.35334,306.24,0.45,0.39,2026-08-17,23:37:00,N20,nominal,2.0NRT,286.92,0.77,N,VIIRS
47.10895,33.32927,295.24,0.45,0.39,2026-08-17,23:37:00,N20,nominal,2.0NRT,285.22,0.29,N,VIIRS
46.8404,35.53228,301.77,0.4,0.37,2026-08-17,23:37:00,N20,nominal,2.0NRT,284.83,0.46,N,VIIRS
46.86289,35.37143,321.87,0.4,0.37,2026-08-17,23:37:00,N20,nominal,2.0NRT,289.88,2.01,N,VIIRS
46.79443,35.9037,298.46,0.39,0.36,2026-08-17,23:37:00,N20,nominal,2.0NRT,283.06,0.77,N,VIIRS
46.79774,35.90472,311.24,0.39,0.36,2026-08-17,23:37:00,N20,nominal,2.0NRT,284.42,0.77,N,VIIRS
47.57541,29.28409,299.17,0.44,0.46,2026-08-17,23:37:00,N20,nominal,2.0NRT,285.36,0.57,N,VIIRS
47.57434,29.2852,300.44,0.44,0.46,2026-08-17,23:37:00,N20,nominal,2.0NRT,285.45,0.71,N,VIIRS
47.18249,33.31277,300.99,0.45,0.39,2026-08-17,23:37:00,N20,nominal,2.0NRT,285.23,0.64,N,VIIRS
46.79954,36.40446,312.95,0.39,0.36,2026-08-17,23:37:00,N20,nominal,2.0NRT,284.68,1.55,N,VIIRS
46.80282,36.40549,320.16,0.39,0.36,2026-08-17,23:37:00,N20,nominal,2.0NRT,285.04,1.61,N,VIIRS
46.83381,36.28882,299.35,0.39,0.36,2026-08-17,23:37:00,N20,nominal,2.0NRT,285.69,0.55,N,VIIRS
46.87793,36.1758,303.72,0.39,0.36,2026-08-17,23:37:00,N20,nominal,2.0NRT,286.53,0.78,N,VIIRS
46.84106,36.51745,299.23,0.39,0.36,2026-08-17,23:37:00,N20,nominal,2.0NRT,284.97,0.44,N,VIIRS
47.16832,34.19077,299.83,0.43,0.38,2026-08-17,23:37:00,N20,nominal,2.0NRT,287.1,1.1,N,VIIRS
46.96355,35.83634,300.68,0.39,0.37,2026-08-17,23:37:00,N20,nominal,2.0NRT,285.62,0.7,N,VIIRS
46.96428,35.8312,308.14,0.39,0.37,2026-08-17,23:37:00,N20,nominal,2.0NRT,285.41,1.06,N,VIIRS
46.96759,35.83221,304.36,0.39,0.37,2026-08-17,23:37:00,N20,nominal,2.0NRT,284.14,0.76,N,VIIRS
46.96656,36.00834,299.76,0.39,0.36,2026-08-17,23:37:00,N20,nominal,2.0NRT,283.89,0.62,N,VIIRS
46.96913,36.01446,304.8,0.39,0.36,2026-08-17,23:37:00,N20,nominal,2.0NRT,284.62,0.7,N,VIIRS
46.98602,35.89678,301.72,0.39,0.36,2026-08-17,23:37:00,N20,nominal,2.0NRT,284.37,0.48,N,VIIRS
46.98639,35.96639,328.17,0.39,0.36,2026-08-17,23:37:00,N20,nominal,2.0NRT,284.06,2.99,N,VIIRS
46.98713,35.96128,330.66,0.39,0.36,2026-08-17,23:37:00,N20,nominal,2.0NRT,285.47,2.99,N,VIIRS
46.99043,35.9623,296.51,0.39,0.36,2026-08-17,23:37:00,N20,nominal,2.0NRT,285.1,0.55,N,VIIRS
47.18699,34.58142,303.78,0.42,0.38,2026-08-17,23:37:00,N20,nominal,2.0NRT,285.93,2.73,N,VIIRS
47.186279999999996,34.58691,337.84,0.42,0.38,2026-08-17,23:37:00,N20,nominal,2.0NRT,287.54,2.73,N,VIIRS
47.70533,35.16709,323.86,0.41,0.37,2026-08-17,23:37:00,N20,nominal,2.0NRT,289.01,1.27,N,VIIRS
47.76296,34.67075,295.37,0.42,0.38,2026-08-17,23:37:00,N20,nominal,2.0NRT,285.2,0.08,N,VIIRS
47.62623,35.69949,298.61,0.4,0.37,2026-08-17,23:37:00,N20,nominal,2.0NRT,284.98,0.45,N,VIIRS
47.76102,34.67016,314.87,0.42,0.38,2026-08-17,23:37:00,N20,nominal,2.0NRT,286.34,0.99,N,VIIRS
47.66752,35.23996,299.94,0.41,0.37,2026-08-17,23:37:00,N20,nominal,2.0NRT,287.82,0.62,N,VIIRS
47.87449,33.44115,306.73,0.46,0.39,2026-08-17,23:37:00,N20,nominal,2.0NRT,292.12,1.3,N,VIIRS
47.87381,33.41589,305.28,0.46,0.39,2026-08-17,23:37:00,N20,nominal,2.0NRT,291.25,1.94,N,VIIRS
47.21097,38.0784,310.94,0.38,0.36,2026-08-17,23:37:00,N20,nominal,2.0NRT,285.57,0.91,N,VIIRS
47.21016,38.08339,302.33,0.38,0.36,2026-08-17,23:37:00,N20,nominal,2.0NRT,286.83,1.03,N,VIIRS
47.67527,34.8923,344.36,0.42,0.37,2026-08-17,23:37:00,N20,nominal,2.0NRT,287.64,7.21,N,VIIRS
47.67455,34.89779,343.64,0.42,0.37,2026-08-17,23:37:00,N20,nominal,2.0NRT,291.28,7.21,N,VIIRS
47.42944,36.6262,321.17,0.39,0.36,2026-08-17,23:37:00,N20,nominal,2.0NRT,284.41,2.05,N,VIIRS
47.67187,34.89131,304.99,0.42,0.37,2026-08-17,23:37:00,N20,nominal,2.0NRT,285.84,0.79,N,VIIRS
49.72194,34.54979,302.08,0.44,0.38,2026-08-17,23:37:00,N20,nominal,2.0NRT,286.75,0.51,N,VIIRS
49.49196,36.23563,298.77,0.4,0.37,2026-08-17,23:37:00,N20,nominal,2.0NRT,286.08,0.66,N,VIIRS
49.32834,37.16917,299.49,0.39,0.36,2026-08-17,23:37:00,N20,nominal,2.0NRT,284.97,0.36,N,VIIRS
49.32428,37.17338,299.25,0.39,0.36,2026-08-17,23:37:00,N20,nominal,2.0NRT,287.88,0.78,N,VIIRS
49.25498,37.52602,307.03,0.39,0.36,2026-08-17,23:37:00,N20,nominal,2.0NRT,288.89,1.03,N,VIIRS
48.9626,38.74345,299.96,0.38,0.36,2026-08-17,23:37:00,N20,nominal,2.0NRT,286.54,0.4,N,VIIRS
48.95852,38.74739,342.33,0.38,0.36,2026-08-17,23:37:00,N20,nominal,2.0NRT,292.91,4.89,N,VIIRS
48.95611,38.74102,326.32,0.38,0.36,2026-08-17,23:37:00,N20,nominal,2.0NRT,291.64,4.65,N,VIIRS
48.95528,38.74617,333.18,0.38,0.36,2026-08-17,23:37:00,N20,nominal,2.0NRT,291.21,4.89,N,VIIRS
48.95369,38.73466,324.37,0.38,0.36,2026-08-17,23:37:00,N20,nominal,2.0NRT,290.98,4.76,N,VIIRS
48.95287,38.73981,328.38,0.38,0.36,2026-08-17,23:37:00,N20,nominal,2.0NRT,289.76,4.76,N,VIIRS
49.08629,37.89305,297.97,0.39,0.36,2026-08-17,23:37:00,N20,nominal,2.0NRT,282.95,0.19,N,VIIRS
48.95128,38.72831,334.24,0.38,0.36,2026-08-17,23:37:00,N20,nominal,2.0NRT,292.59,8.22,N,VIIRS
48.95045,38.73346,339.64,0.38,0.36,2026-08-17,23:37:00,N20,nominal,2.0NRT,293.34,4.76,N,VIIRS
49.13278,37.5641,302.97,0.39,0.36,2026-08-17,23:37:00,N20,nominal,2.0NRT,289.16,0.86,N,VIIRS
49.49446,34.84265,321.7,0.43,0.38,2026-08-17,23:37:00,N20,nominal,2.0NRT,285.25,1.71,N,VIIRS
49.11084,37.5729,322.86,0.39,0.36,2026-08-17,23:37:00,N20,nominal,2.0NRT,289.15,1.89,N,VIIRS
49.10757,37.57176,301.95,0.39,0.36,2026-08-17,23:37:00,N20,nominal,2.0NRT,287.8,0.58,N,VIIRS
49.28734,36.13823,307.72,0.4,0.37,2026-08-17,23:37:00,N20,nominal,2.0NRT,285.28,0.78,N,VIIRS
48.90045,38.72425,302.28,0.38,0.36,2026-08-17,23:37:00,N20,nominal,2.0NRT,286.86,0.6,N,VIIRS
48.89962,38.7294,298.73,0.38,0.36,2026-08-17,23:37:00,N20,nominal,2.0NRT,286.37,0.72,N,VIIRS
48.89721,38.72305,304.61,0.38,0.36,2026-08-17,23:37:00,N20,nominal,2.0NRT,285.17,0.6,N,VIIRS
48.89637,38.7282,308.43,0.38,0.36,2026-08-17,23:37:00,N20,nominal,2.0NRT,286.3,0.72,N,VIIRS
48.89555,38.73335,299.89,0.38,0.36,2026-08-17,23:37:00,N20,nominal,2.0NRT,285.97,0.72,N,VIIRS
49.02097,37.91751,317.73,0.38,0.36,2026-08-17,23:37:00,N20,nominal,2.0NRT,286.85,1.49,N,VIIRS
49.21263,36.37605,340.08,0.4,0.37,2026-08-17,23:37:00,N20,nominal,2.0NRT,300.3,16.7,N,VIIRS
49.21188,36.38146,318.71,0.4,0.37,2026-08-17,23:37:00,N20,nominal,2.0NRT,290.68,12.33,N,VIIRS
49.20931,36.37497,344.28,0.4,0.37,2026-08-17,23:37:00,N20,nominal,2.0NRT,298.51,16.7,N,VIIRS
49.21006,36.36956,298.59,0.4,0.37,2026-08-17,23:37:00,N20,nominal,2.0NRT,285.23,16.7,N,VIIRS
49.20673,36.36847,329.73,0.4,0.37,2026-08-17,23:37:00,N20,nominal,2.0NRT,286.32,1.75,N,VIIRS
49.20598,36.37388,297.36,0.4,0.37,2026-08-17,23:37:00,N20,nominal,2.0NRT,285.07,1.75,N,VIIRS
48.9743,37.81907,309.45,0.39,0.36,2026-08-17,23:37:00,N20,nominal,2.0NRT,288.42,1.13,N,VIIRS
48.90131,38.28872,301.98,0.38,0.36,2026-08-17,23:37:00,N20,nominal,2.0NRT,287.1,0.53,N,VIIRS
48.89806,38.28754,301,0.38,0.36,2026-08-17,23:37:00,N20,nominal,2.0NRT,286.72,0.53,N,VIIRS
49.18613,36.31641,322.03,0.4,0.37,2026-08-17,23:37:00,N20,nominal,2.0NRT,288.32,2.41,N,VIIRS
49.18688,36.31098,297.42,0.4,0.37,2026-08-17,23:37:00,N20,nominal,2.0NRT,286.22,1.18,N,VIIRS
49.1828,36.31533,331.04,0.4,0.37,2026-08-17,23:37:00,N20,nominal,2.0NRT,287.6,2.41,N,VIIRS
49.18355,36.3099,304.87,0.4,0.37,2026-08-17,23:37:00,N20,nominal,2.0NRT,286.34,1.18,N,VIIRS
48.8788,38.27852,300.74,0.38,0.36,2026-08-17,23:37:00,N20,nominal,2.0NRT,286.86,0.29,N,VIIRS
48.98462,37.50362,313.44,0.39,0.36,2026-08-17,23:37:00,N20,nominal,2.0NRT,288.19,1.42,N,VIIRS
48.98135,37.50248,305.85,0.39,0.36,2026-08-17,23:37:00,N20,nominal,2.0NRT,287.77,0.84,N,VIIRS
48.98058,37.50767,300.04,0.39,0.36,2026-08-17,23:37:00,N20,nominal,2.0NRT,286.52,0.32,N,VIIRS
48.82846,38.27115,301.05,0.38,0.36,2026-08-17,23:37:00,N20,nominal,2.0NRT,286.59,0.49,N,VIIRS
48.82278,38.2854,297.83,0.38,0.36,2026-08-17,23:37:00,N20,nominal,2.0NRT,286.5,0.57,N,VIIRS
48.82196,38.29054,307.59,0.38,0.36,2026-08-17,23:37:00,N20,nominal,2.0NRT,287.66,0.81,N,VIIRS
48.81628,38.28305,295.27,0.38,0.36,2026-08-17,23:37:00,N20,nominal,2.0NRT,284.91,0.25,N,VIIRS
47.2694,34.07956,297.31,0.43,0.38,2026-08-17,23:37:00,N20,nominal,2.0NRT,286.38,0.81,N,VIIRS
47.13562,35.22594,302.76,0.4,0.37,2026-08-17,23:37:00,N20,nominal,2.0NRT,283.89,0.84,N,VIIRS
47.13971,35.22162,297.33,0.4,0.37,2026-08-17,23:37:00,N20,nominal,2.0NRT,285.28,0.79,N,VIIRS
47.3723,33.45465,297.04,0.45,0.39,2026-08-17,23:37:00,N20,nominal,2.0NRT,286.33,0.32,N,VIIRS
47.04784,35.93824,303.7,0.39,0.36,2026-08-17,23:37:00,N20,nominal,2.0NRT,284.19,0.61,N,VIIRS
47.37097,33.45442,296.75,0.45,0.39,2026-08-17,23:37:00,N20,nominal,2.0NRT,286.51,0.41,N,VIIRS
47.38087,33.43242,313.52,0.45,0.39,2026-08-17,23:37:00,N20,nominal,2.0NRT,286.83,1.47,N,VIIRS
47.2967,35.86762,300.85,0.4,0.37,2026-08-17,23:37:00,N20,nominal,2.0NRT,284.54,0.66,N,VIIRS
47.25069,36.21365,296.28,0.39,0.36,2026-08-17,23:37:00,N20,nominal,2.0NRT,284.58,0.44,N,VIIRS
47.30334,35.86966,297.76,0.4,0.37,2026-08-17,23:37:00,N20,nominal,2.0NRT,284.23,0.43,N,VIIRS
47.30407,35.86448,299,0.4,0.37,2026-08-17,23:37:00,N20,nominal,2.0NRT,284.59,0.43,N,VIIRS
47.42496,35.08732,304.42,0.41,0.37,2026-08-17,23:37:00,N20,nominal,2.0NRT,285.12,3.4,N,VIIRS
47.42568,35.08191,301.48,0.41,0.37,2026-08-17,23:37:00,N20,nominal,2.0NRT,285.74,0.47,N,VIIRS
47.42833,35.08833,337.61,0.41,0.37,2026-08-17,23:37:00,N20,nominal,2.0NRT,290.76,3.4,N,VIIRS
47.43194,35.13974,304.32,0.41,0.37,2026-08-17,23:37:00,N20,nominal,2.0NRT,287.4,0.66,N,VIIRS
47.42491,35.24342,298.62,0.41,0.37,2026-08-17,23:37:00,N20,nominal,2.0NRT,286.44,0.45,N,VIIRS
47.26535,36.55931,298.28,0.39,0.36,2026-08-17,23:37:00,N20,nominal,2.0NRT,285.78,0.64,N,VIIRS
47.26863,36.56036,305.98,0.39,0.36,2026-08-17,23:37:00,N20,nominal,2.0NRT,287.38,0.64,N,VIIRS
47.90803,31.49522,304.91,0.53,0.42,2026-08-17,23:37:00,N20,nominal,2.0NRT,286.6,1.5,N,VIIRS
47.90905,31.49463,302.45,0.53,0.42,2026-08-17,23:37:00,N20,nominal,2.0NRT,286.66,1.33,N,VIIRS
47.17955,37.41333,306.45,0.38,0.36,2026-08-17,23:37:00,N20,nominal,2.0NRT,286.94,0.71,N,VIIRS
47.18358,37.40944,304.29,0.38,0.36,2026-08-17,23:37:00,N20,nominal,2.0NRT,286.85,0.87,N,VIIRS
47.21026,37.39214,328.15,0.38,0.36,2026-08-17,23:37:00,N20,nominal,2.0NRT,287.13,2.95,N,VIIRS
47.21352,37.39323,341.68,0.38,0.36,2026-08-17,23:37:00,N20,nominal,2.0NRT,288.88,2.2,N,VIIRS
47.216,37.39932,304.44,0.38,0.36,2026-08-17,23:37:00,N20,nominal,2.0NRT,287.18,2.2,N,VIIRS
47.21678,37.39433,315.64,0.38,0.36,2026-08-17,23:37:00,N20,nominal,2.0NRT,286.59,2.2,N,VIIRS
47.23309,37.28943,299.16,0.38,0.36,2026-08-17,23:37:00,N20,nominal,2.0NRT,283.43,0.82,N,VIIRS
47.38227,33.42051,298.38,0.45,0.39,2026-08-17,23:37:00,N20,nominal,2.0NRT,287.35,0.27,N,VIIRS
47.54356,35.19588,302.13,0.41,0.37,2026-08-17,23:37:00,N20,nominal,2.0NRT,286.04,1,N,VIIRS
47.54621,35.20226,301.65,0.41,0.37,2026-08-17,23:37:00,N20,nominal,2.0NRT,285.9,0.83,N,VIIRS
47.47068,36.03284,295.01,0.39,0.37,2026-08-17,23:37:00,N20,nominal,2.0NRT,284.9,0.26,N,VIIRS
47.53436,35.90061,301.78,0.4,0.37,2026-08-17,23:37:00,N20,nominal,2.0NRT,285.34,0.55,N,VIIRS
47.67115,34.89679,300.96,0.42,0.37,2026-08-17,23:37:00,N20,nominal,2.0NRT,286.49,0.79,N,VIIRS
48.81466,38.29333,301.61,0.38,0.36,2026-08-17,23:37:00,N20,nominal,2.0NRT,287.66,0.93,N,VIIRS
48.81303,38.28187,310.51,0.38,0.36,2026-08-17,23:37:00,N20,nominal,2.0NRT,285.38,0.89,N,VIIRS
48.85982,37.76029,319.45,0.39,0.36,2026-08-17,23:37:00,N20,nominal,2.0NRT,287.55,1.47,N,VIIRS
48.81059,37.76968,303.82,0.39,0.36,2026-08-17,23:37:00,N20,nominal,2.0NRT,288.46,0.75,N,VIIRS
48.73544,37.61086,303.19,0.39,0.36,2026-08-17,23:37:00,N20,nominal,2.0NRT,288.38,0.64,N,VIIRS
48.72987,37.48925,330.27,0.39,0.36,2026-08-17,23:37:00,N20,nominal,2.0NRT,288.34,3.73,N,VIIRS
48.72582,37.49331,315.43,0.39,0.36,2026-08-17,23:37:00,N20,nominal,2.0NRT,288.17,1.26,N,VIIRS
48.91135,36.03747,328.06,0.4,0.37,2026-08-17,23:37:00,N20,nominal,2.0NRT,287.34,2.49,N,VIIRS
48.5965,38.08747,315.21,0.38,0.36,2026-08-17,23:37:00,N20,nominal,2.0NRT,287.83,1.43,N,VIIRS
48.6212,37.88534,308.87,0.38,0.36,2026-08-17,23:37:00,N20,nominal,2.0NRT,288.19,0.72,N,VIIRS
48.46833,38.7586,303.38,0.39,0.36,2026-08-17,23:37:00,N20,nominal,2.0NRT,290.3,1.17,N,VIIRS
48.465089999999996,38.7574,313.18,0.39,0.36,2026-08-17,23:37:00,N20,nominal,2.0NRT,291.34,1.17,N,VIIRS
48.46184,38.75619,308.14,0.39,0.36,2026-08-17,23:37:00,N20,nominal,2.0NRT,291.2,0.65,N,VIIRS
48.63499,37.59625,322.47,0.39,0.36,2026-08-17,23:37:00,N20,nominal,2.0NRT,286.7,1.59,N,VIIRS
48.4962,38.35254,305.77,0.38,0.36,2026-08-17,23:37:00,N20,nominal,2.0NRT,285.02,0.91,N,VIIRS
48.49538,38.35764,310.71,0.38,0.36,2026-08-17,23:37:00,N20,nominal,2.0NRT,286.05,1.1,N,VIIRS
48.80632,35.85553,302.74,0.4,0.37,2026-08-17,23:37:00,N20,nominal,2.0NRT,282.76,0.8,N,VIIRS
48.80297,35.85449,314.16,0.4,0.37,2026-08-17,23:37:00,N20,nominal,2.0NRT,283.6,0.8,N,VIIRS
48.80223,35.85997,303.93,0.4,0.37,2026-08-17,23:37:00,N20,nominal,2.0NRT,285.15,0.66,N,VIIRS
48.79706,35.89821,299.52,0.4,0.37,2026-08-17,23:37:00,N20,nominal,2.0NRT,286.91,0.37,N,VIIRS
48.8018,35.85814,303.11,0.4,0.37,2026-08-17,23:37:00,N20,nominal,2.0NRT,284.67,0.52,N,VIIRS
48.79654,35.89637,299.85,0.4,0.37,2026-08-17,23:37:00,N20,nominal,2.0NRT,286.79,0.97,N,VIIRS
48.79578,35.90183,312.9,0.4,0.37,2026-08-17,23:37:00,N20,nominal,2.0NRT,287.04,0.97,N,VIIRS
48.79243,35.90077,310.48,0.4,0.37,2026-08-17,23:37:00,N20,nominal,2.0NRT,286.65,0.97,N,VIIRS
48.81599,35.70295,305.9,0.41,0.37,2026-08-17,23:37:00,N20,nominal,2.0NRT,286.54,1.02,N,VIIRS
48.81525,35.70844,300.31,0.41,0.37,2026-08-17,23:37:00,N20,nominal,2.0NRT,286.95,1.05,N,VIIRS
48.80852,35.70636,299.92,0.41,0.37,2026-08-17,23:37:00,N20,nominal,2.0NRT,286.32,0.61,N,VIIRS
48.62854,36.88381,296.66,0.39,0.36,2026-08-17,23:37:00,N20,nominal,2.0NRT,286.43,0.41,N,VIIRS
48.76195,35.8684,325.07,0.4,0.37,2026-08-17,23:37:00,N20,nominal,2.0NRT,286.89,1.81,N,VIIRS
48.7612,35.87386,300.81,0.4,0.37,2026-08-17,23:37:00,N20,nominal,2.0NRT,285.95,0.56,N,VIIRS
48.54212,37.07349,298.64,0.39,0.36,2026-08-17,23:37:00,N20,nominal,2.0NRT,284.77,0.44,N,VIIRS
48.54136,37.07868,298.94,0.39,0.36,2026-08-17,23:37:00,N20,nominal,2.0NRT,286.03,0.47,N,VIIRS
48.53885,37.0724,300.68,0.39,0.36,2026-08-17,23:37:00,N20,nominal,2.0NRT,286.87,1.13,N,VIIRS
48.53808,37.07758,304.54,0.39,0.36,2026-08-17,23:37:00,N20,nominal,2.0NRT,286.05,0.94,N,VIIRS
48.53055,37.05873,317.21,0.39,0.36,2026-08-17,23:37:00,N20,nominal,2.0NRT,288.33,1.5,N,VIIRS
48.48706,37.21657,298.3,0.39,0.36,2026-08-17,23:37:00,N20,nominal,2.0NRT,286.12,0.45,N,VIIRS
48.49541,37.04543,295.89,0.39,0.36,2026-08-17,23:37:00,N20,nominal,2.0NRT,284.65,0.44,N,VIIRS
48.48559,37.0421,296.87,0.39,0.36,2026-08-17,23:37:00,N20,nominal,2.0NRT,284.75,0.26,N,VIIRS
48.47943,37.08356,316.52,0.39,0.36,2026-08-17,23:37:00,N20,nominal,2.0NRT,285.75,1.23,N,VIIRS
48.63762,35.82832,301.08,0.4,0.37,2026-08-17,23:37:00,N20,nominal,2.0NRT,287.15,0.76,N,VIIRS
48.45671,37.09771,304.14,0.39,0.36,2026-08-17,23:37:00,N20,nominal,2.0NRT,287.29,0.94,N,VIIRS
48.45246,37.07999,304.24,0.39,0.36,2026-08-17,23:37:00,N20,nominal,2.0NRT,288.65,0.45,N,VIIRS
48.48484,36.67032,305.18,0.39,0.36,2026-08-17,23:37:00,N20,nominal,2.0NRT,285.36,0.62,N,VIIRS
48.48306,36.65877,298.65,0.39,0.36,2026-08-17,23:37:00,N20,nominal,2.0NRT,284.69,0.38,N,VIIRS
48.42792,36.99012,299.49,0.39,0.36,2026-08-17,23:37:00,N20,nominal,2.0NRT,284.04,0.35,N,VIIRS
48.42387,36.99422,298.71,0.39,0.36,2026-08-17,23:37:00,N20,nominal,2.0NRT,283.85,0.35,N,VIIRS
48.3542,37.25705,299.15,0.39,0.36,2026-08-17,23:37:00,N20,nominal,2.0NRT,285.8,0.65,N,VIIRS
48.10048,37.92548,307.2,0.38,0.36,2026-08-17,23:37:00,N20,nominal,2.0NRT,290.75,0.82,N,VIIRS
48.17683,37.41074,295.7,0.39,0.36,2026-08-17,23:37:00,N20,nominal,2.0NRT,285.38,0.43,N,VIIRS
48.09803,37.91927,303.01,0.38,0.36,2026-08-17,23:37:00,N20,nominal,2.0NRT,289.8,0.82,N,VIIRS
48.05833,37.95348,311.74,0.38,0.36,2026-08-17,23:37:00,N20,nominal,2.0NRT,289.53,1.2,N,VIIRS
48.1183,37.47989,296.5,0.39,0.36,2026-08-17,23:37:00,N20,nominal,2.0NRT,285.38,0.48,N,VIIRS
48.08754,37.65676,303.31,0.38,0.36,2026-08-17,23:37:00,N20,nominal,2.0NRT,284.24,0.89,N,VIIRS
48.23521,36.60645,296.21,0.39,0.36,2026-08-17,23:37:00,N20,nominal,2.0NRT,285.5,0.16,N,VIIRS
47.20834,34.87032,298.04,0.41,0.37,2026-08-17,23:37:00,N20,nominal,2.0NRT,284.77,0.77,N,VIIRS
47.20906,34.86493,315.77,0.41,0.37,2026-08-17,23:37:00,N20,nominal,2.0NRT,286.25,0.77,N,VIIRS
47.21173,34.8713,295.4,0.41,0.37,2026-08-17,23:37:00,N20,nominal,2.0NRT,284.91,0.77,N,VIIRS
47.21441,34.87767,300.5,0.41,0.37,2026-08-17,23:37:00,N20,nominal,2.0NRT,284.77,0.54,N,VIIRS
47.73101,30.26264,305.14,0.4,0.44,2026-08-17,23:37:00,N20,nominal,2.0NRT,286.09,1.59,N,VIIRS
47.38517,33.6105,296.56,0.45,0.39,2026-08-17,23:37:00,N20,nominal,2.0NRT,286.28,0.62,N,VIIRS
47.38659,33.59875,296.87,0.45,0.39,2026-08-17,23:37:00,N20,nominal,2.0NRT,286.13,0.5,N,VIIRS
47.73506,30.26356,326.17,0.4,0.44,2026-08-17,23:37:00,N20,nominal,2.0NRT,287.24,1.59,N,VIIRS
47.20284,35.06956,297.37,0.41,0.37,2026-08-17,23:37:00,N20,nominal,2.0NRT,285,0.71,N,VIIRS
47.20356,35.06423,300.91,0.41,0.37,2026-08-17,23:37:00,N20,nominal,2.0NRT,285.1,0.71,N,VIIRS
47.39011,33.59968,302.08,0.45,0.39,2026-08-17,23:37:00,N20,nominal,2.0NRT,286.39,0.78,N,VIIRS
47.27838,34.55087,308.89,0.42,0.38,2026-08-17,23:37:00,N20,nominal,2.0NRT,286.6,0.66,N,VIIRS
47.39997,33.60836,304.34,0.45,0.39,2026-08-17,23:37:00,N20,nominal,2.0NRT,286.23,1.2,N,VIIRS
47.4035,33.6093,320.19,0.45,0.39,2026-08-17,23:37:00,N20,nominal,2.0NRT,287.3,2.27,N,VIIRS
47.3769,34.54546,299.71,0.42,0.38,2026-08-17,23:37:00,N20,nominal,2.0NRT,287.12,0.79,N,VIIRS
47.30022,35.28226,297.05,0.4,0.37,2026-08-17,23:37:00,N20,nominal,2.0NRT,285.48,0.48,N,VIIRS
47.30285,35.28857,297.75,0.4,0.37,2026-08-17,23:37:00,N20,nominal,2.0NRT,284.59,1.09,N,VIIRS
47.30357,35.28326,338.64,0.4,0.37,2026-08-17,23:37:00,N20,nominal,2.0NRT,287.97,2.44,N,VIIRS
47.3043,35.27795,322.81,0.41,0.37,2026-08-17,23:37:00,N20,nominal,2.0NRT,285.62,2.44,N,VIIRS
47.30693,35.28426,316.57,0.4,0.37,2026-08-17,23:37:00,N20,nominal,2.0NRT,286.4,2.44,N,VIIRS
47.34332,35.14537,303.11,0.41,0.37,2026-08-17,23:37:00,N20,nominal,2.0NRT,285.47,0.65,N,VIIRS
47.39479,34.84074,314.05,0.41,0.37,2026-08-17,23:37:00,N20,nominal,2.0NRT,287.32,1.27,N,VIIRS
47.39819,34.8417,297.53,0.41,0.37,2026-08-17,23:37:00,N20,nominal,2.0NRT,287.52,1.2,N,VIIRS
47.39891,34.83625,319.21,0.41,0.37,2026-08-17,23:37:00,N20,nominal,2.0NRT,288.08,1.2,N,VIIRS
47.40231,34.8372,315.91,0.41,0.37,2026-08-17,23:37:00,N20,nominal,2.0NRT,288.7,1.2,N,VIIRS
47.23797,36.04673,299.56,0.39,0.36,2026-08-17,23:37:00,N20,nominal,2.0NRT,282.99,0.63,N,VIIRS
47.40208,34.86538,298.82,0.41,0.37,2026-08-17,23:37:00,N20,nominal,2.0NRT,288.54,0.51,N,VIIRS
47.40571,34.83814,300.22,0.41,0.37,2026-08-17,23:37:00,N20,nominal,2.0NRT,288.56,0.95,N,VIIRS
47.40644,34.83267,317.66,0.41,0.37,2026-08-17,23:37:00,N20,nominal,2.0NRT,287.89,1.54,N,VIIRS
47.37636,35.08261,307.18,0.41,0.37,2026-08-17,23:37:00,N20,nominal,2.0NRT,286.05,0.59,N,VIIRS
47.38238,35.08995,336.24,0.41,0.37,2026-08-17,23:37:00,N20,nominal,2.0NRT,288.79,5.01,N,VIIRS
47.3823,35.09167,335.25,0.41,0.37,2026-08-17,23:37:00,N20,nominal,2.0NRT,289.37,3.06,N,VIIRS
46.88552,32.32737,307.08,0.48,0.4,2026-08-17,23:37:00,N20,nominal,2.0NRT,286.75,1.25,N,VIIRS
46.77902,33.25467,299.11,0.45,0.39,2026-08-17,23:37:00,N20,nominal,2.0NRT,288.45,0.49,N,VIIRS
47.02424,30.29692,306.16,0.39,0.44,2026-08-17,23:37:00,N20,nominal,2.0NRT,285.84,0.89,N,VIIRS
46.414790000000004,35.41034,324.32,0.4,0.37,2026-08-17,23:37:00,N20,nominal,2.0NRT,285.83,1.62,N,VIIRS
46.63881,32.92424,297.88,0.46,0.39,2026-08-17,23:37:00,N20,nominal,2.0NRT,286.81,0.76,N,VIIRS
46.63209,32.59831,304.29,0.47,0.4,2026-08-17,23:37:00,N20,nominal,2.0NRT,289.2,0.54,N,VIIRS
46.53258,32.97016,298.95,0.46,0.39,2026-08-17,23:37:00,N20,nominal,2.0NRT,287.61,0.84,N,VIIRS
46.53525,32.59874,310.57,0.47,0.4,2026-08-17,23:37:00,N20,nominal,2.0NRT,288.63,2.17,N,VIIRS
46.52395,32.66497,295.96,0.47,0.4,2026-08-17,23:37:00,N20,nominal,2.0NRT,284.02,0.68,N,VIIRS
46.30222,34.43532,297.62,0.41,0.37,2026-08-17,23:37:00,N20,nominal,2.0NRT,283.85,0.32,N,VIIRS
46.31955,34.06964,307,0.42,0.38,2026-08-17,23:37:00,N20,nominal,2.0NRT,285.89,0.77,N,VIIRS
46.23785,34.52659,312.92,0.41,0.37,2026-08-17,23:37:00,N20,nominal,2.0NRT,286.16,1.69,N,VIIRS
46.2745,33.94992,306.35,0.43,0.38,2026-08-17,23:37:00,N20,nominal,2.0NRT,284.5,0.58,N,VIIRS
46.40248,32.81448,308.14,0.46,0.39,2026-08-17,23:37:00,N20,nominal,2.0NRT,286.57,1.1,N,VIIRS
46.47731,31.94706,300.55,0.5,0.41,2026-08-17,23:37:00,N20,nominal,2.0NRT,286.92,0.58,N,VIIRS
46.33696,33.05999,299.25,0.45,0.39,2026-08-17,23:37:00,N20,nominal,2.0NRT,286.06,0.48,N,VIIRS
46.33494,33.05932,319.96,0.45,0.39,2026-08-17,23:37:00,N20,nominal,2.0NRT,286.33,1.48,N,VIIRS
46.33068,33.06427,298.14,0.45,0.39,2026-08-17,23:37:00,N20,nominal,2.0NRT,286.2,1.48,N,VIIRS
46.32713,33.06337,307.08,0.45,0.39,2026-08-17,23:37:00,N20,nominal,2.0NRT,285.99,0.65,N,VIIRS
46.20879,33.97697,303.57,0.42,0.38,2026-08-17,23:37:00,N20,nominal,2.0NRT,288.22,1.57,N,VIIRS
46.24794,32.50956,305.65,0.47,0.4,2026-08-17,23:37:00,N20,nominal,2.0NRT,286.37,1.04,N,VIIRS
45.73004,34.18212,304.34,0.42,0.37,2026-08-17,23:37:00,N20,nominal,2.0NRT,284.68,0.37,N,VIIRS
46.04626,30.10431,295.26,0.39,0.44,2026-08-17,23:37:00,N20,nominal,2.0NRT,284.88,0.72,N,VIIRS
46.04178,30.10854,303.38,0.39,0.44,2026-08-17,23:37:00,N20,nominal,2.0NRT,284.23,0.72,N,VIIRS
47.99443,37.96637,297.83,0.38,0.36,2026-08-17,23:37:00,N20,nominal,2.0NRT,285,0.45,N,VIIRS
48.30128,35.92202,296.38,0.4,0.37,2026-08-17,23:37:00,N20,nominal,2.0NRT,286.06,0.38,N,VIIRS
48.34703,35.58815,300.79,0.41,0.37,2026-08-17,23:37:00,N20,nominal,2.0NRT,285.62,0.25,N,VIIRS
48.47046,34.64562,318.2,0.43,0.38,2026-08-17,23:37:00,N20,nominal,2.0NRT,289.85,1.34,N,VIIRS
48.47264,34.62835,309.71,0.43,0.38,2026-08-17,23:37:00,N20,nominal,2.0NRT,290.74,1.32,N,VIIRS
48.4739,34.64661,320.2,0.43,0.38,2026-08-17,23:37:00,N20,nominal,2.0NRT,291.8,1.97,N,VIIRS
48.31945,35.91647,300.49,0.4,0.37,2026-08-17,23:37:00,N20,nominal,2.0NRT,286.67,0.24,N,VIIRS
48.32278,35.91751,297.2,0.4,0.37,2026-08-17,23:37:00,N20,nominal,2.0NRT,285.27,0.24,N,VIIRS
45.17632,35.1666,304.01,0.4,0.37,2026-08-17,23:37:00,N20,nominal,2.0NRT,285.65,0.7,N,VIIRS
45.28323,34.30022,307.79,0.41,0.37,2026-08-17,23:37:00,N20,nominal,2.0NRT,283.18,0.63,N,VIIRS
45.60415,28.97514,300.48,0.43,0.46,2026-08-17,23:37:00,N20,nominal,2.0NRT,286.95,0.75,N,VIIRS
