latitude,longitude,bright_ti4,scan,track,acq_date,acq_time,satellite,confidence,version,bright_ti5,frp,daynight,instrument
50.60623,31.18409,301.04,0.39,0.36,2026-09-01,00:13:00,N20,nominal,2.0NRT,290.99,0.91,N,VIIRS
50.58897,31.22309,298.48,0.39,0.36,2026-09-01,00:13:00,N20,nominal,2.0NRT,288.11,0.58,N,VIIRS
50.57898,31.20548,300.1,0.39,0.36,2026-09-01,00:13:00,N20,nominal,2.0NRT,289.66,0.84,N,VIIRS
50.08037,36.82549,302.33,0.56,0.43,2026-09-01,00:13:00,N20,nominal,2.0NRT,284.95,2.54,N,VIIRS
50.07869,36.83284,311.82,0.56,0.43,2026-09-01,00:13:00,N20,nominal,2.0NRT,286.26,2.11,N,VIIRS
50.10601,36.43713,296.02,0.54,0.42,2026-09-01,00:13:00,N20,nominal,2.0NRT,280.73,0.55,N,VIIRS
49.70128,37.59171,320.33,0.41,0.45,2026-09-01,00:13:00,N20,nominal,2.0NRT,281.78,1.64,N,VIIRS
49.71401,37.24154,303.06,0.39,0.44,2026-09-01,00:13:00,N20,nominal,2.0NRT,281.15,1.26,N,VIIRS
49.71018,37.23943,306.66,0.39,0.44,2026-09-01,00:13:00,N20,nominal,2.0NRT,281.9,1.26,N,VIIRS
49.70896,37.24461,295.94,0.39,0.44,2026-09-01,00:13:00,N20,nominal,2.0NRT,281.15,0.69,N,VIIRS
50.57805,31.21088,304.56,0.39,0.36,2026-09-01,00:13:00,N20,nominal,2.0NRT,292.11,0.84,N,VIIRS
48.94806,38.58651,303.04,0.47,0.47,2026-09-01,00:13:00,N20,nominal,2.0NRT,278.71,1.25,N,VIIRS
49.5733,35.80175,306.42,0.53,0.42,2026-09-01,00:13:00,N20,nominal,2.0NRT,284.02,1.56,N,VIIRS
49.57175,35.80867,296.85,0.53,0.42,2026-09-01,00:13:00,N20,nominal,2.0NRT,284.14,1.33,N,VIIRS
49.5744,35.80285,309.2,0.53,0.42,2026-09-01,00:13:00,N20,nominal,2.0NRT,283.89,2.39,N,VIIRS
48.98099,38.18171,296.34,0.45,0.47,2026-09-01,00:13:00,N20,nominal,2.0NRT,277.9,0.73,N,VIIRS
48.97956,38.18752,297.36,0.45,0.47,2026-09-01,00:13:00,N20,nominal,2.0NRT,278.62,0.95,N,VIIRS
48.97552,38.18519,295.57,0.45,0.47,2026-09-01,00:13:00,N20,nominal,2.0NRT,277.83,0.95,N,VIIRS
52.16211,34.03365,328.96,0.42,0.38,2026-09-01,00:13:00,N20,nominal,2.0NRT,286.65,2.29,N,VIIRS
52.09327,33.99219,300.75,0.42,0.38,2026-09-01,00:13:00,N20,nominal,2.0NRT,282.12,0.63,N,VIIRS
50.40656,37.27294,305.42,0.57,0.43,2026-09-01,00:13:00,N20,nominal,2.0NRT,281.19,1.81,N,VIIRS
50.28254,36.93442,297.33,0.56,0.43,2026-09-01,00:13:00,N20,nominal,2.0NRT,280.54,0.87,N,VIIRS
50.29099,36.43136,298.65,0.53,0.42,2026-09-01,00:13:00,N20,nominal,2.0NRT,281.96,0.96,N,VIIRS
50.19804,36.62354,300.95,0.55,0.42,2026-09-01,00:13:00,N20,nominal,2.0NRT,281.11,1.03,N,VIIRS
50.19637,36.63088,301.35,0.55,0.42,2026-09-01,00:13:00,N20,nominal,2.0NRT,281.49,1.03,N,VIIRS
50.19432,36.62158,304.63,0.55,0.42,2026-09-01,00:13:00,N20,nominal,2.0NRT,280.89,1.03,N,VIIRS
50.19266,36.62886,300.5,0.55,0.42,2026-09-01,00:13:00,N20,nominal,2.0NRT,281.97,1.03,N,VIIRS
50.42756,35.29979,296.4,0.49,0.4,2026-09-01,00:13:00,N20,nominal,2.0NRT,270.34,0.92,N,VIIRS
50.42618,35.30633,300.29,0.49,0.4,2026-09-01,00:13:00,N20,nominal,2.0NRT,274.61,0.93,N,VIIRS
52.17771,34.02853,299.65,0.42,0.38,2026-09-01,00:13:00,N20,nominal,2.0NRT,285.73,0.57,N,VIIRS
52.34492,33.27299,305.65,0.41,0.37,2026-09-01,00:13:00,N20,nominal,2.0NRT,282.66,0.34,N,VIIRS
48.91158,38.2013,298.92,0.45,0.47,2026-09-01,00:13:00,N20,nominal,2.0NRT,279.33,0.69,N,VIIRS
49.54161,35.39756,296.08,0.51,0.41,2026-09-01,00:13:00,N20,nominal,2.0NRT,284.28,0.48,N,VIIRS
50.44165,30.67283,299.36,0.39,0.36,2026-09-01,00:13:00,N20,nominal,2.0NRT,283.83,0.27,N,VIIRS
49.82531,33.9916,308.94,0.45,0.39,2026-09-01,00:13:00,N20,nominal,2.0NRT,285.28,1.53,N,VIIRS
48.54459,39.40026,318.77,0.52,0.5,2026-09-01,00:13:00,N20,nominal,2.0NRT,282.47,2.76,N,VIIRS
48.54288,39.40683,305.04,0.52,0.5,2026-09-01,00:13:00,N20,nominal,2.0NRT,281.23,2,N,VIIRS
48.91451,37.7812,306.75,0.43,0.46,2026-09-01,00:13:00,N20,nominal,2.0NRT,278.79,0.67,N,VIIRS
50.44618,30.2309,302.87,0.39,0.36,2026-09-01,00:13:00,N20,nominal,2.0NRT,287.01,0.46,N,VIIRS
49.02274,36.85291,296.4,0.39,0.44,2026-09-01,00:13:00,N20,nominal,2.0NRT,280.19,0.3,N,VIIRS
48.46582,38.75891,303.45,0.49,0.48,2026-09-01,00:13:00,N20,nominal,2.0NRT,286.51,1.02,N,VIIRS
48.46164,38.75645,296.29,0.49,0.48,2026-09-01,00:13:00,N20,nominal,2.0NRT,284.99,1.02,N,VIIRS
49.41984,34.40752,301.28,0.48,0.4,2026-09-01,00:13:00,N20,nominal,2.0NRT,284.36,0.49,N,VIIRS
49.41991,34.40733,300.75,0.48,0.4,2026-09-01,00:13:00,N20,nominal,2.0NRT,284.61,0.82,N,VIIRS
49.98829,31.03571,297.46,0.39,0.36,2026-09-01,00:13:00,N20,nominal,2.0NRT,283.76,0.25,N,VIIRS
48.63816,37.51255,295.31,0.43,0.46,2026-09-01,00:13:00,N20,nominal,2.0NRT,279.86,0.49,N,VIIRS
48.61151,37.54796,297.1,0.43,0.46,2026-09-01,00:13:00,N20,nominal,2.0NRT,280.82,0.33,N,VIIRS
48.60756,37.54562,300.81,0.43,0.46,2026-09-01,00:13:00,N20,nominal,2.0NRT,280.8,1.26,N,VIIRS
48.60225,37.54889,302.66,0.43,0.46,2026-09-01,00:13:00,N20,nominal,2.0NRT,280.92,1.09,N,VIIRS
48.6017,37.54676,303.85,0.43,0.46,2026-09-01,00:13:00,N20,nominal,2.0NRT,281.95,1.24,N,VIIRS
50.97266,29.68017,310.46,0.38,0.36,2026-09-01,00:13:00,N20,nominal,2.0NRT,289.89,3.81,N,VIIRS
50.96942,29.67888,334.97,0.38,0.36,2026-09-01,00:13:00,N20,nominal,2.0NRT,295.07,3.81,N,VIIRS
49.35983,37.73325,303.29,0.42,0.45,2026-09-01,00:13:00,N20,nominal,2.0NRT,279.68,0.82,N,VIIRS
49.2255,38.13324,304.11,0.44,0.46,2026-09-01,00:13:00,N20,nominal,2.0NRT,279.33,1.09,N,VIIRS
50.72373,30.72064,299.67,0.39,0.36,2026-09-01,00:13:00,N20,nominal,2.0NRT,282.6,0.57,N,VIIRS
50.72139,30.71393,296.26,0.39,0.36,2026-09-01,00:13:00,N20,nominal,2.0NRT,284.84,0.75,N,VIIRS
50.18271,33.65861,297.87,0.44,0.38,2026-09-01,00:13:00,N20,nominal,2.0NRT,284.99,0.34,N,VIIRS
46.70627,35.50798,296.23,0.39,0.44,2026-09-01,00:16:00,N20,nominal,2.0NRT,281.97,0.19,N,VIIRS
46.77106,35.33801,298.17,0.39,0.44,2026-09-01,00:16:00,N20,nominal,2.0NRT,285.6,0.72,N,VIIRS
46.7067,35.84313,295.03,0.41,0.45,2026-09-01,00:16:00,N20,nominal,2.0NRT,284.07,0.38,N,VIIRS
46.78464,36.10801,296.23,0.42,0.45,2026-09-01,00:16:00,N20,nominal,2.0NRT,285.13,0.77,N,VIIRS
46.78785,36.10517,299.15,0.42,0.45,2026-09-01,00:16:00,N20,nominal,2.0NRT,284.16,0.37,N,VIIRS
46.91069,35.60032,316.12,0.39,0.44,2026-09-01,00:16:00,N20,nominal,2.0NRT,283.68,1.17,N,VIIRS
46.91183,35.59539,312.37,0.39,0.44,2026-09-01,00:16:00,N20,nominal,2.0NRT,283.18,1.17,N,VIIRS
46.91455,35.60221,303.27,0.39,0.44,2026-09-01,00:16:00,N20,nominal,2.0NRT,282.84,1.17,N,VIIRS
46.90866,35.83291,295.12,0.4,0.44,2026-09-01,00:16:00,N20,nominal,2.0NRT,284.48,0.44,N,VIIRS
48.92051,24.2008,298.65,0.46,0.39,2026-09-01,00:16:00,N20,nominal,2.0NRT,284.91,0.95,N,VIIRS
48.92124,24.19456,299.99,0.46,0.39,2026-09-01,00:16:00,N20,nominal,2.0NRT,282.89,0.95,N,VIIRS
48.92481,24.19552,295.08,0.46,0.39,2026-09-01,00:16:00,N20,nominal,2.0NRT,282.39,0.95,N,VIIRS
48.92627,24.18305,302.27,0.46,0.39,2026-09-01,00:16:00,N20,nominal,2.0NRT,283.58,1.73,N,VIIRS
48.92984,24.184,301,0.46,0.39,2026-09-01,00:16:00,N20,nominal,2.0NRT,283.24,1.35,N,VIIRS
47.23873,34.77974,301.74,0.54,0.42,2026-09-01,00:16:00,N20,nominal,2.0NRT,280.53,0.98,N,VIIRS
48.97564,24.70834,295.19,0.44,0.39,2026-09-01,00:16:00,N20,nominal,2.0NRT,283.1,0.97,N,VIIRS
48.74931,26.60686,306.78,0.4,0.37,2026-09-01,00:16:00,N20,nominal,2.0NRT,291.15,0.56,N,VIIRS
47.24152,35.19643,303.22,0.56,0.43,2026-09-01,00:16:00,N20,nominal,2.0NRT,280.46,1.07,N,VIIRS
47.43681,34.71665,299.96,0.53,0.42,2026-09-01,00:16:00,N20,nominal,2.0NRT,280.27,0.84,N,VIIRS
46.94007,37.28117,309.13,0.46,0.47,2026-09-01,00:16:00,N20,nominal,2.0NRT,285.07,1.23,N,VIIRS
47.58889,34.64742,300.31,0.52,0.42,2026-09-01,00:16:00,N20,nominal,2.0NRT,282.12,0.9,N,VIIRS
47.87362,33.41634,304.92,0.47,0.4,2026-09-01,00:16:00,N20,nominal,2.0NRT,288.49,1.72,N,VIIRS
47.8734,33.43612,309.5,0.47,0.4,2026-09-01,00:16:00,N20,nominal,2.0NRT,287.02,1.63,N,VIIRS
47.71431,34.96159,303.95,0.54,0.42,2026-09-01,00:16:00,N20,nominal,2.0NRT,278.38,1.07,N,VIIRS
47.80056,34.63742,296.01,0.52,0.41,2026-09-01,00:16:00,N20,nominal,2.0NRT,280.89,0.66,N,VIIRS
47.71624,34.961,303.25,0.54,0.42,2026-09-01,00:16:00,N20,nominal,2.0NRT,279.69,0.76,N,VIIRS
47.67658,35.30429,296.38,0.55,0.43,2026-09-01,00:16:00,N20,nominal,2.0NRT,281.12,1.17,N,VIIRS
47.72533,35.14192,310.04,0.54,0.42,2026-09-01,00:16:00,N20,nominal,2.0NRT,284.83,1.14,N,VIIRS
47.7269,35.13488,295.31,0.54,0.42,2026-09-01,00:16:00,N20,nominal,2.0NRT,283.07,1.14,N,VIIRS
47.74955,35.48149,302.49,0.56,0.43,2026-09-01,00:16:00,N20,nominal,2.0NRT,284.42,1.94,N,VIIRS
47.75116,35.47433,319.67,0.56,0.43,2026-09-01,00:16:00,N20,nominal,2.0NRT,284.12,2.33,N,VIIRS
47.75332,35.48334,296.51,0.56,0.43,2026-09-01,00:16:00,N20,nominal,2.0NRT,282.74,0.92,N,VIIRS
48.59511,31.40495,296.74,0.41,0.37,2026-09-01,00:16:00,N20,nominal,2.0NRT,284.77,0.54,N,VIIRS
48.59843,31.40632,304.95,0.41,0.37,2026-09-01,00:16:00,N20,nominal,2.0NRT,285.06,0.54,N,VIIRS
48.60174,31.40769,304.92,0.41,0.37,2026-09-01,00:16:00,N20,nominal,2.0NRT,285.54,0.63,N,VIIRS
47.26115,37.67102,303.9,0.47,0.48,2026-09-01,00:16:00,N20,nominal,2.0NRT,282.57,1.09,N,VIIRS
47.26383,37.67915,296.64,0.47,0.48,2026-09-01,00:16:00,N20,nominal,2.0NRT,283.03,0.98,N,VIIRS
47.71541,35.16794,303.18,0.55,0.42,2026-09-01,00:16:00,N20,nominal,2.0NRT,282.22,1.38,N,VIIRS
47.98327,35.99781,299.81,0.39,0.44,2026-09-01,00:16:00,N20,nominal,2.0NRT,280.38,0.71,N,VIIRS
47.58254,38.24517,319.48,0.49,0.49,2026-09-01,00:16:00,N20,nominal,2.0NRT,282.99,3.21,N,VIIRS
47.63501,38.24602,303.67,0.49,0.48,2026-09-01,00:16:00,N20,nominal,2.0NRT,280.95,1.06,N,VIIRS
48.4716,34.6306,305.04,0.5,0.41,2026-09-01,00:16:00,N20,nominal,2.0NRT,286.98,2.57,N,VIIRS
48.47247,34.63092,310.68,0.5,0.41,2026-09-01,00:16:00,N20,nominal,2.0NRT,288.97,2.03,N,VIIRS
47.63406,38.24569,308.26,0.49,0.48,2026-09-01,00:16:00,N20,nominal,2.0NRT,281.61,0.76,N,VIIRS
47.65038,38.27577,311.22,0.49,0.49,2026-09-01,00:16:00,N20,nominal,2.0NRT,280.68,1.31,N,VIIRS
48.51974,34.63303,315.59,0.5,0.41,2026-09-01,00:16:00,N20,nominal,2.0NRT,287.69,2.99,N,VIIRS
48.53274,34.64655,327.23,0.5,0.41,2026-09-01,00:16:00,N20,nominal,2.0NRT,288.69,3.81,N,VIIRS
49.33633,31.12232,299.67,0.4,0.37,2026-09-01,00:16:00,N20,nominal,2.0NRT,287.79,0.5,N,VIIRS
48.05538,37.38148,304.12,0.44,0.46,2026-09-01,00:16:00,N20,nominal,2.0NRT,283.96,0.78,N,VIIRS
48.2334,36.71869,295.43,0.41,0.45,2026-09-01,00:16:00,N20,nominal,2.0NRT,280.27,0.39,N,VIIRS
48.38025,38.37996,295.14,0.47,0.48,2026-09-01,00:16:00,N20,nominal,2.0NRT,279.63,0.49,N,VIIRS
48.37878,38.38587,310.9,0.47,0.48,2026-09-01,00:16:00,N20,nominal,2.0NRT,281.63,0.93,N,VIIRS
48.49987,37.70574,302.53,0.44,0.46,2026-09-01,00:16:00,N20,nominal,2.0NRT,281.19,1.05,N,VIIRS
48.72333,36.44758,305.72,0.39,0.44,2026-09-01,00:16:00,N20,nominal,2.0NRT,280.74,0.92,N,VIIRS
48.72219,36.45255,301.15,0.39,0.44,2026-09-01,00:16:00,N20,nominal,2.0NRT,281.1,0.92,N,VIIRS
48.52895,37.05732,317.97,0.41,0.45,2026-09-01,00:16:00,N20,nominal,2.0NRT,284.95,2.37,N,VIIRS
48.48068,37.07397,296.4,0.41,0.45,2026-09-01,00:16:00,N20,nominal,2.0NRT,281.19,0.78,N,VIIRS
48.4794,37.07927,302.27,0.42,0.45,2026-09-01,00:16:00,N20,nominal,2.0NRT,280.85,0.78,N,VIIRS
48.47722,37.07614,310.41,0.42,0.45,2026-09-01,00:16:00,N20,nominal,2.0NRT,281.59,1.49,N,VIIRS
48.47206,37.07926,307.4,0.42,0.45,2026-09-01,00:16:00,N20,nominal,2.0NRT,284.48,1.49,N,VIIRS
48.46439,37.09302,303.31,0.42,0.45,2026-09-01,00:16:00,N20,nominal,2.0NRT,282.75,0.82,N,VIIRS
48.46046,37.09087,317.84,0.42,0.45,2026-09-01,00:16:00,N20,nominal,2.0NRT,283.1,0.82,N,VIIRS
47.88537,39.36724,298.83,0.54,0.51,2026-09-01,00:16:00,N20,nominal,2.0NRT,282.38,0.76,N,VIIRS
47.88361,39.37396,304.3,0.54,0.51,2026-09-01,00:16:00,N20,nominal,2.0NRT,281.68,0.78,N,VIIRS
48.35485,37.25332,297.78,0.42,0.46,2026-09-01,00:16:00,N20,nominal,2.0NRT,279.8,0.64,N,VIIRS
48.28199,37.17725,295.27,0.42,0.45,2026-09-01,00:16:00,N20,nominal,2.0NRT,284.42,1.36,N,VIIRS
48.09972,37.92492,298.67,0.46,0.47,2026-09-01,00:16:00,N20,nominal,2.0NRT,285.73,1.27,N,VIIRS
48.05927,37.95627,306.6,0.46,0.47,2026-09-01,00:16:00,N20,nominal,2.0NRT,286.76,1.06,N,VIIRS
47.85347,38.72701,311.71,0.5,0.49,2026-09-01,00:16:00,N20,nominal,2.0NRT,284.17,1.26,N,VIIRS
47.85085,38.71831,299.96,0.5,0.49,2026-09-01,00:16:00,N20,nominal,2.0NRT,283.57,1.26,N,VIIRS
47.85588,38.72738,303.07,0.51,0.49,2026-09-01,00:16:00,N20,nominal,2.0NRT,282.92,1.22,N,VIIRS
47.85162,38.72501,309.45,0.51,0.49,2026-09-01,00:16:00,N20,nominal,2.0NRT,284.32,1.22,N,VIIRS
48.16086,37.30163,312.25,0.43,0.46,2026-09-01,00:16:00,N20,nominal,2.0NRT,282.99,1.95,N,VIIRS
47.83233,38.47714,298.18,0.49,0.49,2026-09-01,00:16:00,N20,nominal,2.0NRT,285.09,1.72,N,VIIRS
45.59138,29.55288,318.67,0.4,0.37,2026-09-01,00:16:00,N20,nominal,2.0NRT,284.31,1.16,N,VIIRS
45.59557,29.54904,304.95,0.4,0.37,2026-09-01,00:16:00,N20,nominal,2.0NRT,283.35,0.74,N,VIIRS
44.77247,33.85914,304.6,0.56,0.43,2026-09-01,00:16:00,N20,nominal,2.0NRT,287.53,1.15,N,VIIRS
45.88485,29.96143,300.98,0.4,0.37,2026-09-01,00:16:00,N20,nominal,2.0NRT,284.6,1.19,N,VIIRS
46.0746,29.23455,296.44,0.39,0.36,2026-09-01,00:16:00,N20,nominal,2.0NRT,284.58,0.36,N,VIIRS
46.51805,30.24635,295.64,0.4,0.37,2026-09-01,00:16:00,N20,nominal,2.0NRT,284.65,0.41,N,VIIRS
46.13543,32.70442,309.61,0.48,0.4,2026-09-01,00:16:00,N20,nominal,2.0NRT,285.86,1.39,N,VIIRS
46.13774,32.71189,306.3,0.48,0.4,2026-09-01,00:16:00,N20,nominal,2.0NRT,285.25,0.96,N,VIIRS
45.75801,34.58619,298.07,0.57,0.43,2026-09-01,00:16:00,N20,nominal,2.0NRT,287.23,1.35,N,VIIRS
46.3757,32.56368,325.44,0.47,0.39,2026-09-01,00:16:00,N20,nominal,2.0NRT,284.88,2.88,N,VIIRS
46.43657,32.35538,307.1,0.46,0.39,2026-09-01,00:16:00,N20,nominal,2.0NRT,287.37,1.3,N,VIIRS
46.43448,33.12411,302.87,0.49,0.4,2026-09-01,00:16:00,N20,nominal,2.0NRT,283.62,0.8,N,VIIRS
46.43362,33.12368,304.71,0.49,0.4,2026-09-01,00:16:00,N20,nominal,2.0NRT,283.48,1.2,N,VIIRS
46.58067,32.72856,301.43,0.47,0.4,2026-09-01,00:16:00,N20,nominal,2.0NRT,285.58,1.2,N,VIIRS
46.58771,32.73156,303.09,0.47,0.4,2026-09-01,00:16:00,N20,nominal,2.0NRT,284.6,0.87,N,VIIRS
46.62183,32.6948,297.68,0.47,0.4,2026-09-01,00:16:00,N20,nominal,2.0NRT,283.52,0.48,N,VIIRS
46.68123,32.68846,303.75,0.47,0.39,2026-09-01,00:16:00,N20,nominal,2.0NRT,286.13,0.77,N,VIIRS
46.63269,33.35308,313.13,0.49,0.4,2026-09-01,00:16:00,N20,nominal,2.0NRT,286.98,3.93,N,VIIRS
46.63367,33.36704,302.46,0.49,0.4,2026-09-01,00:16:00,N20,nominal,2.0NRT,284.21,1.6,N,VIIRS
46.63757,33.34847,337.01,0.49,0.4,2026-09-01,00:16:00,N20,nominal,2.0NRT,302.05,21.39,N,VIIRS
46.63855,33.36246,299.94,0.49,0.4,2026-09-01,00:16:00,N20,nominal,2.0NRT,282.17,8.42,N,VIIRS
46.64116,33.35006,340.93,0.49,0.4,2026-09-01,00:16:00,N20,nominal,2.0NRT,283.75,21.39,N,VIIRS
46.49654,34.04625,303.05,0.52,0.42,2026-09-01,00:16:00,N20,nominal,2.0NRT,282.92,1.38,N,VIIRS
46.78918,32.8199,299.8,0.47,0.4,2026-09-01,00:16:00,N20,nominal,2.0NRT,282.45,0.53,N,VIIRS
46.70233,33.66487,301.73,0.5,0.41,2026-09-01,00:16:00,N20,nominal,2.0NRT,282.78,1.26,N,VIIRS
46.70595,33.66648,305.95,0.5,0.41,2026-09-01,00:16:00,N20,nominal,2.0NRT,282.15,1.06,N,VIIRS
46.55524,34.74313,302.87,0.56,0.43,2026-09-01,00:16:00,N20,nominal,2.0NRT,282.5,1.03,N,VIIRS
46.80302,33.60699,296.48,0.5,0.41,2026-09-01,00:16:00,N20,nominal,2.0NRT,283.74,0.54,N,VIIRS
47.03844,32.55858,296.11,0.46,0.39,2026-09-01,00:16:00,N20,nominal,2.0NRT,281.22,0.4,N,VIIRS
46.77209,34.01374,303.82,0.52,0.41,2026-09-01,00:16:00,N20,nominal,2.0NRT,282.33,0.67,N,VIIRS
46.81784,33.83611,311.5,0.51,0.41,2026-09-01,00:16:00,N20,nominal,2.0NRT,283.49,1.82,N,VIIRS
46.8115,33.90369,317.25,0.51,0.41,2026-09-01,00:16:00,N20,nominal,2.0NRT,282.27,2.23,N,VIIRS
46.8165,33.89889,296.58,0.51,0.41,2026-09-01,00:16:00,N20,nominal,2.0NRT,279.93,1.39,N,VIIRS
46.81514,33.90534,327.17,0.51,0.41,2026-09-01,00:16:00,N20,nominal,2.0NRT,282.64,3.69,N,VIIRS
46.81878,33.90699,330.28,0.51,0.41,2026-09-01,00:16:00,N20,nominal,2.0NRT,284.01,3.69,N,VIIRS
47.54745,30.59602,298.17,0.4,0.37,2026-09-01,00:16:00,N20,nominal,2.0NRT,284.53,0.72,N,VIIRS
46.85187,34.42009,296.68,0.53,0.42,2026-09-01,00:16:00,N20,nominal,2.0NRT,282.19,0.71,N,VIIRS
46.8183,34.59082,295.97,0.54,0.42,2026-09-01,00:16:00,N20,nominal,2.0NRT,281.78,0.65,N,VIIRS
47.06576,33.62838,307.5,0.49,0.41,2026-09-01,00:16:00,N20,nominal,2.0NRT,284.46,1.83,N,VIIRS
46.7024,35.506100000000004,295.94,0.39,0.44,2026-09-01,00:16:00,N20,nominal,2.0NRT,282.86,0.36,N,VIIRS
50.28079,36.8177,345.57,0.45,0.39,2026-09-01,10:02:00,N20,nominal,2.0NRT,303.32,7.54,D,VIIRS
48.31082,37.20771,334.06,0.47,0.4,2026-09-01,10:02:00,N20,nominal,2.0NRT,306.89,2.38,D,VIIRS
48.39302,37.58004,334.15,0.46,0.39,2026-09-01,10:02:00,N20,low,2.0NRT,306.48,3.09,D,VIIRS
48.44072,37.66896,341.23,0.45,0.39,2026-09-01,10:02:00,N20,nominal,2.0NRT,309.51,6.78,D,VIIRS
48.42659,37.57792,340.8,0.46,0.39,2026-09-01,10:02:00,N20,nominal,2.0NRT,312.95,5.5,D,VIIRS
48.44996,37.65852,333.81,0.45,0.39,2026-09-01,10:02:00,N20,low,2.0NRT,307.05,2.45,D,VIIRS
47.81047,34.63153,341.45,0.4,0.44,2026-09-01,10:02:00,N20,nominal,2.0NRT,311.37,4.86,D,VIIRS
47.761,34.4147,334.26,0.41,0.45,2026-09-01,10:02:00,N20,low,2.0NRT,308.69,3.51,D,VIIRS
48.67598,38.80936,339.98,0.42,0.38,2026-09-01,10:02:00,N20,low,2.0NRT,313.17,4.51,D,VIIRS
48.30062,36.87214,335.34,0.48,0.4,2026-09-01,10:02:00,N20,low,2.0NRT,308.36,5.3,D,VIIRS
46.86393,30.7707,332.41,0.62,0.54,2026-09-01,10:02:00,N20,nominal,2.0NRT,293.15,6.37,D,VIIRS
48.44263,37.52503,334.42,0.46,0.39,2026-09-01,10:02:00,N20,low,2.0NRT,308.71,5.59,D,VIIRS
48.1542,36.10764,335.89,0.52,0.41,2026-09-01,10:02:00,N20,low,2.0NRT,309.52,5.21,D,VIIRS
48.4406,37.52445,336.17,0.46,0.39,2026-09-01,10:02:00,N20,nominal,2.0NRT,308.41,3.73,D,VIIRS
48.4703,37.65425,333.16,0.45,0.39,2026-09-01,10:02:00,N20,low,2.0NRT,305.5,2.19,D,VIIRS
48.15367,36.1071,336.32,0.52,0.41,2026-09-01,10:02:00,N20,low,2.0NRT,309.4,5.13,D,VIIRS
47.51677,33.28995,342.3,0.46,0.47,2026-09-01,10:02:00,N20,nominal,2.0NRT,310.02,3.53,D,VIIRS
48.50504,37.71569,333,0.45,0.39,2026-09-01,10:02:00,N20,nominal,2.0NRT,304.49,3.62,D,VIIRS
48.2873,36.6058,333.92,0.49,0.41,2026-09-01,10:02:00,N20,low,2.0NRT,307.55,4.71,D,VIIRS
48.29312,36.59604,340.86,0.49,0.41,2026-09-01,10:02:00,N20,nominal,2.0NRT,305.2,3.78,D,VIIRS
48.54324,37.81478,335.1,0.45,0.39,2026-09-01,10:02:00,N20,nominal,2.0NRT,307.66,4.28,D,VIIRS
48.43843,37.24849,335.93,0.47,0.4,2026-09-01,10:02:00,N20,low,2.0NRT,307.34,4.77,D,VIIRS
48.20461,36.11967,338.8,0.52,0.41,2026-09-01,10:02:00,N20,nominal,2.0NRT,310.67,3.22,D,VIIRS
48.57516,37.92113,332.75,0.44,0.39,2026-09-01,10:02:00,N20,nominal,2.0NRT,306.97,1.54,D,VIIRS
48.52682,37.67375,332.56,0.45,0.39,2026-09-01,10:02:00,N20,low,2.0NRT,307.38,3.69,D,VIIRS
48.53722,37.68841,333.6,0.45,0.39,2026-09-01,10:02:00,N20,nominal,2.0NRT,306.61,1.98,D,VIIRS
48.54282,37.58284,342.89,0.46,0.39,2026-09-01,10:02:00,N20,nominal,2.0NRT,304.48,8.24,D,VIIRS
48.44882,37.10975,331.03,0.47,0.4,2026-09-01,10:02:00,N20,nominal,2.0NRT,303.34,1.49,D,VIIRS
48.4641,37.10937,335.3,0.47,0.4,2026-09-01,10:02:00,N20,nominal,2.0NRT,308.6,6,D,VIIRS
48.46039,37.09089,336.57,0.47,0.4,2026-09-01,10:02:00,N20,low,2.0NRT,307.45,9.63,D,VIIRS
47.56166,33.03367,352.82,0.47,0.48,2026-09-01,10:02:00,N20,nominal,2.0NRT,308.57,6.33,D,VIIRS
48.79339,38.80521,347.45,0.42,0.38,2026-09-01,10:02:00,N20,nominal,2.0NRT,316.12,31.62,D,VIIRS
48.79163,38.77592,334.78,0.42,0.38,2026-09-01,10:02:00,N20,low,2.0NRT,307.55,9.13,D,VIIRS
48.79675,38.80381,367,0.42,0.38,2026-09-01,10:02:00,N20,low,2.0NRT,327.31,31.62,D,VIIRS
48.7968,38.8083,337.3,0.42,0.38,2026-09-01,10:02:00,N20,low,2.0NRT,311.62,14.86,D,VIIRS
48.79056,38.7749,344.28,0.42,0.38,2026-09-01,10:02:00,N20,nominal,2.0NRT,309.08,7.3,D,VIIRS
48.46451,37.10841,335.32,0.47,0.4,2026-09-01,10:02:00,N20,nominal,2.0NRT,307.6,3.42,D,VIIRS
48.46199,37.09612,330.92,0.47,0.4,2026-09-01,10:02:00,N20,low,2.0NRT,304.77,3.57,D,VIIRS
48.46073,37.08997,336.08,0.47,0.4,2026-09-01,10:02:00,N20,low,2.0NRT,306.55,7.91,D,VIIRS
48.79576,38.80273,367,0.42,0.38,2026-09-01,10:02:00,N20,low,2.0NRT,332.05,33.04,D,VIIRS
48.79911,38.80132,348.69,0.42,0.38,2026-09-01,10:02:00,N20,nominal,2.0NRT,310.91,33.04,D,VIIRS
48.59863,37.73771,346.25,0.45,0.39,2026-09-01,10:02:00,N20,nominal,2.0NRT,313.91,6.47,D,VIIRS
47.56239,33.03269,353.06,0.47,0.48,2026-09-01,10:02:00,N20,nominal,2.0NRT,309.32,6.83,D,VIIRS
48.47998,37.0335,334.79,0.47,0.4,2026-09-01,10:02:00,N20,nominal,2.0NRT,304.31,3.39,D,VIIRS
48.4835,37.03189,334.56,0.47,0.4,2026-09-01,10:02:00,N20,nominal,2.0NRT,303.83,3.39,D,VIIRS
48.48702,37.0303,334.05,0.47,0.4,2026-09-01,10:02:00,N20,nominal,2.0NRT,306.92,3.27,D,VIIRS
48.48549,37.00389,335.71,0.48,0.4,2026-09-01,10:02:00,N20,nominal,2.0NRT,310.11,4.3,D,VIIRS
48.54981,37.30287,333.99,0.46,0.39,2026-09-01,10:02:00,N20,nominal,2.0NRT,303.81,1.7,D,VIIRS
48.64804,37.77965,339.89,0.45,0.39,2026-09-01,10:02:00,N20,nominal,2.0NRT,312.48,4.9,D,VIIRS
48.81167,38.40238,339.91,0.43,0.38,2026-09-01,10:02:00,N20,nominal,2.0NRT,306.9,5.78,D,VIIRS
48.81059,38.39666,355.53,0.43,0.38,2026-09-01,10:02:00,N20,nominal,2.0NRT,313.62,6.35,D,VIIRS
48.80953,38.39096,341.21,0.43,0.38,2026-09-01,10:02:00,N20,nominal,2.0NRT,305.63,6.35,D,VIIRS
48.76637,38.16254,343.13,0.44,0.38,2026-09-01,10:02:00,N20,nominal,2.0NRT,312.81,5.98,D,VIIRS
48.4682,36.65396,334.99,0.49,0.4,2026-09-01,10:02:00,N20,nominal,2.0NRT,309.9,3.23,D,VIIRS
48.46427,36.6348,336.84,0.49,0.4,2026-09-01,10:02:00,N20,low,2.0NRT,310.87,8.76,D,VIIRS
48.81398,38.3952,342.75,0.43,0.38,2026-09-01,10:02:00,N20,nominal,2.0NRT,311.38,5.43,D,VIIRS
48.81291,38.38949,344.45,0.43,0.38,2026-09-01,10:02:00,N20,nominal,2.0NRT,307.96,5.43,D,VIIRS
48.77087,38.16686,341.52,0.44,0.38,2026-09-01,10:02:00,N20,nominal,2.0NRT,310.83,6.74,D,VIIRS
48.75434,38.08002,346.25,0.44,0.38,2026-09-01,10:02:00,N20,nominal,2.0NRT,314.1,7.44,D,VIIRS
48.81736,38.39375,336.77,0.43,0.38,2026-09-01,10:02:00,N20,nominal,2.0NRT,308.85,5.43,D,VIIRS
48.81629,38.38803,350.94,0.43,0.38,2026-09-01,10:02:00,N20,nominal,2.0NRT,310.96,5.43,D,VIIRS
48.55916,37.04469,346.06,0.47,0.4,2026-09-01,10:02:00,N20,nominal,2.0NRT,309.14,6.5,D,VIIRS
48.55791,37.03851,333.33,0.47,0.4,2026-09-01,10:02:00,N20,nominal,2.0NRT,307.89,6.5,D,VIIRS
48.591,37.18474,334.38,0.47,0.4,2026-09-01,10:02:00,N20,nominal,2.0NRT,307,2.76,D,VIIRS
48.56267,37.04307,335.18,0.47,0.4,2026-09-01,10:02:00,N20,nominal,2.0NRT,304.26,6.5,D,VIIRS
48.8232,38.36644,354.83,0.43,0.38,2026-09-01,10:02:00,N20,nominal,2.0NRT,309.08,14.83,D,VIIRS
48.82657,38.36491,355.74,0.43,0.38,2026-09-01,10:02:00,N20,nominal,2.0NRT,312.17,14.83,D,VIIRS
48.56722,37.02747,334.53,0.47,0.4,2026-09-01,10:02:00,N20,nominal,2.0NRT,305.59,1.88,D,VIIRS
48.8253,38.36971,332.93,0.43,0.38,2026-09-01,10:02:00,N20,nominal,2.0NRT,305.21,14.24,D,VIIRS
48.82421,38.364,349.46,0.43,0.38,2026-09-01,10:02:00,N20,nominal,2.0NRT,316.76,14.24,D,VIIRS
48.59159,37.18306,337.68,0.47,0.4,2026-09-01,10:02:00,N20,nominal,2.0NRT,306.3,3.45,D,VIIRS
48.56725,37.02615,333.18,0.47,0.4,2026-09-01,10:02:00,N20,nominal,2.0NRT,305.95,2.81,D,VIIRS
48.83237,38.32996,351.17,0.43,0.38,2026-09-01,10:02:00,N20,nominal,2.0NRT,315.08,12.22,D,VIIRS
48.83469,38.32292,347.19,0.43,0.38,2026-09-01,10:02:00,N20,nominal,2.0NRT,310.61,12.22,D,VIIRS
48.80954,38.19138,353.57,0.43,0.38,2026-09-01,10:02:00,N20,nominal,2.0NRT,318.15,23.99,D,VIIRS
48.83916,38.32714,345.35,0.43,0.38,2026-09-01,10:02:00,N20,nominal,2.0NRT,309.73,7.48,D,VIIRS
48.83808,38.32149,339.89,0.43,0.38,2026-09-01,10:02:00,N20,nominal,2.0NRT,309.27,7.48,D,VIIRS
47.90898,33.89747,332.89,0.43,0.46,2026-09-01,10:02:00,N20,low,2.0NRT,307.49,5.28,D,VIIRS
47.91296,33.89539,342.22,0.43,0.46,2026-09-01,10:02:00,N20,nominal,2.0NRT,308.89,5.28,D,VIIRS
47.91567,33.88795,346.22,0.43,0.46,2026-09-01,10:02:00,N20,nominal,2.0NRT,308.32,10.73,D,VIIRS
48.94601,38.76093,367,0.42,0.38,2026-09-01,10:02:00,N20,low,2.0NRT,331.21,75.34,D,VIIRS
48.94936,38.75951,336.54,0.42,0.38,2026-09-01,10:02:00,N20,low,2.0NRT,307.5,47.01,D,VIIRS
48.11903,34.68877,333.5,0.39,0.44,2026-09-01,10:02:00,N20,nominal,2.0NRT,307.4,2.19,D,VIIRS
47.9407,33.89929,341.01,0.43,0.46,2026-09-01,10:02:00,N20,nominal,2.0NRT,310.62,8.13,D,VIIRS
48.93894,38.62527,347.14,0.42,0.38,2026-09-01,10:02:00,N20,nominal,2.0NRT,315.49,17.43,D,VIIRS
48.80051,37.87577,334.11,0.44,0.39,2026-09-01,10:02:00,N20,low,2.0NRT,308.22,3,D,VIIRS
48.80393,37.87424,341.64,0.44,0.39,2026-09-01,10:02:00,N20,nominal,2.0NRT,312.97,9.57,D,VIIRS
48.94715,38.59143,349.79,0.42,0.38,2026-09-01,10:02:00,N20,nominal,2.0NRT,317.35,12.12,D,VIIRS
48.94611,38.58581,350.88,0.42,0.38,2026-09-01,10:02:00,N20,nominal,2.0NRT,314.23,8.15,D,VIIRS
48.83554,37.94206,343.84,0.44,0.38,2026-09-01,10:02:00,N20,nominal,2.0NRT,312.81,11.95,D,VIIRS
48.84491,37.87491,335.44,0.44,0.39,2026-09-01,10:02:00,N20,low,2.0NRT,309.24,3.76,D,VIIRS
48.91529,38.19954,338.84,0.43,0.38,2026-09-01,10:02:00,N20,low,2.0NRT,309.48,7.14,D,VIIRS
48.85288,37.87663,337.48,0.44,0.39,2026-09-01,10:02:00,N20,nominal,2.0NRT,310.35,2.44,D,VIIRS
48.82634,37.68399,346.82,0.45,0.39,2026-09-01,10:02:00,N20,nominal,2.0NRT,311.08,6.35,D,VIIRS
48.82978,37.68243,349.58,0.45,0.39,2026-09-01,10:02:00,N20,nominal,2.0NRT,307.31,6.35,D,VIIRS
48.81562,37.55349,341.1,0.45,0.39,2026-09-01,10:02:00,N20,nominal,2.0NRT,304.56,2.65,D,VIIRS
48.22986,34.79164,353.72,0.39,0.44,2026-09-01,10:02:00,N20,nominal,2.0NRT,306.93,10.22,D,VIIRS
48.3448,35.26685,342.64,0.55,0.43,2026-09-01,10:02:00,N20,nominal,2.0NRT,299.73,4.11,D,VIIRS
48.52222,36.04687,339.67,0.51,0.41,2026-09-01,10:02:00,N20,nominal,2.0NRT,312.98,4.9,D,VIIRS
48.97276,38.1929,342.24,0.43,0.38,2026-09-01,10:02:00,N20,low,2.0NRT,317.13,4.04,D,VIIRS
48.97953,38.18991,352.91,0.43,0.38,2026-09-01,10:02:00,N20,nominal,2.0NRT,323.93,31.15,D,VIIRS
48.97845,38.18419,348.85,0.43,0.38,2026-09-01,10:02:00,N20,nominal,2.0NRT,316.67,7.23,D,VIIRS
48.98184,38.18271,367,0.43,0.38,2026-09-01,10:02:00,N20,high,2.0NRT,360.37,204.07,D,VIIRS
48.98293,38.18843,337.45,0.43,0.38,2026-09-01,10:02:00,N20,nominal,2.0NRT,309.42,25.33,D,VIIRS
48.9412,37.96931,335.46,0.44,0.38,2026-09-01,10:02:00,N20,low,2.0NRT,309.77,3.45,D,VIIRS
48.90528,37.78271,331.13,0.44,0.39,2026-09-01,10:02:00,N20,nominal,2.0NRT,305.6,4.97,D,VIIRS
48.91438,37.81056,342.91,0.44,0.39,2026-09-01,10:02:00,N20,nominal,2.0NRT,316,26.22,D,VIIRS
48.95262,37.95175,343,0.44,0.38,2026-09-01,10:02:00,N20,nominal,2.0NRT,312.66,3.09,D,VIIRS
48.9303,37.83536,339.9,0.44,0.39,2026-09-01,10:02:00,N20,nominal,2.0NRT,313.23,4.94,D,VIIRS
48.87547,37.55236,333.11,0.45,0.39,2026-09-01,10:02:00,N20,low,2.0NRT,305.2,5.45,D,VIIRS
48.9484,37.87167,345.94,0.44,0.38,2026-09-01,10:02:00,N20,nominal,2.0NRT,315.76,14.59,D,VIIRS
48.92813,37.76616,344.9,0.44,0.39,2026-09-01,10:02:00,N20,nominal,2.0NRT,308.46,11.32,D,VIIRS
48.94851,37.83357,339.86,0.44,0.39,2026-09-01,10:02:00,N20,nominal,2.0NRT,310.51,3.83,D,VIIRS
48.96614,37.94303,352.3,0.44,0.38,2026-09-01,10:02:00,N20,nominal,2.0NRT,313.42,6.33,D,VIIRS
48.95259,37.87338,342.04,0.44,0.38,2026-09-01,10:02:00,N20,nominal,2.0NRT,316.45,4.21,D,VIIRS
49.0788,38.49403,336.51,0.42,0.38,2026-09-01,10:02:00,N20,low,2.0NRT,307.6,3.08,D,VIIRS
48.95716,37.85869,344.85,0.44,0.38,2026-09-01,10:02:00,N20,low,2.0NRT,319.3,24.82,D,VIIRS
48.95602,37.83382,343.26,0.44,0.38,2026-09-01,10:02:00,N20,nominal,2.0NRT,308.87,4.55,D,VIIRS
49.00656,38.07572,345.81,0.43,0.38,2026-09-01,10:02:00,N20,low,2.0NRT,318.69,19.29,D,VIIRS
49.00211,38.05263,346.19,0.44,0.38,2026-09-01,10:02:00,N20,nominal,2.0NRT,313.04,6.36,D,VIIRS
48.98759,37.97739,337.91,0.44,0.38,2026-09-01,10:02:00,N20,nominal,2.0NRT,309.48,4.11,D,VIIRS
49.00996,38.07425,342.45,0.43,0.38,2026-09-01,10:02:00,N20,low,2.0NRT,315.94,19.29,D,VIIRS
49.00663,38.05693,346.3,0.44,0.38,2026-09-01,10:02:00,N20,nominal,2.0NRT,315.38,12.98,D,VIIRS
49.00552,38.05116,346.79,0.44,0.38,2026-09-01,10:02:00,N20,nominal,2.0NRT,311.95,6.36,D,VIIRS
48.96172,37.80587,345.92,0.44,0.39,2026-09-01,10:02:00,N20,nominal,2.0NRT,311.89,7.35,D,VIIRS
48.99466,37.87995,353.43,0.44,0.38,2026-09-01,10:02:00,N20,nominal,2.0NRT,311.81,9.34,D,VIIRS
49.02599,38.0234,346.95,0.44,0.38,2026-09-01,10:02:00,N20,nominal,2.0NRT,315.99,9.91,D,VIIRS
48.99807,37.87843,334.13,0.44,0.38,2026-09-01,10:02:00,N20,low,2.0NRT,306.93,3.69,D,VIIRS
49.02938,38.02192,338.54,0.44,0.38,2026-09-01,10:02:00,N20,low,2.0NRT,310.77,9.91,D,VIIRS
48.87787,37.24771,334.59,0.46,0.39,2026-09-01,10:02:00,N20,nominal,2.0NRT,308.54,3.65,D,VIIRS
48.58414,35.82995,347.58,0.52,0.41,2026-09-01,10:02:00,N20,nominal,2.0NRT,310.31,10.86,D,VIIRS
49.01501,37.90867,332.78,0.44,0.38,2026-09-01,10:02:00,N20,low,2.0NRT,306.42,1.7,D,VIIRS
49.01843,37.90718,336.06,0.44,0.38,2026-09-01,10:02:00,N20,low,2.0NRT,308.13,3.33,D,VIIRS
49.03754,37.94896,345.82,0.44,0.38,2026-09-01,10:02:00,N20,nominal,2.0NRT,309.13,4.47,D,VIIRS
49.06966,38.09795,339.22,0.43,0.38,2026-09-01,10:02:00,N20,nominal,2.0NRT,308.06,8.15,D,VIIRS
49.02997,37.8517,335.91,0.44,0.38,2026-09-01,10:02:00,N20,low,2.0NRT,307.98,3.94,D,VIIRS
49.0255,37.80921,333.92,0.44,0.38,2026-09-01,10:02:00,N20,nominal,2.0NRT,307.07,1.56,D,VIIRS
49.04479,37.83242,336.44,0.44,0.38,2026-09-01,10:02:00,N20,nominal,2.0NRT,304.64,3.54,D,VIIRS
49.03358,37.73543,336.68,0.44,0.39,2026-09-01,10:02:00,N20,nominal,2.0NRT,308.08,4.37,D,VIIRS
48.0542,33.19322,332.82,0.45,0.47,2026-09-01,10:02:00,N20,nominal,2.0NRT,301.54,2.19,D,VIIRS
49.10899,38.08552,337.88,0.43,0.38,2026-09-01,10:02:00,N20,nominal,2.0NRT,309.16,3.66,D,VIIRS
49.12484,38.07229,336.34,0.43,0.38,2026-09-01,10:02:00,N20,low,2.0NRT,309.92,6.63,D,VIIRS
49.13382,38.08084,335.88,0.43,0.38,2026-09-01,10:02:00,N20,low,2.0NRT,309.29,4.88,D,VIIRS
49.13611,38.07359,337.44,0.43,0.38,2026-09-01,10:02:00,N20,low,2.0NRT,310.41,15.7,D,VIIRS
49.13501,38.06783,350.01,0.43,0.38,2026-09-01,10:02:00,N20,nominal,2.0NRT,314.25,15.7,D,VIIRS
49.1339,38.06206,318.7,0.43,0.38,2026-09-01,10:02:00,N20,low,2.0NRT,323.3,50.91,D,VIIRS
49.12955,38.0201,336.23,0.43,0.38,2026-09-01,10:02:00,N20,low,2.0NRT,310.05,3.55,D,VIIRS
49.12621,38.00269,333.92,0.43,0.38,2026-09-01,10:02:00,N20,nominal,2.0NRT,307.41,2.25,D,VIIRS
49.13183,38.01279,350.96,0.43,0.38,2026-09-01,10:02:00,N20,nominal,2.0NRT,316.52,24.27,D,VIIRS
49.13522,38.01127,347.27,0.43,0.38,2026-09-01,10:02:00,N20,nominal,2.0NRT,310.22,4.46,D,VIIRS
49.10851,37.87228,341.64,0.44,0.38,2026-09-01,10:02:00,N20,nominal,2.0NRT,313.06,5.84,D,VIIRS
49.11192,37.8708,341.96,0.44,0.38,2026-09-01,10:02:00,N20,nominal,2.0NRT,308.88,5.84,D,VIIRS
49.1142,37.8634,342.22,0.44,0.38,2026-09-01,10:02:00,N20,nominal,2.0NRT,308.83,5.66,D,VIIRS
49.09502,37.76419,340.81,0.44,0.38,2026-09-01,10:02:00,N20,nominal,2.0NRT,307.05,7.33,D,VIIRS
49.14428,38.00089,334.18,0.43,0.38,2026-09-01,10:02:00,N20,nominal,2.0NRT,307.51,2.71,D,VIIRS
49.09844,37.76267,338.82,0.44,0.38,2026-09-01,10:02:00,N20,nominal,2.0NRT,309.45,7.33,D,VIIRS
49.16789,38.02822,334.28,0.43,0.38,2026-09-01,10:02:00,N20,nominal,2.0NRT,306.54,8.45,D,VIIRS
48.74891,35.94316,347.91,0.51,0.41,2026-09-01,10:02:00,N20,nominal,2.0NRT,312.17,9.66,D,VIIRS
48.74748,35.93646,348.1,0.51,0.41,2026-09-01,10:02:00,N20,nominal,2.0NRT,312.38,7.76,D,VIIRS
48.52048,34.63508,339.88,0.38,0.44,2026-09-01,10:02:00,N20,nominal,2.0NRT,299.53,5.91,D,VIIRS
49.2946,38.34178,337.11,0.42,0.38,2026-09-01,10:02:00,N20,low,2.0NRT,311.27,5.72,D,VIIRS
49.29903,38.34597,334.15,0.42,0.38,2026-09-01,10:02:00,N20,nominal,2.0NRT,306.02,3.49,D,VIIRS
49.29797,38.34032,347.26,0.42,0.38,2026-09-01,10:02:00,N20,nominal,2.0NRT,307.37,5.72,D,VIIRS
48.5315,34.64611,341.01,0.38,0.44,2026-09-01,10:02:00,N20,nominal,2.0NRT,306.14,5.25,D,VIIRS
49.16066,37.60501,340.24,0.45,0.39,2026-09-01,10:02:00,N20,low,2.0NRT,314.13,9.91,D,VIIRS
49.16408,37.60344,346.74,0.45,0.39,2026-09-01,10:02:00,N20,nominal,2.0NRT,308.31,9.91,D,VIIRS
49.01939,36.85813,344.57,0.47,0.4,2026-09-01,10:02:00,N20,nominal,2.0NRT,309.34,6.02,D,VIIRS
49.01814,36.85193,343.35,0.47,0.4,2026-09-01,10:02:00,N20,nominal,2.0NRT,312.93,6.02,D,VIIRS
49.26457,37.97064,345.81,0.43,0.38,2026-09-01,10:02:00,N20,nominal,2.0NRT,308.52,4.63,D,VIIRS
49.26797,37.96917,336.36,0.43,0.38,2026-09-01,10:02:00,N20,low,2.0NRT,310.74,12.18,D,VIIRS
47.70834,31.00909,350.27,0.57,0.52,2026-09-01,10:02:00,N20,nominal,2.0NRT,305.13,12.74,D,VIIRS
49.128,37.05685,344.51,0.46,0.39,2026-09-01,10:02:00,N20,nominal,2.0NRT,310.69,6.49,D,VIIRS
49.13149,37.0553,330.83,0.46,0.39,2026-09-01,10:02:00,N20,low,2.0NRT,304.96,6.49,D,VIIRS
49.12942,37.05545,342.97,0.46,0.39,2026-09-01,10:02:00,N20,nominal,2.0NRT,309.67,17.54,D,VIIRS
47.70952,31.00934,341.69,0.57,0.52,2026-09-01,10:02:00,N20,nominal,2.0NRT,305.29,13.82,D,VIIRS
49.27813,37.74884,339.81,0.44,0.38,2026-09-01,10:02:00,N20,nominal,2.0NRT,306.21,4.21,D,VIIRS
49.31973,37.94505,333.68,0.43,0.38,2026-09-01,10:02:00,N20,low,2.0NRT,306.34,2.02,D,VIIRS
49.32201,37.93773,338.51,0.43,0.38,2026-09-01,10:02:00,N20,low,2.0NRT,308.64,4.06,D,VIIRS
49.32538,37.93615,341.4,0.43,0.38,2026-09-01,10:02:00,N20,nominal,2.0NRT,306.01,4.06,D,VIIRS
49.36316,38.05695,332.58,0.43,0.38,2026-09-01,10:02:00,N20,low,2.0NRT,305.17,5.12,D,VIIRS
49.36206,38.05119,346.71,0.43,0.38,2026-09-01,10:02:00,N20,nominal,2.0NRT,313.85,5.12,D,VIIRS
49.32227,37.84327,333.64,0.44,0.38,2026-09-01,10:02:00,N20,low,2.0NRT,305.5,4.66,D,VIIRS
49.31105,37.78502,341.76,0.44,0.38,2026-09-01,10:02:00,N20,nominal,2.0NRT,315.74,35.74,D,VIIRS
49.35802,37.95291,333.66,0.43,0.38,2026-09-01,10:02:00,N20,low,2.0NRT,306.07,1.9,D,VIIRS
49.34842,37.78703,336.68,0.44,0.38,2026-09-01,10:02:00,N20,nominal,2.0NRT,305.69,2.56,D,VIIRS
49.39497,37.99273,336.06,0.43,0.38,2026-09-01,10:02:00,N20,nominal,2.0NRT,310.29,2.21,D,VIIRS
49.39836,37.99126,343.57,0.43,0.38,2026-09-01,10:02:00,N20,nominal,2.0NRT,314,8.1,D,VIIRS
49.37317,37.83931,335.21,0.44,0.38,2026-09-01,10:02:00,N20,nominal,2.0NRT,306.39,2.81,D,VIIRS
49.41518,38.00263,333.7,0.43,0.38,2026-09-01,10:02:00,N20,nominal,2.0NRT,306.84,2.41,D,VIIRS
49.23282,37.04042,340.26,0.46,0.39,2026-09-01,10:02:00,N20,low,2.0NRT,312.3,4.67,D,VIIRS
49.23508,37.03265,354.01,0.46,0.39,2026-09-01,10:02:00,N20,nominal,2.0NRT,323.51,72.01,D,VIIRS
49.23976,37.03714,367,0.46,0.39,2026-09-01,10:02:00,N20,high,2.0NRT,330.82,110.22,D,VIIRS
49.23855,37.03101,367,0.46,0.39,2026-09-01,10:02:00,N20,high,2.0NRT,338.3,72.01,D,VIIRS
49.23405,37.03848,352.96,0.46,0.39,2026-09-01,10:02:00,N20,nominal,2.0NRT,319.25,44.3,D,VIIRS
49.23282,37.03237,349.62,0.46,0.39,2026-09-01,10:02:00,N20,nominal,2.0NRT,312.55,44.3,D,VIIRS
49.23629,37.03073,367,0.46,0.39,2026-09-01,10:02:00,N20,high,2.0NRT,337.79,44.3,D,VIIRS
49.23753,37.03683,367,0.46,0.39,2026-09-01,10:02:00,N20,low,2.0NRT,331.39,44.3,D,VIIRS
49.241,37.03521,367,0.46,0.39,2026-09-01,10:02:00,N20,high,2.0NRT,338.05,215.93,D,VIIRS
49.40977,37.81472,338.3,0.44,0.38,2026-09-01,10:02:00,N20,nominal,2.0NRT,309.68,3.29,D,VIIRS
49.45526,38.03287,342.11,0.43,0.38,2026-09-01,10:02:00,N20,nominal,2.0NRT,309.54,9.78,D,VIIRS
49.40189,37.75483,336.38,0.44,0.38,2026-09-01,10:02:00,N20,nominal,2.0NRT,306.15,2.95,D,VIIRS
48.90081,35.26984,330.69,0.54,0.42,2026-09-01,10:02:00,N20,low,2.0NRT,302.77,2.83,D,VIIRS
49.44913,37.88533,337.92,0.43,0.38,2026-09-01,10:02:00,N20,nominal,2.0NRT,304.95,2.61,D,VIIRS
49.68442,38.99973,333.8,0.41,0.37,2026-09-01,10:02:00,N20,nominal,2.0NRT,306.78,2.19,D,VIIRS
49.68344,38.99426,330.07,0.41,0.37,2026-09-01,10:02:00,N20,low,2.0NRT,305.04,2.19,D,VIIRS
49.45293,37.71259,353.35,0.44,0.38,2026-09-01,10:02:00,N20,nominal,2.0NRT,312.89,9.61,D,VIIRS
49.45633,37.711,367,0.44,0.38,2026-09-01,10:02:00,N20,high,2.0NRT,347.73,99.14,D,VIIRS
49.45972,37.70942,334.04,0.44,0.38,2026-09-01,10:02:00,N20,nominal,2.0NRT,302.2,99.14,D,VIIRS
49.52423,37.90577,339.27,0.43,0.38,2026-09-01,10:02:00,N20,nominal,2.0NRT,309.16,3.02,D,VIIRS
49.5276,37.90423,336,0.43,0.38,2026-09-01,10:02:00,N20,nominal,2.0NRT,304.5,3.02,D,VIIRS
49.50639,37.79401,334.75,0.44,0.38,2026-09-01,10:02:00,N20,nominal,2.0NRT,304.25,1.47,D,VIIRS
49.51426,37.8157,340.19,0.43,0.38,2026-09-01,10:02:00,N20,nominal,2.0NRT,306.55,7.19,D,VIIRS
49.50978,37.79246,342.3,0.44,0.38,2026-09-01,10:02:00,N20,nominal,2.0NRT,303.86,3.27,D,VIIRS
49.51094,37.76021,340.83,0.44,0.38,2026-09-01,10:02:00,N20,nominal,2.0NRT,311.01,7.62,D,VIIRS
49.60056,38.11456,333.2,0.43,0.38,2026-09-01,10:02:00,N20,low,2.0NRT,305.95,4.01,D,VIIRS
49.52906,37.72006,332.47,0.44,0.38,2026-09-01,10:02:00,N20,nominal,2.0NRT,303.41,1.63,D,VIIRS
49.53245,37.71851,331.23,0.44,0.38,2026-09-01,10:02:00,N20,nominal,2.0NRT,302.46,2.27,D,VIIRS
49.07283,35.46685,337.53,0.52,0.42,2026-09-01,10:02:00,N20,nominal,2.0NRT,298.78,5.09,D,VIIRS
49.52687,37.63194,332.88,0.44,0.38,2026-09-01,10:02:00,N20,low,2.0NRT,303.08,7.79,D,VIIRS
49.52917,37.62468,337.3,0.44,0.38,2026-09-01,10:02:00,N20,nominal,2.0NRT,304.8,8.43,D,VIIRS
49.43539,37.04904,339.77,0.46,0.39,2026-09-01,10:02:00,N20,low,2.0NRT,313.89,20.31,D,VIIRS
49.59003,37.7688,338.84,0.43,0.38,2026-09-01,10:02:00,N20,nominal,2.0NRT,306.23,3.45,D,VIIRS
49.61197,37.7824,337.45,0.43,0.38,2026-09-01,10:02:00,N20,nominal,2.0NRT,308.07,4.2,D,VIIRS
49.61881,37.66481,342.1,0.44,0.38,2026-09-01,10:02:00,N20,nominal,2.0NRT,304.4,9.01,D,VIIRS
49.63916,37.69375,336.07,0.44,0.38,2026-09-01,10:02:00,N20,low,2.0NRT,306.91,6.34,D,VIIRS
49.68372,37.88843,337.01,0.43,0.38,2026-09-01,10:02:00,N20,nominal,2.0NRT,302.05,9.81,D,VIIRS
49.68709,37.8869,345.36,0.43,0.38,2026-09-01,10:02:00,N20,nominal,2.0NRT,309.5,9.81,D,VIIRS
49.68489,37.8753,330.07,0.43,0.38,2026-09-01,10:02:00,N20,low,2.0NRT,304.62,2.41,D,VIIRS
49.69158,37.8912,332.67,0.43,0.38,2026-09-01,10:02:00,N20,low,2.0NRT,303.75,20.93,D,VIIRS
49.69047,37.88539,345.14,0.43,0.38,2026-09-01,10:02:00,N20,nominal,2.0NRT,309.16,16.59,D,VIIRS
49.69386,37.88388,347.63,0.43,0.38,2026-09-01,10:02:00,N20,low,2.0NRT,318.75,16.59,D,VIIRS
49.69276,37.87811,335.72,0.43,0.38,2026-09-01,10:02:00,N20,low,2.0NRT,309.5,16.59,D,VIIRS
49.69833,37.88819,332.99,0.43,0.38,2026-09-01,10:02:00,N20,low,2.0NRT,303.14,8.27,D,VIIRS
49.69734,37.8636,331.23,0.43,0.38,2026-09-01,10:02:00,N20,nominal,2.0NRT,304.16,2.5,D,VIIRS
49.68541,37.72346,332.91,0.43,0.38,2026-09-01,10:02:00,N20,low,2.0NRT,304.29,12.15,D,VIIRS
49.68327,37.67356,344.92,0.44,0.38,2026-09-01,10:02:00,N20,nominal,2.0NRT,307.48,5.24,D,VIIRS
49.68667,37.67201,335.15,0.44,0.38,2026-09-01,10:02:00,N20,low,2.0NRT,306.11,3.5,D,VIIRS
49.7697,38.09303,334.31,0.42,0.38,2026-09-01,10:02:00,N20,low,2.0NRT,307.82,5.77,D,VIIRS
49.70685,37.719970000000004,330.27,0.43,0.38,2026-09-01,10:02:00,N20,low,2.0NRT,301.76,2.04,D,VIIRS
49.70658,37.56004,345.09,0.44,0.38,2026-09-01,10:02:00,N20,nominal,2.0NRT,303.71,5,D,VIIRS
49.70416,37.43277,341.31,0.44,0.38,2026-09-01,10:02:00,N20,nominal,2.0NRT,305.22,7.23,D,VIIRS
49.75742,37.67041,335.28,0.43,0.38,2026-09-01,10:02:00,N20,low,2.0NRT,308.63,6.47,D,VIIRS
49.76081,37.66888,335.49,0.43,0.38,2026-09-01,10:02:00,N20,low,2.0NRT,307.95,6.8,D,VIIRS
49.76532,37.67318,346.82,0.43,0.38,2026-09-01,10:02:00,N20,nominal,2.0NRT,307.99,7.31,D,VIIRS
49.76871,37.67163,336.3,0.43,0.38,2026-09-01,10:02:00,N20,low,2.0NRT,307.65,6.53,D,VIIRS
49.79209,37.775,334.9,0.43,0.38,2026-09-01,10:02:00,N20,low,2.0NRT,305.05,4.21,D,VIIRS
49.79548,37.77348,343.85,0.43,0.38,2026-09-01,10:02:00,N20,nominal,2.0NRT,307.78,6.85,D,VIIRS
49.78445,37.69619,338.51,0.43,0.38,2026-09-01,10:02:00,N20,low,2.0NRT,310.42,5.25,D,VIIRS
48.92238,33.62043,340.31,0.41,0.45,2026-09-01,10:02:00,N20,nominal,2.0NRT,291.43,5.4,D,VIIRS
49.76328,37.56615,336.76,0.44,0.38,2026-09-01,10:02:00,N20,nominal,2.0NRT,308.53,4.07,D,VIIRS
49.81561,37.80222,333.25,0.43,0.38,2026-09-01,10:02:00,N20,low,2.0NRT,304.42,2.24,D,VIIRS
49.84562,37.86421,346.78,0.43,0.38,2026-09-01,10:02:00,N20,nominal,2.0NRT,306.27,7.33,D,VIIRS
49.81375,37.6954,344.98,0.43,0.38,2026-09-01,10:02:00,N20,nominal,2.0NRT,314.31,13.91,D,VIIRS
49.84782,37.8677,338.91,0.43,0.38,2026-09-01,10:02:00,N20,nominal,2.0NRT,307.11,9.08,D,VIIRS
49.84673,37.86195,346.39,0.43,0.38,2026-09-01,10:02:00,N20,nominal,2.0NRT,306.33,10.46,D,VIIRS
49.81548,37.69922,341.07,0.43,0.38,2026-09-01,10:02:00,N20,nominal,2.0NRT,305.71,10.72,D,VIIRS
49.81436,37.69338,337.8,0.43,0.38,2026-09-01,10:02:00,N20,nominal,2.0NRT,310.11,10.72,D,VIIRS
49.86327,37.92953,343.51,0.43,0.38,2026-09-01,10:02:00,N20,nominal,2.0NRT,306.11,4.35,D,VIIRS
49.77336,37.42498,340.98,0.44,0.38,2026-09-01,10:02:00,N20,nominal,2.0NRT,306.29,4.07,D,VIIRS
49.77903,37.41596,331.15,0.44,0.38,2026-09-01,10:02:00,N20,low,2.0NRT,305.77,2.75,D,VIIRS
49.81102,37.56149,347.53,0.44,0.38,2026-09-01,10:02:00,N20,nominal,2.0NRT,305.82,3.75,D,VIIRS
49.78245,37.41439,332.74,0.44,0.38,2026-09-01,10:02:00,N20,low,2.0NRT,304.76,2.75,D,VIIRS
49.84154,37.64314,337.91,0.43,0.38,2026-09-01,10:02:00,N20,nominal,2.0NRT,305.24,2.69,D,VIIRS
49.79491,37.40206,343.42,0.44,0.38,2026-09-01,10:02:00,N20,nominal,2.0NRT,308.59,4.97,D,VIIRS
49.75712,37.13276,331.18,0.45,0.39,2026-09-01,10:02:00,N20,nominal,2.0NRT,300.62,5.96,D,VIIRS
49.86628,37.67609,333.1,0.43,0.38,2026-09-01,10:02:00,N20,nominal,2.0NRT,302.97,1.54,D,VIIRS
49.86522,37.63204,339.09,0.43,0.38,2026-09-01,10:02:00,N20,nominal,2.0NRT,306.17,5.55,D,VIIRS
49.86974,37.63639,334.89,0.43,0.38,2026-09-01,10:02:00,N20,low,2.0NRT,306.71,5.55,D,VIIRS
49.90788,37.57985,332.32,0.44,0.38,2026-09-01,10:02:00,N20,low,2.0NRT,302.48,4.14,D,VIIRS
49.90675,37.57397,338.27,0.44,0.38,2026-09-01,10:02:00,N20,low,2.0NRT,311.82,8.21,D,VIIRS
49.94381,37.74738,345.4,0.43,0.38,2026-09-01,10:02:00,N20,nominal,2.0NRT,308.7,7.75,D,VIIRS
49.94719,37.74585,332.58,0.43,0.38,2026-09-01,10:02:00,N20,low,2.0NRT,303.39,2.94,D,VIIRS
49.97659,37.66901,344.91,0.43,0.38,2026-09-01,10:02:00,N20,nominal,2.0NRT,310.28,16.45,D,VIIRS
49.98109,37.67334,332.83,0.43,0.38,2026-09-01,10:02:00,N20,nominal,2.0NRT,303.73,6.16,D,VIIRS
49.97997,37.66746,342.28,0.43,0.38,2026-09-01,10:02:00,N20,nominal,2.0NRT,313.15,16.45,D,VIIRS
49.94738,37.49736,335.74,0.44,0.38,2026-09-01,10:02:00,N20,nominal,2.0NRT,306.83,4.46,D,VIIRS
49.95078,37.49579,345.73,0.44,0.38,2026-09-01,10:02:00,N20,nominal,2.0NRT,309.32,22.16,D,VIIRS
49.84166,36.87958,340.34,0.46,0.39,2026-09-01,10:02:00,N20,nominal,2.0NRT,304.25,16.9,D,VIIRS
50.02112,37.78768,348.6,0.43,0.38,2026-09-01,10:02:00,N20,nominal,2.0NRT,308.52,5.06,D,VIIRS
48.60409,31.40771,335.47,0.52,0.5,2026-09-01,10:02:00,N20,nominal,2.0NRT,303.88,3.62,D,VIIRS
50.0245,37.78615,331.97,0.43,0.38,2026-09-01,10:02:00,N20,nominal,2.0NRT,305.71,5.06,D,VIIRS
49.85184,36.85461,338.75,0.46,0.39,2026-09-01,10:02:00,N20,nominal,2.0NRT,309.69,3.93,D,VIIRS
49.66033,35.58191,350.48,0.5,0.41,2026-09-01,10:02:00,N20,nominal,2.0NRT,307.78,27.97,D,VIIRS
49.66393,35.5801,335.82,0.5,0.41,2026-09-01,10:02:00,N20,nominal,2.0NRT,301.62,27.97,D,VIIRS
49.6625,35.57336,341.21,0.5,0.41,2026-09-01,10:02:00,N20,nominal,2.0NRT,302.23,12.77,D,VIIRS
50.11681,37.60782,346.98,0.43,0.38,2026-09-01,10:02:00,N20,nominal,2.0NRT,303.82,5.05,D,VIIRS
50.11909,37.60044,345.49,0.43,0.38,2026-09-01,10:02:00,N20,nominal,2.0NRT,309.01,13.72,D,VIIRS
50.12923,37.59582,333.85,0.43,0.38,2026-09-01,10:02:00,N20,low,2.0NRT,305.67,2.32,D,VIIRS
50.12693,37.59571,335.35,0.43,0.38,2026-09-01,10:02:00,N20,nominal,2.0NRT,307.96,2.88,D,VIIRS
50.14161,37.48058,332.57,0.43,0.38,2026-09-01,10:02:00,N20,nominal,2.0NRT,300.4,3.98,D,VIIRS
50.145,37.47903,341.54,0.43,0.38,2026-09-01,10:02:00,N20,nominal,2.0NRT,309,3.98,D,VIIRS
50.14386,37.47316,331.75,0.43,0.38,2026-09-01,10:02:00,N20,low,2.0NRT,302.65,5.38,D,VIIRS
50.17086,37.57549,337.71,0.43,0.38,2026-09-01,10:02:00,N20,low,2.0NRT,308.39,7.11,D,VIIRS
50.16862,37.56377,333.99,0.43,0.38,2026-09-01,10:02:00,N20,low,2.0NRT,306.2,3.96,D,VIIRS
50.17535,37.57975,341.82,0.43,0.38,2026-09-01,10:02:00,N20,nominal,2.0NRT,303.37,8.15,D,VIIRS
50.17424,37.57389,346.64,0.43,0.38,2026-09-01,10:02:00,N20,nominal,2.0NRT,308.57,12.16,D,VIIRS
50.17209,37.38941,330.03,0.44,0.38,2026-09-01,10:02:00,N20,low,2.0NRT,300.6,2.41,D,VIIRS
50.16187,37.33624,337.75,0.44,0.38,2026-09-01,10:02:00,N20,nominal,2.0NRT,305.34,5.91,D,VIIRS
50.14809,37.26474,350.1,0.44,0.38,2026-09-01,10:02:00,N20,nominal,2.0NRT,302.71,6.87,D,VIIRS
50.20806,37.53915,335.16,0.43,0.38,2026-09-01,10:02:00,N20,low,2.0NRT,308.39,4.04,D,VIIRS
50.21366,37.54927,343.28,0.43,0.38,2026-09-01,10:02:00,N20,nominal,2.0NRT,307.91,5.8,D,VIIRS
50.21255,37.54342,344.06,0.43,0.38,2026-09-01,10:02:00,N20,nominal,2.0NRT,309.01,23.55,D,VIIRS
50.07827,36.83001,343.96,0.45,0.39,2026-09-01,10:02:00,N20,nominal,2.0NRT,309.51,11.03,D,VIIRS
49.56892,34.39666,329.49,0.56,0.43,2026-09-01,10:02:00,N20,nominal,2.0NRT,298.13,2.03,D,VIIRS
50.18223,37.34589,333.43,0.44,0.38,2026-09-01,10:02:00,N20,nominal,2.0NRT,302.32,6.43,D,VIIRS
50.08293,36.83451,335.67,0.45,0.39,2026-09-01,10:02:00,N20,low,2.0NRT,307.5,52.58,D,VIIRS
49.57267,34.39467,330.16,0.56,0.43,2026-09-01,10:02:00,N20,nominal,2.0NRT,299.23,6.71,D,VIIRS
49.5708,34.38754,332.01,0.56,0.43,2026-09-01,10:02:00,N20,nominal,2.0NRT,299.35,5,D,VIIRS
50.02623,36.44754,346.25,0.47,0.39,2026-09-01,10:02:00,N20,nominal,2.0NRT,303.57,8.52,D,VIIRS
50.03099,36.45216,331.51,0.47,0.39,2026-09-01,10:02:00,N20,nominal,2.0NRT,299.98,5.05,D,VIIRS
50.02972,36.4459,339.98,0.47,0.39,2026-09-01,10:02:00,N20,nominal,2.0NRT,309.37,8.52,D,VIIRS
50.25614,37.53441,331.87,0.43,0.38,2026-09-01,10:02:00,N20,nominal,2.0NRT,304.53,7.97,D,VIIRS
50.25501,37.52855,342.68,0.43,0.38,2026-09-01,10:02:00,N20,nominal,2.0NRT,306.82,14.48,D,VIIRS
50.2899,37.5187,345.77,0.43,0.38,2026-09-01,10:02:00,N20,nominal,2.0NRT,308.93,7.7,D,VIIRS
50.29327,37.51707,343.64,0.43,0.38,2026-09-01,10:02:00,N20,nominal,2.0NRT,306.25,7.7,D,VIIRS
50.29215,37.51119,331.36,0.43,0.38,2026-09-01,10:02:00,N20,low,2.0NRT,304.87,3.71,D,VIIRS
50.20016,36.99651,337,0.45,0.39,2026-09-01,10:02:00,N20,nominal,2.0NRT,303.69,3.64,D,VIIRS
50.22677,37.05634,334.35,0.44,0.39,2026-09-01,10:02:00,N20,nominal,2.0NRT,302.84,2.94,D,VIIRS
50.23601,37.08467,349.8,0.44,0.39,2026-09-01,10:02:00,N20,nominal,2.0NRT,306.87,7.07,D,VIIRS
50.19947,36.89727,345.16,0.45,0.39,2026-09-01,10:02:00,N20,nominal,2.0NRT,299.89,4.33,D,VIIRS
50.10783,36.43509,332.82,0.46,0.39,2026-09-01,10:02:00,N20,low,2.0NRT,303.34,3.63,D,VIIRS
50.10656,36.42878,331.75,0.46,0.39,2026-09-01,10:02:00,N20,low,2.0NRT,302.16,3.63,D,VIIRS
50.24408,37.10706,330.21,0.44,0.39,2026-09-01,10:02:00,N20,low,2.0NRT,303.63,3.09,D,VIIRS
50.23942,37.08307,345.06,0.44,0.39,2026-09-01,10:02:00,N20,nominal,2.0NRT,309.51,7.07,D,VIIRS
50.24749,37.10544,335.11,0.44,0.39,2026-09-01,10:02:00,N20,low,2.0NRT,305.8,18.81,D,VIIRS
50.24632,37.09937,346.28,0.44,0.39,2026-09-01,10:02:00,N20,nominal,2.0NRT,308.36,18.81,D,VIIRS
50.24284,37.08144,337.27,0.44,0.39,2026-09-01,10:02:00,N20,low,2.0NRT,308.02,5.72,D,VIIRS
50.24973,37.09776,344.13,0.44,0.39,2026-09-01,10:02:00,N20,nominal,2.0NRT,312.74,18.81,D,VIIRS
50.2474,37.08576,334.99,0.44,0.39,2026-09-01,10:02:00,N20,low,2.0NRT,306.77,5.49,D,VIIRS
50.25082,37.08412,343.97,0.44,0.39,2026-09-01,10:02:00,N20,nominal,2.0NRT,305.35,5.21,D,VIIRS
50.24966,37.07817,341.68,0.44,0.39,2026-09-01,10:02:00,N20,nominal,2.0NRT,307.01,11.55,D,VIIRS
50.25422,37.08248,334.32,0.44,0.39,2026-09-01,10:02:00,N20,nominal,2.0NRT,303.63,5.21,D,VIIRS
50.25307,37.07652,342.68,0.44,0.39,2026-09-01,10:02:00,N20,nominal,2.0NRT,309.64,11.55,D,VIIRS
50.25071,37.08328,343.03,0.44,0.39,2026-09-01,10:02:00,N20,nominal,2.0NRT,305.43,9.66,D,VIIRS
50.24953,37.07734,336.19,0.44,0.39,2026-09-01,10:02:00,N20,nominal,2.0NRT,306.31,9.66,D,VIIRS
50.25411,37.08164,339.74,0.44,0.39,2026-09-01,10:02:00,N20,nominal,2.0NRT,304.53,9.66,D,VIIRS
50.25294,37.0757,342.24,0.44,0.39,2026-09-01,10:02:00,N20,nominal,2.0NRT,309.82,9.66,D,VIIRS
50.21931,36.8869,335.08,0.45,0.39,2026-09-01,10:02:00,N20,nominal,2.0NRT,303.5,6.63,D,VIIRS
50.21812,36.88086,343.6,0.45,0.39,2026-09-01,10:02:00,N20,nominal,2.0NRT,304.57,6.63,D,VIIRS
50.23117,36.9277,339.23,0.45,0.39,2026-09-01,10:02:00,N20,nominal,2.0NRT,306.63,4.41,D,VIIRS
50.22275,36.88525,333.05,0.45,0.39,2026-09-01,10:02:00,N20,nominal,2.0NRT,299.82,6.63,D,VIIRS
50.2346,36.92607,345.79,0.45,0.39,2026-09-01,10:02:00,N20,nominal,2.0NRT,303.37,8.87,D,VIIRS
50.30162,37.24829,332.28,0.44,0.38,2026-09-01,10:02:00,N20,nominal,2.0NRT,302.15,4.82,D,VIIRS
50.30045,37.2423,332.74,0.44,0.38,2026-09-01,10:02:00,N20,nominal,2.0NRT,306.2,8.49,D,VIIRS
50.25036,36.89192,333.87,0.45,0.39,2026-09-01,10:02:00,N20,nominal,2.0NRT,303.49,3.22,D,VIIRS
50.19683,36.62308,342.57,0.46,0.39,2026-09-01,10:02:00,N20,nominal,2.0NRT,307.66,6.43,D,VIIRS
50.20029,36.62148,341.85,0.46,0.39,2026-09-01,10:02:00,N20,nominal,2.0NRT,306.5,6.43,D,VIIRS
50.20377,36.61987,347.34,0.46,0.39,2026-09-01,10:02:00,N20,nominal,2.0NRT,303.28,9.28,D,VIIRS
50.38213,37.45507,331.43,0.43,0.38,2026-09-01,10:02:00,N20,low,2.0NRT,304.75,4.43,D,VIIRS
50.38438,37.44759,330.92,0.43,0.38,2026-09-01,10:02:00,N20,low,2.0NRT,303.41,2,D,VIIRS
50.38887,37.45186,338.19,0.43,0.38,2026-09-01,10:02:00,N20,nominal,2.0NRT,303.95,5.11,D,VIIRS
50.28479,36.89528,340.15,0.45,0.39,2026-09-01,10:02:00,N20,nominal,2.0NRT,303.45,6.64,D,VIIRS
50.28821,36.89363,338.78,0.45,0.39,2026-09-01,10:02:00,N20,nominal,2.0NRT,302.39,3.11,D,VIIRS
50.30087,36.90082,334.39,0.45,0.39,2026-09-01,10:02:00,N20,nominal,2.0NRT,306.15,4.75,D,VIIRS
50.28423,36.81607,345.43,0.45,0.39,2026-09-01,10:02:00,N20,nominal,2.0NRT,303.22,7.54,D,VIIRS
50.28303,36.80999,337.47,0.45,0.39,2026-09-01,10:02:00,N20,nominal,2.0NRT,302.77,7.54,D,VIIRS
50.28766,36.81442,332.88,0.45,0.39,2026-09-01,10:02:00,N20,nominal,2.0NRT,301.51,7.15,D,VIIRS
50.28647,36.80834,344.21,0.45,0.39,2026-09-01,10:02:00,N20,nominal,2.0NRT,302.41,7.15,D,VIIRS
50.28991,36.80673,344.02,0.45,0.39,2026-09-01,10:02:00,N20,nominal,2.0NRT,301.27,7.15,D,VIIRS
50.39342,37.28282,333.52,0.44,0.38,2026-09-01,10:02:00,N20,nominal,2.0NRT,302.92,10.09,D,VIIRS
50.39229,37.27689,340.52,0.44,0.38,2026-09-01,10:02:00,N20,nominal,2.0NRT,307.9,21.27,D,VIIRS
50.31325,36.86833,333.08,0.45,0.39,2026-09-01,10:02:00,N20,low,2.0NRT,303.1,3.07,D,VIIRS
50.39795,37.28718,347.33,0.44,0.38,2026-09-01,10:02:00,N20,nominal,2.0NRT,303.11,10.09,D,VIIRS
50.39682,37.28126,345.37,0.44,0.38,2026-09-01,10:02:00,N20,nominal,2.0NRT,307.33,10.09,D,VIIRS
50.39569,37.27532,347.39,0.44,0.38,2026-09-01,10:02:00,N20,nominal,2.0NRT,310.1,21.27,D,VIIRS
50.40134,37.28556,338.28,0.44,0.38,2026-09-01,10:02:00,N20,nominal,2.0NRT,307.78,10.19,D,VIIRS
50.18666,36.17403,335.48,0.47,0.4,2026-09-01,10:02:00,N20,nominal,2.0NRT,302.86,10.77,D,VIIRS
50.40287,37.28964,332.61,0.44,0.38,2026-09-01,10:02:00,N20,nominal,2.0NRT,302.12,7.68,D,VIIRS
50.18684,36.17284,338.28,0.47,0.4,2026-09-01,10:02:00,N20,nominal,2.0NRT,303.17,16.51,D,VIIRS
50.24904,36.36428,343.52,0.46,0.39,2026-09-01,10:02:00,N20,nominal,2.0NRT,301.91,6.39,D,VIIRS
50.25251,36.36253,336.81,0.46,0.39,2026-09-01,10:02:00,N20,nominal,2.0NRT,302.98,6.39,D,VIIRS
50.25724,36.36702,331.56,0.46,0.39,2026-09-01,10:02:00,N20,nominal,2.0NRT,299.06,3.86,D,VIIRS
50.25597,36.36077,332.24,0.46,0.39,2026-09-01,10:02:00,N20,nominal,2.0NRT,301.85,4.72,D,VIIRS
50.26071,36.36527,337.85,0.46,0.39,2026-09-01,10:02:00,N20,nominal,2.0NRT,300.68,3.86,D,VIIRS
50.28409,36.36752,340.61,0.46,0.39,2026-09-01,10:02:00,N20,nominal,2.0NRT,298.28,4.62,D,VIIRS
50.28291,36.15296,333.88,0.47,0.4,2026-09-01,10:02:00,N20,nominal,2.0NRT,299.18,4.57,D,VIIRS
50.21697,35.81055,350.07,0.48,0.4,2026-09-01,10:02:00,N20,nominal,2.0NRT,303.17,7.68,D,VIIRS
50.21612,35.80953,339.51,0.48,0.4,2026-09-01,10:02:00,N20,nominal,2.0NRT,301.8,4.13,D,VIIRS
50.21965,35.80774,331.17,0.48,0.4,2026-09-01,10:02:00,N20,nominal,2.0NRT,300.37,4.13,D,VIIRS
50.38799,36.15533,334.61,0.47,0.4,2026-09-01,10:02:00,N20,nominal,2.0NRT,298.64,15.31,D,VIIRS
50.03038,34.02455,328.15,0.56,0.43,2026-09-01,10:02:00,N20,nominal,2.0NRT,287.71,3.68,D,VIIRS
50.41892,35.30997,332.87,0.5,0.41,2026-09-01,10:02:00,N20,nominal,2.0NRT,296.07,5.82,D,VIIRS
50.42107,35.30138,338.42,0.5,0.41,2026-09-01,10:02:00,N20,nominal,2.0NRT,297.96,6.6,D,VIIRS
50.67467,35.36169,335.79,0.49,0.4,2026-09-01,10:02:00,N20,nominal,2.0NRT,294.85,3.91,D,VIIRS
50.69714,35.3942,330.27,0.49,0.4,2026-09-01,10:02:00,N20,nominal,2.0NRT,292.37,14.32,D,VIIRS
50.274,32.02843,340.33,0.44,0.46,2026-09-01,10:02:00,N20,nominal,2.0NRT,289.34,4.82,D,VIIRS
50.27377,32.02776,339.37,0.44,0.46,2026-09-01,10:02:00,N20,nominal,2.0NRT,287.97,3.09,D,VIIRS
51.02427,35.12312,336.67,0.49,0.4,2026-09-01,10:02:00,N20,nominal,2.0NRT,296.96,4.73,D,VIIRS
51.78015,34.297,325.7,0.5,0.41,2026-09-01,10:02:00,N20,nominal,2.0NRT,295.33,2.63,D,VIIRS
44.84846,34.23628,367,0.49,0.49,2026-09-01,10:02:00,N20,high,2.0NRT,309.68,18.2,D,VIIRS
44.84993,34.2423,334.04,0.49,0.49,2026-09-01,10:02:00,N20,nominal,2.0NRT,303.42,6.19,D,VIIRS
45.43338,34.63586,344.94,0.46,0.47,2026-09-01,10:02:00,N20,nominal,2.0NRT,306.34,6.35,D,VIIRS
45.43751,34.6339,342.03,0.46,0.47,2026-09-01,10:02:00,N20,nominal,2.0NRT,306.7,6.35,D,VIIRS
45.44031,34.62634,346.12,0.46,0.47,2026-09-01,10:02:00,N20,nominal,2.0NRT,308.52,6.89,D,VIIRS
45.439,34.62075,355.75,0.46,0.47,2026-09-01,10:02:00,N20,nominal,2.0NRT,310.7,14.28,D,VIIRS
45.44115,34.61846,336.17,0.46,0.47,2026-09-01,10:02:00,N20,nominal,2.0NRT,305.38,3.84,D,VIIRS
45.44545,34.57906,333.25,0.46,0.47,2026-09-01,10:02:00,N20,nominal,2.0NRT,305.98,3.32,D,VIIRS
45.75956,34.58379,344.9,0.45,0.47,2026-09-01,10:02:00,N20,nominal,2.0NRT,310.04,11.78,D,VIIRS
45.87532,34.02338,345.73,0.47,0.48,2026-09-01,10:02:00,N20,nominal,2.0NRT,307.47,6.33,D,VIIRS
45.87552,34.02166,350.34,0.47,0.48,2026-09-01,10:02:00,N20,nominal,2.0NRT,309.15,7.2,D,VIIRS
46.3693,35.08589,341.78,0.41,0.45,2026-09-01,10:02:00,N20,nominal,2.0NRT,307.2,5.17,D,VIIRS
46.79356,36.6016,347.25,0.53,0.42,2026-09-01,10:02:00,N20,nominal,2.0NRT,312.07,7.88,D,VIIRS
46.79726,36.59993,339.54,0.53,0.42,2026-09-01,10:02:00,N20,nominal,2.0NRT,311.25,5.25,D,VIIRS
46.79237,36.60197,347.14,0.53,0.42,2026-09-01,10:02:00,N20,nominal,2.0NRT,311.11,5.7,D,VIIRS
46.79607,36.6003,340.55,0.53,0.42,2026-09-01,10:02:00,N20,nominal,2.0NRT,312.26,6.27,D,VIIRS
46.80009,36.52501,341.3,0.53,0.42,2026-09-01,10:02:00,N20,nominal,2.0NRT,311.49,4.09,D,VIIRS
46.8038,36.52334,337.98,0.53,0.42,2026-09-01,10:02:00,N20,nominal,2.0NRT,312.84,9.15,D,VIIRS
46.26907,33.75863,335.32,0.48,0.48,2026-09-01,10:02:00,N20,low,2.0NRT,308.66,5.73,D,VIIRS
46.81775,36.07306,343.02,0.55,0.43,2026-09-01,10:02:00,N20,nominal,2.0NRT,312.83,7.42,D,VIIRS
46.96558,36.66099,332.71,0.52,0.42,2026-09-01,10:02:00,N20,low,2.0NRT,307.57,5.34,D,VIIRS
46.64408,35.14809,338.63,0.41,0.45,2026-09-01,10:02:00,N20,nominal,2.0NRT,311.52,2.99,D,VIIRS
46.64294,35.14307,342.68,0.41,0.45,2026-09-01,10:02:00,N20,nominal,2.0NRT,312.65,3.95,D,VIIRS
46.99095,36.68572,342.61,0.52,0.42,2026-09-01,10:02:00,N20,nominal,2.0NRT,308.96,35.03,D,VIIRS
46.85386,36.04857,336.11,0.55,0.43,2026-09-01,10:02:00,N20,low,2.0NRT,309.83,2.86,D,VIIRS
46.77891,35.7084,338.4,0.57,0.43,2026-09-01,10:02:00,N20,low,2.0NRT,312.99,4.25,D,VIIRS
46.86063,36.02256,337.89,0.56,0.43,2026-09-01,10:02:00,N20,nominal,2.0NRT,312.58,8.35,D,VIIRS
46.8591,36.01558,340.96,0.56,0.43,2026-09-01,10:02:00,N20,nominal,2.0NRT,314.33,8.35,D,VIIRS
47.27822,38.01358,346.5,0.46,0.39,2026-09-01,10:02:00,N20,nominal,2.0NRT,314.7,23.03,D,VIIRS
47.18028,37.50464,332.9,0.48,0.4,2026-09-01,10:02:00,N20,low,2.0NRT,305.4,3.83,D,VIIRS
46.87574,36.01571,341.57,0.56,0.43,2026-09-01,10:02:00,N20,nominal,2.0NRT,314.02,5.39,D,VIIRS
46.14323,32.84576,348.34,0.53,0.5,2026-09-01,10:02:00,N20,nominal,2.0NRT,311.19,5.15,D,VIIRS
46.14357,32.8456,344.31,0.53,0.5,2026-09-01,10:02:00,N20,nominal,2.0NRT,311.53,8.05,D,VIIRS
46.34912,33.58453,340.08,0.48,0.48,2026-09-01,10:02:00,N20,nominal,2.0NRT,307.99,4.96,D,VIIRS
47.17544,37.20143,339.33,0.49,0.41,2026-09-01,10:02:00,N20,nominal,2.0NRT,308,8.9,D,VIIRS
46.35332,33.58237,342.71,0.48,0.48,2026-09-01,10:02:00,N20,nominal,2.0NRT,309.02,4.96,D,VIIRS
46.35186,33.57645,335.61,0.48,0.48,2026-09-01,10:02:00,N20,low,2.0NRT,308.62,5.02,D,VIIRS
46.81194,35.4476,345,0.39,0.44,2026-09-01,10:02:00,N20,nominal,2.0NRT,313.2,6.83,D,VIIRS
46.49271,34.03938,344.26,0.46,0.47,2026-09-01,10:02:00,N20,nominal,2.0NRT,309.17,4.64,D,VIIRS
46.49818,34.04297,342.77,0.46,0.47,2026-09-01,10:02:00,N20,nominal,2.0NRT,309.22,7.36,D,VIIRS
46.49682,34.03731,342.24,0.46,0.47,2026-09-01,10:02:00,N20,nominal,2.0NRT,308.85,5.87,D,VIIRS
46.68304,34.73133,337.69,0.42,0.45,2026-09-01,10:02:00,N20,low,2.0NRT,310.72,3.32,D,VIIRS
46.56884,34.10838,335.5,0.45,0.47,2026-09-01,10:02:00,N20,low,2.0NRT,309.97,6.25,D,VIIRS
46.91039,35.58418,345.28,0.38,0.44,2026-09-01,10:02:00,N20,nominal,2.0NRT,313.25,5.02,D,VIIRS
46.57293,34.10631,351.15,0.45,0.47,2026-09-01,10:02:00,N20,nominal,2.0NRT,313.42,6.25,D,VIIRS
46.91278,35.5843,342.24,0.38,0.43,2026-09-01,10:02:00,N20,nominal,2.0NRT,310.61,3.59,D,VIIRS
46.92096,35.60179,346.6,0.38,0.43,2026-09-01,10:02:00,N20,nominal,2.0NRT,312.2,5.42,D,VIIRS
46.91879,35.59214,341.92,0.38,0.43,2026-09-01,10:02:00,N20,low,2.0NRT,312.88,9.08,D,VIIRS
46.57222,34.10952,343.99,0.45,0.47,2026-09-01,10:02:00,N20,nominal,2.0NRT,313.41,7.54,D,VIIRS
46.57495,34.10186,345.6,0.45,0.47,2026-09-01,10:02:00,N20,nominal,2.0NRT,311.42,8.76,D,VIIRS
46.54485,33.95874,340.12,0.46,0.47,2026-09-01,10:02:00,N20,nominal,2.0NRT,307.95,2.9,D,VIIRS
46.38981,33.33034,335.58,0.49,0.49,2026-09-01,10:02:00,N20,nominal,2.0NRT,308.17,3.21,D,VIIRS
46.18743,32.47788,342.22,0.54,0.51,2026-09-01,10:02:00,N20,nominal,2.0NRT,310.33,4.24,D,VIIRS
46.90667,35.42554,336.06,0.39,0.44,2026-09-01,10:02:00,N20,nominal,2.0NRT,307.62,2.1,D,VIIRS
46.19529,32.48886,341.44,0.54,0.51,2026-09-01,10:02:00,N20,nominal,2.0NRT,308.47,8.32,D,VIIRS
46.19184,32.47553,348.13,0.54,0.51,2026-09-01,10:02:00,N20,nominal,2.0NRT,312.93,11.99,D,VIIRS
46.1997,32.48652,340.74,0.54,0.51,2026-09-01,10:02:00,N20,nominal,2.0NRT,309.66,8.32,D,VIIRS
46.19798,32.47986,346.22,0.54,0.51,2026-09-01,10:02:00,N20,nominal,2.0NRT,311.18,11.99,D,VIIRS
46.19626,32.47319,343.93,0.54,0.51,2026-09-01,10:02:00,N20,nominal,2.0NRT,311.26,11.99,D,VIIRS
46.58327,33.96491,367,0.46,0.47,2026-09-01,10:02:00,N20,low,2.0NRT,328.34,105.52,D,VIIRS
46.58191,33.95922,310.02,0.46,0.47,2026-09-01,10:02:00,N20,low,2.0NRT,322.35,79.64,D,VIIRS
46.58601,33.95715,367,0.46,0.47,2026-09-01,10:02:00,N20,high,2.0NRT,325.22,79.64,D,VIIRS
46.58739,33.96284,367,0.46,0.47,2026-09-01,10:02:00,N20,low,2.0NRT,329.74,105.52,D,VIIRS
46.59013,33.95508,338.47,0.46,0.47,2026-09-01,10:02:00,N20,nominal,2.0NRT,309.72,3.77,D,VIIRS
47.26134,36.86868,335.46,0.51,0.41,2026-09-01,10:02:00,N20,low,2.0NRT,310.1,78.69,D,VIIRS
47.26363,36.86063,314.92,0.51,0.41,2026-09-01,10:02:00,N20,low,2.0NRT,323.74,78.69,D,VIIRS
46.25803,32.44022,347.64,0.54,0.51,2026-09-01,10:02:00,N20,nominal,2.0NRT,312.68,7.27,D,VIIRS
46.26244,32.43784,352.32,0.54,0.51,2026-09-01,10:02:00,N20,nominal,2.0NRT,316.19,26.22,D,VIIRS
46.26073,32.43114,346.52,0.55,0.51,2026-09-01,10:02:00,N20,nominal,2.0NRT,312.83,9.98,D,VIIRS
46.39294,32.93654,348.65,0.51,0.5,2026-09-01,10:02:00,N20,nominal,2.0NRT,315.2,53.81,D,VIIRS
46.26514,32.42878,346.37,0.55,0.51,2026-09-01,10:02:00,N20,nominal,2.0NRT,310.29,9.98,D,VIIRS
46.26344,32.42207,339.03,0.55,0.51,2026-09-01,10:02:00,N20,low,2.0NRT,309.81,9.98,D,VIIRS
47.36716,37.2103,333.9,0.49,0.4,2026-09-01,10:02:00,N20,low,2.0NRT,307.53,1.97,D,VIIRS
47.36945,37.20861,334.34,0.49,0.4,2026-09-01,10:02:00,N20,low,2.0NRT,309.31,3.66,D,VIIRS
46.2613,32.43866,347.88,0.54,0.51,2026-09-01,10:02:00,N20,nominal,2.0NRT,314.52,12.35,D,VIIRS
46.25956,32.43198,348.44,0.54,0.51,2026-09-01,10:02:00,N20,nominal,2.0NRT,311.91,12.35,D,VIIRS
46.39436,32.93559,347.33,0.51,0.5,2026-09-01,10:02:00,N20,nominal,2.0NRT,311.15,58.96,D,VIIRS
46.26571,32.43631,342.8,0.54,0.51,2026-09-01,10:02:00,N20,nominal,2.0NRT,310.03,13.79,D,VIIRS
46.26397,32.42963,346.73,0.54,0.51,2026-09-01,10:02:00,N20,nominal,2.0NRT,311.74,13.79,D,VIIRS
46.26223,32.42295,338.36,0.55,0.51,2026-09-01,10:02:00,N20,nominal,2.0NRT,311.91,9.01,D,VIIRS
46.82201,34.58706,354.1,0.42,0.46,2026-09-01,10:02:00,N20,nominal,2.0NRT,310.37,6.25,D,VIIRS
46.47788,33.13167,343.42,0.5,0.49,2026-09-01,10:02:00,N20,nominal,2.0NRT,312.21,5.94,D,VIIRS
47.85263,39.41505,346.11,0.42,0.37,2026-09-01,10:02:00,N20,nominal,2.0NRT,313.56,40.52,D,VIIRS
46.9609,35.01596,345.95,0.4,0.45,2026-09-01,10:02:00,N20,nominal,2.0NRT,312.04,5.1,D,VIIRS
47.89839,39.58787,344.46,0.41,0.37,2026-09-01,10:02:00,N20,nominal,2.0NRT,312.86,68.73,D,VIIRS
45.55363,29.54872,332.45,0.39,0.59,2026-09-01,10:02:00,N20,nominal,2.0NRT,301.47,1.95,D,VIIRS
47.89741,39.58248,309.23,0.41,0.37,2026-09-01,10:02:00,N20,low,2.0NRT,316.73,30.52,D,VIIRS
46.4225,32.65934,348.71,0.53,0.5,2026-09-01,10:02:00,N20,nominal,2.0NRT,309.7,13.12,D,VIIRS
46.42686,32.65704,351.86,0.53,0.5,2026-09-01,10:02:00,N20,nominal,2.0NRT,313.37,13.12,D,VIIRS
45.54243,29.38703,342.82,0.39,0.6,2026-09-01,10:02:00,N20,nominal,2.0NRT,306.38,3.69,D,VIIRS
46.479730000000004,32.78946,344.75,0.52,0.5,2026-09-01,10:02:00,N20,nominal,2.0NRT,314.81,41.53,D,VIIRS
46.46531,32.7317,337.03,0.52,0.5,2026-09-01,10:02:00,N20,low,2.0NRT,310.47,4.2,D,VIIRS
46.4637,32.72526,335.16,0.52,0.5,2026-09-01,10:02:00,N20,low,2.0NRT,309.16,4.2,D,VIIRS
46.42669,32.65622,352.81,0.53,0.5,2026-09-01,10:02:00,N20,nominal,2.0NRT,311.69,15.51,D,VIIRS
46.47595,32.79042,353.07,0.52,0.5,2026-09-01,10:02:00,N20,nominal,2.0NRT,312.3,14.79,D,VIIRS
46.46122,32.73292,343.01,0.52,0.5,2026-09-01,10:02:00,N20,nominal,2.0NRT,311.34,5.08,D,VIIRS
47.46055,37.01505,340.01,0.5,0.41,2026-09-01,10:02:00,N20,nominal,2.0NRT,309.99,2.77,D,VIIRS
46.48027,32.78814,354.21,0.52,0.5,2026-09-01,10:02:00,N20,nominal,2.0NRT,309.98,13.5,D,VIIRS
46.63218,33.35259,342.45,0.48,0.48,2026-09-01,10:02:00,N20,nominal,2.0NRT,309.98,7.44,D,VIIRS
47.05781,35.11751,341.39,0.4,0.44,2026-09-01,10:02:00,N20,nominal,2.0NRT,310.45,3.03,D,VIIRS
47.05666,35.11249,336.89,0.4,0.44,2026-09-01,10:02:00,N20,low,2.0NRT,311.32,2.93,D,VIIRS
46.40827,32.45013,346.64,0.54,0.51,2026-09-01,10:02:00,N20,nominal,2.0NRT,315.07,6.92,D,VIIRS
47.09792,35.27475,337.46,0.39,0.44,2026-09-01,10:02:00,N20,low,2.0NRT,312.12,2.61,D,VIIRS
47.0968,35.26981,342.3,0.39,0.44,2026-09-01,10:02:00,N20,nominal,2.0NRT,312.08,3.24,D,VIIRS
46.41265,32.44778,342.05,0.54,0.51,2026-09-01,10:02:00,N20,nominal,2.0NRT,310.4,5.01,D,VIIRS
46.4334,32.35336,352.98,0.54,0.51,2026-09-01,10:02:00,N20,nominal,2.0NRT,320.69,35.11,D,VIIRS
47.85524,38.73491,337.39,0.43,0.38,2026-09-01,10:02:00,N20,nominal,2.0NRT,309.54,3.01,D,VIIRS
46.57743,32.90201,342.86,0.51,0.49,2026-09-01,10:02:00,N20,nominal,2.0NRT,309.54,14.26,D,VIIRS
45.6783,29.52112,367,0.38,0.59,2026-09-01,10:02:00,N20,high,2.0NRT,304.11,88.38,D,VIIRS
46.60012,32.95399,343.85,0.51,0.49,2026-09-01,10:02:00,N20,nominal,2.0NRT,309.46,6.29,D,VIIRS
45.67565,29.51192,347.62,0.38,0.59,2026-09-01,10:02:00,N20,nominal,2.0NRT,309.29,62.73,D,VIIRS
45.67697,29.51651,367,0.38,0.59,2026-09-01,10:02:00,N20,low,2.0NRT,348.57,88.38,D,VIIRS
45.68334,29.51817,367,0.38,0.59,2026-09-01,10:02:00,N20,high,2.0NRT,307.99,88.38,D,VIIRS
45.68069,29.50896,343.08,0.38,0.59,2026-09-01,10:02:00,N20,nominal,2.0NRT,308.71,62.73,D,VIIRS
45.68201,29.51356,367,0.38,0.59,2026-09-01,10:02:00,N20,low,2.0NRT,352.16,88.38,D,VIIRS
46.82562,33.83912,351.75,0.46,0.47,2026-09-01,10:02:00,N20,nominal,2.0NRT,323.47,37.56,D,VIIRS
46.6118,32.96202,342.4,0.51,0.49,2026-09-01,10:02:00,N20,nominal,2.0NRT,308.6,4.06,D,VIIRS
45.68838,29.51521,355.45,0.38,0.59,2026-09-01,10:02:00,N20,nominal,2.0NRT,313.96,9.38,D,VIIRS
46.73433,33.44107,346.51,0.48,0.48,2026-09-01,10:02:00,N20,nominal,2.0NRT,310.35,4.95,D,VIIRS
45.70656,29.55805,339.56,0.38,0.59,2026-09-01,10:02:00,N20,nominal,2.0NRT,305.23,2.82,D,VIIRS
46.73851,33.4389,355.9,0.48,0.48,2026-09-01,10:02:00,N20,nominal,2.0NRT,312.21,6.96,D,VIIRS
46.56989,32.75502,342.37,0.52,0.5,2026-09-01,10:02:00,N20,nominal,2.0NRT,309.39,5.23,D,VIIRS
46.56829,32.74864,343.04,0.52,0.5,2026-09-01,10:02:00,N20,nominal,2.0NRT,313.05,5.23,D,VIIRS
46.45565,32.30309,343.91,0.55,0.51,2026-09-01,10:02:00,N20,nominal,2.0NRT,314.38,8.26,D,VIIRS
45.7116,29.55511,348.82,0.38,0.59,2026-09-01,10:02:00,N20,nominal,2.0NRT,305.88,3.31,D,VIIRS
46.74269,33.43672,343.73,0.48,0.48,2026-09-01,10:02:00,N20,nominal,2.0NRT,308.97,6.96,D,VIIRS
47.27882,35.74697,338.85,0.56,0.43,2026-09-01,10:02:00,N20,low,2.0NRT,313.55,6.23,D,VIIRS
47.27523,35.74903,343.13,0.56,0.43,2026-09-01,10:02:00,N20,nominal,2.0NRT,315.43,11.02,D,VIIRS
47.27901,35.74727,344.21,0.56,0.43,2026-09-01,10:02:00,N20,nominal,2.0NRT,312.65,11.02,D,VIIRS
46.7388,33.43806,354.56,0.48,0.48,2026-09-01,10:02:00,N20,nominal,2.0NRT,312.82,16.72,D,VIIRS
46.56506,32.75034,340.18,0.52,0.5,2026-09-01,10:02:00,N20,low,2.0NRT,312.57,4.02,D,VIIRS
46.56939,32.74806,336.49,0.52,0.5,2026-09-01,10:02:00,N20,low,2.0NRT,311.39,4.02,D,VIIRS
46.45446,32.3041,344.45,0.55,0.51,2026-09-01,10:02:00,N20,nominal,2.0NRT,313.56,8.37,D,VIIRS
45.68579,29.51507,367,0.38,0.59,2026-09-01,10:02:00,N20,high,2.0NRT,314.55,11.6,D,VIIRS
45.68444,29.51048,352.16,0.38,0.59,2026-09-01,10:02:00,N20,nominal,2.0NRT,309.94,19.48,D,VIIRS
45.69084,29.51215,342.71,0.38,0.59,2026-09-01,10:02:00,N20,nominal,2.0NRT,308.26,11.6,D,VIIRS
47.80802,38.17953,353.28,0.45,0.39,2026-09-01,10:02:00,N20,nominal,2.0NRT,314.77,15.6,D,VIIRS
45.71057,29.55933,335.77,0.38,0.59,2026-09-01,10:02:00,N20,nominal,2.0NRT,304.27,3.38,D,VIIRS
45.70924,29.55479,351.4,0.38,0.59,2026-09-01,10:02:00,N20,nominal,2.0NRT,306.56,3.38,D,VIIRS
47.81147,38.17805,346.85,0.45,0.39,2026-09-01,10:02:00,N20,nominal,2.0NRT,311.2,15.6,D,VIIRS
46.58504,32.73255,342.11,0.52,0.5,2026-09-01,10:02:00,N20,nominal,2.0NRT,309.89,5.51,D,VIIRS
46.66999,33.02941,341.07,0.5,0.49,2026-09-01,10:02:00,N20,nominal,2.0NRT,309.34,4.29,D,VIIRS
46.66843,33.02321,336.3,0.5,0.49,2026-09-01,10:02:00,N20,nominal,2.0NRT,310.62,5.25,D,VIIRS
47.24669,35.3586,342.28,0.39,0.44,2026-09-01,10:02:00,N20,nominal,2.0NRT,311.46,3.68,D,VIIRS
47.24559,35.35374,342.4,0.39,0.44,2026-09-01,10:02:00,N20,nominal,2.0NRT,312.39,3.82,D,VIIRS
45.70942,29.39368,332.91,0.39,0.59,2026-09-01,10:02:00,N20,low,2.0NRT,304.3,1.9,D,VIIRS
46.70941,33.07149,340.23,0.5,0.49,2026-09-01,10:02:00,N20,nominal,2.0NRT,309.63,8.38,D,VIIRS
45.71179,29.38151,353.39,0.39,0.59,2026-09-01,10:02:00,N20,nominal,2.0NRT,305.14,8.12,D,VIIRS
47.64422,37.17247,338.41,0.49,0.4,2026-09-01,10:02:00,N20,low,2.0NRT,312.46,5.17,D,VIIRS
47.6465,37.16463,340.11,0.49,0.4,2026-09-01,10:02:00,N20,low,2.0NRT,310.26,5.17,D,VIIRS
46.451,32.01921,340.55,0.56,0.52,2026-09-01,10:02:00,N20,nominal,2.0NRT,309.63,4.87,D,VIIRS
46.69086,32.91994,349.91,0.5,0.49,2026-09-01,10:02:00,N20,nominal,2.0NRT,313.98,29.49,D,VIIRS
47.19875,35.01339,345.44,0.4,0.44,2026-09-01,10:02:00,N20,nominal,2.0NRT,311.13,5.11,D,VIIRS
47.89674,38.31042,337.57,0.44,0.39,2026-09-01,10:02:00,N20,low,2.0NRT,311.12,20.71,D,VIIRS
47.89564,38.30474,350.62,0.44,0.39,2026-09-01,10:02:00,N20,nominal,2.0NRT,318.51,20.71,D,VIIRS
47.89454,38.29904,333.54,0.44,0.39,2026-09-01,10:02:00,N20,low,2.0NRT,308,7.45,D,VIIRS
47.89907,38.30329,347.28,0.44,0.39,2026-09-01,10:02:00,N20,nominal,2.0NRT,311.01,14.39,D,VIIRS
47.83231,37.79624,336.32,0.46,0.39,2026-09-01,10:02:00,N20,nominal,2.0NRT,306.68,4.21,D,VIIRS
47.83112,37.79033,346.79,0.46,0.39,2026-09-01,10:02:00,N20,nominal,2.0NRT,305.45,4.21,D,VIIRS
47.83461,37.78879,346.74,0.46,0.39,2026-09-01,10:02:00,N20,nominal,2.0NRT,314.8,9.81,D,VIIRS
47.13232,34.50221,335.36,0.42,0.45,2026-09-01,10:02:00,N20,low,2.0NRT,310.04,1.77,D,VIIRS
47.19216,34.53109,341.58,0.42,0.45,2026-09-01,10:02:00,N20,low,2.0NRT,312.29,3.27,D,VIIRS
47.19733,34.53436,342.11,0.42,0.45,2026-09-01,10:02:00,N20,nominal,2.0NRT,310.98,4.67,D,VIIRS
47.68258,36.72213,355.4,0.5,0.41,2026-09-01,10:02:00,N20,nominal,2.0NRT,315.01,22.56,D,VIIRS
47.20129,34.53237,338.38,0.42,0.45,2026-09-01,10:02:00,N20,low,2.0NRT,311,4.67,D,VIIRS
47.68753,36.72691,340.63,0.5,0.41,2026-09-01,10:02:00,N20,low,2.0NRT,312.18,6.74,D,VIIRS
47.68618,36.72045,339.64,0.5,0.41,2026-09-01,10:02:00,N20,low,2.0NRT,312,6.74,D,VIIRS
47.51443,35.87365,336.96,0.54,0.42,2026-09-01,10:02:00,N20,nominal,2.0NRT,310.26,3.93,D,VIIRS
47.2504,34.44732,342.84,0.42,0.45,2026-09-01,10:02:00,N20,nominal,2.0NRT,311.61,3.21,D,VIIRS
47.24917,34.44204,341.64,0.42,0.45,2026-09-01,10:02:00,N20,nominal,2.0NRT,310.17,3.64,D,VIIRS
47.2442,34.42086,345.58,0.42,0.45,2026-09-01,10:02:00,N20,nominal,2.0NRT,318.21,64.67,D,VIIRS
47.25314,34.44006,338.1,0.42,0.45,2026-09-01,10:02:00,N20,nominal,2.0NRT,309.66,1.98,D,VIIRS
47.22587,34.30494,334.81,0.43,0.46,2026-09-01,10:02:00,N20,low,2.0NRT,309.73,5.55,D,VIIRS
47.55307,35.72433,347.3,0.55,0.43,2026-09-01,10:02:00,N20,nominal,2.0NRT,312.8,14.32,D,VIIRS
47.51147,35.36538,336.41,0.57,0.43,2026-09-01,10:02:00,N20,nominal,2.0NRT,310.15,2.34,D,VIIRS
47.51526,35.36349,338.49,0.57,0.43,2026-09-01,10:02:00,N20,nominal,2.0NRT,311.57,7.09,D,VIIRS
47.34771,34.56272,337.15,0.41,0.45,2026-09-01,10:02:00,N20,low,2.0NRT,311.27,2.62,D,VIIRS
47.35163,34.56071,338.32,0.41,0.45,2026-09-01,10:02:00,N20,nominal,2.0NRT,311.69,1.36,D,VIIRS
47.78708,36.4951,346.14,0.51,0.41,2026-09-01,10:02:00,N20,nominal,2.0NRT,309.39,9.12,D,VIIRS
47.99239,37.48137,339.38,0.47,0.4,2026-09-01,10:02:00,N20,low,2.0NRT,310.86,8.34,D,VIIRS
47.78724,36.49413,345.24,0.51,0.41,2026-09-01,10:02:00,N20,nominal,2.0NRT,309.06,8.49,D,VIIRS
47.36146,34.57092,352.23,0.41,0.45,2026-09-01,10:02:00,N20,nominal,2.0NRT,313.45,10.26,D,VIIRS
47.54771,35.36345,340.91,0.57,0.43,2026-09-01,10:02:00,N20,nominal,2.0NRT,311.71,5.66,D,VIIRS
48.29814,38.99843,342.12,0.42,0.38,2026-09-01,10:02:00,N20,nominal,2.0NRT,310.08,9.92,D,VIIRS
48.29507,38.98195,353.17,0.42,0.38,2026-09-01,10:02:00,N20,nominal,2.0NRT,314.01,16.61,D,VIIRS
48.30149,38.99703,337.49,0.42,0.38,2026-09-01,10:02:00,N20,nominal,2.0NRT,311.22,9.92,D,VIIRS
48.30048,38.99153,347,0.42,0.38,2026-09-01,10:02:00,N20,nominal,2.0NRT,315.41,13.63,D,VIIRS
48.30485,38.99559,334.42,0.42,0.38,2026-09-01,10:02:00,N20,nominal,2.0NRT,306.74,5.5,D,VIIRS
48.30382,38.99009,350.48,0.42,0.38,2026-09-01,10:02:00,N20,nominal,2.0NRT,319.88,47.8,D,VIIRS
47.35541,34.45098,335.7,0.42,0.45,2026-09-01,10:02:00,N20,low,2.0NRT,308.51,3.74,D,VIIRS
47.12381,33.48431,338.76,0.46,0.47,2026-09-01,10:02:00,N20,low,2.0NRT,311.2,7.98,D,VIIRS
47.4389,34.71613,342.94,0.4,0.45,2026-09-01,10:02:00,N20,low,2.0NRT,315.37,5.8,D,VIIRS
47.44281,34.71418,344.06,0.4,0.45,2026-09-01,10:02:00,N20,nominal,2.0NRT,312.23,5.8,D,VIIRS
47.67263,35.68153,333.74,0.55,0.43,2026-09-01,10:02:00,N20,low,2.0NRT,307.84,7.51,D,VIIRS
48.08673,37.6102,339.71,0.46,0.39,2026-09-01,10:02:00,N20,low,2.0NRT,311.45,19.34,D,VIIRS
47.21512,33.63151,337.43,0.46,0.47,2026-09-01,10:02:00,N20,low,2.0NRT,310.78,2.27,D,VIIRS
47.75379,35.9799,336.29,0.53,0.42,2026-09-01,10:02:00,N20,nominal,2.0NRT,307.83,4.32,D,VIIRS
45.95773,28.87638,339.06,0.4,0.6,2026-09-01,10:02:00,N20,nominal,2.0NRT,303.9,3.4,D,VIIRS
47.81726,36.14414,336.63,0.52,0.42,2026-09-01,10:02:00,N20,nominal,2.0NRT,304.26,3.23,D,VIIRS
47.87193,36.34568,330.39,0.51,0.41,2026-09-01,10:02:00,N20,nominal,2.0NRT,304.07,1.66,D,VIIRS
45.95827,28.87451,344.63,0.4,0.6,2026-09-01,10:02:00,N20,nominal,2.0NRT,304.55,7.12,D,VIIRS
47.26137,33.6578,341.75,0.45,0.47,2026-09-01,10:02:00,N20,low,2.0NRT,313.42,4.88,D,VIIRS
47.93062,36.58426,338.63,0.5,0.41,2026-09-01,10:02:00,N20,nominal,2.0NRT,309.58,3.14,D,VIIRS
47.98011,36.74477,336.55,0.5,0.41,2026-09-01,10:02:00,N20,nominal,2.0NRT,308.27,3.92,D,VIIRS
47.93495,36.51076,345.42,0.51,0.41,2026-09-01,10:02:00,N20,nominal,2.0NRT,305.63,7.27,D,VIIRS
47.93357,36.50424,337.66,0.51,0.41,2026-09-01,10:02:00,N20,nominal,2.0NRT,306.75,8.94,D,VIIRS
47.77149,35.75076,334.83,0.54,0.42,2026-09-01,10:02:00,N20,low,2.0NRT,306.54,3.81,D,VIIRS
47.10963,32.91,340.31,0.49,0.49,2026-09-01,10:02:00,N20,low,2.0NRT,311.99,11.94,D,VIIRS
48.01822,36.85271,341.06,0.49,0.4,2026-09-01,10:02:00,N20,nominal,2.0NRT,309.09,22.94,D,VIIRS
47.62284,35.02693,335.23,0.39,0.44,2026-09-01,10:02:00,N20,nominal,2.0NRT,306.99,1.38,D,VIIRS
47.49559,34.47208,332.27,0.41,0.45,2026-09-01,10:02:00,N20,low,2.0NRT,305.35,1.92,D,VIIRS
48.15993,37.53098,336.65,0.46,0.39,2026-09-01,10:02:00,N20,nominal,2.0NRT,309.48,6.13,D,VIIRS
47.87932,36.1735,337.52,0.52,0.42,2026-09-01,10:02:00,N20,nominal,2.0NRT,305.04,2.22,D,VIIRS
47.68211,35.23381,332.86,0.57,0.43,2026-09-01,10:02:00,N20,nominal,2.0NRT,303.45,2.43,D,VIIRS
47.04458,32.55514,341.41,0.51,0.5,2026-09-01,10:02:00,N20,nominal,2.0NRT,310.69,4.42,D,VIIRS
48.00307,36.68498,334.13,0.5,0.41,2026-09-01,10:02:00,N20,low,2.0NRT,309.11,3.21,D,VIIRS
47.9684,36.48087,332.85,0.51,0.41,2026-09-01,10:02:00,N20,nominal,2.0NRT,306.43,3.46,D,VIIRS
47.71533,35.25035,345.46,0.57,0.43,2026-09-01,10:02:00,N20,nominal,2.0NRT,310.93,14.73,D,VIIRS
47.59262,34.666,337.87,0.4,0.44,2026-09-01,10:02:00,N20,nominal,2.0NRT,306.26,1.78,D,VIIRS
47.76494,35.41816,355.54,0.56,0.43,2026-09-01,10:02:00,N20,nominal,2.0NRT,309.96,8.01,D,VIIRS
47.59303,34.64867,330.52,0.4,0.45,2026-09-01,10:02:00,N20,low,2.0NRT,304.97,2.56,D,VIIRS
48.37535,38.38968,344.78,0.44,0.38,2026-09-01,10:02:00,N20,nominal,2.0NRT,315.27,4.45,D,VIIRS
47.71502,35.17275,337.76,0.38,0.43,2026-09-01,10:02:00,N20,low,2.0NRT,310.36,6.97,D,VIIRS
47.71394,35.16787,353.28,0.38,0.43,2026-09-01,10:02:00,N20,nominal,2.0NRT,309.89,7.73,D,VIIRS
47.66728,34.93948,338.65,0.39,0.44,2026-09-01,10:02:00,N20,nominal,2.0NRT,312.08,2.23,D,VIIRS
47.77152,35.391,334.24,0.56,0.43,2026-09-01,10:02:00,N20,low,2.0NRT,307.79,4.3,D,VIIRS
47.76453,35.41808,354.39,0.56,0.43,2026-09-01,10:02:00,N20,nominal,2.0NRT,310.08,10.86,D,VIIRS
48.51777,39.06271,335.02,0.42,0.37,2026-09-01,10:02:00,N20,low,2.0NRT,308.91,16.45,D,VIIRS
48.51677,39.0573,344.73,0.42,0.37,2026-09-01,10:02:00,N20,nominal,2.0NRT,313.65,16.45,D,VIIRS
48.52012,39.05595,337.86,0.42,0.37,2026-09-01,10:02:00,N20,nominal,2.0NRT,311.77,16.45,D,VIIRS
48.17724,37.2902,345.8,0.47,0.4,2026-09-01,10:02:00,N20,nominal,2.0NRT,308.57,4.58,D,VIIRS
47.6691,34.94154,342.94,0.39,0.44,2026-09-01,10:02:00,N20,low,2.0NRT,313.78,6.91,D,VIIRS
48.19398,37.31599,353.36,0.47,0.4,2026-09-01,10:02:00,N20,nominal,2.0NRT,307.99,8.13,D,VIIRS
47.6347,34.71707,344.29,0.4,0.44,2026-09-01,10:02:00,N20,nominal,2.0NRT,314.62,11.93,D,VIIRS
47.55515,34.3752,336.29,0.42,0.45,2026-09-01,10:02:00,N20,nominal,2.0NRT,303.32,2.07,D,VIIRS
47.19125,32.85848,344.4,0.49,0.49,2026-09-01,10:02:00,N20,nominal,2.0NRT,315.25,11.48,D,VIIRS
47.18971,32.85232,349.77,0.49,0.49,2026-09-01,10:02:00,N20,nominal,2.0NRT,316.65,11.48,D,VIIRS
47.45216,33.90294,346.23,0.44,0.46,2026-09-01,10:02:00,N20,nominal,2.0NRT,312.57,7.31,D,VIIRS
47.1955,32.85626,345.87,0.49,0.49,2026-09-01,10:02:00,N20,nominal,2.0NRT,313.78,11.48,D,VIIRS
47.19971,32.85398,338.9,0.49,0.49,2026-09-01,10:02:00,N20,low,2.0NRT,311.53,3.24,D,VIIRS
47.64206,34.67373,343.38,0.4,0.44,2026-09-01,10:02:00,N20,nominal,2.0NRT,309.45,6.36,D,VIIRS
47.64088,34.66861,346.35,0.4,0.44,2026-09-01,10:02:00,N20,nominal,2.0NRT,308.23,6.36,D,VIIRS
47.92929,35.94067,336.63,0.53,0.42,2026-09-01,10:02:00,N20,low,2.0NRT,309.3,4.13,D,VIIRS
47.93298,35.9389,330.9,0.53,0.42,2026-09-01,10:02:00,N20,low,2.0NRT,305.8,4.13,D,VIIRS
47.93003,35.92524,333.34,0.53,0.42,2026-09-01,10:02:00,N20,low,2.0NRT,307.02,2.7,D,VIIRS
48.07757,36.59988,337.11,0.5,0.41,2026-09-01,10:02:00,N20,nominal,2.0NRT,302.71,5.12,D,VIIRS
47.93667,35.93712,337.64,0.53,0.42,2026-09-01,10:02:00,N20,nominal,2.0NRT,305.99,4.55,D,VIIRS
47.93372,35.92347,338.91,0.53,0.42,2026-09-01,10:02:00,N20,low,2.0NRT,312.85,8.33,D,VIIRS
48.08923,36.63685,341.53,0.5,0.41,2026-09-01,10:02:00,N20,nominal,2.0NRT,304.48,3.92,D,VIIRS
48.02293,36.20796,336.34,0.52,0.41,2026-09-01,10:02:00,N20,low,2.0NRT,308.4,14.78,D,VIIRS
48.16272,36.84056,330.55,0.49,0.4,2026-09-01,10:02:00,N20,low,2.0NRT,305,1.1,D,VIIRS
46.92514,31.53175,339.27,0.57,0.52,2026-09-01,10:02:00,N20,nominal,2.0NRT,305.39,5.78,D,VIIRS
48.16757,36.84525,339.35,0.49,0.4,2026-09-01,10:02:00,N20,nominal,2.0NRT,306.47,9.61,D,VIIRS
48.19573,36.88778,338.04,0.49,0.4,2026-09-01,10:02:00,N20,low,2.0NRT,309.13,2.41,D,VIIRS
48.19823,36.88496,336.57,0.49,0.4,2026-09-01,10:02:00,N20,low,2.0NRT,309.05,6.32,D,VIIRS
47.99485,35.89297,337.91,0.53,0.42,2026-09-01,10:02:00,N20,low,2.0NRT,310.98,4.23,D,VIIRS
48.1436,36.56771,342.57,0.5,0.41,2026-09-01,10:02:00,N20,nominal,2.0NRT,302.25,5.42,D,VIIRS
48.43063,37.94249,335.5,0.45,0.39,2026-09-01,10:02:00,N20,low,2.0NRT,307.15,6.31,D,VIIRS
48.10547,36.35017,334.11,0.51,0.41,2026-09-01,10:02:00,N20,nominal,2.0NRT,306.15,17.35,D,VIIRS
48.10409,36.34366,354.07,0.51,0.41,2026-09-01,10:02:00,N20,nominal,2.0NRT,311.56,17.35,D,VIIRS
48.1027,36.33714,348.99,0.51,0.41,2026-09-01,10:02:00,N20,nominal,2.0NRT,310.9,31.39,D,VIIRS
48.43522,37.94687,333.44,0.45,0.39,2026-09-01,10:02:00,N20,low,2.0NRT,305.53,4.04,D,VIIRS
47.71648,34.58127,342.58,0.4,0.45,2026-09-01,10:02:00,N20,nominal,2.0NRT,309.04,47.41,D,VIIRS
47.71533,34.57629,307.7,0.4,0.45,2026-09-01,10:02:00,N20,low,2.0NRT,320.93,47.41,D,VIIRS
48.23355,36.92405,338.3,0.48,0.4,2026-09-01,10:02:00,N20,nominal,2.0NRT,308.75,4.11,D,VIIRS
47.54013,30.8715,353.8,0.38,0.59,2026-09-01,11:42:00,N20,nominal,2.0NRT,300.68,4.22,D,VIIRS
47.53453,30.86703,345.03,0.38,0.59,2026-09-01,11:42:00,N20,nominal,2.0NRT,300.57,4.22,D,VIIRS
47.53471,30.87214,332.84,0.38,0.59,2026-09-01,11:42:00,N20,nominal,2.0NRT,300.49,4.22,D,VIIRS
47.57904,35.70733,330.05,0.64,0.72,2026-09-01,11:42:00,N20,nominal,2.0NRT,301.41,2.81,D,VIIRS
47.55813,35.79463,341.43,0.65,0.73,2026-09-01,11:42:00,N20,nominal,2.0NRT,301.4,4.98,D,VIIRS
47.55853,35.74949,367,0.64,0.72,2026-09-01,11:42:00,N20,high,2.0NRT,302.96,10.78,D,VIIRS
47.55634,35.75369,347.17,0.64,0.72,2026-09-01,11:42:00,N20,nominal,2.0NRT,300.98,7.8,D,VIIRS
47.55614,35.79872,338.8,0.65,0.73,2026-09-01,11:42:00,N20,nominal,2.0NRT,301.21,4.23,D,VIIRS
47.52339,34.63033,350.44,0.57,0.69,2026-09-01,11:42:00,N20,nominal,2.0NRT,303.84,13.34,D,VIIRS
47.51091,35.3681,331.59,0.62,0.71,2026-09-01,11:42:00,N20,nominal,2.0NRT,304.87,2.43,D,VIIRS
47.50406,34.61455,333.92,0.57,0.69,2026-09-01,11:42:00,N20,nominal,2.0NRT,303.16,5.32,D,VIIRS
47.45933,37.01047,353.64,0.74,0.76,2026-09-01,11:42:00,N20,nominal,2.0NRT,304.65,33.9,D,VIIRS
47.45914,37.02051,367,0.74,0.76,2026-09-01,11:42:00,N20,high,2.0NRT,307.23,48.13,D,VIIRS
47.46251,37.01693,367,0.74,0.76,2026-09-01,11:42:00,N20,high,2.0NRT,303.78,27.68,D,VIIRS
47.45543,37.01635,355.85,0.74,0.76,2026-09-01,11:42:00,N20,nominal,2.0NRT,305.81,27.68,D,VIIRS
47.45529,37.02668,354.5,0.74,0.76,2026-09-01,11:42:00,N20,nominal,2.0NRT,302.41,31.61,D,VIIRS
47.35527,34.55084,354.8,0.56,0.69,2026-09-01,11:42:00,N20,nominal,2.0NRT,306.68,10.1,D,VIIRS
47.35529,34.55845,347.07,0.56,0.69,2026-09-01,11:42:00,N20,nominal,2.0NRT,301.85,10.1,D,VIIRS
47.32492,33.13555,337.49,0.48,0.65,2026-09-01,11:42:00,N20,nominal,2.0NRT,306.57,7.74,D,VIIRS
47.32483,33.12899,367,0.48,0.65,2026-09-01,11:42:00,N20,high,2.0NRT,311.68,7.74,D,VIIRS
47.35411,34.55213,355.02,0.56,0.69,2026-09-01,11:42:00,N20,nominal,2.0NRT,306.27,17.28,D,VIIRS
47.35416,34.55973,342.56,0.56,0.69,2026-09-01,11:42:00,N20,nominal,2.0NRT,302.97,12.9,D,VIIRS
47.323,33.12446,341.38,0.48,0.65,2026-09-01,11:42:00,N20,nominal,2.0NRT,312.21,8.2,D,VIIRS
47.32313,33.13103,367,0.48,0.65,2026-09-01,11:42:00,N20,high,2.0NRT,311.42,8.2,D,VIIRS
47.30214,35.84941,332.08,0.65,0.73,2026-09-01,11:42:00,N20,low,2.0NRT,304.45,4.7,D,VIIRS
47.2975,34.82257,340.72,0.58,0.7,2026-09-01,11:42:00,N20,nominal,2.0NRT,303.83,6.93,D,VIIRS
47.28205,35.8234,350.29,0.65,0.73,2026-09-01,11:42:00,N20,nominal,2.0NRT,307.95,11.26,D,VIIRS
47.24201,37.5841,333.77,0.78,0.78,2026-09-01,11:42:00,N20,nominal,2.0NRT,301.51,3.29,D,VIIRS
47.24457,35.36227,343.38,0.61,0.71,2026-09-01,11:42:00,N20,nominal,2.0NRT,306.79,7.17,D,VIIRS
47.27987,35.821040000000004,345.7,0.65,0.73,2026-09-01,11:42:00,N20,nominal,2.0NRT,307.92,8.63,D,VIIRS
47.24072,37.57917,331.88,0.78,0.78,2026-09-01,11:42:00,N20,low,2.0NRT,304.4,5.7,D,VIIRS
47.24694,35.35996,342.87,0.61,0.71,2026-09-01,11:42:00,N20,nominal,2.0NRT,307.95,6.6,D,VIIRS
47.20996,36.8234,332.92,0.72,0.76,2026-09-01,11:42:00,N20,nominal,2.0NRT,300.3,3.61,D,VIIRS
47.1983,35.92339,330.75,0.65,0.73,2026-09-01,11:42:00,N20,nominal,2.0NRT,304.66,2.93,D,VIIRS
47.19825,35.93215,334.1,0.65,0.73,2026-09-01,11:42:00,N20,nominal,2.0NRT,304.95,2.93,D,VIIRS
47.16494,33.14174,341.86,0.48,0.65,2026-09-01,11:42:00,N20,nominal,2.0NRT,306.57,3.96,D,VIIRS
47.15903,33.1484,335.87,0.48,0.65,2026-09-01,11:42:00,N20,nominal,2.0NRT,308.03,4.83,D,VIIRS
47.15892,33.14191,367,0.48,0.65,2026-09-01,11:42:00,N20,high,2.0NRT,310.52,12.01,D,VIIRS
47.15205,33.49925,367,0.5,0.66,2026-09-01,11:42:00,N20,high,2.0NRT,307.34,5.36,D,VIIRS
47.14577,33.48592,333.67,0.5,0.66,2026-09-01,11:42:00,N20,nominal,2.0NRT,306.02,3.77,D,VIIRS
47.14586,33.49266,339.86,0.5,0.66,2026-09-01,11:42:00,N20,nominal,2.0NRT,309.63,5.36,D,VIIRS
47.14594,33.49941,346.11,0.5,0.66,2026-09-01,11:42:00,N20,nominal,2.0NRT,307.1,5.36,D,VIIRS
47.1386,35.77396,339.16,0.64,0.72,2026-09-01,11:42:00,N20,nominal,2.0NRT,306.58,4.73,D,VIIRS
47.12754,33.49311,336.74,0.5,0.66,2026-09-01,11:42:00,N20,nominal,2.0NRT,309.23,5.93,D,VIIRS
47.12703,35.51041,350.06,0.62,0.72,2026-09-01,11:42:00,N20,nominal,2.0NRT,306.92,80.89,D,VIIRS
47.12697,35.51885,348.15,0.63,0.72,2026-09-01,11:42:00,N20,nominal,2.0NRT,322.54,80.89,D,VIIRS
47.12692,35.52729,331.92,0.63,0.72,2026-09-01,11:42:00,N20,nominal,2.0NRT,303.75,44.97,D,VIIRS
47.12151,33.50003,367,0.5,0.66,2026-09-01,11:42:00,N20,high,2.0NRT,312.17,5.93,D,VIIRS
47.13434,32.67156,344.15,0.46,0.63,2026-09-01,11:42:00,N20,nominal,2.0NRT,310.5,3.49,D,VIIRS
47.15203,33.50114,367,0.5,0.66,2026-09-01,11:42:00,N20,high,2.0NRT,307.83,8.34,D,VIIRS
47.14569,33.48779,337.26,0.5,0.66,2026-09-01,11:42:00,N20,nominal,2.0NRT,306.21,2.95,D,VIIRS
47.14581,33.49453,336.39,0.5,0.66,2026-09-01,11:42:00,N20,nominal,2.0NRT,309.1,2.95,D,VIIRS
47.14592,33.50127,344.1,0.5,0.66,2026-09-01,11:42:00,N20,nominal,2.0NRT,305.26,2.75,D,VIIRS
47.1215,33.50179,367,0.5,0.66,2026-09-01,11:42:00,N20,high,2.0NRT,311.52,8.48,D,VIIRS
47.13033,35.5106,338.79,0.62,0.72,2026-09-01,11:42:00,N20,nominal,2.0NRT,303.45,29.51,D,VIIRS
47.13033,35.51905,367,0.62,0.72,2026-09-01,11:42:00,N20,high,2.0NRT,310.84,59.72,D,VIIRS
47.12365,35.52736,342.94,0.63,0.72,2026-09-01,11:42:00,N20,nominal,2.0NRT,305.21,71.69,D,VIIRS
47.075920000000004,32.69217,367,0.46,0.63,2026-09-01,11:42:00,N20,high,2.0NRT,311.8,16.55,D,VIIRS
47.07004,32.6924,349.38,0.46,0.63,2026-09-01,11:42:00,N20,nominal,2.0NRT,311.57,20.98,D,VIIRS
47.07017,32.69855,367,0.46,0.63,2026-09-01,11:42:00,N20,high,2.0NRT,314.67,20.98,D,VIIRS
47.0759,33.31614,355.71,0.49,0.65,2026-09-01,11:42:00,N20,nominal,2.0NRT,306.89,5.09,D,VIIRS
47.06163,35.88566,339.04,0.65,0.73,2026-09-01,11:42:00,N20,nominal,2.0NRT,307.03,6.82,D,VIIRS
47.03854,35.08061,330.61,0.6,0.7,2026-09-01,11:42:00,N20,low,2.0NRT,304.62,1.24,D,VIIRS
47.03201,35.08052,352.13,0.6,0.7,2026-09-01,11:42:00,N20,nominal,2.0NRT,307.7,8.21,D,VIIRS
47.06644,35.88731,336.23,0.65,0.73,2026-09-01,11:42:00,N20,low,2.0NRT,308.19,6.3,D,VIIRS
47.03299,35.08263,355.82,0.6,0.7,2026-09-01,11:42:00,N20,nominal,2.0NRT,307.25,10.41,D,VIIRS
46.98381,33.31531,339.85,0.49,0.65,2026-09-01,11:42:00,N20,nominal,2.0NRT,308.62,5.07,D,VIIRS
46.91818,35.83181,336.68,0.65,0.73,2026-09-01,11:42:00,N20,nominal,2.0NRT,304.72,5.25,D,VIIRS
46.90324,33.27372,367,0.49,0.65,2026-09-01,11:42:00,N20,high,2.0NRT,306.09,19.17,D,VIIRS
46.91618,35.83183,332.21,0.65,0.73,2026-09-01,11:42:00,N20,low,2.0NRT,303.59,3.22,D,VIIRS
46.8972,33.27388,367,0.49,0.65,2026-09-01,11:42:00,N20,high,2.0NRT,306.02,9.98,D,VIIRS
46.91684,35.575920000000004,367,0.63,0.72,2026-09-01,11:42:00,N20,high,2.0NRT,306.18,21.5,D,VIIRS
46.91017,35.57574,367,0.63,0.72,2026-09-01,11:42:00,N20,high,2.0NRT,307.63,21.5,D,VIIRS
46.9037,35.42531,367,0.62,0.71,2026-09-01,11:42:00,N20,high,2.0NRT,304.17,16.5,D,VIIRS
46.88992,36.6013,341,0.7,0.75,2026-09-01,11:42:00,N20,nominal,2.0NRT,303.86,4.67,D,VIIRS
46.88982,35.68538,367,0.63,0.72,2026-09-01,11:42:00,N20,high,2.0NRT,308.25,12.22,D,VIIRS
46.82444,34.57867,345.45,0.56,0.69,2026-09-01,11:42:00,N20,nominal,2.0NRT,304.55,5.67,D,VIIRS
46.82447,34.58622,338.36,0.56,0.69,2026-09-01,11:42:00,N20,nominal,2.0NRT,305.14,5.67,D,VIIRS
46.82452,34.60138,330.12,0.56,0.69,2026-09-01,11:42:00,N20,low,2.0NRT,304.57,6.21,D,VIIRS
46.82264,35.71003,340.26,0.64,0.72,2026-09-01,11:42:00,N20,nominal,2.0NRT,304.95,3.26,D,VIIRS
46.81809,34.59383,334.61,0.56,0.69,2026-09-01,11:42:00,N20,low,2.0NRT,304.93,6.21,D,VIIRS
46.81814,34.60906,347.81,0.56,0.69,2026-09-01,11:42:00,N20,nominal,2.0NRT,305.58,8.14,D,VIIRS
46.82934,34.57739,343.1,0.56,0.69,2026-09-01,11:42:00,N20,nominal,2.0NRT,304.52,6.24,D,VIIRS
46.8294,34.58494,340.44,0.56,0.69,2026-09-01,11:42:00,N20,nominal,2.0NRT,303.87,6.03,D,VIIRS
46.82306,34.59249,335.74,0.56,0.69,2026-09-01,11:42:00,N20,low,2.0NRT,305.89,5.51,D,VIIRS
46.82319,34.60769,330.09,0.56,0.69,2026-09-01,11:42:00,N20,low,2.0NRT,303.29,5.32,D,VIIRS
46.81453,34.34713,346.88,0.55,0.68,2026-09-01,11:42:00,N20,nominal,2.0NRT,303.36,5.14,D,VIIRS
46.81679,34.60772,338.61,0.56,0.69,2026-09-01,11:42:00,N20,nominal,2.0NRT,306.56,5.32,D,VIIRS
46.79181,33.21277,367,0.48,0.65,2026-09-01,11:42:00,N20,high,2.0NRT,310.58,12.99,D,VIIRS
46.71284,33.17004,367,0.48,0.65,2026-09-01,11:42:00,N20,high,2.0NRT,304.93,6.55,D,VIIRS
46.71099,33.17239,367,0.48,0.65,2026-09-01,11:42:00,N20,high,2.0NRT,305.11,8.41,D,VIIRS
46.68757,32.92033,344.19,0.47,0.64,2026-09-01,11:42:00,N20,nominal,2.0NRT,309.68,7.03,D,VIIRS
46.67202,33.02747,367,0.47,0.64,2026-09-01,11:42:00,N20,high,2.0NRT,302.61,7.61,D,VIIRS
46.66605,33.02772,353.73,0.47,0.64,2026-09-01,11:42:00,N20,nominal,2.0NRT,303.89,7.61,D,VIIRS
46.6347,34.31384,340.09,0.55,0.68,2026-09-01,11:42:00,N20,nominal,2.0NRT,303.95,5.86,D,VIIRS
46.61151,32.86434,330.95,0.46,0.64,2026-09-01,11:42:00,N20,nominal,2.0NRT,300.84,2.16,D,VIIRS
46.60528,32.85219,330.1,0.46,0.64,2026-09-01,11:42:00,N20,low,2.0NRT,302.6,2.94,D,VIIRS
46.63188,34.31643,345.93,0.55,0.68,2026-09-01,11:42:00,N20,nominal,2.0NRT,303.16,5.31,D,VIIRS
46.57684,32.90246,354.57,0.47,0.64,2026-09-01,11:42:00,N20,nominal,2.0NRT,304.24,7.71,D,VIIRS
46.56736,32.74932,339.7,0.46,0.63,2026-09-01,11:42:00,N20,nominal,2.0NRT,300.61,6.45,D,VIIRS
46.56751,32.75543,335.96,0.46,0.63,2026-09-01,11:42:00,N20,nominal,2.0NRT,297.02,4.43,D,VIIRS
46.53191,32.74458,337.93,0.46,0.63,2026-09-01,11:42:00,N20,nominal,2.0NRT,299.3,2.97,D,VIIRS
46.53298,32.79331,336.48,0.46,0.64,2026-09-01,11:42:00,N20,nominal,2.0NRT,299.76,3.92,D,VIIRS
46.55251,33.96129,344.26,0.52,0.67,2026-09-01,11:42:00,N20,nominal,2.0NRT,303.48,8.61,D,VIIRS
46.55259,33.96828,351.61,0.52,0.67,2026-09-01,11:42:00,N20,nominal,2.0NRT,300.9,10.45,D,VIIRS
46.5463,33.96137,342.38,0.52,0.67,2026-09-01,11:42:00,N20,nominal,2.0NRT,303.68,11.67,D,VIIRS
46.54637,33.96838,367,0.52,0.67,2026-09-01,11:42:00,N20,high,2.0NRT,301.27,14.93,D,VIIRS
46.52473,32.96651,353.18,0.47,0.64,2026-09-01,11:42:00,N20,nominal,2.0NRT,305.6,11.26,D,VIIRS
46.52877,33.18116,353.34,0.48,0.65,2026-09-01,11:42:00,N20,nominal,2.0NRT,307.19,7.8,D,VIIRS
46.52485,32.9727,367,0.47,0.64,2026-09-01,11:42:00,N20,high,2.0NRT,304.43,11.26,D,VIIRS
46.53549,34.12335,352.38,0.53,0.67,2026-09-01,11:42:00,N20,nominal,2.0NRT,300.83,6.8,D,VIIRS
46.48746,32.88114,356.04,0.46,0.64,2026-09-01,11:42:00,N20,nominal,2.0NRT,307.33,19.41,D,VIIRS
46.52688,33.18351,338.03,0.48,0.65,2026-09-01,11:42:00,N20,nominal,2.0NRT,304.44,5.33,D,VIIRS
46.53199,34.12507,353.46,0.53,0.67,2026-09-01,11:42:00,N20,nominal,2.0NRT,301.39,6.05,D,VIIRS
46.49003,32.88334,367,0.46,0.64,2026-09-01,11:42:00,N20,high,2.0NRT,303.55,10.52,D,VIIRS
46.48397,32.87741,331.36,0.46,0.64,2026-09-01,11:42:00,N20,nominal,2.0NRT,305.53,5.46,D,VIIRS
46.48411,32.883540000000004,367,0.46,0.64,2026-09-01,11:42:00,N20,high,2.0NRT,302.79,5.46,D,VIIRS
46.47599,32.79173,345.4,0.46,0.64,2026-09-01,11:42:00,N20,nominal,2.0NRT,306.57,4.2,D,VIIRS
46.4258,32.66019,330.81,0.45,0.63,2026-09-01,11:42:00,N20,low,2.0NRT,303.64,1.9,D,VIIRS
46.43789,33.61009,367,0.5,0.66,2026-09-01,11:42:00,N20,high,2.0NRT,301.14,52.52,D,VIIRS
46.41436,32.67278,367,0.45,0.63,2026-09-01,11:42:00,N20,high,2.0NRT,308.93,14.46,D,VIIRS
46.39135,32.43653,339.47,0.44,0.62,2026-09-01,11:42:00,N20,nominal,2.0NRT,302.07,1.81,D,VIIRS
46.4022,32.93542,350.34,0.47,0.64,2026-09-01,11:42:00,N20,nominal,2.0NRT,305.28,114.48,D,VIIRS
46.40184,32.91691,367,0.47,0.64,2026-09-01,11:42:00,N20,high,2.0NRT,301.09,46.65,D,VIIRS
46.40232,32.94161,367,0.47,0.64,2026-09-01,11:42:00,N20,high,2.0NRT,299.4,32.87,D,VIIRS
46.40722,33.60424,348.17,0.5,0.66,2026-09-01,11:42:00,N20,nominal,2.0NRT,303.84,10.4,D,VIIRS
46.40739,33.61759,352.72,0.5,0.66,2026-09-01,11:42:00,N20,nominal,2.0NRT,306.23,13.78,D,VIIRS
46.39639,32.94177,367,0.47,0.64,2026-09-01,11:42:00,N20,high,2.0NRT,304.5,32.87,D,VIIRS
46.40731,33.61091,367,0.5,0.66,2026-09-01,11:42:00,N20,high,2.0NRT,304.24,13.78,D,VIIRS
46.40749,33.62428,367,0.5,0.66,2026-09-01,11:42:00,N20,high,2.0NRT,302.39,15.59,D,VIIRS
46.4011,33.60442,338.11,0.5,0.66,2026-09-01,11:42:00,N20,nominal,2.0NRT,302.66,6.45,D,VIIRS
46.40119,33.61107,341.41,0.5,0.66,2026-09-01,11:42:00,N20,nominal,2.0NRT,303.32,5.62,D,VIIRS
46.40128,33.61775,340.97,0.5,0.66,2026-09-01,11:42:00,N20,nominal,2.0NRT,301.72,5.62,D,VIIRS
46.3913,32.43748,338.77,0.44,0.62,2026-09-01,11:42:00,N20,nominal,2.0NRT,301.28,3.42,D,VIIRS
46.40408,32.91129,353.06,0.47,0.64,2026-09-01,11:42:00,N20,nominal,2.0NRT,306.26,18.2,D,VIIRS
46.40423,32.91747,349.63,0.47,0.64,2026-09-01,11:42:00,N20,nominal,2.0NRT,299.7,18.2,D,VIIRS
46.39816,32.91145,348.08,0.47,0.64,2026-09-01,11:42:00,N20,nominal,2.0NRT,312.49,18.2,D,VIIRS
46.39831,32.9176,367,0.47,0.64,2026-09-01,11:42:00,N20,high,2.0NRT,300.09,18.2,D,VIIRS
46.39876,32.93605,367,0.47,0.64,2026-09-01,11:42:00,N20,high,2.0NRT,328.15,62.9,D,VIIRS
46.39891,32.94221,367,0.47,0.64,2026-09-01,11:42:00,N20,high,2.0NRT,302.89,62.9,D,VIIRS
46.39283,32.93621,346.2,0.47,0.64,2026-09-01,11:42:00,N20,nominal,2.0NRT,302.98,3.78,D,VIIRS
46.39297,32.94238,345.3,0.47,0.64,2026-09-01,11:42:00,N20,nominal,2.0NRT,300.01,3.78,D,VIIRS
46.40705,33.60414,347.98,0.5,0.66,2026-09-01,11:42:00,N20,nominal,2.0NRT,303.28,8.57,D,VIIRS
46.40729,33.61748,353.38,0.5,0.66,2026-09-01,11:42:00,N20,nominal,2.0NRT,305.5,10.96,D,VIIRS
46.40717,33.61081,367,0.5,0.66,2026-09-01,11:42:00,N20,high,2.0NRT,304.44,8.57,D,VIIRS
46.40741,33.62416,367,0.5,0.66,2026-09-01,11:42:00,N20,high,2.0NRT,302.09,10.96,D,VIIRS
46.40105,33.61094,342.94,0.5,0.66,2026-09-01,11:42:00,N20,nominal,2.0NRT,303.71,8.57,D,VIIRS
46.40117,33.61761,342.1,0.5,0.66,2026-09-01,11:42:00,N20,nominal,2.0NRT,302.26,10.96,D,VIIRS
46.35149,33.57216,340.84,0.5,0.66,2026-09-01,11:42:00,N20,nominal,2.0NRT,305.34,5.18,D,VIIRS
46.26918,32.42575,336.46,0.44,0.62,2026-09-01,11:42:00,N20,nominal,2.0NRT,308.04,3.49,D,VIIRS
46.26932,32.43155,340.09,0.44,0.62,2026-09-01,11:42:00,N20,nominal,2.0NRT,309.18,3.49,D,VIIRS
46.26945,32.43734,339.29,0.44,0.62,2026-09-01,11:42:00,N20,nominal,2.0NRT,305.04,3.41,D,VIIRS
46.26926,32.42849,340.89,0.44,0.62,2026-09-01,11:42:00,N20,nominal,2.0NRT,308.32,4.69,D,VIIRS
46.26943,32.43427,367,0.44,0.62,2026-09-01,11:42:00,N20,high,2.0NRT,309.12,6.69,D,VIIRS
46.26331,32.42295,338.94,0.44,0.62,2026-09-01,11:42:00,N20,nominal,2.0NRT,307.82,2.91,D,VIIRS
46.26347,32.42876,336.26,0.44,0.62,2026-09-01,11:42:00,N20,nominal,2.0NRT,309.39,2.91,D,VIIRS
46.26364,32.43456,340.03,0.44,0.62,2026-09-01,11:42:00,N20,nominal,2.0NRT,310.08,7.5,D,VIIRS
46.25752,32.42323,336.33,0.44,0.62,2026-09-01,11:42:00,N20,nominal,2.0NRT,306.1,2.91,D,VIIRS
46.25768,32.42902,336.72,0.44,0.62,2026-09-01,11:42:00,N20,low,2.0NRT,307.7,2.91,D,VIIRS
46.14117,32.86962,367,0.46,0.64,2026-09-01,11:42:00,N20,high,2.0NRT,308.1,8.35,D,VIIRS
45.95516,30.25506,338.54,0.34,0.56,2026-09-01,11:42:00,N20,nominal,2.0NRT,304.11,2.48,D,VIIRS
45.71504,29.38992,331.93,0.62,0.54,2026-09-01,11:42:00,N20,nominal,2.0NRT,293.85,8.97,D,VIIRS
45.87581,34.02385,331.48,0.52,0.67,2026-09-01,11:42:00,N20,low,2.0NRT,303.86,7.21,D,VIIRS
45.76022,34.58562,347.84,0.56,0.69,2026-09-01,11:42:00,N20,nominal,2.0NRT,304.69,7.65,D,VIIRS
47.55637,35.74475,333.85,0.64,0.72,2026-09-01,11:42:00,N20,nominal,2.0NRT,304.55,7.67,D,VIIRS
45.43037,34.62998,337.9,0.56,0.69,2026-09-01,11:42:00,N20,nominal,2.0NRT,304.05,6.08,D,VIIRS
45.43674,34.62983,334.59,0.56,0.69,2026-09-01,11:42:00,N20,nominal,2.0NRT,303.86,6.08,D,VIIRS
45.43666,34.62256,333.11,0.56,0.69,2026-09-01,11:42:00,N20,nominal,2.0NRT,303.1,7.55,D,VIIRS
45.40516,29.1697,335.44,0.6,0.53,2026-09-01,11:42:00,N20,nominal,2.0NRT,286.74,9.29,D,VIIRS
45.41053,29.17693,346.72,0.6,0.53,2026-09-01,11:42:00,N20,nominal,2.0NRT,290.06,13.15,D,VIIRS
45.41006,29.16917,353,0.6,0.53,2026-09-01,11:42:00,N20,nominal,2.0NRT,296.57,47.37,D,VIIRS
45.4096,29.16141,338.36,0.6,0.53,2026-09-01,11:42:00,N20,nominal,2.0NRT,299.87,47.37,D,VIIRS
45.41544,29.1764,330.43,0.6,0.53,2026-09-01,11:42:00,N20,nominal,2.0NRT,283.74,13.15,D,VIIRS
45.41498,29.16864,356.54,0.6,0.53,2026-09-01,11:42:00,N20,nominal,2.0NRT,286.25,47.37,D,VIIRS
45.40706,29.1683,367,0.6,0.53,2026-09-01,11:42:00,N20,high,2.0NRT,291.43,45.1,D,VIIRS
45.40664,29.16054,341.52,0.6,0.53,2026-09-01,11:42:00,N20,nominal,2.0NRT,299.02,15.77,D,VIIRS
45.4124,29.17553,350.63,0.6,0.53,2026-09-01,11:42:00,N20,nominal,2.0NRT,288.04,45.1,D,VIIRS
45.41198,29.16776,349.5,0.6,0.53,2026-09-01,11:42:00,N20,nominal,2.0NRT,296.16,45.1,D,VIIRS
45.41155,29.15999,339.49,0.6,0.53,2026-09-01,11:42:00,N20,nominal,2.0NRT,290.01,15.77,D,VIIRS
49.24944,37.02247,207.93,0.74,0.76,2026-09-01,11:42:00,N20,low,2.0NRT,314.76,170.14,D,VIIRS
49.24921,37.03291,367,0.74,0.76,2026-09-01,11:42:00,N20,high,2.0NRT,311.58,170.14,D,VIIRS
49.24898,37.04338,367,0.74,0.76,2026-09-01,11:42:00,N20,high,2.0NRT,296.3,71.85,D,VIIRS
49.24235,37.02188,340.79,0.74,0.76,2026-09-01,11:42:00,N20,nominal,2.0NRT,301.51,40.21,D,VIIRS
49.24212,37.03233,347.94,0.74,0.76,2026-09-01,11:42:00,N20,nominal,2.0NRT,316.04,40.21,D,VIIRS
49.24188,37.04274,367,0.74,0.76,2026-09-01,11:42:00,N20,high,2.0NRT,303.51,44.66,D,VIIRS
49.23502,37.03179,342.56,0.74,0.76,2026-09-01,11:42:00,N20,nominal,2.0NRT,305.1,40.21,D,VIIRS
49.23479,37.04211,346.12,0.74,0.76,2026-09-01,11:42:00,N20,nominal,2.0NRT,303.64,44.66,D,VIIRS
49.13191,37.05301,338.33,0.74,0.76,2026-09-01,11:42:00,N20,nominal,2.0NRT,300.01,5.4,D,VIIRS
48.91976,33.62242,329.52,0.52,0.67,2026-09-01,11:42:00,N20,nominal,2.0NRT,295.56,3.01,D,VIIRS
48.92095,33.6217,332.24,0.52,0.67,2026-09-01,11:42:00,N20,nominal,2.0NRT,295.02,3.2,D,VIIRS
48.59357,37.1828,331.63,0.75,0.77,2026-09-01,11:42:00,N20,nominal,2.0NRT,298.94,6.21,D,VIIRS
48.58985,35.81506,354.18,0.65,0.73,2026-09-01,11:42:00,N20,nominal,2.0NRT,293.8,7.7,D,VIIRS
48.58973,35.8241,337.82,0.65,0.73,2026-09-01,11:42:00,N20,nominal,2.0NRT,295.18,7.7,D,VIIRS
48.58297,35.82386,336.12,0.65,0.73,2026-09-01,11:42:00,N20,nominal,2.0NRT,295.14,7.7,D,VIIRS
48.58825,35.81948,346.27,0.65,0.73,2026-09-01,11:42:00,N20,nominal,2.0NRT,294.72,17.03,D,VIIRS
48.58818,35.82852,336.44,0.65,0.73,2026-09-01,11:42:00,N20,nominal,2.0NRT,296.69,12.18,D,VIIRS
48.52742,37.47034,332.79,0.77,0.78,2026-09-01,11:42:00,N20,nominal,2.0NRT,300.22,10.1,D,VIIRS
48.39729,37.69556,332.99,0.79,0.78,2026-09-01,11:42:00,N20,nominal,2.0NRT,298.67,3.19,D,VIIRS
48.38261,35.89021,342.63,0.66,0.73,2026-09-01,11:42:00,N20,nominal,2.0NRT,302.55,8.93,D,VIIRS
48.3825,35.89922,331.5,0.66,0.73,2026-09-01,11:42:00,N20,nominal,2.0NRT,300.11,7.26,D,VIIRS
48.35341,36.4583,344.34,0.7,0.75,2026-09-01,11:42:00,N20,nominal,2.0NRT,305.09,9.23,D,VIIRS
48.38809,35.89026,334.91,0.65,0.73,2026-09-01,11:42:00,N20,nominal,2.0NRT,300.72,6.78,D,VIIRS
48.38802,35.89923,344.25,0.66,0.73,2026-09-01,11:42:00,N20,nominal,2.0NRT,298.19,6.78,D,VIIRS
48.35466,36.45763,342.86,0.7,0.75,2026-09-01,11:42:00,N20,nominal,2.0NRT,304.55,7.73,D,VIIRS
48.22925,34.7855,340.46,0.58,0.7,2026-09-01,11:42:00,N20,nominal,2.0NRT,306.59,52.45,D,VIIRS
48.22925,34.79325,367,0.58,0.7,2026-09-01,11:42:00,N20,high,2.0NRT,309.22,52.45,D,VIIRS
48.18674,37.31683,332.52,0.76,0.77,2026-09-01,11:42:00,N20,nominal,2.0NRT,301.38,5.13,D,VIIRS
48.16824,36.84706,330.41,0.72,0.76,2026-09-01,11:42:00,N20,low,2.0NRT,300.71,8.47,D,VIIRS
48.18099,33.69847,334.52,0.52,0.67,2026-09-01,11:42:00,N20,nominal,2.0NRT,301.06,6.63,D,VIIRS
48.14548,36.56966,335.41,0.7,0.75,2026-09-01,11:42:00,N20,nominal,2.0NRT,298.48,5.19,D,VIIRS
48.19176,37.31606,332.71,0.76,0.77,2026-09-01,11:42:00,N20,nominal,2.0NRT,300.21,6.42,D,VIIRS
48.18244,33.70007,332.09,0.52,0.67,2026-09-01,11:42:00,N20,nominal,2.0NRT,300.83,2.59,D,VIIRS
48.17116,36.84623,332.88,0.72,0.76,2026-09-01,11:42:00,N20,nominal,2.0NRT,301.68,5.48,D,VIIRS
48.09198,37.59901,336.49,0.78,0.78,2026-09-01,11:42:00,N20,nominal,2.0NRT,301.81,4.02,D,VIIRS
48.10175,36.34361,336,0.69,0.74,2026-09-01,11:42:00,N20,nominal,2.0NRT,299.35,5.79,D,VIIRS
48.07865,35.26637,332.05,0.61,0.71,2026-09-01,11:42:00,N20,low,2.0NRT,306.33,6.53,D,VIIRS
48.10211,36.34524,338.28,0.69,0.74,2026-09-01,11:42:00,N20,nominal,2.0NRT,298.69,7.54,D,VIIRS
48.08086,35.26846,332.35,0.61,0.71,2026-09-01,11:42:00,N20,low,2.0NRT,305.96,5.86,D,VIIRS
48.021,36.20392,337.82,0.68,0.74,2026-09-01,11:42:00,N20,nominal,2.0NRT,302.05,4.26,D,VIIRS
47.94705,36.91377,331.53,0.73,0.76,2026-09-01,11:42:00,N20,low,2.0NRT,303.16,2.43,D,VIIRS
47.93447,35.91711,345.78,0.66,0.73,2026-09-01,11:42:00,N20,nominal,2.0NRT,300.29,12.09,D,VIIRS
47.87237,33.84251,332,0.52,0.67,2026-09-01,11:42:00,N20,low,2.0NRT,304.76,5.11,D,VIIRS
47.79685,33.74424,367,0.52,0.67,2026-09-01,11:42:00,N20,high,2.0NRT,305.43,8.24,D,VIIRS
47.71502,35.8527,350.65,0.65,0.73,2026-09-01,11:42:00,N20,nominal,2.0NRT,301.46,6.37,D,VIIRS
47.70981,36.38202,341.1,0.69,0.74,2026-09-01,11:42:00,N20,nominal,2.0NRT,302.08,4.7,D,VIIRS
47.71158,35.17169,353.92,0.6,0.71,2026-09-01,11:42:00,N20,nominal,2.0NRT,302.73,11.56,D,VIIRS
47.7048,35.25223,354.14,0.61,0.71,2026-09-01,11:42:00,N20,nominal,2.0NRT,301.63,11.39,D,VIIRS
47.68411,36.72569,340.45,0.71,0.75,2026-09-01,11:42:00,N20,nominal,2.0NRT,301.07,13.05,D,VIIRS
47.69094,35.41309,337.64,0.62,0.71,2026-09-01,11:42:00,N20,nominal,2.0NRT,301.07,3,D,VIIRS
47.6771,36.72536,330.41,0.71,0.75,2026-09-01,11:42:00,N20,low,2.0NRT,302.17,7.59,D,VIIRS
47.65489,37.16338,351.61,0.75,0.77,2026-09-01,11:42:00,N20,nominal,2.0NRT,303.08,10.05,D,VIIRS
47.67272,34.94086,337.56,0.59,0.7,2026-09-01,11:42:00,N20,nominal,2.0NRT,307.06,8.43,D,VIIRS
47.67107,35.403,367,0.62,0.71,2026-09-01,11:42:00,N20,high,2.0NRT,304.46,15.82,D,VIIRS
47.68605,36.73191,343.84,0.71,0.75,2026-09-01,11:42:00,N20,nominal,2.0NRT,296.53,9.06,D,VIIRS
47.67916,36.72179,343.95,0.71,0.75,2026-09-01,11:42:00,N20,nominal,2.0NRT,302.36,9.06,D,VIIRS
47.67326,34.93922,345.43,0.59,0.7,2026-09-01,11:42:00,N20,nominal,2.0NRT,307.3,7.18,D,VIIRS
47.67321,35.68454,350.39,0.64,0.72,2026-09-01,11:42:00,N20,nominal,2.0NRT,302.97,7.8,D,VIIRS
47.67379,35.40112,367,0.62,0.71,2026-09-01,11:42:00,N20,high,2.0NRT,303.9,14.76,D,VIIRS
47.65185,37.15868,330.11,0.75,0.77,2026-09-01,11:42:00,N20,low,2.0NRT,303.55,5.51,D,VIIRS
47.65168,37.16896,337.83,0.75,0.77,2026-09-01,11:42:00,N20,nominal,2.0NRT,302.05,5.51,D,VIIRS
47.62683,35.5519,332.5,0.63,0.72,2026-09-01,11:42:00,N20,nominal,2.0NRT,302.43,3.31,D,VIIRS
47.61475,36.81622,367,0.72,0.76,2026-09-01,11:42:00,N20,high,2.0NRT,303.6,45.09,D,VIIRS
47.60773,36.81578,351.51,0.72,0.76,2026-09-01,11:42:00,N20,nominal,2.0NRT,312.02,45.09,D,VIIRS
50.05247,33.13662,348.4,0.5,0.66,2026-09-01,11:45:00,N20,nominal,2.0NRT,293.62,6.34,D,VIIRS
50.01823,37.63407,334.83,0.79,0.78,2026-09-01,11:45:00,N20,nominal,2.0NRT,294.91,5.38,D,VIIRS
50.03701,36.45225,331.98,0.7,0.75,2026-09-01,11:45:00,N20,nominal,2.0NRT,294.16,14.09,D,VIIRS
50.03683,36.46222,367,0.7,0.75,2026-09-01,11:45:00,N20,high,2.0NRT,292.96,18.64,D,VIIRS
50.03005,36.45228,353.67,0.7,0.75,2026-09-01,11:45:00,N20,nominal,2.0NRT,299.4,18.1,D,VIIRS
50.02988,36.46229,367,0.7,0.75,2026-09-01,11:45:00,N20,high,2.0NRT,293.74,24.84,D,VIIRS
50.0231,36.45228,330.71,0.7,0.75,2026-09-01,11:45:00,N20,nominal,2.0NRT,294.46,18.1,D,VIIRS
49.94954,37.49477,352.85,0.78,0.78,2026-09-01,11:45:00,N20,nominal,2.0NRT,296.38,11.97,D,VIIRS
49.86546,37.63456,338.32,0.79,0.78,2026-09-01,11:45:00,N20,nominal,2.0NRT,296.23,6.58,D,VIIRS
49.8644,37.63983,333.11,0.79,0.78,2026-09-01,11:45:00,N20,nominal,2.0NRT,296.09,7.72,D,VIIRS
49.84235,37.64742,337.36,0.79,0.78,2026-09-01,11:45:00,N20,nominal,2.0NRT,298.2,11.19,D,VIIRS
49.84305,37.36712,367,0.77,0.77,2026-09-01,11:45:00,N20,high,2.0NRT,298.4,28.13,D,VIIRS
49.81602,37.55497,347.17,0.78,0.78,2026-09-01,11:45:00,N20,nominal,2.0NRT,298,8.51,D,VIIRS
49.81567,37.56675,332.29,0.78,0.78,2026-09-01,11:45:00,N20,nominal,2.0NRT,296.39,8.51,D,VIIRS
49.79864,37.4086,341.21,0.77,0.77,2026-09-01,11:45:00,N20,nominal,2.0NRT,295.64,7.19,D,VIIRS
49.79178,37.39668,331.43,0.77,0.77,2026-09-01,11:45:00,N20,nominal,2.0NRT,295.33,5.51,D,VIIRS
49.79146,37.40757,334.65,0.77,0.77,2026-09-01,11:45:00,N20,nominal,2.0NRT,294.86,5.51,D,VIIRS
49.77552,37.68866,334.21,0.79,0.78,2026-09-01,11:45:00,N20,nominal,2.0NRT,299.52,11.81,D,VIIRS
49.76862,37.6768,333.91,0.79,0.78,2026-09-01,11:45:00,N20,nominal,2.0NRT,299.01,5.95,D,VIIRS
49.76134,37.67638,335.1,0.79,0.78,2026-09-01,11:45:00,N20,nominal,2.0NRT,298.32,5.95,D,VIIRS
49.81512,37.55286,327.4,0.78,0.78,2026-09-01,11:45:00,N20,nominal,2.0NRT,296.42,10.21,D,VIIRS
49.81481,37.56473,353.78,0.78,0.78,2026-09-01,11:45:00,N20,nominal,2.0NRT,297.95,14.86,D,VIIRS
49.81123,37.70119,332.44,0.79,0.78,2026-09-01,11:45:00,N20,nominal,2.0NRT,297.15,5.07,D,VIIRS
49.79714,37.40646,331.96,0.77,0.77,2026-09-01,11:45:00,N20,nominal,2.0NRT,295.85,5.91,D,VIIRS
49.79687,37.41711,330.62,0.77,0.77,2026-09-01,11:45:00,N20,nominal,2.0NRT,295.13,5.91,D,VIIRS
49.78996,37.40537,336.44,0.77,0.77,2026-09-01,11:45:00,N20,nominal,2.0NRT,293.89,6.69,D,VIIRS
49.78216,37.69813,340.08,0.79,0.78,2026-09-01,11:45:00,N20,nominal,2.0NRT,298.25,10.13,D,VIIRS
49.76825,37.67436,327.23,0.79,0.78,2026-09-01,11:45:00,N20,low,2.0NRT,298.5,7.21,D,VIIRS
49.760980000000004,37.67389,338.43,0.79,0.78,2026-09-01,11:45:00,N20,nominal,2.0NRT,298.03,7.21,D,VIIRS
49.75724,37.54819,340.87,0.78,0.78,2026-09-01,11:45:00,N20,nominal,2.0NRT,298.81,17.71,D,VIIRS
49.75696,37.55859,367,0.78,0.78,2026-09-01,11:45:00,N20,high,2.0NRT,296.9,25.63,D,VIIRS
49.70234,37.44327,326.61,0.77,0.78,2026-09-01,11:45:00,N20,nominal,2.0NRT,293.58,3.35,D,VIIRS
49.5747,37.54996,367,0.78,0.78,2026-09-01,11:45:00,N20,high,2.0NRT,301.08,20.63,D,VIIRS
49.57362,37.55315,367,0.78,0.78,2026-09-01,11:45:00,N20,high,2.0NRT,301.45,20.47,D,VIIRS
49.4595,37.72434,341.5,0.8,0.78,2026-09-01,11:45:00,N20,nominal,2.0NRT,296.41,17.71,D,VIIRS
49.45911,37.71888,352.3,0.79,0.78,2026-09-01,11:45:00,N20,nominal,2.0NRT,299.88,15.59,D,VIIRS
51.7817,34.30668,355.17,0.57,0.69,2026-09-01,11:45:00,N20,nominal,2.0NRT,289.94,13.28,D,VIIRS
51.77533,34.29784,326.75,0.57,0.69,2026-09-01,11:45:00,N20,nominal,2.0NRT,290.41,11.21,D,VIIRS
50.67305,35.36366,346.11,0.63,0.72,2026-09-01,11:45:00,N20,nominal,2.0NRT,288.62,9.61,D,VIIRS
50.67669,35.35922,336.7,0.63,0.72,2026-09-01,11:45:00,N20,nominal,2.0NRT,287.65,12.79,D,VIIRS
50.39753,37.26328,352.58,0.76,0.77,2026-09-01,11:45:00,N20,nominal,2.0NRT,295.86,11.33,D,VIIRS
50.3972,37.27425,328.8,0.76,0.77,2026-09-01,11:45:00,N20,nominal,2.0NRT,295.15,11.33,D,VIIRS
50.39653,37.29614,334.91,0.76,0.77,2026-09-01,11:45:00,N20,nominal,2.0NRT,293.54,13.95,D,VIIRS
50.39037,37.26305,341.3,0.76,0.77,2026-09-01,11:45:00,N20,nominal,2.0NRT,295.35,11.33,D,VIIRS
50.40231,37.27306,340.53,0.76,0.77,2026-09-01,11:45:00,N20,nominal,2.0NRT,293.37,12.77,D,VIIRS
50.40174,37.294670000000004,337.05,0.76,0.77,2026-09-01,11:45:00,N20,nominal,2.0NRT,293.79,6.12,D,VIIRS
50.39545,37.26114,326.33,0.76,0.77,2026-09-01,11:45:00,N20,nominal,2.0NRT,294.4,13.81,D,VIIRS
50.39515,37.27216,344.6,0.76,0.77,2026-09-01,11:45:00,N20,nominal,2.0NRT,295.42,11.45,D,VIIRS
50.39457,37.2942,338.09,0.76,0.77,2026-09-01,11:45:00,N20,nominal,2.0NRT,294.03,8.1,D,VIIRS
50.38798,37.27226,337.3,0.76,0.77,2026-09-01,11:45:00,N20,nominal,2.0NRT,293.65,11.45,D,VIIRS
50.30026,37.08284,326.5,0.75,0.77,2026-09-01,11:45:00,N20,nominal,2.0NRT,293.12,2.31,D,VIIRS
50.2965,36.80869,332.69,0.72,0.76,2026-09-01,11:45:00,N20,nominal,2.0NRT,292.77,4.45,D,VIIRS
50.263420000000004,37.53392,342.78,0.78,0.78,2026-09-01,11:45:00,N20,nominal,2.0NRT,295.05,7.39,D,VIIRS
50.26858,37.08479,326.81,0.75,0.77,2026-09-01,11:45:00,N20,nominal,2.0NRT,293.44,8.94,D,VIIRS
50.26831,37.09532,339.95,0.75,0.77,2026-09-01,11:45:00,N20,nominal,2.0NRT,293.67,17.9,D,VIIRS
50.26777,37.11639,334.56,0.75,0.77,2026-09-01,11:45:00,N20,nominal,2.0NRT,294.78,23.47,D,VIIRS
50.26804,37.10579,367,0.75,0.77,2026-09-01,11:45:00,N20,high,2.0NRT,297.36,17.9,D,VIIRS
50.26176,37.07293,330.97,0.74,0.76,2026-09-01,11:45:00,N20,nominal,2.0NRT,295.32,8.94,D,VIIRS
50.26147,37.08402,343,0.75,0.77,2026-09-01,11:45:00,N20,nominal,2.0NRT,294.72,8.94,D,VIIRS
50.2612,37.0945,338.94,0.75,0.77,2026-09-01,11:45:00,N20,nominal,2.0NRT,297.24,17.9,D,VIIRS
50.26093,37.10492,367,0.75,0.77,2026-09-01,11:45:00,N20,high,2.0NRT,297.12,17.9,D,VIIRS
50.25409,37.09389,339.32,0.75,0.77,2026-09-01,11:45:00,N20,nominal,2.0NRT,296.78,11.42,D,VIIRS
50.2467,37.1037,348.08,0.75,0.77,2026-09-01,11:45:00,N20,nominal,2.0NRT,299.39,11.42,D,VIIRS
50.24642,37.11399,326.45,0.75,0.77,2026-09-01,11:45:00,N20,nominal,2.0NRT,293.83,9.66,D,VIIRS
50.25708,36.36731,325.74,0.69,0.74,2026-09-01,11:45:00,N20,nominal,2.0NRT,292.14,7.25,D,VIIRS
50.19257,37.48254,329.87,0.78,0.78,2026-09-01,11:45:00,N20,nominal,2.0NRT,295.91,7.44,D,VIIRS
50.20942,36.62688,333.93,0.71,0.75,2026-09-01,11:45:00,N20,nominal,2.0NRT,294.69,12.4,D,VIIRS
50.18128,37.38194,330.81,0.77,0.77,2026-09-01,11:45:00,N20,nominal,2.0NRT,296.09,4.85,D,VIIRS
50.25105,37.10233,330.78,0.75,0.77,2026-09-01,11:45:00,N20,nominal,2.0NRT,298.07,8.99,D,VIIRS
50.25082,37.11269,345.89,0.75,0.77,2026-09-01,11:45:00,N20,nominal,2.0NRT,293.42,8.99,D,VIIRS
50.19109,37.49109,341.59,0.78,0.78,2026-09-01,11:45:00,N20,nominal,2.0NRT,294.72,6.73,D,VIIRS
50.14682,37.26766,328.18,0.76,0.77,2026-09-01,11:45:00,N20,nominal,2.0NRT,294.68,4.21,D,VIIRS
50.13751,37.5895,338.23,0.78,0.78,2026-09-01,11:45:00,N20,nominal,2.0NRT,298.27,7.82,D,VIIRS
50.14787,36.66289,345.91,0.71,0.75,2026-09-01,11:45:00,N20,nominal,2.0NRT,293.5,12.82,D,VIIRS
50.140860000000004,36.66278,347.66,0.71,0.75,2026-09-01,11:45:00,N20,nominal,2.0NRT,297.38,12.82,D,VIIRS
50.11504,37.61116,342.5,0.79,0.78,2026-09-01,11:45:00,N20,nominal,2.0NRT,296.26,9.93,D,VIIRS
50.14062,36.67295,367,0.71,0.75,2026-09-01,11:45:00,N20,high,2.0NRT,296.17,26.04,D,VIIRS
50.11235,37.4633,326.3,0.77,0.78,2026-09-01,11:45:00,N20,nominal,2.0NRT,295.6,4.86,D,VIIRS
50.0678,37.71955,333.55,0.8,0.78,2026-09-01,11:45:00,N20,nominal,2.0NRT,294.55,11.05,D,VIIRS
50.13642,37.58976,338.76,0.78,0.78,2026-09-01,11:45:00,N20,nominal,2.0NRT,298.27,8.38,D,VIIRS
50.143,36.66361,367,0.71,0.75,2026-09-01,11:45:00,N20,high,2.0NRT,298.95,18.27,D,VIIRS
50.14281,36.67391,367,0.71,0.75,2026-09-01,11:45:00,N20,high,2.0NRT,294.64,18.27,D,VIIRS
50.11406,37.61124,343.61,0.79,0.78,2026-09-01,11:45:00,N20,nominal,2.0NRT,296.48,10.29,D,VIIRS
50.11076,37.46354,330.88,0.77,0.78,2026-09-01,11:45:00,N20,nominal,2.0NRT,296,5.62,D,VIIRS
50.07456,37.72024,340.52,0.79,0.78,2026-09-01,11:45:00,N20,nominal,2.0NRT,295.37,5.54,D,VIIRS
50.03552,36.45283,354.68,0.7,0.75,2026-09-01,11:45:00,N20,nominal,2.0NRT,296.1,17.49,D,VIIRS
50.03531,36.46281,354.17,0.7,0.75,2026-09-01,11:45:00,N20,nominal,2.0NRT,292.57,17.49,D,VIIRS
50.05279,33.13486,352.83,0.5,0.66,2026-09-01,11:45:00,N20,nominal,2.0NRT,294.58,12.14,D,VIIRS
50.02879,36.44278,332.5,0.7,0.75,2026-09-01,11:45:00,N20,nominal,2.0NRT,296.73,17.62,D,VIIRS
50.02857,36.45292,355.45,0.7,0.75,2026-09-01,11:45:00,N20,nominal,2.0NRT,299.51,17.49,D,VIIRS
50.02835,36.46294,329.43,0.7,0.75,2026-09-01,11:45:00,N20,nominal,2.0NRT,293.81,17.49,D,VIIRS
50.05856,33.13662,339.02,0.5,0.66,2026-09-01,11:45:00,N20,nominal,2.0NRT,294.77,4.94,D,VIIRS
48.80727,38.77556,304.83,0.73,0.76,2026-09-01,22:16:00,N20,nominal,2.0NRT,280.75,2.75,N,VIIRS
48.80429,38.77785,300.09,0.73,0.76,2026-09-01,22:16:00,N20,nominal,2.0NRT,280.09,2.07,N,VIIRS
48.97919,38.17622,306.59,0.77,0.78,2026-09-01,22:16:00,N20,nominal,2.0NRT,280.13,1.49,N,VIIRS
48.97894,38.16538,297.69,0.77,0.78,2026-09-01,22:16:00,N20,nominal,2.0NRT,278.69,1.49,N,VIIRS
48.98642,38.17603,296.73,0.77,0.78,2026-09-01,22:16:00,N20,nominal,2.0NRT,280.13,1.49,N,VIIRS
48.98616,38.16517,301.35,0.77,0.78,2026-09-01,22:16:00,N20,nominal,2.0NRT,279.78,1.49,N,VIIRS
49.01286,38.06625,295.86,0.78,0.78,2026-09-01,22:16:00,N20,nominal,2.0NRT,281.16,1.18,N,VIIRS
48.98055,38.17257,319.12,0.77,0.78,2026-09-01,22:16:00,N20,nominal,2.0NRT,281.69,5.46,N,VIIRS
49.76444,38.77719,297,0.73,0.76,2026-09-01,22:16:00,N20,nominal,2.0NRT,279.07,0.53,N,VIIRS
47.12261,38.056,296.39,0.78,0.78,2026-09-01,22:16:00,N20,nominal,2.0NRT,283.69,0.96,N,VIIRS
47.30896,37.9022,298.04,0.79,0.78,2026-09-01,22:16:00,N20,nominal,2.0NRT,284.19,1.11,N,VIIRS
47.60184,38.21393,300.2,0.77,0.77,2026-09-01,22:16:00,N20,nominal,2.0NRT,281.27,1.32,N,VIIRS
48.41765,38.82343,301.44,0.72,0.76,2026-09-01,22:16:00,N20,nominal,2.0NRT,279.17,2.27,N,VIIRS
48.42206,38.82267,299.78,0.72,0.76,2026-09-01,22:16:00,N20,nominal,2.0NRT,282.02,1.35,N,VIIRS
47.425,34.53453,305.27,0.39,0.36,2026-09-01,23:56:00,N20,nominal,2.0NRT,287.24,1.31,N,VIIRS
47.42825,34.5358,319.74,0.39,0.36,2026-09-01,23:56:00,N20,nominal,2.0NRT,283.83,1.38,N,VIIRS
47.42913,34.53072,341.3,0.39,0.36,2026-09-01,23:56:00,N20,nominal,2.0NRT,287.18,7.37,N,VIIRS
47.43977,34.73051,296,0.39,0.37,2026-09-01,23:56:00,N20,nominal,2.0NRT,283.13,0.71,N,VIIRS
47.44305,34.73175,295.82,0.39,0.37,2026-09-01,23:56:00,N20,nominal,2.0NRT,283.52,0.49,N,VIIRS
47.55096,34.40416,313.67,0.39,0.36,2026-09-01,23:56:00,N20,nominal,2.0NRT,286.04,1.18,N,VIIRS
47.36459,35.47716,296.18,0.41,0.37,2026-09-01,23:56:00,N20,nominal,2.0NRT,281.2,1.17,N,VIIRS
47.36554,35.47192,328.13,0.41,0.37,2026-09-01,23:56:00,N20,nominal,2.0NRT,279.9,1.56,N,VIIRS
47.36886,35.47322,308.58,0.41,0.37,2026-09-01,23:56:00,N20,nominal,2.0NRT,280.07,1.56,N,VIIRS
47.13235,33.432,295.77,0.39,0.36,2026-09-01,23:56:00,N20,nominal,2.0NRT,284.28,0.71,N,VIIRS
47.1299,33.44697,322.23,0.39,0.36,2026-09-01,23:56:00,N20,nominal,2.0NRT,291.2,6.33,N,VIIRS
47.13072,33.44197,342.85,0.39,0.36,2026-09-01,23:56:00,N20,nominal,2.0NRT,288.32,6.33,N,VIIRS
47.13398,33.44312,317.47,0.39,0.36,2026-09-01,23:56:00,N20,nominal,2.0NRT,285.13,6.33,N,VIIRS
47.12823,33.49917,297.29,0.39,0.36,2026-09-01,23:56:00,N20,nominal,2.0NRT,286.47,2.3,N,VIIRS
47.13723,33.44426,309.91,0.39,0.36,2026-09-01,23:56:00,N20,nominal,2.0NRT,285.62,1.13,N,VIIRS
47.12906,33.49418,339.81,0.39,0.36,2026-09-01,23:56:00,N20,nominal,2.0NRT,287.34,2.3,N,VIIRS
46.67769,36.07759,303.33,0.43,0.38,2026-09-01,23:56:00,N20,nominal,2.0NRT,282.45,0.71,N,VIIRS
46.68851,36.05864,300.54,0.43,0.38,2026-09-01,23:56:00,N20,nominal,2.0NRT,282.18,0.38,N,VIIRS
46.69027,36.05976,298.68,0.42,0.38,2026-09-01,23:56:00,N20,nominal,2.0NRT,282.41,0.62,N,VIIRS
46.6913,36.05436,300.56,0.42,0.38,2026-09-01,23:56:00,N20,nominal,2.0NRT,281.96,0.62,N,VIIRS
46.69496,36.07327,296.09,0.43,0.38,2026-09-01,23:56:00,N20,nominal,2.0NRT,282.19,0.51,N,VIIRS
47.16042,33.49032,308.32,0.39,0.36,2026-09-01,23:56:00,N20,nominal,2.0NRT,284.79,0.86,N,VIIRS
46.77357,33.72856,308.05,0.39,0.36,2026-09-01,23:56:00,N20,nominal,2.0NRT,282.86,2.31,N,VIIRS
46.77683,33.72971,336.84,0.39,0.36,2026-09-01,23:56:00,N20,nominal,2.0NRT,285.76,2.31,N,VIIRS
46.76466,34.00603,345.64,0.39,0.36,2026-09-01,23:56:00,N20,nominal,2.0NRT,286.77,6.63,N,VIIRS
46.76551,34.00102,329.24,0.39,0.36,2026-09-01,23:56:00,N20,nominal,2.0NRT,283.66,4.05,N,VIIRS
46.76878,34.0022,337.19,0.39,0.36,2026-09-01,23:56:00,N20,nominal,2.0NRT,285.24,3.2,N,VIIRS
46.83827,33.65132,295.84,0.39,0.36,2026-09-01,23:56:00,N20,nominal,2.0NRT,283.93,0.35,N,VIIRS
46.82218,33.80926,311.74,0.39,0.36,2026-09-01,23:56:00,N20,nominal,2.0NRT,283.47,0.61,N,VIIRS
46.82544,33.81043,301.16,0.39,0.36,2026-09-01,23:56:00,N20,nominal,2.0NRT,284.36,0.61,N,VIIRS
46.81525,34.57296,317.75,0.4,0.37,2026-09-01,23:56:00,N20,nominal,2.0NRT,282.11,1.66,N,VIIRS
46.81614,34.56788,312.31,0.4,0.37,2026-09-01,23:56:00,N20,nominal,2.0NRT,281.5,1.66,N,VIIRS
46.81703,34.5628,313.87,0.4,0.37,2026-09-01,23:56:00,N20,nominal,2.0NRT,281.3,1.42,N,VIIRS
46.86246,34.4824,300.21,0.39,0.37,2026-09-01,23:56:00,N20,nominal,2.0NRT,281.06,0.59,N,VIIRS
47.15653,33.15593,311.46,0.38,0.36,2026-09-01,23:56:00,N20,nominal,2.0NRT,285.38,0.92,N,VIIRS
46.70294,35.88497,301.43,0.42,0.38,2026-09-01,23:56:00,N20,nominal,2.0NRT,282.58,1.06,N,VIIRS
47.20195,33.44683,297.25,0.39,0.36,2026-09-01,23:56:00,N20,nominal,2.0NRT,283.83,0.35,N,VIIRS
47.20684,33.43799,297.12,0.39,0.36,2026-09-01,23:56:00,N20,nominal,2.0NRT,283.7,0.47,N,VIIRS
47.10786,34.13527,308.19,0.39,0.36,2026-09-01,23:56:00,N20,nominal,2.0NRT,283.96,1.01,N,VIIRS
47.12321,34.0447,304.29,0.39,0.36,2026-09-01,23:56:00,N20,nominal,2.0NRT,285.28,2.65,N,VIIRS
47.12576,34.02963,318.63,0.39,0.36,2026-09-01,23:56:00,N20,nominal,2.0NRT,283.21,1.81,N,VIIRS
47.12406,34.03968,341.26,0.39,0.36,2026-09-01,23:56:00,N20,nominal,2.0NRT,286.64,2.65,N,VIIRS
47.12491,34.03466,324.46,0.39,0.36,2026-09-01,23:56:00,N20,nominal,2.0NRT,284.44,1.81,N,VIIRS
47.11027,34.1415,304.09,0.39,0.36,2026-09-01,23:56:00,N20,nominal,2.0NRT,284.75,0.89,N,VIIRS
47.12902,34.03081,317.01,0.39,0.36,2026-09-01,23:56:00,N20,nominal,2.0NRT,284.3,2.62,N,VIIRS
47.11112,34.13646,323.29,0.39,0.36,2026-09-01,23:56:00,N20,nominal,2.0NRT,284.93,1.78,N,VIIRS
47.12817,34.03584,335.68,0.39,0.36,2026-09-01,23:56:00,N20,nominal,2.0NRT,286.5,2.62,N,VIIRS
47.87377,33.41329,302.13,0.38,0.36,2026-09-01,23:56:00,N20,nominal,2.0NRT,287.23,1.57,N,VIIRS
47.87133,33.4498,298.8,0.38,0.36,2026-09-01,23:56:00,N20,nominal,2.0NRT,283.43,1.16,N,VIIRS
47.87296,33.4397,311.59,0.38,0.36,2026-09-01,23:56:00,N20,nominal,2.0NRT,287.5,2.02,N,VIIRS
48.97416,24.70777,302.15,0.44,0.46,2026-09-01,23:56:00,N20,nominal,2.0NRT,285.44,1.21,N,VIIRS
48.97844,24.70854,305.32,0.44,0.46,2026-09-01,23:56:00,N20,nominal,2.0NRT,287.44,1.21,N,VIIRS
47.33973,36.91801,301.14,0.44,0.38,2026-09-01,23:56:00,N20,nominal,2.0NRT,276.88,0.78,N,VIIRS
47.34205,36.92506,295.73,0.44,0.38,2026-09-01,23:56:00,N20,nominal,2.0NRT,276.99,0.49,N,VIIRS
47.34315,36.91943,297.39,0.44,0.38,2026-09-01,23:56:00,N20,nominal,2.0NRT,276.19,0.49,N,VIIRS
47.12129,38.06006,310.63,0.48,0.4,2026-09-01,23:56:00,N20,nominal,2.0NRT,284.93,1.31,N,VIIRS
47.20811,37.89952,299.88,0.47,0.4,2026-09-01,23:56:00,N20,nominal,2.0NRT,281.94,0.83,N,VIIRS
47.25808,37.7329,296.06,0.47,0.39,2026-09-01,23:56:00,N20,nominal,2.0NRT,277.33,0.67,N,VIIRS
47.25928,37.72698,297.23,0.47,0.39,2026-09-01,23:56:00,N20,nominal,2.0NRT,276.69,0.61,N,VIIRS
47.26158,37.73439,337.03,0.47,0.39,2026-09-01,23:56:00,N20,nominal,2.0NRT,282.82,4.37,N,VIIRS
47.26509,37.73588,319.85,0.47,0.39,2026-09-01,23:56:00,N20,nominal,2.0NRT,280.67,4.37,N,VIIRS
47.2686,37.73737,300.66,0.47,0.39,2026-09-01,23:56:00,N20,nominal,2.0NRT,279.21,0.91,N,VIIRS
47.69084,35.58836,296.26,0.41,0.37,2026-09-01,23:56:00,N20,nominal,2.0NRT,281.04,0.4,N,VIIRS
47.44824,37.00788,321.23,0.44,0.38,2026-09-01,23:56:00,N20,nominal,2.0NRT,281.76,2.09,N,VIIRS
47.46763,37.02237,314.4,0.44,0.38,2026-09-01,23:56:00,N20,nominal,2.0NRT,280.41,1.87,N,VIIRS
47.27428,38.02824,296.22,0.48,0.4,2026-09-01,23:56:00,N20,nominal,2.0NRT,283.62,0.53,N,VIIRS
47.47887,37.00268,311.98,0.44,0.38,2026-09-01,23:56:00,N20,nominal,2.0NRT,277.6,1.72,N,VIIRS
47.2778,38.02988,295.94,0.48,0.4,2026-09-01,23:56:00,N20,nominal,2.0NRT,282.69,0.36,N,VIIRS
47.48229,37.00408,307.56,0.44,0.38,2026-09-01,23:56:00,N20,nominal,2.0NRT,279.77,1.46,N,VIIRS
47.48119,37.00978,327.34,0.44,0.38,2026-09-01,23:56:00,N20,nominal,2.0NRT,279.69,2.57,N,VIIRS
47.30602,37.91026,300.57,0.47,0.4,2026-09-01,23:56:00,N20,nominal,2.0NRT,278.01,0.81,N,VIIRS
47.30724,37.90423,314.61,0.47,0.4,2026-09-01,23:56:00,N20,nominal,2.0NRT,278.88,1.23,N,VIIRS
47.30846,37.8982,301.79,0.47,0.4,2026-09-01,23:56:00,N20,nominal,2.0NRT,278.17,1.23,N,VIIRS
47.50323,36.91509,330.03,0.44,0.38,2026-09-01,23:56:00,N20,nominal,2.0NRT,263.86,3.22,N,VIIRS
47.50432,36.90945,326.98,0.44,0.38,2026-09-01,23:56:00,N20,nominal,2.0NRT,263.71,3.22,N,VIIRS
47.75323,35.63562,297.81,0.41,0.37,2026-09-01,23:56:00,N20,nominal,2.0NRT,281.83,0.5,N,VIIRS
49.29054,23.50628,307.43,0.51,0.49,2026-09-01,23:56:00,N20,nominal,2.0NRT,284.37,2.12,N,VIIRS
47.60469,36.81403,308.57,0.43,0.38,2026-09-01,23:56:00,N20,nominal,2.0NRT,277.89,1.21,N,VIIRS
47.41741,38.00668,297.65,0.47,0.4,2026-09-01,23:56:00,N20,nominal,2.0NRT,283.1,0.73,N,VIIRS
47.89041,35.52843,301.98,0.4,0.37,2026-09-01,23:56:00,N20,nominal,2.0NRT,276.88,0.63,N,VIIRS
47.4178,38.0064,298.07,0.47,0.4,2026-09-01,23:56:00,N20,nominal,2.0NRT,282.94,0.45,N,VIIRS
47.76216,29.96691,307.42,0.42,0.38,2026-09-01,23:56:00,N20,nominal,2.0NRT,287.05,0.77,N,VIIRS
46.82978,36.08244,305.33,0.42,0.38,2026-09-01,23:56:00,N20,nominal,2.0NRT,283.02,0.66,N,VIIRS
46.97556,35.37566,314.42,0.41,0.37,2026-09-01,23:56:00,N20,nominal,2.0NRT,280.21,2.55,N,VIIRS
46.9746,35.38089,326.8,0.41,0.37,2026-09-01,23:56:00,N20,nominal,2.0NRT,282.98,2.55,N,VIIRS
46.86734,35.99869,297.8,0.42,0.38,2026-09-01,23:56:00,N20,nominal,2.0NRT,283.66,0.41,N,VIIRS
47.92739,35.93621,301.6,0.41,0.37,2026-09-01,23:56:00,N20,nominal,2.0NRT,280.54,0.57,N,VIIRS
47.93849,35.89486,295.5,0.41,0.37,2026-09-01,23:56:00,N20,nominal,2.0NRT,279.44,0.84,N,VIIRS
47.93964,35.89139,298.3,0.41,0.37,2026-09-01,23:56:00,N20,nominal,2.0NRT,278.96,0.39,N,VIIRS
47.52711,38.24294,305.27,0.48,0.4,2026-09-01,23:56:00,N20,nominal,2.0NRT,282.92,1.19,N,VIIRS
47.53269,38.27207,327.45,0.48,0.4,2026-09-01,23:56:00,N20,nominal,2.0NRT,282.05,3,N,VIIRS
47.60419,38.22417,306.67,0.48,0.4,2026-09-01,23:56:00,N20,nominal,2.0NRT,283.59,1.41,N,VIIRS
47.60548,38.21803,311.75,0.48,0.4,2026-09-01,23:56:00,N20,nominal,2.0NRT,283.56,1.41,N,VIIRS
47.59238,38.29942,297.13,0.48,0.4,2026-09-01,23:56:00,N20,nominal,2.0NRT,281.76,0.37,N,VIIRS
47.65665,38.28804,297.7,0.48,0.4,2026-09-01,23:56:00,N20,nominal,2.0NRT,282.98,0.6,N,VIIRS
48.47162,34.62927,307.75,0.39,0.36,2026-09-01,23:56:00,N20,nominal,2.0NRT,288.34,1.09,N,VIIRS
48.47487,34.63051,303.22,0.39,0.36,2026-09-01,23:56:00,N20,nominal,2.0NRT,288.46,0.78,N,VIIRS
48.51978,34.62745,306.49,0.39,0.36,2026-09-01,23:56:00,N20,nominal,2.0NRT,289.96,1.89,N,VIIRS
48.51891,34.6326,328.84,0.39,0.36,2026-09-01,23:56:00,N20,nominal,2.0NRT,290.86,1.89,N,VIIRS
48.52391,34.62354,305.05,0.39,0.36,2026-09-01,23:56:00,N20,nominal,2.0NRT,289.53,0.64,N,VIIRS
48.53217,34.61573,325.27,0.39,0.36,2026-09-01,23:56:00,N20,nominal,2.0NRT,290.07,2.15,N,VIIRS
48.53431,34.644,323.49,0.39,0.36,2026-09-01,23:56:00,N20,nominal,2.0NRT,291.92,2.57,N,VIIRS
47.8335,38.478,301,0.48,0.4,2026-09-01,23:56:00,N20,nominal,2.0NRT,287.03,1.63,N,VIIRS
48.41993,35.58355,304.12,0.4,0.37,2026-09-01,23:56:00,N20,nominal,2.0NRT,285.05,1.01,N,VIIRS
48.14376,37.28941,307.88,0.44,0.38,2026-09-01,23:56:00,N20,nominal,2.0NRT,273.07,1.3,N,VIIRS
48.47659,35.66979,298.63,0.4,0.37,2026-09-01,23:56:00,N20,nominal,2.0NRT,284.48,0.79,N,VIIRS
48.41544,36.39553,303.22,0.41,0.37,2026-09-01,23:56:00,N20,nominal,2.0NRT,270.13,1.14,N,VIIRS
48.24081,37.60788,299.02,0.45,0.39,2026-09-01,23:56:00,N20,nominal,2.0NRT,271.38,0.86,N,VIIRS
48.16836,38.31577,296.99,0.47,0.4,2026-09-01,23:56:00,N20,nominal,2.0NRT,269.05,0.68,N,VIIRS
48.48646,37.01175,302.47,0.43,0.38,2026-09-01,23:56:00,N20,nominal,2.0NRT,278.54,0.85,N,VIIRS
48.06258,39.17769,303.09,0.5,0.41,2026-09-01,23:56:00,N20,nominal,2.0NRT,284.95,0.84,N,VIIRS
48.06396,39.17115,296.9,0.5,0.41,2026-09-01,23:56:00,N20,nominal,2.0NRT,283.43,0.84,N,VIIRS
48.06618,39.1794,301.81,0.5,0.41,2026-09-01,23:56:00,N20,nominal,2.0NRT,284.46,0.84,N,VIIRS
48.06339,39.17812,312.43,0.5,0.41,2026-09-01,23:56:00,N20,nominal,2.0NRT,285.04,1.62,N,VIIRS
48.0648,39.17159,299.45,0.5,0.41,2026-09-01,23:56:00,N20,nominal,2.0NRT,283.3,0.65,N,VIIRS
48.53188,37.05044,295.07,0.43,0.38,2026-09-01,23:56:00,N20,nominal,2.0NRT,278.31,0.39,N,VIIRS
48.55976,37.03835,308.76,0.43,0.38,2026-09-01,23:56:00,N20,nominal,2.0NRT,280.83,1.09,N,VIIRS
48.63577,36.97606,304.02,0.42,0.38,2026-09-01,23:56:00,N20,nominal,2.0NRT,281.49,1.09,N,VIIRS
48.51148,37.66924,296.66,0.44,0.39,2026-09-01,23:56:00,N20,nominal,2.0NRT,269.44,0.4,N,VIIRS
48.8168,36.55176,299.83,0.41,0.37,2026-09-01,23:56:00,N20,nominal,2.0NRT,278.64,1.06,N,VIIRS
48.81654,36.55187,298.72,0.41,0.37,2026-09-01,23:56:00,N20,nominal,2.0NRT,278.18,0.51,N,VIIRS
48.62901,37.56417,305.95,0.44,0.38,2026-09-01,23:56:00,N20,nominal,2.0NRT,281.43,1.14,N,VIIRS
48.42021,38.83372,295.05,0.48,0.4,2026-09-01,23:56:00,N20,nominal,2.0NRT,278.27,0.65,N,VIIRS
48.46331,38.75725,296.06,0.48,0.4,2026-09-01,23:56:00,N20,nominal,2.0NRT,280.75,0.95,N,VIIRS
48.46684,38.75893,303.41,0.48,0.4,2026-09-01,23:56:00,N20,nominal,2.0NRT,281.56,0.95,N,VIIRS
48.72214,37.5806,310.47,0.44,0.38,2026-09-01,23:56:00,N20,nominal,2.0NRT,275.77,0.78,N,VIIRS
48.72449,37.60658,299.88,0.44,0.38,2026-09-01,23:56:00,N20,nominal,2.0NRT,279.43,1.32,N,VIIRS
48.72584,37.602290000000004,303.82,0.44,0.38,2026-09-01,23:56:00,N20,nominal,2.0NRT,279.41,1.25,N,VIIRS
49.41734,34.41166,297.53,0.39,0.36,2026-09-01,23:56:00,N20,nominal,2.0NRT,283.77,0.89,N,VIIRS
46.87946,35.9919,305.8,0.42,0.38,2026-09-01,23:56:00,N20,nominal,2.0NRT,282.67,0.72,N,VIIRS
47.2201,34.30732,305.46,0.39,0.36,2026-09-01,23:56:00,N20,nominal,2.0NRT,284.8,0.75,N,VIIRS
47.22336,34.30853,304.15,0.39,0.36,2026-09-01,23:56:00,N20,nominal,2.0NRT,284.58,0.75,N,VIIRS
46.96258,35.87068,298.15,0.42,0.37,2026-09-01,23:56:00,N20,nominal,2.0NRT,282.48,0.54,N,VIIRS
48.00348,29.75308,296.1,0.43,0.38,2026-09-01,23:56:00,N20,nominal,2.0NRT,285.71,0.25,N,VIIRS
46.85798,36.89507,305.94,0.45,0.39,2026-09-01,23:56:00,N20,nominal,2.0NRT,281.84,1.14,N,VIIRS
46.85751,36.89637,307.61,0.45,0.39,2026-09-01,23:56:00,N20,nominal,2.0NRT,282.03,1.14,N,VIIRS
47.06157,35.87756,301.14,0.42,0.37,2026-09-01,23:56:00,N20,nominal,2.0NRT,278.02,0.86,N,VIIRS
49.41819,34.40645,308.98,0.39,0.36,2026-09-01,23:56:00,N20,nominal,2.0NRT,284.93,0.85,N,VIIRS
48.54084,39.40057,299.2,0.5,0.41,2026-09-01,23:56:00,N20,nominal,2.0NRT,281.05,0.85,N,VIIRS
48.54444,39.40236,320.13,0.5,0.41,2026-09-01,23:56:00,N20,nominal,2.0NRT,287.12,2.28,N,VIIRS
50.54254,26.26121,308.08,0.4,0.44,2026-09-01,23:56:00,N20,nominal,2.0NRT,286.31,1.76,N,VIIRS
48.93044,37.7349,301.47,0.44,0.38,2026-09-01,23:56:00,N20,nominal,2.0NRT,263.93,0.55,N,VIIRS
50.54632,26.25792,320.29,0.4,0.44,2026-09-01,23:56:00,N20,nominal,2.0NRT,286.13,1.35,N,VIIRS
49.47937,34.84864,305.33,0.39,0.36,2026-09-01,23:56:00,N20,nominal,2.0NRT,286.08,0.93,N,VIIRS
48.80672,38.77902,296.45,0.47,0.4,2026-09-01,23:56:00,N20,nominal,2.0NRT,277.08,0.69,N,VIIRS
49.1399,38.77428,298.12,0.47,0.4,2026-09-01,23:56:00,N20,nominal,2.0NRT,278.47,0.72,N,VIIRS
50.57627,31.20435,298.12,0.42,0.37,2026-09-01,23:56:00,N20,nominal,2.0NRT,287.86,1.87,N,VIIRS
50.01064,35.15781,305.41,0.39,0.36,2026-09-01,23:56:00,N20,nominal,2.0NRT,283.54,1.81,N,VIIRS
50.00974,35.1631,326.95,0.39,0.36,2026-09-01,23:56:00,N20,nominal,2.0NRT,286.22,1.81,N,VIIRS
50.96876,29.67984,309.68,0.46,0.39,2026-09-01,23:56:00,N20,nominal,2.0NRT,288.76,1.17,N,VIIRS
50.9695,29.67335,298.08,0.46,0.39,2026-09-01,23:56:00,N20,nominal,2.0NRT,285.15,1.17,N,VIIRS
50.97232,29.68088,302.94,0.46,0.39,2026-09-01,23:56:00,N20,nominal,2.0NRT,287.25,0.89,N,VIIRS
50.08137,36.82973,298.65,0.41,0.37,2026-09-01,23:56:00,N20,nominal,2.0NRT,284.46,0.71,N,VIIRS
50.23768,36.24404,301.56,0.4,0.37,2026-09-01,23:56:00,N20,nominal,2.0NRT,280.61,0.5,N,VIIRS
50.23999,36.25085,301.48,0.4,0.37,2026-09-01,23:56:00,N20,nominal,2.0NRT,281.24,0.43,N,VIIRS
49.7607,38.78537,300.52,0.46,0.39,2026-09-01,23:56:00,N20,nominal,2.0NRT,272.85,0.66,N,VIIRS
49.76416,38.78699,320.72,0.46,0.39,2026-09-01,23:56:00,N20,nominal,2.0NRT,276.45,2.33,N,VIIRS
50.14681,37.27177,303.2,0.41,0.37,2026-09-01,23:56:00,N20,nominal,2.0NRT,272.98,0.47,N,VIIRS
50.23164,37.06726,297.07,0.41,0.37,2026-09-01,23:56:00,N20,nominal,2.0NRT,282.92,0.41,N,VIIRS
50.2823,36.92774,295.04,0.41,0.37,2026-09-01,23:56:00,N20,nominal,2.0NRT,270.18,0.47,N,VIIRS
52.248,33.65981,298.46,0.39,0.36,2026-09-01,23:56:00,N20,nominal,2.0NRT,284.1,0.73,N,VIIRS
47.34053,34.56638,296.29,0.39,0.36,2026-09-01,23:56:00,N20,nominal,2.0NRT,282.33,0.44,N,VIIRS
47.46229,33.89076,314.23,0.39,0.36,2026-09-01,23:56:00,N20,nominal,2.0NRT,286.1,1.07,N,VIIRS
47.46397,33.8807,309.75,0.39,0.36,2026-09-01,23:56:00,N20,nominal,2.0NRT,284.99,0.76,N,VIIRS
47.35035,34.57006,315.91,0.39,0.36,2026-09-01,23:56:00,N20,nominal,2.0NRT,282.01,1.34,N,VIIRS
47.46555,33.89193,303.78,0.39,0.36,2026-09-01,23:56:00,N20,nominal,2.0NRT,286.85,1.07,N,VIIRS
47.42702,34.28525,302.09,0.39,0.36,2026-09-01,23:56:00,N20,nominal,2.0NRT,286.04,0.85,N,VIIRS
47.15636,35.81209,322.04,0.41,0.37,2026-09-01,23:56:00,N20,nominal,2.0NRT,280.3,1.51,N,VIIRS
47.17121,35.86507,295.01,0.42,0.37,2026-09-01,23:56:00,N20,nominal,2.0NRT,282.4,0.67,N,VIIRS
46.22372,33.2323,300.76,0.39,0.36,2026-09-01,23:58:00,N20,nominal,2.0NRT,281.22,0.39,N,VIIRS
46.39345,30.49381,303.81,0.4,0.37,2026-09-01,23:58:00,N20,nominal,2.0NRT,286.3,1.03,N,VIIRS
46.39247,30.49155,302.32,0.4,0.37,2026-09-01,23:58:00,N20,nominal,2.0NRT,286.76,1.07,N,VIIRS
46.32255,29.42402,298.18,0.42,0.38,2026-09-01,23:58:00,N20,nominal,2.0NRT,287.3,0.23,N,VIIRS
46.24129,29.56748,324.77,0.42,0.37,2026-09-01,23:58:00,N20,nominal,2.0NRT,286.07,2.93,N,VIIRS
45.12951,33.99923,299.13,0.4,0.37,2026-09-01,23:58:00,N20,nominal,2.0NRT,286.73,0.55,N,VIIRS
44.77439,33.8598,313.91,0.4,0.37,2026-09-01,23:58:00,N20,nominal,2.0NRT,286.33,1.43,N,VIIRS
46.45875,32.03623,331.04,0.39,0.36,2026-09-01,23:58:00,N20,nominal,2.0NRT,288.61,3.39,N,VIIRS
46.39426,32.92361,299.01,0.38,0.36,2026-09-01,23:58:00,N20,nominal,2.0NRT,286.37,0.61,N,VIIRS
46.39506,32.9187,297.32,0.38,0.36,2026-09-01,23:58:00,N20,nominal,2.0NRT,286.52,0.61,N,VIIRS
46.3968,32.9504,295.94,0.38,0.36,2026-09-01,23:58:00,N20,nominal,2.0NRT,283.81,0.26,N,VIIRS
46.39759,32.94548,295.92,0.38,0.36,2026-09-01,23:58:00,N20,nominal,2.0NRT,284.65,0.52,N,VIIRS
46.40236,32.91598,313.26,0.38,0.36,2026-09-01,23:58:00,N20,nominal,2.0NRT,287.18,1.86,N,VIIRS
46.41545,32.94114,297.51,0.38,0.36,2026-09-01,23:58:00,N20,nominal,2.0NRT,284.65,0.38,N,VIIRS
46.48064,32.79186,301.8,0.38,0.36,2026-09-01,23:58:00,N20,nominal,2.0NRT,285.21,0.71,N,VIIRS
46.53394,32.78086,297.51,0.38,0.36,2026-09-01,23:58:00,N20,nominal,2.0NRT,280.93,0.43,N,VIIRS
46.41761,33.61684,305.15,0.39,0.36,2026-09-01,23:58:00,N20,nominal,2.0NRT,282.92,1.42,N,VIIRS
46.52741,32.97092,297.87,0.38,0.36,2026-09-01,23:58:00,N20,nominal,2.0NRT,287.25,0.57,N,VIIRS
46.57541,33.16092,304.03,0.38,0.36,2026-09-01,23:58:00,N20,nominal,2.0NRT,286.96,0.96,N,VIIRS
46.38834,34.34966,300.12,0.4,0.37,2026-09-01,23:58:00,N20,nominal,2.0NRT,282.54,0.79,N,VIIRS
46.38922,34.34462,315.53,0.4,0.37,2026-09-01,23:58:00,N20,nominal,2.0NRT,283.33,1.23,N,VIIRS
46.39162,34.35086,295.12,0.4,0.37,2026-09-01,23:58:00,N20,nominal,2.0NRT,281.97,0.64,N,VIIRS
46.67169,33.03367,298.3,0.38,0.36,2026-09-01,23:58:00,N20,nominal,2.0NRT,276,1,N,VIIRS
46.67495,33.03478,328.82,0.38,0.36,2026-09-01,23:58:00,N20,nominal,2.0NRT,282.72,2.72,N,VIIRS
46.67574,33.02984,340.08,0.38,0.36,2026-09-01,23:58:00,N20,nominal,2.0NRT,284.23,2.54,N,VIIRS
46.67899,33.03095,298.02,0.38,0.36,2026-09-01,23:58:00,N20,nominal,2.0NRT,275.53,2.54,N,VIIRS
46.633,33.35469,302.23,0.39,0.36,2026-09-01,23:58:00,N20,nominal,2.0NRT,284.1,1.07,N,VIIRS
46.63707,33.35087,298.29,0.39,0.36,2026-09-01,23:58:00,N20,nominal,2.0NRT,283.06,0.63,N,VIIRS
46.24471,29.56837,334.14,0.42,0.37,2026-09-01,23:58:00,N20,nominal,2.0NRT,286.51,2.93,N,VIIRS
