latitude,longitude,bright_ti4,scan,track,acq_date,acq_time,satellite,confidence,version,bright_ti5,frp,daynight,instrument
48.47272,34.62649,313.52,0.74,0.76,2026-08-18,01:15:00,N20,nominal,2.0NRT,286.01,3.67,N,VIIRS
47.43186,29.52647,299.16,0.5,0.66,2026-08-18,01:17:00,N20,nominal,2.0NRT,280.1,0.88,N,VIIRS
47.43379,29.52062,297.95,0.5,0.66,2026-08-18,01:17:00,N20,nominal,2.0NRT,278.43,0.88,N,VIIRS
47.90818,31.49024,298.77,0.58,0.7,2026-08-18,01:17:00,N20,nominal,2.0NRT,283.58,0.84,N,VIIRS
46.98993,33.22215,296.1,0.74,0.76,2026-08-18,01:17:00,N20,nominal,2.0NRT,283.37,1.02,N,VIIRS
46.95943,33.15309,297.09,0.74,0.76,2026-08-18,01:17:00,N20,nominal,2.0NRT,282.31,0.91,N,VIIRS
46.95944,33.15385,297.25,0.74,0.76,2026-08-18,01:17:00,N20,nominal,2.0NRT,282.23,1.62,N,VIIRS
48.40432,37.26714,343.86,0.38,0.59,2026-08-18,09:24:00,N20,nominal,2.0NRT,306.41,5.52,D,VIIRS
51.16276,34.75476,337.15,0.39,0.59,2026-08-18,09:24:00,N20,nominal,2.0NRT,292.47,4.64,D,VIIRS
50.06661,31.89377,329.7,0.55,0.68,2026-08-18,09:24:00,N20,nominal,2.0NRT,295.93,3.77,D,VIIRS
50.8347,34.46448,327.84,0.41,0.6,2026-08-18,09:24:00,N20,nominal,2.0NRT,294.91,3.43,D,VIIRS
50.61345,35.25705,330.72,0.39,0.59,2026-08-18,09:24:00,N20,nominal,2.0NRT,295.65,3.4,D,VIIRS
48.24857,29.99489,327.53,0.76,0.77,2026-08-18,09:24:00,N20,nominal,2.0NRT,292.62,4.7,D,VIIRS
50.23975,35.81462,333.8,0.38,0.58,2026-08-18,09:24:00,N20,nominal,2.0NRT,298.54,5.58,D,VIIRS
50.24123,35.81945,367,0.38,0.58,2026-08-18,09:24:00,N20,high,2.0NRT,297.37,5.58,D,VIIRS
48.69561,31.4939,327.73,0.64,0.72,2026-08-18,09:24:00,N20,nominal,2.0NRT,282.31,4.26,D,VIIRS
50.23307,36.14138,335.98,0.37,0.58,2026-08-18,09:24:00,N20,nominal,2.0NRT,298.35,4.43,D,VIIRS
50.31061,36.85248,342.95,0.34,0.56,2026-08-18,09:24:00,N20,nominal,2.0NRT,298.07,4.68,D,VIIRS
50.31191,36.85689,350.1,0.34,0.56,2026-08-18,09:24:00,N20,nominal,2.0NRT,296.55,4.68,D,VIIRS
47.9305,29.88725,329.23,0.79,0.78,2026-08-18,09:24:00,N20,nominal,2.0NRT,293.04,4.29,D,VIIRS
50.25912,36.69792,333.32,0.35,0.56,2026-08-18,09:24:00,N20,nominal,2.0NRT,297.51,3.67,D,VIIRS
50.26042,36.7023,346,0.35,0.56,2026-08-18,09:24:00,N20,nominal,2.0NRT,297.16,3.67,D,VIIRS
50.30893,36.88544,336.13,0.34,0.56,2026-08-18,09:24:00,N20,nominal,2.0NRT,298.88,2.61,D,VIIRS
50.3065,36.88895,337.06,0.34,0.56,2026-08-18,09:24:00,N20,nominal,2.0NRT,297.34,2.32,D,VIIRS
50.30614,37.00517,333.06,0.34,0.56,2026-08-18,09:24:00,N20,nominal,2.0NRT,299.48,2.2,D,VIIRS
50.31873,37.04861,337.24,0.33,0.56,2026-08-18,09:24:00,N20,nominal,2.0NRT,297.12,3.59,D,VIIRS
50.31396,37.05166,343.94,0.33,0.56,2026-08-18,09:24:00,N20,nominal,2.0NRT,299.96,3.59,D,VIIRS
50.3152,37.05594,331.52,0.33,0.56,2026-08-18,09:24:00,N20,nominal,2.0NRT,296.26,4.66,D,VIIRS
50.32067,37.09429,338.17,0.33,0.55,2026-08-18,09:24:00,N20,nominal,2.0NRT,298.83,3.75,D,VIIRS
50.24919,36.88763,330.89,0.34,0.56,2026-08-18,09:24:00,N20,nominal,2.0NRT,299.22,2.81,D,VIIRS
50.40971,37.44264,338.1,0.32,0.55,2026-08-18,09:24:00,N20,nominal,2.0NRT,298.21,2.62,D,VIIRS
50.35533,37.44609,343.9,0.32,0.55,2026-08-18,09:24:00,N20,nominal,2.0NRT,300.85,5.22,D,VIIRS
50.35652,37.45023,354.42,0.32,0.55,2026-08-18,09:24:00,N20,nominal,2.0NRT,300.42,5.22,D,VIIRS
50.3577,37.45432,354.57,0.32,0.55,2026-08-18,09:24:00,N20,nominal,2.0NRT,298.99,6.25,D,VIIRS
50.32134,37.48339,345.73,0.32,0.55,2026-08-18,09:24:00,N20,nominal,2.0NRT,300.32,3.17,D,VIIRS
50.3108,37.46584,346.27,0.32,0.55,2026-08-18,09:24:00,N20,nominal,2.0NRT,300.54,3.07,D,VIIRS
50.312,37.47006,335.64,0.32,0.55,2026-08-18,09:24:00,N20,nominal,2.0NRT,300.88,3.07,D,VIIRS
50.30743,37.47342,339.86,0.32,0.55,2026-08-18,09:24:00,N20,nominal,2.0NRT,298.55,3.07,D,VIIRS
50.1857,37.53411,330.81,0.32,0.55,2026-08-18,09:24:00,N20,nominal,2.0NRT,299.79,3.98,D,VIIRS
50.18688,37.53823,342.16,0.32,0.55,2026-08-18,09:24:00,N20,nominal,2.0NRT,298.34,4.03,D,VIIRS
50.04107,37.09349,341.18,0.34,0.56,2026-08-18,09:24:00,N20,nominal,2.0NRT,299.05,3.61,D,VIIRS
50.14809,37.48071,332.22,0.32,0.55,2026-08-18,09:24:00,N20,nominal,2.0NRT,296.43,2.04,D,VIIRS
50.16263,37.55038,335.16,0.32,0.55,2026-08-18,09:24:00,N20,nominal,2.0NRT,297.83,1.59,D,VIIRS
50.10275,37.45715,336.46,0.33,0.55,2026-08-18,09:24:00,N20,nominal,2.0NRT,295.76,3.43,D,VIIRS
50.12689,37.60037,333.23,0.32,0.55,2026-08-18,09:24:00,N20,nominal,2.0NRT,299.89,1.82,D,VIIRS
50.12806,37.60447,330.71,0.32,0.55,2026-08-18,09:24:00,N20,nominal,2.0NRT,297.97,1.82,D,VIIRS
50.11108,37.66131,335.55,0.32,0.55,2026-08-18,09:24:00,N20,nominal,2.0NRT,299.78,3.21,D,VIIRS
48.58597,32.9981,355.37,0.56,0.69,2026-08-18,09:24:00,N20,nominal,2.0NRT,298.69,11.08,D,VIIRS
48.58835,33.00493,345.57,0.56,0.69,2026-08-18,09:24:00,N20,nominal,2.0NRT,298.32,9.99,D,VIIRS
47.81857,30.9463,342.02,0.72,0.76,2026-08-18,09:24:00,N20,nominal,2.0NRT,298.93,11.49,D,VIIRS
48.58707,32.9954,331.89,0.56,0.69,2026-08-18,09:24:00,N20,nominal,2.0NRT,297.58,7.05,D,VIIRS
48.58945,33.00235,353.47,0.56,0.69,2026-08-18,09:24:00,N20,nominal,2.0NRT,298.54,7.05,D,VIIRS
47.81648,30.94334,345.87,0.72,0.76,2026-08-18,09:24:00,N20,nominal,2.0NRT,299.92,7,D,VIIRS
47.81041,30.94848,336.9,0.72,0.76,2026-08-18,09:24:00,N20,nominal,2.0NRT,300.09,7,D,VIIRS
47.9764,31.39775,343.77,0.68,0.74,2026-08-18,09:24:00,N20,nominal,2.0NRT,299.02,8.32,D,VIIRS
47.60951,30.65119,335.3,0.75,0.77,2026-08-18,09:24:00,N20,nominal,2.0NRT,297.69,5.03,D,VIIRS
47.61002,30.64834,334.27,0.75,0.77,2026-08-18,09:24:00,N20,nominal,2.0NRT,298.52,5.58,D,VIIRS
49.84204,37.41991,332.36,0.33,0.56,2026-08-18,09:24:00,N20,nominal,2.0NRT,297.29,2.79,D,VIIRS
49.83731,37.42304,340.39,0.33,0.56,2026-08-18,09:24:00,N20,nominal,2.0NRT,298.76,2.79,D,VIIRS
47.69953,31.05941,355.24,0.72,0.76,2026-08-18,09:24:00,N20,nominal,2.0NRT,304.58,28.36,D,VIIRS
49.91483,37.82951,337.53,0.32,0.55,2026-08-18,09:24:00,N20,nominal,2.0NRT,300.68,7.08,D,VIIRS
49.90906,37.82861,367,0.32,0.55,2026-08-18,09:24:00,N20,high,2.0NRT,302.19,8.54,D,VIIRS
49.90445,37.8318,337.69,0.32,0.55,2026-08-18,09:24:00,N20,nominal,2.0NRT,300.79,2.73,D,VIIRS
49.90562,37.83591,330.92,0.32,0.55,2026-08-18,09:24:00,N20,nominal,2.0NRT,300.81,3.06,D,VIIRS
47.90264,31.69379,335.39,0.67,0.73,2026-08-18,09:24:00,N20,nominal,2.0NRT,299.45,8.74,D,VIIRS
49.89167,37.82576,347.43,0.32,0.55,2026-08-18,09:24:00,N20,nominal,2.0NRT,299.44,3.52,D,VIIRS
49.88586,37.82475,339.06,0.32,0.55,2026-08-18,09:24:00,N20,nominal,2.0NRT,297.98,2.45,D,VIIRS
49.88821,37.83297,340.51,0.32,0.55,2026-08-18,09:24:00,N20,nominal,2.0NRT,298.35,3.52,D,VIIRS
49.87783,37.83528,345.99,0.32,0.55,2026-08-18,09:24:00,N20,nominal,2.0NRT,300.71,4.16,D,VIIRS
49.89444,37.89316,335.95,0.32,0.54,2026-08-18,09:24:00,N20,nominal,2.0NRT,296.92,10.88,D,VIIRS
49.92299,37.99295,341.87,0.63,0.54,2026-08-18,09:24:00,N20,nominal,2.0NRT,301.37,11.26,D,VIIRS
49.89326,37.88905,367,0.32,0.54,2026-08-18,09:24:00,N20,high,2.0NRT,301.3,8.59,D,VIIRS
49.86974,37.82639,343.33,0.32,0.55,2026-08-18,09:24:00,N20,nominal,2.0NRT,299.53,4.74,D,VIIRS
49.86855,37.82224,367,0.32,0.55,2026-08-18,09:24:00,N20,high,2.0NRT,301.39,4.74,D,VIIRS
49.86516,37.82969,350.28,0.32,0.55,2026-08-18,09:24:00,N20,nominal,2.0NRT,300.47,4.74,D,VIIRS
49.86634,37.83378,334.1,0.32,0.55,2026-08-18,09:24:00,N20,nominal,2.0NRT,297.33,5.81,D,VIIRS
49.87932,37.8789,354.87,0.32,0.54,2026-08-18,09:24:00,N20,nominal,2.0NRT,304.53,13.75,D,VIIRS
49.88053,37.8831,367,0.32,0.54,2026-08-18,09:24:00,N20,high,2.0NRT,302.25,9.72,D,VIIRS
49.88173,37.88727,367,0.32,0.54,2026-08-18,09:24:00,N20,high,2.0NRT,300.1,9.72,D,VIIRS
49.87775,37.83763,351.36,0.32,0.55,2026-08-18,09:24:00,N20,nominal,2.0NRT,299.69,6.18,D,VIIRS
49.89295,37.89168,352.57,0.32,0.54,2026-08-18,09:24:00,N20,nominal,2.0NRT,298.28,3.17,D,VIIRS
49.92102,37.99185,340.02,0.63,0.54,2026-08-18,09:24:00,N20,nominal,2.0NRT,301.27,10.34,D,VIIRS
47.90695,31.69666,342.82,0.67,0.73,2026-08-18,09:24:00,N20,nominal,2.0NRT,297.02,7.8,D,VIIRS
49.86739,37.82043,336.77,0.32,0.55,2026-08-18,09:24:00,N20,nominal,2.0NRT,300.35,4.76,D,VIIRS
49.86974,37.82875,334.12,0.32,0.55,2026-08-18,09:24:00,N20,nominal,2.0NRT,299.01,6.52,D,VIIRS
49.86857,37.82461,367,0.32,0.55,2026-08-18,09:24:00,N20,high,2.0NRT,302.56,4.76,D,VIIRS
49.86515,37.83207,355.44,0.32,0.55,2026-08-18,09:24:00,N20,nominal,2.0NRT,298.82,4.01,D,VIIRS
49.88145,37.88989,351.79,0.32,0.54,2026-08-18,09:24:00,N20,nominal,2.0NRT,298.66,8.6,D,VIIRS
49.87909,37.88151,367,0.32,0.54,2026-08-18,09:24:00,N20,high,2.0NRT,304.19,11.91,D,VIIRS
49.88028,37.88571,367,0.32,0.54,2026-08-18,09:24:00,N20,high,2.0NRT,303.05,11.91,D,VIIRS
49.81442,37.69209,349.2,0.33,0.55,2026-08-18,09:24:00,N20,nominal,2.0NRT,301.67,4.4,D,VIIRS
49.87336,37.9002,355.92,0.32,0.54,2026-08-18,09:24:00,N20,nominal,2.0NRT,305.98,13.56,D,VIIRS
49.87456,37.90445,353.53,0.32,0.54,2026-08-18,09:24:00,N20,nominal,2.0NRT,306.13,13.91,D,VIIRS
49.87574,37.90863,367,0.32,0.54,2026-08-18,09:24:00,N20,high,2.0NRT,300.52,13.91,D,VIIRS
48.76558,34.32092,333.41,0.49,0.65,2026-08-18,09:24:00,N20,nominal,2.0NRT,298.14,3.54,D,VIIRS
49.48409,36.65721,367,0.37,0.58,2026-08-18,09:24:00,N20,high,2.0NRT,308.87,32.44,D,VIIRS
49.77713,37.698,331.56,0.33,0.55,2026-08-18,09:24:00,N20,low,2.0NRT,303.32,2.35,D,VIIRS
49.73531,37.61086,330.42,0.33,0.55,2026-08-18,09:24:00,N20,nominal,2.0NRT,298.49,3.08,D,VIIRS
49.74977,37.66102,336.44,0.33,0.55,2026-08-18,09:24:00,N20,nominal,2.0NRT,300.51,2.03,D,VIIRS
49.77877,37.76195,332.93,0.32,0.55,2026-08-18,09:24:00,N20,nominal,2.0NRT,299.01,2.12,D,VIIRS
49.77417,37.76527,333.07,0.32,0.55,2026-08-18,09:24:00,N20,nominal,2.0NRT,299.93,2.12,D,VIIRS
49.69629,37.61175,349.11,0.33,0.55,2026-08-18,09:24:00,N20,nominal,2.0NRT,299.42,3.49,D,VIIRS
49.66473,37.5421,350.48,0.33,0.56,2026-08-18,09:24:00,N20,nominal,2.0NRT,299.78,4.62,D,VIIRS
49.69813,37.6135,333.84,0.33,0.55,2026-08-18,09:24:00,N20,nominal,2.0NRT,297.72,2.12,D,VIIRS
49.66103,37.54255,338.81,0.33,0.56,2026-08-18,09:24:00,N20,nominal,2.0NRT,301.81,4.95,D,VIIRS
49.66228,37.54695,345.81,0.33,0.56,2026-08-18,09:24:00,N20,nominal,2.0NRT,300.02,6.27,D,VIIRS
49.61017,37.44428,355.76,0.34,0.56,2026-08-18,09:24:00,N20,nominal,2.0NRT,302.42,6.81,D,VIIRS
49.01058,35.4936,353.59,0.43,0.62,2026-08-18,09:24:00,N20,nominal,2.0NRT,305.15,10.66,D,VIIRS
49.01225,35.49893,367,0.43,0.62,2026-08-18,09:24:00,N20,high,2.0NRT,297.91,10.66,D,VIIRS
49.66411,37.74863,331.22,0.33,0.55,2026-08-18,09:24:00,N20,nominal,2.0NRT,301.84,3.92,D,VIIRS
49.66533,37.75291,367,0.33,0.55,2026-08-18,09:24:00,N20,high,2.0NRT,303.04,3.92,D,VIIRS
49.73584,38.0771,339.81,0.63,0.54,2026-08-18,09:24:00,N20,nominal,2.0NRT,299.11,5.94,D,VIIRS
49.73123,38.08019,343.96,0.63,0.54,2026-08-18,09:24:00,N20,nominal,2.0NRT,301.82,10.73,D,VIIRS
49.79847,38.4325,340.5,0.61,0.53,2026-08-18,09:24:00,N20,nominal,2.0NRT,301.41,12.86,D,VIIRS
49.80032,38.43163,340.86,0.61,0.53,2026-08-18,09:24:00,N20,nominal,2.0NRT,301.15,10.08,D,VIIRS
49.66946,38.0602,349.67,0.32,0.54,2026-08-18,09:24:00,N20,nominal,2.0NRT,300.72,4.28,D,VIIRS
48.77825,35.15249,349.11,0.45,0.63,2026-08-18,09:24:00,N20,nominal,2.0NRT,302.07,6.38,D,VIIRS
48.78001,35.15801,342.93,0.45,0.63,2026-08-18,09:24:00,N20,nominal,2.0NRT,299.12,6.38,D,VIIRS
48.77302,35.15636,343.37,0.45,0.63,2026-08-18,09:24:00,N20,nominal,2.0NRT,299.13,6.38,D,VIIRS
48.94454,35.71945,367,0.42,0.61,2026-08-18,09:24:00,N20,high,2.0NRT,302.23,7.16,D,VIIRS
48.9378,35.71795,336.38,0.42,0.61,2026-08-18,09:24:00,N20,nominal,2.0NRT,305.25,9.89,D,VIIRS
48.93942,35.72314,342.47,0.42,0.61,2026-08-18,09:24:00,N20,nominal,2.0NRT,300.25,7.16,D,VIIRS
48.99893,36.03364,330.83,0.41,0.6,2026-08-18,09:24:00,N20,nominal,2.0NRT,305.21,3.3,D,VIIRS
49.32718,37.17137,339.25,0.36,0.57,2026-08-18,09:24:00,N20,nominal,2.0NRT,304.69,4.54,D,VIIRS
49.32515,37.18405,332.02,0.35,0.57,2026-08-18,09:24:00,N20,nominal,2.0NRT,301.63,6.82,D,VIIRS
49.32648,37.18851,337.33,0.35,0.57,2026-08-18,09:24:00,N20,nominal,2.0NRT,300.2,3.18,D,VIIRS
49.5635,37.97872,330.92,0.32,0.55,2026-08-18,09:24:00,N20,low,2.0NRT,304.55,1.84,D,VIIRS
49.32725,37.17451,330.93,0.36,0.57,2026-08-18,09:24:00,N20,low,2.0NRT,304.81,2.79,D,VIIRS
49.32386,37.18272,331.66,0.36,0.57,2026-08-18,09:24:00,N20,low,2.0NRT,304.63,2.79,D,VIIRS
49.32516,37.18718,331.4,0.35,0.57,2026-08-18,09:24:00,N20,nominal,2.0NRT,300.88,4.03,D,VIIRS
49.52864,37.93375,335.61,0.33,0.55,2026-08-18,09:24:00,N20,nominal,2.0NRT,301.96,2.18,D,VIIRS
49.42709,37.83216,356.02,0.33,0.55,2026-08-18,09:24:00,N20,nominal,2.0NRT,304.63,5.97,D,VIIRS
49.37688,37.86839,331.84,0.33,0.55,2026-08-18,09:24:00,N20,low,2.0NRT,301.94,3.1,D,VIIRS
48.67516,35.57063,353.03,0.43,0.62,2026-08-18,09:24:00,N20,nominal,2.0NRT,308.57,41.08,D,VIIRS
48.7138,35.71384,342.59,0.43,0.62,2026-08-18,09:24:00,N20,nominal,2.0NRT,307.17,7.34,D,VIIRS
48.70855,35.71724,337.55,0.43,0.62,2026-08-18,09:24:00,N20,nominal,2.0NRT,305.98,2.86,D,VIIRS
48.75806,35.87557,338.45,0.42,0.61,2026-08-18,09:24:00,N20,nominal,2.0NRT,307.55,4.33,D,VIIRS
49.34347,37.83002,349.23,0.33,0.56,2026-08-18,09:24:00,N20,nominal,2.0NRT,304.25,2.86,D,VIIRS
49.33876,37.83313,335.02,0.33,0.56,2026-08-18,09:24:00,N20,nominal,2.0NRT,302.37,2.86,D,VIIRS
49.35143,37.95501,336.37,0.33,0.55,2026-08-18,09:24:00,N20,nominal,2.0NRT,301.2,2.39,D,VIIRS
49.32859,37.87571,367,0.33,0.55,2026-08-18,09:24:00,N20,high,2.0NRT,307.17,10.11,D,VIIRS
48.89454,36.45648,336.22,0.39,0.6,2026-08-18,09:24:00,N20,nominal,2.0NRT,307.44,3.45,D,VIIRS
49.16531,37.39466,331.63,0.35,0.57,2026-08-18,09:24:00,N20,low,2.0NRT,304.98,2.89,D,VIIRS
49.1649,37.39785,341.6,0.35,0.57,2026-08-18,09:24:00,N20,nominal,2.0NRT,303.15,3.8,D,VIIRS
48.63306,35.83104,331.32,0.43,0.62,2026-08-18,09:24:00,N20,low,2.0NRT,305.27,3.5,D,VIIRS
47.92433,33.68019,331.87,0.55,0.68,2026-08-18,09:24:00,N20,nominal,2.0NRT,294.88,3.44,D,VIIRS
49.20942,37.82703,331.23,0.34,0.56,2026-08-18,09:24:00,N20,nominal,2.0NRT,300.89,1.56,D,VIIRS
49.25299,37.99771,330.93,0.33,0.55,2026-08-18,09:24:00,N20,nominal,2.0NRT,300.73,1.63,D,VIIRS
49.25418,38.00185,335.29,0.33,0.55,2026-08-18,09:24:00,N20,nominal,2.0NRT,299.96,1.63,D,VIIRS
49.19999,37.83345,341.27,0.34,0.56,2026-08-18,09:24:00,N20,nominal,2.0NRT,303.28,3.48,D,VIIRS
49.53621,39.06213,335.72,0.58,0.52,2026-08-18,09:24:00,N20,nominal,2.0NRT,302.19,2.81,D,VIIRS
48.93996,37.01115,331.72,0.37,0.58,2026-08-18,09:24:00,N20,low,2.0NRT,303.83,2.07,D,VIIRS
48.93503,37.01442,337.07,0.37,0.58,2026-08-18,09:24:00,N20,nominal,2.0NRT,307.62,2.07,D,VIIRS
48.93075,37.03943,350.49,0.37,0.58,2026-08-18,09:24:00,N20,nominal,2.0NRT,306.37,14.9,D,VIIRS
48.93207,37.04382,348.11,0.37,0.58,2026-08-18,09:24:00,N20,nominal,2.0NRT,302.33,10.53,D,VIIRS
48.94118,37.01183,330.87,0.37,0.58,2026-08-18,09:24:00,N20,low,2.0NRT,303.6,2.39,D,VIIRS
48.93626,37.01513,338.98,0.37,0.58,2026-08-18,09:24:00,N20,nominal,2.0NRT,307.93,2.39,D,VIIRS
48.92694,37.04341,351.63,0.37,0.58,2026-08-18,09:24:00,N20,nominal,2.0NRT,311.02,10.12,D,VIIRS
48.92825,37.04784,331.47,0.37,0.58,2026-08-18,09:24:00,N20,low,2.0NRT,303.23,10.12,D,VIIRS
49.61634,39.5932,335.73,0.55,0.51,2026-08-18,09:24:00,N20,nominal,2.0NRT,304,3.37,D,VIIRS
47.55209,32.96939,354.23,0.61,0.71,2026-08-18,09:24:00,N20,nominal,2.0NRT,303.68,9.92,D,VIIRS
47.5547,32.97682,349.83,0.61,0.71,2026-08-18,09:24:00,N20,nominal,2.0NRT,298.63,9.92,D,VIIRS
49.12881,37.9128,338.72,0.34,0.56,2026-08-18,09:24:00,N20,nominal,2.0NRT,304.68,2.75,D,VIIRS
49.13834,37.9459,334.91,0.33,0.56,2026-08-18,09:24:00,N20,nominal,2.0NRT,305.9,2.43,D,VIIRS
49.08953,37.79639,349.41,0.34,0.56,2026-08-18,09:24:00,N20,nominal,2.0NRT,303.46,4.97,D,VIIRS
48.34845,35.40492,339.51,0.45,0.63,2026-08-18,09:24:00,N20,nominal,2.0NRT,305.43,5.5,D,VIIRS
49.05508,37.73645,339.85,0.34,0.56,2026-08-18,09:24:00,N20,nominal,2.0NRT,303.98,3.17,D,VIIRS
49.15835,38.0935,332.15,0.33,0.55,2026-08-18,09:24:00,N20,low,2.0NRT,304.61,1.74,D,VIIRS
49.15018,38.0845,336.09,0.33,0.55,2026-08-18,09:24:00,N20,nominal,2.0NRT,305.73,2.93,D,VIIRS
49.15136,38.08856,338.24,0.33,0.55,2026-08-18,09:24:00,N20,nominal,2.0NRT,305.64,2.93,D,VIIRS
49.15251,38.09259,349.6,0.33,0.55,2026-08-18,09:24:00,N20,nominal,2.0NRT,305.73,6.38,D,VIIRS
49.28496,38.55805,330.46,0.62,0.54,2026-08-18,09:24:00,N20,low,2.0NRT,301.86,3.8,D,VIIRS
48.78062,37.00284,351.96,0.38,0.58,2026-08-18,09:24:00,N20,nominal,2.0NRT,306.14,16.85,D,VIIRS
49.52883,39.65873,355.48,0.55,0.51,2026-08-18,09:24:00,N20,nominal,2.0NRT,305,13.53,D,VIIRS
48.78207,37.00772,367,0.38,0.58,2026-08-18,09:24:00,N20,high,2.0NRT,300.87,14.98,D,VIIRS
48.34362,35.5972,331.75,0.45,0.63,2026-08-18,09:24:00,N20,nominal,2.0NRT,306.07,4.6,D,VIIRS
48.34534,35.60267,347.06,0.44,0.63,2026-08-18,09:24:00,N20,nominal,2.0NRT,302.91,5.67,D,VIIRS
48.74739,36.91138,367,0.38,0.59,2026-08-18,09:24:00,N20,high,2.0NRT,305.92,4.48,D,VIIRS
48.741,36.90996,333.65,0.38,0.59,2026-08-18,09:24:00,N20,nominal,2.0NRT,304.87,4.48,D,VIIRS
48.74244,36.91477,338.38,0.38,0.59,2026-08-18,09:24:00,N20,nominal,2.0NRT,303.76,4.48,D,VIIRS
47.19663,32.32648,367,0.67,0.73,2026-08-18,09:24:00,N20,high,2.0NRT,303.39,49.53,D,VIIRS
48.31169,35.69874,334.53,0.44,0.62,2026-08-18,09:24:00,N20,nominal,2.0NRT,299.96,2.42,D,VIIRS
48.96955,37.88142,339.97,0.34,0.56,2026-08-18,09:24:00,N20,nominal,2.0NRT,306.39,1.67,D,VIIRS
49.0395,38.14259,334.58,0.33,0.55,2026-08-18,09:24:00,N20,nominal,2.0NRT,305.46,2.34,D,VIIRS
48.90795,37.70958,341.58,0.35,0.57,2026-08-18,09:24:00,N20,nominal,2.0NRT,304.26,2.81,D,VIIRS
48.99217,37.99822,340.62,0.34,0.56,2026-08-18,09:24:00,N20,nominal,2.0NRT,305.73,2.37,D,VIIRS
48.89062,37.68962,339.36,0.35,0.57,2026-08-18,09:24:00,N20,nominal,2.0NRT,304.68,3.9,D,VIIRS
48.30961,35.70051,335.73,0.44,0.62,2026-08-18,09:24:00,N20,nominal,2.0NRT,300.74,3.94,D,VIIRS
48.99413,37.99904,337.17,0.34,0.56,2026-08-18,09:24:00,N20,nominal,2.0NRT,306.24,2.98,D,VIIRS
49.01229,38.06311,339.15,0.33,0.56,2026-08-18,09:24:00,N20,nominal,2.0NRT,307.96,1.57,D,VIIRS
48.88933,37.69236,347.81,0.35,0.57,2026-08-18,09:24:00,N20,nominal,2.0NRT,304.57,3.5,D,VIIRS
48.9452,37.98531,331.01,0.34,0.56,2026-08-18,09:24:00,N20,low,2.0NRT,305.46,2.12,D,VIIRS
48.989,38.17782,341.08,0.33,0.55,2026-08-18,09:24:00,N20,low,2.0NRT,311.43,3.13,D,VIIRS
48.9432,38.03725,351.45,0.34,0.56,2026-08-18,09:24:00,N20,nominal,2.0NRT,306.56,4.69,D,VIIRS
49.08715,38.54425,341,0.63,0.54,2026-08-18,09:24:00,N20,nominal,2.0NRT,305.51,9.42,D,VIIRS
49.08012,38.53871,330.98,0.63,0.54,2026-08-18,09:24:00,N20,low,2.0NRT,305.02,7.34,D,VIIRS
48.58815,36.93018,343.52,0.38,0.59,2026-08-18,09:24:00,N20,nominal,2.0NRT,304.99,4.27,D,VIIRS
48.58966,36.93517,334.65,0.38,0.59,2026-08-18,09:24:00,N20,nominal,2.0NRT,303.39,4.27,D,VIIRS
49.02783,38.43137,346.69,0.32,0.55,2026-08-18,09:24:00,N20,nominal,2.0NRT,304.29,2.7,D,VIIRS
48.22251,35.76895,346.95,0.44,0.62,2026-08-18,09:24:00,N20,nominal,2.0NRT,308.26,4.4,D,VIIRS
48.85108,37.85567,342.09,0.34,0.56,2026-08-18,09:24:00,N20,nominal,2.0NRT,305.31,3.41,D,VIIRS
48.85234,37.85999,337.01,0.34,0.56,2026-08-18,09:24:00,N20,nominal,2.0NRT,302.12,3.41,D,VIIRS
47.83172,34.62723,346.91,0.51,0.66,2026-08-18,09:24:00,N20,nominal,2.0NRT,304.74,16.65,D,VIIRS
48.77852,37.64712,345.63,0.35,0.57,2026-08-18,09:24:00,N20,nominal,2.0NRT,306.47,3.35,D,VIIRS
48.85767,37.91733,332.35,0.34,0.56,2026-08-18,09:24:00,N20,low,2.0NRT,303.5,2.42,D,VIIRS
46.99346,32.24586,333.47,0.68,0.74,2026-08-18,09:24:00,N20,nominal,2.0NRT,298.78,5.11,D,VIIRS
47.82822,34.63721,352.22,0.51,0.66,2026-08-18,09:24:00,N20,nominal,2.0NRT,311.55,22.62,D,VIIRS
47.83026,34.64333,333.54,0.51,0.66,2026-08-18,09:24:00,N20,nominal,2.0NRT,300.99,22.62,D,VIIRS
47.82618,34.63109,367,0.51,0.66,2026-08-18,09:24:00,N20,high,2.0NRT,308.28,16.65,D,VIIRS
48.86316,37.97514,344.52,0.34,0.56,2026-08-18,09:24:00,N20,nominal,2.0NRT,304.94,3.89,D,VIIRS
48.71618,37.49524,340.9,0.36,0.57,2026-08-18,09:24:00,N20,nominal,2.0NRT,303.36,4.03,D,VIIRS
48.76381,37.65588,348.64,0.35,0.57,2026-08-18,09:24:00,N20,nominal,2.0NRT,306.31,4.29,D,VIIRS
48.72176,37.49515,339.1,0.36,0.57,2026-08-18,09:24:00,N20,nominal,2.0NRT,304.36,4.27,D,VIIRS
48.86021,37.97547,335.06,0.34,0.56,2026-08-18,09:24:00,N20,nominal,2.0NRT,304.38,2.42,D,VIIRS
48.9122,38.17807,367,0.33,0.55,2026-08-18,09:24:00,N20,low,2.0NRT,352.13,95.18,D,VIIRS
47.83233,34.6357,349.28,0.51,0.66,2026-08-18,09:24:00,N20,nominal,2.0NRT,305.11,11.47,D,VIIRS
48.76229,37.65467,330.3,0.35,0.57,2026-08-18,09:24:00,N20,nominal,2.0NRT,304.04,2.92,D,VIIRS
48.76368,37.65946,331.99,0.35,0.57,2026-08-18,09:24:00,N20,nominal,2.0NRT,301.82,2.57,D,VIIRS
48.91105,38.17402,349.78,0.33,0.55,2026-08-18,09:24:00,N20,nominal,2.0NRT,308.52,59.72,D,VIIRS
47.83029,34.62949,367,0.51,0.66,2026-08-18,09:24:00,N20,high,2.0NRT,305.71,11.47,D,VIIRS
48.91332,38.18205,367,0.33,0.55,2026-08-18,09:24:00,N20,high,2.0NRT,310.68,95.18,D,VIIRS
48.90758,38.18148,354.76,0.33,0.55,2026-08-18,09:24:00,N20,nominal,2.0NRT,314.4,6.76,D,VIIRS
47.82478,34.63342,367,0.51,0.66,2026-08-18,09:24:00,N20,high,2.0NRT,307.02,15.97,D,VIIRS
47.82678,34.63953,367,0.51,0.66,2026-08-18,09:24:00,N20,high,2.0NRT,307.04,15.97,D,VIIRS
48.90405,38.16907,367,0.33,0.56,2026-08-18,09:24:00,N20,high,2.0NRT,308.97,5.58,D,VIIRS
48.90871,38.18549,367,0.33,0.55,2026-08-18,09:24:00,N20,high,2.0NRT,304.87,6.76,D,VIIRS
47.8094,34.60727,335.27,0.51,0.66,2026-08-18,09:24:00,N20,nominal,2.0NRT,304.07,5.66,D,VIIRS
48.33878,36.27468,354.08,0.42,0.61,2026-08-18,09:24:00,N20,nominal,2.0NRT,306.78,13.27,D,VIIRS
48.69375,37.45892,345.37,0.36,0.58,2026-08-18,09:24:00,N20,nominal,2.0NRT,300.16,3.49,D,VIIRS
48.34042,36.28005,367,0.42,0.61,2026-08-18,09:24:00,N20,high,2.0NRT,304.4,15.06,D,VIIRS
48.57582,37.11903,353.11,0.38,0.59,2026-08-18,09:24:00,N20,nominal,2.0NRT,305.8,9.38,D,VIIRS
48.83022,37.98917,352.56,0.34,0.56,2026-08-18,09:24:00,N20,nominal,2.0NRT,313.55,10.71,D,VIIRS
48.57724,37.12381,367,0.38,0.59,2026-08-18,09:24:00,N20,high,2.0NRT,300.91,9.38,D,VIIRS
48.83143,37.99337,367,0.34,0.56,2026-08-18,09:24:00,N20,high,2.0NRT,305.09,10.71,D,VIIRS
48.77483,37.81675,332.28,0.35,0.57,2026-08-18,09:24:00,N20,low,2.0NRT,307.22,2.07,D,VIIRS
48.82432,37.9883,343.76,0.34,0.56,2026-08-18,09:24:00,N20,nominal,2.0NRT,310.38,15.72,D,VIIRS
48.82552,37.99249,355.16,0.34,0.56,2026-08-18,09:24:00,N20,nominal,2.0NRT,312.2,10.71,D,VIIRS
48.91244,38.29688,352.92,0.33,0.55,2026-08-18,09:24:00,N20,nominal,2.0NRT,314.75,11.61,D,VIIRS
48.82672,37.99666,367,0.34,0.56,2026-08-18,09:24:00,N20,high,2.0NRT,306.71,10.71,D,VIIRS
48.9136,38.30096,367,0.33,0.55,2026-08-18,09:24:00,N20,high,2.0NRT,307.17,11.61,D,VIIRS
48.598,37.23347,332.22,0.37,0.58,2026-08-18,09:24:00,N20,nominal,2.0NRT,300.41,1.96,D,VIIRS
48.8196,37.99157,349.61,0.34,0.56,2026-08-18,09:24:00,N20,nominal,2.0NRT,308.05,4.12,D,VIIRS
48.90894,38.30413,346.96,0.33,0.55,2026-08-18,09:24:00,N20,nominal,2.0NRT,309.63,12.66,D,VIIRS
48.90419,38.2874,367,0.33,0.55,2026-08-18,09:24:00,N20,high,2.0NRT,308.5,6.76,D,VIIRS
48.9054,38.29165,367,0.33,0.55,2026-08-18,09:24:00,N20,high,2.0NRT,311.65,12.39,D,VIIRS
48.9066,38.29587,367,0.33,0.55,2026-08-18,09:24:00,N20,high,2.0NRT,312.87,12.39,D,VIIRS
48.90778,38.30003,367,0.33,0.55,2026-08-18,09:24:00,N20,high,2.0NRT,314.97,12.66,D,VIIRS
48.84906,38.11379,342.1,0.34,0.56,2026-08-18,09:24:00,N20,nominal,2.0NRT,311.91,3.42,D,VIIRS
48.8995,38.29046,351.84,0.33,0.55,2026-08-18,09:24:00,N20,nominal,2.0NRT,310.82,6.76,D,VIIRS
48.20674,35.99042,333.51,0.43,0.62,2026-08-18,09:24:00,N20,nominal,2.0NRT,303.78,41.43,D,VIIRS
48.53495,37.06186,332.7,0.38,0.59,2026-08-18,09:24:00,N20,nominal,2.0NRT,300.32,4.31,D,VIIRS
48.53915,37.0759,353.77,0.38,0.59,2026-08-18,09:24:00,N20,nominal,2.0NRT,304.73,6.09,D,VIIRS
48.89602,38.29779,346.88,0.33,0.55,2026-08-18,09:24:00,N20,nominal,2.0NRT,308.72,4.27,D,VIIRS
48.20841,35.99575,367,0.43,0.62,2026-08-18,09:24:00,N20,high,2.0NRT,302.96,41.43,D,VIIRS
48.88418,38.27579,330.12,0.33,0.55,2026-08-18,09:24:00,N20,nominal,2.0NRT,303.73,1.96,D,VIIRS
48.20155,35.99406,367,0.43,0.62,2026-08-18,09:24:00,N20,high,2.0NRT,330.65,41.43,D,VIIRS
48.20322,35.99938,367,0.43,0.62,2026-08-18,09:24:00,N20,high,2.0NRT,305,41.43,D,VIIRS
47.7818,34.70954,339.66,0.51,0.66,2026-08-18,09:24:00,N20,nominal,2.0NRT,300.43,3.07,D,VIIRS
48.8795,38.27892,345.81,0.33,0.55,2026-08-18,09:24:00,N20,nominal,2.0NRT,307.89,5.03,D,VIIRS
48.88069,38.28309,334.95,0.33,0.55,2026-08-18,09:24:00,N20,low,2.0NRT,308.71,5.03,D,VIIRS
48.8819,38.287350000000004,341.53,0.33,0.55,2026-08-18,09:24:00,N20,nominal,2.0NRT,308.5,2.92,D,VIIRS
48.8831,38.29155,339.56,0.33,0.55,2026-08-18,09:24:00,N20,nominal,2.0NRT,305.35,2.92,D,VIIRS
48.7859,37.95333,367,0.34,0.56,2026-08-18,09:24:00,N20,high,2.0NRT,307.42,9.52,D,VIIRS
48.87836,38.27494,367,0.33,0.55,2026-08-18,09:24:00,N20,high,2.0NRT,310.3,10.37,D,VIIRS
48.83762,38.15223,342.48,0.34,0.56,2026-08-18,09:24:00,N20,nominal,2.0NRT,307.66,4.27,D,VIIRS
48.17592,35.973,367,0.43,0.62,2026-08-18,09:24:00,N20,high,2.0NRT,306.51,24.05,D,VIIRS
48.16906,35.97136,343.21,0.43,0.62,2026-08-18,09:24:00,N20,nominal,2.0NRT,302.13,15.47,D,VIIRS
47.75114,34.67864,367,0.51,0.66,2026-08-18,09:24:00,N20,high,2.0NRT,306.76,20.96,D,VIIRS
48.8284,38.17872,367,0.33,0.56,2026-08-18,09:24:00,N20,high,2.0NRT,314.54,10.05,D,VIIRS
48.76463,37.99737,350.21,0.34,0.56,2026-08-18,09:24:00,N20,nominal,2.0NRT,310.85,25.18,D,VIIRS
48.76593,38.00183,367,0.34,0.56,2026-08-18,09:24:00,N20,high,2.0NRT,310.3,36.63,D,VIIRS
47.45705,33.91082,354.18,0.56,0.69,2026-08-18,09:24:00,N20,nominal,2.0NRT,302.88,11.21,D,VIIRS
47.4594,33.91765,349.12,0.56,0.69,2026-08-18,09:24:00,N20,nominal,2.0NRT,299.85,11.21,D,VIIRS
48.56393,37.37607,348.4,0.37,0.58,2026-08-18,09:24:00,N20,nominal,2.0NRT,302.98,6.14,D,VIIRS
48.75142,38.01048,339.26,0.34,0.56,2026-08-18,09:24:00,N20,nominal,2.0NRT,308.22,4.33,D,VIIRS
47.7489,34.6794,367,0.51,0.66,2026-08-18,09:24:00,N20,high,2.0NRT,305.44,13.98,D,VIIRS
48.76377,38.00536,367,0.34,0.56,2026-08-18,09:24:00,N20,high,2.0NRT,307.35,29.72,D,VIIRS
48.62718,37.57061,330.51,0.36,0.57,2026-08-18,09:24:00,N20,low,2.0NRT,303.77,1.74,D,VIIRS
48.56353,37.37265,338.67,0.37,0.58,2026-08-18,09:24:00,N20,nominal,2.0NRT,302.32,4.03,D,VIIRS
48.56487,37.37724,334.86,0.37,0.58,2026-08-18,09:24:00,N20,nominal,2.0NRT,302.45,3.51,D,VIIRS
48.74924,38.0139,332.47,0.34,0.56,2026-08-18,09:24:00,N20,low,2.0NRT,306.22,3.56,D,VIIRS
48.84196,38.34057,350.22,0.33,0.55,2026-08-18,09:24:00,N20,nominal,2.0NRT,309.54,3.38,D,VIIRS
48.82103,38.28613,336.39,0.33,0.55,2026-08-18,09:24:00,N20,low,2.0NRT,309.83,2.35,D,VIIRS
48.8077,38.23906,367,0.33,0.56,2026-08-18,09:24:00,N20,high,2.0NRT,310.22,6.29,D,VIIRS
47.45843,33.90854,334.17,0.56,0.69,2026-08-18,09:24:00,N20,nominal,2.0NRT,302.18,10.78,D,VIIRS
48.80183,38.23807,345.37,0.33,0.56,2026-08-18,09:24:00,N20,nominal,2.0NRT,310.12,6.29,D,VIIRS
47.46077,33.91544,367,0.56,0.69,2026-08-18,09:24:00,N20,high,2.0NRT,301.95,15.09,D,VIIRS
48.7949,38.25303,336.28,0.33,0.55,2026-08-18,09:24:00,N20,nominal,2.0NRT,309.46,3.02,D,VIIRS
47.63506,34.49949,336.78,0.52,0.67,2026-08-18,09:24:00,N20,nominal,2.0NRT,304.52,4.56,D,VIIRS
48.22476,36.38641,349.95,0.42,0.61,2026-08-18,09:24:00,N20,nominal,2.0NRT,307.39,6.14,D,VIIRS
48.50095,37.30014,335.61,0.37,0.58,2026-08-18,09:24:00,N20,nominal,2.0NRT,303.11,2.98,D,VIIRS
48.66884,37.89251,332.37,0.35,0.57,2026-08-18,09:24:00,N20,low,2.0NRT,304.48,1.68,D,VIIRS
48.89668,38.73095,348.15,0.63,0.54,2026-08-18,09:24:00,N20,nominal,2.0NRT,311.11,16.35,D,VIIRS
48.48845,37.35729,336.93,0.37,0.58,2026-08-18,09:24:00,N20,nominal,2.0NRT,304.29,3.56,D,VIIRS
47.84238,35.29743,367,0.48,0.64,2026-08-18,09:24:00,N20,high,2.0NRT,303.67,9.76,D,VIIRS
48.01525,35.83704,367,0.45,0.63,2026-08-18,09:24:00,N20,high,2.0NRT,307.06,11.19,D,VIIRS
47.83499,35.29501,341.88,0.48,0.64,2026-08-18,09:24:00,N20,nominal,2.0NRT,302.64,9.76,D,VIIRS
47.83689,35.30088,331.27,0.48,0.64,2026-08-18,09:24:00,N20,nominal,2.0NRT,302.74,9.76,D,VIIRS
48.00994,35.8405,353.41,0.45,0.63,2026-08-18,09:24:00,N20,nominal,2.0NRT,307.61,11.19,D,VIIRS
48.29436,36.75363,340.01,0.4,0.6,2026-08-18,09:24:00,N20,nominal,2.0NRT,306.33,3.27,D,VIIRS
48.62756,37.86859,334.83,0.35,0.57,2026-08-18,09:24:00,N20,nominal,2.0NRT,304.99,1.92,D,VIIRS
48.60974,37.80762,367,0.35,0.57,2026-08-18,09:24:00,N20,high,2.0NRT,305.04,5.78,D,VIIRS
48.62032,37.8634,355.96,0.35,0.57,2026-08-18,09:24:00,N20,nominal,2.0NRT,311.56,16.67,D,VIIRS
48.62156,37.86766,367,0.35,0.57,2026-08-18,09:24:00,N20,high,2.0NRT,311.03,11.91,D,VIIRS
48.62281,37.87193,367,0.35,0.57,2026-08-18,09:24:00,N20,high,2.0NRT,311.08,11.91,D,VIIRS
48.57759,37.73738,343.65,0.36,0.57,2026-08-18,09:24:00,N20,nominal,2.0NRT,303.83,2.77,D,VIIRS
48.61799,37.87504,334.3,0.35,0.57,2026-08-18,09:24:00,N20,nominal,2.0NRT,308.57,11.91,D,VIIRS
48.60175,37.8392,337.05,0.35,0.57,2026-08-18,09:24:00,N20,nominal,2.0NRT,302.21,3.98,D,VIIRS
48.46318,37.39108,332.94,0.37,0.58,2026-08-18,09:24:00,N20,low,2.0NRT,306.43,3.12,D,VIIRS
48.60128,37.84265,342.27,0.35,0.57,2026-08-18,09:24:00,N20,nominal,2.0NRT,301.77,4.48,D,VIIRS
48.46496,37.39293,341.21,0.37,0.58,2026-08-18,09:24:00,N20,nominal,2.0NRT,305.7,2.71,D,VIIRS
48.40786,37.25909,356.13,0.38,0.59,2026-08-18,09:24:00,N20,nominal,2.0NRT,307.01,5.52,D,VIIRS
48.40924,37.26375,352.88,0.38,0.59,2026-08-18,09:24:00,N20,nominal,2.0NRT,303.26,5.52,D,VIIRS
47.09261,34.31021,367,0.56,0.68,2026-08-18,09:24:00,N20,high,2.0NRT,306.32,24.3,D,VIIRS
48.01814,37.22484,333.21,0.39,0.59,2026-08-18,09:24:00,N20,nominal,2.0NRT,301.88,7.39,D,VIIRS
47.09038,34.3036,346.59,0.56,0.68,2026-08-18,09:24:00,N20,nominal,2.0NRT,309.69,24.3,D,VIIRS
47.08817,34.29703,341.19,0.56,0.69,2026-08-18,09:24:00,N20,nominal,2.0NRT,308.35,11.09,D,VIIRS
48.0232,37.22166,367,0.39,0.59,2026-08-18,09:24:00,N20,high,2.0NRT,307.93,7.39,D,VIIRS
47.55098,35.69104,338.8,0.47,0.64,2026-08-18,09:24:00,N20,nominal,2.0NRT,305.19,3.58,D,VIIRS
47.19194,34.58653,347.38,0.54,0.68,2026-08-18,09:24:00,N20,nominal,2.0NRT,304.91,7.12,D,VIIRS
46.60892,32.88799,350.44,0.66,0.73,2026-08-18,09:24:00,N20,nominal,2.0NRT,301.05,9.12,D,VIIRS
47.40682,35.22108,338.87,0.5,0.65,2026-08-18,09:24:00,N20,nominal,2.0NRT,307.71,4,D,VIIRS
47.12836,34.37482,331.4,0.55,0.68,2026-08-18,09:24:00,N20,low,2.0NRT,304.53,3.81,D,VIIRS
47.83113,36.54709,367,0.42,0.61,2026-08-18,09:24:00,N20,high,2.0NRT,306.52,14.79,D,VIIRS
47.82953,36.54187,344.07,0.42,0.61,2026-08-18,09:24:00,N20,nominal,2.0NRT,304.66,6.88,D,VIIRS
47.14499,34.40358,335,0.55,0.68,2026-08-18,09:24:00,N20,nominal,2.0NRT,304.47,2.83,D,VIIRS
46.63519,32.89769,346.35,0.66,0.73,2026-08-18,09:24:00,N20,nominal,2.0NRT,302.85,7,D,VIIRS
48.60064,39.1557,340.98,0.62,0.54,2026-08-18,09:24:00,N20,nominal,2.0NRT,302.01,4.59,D,VIIRS
48.03957,37.17586,333.27,0.39,0.59,2026-08-18,09:24:00,N20,low,2.0NRT,305.51,6.48,D,VIIRS
47.89818,36.70584,338.02,0.41,0.61,2026-08-18,09:24:00,N20,nominal,2.0NRT,304.33,2.71,D,VIIRS
47.83073,36.48468,336.72,0.42,0.61,2026-08-18,09:24:00,N20,nominal,2.0NRT,304.49,8.28,D,VIIRS
47.83749,36.4864,336.87,0.42,0.61,2026-08-18,09:24:00,N20,nominal,2.0NRT,302.97,8.28,D,VIIRS
47.83589,36.48117,354.38,0.42,0.61,2026-08-18,09:24:00,N20,nominal,2.0NRT,308.26,8.28,D,VIIRS
48.60335,39.15609,340.18,0.62,0.54,2026-08-18,09:24:00,N20,nominal,2.0NRT,302.53,6.48,D,VIIRS
48.04271,37.1782,333.55,0.39,0.59,2026-08-18,09:24:00,N20,nominal,2.0NRT,302.93,2.5,D,VIIRS
47.89763,36.70524,338.65,0.41,0.61,2026-08-18,09:24:00,N20,nominal,2.0NRT,304.21,1.8,D,VIIRS
47.83592,36.48673,340.05,0.42,0.61,2026-08-18,09:24:00,N20,nominal,2.0NRT,302.37,10.96,D,VIIRS
47.83429,36.48151,353.71,0.42,0.61,2026-08-18,09:24:00,N20,nominal,2.0NRT,310.56,18.86,D,VIIRS
46.63997,32.89739,331.75,0.66,0.73,2026-08-18,09:24:00,N20,low,2.0NRT,303.1,7.19,D,VIIRS
48.19374,37.58174,336.94,0.37,0.58,2026-08-18,09:24:00,N20,nominal,2.0NRT,304.92,7.31,D,VIIRS
48.19236,37.57711,340.02,0.37,0.58,2026-08-18,09:24:00,N20,nominal,2.0NRT,307.48,7.31,D,VIIRS
48.19727,37.57381,367,0.37,0.58,2026-08-18,09:24:00,N20,high,2.0NRT,305.58,7.31,D,VIIRS
48.20002,37.58308,341.26,0.37,0.58,2026-08-18,09:24:00,N20,nominal,2.0NRT,302.26,7.84,D,VIIRS
48.08463,37.19734,344.79,0.39,0.59,2026-08-18,09:24:00,N20,nominal,2.0NRT,305.99,7.18,D,VIIRS
47.52643,35.41216,335.18,0.48,0.65,2026-08-18,09:24:00,N20,nominal,2.0NRT,306.35,1.67,D,VIIRS
48.08968,37.19418,367,0.39,0.59,2026-08-18,09:24:00,N20,high,2.0NRT,310.3,10.19,D,VIIRS
48.08823,37.18935,335.59,0.39,0.59,2026-08-18,09:24:00,N20,nominal,2.0NRT,303.86,13.8,D,VIIRS
48.09619,37.19584,344.31,0.39,0.59,2026-08-18,09:24:00,N20,nominal,2.0NRT,305.54,10.19,D,VIIRS
48.09473,37.19099,350.34,0.39,0.59,2026-08-18,09:24:00,N20,nominal,2.0NRT,303.6,10.19,D,VIIRS
47.72696,35.99825,343.71,0.45,0.63,2026-08-18,09:24:00,N20,nominal,2.0NRT,303.77,7.22,D,VIIRS
47.9958,36.84437,332.11,0.4,0.6,2026-08-18,09:24:00,N20,low,2.0NRT,305.5,3.23,D,VIIRS
47.7882,36.17261,349.16,0.44,0.62,2026-08-18,09:24:00,N20,nominal,2.0NRT,303.63,9.1,D,VIIRS
47.78656,36.16739,355.2,0.44,0.62,2026-08-18,09:24:00,N20,nominal,2.0NRT,308.78,11.55,D,VIIRS
48.17841,37.43086,367,0.38,0.59,2026-08-18,09:24:00,N20,high,2.0NRT,300.93,6.38,D,VIIRS
48.17704,37.42624,343.57,0.38,0.59,2026-08-18,09:24:00,N20,nominal,2.0NRT,302.69,8.38,D,VIIRS
47.27377,34.56087,331.61,0.53,0.67,2026-08-18,09:24:00,N20,low,2.0NRT,305.01,3.75,D,VIIRS
48.11126,37.18605,334.84,0.39,0.59,2026-08-18,09:24:00,N20,nominal,2.0NRT,304.24,5.55,D,VIIRS
47.27723,34.55038,333.25,0.53,0.67,2026-08-18,09:24:00,N20,low,2.0NRT,305.5,4.39,D,VIIRS
47.38291,34.84876,334.09,0.52,0.66,2026-08-18,09:24:00,N20,low,2.0NRT,304.35,3.37,D,VIIRS
47.65249,35.66117,367,0.47,0.64,2026-08-18,09:24:00,N20,high,2.0NRT,310.31,14.86,D,VIIRS
48.17525,37.36037,337.9,0.38,0.59,2026-08-18,09:24:00,N20,nominal,2.0NRT,303.37,2.23,D,VIIRS
47.38636,34.83847,340.55,0.52,0.66,2026-08-18,09:24:00,N20,nominal,2.0NRT,305.49,4.89,D,VIIRS
47.22053,34.31797,367,0.55,0.68,2026-08-18,09:24:00,N20,high,2.0NRT,310.27,124.26,D,VIIRS
48.63363,38.93474,337.28,0.63,0.54,2026-08-18,09:24:00,N20,nominal,2.0NRT,305.24,4.8,D,VIIRS
48.03016,36.85677,339.51,0.4,0.6,2026-08-18,09:24:00,N20,nominal,2.0NRT,301.23,2.11,D,VIIRS
48.63825,38.9318,338.24,0.63,0.54,2026-08-18,09:24:00,N20,nominal,2.0NRT,305.56,4.69,D,VIIRS
47.13998,33.99428,332.49,0.57,0.69,2026-08-18,09:24:00,N20,low,2.0NRT,305.16,2.83,D,VIIRS
47.54726,35.20848,355.7,0.49,0.65,2026-08-18,09:24:00,N20,nominal,2.0NRT,304.1,7.1,D,VIIRS
47.54534,35.20253,331.99,0.49,0.65,2026-08-18,09:24:00,N20,nominal,2.0NRT,304.77,8.05,D,VIIRS
47.88397,36.23624,332.71,0.43,0.62,2026-08-18,09:24:00,N20,nominal,2.0NRT,302.99,2.06,D,VIIRS
48.10077,36.92953,367,0.4,0.6,2026-08-18,09:24:00,N20,high,2.0NRT,307.65,11.03,D,VIIRS
48.53793,38.43507,332.96,0.33,0.56,2026-08-18,09:24:00,N20,nominal,2.0NRT,301.92,1.12,D,VIIRS
48.07527,36.84449,331.6,0.4,0.6,2026-08-18,09:24:00,N20,nominal,2.0NRT,302.58,2.49,D,VIIRS
47.54445,35.20892,367,0.49,0.65,2026-08-18,09:24:00,N20,high,2.0NRT,305.67,13.93,D,VIIRS
48.53581,38.43302,334.15,0.33,0.56,2026-08-18,09:24:00,N20,nominal,2.0NRT,304.87,1.04,D,VIIRS
48.10254,36.93167,343.1,0.4,0.6,2026-08-18,09:24:00,N20,nominal,2.0NRT,305.31,7.77,D,VIIRS
48.10102,36.92672,355.7,0.4,0.6,2026-08-18,09:24:00,N20,nominal,2.0NRT,306.67,9.57,D,VIIRS
48.07511,36.842,332.18,0.4,0.6,2026-08-18,09:24:00,N20,nominal,2.0NRT,302.9,1.91,D,VIIRS
48.15352,37.07935,331.49,0.39,0.59,2026-08-18,09:24:00,N20,nominal,2.0NRT,301.24,4.24,D,VIIRS
48.15206,37.07453,353.41,0.39,0.59,2026-08-18,09:24:00,N20,nominal,2.0NRT,305.42,4.24,D,VIIRS
48.05565,36.75861,331.69,0.41,0.6,2026-08-18,09:24:00,N20,low,2.0NRT,304.42,3.3,D,VIIRS
48.06694,36.77538,330.43,0.41,0.6,2026-08-18,09:24:00,N20,low,2.0NRT,304.86,2.46,D,VIIRS
47.97639,36.4818,344.71,0.42,0.61,2026-08-18,09:24:00,N20,nominal,2.0NRT,300.98,4.37,D,VIIRS
47.73408,35.69241,333.13,0.46,0.64,2026-08-18,09:24:00,N20,low,2.0NRT,305.1,3.21,D,VIIRS
47.40796,34.65147,334.24,0.52,0.67,2026-08-18,09:24:00,N20,low,2.0NRT,305.9,6.57,D,VIIRS
47.40601,34.6456,333.79,0.52,0.67,2026-08-18,09:24:00,N20,low,2.0NRT,306.52,6.23,D,VIIRS
48.06313,36.66263,331.39,0.41,0.61,2026-08-18,09:24:00,N20,low,2.0NRT,305.87,2.18,D,VIIRS
46.67881,32.4606,333.26,0.69,0.74,2026-08-18,09:24:00,N20,nominal,2.0NRT,299.76,4.82,D,VIIRS
46.67593,32.45261,330.28,0.69,0.74,2026-08-18,09:24:00,N20,nominal,2.0NRT,299.4,4.82,D,VIIRS
48.36327,37.60323,367,0.37,0.58,2026-08-18,09:24:00,N20,high,2.0NRT,305.09,13.28,D,VIIRS
48.10606,36.74286,351.8,0.41,0.6,2026-08-18,09:24:00,N20,nominal,2.0NRT,306.89,9.48,D,VIIRS
48.10458,36.73798,345.62,0.41,0.6,2026-08-18,09:24:00,N20,nominal,2.0NRT,311.31,9.48,D,VIIRS
48.11264,36.74436,367,0.41,0.6,2026-08-18,09:24:00,N20,high,2.0NRT,303.04,18.07,D,VIIRS
47.90357,36.06573,367,0.44,0.62,2026-08-18,09:24:00,N20,high,2.0NRT,302.17,16.11,D,VIIRS
48.11119,36.73958,351.77,0.41,0.6,2026-08-18,09:24:00,N20,nominal,2.0NRT,309.91,9.48,D,VIIRS
47.02916,33.40974,335.52,0.61,0.71,2026-08-18,09:24:00,N20,nominal,2.0NRT,299.44,4.03,D,VIIRS
48.52848,38.13291,367,0.34,0.56,2026-08-18,09:24:00,N20,high,2.0NRT,308.49,8.73,D,VIIRS
48.52722,38.12849,367,0.34,0.56,2026-08-18,09:24:00,N20,high,2.0NRT,309.03,6.73,D,VIIRS
48.52974,38.13728,331.81,0.34,0.56,2026-08-18,09:24:00,N20,nominal,2.0NRT,304.71,8.73,D,VIIRS
48.52594,38.12402,336.13,0.34,0.56,2026-08-18,09:24:00,N20,nominal,2.0NRT,308.25,6.73,D,VIIRS
48.52465,38.11954,339.45,0.34,0.56,2026-08-18,09:24:00,N20,nominal,2.0NRT,308.35,4.7,D,VIIRS
48.33397,37.46377,337.79,0.37,0.58,2026-08-18,09:24:00,N20,nominal,2.0NRT,306.42,3.41,D,VIIRS
47.99919,36.35352,330.98,0.42,0.61,2026-08-18,09:24:00,N20,low,2.0NRT,301.02,2.23,D,VIIRS
46.89345,32.99957,336.31,0.64,0.72,2026-08-18,09:24:00,N20,nominal,2.0NRT,305.94,3.94,D,VIIRS
48.53332,38.13003,367,0.34,0.56,2026-08-18,09:24:00,N20,high,2.0NRT,307.4,8.73,D,VIIRS
48.08448,36.61142,367,0.41,0.61,2026-08-18,09:24:00,N20,high,2.0NRT,303.98,7.85,D,VIIRS
47.36789,34.36435,367,0.54,0.68,2026-08-18,09:24:00,N20,high,2.0NRT,303.54,20.85,D,VIIRS
47.36356,34.35135,367,0.54,0.68,2026-08-18,09:24:00,N20,high,2.0NRT,309.18,20.52,D,VIIRS
48.53206,38.12562,354.73,0.34,0.56,2026-08-18,09:24:00,N20,nominal,2.0NRT,313.02,6.73,D,VIIRS
48.53078,38.12117,338.14,0.34,0.56,2026-08-18,09:24:00,N20,nominal,2.0NRT,307.59,6.73,D,VIIRS
48.46262,37.88441,331.04,0.35,0.57,2026-08-18,09:24:00,N20,low,2.0NRT,303.73,1.73,D,VIIRS
48.08293,36.60633,336.54,0.41,0.61,2026-08-18,09:24:00,N20,nominal,2.0NRT,303.77,7.85,D,VIIRS
48.00435,36.34994,337.59,0.42,0.61,2026-08-18,09:24:00,N20,nominal,2.0NRT,302.16,2.23,D,VIIRS
47.36572,34.35785,354.43,0.54,0.68,2026-08-18,09:24:00,N20,nominal,2.0NRT,310.15,20.52,D,VIIRS
47.37568,34.36679,367,0.54,0.68,2026-08-18,09:24:00,N20,high,2.0NRT,303.63,136.11,D,VIIRS
48.39469,37.63084,330.28,0.36,0.58,2026-08-18,09:24:00,N20,low,2.0NRT,304.42,2.9,D,VIIRS
47.37135,34.35376,354.34,0.54,0.68,2026-08-18,09:24:00,N20,nominal,2.0NRT,309.67,65.28,D,VIIRS
46.9629,33.15519,337.39,0.63,0.72,2026-08-18,09:24:00,N20,nominal,2.0NRT,306.52,6.44,D,VIIRS
47.37352,34.36028,367,0.54,0.68,2026-08-18,09:24:00,N20,low,2.0NRT,337.78,136.11,D,VIIRS
47.38131,34.36273,367,0.54,0.68,2026-08-18,09:24:00,N20,high,2.0NRT,303.56,136.11,D,VIIRS
48.40085,37.63199,346.77,0.36,0.58,2026-08-18,09:24:00,N20,nominal,2.0NRT,305.46,2.9,D,VIIRS
48.09017,36.58959,334.43,0.41,0.61,2026-08-18,09:24:00,N20,nominal,2.0NRT,303.39,2.42,D,VIIRS
47.37697,34.3497,344.19,0.54,0.68,2026-08-18,09:24:00,N20,nominal,2.0NRT,305.81,65.28,D,VIIRS
47.37914,34.35622,367,0.54,0.68,2026-08-18,09:24:00,N20,low,2.0NRT,333.96,136.11,D,VIIRS
47.38692,34.35863,367,0.54,0.68,2026-08-18,09:24:00,N20,high,2.0NRT,304.85,105.71,D,VIIRS
48.2489,37.09651,341.56,0.39,0.59,2026-08-18,09:24:00,N20,nominal,2.0NRT,301.81,4.36,D,VIIRS
47.78221,35.57736,344.53,0.47,0.64,2026-08-18,09:24:00,N20,nominal,2.0NRT,307.29,7.45,D,VIIRS
47.78042,35.57171,333.65,0.47,0.64,2026-08-18,09:24:00,N20,low,2.0NRT,307.82,9.53,D,VIIRS
47.3826,34.34562,331.33,0.54,0.68,2026-08-18,09:24:00,N20,low,2.0NRT,304.44,24.79,D,VIIRS
47.38476,34.35213,207.93,0.54,0.68,2026-08-18,09:24:00,N20,low,2.0NRT,323.71,105.71,D,VIIRS
47.36561,34.25247,352.94,0.55,0.68,2026-08-18,09:24:00,N20,nominal,2.0NRT,301.7,6.87,D,VIIRS
47.36342,34.24588,336.79,0.55,0.68,2026-08-18,09:24:00,N20,nominal,2.0NRT,304.86,6.7,D,VIIRS
47.70827,35.28276,367,0.48,0.65,2026-08-18,09:24:00,N20,high,2.0NRT,303.23,31.95,D,VIIRS
48.38181,37.48677,342.38,0.37,0.58,2026-08-18,09:24:00,N20,nominal,2.0NRT,301.16,2.33,D,VIIRS
47.7064,35.27689,338.14,0.48,0.65,2026-08-18,09:24:00,N20,nominal,2.0NRT,312.24,31.95,D,VIIRS
47.70453,35.27103,338.77,0.48,0.65,2026-08-18,09:24:00,N20,nominal,2.0NRT,306.82,14.9,D,VIIRS
47.37126,34.24837,340.08,0.55,0.68,2026-08-18,09:24:00,N20,nominal,2.0NRT,301.52,6.87,D,VIIRS
47.36907,34.24178,338.94,0.55,0.68,2026-08-18,09:24:00,N20,nominal,2.0NRT,303.97,6.7,D,VIIRS
47.36671,34.36209,367,0.54,0.68,2026-08-18,09:24:00,N20,high,2.0NRT,304.94,48.23,D,VIIRS
48.41387,37.65604,335.84,0.36,0.58,2026-08-18,09:24:00,N20,nominal,2.0NRT,303.49,2.31,D,VIIRS
48.08891,36.58624,335.77,0.41,0.61,2026-08-18,09:24:00,N20,nominal,2.0NRT,305.29,3.16,D,VIIRS
47.36452,34.35563,354.98,0.54,0.68,2026-08-18,09:24:00,N20,nominal,2.0NRT,310.14,48.23,D,VIIRS
47.36232,34.34914,346.79,0.54,0.68,2026-08-18,09:24:00,N20,nominal,2.0NRT,309.17,19.82,D,VIIRS
46.89183,32.99858,337.93,0.64,0.72,2026-08-18,09:24:00,N20,nominal,2.0NRT,305.79,3.56,D,VIIRS
47.37454,34.36453,367,0.54,0.68,2026-08-18,09:24:00,N20,high,2.0NRT,305.87,146.08,D,VIIRS
48.25018,37.09148,338.48,0.39,0.59,2026-08-18,09:24:00,N20,nominal,2.0NRT,303.88,4.52,D,VIIRS
47.37014,34.35155,353.69,0.54,0.68,2026-08-18,09:24:00,N20,nominal,2.0NRT,310.16,48.23,D,VIIRS
47.37234,34.35805,367,0.54,0.68,2026-08-18,09:24:00,N20,low,2.0NRT,325.26,48.23,D,VIIRS
47.38018,34.36051,367,0.54,0.68,2026-08-18,09:24:00,N20,high,2.0NRT,320.9,218.04,D,VIIRS
47.78136,35.57436,349.33,0.47,0.64,2026-08-18,09:24:00,N20,nominal,2.0NRT,308.07,9.06,D,VIIRS
47.38237,34.36696,331.9,0.54,0.68,2026-08-18,09:24:00,N20,nominal,2.0NRT,300.67,218.04,D,VIIRS
47.37578,34.34752,336.28,0.54,0.68,2026-08-18,09:24:00,N20,nominal,2.0NRT,304.89,155.87,D,VIIRS
46.96204,33.15362,337.9,0.63,0.72,2026-08-18,09:24:00,N20,nominal,2.0NRT,305.53,5.74,D,VIIRS
47.37798,34.35402,207.93,0.54,0.68,2026-08-18,09:24:00,N20,low,2.0NRT,318.12,155.87,D,VIIRS
48.46645,37.75523,367,0.36,0.57,2026-08-18,09:24:00,N20,high,2.0NRT,305.35,5.68,D,VIIRS
48.3083,37.22422,331.05,0.38,0.59,2026-08-18,09:24:00,N20,nominal,2.0NRT,303.39,1.59,D,VIIRS
47.69681,35.27288,338.19,0.48,0.65,2026-08-18,09:24:00,N20,nominal,2.0NRT,303.88,11.21,D,VIIRS
47.39143,34.35238,334.51,0.54,0.68,2026-08-18,09:24:00,N20,nominal,2.0NRT,299.3,4.58,D,VIIRS
47.70608,35.28093,367,0.48,0.65,2026-08-18,09:24:00,N20,high,2.0NRT,304.03,9.57,D,VIIRS
48.28755,37.13558,345.2,0.38,0.59,2026-08-18,09:24:00,N20,nominal,2.0NRT,301.61,3.91,D,VIIRS
47.36406,34.25072,334.19,0.55,0.68,2026-08-18,09:24:00,N20,nominal,2.0NRT,301.08,3.22,D,VIIRS
47.71152,35.27722,367,0.48,0.65,2026-08-18,09:24:00,N20,high,2.0NRT,312.28,55.95,D,VIIRS
47.36972,34.24667,367,0.55,0.68,2026-08-18,09:24:00,N20,high,2.0NRT,303.96,7.43,D,VIIRS
47.71339,35.28298,336.65,0.48,0.65,2026-08-18,09:24:00,N20,nominal,2.0NRT,303.05,55.95,D,VIIRS
47.70967,35.27152,353.4,0.48,0.65,2026-08-18,09:24:00,N20,nominal,2.0NRT,308.56,59.59,D,VIIRS
47.36749,34.24009,331.16,0.55,0.68,2026-08-18,09:24:00,N20,nominal,2.0NRT,303.25,7.43,D,VIIRS
47.7189,35.27949,367,0.48,0.65,2026-08-18,09:24:00,N20,high,2.0NRT,301.77,55.95,D,VIIRS
48.35197,37.29045,337.06,0.38,0.59,2026-08-18,09:24:00,N20,nominal,2.0NRT,303.66,2.13,D,VIIRS
48.34013,37.23103,354.48,0.38,0.59,2026-08-18,09:24:00,N20,nominal,2.0NRT,305.49,8.25,D,VIIRS
47.515,34.6176,333.39,0.52,0.67,2026-08-18,09:24:00,N20,low,2.0NRT,307.49,2.72,D,VIIRS
47.70225,35.16672,333.75,0.49,0.65,2026-08-18,09:24:00,N20,low,2.0NRT,305.08,7.95,D,VIIRS
47.39231,34.2303,333.2,0.55,0.68,2026-08-18,09:24:00,N20,nominal,2.0NRT,302.94,2.94,D,VIIRS
47.7134,35.18053,343.46,0.49,0.65,2026-08-18,09:24:00,N20,nominal,2.0NRT,301.08,6.31,D,VIIRS
47.71152,35.17471,342.09,0.49,0.65,2026-08-18,09:24:00,N20,nominal,2.0NRT,302.35,6.31,D,VIIRS
47.71885,35.17677,367,0.49,0.65,2026-08-18,09:24:00,N20,high,2.0NRT,301.21,27.37,D,VIIRS
47.71695,35.17091,341.11,0.49,0.65,2026-08-18,09:24:00,N20,nominal,2.0NRT,310.19,27.37,D,VIIRS
47.78116,35.34925,367,0.48,0.64,2026-08-18,09:24:00,N20,high,2.0NRT,309.17,13.8,D,VIIRS
48.57831,37.96123,353.13,0.35,0.57,2026-08-18,09:24:00,N20,nominal,2.0NRT,305.8,6.46,D,VIIRS
48.26476,36.90055,342.17,0.39,0.6,2026-08-18,09:24:00,N20,nominal,2.0NRT,302.93,4.59,D,VIIRS
48.25599,36.87152,331.04,0.4,0.6,2026-08-18,09:24:00,N20,nominal,2.0NRT,301.83,2.13,D,VIIRS
47.78307,35.35517,344.37,0.48,0.64,2026-08-18,09:24:00,N20,nominal,2.0NRT,305.72,9.77,D,VIIRS
47.59642,34.76034,355.39,0.51,0.66,2026-08-18,09:24:00,N20,nominal,2.0NRT,302.4,5.94,D,VIIRS
48.41837,37.37455,344.91,0.37,0.58,2026-08-18,09:24:00,N20,nominal,2.0NRT,303.59,3.76,D,VIIRS
48.39074,37.28129,330.58,0.38,0.58,2026-08-18,09:24:00,N20,low,2.0NRT,302.26,2.95,D,VIIRS
48.55213,37.8115,340.17,0.35,0.57,2026-08-18,09:24:00,N20,nominal,2.0NRT,305.33,3.36,D,VIIRS
48.4919,37.60471,332.36,0.36,0.58,2026-08-18,09:24:00,N20,nominal,2.0NRT,301.56,2.71,D,VIIRS
48.49062,37.60032,330.32,0.36,0.58,2026-08-18,09:24:00,N20,nominal,2.0NRT,303.61,2.71,D,VIIRS
48.21846,36.68737,344.77,0.4,0.6,2026-08-18,09:24:00,N20,nominal,2.0NRT,307.03,5.46,D,VIIRS
48.53075,37.71804,333.44,0.36,0.57,2026-08-18,09:24:00,N20,nominal,2.0NRT,301.92,1.45,D,VIIRS
48.57721,37.85849,334.4,0.35,0.57,2026-08-18,09:24:00,N20,nominal,2.0NRT,301.89,1.49,D,VIIRS
48.40294,37.26246,347.8,0.38,0.59,2026-08-18,09:24:00,N20,nominal,2.0NRT,308.98,5.52,D,VIIRS
45.28482,34.30033,343.7,0.64,0.72,2026-08-18,09:24:00,N20,nominal,2.0NRT,304.3,9.67,D,VIIRS
47.0205,37.22705,334.16,0.42,0.61,2026-08-18,09:24:00,N20,low,2.0NRT,306.8,4.63,D,VIIRS
46.98743,37.18472,330.3,0.42,0.61,2026-08-18,09:24:00,N20,low,2.0NRT,304.65,5.39,D,VIIRS
47.01868,37.2257,332.67,0.42,0.61,2026-08-18,09:24:00,N20,low,2.0NRT,305.36,3.65,D,VIIRS
46.38964,35.02721,338.62,0.55,0.68,2026-08-18,09:24:00,N20,nominal,2.0NRT,305.8,1.77,D,VIIRS
46.82483,36.29441,338.09,0.47,0.64,2026-08-18,09:24:00,N20,nominal,2.0NRT,306.15,4.45,D,VIIRS
46.95602,36.61319,341.61,0.45,0.63,2026-08-18,09:24:00,N20,nominal,2.0NRT,305.54,6.33,D,VIIRS
46.92533,36.36582,332.12,0.46,0.64,2026-08-18,09:24:00,N20,nominal,2.0NRT,303.39,4.46,D,VIIRS
46.93068,36.36228,367,0.46,0.64,2026-08-18,09:24:00,N20,high,2.0NRT,304.2,4.46,D,VIIRS
46.92894,36.35675,342.69,0.46,0.64,2026-08-18,09:24:00,N20,nominal,2.0NRT,308,4.46,D,VIIRS
47.03938,36.69045,348.59,0.44,0.62,2026-08-18,09:24:00,N20,nominal,2.0NRT,303.86,7.79,D,VIIRS
46.93433,36.35333,339.27,0.46,0.64,2026-08-18,09:24:00,N20,nominal,2.0NRT,305.28,3.07,D,VIIRS
46.87805,36.17456,332.38,0.47,0.64,2026-08-18,09:24:00,N20,low,2.0NRT,305.54,2.3,D,VIIRS
46.37608,34.61197,338.3,0.57,0.69,2026-08-18,09:24:00,N20,nominal,2.0NRT,305.91,5.56,D,VIIRS
46.38185,34.60795,356.3,0.57,0.69,2026-08-18,09:24:00,N20,nominal,2.0NRT,306.61,9.98,D,VIIRS
46.89953,36.09761,367,0.47,0.64,2026-08-18,09:24:00,N20,high,2.0NRT,308.59,5.35,D,VIIRS
46.89773,36.09187,331.72,0.47,0.64,2026-08-18,09:24:00,N20,nominal,2.0NRT,305.93,5.35,D,VIIRS
47.61641,38.44893,334.18,0.36,0.57,2026-08-18,09:24:00,N20,low,2.0NRT,305.43,2.99,D,VIIRS
46.89469,36.10617,331.27,0.47,0.64,2026-08-18,09:24:00,N20,low,2.0NRT,303.35,5.82,D,VIIRS
47.61767,38.45008,335.8,0.35,0.57,2026-08-18,09:24:00,N20,nominal,2.0NRT,303.29,3.32,D,VIIRS
46.89823,36.09676,351.89,0.47,0.64,2026-08-18,09:24:00,N20,nominal,2.0NRT,308.25,5.82,D,VIIRS
46.90175,36.08726,330.17,0.47,0.64,2026-08-18,09:24:00,N20,low,2.0NRT,301.64,1.54,D,VIIRS
47.5969,38.27986,354.55,0.36,0.57,2026-08-18,09:24:00,N20,nominal,2.0NRT,301.6,5.3,D,VIIRS
47.04736,36.42377,367,0.45,0.63,2026-08-18,09:24:00,N20,high,2.0NRT,306.67,28.49,D,VIIRS
47.04568,36.41843,353.36,0.45,0.63,2026-08-18,09:24:00,N20,nominal,2.0NRT,310.57,28.49,D,VIIRS
47.05264,36.42014,354.08,0.45,0.63,2026-08-18,09:24:00,N20,nominal,2.0NRT,303.99,28.49,D,VIIRS
47.05098,36.41485,350.93,0.45,0.63,2026-08-18,09:24:00,N20,nominal,2.0NRT,315.63,28.49,D,VIIRS
47.04929,36.40946,345.34,0.45,0.63,2026-08-18,09:24:00,N20,nominal,2.0NRT,314.11,48.11,D,VIIRS
47.49621,37.79679,347.81,0.38,0.59,2026-08-18,09:24:00,N20,nominal,2.0NRT,304.56,3.86,D,VIIRS
47.09231,36.36204,367,0.45,0.63,2026-08-18,09:24:00,N20,high,2.0NRT,304.42,7.29,D,VIIRS
46.93733,35.86846,337.44,0.48,0.65,2026-08-18,09:24:00,N20,nominal,2.0NRT,309.79,33.56,D,VIIRS
47.08564,36.31992,367,0.46,0.63,2026-08-18,09:24:00,N20,high,2.0NRT,307.62,18.78,D,VIIRS
46.94463,35.87067,367,0.48,0.65,2026-08-18,09:24:00,N20,high,2.0NRT,303.92,60.14,D,VIIRS
46.94277,35.8648,314.08,0.48,0.65,2026-08-18,09:24:00,N20,low,2.0NRT,319,33.56,D,VIIRS
47.09331,36.36098,367,0.45,0.63,2026-08-18,09:24:00,N20,high,2.0NRT,303.77,4.27,D,VIIRS
47.09157,36.35548,331.61,0.45,0.63,2026-08-18,09:24:00,N20,nominal,2.0NRT,302.2,4.27,D,VIIRS
47.08646,36.31902,367,0.46,0.63,2026-08-18,09:24:00,N20,high,2.0NRT,305.55,16.71,D,VIIRS
46.94334,35.87165,367,0.48,0.65,2026-08-18,09:24:00,N20,high,2.0NRT,303.3,55.75,D,VIIRS
46.94146,35.86581,367,0.48,0.65,2026-08-18,09:24:00,N20,high,2.0NRT,325.32,55.75,D,VIIRS
47.08469,36.31345,332.88,0.46,0.63,2026-08-18,09:24:00,N20,nominal,2.0NRT,302.52,10.62,D,VIIRS
46.81842,35.4048,330.92,0.51,0.66,2026-08-18,09:24:00,N20,low,2.0NRT,302.9,3.71,D,VIIRS
46.96846,35.82628,336.73,0.48,0.65,2026-08-18,09:24:00,N20,nominal,2.0NRT,304.2,3.57,D,VIIRS
46.97762,35.83422,367,0.48,0.65,2026-08-18,09:24:00,N20,high,2.0NRT,307.52,17.02,D,VIIRS
46.98489,35.83626,334.78,0.48,0.65,2026-08-18,09:24:00,N20,nominal,2.0NRT,306.26,8.38,D,VIIRS
46.99218,35.83836,332.75,0.48,0.65,2026-08-18,09:24:00,N20,low,2.0NRT,303.78,6.23,D,VIIRS
47.37179,36.91163,330.19,0.42,0.61,2026-08-18,09:24:00,N20,low,2.0NRT,302.43,1.85,D,VIIRS
47.08664,35.94939,336.09,0.47,0.64,2026-08-18,09:24:00,N20,nominal,2.0NRT,305.32,4.92,D,VIIRS
46.86239,35.24772,331.08,0.52,0.67,2026-08-18,09:24:00,N20,nominal,2.0NRT,305.2,1.84,D,VIIRS
47.09377,35.95126,367,0.47,0.64,2026-08-18,09:24:00,N20,high,2.0NRT,304.95,6.6,D,VIIRS
46.86795,35.24386,367,0.52,0.67,2026-08-18,09:24:00,N20,high,2.0NRT,305.17,7.77,D,VIIRS
47.09199,35.9456,330.73,0.47,0.64,2026-08-18,09:24:00,N20,nominal,2.0NRT,305.25,6.6,D,VIIRS
47.08537,35.94891,338.02,0.47,0.64,2026-08-18,09:24:00,N20,nominal,2.0NRT,305.56,5.11,D,VIIRS
47.09254,35.95079,367,0.47,0.64,2026-08-18,09:24:00,N20,high,2.0NRT,306.26,12.04,D,VIIRS
46.86331,35.24626,367,0.52,0.66,2026-08-18,09:24:00,N20,high,2.0NRT,306.35,14.66,D,VIIRS
46.53351,34.1812,367,0.59,0.7,2026-08-18,09:24:00,N20,high,2.0NRT,307.82,7.12,D,VIIRS
46.51555,34.10763,367,0.59,0.7,2026-08-18,09:24:00,N20,high,2.0NRT,306.69,37.5,D,VIIRS
47.29132,36.47651,337.91,0.44,0.63,2026-08-18,09:24:00,N20,nominal,2.0NRT,303.06,4.12,D,VIIRS
47.28969,36.47131,338.53,0.44,0.63,2026-08-18,09:24:00,N20,nominal,2.0NRT,307.54,5.67,D,VIIRS
46.53932,34.17707,334.51,0.59,0.7,2026-08-18,09:24:00,N20,nominal,2.0NRT,308.35,7.12,D,VIIRS
47.20218,36.00775,367,0.47,0.64,2026-08-18,09:24:00,N20,high,2.0NRT,307.54,12.05,D,VIIRS
47.92896,38.40863,342.91,0.35,0.57,2026-08-18,09:24:00,N20,nominal,2.0NRT,304,2.95,D,VIIRS
47.16055,35.85527,334.86,0.48,0.64,2026-08-18,09:24:00,N20,nominal,2.0NRT,304.97,3.57,D,VIIRS
47.15871,35.84945,344.74,0.48,0.64,2026-08-18,09:24:00,N20,nominal,2.0NRT,305.39,3.57,D,VIIRS
46.5997,34.14241,336.85,0.59,0.7,2026-08-18,09:24:00,N20,low,2.0NRT,309.4,6.44,D,VIIRS
46.95044,35.17919,367,0.52,0.67,2026-08-18,09:24:00,N20,high,2.0NRT,307.1,11.47,D,VIIRS
47.1642,35.84604,332.55,0.48,0.64,2026-08-18,09:24:00,N20,nominal,2.0NRT,304.94,4.52,D,VIIRS
47.16238,35.84029,333.53,0.48,0.64,2026-08-18,09:24:00,N20,nominal,2.0NRT,303.96,3.71,D,VIIRS
47.44978,36.74484,335.24,0.43,0.62,2026-08-18,09:24:00,N20,low,2.0NRT,308.14,23.88,D,VIIRS
47.44814,36.73949,355.15,0.43,0.62,2026-08-18,09:24:00,N20,nominal,2.0NRT,312.14,23.88,D,VIIRS
47.44652,36.73417,343.16,0.43,0.62,2026-08-18,09:24:00,N20,nominal,2.0NRT,306.22,23.22,D,VIIRS
47.09176,35.59725,348.86,0.49,0.65,2026-08-18,09:24:00,N20,nominal,2.0NRT,307.95,7.12,D,VIIRS
46.631100000000004,34.17143,337.55,0.58,0.7,2026-08-18,09:24:00,N20,nominal,2.0NRT,307.12,7.01,D,VIIRS
46.63921,34.17418,350.48,0.58,0.7,2026-08-18,09:24:00,N20,nominal,2.0NRT,305.47,10.85,D,VIIRS
46.63688,34.16727,355.11,0.58,0.7,2026-08-18,09:24:00,N20,nominal,2.0NRT,308.26,7.01,D,VIIRS
47.20208,36.00741,367,0.47,0.64,2026-08-18,09:24:00,N20,high,2.0NRT,307.06,11.24,D,VIIRS
47.15976,35.85555,333.32,0.47,0.64,2026-08-18,09:24:00,N20,low,2.0NRT,304.7,3.77,D,VIIRS
47.15789,35.84975,343.07,0.48,0.64,2026-08-18,09:24:00,N20,nominal,2.0NRT,305.07,4.65,D,VIIRS
47.44797,36.745,339.22,0.43,0.62,2026-08-18,09:24:00,N20,nominal,2.0NRT,308.3,17.82,D,VIIRS
47.44632,36.73968,353.8,0.43,0.62,2026-08-18,09:24:00,N20,nominal,2.0NRT,314.56,23.59,D,VIIRS
47.44468,36.73443,340.77,0.43,0.62,2026-08-18,09:24:00,N20,nominal,2.0NRT,305.38,23.59,D,VIIRS
47.16153,35.84063,339.73,0.48,0.64,2026-08-18,09:24:00,N20,nominal,2.0NRT,304.63,5.89,D,VIIRS
46.94652,35.18246,337.26,0.52,0.66,2026-08-18,09:24:00,N20,nominal,2.0NRT,305.59,7.45,D,VIIRS
46.95208,35.17863,367,0.52,0.66,2026-08-18,09:24:00,N20,high,2.0NRT,305.4,7.45,D,VIIRS
46.60005,34.13529,343.17,0.59,0.7,2026-08-18,09:24:00,N20,nominal,2.0NRT,308.88,7.55,D,VIIRS
47.09526,35.59491,347.16,0.49,0.65,2026-08-18,09:24:00,N20,nominal,2.0NRT,306.8,8.77,D,VIIRS
47.42941,36.62482,354.16,0.43,0.62,2026-08-18,09:24:00,N20,nominal,2.0NRT,306.47,9.86,D,VIIRS
47.31388,36.25667,336.1,0.45,0.63,2026-08-18,09:24:00,N20,nominal,2.0NRT,307.16,4.21,D,VIIRS
46.63403,34.17115,367,0.58,0.7,2026-08-18,09:24:00,N20,high,2.0NRT,307.65,6.11,D,VIIRS
46.64218,34.17389,337.22,0.58,0.7,2026-08-18,09:24:00,N20,nominal,2.0NRT,303.84,6.11,D,VIIRS
46.63983,34.16702,347.87,0.58,0.7,2026-08-18,09:24:00,N20,nominal,2.0NRT,306.76,6.11,D,VIIRS
46.82661,34.69769,332.49,0.55,0.68,2026-08-18,09:24:00,N20,low,2.0NRT,305.63,4.57,D,VIIRS
46.81483,34.64163,336.63,0.55,0.68,2026-08-18,09:24:00,N20,low,2.0NRT,307.54,6.05,D,VIIRS
47.95777,38.28392,335.49,0.35,0.57,2026-08-18,09:24:00,N20,nominal,2.0NRT,305.86,2.02,D,VIIRS
47.20294,35.80558,337.19,0.48,0.64,2026-08-18,09:24:00,N20,nominal,2.0NRT,305.28,3.79,D,VIIRS
46.93359,34.97746,332.78,0.53,0.67,2026-08-18,09:24:00,N20,low,2.0NRT,303.91,3.64,D,VIIRS
46.82053,34.63767,337.47,0.55,0.68,2026-08-18,09:24:00,N20,low,2.0NRT,307.95,5.77,D,VIIRS
47.75142,37.44069,367,0.39,0.59,2026-08-18,09:24:00,N20,high,2.0NRT,307.8,16.47,D,VIIRS
47.75,37.43592,352.41,0.39,0.59,2026-08-18,09:24:00,N20,nominal,2.0NRT,311.16,13.06,D,VIIRS
46.33074,33.06437,333.72,0.67,0.73,2026-08-18,09:24:00,N20,low,2.0NRT,305.07,10.71,D,VIIRS
47.75785,37.44219,367,0.39,0.59,2026-08-18,09:24:00,N20,high,2.0NRT,304.63,48.99,D,VIIRS
47.755,37.43256,355.68,0.39,0.59,2026-08-18,09:24:00,N20,nominal,2.0NRT,315,17.82,D,VIIRS
47.75358,37.42781,335.71,0.39,0.59,2026-08-18,09:24:00,N20,nominal,2.0NRT,310.36,17.82,D,VIIRS
47.06734,35.21896,330.69,0.51,0.66,2026-08-18,09:24:00,N20,low,2.0NRT,305.37,2.95,D,VIIRS
47.75642,37.43735,367,0.39,0.59,2026-08-18,09:24:00,N20,low,2.0NRT,326.29,48.99,D,VIIRS
47.75857,37.42443,367,0.39,0.59,2026-08-18,09:24:00,N20,high,2.0NRT,311.28,17.82,D,VIIRS
47.76429,37.44368,351.67,0.39,0.59,2026-08-18,09:24:00,N20,nominal,2.0NRT,302.3,27.94,D,VIIRS
47.76142,37.434,353.43,0.39,0.59,2026-08-18,09:24:00,N20,nominal,2.0NRT,315.13,48.99,D,VIIRS
47.75999,37.4292,355.63,0.39,0.59,2026-08-18,09:24:00,N20,nominal,2.0NRT,316.85,17.82,D,VIIRS
47.75431,37.41006,333.26,0.39,0.59,2026-08-18,09:24:00,N20,low,2.0NRT,303.96,3.44,D,VIIRS
47.76928,37.44032,367,0.39,0.59,2026-08-18,09:24:00,N20,high,2.0NRT,301.88,47.92,D,VIIRS
47.76785,37.4355,367,0.39,0.59,2026-08-18,09:24:00,N20,high,2.0NRT,327.83,31.79,D,VIIRS
47.76215,37.41629,367,0.39,0.59,2026-08-18,09:24:00,N20,high,2.0NRT,312.25,7.5,D,VIIRS
47.80578,37.56384,336.76,0.38,0.59,2026-08-18,09:24:00,N20,nominal,2.0NRT,306.39,6.31,D,VIIRS
47.76641,37.43067,356.29,0.39,0.59,2026-08-18,09:24:00,N20,nominal,2.0NRT,318.74,31.79,D,VIIRS
47.76498,37.42584,351.43,0.39,0.59,2026-08-18,09:24:00,N20,nominal,2.0NRT,313.81,19.29,D,VIIRS
47.76356,37.42105,331.49,0.39,0.59,2026-08-18,09:24:00,N20,nominal,2.0NRT,305.21,19.29,D,VIIRS
47.76073,37.41153,348.19,0.39,0.59,2026-08-18,09:24:00,N20,nominal,2.0NRT,308.57,7.5,D,VIIRS
47.77286,37.43222,367,0.39,0.59,2026-08-18,09:24:00,N20,high,2.0NRT,301.94,31.79,D,VIIRS
47.77143,37.42738,367,0.39,0.59,2026-08-18,09:24:00,N20,high,2.0NRT,303.47,31.79,D,VIIRS
47.76572,37.40813,343.43,0.39,0.59,2026-08-18,09:24:00,N20,nominal,2.0NRT,305.48,7.5,D,VIIRS
47.76431,37.40336,342.52,0.39,0.59,2026-08-18,09:24:00,N20,nominal,2.0NRT,309.27,6.5,D,VIIRS
47.81991,37.57148,367,0.38,0.59,2026-08-18,09:24:00,N20,high,2.0NRT,307.21,8.04,D,VIIRS
47.64135,36.97157,342.76,0.41,0.61,2026-08-18,09:24:00,N20,nominal,2.0NRT,305.18,6.72,D,VIIRS
47.262,35.74313,337.94,0.48,0.64,2026-08-18,09:24:00,N20,nominal,2.0NRT,306.3,7.57,D,VIIRS
47.26927,35.74533,367,0.48,0.64,2026-08-18,09:24:00,N20,high,2.0NRT,309.7,7.57,D,VIIRS
47.64494,36.9631,340.66,0.41,0.61,2026-08-18,09:24:00,N20,nominal,2.0NRT,308.65,4.42,D,VIIRS
47.6434,36.95798,335.43,0.41,0.61,2026-08-18,09:24:00,N20,low,2.0NRT,307.94,4.42,D,VIIRS
47.27112,35.75119,332.7,0.48,0.64,2026-08-18,09:24:00,N20,nominal,2.0NRT,305.22,5.98,D,VIIRS
47.76628,37.44238,367,0.39,0.59,2026-08-18,09:24:00,N20,high,2.0NRT,301.75,31.67,D,VIIRS
47.76483,37.43758,367,0.39,0.59,2026-08-18,09:24:00,N20,high,2.0NRT,331.84,48.19,D,VIIRS
47.76337,37.43276,367,0.39,0.59,2026-08-18,09:24:00,N20,high,2.0NRT,314.47,48.19,D,VIIRS
47.76192,37.42798,353.05,0.39,0.59,2026-08-18,09:24:00,N20,nominal,2.0NRT,318.37,26.93,D,VIIRS
47.76048,37.42322,353.76,0.39,0.59,2026-08-18,09:24:00,N20,nominal,2.0NRT,309.21,26.93,D,VIIRS
47.75761,37.41375,336.69,0.39,0.59,2026-08-18,09:24:00,N20,nominal,2.0NRT,307.42,8.14,D,VIIRS
47.75617,37.40896,334.83,0.39,0.59,2026-08-18,09:24:00,N20,low,2.0NRT,305.63,6.17,D,VIIRS
47.76405,37.41514,367,0.39,0.59,2026-08-18,09:24:00,N20,high,2.0NRT,308.78,8.14,D,VIIRS
47.8112,37.57151,332.02,0.38,0.59,2026-08-18,09:24:00,N20,low,2.0NRT,306.33,3.43,D,VIIRS
47.80835,37.56205,339.8,0.38,0.59,2026-08-18,09:24:00,N20,nominal,2.0NRT,308.12,5.62,D,VIIRS
47.77129,37.43908,346.93,0.39,0.59,2026-08-18,09:24:00,N20,nominal,2.0NRT,300.88,31.67,D,VIIRS
47.76983,37.43427,352.28,0.39,0.59,2026-08-18,09:24:00,N20,nominal,2.0NRT,313.91,48.19,D,VIIRS
47.76839,37.42948,351.57,0.39,0.59,2026-08-18,09:24:00,N20,nominal,2.0NRT,314.37,48.19,D,VIIRS
47.76693,37.42467,352.95,0.39,0.59,2026-08-18,09:24:00,N20,nominal,2.0NRT,307.67,26.93,D,VIIRS
47.76263,37.41042,341.35,0.39,0.59,2026-08-18,09:24:00,N20,nominal,2.0NRT,306.71,8.14,D,VIIRS
46.32677,33.06325,347.32,0.67,0.73,2026-08-18,09:24:00,N20,nominal,2.0NRT,304.66,11.99,D,VIIRS
47.81761,37.57301,337.78,0.38,0.59,2026-08-18,09:24:00,N20,nominal,2.0NRT,305.09,4.06,D,VIIRS
47.7676,37.40701,336.41,0.39,0.59,2026-08-18,09:24:00,N20,nominal,2.0NRT,304.36,3.08,D,VIIRS
47.76617,37.40227,340.87,0.39,0.59,2026-08-18,09:24:00,N20,nominal,2.0NRT,307.2,3.03,D,VIIRS
47.82258,37.56975,348.24,0.38,0.59,2026-08-18,09:24:00,N20,nominal,2.0NRT,304.82,4.06,D,VIIRS
47.64119,36.97227,338.6,0.41,0.61,2026-08-18,09:24:00,N20,nominal,2.0NRT,304.88,3.11,D,VIIRS
47.63963,36.9672,333.32,0.41,0.61,2026-08-18,09:24:00,N20,low,2.0NRT,305.62,3.13,D,VIIRS
47.64476,36.96384,339.01,0.41,0.61,2026-08-18,09:24:00,N20,nominal,2.0NRT,308.68,2.71,D,VIIRS
47.6432,36.95874,336.84,0.41,0.61,2026-08-18,09:24:00,N20,nominal,2.0NRT,308.02,2.71,D,VIIRS
47.26134,35.74551,335.97,0.48,0.64,2026-08-18,09:24:00,N20,nominal,2.0NRT,304.6,3.47,D,VIIRS
47.26865,35.74775,332.24,0.48,0.64,2026-08-18,09:24:00,N20,nominal,2.0NRT,306.89,3.47,D,VIIRS
47.26678,35.74196,335.85,0.48,0.64,2026-08-18,09:24:00,N20,low,2.0NRT,307.24,3.47,D,VIIRS
47.26492,35.73616,332.37,0.48,0.64,2026-08-18,09:24:00,N20,low,2.0NRT,307.3,5.83,D,VIIRS
47.27595,35.74996,367,0.48,0.64,2026-08-18,09:24:00,N20,high,2.0NRT,305.07,27.98,D,VIIRS
47.82474,37.51728,349.06,0.38,0.59,2026-08-18,09:24:00,N20,nominal,2.0NRT,310.98,7.04,D,VIIRS
47.82333,37.51255,339.88,0.38,0.59,2026-08-18,09:24:00,N20,nominal,2.0NRT,310.68,6.08,D,VIIRS
47.27408,35.74415,344.97,0.48,0.64,2026-08-18,09:24:00,N20,nominal,2.0NRT,314.73,47.83,D,VIIRS
47.26273,35.68837,367,0.48,0.65,2026-08-18,09:24:00,N20,high,2.0NRT,304.87,23.71,D,VIIRS
47.26085,35.68255,348.46,0.48,0.65,2026-08-18,09:24:00,N20,nominal,2.0NRT,309.75,25.21,D,VIIRS
47.2682,35.68483,367,0.48,0.65,2026-08-18,09:24:00,N20,high,2.0NRT,303.32,17.41,D,VIIRS
47.58549,36.6909,332.04,0.42,0.61,2026-08-18,09:24:00,N20,low,2.0NRT,305.31,2.96,D,VIIRS
47.26634,35.67905,353.72,0.48,0.65,2026-08-18,09:24:00,N20,nominal,2.0NRT,304.29,15.24,D,VIIRS
47.842529999999996,37.51693,345.07,0.38,0.59,2026-08-18,09:24:00,N20,nominal,2.0NRT,307.93,6.3,D,VIIRS
47.8411,37.51215,338.36,0.38,0.59,2026-08-18,09:24:00,N20,low,2.0NRT,309.52,3.87,D,VIIRS
47.83969,37.50744,338.14,0.38,0.59,2026-08-18,09:24:00,N20,low,2.0NRT,308.98,3.87,D,VIIRS
47.29576,35.72959,367,0.48,0.64,2026-08-18,09:24:00,N20,high,2.0NRT,313.1,91.85,D,VIIRS
48.47653,39.72117,338.81,0.59,0.53,2026-08-18,09:24:00,N20,nominal,2.0NRT,307.38,7.51,D,VIIRS
47.2976,35.73533,331.2,0.48,0.64,2026-08-18,09:24:00,N20,nominal,2.0NRT,303.63,12.61,D,VIIRS
47.851,37.50536,340.91,0.38,0.59,2026-08-18,09:24:00,N20,nominal,2.0NRT,306.18,6.15,D,VIIRS
47.78889,37.27774,367,0.39,0.6,2026-08-18,09:24:00,N20,high,2.0NRT,310.87,30.04,D,VIIRS
47.78745,37.27294,339.2,0.39,0.6,2026-08-18,09:24:00,N20,nominal,2.0NRT,307.72,17.51,D,VIIRS
47.21615,35.42038,367,0.49,0.65,2026-08-18,09:24:00,N20,high,2.0NRT,307.04,6.73,D,VIIRS
47.79459,37.25651,367,0.39,0.6,2026-08-18,09:24:00,N20,high,2.0NRT,310.17,16.57,D,VIIRS
47.80101,37.25778,343.74,0.39,0.6,2026-08-18,09:24:00,N20,nominal,2.0NRT,310.27,21.04,D,VIIRS
47.79959,37.25305,355.14,0.39,0.6,2026-08-18,09:24:00,N20,nominal,2.0NRT,318.5,16.57,D,VIIRS
47.79817,37.24832,335.77,0.39,0.6,2026-08-18,09:24:00,N20,nominal,2.0NRT,306.58,16.57,D,VIIRS
47.80602,37.25437,367,0.39,0.6,2026-08-18,09:24:00,N20,high,2.0NRT,313.85,42.76,D,VIIRS
47.65208,36.74545,343.53,0.42,0.61,2026-08-18,09:24:00,N20,nominal,2.0NRT,309.36,16.12,D,VIIRS
47.65052,36.74034,353.98,0.42,0.61,2026-08-18,09:24:00,N20,nominal,2.0NRT,314.38,12.85,D,VIIRS
47.80459,37.24958,316.67,0.39,0.6,2026-08-18,09:24:00,N20,low,2.0NRT,323.52,44.07,D,VIIRS
47.81248,37.25578,367,0.39,0.6,2026-08-18,09:24:00,N20,high,2.0NRT,311.43,42.76,D,VIIRS
47.81391,37.26057,355.23,0.39,0.6,2026-08-18,09:24:00,N20,nominal,2.0NRT,309.21,11.93,D,VIIRS
47.81106,37.25103,348.91,0.39,0.6,2026-08-18,09:24:00,N20,nominal,2.0NRT,319.75,42.76,D,VIIRS
47.80964,37.24627,349.46,0.39,0.6,2026-08-18,09:24:00,N20,nominal,2.0NRT,307.54,44.07,D,VIIRS
47.71129,36.91968,349.05,0.41,0.61,2026-08-18,09:24:00,N20,nominal,2.0NRT,308.45,6.27,D,VIIRS
47.65569,36.73693,349.9,0.42,0.61,2026-08-18,09:24:00,N20,nominal,2.0NRT,305.87,12.85,D,VIIRS
47.81896,37.25729,367,0.39,0.6,2026-08-18,09:24:00,N20,high,2.0NRT,309.6,19.34,D,VIIRS
47.81755,37.25257,367,0.39,0.6,2026-08-18,09:24:00,N20,high,2.0NRT,310.7,22.13,D,VIIRS
47.66239,36.73854,337.36,0.42,0.61,2026-08-18,09:24:00,N20,low,2.0NRT,309.8,5.74,D,VIIRS
47.14312,35.0704,334.9,0.51,0.66,2026-08-18,09:24:00,N20,nominal,2.0NRT,304.31,3.02,D,VIIRS
47.68513,36.77253,333.73,0.42,0.61,2026-08-18,09:24:00,N20,nominal,2.0NRT,308.27,3.88,D,VIIRS
47.6836,36.76747,347.12,0.42,0.61,2026-08-18,09:24:00,N20,nominal,2.0NRT,306.23,3.5,D,VIIRS
47.27915,35.47102,334.86,0.49,0.65,2026-08-18,09:24:00,N20,low,2.0NRT,308.98,4.06,D,VIIRS
47.16126,35.04243,339.13,0.51,0.66,2026-08-18,09:24:00,N20,nominal,2.0NRT,305.68,6.97,D,VIIRS
47.68427,36.77242,334.37,0.42,0.61,2026-08-18,09:24:00,N20,nominal,2.0NRT,307.4,4.35,D,VIIRS
47.6827,36.76738,346.92,0.42,0.61,2026-08-18,09:24:00,N20,nominal,2.0NRT,306.92,4.35,D,VIIRS
47.28287,35.46902,338.44,0.49,0.65,2026-08-18,09:24:00,N20,nominal,2.0NRT,306.89,4.91,D,VIIRS
47.1576,35.04615,334.8,0.51,0.66,2026-08-18,09:24:00,N20,nominal,2.0NRT,305.09,3.06,D,VIIRS
47.46823,35.98347,334.71,0.46,0.63,2026-08-18,09:24:00,N20,low,2.0NRT,307.53,2.09,D,VIIRS
47.16315,35.04229,340.02,0.51,0.66,2026-08-18,09:24:00,N20,nominal,2.0NRT,306.59,3.55,D,VIIRS
47.16409,35.00372,332.09,0.52,0.67,2026-08-18,09:24:00,N20,low,2.0NRT,306.41,4.23,D,VIIRS
47.95365,37.49845,333.21,0.38,0.59,2026-08-18,09:24:00,N20,low,2.0NRT,306.02,2.24,D,VIIRS
47.51029,36.03455,342.67,0.45,0.63,2026-08-18,09:24:00,N20,nominal,2.0NRT,305.27,5.77,D,VIIRS
47.50856,36.02908,347.06,0.45,0.63,2026-08-18,09:24:00,N20,nominal,2.0NRT,305.7,9.1,D,VIIRS
47.07799,34.66067,367,0.54,0.68,2026-08-18,09:24:00,N20,high,2.0NRT,310.44,15.45,D,VIIRS
48.01858,37.65744,343.83,0.37,0.58,2026-08-18,09:24:00,N20,nominal,2.0NRT,305.26,9.04,D,VIIRS
48.0172,37.65276,353.48,0.37,0.58,2026-08-18,09:24:00,N20,nominal,2.0NRT,308.76,9.04,D,VIIRS
47.08361,34.65667,367,0.54,0.68,2026-08-18,09:24:00,N20,high,2.0NRT,307.63,15.45,D,VIIRS
47.7547,36.71901,335.69,0.42,0.61,2026-08-18,09:24:00,N20,nominal,2.0NRT,304.99,2.6,D,VIIRS
47.43033,35.68006,337.25,0.47,0.64,2026-08-18,09:24:00,N20,nominal,2.0NRT,308.04,4.09,D,VIIRS
47.75669,36.70526,335.98,0.42,0.61,2026-08-18,09:24:00,N20,low,2.0NRT,308.94,6.01,D,VIIRS
47.30572,35.27131,337.32,0.5,0.66,2026-08-18,09:24:00,N20,nominal,2.0NRT,305.89,3.42,D,VIIRS
46.40324,32.60051,336.93,0.69,0.74,2026-08-18,09:24:00,N20,nominal,2.0NRT,298.42,4.16,D,VIIRS
48.02015,37.48241,355.74,0.38,0.59,2026-08-18,09:24:00,N20,nominal,2.0NRT,303.25,7.48,D,VIIRS
48.20743,38.10703,341.94,0.35,0.57,2026-08-18,09:24:00,N20,nominal,2.0NRT,305.88,6.23,D,VIIRS
48.20613,38.10251,345.36,0.35,0.57,2026-08-18,09:24:00,N20,nominal,2.0NRT,307.4,6.21,D,VIIRS
48.4184,38.83484,367,0.32,0.55,2026-08-18,09:24:00,N20,high,2.0NRT,303.31,4.34,D,VIIRS
48.417230000000004,38.8306,340.29,0.32,0.55,2026-08-18,09:24:00,N20,nominal,2.0NRT,304.79,4.34,D,VIIRS
47.537350000000004,35.8534,334.61,0.46,0.64,2026-08-18,09:24:00,N20,nominal,2.0NRT,305.68,2.19,D,VIIRS
48.01881,37.48608,338.38,0.38,0.59,2026-08-18,09:24:00,N20,nominal,2.0NRT,300.5,2.25,D,VIIRS
48.41759,38.83169,367,0.32,0.55,2026-08-18,09:24:00,N20,high,2.0NRT,306.5,8.31,D,VIIRS
48.20778,38.10362,367,0.35,0.57,2026-08-18,09:24:00,N20,high,2.0NRT,308.77,7.84,D,VIIRS
48.02234,37.47807,367,0.38,0.59,2026-08-18,09:24:00,N20,high,2.0NRT,300.83,4.67,D,VIIRS
47.20684,34.88077,333.95,0.52,0.67,2026-08-18,09:24:00,N20,low,2.0NRT,306.45,2.58,D,VIIRS
47.20477,34.87456,338.19,0.52,0.67,2026-08-18,09:24:00,N20,nominal,2.0NRT,308.17,2.58,D,VIIRS
47.68586,36.32191,331.96,0.44,0.62,2026-08-18,09:24:00,N20,low,2.0NRT,304.59,4.85,D,VIIRS
47.53706,35.85199,332.26,0.46,0.64,2026-08-18,09:24:00,N20,nominal,2.0NRT,305.12,2.4,D,VIIRS
47.79197,36.6424,367,0.42,0.61,2026-08-18,09:24:00,N20,high,2.0NRT,306.58,6.33,D,VIIRS
47.94444,37.1403,330.59,0.39,0.6,2026-08-18,09:24:00,N20,nominal,2.0NRT,299.71,4.48,D,VIIRS
47.79037,36.6372,346.4,0.42,0.61,2026-08-18,09:24:00,N20,nominal,2.0NRT,307.64,6.33,D,VIIRS
47.78876,36.632,337.39,0.42,0.61,2026-08-18,09:24:00,N20,nominal,2.0NRT,309.2,4.61,D,VIIRS
47.7175,36.40279,348.65,0.43,0.62,2026-08-18,09:24:00,N20,nominal,2.0NRT,305.56,6.25,D,VIIRS
47.71588,36.39761,347.09,0.43,0.62,2026-08-18,09:24:00,N20,nominal,2.0NRT,307.86,6.25,D,VIIRS
47.95548,37.15681,354.36,0.39,0.6,2026-08-18,09:24:00,N20,nominal,2.0NRT,306.09,5.27,D,VIIRS
47.95402,37.15198,338.09,0.39,0.6,2026-08-18,09:24:00,N20,low,2.0NRT,308.1,5.27,D,VIIRS
47.96197,37.15826,367,0.39,0.6,2026-08-18,09:24:00,N20,high,2.0NRT,305.76,9.25,D,VIIRS
47.96049,37.15338,335.6,0.39,0.6,2026-08-18,09:24:00,N20,nominal,2.0NRT,309.23,14.31,D,VIIRS
47.95902,37.14854,337.71,0.39,0.6,2026-08-18,09:24:00,N20,nominal,2.0NRT,309.19,14.31,D,VIIRS
47.95757,37.14371,333.83,0.39,0.6,2026-08-18,09:24:00,N20,nominal,2.0NRT,305.06,9.8,D,VIIRS
47.96404,37.14513,367,0.39,0.6,2026-08-18,09:24:00,N20,high,2.0NRT,313.53,14.31,D,VIIRS
47.96255,37.14021,335.47,0.39,0.6,2026-08-18,09:24:00,N20,nominal,2.0NRT,304.68,9.8,D,VIIRS
47.69334,36.2648,341.32,0.44,0.62,2026-08-18,09:24:00,N20,nominal,2.0NRT,302.68,5.76,D,VIIRS
47.69167,36.25947,351.03,0.44,0.62,2026-08-18,09:24:00,N20,nominal,2.0NRT,305.45,5.76,D,VIIRS
47.78051,36.52465,333.65,0.42,0.61,2026-08-18,09:24:00,N20,low,2.0NRT,304.69,3.51,D,VIIRS
47.70027,36.26664,337.79,0.44,0.62,2026-08-18,09:24:00,N20,nominal,2.0NRT,301.71,16.12,D,VIIRS
47.69858,36.26124,350.02,0.44,0.62,2026-08-18,09:24:00,N20,nominal,2.0NRT,310.73,28.66,D,VIIRS
46.93191,33.92091,345.41,0.58,0.7,2026-08-18,09:24:00,N20,nominal,2.0NRT,305.25,6.12,D,VIIRS
46.6906,33.18357,367,0.64,0.72,2026-08-18,09:24:00,N20,high,2.0NRT,301.24,14.69,D,VIIRS
47.3572,35.13049,367,0.5,0.66,2026-08-18,09:24:00,N20,high,2.0NRT,309.39,24.53,D,VIIRS
47.68082,36.14342,345.24,0.44,0.63,2026-08-18,09:24:00,N20,nominal,2.0NRT,301.15,5.9,D,VIIRS
47.35523,35.12443,340.62,0.5,0.66,2026-08-18,09:24:00,N20,nominal,2.0NRT,309.66,14.22,D,VIIRS
47.17857,34.58817,330.95,0.54,0.68,2026-08-18,09:24:00,N20,low,2.0NRT,305.65,1.56,D,VIIRS
47.08692,34.3143,342.96,0.56,0.68,2026-08-18,09:24:00,N20,nominal,2.0NRT,305.15,6.03,D,VIIRS
47.0847,34.3077,350.07,0.56,0.68,2026-08-18,09:24:00,N20,nominal,2.0NRT,306.51,6.03,D,VIIRS
48.45317,37.83851,333.49,0.58,0.52,2026-08-18,11:04:00,N20,nominal,2.0NRT,304.99,8.93,D,VIIRS
45.30333,34.29522,341.1,0.56,0.43,2026-08-18,11:04:00,N20,low,2.0NRT,315.06,12.74,D,VIIRS
45.39615,33.66062,347.74,0.53,0.42,2026-08-18,11:04:00,N20,nominal,2.0NRT,311.95,7,D,VIIRS
45.41067,29.51308,355.11,0.4,0.37,2026-08-18,11:04:00,N20,nominal,2.0NRT,303.26,12.88,D,VIIRS
46.03395,34.59148,336.14,0.39,0.44,2026-08-18,11:04:00,N20,low,2.0NRT,309.23,3.22,D,VIIRS
46.03752,34.58564,343.07,0.39,0.44,2026-08-18,11:04:00,N20,nominal,2.0NRT,309.86,4.36,D,VIIRS
45.39517,29.05557,340.6,0.39,0.36,2026-08-18,11:04:00,N20,nominal,2.0NRT,307.85,2.6,D,VIIRS
46.03799,34.04931,338.63,0.56,0.43,2026-08-18,11:04:00,N20,low,2.0NRT,312.1,5.12,D,VIIRS
46.15125,33.62055,343.19,0.54,0.42,2026-08-18,11:04:00,N20,nominal,2.0NRT,313.11,4.4,D,VIIRS
45.66279,29.43733,338.29,0.4,0.37,2026-08-18,11:04:00,N20,nominal,2.0NRT,306.71,1.72,D,VIIRS
46.28746,34.75362,338.03,0.4,0.44,2026-08-18,11:04:00,N20,low,2.0NRT,311.49,1.56,D,VIIRS
46.29067,34.75103,340.31,0.4,0.44,2026-08-18,11:04:00,N20,nominal,2.0NRT,312.81,2.15,D,VIIRS
46.27715,34.45557,350.47,0.39,0.44,2026-08-18,11:04:00,N20,nominal,2.0NRT,313.57,5.25,D,VIIRS
46.29517,34.56617,343.44,0.39,0.44,2026-08-18,11:04:00,N20,nominal,2.0NRT,313.25,7.38,D,VIIRS
46.29471,34.56104,340.71,0.39,0.44,2026-08-18,11:04:00,N20,nominal,2.0NRT,313.37,6.95,D,VIIRS
46.28473,34.44897,348.8,0.39,0.44,2026-08-18,11:04:00,N20,nominal,2.0NRT,315.97,6.29,D,VIIRS
46.28875,34.4482,345.77,0.39,0.44,2026-08-18,11:04:00,N20,low,2.0NRT,317.01,18.23,D,VIIRS
46.28829,34.44312,343.03,0.39,0.44,2026-08-18,11:04:00,N20,low,2.0NRT,313.64,18.23,D,VIIRS
46.21423,33.65034,344.71,0.54,0.42,2026-08-18,11:04:00,N20,nominal,2.0NRT,312.98,10.56,D,VIIRS
46.29322,34.45255,346.12,0.39,0.44,2026-08-18,11:04:00,N20,nominal,2.0NRT,315.03,4.8,D,VIIRS
46.29277,34.44746,345.42,0.39,0.44,2026-08-18,11:04:00,N20,nominal,2.0NRT,313.64,18.23,D,VIIRS
46.21878,33.65661,335.18,0.54,0.42,2026-08-18,11:04:00,N20,low,2.0NRT,308.36,6.92,D,VIIRS
46.21809,33.64958,347.77,0.54,0.42,2026-08-18,11:04:00,N20,nominal,2.0NRT,315.36,10.56,D,VIIRS
46.29724,34.45182,348.47,0.39,0.44,2026-08-18,11:04:00,N20,nominal,2.0NRT,312.88,12.05,D,VIIRS
46.29678,34.44672,348.25,0.39,0.44,2026-08-18,11:04:00,N20,low,2.0NRT,320.96,83.79,D,VIIRS
45.7184,29.3513,334.42,0.4,0.37,2026-08-18,11:04:00,N20,low,2.0NRT,306.3,2.14,D,VIIRS
46.30126,34.45107,336.23,0.39,0.44,2026-08-18,11:04:00,N20,low,2.0NRT,310.05,12.05,D,VIIRS
46.31495,34.07527,340.69,0.56,0.43,2026-08-18,11:04:00,N20,low,2.0NRT,313.43,6.66,D,VIIRS
46.38168,34.61303,344,0.4,0.44,2026-08-18,11:04:00,N20,nominal,2.0NRT,312.41,4.6,D,VIIRS
45.91661,30.21022,334.7,0.41,0.37,2026-08-18,11:04:00,N20,low,2.0NRT,305.43,1.33,D,VIIRS
46.47542,35.12822,338.59,0.42,0.45,2026-08-18,11:04:00,N20,low,2.0NRT,310.4,2.69,D,VIIRS
46.39961,34.22387,341.08,0.57,0.43,2026-08-18,11:04:00,N20,low,2.0NRT,313.62,5.06,D,VIIRS
46.40429,34.23056,352.6,0.57,0.43,2026-08-18,11:04:00,N20,nominal,2.0NRT,320,41.6,D,VIIRS
46.40359,34.22311,341.89,0.57,0.43,2026-08-18,11:04:00,N20,low,2.0NRT,314.93,5.06,D,VIIRS
46.31713,33.06406,346.78,0.51,0.41,2026-08-18,11:04:00,N20,nominal,2.0NRT,313.18,6.4,D,VIIRS
46.32468,33.06246,347.56,0.51,0.41,2026-08-18,11:04:00,N20,low,2.0NRT,322.42,21.59,D,VIIRS
46.32915,33.06833,341.15,0.51,0.41,2026-08-18,11:04:00,N20,low,2.0NRT,314.98,31,D,VIIRS
46.32776,33.05502,340.72,0.51,0.41,2026-08-18,11:04:00,N20,low,2.0NRT,314.17,21.59,D,VIIRS
46.33154,33.05421,342.64,0.51,0.41,2026-08-18,11:04:00,N20,low,2.0NRT,313.57,10.71,D,VIIRS
46.03421,30.11671,335.23,0.41,0.37,2026-08-18,11:04:00,N20,low,2.0NRT,305.89,2.96,D,VIIRS
46.03283,30.10612,342.56,0.41,0.37,2026-08-18,11:04:00,N20,nominal,2.0NRT,309,17.75,D,VIIRS
46.03828,30.1211,335.07,0.41,0.37,2026-08-18,11:04:00,N20,nominal,2.0NRT,305.03,2.4,D,VIIRS
46.03759,30.1158,339.29,0.41,0.37,2026-08-18,11:04:00,N20,nominal,2.0NRT,306.36,2.4,D,VIIRS
46.58278,35.23674,343.7,0.42,0.45,2026-08-18,11:04:00,N20,nominal,2.0NRT,309.51,2.76,D,VIIRS
46.58739,34.99063,339.96,0.41,0.45,2026-08-18,11:04:00,N20,low,2.0NRT,310.46,2.03,D,VIIRS
46.58693,34.98519,355.61,0.41,0.45,2026-08-18,11:04:00,N20,nominal,2.0NRT,315.48,10.24,D,VIIRS
46.06203,30.11475,345.66,0.41,0.37,2026-08-18,11:04:00,N20,nominal,2.0NRT,307.44,8.7,D,VIIRS
46.06542,30.11384,347.03,0.41,0.37,2026-08-18,11:04:00,N20,nominal,2.0NRT,305.92,4.4,D,VIIRS
46.5952,34.98372,343.71,0.41,0.45,2026-08-18,11:04:00,N20,low,2.0NRT,313.91,4.65,D,VIIRS
46.06881,30.11294,336.1,0.41,0.37,2026-08-18,11:04:00,N20,nominal,2.0NRT,306.12,4.4,D,VIIRS
46.0722,30.11203,346.57,0.41,0.37,2026-08-18,11:04:00,N20,nominal,2.0NRT,307.3,11.03,D,VIIRS
46.0761,30.03442,367,0.41,0.37,2026-08-18,11:04:00,N20,high,2.0NRT,311.62,9.56,D,VIIRS
46.07679,30.0397,343.42,0.41,0.37,2026-08-18,11:04:00,N20,nominal,2.0NRT,306.91,6.9,D,VIIRS
46.07948,30.03351,338.42,0.41,0.37,2026-08-18,11:04:00,N20,nominal,2.0NRT,308.05,9.56,D,VIIRS
46.09034,30.03605,336.78,0.41,0.37,2026-08-18,11:04:00,N20,low,2.0NRT,306.92,3.19,D,VIIRS
46.09372,30.03514,341.35,0.41,0.37,2026-08-18,11:04:00,N20,nominal,2.0NRT,308.3,3.19,D,VIIRS
46.09164,30.01931,349.06,0.41,0.37,2026-08-18,11:04:00,N20,nominal,2.0NRT,308.91,14.04,D,VIIRS
46.09094,30.01404,353.27,0.41,0.37,2026-08-18,11:04:00,N20,nominal,2.0NRT,311.49,14.04,D,VIIRS
46.09025,30.00877,338.27,0.41,0.37,2026-08-18,11:04:00,N20,nominal,2.0NRT,308.16,7.88,D,VIIRS
46.09502,30.0184,339.11,0.41,0.37,2026-08-18,11:04:00,N20,nominal,2.0NRT,309.53,14.92,D,VIIRS
46.09433,30.01313,340.31,0.41,0.37,2026-08-18,11:04:00,N20,nominal,2.0NRT,305.85,14.92,D,VIIRS
46.09841,30.01749,338.17,0.41,0.37,2026-08-18,11:04:00,N20,low,2.0NRT,311.52,14.92,D,VIIRS
46.09771,30.01222,339,0.41,0.37,2026-08-18,11:04:00,N20,nominal,2.0NRT,305.68,14.92,D,VIIRS
46.09702,30.00695,311.24,0.41,0.37,2026-08-18,11:04:00,N20,low,2.0NRT,315.94,45.64,D,VIIRS
46.09861,30.02035,336.84,0.41,0.37,2026-08-18,11:04:00,N20,low,2.0NRT,306.85,21.04,D,VIIRS
46.10199,30.01944,336.13,0.41,0.37,2026-08-18,11:04:00,N20,nominal,2.0NRT,305.66,21.04,D,VIIRS
46.66453,35.14144,336.44,0.42,0.45,2026-08-18,11:04:00,N20,low,2.0NRT,310.6,2.2,D,VIIRS
46.77415,36.52329,343.81,0.49,0.48,2026-08-18,11:04:00,N20,nominal,2.0NRT,311.9,11.03,D,VIIRS
46.6687,35.14068,345.56,0.42,0.45,2026-08-18,11:04:00,N20,nominal,2.0NRT,314.12,5.78,D,VIIRS
46.60115,34.13194,341.45,0.57,0.43,2026-08-18,11:04:00,N20,low,2.0NRT,316.39,10.36,D,VIIRS
46.78035,35.8872,343.72,0.46,0.47,2026-08-18,11:04:00,N20,nominal,2.0NRT,311.27,4.38,D,VIIRS
46.63247,34.16399,339.49,0.57,0.43,2026-08-18,11:04:00,N20,low,2.0NRT,312.57,10.92,D,VIIRS
46.63646,34.16323,345.37,0.57,0.43,2026-08-18,11:04:00,N20,nominal,2.0NRT,313.91,10.92,D,VIIRS
46.64114,34.16997,350.76,0.57,0.43,2026-08-18,11:04:00,N20,nominal,2.0NRT,314.93,16.17,D,VIIRS
46.64044,34.16248,340.54,0.57,0.43,2026-08-18,11:04:00,N20,low,2.0NRT,313.67,8.85,D,VIIRS
46.64513,34.16921,347.18,0.57,0.43,2026-08-18,11:04:00,N20,nominal,2.0NRT,313.84,16.17,D,VIIRS
46.52257,32.86261,338.02,0.51,0.41,2026-08-18,11:04:00,N20,low,2.0NRT,312.68,6.07,D,VIIRS
46.22945,30.24428,338.34,0.42,0.37,2026-08-18,11:04:00,N20,nominal,2.0NRT,300.91,7.94,D,VIIRS
46.22876,30.23893,321,0.42,0.37,2026-08-18,11:04:00,N20,low,2.0NRT,321.87,189.13,D,VIIRS
46.232170000000004,30.23803,332.88,0.42,0.37,2026-08-18,11:04:00,N20,nominal,2.0NRT,304.2,29.47,D,VIIRS
46.47183,31.95786,337.88,0.47,0.4,2026-08-18,11:04:00,N20,low,2.0NRT,312.58,10,D,VIIRS
46.25488,30.11821,352.11,0.41,0.37,2026-08-18,11:04:00,N20,nominal,2.0NRT,305.4,7.02,D,VIIRS
46.19839,29.65947,339.67,0.4,0.37,2026-08-18,11:04:00,N20,nominal,2.0NRT,306.2,2.62,D,VIIRS
46.55833,32.65256,347.51,0.5,0.41,2026-08-18,11:04:00,N20,nominal,2.0NRT,307.48,45.79,D,VIIRS
46.20175,29.65854,332.17,0.4,0.37,2026-08-18,11:04:00,N20,low,2.0NRT,305.88,1.51,D,VIIRS
46.59832,32.92574,338.59,0.51,0.41,2026-08-18,11:04:00,N20,nominal,2.0NRT,311.08,3.57,D,VIIRS
46.60209,32.92493,340.21,0.51,0.41,2026-08-18,11:04:00,N20,nominal,2.0NRT,310.14,9.33,D,VIIRS
46.88306,36.00866,367,0.46,0.47,2026-08-18,11:04:00,N20,high,2.0NRT,342.56,89.9,D,VIIRS
46.89889,36.21903,336.03,0.47,0.48,2026-08-18,11:04:00,N20,low,2.0NRT,307.2,2.68,D,VIIRS
46.88353,36.01485,344.5,0.46,0.47,2026-08-18,11:04:00,N20,nominal,2.0NRT,315.46,89.9,D,VIIRS
46.88789,36.01417,344.93,0.46,0.47,2026-08-18,11:04:00,N20,nominal,2.0NRT,311.6,5.99,D,VIIRS
46.88742,36.00798,346.18,0.46,0.47,2026-08-18,11:04:00,N20,nominal,2.0NRT,309.99,5.99,D,VIIRS
46.7241,34.08435,345.06,0.57,0.43,2026-08-18,11:04:00,N20,nominal,2.0NRT,317.04,35.84,D,VIIRS
46.72807,34.08358,343.78,0.57,0.43,2026-08-18,11:04:00,N20,nominal,2.0NRT,318.38,35.84,D,VIIRS
46.60994,32.88936,354.19,0.51,0.41,2026-08-18,11:04:00,N20,nominal,2.0NRT,317.2,53.52,D,VIIRS
46.60925,32.88274,345.14,0.51,0.41,2026-08-18,11:04:00,N20,low,2.0NRT,317.15,37.8,D,VIIRS
46.50613,31.89992,337.95,0.47,0.39,2026-08-18,11:04:00,N20,low,2.0NRT,309.89,6.98,D,VIIRS
46.98969,37.18139,347.97,0.53,0.5,2026-08-18,11:04:00,N20,nominal,2.0NRT,310.47,6.14,D,VIIRS
46.62916,32.92592,343.44,0.51,0.41,2026-08-18,11:04:00,N20,nominal,2.0NRT,315.56,32.2,D,VIIRS
46.90416,35.82782,342.27,0.45,0.47,2026-08-18,11:04:00,N20,nominal,2.0NRT,311.41,6.65,D,VIIRS
46.63391,32.8978,349.51,0.51,0.41,2026-08-18,11:04:00,N20,nominal,2.0NRT,312.82,7.78,D,VIIRS
46.63768,32.89699,351.5,0.51,0.41,2026-08-18,11:04:00,N20,nominal,2.0NRT,315.61,12.85,D,VIIRS
46.92383,35.90987,351.3,0.46,0.47,2026-08-18,11:04:00,N20,nominal,2.0NRT,315.31,72.19,D,VIIRS
46.37639,30.573,332.33,0.43,0.38,2026-08-18,11:04:00,N20,low,2.0NRT,304.04,1.86,D,VIIRS
46.35908,30.43622,340.56,0.42,0.38,2026-08-18,11:04:00,N20,nominal,2.0NRT,309.95,19.26,D,VIIRS
46.92865,35.91516,341.07,0.46,0.47,2026-08-18,11:04:00,N20,low,2.0NRT,313.25,21.76,D,VIIRS
46.62592,32.70955,342.14,0.5,0.41,2026-08-18,11:04:00,N20,nominal,2.0NRT,308.91,8.81,D,VIIRS
46.81886,34.63588,339.21,0.4,0.44,2026-08-18,11:04:00,N20,low,2.0NRT,312.54,3.75,D,VIIRS
46.92495,35.9137,345.03,0.46,0.47,2026-08-18,11:04:00,N20,nominal,2.0NRT,317.16,52.95,D,VIIRS
46.82792,34.69347,338.63,0.4,0.45,2026-08-18,11:04:00,N20,low,2.0NRT,313.61,3.32,D,VIIRS
46.68884,33.18098,355.57,0.52,0.42,2026-08-18,11:04:00,N20,nominal,2.0NRT,317.05,41.96,D,VIIRS
47.01899,37.22557,340.26,0.53,0.5,2026-08-18,11:04:00,N20,nominal,2.0NRT,309.58,6.39,D,VIIRS
46.92884,35.90693,347.34,0.46,0.47,2026-08-18,11:04:00,N20,nominal,2.0NRT,310.37,52.95,D,VIIRS
46.69265,33.18018,367,0.52,0.42,2026-08-18,11:04:00,N20,low,2.0NRT,332.02,41.96,D,VIIRS
46.69647,33.17937,346.94,0.52,0.42,2026-08-18,11:04:00,N20,nominal,2.0NRT,315.19,44.42,D,VIIRS
46.93752,35.90548,342.77,0.46,0.47,2026-08-18,11:04:00,N20,nominal,2.0NRT,311.17,4.02,D,VIIRS
46.83769,34.28906,344.49,0.39,0.44,2026-08-18,11:04:00,N20,nominal,2.0NRT,317.51,3.29,D,VIIRS
46.98171,35.96622,333.93,0.46,0.47,2026-08-18,11:04:00,N20,low,2.0NRT,308.9,5.32,D,VIIRS
46.98234,35.91673,354.28,0.46,0.47,2026-08-18,11:04:00,N20,nominal,2.0NRT,317.57,14.64,D,VIIRS
46.98188,35.9107,339.9,0.46,0.47,2026-08-18,11:04:00,N20,low,2.0NRT,310.25,14.64,D,VIIRS
46.9763,35.83828,338.64,0.46,0.47,2026-08-18,11:04:00,N20,nominal,2.0NRT,311.54,4.01,D,VIIRS
46.97584,35.83228,344.64,0.46,0.47,2026-08-18,11:04:00,N20,nominal,2.0NRT,313.19,6.6,D,VIIRS
46.97537,35.82627,341.97,0.46,0.47,2026-08-18,11:04:00,N20,nominal,2.0NRT,311.73,6.6,D,VIIRS
46.9797,35.82558,349.76,0.46,0.47,2026-08-18,11:04:00,N20,nominal,2.0NRT,312.57,10.84,D,VIIRS
46.98403,35.8249,352.28,0.46,0.47,2026-08-18,11:04:00,N20,nominal,2.0NRT,311.71,10.84,D,VIIRS
46.76689,33.37637,337.78,0.53,0.42,2026-08-18,11:04:00,N20,nominal,2.0NRT,310.09,5.09,D,VIIRS
46.9893,35.83627,344.33,0.46,0.47,2026-08-18,11:04:00,N20,nominal,2.0NRT,313.1,13.44,D,VIIRS
46.77074,33.3756,347.17,0.53,0.42,2026-08-18,11:04:00,N20,nominal,2.0NRT,311.02,5.67,D,VIIRS
46.99409,35.84158,344.88,0.46,0.47,2026-08-18,11:04:00,N20,low,2.0NRT,315.08,13.44,D,VIIRS
46.66558,32.33173,344.51,0.49,0.4,2026-08-18,11:04:00,N20,nominal,2.0NRT,309.11,2.69,D,VIIRS
46.66488,32.32542,336.97,0.48,0.4,2026-08-18,11:04:00,N20,low,2.0NRT,308.35,2.69,D,VIIRS
46.68241,32.45185,348.5,0.49,0.4,2026-08-18,11:04:00,N20,nominal,2.0NRT,313.37,20.43,D,VIIRS
46.66856,32.32458,342.35,0.48,0.4,2026-08-18,11:04:00,N20,nominal,2.0NRT,307.79,4.45,D,VIIRS
46.6861,32.45101,341.91,0.49,0.4,2026-08-18,11:04:00,N20,nominal,2.0NRT,312.62,20.43,D,VIIRS
47.06015,36.41726,342.38,0.49,0.48,2026-08-18,11:04:00,N20,nominal,2.0NRT,310.64,2.85,D,VIIRS
47.05828,36.41676,340.62,0.49,0.48,2026-08-18,11:04:00,N20,nominal,2.0NRT,309.77,5.98,D,VIIRS
47.0782,36.31576,339.31,0.48,0.48,2026-08-18,11:04:00,N20,nominal,2.0NRT,308.34,7.35,D,VIIRS
47.08308,36.32144,346.87,0.48,0.48,2026-08-18,11:04:00,N20,nominal,2.0NRT,312.66,7.35,D,VIIRS
47.08263,36.31507,346.37,0.48,0.48,2026-08-18,11:04:00,N20,nominal,2.0NRT,310.25,7.35,D,VIIRS
47.08752,36.32073,335.19,0.48,0.48,2026-08-18,11:04:00,N20,low,2.0NRT,308.52,3.95,D,VIIRS
46.54627,30.71403,334.82,0.43,0.38,2026-08-18,11:04:00,N20,nominal,2.0NRT,304.24,3.46,D,VIIRS
47.08638,35.94253,346.92,0.46,0.47,2026-08-18,11:04:00,N20,nominal,2.0NRT,312.56,5.8,D,VIIRS
47.09994,35.94678,337.89,0.46,0.47,2026-08-18,11:04:00,N20,low,2.0NRT,309.65,4.01,D,VIIRS
46.92718,33.92313,340.83,0.56,0.43,2026-08-18,11:04:00,N20,low,2.0NRT,312.04,2.64,D,VIIRS
46.96282,34.26315,347.25,0.39,0.44,2026-08-18,11:04:00,N20,nominal,2.0NRT,316.72,7.76,D,VIIRS
46.93043,33.91494,343.93,0.56,0.43,2026-08-18,11:04:00,N20,nominal,2.0NRT,313.27,5.88,D,VIIRS
47.09038,35.6014,335.86,0.45,0.47,2026-08-18,11:04:00,N20,low,2.0NRT,310.54,3.96,D,VIIRS
46.97393,34.25061,340.63,0.39,0.44,2026-08-18,11:04:00,N20,low,2.0NRT,312.98,7.27,D,VIIRS
47.09466,35.60064,340.28,0.45,0.47,2026-08-18,11:04:00,N20,nominal,2.0NRT,310.21,5.03,D,VIIRS
46.97841,34.25497,353.88,0.39,0.44,2026-08-18,11:04:00,N20,nominal,2.0NRT,323.06,20.67,D,VIIRS
46.9829,34.25933,356.39,0.39,0.44,2026-08-18,11:04:00,N20,nominal,2.0NRT,318.96,20.67,D,VIIRS
46.98243,34.2542,342.72,0.39,0.44,2026-08-18,11:04:00,N20,low,2.0NRT,313.77,20.67,D,VIIRS
47.07214,35.22258,356.91,0.43,0.46,2026-08-18,11:04:00,N20,nominal,2.0NRT,313.35,7.26,D,VIIRS
46.9874,34.26369,346.24,0.39,0.44,2026-08-18,11:04:00,N20,nominal,2.0NRT,314.44,3.71,D,VIIRS
47.24218,37.36769,332.45,0.54,0.51,2026-08-18,11:04:00,N20,low,2.0NRT,304.6,7.04,D,VIIRS
46.61839,30.77634,330.58,0.43,0.38,2026-08-18,11:04:00,N20,nominal,2.0NRT,304.7,1.62,D,VIIRS
46.97169,33.9674,340.83,0.57,0.43,2026-08-18,11:04:00,N20,nominal,2.0NRT,313.63,5.69,D,VIIRS
46.54314,30.09776,331.52,0.42,0.37,2026-08-18,11:04:00,N20,low,2.0NRT,305.44,1,D,VIIRS
46.57204,30.30588,337.51,0.42,0.38,2026-08-18,11:04:00,N20,nominal,2.0NRT,307.23,3.13,D,VIIRS
46.97369,33.9665,338.84,0.57,0.43,2026-08-18,11:04:00,N20,low,2.0NRT,311.89,3.87,D,VIIRS
46.70264,31.30244,335.84,0.45,0.39,2026-08-18,11:04:00,N20,low,2.0NRT,308.87,4.11,D,VIIRS
47.23941,37.36702,335.76,0.54,0.51,2026-08-18,11:04:00,N20,nominal,2.0NRT,304.55,2.76,D,VIIRS
46.88984,33.00439,343.16,0.52,0.41,2026-08-18,11:04:00,N20,nominal,2.0NRT,311.99,5.05,D,VIIRS
47.10639,35.22582,341.43,0.43,0.46,2026-08-18,11:04:00,N20,nominal,2.0NRT,309.7,3.46,D,VIIRS
47.15966,35.85511,355.87,0.46,0.47,2026-08-18,11:04:00,N20,nominal,2.0NRT,314.07,21.59,D,VIIRS
47.15921,35.84903,353.28,0.46,0.47,2026-08-18,11:04:00,N20,nominal,2.0NRT,312.79,7.58,D,VIIRS
47.15875,35.84295,342.34,0.46,0.47,2026-08-18,11:04:00,N20,nominal,2.0NRT,311.01,7.58,D,VIIRS
47.13793,35.45988,341.17,0.44,0.46,2026-08-18,11:04:00,N20,nominal,2.0NRT,308.87,4.38,D,VIIRS
47.12693,35.26861,340.58,0.43,0.46,2026-08-18,11:04:00,N20,nominal,2.0NRT,308.73,2.01,D,VIIRS
46.91537,32.95044,338.77,0.51,0.41,2026-08-18,11:04:00,N20,low,2.0NRT,312.25,4.35,D,VIIRS
47.13116,35.2679,344.47,0.43,0.46,2026-08-18,11:04:00,N20,nominal,2.0NRT,311.62,4.83,D,VIIRS
47.07967,34.65374,345.68,0.4,0.45,2026-08-18,11:04:00,N20,low,2.0NRT,315.73,4.91,D,VIIRS
47.13584,35.2729,340.52,0.43,0.46,2026-08-18,11:04:00,N20,nominal,2.0NRT,310.65,6.58,D,VIIRS
47.13538,35.26718,342.64,0.43,0.46,2026-08-18,11:04:00,N20,nominal,2.0NRT,312.61,4.83,D,VIIRS
47.19765,35.89188,343.72,0.46,0.47,2026-08-18,11:04:00,N20,nominal,2.0NRT,313.33,4.25,D,VIIRS
47.202,35.8912,343.98,0.46,0.47,2026-08-18,11:04:00,N20,nominal,2.0NRT,314.12,4.25,D,VIIRS
46.96276,33.14965,342.85,0.52,0.42,2026-08-18,11:04:00,N20,nominal,2.0NRT,314.08,7.2,D,VIIRS
47.20412,35.80474,340.65,0.46,0.47,2026-08-18,11:04:00,N20,low,2.0NRT,311.56,6.72,D,VIIRS
47.08939,34.29911,336.67,0.39,0.44,2026-08-18,11:04:00,N20,low,2.0NRT,309.77,3.12,D,VIIRS
47.09342,34.29836,343.56,0.39,0.44,2026-08-18,11:04:00,N20,nominal,2.0NRT,310.63,3.12,D,VIIRS
47.2196,35.72299,340.6,0.45,0.47,2026-08-18,11:04:00,N20,nominal,2.0NRT,309.42,2.85,D,VIIRS
47.28574,36.472,332.5,0.49,0.49,2026-08-18,11:04:00,N20,low,2.0NRT,307.29,4.06,D,VIIRS
47.29023,36.47142,338.53,0.49,0.49,2026-08-18,11:04:00,N20,nominal,2.0NRT,310.77,4.06,D,VIIRS
47.02406,33.408,342.37,0.54,0.42,2026-08-18,11:04:00,N20,nominal,2.0NRT,312.01,4.81,D,VIIRS
47.01839,33.3515,338.72,0.53,0.42,2026-08-18,11:04:00,N20,low,2.0NRT,311.11,5.54,D,VIIRS
47.0318,33.4064,337.96,0.54,0.42,2026-08-18,11:04:00,N20,low,2.0NRT,312.85,7.65,D,VIIRS
47.22109,35.7216,342.61,0.45,0.47,2026-08-18,11:04:00,N20,nominal,2.0NRT,310.14,6.48,D,VIIRS
47.02488,33.40775,341.22,0.54,0.42,2026-08-18,11:04:00,N20,low,2.0NRT,312.89,8.51,D,VIIRS
46.67406,30.22624,340.45,0.42,0.38,2026-08-18,11:04:00,N20,nominal,2.0NRT,307.07,107.07,D,VIIRS
46.67816,30.23077,337.83,0.42,0.38,2026-08-18,11:04:00,N20,low,2.0NRT,307.92,31.78,D,VIIRS
46.67747,30.22532,367,0.42,0.38,2026-08-18,11:04:00,N20,low,2.0NRT,349,107.07,D,VIIRS
46.68158,30.22985,336.86,0.42,0.38,2026-08-18,11:04:00,N20,nominal,2.0NRT,305.91,11.79,D,VIIRS
47.28783,36.47113,343.05,0.49,0.49,2026-08-18,11:04:00,N20,nominal,2.0NRT,309.48,5.36,D,VIIRS
46.68432,30.22349,345.11,0.42,0.38,2026-08-18,11:04:00,N20,nominal,2.0NRT,304.18,80.93,D,VIIRS
47.29277,36.47721,332.89,0.49,0.49,2026-08-18,11:04:00,N20,low,2.0NRT,306.33,2.55,D,VIIRS
47.12921,34.37406,350.86,0.39,0.44,2026-08-18,11:04:00,N20,nominal,2.0NRT,312.94,4.59,D,VIIRS
47.13326,34.3733,339.56,0.39,0.44,2026-08-18,11:04:00,N20,nominal,2.0NRT,312.75,4.59,D,VIIRS
47.26226,35.74557,337.13,0.45,0.47,2026-08-18,11:04:00,N20,low,2.0NRT,308.26,2.84,D,VIIRS
47.26613,35.73878,347.92,0.45,0.47,2026-08-18,11:04:00,N20,nominal,2.0NRT,312.43,71.41,D,VIIRS
47.34565,36.78642,347.04,0.51,0.49,2026-08-18,11:04:00,N20,nominal,2.0NRT,313.83,13.44,D,VIIRS
47.2663,35.68382,339.26,0.45,0.47,2026-08-18,11:04:00,N20,nominal,2.0NRT,307.36,12.57,D,VIIRS
47.26583,35.67779,348.53,0.45,0.47,2026-08-18,11:04:00,N20,nominal,2.0NRT,314.98,24.62,D,VIIRS
47.35065,36.79253,343.15,0.51,0.49,2026-08-18,11:04:00,N20,nominal,2.0NRT,305.91,15.64,D,VIIRS
47.3502,36.78578,352.09,0.51,0.49,2026-08-18,11:04:00,N20,nominal,2.0NRT,318.21,67.76,D,VIIRS
47.27477,35.73729,344.49,0.45,0.47,2026-08-18,11:04:00,N20,nominal,2.0NRT,312.02,8.14,D,VIIRS
47.27061,35.68306,341.58,0.45,0.47,2026-08-18,11:04:00,N20,nominal,2.0NRT,307.95,17.24,D,VIIRS
47.20518,34.87201,339.91,0.42,0.45,2026-08-18,11:04:00,N20,low,2.0NRT,310.42,4.27,D,VIIRS
47.18106,34.58994,341.97,0.4,0.44,2026-08-18,11:04:00,N20,nominal,2.0NRT,306.42,4.41,D,VIIRS
47.1806,34.5846,339,0.4,0.44,2026-08-18,11:04:00,N20,nominal,2.0NRT,308.8,4.41,D,VIIRS
47.35521,36.79193,342.72,0.51,0.49,2026-08-18,11:04:00,N20,nominal,2.0NRT,306.61,15.64,D,VIIRS
47.35475,36.78514,354.59,0.51,0.49,2026-08-18,11:04:00,N20,nominal,2.0NRT,317.66,67.76,D,VIIRS
47.21026,34.88232,339.03,0.42,0.45,2026-08-18,11:04:00,N20,low,2.0NRT,310.74,5.39,D,VIIRS
47.3543,36.7784,303.48,0.51,0.49,2026-08-18,11:04:00,N20,low,2.0NRT,316.74,67.76,D,VIIRS
47.35931,36.78456,367,0.51,0.49,2026-08-18,11:04:00,N20,high,2.0NRT,308.16,18.54,D,VIIRS
47.35885,36.77777,336.94,0.51,0.49,2026-08-18,11:04:00,N20,nominal,2.0NRT,310.3,18.54,D,VIIRS
47.18924,34.58845,347.4,0.4,0.44,2026-08-18,11:04:00,N20,nominal,2.0NRT,308.77,3.37,D,VIIRS
47.18877,34.58311,343.3,0.4,0.44,2026-08-18,11:04:00,N20,nominal,2.0NRT,312.49,3.37,D,VIIRS
47.19286,34.58236,335.32,0.4,0.44,2026-08-18,11:04:00,N20,low,2.0NRT,307.25,3.37,D,VIIRS
47.1476,34.07751,331.26,0.38,0.43,2026-08-18,11:04:00,N20,low,2.0NRT,304.08,1.86,D,VIIRS
47.14714,34.07244,334.27,0.38,0.43,2026-08-18,11:04:00,N20,nominal,2.0NRT,304.24,1.86,D,VIIRS
47.14003,33.99545,339.56,0.57,0.43,2026-08-18,11:04:00,N20,low,2.0NRT,311.55,8.12,D,VIIRS
47.29159,35.72832,349.47,0.45,0.47,2026-08-18,11:04:00,N20,nominal,2.0NRT,310.33,8.03,D,VIIRS
47.29112,35.72231,345.79,0.45,0.47,2026-08-18,11:04:00,N20,nominal,2.0NRT,310.21,6.96,D,VIIRS
47.23067,34.97435,340.93,0.42,0.45,2026-08-18,11:04:00,N20,low,2.0NRT,311.59,4.63,D,VIIRS
47.29638,35.73364,355.54,0.45,0.47,2026-08-18,11:04:00,N20,nominal,2.0NRT,311.14,8.03,D,VIIRS
47.29544,35.72161,353.08,0.45,0.47,2026-08-18,11:04:00,N20,nominal,2.0NRT,312.38,6.96,D,VIIRS
47.23484,34.97365,343.75,0.42,0.45,2026-08-18,11:04:00,N20,nominal,2.0NRT,310.52,4.63,D,VIIRS
47.30118,35.73905,346.14,0.45,0.47,2026-08-18,11:04:00,N20,nominal,2.0NRT,311.33,11.16,D,VIIRS
47.3007,35.73302,339.96,0.45,0.47,2026-08-18,11:04:00,N20,low,2.0NRT,311.73,6.42,D,VIIRS
47.27997,35.47055,344.11,0.44,0.46,2026-08-18,11:04:00,N20,nominal,2.0NRT,314.07,6.73,D,VIIRS
47.2795,35.46468,343.66,0.44,0.46,2026-08-18,11:04:00,N20,low,2.0NRT,315.06,6.73,D,VIIRS
47.30503,35.73239,352.91,0.45,0.47,2026-08-18,11:04:00,N20,nominal,2.0NRT,312.73,6.42,D,VIIRS
47.23279,34.85038,353.67,0.41,0.45,2026-08-18,11:04:00,N20,nominal,2.0NRT,313.01,15.18,D,VIIRS
47.08465,33.13772,339.11,0.53,0.42,2026-08-18,11:04:00,N20,low,2.0NRT,312.98,6.45,D,VIIRS
47.25747,34.94151,340.11,0.42,0.45,2026-08-18,11:04:00,N20,nominal,2.0NRT,311.48,1.6,D,VIIRS
46.99321,32.23431,335.53,0.49,0.4,2026-08-18,11:04:00,N20,low,2.0NRT,307.45,6.62,D,VIIRS
46.99829,32.24623,336.49,0.49,0.4,2026-08-18,11:04:00,N20,nominal,2.0NRT,306.41,36.91,D,VIIRS
47.00197,32.24539,350.82,0.49,0.4,2026-08-18,11:04:00,N20,nominal,2.0NRT,316,36.91,D,VIIRS
47.00127,32.23901,339.97,0.49,0.4,2026-08-18,11:04:00,N20,low,2.0NRT,312.59,36.91,D,VIIRS
47.00566,32.24454,341.31,0.49,0.4,2026-08-18,11:04:00,N20,low,2.0NRT,312.31,29.19,D,VIIRS
46.76566,30.16793,336.44,0.42,0.38,2026-08-18,11:04:00,N20,nominal,2.0NRT,307.21,4.23,D,VIIRS
47.30574,35.26781,340.28,0.43,0.46,2026-08-18,11:04:00,N20,nominal,2.0NRT,311.86,3.99,D,VIIRS
47.30997,35.26708,351.12,0.43,0.46,2026-08-18,11:04:00,N20,nominal,2.0NRT,310.57,5.32,D,VIIRS
47.49518,37.79586,342.02,0.57,0.52,2026-08-18,11:04:00,N20,nominal,2.0NRT,307.17,3.99,D,VIIRS
47.42686,36.62281,339.32,0.5,0.49,2026-08-18,11:04:00,N20,low,2.0NRT,310.25,11.89,D,VIIRS
47.43092,36.61536,339.39,0.5,0.49,2026-08-18,11:04:00,N20,nominal,2.0NRT,308.31,12.22,D,VIIRS
47.27713,34.56281,349.71,0.4,0.44,2026-08-18,11:04:00,N20,nominal,2.0NRT,308.95,4.53,D,VIIRS
47.27667,34.55745,345.34,0.4,0.44,2026-08-18,11:04:00,N20,nominal,2.0NRT,308.86,4.53,D,VIIRS
47.27621,34.5521,338.48,0.4,0.44,2026-08-18,11:04:00,N20,nominal,2.0NRT,307.83,4.11,D,VIIRS
47.08677,32.52847,336.72,0.5,0.41,2026-08-18,11:04:00,N20,low,2.0NRT,308.79,2.95,D,VIIRS
47.08609,32.52192,340.85,0.5,0.41,2026-08-18,11:04:00,N20,nominal,2.0NRT,309.66,4.03,D,VIIRS
47.01138,31.66502,348.42,0.46,0.39,2026-08-18,11:04:00,N20,nominal,2.0NRT,312.34,7.43,D,VIIRS
47.35461,35.13157,344.83,0.43,0.46,2026-08-18,11:04:00,N20,nominal,2.0NRT,311.29,5.34,D,VIIRS
47.35414,35.12588,353.51,0.43,0.46,2026-08-18,11:04:00,N20,nominal,2.0NRT,314.52,5.34,D,VIIRS
47.35834,35.12514,340.14,0.43,0.46,2026-08-18,11:04:00,N20,low,2.0NRT,313.44,5.83,D,VIIRS
47.36349,35.1358,367,0.43,0.46,2026-08-18,11:04:00,N20,high,2.0NRT,311.08,7.28,D,VIIRS
47.36301,35.13011,344.43,0.43,0.46,2026-08-18,11:04:00,N20,nominal,2.0NRT,312.85,5.83,D,VIIRS
47.36255,35.12441,341.75,0.43,0.46,2026-08-18,11:04:00,N20,low,2.0NRT,314.22,5.83,D,VIIRS
47.36769,35.13509,339.71,0.43,0.46,2026-08-18,11:04:00,N20,nominal,2.0NRT,312.81,10.21,D,VIIRS
47.36722,35.12939,347.31,0.43,0.46,2026-08-18,11:04:00,N20,nominal,2.0NRT,315.05,19.8,D,VIIRS
47.3719,35.13438,344.9,0.43,0.46,2026-08-18,11:04:00,N20,nominal,2.0NRT,314.13,10.21,D,VIIRS
47.37611,35.13366,350.02,0.43,0.46,2026-08-18,11:04:00,N20,nominal,2.0NRT,310.86,12.43,D,VIIRS
46.82929,29.95719,342.59,0.41,0.37,2026-08-18,11:04:00,N20,nominal,2.0NRT,305.89,3.95,D,VIIRS
47.58193,37.7152,336.89,0.56,0.52,2026-08-18,11:04:00,N20,low,2.0NRT,307.94,4.19,D,VIIRS
47.5881,37.7372,345.85,0.57,0.52,2026-08-18,11:04:00,N20,nominal,2.0NRT,309.66,30.93,D,VIIRS
47.58669,37.71441,340.12,0.56,0.52,2026-08-18,11:04:00,N20,nominal,2.0NRT,307.95,4.19,D,VIIRS
47.47047,36.04002,346.46,0.47,0.48,2026-08-18,11:04:00,N20,nominal,2.0NRT,310.07,4.19,D,VIIRS
47.42464,35.461,350.93,0.44,0.46,2026-08-18,11:04:00,N20,nominal,2.0NRT,315.43,12.41,D,VIIRS
47.42291,35.46003,339.34,0.44,0.46,2026-08-18,11:04:00,N20,low,2.0NRT,311.93,11.46,D,VIIRS
47.47006,36.03914,343.4,0.47,0.48,2026-08-18,11:04:00,N20,nominal,2.0NRT,310.21,2.9,D,VIIRS
47.42763,35.465089999999996,343.45,0.44,0.46,2026-08-18,11:04:00,N20,nominal,2.0NRT,311.66,11.46,D,VIIRS
47.58195,37.71564,340.55,0.57,0.52,2026-08-18,11:04:00,N20,nominal,2.0NRT,308.32,6.72,D,VIIRS
47.47446,36.03846,342.38,0.47,0.48,2026-08-18,11:04:00,N20,nominal,2.0NRT,311.47,4.31,D,VIIRS
47.43099,35.45253,341.33,0.44,0.46,2026-08-18,11:04:00,N20,low,2.0NRT,314.04,5.88,D,VIIRS
47.42467,35.37056,334.72,0.44,0.46,2026-08-18,11:04:00,N20,low,2.0NRT,309.07,1.46,D,VIIRS
47.38321,34.85159,335.26,0.42,0.45,2026-08-18,11:04:00,N20,nominal,2.0NRT,308.55,1.41,D,VIIRS
47.38276,34.84607,347.77,0.42,0.45,2026-08-18,11:04:00,N20,nominal,2.0NRT,311.99,6.02,D,VIIRS
47.58801,37.73765,342.09,0.57,0.52,2026-08-18,11:04:00,N20,nominal,2.0NRT,310.33,30.2,D,VIIRS
47.58672,37.71484,338.64,0.57,0.52,2026-08-18,11:04:00,N20,nominal,2.0NRT,307.6,6.72,D,VIIRS
47.59279,37.73691,339.93,0.57,0.52,2026-08-18,11:04:00,N20,nominal,2.0NRT,312.13,47.05,D,VIIRS
47.34826,34.24721,343.81,0.39,0.44,2026-08-18,11:04:00,N20,nominal,2.0NRT,312.44,7.53,D,VIIRS
47.36244,34.36162,353.89,0.4,0.44,2026-08-18,11:04:00,N20,nominal,2.0NRT,309.91,13.85,D,VIIRS
47.60309,37.5836,331.99,0.56,0.51,2026-08-18,11:04:00,N20,nominal,2.0NRT,305.25,2.44,D,VIIRS
47.44093,35.24931,339,0.43,0.46,2026-08-18,11:04:00,N20,low,2.0NRT,310.64,3.96,D,VIIRS
47.36649,34.36086,336.98,0.4,0.44,2026-08-18,11:04:00,N20,nominal,2.0NRT,309.77,66.16,D,VIIRS
47.37102,34.36536,367,0.4,0.44,2026-08-18,11:04:00,N20,high,2.0NRT,332.46,66.16,D,VIIRS
47.44564,35.25451,340.53,0.43,0.46,2026-08-18,11:04:00,N20,nominal,2.0NRT,309.96,6.3,D,VIIRS
47.37148,34.37062,346.06,0.4,0.44,2026-08-18,11:04:00,N20,nominal,2.0NRT,304.69,47.25,D,VIIRS
47.37055,34.36009,349.88,0.4,0.44,2026-08-18,11:04:00,N20,nominal,2.0NRT,308.67,66.16,D,VIIRS
47.51011,36.03937,339.53,0.47,0.48,2026-08-18,11:04:00,N20,low,2.0NRT,311.81,1.47,D,VIIRS
47.37553,34.36986,347.17,0.4,0.44,2026-08-18,11:04:00,N20,nominal,2.0NRT,311.52,23.04,D,VIIRS
47.63166,37.82574,340.44,0.57,0.52,2026-08-18,11:04:00,N20,nominal,2.0NRT,303.76,5.38,D,VIIRS
47.63121,37.81792,335.96,0.57,0.52,2026-08-18,11:04:00,N20,low,2.0NRT,307.5,5.38,D,VIIRS
47.51313,36.01985,341.26,0.47,0.48,2026-08-18,11:04:00,N20,nominal,2.0NRT,308.02,3.39,D,VIIRS
47.37959,34.36908,334.82,0.4,0.44,2026-08-18,11:04:00,N20,nominal,2.0NRT,304.11,23.04,D,VIIRS
47.37912,34.36382,342.92,0.4,0.44,2026-08-18,11:04:00,N20,nominal,2.0NRT,310.39,42.41,D,VIIRS
47.38318,34.36306,343.24,0.4,0.44,2026-08-18,11:04:00,N20,nominal,2.0NRT,309.63,3.03,D,VIIRS
47.56226,36.58239,341.25,0.5,0.49,2026-08-18,11:04:00,N20,nominal,2.0NRT,307.14,5.43,D,VIIRS
47.38724,34.3623,344.4,0.4,0.44,2026-08-18,11:04:00,N20,nominal,2.0NRT,309.7,3.03,D,VIIRS
47.38583,34.34651,345.86,0.4,0.44,2026-08-18,11:04:00,N20,nominal,2.0NRT,313.35,14.59,D,VIIRS
47.56677,36.58174,342.13,0.5,0.49,2026-08-18,11:04:00,N20,nominal,2.0NRT,307.6,5.72,D,VIIRS
47.56631,36.57505,342.92,0.5,0.49,2026-08-18,11:04:00,N20,nominal,2.0NRT,310.94,12.37,D,VIIRS
47.39176,34.36681,340.26,0.4,0.44,2026-08-18,11:04:00,N20,nominal,2.0NRT,307.41,3.81,D,VIIRS
47.3913,34.36155,343.78,0.4,0.44,2026-08-18,11:04:00,N20,nominal,2.0NRT,310.87,4.21,D,VIIRS
47.38989,34.34575,343.4,0.4,0.44,2026-08-18,11:04:00,N20,nominal,2.0NRT,308.53,3.92,D,VIIRS
47.57129,36.58111,341.19,0.5,0.49,2026-08-18,11:04:00,N20,nominal,2.0NRT,305.55,5.72,D,VIIRS
47.49358,35.53225,339.58,0.45,0.47,2026-08-18,11:04:00,N20,low,2.0NRT,312.13,4.15,D,VIIRS
47.39582,34.36606,341.67,0.4,0.44,2026-08-18,11:04:00,N20,nominal,2.0NRT,309.59,3.81,D,VIIRS
47.39535,34.36079,344.25,0.4,0.44,2026-08-18,11:04:00,N20,nominal,2.0NRT,311.67,4.21,D,VIIRS
47.52805,35.92246,333.85,0.47,0.47,2026-08-18,11:04:00,N20,low,2.0NRT,308.01,2.03,D,VIIRS
47.40034,34.37057,348.93,0.4,0.44,2026-08-18,11:04:00,N20,nominal,2.0NRT,308.98,13.39,D,VIIRS
47.39941,34.36002,343.42,0.4,0.44,2026-08-18,11:04:00,N20,nominal,2.0NRT,311.9,9.03,D,VIIRS
47.38718,34.22394,338.25,0.39,0.44,2026-08-18,11:04:00,N20,nominal,2.0NRT,306.41,4.56,D,VIIRS
47.1985,32.31565,337.63,0.49,0.4,2026-08-18,11:04:00,N20,low,2.0NRT,311.72,5.16,D,VIIRS
47.58784,36.68783,338.94,0.51,0.49,2026-08-18,11:04:00,N20,nominal,2.0NRT,310.07,6.51,D,VIIRS
47.58736,36.68104,336.13,0.51,0.49,2026-08-18,11:04:00,N20,nominal,2.0NRT,308.53,2.81,D,VIIRS
47.40346,34.35926,352.86,0.4,0.44,2026-08-18,11:04:00,N20,nominal,2.0NRT,313.33,9.03,D,VIIRS
47.40299,34.35399,349.56,0.4,0.44,2026-08-18,11:04:00,N20,nominal,2.0NRT,312.74,9.03,D,VIIRS
47.39121,34.22319,350.38,0.39,0.44,2026-08-18,11:04:00,N20,nominal,2.0NRT,304.14,4.56,D,VIIRS
47.53444,35.88993,336.64,0.46,0.47,2026-08-18,11:04:00,N20,nominal,2.0NRT,310.12,3.18,D,VIIRS
47.53881,35.88937,340.49,0.46,0.47,2026-08-18,11:04:00,N20,nominal,2.0NRT,308.24,3.18,D,VIIRS
47.3943,34.12259,331.81,0.39,0.44,2026-08-18,11:04:00,N20,nominal,2.0NRT,299.38,3.13,D,VIIRS
47.62828,37.0106,341.74,0.52,0.5,2026-08-18,11:04:00,N20,nominal,2.0NRT,306.44,10.95,D,VIIRS
47.62782,37.00356,338.68,0.52,0.5,2026-08-18,11:04:00,N20,nominal,2.0NRT,311.12,10.95,D,VIIRS
47.25978,32.71375,338.07,0.51,0.41,2026-08-18,11:04:00,N20,low,2.0NRT,312.49,7.69,D,VIIRS
47.50832,35.33817,341.19,0.44,0.46,2026-08-18,11:04:00,N20,nominal,2.0NRT,312.03,2.18,D,VIIRS
47.41472,34.25603,353.72,0.39,0.44,2026-08-18,11:04:00,N20,nominal,2.0NRT,317.7,35.79,D,VIIRS
47.41425,34.25082,338.48,0.39,0.44,2026-08-18,11:04:00,N20,nominal,2.0NRT,306.93,6.31,D,VIIRS
47.26354,32.71291,342.23,0.51,0.41,2026-08-18,11:04:00,N20,low,2.0NRT,315.38,37.45,D,VIIRS
47.26802,32.71882,339.06,0.51,0.41,2026-08-18,11:04:00,N20,low,2.0NRT,310.37,37.45,D,VIIRS
47.63974,36.97343,342.24,0.52,0.5,2026-08-18,11:04:00,N20,nominal,2.0NRT,307.47,10.91,D,VIIRS
47.63927,36.96647,343.39,0.52,0.5,2026-08-18,11:04:00,N20,nominal,2.0NRT,310.61,7.42,D,VIIRS
47.52262,35.40748,342.24,0.44,0.46,2026-08-18,11:04:00,N20,low,2.0NRT,312.91,6.15,D,VIIRS
47.3327,33.31303,335.22,0.54,0.42,2026-08-18,11:04:00,N20,nominal,2.0NRT,310.12,1.73,D,VIIRS
47.64388,36.96581,338.71,0.52,0.5,2026-08-18,11:04:00,N20,low,2.0NRT,310.64,7.42,D,VIIRS
47.6434,36.95887,353.94,0.52,0.5,2026-08-18,11:04:00,N20,nominal,2.0NRT,310.87,7.42,D,VIIRS
47.27058,32.71023,338.08,0.51,0.41,2026-08-18,11:04:00,N20,low,2.0NRT,310.87,2.15,D,VIIRS
47.62696,37.0097,341.92,0.52,0.5,2026-08-18,11:04:00,N20,nominal,2.0NRT,308.54,11.78,D,VIIRS
47.62653,37.00267,336.9,0.52,0.5,2026-08-18,11:04:00,N20,nominal,2.0NRT,311.03,9.82,D,VIIRS
47.64056,37.0789,337.9,0.53,0.5,2026-08-18,11:04:00,N20,low,2.0NRT,309.65,4.59,D,VIIRS
47.52553,35.4109,348.09,0.44,0.46,2026-08-18,11:04:00,N20,nominal,2.0NRT,313.13,4.99,D,VIIRS
47.63861,36.9725,341.43,0.52,0.5,2026-08-18,11:04:00,N20,nominal,2.0NRT,306.81,6.05,D,VIIRS
47.63818,36.96554,337.65,0.52,0.5,2026-08-18,11:04:00,N20,nominal,2.0NRT,308.67,6.05,D,VIIRS
47.55875,35.79667,333.19,0.46,0.47,2026-08-18,11:04:00,N20,low,2.0NRT,306.96,1.8,D,VIIRS
47.55106,35.69227,351.53,0.46,0.47,2026-08-18,11:04:00,N20,nominal,2.0NRT,311.63,7.19,D,VIIRS
47.52936,35.4044,346.84,0.44,0.46,2026-08-18,11:04:00,N20,nominal,2.0NRT,314.81,20.2,D,VIIRS
47.19748,31.83305,335.83,0.47,0.4,2026-08-18,11:04:00,N20,nominal,2.0NRT,308.38,4.55,D,VIIRS
47.64322,36.97181,342.26,0.52,0.5,2026-08-18,11:04:00,N20,nominal,2.0NRT,309.31,5.88,D,VIIRS
47.64278,36.96486,344.14,0.52,0.5,2026-08-18,11:04:00,N20,nominal,2.0NRT,311.06,5.88,D,VIIRS
47.64234,36.9579,352.17,0.52,0.5,2026-08-18,11:04:00,N20,nominal,2.0NRT,310.58,8.86,D,VIIRS
47.53318,35.39788,339.41,0.44,0.46,2026-08-18,11:04:00,N20,low,2.0NRT,313.7,3.36,D,VIIRS
47.39311,33.60951,338.2,0.55,0.43,2026-08-18,11:04:00,N20,low,2.0NRT,311.36,3.15,D,VIIRS
47.5759,35.7313,341.56,0.46,0.47,2026-08-18,11:04:00,N20,nominal,2.0NRT,310.49,4.25,D,VIIRS
47.65137,36.73955,339.08,0.51,0.49,2026-08-18,11:04:00,N20,low,2.0NRT,312.86,6.4,D,VIIRS
47.58024,35.73071,344.74,0.46,0.47,2026-08-18,11:04:00,N20,nominal,2.0NRT,309.63,4.25,D,VIIRS
47.57855,35.65017,348.61,0.45,0.47,2026-08-18,11:04:00,N20,nominal,2.0NRT,309.91,5.95,D,VIIRS
47.54448,35.21254,342.64,0.43,0.46,2026-08-18,11:04:00,N20,nominal,2.0NRT,311.37,32.89,D,VIIRS
47.66049,36.73828,352.25,0.51,0.49,2026-08-18,11:04:00,N20,nominal,2.0NRT,312.79,10.91,D,VIIRS
47.62205,36.18076,350.6,0.48,0.48,2026-08-18,11:04:00,N20,nominal,2.0NRT,310.22,12.8,D,VIIRS
47.62159,36.17433,340.72,0.48,0.48,2026-08-18,11:04:00,N20,nominal,2.0NRT,308.18,7.47,D,VIIRS
47.65171,36.47409,349.73,0.5,0.49,2026-08-18,11:04:00,N20,nominal,2.0NRT,313.01,24.73,D,VIIRS
47.63555,36.24413,341.58,0.48,0.48,2026-08-18,11:04:00,N20,nominal,2.0NRT,307.47,3.92,D,VIIRS
47.56922,35.36152,340.7,0.44,0.46,2026-08-18,11:04:00,N20,low,2.0NRT,313.13,6.29,D,VIIRS
47.66359,36.58036,355.63,0.5,0.49,2026-08-18,11:04:00,N20,nominal,2.0NRT,312.29,69.44,D,VIIRS
47.51468,34.64732,355.36,0.41,0.45,2026-08-18,11:04:00,N20,nominal,2.0NRT,322.93,22.92,D,VIIRS
47.51234,34.62001,335.41,0.41,0.45,2026-08-18,11:04:00,N20,low,2.0NRT,310.05,1.57,D,VIIRS
47.78145,38.452,330.1,0.61,0.54,2026-08-18,11:04:00,N20,low,2.0NRT,302.87,4.79,D,VIIRS
47.68103,36.77007,338.15,0.51,0.49,2026-08-18,11:04:00,N20,low,2.0NRT,312.45,3.21,D,VIIRS
47.66856,36.58636,344.09,0.5,0.49,2026-08-18,11:04:00,N20,nominal,2.0NRT,313.26,32.76,D,VIIRS
47.6856,36.76941,349.7,0.51,0.49,2026-08-18,11:04:00,N20,nominal,2.0NRT,314.56,7.57,D,VIIRS
47.46182,33.91557,351.99,0.57,0.43,2026-08-18,11:04:00,N20,nominal,2.0NRT,312.48,16.17,D,VIIRS
47.63249,35.89797,334.39,0.47,0.47,2026-08-18,11:04:00,N20,low,2.0NRT,306.27,2.52,D,VIIRS
47.61791,35.70652,335.6,0.46,0.47,2026-08-18,11:04:00,N20,low,2.0NRT,307.79,5.52,D,VIIRS
47.52974,34.62798,345.17,0.41,0.45,2026-08-18,11:04:00,N20,nominal,2.0NRT,315.73,5.03,D,VIIRS
47.70957,36.92023,338.06,0.52,0.5,2026-08-18,11:04:00,N20,low,2.0NRT,311.6,3.72,D,VIIRS
47.53385,34.62722,347.03,0.41,0.45,2026-08-18,11:04:00,N20,nominal,2.0NRT,315.4,5.03,D,VIIRS
47.74762,37.43739,345.84,0.55,0.51,2026-08-18,11:04:00,N20,nominal,2.0NRT,308.78,11.25,D,VIIRS
47.60615,35.44518,342.52,0.44,0.46,2026-08-18,11:04:00,N20,nominal,2.0NRT,312.11,6.91,D,VIIRS
47.59526,35.30957,343.98,0.44,0.46,2026-08-18,11:04:00,N20,low,2.0NRT,316.04,9.36,D,VIIRS
47.7528,37.4442,336.11,0.55,0.51,2026-08-18,11:04:00,N20,low,2.0NRT,307.17,8.24,D,VIIRS
47.75233,37.43683,351.17,0.55,0.51,2026-08-18,11:04:00,N20,nominal,2.0NRT,313.85,11.25,D,VIIRS
47.75141,37.42199,345.91,0.55,0.51,2026-08-18,11:04:00,N20,nominal,2.0NRT,307.17,6.33,D,VIIRS
47.604730000000004,35.37335,338.9,0.44,0.46,2026-08-18,11:04:00,N20,low,2.0NRT,311.13,4.6,D,VIIRS
47.59951,35.3088,356.37,0.44,0.46,2026-08-18,11:04:00,N20,nominal,2.0NRT,315.42,9.36,D,VIIRS
47.56485,34.89081,344.36,0.42,0.45,2026-08-18,11:04:00,N20,nominal,2.0NRT,302.38,4.09,D,VIIRS
47.75752,37.44362,346.65,0.55,0.51,2026-08-18,11:04:00,N20,nominal,2.0NRT,313.1,38.78,D,VIIRS
47.75706,37.436279999999996,339.56,0.55,0.51,2026-08-18,11:04:00,N20,low,2.0NRT,311.66,8.97,D,VIIRS
47.75613,37.42144,338.27,0.55,0.51,2026-08-18,11:04:00,N20,low,2.0NRT,310.89,8.28,D,VIIRS
47.60191,35.28528,342.76,0.44,0.46,2026-08-18,11:04:00,N20,nominal,2.0NRT,311.37,14.24,D,VIIRS
47.87012,39.42745,337.64,0.34,0.56,2026-08-18,11:04:00,N20,nominal,2.0NRT,299.6,2.85,D,VIIRS
47.76271,37.45041,342.71,0.55,0.51,2026-08-18,11:04:00,N20,nominal,2.0NRT,306.93,38.78,D,VIIRS
47.76132,37.42833,345.1,0.55,0.51,2026-08-18,11:04:00,N20,nominal,2.0NRT,311.78,8.97,D,VIIRS
47.76085,37.42093,348.48,0.55,0.51,2026-08-18,11:04:00,N20,nominal,2.0NRT,310.99,8.28,D,VIIRS
47.76743,37.44986,342.21,0.55,0.51,2026-08-18,11:04:00,N20,nominal,2.0NRT,305.04,41.96,D,VIIRS
47.76696,37.44247,337.53,0.55,0.51,2026-08-18,11:04:00,N20,low,2.0NRT,311.65,41.96,D,VIIRS
47.76556,37.42036,353.86,0.55,0.51,2026-08-18,11:04:00,N20,nominal,2.0NRT,311.93,12.81,D,VIIRS
47.7651,37.41296,345.33,0.55,0.51,2026-08-18,11:04:00,N20,nominal,2.0NRT,310.62,12.81,D,VIIRS
47.76416,37.39816,342.44,0.55,0.51,2026-08-18,11:04:00,N20,nominal,2.0NRT,309.55,11.26,D,VIIRS
47.69834,36.42685,333.96,0.49,0.49,2026-08-18,11:04:00,N20,nominal,2.0NRT,306.47,1.89,D,VIIRS
47.77169,37.44188,356.13,0.55,0.51,2026-08-18,11:04:00,N20,nominal,2.0NRT,314.59,41.96,D,VIIRS
47.77122,37.43451,347.68,0.55,0.51,2026-08-18,11:04:00,N20,nominal,2.0NRT,311.52,15.69,D,VIIRS
47.76982,37.41245,354.74,0.55,0.51,2026-08-18,11:04:00,N20,nominal,2.0NRT,310.35,12.81,D,VIIRS
47.76934,37.40506,355.07,0.55,0.51,2026-08-18,11:04:00,N20,nominal,2.0NRT,309.58,11.26,D,VIIRS
47.76888,37.39764,355.4,0.55,0.51,2026-08-18,11:04:00,N20,nominal,2.0NRT,313.85,11.26,D,VIIRS
47.66261,35.88647,348.31,0.47,0.47,2026-08-18,11:04:00,N20,nominal,2.0NRT,312.03,25.33,D,VIIRS
47.77687,37.4486,349.3,0.55,0.51,2026-08-18,11:04:00,N20,nominal,2.0NRT,312.8,17.43,D,VIIRS
47.77594,37.43387,344.71,0.55,0.51,2026-08-18,11:04:00,N20,nominal,2.0NRT,312,14.24,D,VIIRS
47.775,37.41922,338.04,0.55,0.51,2026-08-18,11:04:00,N20,low,2.0NRT,308.98,30.95,D,VIIRS
47.77407,37.40453,355.78,0.55,0.51,2026-08-18,11:04:00,N20,nominal,2.0NRT,313.35,64.34,D,VIIRS
47.77359,37.39712,341.27,0.55,0.51,2026-08-18,11:04:00,N20,nominal,2.0NRT,309.87,64.34,D,VIIRS
47.70733,36.42562,341.26,0.49,0.49,2026-08-18,11:04:00,N20,nominal,2.0NRT,306.87,4.52,D,VIIRS
47.6963,36.27462,331.45,0.49,0.48,2026-08-18,11:04:00,N20,low,2.0NRT,305.16,1.33,D,VIIRS
47.77878,37.40396,367,0.55,0.51,2026-08-18,11:04:00,N20,high,2.0NRT,343.69,64.34,D,VIIRS
47.77972,37.41864,352.86,0.55,0.51,2026-08-18,11:04:00,N20,nominal,2.0NRT,310.79,30.95,D,VIIRS
47.77925,37.41131,344.46,0.55,0.51,2026-08-18,11:04:00,N20,nominal,2.0NRT,306.14,30.95,D,VIIRS
47.7099,36.39852,334.46,0.49,0.49,2026-08-18,11:04:00,N20,low,2.0NRT,307.29,2.74,D,VIIRS
47.65403,35.6637,350.12,0.45,0.47,2026-08-18,11:04:00,N20,nominal,2.0NRT,308.8,5.25,D,VIIRS
47.65355,35.65755,341.8,0.45,0.47,2026-08-18,11:04:00,N20,nominal,2.0NRT,310.33,5.25,D,VIIRS
47.62888,35.3515,334.76,0.44,0.46,2026-08-18,11:04:00,N20,low,2.0NRT,308.26,1.42,D,VIIRS
47.58404,34.81898,341.77,0.42,0.45,2026-08-18,11:04:00,N20,nominal,2.0NRT,307.79,6.36,D,VIIRS
47.75872,37.44372,344.49,0.55,0.51,2026-08-18,11:04:00,N20,low,2.0NRT,316.23,30.4,D,VIIRS
47.75829,37.43636,338.06,0.55,0.51,2026-08-18,11:04:00,N20,low,2.0NRT,311.33,30.4,D,VIIRS
47.75744,37.42153,337.33,0.55,0.51,2026-08-18,11:04:00,N20,low,2.0NRT,310.66,9.79,D,VIIRS
47.76387,37.45052,341.75,0.55,0.51,2026-08-18,11:04:00,N20,nominal,2.0NRT,305.28,29.1,D,VIIRS
47.76259,37.42841,339.4,0.55,0.51,2026-08-18,11:04:00,N20,low,2.0NRT,311.14,9.79,D,VIIRS
47.76216,37.421,355.63,0.55,0.51,2026-08-18,11:04:00,N20,nominal,2.0NRT,312.96,9.79,D,VIIRS
47.6864,36.22312,331.18,0.48,0.48,2026-08-18,11:04:00,N20,low,2.0NRT,303.24,3.15,D,VIIRS
47.66273,35.88552,349.02,0.47,0.47,2026-08-18,11:04:00,N20,nominal,2.0NRT,309.76,24.55,D,VIIRS
47.62902,35.42796,334.91,0.44,0.46,2026-08-18,11:04:00,N20,low,2.0NRT,306.31,2.85,D,VIIRS
47.58115,34.81811,337.92,0.42,0.45,2026-08-18,11:04:00,N20,low,2.0NRT,308.1,2.51,D,VIIRS
47.76817,37.44255,337.13,0.55,0.51,2026-08-18,11:04:00,N20,low,2.0NRT,310.83,22.25,D,VIIRS
47.76688,37.4204,343.24,0.55,0.51,2026-08-18,11:04:00,N20,nominal,2.0NRT,308.04,8.7,D,VIIRS
47.76645,37.413,356.11,0.55,0.51,2026-08-18,11:04:00,N20,nominal,2.0NRT,312.75,15.6,D,VIIRS
47.76559,37.39819,348.65,0.55,0.51,2026-08-18,11:04:00,N20,nominal,2.0NRT,312.4,16.61,D,VIIRS
47.6944,36.27418,331.88,0.49,0.48,2026-08-18,11:04:00,N20,low,2.0NRT,304.76,3.98,D,VIIRS
47.6505,35.65683,339.97,0.45,0.47,2026-08-18,11:04:00,N20,nominal,2.0NRT,310.06,5.74,D,VIIRS
47.87085,39.42496,336.04,0.34,0.56,2026-08-18,11:04:00,N20,nominal,2.0NRT,301.98,3.43,D,VIIRS
47.77288,37.44193,353.95,0.55,0.51,2026-08-18,11:04:00,N20,nominal,2.0NRT,315.85,22.25,D,VIIRS
47.77246,37.43455,351.68,0.55,0.51,2026-08-18,11:04:00,N20,nominal,2.0NRT,312.86,22.25,D,VIIRS
47.77203,37.42717,336.07,0.55,0.51,2026-08-18,11:04:00,N20,low,2.0NRT,310.63,8.7,D,VIIRS
47.77117,37.41248,342.15,0.55,0.51,2026-08-18,11:04:00,N20,nominal,2.0NRT,307.9,15.6,D,VIIRS
47.77074,37.40509,355.96,0.55,0.51,2026-08-18,11:04:00,N20,nominal,2.0NRT,312.28,15.6,D,VIIRS
47.7703,37.39767,345.73,0.55,0.51,2026-08-18,11:04:00,N20,nominal,2.0NRT,314.16,16.61,D,VIIRS
47.70913,36.42476,340.97,0.49,0.49,2026-08-18,11:04:00,N20,nominal,2.0NRT,306.52,9.16,D,VIIRS
47.70779,36.4049,336.29,0.49,0.49,2026-08-18,11:04:00,N20,nominal,2.0NRT,305.66,4.79,D,VIIRS
47.65529,35.66238,346.43,0.46,0.47,2026-08-18,11:04:00,N20,nominal,2.0NRT,310.31,9.31,D,VIIRS
47.77804,37.44866,346.68,0.55,0.51,2026-08-18,11:04:00,N20,nominal,2.0NRT,310.07,7.95,D,VIIRS
47.77632,37.41924,342.37,0.55,0.51,2026-08-18,11:04:00,N20,nominal,2.0NRT,310.07,10.58,D,VIIRS
47.77546,37.40453,352.85,0.55,0.51,2026-08-18,11:04:00,N20,nominal,2.0NRT,319.98,79.85,D,VIIRS
47.77502,37.39712,338.25,0.55,0.51,2026-08-18,11:04:00,N20,nominal,2.0NRT,309.36,17.72,D,VIIRS
47.63642,35.35493,348.38,0.44,0.46,2026-08-18,11:04:00,N20,nominal,2.0NRT,309.46,4.14,D,VIIRS
47.78017,37.40393,367,0.55,0.51,2026-08-18,11:04:00,N20,high,2.0NRT,328.76,79.85,D,VIIRS
47.78104,37.41864,355.09,0.55,0.51,2026-08-18,11:04:00,N20,nominal,2.0NRT,310.04,10.58,D,VIIRS
47.7806,37.4113,338.35,0.55,0.51,2026-08-18,11:04:00,N20,nominal,2.0NRT,305.26,79.85,D,VIIRS
47.77609,37.25636,342.55,0.54,0.51,2026-08-18,11:04:00,N20,nominal,2.0NRT,309.48,5.52,D,VIIRS
47.77565,37.24913,339.57,0.54,0.51,2026-08-18,11:04:00,N20,nominal,2.0NRT,308.37,4.7,D,VIIRS
47.71132,36.2583,340.42,0.49,0.48,2026-08-18,11:04:00,N20,nominal,2.0NRT,308.13,6.18,D,VIIRS
47.59686,34.75312,334.94,0.41,0.45,2026-08-18,11:04:00,N20,low,2.0NRT,305.21,2.99,D,VIIRS
47.80398,37.56619,333.35,0.56,0.51,2026-08-18,11:04:00,N20,low,2.0NRT,308.34,10.2,D,VIIRS
47.67416,35.62208,346.13,0.45,0.47,2026-08-18,11:04:00,N20,nominal,2.0NRT,307.51,5.78,D,VIIRS
47.8083,37.55815,338.82,0.56,0.51,2026-08-18,11:04:00,N20,low,2.0NRT,309.14,5.32,D,VIIRS
47.75603,36.71759,342.84,0.51,0.49,2026-08-18,11:04:00,N20,nominal,2.0NRT,311.73,5.44,D,VIIRS
47.79481,37.2539,336.63,0.54,0.51,2026-08-18,11:04:00,N20,low,2.0NRT,310.71,10.26,D,VIIRS
47.8138,37.48945,334.99,0.55,0.51,2026-08-18,11:04:00,N20,low,2.0NRT,306.98,7.12,D,VIIRS
47.79905,37.24604,344.01,0.54,0.51,2026-08-18,11:04:00,N20,nominal,2.0NRT,310.58,4.53,D,VIIRS
47.1376,30.1553,347.08,0.42,0.38,2026-08-18,11:04:00,N20,nominal,2.0NRT,309.61,7.88,D,VIIRS
47.82388,37.57892,341.74,0.56,0.51,2026-08-18,11:04:00,N20,nominal,2.0NRT,306.57,3.57,D,VIIRS
47.81854,37.48893,341.16,0.55,0.51,2026-08-18,11:04:00,N20,nominal,2.0NRT,309.08,15.21,D,VIIRS
47.73853,36.26092,337.39,0.49,0.48,2026-08-18,11:04:00,N20,nominal,2.0NRT,307.01,3.45,D,VIIRS
47.65106,35.10485,342.33,0.43,0.46,2026-08-18,11:04:00,N20,nominal,2.0NRT,309.14,5.54,D,VIIRS
47.14172,30.15989,344.07,0.42,0.38,2026-08-18,11:04:00,N20,nominal,2.0NRT,310.79,7.86,D,VIIRS
47.14034,30.14888,340.58,0.42,0.38,2026-08-18,11:04:00,N20,nominal,2.0NRT,310.25,7.37,D,VIIRS
47.76969,36.64675,367,0.51,0.49,2026-08-18,11:04:00,N20,high,2.0NRT,313.68,8.81,D,VIIRS
47.82864,37.57837,338.19,0.56,0.51,2026-08-18,11:04:00,N20,nominal,2.0NRT,306.11,3.57,D,VIIRS
47.82507,37.51833,352.45,0.56,0.51,2026-08-18,11:04:00,N20,nominal,2.0NRT,313.69,16.94,D,VIIRS
47.80842,37.24498,338.74,0.54,0.51,2026-08-18,11:04:00,N20,low,2.0NRT,313.56,9.02,D,VIIRS
47.66599,35.23738,337.23,0.44,0.46,2026-08-18,11:04:00,N20,low,2.0NRT,307.35,3.25,D,VIIRS
47.14377,30.14794,341.19,0.42,0.38,2026-08-18,11:04:00,N20,nominal,2.0NRT,309.55,7.37,D,VIIRS
47.83249,37.56266,337.22,0.56,0.51,2026-08-18,11:04:00,N20,low,2.0NRT,307.63,4.07,D,VIIRS
47.81355,37.25175,344.57,0.54,0.51,2026-08-18,11:04:00,N20,nominal,2.0NRT,313.12,6.44,D,VIIRS
47.8131,37.24434,350.05,0.54,0.51,2026-08-18,11:04:00,N20,nominal,2.0NRT,313,11.75,D,VIIRS
47.8187,37.25852,339.54,0.54,0.51,2026-08-18,11:04:00,N20,low,2.0NRT,309.68,6.44,D,VIIRS
47.81823,37.25107,344.71,0.54,0.51,2026-08-18,11:04:00,N20,nominal,2.0NRT,312.91,6.44,D,VIIRS
47.81777,37.24367,347.07,0.54,0.51,2026-08-18,11:04:00,N20,nominal,2.0NRT,311.28,11.75,D,VIIRS
47.83929,37.51656,343.83,0.56,0.51,2026-08-18,11:04:00,N20,nominal,2.0NRT,312.12,6.85,D,VIIRS
47.82384,37.26529,339.83,0.54,0.51,2026-08-18,11:04:00,N20,nominal,2.0NRT,306.5,6.1,D,VIIRS
47.82338,37.25793,345.41,0.54,0.51,2026-08-18,11:04:00,N20,nominal,2.0NRT,314.6,11.67,D,VIIRS
47.82291,37.25047,344.77,0.54,0.51,2026-08-18,11:04:00,N20,nominal,2.0NRT,312.56,11.67,D,VIIRS
47.7316,35.91857,343.03,0.47,0.48,2026-08-18,11:04:00,N20,nominal,2.0NRT,310.8,15.2,D,VIIRS
47.82806,37.25737,367,0.54,0.51,2026-08-18,11:04:00,N20,high,2.0NRT,313.67,11.67,D,VIIRS
47.84449,37.5234,339.43,0.56,0.51,2026-08-18,11:04:00,N20,low,2.0NRT,311.69,6.85,D,VIIRS
47.82853,37.26463,333.93,0.54,0.51,2026-08-18,11:04:00,N20,nominal,2.0NRT,308.16,6.1,D,VIIRS
47.8276,37.24995,355.33,0.54,0.51,2026-08-18,11:04:00,N20,nominal,2.0NRT,314.18,11.67,D,VIIRS
47.82714,37.24256,351.62,0.54,0.51,2026-08-18,11:04:00,N20,nominal,2.0NRT,313.29,7.84,D,VIIRS
47.82667,37.23525,334.76,0.54,0.51,2026-08-18,11:04:00,N20,low,2.0NRT,308.31,7.84,D,VIIRS
47.68247,35.22852,336.95,0.44,0.46,2026-08-18,11:04:00,N20,nominal,2.0NRT,306.4,2.48,D,VIIRS
47.83275,37.25677,350.17,0.54,0.51,2026-08-18,11:04:00,N20,nominal,2.0NRT,316.72,19.04,D,VIIRS
47.83229,37.24946,344.06,0.54,0.51,2026-08-18,11:04:00,N20,nominal,2.0NRT,310.01,19.04,D,VIIRS
47.83182,37.24209,344.82,0.54,0.51,2026-08-18,11:04:00,N20,nominal,2.0NRT,311.35,8.23,D,VIIRS
47.79192,36.63649,346.86,0.51,0.49,2026-08-18,11:04:00,N20,nominal,2.0NRT,312.52,7.86,D,VIIRS
47.83698,37.24895,367,0.54,0.51,2026-08-18,11:04:00,N20,high,2.0NRT,311.47,19.04,D,VIIRS
47.90765,38.46507,342.21,0.62,0.54,2026-08-18,11:04:00,N20,nominal,2.0NRT,305.96,13.63,D,VIIRS
47.90722,38.45678,342.27,0.62,0.54,2026-08-18,11:04:00,N20,nominal,2.0NRT,308.08,16.58,D,VIIRS
47.85262,37.50007,335.24,0.55,0.51,2026-08-18,11:04:00,N20,low,2.0NRT,305.24,8.14,D,VIIRS
47.83744,37.2562,344.27,0.54,0.51,2026-08-18,11:04:00,N20,nominal,2.0NRT,308.98,19.04,D,VIIRS
47.83651,37.24164,338.16,0.54,0.51,2026-08-18,11:04:00,N20,nominal,2.0NRT,306.65,8.23,D,VIIRS
47.69471,35.27365,343.48,0.44,0.46,2026-08-18,11:04:00,N20,nominal,2.0NRT,307.27,4.41,D,VIIRS
47.91261,38.46438,343.97,0.62,0.54,2026-08-18,11:04:00,N20,nominal,2.0NRT,311.2,56.93,D,VIIRS
47.91217,38.456,342.8,0.62,0.54,2026-08-18,11:04:00,N20,nominal,2.0NRT,309.77,33.57,D,VIIRS
47.84166,37.24836,351.8,0.54,0.51,2026-08-18,11:04:00,N20,nominal,2.0NRT,310.44,38.61,D,VIIRS
47.8412,37.24109,338.87,0.54,0.51,2026-08-18,11:04:00,N20,nominal,2.0NRT,306.1,9.78,D,VIIRS
47.8468,37.25491,354.4,0.54,0.51,2026-08-18,11:04:00,N20,nominal,2.0NRT,312.41,38.61,D,VIIRS
47.84634,37.24771,345.69,0.54,0.51,2026-08-18,11:04:00,N20,nominal,2.0NRT,316.48,38.61,D,VIIRS
47.85147,37.2542,346.3,0.54,0.51,2026-08-18,11:04:00,N20,nominal,2.0NRT,314.3,94.26,D,VIIRS
47.85101,37.24699,313.13,0.54,0.51,2026-08-18,11:04:00,N20,low,2.0NRT,324.68,94.26,D,VIIRS
47.71266,35.2824,341.12,0.44,0.46,2026-08-18,11:04:00,N20,nominal,2.0NRT,308.14,7.33,D,VIIRS
47.7112,35.26453,350.85,0.44,0.46,2026-08-18,11:04:00,N20,nominal,2.0NRT,316.37,35.94,D,VIIRS
47.70316,35.16628,350.95,0.43,0.46,2026-08-18,11:04:00,N20,nominal,2.0NRT,312.12,6.12,D,VIIRS
47.70267,35.16045,344.33,0.43,0.46,2026-08-18,11:04:00,N20,nominal,2.0NRT,311.97,6.12,D,VIIRS
47.71545,35.26374,343.52,0.44,0.46,2026-08-18,11:04:00,N20,nominal,2.0NRT,310.15,14.52,D,VIIRS
47.70738,35.16553,339.94,0.43,0.46,2026-08-18,11:04:00,N20,nominal,2.0NRT,308.91,4.93,D,VIIRS
47.7069,35.15972,337.59,0.43,0.46,2026-08-18,11:04:00,N20,nominal,2.0NRT,305.13,4.93,D,VIIRS
47.71257,35.17646,351.19,0.43,0.46,2026-08-18,11:04:00,N20,nominal,2.0NRT,315.15,21.88,D,VIIRS
47.71632,35.16987,349.56,0.43,0.46,2026-08-18,11:04:00,N20,nominal,2.0NRT,320.6,85.28,D,VIIRS
47.7168,35.1757,367,0.43,0.46,2026-08-18,11:04:00,N20,low,2.0NRT,326.89,85.28,D,VIIRS
47.72103,35.17498,367,0.43,0.46,2026-08-18,11:04:00,N20,high,2.0NRT,340.62,85.28,D,VIIRS
47.72055,35.16916,367,0.43,0.46,2026-08-18,11:04:00,N20,high,2.0NRT,335.31,85.28,D,VIIRS
47.72152,35.1808,334.7,0.43,0.46,2026-08-18,11:04:00,N20,nominal,2.0NRT,308.76,23.65,D,VIIRS
47.85331,37.25319,344.19,0.54,0.51,2026-08-18,11:04:00,N20,nominal,2.0NRT,304.28,25.16,D,VIIRS
47.85288,37.24595,331.84,0.54,0.51,2026-08-18,11:04:00,N20,nominal,2.0NRT,303.86,21.56,D,VIIRS
47.71167,35.17439,352.3,0.43,0.46,2026-08-18,11:04:00,N20,nominal,2.0NRT,312.25,45.73,D,VIIRS
47.79039,36.19286,334.89,0.48,0.48,2026-08-18,11:04:00,N20,nominal,2.0NRT,306.71,3,D,VIIRS
47.71544,35.16781,345.22,0.43,0.46,2026-08-18,11:04:00,N20,nominal,2.0NRT,313.26,21.92,D,VIIRS
47.7159,35.17365,367,0.43,0.46,2026-08-18,11:04:00,N20,low,2.0NRT,326.29,45.73,D,VIIRS
47.72012,35.17291,367,0.43,0.46,2026-08-18,11:04:00,N20,high,2.0NRT,363.61,63.53,D,VIIRS
47.72058,35.17875,345.02,0.43,0.46,2026-08-18,11:04:00,N20,nominal,2.0NRT,309.34,63.53,D,VIIRS
47.72481,35.17803,343.07,0.43,0.46,2026-08-18,11:04:00,N20,nominal,2.0NRT,306.87,63.53,D,VIIRS
47.72436,35.1722,336.97,0.43,0.46,2026-08-18,11:04:00,N20,nominal,2.0NRT,308.06,63.53,D,VIIRS
47.66558,34.44969,340.48,0.4,0.44,2026-08-18,11:04:00,N20,nominal,2.0NRT,304.95,3.45,D,VIIRS
47.8535,36.80071,334.95,0.52,0.5,2026-08-18,11:04:00,N20,low,2.0NRT,306.71,18.39,D,VIIRS
47.84856,36.72415,343.97,0.51,0.49,2026-08-18,11:04:00,N20,nominal,2.0NRT,311.77,6.6,D,VIIRS
47.86313,36.8066,337.67,0.52,0.5,2026-08-18,11:04:00,N20,nominal,2.0NRT,307.3,8.21,D,VIIRS
47.86267,36.79947,340.84,0.52,0.5,2026-08-18,11:04:00,N20,low,2.0NRT,312.57,11.17,D,VIIRS
47.82197,36.19458,333.68,0.48,0.48,2026-08-18,11:04:00,N20,nominal,2.0NRT,308.07,3.9,D,VIIRS
47.82151,36.18799,339.67,0.48,0.48,2026-08-18,11:04:00,N20,nominal,2.0NRT,311.36,3.9,D,VIIRS
47.83142,36.2654,338.68,0.49,0.48,2026-08-18,11:04:00,N20,nominal,2.0NRT,309.56,3.9,D,VIIRS
47.82642,36.1939,338.44,0.48,0.48,2026-08-18,11:04:00,N20,nominal,2.0NRT,307.74,3.9,D,VIIRS
47.82595,36.18726,341.62,0.48,0.48,2026-08-18,11:04:00,N20,nominal,2.0NRT,312.5,3.9,D,VIIRS
47.82457,36.16756,335.98,0.48,0.48,2026-08-18,11:04:00,N20,nominal,2.0NRT,308.67,3.52,D,VIIRS
47.78147,35.57731,346.33,0.45,0.47,2026-08-18,11:04:00,N20,nominal,2.0NRT,310.72,5.89,D,VIIRS
47.781,35.57121,352.88,0.45,0.47,2026-08-18,11:04:00,N20,nominal,2.0NRT,314.88,5.89,D,VIIRS
47.95885,38.28548,342.04,0.61,0.53,2026-08-18,11:04:00,N20,nominal,2.0NRT,310.62,24.31,D,VIIRS
47.75259,35.14964,337.67,0.43,0.46,2026-08-18,11:04:00,N20,low,2.0NRT,309.38,8.69,D,VIIRS
47.842529999999996,36.23093,342.43,0.49,0.48,2026-08-18,11:04:00,N20,nominal,2.0NRT,308.92,5.33,D,VIIRS
47.84744,36.23678,337.1,0.49,0.48,2026-08-18,11:04:00,N20,nominal,2.0NRT,305.08,6.44,D,VIIRS
47.84698,36.23028,341.68,0.49,0.48,2026-08-18,11:04:00,N20,nominal,2.0NRT,307.08,5.33,D,VIIRS
47.782,35.35835,344.05,0.44,0.46,2026-08-18,11:04:00,N20,nominal,2.0NRT,311.29,9.12,D,VIIRS
47.85728,36.12299,332.34,0.48,0.48,2026-08-18,11:04:00,N20,low,2.0NRT,304.81,4.08,D,VIIRS
47.75544,34.67136,345.42,0.41,0.45,2026-08-18,11:04:00,N20,nominal,2.0NRT,311.21,10.46,D,VIIRS
47.94565,37.14626,336.12,0.54,0.5,2026-08-18,11:04:00,N20,nominal,2.0NRT,305.41,4.27,D,VIIRS
47.70406,34.04495,333.33,0.39,0.44,2026-08-18,11:04:00,N20,nominal,2.0NRT,303.33,1.99,D,VIIRS
47.95031,37.1455,339.92,0.54,0.5,2026-08-18,11:04:00,N20,low,2.0NRT,310.93,12.99,D,VIIRS
47.9169,36.64531,346.93,0.51,0.49,2026-08-18,11:04:00,N20,nominal,2.0NRT,309.65,6.26,D,VIIRS
47.88757,36.23075,342.63,0.49,0.48,2026-08-18,11:04:00,N20,nominal,2.0NRT,306.66,4.43,D,VIIRS
47.95591,37.15928,347.84,0.54,0.51,2026-08-18,11:04:00,N20,nominal,2.0NRT,307.7,11.49,D,VIIRS
47.9191,36.6107,342.83,0.51,0.49,2026-08-18,11:04:00,N20,nominal,2.0NRT,308.36,3.47,D,VIIRS
47.80803,35.146,336.06,0.43,0.46,2026-08-18,11:04:00,N20,nominal,2.0NRT,305.64,2.38,D,VIIRS
47.96524,37.15805,340.46,0.54,0.51,2026-08-18,11:04:00,N20,nominal,2.0NRT,308.67,12.69,D,VIIRS
47.9643,37.14368,338.51,0.54,0.5,2026-08-18,11:04:00,N20,low,2.0NRT,310.85,11.23,D,VIIRS
47.96383,37.13649,348.32,0.54,0.5,2026-08-18,11:04:00,N20,nominal,2.0NRT,313.17,11.23,D,VIIRS
47.9014,36.23498,332.49,0.49,0.48,2026-08-18,11:04:00,N20,low,2.0NRT,305.86,2.93,D,VIIRS
47.77947,34.70647,337.77,0.41,0.45,2026-08-18,11:04:00,N20,nominal,2.0NRT,307.56,1.46,D,VIIRS
47.96848,37.13577,340.44,0.54,0.5,2026-08-18,11:04:00,N20,nominal,2.0NRT,307.14,6.88,D,VIIRS
47.90062,36.16313,342.71,0.48,0.48,2026-08-18,11:04:00,N20,nominal,2.0NRT,307.54,3.98,D,VIIRS
47.83747,35.29513,346.32,0.44,0.46,2026-08-18,11:04:00,N20,nominal,2.0NRT,310.65,8.03,D,VIIRS
47.83698,35.28918,340.72,0.44,0.46,2026-08-18,11:04:00,N20,nominal,2.0NRT,309.44,8.05,D,VIIRS
47.91964,36.60861,337.86,0.51,0.49,2026-08-18,11:04:00,N20,low,2.0NRT,308.65,6.46,D,VIIRS
47.78138,34.70877,342.98,0.41,0.45,2026-08-18,11:04:00,N20,nominal,2.0NRT,305.81,4.87,D,VIIRS
47.95826,37.15731,347.02,0.54,0.51,2026-08-18,11:04:00,N20,nominal,2.0NRT,310.51,10.31,D,VIIRS
47.96292,37.15671,335.5,0.54,0.51,2026-08-18,11:04:00,N20,low,2.0NRT,308.91,4.37,D,VIIRS
47.96162,37.13507,339.19,0.54,0.5,2026-08-18,11:04:00,N20,nominal,2.0NRT,307.3,11.56,D,VIIRS
47.9349,36.70337,335.62,0.51,0.49,2026-08-18,11:04:00,N20,low,2.0NRT,307.68,4.06,D,VIIRS
47.90385,36.23233,334.12,0.49,0.48,2026-08-18,11:04:00,N20,nominal,2.0NRT,307.34,2.38,D,VIIRS
47.83596,35.29258,342.86,0.44,0.46,2026-08-18,11:04:00,N20,nominal,2.0NRT,310.57,10.39,D,VIIRS
47.96715,37.14877,335.23,0.54,0.51,2026-08-18,11:04:00,N20,low,2.0NRT,305.56,15.07,D,VIIRS
47.96629,37.13439,352.88,0.54,0.5,2026-08-18,11:04:00,N20,nominal,2.0NRT,310.76,11.56,D,VIIRS
47.90342,36.16038,333.38,0.48,0.48,2026-08-18,11:04:00,N20,low,2.0NRT,306.45,4.05,D,VIIRS
47.84021,35.29172,343.59,0.44,0.46,2026-08-18,11:04:00,N20,nominal,2.0NRT,310.06,10.39,D,VIIRS
47.84492,35.29681,344.28,0.44,0.46,2026-08-18,11:04:00,N20,nominal,2.0NRT,307.58,4.96,D,VIIRS
47.40125,30.74652,345.91,0.44,0.38,2026-08-18,11:04:00,N20,nominal,2.0NRT,307.7,3.83,D,VIIRS
47.40056,30.74072,333.3,0.44,0.38,2026-08-18,11:04:00,N20,low,2.0NRT,307.09,2.69,D,VIIRS
47.81075,34.6073,338.71,0.41,0.45,2026-08-18,11:04:00,N20,low,2.0NRT,309.36,6.24,D,VIIRS
47.96598,36.54705,349.64,0.5,0.49,2026-08-18,11:04:00,N20,nominal,2.0NRT,310.07,18.17,D,VIIRS
47.96553,36.54031,341.24,0.5,0.49,2026-08-18,11:04:00,N20,low,2.0NRT,311.44,16.78,D,VIIRS
47.82183,34.63932,333,0.41,0.45,2026-08-18,11:04:00,N20,low,2.0NRT,304.78,1.6,D,VIIRS
47.73596,33.66771,343.35,0.56,0.43,2026-08-18,11:04:00,N20,nominal,2.0NRT,311.21,3.85,D,VIIRS
47.96961,36.53302,343.11,0.5,0.49,2026-08-18,11:04:00,N20,nominal,2.0NRT,308.8,17.55,D,VIIRS
47.89806,35.53728,336.21,0.45,0.47,2026-08-18,11:04:00,N20,low,2.0NRT,309.12,3.12,D,VIIRS
47.99474,36.84288,343.32,0.52,0.5,2026-08-18,11:04:00,N20,nominal,2.0NRT,310.25,5.1,D,VIIRS
47.98878,36.75187,343.1,0.51,0.5,2026-08-18,11:04:00,N20,nominal,2.0NRT,309.84,8.34,D,VIIRS
47.97644,36.5664,340.38,0.5,0.49,2026-08-18,11:04:00,N20,nominal,2.0NRT,306.78,4.88,D,VIIRS
47.82914,34.62667,348.57,0.41,0.45,2026-08-18,11:04:00,N20,nominal,2.0NRT,309.66,10.29,D,VIIRS
47.51316,31.42909,342.93,0.46,0.39,2026-08-18,11:04:00,N20,low,2.0NRT,313.79,42.08,D,VIIRS
47.51248,31.4231,316.03,0.46,0.39,2026-08-18,11:04:00,N20,low,2.0NRT,324.73,48.64,D,VIIRS
48.03655,37.43703,352.54,0.55,0.51,2026-08-18,11:04:00,N20,nominal,2.0NRT,306.35,6.96,D,VIIRS
48.03611,37.42962,332.25,0.55,0.51,2026-08-18,11:04:00,N20,low,2.0NRT,305.14,6.96,D,VIIRS
48.02392,37.22961,340.98,0.54,0.51,2026-08-18,11:04:00,N20,nominal,2.0NRT,304.56,11.47,D,VIIRS
47.97496,36.4773,340.57,0.5,0.49,2026-08-18,11:04:00,N20,nominal,2.0NRT,306.98,5.29,D,VIIRS
47.83327,34.62584,333.35,0.41,0.45,2026-08-18,11:04:00,N20,low,2.0NRT,307.71,2.43,D,VIIRS
47.51607,31.42223,336.21,0.46,0.39,2026-08-18,11:04:00,N20,low,2.0NRT,308.12,2.75,D,VIIRS
48.03283,37.221,341.02,0.54,0.51,2026-08-18,11:04:00,N20,nominal,2.0NRT,304.81,12.21,D,VIIRS
48.16879,39.77318,338.4,0.36,0.57,2026-08-18,11:04:00,N20,nominal,2.0NRT,303.16,4.11,D,VIIRS
48.03293,36.859,334.08,0.52,0.5,2026-08-18,11:04:00,N20,low,2.0NRT,306.75,4.74,D,VIIRS
48.032470000000004,36.8521,348.26,0.52,0.5,2026-08-18,11:04:00,N20,nominal,2.0NRT,305.92,7.04,D,VIIRS
48.00208,36.34449,345.61,0.49,0.49,2026-08-18,11:04:00,N20,nominal,2.0NRT,307.46,9.01,D,VIIRS
48.01508,36.46384,331.85,0.5,0.49,2026-08-18,11:04:00,N20,nominal,2.0NRT,304.1,4.08,D,VIIRS
48.00798,36.36366,342.71,0.49,0.49,2026-08-18,11:04:00,N20,nominal,2.0NRT,304.57,3.35,D,VIIRS
48.06355,36.96899,343.4,0.53,0.5,2026-08-18,11:04:00,N20,nominal,2.0NRT,308.39,10.4,D,VIIRS
48.06307,36.96181,338.38,0.53,0.5,2026-08-18,11:04:00,N20,nominal,2.0NRT,306.7,8.02,D,VIIRS
48.08292,37.19207,346.06,0.54,0.51,2026-08-18,11:04:00,N20,nominal,2.0NRT,310.47,7.63,D,VIIRS
48.08245,37.18476,338.93,0.54,0.51,2026-08-18,11:04:00,N20,nominal,2.0NRT,306.1,7.63,D,VIIRS
48.04139,36.57767,338.04,0.51,0.49,2026-08-18,11:04:00,N20,nominal,2.0NRT,303.45,4.66,D,VIIRS
48.05053,36.78474,333.29,0.52,0.5,2026-08-18,11:04:00,N20,low,2.0NRT,307.79,2.31,D,VIIRS
48.08013,37.19155,332.03,0.54,0.51,2026-08-18,11:04:00,N20,low,2.0NRT,306.26,8.3,D,VIIRS
48.06656,36.96748,341.02,0.53,0.5,2026-08-18,11:04:00,N20,nominal,2.0NRT,306.02,13.41,D,VIIRS
48.04179,36.57619,336.62,0.51,0.49,2026-08-18,11:04:00,N20,nominal,2.0NRT,302.07,2.33,D,VIIRS
48.0848,37.19077,345.59,0.54,0.51,2026-08-18,11:04:00,N20,nominal,2.0NRT,310.66,8.3,D,VIIRS
48.08437,37.18343,332.22,0.54,0.51,2026-08-18,11:04:00,N20,nominal,2.0NRT,305.33,6.36,D,VIIRS
48.08947,37.19001,343.68,0.54,0.51,2026-08-18,11:04:00,N20,nominal,2.0NRT,310.26,7.23,D,VIIRS
48.09415,37.18929,340.54,0.54,0.51,2026-08-18,11:04:00,N20,nominal,2.0NRT,307.93,7.23,D,VIIRS
48.00417,35.83147,348.45,0.47,0.48,2026-08-18,11:04:00,N20,nominal,2.0NRT,313.05,8.24,D,VIIRS
47.99779,35.74361,338.77,0.46,0.47,2026-08-18,11:04:00,N20,nominal,2.0NRT,307.77,2.91,D,VIIRS
48.07749,36.84455,346.73,0.52,0.5,2026-08-18,11:04:00,N20,nominal,2.0NRT,306.77,18.12,D,VIIRS
48.07705,36.83749,332.15,0.52,0.5,2026-08-18,11:04:00,N20,low,2.0NRT,305.23,11.52,D,VIIRS
48.08209,36.84378,353.49,0.52,0.5,2026-08-18,11:04:00,N20,nominal,2.0NRT,311.49,18.12,D,VIIRS
48.08163,36.83673,338.53,0.52,0.5,2026-08-18,11:04:00,N20,nominal,2.0NRT,312.84,11.52,D,VIIRS
48.01293,35.83001,338.84,0.47,0.48,2026-08-18,11:04:00,N20,low,2.0NRT,311,7.68,D,VIIRS
48.01731,35.82932,338.46,0.47,0.48,2026-08-18,11:04:00,N20,low,2.0NRT,311.04,4.84,D,VIIRS
48.07406,36.5787,340.6,0.51,0.49,2026-08-18,11:04:00,N20,nominal,2.0NRT,304.35,2.69,D,VIIRS
48.08088,36.61234,337.3,0.51,0.49,2026-08-18,11:04:00,N20,nominal,2.0NRT,306.28,6.46,D,VIIRS
48.08043,36.60548,340.28,0.51,0.49,2026-08-18,11:04:00,N20,nominal,2.0NRT,305.81,6.46,D,VIIRS
48.09266,36.58251,334.7,0.51,0.49,2026-08-18,11:04:00,N20,low,2.0NRT,304.98,6.09,D,VIIRS
48.16013,37.49689,341.57,0.56,0.51,2026-08-18,11:04:00,N20,nominal,2.0NRT,307.17,6.41,D,VIIRS
48.14278,37.21238,330.91,0.54,0.51,2026-08-18,11:04:00,N20,low,2.0NRT,301.73,2.97,D,VIIRS
48.20177,38.05135,352.32,0.59,0.53,2026-08-18,11:04:00,N20,nominal,2.0NRT,309.71,18.57,D,VIIRS
48.20711,38.05915,346.43,0.59,0.53,2026-08-18,11:04:00,N20,nominal,2.0NRT,307.69,18.5,D,VIIRS
48.20666,38.05099,351.83,0.59,0.53,2026-08-18,11:04:00,N20,nominal,2.0NRT,306.1,21.82,D,VIIRS
48.14897,37.08649,344.53,0.53,0.5,2026-08-18,11:04:00,N20,nominal,2.0NRT,314.46,23.08,D,VIIRS
48.14851,37.07925,348.06,0.53,0.5,2026-08-18,11:04:00,N20,nominal,2.0NRT,314.42,23.08,D,VIIRS
48.2034,37.90637,337.83,0.58,0.52,2026-08-18,11:04:00,N20,nominal,2.0NRT,308.71,3.55,D,VIIRS
48.17495,37.42572,332.48,0.55,0.51,2026-08-18,11:04:00,N20,low,2.0NRT,306.97,6.75,D,VIIRS
48.15363,37.08589,343.16,0.53,0.5,2026-08-18,11:04:00,N20,nominal,2.0NRT,309.01,23.08,D,VIIRS
48.20825,37.90577,335.62,0.58,0.52,2026-08-18,11:04:00,N20,nominal,2.0NRT,305.72,4.39,D,VIIRS
48.18016,37.43278,334.58,0.55,0.51,2026-08-18,11:04:00,N20,nominal,2.0NRT,303.71,1.97,D,VIIRS
48.1755,37.35732,343.88,0.55,0.51,2026-08-18,11:04:00,N20,nominal,2.0NRT,306.45,6.02,D,VIIRS
48.19417,37.58412,333.67,0.56,0.52,2026-08-18,11:04:00,N20,low,2.0NRT,304.24,4.51,D,VIIRS
48.19371,37.5765,339.57,0.56,0.52,2026-08-18,11:04:00,N20,nominal,2.0NRT,308.4,11.46,D,VIIRS
48.19325,37.56889,341.27,0.56,0.52,2026-08-18,11:04:00,N20,nominal,2.0NRT,306.63,11.46,D,VIIRS
48.198480000000004,37.57596,342.69,0.56,0.52,2026-08-18,11:04:00,N20,nominal,2.0NRT,305.7,9.17,D,VIIRS
48.19802,37.56836,338.94,0.56,0.52,2026-08-18,11:04:00,N20,nominal,2.0NRT,303.38,9.17,D,VIIRS
48.21608,37.62781,340.09,0.57,0.52,2026-08-18,11:04:00,N20,nominal,2.0NRT,302.94,7.68,D,VIIRS
48.20662,37.90691,343.33,0.58,0.52,2026-08-18,11:04:00,N20,nominal,2.0NRT,308.34,5.8,D,VIIRS
48.18099,37.43317,331.45,0.56,0.51,2026-08-18,11:04:00,N20,nominal,2.0NRT,302.54,1.99,D,VIIRS
48.17672,37.35763,342.97,0.55,0.51,2026-08-18,11:04:00,N20,nominal,2.0NRT,306.67,6.92,D,VIIRS
48.19422,37.58473,331.06,0.56,0.52,2026-08-18,11:04:00,N20,low,2.0NRT,303.9,6.21,D,VIIRS
48.1938,37.57711,336.68,0.56,0.52,2026-08-18,11:04:00,N20,low,2.0NRT,308.24,6.21,D,VIIRS
48.19338,37.56948,343.45,0.56,0.52,2026-08-18,11:04:00,N20,nominal,2.0NRT,306.62,14.85,D,VIIRS
48.19857,37.57655,341.4,0.56,0.52,2026-08-18,11:04:00,N20,nominal,2.0NRT,304.78,15.58,D,VIIRS
48.19815,37.56895,337.71,0.56,0.52,2026-08-18,11:04:00,N20,nominal,2.0NRT,303.11,7.89,D,VIIRS
47.91872,33.67707,341.54,0.56,0.43,2026-08-18,11:04:00,N20,nominal,2.0NRT,308.84,7.31,D,VIIRS
47.92336,33.68379,347.55,0.57,0.43,2026-08-18,11:04:00,N20,nominal,2.0NRT,312.91,148.29,D,VIIRS
48.21589,37.62841,341.25,0.57,0.52,2026-08-18,11:04:00,N20,nominal,2.0NRT,302.95,5.56,D,VIIRS
48.19,37.0233,341.93,0.53,0.5,2026-08-18,11:04:00,N20,nominal,2.0NRT,306.42,9.09,D,VIIRS
48.19244,36.98691,347.72,0.53,0.5,2026-08-18,11:04:00,N20,nominal,2.0NRT,307.32,9.05,D,VIIRS
48.25341,37.86964,346.2,0.58,0.52,2026-08-18,11:04:00,N20,nominal,2.0NRT,309,10.33,D,VIIRS
48.16184,36.37275,338.99,0.5,0.49,2026-08-18,11:04:00,N20,nominal,2.0NRT,305.64,2.72,D,VIIRS
48.25826,37.8691,342.83,0.58,0.52,2026-08-18,11:04:00,N20,nominal,2.0NRT,306.56,10.33,D,VIIRS
48.16635,36.37214,330.81,0.5,0.49,2026-08-18,11:04:00,N20,low,2.0NRT,303.1,2.72,D,VIIRS
48.20601,36.9054,347.17,0.53,0.5,2026-08-18,11:04:00,N20,nominal,2.0NRT,308.69,7.41,D,VIIRS
48.1839,36.3629,335.37,0.5,0.49,2026-08-18,11:04:00,N20,nominal,2.0NRT,305.41,4.83,D,VIIRS
48.21524,36.69042,342.77,0.51,0.5,2026-08-18,11:04:00,N20,nominal,2.0NRT,304.57,3.48,D,VIIRS
48.2471,37.1106,337.73,0.54,0.51,2026-08-18,11:04:00,N20,nominal,2.0NRT,307.16,3.7,D,VIIRS
48.25589,37.17557,344.11,0.54,0.51,2026-08-18,11:04:00,N20,nominal,2.0NRT,306.1,6.52,D,VIIRS
48.25082,37.09504,344.1,0.54,0.51,2026-08-18,11:04:00,N20,nominal,2.0NRT,306.38,11.25,D,VIIRS
48.25036,37.08773,339.05,0.54,0.51,2026-08-18,11:04:00,N20,nominal,2.0NRT,308.64,11.25,D,VIIRS
48.17468,35.9789,341.81,0.48,0.48,2026-08-18,11:04:00,N20,nominal,2.0NRT,307.6,17.74,D,VIIRS
48.17421,35.97244,339.52,0.48,0.48,2026-08-18,11:04:00,N20,nominal,2.0NRT,308.65,11.04,D,VIIRS
48.1791,35.97822,355.43,0.48,0.48,2026-08-18,11:04:00,N20,nominal,2.0NRT,308.69,7.52,D,VIIRS
48.17862,35.97176,340.79,0.48,0.48,2026-08-18,11:04:00,N20,nominal,2.0NRT,309.06,4.89,D,VIIRS
48.27972,37.32972,342.45,0.55,0.51,2026-08-18,11:04:00,N20,nominal,2.0NRT,308.99,14.78,D,VIIRS
48.27926,37.32228,330.16,0.55,0.51,2026-08-18,11:04:00,N20,nominal,2.0NRT,304.95,14.78,D,VIIRS
48.26903,37.15918,334.35,0.54,0.51,2026-08-18,11:04:00,N20,nominal,2.0NRT,303.92,3,D,VIIRS
48.26002,36.87588,343.1,0.52,0.5,2026-08-18,11:04:00,N20,nominal,2.0NRT,310.81,16.44,D,VIIRS
48.26464,36.87535,342.02,0.52,0.5,2026-08-18,11:04:00,N20,nominal,2.0NRT,304.24,16.44,D,VIIRS
48.20312,36.00068,338.32,0.48,0.48,2026-08-18,11:04:00,N20,nominal,2.0NRT,305.98,2.98,D,VIIRS
48.28632,37.13453,333.44,0.54,0.51,2026-08-18,11:04:00,N20,nominal,2.0NRT,305.99,2.44,D,VIIRS
48.23634,36.39647,344.31,0.5,0.49,2026-08-18,11:04:00,N20,nominal,2.0NRT,308.06,8.24,D,VIIRS
48.23585,36.38967,340.86,0.5,0.49,2026-08-18,11:04:00,N20,nominal,2.0NRT,309.33,5.72,D,VIIRS
48.29005,37.11929,334.4,0.54,0.51,2026-08-18,11:04:00,N20,nominal,2.0NRT,304.85,2.31,D,VIIRS
48.24179,36.40916,334.28,0.5,0.49,2026-08-18,11:04:00,N20,nominal,2.0NRT,306.76,3.05,D,VIIRS
48.28072,37.32893,341.99,0.55,0.51,2026-08-18,11:04:00,N20,nominal,2.0NRT,308.3,17.62,D,VIIRS
48.25868,36.87502,345.87,0.52,0.5,2026-08-18,11:04:00,N20,nominal,2.0NRT,308.02,11.99,D,VIIRS
48.20179,35.99928,333.27,0.48,0.48,2026-08-18,11:04:00,N20,low,2.0NRT,305.26,2,D,VIIRS
48.26331,36.8745,342.05,0.52,0.5,2026-08-18,11:04:00,N20,nominal,2.0NRT,306.04,12.18,D,VIIRS
48.23745,36.39493,346.51,0.5,0.49,2026-08-18,11:04:00,N20,nominal,2.0NRT,307.23,13.6,D,VIIRS
48.24284,36.4076,335.08,0.5,0.49,2026-08-18,11:04:00,N20,nominal,2.0NRT,307.47,3.6,D,VIIRS
48.2921,37.11814,341.05,0.54,0.51,2026-08-18,11:04:00,N20,nominal,2.0NRT,305.77,6.45,D,VIIRS
48.20568,35.73923,340.51,0.47,0.47,2026-08-18,11:04:00,N20,nominal,2.0NRT,305.84,7.64,D,VIIRS
48.32643,37.54523,332.43,0.56,0.52,2026-08-18,11:04:00,N20,nominal,2.0NRT,304.66,2.32,D,VIIRS
48.41727,38.8317,344.29,0.32,0.55,2026-08-18,11:04:00,N20,nominal,2.0NRT,304.82,2.76,D,VIIRS
47.57177,29.28506,336.55,0.41,0.37,2026-08-18,11:04:00,N20,nominal,2.0NRT,306.16,9.05,D,VIIRS
48.36351,37.68938,340.41,0.57,0.52,2026-08-18,11:04:00,N20,nominal,2.0NRT,302.72,5.27,D,VIIRS
48.31912,36.9466,340.1,0.53,0.5,2026-08-18,11:04:00,N20,nominal,2.0NRT,307.66,7.65,D,VIIRS
48.35447,37.28957,339.13,0.55,0.51,2026-08-18,11:04:00,N20,nominal,2.0NRT,307.3,4.58,D,VIIRS
48.35918,37.28885,342.26,0.55,0.51,2026-08-18,11:04:00,N20,nominal,2.0NRT,306.18,4.58,D,VIIRS
48.35003,37.14011,342.83,0.54,0.51,2026-08-18,11:04:00,N20,nominal,2.0NRT,307.5,5.14,D,VIIRS
48.39563,37.82824,341.03,0.58,0.52,2026-08-18,11:04:00,N20,nominal,2.0NRT,305.14,4.99,D,VIIRS
47.69895,30.02693,341.24,0.42,0.38,2026-08-18,11:04:00,N20,nominal,2.0NRT,304.32,6.25,D,VIIRS
47.81206,30.92676,345.91,0.45,0.39,2026-08-18,11:04:00,N20,nominal,2.0NRT,307.82,4.88,D,VIIRS
48.36739,36.96951,342.01,0.53,0.5,2026-08-18,11:04:00,N20,nominal,2.0NRT,304.97,8.86,D,VIIRS
48.29196,35.8867,338.69,0.47,0.48,2026-08-18,11:04:00,N20,nominal,2.0NRT,307.4,3.51,D,VIIRS
47.70085,29.9857,345.29,0.42,0.38,2026-08-18,11:04:00,N20,nominal,2.0NRT,304.51,4.92,D,VIIRS
47.70013,29.98003,344.5,0.42,0.38,2026-08-18,11:04:00,N20,nominal,2.0NRT,307.06,6.24,D,VIIRS
48.42197,37.77818,330.31,0.58,0.52,2026-08-18,11:04:00,N20,low,2.0NRT,303.06,3.57,D,VIIRS
48.41317,37.62864,331.84,0.57,0.52,2026-08-18,11:04:00,N20,nominal,2.0NRT,305.05,1.98,D,VIIRS
48.39173,37.27729,331.97,0.55,0.51,2026-08-18,11:04:00,N20,low,2.0NRT,304.9,2.91,D,VIIRS
48.29637,35.88607,336.46,0.47,0.48,2026-08-18,11:04:00,N20,low,2.0NRT,310.21,4.79,D,VIIRS
47.90786,31.69949,336.48,0.48,0.4,2026-08-18,11:04:00,N20,nominal,2.0NRT,310.42,4.17,D,VIIRS
47.90715,31.69313,337.27,0.48,0.4,2026-08-18,11:04:00,N20,low,2.0NRT,311.97,4.17,D,VIIRS
47.70429,29.98479,342.46,0.42,0.38,2026-08-18,11:04:00,N20,nominal,2.0NRT,306.79,12.66,D,VIIRS
48.30078,35.88546,342.25,0.47,0.48,2026-08-18,11:04:00,N20,nominal,2.0NRT,308.09,4.79,D,VIIRS
47.91079,31.69225,335.33,0.48,0.4,2026-08-18,11:04:00,N20,low,2.0NRT,309.16,4.17,D,VIIRS
47.70773,29.98393,343.49,0.42,0.38,2026-08-18,11:04:00,N20,nominal,2.0NRT,304.72,12.66,D,VIIRS
48.07341,33.16768,342.07,0.54,0.42,2026-08-18,11:04:00,N20,nominal,2.0NRT,309.52,7.58,D,VIIRS
48.07729,33.16683,338.26,0.54,0.42,2026-08-18,11:04:00,N20,nominal,2.0NRT,307.92,5.51,D,VIIRS
47.82622,30.86183,333.1,0.45,0.39,2026-08-18,11:04:00,N20,low,2.0NRT,303.74,5.16,D,VIIRS
47.82552,30.85588,332.45,0.45,0.39,2026-08-18,11:04:00,N20,low,2.0NRT,306.3,5.16,D,VIIRS
47.82975,30.8609,348.16,0.45,0.39,2026-08-18,11:04:00,N20,nominal,2.0NRT,309.91,5.16,D,VIIRS
47.82904,30.85497,351.35,0.45,0.39,2026-08-18,11:04:00,N20,nominal,2.0NRT,306,5.16,D,VIIRS
47.8287,30.85986,355.02,0.45,0.39,2026-08-18,11:04:00,N20,nominal,2.0NRT,307.99,13.29,D,VIIRS
47.82801,30.85389,338.69,0.45,0.39,2026-08-18,11:04:00,N20,nominal,2.0NRT,307.21,5.47,D,VIIRS
48.29576,35.88545,342.69,0.47,0.48,2026-08-18,11:04:00,N20,nominal,2.0NRT,310.3,3.99,D,VIIRS
48.07395,33.16764,342.85,0.54,0.42,2026-08-18,11:04:00,N20,nominal,2.0NRT,310.52,10.14,D,VIIRS
47.83222,30.85892,339,0.45,0.39,2026-08-18,11:04:00,N20,nominal,2.0NRT,305.18,4.41,D,VIIRS
47.83154,30.85297,341.72,0.45,0.39,2026-08-18,11:04:00,N20,nominal,2.0NRT,303.5,2.18,D,VIIRS
48.37035,36.96931,341.06,0.53,0.5,2026-08-18,11:04:00,N20,nominal,2.0NRT,304.17,8.54,D,VIIRS
48.30017,35.88482,336.65,0.47,0.48,2026-08-18,11:04:00,N20,low,2.0NRT,307.57,3.99,D,VIIRS
48.41276,37.62938,330.53,0.57,0.52,2026-08-18,11:04:00,N20,nominal,2.0NRT,305.41,3.3,D,VIIRS
48.39312,37.27746,331.72,0.55,0.51,2026-08-18,11:04:00,N20,low,2.0NRT,304.98,5.6,D,VIIRS
48.30899,35.69643,332.13,0.46,0.47,2026-08-18,11:04:00,N20,low,2.0NRT,303.61,3.4,D,VIIRS
48.45361,37.84666,335.73,0.58,0.52,2026-08-18,11:04:00,N20,nominal,2.0NRT,304.44,8.79,D,VIIRS
48.41259,37.12517,340.63,0.54,0.51,2026-08-18,11:04:00,N20,nominal,2.0NRT,305.69,7.06,D,VIIRS
48.45845,37.84615,352.17,0.58,0.52,2026-08-18,11:04:00,N20,nominal,2.0NRT,307.25,8.79,D,VIIRS
48.45802,37.83809,337.92,0.58,0.52,2026-08-18,11:04:00,N20,nominal,2.0NRT,308.31,8.93,D,VIIRS
48.4633,37.8456,341.81,0.58,0.52,2026-08-18,11:04:00,N20,nominal,2.0NRT,305.51,20.9,D,VIIRS
48.46287,37.83766,333.4,0.58,0.52,2026-08-18,11:04:00,N20,nominal,2.0NRT,307.83,19.78,D,VIIRS
48.41795,37.05815,340.17,0.54,0.51,2026-08-18,11:04:00,N20,nominal,2.0NRT,306.92,7.31,D,VIIRS
48.44622,37.45395,334.91,0.56,0.51,2026-08-18,11:04:00,N20,nominal,2.0NRT,303.07,3.73,D,VIIRS
48.42929,37.1673,331.22,0.54,0.51,2026-08-18,11:04:00,N20,low,2.0NRT,305.93,5.96,D,VIIRS
48.42796,37.14523,340.88,0.54,0.51,2026-08-18,11:04:00,N20,nominal,2.0NRT,306.56,6.34,D,VIIRS
48.43308,37.15182,341.12,0.54,0.51,2026-08-18,11:04:00,N20,nominal,2.0NRT,303.96,6.8,D,VIIRS
48.43265,37.14457,339.57,0.54,0.51,2026-08-18,11:04:00,N20,nominal,2.0NRT,306.18,9.53,D,VIIRS
48.10751,32.98326,330.79,0.53,0.42,2026-08-18,11:04:00,N20,low,2.0NRT,305.58,2.06,D,VIIRS
48.11135,32.98243,343.56,0.53,0.42,2026-08-18,11:04:00,N20,nominal,2.0NRT,309.32,15.65,D,VIIRS
48.4476,37.15725,331.35,0.54,0.51,2026-08-18,11:04:00,N20,nominal,2.0NRT,302.75,2.5,D,VIIRS
48.42667,36.82364,341.69,0.52,0.5,2026-08-18,11:04:00,N20,nominal,2.0NRT,308.35,39.45,D,VIIRS
48.4262,36.81637,346.83,0.52,0.5,2026-08-18,11:04:00,N20,nominal,2.0NRT,315.35,39.45,D,VIIRS
48.47945,37.61318,330.66,0.57,0.52,2026-08-18,11:04:00,N20,nominal,2.0NRT,304.28,3.74,D,VIIRS
48.46685,37.39769,334.32,0.56,0.51,2026-08-18,11:04:00,N20,low,2.0NRT,306.38,5.46,D,VIIRS
48.45639,37.2237,340.79,0.55,0.51,2026-08-18,11:04:00,N20,nominal,2.0NRT,305.54,6.52,D,VIIRS
48.45594,37.21632,342.64,0.55,0.51,2026-08-18,11:04:00,N20,nominal,2.0NRT,309.18,8.93,D,VIIRS
48.45549,37.20892,342.55,0.55,0.51,2026-08-18,11:04:00,N20,nominal,2.0NRT,309.56,8.93,D,VIIRS
48.45229,37.15672,332.4,0.54,0.51,2026-08-18,11:04:00,N20,nominal,2.0NRT,302.87,2.8,D,VIIRS
48.45378,37.10445,331.92,0.54,0.51,2026-08-18,11:04:00,N20,low,2.0NRT,303.87,4.24,D,VIIRS
48.45287,37.08975,342.68,0.54,0.51,2026-08-18,11:04:00,N20,nominal,2.0NRT,304.75,7.07,D,VIIRS
48.45241,37.08241,332.18,0.54,0.51,2026-08-18,11:04:00,N20,nominal,2.0NRT,304.19,3.96,D,VIIRS
48.46579,37.22245,340.11,0.55,0.51,2026-08-18,11:04:00,N20,nominal,2.0NRT,303.61,4.15,D,VIIRS
48.52785,38.13129,355.8,0.6,0.53,2026-08-18,11:04:00,N20,nominal,2.0NRT,310.35,20.6,D,VIIRS
48.52742,38.12318,343.52,0.6,0.53,2026-08-18,11:04:00,N20,nominal,2.0NRT,311,11.44,D,VIIRS
48.52699,38.11512,349.29,0.6,0.53,2026-08-18,11:04:00,N20,nominal,2.0NRT,310.3,11.44,D,VIIRS
48.47754,37.25898,337.44,0.55,0.51,2026-08-18,11:04:00,N20,nominal,2.0NRT,303.02,3.67,D,VIIRS
48.53231,38.12237,343.06,0.6,0.53,2026-08-18,11:04:00,N20,nominal,2.0NRT,308.87,11.44,D,VIIRS
48.53188,38.11432,338.3,0.6,0.53,2026-08-18,11:04:00,N20,nominal,2.0NRT,311.44,11.44,D,VIIRS
48.46694,37.01442,345.5,0.53,0.5,2026-08-18,11:04:00,N20,nominal,2.0NRT,306.51,7.99,D,VIIRS
48.53722,38.12164,340.34,0.6,0.53,2026-08-18,11:04:00,N20,nominal,2.0NRT,307.3,5.57,D,VIIRS
48.47207,37.02122,343.85,0.53,0.5,2026-08-18,11:04:00,N20,nominal,2.0NRT,310.86,10.25,D,VIIRS
48.47161,37.01391,342.38,0.53,0.5,2026-08-18,11:04:00,N20,nominal,2.0NRT,310.41,10.25,D,VIIRS
47.97529,31.40446,335.39,0.47,0.39,2026-08-18,11:04:00,N20,nominal,2.0NRT,304.97,9.3,D,VIIRS
47.97459,31.39826,355.44,0.47,0.39,2026-08-18,11:04:00,N20,nominal,2.0NRT,309.05,9.3,D,VIIRS
48.4992,37.37921,335.56,0.56,0.51,2026-08-18,11:04:00,N20,nominal,2.0NRT,302.62,3.23,D,VIIRS
47.97749,31.39115,341.31,0.47,0.39,2026-08-18,11:04:00,N20,nominal,2.0NRT,308.03,5.19,D,VIIRS
47.98109,31.39024,335.75,0.47,0.39,2026-08-18,11:04:00,N20,low,2.0NRT,307.53,5.1,D,VIIRS
48.60442,39.15463,332.2,0.34,0.56,2026-08-18,11:04:00,N20,nominal,2.0NRT,304.13,0.89,D,VIIRS
48.48654,37.02688,339.3,0.54,0.5,2026-08-18,11:04:00,N20,nominal,2.0NRT,307.93,14.99,D,VIIRS
48.53482,37.73278,335.58,0.58,0.52,2026-08-18,11:04:00,N20,nominal,2.0NRT,303.12,6.87,D,VIIRS
48.49356,37.06276,345.06,0.54,0.51,2026-08-18,11:04:00,N20,nominal,2.0NRT,308.31,5.05,D,VIIRS
48.46837,36.68172,337.64,0.52,0.5,2026-08-18,11:04:00,N20,low,2.0NRT,309.68,8.27,D,VIIRS
48.5512,37.93119,336.92,0.59,0.53,2026-08-18,11:04:00,N20,nominal,2.0NRT,304.99,5.15,D,VIIRS
48.22757,33.6534,336.06,0.57,0.43,2026-08-18,11:04:00,N20,nominal,2.0NRT,304.99,3.47,D,VIIRS
48.53378,38.12004,345.14,0.6,0.53,2026-08-18,11:04:00,N20,nominal,2.0NRT,309.21,19.26,D,VIIRS
48.53339,38.11197,334.26,0.6,0.53,2026-08-18,11:04:00,N20,low,2.0NRT,306.86,9.11,D,VIIRS
48.47429,37.01828,351.63,0.54,0.5,2026-08-18,11:04:00,N20,nominal,2.0NRT,306.54,5.98,D,VIIRS
48.49959,37.37655,333.41,0.56,0.51,2026-08-18,11:04:00,N20,nominal,2.0NRT,301.91,2.6,D,VIIRS
48.48449,37.0318,340.82,0.54,0.51,2026-08-18,11:04:00,N20,nominal,2.0NRT,304.74,5.06,D,VIIRS
48.48915,37.03107,337.66,0.54,0.51,2026-08-18,11:04:00,N20,nominal,2.0NRT,305.47,5.06,D,VIIRS
48.46766,36.67886,344.63,0.52,0.5,2026-08-18,11:04:00,N20,nominal,2.0NRT,310.43,3.92,D,VIIRS
48.53341,37.73072,341.21,0.58,0.52,2026-08-18,11:04:00,N20,nominal,2.0NRT,304.16,4.37,D,VIIRS
48.49598,37.06697,336.51,0.54,0.51,2026-08-18,11:04:00,N20,nominal,2.0NRT,304.08,7.07,D,VIIRS
48.49379,37.03019,340.87,0.54,0.51,2026-08-18,11:04:00,N20,nominal,2.0NRT,305.53,4.28,D,VIIRS
48.55362,37.9286,345.82,0.59,0.53,2026-08-18,11:04:00,N20,nominal,2.0NRT,306.22,14.31,D,VIIRS
48.51437,37.13829,345.12,0.54,0.51,2026-08-18,11:04:00,N20,nominal,2.0NRT,305,12.49,D,VIIRS
48.27473,33.8887,332.87,0.39,0.44,2026-08-18,11:04:00,N20,low,2.0NRT,306.59,2.54,D,VIIRS
48.27427,33.88348,339.98,0.39,0.44,2026-08-18,11:04:00,N20,nominal,2.0NRT,308.54,3.83,D,VIIRS
48.0341,31.46409,345.91,0.47,0.4,2026-08-18,11:04:00,N20,nominal,2.0NRT,310.85,12.83,D,VIIRS
48.55698,37.80753,344.67,0.58,0.52,2026-08-18,11:04:00,N20,nominal,2.0NRT,308.25,9.02,D,VIIRS
48.54318,37.5556,332.03,0.57,0.52,2026-08-18,11:04:00,N20,nominal,2.0NRT,304.62,2.38,D,VIIRS
48.27874,33.88794,335.55,0.39,0.44,2026-08-18,11:04:00,N20,low,2.0NRT,309.97,4.95,D,VIIRS
48.55452,37.673,342.82,0.57,0.52,2026-08-18,11:04:00,N20,nominal,2.0NRT,309.57,4.97,D,VIIRS
48.57973,37.95895,334.76,0.59,0.53,2026-08-18,11:04:00,N20,nominal,2.0NRT,306.09,5.61,D,VIIRS
48.57931,37.95094,335.32,0.59,0.53,2026-08-18,11:04:00,N20,nominal,2.0NRT,304.4,5.61,D,VIIRS
48.53267,37.12847,339.02,0.54,0.51,2026-08-18,11:04:00,N20,nominal,2.0NRT,305.75,7.33,D,VIIRS
48.53223,37.12106,331.64,0.54,0.51,2026-08-18,11:04:00,N20,low,2.0NRT,305.41,6.54,D,VIIRS
48.53736,37.12786,345.81,0.54,0.51,2026-08-18,11:04:00,N20,nominal,2.0NRT,305.99,13.61,D,VIIRS
48.41674,35.36114,331.3,0.45,0.47,2026-08-18,11:04:00,N20,low,2.0NRT,305.69,2.7,D,VIIRS
48.59641,38.08852,352.9,0.6,0.53,2026-08-18,11:04:00,N20,nominal,2.0NRT,312.39,32.2,D,VIIRS
48.58779,37.92599,351.22,0.59,0.53,2026-08-18,11:04:00,N20,nominal,2.0NRT,313.54,41.89,D,VIIRS
48.58732,37.91733,339.83,0.59,0.53,2026-08-18,11:04:00,N20,nominal,2.0NRT,309.47,41.89,D,VIIRS
48.56448,37.5067,337.97,0.56,0.52,2026-08-18,11:04:00,N20,nominal,2.0NRT,306.32,7.57,D,VIIRS
48.5389,37.0756,335.87,0.54,0.51,2026-08-18,11:04:00,N20,nominal,2.0NRT,304.57,4.04,D,VIIRS
48.27617,33.63375,354.3,0.57,0.43,2026-08-18,11:04:00,N20,nominal,2.0NRT,308.49,13.5,D,VIIRS
48.59218,37.91662,330.37,0.59,0.53,2026-08-18,11:04:00,N20,low,2.0NRT,304.52,62.2,D,VIIRS
48.58995,37.87549,331.34,0.59,0.53,2026-08-18,11:04:00,N20,low,2.0NRT,304.43,6.15,D,VIIRS
48.58951,37.86743,335.82,0.59,0.53,2026-08-18,11:04:00,N20,nominal,2.0NRT,305.68,6.15,D,VIIRS
48.28084,33.64068,338.4,0.57,0.43,2026-08-18,11:04:00,N20,low,2.0NRT,309.45,41.19,D,VIIRS
48.59752,37.92463,350.7,0.59,0.53,2026-08-18,11:04:00,N20,nominal,2.0NRT,304.28,62.2,D,VIIRS
48.59393,37.85886,337.37,0.59,0.53,2026-08-18,11:04:00,N20,nominal,2.0NRT,303.2,4.4,D,VIIRS
48.56007,37.26868,345.74,0.55,0.51,2026-08-18,11:04:00,N20,nominal,2.0NRT,306.03,7.07,D,VIIRS
48.28481,33.63991,336.95,0.57,0.43,2026-08-18,11:04:00,N20,nominal,2.0NRT,305.42,41.19,D,VIIRS
48.2841,33.63217,331.48,0.57,0.43,2026-08-18,11:04:00,N20,low,2.0NRT,304.47,72.23,D,VIIRS
48.5979,37.84225,353.11,0.59,0.52,2026-08-18,11:04:00,N20,nominal,2.0NRT,305.81,11.48,D,VIIRS
48.59436,37.77839,337.23,0.58,0.52,2026-08-18,11:04:00,N20,nominal,2.0NRT,307.43,6.23,D,VIIRS
48.59393,37.77055,341.97,0.58,0.52,2026-08-18,11:04:00,N20,nominal,2.0NRT,307.99,6.23,D,VIIRS
48.56433,37.26055,344.17,0.55,0.51,2026-08-18,11:04:00,N20,nominal,2.0NRT,303.97,6.87,D,VIIRS
48.5992,37.77783,340.77,0.58,0.52,2026-08-18,11:04:00,N20,nominal,2.0NRT,303.61,6.23,D,VIIRS
48.59875,37.76998,340.63,0.58,0.52,2026-08-18,11:04:00,N20,nominal,2.0NRT,305.86,6.23,D,VIIRS
48.59032,37.62107,343.19,0.57,0.52,2026-08-18,11:04:00,N20,nominal,2.0NRT,310.93,5.42,D,VIIRS
48.61122,37.90632,331.7,0.59,0.53,2026-08-18,11:04:00,N20,low,2.0NRT,303.39,4.04,D,VIIRS
48.60315,37.76144,336.21,0.58,0.52,2026-08-18,11:04:00,N20,low,2.0NRT,306.27,5.79,D,VIIRS
48.60976,37.79245,346.33,0.58,0.52,2026-08-18,11:04:00,N20,nominal,2.0NRT,305.34,9.39,D,VIIRS
48.60843,37.76873,334.73,0.58,0.52,2026-08-18,11:04:00,N20,nominal,2.0NRT,303.5,1.62,D,VIIRS
48.60754,37.75299,335.72,0.58,0.52,2026-08-18,11:04:00,N20,low,2.0NRT,307.22,5.79,D,VIIRS
48.57441,37.1157,336.15,0.54,0.51,2026-08-18,11:04:00,N20,nominal,2.0NRT,304.48,3.8,D,VIIRS
48.624,37.87204,349.52,0.59,0.53,2026-08-18,11:04:00,N20,nominal,2.0NRT,307.4,14.53,D,VIIRS
48.60019,37.22515,335.79,0.55,0.51,2026-08-18,11:04:00,N20,nominal,2.0NRT,303.6,4.46,D,VIIRS
48.64047,37.73362,337.35,0.58,0.52,2026-08-18,11:04:00,N20,nominal,2.0NRT,306.73,4.75,D,VIIRS
48.6369,37.59122,342.58,0.57,0.52,2026-08-18,11:04:00,N20,nominal,2.0NRT,307.06,7.22,D,VIIRS
48.63928,37.73454,340.1,0.58,0.52,2026-08-18,11:04:00,N20,nominal,2.0NRT,305.64,2.12,D,VIIRS
47.87151,29.29793,346.83,0.41,0.37,2026-08-18,11:04:00,N20,nominal,2.0NRT,302.16,10.31,D,VIIRS
48.63645,37.5919,343.37,0.57,0.52,2026-08-18,11:04:00,N20,nominal,2.0NRT,305.97,5.16,D,VIIRS
48.67332,37.91663,345.25,0.59,0.53,2026-08-18,11:04:00,N20,nominal,2.0NRT,307.08,8.69,D,VIIRS
48.67249,37.90078,340.59,0.59,0.53,2026-08-18,11:04:00,N20,nominal,2.0NRT,303.43,8.23,D,VIIRS
48.67206,37.89272,337.75,0.59,0.53,2026-08-18,11:04:00,N20,nominal,2.0NRT,303.68,6.28,D,VIIRS
48.65225,37.52873,334.74,0.57,0.52,2026-08-18,11:04:00,N20,nominal,2.0NRT,302.14,3.31,D,VIIRS
48.5958,36.58997,342.34,0.51,0.5,2026-08-18,11:04:00,N20,nominal,2.0NRT,310.77,12.53,D,VIIRS
48.0636,30.70908,331.9,0.44,0.39,2026-08-18,11:04:00,N20,nominal,2.0NRT,299.87,0.85,D,VIIRS
48.60038,36.58939,343.42,0.51,0.5,2026-08-18,11:04:00,N20,nominal,2.0NRT,311.81,12.47,D,VIIRS
48.6822,37.89919,349.45,0.59,0.53,2026-08-18,11:04:00,N20,nominal,2.0NRT,307.19,12,D,VIIRS
48.68177,37.89112,336.93,0.59,0.53,2026-08-18,11:04:00,N20,low,2.0NRT,307.35,6.15,D,VIIRS
48.68706,37.8984,355.5,0.59,0.53,2026-08-18,11:04:00,N20,nominal,2.0NRT,309.18,28.15,D,VIIRS
48.68972,37.85696,337.26,0.59,0.53,2026-08-18,11:04:00,N20,nominal,2.0NRT,304.57,6.89,D,VIIRS
48.61149,36.14413,338.89,0.49,0.49,2026-08-18,11:04:00,N20,low,2.0NRT,310.56,7.47,D,VIIRS
48.6169,36.15673,339.07,0.49,0.49,2026-08-18,11:04:00,N20,nominal,2.0NRT,306.47,9.53,D,VIIRS
48.61596,36.14342,343.39,0.49,0.49,2026-08-18,11:04:00,N20,nominal,2.0NRT,311.23,7.77,D,VIIRS
48.62138,36.15607,342.63,0.49,0.49,2026-08-18,11:04:00,N20,nominal,2.0NRT,310.16,9.53,D,VIIRS
48.62091,36.14938,338.03,0.49,0.49,2026-08-18,11:04:00,N20,low,2.0NRT,309.04,7.77,D,VIIRS
48.62044,36.1427,344.38,0.49,0.49,2026-08-18,11:04:00,N20,nominal,2.0NRT,309.35,7.77,D,VIIRS
48.73154,37.73181,332.07,0.58,0.52,2026-08-18,11:04:00,N20,low,2.0NRT,304.8,5.1,D,VIIRS
48.76659,38.00482,349.79,0.6,0.53,2026-08-18,11:04:00,N20,nominal,2.0NRT,305.81,13.57,D,VIIRS
48.76613,37.99668,339.93,0.6,0.53,2026-08-18,11:04:00,N20,nominal,2.0NRT,312.02,13.81,D,VIIRS
48.73,37.73168,342.04,0.58,0.52,2026-08-18,11:04:00,N20,nominal,2.0NRT,304.91,6.06,D,VIIRS
48.76363,38.00514,334.17,0.6,0.53,2026-08-18,11:04:00,N20,nominal,2.0NRT,306.02,6.59,D,VIIRS
48.76323,37.99716,342.09,0.6,0.53,2026-08-18,11:04:00,N20,nominal,2.0NRT,309.66,6.59,D,VIIRS
48.76852,38.00448,344.29,0.6,0.53,2026-08-18,11:04:00,N20,nominal,2.0NRT,305.67,7.94,D,VIIRS
48.7681,37.99619,342.38,0.6,0.53,2026-08-18,11:04:00,N20,nominal,2.0NRT,308.27,7.94,D,VIIRS
48.4749,33.68836,343.14,0.57,0.43,2026-08-18,11:04:00,N20,low,2.0NRT,313.83,13.52,D,VIIRS
48.47421,33.68058,337.18,0.57,0.43,2026-08-18,11:04:00,N20,low,2.0NRT,310.16,13.52,D,VIIRS
48.76608,37.67902,344.93,0.58,0.52,2026-08-18,11:04:00,N20,nominal,2.0NRT,306.31,10.73,D,VIIRS
48.76482,37.65602,335.29,0.58,0.52,2026-08-18,11:04:00,N20,low,2.0NRT,306.64,5.66,D,VIIRS
48.47819,33.67978,351.84,0.57,0.43,2026-08-18,11:04:00,N20,nominal,2.0NRT,312.05,13.52,D,VIIRS
48.47749,33.67199,336.05,0.57,0.43,2026-08-18,11:04:00,N20,nominal,2.0NRT,308.65,8.97,D,VIIRS
48.79996,38.23568,342.08,0.61,0.54,2026-08-18,11:04:00,N20,nominal,2.0NRT,306.61,5.65,D,VIIRS
48.77864,37.82198,341.74,0.59,0.53,2026-08-18,11:04:00,N20,nominal,2.0NRT,307.95,6.57,D,VIIRS
48.80534,38.24367,339.03,0.61,0.54,2026-08-18,11:04:00,N20,nominal,2.0NRT,307.96,9.49,D,VIIRS
48.80492,38.23528,334.06,0.61,0.54,2026-08-18,11:04:00,N20,low,2.0NRT,308.87,5.65,D,VIIRS
48.7766,37.69381,350.96,0.58,0.52,2026-08-18,11:04:00,N20,nominal,2.0NRT,304.77,11.45,D,VIIRS
48.81237,38.28465,334.55,0.62,0.54,2026-08-18,11:04:00,N20,nominal,2.0NRT,308.9,5.16,D,VIIRS
48.8103,38.2432,344.96,0.61,0.54,2026-08-18,11:04:00,N20,nominal,2.0NRT,311.49,38.31,D,VIIRS
48.80988,38.23491,342.92,0.61,0.54,2026-08-18,11:04:00,N20,nominal,2.0NRT,312.9,33.83,D,VIIRS
48.80946,38.22659,343.29,0.61,0.54,2026-08-18,11:04:00,N20,nominal,2.0NRT,306.81,33.83,D,VIIRS
48.7788,37.64564,336.35,0.58,0.52,2026-08-18,11:04:00,N20,low,2.0NRT,307.94,7.4,D,VIIRS
48.81525,38.24253,352.77,0.61,0.54,2026-08-18,11:04:00,N20,nominal,2.0NRT,315,38.31,D,VIIRS
48.81483,38.23435,346.99,0.61,0.54,2026-08-18,11:04:00,N20,nominal,2.0NRT,316.92,33.83,D,VIIRS
48.81442,38.22611,340.31,0.61,0.54,2026-08-18,11:04:00,N20,nominal,2.0NRT,305.22,33.83,D,VIIRS
48.79628,37.8773,333.21,0.59,0.53,2026-08-18,11:04:00,N20,nominal,2.0NRT,305.33,3.68,D,VIIRS
48.74542,36.91484,342.68,0.53,0.5,2026-08-18,11:04:00,N20,nominal,2.0NRT,308.53,7.27,D,VIIRS
48.75007,36.91417,332.22,0.53,0.5,2026-08-18,11:04:00,N20,low,2.0NRT,306.8,7.27,D,VIIRS
48.8275,38.18999,343.04,0.61,0.53,2026-08-18,11:04:00,N20,nominal,2.0NRT,308.93,27.64,D,VIIRS
48.82707,38.18165,344.78,0.61,0.53,2026-08-18,11:04:00,N20,nominal,2.0NRT,315.22,30.76,D,VIIRS
48.84027,38.34266,344.61,0.62,0.54,2026-08-18,11:04:00,N20,nominal,2.0NRT,308.08,8.71,D,VIIRS
48.83679,38.27403,348.28,0.62,0.54,2026-08-18,11:04:00,N20,nominal,2.0NRT,307.76,9.43,D,VIIRS
48.83245,38.18953,344.09,0.61,0.53,2026-08-18,11:04:00,N20,nominal,2.0NRT,308.11,27.64,D,VIIRS
48.83202,38.18117,336.08,0.61,0.53,2026-08-18,11:04:00,N20,low,2.0NRT,309.91,30.76,D,VIIRS
48.822,37.99065,343.5,0.6,0.53,2026-08-18,11:04:00,N20,nominal,2.0NRT,308.64,12.02,D,VIIRS
48.67147,35.56832,340.46,0.46,0.47,2026-08-18,11:04:00,N20,nominal,2.0NRT,305.99,23.43,D,VIIRS
48.67631,35.57401,340.49,0.46,0.47,2026-08-18,11:04:00,N20,nominal,2.0NRT,302.32,19.95,D,VIIRS
48.67583,35.56764,347.16,0.46,0.47,2026-08-18,11:04:00,N20,nominal,2.0NRT,320.33,23.43,D,VIIRS
48.846,38.16349,346.51,0.61,0.53,2026-08-18,11:04:00,N20,nominal,2.0NRT,308.43,69.81,D,VIIRS
48.84555,38.15489,356.3,0.61,0.53,2026-08-18,11:04:00,N20,nominal,2.0NRT,313.05,69.81,D,VIIRS
48.83074,37.79204,331.07,0.58,0.52,2026-08-18,11:04:00,N20,low,2.0NRT,303.5,4.35,D,VIIRS
48.78354,36.99842,332.81,0.54,0.51,2026-08-18,11:04:00,N20,low,2.0NRT,305.3,5.36,D,VIIRS
48.52607,33.58317,336.43,0.57,0.43,2026-08-18,11:04:00,N20,nominal,2.0NRT,308.01,5.12,D,VIIRS
48.89483,38.73035,342.17,0.32,0.55,2026-08-18,11:04:00,N20,low,2.0NRT,312.29,4.5,D,VIIRS
48.70912,35.71685,340.42,0.47,0.48,2026-08-18,11:04:00,N20,low,2.0NRT,310.77,8.23,D,VIIRS
48.53004,33.58237,341.36,0.57,0.43,2026-08-18,11:04:00,N20,nominal,2.0NRT,307.56,8.49,D,VIIRS
48.8999,38.72989,337.56,0.32,0.55,2026-08-18,11:04:00,N20,low,2.0NRT,312.11,4.5,D,VIIRS
48.89968,38.72544,343.95,0.32,0.55,2026-08-18,11:04:00,N20,nominal,2.0NRT,309.94,6.47,D,VIIRS
48.87831,38.30406,340.5,0.62,0.54,2026-08-18,11:04:00,N20,low,2.0NRT,313.45,54.47,D,VIIRS
48.87786,38.29554,337.89,0.62,0.54,2026-08-18,11:04:00,N20,nominal,2.0NRT,307,25.19,D,VIIRS
48.87698,38.27874,345.01,0.62,0.54,2026-08-18,11:04:00,N20,nominal,2.0NRT,306.21,6.4,D,VIIRS
48.87651,38.26993,335.18,0.62,0.54,2026-08-18,11:04:00,N20,low,2.0NRT,305.5,6.4,D,VIIRS
48.84838,37.75883,340.56,0.58,0.52,2026-08-18,11:04:00,N20,nominal,2.0NRT,305.83,7.7,D,VIIRS
48.83411,37.51384,340.44,0.57,0.52,2026-08-18,11:04:00,N20,nominal,2.0NRT,301.82,9.29,D,VIIRS
48.88284,38.29516,351.09,0.62,0.54,2026-08-18,11:04:00,N20,nominal,2.0NRT,307.06,16.98,D,VIIRS
48.85324,37.75838,336.3,0.58,0.52,2026-08-18,11:04:00,N20,nominal,2.0NRT,305.62,3.15,D,VIIRS
48.7174,35.70878,338.34,0.47,0.48,2026-08-18,11:04:00,N20,nominal,2.0NRT,308.08,5.57,D,VIIRS
48.70969,35.60668,330.48,0.46,0.47,2026-08-18,11:04:00,N20,low,2.0NRT,304.04,4.76,D,VIIRS
48.71453,35.61222,334.99,0.46,0.47,2026-08-18,11:04:00,N20,low,2.0NRT,305.62,4.76,D,VIIRS
48.85226,38.16451,343.32,0.61,0.53,2026-08-18,11:04:00,N20,nominal,2.0NRT,308.62,56.83,D,VIIRS
48.85184,38.1559,337.72,0.61,0.53,2026-08-18,11:04:00,N20,nominal,2.0NRT,306.99,27.67,D,VIIRS
48.70885,35.71626,339.7,0.47,0.48,2026-08-18,11:04:00,N20,low,2.0NRT,310.72,6.94,D,VIIRS
48.71762,35.71457,331.04,0.47,0.48,2026-08-18,11:04:00,N20,low,2.0NRT,305.51,2.19,D,VIIRS
48.71717,35.70816,338.63,0.47,0.48,2026-08-18,11:04:00,N20,nominal,2.0NRT,308.39,5.85,D,VIIRS
48.71041,35.61218,337.5,0.46,0.47,2026-08-18,11:04:00,N20,nominal,2.0NRT,305.32,5.21,D,VIIRS
48.70997,35.60591,334.44,0.46,0.47,2026-08-18,11:04:00,N20,low,2.0NRT,304.59,5.19,D,VIIRS
48.87393,38.30619,336.39,0.62,0.54,2026-08-18,11:04:00,N20,nominal,2.0NRT,304.8,5.6,D,VIIRS
48.87352,38.29755,343.49,0.62,0.54,2026-08-18,11:04:00,N20,nominal,2.0NRT,309.08,5.6,D,VIIRS
48.84686,37.76004,330.78,0.58,0.52,2026-08-18,11:04:00,N20,low,2.0NRT,304.78,4.67,D,VIIRS
48.89832,38.73201,338.7,0.32,0.55,2026-08-18,11:04:00,N20,low,2.0NRT,311.87,6.27,D,VIIRS
48.89812,38.72756,341.61,0.32,0.55,2026-08-18,11:04:00,N20,low,2.0NRT,313.13,3.2,D,VIIRS
48.89793,38.72311,351.56,0.32,0.55,2026-08-18,11:04:00,N20,nominal,2.0NRT,308.98,3.2,D,VIIRS
48.8789,38.30562,341.4,0.62,0.54,2026-08-18,11:04:00,N20,nominal,2.0NRT,305.56,33.33,D,VIIRS
48.8777,38.28028,340.84,0.62,0.54,2026-08-18,11:04:00,N20,nominal,2.0NRT,306.28,8.96,D,VIIRS
48.87728,38.27147,341.84,0.62,0.54,2026-08-18,11:04:00,N20,nominal,2.0NRT,306.51,8.51,D,VIIRS
48.8517,37.75957,340.59,0.58,0.52,2026-08-18,11:04:00,N20,nominal,2.0NRT,305.49,3.95,D,VIIRS
48.88347,38.29668,342.74,0.62,0.54,2026-08-18,11:04:00,N20,nominal,2.0NRT,305.94,33.33,D,VIIRS
48.88307,38.28827,341.63,0.62,0.54,2026-08-18,11:04:00,N20,nominal,2.0NRT,309.51,8.96,D,VIIRS
48.85656,37.75913,330.83,0.58,0.52,2026-08-18,11:04:00,N20,nominal,2.0NRT,304.07,3.95,D,VIIRS
48.89343,38.2958,342.26,0.62,0.54,2026-08-18,11:04:00,N20,nominal,2.0NRT,306.67,8.5,D,VIIRS
48.90044,38.33763,334.16,0.62,0.54,2026-08-18,11:04:00,N20,nominal,2.0NRT,303.58,4.9,D,VIIRS
48.89921,38.31215,332.01,0.62,0.54,2026-08-18,11:04:00,N20,low,2.0NRT,304.55,12.54,D,VIIRS
48.8984,38.29525,344.34,0.62,0.54,2026-08-18,11:04:00,N20,nominal,2.0NRT,311.07,21.94,D,VIIRS
48.90419,38.31172,355.85,0.62,0.54,2026-08-18,11:04:00,N20,nominal,2.0NRT,304.94,12.54,D,VIIRS
48.90377,38.30308,352.35,0.62,0.54,2026-08-18,11:04:00,N20,nominal,2.0NRT,314.9,21.94,D,VIIRS
48.90296,38.28632,338.85,0.62,0.54,2026-08-18,11:04:00,N20,nominal,2.0NRT,308.19,9.93,D,VIIRS
48.9096,38.32013,350.23,0.62,0.54,2026-08-18,11:04:00,N20,nominal,2.0NRT,309.34,31,D,VIIRS
48.90918,38.31142,346.88,0.62,0.54,2026-08-18,11:04:00,N20,nominal,2.0NRT,310.46,31,D,VIIRS
48.90876,38.30267,335.07,0.62,0.54,2026-08-18,11:04:00,N20,low,2.0NRT,309.08,9.56,D,VIIRS
48.90834,38.29415,349,0.62,0.54,2026-08-18,11:04:00,N20,nominal,2.0NRT,309.38,9.56,D,VIIRS
48.90793,38.2858,338.08,0.62,0.54,2026-08-18,11:04:00,N20,nominal,2.0NRT,306.86,7.19,D,VIIRS
48.91459,38.31981,355.29,0.62,0.54,2026-08-18,11:04:00,N20,nominal,2.0NRT,309.7,31,D,VIIRS
48.90783,38.18307,341.79,0.61,0.53,2026-08-18,11:04:00,N20,nominal,2.0NRT,307.38,12.58,D,VIIRS
48.91916,38.31086,367,0.62,0.54,2026-08-18,11:04:00,N20,high,2.0NRT,310.67,13.31,D,VIIRS
48.91958,38.31943,348.47,0.62,0.54,2026-08-18,11:04:00,N20,nominal,2.0NRT,309.24,13.31,D,VIIRS
48.91873,38.30205,354.03,0.62,0.54,2026-08-18,11:04:00,N20,nominal,2.0NRT,311.51,18.5,D,VIIRS
48.91829,38.29329,347.6,0.62,0.54,2026-08-18,11:04:00,N20,nominal,2.0NRT,308.18,18.5,D,VIIRS
48.91664,38.25981,330.95,0.62,0.54,2026-08-18,11:04:00,N20,low,2.0NRT,305.69,5.21,D,VIIRS
48.9128,38.18298,344.94,0.61,0.53,2026-08-18,11:04:00,N20,nominal,2.0NRT,307.75,19.08,D,VIIRS
48.91236,38.1743,346.52,0.61,0.53,2026-08-18,11:04:00,N20,nominal,2.0NRT,314.26,19.08,D,VIIRS
48.91193,38.16585,335.94,0.61,0.53,2026-08-18,11:04:00,N20,nominal,2.0NRT,304.82,7.11,D,VIIRS
48.92414,38.31029,342.55,0.62,0.54,2026-08-18,11:04:00,N20,nominal,2.0NRT,305.58,13.31,D,VIIRS
48.91777,38.18291,352.29,0.61,0.53,2026-08-18,11:04:00,N20,nominal,2.0NRT,307.04,19.08,D,VIIRS
48.91733,38.17422,335.81,0.61,0.53,2026-08-18,11:04:00,N20,nominal,2.0NRT,305.79,19.08,D,VIIRS
48.90406,37.91758,347.9,0.59,0.53,2026-08-18,11:04:00,N20,nominal,2.0NRT,307.77,11.55,D,VIIRS
48.89185,37.69069,353.21,0.58,0.52,2026-08-18,11:04:00,N20,nominal,2.0NRT,307.43,15.12,D,VIIRS
48.90944,37.83472,335.67,0.59,0.53,2026-08-18,11:04:00,N20,nominal,2.0NRT,301.94,3.24,D,VIIRS
48.90722,37.70486,337.93,0.58,0.52,2026-08-18,11:04:00,N20,nominal,2.0NRT,305.62,4.54,D,VIIRS
48.92137,37.78438,332.68,0.59,0.52,2026-08-18,11:04:00,N20,low,2.0NRT,303.47,4.74,D,VIIRS
48.94492,38.03741,343.58,0.6,0.53,2026-08-18,11:04:00,N20,nominal,2.0NRT,306.63,8.25,D,VIIRS
48.88168,36.94856,348.34,0.54,0.5,2026-08-18,11:04:00,N20,nominal,2.0NRT,303.57,6.19,D,VIIRS
48.94492,37.94585,340.32,0.6,0.53,2026-08-18,11:04:00,N20,nominal,2.0NRT,306.18,5.14,D,VIIRS
48.94664,37.88741,342.77,0.59,0.53,2026-08-18,11:04:00,N20,nominal,2.0NRT,308.96,10.14,D,VIIRS
48.58606,33.00417,334.64,0.54,0.42,2026-08-18,11:04:00,N20,nominal,2.0NRT,304.95,4.02,D,VIIRS
48.58533,32.99685,338.97,0.54,0.42,2026-08-18,11:04:00,N20,nominal,2.0NRT,307.01,5.09,D,VIIRS
48.59064,33.01059,330.75,0.54,0.42,2026-08-18,11:04:00,N20,nominal,2.0NRT,304.5,7.26,D,VIIRS
48.58992,33.00328,342.55,0.54,0.42,2026-08-18,11:04:00,N20,nominal,2.0NRT,309.21,7.26,D,VIIRS
48.5892,32.99597,337.75,0.54,0.42,2026-08-18,11:04:00,N20,nominal,2.0NRT,305.66,14.18,D,VIIRS
48.59378,33.00233,336.54,0.54,0.42,2026-08-18,11:04:00,N20,nominal,2.0NRT,305.99,7.26,D,VIIRS
48.5864,33.00348,336.37,0.54,0.42,2026-08-18,11:04:00,N20,nominal,2.0NRT,306.21,12.83,D,VIIRS
48.58572,32.99615,340.93,0.54,0.42,2026-08-18,11:04:00,N20,nominal,2.0NRT,308.43,12.83,D,VIIRS
48.59027,33.00257,342.39,0.54,0.42,2026-08-18,11:04:00,N20,nominal,2.0NRT,309.42,12.83,D,VIIRS
48.94859,37.97858,335.36,0.6,0.53,2026-08-18,11:04:00,N20,nominal,2.0NRT,305.59,3.79,D,VIIRS
48.59413,33.00161,335.52,0.54,0.42,2026-08-18,11:04:00,N20,nominal,2.0NRT,304.73,10.3,D,VIIRS
48.94896,37.88695,341.9,0.59,0.53,2026-08-18,11:04:00,N20,nominal,2.0NRT,308.74,6.61,D,VIIRS
48.94855,37.87872,338.45,0.59,0.53,2026-08-18,11:04:00,N20,nominal,2.0NRT,310.97,6.61,D,VIIRS
48.45106,31.53992,335.55,0.48,0.4,2026-08-18,11:04:00,N20,nominal,2.0NRT,304.86,1.96,D,VIIRS
48.4547,31.53901,331.74,0.48,0.4,2026-08-18,11:04:00,N20,low,2.0NRT,306.02,35.73,D,VIIRS
48.45904,31.54454,338.51,0.48,0.4,2026-08-18,11:04:00,N20,nominal,2.0NRT,307.3,35.73,D,VIIRS
48.92694,37.03881,342.51,0.54,0.51,2026-08-18,11:04:00,N20,nominal,2.0NRT,312.02,16.01,D,VIIRS
48.99536,38.22625,341.09,0.61,0.54,2026-08-18,11:04:00,N20,nominal,2.0NRT,305.56,11.81,D,VIIRS
48.99495,38.21766,336.81,0.61,0.54,2026-08-18,11:04:00,N20,nominal,2.0NRT,309.69,17.49,D,VIIRS
48.93208,37.04596,351.12,0.54,0.51,2026-08-18,11:04:00,N20,nominal,2.0NRT,310.21,40.42,D,VIIRS
48.93162,37.03814,345.78,0.54,0.51,2026-08-18,11:04:00,N20,nominal,2.0NRT,308.02,16.01,D,VIIRS
48.93677,37.04541,341.52,0.54,0.51,2026-08-18,11:04:00,N20,nominal,2.0NRT,305.65,6.55,D,VIIRS
48.99394,37.99797,346.86,0.6,0.53,2026-08-18,11:04:00,N20,nominal,2.0NRT,306.91,6.83,D,VIIRS
49.0252,38.4303,349.45,0.63,0.54,2026-08-18,11:04:00,N20,nominal,2.0NRT,308.77,14.1,D,VIIRS
49.00799,38.07985,344.41,0.6,0.53,2026-08-18,11:04:00,N20,nominal,2.0NRT,308.42,7.63,D,VIIRS
49.01206,38.06254,342.62,0.6,0.53,2026-08-18,11:04:00,N20,nominal,2.0NRT,309.56,7.7,D,VIIRS
49.01164,38.05423,339.23,0.6,0.53,2026-08-18,11:04:00,N20,nominal,2.0NRT,308.42,7.7,D,VIIRS
48.98168,37.49441,331.53,0.57,0.52,2026-08-18,11:04:00,N20,low,2.0NRT,305,4.98,D,VIIRS
48.76409,34.32029,353.16,0.41,0.45,2026-08-18,11:04:00,N20,nominal,2.0NRT,306.68,7.1,D,VIIRS
48.40993,30.77454,330.57,0.45,0.39,2026-08-18,11:04:00,N20,nominal,2.0NRT,304.06,2.3,D,VIIRS
48.7682,34.3195,337.01,0.41,0.45,2026-08-18,11:04:00,N20,nominal,2.0NRT,305.74,4.14,D,VIIRS
49.0406,38.13556,341.94,0.61,0.53,2026-08-18,11:04:00,N20,nominal,2.0NRT,306.01,8.32,D,VIIRS
49.03667,38.05965,342.67,0.6,0.53,2026-08-18,11:04:00,N20,nominal,2.0NRT,310.82,6.27,D,VIIRS
49.04553,38.13485,341.32,0.61,0.53,2026-08-18,11:04:00,N20,nominal,2.0NRT,304.65,8.72,D,VIIRS
49.08124,38.54556,333.72,0.32,0.54,2026-08-18,11:04:00,N20,low,2.0NRT,306.67,3.48,D,VIIRS
49.08092,38.53898,333.25,0.64,0.54,2026-08-18,11:04:00,N20,low,2.0NRT,307.15,5.88,D,VIIRS
48.90498,35.66958,344.62,0.47,0.48,2026-08-18,11:04:00,N20,nominal,2.0NRT,303.23,4.48,D,VIIRS
48.9045,35.66315,335.77,0.47,0.48,2026-08-18,11:04:00,N20,nominal,2.0NRT,305.07,4.48,D,VIIRS
49.12274,39.22136,330.7,0.34,0.56,2026-08-18,11:04:00,N20,low,2.0NRT,305.09,2.53,D,VIIRS
49.06574,37.95643,331.13,0.6,0.53,2026-08-18,11:04:00,N20,nominal,2.0NRT,303.48,2.22,D,VIIRS
49.07914,38.0211,343.66,0.6,0.53,2026-08-18,11:04:00,N20,nominal,2.0NRT,306.6,6.54,D,VIIRS
49.09016,38.53929,334.64,0.32,0.54,2026-08-18,11:04:00,N20,nominal,2.0NRT,309.03,2.33,D,VIIRS
49.12352,39.22147,335.35,0.34,0.56,2026-08-18,11:04:00,N20,low,2.0NRT,305.43,2.68,D,VIIRS
49.07593,38.02077,334.55,0.6,0.53,2026-08-18,11:04:00,N20,low,2.0NRT,308.06,4.47,D,VIIRS
49.08084,38.02011,336.01,0.6,0.53,2026-08-18,11:04:00,N20,nominal,2.0NRT,304.65,4.47,D,VIIRS
49.09393,37.79443,346.05,0.59,0.53,2026-08-18,11:04:00,N20,nominal,2.0NRT,305.2,8.55,D,VIIRS
49.10952,38.0007,341.88,0.6,0.53,2026-08-18,11:04:00,N20,nominal,2.0NRT,304.55,6.79,D,VIIRS
48.72559,32.80013,338.38,0.53,0.42,2026-08-18,11:04:00,N20,nominal,2.0NRT,302.81,6.18,D,VIIRS
49.10494,37.81761,338.43,0.59,0.53,2026-08-18,11:04:00,N20,nominal,2.0NRT,304.49,5.15,D,VIIRS
49.10451,37.80944,330.71,0.59,0.53,2026-08-18,11:04:00,N20,nominal,2.0NRT,303.87,5.03,D,VIIRS
49.00035,36.01884,340.16,0.49,0.48,2026-08-18,11:04:00,N20,nominal,2.0NRT,306.3,4.18,D,VIIRS
49.00482,36.01817,341.63,0.49,0.48,2026-08-18,11:04:00,N20,nominal,2.0NRT,310.33,8.48,D,VIIRS
49.1313,38.03963,340.46,0.6,0.53,2026-08-18,11:04:00,N20,nominal,2.0NRT,303.24,8.13,D,VIIRS
49.13087,38.03135,341.08,0.6,0.53,2026-08-18,11:04:00,N20,nominal,2.0NRT,304.76,8.13,D,VIIRS
49.12613,37.94016,330.77,0.6,0.53,2026-08-18,11:04:00,N20,low,2.0NRT,304.23,5.43,D,VIIRS
49.0093,36.01755,343.78,0.49,0.48,2026-08-18,11:04:00,N20,nominal,2.0NRT,312.3,8.48,D,VIIRS
49.01331,36.01033,341.07,0.49,0.48,2026-08-18,11:04:00,N20,nominal,2.0NRT,308.76,10.97,D,VIIRS
48.83839,33.75319,337.63,0.39,0.44,2026-08-18,11:04:00,N20,nominal,2.0NRT,308.33,3.88,D,VIIRS
48.84288,33.75774,367,0.39,0.44,2026-08-18,11:04:00,N20,high,2.0NRT,311.05,23.35,D,VIIRS
49.14869,38.08836,356.3,0.61,0.53,2026-08-18,11:04:00,N20,nominal,2.0NRT,306.84,16.24,D,VIIRS
48.8424,33.75241,355.85,0.39,0.44,2026-08-18,11:04:00,N20,nominal,2.0NRT,311.73,11.24,D,VIIRS
49.15408,38.0966,341.13,0.61,0.53,2026-08-18,11:04:00,N20,nominal,2.0NRT,303.04,8.86,D,VIIRS
49.15362,38.08776,341.65,0.61,0.53,2026-08-18,11:04:00,N20,nominal,2.0NRT,305.21,16.24,D,VIIRS
48.8469,33.75699,356.27,0.39,0.44,2026-08-18,11:04:00,N20,nominal,2.0NRT,311.14,23.35,D,VIIRS
48.84642,33.75163,356.3,0.39,0.44,2026-08-18,11:04:00,N20,nominal,2.0NRT,313.17,11.24,D,VIIRS
49.12279,37.43766,342.33,0.57,0.52,2026-08-18,11:04:00,N20,nominal,2.0NRT,308.72,11.77,D,VIIRS
48.85141,33.76159,352.43,0.39,0.44,2026-08-18,11:04:00,N20,nominal,2.0NRT,310.33,20.77,D,VIIRS
48.85045,33.75092,355.07,0.39,0.44,2026-08-18,11:04:00,N20,nominal,2.0NRT,312.29,6.09,D,VIIRS
48.64217,31.65125,331.23,0.48,0.4,2026-08-18,11:04:00,N20,low,2.0NRT,305.74,5.86,D,VIIRS
48.85447,33.75017,334.57,0.39,0.44,2026-08-18,11:04:00,N20,low,2.0NRT,307.63,6.09,D,VIIRS
49.13028,37.23988,340.86,0.55,0.51,2026-08-18,11:04:00,N20,nominal,2.0NRT,302.6,5.57,D,VIIRS
49.18028,37.84993,341.67,0.59,0.53,2026-08-18,11:04:00,N20,nominal,2.0NRT,304.13,6.52,D,VIIRS
49.13082,37.23936,340.85,0.56,0.51,2026-08-18,11:04:00,N20,nominal,2.0NRT,302.57,6.38,D,VIIRS
49.18259,37.84966,339.86,0.59,0.53,2026-08-18,11:04:00,N20,nominal,2.0NRT,305.09,15.71,D,VIIRS
49.16799,37.39146,341.76,0.56,0.52,2026-08-18,11:04:00,N20,nominal,2.0NRT,309.2,4.01,D,VIIRS
49.19982,37.89843,330.13,0.6,0.53,2026-08-18,11:04:00,N20,low,2.0NRT,305.11,3.29,D,VIIRS
49.20614,37.83043,334.38,0.59,0.53,2026-08-18,11:04:00,N20,nominal,2.0NRT,301.62,6.1,D,VIIRS
49.06304,35.52933,355.1,0.46,0.47,2026-08-18,11:04:00,N20,nominal,2.0NRT,306.6,12.32,D,VIIRS
49.23174,37.94414,336.95,0.6,0.53,2026-08-18,11:04:00,N20,nominal,2.0NRT,306.86,6.22,D,VIIRS
49.23359,37.88535,330.11,0.6,0.53,2026-08-18,11:04:00,N20,low,2.0NRT,304.64,2.41,D,VIIRS
49.25452,38.00182,351.75,0.6,0.53,2026-08-18,11:04:00,N20,nominal,2.0NRT,305.12,28.85,D,VIIRS
49.28732,38.55599,331.78,0.32,0.55,2026-08-18,11:04:00,N20,low,2.0NRT,306.19,4.04,D,VIIRS
49.30777,37.94522,331.94,0.6,0.53,2026-08-18,11:04:00,N20,low,2.0NRT,302.41,3.68,D,VIIRS
49.27787,37.04506,335.01,0.55,0.51,2026-08-18,11:04:00,N20,nominal,2.0NRT,308.29,5.19,D,VIIRS
49.34127,37.92487,340.1,0.6,0.53,2026-08-18,11:04:00,N20,nominal,2.0NRT,304,5.22,D,VIIRS
49.34353,37.87391,343.41,0.6,0.53,2026-08-18,11:04:00,N20,nominal,2.0NRT,305.2,6.97,D,VIIRS
49.35421,37.88956,339.8,0.6,0.53,2026-08-18,11:04:00,N20,nominal,2.0NRT,302.37,6.6,D,VIIRS
49.35377,37.88122,345.43,0.6,0.53,2026-08-18,11:04:00,N20,nominal,2.0NRT,306.45,7.89,D,VIIRS
49.35332,37.87291,338.17,0.6,0.53,2026-08-18,11:04:00,N20,nominal,2.0NRT,304.35,7.89,D,VIIRS
49.35867,37.88084,337.38,0.6,0.53,2026-08-18,11:04:00,N20,nominal,2.0NRT,304.9,5.76,D,VIIRS
49.32466,37.19232,332.29,0.55,0.51,2026-08-18,11:04:00,N20,low,2.0NRT,304.17,5.5,D,VIIRS
49.3234,36.78913,343.94,0.53,0.5,2026-08-18,11:04:00,N20,nominal,2.0NRT,309.1,6.52,D,VIIRS
49.32595,36.78794,333.84,0.53,0.5,2026-08-18,11:04:00,N20,low,2.0NRT,306.53,3.16,D,VIIRS
49.40495,37.78432,341.24,0.59,0.53,2026-08-18,11:04:00,N20,nominal,2.0NRT,304.1,13.37,D,VIIRS
49.43793,37.94729,330.42,0.6,0.53,2026-08-18,11:04:00,N20,nominal,2.0NRT,303.35,9.13,D,VIIRS
49.44284,37.94671,343.36,0.6,0.53,2026-08-18,11:04:00,N20,nominal,2.0NRT,303.66,9.13,D,VIIRS
49.52867,39.6564,342.35,0.36,0.57,2026-08-18,11:04:00,N20,nominal,2.0NRT,305.21,3.84,D,VIIRS
49.17439,33.60341,341.81,0.39,0.44,2026-08-18,11:04:00,N20,nominal,2.0NRT,304.77,2.41,D,VIIRS
49.50347,37.74147,340.06,0.59,0.53,2026-08-18,11:04:00,N20,nominal,2.0NRT,303.03,8.68,D,VIIRS
49.61535,39.59215,367,0.36,0.57,2026-08-18,11:04:00,N20,high,2.0NRT,306.88,8.27,D,VIIRS
49.61553,39.59717,338.55,0.36,0.57,2026-08-18,11:04:00,N20,nominal,2.0NRT,304.13,8.27,D,VIIRS
49.61516,39.58699,351.17,0.36,0.57,2026-08-18,11:04:00,N20,nominal,2.0NRT,304.21,8.95,D,VIIRS
49.62085,39.59692,367,0.36,0.57,2026-08-18,11:04:00,N20,high,2.0NRT,305.05,8.27,D,VIIRS
49.62065,39.59164,354.78,0.36,0.57,2026-08-18,11:04:00,N20,nominal,2.0NRT,306.34,8.27,D,VIIRS
49.6078,39.25559,336.65,0.35,0.56,2026-08-18,11:04:00,N20,nominal,2.0NRT,304.14,4.62,D,VIIRS
49.49046,36.247,332.57,0.5,0.49,2026-08-18,11:04:00,N20,nominal,2.0NRT,304.79,3.45,D,VIIRS
49.48997,36.23996,334.78,0.5,0.49,2026-08-18,11:04:00,N20,nominal,2.0NRT,309.14,3.45,D,VIIRS
49.5667,37.30323,332.87,0.56,0.52,2026-08-18,11:04:00,N20,nominal,2.0NRT,303.83,3.29,D,VIIRS
49.49076,36.24399,338.5,0.51,0.49,2026-08-18,11:04:00,N20,nominal,2.0NRT,306.78,5.96,D,VIIRS
49.6035,37.6368,341.98,0.58,0.52,2026-08-18,11:04:00,N20,nominal,2.0NRT,302.6,4.53,D,VIIRS
49.62338,37.4622,346.75,0.57,0.52,2026-08-18,11:04:00,N20,nominal,2.0NRT,305.08,8.3,D,VIIRS
49.62909,37.47789,332.24,0.58,0.52,2026-08-18,11:04:00,N20,nominal,2.0NRT,302.41,5.15,D,VIIRS
49.66162,37.53943,333.52,0.58,0.52,2026-08-18,11:04:00,N20,nominal,2.0NRT,303.4,2.52,D,VIIRS
49.6799,37.78485,333.65,0.59,0.53,2026-08-18,11:04:00,N20,nominal,2.0NRT,302.66,3.75,D,VIIRS
49.66236,37.46586,332.76,0.57,0.52,2026-08-18,11:04:00,N20,nominal,2.0NRT,304.9,4.28,D,VIIRS
49.67764,37.65282,351.28,0.59,0.53,2026-08-18,11:04:00,N20,nominal,2.0NRT,307.55,12.53,D,VIIRS
49.68063,37.65356,344.5,0.59,0.53,2026-08-18,11:04:00,N20,nominal,2.0NRT,308.46,10.99,D,VIIRS
49.70493,37.6508,341.27,0.59,0.53,2026-08-18,11:04:00,N20,nominal,2.0NRT,305.82,9.84,D,VIIRS
49.70452,37.64269,334.84,0.59,0.53,2026-08-18,11:04:00,N20,low,2.0NRT,306.79,8.97,D,VIIRS
49.73637,38.0868,341.01,0.61,0.54,2026-08-18,11:04:00,N20,nominal,2.0NRT,301.97,7.87,D,VIIRS
49.74369,37.7375,335.42,0.59,0.53,2026-08-18,11:04:00,N20,nominal,2.0NRT,303.87,9.21,D,VIIRS
49.74326,37.72923,335.59,0.59,0.53,2026-08-18,11:04:00,N20,nominal,2.0NRT,304.31,9.21,D,VIIRS
49.74858,37.73696,355.59,0.59,0.53,2026-08-18,11:04:00,N20,nominal,2.0NRT,306.25,9.21,D,VIIRS
49.74814,37.72868,351.41,0.59,0.53,2026-08-18,11:04:00,N20,nominal,2.0NRT,306.68,9.21,D,VIIRS
49.75303,37.72818,351.3,0.59,0.53,2026-08-18,11:04:00,N20,nominal,2.0NRT,306.22,39.32,D,VIIRS
49.74778,37.62905,336.5,0.59,0.53,2026-08-18,11:04:00,N20,nominal,2.0NRT,305.46,3.48,D,VIIRS
49.74733,37.52998,334.1,0.58,0.52,2026-08-18,11:04:00,N20,nominal,2.0NRT,303.69,3.12,D,VIIRS
49.77474,37.76723,338.56,0.59,0.53,2026-08-18,11:04:00,N20,nominal,2.0NRT,303.68,10.47,D,VIIRS
49.76584,37.60155,330.51,0.58,0.52,2026-08-18,11:04:00,N20,low,2.0NRT,303.59,3.23,D,VIIRS
49.77963,37.76683,350.29,0.59,0.53,2026-08-18,11:04:00,N20,nominal,2.0NRT,304.56,10.47,D,VIIRS
49.79206,37.72362,338.74,0.59,0.53,2026-08-18,11:04:00,N20,nominal,2.0NRT,305.54,4.36,D,VIIRS
49.78175,37.76692,339.92,0.59,0.53,2026-08-18,11:04:00,N20,nominal,2.0NRT,302.18,2.64,D,VIIRS
49.78949,37.72403,341.07,0.59,0.53,2026-08-18,11:04:00,N20,nominal,2.0NRT,305.56,9.93,D,VIIRS
49.83123,37.97324,351.2,0.61,0.53,2026-08-18,11:04:00,N20,nominal,2.0NRT,305.73,15.94,D,VIIRS
49.83082,37.9648,339.7,0.61,0.53,2026-08-18,11:04:00,N20,nominal,2.0NRT,301.95,15.94,D,VIIRS
49.83576,37.9643,336.59,0.61,0.53,2026-08-18,11:04:00,N20,nominal,2.0NRT,300.45,15.94,D,VIIRS
49.83065,37.76121,339.59,0.59,0.53,2026-08-18,11:04:00,N20,nominal,2.0NRT,303.76,4.93,D,VIIRS
49.86879,37.83269,335.03,0.6,0.53,2026-08-18,11:04:00,N20,nominal,2.0NRT,301.37,6.17,D,VIIRS
49.86053,37.67429,335.13,0.59,0.53,2026-08-18,11:04:00,N20,nominal,2.0NRT,305.61,5.18,D,VIIRS
49.81497,36.78657,343.18,0.54,0.51,2026-08-18,11:04:00,N20,nominal,2.0NRT,309.18,14.11,D,VIIRS
49.88036,37.86559,343.55,0.6,0.53,2026-08-18,11:04:00,N20,nominal,2.0NRT,308.34,7.47,D,VIIRS
49.84514,37.21802,349.85,0.56,0.52,2026-08-18,11:04:00,N20,nominal,2.0NRT,306.08,13.7,D,VIIRS
49.88569,37.87314,354.61,0.6,0.53,2026-08-18,11:04:00,N20,nominal,2.0NRT,305.16,15.18,D,VIIRS
49.88526,37.86481,340.94,0.6,0.53,2026-08-18,11:04:00,N20,nominal,2.0NRT,304.19,8.65,D,VIIRS
49.89642,37.88919,332.2,0.6,0.53,2026-08-18,11:04:00,N20,low,2.0NRT,302.82,7.04,D,VIIRS
49.89598,37.88073,339.8,0.6,0.53,2026-08-18,11:04:00,N20,nominal,2.0NRT,303.97,8.11,D,VIIRS
49.88829,37.55462,334.62,0.58,0.52,2026-08-18,11:04:00,N20,nominal,2.0NRT,303.75,5.62,D,VIIRS
49.90763,37.82035,337.23,0.6,0.53,2026-08-18,11:04:00,N20,nominal,2.0NRT,304.24,7.45,D,VIIRS
49.92148,37.98928,345.49,0.61,0.53,2026-08-18,11:04:00,N20,nominal,2.0NRT,304.79,9.93,D,VIIRS
49.91299,37.82827,342.48,0.6,0.53,2026-08-18,11:04:00,N20,nominal,2.0NRT,304.99,50.34,D,VIIRS
49.89275,37.88239,337.31,0.6,0.53,2026-08-18,11:04:00,N20,nominal,2.0NRT,302.71,10.16,D,VIIRS
49.89767,37.88193,342.92,0.6,0.53,2026-08-18,11:04:00,N20,nominal,2.0NRT,302.13,10.16,D,VIIRS
49.89156,37.55523,333.72,0.58,0.52,2026-08-18,11:04:00,N20,nominal,2.0NRT,303.01,4.25,D,VIIRS
49.91768,37.99109,333.16,0.61,0.53,2026-08-18,11:04:00,N20,low,2.0NRT,303.52,5.78,D,VIIRS
49.90961,37.82151,342.52,0.6,0.53,2026-08-18,11:04:00,N20,nominal,2.0NRT,305.07,19.58,D,VIIRS
49.92263,37.99059,342.49,0.61,0.53,2026-08-18,11:04:00,N20,nominal,2.0NRT,304.82,5.78,D,VIIRS
49.91452,37.821,334.04,0.6,0.53,2026-08-18,11:04:00,N20,low,2.0NRT,306.21,19.58,D,VIIRS
49.95379,37.81666,334.03,0.6,0.53,2026-08-18,11:04:00,N20,nominal,2.0NRT,300.9,3.19,D,VIIRS
49.95493,37.64732,354.01,0.59,0.53,2026-08-18,11:04:00,N20,nominal,2.0NRT,307.65,18.63,D,VIIRS
49.99026,37.57588,341.59,0.59,0.52,2026-08-18,11:04:00,N20,nominal,2.0NRT,303.18,5.38,D,VIIRS
49.99306,37.57565,341.78,0.59,0.53,2026-08-18,11:04:00,N20,nominal,2.0NRT,304.32,8.14,D,VIIRS
49.72833,33.256100000000004,341.93,0.57,0.43,2026-08-18,11:04:00,N20,nominal,2.0NRT,308.22,15.56,D,VIIRS
49.7323,33.25526,334.05,0.57,0.43,2026-08-18,11:04:00,N20,nominal,2.0NRT,301.38,15.56,D,VIIRS
49.98554,36.57295,332.34,0.53,0.5,2026-08-18,11:04:00,N20,nominal,2.0NRT,300.6,4.53,D,VIIRS
50.04483,37.09739,331.74,0.56,0.51,2026-08-18,11:04:00,N20,nominal,2.0NRT,300.21,4.82,D,VIIRS
50.07857,37.4406,333.55,0.58,0.52,2026-08-18,11:04:00,N20,nominal,2.0NRT,300.11,4.39,D,VIIRS
50.11458,37.65274,351.8,0.59,0.53,2026-08-18,11:04:00,N20,nominal,2.0NRT,306.14,27.72,D,VIIRS
50.10366,37.45447,331.3,0.58,0.52,2026-08-18,11:04:00,N20,nominal,2.0NRT,300.27,3.6,D,VIIRS
50.1122,37.65221,352.11,0.59,0.53,2026-08-18,11:04:00,N20,nominal,2.0NRT,306.43,14.94,D,VIIRS
50.11708,37.65165,331.49,0.59,0.53,2026-08-18,11:04:00,N20,nominal,2.0NRT,299.94,14.94,D,VIIRS
50.13088,37.35074,342.61,0.57,0.52,2026-08-18,11:04:00,N20,nominal,2.0NRT,301.16,11.63,D,VIIRS
50.17009,36.86065,339.02,0.55,0.51,2026-08-18,11:04:00,N20,nominal,2.0NRT,301.49,6.66,D,VIIRS
50.16711,36.86822,333.33,0.55,0.51,2026-08-18,11:04:00,N20,nominal,2.0NRT,304.13,6.13,D,VIIRS
50.16669,36.86058,341.2,0.55,0.51,2026-08-18,11:04:00,N20,nominal,2.0NRT,304.04,6.13,D,VIIRS
50.23399,37.58804,340.41,0.59,0.53,2026-08-18,11:04:00,N20,nominal,2.0NRT,301.09,7.4,D,VIIRS
50.246,37.53563,339.42,0.59,0.53,2026-08-18,11:04:00,N20,nominal,2.0NRT,299.94,9.73,D,VIIRS
50.21125,36.8937,331.88,0.55,0.51,2026-08-18,11:04:00,N20,nominal,2.0NRT,298.9,5.46,D,VIIRS
50.2108,36.8858,338.64,0.55,0.51,2026-08-18,11:04:00,N20,nominal,2.0NRT,300.48,5.46,D,VIIRS
50.2526,37.56895,331.16,0.59,0.53,2026-08-18,11:04:00,N20,nominal,2.0NRT,300.91,3.25,D,VIIRS
50.25746,37.56823,335.17,0.59,0.53,2026-08-18,11:04:00,N20,nominal,2.0NRT,299.74,3.25,D,VIIRS
50.23204,37.00828,330.63,0.55,0.51,2026-08-18,11:04:00,N20,low,2.0NRT,300.81,7.4,D,VIIRS
50.23437,36.88271,335.12,0.55,0.51,2026-08-18,11:04:00,N20,nominal,2.0NRT,299.32,2.41,D,VIIRS
50.23391,36.87483,335.6,0.55,0.51,2026-08-18,11:04:00,N20,nominal,2.0NRT,299.46,4.83,D,VIIRS
50.30506,37.45315,367,0.58,0.52,2026-08-18,11:04:00,N20,high,2.0NRT,305.11,13.03,D,VIIRS
50.30597,37.46971,350.24,0.58,0.52,2026-08-18,11:04:00,N20,nominal,2.0NRT,300.75,9.84,D,VIIRS
50.30552,37.46152,352.37,0.58,0.52,2026-08-18,11:04:00,N20,nominal,2.0NRT,304.91,13.03,D,VIIRS
50.31082,37.46925,331.31,0.58,0.52,2026-08-18,11:04:00,N20,low,2.0NRT,301.96,9.84,D,VIIRS
50.31037,37.46109,331.06,0.58,0.52,2026-08-18,11:04:00,N20,nominal,2.0NRT,298.68,13.03,D,VIIRS
50.31612,37.47697,339.85,0.58,0.52,2026-08-18,11:04:00,N20,nominal,2.0NRT,301.62,16.58,D,VIIRS
50.31522,37.46062,338.99,0.58,0.52,2026-08-18,11:04:00,N20,nominal,2.0NRT,300.93,6.71,D,VIIRS
50.23458,36.13638,335.43,0.51,0.49,2026-08-18,11:04:00,N20,nominal,2.0NRT,302.55,3.77,D,VIIRS
50.32098,37.47654,346.05,0.58,0.52,2026-08-18,11:04:00,N20,nominal,2.0NRT,302.11,16.58,D,VIIRS
50.32052,37.46832,355.72,0.58,0.52,2026-08-18,11:04:00,N20,nominal,2.0NRT,303.48,16.58,D,VIIRS
50.32006,37.46009,332.47,0.58,0.52,2026-08-18,11:04:00,N20,nominal,2.0NRT,299.54,6.71,D,VIIRS
50.29874,37.45491,330.68,0.58,0.52,2026-08-18,11:04:00,N20,nominal,2.0NRT,301.85,5.09,D,VIIRS
50.304,37.46278,345.07,0.58,0.52,2026-08-18,11:04:00,N20,nominal,2.0NRT,305.63,13.31,D,VIIRS
50.30359,37.45442,336.65,0.58,0.52,2026-08-18,11:04:00,N20,nominal,2.0NRT,303.42,7.74,D,VIIRS
50.30317,37.44607,334.79,0.58,0.52,2026-08-18,11:04:00,N20,nominal,2.0NRT,302.25,7.74,D,VIIRS
50.30926,37.4705,341.73,0.58,0.52,2026-08-18,11:04:00,N20,nominal,2.0NRT,302.29,13.31,D,VIIRS
50.30885,37.46233,352.41,0.58,0.52,2026-08-18,11:04:00,N20,nominal,2.0NRT,299.66,13.31,D,VIIRS
50.30843,37.45395,352.34,0.58,0.52,2026-08-18,11:04:00,N20,nominal,2.0NRT,300.47,7.74,D,VIIRS
50.23496,36.1363,336.63,0.51,0.49,2026-08-18,11:04:00,N20,nominal,2.0NRT,302.41,5.54,D,VIIRS
50.3137,37.46189,340.12,0.58,0.52,2026-08-18,11:04:00,N20,nominal,2.0NRT,300.74,14.7,D,VIIRS
50.31937,37.47778,334.82,0.58,0.52,2026-08-18,11:04:00,N20,nominal,2.0NRT,300.62,8.56,D,VIIRS
50.31855,37.46133,340.56,0.58,0.52,2026-08-18,11:04:00,N20,nominal,2.0NRT,302.28,14.7,D,VIIRS
50.32422,37.47721,345.14,0.58,0.52,2026-08-18,11:04:00,N20,nominal,2.0NRT,299.03,14.59,D,VIIRS
50.32381,37.46903,353.59,0.58,0.52,2026-08-18,11:04:00,N20,nominal,2.0NRT,302.37,15.62,D,VIIRS
50.32339,37.46083,334.48,0.58,0.52,2026-08-18,11:04:00,N20,nominal,2.0NRT,299.27,15.62,D,VIIRS
50.30439,37.00829,333.35,0.56,0.51,2026-08-18,11:04:00,N20,nominal,2.0NRT,302.19,3.68,D,VIIRS
50.26402,36.23402,344.63,0.51,0.5,2026-08-18,11:04:00,N20,nominal,2.0NRT,300.2,5.93,D,VIIRS
50.31778,37.07812,340.95,0.56,0.51,2026-08-18,11:04:00,N20,nominal,2.0NRT,300.74,10.23,D,VIIRS
50.35245,37.4571,332.65,0.58,0.52,2026-08-18,11:04:00,N20,nominal,2.0NRT,299.61,8.32,D,VIIRS
50.35687,37.44831,337.47,0.58,0.52,2026-08-18,11:04:00,N20,nominal,2.0NRT,303.13,7.27,D,VIIRS
50.35644,37.4401,341.22,0.58,0.52,2026-08-18,11:04:00,N20,nominal,2.0NRT,301.45,7.27,D,VIIRS
50.36216,37.45621,340.35,0.58,0.52,2026-08-18,11:04:00,N20,nominal,2.0NRT,298.99,9.1,D,VIIRS
50.36172,37.44786,355.55,0.58,0.52,2026-08-18,11:04:00,N20,nominal,2.0NRT,305.54,20.43,D,VIIRS
50.36129,37.43959,340.49,0.58,0.52,2026-08-18,11:04:00,N20,nominal,2.0NRT,300.66,20.43,D,VIIRS
50.29005,36.13508,338.3,0.51,0.49,2026-08-18,11:04:00,N20,nominal,2.0NRT,299.91,3.56,D,VIIRS
50.37785,35.92543,335.33,0.5,0.49,2026-08-18,11:04:00,N20,nominal,2.0NRT,295.18,3.55,D,VIIRS
50.121339999999996,31.6742,342.31,0.5,0.41,2026-08-18,11:04:00,N20,nominal,2.0NRT,288.47,12.44,D,VIIRS
50.4542,35.47967,333.63,0.48,0.48,2026-08-18,11:04:00,N20,nominal,2.0NRT,299.26,3.25,D,VIIRS
50.29367,31.7823,333.05,0.51,0.41,2026-08-18,11:04:00,N20,nominal,2.0NRT,292.98,5.19,D,VIIRS
50.29337,31.78239,334.49,0.51,0.41,2026-08-18,11:04:00,N20,nominal,2.0NRT,292.83,4.33,D,VIIRS
50.61522,35.25092,336.32,0.47,0.48,2026-08-18,11:04:00,N20,nominal,2.0NRT,288.05,3.73,D,VIIRS
50.67139,35.41933,335.1,0.48,0.48,2026-08-18,11:04:00,N20,nominal,2.0NRT,293.39,4.89,D,VIIRS
50.83229,34.47073,340.8,0.44,0.46,2026-08-18,11:04:00,N20,nominal,2.0NRT,302.66,4.3,D,VIIRS
50.8318,34.46448,337.58,0.44,0.46,2026-08-18,11:04:00,N20,nominal,2.0NRT,302.53,6.62,D,VIIRS
50.83654,34.46998,341.18,0.44,0.46,2026-08-18,11:04:00,N20,nominal,2.0NRT,302.7,4.3,D,VIIRS
50.69333,30.82364,339.18,0.48,0.4,2026-08-18,11:04:00,N20,nominal,2.0NRT,295.66,5.94,D,VIIRS
50.76008,30.7912,333.53,0.48,0.4,2026-08-18,11:04:00,N20,nominal,2.0NRT,286.47,3.85,D,VIIRS
51.73303,31.47298,335.14,0.52,0.41,2026-08-18,11:06:00,N20,nominal,2.0NRT,290.71,6.18,D,VIIRS
51.6996,34.00558,346.17,0.43,0.46,2026-08-18,11:06:00,N20,nominal,2.0NRT,296.79,5.34,D,VIIRS
51.70008,34.0119,339.92,0.43,0.46,2026-08-18,11:06:00,N20,nominal,2.0NRT,295.38,5.34,D,VIIRS
51.6954,34.0064,340.52,0.43,0.46,2026-08-18,11:06:00,N20,nominal,2.0NRT,299.4,5.34,D,VIIRS
51.39558,31.63445,326.93,0.52,0.41,2026-08-18,11:06:00,N20,nominal,2.0NRT,296.95,1.72,D,VIIRS
47.61325,38.34461,295.48,0.45,0.39,2026-08-18,23:18:00,N20,nominal,2.0NRT,284.22,0.47,N,VIIRS
46.58595,34.99525,297.73,0.39,0.44,2026-08-18,23:18:00,N20,nominal,2.0NRT,284.86,0.25,N,VIIRS
46.76356,33.44453,302.25,0.46,0.47,2026-08-18,23:18:00,N20,nominal,2.0NRT,286.26,0.76,N,VIIRS
46.75228,33.78949,298.51,0.44,0.46,2026-08-18,23:18:00,N20,nominal,2.0NRT,286.61,0.99,N,VIIRS
46.75095,33.79064,304.94,0.44,0.46,2026-08-18,23:18:00,N20,nominal,2.0NRT,286.97,1.1,N,VIIRS
46.76831,34.44164,299.21,0.41,0.45,2026-08-18,23:18:00,N20,nominal,2.0NRT,286.35,0.85,N,VIIRS
46.76375,34.53923,301.58,0.41,0.45,2026-08-18,23:18:00,N20,nominal,2.0NRT,286.22,0.47,N,VIIRS
46.76785,34.54003,298.53,0.41,0.45,2026-08-18,23:18:00,N20,nominal,2.0NRT,286.33,0.47,N,VIIRS
46.83869,34.27822,300.16,0.42,0.45,2026-08-18,23:18:00,N20,nominal,2.0NRT,286.12,0.85,N,VIIRS
46.75471,35.67545,312.34,0.55,0.42,2026-08-18,23:18:00,N20,nominal,2.0NRT,288.23,1.4,N,VIIRS
46.92372,33.92801,319.06,0.43,0.46,2026-08-18,23:18:00,N20,nominal,2.0NRT,285.08,2.73,N,VIIRS
46.9242,33.92226,303.85,0.44,0.46,2026-08-18,23:18:00,N20,nominal,2.0NRT,284.7,1.14,N,VIIRS
46.92565,33.905,301.07,0.44,0.46,2026-08-18,23:18:00,N20,nominal,2.0NRT,285.04,1.09,N,VIIRS
46.92941,33.91153,309.14,0.44,0.46,2026-08-18,23:18:00,N20,nominal,2.0NRT,285.26,1.09,N,VIIRS
46.75164,36.22457,298.52,0.52,0.42,2026-08-18,23:18:00,N20,nominal,2.0NRT,288.26,0.76,N,VIIRS
46.97087,33.97303,302.23,0.43,0.46,2026-08-18,23:18:00,N20,nominal,2.0NRT,284.5,0.68,N,VIIRS
47.15947,33.43488,307.38,0.46,0.47,2026-08-18,23:18:00,N20,nominal,2.0NRT,281.49,1.13,N,VIIRS
47.07882,34.64681,300.89,0.41,0.45,2026-08-18,23:18:00,N20,nominal,2.0NRT,285.72,0.95,N,VIIRS
47.13557,33.99655,317.34,0.43,0.46,2026-08-18,23:18:00,N20,nominal,2.0NRT,286.85,2.56,N,VIIRS
47.13509,34.00227,330.24,0.43,0.46,2026-08-18,23:18:00,N20,nominal,2.0NRT,288.37,3.52,N,VIIRS
46.95842,35.97942,306.36,0.53,0.42,2026-08-18,23:18:00,N20,nominal,2.0NRT,288.48,1.06,N,VIIRS
46.97987,35.9624,331.18,0.54,0.42,2026-08-18,23:18:00,N20,nominal,2.0NRT,288.23,10.55,N,VIIRS
46.97702,35.96185,323.86,0.54,0.42,2026-08-18,23:18:00,N20,nominal,2.0NRT,287.39,5.23,N,VIIRS
46.98088,35.96267,329.71,0.54,0.42,2026-08-18,23:18:00,N20,nominal,2.0NRT,287.22,5.23,N,VIIRS
47.06323,35.22446,301.86,0.38,0.43,2026-08-18,23:18:00,N20,nominal,2.0NRT,286.42,0.42,N,VIIRS
47.16068,34.25667,330.82,0.42,0.45,2026-08-18,23:18:00,N20,nominal,2.0NRT,286.84,3.1,N,VIIRS
47.1789,34.19138,301.3,0.43,0.46,2026-08-18,23:18:00,N20,nominal,2.0NRT,286.13,1.08,N,VIIRS
47.17985,34.18008,298.21,0.43,0.46,2026-08-18,23:18:00,N20,nominal,2.0NRT,286,0.8,N,VIIRS
47.18032,34.17441,299.87,0.43,0.46,2026-08-18,23:18:00,N20,nominal,2.0NRT,285.72,0.87,N,VIIRS
47.18357,34.18651,302.33,0.43,0.46,2026-08-18,23:18:00,N20,nominal,2.0NRT,286.74,0.8,N,VIIRS
47.18405,34.18085,299.03,0.43,0.46,2026-08-18,23:18:00,N20,nominal,2.0NRT,286.59,0.8,N,VIIRS
47.18491,34.2212,302.15,0.42,0.46,2026-08-18,23:18:00,N20,nominal,2.0NRT,286.43,0.73,N,VIIRS
47.18539,34.21556,298.16,0.43,0.46,2026-08-18,23:18:00,N20,nominal,2.0NRT,286.11,0.73,N,VIIRS
47.18777,34.18729,316.17,0.43,0.46,2026-08-18,23:18:00,N20,nominal,2.0NRT,286.89,1.34,N,VIIRS
47.18824,34.18163,302.32,0.43,0.46,2026-08-18,23:18:00,N20,nominal,2.0NRT,286.39,1.34,N,VIIRS
46.98817,36.46433,338.6,0.51,0.41,2026-08-18,23:18:00,N20,nominal,2.0NRT,288,5.07,N,VIIRS
46.99194,36.46521,302.06,0.51,0.41,2026-08-18,23:18:00,N20,nominal,2.0NRT,286.78,5.07,N,VIIRS
47.18806,34.43152,299.02,0.42,0.45,2026-08-18,23:18:00,N20,nominal,2.0NRT,286.12,0.51,N,VIIRS
47.19576,34.34288,309.67,0.42,0.45,2026-08-18,23:18:00,N20,nominal,2.0NRT,285.52,3.32,N,VIIRS
47.19527,34.34845,337.18,0.42,0.45,2026-08-18,23:18:00,N20,nominal,2.0NRT,287.97,3.32,N,VIIRS
47.17727,34.60186,298.57,0.41,0.45,2026-08-18,23:18:00,N20,nominal,2.0NRT,285.99,0.46,N,VIIRS
47.19221,34.43232,301.16,0.42,0.45,2026-08-18,23:18:00,N20,nominal,2.0NRT,286.19,0.88,N,VIIRS
47.00019,36.46027,314.91,0.51,0.41,2026-08-18,23:18:00,N20,nominal,2.0NRT,287.47,2.07,N,VIIRS
47.12406,35.26925,296.28,0.57,0.43,2026-08-18,23:18:00,N20,nominal,2.0NRT,286.07,0.6,N,VIIRS
47.2189,34.22186,302.86,0.43,0.46,2026-08-18,23:18:00,N20,nominal,2.0NRT,285.22,3.45,N,VIIRS
47.21841,34.22752,339.82,0.42,0.46,2026-08-18,23:18:00,N20,nominal,2.0NRT,287.96,3.45,N,VIIRS
47.19204,34.57708,300.71,0.41,0.45,2026-08-18,23:18:00,N20,nominal,2.0NRT,286.18,0.7,N,VIIRS
47.19616,34.57787,321.3,0.41,0.45,2026-08-18,23:18:00,N20,nominal,2.0NRT,287.38,1.09,N,VIIRS
47.19979,34.5841,296.88,0.41,0.45,2026-08-18,23:18:00,N20,nominal,2.0NRT,286.79,1.09,N,VIIRS
47.20028,34.57866,301.46,0.41,0.45,2026-08-18,23:18:00,N20,nominal,2.0NRT,285.74,1.09,N,VIIRS
47.20391,34.58488,309.86,0.41,0.45,2026-08-18,23:18:00,N20,nominal,2.0NRT,286.2,1.16,N,VIIRS
47.15432,35.16534,299.45,0.39,0.44,2026-08-18,23:18:00,N20,nominal,2.0NRT,286.83,0.55,N,VIIRS
47.20753,34.5911,310.24,0.41,0.45,2026-08-18,23:18:00,N20,nominal,2.0NRT,287.21,1.42,N,VIIRS
47.29752,33.64474,328.49,0.45,0.47,2026-08-18,23:18:00,N20,nominal,2.0NRT,285.79,3.61,N,VIIRS
47.29896,33.64521,326.82,0.45,0.47,2026-08-18,23:18:00,N20,nominal,2.0NRT,285.45,3.27,N,VIIRS
47.00992,37.0479,298.66,0.49,0.4,2026-08-18,23:18:00,N20,nominal,2.0NRT,287.67,0.95,N,VIIRS
47.2627,34.5584,321.75,0.41,0.45,2026-08-18,23:18:00,N20,nominal,2.0NRT,286.55,1.83,N,VIIRS
47.26683,34.5592,321.51,0.41,0.45,2026-08-18,23:18:00,N20,nominal,2.0NRT,286.85,1.83,N,VIIRS
47.27143,34.55454,319.11,0.41,0.45,2026-08-18,23:18:00,N20,nominal,2.0NRT,286.93,1.54,N,VIIRS
47.27191,34.54906,309.26,0.41,0.45,2026-08-18,23:18:00,N20,nominal,2.0NRT,286.33,1.33,N,VIIRS
47.28863,34.35549,312.09,0.42,0.45,2026-08-18,23:18:00,N20,nominal,2.0NRT,286.11,1.73,N,VIIRS
47.27095,34.56001,321.4,0.41,0.45,2026-08-18,23:18:00,N20,nominal,2.0NRT,287.02,1.54,N,VIIRS
47.15559,35.8397,297.88,0.54,0.42,2026-08-18,23:18:00,N20,nominal,2.0NRT,285.45,0.66,N,VIIRS
47.2746,34.56622,302.88,0.41,0.45,2026-08-18,23:18:00,N20,nominal,2.0NRT,287.54,1.22,N,VIIRS
47.27508,34.56079,312.92,0.41,0.45,2026-08-18,23:18:00,N20,nominal,2.0NRT,287.44,1.54,N,VIIRS
47.27556,34.55532,302.51,0.41,0.45,2026-08-18,23:18:00,N20,nominal,2.0NRT,286.64,1.54,N,VIIRS
47.01728,37.2192,305.46,0.48,0.4,2026-08-18,23:18:00,N20,nominal,2.0NRT,287.4,1.18,N,VIIRS
47.29584,34.41914,295.76,0.42,0.45,2026-08-18,23:18:00,N20,nominal,2.0NRT,285.11,0.3,N,VIIRS
47.39598,33.47085,301.41,0.46,0.47,2026-08-18,23:18:00,N20,nominal,2.0NRT,284.92,1.28,N,VIIRS
47.05137,37.11694,303.91,0.49,0.4,2026-08-18,23:18:00,N20,nominal,2.0NRT,288.35,0.73,N,VIIRS
47.05209,37.11058,308.57,0.49,0.4,2026-08-18,23:18:00,N20,nominal,2.0NRT,288.05,1.39,N,VIIRS
47.05576,37.11149,298.98,0.49,0.4,2026-08-18,23:18:00,N20,nominal,2.0NRT,287.48,0.52,N,VIIRS
47.32319,34.49186,299.22,0.41,0.45,2026-08-18,23:18:00,N20,nominal,2.0NRT,285.32,0.59,N,VIIRS
47.22386,35.59379,296.13,0.56,0.43,2026-08-18,23:18:00,N20,nominal,2.0NRT,285.28,0.65,N,VIIRS
47.32685,34.49803,296.22,0.41,0.45,2026-08-18,23:18:00,N20,nominal,2.0NRT,286.14,0.56,N,VIIRS
47.32164,34.60316,302.54,0.41,0.45,2026-08-18,23:18:00,N20,nominal,2.0NRT,285.14,0.71,N,VIIRS
47.32362,34.60526,297.5,0.41,0.45,2026-08-18,23:18:00,N20,nominal,2.0NRT,285.85,0.48,N,VIIRS
47.32409,34.5998,296.58,0.41,0.45,2026-08-18,23:18:00,N20,nominal,2.0NRT,285.56,0.47,N,VIIRS
47.2761,35.66507,298.19,0.55,0.43,2026-08-18,23:18:00,N20,nominal,2.0NRT,286.46,0.93,N,VIIRS
47.37842,34.83571,336.86,0.4,0.44,2026-08-18,23:18:00,N20,nominal,2.0NRT,286.89,4.23,N,VIIRS
47.46547,33.92966,300.92,0.44,0.46,2026-08-18,23:18:00,N20,nominal,2.0NRT,285.09,0.84,N,VIIRS
47.38772,34.87023,315.77,0.4,0.44,2026-08-18,23:18:00,N20,nominal,2.0NRT,287.52,1.58,N,VIIRS
47.46973,33.93045,308.67,0.44,0.46,2026-08-18,23:18:00,N20,nominal,2.0NRT,285.62,0.84,N,VIIRS
47.36995,35.15001,299.21,0.39,0.44,2026-08-18,23:18:00,N20,nominal,2.0NRT,286.13,0.45,N,VIIRS
47.19225,37.09262,296.04,0.49,0.4,2026-08-18,23:18:00,N20,nominal,2.0NRT,285.93,0.62,N,VIIRS
47.29421,36.36054,309.3,0.52,0.42,2026-08-18,23:18:00,N20,nominal,2.0NRT,288.13,1.26,N,VIIRS
47.47855,34.72441,315.6,0.41,0.45,2026-08-18,23:18:00,N20,nominal,2.0NRT,288.32,3.05,N,VIIRS
47.47903,34.71899,336.58,0.41,0.45,2026-08-18,23:18:00,N20,nominal,2.0NRT,289.23,3.05,N,VIIRS
47.47951,34.71357,320.32,0.41,0.45,2026-08-18,23:18:00,N20,nominal,2.0NRT,286.53,2.43,N,VIIRS
47.48627,34.73146,299.78,0.41,0.45,2026-08-18,23:18:00,N20,nominal,2.0NRT,287.15,0.7,N,VIIRS
47.37281,36.12795,311.15,0.53,0.42,2026-08-18,23:18:00,N20,nominal,2.0NRT,288.39,1.69,N,VIIRS
47.55373,34.39636,308,0.42,0.45,2026-08-18,23:18:00,N20,nominal,2.0NRT,287.47,1.41,N,VIIRS
50.16273,37.55028,301.69,0.51,0.41,2026-08-18,23:18:00,N20,nominal,2.0NRT,285.43,0.77,N,VIIRS
47.55456,34.39666,307.42,0.42,0.45,2026-08-18,23:18:00,N20,nominal,2.0NRT,287.72,0.94,N,VIIRS
47.34523,37.2807,306.13,0.48,0.4,2026-08-18,23:18:00,N20,nominal,2.0NRT,288.03,1.65,N,VIIRS
47.60839,35.06643,302.06,0.39,0.44,2026-08-18,23:18:00,N20,nominal,2.0NRT,288.26,0.56,N,VIIRS
47.60888,35.06117,318.7,0.39,0.44,2026-08-18,23:18:00,N20,nominal,2.0NRT,289.92,2.31,N,VIIRS
47.4883,36.35334,310.8,0.52,0.42,2026-08-18,23:18:00,N20,nominal,2.0NRT,287.91,2.05,N,VIIRS
47.60851,35.06217,324.18,0.4,0.44,2026-08-18,23:18:00,N20,nominal,2.0NRT,292.35,2.31,N,VIIRS
47.4903,36.35328,313.43,0.52,0.42,2026-08-18,23:18:00,N20,nominal,2.0NRT,288.41,1.48,N,VIIRS
47.62488,35.01713,307.03,0.4,0.44,2026-08-18,23:18:00,N20,nominal,2.0NRT,286.45,0.95,N,VIIRS
47.66843,35.1281,307.56,0.39,0.44,2026-08-18,23:18:00,N20,nominal,2.0NRT,286.63,0.97,N,VIIRS
47.7048,34.86504,311.65,0.4,0.44,2026-08-18,23:18:00,N20,nominal,2.0NRT,285.67,1.31,N,VIIRS
47.67696,35.30015,300.58,0.39,0.44,2026-08-18,23:18:00,N20,nominal,2.0NRT,287.39,1.03,N,VIIRS
47.7197,34.88438,301.83,0.4,0.44,2026-08-18,23:18:00,N20,nominal,2.0NRT,284.06,0.97,N,VIIRS
47.69586,35.23011,301.66,0.39,0.44,2026-08-18,23:18:00,N20,nominal,2.0NRT,287.02,0.65,N,VIIRS
47.70633,35.16257,297.56,0.39,0.44,2026-08-18,23:18:00,N20,nominal,2.0NRT,285.56,0.76,N,VIIRS
48.60048,37.16811,307.57,0.5,0.41,2026-08-18,23:18:00,N20,nominal,2.0NRT,288.41,1.09,N,VIIRS
48.45676,38.52581,300.49,0.45,0.39,2026-08-18,23:18:00,N20,nominal,2.0NRT,288.29,0.46,N,VIIRS
48.47167,38.52343,300.46,0.45,0.39,2026-08-18,23:18:00,N20,nominal,2.0NRT,289.13,0.58,N,VIIRS
48.4738,38.5364,302.64,0.45,0.39,2026-08-18,23:18:00,N20,nominal,2.0NRT,288.92,0.75,N,VIIRS
48.4626,38.75157,304.91,0.44,0.39,2026-08-18,23:18:00,N20,nominal,2.0NRT,290.67,1.19,N,VIIRS
48.4654,38.75848,306.45,0.44,0.39,2026-08-18,23:18:00,N20,nominal,2.0NRT,291.25,1.19,N,VIIRS
48.46892,38.75944,302.33,0.44,0.39,2026-08-18,23:18:00,N20,nominal,2.0NRT,291.7,0.76,N,VIIRS
48.83186,35.36674,314.87,0.4,0.44,2026-08-18,23:18:00,N20,nominal,2.0NRT,286.17,1.52,N,VIIRS
48.83235,35.36134,308.47,0.4,0.44,2026-08-18,23:18:00,N20,nominal,2.0NRT,285.85,1.47,N,VIIRS
47.70683,35.15733,308.03,0.39,0.44,2026-08-18,23:18:00,N20,nominal,2.0NRT,286.79,0.76,N,VIIRS
48.83541,35.37307,303.34,0.4,0.44,2026-08-18,23:18:00,N20,nominal,2.0NRT,285.22,0.76,N,VIIRS
48.8359,35.36769,296.81,0.4,0.44,2026-08-18,23:18:00,N20,nominal,2.0NRT,284.87,0.76,N,VIIRS
48.83639,35.36231,305.29,0.4,0.44,2026-08-18,23:18:00,N20,nominal,2.0NRT,284.92,0.83,N,VIIRS
48.63196,37.54698,328.2,0.49,0.4,2026-08-18,23:18:00,N20,nominal,2.0NRT,288.95,3.42,N,VIIRS
48.6165,37.91151,302.82,0.47,0.4,2026-08-18,23:18:00,N20,nominal,2.0NRT,288.86,0.5,N,VIIRS
48.70248,37.22052,309,0.5,0.41,2026-08-18,23:18:00,N20,nominal,2.0NRT,287.72,1.74,N,VIIRS
48.62035,38.0765,324.55,0.47,0.4,2026-08-18,23:18:00,N20,nominal,2.0NRT,288.49,1.65,N,VIIRS
48.62396,38.07741,298.61,0.47,0.4,2026-08-18,23:18:00,N20,nominal,2.0NRT,288.12,1.65,N,VIIRS
47.99178,34.5255,296.04,0.42,0.45,2026-08-18,23:18:00,N20,nominal,2.0NRT,282.59,0.39,N,VIIRS
47.61448,38.08518,306.64,0.46,0.39,2026-08-18,23:18:00,N20,nominal,2.0NRT,287.14,1.11,N,VIIRS
47.81915,35.9209,302,0.55,0.43,2026-08-18,23:18:00,N20,nominal,2.0NRT,285.45,0.54,N,VIIRS
47.81525,35.92003,324.43,0.55,0.43,2026-08-18,23:18:00,N20,nominal,2.0NRT,285.76,3.1,N,VIIRS
47.59437,37.7388,306.13,0.47,0.4,2026-08-18,23:18:00,N20,nominal,2.0NRT,288.98,1.01,N,VIIRS
51.39953,30.24807,300.16,0.35,0.57,2026-08-18,23:18:00,N20,nominal,2.0NRT,283.6,0.82,N,VIIRS
51.39989,30.25109,298.65,0.35,0.57,2026-08-18,23:18:00,N20,nominal,2.0NRT,284.04,0.8,N,VIIRS
51.3571,30.26732,295.59,0.35,0.57,2026-08-18,23:18:00,N20,nominal,2.0NRT,282.61,0.61,N,VIIRS
51.35691,30.27239,297.81,0.35,0.57,2026-08-18,23:18:00,N20,nominal,2.0NRT,285.3,0.75,N,VIIRS
51.3511,30.28716,305.38,0.35,0.57,2026-08-18,23:18:00,N20,nominal,2.0NRT,285.8,1.63,N,VIIRS
47.58379,37.56907,299.78,0.47,0.4,2026-08-18,23:18:00,N20,nominal,2.0NRT,288.61,0.44,N,VIIRS
47.77662,35.56873,305.64,0.57,0.43,2026-08-18,23:18:00,N20,nominal,2.0NRT,286.68,1.51,N,VIIRS
47.64314,36.91823,306.75,0.5,0.41,2026-08-18,23:18:00,N20,nominal,2.0NRT,287.06,0.97,N,VIIRS
47.64273,36.91841,306.92,0.5,0.41,2026-08-18,23:18:00,N20,nominal,2.0NRT,287.02,1.08,N,VIIRS
47.77855,35.57044,301.15,0.57,0.43,2026-08-18,23:18:00,N20,nominal,2.0NRT,286.71,1.26,N,VIIRS
47.80666,35.14756,301.52,0.39,0.44,2026-08-18,23:18:00,N20,nominal,2.0NRT,287.03,0.6,N,VIIRS
47.52262,37.5534,305.31,0.47,0.4,2026-08-18,23:18:00,N20,nominal,2.0NRT,287.08,1.09,N,VIIRS
47.8284,34.4346,339.86,0.42,0.45,2026-08-18,23:18:00,N20,nominal,2.0NRT,287.07,1.91,N,VIIRS
47.82792,34.44029,303.86,0.42,0.45,2026-08-18,23:18:00,N20,nominal,2.0NRT,285.05,1.91,N,VIIRS
47.82423,34.4338,295.89,0.42,0.45,2026-08-18,23:18:00,N20,nominal,2.0NRT,284.98,1.91,N,VIIRS
47.80978,34.60264,302.11,0.42,0.45,2026-08-18,23:18:00,N20,nominal,2.0NRT,286.15,0.79,N,VIIRS
47.80516,34.60735,314.71,0.42,0.45,2026-08-18,23:18:00,N20,nominal,2.0NRT,286.47,2.45,N,VIIRS
47.80468,34.61288,314.96,0.42,0.45,2026-08-18,23:18:00,N20,nominal,2.0NRT,285.81,1.62,N,VIIRS
47.75721,35.14824,316.51,0.39,0.44,2026-08-18,23:18:00,N20,nominal,2.0NRT,290.58,1.57,N,VIIRS
47.73179,35.20197,297.89,0.39,0.44,2026-08-18,23:18:00,N20,nominal,2.0NRT,287.35,0.39,N,VIIRS
47.72255,35.16788,312.45,0.39,0.44,2026-08-18,23:18:00,N20,nominal,2.0NRT,289.01,1.01,N,VIIRS
47.72208,35.17314,303.97,0.39,0.44,2026-08-18,23:18:00,N20,nominal,2.0NRT,287.77,1.01,N,VIIRS
47.72161,35.17839,300.21,0.39,0.44,2026-08-18,23:18:00,N20,nominal,2.0NRT,285.54,0.53,N,VIIRS
47.66201,35.8196,299.9,0.55,0.43,2026-08-18,23:18:00,N20,nominal,2.0NRT,286.91,0.94,N,VIIRS
47.71899,35.16182,312.65,0.39,0.44,2026-08-18,23:18:00,N20,nominal,2.0NRT,288.22,2.5,N,VIIRS
47.71852,35.16706,303.44,0.39,0.44,2026-08-18,23:18:00,N20,nominal,2.0NRT,286.87,1.01,N,VIIRS
47.71805,35.17233,302.41,0.39,0.44,2026-08-18,23:18:00,N20,nominal,2.0NRT,286.91,1.01,N,VIIRS
47.71495,35.161,323.43,0.39,0.44,2026-08-18,23:18:00,N20,nominal,2.0NRT,288.87,1.67,N,VIIRS
47.71402,35.17149,299.29,0.39,0.44,2026-08-18,23:18:00,N20,nominal,2.0NRT,285.84,0.78,N,VIIRS
47.71139,35.15488,304.34,0.39,0.44,2026-08-18,23:18:00,N20,nominal,2.0NRT,286.66,1.67,N,VIIRS
47.71092,35.16016,317.66,0.39,0.44,2026-08-18,23:18:00,N20,nominal,2.0NRT,288.16,1.67,N,VIIRS
47.70998,35.17066,296.28,0.39,0.44,2026-08-18,23:18:00,N20,nominal,2.0NRT,284.87,0.78,N,VIIRS
47.70736,35.15408,300.25,0.39,0.44,2026-08-18,23:18:00,N20,nominal,2.0NRT,286.38,0.59,N,VIIRS
47.70689,35.15933,302.15,0.39,0.44,2026-08-18,23:18:00,N20,nominal,2.0NRT,287,0.59,N,VIIRS
47.70642,35.16459,297.66,0.39,0.44,2026-08-18,23:18:00,N20,nominal,2.0NRT,285.4,0.42,N,VIIRS
47.69676,35.22685,307.26,0.39,0.44,2026-08-18,23:18:00,N20,nominal,2.0NRT,287.21,1.07,N,VIIRS
49.43184,38.07767,310.79,0.48,0.4,2026-08-18,23:18:00,N20,nominal,2.0NRT,289.28,1.34,N,VIIRS
49.54368,36.65173,305.23,0.54,0.42,2026-08-18,23:18:00,N20,nominal,2.0NRT,286.64,1.28,N,VIIRS
49.42433,37.41051,299.42,0.5,0.41,2026-08-18,23:18:00,N20,nominal,2.0NRT,287.01,0.3,N,VIIRS
49.27682,38.45518,301.56,0.46,0.39,2026-08-18,23:18:00,N20,nominal,2.0NRT,287.32,0.58,N,VIIRS
49.37437,37.29914,296.18,0.51,0.41,2026-08-18,23:18:00,N20,nominal,2.0NRT,286.12,0.63,N,VIIRS
49.37135,37.29118,299.14,0.51,0.41,2026-08-18,23:18:00,N20,nominal,2.0NRT,286.23,0.87,N,VIIRS
49.36686,37.29726,304.86,0.51,0.41,2026-08-18,23:18:00,N20,nominal,2.0NRT,287.04,1.43,N,VIIRS
49.33114,37.19477,300.94,0.51,0.41,2026-08-18,23:18:00,N20,nominal,2.0NRT,287.56,1.17,N,VIIRS
49.33042,37.20188,317.17,0.51,0.41,2026-08-18,23:18:00,N20,nominal,2.0NRT,288.23,1.65,N,VIIRS
49.33175,37.19562,303.6,0.51,0.41,2026-08-18,23:18:00,N20,nominal,2.0NRT,287.23,1.29,N,VIIRS
49.331,37.20271,315.44,0.51,0.41,2026-08-18,23:18:00,N20,nominal,2.0NRT,288.13,1.29,N,VIIRS
49.32119,37.18587,331.34,0.51,0.41,2026-08-18,23:18:00,N20,nominal,2.0NRT,289.03,2.4,N,VIIRS
47.71817,37.89148,312.45,0.46,0.39,2026-08-18,23:18:00,N20,nominal,2.0NRT,285.06,1.53,N,VIIRS
47.93941,35.8713,303.06,0.55,0.43,2026-08-18,23:18:00,N20,nominal,2.0NRT,285.52,0.43,N,VIIRS
47.72608,37.88718,301.4,0.46,0.39,2026-08-18,23:18:00,N20,nominal,2.0NRT,282.95,0.92,N,VIIRS
47.9465,35.88049,302.39,0.55,0.43,2026-08-18,23:18:00,N20,nominal,2.0NRT,285.85,1.05,N,VIIRS
47.97297,35.734,314.77,0.56,0.43,2026-08-18,23:18:00,N20,nominal,2.0NRT,287.04,2.1,N,VIIRS
47.97166,35.73128,315.53,0.56,0.43,2026-08-18,23:18:00,N20,nominal,2.0NRT,286.59,2.16,N,VIIRS
47.72227,38.27468,301.11,0.45,0.39,2026-08-18,23:18:00,N20,nominal,2.0NRT,286.95,0.61,N,VIIRS
47.72298,38.2687,299.02,0.45,0.39,2026-08-18,23:18:00,N20,nominal,2.0NRT,287.05,0.61,N,VIIRS
47.85595,37.22626,321.8,0.49,0.4,2026-08-18,23:18:00,N20,nominal,2.0NRT,284.74,2.04,N,VIIRS
47.86775,37.22246,302.36,0.49,0.4,2026-08-18,23:18:00,N20,nominal,2.0NRT,285.89,1.13,N,VIIRS
48.01502,35.82491,306.15,0.56,0.43,2026-08-18,23:18:00,N20,nominal,2.0NRT,285.95,1.54,N,VIIRS
47.98795,36.74206,298.45,0.51,0.41,2026-08-18,23:18:00,N20,nominal,2.0NRT,287.52,0.86,N,VIIRS
47.99441,36.93911,298.35,0.5,0.41,2026-08-18,23:18:00,N20,nominal,2.0NRT,286.1,0.65,N,VIIRS
47.83259,38.47125,301.28,0.45,0.39,2026-08-18,23:18:00,N20,nominal,2.0NRT,288.46,1.06,N,VIIRS
47.97553,37.52977,324.51,0.48,0.4,2026-08-18,23:18:00,N20,nominal,2.0NRT,288.45,5.35,N,VIIRS
47.97626,37.52332,326.4,0.48,0.4,2026-08-18,23:18:00,N20,nominal,2.0NRT,285.97,5.35,N,VIIRS
48.18053,35.7218,299.97,0.56,0.43,2026-08-18,23:18:00,N20,nominal,2.0NRT,285.77,0.65,N,VIIRS
48.17044,35.98747,315.1,0.55,0.43,2026-08-18,23:18:00,N20,nominal,2.0NRT,284.94,2.24,N,VIIRS
48.17117,35.98006,320.12,0.55,0.43,2026-08-18,23:18:00,N20,nominal,2.0NRT,285.14,3,N,VIIRS
48.17878,35.72008,296.24,0.57,0.43,2026-08-18,23:18:00,N20,nominal,2.0NRT,285.41,0.94,N,VIIRS
48.16991,35.98627,316.85,0.55,0.43,2026-08-18,23:18:00,N20,nominal,2.0NRT,285.1,2.5,N,VIIRS
48.17062,35.97885,318.54,0.55,0.43,2026-08-18,23:18:00,N20,nominal,2.0NRT,285.19,2.5,N,VIIRS
48.17524,35.97228,306.22,0.55,0.43,2026-08-18,23:18:00,N20,nominal,2.0NRT,284.32,1.29,N,VIIRS
47.84428,39.19495,315.33,0.43,0.38,2026-08-18,23:18:00,N20,nominal,2.0NRT,286.54,1.45,N,VIIRS
47.845,39.18926,301.62,0.43,0.38,2026-08-18,23:18:00,N20,nominal,2.0NRT,286.47,0.81,N,VIIRS
48.21563,36.04973,312.25,0.55,0.43,2026-08-18,23:18:00,N20,nominal,2.0NRT,287.36,1.6,N,VIIRS
48.09926,37.42079,307.14,0.49,0.4,2026-08-18,23:18:00,N20,nominal,2.0NRT,285.13,1.06,N,VIIRS
48.2627,35.85442,297.13,0.56,0.43,2026-08-18,23:18:00,N20,nominal,2.0NRT,286.65,0.65,N,VIIRS
48.10293,37.42177,297.24,0.49,0.4,2026-08-18,23:18:00,N20,nominal,2.0NRT,284.98,1.06,N,VIIRS
47.90197,39.24646,301.71,0.43,0.38,2026-08-18,23:18:00,N20,nominal,2.0NRT,289.15,0.81,N,VIIRS
48.06065,37.95525,308.51,0.47,0.39,2026-08-18,23:18:00,N20,nominal,2.0NRT,290.17,1.91,N,VIIRS
47.8433,39.72166,307.11,0.41,0.37,2026-08-18,23:18:00,N20,nominal,2.0NRT,288.26,1.22,N,VIIRS
47.84623,39.69961,298.87,0.42,0.37,2026-08-18,23:18:00,N20,nominal,2.0NRT,288.51,0.39,N,VIIRS
48.07446,37.86879,298.93,0.47,0.4,2026-08-18,23:18:00,N20,nominal,2.0NRT,288.54,0.58,N,VIIRS
48.07518,37.86253,307.4,0.47,0.4,2026-08-18,23:18:00,N20,nominal,2.0NRT,288.12,1.5,N,VIIRS
47.84323,39.71751,306.93,0.42,0.37,2026-08-18,23:18:00,N20,nominal,2.0NRT,287.85,0.84,N,VIIRS
47.90325,39.24822,303.55,0.43,0.38,2026-08-18,23:18:00,N20,nominal,2.0NRT,289.37,0.72,N,VIIRS
47.84806,39.70746,298.8,0.42,0.37,2026-08-18,23:18:00,N20,nominal,2.0NRT,288.34,1.94,N,VIIRS
47.8495,39.6964,300.8,0.42,0.37,2026-08-18,23:18:00,N20,nominal,2.0NRT,289.58,0.85,N,VIIRS
48.06104,37.95621,303.38,0.47,0.39,2026-08-18,23:18:00,N20,nominal,2.0NRT,289.93,1.94,N,VIIRS
47.84879,39.70193,335.47,0.42,0.37,2026-08-18,23:18:00,N20,nominal,2.0NRT,290.64,1.94,N,VIIRS
48.07522,37.86335,317.77,0.47,0.4,2026-08-18,23:18:00,N20,nominal,2.0NRT,288.5,1.43,N,VIIRS
48.09772,37.9273,303.79,0.47,0.4,2026-08-18,23:18:00,N20,nominal,2.0NRT,288.15,1.62,N,VIIRS
48.28288,37.33201,332.42,0.49,0.4,2026-08-18,23:18:00,N20,nominal,2.0NRT,290.61,3.86,N,VIIRS
48.28788,37.62897,299.89,0.48,0.4,2026-08-18,23:18:00,N20,nominal,2.0NRT,288.69,0.84,N,VIIRS
48.29154,37.62981,316.08,0.48,0.4,2026-08-18,23:18:00,N20,nominal,2.0NRT,289.62,1.61,N,VIIRS
48.27046,37.8807,298.55,0.47,0.4,2026-08-18,23:18:00,N20,nominal,2.0NRT,285.47,0.34,N,VIIRS
48.35605,37.25433,300.79,0.5,0.41,2026-08-18,23:18:00,N20,nominal,2.0NRT,288.26,0.72,N,VIIRS
48.35714,37.25397,299.16,0.5,0.41,2026-08-18,23:18:00,N20,nominal,2.0NRT,288.05,0.93,N,VIIRS
48.23279,38.71178,299.44,0.44,0.39,2026-08-18,23:18:00,N20,nominal,2.0NRT,287.74,0.74,N,VIIRS
48.23703,38.70679,309.19,0.44,0.39,2026-08-18,23:18:00,N20,nominal,2.0NRT,288.34,1.41,N,VIIRS
48.45408,37.09782,304.03,0.5,0.41,2026-08-18,23:18:00,N20,nominal,2.0NRT,288.29,1.06,N,VIIRS
48.59631,35.68745,315.67,0.57,0.43,2026-08-18,23:18:00,N20,nominal,2.0NRT,284.83,3.04,N,VIIRS
48.59557,35.69522,325.5,0.57,0.43,2026-08-18,23:18:00,N20,nominal,2.0NRT,285.1,3.04,N,VIIRS
48.45782,37.09871,305.72,0.5,0.41,2026-08-18,23:18:00,N20,nominal,2.0NRT,288.53,1.25,N,VIIRS
48.45855,37.0919,305.78,0.5,0.41,2026-08-18,23:18:00,N20,nominal,2.0NRT,289.16,1.4,N,VIIRS
48.5291,36.45413,304.38,0.53,0.42,2026-08-18,23:18:00,N20,nominal,2.0NRT,283.97,0.83,N,VIIRS
48.53221,36.46221,301.2,0.53,0.42,2026-08-18,23:18:00,N20,nominal,2.0NRT,283.42,0.81,N,VIIRS
48.53606,36.46311,299.06,0.53,0.42,2026-08-18,23:18:00,N20,nominal,2.0NRT,283.63,0.81,N,VIIRS
48.53717,36.46244,298.39,0.53,0.42,2026-08-18,23:18:00,N20,nominal,2.0NRT,284.17,0.37,N,VIIRS
48.49002,37.08481,312.05,0.5,0.41,2026-08-18,23:18:00,N20,nominal,2.0NRT,288.46,0.9,N,VIIRS
48.52049,36.90183,298.68,0.51,0.41,2026-08-18,23:18:00,N20,nominal,2.0NRT,285.25,0.68,N,VIIRS
48.52066,37.08564,332.9,0.5,0.41,2026-08-18,23:18:00,N20,nominal,2.0NRT,287.59,5.14,N,VIIRS
48.53176,37.05321,313.02,0.51,0.41,2026-08-18,23:18:00,N20,nominal,2.0NRT,288.06,2.1,N,VIIRS
48.54085,37.07642,299.49,0.51,0.41,2026-08-18,23:18:00,N20,nominal,2.0NRT,287.73,0.65,N,VIIRS
48.47811,37.75569,300.36,0.48,0.4,2026-08-18,23:18:00,N20,nominal,2.0NRT,285.12,0.24,N,VIIRS
48.70733,35.51288,307.42,0.39,0.44,2026-08-18,23:18:00,N20,nominal,2.0NRT,289.17,1.44,N,VIIRS
48.70782,35.50757,316.78,0.39,0.44,2026-08-18,23:18:00,N20,nominal,2.0NRT,288.75,1.44,N,VIIRS
48.71184,35.5084,308.52,0.39,0.44,2026-08-18,23:18:00,N20,nominal,2.0NRT,289.36,1.44,N,VIIRS
48.50292,37.73541,307.47,0.48,0.4,2026-08-18,23:18:00,N20,nominal,2.0NRT,285.79,1.08,N,VIIRS
48.52885,37.72969,301.09,0.48,0.4,2026-08-18,23:18:00,N20,nominal,2.0NRT,288.03,0.62,N,VIIRS
48.5434,37.69993,306.12,0.48,0.4,2026-08-18,23:18:00,N20,nominal,2.0NRT,289,1.51,N,VIIRS
48.59976,37.17495,311.48,0.5,0.41,2026-08-18,23:18:00,N20,nominal,2.0NRT,287.98,1.2,N,VIIRS
49.32044,37.19294,312.82,0.51,0.41,2026-08-18,23:18:00,N20,nominal,2.0NRT,289.48,2.39,N,VIIRS
49.31816,37.17788,301.56,0.51,0.41,2026-08-18,23:18:00,N20,nominal,2.0NRT,287.79,2.4,N,VIIRS
49.09765,37.96947,305.55,0.48,0.4,2026-08-18,23:18:00,N20,nominal,2.0NRT,285.52,1.14,N,VIIRS
49.23795,36.36215,298.81,0.55,0.43,2026-08-18,23:18:00,N20,nominal,2.0NRT,283.53,1.31,N,VIIRS
49.23723,36.36962,314.21,0.55,0.42,2026-08-18,23:18:00,N20,nominal,2.0NRT,284.15,1.31,N,VIIRS
49.23405,36.36126,316.69,0.55,0.43,2026-08-18,23:18:00,N20,nominal,2.0NRT,282.77,1.59,N,VIIRS
49.23333,36.36874,298.11,0.55,0.42,2026-08-18,23:18:00,N20,nominal,2.0NRT,283.5,1.59,N,VIIRS
49.12189,37.43416,326.4,0.5,0.41,2026-08-18,23:18:00,N20,nominal,2.0NRT,290.03,2.86,N,VIIRS
48.95678,38.74557,302.65,0.45,0.39,2026-08-18,23:18:00,N20,nominal,2.0NRT,289.37,0.76,N,VIIRS
49.00919,38.15924,321.59,0.47,0.4,2026-08-18,23:18:00,N20,nominal,2.0NRT,288.21,3.56,N,VIIRS
48.99845,38.22202,304.2,0.47,0.4,2026-08-18,23:18:00,N20,nominal,2.0NRT,287.97,0.93,N,VIIRS
49.00931,38.15925,322.89,0.47,0.4,2026-08-18,23:18:00,N20,nominal,2.0NRT,288.48,2.69,N,VIIRS
48.99834,38.22195,303.67,0.47,0.4,2026-08-18,23:18:00,N20,nominal,2.0NRT,287.79,0.68,N,VIIRS
48.96959,38.11568,296.96,0.47,0.4,2026-08-18,23:18:00,N20,nominal,2.0NRT,285.75,0.4,N,VIIRS
48.96886,38.12207,296.6,0.47,0.4,2026-08-18,23:18:00,N20,nominal,2.0NRT,286.02,0.35,N,VIIRS
48.96525,38.12111,297.89,0.47,0.4,2026-08-18,23:18:00,N20,nominal,2.0NRT,286.1,0.44,N,VIIRS
48.99283,37.80782,313.01,0.48,0.4,2026-08-18,23:18:00,N20,nominal,2.0NRT,287.63,1.51,N,VIIRS
48.97529,37.83036,299.97,0.48,0.4,2026-08-18,23:18:00,N20,nominal,2.0NRT,289.7,0.61,N,VIIRS
48.97163,37.82942,303.69,0.48,0.4,2026-08-18,23:18:00,N20,nominal,2.0NRT,289.71,0.61,N,VIIRS
48.91104,38.33602,309.25,0.46,0.39,2026-08-18,23:18:00,N20,nominal,2.0NRT,289.21,1.35,N,VIIRS
48.90531,38.32149,300.25,0.46,0.39,2026-08-18,23:18:00,N20,nominal,2.0NRT,289.05,2.27,N,VIIRS
48.90171,38.32058,335.73,0.46,0.39,2026-08-18,23:18:00,N20,nominal,2.0NRT,288.76,2.27,N,VIIRS
48.94197,37.96225,297.05,0.48,0.4,2026-08-18,23:18:00,N20,nominal,2.0NRT,286.35,0.59,N,VIIRS
48.90027,38.33324,301.46,0.46,0.39,2026-08-18,23:18:00,N20,nominal,2.0NRT,288.35,0.95,N,VIIRS
48.87073,38.3569,315.09,0.46,0.39,2026-08-18,23:18:00,N20,nominal,2.0NRT,290.04,2.35,N,VIIRS
48.91434,37.8139,300.78,0.48,0.4,2026-08-18,23:18:00,N20,nominal,2.0NRT,288.04,0.6,N,VIIRS
48.82138,38.20731,313.16,0.47,0.39,2026-08-18,23:18:00,N20,nominal,2.0NRT,286.28,1.25,N,VIIRS
48.81707,38.21262,320.41,0.47,0.39,2026-08-18,23:18:00,N20,nominal,2.0NRT,286.17,1.35,N,VIIRS
48.81779,38.2063,302.08,0.47,0.39,2026-08-18,23:18:00,N20,nominal,2.0NRT,284.48,1.35,N,VIIRS
48.80266,38.3064,303.07,0.46,0.39,2026-08-18,23:18:00,N20,nominal,2.0NRT,286.91,0.41,N,VIIRS
48.93229,37.04124,302.49,0.51,0.41,2026-08-18,23:18:00,N20,nominal,2.0NRT,288.8,0.96,N,VIIRS
48.91096,36.99452,311.08,0.51,0.41,2026-08-18,23:18:00,N20,nominal,2.0NRT,287.43,3.5,N,VIIRS
48.90719,36.99356,337.85,0.51,0.41,2026-08-18,23:18:00,N20,nominal,2.0NRT,287.44,3.5,N,VIIRS
48.92398,36.79514,313.33,0.52,0.42,2026-08-18,23:18:00,N20,nominal,2.0NRT,289.02,3.16,N,VIIRS
48.92326,36.80221,318.75,0.52,0.42,2026-08-18,23:18:00,N20,nominal,2.0NRT,288.93,3.16,N,VIIRS
48.92019,36.79415,340.17,0.52,0.42,2026-08-18,23:18:00,N20,nominal,2.0NRT,289.75,3.16,N,VIIRS
48.92091,36.78711,299.09,0.52,0.42,2026-08-18,23:18:00,N20,nominal,2.0NRT,287.57,2.02,N,VIIRS
48.90021,36.9492,298.23,0.52,0.41,2026-08-18,23:18:00,N20,nominal,2.0NRT,288.13,0.88,N,VIIRS
48.89948,36.95616,304.08,0.52,0.41,2026-08-18,23:18:00,N20,nominal,2.0NRT,288.69,0.88,N,VIIRS
48.88435,36.95243,331.71,0.52,0.41,2026-08-18,23:18:00,N20,nominal,2.0NRT,292.22,2.49,N,VIIRS
48.88129,36.94458,303.25,0.52,0.41,2026-08-18,23:18:00,N20,nominal,2.0NRT,290.25,2.49,N,VIIRS
48.88058,36.95148,305.9,0.52,0.41,2026-08-18,23:18:00,N20,nominal,2.0NRT,289.54,2.49,N,VIIRS
48.8862,36.46767,295.61,0.54,0.42,2026-08-18,23:18:00,N20,nominal,2.0NRT,281.33,0.64,N,VIIRS
48.69775,38.05045,296.85,0.47,0.4,2026-08-18,23:18:00,N20,nominal,2.0NRT,285.94,0.4,N,VIIRS
48.58531,38.66084,318.72,0.45,0.39,2026-08-18,23:18:00,N20,nominal,2.0NRT,289.4,2.26,N,VIIRS
50.08313,37.42859,298.67,0.51,0.41,2026-08-18,23:18:00,N20,nominal,2.0NRT,285.52,0.73,N,VIIRS
50.0635,37.61934,295.77,0.5,0.41,2026-08-18,23:18:00,N20,nominal,2.0NRT,283.36,0.19,N,VIIRS
50.04739,37.7372,325.6,0.5,0.41,2026-08-18,23:18:00,N20,nominal,2.0NRT,287.92,4.46,N,VIIRS
50.04367,37.73621,330.23,0.5,0.41,2026-08-18,23:18:00,N20,nominal,2.0NRT,288.85,4.46,N,VIIRS
50.02143,37.76641,302.82,0.5,0.41,2026-08-18,23:18:00,N20,nominal,2.0NRT,286.93,0.49,N,VIIRS
50.02054,37.76608,299.08,0.5,0.41,2026-08-18,23:18:00,N20,nominal,2.0NRT,286.71,0.38,N,VIIRS
50.0504,36.83543,299.79,0.54,0.42,2026-08-18,23:18:00,N20,nominal,2.0NRT,268.38,1.16,N,VIIRS
50.04654,36.83452,303.27,0.54,0.42,2026-08-18,23:18:00,N20,nominal,2.0NRT,266.35,1.5,N,VIIRS
50.54462,26.25377,302.61,0.52,0.67,2026-08-18,23:18:00,N20,nominal,2.0NRT,280.88,1.33,N,VIIRS
49.9029,37.86932,301.62,0.49,0.4,2026-08-18,23:18:00,N20,nominal,2.0NRT,288.36,0.75,N,VIIRS
49.8992,37.86838,302.64,0.49,0.4,2026-08-18,23:18:00,N20,nominal,2.0NRT,287.73,0.75,N,VIIRS
49.93507,37.59598,298.99,0.5,0.41,2026-08-18,23:18:00,N20,nominal,2.0NRT,286.73,0.36,N,VIIRS
49.90144,37.87057,308.47,0.49,0.4,2026-08-18,23:18:00,N20,nominal,2.0NRT,288.03,1.47,N,VIIRS
50.54642,26.26008,304.06,0.52,0.67,2026-08-18,23:18:00,N20,nominal,2.0NRT,283.66,1.55,N,VIIRS
49.78648,37.95232,299.65,0.49,0.4,2026-08-18,23:18:00,N20,nominal,2.0NRT,288.5,0.42,N,VIIRS
49.78386,37.9582,303.1,0.49,0.4,2026-08-18,23:18:00,N20,nominal,2.0NRT,287.74,0.79,N,VIIRS
49.85175,37.21872,295.84,0.52,0.41,2026-08-18,23:18:00,N20,nominal,2.0NRT,282.83,0.66,N,VIIRS
49.85101,37.22591,299.83,0.52,0.41,2026-08-18,23:18:00,N20,nominal,2.0NRT,282.86,0.85,N,VIIRS
49.79655,37.52447,297.99,0.5,0.41,2026-08-18,23:18:00,N20,nominal,2.0NRT,286.43,0.35,N,VIIRS
49.74405,37.47559,299.89,0.5,0.41,2026-08-18,23:18:00,N20,nominal,2.0NRT,287.36,0.81,N,VIIRS
49.67926,37.65128,312.67,0.5,0.41,2026-08-18,23:18:00,N20,nominal,2.0NRT,289.64,1.49,N,VIIRS
49.67852,37.65819,308.44,0.5,0.41,2026-08-18,23:18:00,N20,nominal,2.0NRT,288.7,1.49,N,VIIRS
49.56973,37.96441,300.53,0.48,0.4,2026-08-18,23:18:00,N20,nominal,2.0NRT,287.78,0.42,N,VIIRS
49.59193,37.72026,303.94,0.49,0.4,2026-08-18,23:18:00,N20,nominal,2.0NRT,285.28,1.34,N,VIIRS
49.56608,37.96338,302.32,0.48,0.4,2026-08-18,23:18:00,N20,nominal,2.0NRT,288.33,0.42,N,VIIRS
49.59437,37.72069,312.71,0.49,0.4,2026-08-18,23:18:00,N20,nominal,2.0NRT,286.44,0.96,N,VIIRS
49.56752,37.96341,301.53,0.48,0.4,2026-08-18,23:18:00,N20,nominal,2.0NRT,288.02,0.53,N,VIIRS
49.56678,37.97,298.73,0.48,0.4,2026-08-18,23:18:00,N20,nominal,2.0NRT,287.81,0.53,N,VIIRS
49.60701,37.56946,296.55,0.5,0.41,2026-08-18,23:18:00,N20,nominal,2.0NRT,285.54,0.21,N,VIIRS
49.58356,36.97605,324.58,0.52,0.42,2026-08-18,23:18:00,N20,nominal,2.0NRT,284.96,6.97,N,VIIRS
49.58282,36.98345,318.74,0.52,0.42,2026-08-18,23:18:00,N20,nominal,2.0NRT,289.23,9.29,N,VIIRS
46.63586,34.15318,309.23,0.42,0.45,2026-08-18,23:20:00,N20,nominal,2.0NRT,287.15,1.26,N,VIIRS
46.63122,34.15794,304.53,0.42,0.45,2026-08-18,23:20:00,N20,nominal,2.0NRT,286.5,0.99,N,VIIRS
46.55573,34.96852,305.94,0.39,0.44,2026-08-18,23:20:00,N20,nominal,2.0NRT,285.64,0.63,N,VIIRS
46.62718,32.72807,297.97,0.49,0.49,2026-08-18,23:20:00,N20,nominal,2.0NRT,284.67,1.31,N,VIIRS
46.51194,34.1069,299.39,0.42,0.45,2026-08-18,23:20:00,N20,nominal,2.0NRT,286.92,0.72,N,VIIRS
46.62495,32.72861,297.62,0.49,0.49,2026-08-18,23:20:00,N20,nominal,2.0NRT,286.03,0.62,N,VIIRS
46.51125,34.10658,300.56,0.42,0.45,2026-08-18,23:20:00,N20,nominal,2.0NRT,286.88,0.9,N,VIIRS
46.50708,34.1058,305.57,0.42,0.45,2026-08-18,23:20:00,N20,nominal,2.0NRT,286.84,0.9,N,VIIRS
46.50659,34.11134,302.39,0.42,0.45,2026-08-18,23:20:00,N20,nominal,2.0NRT,286.79,1.27,N,VIIRS
46.53076,32.58875,299.73,0.5,0.49,2026-08-18,23:20:00,N20,nominal,2.0NRT,285.39,0.83,N,VIIRS
46.53385,32.58965,300.61,0.5,0.49,2026-08-18,23:20:00,N20,nominal,2.0NRT,286.43,1.67,N,VIIRS
46.39466,33.97707,299.72,0.43,0.46,2026-08-18,23:20:00,N20,nominal,2.0NRT,286.28,0.61,N,VIIRS
46.39417,33.98264,303.6,0.43,0.46,2026-08-18,23:20:00,N20,nominal,2.0NRT,286.23,0.81,N,VIIRS
46.28282,34.43684,302.08,0.41,0.45,2026-08-18,23:20:00,N20,nominal,2.0NRT,286.38,0.59,N,VIIRS
46.27369,34.32491,299,0.41,0.45,2026-08-18,23:20:00,N20,nominal,2.0NRT,286.76,0.52,N,VIIRS
46.29089,33.84264,307.36,0.43,0.46,2026-08-18,23:20:00,N20,nominal,2.0NRT,286.34,1.27,N,VIIRS
46.34732,33.04622,300.32,0.47,0.48,2026-08-18,23:20:00,N20,nominal,2.0NRT,286.69,0.46,N,VIIRS
46.33854,33.04475,301.48,0.47,0.48,2026-08-18,23:20:00,N20,nominal,2.0NRT,286.9,1.09,N,VIIRS
45.1319,33.99794,300.54,0.41,0.45,2026-08-18,23:20:00,N20,nominal,2.0NRT,289.34,0.58,N,VIIRS
44.77332,33.85987,306.24,0.41,0.45,2026-08-18,23:20:00,N20,nominal,2.0NRT,289.63,0.96,N,VIIRS
