latitude,longitude,bright_ti4,scan,track,acq_date,acq_time,satellite,confidence,version,bright_ti5,frp,daynight,instrument
47.44219,37.06956,318.38,0.76,0.77,2026-08-24,01:05:00,N20,nominal,2.0NRT,284.95,2.84,N,VIIRS
47.88786,35.87564,367,0.66,0.73,2026-08-24,01:05:00,N20,high,2.0NRT,287.74,10.9,N,VIIRS
47.44843,37.07467,300,0.76,0.77,2026-08-24,01:05:00,N20,nominal,2.0NRT,284.95,2.84,N,VIIRS
47.89368,35.88073,331.22,0.66,0.73,2026-08-24,01:05:00,N20,nominal,2.0NRT,287.03,10.9,N,VIIRS
48.4726,34.63108,298.06,0.56,0.69,2026-08-24,01:05:00,N20,nominal,2.0NRT,287.41,0.61,N,VIIRS
47.6997,36.83755,312,0.73,0.76,2026-08-24,01:05:00,N20,nominal,2.0NRT,284.28,1.55,N,VIIRS
48.07717,35.91775,304.38,0.65,0.73,2026-08-24,01:05:00,N20,nominal,2.0NRT,285.97,0.95,N,VIIRS
47.69614,36.82549,296.89,0.73,0.76,2026-08-24,01:05:00,N20,nominal,2.0NRT,283.31,1.62,N,VIIRS
47.69902,36.83905,306.1,0.73,0.76,2026-08-24,01:05:00,N20,nominal,2.0NRT,284.69,1.8,N,VIIRS
48.07747,35.91036,298.18,0.65,0.73,2026-08-24,01:05:00,N20,nominal,2.0NRT,285.54,0.95,N,VIIRS
47.70787,37.325,302.25,0.76,0.77,2026-08-24,01:05:00,N20,nominal,2.0NRT,284.67,1.45,N,VIIRS
47.71399,37.33045,298.92,0.76,0.77,2026-08-24,01:05:00,N20,nominal,2.0NRT,285,1.45,N,VIIRS
47.72285,37.3502,300.99,0.76,0.77,2026-08-24,01:05:00,N20,nominal,2.0NRT,284.78,1.33,N,VIIRS
48.07997,37.2185,299.01,0.73,0.76,2026-08-24,01:05:00,N20,nominal,2.0NRT,284.47,0.96,N,VIIRS
48.0832,37.20992,295.34,0.73,0.76,2026-08-24,01:05:00,N20,nominal,2.0NRT,284.49,0.96,N,VIIRS
51.20956,27.22708,311.2,0.46,0.47,2026-08-24,01:05:00,N20,nominal,2.0NRT,281.88,2.01,N,VIIRS
48.08088,37.21552,300.64,0.73,0.76,2026-08-24,01:05:00,N20,nominal,2.0NRT,284.25,1.59,N,VIIRS
48.02298,37.53727,303.67,0.76,0.77,2026-08-24,01:05:00,N20,nominal,2.0NRT,285.26,1.22,N,VIIRS
48.02924,37.54232,296.42,0.76,0.77,2026-08-24,01:05:00,N20,nominal,2.0NRT,285.25,1.22,N,VIIRS
48.03262,37.53349,301.13,0.76,0.77,2026-08-24,01:05:00,N20,nominal,2.0NRT,284.98,2.05,N,VIIRS
48.02675,37.54528,295.98,0.76,0.77,2026-08-24,01:05:00,N20,nominal,2.0NRT,285.23,1.16,N,VIIRS
48.03017,37.53646,305.27,0.76,0.77,2026-08-24,01:05:00,N20,nominal,2.0NRT,285.13,2.61,N,VIIRS
51.18571,29.19763,314.85,0.55,0.51,2026-08-24,01:05:00,N20,nominal,2.0NRT,285.93,2.52,N,VIIRS
51.18769,29.19042,307.36,0.55,0.51,2026-08-24,01:05:00,N20,nominal,2.0NRT,281.95,2.52,N,VIIRS
51.193600000000004,29.16883,319.74,0.54,0.51,2026-08-24,01:05:00,N20,nominal,2.0NRT,282.37,3.94,N,VIIRS
51.19753,29.15448,298.87,0.54,0.51,2026-08-24,01:05:00,N20,nominal,2.0NRT,280.22,1.92,N,VIIRS
51.19164,29.17602,324,0.54,0.51,2026-08-24,01:05:00,N20,nominal,2.0NRT,283.57,3.61,N,VIIRS
51.19558,29.16161,320.16,0.54,0.51,2026-08-24,01:05:00,N20,nominal,2.0NRT,281.02,3.94,N,VIIRS
51.20418,29.16771,302.95,0.54,0.51,2026-08-24,01:05:00,N20,nominal,2.0NRT,281.69,1.06,N,VIIRS
51.20652,29.17791,296.18,0.54,0.51,2026-08-24,01:05:00,N20,nominal,2.0NRT,282.22,1.06,N,VIIRS
51.20689,29.19534,297.81,0.54,0.51,2026-08-24,01:05:00,N20,nominal,2.0NRT,282.16,5.21,N,VIIRS
51.20885,29.18814,341.99,0.54,0.51,2026-08-24,01:05:00,N20,nominal,2.0NRT,284.12,5.21,N,VIIRS
50.99783,30.3228,297.33,0.61,0.54,2026-08-24,01:05:00,N20,nominal,2.0NRT,285.77,2.74,N,VIIRS
51.00013,30.31477,319.2,0.61,0.54,2026-08-24,01:05:00,N20,nominal,2.0NRT,284.68,4.26,N,VIIRS
48.54364,37.70139,297.01,0.73,0.76,2026-08-24,01:05:00,N20,nominal,2.0NRT,284.76,0.92,N,VIIRS
48.84261,36.91022,302.28,0.67,0.73,2026-08-24,01:05:00,N20,nominal,2.0NRT,284.62,1.22,N,VIIRS
50.99314,30.35818,305.44,0.62,0.54,2026-08-24,01:05:00,N20,nominal,2.0NRT,286.2,2.93,N,VIIRS
50.99545,30.35014,300.29,0.61,0.54,2026-08-24,01:05:00,N20,nominal,2.0NRT,286.01,1.27,N,VIIRS
50.99775,30.3421,297.09,0.61,0.54,2026-08-24,01:05:00,N20,nominal,2.0NRT,284.71,1.27,N,VIIRS
50.98841,30.39374,305.37,0.62,0.54,2026-08-24,01:05:00,N20,nominal,2.0NRT,286.63,2.94,N,VIIRS
50.99073,30.38567,301.85,0.62,0.54,2026-08-24,01:05:00,N20,nominal,2.0NRT,286.77,2.3,N,VIIRS
50.99304,30.3776,297.68,0.62,0.54,2026-08-24,01:05:00,N20,nominal,2.0NRT,286.68,2.3,N,VIIRS
51.00439,30.37606,317.68,0.62,0.54,2026-08-24,01:05:00,N20,nominal,2.0NRT,288.55,6.72,N,VIIRS
51.01359,30.34387,309.36,0.61,0.54,2026-08-24,01:05:00,N20,nominal,2.0NRT,285.61,2.72,N,VIIRS
51.01588,30.33585,304.47,0.61,0.54,2026-08-24,01:05:00,N20,nominal,2.0NRT,285.27,2.72,N,VIIRS
51.01817,30.32782,308.17,0.61,0.54,2026-08-24,01:05:00,N20,nominal,2.0NRT,284.93,1.92,N,VIIRS
50.99977,30.39222,327.69,0.62,0.54,2026-08-24,01:05:00,N20,nominal,2.0NRT,288.97,6.57,N,VIIRS
51.00208,30.38414,335.15,0.62,0.54,2026-08-24,01:05:00,N20,nominal,2.0NRT,289.49,6.57,N,VIIRS
51.00669,30.368,339.62,0.62,0.54,2026-08-24,01:05:00,N20,nominal,2.0NRT,289.86,6.72,N,VIIRS
51.009,30.35995,332.81,0.61,0.54,2026-08-24,01:05:00,N20,nominal,2.0NRT,288.36,8.32,N,VIIRS
51.0113,30.3519,342.43,0.61,0.54,2026-08-24,01:05:00,N20,nominal,2.0NRT,288.41,8.32,N,VIIRS
50.22704,33.40335,304.39,0.43,0.62,2026-08-24,01:05:00,N20,nominal,2.0NRT,282.61,0.81,N,VIIRS
50.22872,33.39813,296.3,0.43,0.62,2026-08-24,01:05:00,N20,nominal,2.0NRT,280.7,0.81,N,VIIRS
50.23126,33.40191,318.07,0.43,0.62,2026-08-24,01:05:00,N20,nominal,2.0NRT,281.08,1.3,N,VIIRS
48.51815,38.24744,297.92,0.77,0.77,2026-08-24,01:05:00,N20,nominal,2.0NRT,283.91,0.66,N,VIIRS
50.16803,33.71299,296.71,0.45,0.63,2026-08-24,01:05:00,N20,nominal,2.0NRT,284.93,1.19,N,VIIRS
51.35903,30.26923,297.77,0.59,0.53,2026-08-24,01:05:00,N20,nominal,2.0NRT,285.26,1.14,N,VIIRS
49.00549,38.06525,298.45,0.73,0.76,2026-08-24,01:05:00,N20,nominal,2.0NRT,283.84,0.86,N,VIIRS
48.82922,38.73134,313.11,0.78,0.78,2026-08-24,01:05:00,N20,nominal,2.0NRT,285.76,2.58,N,VIIRS
48.85818,38.65724,300.93,0.78,0.78,2026-08-24,01:05:00,N20,nominal,2.0NRT,285.06,1.39,N,VIIRS
48.83543,38.73691,313.84,0.78,0.78,2026-08-24,01:05:00,N20,nominal,2.0NRT,286.87,2.58,N,VIIRS
48.8391,38.72751,311.4,0.78,0.78,2026-08-24,01:05:00,N20,nominal,2.0NRT,285.94,2.58,N,VIIRS
48.8244,38.76509,329.92,0.79,0.78,2026-08-24,01:05:00,N20,nominal,2.0NRT,287.08,5.62,N,VIIRS
48.83791,38.75201,296.9,0.79,0.78,2026-08-24,01:05:00,N20,nominal,2.0NRT,285.96,1.38,N,VIIRS
48.84164,38.74247,297.55,0.78,0.78,2026-08-24,01:05:00,N20,nominal,2.0NRT,285.76,1.68,N,VIIRS
48.85258,38.71444,303.55,0.78,0.78,2026-08-24,01:05:00,N20,nominal,2.0NRT,285.86,1.93,N,VIIRS
48.82081,38.76573,311.1,0.79,0.78,2026-08-24,01:05:00,N20,nominal,2.0NRT,286.41,4.26,N,VIIRS
48.82445,38.75657,315.79,0.79,0.78,2026-08-24,01:05:00,N20,nominal,2.0NRT,285.82,6.1,N,VIIRS
48.83192,38.73778,304.53,0.78,0.78,2026-08-24,01:05:00,N20,nominal,2.0NRT,286,2.48,N,VIIRS
48.83564,38.7284,314.37,0.78,0.78,2026-08-24,01:05:00,N20,nominal,2.0NRT,285.55,2.48,N,VIIRS
48.86127,38.66372,308.87,0.78,0.78,2026-08-24,01:05:00,N20,nominal,2.0NRT,285.36,1.97,N,VIIRS
48.83814,38.74329,303.28,0.78,0.78,2026-08-24,01:05:00,N20,nominal,2.0NRT,285.83,2.48,N,VIIRS
48.84185,38.73395,314.93,0.78,0.78,2026-08-24,01:05:00,N20,nominal,2.0NRT,285.95,2.48,N,VIIRS
48.84554,38.72465,296.07,0.78,0.78,2026-08-24,01:05:00,N20,nominal,2.0NRT,285.64,3.21,N,VIIRS
48.85545,38.72085,296.08,0.78,0.78,2026-08-24,01:05:00,N20,nominal,2.0NRT,285.55,0.67,N,VIIRS
49.00571,38.65746,311.72,0.77,0.77,2026-08-24,01:05:00,N20,nominal,2.0NRT,285.62,4.33,N,VIIRS
49.00917,38.64856,312.25,0.77,0.77,2026-08-24,01:05:00,N20,nominal,2.0NRT,285.19,3.03,N,VIIRS
49.01263,38.63964,301.47,0.77,0.77,2026-08-24,01:05:00,N20,nominal,2.0NRT,285.04,3.03,N,VIIRS
49.0054,38.65161,316.28,0.77,0.77,2026-08-24,01:05:00,N20,nominal,2.0NRT,285.17,1.9,N,VIIRS
49.00888,38.64279,309.4,0.77,0.77,2026-08-24,01:05:00,N20,nominal,2.0NRT,284.9,1.9,N,VIIRS
49.0112,38.65805,300.08,0.77,0.77,2026-08-24,01:05:00,N20,nominal,2.0NRT,284.76,1.9,N,VIIRS
49.01478,38.64898,296.95,0.77,0.77,2026-08-24,01:05:00,N20,nominal,2.0NRT,284.92,1.9,N,VIIRS
49.01827,38.64009,295.51,0.77,0.77,2026-08-24,01:05:00,N20,nominal,2.0NRT,284.91,2.12,N,VIIRS
49.22039,38.16357,306.89,0.72,0.76,2026-08-24,01:05:00,N20,nominal,2.0NRT,283.99,2.27,N,VIIRS
50.48813,34.94435,295.2,0.49,0.65,2026-08-24,01:05:00,N20,nominal,2.0NRT,282.21,0.45,N,VIIRS
49.55821,38.13073,303.03,0.7,0.75,2026-08-24,01:05:00,N20,nominal,2.0NRT,283.27,1.72,N,VIIRS
49.55426,38.12625,300.53,0.7,0.75,2026-08-24,01:05:00,N20,nominal,2.0NRT,283.29,1.38,N,VIIRS
51.78821,34.1155,307.46,0.41,0.6,2026-08-24,01:05:00,N20,nominal,2.0NRT,281.34,1.55,N,VIIRS
49.91092,37.30812,301.58,0.63,0.72,2026-08-24,01:05:00,N20,nominal,2.0NRT,283.73,3.1,N,VIIRS
49.91394,37.29997,319.69,0.63,0.72,2026-08-24,01:05:00,N20,nominal,2.0NRT,283.87,2.59,N,VIIRS
49.91684,37.29217,300.03,0.63,0.72,2026-08-24,01:05:00,N20,nominal,2.0NRT,283.48,2.59,N,VIIRS
45.99727,30.15714,299.18,0.43,0.62,2026-08-24,01:05:00,N20,nominal,2.0NRT,285.13,0.52,N,VIIRS
45.992,30.15384,297.01,0.43,0.62,2026-08-24,01:05:00,N20,nominal,2.0NRT,284.9,0.52,N,VIIRS
45.9792,30.19515,296.81,0.44,0.62,2026-08-24,01:05:00,N20,nominal,2.0NRT,284.54,0.42,N,VIIRS
45.99586,30.15203,309.06,0.43,0.62,2026-08-24,01:05:00,N20,nominal,2.0NRT,285.39,0.99,N,VIIRS
45.99429,30.15722,295.34,0.44,0.62,2026-08-24,01:05:00,N20,nominal,2.0NRT,284.93,0.99,N,VIIRS
44.7714,33.85917,303.17,0.69,0.75,2026-08-24,01:05:00,N20,nominal,2.0NRT,286.81,0.96,N,VIIRS
45.91948,30.27853,327.78,0.44,0.63,2026-08-24,01:05:00,N20,nominal,2.0NRT,287.95,6.08,N,VIIRS
45.91417,30.27521,367,0.44,0.63,2026-08-24,01:05:00,N20,high,2.0NRT,290.42,6.08,N,VIIRS
45.91583,30.26981,310.76,0.44,0.63,2026-08-24,01:05:00,N20,nominal,2.0NRT,286.44,7.24,N,VIIRS
45.84691,29.67327,297.24,0.42,0.61,2026-08-24,01:05:00,N20,nominal,2.0NRT,283.9,0.5,N,VIIRS
45.84537,29.67837,296.05,0.42,0.61,2026-08-24,01:05:00,N20,nominal,2.0NRT,284.24,0.43,N,VIIRS
46.88995,36.57509,309.65,0.76,0.77,2026-08-24,01:05:00,N20,nominal,2.0NRT,286.17,2.35,N,VIIRS
46.8837,36.57008,305.24,0.76,0.77,2026-08-24,01:05:00,N20,nominal,2.0NRT,286.16,2.98,N,VIIRS
46.87053,36.58328,299.64,0.76,0.77,2026-08-24,01:05:00,N20,nominal,2.0NRT,286.25,1.27,N,VIIRS
46.86776,36.56909,304.03,0.76,0.77,2026-08-24,01:05:00,N20,nominal,2.0NRT,286.02,3.4,N,VIIRS
46.86423,36.57835,312.34,0.76,0.77,2026-08-24,01:05:00,N20,nominal,2.0NRT,286.55,2.64,N,VIIRS
47.12609,35.85965,301.12,0.7,0.75,2026-08-24,01:05:00,N20,nominal,2.0NRT,285.76,0.93,N,VIIRS
46.89043,36.57951,305.96,0.76,0.77,2026-08-24,01:05:00,N20,nominal,2.0NRT,286.05,1.88,N,VIIRS
46.88418,36.57449,300.46,0.76,0.77,2026-08-24,01:05:00,N20,nominal,2.0NRT,286.06,1.88,N,VIIRS
46.88078,36.58358,300.76,0.76,0.77,2026-08-24,01:05:00,N20,nominal,2.0NRT,286.03,1.64,N,VIIRS
47.12984,35.8656,301.32,0.7,0.75,2026-08-24,01:05:00,N20,nominal,2.0NRT,285.93,0.62,N,VIIRS
46.87166,36.56448,302.46,0.76,0.77,2026-08-24,01:05:00,N20,nominal,2.0NRT,286.08,1.87,N,VIIRS
46.86828,36.57351,305.46,0.76,0.77,2026-08-24,01:05:00,N20,nominal,2.0NRT,285.89,2.16,N,VIIRS
46.86479,36.58284,304.65,0.76,0.77,2026-08-24,01:05:00,N20,nominal,2.0NRT,286.43,2.16,N,VIIRS
46.78997,36.50029,297.95,0.76,0.77,2026-08-24,01:05:00,N20,nominal,2.0NRT,286.36,1.31,N,VIIRS
47.87231,33.43728,298.41,0.52,0.67,2026-08-24,01:05:00,N20,nominal,2.0NRT,287.18,0.92,N,VIIRS
47.87021,33.4435,296.43,0.52,0.67,2026-08-24,01:05:00,N20,nominal,2.0NRT,286.34,1.4,N,VIIRS
47.35729,34.89666,298.75,0.62,0.72,2026-08-24,01:05:00,N20,nominal,2.0NRT,286.07,0.52,N,VIIRS
47.8686,33.44474,299.49,0.52,0.67,2026-08-24,01:05:00,N20,nominal,2.0NRT,286.66,1.4,N,VIIRS
47.40673,35.23878,296.72,0.64,0.72,2026-08-24,01:05:00,N20,nominal,2.0NRT,286.42,1.3,N,VIIRS
47.35628,34.90005,296.98,0.63,0.72,2026-08-24,01:05:00,N20,nominal,2.0NRT,285.85,0.53,N,VIIRS
47.64769,34.94081,297.28,0.61,0.71,2026-08-24,01:05:00,N20,nominal,2.0NRT,284.92,0.49,N,VIIRS
47.84553,34.47996,301.58,0.58,0.7,2026-08-24,01:05:00,N20,nominal,2.0NRT,284.59,1.61,N,VIIRS
47.18385,35.83075,301.23,0.69,0.74,2026-08-24,01:05:00,N20,nominal,2.0NRT,285.98,1,N,VIIRS
47.0585,36.6853,303.33,0.76,0.77,2026-08-24,01:05:00,N20,nominal,2.0NRT,286.03,1.91,N,VIIRS
47.8797,34.40183,295.25,0.57,0.69,2026-08-24,01:05:00,N20,nominal,2.0NRT,283.68,0.66,N,VIIRS
47.31424,36.01645,297.02,0.7,0.75,2026-08-24,01:05:00,N20,nominal,2.0NRT,286.06,0.92,N,VIIRS
47.26291,36.2211,307.27,0.71,0.75,2026-08-24,01:05:00,N20,nominal,2.0NRT,286.36,1.59,N,VIIRS
47.33578,36.02188,298.27,0.7,0.75,2026-08-24,01:05:00,N20,nominal,2.0NRT,286.1,2.21,N,VIIRS
47.8483,34.48096,304.61,0.58,0.69,2026-08-24,01:05:00,N20,nominal,2.0NRT,284.1,1.05,N,VIIRS
47.05819,36.68098,303.9,0.76,0.77,2026-08-24,01:05:00,N20,nominal,2.0NRT,285.64,1.27,N,VIIRS
47.33208,36.016,298.82,0.7,0.75,2026-08-24,01:05:00,N20,nominal,2.0NRT,286.01,0.79,N,VIIRS
47.26447,36.21918,307.55,0.71,0.75,2026-08-24,01:05:00,N20,nominal,2.0NRT,285.65,1.9,N,VIIRS
47.17552,36.49949,298.31,0.74,0.76,2026-08-24,01:05:00,N20,nominal,2.0NRT,285.64,1.18,N,VIIRS
47.89946,34.62548,302.29,0.58,0.7,2026-08-24,01:05:00,N20,nominal,2.0NRT,284.25,1.39,N,VIIRS
47.13996,36.74467,317.49,0.76,0.77,2026-08-24,01:05:00,N20,nominal,2.0NRT,286.42,4.82,N,VIIRS
47.90768,34.62272,296.3,0.58,0.7,2026-08-24,01:05:00,N20,nominal,2.0NRT,283.54,1.43,N,VIIRS
47.35331,36.23617,297.8,0.71,0.75,2026-08-24,01:05:00,N20,nominal,2.0NRT,285.27,0.68,N,VIIRS
47.14088,36.73855,297.4,0.76,0.77,2026-08-24,01:05:00,N20,nominal,2.0NRT,286.06,2.88,N,VIIRS
47.13739,36.74767,321.36,0.76,0.77,2026-08-24,01:05:00,N20,nominal,2.0NRT,286.4,4.36,N,VIIRS
47.20984,36.77151,301.35,0.76,0.77,2026-08-24,01:05:00,N20,nominal,2.0NRT,285.44,0.89,N,VIIRS
47.76065,35.31646,296.9,0.63,0.72,2026-08-24,01:05:00,N20,nominal,2.0NRT,285.65,1.16,N,VIIRS
50.54168,26.26168,302.75,0.44,0.46,2026-08-24,01:05:00,N20,nominal,2.0NRT,283.98,2.12,N,VIIRS
50.54567,26.26404,298.88,0.44,0.46,2026-08-24,01:05:00,N20,nominal,2.0NRT,283.09,1.4,N,VIIRS
47.61523,36.06987,301.27,0.68,0.74,2026-08-24,01:05:00,N20,nominal,2.0NRT,285.73,1.16,N,VIIRS
47.61788,36.07163,299.44,0.68,0.74,2026-08-24,01:05:00,N20,nominal,2.0NRT,285.57,0.95,N,VIIRS
47.89474,35.54729,297.6,0.64,0.72,2026-08-24,01:05:00,N20,nominal,2.0NRT,285.62,1.04,N,VIIRS
47.4326,37.07323,316.76,0.76,0.77,2026-08-24,01:05:00,N20,nominal,2.0NRT,284.97,3.07,N,VIIRS
47.43886,37.0783,315.92,0.76,0.77,2026-08-24,01:05:00,N20,nominal,2.0NRT,284.79,2.84,N,VIIRS
45.08561,34.0215,298.29,0.69,0.74,2026-08-24,01:07:00,N20,nominal,2.0NRT,284.99,0.44,N,VIIRS
45.58403,32.85958,329.04,0.59,0.7,2026-08-24,01:07:00,N20,nominal,2.0NRT,291.86,8.19,N,VIIRS
45.5864,32.85252,348.51,0.59,0.7,2026-08-24,01:07:00,N20,nominal,2.0NRT,289.81,8.19,N,VIIRS
45.58763,32.87029,308.86,0.59,0.7,2026-08-24,01:07:00,N20,nominal,2.0NRT,289.34,3.95,N,VIIRS
45.58997,32.86331,328.67,0.59,0.7,2026-08-24,01:07:00,N20,nominal,2.0NRT,289.39,5.15,N,VIIRS
45.58371,32.86679,301.32,0.59,0.7,2026-08-24,01:07:00,N20,nominal,2.0NRT,289.76,6.61,N,VIIRS
45.58612,32.85975,341.07,0.59,0.7,2026-08-24,01:07:00,N20,nominal,2.0NRT,291.98,6.61,N,VIIRS
45.5885,32.85278,345.93,0.59,0.7,2026-08-24,01:07:00,N20,nominal,2.0NRT,289.3,11.33,N,VIIRS
45.58964,32.87055,308.48,0.59,0.7,2026-08-24,01:07:00,N20,nominal,2.0NRT,289.07,1.99,N,VIIRS
45.59202,32.86358,316.31,0.59,0.7,2026-08-24,01:07:00,N20,nominal,2.0NRT,288.87,1.99,N,VIIRS
45.43464,34.05834,308.99,0.67,0.74,2026-08-24,01:07:00,N20,nominal,2.0NRT,285.5,2.35,N,VIIRS
45.43736,34.05067,312.84,0.67,0.74,2026-08-24,01:07:00,N20,nominal,2.0NRT,284.26,2.35,N,VIIRS
45.00967,35.36293,316.9,0.79,0.78,2026-08-24,01:07:00,N20,nominal,2.0NRT,286.92,3.31,N,VIIRS
45.00676,35.36168,316.97,0.79,0.78,2026-08-24,01:07:00,N20,nominal,2.0NRT,286.91,2.67,N,VIIRS
46.17326,33.18209,300.09,0.58,0.7,2026-08-24,01:07:00,N20,nominal,2.0NRT,285,0.61,N,VIIRS
46.16298,33.17819,296.6,0.58,0.7,2026-08-24,01:07:00,N20,nominal,2.0NRT,285.24,0.87,N,VIIRS
46.94725,30.79095,295.49,0.43,0.62,2026-08-24,01:07:00,N20,nominal,2.0NRT,283.92,0.65,N,VIIRS
46.16876,33.18229,301.64,0.58,0.7,2026-08-24,01:07:00,N20,nominal,2.0NRT,285.74,0.87,N,VIIRS
46.39322,32.70801,314.93,0.55,0.68,2026-08-24,01:07:00,N20,nominal,2.0NRT,285.79,1.49,N,VIIRS
46.85215,31.82931,295.52,0.48,0.65,2026-08-24,01:07:00,N20,nominal,2.0NRT,284.08,1.01,N,VIIRS
46.86666,31.82525,307.39,0.48,0.65,2026-08-24,01:07:00,N20,nominal,2.0NRT,284.26,0.89,N,VIIRS
46.85572,31.83226,298.47,0.48,0.65,2026-08-24,01:07:00,N20,nominal,2.0NRT,284.29,0.96,N,VIIRS
46.86489,31.82446,307.58,0.48,0.65,2026-08-24,01:07:00,N20,nominal,2.0NRT,284.44,0.84,N,VIIRS
46.37415,33.67367,302.47,0.6,0.71,2026-08-24,01:07:00,N20,nominal,2.0NRT,286.02,1.31,N,VIIRS
46.37999,33.6779,301.49,0.6,0.71,2026-08-24,01:07:00,N20,nominal,2.0NRT,286.21,1.31,N,VIIRS
48.97406,24.70874,302.98,0.42,0.45,2026-08-24,01:07:00,N20,nominal,2.0NRT,283.46,1.15,N,VIIRS
46.71741,32.60907,295.82,0.53,0.67,2026-08-24,01:07:00,N20,nominal,2.0NRT,284.82,0.45,N,VIIRS
48.97797,24.71095,307.37,0.42,0.45,2026-08-24,01:07:00,N20,nominal,2.0NRT,284.95,1.15,N,VIIRS
46.37533,33.67506,298.77,0.6,0.71,2026-08-24,01:07:00,N20,nominal,2.0NRT,286.32,0.84,N,VIIRS
46.38118,33.67925,299.51,0.6,0.71,2026-08-24,01:07:00,N20,nominal,2.0NRT,286.03,0.84,N,VIIRS
48.74704,26.60497,298.31,0.5,0.49,2026-08-24,01:07:00,N20,nominal,2.0NRT,284.87,1.33,N,VIIRS
46.26911,34.81891,303.55,0.68,0.74,2026-08-24,01:07:00,N20,nominal,2.0NRT,286.85,1.49,N,VIIRS
46.27676,34.90518,316.53,0.68,0.74,2026-08-24,01:07:00,N20,nominal,2.0NRT,286.58,2.95,N,VIIRS
47.97455,29.67982,296.37,0.36,0.57,2026-08-24,01:07:00,N20,nominal,2.0NRT,282.69,0.58,N,VIIRS
46.64134,33.90735,299.54,0.6,0.71,2026-08-24,01:07:00,N20,nominal,2.0NRT,286.34,1.32,N,VIIRS
46.64378,33.90023,298.89,0.6,0.71,2026-08-24,01:07:00,N20,nominal,2.0NRT,284.72,1.32,N,VIIRS
46.64621,33.89314,306.86,0.6,0.71,2026-08-24,01:07:00,N20,nominal,2.0NRT,285.62,2.14,N,VIIRS
46.653,33.91592,300.82,0.6,0.71,2026-08-24,01:07:00,N20,nominal,2.0NRT,285.26,1.28,N,VIIRS
46.65543,33.90882,303.44,0.6,0.71,2026-08-24,01:07:00,N20,nominal,2.0NRT,284.82,1.28,N,VIIRS
46.27074,34.90842,308.3,0.68,0.74,2026-08-24,01:07:00,N20,nominal,2.0NRT,287.31,2.08,N,VIIRS
46.27364,34.90045,309.8,0.68,0.74,2026-08-24,01:07:00,N20,nominal,2.0NRT,286.61,2.08,N,VIIRS
46.64175,33.88854,295.68,0.6,0.71,2026-08-24,01:07:00,N20,nominal,2.0NRT,285.4,1,N,VIIRS
46.64264,33.90694,299.32,0.6,0.71,2026-08-24,01:07:00,N20,nominal,2.0NRT,286.41,1.47,N,VIIRS
46.64512,33.89986,296.19,0.6,0.71,2026-08-24,01:07:00,N20,nominal,2.0NRT,285.01,1,N,VIIRS
46.64758,33.89279,304.24,0.6,0.71,2026-08-24,01:07:00,N20,nominal,2.0NRT,285.64,1,N,VIIRS
46.65433,33.91545,305.97,0.6,0.71,2026-08-24,01:07:00,N20,nominal,2.0NRT,286.07,1.89,N,VIIRS
46.65679,33.90839,299.04,0.6,0.71,2026-08-24,01:07:00,N20,nominal,2.0NRT,284.84,1.34,N,VIIRS
46.66509,33.90556,306.61,0.6,0.71,2026-08-24,01:07:00,N20,nominal,2.0NRT,285.69,1.96,N,VIIRS
46.67922,33.90701,295.99,0.6,0.71,2026-08-24,01:07:00,N20,nominal,2.0NRT,285.5,1.58,N,VIIRS
46.68167,33.89994,316.28,0.6,0.71,2026-08-24,01:07:00,N20,nominal,2.0NRT,285.75,1.58,N,VIIRS
47.61365,31.38009,314.54,0.44,0.62,2026-08-24,01:07:00,N20,nominal,2.0NRT,282.6,11.55,N,VIIRS
47.61191,31.38558,352.25,0.44,0.62,2026-08-24,01:07:00,N20,nominal,2.0NRT,283.44,11.55,N,VIIRS
47.61711,31.38923,345.12,0.44,0.62,2026-08-24,01:07:00,N20,nominal,2.0NRT,284.76,4.49,N,VIIRS
46.71466,34.16728,308.96,0.61,0.71,2026-08-24,01:07:00,N20,nominal,2.0NRT,285.58,1.92,N,VIIRS
46.71717,34.1601,296.53,0.61,0.71,2026-08-24,01:07:00,N20,nominal,2.0NRT,284.91,1.05,N,VIIRS
46.84245,33.79933,297.74,0.59,0.7,2026-08-24,01:07:00,N20,nominal,2.0NRT,284.84,0.87,N,VIIRS
46.67976,34.28806,301.06,0.62,0.72,2026-08-24,01:07:00,N20,nominal,2.0NRT,285.95,0.79,N,VIIRS
46.8768,33.86798,306.8,0.59,0.7,2026-08-24,01:07:00,N20,nominal,2.0NRT,286.74,1.74,N,VIIRS
46.88259,33.87224,305.84,0.59,0.7,2026-08-24,01:07:00,N20,nominal,2.0NRT,285.94,0.97,N,VIIRS
46.88497,33.86526,296.95,0.59,0.7,2026-08-24,01:07:00,N20,nominal,2.0NRT,286.14,0.97,N,VIIRS
46.87894,33.86818,318.73,0.59,0.7,2026-08-24,01:07:00,N20,nominal,2.0NRT,286.26,2.59,N,VIIRS
46.88715,33.86546,300.89,0.59,0.7,2026-08-24,01:07:00,N20,nominal,2.0NRT,285.86,1.21,N,VIIRS
46.90306,33.90331,303.01,0.59,0.7,2026-08-24,01:07:00,N20,nominal,2.0NRT,285.38,1.9,N,VIIRS
46.90401,33.92153,305.35,0.59,0.7,2026-08-24,01:07:00,N20,nominal,2.0NRT,285.43,1.65,N,VIIRS
46.90885,33.90757,305.27,0.59,0.7,2026-08-24,01:07:00,N20,nominal,2.0NRT,286.19,1.9,N,VIIRS
46.91127,33.90061,303.33,0.59,0.7,2026-08-24,01:07:00,N20,nominal,2.0NRT,285.47,1.52,N,VIIRS
46.91367,33.89366,305.16,0.59,0.7,2026-08-24,01:07:00,N20,nominal,2.0NRT,285.33,1.52,N,VIIRS
46.39856,35.36188,301.56,0.71,0.75,2026-08-24,01:07:00,N20,nominal,2.0NRT,286.87,1.99,N,VIIRS
46.5296,35.56759,298.39,0.71,0.75,2026-08-24,01:07:00,N20,nominal,2.0NRT,285.73,1.52,N,VIIRS
46.5326,35.55932,310.43,0.71,0.75,2026-08-24,01:07:00,N20,nominal,2.0NRT,286.2,1.52,N,VIIRS
46.53269,35.56166,312.75,0.71,0.75,2026-08-24,01:07:00,N20,nominal,2.0NRT,285.89,2.61,N,VIIRS
46.53574,35.55341,299.86,0.71,0.75,2026-08-24,01:07:00,N20,nominal,2.0NRT,286.05,1.48,N,VIIRS
47.27023,33.4838,296.82,0.55,0.68,2026-08-24,01:07:00,N20,nominal,2.0NRT,284.6,0.79,N,VIIRS
46.69061,35.23682,315.01,0.68,0.74,2026-08-24,01:07:00,N20,nominal,2.0NRT,287.69,3.15,N,VIIRS
46.74324,35.15527,301.33,0.67,0.74,2026-08-24,01:07:00,N20,nominal,2.0NRT,286.92,0.91,N,VIIRS
46.7461,35.14734,296.84,0.67,0.74,2026-08-24,01:07:00,N20,nominal,2.0NRT,286.52,0.91,N,VIIRS
47.34096,33.46212,296.67,0.55,0.68,2026-08-24,01:07:00,N20,nominal,2.0NRT,285.11,1.2,N,VIIRS
46.7894,35.25157,301.55,0.68,0.74,2026-08-24,01:07:00,N20,nominal,2.0NRT,287.37,1.48,N,VIIRS
46.79234,35.24349,297.39,0.68,0.74,2026-08-24,01:07:00,N20,nominal,2.0NRT,287.12,0.9,N,VIIRS
46.99963,34.87807,331.19,0.64,0.72,2026-08-24,01:07:00,N20,nominal,2.0NRT,288.16,7.25,N,VIIRS
47.00233,34.87045,323.83,0.64,0.72,2026-08-24,01:07:00,N20,nominal,2.0NRT,286.26,6.47,N,VIIRS
47.00145,34.86773,306.64,0.64,0.72,2026-08-24,01:07:00,N20,nominal,2.0NRT,286.29,4.6,N,VIIRS
46.99872,34.87529,338.02,0.64,0.72,2026-08-24,01:07:00,N20,nominal,2.0NRT,288.29,4.6,N,VIIRS
47.00468,34.87978,296.66,0.64,0.72,2026-08-24,01:07:00,N20,nominal,2.0NRT,286.34,0.56,N,VIIRS
47.0074,34.87219,296.89,0.64,0.72,2026-08-24,01:07:00,N20,nominal,2.0NRT,285.8,0.56,N,VIIRS
46.99512,35.22475,311.33,0.66,0.73,2026-08-24,01:07:00,N20,nominal,2.0NRT,286.43,2.16,N,VIIRS
46.99792,35.21694,312.29,0.66,0.73,2026-08-24,01:07:00,N20,nominal,2.0NRT,286.25,2.16,N,VIIRS
46.99276,35.22274,308.97,0.66,0.73,2026-08-24,01:07:00,N20,nominal,2.0NRT,286.55,2.35,N,VIIRS
46.99559,35.21497,301.13,0.66,0.73,2026-08-24,01:07:00,N20,nominal,2.0NRT,286.27,1.97,N,VIIRS
47.00161,35.21953,305.8,0.66,0.73,2026-08-24,01:07:00,N20,nominal,2.0NRT,286.02,0.95,N,VIIRS
46.75099,36.00724,296.6,0.73,0.76,2026-08-24,01:07:00,N20,nominal,2.0NRT,286.06,0.53,N,VIIRS
46.84102,35.97927,300.11,0.72,0.76,2026-08-24,01:07:00,N20,nominal,2.0NRT,286.68,0.98,N,VIIRS
46.84719,35.98409,315.3,0.72,0.76,2026-08-24,01:07:00,N20,nominal,2.0NRT,286.72,2.29,N,VIIRS
46.84229,35.97667,305.97,0.72,0.76,2026-08-24,01:07:00,N20,nominal,2.0NRT,286.71,1.29,N,VIIRS
47.39055,34.46643,296.09,0.6,0.7,2026-08-24,01:07:00,N20,nominal,2.0NRT,285.26,0.96,N,VIIRS
46.84846,35.98148,306.31,0.72,0.76,2026-08-24,01:07:00,N20,nominal,2.0NRT,286.37,1.29,N,VIIRS
49.23379,37.86661,353.69,0.45,0.63,2026-08-24,09:11:00,N20,nominal,2.0NRT,302.37,9.06,D,VIIRS
46.74025,36.24449,337.97,0.64,0.72,2026-08-24,09:11:00,N20,nominal,2.0NRT,302.74,9.17,D,VIIRS
46.7436,36.23261,336.51,0.64,0.72,2026-08-24,09:11:00,N20,nominal,2.0NRT,304.03,6.54,D,VIIRS
46.8668,36.56281,344.58,0.62,0.71,2026-08-24,09:11:00,N20,nominal,2.0NRT,302.56,7.69,D,VIIRS
46.27198,34.81956,331.1,0.77,0.77,2026-08-24,09:11:00,N20,nominal,2.0NRT,299.72,5.68,D,VIIRS
46.54475,35.54544,367,0.7,0.75,2026-08-24,09:11:00,N20,high,2.0NRT,300.1,11.7,D,VIIRS
47.41019,37.98531,337.94,0.52,0.67,2026-08-24,09:11:00,N20,nominal,2.0NRT,300.67,3.94,D,VIIRS
47.41575,37.98142,342.63,0.52,0.67,2026-08-24,09:11:00,N20,nominal,2.0NRT,299.9,3.94,D,VIIRS
46.26865,34.8158,331.1,0.77,0.77,2026-08-24,09:11:00,N20,nominal,2.0NRT,300.45,3.96,D,VIIRS
46.54765,35.54703,335.39,0.7,0.75,2026-08-24,09:11:00,N20,nominal,2.0NRT,299.06,8.23,D,VIIRS
46.544670000000004,35.53888,351.93,0.7,0.75,2026-08-24,09:11:00,N20,nominal,2.0NRT,302.74,8.23,D,VIIRS
47.41192,37.98495,345.94,0.52,0.66,2026-08-24,09:11:00,N20,nominal,2.0NRT,301.72,8.91,D,VIIRS
46.73301,35.95284,334.91,0.66,0.73,2026-08-24,09:11:00,N20,nominal,2.0NRT,302.52,4.74,D,VIIRS
47.92453,39.45724,367,0.43,0.62,2026-08-24,09:11:00,N20,high,2.0NRT,298.56,13.39,D,VIIRS
46.39379,34.95612,335.43,0.75,0.77,2026-08-24,09:11:00,N20,nominal,2.0NRT,301.29,6.87,D,VIIRS
47.93143,39.45923,340.05,0.43,0.62,2026-08-24,09:11:00,N20,nominal,2.0NRT,298.93,8.68,D,VIIRS
47.92976,39.45383,338.87,0.43,0.62,2026-08-24,09:11:00,N20,nominal,2.0NRT,301.47,12.72,D,VIIRS
47.02892,36.70883,335.85,0.6,0.71,2026-08-24,09:11:00,N20,nominal,2.0NRT,301.61,6.4,D,VIIRS
47.93665,39.45575,367,0.43,0.62,2026-08-24,09:11:00,N20,high,2.0NRT,302.12,8.68,D,VIIRS
47.94175,39.45191,367,0.43,0.62,2026-08-24,09:11:00,N20,high,2.0NRT,301.63,5.63,D,VIIRS
46.66181,35.62569,331.21,0.69,0.74,2026-08-24,09:11:00,N20,low,2.0NRT,302.79,4.53,D,VIIRS
47.94682,39.44796,349.73,0.43,0.62,2026-08-24,09:11:00,N20,nominal,2.0NRT,300.81,5.63,D,VIIRS
47.40396,37.7118,367,0.53,0.67,2026-08-24,09:11:00,N20,high,2.0NRT,300.72,7.85,D,VIIRS
47.40193,37.70568,340.57,0.53,0.67,2026-08-24,09:11:00,N20,nominal,2.0NRT,302.23,7.85,D,VIIRS
47.40486,37.71391,346.76,0.53,0.67,2026-08-24,09:11:00,N20,nominal,2.0NRT,298.71,6.72,D,VIIRS
47.4028,37.7078,344.37,0.53,0.67,2026-08-24,09:11:00,N20,nominal,2.0NRT,301.85,6.72,D,VIIRS
46.93279,36.15896,348.57,0.64,0.72,2026-08-24,09:11:00,N20,nominal,2.0NRT,301.87,7.02,D,VIIRS
47.92994,39.12077,367,0.44,0.63,2026-08-24,09:11:00,N20,high,2.0NRT,299.37,79.13,D,VIIRS
47.92827,39.11546,345.04,0.44,0.63,2026-08-24,09:11:00,N20,nominal,2.0NRT,309.83,127.77,D,VIIRS
46.93877,36.15462,332.49,0.64,0.72,2026-08-24,09:11:00,N20,nominal,2.0NRT,300.37,3.55,D,VIIRS
47.93506,39.11673,367,0.44,0.63,2026-08-24,09:11:00,N20,high,2.0NRT,309.55,79.13,D,VIIRS
47.93855,39.10748,367,0.44,0.63,2026-08-24,09:11:00,N20,high,2.0NRT,306.53,15.75,D,VIIRS
47.94026,39.11291,336.53,0.44,0.63,2026-08-24,09:11:00,N20,nominal,2.0NRT,298.76,8.37,D,VIIRS
46.80662,35.65485,330.7,0.68,0.74,2026-08-24,09:11:00,N20,low,2.0NRT,301.54,6.11,D,VIIRS
47.17921,36.69561,341.37,0.6,0.7,2026-08-24,09:11:00,N20,nominal,2.0NRT,300.22,7.08,D,VIIRS
46.80982,35.64227,331.72,0.68,0.74,2026-08-24,09:11:00,N20,low,2.0NRT,303.07,5.7,D,VIIRS
46.80802,35.57248,331.91,0.68,0.74,2026-08-24,09:11:00,N20,nominal,2.0NRT,300.42,2.73,D,VIIRS
46.57339,34.85847,367,0.75,0.77,2026-08-24,09:11:00,N20,high,2.0NRT,305.36,62.74,D,VIIRS
46.57023,34.84983,342.86,0.75,0.77,2026-08-24,09:11:00,N20,nominal,2.0NRT,301.2,40.05,D,VIIRS
47.66699,37.9804,334.92,0.51,0.66,2026-08-24,09:11:00,N20,nominal,2.0NRT,298.28,4.43,D,VIIRS
46.57438,34.86289,350.39,0.74,0.76,2026-08-24,09:11:00,N20,nominal,2.0NRT,301.12,38.91,D,VIIRS
46.57118,34.85429,344.47,0.75,0.77,2026-08-24,09:11:00,N20,nominal,2.0NRT,310.16,38.91,D,VIIRS
46.89602,35.72139,367,0.67,0.73,2026-08-24,09:11:00,N20,high,2.0NRT,304.61,10.77,D,VIIRS
46.89883,35.72923,343.48,0.67,0.73,2026-08-24,09:11:00,N20,nominal,2.0NRT,300.54,10.77,D,VIIRS
47.93043,38.71055,336.59,0.46,0.64,2026-08-24,09:11:00,N20,nominal,2.0NRT,299.65,4.82,D,VIIRS
47.00073,35.92916,333.97,0.65,0.73,2026-08-24,09:11:00,N20,nominal,2.0NRT,299.56,3.89,D,VIIRS
47.00667,35.92455,330.04,0.65,0.73,2026-08-24,09:11:00,N20,low,2.0NRT,300.33,4.55,D,VIIRS
46.7467,35.15566,330.4,0.71,0.75,2026-08-24,09:11:00,N20,low,2.0NRT,300.56,5.27,D,VIIRS
47.51782,37.18197,354.5,0.55,0.68,2026-08-24,09:11:00,N20,nominal,2.0NRT,300.39,10.32,D,VIIRS
48.21789,39.16936,347.12,0.43,0.62,2026-08-24,09:11:00,N20,nominal,2.0NRT,299.79,5.88,D,VIIRS
47.72387,37.60939,342.52,0.52,0.67,2026-08-24,09:11:00,N20,nominal,2.0NRT,300.34,8.79,D,VIIRS
47.14096,35.86143,367,0.65,0.73,2026-08-24,09:11:00,N20,high,2.0NRT,300.96,10.6,D,VIIRS
47.14046,35.86485,344.49,0.65,0.73,2026-08-24,09:11:00,N20,nominal,2.0NRT,298.98,6.28,D,VIIRS
47.13771,35.8572,336.54,0.65,0.73,2026-08-24,09:11:00,N20,nominal,2.0NRT,301.05,6.28,D,VIIRS
48.47819,39.7938,350.41,0.4,0.6,2026-08-24,09:11:00,N20,nominal,2.0NRT,300.25,7.45,D,VIIRS
47.06194,35.49796,367,0.67,0.74,2026-08-24,09:11:00,N20,high,2.0NRT,301.01,32.62,D,VIIRS
47.05906,35.48997,353.04,0.67,0.74,2026-08-24,09:11:00,N20,nominal,2.0NRT,303.2,34.41,D,VIIRS
47.3288,36.22677,367,0.61,0.71,2026-08-24,09:11:00,N20,high,2.0NRT,298.5,19.99,D,VIIRS
47.06794,35.49321,367,0.67,0.74,2026-08-24,09:11:00,N20,high,2.0NRT,298.76,32.62,D,VIIRS
47.32629,36.21959,350.96,0.62,0.71,2026-08-24,09:11:00,N20,nominal,2.0NRT,303.42,20.02,D,VIIRS
47.32116,36.20497,333.06,0.62,0.71,2026-08-24,09:11:00,N20,nominal,2.0NRT,300.48,5.65,D,VIIRS
47.24462,35.98777,345.96,0.63,0.72,2026-08-24,09:11:00,N20,nominal,2.0NRT,300.86,6.97,D,VIIRS
47.06508,35.48528,343.45,0.67,0.74,2026-08-24,09:11:00,N20,nominal,2.0NRT,310.77,34.41,D,VIIRS
47.07112,35.48063,356,0.67,0.74,2026-08-24,09:11:00,N20,low,2.0NRT,296.84,11.79,D,VIIRS
47.4048,36.29638,367,0.61,0.71,2026-08-24,09:11:00,N20,high,2.0NRT,305.37,26.13,D,VIIRS
47.41059,36.29188,367,0.61,0.71,2026-08-24,09:11:00,N20,high,2.0NRT,303.4,26.13,D,VIIRS
47.05067,35.27354,367,0.69,0.74,2026-08-24,09:11:00,N20,high,2.0NRT,303.52,16.33,D,VIIRS
47.40812,36.28476,330.41,0.61,0.71,2026-08-24,09:11:00,N20,nominal,2.0NRT,300.99,29.61,D,VIIRS
47.41637,36.2873,367,0.61,0.71,2026-08-24,09:11:00,N20,high,2.0NRT,305.08,17.67,D,VIIRS
47.33238,36.04589,367,0.63,0.72,2026-08-24,09:11:00,N20,high,2.0NRT,304.85,37.99,D,VIIRS
47.82786,37.503660000000004,354.27,0.52,0.67,2026-08-24,09:11:00,N20,nominal,2.0NRT,305.04,8.93,D,VIIRS
47.05966,35.27691,333.04,0.69,0.74,2026-08-24,09:11:00,N20,nominal,2.0NRT,300.62,4.8,D,VIIRS
47.83342,37.49962,367,0.52,0.67,2026-08-24,09:11:00,N20,high,2.0NRT,301.82,8.93,D,VIIRS
47.42216,36.28279,367,0.61,0.71,2026-08-24,09:11:00,N20,high,2.0NRT,306.17,17.67,D,VIIRS
47.33834,36.0416,350.78,0.63,0.72,2026-08-24,09:11:00,N20,nominal,2.0NRT,311.65,37.99,D,VIIRS
47.32789,36.0117,345.71,0.63,0.72,2026-08-24,09:11:00,N20,nominal,2.0NRT,303.81,8.27,D,VIIRS
47.33646,36.01487,333.09,0.63,0.72,2026-08-24,09:11:00,N20,nominal,2.0NRT,303.07,4.95,D,VIIRS
47.40554,36.2961,367,0.61,0.71,2026-08-24,09:11:00,N20,high,2.0NRT,304.37,15.78,D,VIIRS
47.40303,36.28901,340.3,0.61,0.71,2026-08-24,09:11:00,N20,nominal,2.0NRT,300.19,15.78,D,VIIRS
47.82828,37.50251,367,0.52,0.67,2026-08-24,09:11:00,N20,high,2.0NRT,305.28,11.71,D,VIIRS
47.41134,36.29161,367,0.61,0.71,2026-08-24,09:11:00,N20,high,2.0NRT,302.19,15.78,D,VIIRS
47.40884,36.28452,344.08,0.61,0.71,2026-08-24,09:11:00,N20,nominal,2.0NRT,302.63,15.78,D,VIIRS
47.31009,36.00591,337.57,0.63,0.72,2026-08-24,09:11:00,N20,nominal,2.0NRT,299.86,4.87,D,VIIRS
47.04706,35.27792,339.04,0.69,0.74,2026-08-24,09:11:00,N20,nominal,2.0NRT,299.11,5,D,VIIRS
47.41713,36.28708,367,0.61,0.71,2026-08-24,09:11:00,N20,high,2.0NRT,305.62,11.05,D,VIIRS
47.33211,36.04673,367,0.63,0.72,2026-08-24,09:11:00,N20,high,2.0NRT,301.73,37.97,D,VIIRS
47.83385,37.49851,355.3,0.52,0.67,2026-08-24,09:11:00,N20,nominal,2.0NRT,300.79,9.27,D,VIIRS
47.41466,36.28006,331.88,0.61,0.71,2026-08-24,09:11:00,N20,nominal,2.0NRT,301.09,11.05,D,VIIRS
47.05313,35.27321,353.57,0.69,0.74,2026-08-24,09:11:00,N20,nominal,2.0NRT,302.5,16.41,D,VIIRS
47.42293,36.2826,367,0.61,0.71,2026-08-24,09:11:00,N20,high,2.0NRT,305.09,11.05,D,VIIRS
47.33808,36.04248,367,0.63,0.72,2026-08-24,09:11:00,N20,high,2.0NRT,310.35,37.97,D,VIIRS
47.3275,36.01269,338.53,0.63,0.72,2026-08-24,09:11:00,N20,nominal,2.0NRT,303.58,9.43,D,VIIRS
47.33611,36.01588,334.13,0.63,0.72,2026-08-24,09:11:00,N20,nominal,2.0NRT,303.28,4.72,D,VIIRS
47.89672,37.62472,367,0.51,0.66,2026-08-24,09:11:00,N20,high,2.0NRT,299.4,13.73,D,VIIRS
46.87491,34.68307,367,0.74,0.76,2026-08-24,09:11:00,N20,high,2.0NRT,301.98,17.98,D,VIIRS
47.81816,37.32795,339.8,0.53,0.67,2026-08-24,09:11:00,N20,nominal,2.0NRT,300.61,9,D,VIIRS
47.81597,37.32141,339.33,0.53,0.67,2026-08-24,09:11:00,N20,nominal,2.0NRT,303.36,11.86,D,VIIRS
46.88111,34.67817,335.48,0.74,0.76,2026-08-24,09:11:00,N20,nominal,2.0NRT,300.05,3.22,D,VIIRS
47.82375,37.32385,354.79,0.53,0.67,2026-08-24,09:11:00,N20,nominal,2.0NRT,304.94,9,D,VIIRS
47.51709,36.38379,367,0.6,0.7,2026-08-24,09:11:00,N20,high,2.0NRT,301.68,31.72,D,VIIRS
47.51464,36.37674,367,0.6,0.7,2026-08-24,09:11:00,N20,high,2.0NRT,308.28,62.08,D,VIIRS
47.52042,36.37229,367,0.6,0.7,2026-08-24,09:11:00,N20,high,2.0NRT,305.73,17.09,D,VIIRS
47.52284,36.37926,343.62,0.6,0.7,2026-08-24,09:11:00,N20,nominal,2.0NRT,303.95,16.15,D,VIIRS
47.69711,36.86562,367,0.56,0.69,2026-08-24,09:11:00,N20,high,2.0NRT,306.54,16.03,D,VIIRS
47.81713,37.20018,333.96,0.54,0.68,2026-08-24,09:11:00,N20,nominal,2.0NRT,301.12,2.77,D,VIIRS
47.7028,36.86141,333.37,0.56,0.69,2026-08-24,09:11:00,N20,nominal,2.0NRT,303.15,3.32,D,VIIRS
47.05493,34.97776,367,0.71,0.75,2026-08-24,09:11:00,N20,high,2.0NRT,304.07,10.92,D,VIIRS
47.06105,34.97297,355.17,0.71,0.75,2026-08-24,09:11:00,N20,nominal,2.0NRT,303.13,10.92,D,VIIRS
47.573,36.37644,367,0.59,0.7,2026-08-24,09:11:00,N20,high,2.0NRT,301.02,21.94,D,VIIRS
47.57065,36.36962,353.88,0.6,0.7,2026-08-24,09:11:00,N20,nominal,2.0NRT,302.71,19.95,D,VIIRS
47.95422,37.48759,330.39,0.52,0.67,2026-08-24,09:11:00,N20,nominal,2.0NRT,299.62,2.57,D,VIIRS
47.64132,36.55457,351.7,0.58,0.7,2026-08-24,09:11:00,N20,nominal,2.0NRT,303.48,12.54,D,VIIRS
47.64467,36.54321,335.63,0.58,0.7,2026-08-24,09:11:00,N20,nominal,2.0NRT,302.77,9.72,D,VIIRS
47.32077,35.61078,356.04,0.65,0.73,2026-08-24,09:11:00,N20,nominal,2.0NRT,309.36,61.73,D,VIIRS
47.05592,34.97555,367,0.71,0.75,2026-08-24,09:11:00,N20,high,2.0NRT,304.88,17.92,D,VIIRS
47.06205,34.97079,339.95,0.71,0.75,2026-08-24,09:11:00,N20,nominal,2.0NRT,302.36,7.24,D,VIIRS
47.57419,36.37333,367,0.59,0.7,2026-08-24,09:11:00,N20,high,2.0NRT,302.3,15.62,D,VIIRS
47.95682,37.49052,330.47,0.52,0.67,2026-08-24,09:11:00,N20,low,2.0NRT,301.32,3.27,D,VIIRS
47.57178,36.36645,338.87,0.59,0.7,2026-08-24,09:11:00,N20,nominal,2.0NRT,300.76,15.62,D,VIIRS
47.64327,36.55061,345.88,0.58,0.7,2026-08-24,09:11:00,N20,nominal,2.0NRT,303.61,12.01,D,VIIRS
47.31858,35.61064,367,0.65,0.73,2026-08-24,09:11:00,N20,high,2.0NRT,304.68,22.07,D,VIIRS
47.3247,35.60647,354.7,0.65,0.73,2026-08-24,09:11:00,N20,nominal,2.0NRT,309.26,53.34,D,VIIRS
47.70198,36.63683,367,0.57,0.69,2026-08-24,09:11:00,N20,high,2.0NRT,305.6,19.62,D,VIIRS
47.69962,36.62998,355.35,0.57,0.69,2026-08-24,09:11:00,N20,nominal,2.0NRT,306.59,18.77,D,VIIRS
47.31162,35.5276,330.14,0.66,0.73,2026-08-24,09:11:00,N20,low,2.0NRT,300.75,2.85,D,VIIRS
47.70772,36.63258,367,0.57,0.69,2026-08-24,09:11:00,N20,high,2.0NRT,302.21,19.62,D,VIIRS
47.70531,36.62558,355.19,0.57,0.69,2026-08-24,09:11:00,N20,nominal,2.0NRT,302.97,18.77,D,VIIRS
47.17092,35.11763,333.46,0.69,0.74,2026-08-24,09:11:00,N20,nominal,2.0NRT,300.07,2.82,D,VIIRS
47.71108,36.62143,339.87,0.57,0.69,2026-08-24,09:11:00,N20,nominal,2.0NRT,302.04,5.35,D,VIIRS
47.70869,36.61447,330.53,0.57,0.69,2026-08-24,09:11:00,N20,nominal,2.0NRT,300.34,5.35,D,VIIRS
48.02602,37.53328,332.68,0.51,0.66,2026-08-24,09:11:00,N20,nominal,2.0NRT,301.38,8.09,D,VIIRS
47.71683,36.61721,343.3,0.57,0.69,2026-08-24,09:11:00,N20,nominal,2.0NRT,302.21,5.35,D,VIIRS
47.87476,37.03938,338.96,0.54,0.68,2026-08-24,09:11:00,N20,nominal,2.0NRT,299.34,2.41,D,VIIRS
47.63206,36.26619,337.4,0.6,0.7,2026-08-24,09:11:00,N20,nominal,2.0NRT,303.37,3.65,D,VIIRS
48.21978,38.00135,367,0.48,0.65,2026-08-24,09:11:00,N20,high,2.0NRT,300.85,16.03,D,VIIRS
48.21791,37.99558,346.02,0.48,0.65,2026-08-24,09:11:00,N20,nominal,2.0NRT,301.16,11.77,D,VIIRS
48.2107,37.91133,334.1,0.49,0.65,2026-08-24,09:11:00,N20,nominal,2.0NRT,300,2.69,D,VIIRS
47.73592,36.46235,338.33,0.58,0.7,2026-08-24,09:11:00,N20,nominal,2.0NRT,302.08,5.49,D,VIIRS
47.73358,36.45552,336.65,0.58,0.7,2026-08-24,09:11:00,N20,nominal,2.0NRT,300.82,5.49,D,VIIRS
48.21771,38.00147,367,0.48,0.65,2026-08-24,09:11:00,N20,high,2.0NRT,301.02,16.83,D,VIIRS
47.63335,36.2653,339.78,0.6,0.7,2026-08-24,09:11:00,N20,nominal,2.0NRT,302.06,3.22,D,VIIRS
47.73818,36.46068,332.33,0.58,0.7,2026-08-24,09:11:00,N20,nominal,2.0NRT,300.39,7.38,D,VIIRS
47.73581,36.45385,342.19,0.58,0.7,2026-08-24,09:11:00,N20,nominal,2.0NRT,301.27,8.39,D,VIIRS
47.85733,36.78515,339.26,0.56,0.69,2026-08-24,09:11:00,N20,nominal,2.0NRT,305.39,7.52,D,VIIRS
47.93307,36.98636,334.76,0.54,0.68,2026-08-24,09:11:00,N20,nominal,2.0NRT,303.63,6.05,D,VIIRS
48.39716,38.35011,340.62,0.46,0.64,2026-08-24,09:11:00,N20,nominal,2.0NRT,300.05,4.16,D,VIIRS
48.20583,37.69965,348.98,0.5,0.66,2026-08-24,09:11:00,N20,nominal,2.0NRT,299.26,6.67,D,VIIRS
48.20382,37.69352,350.85,0.5,0.66,2026-08-24,09:11:00,N20,nominal,2.0NRT,300.98,6.67,D,VIIRS
48.20926,37.68952,346.64,0.5,0.66,2026-08-24,09:11:00,N20,nominal,2.0NRT,302.98,6.67,D,VIIRS
47.84623,36.60664,350.95,0.57,0.69,2026-08-24,09:11:00,N20,nominal,2.0NRT,303.06,5.95,D,VIIRS
48.07598,37.24513,367,0.53,0.67,2026-08-24,09:11:00,N20,high,2.0NRT,303.08,18.08,D,VIIRS
48.07384,37.23871,335.05,0.53,0.67,2026-08-24,09:11:00,N20,nominal,2.0NRT,301.74,9.43,D,VIIRS
48.08151,37.24094,367,0.53,0.67,2026-08-24,09:11:00,N20,high,2.0NRT,300.53,8.72,D,VIIRS
47.76628,36.28992,367,0.59,0.7,2026-08-24,09:11:00,N20,high,2.0NRT,302.45,10.3,D,VIIRS
47.40283,35.25715,351.8,0.67,0.74,2026-08-24,09:11:00,N20,nominal,2.0NRT,300.14,8.93,D,VIIRS
47.92965,36.74685,367,0.56,0.69,2026-08-24,09:11:00,N20,high,2.0NRT,300.64,23.55,D,VIIRS
48.2205,37.62057,334.19,0.5,0.66,2026-08-24,09:11:00,N20,nominal,2.0NRT,298.19,4.63,D,VIIRS
47.93529,36.74252,367,0.56,0.69,2026-08-24,09:11:00,N20,high,2.0NRT,302.18,23.55,D,VIIRS
47.93306,36.73592,336.79,0.56,0.69,2026-08-24,09:11:00,N20,nominal,2.0NRT,303.56,30.47,D,VIIRS
48.15411,37.37691,331.34,0.52,0.67,2026-08-24,09:11:00,N20,nominal,2.0NRT,299.79,3.99,D,VIIRS
48.00693,36.91328,367,0.55,0.68,2026-08-24,09:11:00,N20,high,2.0NRT,302.7,9.05,D,VIIRS
48.25275,37.65722,329.93,0.5,0.66,2026-08-24,09:11:00,N20,nominal,2.0NRT,297.81,4.11,D,VIIRS
48.07703,37.24527,367,0.53,0.67,2026-08-24,09:11:00,N20,high,2.0NRT,301.27,10.16,D,VIIRS
48.12194,37.37806,335.4,0.52,0.67,2026-08-24,09:11:00,N20,nominal,2.0NRT,299.04,3.85,D,VIIRS
48.07486,37.23887,332.97,0.53,0.67,2026-08-24,09:11:00,N20,nominal,2.0NRT,302.17,10.16,D,VIIRS
48.08255,37.24109,351.54,0.53,0.67,2026-08-24,09:11:00,N20,nominal,2.0NRT,298.26,10.16,D,VIIRS
48.2178,37.62315,332.55,0.5,0.66,2026-08-24,09:11:00,N20,nominal,2.0NRT,297.39,3.19,D,VIIRS
47.76319,36.29444,350.09,0.59,0.7,2026-08-24,09:11:00,N20,nominal,2.0NRT,299.9,5.48,D,VIIRS
48.22326,37.6191,331.88,0.5,0.66,2026-08-24,09:11:00,N20,nominal,2.0NRT,297.46,3.19,D,VIIRS
47.76896,36.29004,337.78,0.59,0.7,2026-08-24,09:11:00,N20,nominal,2.0NRT,298.64,5.48,D,VIIRS
47.93424,36.74495,367,0.56,0.69,2026-08-24,09:11:00,N20,high,2.0NRT,300.41,29.01,D,VIIRS
47.93198,36.73838,339.93,0.56,0.69,2026-08-24,09:11:00,N20,nominal,2.0NRT,310.3,29.01,D,VIIRS
47.40431,35.24943,349.14,0.67,0.74,2026-08-24,09:11:00,N20,nominal,2.0NRT,301.55,7.78,D,VIIRS
48.25034,37.65977,336.8,0.5,0.66,2026-08-24,09:11:00,N20,nominal,2.0NRT,297.97,4.83,D,VIIRS
48.15162,37.3639,329.62,0.52,0.67,2026-08-24,09:11:00,N20,low,2.0NRT,299.66,2.72,D,VIIRS
48.00668,36.91496,344.5,0.55,0.68,2026-08-24,09:11:00,N20,nominal,2.0NRT,301.56,5.49,D,VIIRS
48.05829,37.02539,340.25,0.54,0.68,2026-08-24,09:11:00,N20,nominal,2.0NRT,301.18,8.22,D,VIIRS
48.29852,37.68278,367,0.5,0.65,2026-08-24,09:11:00,N20,high,2.0NRT,300.94,13.36,D,VIIRS
48.63665,38.73149,331.78,0.44,0.62,2026-08-24,09:11:00,N20,nominal,2.0NRT,300.31,3.69,D,VIIRS
47.50333,35.35295,333.54,0.66,0.73,2026-08-24,09:11:00,N20,nominal,2.0NRT,300.12,5.48,D,VIIRS
48.48324,38.20957,367,0.46,0.64,2026-08-24,09:11:00,N20,high,2.0NRT,303.66,17.66,D,VIIRS
48.48501,38.21508,336.37,0.46,0.64,2026-08-24,09:11:00,N20,nominal,2.0NRT,299.4,17.66,D,VIIRS
48.48146,38.20404,353.04,0.46,0.64,2026-08-24,09:11:00,N20,nominal,2.0NRT,308.87,48.49,D,VIIRS
47.63431,35.6983,355.49,0.63,0.72,2026-08-24,09:11:00,N20,nominal,2.0NRT,296.23,11.5,D,VIIRS
48.48854,38.20565,330.63,0.46,0.64,2026-08-24,09:11:00,N20,nominal,2.0NRT,302.73,5.67,D,VIIRS
47.20841,34.50281,331.57,0.73,0.76,2026-08-24,09:11:00,N20,nominal,2.0NRT,299.28,6.65,D,VIIRS
48.54102,38.34914,367,0.46,0.63,2026-08-24,09:11:00,N20,high,2.0NRT,303.09,9.5,D,VIIRS
48.54276,38.35461,336.7,0.46,0.63,2026-08-24,09:11:00,N20,nominal,2.0NRT,297.95,9.5,D,VIIRS
48.33351,37.68668,348.42,0.49,0.65,2026-08-24,09:11:00,N20,nominal,2.0NRT,302.22,5.67,D,VIIRS
47.57048,35.36983,332.84,0.65,0.73,2026-08-24,09:11:00,N20,nominal,2.0NRT,302.16,4.41,D,VIIRS
47.1122,34.09241,367,0.77,0.77,2026-08-24,09:11:00,N20,high,2.0NRT,299.28,21.28,D,VIIRS
47.57448,35.3673,331.6,0.65,0.73,2026-08-24,09:11:00,N20,nominal,2.0NRT,300.14,4.75,D,VIIRS
47.11108,34.09566,337.32,0.77,0.77,2026-08-24,09:11:00,N20,nominal,2.0NRT,299.04,13.99,D,VIIRS
47.10771,34.08676,349.8,0.77,0.77,2026-08-24,09:11:00,N20,nominal,2.0NRT,301.85,16.32,D,VIIRS
48.41101,37.74727,330.98,0.49,0.65,2026-08-24,09:11:00,N20,nominal,2.0NRT,300.66,8.42,D,VIIRS
48.40905,37.74134,332.6,0.49,0.65,2026-08-24,09:11:00,N20,nominal,2.0NRT,300.69,7.27,D,VIIRS
48.30099,37.37431,353.28,0.51,0.66,2026-08-24,09:11:00,N20,nominal,2.0NRT,296.43,13.37,D,VIIRS
48.2989,37.36802,353.15,0.51,0.66,2026-08-24,09:11:00,N20,nominal,2.0NRT,301.66,16.55,D,VIIRS
48.30437,37.3639,331.29,0.51,0.66,2026-08-24,09:11:00,N20,nominal,2.0NRT,299.61,9.84,D,VIIRS
48.30994,37.36004,367,0.51,0.66,2026-08-24,09:11:00,N20,high,2.0NRT,300.96,9.84,D,VIIRS
48.41876,37.68914,338.41,0.49,0.65,2026-08-24,09:11:00,N20,nominal,2.0NRT,297.49,3.46,D,VIIRS
48.3078,37.35363,351.01,0.51,0.66,2026-08-24,09:11:00,N20,nominal,2.0NRT,299.83,9.84,D,VIIRS
48.599850000000004,38.22613,367,0.46,0.63,2026-08-24,09:11:00,N20,high,2.0NRT,305,13.39,D,VIIRS
48.60513,38.22226,344.01,0.46,0.63,2026-08-24,09:11:00,N20,nominal,2.0NRT,300.06,13.39,D,VIIRS
48.38505,37.50457,339.34,0.5,0.66,2026-08-24,09:11:00,N20,nominal,2.0NRT,299.51,3.13,D,VIIRS
48.45214,37.68851,367,0.49,0.65,2026-08-24,09:11:00,N20,high,2.0NRT,302.68,15.19,D,VIIRS
48.83663,38.87362,336.22,0.42,0.61,2026-08-24,09:11:00,N20,nominal,2.0NRT,296.44,4.52,D,VIIRS
48.83497,38.86827,332.55,0.42,0.61,2026-08-24,09:11:00,N20,nominal,2.0NRT,297.95,4.47,D,VIIRS
48.50768,37.83856,335.98,0.48,0.65,2026-08-24,09:11:00,N20,nominal,2.0NRT,301,3.62,D,VIIRS
48.82742,38.74276,348.63,0.43,0.62,2026-08-24,09:11:00,N20,nominal,2.0NRT,303.57,28.75,D,VIIRS
48.82576,38.73744,345.96,0.43,0.62,2026-08-24,09:11:00,N20,nominal,2.0NRT,316.65,28.75,D,VIIRS
48.82409,38.73209,331.44,0.43,0.62,2026-08-24,09:11:00,N20,nominal,2.0NRT,302.22,26.14,D,VIIRS
48.83261,38.73915,346.59,0.43,0.62,2026-08-24,09:11:00,N20,nominal,2.0NRT,303.92,28.75,D,VIIRS
48.83095,38.73381,354.75,0.43,0.62,2026-08-24,09:11:00,N20,nominal,2.0NRT,307.62,28.75,D,VIIRS
48.82928,38.72846,344.99,0.43,0.62,2026-08-24,09:11:00,N20,nominal,2.0NRT,308.31,26.14,D,VIIRS
48.78912,38.59964,330.94,0.44,0.62,2026-08-24,09:11:00,N20,low,2.0NRT,300.98,4.21,D,VIIRS
48.44644,37.5267,331.94,0.5,0.66,2026-08-24,09:11:00,N20,nominal,2.0NRT,299.19,3.42,D,VIIRS
48.38599,37.34206,331.04,0.51,0.66,2026-08-24,09:11:00,N20,nominal,2.0NRT,298.5,5.89,D,VIIRS
48.38402,37.33608,348.76,0.51,0.66,2026-08-24,09:11:00,N20,nominal,2.0NRT,301.18,8.34,D,VIIRS
47.31553,34.27364,339.9,0.74,0.76,2026-08-24,09:11:00,N20,nominal,2.0NRT,297.61,6.13,D,VIIRS
48.82535,38.74366,340.09,0.43,0.62,2026-08-24,09:11:00,N20,nominal,2.0NRT,302.25,17.43,D,VIIRS
48.82367,38.73838,349.96,0.43,0.62,2026-08-24,09:11:00,N20,nominal,2.0NRT,310.05,36.2,D,VIIRS
48.82887,38.73478,367,0.43,0.62,2026-08-24,09:11:00,N20,high,2.0NRT,308.67,29.38,D,VIIRS
48.83055,38.74008,337.37,0.43,0.62,2026-08-24,09:11:00,N20,nominal,2.0NRT,304.68,12.13,D,VIIRS
48.82718,38.72944,342.7,0.43,0.62,2026-08-24,09:11:00,N20,nominal,2.0NRT,308.96,29.38,D,VIIRS
48.83406,38.73114,367,0.43,0.62,2026-08-24,09:11:00,N20,high,2.0NRT,304.8,29.38,D,VIIRS
48.83575,38.73648,338.32,0.43,0.62,2026-08-24,09:11:00,N20,nominal,2.0NRT,304.96,12.13,D,VIIRS
48.38625,37.33522,367,0.51,0.66,2026-08-24,09:11:00,N20,high,2.0NRT,303.05,10.66,D,VIIRS
48.42917,37.46389,346.2,0.5,0.66,2026-08-24,09:11:00,N20,nominal,2.0NRT,298.85,5.68,D,VIIRS
48.54787,37.80282,367,0.48,0.65,2026-08-24,09:11:00,N20,high,2.0NRT,300.94,10.39,D,VIIRS
48.45713,37.52765,341.69,0.5,0.66,2026-08-24,09:11:00,N20,nominal,2.0NRT,300.35,6.54,D,VIIRS
47.89826,35.87434,334.7,0.61,0.71,2026-08-24,09:11:00,N20,nominal,2.0NRT,296.86,4.74,D,VIIRS
47.32294,34.27275,341.48,0.74,0.76,2026-08-24,09:11:00,N20,nominal,2.0NRT,297.53,8.93,D,VIIRS
47.3197,34.26409,339.07,0.74,0.76,2026-08-24,09:11:00,N20,nominal,2.0NRT,299.07,8.93,D,VIIRS
48.82501,38.44046,329.56,0.44,0.63,2026-08-24,09:11:00,N20,nominal,2.0NRT,297.16,2.98,D,VIIRS
48.78634,38.31829,356.18,0.45,0.63,2026-08-24,09:11:00,N20,nominal,2.0NRT,304.95,23.51,D,VIIRS
48.78462,38.31289,334.36,0.45,0.63,2026-08-24,09:11:00,N20,nominal,2.0NRT,298.74,6.46,D,VIIRS
48.50666,37.45212,331.58,0.5,0.66,2026-08-24,09:11:00,N20,nominal,2.0NRT,297.65,3.42,D,VIIRS
47.82327,35.45156,334.2,0.64,0.72,2026-08-24,09:11:00,N20,nominal,2.0NRT,298.6,4.92,D,VIIRS
48.79,38.30951,340.59,0.45,0.63,2026-08-24,09:11:00,N20,nominal,2.0NRT,301.35,6.46,D,VIIRS
47.82916,35.4469,339.8,0.64,0.72,2026-08-24,09:11:00,N20,nominal,2.0NRT,301.8,4.92,D,VIIRS
48.63275,37.79794,367,0.48,0.64,2026-08-24,09:11:00,N20,high,2.0NRT,305.54,17.34,D,VIIRS
48.63091,37.79222,332.53,0.48,0.65,2026-08-24,09:11:00,N20,nominal,2.0NRT,301.43,6.97,D,VIIRS
48.78802,38.31884,367,0.45,0.63,2026-08-24,09:11:00,N20,high,2.0NRT,301.46,19.02,D,VIIRS
48.7863,38.31351,352.02,0.45,0.63,2026-08-24,09:11:00,N20,nominal,2.0NRT,302.23,9.98,D,VIIRS
48.79169,38.31011,336.19,0.45,0.63,2026-08-24,09:11:00,N20,nominal,2.0NRT,300.95,9.98,D,VIIRS
48.63217,37.80079,367,0.48,0.64,2026-08-24,09:11:00,N20,high,2.0NRT,300.84,12.76,D,VIIRS
48.6303,37.79512,338.28,0.48,0.64,2026-08-24,09:11:00,N20,nominal,2.0NRT,303.31,11.41,D,VIIRS
47.82702,35.44477,351.55,0.63,0.72,2026-08-24,09:11:00,N20,nominal,2.0NRT,303.31,12.38,D,VIIRS
48.76286,38.07996,349.73,0.46,0.64,2026-08-24,09:11:00,N20,nominal,2.0NRT,298.62,8.14,D,VIIRS
48.75726,38.06264,334.1,0.46,0.64,2026-08-24,09:11:00,N20,nominal,2.0NRT,303.15,6.8,D,VIIRS
48.76254,38.05873,367,0.46,0.64,2026-08-24,09:11:00,N20,high,2.0NRT,301.11,6.8,D,VIIRS
47.61111,34.72522,367,0.69,0.74,2026-08-24,09:11:00,N20,high,2.0NRT,301.96,11.83,D,VIIRS
48.80611,38.15339,367,0.46,0.63,2026-08-24,09:11:00,N20,high,2.0NRT,300.07,9.64,D,VIIRS
48.80431,38.1478,331.72,0.46,0.63,2026-08-24,09:11:00,N20,nominal,2.0NRT,298.82,7.24,D,VIIRS
48.71585,37.83345,333.47,0.47,0.64,2026-08-24,09:11:00,N20,nominal,2.0NRT,298.94,4.67,D,VIIRS
48.78183,37.97636,332.86,0.46,0.64,2026-08-24,09:11:00,N20,nominal,2.0NRT,298.18,3.13,D,VIIRS
49.00569,38.66156,341.82,0.43,0.62,2026-08-24,09:11:00,N20,nominal,2.0NRT,301.88,5.81,D,VIIRS
48.78887,37.97785,329.29,0.46,0.64,2026-08-24,09:11:00,N20,nominal,2.0NRT,296.56,3.13,D,VIIRS
48.78709,37.97235,337.96,0.46,0.64,2026-08-24,09:11:00,N20,nominal,2.0NRT,299.91,3.13,D,VIIRS
48.15008,36.06481,335.36,0.58,0.7,2026-08-24,09:11:00,N20,nominal,2.0NRT,298.08,3.67,D,VIIRS
49.00752,38.64722,338.44,0.43,0.62,2026-08-24,09:11:00,N20,nominal,2.0NRT,302.58,5.79,D,VIIRS
48.15581,36.06036,341.85,0.58,0.7,2026-08-24,09:11:00,N20,nominal,2.0NRT,297.75,8.24,D,VIIRS
48.15065,36.0579,344.29,0.58,0.7,2026-08-24,09:11:00,N20,nominal,2.0NRT,301.28,8.08,D,VIIRS
48.83689,37.9631,334.41,0.46,0.64,2026-08-24,09:11:00,N20,nominal,2.0NRT,298.81,2.83,D,VIIRS
48.37183,36.52867,338.4,0.55,0.68,2026-08-24,09:11:00,N20,nominal,2.0NRT,299.94,3.82,D,VIIRS
48.1869,35.93218,367,0.59,0.7,2026-08-24,09:11:00,N20,high,2.0NRT,305.96,27.63,D,VIIRS
47.33089,33.57035,339.78,0.79,0.78,2026-08-24,09:11:00,N20,nominal,2.0NRT,299.1,10.92,D,VIIRS
47.46301,33.87518,367,0.76,0.77,2026-08-24,09:11:00,N20,high,2.0NRT,299.75,9.92,D,VIIRS
47.46646,33.88435,335.38,0.76,0.77,2026-08-24,09:11:00,N20,nominal,2.0NRT,298.13,9.92,D,VIIRS
47.46941,33.87054,331.62,0.76,0.77,2026-08-24,09:11:00,N20,nominal,2.0NRT,300.76,12.42,D,VIIRS
47.4661,33.86176,334.19,0.76,0.77,2026-08-24,09:11:00,N20,nominal,2.0NRT,299.25,7.24,D,VIIRS
47.46267,33.85264,331.37,0.76,0.77,2026-08-24,09:11:00,N20,nominal,2.0NRT,298.39,7.24,D,VIIRS
48.97047,38.09475,341.21,0.45,0.63,2026-08-24,09:11:00,N20,nominal,2.0NRT,302.59,5.18,D,VIIRS
47.4622,33.87805,367,0.76,0.77,2026-08-24,09:11:00,N20,high,2.0NRT,297.93,14.38,D,VIIRS
47.46853,33.87325,355.75,0.76,0.77,2026-08-24,09:11:00,N20,nominal,2.0NRT,300.55,14.38,D,VIIRS
47.46177,33.85556,341.41,0.76,0.77,2026-08-24,09:11:00,N20,nominal,2.0NRT,298.88,6.03,D,VIIRS
48.96569,38.09642,329.32,0.45,0.63,2026-08-24,09:11:00,N20,low,2.0NRT,300,4.99,D,VIIRS
47.47161,33.8599,335.7,0.76,0.77,2026-08-24,09:11:00,N20,nominal,2.0NRT,300.03,5.81,D,VIIRS
48.89301,37.71155,332.37,0.47,0.64,2026-08-24,09:11:00,N20,nominal,2.0NRT,299.94,3.34,D,VIIRS
48.87779,37.66496,335.56,0.47,0.64,2026-08-24,09:11:00,N20,nominal,2.0NRT,297.18,1.83,D,VIIRS
49.02747,38.10691,334.38,0.45,0.63,2026-08-24,09:11:00,N20,nominal,2.0NRT,299.01,4.51,D,VIIRS
48.95233,37.83321,344.54,0.46,0.64,2026-08-24,09:11:00,N20,nominal,2.0NRT,300.31,4.88,D,VIIRS
48.56256,36.61535,348.33,0.54,0.68,2026-08-24,09:11:00,N20,nominal,2.0NRT,302.8,7.7,D,VIIRS
48.57028,36.61742,367,0.54,0.68,2026-08-24,09:11:00,N20,high,2.0NRT,300.57,12.51,D,VIIRS
48.56808,36.61093,353.83,0.54,0.68,2026-08-24,09:11:00,N20,nominal,2.0NRT,305.96,12.51,D,VIIRS
48.48288,36.25616,335.2,0.56,0.69,2026-08-24,09:11:00,N20,nominal,2.0NRT,300.01,4.78,D,VIIRS
47.67413,33.9448,334.1,0.74,0.76,2026-08-24,09:11:00,N20,nominal,2.0NRT,296.43,3.97,D,VIIRS
48.98774,37.79984,343.85,0.46,0.64,2026-08-24,09:11:00,N20,nominal,2.0NRT,296.85,2.84,D,VIIRS
48.59395,36.62505,330.87,0.53,0.67,2026-08-24,09:11:00,N20,nominal,2.0NRT,301.04,2.07,D,VIIRS
48.4874,36.25451,343.13,0.56,0.69,2026-08-24,09:11:00,N20,nominal,2.0NRT,300.26,7.13,D,VIIRS
48.43436,35.83139,367,0.58,0.7,2026-08-24,09:11:00,N20,high,2.0NRT,300.06,17.76,D,VIIRS
48.43192,35.82435,351.6,0.58,0.7,2026-08-24,09:11:00,N20,nominal,2.0NRT,302.11,16.34,D,VIIRS
48.43087,35.83454,330.85,0.58,0.7,2026-08-24,09:11:00,N20,nominal,2.0NRT,298.26,5.87,D,VIIRS
48.4284,35.82758,348.51,0.58,0.7,2026-08-24,09:11:00,N20,nominal,2.0NRT,300.15,5.87,D,VIIRS
48.43654,35.82993,340.07,0.58,0.7,2026-08-24,09:11:00,N20,nominal,2.0NRT,300.02,6.06,D,VIIRS
48.43406,35.82291,344.89,0.58,0.7,2026-08-24,09:11:00,N20,nominal,2.0NRT,302.3,6.06,D,VIIRS
49.1091,37.58667,329.95,0.47,0.64,2026-08-24,09:11:00,N20,nominal,2.0NRT,298.01,2.94,D,VIIRS
49.26186,37.99968,345.79,0.45,0.63,2026-08-24,09:11:00,N20,nominal,2.0NRT,301.86,8.27,D,VIIRS
49.26716,37.99604,367,0.45,0.63,2026-08-24,09:11:00,N20,high,2.0NRT,301.25,8.27,D,VIIRS
49.26548,37.99078,330.28,0.45,0.63,2026-08-24,09:11:00,N20,nominal,2.0NRT,300.16,8.27,D,VIIRS
49.23345,37.8703,337.54,0.45,0.63,2026-08-24,09:11:00,N20,nominal,2.0NRT,301.43,5.21,D,VIIRS
49.23161,37.86454,336.4,0.45,0.63,2026-08-24,09:11:00,N20,nominal,2.0NRT,302.09,5.21,D,VIIRS
48.50647,35.67502,337.75,0.59,0.7,2026-08-24,09:11:00,N20,nominal,2.0NRT,297.37,7.07,D,VIIRS
48.50401,35.66796,341.19,0.59,0.7,2026-08-24,09:11:00,N20,nominal,2.0NRT,302.63,9.65,D,VIIRS
49.24042,37.85146,354.02,0.45,0.63,2026-08-24,09:11:00,N20,nominal,2.0NRT,299.66,7.6,D,VIIRS
49.24069,37.84777,348.59,0.45,0.63,2026-08-24,09:11:00,N20,nominal,2.0NRT,299.72,7.14,D,VIIRS
48.50236,35.67643,342.06,0.59,0.7,2026-08-24,09:11:00,N20,nominal,2.0NRT,296.54,13.99,D,VIIRS
48.94943,36.94855,332.88,0.5,0.66,2026-08-24,09:11:00,N20,nominal,2.0NRT,300.88,1.87,D,VIIRS
49.30806,37.91531,350.75,0.45,0.63,2026-08-24,09:11:00,N20,nominal,2.0NRT,301.13,6.6,D,VIIRS
49.46259,38.19895,367,0.43,0.62,2026-08-24,09:11:00,N20,high,2.0NRT,300,7.92,D,VIIRS
49.45979,38.19909,367,0.43,0.62,2026-08-24,09:11:00,N20,high,2.0NRT,302.09,12.48,D,VIIRS
49.40968,37.82338,367,0.45,0.63,2026-08-24,09:11:00,N20,high,2.0NRT,299.47,6.75,D,VIIRS
49.41151,37.82906,341.07,0.45,0.63,2026-08-24,09:11:00,N20,nominal,2.0NRT,298.67,6.75,D,VIIRS
49.53509,38.13561,336.84,0.43,0.62,2026-08-24,09:11:00,N20,nominal,2.0NRT,300.34,5.77,D,VIIRS
49.53332,38.13003,347.36,0.43,0.62,2026-08-24,09:11:00,N20,nominal,2.0NRT,300.26,5.6,D,VIIRS
49.65405,38.47416,367,0.41,0.61,2026-08-24,09:11:00,N20,high,2.0NRT,303.74,27.5,D,VIIRS
49.65572,38.47953,327.06,0.41,0.61,2026-08-24,09:11:00,N20,nominal,2.0NRT,297.44,9.78,D,VIIRS
49.6591,38.47033,367,0.41,0.61,2026-08-24,09:11:00,N20,high,2.0NRT,302.35,14.72,D,VIIRS
49.55266,38.13084,341.4,0.43,0.62,2026-08-24,09:11:00,N20,nominal,2.0NRT,300.19,3.42,D,VIIRS
49.60317,38.13707,339.57,0.43,0.62,2026-08-24,09:11:00,N20,nominal,2.0NRT,295.95,4.67,D,VIIRS
49.59697,37.76913,332.95,0.44,0.63,2026-08-24,09:11:00,N20,nominal,2.0NRT,295.25,3.47,D,VIIRS
49.59518,37.76357,333.81,0.44,0.63,2026-08-24,09:11:00,N20,nominal,2.0NRT,297.68,3.47,D,VIIRS
49.64083,37.4976,327.2,0.45,0.63,2026-08-24,09:11:00,N20,low,2.0NRT,301.61,4.69,D,VIIRS
49.71445,37.66466,344.98,0.44,0.63,2026-08-24,09:11:00,N20,nominal,2.0NRT,299.91,8.28,D,VIIRS
49.71267,37.65912,339.19,0.44,0.63,2026-08-24,09:11:00,N20,nominal,2.0NRT,301.11,8.66,D,VIIRS
49.80273,37.9201,348.47,0.43,0.62,2026-08-24,09:11:00,N20,nominal,2.0NRT,296.31,6.17,D,VIIRS
49.74968,37.71404,367,0.44,0.62,2026-08-24,09:11:00,N20,high,2.0NRT,301.16,10.75,D,VIIRS
49.5554,37.1153,328.26,0.47,0.64,2026-08-24,09:11:00,N20,nominal,2.0NRT,299.19,2.93,D,VIIRS
49.7809,37.711,345.21,0.44,0.62,2026-08-24,09:11:00,N20,nominal,2.0NRT,299.9,3.5,D,VIIRS
49.81906,37.75028,329.23,0.44,0.62,2026-08-24,09:11:00,N20,nominal,2.0NRT,297.75,2.27,D,VIIRS
49.77822,37.71469,336.02,0.44,0.62,2026-08-24,09:11:00,N20,nominal,2.0NRT,299.07,3.47,D,VIIRS
49.84724,37.70908,333.7,0.44,0.62,2026-08-24,09:11:00,N20,nominal,2.0NRT,296.33,4.03,D,VIIRS
49.90775,37.65723,347.77,0.44,0.62,2026-08-24,09:11:00,N20,nominal,2.0NRT,298.98,5.42,D,VIIRS
49.9103,37.65535,344.64,0.44,0.62,2026-08-24,09:11:00,N20,nominal,2.0NRT,298.29,5.17,D,VIIRS
49.9923,37.85072,367,0.43,0.62,2026-08-24,09:11:00,N20,high,2.0NRT,297.22,12.55,D,VIIRS
49.99047,37.845,345.66,0.43,0.62,2026-08-24,09:11:00,N20,nominal,2.0NRT,306.2,12.55,D,VIIRS
49.99548,37.84075,334.18,0.43,0.62,2026-08-24,09:11:00,N20,nominal,2.0NRT,301.28,12.55,D,VIIRS
49.98836,37.81848,331.57,0.43,0.62,2026-08-24,09:11:00,N20,nominal,2.0NRT,300.43,3.84,D,VIIRS
49.9574,37.72186,331.85,0.43,0.62,2026-08-24,09:11:00,N20,nominal,2.0NRT,299.02,2.55,D,VIIRS
49.9936,37.81495,329.73,0.43,0.62,2026-08-24,09:11:00,N20,low,2.0NRT,301.47,5.42,D,VIIRS
50.00569,37.81293,332.28,0.43,0.62,2026-08-24,09:11:00,N20,nominal,2.0NRT,300.64,2.01,D,VIIRS
49.93456,37.42993,329.66,0.45,0.63,2026-08-24,09:11:00,N20,nominal,2.0NRT,293.84,2.38,D,VIIRS
49.91015,37.31351,326.64,0.45,0.63,2026-08-24,09:11:00,N20,low,2.0NRT,298.23,4.42,D,VIIRS
49.91715,37.31503,340.89,0.45,0.63,2026-08-24,09:11:00,N20,nominal,2.0NRT,294.3,4.42,D,VIIRS
49.91545,37.30973,344.03,0.45,0.63,2026-08-24,09:11:00,N20,nominal,2.0NRT,300.89,4.42,D,VIIRS
49.91781,37.31313,345.68,0.45,0.63,2026-08-24,09:11:00,N20,nominal,2.0NRT,295.77,7.48,D,VIIRS
49.9161,37.30789,332.8,0.45,0.63,2026-08-24,09:11:00,N20,nominal,2.0NRT,298.59,10.02,D,VIIRS
50.04712,37.69168,327.4,0.43,0.62,2026-08-24,09:11:00,N20,low,2.0NRT,300.34,3.09,D,VIIRS
49.8014,36.79856,353.32,0.48,0.64,2026-08-24,09:11:00,N20,nominal,2.0NRT,307.49,34.99,D,VIIRS
49.80672,36.79439,350.38,0.48,0.64,2026-08-24,09:11:00,N20,nominal,2.0NRT,305.34,11.29,D,VIIRS
49.61988,36.13335,331.73,0.51,0.66,2026-08-24,09:11:00,N20,nominal,2.0NRT,297.86,5.16,D,VIIRS
49.61967,36.12712,335.33,0.51,0.66,2026-08-24,09:11:00,N20,nominal,2.0NRT,299.73,4,D,VIIRS
50.19401,37.50915,326.72,0.43,0.62,2026-08-24,09:11:00,N20,nominal,2.0NRT,296.95,3.01,D,VIIRS
50.1781,37.46019,327.06,0.44,0.62,2026-08-24,09:11:00,N20,nominal,2.0NRT,296.38,1.48,D,VIIRS
50.2159,37.13689,367,0.45,0.63,2026-08-24,09:11:00,N20,high,2.0NRT,299.67,11.24,D,VIIRS
50.21662,37.13302,367,0.45,0.63,2026-08-24,09:11:00,N20,high,2.0NRT,301.74,11.89,D,VIIRS
50.21848,37.13868,335.71,0.45,0.63,2026-08-24,09:11:00,N20,nominal,2.0NRT,294.97,8.56,D,VIIRS
50.21278,37.02143,337.55,0.45,0.63,2026-08-24,09:11:00,N20,nominal,2.0NRT,297.72,4.42,D,VIIRS
50.21797,37.01725,351.82,0.45,0.63,2026-08-24,09:11:00,N20,nominal,2.0NRT,294.48,4.42,D,VIIRS
50.21608,37.01148,333.78,0.45,0.63,2026-08-24,09:11:00,N20,nominal,2.0NRT,296.83,4.42,D,VIIRS
50.23988,36.88317,326.09,0.46,0.63,2026-08-24,09:11:00,N20,nominal,2.0NRT,294.55,1.44,D,VIIRS
50.11396,36.52386,326.02,0.48,0.64,2026-08-24,09:11:00,N20,low,2.0NRT,297.54,3.16,D,VIIRS
50.27602,36.81093,328.16,0.46,0.63,2026-08-24,09:11:00,N20,nominal,2.0NRT,295.45,3.44,D,VIIRS
51.12223,34.75162,326.37,0.51,0.66,2026-08-24,09:11:00,N20,nominal,2.0NRT,290.14,5.95,D,VIIRS
51.11995,34.74508,334.34,0.51,0.66,2026-08-24,09:11:00,N20,nominal,2.0NRT,293.61,9.22,D,VIIRS
51.00454,30.37186,331.75,0.75,0.77,2026-08-24,09:11:00,N20,nominal,2.0NRT,290.39,17.85,D,VIIRS
51.00821,30.38102,356.01,0.75,0.77,2026-08-24,09:11:00,N20,low,2.0NRT,289.5,21.55,D,VIIRS
51.01051,30.36575,367,0.75,0.77,2026-08-24,09:11:00,N20,high,2.0NRT,294.9,18.91,D,VIIRS
51.01284,30.35053,336.23,0.76,0.77,2026-08-24,09:11:00,N20,nominal,2.0NRT,289.64,18.91,D,VIIRS
51.00811,30.38498,340.16,0.75,0.77,2026-08-24,09:13:00,N20,nominal,2.0NRT,286.76,19.32,D,VIIRS
51.00441,30.37588,354.7,0.75,0.77,2026-08-24,09:13:00,N20,nominal,2.0NRT,292.92,19.32,D,VIIRS
51.01041,30.36982,367,0.75,0.77,2026-08-24,09:13:00,N20,high,2.0NRT,291.4,19.32,D,VIIRS
51.0067,30.36072,326.08,0.75,0.77,2026-08-24,09:13:00,N20,nominal,2.0NRT,290.6,24.19,D,VIIRS
51.01271,30.35468,342.66,0.75,0.77,2026-08-24,09:13:00,N20,nominal,2.0NRT,289.31,9.29,D,VIIRS
44.52587,34.13186,333.05,0.42,0.38,2026-08-24,10:49:00,N20,nominal,2.0NRT,298.72,35.18,D,VIIRS
45.06024,35.3341,335.22,0.46,0.39,2026-08-24,10:49:00,N20,nominal,2.0NRT,304.48,2.62,D,VIIRS
44.52922,34.13049,354.22,0.42,0.38,2026-08-24,10:49:00,N20,nominal,2.0NRT,306.33,35.18,D,VIIRS
45.18919,35.42341,334.4,0.47,0.39,2026-08-24,10:49:00,N20,low,2.0NRT,308.17,2.81,D,VIIRS
44.55191,33.71181,331.71,0.41,0.37,2026-08-24,10:49:00,N20,nominal,2.0NRT,304.12,0.89,D,VIIRS
44.53002,34.13668,332.54,0.42,0.38,2026-08-24,10:49:00,N20,nominal,2.0NRT,298.97,6.28,D,VIIRS
47.49569,34.41464,347.14,0.46,0.39,2026-08-24,10:51:00,N20,nominal,2.0NRT,304.15,3.54,D,VIIRS
48.27262,37.85311,341.7,0.42,0.45,2026-08-24,10:51:00,N20,nominal,2.0NRT,306.32,4.94,D,VIIRS
46.26825,34.81527,341.12,0.46,0.39,2026-08-24,10:51:00,N20,nominal,2.0NRT,313.16,3.36,D,VIIRS
46.27181,34.81441,343.01,0.46,0.39,2026-08-24,10:51:00,N20,nominal,2.0NRT,311.83,3.36,D,VIIRS
45.53669,29.42245,339.37,0.39,0.36,2026-08-24,10:51:00,N20,nominal,2.0NRT,303.58,6.45,D,VIIRS
45.54324,29.42025,339.5,0.39,0.36,2026-08-24,10:51:00,N20,nominal,2.0NRT,304.64,3.74,D,VIIRS
46.20133,33.53186,338.14,0.42,0.38,2026-08-24,10:51:00,N20,low,2.0NRT,312.21,3.02,D,VIIRS
45.51915,28.94777,347.62,0.4,0.37,2026-08-24,10:51:00,N20,nominal,2.0NRT,306.89,6.97,D,VIIRS
45.62239,29.54389,335.51,0.39,0.36,2026-08-24,10:51:00,N20,nominal,2.0NRT,305,7.07,D,VIIRS
45.62159,29.53899,346.34,0.39,0.36,2026-08-24,10:51:00,N20,nominal,2.0NRT,306.3,7.07,D,VIIRS
45.52244,28.94664,350.63,0.4,0.37,2026-08-24,10:51:00,N20,nominal,2.0NRT,312.75,35.75,D,VIIRS
46.16254,33.17788,345.83,0.41,0.37,2026-08-24,10:51:00,N20,nominal,2.0NRT,308.6,5.56,D,VIIRS
45.62566,29.5428,331.9,0.39,0.36,2026-08-24,10:51:00,N20,nominal,2.0NRT,299.86,7.07,D,VIIRS
45.62486,29.53789,349.86,0.39,0.36,2026-08-24,10:51:00,N20,nominal,2.0NRT,303.42,7.07,D,VIIRS
46.16891,32.90636,342.38,0.41,0.37,2026-08-24,10:51:00,N20,nominal,2.0NRT,312.85,4.66,D,VIIRS
46.30135,33.92036,348.52,0.43,0.38,2026-08-24,10:51:00,N20,nominal,2.0NRT,315.07,29.82,D,VIIRS
46.30067,33.91481,352.51,0.43,0.38,2026-08-24,10:51:00,N20,nominal,2.0NRT,315.1,29.82,D,VIIRS
46.3,33.90927,339.08,0.43,0.38,2026-08-24,10:51:00,N20,nominal,2.0NRT,312.44,4.14,D,VIIRS
46.17228,32.90543,345.48,0.41,0.37,2026-08-24,10:51:00,N20,nominal,2.0NRT,313.21,4.66,D,VIIRS
46.23053,33.29901,347.45,0.41,0.37,2026-08-24,10:51:00,N20,nominal,2.0NRT,313.56,40.86,D,VIIRS
46.5447,35.54838,336.8,0.49,0.4,2026-08-24,10:51:00,N20,low,2.0NRT,309.3,26.76,D,VIIRS
46.54769,35.54123,347.77,0.49,0.4,2026-08-24,10:51:00,N20,nominal,2.0NRT,311.36,26.76,D,VIIRS
46.41219,34.15203,346.34,0.44,0.38,2026-08-24,10:51:00,N20,nominal,2.0NRT,316.66,8.17,D,VIIRS
46.41567,34.15115,348.06,0.44,0.38,2026-08-24,10:51:00,N20,nominal,2.0NRT,313.86,8.17,D,VIIRS
46.41229,34.15032,344.72,0.44,0.38,2026-08-24,10:51:00,N20,nominal,2.0NRT,317.5,8.13,D,VIIRS
46.41578,34.14944,339.1,0.44,0.38,2026-08-24,10:51:00,N20,low,2.0NRT,312.38,8.13,D,VIIRS
46.41792,34.13725,342.21,0.44,0.38,2026-08-24,10:51:00,N20,low,2.0NRT,313.03,6.03,D,VIIRS
46.25006,32.69855,339.51,0.4,0.37,2026-08-24,10:51:00,N20,nominal,2.0NRT,309.94,2.67,D,VIIRS
46.381,33.68749,337.16,0.42,0.38,2026-08-24,10:51:00,N20,nominal,2.0NRT,305.61,6.13,D,VIIRS
46.37896,33.67104,344.96,0.42,0.38,2026-08-24,10:51:00,N20,nominal,2.0NRT,310.68,5.09,D,VIIRS
46.37828,33.66556,340.93,0.42,0.38,2026-08-24,10:51:00,N20,nominal,2.0NRT,310.58,12.1,D,VIIRS
46.2541,32.7028,353.68,0.4,0.37,2026-08-24,10:51:00,N20,nominal,2.0NRT,311.55,6.74,D,VIIRS
46.25341,32.69762,337.48,0.4,0.37,2026-08-24,10:51:00,N20,nominal,2.0NRT,308.08,2.67,D,VIIRS
46.38376,33.68111,341.18,0.42,0.38,2026-08-24,10:51:00,N20,nominal,2.0NRT,308.96,4.27,D,VIIRS
46.4513,34.17553,340.4,0.44,0.38,2026-08-24,10:51:00,N20,low,2.0NRT,314.38,5.05,D,VIIRS
46.45411,34.16898,336.95,0.44,0.38,2026-08-24,10:51:00,N20,low,2.0NRT,311.02,5.05,D,VIIRS
45.9377,30.26766,355.02,0.38,0.36,2026-08-24,10:51:00,N20,nominal,2.0NRT,308.01,5.87,D,VIIRS
45.94096,30.26661,336.69,0.38,0.36,2026-08-24,10:51:00,N20,low,2.0NRT,307.2,5.87,D,VIIRS
45.94345,30.26068,341.06,0.38,0.36,2026-08-24,10:51:00,N20,nominal,2.0NRT,306.45,2.81,D,VIIRS
45.9467,30.25962,337.22,0.38,0.36,2026-08-24,10:51:00,N20,nominal,2.0NRT,304.99,2.81,D,VIIRS
45.94593,30.25474,335.9,0.38,0.36,2026-08-24,10:51:00,N20,nominal,2.0NRT,306.36,2.29,D,VIIRS
46.66018,35.61915,337.37,0.49,0.4,2026-08-24,10:51:00,N20,low,2.0NRT,311.66,2.29,D,VIIRS
46.40294,33.4399,345.94,0.42,0.38,2026-08-24,10:51:00,N20,nominal,2.0NRT,310.89,3.88,D,VIIRS
46.63897,35.25626,336.45,0.48,0.4,2026-08-24,10:51:00,N20,nominal,2.0NRT,309.99,3.23,D,VIIRS
46.78341,36.49901,337.74,0.53,0.42,2026-08-24,10:51:00,N20,low,2.0NRT,310.04,4.44,D,VIIRS
46.7827,36.49207,342.34,0.53,0.42,2026-08-24,10:51:00,N20,nominal,2.0NRT,311.61,4.77,D,VIIRS
46.78011,36.49163,340.4,0.53,0.42,2026-08-24,10:51:00,N20,nominal,2.0NRT,311.65,4.44,D,VIIRS
46.78463,36.49778,339.2,0.53,0.42,2026-08-24,10:51:00,N20,nominal,2.0NRT,311.81,4.44,D,VIIRS
46.34471,32.59434,338.06,0.4,0.37,2026-08-24,10:51:00,N20,low,2.0NRT,308.36,3.05,D,VIIRS
46.34875,32.59857,338.06,0.4,0.37,2026-08-24,10:51:00,N20,nominal,2.0NRT,308.05,3.05,D,VIIRS
46.35279,32.60281,335.28,0.4,0.37,2026-08-24,10:51:00,N20,low,2.0NRT,307.08,1.63,D,VIIRS
46.00157,30.15166,337.6,0.38,0.36,2026-08-24,10:51:00,N20,nominal,2.0NRT,307.51,1.63,D,VIIRS
46.38413,32.70713,338.37,0.4,0.37,2026-08-24,10:51:00,N20,low,2.0NRT,310.78,3.47,D,VIIRS
46.74232,35.66505,341,0.49,0.4,2026-08-24,10:51:00,N20,low,2.0NRT,313.36,3.65,D,VIIRS
46.38679,32.70099,337.35,0.4,0.37,2026-08-24,10:51:00,N20,low,2.0NRT,309.49,5.55,D,VIIRS
46.39964,32.71903,336.93,0.4,0.37,2026-08-24,10:51:00,N20,low,2.0NRT,308.71,1.33,D,VIIRS
46.88677,36.94185,336.36,0.55,0.43,2026-08-24,10:51:00,N20,low,2.0NRT,308.34,5.58,D,VIIRS
46.403,32.7181,343.62,0.4,0.37,2026-08-24,10:51:00,N20,nominal,2.0NRT,310.3,3.64,D,VIIRS
46.40566,32.71196,337.68,0.4,0.37,2026-08-24,10:51:00,N20,low,2.0NRT,308.9,4.05,D,VIIRS
46.6859,34.94797,339.23,0.46,0.39,2026-08-24,10:51:00,N20,nominal,2.0NRT,313.33,3.21,D,VIIRS
46.38945,32.56567,335.72,0.4,0.37,2026-08-24,10:51:00,N20,low,2.0NRT,309.57,33.82,D,VIIRS
46.39209,32.55956,306.38,0.4,0.37,2026-08-24,10:51:00,N20,low,2.0NRT,313.43,33.82,D,VIIRS
46.86531,36.5593,348.48,0.53,0.42,2026-08-24,10:51:00,N20,nominal,2.0NRT,313.05,6.48,D,VIIRS
46.86987,36.56553,339.12,0.54,0.42,2026-08-24,10:51:00,N20,low,2.0NRT,313.07,6.48,D,VIIRS
46.86916,36.5585,347.45,0.53,0.42,2026-08-24,10:51:00,N20,nominal,2.0NRT,311.87,6.48,D,VIIRS
46.82331,36.07074,343.16,0.51,0.41,2026-08-24,10:51:00,N20,nominal,2.0NRT,313.32,5.15,D,VIIRS
46.82708,36.06991,341.48,0.51,0.41,2026-08-24,10:51:00,N20,low,2.0NRT,313.31,5.15,D,VIIRS
46.88214,36.57015,338.32,0.54,0.42,2026-08-24,10:51:00,N20,low,2.0NRT,311.85,7.43,D,VIIRS
46.88144,36.56314,335.72,0.54,0.42,2026-08-24,10:51:00,N20,low,2.0NRT,309.64,4.19,D,VIIRS
46.89584,36.58888,333.85,0.54,0.42,2026-08-24,10:51:00,N20,low,2.0NRT,307.64,3.74,D,VIIRS
46.74355,35.12886,340.86,0.47,0.4,2026-08-24,10:51:00,N20,low,2.0NRT,314.58,3.54,D,VIIRS
46.80604,35.65737,343.51,0.49,0.41,2026-08-24,10:51:00,N20,nominal,2.0NRT,310.98,7.17,D,VIIRS
46.74997,35.15265,348.23,0.47,0.4,2026-08-24,10:51:00,N20,nominal,2.0NRT,314.26,6.01,D,VIIRS
46.74335,35.12785,340.63,0.47,0.4,2026-08-24,10:51:00,N20,low,2.0NRT,314.28,4.14,D,VIIRS
46.89677,36.58858,333.59,0.54,0.42,2026-08-24,10:51:00,N20,low,2.0NRT,307.23,1.56,D,VIIRS
46.80362,35.65716,339.64,0.49,0.41,2026-08-24,10:51:00,N20,low,2.0NRT,312.59,2.63,D,VIIRS
46.74967,35.15168,346.51,0.47,0.4,2026-08-24,10:51:00,N20,nominal,2.0NRT,314.48,4.12,D,VIIRS
46.43314,32.54593,338.31,0.4,0.37,2026-08-24,10:51:00,N20,low,2.0NRT,308.46,5.12,D,VIIRS
46.80732,35.65632,336.74,0.49,0.41,2026-08-24,10:51:00,N20,low,2.0NRT,310.57,2.63,D,VIIRS
46.75127,35.13229,349.29,0.47,0.4,2026-08-24,10:51:00,N20,nominal,2.0NRT,318.65,22.12,D,VIIRS
46.66139,34.33781,345.09,0.44,0.39,2026-08-24,10:51:00,N20,nominal,2.0NRT,309.14,3.68,D,VIIRS
46.75558,35.13759,348.14,0.47,0.4,2026-08-24,10:51:00,N20,nominal,2.0NRT,316.27,13.39,D,VIIRS
46.86122,36.0689,335.07,0.51,0.41,2026-08-24,10:51:00,N20,low,2.0NRT,309.92,5.36,D,VIIRS
46.86055,36.06223,346.26,0.51,0.41,2026-08-24,10:51:00,N20,nominal,2.0NRT,312.42,5.36,D,VIIRS
46.80963,35.57013,341.62,0.49,0.4,2026-08-24,10:51:00,N20,low,2.0NRT,312.34,8.95,D,VIIRS
46.56778,33.4763,343.49,0.42,0.38,2026-08-24,10:51:00,N20,nominal,2.0NRT,310.5,4.7,D,VIIRS
46.67073,34.29383,340.29,0.44,0.39,2026-08-24,10:51:00,N20,nominal,2.0NRT,309.23,3.94,D,VIIRS
46.67425,34.29295,367,0.44,0.39,2026-08-24,10:51:00,N20,high,2.0NRT,338.98,161.41,D,VIIRS
46.76671,35.10339,338.59,0.47,0.4,2026-08-24,10:51:00,N20,low,2.0NRT,311.9,3.06,D,VIIRS
46.62935,33.88818,335.07,0.43,0.38,2026-08-24,10:51:00,N20,low,2.0NRT,309.01,3.84,D,VIIRS
46.87083,36.01179,344.24,0.51,0.41,2026-08-24,10:51:00,N20,nominal,2.0NRT,311.83,3.23,D,VIIRS
46.8746,36.01094,339.02,0.51,0.41,2026-08-24,10:51:00,N20,nominal,2.0NRT,310.18,3.23,D,VIIRS
46.88902,36.07659,336.87,0.51,0.41,2026-08-24,10:51:00,N20,low,2.0NRT,311.06,3.02,D,VIIRS
46.52744,32.9155,341.28,0.41,0.37,2026-08-24,10:51:00,N20,nominal,2.0NRT,310.5,3.98,D,VIIRS
46.53082,32.91458,344.32,0.41,0.37,2026-08-24,10:51:00,N20,nominal,2.0NRT,312.9,11.77,D,VIIRS
46.88424,35.77235,343.05,0.5,0.41,2026-08-24,10:51:00,N20,nominal,2.0NRT,310.64,8.48,D,VIIRS
46.88797,35.77151,353.4,0.5,0.41,2026-08-24,10:51:00,N20,nominal,2.0NRT,314.79,8.48,D,VIIRS
46.68209,33.90937,345.98,0.43,0.38,2026-08-24,10:51:00,N20,nominal,2.0NRT,308.85,11.71,D,VIIRS
46.68139,33.90375,342.82,0.43,0.38,2026-08-24,10:51:00,N20,nominal,2.0NRT,311.94,13,D,VIIRS
46.68348,33.89162,349.7,0.43,0.38,2026-08-24,10:51:00,N20,nominal,2.0NRT,310.67,6.43,D,VIIRS
46.56538,32.93796,335.56,0.41,0.37,2026-08-24,10:51:00,N20,low,2.0NRT,310.12,5.95,D,VIIRS
46.56945,32.94232,342.45,0.41,0.37,2026-08-24,10:51:00,N20,nominal,2.0NRT,309.63,4.12,D,VIIRS
46.55604,32.81473,341,0.41,0.37,2026-08-24,10:51:00,N20,nominal,2.0NRT,312.8,2.81,D,VIIRS
47.01529,36.70943,342.49,0.54,0.42,2026-08-24,10:51:00,N20,low,2.0NRT,312.91,13.83,D,VIIRS
46.73007,34.09568,338.86,0.44,0.38,2026-08-24,10:51:00,N20,nominal,2.0NRT,307.78,2.36,D,VIIRS
46.46516,32.07293,354.89,0.39,0.37,2026-08-24,10:51:00,N20,nominal,2.0NRT,313.22,12.17,D,VIIRS
46.73287,34.08909,342.39,0.44,0.38,2026-08-24,10:51:00,N20,nominal,2.0NRT,309.73,5.42,D,VIIRS
46.72979,34.09363,343.09,0.44,0.38,2026-08-24,10:51:00,N20,nominal,2.0NRT,309.2,9.43,D,VIIRS
46.57641,32.86118,339.53,0.41,0.37,2026-08-24,10:51:00,N20,low,2.0NRT,310.38,4.5,D,VIIRS
46.57978,32.86025,348.65,0.41,0.37,2026-08-24,10:51:00,N20,nominal,2.0NRT,314.21,4.5,D,VIIRS
47.01525,36.70861,343.07,0.54,0.42,2026-08-24,10:51:00,N20,nominal,2.0NRT,311.86,17.26,D,VIIRS
46.7396,34.08525,342.62,0.44,0.38,2026-08-24,10:51:00,N20,nominal,2.0NRT,309.58,6.08,D,VIIRS
47.0276,36.71328,342.28,0.55,0.42,2026-08-24,10:51:00,N20,nominal,2.0NRT,310.41,4.82,D,VIIRS
47.03148,36.71248,336.74,0.55,0.42,2026-08-24,10:51:00,N20,low,2.0NRT,308.64,2.35,D,VIIRS
47.03081,36.70537,349.85,0.54,0.42,2026-08-24,10:51:00,N20,nominal,2.0NRT,310.9,9.84,D,VIIRS
46.58617,32.74939,344.53,0.41,0.37,2026-08-24,10:51:00,N20,nominal,2.0NRT,311.44,7.45,D,VIIRS
46.59289,32.74752,346.87,0.41,0.37,2026-08-24,10:51:00,N20,low,2.0NRT,320.11,52.19,D,VIIRS
46.62397,32.95781,344.98,0.41,0.37,2026-08-24,10:51:00,N20,nominal,2.0NRT,310.62,8.14,D,VIIRS
46.59625,32.74658,347.89,0.41,0.37,2026-08-24,10:51:00,N20,nominal,2.0NRT,310.09,4.66,D,VIIRS
46.20343,29.99802,340.25,0.38,0.36,2026-08-24,10:51:00,N20,nominal,2.0NRT,309.74,2.17,D,VIIRS
46.20668,29.99695,337.08,0.38,0.36,2026-08-24,10:51:00,N20,low,2.0NRT,310.43,2.17,D,VIIRS
46.98147,35.85708,338.95,0.5,0.41,2026-08-24,10:51:00,N20,low,2.0NRT,312.31,3.37,D,VIIRS
47.00591,36.05659,336.4,0.51,0.41,2026-08-24,10:51:00,N20,low,2.0NRT,311.29,8.76,D,VIIRS
47.00832,36.04237,336.78,0.51,0.41,2026-08-24,10:51:00,N20,low,2.0NRT,310.23,3.11,D,VIIRS
46.73551,33.63977,340.21,0.43,0.38,2026-08-24,10:51:00,N20,low,2.0NRT,312.62,4.3,D,VIIRS
46.49646,31.83935,342.94,0.39,0.36,2026-08-24,10:51:00,N20,nominal,2.0NRT,307.08,3.98,D,VIIRS
47.01279,36.04828,336.47,0.51,0.41,2026-08-24,10:51:00,N20,low,2.0NRT,309.34,3.23,D,VIIRS
47.00031,35.92754,343.46,0.51,0.41,2026-08-24,10:51:00,N20,nominal,2.0NRT,310.22,18.73,D,VIIRS
46.49976,31.83837,335.04,0.39,0.36,2026-08-24,10:51:00,N20,nominal,2.0NRT,306.05,1.81,D,VIIRS
46.49904,31.83332,335.8,0.39,0.36,2026-08-24,10:51:00,N20,nominal,2.0NRT,308.45,1.81,D,VIIRS
46.2214,29.98176,345.48,0.38,0.36,2026-08-24,10:51:00,N20,nominal,2.0NRT,309.74,3.01,D,VIIRS
47.00407,35.92673,345.71,0.51,0.41,2026-08-24,10:51:00,N20,nominal,2.0NRT,315.05,18.73,D,VIIRS
47.21344,38.10051,341.5,0.42,0.45,2026-08-24,10:51:00,N20,nominal,2.0NRT,307.5,3.79,D,VIIRS
47.21296,38.09483,333.7,0.42,0.45,2026-08-24,10:51:00,N20,low,2.0NRT,308.24,2.75,D,VIIRS
47.00713,35.91926,337.09,0.51,0.41,2026-08-24,10:51:00,N20,low,2.0NRT,311.43,3.07,D,VIIRS
46.70739,33.16759,340.19,0.41,0.37,2026-08-24,10:51:00,N20,nominal,2.0NRT,309.63,11.18,D,VIIRS
46.71079,33.16667,348.54,0.41,0.37,2026-08-24,10:51:00,N20,nominal,2.0NRT,311.1,11.18,D,VIIRS
46.7132,33.0771,338.22,0.41,0.37,2026-08-24,10:51:00,N20,nominal,2.0NRT,312.13,24.1,D,VIIRS
46.7125,33.07175,343.7,0.41,0.37,2026-08-24,10:51:00,N20,nominal,2.0NRT,305.76,6.56,D,VIIRS
46.7118,33.06639,352.59,0.41,0.37,2026-08-24,10:51:00,N20,nominal,2.0NRT,308.02,6.56,D,VIIRS
46.71257,33.0744,343.61,0.41,0.37,2026-08-24,10:51:00,N20,nominal,2.0NRT,312.2,23.87,D,VIIRS
46.71188,33.06904,337.59,0.41,0.37,2026-08-24,10:51:00,N20,nominal,2.0NRT,305.45,23.87,D,VIIRS
46.7112,33.06368,342.12,0.41,0.37,2026-08-24,10:51:00,N20,nominal,2.0NRT,308.87,7.28,D,VIIRS
46.71596,33.07347,350.68,0.41,0.37,2026-08-24,10:51:00,N20,nominal,2.0NRT,315.19,23.87,D,VIIRS
46.71528,33.06811,355.26,0.41,0.37,2026-08-24,10:51:00,N20,nominal,2.0NRT,318.43,23.87,D,VIIRS
46.71459,33.06276,340.49,0.41,0.37,2026-08-24,10:51:00,N20,nominal,2.0NRT,309.38,7.28,D,VIIRS
46.71935,33.07254,337.11,0.41,0.37,2026-08-24,10:51:00,N20,nominal,2.0NRT,307.58,7.76,D,VIIRS
46.71867,33.06718,344.24,0.41,0.37,2026-08-24,10:51:00,N20,nominal,2.0NRT,312.67,7.76,D,VIIRS
46.6497,32.436,355.13,0.4,0.37,2026-08-24,10:51:00,N20,nominal,2.0NRT,309.5,16.43,D,VIIRS
46.6483,32.42561,336.95,0.4,0.37,2026-08-24,10:51:00,N20,low,2.0NRT,308.84,4.51,D,VIIRS
46.6476,32.42041,340.26,0.4,0.37,2026-08-24,10:51:00,N20,nominal,2.0NRT,309.61,4.51,D,VIIRS
46.65373,32.44024,346.79,0.4,0.37,2026-08-24,10:51:00,N20,nominal,2.0NRT,308.93,8.65,D,VIIRS
46.65303,32.43504,353.28,0.4,0.37,2026-08-24,10:51:00,N20,nominal,2.0NRT,316.51,16.43,D,VIIRS
46.65708,32.43928,340.62,0.4,0.37,2026-08-24,10:51:00,N20,nominal,2.0NRT,310.38,3.66,D,VIIRS
46.65638,32.43407,348.35,0.4,0.37,2026-08-24,10:51:00,N20,nominal,2.0NRT,312.21,4.62,D,VIIRS
46.24781,29.65385,335.89,0.39,0.36,2026-08-24,10:51:00,N20,nominal,2.0NRT,307.83,2.88,D,VIIRS
46.24702,29.64891,335.19,0.39,0.36,2026-08-24,10:51:00,N20,nominal,2.0NRT,304.29,2.6,D,VIIRS
47.25328,37.70894,367,0.4,0.44,2026-08-24,10:51:00,N20,high,2.0NRT,309.06,12.7,D,VIIRS
47.08275,35.83309,347.44,0.5,0.41,2026-08-24,10:51:00,N20,nominal,2.0NRT,315.84,11.87,D,VIIRS
46.67642,32.42835,342.79,0.4,0.37,2026-08-24,10:51:00,N20,nominal,2.0NRT,310.14,10.97,D,VIIRS
47.0865,35.83224,339.89,0.5,0.41,2026-08-24,10:51:00,N20,nominal,2.0NRT,311.71,11.87,D,VIIRS
46.68116,32.43778,343.09,0.4,0.37,2026-08-24,10:51:00,N20,nominal,2.0NRT,309.16,7.84,D,VIIRS
46.67976,32.42739,344.85,0.4,0.37,2026-08-24,10:51:00,N20,nominal,2.0NRT,311.9,10.97,D,VIIRS
47.17611,36.688,336.58,0.55,0.42,2026-08-24,10:51:00,N20,low,2.0NRT,311.11,8.5,D,VIIRS
46.6838,32.43163,345.69,0.4,0.37,2026-08-24,10:51:00,N20,nominal,2.0NRT,306.83,3.08,D,VIIRS
47.06108,35.48375,339.31,0.49,0.4,2026-08-24,10:51:00,N20,low,2.0NRT,312.97,12.69,D,VIIRS
47.06547,35.48935,347.3,0.49,0.4,2026-08-24,10:51:00,N20,nominal,2.0NRT,313.58,13.08,D,VIIRS
46.67904,32.31993,341.11,0.4,0.37,2026-08-24,10:51:00,N20,nominal,2.0NRT,310.79,4.69,D,VIIRS
47.1735,36.49917,334.41,0.54,0.42,2026-08-24,10:51:00,N20,low,2.0NRT,308.62,6.94,D,VIIRS
47.17281,36.49214,332.04,0.54,0.42,2026-08-24,10:51:00,N20,low,2.0NRT,304.98,4.69,D,VIIRS
46.88236,33.86464,337.36,0.43,0.38,2026-08-24,10:51:00,N20,low,2.0NRT,312.25,3.03,D,VIIRS
46.70209,32.4642,337.99,0.4,0.37,2026-08-24,10:51:00,N20,nominal,2.0NRT,307.68,27,D,VIIRS
46.70543,32.46325,336.4,0.4,0.37,2026-08-24,10:51:00,N20,low,2.0NRT,309.54,27,D,VIIRS
46.65953,32.12752,336.16,0.4,0.37,2026-08-24,10:51:00,N20,low,2.0NRT,310.72,2.9,D,VIIRS
46.70807,32.4571,345.44,0.4,0.37,2026-08-24,10:51:00,N20,nominal,2.0NRT,311.25,7.56,D,VIIRS
46.66285,32.12656,338.04,0.4,0.37,2026-08-24,10:51:00,N20,low,2.0NRT,310.19,1.93,D,VIIRS
47.05583,35.26237,340.68,0.48,0.4,2026-08-24,10:51:00,N20,low,2.0NRT,313.67,6.2,D,VIIRS
46.71142,32.45615,339.12,0.4,0.37,2026-08-24,10:51:00,N20,nominal,2.0NRT,308.52,7.56,D,VIIRS
46.67113,32.16154,336.23,0.4,0.37,2026-08-24,10:51:00,N20,low,2.0NRT,308.07,1.8,D,VIIRS
46.71406,32.44999,367,0.4,0.37,2026-08-24,10:51:00,N20,high,2.0NRT,311.04,6.47,D,VIIRS
47.12584,35.87818,343.81,0.51,0.41,2026-08-24,10:51:00,N20,nominal,2.0NRT,308.79,3.69,D,VIIRS
47.06088,35.27415,350.15,0.48,0.4,2026-08-24,10:51:00,N20,nominal,2.0NRT,315.5,6.17,D,VIIRS
47.06018,35.26783,339.65,0.48,0.4,2026-08-24,10:51:00,N20,low,2.0NRT,313.68,6.17,D,VIIRS
46.71476,32.4552,347.8,0.4,0.37,2026-08-24,10:51:00,N20,nominal,2.0NRT,308.09,5.63,D,VIIRS
46.67375,32.15544,339.47,0.4,0.37,2026-08-24,10:51:00,N20,low,2.0NRT,312.13,5.1,D,VIIRS
47.04573,35.10392,340.82,0.47,0.4,2026-08-24,10:51:00,N20,nominal,2.0NRT,311.83,3.66,D,VIIRS
46.71669,32.44384,339.49,0.4,0.37,2026-08-24,10:51:00,N20,nominal,2.0NRT,307.1,6.47,D,VIIRS
46.71599,32.43864,340.44,0.4,0.37,2026-08-24,10:51:00,N20,nominal,2.0NRT,308.07,3.05,D,VIIRS
47.04936,35.10308,340.85,0.47,0.4,2026-08-24,10:51:00,N20,low,2.0NRT,311.57,3.6,D,VIIRS
47.13945,35.86147,348.51,0.51,0.41,2026-08-24,10:51:00,N20,nominal,2.0NRT,312.07,6.77,D,VIIRS
46.75671,32.61143,345.74,0.4,0.37,2026-08-24,10:51:00,N20,nominal,2.0NRT,310.44,3.7,D,VIIRS
47.13921,35.86028,346.94,0.51,0.41,2026-08-24,10:51:00,N20,nominal,2.0NRT,312.77,8.04,D,VIIRS
47.18152,35.82357,335.72,0.51,0.41,2026-08-24,10:51:00,N20,low,2.0NRT,310.59,1.13,D,VIIRS
46.78775,32.44807,337.03,0.4,0.37,2026-08-24,10:51:00,N20,low,2.0NRT,310.26,4.28,D,VIIRS
46.79444,32.44616,336.88,0.4,0.37,2026-08-24,10:51:00,N20,low,2.0NRT,310.13,2.95,D,VIIRS
47.4125,37.97993,342.81,0.41,0.45,2026-08-24,10:51:00,N20,nominal,2.0NRT,310.38,4.59,D,VIIRS
47.41202,37.97435,337.22,0.41,0.45,2026-08-24,10:51:00,N20,nominal,2.0NRT,307.33,3.55,D,VIIRS
47.25333,36.22415,338.71,0.52,0.42,2026-08-24,10:51:00,N20,nominal,2.0NRT,310.73,5.42,D,VIIRS
47.01465,34.06387,336.53,0.44,0.38,2026-08-24,10:51:00,N20,low,2.0NRT,310.77,2.11,D,VIIRS
47.01954,34.07451,341.79,0.44,0.38,2026-08-24,10:51:00,N20,nominal,2.0NRT,311.38,5.93,D,VIIRS
46.86941,32.87923,337.93,0.41,0.37,2026-08-24,10:51:00,N20,low,2.0NRT,311.48,2.09,D,VIIRS
47.40533,37.70443,330.79,0.4,0.44,2026-08-24,10:51:00,N20,low,2.0NRT,305.35,2.81,D,VIIRS
47.24477,35.98839,337.09,0.51,0.41,2026-08-24,10:51:00,N20,low,2.0NRT,309.47,3.62,D,VIIRS
47.41616,37.68587,333.36,0.4,0.44,2026-08-24,10:51:00,N20,low,2.0NRT,305.97,3.68,D,VIIRS
47.42025,37.68513,341.76,0.4,0.44,2026-08-24,10:51:00,N20,nominal,2.0NRT,307.47,3.68,D,VIIRS
46.60246,30.80942,346.11,0.38,0.36,2026-08-24,10:51:00,N20,nominal,2.0NRT,306.79,6.46,D,VIIRS
47.04554,33.95966,352.83,0.44,0.38,2026-08-24,10:51:00,N20,nominal,2.0NRT,311.24,6.65,D,VIIRS
47.04836,33.95304,344.64,0.44,0.38,2026-08-24,10:51:00,N20,nominal,2.0NRT,311.96,6.01,D,VIIRS
47.04767,33.94732,337.9,0.44,0.38,2026-08-24,10:51:00,N20,low,2.0NRT,311.78,6.01,D,VIIRS
47.43134,37.63249,341.64,0.4,0.44,2026-08-24,10:51:00,N20,low,2.0NRT,311.92,4.28,D,VIIRS
47.43541,37.63164,337.42,0.4,0.44,2026-08-24,10:51:00,N20,low,2.0NRT,311.72,3.18,D,VIIRS
47.44176,37.65739,336.7,0.4,0.44,2026-08-24,10:51:00,N20,low,2.0NRT,308.1,3.76,D,VIIRS
47.05629,33.83936,347.12,0.43,0.38,2026-08-24,10:51:00,N20,nominal,2.0NRT,315.37,25.52,D,VIIRS
47.31892,36.19545,339.3,0.52,0.42,2026-08-24,10:51:00,N20,low,2.0NRT,309.61,5.17,D,VIIRS
47.05976,33.83843,346.57,0.43,0.38,2026-08-24,10:51:00,N20,nominal,2.0NRT,312.85,13.14,D,VIIRS
47.05908,33.83276,352.33,0.43,0.38,2026-08-24,10:51:00,N20,nominal,2.0NRT,312.41,10.05,D,VIIRS
46.89922,32.5721,340,0.4,0.37,2026-08-24,10:51:00,N20,low,2.0NRT,311.16,18.64,D,VIIRS
46.89853,32.56683,337.71,0.4,0.37,2026-08-24,10:51:00,N20,low,2.0NRT,312.27,19.32,D,VIIRS
47.32342,36.20153,340.77,0.52,0.42,2026-08-24,10:51:00,N20,nominal,2.0NRT,310.09,5.17,D,VIIRS
46.90328,32.57642,347.89,0.4,0.37,2026-08-24,10:51:00,N20,nominal,2.0NRT,311.23,18.64,D,VIIRS
47.4609,37.49693,347.91,0.4,0.44,2026-08-24,10:51:00,N20,nominal,2.0NRT,306.28,3.8,D,VIIRS
47.11454,34.08456,342.75,0.44,0.38,2026-08-24,10:51:00,N20,nominal,2.0NRT,310.71,6.41,D,VIIRS
47.33138,36.01033,338.93,0.52,0.41,2026-08-24,10:51:00,N20,low,2.0NRT,313.36,5.68,D,VIIRS
47.33068,36.00356,354.13,0.52,0.41,2026-08-24,10:51:00,N20,nominal,2.0NRT,316.14,18.15,D,VIIRS
47.33585,36.01628,346.88,0.52,0.41,2026-08-24,10:51:00,N20,nominal,2.0NRT,313.81,5.68,D,VIIRS
47.33516,36.00949,342.01,0.52,0.41,2026-08-24,10:51:00,N20,nominal,2.0NRT,313,5.68,D,VIIRS
47.00845,33.16844,347.32,0.42,0.37,2026-08-24,10:51:00,N20,nominal,2.0NRT,310.68,5.36,D,VIIRS
47.51513,37.7366,342.79,0.41,0.45,2026-08-24,10:51:00,N20,nominal,2.0NRT,310.11,5.1,D,VIIRS
47.39204,36.30133,333.93,0.53,0.42,2026-08-24,10:51:00,N20,low,2.0NRT,306.18,4.34,D,VIIRS
47.39658,36.30755,336.81,0.53,0.42,2026-08-24,10:51:00,N20,low,2.0NRT,308.56,4.36,D,VIIRS
47.39517,36.29352,334.24,0.53,0.42,2026-08-24,10:51:00,N20,low,2.0NRT,307.64,4.34,D,VIIRS
46.85742,31.83553,336.91,0.39,0.36,2026-08-24,10:51:00,N20,low,2.0NRT,307.87,3.26,D,VIIRS
46.8567,31.83042,334.94,0.39,0.36,2026-08-24,10:51:00,N20,low,2.0NRT,308.68,3.26,D,VIIRS
47.40043,36.30676,335.77,0.53,0.42,2026-08-24,10:51:00,N20,low,2.0NRT,307.63,7.19,D,VIIRS
47.39972,36.29975,342.99,0.53,0.42,2026-08-24,10:51:00,N20,nominal,2.0NRT,312.67,11.39,D,VIIRS
47.40356,36.29897,350.49,0.53,0.42,2026-08-24,10:51:00,N20,nominal,2.0NRT,315.76,11.39,D,VIIRS
47.4074,36.29817,342.48,0.53,0.42,2026-08-24,10:51:00,N20,low,2.0NRT,317.19,26.58,D,VIIRS
47.40597,36.28411,341.37,0.53,0.42,2026-08-24,10:51:00,N20,low,2.0NRT,312.1,6.74,D,VIIRS
47.41124,36.29738,344.52,0.53,0.42,2026-08-24,10:51:00,N20,low,2.0NRT,315.2,26.58,D,VIIRS
47.21488,34.50206,341.16,0.46,0.39,2026-08-24,10:51:00,N20,low,2.0NRT,312.33,7.04,D,VIIRS
47.39788,36.30639,343.22,0.53,0.42,2026-08-24,10:51:00,N20,nominal,2.0NRT,309.1,4.06,D,VIIRS
47.39721,36.29936,337.47,0.53,0.42,2026-08-24,10:51:00,N20,low,2.0NRT,311.49,4.06,D,VIIRS
47.40173,36.3056,334.47,0.53,0.42,2026-08-24,10:51:00,N20,low,2.0NRT,307.15,4.06,D,VIIRS
47.40105,36.29858,344.11,0.53,0.42,2026-08-24,10:51:00,N20,nominal,2.0NRT,312.12,4.06,D,VIIRS
47.21264,34.50075,340.3,0.46,0.39,2026-08-24,10:51:00,N20,low,2.0NRT,311.9,4.53,D,VIIRS
47.2162,34.49987,348.92,0.46,0.39,2026-08-24,10:51:00,N20,nominal,2.0NRT,312.47,7.39,D,VIIRS
47.40873,36.29699,345.41,0.53,0.42,2026-08-24,10:51:00,N20,nominal,2.0NRT,314.52,55.61,D,VIIRS
47.40737,36.28289,340.41,0.53,0.42,2026-08-24,10:51:00,N20,low,2.0NRT,312.98,10.66,D,VIIRS
47.23628,34.61256,342.95,0.46,0.39,2026-08-24,10:51:00,N20,low,2.0NRT,313.15,4.81,D,VIIRS
47.45311,36.63802,341.5,0.55,0.42,2026-08-24,10:51:00,N20,nominal,2.0NRT,311.01,16.74,D,VIIRS
47.41957,36.28761,342.92,0.53,0.42,2026-08-24,10:51:00,N20,low,2.0NRT,317.56,13.86,D,VIIRS
47.41888,36.28054,337.67,0.53,0.42,2026-08-24,10:51:00,N20,low,2.0NRT,311.8,13.86,D,VIIRS
47.3499,35.5943,343.43,0.5,0.41,2026-08-24,10:51:00,N20,nominal,2.0NRT,310.25,7.14,D,VIIRS
47.42341,36.28682,354.82,0.53,0.42,2026-08-24,10:51:00,N20,nominal,2.0NRT,313.78,13.86,D,VIIRS
47.51921,37.18189,349.22,0.38,0.44,2026-08-24,10:51:00,N20,nominal,2.0NRT,307.07,6.2,D,VIIRS
46.78694,30.97018,333.91,0.39,0.36,2026-08-24,10:51:00,N20,nominal,2.0NRT,300.69,6.28,D,VIIRS
46.78947,30.96417,340.7,0.39,0.36,2026-08-24,10:51:00,N20,nominal,2.0NRT,294.94,6.97,D,VIIRS
47.55857,37.34761,343.41,0.39,0.44,2026-08-24,10:51:00,N20,nominal,2.0NRT,313.71,7.66,D,VIIRS
47.43652,35.87563,334.78,0.51,0.41,2026-08-24,10:51:00,N20,low,2.0NRT,307.14,2.09,D,VIIRS
47.33483,34.89715,345.68,0.47,0.4,2026-08-24,10:51:00,N20,nominal,2.0NRT,312.66,4.76,D,VIIRS
47.33414,34.89095,351.93,0.47,0.4,2026-08-24,10:51:00,N20,nominal,2.0NRT,312.33,8.89,D,VIIRS
47.44428,35.83907,345.44,0.51,0.41,2026-08-24,10:51:00,N20,nominal,2.0NRT,309.55,12.81,D,VIIRS
47.30649,34.58295,337.62,0.46,0.39,2026-08-24,10:51:00,N20,low,2.0NRT,311.09,3.92,D,VIIRS
47.59412,37.28796,341.97,0.39,0.44,2026-08-24,10:51:00,N20,nominal,2.0NRT,307.2,2.3,D,VIIRS
47.50763,36.38437,340.94,0.54,0.42,2026-08-24,10:51:00,N20,low,2.0NRT,311.08,12.28,D,VIIRS
47.66045,37.98808,345.35,0.42,0.45,2026-08-24,10:51:00,N20,nominal,2.0NRT,308.35,4.97,D,VIIRS
47.65998,37.98265,342.99,0.42,0.45,2026-08-24,10:51:00,N20,nominal,2.0NRT,310.76,4.07,D,VIIRS
47.5115,36.38358,345.86,0.54,0.42,2026-08-24,10:51:00,N20,nominal,2.0NRT,312.73,12.28,D,VIIRS
47.51007,36.36935,341.79,0.53,0.42,2026-08-24,10:51:00,N20,nominal,2.0NRT,307.89,3.82,D,VIIRS
47.39715,35.29052,340.1,0.49,0.4,2026-08-24,10:51:00,N20,nominal,2.0NRT,313.72,11.46,D,VIIRS
47.51535,36.3828,347.23,0.54,0.42,2026-08-24,10:51:00,N20,nominal,2.0NRT,312.53,8.85,D,VIIRS
47.51393,36.36856,341.08,0.53,0.42,2026-08-24,10:51:00,N20,nominal,2.0NRT,310.5,3.69,D,VIIRS
47.40083,35.2897,341.25,0.49,0.4,2026-08-24,10:51:00,N20,nominal,2.0NRT,309.5,4.15,D,VIIRS
47.39661,35.25117,340.48,0.48,0.4,2026-08-24,10:51:00,N20,nominal,2.0NRT,307.91,5.04,D,VIIRS
47.35726,34.89817,341.4,0.47,0.4,2026-08-24,10:51:00,N20,nominal,2.0NRT,307.44,2.92,D,VIIRS
47.51921,36.38203,344.39,0.54,0.42,2026-08-24,10:51:00,N20,nominal,2.0NRT,312.55,8.85,D,VIIRS
47.40451,35.28886,335.81,0.49,0.4,2026-08-24,10:51:00,N20,low,2.0NRT,308.94,4.15,D,VIIRS
47.52379,36.38837,336.91,0.54,0.42,2026-08-24,10:51:00,N20,low,2.0NRT,309.84,13.09,D,VIIRS
47.52694,36.38047,348.43,0.54,0.42,2026-08-24,10:51:00,N20,nominal,2.0NRT,312.53,26.59,D,VIIRS
47.40763,35.24863,334.87,0.48,0.4,2026-08-24,10:51:00,N20,low,2.0NRT,307.14,5.25,D,VIIRS
47.39632,35.14659,340.3,0.48,0.4,2026-08-24,10:51:00,N20,low,2.0NRT,312.55,9.91,D,VIIRS
47.51257,36.38335,346.81,0.54,0.42,2026-08-24,10:51:00,N20,nominal,2.0NRT,313.3,8.26,D,VIIRS
47.51121,36.3691,346.44,0.53,0.42,2026-08-24,10:51:00,N20,nominal,2.0NRT,310.4,14.31,D,VIIRS
47.40285,35.28849,336.71,0.49,0.4,2026-08-24,10:51:00,N20,low,2.0NRT,310.1,3.26,D,VIIRS
47.51642,36.38257,340.57,0.54,0.42,2026-08-24,10:51:00,N20,low,2.0NRT,311.31,8.26,D,VIIRS
47.66163,37.98634,348.31,0.42,0.45,2026-08-24,10:51:00,N20,nominal,2.0NRT,310.8,3.62,D,VIIRS
47.66119,37.9809,337.45,0.42,0.45,2026-08-24,10:51:00,N20,nominal,2.0NRT,310.44,3.62,D,VIIRS
47.52097,36.38893,335.26,0.54,0.42,2026-08-24,10:51:00,N20,low,2.0NRT,307.38,14.12,D,VIIRS
47.40613,35.24819,334.94,0.48,0.4,2026-08-24,10:51:00,N20,low,2.0NRT,309.84,6.62,D,VIIRS
47.39594,35.15236,333.55,0.48,0.4,2026-08-24,10:51:00,N20,low,2.0NRT,305.65,15.15,D,VIIRS
47.66534,37.98008,332.77,0.42,0.45,2026-08-24,10:51:00,N20,low,2.0NRT,307.73,3.62,D,VIIRS
47.52483,36.38815,336.11,0.54,0.42,2026-08-24,10:51:00,N20,low,2.0NRT,309.11,14.12,D,VIIRS
47.52415,36.38101,342.27,0.54,0.42,2026-08-24,10:51:00,N20,low,2.0NRT,312.4,14.12,D,VIIRS
47.45947,35.72532,334.47,0.5,0.41,2026-08-24,10:51:00,N20,low,2.0NRT,308.76,1.41,D,VIIRS
47.52801,36.38023,343.29,0.54,0.42,2026-08-24,10:51:00,N20,nominal,2.0NRT,311.28,9.7,D,VIIRS
47.421,35.31742,336.4,0.49,0.4,2026-08-24,10:51:00,N20,low,2.0NRT,311.39,6.25,D,VIIRS
47.64946,37.68619,340.99,0.41,0.45,2026-08-24,10:51:00,N20,nominal,2.0NRT,306.79,5.67,D,VIIRS
47.53889,36.3707,333.77,0.54,0.42,2026-08-24,10:51:00,N20,low,2.0NRT,307.17,6.74,D,VIIRS
47.31923,34.26472,347.69,0.45,0.39,2026-08-24,10:51:00,N20,nominal,2.0NRT,312.66,10.17,D,VIIRS
47.26363,33.76417,343.53,0.43,0.38,2026-08-24,10:51:00,N20,low,2.0NRT,314.5,39.5,D,VIIRS
47.26711,33.76326,334.9,0.43,0.38,2026-08-24,10:51:00,N20,low,2.0NRT,308.55,1.29,D,VIIRS
47.51944,35.89873,337.71,0.51,0.41,2026-08-24,10:51:00,N20,low,2.0NRT,309.56,5.49,D,VIIRS
47.57045,36.37136,338.06,0.54,0.42,2026-08-24,10:51:00,N20,nominal,2.0NRT,307.63,7,D,VIIRS
47.57501,36.37778,334.04,0.54,0.42,2026-08-24,10:51:00,N20,nominal,2.0NRT,307.28,2.78,D,VIIRS
47.57431,36.37053,338.6,0.54,0.42,2026-08-24,10:51:00,N20,nominal,2.0NRT,308.26,2.78,D,VIIRS
47.33233,34.12811,346.22,0.44,0.39,2026-08-24,10:51:00,N20,nominal,2.0NRT,310.45,10.04,D,VIIRS
47.66328,37.2305,347.6,0.39,0.44,2026-08-24,10:51:00,N20,nominal,2.0NRT,322.41,37.35,D,VIIRS
47.26368,33.50146,339.7,0.43,0.38,2026-08-24,10:51:00,N20,nominal,2.0NRT,307.31,10.67,D,VIIRS
47.26298,33.49585,335.54,0.43,0.38,2026-08-24,10:51:00,N20,low,2.0NRT,308.76,11.36,D,VIIRS
47.66777,37.23499,340.26,0.39,0.44,2026-08-24,10:51:00,N20,nominal,2.0NRT,308.21,30.88,D,VIIRS
47.6673,37.22979,342.16,0.39,0.44,2026-08-24,10:51:00,N20,nominal,2.0NRT,314.57,37.35,D,VIIRS
47.26712,33.50054,354.92,0.43,0.38,2026-08-24,10:51:00,N20,nominal,2.0NRT,312.4,10.67,D,VIIRS
47.67132,37.22907,336.13,0.39,0.44,2026-08-24,10:51:00,N20,low,2.0NRT,310.22,3.75,D,VIIRS
47.27058,33.49962,336.35,0.43,0.38,2026-08-24,10:51:00,N20,low,2.0NRT,308.4,3.1,D,VIIRS
47.26988,33.49401,353.43,0.43,0.38,2026-08-24,10:51:00,N20,nominal,2.0NRT,312.86,10.47,D,VIIRS
47.27194,33.48187,350.95,0.43,0.38,2026-08-24,10:51:00,N20,nominal,2.0NRT,311.43,6.89,D,VIIRS
47.39456,34.47326,367,0.46,0.39,2026-08-24,10:51:00,N20,high,2.0NRT,315.08,8.18,D,VIIRS
47.68406,37.27924,349.38,0.39,0.44,2026-08-24,10:51:00,N20,nominal,2.0NRT,314.68,47.41,D,VIIRS
47.66456,37.06671,334.78,0.57,0.43,2026-08-24,10:51:00,N20,nominal,2.0NRT,308.69,3.26,D,VIIRS
47.39525,34.47927,336.04,0.46,0.39,2026-08-24,10:51:00,N20,nominal,2.0NRT,310.21,8.18,D,VIIRS
47.69873,37.35072,339.87,0.39,0.44,2026-08-24,10:51:00,N20,nominal,2.0NRT,312.7,8.43,D,VIIRS
47.29836,33.60856,335.91,0.43,0.38,2026-08-24,10:51:00,N20,low,2.0NRT,309.74,7.01,D,VIIRS
47.69921,37.35602,367,0.39,0.44,2026-08-24,10:51:00,N20,low,2.0NRT,326.15,69.25,D,VIIRS
47.70277,37.34998,343.58,0.39,0.44,2026-08-24,10:51:00,N20,nominal,2.0NRT,312.52,8.43,D,VIIRS
47.30182,33.60765,348.73,0.43,0.38,2026-08-24,10:51:00,N20,nominal,2.0NRT,310.99,7.01,D,VIIRS
47.30112,33.60199,338.35,0.43,0.38,2026-08-24,10:51:00,N20,low,2.0NRT,311.29,2.49,D,VIIRS
47.30042,33.59635,334.13,0.43,0.38,2026-08-24,10:51:00,N20,low,2.0NRT,308.65,2.49,D,VIIRS
47.15142,32.44119,341.65,0.4,0.37,2026-08-24,10:51:00,N20,low,2.0NRT,314.97,16.82,D,VIIRS
47.70325,37.35528,367,0.39,0.44,2026-08-24,10:51:00,N20,low,2.0NRT,326.06,69.25,D,VIIRS
47.70729,37.35453,343.92,0.39,0.44,2026-08-24,10:51:00,N20,nominal,2.0NRT,310.3,12.76,D,VIIRS
47.70681,37.34925,346.75,0.39,0.44,2026-08-24,10:51:00,N20,nominal,2.0NRT,312.26,7.59,D,VIIRS
47.31298,33.66905,346.03,0.43,0.38,2026-08-24,10:51:00,N20,nominal,2.0NRT,310.93,3.57,D,VIIRS
47.30458,33.60108,347.07,0.43,0.38,2026-08-24,10:51:00,N20,nominal,2.0NRT,310.1,4.55,D,VIIRS
47.15549,32.44551,339.64,0.4,0.37,2026-08-24,10:51:00,N20,low,2.0NRT,312.2,9.75,D,VIIRS
47.15478,32.44024,344.52,0.4,0.37,2026-08-24,10:51:00,N20,low,2.0NRT,315.4,9.75,D,VIIRS
47.71085,37.34851,349.02,0.39,0.44,2026-08-24,10:51:00,N20,nominal,2.0NRT,311.27,7.59,D,VIIRS
47.64951,36.6952,333.07,0.55,0.43,2026-08-24,10:51:00,N20,low,2.0NRT,306.36,4.55,D,VIIRS
47.63455,36.54168,341.54,0.54,0.42,2026-08-24,10:51:00,N20,nominal,2.0NRT,310.66,8.38,D,VIIRS
47.31646,33.66814,338.68,0.43,0.38,2026-08-24,10:51:00,N20,nominal,2.0NRT,311.6,3.57,D,VIIRS
47.31506,33.65679,341.82,0.43,0.38,2026-08-24,10:51:00,N20,nominal,2.0NRT,310.85,2.89,D,VIIRS
47.63916,36.54821,338.54,0.55,0.42,2026-08-24,10:51:00,N20,nominal,2.0NRT,312.37,4.4,D,VIIRS
47.63845,36.54093,337.8,0.54,0.42,2026-08-24,10:51:00,N20,low,2.0NRT,309.39,20.68,D,VIIRS
47.31427,33.5927,367,0.43,0.38,2026-08-24,10:51:00,N20,high,2.0NRT,331,72.14,D,VIIRS
47.64377,36.55468,334.58,0.55,0.42,2026-08-24,10:51:00,N20,low,2.0NRT,309.52,4.4,D,VIIRS
47.64234,36.54016,337.66,0.54,0.42,2026-08-24,10:51:00,N20,low,2.0NRT,311.7,20.68,D,VIIRS
47.61091,36.2253,348.19,0.53,0.42,2026-08-24,10:51:00,N20,nominal,2.0NRT,311.72,8.28,D,VIIRS
47.31357,33.58705,337.35,0.43,0.38,2026-08-24,10:51:00,N20,nominal,2.0NRT,310.47,6.76,D,VIIRS
47.31773,33.59178,367,0.43,0.38,2026-08-24,10:51:00,N20,high,2.0NRT,333.36,112.18,D,VIIRS
47.64623,36.53936,338.91,0.54,0.42,2026-08-24,10:51:00,N20,low,2.0NRT,311.61,4.85,D,VIIRS
47.66733,36.71415,334.68,0.55,0.43,2026-08-24,10:51:00,N20,low,2.0NRT,306.77,10.51,D,VIIRS
47.64862,36.69351,334.94,0.55,0.43,2026-08-24,10:51:00,N20,low,2.0NRT,306.1,4.35,D,VIIRS
47.63438,36.53976,342.18,0.55,0.42,2026-08-24,10:51:00,N20,nominal,2.0NRT,311.3,9.63,D,VIIRS
47.63963,36.55358,335.48,0.55,0.42,2026-08-24,10:51:00,N20,low,2.0NRT,309.54,2.75,D,VIIRS
47.63827,36.53899,344.87,0.55,0.42,2026-08-24,10:51:00,N20,nominal,2.0NRT,310.87,9.63,D,VIIRS
47.60902,36.23076,336.5,0.53,0.42,2026-08-24,10:51:00,N20,low,2.0NRT,311.19,7.86,D,VIIRS
47.64353,36.55278,337.97,0.55,0.42,2026-08-24,10:51:00,N20,low,2.0NRT,310.42,4.33,D,VIIRS
47.61218,36.22289,337.38,0.53,0.42,2026-08-24,10:51:00,N20,nominal,2.0NRT,306.21,4.7,D,VIIRS
47.64606,36.53743,336.35,0.55,0.42,2026-08-24,10:51:00,N20,low,2.0NRT,310.12,30.13,D,VIIRS
47.66702,36.71985,339.03,0.55,0.43,2026-08-24,10:51:00,N20,nominal,2.0NRT,312.88,23.52,D,VIIRS
47.32939,33.56217,344.71,0.43,0.38,2026-08-24,10:51:00,N20,nominal,2.0NRT,311.91,4.65,D,VIIRS
47.67094,36.71906,346.84,0.55,0.43,2026-08-24,10:51:00,N20,nominal,2.0NRT,308.95,23.52,D,VIIRS
47.67026,36.71168,333.4,0.55,0.43,2026-08-24,10:51:00,N20,nominal,2.0NRT,307.57,23.52,D,VIIRS
47.46996,34.7405,336.71,0.47,0.39,2026-08-24,10:51:00,N20,low,2.0NRT,309.84,4.13,D,VIIRS
47.58614,35.76418,331.85,0.51,0.41,2026-08-24,10:51:00,N20,low,2.0NRT,305.17,12.18,D,VIIRS
47.59021,35.72865,336.6,0.51,0.41,2026-08-24,10:51:00,N20,nominal,2.0NRT,308.26,3.76,D,VIIRS
47.57642,35.59445,335.64,0.5,0.41,2026-08-24,10:51:00,N20,low,2.0NRT,309.24,3.33,D,VIIRS
47.9227,39.46922,338.74,0.49,0.49,2026-08-24,10:51:00,N20,low,2.0NRT,309.11,6.69,D,VIIRS
47.92225,39.46268,343.42,0.49,0.49,2026-08-24,10:51:00,N20,nominal,2.0NRT,309.62,6.69,D,VIIRS
47.92717,39.46847,334.69,0.49,0.49,2026-08-24,10:51:00,N20,low,2.0NRT,309.1,6.69,D,VIIRS
47.93164,39.46778,348.6,0.49,0.49,2026-08-24,10:51:00,N20,nominal,2.0NRT,307.34,16.42,D,VIIRS
47.6979,36.62354,335.98,0.55,0.43,2026-08-24,10:51:00,N20,low,2.0NRT,309.1,5.87,D,VIIRS
47.93612,39.46715,341.05,0.49,0.49,2026-08-24,10:51:00,N20,nominal,2.0NRT,303.75,16.42,D,VIIRS
47.70182,36.6228,338.8,0.55,0.43,2026-08-24,10:51:00,N20,low,2.0NRT,310.34,5.87,D,VIIRS
47.70111,36.61541,336.26,0.55,0.43,2026-08-24,10:51:00,N20,nominal,2.0NRT,310.78,5.87,D,VIIRS
47.67181,36.31165,340.01,0.53,0.42,2026-08-24,10:51:00,N20,nominal,2.0NRT,308.54,5.74,D,VIIRS
47.94014,39.45989,353.15,0.49,0.49,2026-08-24,10:51:00,N20,nominal,2.0NRT,313.58,49.67,D,VIIRS
47.70712,36.63666,336.02,0.55,0.43,2026-08-24,10:51:00,N20,low,2.0NRT,308.6,4.51,D,VIIRS
47.70572,36.62202,347.67,0.55,0.43,2026-08-24,10:51:00,N20,nominal,2.0NRT,313.53,28.03,D,VIIRS
47.70502,36.61465,341.63,0.55,0.43,2026-08-24,10:51:00,N20,low,2.0NRT,314.92,28.03,D,VIIRS
47.01207,30.89864,338.17,0.39,0.36,2026-08-24,10:51:00,N20,nominal,2.0NRT,307.61,5.01,D,VIIRS
47.71284,36.61304,338.96,0.55,0.43,2026-08-24,10:51:00,N20,low,2.0NRT,312.52,5.08,D,VIIRS
47.01861,30.89657,339.71,0.39,0.36,2026-08-24,10:51:00,N20,low,2.0NRT,309.82,5.61,D,VIIRS
47.92838,39.10931,337.78,0.47,0.48,2026-08-24,10:51:00,N20,low,2.0NRT,308.17,5.19,D,VIIRS
47.71674,36.61221,346.26,0.55,0.43,2026-08-24,10:51:00,N20,nominal,2.0NRT,311.5,5.08,D,VIIRS
47.93327,39.11522,346.82,0.47,0.48,2026-08-24,10:51:00,N20,nominal,2.0NRT,309.77,21.75,D,VIIRS
47.93673,39.10192,336.01,0.47,0.48,2026-08-24,10:51:00,N20,low,2.0NRT,308.16,5.84,D,VIIRS
47.68215,36.10041,341.51,0.52,0.42,2026-08-24,10:51:00,N20,nominal,2.0NRT,310.05,4.57,D,VIIRS
47.85334,37.84533,333.74,0.41,0.45,2026-08-24,10:51:00,N20,low,2.0NRT,308.4,3.26,D,VIIRS
47.92892,38.71136,367,0.45,0.47,2026-08-24,10:51:00,N20,high,2.0NRT,312.73,9.81,D,VIIRS
47.92844,38.70533,335.29,0.45,0.47,2026-08-24,10:51:00,N20,nominal,2.0NRT,307.46,9.81,D,VIIRS
47.81559,37.32465,348.93,0.39,0.44,2026-08-24,10:51:00,N20,nominal,2.0NRT,310.73,9.36,D,VIIRS
47.73302,36.45287,338.27,0.54,0.42,2026-08-24,10:51:00,N20,nominal,2.0NRT,308.72,3.77,D,VIIRS
47.8201,37.32911,343.32,0.39,0.44,2026-08-24,10:51:00,N20,nominal,2.0NRT,309.61,5.44,D,VIIRS
47.81867,37.31339,345.95,0.39,0.44,2026-08-24,10:51:00,N20,nominal,2.0NRT,313.99,13.64,D,VIIRS
47.82414,37.32833,348.04,0.39,0.44,2026-08-24,10:51:00,N20,nominal,2.0NRT,307.8,5.44,D,VIIRS
47.45667,33.87101,355.98,0.44,0.38,2026-08-24,10:51:00,N20,nominal,2.0NRT,312.32,4.53,D,VIIRS
47.45596,33.86523,337.05,0.44,0.38,2026-08-24,10:51:00,N20,low,2.0NRT,310.66,4.53,D,VIIRS
47.45526,33.85946,341,0.44,0.38,2026-08-24,10:51:00,N20,low,2.0NRT,313.01,5.04,D,VIIRS
47.46087,33.87596,344.71,0.44,0.38,2026-08-24,10:51:00,N20,nominal,2.0NRT,309.95,7.6,D,VIIRS
47.46017,33.87017,354.79,0.44,0.38,2026-08-24,10:51:00,N20,nominal,2.0NRT,317.84,8.41,D,VIIRS
47.45946,33.86435,336.06,0.44,0.38,2026-08-24,10:51:00,N20,low,2.0NRT,309.42,8.41,D,VIIRS
47.45876,33.85856,344.39,0.44,0.38,2026-08-24,10:51:00,N20,low,2.0NRT,315.11,8.49,D,VIIRS
47.46367,33.86927,342.28,0.44,0.38,2026-08-24,10:51:00,N20,nominal,2.0NRT,313.33,8.41,D,VIIRS
47.73346,36.45275,338.79,0.54,0.42,2026-08-24,10:51:00,N20,nominal,2.0NRT,309.08,7.74,D,VIIRS
47.46073,33.87447,348.43,0.44,0.38,2026-08-24,10:51:00,N20,nominal,2.0NRT,312.06,8.54,D,VIIRS
47.46004,33.86864,347.55,0.44,0.38,2026-08-24,10:51:00,N20,nominal,2.0NRT,314.66,8.54,D,VIIRS
47.45936,33.86283,343.4,0.44,0.38,2026-08-24,10:51:00,N20,nominal,2.0NRT,311.07,5.89,D,VIIRS
47.45868,33.85704,339.14,0.44,0.38,2026-08-24,10:51:00,N20,low,2.0NRT,313.77,5.89,D,VIIRS
47.46354,33.86776,342.57,0.44,0.38,2026-08-24,10:51:00,N20,nominal,2.0NRT,312.37,8.54,D,VIIRS
47.93045,38.70991,350.13,0.45,0.47,2026-08-24,10:51:00,N20,nominal,2.0NRT,307.44,11.81,D,VIIRS
47.82057,37.33233,339.27,0.39,0.44,2026-08-24,10:51:00,N20,nominal,2.0NRT,308.61,3.61,D,VIIRS
47.82012,37.32706,335.43,0.39,0.44,2026-08-24,10:51:00,N20,low,2.0NRT,309.81,3.61,D,VIIRS
47.81922,37.31656,348.57,0.39,0.44,2026-08-24,10:51:00,N20,nominal,2.0NRT,311.27,9.1,D,VIIRS
47.81876,37.31132,340.78,0.39,0.44,2026-08-24,10:51:00,N20,nominal,2.0NRT,313.93,6.56,D,VIIRS
47.4684,33.8784,349.3,0.44,0.38,2026-08-24,10:51:00,N20,nominal,2.0NRT,311.43,4.3,D,VIIRS
47.46703,33.86679,347.77,0.44,0.38,2026-08-24,10:51:00,N20,nominal,2.0NRT,315.17,7.43,D,VIIRS
47.82416,37.32628,351.22,0.39,0.44,2026-08-24,10:51:00,N20,nominal,2.0NRT,308.55,3.61,D,VIIRS
47.4719,33.87745,334.97,0.44,0.38,2026-08-24,10:51:00,N20,low,2.0NRT,308.72,4.3,D,VIIRS
47.47121,33.87166,351.1,0.44,0.38,2026-08-24,10:51:00,N20,nominal,2.0NRT,312.64,7.43,D,VIIRS
47.47053,33.86584,337.4,0.44,0.38,2026-08-24,10:51:00,N20,low,2.0NRT,311.64,7.43,D,VIIRS
47.8282,37.3255,341.91,0.39,0.44,2026-08-24,10:51:00,N20,nominal,2.0NRT,308.92,6.98,D,VIIRS
47.82774,37.32024,346.11,0.39,0.44,2026-08-24,10:51:00,N20,nominal,2.0NRT,311.51,5.35,D,VIIRS
47.47402,33.86489,347.98,0.44,0.38,2026-08-24,10:51:00,N20,nominal,2.0NRT,309.89,4.58,D,VIIRS
47.47615,33.85242,340.63,0.44,0.38,2026-08-24,10:51:00,N20,nominal,2.0NRT,308.57,5.87,D,VIIRS
47.84078,37.32852,337.85,0.39,0.44,2026-08-24,10:51:00,N20,nominal,2.0NRT,305.85,5.86,D,VIIRS
47.89011,37.61295,337.78,0.4,0.45,2026-08-24,10:51:00,N20,nominal,2.0NRT,306.09,3.59,D,VIIRS
47.89514,37.62313,348.74,0.41,0.45,2026-08-24,10:51:00,N20,nominal,2.0NRT,308.06,7.91,D,VIIRS
47.89374,37.60681,344.11,0.4,0.45,2026-08-24,10:51:00,N20,nominal,2.0NRT,307.42,79.52,D,VIIRS
47.90194,37.60538,337.76,0.4,0.45,2026-08-24,10:51:00,N20,nominal,2.0NRT,307.21,4.84,D,VIIRS
47.69286,35.35161,334.35,0.49,0.4,2026-08-24,10:51:00,N20,low,2.0NRT,304.64,5.1,D,VIIRS
47.87869,37.15613,346.03,0.39,0.44,2026-08-24,10:51:00,N20,nominal,2.0NRT,311.23,3.68,D,VIIRS
47.85453,36.8502,349.79,0.56,0.43,2026-08-24,10:51:00,N20,nominal,2.0NRT,314.03,10.89,D,VIIRS
47.80791,36.36356,332.92,0.54,0.42,2026-08-24,10:51:00,N20,low,2.0NRT,306.96,4.42,D,VIIRS
47.87583,37.03582,348.51,0.38,0.43,2026-08-24,10:51:00,N20,nominal,2.0NRT,307.84,5.96,D,VIIRS
47.8897,37.05406,367,0.38,0.43,2026-08-24,10:51:00,N20,high,2.0NRT,337.73,83.91,D,VIIRS
47.8468,36.60028,337.62,0.55,0.43,2026-08-24,10:51:00,N20,low,2.0NRT,310.76,6.54,D,VIIRS
47.70189,35.18969,337.82,0.49,0.4,2026-08-24,10:51:00,N20,nominal,2.0NRT,306.67,2.71,D,VIIRS
47.88923,37.04892,312.17,0.38,0.43,2026-08-24,10:51:00,N20,low,2.0NRT,313.85,83.91,D,VIIRS
47.89274,37.04301,336.84,0.38,0.43,2026-08-24,10:51:00,N20,low,2.0NRT,308.74,21.98,D,VIIRS
47.89369,37.05328,350.44,0.38,0.43,2026-08-24,10:51:00,N20,low,2.0NRT,326.72,48.17,D,VIIRS
47.89816,37.05761,341.61,0.38,0.43,2026-08-24,10:51:00,N20,low,2.0NRT,314.75,37.32,D,VIIRS
47.89769,37.05248,349.33,0.38,0.43,2026-08-24,10:51:00,N20,low,2.0NRT,322.1,48.17,D,VIIRS
47.89721,37.04736,344.34,0.38,0.43,2026-08-24,10:51:00,N20,low,2.0NRT,315.12,48.17,D,VIIRS
47.89674,37.04224,350.94,0.38,0.43,2026-08-24,10:51:00,N20,low,2.0NRT,321.67,21.98,D,VIIRS
47.90216,37.05682,342.28,0.38,0.43,2026-08-24,10:51:00,N20,nominal,2.0NRT,307.46,11.89,D,VIIRS
47.87751,36.75319,340.06,0.56,0.43,2026-08-24,10:51:00,N20,nominal,2.0NRT,312,4.61,D,VIIRS
47.35005,32.19781,333.93,0.4,0.37,2026-08-24,10:51:00,N20,low,2.0NRT,308.37,2.05,D,VIIRS
47.86492,36.58162,336.42,0.55,0.43,2026-08-24,10:51:00,N20,nominal,2.0NRT,308.72,5.5,D,VIIRS
47.86811,36.57346,339.57,0.55,0.43,2026-08-24,10:51:00,N20,nominal,2.0NRT,308.69,5.5,D,VIIRS
47.87617,36.75305,335.98,0.56,0.43,2026-08-24,10:51:00,N20,nominal,2.0NRT,310.93,2.99,D,VIIRS
47.88012,36.7523,334.24,0.56,0.43,2026-08-24,10:51:00,N20,nominal,2.0NRT,309.16,2.99,D,VIIRS
47.86439,36.58121,335.37,0.55,0.43,2026-08-24,10:51:00,N20,low,2.0NRT,308.01,1.91,D,VIIRS
47.86761,36.57304,337.48,0.55,0.43,2026-08-24,10:51:00,N20,low,2.0NRT,309.02,6.59,D,VIIRS
47.91119,36.9622,342.01,0.57,0.43,2026-08-24,10:51:00,N20,nominal,2.0NRT,311.96,7.37,D,VIIRS
47.91516,36.9614,340.4,0.57,0.43,2026-08-24,10:51:00,N20,low,2.0NRT,311.79,7.37,D,VIIRS
47.99207,37.50909,345.24,0.4,0.44,2026-08-24,10:51:00,N20,nominal,2.0NRT,306.23,3.56,D,VIIRS
47.87952,36.2818,333.25,0.54,0.42,2026-08-24,10:51:00,N20,low,2.0NRT,306.01,6.79,D,VIIRS
47.87255,36.21038,332.11,0.53,0.42,2026-08-24,10:51:00,N20,nominal,2.0NRT,306.01,1.74,D,VIIRS
47.59344,33.59998,346.37,0.43,0.38,2026-08-24,10:51:00,N20,nominal,2.0NRT,315.56,16.33,D,VIIRS
48.01894,37.53176,342.39,0.4,0.44,2026-08-24,10:51:00,N20,nominal,2.0NRT,307.94,8.33,D,VIIRS
48.01847,37.52636,344.08,0.4,0.44,2026-08-24,10:51:00,N20,nominal,2.0NRT,310.59,5.89,D,VIIRS
48.00526,37.37592,345.72,0.4,0.44,2026-08-24,10:51:00,N20,nominal,2.0NRT,304.77,11.61,D,VIIRS
48.02255,37.52556,333.3,0.4,0.44,2026-08-24,10:51:00,N20,low,2.0NRT,305.9,5.89,D,VIIRS
47.95072,36.69236,337.48,0.56,0.43,2026-08-24,10:51:00,N20,nominal,2.0NRT,311.37,5.92,D,VIIRS
47.99796,37.1572,337.16,0.39,0.44,2026-08-24,10:51:00,N20,nominal,2.0NRT,309.13,3.79,D,VIIRS
47.97812,36.94142,336.48,0.57,0.43,2026-08-24,10:51:00,N20,low,2.0NRT,310.41,14.57,D,VIIRS
47.66403,33.94617,345.6,0.44,0.39,2026-08-24,10:51:00,N20,nominal,2.0NRT,316.04,23.85,D,VIIRS
47.85883,35.65254,335.35,0.51,0.41,2026-08-24,10:51:00,N20,low,2.0NRT,308.82,3.35,D,VIIRS
47.66755,33.94529,339.5,0.44,0.39,2026-08-24,10:51:00,N20,nominal,2.0NRT,305.68,23.85,D,VIIRS
48.00057,36.92155,334.21,0.57,0.43,2026-08-24,10:51:00,N20,low,2.0NRT,306.09,3.19,D,VIIRS
48.00508,36.90556,337.41,0.57,0.43,2026-08-24,10:51:00,N20,low,2.0NRT,311.2,2.8,D,VIIRS
48.01217,36.8497,333.19,0.57,0.43,2026-08-24,10:51:00,N20,low,2.0NRT,305.32,2.51,D,VIIRS
48.01613,36.8489,334.24,0.57,0.43,2026-08-24,10:51:00,N20,low,2.0NRT,306.59,28.5,D,VIIRS
48.0194,36.84049,347.14,0.57,0.43,2026-08-24,10:51:00,N20,nominal,2.0NRT,305.18,32.78,D,VIIRS
48.21597,39.17031,344.74,0.48,0.48,2026-08-24,10:51:00,N20,nominal,2.0NRT,305.31,4.99,D,VIIRS
48.07658,37.25162,351.8,0.39,0.44,2026-08-24,10:51:00,N20,nominal,2.0NRT,310.14,5.21,D,VIIRS
48.08062,37.25082,334.47,0.39,0.44,2026-08-24,10:51:00,N20,nominal,2.0NRT,304.28,5.21,D,VIIRS
48.08015,37.24554,352.6,0.39,0.44,2026-08-24,10:51:00,N20,nominal,2.0NRT,310.22,12.72,D,VIIRS
48.06054,37.0261,344.62,0.38,0.44,2026-08-24,10:51:00,N20,nominal,2.0NRT,308.21,4,D,VIIRS
48.08418,37.24478,341.78,0.39,0.44,2026-08-24,10:51:00,N20,nominal,2.0NRT,308.22,10.78,D,VIIRS
48.04573,36.81965,334.27,0.57,0.43,2026-08-24,10:51:00,N20,low,2.0NRT,305.87,5.15,D,VIIRS
48.06701,36.96326,334.32,0.57,0.43,2026-08-24,10:51:00,N20,low,2.0NRT,306.5,5.36,D,VIIRS
47.80915,34.45084,341.39,0.46,0.39,2026-08-24,10:51:00,N20,nominal,2.0NRT,307.97,3.7,D,VIIRS
48.10902,37.38614,340.48,0.4,0.44,2026-08-24,10:51:00,N20,nominal,2.0NRT,306.17,5.94,D,VIIRS
48.11308,37.38536,349.58,0.4,0.44,2026-08-24,10:51:00,N20,nominal,2.0NRT,309.14,4.33,D,VIIRS
48.11762,37.38998,340,0.4,0.44,2026-08-24,10:51:00,N20,nominal,2.0NRT,303.75,4.33,D,VIIRS
48.11714,37.38459,336.6,0.4,0.44,2026-08-24,10:51:00,N20,low,2.0NRT,308.96,4.33,D,VIIRS
47.36595,30.95884,349.62,0.39,0.36,2026-08-24,10:51:00,N20,nominal,2.0NRT,312.73,38.49,D,VIIRS
48.12169,37.38921,339.94,0.4,0.44,2026-08-24,10:51:00,N20,nominal,2.0NRT,302.64,5.95,D,VIIRS
48.12121,37.38382,347.89,0.4,0.44,2026-08-24,10:51:00,N20,nominal,2.0NRT,309.95,5.95,D,VIIRS
47.36922,30.95781,343.45,0.39,0.36,2026-08-24,10:51:00,N20,nominal,2.0NRT,310.22,32.9,D,VIIRS
47.36848,30.95274,333.35,0.39,0.36,2026-08-24,10:51:00,N20,low,2.0NRT,305.34,18.48,D,VIIRS
48.08125,36.8979,337.14,0.57,0.43,2026-08-24,10:51:00,N20,nominal,2.0NRT,304.47,48.96,D,VIIRS
48.07493,36.74432,336.43,0.56,0.43,2026-08-24,10:51:00,N20,nominal,2.0NRT,304.75,3.03,D,VIIRS
48.1487,37.36778,331.45,0.4,0.44,2026-08-24,10:51:00,N20,low,2.0NRT,305.42,2.43,D,VIIRS
48.19998,37.89477,335.02,0.42,0.45,2026-08-24,10:51:00,N20,nominal,2.0NRT,301.74,5.98,D,VIIRS
48.19952,37.88898,338.05,0.42,0.45,2026-08-24,10:51:00,N20,low,2.0NRT,308.05,5.98,D,VIIRS
48.15691,37.37431,346.44,0.4,0.44,2026-08-24,10:51:00,N20,nominal,2.0NRT,306.89,7.31,D,VIIRS
47.95938,35.28645,336.68,0.49,0.4,2026-08-24,10:51:00,N20,nominal,2.0NRT,307.22,5.96,D,VIIRS
48.21419,38.01947,341.83,0.43,0.46,2026-08-24,10:51:00,N20,nominal,2.0NRT,308.16,7.17,D,VIIRS
48.18942,37.71313,345.58,0.41,0.45,2026-08-24,10:51:00,N20,nominal,2.0NRT,305.88,4.91,D,VIIRS
48.21745,38.00698,334.42,0.42,0.46,2026-08-24,10:51:00,N20,nominal,2.0NRT,304.35,4.12,D,VIIRS
48.21697,38.00113,343.82,0.42,0.46,2026-08-24,10:51:00,N20,nominal,2.0NRT,306.47,4.12,D,VIIRS
48.00535,35.6599,341.31,0.51,0.41,2026-08-24,10:51:00,N20,nominal,2.0NRT,307.42,4.13,D,VIIRS
48.00466,35.65311,337.45,0.51,0.41,2026-08-24,10:51:00,N20,nominal,2.0NRT,307,4.13,D,VIIRS
48.22116,38.00029,343.08,0.42,0.46,2026-08-24,10:51:00,N20,nominal,2.0NRT,306.23,8.37,D,VIIRS
48.20088,37.69958,342.31,0.41,0.45,2026-08-24,10:51:00,N20,nominal,2.0NRT,305.92,5.51,D,VIIRS
48.20042,37.69403,353.5,0.41,0.45,2026-08-24,10:51:00,N20,nominal,2.0NRT,308.96,5.51,D,VIIRS
48.19996,37.68851,342.63,0.41,0.45,2026-08-24,10:51:00,N20,nominal,2.0NRT,304.78,3.83,D,VIIRS
48.20409,37.68774,339.96,0.41,0.45,2026-08-24,10:51:00,N20,nominal,2.0NRT,305.56,7.51,D,VIIRS
48.13349,36.78603,336.47,0.56,0.43,2026-08-24,10:51:00,N20,nominal,2.0NRT,304.13,3.28,D,VIIRS
47.88613,34.3734,338.7,0.46,0.39,2026-08-24,10:51:00,N20,nominal,2.0NRT,306.39,3.17,D,VIIRS
48.21134,37.62448,338.94,0.41,0.45,2026-08-24,10:51:00,N20,nominal,2.0NRT,304.25,5.1,D,VIIRS
48.21087,37.61894,338.05,0.41,0.45,2026-08-24,10:51:00,N20,nominal,2.0NRT,303.79,4.76,D,VIIRS
48.13814,36.79282,331.16,0.57,0.43,2026-08-24,10:51:00,N20,low,2.0NRT,305.04,3.28,D,VIIRS
48.21498,37.61816,367,0.41,0.45,2026-08-24,10:51:00,N20,high,2.0NRT,307.65,11.92,D,VIIRS
48.2191,37.61742,343.4,0.41,0.45,2026-08-24,10:51:00,N20,nominal,2.0NRT,308.24,11.92,D,VIIRS
48.02497,35.55105,335.1,0.5,0.41,2026-08-24,10:51:00,N20,low,2.0NRT,306.13,10.58,D,VIIRS
48.22322,37.61666,347.36,0.41,0.45,2026-08-24,10:51:00,N20,nominal,2.0NRT,305.45,4.79,D,VIIRS
48.13592,36.63874,332.34,0.56,0.43,2026-08-24,10:51:00,N20,low,2.0NRT,303.42,7.51,D,VIIRS
48.02802,35.54342,316.41,0.5,0.41,2026-08-24,10:51:00,N20,low,2.0NRT,320.83,56.07,D,VIIRS
48.07935,35.93345,336.96,0.52,0.42,2026-08-24,10:51:00,N20,low,2.0NRT,307.73,5.07,D,VIIRS
48.24757,37.65707,330.13,0.41,0.45,2026-08-24,10:51:00,N20,low,2.0NRT,304.32,3.06,D,VIIRS
48.27309,37.85869,351.66,0.42,0.45,2026-08-24,10:51:00,N20,nominal,2.0NRT,307.03,4.94,D,VIIRS
48.22321,37.2369,344.02,0.39,0.44,2026-08-24,10:51:00,N20,nominal,2.0NRT,304.05,9.89,D,VIIRS
48.22725,37.23605,354.98,0.39,0.44,2026-08-24,10:51:00,N20,nominal,2.0NRT,311.08,9.89,D,VIIRS
48.22677,37.23069,341.69,0.39,0.44,2026-08-24,10:51:00,N20,nominal,2.0NRT,309.19,8.98,D,VIIRS
48.22533,37.21476,340.91,0.39,0.44,2026-08-24,10:51:00,N20,nominal,2.0NRT,305.49,6.19,D,VIIRS
48.01579,34.89992,339.88,0.48,0.4,2026-08-24,10:51:00,N20,nominal,2.0NRT,311.22,11.63,D,VIIRS
48.0148,34.89813,338,0.48,0.4,2026-08-24,10:51:00,N20,nominal,2.0NRT,310.87,10.78,D,VIIRS
48.26874,37.38339,338.77,0.4,0.44,2026-08-24,10:51:00,N20,nominal,2.0NRT,304.03,3.11,D,VIIRS
48.0866,35.43893,355.55,0.5,0.41,2026-08-24,10:51:00,N20,nominal,2.0NRT,310.65,17.63,D,VIIRS
48.29765,37.67943,342.65,0.41,0.45,2026-08-24,10:51:00,N20,nominal,2.0NRT,310.13,5.56,D,VIIRS
48.29116,37.60088,335.48,0.41,0.45,2026-08-24,10:51:00,N20,nominal,2.0NRT,305.3,3.74,D,VIIRS
48.25023,37.12065,336.44,0.39,0.44,2026-08-24,10:51:00,N20,nominal,2.0NRT,303.79,1.79,D,VIIRS
48.15593,36.09605,342.19,0.53,0.42,2026-08-24,10:51:00,N20,nominal,2.0NRT,306.62,4.94,D,VIIRS
48.1525,36.06071,338.5,0.53,0.42,2026-08-24,10:51:00,N20,nominal,2.0NRT,305.24,12.15,D,VIIRS
48.15634,36.05987,331.49,0.53,0.42,2026-08-24,10:51:00,N20,low,2.0NRT,302.83,2.95,D,VIIRS
48.29379,37.48315,348.2,0.4,0.45,2026-08-24,10:51:00,N20,nominal,2.0NRT,306.63,5.67,D,VIIRS
48.28442,37.32511,340.85,0.4,0.44,2026-08-24,10:51:00,N20,nominal,2.0NRT,305.97,4.44,D,VIIRS
48.15599,35.93668,350.04,0.52,0.42,2026-08-24,10:51:00,N20,nominal,2.0NRT,308.92,8.69,D,VIIRS
48.17443,36.08472,347.27,0.53,0.42,2026-08-24,10:51:00,N20,nominal,2.0NRT,307.75,28.86,D,VIIRS
48.47925,39.79005,331.39,0.51,0.5,2026-08-24,10:51:00,N20,low,2.0NRT,306.18,3.68,D,VIIRS
48.30839,37.50815,335.34,0.41,0.45,2026-08-24,10:51:00,N20,nominal,2.0NRT,303.18,3.47,D,VIIRS
48.29679,37.3727,355.02,0.4,0.44,2026-08-24,10:51:00,N20,nominal,2.0NRT,304.06,9.84,D,VIIRS
48.17827,36.08384,347.47,0.53,0.42,2026-08-24,10:51:00,N20,nominal,2.0NRT,321.41,28.86,D,VIIRS
48.18211,36.083,348.82,0.53,0.42,2026-08-24,10:51:00,N20,nominal,2.0NRT,311.79,12.52,D,VIIRS
48.25394,36.79888,337.02,0.57,0.43,2026-08-24,10:51:00,N20,nominal,2.0NRT,304.74,4.66,D,VIIRS
48.3076,37.35414,341.43,0.4,0.44,2026-08-24,10:51:00,N20,nominal,2.0NRT,305.27,6.51,D,VIIRS
48.29721,37.2353,342.35,0.39,0.44,2026-08-24,10:51:00,N20,nominal,2.0NRT,306.42,4.82,D,VIIRS
48.35869,37.90902,334.24,0.42,0.45,2026-08-24,10:51:00,N20,nominal,2.0NRT,305.75,2.49,D,VIIRS
48.31166,37.35334,342.8,0.4,0.44,2026-08-24,10:51:00,N20,nominal,2.0NRT,308.74,6.51,D,VIIRS
48.31573,37.35249,339.1,0.4,0.44,2026-08-24,10:51:00,N20,low,2.0NRT,310.35,3.31,D,VIIRS
48.30531,37.23385,336.54,0.39,0.44,2026-08-24,10:51:00,N20,nominal,2.0NRT,305.3,2.07,D,VIIRS
48.30483,37.22847,343.97,0.39,0.44,2026-08-24,10:51:00,N20,nominal,2.0NRT,306.57,4.6,D,VIIRS
47.83834,32.87008,335.34,0.42,0.37,2026-08-24,10:51:00,N20,low,2.0NRT,309.61,3.58,D,VIIRS
48.2874,36.94326,343.08,0.38,0.43,2026-08-24,10:51:00,N20,nominal,2.0NRT,306.36,2.83,D,VIIRS
48.34912,37.54583,340.02,0.41,0.45,2026-08-24,10:51:00,N20,nominal,2.0NRT,301.56,2.73,D,VIIRS
48.33006,37.23449,353.01,0.39,0.44,2026-08-24,10:51:00,N20,nominal,2.0NRT,309.13,6.64,D,VIIRS
48.30009,36.86063,339.26,0.57,0.43,2026-08-24,10:51:00,N20,nominal,2.0NRT,305.59,7.33,D,VIIRS
48.29936,36.85284,333.35,0.57,0.43,2026-08-24,10:51:00,N20,low,2.0NRT,307.64,7.33,D,VIIRS
48.36433,37.48119,330.11,0.4,0.45,2026-08-24,10:51:00,N20,low,2.0NRT,304.18,1.07,D,VIIRS
48.3953,37.74136,343.03,0.42,0.45,2026-08-24,10:51:00,N20,nominal,2.0NRT,310.18,9.7,D,VIIRS
48.40217,37.91572,331,0.42,0.45,2026-08-24,10:51:00,N20,low,2.0NRT,302.96,1.87,D,VIIRS
48.44197,38.3198,334.53,0.44,0.46,2026-08-24,10:51:00,N20,nominal,2.0NRT,309.11,3.54,D,VIIRS
48.39646,37.73854,353.32,0.42,0.45,2026-08-24,10:51:00,N20,nominal,2.0NRT,310.31,8.82,D,VIIRS
48.36901,37.40548,337.09,0.4,0.44,2026-08-24,10:51:00,N20,nominal,2.0NRT,304.96,2.92,D,VIIRS
48.4193,37.97126,331.87,0.43,0.46,2026-08-24,10:51:00,N20,low,2.0NRT,306.31,2.41,D,VIIRS
48.4006,37.73775,343.76,0.42,0.45,2026-08-24,10:51:00,N20,nominal,2.0NRT,309.45,8.82,D,VIIRS
48.37811,37.46459,343,0.4,0.45,2026-08-24,10:51:00,N20,nominal,2.0NRT,306.19,3.56,D,VIIRS
48.40614,37.7541,350.07,0.42,0.45,2026-08-24,10:51:00,N20,nominal,2.0NRT,309.72,4.69,D,VIIRS
48.01049,33.76931,335.7,0.44,0.38,2026-08-24,10:51:00,N20,low,2.0NRT,309.75,2.25,D,VIIRS
48.35132,37.0553,346.71,0.39,0.44,2026-08-24,10:51:00,N20,nominal,2.0NRT,306.36,5.58,D,VIIRS
48.30321,36.43524,335.2,0.55,0.43,2026-08-24,10:51:00,N20,low,2.0NRT,306.72,4.32,D,VIIRS
48.45185,38.11362,332.98,0.43,0.46,2026-08-24,10:51:00,N20,low,2.0NRT,305.01,3.92,D,VIIRS
48.40268,37.46006,341.08,0.4,0.45,2026-08-24,10:51:00,N20,nominal,2.0NRT,307.7,2.03,D,VIIRS
48.4603,38.11231,331.52,0.43,0.46,2026-08-24,10:51:00,N20,low,2.0NRT,305.85,3.06,D,VIIRS
48.47242,38.21172,342.41,0.44,0.46,2026-08-24,10:51:00,N20,nominal,2.0NRT,308.52,7.03,D,VIIRS
48.47195,38.20574,355.4,0.44,0.46,2026-08-24,10:51:00,N20,nominal,2.0NRT,313.07,18.43,D,VIIRS
48.42914,37.67582,336.67,0.41,0.45,2026-08-24,10:51:00,N20,nominal,2.0NRT,303.07,2.62,D,VIIRS
48.47712,38.21687,344.58,0.44,0.46,2026-08-24,10:51:00,N20,nominal,2.0NRT,307.02,7.17,D,VIIRS
48.4145,37.4524,340.3,0.4,0.45,2026-08-24,10:51:00,N20,nominal,2.0NRT,309.38,3.55,D,VIIRS
48.48042,38.20415,347.04,0.44,0.46,2026-08-24,10:51:00,N20,nominal,2.0NRT,307.86,5.89,D,VIIRS
48.47995,38.19815,339.19,0.44,0.46,2026-08-24,10:51:00,N20,nominal,2.0NRT,304.88,5.89,D,VIIRS
48.38952,37.11738,330.08,0.39,0.44,2026-08-24,10:51:00,N20,low,2.0NRT,303.38,2.86,D,VIIRS
48.48515,38.2095,335.11,0.44,0.46,2026-08-24,10:51:00,N20,low,2.0NRT,307.37,2.61,D,VIIRS
48.48892,38.2028,343.29,0.44,0.46,2026-08-24,10:51:00,N20,nominal,2.0NRT,309.7,6.67,D,VIIRS
48.49316,38.2021,354.59,0.44,0.46,2026-08-24,10:51:00,N20,nominal,2.0NRT,310.79,12.97,D,VIIRS
48.49269,38.19613,341.57,0.44,0.46,2026-08-24,10:51:00,N20,nominal,2.0NRT,308.45,12.97,D,VIIRS
48.44161,37.52587,342.46,0.41,0.45,2026-08-24,10:51:00,N20,nominal,2.0NRT,305.45,8.79,D,VIIRS
48.46088,37.70354,342.63,0.41,0.45,2026-08-24,10:51:00,N20,nominal,2.0NRT,307.28,7.92,D,VIIRS
48.44619,37.53061,336.94,0.41,0.45,2026-08-24,10:51:00,N20,nominal,2.0NRT,305.31,3.65,D,VIIRS
47.68654,30.93379,335.12,0.39,0.36,2026-08-24,10:51:00,N20,nominal,2.0NRT,303.97,3.48,D,VIIRS
48.50492,38.18787,346.4,0.44,0.46,2026-08-24,10:51:00,N20,nominal,2.0NRT,307.48,5.86,D,VIIRS
48.40898,37.06009,335.37,0.39,0.44,2026-08-24,10:51:00,N20,nominal,2.0NRT,305.89,1.8,D,VIIRS
47.68982,30.93275,344.75,0.39,0.36,2026-08-24,10:51:00,N20,nominal,2.0NRT,307.95,3.48,D,VIIRS
48.4585,37.52812,341.87,0.41,0.45,2026-08-24,10:51:00,N20,nominal,2.0NRT,307.47,6.94,D,VIIRS
48.45802,37.52262,337.62,0.41,0.45,2026-08-24,10:51:00,N20,nominal,2.0NRT,308.32,6.05,D,VIIRS
48.54875,38.57947,341.38,0.45,0.47,2026-08-24,10:51:00,N20,nominal,2.0NRT,303.58,3.71,D,VIIRS
48.37251,36.53518,349.17,0.56,0.43,2026-08-24,10:51:00,N20,nominal,2.0NRT,309.72,8.37,D,VIIRS
47.7004,30.93476,334.27,0.39,0.36,2026-08-24,10:51:00,N20,low,2.0NRT,308.82,5.01,D,VIIRS
48.53485,38.3466,332.57,0.44,0.46,2026-08-24,10:51:00,N20,low,2.0NRT,306.44,3.67,D,VIIRS
48.37572,36.52689,334.02,0.55,0.43,2026-08-24,10:51:00,N20,nominal,2.0NRT,308.22,4.45,D,VIIRS
48.37501,36.51945,338.72,0.55,0.43,2026-08-24,10:51:00,N20,nominal,2.0NRT,307.83,4.45,D,VIIRS
48.53863,38.33971,337.26,0.44,0.46,2026-08-24,10:51:00,N20,nominal,2.0NRT,306.56,2.73,D,VIIRS
48.51894,38.09617,349.24,0.43,0.46,2026-08-24,10:51:00,N20,nominal,2.0NRT,304.17,3.17,D,VIIRS
48.54289,38.33891,337.85,0.44,0.46,2026-08-24,10:51:00,N20,nominal,2.0NRT,306.49,2.73,D,VIIRS
48.52316,38.09542,336.16,0.43,0.46,2026-08-24,10:51:00,N20,nominal,2.0NRT,304.2,3.17,D,VIIRS
48.11383,33.96854,350.95,0.45,0.39,2026-08-24,10:51:00,N20,nominal,2.0NRT,308.31,13.56,D,VIIRS
48.49093,37.61291,341.21,0.41,0.45,2026-08-24,10:51:00,N20,nominal,2.0NRT,304.08,4.19,D,VIIRS
48.4604,37.26662,339.38,0.4,0.44,2026-08-24,10:51:00,N20,nominal,2.0NRT,306.61,3.04,D,VIIRS
48.11736,33.96763,335.26,0.45,0.39,2026-08-24,10:51:00,N20,low,2.0NRT,306.78,13.56,D,VIIRS
48.54124,38.33811,333.82,0.44,0.46,2026-08-24,10:51:00,N20,low,2.0NRT,305.49,3.61,D,VIIRS
48.52273,38.09423,348.35,0.43,0.46,2026-08-24,10:51:00,N20,nominal,2.0NRT,304.42,5.19,D,VIIRS
48.54551,38.33732,332.48,0.44,0.46,2026-08-24,10:51:00,N20,low,2.0NRT,305.9,3.61,D,VIIRS
48.48873,37.61175,338.49,0.41,0.45,2026-08-24,10:51:00,N20,nominal,2.0NRT,305.19,2.22,D,VIIRS
48.46037,37.27036,330.1,0.4,0.44,2026-08-24,10:51:00,N20,low,2.0NRT,304.82,3.64,D,VIIRS
48.48046,37.36126,340.94,0.4,0.44,2026-08-24,10:51:00,N20,nominal,2.0NRT,304.55,5.23,D,VIIRS
48.53286,37.84447,354.99,0.42,0.45,2026-08-24,10:51:00,N20,nominal,2.0NRT,305.89,13.81,D,VIIRS
48.50098,37.45705,337.75,0.41,0.45,2026-08-24,10:51:00,N20,nominal,2.0NRT,304.08,2.95,D,VIIRS
48.53658,37.83815,337.91,0.42,0.45,2026-08-24,10:51:00,N20,low,2.0NRT,310.69,2.98,D,VIIRS
48.50319,37.38476,334.6,0.4,0.44,2026-08-24,10:51:00,N20,nominal,2.0NRT,301.46,1.32,D,VIIRS
48.53518,37.71743,341.53,0.42,0.45,2026-08-24,10:51:00,N20,nominal,2.0NRT,304.44,4.57,D,VIIRS
48.46993,36.95537,338.38,0.39,0.44,2026-08-24,10:51:00,N20,nominal,2.0NRT,302.61,8.29,D,VIIRS
48.46946,36.95013,342.32,0.39,0.44,2026-08-24,10:51:00,N20,nominal,2.0NRT,305.36,8.29,D,VIIRS
48.54533,37.78973,343.55,0.42,0.45,2026-08-24,10:51:00,N20,nominal,2.0NRT,305.61,5.55,D,VIIRS
48.53886,37.71099,340.9,0.42,0.45,2026-08-24,10:51:00,N20,nominal,2.0NRT,304.17,4.57,D,VIIRS
48.47393,36.95456,344.41,0.39,0.44,2026-08-24,10:51:00,N20,nominal,2.0NRT,304.12,8.29,D,VIIRS
48.49009,37.09063,341.25,0.39,0.44,2026-08-24,10:51:00,N20,nominal,2.0NRT,304.74,5.12,D,VIIRS
48.58889,38.22736,353.67,0.44,0.46,2026-08-24,10:51:00,N20,nominal,2.0NRT,309.84,17.99,D,VIIRS
48.56823,37.96725,347.12,0.43,0.46,2026-08-24,10:51:00,N20,nominal,2.0NRT,303.47,5.31,D,VIIRS
48.59314,38.2266,342.15,0.44,0.46,2026-08-24,10:51:00,N20,nominal,2.0NRT,305.27,23.81,D,VIIRS
48.57242,37.96645,346.61,0.43,0.46,2026-08-24,10:51:00,N20,nominal,2.0NRT,304.69,7.14,D,VIIRS
48.59267,38.22065,298.25,0.44,0.46,2026-08-24,10:51:00,N20,low,2.0NRT,323.41,23.81,D,VIIRS
48.59786,38.23186,353.36,0.44,0.46,2026-08-24,10:51:00,N20,nominal,2.0NRT,308,16.38,D,VIIRS
48.59739,38.22588,345.12,0.44,0.46,2026-08-24,10:51:00,N20,nominal,2.0NRT,306.91,23.81,D,VIIRS
48.59692,38.21992,339.12,0.44,0.46,2026-08-24,10:51:00,N20,low,2.0NRT,310.57,23.81,D,VIIRS
48.42067,36.20829,345.35,0.54,0.42,2026-08-24,10:51:00,N20,nominal,2.0NRT,310.53,27.61,D,VIIRS
48.60212,38.23117,343.34,0.44,0.46,2026-08-24,10:51:00,N20,nominal,2.0NRT,306.02,33.89,D,VIIRS
48.60589,38.22443,341.45,0.44,0.46,2026-08-24,10:51:00,N20,nominal,2.0NRT,304.84,39.17,D,VIIRS
48.57915,37.7898,331.31,0.42,0.45,2026-08-24,10:51:00,N20,low,2.0NRT,305.72,2.74,D,VIIRS
48.58649,37.77652,345.15,0.42,0.45,2026-08-24,10:51:00,N20,nominal,2.0NRT,307.96,5.43,D,VIIRS
48.57981,37.69701,334.95,0.42,0.45,2026-08-24,10:51:00,N20,low,2.0NRT,309.54,1.8,D,VIIRS
48.59302,37.65451,342.58,0.41,0.45,2026-08-24,10:51:00,N20,nominal,2.0NRT,308.76,2.69,D,VIIRS
48.4259,35.82565,335.1,0.52,0.42,2026-08-24,10:51:00,N20,nominal,2.0NRT,307.18,3.28,D,VIIRS
48.42518,35.81859,335.94,0.52,0.42,2026-08-24,10:51:00,N20,nominal,2.0NRT,307.72,3.28,D,VIIRS
48.42971,35.82482,336.79,0.52,0.42,2026-08-24,10:51:00,N20,nominal,2.0NRT,309.15,3.28,D,VIIRS
48.42899,35.81776,335.61,0.52,0.42,2026-08-24,10:51:00,N20,low,2.0NRT,308.11,3.28,D,VIIRS
48.42795,35.82438,336.4,0.52,0.42,2026-08-24,10:51:00,N20,low,2.0NRT,309.87,8.64,D,VIIRS
48.42727,35.81731,335.57,0.52,0.42,2026-08-24,10:51:00,N20,low,2.0NRT,308.16,6.59,D,VIIRS
48.59437,37.65186,342.43,0.41,0.45,2026-08-24,10:51:00,N20,nominal,2.0NRT,308.69,3.25,D,VIIRS
48.55685,37.10173,341.08,0.39,0.44,2026-08-24,10:51:00,N20,nominal,2.0NRT,306.84,22.26,D,VIIRS
48.55639,37.09635,333.43,0.39,0.44,2026-08-24,10:51:00,N20,low,2.0NRT,306.71,22.26,D,VIIRS
48.56043,37.09561,347.41,0.39,0.44,2026-08-24,10:51:00,N20,nominal,2.0NRT,310.36,22.26,D,VIIRS
48.62286,37.79663,332.05,0.42,0.45,2026-08-24,10:51:00,N20,low,2.0NRT,306.81,3.88,D,VIIRS
48.59106,37.3093,340.19,0.4,0.44,2026-08-24,10:51:00,N20,nominal,2.0NRT,300.49,3.66,D,VIIRS
48.59513,37.30852,346.06,0.4,0.44,2026-08-24,10:51:00,N20,nominal,2.0NRT,303.32,3.66,D,VIIRS
48.64791,37.89788,339.67,0.42,0.46,2026-08-24,10:51:00,N20,nominal,2.0NRT,307.16,4.09,D,VIIRS
48.63079,37.68603,334.24,0.42,0.45,2026-08-24,10:51:00,N20,low,2.0NRT,307.33,2.95,D,VIIRS
48.69788,37.98957,347.5,0.43,0.46,2026-08-24,10:51:00,N20,nominal,2.0NRT,305.8,6.04,D,VIIRS
48.70163,37.98308,331.22,0.43,0.46,2026-08-24,10:51:00,N20,nominal,2.0NRT,303.92,2.81,D,VIIRS
48.48666,35.59675,336.16,0.51,0.41,2026-08-24,10:51:00,N20,nominal,2.0NRT,306.04,2.68,D,VIIRS
48.71158,37.84539,340.55,0.42,0.45,2026-08-24,10:51:00,N20,nominal,2.0NRT,303.51,9.62,D,VIIRS
48.71108,37.83939,340.92,0.42,0.45,2026-08-24,10:51:00,N20,nominal,2.0NRT,310,7.78,D,VIIRS
48.71525,37.83855,335.17,0.42,0.45,2026-08-24,10:51:00,N20,nominal,2.0NRT,304.49,7.78,D,VIIRS
48.54735,35.84917,340.33,0.52,0.42,2026-08-24,10:51:00,N20,nominal,2.0NRT,306.87,4.5,D,VIIRS
48.54557,35.84943,337.53,0.52,0.42,2026-08-24,10:51:00,N20,nominal,2.0NRT,306.16,3.41,D,VIIRS
48.71962,37.77787,336,0.42,0.45,2026-08-24,10:51:00,N20,nominal,2.0NRT,308.44,2.97,D,VIIRS
48.66877,37.15998,338.36,0.4,0.44,2026-08-24,10:51:00,N20,nominal,2.0NRT,304.11,1.99,D,VIIRS
48.79068,38.59954,330.6,0.46,0.47,2026-08-24,10:51:00,N20,low,2.0NRT,304.9,4.44,D,VIIRS
48.76114,38.14548,341.67,0.44,0.46,2026-08-24,10:51:00,N20,nominal,2.0NRT,308.76,15.13,D,VIIRS
48.76067,38.13943,335.43,0.44,0.46,2026-08-24,10:51:00,N20,nominal,2.0NRT,307.52,15.13,D,VIIRS
48.75659,38.08654,342.77,0.43,0.46,2026-08-24,10:51:00,N20,nominal,2.0NRT,311.74,15.81,D,VIIRS
48.75613,38.08063,343.09,0.43,0.46,2026-08-24,10:51:00,N20,nominal,2.0NRT,306.23,15.81,D,VIIRS
48.76081,38.08571,367,0.43,0.46,2026-08-24,10:51:00,N20,high,2.0NRT,312.22,16.08,D,VIIRS
48.78327,38.38049,344.94,0.45,0.47,2026-08-24,10:51:00,N20,nominal,2.0NRT,302.63,8.15,D,VIIRS
48.77826,38.31374,338.77,0.44,0.46,2026-08-24,10:51:00,N20,low,2.0NRT,313.18,41.74,D,VIIRS
48.7649,38.13851,343.54,0.44,0.46,2026-08-24,10:51:00,N20,nominal,2.0NRT,307.35,7.42,D,VIIRS
48.78253,38.31297,354.58,0.44,0.46,2026-08-24,10:51:00,N20,nominal,2.0NRT,306.17,41.74,D,VIIRS
48.76414,38.07324,345.38,0.43,0.46,2026-08-24,10:51:00,N20,nominal,2.0NRT,307.79,7.85,D,VIIRS
48.76322,38.06149,332.29,0.43,0.46,2026-08-24,10:51:00,N20,low,2.0NRT,304.8,4.63,D,VIIRS
48.27433,33.17199,336.54,0.43,0.38,2026-08-24,10:51:00,N20,low,2.0NRT,310.71,4.16,D,VIIRS
48.7868,38.31208,337.77,0.44,0.46,2026-08-24,10:51:00,N20,low,2.0NRT,308.73,4.97,D,VIIRS
48.78632,38.30584,341.86,0.44,0.46,2026-08-24,10:51:00,N20,nominal,2.0NRT,305.44,4.97,D,VIIRS
48.74187,37.73911,356.11,0.42,0.45,2026-08-24,10:51:00,N20,nominal,2.0NRT,309.53,9.64,D,VIIRS
48.83215,38.86952,337.91,0.47,0.48,2026-08-24,10:51:00,N20,nominal,2.0NRT,301.68,2.78,D,VIIRS
48.82253,38.73526,343.79,0.46,0.47,2026-08-24,10:51:00,N20,nominal,2.0NRT,307.36,32.62,D,VIIRS
48.79059,38.30494,345.12,0.44,0.46,2026-08-24,10:51:00,N20,nominal,2.0NRT,308.07,4.97,D,VIIRS
48.73907,37.65295,345.79,0.42,0.45,2026-08-24,10:51:00,N20,nominal,2.0NRT,304.61,6.29,D,VIIRS
48.82689,38.73449,367,0.46,0.47,2026-08-24,10:51:00,N20,high,2.0NRT,313.97,30.87,D,VIIRS
48.83654,38.8687,346.63,0.47,0.48,2026-08-24,10:51:00,N20,nominal,2.0NRT,302.77,6.91,D,VIIRS
48.79533,38.31037,330.11,0.44,0.46,2026-08-24,10:51:00,N20,low,2.0NRT,304.98,3.87,D,VIIRS
48.82642,38.72813,317.41,0.46,0.47,2026-08-24,10:51:00,N20,low,2.0NRT,323.01,30.87,D,VIIRS
48.83125,38.73375,355.43,0.46,0.47,2026-08-24,10:51:00,N20,nominal,2.0NRT,309.44,30.87,D,VIIRS
48.83078,38.72738,334.68,0.46,0.47,2026-08-24,10:51:00,N20,nominal,2.0NRT,307.02,30.87,D,VIIRS
48.82571,38.65797,341.39,0.46,0.47,2026-08-24,10:51:00,N20,nominal,2.0NRT,306.48,11.68,D,VIIRS
48.82525,38.65171,338.35,0.46,0.47,2026-08-24,10:51:00,N20,nominal,2.0NRT,305.77,11.68,D,VIIRS
48.74738,37.65166,337.41,0.42,0.45,2026-08-24,10:51:00,N20,low,2.0NRT,308.63,6.53,D,VIIRS
48.8296,38.65094,333.6,0.46,0.47,2026-08-24,10:51:00,N20,low,2.0NRT,307.01,5.87,D,VIIRS
48.82914,38.6447,334.88,0.46,0.47,2026-08-24,10:51:00,N20,nominal,2.0NRT,305.63,5.21,D,VIIRS
48.75154,37.65104,351.78,0.42,0.45,2026-08-24,10:51:00,N20,nominal,2.0NRT,304.36,6.98,D,VIIRS
48.78851,38.00213,337.45,0.43,0.46,2026-08-24,10:51:00,N20,nominal,2.0NRT,303.18,2.53,D,VIIRS
48.78663,37.97857,333.36,0.43,0.46,2026-08-24,10:51:00,N20,low,2.0NRT,305.91,2.38,D,VIIRS
48.78568,37.96664,342.19,0.43,0.46,2026-08-24,10:51:00,N20,nominal,2.0NRT,308.59,5.53,D,VIIRS
48.79273,38.00148,339.18,0.43,0.46,2026-08-24,10:51:00,N20,nominal,2.0NRT,305.27,2.53,D,VIIRS
48.77148,37.73949,341.44,0.42,0.45,2026-08-24,10:51:00,N20,nominal,2.0NRT,307.52,3.13,D,VIIRS
48.85213,38.71734,344.76,0.46,0.47,2026-08-24,10:51:00,N20,nominal,2.0NRT,310.82,5.84,D,VIIRS
48.79696,38.00085,337.43,0.43,0.46,2026-08-24,10:51:00,N20,nominal,2.0NRT,304.42,1.83,D,VIIRS
48.79649,37.99504,330.88,0.43,0.46,2026-08-24,10:51:00,N20,low,2.0NRT,305.21,3.03,D,VIIRS
48.80226,37.6531,332.49,0.42,0.45,2026-08-24,10:51:00,N20,nominal,2.0NRT,303.71,1.93,D,VIIRS
48.8325,37.96484,332.11,0.43,0.46,2026-08-24,10:51:00,N20,low,2.0NRT,304.85,2.51,D,VIIRS
48.8146,37.74937,340.07,0.42,0.45,2026-08-24,10:51:00,N20,nominal,2.0NRT,305.55,6.54,D,VIIRS
48.83673,37.96419,342.06,0.43,0.46,2026-08-24,10:51:00,N20,nominal,2.0NRT,306.94,5.58,D,VIIRS
48.83624,37.95822,340.09,0.43,0.46,2026-08-24,10:51:00,N20,nominal,2.0NRT,307.23,5.58,D,VIIRS
48.83194,37.96112,334.81,0.43,0.46,2026-08-24,10:51:00,N20,nominal,2.0NRT,304.92,5.93,D,VIIRS
48.81556,37.75125,343.75,0.42,0.45,2026-08-24,10:51:00,N20,nominal,2.0NRT,307.68,6.13,D,VIIRS
48.83617,37.96048,355.5,0.43,0.46,2026-08-24,10:51:00,N20,nominal,2.0NRT,308.48,5.93,D,VIIRS
48.84696,37.93463,334.11,0.43,0.46,2026-08-24,10:51:00,N20,nominal,2.0NRT,308.58,3.53,D,VIIRS
48.82445,37.65113,340.5,0.42,0.45,2026-08-24,10:51:00,N20,nominal,2.0NRT,303.41,3.77,D,VIIRS
48.84896,37.69334,340.91,0.42,0.45,2026-08-24,10:51:00,N20,nominal,2.0NRT,307,2.53,D,VIIRS
48.85723,37.63974,355.63,0.42,0.45,2026-08-24,10:51:00,N20,nominal,2.0NRT,308.51,9.65,D,VIIRS
48.85676,37.63403,336.79,0.42,0.45,2026-08-24,10:51:00,N20,nominal,2.0NRT,305.96,11.17,D,VIIRS
48.86138,37.63897,341.42,0.42,0.45,2026-08-24,10:51:00,N20,nominal,2.0NRT,304.5,9.65,D,VIIRS
48.91058,37.9298,339.46,0.43,0.46,2026-08-24,10:51:00,N20,nominal,2.0NRT,303.24,3.13,D,VIIRS
48.89247,37.70876,345.36,0.42,0.45,2026-08-24,10:51:00,N20,nominal,2.0NRT,306.94,4.09,D,VIIRS
48.90572,37.81788,341.97,0.42,0.45,2026-08-24,10:51:00,N20,nominal,2.0NRT,305,7.59,D,VIIRS
48.94529,38.25711,346.16,0.44,0.46,2026-08-24,10:51:00,N20,nominal,2.0NRT,307.83,14.33,D,VIIRS
48.9166,37.89882,343.71,0.43,0.46,2026-08-24,10:51:00,N20,nominal,2.0NRT,308,3.72,D,VIIRS
48.91182,37.84035,334.59,0.42,0.46,2026-08-24,10:51:00,N20,nominal,2.0NRT,302.8,2.97,D,VIIRS
48.90942,37.81127,335.83,0.42,0.45,2026-08-24,10:51:00,N20,nominal,2.0NRT,300.82,4.6,D,VIIRS
48.91888,37.8746,342.13,0.43,0.46,2026-08-24,10:51:00,N20,nominal,2.0NRT,307.1,5.39,D,VIIRS
48.9184,37.86875,330.11,0.43,0.46,2026-08-24,10:51:00,N20,low,2.0NRT,304.97,2.09,D,VIIRS
48.9069,37.7296,340.87,0.42,0.45,2026-08-24,10:51:00,N20,nominal,2.0NRT,300.82,15.39,D,VIIRS
48.90593,37.71794,339.84,0.42,0.45,2026-08-24,10:51:00,N20,nominal,2.0NRT,303.61,4.41,D,VIIRS
48.91009,37.71711,342.13,0.42,0.45,2026-08-24,10:51:00,N20,nominal,2.0NRT,301.23,4.41,D,VIIRS
48.83933,36.90499,337.85,0.39,0.44,2026-08-24,10:51:00,N20,nominal,2.0NRT,306.32,4.35,D,VIIRS
48.96193,38.30339,342.12,0.45,0.47,2026-08-24,10:51:00,N20,nominal,2.0NRT,305.73,4.71,D,VIIRS
48.95477,38.21276,330.65,0.44,0.46,2026-08-24,10:51:00,N20,low,2.0NRT,302.41,24.58,D,VIIRS
48.95903,38.21189,344.15,0.44,0.46,2026-08-24,10:51:00,N20,low,2.0NRT,318.78,24.58,D,VIIRS
48.96328,38.21105,337.21,0.44,0.46,2026-08-24,10:51:00,N20,low,2.0NRT,308.53,9.44,D,VIIRS
48.93274,37.83623,341.32,0.42,0.46,2026-08-24,10:51:00,N20,nominal,2.0NRT,311.12,11.39,D,VIIRS
48.85685,36.91782,353.69,0.39,0.44,2026-08-24,10:51:00,N20,nominal,2.0NRT,309.43,29,D,VIIRS
48.85588,36.90718,341.72,0.39,0.44,2026-08-24,10:51:00,N20,nominal,2.0NRT,310.49,27.83,D,VIIRS
48.9642,38.30194,347.53,0.45,0.47,2026-08-24,10:51:00,N20,nominal,2.0NRT,306.04,6,D,VIIRS
48.95747,38.21112,351.53,0.44,0.46,2026-08-24,10:51:00,N20,nominal,2.0NRT,319.25,26.63,D,VIIRS
48.85299,36.91134,355.5,0.39,0.44,2026-08-24,10:51:00,N20,nominal,2.0NRT,317.43,14.57,D,VIIRS
48.85253,36.90598,335.29,0.39,0.44,2026-08-24,10:51:00,N20,nominal,2.0NRT,309.24,14.57,D,VIIRS
48.96173,38.21024,353.97,0.44,0.46,2026-08-24,10:51:00,N20,nominal,2.0NRT,310.9,26.63,D,VIIRS
48.9335,37.84071,343.06,0.43,0.46,2026-08-24,10:51:00,N20,nominal,2.0NRT,306.83,5.96,D,VIIRS
48.93304,37.83486,336.04,0.43,0.46,2026-08-24,10:51:00,N20,nominal,2.0NRT,309.43,4.55,D,VIIRS
48.85746,36.91578,344.21,0.39,0.44,2026-08-24,10:51:00,N20,nominal,2.0NRT,309.1,12.83,D,VIIRS
48.857,36.91045,342.85,0.39,0.44,2026-08-24,10:51:00,N20,nominal,2.0NRT,311.74,14.57,D,VIIRS
49.00388,38.6688,339.52,0.46,0.47,2026-08-24,10:51:00,N20,nominal,2.0NRT,305.67,13.18,D,VIIRS
49.00296,38.65591,340.38,0.46,0.47,2026-08-24,10:51:00,N20,nominal,2.0NRT,307.2,87.7,D,VIIRS
49.00641,38.64252,337.75,0.46,0.47,2026-08-24,10:51:00,N20,low,2.0NRT,309.21,7.68,D,VIIRS
48.96583,38.0933,345.49,0.44,0.46,2026-08-24,10:51:00,N20,nominal,2.0NRT,307,3.95,D,VIIRS
48.97007,38.09252,337.44,0.44,0.46,2026-08-24,10:51:00,N20,nominal,2.0NRT,309.88,3.95,D,VIIRS
48.9614,37.92506,332.86,0.43,0.46,2026-08-24,10:51:00,N20,low,2.0NRT,305.19,1.72,D,VIIRS
48.95401,37.83104,330.47,0.43,0.46,2026-08-24,10:51:00,N20,low,2.0NRT,305.37,1.71,D,VIIRS
48.96933,37.97186,342.91,0.43,0.46,2026-08-24,10:51:00,N20,nominal,2.0NRT,305.13,12.81,D,VIIRS
48.96699,37.942,334.54,0.43,0.46,2026-08-24,10:51:00,N20,low,2.0NRT,307.19,1.4,D,VIIRS
48.96935,37.91754,333.05,0.43,0.46,2026-08-24,10:51:00,N20,low,2.0NRT,304.13,2.43,D,VIIRS
48.88881,36.94714,340.64,0.39,0.44,2026-08-24,10:51:00,N20,low,2.0NRT,311.74,5.76,D,VIIRS
48.95078,37.63246,331.42,0.42,0.45,2026-08-24,10:51:00,N20,nominal,2.0NRT,299.62,3.34,D,VIIRS
48.99035,38.07669,334.02,0.44,0.46,2026-08-24,10:51:00,N20,low,2.0NRT,308.88,3.05,D,VIIRS
48.95493,37.63175,342.29,0.42,0.45,2026-08-24,10:51:00,N20,nominal,2.0NRT,306.7,6.34,D,VIIRS
48.95446,37.62589,337.14,0.42,0.45,2026-08-24,10:51:00,N20,nominal,2.0NRT,302.14,6.34,D,VIIRS
49.0314,38.5623,342.47,0.46,0.47,2026-08-24,10:51:00,N20,nominal,2.0NRT,312.78,54.53,D,VIIRS
48.99832,38.12395,343.15,0.44,0.46,2026-08-24,10:51:00,N20,nominal,2.0NRT,307.61,6.09,D,VIIRS
48.98433,37.94505,333.4,0.43,0.46,2026-08-24,10:51:00,N20,nominal,2.0NRT,304.47,3.18,D,VIIRS
48.55916,33.59049,345.35,0.44,0.38,2026-08-24,10:51:00,N20,nominal,2.0NRT,307.08,18.15,D,VIIRS
48.55845,33.58454,353.49,0.44,0.38,2026-08-24,10:51:00,N20,nominal,2.0NRT,311.82,18.15,D,VIIRS
49.07352,39.02599,340.57,0.48,0.48,2026-08-24,10:51:00,N20,nominal,2.0NRT,303.36,4.21,D,VIIRS
49.07306,39.01931,337.88,0.48,0.48,2026-08-24,10:51:00,N20,nominal,2.0NRT,307.06,4.7,D,VIIRS
48.99884,38.02047,334.83,0.43,0.46,2026-08-24,10:51:00,N20,nominal,2.0NRT,305.21,1.78,D,VIIRS
49.00354,38.02564,350.28,0.43,0.46,2026-08-24,10:51:00,N20,nominal,2.0NRT,307.99,7.18,D,VIIRS
49.02334,38.11333,342.72,0.44,0.46,2026-08-24,10:51:00,N20,nominal,2.0NRT,304.62,2.87,D,VIIRS
49.02712,38.10655,341.29,0.44,0.46,2026-08-24,10:51:00,N20,nominal,2.0NRT,307.02,3.84,D,VIIRS
49.01386,37.93999,333.33,0.43,0.46,2026-08-24,10:51:00,N20,low,2.0NRT,303.52,3.91,D,VIIRS
49.03089,38.09978,331.3,0.44,0.46,2026-08-24,10:51:00,N20,low,2.0NRT,305.39,3.84,D,VIIRS
49.01807,37.93923,341.9,0.43,0.46,2026-08-24,10:51:00,N20,nominal,2.0NRT,303.83,3.91,D,VIIRS
49.0122,37.81443,334.71,0.42,0.46,2026-08-24,10:51:00,N20,nominal,2.0NRT,304.33,2.56,D,VIIRS
48.94562,36.94131,337.93,0.39,0.44,2026-08-24,10:51:00,N20,low,2.0NRT,310.17,4.72,D,VIIRS
49.0517,38.14476,341.44,0.44,0.46,2026-08-24,10:51:00,N20,nominal,2.0NRT,308.65,17.36,D,VIIRS
48.95011,36.94572,355.67,0.39,0.44,2026-08-24,10:51:00,N20,nominal,2.0NRT,309.78,4.72,D,VIIRS
48.27007,31.02649,336.93,0.39,0.36,2026-08-24,10:51:00,N20,low,2.0NRT,307.63,2.59,D,VIIRS
49.09073,38.34065,342.4,0.45,0.47,2026-08-24,10:51:00,N20,nominal,2.0NRT,305.79,9.93,D,VIIRS
49.07391,38.05922,332.51,0.44,0.46,2026-08-24,10:51:00,N20,nominal,2.0NRT,304.73,1.29,D,VIIRS
49.07815,38.05844,341.79,0.44,0.46,2026-08-24,10:51:00,N20,nominal,2.0NRT,307.04,8.61,D,VIIRS
49.07769,38.05247,354.33,0.44,0.46,2026-08-24,10:51:00,N20,nominal,2.0NRT,310.73,16.93,D,VIIRS
48.04239,29.22209,352.73,0.38,0.36,2026-08-24,10:51:00,N20,nominal,2.0NRT,306.19,12.03,D,VIIRS
49.02765,37.37281,330.05,0.41,0.45,2026-08-24,10:51:00,N20,nominal,2.0NRT,301.24,1.93,D,VIIRS
49.09334,37.9775,342.02,0.43,0.46,2026-08-24,10:51:00,N20,nominal,2.0NRT,306.48,4.3,D,VIIRS
49.09988,38.00624,330.3,0.43,0.46,2026-08-24,10:51:00,N20,low,2.0NRT,303.77,2.21,D,VIIRS
49.09757,37.9768,337.53,0.43,0.46,2026-08-24,10:51:00,N20,nominal,2.0NRT,307.72,4.31,D,VIIRS
48.16014,29.84444,332.36,0.38,0.36,2026-08-24,10:51:00,N20,nominal,2.0NRT,298.54,20.7,D,VIIRS
49.10921,37.90759,335.78,0.43,0.46,2026-08-24,10:51:00,N20,nominal,2.0NRT,303.48,1.99,D,VIIRS
48.77483,34.33578,330.33,0.47,0.39,2026-08-24,10:51:00,N20,low,2.0NRT,302.27,3.19,D,VIIRS
49.10855,37.58839,340.94,0.42,0.45,2026-08-24,10:51:00,N20,nominal,2.0NRT,305.79,6.41,D,VIIRS
49.10807,37.58267,332.5,0.42,0.45,2026-08-24,10:51:00,N20,nominal,2.0NRT,305.96,4.09,D,VIIRS
49.13023,37.69591,338.73,0.42,0.45,2026-08-24,10:51:00,N20,nominal,2.0NRT,303.34,5.95,D,VIIRS
49.0968,37.3033,331.94,0.41,0.45,2026-08-24,10:51:00,N20,nominal,2.0NRT,300.43,1.49,D,VIIRS
49.17811,38.2328,342.71,0.44,0.46,2026-08-24,10:51:00,N20,nominal,2.0NRT,304,3.15,D,VIIRS
49.12592,37.54457,353.93,0.42,0.45,2026-08-24,10:51:00,N20,nominal,2.0NRT,311.55,26.52,D,VIIRS
49.13094,37.69442,338.87,0.42,0.45,2026-08-24,10:51:00,N20,nominal,2.0NRT,303.9,2.98,D,VIIRS
49.17616,38.232170000000004,333.23,0.44,0.46,2026-08-24,10:51:00,N20,nominal,2.0NRT,302.03,5.46,D,VIIRS
49.12781,37.54855,338.19,0.42,0.45,2026-08-24,10:51:00,N20,nominal,2.0NRT,304.13,15.39,D,VIIRS
49.12735,37.54288,351.24,0.42,0.45,2026-08-24,10:51:00,N20,nominal,2.0NRT,316.03,15.39,D,VIIRS
49.15998,37.90369,335.72,0.43,0.46,2026-08-24,10:51:00,N20,nominal,2.0NRT,306.51,2.6,D,VIIRS
49.15952,37.89777,331.86,0.43,0.46,2026-08-24,10:51:00,N20,low,2.0NRT,305.78,3.88,D,VIIRS
49.16882,37.96296,342.76,0.43,0.46,2026-08-24,10:51:00,N20,nominal,2.0NRT,305.04,3.01,D,VIIRS
49.18383,37.99069,341.19,0.43,0.46,2026-08-24,10:51:00,N20,nominal,2.0NRT,305.01,12.72,D,VIIRS
49.17963,37.93651,343.75,0.43,0.46,2026-08-24,10:51:00,N20,nominal,2.0NRT,308.66,15.82,D,VIIRS
49.18104,37.84517,339.73,0.43,0.46,2026-08-24,10:51:00,N20,nominal,2.0NRT,301.65,7.47,D,VIIRS
49.19746,37.89093,341.14,0.43,0.46,2026-08-24,10:51:00,N20,nominal,2.0NRT,305.74,4.04,D,VIIRS
49.19698,37.88491,339.84,0.43,0.46,2026-08-24,10:51:00,N20,nominal,2.0NRT,305.49,4.04,D,VIIRS
49.24154,38.40885,334.51,0.45,0.47,2026-08-24,10:51:00,N20,nominal,2.0NRT,301.18,8.87,D,VIIRS
49.24107,38.40258,349.45,0.45,0.47,2026-08-24,10:51:00,N20,nominal,2.0NRT,312.72,27.17,D,VIIRS
49.19646,37.82458,339.78,0.43,0.46,2026-08-24,10:51:00,N20,nominal,2.0NRT,301.19,4.54,D,VIIRS
49.19599,37.81865,331.94,0.43,0.46,2026-08-24,10:51:00,N20,nominal,2.0NRT,301.92,3.93,D,VIIRS
49.19973,37.81211,342.58,0.43,0.46,2026-08-24,10:51:00,N20,nominal,2.0NRT,302.6,4.64,D,VIIRS
49.2304,38.14762,332.13,0.44,0.46,2026-08-24,10:51:00,N20,nominal,2.0NRT,301.84,1.9,D,VIIRS
49.22095,37.97142,335.3,0.43,0.46,2026-08-24,10:51:00,N20,nominal,2.0NRT,302.64,3.15,D,VIIRS
49.21906,37.94753,337.45,0.43,0.46,2026-08-24,10:51:00,N20,nominal,2.0NRT,306.31,3.63,D,VIIRS
49.22518,37.97064,334.83,0.43,0.46,2026-08-24,10:51:00,N20,nominal,2.0NRT,303.96,3.15,D,VIIRS
49.22992,37.97629,331.78,0.43,0.46,2026-08-24,10:51:00,N20,low,2.0NRT,303.57,1.7,D,VIIRS
49.24457,38.10755,338.64,0.44,0.46,2026-08-24,10:51:00,N20,nominal,2.0NRT,300.23,4.27,D,VIIRS
49.24409,38.10147,339.53,0.44,0.46,2026-08-24,10:51:00,N20,nominal,2.0NRT,305.94,6.15,D,VIIRS
49.23936,37.98695,342.01,0.43,0.46,2026-08-24,10:51:00,N20,nominal,2.0NRT,301.54,8.3,D,VIIRS
49.22204,37.77208,344.65,0.43,0.46,2026-08-24,10:51:00,N20,nominal,2.0NRT,301.83,4.42,D,VIIRS
49.24408,37.99226,351.81,0.43,0.46,2026-08-24,10:51:00,N20,nominal,2.0NRT,299.67,8.3,D,VIIRS
49.24358,37.98609,354.18,0.43,0.46,2026-08-24,10:51:00,N20,nominal,2.0NRT,305.73,8.3,D,VIIRS
49.24307,37.979730000000004,339.96,0.43,0.46,2026-08-24,10:51:00,N20,nominal,2.0NRT,306.79,11.68,D,VIIRS
49.24879,37.99755,333.24,0.44,0.46,2026-08-24,10:51:00,N20,nominal,2.0NRT,297.82,5.27,D,VIIRS
49.24831,37.99146,356.12,0.43,0.46,2026-08-24,10:51:00,N20,nominal,2.0NRT,308.65,10.52,D,VIIRS
49.23668,37.84717,333.02,0.43,0.46,2026-08-24,10:51:00,N20,low,2.0NRT,303.08,2.93,D,VIIRS
49.25254,37.99064,346.06,0.43,0.46,2026-08-24,10:51:00,N20,nominal,2.0NRT,304.56,10.52,D,VIIRS
49.27062,38.10926,352.86,0.44,0.46,2026-08-24,10:51:00,N20,nominal,2.0NRT,303.66,7.71,D,VIIRS
49.26198,38.00114,333.7,0.44,0.46,2026-08-24,10:51:00,N20,low,2.0NRT,305.84,5.46,D,VIIRS
49.26148,37.99493,342.63,0.44,0.46,2026-08-24,10:51:00,N20,nominal,2.0NRT,307.86,5.46,D,VIIRS
49.26571,37.99409,345.59,0.44,0.46,2026-08-24,10:51:00,N20,nominal,2.0NRT,306.38,5.24,D,VIIRS
49.26995,37.99332,343.92,0.44,0.46,2026-08-24,10:51:00,N20,nominal,2.0NRT,304.06,5.24,D,VIIRS
49.26892,38.10759,333.57,0.44,0.46,2026-08-24,10:51:00,N20,nominal,2.0NRT,303.21,4.19,D,VIIRS
49.26127,38.00546,339.88,0.44,0.46,2026-08-24,10:51:00,N20,nominal,2.0NRT,301.47,4.23,D,VIIRS
49.2608,37.99926,338.27,0.44,0.46,2026-08-24,10:51:00,N20,nominal,2.0NRT,307.7,4.23,D,VIIRS
49.26033,37.99308,337.63,0.44,0.46,2026-08-24,10:51:00,N20,nominal,2.0NRT,305.98,4.31,D,VIIRS
49.27317,38.10679,344.53,0.44,0.46,2026-08-24,10:51:00,N20,nominal,2.0NRT,302.79,4.19,D,VIIRS
49.26504,37.99843,334.29,0.44,0.46,2026-08-24,10:51:00,N20,nominal,2.0NRT,301.92,4.23,D,VIIRS
49.26457,37.99221,336.47,0.44,0.46,2026-08-24,10:51:00,N20,nominal,2.0NRT,306.15,4.31,D,VIIRS
49.2688,37.99137,340.65,0.44,0.46,2026-08-24,10:51:00,N20,nominal,2.0NRT,304.59,4.51,D,VIIRS
49.30318,37.93615,354.32,0.43,0.46,2026-08-24,10:51:00,N20,nominal,2.0NRT,308.45,13.38,D,VIIRS
49.3074,37.9353,337.18,0.43,0.46,2026-08-24,10:51:00,N20,nominal,2.0NRT,306.2,3.89,D,VIIRS
49.30974,37.91042,332.71,0.43,0.46,2026-08-24,10:51:00,N20,nominal,2.0NRT,304.19,4.16,D,VIIRS
49.30927,37.90447,340.82,0.43,0.46,2026-08-24,10:51:00,N20,nominal,2.0NRT,304.86,4.16,D,VIIRS
49.32236,37.5926,341.86,0.42,0.45,2026-08-24,10:51:00,N20,nominal,2.0NRT,301.97,8.16,D,VIIRS
49.32603,37.58595,339.68,0.42,0.45,2026-08-24,10:51:00,N20,nominal,2.0NRT,301.57,5.77,D,VIIRS
49.35642,37.79952,352.78,0.43,0.46,2026-08-24,10:51:00,N20,nominal,2.0NRT,305.6,9.14,D,VIIRS
49.34193,37.62435,339.87,0.42,0.45,2026-08-24,10:51:00,N20,nominal,2.0NRT,301.49,4.55,D,VIIRS
49.36062,37.79873,354.47,0.43,0.46,2026-08-24,10:51:00,N20,nominal,2.0NRT,306.87,9.14,D,VIIRS
49.34658,37.62938,330.03,0.42,0.45,2026-08-24,10:51:00,N20,low,2.0NRT,300.34,4.55,D,VIIRS
48.72828,31.8432,335.52,0.4,0.37,2026-08-24,10:51:00,N20,nominal,2.0NRT,309.16,8.16,D,VIIRS
49.35669,37.80271,342.08,0.43,0.46,2026-08-24,10:51:00,N20,nominal,2.0NRT,306.14,4.54,D,VIIRS
49.35624,37.7968,342.2,0.43,0.46,2026-08-24,10:51:00,N20,nominal,2.0NRT,303.57,5.25,D,VIIRS
49.34304,37.62717,342.51,0.42,0.45,2026-08-24,10:51:00,N20,nominal,2.0NRT,302.84,3.91,D,VIIRS
49.36044,37.79601,347.27,0.43,0.46,2026-08-24,10:51:00,N20,nominal,2.0NRT,308.83,9.15,D,VIIRS
49.34721,37.62638,331.06,0.42,0.45,2026-08-24,10:51:00,N20,nominal,2.0NRT,300.57,2.16,D,VIIRS
49.40999,37.82912,337.12,0.43,0.46,2026-08-24,10:51:00,N20,nominal,2.0NRT,304.46,4.6,D,VIIRS
49.4175,37.87011,335.18,0.43,0.46,2026-08-24,10:51:00,N20,nominal,2.0NRT,301.34,4.29,D,VIIRS
49.41373,37.82244,337.73,0.43,0.46,2026-08-24,10:51:00,N20,nominal,2.0NRT,303.67,5.03,D,VIIRS
49.42172,37.86936,341.46,0.43,0.46,2026-08-24,10:51:00,N20,nominal,2.0NRT,300.99,4.29,D,VIIRS
49.43497,37.98333,340.1,0.44,0.46,2026-08-24,10:51:00,N20,nominal,2.0NRT,302.9,5.04,D,VIIRS
49.43451,37.97739,346.51,0.44,0.46,2026-08-24,10:51:00,N20,nominal,2.0NRT,307.23,8.19,D,VIIRS
49.3967,36.7833,336.97,0.39,0.44,2026-08-24,10:51:00,N20,nominal,2.0NRT,302.68,3.21,D,VIIRS
49.40072,36.78255,341.5,0.39,0.44,2026-08-24,10:51:00,N20,nominal,2.0NRT,301.98,13.05,D,VIIRS
49.40025,36.77714,355.13,0.39,0.44,2026-08-24,10:51:00,N20,nominal,2.0NRT,310.69,13.05,D,VIIRS
49.39978,36.77172,352.63,0.39,0.44,2026-08-24,10:51:00,N20,nominal,2.0NRT,313.44,29.01,D,VIIRS
49.53507,38.1258,339.23,0.44,0.46,2026-08-24,10:51:00,N20,nominal,2.0NRT,305.01,4.42,D,VIIRS
49.54452,38.13608,331.12,0.44,0.46,2026-08-24,10:51:00,N20,low,2.0NRT,303.04,6.07,D,VIIRS
49.54879,38.13518,341.56,0.44,0.46,2026-08-24,10:51:00,N20,nominal,2.0NRT,304.98,6.07,D,VIIRS
49.41669,36.50418,333.12,0.57,0.43,2026-08-24,10:51:00,N20,low,2.0NRT,303.77,13.97,D,VIIRS
49.53304,37.55964,343.93,0.42,0.45,2026-08-24,10:51:00,N20,nominal,2.0NRT,302.41,5.6,D,VIIRS
49.5582,37.71059,333.67,0.43,0.46,2026-08-24,10:51:00,N20,nominal,2.0NRT,303.54,2.53,D,VIIRS
49.59692,38.14028,355.16,0.45,0.47,2026-08-24,10:51:00,N20,nominal,2.0NRT,308.35,20.34,D,VIIRS
49.57581,37.82178,336.28,0.43,0.46,2026-08-24,10:51:00,N20,nominal,2.0NRT,302.4,4.63,D,VIIRS
49.55831,37.70941,337.12,0.43,0.46,2026-08-24,10:51:00,N20,nominal,2.0NRT,304.92,5.27,D,VIIRS
49.59492,38.13976,341.54,0.45,0.47,2026-08-24,10:51:00,N20,nominal,2.0NRT,302.73,10.59,D,VIIRS
49.59921,38.139,356.12,0.45,0.47,2026-08-24,10:51:00,N20,nominal,2.0NRT,302.94,10.01,D,VIIRS
49.57538,37.82076,337.49,0.43,0.46,2026-08-24,10:51:00,N20,nominal,2.0NRT,303.62,4.4,D,VIIRS
49.59548,37.85955,347.8,0.43,0.46,2026-08-24,10:51:00,N20,nominal,2.0NRT,302.95,7.16,D,VIIRS
49.5997,37.85866,352.19,0.43,0.46,2026-08-24,10:51:00,N20,nominal,2.0NRT,300.22,7.16,D,VIIRS
49.54509,36.47082,330.21,0.57,0.43,2026-08-24,10:51:00,N20,nominal,2.0NRT,297.17,2.98,D,VIIRS
49.65322,37.61927,332.35,0.42,0.45,2026-08-24,10:51:00,N20,nominal,2.0NRT,301.84,3.99,D,VIIRS
49.54641,36.18402,332.48,0.55,0.43,2026-08-24,10:51:00,N20,nominal,2.0NRT,299.26,10.91,D,VIIRS
49.54547,36.1839,331.25,0.55,0.43,2026-08-24,10:51:00,N20,nominal,2.0NRT,299.1,21.98,D,VIIRS
49.70789,37.66151,344.5,0.43,0.46,2026-08-24,10:51:00,N20,nominal,2.0NRT,305.41,4.52,D,VIIRS
49.71349,37.67849,351.26,0.43,0.46,2026-08-24,10:51:00,N20,nominal,2.0NRT,303.93,10.72,D,VIIRS
49.71209,37.66073,350.27,0.43,0.46,2026-08-24,10:51:00,N20,nominal,2.0NRT,313.13,29.76,D,VIIRS
49.82594,38.89939,333.22,0.48,0.48,2026-08-24,10:51:00,N20,nominal,2.0NRT,304.28,4.01,D,VIIRS
49.72734,37.58559,334,0.42,0.45,2026-08-24,10:51:00,N20,nominal,2.0NRT,302.94,3.72,D,VIIRS
49.75046,37.71408,337.36,0.43,0.46,2026-08-24,10:51:00,N20,nominal,2.0NRT,304.66,2.91,D,VIIRS
49.74356,37.57623,333.22,0.42,0.45,2026-08-24,10:51:00,N20,low,2.0NRT,303.83,2.54,D,VIIRS
49.03892,31.16118,330.69,0.4,0.37,2026-08-24,10:51:00,N20,low,2.0NRT,303.59,1.96,D,VIIRS
49.04298,31.16549,350.49,0.4,0.37,2026-08-24,10:51:00,N20,nominal,2.0NRT,305.98,5.29,D,VIIRS
49.04224,31.16016,344.21,0.4,0.37,2026-08-24,10:51:00,N20,nominal,2.0NRT,307.53,12.24,D,VIIRS
49.77102,37.7043,346.49,0.43,0.46,2026-08-24,10:51:00,N20,nominal,2.0NRT,320.66,77.54,D,VIIRS
49.77053,37.69833,305.68,0.43,0.46,2026-08-24,10:51:00,N20,low,2.0NRT,318.03,46.2,D,VIIRS
49.78685,37.84754,341.09,0.43,0.46,2026-08-24,10:51:00,N20,nominal,2.0NRT,300.62,8.61,D,VIIRS
49.78637,37.8415,337.59,0.43,0.46,2026-08-24,10:51:00,N20,nominal,2.0NRT,302.76,7.04,D,VIIRS
49.77522,37.70347,343.51,0.43,0.46,2026-08-24,10:51:00,N20,nominal,2.0NRT,307.59,8.75,D,VIIRS
49.77473,37.69751,339.9,0.43,0.46,2026-08-24,10:51:00,N20,nominal,2.0NRT,310.03,13.75,D,VIIRS
49.79694,37.9198,340.09,0.44,0.46,2026-08-24,10:51:00,N20,nominal,2.0NRT,300.18,3.93,D,VIIRS
49.77991,37.70862,343.36,0.43,0.46,2026-08-24,10:51:00,N20,nominal,2.0NRT,306.37,8.75,D,VIIRS
49.77134,37.70916,340.79,0.43,0.46,2026-08-24,10:51:00,N20,nominal,2.0NRT,301.99,7.92,D,VIIRS
49.77043,37.69717,336.33,0.43,0.46,2026-08-24,10:51:00,N20,nominal,2.0NRT,310.49,36.73,D,VIIRS
49.77089,37.70315,367,0.43,0.46,2026-08-24,10:51:00,N20,low,2.0NRT,330.01,36.73,D,VIIRS
49.77509,37.70231,344.58,0.43,0.46,2026-08-24,10:51:00,N20,nominal,2.0NRT,309.54,36.73,D,VIIRS
49.77463,37.69635,335.47,0.43,0.46,2026-08-24,10:51:00,N20,nominal,2.0NRT,307.81,36.73,D,VIIRS
49.79026,37.84587,341.7,0.43,0.46,2026-08-24,10:51:00,N20,nominal,2.0NRT,304.4,14.44,D,VIIRS
49.77975,37.70747,341.6,0.43,0.46,2026-08-24,10:51:00,N20,nominal,2.0NRT,307.13,6.94,D,VIIRS
49.80046,37.92429,336.08,0.44,0.46,2026-08-24,10:51:00,N20,nominal,2.0NRT,299.6,3.86,D,VIIRS
49.8,37.91821,341.83,0.44,0.46,2026-08-24,10:51:00,N20,nominal,2.0NRT,303.83,5.51,D,VIIRS
49.78955,37.72393,341.66,0.43,0.46,2026-08-24,10:51:00,N20,nominal,2.0NRT,305.92,6.46,D,VIIRS
49.81342,37.75618,339.21,0.43,0.46,2026-08-24,10:51:00,N20,nominal,2.0NRT,302.72,2.67,D,VIIRS
49.79985,37.58273,337.6,0.42,0.45,2026-08-24,10:51:00,N20,nominal,2.0NRT,303.77,3.47,D,VIIRS
49.81344,37.70153,330.41,0.43,0.46,2026-08-24,10:51:00,N20,low,2.0NRT,302.8,2,D,VIIRS
49.85524,37.8527,349.16,0.44,0.46,2026-08-24,10:51:00,N20,nominal,2.0NRT,300.91,4.08,D,VIIRS
49.84435,37.71424,333.99,0.43,0.46,2026-08-24,10:51:00,N20,nominal,2.0NRT,304.55,3.07,D,VIIRS
49.84388,37.70829,332.77,0.43,0.46,2026-08-24,10:51:00,N20,nominal,2.0NRT,303.72,3.07,D,VIIRS
49.85284,37.76749,348.06,0.43,0.46,2026-08-24,10:51:00,N20,nominal,2.0NRT,302.17,5.93,D,VIIRS
49.8643,37.64354,344.42,0.43,0.46,2026-08-24,10:51:00,N20,nominal,2.0NRT,303.4,4.74,D,VIIRS
49.86381,37.63758,332.18,0.43,0.46,2026-08-24,10:51:00,N20,nominal,2.0NRT,303.4,1.42,D,VIIRS
49.90312,37.65022,339.09,0.43,0.46,2026-08-24,10:51:00,N20,nominal,2.0NRT,300.07,3.15,D,VIIRS
49.9228,37.79433,336.51,0.43,0.46,2026-08-24,10:51:00,N20,nominal,2.0NRT,300.67,3.13,D,VIIRS
49.93358,37.76718,344.89,0.43,0.46,2026-08-24,10:51:00,N20,nominal,2.0NRT,305.74,8.49,D,VIIRS
49.94727,37.83311,339.65,0.44,0.46,2026-08-24,10:51:00,N20,nominal,2.0NRT,300.12,6.94,D,VIIRS
49.90649,37.32071,345.93,0.41,0.45,2026-08-24,10:51:00,N20,nominal,2.0NRT,299.47,6.9,D,VIIRS
49.91014,37.31399,349.06,0.41,0.45,2026-08-24,10:51:00,N20,nominal,2.0NRT,302.64,6.9,D,VIIRS
49.9321,37.42773,333.78,0.42,0.45,2026-08-24,10:51:00,N20,nominal,2.0NRT,301.64,3.45,D,VIIRS
49.92011,37.28199,338.45,0.41,0.45,2026-08-24,10:51:00,N20,nominal,2.0NRT,307.15,8.56,D,VIIRS
49.96029,37.72529,356.14,0.43,0.46,2026-08-24,10:51:00,N20,nominal,2.0NRT,309.14,23.27,D,VIIRS
49.98122,37.82717,346.44,0.44,0.46,2026-08-24,10:51:00,N20,nominal,2.0NRT,300.06,7.41,D,VIIRS
49.98072,37.8209,338.59,0.44,0.46,2026-08-24,10:51:00,N20,nominal,2.0NRT,302.48,7.41,D,VIIRS
49.98732,37.84999,340.57,0.44,0.46,2026-08-24,10:51:00,N20,nominal,2.0NRT,302.88,5.19,D,VIIRS
49.98546,37.82638,343.43,0.44,0.46,2026-08-24,10:51:00,N20,nominal,2.0NRT,301.71,7.41,D,VIIRS
49.99205,37.8553,343.82,0.44,0.46,2026-08-24,10:51:00,N20,nominal,2.0NRT,304.39,10.6,D,VIIRS
49.99157,37.84921,351.71,0.44,0.46,2026-08-24,10:51:00,N20,nominal,2.0NRT,306.44,6.5,D,VIIRS
49.98871,37.81312,332.44,0.44,0.46,2026-08-24,10:51:00,N20,low,2.0NRT,302.97,4.49,D,VIIRS
49.99629,37.85447,354.36,0.44,0.46,2026-08-24,10:51:00,N20,nominal,2.0NRT,304.44,10.6,D,VIIRS
49.99582,37.84846,347.56,0.44,0.46,2026-08-24,10:51:00,N20,nominal,2.0NRT,305.63,6.5,D,VIIRS
49.99535,37.84258,339.73,0.44,0.46,2026-08-24,10:51:00,N20,nominal,2.0NRT,305.82,6.5,D,VIIRS
49.99867,37.83014,331.55,0.44,0.46,2026-08-24,10:51:00,N20,low,2.0NRT,301.68,52.48,D,VIIRS
50.00338,37.83526,341.98,0.44,0.46,2026-08-24,10:51:00,N20,nominal,2.0NRT,310.26,52.48,D,VIIRS
49.99516,37.8536,355.75,0.44,0.46,2026-08-24,10:51:00,N20,nominal,2.0NRT,308.6,11.95,D,VIIRS
49.99471,37.84763,342.69,0.44,0.46,2026-08-24,10:51:00,N20,nominal,2.0NRT,306.02,11.95,D,VIIRS
49.99428,37.84175,331.78,0.44,0.46,2026-08-24,10:51:00,N20,low,2.0NRT,305.14,3.97,D,VIIRS
49.99201,37.81133,335.01,0.44,0.46,2026-08-24,10:51:00,N20,low,2.0NRT,305.42,5.23,D,VIIRS
49.99852,37.84101,330.8,0.44,0.46,2026-08-24,10:51:00,N20,low,2.0NRT,302.99,3.97,D,VIIRS
49.99765,37.82925,330.63,0.44,0.46,2026-08-24,10:51:00,N20,low,2.0NRT,302.81,2.97,D,VIIRS
50.00233,37.8344,347.6,0.44,0.46,2026-08-24,10:51:00,N20,nominal,2.0NRT,312.57,30.87,D,VIIRS
50.00658,37.83368,340.68,0.44,0.46,2026-08-24,10:51:00,N20,nominal,2.0NRT,300.94,30.87,D,VIIRS
50.00613,37.82771,343.44,0.44,0.46,2026-08-24,10:51:00,N20,nominal,2.0NRT,310.39,64.41,D,VIIRS
49.92199,36.58075,337.84,0.39,0.44,2026-08-24,10:51:00,N20,nominal,2.0NRT,302.39,2.36,D,VIIRS
50.04283,37.69072,349.79,0.43,0.46,2026-08-24,10:51:00,N20,nominal,2.0NRT,304.85,8.56,D,VIIRS
50.05125,37.68898,352.66,0.43,0.46,2026-08-24,10:51:00,N20,nominal,2.0NRT,303.66,9.27,D,VIIRS
50.05076,37.68277,339.89,0.43,0.46,2026-08-24,10:51:00,N20,nominal,2.0NRT,302.41,4.24,D,VIIRS
50.11719,37.13459,334.46,0.41,0.45,2026-08-24,10:51:00,N20,nominal,2.0NRT,298.36,2.61,D,VIIRS
49.10936,28.69616,331.31,0.39,0.36,2026-08-24,10:51:00,N20,nominal,2.0NRT,297,2.04,D,VIIRS
50.17149,37.487,338.82,0.42,0.45,2026-08-24,10:51:00,N20,nominal,2.0NRT,299.42,3.6,D,VIIRS
50.17567,37.48616,343.22,0.42,0.45,2026-08-24,10:51:00,N20,nominal,2.0NRT,300.13,4.91,D,VIIRS
50.18577,37.55802,330.11,0.43,0.46,2026-08-24,10:51:00,N20,nominal,2.0NRT,300.9,1.96,D,VIIRS
50.18579,37.55674,332.08,0.43,0.46,2026-08-24,10:51:00,N20,nominal,2.0NRT,300.24,1.95,D,VIIRS
50.11515,36.5305,353.71,0.39,0.44,2026-08-24,10:51:00,N20,nominal,2.0NRT,301.44,7.69,D,VIIRS
50.11469,36.52507,336.03,0.39,0.44,2026-08-24,10:51:00,N20,nominal,2.0NRT,303.54,4.16,D,VIIRS
50.19823,36.92593,336.52,0.4,0.44,2026-08-24,10:51:00,N20,nominal,2.0NRT,299,3.32,D,VIIRS
50.21998,37.13626,341.2,0.41,0.45,2026-08-24,10:51:00,N20,nominal,2.0NRT,299.02,4.61,D,VIIRS
50.2195,37.13048,339.38,0.41,0.45,2026-08-24,10:51:00,N20,nominal,2.0NRT,302.11,5.64,D,VIIRS
49.68722,32.04432,344.97,0.41,0.37,2026-08-24,10:51:00,N20,nominal,2.0NRT,307.28,10.35,D,VIIRS
50.23402,37.20461,344.29,0.41,0.45,2026-08-24,10:51:00,N20,nominal,2.0NRT,299.78,4.64,D,VIIRS
50.21719,37.00283,335.74,0.41,0.45,2026-08-24,10:51:00,N20,nominal,2.0NRT,303.1,2.71,D,VIIRS
50.22225,37.0134,341.76,0.41,0.45,2026-08-24,10:51:00,N20,nominal,2.0NRT,304.39,5.13,D,VIIRS
50.22635,37.01258,339.15,0.41,0.45,2026-08-24,10:51:00,N20,nominal,2.0NRT,300.13,2.68,D,VIIRS
50.228,36.88564,333.92,0.4,0.44,2026-08-24,10:51:00,N20,nominal,2.0NRT,298.87,4.5,D,VIIRS
50.23615,36.884,339.4,0.4,0.44,2026-08-24,10:51:00,N20,nominal,2.0NRT,299.23,3.87,D,VIIRS
50.2696,37.22791,338.02,0.41,0.45,2026-08-24,10:51:00,N20,nominal,2.0NRT,295.17,6.08,D,VIIRS
50.24023,36.88315,340.9,0.4,0.44,2026-08-24,10:51:00,N20,nominal,2.0NRT,303.12,12.01,D,VIIRS
50.23973,36.87743,339.43,0.4,0.44,2026-08-24,10:51:00,N20,nominal,2.0NRT,303.46,12.01,D,VIIRS
50.27375,37.2271,350.47,0.41,0.45,2026-08-24,10:51:00,N20,nominal,2.0NRT,297.83,6.08,D,VIIRS
50.23895,36.88092,353.55,0.4,0.44,2026-08-24,10:51:00,N20,nominal,2.0NRT,308.47,11.51,D,VIIRS
50.27127,37.23121,333.96,0.42,0.45,2026-08-24,10:51:00,N20,nominal,2.0NRT,293.74,6.54,D,VIIRS
50.27082,37.22536,335.89,0.41,0.45,2026-08-24,10:51:00,N20,nominal,2.0NRT,299.24,6.54,D,VIIRS
50.24302,36.88007,335.4,0.4,0.44,2026-08-24,10:51:00,N20,nominal,2.0NRT,299.08,11.51,D,VIIRS
50.27244,37.03651,339.5,0.41,0.45,2026-08-24,10:51:00,N20,nominal,2.0NRT,304.57,18.92,D,VIIRS
50.27197,37.03075,336.5,0.41,0.45,2026-08-24,10:51:00,N20,low,2.0NRT,307.29,15.7,D,VIIRS
50.26295,36.87045,330.57,0.4,0.44,2026-08-24,10:51:00,N20,nominal,2.0NRT,302.5,1.89,D,VIIRS
50.31377,36.98133,352.52,0.41,0.45,2026-08-24,10:51:00,N20,nominal,2.0NRT,301.04,7.58,D,VIIRS
50.31955,36.85319,333.91,0.4,0.44,2026-08-24,10:51:00,N20,nominal,2.0NRT,301,1.55,D,VIIRS
50.26247,36.07604,352.08,0.56,0.43,2026-08-24,10:51:00,N20,nominal,2.0NRT,308.79,47.41,D,VIIRS
50.04173,33.72055,341.14,0.46,0.39,2026-08-24,10:51:00,N20,nominal,2.0NRT,299,3.76,D,VIIRS
50.30478,36.39109,344.06,0.38,0.44,2026-08-24,10:51:00,N20,nominal,2.0NRT,299.47,6.07,D,VIIRS
50.30433,36.38573,340.9,0.38,0.43,2026-08-24,10:51:00,N20,nominal,2.0NRT,300.43,6.07,D,VIIRS
50.04258,33.71844,343.03,0.46,0.39,2026-08-24,10:51:00,N20,nominal,2.0NRT,298.52,3.83,D,VIIRS
50.30519,36.0738,333.98,0.56,0.43,2026-08-24,10:51:00,N20,nominal,2.0NRT,301.88,5.58,D,VIIRS
49.54563,28.37126,332.38,0.39,0.36,2026-08-24,10:51:00,N20,nominal,2.0NRT,298.65,4.67,D,VIIRS
49.54887,28.37002,335.57,0.39,0.36,2026-08-24,10:51:00,N20,nominal,2.0NRT,297.75,2.6,D,VIIRS
50.90129,35.10723,326.6,0.52,0.42,2026-08-24,10:51:00,N20,nominal,2.0NRT,292,3.56,D,VIIRS
50.57816,31.20882,331.46,0.4,0.37,2026-08-24,10:51:00,N20,low,2.0NRT,304.66,10.43,D,VIIRS
50.57666,31.19751,342.63,0.4,0.37,2026-08-24,10:51:00,N20,nominal,2.0NRT,307.81,9.35,D,VIIRS
50.58001,31.19642,348.31,0.4,0.37,2026-08-24,10:51:00,N20,nominal,2.0NRT,311.83,10.7,D,VIIRS
50.58335,31.19534,341.62,0.4,0.37,2026-08-24,10:51:00,N20,nominal,2.0NRT,311.27,10.7,D,VIIRS
50.34647,29.37256,331.31,0.39,0.36,2026-08-24,10:51:00,N20,nominal,2.0NRT,299.3,5.61,D,VIIRS
50.34567,29.36723,331.95,0.39,0.36,2026-08-24,10:51:00,N20,nominal,2.0NRT,301.01,4.48,D,VIIRS
51.13317,35.08208,349.94,0.53,0.42,2026-08-24,10:51:00,N20,nominal,2.0NRT,302.27,12.14,D,VIIRS
51.12167,34.84872,344.38,0.52,0.41,2026-08-24,10:51:00,N20,nominal,2.0NRT,294.36,8.13,D,VIIRS
51.11352,34.76808,331.44,0.51,0.41,2026-08-24,10:51:00,N20,nominal,2.0NRT,293.94,2.7,D,VIIRS
51.14493,34.96441,346.46,0.52,0.42,2026-08-24,10:51:00,N20,nominal,2.0NRT,294.57,7.34,D,VIIRS
51.12045,34.84846,344.94,0.52,0.41,2026-08-24,10:51:00,N20,nominal,2.0NRT,294.36,7.53,D,VIIRS
51.11264,34.76767,333.35,0.51,0.41,2026-08-24,10:51:00,N20,nominal,2.0NRT,294.73,4.63,D,VIIRS
51.16282,34.8456,327.96,0.52,0.41,2026-08-24,10:51:00,N20,nominal,2.0NRT,296.64,3.55,D,VIIRS
51.1666,34.84467,335.35,0.52,0.41,2026-08-24,10:51:00,N20,nominal,2.0NRT,298.79,5.24,D,VIIRS
51.36839,33.59553,329.23,0.47,0.4,2026-08-24,10:51:00,N20,nominal,2.0NRT,297.36,3.88,D,VIIRS
50.99938,30.39461,335.04,0.4,0.37,2026-08-24,10:51:00,N20,nominal,2.0NRT,301.16,11.18,D,VIIRS
50.99862,30.38905,342.4,0.4,0.37,2026-08-24,10:51:00,N20,nominal,2.0NRT,307.34,11.18,D,VIIRS
51.00192,30.38791,367,0.4,0.37,2026-08-24,10:51:00,N20,high,2.0NRT,329.92,43.21,D,VIIRS
51.00269,30.39347,334.99,0.4,0.37,2026-08-24,10:51:00,N20,nominal,2.0NRT,296.96,43.21,D,VIIRS
51.00115,30.38233,332.8,0.4,0.37,2026-08-24,10:51:00,N20,nominal,2.0NRT,301.09,10.31,D,VIIRS
50.99577,30.34338,342.5,0.4,0.37,2026-08-24,10:51:00,N20,nominal,2.0NRT,298.93,5.92,D,VIIRS
51.00446,30.38119,350.94,0.4,0.37,2026-08-24,10:51:00,N20,nominal,2.0NRT,303.62,10.31,D,VIIRS
51.00369,30.37563,354.49,0.4,0.37,2026-08-24,10:51:00,N20,nominal,2.0NRT,309.2,10.31,D,VIIRS
51.00777,30.38005,367,0.4,0.37,2026-08-24,10:51:00,N20,high,2.0NRT,365.51,117.67,D,VIIRS
51.00931,30.39119,343.41,0.4,0.37,2026-08-24,10:51:00,N20,nominal,2.0NRT,297.08,184.72,D,VIIRS
51.008540000000004,30.38562,367,0.4,0.37,2026-08-24,10:51:00,N20,low,2.0NRT,373.35,184.72,D,VIIRS
51.007,30.37448,350.82,0.4,0.37,2026-08-24,10:51:00,N20,low,2.0NRT,331.53,117.67,D,VIIRS
51.01185,30.38448,367,0.4,0.37,2026-08-24,10:51:00,N20,high,2.0NRT,346.75,184.72,D,VIIRS
51.01031,30.37335,367,0.4,0.37,2026-08-24,10:51:00,N20,high,2.0NRT,364.49,117.67,D,VIIRS
51.01262,30.39004,346.39,0.4,0.37,2026-08-24,10:51:00,N20,nominal,2.0NRT,291.6,184.72,D,VIIRS
51.00877,30.36221,347.29,0.4,0.37,2026-08-24,10:51:00,N20,nominal,2.0NRT,311.45,25.46,D,VIIRS
51.01108,30.37891,367,0.4,0.37,2026-08-24,10:51:00,N20,low,2.0NRT,356.96,117.67,D,VIIRS
51.00954,30.36778,367,0.4,0.37,2026-08-24,10:51:00,N20,low,2.0NRT,336.77,25.46,D,VIIRS
51.01284,30.36664,367,0.4,0.37,2026-08-24,10:51:00,N20,high,2.0NRT,339.79,270.82,D,VIIRS
51.01439,30.37777,349.3,0.4,0.37,2026-08-24,10:51:00,N20,nominal,2.0NRT,294.06,37.47,D,VIIRS
51.01362,30.37221,345.87,0.4,0.37,2026-08-24,10:51:00,N20,nominal,2.0NRT,313.42,37.47,D,VIIRS
51.01131,30.3555,349.39,0.4,0.37,2026-08-24,10:51:00,N20,nominal,2.0NRT,311.43,94.24,D,VIIRS
51.01208,30.36107,367,0.4,0.37,2026-08-24,10:51:00,N20,low,2.0NRT,371.89,270.82,D,VIIRS
51.01384,30.34879,367,0.4,0.37,2026-08-24,10:51:00,N20,high,2.0NRT,346.14,94.24,D,VIIRS
51.01307,30.34323,356.51,0.4,0.37,2026-08-24,10:51:00,N20,nominal,2.0NRT,303.73,10.97,D,VIIRS
51.01638,30.34209,352.18,0.4,0.37,2026-08-24,10:51:00,N20,nominal,2.0NRT,295.14,7.76,D,VIIRS
51.01814,30.32982,331.39,0.4,0.37,2026-08-24,10:51:00,N20,nominal,2.0NRT,296.27,52.09,D,VIIRS
51.01659,30.31869,337.71,0.39,0.37,2026-08-24,10:51:00,N20,nominal,2.0NRT,301.11,4.71,D,VIIRS
51.02067,30.32311,340.93,0.4,0.37,2026-08-24,10:51:00,N20,nominal,2.0NRT,306.1,56.35,D,VIIRS
51.0199,30.31755,348.4,0.39,0.37,2026-08-24,10:51:00,N20,nominal,2.0NRT,304.84,25.4,D,VIIRS
51.02304,30.30256,341.69,0.39,0.37,2026-08-24,10:51:00,N20,nominal,2.0NRT,302.46,9.85,D,VIIRS
51.41518,31.99836,333.53,0.43,0.38,2026-08-24,10:51:00,N20,nominal,2.0NRT,294.8,2.36,D,VIIRS
51.76044,34.36764,347.5,0.5,0.41,2026-08-24,10:51:00,N20,nominal,2.0NRT,299.96,12.26,D,VIIRS
51.75971,34.36033,331.56,0.5,0.41,2026-08-24,10:51:00,N20,nominal,2.0NRT,301.6,12.26,D,VIIRS
51.76419,34.36667,343.15,0.5,0.41,2026-08-24,10:51:00,N20,nominal,2.0NRT,298.23,5.75,D,VIIRS
51.76345,34.35938,329.53,0.5,0.41,2026-08-24,10:51:00,N20,nominal,2.0NRT,301.2,5.75,D,VIIRS
51.04316,25.25624,325.08,0.41,0.37,2026-08-24,10:51:00,N20,nominal,2.0NRT,293.83,1.86,D,VIIRS
47.15278,35.20122,300.82,0.53,0.5,2026-08-24,23:05:00,N20,nominal,2.0NRT,281.26,0.72,N,VIIRS
47.14812,35.20053,297.28,0.53,0.5,2026-08-24,23:05:00,N20,nominal,2.0NRT,281.36,0.72,N,VIIRS
46.98515,37.33744,301.04,0.42,0.46,2026-08-24,23:05:00,N20,nominal,2.0NRT,282.7,0.48,N,VIIRS
46.98096,37.33671,299.59,0.42,0.46,2026-08-24,23:05:00,N20,nominal,2.0NRT,284.58,0.48,N,VIIRS
47.12889,35.13272,298.75,0.54,0.51,2026-08-24,23:05:00,N20,nominal,2.0NRT,283.2,1.21,N,VIIRS
47.12377,35.13922,316.29,0.54,0.51,2026-08-24,23:05:00,N20,nominal,2.0NRT,282.99,1.86,N,VIIRS
47.13144,35.1342,304.01,0.54,0.51,2026-08-24,23:05:00,N20,nominal,2.0NRT,283.11,1.2,N,VIIRS
47.05953,36.12334,297.16,0.48,0.48,2026-08-24,23:05:00,N20,nominal,2.0NRT,281.64,0.62,N,VIIRS
47.12162,35.14001,313.05,0.54,0.51,2026-08-24,23:05:00,N20,nominal,2.0NRT,283.15,2.45,N,VIIRS
47.06441,35.69178,296.3,0.51,0.49,2026-08-24,23:05:00,N20,nominal,2.0NRT,282.91,0.75,N,VIIRS
47.09874,34.76076,299.7,0.56,0.51,2026-08-24,23:05:00,N20,nominal,2.0NRT,282.63,0.95,N,VIIRS
47.00744,36.03662,302.36,0.49,0.48,2026-08-24,23:05:00,N20,nominal,2.0NRT,282.2,1.06,N,VIIRS
47.01673,35.84618,295.18,0.5,0.49,2026-08-24,23:05:00,N20,nominal,2.0NRT,283.75,0.88,N,VIIRS
47.00345,36.02945,299.81,0.49,0.48,2026-08-24,23:05:00,N20,nominal,2.0NRT,282.56,1,N,VIIRS
47.00111,35.93702,296.5,0.49,0.49,2026-08-24,23:05:00,N20,nominal,2.0NRT,283.33,0.47,N,VIIRS
46.98487,36.09837,298.95,0.48,0.48,2026-08-24,23:05:00,N20,nominal,2.0NRT,284.96,0.47,N,VIIRS
46.9061,36.95094,339.18,0.44,0.46,2026-08-24,23:05:00,N20,nominal,2.0NRT,286.43,4.42,N,VIIRS
46.90564,36.95674,301.07,0.44,0.46,2026-08-24,23:05:00,N20,nominal,2.0NRT,286.07,4.42,N,VIIRS
47.06964,34.17418,295.41,0.6,0.53,2026-08-24,23:05:00,N20,nominal,2.0NRT,282.86,1.11,N,VIIRS
46.9238,36.38122,311.65,0.47,0.48,2026-08-24,23:05:00,N20,nominal,2.0NRT,285.53,1.54,N,VIIRS
46.92334,36.38746,310.23,0.47,0.48,2026-08-24,23:05:00,N20,nominal,2.0NRT,285.58,1.54,N,VIIRS
46.9235,36.38656,318.97,0.47,0.48,2026-08-24,23:05:00,N20,nominal,2.0NRT,286.12,2.14,N,VIIRS
46.91962,36.37959,297.53,0.47,0.48,2026-08-24,23:05:00,N20,nominal,2.0NRT,284.28,0.39,N,VIIRS
46.91912,36.38582,297.97,0.47,0.48,2026-08-24,23:05:00,N20,nominal,2.0NRT,284.92,0.67,N,VIIRS
46.96535,35.39369,300.08,0.52,0.5,2026-08-24,23:05:00,N20,nominal,2.0NRT,284.75,1.06,N,VIIRS
46.96644,35.30971,336.38,0.53,0.5,2026-08-24,23:05:00,N20,nominal,2.0NRT,285.46,4.53,N,VIIRS
46.88781,36.27316,296.34,0.47,0.48,2026-08-24,23:05:00,N20,nominal,2.0NRT,285.28,0.63,N,VIIRS
46.8942,36.06876,295.08,0.48,0.48,2026-08-24,23:05:00,N20,nominal,2.0NRT,283.34,0.29,N,VIIRS
46.85667,36.56109,319.41,0.46,0.47,2026-08-24,23:05:00,N20,nominal,2.0NRT,285.39,2.36,N,VIIRS
46.85233,36.56028,301.27,0.46,0.47,2026-08-24,23:05:00,N20,nominal,2.0NRT,284.69,1.02,N,VIIRS
46.88951,36.00995,296.42,0.49,0.48,2026-08-24,23:05:00,N20,nominal,2.0NRT,285.66,0.53,N,VIIRS
46.93362,35.24091,305.72,0.53,0.5,2026-08-24,23:05:00,N20,nominal,2.0NRT,284.19,0.69,N,VIIRS
46.68233,33.60883,312.08,0.63,0.54,2026-08-24,23:05:00,N20,nominal,2.0NRT,284.89,2.12,N,VIIRS
45.55033,29.29552,303.1,0.5,0.66,2026-08-24,23:05:00,N20,nominal,2.0NRT,280.42,3.12,N,VIIRS
45.35368,36.27556,339.68,0.46,0.47,2026-08-24,23:05:00,N20,nominal,2.0NRT,296.31,43.3,N,VIIRS
45.77426,29.42517,308.27,0.5,0.65,2026-08-24,23:05:00,N20,nominal,2.0NRT,283.55,2.45,N,VIIRS
45.77506,29.42637,313.7,0.5,0.65,2026-08-24,23:05:00,N20,nominal,2.0NRT,284.06,3.36,N,VIIRS
46.23255,33.29321,304.16,0.32,0.55,2026-08-24,23:05:00,N20,nominal,2.0NRT,285.31,0.56,N,VIIRS
46.18348,34.47915,296.26,0.57,0.52,2026-08-24,23:05:00,N20,nominal,2.0NRT,283.45,0.77,N,VIIRS
46.39146,35.00142,295.39,0.54,0.51,2026-08-24,23:05:00,N20,nominal,2.0NRT,284.6,0.46,N,VIIRS
46.56065,33.15811,311.56,0.33,0.55,2026-08-24,23:05:00,N20,nominal,2.0NRT,286.11,1.7,N,VIIRS
46.50246,35.48306,305.17,0.51,0.49,2026-08-24,23:05:00,N20,nominal,2.0NRT,285.08,1.27,N,VIIRS
46.53772,35.56982,295.17,0.51,0.49,2026-08-24,23:05:00,N20,nominal,2.0NRT,283.05,0.44,N,VIIRS
46.68269,33.61002,310.21,0.63,0.54,2026-08-24,23:05:00,N20,nominal,2.0NRT,285.18,2.38,N,VIIRS
46.68817,33.60231,301.48,0.63,0.54,2026-08-24,23:05:00,N20,nominal,2.0NRT,285.08,4.87,N,VIIRS
46.68864,33.59396,340.52,0.63,0.54,2026-08-24,23:05:00,N20,nominal,2.0NRT,286.1,4.87,N,VIIRS
46.85464,36.29911,298.15,0.47,0.48,2026-08-24,23:05:00,N20,nominal,2.0NRT,285.07,0.47,N,VIIRS
46.81321,36.7239,304.45,0.45,0.47,2026-08-24,23:05:00,N20,nominal,2.0NRT,282.83,0.68,N,VIIRS
46.85828,36.00457,300.85,0.49,0.48,2026-08-24,23:05:00,N20,nominal,2.0NRT,286.47,1.08,N,VIIRS
46.85782,36.011,311.38,0.49,0.48,2026-08-24,23:05:00,N20,nominal,2.0NRT,286.13,1.08,N,VIIRS
46.80493,36.66181,297.07,0.45,0.47,2026-08-24,23:05:00,N20,nominal,2.0NRT,285.22,0.49,N,VIIRS
46.80522,36.60113,306.72,0.46,0.47,2026-08-24,23:05:00,N20,nominal,2.0NRT,285.91,1.15,N,VIIRS
46.80106,36.65518,296.61,0.45,0.47,2026-08-24,23:05:00,N20,nominal,2.0NRT,285.91,0.63,N,VIIRS
46.80061,36.66108,307.37,0.45,0.47,2026-08-24,23:05:00,N20,nominal,2.0NRT,285.96,1.74,N,VIIRS
46.79675,36.65443,295.97,0.45,0.47,2026-08-24,23:05:00,N20,nominal,2.0NRT,285.72,0.63,N,VIIRS
46.85998,36.01145,305.66,0.49,0.48,2026-08-24,23:05:00,N20,nominal,2.0NRT,286.5,0.8,N,VIIRS
46.85654,36.056,299.54,0.48,0.48,2026-08-24,23:05:00,N20,nominal,2.0NRT,283.47,0.5,N,VIIRS
46.85602,36.00425,298.04,0.49,0.48,2026-08-24,23:05:00,N20,nominal,2.0NRT,287.14,0.75,N,VIIRS
46.85553,36.01067,299.9,0.49,0.48,2026-08-24,23:05:00,N20,nominal,2.0NRT,285.64,0.8,N,VIIRS
46.80367,36.66124,304.84,0.45,0.47,2026-08-24,23:05:00,N20,nominal,2.0NRT,285.98,1.29,N,VIIRS
46.80427,36.60063,317.75,0.46,0.47,2026-08-24,23:05:00,N20,nominal,2.0NRT,285.79,2.18,N,VIIRS
46.79935,36.6605,313.83,0.45,0.47,2026-08-24,23:05:00,N20,nominal,2.0NRT,286.74,2.26,N,VIIRS
46.81714,35.46841,300.94,0.52,0.5,2026-08-24,23:05:00,N20,nominal,2.0NRT,284.75,1.11,N,VIIRS
46.8,35.65012,298.75,0.51,0.49,2026-08-24,23:05:00,N20,nominal,2.0NRT,284.36,0.72,N,VIIRS
46.73148,36.34677,348.78,0.47,0.48,2026-08-24,23:05:00,N20,nominal,2.0NRT,289.53,11.28,N,VIIRS
46.72682,36.40847,317.06,0.47,0.47,2026-08-24,23:05:00,N20,nominal,2.0NRT,287.73,2.35,N,VIIRS
46.74942,35.97998,300.74,0.49,0.48,2026-08-24,23:05:00,N20,nominal,2.0NRT,285.08,0.65,N,VIIRS
46.74633,35.95989,306.76,0.49,0.48,2026-08-24,23:05:00,N20,nominal,2.0NRT,283.99,1.21,N,VIIRS
46.74496,35.97924,296.83,0.49,0.48,2026-08-24,23:05:00,N20,nominal,2.0NRT,284.63,0.84,N,VIIRS
46.7445,35.98568,299.87,0.49,0.48,2026-08-24,23:05:00,N20,nominal,2.0NRT,284.28,0.84,N,VIIRS
46.79972,35.09313,300.65,0.54,0.51,2026-08-24,23:05:00,N20,nominal,2.0NRT,283.95,0.84,N,VIIRS
46.74141,35.96562,300.83,0.49,0.48,2026-08-24,23:05:00,N20,nominal,2.0NRT,283.64,1.53,N,VIIRS
46.74838,35.9612,298.63,0.49,0.48,2026-08-24,23:05:00,N20,nominal,2.0NRT,284.42,1.16,N,VIIRS
46.7469,35.98053,309.21,0.49,0.48,2026-08-24,23:05:00,N20,nominal,2.0NRT,284.91,1.72,N,VIIRS
46.74392,35.96048,307.17,0.49,0.48,2026-08-24,23:05:00,N20,nominal,2.0NRT,283.79,1.16,N,VIIRS
46.74195,35.98623,301.15,0.49,0.48,2026-08-24,23:05:00,N20,nominal,2.0NRT,283.07,0.87,N,VIIRS
46.73896,35.96621,308.01,0.49,0.48,2026-08-24,23:05:00,N20,nominal,2.0NRT,283.82,1.3,N,VIIRS
46.79722,35.09459,300.01,0.54,0.51,2026-08-24,23:05:00,N20,nominal,2.0NRT,284.08,0.84,N,VIIRS
46.76829,35.10464,299.3,0.54,0.5,2026-08-24,23:05:00,N20,nominal,2.0NRT,284.01,0.76,N,VIIRS
46.7874,34.42462,302.31,0.58,0.52,2026-08-24,23:05:00,N20,nominal,2.0NRT,283.38,0.73,N,VIIRS
46.67339,36.05889,304.84,0.48,0.48,2026-08-24,23:05:00,N20,nominal,2.0NRT,284.75,1.12,N,VIIRS
46.69863,35.01546,301.04,0.54,0.51,2026-08-24,23:05:00,N20,nominal,2.0NRT,283.75,0.95,N,VIIRS
46.70134,35.01699,298.75,0.54,0.51,2026-08-24,23:05:00,N20,nominal,2.0NRT,283.3,0.71,N,VIIRS
46.74053,34.1782,296.92,0.59,0.53,2026-08-24,23:05:00,N20,nominal,2.0NRT,283.53,1.45,N,VIIRS
46.69278,33.60173,304.93,0.63,0.54,2026-08-24,23:05:00,N20,nominal,2.0NRT,284.92,1.14,N,VIIRS
46.68819,33.59275,337.51,0.63,0.54,2026-08-24,23:05:00,N20,nominal,2.0NRT,285.94,6.75,N,VIIRS
46.68777,33.60112,300.02,0.63,0.54,2026-08-24,23:05:00,N20,nominal,2.0NRT,285.02,2.12,N,VIIRS
48.52711,37.67504,307.7,0.43,0.46,2026-08-24,23:05:00,N20,nominal,2.0NRT,283.42,1.07,N,VIIRS
48.49847,37.71117,322.3,0.43,0.46,2026-08-24,23:05:00,N20,nominal,2.0NRT,285.38,1.66,N,VIIRS
48.49427,37.71045,298.82,0.43,0.46,2026-08-24,23:05:00,N20,nominal,2.0NRT,285.38,1.66,N,VIIRS
48.50212,36.6582,307.22,0.47,0.48,2026-08-24,23:05:00,N20,nominal,2.0NRT,281.66,1.54,N,VIIRS
48.30968,38.86877,296.96,0.57,0.43,2026-08-24,23:05:00,N20,nominal,2.0NRT,282.32,0.39,N,VIIRS
48.50292,36.65873,305.21,0.47,0.48,2026-08-24,23:05:00,N20,nominal,2.0NRT,281.91,1.15,N,VIIRS
48.36149,38.01471,330.73,0.41,0.45,2026-08-24,23:05:00,N20,nominal,2.0NRT,287.85,2.26,N,VIIRS
48.42568,36.97262,296.11,0.46,0.47,2026-08-24,23:05:00,N20,nominal,2.0NRT,279,1.21,N,VIIRS
48.41846,37.06576,308.1,0.45,0.47,2026-08-24,23:05:00,N20,nominal,2.0NRT,282.8,1.03,N,VIIRS
48.32496,38.19298,296.27,0.4,0.45,2026-08-24,23:05:00,N20,nominal,2.0NRT,281.42,0.46,N,VIIRS
48.35558,37.25859,295.4,0.44,0.46,2026-08-24,23:05:00,N20,nominal,2.0NRT,284.18,0.84,N,VIIRS
48.35742,37.2578,297.91,0.44,0.46,2026-08-24,23:05:00,N20,nominal,2.0NRT,283.92,1.11,N,VIIRS
48.2857,38.08818,299.3,0.41,0.45,2026-08-24,23:05:00,N20,nominal,2.0NRT,287.17,0.74,N,VIIRS
48.41897,36.1751,333.76,0.5,0.49,2026-08-24,23:05:00,N20,nominal,2.0NRT,282.45,5.06,N,VIIRS
48.47593,34.62634,297.18,0.59,0.52,2026-08-24,23:05:00,N20,nominal,2.0NRT,285.53,2.19,N,VIIRS
48.21914,38.085,313.01,0.41,0.45,2026-08-24,23:05:00,N20,nominal,2.0NRT,282.46,0.98,N,VIIRS
48.21865,38.0906,295.38,0.41,0.45,2026-08-24,23:05:00,N20,nominal,2.0NRT,282.67,0.89,N,VIIRS
48.2217,38.0071,296.96,0.41,0.45,2026-08-24,23:05:00,N20,nominal,2.0NRT,283.94,0.79,N,VIIRS
48.20165,37.6875,302.09,0.42,0.45,2026-08-24,23:05:00,N20,nominal,2.0NRT,284.82,1.03,N,VIIRS
48.19698,37.69244,308.32,0.42,0.45,2026-08-24,23:05:00,N20,nominal,2.0NRT,285.87,1.04,N,VIIRS
48.1928,37.6916,297.09,0.42,0.45,2026-08-24,23:05:00,N20,nominal,2.0NRT,284.76,1.04,N,VIIRS
48.19182,37.70306,307.15,0.42,0.45,2026-08-24,23:05:00,N20,nominal,2.0NRT,284.09,1.49,N,VIIRS
48.17002,37.90529,295.67,0.41,0.45,2026-08-24,23:05:00,N20,nominal,2.0NRT,281.63,0.32,N,VIIRS
48.20056,37.34414,305.37,0.44,0.46,2026-08-24,23:05:00,N20,nominal,2.0NRT,286.02,1.73,N,VIIRS
48.10096,37.92649,300.44,0.41,0.45,2026-08-24,23:05:00,N20,nominal,2.0NRT,286.19,0.68,N,VIIRS
48.05902,37.95144,305.6,0.41,0.45,2026-08-24,23:05:00,N20,nominal,2.0NRT,286.36,0.72,N,VIIRS
48.18215,36.07061,310.77,0.5,0.49,2026-08-24,23:05:00,N20,nominal,2.0NRT,282.83,1.72,N,VIIRS
48.04921,37.36393,319.58,0.44,0.46,2026-08-24,23:05:00,N20,nominal,2.0NRT,284.1,1.78,N,VIIRS
47.99487,37.96643,298.65,0.41,0.45,2026-08-24,23:05:00,N20,nominal,2.0NRT,283.76,0.39,N,VIIRS
47.96766,37.82453,305.12,0.41,0.45,2026-08-24,23:05:00,N20,nominal,2.0NRT,285.81,0.58,N,VIIRS
48.07465,35.82628,299.4,0.51,0.49,2026-08-24,23:05:00,N20,nominal,2.0NRT,283.51,0.74,N,VIIRS
48.03583,36.31718,295.44,0.48,0.48,2026-08-24,23:05:00,N20,nominal,2.0NRT,284.5,1.16,N,VIIRS
48.03537,36.3237,311.77,0.48,0.48,2026-08-24,23:05:00,N20,nominal,2.0NRT,284.08,1.38,N,VIIRS
47.83516,38.47265,304.53,0.39,0.44,2026-08-24,23:05:00,N20,nominal,2.0NRT,287.1,1.07,N,VIIRS
47.8546,37.84641,295.33,0.41,0.45,2026-08-24,23:05:00,N20,nominal,2.0NRT,281.81,0.96,N,VIIRS
47.85098,37.83988,298.65,0.41,0.45,2026-08-24,23:05:00,N20,nominal,2.0NRT,281.74,0.97,N,VIIRS
47.99731,35.87559,296.3,0.51,0.49,2026-08-24,23:05:00,N20,nominal,2.0NRT,283.29,0.78,N,VIIRS
48.22713,30.24362,298.93,0.47,0.64,2026-08-24,23:05:00,N20,nominal,2.0NRT,282.49,0.66,N,VIIRS
47.92045,35.78671,320.94,0.51,0.49,2026-08-24,23:05:00,N20,nominal,2.0NRT,282.1,1.52,N,VIIRS
47.92051,35.78743,319.99,0.51,0.49,2026-08-24,23:05:00,N20,nominal,2.0NRT,282.42,2.48,N,VIIRS
47.75073,37.71775,318.8,0.42,0.45,2026-08-24,23:05:00,N20,nominal,2.0NRT,284.67,1.84,N,VIIRS
47.73861,37.61283,307.83,0.42,0.45,2026-08-24,23:05:00,N20,nominal,2.0NRT,284.1,0.88,N,VIIRS
47.73867,37.35698,324.92,0.43,0.46,2026-08-24,23:05:00,N20,nominal,2.0NRT,283.16,1.97,N,VIIRS
47.66246,37.86404,300.67,0.41,0.45,2026-08-24,23:05:00,N20,nominal,2.0NRT,285.28,0.79,N,VIIRS
47.84058,35.2669,317.46,0.54,0.51,2026-08-24,23:05:00,N20,nominal,2.0NRT,286.14,2.18,N,VIIRS
47.71826,36.59921,302.01,0.47,0.48,2026-08-24,23:05:00,N20,nominal,2.0NRT,281.03,0.6,N,VIIRS
47.64497,37.30309,297.79,0.43,0.46,2026-08-24,23:05:00,N20,nominal,2.0NRT,281.73,0.71,N,VIIRS
47.87449,33.43552,301.7,0.33,0.55,2026-08-24,23:05:00,N20,nominal,2.0NRT,283.99,0.82,N,VIIRS
47.86896,33.44394,301.1,0.33,0.55,2026-08-24,23:05:00,N20,nominal,2.0NRT,284.14,1.1,N,VIIRS
47.70586,35.48793,295.8,0.52,0.5,2026-08-24,23:05:00,N20,nominal,2.0NRT,281.87,0.62,N,VIIRS
47.69025,35.2251,311.59,0.54,0.51,2026-08-24,23:05:00,N20,nominal,2.0NRT,284.18,2.25,N,VIIRS
47.68558,35.22429,317.71,0.54,0.51,2026-08-24,23:05:00,N20,nominal,2.0NRT,284.37,2.25,N,VIIRS
47.51835,37.17972,301.96,0.44,0.46,2026-08-24,23:05:00,N20,nominal,2.0NRT,283.35,1.13,N,VIIRS
47.65414,35.04214,296.59,0.55,0.51,2026-08-24,23:05:00,N20,nominal,2.0NRT,283.35,0.57,N,VIIRS
47.65295,35.04217,296.27,0.55,0.51,2026-08-24,23:05:00,N20,nominal,2.0NRT,283.45,1.11,N,VIIRS
47.51626,36.85219,296.83,0.45,0.47,2026-08-24,23:05:00,N20,nominal,2.0NRT,280.88,0.72,N,VIIRS
47.44818,37.65717,300.04,0.42,0.45,2026-08-24,23:05:00,N20,nominal,2.0NRT,286.15,0.78,N,VIIRS
47.44452,37.65078,303.26,0.42,0.45,2026-08-24,23:05:00,N20,nominal,2.0NRT,286.57,1.17,N,VIIRS
47.39715,38.13068,301.38,0.4,0.44,2026-08-24,23:05:00,N20,nominal,2.0NRT,285.45,0.4,N,VIIRS
47.4971,36.65023,296.65,0.46,0.47,2026-08-24,23:05:00,N20,nominal,2.0NRT,280.6,1.42,N,VIIRS
47.49662,36.65653,310.48,0.46,0.47,2026-08-24,23:05:00,N20,nominal,2.0NRT,282.28,1.42,N,VIIRS
47.40364,36.82052,304.13,0.45,0.47,2026-08-24,23:05:00,N20,nominal,2.0NRT,281.76,0.9,N,VIIRS
47.26389,37.77544,308.85,0.41,0.45,2026-08-24,23:05:00,N20,nominal,2.0NRT,284.49,1.25,N,VIIRS
47.42555,35.31818,295.42,0.53,0.5,2026-08-24,23:05:00,N20,nominal,2.0NRT,283.91,0.6,N,VIIRS
47.42271,35.31761,295.06,0.53,0.5,2026-08-24,23:05:00,N20,nominal,2.0NRT,283.77,0.55,N,VIIRS
47.32361,36.19275,301,0.48,0.48,2026-08-24,23:05:00,N20,nominal,2.0NRT,283.13,0.76,N,VIIRS
47.31151,36.29462,295.28,0.48,0.48,2026-08-24,23:05:00,N20,nominal,2.0NRT,282.55,0.95,N,VIIRS
47.3646,35.41616,299.01,0.52,0.5,2026-08-24,23:05:00,N20,nominal,2.0NRT,281.97,0.66,N,VIIRS
47.20269,37.53875,302.22,0.42,0.45,2026-08-24,23:05:00,N20,nominal,2.0NRT,282.44,0.41,N,VIIRS
47.25415,36.86517,340.76,0.45,0.47,2026-08-24,23:05:00,N20,nominal,2.0NRT,289.58,8.59,N,VIIRS
47.35973,34.89766,304.46,0.55,0.51,2026-08-24,23:05:00,N20,nominal,2.0NRT,283.56,1.61,N,VIIRS
47.26911,36.13718,304.21,0.49,0.48,2026-08-24,23:05:00,N20,nominal,2.0NRT,283.33,0.85,N,VIIRS
47.35906,34.89893,303.31,0.55,0.51,2026-08-24,23:05:00,N20,nominal,2.0NRT,283.11,1.03,N,VIIRS
47.27109,36.13783,304.14,0.48,0.48,2026-08-24,23:05:00,N20,nominal,2.0NRT,284.18,1.18,N,VIIRS
47.14934,37.36351,295.76,0.43,0.46,2026-08-24,23:05:00,N20,nominal,2.0NRT,284.34,0.29,N,VIIRS
47.24741,34.61206,300.47,0.57,0.52,2026-08-24,23:05:00,N20,nominal,2.0NRT,283.04,0.62,N,VIIRS
47.2426,34.61155,296.01,0.57,0.52,2026-08-24,23:05:00,N20,nominal,2.0NRT,283.64,0.62,N,VIIRS
47.17077,35.6876,316.98,0.51,0.49,2026-08-24,23:05:00,N20,nominal,2.0NRT,284.47,2.39,N,VIIRS
44.52732,34.12283,319.71,0.57,0.52,2026-08-24,23:07:00,N20,nominal,2.0NRT,288.68,3.07,N,VIIRS
44.53138,34.13411,319.91,0.57,0.52,2026-08-24,23:07:00,N20,nominal,2.0NRT,289.83,5.45,N,VIIRS
44.53206,34.12409,299.69,0.57,0.52,2026-08-24,23:07:00,N20,nominal,2.0NRT,286.53,2.14,N,VIIRS
44.53171,34.12923,343.64,0.57,0.52,2026-08-24,23:07:00,N20,nominal,2.0NRT,290.71,5.45,N,VIIRS
44.53653,34.12936,317.88,0.57,0.52,2026-08-24,23:07:00,N20,nominal,2.0NRT,288.53,5.45,N,VIIRS
44.53617,34.13467,334.95,0.57,0.52,2026-08-24,23:07:00,N20,nominal,2.0NRT,290.74,5.45,N,VIIRS
44.5312,34.13416,307.13,0.57,0.52,2026-08-24,23:07:00,N20,nominal,2.0NRT,289.91,4.72,N,VIIRS
44.53184,34.12413,302.92,0.57,0.52,2026-08-24,23:07:00,N20,nominal,2.0NRT,286.7,5.59,N,VIIRS
44.53151,34.1293,338.9,0.57,0.52,2026-08-24,23:07:00,N20,nominal,2.0NRT,290.69,5.59,N,VIIRS
44.53599,34.1347,338.12,0.57,0.52,2026-08-24,23:07:00,N20,nominal,2.0NRT,291.04,4.72,N,VIIRS
44.53633,34.12943,330.53,0.57,0.52,2026-08-24,23:07:00,N20,nominal,2.0NRT,288.91,5.59,N,VIIRS
44.77394,33.85756,298.73,0.59,0.53,2026-08-24,23:07:00,N20,nominal,2.0NRT,286.53,0.82,N,VIIRS
