latitude,longitude,bright_ti4,scan,track,acq_date,acq_time,satellite,confidence,version,bright_ti5,frp,daynight,instrument
51.7639,30.90469,302.75,0.35,0.57,2026-08-13,01:09:00,N20,nominal,2.0NRT,277.25,0.8,N,VIIRS
49.89648,36.9968,306.49,0.7,0.75,2026-08-13,01:09:00,N20,nominal,2.0NRT,283.68,2.19,N,VIIRS
49.8987,36.99504,300.62,0.7,0.75,2026-08-13,01:09:00,N20,nominal,2.0NRT,284.56,3.25,N,VIIRS
50.30701,36.23677,295.9,0.64,0.72,2026-08-13,01:09:00,N20,nominal,2.0NRT,278.8,0.77,N,VIIRS
50.08757,36.83903,300.68,0.68,0.74,2026-08-13,01:09:00,N20,nominal,2.0NRT,281.93,2.16,N,VIIRS
50.09021,36.84101,297.3,0.68,0.74,2026-08-13,01:09:00,N20,nominal,2.0NRT,281.44,1.76,N,VIIRS
47.15621,34.61143,297.73,0.72,0.75,2026-08-13,01:09:00,N20,nominal,2.0NRT,282.95,0.76,N,VIIRS
47.93151,32.73101,303.2,0.56,0.69,2026-08-13,01:09:00,N20,nominal,2.0NRT,281.59,1.89,N,VIIRS
47.93952,32.72855,302.27,0.56,0.69,2026-08-13,01:09:00,N20,nominal,2.0NRT,281.54,1.93,N,VIIRS
47.86628,33.42975,299.57,0.61,0.71,2026-08-13,01:09:00,N20,nominal,2.0NRT,284.1,1.73,N,VIIRS
47.86704,33.44867,295.2,0.61,0.71,2026-08-13,01:09:00,N20,nominal,2.0NRT,284.04,1.29,N,VIIRS
47.86957,33.44145,300.01,0.61,0.71,2026-08-13,01:09:00,N20,nominal,2.0NRT,284.44,1.29,N,VIIRS
47.88466,33.39831,295.84,0.6,0.71,2026-08-13,01:09:00,N20,nominal,2.0NRT,284.49,1.47,N,VIIRS
47.86746,33.42889,297.9,0.61,0.71,2026-08-13,01:09:00,N20,nominal,2.0NRT,284.07,2.27,N,VIIRS
47.88028,33.39285,295.83,0.6,0.71,2026-08-13,01:09:00,N20,nominal,2.0NRT,285.29,1.08,N,VIIRS
47.86818,33.4477,317.01,0.61,0.71,2026-08-13,01:09:00,N20,nominal,2.0NRT,285.01,3.52,N,VIIRS
47.87073,33.44054,308.3,0.61,0.71,2026-08-13,01:09:00,N20,nominal,2.0NRT,285.19,2.27,N,VIIRS
47.65618,35.24847,303.48,0.73,0.76,2026-08-13,01:09:00,N20,nominal,2.0NRT,285.97,2.16,N,VIIRS
47.65927,35.24021,308.23,0.73,0.76,2026-08-13,01:09:00,N20,nominal,2.0NRT,284.61,2.16,N,VIIRS
47.66209,35.27562,298.01,0.73,0.76,2026-08-13,01:09:00,N20,nominal,2.0NRT,284.55,0.74,N,VIIRS
47.66302,35.27239,297.84,0.73,0.76,2026-08-13,01:09:00,N20,nominal,2.0NRT,284.56,0.78,N,VIIRS
50.54609,26.26213,302.28,0.5,0.49,2026-08-13,01:09:00,N20,nominal,2.0NRT,282.84,1.7,N,VIIRS
48.10481,36.24871,298.16,0.77,0.77,2026-08-13,01:09:00,N20,nominal,2.0NRT,281.78,1.43,N,VIIRS
48.54659,37.021,309.74,0.8,0.78,2026-08-13,01:09:00,N20,nominal,2.0NRT,280.75,2.42,N,VIIRS
48.54451,37.0168,307.86,0.79,0.78,2026-08-13,01:09:00,N20,nominal,2.0NRT,281.07,3.52,N,VIIRS
51.47675,30.62086,309.89,0.35,0.57,2026-08-13,01:09:00,N20,nominal,2.0NRT,277.65,0.83,N,VIIRS
51.47813,30.61628,299.7,0.35,0.57,2026-08-13,01:09:00,N20,nominal,2.0NRT,276.79,0.83,N,VIIRS
46.13465,32.60396,301.74,0.64,0.72,2026-08-13,01:11:00,N20,nominal,2.0NRT,285.44,2.16,N,VIIRS
46.1373,32.59647,313.08,0.64,0.72,2026-08-13,01:11:00,N20,nominal,2.0NRT,285.67,3.75,N,VIIRS
46.32334,32.12915,303.79,0.61,0.71,2026-08-13,01:11:00,N20,nominal,2.0NRT,286.24,2.04,N,VIIRS
46.3292,32.13337,299.57,0.61,0.71,2026-08-13,01:11:00,N20,nominal,2.0NRT,285.3,1.73,N,VIIRS
46.33165,32.12629,299.54,0.6,0.71,2026-08-13,01:11:00,N20,nominal,2.0NRT,285.49,1.73,N,VIIRS
46.93,30.33887,302.51,0.48,0.65,2026-08-13,01:11:00,N20,nominal,2.0NRT,283.24,1.08,N,VIIRS
46.33751,32.13051,318.77,0.6,0.71,2026-08-13,01:11:00,N20,nominal,2.0NRT,285.7,1.73,N,VIIRS
46.49486,31.8616,300.15,0.58,0.7,2026-08-13,01:11:00,N20,nominal,2.0NRT,287.48,1.53,N,VIIRS
46.50063,31.86577,322.38,0.58,0.7,2026-08-13,01:11:00,N20,nominal,2.0NRT,288.63,1.53,N,VIIRS
46.49737,31.8624,327.07,0.58,0.7,2026-08-13,01:11:00,N20,nominal,2.0NRT,288.26,3.04,N,VIIRS
46.71755,31.58628,305.85,0.56,0.69,2026-08-13,01:11:00,N20,nominal,2.0NRT,284.14,1.27,N,VIIRS
45.85826,34.44774,311.59,0.79,0.78,2026-08-13,01:11:00,N20,nominal,2.0NRT,287.2,2.16,N,VIIRS
45.86462,34.45264,297.6,0.79,0.78,2026-08-13,01:11:00,N20,nominal,2.0NRT,286.49,4.57,N,VIIRS
45.87435,34.44854,319.65,0.79,0.78,2026-08-13,01:11:00,N20,nominal,2.0NRT,286.98,7.41,N,VIIRS
45.87097,34.45755,331.8,0.79,0.78,2026-08-13,01:11:00,N20,nominal,2.0NRT,288.46,4.57,N,VIIRS
46.16468,33.81427,307.07,0.72,0.76,2026-08-13,01:11:00,N20,nominal,2.0NRT,286.49,1.37,N,VIIRS
48.97784,24.7104,314.36,0.48,0.48,2026-08-13,01:11:00,N20,nominal,2.0NRT,286.03,1.91,N,VIIRS
46.16555,33.81411,306.68,0.72,0.76,2026-08-13,01:11:00,N20,nominal,2.0NRT,286.72,2.49,N,VIIRS
46.60181,32.79517,295.29,0.63,0.72,2026-08-13,01:11:00,N20,nominal,2.0NRT,284.44,1.31,N,VIIRS
47.65499,29.86499,297.32,0.44,0.62,2026-08-13,01:11:00,N20,nominal,2.0NRT,281.86,0.81,N,VIIRS
47.52105,30.52924,298.79,0.47,0.64,2026-08-13,01:11:00,N20,nominal,2.0NRT,282.08,0.62,N,VIIRS
47.76549,29.8471,304.88,0.43,0.62,2026-08-13,01:11:00,N20,nominal,2.0NRT,283.74,1.16,N,VIIRS
47.64846,30.25582,306.84,0.45,0.63,2026-08-13,01:11:00,N20,nominal,2.0NRT,281.7,1.25,N,VIIRS
47.77596,29.85405,303.17,0.43,0.62,2026-08-13,01:11:00,N20,nominal,2.0NRT,282.54,1.38,N,VIIRS
47.76564,29.90692,303.67,0.44,0.62,2026-08-13,01:11:00,N20,nominal,2.0NRT,281.22,0.86,N,VIIRS
47.77774,29.8685,305.02,0.43,0.62,2026-08-13,01:11:00,N20,nominal,2.0NRT,282.67,1.38,N,VIIRS
48.74995,26.60576,295.27,0.59,0.53,2026-08-13,01:11:00,N20,nominal,2.0NRT,284.58,1.24,N,VIIRS
46.98853,32.45007,295.55,0.59,0.7,2026-08-13,01:11:00,N20,nominal,2.0NRT,283.8,0.81,N,VIIRS
46.31249,34.36597,301.1,0.75,0.77,2026-08-13,01:11:00,N20,nominal,2.0NRT,284.68,0.94,N,VIIRS
47.59359,30.65127,312.93,0.47,0.64,2026-08-13,01:11:00,N20,nominal,2.0NRT,283.55,2.42,N,VIIRS
47.59732,30.63964,302.01,0.47,0.64,2026-08-13,01:11:00,N20,nominal,2.0NRT,283.18,0.97,N,VIIRS
46.98467,32.44588,299.35,0.59,0.7,2026-08-13,01:11:00,N20,nominal,2.0NRT,283.27,1,N,VIIRS
47.59246,30.65098,312.82,0.47,0.64,2026-08-13,01:11:00,N20,nominal,2.0NRT,283.84,1.61,N,VIIRS
47.59626,30.63935,304.36,0.47,0.64,2026-08-13,01:11:00,N20,nominal,2.0NRT,283.7,1.82,N,VIIRS
47.63023,30.65667,307.02,0.47,0.64,2026-08-13,01:11:00,N20,nominal,2.0NRT,283.85,1.19,N,VIIRS
47.63209,30.65093,297.54,0.47,0.64,2026-08-13,01:11:00,N20,nominal,2.0NRT,283.23,1.19,N,VIIRS
46.88867,32.90749,298.39,0.62,0.72,2026-08-13,01:11:00,N20,nominal,2.0NRT,283.33,0.68,N,VIIRS
46.89126,32.90016,296.24,0.62,0.72,2026-08-13,01:11:00,N20,nominal,2.0NRT,283.45,0.68,N,VIIRS
46.29627,34.62155,300.28,0.77,0.77,2026-08-13,01:11:00,N20,nominal,2.0NRT,284.77,0.89,N,VIIRS
46.30258,34.62647,297.06,0.77,0.77,2026-08-13,01:11:00,N20,nominal,2.0NRT,284.79,0.89,N,VIIRS
46.27187,34.73016,300.25,0.78,0.78,2026-08-13,01:11:00,N20,nominal,2.0NRT,283.94,1.22,N,VIIRS
46.30113,34.62439,304,0.77,0.77,2026-08-13,01:11:00,N20,nominal,2.0NRT,284.71,1.21,N,VIIRS
46.30744,34.6293,295.26,0.77,0.77,2026-08-13,01:11:00,N20,nominal,2.0NRT,284.43,1.21,N,VIIRS
48.09747,29.43698,298.25,0.41,0.6,2026-08-13,01:11:00,N20,nominal,2.0NRT,282.43,0.57,N,VIIRS
46.27637,34.73252,299.7,0.78,0.78,2026-08-13,01:11:00,N20,nominal,2.0NRT,284.24,1.44,N,VIIRS
47.75983,31.02313,295.01,0.49,0.65,2026-08-13,01:11:00,N20,nominal,2.0NRT,283.3,0.39,N,VIIRS
46.48077,34.87761,296.96,0.78,0.78,2026-08-13,01:11:00,N20,nominal,2.0NRT,283.8,0.72,N,VIIRS
47.391,32.4175,297.26,0.57,0.69,2026-08-13,01:11:00,N20,nominal,2.0NRT,281.85,1.34,N,VIIRS
46.48703,34.87567,298.83,0.78,0.78,2026-08-13,01:11:00,N20,nominal,2.0NRT,283.45,1.11,N,VIIRS
47.38706,32.41964,299.46,0.57,0.69,2026-08-13,01:11:00,N20,nominal,2.0NRT,283.26,0.91,N,VIIRS
47.04952,33.87634,297.51,0.68,0.74,2026-08-13,01:11:00,N20,nominal,2.0NRT,284.02,0.61,N,VIIRS
47.0555,33.88118,297.08,0.68,0.74,2026-08-13,01:11:00,N20,nominal,2.0NRT,284.16,0.61,N,VIIRS
47.09426,33.88072,303.25,0.67,0.74,2026-08-13,01:11:00,N20,nominal,2.0NRT,284.47,1.13,N,VIIRS
47.09145,33.87808,298.64,0.67,0.74,2026-08-13,01:11:00,N20,nominal,2.0NRT,284.64,0.6,N,VIIRS
47.09755,33.88256,297.16,0.67,0.74,2026-08-13,01:11:00,N20,nominal,2.0NRT,284.57,0.6,N,VIIRS
46.09348,29.17148,311.43,0.46,0.63,2026-08-13,01:11:00,N20,nominal,2.0NRT,284.91,1.74,N,VIIRS
46.09962,29.16972,296.83,0.46,0.63,2026-08-13,01:11:00,N20,nominal,2.0NRT,284.33,1.31,N,VIIRS
46.092529999999996,29.17188,307.42,0.46,0.63,2026-08-13,01:11:00,N20,nominal,2.0NRT,284.62,1.58,N,VIIRS
45.86961,29.652,325.3,0.49,0.65,2026-08-13,01:11:00,N20,nominal,2.0NRT,285.34,3.13,N,VIIRS
45.87129,29.64675,296.01,0.49,0.65,2026-08-13,01:11:00,N20,nominal,2.0NRT,282.46,1.69,N,VIIRS
45.43347,28.34447,324.13,0.44,0.63,2026-08-13,01:11:00,N20,nominal,2.0NRT,285.34,3.12,N,VIIRS
46.32983,31.93568,300.56,0.59,0.7,2026-08-13,01:11:00,N20,nominal,2.0NRT,286.66,1.35,N,VIIRS
46.13132,32.5964,305.71,0.64,0.72,2026-08-13,01:11:00,N20,nominal,2.0NRT,285.51,1.15,N,VIIRS
46.13729,32.60076,315.43,0.64,0.72,2026-08-13,01:11:00,N20,nominal,2.0NRT,286.07,2.42,N,VIIRS
46.32673,31.93025,300.42,0.59,0.7,2026-08-13,01:11:00,N20,nominal,2.0NRT,286.48,1.51,N,VIIRS
45.27236,36.37383,355.28,0.61,0.71,2026-08-13,09:15:00,N20,nominal,2.0NRT,299.78,14.2,D,VIIRS
45.27831,36.3699,330.92,0.61,0.71,2026-08-13,09:15:00,N20,nominal,2.0NRT,299.63,14.2,D,VIIRS
47.50632,36.62603,335.6,0.5,0.66,2026-08-13,09:17:00,N20,nominal,2.0NRT,300.8,5.69,D,VIIRS
47.92175,37.53339,337.04,0.44,0.63,2026-08-13,09:17:00,N20,nominal,2.0NRT,300.67,5.12,D,VIIRS
46.99876,34.78947,333.37,0.62,0.72,2026-08-13,09:17:00,N20,nominal,2.0NRT,299.47,4.02,D,VIIRS
47.35874,35.63792,367,0.56,0.69,2026-08-13,09:17:00,N20,high,2.0NRT,301.51,13.47,D,VIIRS
47.35659,35.63158,337.72,0.56,0.69,2026-08-13,09:17:00,N20,nominal,2.0NRT,301.03,12.49,D,VIIRS
47.36459,35.63427,367,0.56,0.69,2026-08-13,09:17:00,N20,high,2.0NRT,305.3,11.68,D,VIIRS
48.68816,38.02372,347.11,0.4,0.6,2026-08-13,09:17:00,N20,nominal,2.0NRT,297.24,7.89,D,VIIRS
48.14041,36.3065,328.2,0.49,0.65,2026-08-13,09:17:00,N20,nominal,2.0NRT,294.04,2.24,D,VIIRS
47.23535,33.70115,347.31,0.68,0.74,2026-08-13,09:17:00,N20,nominal,2.0NRT,300.79,15.76,D,VIIRS
47.24141,33.69651,367,0.68,0.74,2026-08-13,09:17:00,N20,high,2.0NRT,300.29,15.76,D,VIIRS
48.69472,38.02516,334.2,0.4,0.6,2026-08-13,09:17:00,N20,nominal,2.0NRT,295.32,3.9,D,VIIRS
48.60144,37.60364,329.15,0.42,0.61,2026-08-13,09:17:00,N20,nominal,2.0NRT,300.58,2.63,D,VIIRS
48.59974,37.59816,327.93,0.42,0.61,2026-08-13,09:17:00,N20,nominal,2.0NRT,301.63,2.63,D,VIIRS
48.7322,37.98784,326.98,0.4,0.6,2026-08-13,09:17:00,N20,nominal,2.0NRT,296.65,2.31,D,VIIRS
47.30756,33.66545,336.25,0.68,0.74,2026-08-13,09:17:00,N20,nominal,2.0NRT,299.68,4.14,D,VIIRS
47.20787,33.34769,342.4,0.7,0.75,2026-08-13,09:17:00,N20,nominal,2.0NRT,301.05,7.24,D,VIIRS
47.03645,32.88158,330.2,0.74,0.76,2026-08-13,09:17:00,N20,low,2.0NRT,301.39,5.24,D,VIIRS
48.85858,38.24539,367,0.39,0.59,2026-08-13,09:17:00,N20,high,2.0NRT,302.27,12.21,D,VIIRS
48.16809,36.02037,345.88,0.5,0.66,2026-08-13,09:17:00,N20,nominal,2.0NRT,296.41,7.2,D,VIIRS
48.16609,36.01423,342.45,0.5,0.66,2026-08-13,09:17:00,N20,nominal,2.0NRT,297.89,7.91,D,VIIRS
47.40352,33.78278,346.23,0.66,0.73,2026-08-13,09:17:00,N20,nominal,2.0NRT,297.33,7.26,D,VIIRS
48.17758,36.02862,367,0.5,0.66,2026-08-13,09:17:00,N20,high,2.0NRT,296.11,8.33,D,VIIRS
48.17557,36.02246,327.3,0.5,0.66,2026-08-13,09:17:00,N20,nominal,2.0NRT,294.97,7.2,D,VIIRS
48.85575,38.24751,351.25,0.39,0.59,2026-08-13,09:17:00,N20,nominal,2.0NRT,297.57,5.52,D,VIIRS
47.20195,33.3486,342.12,0.7,0.75,2026-08-13,09:17:00,N20,nominal,2.0NRT,301.11,7.83,D,VIIRS
48.86081,38.24435,367,0.39,0.59,2026-08-13,09:17:00,N20,high,2.0NRT,299.59,6.73,D,VIIRS
48.85928,38.23933,330.92,0.39,0.59,2026-08-13,09:17:00,N20,nominal,2.0NRT,300.38,3.77,D,VIIRS
47.03463,32.87957,335.95,0.74,0.76,2026-08-13,09:17:00,N20,nominal,2.0NRT,301.24,5.14,D,VIIRS
48.16883,36.01519,367,0.5,0.66,2026-08-13,09:17:00,N20,high,2.0NRT,298.47,11.28,D,VIIRS
48.17086,36.02129,341.24,0.5,0.66,2026-08-13,09:17:00,N20,nominal,2.0NRT,296.37,8.55,D,VIIRS
48.1804,36.02951,367,0.5,0.66,2026-08-13,09:17:00,N20,high,2.0NRT,294.86,11.02,D,VIIRS
48.17836,36.02339,337.07,0.5,0.66,2026-08-13,09:17:00,N20,nominal,2.0NRT,294.98,9.49,D,VIIRS
47.40579,33.77744,331.21,0.66,0.73,2026-08-13,09:17:00,N20,nominal,2.0NRT,299.68,8.13,D,VIIRS
47.3668,35.64078,339.12,0.56,0.69,2026-08-13,09:17:00,N20,nominal,2.0NRT,302.46,11.68,D,VIIRS
47.36239,35.62778,330.5,0.56,0.69,2026-08-13,09:17:00,N20,nominal,2.0NRT,301.9,14.38,D,VIIRS
46.69562,33.73407,354.72,0.71,0.75,2026-08-13,09:17:00,N20,nominal,2.0NRT,299.49,15.08,D,VIIRS
46.69259,33.7258,352.08,0.71,0.75,2026-08-13,09:17:00,N20,nominal,2.0NRT,300.88,15.08,D,VIIRS
47.77458,36.85118,367,0.48,0.65,2026-08-13,09:17:00,N20,high,2.0NRT,300.63,10.09,D,VIIRS
46.70175,33.72936,352.57,0.71,0.75,2026-08-13,09:17:00,N20,nominal,2.0NRT,298.29,15.08,D,VIIRS
46.68972,33.69637,349.98,0.71,0.75,2026-08-13,09:17:00,N20,nominal,2.0NRT,302.62,9.65,D,VIIRS
46.68673,33.68817,330.83,0.71,0.75,2026-08-13,09:17:00,N20,low,2.0NRT,300.85,9.65,D,VIIRS
47.78375,36.85904,346.36,0.48,0.65,2026-08-13,09:17:00,N20,nominal,2.0NRT,297.66,9.16,D,VIIRS
47.78186,36.8532,335.64,0.48,0.65,2026-08-13,09:17:00,N20,nominal,2.0NRT,301.94,8.07,D,VIIRS
46.7079,33.72467,339.21,0.71,0.75,2026-08-13,09:17:00,N20,nominal,2.0NRT,302.64,13.27,D,VIIRS
48.2242,38.24212,367,0.41,0.6,2026-08-13,09:17:00,N20,high,2.0NRT,299.96,8.66,D,VIIRS
47.78912,36.85516,367,0.48,0.65,2026-08-13,09:17:00,N20,high,2.0NRT,300.14,9.16,D,VIIRS
47.78725,36.84934,332.49,0.48,0.65,2026-08-13,09:17:00,N20,nominal,2.0NRT,302.03,8.07,D,VIIRS
46.70505,33.69528,346.62,0.71,0.75,2026-08-13,09:17:00,N20,nominal,2.0NRT,303.72,17.44,D,VIIRS
47.79448,36.85124,367,0.48,0.65,2026-08-13,09:17:00,N20,high,2.0NRT,303.45,9.1,D,VIIRS
47.96755,37.39429,353.05,0.45,0.63,2026-08-13,09:17:00,N20,nominal,2.0NRT,298.71,7.18,D,VIIRS
47.96585,37.38892,331.11,0.45,0.63,2026-08-13,09:17:00,N20,nominal,2.0NRT,298.09,7.26,D,VIIRS
47.79985,36.84732,344.94,0.48,0.65,2026-08-13,09:17:00,N20,nominal,2.0NRT,303.3,9.1,D,VIIRS
46.72639,33.71076,331.31,0.71,0.75,2026-08-13,09:17:00,N20,nominal,2.0NRT,300.04,3.98,D,VIIRS
47.80521,36.84341,367,0.48,0.65,2026-08-13,09:17:00,N20,high,2.0NRT,300.15,12.45,D,VIIRS
46.27625,34.73546,345.24,0.66,0.73,2026-08-13,09:17:00,N20,nominal,2.0NRT,301.41,8.64,D,VIIRS
46.68194,35.92416,330.77,0.57,0.69,2026-08-13,09:17:00,N20,nominal,2.0NRT,303.15,3.3,D,VIIRS
46.67962,35.91738,342.86,0.57,0.69,2026-08-13,09:17:00,N20,nominal,2.0NRT,303.55,6.91,D,VIIRS
47.7995,36.82567,367,0.48,0.65,2026-08-13,09:17:00,N20,high,2.0NRT,302.14,10.18,D,VIIRS
47.80867,36.83356,329.32,0.48,0.65,2026-08-13,09:17:00,N20,nominal,2.0NRT,299.4,7.11,D,VIIRS
48.85645,38.11124,334.95,0.39,0.59,2026-08-13,09:17:00,N20,nominal,2.0NRT,298.22,3.21,D,VIIRS
48.85486,38.10604,334.78,0.39,0.59,2026-08-13,09:17:00,N20,nominal,2.0NRT,296.11,3.21,D,VIIRS
48.16106,35.93036,335.72,0.51,0.66,2026-08-13,09:17:00,N20,nominal,2.0NRT,297.81,6.21,D,VIIRS
48.15902,35.92424,355.98,0.51,0.66,2026-08-13,09:17:00,N20,nominal,2.0NRT,300.02,6.21,D,VIIRS
48.16653,35.92625,327.8,0.51,0.66,2026-08-13,09:17:00,N20,nominal,2.0NRT,297.17,6.21,D,VIIRS
49.08606,38.81689,367,0.36,0.57,2026-08-13,09:17:00,N20,high,2.0NRT,300.34,9.85,D,VIIRS
47.73685,34.56083,329.3,0.6,0.71,2026-08-13,09:17:00,N20,nominal,2.0NRT,294.2,7.02,D,VIIRS
47.49574,33.85715,341.07,0.65,0.73,2026-08-13,09:17:00,N20,nominal,2.0NRT,296.87,5.62,D,VIIRS
47.48505,33.80597,329.42,0.66,0.73,2026-08-13,09:17:00,N20,nominal,2.0NRT,296.22,4.47,D,VIIRS
48.28144,35.98584,327.33,0.5,0.66,2026-08-13,09:17:00,N20,nominal,2.0NRT,292.85,3.95,D,VIIRS
48.27936,35.97944,346.47,0.5,0.66,2026-08-13,09:17:00,N20,nominal,2.0NRT,296.54,5.71,D,VIIRS
48.27351,35.96156,330.08,0.5,0.66,2026-08-13,09:17:00,N20,nominal,2.0NRT,296.25,5.27,D,VIIRS
47.49803,33.84875,337.85,0.65,0.73,2026-08-13,09:17:00,N20,nominal,2.0NRT,299.67,5.78,D,VIIRS
48.2706,35.9643,329.79,0.5,0.66,2026-08-13,09:17:00,N20,nominal,2.0NRT,296.81,2.25,D,VIIRS
48.28204,35.97823,354.1,0.5,0.66,2026-08-13,09:17:00,N20,nominal,2.0NRT,297.12,8.51,D,VIIRS
48.27613,35.96046,347.73,0.5,0.66,2026-08-13,09:17:00,N20,nominal,2.0NRT,296.5,10.03,D,VIIRS
48.90469,37.72522,330.25,0.4,0.6,2026-08-13,09:17:00,N20,nominal,2.0NRT,295.2,2.67,D,VIIRS
49.01183,38.03726,337.11,0.39,0.59,2026-08-13,09:17:00,N20,nominal,2.0NRT,297.48,4.18,D,VIIRS
48.96299,37.85601,339.58,0.4,0.6,2026-08-13,09:17:00,N20,nominal,2.0NRT,301.9,4.46,D,VIIRS
48.96326,37.85332,328.64,0.4,0.6,2026-08-13,09:17:00,N20,low,2.0NRT,300.8,4.09,D,VIIRS
47.82124,34.10072,332.44,0.62,0.72,2026-08-13,09:17:00,N20,nominal,2.0NRT,298.6,7.86,D,VIIRS
47.83751,34.12568,367,0.62,0.71,2026-08-13,09:17:00,N20,high,2.0NRT,298.47,11.84,D,VIIRS
48.59325,36.2603,327.37,0.48,0.64,2026-08-13,09:17:00,N20,nominal,2.0NRT,298.95,2.55,D,VIIRS
49.16995,38.09446,350.61,0.38,0.59,2026-08-13,09:17:00,N20,nominal,2.0NRT,292.34,5.49,D,VIIRS
47.83854,34.12793,351.94,0.62,0.71,2026-08-13,09:17:00,N20,nominal,2.0NRT,295.76,11.61,D,VIIRS
47.82804,34.09866,328.86,0.62,0.71,2026-08-13,09:17:00,N20,nominal,2.0NRT,296.72,6.2,D,VIIRS
49.1725,38.09196,353.15,0.38,0.59,2026-08-13,09:17:00,N20,nominal,2.0NRT,293.53,6.46,D,VIIRS
48.59252,36.26157,328.57,0.48,0.64,2026-08-13,09:17:00,N20,nominal,2.0NRT,298.67,2.06,D,VIIRS
49.16668,37.9543,328.53,0.39,0.59,2026-08-13,09:17:00,N20,nominal,2.0NRT,298.11,3.17,D,VIIRS
47.8886,33.99533,341.49,0.62,0.72,2026-08-13,09:17:00,N20,nominal,2.0NRT,294.71,7.71,D,VIIRS
49.25723,37.90648,332.22,0.39,0.59,2026-08-13,09:17:00,N20,nominal,2.0NRT,293.45,2.93,D,VIIRS
49.10098,37.30066,327.37,0.42,0.61,2026-08-13,09:17:00,N20,nominal,2.0NRT,292.26,1.6,D,VIIRS
48.99707,36.9492,351.59,0.43,0.62,2026-08-13,09:17:00,N20,nominal,2.0NRT,298.57,5.67,D,VIIRS
49.18729,37.51933,326.57,0.4,0.6,2026-08-13,09:17:00,N20,nominal,2.0NRT,295.46,2.39,D,VIIRS
48.8707,36.49115,331.25,0.46,0.63,2026-08-13,09:17:00,N20,nominal,2.0NRT,298.65,4.18,D,VIIRS
49.21632,36.77573,348.86,0.43,0.62,2026-08-13,09:17:00,N20,nominal,2.0NRT,298.25,5.61,D,VIIRS
49.22158,36.77222,331.46,0.43,0.62,2026-08-13,09:17:00,N20,nominal,2.0NRT,295.5,2.47,D,VIIRS
49.21987,36.76679,327.82,0.43,0.62,2026-08-13,09:17:00,N20,nominal,2.0NRT,298.18,2.47,D,VIIRS
47.86334,32.71648,333.31,0.71,0.75,2026-08-13,09:17:00,N20,nominal,2.0NRT,294.81,7.54,D,VIIRS
49.21928,36.77361,367,0.43,0.62,2026-08-13,09:17:00,N20,high,2.0NRT,299.54,10.65,D,VIIRS
47.86621,32.71917,349.63,0.7,0.75,2026-08-13,09:17:00,N20,nominal,2.0NRT,295.89,9.57,D,VIIRS
48.93627,35.62093,326.42,0.49,0.65,2026-08-13,09:17:00,N20,low,2.0NRT,299.69,2.67,D,VIIRS
47.93643,32.73792,329.65,0.7,0.75,2026-08-13,09:17:00,N20,nominal,2.0NRT,293.93,7.11,D,VIIRS
49.62377,37.69504,326.67,0.38,0.59,2026-08-13,09:17:00,N20,nominal,2.0NRT,293.81,2.39,D,VIIRS
47.93524,32.72974,335.74,0.7,0.75,2026-08-13,09:17:00,N20,nominal,2.0NRT,298.04,11.17,D,VIIRS
47.80677,36.82764,330.55,0.48,0.65,2026-08-13,09:17:00,N20,nominal,2.0NRT,298.03,7.11,D,VIIRS
47.09269,34.6539,330.45,0.63,0.72,2026-08-13,09:17:00,N20,nominal,2.0NRT,299.83,3.01,D,VIIRS
46.69663,33.54221,335.14,0.72,0.76,2026-08-13,09:17:00,N20,nominal,2.0NRT,299.18,3.97,D,VIIRS
47.83388,36.82962,335.26,0.48,0.65,2026-08-13,09:17:00,N20,nominal,2.0NRT,296.47,1.54,D,VIIRS
48.18943,37.94617,332.62,0.42,0.61,2026-08-13,09:17:00,N20,nominal,2.0NRT,302.15,4.3,D,VIIRS
47.84301,36.83747,339.59,0.48,0.65,2026-08-13,09:17:00,N20,nominal,2.0NRT,296.42,4.65,D,VIIRS
47.83926,36.82576,344.71,0.48,0.65,2026-08-13,09:17:00,N20,nominal,2.0NRT,297.88,5.31,D,VIIRS
47.82655,36.78602,354.31,0.48,0.65,2026-08-13,09:17:00,N20,nominal,2.0NRT,299.65,7.1,D,VIIRS
47.82465,36.78009,350.37,0.48,0.65,2026-08-13,09:17:00,N20,nominal,2.0NRT,301.66,9.47,D,VIIRS
46.99177,34.28017,367,0.65,0.73,2026-08-13,09:17:00,N20,high,2.0NRT,302.17,14.85,D,VIIRS
47.83194,36.78214,331.66,0.48,0.65,2026-08-13,09:17:00,N20,nominal,2.0NRT,300.81,7.1,D,VIIRS
46.98905,34.27245,356.23,0.66,0.73,2026-08-13,09:17:00,N20,nominal,2.0NRT,304.24,14.85,D,VIIRS
46.72898,33.71276,333.23,0.71,0.75,2026-08-13,09:17:00,N20,nominal,2.0NRT,300.02,4.73,D,VIIRS
48.18839,37.94607,331.57,0.42,0.61,2026-08-13,09:17:00,N20,nominal,2.0NRT,301.41,3.38,D,VIIRS
47.83826,36.82678,367,0.48,0.65,2026-08-13,09:17:00,N20,high,2.0NRT,299.18,10.52,D,VIIRS
47.84205,36.83844,341.03,0.48,0.65,2026-08-13,09:17:00,N20,nominal,2.0NRT,297.27,2.29,D,VIIRS
47.82345,36.78134,354.29,0.48,0.65,2026-08-13,09:17:00,N20,nominal,2.0NRT,301.06,8.1,D,VIIRS
46.6956,33.53673,332.64,0.72,0.76,2026-08-13,09:17:00,N20,nominal,2.0NRT,301.23,5.94,D,VIIRS
47.83076,36.78337,367,0.48,0.65,2026-08-13,09:17:00,N20,high,2.0NRT,301.34,8.1,D,VIIRS
46.98817,34.27672,367,0.65,0.73,2026-08-13,09:17:00,N20,high,2.0NRT,302.53,16.73,D,VIIRS
46.99092,34.28439,333.5,0.65,0.73,2026-08-13,09:17:00,N20,nominal,2.0NRT,299.48,7.39,D,VIIRS
48.96106,35.56258,325.81,0.49,0.65,2026-08-13,09:17:00,N20,nominal,2.0NRT,291.05,2.5,D,VIIRS
49.67289,37.66879,326.59,0.38,0.59,2026-08-13,09:17:00,N20,nominal,2.0NRT,295.77,1.99,D,VIIRS
49.67145,37.66404,327.74,0.38,0.59,2026-08-13,09:17:00,N20,nominal,2.0NRT,297.2,1.99,D,VIIRS
49.67641,37.66055,326.96,0.38,0.59,2026-08-13,09:17:00,N20,nominal,2.0NRT,296.05,1.99,D,VIIRS
49.28394,36.4064,333.02,0.45,0.63,2026-08-13,09:17:00,N20,nominal,2.0NRT,294.81,1.78,D,VIIRS
49.7266,37.70695,333.99,0.38,0.59,2026-08-13,09:17:00,N20,nominal,2.0NRT,294.45,3.22,D,VIIRS
49.7933,37.82935,325,0.37,0.58,2026-08-13,09:17:00,N20,nominal,2.0NRT,292.27,1.91,D,VIIRS
49.76047,37.69998,331.83,0.38,0.59,2026-08-13,09:17:00,N20,nominal,2.0NRT,294.03,1.26,D,VIIRS
48.84277,34.8201,326.02,0.54,0.67,2026-08-13,09:17:00,N20,nominal,2.0NRT,293.66,5.5,D,VIIRS
49.75829,37.70041,329.17,0.38,0.59,2026-08-13,09:17:00,N20,nominal,2.0NRT,293.56,1.79,D,VIIRS
48.84095,34.81479,331.57,0.54,0.67,2026-08-13,09:17:00,N20,nominal,2.0NRT,294.67,4.03,D,VIIRS
49.7746,37.51712,333.5,0.39,0.59,2026-08-13,09:17:00,N20,nominal,2.0NRT,295.66,3.57,D,VIIRS
49.77311,37.51223,332.78,0.39,0.59,2026-08-13,09:17:00,N20,nominal,2.0NRT,296.06,3.57,D,VIIRS
49.97247,37.84192,332.65,0.37,0.58,2026-08-13,09:17:00,N20,nominal,2.0NRT,294.42,2.63,D,VIIRS
50.07658,37.3896,348.66,0.38,0.59,2026-08-13,09:17:00,N20,nominal,2.0NRT,297.2,4.57,D,VIIRS
50.09338,37.42496,326.39,0.38,0.59,2026-08-13,09:17:00,N20,nominal,2.0NRT,292.09,2.26,D,VIIRS
50.09839,37.42165,328.24,0.38,0.59,2026-08-13,09:17:00,N20,nominal,2.0NRT,297.68,2.26,D,VIIRS
50.39867,37.34462,335.56,0.37,0.58,2026-08-13,09:17:00,N20,nominal,2.0NRT,295.65,3.14,D,VIIRS
50.40362,37.34122,325.48,0.37,0.58,2026-08-13,09:17:00,N20,low,2.0NRT,298.47,3.14,D,VIIRS
49.7239,34.16663,333.68,0.53,0.67,2026-08-13,09:17:00,N20,nominal,2.0NRT,288.58,2.97,D,VIIRS
50.384,33.78524,325.25,0.52,0.67,2026-08-13,09:17:00,N20,nominal,2.0NRT,290.85,3.68,D,VIIRS
50.37913,33.78686,329.14,0.52,0.67,2026-08-13,09:17:00,N20,nominal,2.0NRT,290.09,3.23,D,VIIRS
46.99417,34.27222,355.87,0.65,0.73,2026-08-13,09:17:00,N20,nominal,2.0NRT,300.79,9.82,D,VIIRS
47.91581,36.96434,341.15,0.47,0.64,2026-08-13,09:17:00,N20,nominal,2.0NRT,297.77,7.73,D,VIIRS
47.91399,36.95869,355.38,0.47,0.64,2026-08-13,09:17:00,N20,nominal,2.0NRT,301.24,7.73,D,VIIRS
47.92117,36.96059,338.3,0.47,0.64,2026-08-13,09:17:00,N20,nominal,2.0NRT,299.48,3.81,D,VIIRS
47.91935,36.95495,331.99,0.47,0.64,2026-08-13,09:17:00,N20,nominal,2.0NRT,298.2,3.81,D,VIIRS
48.60236,39.15445,332.17,0.36,0.57,2026-08-13,09:17:00,N20,nominal,2.0NRT,293.02,2.43,D,VIIRS
47.18669,37.6841,367,0.46,0.64,2026-08-13,09:17:00,N20,high,2.0NRT,303.07,12.57,D,VIIRS
46.68265,35.91557,343.04,0.57,0.69,2026-08-13,09:17:00,N20,nominal,2.0NRT,302.54,7.25,D,VIIRS
46.27377,34.73809,340.71,0.66,0.73,2026-08-13,09:17:00,N20,nominal,2.0NRT,301.56,5.89,D,VIIRS
46.99871,36.70025,353.56,0.52,0.67,2026-08-13,09:17:00,N20,nominal,2.0NRT,300.96,9.41,D,VIIRS
46.04276,33.92789,367,0.73,0.76,2026-08-13,09:17:00,N20,high,2.0NRT,300.05,20.68,D,VIIRS
46.76609,35.81395,337.33,0.57,0.69,2026-08-13,09:17:00,N20,nominal,2.0NRT,301.12,1.76,D,VIIRS
46.77184,35.80981,367,0.57,0.69,2026-08-13,09:17:00,N20,high,2.0NRT,303.16,8.21,D,VIIRS
46.76955,35.81305,352.43,0.57,0.69,2026-08-13,09:17:00,N20,nominal,2.0NRT,301.41,6.72,D,VIIRS
46.76728,35.80646,335.03,0.57,0.69,2026-08-13,09:17:00,N20,nominal,2.0NRT,304.15,6.72,D,VIIRS
46.98651,36.30771,367,0.54,0.68,2026-08-13,09:17:00,N20,high,2.0NRT,303.46,17.15,D,VIIRS
46.99952,36.3467,331.65,0.54,0.68,2026-08-13,09:17:00,N20,nominal,2.0NRT,298.34,6.8,D,VIIRS
46.99739,36.34033,347.87,0.54,0.68,2026-08-13,09:17:00,N20,nominal,2.0NRT,303.65,7.31,D,VIIRS
46.99524,36.33385,332.78,0.54,0.68,2026-08-13,09:17:00,N20,nominal,2.0NRT,304.76,7.31,D,VIIRS
46.98434,36.30123,331.41,0.54,0.68,2026-08-13,09:17:00,N20,nominal,2.0NRT,299.65,8.81,D,VIIRS
47.03268,36.30019,334.33,0.54,0.68,2026-08-13,09:17:00,N20,nominal,2.0NRT,298.09,4.89,D,VIIRS
47.03623,36.28993,332.25,0.54,0.68,2026-08-13,09:17:00,N20,nominal,2.0NRT,299.44,3.71,D,VIIRS
47.04148,36.22173,346.22,0.54,0.68,2026-08-13,09:17:00,N20,nominal,2.0NRT,299.57,7.34,D,VIIRS
52.02567,32.29347,328.17,0.51,0.66,2026-08-13,09:17:00,N20,nominal,2.0NRT,289.33,0.76,D,VIIRS
52.03096,32.28841,336.74,0.51,0.66,2026-08-13,09:17:00,N20,nominal,2.0NRT,287.95,3.97,D,VIIRS
52.02774,32.29344,338.34,0.51,0.66,2026-08-13,09:17:00,N20,nominal,2.0NRT,289.99,7.45,D,VIIRS
47.04062,36.22155,351.32,0.54,0.68,2026-08-13,09:17:00,N20,nominal,2.0NRT,299.66,10.15,D,VIIRS
46.38321,34.07976,336.8,0.7,0.75,2026-08-13,09:17:00,N20,nominal,2.0NRT,301.37,4.22,D,VIIRS
47.5736,37.48915,329.44,0.46,0.63,2026-08-13,09:17:00,N20,nominal,2.0NRT,301.99,3.53,D,VIIRS
46.96568,35.62129,342.64,0.58,0.69,2026-08-13,09:17:00,N20,nominal,2.0NRT,301.44,5.83,D,VIIRS
46.97144,35.6171,333.96,0.58,0.69,2026-08-13,09:17:00,N20,nominal,2.0NRT,301.32,3.14,D,VIIRS
46.95153,35.53682,330.3,0.58,0.7,2026-08-13,09:17:00,N20,nominal,2.0NRT,302.23,3.98,D,VIIRS
46.83903,35.20584,332.98,0.61,0.71,2026-08-13,09:17:00,N20,nominal,2.0NRT,302.81,5.15,D,VIIRS
46.38449,34.07723,337.28,0.7,0.75,2026-08-13,09:17:00,N20,nominal,2.0NRT,301.46,6.42,D,VIIRS
46.96792,35.61722,355.85,0.58,0.69,2026-08-13,09:17:00,N20,nominal,2.0NRT,304.1,9.68,D,VIIRS
46.95345,35.5331,333.21,0.58,0.7,2026-08-13,09:17:00,N20,nominal,2.0NRT,301.9,4.83,D,VIIRS
47.33899,36.57724,339.91,0.51,0.66,2026-08-13,09:17:00,N20,nominal,2.0NRT,301.23,8.74,D,VIIRS
46.53692,34.21894,336.85,0.68,0.74,2026-08-13,09:17:00,N20,nominal,2.0NRT,299.89,5.67,D,VIIRS
46.54586,34.22234,336.65,0.68,0.74,2026-08-13,09:17:00,N20,nominal,2.0NRT,299.97,7.4,D,VIIRS
46.54301,34.21436,353.72,0.68,0.74,2026-08-13,09:17:00,N20,nominal,2.0NRT,301.7,7.4,D,VIIRS
47.47318,36.8657,336.01,0.49,0.65,2026-08-13,09:17:00,N20,nominal,2.0NRT,299.14,2.98,D,VIIRS
46.74497,33.52019,354.32,0.72,0.75,2026-08-13,09:17:00,N20,nominal,2.0NRT,301.05,24.35,D,VIIRS
47.91693,36.88599,367,0.47,0.64,2026-08-13,09:17:00,N20,high,2.0NRT,298.15,15.26,D,VIIRS
47.91502,36.88008,355.53,0.47,0.64,2026-08-13,09:17:00,N20,nominal,2.0NRT,304.62,20.41,D,VIIRS
47.8204,36.58755,340.84,0.49,0.65,2026-08-13,09:17:00,N20,nominal,2.0NRT,299.05,4.85,D,VIIRS
47.15233,34.61204,331.05,0.63,0.72,2026-08-13,09:17:00,N20,nominal,2.0NRT,300.69,4.7,D,VIIRS
47.15823,34.60758,367,0.63,0.72,2026-08-13,09:17:00,N20,high,2.0NRT,299.97,13.06,D,VIIRS
47.15562,34.60016,353.62,0.63,0.72,2026-08-13,09:17:00,N20,nominal,2.0NRT,300.91,13.06,D,VIIRS
47.16671,34.61053,331.26,0.63,0.72,2026-08-13,09:17:00,N20,nominal,2.0NRT,294.27,14.4,D,VIIRS
47.16412,34.60312,354.58,0.63,0.72,2026-08-13,09:17:00,N20,nominal,2.0NRT,298.59,13.06,D,VIIRS
47.18109,34.60902,339.83,0.62,0.72,2026-08-13,09:17:00,N20,nominal,2.0NRT,300.65,4.42,D,VIIRS
48.05161,37.18586,353.27,0.46,0.63,2026-08-13,09:17:00,N20,nominal,2.0NRT,295.97,5.4,D,VIIRS
47.07197,34.21299,367,0.65,0.73,2026-08-13,09:17:00,N20,high,2.0NRT,306.76,45.25,D,VIIRS
47.07795,34.20842,367,0.65,0.73,2026-08-13,09:17:00,N20,high,2.0NRT,299.51,16.71,D,VIIRS
47.98868,36.92542,331.39,0.47,0.64,2026-08-13,09:17:00,N20,nominal,2.0NRT,299.92,5.18,D,VIIRS
48.10462,37.27248,329.38,0.45,0.63,2026-08-13,09:17:00,N20,nominal,2.0NRT,294.73,4.48,D,VIIRS
48.05275,37.18667,336.22,0.45,0.63,2026-08-13,09:17:00,N20,nominal,2.0NRT,294.74,3.35,D,VIIRS
48.05094,37.18106,328.33,0.46,0.63,2026-08-13,09:17:00,N20,nominal,2.0NRT,295.94,3.35,D,VIIRS
47.17948,34.6058,334.43,0.62,0.72,2026-08-13,09:17:00,N20,nominal,2.0NRT,299.77,4.51,D,VIIRS
47.30363,34.91546,337.29,0.6,0.71,2026-08-13,09:17:00,N20,nominal,2.0NRT,298.49,6.83,D,VIIRS
48.09916,37.27096,329.46,0.45,0.63,2026-08-13,09:17:00,N20,nominal,2.0NRT,296.01,4.66,D,VIIRS
47.10931,35.67555,333.92,0.57,0.69,2026-08-13,09:17:00,N20,nominal,2.0NRT,299.15,6.2,D,VIIRS
47.11739,35.67841,344.14,0.57,0.69,2026-08-13,09:17:00,N20,nominal,2.0NRT,298.61,6.2,D,VIIRS
47.11511,35.67163,350.46,0.57,0.69,2026-08-13,09:17:00,N20,nominal,2.0NRT,302.87,6.2,D,VIIRS
47.11253,35.67329,367,0.57,0.69,2026-08-13,09:17:00,N20,high,2.0NRT,302.06,16.75,D,VIIRS
47.59382,37.12278,328.99,0.47,0.64,2026-08-13,09:17:00,N20,nominal,2.0NRT,298.88,5.12,D,VIIRS
47.233,36.00769,335.29,0.54,0.68,2026-08-13,09:17:00,N20,nominal,2.0NRT,298.23,3.65,D,VIIRS
47.12058,35.67597,340.11,0.57,0.69,2026-08-13,09:17:00,N20,nominal,2.0NRT,299.17,12.76,D,VIIRS
46.94668,35.17106,338.09,0.6,0.71,2026-08-13,09:17:00,N20,nominal,2.0NRT,302.35,5.77,D,VIIRS
47.12626,35.67171,330.69,0.57,0.69,2026-08-13,09:17:00,N20,nominal,2.0NRT,299.4,2.87,D,VIIRS
47.33666,36.27593,367,0.53,0.67,2026-08-13,09:17:00,N20,high,2.0NRT,299.91,8.79,D,VIIRS
47.15837,35.72425,367,0.56,0.69,2026-08-13,09:17:00,N20,high,2.0NRT,305.14,28.1,D,VIIRS
47.18552,35.80441,343.41,0.56,0.69,2026-08-13,09:17:00,N20,nominal,2.0NRT,299.29,5.12,D,VIIRS
47.18328,35.79779,334.96,0.56,0.69,2026-08-13,09:17:00,N20,nominal,2.0NRT,302.82,5.12,D,VIIRS
46.93273,35.04641,367,0.61,0.71,2026-08-13,09:17:00,N20,high,2.0NRT,302.94,10.89,D,VIIRS
47.1912,35.80026,332.49,0.56,0.69,2026-08-13,09:17:00,N20,nominal,2.0NRT,299.06,5.12,D,VIIRS
46.25773,33.17387,348.09,0.77,0.77,2026-08-13,09:17:00,N20,nominal,2.0NRT,297.49,7.47,D,VIIRS
47.14922,35.65535,337.81,0.57,0.69,2026-08-13,09:17:00,N20,nominal,2.0NRT,299.39,8.88,D,VIIRS
47.14693,35.64858,350.39,0.57,0.69,2026-08-13,09:17:00,N20,nominal,2.0NRT,300.76,10.06,D,VIIRS
46.94109,35.04927,355.45,0.61,0.71,2026-08-13,09:17:00,N20,nominal,2.0NRT,299.89,8.53,D,VIIRS
46.93859,35.04208,342.47,0.61,0.71,2026-08-13,09:17:00,N20,nominal,2.0NRT,300,8.53,D,VIIRS
46.26737,33.1779,353.49,0.77,0.77,2026-08-13,09:17:00,N20,nominal,2.0NRT,299.14,9.72,D,VIIRS
46.26404,33.16895,350.27,0.77,0.77,2026-08-13,09:17:00,N20,nominal,2.0NRT,301.66,9.72,D,VIIRS
46.27369,33.17302,333.72,0.77,0.77,2026-08-13,09:17:00,N20,nominal,2.0NRT,299.02,9.72,D,VIIRS
46.60532,34.05701,331.07,0.69,0.74,2026-08-13,09:17:00,N20,nominal,2.0NRT,300.41,5.13,D,VIIRS
47.50085,36.62997,347.88,0.5,0.66,2026-08-13,09:17:00,N20,nominal,2.0NRT,299.36,5.69,D,VIIRS
46.33534,33.27359,332.19,0.76,0.77,2026-08-13,09:17:00,N20,nominal,2.0NRT,298.42,4.7,D,VIIRS
47.81232,37.58562,344.29,0.45,0.63,2026-08-13,09:17:00,N20,nominal,2.0NRT,297.63,3.11,D,VIIRS
47.67657,37.1554,331.03,0.47,0.64,2026-08-13,09:17:00,N20,nominal,2.0NRT,299.56,2.71,D,VIIRS
47.50833,36.63221,332.42,0.5,0.66,2026-08-13,09:17:00,N20,nominal,2.0NRT,297.76,7.68,D,VIIRS
47.77612,37.07811,334.72,0.47,0.64,2026-08-13,09:17:00,N20,nominal,2.0NRT,301.25,3.51,D,VIIRS
47.67286,37.10251,333.8,0.47,0.64,2026-08-13,09:17:00,N20,nominal,2.0NRT,297.87,4.45,D,VIIRS
47.12557,35.3744,367,0.58,0.7,2026-08-13,09:17:00,N20,high,2.0NRT,301.45,14.3,D,VIIRS
47.07145,34.21912,347.51,0.65,0.73,2026-08-13,09:17:00,N20,nominal,2.0NRT,298.65,12.93,D,VIIRS
47.06869,34.21142,355.27,0.65,0.73,2026-08-13,09:17:00,N20,nominal,2.0NRT,304.78,12.93,D,VIIRS
47.07744,34.21458,331.17,0.65,0.73,2026-08-13,09:17:00,N20,nominal,2.0NRT,297.83,20.17,D,VIIRS
47.07467,34.20686,354.14,0.65,0.73,2026-08-13,09:17:00,N20,nominal,2.0NRT,305.36,20.17,D,VIIRS
47.32531,34.87245,345.39,0.6,0.71,2026-08-13,09:17:00,N20,nominal,2.0NRT,301.61,7.36,D,VIIRS
47.33113,34.86808,340.87,0.6,0.71,2026-08-13,09:17:00,N20,nominal,2.0NRT,301.2,7.36,D,VIIRS
47.18256,34.42445,367,0.63,0.72,2026-08-13,09:17:00,N20,high,2.0NRT,302.38,13.16,D,VIIRS
47.18522,34.43194,332.44,0.63,0.72,2026-08-13,09:17:00,N20,nominal,2.0NRT,298.78,8.81,D,VIIRS
48.13425,37.23942,352.94,0.45,0.63,2026-08-13,09:17:00,N20,nominal,2.0NRT,299.24,7.2,D,VIIRS
47.67952,35.82429,367,0.53,0.67,2026-08-13,09:17:00,N20,high,2.0NRT,298.99,11.47,D,VIIRS
47.64687,35.68533,367,0.54,0.68,2026-08-13,09:17:00,N20,high,2.0NRT,296.56,6.07,D,VIIRS
47.64906,35.69186,331.26,0.54,0.68,2026-08-13,09:17:00,N20,nominal,2.0NRT,295.04,6.07,D,VIIRS
47.05265,33.8784,337.55,0.68,0.74,2026-08-13,09:17:00,N20,nominal,2.0NRT,300.29,5.19,D,VIIRS
48.40328,37.82209,330.67,0.42,0.61,2026-08-13,09:17:00,N20,nominal,2.0NRT,295.16,0.96,D,VIIRS
48.07413,36.7246,336.08,0.47,0.64,2026-08-13,09:17:00,N20,nominal,2.0NRT,297.39,4.18,D,VIIRS
48.34599,37.53791,338.06,0.43,0.62,2026-08-13,09:17:00,N20,nominal,2.0NRT,296.46,2.65,D,VIIRS
48.31103,37.42641,331.8,0.44,0.62,2026-08-13,09:17:00,N20,nominal,2.0NRT,297.97,2.42,D,VIIRS
48.23199,37.17616,341.3,0.45,0.63,2026-08-13,09:17:00,N20,nominal,2.0NRT,295.92,5.15,D,VIIRS
48.35123,37.53447,345.41,0.43,0.62,2026-08-13,09:17:00,N20,nominal,2.0NRT,296.95,4.56,D,VIIRS
48.23377,37.07998,334.16,0.45,0.63,2026-08-13,09:17:00,N20,nominal,2.0NRT,298.16,2.33,D,VIIRS
47.21414,33.98518,367,0.66,0.73,2026-08-13,09:17:00,N20,high,2.0NRT,302.39,21.12,D,VIIRS
47.74117,35.48753,328.59,0.55,0.68,2026-08-13,09:17:00,N20,nominal,2.0NRT,298.19,4.84,D,VIIRS
47.7398,35.48806,330.29,0.55,0.68,2026-08-13,09:17:00,N20,nominal,2.0NRT,298.74,2.84,D,VIIRS
47.21774,33.98285,367,0.66,0.73,2026-08-13,09:17:00,N20,high,2.0NRT,298.32,17.84,D,VIIRS
48.33273,37.20425,345.64,0.44,0.63,2026-08-13,09:17:00,N20,nominal,2.0NRT,294.42,8.63,D,VIIRS
48.25287,36.93406,329.03,0.46,0.63,2026-08-13,09:17:00,N20,nominal,2.0NRT,297.55,4.38,D,VIIRS
47.61921,35.03339,338.26,0.58,0.7,2026-08-13,09:17:00,N20,nominal,2.0NRT,296.24,3.76,D,VIIRS
47.50478,34.68368,367,0.6,0.71,2026-08-13,09:17:00,N20,high,2.0NRT,300.72,10.85,D,VIIRS
48.68328,38.29237,329.17,0.39,0.59,2026-08-13,09:17:00,N20,nominal,2.0NRT,296.4,2.16,D,VIIRS
48.68025,38.28238,326.44,0.39,0.59,2026-08-13,09:17:00,N20,low,2.0NRT,296.84,2.81,D,VIIRS
47.62494,35.02907,338.21,0.58,0.7,2026-08-13,09:17:00,N20,nominal,2.0NRT,296.88,3.76,D,VIIRS
48.68834,38.28913,331.51,0.39,0.59,2026-08-13,09:17:00,N20,nominal,2.0NRT,299.94,2.86,D,VIIRS
48.68537,38.27934,330.64,0.39,0.59,2026-08-13,09:17:00,N20,low,2.0NRT,302.03,4.6,D,VIIRS
48.69352,38.28632,331.39,0.39,0.59,2026-08-13,09:17:00,N20,nominal,2.0NRT,297.8,2.86,D,VIIRS
48.69203,38.28139,331.47,0.39,0.59,2026-08-13,09:17:00,N20,low,2.0NRT,302.42,4.6,D,VIIRS
48.69054,38.27645,354.35,0.39,0.59,2026-08-13,09:17:00,N20,nominal,2.0NRT,301.9,4.6,D,VIIRS
48.69715,38.27837,344.82,0.39,0.59,2026-08-13,09:17:00,N20,nominal,2.0NRT,298.6,4.5,D,VIIRS
48.59549,37.9448,350.31,0.41,0.6,2026-08-13,09:17:00,N20,nominal,2.0NRT,295.13,3.46,D,VIIRS
47.69739,35.156,332,0.57,0.69,2026-08-13,09:17:00,N20,nominal,2.0NRT,297.45,4.62,D,VIIRS
47.69508,35.14923,331.75,0.57,0.69,2026-08-13,09:17:00,N20,nominal,2.0NRT,295.7,4.62,D,VIIRS
48.61649,37.97324,367,0.4,0.6,2026-08-13,09:17:00,N20,high,2.0NRT,300.66,7.14,D,VIIRS
48.63507,38.014,327.69,0.4,0.6,2026-08-13,09:17:00,N20,nominal,2.0NRT,298.26,2.64,D,VIIRS
48.58802,37.7796,335.22,0.41,0.61,2026-08-13,09:17:00,N20,nominal,2.0NRT,295.32,2.24,D,VIIRS
47.23755,33.69614,353.96,0.68,0.74,2026-08-13,09:17:00,N20,nominal,2.0NRT,305.33,29.74,D,VIIRS
48.13703,36.30868,329.97,0.49,0.65,2026-08-13,09:17:00,N20,nominal,2.0NRT,294.4,2.55,D,VIIRS
48.68901,38.0307,326.38,0.4,0.6,2026-08-13,09:17:00,N20,nominal,2.0NRT,294.78,3.87,D,VIIRS
48.68746,38.02555,355.78,0.4,0.6,2026-08-13,09:17:00,N20,nominal,2.0NRT,297.88,3.87,D,VIIRS
47.53202,34.61031,333.46,0.61,0.71,2026-08-13,09:17:00,N20,nominal,2.0NRT,302.03,8.37,D,VIIRS
47.16715,33.57877,332.44,0.69,0.74,2026-08-13,09:17:00,N20,nominal,2.0NRT,300.28,2.28,D,VIIRS
48.68973,38.02884,333.25,0.4,0.6,2026-08-13,09:17:00,N20,nominal,2.0NRT,295.23,3.9,D,VIIRS
47.12322,35.36746,343.65,0.58,0.7,2026-08-13,09:17:00,N20,nominal,2.0NRT,301.67,14.3,D,VIIRS
47.13134,35.37012,340.93,0.58,0.7,2026-08-13,09:17:00,N20,nominal,2.0NRT,302.09,14.3,D,VIIRS
47.50906,36.62458,338.2,0.5,0.66,2026-08-13,09:17:00,N20,nominal,2.0NRT,300.12,6.36,D,VIIRS
47.67235,37.10282,330.46,0.47,0.64,2026-08-13,09:17:00,N20,nominal,2.0NRT,297.42,2.16,D,VIIRS
46.33221,33.26931,341.39,0.76,0.77,2026-08-13,09:17:00,N20,nominal,2.0NRT,299.52,9.57,D,VIIRS
47.12857,35.37404,367,0.58,0.7,2026-08-13,09:17:00,N20,high,2.0NRT,302.43,30.06,D,VIIRS
47.12619,35.36712,350.02,0.58,0.7,2026-08-13,09:17:00,N20,nominal,2.0NRT,306.68,30.76,D,VIIRS
46.98717,34.79778,340.07,0.62,0.72,2026-08-13,09:17:00,N20,nominal,2.0NRT,298.88,10.8,D,VIIRS
46.99307,34.79338,367,0.62,0.72,2026-08-13,09:17:00,N20,high,2.0NRT,301.14,10.8,D,VIIRS
47.92061,37.53616,344.35,0.44,0.63,2026-08-13,09:17:00,N20,nominal,2.0NRT,299.58,8.04,D,VIIRS
48.61819,37.96727,331.7,0.5,0.49,2026-08-13,10:58:00,N20,low,2.0NRT,302.41,6.22,D,VIIRS
48.61461,37.98225,339.5,0.5,0.49,2026-08-13,10:58:00,N20,nominal,2.0NRT,298.55,9.79,D,VIIRS
48.59011,37.75153,337.57,0.49,0.49,2026-08-13,10:58:00,N20,nominal,2.0NRT,301.67,10.25,D,VIIRS
47.82237,30.19817,367,0.4,0.37,2026-08-13,10:58:00,N20,high,2.0NRT,335.76,70.43,D,VIIRS
47.81904,30.19917,344.89,0.4,0.37,2026-08-13,10:58:00,N20,nominal,2.0NRT,309.49,70.43,D,VIIRS
48.5825,37.86275,334.13,0.5,0.49,2026-08-13,10:58:00,N20,nominal,2.0NRT,299.06,3.24,D,VIIRS
48.55883,37.91462,344.38,0.5,0.49,2026-08-13,10:58:00,N20,nominal,2.0NRT,303.28,10.77,D,VIIRS
47.841,30.80952,340.19,0.41,0.37,2026-08-13,10:58:00,N20,nominal,2.0NRT,307.81,4.55,D,VIIRS
48.54723,37.81344,347.13,0.49,0.49,2026-08-13,10:58:00,N20,nominal,2.0NRT,302.93,6.61,D,VIIRS
47.83764,30.8105,340.59,0.41,0.37,2026-08-13,10:58:00,N20,nominal,2.0NRT,310.5,21.24,D,VIIRS
48.47691,37.09232,331.33,0.46,0.47,2026-08-13,10:58:00,N20,nominal,2.0NRT,297.35,1.76,D,VIIRS
48.4858,37.2109,339.91,0.46,0.47,2026-08-13,10:58:00,N20,nominal,2.0NRT,299.54,3.74,D,VIIRS
48.0008,32.34796,339.22,0.45,0.39,2026-08-13,10:58:00,N20,nominal,2.0NRT,307.28,2.68,D,VIIRS
48.44403,37.12243,339.27,0.46,0.47,2026-08-13,10:58:00,N20,nominal,2.0NRT,298.68,17.76,D,VIIRS
48.40154,36.84462,340.52,0.44,0.46,2026-08-13,10:58:00,N20,nominal,2.0NRT,298.99,5.72,D,VIIRS
48.28456,35.9777,339.49,0.41,0.45,2026-08-13,10:58:00,N20,nominal,2.0NRT,300.22,3.39,D,VIIRS
47.72116,35.18564,335.84,0.56,0.43,2026-08-13,10:58:00,N20,nominal,2.0NRT,305.53,21.47,D,VIIRS
47.72047,35.17816,301.57,0.56,0.43,2026-08-13,10:58:00,N20,low,2.0NRT,310.31,46.72,D,VIIRS
47.92044,37.5393,340.68,0.47,0.48,2026-08-13,10:58:00,N20,nominal,2.0NRT,302.9,5.32,D,VIIRS
47.91999,37.53291,332.84,0.47,0.48,2026-08-13,10:58:00,N20,low,2.0NRT,306.73,5.32,D,VIIRS
47.92439,37.53229,330.08,0.47,0.48,2026-08-13,10:58:00,N20,low,2.0NRT,304.07,2.95,D,VIIRS
47.73296,35.18321,337.52,0.56,0.43,2026-08-13,10:58:00,N20,nominal,2.0NRT,304.7,10.81,D,VIIRS
47.80873,35.99317,341.24,0.4,0.44,2026-08-13,10:58:00,N20,nominal,2.0NRT,302.77,3.41,D,VIIRS
47.74082,35.18159,341.21,0.56,0.43,2026-08-13,10:58:00,N20,low,2.0NRT,312.2,21.19,D,VIIRS
47.84502,36.32708,334.82,0.42,0.45,2026-08-13,10:58:00,N20,nominal,2.0NRT,307.09,2.6,D,VIIRS
47.86897,36.56948,336.32,0.43,0.46,2026-08-13,10:58:00,N20,nominal,2.0NRT,303.87,4.72,D,VIIRS
47.90838,36.96059,343,0.44,0.46,2026-08-13,10:58:00,N20,nominal,2.0NRT,309.76,12.41,D,VIIRS
47.91219,36.95385,333.11,0.44,0.46,2026-08-13,10:58:00,N20,low,2.0NRT,307.27,3.19,D,VIIRS
47.91647,36.95313,341.02,0.44,0.46,2026-08-13,10:58:00,N20,nominal,2.0NRT,305.6,2.83,D,VIIRS
47.89978,36.68715,331.4,0.43,0.46,2026-08-13,10:58:00,N20,nominal,2.0NRT,303.77,1.86,D,VIIRS
47.41797,33.78612,352.48,0.49,0.4,2026-08-13,10:58:00,N20,nominal,2.0NRT,308.29,9.83,D,VIIRS
47.40183,33.77658,346.52,0.49,0.4,2026-08-13,10:58:00,N20,nominal,2.0NRT,313.14,10.76,D,VIIRS
47.40251,33.78305,348.6,0.49,0.4,2026-08-13,10:58:00,N20,nominal,2.0NRT,311.52,12.84,D,VIIRS
47.39882,33.7839,340.7,0.49,0.4,2026-08-13,10:58:00,N20,nominal,2.0NRT,308.1,2.62,D,VIIRS
47.39376,33.77182,342.26,0.49,0.4,2026-08-13,10:58:00,N20,nominal,2.0NRT,310.54,6.4,D,VIIRS
47.39513,33.78475,333,0.49,0.4,2026-08-13,10:58:00,N20,low,2.0NRT,307.39,2.62,D,VIIRS
47.39007,33.77267,342.42,0.49,0.4,2026-08-13,10:58:00,N20,nominal,2.0NRT,312.36,10.65,D,VIIRS
47.61073,36.07857,341.21,0.4,0.44,2026-08-13,10:58:00,N20,nominal,2.0NRT,306.67,6.64,D,VIIRS
47.38569,33.76707,346.6,0.49,0.4,2026-08-13,10:58:00,N20,nominal,2.0NRT,309.68,7.79,D,VIIRS
47.38201,33.76792,342.6,0.49,0.4,2026-08-13,10:58:00,N20,low,2.0NRT,313.3,48.97,D,VIIRS
47.38269,33.77437,337.69,0.49,0.4,2026-08-13,10:58:00,N20,low,2.0NRT,309.34,3.5,D,VIIRS
47.67139,37.10023,342.83,0.45,0.47,2026-08-13,10:58:00,N20,nominal,2.0NRT,307.63,5.62,D,VIIRS
47.67501,37.14862,342.93,0.45,0.47,2026-08-13,10:58:00,N20,nominal,2.0NRT,306.24,13.48,D,VIIRS
47.67392,37.10194,334.82,0.45,0.47,2026-08-13,10:58:00,N20,low,2.0NRT,305.1,5.48,D,VIIRS
47.67781,37.15035,342.1,0.45,0.47,2026-08-13,10:58:00,N20,nominal,2.0NRT,306.88,5.98,D,VIIRS
47.6735,37.15097,353.6,0.45,0.47,2026-08-13,10:58:00,N20,nominal,2.0NRT,305.35,5.98,D,VIIRS
47.27093,33.09544,340.47,0.46,0.39,2026-08-13,10:58:00,N20,low,2.0NRT,312.45,5.57,D,VIIRS
47.27163,33.10151,344.64,0.46,0.39,2026-08-13,10:58:00,N20,nominal,2.0NRT,314.87,4.78,D,VIIRS
47.27233,33.10759,337.43,0.46,0.39,2026-08-13,10:58:00,N20,low,2.0NRT,311.32,4.78,D,VIIRS
47.26734,33.09631,337.86,0.46,0.39,2026-08-13,10:58:00,N20,nominal,2.0NRT,310.83,3.78,D,VIIRS
47.26803,33.10238,354.95,0.46,0.39,2026-08-13,10:58:00,N20,nominal,2.0NRT,317.37,21.9,D,VIIRS
47.30615,33.50611,346.84,0.48,0.4,2026-08-13,10:58:00,N20,nominal,2.0NRT,311.01,6.73,D,VIIRS
47.30823,33.66153,343.56,0.48,0.4,2026-08-13,10:58:00,N20,nominal,2.0NRT,312.95,7.06,D,VIIRS
47.5296,35.94459,338.44,0.4,0.44,2026-08-13,10:58:00,N20,nominal,2.0NRT,306.67,3.11,D,VIIRS
47.55861,36.27799,340.72,0.41,0.45,2026-08-13,10:58:00,N20,nominal,2.0NRT,305.43,4.6,D,VIIRS
47.52554,35.94532,344.61,0.4,0.44,2026-08-13,10:58:00,N20,nominal,2.0NRT,309.85,10.02,D,VIIRS
47.33645,34.06755,344.04,0.5,0.41,2026-08-13,10:58:00,N20,nominal,2.0NRT,305.77,6.92,D,VIIRS
47.45866,35.29959,339.12,0.56,0.43,2026-08-13,10:58:00,N20,nominal,2.0NRT,308.49,6.51,D,VIIRS
47.54668,36.28569,342.6,0.41,0.45,2026-08-13,10:58:00,N20,nominal,2.0NRT,307.2,5.81,D,VIIRS
47.34172,34.15475,339.66,0.5,0.41,2026-08-13,10:58:00,N20,nominal,2.0NRT,304.41,28.29,D,VIIRS
47.45403,35.29303,334.62,0.56,0.43,2026-08-13,10:58:00,N20,low,2.0NRT,307.02,6.51,D,VIIRS
47.59705,37.1206,339.59,0.45,0.47,2026-08-13,10:58:00,N20,nominal,2.0NRT,307.83,6.24,D,VIIRS
47.32464,34.13779,342.24,0.5,0.41,2026-08-13,10:58:00,N20,nominal,2.0NRT,308.26,7.74,D,VIIRS
47.59321,37.12735,342.02,0.45,0.47,2026-08-13,10:58:00,N20,nominal,2.0NRT,305.84,6.24,D,VIIRS
47.3209,34.13861,332.99,0.5,0.41,2026-08-13,10:58:00,N20,low,2.0NRT,306.5,4.42,D,VIIRS
47.2346,33.43299,342.23,0.47,0.4,2026-08-13,10:58:00,N20,low,2.0NRT,312.59,3.19,D,VIIRS
46.80317,30.04394,339.52,0.39,0.36,2026-08-13,10:58:00,N20,nominal,2.0NRT,310.49,3.58,D,VIIRS
47.14428,32.69625,345.95,0.45,0.39,2026-08-13,10:58:00,N20,nominal,2.0NRT,315.39,12.97,D,VIIRS
47.49499,36.21816,351.73,0.41,0.45,2026-08-13,10:58:00,N20,nominal,2.0NRT,306.9,17.33,D,VIIRS
47.49635,36.23447,347.12,0.41,0.45,2026-08-13,10:58:00,N20,nominal,2.0NRT,304.12,3.84,D,VIIRS
47.41888,35.39145,335.23,0.56,0.43,2026-08-13,10:58:00,N20,low,2.0NRT,308.12,4.55,D,VIIRS
47.24054,33.69682,340.13,0.48,0.4,2026-08-13,10:58:00,N20,low,2.0NRT,312.54,8.07,D,VIIRS
47.24208,33.69841,341.91,0.48,0.4,2026-08-13,10:58:00,N20,nominal,2.0NRT,309.65,6.18,D,VIIRS
47.49282,36.2217,346.91,0.41,0.45,2026-08-13,10:58:00,N20,nominal,2.0NRT,302.82,6.32,D,VIIRS
47.19914,33.34788,339.5,0.47,0.4,2026-08-13,10:58:00,N20,nominal,2.0NRT,311.43,67.16,D,VIIRS
47.237,33.68652,340.32,0.48,0.4,2026-08-13,10:58:00,N20,low,2.0NRT,312.72,4.83,D,VIIRS
47.23841,33.69926,338.75,0.48,0.4,2026-08-13,10:58:00,N20,low,2.0NRT,309.75,6.18,D,VIIRS
47.19844,33.34169,367,0.47,0.4,2026-08-13,10:58:00,N20,high,2.0NRT,326.39,67.16,D,VIIRS
47.39857,35.37305,342.88,0.56,0.43,2026-08-13,10:58:00,N20,nominal,2.0NRT,312.2,5.92,D,VIIRS
47.39928,35.38053,335.56,0.56,0.43,2026-08-13,10:58:00,N20,low,2.0NRT,308.4,5.92,D,VIIRS
47.51067,36.62401,351.32,0.42,0.46,2026-08-13,10:58:00,N20,nominal,2.0NRT,307.6,9.49,D,VIIRS
47.20976,33.57595,345.63,0.48,0.4,2026-08-13,10:58:00,N20,nominal,2.0NRT,311.91,10.62,D,VIIRS
47.39462,35.37384,341.16,0.56,0.43,2026-08-13,10:58:00,N20,nominal,2.0NRT,311.42,5.92,D,VIIRS
47.95909,37.39904,345.36,0.47,0.47,2026-08-13,10:58:00,N20,nominal,2.0NRT,309.08,52.07,D,VIIRS
47.95816,37.38648,348.76,0.46,0.47,2026-08-13,10:58:00,N20,nominal,2.0NRT,303.8,13.28,D,VIIRS
47.91942,36.88021,339.25,0.44,0.46,2026-08-13,10:58:00,N20,nominal,2.0NRT,307.49,3.93,D,VIIRS
47.96347,37.39845,346.36,0.47,0.47,2026-08-13,10:58:00,N20,nominal,2.0NRT,318.96,52.07,D,VIIRS
47.96785,37.39787,353.89,0.47,0.47,2026-08-13,10:58:00,N20,nominal,2.0NRT,304.56,15.38,D,VIIRS
47.95131,36.63696,338.08,0.43,0.46,2026-08-13,10:58:00,N20,nominal,2.0NRT,305.38,2.03,D,VIIRS
47.95102,36.63568,341.24,0.43,0.46,2026-08-13,10:58:00,N20,nominal,2.0NRT,305.36,4.3,D,VIIRS
47.91997,35.85045,342.18,0.4,0.44,2026-08-13,10:58:00,N20,nominal,2.0NRT,302.49,4.16,D,VIIRS
48.01979,36.91098,336.04,0.44,0.46,2026-08-13,10:58:00,N20,nominal,2.0NRT,307.13,3.91,D,VIIRS
47.90398,35.48497,349.11,0.38,0.43,2026-08-13,10:58:00,N20,nominal,2.0NRT,309.61,6.04,D,VIIRS
48.09788,37.78518,334.42,0.49,0.48,2026-08-13,10:58:00,N20,nominal,2.0NRT,299.02,3.04,D,VIIRS
48.04262,36.81673,342.45,0.44,0.46,2026-08-13,10:58:00,N20,nominal,2.0NRT,302.52,3.49,D,VIIRS
47.97113,35.86814,330.88,0.4,0.44,2026-08-13,10:58:00,N20,low,2.0NRT,304.33,2.54,D,VIIRS
47.9752,35.86743,339.62,0.4,0.44,2026-08-13,10:58:00,N20,nominal,2.0NRT,307.75,2.34,D,VIIRS
51.30725,28.50227,333.7,0.39,0.36,2026-08-13,10:58:00,N20,nominal,2.0NRT,303.9,3.2,D,VIIRS
51.48956,30.61247,333.81,0.43,0.38,2026-08-13,10:58:00,N20,nominal,2.0NRT,299.95,6.48,D,VIIRS
51.4903,30.61865,330.9,0.43,0.38,2026-08-13,10:58:00,N20,nominal,2.0NRT,296.35,3.05,D,VIIRS
51.48262,30.6146,329.33,0.43,0.38,2026-08-13,10:58:00,N20,nominal,2.0NRT,298.85,3.47,D,VIIRS
51.48336,30.62078,331.84,0.43,0.38,2026-08-13,10:58:00,N20,nominal,2.0NRT,297.07,3.71,D,VIIRS
51.43005,31.11831,343.95,0.44,0.39,2026-08-13,10:58:00,N20,nominal,2.0NRT,296.67,5.94,D,VIIRS
50.70875,27.46511,327.57,0.38,0.36,2026-08-13,10:58:00,N20,nominal,2.0NRT,299.45,2.65,D,VIIRS
49.51187,24.28159,338.95,0.42,0.38,2026-08-13,10:58:00,N20,nominal,2.0NRT,303.74,3.48,D,VIIRS
49.50853,24.28304,325.16,0.42,0.38,2026-08-13,10:58:00,N20,low,2.0NRT,297.77,3.48,D,VIIRS
49.28015,23.77752,345.74,0.43,0.38,2026-08-13,10:58:00,N20,nominal,2.0NRT,304.51,5.62,D,VIIRS
47.50696,36.63043,354.54,0.43,0.46,2026-08-13,10:58:00,N20,nominal,2.0NRT,308.76,9.49,D,VIIRS
47.52264,36.81918,344.79,0.43,0.46,2026-08-13,10:58:00,N20,nominal,2.0NRT,307.13,4.94,D,VIIRS
47.50324,36.63686,336.32,0.43,0.46,2026-08-13,10:58:00,N20,nominal,2.0NRT,299.68,10.81,D,VIIRS
47.34585,34.95149,341.79,0.54,0.42,2026-08-13,10:58:00,N20,nominal,2.0NRT,307.14,2.72,D,VIIRS
47.49857,36.63187,345.02,0.43,0.46,2026-08-13,10:58:00,N20,nominal,2.0NRT,304.15,32.67,D,VIIRS
47.34127,34.94514,348.51,0.54,0.42,2026-08-13,10:58:00,N20,nominal,2.0NRT,312.29,12.74,D,VIIRS
47.32899,34.86051,338.54,0.54,0.42,2026-08-13,10:58:00,N20,low,2.0NRT,310.9,6.47,D,VIIRS
47.32584,34.8684,339.86,0.54,0.42,2026-08-13,10:58:00,N20,low,2.0NRT,310.47,4.9,D,VIIRS
47.32267,34.8763,335.32,0.54,0.42,2026-08-13,10:58:00,N20,low,2.0NRT,307.19,4.9,D,VIIRS
46.89194,31.16195,341.26,0.41,0.37,2026-08-13,10:58:00,N20,nominal,2.0NRT,312.08,3.28,D,VIIRS
47.17255,33.5782,338.21,0.48,0.4,2026-08-13,10:58:00,N20,low,2.0NRT,311.59,9.72,D,VIIRS
47.17392,33.59078,342.87,0.48,0.4,2026-08-13,10:58:00,N20,nominal,2.0NRT,310.07,4.73,D,VIIRS
47.16958,33.58533,339.23,0.48,0.4,2026-08-13,10:58:00,N20,low,2.0NRT,310.36,109.79,D,VIIRS
47.30684,34.91594,348.06,0.54,0.42,2026-08-13,10:58:00,N20,nominal,2.0NRT,309.66,48.61,D,VIIRS
47.30752,34.92305,346.05,0.54,0.42,2026-08-13,10:58:00,N20,nominal,2.0NRT,309.98,48.61,D,VIIRS
47.29979,34.92464,335.62,0.54,0.42,2026-08-13,10:58:00,N20,low,2.0NRT,310.6,36.04,D,VIIRS
47.36665,35.63986,333.31,0.38,0.44,2026-08-13,10:58:00,N20,low,2.0NRT,308.06,4.21,D,VIIRS
47.34255,35.55268,342.85,0.57,0.43,2026-08-13,10:58:00,N20,nominal,2.0NRT,311.37,6.84,D,VIIRS
47.26839,34.84428,335.82,0.53,0.42,2026-08-13,10:58:00,N20,low,2.0NRT,307.79,7.89,D,VIIRS
46.80412,30.94605,337.43,0.4,0.37,2026-08-13,10:58:00,N20,nominal,2.0NRT,310.24,3.37,D,VIIRS
46.8037,30.94873,336.43,0.4,0.37,2026-08-13,10:58:00,N20,low,2.0NRT,309.84,2.25,D,VIIRS
47.21542,34.5649,338.88,0.52,0.41,2026-08-13,10:58:00,N20,nominal,2.0NRT,309.46,3.75,D,VIIRS
47.28102,35.3894,335.27,0.56,0.43,2026-08-13,10:58:00,N20,low,2.0NRT,306.84,3.53,D,VIIRS
46.85783,31.73638,342.41,0.42,0.38,2026-08-13,10:58:00,N20,nominal,2.0NRT,311.21,4.01,D,VIIRS
47.15897,34.35482,339.38,0.51,0.41,2026-08-13,10:58:00,N20,nominal,2.0NRT,310.03,9.05,D,VIIRS
47.18396,34.59963,340.18,0.52,0.42,2026-08-13,10:58:00,N20,nominal,2.0NRT,308.71,9.17,D,VIIRS
47.21525,34.91395,335.37,0.54,0.42,2026-08-13,10:58:00,N20,low,2.0NRT,308.14,2.73,D,VIIRS
47.33997,36.2677,341.2,0.41,0.45,2026-08-13,10:58:00,N20,nominal,2.0NRT,304.83,5.86,D,VIIRS
47.1552,34.35564,349.89,0.51,0.41,2026-08-13,10:58:00,N20,nominal,2.0NRT,314.93,9.05,D,VIIRS
47.15589,34.36236,336.13,0.51,0.41,2026-08-13,10:58:00,N20,nominal,2.0NRT,309.08,6.98,D,VIIRS
47.26709,35.49874,334.15,0.57,0.43,2026-08-13,10:58:00,N20,low,2.0NRT,308.25,5.35,D,VIIRS
47.26779,35.50625,335.41,0.57,0.43,2026-08-13,10:58:00,N20,low,2.0NRT,308.08,5.35,D,VIIRS
47.10104,33.8766,335.45,0.49,0.4,2026-08-13,10:58:00,N20,low,2.0NRT,308.67,2.21,D,VIIRS
47.10173,33.88302,337.62,0.49,0.4,2026-08-13,10:58:00,N20,low,2.0NRT,308.64,2.21,D,VIIRS
47.26382,35.50703,333.1,0.57,0.43,2026-08-13,10:58:00,N20,low,2.0NRT,306.92,2.94,D,VIIRS
47.14629,34.34385,341,0.51,0.41,2026-08-13,10:58:00,N20,nominal,2.0NRT,308.16,6.71,D,VIIRS
47.14698,34.35057,350.1,0.51,0.41,2026-08-13,10:58:00,N20,nominal,2.0NRT,312.5,21.84,D,VIIRS
47.14252,34.34468,339.56,0.51,0.41,2026-08-13,10:58:00,N20,nominal,2.0NRT,307.39,3.28,D,VIIRS
47.14321,34.35139,340.16,0.51,0.41,2026-08-13,10:58:00,N20,nominal,2.0NRT,305.91,2.89,D,VIIRS
47.02345,33.27173,336.29,0.46,0.39,2026-08-13,10:58:00,N20,nominal,2.0NRT,309.39,3.22,D,VIIRS
47.11057,34.07376,354.21,0.5,0.41,2026-08-13,10:58:00,N20,nominal,2.0NRT,311.91,8.66,D,VIIRS
47.11125,34.08031,339.27,0.5,0.41,2026-08-13,10:58:00,N20,nominal,2.0NRT,310.55,8.66,D,VIIRS
47.16492,34.60368,338.22,0.52,0.42,2026-08-13,10:58:00,N20,nominal,2.0NRT,305.99,3.89,D,VIIRS
47.10684,34.0746,352.76,0.5,0.41,2026-08-13,10:58:00,N20,nominal,2.0NRT,315.38,39.92,D,VIIRS
47.1611,34.6045,338.73,0.52,0.42,2026-08-13,10:58:00,N20,nominal,2.0NRT,308.08,12.18,D,VIIRS
47.16179,34.61137,339.19,0.52,0.42,2026-08-13,10:58:00,N20,nominal,2.0NRT,309.3,6.12,D,VIIRS
47.34057,36.57454,344.49,0.42,0.45,2026-08-13,10:58:00,N20,nominal,2.0NRT,306.22,9.06,D,VIIRS
47.34102,36.5801,343.65,0.42,0.45,2026-08-13,10:58:00,N20,nominal,2.0NRT,306.76,5.82,D,VIIRS
48.97424,24.70952,331.63,0.41,0.37,2026-08-13,10:58:00,N20,low,2.0NRT,305.64,4.26,D,VIIRS
48.09545,37.26838,334.43,0.46,0.47,2026-08-13,10:58:00,N20,nominal,2.0NRT,304.99,2.81,D,VIIRS
47.8304,34.08988,331.59,0.51,0.41,2026-08-13,10:58:00,N20,low,2.0NRT,304.47,2.93,D,VIIRS
47.83065,34.09443,333.27,0.51,0.41,2026-08-13,10:58:00,N20,low,2.0NRT,305.74,5.48,D,VIIRS
47.83784,34.12757,334.51,0.51,0.41,2026-08-13,10:58:00,N20,nominal,2.0NRT,304.36,4.34,D,VIIRS
47.44831,30.1195,339.97,0.39,0.37,2026-08-13,10:58:00,N20,low,2.0NRT,311.63,4.35,D,VIIRS
47.86891,33.45045,335.42,0.48,0.4,2026-08-13,10:58:00,N20,low,2.0NRT,310.16,21.43,D,VIIRS
47.86678,33.43125,334.79,0.48,0.4,2026-08-13,10:58:00,N20,nominal,2.0NRT,307.93,3.52,D,VIIRS
47.45234,30.12366,347.06,0.39,0.37,2026-08-13,10:58:00,N20,nominal,2.0NRT,313.07,4.35,D,VIIRS
47.86631,33.43708,334.14,0.48,0.4,2026-08-13,10:58:00,N20,low,2.0NRT,304.84,8.27,D,VIIRS
47.87135,33.44905,338.6,0.48,0.4,2026-08-13,10:58:00,N20,nominal,2.0NRT,302.58,14.52,D,VIIRS
48.00025,34.64779,333.71,0.53,0.42,2026-08-13,10:58:00,N20,nominal,2.0NRT,302.07,3.72,D,VIIRS
48.23066,37.17293,350.31,0.46,0.47,2026-08-13,10:58:00,N20,nominal,2.0NRT,305.96,6.75,D,VIIRS
48.2302,37.16668,340.32,0.46,0.47,2026-08-13,10:58:00,N20,nominal,2.0NRT,305.84,6.75,D,VIIRS
48.23499,37.172110000000004,354.32,0.46,0.47,2026-08-13,10:58:00,N20,nominal,2.0NRT,305.42,6.78,D,VIIRS
48.23829,37.04056,340.41,0.45,0.47,2026-08-13,10:58:00,N20,nominal,2.0NRT,303.41,7.87,D,VIIRS
48.23597,37.01001,331.7,0.45,0.47,2026-08-13,10:58:00,N20,nominal,2.0NRT,302.17,2.36,D,VIIRS
48.08109,35.25685,333.19,0.57,0.43,2026-08-13,10:58:00,N20,low,2.0NRT,304.62,7.65,D,VIIRS
48.2469,37.21424,339.62,0.46,0.47,2026-08-13,10:58:00,N20,nominal,2.0NRT,298.79,23.09,D,VIIRS
48.25171,37.21971,341.39,0.46,0.47,2026-08-13,10:58:00,N20,nominal,2.0NRT,308.24,23.09,D,VIIRS
48.25125,37.21348,351.75,0.46,0.47,2026-08-13,10:58:00,N20,nominal,2.0NRT,313.61,23.09,D,VIIRS
47.83715,34.12076,341.66,0.51,0.41,2026-08-13,10:58:00,N20,nominal,2.0NRT,305.98,10.28,D,VIIRS
46.37868,34.0619,337.67,0.49,0.4,2026-08-13,10:58:00,N20,low,2.0NRT,312.23,2.99,D,VIIRS
45.75547,29.18871,342.07,0.38,0.36,2026-08-13,10:58:00,N20,low,2.0NRT,314.07,4.56,D,VIIRS
46.452,34.46157,354.65,0.5,0.41,2026-08-13,10:58:00,N20,nominal,2.0NRT,310.74,5.72,D,VIIRS
46.31962,33.27234,336.97,0.46,0.39,2026-08-13,10:58:00,N20,low,2.0NRT,310.91,13.45,D,VIIRS
46.45575,34.46077,346.18,0.5,0.41,2026-08-13,10:58:00,N20,nominal,2.0NRT,310.18,5.72,D,VIIRS
46.23074,32.50165,344.45,0.43,0.38,2026-08-13,10:58:00,N20,nominal,2.0NRT,311.97,5.41,D,VIIRS
46.22868,32.48491,339.73,0.43,0.38,2026-08-13,10:58:00,N20,low,2.0NRT,314.09,6.12,D,VIIRS
46.46021,34.46654,336.38,0.51,0.41,2026-08-13,10:58:00,N20,low,2.0NRT,309.66,2.29,D,VIIRS
46.23146,32.47847,343.38,0.43,0.38,2026-08-13,10:58:00,N20,nominal,2.0NRT,312.42,5.35,D,VIIRS
46.23077,32.47289,345,0.43,0.38,2026-08-13,10:58:00,N20,nominal,2.0NRT,314.34,5.35,D,VIIRS
46.33392,33.26894,340.47,0.46,0.39,2026-08-13,10:58:00,N20,low,2.0NRT,314.47,8.65,D,VIIRS
46.23772,32.47114,337.95,0.43,0.38,2026-08-13,10:58:00,N20,low,2.0NRT,312.61,6.29,D,VIIRS
47.10312,34.07543,367,0.5,0.41,2026-08-13,10:58:00,N20,low,2.0NRT,326.94,39.92,D,VIIRS
47.15661,34.59843,340.84,0.52,0.42,2026-08-13,10:58:00,N20,nominal,2.0NRT,308.43,12.18,D,VIIRS
47.1573,34.60531,348.03,0.52,0.42,2026-08-13,10:58:00,N20,nominal,2.0NRT,309.59,12.18,D,VIIRS
47.15798,34.61218,344.79,0.52,0.42,2026-08-13,10:58:00,N20,nominal,2.0NRT,311.22,6.12,D,VIIRS
47.22696,35.36994,343.1,0.56,0.43,2026-08-13,10:58:00,N20,nominal,2.0NRT,310.16,5.05,D,VIIRS
47.05361,33.87511,338.86,0.49,0.4,2026-08-13,10:58:00,N20,nominal,2.0NRT,310.88,1.1,D,VIIRS
47.03414,33.80104,344.1,0.48,0.4,2026-08-13,10:58:00,N20,nominal,2.0NRT,308.98,9.89,D,VIIRS
47.13777,34.93741,340.12,0.54,0.42,2026-08-13,10:58:00,N20,nominal,2.0NRT,310.31,6.18,D,VIIRS
47.13391,34.93821,344.66,0.54,0.42,2026-08-13,10:58:00,N20,nominal,2.0NRT,310.18,6.81,D,VIIRS
47.23452,36.00173,334.7,0.4,0.44,2026-08-13,10:58:00,N20,low,2.0NRT,308.52,2.84,D,VIIRS
47.08918,34.64825,345.54,0.52,0.42,2026-08-13,10:58:00,N20,nominal,2.0NRT,310.8,4.47,D,VIIRS
47.08536,34.64906,333.07,0.52,0.42,2026-08-13,10:58:00,N20,low,2.0NRT,307.41,4.47,D,VIIRS
46.89172,32.90408,337.35,0.45,0.39,2026-08-13,10:58:00,N20,low,2.0NRT,311.12,5.96,D,VIIRS
46.89241,32.90998,336.8,0.45,0.39,2026-08-13,10:58:00,N20,low,2.0NRT,309.46,3.68,D,VIIRS
46.92339,33.17855,344.85,0.46,0.39,2026-08-13,10:58:00,N20,nominal,2.0NRT,311.37,4.54,D,VIIRS
46.8868,32.89315,347.38,0.45,0.39,2026-08-13,10:58:00,N20,nominal,2.0NRT,314.21,6.29,D,VIIRS
46.88885,32.91086,347.6,0.45,0.39,2026-08-13,10:58:00,N20,nominal,2.0NRT,312.99,3.68,D,VIIRS
46.91911,33.17338,344.23,0.46,0.39,2026-08-13,10:58:00,N20,nominal,2.0NRT,313.09,4.54,D,VIIRS
47.18752,35.79935,340.77,0.39,0.44,2026-08-13,10:58:00,N20,nominal,2.0NRT,308.87,3.45,D,VIIRS
46.88256,32.88814,346.81,0.45,0.39,2026-08-13,10:58:00,N20,nominal,2.0NRT,311.51,3.11,D,VIIRS
46.88324,32.89403,344.18,0.45,0.39,2026-08-13,10:58:00,N20,nominal,2.0NRT,311.68,3.11,D,VIIRS
46.91553,33.17425,356,0.46,0.39,2026-08-13,10:58:00,N20,nominal,2.0NRT,313.36,8.12,D,VIIRS
47.1835,35.80008,336.6,0.39,0.44,2026-08-13,10:58:00,N20,nominal,2.0NRT,308.1,2.23,D,VIIRS
46.91194,33.17511,346.46,0.46,0.39,2026-08-13,10:58:00,N20,nominal,2.0NRT,312.39,8.12,D,VIIRS
47.12751,35.36678,335.33,0.56,0.43,2026-08-13,10:58:00,N20,low,2.0NRT,309.82,6.22,D,VIIRS
47.1282,35.37416,333.49,0.56,0.43,2026-08-13,10:58:00,N20,low,2.0NRT,308.04,6.22,D,VIIRS
47.12426,35.37494,345.56,0.56,0.43,2026-08-13,10:58:00,N20,nominal,2.0NRT,310.36,6.22,D,VIIRS
47.14964,35.65095,342.2,0.38,0.43,2026-08-13,10:58:00,N20,nominal,2.0NRT,308.43,2.86,D,VIIRS
47.15515,35.71188,333.2,0.38,0.44,2026-08-13,10:58:00,N20,low,2.0NRT,306.97,1.78,D,VIIRS
47.11964,35.36834,342.93,0.56,0.43,2026-08-13,10:58:00,N20,nominal,2.0NRT,309.03,5.82,D,VIIRS
47.12032,35.37572,346.2,0.56,0.43,2026-08-13,10:58:00,N20,nominal,2.0NRT,309.25,5.82,D,VIIRS
47.14508,35.64542,339.21,0.57,0.43,2026-08-13,10:58:00,N20,nominal,2.0NRT,308.66,4.31,D,VIIRS
47.14109,35.64619,336.96,0.57,0.43,2026-08-13,10:58:00,N20,nominal,2.0NRT,309.34,4.31,D,VIIRS
46.8786,33.23902,337.82,0.46,0.39,2026-08-13,10:58:00,N20,low,2.0NRT,311.55,1.9,D,VIIRS
47.12309,35.67164,344.26,0.38,0.43,2026-08-13,10:58:00,N20,nominal,2.0NRT,311.19,15.43,D,VIIRS
46.7434,32.14445,340.07,0.43,0.38,2026-08-13,10:58:00,N20,nominal,2.0NRT,311.14,2.58,D,VIIRS
46.98209,34.27815,336.83,0.5,0.41,2026-08-13,10:58:00,N20,low,2.0NRT,311.39,2.37,D,VIIRS
45.90323,29.99354,337.35,0.39,0.36,2026-08-13,10:58:00,N20,nominal,2.0NRT,302.75,93.49,D,VIIRS
45.90579,29.98762,367,0.39,0.36,2026-08-13,10:58:00,N20,high,2.0NRT,339.65,93.49,D,VIIRS
45.90651,29.99255,349.17,0.39,0.36,2026-08-13,10:58:00,N20,nominal,2.0NRT,310.88,93.49,D,VIIRS
46.46027,34.46583,336.43,0.51,0.41,2026-08-13,10:58:00,N20,nominal,2.0NRT,309.58,1.85,D,VIIRS
46.23901,32.474850000000004,345.46,0.43,0.38,2026-08-13,10:58:00,N20,nominal,2.0NRT,312.68,6.12,D,VIIRS
45.90986,29.99437,348.08,0.39,0.36,2026-08-13,10:58:00,N20,nominal,2.0NRT,311.1,21.68,D,VIIRS
45.90915,29.98944,344.97,0.39,0.36,2026-08-13,10:58:00,N20,nominal,2.0NRT,313.94,21.68,D,VIIRS
45.91243,29.98845,350.03,0.39,0.36,2026-08-13,10:58:00,N20,nominal,2.0NRT,306.33,21.68,D,VIIRS
46.24663,32.47866,341.06,0.43,0.38,2026-08-13,10:58:00,N20,low,2.0NRT,313.21,5.98,D,VIIRS
46.53518,35.02355,347.97,0.53,0.42,2026-08-13,10:58:00,N20,nominal,2.0NRT,311.38,4.76,D,VIIRS
46.54242,35.05755,345.53,0.53,0.42,2026-08-13,10:58:00,N20,nominal,2.0NRT,312.43,9.02,D,VIIRS
48.53526,22.62951,329.01,0.48,0.4,2026-08-13,10:58:00,N20,low,2.0NRT,303.5,3.33,D,VIIRS
49.79932,30.4521,329.24,0.41,0.37,2026-08-13,10:58:00,N20,nominal,2.0NRT,296.55,5.08,D,VIIRS
49.79593,30.45313,345.3,0.41,0.37,2026-08-13,10:58:00,N20,nominal,2.0NRT,296.7,5.08,D,VIIRS
48.43041,22.56904,336.66,0.48,0.4,2026-08-13,10:58:00,N20,nominal,2.0NRT,311.24,22.26,D,VIIRS
50.40541,37.31302,335.78,0.49,0.49,2026-08-13,10:58:00,N20,nominal,2.0NRT,297.45,8.31,D,VIIRS
50.40094,37.31373,338.68,0.49,0.49,2026-08-13,10:58:00,N20,nominal,2.0NRT,295.3,9.85,D,VIIRS
50.40141,37.3208,332.46,0.49,0.49,2026-08-13,10:58:00,N20,nominal,2.0NRT,299.42,4.91,D,VIIRS
50.40284,37.34216,331.25,0.49,0.49,2026-08-13,10:58:00,N20,nominal,2.0NRT,293.23,7.41,D,VIIRS
50.39694,37.32158,333.92,0.49,0.49,2026-08-13,10:58:00,N20,nominal,2.0NRT,293.28,4.91,D,VIIRS
50.39741,37.32866,339.27,0.49,0.49,2026-08-13,10:58:00,N20,nominal,2.0NRT,297.39,4.91,D,VIIRS
50.39788,37.33573,339.69,0.49,0.49,2026-08-13,10:58:00,N20,nominal,2.0NRT,299.26,7.41,D,VIIRS
50.39837,37.34294,351.71,0.49,0.49,2026-08-13,10:58:00,N20,nominal,2.0NRT,299.76,7.41,D,VIIRS
49.09732,26.68026,329.27,0.39,0.36,2026-08-13,10:58:00,N20,low,2.0NRT,303.49,2.76,D,VIIRS
48.41156,22.93316,334.95,0.47,0.4,2026-08-13,10:58:00,N20,nominal,2.0NRT,304.66,7.36,D,VIIRS
49.09407,26.68149,329.23,0.39,0.36,2026-08-13,10:58:00,N20,low,2.0NRT,303.35,2.06,D,VIIRS
49.09167,26.68792,329.84,0.39,0.36,2026-08-13,10:58:00,N20,nominal,2.0NRT,298.29,2.06,D,VIIRS
50.08907,36.83653,339.94,0.46,0.47,2026-08-13,10:58:00,N20,nominal,2.0NRT,301.25,6.8,D,VIIRS
50.08953,36.84314,328.02,0.46,0.47,2026-08-13,10:58:00,N20,nominal,2.0NRT,295.33,5.23,D,VIIRS
50.08884,36.83903,352.07,0.46,0.47,2026-08-13,10:58:00,N20,nominal,2.0NRT,301.41,8.15,D,VIIRS
50.084,36.83327,326.43,0.46,0.47,2026-08-13,10:58:00,N20,low,2.0NRT,298.63,3.13,D,VIIRS
50.0792,37.07359,328.41,0.47,0.48,2026-08-13,10:58:00,N20,nominal,2.0NRT,295.36,4.47,D,VIIRS
50.07479,37.07433,332.45,0.47,0.48,2026-08-13,10:58:00,N20,nominal,2.0NRT,295.17,6.96,D,VIIRS
50.08347,37.39569,329.21,0.49,0.49,2026-08-13,10:58:00,N20,nominal,2.0NRT,294.21,3,D,VIIRS
49.79278,35.94109,332.26,0.42,0.45,2026-08-13,10:58:00,N20,nominal,2.0NRT,294.63,2.18,D,VIIRS
48.32718,25.36555,326.58,0.41,0.37,2026-08-13,10:58:00,N20,nominal,2.0NRT,299.3,1.5,D,VIIRS
49.80285,37.6174,344.83,0.5,0.49,2026-08-13,10:58:00,N20,nominal,2.0NRT,297.85,5.44,D,VIIRS
49.78276,37.79834,334.61,0.51,0.49,2026-08-13,10:58:00,N20,nominal,2.0NRT,298.95,8,D,VIIRS
49.78321,37.80532,338.31,0.51,0.49,2026-08-13,10:58:00,N20,nominal,2.0NRT,294,6.22,D,VIIRS
49.71457,36.86645,339.92,0.46,0.47,2026-08-13,10:58:00,N20,nominal,2.0NRT,300.3,5.3,D,VIIRS
49.70224,37.50024,332.59,0.49,0.49,2026-08-13,10:58:00,N20,nominal,2.0NRT,296.67,4.14,D,VIIRS
49.70479,37.73852,335.07,0.5,0.49,2026-08-13,10:58:00,N20,nominal,2.0NRT,298.15,7.09,D,VIIRS
49.65317,37.64793,328.43,0.5,0.49,2026-08-13,10:58:00,N20,nominal,2.0NRT,297.74,5.35,D,VIIRS
49.467529999999996,36.03164,354.08,0.42,0.45,2026-08-13,10:58:00,N20,nominal,2.0NRT,302.87,18.09,D,VIIRS
48.87113,30.75447,337.87,0.41,0.37,2026-08-13,10:58:00,N20,nominal,2.0NRT,295.88,2.69,D,VIIRS
49.373,35.77613,330.78,0.41,0.45,2026-08-13,10:58:00,N20,nominal,2.0NRT,295.55,2.14,D,VIIRS
49.39625,37.95182,343.47,0.51,0.49,2026-08-13,10:58:00,N20,nominal,2.0NRT,300.89,6.76,D,VIIRS
49.35019,37.8795,340.47,0.51,0.49,2026-08-13,10:58:00,N20,nominal,2.0NRT,298.61,6.79,D,VIIRS
49.1574,35.672,335.88,0.4,0.45,2026-08-13,10:58:00,N20,nominal,2.0NRT,301.43,3.04,D,VIIRS
49.15786,35.67753,333.54,0.4,0.45,2026-08-13,10:58:00,N20,nominal,2.0NRT,301.8,3.04,D,VIIRS
49.15417,35.66864,336.62,0.4,0.44,2026-08-13,10:58:00,N20,nominal,2.0NRT,306.61,4.08,D,VIIRS
49.15465,35.67415,340.78,0.4,0.44,2026-08-13,10:58:00,N20,nominal,2.0NRT,304.34,4.08,D,VIIRS
49.22359,36.77098,329.88,0.45,0.47,2026-08-13,10:58:00,N20,nominal,2.0NRT,297.09,2.71,D,VIIRS
49.29003,37.88136,347.82,0.5,0.49,2026-08-13,10:58:00,N20,nominal,2.0NRT,301.86,13.61,D,VIIRS
49.2905,37.88841,329.68,0.51,0.49,2026-08-13,10:58:00,N20,nominal,2.0NRT,295.03,10.38,D,VIIRS
49.2855,37.88204,353.38,0.5,0.49,2026-08-13,10:58:00,N20,nominal,2.0NRT,302.61,13.61,D,VIIRS
49.28595,37.88902,337.33,0.51,0.49,2026-08-13,10:58:00,N20,nominal,2.0NRT,304.74,10.38,D,VIIRS
46.10703,30.20215,340.72,0.39,0.36,2026-08-13,10:58:00,N20,low,2.0NRT,311.77,2.7,D,VIIRS
45.93524,29.04514,339.59,0.38,0.36,2026-08-13,10:58:00,N20,low,2.0NRT,313.25,2.85,D,VIIRS
46.1096,30.19619,347.17,0.39,0.36,2026-08-13,10:58:00,N20,nominal,2.0NRT,312.93,5.37,D,VIIRS
46.10889,30.1912,350.37,0.39,0.36,2026-08-13,10:58:00,N20,nominal,2.0NRT,316.03,5.37,D,VIIRS
46.60456,34.05457,343.19,0.49,0.4,2026-08-13,10:58:00,N20,nominal,2.0NRT,312.07,4.91,D,VIIRS
46.56746,33.55058,347.74,0.47,0.4,2026-08-13,10:58:00,N20,nominal,2.0NRT,310.53,83.71,D,VIIRS
46.51486,33.09475,333.5,0.45,0.39,2026-08-13,10:58:00,N20,low,2.0NRT,307.88,1.94,D,VIIRS
46.57109,33.54974,367,0.47,0.4,2026-08-13,10:58:00,N20,high,2.0NRT,337.43,83.71,D,VIIRS
46.57471,33.5489,339.79,0.47,0.4,2026-08-13,10:58:00,N20,nominal,2.0NRT,309.03,4.37,D,VIIRS
46.42432,32.20199,342.26,0.43,0.38,2026-08-13,10:58:00,N20,nominal,2.0NRT,316.01,3.55,D,VIIRS
46.86499,36.10124,337.3,0.4,0.44,2026-08-13,10:58:00,N20,nominal,2.0NRT,306.78,2.99,D,VIIRS
46.86453,36.096,340.72,0.4,0.44,2026-08-13,10:58:00,N20,nominal,2.0NRT,309.64,2.99,D,VIIRS
46.86905,36.10045,341.66,0.4,0.44,2026-08-13,10:58:00,N20,nominal,2.0NRT,308.39,9.52,D,VIIRS
46.86858,36.09522,336.49,0.4,0.44,2026-08-13,10:58:00,N20,nominal,2.0NRT,309.76,9.52,D,VIIRS
46.46003,32.21952,355.98,0.43,0.38,2026-08-13,10:58:00,N20,nominal,2.0NRT,315.85,15.92,D,VIIRS
46.46417,32.22416,344.22,0.43,0.38,2026-08-13,10:58:00,N20,nominal,2.0NRT,309.81,15.92,D,VIIRS
46.8767,36.09371,338.49,0.4,0.44,2026-08-13,10:58:00,N20,nominal,2.0NRT,308.24,4.37,D,VIIRS
46.1251,29.69231,340.58,0.39,0.36,2026-08-13,10:58:00,N20,low,2.0NRT,313.25,3.43,D,VIIRS
46.88086,35.73293,341.81,0.38,0.43,2026-08-13,10:58:00,N20,nominal,2.0NRT,308.15,5.87,D,VIIRS
46.88038,35.72789,339.22,0.38,0.43,2026-08-13,10:58:00,N20,nominal,2.0NRT,309.57,5.87,D,VIIRS
46.67372,33.70201,355.74,0.48,0.4,2026-08-13,10:58:00,N20,nominal,2.0NRT,315.35,56.21,D,VIIRS
46.88484,35.73216,348.88,0.38,0.43,2026-08-13,10:58:00,N20,nominal,2.0NRT,313.17,8.68,D,VIIRS
46.88438,35.72712,333.57,0.38,0.43,2026-08-13,10:58:00,N20,low,2.0NRT,307.71,8.68,D,VIIRS
46.67944,33.71985,335.11,0.48,0.4,2026-08-13,10:58:00,N20,low,2.0NRT,308.68,4.18,D,VIIRS
46.67806,33.70739,354.57,0.48,0.4,2026-08-13,10:58:00,N20,nominal,2.0NRT,318.59,12.77,D,VIIRS
46.67736,33.70117,349.44,0.48,0.4,2026-08-13,10:58:00,N20,nominal,2.0NRT,317.79,36.23,D,VIIRS
46.88884,35.73139,347.34,0.38,0.43,2026-08-13,10:58:00,N20,nominal,2.0NRT,307.47,8.68,D,VIIRS
46.68309,33.71901,337.26,0.48,0.4,2026-08-13,10:58:00,N20,low,2.0NRT,310.57,4.18,D,VIIRS
46.68171,33.70655,351.64,0.48,0.4,2026-08-13,10:58:00,N20,nominal,2.0NRT,319.81,12.77,D,VIIRS
46.68674,33.71817,346.44,0.48,0.4,2026-08-13,10:58:00,N20,nominal,2.0NRT,309.92,8.99,D,VIIRS
46.68605,33.71194,340.17,0.48,0.4,2026-08-13,10:58:00,N20,low,2.0NRT,314.93,9.2,D,VIIRS
46.68536,33.70572,344.24,0.48,0.4,2026-08-13,10:58:00,N20,nominal,2.0NRT,312.52,9.2,D,VIIRS
46.69178,33.7298,341.77,0.48,0.4,2026-08-13,10:58:00,N20,nominal,2.0NRT,308.65,4.03,D,VIIRS
46.6904,33.71733,348.07,0.48,0.4,2026-08-13,10:58:00,N20,nominal,2.0NRT,311.47,8.99,D,VIIRS
46.6897,33.7111,353.21,0.48,0.4,2026-08-13,10:58:00,N20,nominal,2.0NRT,315.89,9.2,D,VIIRS
46.57478,32.71943,348.53,0.44,0.39,2026-08-13,10:58:00,N20,nominal,2.0NRT,315.33,7.7,D,VIIRS
46.69474,33.72273,336.3,0.48,0.4,2026-08-13,10:58:00,N20,low,2.0NRT,309.18,6.83,D,VIIRS
46.69265,33.70404,339.51,0.48,0.4,2026-08-13,10:58:00,N20,low,2.0NRT,311.23,10.77,D,VIIRS
46.69057,33.68535,338.68,0.48,0.4,2026-08-13,10:58:00,N20,low,2.0NRT,311.81,7.85,D,VIIRS
46.69909,33.72812,338.22,0.48,0.4,2026-08-13,10:58:00,N20,low,2.0NRT,312.56,4.92,D,VIIRS
46.69491,33.69074,338.11,0.48,0.4,2026-08-13,10:58:00,N20,low,2.0NRT,311.06,5.55,D,VIIRS
46.69421,33.68451,355.92,0.48,0.4,2026-08-13,10:58:00,N20,nominal,2.0NRT,313.62,7.85,D,VIIRS
46.99664,36.70332,340.56,0.42,0.45,2026-08-13,10:58:00,N20,nominal,2.0NRT,307.07,5.31,D,VIIRS
46.99617,36.69776,347.9,0.42,0.45,2026-08-13,10:58:00,N20,nominal,2.0NRT,310.69,5.31,D,VIIRS
46.69855,33.68989,350.85,0.48,0.4,2026-08-13,10:58:00,N20,nominal,2.0NRT,312.09,9.57,D,VIIRS
47.00034,36.69703,334.24,0.42,0.45,2026-08-13,10:58:00,N20,low,2.0NRT,305.92,5.31,D,VIIRS
46.70709,33.73265,335.29,0.48,0.4,2026-08-13,10:58:00,N20,low,2.0NRT,309.19,11.39,D,VIIRS
46.71019,33.69357,367,0.48,0.4,2026-08-13,10:58:00,N20,high,2.0NRT,315.44,10.16,D,VIIRS
46.7123,33.71228,339.73,0.48,0.4,2026-08-13,10:58:00,N20,low,2.0NRT,314.11,3.42,D,VIIRS
46.70585,33.73029,337.54,0.48,0.4,2026-08-13,10:58:00,N20,low,2.0NRT,311.4,4.22,D,VIIRS
46.71114,33.70986,339.31,0.48,0.4,2026-08-13,10:58:00,N20,low,2.0NRT,313.15,3.91,D,VIIRS
46.70978,33.69737,337.24,0.48,0.4,2026-08-13,10:58:00,N20,low,2.0NRT,311.77,5.59,D,VIIRS
46.70911,33.69113,347.78,0.48,0.4,2026-08-13,10:58:00,N20,nominal,2.0NRT,314.07,5.59,D,VIIRS
46.49536,31.86175,345.11,0.42,0.38,2026-08-13,10:58:00,N20,nominal,2.0NRT,313.33,11.26,D,VIIRS
45.81026,28.79095,338.75,0.38,0.36,2026-08-13,10:58:00,N20,low,2.0NRT,310.44,2.3,D,VIIRS
45.98145,29.87498,336.59,0.39,0.36,2026-08-13,10:58:00,N20,low,2.0NRT,311.51,3.73,D,VIIRS
45.98545,29.87892,345.54,0.39,0.36,2026-08-13,10:58:00,N20,nominal,2.0NRT,312.75,3.73,D,VIIRS
45.98473,29.87399,347.52,0.39,0.36,2026-08-13,10:58:00,N20,nominal,2.0NRT,312.47,3.73,D,VIIRS
46.54091,34.21479,338.52,0.5,0.41,2026-08-13,10:58:00,N20,low,2.0NRT,312.03,7.91,D,VIIRS
46.61979,34.92819,348.03,0.53,0.42,2026-08-13,10:58:00,N20,nominal,2.0NRT,313.01,6.15,D,VIIRS
46.30724,32.13245,336.73,0.42,0.38,2026-08-13,10:58:00,N20,low,2.0NRT,310.39,3.71,D,VIIRS
46.54169,34.21321,338.97,0.5,0.41,2026-08-13,10:58:00,N20,low,2.0NRT,311.72,5.68,D,VIIRS
46.3058,32.13615,336.83,0.42,0.38,2026-08-13,10:58:00,N20,low,2.0NRT,309.64,3.7,D,VIIRS
46.61734,34.92767,345.33,0.53,0.42,2026-08-13,10:58:00,N20,nominal,2.0NRT,312.75,4.69,D,VIIRS
46.30924,32.13526,342.82,0.42,0.38,2026-08-13,10:58:00,N20,nominal,2.0NRT,312.65,3.7,D,VIIRS
46.28619,31.95011,339.28,0.42,0.38,2026-08-13,10:58:00,N20,low,2.0NRT,312.6,9.76,D,VIIRS
46.29371,31.95373,346.63,0.42,0.38,2026-08-13,10:58:00,N20,nominal,2.0NRT,313.71,8.7,D,VIIRS
46.29713,31.95282,344.96,0.42,0.38,2026-08-13,10:58:00,N20,nominal,2.0NRT,316.58,6.68,D,VIIRS
46.30056,31.95193,343,0.42,0.38,2026-08-13,10:58:00,N20,nominal,2.0NRT,314.8,6.68,D,VIIRS
46.77913,36.49229,341.29,0.41,0.45,2026-08-13,10:58:00,N20,nominal,2.0NRT,308.45,1.56,D,VIIRS
46.30398,31.95103,345.31,0.42,0.38,2026-08-13,10:58:00,N20,low,2.0NRT,317.52,18.38,D,VIIRS
46.82924,36.7908,336.94,0.42,0.46,2026-08-13,10:58:00,N20,low,2.0NRT,311.93,3.07,D,VIIRS
46.32521,31.92307,349.3,0.42,0.38,2026-08-13,10:58:00,N20,nominal,2.0NRT,317.92,8.27,D,VIIRS
46.32932,31.92758,344.3,0.42,0.38,2026-08-13,10:58:00,N20,low,2.0NRT,315.98,6.94,D,VIIRS
46.78323,36.06044,341.89,0.39,0.44,2026-08-13,10:58:00,N20,nominal,2.0NRT,309.68,28.9,D,VIIRS
46.78774,36.06486,342.96,0.39,0.44,2026-08-13,10:58:00,N20,nominal,2.0NRT,310.81,20.02,D,VIIRS
48.30202,36.1833,334.88,0.42,0.45,2026-08-13,10:58:00,N20,nominal,2.0NRT,304.25,2.08,D,VIIRS
48.40648,37.58151,340.54,0.48,0.48,2026-08-13,10:58:00,N20,nominal,2.0NRT,301.83,5.44,D,VIIRS
48.47262,38.56474,339.89,0.53,0.5,2026-08-13,10:58:00,N20,nominal,2.0NRT,296.58,3.38,D,VIIRS
48.27539,35.96814,335.18,0.41,0.45,2026-08-13,10:58:00,N20,nominal,2.0NRT,302.33,8.72,D,VIIRS
48.27587,35.97369,339.87,0.41,0.45,2026-08-13,10:58:00,N20,nominal,2.0NRT,301.76,8.72,D,VIIRS
48.40203,37.58207,340.32,0.48,0.48,2026-08-13,10:58:00,N20,nominal,2.0NRT,300.91,7.04,D,VIIRS
48.39529,37.55044,332.58,0.48,0.48,2026-08-13,10:58:00,N20,nominal,2.0NRT,302.57,2.91,D,VIIRS
48.39087,37.55105,330.11,0.48,0.48,2026-08-13,10:58:00,N20,nominal,2.0NRT,298.88,2.21,D,VIIRS
47.94056,32.7301,332.7,0.46,0.39,2026-08-13,10:58:00,N20,nominal,2.0NRT,302.61,1.9,D,VIIRS
47.93699,32.731,348.47,0.46,0.39,2026-08-13,10:58:00,N20,nominal,2.0NRT,308.82,5.43,D,VIIRS
47.93411,32.73801,337.06,0.46,0.39,2026-08-13,10:58:00,N20,nominal,2.0NRT,306.47,5.43,D,VIIRS
47.80207,31.89058,338.03,0.43,0.38,2026-08-13,10:58:00,N20,low,2.0NRT,312.66,5.01,D,VIIRS
47.86737,32.71285,334.99,0.46,0.39,2026-08-13,10:58:00,N20,low,2.0NRT,309.13,10.17,D,VIIRS
47.86806,32.71889,339.31,0.46,0.39,2026-08-13,10:58:00,N20,nominal,2.0NRT,307.52,23.77,D,VIIRS
48.46521,39.74556,343.56,0.6,0.53,2026-08-13,10:58:00,N20,nominal,2.0NRT,288.42,83.85,D,VIIRS
48.44948,39.82198,355.99,0.61,0.53,2026-08-13,10:58:00,N20,nominal,2.0NRT,306.55,32.27,D,VIIRS
48.18163,36.0219,343.19,0.41,0.45,2026-08-13,10:58:00,N20,nominal,2.0NRT,301.16,8.13,D,VIIRS
48.26791,37.08518,355.64,0.45,0.47,2026-08-13,10:58:00,N20,nominal,2.0NRT,302.52,9.22,D,VIIRS
47.7985,32.31232,335.49,0.44,0.39,2026-08-13,10:58:00,N20,nominal,2.0NRT,306.97,24.83,D,VIIRS
48.16947,35.92911,330.93,0.4,0.44,2026-08-13,10:58:00,N20,low,2.0NRT,304.31,2.78,D,VIIRS
47.79498,32.31322,336.19,0.44,0.39,2026-08-13,10:58:00,N20,nominal,2.0NRT,308.35,46.97,D,VIIRS
48.16491,35.92434,341.54,0.4,0.44,2026-08-13,10:58:00,N20,nominal,2.0NRT,308.9,4.77,D,VIIRS
48.16538,35.92983,338.82,0.4,0.44,2026-08-13,10:58:00,N20,nominal,2.0NRT,305.05,7.93,D,VIIRS
48.17295,36.01792,331.17,0.41,0.45,2026-08-13,10:58:00,N20,nominal,2.0NRT,302.22,2.15,D,VIIRS
48.17342,36.02343,330.89,0.41,0.45,2026-08-13,10:58:00,N20,nominal,2.0NRT,300.4,2.15,D,VIIRS
48.24757,36.93412,354.35,0.45,0.47,2026-08-13,10:58:00,N20,nominal,2.0NRT,307.78,16.01,D,VIIRS
48.41449,39.44824,339.15,0.58,0.52,2026-08-13,10:58:00,N20,nominal,2.0NRT,297.42,4.26,D,VIIRS
47.79428,32.30732,367,0.44,0.39,2026-08-13,10:58:00,N20,high,2.0NRT,341.57,46.97,D,VIIRS
47.79077,32.30824,335.02,0.44,0.39,2026-08-13,10:58:00,N20,nominal,2.0NRT,304.9,46.97,D,VIIRS
46.99684,36.69939,350.95,0.42,0.45,2026-08-13,10:58:00,N20,nominal,2.0NRT,309.85,10.89,D,VIIRS
46.9964,36.69383,338.15,0.42,0.45,2026-08-13,10:58:00,N20,nominal,2.0NRT,308.04,3.6,D,VIIRS
46.69588,33.53551,345.76,0.47,0.4,2026-08-13,10:58:00,N20,nominal,2.0NRT,315.35,4.98,D,VIIRS
47.00103,36.69866,334.12,0.42,0.45,2026-08-13,10:58:00,N20,low,2.0NRT,304.44,2.95,D,VIIRS
46.70337,33.50228,340.09,0.47,0.4,2026-08-13,10:58:00,N20,nominal,2.0NRT,303.77,18.82,D,VIIRS
46.9807,36.30148,341.34,0.41,0.45,2026-08-13,10:58:00,N20,nominal,2.0NRT,305.71,3.05,D,VIIRS
46.70699,33.50142,355.99,0.47,0.4,2026-08-13,10:58:00,N20,nominal,2.0NRT,313.03,18.82,D,VIIRS
46.9848,36.3007,343.6,0.41,0.45,2026-08-13,10:58:00,N20,nominal,2.0NRT,308.37,4.44,D,VIIRS
46.71129,33.50671,335.39,0.47,0.4,2026-08-13,10:58:00,N20,nominal,2.0NRT,303.57,10.69,D,VIIRS
46.71061,33.50057,354.6,0.47,0.4,2026-08-13,10:58:00,N20,nominal,2.0NRT,312.76,10.69,D,VIIRS
46.64134,32.89074,353.43,0.45,0.39,2026-08-13,10:58:00,N20,nominal,2.0NRT,316.19,6.77,D,VIIRS
46.9889,36.29993,334.17,0.41,0.45,2026-08-13,10:58:00,N20,low,2.0NRT,305.64,4.44,D,VIIRS
46.71491,33.50586,346.81,0.47,0.4,2026-08-13,10:58:00,N20,nominal,2.0NRT,309.81,10.69,D,VIIRS
46.71287,33.48745,337.92,0.47,0.4,2026-08-13,10:58:00,N20,nominal,2.0NRT,300.39,5.3,D,VIIRS
46.64556,32.89572,335.07,0.45,0.39,2026-08-13,10:58:00,N20,low,2.0NRT,310.05,6.77,D,VIIRS
46.99666,36.34194,338.98,0.41,0.45,2026-08-13,10:58:00,N20,low,2.0NRT,309.16,20.29,D,VIIRS
46.71854,33.50501,339.72,0.47,0.4,2026-08-13,10:58:00,N20,nominal,2.0NRT,307.22,6.36,D,VIIRS
46.71717,33.49273,338.49,0.47,0.4,2026-08-13,10:58:00,N20,nominal,2.0NRT,306.2,42.66,D,VIIRS
46.71649,33.4866,367,0.47,0.4,2026-08-13,10:58:00,N20,low,2.0NRT,327.39,42.66,D,VIIRS
46.72284,33.5103,342.93,0.47,0.4,2026-08-13,10:58:00,N20,nominal,2.0NRT,307.12,5.39,D,VIIRS
46.72079,33.49187,355.12,0.47,0.4,2026-08-13,10:58:00,N20,nominal,2.0NRT,306.93,42.66,D,VIIRS
46.72646,33.50945,338.21,0.47,0.4,2026-08-13,10:58:00,N20,nominal,2.0NRT,306.11,6.45,D,VIIRS
46.73077,33.51474,336.51,0.47,0.4,2026-08-13,10:58:00,N20,nominal,2.0NRT,306.24,6.45,D,VIIRS
46.7294,33.50247,344.36,0.47,0.4,2026-08-13,10:58:00,N20,nominal,2.0NRT,311.39,11.98,D,VIIRS
46.72872,33.496339999999996,355.53,0.47,0.4,2026-08-13,10:58:00,N20,nominal,2.0NRT,313.52,11.98,D,VIIRS
46.73508,33.52005,342.2,0.47,0.4,2026-08-13,10:58:00,N20,nominal,2.0NRT,308.04,45.57,D,VIIRS
46.73439,33.5139,352.07,0.47,0.4,2026-08-13,10:58:00,N20,nominal,2.0NRT,309.61,10.14,D,VIIRS
46.73302,33.50162,345.05,0.47,0.4,2026-08-13,10:58:00,N20,nominal,2.0NRT,308.6,5.14,D,VIIRS
46.73234,33.49548,340.27,0.47,0.4,2026-08-13,10:58:00,N20,nominal,2.0NRT,308.5,5.14,D,VIIRS
46.68241,33.05597,339.04,0.45,0.39,2026-08-13,10:58:00,N20,low,2.0NRT,311.44,3.49,D,VIIRS
46.73665,33.50077,349.18,0.47,0.4,2026-08-13,10:58:00,N20,nominal,2.0NRT,311.06,5.14,D,VIIRS
46.74302,33.5245,354.48,0.47,0.4,2026-08-13,10:58:00,N20,nominal,2.0NRT,316.4,13.53,D,VIIRS
46.74096,33.50607,336.89,0.47,0.4,2026-08-13,10:58:00,N20,low,2.0NRT,311.88,12.99,D,VIIRS
46.74027,33.49994,353.78,0.47,0.4,2026-08-13,10:58:00,N20,nominal,2.0NRT,314.01,18.44,D,VIIRS
46.26537,29.81145,344.61,0.39,0.36,2026-08-13,10:58:00,N20,nominal,2.0NRT,307.16,8.88,D,VIIRS
46.95275,35.53041,342.31,0.56,0.43,2026-08-13,10:58:00,N20,nominal,2.0NRT,310.17,8.84,D,VIIRS
46.74664,33.52365,337.93,0.47,0.4,2026-08-13,10:58:00,N20,low,2.0NRT,311.45,13.53,D,VIIRS
46.74596,33.51751,348.55,0.47,0.4,2026-08-13,10:58:00,N20,nominal,2.0NRT,311.1,13.53,D,VIIRS
46.74527,33.51136,355.24,0.47,0.4,2026-08-13,10:58:00,N20,nominal,2.0NRT,311,12.99,D,VIIRS
46.74458,33.50523,349.69,0.47,0.4,2026-08-13,10:58:00,N20,nominal,2.0NRT,314.7,12.99,D,VIIRS
46.26865,29.81046,352.77,0.39,0.36,2026-08-13,10:58:00,N20,nominal,2.0NRT,315.29,8.88,D,VIIRS
46.95671,35.52961,338.15,0.56,0.43,2026-08-13,10:58:00,N20,nominal,2.0NRT,307.41,4.07,D,VIIRS
46.91068,35.05029,345.5,0.54,0.42,2026-08-13,10:58:00,N20,nominal,2.0NRT,309.01,31.98,D,VIIRS
46.75027,33.5228,335.86,0.47,0.4,2026-08-13,10:58:00,N20,nominal,2.0NRT,306.81,9.29,D,VIIRS
46.74958,33.51665,346.5,0.47,0.4,2026-08-13,10:58:00,N20,nominal,2.0NRT,308.29,9.29,D,VIIRS
46.91454,35.04949,346.97,0.54,0.42,2026-08-13,10:58:00,N20,nominal,2.0NRT,310.16,31.98,D,VIIRS
47.52086,34.63108,347.73,0.53,0.42,2026-08-13,10:58:00,N20,nominal,2.0NRT,308.91,10.4,D,VIIRS
47.49845,34.40934,342.79,0.52,0.41,2026-08-13,10:58:00,N20,nominal,2.0NRT,302.12,5.26,D,VIIRS
47.69143,36.24059,342.6,0.41,0.45,2026-08-13,10:58:00,N20,nominal,2.0NRT,304.03,6.63,D,VIIRS
47.80423,37.57896,333.33,0.47,0.48,2026-08-13,10:58:00,N20,nominal,2.0NRT,301.35,2.79,D,VIIRS
47.76595,37.08483,345.66,0.45,0.47,2026-08-13,10:58:00,N20,nominal,2.0NRT,306.63,17.6,D,VIIRS
47.64597,35.68505,341.23,0.39,0.44,2026-08-13,10:58:00,N20,nominal,2.0NRT,300.65,12.25,D,VIIRS
47.63054,35.51836,346.44,0.57,0.43,2026-08-13,10:58:00,N20,nominal,2.0NRT,306.78,6.56,D,VIIRS
47.80912,37.58462,330.35,0.47,0.48,2026-08-13,10:58:00,N20,low,2.0NRT,305.05,2.79,D,VIIRS
47.77026,37.08421,356.12,0.45,0.47,2026-08-13,10:58:00,N20,nominal,2.0NRT,315.15,17.6,D,VIIRS
47.69969,36.23909,343.92,0.41,0.45,2026-08-13,10:58:00,N20,nominal,2.0NRT,307.2,8.15,D,VIIRS
47.64999,35.68428,352.78,0.39,0.44,2026-08-13,10:58:00,N20,nominal,2.0NRT,306.55,12.25,D,VIIRS
46.02976,33.92799,339.25,0.48,0.4,2026-08-13,10:58:00,N20,low,2.0NRT,313.14,6.66,D,VIIRS
49.28643,37.89606,339.38,0.51,0.49,2026-08-13,10:58:00,N20,nominal,2.0NRT,297.18,10.38,D,VIIRS
49.28142,37.88973,347.74,0.51,0.49,2026-08-13,10:58:00,N20,nominal,2.0NRT,297.5,5.69,D,VIIRS
49.25511,37.90821,346.98,0.51,0.49,2026-08-13,10:58:00,N20,nominal,2.0NRT,303.68,18.78,D,VIIRS
49.23645,37.97545,341.35,0.51,0.49,2026-08-13,10:58:00,N20,nominal,2.0NRT,297.9,8.24,D,VIIRS
48.81985,33.22219,340.61,0.48,0.4,2026-08-13,10:58:00,N20,nominal,2.0NRT,305.31,6.16,D,VIIRS
48.81548,33.2165,332.61,0.48,0.4,2026-08-13,10:58:00,N20,nominal,2.0NRT,301.64,5.14,D,VIIRS
49.2119,37.95063,341.61,0.51,0.49,2026-08-13,10:58:00,N20,nominal,2.0NRT,300.17,6.57,D,VIIRS
49.20734,37.95118,336.18,0.51,0.49,2026-08-13,10:58:00,N20,nominal,2.0NRT,296.22,6.57,D,VIIRS
49.21188,37.9536,348.89,0.51,0.49,2026-08-13,10:58:00,N20,nominal,2.0NRT,301.96,14.12,D,VIIRS
48.40959,30.12973,338.8,0.4,0.37,2026-08-13,10:58:00,N20,nominal,2.0NRT,296.37,4.24,D,VIIRS
48.985,35.29137,352.36,0.39,0.44,2026-08-13,10:58:00,N20,nominal,2.0NRT,302.55,5.64,D,VIIRS
46.74257,32.14695,338.02,0.43,0.38,2026-08-13,10:58:00,N20,low,2.0NRT,311.56,2.54,D,VIIRS
46.98214,34.27944,337.02,0.5,0.41,2026-08-13,10:58:00,N20,low,2.0NRT,310.87,3.19,D,VIIRS
47.1216,35.66978,339.08,0.38,0.43,2026-08-13,10:58:00,N20,low,2.0NRT,311.79,9.58,D,VIIRS
47.0006,34.79508,336.8,0.53,0.42,2026-08-13,10:58:00,N20,nominal,2.0NRT,310.7,10.02,D,VIIRS
46.99677,34.79589,336.78,0.53,0.42,2026-08-13,10:58:00,N20,low,2.0NRT,308.59,8.05,D,VIIRS
47.04631,35.30138,343.55,0.55,0.43,2026-08-13,10:58:00,N20,low,2.0NRT,314.09,9.55,D,VIIRS
47.047,35.30867,339.23,0.55,0.43,2026-08-13,10:58:00,N20,low,2.0NRT,312.4,9.55,D,VIIRS
47.04169,35.29487,340.95,0.55,0.43,2026-08-13,10:58:00,N20,low,2.0NRT,311.28,6.09,D,VIIRS
47.04308,35.30946,345.3,0.55,0.43,2026-08-13,10:58:00,N20,nominal,2.0NRT,312.12,9.55,D,VIIRS
47.03777,35.29565,349.72,0.55,0.43,2026-08-13,10:58:00,N20,nominal,2.0NRT,313.85,21.03,D,VIIRS
47.03385,35.29643,353.76,0.55,0.43,2026-08-13,10:58:00,N20,nominal,2.0NRT,315.06,21.03,D,VIIRS
47.03454,35.30373,349.7,0.55,0.43,2026-08-13,10:58:00,N20,nominal,2.0NRT,312.44,16.04,D,VIIRS
46.79024,33.02231,345.49,0.45,0.39,2026-08-13,10:58:00,N20,nominal,2.0NRT,314.41,51.7,D,VIIRS
46.79093,33.02827,349.69,0.45,0.39,2026-08-13,10:58:00,N20,nominal,2.0NRT,316.93,12.95,D,VIIRS
47.02993,35.29721,347.34,0.55,0.43,2026-08-13,10:58:00,N20,nominal,2.0NRT,316.01,29.74,D,VIIRS
47.03062,35.30452,335.17,0.55,0.43,2026-08-13,10:58:00,N20,nominal,2.0NRT,307.13,9.86,D,VIIRS
46.75153,32.78409,340.38,0.45,0.39,2026-08-13,10:58:00,N20,nominal,2.0NRT,312.05,6.83,D,VIIRS
46.67202,32.18252,337.49,0.43,0.38,2026-08-13,10:58:00,N20,low,2.0NRT,312.09,3.92,D,VIIRS
46.67335,32.22247,337.72,0.43,0.38,2026-08-13,10:58:00,N20,low,2.0NRT,311.21,4.56,D,VIIRS
46.6651,32.18432,367,0.43,0.38,2026-08-13,10:58:00,N20,low,2.0NRT,330.12,63.28,D,VIIRS
46.66579,32.18989,350.27,0.43,0.38,2026-08-13,10:58:00,N20,low,2.0NRT,322.2,63.28,D,VIIRS
47.10861,36.50262,332.55,0.42,0.45,2026-08-13,10:58:00,N20,low,2.0NRT,306.73,2.95,D,VIIRS
46.66164,32.18522,354.66,0.43,0.38,2026-08-13,10:58:00,N20,nominal,2.0NRT,315.52,6.85,D,VIIRS
47.18675,37.67911,344.8,0.47,0.48,2026-08-13,10:58:00,N20,nominal,2.0NRT,307.72,6.32,D,VIIRS
47.77456,37.08361,339.8,0.45,0.47,2026-08-13,10:58:00,N20,nominal,2.0NRT,306.44,3.14,D,VIIRS
47.71803,36.35354,341.06,0.42,0.45,2026-08-13,10:58:00,N20,nominal,2.0NRT,305.08,7.55,D,VIIRS
47.76792,37.08337,352.59,0.45,0.47,2026-08-13,10:58:00,N20,nominal,2.0NRT,314.84,18.55,D,VIIRS
47.70207,36.2425,333.04,0.41,0.45,2026-08-13,10:58:00,N20,nominal,2.0NRT,305.33,3.1,D,VIIRS
47.70162,36.23701,337.49,0.41,0.45,2026-08-13,10:58:00,N20,nominal,2.0NRT,308.5,3.1,D,VIIRS
47.77268,37.08881,335.82,0.45,0.47,2026-08-13,10:58:00,N20,nominal,2.0NRT,303.56,10.56,D,VIIRS
47.77222,37.08274,345.16,0.45,0.47,2026-08-13,10:58:00,N20,nominal,2.0NRT,309.99,18.55,D,VIIRS
47.71525,36.35236,346.34,0.42,0.45,2026-08-13,10:58:00,N20,nominal,2.0NRT,305.29,8.62,D,VIIRS
47.81295,37.58327,332.32,0.47,0.48,2026-08-13,10:58:00,N20,low,2.0NRT,305,3.49,D,VIIRS
47.7194,36.35161,334.41,0.42,0.45,2026-08-13,10:58:00,N20,nominal,2.0NRT,304.84,4.42,D,VIIRS
47.48212,33.80381,337.15,0.49,0.4,2026-08-13,10:58:00,N20,low,2.0NRT,308.87,4.54,D,VIIRS
47.4344,33.35737,341.38,0.47,0.4,2026-08-13,10:58:00,N20,nominal,2.0NRT,309.54,3.89,D,VIIRS
47.48582,33.80296,338.17,0.49,0.4,2026-08-13,10:58:00,N20,nominal,2.0NRT,307.56,4.54,D,VIIRS
47.64439,35.38442,332.53,0.57,0.43,2026-08-13,10:58:00,N20,low,2.0NRT,303.05,5.19,D,VIIRS
47.6437,35.37683,339.79,0.57,0.43,2026-08-13,10:58:00,N20,nominal,2.0NRT,306.1,5.19,D,VIIRS
47.48952,33.8021,334.81,0.49,0.4,2026-08-13,10:58:00,N20,nominal,2.0NRT,308.72,2.69,D,VIIRS
47.773,36.86531,336.63,0.44,0.46,2026-08-13,10:58:00,N20,nominal,2.0NRT,304,6.48,D,VIIRS
47.7721,36.85359,345.22,0.44,0.46,2026-08-13,10:58:00,N20,nominal,2.0NRT,310.79,9.67,D,VIIRS
47.77726,36.8646,340.32,0.44,0.46,2026-08-13,10:58:00,N20,nominal,2.0NRT,302.94,4.59,D,VIIRS
47.77681,36.85873,335.99,0.44,0.46,2026-08-13,10:58:00,N20,low,2.0NRT,306.9,4.59,D,VIIRS
47.77635,36.85287,334.4,0.44,0.46,2026-08-13,10:58:00,N20,low,2.0NRT,307.12,3.44,D,VIIRS
47.65094,35.36766,332.08,0.57,0.43,2026-08-13,10:58:00,N20,low,2.0NRT,306.2,5.82,D,VIIRS
47.61931,35.02645,333.72,0.55,0.43,2026-08-13,10:58:00,N20,nominal,2.0NRT,303.6,3.44,D,VIIRS
47.78106,36.85802,349.63,0.44,0.46,2026-08-13,10:58:00,N20,nominal,2.0NRT,308.69,4.59,D,VIIRS
47.78014,36.8463,334.98,0.44,0.46,2026-08-13,10:58:00,N20,low,2.0NRT,308.94,3.44,D,VIIRS
47.76223,36.61973,334.03,0.43,0.46,2026-08-13,10:58:00,N20,low,2.0NRT,308.89,3.18,D,VIIRS
47.78531,36.85731,350.11,0.44,0.46,2026-08-13,10:58:00,N20,nominal,2.0NRT,310.51,4.93,D,VIIRS
47.7844,36.84557,342.36,0.44,0.46,2026-08-13,10:58:00,N20,nominal,2.0NRT,308.48,6.92,D,VIIRS
47.78257,36.82225,348.37,0.44,0.46,2026-08-13,10:58:00,N20,nominal,2.0NRT,307.23,11.29,D,VIIRS
47.78211,36.81644,345.75,0.44,0.46,2026-08-13,10:58:00,N20,nominal,2.0NRT,307.68,6.24,D,VIIRS
47.76598,36.61323,346.63,0.43,0.46,2026-08-13,10:58:00,N20,nominal,2.0NRT,310.19,5.91,D,VIIRS
47.78957,36.85661,334.53,0.44,0.46,2026-08-13,10:58:00,N20,low,2.0NRT,306.85,4.93,D,VIIRS
47.78682,36.82156,345.35,0.44,0.46,2026-08-13,10:58:00,N20,nominal,2.0NRT,306.07,11.29,D,VIIRS
47.78636,36.81574,348.01,0.44,0.46,2026-08-13,10:58:00,N20,nominal,2.0NRT,305.03,6.24,D,VIIRS
47.77017,36.6124,334.62,0.43,0.46,2026-08-13,10:58:00,N20,low,2.0NRT,308.55,5.91,D,VIIRS
47.79382,36.85592,341.18,0.44,0.46,2026-08-13,10:58:00,N20,nominal,2.0NRT,306.12,3.45,D,VIIRS
47.79152,36.82669,334.79,0.44,0.46,2026-08-13,10:58:00,N20,nominal,2.0NRT,304.1,7.32,D,VIIRS
47.7906,36.81504,343.5,0.44,0.46,2026-08-13,10:58:00,N20,nominal,2.0NRT,304.71,8.51,D,VIIRS
46.29765,29.65945,337.7,0.39,0.36,2026-08-13,10:58:00,N20,low,2.0NRT,312.43,8.52,D,VIIRS
46.29413,29.65766,346.21,0.39,0.36,2026-08-13,10:58:00,N20,nominal,2.0NRT,315.42,16.3,D,VIIRS
47.18706,37.67999,342.23,0.47,0.48,2026-08-13,10:58:00,N20,nominal,2.0NRT,306.7,8.59,D,VIIRS
46.94164,35.04392,355.79,0.54,0.42,2026-08-13,10:58:00,N20,nominal,2.0NRT,312.1,13.93,D,VIIRS
46.98201,35.45691,336.16,0.56,0.43,2026-08-13,10:58:00,N20,low,2.0NRT,308.1,2.23,D,VIIRS
46.93777,35.04471,337.9,0.54,0.42,2026-08-13,10:58:00,N20,nominal,2.0NRT,312.53,5.39,D,VIIRS
47.04474,36.22433,344.06,0.4,0.44,2026-08-13,10:58:00,N20,nominal,2.0NRT,311.81,6.64,D,VIIRS
46.92158,35.04079,345.4,0.54,0.42,2026-08-13,10:58:00,N20,nominal,2.0NRT,310.84,8.22,D,VIIRS
46.92228,35.04788,337.43,0.54,0.42,2026-08-13,10:58:00,N20,low,2.0NRT,309.34,8.22,D,VIIRS
47.03762,36.28506,342.01,0.41,0.45,2026-08-13,10:58:00,N20,nominal,2.0NRT,307.22,2.99,D,VIIRS
46.91842,35.04869,336.91,0.54,0.42,2026-08-13,10:58:00,N20,nominal,2.0NRT,309.7,8.22,D,VIIRS
46.91385,35.0424,346.31,0.54,0.42,2026-08-13,10:58:00,N20,nominal,2.0NRT,311.7,31.98,D,VIIRS
48.98548,35.29671,349.73,0.39,0.44,2026-08-13,10:58:00,N20,nominal,2.0NRT,299.52,5.64,D,VIIRS
48.98146,35.29749,337.97,0.39,0.44,2026-08-13,10:58:00,N20,nominal,2.0NRT,297.15,4.78,D,VIIRS
49.15709,37.81987,341.37,0.5,0.49,2026-08-13,10:58:00,N20,nominal,2.0NRT,300.04,8.48,D,VIIRS
49.1368,37.92908,350.99,0.51,0.49,2026-08-13,10:58:00,N20,nominal,2.0NRT,299.17,21.28,D,VIIRS
49.11461,37.66017,331.63,0.49,0.49,2026-08-13,10:58:00,N20,nominal,2.0NRT,298.22,5.22,D,VIIRS
49.11013,37.66087,332.93,0.49,0.49,2026-08-13,10:58:00,N20,nominal,2.0NRT,298.53,5.22,D,VIIRS
49.00738,36.4114,337.79,0.43,0.46,2026-08-13,10:58:00,N20,nominal,2.0NRT,304.78,5.61,D,VIIRS
49.00317,36.41225,344.18,0.43,0.46,2026-08-13,10:58:00,N20,nominal,2.0NRT,306.56,5.61,D,VIIRS
48.84744,34.66574,333.48,0.55,0.42,2026-08-13,10:58:00,N20,nominal,2.0NRT,301.76,4.33,D,VIIRS
49.10526,38.01155,342.37,0.51,0.49,2026-08-13,10:58:00,N20,nominal,2.0NRT,299.9,5.14,D,VIIRS
48.84751,34.66548,333.71,0.55,0.42,2026-08-13,10:58:00,N20,nominal,2.0NRT,301.65,4.09,D,VIIRS
49.00369,36.41338,348.6,0.43,0.46,2026-08-13,10:58:00,N20,nominal,2.0NRT,306.05,6.51,D,VIIRS
48.99949,36.41428,338.74,0.43,0.46,2026-08-13,10:58:00,N20,nominal,2.0NRT,302.26,6.51,D,VIIRS
49.10501,38.0117,343.32,0.51,0.49,2026-08-13,10:58:00,N20,nominal,2.0NRT,299.73,5.69,D,VIIRS
48.91992,35.71957,336.88,0.4,0.44,2026-08-13,10:58:00,N20,nominal,2.0NRT,298.31,1.75,D,VIIRS
49.08931,38.81339,333.65,0.55,0.51,2026-08-13,10:58:00,N20,nominal,2.0NRT,298.98,7.01,D,VIIRS
49.08458,38.81409,346.24,0.55,0.51,2026-08-13,10:58:00,N20,nominal,2.0NRT,302.8,7.01,D,VIIRS
48.27388,30.4744,337.39,0.4,0.37,2026-08-13,10:58:00,N20,nominal,2.0NRT,302.41,3.58,D,VIIRS
48.98172,37.7366,338.91,0.49,0.49,2026-08-13,10:58:00,N20,nominal,2.0NRT,302.31,4.04,D,VIIRS
48.98024,37.73805,337.35,0.49,0.49,2026-08-13,10:58:00,N20,nominal,2.0NRT,300.83,3.86,D,VIIRS
47.68824,35.60086,332.55,0.39,0.44,2026-08-13,10:58:00,N20,low,2.0NRT,305.87,3.76,D,VIIRS
48.79957,35.85212,347.65,0.41,0.45,2026-08-13,10:58:00,N20,nominal,2.0NRT,301.9,10.23,D,VIIRS
48.95306,37.87336,342.24,0.5,0.49,2026-08-13,10:58:00,N20,nominal,2.0NRT,308.69,6.62,D,VIIRS
48.79546,35.85291,352.69,0.41,0.45,2026-08-13,10:58:00,N20,nominal,2.0NRT,304.4,10.23,D,VIIRS
48.91011,37.91512,340.18,0.5,0.49,2026-08-13,10:58:00,N20,nominal,2.0NRT,305.41,4.43,D,VIIRS
48.90559,37.91586,342.53,0.5,0.49,2026-08-13,10:58:00,N20,nominal,2.0NRT,304.76,4.43,D,VIIRS
48.90466,37.91623,341.67,0.5,0.49,2026-08-13,10:58:00,N20,nominal,2.0NRT,302.62,6.73,D,VIIRS
48.83686,37.46941,346.18,0.48,0.48,2026-08-13,10:58:00,N20,nominal,2.0NRT,303.43,8.05,D,VIIRS
48.87598,38.24488,334.05,0.52,0.5,2026-08-13,10:58:00,N20,low,2.0NRT,304.27,4.06,D,VIIRS
48.85772,38.10573,339.64,0.51,0.49,2026-08-13,10:58:00,N20,nominal,2.0NRT,301.74,4.46,D,VIIRS
48.8554,38.14111,339.2,0.51,0.5,2026-08-13,10:58:00,N20,nominal,2.0NRT,299.69,4.8,D,VIIRS
48.86222,38.24734,367,0.52,0.5,2026-08-13,10:58:00,N20,high,2.0NRT,304.58,8.64,D,VIIRS
48.85081,38.14166,340.46,0.51,0.5,2026-08-13,10:58:00,N20,nominal,2.0NRT,299.36,4.8,D,VIIRS
48.85764,38.24822,334.94,0.52,0.5,2026-08-13,10:58:00,N20,nominal,2.0NRT,304.48,8.64,D,VIIRS
48.84023,38.19289,339.62,0.52,0.5,2026-08-13,10:58:00,N20,nominal,2.0NRT,301.18,12.89,D,VIIRS
48.84067,38.19995,338.26,0.52,0.5,2026-08-13,10:58:00,N20,nominal,2.0NRT,304.43,11.73,D,VIIRS
48.84111,38.20702,343.35,0.52,0.5,2026-08-13,10:58:00,N20,nominal,2.0NRT,302.03,11.73,D,VIIRS
48.83563,38.1934,334.91,0.52,0.5,2026-08-13,10:58:00,N20,low,2.0NRT,306.33,12.89,D,VIIRS
48.83607,38.20046,344.97,0.52,0.5,2026-08-13,10:58:00,N20,nominal,2.0NRT,306.38,11.73,D,VIIRS
48.83652,38.20755,354.16,0.52,0.5,2026-08-13,10:58:00,N20,nominal,2.0NRT,303.64,11.73,D,VIIRS
48.83193,38.20815,354.69,0.52,0.5,2026-08-13,10:58:00,N20,nominal,2.0NRT,301.63,15.52,D,VIIRS
48.74102,37.80831,341.42,0.49,0.49,2026-08-13,10:58:00,N20,nominal,2.0NRT,300.65,4.99,D,VIIRS
48.16082,35.92508,341.69,0.4,0.44,2026-08-13,10:58:00,N20,nominal,2.0NRT,308.5,4.77,D,VIIRS
48.16837,36.01318,341.48,0.41,0.45,2026-08-13,10:58:00,N20,nominal,2.0NRT,305.06,4.67,D,VIIRS
48.16884,36.01868,336.7,0.41,0.45,2026-08-13,10:58:00,N20,nominal,2.0NRT,302.4,2.15,D,VIIRS
48.16379,36.00845,338.07,0.41,0.45,2026-08-13,10:58:00,N20,nominal,2.0NRT,302.46,3.13,D,VIIRS
48.15969,36.00921,340.21,0.41,0.45,2026-08-13,10:58:00,N20,nominal,2.0NRT,304.01,3.13,D,VIIRS
48.25559,37.21273,332.64,0.46,0.47,2026-08-13,10:58:00,N20,nominal,2.0NRT,302.46,3.69,D,VIIRS
48.25605,37.21897,340.32,0.46,0.47,2026-08-13,10:58:00,N20,nominal,2.0NRT,301.93,3.69,D,VIIRS
48.15558,36.00998,334.2,0.41,0.45,2026-08-13,10:58:00,N20,nominal,2.0NRT,303.95,14.9,D,VIIRS
47.83442,34.09364,342.93,0.51,0.41,2026-08-13,10:58:00,N20,nominal,2.0NRT,305.66,5.08,D,VIIRS
47.96503,35.4267,331.8,0.38,0.43,2026-08-13,10:58:00,N20,low,2.0NRT,301.88,0.96,D,VIIRS
48.11389,37.21149,337.58,0.46,0.47,2026-08-13,10:58:00,N20,nominal,2.0NRT,300.14,5.37,D,VIIRS
48.07804,36.73513,347.12,0.44,0.46,2026-08-13,10:58:00,N20,nominal,2.0NRT,301.29,4.39,D,VIIRS
48.07713,36.72335,334.69,0.44,0.46,2026-08-13,10:58:00,N20,nominal,2.0NRT,302.48,2.83,D,VIIRS
48.11823,37.21079,349.7,0.46,0.47,2026-08-13,10:58:00,N20,nominal,2.0NRT,304.43,5.37,D,VIIRS
48.11777,37.20458,333.22,0.46,0.47,2026-08-13,10:58:00,N20,nominal,2.0NRT,302.32,5.37,D,VIIRS
48.12257,37.21011,339.16,0.46,0.47,2026-08-13,10:58:00,N20,nominal,2.0NRT,301.18,3.4,D,VIIRS
47.69374,32.65242,341.1,0.45,0.39,2026-08-13,10:58:00,N20,nominal,2.0NRT,309.88,10.66,D,VIIRS
48.1292,37.24048,334.37,0.46,0.47,2026-08-13,10:58:00,N20,nominal,2.0NRT,302.44,2.73,D,VIIRS
47.69729,32.65152,336.69,0.45,0.39,2026-08-13,10:58:00,N20,nominal,2.0NRT,306.65,10.66,D,VIIRS
48.13355,37.23982,332.19,0.46,0.47,2026-08-13,10:58:00,N20,low,2.0NRT,302.8,4.94,D,VIIRS
48.13791,37.23916,341.72,0.46,0.47,2026-08-13,10:58:00,N20,nominal,2.0NRT,303.83,4.94,D,VIIRS
48.16183,37.44541,333.24,0.47,0.48,2026-08-13,10:58:00,N20,nominal,2.0NRT,302.73,4.48,D,VIIRS
48.22602,38.24276,337.26,0.51,0.49,2026-08-13,10:58:00,N20,nominal,2.0NRT,301.72,5.24,D,VIIRS
47.90311,34.23865,330.32,0.51,0.41,2026-08-13,10:58:00,N20,nominal,2.0NRT,298.32,3.77,D,VIIRS
47.90689,34.23781,332.45,0.51,0.41,2026-08-13,10:58:00,N20,nominal,2.0NRT,302.16,3.77,D,VIIRS
48.0371,35.54929,342.82,0.39,0.44,2026-08-13,10:58:00,N20,nominal,2.0NRT,304.67,6.28,D,VIIRS
48.21913,37.74413,348.56,0.49,0.48,2026-08-13,10:58:00,N20,nominal,2.0NRT,302.24,8.39,D,VIIRS
47.68777,35.59562,332.19,0.39,0.44,2026-08-13,10:58:00,N20,low,2.0NRT,306.13,4.07,D,VIIRS
48.21866,37.73756,338.69,0.49,0.48,2026-08-13,10:58:00,N20,nominal,2.0NRT,301.67,4.67,D,VIIRS
47.88914,33.9912,330.11,0.5,0.41,2026-08-13,10:58:00,N20,low,2.0NRT,304.12,2.61,D,VIIRS
48.25421,38.1823,348.39,0.51,0.49,2026-08-13,10:58:00,N20,nominal,2.0NRT,300.64,6.22,D,VIIRS
47.84155,37.42577,340.98,0.47,0.47,2026-08-13,10:58:00,N20,nominal,2.0NRT,303.64,6.51,D,VIIRS
47.79762,36.84935,336.13,0.44,0.46,2026-08-13,10:58:00,N20,low,2.0NRT,308.4,5.37,D,VIIRS
47.79531,36.82018,337.08,0.44,0.46,2026-08-13,10:58:00,N20,nominal,2.0NRT,303.17,7.32,D,VIIRS
47.79485,36.81434,338.47,0.44,0.46,2026-08-13,10:58:00,N20,nominal,2.0NRT,303.3,8.51,D,VIIRS
47.79017,36.75532,339.03,0.43,0.46,2026-08-13,10:58:00,N20,nominal,2.0NRT,307.9,2.78,D,VIIRS
47.78366,36.67395,345.07,0.43,0.46,2026-08-13,10:58:00,N20,nominal,2.0NRT,317.02,38.73,D,VIIRS
47.74932,36.25618,331.73,0.41,0.45,2026-08-13,10:58:00,N20,nominal,2.0NRT,303.78,2.56,D,VIIRS
47.84592,37.42506,340.92,0.47,0.47,2026-08-13,10:58:00,N20,nominal,2.0NRT,302.9,3.88,D,VIIRS
47.845,37.41257,337.02,0.46,0.47,2026-08-13,10:58:00,N20,nominal,2.0NRT,303.43,7,D,VIIRS
47.80187,36.84865,355.42,0.44,0.46,2026-08-13,10:58:00,N20,nominal,2.0NRT,309.03,7.65,D,VIIRS
47.79956,36.81948,342.87,0.44,0.46,2026-08-13,10:58:00,N20,nominal,2.0NRT,307.72,7.12,D,VIIRS
47.7944,36.75457,347.81,0.43,0.46,2026-08-13,10:58:00,N20,nominal,2.0NRT,317.45,39.35,D,VIIRS
47.78788,36.67322,345.38,0.43,0.46,2026-08-13,10:58:00,N20,nominal,2.0NRT,309.44,5.41,D,VIIRS
47.66849,35.29568,338.62,0.56,0.43,2026-08-13,10:58:00,N20,nominal,2.0NRT,301.64,5.37,D,VIIRS
47.8503,37.42443,332.69,0.47,0.47,2026-08-13,10:58:00,N20,nominal,2.0NRT,301.97,3.88,D,VIIRS
47.84937,37.41188,343.39,0.46,0.47,2026-08-13,10:58:00,N20,nominal,2.0NRT,304.19,7,D,VIIRS
47.80612,36.84795,340.89,0.44,0.46,2026-08-13,10:58:00,N20,nominal,2.0NRT,303.69,7.65,D,VIIRS
47.80566,36.84209,351.52,0.44,0.46,2026-08-13,10:58:00,N20,nominal,2.0NRT,308.24,7.65,D,VIIRS
47.80427,36.8246,330.53,0.44,0.46,2026-08-13,10:58:00,N20,low,2.0NRT,304.75,7.12,D,VIIRS
47.7921,36.67251,343.3,0.43,0.46,2026-08-13,10:58:00,N20,nominal,2.0NRT,307.4,5.41,D,VIIRS
47.56865,34.23311,338.59,0.51,0.41,2026-08-13,10:58:00,N20,nominal,2.0NRT,305.05,11.76,D,VIIRS
47.338,32.17131,339.72,0.43,0.38,2026-08-13,10:58:00,N20,low,2.0NRT,311.93,4.97,D,VIIRS
47.80899,36.82974,338.93,0.44,0.46,2026-08-13,10:58:00,N20,nominal,2.0NRT,306.93,8.29,D,VIIRS
47.80853,36.82392,345.58,0.44,0.46,2026-08-13,10:58:00,N20,nominal,2.0NRT,310.89,36.87,D,VIIRS
47.66101,35.13028,334.49,0.55,0.43,2026-08-13,10:58:00,N20,low,2.0NRT,309.15,7.05,D,VIIRS
47.57241,34.23226,344.23,0.51,0.41,2026-08-13,10:58:00,N20,nominal,2.0NRT,302.58,7.62,D,VIIRS
48.22265,37.73037,343.29,0.48,0.48,2026-08-13,10:58:00,N20,nominal,2.0NRT,301.84,7.2,D,VIIRS
47.89288,33.99034,343.3,0.5,0.41,2026-08-13,10:58:00,N20,nominal,2.0NRT,308.45,7.87,D,VIIRS
48.04913,35.54683,336.56,0.39,0.44,2026-08-13,10:58:00,N20,nominal,2.0NRT,303.01,2.19,D,VIIRS
48.04866,35.54161,336.31,0.39,0.44,2026-08-13,10:58:00,N20,nominal,2.0NRT,306.17,3.1,D,VIIRS
47.86383,33.43851,332.26,0.48,0.4,2026-08-13,10:58:00,N20,low,2.0NRT,305.29,3.52,D,VIIRS
47.88397,37.34361,340.9,0.46,0.47,2026-08-13,10:58:00,N20,nominal,2.0NRT,303.14,8.49,D,VIIRS
47.88349,37.33744,340.03,0.46,0.47,2026-08-13,10:58:00,N20,nominal,2.0NRT,305.47,9.54,D,VIIRS
47.82384,36.59111,354.09,0.43,0.46,2026-08-13,10:58:00,N20,nominal,2.0NRT,308.82,12.63,D,VIIRS
47.82336,36.5854,345.98,0.43,0.46,2026-08-13,10:58:00,N20,nominal,2.0NRT,305.17,4.19,D,VIIRS
47.70341,35.19734,333.2,0.56,0.43,2026-08-13,10:58:00,N20,low,2.0NRT,304.6,3.42,D,VIIRS
47.73512,35.49064,332.89,0.57,0.43,2026-08-13,10:58:00,N20,low,2.0NRT,305.66,4.29,D,VIIRS
47.3777,32.17283,343.82,0.43,0.38,2026-08-13,10:58:00,N20,nominal,2.0NRT,312.9,4.51,D,VIIRS
47.73911,35.48985,334.18,0.57,0.43,2026-08-13,10:58:00,N20,low,2.0NRT,306.88,4.29,D,VIIRS
47.73767,35.47444,338.3,0.57,0.43,2026-08-13,10:58:00,N20,nominal,2.0NRT,305.43,3.73,D,VIIRS
47.71307,35.1726,336.26,0.56,0.43,2026-08-13,10:58:00,N20,nominal,2.0NRT,301.56,3.69,D,VIIRS
47.92069,37.53456,343.39,0.47,0.48,2026-08-13,10:58:00,N20,nominal,2.0NRT,306.64,7.57,D,VIIRS
47.71844,35.18672,335.6,0.56,0.43,2026-08-13,10:58:00,N20,nominal,2.0NRT,302.07,18.88,D,VIIRS
47.71772,35.17926,304.93,0.56,0.43,2026-08-13,10:58:00,N20,low,2.0NRT,306.99,18.88,D,VIIRS
47.72237,35.18591,337.12,0.56,0.43,2026-08-13,10:58:00,N20,nominal,2.0NRT,305.77,48.82,D,VIIRS
47.73906,35.47385,335.24,0.57,0.43,2026-08-13,10:58:00,N20,low,2.0NRT,306.38,8.63,D,VIIRS
47.71193,35.1723,336.23,0.56,0.43,2026-08-13,10:58:00,N20,nominal,2.0NRT,301.69,5.49,D,VIIRS
47.71722,35.18645,334.74,0.56,0.43,2026-08-13,10:58:00,N20,nominal,2.0NRT,300.85,21.47,D,VIIRS
46.27399,34.73986,351.75,0.52,0.41,2026-08-13,10:58:00,N20,nominal,2.0NRT,312.42,8.89,D,VIIRS
46.27708,34.73239,353.41,0.51,0.41,2026-08-13,10:58:00,N20,nominal,2.0NRT,313.12,8.89,D,VIIRS
45.60912,29.48482,334.37,0.38,0.36,2026-08-13,10:58:00,N20,low,2.0NRT,308.81,2.65,D,VIIRS
46.27675,34.73756,367,0.52,0.41,2026-08-13,10:58:00,N20,high,2.0NRT,311.36,10.81,D,VIIRS
46.27608,34.73088,343.59,0.52,0.41,2026-08-13,10:58:00,N20,nominal,2.0NRT,313.46,6.83,D,VIIRS
46.27987,34.73007,338.08,0.52,0.41,2026-08-13,10:58:00,N20,nominal,2.0NRT,309.83,2.65,D,VIIRS
46.26792,34.53615,346.3,0.51,0.41,2026-08-13,10:58:00,N20,nominal,2.0NRT,314.3,12.31,D,VIIRS
46.27167,34.53537,344.53,0.51,0.41,2026-08-13,10:58:00,N20,nominal,2.0NRT,313.02,12.31,D,VIIRS
45.67706,29.52695,339.77,0.38,0.36,2026-08-13,10:58:00,N20,nominal,2.0NRT,309.05,3.31,D,VIIRS
45.53582,28.59326,338.83,0.39,0.36,2026-08-13,10:58:00,N20,low,2.0NRT,313.78,3.27,D,VIIRS
47.81324,36.82904,332.11,0.44,0.46,2026-08-13,10:58:00,N20,low,2.0NRT,306.22,8.29,D,VIIRS
47.83809,37.08986,349.24,0.45,0.47,2026-08-13,10:58:00,N20,nominal,2.0NRT,305.71,6.69,D,VIIRS
47.83762,37.08379,341.09,0.45,0.47,2026-08-13,10:58:00,N20,nominal,2.0NRT,308.87,7.02,D,VIIRS
47.81749,36.82834,344.58,0.44,0.46,2026-08-13,10:58:00,N20,nominal,2.0NRT,307.69,3.96,D,VIIRS
47.86875,37.43441,355.06,0.47,0.47,2026-08-13,10:58:00,N20,nominal,2.0NRT,309.47,32.32,D,VIIRS
47.81887,36.79196,340.76,0.44,0.46,2026-08-13,10:58:00,N20,nominal,2.0NRT,304.57,4.34,D,VIIRS
47.87125,37.4088,341.93,0.46,0.47,2026-08-13,10:58:00,N20,nominal,2.0NRT,301.98,6.07,D,VIIRS
47.8231,36.79117,341.03,0.44,0.46,2026-08-13,10:58:00,N20,nominal,2.0NRT,303.45,20.61,D,VIIRS
47.82687,36.78455,345.26,0.44,0.46,2026-08-13,10:58:00,N20,nominal,2.0NRT,311.37,33.75,D,VIIRS
47.83353,36.813720000000004,340.51,0.44,0.46,2026-08-13,10:58:00,N20,nominal,2.0NRT,306.97,3.89,D,VIIRS
47.83158,36.78969,342.33,0.44,0.46,2026-08-13,10:58:00,N20,nominal,2.0NRT,308.13,5.98,D,VIIRS
47.83064,36.77802,342.75,0.44,0.46,2026-08-13,10:58:00,N20,nominal,2.0NRT,308,8.07,D,VIIRS
47.83017,36.77219,342.11,0.43,0.46,2026-08-13,10:58:00,N20,nominal,2.0NRT,307.13,7.7,D,VIIRS
47.81591,36.5983,345.75,0.43,0.46,2026-08-13,10:58:00,N20,nominal,2.0NRT,308.69,4.93,D,VIIRS
47.81449,36.58115,353.83,0.43,0.46,2026-08-13,10:58:00,N20,nominal,2.0NRT,308.07,10.94,D,VIIRS
47.87962,37.34442,340.67,0.46,0.47,2026-08-13,10:58:00,N20,nominal,2.0NRT,300.74,21.47,D,VIIRS
47.83535,36.78309,342.7,0.44,0.46,2026-08-13,10:58:00,N20,nominal,2.0NRT,306.28,8.07,D,VIIRS
47.8344,36.77146,346.27,0.43,0.46,2026-08-13,10:58:00,N20,nominal,2.0NRT,307.76,7.7,D,VIIRS
47.81916,36.58614,338.11,0.43,0.46,2026-08-13,10:58:00,N20,nominal,2.0NRT,307.01,10.94,D,VIIRS
47.81869,36.58042,352.2,0.43,0.46,2026-08-13,10:58:00,N20,nominal,2.0NRT,309.1,10.94,D,VIIRS
45.53908,28.59221,351.91,0.39,0.36,2026-08-13,10:58:00,N20,nominal,2.0NRT,313.05,5.04,D,VIIRS
45.68025,29.48007,354.88,0.38,0.36,2026-08-13,10:58:00,N20,nominal,2.0NRT,310.03,11.08,D,VIIRS
46.32336,34.37073,338.65,0.5,0.41,2026-08-13,10:58:00,N20,low,2.0NRT,312.2,3.14,D,VIIRS
46.32267,34.36425,336.69,0.5,0.41,2026-08-13,10:58:00,N20,low,2.0NRT,311.52,3.14,D,VIIRS
46.15344,32.84279,340.59,0.44,0.38,2026-08-13,10:58:00,N20,nominal,2.0NRT,311.47,3.73,D,VIIRS
46.12529,32.61114,346.33,0.43,0.38,2026-08-13,10:58:00,N20,nominal,2.0NRT,315.94,8.67,D,VIIRS
46.1246,32.60554,338.3,0.43,0.38,2026-08-13,10:58:00,N20,low,2.0NRT,313.12,5.95,D,VIIRS
46.12878,32.61026,351.38,0.43,0.38,2026-08-13,10:58:00,N20,nominal,2.0NRT,315.52,8.67,D,VIIRS
46.13226,32.60939,345.47,0.43,0.38,2026-08-13,10:58:00,N20,nominal,2.0NRT,312.65,5.31,D,VIIRS
46.13923,32.60764,340.96,0.43,0.38,2026-08-13,10:58:00,N20,low,2.0NRT,315.23,3.43,D,VIIRS
46.14272,32.60677,340.98,0.43,0.38,2026-08-13,10:58:00,N20,low,2.0NRT,314.21,3.43,D,VIIRS
46.44457,34.91569,341.79,0.53,0.42,2026-08-13,10:58:00,N20,low,2.0NRT,313.68,5.51,D,VIIRS
46.3713,34.06354,338.28,0.49,0.4,2026-08-13,10:58:00,N20,low,2.0NRT,312.9,31.61,D,VIIRS
48.74727,37.96785,335.73,0.5,0.49,2026-08-13,10:58:00,N20,nominal,2.0NRT,304.26,3.88,D,VIIRS
48.07194,31.1864,336.79,0.42,0.37,2026-08-13,10:58:00,N20,nominal,2.0NRT,309.53,5.26,D,VIIRS
48.70057,37.95325,339.48,0.5,0.49,2026-08-13,10:58:00,N20,nominal,2.0NRT,302.25,6.36,D,VIIRS
48.70102,37.96016,340.49,0.5,0.49,2026-08-13,10:58:00,N20,nominal,2.0NRT,301.85,8.17,D,VIIRS
48.69648,37.96068,355.61,0.5,0.49,2026-08-13,10:58:00,N20,nominal,2.0NRT,304.27,8.17,D,VIIRS
48.69193,37.96115,336.22,0.5,0.49,2026-08-13,10:58:00,N20,nominal,2.0NRT,298.84,3.26,D,VIIRS
48.69103,38.01839,345.25,0.51,0.49,2026-08-13,10:58:00,N20,nominal,2.0NRT,302.14,7.88,D,VIIRS
48.68649,38.01909,344.36,0.51,0.49,2026-08-13,10:58:00,N20,nominal,2.0NRT,304.2,8.04,D,VIIRS
48.68823,38.04656,342.96,0.51,0.49,2026-08-13,10:58:00,N20,nominal,2.0NRT,299.25,7.03,D,VIIRS
48.68195,38.01974,330.32,0.51,0.49,2026-08-13,10:58:00,N20,nominal,2.0NRT,300.89,8.04,D,VIIRS
48.69562,37.96281,350.19,0.5,0.49,2026-08-13,10:58:00,N20,nominal,2.0NRT,303.09,16.72,D,VIIRS
48.69046,38.02046,345.02,0.5,0.49,2026-08-13,10:58:00,N20,nominal,2.0NRT,305.07,10.77,D,VIIRS
47.87524,30.15479,338.79,0.4,0.37,2026-08-13,10:58:00,N20,nominal,2.0NRT,304.45,2.41,D,VIIRS
48.68592,38.02114,350.21,0.5,0.49,2026-08-13,10:58:00,N20,nominal,2.0NRT,304.66,10.77,D,VIIRS
48.68781,38.04861,341.74,0.51,0.49,2026-08-13,10:58:00,N20,nominal,2.0NRT,299.48,6.81,D,VIIRS
48.68138,38.02176,341.14,0.5,0.49,2026-08-13,10:58:00,N20,nominal,2.0NRT,301.43,8.37,D,VIIRS
47.86788,30.15155,340.82,0.4,0.37,2026-08-13,10:58:00,N20,nominal,2.0NRT,312.24,5.16,D,VIIRS
48.67683,38.02236,345.78,0.5,0.49,2026-08-13,10:58:00,N20,nominal,2.0NRT,301.37,8.37,D,VIIRS
48.69367,38.27298,338.82,0.52,0.5,2026-08-13,10:58:00,N20,nominal,2.0NRT,301.72,5.67,D,VIIRS
47.86528,30.1578,335.82,0.4,0.37,2026-08-13,10:58:00,N20,nominal,2.0NRT,304.68,9.52,D,VIIRS
47.866,30.16306,347.44,0.4,0.37,2026-08-13,10:58:00,N20,nominal,2.0NRT,304.07,9.52,D,VIIRS
47.86672,30.16831,335.13,0.4,0.37,2026-08-13,10:58:00,N20,low,2.0NRT,305.89,5.82,D,VIIRS
48.68909,38.27393,350.01,0.52,0.5,2026-08-13,10:58:00,N20,nominal,2.0NRT,306.24,26.25,D,VIIRS
48.69004,38.28828,341.35,0.52,0.5,2026-08-13,10:58:00,N20,nominal,2.0NRT,303.9,16.87,D,VIIRS
48.69051,38.29548,338.26,0.52,0.5,2026-08-13,10:58:00,N20,nominal,2.0NRT,298.38,48.04,D,VIIRS
47.86268,30.16407,352.31,0.4,0.37,2026-08-13,10:58:00,N20,nominal,2.0NRT,312.41,9.52,D,VIIRS
48.68546,38.28918,340.92,0.52,0.5,2026-08-13,10:58:00,N20,nominal,2.0NRT,308.28,16.87,D,VIIRS
48.64314,37.79799,331.21,0.49,0.49,2026-08-13,10:58:00,N20,nominal,2.0NRT,303.57,2.94,D,VIIRS
48.6405,37.8255,333.08,0.49,0.49,2026-08-13,10:58:00,N20,nominal,2.0NRT,299.53,5.1,D,VIIRS
51.57803,26.61338,332.45,0.38,0.36,2026-08-13,10:58:00,N20,nominal,2.0NRT,298.53,4.65,D,VIIRS
51.2654,26.28808,347.9,0.38,0.36,2026-08-13,10:58:00,N20,nominal,2.0NRT,303.13,6.28,D,VIIRS
51.26243,26.29108,347.27,0.38,0.36,2026-08-13,10:58:00,N20,nominal,2.0NRT,302.71,6.4,D,VIIRS
50.88279,24.40724,338.6,0.4,0.37,2026-08-13,10:58:00,N20,nominal,2.0NRT,304.89,5.63,D,VIIRS
50.88378,24.41281,338.88,0.4,0.37,2026-08-13,10:58:00,N20,nominal,2.0NRT,297.43,5.63,D,VIIRS
48.63275,37.77903,339.09,0.49,0.49,2026-08-13,10:58:00,N20,nominal,2.0NRT,302.56,4,D,VIIRS
48.63553,37.81936,339.65,0.49,0.49,2026-08-13,10:58:00,N20,nominal,2.0NRT,303.32,7.97,D,VIIRS
48.636,37.82615,339.86,0.49,0.49,2026-08-13,10:58:00,N20,nominal,2.0NRT,301.89,5.1,D,VIIRS
48.63978,37.88128,349,0.5,0.49,2026-08-13,10:58:00,N20,nominal,2.0NRT,304.08,8.2,D,VIIRS
48.63005,38.00815,355.49,0.5,0.49,2026-08-13,10:58:00,N20,nominal,2.0NRT,305.42,20.81,D,VIIRS
48.62551,38.00875,352.15,0.5,0.49,2026-08-13,10:58:00,N20,nominal,2.0NRT,304.54,22.59,D,VIIRS
48.61913,37.98149,331.15,0.5,0.49,2026-08-13,10:58:00,N20,nominal,2.0NRT,299.26,2.98,D,VIIRS
48.52491,22.55948,337.02,0.72,0.76,2026-08-13,12:40:00,N20,nominal,2.0NRT,291.57,5.52,D,VIIRS
51.77478,34.25966,307.16,0.55,0.51,2026-08-13,23:09:00,N20,nominal,2.0NRT,279.09,1.7,N,VIIRS
45.7423,29.7601,301.13,0.4,0.6,2026-08-13,23:12:00,N20,nominal,2.0NRT,283.88,0.93,N,VIIRS
45.74805,29.75537,299.55,0.4,0.6,2026-08-13,23:12:00,N20,nominal,2.0NRT,283.43,1.92,N,VIIRS
45.74824,29.75017,330.05,0.4,0.6,2026-08-13,23:12:00,N20,nominal,2.0NRT,284.04,1.92,N,VIIRS
45.75264,29.78166,303.47,0.4,0.6,2026-08-13,23:12:00,N20,nominal,2.0NRT,283.72,1.98,N,VIIRS
45.75283,29.77657,323.08,0.4,0.6,2026-08-13,23:12:00,N20,nominal,2.0NRT,283.86,2.67,N,VIIRS
46.01888,33.93472,298.2,0.5,0.49,2026-08-13,23:12:00,N20,nominal,2.0NRT,284.63,0.46,N,VIIRS
46.22962,29.99853,300.89,0.39,0.59,2026-08-13,23:12:00,N20,nominal,2.0NRT,282.39,0.79,N,VIIRS
46.15915,32.83971,310.6,0.57,0.52,2026-08-13,23:12:00,N20,nominal,2.0NRT,283.83,2.23,N,VIIRS
46.15871,32.83943,311,0.57,0.52,2026-08-13,23:12:00,N20,nominal,2.0NRT,283.75,2.8,N,VIIRS
46.08183,34.58086,300.58,0.47,0.48,2026-08-13,23:12:00,N20,nominal,2.0NRT,286.19,0.55,N,VIIRS
47.87051,33.39121,300.35,0.56,0.51,2026-08-13,23:12:00,N20,nominal,2.0NRT,287.12,1.48,N,VIIRS
47.87249,33.43698,301.42,0.55,0.51,2026-08-13,23:12:00,N20,nominal,2.0NRT,286.55,2.51,N,VIIRS
47.87387,33.41443,304.2,0.56,0.51,2026-08-13,23:12:00,N20,nominal,2.0NRT,287.2,2.16,N,VIIRS
47.87202,33.44451,324.37,0.55,0.51,2026-08-13,23:12:00,N20,nominal,2.0NRT,287.2,2.51,N,VIIRS
47.87954,33.40008,303.49,0.56,0.51,2026-08-13,23:12:00,N20,nominal,2.0NRT,287.84,1.23,N,VIIRS
47.88475,33.39312,297.91,0.56,0.51,2026-08-13,23:12:00,N20,nominal,2.0NRT,285.3,1.23,N,VIIRS
46.09891,34.58991,304.44,0.47,0.48,2026-08-13,23:12:00,N20,nominal,2.0NRT,287.05,0.76,N,VIIRS
46.09939,34.58373,297.85,0.47,0.48,2026-08-13,23:12:00,N20,nominal,2.0NRT,286.42,0.79,N,VIIRS
46.31824,32.04765,302.28,0.62,0.54,2026-08-13,23:12:00,N20,nominal,2.0NRT,283.37,1.47,N,VIIRS
46.31872,32.03941,301.01,0.63,0.54,2026-08-13,23:12:00,N20,nominal,2.0NRT,283.93,1.47,N,VIIRS
46.32324,32.04823,306.81,0.62,0.54,2026-08-13,23:12:00,N20,nominal,2.0NRT,282.63,1.47,N,VIIRS
46.3308,31.91592,312.93,0.63,0.54,2026-08-13,23:12:00,N20,nominal,2.0NRT,283.89,1.88,N,VIIRS
46.31821,32.04549,314.57,0.63,0.54,2026-08-13,23:12:00,N20,nominal,2.0NRT,283.82,2,N,VIIRS
46.3232,32.0461,303.63,0.63,0.54,2026-08-13,23:12:00,N20,nominal,2.0NRT,282.65,1.59,N,VIIRS
46.33006,31.91354,312.45,0.63,0.54,2026-08-13,23:12:00,N20,nominal,2.0NRT,283.83,2.93,N,VIIRS
46.32556,32.94382,310.51,0.57,0.52,2026-08-13,23:12:00,N20,nominal,2.0NRT,284.91,1.35,N,VIIRS
46.33033,32.94448,300.74,0.57,0.52,2026-08-13,23:12:00,N20,nominal,2.0NRT,283.62,0.57,N,VIIRS
46.28962,34.19485,296.9,0.49,0.49,2026-08-13,23:12:00,N20,nominal,2.0NRT,283.69,0.49,N,VIIRS
46.39122,32.74799,301.99,0.58,0.52,2026-08-13,23:12:00,N20,nominal,2.0NRT,283.36,1.03,N,VIIRS
46.39654,32.74097,295.62,0.58,0.52,2026-08-13,23:12:00,N20,nominal,2.0NRT,282.51,1.03,N,VIIRS
48.97849,38.63669,304.31,0.51,0.41,2026-08-13,23:12:00,N20,nominal,2.0NRT,282.08,1.69,N,VIIRS
48.97324,38.64975,301.25,0.51,0.41,2026-08-13,23:12:00,N20,nominal,2.0NRT,282.54,1.22,N,VIIRS
49.05948,37.63465,310.46,0.56,0.43,2026-08-13,23:12:00,N20,nominal,2.0NRT,279.87,1.48,N,VIIRS
49.01534,38.08677,318.66,0.54,0.42,2026-08-13,23:12:00,N20,nominal,2.0NRT,282.07,2.67,N,VIIRS
49.01841,37.93528,296.48,0.55,0.42,2026-08-13,23:12:00,N20,nominal,2.0NRT,279.98,0.84,N,VIIRS
48.94188,38.38871,306.3,0.52,0.42,2026-08-13,23:12:00,N20,nominal,2.0NRT,284.06,1.2,N,VIIRS
48.95119,37.72812,298.81,0.55,0.43,2026-08-13,23:12:00,N20,nominal,2.0NRT,283.05,1.14,N,VIIRS
48.89703,37.70828,298.06,0.56,0.43,2026-08-13,23:12:00,N20,nominal,2.0NRT,283.56,1.45,N,VIIRS
48.89311,37.70736,308.89,0.56,0.43,2026-08-13,23:12:00,N20,nominal,2.0NRT,283.57,1.45,N,VIIRS
48.90499,36.80783,297.43,0.4,0.44,2026-08-13,23:12:00,N20,nominal,2.0NRT,281.12,1.35,N,VIIRS
48.9009,36.80709,320.84,0.4,0.44,2026-08-13,23:12:00,N20,nominal,2.0NRT,282.54,1.35,N,VIIRS
48.89633,36.81189,299.17,0.4,0.44,2026-08-13,23:12:00,N20,nominal,2.0NRT,281.06,0.91,N,VIIRS
48.60334,39.15105,297.67,0.49,0.4,2026-08-13,23:12:00,N20,nominal,2.0NRT,282.02,0.64,N,VIIRS
48.52644,39.82331,297.99,0.46,0.39,2026-08-13,23:12:00,N20,nominal,2.0NRT,282.89,0.45,N,VIIRS
48.6912,38.25939,322.04,0.53,0.42,2026-08-13,23:12:00,N20,nominal,2.0NRT,282.63,3.21,N,VIIRS
48.89068,35.96806,299.09,0.44,0.46,2026-08-13,23:12:00,N20,nominal,2.0NRT,279.5,0.59,N,VIIRS
48.72219,37.58774,295.68,0.56,0.43,2026-08-13,23:12:00,N20,nominal,2.0NRT,282.25,0.78,N,VIIRS
48.63454,38.35534,300.9,0.52,0.42,2026-08-13,23:12:00,N20,nominal,2.0NRT,280.93,0.63,N,VIIRS
45.12819,34.0003,297.48,0.49,0.49,2026-08-13,23:12:00,N20,nominal,2.0NRT,286.32,0.96,N,VIIRS
47.43439,38.05182,295.55,0.52,0.41,2026-08-13,23:12:00,N20,nominal,2.0NRT,284.06,0.51,N,VIIRS
47.64708,35.09321,304.69,0.46,0.47,2026-08-13,23:12:00,N20,nominal,2.0NRT,285.54,1.25,N,VIIRS
47.6466,35.09938,300.54,0.46,0.47,2026-08-13,23:12:00,N20,nominal,2.0NRT,286.92,2.16,N,VIIRS
47.49724,36.1862,299.69,0.41,0.45,2026-08-13,23:12:00,N20,nominal,2.0NRT,283.82,0.66,N,VIIRS
47.48849,36.19016,303.45,0.41,0.45,2026-08-13,23:12:00,N20,nominal,2.0NRT,284.54,0.88,N,VIIRS
47.33402,37.64451,322.74,0.54,0.42,2026-08-13,23:12:00,N20,nominal,2.0NRT,284.2,3.02,N,VIIRS
47.33474,37.63746,298.78,0.54,0.42,2026-08-13,23:12:00,N20,nominal,2.0NRT,283.96,1.24,N,VIIRS
47.33017,37.64367,325.54,0.54,0.42,2026-08-13,23:12:00,N20,nominal,2.0NRT,284.72,3.02,N,VIIRS
47.33088,37.63659,304.08,0.54,0.42,2026-08-13,23:12:00,N20,nominal,2.0NRT,283.95,1.24,N,VIIRS
47.32631,37.64279,332.83,0.54,0.42,2026-08-13,23:12:00,N20,nominal,2.0NRT,285.6,5.74,N,VIIRS
47.55845,34.91979,305.41,0.47,0.48,2026-08-13,23:12:00,N20,nominal,2.0NRT,286,1.92,N,VIIRS
46.74178,35.74339,311.83,0.42,0.45,2026-08-13,23:12:00,N20,nominal,2.0NRT,283.2,1.59,N,VIIRS
46.76487,35.62244,302.89,0.43,0.46,2026-08-13,23:12:00,N20,nominal,2.0NRT,281.91,0.81,N,VIIRS
46.98898,33.01984,295.78,0.57,0.52,2026-08-13,23:12:00,N20,nominal,2.0NRT,281.26,0.85,N,VIIRS
46.7667,36.2519,295.02,0.4,0.44,2026-08-13,23:12:00,N20,nominal,2.0NRT,283.29,0.59,N,VIIRS
46.43493,33.78953,302.05,0.52,0.5,2026-08-13,23:12:00,N20,nominal,2.0NRT,284.05,1.01,N,VIIRS
46.43951,33.79023,312.53,0.52,0.5,2026-08-13,23:12:00,N20,nominal,2.0NRT,283.14,2.25,N,VIIRS
46.51374,33.08736,296.14,0.56,0.51,2026-08-13,23:12:00,N20,nominal,2.0NRT,284.05,1.12,N,VIIRS
46.5185,33.08802,296.71,0.56,0.51,2026-08-13,23:12:00,N20,nominal,2.0NRT,283.3,1.12,N,VIIRS
46.56426,32.66002,307.79,0.59,0.53,2026-08-13,23:12:00,N20,nominal,2.0NRT,281.5,1.29,N,VIIRS
46.57636,33.15528,298.61,0.56,0.51,2026-08-13,23:12:00,N20,nominal,2.0NRT,285.32,1.28,N,VIIRS
46.57726,33.15338,306.72,0.56,0.51,2026-08-13,23:12:00,N20,nominal,2.0NRT,285.41,1.64,N,VIIRS
46.73675,30.31553,305.94,0.38,0.59,2026-08-13,23:12:00,N20,nominal,2.0NRT,280.06,4.06,N,VIIRS
46.73656,30.32057,354.88,0.38,0.59,2026-08-13,23:12:00,N20,nominal,2.0NRT,285.02,3.81,N,VIIRS
46.74201,30.32117,313.91,0.38,0.59,2026-08-13,23:12:00,N20,nominal,2.0NRT,281.65,3.81,N,VIIRS
46.48204,34.90788,295.98,0.46,0.47,2026-08-13,23:12:00,N20,nominal,2.0NRT,281.72,0.36,N,VIIRS
46.4859,34.91463,298.83,0.46,0.47,2026-08-13,23:12:00,N20,nominal,2.0NRT,282.44,1.04,N,VIIRS
46.65061,32.48767,303.23,0.6,0.53,2026-08-13,23:12:00,N20,nominal,2.0NRT,284.19,1.7,N,VIIRS
46.49072,34.90936,295.45,0.46,0.47,2026-08-13,23:12:00,N20,nominal,2.0NRT,282,0.45,N,VIIRS
46.51278,34.74077,295.38,0.47,0.48,2026-08-13,23:12:00,N20,nominal,2.0NRT,280.64,0.42,N,VIIRS
46.67438,32.74997,316.29,0.58,0.52,2026-08-13,23:12:00,N20,nominal,2.0NRT,288.68,3.65,N,VIIRS
46.6464,33.7443,307.04,0.52,0.5,2026-08-13,23:12:00,N20,nominal,2.0NRT,282.01,1.78,N,VIIRS
46.55285,34.96902,296.25,0.46,0.47,2026-08-13,23:12:00,N20,nominal,2.0NRT,281.69,0.58,N,VIIRS
46.64539,33.74351,303.83,0.52,0.5,2026-08-13,23:12:00,N20,nominal,2.0NRT,281.71,1.46,N,VIIRS
46.76717,36.24665,304.49,0.4,0.44,2026-08-13,23:12:00,N20,nominal,2.0NRT,284.12,1.03,N,VIIRS
46.77172,36.24218,297.88,0.4,0.44,2026-08-13,23:12:00,N20,nominal,2.0NRT,284.74,0.82,N,VIIRS
46.83393,36.15146,304.11,0.41,0.45,2026-08-13,23:12:00,N20,nominal,2.0NRT,284.46,0.55,N,VIIRS
46.81155,36.57387,298,0.39,0.44,2026-08-13,23:12:00,N20,nominal,2.0NRT,282.51,0.93,N,VIIRS
46.8644,36.0918,295.96,0.41,0.45,2026-08-13,23:12:00,N20,nominal,2.0NRT,282.66,0.56,N,VIIRS
46.8333,36.78655,298.19,0.57,0.43,2026-08-13,23:12:00,N20,nominal,2.0NRT,284.11,1.2,N,VIIRS
47.27178,30.15365,295.4,0.39,0.59,2026-08-13,23:12:00,N20,nominal,2.0NRT,281.37,0.91,N,VIIRS
47.08844,34.07833,296.17,0.51,0.49,2026-08-13,23:12:00,N20,nominal,2.0NRT,281.35,1.72,N,VIIRS
47.09204,34.09254,322.07,0.51,0.49,2026-08-13,23:12:00,N20,nominal,2.0NRT,283.75,3.36,N,VIIRS
46.93165,36.15946,297.83,0.41,0.45,2026-08-13,23:12:00,N20,nominal,2.0NRT,283.27,0.39,N,VIIRS
47.08968,34.44035,296.56,0.49,0.49,2026-08-13,23:12:00,N20,nominal,2.0NRT,283.2,1.14,N,VIIRS
47.09016,34.43385,300.31,0.49,0.49,2026-08-13,23:12:00,N20,nominal,2.0NRT,282.87,1.05,N,VIIRS
47.2789,31.83644,335.68,0.33,0.55,2026-08-13,23:12:00,N20,nominal,2.0NRT,284.05,2.94,N,VIIRS
47.27913,31.83203,346.07,0.33,0.55,2026-08-13,23:12:00,N20,nominal,2.0NRT,281.83,2.94,N,VIIRS
47.10123,34.64391,301.41,0.48,0.48,2026-08-13,23:12:00,N20,nominal,2.0NRT,282.02,1.08,N,VIIRS
47.28422,31.83256,315.58,0.33,0.55,2026-08-13,23:12:00,N20,nominal,2.0NRT,280.89,2.94,N,VIIRS
47.10444,34.64527,302.17,0.48,0.48,2026-08-13,23:12:00,N20,nominal,2.0NRT,281.32,0.65,N,VIIRS
47.27675,31.83918,297.78,0.33,0.55,2026-08-13,23:12:00,N20,nominal,2.0NRT,282.41,1.08,N,VIIRS
47.8154,29.87333,300.01,0.41,0.6,2026-08-13,23:12:00,N20,nominal,2.0NRT,281.99,0.54,N,VIIRS
47.24874,36.92398,305.14,0.57,0.43,2026-08-13,23:12:00,N20,nominal,2.0NRT,284.06,1.82,N,VIIRS
47.36101,35.57991,296.79,0.44,0.46,2026-08-13,23:12:00,N20,nominal,2.0NRT,280.81,0.6,N,VIIRS
47.59862,31.70356,295.55,0.33,0.55,2026-08-13,23:12:00,N20,nominal,2.0NRT,282.32,0.71,N,VIIRS
47.60171,31.70661,299.77,0.33,0.55,2026-08-13,23:12:00,N20,nominal,2.0NRT,282.14,0.48,N,VIIRS
47.62762,30.52783,301.1,0.38,0.59,2026-08-13,23:12:00,N20,nominal,2.0NRT,281.39,0.52,N,VIIRS
47.62219,30.52756,303.4,0.38,0.59,2026-08-13,23:12:00,N20,nominal,2.0NRT,280.24,0.52,N,VIIRS
47.61791,30.49693,321.74,0.38,0.59,2026-08-13,23:12:00,N20,nominal,2.0NRT,281.89,2.15,N,VIIRS
47.61771,30.50202,299.54,0.38,0.59,2026-08-13,23:12:00,N20,nominal,2.0NRT,281.38,1.41,N,VIIRS
47.60606,30.52176,306.77,0.38,0.59,2026-08-13,23:12:00,N20,nominal,2.0NRT,282.1,0.74,N,VIIRS
47.40651,33.94734,301.18,0.52,0.5,2026-08-13,23:12:00,N20,nominal,2.0NRT,282.88,0.76,N,VIIRS
47.341,34.8649,306.46,0.47,0.48,2026-08-13,23:12:00,N20,nominal,2.0NRT,282.39,1.55,N,VIIRS
47.58524,30.17898,295.25,0.39,0.6,2026-08-13,23:12:00,N20,nominal,2.0NRT,281.01,0.24,N,VIIRS
47.32688,34.87517,295.83,0.47,0.48,2026-08-13,23:12:00,N20,nominal,2.0NRT,281.39,0.83,N,VIIRS
47.32641,34.88144,299.41,0.47,0.48,2026-08-13,23:12:00,N20,nominal,2.0NRT,282.2,0.83,N,VIIRS
47.32202,34.8807,297.74,0.47,0.48,2026-08-13,23:12:00,N20,nominal,2.0NRT,282.14,0.6,N,VIIRS
47.27695,31.83479,314.08,0.33,0.55,2026-08-13,23:12:00,N20,nominal,2.0NRT,281.54,1.26,N,VIIRS
47.28205,31.83538,342.42,0.33,0.55,2026-08-13,23:12:00,N20,nominal,2.0NRT,284.54,3.55,N,VIIRS
47.28225,31.83093,332.97,0.33,0.55,2026-08-13,23:12:00,N20,nominal,2.0NRT,281.01,3.55,N,VIIRS
46.98741,36.31386,296.1,0.4,0.44,2026-08-13,23:12:00,N20,nominal,2.0NRT,284.24,0.49,N,VIIRS
46.9893,36.29257,316.9,0.4,0.44,2026-08-13,23:12:00,N20,nominal,2.0NRT,284.61,1.04,N,VIIRS
46.99149,36.31469,304.22,0.4,0.44,2026-08-13,23:12:00,N20,nominal,2.0NRT,283.57,0.49,N,VIIRS
46.99338,36.2934,297.55,0.4,0.44,2026-08-13,23:12:00,N20,nominal,2.0NRT,283.62,1.04,N,VIIRS
46.99651,36.30492,295.8,0.4,0.44,2026-08-13,23:12:00,N20,nominal,2.0NRT,283.56,0.33,N,VIIRS
47.39544,33.76123,308.37,0.53,0.5,2026-08-13,23:12:00,N20,nominal,2.0NRT,282.2,1.48,N,VIIRS
47.31717,34.88621,301.82,0.47,0.48,2026-08-13,23:12:00,N20,nominal,2.0NRT,282.08,1.19,N,VIIRS
47.39081,33.76051,297.19,0.53,0.5,2026-08-13,23:12:00,N20,nominal,2.0NRT,281.77,1.52,N,VIIRS
47.30421,34.94086,322.61,0.47,0.47,2026-08-13,23:12:00,N20,nominal,2.0NRT,282.49,2.69,N,VIIRS
47.30654,34.90963,296.62,0.47,0.48,2026-08-13,23:12:00,N20,nominal,2.0NRT,282.5,1.09,N,VIIRS
47.26128,35.49595,298.9,0.44,0.46,2026-08-13,23:12:00,N20,nominal,2.0NRT,280.58,0.83,N,VIIRS
47.29984,34.94011,317.47,0.47,0.47,2026-08-13,23:12:00,N20,nominal,2.0NRT,282.46,1.37,N,VIIRS
47.00683,36.3288,304.2,0.4,0.44,2026-08-13,23:12:00,N20,nominal,2.0NRT,284.27,0.52,N,VIIRS
47.39557,29.91494,295.15,0.4,0.6,2026-08-13,23:12:00,N20,nominal,2.0NRT,281.38,0.6,N,VIIRS
47.12781,34.9285,306.31,0.47,0.47,2026-08-13,23:12:00,N20,nominal,2.0NRT,281.42,1.17,N,VIIRS
47.33365,31.92848,296.56,0.32,0.55,2026-08-13,23:12:00,N20,nominal,2.0NRT,281.41,0.77,N,VIIRS
47.33386,31.9243,310.88,0.32,0.55,2026-08-13,23:12:00,N20,nominal,2.0NRT,282.63,0.77,N,VIIRS
47.33408,31.9201,296.61,0.32,0.55,2026-08-13,23:12:00,N20,nominal,2.0NRT,281.46,0.67,N,VIIRS
47.04325,36.38427,312.25,0.4,0.44,2026-08-13,23:12:00,N20,nominal,2.0NRT,284.98,1.56,N,VIIRS
47.04375,36.37898,310.02,0.4,0.44,2026-08-13,23:12:00,N20,nominal,2.0NRT,284.23,0.98,N,VIIRS
47.04423,36.37368,298.34,0.4,0.44,2026-08-13,23:12:00,N20,nominal,2.0NRT,283.7,0.98,N,VIIRS
47.04732,36.38514,308.82,0.4,0.44,2026-08-13,23:12:00,N20,nominal,2.0NRT,284.89,0.88,N,VIIRS
47.04781,36.37987,297.17,0.4,0.44,2026-08-13,23:12:00,N20,nominal,2.0NRT,283.87,0.54,N,VIIRS
47.05187,36.38074,297.96,0.4,0.44,2026-08-13,23:12:00,N20,nominal,2.0NRT,284.57,0.54,N,VIIRS
47.28534,34.95645,306.3,0.47,0.47,2026-08-13,23:12:00,N20,nominal,2.0NRT,282.02,0.69,N,VIIRS
47.38778,33.75993,297.14,0.53,0.5,2026-08-13,23:12:00,N20,nominal,2.0NRT,281.71,0.82,N,VIIRS
47.29976,34.9391,305.96,0.47,0.47,2026-08-13,23:12:00,N20,nominal,2.0NRT,281.74,1.78,N,VIIRS
47.28517,34.95544,301.66,0.47,0.47,2026-08-13,23:12:00,N20,nominal,2.0NRT,281.64,0.72,N,VIIRS
47.28081,34.95464,295.08,0.47,0.47,2026-08-13,23:12:00,N20,nominal,2.0NRT,279.8,0.61,N,VIIRS
47.27933,34.97324,307.44,0.46,0.47,2026-08-13,23:12:00,N20,nominal,2.0NRT,282.23,2.13,N,VIIRS
47.27206,34.83952,298.45,0.47,0.48,2026-08-13,23:12:00,N20,nominal,2.0NRT,281.76,0.79,N,VIIRS
47.27158,34.84578,298.79,0.47,0.48,2026-08-13,23:12:00,N20,nominal,2.0NRT,281.6,0.64,N,VIIRS
47.2476,34.80995,296.67,0.47,0.48,2026-08-13,23:12:00,N20,nominal,2.0NRT,281.53,0.77,N,VIIRS
47.10115,36.37582,298.04,0.4,0.44,2026-08-13,23:12:00,N20,nominal,2.0NRT,283.36,0.65,N,VIIRS
47.09708,36.37498,304.24,0.4,0.44,2026-08-13,23:12:00,N20,nominal,2.0NRT,283.97,0.65,N,VIIRS
48.97701,38.65074,322.43,0.51,0.41,2026-08-13,23:12:00,N20,nominal,2.0NRT,283.67,2.22,N,VIIRS
48.98077,38.65174,307.1,0.51,0.41,2026-08-13,23:12:00,N20,nominal,2.0NRT,282.63,2.22,N,VIIRS
48.98151,38.64471,303.63,0.51,0.41,2026-08-13,23:12:00,N20,nominal,2.0NRT,282.14,1.69,N,VIIRS
49.6274,30.95471,298.17,0.37,0.58,2026-08-13,23:12:00,N20,nominal,2.0NRT,279.58,0.47,N,VIIRS
49.31191,37.63862,302.04,0.56,0.43,2026-08-13,23:12:00,N20,nominal,2.0NRT,277.54,1,N,VIIRS
46.39007,32.74743,299.65,0.58,0.52,2026-08-13,23:12:00,N20,nominal,2.0NRT,283.38,1.43,N,VIIRS
46.39535,32.74041,295.6,0.58,0.52,2026-08-13,23:12:00,N20,nominal,2.0NRT,282.44,0.76,N,VIIRS
46.40456,32.74931,296.61,0.58,0.52,2026-08-13,23:12:00,N20,nominal,2.0NRT,282.08,0.95,N,VIIRS
46.41059,32.81116,296.86,0.58,0.52,2026-08-13,23:12:00,N20,nominal,2.0NRT,280.91,1.32,N,VIIRS
46.4133,32.76583,303.02,0.58,0.52,2026-08-13,23:12:00,N20,nominal,2.0NRT,283.21,1.09,N,VIIRS
46.41813,32.76647,295.1,0.58,0.52,2026-08-13,23:12:00,N20,nominal,2.0NRT,282.57,1.14,N,VIIRS
46.4596,32.21804,299.79,0.61,0.54,2026-08-13,23:12:00,N20,nominal,2.0NRT,285.92,2.61,N,VIIRS
46.43945,32.81509,296.62,0.58,0.52,2026-08-13,23:12:00,N20,nominal,2.0NRT,282.27,1.17,N,VIIRS
46.51236,31.8982,309.64,0.32,0.54,2026-08-13,23:12:00,N20,nominal,2.0NRT,287.45,0.9,N,VIIRS
46.53738,31.71719,298.01,0.33,0.55,2026-08-13,23:12:00,N20,nominal,2.0NRT,284.65,0.69,N,VIIRS
49.70071,37.6098,309.7,0.57,0.43,2026-08-13,23:12:00,N20,nominal,2.0NRT,282.03,1.47,N,VIIRS
50.09039,36.83476,303.32,0.41,0.45,2026-08-13,23:12:00,N20,nominal,2.0NRT,280.87,1.2,N,VIIRS
50.0732,37.0831,297.82,0.4,0.45,2026-08-13,23:12:00,N20,nominal,2.0NRT,279.33,0.35,N,VIIRS
50.09452,36.83562,316.4,0.41,0.45,2026-08-13,23:12:00,N20,nominal,2.0NRT,281.68,1.2,N,VIIRS
50.10066,36.81293,295.58,0.41,0.45,2026-08-13,23:12:00,N20,nominal,2.0NRT,285.31,1.74,N,VIIRS
50.26189,35.97967,297.43,0.45,0.47,2026-08-13,23:12:00,N20,nominal,2.0NRT,280.22,0.5,N,VIIRS
50.58865,31.67779,296.54,0.35,0.57,2026-08-13,23:12:00,N20,nominal,2.0NRT,278.85,0.4,N,VIIRS
50.23913,37.29844,322.29,0.4,0.44,2026-08-13,23:12:00,N20,nominal,2.0NRT,278.25,1.62,N,VIIRS
46.58513,35.00489,300.04,0.46,0.47,2026-08-13,23:12:00,N20,nominal,2.0NRT,281.68,0.62,N,VIIRS
46.67717,33.75528,305.29,0.52,0.5,2026-08-13,23:12:00,N20,nominal,2.0NRT,283.72,1.37,N,VIIRS
46.68177,33.75599,309.53,0.52,0.5,2026-08-13,23:12:00,N20,nominal,2.0NRT,284.29,1.07,N,VIIRS
46.68637,33.75669,296.11,0.52,0.5,2026-08-13,23:12:00,N20,nominal,2.0NRT,283.7,1.07,N,VIIRS
46.59141,35.09045,303.54,0.45,0.47,2026-08-13,23:12:00,N20,nominal,2.0NRT,283,0.81,N,VIIRS
46.69098,33.75739,307.75,0.52,0.5,2026-08-13,23:12:00,N20,nominal,2.0NRT,284.59,0.94,N,VIIRS
46.69558,33.7581,300.74,0.52,0.5,2026-08-13,23:12:00,N20,nominal,2.0NRT,284.03,0.94,N,VIIRS
46.70494,33.68968,303.42,0.53,0.5,2026-08-13,23:12:00,N20,nominal,2.0NRT,282.87,1.51,N,VIIRS
46.70541,33.68277,297.1,0.53,0.5,2026-08-13,23:12:00,N20,nominal,2.0NRT,282.52,1.04,N,VIIRS
46.7277,33.34977,296.75,0.55,0.51,2026-08-13,23:12:00,N20,nominal,2.0NRT,283.69,0.96,N,VIIRS
46.61878,34.91327,298.26,0.46,0.47,2026-08-13,23:12:00,N20,nominal,2.0NRT,283.85,0.73,N,VIIRS
46.72432,33.47252,325.75,0.54,0.51,2026-08-13,23:12:00,N20,nominal,2.0NRT,283.79,2.79,N,VIIRS
46.72851,33.48034,298.42,0.54,0.51,2026-08-13,23:12:00,N20,nominal,2.0NRT,282.99,1.45,N,VIIRS
47.6806,37.10276,297.26,0.57,0.43,2026-08-13,23:12:00,N20,nominal,2.0NRT,281.52,0.92,N,VIIRS
47.68132,37.09511,295.89,0.57,0.43,2026-08-13,23:12:00,N20,nominal,2.0NRT,280.04,0.92,N,VIIRS
47.70531,36.83643,297.37,0.39,0.44,2026-08-13,23:12:00,N20,nominal,2.0NRT,280.5,0.23,N,VIIRS
47.9061,35.47754,299.59,0.45,0.47,2026-08-13,23:12:00,N20,nominal,2.0NRT,282.78,0.84,N,VIIRS
47.64968,38.37402,298.59,0.51,0.41,2026-08-13,23:12:00,N20,nominal,2.0NRT,282.76,0.74,N,VIIRS
48.28448,30.51569,298.9,0.38,0.59,2026-08-13,23:12:00,N20,nominal,2.0NRT,281.57,0.56,N,VIIRS
48.28522,30.51366,301.41,0.38,0.59,2026-08-13,23:12:00,N20,nominal,2.0NRT,281.86,0.65,N,VIIRS
48.34238,30.44486,302.28,0.39,0.59,2026-08-13,23:12:00,N20,nominal,2.0NRT,283.02,0.71,N,VIIRS
48.06401,35.85535,297.06,0.43,0.46,2026-08-13,23:12:00,N20,nominal,2.0NRT,282.93,0.49,N,VIIRS
48.05041,36.51934,303.45,0.4,0.45,2026-08-13,23:12:00,N20,nominal,2.0NRT,281.11,0.36,N,VIIRS
48.05795,37.95621,306.9,0.53,0.42,2026-08-13,23:12:00,N20,nominal,2.0NRT,285.4,1.18,N,VIIRS
48.10073,37.92234,295.2,0.53,0.42,2026-08-13,23:12:00,N20,nominal,2.0NRT,284.05,0.99,N,VIIRS
48.09811,37.92171,298.79,0.53,0.42,2026-08-13,23:12:00,N20,nominal,2.0NRT,284.51,1.33,N,VIIRS
48.19711,37.13149,300.17,0.38,0.43,2026-08-13,23:12:00,N20,nominal,2.0NRT,278.98,0.5,N,VIIRS
48.26052,36.84008,297.7,0.39,0.44,2026-08-13,23:12:00,N20,nominal,2.0NRT,281,0.45,N,VIIRS
48.47498,34.63236,298.34,0.5,0.49,2026-08-13,23:12:00,N20,nominal,2.0NRT,286.34,1.05,N,VIIRS
48.28617,37.17878,303.67,0.57,0.43,2026-08-13,23:12:00,N20,nominal,2.0NRT,283.61,1.7,N,VIIRS
48.28752,37.17899,315.47,0.38,0.43,2026-08-13,23:12:00,N20,nominal,2.0NRT,283.4,1.17,N,VIIRS
48.42613,35.90795,295.99,0.43,0.46,2026-08-13,23:12:00,N20,nominal,2.0NRT,279.63,0.48,N,VIIRS
48.21724,38.19463,326.74,0.52,0.42,2026-08-13,23:12:00,N20,nominal,2.0NRT,286.33,2.92,N,VIIRS
48.53454,34.64687,314.94,0.5,0.49,2026-08-13,23:12:00,N20,nominal,2.0NRT,288.8,2.9,N,VIIRS
48.32497,37.25648,298.53,0.57,0.43,2026-08-13,23:12:00,N20,nominal,2.0NRT,282.44,0.68,N,VIIRS
48.40268,36.81524,303.33,0.4,0.44,2026-08-13,23:12:00,N20,nominal,2.0NRT,282.73,0.8,N,VIIRS
48.40413,37.11916,314.94,0.39,0.44,2026-08-13,23:12:00,N20,nominal,2.0NRT,281.43,1.44,N,VIIRS
48.44507,37.11752,306.81,0.39,0.44,2026-08-13,23:12:00,N20,nominal,2.0NRT,282.92,0.82,N,VIIRS
48.4515,37.09207,327.51,0.39,0.44,2026-08-13,23:12:00,N20,nominal,2.0NRT,284.05,2.38,N,VIIRS
48.46499,37.07869,318.4,0.39,0.44,2026-08-13,23:12:00,N20,nominal,2.0NRT,283.85,1.95,N,VIIRS
48.47352,37.07498,310.88,0.39,0.44,2026-08-13,23:12:00,N20,nominal,2.0NRT,282.32,1.29,N,VIIRS
48.70916,35.7919,316.71,0.44,0.46,2026-08-13,23:12:00,N20,nominal,2.0NRT,282.77,2,N,VIIRS
48.539790000000004,37.71035,295.8,0.55,0.43,2026-08-13,23:12:00,N20,nominal,2.0NRT,283.66,0.96,N,VIIRS
48.54445,37.7036,298.16,0.55,0.43,2026-08-13,23:12:00,N20,nominal,2.0NRT,282.07,0.77,N,VIIRS
48.53951,37.70988,295.82,0.55,0.43,2026-08-13,23:12:00,N20,nominal,2.0NRT,283.36,0.74,N,VIIRS
48.54413,37.70312,299.27,0.55,0.43,2026-08-13,23:12:00,N20,nominal,2.0NRT,282.23,1.22,N,VIIRS
48.71173,35.79336,298.93,0.44,0.46,2026-08-13,23:12:00,N20,nominal,2.0NRT,282.77,1.01,N,VIIRS
48.4626,38.75435,303.38,0.5,0.41,2026-08-13,23:12:00,N20,nominal,2.0NRT,285.86,1.45,N,VIIRS
48.46562,38.76199,304.82,0.5,0.41,2026-08-13,23:12:00,N20,nominal,2.0NRT,285.83,1.82,N,VIIRS
48.61724,37.56525,297.71,0.56,0.43,2026-08-13,23:12:00,N20,nominal,2.0NRT,282.1,1.2,N,VIIRS
48.62804,37.53645,308.94,0.56,0.43,2026-08-13,23:12:00,N20,nominal,2.0NRT,283.01,1.66,N,VIIRS
48.43285,39.44161,295.39,0.47,0.4,2026-08-13,23:12:00,N20,nominal,2.0NRT,282.17,0.68,N,VIIRS
46.72899,33.47316,309.54,0.54,0.51,2026-08-13,23:12:00,N20,nominal,2.0NRT,282.14,1.39,N,VIIRS
46.72245,33.70635,306.96,0.52,0.5,2026-08-13,23:12:00,N20,nominal,2.0NRT,282.85,1.44,N,VIIRS
46.75972,33.50642,310.25,0.54,0.51,2026-08-13,23:12:00,N20,nominal,2.0NRT,282.85,2.63,N,VIIRS
46.75924,33.51353,332.78,0.54,0.51,2026-08-13,23:12:00,N20,nominal,2.0NRT,284.49,5.06,N,VIIRS
46.75702,33.51321,307.36,0.54,0.51,2026-08-13,23:12:00,N20,nominal,2.0NRT,283.45,1.75,N,VIIRS
46.75747,33.50608,309.71,0.54,0.51,2026-08-13,23:12:00,N20,nominal,2.0NRT,283.73,1.75,N,VIIRS
46.76214,33.50677,300.68,0.54,0.51,2026-08-13,23:12:00,N20,nominal,2.0NRT,282.6,1.75,N,VIIRS
46.76168,33.51389,322.86,0.54,0.51,2026-08-13,23:12:00,N20,nominal,2.0NRT,283.49,1.75,N,VIIRS
46.91822,33.07882,301.06,0.56,0.52,2026-08-13,23:12:00,N20,nominal,2.0NRT,282.24,1.44,N,VIIRS
47.86821,33.42876,308.33,0.55,0.51,2026-08-13,23:12:00,N20,nominal,2.0NRT,284.81,1.88,N,VIIRS
48.0176,29.27432,295.43,0.44,0.62,2026-08-13,23:12:00,N20,nominal,2.0NRT,280.78,0.27,N,VIIRS
47.46073,38.08628,295.02,0.52,0.41,2026-08-13,23:12:00,N20,nominal,2.0NRT,283.6,0.82,N,VIIRS
45.13054,34.00074,298.14,0.49,0.49,2026-08-13,23:14:00,N20,nominal,2.0NRT,285.58,1.1,N,VIIRS
