latitude,longitude,bright_ti4,scan,track,acq_date,acq_time,satellite,confidence,version,bright_ti5,frp,daynight,instrument
50.07388,29.96608,347.85,0.49,0.65,2026-08-07,01:22:00,N20,nominal,2.0NRT,291.09,7.61,N,VIIRS
51.38317,34.12426,299.58,0.63,0.72,2026-08-07,01:22:00,N20,nominal,2.0NRT,286.44,0.34,N,VIIRS
45.74795,29.92576,305.8,0.7,0.75,2026-08-07,01:24:00,N20,nominal,2.0NRT,287.76,3.94,N,VIIRS
45.84935,30.01075,311.81,0.7,0.75,2026-08-07,01:24:00,N20,nominal,2.0NRT,287.97,2.85,N,VIIRS
47.35698,30.13546,299.33,0.62,0.72,2026-08-07,01:24:00,N20,nominal,2.0NRT,288.41,0.75,N,VIIRS
47.4827,29.56734,299.08,0.59,0.7,2026-08-07,01:24:00,N20,nominal,2.0NRT,287.98,0.68,N,VIIRS
47.47704,29.56273,304.12,0.59,0.7,2026-08-07,01:24:00,N20,nominal,2.0NRT,288.15,0.86,N,VIIRS
46.47993,31.83503,302.8,0.79,0.78,2026-08-07,01:24:00,N20,nominal,2.0NRT,289.47,2.39,N,VIIRS
46.48146,31.84081,301.15,0.79,0.78,2026-08-07,01:24:00,N20,nominal,2.0NRT,289.31,1.15,N,VIIRS
45.97776,29.8973,308.46,0.68,0.74,2026-08-07,01:24:00,N20,nominal,2.0NRT,287.22,1.8,N,VIIRS
46.12506,29.63187,313.04,0.66,0.73,2026-08-07,01:24:00,N20,nominal,2.0NRT,286.93,2.23,N,VIIRS
45.85222,30.00271,307.58,0.7,0.75,2026-08-07,01:24:00,N20,nominal,2.0NRT,287.94,2.85,N,VIIRS
45.85282,30.00801,323.86,0.7,0.75,2026-08-07,01:24:00,N20,nominal,2.0NRT,287.62,2.75,N,VIIRS
45.91547,29.94195,332.61,0.69,0.74,2026-08-07,01:24:00,N20,nominal,2.0NRT,287.46,4.89,N,VIIRS
45.97642,29.83648,303.32,0.68,0.74,2026-08-07,01:24:00,N20,nominal,2.0NRT,286.4,0.95,N,VIIRS
46.12337,29.62847,309.71,0.66,0.73,2026-08-07,01:24:00,N20,nominal,2.0NRT,286.75,2.21,N,VIIRS
45.98082,29.89723,310.56,0.68,0.74,2026-08-07,01:24:00,N20,nominal,2.0NRT,287.02,1.84,N,VIIRS
46.02108,30.12884,317.71,0.7,0.75,2026-08-07,01:24:00,N20,nominal,2.0NRT,287.92,7.16,N,VIIRS
46.0182,30.13685,325.85,0.7,0.75,2026-08-07,01:24:00,N20,nominal,2.0NRT,288.38,4.28,N,VIIRS
46.02433,30.14142,309.88,0.7,0.75,2026-08-07,01:24:00,N20,nominal,2.0NRT,288.15,4.28,N,VIIRS
46.02017,30.13844,325.66,0.7,0.75,2026-08-07,01:24:00,N20,nominal,2.0NRT,288.59,5.63,N,VIIRS
46.02309,30.13042,326.9,0.69,0.75,2026-08-07,01:24:00,N20,nominal,2.0NRT,287.98,5.63,N,VIIRS
49.08389,29.70676,307.79,0.52,0.67,2026-08-07,01:24:00,N20,nominal,2.0NRT,287.15,1.41,N,VIIRS
50.54568,26.2645,302.7,0.34,0.56,2026-08-07,01:24:00,N20,nominal,2.0NRT,291.77,1.13,N,VIIRS
50.54698,26.26012,313.81,0.34,0.56,2026-08-07,01:24:00,N20,nominal,2.0NRT,291.08,1.13,N,VIIRS
49.90257,23.89111,307.26,0.57,0.52,2026-08-07,01:24:00,N20,nominal,2.0NRT,285.74,2.28,N,VIIRS
49.90108,23.89045,307.08,0.57,0.52,2026-08-07,01:24:00,N20,nominal,2.0NRT,285.82,1.38,N,VIIRS
48.07452,28.98367,299.92,0.53,0.67,2026-08-07,01:24:00,N20,nominal,2.0NRT,287.92,0.72,N,VIIRS
47.53704,30.36341,300.3,0.63,0.72,2026-08-07,01:24:00,N20,nominal,2.0NRT,288.2,0.75,N,VIIRS
48.01771,31.39685,300.46,0.67,0.73,2026-08-07,01:24:00,N20,nominal,2.0NRT,287.2,0.63,N,VIIRS
45.74559,29.92667,309.86,0.7,0.75,2026-08-07,01:24:00,N20,nominal,2.0NRT,288.09,2.9,N,VIIRS
47.62791,36.91716,336.58,0.35,0.57,2026-08-07,09:30:00,N20,low,2.0NRT,306.79,5.21,D,VIIRS
45.37005,34.62636,332.35,0.53,0.67,2026-08-07,09:30:00,N20,nominal,2.0NRT,298.5,4.28,D,VIIRS
45.37766,34.62884,332.29,0.52,0.67,2026-08-07,09:30:00,N20,nominal,2.0NRT,298.54,4.67,D,VIIRS
45.38525,34.6313,338.15,0.52,0.67,2026-08-07,09:30:00,N20,nominal,2.0NRT,297.62,4.67,D,VIIRS
45.37202,34.62951,334.22,0.52,0.67,2026-08-07,09:30:00,N20,nominal,2.0NRT,298.6,6.18,D,VIIRS
47.09668,37.63166,367,0.34,0.56,2026-08-07,09:30:00,N20,high,2.0NRT,305.5,5.42,D,VIIRS
46.36016,35.13854,367,0.46,0.64,2026-08-07,09:30:00,N20,high,2.0NRT,304.06,8.39,D,VIIRS
47.09786,37.63586,337.06,0.34,0.56,2026-08-07,09:30:00,N20,nominal,2.0NRT,302.8,4.48,D,VIIRS
46.81119,36.63514,335.02,0.39,0.59,2026-08-07,09:30:00,N20,nominal,2.0NRT,305.66,1.3,D,VIIRS
46.3619,35.14415,344.48,0.46,0.64,2026-08-07,09:30:00,N20,nominal,2.0NRT,302.85,8.39,D,VIIRS
46.71931,36.26149,345.34,0.4,0.6,2026-08-07,09:30:00,N20,nominal,2.0NRT,306.48,3.58,D,VIIRS
46.7085,36.20449,367,0.41,0.6,2026-08-07,09:30:00,N20,high,2.0NRT,307.92,7.36,D,VIIRS
46.70996,36.20942,345.58,0.41,0.6,2026-08-07,09:30:00,N20,nominal,2.0NRT,307.11,9.21,D,VIIRS
46.70705,36.19958,344.82,0.41,0.6,2026-08-07,09:30:00,N20,nominal,2.0NRT,306.76,7.36,D,VIIRS
46.68359,36.12051,342.9,0.41,0.61,2026-08-07,09:30:00,N20,nominal,2.0NRT,305.58,4.03,D,VIIRS
46.68212,36.11555,332.44,0.41,0.61,2026-08-07,09:30:00,N20,nominal,2.0NRT,306.14,3.42,D,VIIRS
46.36138,35.14247,353.6,0.46,0.64,2026-08-07,09:30:00,N20,nominal,2.0NRT,302.65,14.38,D,VIIRS
46.3596,35.13688,355.69,0.46,0.64,2026-08-07,09:30:00,N20,nominal,2.0NRT,303.19,11.67,D,VIIRS
46.71909,36.25901,330.92,0.4,0.6,2026-08-07,09:30:00,N20,low,2.0NRT,305.72,3.97,D,VIIRS
46.70587,36.21526,331.45,0.4,0.6,2026-08-07,09:30:00,N20,low,2.0NRT,305.94,2.25,D,VIIRS
46.70803,36.20225,367,0.41,0.6,2026-08-07,09:30:00,N20,high,2.0NRT,308.72,7.61,D,VIIRS
46.70951,36.20715,351.04,0.41,0.6,2026-08-07,09:30:00,N20,nominal,2.0NRT,307.28,7.61,D,VIIRS
46.6827,36.11859,348.86,0.41,0.61,2026-08-07,09:30:00,N20,nominal,2.0NRT,306.18,5.56,D,VIIRS
46.85986,36.6898,367,0.38,0.59,2026-08-07,09:30:00,N20,high,2.0NRT,306.3,11.32,D,VIIRS
46.86124,36.69445,347.42,0.38,0.59,2026-08-07,09:30:00,N20,nominal,2.0NRT,304.06,8.4,D,VIIRS
46.8362,36.5497,337.68,0.39,0.59,2026-08-07,09:30:00,N20,nominal,2.0NRT,305.78,4.28,D,VIIRS
46.84716,36.52625,367,0.39,0.59,2026-08-07,09:30:00,N20,high,2.0NRT,304.97,14.39,D,VIIRS
46.84574,36.52145,354.78,0.39,0.59,2026-08-07,09:30:00,N20,nominal,2.0NRT,310.04,11.2,D,VIIRS
46.84434,36.51672,335.44,0.39,0.59,2026-08-07,09:30:00,N20,nominal,2.0NRT,305.22,11.2,D,VIIRS
46.74975,36.15862,331.81,0.41,0.6,2026-08-07,09:30:00,N20,low,2.0NRT,305.29,2.75,D,VIIRS
46.75999,36.15214,336.33,0.41,0.6,2026-08-07,09:30:00,N20,nominal,2.0NRT,305.99,5.31,D,VIIRS
47.20573,37.67004,331.55,0.34,0.56,2026-08-07,09:30:00,N20,low,2.0NRT,304.08,2.39,D,VIIRS
46.76509,36.14882,336.29,0.41,0.6,2026-08-07,09:30:00,N20,nominal,2.0NRT,305.21,2.32,D,VIIRS
46.87189,36.48866,367,0.39,0.59,2026-08-07,09:30:00,N20,high,2.0NRT,310.1,22.53,D,VIIRS
46.87466,36.49805,342.64,0.39,0.59,2026-08-07,09:30:00,N20,nominal,2.0NRT,305.7,5.02,D,VIIRS
46.8705,36.48392,332.37,0.39,0.59,2026-08-07,09:30:00,N20,nominal,2.0NRT,305.42,8.4,D,VIIRS
46.93053,36.66846,338.42,0.38,0.59,2026-08-07,09:30:00,N20,nominal,2.0NRT,306.11,9.97,D,VIIRS
46.92918,36.66381,345.9,0.38,0.59,2026-08-07,09:30:00,N20,nominal,2.0NRT,306.51,9.97,D,VIIRS
46.76351,36.10272,340.88,0.41,0.6,2026-08-07,09:30:00,N20,nominal,2.0NRT,305.04,2.98,D,VIIRS
46.93417,36.66066,367,0.38,0.59,2026-08-07,09:30:00,N20,high,2.0NRT,307.76,9.97,D,VIIRS
46.9369,36.67002,355.87,0.38,0.59,2026-08-07,09:30:00,N20,nominal,2.0NRT,304.59,17.33,D,VIIRS
46.93553,36.66534,350.03,0.38,0.59,2026-08-07,09:30:00,N20,nominal,2.0NRT,311.56,9.97,D,VIIRS
46.93915,36.657470000000004,337.66,0.38,0.59,2026-08-07,09:30:00,N20,nominal,2.0NRT,305.15,3.63,D,VIIRS
46.70934,35.88095,335.23,0.42,0.61,2026-08-07,09:30:00,N20,low,2.0NRT,305.48,5.54,D,VIIRS
47.11983,37.26565,342.93,0.35,0.57,2026-08-07,09:30:00,N20,nominal,2.0NRT,302.97,2.94,D,VIIRS
46.73186,35.9149,367,0.42,0.61,2026-08-07,09:30:00,N20,high,2.0NRT,307.64,7.59,D,VIIRS
46.86349,36.35833,337.4,0.39,0.6,2026-08-07,09:30:00,N20,nominal,2.0NRT,304.17,2.81,D,VIIRS
46.93677,36.65731,367,0.38,0.59,2026-08-07,09:30:00,N20,high,2.0NRT,306.58,10.01,D,VIIRS
46.93816,36.66199,342.92,0.38,0.59,2026-08-07,09:30:00,N20,nominal,2.0NRT,304.64,6.28,D,VIIRS
47.12052,37.2632,332.03,0.35,0.57,2026-08-07,09:30:00,N20,low,2.0NRT,302.92,2.75,D,VIIRS
46.73092,35.91449,367,0.42,0.61,2026-08-07,09:30:00,N20,high,2.0NRT,307.24,7.51,D,VIIRS
46.8647,36.35619,337.91,0.39,0.6,2026-08-07,09:30:00,N20,nominal,2.0NRT,304.07,2.76,D,VIIRS
46.99087,36.70023,340.07,0.38,0.59,2026-08-07,09:30:00,N20,nominal,2.0NRT,304.23,2.74,D,VIIRS
46.73071,35.75141,352.15,0.42,0.61,2026-08-07,09:30:00,N20,nominal,2.0NRT,304.93,5.33,D,VIIRS
46.8406,36.09426,345.91,0.41,0.6,2026-08-07,09:30:00,N20,nominal,2.0NRT,304.01,3.42,D,VIIRS
46.83912,36.08933,333.75,0.41,0.6,2026-08-07,09:30:00,N20,low,2.0NRT,305.18,3.42,D,VIIRS
46.5654,35.19431,333,0.45,0.63,2026-08-07,09:30:00,N20,low,2.0NRT,304.26,3.27,D,VIIRS
46.56371,35.18888,332.27,0.45,0.63,2026-08-07,09:30:00,N20,low,2.0NRT,304.16,3.27,D,VIIRS
46.85312,36.1157,341.37,0.4,0.6,2026-08-07,09:30:00,N20,nominal,2.0NRT,305.81,5.66,D,VIIRS
46.81723,35.95547,367,0.41,0.61,2026-08-07,09:30:00,N20,high,2.0NRT,310.98,16.55,D,VIIRS
46.81571,35.95044,355.11,0.41,0.61,2026-08-07,09:30:00,N20,nominal,2.0NRT,307.4,16.55,D,VIIRS
46.94878,36.31535,338.92,0.39,0.6,2026-08-07,09:30:00,N20,nominal,2.0NRT,305.68,3.03,D,VIIRS
46.94738,36.3106,338.03,0.39,0.6,2026-08-07,09:30:00,N20,nominal,2.0NRT,304.69,3.03,D,VIIRS
46.94596,36.30578,340.23,0.39,0.6,2026-08-07,09:30:00,N20,nominal,2.0NRT,305.68,4.33,D,VIIRS
46.94453,36.30093,344.34,0.39,0.6,2026-08-07,09:30:00,N20,nominal,2.0NRT,306.7,4.33,D,VIIRS
47.22789,37.25938,347.47,0.35,0.57,2026-08-07,09:30:00,N20,nominal,2.0NRT,303.95,5.68,D,VIIRS
47.22541,37.25065,337.8,0.35,0.57,2026-08-07,09:30:00,N20,nominal,2.0NRT,306.66,4.66,D,VIIRS
46.94959,36.29771,349.94,0.39,0.6,2026-08-07,09:30:00,N20,nominal,2.0NRT,303.87,4.87,D,VIIRS
47.23272,37.25635,340.07,0.35,0.57,2026-08-07,09:30:00,N20,nominal,2.0NRT,303.33,5.68,D,VIIRS
46.54676,34.94801,332.76,0.47,0.64,2026-08-07,09:30:00,N20,low,2.0NRT,303.15,5.15,D,VIIRS
46.25841,34.0377,343.7,0.52,0.67,2026-08-07,09:30:00,N20,nominal,2.0NRT,301.93,4.92,D,VIIRS
46.25638,34.03141,342.98,0.52,0.67,2026-08-07,09:30:00,N20,nominal,2.0NRT,302.29,4.92,D,VIIRS
46.5608,34.97235,367,0.46,0.64,2026-08-07,09:30:00,N20,high,2.0NRT,307.17,8.29,D,VIIRS
46.56252,34.97792,345.39,0.46,0.64,2026-08-07,09:30:00,N20,nominal,2.0NRT,306.01,10.44,D,VIIRS
46.56617,34.96882,341.34,0.46,0.64,2026-08-07,09:30:00,N20,nominal,2.0NRT,304.19,8.29,D,VIIRS
46.94658,36.30269,367,0.39,0.6,2026-08-07,09:30:00,N20,high,2.0NRT,306.29,6.71,D,VIIRS
47.22954,37.26017,340.51,0.35,0.57,2026-08-07,09:30:00,N20,nominal,2.0NRT,301.04,4.81,D,VIIRS
47.22828,37.25585,345.2,0.35,0.57,2026-08-07,09:30:00,N20,nominal,2.0NRT,307.03,4.81,D,VIIRS
47.22702,37.2515,342.77,0.35,0.57,2026-08-07,09:30:00,N20,nominal,2.0NRT,307.18,6.3,D,VIIRS
46.9509,36.31701,334.51,0.39,0.6,2026-08-07,09:30:00,N20,low,2.0NRT,305.85,4.76,D,VIIRS
46.94948,36.31229,339.58,0.39,0.6,2026-08-07,09:30:00,N20,nominal,2.0NRT,306.07,4.76,D,VIIRS
46.94804,36.30752,339.75,0.39,0.6,2026-08-07,09:30:00,N20,nominal,2.0NRT,305.67,6.71,D,VIIRS
46.94512,36.29784,345.32,0.39,0.6,2026-08-07,09:30:00,N20,nominal,2.0NRT,306.43,9,D,VIIRS
46.54602,34.94671,336.01,0.47,0.64,2026-08-07,09:30:00,N20,nominal,2.0NRT,303.46,4.43,D,VIIRS
46.56021,34.97097,367,0.46,0.64,2026-08-07,09:30:00,N20,high,2.0NRT,307.28,6.31,D,VIIRS
46.56196,34.97651,350.88,0.46,0.64,2026-08-07,09:30:00,N20,nominal,2.0NRT,306.59,6.31,D,VIIRS
46.25887,34.03635,344.68,0.52,0.67,2026-08-07,09:30:00,N20,nominal,2.0NRT,302.58,8.51,D,VIIRS
46.25681,34.03009,343.09,0.52,0.67,2026-08-07,09:30:00,N20,nominal,2.0NRT,302.75,8.6,D,VIIRS
46.56559,34.96746,333.64,0.46,0.64,2026-08-07,09:30:00,N20,nominal,2.0NRT,303.79,6.31,D,VIIRS
46.54272,34.87471,340.36,0.47,0.64,2026-08-07,09:30:00,N20,nominal,2.0NRT,303.54,2.23,D,VIIRS
46.81475,35.6462,333.84,0.43,0.62,2026-08-07,09:30:00,N20,low,2.0NRT,304.11,1.89,D,VIIRS
46.66811,35.17094,330.72,0.45,0.63,2026-08-07,09:30:00,N20,low,2.0NRT,305.13,1.75,D,VIIRS
47.01903,36.30355,341.66,0.39,0.6,2026-08-07,09:30:00,N20,nominal,2.0NRT,302.5,8.01,D,VIIRS
47.01759,36.29871,347.91,0.39,0.6,2026-08-07,09:30:00,N20,nominal,2.0NRT,305.17,10.67,D,VIIRS
47.02267,36.29559,367,0.39,0.6,2026-08-07,09:30:00,N20,high,2.0NRT,307.33,10.67,D,VIIRS
47.02411,36.30044,354.29,0.39,0.6,2026-08-07,09:30:00,N20,nominal,2.0NRT,302.71,8.01,D,VIIRS
47.02775,36.2925,334.08,0.39,0.6,2026-08-07,09:30:00,N20,nominal,2.0NRT,302.88,5.13,D,VIIRS
47.42518,37.59068,337.43,0.34,0.56,2026-08-07,09:30:00,N20,nominal,2.0NRT,304.02,2.43,D,VIIRS
46.3173,33.83751,331.4,0.53,0.67,2026-08-07,09:30:00,N20,nominal,2.0NRT,301.68,3.22,D,VIIRS
46.31526,33.83123,330.99,0.53,0.67,2026-08-07,09:30:00,N20,low,2.0NRT,302.73,3.22,D,VIIRS
46.32291,33.83367,341.6,0.53,0.67,2026-08-07,09:30:00,N20,nominal,2.0NRT,301.85,3.22,D,VIIRS
46.32088,33.82738,338.64,0.53,0.67,2026-08-07,09:30:00,N20,nominal,2.0NRT,303.41,3.22,D,VIIRS
46.31696,33.83479,337.83,0.53,0.67,2026-08-07,09:30:00,N20,nominal,2.0NRT,301.9,2.71,D,VIIRS
46.32259,33.83097,344.25,0.53,0.67,2026-08-07,09:30:00,N20,nominal,2.0NRT,302.97,6.62,D,VIIRS
46.62611,34.74792,336.52,0.47,0.64,2026-08-07,09:30:00,N20,nominal,2.0NRT,303.32,3.22,D,VIIRS
46.7618,35.15818,341.36,0.45,0.63,2026-08-07,09:30:00,N20,nominal,2.0NRT,304.43,2.87,D,VIIRS
46.80539,35.27776,349.72,0.44,0.62,2026-08-07,09:30:00,N20,nominal,2.0NRT,306.3,5.94,D,VIIRS
46.7671,35.15469,336.79,0.45,0.63,2026-08-07,09:30:00,N20,nominal,2.0NRT,303.59,2.87,D,VIIRS
46.76037,35.13314,335.77,0.45,0.63,2026-08-07,09:30:00,N20,nominal,2.0NRT,304.01,2.6,D,VIIRS
47.29245,36.83905,367,0.36,0.58,2026-08-07,09:30:00,N20,high,2.0NRT,310.7,13.13,D,VIIRS
47.29379,36.84366,335.9,0.36,0.58,2026-08-07,09:30:00,N20,nominal,2.0NRT,305.44,14,D,VIIRS
47.2911,36.83442,345.81,0.36,0.58,2026-08-07,09:30:00,N20,nominal,2.0NRT,306.36,13.13,D,VIIRS
47.29735,36.83596,367,0.36,0.58,2026-08-07,09:30:00,N20,high,2.0NRT,304.59,13.13,D,VIIRS
47.29602,36.83138,355.44,0.36,0.58,2026-08-07,09:30:00,N20,nominal,2.0NRT,305.46,13.13,D,VIIRS
47.29472,36.82689,354.83,0.37,0.58,2026-08-07,09:30:00,N20,nominal,2.0NRT,306.73,15.31,D,VIIRS
46.85053,35.28029,334.92,0.44,0.62,2026-08-07,09:30:00,N20,nominal,2.0NRT,304.75,1.64,D,VIIRS
46.68191,34.73847,334.66,0.47,0.64,2026-08-07,09:30:00,N20,nominal,2.0NRT,304.8,9.59,D,VIIRS
46.68013,34.73284,347.28,0.47,0.64,2026-08-07,09:30:00,N20,nominal,2.0NRT,305.49,9.59,D,VIIRS
46.15911,33.12822,333.19,0.57,0.69,2026-08-07,09:30:00,N20,nominal,2.0NRT,299.81,6.03,D,VIIRS
46.68554,34.72926,367,0.47,0.64,2026-08-07,09:30:00,N20,high,2.0NRT,307.03,9.59,D,VIIRS
46.61325,34.5003,367,0.48,0.65,2026-08-07,09:30:00,N20,high,2.0NRT,305.29,7.68,D,VIIRS
46.61508,34.50608,333.43,0.48,0.65,2026-08-07,09:30:00,N20,nominal,2.0NRT,303.31,7.68,D,VIIRS
46.61141,34.49451,334.47,0.48,0.65,2026-08-07,09:30:00,N20,nominal,2.0NRT,303.82,5.93,D,VIIRS
46.78962,35.04193,331.07,0.45,0.63,2026-08-07,09:30:00,N20,low,2.0NRT,304.11,1.27,D,VIIRS
46.61687,34.49087,340.92,0.48,0.65,2026-08-07,09:30:00,N20,nominal,2.0NRT,302.19,2.45,D,VIIRS
46.70536,34.70928,351.63,0.47,0.64,2026-08-07,09:30:00,N20,nominal,2.0NRT,305.17,21.75,D,VIIRS
46.70358,34.70361,353.07,0.47,0.64,2026-08-07,09:30:00,N20,nominal,2.0NRT,311.57,21.75,D,VIIRS
46.70181,34.69793,330.85,0.47,0.64,2026-08-07,09:30:00,N20,low,2.0NRT,304.52,14.49,D,VIIRS
46.27645,33.37487,332.31,0.56,0.68,2026-08-07,09:30:00,N20,nominal,2.0NRT,299.54,7.07,D,VIIRS
46.27428,33.36831,355.29,0.56,0.69,2026-08-07,09:30:00,N20,nominal,2.0NRT,301.21,12.43,D,VIIRS
46.71076,34.7057,335.16,0.47,0.64,2026-08-07,09:30:00,N20,nominal,2.0NRT,305.04,4.35,D,VIIRS
46.70899,34.70002,350.67,0.47,0.64,2026-08-07,09:30:00,N20,nominal,2.0NRT,305.32,4.35,D,VIIRS
46.22516,33.198480000000004,345.98,0.57,0.69,2026-08-07,09:30:00,N20,nominal,2.0NRT,300.4,6.05,D,VIIRS
46.61639,34.49653,367,0.48,0.65,2026-08-07,09:30:00,N20,high,2.0NRT,304.06,9.3,D,VIIRS
46.61825,34.50228,336.29,0.48,0.65,2026-08-07,09:30:00,N20,nominal,2.0NRT,302.76,7.78,D,VIIRS
46.61453,34.49076,345.5,0.48,0.65,2026-08-07,09:30:00,N20,nominal,2.0NRT,302.76,9.3,D,VIIRS
46.16169,33.12603,338.32,0.57,0.69,2026-08-07,09:30:00,N20,nominal,2.0NRT,301.29,5.9,D,VIIRS
46.70415,34.70832,367,0.47,0.64,2026-08-07,09:30:00,N20,high,2.0NRT,305.4,23.08,D,VIIRS
46.70234,34.70266,348.24,0.47,0.64,2026-08-07,09:30:00,N20,nominal,2.0NRT,311.58,34.23,D,VIIRS
46.70775,34.6991,367,0.47,0.64,2026-08-07,09:30:00,N20,high,2.0NRT,305.88,10.66,D,VIIRS
46.27231,33.36911,367,0.56,0.68,2026-08-07,09:30:00,N20,high,2.0NRT,301.41,6.87,D,VIIRS
46.70955,34.70476,337.65,0.47,0.64,2026-08-07,09:30:00,N20,nominal,2.0NRT,305.44,6.13,D,VIIRS
46.27451,33.37566,332.41,0.56,0.68,2026-08-07,09:30:00,N20,nominal,2.0NRT,299.46,6.87,D,VIIRS
46.22242,33.20002,345.75,0.57,0.69,2026-08-07,09:30:00,N20,nominal,2.0NRT,299.97,6.82,D,VIIRS
46.74187,34.74478,367,0.47,0.64,2026-08-07,09:30:00,N20,high,2.0NRT,306.44,9.54,D,VIIRS
46.74009,34.73916,341.46,0.47,0.64,2026-08-07,09:30:00,N20,nominal,2.0NRT,305.73,9.54,D,VIIRS
46.7383,34.73354,346.97,0.47,0.64,2026-08-07,09:30:00,N20,nominal,2.0NRT,305.47,5.74,D,VIIRS
46.73652,34.72792,343.54,0.47,0.64,2026-08-07,09:30:00,N20,nominal,2.0NRT,305.12,5.74,D,VIIRS
47.09632,35.72553,331.63,0.41,0.61,2026-08-07,09:30:00,N20,low,2.0NRT,304.97,2.87,D,VIIRS
47.46032,36.9202,332.33,0.36,0.57,2026-08-07,09:30:00,N20,nominal,2.0NRT,300.91,2.67,D,VIIRS
47.46518,36.91708,340.53,0.36,0.57,2026-08-07,09:30:00,N20,nominal,2.0NRT,303.09,3.27,D,VIIRS
47.19951,36.00844,335.7,0.4,0.6,2026-08-07,09:30:00,N20,nominal,2.0NRT,304.05,2.27,D,VIIRS
48.03677,38.95018,340.01,0.56,0.52,2026-08-07,09:30:00,N20,nominal,2.0NRT,301.61,9.51,D,VIIRS
47.56249,37.15035,333.04,0.35,0.56,2026-08-07,09:30:00,N20,low,2.0NRT,303.14,3.71,D,VIIRS
47.73344,37.73086,335.55,0.32,0.55,2026-08-07,09:30:00,N20,nominal,2.0NRT,303.76,3.21,D,VIIRS
47.56606,37.14305,334.23,0.35,0.56,2026-08-07,09:30:00,N20,nominal,2.0NRT,302.41,3.99,D,VIIRS
47.55844,37.0969,367,0.35,0.57,2026-08-07,09:30:00,N20,high,2.0NRT,305.39,7.96,D,VIIRS
47.56095,37.10558,346.17,0.35,0.57,2026-08-07,09:30:00,N20,nominal,2.0NRT,305.97,6.7,D,VIIRS
47.5597,37.10126,353.67,0.35,0.57,2026-08-07,09:30:00,N20,nominal,2.0NRT,305.66,7.96,D,VIIRS
47.56329,37.09397,350.99,0.35,0.57,2026-08-07,09:30:00,N20,nominal,2.0NRT,305.94,5.08,D,VIIRS
46.25199,32.81218,339.48,0.59,0.7,2026-08-07,09:30:00,N20,nominal,2.0NRT,299.17,3.48,D,VIIRS
47.57114,36.98248,352.18,0.35,0.57,2026-08-07,09:30:00,N20,nominal,2.0NRT,304.66,6.72,D,VIIRS
47.2103,35.65619,336.6,0.41,0.61,2026-08-07,09:30:00,N20,nominal,2.0NRT,302.48,12.31,D,VIIRS
47.21542,35.65273,367,0.41,0.61,2026-08-07,09:30:00,N20,high,2.0NRT,303.98,12.31,D,VIIRS
47.21391,35.64771,348.37,0.41,0.61,2026-08-07,09:30:00,N20,nominal,2.0NRT,307.64,12.31,D,VIIRS
47.43523,36.33271,367,0.38,0.59,2026-08-07,09:30:00,N20,high,2.0NRT,302.74,7.21,D,VIIRS
47.43388,36.32805,354.36,0.38,0.59,2026-08-07,09:30:00,N20,nominal,2.0NRT,304.91,7.21,D,VIIRS
47.07376,35.12518,347.17,0.44,0.62,2026-08-07,09:30:00,N20,nominal,2.0NRT,304.01,17.06,D,VIIRS
47.84583,37.76095,367,0.32,0.55,2026-08-07,09:30:00,N20,high,2.0NRT,306.66,4.86,D,VIIRS
47.07901,35.12168,367,0.44,0.62,2026-08-07,09:30:00,N20,high,2.0NRT,308.92,17.06,D,VIIRS
47.84473,37.75696,330.45,0.32,0.55,2026-08-07,09:30:00,N20,nominal,2.0NRT,302.42,4.86,D,VIIRS
47.72337,37.31977,351.08,0.34,0.56,2026-08-07,09:30:00,N20,nominal,2.0NRT,302.72,3.74,D,VIIRS
47.7222,37.31561,341.65,0.34,0.56,2026-08-07,09:30:00,N20,nominal,2.0NRT,305.73,3.74,D,VIIRS
47.08065,35.12701,330.48,0.44,0.62,2026-08-07,09:30:00,N20,nominal,2.0NRT,304.06,13.09,D,VIIRS
47.07738,35.11634,352.05,0.44,0.62,2026-08-07,09:30:00,N20,nominal,2.0NRT,308.28,17.06,D,VIIRS
47.21418,35.65096,355.71,0.41,0.61,2026-08-07,09:30:00,N20,nominal,2.0NRT,308.45,35.56,D,VIIRS
47.21264,35.64594,345.2,0.41,0.61,2026-08-07,09:30:00,N20,nominal,2.0NRT,303.81,17.99,D,VIIRS
47.43239,36.33158,367,0.38,0.59,2026-08-07,09:30:00,N20,high,2.0NRT,304.99,6.15,D,VIIRS
47.84649,37.76149,349.37,0.32,0.55,2026-08-07,09:30:00,N20,nominal,2.0NRT,306.84,6.88,D,VIIRS
47.84537,37.7575,355.92,0.32,0.55,2026-08-07,09:30:00,N20,nominal,2.0NRT,306.04,6.88,D,VIIRS
47.7207,37.31803,342.54,0.34,0.56,2026-08-07,09:30:00,N20,nominal,2.0NRT,303.75,5.1,D,VIIRS
47.75153,37.40635,333.81,0.33,0.56,2026-08-07,09:30:00,N20,nominal,2.0NRT,300.75,2.44,D,VIIRS
47.72663,37.31913,344.15,0.34,0.56,2026-08-07,09:30:00,N20,nominal,2.0NRT,301.41,5.1,D,VIIRS
47.72545,37.31499,355.27,0.34,0.56,2026-08-07,09:30:00,N20,nominal,2.0NRT,306.4,5.1,D,VIIRS
47.43736,36.328360000000004,335.58,0.38,0.59,2026-08-07,09:30:00,N20,nominal,2.0NRT,301.93,6.15,D,VIIRS
47.07524,35.12202,367,0.44,0.62,2026-08-07,09:30:00,N20,high,2.0NRT,307.97,16.85,D,VIIRS
47.0769,35.12733,339.57,0.44,0.62,2026-08-07,09:30:00,N20,nominal,2.0NRT,303.91,16.85,D,VIIRS
47.07358,35.11671,342.08,0.44,0.62,2026-08-07,09:30:00,N20,nominal,2.0NRT,305.99,11.05,D,VIIRS
47.7575,37.38812,351.75,0.33,0.56,2026-08-07,09:30:00,N20,nominal,2.0NRT,303.87,3.89,D,VIIRS
47.75632,37.38399,335.72,0.33,0.56,2026-08-07,09:30:00,N20,nominal,2.0NRT,301.98,3.89,D,VIIRS
47.0805,35.11854,355.7,0.44,0.62,2026-08-07,09:30:00,N20,nominal,2.0NRT,307.65,16.85,D,VIIRS
47.07884,35.11322,332.96,0.44,0.62,2026-08-07,09:30:00,N20,nominal,2.0NRT,303.66,11.05,D,VIIRS
47.06725,33.25798,331.66,0.53,0.67,2026-08-07,09:30:00,N20,low,2.0NRT,302.8,4.28,D,VIIRS
48.28497,37.18707,339.71,0.33,0.55,2026-08-07,09:30:00,N20,nominal,2.0NRT,300.93,1.75,D,VIIRS
48.04684,36.36295,337.16,0.36,0.58,2026-08-07,09:30:00,N20,nominal,2.0NRT,300.93,6.87,D,VIIRS
47.7618,35.41212,335.44,0.41,0.6,2026-08-07,09:30:00,N20,low,2.0NRT,306.24,8.69,D,VIIRS
47.60328,30.71388,336.11,0.65,0.73,2026-08-07,09:30:00,N20,nominal,2.0NRT,299.97,9.37,D,VIIRS
47.60918,30.70913,367,0.65,0.73,2026-08-07,09:30:00,N20,high,2.0NRT,301.62,9.37,D,VIIRS
49.82791,37.75912,332.66,0.56,0.51,2026-08-07,09:30:00,N20,nominal,2.0NRT,305.12,5.04,D,VIIRS
47.6181,30.71276,344.67,0.65,0.73,2026-08-07,09:30:00,N20,nominal,2.0NRT,298.37,36.88,D,VIIRS
47.61507,30.70436,342.17,0.65,0.73,2026-08-07,09:30:00,N20,nominal,2.0NRT,307.92,61.76,D,VIIRS
48.03872,31.63577,330.96,0.57,0.69,2026-08-07,09:30:00,N20,nominal,2.0NRT,298.87,4.87,D,VIIRS
48.04448,31.63157,367,0.57,0.69,2026-08-07,09:30:00,N20,high,2.0NRT,300.54,13.5,D,VIIRS
47.98542,31.43858,337.6,0.59,0.7,2026-08-07,09:30:00,N20,nominal,2.0NRT,300.3,7.31,D,VIIRS
47.99355,31.44106,367,0.58,0.7,2026-08-07,09:30:00,N20,high,2.0NRT,304.87,26.55,D,VIIRS
47.99116,31.43412,337.73,0.59,0.7,2026-08-07,09:30:00,N20,nominal,2.0NRT,300.25,26.55,D,VIIRS
47.62181,30.36112,341.9,0.67,0.73,2026-08-07,09:30:00,N20,nominal,2.0NRT,299.83,7.57,D,VIIRS
47.61868,30.35238,345.67,0.67,0.73,2026-08-07,09:30:00,N20,nominal,2.0NRT,299,7.57,D,VIIRS
48.04158,31.63366,367,0.57,0.69,2026-08-07,09:30:00,N20,high,2.0NRT,301.15,14.39,D,VIIRS
49.88836,37.57509,340.58,0.57,0.52,2026-08-07,09:30:00,N20,nominal,2.0NRT,301.98,5.86,D,VIIRS
47.98989,31.44414,367,0.58,0.7,2026-08-07,09:30:00,N20,high,2.0NRT,300.6,21.14,D,VIIRS
47.98748,31.43725,353.11,0.58,0.7,2026-08-07,09:30:00,N20,nominal,2.0NRT,301.37,19.86,D,VIIRS
47.99563,31.43972,367,0.58,0.7,2026-08-07,09:30:00,N20,high,2.0NRT,300.34,27.89,D,VIIRS
47.99321,31.43281,332.29,0.58,0.7,2026-08-07,09:30:00,N20,nominal,2.0NRT,298.01,16.17,D,VIIRS
49.91178,37.60394,332.7,0.56,0.52,2026-08-07,09:30:00,N20,nominal,2.0NRT,298.18,2.1,D,VIIRS
47.61623,30.35612,351.65,0.67,0.73,2026-08-07,09:30:00,N20,nominal,2.0NRT,299.79,9.08,D,VIIRS
49.99439,37.58424,353.5,0.56,0.52,2026-08-07,09:30:00,N20,nominal,2.0NRT,305.74,14.2,D,VIIRS
49.99879,37.58138,341.94,0.56,0.52,2026-08-07,09:30:00,N20,nominal,2.0NRT,301.13,14.2,D,VIIRS
49.99109,37.55254,337.86,0.56,0.52,2026-08-07,09:30:00,N20,nominal,2.0NRT,303.28,8.64,D,VIIRS
49.99213,37.58713,340.55,0.56,0.52,2026-08-07,09:30:00,N20,nominal,2.0NRT,301.35,8.86,D,VIIRS
49.99652,37.58428,342.7,0.56,0.52,2026-08-07,09:30:00,N20,nominal,2.0NRT,304.38,27.05,D,VIIRS
49.99307,37.55261,347.16,0.56,0.52,2026-08-07,09:30:00,N20,nominal,2.0NRT,302.9,10.9,D,VIIRS
47.82158,30.40062,340.62,0.65,0.73,2026-08-07,09:30:00,N20,nominal,2.0NRT,298.15,4.85,D,VIIRS
48.18887,31.33814,347.21,0.58,0.7,2026-08-07,09:30:00,N20,nominal,2.0NRT,301.07,5.68,D,VIIRS
48.18647,31.3312,335.6,0.58,0.7,2026-08-07,09:30:00,N20,nominal,2.0NRT,302.01,11.32,D,VIIRS
48.19452,31.33349,367,0.58,0.7,2026-08-07,09:30:00,N20,high,2.0NRT,302.65,16.35,D,VIIRS
48.19215,31.32659,344.66,0.58,0.7,2026-08-07,09:30:00,N20,nominal,2.0NRT,304.08,14.9,D,VIIRS
48.19108,31.33642,367,0.58,0.7,2026-08-07,09:30:00,N20,high,2.0NRT,301.69,11.27,D,VIIRS
48.18867,31.32955,348.6,0.58,0.7,2026-08-07,09:30:00,N20,nominal,2.0NRT,303.99,11.27,D,VIIRS
48.19674,31.33179,348.24,0.58,0.7,2026-08-07,09:30:00,N20,nominal,2.0NRT,300.09,7.7,D,VIIRS
48.19434,31.32493,344.48,0.58,0.7,2026-08-07,09:30:00,N20,nominal,2.0NRT,302.18,7.7,D,VIIRS
50.30015,37.50745,330.34,0.55,0.51,2026-08-07,09:30:00,N20,nominal,2.0NRT,298.07,3.29,D,VIIRS
47.76384,35.39872,336.42,0.41,0.6,2026-08-07,09:30:00,N20,nominal,2.0NRT,304.59,5.71,D,VIIRS
47.46231,34.43074,341.43,0.46,0.63,2026-08-07,09:30:00,N20,nominal,2.0NRT,301.43,4.21,D,VIIRS
46.90142,32.72346,334.42,0.56,0.69,2026-08-07,09:30:00,N20,nominal,2.0NRT,303.37,4.92,D,VIIRS
48.0579,36.36101,367,0.36,0.58,2026-08-07,09:30:00,N20,high,2.0NRT,294.51,6.31,D,VIIRS
48.0566,36.35661,347.83,0.36,0.58,2026-08-07,09:30:00,N20,nominal,2.0NRT,299.36,6.31,D,VIIRS
48.2279,36.92805,331.9,0.34,0.56,2026-08-07,09:30:00,N20,nominal,2.0NRT,298.11,2.08,D,VIIRS
46.91514,32.72196,331.27,0.56,0.69,2026-08-07,09:30:00,N20,low,2.0NRT,301.64,5.27,D,VIIRS
47.70755,35.15461,367,0.42,0.61,2026-08-07,09:30:00,N20,high,2.0NRT,298.28,17.65,D,VIIRS
47.71851,35.19028,342.52,0.42,0.61,2026-08-07,09:30:00,N20,nominal,2.0NRT,299.9,5.47,D,VIIRS
47.59819,34.80146,330.18,0.44,0.62,2026-08-07,09:30:00,N20,low,2.0NRT,301.24,2.11,D,VIIRS
47.72725,35.17833,367,0.42,0.61,2026-08-07,09:30:00,N20,high,2.0NRT,306.39,15.8,D,VIIRS
48.26364,36.99435,342.63,0.34,0.56,2026-08-07,09:30:00,N20,nominal,2.0NRT,303.55,4.84,D,VIIRS
47.73396,35.18,367,0.42,0.61,2026-08-07,09:30:00,N20,high,2.0NRT,302.37,11.98,D,VIIRS
48.31553,37.15785,344.6,0.33,0.55,2026-08-07,09:30:00,N20,nominal,2.0NRT,299.69,8.63,D,VIIRS
48.31436,37.15369,353.4,0.33,0.55,2026-08-07,09:30:00,N20,nominal,2.0NRT,304.92,13.53,D,VIIRS
48.25168,36.93262,338.14,0.34,0.56,2026-08-07,09:30:00,N20,nominal,2.0NRT,301.02,1.81,D,VIIRS
47.86014,35.59572,349.09,0.4,0.6,2026-08-07,09:30:00,N20,nominal,2.0NRT,300,4.66,D,VIIRS
47.85868,35.59086,333.41,0.4,0.6,2026-08-07,09:30:00,N20,nominal,2.0NRT,301.49,4.66,D,VIIRS
47.73551,35.18508,331.61,0.42,0.61,2026-08-07,09:30:00,N20,nominal,2.0NRT,302.82,11.98,D,VIIRS
47.86515,35.59225,352.1,0.4,0.6,2026-08-07,09:30:00,N20,nominal,2.0NRT,303.58,3.95,D,VIIRS
47.8637,35.58742,332.01,0.4,0.6,2026-08-07,09:30:00,N20,nominal,2.0NRT,301.41,3.95,D,VIIRS
48.33882,37.20122,336.02,0.33,0.55,2026-08-07,09:30:00,N20,nominal,2.0NRT,300.6,1.18,D,VIIRS
48.26584,36.94293,335.12,0.34,0.56,2026-08-07,09:30:00,N20,nominal,2.0NRT,302.86,4.41,D,VIIRS
47.75402,35.18488,367,0.42,0.61,2026-08-07,09:30:00,N20,high,2.0NRT,299.64,84.9,D,VIIRS
48.5131,37.81017,342.39,0.61,0.53,2026-08-07,09:30:00,N20,nominal,2.0NRT,304.73,2.82,D,VIIRS
48.3435,37.19821,335.46,0.33,0.55,2026-08-07,09:30:00,N20,nominal,2.0NRT,301.71,1.9,D,VIIRS
47.65421,34.85976,341.36,0.43,0.62,2026-08-07,09:30:00,N20,nominal,2.0NRT,302.05,2.3,D,VIIRS
48.389,37.32148,330.65,0.32,0.55,2026-08-07,09:30:00,N20,low,2.0NRT,302.13,1.75,D,VIIRS
46.84386,32.32206,332.14,0.59,0.7,2026-08-07,09:30:00,N20,low,2.0NRT,303.93,4.88,D,VIIRS
46.84148,32.31507,341,0.59,0.7,2026-08-07,09:30:00,N20,nominal,2.0NRT,304.8,4.29,D,VIIRS
46.8391,32.30807,336.71,0.59,0.7,2026-08-07,09:30:00,N20,nominal,2.0NRT,304.59,4.29,D,VIIRS
48.03811,36.07426,331.11,0.37,0.58,2026-08-07,09:30:00,N20,nominal,2.0NRT,297.34,3,D,VIIRS
46.84729,32.31085,330.03,0.59,0.7,2026-08-07,09:30:00,N20,low,2.0NRT,304.19,4.29,D,VIIRS
48.31577,37.02059,367,0.33,0.56,2026-08-07,09:30:00,N20,high,2.0NRT,304.5,7.95,D,VIIRS
48.35421,37.15751,332.79,0.33,0.55,2026-08-07,09:30:00,N20,nominal,2.0NRT,302.14,3.74,D,VIIRS
47.94307,35.73205,331.75,0.39,0.59,2026-08-07,09:30:00,N20,low,2.0NRT,303.47,3.53,D,VIIRS
48.33677,37.07546,343,0.33,0.55,2026-08-07,09:30:00,N20,nominal,2.0NRT,303.19,2.57,D,VIIRS
47.62413,34.63965,333.68,0.44,0.63,2026-08-07,09:30:00,N20,nominal,2.0NRT,301.72,2.93,D,VIIRS
48.5626,37.8157,330.57,0.61,0.53,2026-08-07,09:30:00,N20,low,2.0NRT,302.29,2.51,D,VIIRS
48.54592,37.75417,346.44,0.61,0.53,2026-08-07,09:30:00,N20,nominal,2.0NRT,303.06,10.21,D,VIIRS
50.17112,36.87809,341.6,0.59,0.53,2026-08-07,09:30:00,N20,nominal,2.0NRT,302.72,16.18,D,VIIRS
48.48734,29.76885,337.61,0.66,0.73,2026-08-07,09:30:00,N20,nominal,2.0NRT,295.4,6.03,D,VIIRS
48.48445,29.76084,336.53,0.66,0.73,2026-08-07,09:30:00,N20,nominal,2.0NRT,295.15,6.03,D,VIIRS
48.48655,29.7736,330.32,0.66,0.73,2026-08-07,09:30:00,N20,nominal,2.0NRT,294.71,7.22,D,VIIRS
50.53438,31.09679,337.7,0.49,0.65,2026-08-07,09:30:00,N20,nominal,2.0NRT,294.59,5.16,D,VIIRS
51.06783,32.36676,367,0.42,0.61,2026-08-07,09:30:00,N20,high,2.0NRT,297.3,8.1,D,VIIRS
47.35379,35.96939,333.81,0.4,0.6,2026-08-07,09:30:00,N20,low,2.0NRT,305.83,4.28,D,VIIRS
47.35231,35.96449,343.77,0.4,0.6,2026-08-07,09:30:00,N20,nominal,2.0NRT,305.61,4.28,D,VIIRS
47.35886,35.96615,348.99,0.4,0.6,2026-08-07,09:30:00,N20,nominal,2.0NRT,306.01,4.05,D,VIIRS
47.35739,35.96125,333.38,0.4,0.6,2026-08-07,09:30:00,N20,nominal,2.0NRT,305.79,4.05,D,VIIRS
47.2361,35.54105,331.3,0.42,0.61,2026-08-07,09:30:00,N20,low,2.0NRT,304.59,2.58,D,VIIRS
47.77766,37.36082,333.86,0.33,0.56,2026-08-07,09:30:00,N20,nominal,2.0NRT,302.9,3.01,D,VIIRS
47.74437,37.24361,337.24,0.34,0.56,2026-08-07,09:30:00,N20,nominal,2.0NRT,303.29,5.12,D,VIIRS
47.74319,37.23943,347.42,0.34,0.56,2026-08-07,09:30:00,N20,nominal,2.0NRT,303.79,3.95,D,VIIRS
47.74199,37.23525,345.89,0.34,0.56,2026-08-07,09:30:00,N20,nominal,2.0NRT,301.82,3.95,D,VIIRS
47.5438,36.54912,331.74,0.37,0.58,2026-08-07,09:30:00,N20,nominal,2.0NRT,300.89,3.96,D,VIIRS
47.54247,36.54456,340.89,0.37,0.58,2026-08-07,09:30:00,N20,nominal,2.0NRT,302.34,3.96,D,VIIRS
47.74436,37.22381,367,0.34,0.56,2026-08-07,09:30:00,N20,high,2.0NRT,306.21,6.17,D,VIIRS
47.74674,37.232170000000004,338.64,0.34,0.56,2026-08-07,09:30:00,N20,nominal,2.0NRT,304.49,3.95,D,VIIRS
47.74555,37.22799,337.12,0.34,0.56,2026-08-07,09:30:00,N20,nominal,2.0NRT,304.94,6.17,D,VIIRS
47.54739,36.54144,355.64,0.37,0.58,2026-08-07,09:30:00,N20,nominal,2.0NRT,303.17,3.96,D,VIIRS
47.75029,37.22489,337.19,0.34,0.56,2026-08-07,09:30:00,N20,nominal,2.0NRT,293.22,2.93,D,VIIRS
47.75147,37.22905,356.44,0.34,0.56,2026-08-07,09:30:00,N20,low,2.0NRT,286.56,1.86,D,VIIRS
47.45027,36.15159,367,0.39,0.59,2026-08-07,09:30:00,N20,high,2.0NRT,304.84,6.24,D,VIIRS
47.45164,36.15622,333.54,0.39,0.59,2026-08-07,09:30:00,N20,nominal,2.0NRT,301.29,6.24,D,VIIRS
46.91632,34.41291,352.35,0.48,0.64,2026-08-07,09:30:00,N20,nominal,2.0NRT,304.84,4.87,D,VIIRS
47.73195,37.08109,340.32,0.35,0.56,2026-08-07,09:30:00,N20,nominal,2.0NRT,299.02,6.11,D,VIIRS
47.73072,37.07676,346.07,0.35,0.56,2026-08-07,09:30:00,N20,nominal,2.0NRT,304.98,4.96,D,VIIRS
47.20951,35.31175,331.82,0.43,0.62,2026-08-07,09:30:00,N20,low,2.0NRT,304.82,3.11,D,VIIRS
47.19393,35.24041,367,0.43,0.62,2026-08-07,09:30:00,N20,high,2.0NRT,305.92,12.01,D,VIIRS
47.73432,37.06951,333.2,0.35,0.56,2026-08-07,09:30:00,N20,low,2.0NRT,306.65,4.96,D,VIIRS
47.73309,37.06519,335.22,0.35,0.56,2026-08-07,09:30:00,N20,low,2.0NRT,305.38,3.58,D,VIIRS
47.52491,36.34442,349.86,0.38,0.59,2026-08-07,09:30:00,N20,nominal,2.0NRT,305.61,7.39,D,VIIRS
47.19874,35.25612,346.05,0.43,0.62,2026-08-07,09:30:00,N20,nominal,2.0NRT,304.01,5.89,D,VIIRS
47.19714,35.25089,344.29,0.43,0.62,2026-08-07,09:30:00,N20,nominal,2.0NRT,305.38,7.72,D,VIIRS
47.19554,35.24567,349.77,0.43,0.62,2026-08-07,09:30:00,N20,nominal,2.0NRT,305.3,7.72,D,VIIRS
47.20556,35.25791,339.79,0.43,0.62,2026-08-07,09:30:00,N20,nominal,2.0NRT,303.72,8.04,D,VIIRS
47.20235,35.24744,335.41,0.43,0.62,2026-08-07,09:30:00,N20,low,2.0NRT,305.71,4.07,D,VIIRS
47.21077,35.25447,367,0.43,0.62,2026-08-07,09:30:00,N20,high,2.0NRT,305.05,8.04,D,VIIRS
47.20917,35.24922,341.01,0.43,0.62,2026-08-07,09:30:00,N20,nominal,2.0NRT,307.04,8.04,D,VIIRS
47.20756,35.24398,333.07,0.43,0.62,2026-08-07,09:30:00,N20,nominal,2.0NRT,306.52,4.07,D,VIIRS
47.21598,35.25099,367,0.43,0.62,2026-08-07,09:30:00,N20,high,2.0NRT,303.11,25.85,D,VIIRS
47.21118,35.23526,367,0.43,0.62,2026-08-07,09:30:00,N20,high,2.0NRT,308.34,24.3,D,VIIRS
47.20957,35.23002,367,0.43,0.62,2026-08-07,09:30:00,N20,high,2.0NRT,307.02,15.52,D,VIIRS
47.37717,35.78458,354.38,0.4,0.6,2026-08-07,09:30:00,N20,nominal,2.0NRT,302.7,8.05,D,VIIRS
47.33369,35.6395,331.21,0.41,0.61,2026-08-07,09:30:00,N20,low,2.0NRT,305.35,2.29,D,VIIRS
47.33215,35.63437,335.5,0.41,0.61,2026-08-07,09:30:00,N20,nominal,2.0NRT,303.5,2.29,D,VIIRS
47.21437,35.24575,352.67,0.43,0.62,2026-08-07,09:30:00,N20,nominal,2.0NRT,309.5,25.85,D,VIIRS
47.21278,35.24051,338.22,0.43,0.62,2026-08-07,09:30:00,N20,nominal,2.0NRT,306.41,24.3,D,VIIRS
47.20797,35.22477,333.22,0.43,0.62,2026-08-07,09:30:00,N20,nominal,2.0NRT,304.03,15.52,D,VIIRS
47.3763,35.76129,367,0.4,0.6,2026-08-07,09:30:00,N20,high,2.0NRT,304.45,6.26,D,VIIRS
47.21639,35.2318,367,0.43,0.62,2026-08-07,09:30:00,N20,high,2.0NRT,307.46,24.3,D,VIIRS
47.77645,37.13844,336.03,0.34,0.56,2026-08-07,09:30:00,N20,nominal,2.0NRT,304.48,3.1,D,VIIRS
47.37778,35.76626,339.22,0.4,0.6,2026-08-07,09:30:00,N20,nominal,2.0NRT,303.71,6.26,D,VIIRS
47.37482,35.75633,349.56,0.4,0.6,2026-08-07,09:30:00,N20,nominal,2.0NRT,303.75,7.38,D,VIIRS
47.22118,35.24752,344.96,0.43,0.62,2026-08-07,09:30:00,N20,nominal,2.0NRT,303.32,25.85,D,VIIRS
47.21959,35.24229,344.34,0.43,0.62,2026-08-07,09:30:00,N20,nominal,2.0NRT,312.54,25.85,D,VIIRS
47.21799,35.23705,344.73,0.43,0.62,2026-08-07,09:30:00,N20,nominal,2.0NRT,305.97,24.3,D,VIIRS
47.21479,35.22657,352.76,0.43,0.62,2026-08-07,09:30:00,N20,nominal,2.0NRT,308.95,15.52,D,VIIRS
47.21319,35.22131,346.69,0.43,0.62,2026-08-07,09:30:00,N20,nominal,2.0NRT,305.91,15.52,D,VIIRS
47.21158,35.21606,355.58,0.43,0.62,2026-08-07,09:30:00,N20,nominal,2.0NRT,308.65,10.98,D,VIIRS
47.20998,35.21082,334.11,0.43,0.62,2026-08-07,09:30:00,N20,nominal,2.0NRT,302.89,10.98,D,VIIRS
47.21521,35.20738,367,0.43,0.62,2026-08-07,09:30:00,N20,high,2.0NRT,308.29,16.1,D,VIIRS
47.78126,37.13555,348.62,0.34,0.56,2026-08-07,09:30:00,N20,nominal,2.0NRT,302.86,4.29,D,VIIRS
47.38733,35.77787,333.16,0.4,0.6,2026-08-07,09:30:00,N20,nominal,2.0NRT,300.57,4.16,D,VIIRS
47.38585,35.77289,343.51,0.4,0.6,2026-08-07,09:30:00,N20,nominal,2.0NRT,304.53,3.91,D,VIIRS
47.38139,35.75795,342.87,0.4,0.6,2026-08-07,09:30:00,N20,nominal,2.0NRT,305.91,16.09,D,VIIRS
47.37989,35.75294,354.85,0.4,0.6,2026-08-07,09:30:00,N20,nominal,2.0NRT,308.71,21.45,D,VIIRS
47.21681,35.21265,342.42,0.43,0.62,2026-08-07,09:30:00,N20,nominal,2.0NRT,302.98,16.1,D,VIIRS
47.2136,35.20213,335.89,0.43,0.62,2026-08-07,09:30:00,N20,nominal,2.0NRT,304.28,15.09,D,VIIRS
47.39094,35.76958,342.55,0.4,0.6,2026-08-07,09:30:00,N20,nominal,2.0NRT,301.23,3.91,D,VIIRS
47.38946,35.76461,337.63,0.4,0.6,2026-08-07,09:30:00,N20,nominal,2.0NRT,303.52,3.91,D,VIIRS
47.13543,34.92669,340.57,0.45,0.63,2026-08-07,09:30:00,N20,nominal,2.0NRT,304.5,5.81,D,VIIRS
47.13377,34.92128,330.51,0.45,0.63,2026-08-07,09:30:00,N20,low,2.0NRT,303.82,3.11,D,VIIRS
47.20861,35.25508,367,0.43,0.62,2026-08-07,09:30:00,N20,high,2.0NRT,305.31,11.54,D,VIIRS
47.20535,35.24463,337.6,0.43,0.62,2026-08-07,09:30:00,N20,nominal,2.0NRT,306.37,8.07,D,VIIRS
47.21382,35.25163,367,0.43,0.62,2026-08-07,09:30:00,N20,high,2.0NRT,303.01,11.54,D,VIIRS
47.77974,37.13926,349.02,0.34,0.56,2026-08-07,09:30:00,N20,nominal,2.0NRT,302.49,4.43,D,VIIRS
47.7785,37.13497,331.77,0.34,0.56,2026-08-07,09:30:00,N20,low,2.0NRT,302.67,4.43,D,VIIRS
47.37758,35.78302,351.35,0.4,0.6,2026-08-07,09:30:00,N20,nominal,2.0NRT,303.35,4.02,D,VIIRS
47.33185,35.63346,338.63,0.41,0.61,2026-08-07,09:30:00,N20,nominal,2.0NRT,303,3.79,D,VIIRS
47.2122,35.24641,346.38,0.43,0.62,2026-08-07,09:30:00,N20,nominal,2.0NRT,307.09,8.07,D,VIIRS
47.21057,35.2412,331.64,0.43,0.62,2026-08-07,09:30:00,N20,nominal,2.0NRT,305.81,8.07,D,VIIRS
47.20894,35.23597,348.52,0.43,0.62,2026-08-07,09:30:00,N20,nominal,2.0NRT,304.87,6.71,D,VIIRS
47.20731,35.23073,340.67,0.43,0.62,2026-08-07,09:30:00,N20,nominal,2.0NRT,303.78,6.71,D,VIIRS
47.37663,35.75985,367,0.4,0.6,2026-08-07,09:30:00,N20,high,2.0NRT,305.64,10.43,D,VIIRS
47.21903,35.24818,367,0.43,0.62,2026-08-07,09:30:00,N20,high,2.0NRT,303.61,38.34,D,VIIRS
47.21416,35.23253,367,0.43,0.62,2026-08-07,09:30:00,N20,high,2.0NRT,312.52,29.73,D,VIIRS
47.37813,35.7648,340.93,0.4,0.6,2026-08-07,09:30:00,N20,nominal,2.0NRT,304.68,9.89,D,VIIRS
47.37512,35.75492,353.25,0.4,0.6,2026-08-07,09:30:00,N20,nominal,2.0NRT,305.6,10.43,D,VIIRS
47.21578,35.23774,345.16,0.43,0.62,2026-08-07,09:30:00,N20,nominal,2.0NRT,307.17,100.71,D,VIIRS
47.21253,35.2273,353.84,0.43,0.62,2026-08-07,09:30:00,N20,nominal,2.0NRT,310.98,29.73,D,VIIRS
47.2109,35.22207,350.42,0.43,0.62,2026-08-07,09:30:00,N20,nominal,2.0NRT,306.17,16.78,D,VIIRS
47.20927,35.21684,349.63,0.43,0.62,2026-08-07,09:30:00,N20,nominal,2.0NRT,304.19,16.78,D,VIIRS
47.3802,35.75154,367,0.4,0.6,2026-08-07,09:30:00,N20,high,2.0NRT,306.48,10.43,D,VIIRS
47.2145,35.21343,367,0.43,0.62,2026-08-07,09:30:00,N20,high,2.0NRT,306.78,16.78,D,VIIRS
47.90182,37.5276,343.78,0.33,0.55,2026-08-07,09:30:00,N20,nominal,2.0NRT,304.44,3.21,D,VIIRS
47.90068,37.52357,330.43,0.33,0.55,2026-08-07,09:30:00,N20,nominal,2.0NRT,302.64,2.19,D,VIIRS
47.89378,37.49919,346.54,0.33,0.55,2026-08-07,09:30:00,N20,nominal,2.0NRT,305.71,4.56,D,VIIRS
47.38776,35.77637,340.22,0.4,0.6,2026-08-07,09:30:00,N20,nominal,2.0NRT,300.89,4.97,D,VIIRS
47.38625,35.77143,343.89,0.4,0.6,2026-08-07,09:30:00,N20,nominal,2.0NRT,304.78,4.97,D,VIIRS
47.38171,35.75653,338.53,0.4,0.6,2026-08-07,09:30:00,N20,nominal,2.0NRT,305.67,10.43,D,VIIRS
47.21775,35.22388,339.84,0.43,0.62,2026-08-07,09:30:00,N20,nominal,2.0NRT,303.54,29.73,D,VIIRS
47.21287,35.20819,355.38,0.43,0.62,2026-08-07,09:30:00,N20,nominal,2.0NRT,308.39,20.58,D,VIIRS
47.21124,35.20295,337.13,0.43,0.62,2026-08-07,09:30:00,N20,nominal,2.0NRT,304.7,20.58,D,VIIRS
47.39135,35.76813,337.6,0.4,0.6,2026-08-07,09:30:00,N20,nominal,2.0NRT,301.24,3,D,VIIRS
47.38984,35.76319,335.24,0.4,0.6,2026-08-07,09:30:00,N20,nominal,2.0NRT,303.56,4.9,D,VIIRS
47.21811,35.2048,334.4,0.43,0.62,2026-08-07,09:30:00,N20,nominal,2.0NRT,302.66,3.26,D,VIIRS
47.14381,34.94672,352.38,0.45,0.63,2026-08-07,09:30:00,N20,nominal,2.0NRT,304.95,10.54,D,VIIRS
47.13705,34.92518,347.88,0.45,0.63,2026-08-07,09:30:00,N20,nominal,2.0NRT,305.07,5.03,D,VIIRS
47.13535,34.91979,339.66,0.45,0.63,2026-08-07,09:30:00,N20,nominal,2.0NRT,304.7,5.03,D,VIIRS
47.1491,34.94322,367,0.45,0.63,2026-08-07,09:30:00,N20,high,2.0NRT,303.78,94.99,D,VIIRS
47.14402,34.92705,331.4,0.45,0.63,2026-08-07,09:30:00,N20,low,2.0NRT,304.76,62.15,D,VIIRS
47.14233,34.92166,348.87,0.45,0.63,2026-08-07,09:30:00,N20,nominal,2.0NRT,305.98,7.17,D,VIIRS
47.14741,34.93783,367,0.45,0.63,2026-08-07,09:30:00,N20,low,2.0NRT,330.29,94.99,D,VIIRS
47.28982,35.37584,332.31,0.42,0.61,2026-08-07,09:30:00,N20,low,2.0NRT,303.61,2.38,D,VIIRS
47.15269,34.93433,332.74,0.45,0.63,2026-08-07,09:30:00,N20,nominal,2.0NRT,301.63,94.99,D,VIIRS
47.151,34.92892,353.44,0.45,0.63,2026-08-07,09:30:00,N20,nominal,2.0NRT,308.47,62.15,D,VIIRS
47.14931,34.92353,349.79,0.45,0.63,2026-08-07,09:30:00,N20,nominal,2.0NRT,305.74,62.15,D,VIIRS
47.14762,34.91814,344.61,0.45,0.63,2026-08-07,09:30:00,N20,nominal,2.0NRT,304.78,7.17,D,VIIRS
47.14593,34.91274,338.36,0.45,0.63,2026-08-07,09:30:00,N20,nominal,2.0NRT,304.03,7.17,D,VIIRS
46.36879,32.39945,367,0.61,0.71,2026-08-07,09:30:00,N20,high,2.0NRT,302.21,49.71,D,VIIRS
46.36633,32.39229,343.23,0.61,0.71,2026-08-07,09:30:00,N20,nominal,2.0NRT,307.85,58,D,VIIRS
47.57067,36.14523,330.13,0.38,0.59,2026-08-07,09:30:00,N20,low,2.0NRT,301.79,2.96,D,VIIRS
46.34286,32.2384,367,0.62,0.71,2026-08-07,09:30:00,N20,high,2.0NRT,303,8.7,D,VIIRS
47.57588,36.10242,350.34,0.38,0.59,2026-08-07,09:30:00,N20,nominal,2.0NRT,303.02,2.57,D,VIIRS
46.34536,32.24566,331.8,0.62,0.71,2026-08-07,09:30:00,N20,nominal,2.0NRT,301.26,8.7,D,VIIRS
46.35126,32.24139,340.54,0.62,0.71,2026-08-07,09:30:00,N20,nominal,2.0NRT,303.86,8.7,D,VIIRS
47.88507,37.1333,367,0.34,0.56,2026-08-07,09:30:00,N20,high,2.0NRT,305.58,32.1,D,VIIRS
47.68392,36.43101,367,0.37,0.58,2026-08-07,09:30:00,N20,high,2.0NRT,299.77,7.5,D,VIIRS
47.88745,37.14175,332.57,0.34,0.56,2026-08-07,09:30:00,N20,nominal,2.0NRT,302.11,5.94,D,VIIRS
47.88626,37.13752,336.75,0.34,0.56,2026-08-07,09:30:00,N20,nominal,2.0NRT,303.99,5.94,D,VIIRS
47.88389,37.12911,346.11,0.34,0.56,2026-08-07,09:30:00,N20,nominal,2.0NRT,313.29,32.1,D,VIIRS
47.88152,37.12074,337.48,0.34,0.56,2026-08-07,09:30:00,N20,nominal,2.0NRT,302.53,46.66,D,VIIRS
48.33606,37.07717,330.48,0.33,0.55,2026-08-07,09:30:00,N20,low,2.0NRT,302.49,2.37,D,VIIRS
48.31952,37.01953,336.8,0.33,0.55,2026-08-07,09:30:00,N20,nominal,2.0NRT,303.8,4.26,D,VIIRS
48.31831,37.01534,338.12,0.33,0.56,2026-08-07,09:30:00,N20,nominal,2.0NRT,303.43,5.16,D,VIIRS
47.94072,35.73642,341.73,0.39,0.59,2026-08-07,09:30:00,N20,nominal,2.0NRT,302.76,4.99,D,VIIRS
46.83487,32.3108,331.11,0.59,0.7,2026-08-07,09:30:00,N20,low,2.0NRT,303.83,4.86,D,VIIRS
46.84309,32.31357,343.73,0.59,0.7,2026-08-07,09:30:00,N20,nominal,2.0NRT,305.04,9.04,D,VIIRS
48.54398,37.75607,346.39,0.61,0.53,2026-08-07,09:30:00,N20,nominal,2.0NRT,304.03,9.28,D,VIIRS
47.62187,34.64593,339.91,0.44,0.63,2026-08-07,09:30:00,N20,nominal,2.0NRT,300.6,4.95,D,VIIRS
48.56335,37.80663,332.52,0.61,0.53,2026-08-07,09:30:00,N20,low,2.0NRT,303.07,5.05,D,VIIRS
47.37864,33.82579,346.49,0.49,0.65,2026-08-07,09:30:00,N20,nominal,2.0NRT,300.56,8.77,D,VIIRS
48.42052,37.21806,331.38,0.32,0.55,2026-08-07,09:30:00,N20,low,2.0NRT,302.08,2.48,D,VIIRS
48.41935,37.21394,335.02,0.32,0.55,2026-08-07,09:30:00,N20,nominal,2.0NRT,304.48,2.57,D,VIIRS
47.8081,35.12221,367,0.42,0.61,2026-08-07,09:30:00,N20,high,2.0NRT,304.4,12.77,D,VIIRS
48.49081,37.44878,332.53,0.63,0.54,2026-08-07,09:30:00,N20,low,2.0NRT,302.99,5.14,D,VIIRS
47.80963,35.1272,331.22,0.42,0.61,2026-08-07,09:30:00,N20,nominal,2.0NRT,301.03,12.77,D,VIIRS
47.80651,35.11703,352.41,0.42,0.61,2026-08-07,09:30:00,N20,nominal,2.0NRT,305.35,18.82,D,VIIRS
48.07224,35.97611,344.74,0.38,0.58,2026-08-07,09:30:00,N20,nominal,2.0NRT,301.94,5.15,D,VIIRS
47.81328,35.11889,335.67,0.42,0.61,2026-08-07,09:30:00,N20,nominal,2.0NRT,301.21,4.87,D,VIIRS
47.71579,34.78345,367,0.43,0.62,2026-08-07,09:30:00,N20,high,2.0NRT,297.56,20.68,D,VIIRS
47.71412,34.77807,348.93,0.43,0.62,2026-08-07,09:30:00,N20,nominal,2.0NRT,301.06,23.76,D,VIIRS
47.76027,34.90653,332.14,0.43,0.62,2026-08-07,09:30:00,N20,nominal,2.0NRT,298.32,7.01,D,VIIRS
48.48977,37.36693,331.25,0.32,0.54,2026-08-07,09:30:00,N20,nominal,2.0NRT,300.2,2.88,D,VIIRS
47.17231,33.03237,367,0.54,0.68,2026-08-07,09:30:00,N20,high,2.0NRT,305.16,29.72,D,VIIRS
48.6154,37.80187,344.68,0.6,0.53,2026-08-07,09:30:00,N20,nominal,2.0NRT,306.28,15.37,D,VIIRS
47.17021,33.02606,348.49,0.54,0.68,2026-08-07,09:30:00,N20,nominal,2.0NRT,310.4,29.72,D,VIIRS
48.58412,37.64887,342.47,0.61,0.54,2026-08-07,09:30:00,N20,nominal,2.0NRT,307.12,7.47,D,VIIRS
47.92923,35.35804,331.52,0.4,0.6,2026-08-07,09:30:00,N20,low,2.0NRT,302.74,3.88,D,VIIRS
48.41033,36.9856,367,0.33,0.55,2026-08-07,09:30:00,N20,high,2.0NRT,304.86,9.03,D,VIIRS
48.74256,38.19352,332.77,0.58,0.52,2026-08-07,09:30:00,N20,nominal,2.0NRT,300.08,10.33,D,VIIRS
48.40916,36.98145,345.51,0.33,0.55,2026-08-07,09:30:00,N20,nominal,2.0NRT,303.92,9.03,D,VIIRS
48.62761,37.74901,334.28,0.61,0.53,2026-08-07,09:30:00,N20,nominal,2.0NRT,305.06,4.42,D,VIIRS
48.57214,37.54657,334.36,0.62,0.54,2026-08-07,09:30:00,N20,nominal,2.0NRT,299.55,4.97,D,VIIRS
48.63213,37.74603,341.37,0.61,0.53,2026-08-07,09:30:00,N20,nominal,2.0NRT,303.36,6.51,D,VIIRS
48.64084,37.75838,339.97,0.61,0.53,2026-08-07,09:30:00,N20,nominal,2.0NRT,301.18,6.06,D,VIIRS
48.63874,37.75069,338.62,0.61,0.53,2026-08-07,09:30:00,N20,nominal,2.0NRT,304.62,6.51,D,VIIRS
48.50525,37.22589,331.85,0.32,0.55,2026-08-07,09:30:00,N20,low,2.0NRT,302.19,3.03,D,VIIRS
48.6304,37.74657,344.58,0.61,0.53,2026-08-07,09:30:00,N20,nominal,2.0NRT,305,7.21,D,VIIRS
48.57399,37.54503,335.05,0.62,0.54,2026-08-07,09:30:00,N20,nominal,2.0NRT,300.28,4.49,D,VIIRS
48.63916,37.75882,339.66,0.61,0.53,2026-08-07,09:30:00,N20,nominal,2.0NRT,300.95,6.25,D,VIIRS
48.63704,37.7512,335.9,0.61,0.53,2026-08-07,09:30:00,N20,nominal,2.0NRT,304.4,6.25,D,VIIRS
48.50564,37.22565,332.63,0.32,0.55,2026-08-07,09:30:00,N20,nominal,2.0NRT,302.09,1.85,D,VIIRS
48.41474,36.86839,367,0.34,0.56,2026-08-07,09:30:00,N20,high,2.0NRT,301.48,9.3,D,VIIRS
48.41947,36.86531,367,0.34,0.56,2026-08-07,09:30:00,N20,high,2.0NRT,303.5,9.3,D,VIIRS
48.64088,37.64937,333.06,0.61,0.54,2026-08-07,09:30:00,N20,nominal,2.0NRT,300.53,6.73,D,VIIRS
48.63881,37.6419,341.9,0.61,0.54,2026-08-07,09:30:00,N20,nominal,2.0NRT,302.84,6.73,D,VIIRS
47.89101,37.13445,367,0.34,0.56,2026-08-07,09:30:00,N20,high,2.0NRT,304.44,5.94,D,VIIRS
47.88748,37.12192,367,0.34,0.56,2026-08-07,09:30:00,N20,high,2.0NRT,301.32,46.66,D,VIIRS
47.88983,37.13024,332.96,0.34,0.56,2026-08-07,09:30:00,N20,nominal,2.0NRT,301.79,32.1,D,VIIRS
46.46047,32.51874,331.81,0.6,0.7,2026-08-07,09:30:00,N20,low,2.0NRT,302.58,4.79,D,VIIRS
47.88629,37.11772,303.6,0.34,0.56,2026-08-07,09:30:00,N20,low,2.0NRT,315.73,46.66,D,VIIRS
47.89576,37.13139,367,0.34,0.56,2026-08-07,09:30:00,N20,high,2.0NRT,302.9,11.6,D,VIIRS
47.89459,37.12721,348.59,0.34,0.56,2026-08-07,09:30:00,N20,nominal,2.0NRT,305.74,8.41,D,VIIRS
47.89224,37.11888,348.25,0.34,0.56,2026-08-07,09:30:00,N20,nominal,2.0NRT,304.45,4.48,D,VIIRS
47.89105,37.11467,335.83,0.34,0.56,2026-08-07,09:30:00,N20,nominal,2.0NRT,303.15,4.48,D,VIIRS
47.88986,37.11044,333.7,0.34,0.56,2026-08-07,09:30:00,N20,nominal,2.0NRT,300.32,2.79,D,VIIRS
47.68719,36.40202,335.49,0.37,0.58,2026-08-07,09:30:00,N20,nominal,2.0NRT,301.83,2.92,D,VIIRS
47.89935,37.12419,367,0.34,0.56,2026-08-07,09:30:00,N20,high,2.0NRT,302.32,8.41,D,VIIRS
47.89818,37.12002,367,0.34,0.56,2026-08-07,09:30:00,N20,high,2.0NRT,305.29,8.41,D,VIIRS
47.89581,37.11159,335.29,0.34,0.56,2026-08-07,09:30:00,N20,nominal,2.0NRT,301.21,4.48,D,VIIRS
47.89461,37.10735,339.63,0.34,0.56,2026-08-07,09:30:00,N20,nominal,2.0NRT,301.25,2.79,D,VIIRS
47.88623,37.12665,367,0.34,0.56,2026-08-07,09:30:00,N20,high,2.0NRT,295.15,19.43,D,VIIRS
47.6829,36.43138,367,0.37,0.58,2026-08-07,09:30:00,N20,high,2.0NRT,299.53,8.35,D,VIIRS
47.88985,37.13921,334.4,0.34,0.56,2026-08-07,09:30:00,N20,nominal,2.0NRT,302.16,6.1,D,VIIRS
47.88863,37.135,353.65,0.34,0.56,2026-08-07,09:30:00,N20,nominal,2.0NRT,305.08,6.1,D,VIIRS
47.88742,37.13081,347.18,0.34,0.56,2026-08-07,09:30:00,N20,nominal,2.0NRT,302.62,19.43,D,VIIRS
47.88503,37.12249,346.16,0.34,0.56,2026-08-07,09:30:00,N20,nominal,2.0NRT,312.16,31.4,D,VIIRS
47.88383,37.11832,286.47,0.34,0.56,2026-08-07,09:30:00,N20,low,2.0NRT,314.03,31.4,D,VIIRS
47.89339,37.13195,367,0.34,0.56,2026-08-07,09:30:00,N20,high,2.0NRT,304.81,6.1,D,VIIRS
47.8898,37.1195,341.77,0.34,0.56,2026-08-07,09:30:00,N20,nominal,2.0NRT,303.68,31.4,D,VIIRS
47.8886,37.1153,339.05,0.34,0.56,2026-08-07,09:30:00,N20,nominal,2.0NRT,302.38,31.4,D,VIIRS
47.88738,37.1111,336.7,0.34,0.56,2026-08-07,09:30:00,N20,nominal,2.0NRT,301.02,12.1,D,VIIRS
47.89695,37.12478,367,0.34,0.56,2026-08-07,09:30:00,N20,high,2.0NRT,305.85,12.77,D,VIIRS
46.3441,32.24225,367,0.62,0.71,2026-08-07,09:30:00,N20,high,2.0NRT,302.35,7.64,D,VIIRS
47.89815,37.12892,342.39,0.34,0.56,2026-08-07,09:30:00,N20,nominal,2.0NRT,301.62,6.74,D,VIIRS
47.89457,37.11646,340.02,0.34,0.56,2026-08-07,09:30:00,N20,nominal,2.0NRT,304.22,4.69,D,VIIRS
47.89335,37.11225,333.42,0.34,0.56,2026-08-07,09:30:00,N20,nominal,2.0NRT,301.44,4.69,D,VIIRS
47.68608,36.40255,336.34,0.37,0.58,2026-08-07,09:30:00,N20,nominal,2.0NRT,302.39,3.91,D,VIIRS
46.34157,32.23502,353.26,0.62,0.71,2026-08-07,09:30:00,N20,nominal,2.0NRT,302.6,15.5,D,VIIRS
47.90052,37.1176,367,0.34,0.56,2026-08-07,09:30:00,N20,high,2.0NRT,302.25,12.77,D,VIIRS
47.89811,37.10918,367,0.34,0.56,2026-08-07,09:30:00,N20,high,2.0NRT,303.64,4.69,D,VIIRS
47.89932,37.1134,335.52,0.34,0.56,2026-08-07,09:30:00,N20,nominal,2.0NRT,301.34,4.69,D,VIIRS
46.35254,32.24524,338.97,0.62,0.71,2026-08-07,09:30:00,N20,nominal,2.0NRT,302.26,7.64,D,VIIRS
46.35001,32.23802,330.7,0.62,0.71,2026-08-07,09:30:00,N20,nominal,2.0NRT,303.9,7.64,D,VIIRS
47.55353,35.85945,346.71,0.39,0.6,2026-08-07,09:30:00,N20,nominal,2.0NRT,304.12,4.99,D,VIIRS
47.69809,36.32398,353.12,0.37,0.58,2026-08-07,09:30:00,N20,nominal,2.0NRT,301.17,8.24,D,VIIRS
47.67744,36.25419,330.28,0.38,0.58,2026-08-07,09:30:00,N20,nominal,2.0NRT,299.86,2.25,D,VIIRS
47.22255,34.76448,333.19,0.45,0.63,2026-08-07,09:30:00,N20,low,2.0NRT,304.99,4.43,D,VIIRS
47.85396,36.83783,348.85,0.35,0.57,2026-08-07,09:30:00,N20,nominal,2.0NRT,301.73,4.79,D,VIIRS
47.85271,36.83348,345.96,0.35,0.57,2026-08-07,09:30:00,N20,nominal,2.0NRT,301.71,4.79,D,VIIRS
47.35259,35.161,335.98,0.43,0.62,2026-08-07,09:30:00,N20,nominal,2.0NRT,303.77,3.23,D,VIIRS
46.43126,32.32354,344.47,0.61,0.71,2026-08-07,09:30:00,N20,nominal,2.0NRT,302.92,5.02,D,VIIRS
47.81821,36.67467,367,0.36,0.57,2026-08-07,09:30:00,N20,high,2.0NRT,304.81,10.02,D,VIIRS
47.6412,36.07212,367,0.38,0.59,2026-08-07,09:30:00,N20,high,2.0NRT,305.34,7.34,D,VIIRS
47.34843,35.10691,331.56,0.43,0.62,2026-08-07,09:30:00,N20,low,2.0NRT,302.2,4.04,D,VIIRS
47.3468,35.10165,347.2,0.43,0.62,2026-08-07,09:30:00,N20,nominal,2.0NRT,304.49,4.04,D,VIIRS
47.24183,34.76459,330.49,0.45,0.63,2026-08-07,09:30:00,N20,low,2.0NRT,304.23,2.76,D,VIIRS
46.59658,32.78577,331.95,0.57,0.69,2026-08-07,09:30:00,N20,nominal,2.0NRT,301.65,3.84,D,VIIRS
46.44942,32.35495,354.22,0.61,0.71,2026-08-07,09:30:00,N20,nominal,2.0NRT,303.24,10.28,D,VIIRS
46.44697,32.34785,351.57,0.61,0.71,2026-08-07,09:30:00,N20,nominal,2.0NRT,304.08,10.28,D,VIIRS
46.43713,32.31929,334.79,0.61,0.71,2026-08-07,09:30:00,N20,nominal,2.0NRT,303.7,5.02,D,VIIRS
48.51657,37.14749,367,0.32,0.55,2026-08-07,09:30:00,N20,high,2.0NRT,301.96,14.88,D,VIIRS
48.51541,37.1434,351.68,0.32,0.55,2026-08-07,09:30:00,N20,nominal,2.0NRT,301.66,11.98,D,VIIRS
48.42414,36.82288,331.92,0.34,0.56,2026-08-07,09:30:00,N20,nominal,2.0NRT,300.58,3.67,D,VIIRS
48.20819,36.08118,343.07,0.37,0.58,2026-08-07,09:30:00,N20,nominal,2.0NRT,303.47,3.53,D,VIIRS
47.57581,33.98944,330.28,0.47,0.64,2026-08-07,09:30:00,N20,nominal,2.0NRT,301.2,3.05,D,VIIRS
48.32416,36.41741,331.01,0.35,0.57,2026-08-07,09:30:00,N20,low,2.0NRT,304.37,2.38,D,VIIRS
48.47206,36.91219,367,0.33,0.55,2026-08-07,09:30:00,N20,high,2.0NRT,301.18,8.46,D,VIIRS
48.5774,37.24645,367,0.32,0.55,2026-08-07,09:30:00,N20,high,2.0NRT,306.3,9.57,D,VIIRS
48.58326,37.24785,353.59,0.32,0.55,2026-08-07,09:30:00,N20,nominal,2.0NRT,303.67,7.11,D,VIIRS
48.36121,36.46614,334.87,0.35,0.57,2026-08-07,09:30:00,N20,low,2.0NRT,306.26,6.23,D,VIIRS
48.79245,37.98922,343.59,0.59,0.53,2026-08-07,09:30:00,N20,nominal,2.0NRT,303.52,7.45,D,VIIRS
48.23552,35.97474,336.68,0.37,0.58,2026-08-07,09:30:00,N20,nominal,2.0NRT,297.7,2.98,D,VIIRS
48.2342,35.97026,339.98,0.37,0.58,2026-08-07,09:30:00,N20,nominal,2.0NRT,298.93,2.98,D,VIIRS
48.23919,35.96725,333.21,0.37,0.58,2026-08-07,09:30:00,N20,nominal,2.0NRT,300.51,2.98,D,VIIRS
48.53687,36.98394,354.23,0.33,0.55,2026-08-07,09:30:00,N20,nominal,2.0NRT,302.21,7.26,D,VIIRS
48.53339,36.97152,336.59,0.33,0.55,2026-08-07,09:30:00,N20,nominal,2.0NRT,299.44,3.5,D,VIIRS
48.45338,36.66875,335.71,0.34,0.56,2026-08-07,09:30:00,N20,nominal,2.0NRT,304.54,3.76,D,VIIRS
48.64088,37.31765,334.81,0.63,0.54,2026-08-07,09:30:00,N20,nominal,2.0NRT,299.85,5.22,D,VIIRS
48.46664,36.69558,339.5,0.34,0.56,2026-08-07,09:30:00,N20,nominal,2.0NRT,303.92,3.23,D,VIIRS
48.64209,37.31791,335.34,0.63,0.54,2026-08-07,09:30:00,N20,nominal,2.0NRT,299.13,5.9,D,VIIRS
48.81684,37.88755,332.35,0.59,0.53,2026-08-07,09:30:00,N20,nominal,2.0NRT,300.51,5.76,D,VIIRS
49.14373,38.82326,339.24,0.53,0.5,2026-08-07,09:30:00,N20,nominal,2.0NRT,301.47,5.85,D,VIIRS
48.47939,36.37456,343.37,0.35,0.57,2026-08-07,09:30:00,N20,nominal,2.0NRT,298.62,3.87,D,VIIRS
48.99399,38.21457,346.01,0.57,0.52,2026-08-07,09:30:00,N20,nominal,2.0NRT,308.43,17.49,D,VIIRS
48.99208,38.20736,342.95,0.57,0.52,2026-08-07,09:30:00,N20,nominal,2.0NRT,308.65,10.47,D,VIIRS
48.99652,38.20469,345.42,0.57,0.52,2026-08-07,09:30:00,N20,nominal,2.0NRT,307.81,9.59,D,VIIRS
48.99459,38.19743,336.21,0.57,0.52,2026-08-07,09:30:00,N20,low,2.0NRT,306.34,9.59,D,VIIRS
49.00097,38.20198,355.57,0.57,0.52,2026-08-07,09:30:00,N20,nominal,2.0NRT,309.48,9.59,D,VIIRS
48.99905,38.19473,336.16,0.57,0.52,2026-08-07,09:30:00,N20,low,2.0NRT,307.94,9.59,D,VIIRS
48.99572,38.21454,342.11,0.57,0.52,2026-08-07,09:30:00,N20,nominal,2.0NRT,305.97,13.9,D,VIIRS
48.99378,38.20739,351.68,0.57,0.52,2026-08-07,09:30:00,N20,nominal,2.0NRT,309.33,13.9,D,VIIRS
48.99182,38.20017,335.17,0.57,0.52,2026-08-07,09:30:00,N20,low,2.0NRT,306.92,7.41,D,VIIRS
48.99823,38.2047,335.1,0.57,0.52,2026-08-07,09:30:00,N20,nominal,2.0NRT,305.59,15.07,D,VIIRS
48.99627,38.19749,336.12,0.57,0.52,2026-08-07,09:30:00,N20,low,2.0NRT,307.36,7.86,D,VIIRS
49.00268,38.20201,352.57,0.57,0.52,2026-08-07,09:30:00,N20,nominal,2.0NRT,307.57,15.07,D,VIIRS
49.00072,38.19481,336.56,0.57,0.52,2026-08-07,09:30:00,N20,low,2.0NRT,307.7,7.86,D,VIIRS
48.32299,35.76252,334.58,0.38,0.58,2026-08-07,09:30:00,N20,nominal,2.0NRT,305.03,4.95,D,VIIRS
48.32154,35.75769,334.1,0.38,0.58,2026-08-07,09:30:00,N20,nominal,2.0NRT,303.04,3.19,D,VIIRS
49.04162,37.9999,355.63,0.58,0.52,2026-08-07,09:30:00,N20,nominal,2.0NRT,302.24,14.99,D,VIIRS
49.09768,38.15157,337.79,0.57,0.52,2026-08-07,09:30:00,N20,nominal,2.0NRT,299.63,4.9,D,VIIRS
49.09451,38.1535,338.65,0.56,0.52,2026-08-07,09:30:00,N20,nominal,2.0NRT,299.67,5.28,D,VIIRS
48.14032,34.66185,355.44,0.42,0.61,2026-08-07,09:30:00,N20,nominal,2.0NRT,300.82,7.66,D,VIIRS
48.82605,36.77718,337.68,0.33,0.55,2026-08-07,09:30:00,N20,nominal,2.0NRT,304.67,3.15,D,VIIRS
48.81449,36.69672,338.03,0.33,0.55,2026-08-07,09:30:00,N20,nominal,2.0NRT,302.56,3.71,D,VIIRS
48.81423,36.69949,350.06,0.33,0.55,2026-08-07,09:30:00,N20,nominal,2.0NRT,300.55,2.65,D,VIIRS
49.30502,37.96325,335.25,0.57,0.52,2026-08-07,09:30:00,N20,nominal,2.0NRT,299.68,6.27,D,VIIRS
48.71556,35.76722,337.82,0.37,0.58,2026-08-07,09:30:00,N20,nominal,2.0NRT,302.79,3.9,D,VIIRS
47.91802,37.00143,367,0.34,0.56,2026-08-07,09:30:00,N20,high,2.0NRT,304.43,7.13,D,VIIRS
47.28761,34.89062,367,0.44,0.63,2026-08-07,09:30:00,N20,high,2.0NRT,305.19,11.07,D,VIIRS
47.91926,37.00577,345.54,0.34,0.56,2026-08-07,09:30:00,N20,nominal,2.0NRT,303.75,9.17,D,VIIRS
47.79739,36.58313,354.73,0.36,0.57,2026-08-07,09:30:00,N20,nominal,2.0NRT,298.32,4.39,D,VIIRS
47.35203,35.09821,338.96,0.43,0.62,2026-08-07,09:30:00,N20,nominal,2.0NRT,304.09,5.27,D,VIIRS
47.28593,34.8852,350.58,0.44,0.63,2026-08-07,09:30:00,N20,nominal,2.0NRT,305.4,11.07,D,VIIRS
47.80228,36.58006,352.74,0.36,0.57,2026-08-07,09:30:00,N20,nominal,2.0NRT,299.92,4.39,D,VIIRS
47.80098,36.57559,335.57,0.36,0.57,2026-08-07,09:30:00,N20,nominal,2.0NRT,301.83,4.39,D,VIIRS
47.52237,35.63543,345.69,0.4,0.6,2026-08-07,09:30:00,N20,nominal,2.0NRT,303.13,3.91,D,VIIRS
47.36375,35.11576,355.14,0.43,0.62,2026-08-07,09:30:00,N20,nominal,2.0NRT,309.12,42.6,D,VIIRS
47.36213,35.11053,346.3,0.43,0.62,2026-08-07,09:30:00,N20,nominal,2.0NRT,304.6,21.34,D,VIIRS
47.29457,34.89251,333.16,0.44,0.63,2026-08-07,09:30:00,N20,nominal,2.0NRT,302.42,7.06,D,VIIRS
47.52745,35.63205,338.63,0.4,0.6,2026-08-07,09:30:00,N20,nominal,2.0NRT,300.18,2.23,D,VIIRS
47.89628,36.82623,338.79,0.35,0.57,2026-08-07,09:30:00,N20,nominal,2.0NRT,302.44,4.32,D,VIIRS
47.51754,35.51807,367,0.41,0.61,2026-08-07,09:30:00,N20,high,2.0NRT,306.33,16.13,D,VIIRS
47.94427,36.97453,340.42,0.34,0.56,2026-08-07,09:30:00,N20,nominal,2.0NRT,301.14,11.89,D,VIIRS
47.51599,35.51293,340.65,0.41,0.61,2026-08-07,09:30:00,N20,nominal,2.0NRT,306.15,11.78,D,VIIRS
47.94669,36.96314,367,0.34,0.56,2026-08-07,09:30:00,N20,high,2.0NRT,304.22,11.52,D,VIIRS
47.94548,36.95888,337.04,0.34,0.56,2026-08-07,09:30:00,N20,nominal,2.0NRT,300.84,11.52,D,VIIRS
47.54683,35.59502,337.97,0.41,0.6,2026-08-07,09:30:00,N20,nominal,2.0NRT,304.99,2.42,D,VIIRS
47.561,35.62191,367,0.4,0.6,2026-08-07,09:30:00,N20,high,2.0NRT,305.48,8.27,D,VIIRS
47.59806,35.72552,345.07,0.4,0.6,2026-08-07,09:30:00,N20,nominal,2.0NRT,302.23,5.94,D,VIIRS
47.35985,34.93941,341.51,0.44,0.62,2026-08-07,09:30:00,N20,nominal,2.0NRT,302.54,3.31,D,VIIRS
47.9142,36.76914,343.7,0.35,0.57,2026-08-07,09:30:00,N20,nominal,2.0NRT,302.49,4.53,D,VIIRS
47.54696,35.5935,334.65,0.41,0.6,2026-08-07,09:30:00,N20,low,2.0NRT,304.89,3.64,D,VIIRS
47.56129,35.62032,353.55,0.4,0.6,2026-08-07,09:30:00,N20,nominal,2.0NRT,304.43,6.36,D,VIIRS
47.59885,35.72348,342.83,0.4,0.6,2026-08-07,09:30:00,N20,nominal,2.0NRT,302.34,3.37,D,VIIRS
47.46556,35.28918,331.97,0.42,0.61,2026-08-07,09:30:00,N20,low,2.0NRT,304.22,2.64,D,VIIRS
47.91515,36.76641,345.52,0.35,0.57,2026-08-07,09:30:00,N20,nominal,2.0NRT,303.94,4.63,D,VIIRS
47.36214,34.93717,340.54,0.44,0.62,2026-08-07,09:30:00,N20,nominal,2.0NRT,303.4,3.68,D,VIIRS
47.98311,36.94213,331.24,0.34,0.56,2026-08-07,09:30:00,N20,low,2.0NRT,301.84,3.06,D,VIIRS
47.67837,35.88655,334.97,0.39,0.59,2026-08-07,09:30:00,N20,nominal,2.0NRT,300.87,3.12,D,VIIRS
47.6849,35.88827,338.2,0.39,0.59,2026-08-07,09:30:00,N20,nominal,2.0NRT,299.94,4.25,D,VIIRS
47.6162,35.66045,340.75,0.4,0.6,2026-08-07,09:30:00,N20,nominal,2.0NRT,300.62,4.55,D,VIIRS
47.54684,35.41239,331.05,0.41,0.61,2026-08-07,09:30:00,N20,low,2.0NRT,303.83,2.05,D,VIIRS
47.72774,35.99144,367,0.38,0.59,2026-08-07,09:30:00,N20,high,2.0NRT,303.87,9.51,D,VIIRS
47.72636,35.98681,341.73,0.38,0.59,2026-08-07,09:30:00,N20,nominal,2.0NRT,302.92,7.35,D,VIIRS
47.55206,35.40928,338.04,0.41,0.61,2026-08-07,09:30:00,N20,nominal,2.0NRT,304.84,2.78,D,VIIRS
48.24556,37.77412,330.08,0.62,0.54,2026-08-07,09:30:00,N20,nominal,2.0NRT,297.4,2.43,D,VIIRS
48.23277,37.72791,339.07,0.63,0.54,2026-08-07,09:30:00,N20,nominal,2.0NRT,300.49,5.36,D,VIIRS
47.73271,35.98809,354.26,0.38,0.59,2026-08-07,09:30:00,N20,nominal,2.0NRT,300.97,9.51,D,VIIRS
47.73133,35.98346,346.23,0.38,0.59,2026-08-07,09:30:00,N20,nominal,2.0NRT,295.95,7.35,D,VIIRS
47.70499,35.87514,350.57,0.39,0.59,2026-08-07,09:30:00,N20,nominal,2.0NRT,300.64,4.47,D,VIIRS
47.72442,35.92017,344.56,0.39,0.59,2026-08-07,09:30:00,N20,nominal,2.0NRT,302.92,2.58,D,VIIRS
47.9019,36.50306,367,0.36,0.57,2026-08-07,09:30:00,N20,high,2.0NRT,302.79,7.74,D,VIIRS
47.81664,36.21153,343.4,0.37,0.58,2026-08-07,09:30:00,N20,nominal,2.0NRT,302.4,3.69,D,VIIRS
47.65513,35.66861,339.3,0.4,0.6,2026-08-07,09:30:00,N20,nominal,2.0NRT,302.27,7.19,D,VIIRS
46.90345,33.28674,342.11,0.53,0.67,2026-08-07,09:30:00,N20,nominal,2.0NRT,303.75,9.23,D,VIIRS
46.90696,33.27641,367,0.53,0.67,2026-08-07,09:30:00,N20,high,2.0NRT,304.16,8.11,D,VIIRS
46.90484,33.27001,340.3,0.53,0.67,2026-08-07,09:30:00,N20,nominal,2.0NRT,304.81,8.11,D,VIIRS
47.50288,35.12683,367,0.43,0.62,2026-08-07,09:30:00,N20,high,2.0NRT,301.15,8.46,D,VIIRS
47.62404,35.52502,344.98,0.41,0.6,2026-08-07,09:30:00,N20,nominal,2.0NRT,302.16,5.89,D,VIIRS
46.91258,33.27245,334.82,0.53,0.67,2026-08-07,09:30:00,N20,nominal,2.0NRT,300.49,5.16,D,VIIRS
46.90332,33.2234,343.13,0.54,0.68,2026-08-07,09:30:00,N20,nominal,2.0NRT,301.49,6.95,D,VIIRS
46.90123,33.21708,343.05,0.54,0.68,2026-08-07,09:30:00,N20,nominal,2.0NRT,302.55,5.1,D,VIIRS
46.92767,30.33176,337.99,0.71,0.75,2026-08-07,09:30:00,N20,nominal,2.0NRT,299.63,8.77,D,VIIRS
48.77968,35.92567,332.33,0.36,0.57,2026-08-07,09:30:00,N20,nominal,2.0NRT,299.68,1.45,D,VIIRS
49.39167,38.03562,335.93,0.56,0.51,2026-08-07,09:30:00,N20,nominal,2.0NRT,301.29,7.78,D,VIIRS
49.20116,37.33205,343.29,0.61,0.53,2026-08-07,09:30:00,N20,nominal,2.0NRT,299.96,6.14,D,VIIRS
48.80643,35.85838,367,0.36,0.57,2026-08-07,09:30:00,N20,high,2.0NRT,302.93,49.16,D,VIIRS
48.80508,35.85374,350.14,0.36,0.57,2026-08-07,09:30:00,N20,nominal,2.0NRT,312.64,49.16,D,VIIRS
48.81129,35.85511,352.04,0.36,0.57,2026-08-07,09:30:00,N20,nominal,2.0NRT,311.93,49.16,D,VIIRS
48.80999,35.85065,344.48,0.36,0.57,2026-08-07,09:30:00,N20,nominal,2.0NRT,303.85,49.16,D,VIIRS
48.80872,35.84627,354.83,0.36,0.57,2026-08-07,09:30:00,N20,nominal,2.0NRT,303.3,40.59,D,VIIRS
48.80744,35.84188,341.25,0.36,0.57,2026-08-07,09:30:00,N20,nominal,2.0NRT,301.84,40.59,D,VIIRS
48.80641,35.85675,367,0.36,0.57,2026-08-07,09:30:00,N20,high,2.0NRT,310.03,48.47,D,VIIRS
48.80376,35.84781,342.14,0.36,0.57,2026-08-07,09:30:00,N20,nominal,2.0NRT,310.71,53.1,D,VIIRS
48.80998,35.84916,367,0.36,0.57,2026-08-07,09:30:00,N20,high,2.0NRT,300.53,53.1,D,VIIRS
48.81263,35.85808,342.88,0.36,0.57,2026-08-07,09:30:00,N20,nominal,2.0NRT,298.36,48.47,D,VIIRS
48.81129,35.85357,341.45,0.36,0.57,2026-08-07,09:30:00,N20,nominal,2.0NRT,311.11,48.47,D,VIIRS
48.80869,35.84481,348.96,0.36,0.57,2026-08-07,09:30:00,N20,nominal,2.0NRT,301.79,53.1,D,VIIRS
49.46986,37.95405,340.89,0.56,0.52,2026-08-07,09:30:00,N20,nominal,2.0NRT,301.6,7.45,D,VIIRS
47.76641,32.27258,367,0.55,0.68,2026-08-07,09:30:00,N20,high,2.0NRT,299.06,49.65,D,VIIRS
49.45923,37.87585,333.32,0.57,0.52,2026-08-07,09:30:00,N20,nominal,2.0NRT,300.97,5.36,D,VIIRS
49.45726,37.86849,340.88,0.57,0.52,2026-08-07,09:30:00,N20,nominal,2.0NRT,302.48,5.36,D,VIIRS
47.76418,32.26597,340.75,0.55,0.68,2026-08-07,09:30:00,N20,nominal,2.0NRT,300.94,41.52,D,VIIRS
47.77207,32.26842,367,0.55,0.68,2026-08-07,09:30:00,N20,high,2.0NRT,297.6,15.88,D,VIIRS
48.69238,35.15796,331.8,0.39,0.59,2026-08-07,09:30:00,N20,low,2.0NRT,303.3,5.37,D,VIIRS
47.76984,32.2618,343.17,0.55,0.68,2026-08-07,09:30:00,N20,nominal,2.0NRT,297.25,15.02,D,VIIRS
48.69738,35.15455,349.65,0.39,0.59,2026-08-07,09:30:00,N20,nominal,2.0NRT,303.52,5.37,D,VIIRS
47.76492,32.27339,367,0.55,0.68,2026-08-07,09:30:00,N20,high,2.0NRT,297.96,24.08,D,VIIRS
48.69864,35.1512,336.03,0.39,0.59,2026-08-07,09:30:00,N20,nominal,2.0NRT,301.46,3.81,D,VIIRS
47.76265,32.26679,351.13,0.55,0.68,2026-08-07,09:30:00,N20,nominal,2.0NRT,299.51,24.08,D,VIIRS
47.77058,32.26926,367,0.55,0.68,2026-08-07,09:30:00,N20,high,2.0NRT,298.02,24.08,D,VIIRS
47.76831,32.26265,336.04,0.55,0.68,2026-08-07,09:30:00,N20,nominal,2.0NRT,300.29,24.08,D,VIIRS
49.27307,37.06749,335.44,0.62,0.54,2026-08-07,09:30:00,N20,nominal,2.0NRT,300.34,3.75,D,VIIRS
48.8187,35.15012,367,0.39,0.59,2026-08-07,09:30:00,N20,high,2.0NRT,303.64,11.22,D,VIIRS
48.82014,35.15496,340.65,0.38,0.59,2026-08-07,09:30:00,N20,nominal,2.0NRT,299.75,6.98,D,VIIRS
48.5096,34.13843,346.92,0.43,0.62,2026-08-07,09:30:00,N20,nominal,2.0NRT,299.58,5.32,D,VIIRS
48.51642,34.13996,336.55,0.43,0.62,2026-08-07,09:30:00,N20,nominal,2.0NRT,299.48,5.32,D,VIIRS
48.5232,34.14137,337.39,0.43,0.62,2026-08-07,09:30:00,N20,nominal,2.0NRT,299.47,5.34,D,VIIRS
48.52158,34.13615,332.43,0.43,0.62,2026-08-07,09:30:00,N20,nominal,2.0NRT,298.79,3.11,D,VIIRS
48.82235,35.15205,346.12,0.38,0.59,2026-08-07,09:30:00,N20,nominal,2.0NRT,300.52,6.82,D,VIIRS
48.82088,35.14723,354.51,0.38,0.59,2026-08-07,09:30:00,N20,nominal,2.0NRT,303.47,6.82,D,VIIRS
48.51222,34.13597,347.51,0.43,0.62,2026-08-07,09:30:00,N20,nominal,2.0NRT,301.11,7.87,D,VIIRS
48.52071,34.14268,338.37,0.43,0.62,2026-08-07,09:30:00,N20,nominal,2.0NRT,299,5.96,D,VIIRS
48.51907,34.13752,344.13,0.43,0.62,2026-08-07,09:30:00,N20,nominal,2.0NRT,300.96,5.96,D,VIIRS
47.55003,31.0644,332.98,0.63,0.72,2026-08-07,09:30:00,N20,nominal,2.0NRT,299.66,11.1,D,VIIRS
47.54752,31.0573,354.36,0.63,0.72,2026-08-07,09:30:00,N20,nominal,2.0NRT,303.3,11.1,D,VIIRS
47.55584,31.05961,367,0.63,0.72,2026-08-07,09:30:00,N20,high,2.0NRT,300.6,11.1,D,VIIRS
48.95337,35.34875,333.41,0.37,0.58,2026-08-07,09:30:00,N20,nominal,2.0NRT,300.24,3.36,D,VIIRS
47.55328,31.05238,353.17,0.63,0.72,2026-08-07,09:30:00,N20,nominal,2.0NRT,302.88,11.1,D,VIIRS
49.46391,37.10302,333.91,0.61,0.53,2026-08-07,09:30:00,N20,nominal,2.0NRT,301.23,4.42,D,VIIRS
48.95827,35.34535,338.39,0.37,0.58,2026-08-07,09:30:00,N20,nominal,2.0NRT,299.15,6.03,D,VIIRS
48.71342,34.39688,342.25,0.42,0.61,2026-08-07,09:30:00,N20,nominal,2.0NRT,297.07,4.7,D,VIIRS
49.02049,35.28203,338.2,0.37,0.58,2026-08-07,09:30:00,N20,nominal,2.0NRT,301.3,5.32,D,VIIRS
47.60516,30.71401,367,0.65,0.73,2026-08-07,09:30:00,N20,high,2.0NRT,301.25,10.19,D,VIIRS
47.61105,30.70924,338.01,0.65,0.73,2026-08-07,09:30:00,N20,nominal,2.0NRT,300.23,10.19,D,VIIRS
47.6199,30.71282,337.08,0.65,0.73,2026-08-07,09:30:00,N20,nominal,2.0NRT,298.47,34.92,D,VIIRS
47.61691,30.70436,345.87,0.65,0.73,2026-08-07,09:30:00,N20,nominal,2.0NRT,307.07,34.92,D,VIIRS
47.7324,35.84628,351.65,0.39,0.59,2026-08-07,09:30:00,N20,nominal,2.0NRT,302.09,6.03,D,VIIRS
48.29969,37.81433,337.28,0.62,0.54,2026-08-07,09:30:00,N20,nominal,2.0NRT,300.91,6.46,D,VIIRS
47.88161,36.33336,338.65,0.37,0.58,2026-08-07,09:30:00,N20,nominal,2.0NRT,301.33,3.97,D,VIIRS
48.31137,37.79808,344.87,0.62,0.54,2026-08-07,09:30:00,N20,nominal,2.0NRT,302.87,7.86,D,VIIRS
48.30922,37.79022,339.98,0.62,0.54,2026-08-07,09:30:00,N20,nominal,2.0NRT,301.38,7.86,D,VIIRS
48.31381,37.787350000000004,334.64,0.62,0.54,2026-08-07,09:30:00,N20,nominal,2.0NRT,300.36,7.86,D,VIIRS
47.62956,35.40099,330.74,0.41,0.61,2026-08-07,09:30:00,N20,low,2.0NRT,301.45,5.94,D,VIIRS
47.62804,35.39593,351.48,0.41,0.61,2026-08-07,09:30:00,N20,nominal,2.0NRT,303.06,6.49,D,VIIRS
47.62651,35.39085,353.77,0.41,0.61,2026-08-07,09:30:00,N20,nominal,2.0NRT,303.23,6.49,D,VIIRS
47.18797,33.97521,336.31,0.49,0.65,2026-08-07,09:30:00,N20,nominal,2.0NRT,305.68,7.4,D,VIIRS
47.1861,33.96933,343.37,0.49,0.65,2026-08-07,09:30:00,N20,nominal,2.0NRT,305.08,7.51,D,VIIRS
48.30185,37.81361,341.84,0.62,0.54,2026-08-07,09:30:00,N20,nominal,2.0NRT,301.45,10.18,D,VIIRS
46.90262,33.22298,346.75,0.54,0.68,2026-08-07,09:30:00,N20,nominal,2.0NRT,302.01,5.57,D,VIIRS
46.90051,33.21671,342.59,0.54,0.68,2026-08-07,09:30:00,N20,nominal,2.0NRT,302.48,5.57,D,VIIRS
48.31133,37.78966,344.79,0.62,0.54,2026-08-07,09:30:00,N20,nominal,2.0NRT,302.93,15.03,D,VIIRS
47.84769,36.18291,338.78,0.37,0.58,2026-08-07,09:30:00,N20,nominal,2.0NRT,300.29,2.83,D,VIIRS
47.86388,36.17783,333.31,0.37,0.58,2026-08-07,09:30:00,N20,nominal,2.0NRT,300.94,4.17,D,VIIRS
47.86119,36.16881,336.31,0.37,0.58,2026-08-07,09:30:00,N20,nominal,2.0NRT,304.55,6.5,D,VIIRS
47.62859,35.39928,338.47,0.41,0.61,2026-08-07,09:30:00,N20,nominal,2.0NRT,302.27,5.6,D,VIIRS
47.62704,35.39423,354.04,0.41,0.61,2026-08-07,09:30:00,N20,nominal,2.0NRT,303.21,5.6,D,VIIRS
47.62549,35.38918,341.02,0.41,0.61,2026-08-07,09:30:00,N20,nominal,2.0NRT,302.63,5.9,D,VIIRS
48.04053,36.75956,334.39,0.35,0.57,2026-08-07,09:30:00,N20,nominal,2.0NRT,301.87,2.86,D,VIIRS
47.86214,36.15215,342.31,0.37,0.58,2026-08-07,09:30:00,N20,nominal,2.0NRT,305.44,10.24,D,VIIRS
47.18729,33.98143,331.12,0.49,0.65,2026-08-07,09:30:00,N20,low,2.0NRT,304.82,4.54,D,VIIRS
47.18539,33.97556,333.27,0.49,0.65,2026-08-07,09:30:00,N20,low,2.0NRT,305.05,4.66,D,VIIRS
47.18348,33.9697,343.84,0.49,0.65,2026-08-07,09:30:00,N20,nominal,2.0NRT,304.52,4.66,D,VIIRS
47.86441,36.1399,346.82,0.38,0.58,2026-08-07,09:30:00,N20,nominal,2.0NRT,301.04,8.15,D,VIIRS
48.00336,36.59226,367,0.36,0.57,2026-08-07,09:30:00,N20,high,2.0NRT,296.77,6.24,D,VIIRS
46.88152,33.01463,367,0.55,0.68,2026-08-07,09:30:00,N20,high,2.0NRT,303.42,14.48,D,VIIRS
47.8869,36.19584,338.94,0.37,0.58,2026-08-07,09:30:00,N20,nominal,2.0NRT,300.89,3.86,D,VIIRS
47.88552,36.1912,336.58,0.37,0.58,2026-08-07,09:30:00,N20,nominal,2.0NRT,297.87,3.86,D,VIIRS
46.75048,32.62788,335.92,0.58,0.69,2026-08-07,09:30:00,N20,nominal,2.0NRT,302.84,1.74,D,VIIRS
46.88721,33.01067,367,0.55,0.68,2026-08-07,09:30:00,N20,high,2.0NRT,304.09,11.9,D,VIIRS
47.74048,35.68644,350.76,0.4,0.6,2026-08-07,09:30:00,N20,nominal,2.0NRT,301.59,6.06,D,VIIRS
46.482170000000004,31.83224,340.15,0.64,0.72,2026-08-07,09:30:00,N20,nominal,2.0NRT,298.2,6.77,D,VIIRS
48.255,37.43287,352,0.32,0.55,2026-08-07,09:30:00,N20,nominal,2.0NRT,303.36,5.39,D,VIIRS
48.25387,37.42883,330.67,0.32,0.55,2026-08-07,09:30:00,N20,nominal,2.0NRT,302.98,3.8,D,VIIRS
47.68597,35.48656,331.7,0.41,0.6,2026-08-07,09:30:00,N20,nominal,2.0NRT,299.85,5.03,D,VIIRS
47.6844,35.48138,337.98,0.41,0.6,2026-08-07,09:30:00,N20,nominal,2.0NRT,301.05,7.5,D,VIIRS
46.49335,31.84276,338.89,0.63,0.72,2026-08-07,09:30:00,N20,nominal,2.0NRT,300.16,8.79,D,VIIRS
47.37659,34.46945,343.65,0.46,0.63,2026-08-07,09:30:00,N20,nominal,2.0NRT,300.85,2.42,D,VIIRS
46.92684,33.0871,348.48,0.54,0.68,2026-08-07,09:30:00,N20,nominal,2.0NRT,302.26,7.41,D,VIIRS
46.92467,33.08062,343.81,0.54,0.68,2026-08-07,09:30:00,N20,nominal,2.0NRT,303.84,7.03,D,VIIRS
47.89851,36.15546,332.82,0.37,0.58,2026-08-07,09:30:00,N20,nominal,2.0NRT,299.48,2.7,D,VIIRS
46.90425,32.99866,337.55,0.55,0.68,2026-08-07,09:30:00,N20,nominal,2.0NRT,300.68,6.13,D,VIIRS
48.24177,37.32698,336.27,0.32,0.55,2026-08-07,09:30:00,N20,nominal,2.0NRT,302.76,4.43,D,VIIRS
48.07778,36.73059,367,0.35,0.57,2026-08-07,09:30:00,N20,high,2.0NRT,302.82,10.8,D,VIIRS
48.11865,36.85324,340.24,0.34,0.56,2026-08-07,09:30:00,N20,nominal,2.0NRT,301.04,4.22,D,VIIRS
47.66566,35.31888,342.58,0.41,0.61,2026-08-07,09:30:00,N20,nominal,2.0NRT,299.66,2.79,D,VIIRS
47.44994,34.60004,367,0.45,0.63,2026-08-07,09:30:00,N20,high,2.0NRT,304.72,7.4,D,VIIRS
48.12342,36.85016,351.88,0.34,0.56,2026-08-07,09:30:00,N20,nominal,2.0NRT,303.83,4.22,D,VIIRS
48.06862,36.6591,333.14,0.35,0.57,2026-08-07,09:30:00,N20,nominal,2.0NRT,300.51,2.58,D,VIIRS
47.93864,36.21191,334.27,0.37,0.58,2026-08-07,09:30:00,N20,nominal,2.0NRT,297.22,5.09,D,VIIRS
47.90761,36.10637,331,0.38,0.58,2026-08-07,09:30:00,N20,nominal,2.0NRT,298.96,3.45,D,VIIRS
47.45166,34.60551,343.74,0.45,0.63,2026-08-07,09:30:00,N20,nominal,2.0NRT,301.75,7.4,D,VIIRS
47.08289,33.45422,338.5,0.52,0.67,2026-08-07,09:30:00,N20,nominal,2.0NRT,302.46,4.92,D,VIIRS
47.08085,33.448,344.14,0.52,0.67,2026-08-07,09:30:00,N20,nominal,2.0NRT,303.28,4.92,D,VIIRS
47.07882,33.44178,335.67,0.52,0.67,2026-08-07,09:30:00,N20,nominal,2.0NRT,302.81,8.14,D,VIIRS
48.00337,36.41363,330.21,0.36,0.57,2026-08-07,09:30:00,N20,low,2.0NRT,302.54,2.85,D,VIIRS
47.45523,34.59643,355.31,0.45,0.63,2026-08-07,09:30:00,N20,nominal,2.0NRT,301.73,7.02,D,VIIRS
47.91475,36.09055,367,0.38,0.58,2026-08-07,09:30:00,N20,high,2.0NRT,308.06,18.62,D,VIIRS
47.6871,35.32857,330.67,0.41,0.61,2026-08-07,09:30:00,N20,nominal,2.0NRT,299.34,2.15,D,VIIRS
46.48587,31.65014,341.91,0.65,0.73,2026-08-07,09:30:00,N20,nominal,2.0NRT,300.25,4.04,D,VIIRS
47.92107,36.09195,346.77,0.38,0.58,2026-08-07,09:30:00,N20,nominal,2.0NRT,298.1,25.04,D,VIIRS
47.91969,36.08727,341.07,0.38,0.58,2026-08-07,09:30:00,N20,nominal,2.0NRT,315.17,31.63,D,VIIRS
47.91832,36.08261,341.66,0.38,0.58,2026-08-07,09:30:00,N20,nominal,2.0NRT,299.05,31.63,D,VIIRS
47.69238,35.32568,354.74,0.41,0.61,2026-08-07,09:30:00,N20,nominal,2.0NRT,302.03,8.55,D,VIIRS
47.66935,35.24986,333.44,0.42,0.61,2026-08-07,09:30:00,N20,nominal,2.0NRT,302.46,3.19,D,VIIRS
47.24639,33.896,331.99,0.49,0.65,2026-08-07,09:30:00,N20,low,2.0NRT,305.15,4.49,D,VIIRS
46.96993,33.04864,345.13,0.54,0.68,2026-08-07,09:30:00,N20,nominal,2.0NRT,305.09,5.84,D,VIIRS
46.86985,32.72747,367,0.57,0.69,2026-08-07,09:30:00,N20,high,2.0NRT,304.04,19.95,D,VIIRS
47.25194,33.89254,349.87,0.49,0.65,2026-08-07,09:30:00,N20,nominal,2.0NRT,305.25,4.49,D,VIIRS
46.8676,32.72075,354.91,0.57,0.69,2026-08-07,09:30:00,N20,nominal,2.0NRT,304.32,19.95,D,VIIRS
47.97783,36.24582,354.38,0.37,0.58,2026-08-07,09:30:00,N20,nominal,2.0NRT,299.59,5.56,D,VIIRS
46.98124,33.04064,341.68,0.54,0.68,2026-08-07,09:30:00,N20,nominal,2.0NRT,304.85,3.57,D,VIIRS
46.87783,32.7301,341.07,0.56,0.69,2026-08-07,09:30:00,N20,nominal,2.0NRT,302.47,5.88,D,VIIRS
48.13355,36.74654,367,0.35,0.56,2026-08-07,09:30:00,N20,high,2.0NRT,305.56,8.79,D,VIIRS
48.30309,37.34952,331.35,0.32,0.55,2026-08-07,09:30:00,N20,low,2.0NRT,302.96,1.99,D,VIIRS
47.06645,33.25731,337.8,0.53,0.67,2026-08-07,09:30:00,N20,nominal,2.0NRT,303.51,3.66,D,VIIRS
48.30772,37.34646,332.74,0.32,0.55,2026-08-07,09:30:00,N20,nominal,2.0NRT,300.92,1.99,D,VIIRS
48.21918,37.02934,336.55,0.34,0.56,2026-08-07,09:30:00,N20,nominal,2.0NRT,304.19,4.39,D,VIIRS
48.19409,36.94021,331.27,0.34,0.56,2026-08-07,09:30:00,N20,low,2.0NRT,302.58,2.12,D,VIIRS
48.18689,36.91472,345.4,0.34,0.56,2026-08-07,09:30:00,N20,nominal,2.0NRT,302.1,3.21,D,VIIRS
47.75594,35.43475,344.16,0.41,0.6,2026-08-07,09:30:00,N20,nominal,2.0NRT,299.72,5.25,D,VIIRS
47.97825,36.2494,338.1,0.37,0.58,2026-08-07,09:30:00,N20,nominal,2.0NRT,297.54,3.68,D,VIIRS
47.97689,36.24482,342.9,0.37,0.58,2026-08-07,09:30:00,N20,nominal,2.0NRT,299.37,3.68,D,VIIRS
48.30395,37.3513,344.83,0.32,0.55,2026-08-07,09:30:00,N20,nominal,2.0NRT,304.14,3.58,D,VIIRS
47.25001,33.89421,355.87,0.49,0.65,2026-08-07,09:30:00,N20,nominal,2.0NRT,305.58,8.86,D,VIIRS
46.96969,33.05015,350.07,0.54,0.68,2026-08-07,09:30:00,N20,nominal,2.0NRT,304.42,6.3,D,VIIRS
48.13515,36.74384,367,0.35,0.56,2026-08-07,09:30:00,N20,high,2.0NRT,302.32,5.01,D,VIIRS
48.13638,36.74805,341.96,0.35,0.56,2026-08-07,09:30:00,N20,nominal,2.0NRT,303.11,5.01,D,VIIRS
46.86821,32.73046,355.01,0.56,0.69,2026-08-07,09:30:00,N20,nominal,2.0NRT,301.6,14.86,D,VIIRS
46.86593,32.72376,351.54,0.57,0.69,2026-08-07,09:30:00,N20,nominal,2.0NRT,305.78,32.97,D,VIIRS
48.18925,36.91116,367,0.34,0.56,2026-08-07,09:30:00,N20,high,2.0NRT,302.01,10.76,D,VIIRS
46.87395,32.72638,367,0.56,0.69,2026-08-07,09:30:00,N20,high,2.0NRT,303.02,14.86,D,VIIRS
48.19658,36.93659,335.61,0.34,0.56,2026-08-07,09:30:00,N20,nominal,2.0NRT,300.43,6.08,D,VIIRS
46.98102,33.04221,340.62,0.54,0.68,2026-08-07,09:30:00,N20,nominal,2.0NRT,304.14,3.13,D,VIIRS
47.75614,35.43366,345.51,0.41,0.6,2026-08-07,09:30:00,N20,nominal,2.0NRT,299.54,4.3,D,VIIRS
46.88196,32.72901,336.07,0.56,0.69,2026-08-07,09:30:00,N20,nominal,2.0NRT,301.62,3.07,D,VIIRS
48.22931,37.01143,342.04,0.34,0.56,2026-08-07,09:30:00,N20,nominal,2.0NRT,301.32,3.31,D,VIIRS
50.40604,29.06,329.41,0.59,0.7,2026-08-07,09:32:00,N20,nominal,2.0NRT,291.52,4.62,D,VIIRS
47.72949,37.07805,337.48,0.63,0.54,2026-08-07,11:10:00,N20,low,2.0NRT,307.48,13.17,D,VIIRS
51.07409,34.64122,340.6,0.52,0.5,2026-08-07,11:10:00,N20,nominal,2.0NRT,298.24,4.61,D,VIIRS
51.07505,34.64067,339.99,0.52,0.5,2026-08-07,11:10:00,N20,nominal,2.0NRT,298.19,5.9,D,VIIRS
50.53447,31.09655,338.9,0.55,0.43,2026-08-07,11:10:00,N20,nominal,2.0NRT,303.87,10.68,D,VIIRS
50.44289,33.35714,342.49,0.45,0.47,2026-08-07,11:10:00,N20,nominal,2.0NRT,298.23,5.84,D,VIIRS
50.44173,33.3591,340.78,0.45,0.47,2026-08-07,11:10:00,N20,nominal,2.0NRT,298.53,6.61,D,VIIRS
50.01876,31.1418,342.71,0.55,0.42,2026-08-07,11:10:00,N20,nominal,2.0NRT,308.69,11.06,D,VIIRS
50.12105,33.19638,341.68,0.44,0.46,2026-08-07,11:10:00,N20,nominal,2.0NRT,304.92,4.27,D,VIIRS
50.12278,33.19706,341.76,0.44,0.46,2026-08-07,11:10:00,N20,nominal,2.0NRT,304.49,9.71,D,VIIRS
50.33416,37.49529,355.96,0.34,0.56,2026-08-07,11:10:00,N20,nominal,2.0NRT,303.07,11.52,D,VIIRS
50.31929,37.38452,340.95,0.34,0.56,2026-08-07,11:10:00,N20,nominal,2.0NRT,300.48,3.53,D,VIIRS
50.24311,37.58092,340.76,0.35,0.56,2026-08-07,11:10:00,N20,nominal,2.0NRT,300.34,4,D,VIIRS
50.23788,37.58147,330.64,0.35,0.56,2026-08-07,11:10:00,N20,nominal,2.0NRT,300.16,2.71,D,VIIRS
50.17238,36.87933,367,0.32,0.55,2026-08-07,11:10:00,N20,high,2.0NRT,301.13,9.24,D,VIIRS
50.1803,37.06263,367,0.33,0.55,2026-08-07,11:10:00,N20,high,2.0NRT,301.45,5.42,D,VIIRS
50.16731,36.8798,342.72,0.32,0.55,2026-08-07,11:10:00,N20,nominal,2.0NRT,299.81,2.21,D,VIIRS
50.10858,37.634,350.32,0.35,0.56,2026-08-07,11:10:00,N20,nominal,2.0NRT,297.58,4.1,D,VIIRS
50.10315,37.62954,337.2,0.35,0.56,2026-08-07,11:10:00,N20,nominal,2.0NRT,299.04,4.05,D,VIIRS
50.10333,37.63434,340.1,0.35,0.56,2026-08-07,11:10:00,N20,nominal,2.0NRT,298.56,5.89,D,VIIRS
50.10297,37.62475,367,0.35,0.56,2026-08-07,11:10:00,N20,high,2.0NRT,301.71,4.05,D,VIIRS
50.09792,37.63015,331.12,0.35,0.56,2026-08-07,11:10:00,N20,nominal,2.0NRT,299.11,4.05,D,VIIRS
50.03347,37.46331,352.1,0.34,0.56,2026-08-07,11:10:00,N20,nominal,2.0NRT,299.78,15.62,D,VIIRS
50.03366,37.46793,349.98,0.34,0.56,2026-08-07,11:10:00,N20,nominal,2.0NRT,305.46,15.62,D,VIIRS
50.03385,37.4726,335.22,0.34,0.56,2026-08-07,11:10:00,N20,nominal,2.0NRT,300.32,18.51,D,VIIRS
48.86671,25.21471,332.23,0.39,0.36,2026-08-07,11:10:00,N20,nominal,2.0NRT,298.29,1.88,D,VIIRS
50.02827,37.46376,337.39,0.34,0.56,2026-08-07,11:10:00,N20,nominal,2.0NRT,303.88,15.62,D,VIIRS
50.02846,37.46835,333.1,0.34,0.56,2026-08-07,11:10:00,N20,nominal,2.0NRT,301.76,15.62,D,VIIRS
49.08772,26.81756,335.86,0.4,0.37,2026-08-07,11:10:00,N20,nominal,2.0NRT,302.31,2.83,D,VIIRS
49.08846,26.82303,335.19,0.4,0.37,2026-08-07,11:10:00,N20,nominal,2.0NRT,303.54,2.83,D,VIIRS
49.08512,26.82407,348.14,0.4,0.37,2026-08-07,11:10:00,N20,nominal,2.0NRT,305.04,7.92,D,VIIRS
50.00152,37.57797,335.72,0.34,0.56,2026-08-07,11:10:00,N20,nominal,2.0NRT,296.96,1.31,D,VIIRS
49.98993,37.54919,332.07,0.34,0.56,2026-08-07,11:10:00,N20,nominal,2.0NRT,301.17,5.17,D,VIIRS
49.99012,37.55394,367,0.34,0.56,2026-08-07,11:10:00,N20,high,2.0NRT,303.86,8.16,D,VIIRS
49.89241,38.04181,334.91,0.36,0.57,2026-08-07,11:10:00,N20,nominal,2.0NRT,298.49,3.35,D,VIIRS
49.86378,37.54588,334.51,0.34,0.56,2026-08-07,11:10:00,N20,nominal,2.0NRT,297.41,1.48,D,VIIRS
49.80684,37.70158,336.85,0.35,0.57,2026-08-07,11:10:00,N20,nominal,2.0NRT,301.99,5.83,D,VIIRS
49.80141,37.69711,346.28,0.35,0.57,2026-08-07,11:10:00,N20,nominal,2.0NRT,303.41,5.95,D,VIIRS
49.7757,37.57581,343.13,0.34,0.56,2026-08-07,11:10:00,N20,nominal,2.0NRT,303.88,4.79,D,VIIRS
49.77354,37.65551,367,0.35,0.56,2026-08-07,11:10:00,N20,high,2.0NRT,304.9,9.67,D,VIIRS
49.76437,37.69053,353.49,0.35,0.56,2026-08-07,11:10:00,N20,nominal,2.0NRT,310.9,11.15,D,VIIRS
49.76455,37.6954,343.45,0.35,0.57,2026-08-07,11:10:00,N20,nominal,2.0NRT,301.53,11.15,D,VIIRS
49.75479,37.71572,367,0.35,0.57,2026-08-07,11:10:00,N20,high,2.0NRT,301.64,8.35,D,VIIRS
49.73888,37.7121,348.12,0.35,0.57,2026-08-07,11:10:00,N20,nominal,2.0NRT,301.84,4.02,D,VIIRS
49.73905,37.71698,348.43,0.35,0.57,2026-08-07,11:10:00,N20,nominal,2.0NRT,300.19,4.02,D,VIIRS
49.73904,37.71404,356.29,0.35,0.57,2026-08-07,11:10:00,N20,nominal,2.0NRT,301.58,7,D,VIIRS
49.73924,37.71892,336.33,0.35,0.57,2026-08-07,11:10:00,N20,nominal,2.0NRT,298.54,3.77,D,VIIRS
49.72194,37.68128,331.84,0.35,0.56,2026-08-07,11:10:00,N20,nominal,2.0NRT,301.51,1.41,D,VIIRS
49.3401,34.11153,342.89,0.48,0.48,2026-08-07,11:10:00,N20,nominal,2.0NRT,306.03,6.49,D,VIIRS
49.34097,34.1119,344.16,0.47,0.48,2026-08-07,11:10:00,N20,nominal,2.0NRT,306.29,8.74,D,VIIRS
49.48369,37.76475,334.74,0.35,0.57,2026-08-07,11:10:00,N20,nominal,2.0NRT,299.01,1.89,D,VIIRS
49.4719,37.73203,333.13,0.35,0.56,2026-08-07,11:10:00,N20,nominal,2.0NRT,299.62,3.23,D,VIIRS
49.46421,37.94822,330.8,0.35,0.57,2026-08-07,11:10:00,N20,nominal,2.0NRT,300.74,2.82,D,VIIRS
49.45023,37.85534,350.48,0.35,0.57,2026-08-07,11:10:00,N20,nominal,2.0NRT,301.12,6.6,D,VIIRS
49.42041,37.76015,330.36,0.35,0.57,2026-08-07,11:10:00,N20,nominal,2.0NRT,298.45,2.47,D,VIIRS
49.42059,37.76502,332.98,0.35,0.57,2026-08-07,11:10:00,N20,nominal,2.0NRT,297.84,2.47,D,VIIRS
49.05739,31.96137,341.66,0.38,0.43,2026-08-07,11:10:00,N20,nominal,2.0NRT,306.48,1.86,D,VIIRS
49.42072,37.76133,332.58,0.35,0.57,2026-08-07,11:10:00,N20,nominal,2.0NRT,298.72,2.79,D,VIIRS
49.42092,37.76619,330.94,0.35,0.57,2026-08-07,11:10:00,N20,nominal,2.0NRT,297.64,2.79,D,VIIRS
49.40015,38.04451,337.24,0.36,0.57,2026-08-07,11:10:00,N20,nominal,2.0NRT,300.83,3.83,D,VIIRS
49.3329,37.80264,337.8,0.35,0.57,2026-08-07,11:10:00,N20,nominal,2.0NRT,300.64,3.17,D,VIIRS
49.33315,37.80467,333.78,0.35,0.57,2026-08-07,11:10:00,N20,nominal,2.0NRT,299.65,2.96,D,VIIRS
49.30793,37.96396,336.88,0.35,0.57,2026-08-07,11:10:00,N20,nominal,2.0NRT,300.66,3.28,D,VIIRS
49.30812,37.96896,335.66,0.35,0.57,2026-08-07,11:10:00,N20,nominal,2.0NRT,299.2,3.28,D,VIIRS
49.28317,37.87209,342.32,0.35,0.57,2026-08-07,11:10:00,N20,nominal,2.0NRT,299.99,5.5,D,VIIRS
49.20202,37.33134,333.31,0.33,0.55,2026-08-07,11:10:00,N20,nominal,2.0NRT,300.59,1.45,D,VIIRS
49.19687,37.94197,331.72,0.35,0.57,2026-08-07,11:10:00,N20,nominal,2.0NRT,299.49,2.19,D,VIIRS
48.75077,31.50461,345.21,0.55,0.42,2026-08-07,11:10:00,N20,nominal,2.0NRT,309.33,16.25,D,VIIRS
48.74687,31.50539,346.55,0.55,0.42,2026-08-07,11:10:00,N20,nominal,2.0NRT,310.53,16.25,D,VIIRS
49.14587,38.82393,367,0.39,0.59,2026-08-07,11:10:00,N20,high,2.0NRT,302.45,7.38,D,VIIRS
49.11107,37.90955,350.17,0.35,0.57,2026-08-07,11:10:00,N20,nominal,2.0NRT,300.27,4.85,D,VIIRS
49.14054,38.82972,339.68,0.39,0.59,2026-08-07,11:10:00,N20,nominal,2.0NRT,303.44,7.38,D,VIIRS
49.14039,38.8244,367,0.39,0.59,2026-08-07,11:10:00,N20,high,2.0NRT,308.85,7.38,D,VIIRS
49.11169,37.91152,341.96,0.35,0.57,2026-08-07,11:10:00,N20,nominal,2.0NRT,299.68,4.75,D,VIIRS
49.14565,38.82531,367,0.39,0.59,2026-08-07,11:10:00,N20,high,2.0NRT,302.94,9.27,D,VIIRS
49.14016,38.82577,367,0.39,0.59,2026-08-07,11:10:00,N20,high,2.0NRT,307.77,12.65,D,VIIRS
48.4819,29.75986,334.3,0.47,0.4,2026-08-07,11:10:00,N20,low,2.0NRT,307.67,5.57,D,VIIRS
48.96395,35.34692,330.29,0.53,0.5,2026-08-07,11:10:00,N20,low,2.0NRT,303.49,8.78,D,VIIRS
49.08732,37.83125,330.33,0.35,0.57,2026-08-07,11:10:00,N20,nominal,2.0NRT,299.26,4.95,D,VIIRS
48.95416,35.34069,331.07,0.53,0.5,2026-08-07,11:10:00,N20,low,2.0NRT,303.02,4.11,D,VIIRS
49.00056,36.40433,339.96,0.6,0.53,2026-08-07,11:10:00,N20,nominal,2.0NRT,305.08,6.29,D,VIIRS
48.92364,35.22647,334.09,0.53,0.5,2026-08-07,11:10:00,N20,low,2.0NRT,308.31,9.9,D,VIIRS
48.91901,35.22719,334.11,0.53,0.5,2026-08-07,11:10:00,N20,low,2.0NRT,304.59,18.86,D,VIIRS
48.91484,35.2353,342.17,0.53,0.5,2026-08-07,11:10:00,N20,nominal,2.0NRT,304.31,18.86,D,VIIRS
48.9102,35.23602,338.61,0.53,0.5,2026-08-07,11:10:00,N20,nominal,2.0NRT,303.72,6.73,D,VIIRS
49.00225,38.19815,367,0.36,0.57,2026-08-07,11:10:00,N20,high,2.0NRT,302.45,8.66,D,VIIRS
48.97914,37.75294,349.67,0.34,0.56,2026-08-07,11:10:00,N20,nominal,2.0NRT,304.22,2.59,D,VIIRS
48.97934,37.75768,337.29,0.34,0.56,2026-08-07,11:10:00,N20,nominal,2.0NRT,304.1,2.59,D,VIIRS
48.99693,38.19862,356.2,0.36,0.57,2026-08-07,11:10:00,N20,nominal,2.0NRT,306.57,8.66,D,VIIRS
48.9916,38.19913,352.01,0.36,0.57,2026-08-07,11:10:00,N20,nominal,2.0NRT,305.91,5.74,D,VIIRS
48.99179,38.20414,341.67,0.36,0.57,2026-08-07,11:10:00,N20,nominal,2.0NRT,305.19,8.11,D,VIIRS
48.99046,38.16888,367,0.36,0.57,2026-08-07,11:10:00,N20,high,2.0NRT,306.1,6.42,D,VIIRS
48.99198,38.20919,367,0.36,0.58,2026-08-07,11:10:00,N20,high,2.0NRT,307.51,8.11,D,VIIRS
48.99217,38.21424,367,0.36,0.58,2026-08-07,11:10:00,N20,high,2.0NRT,305.58,14.54,D,VIIRS
48.96553,37.67791,334.24,0.34,0.56,2026-08-07,11:10:00,N20,nominal,2.0NRT,300.84,3.8,D,VIIRS
48.95729,37.73112,341.55,0.34,0.56,2026-08-07,11:10:00,N20,nominal,2.0NRT,302.33,6.51,D,VIIRS
48.81755,35.14776,353.91,0.52,0.5,2026-08-07,11:10:00,N20,nominal,2.0NRT,306.25,24.14,D,VIIRS
48.95208,37.73165,333.35,0.34,0.56,2026-08-07,11:10:00,N20,nominal,2.0NRT,303.31,5.02,D,VIIRS
48.96357,38.02199,330.74,0.35,0.57,2026-08-07,11:10:00,N20,low,2.0NRT,301.73,3.04,D,VIIRS
48.95527,37.94401,342.65,0.35,0.57,2026-08-07,11:10:00,N20,nominal,2.0NRT,305.51,4.71,D,VIIRS
48.95565,37.95379,335.01,0.35,0.57,2026-08-07,11:10:00,N20,nominal,2.0NRT,303.13,6.01,D,VIIRS
48.92881,37.80524,344.66,0.35,0.56,2026-08-07,11:10:00,N20,nominal,2.0NRT,302.22,3.6,D,VIIRS
48.85028,36.29771,342.52,0.59,0.53,2026-08-07,11:10:00,N20,nominal,2.0NRT,305.21,7.92,D,VIIRS
48.85071,36.30598,342.26,0.59,0.53,2026-08-07,11:10:00,N20,nominal,2.0NRT,302.49,7.92,D,VIIRS
48.84584,36.3065,340.65,0.59,0.53,2026-08-07,11:10:00,N20,nominal,2.0NRT,302.45,11.21,D,VIIRS
48.90954,37.8508,335.08,0.35,0.57,2026-08-07,11:10:00,N20,nominal,2.0NRT,301.14,2.88,D,VIIRS
48.84763,36.29906,345.72,0.59,0.53,2026-08-07,11:10:00,N20,nominal,2.0NRT,309.08,13.73,D,VIIRS
48.8481,36.30737,341.77,0.59,0.53,2026-08-07,11:10:00,N20,nominal,2.0NRT,303.35,10.54,D,VIIRS
48.90958,37.85057,333.39,0.35,0.57,2026-08-07,11:10:00,N20,nominal,2.0NRT,301.11,4.37,D,VIIRS
48.72252,34.89215,354.75,0.51,0.49,2026-08-07,11:10:00,N20,nominal,2.0NRT,309.71,34.48,D,VIIRS
48.71797,34.89279,339.21,0.51,0.49,2026-08-07,11:10:00,N20,nominal,2.0NRT,302.81,34.48,D,VIIRS
48.71844,34.89976,344.58,0.51,0.49,2026-08-07,11:10:00,N20,nominal,2.0NRT,302.43,13.08,D,VIIRS
48.7189,34.90673,330.41,0.51,0.49,2026-08-07,11:10:00,N20,low,2.0NRT,300.83,13.08,D,VIIRS
48.85736,37.37411,345.53,0.33,0.55,2026-08-07,11:10:00,N20,nominal,2.0NRT,300.72,3.71,D,VIIRS
48.88536,38.03165,330.43,0.35,0.57,2026-08-07,11:10:00,N20,low,2.0NRT,302.11,2.42,D,VIIRS
48.71388,34.9004,332.7,0.51,0.49,2026-08-07,11:10:00,N20,nominal,2.0NRT,304.09,15.94,D,VIIRS
48.71435,34.90738,343.07,0.51,0.49,2026-08-07,11:10:00,N20,nominal,2.0NRT,303.66,15.94,D,VIIRS
48.7098,34.90803,339.06,0.51,0.49,2026-08-07,11:10:00,N20,nominal,2.0NRT,300.43,15.94,D,VIIRS
48.70199,35.14406,341.47,0.52,0.5,2026-08-07,11:10:00,N20,nominal,2.0NRT,299.06,11.26,D,VIIRS
48.70244,35.1512,333.75,0.52,0.5,2026-08-07,11:10:00,N20,low,2.0NRT,305.21,11.26,D,VIIRS
48.69739,35.14471,347.27,0.52,0.5,2026-08-07,11:10:00,N20,nominal,2.0NRT,309.71,11.26,D,VIIRS
48.69784,35.15184,344.73,0.52,0.5,2026-08-07,11:10:00,N20,nominal,2.0NRT,310.06,11.26,D,VIIRS
48.82314,37.66132,341.3,0.34,0.56,2026-08-07,11:10:00,N20,nominal,2.0NRT,300.67,3.17,D,VIIRS
48.82333,37.66609,334.41,0.34,0.56,2026-08-07,11:10:00,N20,nominal,2.0NRT,299,3.17,D,VIIRS
48.2788,30.32202,355.9,0.49,0.4,2026-08-07,11:10:00,N20,nominal,2.0NRT,307.15,72.06,D,VIIRS
48.27581,30.32951,340.22,0.49,0.4,2026-08-07,11:10:00,N20,low,2.0NRT,313.19,72.06,D,VIIRS
48.81555,37.86637,330.86,0.35,0.57,2026-08-07,11:10:00,N20,nominal,2.0NRT,300.38,2.09,D,VIIRS
48.81628,37.88561,352.33,0.35,0.57,2026-08-07,11:10:00,N20,nominal,2.0NRT,304.63,5.88,D,VIIRS
48.19641,29.93338,337.8,0.47,0.4,2026-08-07,11:10:00,N20,nominal,2.0NRT,302.53,2.78,D,VIIRS
48.78645,37.79453,330.96,0.34,0.56,2026-08-07,11:10:00,N20,low,2.0NRT,301.08,2.94,D,VIIRS
48.78648,37.91985,342.72,0.35,0.57,2026-08-07,11:10:00,N20,nominal,2.0NRT,301.62,3.97,D,VIIRS
48.73956,37.10382,350.58,0.32,0.55,2026-08-07,11:10:00,N20,nominal,2.0NRT,300.15,7.53,D,VIIRS
48.76113,37.81572,367,0.35,0.56,2026-08-07,11:10:00,N20,high,2.0NRT,304.36,7.86,D,VIIRS
48.75126,37.83099,332.03,0.35,0.56,2026-08-07,11:10:00,N20,low,2.0NRT,304.56,3.68,D,VIIRS
48.74022,37.81754,336.43,0.35,0.56,2026-08-07,11:10:00,N20,nominal,2.0NRT,302.57,4.23,D,VIIRS
48.749,38.17986,332.83,0.36,0.57,2026-08-07,11:10:00,N20,nominal,2.0NRT,299.03,7.19,D,VIIRS
48.74918,38.18469,367,0.36,0.57,2026-08-07,11:10:00,N20,high,2.0NRT,304.05,7.19,D,VIIRS
48.74387,38.18519,349.32,0.36,0.57,2026-08-07,11:10:00,N20,nominal,2.0NRT,301.11,7.19,D,VIIRS
48.74404,38.18994,336.26,0.36,0.57,2026-08-07,11:10:00,N20,nominal,2.0NRT,302.01,12.29,D,VIIRS
48.6729,37.97105,333.76,0.35,0.57,2026-08-07,11:10:00,N20,nominal,2.0NRT,302.74,5.79,D,VIIRS
48.67311,37.97596,331.86,0.35,0.57,2026-08-07,11:10:00,N20,nominal,2.0NRT,301.31,4.03,D,VIIRS
48.63797,37.18334,367,0.32,0.55,2026-08-07,11:10:00,N20,high,2.0NRT,306.67,8.81,D,VIIRS
48.64948,37.66336,330.68,0.34,0.56,2026-08-07,11:10:00,N20,low,2.0NRT,304.49,2.91,D,VIIRS
48.64567,37.69587,336.45,0.34,0.56,2026-08-07,11:10:00,N20,nominal,2.0NRT,305.64,5.24,D,VIIRS
48.64586,37.70041,340.52,0.34,0.56,2026-08-07,11:10:00,N20,nominal,2.0NRT,305.65,6.9,D,VIIRS
48.63827,37.64457,355.76,0.34,0.56,2026-08-07,11:10:00,N20,nominal,2.0NRT,302.29,4.29,D,VIIRS
48.63848,37.64939,338.63,0.34,0.56,2026-08-07,11:10:00,N20,nominal,2.0NRT,298.31,4.29,D,VIIRS
48.63705,37.73891,344.41,0.34,0.56,2026-08-07,11:10:00,N20,nominal,2.0NRT,304.22,8.79,D,VIIRS
48.6277,37.64036,330.81,0.34,0.56,2026-08-07,11:10:00,N20,nominal,2.0NRT,286.75,7.8,D,VIIRS
48.63514,37.81918,337.04,0.35,0.56,2026-08-07,11:10:00,N20,nominal,2.0NRT,300.8,2.23,D,VIIRS
48.6279,37.64512,367,0.34,0.56,2026-08-07,11:10:00,N20,high,2.0NRT,302.52,14.52,D,VIIRS
48.63184,37.7392,367,0.34,0.56,2026-08-07,11:10:00,N20,high,2.0NRT,307.57,8.79,D,VIIRS
48.63029,37.82908,339.06,0.35,0.56,2026-08-07,11:10:00,N20,nominal,2.0NRT,302.5,4.97,D,VIIRS
48.63049,37.83386,347.21,0.35,0.56,2026-08-07,11:10:00,N20,nominal,2.0NRT,303.06,4.47,D,VIIRS
48.6069,37.39825,332.69,0.33,0.55,2026-08-07,11:10:00,N20,nominal,2.0NRT,301.02,2.02,D,VIIRS
48.5998,37.35376,337.73,0.33,0.55,2026-08-07,11:10:00,N20,nominal,2.0NRT,301.69,1.4,D,VIIRS
48.61309,37.79216,346.53,0.34,0.56,2026-08-07,11:10:00,N20,nominal,2.0NRT,301.32,4.68,D,VIIRS
48.61328,37.79691,333.8,0.34,0.56,2026-08-07,11:10:00,N20,nominal,2.0NRT,303.55,5.13,D,VIIRS
48.57973,37.24731,330.89,0.32,0.55,2026-08-07,11:10:00,N20,low,2.0NRT,305.17,4.16,D,VIIRS
48.57466,37.24801,332.39,0.32,0.55,2026-08-07,11:10:00,N20,nominal,2.0NRT,303.06,1.94,D,VIIRS
48.58559,37.50213,353.07,0.33,0.56,2026-08-07,11:10:00,N20,nominal,2.0NRT,301.67,6.81,D,VIIRS
48.57131,37.40762,339.26,0.33,0.55,2026-08-07,11:10:00,N20,nominal,2.0NRT,303.72,4.48,D,VIIRS
48.56658,37.41736,355.14,0.33,0.55,2026-08-07,11:10:00,N20,nominal,2.0NRT,300.56,7.74,D,VIIRS
48.5369,36.97125,334.64,0.63,0.54,2026-08-07,11:10:00,N20,nominal,2.0NRT,298.73,5.19,D,VIIRS
48.54042,37.04927,331.55,0.64,0.54,2026-08-07,11:10:00,N20,nominal,2.0NRT,300.18,3.62,D,VIIRS
48.584,37.50589,342.21,0.33,0.56,2026-08-07,11:10:00,N20,nominal,2.0NRT,298.71,2.92,D,VIIRS
48.57457,37.41555,331.44,0.33,0.55,2026-08-07,11:10:00,N20,nominal,2.0NRT,303.17,3.32,D,VIIRS
48.57738,37.47498,334.49,0.33,0.55,2026-08-07,11:10:00,N20,nominal,2.0NRT,300.44,2.02,D,VIIRS
48.56903,37.40715,343.18,0.33,0.55,2026-08-07,11:10:00,N20,nominal,2.0NRT,302.28,3.49,D,VIIRS
48.56947,37.41624,367,0.33,0.55,2026-08-07,11:10:00,N20,high,2.0NRT,302.68,6.96,D,VIIRS
48.53748,36.97078,334.81,0.63,0.54,2026-08-07,11:10:00,N20,nominal,2.0NRT,299,4.85,D,VIIRS
48.54139,37.04869,334.31,0.63,0.54,2026-08-07,11:10:00,N20,nominal,2.0NRT,300.46,5.64,D,VIIRS
48.57628,37.79528,342.24,0.34,0.56,2026-08-07,11:10:00,N20,nominal,2.0NRT,301.05,3.45,D,VIIRS
48.11022,31.33375,344.43,0.53,0.42,2026-08-07,11:10:00,N20,nominal,2.0NRT,306.33,5.05,D,VIIRS
48.56718,37.70678,341.86,0.34,0.56,2026-08-07,11:10:00,N20,nominal,2.0NRT,303.69,5.14,D,VIIRS
48.10637,31.33448,343.37,0.53,0.42,2026-08-07,11:10:00,N20,nominal,2.0NRT,307.98,7.55,D,VIIRS
48.55833,37.62438,338.72,0.34,0.56,2026-08-07,11:10:00,N20,nominal,2.0NRT,304.5,4.28,D,VIIRS
48.52904,37.21176,339.64,0.32,0.55,2026-08-07,11:10:00,N20,nominal,2.0NRT,304.29,4.8,D,VIIRS
48.50936,37.22669,346.58,0.32,0.55,2026-08-07,11:10:00,N20,nominal,2.0NRT,302.65,3.93,D,VIIRS
48.48338,37.10562,338.21,0.32,0.54,2026-08-07,11:10:00,N20,nominal,2.0NRT,301.78,1.7,D,VIIRS
48.51373,37.80105,367,0.34,0.56,2026-08-07,11:10:00,N20,high,2.0NRT,301.59,4.21,D,VIIRS
48.48846,37.44599,342.4,0.33,0.55,2026-08-07,11:10:00,N20,nominal,2.0NRT,305.35,5.22,D,VIIRS
48.48334,37.44648,344.55,0.33,0.55,2026-08-07,11:10:00,N20,nominal,2.0NRT,303.49,5.22,D,VIIRS
48.48353,37.45091,367,0.33,0.55,2026-08-07,11:10:00,N20,high,2.0NRT,306.93,5.22,D,VIIRS
47.83813,29.36085,332.2,0.45,0.39,2026-08-07,11:10:00,N20,low,2.0NRT,307.09,7.77,D,VIIRS
48.47308,37.44726,350.76,0.33,0.55,2026-08-07,11:10:00,N20,nominal,2.0NRT,302.7,4.23,D,VIIRS
47.83459,29.36175,332.86,0.45,0.39,2026-08-07,11:10:00,N20,low,2.0NRT,306.92,2.49,D,VIIRS
47.83528,29.36777,333.31,0.45,0.39,2026-08-07,11:10:00,N20,low,2.0NRT,304.94,2.49,D,VIIRS
48.46795,37.44751,339.37,0.33,0.55,2026-08-07,11:10:00,N20,nominal,2.0NRT,302.72,1.94,D,VIIRS
48.45,37.15226,337.29,0.32,0.55,2026-08-07,11:10:00,N20,nominal,2.0NRT,298.86,2.36,D,VIIRS
48.47063,37.44527,333.57,0.33,0.55,2026-08-07,11:10:00,N20,nominal,2.0NRT,303.2,3.39,D,VIIRS
48.47361,37.50847,330.91,0.33,0.55,2026-08-07,11:10:00,N20,low,2.0NRT,305.07,2.36,D,VIIRS
48.47382,37.51291,336.35,0.33,0.55,2026-08-07,11:10:00,N20,nominal,2.0NRT,302.73,2.36,D,VIIRS
48.47086,37.45006,367,0.33,0.55,2026-08-07,11:10:00,N20,high,2.0NRT,301.75,3.39,D,VIIRS
48.04427,31.6341,338.55,0.54,0.42,2026-08-07,11:10:00,N20,low,2.0NRT,311.23,7.67,D,VIIRS
48.45115,37.15049,337.93,0.32,0.55,2026-08-07,11:10:00,N20,nominal,2.0NRT,299.8,2.92,D,VIIRS
48.04039,31.63495,339.09,0.54,0.42,2026-08-07,11:10:00,N20,low,2.0NRT,312.26,7.67,D,VIIRS
48.43488,36.92925,332.99,0.63,0.54,2026-08-07,11:10:00,N20,nominal,2.0NRT,301.48,5.08,D,VIIRS
48.42051,36.8453,336.83,0.62,0.54,2026-08-07,11:10:00,N20,nominal,2.0NRT,300.23,5.72,D,VIIRS
48.46216,37.83144,331.93,0.34,0.56,2026-08-07,11:10:00,N20,nominal,2.0NRT,299.77,3.56,D,VIIRS
48.15627,33.19118,335.78,0.42,0.45,2026-08-07,11:10:00,N20,low,2.0NRT,307.91,2.88,D,VIIRS
48.41852,37.21114,334.18,0.32,0.55,2026-08-07,11:10:00,N20,nominal,2.0NRT,303.86,4.69,D,VIIRS
48.42466,37.3413,367,0.33,0.55,2026-08-07,11:10:00,N20,high,2.0NRT,304.81,9.13,D,VIIRS
48.40652,37.1727,367,0.32,0.55,2026-08-07,11:10:00,N20,high,2.0NRT,303.11,4.84,D,VIIRS
48.38225,36.7815,347.62,0.61,0.54,2026-08-07,11:10:00,N20,nominal,2.0NRT,307.67,211.35,D,VIIRS
48.38266,36.78973,337.86,0.62,0.54,2026-08-07,11:10:00,N20,nominal,2.0NRT,300.56,78.16,D,VIIRS
48.32095,35.75771,347.35,0.55,0.51,2026-08-07,11:10:00,N20,nominal,2.0NRT,301.57,12.9,D,VIIRS
48.3777,36.79037,349.81,0.62,0.54,2026-08-07,11:10:00,N20,nominal,2.0NRT,310.48,78.16,D,VIIRS
48.36726,37.203,342.3,0.32,0.55,2026-08-07,11:10:00,N20,nominal,2.0NRT,306.9,5.15,D,VIIRS
48.34426,37.03296,331.29,0.63,0.54,2026-08-07,11:10:00,N20,low,2.0NRT,302.8,4.31,D,VIIRS
48.34162,37.08532,333.32,0.64,0.54,2026-08-07,11:10:00,N20,nominal,2.0NRT,301.82,7.07,D,VIIRS
48.34249,37.10464,367,0.32,0.54,2026-08-07,11:10:00,N20,high,2.0NRT,304.68,6.98,D,VIIRS
47.82095,30.40338,367,0.48,0.4,2026-08-07,11:10:00,N20,low,2.0NRT,325.85,91.93,D,VIIRS
47.81656,30.39783,316.06,0.48,0.4,2026-08-07,11:10:00,N20,low,2.0NRT,319.74,53.84,D,VIIRS
47.81726,30.40425,340.34,0.48,0.4,2026-08-07,11:10:00,N20,low,2.0NRT,310.87,23.93,D,VIIRS
48.34506,37.03471,332.53,0.63,0.54,2026-08-07,11:10:00,N20,nominal,2.0NRT,302.16,7.87,D,VIIRS
48.34267,37.08697,337.65,0.63,0.54,2026-08-07,11:10:00,N20,nominal,2.0NRT,302.19,7.58,D,VIIRS
48.34354,37.10412,342.22,0.64,0.54,2026-08-07,11:10:00,N20,nominal,2.0NRT,302.11,9.47,D,VIIRS
48.32516,36.94181,331.05,0.62,0.54,2026-08-07,11:10:00,N20,low,2.0NRT,305.7,4.84,D,VIIRS
48.340089999999996,37.2387,332.14,0.32,0.55,2026-08-07,11:10:00,N20,low,2.0NRT,303.11,1.89,D,VIIRS
48.24746,35.66351,337.18,0.54,0.51,2026-08-07,11:10:00,N20,nominal,2.0NRT,303.43,4.03,D,VIIRS
48.32843,37.2084,337.93,0.32,0.55,2026-08-07,11:10:00,N20,nominal,2.0NRT,298.08,3.99,D,VIIRS
48.3166,37.17433,347.97,0.32,0.55,2026-08-07,11:10:00,N20,nominal,2.0NRT,303.02,4.61,D,VIIRS
48.28669,37.18603,330.06,0.32,0.55,2026-08-07,11:10:00,N20,nominal,2.0NRT,297.14,2.24,D,VIIRS
48.26472,36.837,331.1,0.62,0.54,2026-08-07,11:10:00,N20,nominal,2.0NRT,302.99,3.41,D,VIIRS
48.25598,36.76204,335.64,0.61,0.54,2026-08-07,11:10:00,N20,nominal,2.0NRT,300.94,5.01,D,VIIRS
48.25978,36.94009,338.69,0.62,0.54,2026-08-07,11:10:00,N20,nominal,2.0NRT,299.48,6.48,D,VIIRS
48.27396,37.24021,331.17,0.32,0.55,2026-08-07,11:10:00,N20,low,2.0NRT,303.29,3.34,D,VIIRS
48.29921,37.82227,345.56,0.34,0.56,2026-08-07,11:10:00,N20,nominal,2.0NRT,301.3,3.53,D,VIIRS
48.29941,37.82715,331.25,0.34,0.56,2026-08-07,11:10:00,N20,nominal,2.0NRT,301.1,3.53,D,VIIRS
48.25386,37.02637,335.54,0.63,0.54,2026-08-07,11:10:00,N20,nominal,2.0NRT,301.83,4.44,D,VIIRS
48.25339,37.1243,332.31,0.32,0.54,2026-08-07,11:10:00,N20,low,2.0NRT,303.56,1.8,D,VIIRS
48.26195,37.42939,330.46,0.33,0.55,2026-08-07,11:10:00,N20,nominal,2.0NRT,301.3,4.46,D,VIIRS
48.26176,37.42493,367,0.33,0.55,2026-08-07,11:10:00,N20,high,2.0NRT,304.3,6.34,D,VIIRS
47.61633,29.3426,345.24,0.45,0.39,2026-08-07,11:10:00,N20,nominal,2.0NRT,308.78,6.03,D,VIIRS
48.25684,37.42982,331.27,0.33,0.55,2026-08-07,11:10:00,N20,nominal,2.0NRT,304.71,4.03,D,VIIRS
48.22338,37.02106,331.2,0.63,0.54,2026-08-07,11:10:00,N20,low,2.0NRT,302.05,3.94,D,VIIRS
48.25415,37.02472,333.89,0.63,0.54,2026-08-07,11:10:00,N20,nominal,2.0NRT,301.71,4.78,D,VIIRS
48.25922,37.4276,367,0.33,0.55,2026-08-07,11:10:00,N20,high,2.0NRT,306.06,9.42,D,VIIRS
46.86029,36.68104,350.41,0.59,0.53,2026-08-07,11:10:00,N20,nominal,2.0NRT,307.39,9.86,D,VIIRS
48.18867,36.82733,330.51,0.62,0.54,2026-08-07,11:10:00,N20,nominal,2.0NRT,299.62,10.57,D,VIIRS
48.18913,36.83604,340.63,0.62,0.54,2026-08-07,11:10:00,N20,nominal,2.0NRT,300.17,10.57,D,VIIRS
48.19432,36.93753,335.61,0.62,0.54,2026-08-07,11:10:00,N20,low,2.0NRT,306.38,9.41,D,VIIRS
48.20784,37.21028,367,0.32,0.55,2026-08-07,11:10:00,N20,high,2.0NRT,301.26,5.83,D,VIIRS
48.20257,37.20624,342.33,0.32,0.55,2026-08-07,11:10:00,N20,nominal,2.0NRT,303.11,5,D,VIIRS
48.20278,37.21061,350.4,0.32,0.55,2026-08-07,11:10:00,N20,nominal,2.0NRT,303.92,6.24,D,VIIRS
47.98238,33.89936,341.52,0.45,0.47,2026-08-07,11:10:00,N20,nominal,2.0NRT,304.35,4.5,D,VIIRS
48.14025,36.75731,332.55,0.61,0.53,2026-08-07,11:10:00,N20,low,2.0NRT,306.31,6.09,D,VIIRS
48.13447,36.74108,334.9,0.61,0.53,2026-08-07,11:10:00,N20,nominal,2.0NRT,306.03,6.64,D,VIIRS
48.1349,36.74969,335.76,0.61,0.53,2026-08-07,11:10:00,N20,nominal,2.0NRT,305.62,6.09,D,VIIRS
47.83927,32.88494,343.33,0.4,0.45,2026-08-07,11:10:00,N20,nominal,2.0NRT,310.53,4.65,D,VIIRS
47.77728,32.24607,336.68,0.57,0.43,2026-08-07,11:10:00,N20,low,2.0NRT,307.49,7.86,D,VIIRS
48.05936,35.96845,335.18,0.56,0.51,2026-08-07,11:10:00,N20,nominal,2.0NRT,304.47,20.53,D,VIIRS
48.05983,35.97616,347.71,0.56,0.51,2026-08-07,11:10:00,N20,nominal,2.0NRT,306.94,20.53,D,VIIRS
48.13335,37.31823,331.87,0.32,0.55,2026-08-07,11:10:00,N20,nominal,2.0NRT,298.08,2.43,D,VIIRS
47.76535,32.24844,349.31,0.57,0.43,2026-08-07,11:10:00,N20,nominal,2.0NRT,313.43,24.68,D,VIIRS
47.76067,32.24162,336.81,0.57,0.43,2026-08-07,11:10:00,N20,low,2.0NRT,309.73,16.19,D,VIIRS
47.76137,32.24923,341.24,0.57,0.43,2026-08-07,11:10:00,N20,low,2.0NRT,312.42,24.68,D,VIIRS
47.86555,33.44209,334.09,0.43,0.46,2026-08-07,11:10:00,N20,low,2.0NRT,307.23,5.21,D,VIIRS
48.04416,35.95474,354.95,0.56,0.51,2026-08-07,11:10:00,N20,nominal,2.0NRT,306.5,16.69,D,VIIRS
48.07784,36.72295,338.75,0.61,0.53,2026-08-07,11:10:00,N20,nominal,2.0NRT,302,9.43,D,VIIRS
48.03616,36.06283,340.6,0.57,0.52,2026-08-07,11:10:00,N20,nominal,2.0NRT,300.33,5.15,D,VIIRS
48.06942,36.65773,345.22,0.6,0.53,2026-08-07,11:10:00,N20,nominal,2.0NRT,304.13,10.5,D,VIIRS
47.58689,30.68697,342.77,0.49,0.41,2026-08-07,11:10:00,N20,nominal,2.0NRT,313.85,16.86,D,VIIRS
47.94118,34.72734,348.77,0.49,0.49,2026-08-07,11:10:00,N20,nominal,2.0NRT,305.91,8.05,D,VIIRS
47.54924,30.37075,339.23,0.48,0.4,2026-08-07,11:10:00,N20,low,2.0NRT,310.76,4.1,D,VIIRS
47.93671,34.72808,340.75,0.49,0.49,2026-08-07,11:10:00,N20,nominal,2.0NRT,304.05,8.05,D,VIIRS
48.12545,38.20247,343.86,0.36,0.57,2026-08-07,11:10:00,N20,nominal,2.0NRT,304.68,6.13,D,VIIRS
48.12564,38.20714,355.66,0.36,0.57,2026-08-07,11:10:00,N20,nominal,2.0NRT,304.3,7.65,D,VIIRS
47.77976,33.06864,333.45,0.41,0.45,2026-08-07,11:10:00,N20,low,2.0NRT,307.31,21.6,D,VIIRS
47.78022,33.07415,348.75,0.41,0.45,2026-08-07,11:10:00,N20,nominal,2.0NRT,318.5,21.6,D,VIIRS
47.78067,33.07959,349.66,0.41,0.45,2026-08-07,11:10:00,N20,nominal,2.0NRT,312.11,5.85,D,VIIRS
47.77653,33.08031,344.76,0.41,0.45,2026-08-07,11:10:00,N20,nominal,2.0NRT,310.68,5.85,D,VIIRS
47.61277,31.3166,345.77,0.52,0.42,2026-08-07,11:10:00,N20,low,2.0NRT,317.44,15.37,D,VIIRS
47.77377,33.09763,354.24,0.41,0.45,2026-08-07,11:10:00,N20,nominal,2.0NRT,312.2,14.87,D,VIIRS
47.76918,33.09284,354.75,0.41,0.45,2026-08-07,11:10:00,N20,nominal,2.0NRT,313.49,14.87,D,VIIRS
47.76963,33.09838,350.98,0.41,0.45,2026-08-07,11:10:00,N20,nominal,2.0NRT,311.23,14.87,D,VIIRS
47.94534,35.73345,343,0.54,0.51,2026-08-07,11:10:00,N20,nominal,2.0NRT,305.8,9.38,D,VIIRS
47.76743,33.09487,352.35,0.41,0.45,2026-08-07,11:10:00,N20,nominal,2.0NRT,310.47,7.08,D,VIIRS
47.55856,31.04132,346.86,0.51,0.41,2026-08-07,11:10:00,N20,nominal,2.0NRT,307.02,25.86,D,VIIRS
47.65215,31.97269,338.06,0.55,0.43,2026-08-07,11:10:00,N20,low,2.0NRT,310.95,2.75,D,VIIRS
47.94363,35.7334,348.31,0.54,0.51,2026-08-07,11:10:00,N20,nominal,2.0NRT,306.56,10.63,D,VIIRS
47.93848,35.72676,330.92,0.54,0.51,2026-08-07,11:10:00,N20,nominal,2.0NRT,304.18,3.04,D,VIIRS
47.93894,35.7341,343.28,0.54,0.51,2026-08-07,11:10:00,N20,nominal,2.0NRT,305.65,7.96,D,VIIRS
48.01211,37.006,333.04,0.63,0.54,2026-08-07,11:10:00,N20,nominal,2.0NRT,301.93,6.26,D,VIIRS
47.84105,34.49932,342.67,0.48,0.48,2026-08-07,11:10:00,N20,nominal,2.0NRT,307.55,12.17,D,VIIRS
47.91598,35.902,352.2,0.55,0.51,2026-08-07,11:10:00,N20,nominal,2.0NRT,307.35,26.26,D,VIIRS
47.951,36.60344,337.66,0.6,0.53,2026-08-07,11:10:00,N20,nominal,2.0NRT,301.59,5.57,D,VIIRS
47.98186,37.31451,332.79,0.32,0.55,2026-08-07,11:10:00,N20,low,2.0NRT,304.17,2.5,D,VIIRS
47.86388,35.58947,332.66,0.54,0.5,2026-08-07,11:10:00,N20,low,2.0NRT,306.66,6.01,D,VIIRS
47.81125,35.12145,337.15,0.51,0.49,2026-08-07,11:10:00,N20,nominal,2.0NRT,306.37,6.2,D,VIIRS
47.88209,36.32308,342.99,0.58,0.52,2026-08-07,11:10:00,N20,nominal,2.0NRT,299.49,9.45,D,VIIRS
47.88905,36.2519,330.12,0.57,0.52,2026-08-07,11:10:00,N20,low,2.0NRT,300.44,2.94,D,VIIRS
47.81118,35.12281,339.21,0.51,0.49,2026-08-07,11:10:00,N20,nominal,2.0NRT,305.94,5.61,D,VIIRS
47.80663,35.12353,334.48,0.51,0.49,2026-08-07,11:10:00,N20,low,2.0NRT,307.66,5.61,D,VIIRS
47.88358,36.32331,341.31,0.58,0.52,2026-08-07,11:10:00,N20,nominal,2.0NRT,299.53,7.8,D,VIIRS
47.90755,37.1188,330.81,0.63,0.54,2026-08-07,11:10:00,N20,nominal,2.0NRT,297.62,5.51,D,VIIRS
47.81264,35.56083,333.02,0.53,0.5,2026-08-07,11:10:00,N20,low,2.0NRT,308,6.17,D,VIIRS
47.88045,36.79234,337.62,0.61,0.53,2026-08-07,11:10:00,N20,nominal,2.0NRT,301.91,6.11,D,VIIRS
47.8755,36.79279,342.26,0.61,0.53,2026-08-07,11:10:00,N20,nominal,2.0NRT,303.19,9.83,D,VIIRS
47.90878,37.45312,367,0.33,0.55,2026-08-07,11:10:00,N20,high,2.0NRT,306.89,19.3,D,VIIRS
47.909,37.45755,367,0.33,0.55,2026-08-07,11:10:00,N20,high,2.0NRT,307.29,23.42,D,VIIRS
47.9092,37.46198,367,0.33,0.55,2026-08-07,11:10:00,N20,high,2.0NRT,302.11,23.42,D,VIIRS
47.8666,36.71924,334.25,0.6,0.53,2026-08-07,11:10:00,N20,low,2.0NRT,305.57,6.42,D,VIIRS
47.90368,37.45362,350.42,0.33,0.55,2026-08-07,11:10:00,N20,nominal,2.0NRT,302.84,19.3,D,VIIRS
47.90389,37.45803,367,0.33,0.55,2026-08-07,11:10:00,N20,high,2.0NRT,308.09,23.42,D,VIIRS
47.81855,36.20602,331.68,0.57,0.52,2026-08-07,11:10:00,N20,low,2.0NRT,303.69,3.85,D,VIIRS
47.81899,36.21366,338.81,0.57,0.52,2026-08-07,11:10:00,N20,nominal,2.0NRT,304.26,4.22,D,VIIRS
47.75014,35.17341,341.53,0.51,0.49,2026-08-07,11:10:00,N20,nominal,2.0NRT,302.49,20.56,D,VIIRS
47.7506,35.18027,350.3,0.51,0.49,2026-08-07,11:10:00,N20,nominal,2.0NRT,300.63,23.95,D,VIIRS
47.76504,35.4022,342.64,0.52,0.5,2026-08-07,11:10:00,N20,nominal,2.0NRT,307.86,6.92,D,VIIRS
47.76087,35.40988,336.84,0.52,0.5,2026-08-07,11:10:00,N20,low,2.0NRT,311.69,6.92,D,VIIRS
47.76132,35.41694,339.79,0.52,0.5,2026-08-07,11:10:00,N20,nominal,2.0NRT,307.62,6.79,D,VIIRS
47.80451,36.12942,337.55,0.57,0.52,2026-08-07,11:10:00,N20,nominal,2.0NRT,305.64,13.65,D,VIIRS
47.80495,36.13712,341.9,0.57,0.52,2026-08-07,11:10:00,N20,nominal,2.0NRT,303.5,10.41,D,VIIRS
47.8345,36.67376,348.98,0.6,0.53,2026-08-07,11:10:00,N20,nominal,2.0NRT,306.28,31.75,D,VIIRS
47.84642,36.90438,347.36,0.62,0.54,2026-08-07,11:10:00,N20,nominal,2.0NRT,304.12,10.26,D,VIIRS
47.84684,36.91264,333.81,0.62,0.54,2026-08-07,11:10:00,N20,low,2.0NRT,304.03,10.26,D,VIIRS
47.71464,34.78341,346.52,0.49,0.49,2026-08-07,11:10:00,N20,nominal,2.0NRT,304.48,9.33,D,VIIRS
47.74146,35.18154,351.29,0.51,0.49,2026-08-07,11:10:00,N20,nominal,2.0NRT,302.56,16.11,D,VIIRS
47.76924,35.61769,353.26,0.54,0.51,2026-08-07,11:10:00,N20,nominal,2.0NRT,309.13,16.27,D,VIIRS
47.76967,35.62476,349.72,0.54,0.51,2026-08-07,11:10:00,N20,nominal,2.0NRT,309.82,16.27,D,VIIRS
47.77011,35.63189,341.41,0.54,0.51,2026-08-07,11:10:00,N20,nominal,2.0NRT,307.42,4.58,D,VIIRS
47.78653,35.90354,332.44,0.55,0.51,2026-08-07,11:10:00,N20,low,2.0NRT,305.58,6.98,D,VIIRS
47.73645,35.17534,341.77,0.51,0.49,2026-08-07,11:10:00,N20,nominal,2.0NRT,302.94,27.48,D,VIIRS
47.7369,35.1822,330.67,0.51,0.49,2026-08-07,11:10:00,N20,low,2.0NRT,304.01,16.11,D,VIIRS
47.73188,35.17599,339.14,0.51,0.49,2026-08-07,11:10:00,N20,nominal,2.0NRT,305.57,16.6,D,VIIRS
47.73233,35.18289,344.79,0.51,0.49,2026-08-07,11:10:00,N20,nominal,2.0NRT,295.66,26.26,D,VIIRS
47.77224,35.82306,345.56,0.55,0.51,2026-08-07,11:10:00,N20,nominal,2.0NRT,305.35,9.1,D,VIIRS
47.8189,36.65898,343.46,0.6,0.53,2026-08-07,11:10:00,N20,nominal,2.0NRT,305.19,4.26,D,VIIRS
47.81933,36.66718,333.54,0.6,0.53,2026-08-07,11:10:00,N20,low,2.0NRT,305.36,4.26,D,VIIRS
47.72732,35.17663,355.59,0.51,0.49,2026-08-07,11:10:00,N20,nominal,2.0NRT,309.74,16.6,D,VIIRS
47.80934,36.57055,343.96,0.59,0.53,2026-08-07,11:10:00,N20,nominal,2.0NRT,304.75,11.58,D,VIIRS
47.80976,36.57858,367,0.59,0.53,2026-08-07,11:10:00,N20,high,2.0NRT,305.2,15.76,D,VIIRS
47.7232,35.18419,348.78,0.51,0.49,2026-08-07,11:10:00,N20,nominal,2.0NRT,321.1,110.9,D,VIIRS
47.79348,36.36559,331.69,0.58,0.52,2026-08-07,11:10:00,N20,nominal,2.0NRT,305.08,3.57,D,VIIRS
47.80445,36.57106,341.36,0.59,0.53,2026-08-07,11:10:00,N20,nominal,2.0NRT,306.65,11.12,D,VIIRS
47.80487,36.57911,334.98,0.59,0.53,2026-08-07,11:10:00,N20,nominal,2.0NRT,305.92,8.55,D,VIIRS
47.82445,36.9655,341.84,0.62,0.54,2026-08-07,11:10:00,N20,nominal,2.0NRT,302.9,11.15,D,VIIRS
47.82486,36.97384,354.08,0.62,0.54,2026-08-07,11:10:00,N20,nominal,2.0NRT,303.43,12.17,D,VIIRS
47.82527,36.98219,333.1,0.62,0.54,2026-08-07,11:10:00,N20,nominal,2.0NRT,299.79,12.17,D,VIIRS
47.8004,36.58773,331.12,0.6,0.53,2026-08-07,11:10:00,N20,low,2.0NRT,303.27,8.55,D,VIIRS
47.82069,36.99107,355.3,0.62,0.54,2026-08-07,11:10:00,N20,nominal,2.0NRT,296.12,8.45,D,VIIRS
47.71317,35.17169,341.09,0.51,0.49,2026-08-07,11:10:00,N20,nominal,2.0NRT,304.2,12.58,D,VIIRS
47.71362,35.17862,337.25,0.51,0.49,2026-08-07,11:10:00,N20,nominal,2.0NRT,304.42,12.58,D,VIIRS
47.70372,35.09652,355.46,0.51,0.49,2026-08-07,11:10:00,N20,nominal,2.0NRT,306.09,11.94,D,VIIRS
47.70417,35.10337,340.54,0.51,0.49,2026-08-07,11:10:00,N20,nominal,2.0NRT,306.58,9.78,D,VIIRS
47.70729,35.15176,343.74,0.51,0.49,2026-08-07,11:10:00,N20,nominal,2.0NRT,307.8,18.89,D,VIIRS
47.70906,35.17928,353.92,0.51,0.49,2026-08-07,11:10:00,N20,nominal,2.0NRT,311.85,12.58,D,VIIRS
47.7095,35.18617,334.11,0.51,0.49,2026-08-07,11:10:00,N20,low,2.0NRT,306.36,13.31,D,VIIRS
47.74052,35.68785,344.26,0.54,0.51,2026-08-07,11:10:00,N20,nominal,2.0NRT,304.75,9.12,D,VIIRS
47.70273,35.15238,346.32,0.51,0.49,2026-08-07,11:10:00,N20,nominal,2.0NRT,304.66,14.95,D,VIIRS
47.7354,35.68119,332.44,0.54,0.51,2026-08-07,11:10:00,N20,low,2.0NRT,306.41,2.25,D,VIIRS
47.75636,36.04353,341.63,0.56,0.52,2026-08-07,11:10:00,N20,nominal,2.0NRT,308.19,5.86,D,VIIRS
47.71865,35.1869,334.29,0.51,0.49,2026-08-07,11:10:00,N20,low,2.0NRT,309.01,10.93,D,VIIRS
47.79497,36.3667,331.34,0.58,0.52,2026-08-07,11:10:00,N20,nominal,2.0NRT,304.6,3.75,D,VIIRS
47.80701,36.57192,351.68,0.59,0.53,2026-08-07,11:10:00,N20,nominal,2.0NRT,306.85,10.12,D,VIIRS
47.80748,36.57994,349.5,0.59,0.53,2026-08-07,11:10:00,N20,nominal,2.0NRT,305.35,10.12,D,VIIRS
47.71313,35.17375,344.91,0.51,0.49,2026-08-07,11:10:00,N20,nominal,2.0NRT,305.13,11.42,D,VIIRS
47.80259,36.58047,334.86,0.59,0.53,2026-08-07,11:10:00,N20,low,2.0NRT,306.2,10.12,D,VIIRS
47.82415,36.96642,343.08,0.62,0.54,2026-08-07,11:10:00,N20,nominal,2.0NRT,303.86,11.36,D,VIIRS
47.8246,36.97474,353.35,0.62,0.54,2026-08-07,11:10:00,N20,nominal,2.0NRT,305.46,11.36,D,VIIRS
47.7028,35.09187,332.95,0.51,0.49,2026-08-07,11:10:00,N20,low,2.0NRT,303.04,2.62,D,VIIRS
47.70328,35.09868,352.68,0.51,0.49,2026-08-07,11:10:00,N20,nominal,2.0NRT,306.64,16.4,D,VIIRS
47.70713,35.15382,341.7,0.51,0.49,2026-08-07,11:10:00,N20,nominal,2.0NRT,303.52,9.33,D,VIIRS
47.70857,35.17442,340.51,0.51,0.49,2026-08-07,11:10:00,N20,nominal,2.0NRT,303.48,8.88,D,VIIRS
47.70905,35.18132,355.74,0.51,0.49,2026-08-07,11:10:00,N20,nominal,2.0NRT,313.01,24.56,D,VIIRS
47.71,35.19504,340.69,0.51,0.49,2026-08-07,11:10:00,N20,nominal,2.0NRT,307.23,15.9,D,VIIRS
47.7977,36.58105,332.07,0.59,0.53,2026-08-07,11:10:00,N20,low,2.0NRT,305.62,4.67,D,VIIRS
47.82052,36.99193,355.77,0.62,0.54,2026-08-07,11:10:00,N20,nominal,2.0NRT,300.58,15.85,D,VIIRS
47.7021,35.14763,342.02,0.51,0.49,2026-08-07,11:10:00,N20,nominal,2.0NRT,305.39,13.48,D,VIIRS
47.70257,35.15444,340.67,0.51,0.49,2026-08-07,11:10:00,N20,nominal,2.0NRT,304.77,9.33,D,VIIRS
47.7385,35.68991,341.4,0.54,0.51,2026-08-07,11:10:00,N20,nominal,2.0NRT,303.3,5.94,D,VIIRS
47.68227,34.93073,334.12,0.5,0.49,2026-08-07,11:10:00,N20,low,2.0NRT,308.56,2.43,D,VIIRS
47.73335,35.68322,332.01,0.54,0.51,2026-08-07,11:10:00,N20,low,2.0NRT,303.09,2.11,D,VIIRS
47.75615,36.04499,342.35,0.56,0.52,2026-08-07,11:10:00,N20,nominal,2.0NRT,308.27,6.97,D,VIIRS
47.69299,35.14891,349.7,0.51,0.49,2026-08-07,11:10:00,N20,nominal,2.0NRT,304.67,14.6,D,VIIRS
47.73368,35.83711,338.05,0.55,0.51,2026-08-07,11:10:00,N20,nominal,2.0NRT,303.96,7.35,D,VIIRS
47.68293,35.13651,332.98,0.51,0.49,2026-08-07,11:10:00,N20,low,2.0NRT,306.6,2.35,D,VIIRS
47.72897,35.83771,346.1,0.55,0.51,2026-08-07,11:10:00,N20,nominal,2.0NRT,304.79,7.35,D,VIIRS
47.72943,35.84502,349.55,0.55,0.51,2026-08-07,11:10:00,N20,nominal,2.0NRT,304.96,7.35,D,VIIRS
47.65862,34.85385,353.22,0.49,0.49,2026-08-07,11:10:00,N20,nominal,2.0NRT,308.03,23.58,D,VIIRS
47.65459,34.86105,339.22,0.49,0.49,2026-08-07,11:10:00,N20,nominal,2.0NRT,305.84,3.96,D,VIIRS
47.73325,36.063,334.73,0.56,0.52,2026-08-07,11:10:00,N20,low,2.0NRT,305.4,4.85,D,VIIRS
47.73371,36.07056,330.77,0.56,0.52,2026-08-07,11:10:00,N20,low,2.0NRT,305.4,4.85,D,VIIRS
47.67207,35.2483,334.68,0.51,0.5,2026-08-07,11:10:00,N20,low,2.0NRT,305.25,5.28,D,VIIRS
47.75682,36.64266,333.37,0.6,0.53,2026-08-07,11:10:00,N20,low,2.0NRT,308.07,2.65,D,VIIRS
47.75726,36.65072,334.55,0.6,0.53,2026-08-07,11:10:00,N20,nominal,2.0NRT,303.77,2.65,D,VIIRS
47.75191,36.64312,343.71,0.6,0.53,2026-08-07,11:10:00,N20,nominal,2.0NRT,307.99,7.61,D,VIIRS
47.75235,36.65116,337.69,0.6,0.53,2026-08-07,11:10:00,N20,nominal,2.0NRT,306.11,7.61,D,VIIRS
47.78338,37.35517,345.62,0.32,0.55,2026-08-07,11:10:00,N20,nominal,2.0NRT,305.86,8.77,D,VIIRS
47.78359,37.35957,367,0.32,0.55,2026-08-07,11:10:00,N20,high,2.0NRT,307.09,8.77,D,VIIRS
47.77851,37.35986,340.98,0.32,0.55,2026-08-07,11:10:00,N20,nominal,2.0NRT,303.51,7.43,D,VIIRS
47.77809,37.35106,367,0.32,0.55,2026-08-07,11:10:00,N20,high,2.0NRT,307.36,6.26,D,VIIRS
47.7783,37.35546,367,0.32,0.55,2026-08-07,11:10:00,N20,high,2.0NRT,307.59,7.43,D,VIIRS
47.77301,37.35144,335.65,0.32,0.55,2026-08-07,11:10:00,N20,nominal,2.0NRT,304.27,6.26,D,VIIRS
47.67991,35.73426,346.95,0.54,0.51,2026-08-07,11:10:00,N20,nominal,2.0NRT,301.43,21.12,D,VIIRS
47.76327,37.36113,367,0.32,0.55,2026-08-07,11:10:00,N20,high,2.0NRT,304.84,12.76,D,VIIRS
47.76348,37.3655,367,0.32,0.55,2026-08-07,11:10:00,N20,high,2.0NRT,306.4,14.61,D,VIIRS
47.76368,37.36986,367,0.32,0.55,2026-08-07,11:10:00,N20,high,2.0NRT,303.59,14.61,D,VIIRS
47.67937,35.88178,340.65,0.55,0.51,2026-08-07,11:10:00,N20,nominal,2.0NRT,305.78,7.02,D,VIIRS
47.75861,37.37041,367,0.32,0.55,2026-08-07,11:10:00,N20,high,2.0NRT,303.01,5.93,D,VIIRS
47.62016,35.0222,341.56,0.5,0.49,2026-08-07,11:10:00,N20,nominal,2.0NRT,304.4,6.94,D,VIIRS
47.66142,35.66378,338.95,0.54,0.51,2026-08-07,11:10:00,N20,nominal,2.0NRT,303.43,16.84,D,VIIRS
47.66186,35.671,354.9,0.54,0.51,2026-08-07,11:10:00,N20,nominal,2.0NRT,309.29,47.15,D,VIIRS
47.7466,37.22385,332.11,0.32,0.54,2026-08-07,11:10:00,N20,low,2.0NRT,303.25,4.1,D,VIIRS
47.74763,37.24543,337.71,0.32,0.55,2026-08-07,11:10:00,N20,nominal,2.0NRT,300.38,3.9,D,VIIRS
47.75496,37.40168,351.44,0.32,0.55,2026-08-07,11:10:00,N20,nominal,2.0NRT,300.48,4.24,D,VIIRS
47.64825,35.52692,333.67,0.53,0.5,2026-08-07,11:10:00,N20,low,2.0NRT,307.65,5.48,D,VIIRS
47.65675,35.66436,338.84,0.54,0.51,2026-08-07,11:10:00,N20,nominal,2.0NRT,305.77,14.43,D,VIIRS
47.65719,35.6716,345.29,0.54,0.51,2026-08-07,11:10:00,N20,nominal,2.0NRT,306.53,10.68,D,VIIRS
47.69515,36.32261,354.88,0.58,0.52,2026-08-07,11:10:00,N20,nominal,2.0NRT,304.66,12.27,D,VIIRS
47.59528,34.78992,350.91,0.49,0.48,2026-08-07,11:10:00,N20,nominal,2.0NRT,312.54,13.7,D,VIIRS
47.59573,34.79644,336.92,0.49,0.49,2026-08-07,11:10:00,N20,low,2.0NRT,309.71,13.7,D,VIIRS
47.60744,34.96878,336.28,0.5,0.49,2026-08-07,11:10:00,N20,nominal,2.0NRT,303.53,4.85,D,VIIRS
47.61065,35.01671,330.82,0.5,0.49,2026-08-07,11:10:00,N20,low,2.0NRT,304.08,3.05,D,VIIRS
47.65251,35.67216,345.94,0.54,0.51,2026-08-07,11:10:00,N20,nominal,2.0NRT,306.83,10.68,D,VIIRS
45.38672,34.62994,340.98,0.46,0.47,2026-08-07,11:10:00,N20,nominal,2.0NRT,305.06,4.86,D,VIIRS
45.38239,34.63061,349.14,0.46,0.47,2026-08-07,11:10:00,N20,nominal,2.0NRT,306.25,4.46,D,VIIRS
45.37806,34.63129,334.55,0.46,0.47,2026-08-07,11:10:00,N20,low,2.0NRT,305.91,4.46,D,VIIRS
45.2818,36.3177,335.77,0.55,0.51,2026-08-07,11:10:00,N20,nominal,2.0NRT,302.03,3.02,D,VIIRS
45.61058,29.27715,338,0.43,0.38,2026-08-07,11:10:00,N20,low,2.0NRT,310.61,2.75,D,VIIRS
45.6099,29.27172,336.79,0.43,0.38,2026-08-07,11:10:00,N20,low,2.0NRT,310.7,2.75,D,VIIRS
45.64824,29.49355,334.83,0.43,0.38,2026-08-07,11:10:00,N20,low,2.0NRT,309.44,2.9,D,VIIRS
45.61957,29.26367,336.98,0.43,0.38,2026-08-07,11:10:00,N20,low,2.0NRT,310.59,3.15,D,VIIRS
45.70186,29.6043,340.62,0.44,0.38,2026-08-07,11:10:00,N20,low,2.0NRT,311.2,58.42,D,VIIRS
45.70118,29.59871,348.22,0.44,0.38,2026-08-07,11:10:00,N20,nominal,2.0NRT,316.59,42.76,D,VIIRS
45.75195,29.81184,340.5,0.44,0.39,2026-08-07,11:10:00,N20,low,2.0NRT,310.6,3.9,D,VIIRS
45.75547,29.81097,338.27,0.44,0.39,2026-08-07,11:10:00,N20,low,2.0NRT,309,3.9,D,VIIRS
45.73935,29.41222,334.61,0.43,0.38,2026-08-07,11:10:00,N20,low,2.0NRT,307.92,8.09,D,VIIRS
46.17684,33.51551,337.36,0.41,0.45,2026-08-07,11:10:00,N20,nominal,2.0NRT,306.44,2.73,D,VIIRS
46.15827,33.12302,339.88,0.4,0.44,2026-08-07,11:10:00,N20,nominal,2.0NRT,305.55,1.8,D,VIIRS
45.77096,29.25486,335.26,0.43,0.38,2026-08-07,11:10:00,N20,low,2.0NRT,309.94,5.49,D,VIIRS
46.26333,34.0374,339.76,0.44,0.46,2026-08-07,11:10:00,N20,nominal,2.0NRT,309.3,4.17,D,VIIRS
46.35934,35.13966,367,0.49,0.49,2026-08-07,11:10:00,N20,high,2.0NRT,309.68,17.45,D,VIIRS
46.35979,35.14607,353.46,0.49,0.49,2026-08-07,11:10:00,N20,nominal,2.0NRT,308.23,12.74,D,VIIRS
46.25179,33.73773,335.93,0.42,0.45,2026-08-07,11:10:00,N20,low,2.0NRT,308.26,2.8,D,VIIRS
45.74555,28.88271,341.62,0.42,0.37,2026-08-07,11:10:00,N20,nominal,2.0NRT,309.14,3.45,D,VIIRS
46.34122,34.76498,340.36,0.47,0.48,2026-08-07,11:10:00,N20,nominal,2.0NRT,307.52,3.71,D,VIIRS
46.34563,34.76432,333.48,0.47,0.48,2026-08-07,11:10:00,N20,low,2.0NRT,307.36,2,D,VIIRS
46.14342,32.26229,348.15,0.55,0.42,2026-08-07,11:10:00,N20,nominal,2.0NRT,310.79,24.45,D,VIIRS
46.14732,32.26152,342.6,0.55,0.42,2026-08-07,11:10:00,N20,nominal,2.0NRT,309.24,19.96,D,VIIRS
46.27089,33.37139,334.61,0.41,0.45,2026-08-07,11:10:00,N20,low,2.0NRT,307.34,1.44,D,VIIRS
46.27042,33.36609,333.24,0.41,0.45,2026-08-07,11:10:00,N20,low,2.0NRT,308.19,3.32,D,VIIRS
46.26995,33.36076,336.83,0.41,0.45,2026-08-07,11:10:00,N20,low,2.0NRT,309.19,3.32,D,VIIRS
46.31519,33.834,340.58,0.43,0.46,2026-08-07,11:10:00,N20,nominal,2.0NRT,309.36,6.66,D,VIIRS
46.27501,33.37065,335.43,0.41,0.45,2026-08-07,11:10:00,N20,low,2.0NRT,307.12,1.47,D,VIIRS
46.3194,33.83329,367,0.43,0.46,2026-08-07,11:10:00,N20,high,2.0NRT,310.96,6.66,D,VIIRS
46.31797,33.81653,354.61,0.43,0.46,2026-08-07,11:10:00,N20,nominal,2.0NRT,311.9,11.7,D,VIIRS
46.32361,33.83259,349.7,0.43,0.46,2026-08-07,11:10:00,N20,nominal,2.0NRT,310.71,7.24,D,VIIRS
46.24868,32.80103,334.42,0.39,0.44,2026-08-07,11:10:00,N20,low,2.0NRT,307.3,4.92,D,VIIRS
45.86929,29.03152,343.64,0.42,0.38,2026-08-07,11:10:00,N20,nominal,2.0NRT,305.59,9.67,D,VIIRS
45.91922,29.26058,367,0.43,0.38,2026-08-07,11:10:00,N20,high,2.0NRT,312.32,6.2,D,VIIRS
45.9199,29.26607,343.84,0.43,0.38,2026-08-07,11:10:00,N20,nominal,2.0NRT,309.36,6.2,D,VIIRS
45.92336,29.26518,335.93,0.43,0.38,2026-08-07,11:10:00,N20,nominal,2.0NRT,307.07,4.09,D,VIIRS
46.01462,29.8675,337.38,0.45,0.39,2026-08-07,11:10:00,N20,low,2.0NRT,310.42,1.65,D,VIIRS
45.95061,28.92996,343.09,0.42,0.38,2026-08-07,11:10:00,N20,nominal,2.0NRT,311.33,5.63,D,VIIRS
46.54459,34.94786,350.91,0.48,0.48,2026-08-07,11:10:00,N20,nominal,2.0NRT,311.05,8.52,D,VIIRS
46.56715,35.20628,334.1,0.5,0.49,2026-08-07,11:10:00,N20,low,2.0NRT,305.1,1.67,D,VIIRS
46.55221,34.99195,337.25,0.49,0.48,2026-08-07,11:10:00,N20,low,2.0NRT,308.25,3.5,D,VIIRS
46.54859,34.94081,333.84,0.48,0.48,2026-08-07,11:10:00,N20,low,2.0NRT,308.12,3.59,D,VIIRS
46.34086,32.42028,337.39,0.56,0.43,2026-08-07,11:10:00,N20,low,2.0NRT,309.8,2.32,D,VIIRS
46.55932,34.96502,367,0.49,0.48,2026-08-07,11:10:00,N20,high,2.0NRT,309.27,16.4,D,VIIRS
46.55978,34.97142,347.4,0.49,0.48,2026-08-07,11:10:00,N20,nominal,2.0NRT,307.73,10.67,D,VIIRS
46.56561,34.98998,334.24,0.49,0.48,2026-08-07,11:10:00,N20,low,2.0NRT,308.42,2.64,D,VIIRS
46.5647,34.97716,339.77,0.49,0.48,2026-08-07,11:10:00,N20,nominal,2.0NRT,307.29,6.74,D,VIIRS
46.56424,34.97076,344.66,0.49,0.48,2026-08-07,11:10:00,N20,nominal,2.0NRT,308.2,6.74,D,VIIRS
46.56378,34.96436,340.47,0.49,0.48,2026-08-07,11:10:00,N20,nominal,2.0NRT,307.9,4.79,D,VIIRS
46.54638,34.72472,348.78,0.47,0.48,2026-08-07,11:10:00,N20,nominal,2.0NRT,308.53,10.34,D,VIIRS
46.55079,34.72405,342.92,0.47,0.48,2026-08-07,11:10:00,N20,nominal,2.0NRT,308.17,10.34,D,VIIRS
46.35918,32.40191,350.77,0.56,0.43,2026-08-07,11:10:00,N20,nominal,2.0NRT,311.36,18.67,D,VIIRS
46.35849,32.39465,355.03,0.56,0.43,2026-08-07,11:10:00,N20,nominal,2.0NRT,313.42,31.89,D,VIIRS
46.34404,32.24339,336.4,0.55,0.43,2026-08-07,11:10:00,N20,low,2.0NRT,307.37,5.94,D,VIIRS
46.56007,34.72894,348.33,0.47,0.48,2026-08-07,11:10:00,N20,nominal,2.0NRT,309.86,4.91,D,VIIRS
46.36311,32.40114,349.44,0.56,0.43,2026-08-07,11:10:00,N20,nominal,2.0NRT,313.06,18.67,D,VIIRS
46.34794,32.24262,348.64,0.55,0.43,2026-08-07,11:10:00,N20,nominal,2.0NRT,312.33,5.94,D,VIIRS
46.36774,32.40764,336.11,0.56,0.43,2026-08-07,11:10:00,N20,nominal,2.0NRT,307.33,3.64,D,VIIRS
46.36705,32.40038,339,0.56,0.43,2026-08-07,11:10:00,N20,low,2.0NRT,311.72,3.64,D,VIIRS
46.35185,32.24184,348.47,0.55,0.43,2026-08-07,11:10:00,N20,nominal,2.0NRT,312.08,7.34,D,VIIRS
46.35575,32.24107,339.44,0.55,0.43,2026-08-07,11:10:00,N20,low,2.0NRT,312.45,7.34,D,VIIRS
46.69188,36.10272,351.09,0.55,0.51,2026-08-07,11:10:00,N20,nominal,2.0NRT,313.52,33.22,D,VIIRS
46.69141,36.09544,341.29,0.55,0.51,2026-08-07,11:10:00,N20,nominal,2.0NRT,309.07,33.22,D,VIIRS
46.70313,36.20461,367,0.56,0.51,2026-08-07,11:10:00,N20,high,2.0NRT,309.22,17.3,D,VIIRS
46.70835,36.2114,334.57,0.56,0.51,2026-08-07,11:10:00,N20,nominal,2.0NRT,308.4,6.36,D,VIIRS
46.40669,32.43716,337.72,0.56,0.43,2026-08-07,11:10:00,N20,low,2.0NRT,311.07,4.27,D,VIIRS
46.41063,32.43641,339.8,0.56,0.43,2026-08-07,11:10:00,N20,low,2.0NRT,312.94,11.04,D,VIIRS
46.70592,35.88348,342.48,0.54,0.51,2026-08-07,11:10:00,N20,nominal,2.0NRT,306.86,15.39,D,VIIRS
46.70545,35.87638,355.58,0.54,0.51,2026-08-07,11:10:00,N20,nominal,2.0NRT,311.6,15.39,D,VIIRS
46.70498,35.86933,338.38,0.54,0.51,2026-08-07,11:10:00,N20,nominal,2.0NRT,306.42,4.93,D,VIIRS
46.70364,36.20307,367,0.56,0.51,2026-08-07,11:10:00,N20,high,2.0NRT,309.75,8.85,D,VIIRS
46.70882,36.20985,334.11,0.56,0.51,2026-08-07,11:10:00,N20,nominal,2.0NRT,308.8,8.85,D,VIIRS
46.70298,35.87492,346.34,0.54,0.51,2026-08-07,11:10:00,N20,nominal,2.0NRT,307.43,7.83,D,VIIRS
46.42809,32.3356,340.16,0.56,0.43,2026-08-07,11:10:00,N20,low,2.0NRT,313.12,14.7,D,VIIRS
46.6788,35.42379,367,0.51,0.49,2026-08-07,11:10:00,N20,high,2.0NRT,311.74,25.25,D,VIIRS
46.70809,35.88138,348.41,0.54,0.51,2026-08-07,11:10:00,N20,nominal,2.0NRT,307.46,12.81,D,VIIRS
46.70765,35.87431,350.98,0.54,0.51,2026-08-07,11:10:00,N20,nominal,2.0NRT,309.97,7.83,D,VIIRS
46.70721,35.86724,331.15,0.54,0.51,2026-08-07,11:10:00,N20,low,2.0NRT,305.64,7.83,D,VIIRS
46.67836,35.41705,351.89,0.51,0.49,2026-08-07,11:10:00,N20,nominal,2.0NRT,316.13,52.73,D,VIIRS
46.43066,32.32035,351.2,0.55,0.43,2026-08-07,11:10:00,N20,nominal,2.0NRT,318.33,59.16,D,VIIRS
46.71276,35.88075,335.19,0.54,0.51,2026-08-07,11:10:00,N20,low,2.0NRT,308.57,4.33,D,VIIRS
46.68337,35.42313,356.07,0.51,0.49,2026-08-07,11:10:00,N20,nominal,2.0NRT,308.67,13.32,D,VIIRS
46.68292,35.41637,355.48,0.51,0.49,2026-08-07,11:10:00,N20,nominal,2.0NRT,312.13,23.72,D,VIIRS
46.66631,35.1699,340.63,0.5,0.49,2026-08-07,11:10:00,N20,nominal,2.0NRT,309.45,6.31,D,VIIRS
46.66586,35.16336,347.46,0.5,0.49,2026-08-07,11:10:00,N20,nominal,2.0NRT,310.72,6.6,D,VIIRS
46.43459,32.31958,355.74,0.55,0.43,2026-08-07,11:10:00,N20,nominal,2.0NRT,315.22,27.97,D,VIIRS
46.44518,32.34702,345.59,0.56,0.43,2026-08-07,11:10:00,N20,low,2.0NRT,317.32,37.12,D,VIIRS
46.7532,36.15226,337.95,0.55,0.51,2026-08-07,11:10:00,N20,low,2.0NRT,308.65,5.21,D,VIIRS
46.72799,35.75024,333.61,0.53,0.5,2026-08-07,11:10:00,N20,low,2.0NRT,308.17,2.96,D,VIIRS
46.73264,35.74961,344.5,0.53,0.5,2026-08-07,11:10:00,N20,nominal,2.0NRT,308.74,6.64,D,VIIRS
46.76381,36.09203,367,0.55,0.51,2026-08-07,11:10:00,N20,high,2.0NRT,312.38,10.89,D,VIIRS
46.76698,36.14328,335.66,0.55,0.51,2026-08-07,11:10:00,N20,low,2.0NRT,306.55,1.16,D,VIIRS
46.76426,36.09939,342.64,0.55,0.51,2026-08-07,11:10:00,N20,nominal,2.0NRT,308.55,10.89,D,VIIRS
46.80283,36.66435,332.68,0.59,0.53,2026-08-07,11:10:00,N20,low,2.0NRT,305.34,2.23,D,VIIRS
46.72818,35.47159,354.48,0.51,0.5,2026-08-07,11:10:00,N20,nominal,2.0NRT,311.91,11.88,D,VIIRS
46.72773,35.46482,351.19,0.51,0.5,2026-08-07,11:10:00,N20,nominal,2.0NRT,311.8,6.34,D,VIIRS
46.70432,34.69814,336.99,0.47,0.48,2026-08-07,11:10:00,N20,low,2.0NRT,311.71,4.09,D,VIIRS
46.78327,35.73574,334.66,0.53,0.5,2026-08-07,11:10:00,N20,low,2.0NRT,308.01,5.15,D,VIIRS
46.78279,35.72875,352.7,0.53,0.5,2026-08-07,11:10:00,N20,nominal,2.0NRT,310.19,5.15,D,VIIRS
46.70872,34.69747,339.98,0.47,0.48,2026-08-07,11:10:00,N20,low,2.0NRT,312.38,4.09,D,VIIRS
46.86553,36.98512,331.72,0.61,0.53,2026-08-07,11:10:00,N20,low,2.0NRT,306.24,4.82,D,VIIRS
46.84352,36.52708,341.16,0.58,0.52,2026-08-07,11:10:00,N20,nominal,2.0NRT,306.38,5.94,D,VIIRS
46.53889,32.61393,340.84,0.57,0.43,2026-08-07,11:10:00,N20,low,2.0NRT,313.25,11.94,D,VIIRS
46.8582,36.68949,345.66,0.59,0.53,2026-08-07,11:10:00,N20,nominal,2.0NRT,308.69,10.13,D,VIIRS
46.84836,36.52656,343.41,0.58,0.52,2026-08-07,11:10:00,N20,nominal,2.0NRT,307.65,6.71,D,VIIRS
46.8479,36.51897,335.1,0.58,0.52,2026-08-07,11:10:00,N20,low,2.0NRT,309.21,6.71,D,VIIRS
46.81197,35.95428,344.23,0.54,0.51,2026-08-07,11:10:00,N20,nominal,2.0NRT,309.83,8.25,D,VIIRS
46.86354,36.69675,334.93,0.59,0.53,2026-08-07,11:10:00,N20,low,2.0NRT,306.01,10.13,D,VIIRS
46.8626,36.68113,349.58,0.59,0.53,2026-08-07,11:10:00,N20,nominal,2.0NRT,306.54,13.86,D,VIIRS
46.75913,35.12994,341.41,0.5,0.49,2026-08-07,11:10:00,N20,nominal,2.0NRT,309.97,3.51,D,VIIRS
46.47876,31.84207,335.57,0.53,0.42,2026-08-07,11:10:00,N20,nominal,2.0NRT,308.57,2.92,D,VIIRS
46.47805,31.83516,341.65,0.53,0.42,2026-08-07,11:10:00,N20,nominal,2.0NRT,310.28,2.92,D,VIIRS
46.78088,35.72797,340.1,0.53,0.5,2026-08-07,11:10:00,N20,nominal,2.0NRT,309.15,4.15,D,VIIRS
46.78552,35.72733,337.59,0.53,0.5,2026-08-07,11:10:00,N20,low,2.0NRT,309.77,4.15,D,VIIRS
46.47996,31.84081,345.3,0.53,0.42,2026-08-07,11:10:00,N20,nominal,2.0NRT,311.71,6.14,D,VIIRS
46.47929,31.83389,341.93,0.53,0.42,2026-08-07,11:10:00,N20,nominal,2.0NRT,312.85,5.05,D,VIIRS
46.86651,36.98494,332.4,0.61,0.53,2026-08-07,11:10:00,N20,low,2.0NRT,306.89,2.08,D,VIIRS
46.85585,36.68941,343.17,0.59,0.53,2026-08-07,11:10:00,N20,nominal,2.0NRT,307.22,9.86,D,VIIRS
46.84688,36.5262,342.74,0.58,0.52,2026-08-07,11:10:00,N20,nominal,2.0NRT,307.96,10.8,D,VIIRS
46.84645,36.51859,342.33,0.58,0.52,2026-08-07,11:10:00,N20,nominal,2.0NRT,309.51,10.37,D,VIIRS
46.81351,35.95321,344.24,0.54,0.51,2026-08-07,11:10:00,N20,nominal,2.0NRT,310.62,10.41,D,VIIRS
46.76036,35.12823,343.41,0.5,0.49,2026-08-07,11:10:00,N20,nominal,2.0NRT,310.92,4.6,D,VIIRS
46.86114,36.69662,334.12,0.59,0.53,2026-08-07,11:10:00,N20,nominal,2.0NRT,306.01,3.4,D,VIIRS
46.86072,36.68886,338.33,0.59,0.53,2026-08-07,11:10:00,N20,nominal,2.0NRT,306.88,9.86,D,VIIRS
46.76667,35.1539,334.66,0.5,0.49,2026-08-07,11:10:00,N20,low,2.0NRT,308.75,5.14,D,VIIRS
46.73695,34.72934,352.03,0.48,0.48,2026-08-07,11:10:00,N20,nominal,2.0NRT,312.36,4.95,D,VIIRS
46.7365,34.72307,339.74,0.48,0.48,2026-08-07,11:10:00,N20,low,2.0NRT,310.74,4.95,D,VIIRS
46.49218,31.84536,337.38,0.53,0.42,2026-08-07,11:10:00,N20,low,2.0NRT,312.3,4.97,D,VIIRS
46.4915,31.83843,344.25,0.53,0.42,2026-08-07,11:10:00,N20,nominal,2.0NRT,315.42,4.97,D,VIIRS
46.74137,34.72867,351.24,0.48,0.48,2026-08-07,11:10:00,N20,nominal,2.0NRT,312.6,6.68,D,VIIRS
46.58386,32.78033,344.16,0.39,0.44,2026-08-07,11:10:00,N20,nominal,2.0NRT,314.38,6.71,D,VIIRS
46.74306,34.69042,367,0.47,0.48,2026-08-07,11:10:00,N20,high,2.0NRT,312.43,11.32,D,VIIRS
46.83644,36.09663,332.54,0.55,0.51,2026-08-07,11:10:00,N20,low,2.0NRT,307.25,3.77,D,VIIRS
46.74533,34.72173,345.75,0.48,0.48,2026-08-07,11:10:00,N20,nominal,2.0NRT,310.81,6.68,D,VIIRS
47.77608,33.07486,349.4,0.41,0.45,2026-08-07,11:10:00,N20,nominal,2.0NRT,318.54,21.6,D,VIIRS
46.74352,34.69668,347.81,0.47,0.48,2026-08-07,11:10:00,N20,nominal,2.0NRT,309.78,9.59,D,VIIRS
46.74261,34.68419,344.44,0.47,0.48,2026-08-07,11:10:00,N20,nominal,2.0NRT,310.11,11.32,D,VIIRS
46.84117,36.096,342.07,0.55,0.51,2026-08-07,11:10:00,N20,nominal,2.0NRT,306.89,4.14,D,VIIRS
46.84073,36.08866,339.06,0.55,0.51,2026-08-07,11:10:00,N20,nominal,2.0NRT,307.97,4.14,D,VIIRS
46.81265,35.63913,337.54,0.53,0.5,2026-08-07,11:10:00,N20,low,2.0NRT,309.06,3.2,D,VIIRS
46.86884,36.48478,367,0.58,0.52,2026-08-07,11:10:00,N20,high,2.0NRT,311.14,15.19,D,VIIRS
46.86972,36.50025,341.35,0.58,0.52,2026-08-07,11:10:00,N20,nominal,2.0NRT,305.21,10.81,D,VIIRS
46.86928,36.49248,350.6,0.58,0.52,2026-08-07,11:10:00,N20,nominal,2.0NRT,309.04,10.81,D,VIIRS
46.8684,36.47711,340.3,0.58,0.52,2026-08-07,11:10:00,N20,nominal,2.0NRT,307.9,15.19,D,VIIRS
46.86137,36.3555,333.21,0.57,0.52,2026-08-07,11:10:00,N20,low,2.0NRT,307.93,2.31,D,VIIRS
46.84634,36.10275,335.41,0.55,0.51,2026-08-07,11:10:00,N20,low,2.0NRT,309.47,3.73,D,VIIRS
46.48773,31.64308,354.43,0.52,0.42,2026-08-07,11:10:00,N20,nominal,2.0NRT,321.16,46.56,D,VIIRS
46.48705,31.63629,333.87,0.52,0.42,2026-08-07,11:10:00,N20,low,2.0NRT,307.8,8.04,D,VIIRS
46.87455,36.49961,341.93,0.58,0.52,2026-08-07,11:10:00,N20,nominal,2.0NRT,307.65,8.38,D,VIIRS
46.87322,36.47645,339.35,0.58,0.52,2026-08-07,11:10:00,N20,nominal,2.0NRT,307.56,8.21,D,VIIRS
46.59624,32.73669,348.24,0.39,0.44,2026-08-07,11:10:00,N20,nominal,2.0NRT,314.06,10.54,D,VIIRS
46.49086,31.63549,340.63,0.52,0.42,2026-08-07,11:10:00,N20,low,2.0NRT,313.45,14.14,D,VIIRS
46.85625,36.10878,348.94,0.55,0.51,2026-08-07,11:10:00,N20,nominal,2.0NRT,309.52,12.9,D,VIIRS
46.61959,32.950920000000004,343.4,0.39,0.44,2026-08-07,11:10:00,N20,nominal,2.0NRT,311.3,4.57,D,VIIRS
46.61914,32.94577,338.95,0.39,0.44,2026-08-07,11:10:00,N20,low,2.0NRT,309.36,4.57,D,VIIRS
46.60025,32.73592,354.76,0.39,0.44,2026-08-07,11:10:00,N20,nominal,2.0NRT,316.25,10.54,D,VIIRS
46.80698,35.27552,336.13,0.51,0.49,2026-08-07,11:10:00,N20,low,2.0NRT,308.83,2.97,D,VIIRS
46.79494,35.03737,342.74,0.49,0.49,2026-08-07,11:10:00,N20,nominal,2.0NRT,311.28,6.08,D,VIIRS
46.6341,32.83833,351.65,0.39,0.44,2026-08-07,11:10:00,N20,nominal,2.0NRT,316.06,23.44,D,VIIRS
46.76386,34.32134,339.16,0.46,0.47,2026-08-07,11:10:00,N20,low,2.0NRT,311.45,4.49,D,VIIRS
46.76867,34.32665,337.08,0.46,0.47,2026-08-07,11:10:00,N20,low,2.0NRT,311.47,4.49,D,VIIRS
46.7682,34.32064,353.4,0.46,0.47,2026-08-07,11:10:00,N20,nominal,2.0NRT,312.03,4.49,D,VIIRS
46.76773,34.31462,341.47,0.46,0.47,2026-08-07,11:10:00,N20,nominal,2.0NRT,309.69,5.36,D,VIIRS
46.773,34.32596,348.81,0.46,0.47,2026-08-07,11:10:00,N20,nominal,2.0NRT,312.01,36.87,D,VIIRS
46.77253,34.31995,353.06,0.46,0.47,2026-08-07,11:10:00,N20,nominal,2.0NRT,316.88,36.87,D,VIIRS
46.72245,33.70417,353.95,0.43,0.46,2026-08-07,11:10:00,N20,nominal,2.0NRT,314.62,17.79,D,VIIRS
46.77205,34.31393,367,0.46,0.47,2026-08-07,11:10:00,N20,low,2.0NRT,339.19,182.53,D,VIIRS
46.86433,35.50678,343.79,0.52,0.5,2026-08-07,11:10:00,N20,nominal,2.0NRT,308.85,3.77,D,VIIRS
46.92566,36.30188,348.42,0.57,0.52,2026-08-07,11:10:00,N20,nominal,2.0NRT,307.44,13.55,D,VIIRS
46.68723,33.06038,343.59,0.4,0.44,2026-08-07,11:10:00,N20,low,2.0NRT,314.5,66.62,D,VIIRS
46.6877,33.06564,367,0.4,0.44,2026-08-07,11:10:00,N20,low,2.0NRT,328.99,66.62,D,VIIRS
46.69178,33.06492,339.55,0.4,0.44,2026-08-07,11:10:00,N20,low,2.0NRT,310.58,10.35,D,VIIRS
46.96319,36.59787,338.42,0.59,0.52,2026-08-07,11:10:00,N20,nominal,2.0NRT,306.23,6.63,D,VIIRS
46.94573,36.31441,339.6,0.57,0.52,2026-08-07,11:10:00,N20,nominal,2.0NRT,307.18,4.33,D,VIIRS
46.94525,36.30685,338.57,0.57,0.52,2026-08-07,11:10:00,N20,nominal,2.0NRT,308.06,8.92,D,VIIRS
46.69138,33.06834,343.18,0.4,0.44,2026-08-07,11:10:00,N20,nominal,2.0NRT,308.22,28.86,D,VIIRS
46.69093,33.06306,346.28,0.4,0.44,2026-08-07,11:10:00,N20,nominal,2.0NRT,315.67,28.86,D,VIIRS
46.69047,33.0578,343.99,0.4,0.44,2026-08-07,11:10:00,N20,nominal,2.0NRT,309.61,5.98,D,VIIRS
46.92553,36.30227,351.49,0.57,0.52,2026-08-07,11:10:00,N20,nominal,2.0NRT,307.76,11.86,D,VIIRS
46.6768,32.71411,342.75,0.39,0.44,2026-08-07,11:10:00,N20,nominal,2.0NRT,309.47,8.35,D,VIIRS
46.96147,36.59859,331.35,0.59,0.53,2026-08-07,11:10:00,N20,low,2.0NRT,304.91,2.35,D,VIIRS
46.96104,36.59087,334.26,0.59,0.52,2026-08-07,11:10:00,N20,nominal,2.0NRT,304.86,2.76,D,VIIRS
46.94552,36.31477,335.98,0.57,0.52,2026-08-07,11:10:00,N20,low,2.0NRT,307.07,4.64,D,VIIRS
46.94509,36.30719,338.91,0.57,0.52,2026-08-07,11:10:00,N20,nominal,2.0NRT,308.18,4.64,D,VIIRS
46.95031,36.31413,334.59,0.57,0.52,2026-08-07,11:10:00,N20,low,2.0NRT,309.28,10.09,D,VIIRS
46.99142,36.69786,333.01,0.59,0.53,2026-08-07,11:10:00,N20,low,2.0NRT,306.19,3.79,D,VIIRS
46.92492,35.44979,334.09,0.52,0.5,2026-08-07,11:10:00,N20,nominal,2.0NRT,305.94,3.13,D,VIIRS
46.72569,32.8033,344.2,0.39,0.44,2026-08-07,11:10:00,N20,nominal,2.0NRT,312.03,9.49,D,VIIRS
46.916,35.11816,339.52,0.5,0.49,2026-08-07,11:10:00,N20,low,2.0NRT,309.67,4.07,D,VIIRS
46.91554,35.11161,341.09,0.5,0.49,2026-08-07,11:10:00,N20,nominal,2.0NRT,310.28,3.61,D,VIIRS
46.91865,35.09116,367,0.5,0.49,2026-08-07,11:10:00,N20,high,2.0NRT,311.34,17.38,D,VIIRS
46.93491,35.32452,347.05,0.51,0.49,2026-08-07,11:10:00,N20,nominal,2.0NRT,310,5.33,D,VIIRS
46.93444,35.31774,349.28,0.51,0.49,2026-08-07,11:10:00,N20,nominal,2.0NRT,310.55,5.33,D,VIIRS
46.92097,35.12407,344.2,0.5,0.49,2026-08-07,11:10:00,N20,nominal,2.0NRT,311.68,16.33,D,VIIRS
46.92051,35.11751,353.86,0.5,0.49,2026-08-07,11:10:00,N20,nominal,2.0NRT,312.77,16.33,D,VIIRS
46.92005,35.11092,349.37,0.5,0.49,2026-08-07,11:10:00,N20,nominal,2.0NRT,320.22,28.49,D,VIIRS
46.91958,35.10434,352.25,0.5,0.49,2026-08-07,11:10:00,N20,nominal,2.0NRT,313.39,28.49,D,VIIRS
46.91912,35.09775,354.29,0.5,0.49,2026-08-07,11:10:00,N20,nominal,2.0NRT,315.95,17.38,D,VIIRS
46.91818,35.08458,346.45,0.5,0.49,2026-08-07,11:10:00,N20,nominal,2.0NRT,309.68,46.03,D,VIIRS
46.92409,35.10366,367,0.5,0.49,2026-08-07,11:10:00,N20,high,2.0NRT,312.66,28.49,D,VIIRS
46.92222,35.07732,367,0.5,0.49,2026-08-07,11:10:00,N20,high,2.0NRT,316.39,46.03,D,VIIRS
46.939,35.3171,337.31,0.51,0.49,2026-08-07,11:10:00,N20,low,2.0NRT,309.15,5.33,D,VIIRS
46.93853,35.31033,345.82,0.51,0.49,2026-08-07,11:10:00,N20,nominal,2.0NRT,309.3,4.97,D,VIIRS
46.92455,35.11026,347.25,0.5,0.49,2026-08-07,11:10:00,N20,nominal,2.0NRT,309.79,28.49,D,VIIRS
46.92362,35.09707,352.25,0.5,0.49,2026-08-07,11:10:00,N20,nominal,2.0NRT,317.38,17.38,D,VIIRS
46.92315,35.09047,344.5,0.5,0.49,2026-08-07,11:10:00,N20,nominal,2.0NRT,312.85,17.38,D,VIIRS
46.92269,35.08389,341.08,0.5,0.49,2026-08-07,11:10:00,N20,nominal,2.0NRT,311.23,46.03,D,VIIRS
46.92176,35.07077,307.67,0.5,0.49,2026-08-07,11:10:00,N20,low,2.0NRT,318.32,73.59,D,VIIRS
46.92719,35.08321,367,0.5,0.49,2026-08-07,11:10:00,N20,high,2.0NRT,310.7,32.92,D,VIIRS
46.92672,35.07665,367,0.5,0.49,2026-08-07,11:10:00,N20,high,2.0NRT,313.51,32.92,D,VIIRS
46.92765,35.08978,345.72,0.5,0.49,2026-08-07,11:10:00,N20,nominal,2.0NRT,308.57,7.48,D,VIIRS
46.92625,35.07011,306.74,0.5,0.49,2026-08-07,11:10:00,N20,low,2.0NRT,316.59,45.49,D,VIIRS
47.01729,36.30529,334.53,0.57,0.52,2026-08-07,11:10:00,N20,nominal,2.0NRT,303.84,8.52,D,VIIRS
47.01683,36.29778,356.1,0.57,0.52,2026-08-07,11:10:00,N20,nominal,2.0NRT,308.34,8.52,D,VIIRS
47.02116,36.28962,349.25,0.57,0.52,2026-08-07,11:10:00,N20,nominal,2.0NRT,307.87,12.13,D,VIIRS
47.02069,36.28208,353.23,0.57,0.52,2026-08-07,11:10:00,N20,nominal,2.0NRT,308.3,12.13,D,VIIRS
47.10067,37.62963,367,0.33,0.55,2026-08-07,11:10:00,N20,high,2.0NRT,306.2,4.66,D,VIIRS
47.10089,37.63399,337.39,0.33,0.55,2026-08-07,11:10:00,N20,nominal,2.0NRT,304.57,4.66,D,VIIRS
47.02639,36.29647,349.67,0.57,0.52,2026-08-07,11:10:00,N20,nominal,2.0NRT,307.04,10.06,D,VIIRS
47.02593,36.28895,335.51,0.57,0.52,2026-08-07,11:10:00,N20,low,2.0NRT,307.74,9.81,D,VIIRS
47.03409,36.2651,332.19,0.57,0.52,2026-08-07,11:10:00,N20,low,2.0NRT,303.67,1.87,D,VIIRS
46.75431,32.62712,342.8,0.38,0.43,2026-08-07,11:10:00,N20,nominal,2.0NRT,311.67,3.41,D,VIIRS
46.58506,30.8876,348.78,0.49,0.4,2026-08-07,11:10:00,N20,nominal,2.0NRT,308.09,2.85,D,VIIRS
46.67874,31.73556,338.88,0.53,0.42,2026-08-07,11:10:00,N20,low,2.0NRT,312.13,3.96,D,VIIRS
46.58876,30.88681,352.58,0.49,0.4,2026-08-07,11:10:00,N20,nominal,2.0NRT,313.67,25.53,D,VIIRS
46.68257,31.73476,340.58,0.53,0.42,2026-08-07,11:10:00,N20,low,2.0NRT,314.27,3.96,D,VIIRS
46.58645,30.88581,345.21,0.49,0.4,2026-08-07,11:10:00,N20,nominal,2.0NRT,314.83,24.95,D,VIIRS
47.02594,36.29598,350.39,0.57,0.52,2026-08-07,11:10:00,N20,nominal,2.0NRT,307.24,7.9,D,VIIRS
47.02551,36.28845,336.19,0.57,0.52,2026-08-07,11:10:00,N20,low,2.0NRT,308.1,7.9,D,VIIRS
46.59014,30.88495,347.44,0.49,0.4,2026-08-07,11:10:00,N20,nominal,2.0NRT,309.04,11.64,D,VIIRS
46.68085,31.74117,336.9,0.53,0.42,2026-08-07,11:10:00,N20,low,2.0NRT,310.21,6.53,D,VIIRS
47.03379,36.26456,331.47,0.57,0.52,2026-08-07,11:10:00,N20,low,2.0NRT,303.85,5.04,D,VIIRS
46.79567,32.84994,337.85,0.39,0.44,2026-08-07,11:10:00,N20,low,2.0NRT,311.85,4.93,D,VIIRS
46.69847,31.80136,347.63,0.53,0.42,2026-08-07,11:10:00,N20,nominal,2.0NRT,312.48,10.4,D,VIIRS
46.86454,33.26132,335.57,0.41,0.45,2026-08-07,11:10:00,N20,low,2.0NRT,309.92,2.35,D,VIIRS
46.86408,33.25594,345.29,0.41,0.45,2026-08-07,11:10:00,N20,nominal,2.0NRT,312.29,5.17,D,VIIRS
47.16355,37.71289,338.7,0.33,0.55,2026-08-07,11:10:00,N20,nominal,2.0NRT,304.8,6.04,D,VIIRS
47.16335,37.70862,337.11,0.33,0.55,2026-08-07,11:10:00,N20,nominal,2.0NRT,302.7,2.59,D,VIIRS
46.85085,32.82413,354.07,0.39,0.44,2026-08-07,11:10:00,N20,nominal,2.0NRT,315.44,28.28,D,VIIRS
46.85038,32.81905,353.26,0.39,0.44,2026-08-07,11:10:00,N20,nominal,2.0NRT,310.7,38.59,D,VIIRS
46.84992,32.81387,339.88,0.39,0.44,2026-08-07,11:10:00,N20,nominal,2.0NRT,301.95,38.59,D,VIIRS
47.21002,38.04514,356.13,0.34,0.56,2026-08-07,11:10:00,N20,nominal,2.0NRT,306.3,6.75,D,VIIRS
46.8549,32.82354,344.52,0.39,0.44,2026-08-07,11:10:00,N20,nominal,2.0NRT,313.57,28.28,D,VIIRS
46.85396,32.8132,337.51,0.39,0.44,2026-08-07,11:10:00,N20,nominal,2.0NRT,305.17,38.59,D,VIIRS
47.21545,38.04925,343.97,0.34,0.56,2026-08-07,11:10:00,N20,nominal,2.0NRT,303.41,3.93,D,VIIRS
46.88038,33.01462,341.15,0.4,0.44,2026-08-07,11:10:00,N20,nominal,2.0NRT,309.6,3.35,D,VIIRS
46.87047,32.90455,347.38,0.4,0.44,2026-08-07,11:10:00,N20,nominal,2.0NRT,313.83,4.33,D,VIIRS
46.94375,33.69712,340.12,0.43,0.46,2026-08-07,11:10:00,N20,nominal,2.0NRT,311.93,3.11,D,VIIRS
46.90813,33.28105,349.11,0.41,0.45,2026-08-07,11:10:00,N20,nominal,2.0NRT,313.26,5.36,D,VIIRS
46.90766,33.27563,340.28,0.41,0.45,2026-08-07,11:10:00,N20,low,2.0NRT,312.74,5.36,D,VIIRS
46.88446,33.01385,344.79,0.4,0.44,2026-08-07,11:10:00,N20,nominal,2.0NRT,310.39,3.37,D,VIIRS
47.09066,35.57936,338.85,0.53,0.5,2026-08-07,11:10:00,N20,low,2.0NRT,310.19,8.2,D,VIIRS
47.09019,35.57242,355.63,0.52,0.5,2026-08-07,11:10:00,N20,nominal,2.0NRT,311.02,16.01,D,VIIRS
47.08973,35.56549,355.84,0.52,0.5,2026-08-07,11:10:00,N20,nominal,2.0NRT,311.89,16.01,D,VIIRS
46.91178,33.27489,353.98,0.41,0.45,2026-08-07,11:10:00,N20,nominal,2.0NRT,309.33,5.36,D,VIIRS
46.90656,33.21556,347.08,0.41,0.45,2026-08-07,11:10:00,N20,nominal,2.0NRT,312.67,5.45,D,VIIRS
46.90514,33.19936,338.34,0.41,0.45,2026-08-07,11:10:00,N20,low,2.0NRT,310.57,2.5,D,VIIRS
46.88853,33.0131,337.19,0.4,0.44,2026-08-07,11:10:00,N20,low,2.0NRT,307.86,3.37,D,VIIRS
47.20579,37.42612,367,0.32,0.55,2026-08-07,11:10:00,N20,high,2.0NRT,303.44,85.17,D,VIIRS
47.20557,37.42177,367,0.32,0.55,2026-08-07,11:10:00,N20,high,2.0NRT,342.23,165.71,D,VIIRS
47.20512,37.41322,330.65,0.32,0.55,2026-08-07,11:10:00,N20,low,2.0NRT,302.9,35.22,D,VIIRS
46.87508,32.81966,342.32,0.39,0.44,2026-08-07,11:10:00,N20,nominal,2.0NRT,309.19,2.33,D,VIIRS
46.87459,32.81435,356.73,0.39,0.44,2026-08-07,11:10:00,N20,nominal,2.0NRT,314.96,5.52,D,VIIRS
46.8741,32.8091,347.75,0.39,0.44,2026-08-07,11:10:00,N20,nominal,2.0NRT,314.16,5.52,D,VIIRS
47.20534,37.41748,367,0.32,0.55,2026-08-07,11:10:00,N20,low,2.0NRT,333.15,165.71,D,VIIRS
46.87814,32.8083,340.57,0.39,0.44,2026-08-07,11:10:00,N20,low,2.0NRT,310.69,5.52,D,VIIRS
46.83551,32.31355,341.39,0.56,0.43,2026-08-07,11:10:00,N20,low,2.0NRT,314.04,7.14,D,VIIRS
46.83479,32.3062,348.97,0.56,0.43,2026-08-07,11:10:00,N20,nominal,2.0NRT,314.42,7.14,D,VIIRS
47.07698,35.12026,342.74,0.5,0.49,2026-08-07,11:10:00,N20,nominal,2.0NRT,311.77,3.82,D,VIIRS
46.76423,31.48608,343.19,0.52,0.41,2026-08-07,11:10:00,N20,nominal,2.0NRT,313.8,22.03,D,VIIRS
46.83432,32.314,339.63,0.56,0.43,2026-08-07,11:10:00,N20,low,2.0NRT,313.62,6.4,D,VIIRS
46.83365,32.30663,346.95,0.56,0.43,2026-08-07,11:10:00,N20,nominal,2.0NRT,313.62,9.89,D,VIIRS
47.08899,35.57252,349.94,0.53,0.5,2026-08-07,11:10:00,N20,nominal,2.0NRT,310.8,18.17,D,VIIRS
47.09319,35.56496,355.18,0.52,0.5,2026-08-07,11:10:00,N20,nominal,2.0NRT,310.68,21.06,D,VIIRS
46.90668,32.99174,352.72,0.4,0.44,2026-08-07,11:10:00,N20,nominal,2.0NRT,314.28,7.79,D,VIIRS
46.8836,32.72674,338.82,0.39,0.44,2026-08-07,11:10:00,N20,low,2.0NRT,311.06,2.58,D,VIIRS
47.2042,37.42363,367,0.32,0.55,2026-08-07,11:10:00,N20,high,2.0NRT,313.77,136.8,D,VIIRS
47.2044,37.42799,331.37,0.32,0.55,2026-08-07,11:10:00,N20,nominal,2.0NRT,303.53,16.8,D,VIIRS
47.2038,37.41505,349.83,0.32,0.55,2026-08-07,11:10:00,N20,nominal,2.0NRT,306.46,69.05,D,VIIRS
47.07363,35.1203,338.27,0.5,0.49,2026-08-07,11:10:00,N20,low,2.0NRT,310.18,2.42,D,VIIRS
46.91076,32.99099,350.16,0.4,0.44,2026-08-07,11:10:00,N20,nominal,2.0NRT,310.03,7.79,D,VIIRS
47.204,37.41932,367,0.32,0.55,2026-08-07,11:10:00,N20,low,2.0NRT,347.99,136.8,D,VIIRS
47.20926,37.42303,367,0.32,0.55,2026-08-07,11:10:00,N20,high,2.0NRT,301.48,39.7,D,VIIRS
47.20906,37.4187,346.29,0.32,0.55,2026-08-07,11:10:00,N20,nominal,2.0NRT,309.59,39.7,D,VIIRS
47.20886,37.41444,348.18,0.32,0.55,2026-08-07,11:10:00,N20,nominal,2.0NRT,301.16,27.81,D,VIIRS
46.92756,33.09019,348.46,0.4,0.44,2026-08-07,11:10:00,N20,nominal,2.0NRT,312.89,6.47,D,VIIRS
46.90818,32.727290000000004,347.95,0.39,0.44,2026-08-07,11:10:00,N20,nominal,2.0NRT,312.53,25.51,D,VIIRS
46.90772,32.72216,350.47,0.39,0.44,2026-08-07,11:10:00,N20,nominal,2.0NRT,313.56,25.51,D,VIIRS
46.91266,32.73166,341.86,0.39,0.44,2026-08-07,11:10:00,N20,nominal,2.0NRT,309.65,4.09,D,VIIRS
46.9122,32.72653,349.96,0.39,0.44,2026-08-07,11:10:00,N20,nominal,2.0NRT,311.68,25.51,D,VIIRS
46.91576,32.72064,346.33,0.39,0.44,2026-08-07,11:10:00,N20,nominal,2.0NRT,310.73,3.6,D,VIIRS
46.95258,33.09101,339.32,0.4,0.44,2026-08-07,11:10:00,N20,low,2.0NRT,309.67,3.34,D,VIIRS
46.95211,33.08568,345.06,0.4,0.44,2026-08-07,11:10:00,N20,nominal,2.0NRT,312.02,3.34,D,VIIRS
46.95165,33.08035,353.66,0.4,0.44,2026-08-07,11:10:00,N20,nominal,2.0NRT,315.55,8.5,D,VIIRS
46.95119,33.07505,341.88,0.4,0.44,2026-08-07,11:10:00,N20,nominal,2.0NRT,313.42,8.5,D,VIIRS
46.91978,32.71988,342.28,0.39,0.44,2026-08-07,11:10:00,N20,nominal,2.0NRT,308.54,3.6,D,VIIRS
46.95575,33.07961,339.26,0.4,0.44,2026-08-07,11:10:00,N20,low,2.0NRT,310.65,3.06,D,VIIRS
46.95528,33.07432,340.81,0.4,0.44,2026-08-07,11:10:00,N20,nominal,2.0NRT,310.39,3.06,D,VIIRS
47.19333,35.96184,352.08,0.55,0.51,2026-08-07,11:10:00,N20,nominal,2.0NRT,308.17,14.47,D,VIIRS
47.19287,35.95459,353.56,0.55,0.51,2026-08-07,11:10:00,N20,nominal,2.0NRT,313.95,42.36,D,VIIRS
47.30554,37.94582,367,0.34,0.56,2026-08-07,11:10:00,N20,high,2.0NRT,302.56,15.29,D,VIIRS
47.30532,37.94114,349.39,0.34,0.56,2026-08-07,11:10:00,N20,nominal,2.0NRT,308.17,21.09,D,VIIRS
47.20078,36.00504,342.63,0.55,0.51,2026-08-07,11:10:00,N20,nominal,2.0NRT,310.11,4.43,D,VIIRS
47.19758,35.95397,332.6,0.55,0.51,2026-08-07,11:10:00,N20,nominal,2.0NRT,306.09,4.74,D,VIIRS
47.03955,33.77182,346.69,0.43,0.46,2026-08-07,11:10:00,N20,nominal,2.0NRT,307.71,4.21,D,VIIRS
47.20551,36.00439,334.27,0.55,0.51,2026-08-07,11:10:00,N20,low,2.0NRT,308.68,4.43,D,VIIRS
47.14085,34.91123,343.54,0.49,0.49,2026-08-07,11:10:00,N20,nominal,2.0NRT,309.52,7.62,D,VIIRS
47.14864,34.95623,347.92,0.49,0.49,2026-08-07,11:10:00,N20,nominal,2.0NRT,311.4,9.69,D,VIIRS
47.14532,34.91057,335.15,0.49,0.49,2026-08-07,11:10:00,N20,low,2.0NRT,309.64,4.78,D,VIIRS
47.02006,33.24266,336.3,0.41,0.45,2026-08-07,11:10:00,N20,low,2.0NRT,310,1.93,D,VIIRS
47.28554,36.8573,343.6,0.61,0.53,2026-08-07,11:10:00,N20,nominal,2.0NRT,306.2,4.57,D,VIIRS
47.28509,36.84929,335.15,0.61,0.53,2026-08-07,11:10:00,N20,low,2.0NRT,305.92,4.57,D,VIIRS
47.21542,35.64783,339.26,0.53,0.5,2026-08-07,11:10:00,N20,low,2.0NRT,309.96,5.92,D,VIIRS
47.21447,35.63374,336.24,0.53,0.5,2026-08-07,11:10:00,N20,low,2.0NRT,310.37,9.81,D,VIIRS
47.29449,36.84022,344.37,0.6,0.53,2026-08-07,11:10:00,N20,nominal,2.0NRT,308.56,12.23,D,VIIRS
47.29357,36.82417,340.42,0.6,0.53,2026-08-07,11:10:00,N20,nominal,2.0NRT,309.23,5.45,D,VIIRS
47.19128,35.23219,334.55,0.51,0.49,2026-08-07,11:10:00,N20,low,2.0NRT,309.54,4.59,D,VIIRS
47.21246,35.63116,338.22,0.53,0.5,2026-08-07,11:10:00,N20,low,2.0NRT,308.64,3.44,D,VIIRS
47.28668,36.85497,346.12,0.61,0.53,2026-08-07,11:10:00,N20,nominal,2.0NRT,308.02,8.67,D,VIIRS
47.28627,36.84699,340.71,0.61,0.53,2026-08-07,11:10:00,N20,nominal,2.0NRT,305.92,5.74,D,VIIRS
47.21842,35.65174,333.55,0.53,0.5,2026-08-07,11:10:00,N20,low,2.0NRT,305.82,4.58,D,VIIRS
47.2171,35.63056,335.94,0.53,0.5,2026-08-07,11:10:00,N20,low,2.0NRT,310.38,4.48,D,VIIRS
47.19139,35.22909,336.49,0.51,0.49,2026-08-07,11:10:00,N20,low,2.0NRT,309.31,4.86,D,VIIRS
47.29079,36.83848,335.1,0.61,0.53,2026-08-07,11:10:00,N20,low,2.0NRT,307.77,5.74,D,VIIRS
47.29038,36.83057,333.48,0.6,0.53,2026-08-07,11:10:00,N20,low,2.0NRT,308.03,3.85,D,VIIRS
47.28995,36.82235,334.26,0.6,0.53,2026-08-07,11:10:00,N20,low,2.0NRT,307.13,3.85,D,VIIRS
47.19639,35.2352,336.58,0.51,0.49,2026-08-07,11:10:00,N20,low,2.0NRT,311.15,4.86,D,VIIRS
47.29571,36.83789,344.09,0.61,0.53,2026-08-07,11:10:00,N20,nominal,2.0NRT,308.12,7.39,D,VIIRS
47.2953,36.82993,336.67,0.6,0.53,2026-08-07,11:10:00,N20,low,2.0NRT,308.03,5.44,D,VIIRS
47.20049,35.2278,340.86,0.51,0.49,2026-08-07,11:10:00,N20,nominal,2.0NRT,308.83,5.9,D,VIIRS
47.29979,36.82108,331.11,0.6,0.53,2026-08-07,11:10:00,N20,low,2.0NRT,305.86,5.44,D,VIIRS
47.20684,35.25419,338.15,0.51,0.49,2026-08-07,11:10:00,N20,low,2.0NRT,310.14,5.25,D,VIIRS
47.20414,35.21365,355.38,0.51,0.49,2026-08-07,11:10:00,N20,nominal,2.0NRT,313.26,47.04,D,VIIRS
47.2028,35.19342,339.27,0.51,0.49,2026-08-07,11:10:00,N20,low,2.0NRT,311.52,28.67,D,VIIRS
47.07209,33.44131,338.34,0.42,0.45,2026-08-07,11:10:00,N20,low,2.0NRT,308.55,3.32,D,VIIRS
47.20325,35.20016,367,0.51,0.49,2026-08-07,11:10:00,N20,low,2.0NRT,325.48,215.11,D,VIIRS
47.2114,35.25354,346.51,0.51,0.49,2026-08-07,11:10:00,N20,nominal,2.0NRT,310.64,9,D,VIIRS
47.21004,35.23326,344.21,0.51,0.49,2026-08-07,11:10:00,N20,nominal,2.0NRT,310.81,23.48,D,VIIRS
47.20959,35.2265,353.62,0.51,0.49,2026-08-07,11:10:00,N20,nominal,2.0NRT,315.38,23.48,D,VIIRS
47.20914,35.21975,343.7,0.51,0.49,2026-08-07,11:10:00,N20,nominal,2.0NRT,309.58,9.34,D,VIIRS
47.20869,35.213,346.44,0.51,0.49,2026-08-07,11:10:00,N20,nominal,2.0NRT,311.73,9.34,D,VIIRS
47.20824,35.20625,340.77,0.51,0.49,2026-08-07,11:10:00,N20,nominal,2.0NRT,310.46,23.24,D,VIIRS
47.20779,35.19951,354.49,0.51,0.49,2026-08-07,11:10:00,N20,nominal,2.0NRT,312.68,23.24,D,VIIRS
47.20734,35.19276,339.51,0.51,0.49,2026-08-07,11:10:00,N20,nominal,2.0NRT,307.44,16.13,D,VIIRS
47.07671,33.44612,339.09,0.42,0.45,2026-08-07,11:10:00,N20,nominal,2.0NRT,309.78,5.39,D,VIIRS
47.07625,33.44057,339.17,0.42,0.45,2026-08-07,11:10:00,N20,low,2.0NRT,312.57,5.39,D,VIIRS
47.08134,33.45095,367,0.42,0.45,2026-08-07,11:10:00,N20,high,2.0NRT,312.38,6.6,D,VIIRS
47.23488,35.54218,351.5,0.53,0.5,2026-08-07,11:10:00,N20,nominal,2.0NRT,311.2,11.85,D,VIIRS
47.2155,35.24614,341.17,0.51,0.49,2026-08-07,11:10:00,N20,nominal,2.0NRT,310.75,11.57,D,VIIRS
47.21324,35.21234,337.84,0.51,0.49,2026-08-07,11:10:00,N20,low,2.0NRT,311.35,9.34,D,VIIRS
47.0818,33.45651,345.69,0.42,0.45,2026-08-07,11:10:00,N20,nominal,2.0NRT,308.75,6.6,D,VIIRS
47.21778,35.21166,355.14,0.51,0.49,2026-08-07,11:10:00,N20,nominal,2.0NRT,313.82,19.15,D,VIIRS
47.21733,35.20491,336.42,0.51,0.49,2026-08-07,11:10:00,N20,low,2.0NRT,310.33,5.26,D,VIIRS
47.08597,33.45577,333.91,0.42,0.45,2026-08-07,11:10:00,N20,nominal,2.0NRT,305.39,5.06,D,VIIRS
47.22416,35.23807,345.84,0.51,0.49,2026-08-07,11:10:00,N20,nominal,2.0NRT,310.9,19.47,D,VIIRS
47.1036,33.56651,341.51,0.43,0.46,2026-08-07,11:10:00,N20,low,2.0NRT,313.58,6.87,D,VIIRS
47.32886,36.80901,367,0.6,0.53,2026-08-07,11:10:00,N20,high,2.0NRT,308.05,22.78,D,VIIRS
47.3293,36.81714,351.33,0.6,0.53,2026-08-07,11:10:00,N20,nominal,2.0NRT,307.02,13.05,D,VIIRS
47.33421,36.81649,347.32,0.6,0.53,2026-08-07,11:10:00,N20,nominal,2.0NRT,306.84,8.05,D,VIIRS
47.33377,36.80837,343.46,0.6,0.53,2026-08-07,11:10:00,N20,nominal,2.0NRT,307.14,13.08,D,VIIRS
47.33914,36.81587,331.33,0.6,0.53,2026-08-07,11:10:00,N20,low,2.0NRT,302.76,8.05,D,VIIRS
47.33869,36.80775,348.28,0.6,0.53,2026-08-07,11:10:00,N20,nominal,2.0NRT,305.52,13.08,D,VIIRS
47.08861,33.2374,341.59,0.41,0.45,2026-08-07,11:10:00,N20,low,2.0NRT,312.47,4.52,D,VIIRS
47.18403,33.9734,352.54,0.44,0.46,2026-08-07,11:10:00,N20,nominal,2.0NRT,309.74,5.71,D,VIIRS
47.18356,33.96749,335.17,0.44,0.46,2026-08-07,11:10:00,N20,low,2.0NRT,309.21,5.71,D,VIIRS
47.18879,33.97857,347.91,0.44,0.46,2026-08-07,11:10:00,N20,nominal,2.0NRT,312.21,6.59,D,VIIRS
47.42233,37.59133,333.94,0.33,0.55,2026-08-07,11:10:00,N20,low,2.0NRT,305.78,2.96,D,VIIRS
47.33324,35.64316,339.75,0.53,0.5,2026-08-07,11:10:00,N20,nominal,2.0NRT,307.54,8.45,D,VIIRS
47.2975,34.891,342.54,0.49,0.49,2026-08-07,11:10:00,N20,nominal,2.0NRT,308.28,16.9,D,VIIRS
47.21798,33.66022,344.91,0.43,0.46,2026-08-07,11:10:00,N20,nominal,2.0NRT,312.09,10.76,D,VIIRS
47.22219,33.6595,343.69,0.43,0.46,2026-08-07,11:10:00,N20,nominal,2.0NRT,309.64,10.76,D,VIIRS
47.22173,33.65379,344.38,0.43,0.46,2026-08-07,11:10:00,N20,nominal,2.0NRT,311.35,7.01,D,VIIRS
47.3768,35.73796,341.63,0.54,0.51,2026-08-07,11:10:00,N20,nominal,2.0NRT,309.57,5.18,D,VIIRS
47.37635,35.73078,338.52,0.54,0.51,2026-08-07,11:10:00,N20,nominal,2.0NRT,307.71,5.18,D,VIIRS
47.24463,33.88511,342.35,0.44,0.46,2026-08-07,11:10:00,N20,nominal,2.0NRT,307.68,11.74,D,VIIRS
47.17329,33.02867,343.48,0.4,0.44,2026-08-07,11:10:00,N20,nominal,2.0NRT,308.42,4.24,D,VIIRS
47.38148,35.73744,345.69,0.54,0.51,2026-08-07,11:10:00,N20,nominal,2.0NRT,310.8,5.18,D,VIIRS
47.24982,33.89601,353.59,0.44,0.46,2026-08-07,11:10:00,N20,nominal,2.0NRT,315.31,32.7,D,VIIRS
47.24843,33.87849,340.51,0.44,0.46,2026-08-07,11:10:00,N20,nominal,2.0NRT,307.37,11.74,D,VIIRS
47.17694,33.02283,344.66,0.4,0.44,2026-08-07,11:10:00,N20,nominal,2.0NRT,309.27,6.3,D,VIIRS
47.17647,33.01738,344.69,0.4,0.44,2026-08-07,11:10:00,N20,nominal,2.0NRT,312.27,6.3,D,VIIRS
47.34419,35.1048,340.37,0.5,0.49,2026-08-07,11:10:00,N20,nominal,2.0NRT,308.25,3.6,D,VIIRS
47.25408,33.89512,345.24,0.44,0.46,2026-08-07,11:10:00,N20,nominal,2.0NRT,309.76,12.09,D,VIIRS
47.35244,35.15792,350.43,0.51,0.49,2026-08-07,11:10:00,N20,nominal,2.0NRT,309.21,8.63,D,VIIRS
47.46522,36.91865,335.76,0.61,0.54,2026-08-07,11:10:00,N20,nominal,2.0NRT,304.96,8.63,D,VIIRS
47.43208,36.33042,345.85,0.57,0.52,2026-08-07,11:10:00,N20,nominal,2.0NRT,307.65,12.82,D,VIIRS
47.43163,36.32278,349.98,0.57,0.52,2026-08-07,11:10:00,N20,nominal,2.0NRT,309.76,12.82,D,VIIRS
47.35698,35.15728,344.15,0.51,0.49,2026-08-07,11:10:00,N20,nominal,2.0NRT,310.99,6.49,D,VIIRS
47.35278,35.09678,338.48,0.5,0.49,2026-08-07,11:10:00,N20,nominal,2.0NRT,309.81,4.36,D,VIIRS
46.92466,30.3331,340.11,0.47,0.4,2026-08-07,11:10:00,N20,low,2.0NRT,314.8,6.94,D,VIIRS
46.92829,30.33224,342.79,0.47,0.4,2026-08-07,11:10:00,N20,low,2.0NRT,314.61,32.52,D,VIIRS
47.36778,35.11497,354.81,0.5,0.49,2026-08-07,11:10:00,N20,nominal,2.0NRT,308.62,15.71,D,VIIRS
47.3673,35.10824,343.99,0.5,0.49,2026-08-07,11:10:00,N20,nominal,2.0NRT,310.12,10.49,D,VIIRS
47.33991,34.72715,347.67,0.48,0.48,2026-08-07,11:10:00,N20,nominal,2.0NRT,309.75,5.42,D,VIIRS
47.37184,35.10762,339.98,0.5,0.49,2026-08-07,11:10:00,N20,nominal,2.0NRT,306.44,5.37,D,VIIRS
47.36001,34.94142,337.35,0.49,0.49,2026-08-07,11:10:00,N20,low,2.0NRT,307.64,5.19,D,VIIRS
47.06404,31.53092,339.53,0.52,0.42,2026-08-07,11:10:00,N20,nominal,2.0NRT,311.96,11.44,D,VIIRS
47.06126,31.50359,352.83,0.52,0.42,2026-08-07,11:10:00,N20,nominal,2.0NRT,309.55,29.81,D,VIIRS
47.06717,31.52327,367,0.52,0.42,2026-08-07,11:10:00,N20,high,2.0NRT,313.11,11.44,D,VIIRS
47.4404,36.07019,348.09,0.56,0.51,2026-08-07,11:10:00,N20,nominal,2.0NRT,308.8,8.1,D,VIIRS
47.43993,36.06267,339.79,0.56,0.51,2026-08-07,11:10:00,N20,nominal,2.0NRT,307.64,8.1,D,VIIRS
47.44517,36.06976,340.28,0.56,0.51,2026-08-07,11:10:00,N20,nominal,2.0NRT,308.63,7.05,D,VIIRS
47.4447,36.06224,350.57,0.56,0.51,2026-08-07,11:10:00,N20,nominal,2.0NRT,310.75,7.05,D,VIIRS
47.44422,36.05465,346.75,0.56,0.51,2026-08-07,11:10:00,N20,nominal,2.0NRT,310.15,11.32,D,VIIRS
47.37473,35.01963,345.51,0.5,0.49,2026-08-07,11:10:00,N20,nominal,2.0NRT,308.2,7.65,D,VIIRS
47.37425,35.01298,331.79,0.5,0.49,2026-08-07,11:10:00,N20,low,2.0NRT,306.66,3.38,D,VIIRS
47.0696,31.50888,340.15,0.52,0.42,2026-08-07,11:10:00,N20,nominal,2.0NRT,309.69,8.73,D,VIIRS
47.45413,36.13661,349.37,0.56,0.52,2026-08-07,11:10:00,N20,nominal,2.0NRT,310.34,16.9,D,VIIRS
47.45366,36.12896,353.57,0.56,0.52,2026-08-07,11:10:00,N20,nominal,2.0NRT,309.92,12.84,D,VIIRS
47.44946,36.06182,345.26,0.56,0.51,2026-08-07,11:10:00,N20,nominal,2.0NRT,307.79,7.05,D,VIIRS
47.20016,32.81899,347.76,0.4,0.44,2026-08-07,11:10:00,N20,nominal,2.0NRT,314.46,8.64,D,VIIRS
47.19968,32.81375,351.82,0.4,0.44,2026-08-07,11:10:00,N20,nominal,2.0NRT,314.17,7.72,D,VIIRS
47.19921,32.80851,348.3,0.39,0.44,2026-08-07,11:10:00,N20,nominal,2.0NRT,314.43,7.72,D,VIIRS
47.20421,32.81824,347.99,0.4,0.44,2026-08-07,11:10:00,N20,nominal,2.0NRT,312.92,7.63,D,VIIRS
47.20374,32.81299,354.33,0.4,0.44,2026-08-07,11:10:00,N20,nominal,2.0NRT,313.47,25.03,D,VIIRS
47.20325,32.80775,347.58,0.39,0.44,2026-08-07,11:10:00,N20,nominal,2.0NRT,322.36,25.03,D,VIIRS
47.20319,32.81025,367,0.4,0.44,2026-08-07,11:10:00,N20,high,2.0NRT,316.24,18.06,D,VIIRS
47.20364,32.8155,355.99,0.4,0.44,2026-08-07,11:10:00,N20,nominal,2.0NRT,312.48,18.06,D,VIIRS
47.44065,36.06936,348.42,0.56,0.51,2026-08-07,11:10:00,N20,nominal,2.0NRT,309.65,9.61,D,VIIRS
47.44022,36.06184,355.94,0.56,0.51,2026-08-07,11:10:00,N20,nominal,2.0NRT,308.95,14.57,D,VIIRS
47.37579,35.0179,349.88,0.5,0.49,2026-08-07,11:10:00,N20,nominal,2.0NRT,307.68,4.9,D,VIIRS
47.37534,35.01125,333.53,0.5,0.49,2026-08-07,11:10:00,N20,nominal,2.0NRT,307.24,4.9,D,VIIRS
47.44541,36.06893,340.55,0.56,0.51,2026-08-07,11:10:00,N20,nominal,2.0NRT,307.73,3.21,D,VIIRS
47.44498,36.06139,341.22,0.56,0.51,2026-08-07,11:10:00,N20,nominal,2.0NRT,310.13,5.11,D,VIIRS
47.44455,36.05379,340.05,0.56,0.51,2026-08-07,11:10:00,N20,nominal,2.0NRT,309.34,5.11,D,VIIRS
47.45402,36.13581,349.11,0.56,0.52,2026-08-07,11:10:00,N20,nominal,2.0NRT,310.4,12.85,D,VIIRS
47.45359,36.12815,354.31,0.56,0.52,2026-08-07,11:10:00,N20,nominal,2.0NRT,309.7,12.85,D,VIIRS
47.44974,36.06094,342.11,0.56,0.51,2026-08-07,11:10:00,N20,nominal,2.0NRT,306.73,5.11,D,VIIRS
47.30814,33.72414,339.94,0.43,0.46,2026-08-07,11:10:00,N20,nominal,2.0NRT,308.07,4.3,D,VIIRS
47.43622,35.45032,336.73,0.52,0.5,2026-08-07,11:10:00,N20,low,2.0NRT,309.85,3.37,D,VIIRS
47.37663,34.45055,333.71,0.47,0.48,2026-08-07,11:10:00,N20,low,2.0NRT,305.43,4.07,D,VIIRS
47.39709,34.6713,336.65,0.48,0.48,2026-08-07,11:10:00,N20,low,2.0NRT,309.02,5.37,D,VIIRS
47.38103,34.44998,350.17,0.47,0.48,2026-08-07,11:10:00,N20,nominal,2.0NRT,305.56,4.07,D,VIIRS
47.49699,36.13107,336.62,0.56,0.52,2026-08-07,11:10:00,N20,nominal,2.0NRT,304.4,2,D,VIIRS
47.56901,36.98278,344.1,0.62,0.54,2026-08-07,11:10:00,N20,nominal,2.0NRT,305.63,11.68,D,VIIRS
47.46711,35.28567,336.27,0.51,0.5,2026-08-07,11:10:00,N20,low,2.0NRT,307.95,9.67,D,VIIRS
47.54956,36.5367,349.41,0.59,0.53,2026-08-07,11:10:00,N20,nominal,2.0NRT,306.69,15.53,D,VIIRS
47.54911,36.52882,341.14,0.59,0.53,2026-08-07,11:10:00,N20,nominal,2.0NRT,303.95,6.09,D,VIIRS
47.49763,35.60571,334.67,0.53,0.5,2026-08-07,11:10:00,N20,low,2.0NRT,307.42,2.57,D,VIIRS
47.49949,35.56248,339.86,0.53,0.5,2026-08-07,11:10:00,N20,low,2.0NRT,310.25,6.08,D,VIIRS
47.50599,35.59023,344.89,0.53,0.5,2026-08-07,11:10:00,N20,nominal,2.0NRT,310.54,6.1,D,VIIRS
47.5046,35.56897,340.19,0.53,0.5,2026-08-07,11:10:00,N20,low,2.0NRT,311,6.08,D,VIIRS
47.50413,35.56191,352.33,0.53,0.5,2026-08-07,11:10:00,N20,nominal,2.0NRT,313.08,6.08,D,VIIRS
47.50923,35.56824,342.62,0.53,0.5,2026-08-07,11:10:00,N20,nominal,2.0NRT,309.33,7.11,D,VIIRS
47.62294,37.34148,367,0.32,0.55,2026-08-07,11:10:00,N20,high,2.0NRT,306.02,19.2,D,VIIRS
47.62273,37.33719,349.65,0.32,0.55,2026-08-07,11:10:00,N20,nominal,2.0NRT,304.53,11.81,D,VIIRS
47.54208,35.92982,344.29,0.55,0.51,2026-08-07,11:10:00,N20,nominal,2.0NRT,310.02,7.32,D,VIIRS
47.52228,35.6238,348.63,0.53,0.5,2026-08-07,11:10:00,N20,nominal,2.0NRT,309.64,20.33,D,VIIRS
47.51524,35.51788,344.44,0.53,0.5,2026-08-07,11:10:00,N20,nominal,2.0NRT,310.32,4.53,D,VIIRS
47.5274,35.63029,337.29,0.53,0.5,2026-08-07,11:10:00,N20,low,2.0NRT,308.74,8.46,D,VIIRS
47.57042,36.15232,334.06,0.56,0.52,2026-08-07,11:10:00,N20,low,2.0NRT,307.47,3.35,D,VIIRS
47.18148,31.36417,341.78,0.52,0.41,2026-08-07,11:10:00,N20,nominal,2.0NRT,308,11.83,D,VIIRS
47.5212,35.63834,330.81,0.53,0.5,2026-08-07,11:10:00,N20,low,2.0NRT,305.69,4.56,D,VIIRS
47.51385,35.51807,341.16,0.53,0.5,2026-08-07,11:10:00,N20,nominal,2.0NRT,309.74,5.13,D,VIIRS
47.54322,35.93002,343.6,0.55,0.51,2026-08-07,11:10:00,N20,nominal,2.0NRT,309.31,7.46,D,VIIRS
47.52499,35.62347,353.57,0.53,0.5,2026-08-07,11:10:00,N20,nominal,2.0NRT,310.97,29.77,D,VIIRS
47.18414,31.36322,340.74,0.52,0.41,2026-08-07,11:10:00,N20,nominal,2.0NRT,308.44,10.63,D,VIIRS
47.62162,37.34337,367,0.32,0.55,2026-08-07,11:10:00,N20,high,2.0NRT,301.33,10.42,D,VIIRS
47.62143,37.33907,350.46,0.32,0.55,2026-08-07,11:10:00,N20,nominal,2.0NRT,305.83,12.84,D,VIIRS
47.62648,37.33857,333.59,0.32,0.55,2026-08-07,11:10:00,N20,nominal,2.0NRT,301.48,2.89,D,VIIRS
47.5704,36.15282,335.98,0.57,0.52,2026-08-07,11:10:00,N20,low,2.0NRT,307.27,2.74,D,VIIRS
47.57947,36.22787,331.31,0.57,0.52,2026-08-07,11:10:00,N20,low,2.0NRT,305.13,4.02,D,VIIRS
47.57904,36.22025,351.06,0.57,0.52,2026-08-07,11:10:00,N20,nominal,2.0NRT,311.28,64.14,D,VIIRS
47.55514,35.8101,336.03,0.54,0.51,2026-08-07,11:10:00,N20,nominal,2.0NRT,305.69,3.71,D,VIIRS
47.53654,35.50737,354.61,0.53,0.5,2026-08-07,11:10:00,N20,nominal,2.0NRT,311.06,21.42,D,VIIRS
47.5361,35.50032,342.45,0.53,0.5,2026-08-07,11:10:00,N20,nominal,2.0NRT,309.3,4.87,D,VIIRS
47.58384,36.21972,351.07,0.57,0.52,2026-08-07,11:10:00,N20,nominal,2.0NRT,310.85,64.14,D,VIIRS
47.5834,36.2121,350.44,0.57,0.52,2026-08-07,11:10:00,N20,nominal,2.0NRT,308.45,64.14,D,VIIRS
47.57647,36.09107,333.7,0.56,0.52,2026-08-07,11:10:00,N20,low,2.0NRT,306.52,4.59,D,VIIRS
47.54651,35.59209,334.64,0.53,0.5,2026-08-07,11:10:00,N20,low,2.0NRT,309.08,4.53,D,VIIRS
47.54296,35.5351,332.99,0.53,0.5,2026-08-07,11:10:00,N20,low,2.0NRT,307.45,2.97,D,VIIRS
47.46816,34.42936,332.54,0.47,0.48,2026-08-07,11:10:00,N20,low,2.0NRT,305.32,9.81,D,VIIRS
47.4677,34.42307,345.58,0.47,0.48,2026-08-07,11:10:00,N20,nominal,2.0NRT,311.71,24.46,D,VIIRS
47.5378,35.38068,345.07,0.52,0.5,2026-08-07,11:10:00,N20,nominal,2.0NRT,310.17,4.44,D,VIIRS
47.58334,36.0444,336.45,0.56,0.51,2026-08-07,11:10:00,N20,low,2.0NRT,310.49,5.22,D,VIIRS
47.54954,35.4914,341.06,0.53,0.5,2026-08-07,11:10:00,N20,nominal,2.0NRT,309.93,5.24,D,VIIRS
47.55416,35.49079,334.65,0.53,0.5,2026-08-07,11:10:00,N20,low,2.0NRT,308.11,3.17,D,VIIRS
47.54925,35.41412,334.98,0.52,0.5,2026-08-07,11:10:00,N20,low,2.0NRT,308.24,6.56,D,VIIRS
47.56534,35.44709,343.47,0.52,0.5,2026-08-07,11:10:00,N20,nominal,2.0NRT,309.89,8.53,D,VIIRS
47.57315,35.49571,336.29,0.53,0.5,2026-08-07,11:10:00,N20,low,2.0NRT,308.43,7.49,D,VIIRS
47.63337,36.40869,340.1,0.58,0.52,2026-08-07,11:10:00,N20,nominal,2.0NRT,304.39,10.11,D,VIIRS
47.63292,36.40088,353.45,0.58,0.52,2026-08-07,11:10:00,N20,nominal,2.0NRT,306.89,21.56,D,VIIRS
47.56813,35.34784,336.89,0.52,0.5,2026-08-07,11:10:00,N20,low,2.0NRT,310.15,4.98,D,VIIRS
47.63821,36.40818,341.08,0.58,0.52,2026-08-07,11:10:00,N20,nominal,2.0NRT,295.39,4.14,D,VIIRS
47.63776,36.40035,350.17,0.58,0.52,2026-08-07,11:10:00,N20,nominal,2.0NRT,305.24,14.68,D,VIIRS
47.57365,35.36111,336.16,0.52,0.5,2026-08-07,11:10:00,N20,low,2.0NRT,308.67,4.81,D,VIIRS
47.61627,35.65497,342.39,0.54,0.51,2026-08-07,11:10:00,N20,nominal,2.0NRT,304.63,6.7,D,VIIRS
47.72207,37.31659,340.83,0.32,0.55,2026-08-07,11:10:00,N20,nominal,2.0NRT,303.26,2.77,D,VIIRS
47.65453,36.11126,333.41,0.56,0.52,2026-08-07,11:10:00,N20,low,2.0NRT,308.14,5.25,D,VIIRS
47.72713,37.3162,367,0.32,0.55,2026-08-07,11:10:00,N20,high,2.0NRT,305.91,4.45,D,VIIRS
47.609,35.33489,340.77,0.52,0.5,2026-08-07,11:10:00,N20,nominal,2.0NRT,307.98,5.87,D,VIIRS
47.68318,36.42669,337.15,0.58,0.52,2026-08-07,11:10:00,N20,nominal,2.0NRT,306.59,7.64,D,VIIRS
47.64677,35.835,343.74,0.55,0.51,2026-08-07,11:10:00,N20,nominal,2.0NRT,305.1,5.01,D,VIIRS
47.6193,35.41804,336.86,0.52,0.5,2026-08-07,11:10:00,N20,low,2.0NRT,309.37,6.27,D,VIIRS
47.68755,36.41819,356.02,0.58,0.52,2026-08-07,11:10:00,N20,nominal,2.0NRT,306.48,18.8,D,VIIRS
47.65197,35.84203,342.8,0.55,0.51,2026-08-07,11:10:00,N20,nominal,2.0NRT,303.46,19.33,D,VIIRS
47.64058,35.66685,338.71,0.54,0.51,2026-08-07,11:10:00,N20,nominal,2.0NRT,308.5,7.08,D,VIIRS
47.61536,35.29245,335.08,0.52,0.5,2026-08-07,11:10:00,N20,nominal,2.0NRT,305.08,5.58,D,VIIRS
47.59091,34.94571,345.78,0.5,0.49,2026-08-07,11:10:00,N20,nominal,2.0NRT,307.76,9.9,D,VIIRS
47.57654,34.7485,345.45,0.49,0.48,2026-08-07,11:10:00,N20,nominal,2.0NRT,305.34,4.8,D,VIIRS
47.73026,37.08617,332.96,0.63,0.54,2026-08-07,11:10:00,N20,low,2.0NRT,305.49,7.22,D,VIIRS
47.72981,37.07779,333.59,0.63,0.54,2026-08-07,11:10:00,N20,low,2.0NRT,307.16,3.52,D,VIIRS
47.62661,35.38887,350.08,0.52,0.5,2026-08-07,11:10:00,N20,nominal,2.0NRT,308.28,4.68,D,VIIRS
47.65436,36.11076,333.48,0.56,0.52,2026-08-07,11:10:00,N20,low,2.0NRT,307.46,4.91,D,VIIRS
47.6128,35.33317,343.59,0.52,0.5,2026-08-07,11:10:00,N20,nominal,2.0NRT,309.44,5.52,D,VIIRS
47.61193,35.31937,332,0.52,0.5,2026-08-07,11:10:00,N20,low,2.0NRT,305.76,1.73,D,VIIRS
47.58807,34.9515,333.28,0.5,0.49,2026-08-07,11:10:00,N20,low,2.0NRT,307.86,5.83,D,VIIRS
47.58762,34.94482,335.34,0.5,0.49,2026-08-07,11:10:00,N20,low,2.0NRT,310.08,4.58,D,VIIRS
47.72557,37.31679,354.58,0.32,0.55,2026-08-07,11:10:00,N20,nominal,2.0NRT,304.15,8.41,D,VIIRS
47.68135,36.42667,332.25,0.58,0.52,2026-08-07,11:10:00,N20,low,2.0NRT,306.15,6.1,D,VIIRS
47.64847,35.84158,342.99,0.55,0.51,2026-08-07,11:10:00,N20,nominal,2.0NRT,303.96,40.7,D,VIIRS
47.64803,35.83408,344.14,0.55,0.51,2026-08-07,11:10:00,N20,nominal,2.0NRT,312.94,40.7,D,VIIRS
47.62267,35.41644,335.76,0.52,0.5,2026-08-07,11:10:00,N20,low,2.0NRT,307.08,9.68,D,VIIRS
47.61478,35.29135,338.37,0.52,0.5,2026-08-07,11:10:00,N20,nominal,2.0NRT,305.02,4.71,D,VIIRS
47.59212,34.94407,344.33,0.5,0.49,2026-08-07,11:10:00,N20,nominal,2.0NRT,305.82,4.58,D,VIIRS
47.57875,34.74641,331.17,0.49,0.48,2026-08-07,11:10:00,N20,low,2.0NRT,305.72,8.1,D,VIIRS
47.73064,37.3164,332.49,0.32,0.55,2026-08-07,11:10:00,N20,nominal,2.0NRT,299.37,2.66,D,VIIRS
47.68577,36.41811,355.72,0.58,0.52,2026-08-07,11:10:00,N20,nominal,2.0NRT,306.85,18.29,D,VIIRS
47.65405,35.85561,336.86,0.55,0.51,2026-08-07,11:10:00,N20,nominal,2.0NRT,302.27,3.47,D,VIIRS
47.65275,35.83367,354.31,0.55,0.51,2026-08-07,11:10:00,N20,nominal,2.0NRT,303.19,28.44,D,VIIRS
47.6427,35.66574,340.14,0.54,0.51,2026-08-07,11:10:00,N20,nominal,2.0NRT,308.37,8.13,D,VIIRS
47.62553,35.38783,346.18,0.52,0.5,2026-08-07,11:10:00,N20,nominal,2.0NRT,307.65,7.58,D,VIIRS
47.62394,35.28995,332.87,0.52,0.5,2026-08-07,11:10:00,N20,low,2.0NRT,306.94,4.33,D,VIIRS
47.60294,34.96957,340.65,0.5,0.49,2026-08-07,11:10:00,N20,nominal,2.0NRT,305.46,6.56,D,VIIRS
47.65952,35.78811,354.27,0.54,0.51,2026-08-07,11:10:00,N20,nominal,2.0NRT,307.15,13.67,D,VIIRS
48.81236,37.38279,302.33,0.44,0.39,2026-08-07,23:24:00,N20,nominal,2.0NRT,288.85,0.66,N,VIIRS
48.8081,37.38791,304.52,0.44,0.39,2026-08-07,23:24:00,N20,nominal,2.0NRT,288.51,1.12,N,VIIRS
48.80532,37.38099,311.34,0.44,0.39,2026-08-07,23:24:00,N20,nominal,2.0NRT,289.15,1.12,N,VIIRS
49.02886,35.18111,311.07,0.53,0.42,2026-08-07,23:24:00,N20,nominal,2.0NRT,290.82,1.18,N,VIIRS
48.82428,36.26764,306.64,0.48,0.4,2026-08-07,23:24:00,N20,nominal,2.0NRT,291.78,1.46,N,VIIRS
48.82354,36.27415,302.29,0.48,0.4,2026-08-07,23:24:00,N20,nominal,2.0NRT,291.87,0.85,N,VIIRS
48.76525,36.71863,304.59,0.46,0.39,2026-08-07,23:24:00,N20,nominal,2.0NRT,289.49,0.9,N,VIIRS
48.46656,38.76025,318.24,0.41,0.37,2026-08-07,23:24:00,N20,nominal,2.0NRT,295.1,1.65,N,VIIRS
48.46393,38.75378,309.68,0.41,0.37,2026-08-07,23:24:00,N20,nominal,2.0NRT,294.24,1.65,N,VIIRS
48.33286,39.64943,337.06,0.39,0.36,2026-08-07,23:24:00,N20,nominal,2.0NRT,294.75,6.39,N,VIIRS
48.32957,39.64835,306.58,0.39,0.36,2026-08-07,23:24:00,N20,nominal,2.0NRT,292.86,1.72,N,VIIRS
48.59708,37.54878,304.05,0.44,0.38,2026-08-07,23:24:00,N20,nominal,2.0NRT,291.78,1,N,VIIRS
48.61765,37.2035,304.62,0.45,0.39,2026-08-07,23:24:00,N20,nominal,2.0NRT,290.09,0.77,N,VIIRS
48.81672,35.15391,308.89,0.52,0.42,2026-08-07,23:24:00,N20,nominal,2.0NRT,290.62,1.31,N,VIIRS
48.60286,36.96153,300.66,0.45,0.39,2026-08-07,23:24:00,N20,nominal,2.0NRT,289.97,0.72,N,VIIRS
48.73413,35.7606,305.68,0.5,0.41,2026-08-07,23:24:00,N20,nominal,2.0NRT,290.45,0.67,N,VIIRS
48.51594,37.15033,302.78,0.45,0.39,2026-08-07,23:24:00,N20,nominal,2.0NRT,290.93,0.52,N,VIIRS
48.52348,37.02766,308.98,0.45,0.39,2026-08-07,23:24:00,N20,nominal,2.0NRT,291.6,0.63,N,VIIRS
48.4781,37.0713,308.94,0.45,0.39,2026-08-07,23:24:00,N20,nominal,2.0NRT,291.36,1.53,N,VIIRS
48.10796,39.62292,320.06,0.39,0.36,2026-08-07,23:24:00,N20,nominal,2.0NRT,290.21,1.53,N,VIIRS
48.45024,36.44672,306.21,0.47,0.4,2026-08-07,23:24:00,N20,nominal,2.0NRT,289.86,1.05,N,VIIRS
47.87984,33.39736,310.71,0.4,0.44,2026-08-07,23:24:00,N20,nominal,2.0NRT,293.45,2.49,N,VIIRS
46.94105,33.27505,340.32,0.4,0.44,2026-08-07,23:24:00,N20,nominal,2.0NRT,293.82,5.29,N,VIIRS
46.96301,33.60971,310.24,0.38,0.43,2026-08-07,23:24:00,N20,nominal,2.0NRT,292,0.63,N,VIIRS
46.9451,33.27586,311.87,0.4,0.44,2026-08-07,23:24:00,N20,nominal,2.0NRT,291.46,0.84,N,VIIRS
46.91975,32.97192,315.01,0.41,0.45,2026-08-07,23:24:00,N20,nominal,2.0NRT,290.8,2.92,N,VIIRS
47.04424,31.49815,334.81,0.48,0.48,2026-08-07,23:24:00,N20,nominal,2.0NRT,291.98,5.47,N,VIIRS
46.92287,32.9835,303.55,0.41,0.45,2026-08-07,23:24:00,N20,nominal,2.0NRT,291.19,0.87,N,VIIRS
46.92337,32.9781,313.31,0.41,0.45,2026-08-07,23:24:00,N20,nominal,2.0NRT,291.44,0.87,N,VIIRS
46.92386,32.97272,305.35,0.41,0.45,2026-08-07,23:24:00,N20,nominal,2.0NRT,290.35,0.7,N,VIIRS
47.04867,31.4988,315.27,0.48,0.48,2026-08-07,23:24:00,N20,nominal,2.0NRT,290.91,0.97,N,VIIRS
47.05309,31.49951,304.98,0.48,0.48,2026-08-07,23:24:00,N20,nominal,2.0NRT,290.36,0.97,N,VIIRS
46.92151,32.97952,313.53,0.41,0.45,2026-08-07,23:24:00,N20,nominal,2.0NRT,291.27,1.16,N,VIIRS
46.92198,32.97413,306.32,0.41,0.45,2026-08-07,23:24:00,N20,nominal,2.0NRT,290.59,1.16,N,VIIRS
46.92244,32.96874,303.77,0.41,0.45,2026-08-07,23:24:00,N20,nominal,2.0NRT,290.37,0.56,N,VIIRS
47.0388,31.49801,338.61,0.48,0.48,2026-08-07,23:24:00,N20,nominal,2.0NRT,293.26,7.02,N,VIIRS
47.04321,31.49878,339.89,0.48,0.48,2026-08-07,23:24:00,N20,nominal,2.0NRT,292.16,7.02,N,VIIRS
47.04764,31.49945,321.02,0.48,0.48,2026-08-07,23:24:00,N20,nominal,2.0NRT,291.18,1.93,N,VIIRS
47.05206,31.50016,309.85,0.48,0.48,2026-08-07,23:24:00,N20,nominal,2.0NRT,290.5,1.93,N,VIIRS
46.92719,33.10588,337.7,0.4,0.44,2026-08-07,23:24:00,N20,nominal,2.0NRT,292.52,3.15,N,VIIRS
51.03115,34.92757,308.29,0.57,0.43,2026-08-07,23:24:00,N20,nominal,2.0NRT,289.35,0.75,N,VIIRS
51.02906,34.92809,314.08,0.57,0.43,2026-08-07,23:24:00,N20,nominal,2.0NRT,288.98,1.39,N,VIIRS
50.81733,35.10048,311.86,0.56,0.43,2026-08-07,23:24:00,N20,nominal,2.0NRT,289.75,1.38,N,VIIRS
47.10356,37.77543,328.63,0.42,0.37,2026-08-07,23:24:00,N20,nominal,2.0NRT,293.95,2.84,N,VIIRS
47.10427,37.76999,338.77,0.42,0.37,2026-08-07,23:24:00,N20,nominal,2.0NRT,294.63,2.84,N,VIIRS
47.10768,37.77097,308.88,0.42,0.37,2026-08-07,23:24:00,N20,nominal,2.0NRT,293.01,1.73,N,VIIRS
47.15495,37.65335,302.48,0.42,0.38,2026-08-07,23:24:00,N20,nominal,2.0NRT,290.63,0.63,N,VIIRS
47.43055,30.06927,304.17,0.56,0.52,2026-08-07,23:24:00,N20,nominal,2.0NRT,289.68,1.95,N,VIIRS
47.43007,30.0768,314.62,0.56,0.52,2026-08-07,23:24:00,N20,nominal,2.0NRT,289.87,2,N,VIIRS
47.42579,30.06851,309.63,0.56,0.52,2026-08-07,23:24:00,N20,nominal,2.0NRT,289.63,1.45,N,VIIRS
47.18751,33.04989,302.68,0.41,0.45,2026-08-07,23:24:00,N20,nominal,2.0NRT,290.41,0.45,N,VIIRS
47.18579,33.02195,303.89,0.41,0.45,2026-08-07,23:24:00,N20,nominal,2.0NRT,290.96,0.6,N,VIIRS
47.18531,33.0274,308.76,0.41,0.45,2026-08-07,23:24:00,N20,nominal,2.0NRT,290.72,1.26,N,VIIRS
47.18483,33.03283,305.63,0.41,0.45,2026-08-07,23:24:00,N20,nominal,2.0NRT,289.65,1.26,N,VIIRS
47.18024,33.03746,312.66,0.41,0.45,2026-08-07,23:24:00,N20,nominal,2.0NRT,290.1,0.79,N,VIIRS
47.30418,31.26207,333.14,0.49,0.49,2026-08-07,23:24:00,N20,nominal,2.0NRT,290.88,3.31,N,VIIRS
47.30465,31.25553,305.22,0.49,0.49,2026-08-07,23:24:00,N20,nominal,2.0NRT,289.18,1.56,N,VIIRS
47.29969,31.26137,338.65,0.49,0.49,2026-08-07,23:24:00,N20,nominal,2.0NRT,290.75,3.78,N,VIIRS
47.19086,32.46165,313.43,0.43,0.46,2026-08-07,23:24:00,N20,nominal,2.0NRT,289.58,1.19,N,VIIRS
47.18663,32.46088,311.3,0.43,0.46,2026-08-07,23:24:00,N20,nominal,2.0NRT,289.83,1.19,N,VIIRS
46.77606,36.55982,308.59,0.45,0.39,2026-08-07,23:24:00,N20,nominal,2.0NRT,292.93,1.49,N,VIIRS
47.18725,32.45963,317.28,0.43,0.46,2026-08-07,23:24:00,N20,nominal,2.0NRT,290.5,1.33,N,VIIRS
47.14706,32.67703,306.62,0.42,0.45,2026-08-07,23:24:00,N20,nominal,2.0NRT,290.27,1.11,N,VIIRS
47.0813,33.08825,316.27,0.41,0.45,2026-08-07,23:24:00,N20,nominal,2.0NRT,291.28,0.85,N,VIIRS
47.0772,33.08746,302.64,0.41,0.45,2026-08-07,23:24:00,N20,nominal,2.0NRT,291.28,0.85,N,VIIRS
47.52022,30.67617,303.91,0.53,0.5,2026-08-07,23:24:00,N20,nominal,2.0NRT,289.75,0.92,N,VIIRS
47.519,30.6743,305.58,0.53,0.5,2026-08-07,23:24:00,N20,nominal,2.0NRT,290,1.13,N,VIIRS
46.9935,36.70156,306.76,0.44,0.39,2026-08-07,23:24:00,N20,nominal,2.0NRT,291.77,1.06,N,VIIRS
47.55917,30.84307,302.29,0.52,0.5,2026-08-07,23:24:00,N20,nominal,2.0NRT,289.84,0.87,N,VIIRS
47.62043,29.8686,307.45,0.58,0.52,2026-08-07,23:24:00,N20,nominal,2.0NRT,290.07,1.25,N,VIIRS
47.56503,31.0924,303.31,0.5,0.49,2026-08-07,23:24:00,N20,nominal,2.0NRT,289.45,1.43,N,VIIRS
47.57005,31.08637,310.8,0.5,0.49,2026-08-07,23:24:00,N20,nominal,2.0NRT,289.55,1.43,N,VIIRS
47.63296,30.43776,300.99,0.54,0.51,2026-08-07,23:24:00,N20,nominal,2.0NRT,289.65,0.71,N,VIIRS
47.63763,30.43853,301.26,0.54,0.51,2026-08-07,23:24:00,N20,nominal,2.0NRT,289.9,0.58,N,VIIRS
48.40271,36.82498,332.86,0.45,0.39,2026-08-07,23:24:00,N20,nominal,2.0NRT,293.19,4.92,N,VIIRS
48.56722,34.91345,331.79,0.53,0.42,2026-08-07,23:24:00,N20,nominal,2.0NRT,294.78,11.01,N,VIIRS
48.41959,36.28894,316.41,0.47,0.4,2026-08-07,23:24:00,N20,nominal,2.0NRT,292.57,1.7,N,VIIRS
48.56984,34.91496,301.26,0.53,0.42,2026-08-07,23:24:00,N20,nominal,2.0NRT,290.51,4.43,N,VIIRS
48.42006,36.28904,315.51,0.47,0.4,2026-08-07,23:24:00,N20,nominal,2.0NRT,292.29,2.31,N,VIIRS
48.566,34.91407,339.01,0.53,0.42,2026-08-07,23:24:00,N20,nominal,2.0NRT,291.84,4.43,N,VIIRS
48.29274,37.17487,305.11,0.44,0.39,2026-08-07,23:24:00,N20,nominal,2.0NRT,291.26,0.58,N,VIIRS
48.280029999999996,37.18981,329.04,0.44,0.39,2026-08-07,23:24:00,N20,nominal,2.0NRT,293.45,4.86,N,VIIRS
48.78474,31.19724,338.9,0.51,0.5,2026-08-07,23:24:00,N20,nominal,2.0NRT,290.74,5.55,N,VIIRS
48.7852,31.19031,319.54,0.51,0.5,2026-08-07,23:24:00,N20,nominal,2.0NRT,289.27,5.55,N,VIIRS
48.40187,35.59766,308.6,0.5,0.41,2026-08-07,23:24:00,N20,nominal,2.0NRT,290.65,1.18,N,VIIRS
48.40115,35.60444,306.55,0.5,0.41,2026-08-07,23:24:00,N20,nominal,2.0NRT,290.7,1.18,N,VIIRS
48.25457,36.76023,307.1,0.46,0.39,2026-08-07,23:24:00,N20,nominal,2.0NRT,293.38,1.37,N,VIIRS
48.10008,37.92656,309.38,0.42,0.38,2026-08-07,23:24:00,N20,nominal,2.0NRT,293.45,1.27,N,VIIRS
48.4751,34.63353,304.44,0.54,0.42,2026-08-07,23:24:00,N20,nominal,2.0NRT,293.77,2.33,N,VIIRS
48.09739,37.91997,305.49,0.42,0.38,2026-08-07,23:24:00,N20,nominal,2.0NRT,293.23,0.79,N,VIIRS
48.2347,36.66547,304.37,0.46,0.39,2026-08-07,23:24:00,N20,nominal,2.0NRT,291.9,0.55,N,VIIRS
48.06078,37.95584,308.93,0.42,0.38,2026-08-07,23:24:00,N20,nominal,2.0NRT,294.72,1.33,N,VIIRS
48.64092,31.93947,297.7,0.47,0.48,2026-08-07,23:24:00,N20,nominal,2.0NRT,287.67,0.37,N,VIIRS
47.85311,38.75079,308.01,0.4,0.37,2026-08-07,23:24:00,N20,nominal,2.0NRT,292.36,0.53,N,VIIRS
47.94024,37.57476,335.66,0.43,0.38,2026-08-07,23:24:00,N20,nominal,2.0NRT,294.86,4.09,N,VIIRS
47.93914,37.574,331.81,0.43,0.38,2026-08-07,23:24:00,N20,nominal,2.0NRT,295.46,5.5,N,VIIRS
48.29358,33.73866,307.17,0.39,0.44,2026-08-07,23:24:00,N20,nominal,2.0NRT,291.13,0.83,N,VIIRS
48.2931,33.74398,303.8,0.39,0.44,2026-08-07,23:24:00,N20,nominal,2.0NRT,292.45,0.83,N,VIIRS
47.89478,37.44302,303.39,0.43,0.38,2026-08-07,23:24:00,N20,nominal,2.0NRT,291.37,1.01,N,VIIRS
47.89407,37.44876,303.79,0.43,0.38,2026-08-07,23:24:00,N20,nominal,2.0NRT,290.99,1.21,N,VIIRS
47.89335,37.45449,314.61,0.43,0.38,2026-08-07,23:24:00,N20,nominal,2.0NRT,291.8,1.21,N,VIIRS
48.28954,33.73781,319.86,0.39,0.44,2026-08-07,23:24:00,N20,nominal,2.0NRT,292.05,1.87,N,VIIRS
47.89132,37.44204,303.52,0.43,0.38,2026-08-07,23:24:00,N20,nominal,2.0NRT,290.34,0.71,N,VIIRS
47.8906,37.44778,309.11,0.43,0.38,2026-08-07,23:24:00,N20,nominal,2.0NRT,291.37,1.01,N,VIIRS
48.05194,35.9513,306.49,0.48,0.4,2026-08-07,23:24:00,N20,nominal,2.0NRT,290.28,1.5,N,VIIRS
48.04422,35.84974,303.23,0.49,0.4,2026-08-07,23:24:00,N20,nominal,2.0NRT,290.74,0.82,N,VIIRS
48.04351,35.85624,297.01,0.49,0.4,2026-08-07,23:24:00,N20,nominal,2.0NRT,283.45,1.41,N,VIIRS
47.95427,36.35589,312.26,0.47,0.39,2026-08-07,23:24:00,N20,nominal,2.0NRT,291.26,1.47,N,VIIRS
47.89351,35.97686,311.36,0.48,0.4,2026-08-07,23:24:00,N20,nominal,2.0NRT,289.72,0.9,N,VIIRS
47.89278,35.98327,302.57,0.48,0.4,2026-08-07,23:24:00,N20,nominal,2.0NRT,289.74,0.9,N,VIIRS
47.89206,35.98966,308.5,0.48,0.4,2026-08-07,23:24:00,N20,nominal,2.0NRT,289.82,0.92,N,VIIRS
47.70566,37.19197,305.79,0.44,0.38,2026-08-07,23:24:00,N20,nominal,2.0NRT,291.28,1.87,N,VIIRS
47.70074,37.20263,314.74,0.44,0.38,2026-08-07,23:24:00,N20,nominal,2.0NRT,288.36,2.54,N,VIIRS
47.70104,36.82034,319.68,0.45,0.39,2026-08-07,23:24:00,N20,nominal,2.0NRT,291.91,1.66,N,VIIRS
47.70032,36.82627,310.34,0.45,0.39,2026-08-07,23:24:00,N20,nominal,2.0NRT,291.93,1.66,N,VIIRS
48.03002,33.73866,300.93,0.39,0.44,2026-08-07,23:24:00,N20,nominal,2.0NRT,289.54,0.27,N,VIIRS
48.02601,33.73783,310.68,0.39,0.44,2026-08-07,23:24:00,N20,nominal,2.0NRT,291.15,1.11,N,VIIRS
48.04789,31.63481,310.04,0.48,0.48,2026-08-07,23:24:00,N20,nominal,2.0NRT,289.37,1.41,N,VIIRS
48.04742,31.64123,311.46,0.48,0.48,2026-08-07,23:24:00,N20,nominal,2.0NRT,289.9,1.51,N,VIIRS
48.04299,31.64045,332.95,0.48,0.48,2026-08-07,23:24:00,N20,nominal,2.0NRT,295.98,16.75,N,VIIRS
48.04345,31.63404,315.8,0.48,0.48,2026-08-07,23:24:00,N20,nominal,2.0NRT,289.82,9.92,N,VIIRS
47.15001,35.90636,317.11,0.47,0.4,2026-08-07,23:24:00,N20,nominal,2.0NRT,290.53,2.68,N,VIIRS
47.09746,37.76798,321.37,0.42,0.37,2026-08-07,23:24:00,N20,nominal,2.0NRT,293.65,2.5,N,VIIRS
47.10015,37.77443,309.43,0.42,0.37,2026-08-07,23:24:00,N20,nominal,2.0NRT,293.59,2.84,N,VIIRS
47.10158,37.76352,330.59,0.42,0.37,2026-08-07,23:24:00,N20,nominal,2.0NRT,293.96,2.31,N,VIIRS
46.8714,32.80797,301.62,0.41,0.45,2026-08-07,23:24:00,N20,nominal,2.0NRT,290.76,1.2,N,VIIRS
46.87233,32.79712,301.75,0.42,0.45,2026-08-07,23:24:00,N20,nominal,2.0NRT,290.68,0.57,N,VIIRS
46.86347,32.99373,302.42,0.41,0.45,2026-08-07,23:24:00,N20,nominal,2.0NRT,291.57,0.89,N,VIIRS
46.88476,32.79951,302.34,0.42,0.45,2026-08-07,23:24:00,N20,nominal,2.0NRT,290.81,1.31,N,VIIRS
46.9079,32.96417,317.49,0.41,0.45,2026-08-07,23:24:00,N20,nominal,2.0NRT,290.51,3.9,N,VIIRS
46.91104,32.97571,318.11,0.41,0.45,2026-08-07,23:24:00,N20,nominal,2.0NRT,291.55,2.19,N,VIIRS
46.91153,32.97032,339.84,0.41,0.45,2026-08-07,23:24:00,N20,nominal,2.0NRT,293.65,3.9,N,VIIRS
46.91201,32.96496,331.93,0.41,0.45,2026-08-07,23:24:00,N20,nominal,2.0NRT,290.24,3.9,N,VIIRS
47.03542,31.49658,339.25,0.48,0.48,2026-08-07,23:24:00,N20,nominal,2.0NRT,293.17,5.79,N,VIIRS
46.91515,32.97651,318.28,0.41,0.45,2026-08-07,23:24:00,N20,nominal,2.0NRT,291.51,2.22,N,VIIRS
46.91563,32.97112,335.58,0.41,0.45,2026-08-07,23:24:00,N20,nominal,2.0NRT,292.46,2.92,N,VIIRS
47.03983,31.49739,343.16,0.48,0.48,2026-08-07,23:24:00,N20,nominal,2.0NRT,292.57,5.47,N,VIIRS
47.10499,37.7645,319.71,0.42,0.37,2026-08-07,23:24:00,N20,nominal,2.0NRT,292.97,2.31,N,VIIRS
47.30966,36.80017,339.67,0.44,0.39,2026-08-07,23:24:00,N20,nominal,2.0NRT,293.33,11.13,N,VIIRS
47.30577,37.94333,324.62,0.42,0.37,2026-08-07,23:24:00,N20,nominal,2.0NRT,292.83,1.43,N,VIIRS
47.84466,33.38507,306.78,0.4,0.44,2026-08-07,23:24:00,N20,nominal,2.0NRT,293.56,1.17,N,VIIRS
47.85881,33.44791,343.98,0.4,0.44,2026-08-07,23:24:00,N20,nominal,2.0NRT,297.73,34.74,N,VIIRS
47.86837,33.4334,321.65,0.4,0.44,2026-08-07,23:24:00,N20,nominal,2.0NRT,292.44,2.67,N,VIIRS
47.87196,33.43962,307.11,0.4,0.44,2026-08-07,23:24:00,N20,nominal,2.0NRT,292.98,1.43,N,VIIRS
50.36857,35.82442,301.49,0.52,0.41,2026-08-07,23:24:00,N20,nominal,2.0NRT,288.87,1.15,N,VIIRS
49.98419,37.54379,305.99,0.45,0.39,2026-08-07,23:24:00,N20,nominal,2.0NRT,282.42,1.31,N,VIIRS
49.91705,37.13256,306,0.46,0.39,2026-08-07,23:24:00,N20,nominal,2.0NRT,290.02,0.81,N,VIIRS
49.91137,37.11779,329.21,0.46,0.39,2026-08-07,23:24:00,N20,nominal,2.0NRT,291.34,4.06,N,VIIRS
49.91063,37.12418,315.13,0.46,0.39,2026-08-07,23:24:00,N20,nominal,2.0NRT,290.55,4.06,N,VIIRS
49.90247,37.1944,304.37,0.46,0.39,2026-08-07,23:24:00,N20,nominal,2.0NRT,288.72,0.51,N,VIIRS
49.90779,37.11678,328.96,0.46,0.39,2026-08-07,23:24:00,N20,nominal,2.0NRT,290.31,5.9,N,VIIRS
49.89964,37.18706,300.2,0.46,0.39,2026-08-07,23:24:00,N20,nominal,2.0NRT,289.25,0.49,N,VIIRS
49.89606,37.18608,304.14,0.46,0.39,2026-08-07,23:24:00,N20,nominal,2.0NRT,289.93,0.49,N,VIIRS
49.89249,37.18509,301.09,0.46,0.39,2026-08-07,23:24:00,N20,nominal,2.0NRT,289.87,0.55,N,VIIRS
49.69026,37.42653,298.73,0.45,0.39,2026-08-07,23:24:00,N20,nominal,2.0NRT,287.84,0.37,N,VIIRS
49.68816,37.42506,300.01,0.45,0.39,2026-08-07,23:24:00,N20,nominal,2.0NRT,288.29,0.3,N,VIIRS
49.41763,37.41883,315.38,0.45,0.39,2026-08-07,23:24:00,N20,nominal,2.0NRT,290.58,1.04,N,VIIRS
49.41411,37.41785,301.59,0.45,0.39,2026-08-07,23:24:00,N20,nominal,2.0NRT,290.3,1.04,N,VIIRS
49.56085,35.83082,300.67,0.51,0.41,2026-08-07,23:24:00,N20,nominal,2.0NRT,289.15,0.6,N,VIIRS
49.15204,36.55975,304.56,0.47,0.4,2026-08-07,23:24:00,N20,nominal,2.0NRT,289.46,0.48,N,VIIRS
48.99195,37.80405,299.44,0.43,0.38,2026-08-07,23:24:00,N20,nominal,2.0NRT,289.39,0.14,N,VIIRS
48.99067,37.80858,303.63,0.43,0.38,2026-08-07,23:24:00,N20,nominal,2.0NRT,290.4,0.54,N,VIIRS
48.9335,37.9491,319.86,0.43,0.38,2026-08-07,23:24:00,N20,nominal,2.0NRT,289.18,2.24,N,VIIRS
48.79774,38.98449,305.37,0.41,0.37,2026-08-07,23:24:00,N20,nominal,2.0NRT,291.73,0.9,N,VIIRS
48.9072,37.40466,303.3,0.44,0.39,2026-08-07,23:24:00,N20,nominal,2.0NRT,291.28,1.14,N,VIIRS
48.84694,37.80413,302.65,0.43,0.38,2026-08-07,23:24:00,N20,nominal,2.0NRT,291.47,0.68,N,VIIRS
45.52216,28.74146,303.03,0.62,0.54,2026-08-07,23:26:00,N20,nominal,2.0NRT,289.52,0.39,N,VIIRS
45.66594,28.95561,302.75,0.61,0.54,2026-08-07,23:26:00,N20,nominal,2.0NRT,290.2,0.53,N,VIIRS
45.67627,28.94914,309.39,0.61,0.54,2026-08-07,23:26:00,N20,nominal,2.0NRT,290.57,1.38,N,VIIRS
45.34904,36.46187,319.08,0.44,0.38,2026-08-07,23:26:00,N20,nominal,2.0NRT,294.24,2.57,N,VIIRS
46.13192,29.46445,311.09,0.58,0.52,2026-08-07,23:26:00,N20,nominal,2.0NRT,290.1,1.18,N,VIIRS
46.13676,29.46506,308.9,0.58,0.52,2026-08-07,23:26:00,N20,nominal,2.0NRT,290.35,1.18,N,VIIRS
46.13526,29.46447,320.91,0.58,0.52,2026-08-07,23:26:00,N20,nominal,2.0NRT,290.54,3.39,N,VIIRS
46.76126,33.60583,303.11,0.57,0.43,2026-08-07,23:26:00,N20,nominal,2.0NRT,290.17,2.45,N,VIIRS
46.78852,32.77593,309.63,0.42,0.45,2026-08-07,23:26:00,N20,nominal,2.0NRT,290.84,0.8,N,VIIRS
46.69343,33.06181,303.7,0.4,0.44,2026-08-07,23:26:00,N20,nominal,2.0NRT,290.52,0.74,N,VIIRS
46.69294,33.06709,305.2,0.4,0.44,2026-08-07,23:26:00,N20,nominal,2.0NRT,291.48,0.74,N,VIIRS
46.68934,33.06104,309.43,0.4,0.44,2026-08-07,23:26:00,N20,nominal,2.0NRT,291.55,2.05,N,VIIRS
46.68886,33.06632,313.27,0.4,0.44,2026-08-07,23:26:00,N20,nominal,2.0NRT,292.2,2.05,N,VIIRS
46.73783,32.47212,323.96,0.43,0.46,2026-08-07,23:26:00,N20,nominal,2.0NRT,290.64,2.32,N,VIIRS
46.68478,33.06552,334.07,0.4,0.44,2026-08-07,23:26:00,N20,nominal,2.0NRT,293.26,2.05,N,VIIRS
46.68575,33.05497,314.69,0.4,0.44,2026-08-07,23:26:00,N20,nominal,2.0NRT,291.49,1.92,N,VIIRS
46.68526,33.06025,319.02,0.4,0.44,2026-08-07,23:26:00,N20,nominal,2.0NRT,292.93,2.05,N,VIIRS
46.68118,33.05945,353.59,0.4,0.44,2026-08-07,23:26:00,N20,nominal,2.0NRT,295.38,7.93,N,VIIRS
46.76939,31.77851,312.29,0.46,0.47,2026-08-07,23:26:00,N20,nominal,2.0NRT,290.92,1.08,N,VIIRS
46.62384,32.95661,312.5,0.41,0.45,2026-08-07,23:26:00,N20,nominal,2.0NRT,290.83,1.02,N,VIIRS
46.82948,30.07184,317.73,0.55,0.51,2026-08-07,23:26:00,N20,nominal,2.0NRT,291.14,2.58,N,VIIRS
46.82863,30.07292,315.62,0.55,0.51,2026-08-07,23:26:00,N20,nominal,2.0NRT,291.01,1.75,N,VIIRS
46.35781,35.15118,309.39,0.49,0.4,2026-08-07,23:26:00,N20,nominal,2.0NRT,291.76,1.4,N,VIIRS
46.39507,34.7392,308.22,0.51,0.41,2026-08-07,23:26:00,N20,nominal,2.0NRT,291.53,1.44,N,VIIRS
46.39436,34.74583,304.09,0.51,0.41,2026-08-07,23:26:00,N20,nominal,2.0NRT,291.45,1.52,N,VIIRS
46.3913,34.73835,302.5,0.51,0.41,2026-08-07,23:26:00,N20,nominal,2.0NRT,291.12,1.51,N,VIIRS
46.56739,32.90678,303.6,0.41,0.45,2026-08-07,23:26:00,N20,nominal,2.0NRT,291.45,0.77,N,VIIRS
46.52968,33.00212,305.71,0.4,0.44,2026-08-07,23:26:00,N20,nominal,2.0NRT,290.87,0.51,N,VIIRS
46.52068,32.67264,331.62,0.42,0.45,2026-08-07,23:26:00,N20,nominal,2.0NRT,289.38,2.86,N,VIIRS
46.52022,32.67812,324.21,0.42,0.45,2026-08-07,23:26:00,N20,nominal,2.0NRT,291.11,2.86,N,VIIRS
46.51942,32.67069,324.03,0.42,0.45,2026-08-07,23:26:00,N20,nominal,2.0NRT,289.33,1.47,N,VIIRS
46.51893,32.67616,341.88,0.42,0.45,2026-08-07,23:26:00,N20,nominal,2.0NRT,292.08,5.75,N,VIIRS
46.51527,32.66991,299.78,0.42,0.45,2026-08-07,23:26:00,N20,nominal,2.0NRT,289.64,1.47,N,VIIRS
46.50039,32.78847,321.88,0.41,0.45,2026-08-07,23:26:00,N20,nominal,2.0NRT,293.15,2.55,N,VIIRS
46.39712,32.60835,325.35,0.42,0.45,2026-08-07,23:26:00,N20,nominal,2.0NRT,290.99,1.75,N,VIIRS
46.39761,32.60289,301.34,0.42,0.45,2026-08-07,23:26:00,N20,nominal,2.0NRT,290.65,1.75,N,VIIRS
46.39586,32.57478,305.5,0.42,0.45,2026-08-07,23:26:00,N20,nominal,2.0NRT,292.21,0.98,N,VIIRS
46.39538,32.43428,322.34,0.43,0.46,2026-08-07,23:26:00,N20,nominal,2.0NRT,292.43,2.42,N,VIIRS
46.39587,32.42871,305.09,0.43,0.46,2026-08-07,23:26:00,N20,nominal,2.0NRT,291.5,1.27,N,VIIRS
46.35908,32.41063,319.34,0.43,0.46,2026-08-07,23:26:00,N20,nominal,2.0NRT,291.7,2.04,N,VIIRS
46.3409,32.42427,301.73,0.43,0.46,2026-08-07,23:26:00,N20,nominal,2.0NRT,291.54,0.55,N,VIIRS
46.34737,32.24852,301.53,0.43,0.46,2026-08-07,23:26:00,N20,nominal,2.0NRT,290.86,0.54,N,VIIRS
46.28324,32.68599,311.55,0.41,0.45,2026-08-07,23:26:00,N20,nominal,2.0NRT,291.41,1.38,N,VIIRS
46.28275,32.69138,308.71,0.41,0.45,2026-08-07,23:26:00,N20,nominal,2.0NRT,291.46,1.38,N,VIIRS
46.1759,33.0466,308.99,0.4,0.44,2026-08-07,23:26:00,N20,nominal,2.0NRT,290.63,1.11,N,VIIRS
46.17543,33.05178,302.04,0.4,0.44,2026-08-07,23:26:00,N20,nominal,2.0NRT,290.23,0.6,N,VIIRS
