latitude,longitude,bright_ti4,scan,track,acq_date,acq_time,satellite,confidence,version,bright_ti5,frp,daynight,instrument
50.19341,36.6282,299.56,0.58,0.7,2026-09-01,00:58:00,N21,nominal,2.0NRT,281.29,1.7,N,VIIRS
52.159910000000004,34.03361,309.6,0.39,0.6,2026-09-01,00:58:00,N21,nominal,2.0NRT,282.57,1.06,N,VIIRS
52.3432,33.27367,295.45,0.36,0.58,2026-09-01,00:58:00,N21,nominal,2.0NRT,280.31,0.32,N,VIIRS
48.72182,36.44687,298.38,0.65,0.73,2026-09-01,01:00:00,N21,nominal,2.0NRT,279.85,1.37,N,VIIRS
50.96975,29.67553,311.64,0.58,0.52,2026-09-01,01:00:00,N21,nominal,2.0NRT,278.27,2.41,N,VIIRS
50.71956,30.71877,295.75,0.33,0.55,2026-09-01,01:00:00,N21,nominal,2.0NRT,284.93,0.83,N,VIIRS
50.72078,30.71452,307.88,0.33,0.55,2026-09-01,01:00:00,N21,nominal,2.0NRT,285.3,0.83,N,VIIRS
46.13302,32.70867,297.05,0.56,0.69,2026-09-01,01:00:00,N21,nominal,2.0NRT,282.97,1.56,N,VIIRS
50.72083,30.7146,309.24,0.33,0.55,2026-09-01,01:00:00,N21,nominal,2.0NRT,285.38,1.41,N,VIIRS
49.02211,36.8497,300.92,0.66,0.73,2026-09-01,01:00:00,N21,nominal,2.0NRT,279.11,1.34,N,VIIRS
48.9827,37.80102,295.8,0.72,0.75,2026-09-01,01:00:00,N21,nominal,2.0NRT,280.45,1.42,N,VIIRS
46.70067,33.66468,297.2,0.59,0.7,2026-09-01,01:00:00,N21,nominal,2.0NRT,281.4,1.77,N,VIIRS
47.0351,32.55548,297.22,0.51,0.66,2026-09-01,01:00:00,N21,nominal,2.0NRT,280.74,0.6,N,VIIRS
48.74616,26.60589,302.75,0.51,0.49,2026-09-01,01:00:00,N21,nominal,2.0NRT,289.94,1.47,N,VIIRS
47.54658,30.59883,295.95,0.41,0.6,2026-09-01,01:00:00,N21,nominal,2.0NRT,283.26,0.63,N,VIIRS
46.63898,33.35016,367,0.57,0.69,2026-09-01,01:00:00,N21,high,2.0NRT,290.72,22.71,N,VIIRS
48.97263,24.71158,304.16,0.42,0.45,2026-09-01,01:00:00,N21,nominal,2.0NRT,279.73,1.23,N,VIIRS
44.77118,33.85599,296.95,0.7,0.75,2026-09-01,01:00:00,N21,nominal,2.0NRT,286.14,1.68,N,VIIRS
45.88525,29.95876,297.56,0.43,0.62,2026-09-01,01:00:00,N21,nominal,2.0NRT,283.63,1.86,N,VIIRS
46.84736,34.42269,304.62,0.62,0.72,2026-09-01,01:00:00,N21,nominal,2.0NRT,281.16,1.53,N,VIIRS
46.84774,34.42255,309.11,0.63,0.72,2026-09-01,01:00:00,N21,nominal,2.0NRT,281.26,2.46,N,VIIRS
46.81857,33.90647,302.13,0.6,0.7,2026-09-01,01:00:00,N21,nominal,2.0NRT,280.73,3.86,N,VIIRS
46.81279,33.90215,334.97,0.6,0.7,2026-09-01,01:00:00,N21,nominal,2.0NRT,281.62,3.86,N,VIIRS
46.82047,33.83752,297.85,0.59,0.7,2026-09-01,01:00:00,N21,nominal,2.0NRT,281.48,0.96,N,VIIRS
46.70297,33.6665,295.91,0.59,0.7,2026-09-01,01:00:00,N21,nominal,2.0NRT,281.44,1.14,N,VIIRS
46.91082,35.59553,303.72,0.7,0.75,2026-09-01,01:00:00,N21,nominal,2.0NRT,281.58,2.76,N,VIIRS
46.91133,35.60059,305.82,0.7,0.75,2026-09-01,01:00:00,N21,nominal,2.0NRT,282,2.34,N,VIIRS
47.87031,33.43593,296.83,0.52,0.67,2026-09-01,01:00:00,N21,nominal,2.0NRT,285.93,1.29,N,VIIRS
48.59944,31.40728,313.96,0.41,0.6,2026-09-01,01:00:00,N21,nominal,2.0NRT,284.78,1.74,N,VIIRS
47.75037,35.47726,300.82,0.64,0.72,2026-09-01,01:00:00,N21,nominal,2.0NRT,281.39,1.49,N,VIIRS
48.52023,34.63279,298.2,0.56,0.69,2026-09-01,01:00:00,N21,nominal,2.0NRT,284.47,1.39,N,VIIRS
49.98602,31.0298,298.13,0.35,0.57,2026-09-01,01:00:00,N21,nominal,2.0NRT,287.57,0.72,N,VIIRS
48.05135,37.37355,300.05,0.75,0.77,2026-09-01,01:00:00,N21,nominal,2.0NRT,282.09,2.01,N,VIIRS
50.43902,30.66523,305.22,0.33,0.55,2026-09-01,01:00:00,N21,nominal,2.0NRT,283.7,4.87,N,VIIRS
50.43779,30.66949,367,0.33,0.55,2026-09-01,01:00:00,N21,high,2.0NRT,287.89,7.61,N,VIIRS
50.44244,30.67283,303.98,0.33,0.55,2026-09-01,01:00:00,N21,nominal,2.0NRT,287.63,0.82,N,VIIRS
48.47697,37.07813,296.75,0.7,0.75,2026-09-01,01:00:00,N21,nominal,2.0NRT,280,1.59,N,VIIRS
48.72207,36.4518,296.46,0.65,0.73,2026-09-01,01:00:00,N21,nominal,2.0NRT,280.17,1.4,N,VIIRS
48.53169,37.05839,304.62,0.7,0.75,2026-09-01,01:00:00,N21,nominal,2.0NRT,285.58,3.25,N,VIIRS
48.48005,37.07545,299.21,0.7,0.75,2026-09-01,01:00:00,N21,nominal,2.0NRT,280,2.75,N,VIIRS
45.58844,29.5483,303.28,0.42,0.61,2026-09-01,01:02:00,N21,nominal,2.0NRT,281.83,0.71,N,VIIRS
45.59364,29.55154,306.79,0.42,0.61,2026-09-01,01:02:00,N21,nominal,2.0NRT,282.69,1.45,N,VIIRS
45.59249,29.55043,318.11,0.42,0.61,2026-09-01,01:02:00,N21,nominal,2.0NRT,282.98,1.96,N,VIIRS
46.64714,35.14013,340,0.73,0.76,2026-09-01,09:05:00,N21,nominal,2.0NRT,299.11,9.19,D,VIIRS
48.97591,38.19138,343.91,0.45,0.63,2026-09-01,09:05:00,N21,nominal,2.0NRT,310.08,10.28,D,VIIRS
48.46675,36.653,340,0.55,0.68,2026-09-01,09:05:00,N21,nominal,2.0NRT,303.29,3.44,D,VIIRS
48.98117,38.18757,367,0.45,0.63,2026-09-01,09:05:00,N21,high,2.0NRT,312.96,13.77,D,VIIRS
48.97938,38.18199,367,0.46,0.63,2026-09-01,09:05:00,N21,high,2.0NRT,310.07,13.77,D,VIIRS
48.98646,38.18382,340.25,0.45,0.63,2026-09-01,09:05:00,N21,nominal,2.0NRT,304.45,13.77,D,VIIRS
48.83156,37.68444,339.59,0.48,0.65,2026-09-01,09:05:00,N21,nominal,2.0NRT,301.18,6.72,D,VIIRS
48.82959,37.6784,343.8,0.48,0.65,2026-09-01,09:05:00,N21,nominal,2.0NRT,301.13,6.72,D,VIIRS
48.92987,37.9262,342.7,0.47,0.64,2026-09-01,09:05:00,N21,nominal,2.0NRT,305.55,3.32,D,VIIRS
49.01064,38.07324,367,0.46,0.63,2026-09-01,09:05:00,N21,high,2.0NRT,306.73,15.94,D,VIIRS
49.01249,38.07891,331.4,0.46,0.63,2026-09-01,09:05:00,N21,nominal,2.0NRT,305.19,10.96,D,VIIRS
49.00505,38.05599,338.19,0.46,0.63,2026-09-01,09:05:00,N21,nominal,2.0NRT,307,7.04,D,VIIRS
48.94885,37.86328,354.47,0.47,0.64,2026-09-01,09:05:00,N21,nominal,2.0NRT,309.56,13.05,D,VIIRS
48.94662,37.83624,330.7,0.47,0.64,2026-09-01,09:05:00,N21,low,2.0NRT,303.1,4.31,D,VIIRS
48.95958,37.85571,367,0.47,0.64,2026-09-01,09:05:00,N21,high,2.0NRT,312.08,23.79,D,VIIRS
48.95122,37.78957,337.95,0.47,0.64,2026-09-01,09:05:00,N21,nominal,2.0NRT,304.75,7.58,D,VIIRS
46.79603,36.5994,338.82,0.63,0.72,2026-09-01,09:05:00,N21,nominal,2.0NRT,305.79,6.6,D,VIIRS
48.99586,37.88624,341.57,0.47,0.64,2026-09-01,09:05:00,N21,nominal,2.0NRT,304.59,7.76,D,VIIRS
49.06945,38.094,367,0.46,0.63,2026-09-01,09:05:00,N21,high,2.0NRT,307.41,19.81,D,VIIRS
48.97565,37.74264,349.29,0.47,0.64,2026-09-01,09:05:00,N21,nominal,2.0NRT,311.2,31.13,D,VIIRS
47.88575,34.58946,335.96,0.7,0.75,2026-09-01,09:05:00,N21,nominal,2.0NRT,305.45,6.49,D,VIIRS
47.8919,34.58487,338.32,0.7,0.75,2026-09-01,09:05:00,N21,nominal,2.0NRT,303.29,5.43,D,VIIRS
47.41351,35.19753,336.02,0.68,0.74,2026-09-01,09:05:00,N21,nominal,2.0NRT,303.88,8.47,D,VIIRS
47.17951,34.56679,353.41,0.74,0.76,2026-09-01,09:05:00,N21,nominal,2.0NRT,304.12,22.67,D,VIIRS
49.06485,37.95506,333.85,0.46,0.64,2026-09-01,09:05:00,N21,nominal,2.0NRT,304.21,5.33,D,VIIRS
47.88877,34.58962,349.73,0.7,0.75,2026-09-01,09:05:00,N21,nominal,2.0NRT,305.34,10.76,D,VIIRS
49.12864,38.07086,330.39,0.45,0.63,2026-09-01,09:05:00,N21,nominal,2.0NRT,304.55,11.85,D,VIIRS
49.13576,38.07275,367,0.45,0.63,2026-09-01,09:05:00,N21,high,2.0NRT,307.2,11.85,D,VIIRS
49.13392,38.06706,367,0.45,0.63,2026-09-01,09:05:00,N21,high,2.0NRT,305.81,11.85,D,VIIRS
49.06002,37.83965,330.12,0.47,0.64,2026-09-01,09:05:00,N21,low,2.0NRT,302.7,3.79,D,VIIRS
49.1315,38.01935,351.19,0.46,0.63,2026-09-01,09:05:00,N21,nominal,2.0NRT,305.1,8.3,D,VIIRS
47.91617,34.47261,330.47,0.7,0.75,2026-09-01,09:05:00,N21,nominal,2.0NRT,300.86,3.56,D,VIIRS
49.36745,38.68006,354.13,0.42,0.61,2026-09-01,09:05:00,N21,nominal,2.0NRT,306.49,8.05,D,VIIRS
49.10843,37.86725,340.78,0.46,0.64,2026-09-01,09:05:00,N21,nominal,2.0NRT,301.61,6.21,D,VIIRS
49.13758,37.93719,367,0.46,0.64,2026-09-01,09:05:00,N21,high,2.0NRT,304,12.2,D,VIIRS
49.13939,37.94278,346.06,0.46,0.64,2026-09-01,09:05:00,N21,nominal,2.0NRT,305.88,12.2,D,VIIRS
48.3387,35.53333,367,0.61,0.71,2026-09-01,09:05:00,N21,high,2.0NRT,302.87,20.43,D,VIIRS
49.14988,37.91454,333.28,0.46,0.64,2026-09-01,09:05:00,N21,nominal,2.0NRT,305.16,8.5,D,VIIRS
49.14808,37.90895,352.21,0.46,0.64,2026-09-01,09:05:00,N21,nominal,2.0NRT,302.84,8.63,D,VIIRS
49.24501,38.13086,337.71,0.45,0.63,2026-09-01,09:05:00,N21,nominal,2.0NRT,303.22,4.8,D,VIIRS
48.33876,35.53129,367,0.61,0.71,2026-09-01,09:05:00,N21,high,2.0NRT,302.11,14.61,D,VIIRS
48.2995,38.99357,341.77,0.44,0.63,2026-09-01,09:05:00,N21,nominal,2.0NRT,307,8.41,D,VIIRS
48.29782,38.98824,342.73,0.44,0.63,2026-09-01,09:05:00,N21,nominal,2.0NRT,307.49,8.41,D,VIIRS
47.23573,35.81918,336.17,0.66,0.73,2026-09-01,09:05:00,N21,nominal,2.0NRT,301.66,4.51,D,VIIRS
48.30463,38.98959,367,0.44,0.63,2026-09-01,09:05:00,N21,high,2.0NRT,310.82,28.72,D,VIIRS
48.30293,38.98418,367,0.44,0.63,2026-09-01,09:05:00,N21,high,2.0NRT,305.77,28.72,D,VIIRS
48.30125,38.97884,348.92,0.44,0.63,2026-09-01,09:05:00,N21,nominal,2.0NRT,304.22,24.83,D,VIIRS
46.82333,34.59911,344.23,0.76,0.77,2026-09-01,09:05:00,N21,nominal,2.0NRT,304.52,14.18,D,VIIRS
46.82007,34.59032,330.35,0.76,0.77,2026-09-01,09:05:00,N21,low,2.0NRT,302.69,13.17,D,VIIRS
47.27382,35.81966,338.94,0.65,0.73,2026-09-01,09:05:00,N21,nominal,2.0NRT,303.97,8.48,D,VIIRS
47.2909,35.84654,330.01,0.65,0.73,2026-09-01,09:05:00,N21,low,2.0NRT,303.58,9.16,D,VIIRS
48.83646,38.33268,367,0.45,0.63,2026-09-01,09:05:00,N21,high,2.0NRT,311.85,27.42,D,VIIRS
48.76633,38.15359,350.57,0.46,0.64,2026-09-01,09:05:00,N21,nominal,2.0NRT,306.93,12.64,D,VIIRS
48.11064,36.22784,333.63,0.59,0.7,2026-09-01,09:05:00,N21,nominal,2.0NRT,300.87,3.65,D,VIIRS
48.36608,36.97594,332.81,0.54,0.68,2026-09-01,09:05:00,N21,nominal,2.0NRT,302.71,5.13,D,VIIRS
48.36825,36.9824,333.21,0.54,0.67,2026-09-01,09:05:00,N21,nominal,2.0NRT,301.35,5.13,D,VIIRS
47.29967,35.84997,331.45,0.65,0.73,2026-09-01,09:05:00,N21,low,2.0NRT,303.78,6.21,D,VIIRS
47.29694,35.84224,335.84,0.65,0.73,2026-09-01,09:05:00,N21,nominal,2.0NRT,304.69,8.05,D,VIIRS
46.96227,35.01654,331.88,0.72,0.76,2026-09-01,09:05:00,N21,nominal,2.0NRT,303.57,5.07,D,VIIRS
46.82049,34.59525,367,0.76,0.77,2026-09-01,09:05:00,N21,high,2.0NRT,304.19,17.12,D,VIIRS
49.21204,37.94243,349.36,0.46,0.63,2026-09-01,09:05:00,N21,nominal,2.0NRT,302.69,5.47,D,VIIRS
49.23026,37.95842,335.86,0.46,0.63,2026-09-01,09:05:00,N21,nominal,2.0NRT,302.18,6.05,D,VIIRS
49.22963,37.91618,340.98,0.46,0.63,2026-09-01,09:05:00,N21,nominal,2.0NRT,302.91,6.14,D,VIIRS
49.27234,37.94764,337.34,0.45,0.63,2026-09-01,09:05:00,N21,nominal,2.0NRT,302.7,3.74,D,VIIRS
49.16623,37.59917,330.16,0.47,0.64,2026-09-01,09:05:00,N21,low,2.0NRT,301.57,4.8,D,VIIRS
48.58261,35.82449,342.81,0.59,0.7,2026-09-01,09:05:00,N21,nominal,2.0NRT,304.39,12.55,D,VIIRS
49.2683,37.85396,332,0.46,0.63,2026-09-01,09:05:00,N21,nominal,2.0NRT,306.63,4.05,D,VIIRS
47.90854,33.89254,341.23,0.74,0.76,2026-09-01,09:05:00,N21,nominal,2.0NRT,299.17,9.05,D,VIIRS
48.6808,36.1348,337.23,0.56,0.69,2026-09-01,09:05:00,N21,nominal,2.0NRT,301.6,6.75,D,VIIRS
48.58111,35.8312,351.41,0.59,0.7,2026-09-01,09:05:00,N21,nominal,2.0NRT,302.63,10.03,D,VIIRS
47.90813,33.89105,337.19,0.74,0.76,2026-09-01,09:05:00,N21,nominal,2.0NRT,299.14,9.59,D,VIIRS
49.28057,37.74693,344.91,0.46,0.64,2026-09-01,09:05:00,N21,nominal,2.0NRT,300.35,5.22,D,VIIRS
47.94288,33.89747,332.59,0.74,0.76,2026-09-01,09:05:00,N21,nominal,2.0NRT,300.2,7.07,D,VIIRS
49.34656,37.88995,367,0.45,0.63,2026-09-01,09:05:00,N21,high,2.0NRT,302.04,12.11,D,VIIRS
49.39816,37.98991,338.54,0.45,0.63,2026-09-01,09:05:00,N21,nominal,2.0NRT,305.85,6.85,D,VIIRS
48.74826,35.9354,338.21,0.57,0.69,2026-09-01,09:05:00,N21,nominal,2.0NRT,304.14,8.74,D,VIIRS
49.4562,38.0304,344.88,0.44,0.63,2026-09-01,09:05:00,N21,nominal,2.0NRT,301.97,5.94,D,VIIRS
49.45295,38.03258,347.58,0.44,0.63,2026-09-01,09:05:00,N21,nominal,2.0NRT,302.21,4.9,D,VIIRS
48.7464,35.93889,331.34,0.57,0.69,2026-09-01,09:05:00,N21,low,2.0NRT,304.22,5.42,D,VIIRS
49.23352,37.03847,336.55,0.5,0.66,2026-09-01,09:05:00,N21,nominal,2.0NRT,303.84,7.37,D,VIIRS
49.23889,37.03424,355.12,0.5,0.66,2026-09-01,09:05:00,N21,nominal,2.0NRT,302.41,28.06,D,VIIRS
49.23687,37.02811,349.36,0.5,0.66,2026-09-01,09:05:00,N21,nominal,2.0NRT,308.81,28.06,D,VIIRS
49.60041,38.11252,347.3,0.44,0.62,2026-09-01,09:05:00,N21,nominal,2.0NRT,301.7,4.99,D,VIIRS
49.23558,37.0324,367,0.5,0.66,2026-09-01,09:05:00,N21,high,2.0NRT,312.02,56.11,D,VIIRS
49.52449,37.90603,348.7,0.45,0.63,2026-09-01,09:05:00,N21,nominal,2.0NRT,302.55,6.72,D,VIIRS
49.23353,37.02632,341.29,0.5,0.66,2026-09-01,09:05:00,N21,nominal,2.0NRT,302.74,29.86,D,VIIRS
49.59871,38.11568,349.63,0.44,0.62,2026-09-01,09:05:00,N21,nominal,2.0NRT,303.43,6.88,D,VIIRS
49.61737,37.97398,336.04,0.44,0.62,2026-09-01,09:05:00,N21,nominal,2.0NRT,300.07,4.29,D,VIIRS
49.6295,37.93146,330.78,0.44,0.63,2026-09-01,09:05:00,N21,nominal,2.0NRT,300.79,2.77,D,VIIRS
49.58978,37.76698,332.63,0.45,0.63,2026-09-01,09:05:00,N21,nominal,2.0NRT,300.45,4.08,D,VIIRS
49.59027,37.76276,333.42,0.45,0.63,2026-09-01,09:05:00,N21,nominal,2.0NRT,299.56,4.47,D,VIIRS
49.7866,38.27246,351.27,0.42,0.61,2026-09-01,09:05:00,N21,nominal,2.0NRT,303.29,6.34,D,VIIRS
49.88315,38.5185,340.09,0.41,0.61,2026-09-01,09:05:00,N21,nominal,2.0NRT,304.27,4.83,D,VIIRS
49.68771,37.8836,367,0.44,0.63,2026-09-01,09:05:00,N21,high,2.0NRT,305.05,36.03,D,VIIRS
49.68591,37.87797,345.92,0.44,0.63,2026-09-01,09:05:00,N21,nominal,2.0NRT,302.89,46.21,D,VIIRS
49.69299,37.87998,367,0.44,0.63,2026-09-01,09:05:00,N21,high,2.0NRT,312.17,36.03,D,VIIRS
49.70008,37.88199,345.61,0.44,0.63,2026-09-01,09:05:00,N21,nominal,2.0NRT,298.62,31.49,D,VIIRS
49.69831,37.8765,336.87,0.44,0.63,2026-09-01,09:05:00,N21,nominal,2.0NRT,310.41,31.49,D,VIIRS
49.70199,37.72691,330.06,0.45,0.63,2026-09-01,09:05:00,N21,nominal,2.0NRT,298.26,6,D,VIIRS
49.63293,37.51217,331.01,0.46,0.64,2026-09-01,09:05:00,N21,nominal,2.0NRT,297.72,3.26,D,VIIRS
49.7072,37.72293,344.08,0.45,0.63,2026-09-01,09:05:00,N21,nominal,2.0NRT,297.24,6,D,VIIRS
49.70366,37.72477,367,0.45,0.63,2026-09-01,09:05:00,N21,high,2.0NRT,300.25,9.2,D,VIIRS
49.63364,37.5109,334.46,0.46,0.64,2026-09-01,09:05:00,N21,nominal,2.0NRT,297.27,2.62,D,VIIRS
49.79382,37.80345,332.93,0.44,0.63,2026-09-01,09:05:00,N21,nominal,2.0NRT,301.74,4.98,D,VIIRS
49.79901,37.79956,343.72,0.44,0.63,2026-09-01,09:05:00,N21,nominal,2.0NRT,298.98,4.98,D,VIIRS
49.81284,37.80254,329.19,0.44,0.62,2026-09-01,09:05:00,N21,nominal,2.0NRT,298.74,1.95,D,VIIRS
49.78575,37.69801,336.29,0.45,0.63,2026-09-01,09:05:00,N21,nominal,2.0NRT,302.88,7.05,D,VIIRS
49.86544,37.92718,343.21,0.43,0.62,2026-09-01,09:05:00,N21,nominal,2.0NRT,300.06,6.71,D,VIIRS
49.84632,37.86713,348.31,0.44,0.62,2026-09-01,09:05:00,N21,nominal,2.0NRT,302.54,7.49,D,VIIRS
49.07181,35.4655,367,0.58,0.7,2026-09-01,09:05:00,N21,high,2.0NRT,298.88,26.14,D,VIIRS
49.06812,35.46627,338.03,0.58,0.7,2026-09-01,09:05:00,N21,nominal,2.0NRT,297.85,7.77,D,VIIRS
49.07383,35.46177,330.41,0.58,0.7,2026-09-01,09:05:00,N21,nominal,2.0NRT,296.49,7.77,D,VIIRS
49.71562,37.23757,329.17,0.47,0.64,2026-09-01,09:05:00,N21,nominal,2.0NRT,298.71,6.23,D,VIIRS
49.71371,37.23174,331.4,0.47,0.64,2026-09-01,09:05:00,N21,nominal,2.0NRT,298.34,3.82,D,VIIRS
49.86518,37.67642,349.11,0.44,0.63,2026-09-01,09:05:00,N21,nominal,2.0NRT,299.76,9.97,D,VIIRS
49.79532,37.40061,332.32,0.46,0.63,2026-09-01,09:05:00,N21,nominal,2.0NRT,300.69,6.68,D,VIIRS
49.80055,37.39653,367,0.46,0.63,2026-09-01,09:05:00,N21,high,2.0NRT,300.38,6.68,D,VIIRS
49.90301,37.57276,367,0.45,0.63,2026-09-01,09:05:00,N21,high,2.0NRT,303.44,10.3,D,VIIRS
49.75316,37.13005,342.95,0.47,0.64,2026-09-01,09:05:00,N21,nominal,2.0NRT,297.74,4.8,D,VIIRS
49.90567,37.57344,367,0.45,0.63,2026-09-01,09:05:00,N21,high,2.0NRT,301.53,10.15,D,VIIRS
50.02066,37.78947,367,0.43,0.62,2026-09-01,09:05:00,N21,high,2.0NRT,301.49,15.69,D,VIIRS
50.02588,37.78576,339.93,0.43,0.62,2026-09-01,09:05:00,N21,nominal,2.0NRT,299.97,4.72,D,VIIRS
49.95175,37.49529,351.95,0.45,0.63,2026-09-01,09:05:00,N21,nominal,2.0NRT,298.96,14.73,D,VIIRS
50.11874,37.60458,367,0.44,0.62,2026-09-01,09:05:00,N21,high,2.0NRT,304.57,21.87,D,VIIRS
50.12394,37.60076,367,0.44,0.62,2026-09-01,09:05:00,N21,high,2.0NRT,304.5,26.02,D,VIIRS
50.12218,37.59527,350.39,0.44,0.62,2026-09-01,09:05:00,N21,nominal,2.0NRT,302.62,12.43,D,VIIRS
50.12743,37.59159,344.33,0.44,0.62,2026-09-01,09:05:00,N21,nominal,2.0NRT,302.12,12.43,D,VIIRS
48.25161,36.92717,354.76,0.54,0.68,2026-09-01,09:05:00,N21,nominal,2.0NRT,304.85,9.33,D,VIIRS
48.02068,36.2079,367,0.59,0.7,2026-09-01,09:05:00,N21,high,2.0NRT,314.2,37.36,D,VIIRS
48.14467,36.56948,338.87,0.57,0.69,2026-09-01,09:05:00,N21,nominal,2.0NRT,299.85,4.73,D,VIIRS
48.02639,36.20335,337.5,0.59,0.7,2026-09-01,09:05:00,N21,nominal,2.0NRT,300.16,37.36,D,VIIRS
47.93157,35.92994,344.2,0.61,0.71,2026-09-01,09:05:00,N21,nominal,2.0NRT,302.56,13.8,D,VIIRS
48.23478,36.91964,335,0.54,0.68,2026-09-01,09:05:00,N21,nominal,2.0NRT,300.52,3.93,D,VIIRS
47.44176,34.70769,338.82,0.71,0.75,2026-09-01,09:05:00,N21,nominal,2.0NRT,304.57,12.98,D,VIIRS
47.19725,34.06178,346.97,0.78,0.78,2026-09-01,09:05:00,N21,nominal,2.0NRT,306.3,21.2,D,VIIRS
47.19382,34.05284,345.99,0.78,0.78,2026-09-01,09:05:00,N21,nominal,2.0NRT,303.56,17.59,D,VIIRS
48.25047,36.92434,333.83,0.54,0.68,2026-09-01,09:05:00,N21,nominal,2.0NRT,300.84,8.67,D,VIIRS
47.35935,34.44558,337.87,0.74,0.76,2026-09-01,09:05:00,N21,nominal,2.0NRT,303.63,5.85,D,VIIRS
48.01628,36.20802,367,0.59,0.7,2026-09-01,09:05:00,N21,high,2.0NRT,303.24,18.67,D,VIIRS
48.14194,36.56811,335.03,0.57,0.69,2026-09-01,09:05:00,N21,nominal,2.0NRT,300.15,3.69,D,VIIRS
48.01882,36.21525,337.2,0.59,0.7,2026-09-01,09:05:00,N21,nominal,2.0NRT,300.36,15.83,D,VIIRS
48.02454,36.21073,341.08,0.59,0.7,2026-09-01,09:05:00,N21,nominal,2.0NRT,300.53,29.17,D,VIIRS
48.02201,36.20354,349.32,0.59,0.7,2026-09-01,09:05:00,N21,nominal,2.0NRT,305.59,38.54,D,VIIRS
47.93177,35.92688,367,0.61,0.71,2026-09-01,09:05:00,N21,high,2.0NRT,303.14,11.7,D,VIIRS
48.52722,37.64383,332.18,0.5,0.65,2026-09-01,09:05:00,N21,nominal,2.0NRT,305.06,3.96,D,VIIRS
48.28165,36.89207,330.71,0.54,0.68,2026-09-01,09:05:00,N21,nominal,2.0NRT,303.6,2.4,D,VIIRS
48.10793,36.34545,367,0.58,0.7,2026-09-01,09:05:00,N21,high,2.0NRT,302.42,26.89,D,VIIRS
48.10556,36.33864,345.08,0.58,0.7,2026-09-01,09:05:00,N21,nominal,2.0NRT,299.24,18.45,D,VIIRS
47.98858,36.004,339.13,0.61,0.71,2026-09-01,09:05:00,N21,nominal,2.0NRT,302.86,6.6,D,VIIRS
47.77665,35.38738,340.14,0.65,0.73,2026-09-01,09:05:00,N21,nominal,2.0NRT,305.56,13.18,D,VIIRS
48.54271,37.58849,339.38,0.5,0.66,2026-09-01,09:05:00,N21,nominal,2.0NRT,301.1,10.79,D,VIIRS
48.5408,37.58272,352.21,0.5,0.66,2026-09-01,09:05:00,N21,nominal,2.0NRT,301.3,10.79,D,VIIRS
48.812,38.39803,337.1,0.45,0.63,2026-09-01,09:05:00,N21,nominal,2.0NRT,305.28,7.21,D,VIIRS
48.81728,38.39435,336.14,0.45,0.63,2026-09-01,09:05:00,N21,nominal,2.0NRT,301.98,7.21,D,VIIRS
48.18704,37.31627,333.47,0.53,0.67,2026-09-01,09:05:00,N21,low,2.0NRT,303.88,6.52,D,VIIRS
47.27322,35.82357,330.23,0.65,0.73,2026-09-01,09:05:00,N21,low,2.0NRT,303.67,8.86,D,VIIRS
48.3673,39.03767,335.91,0.44,0.62,2026-09-01,09:05:00,N21,nominal,2.0NRT,303.12,3.26,D,VIIRS
47.29647,35.84605,330.74,0.65,0.73,2026-09-01,09:05:00,N21,low,2.0NRT,304.3,11.07,D,VIIRS
47.29372,35.83836,331.01,0.65,0.73,2026-09-01,09:05:00,N21,low,2.0NRT,302.95,7.35,D,VIIRS
47.66059,36.75572,335.61,0.58,0.7,2026-09-01,09:05:00,N21,low,2.0NRT,306.01,6.26,D,VIIRS
47.68472,36.72112,334.68,0.58,0.7,2026-09-01,09:05:00,N21,nominal,2.0NRT,303.99,5.16,D,VIIRS
48.37181,38.74804,330.45,0.45,0.63,2026-09-01,09:05:00,N21,low,2.0NRT,303.04,8.85,D,VIIRS
47.68925,36.72282,331.95,0.58,0.7,2026-09-01,09:05:00,N21,low,2.0NRT,303.49,5.86,D,VIIRS
47.68687,36.71596,333.14,0.58,0.7,2026-09-01,09:05:00,N21,low,2.0NRT,305.32,5.86,D,VIIRS
48.37223,38.74297,342.03,0.45,0.63,2026-09-01,09:05:00,N21,nominal,2.0NRT,303.98,8.5,D,VIIRS
47.99176,37.48316,347.26,0.53,0.67,2026-09-01,09:05:00,N21,nominal,2.0NRT,305.18,6.1,D,VIIRS
47.72675,36.64352,353.54,0.58,0.7,2026-09-01,09:05:00,N21,nominal,2.0NRT,303.4,10.87,D,VIIRS
48.23848,37.96231,344.29,0.49,0.65,2026-09-01,09:05:00,N21,nominal,2.0NRT,302.92,8.43,D,VIIRS
48.37552,38.38783,334.62,0.47,0.64,2026-09-01,09:05:00,N21,nominal,2.0NRT,306.28,4.14,D,VIIRS
48.23755,37.96722,340.85,0.49,0.65,2026-09-01,09:05:00,N21,nominal,2.0NRT,304.44,7.49,D,VIIRS
47.1786,34.56451,367,0.74,0.76,2026-09-01,09:05:00,N21,high,2.0NRT,306.96,33.38,D,VIIRS
47.41004,35.19806,348.22,0.69,0.74,2026-09-01,09:05:00,N21,nominal,2.0NRT,303.47,9.77,D,VIIRS
47.51281,35.44154,335.65,0.66,0.73,2026-09-01,09:05:00,N21,nominal,2.0NRT,301.39,4.02,D,VIIRS
47.1763,34.55824,367,0.74,0.76,2026-09-01,09:05:00,N21,high,2.0NRT,304.12,22.67,D,VIIRS
47.28115,38.00755,367,0.53,0.67,2026-09-01,09:05:00,N21,high,2.0NRT,306.17,11.57,D,VIIRS
46.79903,36.52261,367,0.63,0.72,2026-09-01,09:05:00,N21,high,2.0NRT,307.08,18.52,D,VIIRS
46.79936,36.52501,367,0.63,0.72,2026-09-01,09:05:00,N21,high,2.0NRT,306.62,15.99,D,VIIRS
46.69023,36.06969,331.52,0.67,0.74,2026-09-01,09:05:00,N21,nominal,2.0NRT,303,4.19,D,VIIRS
47.24164,37.57585,353.37,0.55,0.68,2026-09-01,09:05:00,N21,nominal,2.0NRT,304.89,8.52,D,VIIRS
46.96645,36.66302,355.35,0.62,0.71,2026-09-01,09:05:00,N21,nominal,2.0NRT,303.37,17.97,D,VIIRS
46.96389,36.65561,354.77,0.62,0.71,2026-09-01,09:05:00,N21,nominal,2.0NRT,302.55,17.97,D,VIIRS
46.71037,35.84669,336.33,0.68,0.74,2026-09-01,09:05:00,N21,nominal,2.0NRT,302.67,11.54,D,VIIRS
46.70765,35.83901,332.01,0.68,0.74,2026-09-01,09:05:00,N21,nominal,2.0NRT,301.29,10.15,D,VIIRS
46.96624,36.65968,367,0.62,0.71,2026-09-01,09:05:00,N21,high,2.0NRT,305.75,32.79,D,VIIRS
46.70658,35.84667,345.83,0.68,0.74,2026-09-01,09:05:00,N21,nominal,2.0NRT,303.26,11.53,D,VIIRS
46.82077,36.07947,330.52,0.66,0.73,2026-09-01,09:05:00,N21,nominal,2.0NRT,305.01,3.39,D,VIIRS
46.82473,36.04789,346.37,0.66,0.73,2026-09-01,09:05:00,N21,nominal,2.0NRT,304.79,8.59,D,VIIRS
46.86107,36.02169,349.23,0.66,0.73,2026-09-01,09:05:00,N21,nominal,2.0NRT,305.6,9.78,D,VIIRS
46.85834,36.02195,335.85,0.66,0.73,2026-09-01,09:05:00,N21,nominal,2.0NRT,304.61,4.34,D,VIIRS
46.86448,36.01782,335.71,0.66,0.73,2026-09-01,09:05:00,N21,nominal,2.0NRT,305.41,4.47,D,VIIRS
46.77757,35.71329,331.67,0.69,0.74,2026-09-01,09:05:00,N21,low,2.0NRT,302.66,6.21,D,VIIRS
47.22801,36.88114,351.29,0.59,0.7,2026-09-01,09:05:00,N21,nominal,2.0NRT,304.47,122.25,D,VIIRS
47.4511,33.89946,330.41,0.77,0.77,2026-09-01,09:05:00,N21,low,2.0NRT,301.44,5.21,D,VIIRS
47.26654,36.84554,335.47,0.59,0.7,2026-09-01,09:05:00,N21,nominal,2.0NRT,302.73,5.78,D,VIIRS
48.68573,38.78472,332.35,0.44,0.62,2026-09-01,09:05:00,N21,nominal,2.0NRT,305.23,3.36,D,VIIRS
47.93193,36.50592,331.77,0.58,0.7,2026-09-01,09:05:00,N21,nominal,2.0NRT,302.4,4.93,D,VIIRS
48.04865,36.80407,338.03,0.56,0.69,2026-09-01,09:05:00,N21,nominal,2.0NRT,302.44,5.96,D,VIIRS
48.43494,37.94216,338.56,0.49,0.65,2026-09-01,09:05:00,N21,nominal,2.0NRT,304.17,5.24,D,VIIRS
47.67035,35.67569,334.92,0.64,0.72,2026-09-01,09:05:00,N21,nominal,2.0NRT,301.99,3.66,D,VIIRS
47.24398,34.41634,338.75,0.75,0.77,2026-09-01,09:05:00,N21,nominal,2.0NRT,302.66,9.71,D,VIIRS
47.24332,34.41581,337.22,0.75,0.77,2026-09-01,09:05:00,N21,nominal,2.0NRT,301.94,4.09,D,VIIRS
48.79763,38.80591,367,0.43,0.62,2026-09-01,09:05:00,N21,high,2.0NRT,312.71,28.42,D,VIIRS
48.7959,38.80043,340.97,0.44,0.62,2026-09-01,09:05:00,N21,nominal,2.0NRT,306.98,28.42,D,VIIRS
47.76929,35.74425,332.04,0.63,0.72,2026-09-01,09:05:00,N21,nominal,2.0NRT,301.18,9.12,D,VIIRS
47.36384,34.56623,331.96,0.73,0.76,2026-09-01,09:05:00,N21,nominal,2.0NRT,301.28,4.64,D,VIIRS
48.42735,37.578360000000004,338.68,0.5,0.66,2026-09-01,09:05:00,N21,nominal,2.0NRT,302.94,5.08,D,VIIRS
48.19881,36.87492,330.41,0.55,0.68,2026-09-01,09:05:00,N21,low,2.0NRT,302.83,6.39,D,VIIRS
47.19592,34.05305,367,0.78,0.78,2026-09-01,09:05:00,N21,high,2.0NRT,304.5,14.86,D,VIIRS
47.44108,34.71065,347.69,0.72,0.75,2026-09-01,09:05:00,N21,nominal,2.0NRT,305.59,14.31,D,VIIRS
47.19931,34.06204,331.18,0.78,0.78,2026-09-01,09:05:00,N21,nominal,2.0NRT,304.27,14.86,D,VIIRS
47.35968,34.44735,337.87,0.74,0.76,2026-09-01,09:05:00,N21,nominal,2.0NRT,303.28,7.3,D,VIIRS
48.24599,36.93131,331.11,0.54,0.68,2026-09-01,09:05:00,N21,nominal,2.0NRT,303.09,2.95,D,VIIRS
48.38204,36.89872,340.79,0.54,0.68,2026-09-01,09:05:00,N21,nominal,2.0NRT,303.78,6.74,D,VIIRS
48.27471,36.58053,355.3,0.56,0.69,2026-09-01,09:05:00,N21,nominal,2.0NRT,301.37,11.3,D,VIIRS
48.3665,36.97683,346.61,0.54,0.67,2026-09-01,09:05:00,N21,nominal,2.0NRT,303.78,7.33,D,VIIRS
48.76662,38.15335,350.02,0.46,0.64,2026-09-01,09:05:00,N21,nominal,2.0NRT,307.59,12.5,D,VIIRS
48.83764,38.33184,367,0.45,0.63,2026-09-01,09:05:00,N21,high,2.0NRT,310.48,25.04,D,VIIRS
48.81322,38.196040000000004,367,0.46,0.64,2026-09-01,09:05:00,N21,high,2.0NRT,306.41,11.22,D,VIIRS
48.81138,38.19037,367,0.46,0.64,2026-09-01,09:05:00,N21,high,2.0NRT,303.21,11.22,D,VIIRS
48.3801,36.89358,336.59,0.54,0.68,2026-09-01,09:05:00,N21,nominal,2.0NRT,301.74,9.25,D,VIIRS
48.94627,38.59013,367,0.44,0.62,2026-09-01,09:05:00,N21,high,2.0NRT,311.01,20.9,D,VIIRS
48.27924,36.57899,367,0.56,0.69,2026-09-01,09:05:00,N21,high,2.0NRT,306.69,21.47,D,VIIRS
48.94454,38.58469,351.96,0.44,0.62,2026-09-01,09:05:00,N21,nominal,2.0NRT,310.3,20.9,D,VIIRS
48.277,36.57251,343.24,0.56,0.69,2026-09-01,09:05:00,N21,nominal,2.0NRT,300.41,21.47,D,VIIRS
48.46589,37.10526,335.16,0.52,0.67,2026-09-01,09:05:00,N21,nominal,2.0NRT,300.34,5.38,D,VIIRS
48.46161,37.0926,348.02,0.53,0.67,2026-09-01,09:05:00,N21,nominal,2.0NRT,301.51,8.18,D,VIIRS
48.47043,37.07764,337.41,0.53,0.67,2026-09-01,09:05:00,N21,nominal,2.0NRT,299.73,4.7,D,VIIRS
48.15194,36.10848,335.8,0.59,0.7,2026-09-01,09:05:00,N21,nominal,2.0NRT,302.77,4.52,D,VIIRS
47.64469,34.67467,335.55,0.71,0.75,2026-09-01,09:05:00,N21,nominal,2.0NRT,298.52,12.3,D,VIIRS
48.79147,37.84446,336.38,0.48,0.64,2026-09-01,09:05:00,N21,nominal,2.0NRT,304.79,5.2,D,VIIRS
46.64858,35.14216,343.35,0.73,0.76,2026-09-01,09:05:00,N21,nominal,2.0NRT,299.2,5.78,D,VIIRS
47.26654,36.83714,330.3,0.59,0.7,2026-09-01,09:05:00,N21,low,2.0NRT,302.18,9.93,D,VIIRS
46.91871,35.60118,337.39,0.69,0.74,2026-09-01,09:05:00,N21,nominal,2.0NRT,303.61,7.14,D,VIIRS
47.89254,38.31124,339.82,0.49,0.65,2026-09-01,09:05:00,N21,nominal,2.0NRT,304.98,7.65,D,VIIRS
46.92091,35.59777,340.1,0.69,0.74,2026-09-01,09:05:00,N21,nominal,2.0NRT,303.67,10.39,D,VIIRS
47.88993,38.30963,341.03,0.49,0.65,2026-09-01,09:05:00,N21,nominal,2.0NRT,304.47,8.72,D,VIIRS
47.83162,38.07098,331.92,0.5,0.66,2026-09-01,09:05:00,N21,low,2.0NRT,302.82,3.97,D,VIIRS
47.83595,37.79495,348.93,0.52,0.67,2026-09-01,09:05:00,N21,nominal,2.0NRT,301.49,14.73,D,VIIRS
47.83397,37.78891,354.09,0.52,0.67,2026-09-01,09:05:00,N21,nominal,2.0NRT,300.05,14.47,D,VIIRS
47.83108,37.79445,367,0.52,0.67,2026-09-01,09:05:00,N21,high,2.0NRT,301.53,10.01,D,VIIRS
47.8366,37.79047,367,0.52,0.67,2026-09-01,09:05:00,N21,high,2.0NRT,302.26,7.54,D,VIIRS
47.64568,37.16315,367,0.56,0.69,2026-09-01,09:05:00,N21,high,2.0NRT,304.78,13.21,D,VIIRS
48.29613,38.98288,367,0.44,0.63,2026-09-01,09:05:00,N21,high,2.0NRT,305.76,17.2,D,VIIRS
48.79174,37.84712,337.1,0.48,0.64,2026-09-01,09:05:00,N21,nominal,2.0NRT,304.78,5.79,D,VIIRS
48.55682,37.04169,331.52,0.52,0.67,2026-09-01,09:05:00,N21,nominal,2.0NRT,301.16,3.43,D,VIIRS
48.81179,37.7665,332.9,0.48,0.65,2026-09-01,09:05:00,N21,nominal,2.0NRT,302.73,5.14,D,VIIRS
50.41908,35.30859,331.12,0.53,0.67,2026-09-01,09:07:00,N21,nominal,2.0NRT,286.51,3.46,D,VIIRS
50.31479,36.20237,327.86,0.49,0.65,2026-09-01,09:07:00,N21,nominal,2.0NRT,295.54,4.33,D,VIIRS
50.31142,36.87003,333.32,0.46,0.64,2026-09-01,09:07:00,N21,nominal,2.0NRT,296.81,3.66,D,VIIRS
50.28545,36.81147,341.83,0.47,0.64,2026-09-01,09:07:00,N21,nominal,2.0NRT,297.67,10.1,D,VIIRS
50.30138,36.89963,349.83,0.46,0.64,2026-09-01,09:07:00,N21,nominal,2.0NRT,299.94,7.65,D,VIIRS
50.19749,36.62749,339.63,0.48,0.64,2026-09-01,09:07:00,N21,nominal,2.0NRT,299.77,8.24,D,VIIRS
50.19548,36.62149,367,0.48,0.64,2026-09-01,09:07:00,N21,high,2.0NRT,298.53,14.77,D,VIIRS
50.19215,36.63156,334.23,0.48,0.64,2026-09-01,09:07:00,N21,nominal,2.0NRT,295.68,8.24,D,VIIRS
50.39869,37.27512,334.84,0.44,0.63,2026-09-01,09:07:00,N21,nominal,2.0NRT,300.08,10.38,D,VIIRS
50.40051,37.2807,367,0.44,0.62,2026-09-01,09:07:00,N21,high,2.0NRT,302.44,17.77,D,VIIRS
50.10509,36.43345,340.09,0.49,0.65,2026-09-01,09:07:00,N21,nominal,2.0NRT,297.36,5.17,D,VIIRS
50.19712,36.62353,367,0.48,0.64,2026-09-01,09:07:00,N21,high,2.0NRT,302.69,12.57,D,VIIRS
50.19373,36.63356,328.85,0.48,0.64,2026-09-01,09:07:00,N21,nominal,2.0NRT,295.77,12.57,D,VIIRS
50.3974,37.27983,353.91,0.44,0.63,2026-09-01,09:07:00,N21,nominal,2.0NRT,301.11,10.11,D,VIIRS
50.39919,37.2854,347.69,0.44,0.63,2026-09-01,09:07:00,N21,nominal,2.0NRT,298.62,10.11,D,VIIRS
50.10769,36.43473,339.12,0.49,0.65,2026-09-01,09:07:00,N21,nominal,2.0NRT,298.26,7.9,D,VIIRS
50.23124,36.92931,336.01,0.46,0.64,2026-09-01,09:07:00,N21,nominal,2.0NRT,298.18,4.93,D,VIIRS
50.38642,37.44583,332.78,0.44,0.62,2026-09-01,09:07:00,N21,nominal,2.0NRT,297.07,6.08,D,VIIRS
50.38819,37.45131,335.25,0.44,0.62,2026-09-01,09:07:00,N21,nominal,2.0NRT,298.32,6.27,D,VIIRS
50.2469,37.07716,339.67,0.46,0.63,2026-09-01,09:07:00,N21,nominal,2.0NRT,307.6,56.94,D,VIIRS
50.24872,37.08268,367,0.46,0.63,2026-09-01,09:07:00,N21,high,2.0NRT,302.87,52.93,D,VIIRS
50.02917,36.44333,345.48,0.49,0.65,2026-09-01,09:07:00,N21,nominal,2.0NRT,300.04,9.73,D,VIIRS
50.03125,36.44947,331.82,0.49,0.65,2026-09-01,09:07:00,N21,nominal,2.0NRT,296.96,8.11,D,VIIRS
50.23984,37.07563,350.71,0.46,0.63,2026-09-01,09:07:00,N21,nominal,2.0NRT,300.91,19.86,D,VIIRS
50.24348,37.0867,354.95,0.46,0.63,2026-09-01,09:07:00,N21,nominal,2.0NRT,303.04,30.53,D,VIIRS
50.24168,37.08125,367,0.46,0.63,2026-09-01,09:07:00,N21,high,2.0NRT,310.18,19.86,D,VIIRS
50.23641,37.08517,330.26,0.46,0.63,2026-09-01,09:07:00,N21,nominal,2.0NRT,299.75,19.86,D,VIIRS
50.24199,37.10214,344.68,0.46,0.63,2026-09-01,09:07:00,N21,nominal,2.0NRT,299.69,8.39,D,VIIRS
50.07805,36.8278,337.56,0.47,0.64,2026-09-01,09:07:00,N21,nominal,2.0NRT,295.84,16.73,D,VIIRS
50.08006,36.83388,367,0.47,0.64,2026-09-01,09:07:00,N21,high,2.0NRT,302.02,16.73,D,VIIRS
50.28789,37.51041,344.1,0.44,0.62,2026-09-01,09:07:00,N21,nominal,2.0NRT,299.06,3.91,D,VIIRS
50.28969,37.51601,337.21,0.44,0.62,2026-09-01,09:07:00,N21,nominal,2.0NRT,298.85,3.91,D,VIIRS
50.18491,37.35267,344.41,0.45,0.63,2026-09-01,09:07:00,N21,nominal,2.0NRT,296.81,7.15,D,VIIRS
50.14822,37.26072,329.01,0.45,0.63,2026-09-01,09:07:00,N21,nominal,2.0NRT,295.83,4.32,D,VIIRS
50.16036,37.33735,342.34,0.45,0.63,2026-09-01,09:07:00,N21,nominal,2.0NRT,298.57,7.35,D,VIIRS
50.18409,37.35678,342.26,0.45,0.63,2026-09-01,09:07:00,N21,nominal,2.0NRT,296.75,7.06,D,VIIRS
50.14784,37.26447,335.27,0.45,0.63,2026-09-01,09:07:00,N21,nominal,2.0NRT,295.55,5.42,D,VIIRS
50.16309,37.33185,331.46,0.45,0.63,2026-09-01,09:07:00,N21,nominal,2.0NRT,297.45,5.84,D,VIIRS
50.21371,37.54943,328.69,0.44,0.62,2026-09-01,09:07:00,N21,low,2.0NRT,300.02,3.92,D,VIIRS
50.14537,37.47748,337.03,0.44,0.63,2026-09-01,09:07:00,N21,nominal,2.0NRT,299.71,5.45,D,VIIRS
50.17571,37.57121,339.31,0.44,0.62,2026-09-01,09:07:00,N21,nominal,2.0NRT,300.1,9.42,D,VIIRS
50.17749,37.57672,340.48,0.44,0.62,2026-09-01,09:07:00,N21,nominal,2.0NRT,298.55,7.07,D,VIIRS
50.1688,37.56976,342.03,0.44,0.62,2026-09-01,09:07:00,N21,nominal,2.0NRT,301.58,9.42,D,VIIRS
50.12554,37.59527,351.59,0.44,0.62,2026-09-01,09:07:00,N21,nominal,2.0NRT,303.63,9.09,D,VIIRS
49.16337,37.60156,342.84,0.41,0.45,2026-09-01,10:45:00,N21,nominal,2.0NRT,311.68,4.92,D,VIIRS
46.40589,32.45108,348.78,0.4,0.37,2026-09-01,10:45:00,N21,low,2.0NRT,322.75,28.83,D,VIIRS
46.5274,33.17882,341.47,0.41,0.37,2026-09-01,10:45:00,N21,low,2.0NRT,315.79,9.5,D,VIIRS
46.53079,33.1779,348.22,0.41,0.37,2026-09-01,10:45:00,N21,low,2.0NRT,319.04,16.03,D,VIIRS
46.8725,36.00816,338.94,0.5,0.41,2026-09-01,10:45:00,N21,low,2.0NRT,312.96,24.49,D,VIIRS
46.87181,36.00159,338.43,0.5,0.41,2026-09-01,10:45:00,N21,low,2.0NRT,313.13,24.49,D,VIIRS
46.81201,35.44958,344.52,0.48,0.4,2026-09-01,10:45:00,N21,nominal,2.0NRT,313.43,4.13,D,VIIRS
46.00803,29.572,336.7,0.39,0.36,2026-09-01,10:45:00,N21,low,2.0NRT,309.89,3.09,D,VIIRS
46.81567,35.44873,339.39,0.48,0.4,2026-09-01,10:45:00,N21,low,2.0NRT,312.77,4.13,D,VIIRS
46.43233,32.35142,367,0.4,0.37,2026-09-01,10:45:00,N21,high,2.0NRT,349.2,58.69,D,VIIRS
46.43303,32.35653,338.9,0.4,0.37,2026-09-01,10:45:00,N21,nominal,2.0NRT,313.7,58.69,D,VIIRS
46.43565,32.35046,367,0.4,0.37,2026-09-01,10:45:00,N21,high,2.0NRT,344.85,58.69,D,VIIRS
46.81131,35.44938,346.79,0.48,0.4,2026-09-01,10:45:00,N21,nominal,2.0NRT,313.69,6.55,D,VIIRS
46.43634,32.35557,349.78,0.4,0.37,2026-09-01,10:45:00,N21,nominal,2.0NRT,315.27,58.69,D,VIIRS
46.87312,36.00805,347.44,0.5,0.41,2026-09-01,10:45:00,N21,nominal,2.0NRT,314.76,19.61,D,VIIRS
46.81496,35.44853,339.58,0.48,0.4,2026-09-01,10:45:00,N21,nominal,2.0NRT,313.17,5.02,D,VIIRS
46.53228,32.70786,345.29,0.4,0.37,2026-09-01,10:45:00,N21,nominal,2.0NRT,316.48,9.62,D,VIIRS
46.53562,32.70691,340.86,0.4,0.37,2026-09-01,10:45:00,N21,nominal,2.0NRT,314.43,3.27,D,VIIRS
46.92021,35.8366,347.04,0.5,0.41,2026-09-01,10:45:00,N21,low,2.0NRT,317.65,18.44,D,VIIRS
46.57538,32.90147,345.88,0.41,0.37,2026-09-01,10:45:00,N21,low,2.0NRT,319.15,87.33,D,VIIRS
46.63751,33.35206,353.79,0.42,0.37,2026-09-01,10:45:00,N21,nominal,2.0NRT,316.24,17.66,D,VIIRS
46.91187,35.58144,347.88,0.49,0.4,2026-09-01,10:45:00,N21,nominal,2.0NRT,315.96,7.97,D,VIIRS
46.9206,35.59249,343.57,0.49,0.4,2026-09-01,10:45:00,N21,low,2.0NRT,315.14,11.76,D,VIIRS
46.92497,35.59803,339.76,0.49,0.4,2026-09-01,10:45:00,N21,low,2.0NRT,313.81,9.41,D,VIIRS
46.90628,35.42721,340.76,0.48,0.4,2026-09-01,10:45:00,N21,nominal,2.0NRT,309.86,3.52,D,VIIRS
46.6113,32.96234,344.57,0.41,0.37,2026-09-01,10:45:00,N21,nominal,2.0NRT,314.67,8.34,D,VIIRS
46.823,34.59955,346.86,0.45,0.39,2026-09-01,10:45:00,N21,nominal,2.0NRT,315.05,13.78,D,VIIRS
46.82174,34.5982,341.21,0.45,0.39,2026-09-01,10:45:00,N21,low,2.0NRT,316.03,10.29,D,VIIRS
46.82394,34.58556,367,0.45,0.39,2026-09-01,10:45:00,N21,high,2.0NRT,329.92,87.26,D,VIIRS
46.82747,34.58468,367,0.45,0.39,2026-09-01,10:45:00,N21,low,2.0NRT,327.85,66.27,D,VIIRS
46.66905,33.02615,347.37,0.41,0.37,2026-09-01,10:45:00,N21,low,2.0NRT,319.49,15.34,D,VIIRS
46.58504,32.19318,346.44,0.4,0.37,2026-09-01,10:45:00,N21,nominal,2.0NRT,314.27,7.35,D,VIIRS
47.17514,37.20318,339.86,0.57,0.43,2026-09-01,10:45:00,N21,nominal,2.0NRT,309.83,7.88,D,VIIRS
46.71307,33.06895,344.09,0.41,0.37,2026-09-01,10:45:00,N21,nominal,2.0NRT,313.26,6.65,D,VIIRS
47.27629,38.00441,367,0.41,0.45,2026-09-01,10:45:00,N21,high,2.0NRT,312.72,9.41,D,VIIRS
47.27676,38.00982,355.89,0.41,0.45,2026-09-01,10:45:00,N21,nominal,2.0NRT,311.58,10.66,D,VIIRS
47.27581,37.999,341.21,0.41,0.45,2026-09-01,10:45:00,N21,nominal,2.0NRT,309.43,9.41,D,VIIRS
47.27467,38.00257,367,0.41,0.45,2026-09-01,10:45:00,N21,high,2.0NRT,312,9.34,D,VIIRS
47.23886,37.57788,367,0.39,0.44,2026-09-01,10:45:00,N21,high,2.0NRT,314.89,8.67,D,VIIRS
47.27556,38.013420000000004,341.79,0.41,0.45,2026-09-01,10:45:00,N21,nominal,2.0NRT,310.14,4.3,D,VIIRS
47.27511,38.00798,348.97,0.41,0.45,2026-09-01,10:45:00,N21,nominal,2.0NRT,309.06,9.34,D,VIIRS
47.24244,37.57192,343.46,0.39,0.44,2026-09-01,10:45:00,N21,nominal,2.0NRT,310.93,5.31,D,VIIRS
47.14285,36.40248,340.37,0.53,0.42,2026-09-01,10:45:00,N21,nominal,2.0NRT,308.97,8.99,D,VIIRS
47.29979,37.90462,367,0.41,0.45,2026-09-01,10:45:00,N21,high,2.0NRT,319.43,119.13,D,VIIRS
47.29933,37.89929,367,0.41,0.45,2026-09-01,10:45:00,N21,high,2.0NRT,358,119.13,D,VIIRS
47.30024,37.90996,333.95,0.41,0.45,2026-09-01,10:45:00,N21,nominal,2.0NRT,308.72,4.43,D,VIIRS
47.29843,37.88862,332.38,0.41,0.45,2026-09-01,10:45:00,N21,low,2.0NRT,306.6,122.89,D,VIIRS
47.29888,37.89396,367,0.41,0.45,2026-09-01,10:45:00,N21,low,2.0NRT,354.32,122.89,D,VIIRS
47.30342,37.89847,338.88,0.41,0.45,2026-09-01,10:45:00,N21,nominal,2.0NRT,312.11,4.11,D,VIIRS
47.30296,37.89312,340.05,0.41,0.45,2026-09-01,10:45:00,N21,nominal,2.0NRT,308.61,3.27,D,VIIRS
47.20648,36.77766,334.97,0.55,0.42,2026-09-01,10:45:00,N21,low,2.0NRT,309.12,4.06,D,VIIRS
47.21424,36.77608,339.01,0.55,0.42,2026-09-01,10:45:00,N21,nominal,2.0NRT,310.98,10.95,D,VIIRS
47.19845,35.92025,337.53,0.51,0.41,2026-09-01,10:45:00,N21,low,2.0NRT,309.2,2.99,D,VIIRS
47.20353,35.93266,342.19,0.51,0.41,2026-09-01,10:45:00,N21,nominal,2.0NRT,311.72,9.2,D,VIIRS
46.70374,31.79982,335.67,0.39,0.36,2026-09-01,10:45:00,N21,nominal,2.0NRT,298.17,3.24,D,VIIRS
47.21101,35.93094,344.75,0.51,0.41,2026-09-01,10:45:00,N21,low,2.0NRT,316.24,46.73,D,VIIRS
46.91672,33.09751,340.61,0.41,0.37,2026-09-01,10:45:00,N21,low,2.0NRT,314.59,4.73,D,VIIRS
47.23745,35.8168,339.01,0.5,0.41,2026-09-01,10:45:00,N21,nominal,2.0NRT,312.34,3.4,D,VIIRS
46.98658,33.31306,352.21,0.42,0.37,2026-09-01,10:45:00,N21,nominal,2.0NRT,318.47,9.89,D,VIIRS
47.19922,35.01647,347.59,0.47,0.4,2026-09-01,10:45:00,N21,nominal,2.0NRT,314.63,10.09,D,VIIRS
47.1997,35.01485,343.29,0.47,0.4,2026-09-01,10:45:00,N21,nominal,2.0NRT,317.15,15.57,D,VIIRS
47.2033,35.01398,340.45,0.47,0.4,2026-09-01,10:45:00,N21,nominal,2.0NRT,314.97,15.57,D,VIIRS
47.24765,35.35616,343.06,0.48,0.4,2026-09-01,10:45:00,N21,low,2.0NRT,315.23,11.68,D,VIIRS
47.30199,35.84152,337.87,0.5,0.41,2026-09-01,10:45:00,N21,low,2.0NRT,311.85,3.8,D,VIIRS
47.05684,33.6272,347.63,0.43,0.38,2026-09-01,10:45:00,N21,nominal,2.0NRT,316.11,6.61,D,VIIRS
47.20036,34.53013,343.08,0.45,0.39,2026-09-01,10:45:00,N21,low,2.0NRT,315.18,5.59,D,VIIRS
47.47094,37.05281,336.29,0.56,0.43,2026-09-01,10:45:00,N21,low,2.0NRT,310.46,2.58,D,VIIRS
47.07373,33.30958,342.71,0.42,0.38,2026-09-01,10:45:00,N21,low,2.0NRT,317.39,3.93,D,VIIRS
46.85708,31.65081,337.26,0.39,0.36,2026-09-01,10:45:00,N21,nominal,2.0NRT,307.25,3.25,D,VIIRS
47.23602,34.42986,347.98,0.45,0.39,2026-09-01,10:45:00,N21,nominal,2.0NRT,316.35,4.87,D,VIIRS
47.22494,34.3057,340.86,0.45,0.39,2026-09-01,10:45:00,N21,low,2.0NRT,314.97,5.63,D,VIIRS
47.124,33.48321,348.59,0.42,0.38,2026-09-01,10:45:00,N21,nominal,2.0NRT,316.09,9.25,D,VIIRS
47.12321,33.48709,344.41,0.42,0.38,2026-09-01,10:45:00,N21,low,2.0NRT,317.14,5.38,D,VIIRS
47.12253,33.48156,345.03,0.42,0.38,2026-09-01,10:45:00,N21,low,2.0NRT,317.34,5.38,D,VIIRS
47.22844,34.30912,347.6,0.45,0.39,2026-09-01,10:45:00,N21,low,2.0NRT,318.16,12.16,D,VIIRS
47.22776,34.30326,343.54,0.45,0.39,2026-09-01,10:45:00,N21,low,2.0NRT,314.77,4.9,D,VIIRS
47.29791,34.82608,353.85,0.46,0.39,2026-09-01,10:45:00,N21,nominal,2.0NRT,314.24,14.56,D,VIIRS
47.3015,34.82519,347.64,0.46,0.39,2026-09-01,10:45:00,N21,nominal,2.0NRT,315.18,13.49,D,VIIRS
47.14514,33.49259,348.35,0.42,0.38,2026-09-01,10:45:00,N21,nominal,2.0NRT,317.25,7.27,D,VIIRS
47.14857,33.49166,341.51,0.42,0.38,2026-09-01,10:45:00,N21,low,2.0NRT,314.54,7.27,D,VIIRS
47.14788,33.48614,343.93,0.42,0.38,2026-09-01,10:45:00,N21,nominal,2.0NRT,315.83,7.27,D,VIIRS
47.15131,33.48521,345.47,0.42,0.38,2026-09-01,10:45:00,N21,nominal,2.0NRT,317.37,12.95,D,VIIRS
47.26571,34.31792,337.32,0.45,0.39,2026-09-01,10:45:00,N21,nominal,2.0NRT,310.72,8.57,D,VIIRS
47.26922,34.317,337.75,0.45,0.39,2026-09-01,10:45:00,N21,low,2.0NRT,311.8,8.57,D,VIIRS
47.16103,33.14273,339.79,0.42,0.37,2026-09-01,10:45:00,N21,low,2.0NRT,314.43,9.22,D,VIIRS
47.16442,33.1418,341.37,0.42,0.37,2026-09-01,10:45:00,N21,low,2.0NRT,314.31,3.87,D,VIIRS
47.64307,37.49721,339.05,0.39,0.44,2026-09-01,10:45:00,N21,nominal,2.0NRT,304.21,4.74,D,VIIRS
47.3448,34.55984,347.06,0.45,0.39,2026-09-01,10:45:00,N21,nominal,2.0NRT,313.63,9.01,D,VIIRS
47.64618,37.39602,336.51,0.39,0.44,2026-09-01,10:45:00,N21,nominal,2.0NRT,306.98,19.7,D,VIIRS
47.64571,37.39088,352.99,0.39,0.44,2026-09-01,10:45:00,N21,nominal,2.0NRT,320.72,19.7,D,VIIRS
47.64713,37.39471,341.45,0.39,0.44,2026-09-01,10:45:00,N21,nominal,2.0NRT,311.46,13.33,D,VIIRS
47.64668,37.38955,344.19,0.39,0.44,2026-09-01,10:45:00,N21,nominal,2.0NRT,316.48,33.42,D,VIIRS
47.35599,34.446,352.18,0.45,0.39,2026-09-01,10:45:00,N21,nominal,2.0NRT,315.51,8.16,D,VIIRS
47.26297,33.65545,351.34,0.43,0.38,2026-09-01,10:45:00,N21,nominal,2.0NRT,319.32,10,D,VIIRS
47.64175,37.10347,345.74,0.57,0.43,2026-09-01,10:45:00,N21,nominal,2.0NRT,312.94,7.86,D,VIIRS
47.64107,37.09597,349.4,0.57,0.43,2026-09-01,10:45:00,N21,nominal,2.0NRT,314.21,7.86,D,VIIRS
47.65114,37.16327,334.17,0.57,0.43,2026-09-01,10:45:00,N21,low,2.0NRT,309.08,8.67,D,VIIRS
47.65512,37.16251,349.04,0.57,0.43,2026-09-01,10:45:00,N21,nominal,2.0NRT,309.77,8.67,D,VIIRS
47.85144,39.40594,367,0.48,0.48,2026-09-01,10:45:00,N21,high,2.0NRT,315.54,18.36,D,VIIRS
47.85189,39.412350000000004,343.99,0.48,0.48,2026-09-01,10:45:00,N21,nominal,2.0NRT,313.31,18.36,D,VIIRS
47.85099,39.39955,341.12,0.48,0.48,2026-09-01,10:45:00,N21,nominal,2.0NRT,310.26,11.99,D,VIIRS
47.20065,32.85127,337.49,0.41,0.37,2026-09-01,10:45:00,N21,nominal,2.0NRT,311.73,3.75,D,VIIRS
47.51303,35.36441,339.98,0.49,0.4,2026-09-01,10:45:00,N21,low,2.0NRT,313.33,7.16,D,VIIRS
47.89582,39.59021,338.32,0.49,0.49,2026-09-01,10:45:00,N21,nominal,2.0NRT,310.04,6,D,VIIRS
47.89981,39.58278,333.75,0.49,0.49,2026-09-01,10:45:00,N21,low,2.0NRT,308.09,6,D,VIIRS
47.8541,38.73229,337.71,0.45,0.47,2026-09-01,10:45:00,N21,low,2.0NRT,310.14,3.46,D,VIIRS
47.80925,38.17919,341.41,0.42,0.45,2026-09-01,10:45:00,N21,nominal,2.0NRT,311.44,4.96,D,VIIRS
47.80878,38.17356,344.78,0.42,0.45,2026-09-01,10:45:00,N21,nominal,2.0NRT,312.68,5.72,D,VIIRS
47.80831,38.16795,341.73,0.42,0.45,2026-09-01,10:45:00,N21,nominal,2.0NRT,311.66,5.72,D,VIIRS
47.81342,38.17844,342.31,0.42,0.45,2026-09-01,10:45:00,N21,nominal,2.0NRT,313.33,13.17,D,VIIRS
47.81295,38.17281,352.14,0.42,0.45,2026-09-01,10:45:00,N21,nominal,2.0NRT,317.23,16.38,D,VIIRS
47.81247,38.16719,344.38,0.42,0.45,2026-09-01,10:45:00,N21,nominal,2.0NRT,313.14,16.38,D,VIIRS
47.68242,36.72406,339.59,0.55,0.43,2026-09-01,10:45:00,N21,low,2.0NRT,311.65,10.68,D,VIIRS
47.55044,35.36228,341.06,0.49,0.4,2026-09-01,10:45:00,N21,nominal,2.0NRT,313.23,5.65,D,VIIRS
47.15554,32.09996,344.45,0.4,0.37,2026-09-01,10:45:00,N21,nominal,2.0NRT,313.95,5.78,D,VIIRS
47.15886,32.09898,367,0.4,0.37,2026-09-01,10:45:00,N21,high,2.0NRT,314.03,5.78,D,VIIRS
47.16048,32.09607,354.45,0.4,0.37,2026-09-01,10:45:00,N21,nominal,2.0NRT,315.88,7.79,D,VIIRS
47.59848,35.7324,336.43,0.5,0.41,2026-09-01,10:45:00,N21,low,2.0NRT,311.11,4.23,D,VIIRS
47.75615,37.32411,345.26,0.39,0.44,2026-09-01,10:45:00,N21,nominal,2.0NRT,314.34,4.89,D,VIIRS
47.32782,33.13258,344.81,0.42,0.37,2026-09-01,10:45:00,N21,nominal,2.0NRT,309.66,7.96,D,VIIRS
47.32644,33.12166,342.96,0.42,0.37,2026-09-01,10:45:00,N21,nominal,2.0NRT,311.33,6.69,D,VIIRS
47.87393,38.28723,353.11,0.43,0.46,2026-09-01,10:45:00,N21,nominal,2.0NRT,317.52,20.28,D,VIIRS
47.83356,37.79544,339.65,0.41,0.45,2026-09-01,10:45:00,N21,nominal,2.0NRT,308.51,3.04,D,VIIRS
47.83171,37.77353,337.85,0.41,0.45,2026-09-01,10:45:00,N21,nominal,2.0NRT,306.92,4.41,D,VIIRS
47.83672,37.7837,341.74,0.41,0.45,2026-09-01,10:45:00,N21,nominal,2.0NRT,313.45,5.69,D,VIIRS
47.83627,37.77826,339.52,0.41,0.45,2026-09-01,10:45:00,N21,nominal,2.0NRT,307.46,68.95,D,VIIRS
47.84082,37.78293,337.94,0.41,0.45,2026-09-01,10:45:00,N21,nominal,2.0NRT,307.92,5.69,D,VIIRS
47.62903,35.54901,337.09,0.49,0.41,2026-09-01,10:45:00,N21,low,2.0NRT,310.86,8.8,D,VIIRS
47.64862,35.70055,344.66,0.5,0.41,2026-09-01,10:45:00,N21,nominal,2.0NRT,305.89,8.41,D,VIIRS
47.89162,38.29557,367,0.43,0.46,2026-09-01,10:45:00,N21,high,2.0NRT,320.53,23.39,D,VIIRS
47.89116,38.28978,367,0.43,0.46,2026-09-01,10:45:00,N21,high,2.0NRT,342.83,247.84,D,VIIRS
47.89209,38.30139,345.13,0.43,0.46,2026-09-01,10:45:00,N21,nominal,2.0NRT,314.94,23.39,D,VIIRS
47.65236,35.69968,343.33,0.5,0.41,2026-09-01,10:45:00,N21,nominal,2.0NRT,307.01,8.41,D,VIIRS
47.89676,38.30647,341.23,0.43,0.46,2026-09-01,10:45:00,N21,low,2.0NRT,313.42,6.98,D,VIIRS
47.89581,38.2947,335.94,0.43,0.46,2026-09-01,10:45:00,N21,nominal,2.0NRT,307.83,7.59,D,VIIRS
47.89535,38.28893,343.11,0.43,0.46,2026-09-01,10:45:00,N21,nominal,2.0NRT,308.33,4.34,D,VIIRS
47.45467,33.90174,346.73,0.44,0.38,2026-09-01,10:45:00,N21,nominal,2.0NRT,312.8,10.23,D,VIIRS
47.45398,33.89598,347.14,0.44,0.38,2026-09-01,10:45:00,N21,nominal,2.0NRT,311.46,13.36,D,VIIRS
47.55794,34.37514,339.35,0.45,0.39,2026-09-01,10:45:00,N21,nominal,2.0NRT,308,5.79,D,VIIRS
47.55676,34.373779999999996,340.31,0.45,0.39,2026-09-01,10:45:00,N21,nominal,2.0NRT,307.27,6.14,D,VIIRS
47.59283,34.66238,343.72,0.46,0.39,2026-09-01,10:45:00,N21,nominal,2.0NRT,311.28,5.77,D,VIIRS
47.69172,35.40675,337.35,0.49,0.4,2026-09-01,10:45:00,N21,low,2.0NRT,308.84,14.58,D,VIIRS
47.69435,35.2536,338.57,0.48,0.4,2026-09-01,10:45:00,N21,nominal,2.0NRT,305.65,7.16,D,VIIRS
47.70235,35.25816,335.1,0.48,0.4,2026-09-01,10:45:00,N21,low,2.0NRT,307.67,4.69,D,VIIRS
47.64136,34.66872,335.54,0.46,0.39,2026-09-01,10:45:00,N21,low,2.0NRT,309.31,3.85,D,VIIRS
47.64563,34.67395,333.32,0.46,0.39,2026-09-01,10:45:00,N21,low,2.0NRT,306.71,3.16,D,VIIRS
47.76512,35.74767,333.81,0.5,0.41,2026-09-01,10:45:00,N21,low,2.0NRT,308.44,3.02,D,VIIRS
47.7163,35.24821,340.31,0.48,0.4,2026-09-01,10:45:00,N21,nominal,2.0NRT,310.14,4.81,D,VIIRS
47.64112,34.56912,337.96,0.46,0.39,2026-09-01,10:45:00,N21,low,2.0NRT,308.73,8.46,D,VIIRS
47.71996,35.2473,340.17,0.48,0.4,2026-09-01,10:45:00,N21,nominal,2.0NRT,310.76,4.81,D,VIIRS
47.71537,35.17023,344.89,0.48,0.4,2026-09-01,10:45:00,N21,nominal,2.0NRT,312.3,12.37,D,VIIRS
47.71468,35.16386,345.83,0.48,0.4,2026-09-01,10:45:00,N21,nominal,2.0NRT,312.91,11.54,D,VIIRS
47.88189,36.77208,336.28,0.56,0.43,2026-09-01,10:45:00,N21,low,2.0NRT,310.93,4.33,D,VIIRS
47.8476,36.25634,339.71,0.53,0.42,2026-09-01,10:45:00,N21,nominal,2.0NRT,306.11,4.94,D,VIIRS
47.51699,33.29468,343.32,0.42,0.38,2026-09-01,10:45:00,N21,nominal,2.0NRT,312.8,4.95,D,VIIRS
47.946040000000004,36.91232,344.18,0.56,0.43,2026-09-01,10:45:00,N21,nominal,2.0NRT,311.82,14.47,D,VIIRS
47.7167,34.57444,338.01,0.46,0.39,2026-09-01,10:45:00,N21,low,2.0NRT,309.77,6.2,D,VIIRS
47.9845,36.85088,334.63,0.56,0.43,2026-09-01,10:45:00,N21,nominal,2.0NRT,309.19,5.21,D,VIIRS
47.56443,33.03506,334.93,0.42,0.37,2026-09-01,10:45:00,N21,low,2.0NRT,309.66,2.42,D,VIIRS
47.96905,36.47887,331.81,0.54,0.42,2026-09-01,10:45:00,N21,nominal,2.0NRT,306.58,3.95,D,VIIRS
48.08261,37.62323,338.3,0.4,0.44,2026-09-01,10:45:00,N21,nominal,2.0NRT,305.11,1.92,D,VIIRS
48.08982,37.61094,342,0.4,0.44,2026-09-01,10:45:00,N21,nominal,2.0NRT,305.96,6.22,D,VIIRS
48.08934,37.6055,338.56,0.4,0.44,2026-09-01,10:45:00,N21,nominal,2.0NRT,310.99,6.9,D,VIIRS
48.02061,36.85138,340.21,0.56,0.43,2026-09-01,10:45:00,N21,nominal,2.0NRT,308.57,11.94,D,VIIRS
48.00502,36.68756,345.73,0.55,0.43,2026-09-01,10:45:00,N21,nominal,2.0NRT,310.73,12.09,D,VIIRS
47.9309,35.93992,337.14,0.52,0.41,2026-09-01,10:45:00,N21,low,2.0NRT,311.63,6.54,D,VIIRS
47.92949,35.9262,334.49,0.51,0.41,2026-09-01,10:45:00,N21,low,2.0NRT,306.36,6.88,D,VIIRS
48.09294,37.59936,367,0.4,0.44,2026-09-01,10:45:00,N21,high,2.0NRT,312.73,12.86,D,VIIRS
48.09342,37.60479,355.31,0.4,0.44,2026-09-01,10:45:00,N21,nominal,2.0NRT,307.19,12.86,D,VIIRS
48.09246,37.59393,356.08,0.4,0.44,2026-09-01,10:45:00,N21,nominal,2.0NRT,317.01,22.02,D,VIIRS
47.93468,35.93908,333.22,0.52,0.41,2026-09-01,10:45:00,N21,low,2.0NRT,306.51,3.99,D,VIIRS
47.93256,35.9185,352.73,0.51,0.41,2026-09-01,10:45:00,N21,nominal,2.0NRT,310.88,32.19,D,VIIRS
48.05058,36.99884,342.12,0.57,0.43,2026-09-01,10:45:00,N21,nominal,2.0NRT,310.95,25.31,D,VIIRS
47.95662,36.03994,335.17,0.52,0.42,2026-09-01,10:45:00,N21,low,2.0NRT,308.17,9.3,D,VIIRS
48.01974,36.85143,345.55,0.56,0.43,2026-09-01,10:45:00,N21,nominal,2.0NRT,308.46,11.92,D,VIIRS
48.00493,36.68731,345.27,0.55,0.43,2026-09-01,10:45:00,N21,nominal,2.0NRT,311.07,8.97,D,VIIRS
47.93213,35.91778,348.18,0.51,0.41,2026-09-01,10:45:00,N21,nominal,2.0NRT,309.45,17.63,D,VIIRS
47.93793,35.93754,337.64,0.52,0.41,2026-09-01,10:45:00,N21,nominal,2.0NRT,306.31,4.62,D,VIIRS
47.9359,35.91694,339.99,0.51,0.41,2026-09-01,10:45:00,N21,low,2.0NRT,314.57,17.63,D,VIIRS
48.09222,37.59715,367,0.4,0.44,2026-09-01,10:45:00,N21,high,2.0NRT,315.06,16.2,D,VIIRS
48.09312,37.60802,338.86,0.4,0.44,2026-09-01,10:45:00,N21,nominal,2.0NRT,303.29,8.56,D,VIIRS
48.09268,37.60259,354.35,0.4,0.44,2026-09-01,10:45:00,N21,nominal,2.0NRT,309.36,8.56,D,VIIRS
48.09177,37.59171,342.51,0.4,0.44,2026-09-01,10:45:00,N21,nominal,2.0NRT,313.54,16.2,D,VIIRS
47.95563,36.03943,334.92,0.52,0.42,2026-09-01,10:45:00,N21,low,2.0NRT,307.44,5.3,D,VIIRS
47.81336,34.63658,339.49,0.46,0.39,2026-09-01,10:45:00,N21,low,2.0NRT,314.27,7.41,D,VIIRS
48.05296,36.99833,341.54,0.57,0.43,2026-09-01,10:45:00,N21,nominal,2.0NRT,310.07,23.34,D,VIIRS
47.81695,34.63576,347.89,0.46,0.39,2026-09-01,10:45:00,N21,nominal,2.0NRT,314.43,7.41,D,VIIRS
48.0471,36.79983,339.29,0.56,0.43,2026-09-01,10:45:00,N21,nominal,2.0NRT,310.33,17.31,D,VIIRS
47.9774,35.98506,335.84,0.52,0.41,2026-09-01,10:45:00,N21,low,2.0NRT,309.18,3.87,D,VIIRS
48.00845,36.14236,335.22,0.53,0.42,2026-09-01,10:45:00,N21,nominal,2.0NRT,301.81,3.34,D,VIIRS
47.71039,33.38836,347.27,0.43,0.38,2026-09-01,10:45:00,N21,nominal,2.0NRT,312.93,9.49,D,VIIRS
47.86144,34.6055,336.51,0.46,0.39,2026-09-01,10:45:00,N21,nominal,2.0NRT,310.26,1.13,D,VIIRS
48.13276,37.21106,332.63,0.39,0.44,2026-09-01,10:45:00,N21,nominal,2.0NRT,304.35,1.58,D,VIIRS
48.0799,36.59631,341.51,0.55,0.43,2026-09-01,10:45:00,N21,nominal,2.0NRT,305.05,6.68,D,VIIRS
48.29537,38.98162,345.55,0.47,0.47,2026-09-01,10:45:00,N21,nominal,2.0NRT,310.54,14.28,D,VIIRS
48.2949,38.97532,339.54,0.47,0.47,2026-09-01,10:45:00,N21,nominal,2.0NRT,309.81,7.12,D,VIIRS
48.30458,38.98684,345.08,0.47,0.47,2026-09-01,10:45:00,N21,nominal,2.0NRT,310.33,5.54,D,VIIRS
48.30515,38.9857,342.8,0.47,0.47,2026-09-01,10:45:00,N21,nominal,2.0NRT,308.3,7.74,D,VIIRS
48.18502,37.33178,350.34,0.39,0.44,2026-09-01,10:45:00,N21,nominal,2.0NRT,315.05,68.35,D,VIIRS
48.09959,36.33875,339.26,0.54,0.42,2026-09-01,10:45:00,N21,nominal,2.0NRT,303.98,4.81,D,VIIRS
48.10413,36.34515,353.14,0.54,0.42,2026-09-01,10:45:00,N21,nominal,2.0NRT,313.37,38.46,D,VIIRS
48.19574,37.31356,343.99,0.39,0.44,2026-09-01,10:45:00,N21,nominal,2.0NRT,308.93,8.2,D,VIIRS
48.19284,37.18629,338.06,0.39,0.44,2026-09-01,10:45:00,N21,nominal,2.0NRT,305.77,5.02,D,VIIRS
48.16632,36.84402,340.7,0.56,0.43,2026-09-01,10:45:00,N21,nominal,2.0NRT,309.54,10.32,D,VIIRS
48.17026,36.84319,342.5,0.56,0.43,2026-09-01,10:45:00,N21,nominal,2.0NRT,311.59,10.32,D,VIIRS
48.16957,36.8356,337.31,0.56,0.43,2026-09-01,10:45:00,N21,nominal,2.0NRT,309.44,10.54,D,VIIRS
48.14478,36.56723,332.63,0.55,0.43,2026-09-01,10:45:00,N21,low,2.0NRT,304.18,3,D,VIIRS
48.1117,36.21963,340.61,0.53,0.42,2026-09-01,10:45:00,N21,nominal,2.0NRT,307.52,6.21,D,VIIRS
47.96981,34.60858,333.03,0.46,0.39,2026-09-01,10:45:00,N21,low,2.0NRT,307.32,3.02,D,VIIRS
48.07847,35.54314,336.97,0.5,0.41,2026-09-01,10:45:00,N21,low,2.0NRT,307.77,13.04,D,VIIRS
48.23804,37.05584,339.75,0.38,0.43,2026-09-01,10:45:00,N21,nominal,2.0NRT,314.04,4.49,D,VIIRS
48.15548,36.10898,334.43,0.53,0.42,2026-09-01,10:45:00,N21,low,2.0NRT,304.93,5.01,D,VIIRS
47.91599,33.89338,345.48,0.44,0.38,2026-09-01,10:45:00,N21,nominal,2.0NRT,304.76,7.61,D,VIIRS
48.07941,35.26573,339.22,0.49,0.4,2026-09-01,10:45:00,N21,nominal,2.0NRT,299.44,5.55,D,VIIRS
47.80479,32.91198,340.95,0.41,0.37,2026-09-01,10:45:00,N21,nominal,2.0NRT,307.42,17.71,D,VIIRS
48.0816,35.26521,331.77,0.49,0.4,2026-09-01,10:45:00,N21,nominal,2.0NRT,300.36,4.96,D,VIIRS
48.24898,36.92815,339.38,0.57,0.43,2026-09-01,10:45:00,N21,low,2.0NRT,310.06,7.53,D,VIIRS
47.94614,33.90263,335.31,0.44,0.38,2026-09-01,10:45:00,N21,nominal,2.0NRT,304.07,21.66,D,VIIRS
47.94545,33.89676,336.22,0.44,0.38,2026-09-01,10:45:00,N21,low,2.0NRT,306.81,34.54,D,VIIRS
47.94895,33.89584,367,0.44,0.38,2026-09-01,10:45:00,N21,low,2.0NRT,326.18,34.54,D,VIIRS
47.95245,33.89491,348.89,0.44,0.38,2026-09-01,10:45:00,N21,nominal,2.0NRT,308.18,9.32,D,VIIRS
48.17468,35.72883,341.28,0.51,0.41,2026-09-01,10:45:00,N21,nominal,2.0NRT,312.04,24.2,D,VIIRS
48.35299,37.46617,338.47,0.4,0.44,2026-09-01,10:45:00,N21,nominal,2.0NRT,308.41,3.11,D,VIIRS
48.3035,36.86295,330.37,0.57,0.43,2026-09-01,10:45:00,N21,low,2.0NRT,304.59,3.72,D,VIIRS
48.28437,36.61363,332.91,0.55,0.43,2026-09-01,10:45:00,N21,low,2.0NRT,305.82,25.48,D,VIIRS
48.28757,36.60531,338.3,0.55,0.43,2026-09-01,10:45:00,N21,low,2.0NRT,309.83,33.68,D,VIIRS
47.99233,33.68608,333.3,0.44,0.38,2026-09-01,10:45:00,N21,low,2.0NRT,307.67,3.06,D,VIIRS
48.51881,39.06122,343.11,0.47,0.48,2026-09-01,10:45:00,N21,nominal,2.0NRT,306.8,5.54,D,VIIRS
48.51833,39.05455,338.52,0.47,0.48,2026-09-01,10:45:00,N21,nominal,2.0NRT,308.24,5.81,D,VIIRS
48.43074,37.94061,346.57,0.42,0.45,2026-09-01,10:45:00,N21,nominal,2.0NRT,307.35,7.32,D,VIIRS
48.43027,37.935,355.45,0.42,0.45,2026-09-01,10:45:00,N21,nominal,2.0NRT,307.55,16.32,D,VIIRS
48.36113,37.1404,335.48,0.39,0.44,2026-09-01,10:45:00,N21,nominal,2.0NRT,308.88,2.75,D,VIIRS
48.52269,39.0537,348.12,0.47,0.48,2026-09-01,10:45:00,N21,nominal,2.0NRT,309.81,9.11,D,VIIRS
48.43536,37.94538,350.05,0.42,0.45,2026-09-01,10:45:00,N21,nominal,2.0NRT,310.66,7.3,D,VIIRS
48.43443,37.93425,342.38,0.42,0.45,2026-09-01,10:45:00,N21,nominal,2.0NRT,311.08,13.06,D,VIIRS
48.12794,34.62609,341.35,0.47,0.39,2026-09-01,10:45:00,N21,low,2.0NRT,311.57,8.48,D,VIIRS
48.12505,34.62565,336.55,0.47,0.39,2026-09-01,10:45:00,N21,nominal,2.0NRT,311.04,5.62,D,VIIRS
48.52266,39.05278,345.8,0.47,0.48,2026-09-01,10:45:00,N21,nominal,2.0NRT,308.89,9.36,D,VIIRS
48.12864,34.62473,342.98,0.47,0.39,2026-09-01,10:45:00,N21,nominal,2.0NRT,312.53,14.47,D,VIIRS
48.42383,37.57819,340.32,0.41,0.45,2026-09-01,10:45:00,N21,nominal,2.0NRT,305.2,3.78,D,VIIRS
48.42743,37.57158,341.35,0.41,0.45,2026-09-01,10:45:00,N21,nominal,2.0NRT,310.89,7.16,D,VIIRS
48.45066,37.80408,337.28,0.41,0.45,2026-09-01,10:45:00,N21,nominal,2.0NRT,308.72,1.63,D,VIIRS
48.44835,37.67358,337.09,0.41,0.45,2026-09-01,10:45:00,N21,nominal,2.0NRT,307.73,4.73,D,VIIRS
48.25257,35.47472,344.91,0.5,0.41,2026-09-01,10:45:00,N21,nominal,2.0NRT,311.89,4.95,D,VIIRS
48.47635,37.7598,338.36,0.41,0.45,2026-09-01,10:45:00,N21,nominal,2.0NRT,307.75,3.52,D,VIIRS
48.46702,37.64759,332.09,0.41,0.45,2026-09-01,10:45:00,N21,nominal,2.0NRT,305.45,1.5,D,VIIRS
47.93996,32.51971,336.98,0.41,0.37,2026-09-01,10:45:00,N21,nominal,2.0NRT,308.17,6.22,D,VIIRS
48.52108,37.94524,351.89,0.42,0.45,2026-09-01,10:45:00,N21,nominal,2.0NRT,309.19,19.54,D,VIIRS
48.47602,37.41321,340.13,0.4,0.44,2026-09-01,10:45:00,N21,nominal,2.0NRT,306.92,2.12,D,VIIRS
48.50601,37.71434,340.15,0.41,0.45,2026-09-01,10:45:00,N21,nominal,2.0NRT,306.53,7.57,D,VIIRS
48.49751,37.61431,335.24,0.41,0.45,2026-09-01,10:45:00,N21,nominal,2.0NRT,306.64,2.81,D,VIIRS
48.46121,37.19845,337.46,0.39,0.44,2026-09-01,10:45:00,N21,nominal,2.0NRT,310.02,3.43,D,VIIRS
48.45132,37.08804,339.34,0.39,0.44,2026-09-01,10:45:00,N21,nominal,2.0NRT,305.74,3.96,D,VIIRS
48.46523,37.19764,337.02,0.39,0.44,2026-09-01,10:45:00,N21,low,2.0NRT,309.45,3.43,D,VIIRS
48.46924,37.19682,339.93,0.39,0.44,2026-09-01,10:45:00,N21,low,2.0NRT,310.08,22.36,D,VIIRS
48.45979,37.09169,341.97,0.39,0.44,2026-09-01,10:45:00,N21,nominal,2.0NRT,307.85,7.31,D,VIIRS
48.22874,34.79332,336.81,0.47,0.4,2026-09-01,10:45:00,N21,nominal,2.0NRT,304.11,12.84,D,VIIRS
48.22804,34.78703,335.48,0.47,0.4,2026-09-01,10:45:00,N21,low,2.0NRT,307.19,12.84,D,VIIRS
48.52783,37.67639,351.64,0.41,0.45,2026-09-01,10:45:00,N21,nominal,2.0NRT,306.63,6.12,D,VIIRS
48.54379,37.81406,343.76,0.42,0.45,2026-09-01,10:45:00,N21,nominal,2.0NRT,310.29,8.07,D,VIIRS
48.5433,37.80841,341.19,0.42,0.45,2026-09-01,10:45:00,N21,nominal,2.0NRT,309.69,8.07,D,VIIRS
48.47884,37.07751,340.31,0.39,0.44,2026-09-01,10:45:00,N21,nominal,2.0NRT,304.3,5.58,D,VIIRS
48.52619,37.67445,341.48,0.41,0.45,2026-09-01,10:45:00,N21,nominal,2.0NRT,308.11,5.57,D,VIIRS
48.54147,37.81239,352.76,0.42,0.45,2026-09-01,10:45:00,N21,nominal,2.0NRT,311.27,6.96,D,VIIRS
48.54561,37.81164,343.5,0.42,0.45,2026-09-01,10:45:00,N21,nominal,2.0NRT,311.91,7.55,D,VIIRS
48.47867,37.01159,330.71,0.38,0.44,2026-09-01,10:45:00,N21,nominal,2.0NRT,304.48,1.7,D,VIIRS
48.48401,37.02634,341.07,0.39,0.44,2026-09-01,10:45:00,N21,nominal,2.0NRT,305.35,2.58,D,VIIRS
48.52667,37.47797,340.85,0.4,0.44,2026-09-01,10:45:00,N21,nominal,2.0NRT,309.77,7.45,D,VIIRS
48.48617,37.00465,336.3,0.38,0.44,2026-09-01,10:45:00,N21,nominal,2.0NRT,310.05,3.93,D,VIIRS
48.53984,37.58678,342.43,0.41,0.45,2026-09-01,10:45:00,N21,nominal,2.0NRT,310.68,7.85,D,VIIRS
48.50749,37.20313,342.43,0.39,0.44,2026-09-01,10:45:00,N21,nominal,2.0NRT,311.97,5.18,D,VIIRS
48.54395,37.58604,353.75,0.41,0.45,2026-09-01,10:45:00,N21,nominal,2.0NRT,306.96,12.76,D,VIIRS
48.50817,37.11676,337.32,0.39,0.44,2026-09-01,10:45:00,N21,nominal,2.0NRT,305.4,2.21,D,VIIRS
48.57089,37.81293,333.64,0.42,0.45,2026-09-01,10:45:00,N21,nominal,2.0NRT,306.88,2.71,D,VIIRS
48.34583,35.26094,333.71,0.49,0.4,2026-09-01,10:45:00,N21,low,2.0NRT,308,4.36,D,VIIRS
48.56387,37.52647,340.16,0.4,0.45,2026-09-01,10:45:00,N21,nominal,2.0NRT,307.98,10.4,D,VIIRS
48.5786,37.60267,330.42,0.41,0.45,2026-09-01,10:45:00,N21,low,2.0NRT,304.86,2.8,D,VIIRS
48.60721,37.84586,343.56,0.42,0.45,2026-09-01,10:45:00,N21,nominal,2.0NRT,308.61,16.02,D,VIIRS
48.58806,37.56689,339.89,0.41,0.45,2026-09-01,10:45:00,N21,nominal,2.0NRT,305.63,3.02,D,VIIRS
48.68731,38.69869,338.54,0.46,0.47,2026-09-01,10:45:00,N21,nominal,2.0NRT,309.28,6.44,D,VIIRS
48.5668,37.18005,339.45,0.39,0.44,2026-09-01,10:45:00,N21,nominal,2.0NRT,304.56,4.91,D,VIIRS
48.55856,37.0426,333.84,0.39,0.44,2026-09-01,10:45:00,N21,low,2.0NRT,307.34,2.78,D,VIIRS
48.6074,37.50199,340.5,0.4,0.45,2026-09-01,10:45:00,N21,nominal,2.0NRT,306.98,4.86,D,VIIRS
48.5691,37.02444,341.36,0.39,0.44,2026-09-01,10:45:00,N21,nominal,2.0NRT,307.96,3.7,D,VIIRS
48.59138,37.18058,342.64,0.39,0.44,2026-09-01,10:45:00,N21,nominal,2.0NRT,307.67,10.82,D,VIIRS
48.64804,37.78126,340.3,0.42,0.45,2026-09-01,10:45:00,N21,nominal,2.0NRT,312.34,5.19,D,VIIRS
48.59539,37.17978,355.85,0.39,0.44,2026-09-01,10:45:00,N21,nominal,2.0NRT,310.6,10.82,D,VIIRS
48.59492,37.17451,340.58,0.39,0.44,2026-09-01,10:45:00,N21,nominal,2.0NRT,306.12,6.65,D,VIIRS
48.59204,37.17956,344.73,0.39,0.44,2026-09-01,10:45:00,N21,nominal,2.0NRT,308.73,7.9,D,VIIRS
48.59606,37.17876,367,0.39,0.44,2026-09-01,10:45:00,N21,high,2.0NRT,308.86,7.9,D,VIIRS
48.59561,37.17348,334.82,0.39,0.44,2026-09-01,10:45:00,N21,nominal,2.0NRT,306.1,7.9,D,VIIRS
48.6499,37.78046,339.79,0.42,0.45,2026-09-01,10:45:00,N21,nominal,2.0NRT,310.38,2.86,D,VIIRS
48.6591,37.58539,341.35,0.41,0.45,2026-09-01,10:45:00,N21,nominal,2.0NRT,310.32,6.95,D,VIIRS
48.72742,38.0104,342.51,0.43,0.46,2026-09-01,10:45:00,N21,nominal,2.0NRT,309.89,5.24,D,VIIRS
48.79321,38.80784,337.29,0.46,0.47,2026-09-01,10:45:00,N21,low,2.0NRT,309.17,9.56,D,VIIRS
48.7909,38.77651,341.23,0.46,0.47,2026-09-01,10:45:00,N21,nominal,2.0NRT,309.13,22.92,D,VIIRS
48.79755,38.80701,342.71,0.46,0.47,2026-09-01,10:45:00,N21,low,2.0NRT,315.12,22.76,D,VIIRS
48.79708,38.80077,351.17,0.46,0.47,2026-09-01,10:45:00,N21,nominal,2.0NRT,318.4,22.76,D,VIIRS
48.80143,38.79997,348.08,0.46,0.47,2026-09-01,10:45:00,N21,nominal,2.0NRT,309.96,22.76,D,VIIRS
48.80096,38.79371,342.05,0.46,0.47,2026-09-01,10:45:00,N21,nominal,2.0NRT,310.57,12.67,D,VIIRS
48.7545,38.08268,340.1,0.43,0.46,2026-09-01,10:45:00,N21,nominal,2.0NRT,311.5,5.23,D,VIIRS
48.75403,38.07684,342.39,0.43,0.46,2026-09-01,10:45:00,N21,nominal,2.0NRT,309.81,3.59,D,VIIRS
48.76993,38.16824,336.81,0.43,0.46,2026-09-01,10:45:00,N21,low,2.0NRT,309.78,6.95,D,VIIRS
48.77615,38.08266,341.49,0.43,0.46,2026-09-01,10:45:00,N21,nominal,2.0NRT,309.18,4.77,D,VIIRS
48.80838,38.39608,340.46,0.44,0.46,2026-09-01,10:45:00,N21,nominal,2.0NRT,307.2,4.56,D,VIIRS
48.80793,38.38998,337.27,0.44,0.46,2026-09-01,10:45:00,N21,nominal,2.0NRT,303.43,4.56,D,VIIRS
48.785,38.08702,349.71,0.43,0.46,2026-09-01,10:45:00,N21,nominal,2.0NRT,313.57,7.69,D,VIIRS
48.58826,35.83205,345.83,0.52,0.41,2026-09-01,10:45:00,N21,nominal,2.0NRT,310.92,10.33,D,VIIRS
48.58757,35.82502,342.67,0.52,0.41,2026-09-01,10:45:00,N21,nominal,2.0NRT,312.16,10.33,D,VIIRS
48.59136,35.82417,367,0.52,0.41,2026-09-01,10:45:00,N21,high,2.0NRT,316.19,16.13,D,VIIRS
48.81308,38.4012,353.57,0.44,0.46,2026-09-01,10:45:00,N21,nominal,2.0NRT,308.74,20.42,D,VIIRS
48.81264,38.3953,341.16,0.44,0.46,2026-09-01,10:45:00,N21,low,2.0NRT,313.68,10.69,D,VIIRS
48.59204,35.83118,337.04,0.52,0.41,2026-09-01,10:45:00,N21,nominal,2.0NRT,310.86,16.13,D,VIIRS
48.81689,38.39444,342.69,0.44,0.46,2026-09-01,10:45:00,N21,nominal,2.0NRT,312.61,10.69,D,VIIRS
48.82363,38.36919,332.31,0.44,0.46,2026-09-01,10:45:00,N21,nominal,2.0NRT,306.67,6.59,D,VIIRS
48.82318,38.36332,352.58,0.44,0.46,2026-09-01,10:45:00,N21,nominal,2.0NRT,308,6.59,D,VIIRS
48.8279,38.36859,340.09,0.44,0.46,2026-09-01,10:45:00,N21,nominal,2.0NRT,306.61,4.87,D,VIIRS
48.82745,38.3627,332.33,0.44,0.46,2026-09-01,10:45:00,N21,nominal,2.0NRT,304.5,4.87,D,VIIRS
48.69766,36.79038,344.2,0.57,0.43,2026-09-01,10:45:00,N21,nominal,2.0NRT,309.32,17,D,VIIRS
48.83361,38.33026,349.1,0.44,0.46,2026-09-01,10:45:00,N21,nominal,2.0NRT,312.95,11.39,D,VIIRS
48.81159,37.83426,335.83,0.42,0.45,2026-09-01,10:45:00,N21,low,2.0NRT,310.66,3.89,D,VIIRS
48.83716,37.94103,346.52,0.42,0.46,2026-09-01,10:45:00,N21,nominal,2.0NRT,312.93,7.45,D,VIIRS
48.52034,34.6333,340.47,0.47,0.4,2026-09-01,10:45:00,N21,nominal,2.0NRT,307.86,6.73,D,VIIRS
48.84443,37.87469,340.92,0.42,0.45,2026-09-01,10:45:00,N21,nominal,2.0NRT,309.64,4.83,D,VIIRS
48.8369,37.7836,334.34,0.42,0.45,2026-09-01,10:45:00,N21,low,2.0NRT,305.99,2.42,D,VIIRS
48.81405,37.46397,335.54,0.4,0.45,2026-09-01,10:45:00,N21,low,2.0NRT,308.54,4.04,D,VIIRS
48.87186,37.89972,331.66,0.42,0.45,2026-09-01,10:45:00,N21,nominal,2.0NRT,306.28,1.63,D,VIIRS
48.86355,37.83448,330.68,0.42,0.45,2026-09-01,10:45:00,N21,nominal,2.0NRT,305.49,1.29,D,VIIRS
48.86309,37.82861,335.2,0.42,0.45,2026-09-01,10:45:00,N21,nominal,2.0NRT,307.74,4.39,D,VIIRS
48.94557,38.75969,346.59,0.46,0.47,2026-09-01,10:45:00,N21,nominal,2.0NRT,308.61,13.28,D,VIIRS
48.94991,38.75895,353.14,0.46,0.47,2026-09-01,10:45:00,N21,nominal,2.0NRT,307.25,13.28,D,VIIRS
48.94049,38.6274,340.67,0.46,0.47,2026-09-01,10:45:00,N21,low,2.0NRT,313.6,49.68,D,VIIRS
48.9421,38.58942,341.44,0.45,0.47,2026-09-01,10:45:00,N21,nominal,2.0NRT,308.99,20.34,D,VIIRS
48.94641,38.58869,353.02,0.45,0.47,2026-09-01,10:45:00,N21,nominal,2.0NRT,321.29,20.34,D,VIIRS
48.91685,38.1931,339.24,0.44,0.46,2026-09-01,10:45:00,N21,nominal,2.0NRT,305.23,10.68,D,VIIRS
48.95385,38.51238,338.96,0.45,0.47,2026-09-01,10:45:00,N21,nominal,2.0NRT,313.1,6.13,D,VIIRS
48.9534,38.50625,340.5,0.45,0.47,2026-09-01,10:45:00,N21,nominal,2.0NRT,307.41,6.13,D,VIIRS
48.90886,37.92665,341.93,0.42,0.46,2026-09-01,10:45:00,N21,nominal,2.0NRT,307.45,8.25,D,VIIRS
48.91488,37.84332,349.71,0.42,0.45,2026-09-01,10:45:00,N21,nominal,2.0NRT,311.47,19.58,D,VIIRS
48.91209,37.80893,343.84,0.42,0.45,2026-09-01,10:45:00,N21,nominal,2.0NRT,305.8,6.88,D,VIIRS
48.91624,37.80807,352.75,0.42,0.45,2026-09-01,10:45:00,N21,nominal,2.0NRT,312.17,15.59,D,VIIRS
48.91393,37.77966,339.67,0.42,0.45,2026-09-01,10:45:00,N21,nominal,2.0NRT,305.97,7.25,D,VIIRS
48.94183,37.96775,348.71,0.43,0.46,2026-09-01,10:45:00,N21,nominal,2.0NRT,310.47,5.62,D,VIIRS
48.93102,37.83417,341.6,0.42,0.45,2026-09-01,10:45:00,N21,nominal,2.0NRT,312.82,5.02,D,VIIRS
48.94601,37.96692,340.38,0.43,0.46,2026-09-01,10:45:00,N21,nominal,2.0NRT,310.2,4.98,D,VIIRS
48.92956,37.76497,350.37,0.42,0.45,2026-09-01,10:45:00,N21,nominal,2.0NRT,309.41,13.83,D,VIIRS
48.95294,37.94772,341.35,0.43,0.46,2026-09-01,10:45:00,N21,nominal,2.0NRT,315,5.33,D,VIIRS
48.94679,37.87215,343.29,0.42,0.45,2026-09-01,10:45:00,N21,low,2.0NRT,318.03,11.76,D,VIIRS
48.94585,37.86062,343.43,0.42,0.45,2026-09-01,10:45:00,N21,low,2.0NRT,316.79,7.64,D,VIIRS
48.9557,37.92941,342.22,0.43,0.46,2026-09-01,10:45:00,N21,low,2.0NRT,314.17,10.01,D,VIIRS
48.95475,37.91777,340.07,0.42,0.46,2026-09-01,10:45:00,N21,low,2.0NRT,312.5,3.2,D,VIIRS
48.95095,37.87131,349.49,0.42,0.45,2026-09-01,10:45:00,N21,nominal,2.0NRT,316.66,11.76,D,VIIRS
48.9812,38.19368,342.47,0.44,0.46,2026-09-01,10:45:00,N21,low,2.0NRT,315.55,16.97,D,VIIRS
48.98073,38.18769,348.46,0.44,0.46,2026-09-01,10:45:00,N21,nominal,2.0NRT,321.24,89.24,D,VIIRS
48.97978,38.17573,340.88,0.44,0.46,2026-09-01,10:45:00,N21,nominal,2.0NRT,311.79,58.47,D,VIIRS
48.98025,38.18169,367,0.44,0.46,2026-09-01,10:45:00,N21,low,2.0NRT,331.71,89.24,D,VIIRS
48.98447,38.18091,367,0.44,0.46,2026-09-01,10:45:00,N21,high,2.0NRT,358.87,89.24,D,VIIRS
48.984,38.17494,367,0.44,0.46,2026-09-01,10:45:00,N21,high,2.0NRT,337.89,58.47,D,VIIRS
48.98495,38.18691,339.3,0.44,0.46,2026-09-01,10:45:00,N21,nominal,2.0NRT,307.87,89.24,D,VIIRS
48.95643,37.83519,341.43,0.42,0.45,2026-09-01,10:45:00,N21,nominal,2.0NRT,310.54,7.14,D,VIIRS
48.98988,37.97614,341.58,0.43,0.46,2026-09-01,10:45:00,N21,nominal,2.0NRT,307.69,4.06,D,VIIRS
48.97588,37.74382,355.21,0.42,0.45,2026-09-01,10:45:00,N21,nominal,2.0NRT,321.12,20.73,D,VIIRS
49.0064,38.07993,342.8,0.43,0.46,2026-09-01,10:45:00,N21,nominal,2.0NRT,314.35,8.82,D,VIIRS
49.00594,38.07401,341.88,0.43,0.46,2026-09-01,10:45:00,N21,nominal,2.0NRT,315.74,8.82,D,VIIRS
49.00413,38.05049,345.27,0.43,0.46,2026-09-01,10:45:00,N21,low,2.0NRT,317.89,28.09,D,VIIRS
49.0106,38.07907,344.76,0.43,0.46,2026-09-01,10:45:00,N21,nominal,2.0NRT,316.42,18.7,D,VIIRS
49.01015,38.07315,349.71,0.43,0.46,2026-09-01,10:45:00,N21,nominal,2.0NRT,316.94,18.7,D,VIIRS
49.00878,38.05553,355.8,0.43,0.46,2026-09-01,10:45:00,N21,nominal,2.0NRT,315.97,14.29,D,VIIRS
49.02329,38.02288,346.87,0.43,0.46,2026-09-01,10:45:00,N21,nominal,2.0NRT,313.09,6.52,D,VIIRS
49.01875,37.91125,335.23,0.43,0.46,2026-09-01,10:45:00,N21,low,2.0NRT,308.88,4.29,D,VIIRS
49.01826,37.85213,367,0.42,0.45,2026-09-01,10:45:00,N21,high,2.0NRT,311,9.56,D,VIIRS
49.03168,38.02122,341.41,0.43,0.46,2026-09-01,10:45:00,N21,low,2.0NRT,311.59,5.73,D,VIIRS
49.0359,37.96699,342.29,0.43,0.46,2026-09-01,10:45:00,N21,nominal,2.0NRT,312.9,11,D,VIIRS
49.08102,38.4955,350.19,0.45,0.47,2026-09-01,10:45:00,N21,nominal,2.0NRT,307.88,20.18,D,VIIRS
49.04009,37.96623,342.13,0.43,0.46,2026-09-01,10:45:00,N21,nominal,2.0NRT,309.6,11,D,VIIRS
49.03963,37.96047,343.86,0.43,0.46,2026-09-01,10:45:00,N21,nominal,2.0NRT,312.58,11,D,VIIRS
49.04382,37.95975,347.76,0.43,0.46,2026-09-01,10:45:00,N21,nominal,2.0NRT,319.07,41.19,D,VIIRS
49.04598,37.829,351.59,0.42,0.45,2026-09-01,10:45:00,N21,nominal,2.0NRT,307.63,11.05,D,VIIRS
49.04816,37.75294,353.11,0.42,0.45,2026-09-01,10:45:00,N21,nominal,2.0NRT,306.85,6.35,D,VIIRS
49.0523,37.75204,343.78,0.42,0.45,2026-09-01,10:45:00,N21,nominal,2.0NRT,309.58,7.62,D,VIIRS
49.06356,37.83732,338.46,0.42,0.45,2026-09-01,10:45:00,N21,low,2.0NRT,310.11,19.36,D,VIIRS
49.09139,38.02196,354.83,0.43,0.46,2026-09-01,10:45:00,N21,nominal,2.0NRT,314.81,18.31,D,VIIRS
49.0914,38.02047,345.19,0.43,0.46,2026-09-01,10:45:00,N21,nominal,2.0NRT,314.53,13.29,D,VIIRS
49.08492,37.77311,340.44,0.42,0.45,2026-09-01,10:45:00,N21,nominal,2.0NRT,307.36,3.76,D,VIIRS
49.11301,37.96944,336.79,0.43,0.46,2026-09-01,10:45:00,N21,nominal,2.0NRT,306.97,4,D,VIIRS
49.09649,37.75955,343.23,0.42,0.45,2026-09-01,10:45:00,N21,nominal,2.0NRT,307.32,7.63,D,VIIRS
49.02064,36.8535,342.63,0.38,0.43,2026-09-01,10:45:00,N21,nominal,2.0NRT,312.87,4.99,D,VIIRS
49.12537,38.07411,337.99,0.43,0.46,2026-09-01,10:45:00,N21,low,2.0NRT,309.19,8.2,D,VIIRS
49.10064,37.75874,339.97,0.42,0.45,2026-09-01,10:45:00,N21,nominal,2.0NRT,307.02,6.1,D,VIIRS
49.10019,37.75306,338.45,0.42,0.45,2026-09-01,10:45:00,N21,nominal,2.0NRT,305.69,6.1,D,VIIRS
49.13425,38.07839,351.08,0.43,0.46,2026-09-01,10:45:00,N21,nominal,2.0NRT,310.81,10.06,D,VIIRS
49.13334,38.06656,339.46,0.43,0.46,2026-09-01,10:45:00,N21,nominal,2.0NRT,308.28,8.82,D,VIIRS
49.13288,38.06065,341.37,0.43,0.46,2026-09-01,10:45:00,N21,nominal,2.0NRT,307.46,10.51,D,VIIRS
49.12832,38.00207,333.88,0.43,0.46,2026-09-01,10:45:00,N21,nominal,2.0NRT,307.57,3.68,D,VIIRS
49.12787,37.99626,337.51,0.43,0.46,2026-09-01,10:45:00,N21,nominal,2.0NRT,306.23,3.68,D,VIIRS
49.11724,37.86128,349.85,0.42,0.46,2026-09-01,10:45:00,N21,nominal,2.0NRT,311.06,6.6,D,VIIRS
49.13755,38.0658,340.79,0.43,0.46,2026-09-01,10:45:00,N21,nominal,2.0NRT,308.03,8.82,D,VIIRS
49.13709,38.05988,355.48,0.43,0.46,2026-09-01,10:45:00,N21,nominal,2.0NRT,314.83,10.51,D,VIIRS
49.13663,38.05399,336.32,0.43,0.46,2026-09-01,10:45:00,N21,nominal,2.0NRT,308.03,10.51,D,VIIRS
49.13676,37.94696,338.03,0.43,0.46,2026-09-01,10:45:00,N21,nominal,2.0NRT,307.11,3.58,D,VIIRS
49.14558,38.00486,334.11,0.43,0.46,2026-09-01,10:45:00,N21,nominal,2.0NRT,308.51,4.49,D,VIIRS
49.14512,37.99902,341.4,0.43,0.46,2026-09-01,10:45:00,N21,nominal,2.0NRT,310.37,8.28,D,VIIRS
49.16843,38.02406,350.9,0.43,0.46,2026-09-01,10:45:00,N21,nominal,2.0NRT,309.93,23.88,D,VIIRS
49.16385,37.60732,332.05,0.41,0.45,2026-09-01,10:45:00,N21,nominal,2.0NRT,306.21,4.92,D,VIIRS
49.16288,37.59579,339.04,0.41,0.45,2026-09-01,10:45:00,N21,nominal,2.0NRT,306.37,6.02,D,VIIRS
49.16171,37.60572,337.86,0.41,0.45,2026-09-01,10:45:00,N21,low,2.0NRT,309.59,4.55,D,VIIRS
49.16125,37.59993,342.08,0.41,0.45,2026-09-01,10:45:00,N21,nominal,2.0NRT,309.59,6.59,D,VIIRS
49.16539,37.59922,341.25,0.41,0.45,2026-09-01,10:45:00,N21,nominal,2.0NRT,308.82,6.59,D,VIIRS
49.12894,37.05561,342.54,0.39,0.44,2026-09-01,10:45:00,N21,nominal,2.0NRT,309.51,8.3,D,VIIRS
49.12848,37.05024,339.89,0.39,0.44,2026-09-01,10:45:00,N21,nominal,2.0NRT,308.04,8.3,D,VIIRS
49.13295,37.0547,339.43,0.39,0.44,2026-09-01,10:45:00,N21,nominal,2.0NRT,305.53,5.96,D,VIIRS
49.1325,37.04935,339.47,0.39,0.44,2026-09-01,10:45:00,N21,nominal,2.0NRT,307.52,5.96,D,VIIRS
49.23694,38.1371,348.22,0.44,0.46,2026-09-01,10:45:00,N21,nominal,2.0NRT,310.26,6.74,D,VIIRS
49.24116,38.13619,338.23,0.44,0.46,2026-09-01,10:45:00,N21,nominal,2.0NRT,311.21,6.74,D,VIIRS
49.26513,38.11335,340.61,0.44,0.46,2026-09-01,10:45:00,N21,nominal,2.0NRT,310.44,19.93,D,VIIRS
49.27826,37.74649,332.9,0.42,0.45,2026-09-01,10:45:00,N21,nominal,2.0NRT,306.61,2.67,D,VIIRS
49.2795,37.74615,331.58,0.42,0.45,2026-09-01,10:45:00,N21,nominal,2.0NRT,303.51,1.49,D,VIIRS
49.23453,37.03922,367,0.39,0.44,2026-09-01,10:45:00,N21,high,2.0NRT,316.07,7.62,D,VIIRS
49.23407,37.03384,349.51,0.39,0.44,2026-09-01,10:45:00,N21,nominal,2.0NRT,311.22,7.62,D,VIIRS
49.23362,37.02846,337.27,0.39,0.44,2026-09-01,10:45:00,N21,low,2.0NRT,310.31,4.68,D,VIIRS
49.2381,37.03305,355.42,0.39,0.44,2026-09-01,10:45:00,N21,nominal,2.0NRT,324.81,118.48,D,VIIRS
49.23764,37.02765,340.82,0.39,0.44,2026-09-01,10:45:00,N21,nominal,2.0NRT,315.02,51.29,D,VIIRS
49.23856,37.03844,367,0.39,0.44,2026-09-01,10:45:00,N21,low,2.0NRT,329.01,118.48,D,VIIRS
49.24258,37.03761,367,0.39,0.44,2026-09-01,10:45:00,N21,high,2.0NRT,347.72,118.48,D,VIIRS
49.24213,37.03222,367,0.39,0.44,2026-09-01,10:45:00,N21,high,2.0NRT,350.48,118.48,D,VIIRS
49.31529,37.93478,344.4,0.43,0.46,2026-09-01,10:45:00,N21,nominal,2.0NRT,309.43,8.29,D,VIIRS
49.24304,37.04301,331.22,0.39,0.44,2026-09-01,10:45:00,N21,nominal,2.0NRT,301.1,16.38,D,VIIRS
49.24661,37.03679,367,0.39,0.44,2026-09-01,10:45:00,N21,high,2.0NRT,350.3,337.89,D,VIIRS
49.31903,37.92817,340.38,0.43,0.46,2026-09-01,10:45:00,N21,nominal,2.0NRT,306.44,4.06,D,VIIRS
49.24707,37.04221,339.92,0.39,0.44,2026-09-01,10:45:00,N21,nominal,2.0NRT,300,15.42,D,VIIRS
49.24569,37.026,338.72,0.39,0.44,2026-09-01,10:45:00,N21,nominal,2.0NRT,302.27,31.61,D,VIIRS
49.24615,37.0314,367,0.39,0.44,2026-09-01,10:45:00,N21,low,2.0NRT,370.73,337.89,D,VIIRS
49.31223,37.78651,350.41,0.42,0.45,2026-09-01,10:45:00,N21,nominal,2.0NRT,312.87,23.3,D,VIIRS
49.25064,37.03601,348.94,0.39,0.44,2026-09-01,10:45:00,N21,nominal,2.0NRT,300.05,337.89,D,VIIRS
49.25018,37.0306,348.74,0.39,0.44,2026-09-01,10:45:00,N21,nominal,2.0NRT,301.57,337.89,D,VIIRS
49.32791,37.93285,350.57,0.43,0.46,2026-09-01,10:45:00,N21,nominal,2.0NRT,306.68,6.96,D,VIIRS
49.32053,37.83823,341.51,0.43,0.46,2026-09-01,10:45:00,N21,nominal,2.0NRT,307.8,7.05,D,VIIRS
49.32008,37.83244,332.35,0.43,0.46,2026-09-01,10:45:00,N21,low,2.0NRT,305.18,5.49,D,VIIRS
49.32425,37.83163,349.38,0.43,0.46,2026-09-01,10:45:00,N21,nominal,2.0NRT,307.31,5.49,D,VIIRS
49.34642,38.06205,347.96,0.44,0.46,2026-09-01,10:45:00,N21,nominal,2.0NRT,306.87,5.99,D,VIIRS
49.33306,37.83591,349.92,0.43,0.46,2026-09-01,10:45:00,N21,nominal,2.0NRT,309.48,21.77,D,VIIRS
48.91997,33.61754,341.87,0.44,0.39,2026-09-01,10:45:00,N21,nominal,2.0NRT,305.77,7.16,D,VIIRS
49.36283,38.05283,337.72,0.43,0.46,2026-09-01,10:45:00,N21,low,2.0NRT,308.46,4.66,D,VIIRS
49.35165,37.91004,340.28,0.43,0.46,2026-09-01,10:45:00,N21,nominal,2.0NRT,305.46,11.1,D,VIIRS
49.35913,37.950920000000004,340.98,0.43,0.46,2026-09-01,10:45:00,N21,nominal,2.0NRT,306.68,5.53,D,VIIRS
49.34653,37.79215,339.62,0.42,0.45,2026-09-01,10:45:00,N21,nominal,2.0NRT,303.87,2.68,D,VIIRS
49.3839,37.73182,340.68,0.42,0.45,2026-09-01,10:45:00,N21,nominal,2.0NRT,306.06,6.6,D,VIIRS
49.39702,37.78832,340.63,0.42,0.45,2026-09-01,10:45:00,N21,nominal,2.0NRT,306.81,4.66,D,VIIRS
49.38503,37.72978,335.43,0.42,0.45,2026-09-01,10:45:00,N21,nominal,2.0NRT,304.39,2.23,D,VIIRS
49.39788,37.78639,339.86,0.42,0.46,2026-09-01,10:45:00,N21,nominal,2.0NRT,305.95,5.22,D,VIIRS
49.42928,37.91794,340.96,0.43,0.46,2026-09-01,10:45:00,N21,nominal,2.0NRT,306.38,5.19,D,VIIRS
49.43348,37.91714,333.08,0.43,0.46,2026-09-01,10:45:00,N21,nominal,2.0NRT,305.17,2.4,D,VIIRS
49.45482,38.0278,335.52,0.43,0.46,2026-09-01,10:45:00,N21,nominal,2.0NRT,306.67,3.29,D,VIIRS
49.4577,37.95464,340.21,0.43,0.46,2026-09-01,10:45:00,N21,nominal,2.0NRT,304.74,5.72,D,VIIRS
49.4619,37.9538,367,0.43,0.46,2026-09-01,10:45:00,N21,high,2.0NRT,312.13,19.99,D,VIIRS
49.45531,37.71073,345.78,0.42,0.45,2026-09-01,10:45:00,N21,nominal,2.0NRT,310.59,20.63,D,VIIRS
49.45948,37.71,342.25,0.42,0.45,2026-09-01,10:45:00,N21,nominal,2.0NRT,309.98,10.49,D,VIIRS
49.45901,37.70425,339.13,0.42,0.45,2026-09-01,10:45:00,N21,nominal,2.0NRT,303.91,4.25,D,VIIRS
49.46364,37.70927,340.45,0.42,0.45,2026-09-01,10:45:00,N21,nominal,2.0NRT,304.2,10.49,D,VIIRS
49.47518,37.69549,339.4,0.42,0.45,2026-09-01,10:45:00,N21,nominal,2.0NRT,303.94,6.65,D,VIIRS
49.49052,37.72791,344.56,0.42,0.45,2026-09-01,10:45:00,N21,nominal,2.0NRT,307.85,31.17,D,VIIRS
49.43247,37.0461,334.06,0.4,0.44,2026-09-01,10:45:00,N21,nominal,2.0NRT,304.89,2.51,D,VIIRS
49.43651,37.04533,343.51,0.4,0.44,2026-09-01,10:45:00,N21,nominal,2.0NRT,310.84,10,D,VIIRS
49.52065,38.11346,351.03,0.44,0.46,2026-09-01,10:45:00,N21,nominal,2.0NRT,316.66,28.12,D,VIIRS
49.49141,37.72616,336.11,0.42,0.45,2026-09-01,10:45:00,N21,nominal,2.0NRT,311.02,23.86,D,VIIRS
49.43656,37.0434,348.33,0.4,0.44,2026-09-01,10:45:00,N21,nominal,2.0NRT,308.22,7.64,D,VIIRS
49.52491,38.11283,344.03,0.44,0.46,2026-09-01,10:45:00,N21,nominal,2.0NRT,305.06,28.12,D,VIIRS
49.50932,37.79359,342.25,0.43,0.46,2026-09-01,10:45:00,N21,nominal,2.0NRT,306.13,12.99,D,VIIRS
49.52632,37.90417,341.35,0.43,0.46,2026-09-01,10:45:00,N21,nominal,2.0NRT,307.59,7.3,D,VIIRS
49.51541,37.76282,340.18,0.42,0.46,2026-09-01,10:45:00,N21,nominal,2.0NRT,308.21,9.52,D,VIIRS
49.51133,37.71065,332.88,0.42,0.45,2026-09-01,10:45:00,N21,nominal,2.0NRT,302.39,2.6,D,VIIRS
49.53307,37.71833,330.81,0.42,0.45,2026-09-01,10:45:00,N21,nominal,2.0NRT,302.2,3.15,D,VIIRS
49.52613,37.63099,337.34,0.42,0.45,2026-09-01,10:45:00,N21,nominal,2.0NRT,301.99,4.33,D,VIIRS
49.53027,37.63012,338.38,0.42,0.45,2026-09-01,10:45:00,N21,nominal,2.0NRT,300.15,4.33,D,VIIRS
49.58125,38.23249,346.64,0.45,0.47,2026-09-01,10:45:00,N21,nominal,2.0NRT,308.93,5.74,D,VIIRS
49.58552,38.23182,345.16,0.45,0.47,2026-09-01,10:45:00,N21,nominal,2.0NRT,305.67,5.74,D,VIIRS
49.60213,38.11038,339.71,0.44,0.46,2026-09-01,10:45:00,N21,nominal,2.0NRT,304.58,5.01,D,VIIRS
49.68503,38.99459,334.53,0.48,0.48,2026-09-01,10:45:00,N21,nominal,2.0NRT,305.38,2.11,D,VIIRS
49.57426,37.55062,346.78,0.42,0.45,2026-09-01,10:45:00,N21,nominal,2.0NRT,305.57,10.66,D,VIIRS
49.61705,37.97237,334.64,0.43,0.46,2026-09-01,10:45:00,N21,nominal,2.0NRT,306.05,3.44,D,VIIRS
49.5998,37.75855,350.27,0.42,0.46,2026-09-01,10:45:00,N21,nominal,2.0NRT,304.57,12.63,D,VIIRS
49.62127,37.97165,332.52,0.43,0.46,2026-09-01,10:45:00,N21,nominal,2.0NRT,303.07,1.58,D,VIIRS
49.61688,37.97227,334.58,0.43,0.46,2026-09-01,10:45:00,N21,nominal,2.0NRT,305.9,3.48,D,VIIRS
49.62111,37.97154,332.49,0.43,0.46,2026-09-01,10:45:00,N21,nominal,2.0NRT,302.95,3.48,D,VIIRS
49.6268,37.93365,338.28,0.43,0.46,2026-09-01,10:45:00,N21,nominal,2.0NRT,304.67,4.56,D,VIIRS
49.63217,37.51555,333.41,0.42,0.45,2026-09-01,10:45:00,N21,nominal,2.0NRT,304.2,2.47,D,VIIRS
49.63171,37.50985,333.71,0.42,0.45,2026-09-01,10:45:00,N21,nominal,2.0NRT,302.54,2.47,D,VIIRS
49.6301,37.38776,341.23,0.41,0.45,2026-09-01,10:45:00,N21,nominal,2.0NRT,304.21,5.59,D,VIIRS
49.63468,37.39271,339.56,0.41,0.45,2026-09-01,10:45:00,N21,nominal,2.0NRT,303.13,7,D,VIIRS
49.63421,37.38704,334.35,0.41,0.45,2026-09-01,10:45:00,N21,nominal,2.0NRT,302.27,5.59,D,VIIRS
49.68715,37.88611,332.33,0.43,0.46,2026-09-01,10:45:00,N21,low,2.0NRT,304.88,7.33,D,VIIRS
49.68621,37.87421,330.71,0.43,0.46,2026-09-01,10:45:00,N21,low,2.0NRT,303.71,3.07,D,VIIRS
49.69182,37.89118,338.18,0.43,0.46,2026-09-01,10:45:00,N21,nominal,2.0NRT,304.23,4.32,D,VIIRS
49.69135,37.88528,341.52,0.43,0.46,2026-09-01,10:45:00,N21,nominal,2.0NRT,305.75,7.33,D,VIIRS
49.69555,37.88438,351.89,0.43,0.46,2026-09-01,10:45:00,N21,nominal,2.0NRT,305.89,7.05,D,VIIRS
49.69459,37.87227,340.85,0.43,0.46,2026-09-01,10:45:00,N21,nominal,2.0NRT,305.66,6.04,D,VIIRS
49.68563,37.75993,354.17,0.43,0.46,2026-09-01,10:45:00,N21,nominal,2.0NRT,306.4,14.7,D,VIIRS
49.69974,37.88346,339.47,0.43,0.46,2026-09-01,10:45:00,N21,nominal,2.0NRT,305.51,7.05,D,VIIRS
49.69784,37.85949,341.41,0.43,0.46,2026-09-01,10:45:00,N21,nominal,2.0NRT,305.35,6.11,D,VIIRS
49.68934,37.75339,337.24,0.43,0.46,2026-09-01,10:45:00,N21,nominal,2.0NRT,303.66,6.98,D,VIIRS
49.68887,37.74747,339.46,0.43,0.46,2026-09-01,10:45:00,N21,nominal,2.0NRT,304.22,6.98,D,VIIRS
49.68698,37.72401,330.24,0.42,0.46,2026-09-01,10:45:00,N21,low,2.0NRT,302.84,2.58,D,VIIRS
49.68271,37.67133,342.57,0.42,0.45,2026-09-01,10:45:00,N21,nominal,2.0NRT,306.49,5.78,D,VIIRS
49.70203,37.85866,345.18,0.43,0.46,2026-09-01,10:45:00,N21,nominal,2.0NRT,305.32,13.07,D,VIIRS
49.68687,37.67053,333.37,0.42,0.45,2026-09-01,10:45:00,N21,nominal,2.0NRT,305.97,3.29,D,VIIRS
49.71649,37.60382,334.88,0.42,0.45,2026-09-01,10:45:00,N21,nominal,2.0NRT,303.31,4.54,D,VIIRS
49.70314,37.43549,331.17,0.41,0.45,2026-09-01,10:45:00,N21,nominal,2.0NRT,305.69,4.22,D,VIIRS
49.70269,37.42979,340.6,0.41,0.45,2026-09-01,10:45:00,N21,nominal,2.0NRT,305.49,4.22,D,VIIRS
49.77991,38.27068,333.82,0.45,0.47,2026-09-01,10:45:00,N21,nominal,2.0NRT,304.06,3.43,D,VIIRS
49.75995,37.67277,341.25,0.42,0.45,2026-09-01,10:45:00,N21,nominal,2.0NRT,310.43,14.18,D,VIIRS
49.76458,37.6778,333.9,0.42,0.45,2026-09-01,10:45:00,N21,low,2.0NRT,305.13,2.86,D,VIIRS
49.76411,37.67192,344.97,0.42,0.45,2026-09-01,10:45:00,N21,nominal,2.0NRT,306.8,14.18,D,VIIRS
49.75422,37.54874,340.85,0.42,0.45,2026-09-01,10:45:00,N21,nominal,2.0NRT,304.76,5.03,D,VIIRS
49.76875,37.67698,341.51,0.42,0.45,2026-09-01,10:45:00,N21,nominal,2.0NRT,310.06,8.14,D,VIIRS
49.77668,37.72327,341.75,0.43,0.46,2026-09-01,10:45:00,N21,nominal,2.0NRT,305.93,7,D,VIIRS
49.79163,37.80445,339.48,0.43,0.46,2026-09-01,10:45:00,N21,nominal,2.0NRT,305.04,2.99,D,VIIRS
49.79348,37.77421,367,0.43,0.46,2026-09-01,10:45:00,N21,high,2.0NRT,307.11,7.95,D,VIIRS
49.79766,37.77336,335.24,0.43,0.46,2026-09-01,10:45:00,N21,nominal,2.0NRT,306.76,7.95,D,VIIRS
49.81261,37.80065,333.35,0.43,0.46,2026-09-01,10:45:00,N21,low,2.0NRT,304.29,5.41,D,VIIRS
49.81285,37.69859,332.16,0.42,0.46,2026-09-01,10:45:00,N21,low,2.0NRT,306.03,5.89,D,VIIRS
49.81703,37.69787,351.32,0.42,0.46,2026-09-01,10:45:00,N21,nominal,2.0NRT,304.6,5.89,D,VIIRS
49.81655,37.692,338.56,0.42,0.46,2026-09-01,10:45:00,N21,nominal,2.0NRT,305.63,5.89,D,VIIRS
49.79281,37.40606,339.16,0.41,0.45,2026-09-01,10:45:00,N21,nominal,2.0NRT,304.21,4.76,D,VIIRS
49.79233,37.40033,340.26,0.41,0.45,2026-09-01,10:45:00,N21,nominal,2.0NRT,304.21,4.76,D,VIIRS
49.81364,37.69673,367,0.42,0.46,2026-09-01,10:45:00,N21,high,2.0NRT,309.15,11.3,D,VIIRS
49.79499,37.40379,352.32,0.41,0.45,2026-09-01,10:45:00,N21,nominal,2.0NRT,307.83,9.47,D,VIIRS
49.79453,37.39805,337.74,0.41,0.45,2026-09-01,10:45:00,N21,nominal,2.0NRT,304.76,8.29,D,VIIRS
49.88252,38.52052,336.43,0.46,0.47,2026-09-01,10:45:00,N21,nominal,2.0NRT,305.63,3.9,D,VIIRS
49.81193,37.56544,331.97,0.42,0.45,2026-09-01,10:45:00,N21,low,2.0NRT,304.47,2.47,D,VIIRS
49.81514,37.55271,354.66,0.42,0.45,2026-09-01,10:45:00,N21,nominal,2.0NRT,303.87,12.29,D,VIIRS
49.84774,37.86489,344.78,0.43,0.46,2026-09-01,10:45:00,N21,nominal,2.0NRT,304.7,9.74,D,VIIRS
49.86168,37.93584,337.09,0.44,0.46,2026-09-01,10:45:00,N21,nominal,2.0NRT,304.17,7.88,D,VIIRS
49.86123,37.92988,347.81,0.44,0.46,2026-09-01,10:45:00,N21,nominal,2.0NRT,306.45,7.88,D,VIIRS
49.84375,37.64839,339.66,0.42,0.45,2026-09-01,10:45:00,N21,nominal,2.0NRT,303.37,5.84,D,VIIRS
49.84793,37.64779,340.27,0.42,0.45,2026-09-01,10:45:00,N21,nominal,2.0NRT,306.45,14.86,D,VIIRS
49.83335,37.36097,336.5,0.41,0.45,2026-09-01,10:45:00,N21,nominal,2.0NRT,304.42,6.51,D,VIIRS
49.83747,37.36018,341.68,0.41,0.45,2026-09-01,10:45:00,N21,nominal,2.0NRT,305.65,6.51,D,VIIRS
49.86785,37.63221,367,0.42,0.45,2026-09-01,10:45:00,N21,high,2.0NRT,308.58,20.74,D,VIIRS
49.57014,34.39025,344.17,0.47,0.4,2026-09-01,10:45:00,N21,nominal,2.0NRT,299.22,6.64,D,VIIRS
49.84242,36.88217,340.37,0.39,0.44,2026-09-01,10:45:00,N21,nominal,2.0NRT,304.71,11.46,D,VIIRS
49.90974,37.57565,344.63,0.42,0.45,2026-09-01,10:45:00,N21,nominal,2.0NRT,309.24,9.56,D,VIIRS
49.90927,37.56985,341.75,0.42,0.45,2026-09-01,10:45:00,N21,nominal,2.0NRT,306.1,9.56,D,VIIRS
49.9139,37.57484,345.83,0.42,0.45,2026-09-01,10:45:00,N21,nominal,2.0NRT,308.84,9.56,D,VIIRS
49.91098,37.57531,348.95,0.42,0.45,2026-09-01,10:45:00,N21,nominal,2.0NRT,313.15,26.53,D,VIIRS
49.91053,37.56952,341.57,0.42,0.45,2026-09-01,10:45:00,N21,nominal,2.0NRT,305.36,6,D,VIIRS
49.91515,37.57458,344.06,0.42,0.45,2026-09-01,10:45:00,N21,nominal,2.0NRT,303.55,6.16,D,VIIRS
49.94554,37.74892,334.83,0.43,0.46,2026-09-01,10:45:00,N21,low,2.0NRT,305.29,4.15,D,VIIRS
49.95117,37.49694,331.99,0.42,0.45,2026-09-01,10:45:00,N21,nominal,2.0NRT,302.31,4.96,D,VIIRS
49.95068,37.49088,334.65,0.42,0.45,2026-09-01,10:45:00,N21,nominal,2.0NRT,303.05,6.41,D,VIIRS
49.95482,37.49007,342.32,0.42,0.45,2026-09-01,10:45:00,N21,nominal,2.0NRT,303.26,6.41,D,VIIRS
49.97719,37.66462,341.01,0.43,0.46,2026-09-01,10:45:00,N21,nominal,2.0NRT,308.23,5.92,D,VIIRS
49.98136,37.66378,341.08,0.43,0.46,2026-09-01,10:45:00,N21,nominal,2.0NRT,306.24,4.84,D,VIIRS
49.98553,37.66297,332.29,0.43,0.46,2026-09-01,10:45:00,N21,nominal,2.0NRT,301.26,4.84,D,VIIRS
50.08538,37.36749,339.61,0.41,0.45,2026-09-01,10:45:00,N21,nominal,2.0NRT,303.59,10.73,D,VIIRS
50.11749,37.60577,342.65,0.42,0.46,2026-09-01,10:45:00,N21,nominal,2.0NRT,306.18,6.63,D,VIIRS
50.11777,37.55719,339.67,0.42,0.45,2026-09-01,10:45:00,N21,nominal,2.0NRT,301.8,4.35,D,VIIRS
50.1096,37.45739,342.83,0.42,0.45,2026-09-01,10:45:00,N21,nominal,2.0NRT,301.54,5.96,D,VIIRS
50.02569,36.44399,338.42,0.57,0.43,2026-09-01,10:45:00,N21,nominal,2.0NRT,300.86,10.13,D,VIIRS
50.03037,36.45099,346.39,0.57,0.43,2026-09-01,10:45:00,N21,nominal,2.0NRT,300.78,17.62,D,VIIRS
50.03432,36.45005,344.73,0.57,0.43,2026-09-01,10:45:00,N21,nominal,2.0NRT,308.17,40.08,D,VIIRS
50.11869,37.55546,339.64,0.42,0.45,2026-09-01,10:45:00,N21,nominal,2.0NRT,304.91,3.16,D,VIIRS
50.11099,37.45558,338.8,0.42,0.45,2026-09-01,10:45:00,N21,nominal,2.0NRT,301.24,4.21,D,VIIRS
50.0286,36.45198,332.16,0.57,0.43,2026-09-01,10:45:00,N21,nominal,2.0NRT,299.41,20.35,D,VIIRS
50.02791,36.44402,346.72,0.57,0.43,2026-09-01,10:45:00,N21,nominal,2.0NRT,303.49,20.35,D,VIIRS
50.03255,36.45104,341.34,0.57,0.43,2026-09-01,10:45:00,N21,nominal,2.0NRT,306.56,20.35,D,VIIRS
50.03651,36.4501,342.71,0.57,0.43,2026-09-01,10:45:00,N21,nominal,2.0NRT,297.87,10.05,D,VIIRS
50.08146,36.83317,340.85,0.39,0.44,2026-09-01,10:45:00,N21,nominal,2.0NRT,307.04,10.15,D,VIIRS
50.081,36.82772,345.04,0.39,0.44,2026-09-01,10:45:00,N21,nominal,2.0NRT,308.07,12,D,VIIRS
50.14229,37.47902,340.35,0.42,0.45,2026-09-01,10:45:00,N21,nominal,2.0NRT,302.41,5.35,D,VIIRS
50.14597,37.47225,339.74,0.42,0.45,2026-09-01,10:45:00,N21,nominal,2.0NRT,304.08,3.61,D,VIIRS
50.13948,37.39021,341.78,0.42,0.45,2026-09-01,10:45:00,N21,nominal,2.0NRT,309.66,10.18,D,VIIRS
50.13902,37.38442,339.61,0.42,0.45,2026-09-01,10:45:00,N21,nominal,2.0NRT,305.58,10.18,D,VIIRS
49.82071,33.99019,331.15,0.46,0.39,2026-09-01,10:45:00,N21,nominal,2.0NRT,292.74,2.43,D,VIIRS
50.17099,37.5754,341.87,0.42,0.45,2026-09-01,10:45:00,N21,nominal,2.0NRT,309.33,7.9,D,VIIRS
50.17563,37.5806,339.86,0.42,0.45,2026-09-01,10:45:00,N21,nominal,2.0NRT,303.73,7.74,D,VIIRS
50.17516,37.57468,335.5,0.42,0.45,2026-09-01,10:45:00,N21,low,2.0NRT,306.85,7.9,D,VIIRS
50.15032,37.26495,346.92,0.41,0.45,2026-09-01,10:45:00,N21,nominal,2.0NRT,305.24,5.64,D,VIIRS
50.17841,37.56217,333.58,0.42,0.45,2026-09-01,10:45:00,N21,nominal,2.0NRT,303.94,1.98,D,VIIRS
50.16051,37.33874,338.07,0.41,0.45,2026-09-01,10:45:00,N21,nominal,2.0NRT,304.68,3.87,D,VIIRS
50.16004,37.33295,332.44,0.41,0.45,2026-09-01,10:45:00,N21,nominal,2.0NRT,304.44,3.87,D,VIIRS
50.17716,37.38881,333.83,0.42,0.45,2026-09-01,10:45:00,N21,nominal,2.0NRT,300.82,6.56,D,VIIRS
50.17669,37.38303,330.93,0.42,0.45,2026-09-01,10:45:00,N21,nominal,2.0NRT,299.54,4.05,D,VIIRS
50.18933,37.48724,339.01,0.42,0.45,2026-09-01,10:45:00,N21,nominal,2.0NRT,302.07,4.71,D,VIIRS
50.18885,37.48137,334.08,0.42,0.45,2026-09-01,10:45:00,N21,nominal,2.0NRT,302.52,4.71,D,VIIRS
50.18035,37.37642,331.64,0.42,0.45,2026-09-01,10:45:00,N21,nominal,2.0NRT,304.26,7.9,D,VIIRS
50.18494,37.38121,339.56,0.42,0.45,2026-09-01,10:45:00,N21,nominal,2.0NRT,305.39,7.9,D,VIIRS
50.18447,37.37548,345.19,0.42,0.45,2026-09-01,10:45:00,N21,nominal,2.0NRT,303.3,7.9,D,VIIRS
50.18211,37.34657,338.35,0.41,0.45,2026-09-01,10:45:00,N21,nominal,2.0NRT,301.34,5.72,D,VIIRS
50.18672,37.35168,336.49,0.41,0.45,2026-09-01,10:45:00,N21,nominal,2.0NRT,301.28,3.6,D,VIIRS
50.21124,37.54949,335.6,0.42,0.45,2026-09-01,10:45:00,N21,nominal,2.0NRT,306.26,6.25,D,VIIRS
50.21076,37.54353,345.73,0.42,0.45,2026-09-01,10:45:00,N21,nominal,2.0NRT,308.25,5.08,D,VIIRS
50.21029,37.53763,331.36,0.42,0.45,2026-09-01,10:45:00,N21,low,2.0NRT,306.34,5.08,D,VIIRS
50.21493,37.54274,336.72,0.42,0.45,2026-09-01,10:45:00,N21,low,2.0NRT,308.99,5.08,D,VIIRS
50.1405,36.66441,339.51,0.39,0.44,2026-09-01,10:45:00,N21,nominal,2.0NRT,301,6.2,D,VIIRS
50.14449,36.66346,335.92,0.39,0.44,2026-09-01,10:45:00,N21,nominal,2.0NRT,301.89,15.08,D,VIIRS
50.20973,37.19258,345.69,0.41,0.45,2026-09-01,10:45:00,N21,nominal,2.0NRT,303.81,8.83,D,VIIRS
50.25757,37.5323,343.02,0.42,0.45,2026-09-01,10:45:00,N21,nominal,2.0NRT,303.93,9.72,D,VIIRS
50.25711,37.52634,350.96,0.42,0.45,2026-09-01,10:45:00,N21,nominal,2.0NRT,310.18,19.13,D,VIIRS
50.26545,37.57913,337.52,0.42,0.46,2026-09-01,10:45:00,N21,nominal,2.0NRT,311.06,41.78,D,VIIRS
50.21775,36.88692,330.72,0.4,0.44,2026-09-01,10:45:00,N21,low,2.0NRT,301.6,2.45,D,VIIRS
50.21727,36.8813,335.12,0.4,0.44,2026-09-01,10:45:00,N21,nominal,2.0NRT,301.43,3.94,D,VIIRS
50.23819,37.0824,341.09,0.4,0.45,2026-09-01,10:45:00,N21,nominal,2.0NRT,305.9,5.18,D,VIIRS
50.23771,37.07664,333.23,0.4,0.45,2026-09-01,10:45:00,N21,low,2.0NRT,305.02,5.18,D,VIIRS
50.19918,36.62177,342.09,0.39,0.44,2026-09-01,10:45:00,N21,nominal,2.0NRT,304.92,15.5,D,VIIRS
50.24416,37.10439,337.83,0.41,0.45,2026-09-01,10:45:00,N21,nominal,2.0NRT,305.48,3,D,VIIRS
50.2437,37.09882,333.63,0.41,0.45,2026-09-01,10:45:00,N21,nominal,2.0NRT,304.2,3,D,VIIRS
50.20316,36.62078,347.42,0.39,0.44,2026-09-01,10:45:00,N21,nominal,2.0NRT,305.37,15.5,D,VIIRS
50.20269,36.61531,333.01,0.39,0.44,2026-09-01,10:45:00,N21,nominal,2.0NRT,298.71,24.61,D,VIIRS
50.20716,36.61987,367,0.39,0.44,2026-09-01,10:45:00,N21,high,2.0NRT,305.14,11.07,D,VIIRS
50.24825,37.10355,342.82,0.41,0.45,2026-09-01,10:45:00,N21,nominal,2.0NRT,305.44,5.14,D,VIIRS
50.25233,37.10271,342.41,0.41,0.45,2026-09-01,10:45:00,N21,nominal,2.0NRT,306.27,5.14,D,VIIRS
50.25044,37.08,335.04,0.4,0.45,2026-09-01,10:45:00,N21,low,2.0NRT,306.78,4.33,D,VIIRS
50.23771,36.92812,333.36,0.4,0.44,2026-09-01,10:45:00,N21,nominal,2.0NRT,301.68,6.8,D,VIIRS
50.25595,37.09628,367,0.41,0.45,2026-09-01,10:45:00,N21,high,2.0NRT,308.74,9.97,D,VIIRS
50.29042,37.51984,344.06,0.42,0.45,2026-09-01,10:45:00,N21,nominal,2.0NRT,307.49,8.74,D,VIIRS
50.17166,36.13264,339.63,0.56,0.43,2026-09-01,10:45:00,N21,nominal,2.0NRT,299.16,12.5,D,VIIRS
50.29459,37.51915,367,0.42,0.45,2026-09-01,10:45:00,N21,high,2.0NRT,311.79,8.74,D,VIIRS
50.29412,37.51331,340.56,0.42,0.45,2026-09-01,10:45:00,N21,nominal,2.0NRT,304.8,8.74,D,VIIRS
50.26856,37.1982,337.45,0.41,0.45,2026-09-01,10:45:00,N21,nominal,2.0NRT,302.73,5.17,D,VIIRS
50.26004,37.09549,345.71,0.41,0.45,2026-09-01,10:45:00,N21,nominal,2.0NRT,300.64,9.97,D,VIIRS
50.25957,37.0899,339.94,0.41,0.45,2026-09-01,10:45:00,N21,nominal,2.0NRT,303.13,11.4,D,VIIRS
50.2591,37.08421,342.15,0.41,0.45,2026-09-01,10:45:00,N21,nominal,2.0NRT,303.37,11.4,D,VIIRS
50.29877,37.51844,354.28,0.42,0.45,2026-09-01,10:45:00,N21,nominal,2.0NRT,303.09,10.6,D,VIIRS
50.26366,37.08909,340.49,0.41,0.45,2026-09-01,10:45:00,N21,nominal,2.0NRT,305.44,12.79,D,VIIRS
50.26318,37.0834,340.42,0.41,0.45,2026-09-01,10:45:00,N21,nominal,2.0NRT,302.78,12.79,D,VIIRS
45.43364,34.63129,353.58,0.44,0.38,2026-09-01,10:45:00,N21,nominal,2.0NRT,311.78,6.43,D,VIIRS
45.43713,34.63043,345.92,0.44,0.38,2026-09-01,10:45:00,N21,nominal,2.0NRT,311.47,6.43,D,VIIRS
45.43647,34.62487,342.04,0.44,0.38,2026-09-01,10:45:00,N21,nominal,2.0NRT,310.1,6.43,D,VIIRS
45.44062,34.62958,340.83,0.44,0.38,2026-09-01,10:45:00,N21,nominal,2.0NRT,311.15,4.51,D,VIIRS
45.43996,34.62401,346.28,0.44,0.38,2026-09-01,10:45:00,N21,nominal,2.0NRT,311.33,4.51,D,VIIRS
45.4393,34.61845,346.09,0.44,0.38,2026-09-01,10:45:00,N21,nominal,2.0NRT,310.13,6.13,D,VIIRS
45.44511,34.577,339.27,0.44,0.38,2026-09-01,10:45:00,N21,low,2.0NRT,309.62,5.15,D,VIIRS
45.76023,34.58663,341.79,0.44,0.38,2026-09-01,10:45:00,N21,low,2.0NRT,312.42,6.08,D,VIIRS
45.76306,34.58015,338.03,0.44,0.38,2026-09-01,10:45:00,N21,low,2.0NRT,310.98,6.08,D,VIIRS
45.87466,34.02048,342.23,0.43,0.38,2026-09-01,10:45:00,N21,nominal,2.0NRT,310.83,4.12,D,VIIRS
45.88979,34.02786,342.48,0.43,0.38,2026-09-01,10:45:00,N21,nominal,2.0NRT,311.71,6.43,D,VIIRS
45.88795,34.0263,341.54,0.43,0.38,2026-09-01,10:45:00,N21,low,2.0NRT,311.89,6.41,D,VIIRS
45.33335,28.44274,367,0.41,0.37,2026-09-01,10:45:00,N21,low,2.0NRT,331.06,51.58,D,VIIRS
45.33668,28.44156,338.04,0.41,0.37,2026-09-01,10:45:00,N21,nominal,2.0NRT,311.1,51.58,D,VIIRS
46.1819,32.48307,367,0.4,0.37,2026-09-01,10:45:00,N21,high,2.0NRT,331.38,55.01,D,VIIRS
46.19518,32.47928,347.77,0.4,0.37,2026-09-01,10:45:00,N21,nominal,2.0NRT,314.9,7.68,D,VIIRS
46.19448,32.47419,336.44,0.4,0.37,2026-09-01,10:45:00,N21,low,2.0NRT,311.08,7.68,D,VIIRS
46.34842,33.58578,336.01,0.42,0.38,2026-09-01,10:45:00,N21,low,2.0NRT,310.59,2.48,D,VIIRS
46.34773,33.58039,336.74,0.42,0.38,2026-09-01,10:45:00,N21,low,2.0NRT,309.95,2.48,D,VIIRS
46.35045,33.5741,342.97,0.42,0.38,2026-09-01,10:45:00,N21,nominal,2.0NRT,311.25,5.72,D,VIIRS
46.35455,33.57858,347.63,0.42,0.38,2026-09-01,10:45:00,N21,nominal,2.0NRT,315.28,10.53,D,VIIRS
46.40343,33.60796,343.05,0.42,0.38,2026-09-01,10:45:00,N21,nominal,2.0NRT,314.42,37.14,D,VIIRS
46.40411,33.61337,367,0.42,0.38,2026-09-01,10:45:00,N21,low,2.0NRT,333.62,134.86,D,VIIRS
46.40753,33.61246,367,0.42,0.38,2026-09-01,10:45:00,N21,high,2.0NRT,352.57,106.69,D,VIIRS
46.40685,33.60705,367,0.42,0.38,2026-09-01,10:45:00,N21,high,2.0NRT,335.62,214.15,D,VIIRS
46.40821,33.61787,343.06,0.42,0.38,2026-09-01,10:45:00,N21,nominal,2.0NRT,314.22,106.69,D,VIIRS
46.41095,33.61155,333.43,0.42,0.38,2026-09-01,10:45:00,N21,nominal,2.0NRT,305.2,106.69,D,VIIRS
46.26051,32.43678,354,0.4,0.37,2026-09-01,10:45:00,N21,nominal,2.0NRT,317.61,11.78,D,VIIRS
46.25981,32.43169,350.43,0.4,0.37,2026-09-01,10:45:00,N21,nominal,2.0NRT,316.09,6.74,D,VIIRS
46.26243,32.42566,345.98,0.4,0.37,2026-09-01,10:45:00,N21,low,2.0NRT,317.87,6.74,D,VIIRS
46.26173,32.42057,338.21,0.4,0.37,2026-09-01,10:45:00,N21,low,2.0NRT,312.44,1.85,D,VIIRS
45.87421,29.82661,344.69,0.39,0.36,2026-09-01,10:45:00,N21,nominal,2.0NRT,312.86,2.94,D,VIIRS
46.26645,32.4298,345.26,0.4,0.37,2026-09-01,10:45:00,N21,low,2.0NRT,315.77,5.79,D,VIIRS
45.87826,29.83042,340.87,0.39,0.36,2026-09-01,10:45:00,N21,low,2.0NRT,312.82,2.76,D,VIIRS
46.27308,32.42789,349.19,0.4,0.37,2026-09-01,10:45:00,N21,nominal,2.0NRT,318.99,13.11,D,VIIRS
46.49562,34.03739,343.25,0.43,0.38,2026-09-01,10:45:00,N21,nominal,2.0NRT,310.81,5.2,D,VIIRS
46.50874,34.05702,350.28,0.43,0.38,2026-09-01,10:45:00,N21,nominal,2.0NRT,313.97,10.88,D,VIIRS
46.79861,36.59868,339.71,0.53,0.42,2026-09-01,10:45:00,N21,nominal,2.0NRT,313.12,9.05,D,VIIRS
46.56443,34.39829,337.12,0.44,0.39,2026-09-01,10:45:00,N21,low,2.0NRT,311.84,2.53,D,VIIRS
46.39409,32.93945,340.81,0.41,0.37,2026-09-01,10:45:00,N21,low,2.0NRT,314.92,11.51,D,VIIRS
46.39339,32.93423,345.93,0.41,0.37,2026-09-01,10:45:00,N21,nominal,2.0NRT,315.73,11.51,D,VIIRS
46.39675,32.9333,344.37,0.41,0.37,2026-09-01,10:45:00,N21,low,2.0NRT,318.78,27.94,D,VIIRS
46.54456,33.95971,340.57,0.43,0.38,2026-09-01,10:45:00,N21,low,2.0NRT,311.92,34.36,D,VIIRS
46.56462,33.94876,350.28,0.43,0.38,2026-09-01,10:45:00,N21,nominal,2.0NRT,312.03,17.18,D,VIIRS
46.56807,33.94786,352.06,0.43,0.38,2026-09-01,10:45:00,N21,nominal,2.0NRT,319.44,17.18,D,VIIRS
46.77201,35.70529,339.59,0.49,0.4,2026-09-01,10:45:00,N21,low,2.0NRT,314.4,9.08,D,VIIRS
46.8134,36.02829,343.73,0.5,0.41,2026-09-01,10:45:00,N21,nominal,2.0NRT,314.24,6.34,D,VIIRS
46.58047,33.96185,345.83,0.43,0.38,2026-09-01,10:45:00,N21,low,2.0NRT,319.21,24.99,D,VIIRS
46.41447,32.66753,346.96,0.4,0.37,2026-09-01,10:45:00,N21,nominal,2.0NRT,316.03,8.54,D,VIIRS
46.58325,33.95539,352.86,0.43,0.38,2026-09-01,10:45:00,N21,nominal,2.0NRT,313.44,24.99,D,VIIRS
46.5867,33.95449,343.19,0.43,0.38,2026-09-01,10:45:00,N21,nominal,2.0NRT,315.59,21.24,D,VIIRS
46.4231,32.65436,347.53,0.4,0.37,2026-09-01,10:45:00,N21,low,2.0NRT,319.03,8.35,D,VIIRS
50.25107,36.89137,331.2,0.4,0.44,2026-09-01,10:47:00,N21,nominal,2.0NRT,302.56,2.58,D,VIIRS
50.39504,37.28419,343.05,0.41,0.45,2026-09-01,10:47:00,N21,nominal,2.0NRT,309,9.97,D,VIIRS
50.39821,37.27174,343.2,0.41,0.45,2026-09-01,10:47:00,N21,nominal,2.0NRT,303.1,12.85,D,VIIRS
50.39916,37.28335,337.01,0.41,0.45,2026-09-01,10:47:00,N21,nominal,2.0NRT,303.66,9.97,D,VIIRS
50.39964,37.28918,339.92,0.41,0.45,2026-09-01,10:47:00,N21,nominal,2.0NRT,302.2,9.97,D,VIIRS
50.39361,37.26677,333.83,0.41,0.45,2026-09-01,10:47:00,N21,nominal,2.0NRT,302.91,15.13,D,VIIRS
50.39408,37.27258,343.61,0.41,0.45,2026-09-01,10:47:00,N21,nominal,2.0NRT,308.23,12.85,D,VIIRS
50.26916,37.10524,347.59,0.41,0.45,2026-09-01,10:47:00,N21,nominal,2.0NRT,302.86,13.34,D,VIIRS
50.25476,36.35633,335.08,0.57,0.43,2026-09-01,10:47:00,N21,nominal,2.0NRT,300.64,12.45,D,VIIRS
50.25545,36.36425,346.44,0.57,0.43,2026-09-01,10:47:00,N21,nominal,2.0NRT,303.29,15.9,D,VIIRS
50.29293,36.80231,339.75,0.4,0.44,2026-09-01,10:47:00,N21,nominal,2.0NRT,301.79,4.06,D,VIIRS
50.25079,36.35709,334.84,0.57,0.43,2026-09-01,10:47:00,N21,low,2.0NRT,305,12.45,D,VIIRS
50.28487,36.8041,352.45,0.4,0.44,2026-09-01,10:47:00,N21,nominal,2.0NRT,305.8,11.17,D,VIIRS
50.31116,36.87291,334.79,0.4,0.44,2026-09-01,10:47:00,N21,nominal,2.0NRT,302.21,2.67,D,VIIRS
50.21741,35.81023,334.41,0.54,0.42,2026-09-01,10:47:00,N21,nominal,2.0NRT,297.46,4.93,D,VIIRS
50.2889,36.80319,332.04,0.4,0.44,2026-09-01,10:47:00,N21,nominal,2.0NRT,300.62,4.06,D,VIIRS
50.28937,36.80882,340.29,0.4,0.44,2026-09-01,10:47:00,N21,nominal,2.0NRT,301.76,8.37,D,VIIRS
50.28534,36.80972,341.37,0.4,0.44,2026-09-01,10:47:00,N21,nominal,2.0NRT,303.37,14.09,D,VIIRS
50.28084,36.805,334.75,0.4,0.44,2026-09-01,10:47:00,N21,nominal,2.0NRT,303.08,11.17,D,VIIRS
50.28826,36.89479,355.05,0.4,0.44,2026-09-01,10:47:00,N21,nominal,2.0NRT,303.17,8.66,D,VIIRS
50.30344,37.0812,350.76,0.41,0.45,2026-09-01,10:47:00,N21,nominal,2.0NRT,304.91,26.3,D,VIIRS
50.30163,37.2444,347.98,0.41,0.45,2026-09-01,10:47:00,N21,nominal,2.0NRT,304.17,6.63,D,VIIRS
50.19478,36.16678,331.57,0.56,0.43,2026-09-01,10:47:00,N21,nominal,2.0NRT,300.62,5.81,D,VIIRS
50.19085,36.16757,341.68,0.56,0.43,2026-09-01,10:47:00,N21,nominal,2.0NRT,302.94,5.81,D,VIIRS
50.19157,36.1754,330.64,0.56,0.43,2026-09-01,10:47:00,N21,nominal,2.0NRT,300.09,5.8,D,VIIRS
50.28378,37.23073,331.27,0.41,0.45,2026-09-01,10:47:00,N21,nominal,2.0NRT,299.27,3.02,D,VIIRS
50.18693,36.16841,334.27,0.56,0.43,2026-09-01,10:47:00,N21,nominal,2.0NRT,303.71,6.52,D,VIIRS
50.18764,36.17622,331.5,0.56,0.43,2026-09-01,10:47:00,N21,low,2.0NRT,303.12,6.53,D,VIIRS
50.37888,37.44912,332.98,0.42,0.45,2026-09-01,10:47:00,N21,nominal,2.0NRT,302.37,1.44,D,VIIRS
51.87313,34.14551,345.62,0.49,0.41,2026-09-01,10:47:00,N21,nominal,2.0NRT,294.47,5.13,D,VIIRS
51.87385,34.15263,345.69,0.49,0.41,2026-09-01,10:47:00,N21,nominal,2.0NRT,297.7,7.7,D,VIIRS
51.87457,34.15975,331.25,0.49,0.41,2026-09-01,10:47:00,N21,nominal,2.0NRT,296.55,7.7,D,VIIRS
51.86944,34.14656,325.88,0.49,0.41,2026-09-01,10:47:00,N21,nominal,2.0NRT,291.6,5.13,D,VIIRS
51.78041,34.29579,329.79,0.5,0.41,2026-09-01,10:47:00,N21,nominal,2.0NRT,291.15,4.18,D,VIIRS
51.78113,34.30303,328.94,0.5,0.41,2026-09-01,10:47:00,N21,nominal,2.0NRT,287.71,3.89,D,VIIRS
51.19028,35.02214,339.1,0.52,0.41,2026-09-01,10:47:00,N21,nominal,2.0NRT,299.15,6.72,D,VIIRS
51.19127,35.02181,335.15,0.52,0.41,2026-09-01,10:47:00,N21,nominal,2.0NRT,298.33,7.04,D,VIIRS
51.02745,35.1223,331.23,0.52,0.42,2026-09-01,10:47:00,N21,nominal,2.0NRT,297.74,3.75,D,VIIRS
51.02367,35.12332,327.71,0.52,0.42,2026-09-01,10:47:00,N21,nominal,2.0NRT,295.45,3.27,D,VIIRS
50.67377,35.36662,331.11,0.53,0.42,2026-09-01,10:47:00,N21,nominal,2.0NRT,297.08,4.83,D,VIIRS
50.67477,35.35897,331.62,0.53,0.42,2026-09-01,10:47:00,N21,nominal,2.0NRT,296.52,4.59,D,VIIRS
50.6755,35.36635,332.02,0.53,0.42,2026-09-01,10:47:00,N21,nominal,2.0NRT,297.69,4.59,D,VIIRS
48.6818,22.80005,336.82,0.54,0.42,2026-09-01,10:47:00,N21,nominal,2.0NRT,301.59,7.98,D,VIIRS
50.21205,31.92443,329.78,0.41,0.37,2026-09-01,10:47:00,N21,nominal,2.0NRT,301.7,1.68,D,VIIRS
50.22076,31.9933,332.83,0.41,0.37,2026-09-01,10:47:00,N21,nominal,2.0NRT,297.88,1.87,D,VIIRS
50.08416,32.18777,333.81,0.42,0.37,2026-09-01,10:47:00,N21,nominal,2.0NRT,303.23,2.93,D,VIIRS
50.41943,35.3066,335.17,0.52,0.42,2026-09-01,10:47:00,N21,nominal,2.0NRT,299.33,17.78,D,VIIRS
50.39298,35.98894,332.07,0.55,0.43,2026-09-01,10:47:00,N21,nominal,2.0NRT,299.24,4.39,D,VIIRS
50.05497,33.13108,334.43,0.44,0.38,2026-09-01,10:47:00,N21,nominal,2.0NRT,298.69,4.25,D,VIIRS
49.24203,37.03333,300.22,0.46,0.47,2026-09-01,22:59:00,N21,nominal,2.0NRT,284.43,1.56,N,VIIRS
49.24593,37.04046,301.07,0.46,0.47,2026-09-01,22:59:00,N21,nominal,2.0NRT,283.92,2.21,N,VIIRS
49.24639,37.03407,302.21,0.46,0.47,2026-09-01,22:59:00,N21,nominal,2.0NRT,284.2,1.56,N,VIIRS
49.41881,34.41087,313.3,0.61,0.53,2026-09-01,22:59:00,N21,nominal,2.0NRT,284.35,2.41,N,VIIRS
49.14039,38.77386,295.62,0.39,0.44,2026-09-01,22:59:00,N21,nominal,2.0NRT,281.08,0.56,N,VIIRS
49.69485,34.68613,300.12,0.6,0.53,2026-09-01,22:59:00,N21,nominal,2.0NRT,284.05,1.41,N,VIIRS
49.45539,39.74811,299.03,0.54,0.42,2026-09-01,22:59:00,N21,nominal,2.0NRT,278.76,1.09,N,VIIRS
50.0095,35.15815,298.05,0.57,0.52,2026-09-01,22:59:00,N21,nominal,2.0NRT,284.34,0.91,N,VIIRS
49.76125,38.78514,309.43,0.4,0.44,2026-09-01,22:59:00,N21,nominal,2.0NRT,274.52,1.26,N,VIIRS
49.76529,38.78609,298.59,0.4,0.44,2026-09-01,22:59:00,N21,nominal,2.0NRT,276.88,1.26,N,VIIRS
50.16228,37.55673,311.51,0.45,0.47,2026-09-01,22:59:00,N21,nominal,2.0NRT,273.57,2.05,N,VIIRS
50.54578,26.2532,295.85,0.72,0.76,2026-09-01,22:59:00,N21,nominal,2.0NRT,282.53,3.39,N,VIIRS
50.54383,26.25857,305.88,0.72,0.76,2026-09-01,22:59:00,N21,nominal,2.0NRT,284.19,2.82,N,VIIRS
50.97147,29.67495,299.48,0.51,0.66,2026-09-01,22:59:00,N21,nominal,2.0NRT,285.02,1.12,N,VIIRS
50.99879,35.17009,296.96,0.58,0.52,2026-09-01,22:59:00,N21,nominal,2.0NRT,281.63,1.89,N,VIIRS
47.83184,38.47571,303.36,0.39,0.44,2026-09-01,22:59:00,N21,nominal,2.0NRT,287.16,1.53,N,VIIRS
47.83326,38.47232,306.29,0.39,0.44,2026-09-01,22:59:00,N21,nominal,2.0NRT,286.76,1.59,N,VIIRS
48.06006,37.95281,304.84,0.41,0.45,2026-09-01,22:59:00,N21,nominal,2.0NRT,286.52,1.66,N,VIIRS
48.06246,39.17805,312.79,0.55,0.43,2026-09-01,22:59:00,N21,nominal,2.0NRT,285.45,1.99,N,VIIRS
48.06318,39.17072,298.95,0.55,0.43,2026-09-01,22:59:00,N21,nominal,2.0NRT,283.65,1.4,N,VIIRS
48.06635,39.17888,299.56,0.55,0.43,2026-09-01,22:59:00,N21,nominal,2.0NRT,283.65,0.56,N,VIIRS
48.47148,34.63171,304.24,0.59,0.53,2026-09-01,22:59:00,N21,nominal,2.0NRT,288.51,2.19,N,VIIRS
48.52001,34.63579,306.51,0.59,0.53,2026-09-01,22:59:00,N21,nominal,2.0NRT,288.03,2.23,N,VIIRS
48.52046,34.62785,308.15,0.59,0.53,2026-09-01,22:59:00,N21,nominal,2.0NRT,289.23,2.23,N,VIIRS
48.53408,34.64549,314.28,0.59,0.52,2026-09-01,22:59:00,N21,nominal,2.0NRT,290.29,2.66,N,VIIRS
48.53273,34.64355,309.77,0.59,0.53,2026-09-01,22:59:00,N21,nominal,2.0NRT,289.47,3.79,N,VIIRS
48.7448,26.60118,297.68,0.7,0.75,2026-09-01,22:59:00,N21,nominal,2.0NRT,282.81,2.57,N,VIIRS
48.48186,37.03736,316.43,0.45,0.47,2026-09-01,22:59:00,N21,nominal,2.0NRT,272.9,3.42,N,VIIRS
48.47891,37.03897,309.97,0.45,0.47,2026-09-01,22:59:00,N21,nominal,2.0NRT,271.46,1.86,N,VIIRS
48.47937,37.03275,301.77,0.46,0.47,2026-09-01,22:59:00,N21,nominal,2.0NRT,273.32,2.35,N,VIIRS
48.55756,37.04022,297.45,0.46,0.47,2026-09-01,22:59:00,N21,nominal,2.0NRT,279.6,0.78,N,VIIRS
48.41781,38.82837,309.47,0.57,0.43,2026-09-01,22:59:00,N21,nominal,2.0NRT,280.84,2.2,N,VIIRS
48.4629,38.75409,304.21,0.38,0.43,2026-09-01,22:59:00,N21,nominal,2.0NRT,288.48,1.24,N,VIIRS
48.46643,38.76004,305.61,0.38,0.43,2026-09-01,22:59:00,N21,nominal,2.0NRT,288.77,1.24,N,VIIRS
48.54156,39.40536,314.72,0.54,0.42,2026-09-01,22:59:00,N21,nominal,2.0NRT,285.53,2.67,N,VIIRS
48.54227,39.39803,303.98,0.54,0.42,2026-09-01,22:59:00,N21,nominal,2.0NRT,285.49,1.79,N,VIIRS
48.80622,38.78036,304.58,0.39,0.44,2026-09-01,22:59:00,N21,nominal,2.0NRT,281.42,1.51,N,VIIRS
48.92893,37.73733,327.79,0.43,0.46,2026-09-01,22:59:00,N21,nominal,2.0NRT,272.68,3.43,N,VIIRS
48.97796,38.17929,300.82,0.41,0.45,2026-09-01,22:59:00,N21,nominal,2.0NRT,265.92,0.8,N,VIIRS
48.97843,38.17367,299.32,0.41,0.45,2026-09-01,22:59:00,N21,nominal,2.0NRT,263.06,0.6,N,VIIRS
48.98113,38.1913,295.99,0.41,0.45,2026-09-01,22:59:00,N21,nominal,2.0NRT,272.29,0.71,N,VIIRS
48.98208,38.1801,299.77,0.41,0.45,2026-09-01,22:59:00,N21,nominal,2.0NRT,270.42,1.16,N,VIIRS
48.98255,38.17448,305.55,0.41,0.45,2026-09-01,22:59:00,N21,nominal,2.0NRT,267.56,1.5,N,VIIRS
49.01226,38.07127,296.89,0.42,0.45,2026-09-01,22:59:00,N21,nominal,2.0NRT,276.3,1.38,N,VIIRS
49.06287,38.08982,307.6,0.42,0.45,2026-09-01,22:59:00,N21,nominal,2.0NRT,276.59,1.41,N,VIIRS
50.87005,35.14743,307.69,0.58,0.52,2026-09-01,22:59:00,N21,nominal,2.0NRT,283.68,1.91,N,VIIRS
44.77363,33.86171,296.94,0.59,0.53,2026-09-01,23:01:00,N21,nominal,2.0NRT,286.69,0.77,N,VIIRS
45.12685,34.00078,297.27,0.59,0.52,2026-09-01,23:01:00,N21,nominal,2.0NRT,286.87,0.97,N,VIIRS
46.32168,29.42504,296.85,0.5,0.66,2026-09-01,23:01:00,N21,nominal,2.0NRT,285.07,0.68,N,VIIRS
46.39813,32.93497,295.97,0.34,0.56,2026-09-01,23:01:00,N21,nominal,2.0NRT,284.67,1.08,N,VIIRS
46.4044,32.91321,307.59,0.34,0.56,2026-09-01,23:01:00,N21,nominal,2.0NRT,286.66,1.64,N,VIIRS
46.41339,32.94076,305.33,0.34,0.56,2026-09-01,23:01:00,N21,nominal,2.0NRT,284.73,0.99,N,VIIRS
46.40071,32.91322,308.84,0.34,0.56,2026-09-01,23:01:00,N21,nominal,2.0NRT,286.94,1.74,N,VIIRS
46.41502,32.94129,296.35,0.34,0.56,2026-09-01,23:01:00,N21,nominal,2.0NRT,283.91,1.03,N,VIIRS
46.41522,32.93682,303.09,0.34,0.56,2026-09-01,23:01:00,N21,nominal,2.0NRT,284.58,1.13,N,VIIRS
46.41462,33.57914,320.23,0.63,0.54,2026-09-01,23:01:00,N21,nominal,2.0NRT,281.74,3.12,N,VIIRS
46.41962,33.57969,297.31,0.63,0.54,2026-09-01,23:01:00,N21,nominal,2.0NRT,281.5,1.25,N,VIIRS
46.47897,32.79426,296.36,0.34,0.56,2026-09-01,23:01:00,N21,nominal,2.0NRT,285.03,0.69,N,VIIRS
46.47918,32.78974,298.18,0.34,0.56,2026-09-01,23:01:00,N21,nominal,2.0NRT,286.16,1.02,N,VIIRS
46.49381,32.58435,299.84,0.35,0.57,2026-09-01,23:01:00,N21,nominal,2.0NRT,284.11,0.4,N,VIIRS
46.53287,32.77856,326.31,0.35,0.56,2026-09-01,23:01:00,N21,nominal,2.0NRT,285.96,2.79,N,VIIRS
46.54924,32.64215,297.3,0.35,0.57,2026-09-01,23:01:00,N21,nominal,2.0NRT,284.35,0.42,N,VIIRS
46.64515,32.61221,298.4,0.35,0.57,2026-09-01,23:01:00,N21,nominal,2.0NRT,287.65,0.3,N,VIIRS
46.67313,33.0374,325.17,0.34,0.56,2026-09-01,23:01:00,N21,nominal,2.0NRT,285.21,4.24,N,VIIRS
46.67334,33.03297,337.57,0.34,0.56,2026-09-01,23:01:00,N21,nominal,2.0NRT,287.39,4.24,N,VIIRS
46.67355,33.02852,327.99,0.34,0.56,2026-09-01,23:01:00,N21,nominal,2.0NRT,282.68,3.64,N,VIIRS
46.6339,33.89548,296.75,0.61,0.53,2026-09-01,23:01:00,N21,nominal,2.0NRT,281.91,1.61,N,VIIRS
46.6787,33.02906,314.57,0.34,0.56,2026-09-01,23:01:00,N21,nominal,2.0NRT,280.08,2.63,N,VIIRS
46.67849,33.03348,334.06,0.34,0.56,2026-09-01,23:01:00,N21,nominal,2.0NRT,284.7,3.71,N,VIIRS
46.77361,33.73195,308.72,0.62,0.54,2026-09-01,23:01:00,N21,nominal,2.0NRT,283.3,1.71,N,VIIRS
46.76355,33.99939,304.14,0.61,0.53,2026-09-01,23:01:00,N21,nominal,2.0NRT,282.5,5.95,N,VIIRS
46.77859,33.73248,305.21,0.62,0.54,2026-09-01,23:01:00,N21,nominal,2.0NRT,282.66,2.9,N,VIIRS
46.77905,33.72424,313.24,0.62,0.54,2026-09-01,23:01:00,N21,nominal,2.0NRT,282.9,3.29,N,VIIRS
46.76309,34.00735,350.17,0.6,0.53,2026-09-01,23:01:00,N21,nominal,2.0NRT,287.42,9.46,N,VIIRS
46.768,34.00793,307.19,0.6,0.53,2026-09-01,23:01:00,N21,nominal,2.0NRT,283.06,9.46,N,VIIRS
46.76846,33.99996,336.7,0.61,0.53,2026-09-01,23:01:00,N21,nominal,2.0NRT,284.92,5.95,N,VIIRS
46.75962,34.01396,296.56,0.6,0.53,2026-09-01,23:01:00,N21,nominal,2.0NRT,284.12,3.18,N,VIIRS
46.76004,34.00601,304.31,0.61,0.53,2026-09-01,23:01:00,N21,nominal,2.0NRT,283.53,8.82,N,VIIRS
46.77403,33.73074,309.95,0.62,0.54,2026-09-01,23:01:00,N21,nominal,2.0NRT,283.43,2.92,N,VIIRS
46.77901,33.73129,319.18,0.62,0.54,2026-09-01,23:01:00,N21,nominal,2.0NRT,282.78,2.92,N,VIIRS
46.77942,33.72303,296.44,0.63,0.54,2026-09-01,23:01:00,N21,nominal,2.0NRT,282.3,2.92,N,VIIRS
46.76495,34.00658,352.9,0.61,0.53,2026-09-01,23:01:00,N21,nominal,2.0NRT,287.48,8.82,N,VIIRS
46.76537,33.99861,327.2,0.61,0.53,2026-09-01,23:01:00,N21,nominal,2.0NRT,283.91,8.82,N,VIIRS
46.77028,33.9992,305.26,0.61,0.53,2026-09-01,23:01:00,N21,nominal,2.0NRT,282.04,2.12,N,VIIRS
46.80685,33.96325,298.51,0.61,0.53,2026-09-01,23:01:00,N21,nominal,2.0NRT,282.76,1.52,N,VIIRS
46.67743,36.07843,296.61,0.48,0.48,2026-09-01,23:01:00,N21,nominal,2.0NRT,279.01,0.95,N,VIIRS
46.82494,33.81062,295.32,0.62,0.54,2026-09-01,23:01:00,N21,nominal,2.0NRT,283.67,1.63,N,VIIRS
46.85419,36.89441,321.74,0.44,0.46,2026-09-01,23:01:00,N21,nominal,2.0NRT,281.57,3.03,N,VIIRS
47.12745,33.49369,310.66,0.32,0.55,2026-09-01,23:01:00,N21,nominal,2.0NRT,284.66,1,N,VIIRS
47.12989,33.44215,319.46,0.32,0.55,2026-09-01,23:01:00,N21,nominal,2.0NRT,284.53,2.11,N,VIIRS
47.1301,33.43785,311.27,0.32,0.55,2026-09-01,23:01:00,N21,nominal,2.0NRT,284.53,2.36,N,VIIRS
47.11423,34.05326,296.07,0.61,0.53,2026-09-01,23:01:00,N21,nominal,2.0NRT,284.03,1.75,N,VIIRS
47.12001,34.03765,302.54,0.61,0.53,2026-09-01,23:01:00,N21,nominal,2.0NRT,282.76,0.94,N,VIIRS
47.12493,34.03821,339.45,0.61,0.53,2026-09-01,23:01:00,N21,nominal,2.0NRT,286.84,7.34,N,VIIRS
47.12537,34.03014,344.55,0.61,0.53,2026-09-01,23:01:00,N21,nominal,2.0NRT,285.49,7.34,N,VIIRS
47.12985,34.03877,303.43,0.61,0.53,2026-09-01,23:01:00,N21,nominal,2.0NRT,284.57,7.34,N,VIIRS
47.15819,33.48831,299.69,0.32,0.55,2026-09-01,23:01:00,N21,nominal,2.0NRT,284.7,0.9,N,VIIRS
47.13029,34.0307,329.53,0.61,0.53,2026-09-01,23:01:00,N21,nominal,2.0NRT,284.94,7.34,N,VIIRS
47.06083,35.87964,302.06,0.5,0.49,2026-09-01,23:01:00,N21,nominal,2.0NRT,278.87,0.98,N,VIIRS
47.19015,34.05278,298.78,0.61,0.53,2026-09-01,23:01:00,N21,nominal,2.0NRT,284.24,0.86,N,VIIRS
47.22091,34.30462,304.64,0.59,0.53,2026-09-01,23:01:00,N21,nominal,2.0NRT,284.44,1.7,N,VIIRS
47.15859,35.80817,299.79,0.5,0.49,2026-09-01,23:01:00,N21,nominal,2.0NRT,281.23,1.11,N,VIIRS
47.16833,35.86314,303.08,0.5,0.49,2026-09-01,23:01:00,N21,nominal,2.0NRT,272.24,1.21,N,VIIRS
47.35042,34.56871,301.37,0.58,0.52,2026-09-01,23:01:00,N21,nominal,2.0NRT,281.45,1.21,N,VIIRS
47.27761,35.75813,307.01,0.51,0.49,2026-09-01,23:01:00,N21,nominal,2.0NRT,280.79,1.58,N,VIIRS
47.36607,35.47668,298.23,0.52,0.5,2026-09-01,23:01:00,N21,nominal,2.0NRT,280.71,1.15,N,VIIRS
47.42437,34.53229,297.36,0.58,0.52,2026-09-01,23:01:00,N21,nominal,2.0NRT,285.72,1.57,N,VIIRS
47.45977,33.88421,298.14,0.62,0.54,2026-09-01,23:01:00,N21,nominal,2.0NRT,286.81,5.28,N,VIIRS
47.45935,33.89244,321.63,0.62,0.54,2026-09-01,23:01:00,N21,nominal,2.0NRT,287.51,8.37,N,VIIRS
47.28742,36.64288,296,0.46,0.47,2026-09-01,23:01:00,N21,nominal,2.0NRT,282.35,0.98,N,VIIRS
47.42921,34.532470000000004,311.66,0.58,0.52,2026-09-01,23:01:00,N21,nominal,2.0NRT,282.17,1.57,N,VIIRS
47.46475,33.88476,307.88,0.62,0.54,2026-09-01,23:01:00,N21,nominal,2.0NRT,287.61,5.28,N,VIIRS
47.46432,33.89303,336.99,0.62,0.54,2026-09-01,23:01:00,N21,nominal,2.0NRT,291.77,8.37,N,VIIRS
47.44144,34.73392,304.82,0.57,0.52,2026-09-01,23:01:00,N21,nominal,2.0NRT,281.63,1.62,N,VIIRS
47.32828,36.89965,312.99,0.45,0.47,2026-09-01,23:01:00,N21,nominal,2.0NRT,259.19,1.9,N,VIIRS
47.2593,37.73474,298.3,0.41,0.45,2026-09-01,23:01:00,N21,nominal,2.0NRT,283.88,2.96,N,VIIRS
47.25976,37.72926,330.62,0.41,0.45,2026-09-01,23:01:00,N21,nominal,2.0NRT,285.28,2.96,N,VIIRS
47.32631,36.90004,330.98,0.45,0.47,2026-09-01,23:01:00,N21,nominal,2.0NRT,260.34,3.92,N,VIIRS
47.26341,37.73557,325.92,0.41,0.45,2026-09-01,23:01:00,N21,nominal,2.0NRT,286.56,2.96,N,VIIRS
47.26387,37.73008,323.9,0.41,0.45,2026-09-01,23:01:00,N21,nominal,2.0NRT,285.49,2.96,N,VIIRS
47.26752,37.73643,310.97,0.41,0.45,2026-09-01,23:01:00,N21,nominal,2.0NRT,285.96,1.25,N,VIIRS
47.26799,37.73091,300.78,0.41,0.45,2026-09-01,23:01:00,N21,nominal,2.0NRT,284.52,1.25,N,VIIRS
47.48043,35.27818,300.36,0.53,0.5,2026-09-01,23:01:00,N21,nominal,2.0NRT,280.51,1.49,N,VIIRS
47.27565,38.02681,309.3,0.4,0.44,2026-09-01,23:01:00,N21,nominal,2.0NRT,283.93,1.3,N,VIIRS
47.30685,37.90844,309.59,0.4,0.45,2026-09-01,23:01:00,N21,nominal,2.0NRT,285.96,1.55,N,VIIRS
47.30732,37.90308,310.47,0.4,0.45,2026-09-01,23:01:00,N21,nominal,2.0NRT,285.64,1.55,N,VIIRS
47.3078,37.89773,299.85,0.4,0.45,2026-09-01,23:01:00,N21,nominal,2.0NRT,283.94,0.99,N,VIIRS
47.7589,29.96799,310.39,0.48,0.65,2026-09-01,23:01:00,N21,nominal,2.0NRT,283.89,2.85,N,VIIRS
47.76135,29.96813,309.62,0.48,0.65,2026-09-01,23:01:00,N21,nominal,2.0NRT,284.07,2.4,N,VIIRS
47.44638,37.00529,295.35,0.44,0.46,2026-09-01,23:01:00,N21,nominal,2.0NRT,273.76,1.24,N,VIIRS
47.45066,37.00597,295.17,0.44,0.46,2026-09-01,23:01:00,N21,nominal,2.0NRT,272.22,1.04,N,VIIRS
47.47728,36.99809,295.88,0.45,0.47,2026-09-01,23:01:00,N21,nominal,2.0NRT,269.21,1.08,N,VIIRS
47.48108,37.00481,317.14,0.45,0.47,2026-09-01,23:01:00,N21,nominal,2.0NRT,266.33,2.41,N,VIIRS
47.50529,36.91875,297.55,0.45,0.47,2026-09-01,23:01:00,N21,nominal,2.0NRT,273.47,1.89,N,VIIRS
47.50577,36.91276,316.97,0.45,0.47,2026-09-01,23:01:00,N21,nominal,2.0NRT,273.58,1.89,N,VIIRS
47.60272,36.8147,302.81,0.46,0.47,2026-09-01,23:01:00,N21,nominal,2.0NRT,279.67,1.03,N,VIIRS
47.52823,38.23981,305.24,0.39,0.44,2026-09-01,23:01:00,N21,nominal,2.0NRT,282.65,1.04,N,VIIRS
47.52932,38.27234,326.72,0.39,0.44,2026-09-01,23:01:00,N21,nominal,2.0NRT,284.66,2.47,N,VIIRS
47.52829,38.24158,306.84,0.39,0.44,2026-09-01,23:01:00,N21,nominal,2.0NRT,283.57,1.44,N,VIIRS
47.53,38.26888,336.76,0.39,0.44,2026-09-01,23:01:00,N21,nominal,2.0NRT,285.08,5.88,N,VIIRS
47.53403,38.26964,302.31,0.39,0.44,2026-09-01,23:01:00,N21,nominal,2.0NRT,282.29,1.3,N,VIIRS
47.86736,33.44615,310.25,0.33,0.55,2026-09-01,23:01:00,N21,nominal,2.0NRT,287.13,1.25,N,VIIRS
47.87286,33.43771,310.67,0.33,0.55,2026-09-01,23:01:00,N21,nominal,2.0NRT,288.93,1.42,N,VIIRS
47.87976,33.39819,300.56,0.33,0.55,2026-09-01,23:01:00,N21,nominal,2.0NRT,288.8,0.89,N,VIIRS
47.58858,38.30161,300.78,0.39,0.44,2026-09-01,23:01:00,N21,nominal,2.0NRT,284.73,0.62,N,VIIRS
47.60376,38.22468,304.85,0.39,0.44,2026-09-01,23:01:00,N21,nominal,2.0NRT,285.25,1.16,N,VIIRS
47.60424,38.21946,311.96,0.4,0.44,2026-09-01,23:01:00,N21,nominal,2.0NRT,285.06,1.16,N,VIIRS
47.60471,38.21423,309.47,0.4,0.44,2026-09-01,23:01:00,N21,nominal,2.0NRT,284.87,1.22,N,VIIRS
47.65579,38.28962,297.05,0.39,0.44,2026-09-01,23:01:00,N21,nominal,2.0NRT,284.99,0.57,N,VIIRS
47.88861,35.52898,319.9,0.53,0.5,2026-09-01,23:01:00,N21,nominal,2.0NRT,279.65,3.85,N,VIIRS
