latitude,longitude,bright_ti4,scan,track,acq_date,acq_time,satellite,confidence,version,bright_ti5,frp,daynight,instrument
48.04121,31.63483,316.89,0.42,0.37,2026-08-08,00:09:00,N21,nominal,2.0NRT,293.04,1.31,N,VIIRS
51.02885,34.93129,312.48,0.46,0.39,2026-08-08,00:09:00,N21,nominal,2.0NRT,288.79,1.5,N,VIIRS
50.81735,35.09648,308.89,0.47,0.4,2026-08-08,00:09:00,N21,nominal,2.0NRT,289.71,1.72,N,VIIRS
50.16527,37.54122,332.7,0.39,0.44,2026-08-08,00:09:00,N21,nominal,2.0NRT,288.68,2.59,N,VIIRS
50.27959,36.23469,314.52,0.52,0.42,2026-08-08,00:09:00,N21,nominal,2.0NRT,289.61,2.41,N,VIIRS
50.36567,35.81848,305.08,0.51,0.41,2026-08-08,00:09:00,N21,nominal,2.0NRT,290.73,1.28,N,VIIRS
49.90075,37.19118,308.54,0.39,0.44,2026-08-08,00:09:00,N21,nominal,2.0NRT,287.77,1.31,N,VIIRS
49.90964,37.11586,315.87,0.38,0.43,2026-08-08,00:09:00,N21,nominal,2.0NRT,290.29,1.45,N,VIIRS
49.90847,37.12092,307.24,0.38,0.43,2026-08-08,00:09:00,N21,nominal,2.0NRT,289.94,1.5,N,VIIRS
49.90715,37.1139,301.49,0.38,0.43,2026-08-08,00:09:00,N21,nominal,2.0NRT,289.14,0.93,N,VIIRS
49.51027,38.25426,323,0.43,0.46,2026-08-08,00:09:00,N21,nominal,2.0NRT,288.9,5.34,N,VIIRS
49.50892,38.25988,336.06,0.43,0.46,2026-08-08,00:09:00,N21,nominal,2.0NRT,289.85,5.34,N,VIIRS
49.6874,37.42757,300.75,0.4,0.44,2026-08-08,00:09:00,N21,nominal,2.0NRT,288.43,0.3,N,VIIRS
49.41475,37.41525,312.77,0.4,0.45,2026-08-08,00:09:00,N21,nominal,2.0NRT,290.04,1.55,N,VIIRS
49.41351,37.42052,309.91,0.4,0.45,2026-08-08,00:09:00,N21,nominal,2.0NRT,290.17,1.55,N,VIIRS
51.46053,24.7158,315.72,0.47,0.4,2026-08-08,00:09:00,N21,nominal,2.0NRT,288.16,2.81,N,VIIRS
51.45691,24.7148,306.98,0.47,0.4,2026-08-08,00:09:00,N21,nominal,2.0NRT,288.35,1.35,N,VIIRS
51.45618,24.72154,299.85,0.47,0.4,2026-08-08,00:09:00,N21,nominal,2.0NRT,287.59,1.35,N,VIIRS
48.93167,37.94882,301.93,0.44,0.46,2026-08-08,00:09:00,N21,nominal,2.0NRT,288.5,0.79,N,VIIRS
50.38695,30.57515,340.46,0.39,0.36,2026-08-08,00:09:00,N21,nominal,2.0NRT,292.31,6.8,N,VIIRS
50.38783,30.56983,303.05,0.39,0.36,2026-08-08,00:09:00,N21,nominal,2.0NRT,287.7,6.8,N,VIIRS
48.4646,38.75653,311.09,0.49,0.48,2026-08-08,00:09:00,N21,nominal,2.0NRT,293.64,1.53,N,VIIRS
48.46044,38.75407,304.31,0.49,0.48,2026-08-08,00:09:00,N21,nominal,2.0NRT,292.5,1.53,N,VIIRS
48.10881,39.62535,306.06,0.54,0.51,2026-08-08,00:09:00,N21,nominal,2.0NRT,288.84,1.13,N,VIIRS
48.76454,36.71606,306.44,0.39,0.44,2026-08-08,00:09:00,N21,nominal,2.0NRT,288.8,0.59,N,VIIRS
48.82521,36.27061,308.01,0.57,0.43,2026-08-08,00:09:00,N21,nominal,2.0NRT,291.54,1.39,N,VIIRS
48.47558,37.07358,301.73,0.41,0.45,2026-08-08,00:09:00,N21,nominal,2.0NRT,290.81,1.06,N,VIIRS
48.8158,35.15215,309.07,0.52,0.41,2026-08-08,00:09:00,N21,nominal,2.0NRT,290.09,1.25,N,VIIRS
48.39855,36.82484,313.59,0.41,0.45,2026-08-08,00:09:00,N21,nominal,2.0NRT,291.94,3.21,N,VIIRS
48.27906,37.18838,313.01,0.42,0.45,2026-08-08,00:09:00,N21,nominal,2.0NRT,291.83,1.66,N,VIIRS
48.27779,37.19378,306.05,0.42,0.45,2026-08-08,00:09:00,N21,nominal,2.0NRT,291.26,1.66,N,VIIRS
48.09829,37.92665,305.33,0.46,0.47,2026-08-08,00:09:00,N21,nominal,2.0NRT,291.89,1.23,N,VIIRS
48.05963,37.9521,305.18,0.46,0.47,2026-08-08,00:09:00,N21,nominal,2.0NRT,293.14,1.08,N,VIIRS
47.85069,38.75168,302.25,0.5,0.49,2026-08-08,00:09:00,N21,nominal,2.0NRT,290.62,1.27,N,VIIRS
47.96782,37.82367,308.51,0.46,0.47,2026-08-08,00:09:00,N21,nominal,2.0NRT,291.82,1.75,N,VIIRS
48.56526,34.91203,327.57,0.51,0.41,2026-08-08,00:09:00,N21,nominal,2.0NRT,292.3,5.62,N,VIIRS
48.40393,35.60367,300.24,0.55,0.42,2026-08-08,00:09:00,N21,nominal,2.0NRT,289.34,0.67,N,VIIRS
48.40022,35.60178,304.54,0.55,0.42,2026-08-08,00:09:00,N21,nominal,2.0NRT,289.73,1.19,N,VIIRS
47.93781,37.57298,329.61,0.45,0.47,2026-08-08,00:09:00,N21,nominal,2.0NRT,292.55,5.2,N,VIIRS
47.8964,37.44233,333.38,0.44,0.46,2026-08-08,00:09:00,N21,nominal,2.0NRT,291.53,11.18,N,VIIRS
47.89366,37.45359,306.01,0.44,0.46,2026-08-08,00:09:00,N21,nominal,2.0NRT,290.1,2.05,N,VIIRS
47.89236,37.44022,338.22,0.44,0.46,2026-08-08,00:09:00,N21,nominal,2.0NRT,293.65,11.18,N,VIIRS
47.88962,37.45145,309.63,0.44,0.46,2026-08-08,00:09:00,N21,nominal,2.0NRT,290.82,2.05,N,VIIRS
47.89546,37.4467,332.24,0.44,0.46,2026-08-08,00:09:00,N21,nominal,2.0NRT,291.9,2.04,N,VIIRS
47.89412,37.45235,302.68,0.44,0.46,2026-08-08,00:09:00,N21,nominal,2.0NRT,290.64,2.04,N,VIIRS
47.89276,37.43892,326.07,0.44,0.46,2026-08-08,00:09:00,N21,nominal,2.0NRT,290.7,6.37,N,VIIRS
47.89142,37.44456,337.35,0.44,0.46,2026-08-08,00:09:00,N21,nominal,2.0NRT,291.51,3.85,N,VIIRS
48.52045,34.62864,319.57,0.5,0.41,2026-08-08,00:09:00,N21,nominal,2.0NRT,294.4,2.91,N,VIIRS
47.89008,37.4502,307.35,0.44,0.46,2026-08-08,00:09:00,N21,nominal,2.0NRT,290.79,3.85,N,VIIRS
48.47342,34.62663,304.33,0.5,0.41,2026-08-08,00:09:00,N21,nominal,2.0NRT,293.09,1.23,N,VIIRS
48.47205,34.63309,306.17,0.5,0.41,2026-08-08,00:09:00,N21,nominal,2.0NRT,295.07,1.23,N,VIIRS
48.07574,36.08271,301.22,0.39,0.44,2026-08-08,00:09:00,N21,nominal,2.0NRT,288.33,0.35,N,VIIRS
47.9535,36.35564,309.49,0.4,0.44,2026-08-08,00:09:00,N21,nominal,2.0NRT,290.57,1.16,N,VIIRS
48.04281,35.85386,306.93,0.57,0.43,2026-08-08,00:09:00,N21,nominal,2.0NRT,291.13,1.55,N,VIIRS
48.04335,35.85525,309.32,0.57,0.43,2026-08-08,00:09:00,N21,nominal,2.0NRT,291.21,1.35,N,VIIRS
47.69925,37.20251,305.43,0.44,0.46,2026-08-08,00:09:00,N21,nominal,2.0NRT,289.71,1.36,N,VIIRS
47.73417,37.03601,302.01,0.43,0.46,2026-08-08,00:09:00,N21,nominal,2.0NRT,288.69,0.57,N,VIIRS
47.92372,36.08605,304.79,0.39,0.44,2026-08-08,00:09:00,N21,nominal,2.0NRT,289.94,0.94,N,VIIRS
47.69964,36.82396,307.43,0.42,0.45,2026-08-08,00:09:00,N21,nominal,2.0NRT,290.89,0.53,N,VIIRS
47.70154,36.82378,302.06,0.42,0.45,2026-08-08,00:09:00,N21,nominal,2.0NRT,290.34,0.63,N,VIIRS
48.28904,33.74286,308.62,0.47,0.4,2026-08-08,00:09:00,N21,nominal,2.0NRT,292.25,0.88,N,VIIRS
48.63685,31.94452,319.4,0.42,0.37,2026-08-08,00:09:00,N21,nominal,2.0NRT,289.52,2.05,N,VIIRS
48.76923,31.17992,309.19,0.4,0.37,2026-08-08,00:09:00,N21,nominal,2.0NRT,291.29,1.18,N,VIIRS
47.41557,37.51542,337.13,0.46,0.47,2026-08-08,00:09:00,N21,nominal,2.0NRT,291.34,6.4,N,VIIRS
47.41147,37.51324,315.3,0.46,0.47,2026-08-08,00:09:00,N21,nominal,2.0NRT,291.16,4.76,N,VIIRS
47.87706,35.1914,328.43,0.54,0.42,2026-08-08,00:09:00,N21,nominal,2.0NRT,293.38,5.44,N,VIIRS
47.86679,35.16344,315.23,0.54,0.42,2026-08-08,00:09:00,N21,nominal,2.0NRT,294.54,4.03,N,VIIRS
47.86387,35.1483,308,0.54,0.42,2026-08-08,00:09:00,N21,nominal,2.0NRT,295.7,5.27,N,VIIRS
47.69003,35.61867,303.3,0.57,0.43,2026-08-08,00:09:00,N21,nominal,2.0NRT,287.45,5.2,N,VIIRS
47.68624,35.6168,308.18,0.57,0.43,2026-08-08,00:09:00,N21,nominal,2.0NRT,286.63,4.09,N,VIIRS
48.02386,33.73441,317.83,0.48,0.4,2026-08-08,00:09:00,N21,nominal,2.0NRT,291.37,1.4,N,VIIRS
48.02261,33.74057,301.71,0.48,0.4,2026-08-08,00:09:00,N21,nominal,2.0NRT,290.4,1.4,N,VIIRS
47.10643,37.77506,303.11,0.48,0.48,2026-08-08,00:09:00,N21,nominal,2.0NRT,291.36,0.53,N,VIIRS
47.10371,37.76693,323.5,0.48,0.48,2026-08-08,00:09:00,N21,nominal,2.0NRT,292.07,1.77,N,VIIRS
47.10224,37.77293,311.68,0.48,0.48,2026-08-08,00:09:00,N21,nominal,2.0NRT,291.81,1.77,N,VIIRS
47.10099,37.7588,311.76,0.48,0.48,2026-08-08,00:09:00,N21,nominal,2.0NRT,291.76,2.18,N,VIIRS
47.09951,37.7648,308.31,0.48,0.48,2026-08-08,00:09:00,N21,nominal,2.0NRT,291.63,1.77,N,VIIRS
47.09804,37.77081,309.84,0.48,0.48,2026-08-08,00:09:00,N21,nominal,2.0NRT,292.12,1.77,N,VIIRS
47.30996,36.79702,307.38,0.43,0.46,2026-08-08,00:09:00,N21,nominal,2.0NRT,283.43,1.54,N,VIIRS
47.70066,34.74718,306.2,0.52,0.42,2026-08-08,00:09:00,N21,nominal,2.0NRT,283.34,2.03,N,VIIRS
47.6688,34.85804,314.04,0.53,0.42,2026-08-08,00:09:00,N21,nominal,2.0NRT,289.9,4.28,N,VIIRS
47.87974,33.396,311.06,0.47,0.4,2026-08-08,00:09:00,N21,nominal,2.0NRT,294.12,1.47,N,VIIRS
47.87853,33.40203,308.09,0.47,0.4,2026-08-08,00:09:00,N21,nominal,2.0NRT,294.83,1.84,N,VIIRS
47.87732,33.40808,315.4,0.47,0.4,2026-08-08,00:09:00,N21,nominal,2.0NRT,293.72,1.84,N,VIIRS
47.87611,33.41413,308.88,0.47,0.4,2026-08-08,00:09:00,N21,nominal,2.0NRT,294.79,1.99,N,VIIRS
47.87127,33.43832,310.06,0.47,0.4,2026-08-08,00:09:00,N21,nominal,2.0NRT,293.64,1.87,N,VIIRS
47.85833,33.44567,323.61,0.47,0.4,2026-08-08,00:09:00,N21,nominal,2.0NRT,294.65,3.19,N,VIIRS
47.84354,33.3864,311.28,0.47,0.4,2026-08-08,00:09:00,N21,nominal,2.0NRT,293.04,1.83,N,VIIRS
47.02783,37.06677,300.8,0.45,0.47,2026-08-08,00:09:00,N21,nominal,2.0NRT,283.42,0.65,N,VIIRS
48.13683,31.26869,301.66,0.41,0.37,2026-08-08,00:09:00,N21,nominal,2.0NRT,291.24,0.57,N,VIIRS
47.80552,32.94096,316.15,0.45,0.39,2026-08-08,00:09:00,N21,nominal,2.0NRT,290.72,1.69,N,VIIRS
47.80207,32.93944,304.14,0.45,0.39,2026-08-08,00:09:00,N21,nominal,2.0NRT,290.57,0.98,N,VIIRS
48.04789,31.63758,309.01,0.42,0.37,2026-08-08,00:09:00,N21,nominal,2.0NRT,291.34,1.07,N,VIIRS
48.04354,31.64167,303.62,0.42,0.37,2026-08-08,00:09:00,N21,nominal,2.0NRT,289.94,1.31,N,VIIRS
48.0402,31.64029,312.46,0.42,0.37,2026-08-08,00:09:00,N21,nominal,2.0NRT,290.95,1.31,N,VIIRS
48.03787,31.63346,328.92,0.42,0.37,2026-08-08,00:09:00,N21,nominal,2.0NRT,295,3.18,N,VIIRS
48.03686,31.63892,301.34,0.42,0.37,2026-08-08,00:09:00,N21,nominal,2.0NRT,290.75,3.18,N,VIIRS
47.31029,34.86132,307.14,0.54,0.42,2026-08-08,00:09:00,N21,nominal,2.0NRT,292.13,3.82,N,VIIRS
47.22342,35.21952,308.83,0.56,0.43,2026-08-08,00:09:00,N21,nominal,2.0NRT,292,2.85,N,VIIRS
47.20487,35.2655,306.58,0.56,0.43,2026-08-08,00:09:00,N21,nominal,2.0NRT,292.78,1.79,N,VIIRS
46.77572,36.56438,311.08,0.43,0.46,2026-08-08,00:09:00,N21,nominal,2.0NRT,291.57,1.08,N,VIIRS
47.6244,32.44032,303.39,0.44,0.38,2026-08-08,00:09:00,N21,nominal,2.0NRT,291.4,1.26,N,VIIRS
47.56879,31.08592,319.7,0.41,0.37,2026-08-08,00:09:00,N21,nominal,2.0NRT,290.1,1.98,N,VIIRS
47.5645,31.08992,328.71,0.41,0.37,2026-08-08,00:09:00,N21,nominal,2.0NRT,290.52,1.98,N,VIIRS
47.56548,31.08458,308.85,0.41,0.37,2026-08-08,00:09:00,N21,nominal,2.0NRT,290.46,1.98,N,VIIRS
47.6331,30.44116,307.62,0.4,0.37,2026-08-08,00:09:00,N21,nominal,2.0NRT,291.53,0.83,N,VIIRS
47.55775,30.84706,306.39,0.41,0.37,2026-08-08,00:09:00,N21,nominal,2.0NRT,291.61,0.86,N,VIIRS
47.68813,29.94121,300.98,0.39,0.36,2026-08-08,00:09:00,N21,nominal,2.0NRT,290.03,0.39,N,VIIRS
47.14642,32.67649,305.67,0.46,0.39,2026-08-08,00:09:00,N21,nominal,2.0NRT,290.69,0.78,N,VIIRS
47.14295,32.67501,301.53,0.46,0.39,2026-08-08,00:09:00,N21,nominal,2.0NRT,291.28,0.78,N,VIIRS
47.51799,30.67453,317.35,0.4,0.37,2026-08-08,00:09:00,N21,nominal,2.0NRT,291.25,1.85,N,VIIRS
47.58668,30.2128,302.63,0.4,0.37,2026-08-08,00:09:00,N21,nominal,2.0NRT,291.2,0.93,N,VIIRS
47.62171,29.86609,300.18,0.39,0.36,2026-08-08,00:09:00,N21,nominal,2.0NRT,290.11,0.49,N,VIIRS
47.62085,29.87118,303.26,0.39,0.36,2026-08-08,00:09:00,N21,nominal,2.0NRT,290.18,0.47,N,VIIRS
47.61758,29.86998,305.84,0.39,0.36,2026-08-08,00:09:00,N21,nominal,2.0NRT,291.05,0.71,N,VIIRS
47.05138,32.83898,312.39,0.46,0.39,2026-08-08,00:09:00,N21,nominal,2.0NRT,287.27,2.19,N,VIIRS
47.30343,31.26277,312.85,0.42,0.37,2026-08-08,00:09:00,N21,nominal,2.0NRT,290.21,1.12,N,VIIRS
47.30009,31.26143,332.67,0.42,0.37,2026-08-08,00:09:00,N21,nominal,2.0NRT,292.82,5.14,N,VIIRS
46.92404,33.10695,305.04,0.47,0.4,2026-08-08,00:09:00,N21,nominal,2.0NRT,282.84,1.87,N,VIIRS
46.91028,33.04216,310.47,0.47,0.4,2026-08-08,00:09:00,N21,nominal,2.0NRT,291.55,0.81,N,VIIRS
47.55315,29.49419,310.5,0.39,0.36,2026-08-08,00:09:00,N21,nominal,2.0NRT,292.14,0.89,N,VIIRS
47.55231,29.49924,308.41,0.39,0.36,2026-08-08,00:09:00,N21,nominal,2.0NRT,292.07,0.89,N,VIIRS
46.76012,33.60399,306.99,0.5,0.41,2026-08-08,00:09:00,N21,nominal,2.0NRT,291.68,1.22,N,VIIRS
47.42675,30.07431,328.74,0.4,0.37,2026-08-08,00:09:00,N21,nominal,2.0NRT,292.21,2.83,N,VIIRS
47.42348,30.07308,341.42,0.4,0.37,2026-08-08,00:09:00,N21,nominal,2.0NRT,297.05,13.1,N,VIIRS
46.86236,32.99547,304.45,0.47,0.4,2026-08-08,00:09:00,N21,nominal,2.0NRT,291.84,0.85,N,VIIRS
47.54699,29.24069,308.88,0.39,0.36,2026-08-08,00:09:00,N21,nominal,2.0NRT,292.35,0.76,N,VIIRS
47.54374,29.23953,304.51,0.39,0.36,2026-08-08,00:09:00,N21,nominal,2.0NRT,291.94,0.71,N,VIIRS
46.88208,32.79628,307.27,0.46,0.39,2026-08-08,00:09:00,N21,nominal,2.0NRT,291.42,1.16,N,VIIRS
46.88092,32.80217,303.09,0.46,0.39,2026-08-08,00:09:00,N21,nominal,2.0NRT,291.71,1.22,N,VIIRS
46.87392,32.7992,301.93,0.46,0.39,2026-08-08,00:09:00,N21,nominal,2.0NRT,291.53,0.99,N,VIIRS
46.87275,32.80513,307.85,0.46,0.39,2026-08-08,00:09:00,N21,nominal,2.0NRT,291.78,0.99,N,VIIRS
46.86806,32.8096,303.14,0.47,0.39,2026-08-08,00:09:00,N21,nominal,2.0NRT,291.73,0.82,N,VIIRS
46.35818,35.15261,306.72,0.39,0.44,2026-08-08,00:09:00,N21,nominal,2.0NRT,291.96,1.33,N,VIIRS
47.34277,30.12239,323.22,0.4,0.37,2026-08-08,00:09:00,N21,nominal,2.0NRT,292.07,2.55,N,VIIRS
46.39149,34.73862,313.98,0.56,0.43,2026-08-08,00:09:00,N21,nominal,2.0NRT,292.05,1.92,N,VIIRS
47.04777,31.49918,314.87,0.42,0.38,2026-08-08,00:09:00,N21,nominal,2.0NRT,292.19,1.63,N,VIIRS
47.0444,31.4978,317.47,0.42,0.38,2026-08-08,00:09:00,N21,nominal,2.0NRT,292.43,1.63,N,VIIRS
46.79466,32.77813,310.66,0.47,0.39,2026-08-08,00:09:00,N21,nominal,2.0NRT,291.65,1.63,N,VIIRS
47.04104,31.49645,314.42,0.42,0.38,2026-08-08,00:09:00,N21,nominal,2.0NRT,292.51,1.52,N,VIIRS
46.79115,32.7767,309.47,0.47,0.39,2026-08-08,00:09:00,N21,nominal,2.0NRT,292.03,1.42,N,VIIRS
47.03767,31.49511,314.62,0.42,0.38,2026-08-08,00:09:00,N21,nominal,2.0NRT,292.83,1.52,N,VIIRS
47.03664,31.50055,312.22,0.42,0.38,2026-08-08,00:09:00,N21,nominal,2.0NRT,292.49,2.4,N,VIIRS
46.78765,32.77523,311.53,0.47,0.39,2026-08-08,00:09:00,N21,nominal,2.0NRT,292.34,1.42,N,VIIRS
47.03327,31.49922,322.94,0.42,0.38,2026-08-08,00:09:00,N21,nominal,2.0NRT,292.93,2.39,N,VIIRS
47.03429,31.49378,315.84,0.42,0.38,2026-08-08,00:09:00,N21,nominal,2.0NRT,292.78,2.26,N,VIIRS
47.03099,31.49751,301.4,0.42,0.38,2026-08-08,00:09:00,N21,nominal,2.0NRT,291.3,0.54,N,VIIRS
46.69011,33.06348,318.49,0.48,0.4,2026-08-08,00:09:00,N21,nominal,2.0NRT,292.6,2.33,N,VIIRS
46.68658,33.06194,312.95,0.48,0.4,2026-08-08,00:09:00,N21,nominal,2.0NRT,292.58,2.33,N,VIIRS
46.68304,33.06042,327.47,0.48,0.4,2026-08-08,00:09:00,N21,nominal,2.0NRT,293.59,4.93,N,VIIRS
46.68427,33.05439,315.13,0.48,0.4,2026-08-08,00:09:00,N21,nominal,2.0NRT,292.33,2.58,N,VIIRS
46.67951,33.0589,340.73,0.48,0.4,2026-08-08,00:09:00,N21,nominal,2.0NRT,294.54,4.93,N,VIIRS
46.65784,32.59193,311.22,0.46,0.39,2026-08-08,00:09:00,N21,nominal,2.0NRT,292.93,1.51,N,VIIRS
46.76829,31.77933,305.13,0.43,0.38,2026-08-08,00:09:00,N21,nominal,2.0NRT,291.55,0.71,N,VIIRS
46.5019,32.79399,308.29,0.47,0.4,2026-08-08,00:09:00,N21,nominal,2.0NRT,293.83,1.76,N,VIIRS
46.49958,32.78658,322.36,0.47,0.4,2026-08-08,00:09:00,N21,nominal,2.0NRT,293.73,3.58,N,VIIRS
46.51858,32.67297,340.91,0.47,0.39,2026-08-08,00:09:00,N21,nominal,2.0NRT,291.48,5.76,N,VIIRS
46.51741,32.67883,319.58,0.47,0.39,2026-08-08,00:09:00,N21,nominal,2.0NRT,292.29,2.54,N,VIIRS
46.51508,32.67149,314.11,0.47,0.39,2026-08-08,00:09:00,N21,nominal,2.0NRT,291.42,1.96,N,VIIRS
46.50129,32.53242,308.23,0.46,0.39,2026-08-08,00:09:00,N21,nominal,2.0NRT,293.45,1.39,N,VIIRS
46.9987,29.6739,309.08,0.39,0.36,2026-08-08,00:09:00,N21,nominal,2.0NRT,290.5,1.1,N,VIIRS
46.39744,32.60723,306.71,0.47,0.39,2026-08-08,00:09:00,N21,nominal,2.0NRT,291.34,1.04,N,VIIRS
46.39283,32.57352,328.45,0.46,0.39,2026-08-08,00:09:00,N21,nominal,2.0NRT,294.05,4.29,N,VIIRS
46.39553,32.43576,307.64,0.46,0.39,2026-08-08,00:09:00,N21,nominal,2.0NRT,291.85,0.96,N,VIIRS
46.83037,30.06984,303.93,0.4,0.37,2026-08-08,00:09:00,N21,nominal,2.0NRT,291.8,0.82,N,VIIRS
46.39318,32.42852,307.98,0.46,0.39,2026-08-08,00:09:00,N21,nominal,2.0NRT,292.37,1.7,N,VIIRS
46.39204,32.43431,316.53,0.46,0.39,2026-08-08,00:09:00,N21,nominal,2.0NRT,292.47,1.99,N,VIIRS
46.82619,30.07372,306.8,0.4,0.37,2026-08-08,00:09:00,N21,nominal,2.0NRT,292.21,0.82,N,VIIRS
46.48478,31.82263,316.13,0.44,0.38,2026-08-08,00:09:00,N21,nominal,2.0NRT,294.6,1.93,N,VIIRS
46.35949,32.40821,312.8,0.46,0.39,2026-08-08,00:09:00,N21,nominal,2.0NRT,291.86,2.61,N,VIIRS
46.35601,32.40675,327.98,0.46,0.39,2026-08-08,00:09:00,N21,nominal,2.0NRT,293.4,2.61,N,VIIRS
46.35486,32.41254,302.92,0.46,0.39,2026-08-08,00:09:00,N21,nominal,2.0NRT,290.9,2.61,N,VIIRS
46.28476,32.68736,305.09,0.47,0.4,2026-08-08,00:09:00,N21,nominal,2.0NRT,291.91,0.86,N,VIIRS
46.28357,32.69326,306.29,0.47,0.4,2026-08-08,00:09:00,N21,nominal,2.0NRT,291.42,1.05,N,VIIRS
46.17575,33.05157,308.93,0.49,0.4,2026-08-08,00:09:00,N21,nominal,2.0NRT,290.55,1.45,N,VIIRS
46.17344,33.04398,301.48,0.49,0.4,2026-08-08,00:09:00,N21,nominal,2.0NRT,290.3,1,N,VIIRS
45.34663,36.46049,311.63,0.47,0.47,2026-08-08,00:09:00,N21,nominal,2.0NRT,292.52,1.52,N,VIIRS
45.34241,36.3821,313.39,0.46,0.47,2026-08-08,00:09:00,N21,nominal,2.0NRT,293.96,1.84,N,VIIRS
46.57578,30.02071,301.8,0.4,0.37,2026-08-08,00:09:00,N21,nominal,2.0NRT,290.9,0.53,N,VIIRS
46.13046,29.46415,306.16,0.39,0.37,2026-08-08,00:09:00,N21,nominal,2.0NRT,291.54,0.96,N,VIIRS
45.88127,29.02359,308.3,0.39,0.36,2026-08-08,00:09:00,N21,nominal,2.0NRT,292.3,0.8,N,VIIRS
45.79216,29.0423,305.11,0.39,0.36,2026-08-08,00:09:00,N21,nominal,2.0NRT,292.1,0.5,N,VIIRS
45.79132,29.04723,303.39,0.39,0.36,2026-08-08,00:09:00,N21,nominal,2.0NRT,292.33,0.5,N,VIIRS
45.74352,28.87974,328.51,0.39,0.36,2026-08-08,00:09:00,N21,nominal,2.0NRT,293.79,2.52,N,VIIRS
45.67606,28.95374,303.94,0.39,0.36,2026-08-08,00:09:00,N21,nominal,2.0NRT,292.53,1.02,N,VIIRS
45.66459,28.96025,310.84,0.39,0.36,2026-08-08,00:09:00,N21,nominal,2.0NRT,292.32,0.43,N,VIIRS
45.52234,28.74141,307.36,0.39,0.36,2026-08-08,00:09:00,N21,nominal,2.0NRT,292.21,0.63,N,VIIRS
45.52152,28.7463,303.79,0.39,0.36,2026-08-08,00:09:00,N21,nominal,2.0NRT,292.51,0.63,N,VIIRS
45.14734,35.63409,347.45,0.43,0.46,2026-08-08,09:56:00,N21,nominal,2.0NRT,299.82,7.94,D,VIIRS
47.89146,34.36618,345.82,0.42,0.45,2026-08-08,09:56:00,N21,nominal,2.0NRT,302.27,10.1,D,VIIRS
48.2951,36.20938,344.95,0.52,0.42,2026-08-08,09:56:00,N21,nominal,2.0NRT,309.53,8.87,D,VIIRS
48.43036,36.87754,330.81,0.49,0.4,2026-08-08,09:56:00,N21,low,2.0NRT,302.56,7.95,D,VIIRS
48.14954,35.57096,331.81,0.55,0.43,2026-08-08,09:56:00,N21,low,2.0NRT,306.2,2.38,D,VIIRS
48.14425,35.56573,351.19,0.55,0.43,2026-08-08,09:56:00,N21,nominal,2.0NRT,305.61,14.64,D,VIIRS
48.14579,35.57278,330.94,0.55,0.43,2026-08-08,09:56:00,N21,low,2.0NRT,304.85,2.38,D,VIIRS
48.41273,36.82978,342.36,0.49,0.4,2026-08-08,09:56:00,N21,nominal,2.0NRT,299.82,7.34,D,VIIRS
48.68002,38.17339,340.86,0.44,0.39,2026-08-08,09:56:00,N21,nominal,2.0NRT,307.39,4.85,D,VIIRS
48.40918,36.83146,355.09,0.49,0.4,2026-08-08,09:56:00,N21,nominal,2.0NRT,303.75,15.63,D,VIIRS
46.79025,30.16352,367,0.34,0.56,2026-08-08,09:56:00,N21,high,2.0NRT,299.72,5.59,D,VIIRS
48.1593,35.69128,342.39,0.55,0.42,2026-08-08,09:56:00,N21,nominal,2.0NRT,310.11,61.41,D,VIIRS
48.40729,36.86026,331.84,0.49,0.4,2026-08-08,09:56:00,N21,low,2.0NRT,304.62,2.71,D,VIIRS
48.59682,37.84073,338.76,0.45,0.39,2026-08-08,09:56:00,N21,nominal,2.0NRT,305.34,3.63,D,VIIRS
48.58399,37.79458,338.61,0.46,0.39,2026-08-08,09:56:00,N21,nominal,2.0NRT,308.28,5.93,D,VIIRS
46.74747,30.13059,333.7,0.34,0.56,2026-08-08,09:56:00,N21,nominal,2.0NRT,300.75,6.89,D,VIIRS
46.7463,30.12645,367,0.34,0.56,2026-08-08,09:56:00,N21,high,2.0NRT,298.94,6.89,D,VIIRS
48.54904,37.73198,337.19,0.46,0.39,2026-08-08,09:56:00,N21,low,2.0NRT,307.61,4.64,D,VIIRS
48.27058,36.43327,353.55,0.51,0.41,2026-08-08,09:56:00,N21,nominal,2.0NRT,314.43,32.08,D,VIIRS
48.50185,37.60907,342.12,0.46,0.39,2026-08-08,09:56:00,N21,nominal,2.0NRT,306.75,20.41,D,VIIRS
48.49837,37.61062,338.98,0.46,0.39,2026-08-08,09:56:00,N21,nominal,2.0NRT,303.51,7.35,D,VIIRS
48.54025,37.82045,342.07,0.45,0.39,2026-08-08,09:56:00,N21,nominal,2.0NRT,307.78,4.32,D,VIIRS
48.41716,37.24777,330.78,0.48,0.4,2026-08-08,09:56:00,N21,nominal,2.0NRT,299.68,7.63,D,VIIRS
48.41681,37.2484,331.24,0.48,0.4,2026-08-08,09:56:00,N21,nominal,2.0NRT,299.55,4.65,D,VIIRS
48.4227,37.37343,332.68,0.47,0.4,2026-08-08,09:56:00,N21,nominal,2.0NRT,304.5,5.55,D,VIIRS
48.37358,37.18671,340.34,0.48,0.4,2026-08-08,09:56:00,N21,nominal,2.0NRT,309.64,6.97,D,VIIRS
48.67742,38.78676,333.93,0.43,0.38,2026-08-08,09:56:00,N21,low,2.0NRT,308.65,2.81,D,VIIRS
47.03004,31.48516,341.73,0.59,0.53,2026-08-08,09:56:00,N21,nominal,2.0NRT,301.89,10.01,D,VIIRS
46.6959,30.27783,340.99,0.34,0.56,2026-08-08,09:56:00,N21,nominal,2.0NRT,300.86,7.84,D,VIIRS
46.7051,30.31078,342.99,0.34,0.56,2026-08-08,09:56:00,N21,nominal,2.0NRT,298.77,5.2,D,VIIRS
48.46824,37.73606,342.69,0.46,0.39,2026-08-08,09:56:00,N21,nominal,2.0NRT,306.79,4.73,D,VIIRS
48.4694,37.74199,334.9,0.46,0.39,2026-08-08,09:56:00,N21,low,2.0NRT,307.21,4.73,D,VIIRS
47.01913,31.4832,332.67,0.59,0.53,2026-08-08,09:56:00,N21,nominal,2.0NRT,301.73,6.71,D,VIIRS
47.02103,31.49033,345.29,0.59,0.53,2026-08-08,09:56:00,N21,nominal,2.0NRT,301.89,6.71,D,VIIRS
47.57522,33.67808,341.26,0.45,0.47,2026-08-08,09:56:00,N21,nominal,2.0NRT,305.42,6.22,D,VIIRS
48.46477,37.73763,339.7,0.46,0.39,2026-08-08,09:56:00,N21,nominal,2.0NRT,307.09,6.79,D,VIIRS
47.56976,33.67448,346.89,0.45,0.47,2026-08-08,09:56:00,N21,nominal,2.0NRT,306.08,6.22,D,VIIRS
47.57113,33.68019,333.9,0.45,0.47,2026-08-08,09:56:00,N21,low,2.0NRT,304.87,6.22,D,VIIRS
47.56567,33.6766,344.62,0.45,0.47,2026-08-08,09:56:00,N21,nominal,2.0NRT,306.22,8.5,D,VIIRS
47.56705,33.6823,341.48,0.45,0.47,2026-08-08,09:56:00,N21,nominal,2.0NRT,304.77,8.5,D,VIIRS
47.5602,33.673,353.76,0.45,0.47,2026-08-08,09:56:00,N21,nominal,2.0NRT,306.91,22.91,D,VIIRS
47.56158,33.67871,350.58,0.45,0.47,2026-08-08,09:56:00,N21,nominal,2.0NRT,306.45,8.5,D,VIIRS
48.34153,37.18089,341.08,0.48,0.4,2026-08-08,09:56:00,N21,nominal,2.0NRT,311.79,12.08,D,VIIRS
48.30975,37.04461,337.6,0.49,0.4,2026-08-08,09:56:00,N21,nominal,2.0NRT,306.82,9.63,D,VIIRS
48.42336,37.60537,345.41,0.46,0.39,2026-08-08,09:56:00,N21,nominal,2.0NRT,302.4,7.96,D,VIIRS
48.42469,37.63104,338.52,0.46,0.39,2026-08-08,09:56:00,N21,nominal,2.0NRT,303.24,4.18,D,VIIRS
48.31458,37.12477,341.38,0.48,0.4,2026-08-08,09:56:00,N21,nominal,2.0NRT,305.36,5.55,D,VIIRS
48.0841,36.07018,331.45,0.53,0.42,2026-08-08,09:56:00,N21,nominal,2.0NRT,298.55,5.74,D,VIIRS
48.28679,37.02749,334.44,0.49,0.4,2026-08-08,09:56:00,N21,low,2.0NRT,309.06,7.65,D,VIIRS
48.4034,37.75172,336.31,0.46,0.39,2026-08-08,09:56:00,N21,nominal,2.0NRT,306.14,3.32,D,VIIRS
48.405,37.75309,336.62,0.46,0.39,2026-08-08,09:56:00,N21,nominal,2.0NRT,306.63,3.11,D,VIIRS
48.25777,37.11137,336.87,0.48,0.4,2026-08-08,09:56:00,N21,nominal,2.0NRT,305.51,4.25,D,VIIRS
48.22879,37.08333,335.27,0.49,0.4,2026-08-08,09:56:00,N21,low,2.0NRT,308.85,9.08,D,VIIRS
48.23006,37.08959,352.92,0.49,0.4,2026-08-08,09:56:00,N21,nominal,2.0NRT,313.29,19.62,D,VIIRS
46.58053,30.2777,343.7,0.34,0.56,2026-08-08,09:56:00,N21,nominal,2.0NRT,297.97,3.62,D,VIIRS
47.48834,33.82773,334.82,0.45,0.47,2026-08-08,09:56:00,N21,nominal,2.0NRT,304.69,4.34,D,VIIRS
47.48161,33.81873,334.54,0.45,0.47,2026-08-08,09:56:00,N21,low,2.0NRT,305.42,7.49,D,VIIRS
47.48428,33.82986,343.16,0.45,0.47,2026-08-08,09:56:00,N21,nominal,2.0NRT,305.38,4.34,D,VIIRS
47.68956,34.70042,344.52,0.41,0.45,2026-08-08,09:56:00,N21,nominal,2.0NRT,301.18,227.54,D,VIIRS
47.69557,34.72648,332.71,0.41,0.45,2026-08-08,09:56:00,N21,nominal,2.0NRT,300.28,4.61,D,VIIRS
47.48022,33.83197,336.73,0.45,0.47,2026-08-08,09:56:00,N21,nominal,2.0NRT,303.41,1.88,D,VIIRS
48.24228,37.28209,345.01,0.48,0.4,2026-08-08,09:56:00,N21,nominal,2.0NRT,307.64,14.72,D,VIIRS
48.23748,37.27743,346.38,0.48,0.4,2026-08-08,09:56:00,N21,nominal,2.0NRT,309.17,9.4,D,VIIRS
48.23875,37.28365,340.89,0.48,0.4,2026-08-08,09:56:00,N21,nominal,2.0NRT,307.46,9.4,D,VIIRS
47.37561,33.47801,341.2,0.47,0.48,2026-08-08,09:56:00,N21,nominal,2.0NRT,304.74,9.86,D,VIIRS
48.14357,36.93506,348.95,0.49,0.41,2026-08-08,09:56:00,N21,nominal,2.0NRT,311.41,19.74,D,VIIRS
47.75154,35.17704,341.27,0.39,0.44,2026-08-08,09:56:00,N21,nominal,2.0NRT,297.3,6.81,D,VIIRS
47.75267,35.18198,342.16,0.39,0.44,2026-08-08,09:56:00,N21,nominal,2.0NRT,299.64,4.67,D,VIIRS
48.12708,36.89368,340.93,0.5,0.41,2026-08-08,09:56:00,N21,nominal,2.0NRT,307.45,5.66,D,VIIRS
47.74657,35.17397,341.11,0.39,0.44,2026-08-08,09:56:00,N21,nominal,2.0NRT,293.2,6.81,D,VIIRS
48.19166,37.22342,338.92,0.48,0.4,2026-08-08,09:56:00,N21,nominal,2.0NRT,310.18,8.15,D,VIIRS
48.05701,36.59924,333.79,0.51,0.41,2026-08-08,09:56:00,N21,low,2.0NRT,305.19,15.32,D,VIIRS
48.18813,37.22502,334.2,0.48,0.4,2026-08-08,09:56:00,N21,nominal,2.0NRT,307.16,2.71,D,VIIRS
48.12522,36.89607,339.23,0.5,0.41,2026-08-08,09:56:00,N21,nominal,2.0NRT,306.7,4.09,D,VIIRS
48.19205,37.22495,340.63,0.48,0.4,2026-08-08,09:56:00,N21,nominal,2.0NRT,311.2,4.47,D,VIIRS
48.05861,36.59266,332.4,0.51,0.41,2026-08-08,09:56:00,N21,low,2.0NRT,304.48,8.6,D,VIIRS
48.05998,36.59923,332.82,0.51,0.41,2026-08-08,09:56:00,N21,low,2.0NRT,303.74,8.02,D,VIIRS
48.18851,37.22656,332.32,0.48,0.4,2026-08-08,09:56:00,N21,low,2.0NRT,307.25,4.47,D,VIIRS
47.74918,35.17599,351.27,0.39,0.44,2026-08-08,09:56:00,N21,nominal,2.0NRT,296.05,12.58,D,VIIRS
48.2019,37.36959,350.73,0.48,0.4,2026-08-08,09:56:00,N21,nominal,2.0NRT,310.57,19.18,D,VIIRS
48.20437,37.38188,340.13,0.48,0.4,2026-08-08,09:56:00,N21,nominal,2.0NRT,309.59,10.4,D,VIIRS
48.20086,37.38348,353.17,0.48,0.4,2026-08-08,09:56:00,N21,nominal,2.0NRT,312.73,19.61,D,VIIRS
47.73402,35.22238,330.56,0.39,0.44,2026-08-08,09:56:00,N21,nominal,2.0NRT,286.07,6.83,D,VIIRS
48.16323,37.29233,332.5,0.48,0.4,2026-08-08,09:56:00,N21,low,2.0NRT,303.92,5.58,D,VIIRS
47.64668,34.98735,345.89,0.4,0.44,2026-08-08,09:56:00,N21,nominal,2.0NRT,307.47,8.13,D,VIIRS
47.86842,36.03942,338.08,0.54,0.42,2026-08-08,09:56:00,N21,nominal,2.0NRT,307.26,6.85,D,VIIRS
48.01402,36.72075,343.71,0.5,0.41,2026-08-08,09:56:00,N21,nominal,2.0NRT,307.58,11.95,D,VIIRS
48.45413,38.95846,334.98,0.43,0.38,2026-08-08,09:56:00,N21,low,2.0NRT,308.4,11.22,D,VIIRS
47.85125,36.01695,301.48,0.54,0.42,2026-08-08,09:56:00,N21,low,2.0NRT,301.86,59.31,D,VIIRS
47.54126,34.64355,348.69,0.41,0.45,2026-08-08,09:56:00,N21,nominal,2.0NRT,311.5,17.19,D,VIIRS
47.85276,36.02387,343.88,0.54,0.42,2026-08-08,09:56:00,N21,nominal,2.0NRT,310.45,59.31,D,VIIRS
47.98263,36.62828,334.87,0.51,0.41,2026-08-08,09:56:00,N21,low,2.0NRT,305.94,11.58,D,VIIRS
47.979,36.62996,353.98,0.51,0.41,2026-08-08,09:56:00,N21,nominal,2.0NRT,311.21,11.58,D,VIIRS
47.98777,36.69015,337.89,0.51,0.41,2026-08-08,09:56:00,N21,low,2.0NRT,309.48,6.37,D,VIIRS
47.98689,36.70477,341.6,0.51,0.41,2026-08-08,09:56:00,N21,nominal,2.0NRT,309.33,6.25,D,VIIRS
47.98875,36.73238,337.74,0.5,0.41,2026-08-08,09:56:00,N21,nominal,2.0NRT,310.68,6.14,D,VIIRS
48.11023,37.31617,347.42,0.48,0.4,2026-08-08,09:56:00,N21,nominal,2.0NRT,302.86,10.85,D,VIIRS
48.1115,37.32236,337.58,0.48,0.4,2026-08-08,09:56:00,N21,low,2.0NRT,309.77,10.85,D,VIIRS
48.15969,37.63456,346.46,0.47,0.4,2026-08-08,09:56:00,N21,nominal,2.0NRT,305.84,12.38,D,VIIRS
48.1584,37.63609,350.68,0.47,0.4,2026-08-08,09:56:00,N21,nominal,2.0NRT,306.32,16.2,D,VIIRS
48.01168,37.00408,337.84,0.49,0.41,2026-08-08,09:56:00,N21,nominal,2.0NRT,306.32,4.57,D,VIIRS
48.02895,37.1074,343.32,0.49,0.4,2026-08-08,09:56:00,N21,nominal,2.0NRT,311.47,23.23,D,VIIRS
48.02408,37.10262,339.89,0.49,0.4,2026-08-08,09:56:00,N21,low,2.0NRT,310.84,8.23,D,VIIRS
47.3788,34.18791,351.78,0.44,0.46,2026-08-08,09:56:00,N21,nominal,2.0NRT,296.45,27.63,D,VIIRS
48.01041,37.07396,343.36,0.49,0.4,2026-08-08,09:56:00,N21,nominal,2.0NRT,309.99,12.02,D,VIIRS
46.22065,29.78103,346.39,0.37,0.58,2026-08-08,09:56:00,N21,nominal,2.0NRT,299.58,5.93,D,VIIRS
47.72412,35.97026,334.85,0.55,0.42,2026-08-08,09:56:00,N21,low,2.0NRT,307.28,10.81,D,VIIRS
47.72578,36.01532,347.36,0.54,0.42,2026-08-08,09:56:00,N21,nominal,2.0NRT,309.5,18.6,D,VIIRS
47.93158,37.08923,345.91,0.49,0.4,2026-08-08,09:56:00,N21,nominal,2.0NRT,307.25,10.91,D,VIIRS
47.93193,37.1045,336.57,0.49,0.4,2026-08-08,09:56:00,N21,low,2.0NRT,310.34,7.55,D,VIIRS
47.9258,37.09355,335.41,0.49,0.4,2026-08-08,09:56:00,N21,low,2.0NRT,307.03,3.14,D,VIIRS
47.92709,37.099850000000004,350.84,0.49,0.4,2026-08-08,09:56:00,N21,nominal,2.0NRT,310.87,15.09,D,VIIRS
47.92964,37.11236,343.71,0.49,0.4,2026-08-08,09:56:00,N21,nominal,2.0NRT,312.25,5.59,D,VIIRS
47.91507,37.09836,338.9,0.49,0.4,2026-08-08,09:56:00,N21,low,2.0NRT,310.06,9.73,D,VIIRS
47.96991,37.36779,332.63,0.48,0.4,2026-08-08,09:56:00,N21,low,2.0NRT,307.62,3.43,D,VIIRS
47.96638,37.36942,347.49,0.48,0.4,2026-08-08,09:56:00,N21,nominal,2.0NRT,312.17,17.4,D,VIIRS
47.96033,37.3586,344.83,0.48,0.4,2026-08-08,09:56:00,N21,nominal,2.0NRT,308.33,6.4,D,VIIRS
47.96159,37.36483,343.36,0.48,0.4,2026-08-08,09:56:00,N21,nominal,2.0NRT,308.9,6.4,D,VIIRS
47.95678,37.36015,344.81,0.48,0.4,2026-08-08,09:56:00,N21,nominal,2.0NRT,308.08,13.8,D,VIIRS
47.95805,37.3664,355.74,0.48,0.4,2026-08-08,09:56:00,N21,nominal,2.0NRT,311.01,13.8,D,VIIRS
47.20262,33.96156,338.62,0.45,0.47,2026-08-08,09:56:00,N21,nominal,2.0NRT,301.21,6.38,D,VIIRS
47.61716,35.78897,330.45,0.56,0.43,2026-08-08,09:56:00,N21,low,2.0NRT,302.43,8,D,VIIRS
47.83748,36.81808,337.92,0.5,0.41,2026-08-08,09:56:00,N21,nominal,2.0NRT,306.6,10.04,D,VIIRS
47.19859,33.96385,367,0.45,0.47,2026-08-08,09:56:00,N21,high,2.0NRT,302.51,18.94,D,VIIRS
47.83252,36.81327,332.81,0.5,0.41,2026-08-08,09:56:00,N21,nominal,2.0NRT,290.42,5.33,D,VIIRS
47.83386,36.81973,348.79,0.5,0.41,2026-08-08,09:56:00,N21,nominal,2.0NRT,310.37,10.04,D,VIIRS
47.86513,36.98896,336.37,0.5,0.41,2026-08-08,09:56:00,N21,low,2.0NRT,309.6,20.91,D,VIIRS
47.87606,37.0607,353.62,0.49,0.41,2026-08-08,09:56:00,N21,nominal,2.0NRT,314.59,41.57,D,VIIRS
47.84597,36.93457,337.41,0.5,0.41,2026-08-08,09:56:00,N21,low,2.0NRT,311.56,22.89,D,VIIRS
47.84237,36.93618,345.44,0.5,0.41,2026-08-08,09:56:00,N21,nominal,2.0NRT,315.3,22.89,D,VIIRS
47.83877,36.93779,342.09,0.5,0.41,2026-08-08,09:56:00,N21,nominal,2.0NRT,310.79,13.49,D,VIIRS
47.86665,37.07195,333.74,0.49,0.41,2026-08-08,09:56:00,N21,low,2.0NRT,304.76,5.67,D,VIIRS
48.3444,39.55127,336.18,0.41,0.37,2026-08-08,09:56:00,N21,nominal,2.0NRT,310.03,6.59,D,VIIRS
48.34538,39.55666,346.57,0.41,0.37,2026-08-08,09:56:00,N21,nominal,2.0NRT,313.38,6.59,D,VIIRS
47.92343,37.44266,337.72,0.48,0.4,2026-08-08,09:56:00,N21,low,2.0NRT,312.34,7.02,D,VIIRS
47.91864,37.43806,336.77,0.48,0.4,2026-08-08,09:56:00,N21,low,2.0NRT,309.42,2.69,D,VIIRS
47.9199,37.44424,337.62,0.48,0.4,2026-08-08,09:56:00,N21,low,2.0NRT,311.09,6.17,D,VIIRS
47.49654,35.52919,333.82,0.57,0.43,2026-08-08,09:56:00,N21,low,2.0NRT,304.71,7.52,D,VIIRS
47.55155,35.81202,341.55,0.56,0.43,2026-08-08,09:56:00,N21,nominal,2.0NRT,303.7,14.05,D,VIIRS
47.61735,36.12814,337.62,0.54,0.42,2026-08-08,09:56:00,N21,low,2.0NRT,309.56,12.61,D,VIIRS
47.61887,36.13508,343.74,0.54,0.42,2026-08-08,09:56:00,N21,nominal,2.0NRT,309.98,12.61,D,VIIRS
47.54719,35.82977,345.28,0.56,0.43,2026-08-08,09:56:00,N21,nominal,2.0NRT,312.04,18.43,D,VIIRS
47.61515,36.13678,353.88,0.54,0.42,2026-08-08,09:56:00,N21,nominal,2.0NRT,315.22,12.61,D,VIIRS
47.61667,36.14372,341.48,0.54,0.42,2026-08-08,09:56:00,N21,nominal,2.0NRT,310.3,9.34,D,VIIRS
47.55133,35.81333,336.61,0.56,0.43,2026-08-08,09:56:00,N21,nominal,2.0NRT,305.39,13.25,D,VIIRS
47.54757,35.81514,347.08,0.56,0.43,2026-08-08,09:56:00,N21,nominal,2.0NRT,306.95,13.25,D,VIIRS
47.61569,36.13029,347.44,0.54,0.42,2026-08-08,09:56:00,N21,nominal,2.0NRT,314.07,15.3,D,VIIRS
47.61719,36.13725,353.8,0.54,0.42,2026-08-08,09:56:00,N21,nominal,2.0NRT,314.51,20.72,D,VIIRS
47.88546,37.42789,343.47,0.48,0.4,2026-08-08,09:56:00,N21,nominal,2.0NRT,311.08,6.63,D,VIIRS
47.88669,37.43403,344.74,0.48,0.4,2026-08-08,09:56:00,N21,nominal,2.0NRT,312.78,6.63,D,VIIRS
47.89166,37.45875,337.56,0.48,0.4,2026-08-08,09:56:00,N21,low,2.0NRT,311.19,9.28,D,VIIRS
47.54691,35.83115,347.39,0.56,0.43,2026-08-08,09:56:00,N21,nominal,2.0NRT,311.97,27.35,D,VIIRS
47.61496,36.14591,343.41,0.54,0.42,2026-08-08,09:56:00,N21,nominal,2.0NRT,310.76,13.38,D,VIIRS
47.88315,37.4356,349.61,0.48,0.4,2026-08-08,09:56:00,N21,nominal,2.0NRT,313.83,20.71,D,VIIRS
47.88439,37.44175,340.12,0.48,0.4,2026-08-08,09:56:00,N21,nominal,2.0NRT,312.57,11.06,D,VIIRS
47.88688,37.45412,346.19,0.48,0.4,2026-08-08,09:56:00,N21,nominal,2.0NRT,312.68,9.69,D,VIIRS
47.88564,37.44793,367,0.48,0.4,2026-08-08,09:56:00,N21,high,2.0NRT,315.18,11.06,D,VIIRS
47.54314,35.83295,347.59,0.56,0.43,2026-08-08,09:56:00,N21,nominal,2.0NRT,315.62,27.35,D,VIIRS
47.6105,36.1632,347.5,0.54,0.42,2026-08-08,09:56:00,N21,nominal,2.0NRT,308.67,12.11,D,VIIRS
47.61199,36.17014,336.75,0.54,0.42,2026-08-08,09:56:00,N21,nominal,2.0NRT,310.26,7.5,D,VIIRS
47.67841,36.48178,336.68,0.52,0.42,2026-08-08,09:56:00,N21,low,2.0NRT,309.4,9.09,D,VIIRS
47.31771,34.86189,345.36,0.41,0.45,2026-08-08,09:56:00,N21,nominal,2.0NRT,306.03,6.98,D,VIIRS
47.32008,34.87224,342.82,0.41,0.45,2026-08-08,09:56:00,N21,nominal,2.0NRT,308.7,5.35,D,VIIRS
47.31615,34.87416,341.03,0.41,0.45,2026-08-08,09:56:00,N21,low,2.0NRT,312.1,12.37,D,VIIRS
47.31734,34.87934,340.48,0.41,0.45,2026-08-08,09:56:00,N21,low,2.0NRT,311.13,6.6,D,VIIRS
47.40037,35.24536,352.87,0.39,0.44,2026-08-08,09:56:00,N21,nominal,2.0NRT,310.95,11.33,D,VIIRS
47.31461,34.88644,340.74,0.41,0.45,2026-08-08,09:56:00,N21,low,2.0NRT,311.08,6.6,D,VIIRS
45.63412,28.55108,331.23,0.44,0.62,2026-08-08,09:56:00,N21,nominal,2.0NRT,295.91,2.78,D,VIIRS
47.31068,34.88836,334.74,0.41,0.45,2026-08-08,09:56:00,N21,low,2.0NRT,308.14,5.21,D,VIIRS
47.60675,36.24066,337.6,0.54,0.42,2026-08-08,09:56:00,N21,nominal,2.0NRT,305.58,5.51,D,VIIRS
46.52724,31.75043,335.89,0.59,0.53,2026-08-08,09:56:00,N21,nominal,2.0NRT,304.04,10.54,D,VIIRS
46.52914,31.7576,341.69,0.59,0.53,2026-08-08,09:56:00,N21,nominal,2.0NRT,304.9,10.54,D,VIIRS
47.41936,35.40593,340.53,0.39,0.44,2026-08-08,09:56:00,N21,nominal,2.0NRT,309.03,3.38,D,VIIRS
47.81687,37.26147,347.22,0.49,0.4,2026-08-08,09:56:00,N21,nominal,2.0NRT,305.81,8.14,D,VIIRS
47.81815,37.26773,336.82,0.49,0.4,2026-08-08,09:56:00,N21,nominal,2.0NRT,306.51,10.35,D,VIIRS
46.52271,31.75293,341.04,0.59,0.53,2026-08-08,09:56:00,N21,nominal,2.0NRT,305.11,10.54,D,VIIRS
46.5246,31.76009,341.95,0.59,0.53,2026-08-08,09:56:00,N21,nominal,2.0NRT,305.46,10.54,D,VIIRS
47.81331,37.26307,340.69,0.49,0.4,2026-08-08,09:56:00,N21,low,2.0NRT,312.46,8.14,D,VIIRS
47.81459,37.26936,353.85,0.49,0.4,2026-08-08,09:56:00,N21,nominal,2.0NRT,317.37,10.35,D,VIIRS
47.81587,37.2756,335.26,0.49,0.4,2026-08-08,09:56:00,N21,low,2.0NRT,308.28,10.35,D,VIIRS
47.88133,37.61734,344.99,0.47,0.4,2026-08-08,09:56:00,N21,nominal,2.0NRT,311.78,13.19,D,VIIRS
47.78292,37.15306,339.17,0.49,0.4,2026-08-08,09:56:00,N21,low,2.0NRT,312.57,10.1,D,VIIRS
47.87659,37.6128,334.82,0.47,0.4,2026-08-08,09:56:00,N21,low,2.0NRT,307.64,8.65,D,VIIRS
47.87782,37.61891,348.64,0.47,0.4,2026-08-08,09:56:00,N21,nominal,2.0NRT,310.19,13.19,D,VIIRS
47.77933,37.1546,339.35,0.49,0.4,2026-08-08,09:56:00,N21,low,2.0NRT,311.33,7.45,D,VIIRS
47.58602,36.25785,347.87,0.54,0.42,2026-08-08,09:56:00,N21,nominal,2.0NRT,312.78,25.91,D,VIIRS
47.85094,37.52383,340.85,0.48,0.4,2026-08-08,09:56:00,N21,low,2.0NRT,311.49,3.96,D,VIIRS
47.5052,35.90594,354.42,0.55,0.43,2026-08-08,09:56:00,N21,nominal,2.0NRT,309.97,21.99,D,VIIRS
47.50673,35.91291,337.27,0.55,0.43,2026-08-08,09:56:00,N21,nominal,2.0NRT,305.49,5.38,D,VIIRS
47.58232,36.2596,348.66,0.54,0.42,2026-08-08,09:56:00,N21,nominal,2.0NRT,310.72,17.25,D,VIIRS
47.84867,37.53156,348.4,0.48,0.4,2026-08-08,09:56:00,N21,nominal,2.0NRT,312.11,7.11,D,VIIRS
47.50298,35.91469,343.9,0.55,0.43,2026-08-08,09:56:00,N21,nominal,2.0NRT,307.04,5.38,D,VIIRS
47.84515,37.53316,339.58,0.48,0.4,2026-08-08,09:56:00,N21,low,2.0NRT,312.69,7.11,D,VIIRS
47.37382,35.37377,344.04,0.39,0.44,2026-08-08,09:56:00,N21,low,2.0NRT,314.38,9.34,D,VIIRS
47.37494,35.3787,336.25,0.39,0.44,2026-08-08,09:56:00,N21,low,2.0NRT,309.25,6.27,D,VIIRS
47.36998,35.37562,340.42,0.39,0.44,2026-08-08,09:56:00,N21,low,2.0NRT,312.92,4.37,D,VIIRS
47.53309,36.10842,337.85,0.54,0.42,2026-08-08,09:56:00,N21,low,2.0NRT,311.9,9.56,D,VIIRS
47.61839,36.50243,332.85,0.52,0.42,2026-08-08,09:56:00,N21,low,2.0NRT,305.81,17.34,D,VIIRS
47.36613,35.37747,343.64,0.39,0.44,2026-08-08,09:56:00,N21,nominal,2.0NRT,311.48,4.37,D,VIIRS
47.38058,35.44128,343.03,0.39,0.44,2026-08-08,09:56:00,N21,nominal,2.0NRT,310.39,7.49,D,VIIRS
47.53087,36.11703,334.72,0.54,0.42,2026-08-08,09:56:00,N21,low,2.0NRT,308.43,6.3,D,VIIRS
47.61473,36.50414,344.29,0.52,0.42,2026-08-08,09:56:00,N21,nominal,2.0NRT,310.13,17.34,D,VIIRS
47.37786,35.44806,342.15,0.39,0.44,2026-08-08,09:56:00,N21,nominal,2.0NRT,310.01,7.07,D,VIIRS
46.01197,30.13932,337.05,0.36,0.57,2026-08-08,09:56:00,N21,nominal,2.0NRT,299.61,2.53,D,VIIRS
46.01321,30.14361,330.64,0.36,0.57,2026-08-08,09:56:00,N21,nominal,2.0NRT,299.82,2.53,D,VIIRS
46.7267,32.76836,335.58,0.52,0.5,2026-08-08,09:56:00,N21,low,2.0NRT,308.6,6.13,D,VIIRS
46.95256,33.70454,331.21,0.47,0.48,2026-08-08,09:56:00,N21,nominal,2.0NRT,303.32,14.44,D,VIIRS
47.5644,36.40202,339.9,0.53,0.42,2026-08-08,09:56:00,N21,low,2.0NRT,312.6,11.65,D,VIIRS
47.76349,37.36059,351.2,0.48,0.4,2026-08-08,09:56:00,N21,nominal,2.0NRT,316.3,14.58,D,VIIRS
46.7259,32.76874,334.72,0.52,0.5,2026-08-08,09:56:00,N21,low,2.0NRT,309.21,6.3,D,VIIRS
46.72755,32.77533,335.5,0.52,0.5,2026-08-08,09:56:00,N21,low,2.0NRT,307.75,6.3,D,VIIRS
47.76271,37.35463,339.02,0.49,0.4,2026-08-08,09:56:00,N21,low,2.0NRT,313.24,7.12,D,VIIRS
47.76397,37.36087,349.36,0.48,0.4,2026-08-08,09:56:00,N21,nominal,2.0NRT,316.09,7.12,D,VIIRS
46.94988,33.70001,341.37,0.47,0.48,2026-08-08,09:56:00,N21,nominal,2.0NRT,304.86,10.5,D,VIIRS
47.56163,36.40323,336.78,0.53,0.42,2026-08-08,09:56:00,N21,nominal,2.0NRT,305.71,7.99,D,VIIRS
47.66813,36.91148,349.75,0.5,0.41,2026-08-08,09:56:00,N21,nominal,2.0NRT,310.6,32.61,D,VIIRS
47.7182,37.15487,346.73,0.49,0.41,2026-08-08,09:56:00,N21,nominal,2.0NRT,312.06,10.94,D,VIIRS
47.7195,37.16126,347.86,0.49,0.41,2026-08-08,09:56:00,N21,nominal,2.0NRT,311.77,10.94,D,VIIRS
48.12292,39.24092,347.52,0.42,0.38,2026-08-08,09:56:00,N21,nominal,2.0NRT,311.51,10.78,D,VIIRS
47.66586,36.91959,338.43,0.5,0.41,2026-08-08,09:56:00,N21,low,2.0NRT,312.85,29.04,D,VIIRS
47.71592,37.16283,343.74,0.49,0.41,2026-08-08,09:56:00,N21,low,2.0NRT,317.12,12.32,D,VIIRS
47.71722,37.16921,337.77,0.49,0.41,2026-08-08,09:56:00,N21,nominal,2.0NRT,305.88,11.45,D,VIIRS
47.74798,37.3202,340.08,0.49,0.4,2026-08-08,09:56:00,N21,low,2.0NRT,311.36,5.75,D,VIIRS
47.80044,37.58034,334.84,0.48,0.4,2026-08-08,09:56:00,N21,low,2.0NRT,305.93,16.49,D,VIIRS
48.11956,39.24228,339.88,0.42,0.38,2026-08-08,09:56:00,N21,nominal,2.0NRT,311.22,5.93,D,VIIRS
46.01057,30.13723,330.41,0.36,0.57,2026-08-08,09:56:00,N21,nominal,2.0NRT,299.23,2.57,D,VIIRS
46.01177,30.14152,335.37,0.36,0.57,2026-08-08,09:56:00,N21,nominal,2.0NRT,300.13,2.57,D,VIIRS
47.71233,37.1644,339.35,0.49,0.41,2026-08-08,09:56:00,N21,low,2.0NRT,313.21,12.32,D,VIIRS
47.71624,37.18351,344.93,0.49,0.4,2026-08-08,09:56:00,N21,nominal,2.0NRT,312.71,20.1,D,VIIRS
47.79692,37.58192,350.22,0.48,0.4,2026-08-08,09:56:00,N21,nominal,2.0NRT,316.46,16.49,D,VIIRS
47.65501,36.92445,335.34,0.5,0.41,2026-08-08,09:56:00,N21,low,2.0NRT,306.01,8.42,D,VIIRS
47.65636,36.93094,335.85,0.5,0.41,2026-08-08,09:56:00,N21,low,2.0NRT,309.74,7.42,D,VIIRS
47.4741,36.12783,346.62,0.54,0.42,2026-08-08,09:56:00,N21,nominal,2.0NRT,309.08,3.82,D,VIIRS
47.47561,36.13482,340.36,0.54,0.42,2026-08-08,09:56:00,N21,low,2.0NRT,310.65,7.87,D,VIIRS
47.69965,37.1978,347.35,0.49,0.4,2026-08-08,09:56:00,N21,nominal,2.0NRT,311.76,12.02,D,VIIRS
47.70095,37.20412,339.08,0.49,0.4,2026-08-08,09:56:00,N21,low,2.0NRT,312.83,13.51,D,VIIRS
47.76817,37.5345,338.49,0.48,0.4,2026-08-08,09:56:00,N21,low,2.0NRT,311.69,9.88,D,VIIRS
45.57094,28.78775,340.25,0.43,0.62,2026-08-08,09:56:00,N21,nominal,2.0NRT,297.37,7.63,D,VIIRS
45.57246,28.79281,348.38,0.43,0.62,2026-08-08,09:56:00,N21,nominal,2.0NRT,297.3,7.63,D,VIIRS
46.94233,33.89965,340.6,0.46,0.47,2026-08-08,09:56:00,N21,nominal,2.0NRT,306.62,8.36,D,VIIRS
46.94511,33.91113,343.65,0.46,0.47,2026-08-08,09:56:00,N21,nominal,2.0NRT,310.08,15.23,D,VIIRS
46.94649,33.91687,342.25,0.46,0.47,2026-08-08,09:56:00,N21,nominal,2.0NRT,307.31,10.59,D,VIIRS
47.41441,35.94856,338.97,0.55,0.43,2026-08-08,09:56:00,N21,low,2.0NRT,310.59,10.33,D,VIIRS
47.36362,35.73716,340.93,0.57,0.43,2026-08-08,09:56:00,N21,low,2.0NRT,313.06,12.35,D,VIIRS
47.4045,35.9223,337.12,0.56,0.43,2026-08-08,09:56:00,N21,low,2.0NRT,311.35,8.75,D,VIIRS
47.4122,35.95736,336.31,0.55,0.43,2026-08-08,09:56:00,N21,low,2.0NRT,310.75,9.7,D,VIIRS
47.36456,35.76028,344.73,0.57,0.43,2026-08-08,09:56:00,N21,nominal,2.0NRT,309.74,12.45,D,VIIRS
47.40072,35.92398,346.19,0.56,0.43,2026-08-08,09:56:00,N21,nominal,2.0NRT,310.91,8.75,D,VIIRS
47.40691,35.95214,346.53,0.55,0.43,2026-08-08,09:56:00,N21,nominal,2.0NRT,311.32,9.7,D,VIIRS
47.56826,36.70016,340.47,0.52,0.41,2026-08-08,09:56:00,N21,low,2.0NRT,310.5,6.25,D,VIIRS
47.86226,38.14036,339.49,0.46,0.39,2026-08-08,09:56:00,N21,nominal,2.0NRT,309.2,9.79,D,VIIRS
46.48182,32.12944,354.57,0.57,0.52,2026-08-08,09:56:00,N21,nominal,2.0NRT,311.03,28.9,D,VIIRS
47.36237,35.76927,345.69,0.57,0.43,2026-08-08,09:56:00,N21,nominal,2.0NRT,311.21,11.63,D,VIIRS
47.33292,35.65585,338.66,0.57,0.43,2026-08-08,09:56:00,N21,nominal,2.0NRT,308.14,18.51,D,VIIRS
47.35858,35.77106,338.59,0.57,0.43,2026-08-08,09:56:00,N21,nominal,2.0NRT,308.49,11.63,D,VIIRS
47.36018,35.77829,340.52,0.56,0.43,2026-08-08,09:56:00,N21,nominal,2.0NRT,310.03,11.63,D,VIIRS
47.41476,36.02559,343,0.55,0.43,2026-08-08,09:56:00,N21,nominal,2.0NRT,308.18,21.32,D,VIIRS
47.41628,36.03256,347.68,0.55,0.43,2026-08-08,09:56:00,N21,nominal,2.0NRT,307.34,21.32,D,VIIRS
47.33075,35.66494,339.22,0.57,0.43,2026-08-08,09:56:00,N21,low,2.0NRT,312.38,14.18,D,VIIRS
47.3564,35.78008,347.88,0.56,0.43,2026-08-08,09:56:00,N21,nominal,2.0NRT,311.17,13.15,D,VIIRS
46.62526,32.74078,333.49,0.53,0.5,2026-08-08,09:56:00,N21,nominal,2.0NRT,302.54,7.67,D,VIIRS
45.73216,29.53414,337.95,0.39,0.59,2026-08-08,09:56:00,N21,nominal,2.0NRT,296.95,4.7,D,VIIRS
47.39912,36.04842,338.76,0.55,0.43,2026-08-08,09:56:00,N21,nominal,2.0NRT,307.71,6.08,D,VIIRS
47.38483,36.03984,343.56,0.55,0.43,2026-08-08,09:56:00,N21,nominal,2.0NRT,309.05,6.29,D,VIIRS
47.37955,36.03466,345.01,0.55,0.43,2026-08-08,09:56:00,N21,nominal,2.0NRT,310.79,5.2,D,VIIRS
47.38109,36.04163,339.48,0.55,0.43,2026-08-08,09:56:00,N21,nominal,2.0NRT,312.19,7.96,D,VIIRS
47.68517,37.52423,352.86,0.48,0.4,2026-08-08,09:56:00,N21,nominal,2.0NRT,314.84,58.2,D,VIIRS
47.68391,37.51806,367,0.48,0.4,2026-08-08,09:56:00,N21,high,2.0NRT,326.51,101.63,D,VIIRS
47.3825,36.03452,340.29,0.55,0.43,2026-08-08,09:56:00,N21,nominal,2.0NRT,309.21,11.39,D,VIIRS
47.384,36.04151,345.03,0.55,0.43,2026-08-08,09:56:00,N21,nominal,2.0NRT,310.84,11.39,D,VIIRS
47.6876,37.51838,333.17,0.48,0.4,2026-08-08,09:56:00,N21,low,2.0NRT,307.35,4.41,D,VIIRS
47.68407,37.51999,367,0.48,0.4,2026-08-08,09:56:00,N21,low,2.0NRT,333.93,61,D,VIIRS
47.68531,37.52618,349.64,0.48,0.4,2026-08-08,09:56:00,N21,nominal,2.0NRT,312.08,61,D,VIIRS
47.68178,37.52779,349.35,0.48,0.4,2026-08-08,09:56:00,N21,nominal,2.0NRT,311.1,61,D,VIIRS
47.68303,37.53398,336.89,0.48,0.4,2026-08-08,09:56:00,N21,low,2.0NRT,307.4,4.86,D,VIIRS
47.48196,36.5961,347.71,0.52,0.42,2026-08-08,09:56:00,N21,nominal,2.0NRT,314.72,28.91,D,VIIRS
47.48895,36.62924,340.17,0.52,0.42,2026-08-08,09:56:00,N21,nominal,2.0NRT,309.73,6.98,D,VIIRS
47.47689,36.59114,332.8,0.52,0.42,2026-08-08,09:56:00,N21,nominal,2.0NRT,306.16,25.9,D,VIIRS
47.4783,36.5978,344.7,0.52,0.42,2026-08-08,09:56:00,N21,nominal,2.0NRT,312.62,25.9,D,VIIRS
47.48529,36.63094,353.86,0.52,0.42,2026-08-08,09:56:00,N21,nominal,2.0NRT,314,14.55,D,VIIRS
47.48164,36.63265,339.92,0.52,0.42,2026-08-08,09:56:00,N21,low,2.0NRT,312.59,14.55,D,VIIRS
47.69961,37.69319,333.03,0.47,0.4,2026-08-08,09:56:00,N21,low,2.0NRT,307.85,2.71,D,VIIRS
47.47379,36.61449,342.76,0.52,0.42,2026-08-08,09:56:00,N21,nominal,2.0NRT,312.58,33.29,D,VIIRS
47.47519,36.62112,354.79,0.52,0.42,2026-08-08,09:56:00,N21,nominal,2.0NRT,313.98,21.19,D,VIIRS
47.47659,36.62775,354.16,0.52,0.42,2026-08-08,09:56:00,N21,nominal,2.0NRT,313.5,21.19,D,VIIRS
47.47799,36.63436,350.52,0.52,0.42,2026-08-08,09:56:00,N21,nominal,2.0NRT,311.65,8.78,D,VIIRS
47.20062,35.38003,344.39,0.39,0.44,2026-08-08,09:56:00,N21,nominal,2.0NRT,311.26,30.89,D,VIIRS
47.47294,36.62946,338.54,0.52,0.42,2026-08-08,09:56:00,N21,nominal,2.0NRT,301.54,21.19,D,VIIRS
47.1995,35.37506,367,0.39,0.44,2026-08-08,09:56:00,N21,high,2.0NRT,355.19,291.19,D,VIIRS
47.19565,35.37692,344.16,0.39,0.44,2026-08-08,09:56:00,N21,nominal,2.0NRT,313.08,16.78,D,VIIRS
47.19677,35.38189,349.48,0.39,0.44,2026-08-08,09:56:00,N21,nominal,2.0NRT,316.69,27.56,D,VIIRS
47.72875,37.89682,339.89,0.47,0.39,2026-08-08,09:56:00,N21,nominal,2.0NRT,309.28,5.36,D,VIIRS
47.19863,35.48506,348.79,0.39,0.44,2026-08-08,09:56:00,N21,nominal,2.0NRT,312.38,7.3,D,VIIRS
47.46359,36.699,342.46,0.52,0.41,2026-08-08,09:56:00,N21,nominal,2.0NRT,311.09,6.59,D,VIIRS
47.465,36.70565,344.1,0.52,0.41,2026-08-08,09:56:00,N21,nominal,2.0NRT,310.56,6.59,D,VIIRS
47.62052,37.45406,348.35,0.48,0.4,2026-08-08,09:56:00,N21,nominal,2.0NRT,307.01,6.76,D,VIIRS
47.197,35.49674,343.08,0.39,0.44,2026-08-08,09:56:00,N21,nominal,2.0NRT,312.79,12.61,D,VIIRS
47.46275,36.71394,340.08,0.52,0.41,2026-08-08,09:56:00,N21,low,2.0NRT,310.59,7.26,D,VIIRS
47.46415,36.72053,343.86,0.52,0.41,2026-08-08,09:56:00,N21,nominal,2.0NRT,312.59,7.26,D,VIIRS
47.61697,37.45565,336.26,0.48,0.4,2026-08-08,09:56:00,N21,low,2.0NRT,308.78,9.7,D,VIIRS
47.61824,37.46185,347.96,0.48,0.4,2026-08-08,09:56:00,N21,nominal,2.0NRT,309.59,9.7,D,VIIRS
47.19205,35.49366,339.54,0.39,0.44,2026-08-08,09:56:00,N21,low,2.0NRT,314.37,12.61,D,VIIRS
47.19316,35.49858,350.63,0.39,0.44,2026-08-08,09:56:00,N21,nominal,2.0NRT,314.7,12.61,D,VIIRS
47.45487,36.69566,337.68,0.52,0.41,2026-08-08,09:56:00,N21,low,2.0NRT,309.38,9.08,D,VIIRS
47.45628,36.7023,338.5,0.52,0.41,2026-08-08,09:56:00,N21,low,2.0NRT,312.14,12.3,D,VIIRS
47.4591,36.71559,342.53,0.52,0.41,2026-08-08,09:56:00,N21,nominal,2.0NRT,311.43,7.26,D,VIIRS
47.46609,36.74858,346.38,0.52,0.41,2026-08-08,09:56:00,N21,nominal,2.0NRT,310.21,16.55,D,VIIRS
47.61469,37.46344,343.17,0.48,0.4,2026-08-08,09:56:00,N21,nominal,2.0NRT,307.43,9.7,D,VIIRS
47.186,35.48567,340.6,0.39,0.44,2026-08-08,09:56:00,N21,nominal,2.0NRT,308.43,13.21,D,VIIRS
47.18711,35.49059,355.26,0.39,0.44,2026-08-08,09:56:00,N21,nominal,2.0NRT,316.08,13.21,D,VIIRS
47.18821,35.49551,351.62,0.39,0.44,2026-08-08,09:56:00,N21,nominal,2.0NRT,315.09,10.9,D,VIIRS
47.18932,35.50043,342.9,0.39,0.44,2026-08-08,09:56:00,N21,nominal,2.0NRT,311.78,10.9,D,VIIRS
46.28767,31.84818,342.16,0.59,0.53,2026-08-08,09:56:00,N21,nominal,2.0NRT,304.42,10.02,D,VIIRS
46.28311,31.85064,344.84,0.59,0.53,2026-08-08,09:56:00,N21,nominal,2.0NRT,303.3,14.85,D,VIIRS
47.44672,36.71388,339.1,0.52,0.41,2026-08-08,09:56:00,N21,low,2.0NRT,309.39,4.28,D,VIIRS
45.70114,29.80353,350.4,0.38,0.59,2026-08-08,09:56:00,N21,nominal,2.0NRT,300.06,4.88,D,VIIRS
47.43943,36.7173,330.64,0.52,0.41,2026-08-08,09:56:00,N21,low,2.0NRT,305.1,2.83,D,VIIRS
47.07748,35.10418,340.6,0.41,0.45,2026-08-08,09:56:00,N21,low,2.0NRT,312.61,5.04,D,VIIRS
47.51952,37.1347,337.77,0.5,0.41,2026-08-08,09:56:00,N21,low,2.0NRT,310.43,24.01,D,VIIRS
47.51324,37.12352,334.87,0.5,0.41,2026-08-08,09:56:00,N21,low,2.0NRT,306.11,5.79,D,VIIRS
47.51458,37.12991,352.77,0.5,0.41,2026-08-08,09:56:00,N21,nominal,2.0NRT,317.33,24.01,D,VIIRS
47.51592,37.1363,347.81,0.5,0.41,2026-08-08,09:56:00,N21,nominal,2.0NRT,314.26,24.01,D,VIIRS
47.42485,36.72406,346.75,0.52,0.41,2026-08-08,09:56:00,N21,nominal,2.0NRT,306.84,8.18,D,VIIRS
47.51099,37.13152,343.02,0.5,0.41,2026-08-08,09:56:00,N21,nominal,2.0NRT,310.78,10.81,D,VIIRS
47.51232,37.1379,338.41,0.5,0.41,2026-08-08,09:56:00,N21,nominal,2.0NRT,311.26,10.81,D,VIIRS
46.50005,32.79612,355.11,0.53,0.5,2026-08-08,09:56:00,N21,nominal,2.0NRT,317.5,266.25,D,VIIRS
47.0531,35.13054,344.17,0.41,0.45,2026-08-08,09:56:00,N21,nominal,2.0NRT,314.56,4.28,D,VIIRS
47.04919,35.13243,338.52,0.41,0.45,2026-08-08,09:56:00,N21,low,2.0NRT,313.24,4.28,D,VIIRS
47.21479,35.98989,341.22,0.56,0.43,2026-08-08,09:56:00,N21,nominal,2.0NRT,310.8,8.65,D,VIIRS
47.21102,35.99165,344.65,0.56,0.43,2026-08-08,09:56:00,N21,nominal,2.0NRT,310.01,7.54,D,VIIRS
47.20725,35.99341,343.97,0.56,0.43,2026-08-08,09:56:00,N21,nominal,2.0NRT,311.2,7.54,D,VIIRS
47.05251,35.43216,341.66,0.39,0.44,2026-08-08,09:56:00,N21,nominal,2.0NRT,309.74,7.54,D,VIIRS
47.04754,35.42912,336.44,0.4,0.44,2026-08-08,09:56:00,N21,low,2.0NRT,310.41,7.54,D,VIIRS
47.04863,35.43392,355.31,0.39,0.44,2026-08-08,09:56:00,N21,nominal,2.0NRT,317.52,7.54,D,VIIRS
47.0497,35.43865,352.64,0.39,0.44,2026-08-08,09:56:00,N21,nominal,2.0NRT,316.24,18.16,D,VIIRS
47.04475,35.43567,355.14,0.39,0.44,2026-08-08,09:56:00,N21,nominal,2.0NRT,320.81,52.83,D,VIIRS
47.04584,35.44049,343.38,0.39,0.44,2026-08-08,09:56:00,N21,nominal,2.0NRT,313.25,10.75,D,VIIRS
47.33343,36.80325,334.54,0.52,0.41,2026-08-08,09:56:00,N21,low,2.0NRT,306.45,10.67,D,VIIRS
47.32697,36.79175,333.95,0.52,0.41,2026-08-08,09:56:00,N21,low,2.0NRT,307.74,2.76,D,VIIRS
47.32838,36.79832,339.16,0.52,0.41,2026-08-08,09:56:00,N21,low,2.0NRT,312.27,10.1,D,VIIRS
46.27511,32.40787,339.59,0.56,0.51,2026-08-08,09:56:00,N21,nominal,2.0NRT,298.08,24.1,D,VIIRS
46.2769,32.41468,352.71,0.56,0.51,2026-08-08,09:56:00,N21,nominal,2.0NRT,308.79,24.1,D,VIIRS
47.11579,35.86327,338.9,0.57,0.43,2026-08-08,09:56:00,N21,low,2.0NRT,309.83,6.77,D,VIIRS
46.94231,35.12161,353.66,0.41,0.45,2026-08-08,09:56:00,N21,nominal,2.0NRT,313.72,25.27,D,VIIRS
47.11039,35.85791,343.54,0.57,0.43,2026-08-08,09:56:00,N21,low,2.0NRT,313.69,6.77,D,VIIRS
47.1161,35.86304,338.55,0.57,0.43,2026-08-08,09:56:00,N21,low,2.0NRT,311.35,6.5,D,VIIRS
47.11767,35.87024,336.31,0.57,0.43,2026-08-08,09:56:00,N21,low,2.0NRT,309.46,6.5,D,VIIRS
47.11073,35.85764,344.07,0.57,0.43,2026-08-08,09:56:00,N21,nominal,2.0NRT,313.75,8.96,D,VIIRS
46.94289,35.12347,352.31,0.41,0.45,2026-08-08,09:56:00,N21,nominal,2.0NRT,312.99,21.66,D,VIIRS
46.93896,35.12536,350.03,0.41,0.45,2026-08-08,09:56:00,N21,nominal,2.0NRT,316.89,19.59,D,VIIRS
46.27888,32.41385,352.29,0.56,0.51,2026-08-08,09:56:00,N21,nominal,2.0NRT,307.95,24.78,D,VIIRS
46.28064,32.42068,339.57,0.56,0.51,2026-08-08,09:56:00,N21,nominal,2.0NRT,306.67,24.78,D,VIIRS
46.27267,32.40936,332.62,0.56,0.51,2026-08-08,09:56:00,N21,nominal,2.0NRT,297.34,5.94,D,VIIRS
46.27442,32.4162,333.89,0.56,0.51,2026-08-08,09:56:00,N21,low,2.0NRT,306.6,14.03,D,VIIRS
47.31535,36.89053,333.17,0.51,0.41,2026-08-08,09:56:00,N21,low,2.0NRT,307.49,3.2,D,VIIRS
46.81788,34.69439,344.05,0.43,0.46,2026-08-08,09:56:00,N21,nominal,2.0NRT,312.67,6.12,D,VIIRS
46.81913,34.69976,338.8,0.43,0.46,2026-08-08,09:56:00,N21,nominal,2.0NRT,311.63,3.92,D,VIIRS
46.90876,35.08842,341.93,0.41,0.45,2026-08-08,09:56:00,N21,low,2.0NRT,312.23,5.24,D,VIIRS
46.90994,35.09356,348.38,0.41,0.45,2026-08-08,09:56:00,N21,nominal,2.0NRT,313.91,5.24,D,VIIRS
46.75797,34.45771,339.32,0.44,0.46,2026-08-08,09:56:00,N21,low,2.0NRT,312.08,3.27,D,VIIRS
46.81388,34.69635,340.15,0.43,0.46,2026-08-08,09:56:00,N21,nominal,2.0NRT,311.79,4.74,D,VIIRS
46.81513,34.70171,342.55,0.43,0.46,2026-08-08,09:56:00,N21,nominal,2.0NRT,310.89,3.1,D,VIIRS
46.75392,34.45969,336.94,0.44,0.46,2026-08-08,09:56:00,N21,low,2.0NRT,309.95,3.27,D,VIIRS
47.28474,36.83964,335.07,0.52,0.41,2026-08-08,09:56:00,N21,low,2.0NRT,307.84,3.48,D,VIIRS
47.22412,36.78037,337.02,0.52,0.42,2026-08-08,09:56:00,N21,low,2.0NRT,309.87,5.6,D,VIIRS
46.8628,35.17304,345.13,0.41,0.45,2026-08-08,09:56:00,N21,nominal,2.0NRT,314.17,4.79,D,VIIRS
47.22048,36.78213,341.73,0.52,0.42,2026-08-08,09:56:00,N21,low,2.0NRT,316.08,28.09,D,VIIRS
46.85888,35.17492,342.05,0.41,0.45,2026-08-08,09:56:00,N21,low,2.0NRT,314.34,4.79,D,VIIRS
46.86006,35.18002,343.08,0.41,0.45,2026-08-08,09:56:00,N21,low,2.0NRT,313.29,4.85,D,VIIRS
46.85139,35.16142,336.86,0.41,0.45,2026-08-08,09:56:00,N21,low,2.0NRT,311.22,2.23,D,VIIRS
46.85258,35.16653,340.57,0.41,0.45,2026-08-08,09:56:00,N21,low,2.0NRT,311.57,2.23,D,VIIRS
46.85377,35.17165,336.54,0.41,0.45,2026-08-08,09:56:00,N21,low,2.0NRT,311.18,3.96,D,VIIRS
46.84235,35.16003,339.13,0.41,0.45,2026-08-08,09:56:00,N21,low,2.0NRT,310.09,4.49,D,VIIRS
46.84217,35.157470000000004,337.74,0.41,0.45,2026-08-08,09:56:00,N21,low,2.0NRT,309.98,3.83,D,VIIRS
46.8378,35.1766,343.42,0.41,0.45,2026-08-08,09:56:00,N21,nominal,2.0NRT,312.87,5.62,D,VIIRS
46.86203,35.28366,341.15,0.4,0.45,2026-08-08,09:56:00,N21,low,2.0NRT,312.23,4.95,D,VIIRS
46.83388,35.17848,345.65,0.41,0.45,2026-08-08,09:56:00,N21,nominal,2.0NRT,312.98,5.62,D,VIIRS
46.83503,35.18359,347.96,0.41,0.45,2026-08-08,09:56:00,N21,nominal,2.0NRT,312.8,5.62,D,VIIRS
46.8362,35.18871,355.56,0.41,0.45,2026-08-08,09:56:00,N21,nominal,2.0NRT,314.01,9.06,D,VIIRS
46.83736,35.19385,343.17,0.41,0.45,2026-08-08,09:56:00,N21,nominal,2.0NRT,311,9.06,D,VIIRS
46.85812,35.28551,347.06,0.4,0.45,2026-08-08,09:56:00,N21,nominal,2.0NRT,313.2,4.95,D,VIIRS
46.83344,35.19571,353.17,0.41,0.45,2026-08-08,09:56:00,N21,nominal,2.0NRT,319.81,14.92,D,VIIRS
46.8346,35.20084,352.98,0.41,0.45,2026-08-08,09:56:00,N21,nominal,2.0NRT,316.66,16.62,D,VIIRS
46.83577,35.20597,343.31,0.41,0.45,2026-08-08,09:56:00,N21,nominal,2.0NRT,314.96,16.62,D,VIIRS
46.82835,35.19245,343.07,0.41,0.45,2026-08-08,09:56:00,N21,nominal,2.0NRT,312.98,14.92,D,VIIRS
46.82951,35.19758,351.53,0.41,0.45,2026-08-08,09:56:00,N21,nominal,2.0NRT,314.08,14.92,D,VIIRS
46.83185,35.20785,345.66,0.41,0.45,2026-08-08,09:56:00,N21,nominal,2.0NRT,311.69,16.62,D,VIIRS
46.83068,35.20271,367,0.41,0.45,2026-08-08,09:56:00,N21,high,2.0NRT,317.17,16.62,D,VIIRS
46.82443,35.19433,355.32,0.41,0.45,2026-08-08,09:56:00,N21,nominal,2.0NRT,311.33,6.42,D,VIIRS
46.82559,35.19945,351.79,0.41,0.45,2026-08-08,09:56:00,N21,nominal,2.0NRT,312.19,6.42,D,VIIRS
46.82676,35.20458,367,0.41,0.45,2026-08-08,09:56:00,N21,high,2.0NRT,313.97,12.19,D,VIIRS
46.92393,35.8826,346.81,0.57,0.43,2026-08-08,09:56:00,N21,nominal,2.0NRT,311.36,7.09,D,VIIRS
46.80737,35.40438,338.16,0.4,0.44,2026-08-08,09:56:00,N21,nominal,2.0NRT,308.92,8.46,D,VIIRS
46.80852,35.4094,342.59,0.4,0.44,2026-08-08,09:56:00,N21,nominal,2.0NRT,311.49,8.46,D,VIIRS
46.998779999999996,36.39813,343.68,0.54,0.42,2026-08-08,09:56:00,N21,nominal,2.0NRT,314.33,33.26,D,VIIRS
46.99505,36.39986,352.35,0.54,0.42,2026-08-08,09:56:00,N21,nominal,2.0NRT,313.24,15.17,D,VIIRS
46.75543,35.52134,342.52,0.4,0.44,2026-08-08,09:56:00,N21,low,2.0NRT,313.88,5.22,D,VIIRS
46.75656,35.52633,344.26,0.4,0.44,2026-08-08,09:56:00,N21,nominal,2.0NRT,312.59,5.63,D,VIIRS
46.91943,36.25952,333.1,0.55,0.43,2026-08-08,09:56:00,N21,low,2.0NRT,307.43,4.67,D,VIIRS
46.92094,36.26646,346.85,0.55,0.43,2026-08-08,09:56:00,N21,nominal,2.0NRT,310.71,10.41,D,VIIRS
46.75268,35.52816,343.72,0.4,0.44,2026-08-08,09:56:00,N21,low,2.0NRT,314.36,8.21,D,VIIRS
46.89152,36.22655,336.84,0.56,0.43,2026-08-08,09:56:00,N21,low,2.0NRT,308.11,6.57,D,VIIRS
47.19086,37.71392,335.11,0.48,0.4,2026-08-08,09:56:00,N21,low,2.0NRT,309.92,8.01,D,VIIRS
46.68336,35.39433,337.71,0.4,0.45,2026-08-08,09:56:00,N21,low,2.0NRT,310.64,3.32,D,VIIRS
46.68452,35.39936,340.38,0.4,0.45,2026-08-08,09:56:00,N21,low,2.0NRT,311.75,3.32,D,VIIRS
47.15564,37.65545,334.7,0.49,0.4,2026-08-08,09:56:00,N21,low,2.0NRT,308,4.4,D,VIIRS
47.155,37.64972,335.86,0.49,0.4,2026-08-08,09:56:00,N21,low,2.0NRT,310.21,3.87,D,VIIRS
46.7752,35.92412,344.38,0.38,0.43,2026-08-08,09:56:00,N21,nominal,2.0NRT,311.75,5.85,D,VIIRS
46.79492,36.01392,336.11,0.57,0.43,2026-08-08,09:56:00,N21,low,2.0NRT,310.8,4.14,D,VIIRS
46.80272,36.04953,347.27,0.57,0.43,2026-08-08,09:56:00,N21,nominal,2.0NRT,313.07,9.76,D,VIIRS
46.86975,36.35826,339.73,0.55,0.43,2026-08-08,09:56:00,N21,low,2.0NRT,314.11,9.88,D,VIIRS
46.99422,36.94398,336.37,0.52,0.41,2026-08-08,09:56:00,N21,low,2.0NRT,308.11,3.19,D,VIIRS
46.79892,36.05127,355.07,0.57,0.43,2026-08-08,09:56:00,N21,nominal,2.0NRT,314.17,17.53,D,VIIRS
46.80204,36.06552,339.73,0.57,0.43,2026-08-08,09:56:00,N21,low,2.0NRT,313.15,7.39,D,VIIRS
46.98919,36.93906,341.79,0.52,0.41,2026-08-08,09:56:00,N21,low,2.0NRT,311.83,9.08,D,VIIRS
46.99057,36.94566,342.98,0.52,0.41,2026-08-08,09:56:00,N21,nominal,2.0NRT,312.12,9.08,D,VIIRS
46.79512,36.05302,348.22,0.57,0.43,2026-08-08,09:56:00,N21,nominal,2.0NRT,313.61,17.53,D,VIIRS
46.361,34.17812,348.03,0.46,0.47,2026-08-08,09:56:00,N21,nominal,2.0NRT,309.94,8.1,D,VIIRS
46.36237,34.18385,352.15,0.46,0.47,2026-08-08,09:56:00,N21,nominal,2.0NRT,310.39,8.4,D,VIIRS
46.55793,35.01667,342.89,0.42,0.45,2026-08-08,09:56:00,N21,nominal,2.0NRT,311.37,10.12,D,VIIRS
46.55914,35.02192,338.23,0.42,0.45,2026-08-08,09:56:00,N21,nominal,2.0NRT,308.23,10.12,D,VIIRS
46.55517,35.02382,367,0.42,0.45,2026-08-08,09:56:00,N21,high,2.0NRT,311.62,10.12,D,VIIRS
46.5524,35.03097,345.67,0.42,0.45,2026-08-08,09:56:00,N21,nominal,2.0NRT,310.47,5.3,D,VIIRS
46.54357,35.01184,334.42,0.42,0.45,2026-08-08,09:56:00,N21,low,2.0NRT,307.98,2.19,D,VIIRS
46.54478,35.0171,335.24,0.42,0.45,2026-08-08,09:56:00,N21,low,2.0NRT,310.11,2.19,D,VIIRS
46.82312,36.25733,337.25,0.56,0.43,2026-08-08,09:56:00,N21,low,2.0NRT,310.27,12.73,D,VIIRS
46.81935,36.25907,346.44,0.56,0.43,2026-08-08,09:56:00,N21,nominal,2.0NRT,309.67,7.6,D,VIIRS
46.95468,36.88938,347.38,0.52,0.42,2026-08-08,09:56:00,N21,nominal,2.0NRT,314.43,20.73,D,VIIRS
46.54565,35.03999,367,0.42,0.45,2026-08-08,09:56:00,N21,high,2.0NRT,309.74,8.56,D,VIIRS
46.66618,35.5872,342.43,0.4,0.44,2026-08-08,09:56:00,N21,nominal,2.0NRT,311.74,6.07,D,VIIRS
46.9482,36.87778,344.14,0.52,0.42,2026-08-08,09:56:00,N21,nominal,2.0NRT,310.83,6.81,D,VIIRS
46.95241,36.89766,343.09,0.52,0.42,2026-08-08,09:56:00,N21,nominal,2.0NRT,312.28,6.34,D,VIIRS
46.66231,35.58901,342,0.4,0.44,2026-08-08,09:56:00,N21,nominal,2.0NRT,311.26,4.81,D,VIIRS
46.94453,36.87943,334.84,0.52,0.42,2026-08-08,09:56:00,N21,low,2.0NRT,307.52,6.2,D,VIIRS
46.94594,36.88606,347.72,0.52,0.42,2026-08-08,09:56:00,N21,nominal,2.0NRT,309.85,12.04,D,VIIRS
46.94875,36.89932,339.02,0.52,0.42,2026-08-08,09:56:00,N21,low,2.0NRT,313.06,6.63,D,VIIRS
46.65454,35.59262,348.94,0.4,0.44,2026-08-08,09:56:00,N21,nominal,2.0NRT,312.03,9.15,D,VIIRS
46.72405,35.9214,342.43,0.38,0.43,2026-08-08,09:56:00,N21,low,2.0NRT,313.84,5.56,D,VIIRS
46.48256,34.95915,335.65,0.43,0.46,2026-08-08,09:56:00,N21,low,2.0NRT,307.77,6.84,D,VIIRS
46.4838,34.96443,342.99,0.43,0.46,2026-08-08,09:56:00,N21,nominal,2.0NRT,311.15,6.84,D,VIIRS
46.60632,35.494,341.5,0.4,0.44,2026-08-08,09:56:00,N21,nominal,2.0NRT,309.22,6.59,D,VIIRS
46.60746,35.49901,343.03,0.4,0.44,2026-08-08,09:56:00,N21,nominal,2.0NRT,310.38,6.59,D,VIIRS
46.60861,35.50401,344.59,0.4,0.44,2026-08-08,09:56:00,N21,nominal,2.0NRT,310.69,7.21,D,VIIRS
46.4798,34.96635,342.05,0.43,0.46,2026-08-08,09:56:00,N21,nominal,2.0NRT,310.56,6.84,D,VIIRS
46.60471,35.50586,347.69,0.4,0.44,2026-08-08,09:56:00,N21,nominal,2.0NRT,311.09,7.21,D,VIIRS
46.60585,35.51085,346.43,0.4,0.44,2026-08-08,09:56:00,N21,nominal,2.0NRT,308.82,7.21,D,VIIRS
46.60196,35.51269,340.3,0.4,0.44,2026-08-08,09:56:00,N21,nominal,2.0NRT,310.03,10.49,D,VIIRS
46.6031,35.51767,345.64,0.4,0.44,2026-08-08,09:56:00,N21,nominal,2.0NRT,311.7,15.36,D,VIIRS
46.59462,35.4995,341.45,0.4,0.44,2026-08-08,09:56:00,N21,nominal,2.0NRT,308.77,4.23,D,VIIRS
46.59577,35.50451,341.03,0.4,0.44,2026-08-08,09:56:00,N21,nominal,2.0NRT,309.12,4.23,D,VIIRS
46.59692,35.50951,346.77,0.4,0.44,2026-08-08,09:56:00,N21,nominal,2.0NRT,310.4,10.49,D,VIIRS
46.59921,35.5195,344.74,0.4,0.44,2026-08-08,09:56:00,N21,nominal,2.0NRT,310.05,15.36,D,VIIRS
46.44786,34.88734,352.73,0.43,0.46,2026-08-08,09:56:00,N21,nominal,2.0NRT,311.48,14.95,D,VIIRS
46.44912,34.89267,336.69,0.43,0.46,2026-08-08,09:56:00,N21,low,2.0NRT,307.55,2.21,D,VIIRS
46.8053,36.5529,336.43,0.54,0.42,2026-08-08,09:56:00,N21,low,2.0NRT,311.09,5.35,D,VIIRS
46.80593,36.54654,340.83,0.54,0.42,2026-08-08,09:56:00,N21,nominal,2.0NRT,310.46,7.6,D,VIIRS
46.80222,36.5483,337.57,0.54,0.42,2026-08-08,09:56:00,N21,low,2.0NRT,312.43,7.78,D,VIIRS
46.78001,36.52102,347.76,0.54,0.42,2026-08-08,09:56:00,N21,nominal,2.0NRT,314.04,12.1,D,VIIRS
46.78148,36.52785,353.66,0.54,0.42,2026-08-08,09:56:00,N21,nominal,2.0NRT,315.54,10.61,D,VIIRS
46.78295,36.53469,347.52,0.54,0.42,2026-08-08,09:56:00,N21,nominal,2.0NRT,313.93,10.61,D,VIIRS
46.77922,36.53638,342.16,0.54,0.42,2026-08-08,09:56:00,N21,low,2.0NRT,314.67,10.61,D,VIIRS
46.78135,36.56531,340.16,0.54,0.42,2026-08-08,09:56:00,N21,low,2.0NRT,314.11,9.16,D,VIIRS
46.55465,35.55508,342.04,0.4,0.44,2026-08-08,09:56:00,N21,nominal,2.0NRT,308.71,9.54,D,VIIRS
46.4004,34.9016,346.08,0.43,0.46,2026-08-08,09:56:00,N21,nominal,2.0NRT,310.05,17.38,D,VIIRS
46.4066,34.92825,345.93,0.43,0.46,2026-08-08,09:56:00,N21,nominal,2.0NRT,310.28,12.62,D,VIIRS
46.7739,36.56866,339.25,0.54,0.42,2026-08-08,09:56:00,N21,low,2.0NRT,312.39,8.6,D,VIIRS
46.39763,34.90886,351.12,0.43,0.46,2026-08-08,09:56:00,N21,nominal,2.0NRT,309.03,17.38,D,VIIRS
46.39887,34.91418,347.34,0.43,0.46,2026-08-08,09:56:00,N21,nominal,2.0NRT,311.64,21.11,D,VIIRS
46.39486,34.9161,333.98,0.43,0.46,2026-08-08,09:56:00,N21,low,2.0NRT,308,3.12,D,VIIRS
46.39859,34.93209,353.39,0.43,0.46,2026-08-08,09:56:00,N21,nominal,2.0NRT,308.76,7.95,D,VIIRS
46.39458,34.93401,347.62,0.43,0.46,2026-08-08,09:56:00,N21,nominal,2.0NRT,308.98,7.95,D,VIIRS
44.92492,33.82652,332.64,0.52,0.5,2026-08-08,09:56:00,N21,nominal,2.0NRT,298.26,9.59,D,VIIRS
44.92057,33.82871,342.81,0.52,0.5,2026-08-08,09:56:00,N21,nominal,2.0NRT,300.76,9.59,D,VIIRS
44.86307,33.81404,340.1,0.53,0.5,2026-08-08,09:56:00,N21,nominal,2.0NRT,295.9,7.96,D,VIIRS
48.30462,36.19738,334.53,0.52,0.42,2026-08-08,09:56:00,N21,low,2.0NRT,308.06,9.08,D,VIIRS
48.65313,37.89913,339.74,0.45,0.39,2026-08-08,09:56:00,N21,nominal,2.0NRT,301.92,9.26,D,VIIRS
48.63815,37.80276,334.48,0.45,0.39,2026-08-08,09:56:00,N21,low,2.0NRT,306.49,7.71,D,VIIRS
48.67028,37.94922,332.23,0.45,0.39,2026-08-08,09:56:00,N21,nominal,2.0NRT,302.04,4.48,D,VIIRS
48.63711,37.80093,336.88,0.45,0.39,2026-08-08,09:56:00,N21,nominal,2.0NRT,306.74,6.81,D,VIIRS
48.30434,36.19585,333.94,0.52,0.42,2026-08-08,09:56:00,N21,low,2.0NRT,307.29,4.64,D,VIIRS
48.39744,36.53795,337.04,0.5,0.41,2026-08-08,09:56:00,N21,low,2.0NRT,310.24,7.73,D,VIIRS
48.50276,36.96733,337.98,0.48,0.4,2026-08-08,09:56:00,N21,nominal,2.0NRT,304.7,19.51,D,VIIRS
48.69951,37.88931,336.16,0.45,0.39,2026-08-08,09:56:00,N21,nominal,2.0NRT,298,3.93,D,VIIRS
48.24707,35.67067,337.84,0.55,0.42,2026-08-08,09:56:00,N21,nominal,2.0NRT,306.76,4.13,D,VIIRS
48.52539,36.96413,332.66,0.48,0.4,2026-08-08,09:56:00,N21,low,2.0NRT,304.17,17.98,D,VIIRS
46.8502,30.00558,367,0.34,0.56,2026-08-08,09:56:00,N21,high,2.0NRT,298.5,6.96,D,VIIRS
46.85505,30.00286,367,0.34,0.56,2026-08-08,09:56:00,N21,high,2.0NRT,301.08,6.96,D,VIIRS
48.44788,36.36267,338.25,0.51,0.41,2026-08-08,09:56:00,N21,nominal,2.0NRT,305.88,6.17,D,VIIRS
48.45149,36.3609,342.13,0.51,0.41,2026-08-08,09:56:00,N21,nominal,2.0NRT,307.65,7.41,D,VIIRS
48.45202,36.35923,335.55,0.51,0.41,2026-08-08,09:56:00,N21,nominal,2.0NRT,307.23,6.11,D,VIIRS
48.4076,35.6071,345.65,0.54,0.42,2026-08-08,09:56:00,N21,nominal,2.0NRT,311.48,20.93,D,VIIRS
48.41132,35.60524,337.89,0.54,0.42,2026-08-08,09:56:00,N21,low,2.0NRT,310.95,8.04,D,VIIRS
48.40979,35.59818,333.12,0.54,0.42,2026-08-08,09:56:00,N21,low,2.0NRT,304.27,8.04,D,VIIRS
49.01209,38.56291,334.43,0.43,0.38,2026-08-08,09:56:00,N21,low,2.0NRT,304.57,3.83,D,VIIRS
48.40558,35.60823,334.81,0.54,0.42,2026-08-08,09:56:00,N21,low,2.0NRT,307.25,5.52,D,VIIRS
48.40246,35.59417,339.16,0.54,0.42,2026-08-08,09:56:00,N21,nominal,2.0NRT,307.65,15.36,D,VIIRS
48.40929,35.60638,345.01,0.54,0.42,2026-08-08,09:56:00,N21,nominal,2.0NRT,312.2,18.08,D,VIIRS
48.82464,37.50454,348.99,0.46,0.39,2026-08-08,09:56:00,N21,nominal,2.0NRT,298.04,7.51,D,VIIRS
48.99072,38.20065,346.66,0.44,0.38,2026-08-08,09:56:00,N21,nominal,2.0NRT,316.03,22.97,D,VIIRS
48.99412,38.19917,350.04,0.44,0.38,2026-08-08,09:56:00,N21,nominal,2.0NRT,313.59,22.97,D,VIIRS
49.00432,38.19473,340.36,0.44,0.38,2026-08-08,09:56:00,N21,low,2.0NRT,311.89,12.64,D,VIIRS
49.00322,38.18895,340.49,0.44,0.38,2026-08-08,09:56:00,N21,nominal,2.0NRT,305.64,11.74,D,VIIRS
48.9779,37.80655,331.98,0.45,0.39,2026-08-08,09:56:00,N21,nominal,2.0NRT,298.78,6.27,D,VIIRS
48.97849,37.81086,331.22,0.45,0.39,2026-08-08,09:56:00,N21,nominal,2.0NRT,297.85,7.68,D,VIIRS
48.77862,36.76636,344.41,0.49,0.4,2026-08-08,09:56:00,N21,nominal,2.0NRT,310.31,5.28,D,VIIRS
49.10116,38.15635,332.8,0.44,0.38,2026-08-08,09:56:00,N21,low,2.0NRT,304.13,4.21,D,VIIRS
49.10941,38.08384,332.84,0.44,0.38,2026-08-08,09:56:00,N21,low,2.0NRT,305.56,3.71,D,VIIRS
49.08712,37.87133,331.03,0.45,0.39,2026-08-08,09:56:00,N21,low,2.0NRT,305.67,2.55,D,VIIRS
49.13773,38.07766,367,0.44,0.38,2026-08-08,09:56:00,N21,high,2.0NRT,307.72,8.77,D,VIIRS
49.13884,38.08347,339.79,0.44,0.38,2026-08-08,09:56:00,N21,nominal,2.0NRT,307.42,8.77,D,VIIRS
49.14223,38.08194,338.21,0.44,0.38,2026-08-08,09:56:00,N21,nominal,2.0NRT,306.62,8.77,D,VIIRS
49.14113,38.07614,356.45,0.44,0.38,2026-08-08,09:56:00,N21,nominal,2.0NRT,308.52,8.77,D,VIIRS
49.13943,38.08092,350.77,0.44,0.38,2026-08-08,09:56:00,N21,nominal,2.0NRT,309.01,9.58,D,VIIRS
49.1383,38.07511,341.61,0.44,0.38,2026-08-08,09:56:00,N21,nominal,2.0NRT,308.84,22.38,D,VIIRS
49.14283,38.0794,350.49,0.44,0.38,2026-08-08,09:56:00,N21,nominal,2.0NRT,306.47,9.58,D,VIIRS
49.12128,37.91134,330.51,0.44,0.39,2026-08-08,09:56:00,N21,low,2.0NRT,303.3,2.75,D,VIIRS
49.1998,37.89536,333.39,0.44,0.39,2026-08-08,09:56:00,N21,low,2.0NRT,305.52,2.44,D,VIIRS
49.1702,37.70347,335.18,0.45,0.39,2026-08-08,09:56:00,N21,nominal,2.0NRT,304.37,2.77,D,VIIRS
49.32051,38.40504,334.2,0.43,0.38,2026-08-08,09:56:00,N21,low,2.0NRT,308.47,3.81,D,VIIRS
49.32388,38.40361,336.97,0.43,0.38,2026-08-08,09:56:00,N21,low,2.0NRT,311.41,3.81,D,VIIRS
49.32954,38.39499,333.91,0.43,0.38,2026-08-08,09:56:00,N21,low,2.0NRT,308.27,4.04,D,VIIRS
49.32846,38.38926,331.2,0.43,0.38,2026-08-08,09:56:00,N21,low,2.0NRT,304.88,4.04,D,VIIRS
49.24902,37.89798,338.16,0.44,0.38,2026-08-08,09:56:00,N21,nominal,2.0NRT,305.92,10.7,D,VIIRS
48.91645,36.2004,340.16,0.51,0.41,2026-08-08,09:56:00,N21,nominal,2.0NRT,301.9,7.82,D,VIIRS
48.91504,36.19371,342.11,0.51,0.41,2026-08-08,09:56:00,N21,nominal,2.0NRT,301.4,7.82,D,VIIRS
49.27062,37.9139,334.71,0.44,0.38,2026-08-08,09:56:00,N21,nominal,2.0NRT,305.16,2.49,D,VIIRS
49.27402,37.912350000000004,330.92,0.44,0.38,2026-08-08,09:56:00,N21,low,2.0NRT,305.59,2.49,D,VIIRS
49.37421,37.92858,333.33,0.44,0.38,2026-08-08,09:56:00,N21,nominal,2.0NRT,301.76,1.6,D,VIIRS
49.37873,37.93289,339.67,0.44,0.38,2026-08-08,09:56:00,N21,nominal,2.0NRT,307.2,6.69,D,VIIRS
49.37761,37.92709,355.14,0.44,0.38,2026-08-08,09:56:00,N21,nominal,2.0NRT,310.51,16.19,D,VIIRS
49.3868,37.8404,345.61,0.44,0.38,2026-08-08,09:56:00,N21,nominal,2.0NRT,306.03,5.17,D,VIIRS
47.92133,31.34464,330.02,0.56,0.51,2026-08-08,09:56:00,N21,nominal,2.0NRT,294.96,7.22,D,VIIRS
47.92205,31.32794,332.84,0.56,0.52,2026-08-08,09:56:00,N21,nominal,2.0NRT,293.76,8.24,D,VIIRS
48.97441,35.44027,334.81,0.54,0.42,2026-08-08,09:56:00,N21,nominal,2.0NRT,304.53,4.88,D,VIIRS
48.95593,35.35599,334.68,0.54,0.42,2026-08-08,09:56:00,N21,low,2.0NRT,309.66,9.65,D,VIIRS
48.9781,35.43839,337.63,0.54,0.42,2026-08-08,09:56:00,N21,nominal,2.0NRT,307.33,13.67,D,VIIRS
48.98026,35.42951,332.3,0.54,0.42,2026-08-08,09:56:00,N21,low,2.0NRT,304.28,6.04,D,VIIRS
49.54639,37.77761,336.93,0.44,0.38,2026-08-08,09:56:00,N21,nominal,2.0NRT,306.02,5.27,D,VIIRS
49.58036,37.62746,331.68,0.44,0.39,2026-08-08,09:56:00,N21,nominal,2.0NRT,305.72,3.08,D,VIIRS
49.66367,37.80574,344.52,0.44,0.38,2026-08-08,09:56:00,N21,nominal,2.0NRT,304.18,5.86,D,VIIRS
49.6336,37.55578,334.25,0.45,0.39,2026-08-08,09:56:00,N21,nominal,2.0NRT,303.1,3,D,VIIRS
49.69414,37.65696,336.41,0.44,0.39,2026-08-08,09:56:00,N21,low,2.0NRT,308.78,3.48,D,VIIRS
49.70775,37.57354,339.1,0.44,0.39,2026-08-08,09:56:00,N21,nominal,2.0NRT,305.77,4.07,D,VIIRS
49.7455,37.65041,338.08,0.44,0.38,2026-08-08,09:56:00,N21,nominal,2.0NRT,302.76,4.12,D,VIIRS
49.74086,37.58847,335.63,0.44,0.39,2026-08-08,09:56:00,N21,nominal,2.0NRT,304.75,5.94,D,VIIRS
49.74427,37.58692,341.74,0.44,0.39,2026-08-08,09:56:00,N21,nominal,2.0NRT,304.46,8.99,D,VIIRS
49.76601,37.6797,332.3,0.44,0.38,2026-08-08,09:56:00,N21,low,2.0NRT,306.63,15.91,D,VIIRS
49.74148,37.43909,330.24,0.45,0.39,2026-08-08,09:56:00,N21,nominal,2.0NRT,297.38,3.43,D,VIIRS
49.7403,37.43309,340,0.45,0.39,2026-08-08,09:56:00,N21,nominal,2.0NRT,298.16,11.38,D,VIIRS
49.77958,37.59663,333.49,0.44,0.39,2026-08-08,09:56:00,N21,nominal,2.0NRT,302.05,5.6,D,VIIRS
49.78297,37.59499,333.86,0.44,0.39,2026-08-08,09:56:00,N21,low,2.0NRT,304,4.92,D,VIIRS
49.78183,37.5891,330.95,0.44,0.39,2026-08-08,09:56:00,N21,low,2.0NRT,302.92,4.92,D,VIIRS
49.80571,37.693600000000004,334.49,0.44,0.38,2026-08-08,09:56:00,N21,low,2.0NRT,309.47,7.59,D,VIIRS
49.81363,37.69635,333.84,0.44,0.38,2026-08-08,09:56:00,N21,low,2.0NRT,307.73,6.76,D,VIIRS
49.81249,37.69043,335.84,0.44,0.38,2026-08-08,09:56:00,N21,low,2.0NRT,308.97,6.76,D,VIIRS
49.80906,37.57636,336.33,0.44,0.39,2026-08-08,09:56:00,N21,nominal,2.0NRT,300.37,6.36,D,VIIRS
49.90942,37.74799,351.61,0.44,0.38,2026-08-08,09:56:00,N21,nominal,2.0NRT,308.3,10.67,D,VIIRS
49.97486,37.76279,330.75,0.44,0.38,2026-08-08,09:56:00,N21,low,2.0NRT,303.21,2.45,D,VIIRS
49.9746,37.67765,339.31,0.44,0.38,2026-08-08,09:56:00,N21,nominal,2.0NRT,298.27,13.1,D,VIIRS
50.02766,37.78109,330.65,0.43,0.38,2026-08-08,09:56:00,N21,low,2.0NRT,304.05,3.36,D,VIIRS
49.68341,35.25001,333.45,0.53,0.42,2026-08-08,09:56:00,N21,nominal,2.0NRT,300.66,5.02,D,VIIRS
49.07238,32.43233,334.67,0.47,0.48,2026-08-08,09:56:00,N21,nominal,2.0NRT,297.92,4.32,D,VIIRS
48.32827,29.42476,341.74,0.33,0.55,2026-08-08,09:56:00,N21,nominal,2.0NRT,293.18,5.97,D,VIIRS
50.32461,37.40719,337.99,0.44,0.38,2026-08-08,09:56:00,N21,nominal,2.0NRT,303.59,5.82,D,VIIRS
50.32801,37.40561,341.18,0.44,0.38,2026-08-08,09:56:00,N21,nominal,2.0NRT,308.98,19.38,D,VIIRS
50.33141,37.40403,350.9,0.44,0.38,2026-08-08,09:56:00,N21,nominal,2.0NRT,304.94,19.38,D,VIIRS
50.3245,37.36811,331.6,0.44,0.38,2026-08-08,09:56:00,N21,nominal,2.0NRT,302.19,3.24,D,VIIRS
50.32789,37.36651,336.29,0.44,0.38,2026-08-08,09:56:00,N21,nominal,2.0NRT,303.78,3.82,D,VIIRS
50.49718,35.23977,333.56,0.51,0.41,2026-08-08,09:56:00,N21,nominal,2.0NRT,299.02,7.13,D,VIIRS
44.86467,33.8204,340.94,0.53,0.5,2026-08-08,09:56:00,N21,nominal,2.0NRT,298.67,7.96,D,VIIRS
44.86781,33.83291,344.11,0.53,0.5,2026-08-08,09:56:00,N21,nominal,2.0NRT,297.42,13.55,D,VIIRS
44.85875,33.81635,344.34,0.53,0.5,2026-08-08,09:56:00,N21,nominal,2.0NRT,299.23,7.96,D,VIIRS
44.86037,33.82279,347.62,0.53,0.5,2026-08-08,09:56:00,N21,nominal,2.0NRT,301.55,7.96,D,VIIRS
44.84087,33.80378,341.71,0.53,0.5,2026-08-08,09:56:00,N21,nominal,2.0NRT,301.03,29.15,D,VIIRS
44.8425,33.81025,339.95,0.53,0.5,2026-08-08,09:56:00,N21,nominal,2.0NRT,297.59,17.87,D,VIIRS
44.81969,33.77836,333.08,0.53,0.5,2026-08-08,09:56:00,N21,nominal,2.0NRT,300.74,7.2,D,VIIRS
44.81984,33.78091,333.36,0.53,0.5,2026-08-08,09:56:00,N21,nominal,2.0NRT,299.61,12.49,D,VIIRS
44.77723,33.70842,340.81,0.54,0.51,2026-08-08,09:56:00,N21,nominal,2.0NRT,292.82,8.08,D,VIIRS
44.74093,33.74083,334.86,0.54,0.5,2026-08-08,09:56:00,N21,nominal,2.0NRT,295,5.02,D,VIIRS
45.35455,36.36156,343.69,0.39,0.44,2026-08-08,09:56:00,N21,nominal,2.0NRT,302.83,4.61,D,VIIRS
45.35069,36.36332,334.56,0.39,0.44,2026-08-08,09:56:00,N21,nominal,2.0NRT,301.9,4.61,D,VIIRS
45.35388,36.37761,330.7,0.39,0.44,2026-08-08,09:56:00,N21,nominal,2.0NRT,300.13,3.65,D,VIIRS
45.34573,36.36024,332.62,0.39,0.44,2026-08-08,09:56:00,N21,nominal,2.0NRT,301.54,3.32,D,VIIRS
45.35001,36.37936,340.6,0.39,0.44,2026-08-08,09:56:00,N21,nominal,2.0NRT,302.4,5.19,D,VIIRS
45.14823,35.63058,331.47,0.43,0.46,2026-08-08,09:56:00,N21,nominal,2.0NRT,298.77,4.56,D,VIIRS
45.14944,35.6358,337.17,0.43,0.46,2026-08-08,09:56:00,N21,nominal,2.0NRT,299.44,4.29,D,VIIRS
52.23675,32.81566,331.81,0.56,0.43,2026-08-08,09:58:00,N21,nominal,2.0NRT,294.02,10.44,D,VIIRS
50.80162,35.20668,330.94,0.5,0.41,2026-08-08,09:58:00,N21,nominal,2.0NRT,296.62,4.14,D,VIIRS
46.16008,32.82328,367,0.45,0.63,2026-08-08,11:36:00,N21,high,2.0NRT,311.17,182.96,D,VIIRS
46.15425,32.82366,345.6,0.45,0.63,2026-08-08,11:36:00,N21,nominal,2.0NRT,300.8,27.92,D,VIIRS
46.15439,32.82957,352.9,0.46,0.63,2026-08-08,11:36:00,N21,nominal,2.0NRT,306.06,27.92,D,VIIRS
46.15453,32.83552,345.14,0.46,0.63,2026-08-08,11:36:00,N21,nominal,2.0NRT,300.98,16.78,D,VIIRS
46.15411,32.81774,367,0.45,0.63,2026-08-08,11:36:00,N21,high,2.0NRT,301.6,15.55,D,VIIRS
46.1487,32.83586,331.73,0.46,0.63,2026-08-08,11:36:00,N21,low,2.0NRT,302.99,16.78,D,VIIRS
46.01178,30.13808,343.45,0.33,0.56,2026-08-08,11:36:00,N21,nominal,2.0NRT,300.51,5,D,VIIRS
46.01199,30.14244,337.59,0.33,0.56,2026-08-08,11:36:00,N21,nominal,2.0NRT,301.43,4.72,D,VIIRS
45.90409,29.51049,341.51,0.62,0.54,2026-08-08,11:36:00,N21,nominal,2.0NRT,301.2,5.96,D,VIIRS
45.81695,29.48623,340.26,0.62,0.54,2026-08-08,11:36:00,N21,nominal,2.0NRT,303.37,34.11,D,VIIRS
45.7835,29.61131,334.23,0.63,0.54,2026-08-08,11:36:00,N21,nominal,2.0NRT,298.95,3.06,D,VIIRS
45.78339,29.61858,333.41,0.63,0.54,2026-08-08,11:36:00,N21,nominal,2.0NRT,300.28,8.88,D,VIIRS
46.15993,32.81739,207.38,0.45,0.63,2026-08-08,11:36:00,N21,low,2.0NRT,312.22,176.17,D,VIIRS
45.70943,29.01438,353.43,0.59,0.52,2026-08-08,11:36:00,N21,nominal,2.0NRT,303.63,33.22,D,VIIRS
45.73841,29.52671,338.85,0.62,0.54,2026-08-08,11:36:00,N21,nominal,2.0NRT,299.3,6.07,D,VIIRS
45.70418,29.00751,340.66,0.58,0.52,2026-08-08,11:36:00,N21,nominal,2.0NRT,300.35,13.98,D,VIIRS
45.70461,29.01497,345.55,0.59,0.52,2026-08-08,11:36:00,N21,nominal,2.0NRT,304.53,13.98,D,VIIRS
45.73347,29.52726,342.07,0.62,0.54,2026-08-08,11:36:00,N21,nominal,2.0NRT,298.99,13.35,D,VIIRS
45.69936,29.00812,341.6,0.58,0.52,2026-08-08,11:36:00,N21,nominal,2.0NRT,302.08,13.98,D,VIIRS
45.51813,29.36972,333.48,0.61,0.53,2026-08-08,11:36:00,N21,nominal,2.0NRT,298.75,7.07,D,VIIRS
45.59887,33.13132,331.62,0.47,0.64,2026-08-08,11:36:00,N21,nominal,2.0NRT,299.93,2.05,D,VIIRS
44.86578,33.81813,343.65,0.5,0.66,2026-08-08,11:36:00,N21,nominal,2.0NRT,292.84,66.78,D,VIIRS
44.86591,33.82435,367,0.5,0.66,2026-08-08,11:36:00,N21,high,2.0NRT,297.09,66.78,D,VIIRS
44.84759,33.81776,273.81,0.5,0.66,2026-08-08,11:36:00,N21,low,2.0NRT,300.79,102.14,D,VIIRS
44.84772,33.82394,344.31,0.5,0.66,2026-08-08,11:36:00,N21,nominal,2.0NRT,290.6,102.14,D,VIIRS
44.84747,33.81163,367,0.5,0.66,2026-08-08,11:36:00,N21,high,2.0NRT,293.72,66.45,D,VIIRS
44.74151,33.7425,367,0.5,0.65,2026-08-08,11:36:00,N21,high,2.0NRT,293.63,16.78,D,VIIRS
46.21094,32.99402,338.18,0.46,0.64,2026-08-08,11:36:00,N21,nominal,2.0NRT,299.74,6.41,D,VIIRS
46.28028,33.62837,336.16,0.5,0.66,2026-08-08,11:36:00,N21,nominal,2.0NRT,299.99,5.1,D,VIIRS
46.28018,33.62187,342.43,0.5,0.66,2026-08-08,11:36:00,N21,nominal,2.0NRT,300.64,7.78,D,VIIRS
46.28007,33.61544,336.72,0.5,0.66,2026-08-08,11:36:00,N21,nominal,2.0NRT,300.91,7.78,D,VIIRS
46.28632,33.62811,336.49,0.5,0.66,2026-08-08,11:36:00,N21,nominal,2.0NRT,299.94,5.1,D,VIIRS
46.2827,31.84827,341.4,0.41,0.6,2026-08-08,11:36:00,N21,nominal,2.0NRT,302.76,5.77,D,VIIRS
46.28827,31.84788,350.91,0.41,0.6,2026-08-08,11:36:00,N21,nominal,2.0NRT,304.44,5.77,D,VIIRS
46.29402,31.8528,367,0.41,0.6,2026-08-08,11:36:00,N21,high,2.0NRT,306.42,12.99,D,VIIRS
46.36219,34.18306,333.27,0.53,0.67,2026-08-08,11:36:00,N21,low,2.0NRT,304.64,5.5,D,VIIRS
46.36199,34.16917,331.52,0.53,0.67,2026-08-08,11:36:00,N21,low,2.0NRT,303.83,2.05,D,VIIRS
46.38955,34.91267,367,0.58,0.69,2026-08-08,11:36:00,N21,high,2.0NRT,301.65,30.53,D,VIIRS
46.39078,34.90889,367,0.58,0.69,2026-08-08,11:36:00,N21,high,2.0NRT,303.91,28.81,D,VIIRS
46.39081,34.91643,337.7,0.58,0.7,2026-08-08,11:36:00,N21,nominal,2.0NRT,300.47,28.81,D,VIIRS
46.39075,34.90133,349.32,0.58,0.69,2026-08-08,11:36:00,N21,nominal,2.0NRT,300.43,23.55,D,VIIRS
46.39722,34.91632,332.19,0.58,0.7,2026-08-08,11:36:00,N21,nominal,2.0NRT,300.72,10.32,D,VIIRS
46.39716,34.90123,330.6,0.58,0.69,2026-08-08,11:36:00,N21,nominal,2.0NRT,300.72,8.04,D,VIIRS
46.40356,34.90109,337.87,0.58,0.69,2026-08-08,11:36:00,N21,nominal,2.0NRT,300.61,8.04,D,VIIRS
46.40352,34.89356,349.9,0.58,0.69,2026-08-08,11:36:00,N21,nominal,2.0NRT,301.28,8.04,D,VIIRS
46.40348,34.88605,346.74,0.58,0.69,2026-08-08,11:36:00,N21,nominal,2.0NRT,300.74,15.02,D,VIIRS
46.46769,34.91515,349.42,0.58,0.7,2026-08-08,11:36:00,N21,nominal,2.0NRT,299.9,9.21,D,VIIRS
46.42979,32.68961,331.24,0.45,0.63,2026-08-08,11:36:00,N21,low,2.0NRT,303.04,2.97,D,VIIRS
46.46918,34.91426,352.68,0.58,0.7,2026-08-08,11:36:00,N21,nominal,2.0NRT,299.85,8.56,D,VIIRS
46.47886,32.1314,367,0.42,0.61,2026-08-08,11:36:00,N21,high,2.0NRT,305.77,26.11,D,VIIRS
46.4787,32.12589,349.26,0.42,0.61,2026-08-08,11:36:00,N21,nominal,2.0NRT,303.34,11.82,D,VIIRS
46.48451,32.131,367,0.42,0.61,2026-08-08,11:36:00,N21,high,2.0NRT,306.09,26.11,D,VIIRS
46.48434,32.1255,341.42,0.42,0.61,2026-08-08,11:36:00,N21,nominal,2.0NRT,303.36,11.82,D,VIIRS
46.50842,32.80765,345.43,0.46,0.63,2026-08-08,11:36:00,N21,nominal,2.0NRT,301.28,23.1,D,VIIRS
46.50828,32.80169,353.72,0.46,0.63,2026-08-08,11:36:00,N21,nominal,2.0NRT,313.51,42.81,D,VIIRS
46.54678,35.0428,335.23,0.59,0.7,2026-08-08,11:36:00,N21,nominal,2.0NRT,299.98,6.41,D,VIIRS
46.54662,35.01213,334.85,0.58,0.7,2026-08-08,11:36:00,N21,nominal,2.0NRT,300.39,3.49,D,VIIRS
46.51425,32.80734,331.85,0.46,0.63,2026-08-08,11:36:00,N21,low,2.0NRT,302.65,23.1,D,VIIRS
46.51411,32.80136,338.16,0.46,0.63,2026-08-08,11:36:00,N21,nominal,2.0NRT,304.63,42.81,D,VIIRS
46.55322,35.04263,367,0.59,0.7,2026-08-08,11:36:00,N21,high,2.0NRT,305.13,40.56,D,VIIRS
46.55305,35.01195,367,0.58,0.7,2026-08-08,11:36:00,N21,high,2.0NRT,304.08,16.06,D,VIIRS
46.55468,35.55661,339.99,0.62,0.71,2026-08-08,11:36:00,N21,nominal,2.0NRT,297.99,8.1,D,VIIRS
46.55318,35.03495,352.07,0.59,0.7,2026-08-08,11:36:00,N21,nominal,2.0NRT,299.63,40.56,D,VIIRS
46.55314,35.02726,335.53,0.59,0.7,2026-08-08,11:36:00,N21,nominal,2.0NRT,301.86,13.34,D,VIIRS
46.55954,35.0195,340.35,0.58,0.7,2026-08-08,11:36:00,N21,nominal,2.0NRT,301.02,13.34,D,VIIRS
46.55949,35.01184,331.09,0.58,0.7,2026-08-08,11:36:00,N21,nominal,2.0NRT,301.81,16.06,D,VIIRS
46.56593,35.01176,339.43,0.58,0.7,2026-08-08,11:36:00,N21,nominal,2.0NRT,301.41,6.05,D,VIIRS
46.56588,35.0041,339.97,0.58,0.7,2026-08-08,11:36:00,N21,nominal,2.0NRT,301.72,6.05,D,VIIRS
46.56583,34.99646,333.96,0.58,0.7,2026-08-08,11:36:00,N21,nominal,2.0NRT,301.74,4.22,D,VIIRS
46.53921,32.64645,354.75,0.45,0.63,2026-08-08,11:36:00,N21,nominal,2.0NRT,300.7,13.32,D,VIIRS
46.51687,31.74419,330.47,0.4,0.6,2026-08-08,11:36:00,N21,low,2.0NRT,302.55,5.38,D,VIIRS
46.59199,35.05808,344.44,0.59,0.7,2026-08-08,11:36:00,N21,nominal,2.0NRT,299.37,19.76,D,VIIRS
46.52279,31.75435,337.13,0.4,0.6,2026-08-08,11:36:00,N21,nominal,2.0NRT,302.85,6.62,D,VIIRS
46.59843,35.058,367,0.59,0.7,2026-08-08,11:36:00,N21,high,2.0NRT,303.1,19.76,D,VIIRS
46.60068,35.51585,342.14,0.62,0.71,2026-08-08,11:36:00,N21,nominal,2.0NRT,299.4,13.36,D,VIIRS
46.59838,35.05011,345.03,0.59,0.7,2026-08-08,11:36:00,N21,nominal,2.0NRT,300.36,19.76,D,VIIRS
46.52834,31.75402,355.18,0.4,0.6,2026-08-08,11:36:00,N21,nominal,2.0NRT,302.44,6.62,D,VIIRS
46.55383,35.04307,367,0.59,0.7,2026-08-08,11:36:00,N21,high,2.0NRT,303.96,52.24,D,VIIRS
46.55381,35.01236,367,0.58,0.7,2026-08-08,11:36:00,N21,high,2.0NRT,303.92,9.5,D,VIIRS
46.55282,35.55754,331.84,0.62,0.72,2026-08-08,11:36:00,N21,nominal,2.0NRT,298.12,11.4,D,VIIRS
46.55382,35.03537,351.1,0.59,0.7,2026-08-08,11:36:00,N21,nominal,2.0NRT,299.93,24.97,D,VIIRS
46.55382,35.02768,337.63,0.59,0.7,2026-08-08,11:36:00,N21,nominal,2.0NRT,301.43,24.97,D,VIIRS
46.55381,35.02002,330.39,0.59,0.7,2026-08-08,11:36:00,N21,nominal,2.0NRT,301.56,9.5,D,VIIRS
46.55381,35.00468,336.5,0.58,0.7,2026-08-08,11:36:00,N21,nominal,2.0NRT,301,19.14,D,VIIRS
46.56025,35.01989,338.49,0.59,0.7,2026-08-08,11:36:00,N21,nominal,2.0NRT,300.47,9.5,D,VIIRS
46.56025,35.01222,341.27,0.58,0.7,2026-08-08,11:36:00,N21,nominal,2.0NRT,302.27,9.5,D,VIIRS
46.56668,35.00443,337.76,0.58,0.7,2026-08-08,11:36:00,N21,nominal,2.0NRT,300.96,3.75,D,VIIRS
46.56667,34.99678,333.66,0.58,0.7,2026-08-08,11:36:00,N21,nominal,2.0NRT,300.77,3.75,D,VIIRS
46.53938,32.64507,354.18,0.45,0.63,2026-08-08,11:36:00,N21,nominal,2.0NRT,300.35,10.55,D,VIIRS
46.52201,31.75773,334.13,0.41,0.6,2026-08-08,11:36:00,N21,nominal,2.0NRT,302.46,5.66,D,VIIRS
46.52169,31.74713,335.09,0.4,0.6,2026-08-08,11:36:00,N21,nominal,2.0NRT,301,5.13,D,VIIRS
46.52756,31.75736,336.2,0.41,0.6,2026-08-08,11:36:00,N21,nominal,2.0NRT,300.93,3.87,D,VIIRS
46.5274,31.75203,341.39,0.41,0.6,2026-08-08,11:36:00,N21,nominal,2.0NRT,302.21,3.87,D,VIIRS
46.53296,31.75168,345.35,0.41,0.6,2026-08-08,11:36:00,N21,nominal,2.0NRT,301.87,3.87,D,VIIRS
46.592529999999996,35.05836,367,0.59,0.7,2026-08-08,11:36:00,N21,high,2.0NRT,300.88,25.85,D,VIIRS
46.59898,35.05825,367,0.59,0.7,2026-08-08,11:36:00,N21,high,2.0NRT,300.83,25.85,D,VIIRS
46.59896,35.05034,352.32,0.59,0.7,2026-08-08,11:36:00,N21,nominal,2.0NRT,300.8,28.12,D,VIIRS
46.60561,35.51649,367,0.62,0.71,2026-08-08,11:36:00,N21,high,2.0NRT,298.43,22.09,D,VIIRS
46.60563,35.50837,367,0.62,0.71,2026-08-08,11:36:00,N21,high,2.0NRT,299.93,28.65,D,VIIRS
46.57933,32.87468,353.9,0.46,0.64,2026-08-08,11:36:00,N21,nominal,2.0NRT,301.36,6.74,D,VIIRS
46.67148,35.64751,367,0.63,0.72,2026-08-08,11:36:00,N21,high,2.0NRT,297.14,12.07,D,VIIRS
46.6446,33.16632,367,0.48,0.64,2026-08-08,11:36:00,N21,high,2.0NRT,304.75,17.69,D,VIIRS
46.64473,33.17245,348.7,0.48,0.64,2026-08-08,11:36:00,N21,nominal,2.0NRT,303.63,15.78,D,VIIRS
46.64228,33.17418,336.62,0.48,0.64,2026-08-08,11:36:00,N21,nominal,2.0NRT,304.64,7.86,D,VIIRS
46.64219,33.168,352.3,0.48,0.64,2026-08-08,11:36:00,N21,nominal,2.0NRT,304.97,7.86,D,VIIRS
46.64812,33.16771,351.69,0.48,0.64,2026-08-08,11:36:00,N21,nominal,2.0NRT,302.96,7.86,D,VIIRS
46.66922,35.65175,337.56,0.63,0.72,2026-08-08,11:36:00,N21,nominal,2.0NRT,297.39,6.16,D,VIIRS
46.66926,35.64359,331.17,0.63,0.72,2026-08-08,11:36:00,N21,nominal,2.0NRT,295.53,6.16,D,VIIRS
46.67583,33.06063,355.6,0.47,0.64,2026-08-08,11:36:00,N21,low,2.0NRT,295.74,27.22,D,VIIRS
46.68185,33.0665,367,0.47,0.64,2026-08-08,11:36:00,N21,high,2.0NRT,304.84,47.42,D,VIIRS
46.68173,33.06031,367,0.47,0.64,2026-08-08,11:36:00,N21,high,2.0NRT,304.04,27.22,D,VIIRS
46.68161,33.05415,352.85,0.47,0.64,2026-08-08,11:36:00,N21,nominal,2.0NRT,302.59,27.22,D,VIIRS
46.68776,33.06619,367,0.47,0.64,2026-08-08,11:36:00,N21,high,2.0NRT,302.95,12.21,D,VIIRS
46.71512,34.87594,337.14,0.58,0.69,2026-08-08,11:36:00,N21,nominal,2.0NRT,305.25,3.3,D,VIIRS
46.69366,33.06596,353.56,0.47,0.64,2026-08-08,11:36:00,N21,nominal,2.0NRT,304.33,12.21,D,VIIRS
46.75533,35.52788,336.97,0.62,0.71,2026-08-08,11:36:00,N21,nominal,2.0NRT,302.5,7.84,D,VIIRS
46.75675,34.46038,335.3,0.55,0.68,2026-08-08,11:36:00,N21,nominal,2.0NRT,304.61,6.45,D,VIIRS
46.76304,34.4602,341.84,0.55,0.68,2026-08-08,11:36:00,N21,nominal,2.0NRT,303.81,6.45,D,VIIRS
46.77835,36.52736,333.83,0.69,0.74,2026-08-08,11:36:00,N21,nominal,2.0NRT,304.37,13.75,D,VIIRS
46.77843,36.51831,335.7,0.69,0.74,2026-08-08,11:36:00,N21,nominal,2.0NRT,303.4,9.61,D,VIIRS
46.77849,36.5094,342.88,0.69,0.74,2026-08-08,11:36:00,N21,nominal,2.0NRT,302.9,9.61,D,VIIRS
46.78522,36.52761,367,0.69,0.74,2026-08-08,11:36:00,N21,high,2.0NRT,304.46,19.13,D,VIIRS
46.78515,36.53659,347.27,0.69,0.75,2026-08-08,11:36:00,N21,nominal,2.0NRT,303.14,19.13,D,VIIRS
46.80117,36.06575,333.62,0.66,0.73,2026-08-08,11:36:00,N21,nominal,2.0NRT,300.93,5.81,D,VIIRS
46.76017,35.52028,335.45,0.62,0.71,2026-08-08,11:36:00,N21,nominal,2.0NRT,302,7.01,D,VIIRS
46.76004,34.45982,343.84,0.55,0.68,2026-08-08,11:36:00,N21,nominal,2.0NRT,304.44,7.67,D,VIIRS
46.77128,36.56526,330.23,0.7,0.75,2026-08-08,11:36:00,N21,low,2.0NRT,303.64,5.69,D,VIIRS
46.77861,36.52867,331.51,0.69,0.75,2026-08-08,11:36:00,N21,nominal,2.0NRT,304.71,14.61,D,VIIRS
46.77872,36.51962,335.54,0.69,0.74,2026-08-08,11:36:00,N21,nominal,2.0NRT,303.57,14.61,D,VIIRS
46.77883,36.51068,344.69,0.69,0.74,2026-08-08,11:36:00,N21,nominal,2.0NRT,303.36,18.72,D,VIIRS
46.78547,36.52889,367,0.69,0.75,2026-08-08,11:36:00,N21,high,2.0NRT,305.24,14.61,D,VIIRS
46.69439,30.28154,330.18,0.34,0.56,2026-08-08,11:36:00,N21,nominal,2.0NRT,294.41,5.49,D,VIIRS
46.80355,36.06645,332.77,0.66,0.73,2026-08-08,11:36:00,N21,nominal,2.0NRT,300.43,9.18,D,VIIRS
46.69937,30.27651,342.49,0.34,0.56,2026-08-08,11:36:00,N21,nominal,2.0NRT,300.41,8.8,D,VIIRS
46.81548,36.26816,330.69,0.67,0.74,2026-08-08,11:36:00,N21,low,2.0NRT,302.56,3.71,D,VIIRS
46.81815,34.70097,337.82,0.57,0.69,2026-08-08,11:36:00,N21,nominal,2.0NRT,304.14,7.55,D,VIIRS
46.82612,35.19935,343.57,0.6,0.7,2026-08-08,11:36:00,N21,nominal,2.0NRT,306.49,11.43,D,VIIRS
46.82611,35.19147,331.32,0.6,0.7,2026-08-08,11:36:00,N21,low,2.0NRT,306.11,11.62,D,VIIRS
46.7169,30.32026,330.58,0.35,0.56,2026-08-08,11:36:00,N21,nominal,2.0NRT,298.97,3.77,D,VIIRS
46.7167,30.3158,350.62,0.35,0.56,2026-08-08,11:36:00,N21,nominal,2.0NRT,299.69,3.77,D,VIIRS
46.83261,35.19923,341.48,0.6,0.7,2026-08-08,11:36:00,N21,nominal,2.0NRT,306.88,11.43,D,VIIRS
46.83918,35.51993,336.86,0.62,0.71,2026-08-08,11:36:00,N21,nominal,2.0NRT,304.57,2.97,D,VIIRS
46.8391,35.19122,353.32,0.6,0.7,2026-08-08,11:36:00,N21,nominal,2.0NRT,306.28,16.31,D,VIIRS
46.85202,35.16736,333.97,0.6,0.7,2026-08-08,11:36:00,N21,nominal,2.0NRT,303.86,5.62,D,VIIRS
46.85877,35.28607,331.38,0.6,0.71,2026-08-08,11:36:00,N21,low,2.0NRT,305,4.55,D,VIIRS
46.85853,35.17507,332.61,0.6,0.7,2026-08-08,11:36:00,N21,low,2.0NRT,306.45,5.62,D,VIIRS
46.91002,35.09598,336.75,0.59,0.7,2026-08-08,11:36:00,N21,nominal,2.0NRT,304.49,9.21,D,VIIRS
46.87041,36.35797,330.72,0.68,0.74,2026-08-08,11:36:00,N21,low,2.0NRT,305.05,10.21,D,VIIRS
46.91045,35.09525,339.26,0.59,0.7,2026-08-08,11:36:00,N21,nominal,2.0NRT,304.32,6.75,D,VIIRS
46.94286,35.12572,367,0.59,0.7,2026-08-08,11:36:00,N21,high,2.0NRT,305.55,17.64,D,VIIRS
46.94284,35.1179,332.54,0.59,0.7,2026-08-08,11:36:00,N21,nominal,2.0NRT,304.95,5.99,D,VIIRS
46.95353,36.89642,334.83,0.72,0.76,2026-08-08,11:36:00,N21,nominal,2.0NRT,301.14,10.26,D,VIIRS
46.96531,36.43104,367,0.69,0.74,2026-08-08,11:36:00,N21,high,2.0NRT,308.58,26.17,D,VIIRS
46.96539,36.42174,351.05,0.69,0.74,2026-08-08,11:36:00,N21,nominal,2.0NRT,303.06,26.17,D,VIIRS
46.97215,36.43115,340.61,0.69,0.74,2026-08-08,11:36:00,N21,nominal,2.0NRT,300.33,26.17,D,VIIRS
46.97223,36.42182,351.87,0.69,0.74,2026-08-08,11:36:00,N21,nominal,2.0NRT,301.17,26.17,D,VIIRS
46.99493,36.93475,354.31,0.73,0.76,2026-08-08,11:36:00,N21,nominal,2.0NRT,301.16,14.45,D,VIIRS
46.95196,36.89415,339.08,0.72,0.76,2026-08-08,11:36:00,N21,nominal,2.0NRT,302.31,10.26,D,VIIRS
46.96588,36.42852,367,0.69,0.74,2026-08-08,11:36:00,N21,high,2.0NRT,309.57,38.69,D,VIIRS
46.96576,36.43777,347.71,0.69,0.74,2026-08-08,11:36:00,N21,nominal,2.0NRT,301.46,35.1,D,VIIRS
46.966,36.41918,336.9,0.69,0.74,2026-08-08,11:36:00,N21,nominal,2.0NRT,302.7,38.69,D,VIIRS
46.97272,36.4286,339.6,0.69,0.74,2026-08-08,11:36:00,N21,nominal,2.0NRT,299.16,11,D,VIIRS
46.99306,36.94162,337.13,0.73,0.76,2026-08-08,11:36:00,N21,nominal,2.0NRT,300.36,10.5,D,VIIRS
46.99321,36.93223,340.48,0.73,0.76,2026-08-08,11:36:00,N21,nominal,2.0NRT,300.07,12.66,D,VIIRS
47.03997,35.43322,346.57,0.61,0.71,2026-08-08,11:36:00,N21,nominal,2.0NRT,302.75,9.36,D,VIIRS
47.04653,35.43368,347.22,0.61,0.71,2026-08-08,11:36:00,N21,nominal,2.0NRT,304.41,24.91,D,VIIRS
47.04629,35.04342,337.18,0.59,0.7,2026-08-08,11:36:00,N21,nominal,2.0NRT,303.93,9.45,D,VIIRS
47.04628,35.03561,345.91,0.59,0.7,2026-08-08,11:36:00,N21,nominal,2.0NRT,303.95,7.55,D,VIIRS
47.05309,35.43364,367,0.61,0.71,2026-08-08,11:36:00,N21,high,2.0NRT,307.76,24.91,D,VIIRS
47.06239,36.982170000000004,330.6,0.73,0.76,2026-08-08,11:36:00,N21,nominal,2.0NRT,301.12,14.96,D,VIIRS
47.06937,36.98305,367,0.73,0.76,2026-08-08,11:36:00,N21,high,2.0NRT,303.45,14.96,D,VIIRS
47.0793,35.36011,340.48,0.61,0.71,2026-08-08,11:36:00,N21,nominal,2.0NRT,303.12,8.56,D,VIIRS
47.1054,35.86683,342.16,0.65,0.73,2026-08-08,11:36:00,N21,nominal,2.0NRT,303.73,12.2,D,VIIRS
47.07833,35.36007,334.2,0.61,0.71,2026-08-08,11:36:00,N21,nominal,2.0NRT,302.52,6.56,D,VIIRS
47.06758,36.98407,367,0.73,0.76,2026-08-08,11:36:00,N21,high,2.0NRT,303.93,26.69,D,VIIRS
47.10871,35.86721,343.73,0.65,0.73,2026-08-08,11:36:00,N21,nominal,2.0NRT,304.3,12.57,D,VIIRS
47.10876,35.85873,336.44,0.65,0.73,2026-08-08,11:36:00,N21,nominal,2.0NRT,303.49,8.67,D,VIIRS
47.18306,35.48987,346.42,0.62,0.71,2026-08-08,11:36:00,N21,nominal,2.0NRT,302.79,7.72,D,VIIRS
47.18307,35.48168,336.8,0.62,0.71,2026-08-08,11:36:00,N21,nominal,2.0NRT,298.18,7.72,D,VIIRS
47.19622,35.49812,350.64,0.62,0.71,2026-08-08,11:36:00,N21,nominal,2.0NRT,303.43,13.58,D,VIIRS
47.20271,35.37606,367,0.61,0.71,2026-08-08,11:36:00,N21,high,2.0NRT,307.65,59.34,D,VIIRS
47.20272,35.38419,339.05,0.61,0.71,2026-08-08,11:36:00,N21,nominal,2.0NRT,304.64,48.28,D,VIIRS
47.2027,35.36795,331.99,0.61,0.71,2026-08-08,11:36:00,N21,nominal,2.0NRT,303.91,59.34,D,VIIRS
47.20926,35.37604,367,0.61,0.71,2026-08-08,11:36:00,N21,high,2.0NRT,304.35,59.34,D,VIIRS
47.20857,35.99554,345.56,0.66,0.73,2026-08-08,11:36:00,N21,nominal,2.0NRT,303.97,15.78,D,VIIRS
47.18138,35.49038,341.81,0.62,0.71,2026-08-08,11:36:00,N21,nominal,2.0NRT,302.25,9.59,D,VIIRS
47.18142,35.482170000000004,342.11,0.62,0.71,2026-08-08,11:36:00,N21,nominal,2.0NRT,300.01,6,D,VIIRS
47.19451,35.49857,349.55,0.62,0.71,2026-08-08,11:36:00,N21,nominal,2.0NRT,302.98,17.19,D,VIIRS
47.20155,35.38448,333.23,0.61,0.71,2026-08-08,11:36:00,N21,nominal,2.0NRT,303.96,40.58,D,VIIRS
47.20158,35.37637,347.54,0.61,0.71,2026-08-08,11:36:00,N21,nominal,2.0NRT,306.84,40.58,D,VIIRS
47.2016,35.36827,332.62,0.61,0.71,2026-08-08,11:36:00,N21,nominal,2.0NRT,304.37,79.3,D,VIIRS
47.20813,35.37632,367,0.61,0.71,2026-08-08,11:36:00,N21,high,2.0NRT,305.64,40.58,D,VIIRS
47.20449,35.99628,332.07,0.66,0.73,2026-08-08,11:36:00,N21,low,2.0NRT,302.86,8.46,D,VIIRS
47.21121,35.9962,336.61,0.66,0.73,2026-08-08,11:36:00,N21,nominal,2.0NRT,302.7,7.18,D,VIIRS
47.22735,35.52319,333.78,0.62,0.72,2026-08-08,11:36:00,N21,nominal,2.0NRT,302.1,11.05,D,VIIRS
47.23428,35.40059,367,0.61,0.71,2026-08-08,11:36:00,N21,high,2.0NRT,301.42,15.43,D,VIIRS
47.23394,35.52318,355.27,0.62,0.72,2026-08-08,11:36:00,N21,nominal,2.0NRT,305.26,11.05,D,VIIRS
47.23426,35.40873,339.41,0.61,0.71,2026-08-08,11:36:00,N21,nominal,2.0NRT,299.96,8.85,D,VIIRS
47.2343,35.39244,347.36,0.61,0.71,2026-08-08,11:36:00,N21,nominal,2.0NRT,300,15.43,D,VIIRS
47.24084,35.40056,332.1,0.61,0.71,2026-08-08,11:36:00,N21,nominal,2.0NRT,299.82,3.3,D,VIIRS
47.24756,35.22301,367,0.6,0.71,2026-08-08,11:36:00,N21,high,2.0NRT,301.37,16.67,D,VIIRS
47.33265,36.80117,334.46,0.72,0.75,2026-08-08,11:36:00,N21,nominal,2.0NRT,295.89,10.96,D,VIIRS
47.36969,35.76173,337.56,0.64,0.72,2026-08-08,11:36:00,N21,nominal,2.0NRT,301.95,10.51,D,VIIRS
47.38163,36.03697,343.64,0.66,0.73,2026-08-08,11:36:00,N21,nominal,2.0NRT,301.52,15.35,D,VIIRS
47.38294,35.77859,348.36,0.64,0.72,2026-08-08,11:36:00,N21,nominal,2.0NRT,301.97,22.26,D,VIIRS
47.42386,36.7193,330.37,0.71,0.75,2026-08-08,11:36:00,N21,nominal,2.0NRT,298.83,7.62,D,VIIRS
47.38388,36.0386,341.57,0.66,0.73,2026-08-08,11:36:00,N21,nominal,2.0NRT,301.4,17.97,D,VIIRS
47.38636,35.77989,352.18,0.64,0.72,2026-08-08,11:36:00,N21,nominal,2.0NRT,299.71,20.85,D,VIIRS
47.38643,35.77144,331.36,0.64,0.72,2026-08-08,11:36:00,N21,nominal,2.0NRT,300.93,17.3,D,VIIRS
47.4059,35.83952,336.08,0.65,0.73,2026-08-08,11:36:00,N21,nominal,2.0NRT,299.17,8.93,D,VIIRS
47.4301,36.71222,333.18,0.71,0.75,2026-08-08,11:36:00,N21,nominal,2.0NRT,299.49,14.9,D,VIIRS
47.45803,36.69479,355.7,0.71,0.75,2026-08-08,11:36:00,N21,nominal,2.0NRT,303.39,23.08,D,VIIRS
47.46529,35.96143,331.18,0.65,0.73,2026-08-08,11:36:00,N21,nominal,2.0NRT,298.61,5.57,D,VIIRS
47.46602,36.60953,349.52,0.7,0.75,2026-08-08,11:36:00,N21,nominal,2.0NRT,299.11,11.61,D,VIIRS
47.46613,36.60025,342.28,0.7,0.75,2026-08-08,11:36:00,N21,nominal,2.0NRT,298.72,11.61,D,VIIRS
47.47269,36.62858,349.36,0.7,0.75,2026-08-08,11:36:00,N21,nominal,2.0NRT,300.43,21.03,D,VIIRS
47.4728,36.61924,342.68,0.7,0.75,2026-08-08,11:36:00,N21,nominal,2.0NRT,296.83,21.03,D,VIIRS
47.47291,36.60986,332.11,0.7,0.75,2026-08-08,11:36:00,N21,nominal,2.0NRT,291.19,11.61,D,VIIRS
47.47757,36.12939,339.78,0.67,0.73,2026-08-08,11:36:00,N21,nominal,2.0NRT,291.36,7.23,D,VIIRS
47.47947,36.63878,338.07,0.7,0.75,2026-08-08,11:36:00,N21,nominal,2.0NRT,298.42,11.4,D,VIIRS
47.48001,36.59158,333.71,0.7,0.75,2026-08-08,11:36:00,N21,nominal,2.0NRT,296.47,4.02,D,VIIRS
47.49127,36.10374,367,0.66,0.73,2026-08-08,11:36:00,N21,high,2.0NRT,295.05,32.6,D,VIIRS
47.48648,36.62952,330.55,0.7,0.75,2026-08-08,11:36:00,N21,nominal,2.0NRT,299.7,17.72,D,VIIRS
47.69885,37.20627,336.74,0.75,0.77,2026-08-08,11:38:00,N21,nominal,2.0NRT,299.45,9.11,D,VIIRS
47.51225,35.97261,343.78,0.65,0.73,2026-08-08,11:38:00,N21,nominal,2.0NRT,296.54,10.36,D,VIIRS
47.51487,37.13254,338.45,0.74,0.76,2026-08-08,11:38:00,N21,nominal,2.0NRT,300.09,12.05,D,VIIRS
47.47255,36.62957,348.43,0.7,0.75,2026-08-08,11:38:00,N21,nominal,2.0NRT,300.33,14.49,D,VIIRS
47.4727,36.6202,343.39,0.7,0.75,2026-08-08,11:38:00,N21,nominal,2.0NRT,297.94,26.81,D,VIIRS
47.47929,36.63975,333.49,0.71,0.75,2026-08-08,11:38:00,N21,nominal,2.0NRT,297.78,14.49,D,VIIRS
47.48005,36.59244,334.55,0.7,0.75,2026-08-08,11:38:00,N21,nominal,2.0NRT,297.06,14.36,D,VIIRS
47.48676,36.10402,333.39,0.66,0.73,2026-08-08,11:38:00,N21,nominal,2.0NRT,298.76,21.12,D,VIIRS
47.48635,36.63042,333.8,0.7,0.75,2026-08-08,11:38:00,N21,nominal,2.0NRT,299.14,10.36,D,VIIRS
47.51246,37.13362,339.69,0.74,0.76,2026-08-08,11:38:00,N21,nominal,2.0NRT,300.5,12.53,D,VIIRS
47.5195,37.13371,331.95,0.74,0.76,2026-08-08,11:38:00,N21,nominal,2.0NRT,298.51,8.79,D,VIIRS
47.66129,36.92012,346.54,0.73,0.76,2026-08-08,11:38:00,N21,nominal,2.0NRT,297.61,23.28,D,VIIRS
47.66143,36.91051,337.82,0.73,0.76,2026-08-08,11:38:00,N21,nominal,2.0NRT,294.82,16.23,D,VIIRS
47.69901,37.19636,334.51,0.75,0.77,2026-08-08,11:38:00,N21,nominal,2.0NRT,296.25,9.11,D,VIIRS
47.59203,29.99205,341.47,0.34,0.56,2026-08-08,11:38:00,N21,nominal,2.0NRT,294.57,4.77,D,VIIRS
47.59695,29.98687,367,0.34,0.56,2026-08-08,11:38:00,N21,high,2.0NRT,294.71,10,D,VIIRS
47.59674,29.98231,367,0.34,0.56,2026-08-08,11:38:00,N21,high,2.0NRT,295.09,10,D,VIIRS
47.59716,29.99141,331.52,0.34,0.56,2026-08-08,11:38:00,N21,nominal,2.0NRT,293.62,5.11,D,VIIRS
47.71405,37.13774,350.73,0.74,0.76,2026-08-08,11:38:00,N21,nominal,2.0NRT,295.88,18.12,D,VIIRS
47.72124,37.12796,367,0.74,0.76,2026-08-08,11:38:00,N21,high,2.0NRT,298.42,57.67,D,VIIRS
47.72139,37.11805,352.61,0.74,0.76,2026-08-08,11:38:00,N21,nominal,2.0NRT,301.32,57.67,D,VIIRS
47.59887,29.98352,367,0.34,0.56,2026-08-08,11:38:00,N21,high,2.0NRT,297.81,8.36,D,VIIRS
47.67371,36.91201,333.04,0.73,0.76,2026-08-08,11:38:00,N21,nominal,2.0NRT,296.25,5.88,D,VIIRS
47.59907,29.98808,344.66,0.34,0.56,2026-08-08,11:38:00,N21,nominal,2.0NRT,292.93,8.36,D,VIIRS
47.69602,37.19806,338.39,0.75,0.77,2026-08-08,11:38:00,N21,nominal,2.0NRT,298.14,14.81,D,VIIRS
47.70287,37.20829,340.04,0.75,0.77,2026-08-08,11:38:00,N21,nominal,2.0NRT,299.29,17.45,D,VIIRS
47.61995,29.87283,334.83,0.33,0.56,2026-08-08,11:38:00,N21,nominal,2.0NRT,299.54,5.37,D,VIIRS
47.71133,37.13937,350.47,0.75,0.77,2026-08-08,11:38:00,N21,nominal,2.0NRT,293.22,22.73,D,VIIRS
47.62487,29.86779,331.55,0.33,0.56,2026-08-08,11:38:00,N21,nominal,2.0NRT,297.21,2.61,D,VIIRS
47.71877,37.1197,367,0.74,0.76,2026-08-08,11:38:00,N21,high,2.0NRT,301.66,96.03,D,VIIRS
47.69938,31.83017,367,0.42,0.61,2026-08-08,11:38:00,N21,high,2.0NRT,304.35,18.19,D,VIIRS
47.69923,31.82448,367,0.42,0.61,2026-08-08,11:38:00,N21,high,2.0NRT,304.32,18.19,D,VIIRS
47.71839,37.13947,333.56,0.75,0.77,2026-08-08,11:38:00,N21,nominal,2.0NRT,295.71,22.73,D,VIIRS
47.71858,37.1296,353.91,0.74,0.76,2026-08-08,11:38:00,N21,nominal,2.0NRT,297.29,22.73,D,VIIRS
47.72563,37.1294,343.64,0.74,0.76,2026-08-08,11:38:00,N21,nominal,2.0NRT,291.67,18.39,D,VIIRS
47.72582,37.11946,344.08,0.74,0.76,2026-08-08,11:38:00,N21,nominal,2.0NRT,294.39,18.22,D,VIIRS
47.75241,37.55869,337.6,0.78,0.78,2026-08-08,11:38:00,N21,nominal,2.0NRT,296.75,22,D,VIIRS
47.75265,37.548,335.16,0.78,0.78,2026-08-08,11:38:00,N21,nominal,2.0NRT,295.35,19.03,D,VIIRS
47.75806,37.28118,338.64,0.76,0.77,2026-08-08,11:38:00,N21,nominal,2.0NRT,298.62,10.05,D,VIIRS
47.76661,37.37492,348.71,0.77,0.77,2026-08-08,11:38:00,N21,nominal,2.0NRT,295.74,21.67,D,VIIRS
47.76996,37.52967,334.46,0.78,0.78,2026-08-08,11:38:00,N21,nominal,2.0NRT,296.36,12.75,D,VIIRS
47.79066,37.56208,341.55,0.78,0.78,2026-08-08,11:38:00,N21,nominal,2.0NRT,297,9.75,D,VIIRS
47.84864,37.53404,334.2,0.78,0.78,2026-08-08,11:38:00,N21,nominal,2.0NRT,299.75,18.19,D,VIIRS
47.85602,37.52423,331.26,0.78,0.78,2026-08-08,11:38:00,N21,nominal,2.0NRT,295.77,13.8,D,VIIRS
47.86651,36.9779,353.06,0.73,0.76,2026-08-08,11:38:00,N21,nominal,2.0NRT,295.06,23.48,D,VIIRS
47.87552,37.61773,335.97,0.79,0.78,2026-08-08,11:38:00,N21,nominal,2.0NRT,297.03,11.57,D,VIIRS
47.8827,37.61817,339.98,0.79,0.78,2026-08-08,11:38:00,N21,nominal,2.0NRT,298.53,11.57,D,VIIRS
47.9023,37.35038,337.68,0.76,0.77,2026-08-08,11:38:00,N21,nominal,2.0NRT,294.31,4.93,D,VIIRS
47.91368,37.09881,331.64,0.74,0.76,2026-08-08,11:38:00,N21,nominal,2.0NRT,296.23,9.36,D,VIIRS
47.9206,37.51621,341.14,0.78,0.78,2026-08-08,11:38:00,N21,nominal,2.0NRT,295.64,17.06,D,VIIRS
47.92806,37.07915,350.4,0.74,0.76,2026-08-08,11:38:00,N21,nominal,2.0NRT,296.96,11.62,D,VIIRS
47.87787,37.62453,331.44,0.79,0.78,2026-08-08,11:38:00,N21,nominal,2.0NRT,296.71,12.69,D,VIIRS
47.87814,37.61412,332.99,0.79,0.78,2026-08-08,11:38:00,N21,nominal,2.0NRT,297.44,12.69,D,VIIRS
47.92575,37.08479,334.58,0.74,0.76,2026-08-08,11:38:00,N21,nominal,2.0NRT,296.02,16.85,D,VIIRS
47.92595,37.0748,331.86,0.74,0.76,2026-08-08,11:38:00,N21,nominal,2.0NRT,294.58,13.08,D,VIIRS
47.92343,37.52289,342.22,0.78,0.78,2026-08-08,11:38:00,N21,nominal,2.0NRT,296.12,14.89,D,VIIRS
47.92293,31.34769,367,0.4,0.6,2026-08-08,11:38:00,N21,high,2.0NRT,299.21,15.22,D,VIIRS
47.98262,34.04184,345.14,0.53,0.67,2026-08-08,11:38:00,N21,nominal,2.0NRT,295.65,14.06,D,VIIRS
47.98256,34.03477,342.09,0.53,0.67,2026-08-08,11:38:00,N21,nominal,2.0NRT,294.34,13.81,D,VIIRS
47.98883,34.04167,349.32,0.53,0.67,2026-08-08,11:38:00,N21,nominal,2.0NRT,292.51,9.83,D,VIIRS
47.90271,29.75829,353.74,0.33,0.55,2026-08-08,11:38:00,N21,nominal,2.0NRT,295.32,9.32,D,VIIRS
48.00776,37.07259,335.34,0.74,0.76,2026-08-08,11:38:00,N21,nominal,2.0NRT,295.92,8.89,D,VIIRS
48.14957,30.878,367,0.38,0.59,2026-08-08,11:38:00,N21,high,2.0NRT,296.42,14.48,D,VIIRS
48.14939,30.87281,331.28,0.38,0.58,2026-08-08,11:38:00,N21,nominal,2.0NRT,292.19,9.23,D,VIIRS
48.24998,35.96984,342.81,0.66,0.73,2026-08-08,11:38:00,N21,nominal,2.0NRT,294.32,13.66,D,VIIRS
48.24566,35.97538,330.69,0.66,0.73,2026-08-08,11:38:00,N21,nominal,2.0NRT,293.36,20.48,D,VIIRS
48.45514,29.81056,336.58,0.34,0.56,2026-08-08,11:38:00,N21,nominal,2.0NRT,291.51,2.71,D,VIIRS
48.79641,35.12336,367,0.6,0.71,2026-08-08,11:38:00,N21,high,2.0NRT,295.58,13.18,D,VIIRS
48.79644,35.11517,367,0.6,0.71,2026-08-08,11:38:00,N21,high,2.0NRT,294.76,13.18,D,VIIRS
48.80292,35.12341,333.69,0.6,0.71,2026-08-08,11:38:00,N21,nominal,2.0NRT,294.07,13.18,D,VIIRS
48.8419,35.15644,347.24,0.6,0.71,2026-08-08,11:38:00,N21,nominal,2.0NRT,293.22,11.92,D,VIIRS
48.84114,35.1528,336.7,0.6,0.71,2026-08-08,11:38:00,N21,nominal,2.0NRT,292.1,8.13,D,VIIRS
49.61452,34.74122,328.85,0.58,0.7,2026-08-08,11:38:00,N21,nominal,2.0NRT,293.75,3.45,D,VIIRS
49.61858,35.16957,329.72,0.61,0.71,2026-08-08,11:38:00,N21,nominal,2.0NRT,294.79,8.61,D,VIIRS
49.62505,35.17812,342.74,0.61,0.71,2026-08-08,11:38:00,N21,nominal,2.0NRT,294.86,13.36,D,VIIRS
49.69062,37.65929,338.13,0.79,0.78,2026-08-08,11:38:00,N21,nominal,2.0NRT,289.43,14.34,D,VIIRS
49.98177,25.34647,331.95,0.44,0.46,2026-08-08,11:38:00,N21,nominal,2.0NRT,296.49,1.87,D,VIIRS
50.5423,26.26267,332.27,0.49,0.48,2026-08-08,11:38:00,N21,nominal,2.0NRT,302.13,4.91,D,VIIRS
50.67833,26.19017,334.08,0.48,0.48,2026-08-08,11:38:00,N21,nominal,2.0NRT,302.59,6.18,D,VIIRS
50.98266,24.87448,339.63,0.43,0.46,2026-08-08,11:38:00,N21,nominal,2.0NRT,299.75,7.92,D,VIIRS
47.09217,38.12517,308.02,0.8,0.78,2026-08-08,22:10:00,N21,nominal,2.0NRT,287.58,2.06,N,VIIRS
47.15725,38.12294,300.34,0.8,0.78,2026-08-08,22:10:00,N21,nominal,2.0NRT,286.84,0.76,N,VIIRS
48.60453,39.14939,305.38,0.71,0.75,2026-08-08,22:10:00,N21,nominal,2.0NRT,290.67,2.33,N,VIIRS
50.54578,26.26029,304.86,0.4,0.44,2026-08-08,23:50:00,N21,nominal,2.0NRT,287.91,1.68,N,VIIRS
51.45819,24.71851,298.42,0.48,0.48,2026-08-08,23:50:00,N21,nominal,2.0NRT,285.35,1.44,N,VIIRS
47.93884,37.57506,315.92,0.45,0.39,2026-08-08,23:50:00,N21,nominal,2.0NRT,291.07,1.6,N,VIIRS
48.24392,36.86003,302.85,0.43,0.38,2026-08-08,23:50:00,N21,nominal,2.0NRT,289.32,0.7,N,VIIRS
48.05776,37.95355,311.36,0.46,0.39,2026-08-08,23:50:00,N21,nominal,2.0NRT,292.16,1.59,N,VIIRS
48.09719,37.92575,304.8,0.46,0.39,2026-08-08,23:50:00,N21,nominal,2.0NRT,290.55,0.98,N,VIIRS
48.20649,37.95689,307.84,0.46,0.39,2026-08-08,23:50:00,N21,nominal,2.0NRT,290.01,1.12,N,VIIRS
48.20765,37.951,300.9,0.46,0.39,2026-08-08,23:50:00,N21,nominal,2.0NRT,289.72,0.99,N,VIIRS
48.35873,37.20786,301.02,0.43,0.38,2026-08-08,23:50:00,N21,nominal,2.0NRT,289.17,0.74,N,VIIRS
48.3598,37.2022,306.24,0.43,0.38,2026-08-08,23:50:00,N21,nominal,2.0NRT,289.29,1.01,N,VIIRS
48.36129,37.20332,315.37,0.43,0.38,2026-08-08,23:50:00,N21,nominal,2.0NRT,289.11,1.56,N,VIIRS
48.35483,37.2558,306.39,0.43,0.38,2026-08-08,23:50:00,N21,nominal,2.0NRT,290.01,1.01,N,VIIRS
48.08007,38.75724,299.6,0.49,0.4,2026-08-08,23:50:00,N21,nominal,2.0NRT,288.88,0.76,N,VIIRS
48.44772,37.0762,304.6,0.43,0.38,2026-08-08,23:50:00,N21,nominal,2.0NRT,290.13,0.7,N,VIIRS
49.10653,33.28079,303.08,0.38,0.36,2026-08-08,23:50:00,N21,nominal,2.0NRT,287.18,0.75,N,VIIRS
48.4734,37.07527,305.23,0.43,0.38,2026-08-08,23:50:00,N21,nominal,2.0NRT,289.34,1.07,N,VIIRS
50.54172,26.25939,308.95,0.4,0.44,2026-08-08,23:50:00,N21,nominal,2.0NRT,288.7,1.68,N,VIIRS
50.30251,28.66415,317.24,0.49,0.4,2026-08-08,23:50:00,N21,nominal,2.0NRT,286.27,1.81,N,VIIRS
48.60598,39.15279,305.87,0.49,0.4,2026-08-08,23:50:00,N21,nominal,2.0NRT,291.62,1.34,N,VIIRS
48.8623,37.76508,314.25,0.44,0.38,2026-08-08,23:50:00,N21,nominal,2.0NRT,288.31,1.99,N,VIIRS
48.84644,37.77046,298.23,0.44,0.38,2026-08-08,23:50:00,N21,nominal,2.0NRT,287.46,0.54,N,VIIRS
48.82489,37.74802,306.82,0.44,0.38,2026-08-08,23:50:00,N21,nominal,2.0NRT,287.83,0.72,N,VIIRS
48.8518,37.59112,300.46,0.44,0.38,2026-08-08,23:50:00,N21,nominal,2.0NRT,289.69,0.65,N,VIIRS
48.89177,36.65936,316.48,0.41,0.37,2026-08-08,23:50:00,N21,nominal,2.0NRT,289.06,2.12,N,VIIRS
48.88845,36.65796,309.14,0.41,0.37,2026-08-08,23:50:00,N21,nominal,2.0NRT,288.72,0.95,N,VIIRS
48.88744,36.66344,304.49,0.41,0.37,2026-08-08,23:50:00,N21,nominal,2.0NRT,287.88,0.95,N,VIIRS
48.46637,38.75985,314.31,0.48,0.4,2026-08-08,23:50:00,N21,nominal,2.0NRT,292.99,2.64,N,VIIRS
48.62852,37.55224,301.92,0.44,0.38,2026-08-08,23:50:00,N21,nominal,2.0NRT,289.31,0.53,N,VIIRS
48.62786,37.55116,300.51,0.44,0.38,2026-08-08,23:50:00,N21,nominal,2.0NRT,289.31,0.62,N,VIIRS
48.62987,37.50221,316.99,0.44,0.38,2026-08-08,23:50:00,N21,nominal,2.0NRT,290.26,1.21,N,VIIRS
48.57325,37.47105,302.05,0.44,0.38,2026-08-08,23:50:00,N21,nominal,2.0NRT,287.96,0.74,N,VIIRS
52.16451,33.69136,310.94,0.39,0.36,2026-08-08,23:50:00,N21,nominal,2.0NRT,284.91,1.5,N,VIIRS
52.1637,33.69696,314.54,0.39,0.36,2026-08-08,23:50:00,N21,nominal,2.0NRT,285.1,1.5,N,VIIRS
45.39063,28.97639,301.72,0.43,0.38,2026-08-08,23:52:00,N21,nominal,2.0NRT,289.09,0.33,N,VIIRS
45.39266,28.9602,328.35,0.43,0.38,2026-08-08,23:52:00,N21,nominal,2.0NRT,289.4,4.52,N,VIIRS
45.39475,28.97187,322.95,0.43,0.38,2026-08-08,23:52:00,N21,nominal,2.0NRT,289.21,2.05,N,VIIRS
45.43333,29.05957,309.51,0.42,0.38,2026-08-08,23:52:00,N21,nominal,2.0NRT,289.43,1.12,N,VIIRS
44.77286,33.85976,313.53,0.4,0.37,2026-08-08,23:52:00,N21,nominal,2.0NRT,292.27,1.4,N,VIIRS
45.6148,29.36435,303.74,0.42,0.38,2026-08-08,23:52:00,N21,nominal,2.0NRT,289.62,0.55,N,VIIRS
45.67341,28.96267,303.71,0.43,0.38,2026-08-08,23:52:00,N21,nominal,2.0NRT,288.69,0.73,N,VIIRS
45.63568,29.47388,317.07,0.42,0.37,2026-08-08,23:52:00,N21,nominal,2.0NRT,289.67,1.66,N,VIIRS
45.63638,29.46861,332.18,0.42,0.37,2026-08-08,23:52:00,N21,nominal,2.0NRT,290.18,3.64,N,VIIRS
45.63978,29.46951,302.23,0.42,0.37,2026-08-08,23:52:00,N21,nominal,2.0NRT,289.39,0.43,N,VIIRS
45.94869,28.93622,308.57,0.43,0.38,2026-08-08,23:52:00,N21,nominal,2.0NRT,288.44,1.06,N,VIIRS
45.94938,28.93068,303.43,0.43,0.38,2026-08-08,23:52:00,N21,nominal,2.0NRT,287.95,1.06,N,VIIRS
45.56563,34.81496,304.14,0.41,0.37,2026-08-08,23:52:00,N21,nominal,2.0NRT,290.08,0.7,N,VIIRS
46.14904,32.84992,308.57,0.38,0.36,2026-08-08,23:52:00,N21,nominal,2.0NRT,291.51,1.01,N,VIIRS
46.39034,32.58033,320.58,0.38,0.36,2026-08-08,23:52:00,N21,nominal,2.0NRT,293.36,2.43,N,VIIRS
46.39359,32.58139,339.06,0.38,0.36,2026-08-08,23:52:00,N21,nominal,2.0NRT,297.58,5.7,N,VIIRS
46.39436,32.57648,337.01,0.38,0.36,2026-08-08,23:52:00,N21,nominal,2.0NRT,293.85,5.7,N,VIIRS
46.3882,32.96457,303.72,0.38,0.36,2026-08-08,23:52:00,N21,nominal,2.0NRT,290.81,0.67,N,VIIRS
46.20222,34.74897,302.16,0.4,0.37,2026-08-08,23:52:00,N21,nominal,2.0NRT,290.39,0.63,N,VIIRS
46.39634,34.92233,324.74,0.4,0.37,2026-08-08,23:52:00,N21,nominal,2.0NRT,291.48,2.13,N,VIIRS
46.41891,34.85439,316.53,0.4,0.37,2026-08-08,23:52:00,N21,nominal,2.0NRT,291.1,2.21,N,VIIRS
46.445,34.88585,301.76,0.4,0.37,2026-08-08,23:52:00,N21,nominal,2.0NRT,290.57,1.53,N,VIIRS
46.4474,34.89219,323.09,0.4,0.37,2026-08-08,23:52:00,N21,nominal,2.0NRT,291.35,1.53,N,VIIRS
46.47322,34.91405,302.76,0.4,0.37,2026-08-08,23:52:00,N21,nominal,2.0NRT,290.46,0.86,N,VIIRS
46.49393,34.91629,319.5,0.4,0.37,2026-08-08,23:52:00,N21,nominal,2.0NRT,291.22,4,N,VIIRS
46.49302,34.92141,335.24,0.4,0.37,2026-08-08,23:52:00,N21,nominal,2.0NRT,293.68,5.57,N,VIIRS
46.49632,34.92264,328.05,0.4,0.37,2026-08-08,23:52:00,N21,nominal,2.0NRT,292.79,5.57,N,VIIRS
46.49723,34.91752,330.79,0.4,0.37,2026-08-08,23:52:00,N21,nominal,2.0NRT,292.36,4,N,VIIRS
46.50053,34.91875,344.75,0.4,0.37,2026-08-08,23:52:00,N21,nominal,2.0NRT,294.71,6.49,N,VIIRS
46.50383,34.91998,329.27,0.4,0.37,2026-08-08,23:52:00,N21,nominal,2.0NRT,292.03,6.49,N,VIIRS
46.50803,34.91609,302.41,0.4,0.37,2026-08-08,23:52:00,N21,nominal,2.0NRT,290.41,0.81,N,VIIRS
47.08531,31.38918,307.02,0.39,0.36,2026-08-08,23:52:00,N21,nominal,2.0NRT,288.17,1.31,N,VIIRS
47.09044,31.40139,315.13,0.39,0.36,2026-08-08,23:52:00,N21,nominal,2.0NRT,286.51,1.73,N,VIIRS
47.09373,31.4024,315.65,0.39,0.36,2026-08-08,23:52:00,N21,nominal,2.0NRT,287.06,1.73,N,VIIRS
47.09446,31.3973,301.95,0.39,0.36,2026-08-08,23:52:00,N21,nominal,2.0NRT,283.86,2.02,N,VIIRS
47.093,31.4075,328.34,0.39,0.36,2026-08-08,23:52:00,N21,nominal,2.0NRT,288.77,1.73,N,VIIRS
47.09703,31.40341,307.25,0.39,0.36,2026-08-08,23:52:00,N21,nominal,2.0NRT,282.35,2.08,N,VIIRS
47.0963,31.4085,333.15,0.39,0.36,2026-08-08,23:52:00,N21,nominal,2.0NRT,287.49,2.08,N,VIIRS
47.10069,31.3779,328.03,0.39,0.36,2026-08-08,23:52:00,N21,nominal,2.0NRT,284.18,4.78,N,VIIRS
47.09959,31.40951,307.28,0.39,0.36,2026-08-08,23:52:00,N21,nominal,2.0NRT,282.37,2.08,N,VIIRS
47.10398,31.3789,329.43,0.39,0.36,2026-08-08,23:52:00,N21,nominal,2.0NRT,287.69,4.78,N,VIIRS
47.10289,31.410520000000002,304.44,0.39,0.36,2026-08-08,23:52:00,N21,nominal,2.0NRT,279.11,0.77,N,VIIRS
47.10728,31.3799,307.33,0.39,0.36,2026-08-08,23:52:00,N21,nominal,2.0NRT,283.64,1.23,N,VIIRS
46.59978,34.86436,327.91,0.4,0.37,2026-08-08,23:52:00,N21,nominal,2.0NRT,292.01,1.62,N,VIIRS
46.60218,34.87069,302.76,0.4,0.37,2026-08-08,23:52:00,N21,nominal,2.0NRT,290.36,1.34,N,VIIRS
46.60308,34.86558,309.8,0.4,0.37,2026-08-08,23:52:00,N21,nominal,2.0NRT,291.04,1.62,N,VIIRS
46.60637,34.86681,314.05,0.4,0.37,2026-08-08,23:52:00,N21,nominal,2.0NRT,290.69,0.94,N,VIIRS
46.60696,34.88337,311.32,0.4,0.37,2026-08-08,23:52:00,N21,nominal,2.0NRT,290.52,1.08,N,VIIRS
46.60967,34.86803,306.77,0.4,0.37,2026-08-08,23:52:00,N21,nominal,2.0NRT,290.5,0.94,N,VIIRS
46.61057,34.86292,303.27,0.4,0.37,2026-08-08,23:52:00,N21,nominal,2.0NRT,290.87,0.94,N,VIIRS
46.70241,35.00885,302.34,0.4,0.37,2026-08-08,23:52:00,N21,nominal,2.0NRT,290.43,0.49,N,VIIRS
46.89879,33.98864,316.1,0.39,0.36,2026-08-08,23:52:00,N21,nominal,2.0NRT,291.23,0.72,N,VIIRS
47.0794,33.87608,304.31,0.39,0.36,2026-08-08,23:52:00,N21,nominal,2.0NRT,290.73,0.92,N,VIIRS
47.08348,33.87222,303.39,0.39,0.36,2026-08-08,23:52:00,N21,nominal,2.0NRT,290.44,0.59,N,VIIRS
47.13831,33.58008,315.83,0.39,0.36,2026-08-08,23:52:00,N21,nominal,2.0NRT,290.87,1.45,N,VIIRS
47.14075,33.5862,304.58,0.39,0.36,2026-08-08,23:52:00,N21,nominal,2.0NRT,290.71,0.5,N,VIIRS
47.69773,29.84545,298.95,0.42,0.38,2026-08-08,23:52:00,N21,nominal,2.0NRT,280.64,0.62,N,VIIRS
47.70116,29.84637,304.45,0.42,0.38,2026-08-08,23:52:00,N21,nominal,2.0NRT,283.48,0.75,N,VIIRS
47.16674,33.59528,314.57,0.39,0.36,2026-08-08,23:52:00,N21,nominal,2.0NRT,290.75,1.76,N,VIIRS
47.17483,33.54538,302.27,0.39,0.36,2026-08-08,23:52:00,N21,nominal,2.0NRT,290.31,0.59,N,VIIRS
47.17809,33.54652,308.28,0.39,0.36,2026-08-08,23:52:00,N21,nominal,2.0NRT,290.67,0.59,N,VIIRS
47.17889,33.54153,301.53,0.39,0.36,2026-08-08,23:52:00,N21,nominal,2.0NRT,290.22,0.59,N,VIIRS
47.18862,33.52385,307.81,0.39,0.36,2026-08-08,23:52:00,N21,nominal,2.0NRT,290.64,1.18,N,VIIRS
48.38776,22.75111,330.09,0.54,0.51,2026-08-08,23:52:00,N21,nominal,2.0NRT,289.37,6.36,N,VIIRS
47.19186,33.52498,312.13,0.39,0.36,2026-08-08,23:52:00,N21,nominal,2.0NRT,290.67,1.13,N,VIIRS
47.19514,33.54718,316.66,0.39,0.36,2026-08-08,23:52:00,N21,nominal,2.0NRT,290.16,1.3,N,VIIRS
47.19999,33.53834,305.13,0.39,0.36,2026-08-08,23:52:00,N21,nominal,2.0NRT,289.77,1.07,N,VIIRS
47.20322,33.5184,315.17,0.39,0.36,2026-08-08,23:52:00,N21,nominal,2.0NRT,290.76,1.32,N,VIIRS
47.21849,33.42362,300.79,0.38,0.36,2026-08-08,23:52:00,N21,nominal,2.0NRT,290.46,0.91,N,VIIRS
48.47617,22.80858,306.23,0.54,0.51,2026-08-08,23:52:00,N21,nominal,2.0NRT,288.8,1.36,N,VIIRS
46.84382,36.08033,327.86,0.42,0.38,2026-08-08,23:52:00,N21,nominal,2.0NRT,293.34,1.77,N,VIIRS
46.84718,36.08166,307.8,0.42,0.38,2026-08-08,23:52:00,N21,nominal,2.0NRT,292.89,1.77,N,VIIRS
47.29255,33.68925,318.27,0.39,0.36,2026-08-08,23:52:00,N21,nominal,2.0NRT,290.87,1.59,N,VIIRS
47.29581,33.69039,304.79,0.39,0.36,2026-08-08,23:52:00,N21,nominal,2.0NRT,290.73,0.96,N,VIIRS
47.29662,33.68539,311,0.39,0.36,2026-08-08,23:52:00,N21,nominal,2.0NRT,290.7,0.96,N,VIIRS
47.29987,33.68653,304.68,0.39,0.36,2026-08-08,23:52:00,N21,nominal,2.0NRT,290.39,0.96,N,VIIRS
47.30068,33.68153,314.46,0.39,0.36,2026-08-08,23:52:00,N21,nominal,2.0NRT,290.6,0.95,N,VIIRS
47.30393,33.68267,303.39,0.39,0.36,2026-08-08,23:52:00,N21,nominal,2.0NRT,290.52,0.75,N,VIIRS
47.30555,33.69382,314.38,0.39,0.36,2026-08-08,23:52:00,N21,nominal,2.0NRT,290.8,1.24,N,VIIRS
47.30961,33.68996,303.33,0.39,0.36,2026-08-08,23:52:00,N21,nominal,2.0NRT,290.55,0.73,N,VIIRS
47.32098,33.64108,303.91,0.39,0.36,2026-08-08,23:52:00,N21,nominal,2.0NRT,290.72,1.01,N,VIIRS
47.30388,33.76735,343.51,0.39,0.36,2026-08-08,23:52:00,N21,nominal,2.0NRT,291.9,4.65,N,VIIRS
47.33142,33.66238,317.55,0.39,0.36,2026-08-08,23:52:00,N21,nominal,2.0NRT,290.68,2.84,N,VIIRS
47.31997,33.75362,307.93,0.39,0.36,2026-08-08,23:52:00,N21,nominal,2.0NRT,290.33,0.72,N,VIIRS
47.33791,33.68583,301.49,0.39,0.36,2026-08-08,23:52:00,N21,nominal,2.0NRT,289.69,0.56,N,VIIRS
47.35741,33.5869,318.25,0.39,0.36,2026-08-08,23:52:00,N21,nominal,2.0NRT,290.34,1.1,N,VIIRS
47.33949,33.73933,306.76,0.39,0.36,2026-08-08,23:52:00,N21,nominal,2.0NRT,290.33,1.19,N,VIIRS
47.3704,33.59145,304.17,0.39,0.36,2026-08-08,23:52:00,N21,nominal,2.0NRT,290.26,0.74,N,VIIRS
47.37121,33.58645,329.16,0.39,0.36,2026-08-08,23:52:00,N21,nominal,2.0NRT,290.82,2.88,N,VIIRS
46.9653,35.98526,307.83,0.42,0.38,2026-08-08,23:52:00,N21,nominal,2.0NRT,292.02,1.2,N,VIIRS
46.96964,35.98125,305.34,0.42,0.38,2026-08-08,23:52:00,N21,nominal,2.0NRT,291.71,0.88,N,VIIRS
46.97299,35.98259,337.27,0.42,0.38,2026-08-08,23:52:00,N21,nominal,2.0NRT,294.39,7.71,N,VIIRS
46.97634,35.98392,312,0.42,0.38,2026-08-08,23:52:00,N21,nominal,2.0NRT,291.3,7.71,N,VIIRS
47.42445,33.38314,327.68,0.38,0.36,2026-08-08,23:52:00,N21,nominal,2.0NRT,290.88,3.03,N,VIIRS
47.41013,33.53662,310.08,0.38,0.36,2026-08-08,23:52:00,N21,nominal,2.0NRT,290.14,1.22,N,VIIRS
47.41174,33.52662,328.77,0.38,0.36,2026-08-08,23:52:00,N21,nominal,2.0NRT,290.63,2.9,N,VIIRS
47.41337,33.53776,309.67,0.38,0.36,2026-08-08,23:52:00,N21,nominal,2.0NRT,289.93,1.22,N,VIIRS
47.41499,33.52775,328.01,0.38,0.36,2026-08-08,23:52:00,N21,nominal,2.0NRT,290.81,2.9,N,VIIRS
47.41823,33.52888,312.17,0.38,0.36,2026-08-08,23:52:00,N21,nominal,2.0NRT,290.02,1.36,N,VIIRS
47.41908,33.56619,316.88,0.38,0.36,2026-08-08,23:52:00,N21,nominal,2.0NRT,290.66,0.98,N,VIIRS
47.13905,35.30207,313.21,0.4,0.37,2026-08-08,23:52:00,N21,nominal,2.0NRT,290.8,0.9,N,VIIRS
47.14235,35.30334,305.72,0.4,0.37,2026-08-08,23:52:00,N21,nominal,2.0NRT,290.32,0.9,N,VIIRS
47.44016,33.54184,315.45,0.38,0.36,2026-08-08,23:52:00,N21,nominal,2.0NRT,290.34,2.01,N,VIIRS
47.44096,33.53683,310.48,0.38,0.36,2026-08-08,23:52:00,N21,nominal,2.0NRT,290.5,0.99,N,VIIRS
47.44341,33.54297,305.76,0.38,0.36,2026-08-08,23:52:00,N21,nominal,2.0NRT,290.2,0.62,N,VIIRS
48.62379,25.91551,299.82,0.39,0.44,2026-08-08,23:52:00,N21,nominal,2.0NRT,286.16,0.64,N,VIIRS
48.62414,25.91687,304.85,0.39,0.44,2026-08-08,23:52:00,N21,nominal,2.0NRT,286.12,0.78,N,VIIRS
48.62817,25.91769,309.73,0.39,0.44,2026-08-08,23:52:00,N21,nominal,2.0NRT,285.91,1.08,N,VIIRS
48.62864,25.91234,301.87,0.39,0.44,2026-08-08,23:52:00,N21,nominal,2.0NRT,285.91,0.9,N,VIIRS
47.94174,32.57013,299.1,0.39,0.36,2026-08-08,23:52:00,N21,nominal,2.0NRT,287.91,0.38,N,VIIRS
47.19904,37.28748,301.34,0.45,0.39,2026-08-08,23:52:00,N21,nominal,2.0NRT,286.43,0.94,N,VIIRS
47.30999,36.88514,312.28,0.44,0.38,2026-08-08,23:52:00,N21,nominal,2.0NRT,290.6,1.6,N,VIIRS
47.31075,36.88694,310.5,0.44,0.38,2026-08-08,23:52:00,N21,nominal,2.0NRT,290.26,1.63,N,VIIRS
47.31526,36.88271,309.18,0.44,0.38,2026-08-08,23:52:00,N21,nominal,2.0NRT,290.71,1.48,N,VIIRS
47.11172,37.94284,310,0.47,0.4,2026-08-08,23:52:00,N21,nominal,2.0NRT,287.06,4.15,N,VIIRS
47.11401,37.95044,303.16,0.47,0.4,2026-08-08,23:52:00,N21,nominal,2.0NRT,290.3,4.15,N,VIIRS
47.11525,37.94438,336.55,0.47,0.4,2026-08-08,23:52:00,N21,nominal,2.0NRT,287.17,4.15,N,VIIRS
47.23981,37.49538,305.39,0.46,0.39,2026-08-08,23:52:00,N21,nominal,2.0NRT,291.12,1.27,N,VIIRS
47.24329,37.49686,317.93,0.46,0.39,2026-08-08,23:52:00,N21,nominal,2.0NRT,291.47,1.27,N,VIIRS
47.24327,37.59196,315.14,0.46,0.39,2026-08-08,23:52:00,N21,nominal,2.0NRT,291.73,1.73,N,VIIRS
47.46571,36.71762,298.91,0.43,0.38,2026-08-08,23:52:00,N21,nominal,2.0NRT,288.6,0.44,N,VIIRS
47.46824,36.74259,301.49,0.43,0.38,2026-08-08,23:52:00,N21,nominal,2.0NRT,288.37,0.39,N,VIIRS
47.34021,37.51381,310.66,0.46,0.39,2026-08-08,23:52:00,N21,nominal,2.0NRT,291.28,1.07,N,VIIRS
47.33905,37.5386,303.21,0.46,0.39,2026-08-08,23:52:00,N21,nominal,2.0NRT,291.14,0.69,N,VIIRS
47.34021,37.53275,302.33,0.46,0.39,2026-08-08,23:52:00,N21,nominal,2.0NRT,291.76,0.69,N,VIIRS
47.34368,37.51527,314.64,0.46,0.39,2026-08-08,23:52:00,N21,nominal,2.0NRT,291.83,1.07,N,VIIRS
47.342529999999996,37.52109,321.44,0.46,0.39,2026-08-08,23:52:00,N21,nominal,2.0NRT,292.01,3.82,N,VIIRS
47.35988,37.54739,303.68,0.46,0.39,2026-08-08,23:52:00,N21,nominal,2.0NRT,292.2,0.74,N,VIIRS
47.3645,37.54305,303.56,0.46,0.39,2026-08-08,23:52:00,N21,nominal,2.0NRT,291.94,9.91,N,VIIRS
47.36335,37.54888,322.1,0.46,0.39,2026-08-08,23:52:00,N21,nominal,2.0NRT,297.32,9.91,N,VIIRS
47.36682,37.55035,302.42,0.46,0.39,2026-08-08,23:52:00,N21,nominal,2.0NRT,291.74,9.91,N,VIIRS
47.39561,37.48035,303.52,0.45,0.39,2026-08-08,23:52:00,N21,nominal,2.0NRT,287.97,0.36,N,VIIRS
47.40034,37.55196,303.24,0.46,0.39,2026-08-08,23:52:00,N21,nominal,2.0NRT,291.27,0.68,N,VIIRS
47.40266,37.55929,311.24,0.46,0.39,2026-08-08,23:52:00,N21,nominal,2.0NRT,291.65,1.31,N,VIIRS
47.40495,37.54758,304.06,0.46,0.39,2026-08-08,23:52:00,N21,nominal,2.0NRT,291.19,0.68,N,VIIRS
47.40162,37.55909,312.1,0.46,0.39,2026-08-08,23:52:00,N21,nominal,2.0NRT,291.75,0.86,N,VIIRS
47.40279,37.55325,303.69,0.46,0.39,2026-08-08,23:52:00,N21,nominal,2.0NRT,291.31,0.86,N,VIIRS
47.40742,37.54888,304.3,0.46,0.39,2026-08-08,23:52:00,N21,nominal,2.0NRT,291.32,0.78,N,VIIRS
47.51587,37.01708,329.48,0.44,0.38,2026-08-08,23:52:00,N21,nominal,2.0NRT,291.78,4.47,N,VIIRS
47.51927,37.01853,331.48,0.44,0.38,2026-08-08,23:52:00,N21,nominal,2.0NRT,292.47,5.18,N,VIIRS
47.52377,37.01435,300.16,0.44,0.38,2026-08-08,23:52:00,N21,nominal,2.0NRT,289.26,1.07,N,VIIRS
47.52268,37.01999,325.99,0.44,0.38,2026-08-08,23:52:00,N21,nominal,2.0NRT,289.97,5.18,N,VIIRS
47.52608,37.02144,318.73,0.44,0.38,2026-08-08,23:52:00,N21,nominal,2.0NRT,289.21,1.41,N,VIIRS
47.52717,37.01581,310.53,0.44,0.38,2026-08-08,23:52:00,N21,nominal,2.0NRT,289.6,2.01,N,VIIRS
47.39862,37.76258,312.45,0.46,0.39,2026-08-08,23:52:00,N21,nominal,2.0NRT,291.82,1.53,N,VIIRS
48.23423,33.19313,301.49,0.38,0.36,2026-08-08,23:52:00,N21,nominal,2.0NRT,288.62,0.78,N,VIIRS
47.42298,37.79241,315.16,0.46,0.39,2026-08-08,23:52:00,N21,nominal,2.0NRT,291.85,1.55,N,VIIRS
47.42416,37.78648,303.37,0.46,0.39,2026-08-08,23:52:00,N21,nominal,2.0NRT,291.16,1.1,N,VIIRS
47.48014,37.50407,302.25,0.45,0.39,2026-08-08,23:52:00,N21,nominal,2.0NRT,290.72,0.47,N,VIIRS
48.23984,33.17901,302.92,0.38,0.36,2026-08-08,23:52:00,N21,nominal,2.0NRT,288.58,0.58,N,VIIRS
47.42765,37.78802,318.36,0.46,0.39,2026-08-08,23:52:00,N21,nominal,2.0NRT,291.58,1.19,N,VIIRS
47.42646,37.79395,321.04,0.46,0.39,2026-08-08,23:52:00,N21,nominal,2.0NRT,291.98,2.62,N,VIIRS
47.42877,37.8014,312,0.46,0.39,2026-08-08,23:52:00,N21,nominal,2.0NRT,290.77,2.62,N,VIIRS
47.43113,37.78959,306.82,0.46,0.39,2026-08-08,23:52:00,N21,nominal,2.0NRT,291.08,1.19,N,VIIRS
47.43348,37.77777,320.6,0.46,0.39,2026-08-08,23:52:00,N21,nominal,2.0NRT,291.22,3.01,N,VIIRS
47.44965,37.81083,306.6,0.46,0.39,2026-08-08,23:52:00,N21,nominal,2.0NRT,290.33,0.77,N,VIIRS
47.45081,37.80495,302.14,0.46,0.39,2026-08-08,23:52:00,N21,nominal,2.0NRT,290.28,0.77,N,VIIRS
47.59637,37.15715,304.54,0.44,0.38,2026-08-08,23:52:00,N21,nominal,2.0NRT,289.69,0.46,N,VIIRS
47.55827,37.35127,325.87,0.45,0.39,2026-08-08,23:52:00,N21,nominal,2.0NRT,291.46,5.9,N,VIIRS
47.56171,37.35272,340.02,0.45,0.39,2026-08-08,23:52:00,N21,nominal,2.0NRT,292.19,5.9,N,VIIRS
47.56516,37.35418,325.18,0.45,0.39,2026-08-08,23:52:00,N21,nominal,2.0NRT,290.96,2.84,N,VIIRS
47.54812,37.45932,300.76,0.45,0.39,2026-08-08,23:52:00,N21,nominal,2.0NRT,287.92,0.55,N,VIIRS
47.54926,37.45355,311.58,0.45,0.39,2026-08-08,23:52:00,N21,nominal,2.0NRT,289.27,1.69,N,VIIRS
47.55157,37.46082,301.94,0.45,0.39,2026-08-08,23:52:00,N21,nominal,2.0NRT,284.85,1.03,N,VIIRS
47.55271,37.45504,324.05,0.45,0.39,2026-08-08,23:52:00,N21,nominal,2.0NRT,289.39,2.91,N,VIIRS
47.55501,37.46232,302.2,0.45,0.39,2026-08-08,23:52:00,N21,nominal,2.0NRT,287.03,1.03,N,VIIRS
47.6332,37.06267,310.22,0.44,0.38,2026-08-08,23:52:00,N21,nominal,2.0NRT,289.26,1.37,N,VIIRS
47.63429,37.05703,309.33,0.44,0.38,2026-08-08,23:52:00,N21,nominal,2.0NRT,290.05,1.57,N,VIIRS
47.55616,37.45654,328.17,0.45,0.39,2026-08-08,23:52:00,N21,nominal,2.0NRT,290.13,2.91,N,VIIRS
47.8034,37.15999,317.88,0.44,0.38,2026-08-08,23:52:00,N21,nominal,2.0NRT,290.3,1.96,N,VIIRS
47.81579,37.15299,302.13,0.44,0.38,2026-08-08,23:52:00,N21,nominal,2.0NRT,289.53,0.53,N,VIIRS
47.81647,37.15398,311.1,0.44,0.38,2026-08-08,23:52:00,N21,nominal,2.0NRT,289.75,1.12,N,VIIRS
47.81988,37.15541,303.09,0.44,0.38,2026-08-08,23:52:00,N21,nominal,2.0NRT,289.61,1.01,N,VIIRS
47.85113,37.548,310.97,0.45,0.39,2026-08-08,23:52:00,N21,nominal,2.0NRT,290.95,1.28,N,VIIRS
47.85,37.55378,322.32,0.45,0.39,2026-08-08,23:52:00,N21,nominal,2.0NRT,291.25,2.82,N,VIIRS
47.85062,37.54921,313.86,0.45,0.39,2026-08-08,23:52:00,N21,nominal,2.0NRT,291.06,1.95,N,VIIRS
47.84948,37.55497,320.84,0.45,0.39,2026-08-08,23:52:00,N21,nominal,2.0NRT,291.31,1.95,N,VIIRS
47.87804,37.467,303.67,0.45,0.39,2026-08-08,23:52:00,N21,nominal,2.0NRT,290.38,0.96,N,VIIRS
47.88147,37.46849,307.88,0.45,0.39,2026-08-08,23:52:00,N21,nominal,2.0NRT,290.22,0.96,N,VIIRS
48.63921,33.54787,307.41,0.38,0.36,2026-08-08,23:52:00,N21,nominal,2.0NRT,288.57,0.67,N,VIIRS
