latitude,longitude,bright_ti4,scan,track,acq_date,acq_time,satellite,confidence,version,bright_ti5,frp,daynight,instrument
49.39938,37.57175,303.59,0.53,0.42,2026-07-02,00:01:00,N21,nominal,2.0NRT,287.98,0.96,N,VIIRS
49.39836,37.57131,310.97,0.53,0.42,2026-07-02,00:01:00,N21,nominal,2.0NRT,288.74,1.56,N,VIIRS
50.93694,30.00875,301.16,0.39,0.36,2026-07-02,00:01:00,N21,nominal,2.0NRT,289.68,0.69,N,VIIRS
50.17728,34.7617,313.43,0.42,0.38,2026-07-02,00:01:00,N21,nominal,2.0NRT,289.13,0.74,N,VIIRS
49.81302,36.62575,310.39,0.48,0.4,2026-07-02,00:01:00,N21,nominal,2.0NRT,287.9,0.91,N,VIIRS
50.30769,34.50669,308.62,0.42,0.37,2026-07-02,00:01:00,N21,nominal,2.0NRT,290.27,0.76,N,VIIRS
49.70076,37.59462,304.64,0.52,0.42,2026-07-02,00:01:00,N21,nominal,2.0NRT,288.76,1.22,N,VIIRS
50.58683,33.38285,298.25,0.4,0.37,2026-07-02,00:01:00,N21,nominal,2.0NRT,287.86,0.63,N,VIIRS
49.76569,37.5744,305.45,0.52,0.42,2026-07-02,00:01:00,N21,nominal,2.0NRT,289.5,1.27,N,VIIRS
51.17059,29.97988,300.51,0.39,0.36,2026-07-02,00:01:00,N21,nominal,2.0NRT,288.06,0.58,N,VIIRS
51.14315,30.19572,318.09,0.39,0.36,2026-07-02,00:01:00,N21,nominal,2.0NRT,288.96,11.22,N,VIIRS
51.17308,29.98656,303.55,0.39,0.36,2026-07-02,00:01:00,N21,nominal,2.0NRT,287.72,0.4,N,VIIRS
51.14394,30.19024,331.17,0.39,0.36,2026-07-02,00:01:00,N21,nominal,2.0NRT,292.51,5.09,N,VIIRS
51.14472,30.18476,328.77,0.39,0.36,2026-07-02,00:01:00,N21,nominal,2.0NRT,291.68,5.09,N,VIIRS
51.148,30.18594,305.07,0.39,0.36,2026-07-02,00:01:00,N21,nominal,2.0NRT,291.96,5.09,N,VIIRS
51.14879,30.18045,317.51,0.39,0.36,2026-07-02,00:01:00,N21,nominal,2.0NRT,291.74,2.03,N,VIIRS
51.14642,30.19691,338.09,0.39,0.36,2026-07-02,00:01:00,N21,nominal,2.0NRT,306.96,11.22,N,VIIRS
51.14721,30.19142,334.59,0.39,0.36,2026-07-02,00:01:00,N21,nominal,2.0NRT,300.9,5.09,N,VIIRS
51.1489,30.20358,343.91,0.39,0.36,2026-07-02,00:01:00,N21,nominal,2.0NRT,298.78,5.24,N,VIIRS
51.14969,30.19809,338.08,0.39,0.36,2026-07-02,00:01:00,N21,nominal,2.0NRT,303.02,5.24,N,VIIRS
50.49481,30.47646,329.11,0.39,0.36,2026-07-02,00:01:00,N21,nominal,2.0NRT,296.22,5.27,N,VIIRS
48.92113,38.68366,301.29,0.4,0.44,2026-07-02,00:01:00,N21,nominal,2.0NRT,288.36,0.94,N,VIIRS
48.91846,38.67648,302.67,0.4,0.44,2026-07-02,00:01:00,N21,nominal,2.0NRT,289.11,0.94,N,VIIRS
48.91728,38.68161,307.4,0.4,0.44,2026-07-02,00:01:00,N21,nominal,2.0NRT,288.93,0.94,N,VIIRS
50.4583,30.445,313.22,0.39,0.36,2026-07-02,00:01:00,N21,nominal,2.0NRT,293.14,1.35,N,VIIRS
50.4575,30.45034,302.98,0.39,0.36,2026-07-02,00:01:00,N21,nominal,2.0NRT,291.84,0.84,N,VIIRS
50.44389,30.51855,328.63,0.39,0.36,2026-07-02,00:01:00,N21,nominal,2.0NRT,293.84,1.66,N,VIIRS
50.45664,30.43314,304.59,0.39,0.36,2026-07-02,00:01:00,N21,nominal,2.0NRT,292.92,0.82,N,VIIRS
50.44468,30.51323,305.54,0.39,0.36,2026-07-02,00:01:00,N21,nominal,2.0NRT,292.51,1.66,N,VIIRS
50.45338,30.43195,304.96,0.39,0.36,2026-07-02,00:01:00,N21,nominal,2.0NRT,292.31,0.52,N,VIIRS
48.9763,38.17912,298.35,0.57,0.43,2026-07-02,00:01:00,N21,nominal,2.0NRT,287.87,1,N,VIIRS
48.97253,38.17713,301.51,0.57,0.43,2026-07-02,00:01:00,N21,nominal,2.0NRT,288.01,1,N,VIIRS
50.40004,30.51374,327.67,0.39,0.36,2026-07-02,00:01:00,N21,nominal,2.0NRT,292.89,2.38,N,VIIRS
48.98754,37.81015,307.12,0.55,0.43,2026-07-02,00:01:00,N21,nominal,2.0NRT,289.28,1.83,N,VIIRS
48.86973,38.07428,298.15,0.57,0.43,2026-07-02,00:01:00,N21,nominal,2.0NRT,287.13,0.65,N,VIIRS
49.39572,37.56983,325.45,0.53,0.42,2026-07-02,00:01:00,N21,nominal,2.0NRT,289.67,3.59,N,VIIRS
51.15049,30.1926,328.73,0.39,0.36,2026-07-02,00:01:00,N21,nominal,2.0NRT,298.73,4.53,N,VIIRS
51.15218,30.20476,327.59,0.39,0.36,2026-07-02,00:01:00,N21,nominal,2.0NRT,289.44,5.24,N,VIIRS
51.15296,30.19928,327.25,0.39,0.36,2026-07-02,00:01:00,N21,nominal,2.0NRT,295.28,5.24,N,VIIRS
51.15544,30.20595,299.62,0.39,0.36,2026-07-02,00:01:00,N21,nominal,2.0NRT,287.86,1.52,N,VIIRS
51.1594,30.17851,305.56,0.39,0.36,2026-07-02,00:01:00,N21,nominal,2.0NRT,291.62,1.31,N,VIIRS
51.15623,30.20046,328.64,0.39,0.36,2026-07-02,00:01:00,N21,nominal,2.0NRT,296.44,1.52,N,VIIRS
51.16019,30.17302,326.44,0.39,0.36,2026-07-02,00:01:00,N21,nominal,2.0NRT,291.43,2.54,N,VIIRS
51.15951,30.20165,303.87,0.39,0.36,2026-07-02,00:01:00,N21,nominal,2.0NRT,290.17,1.52,N,VIIRS
51.16188,30.18518,305.72,0.39,0.36,2026-07-02,00:01:00,N21,nominal,2.0NRT,291.78,1.31,N,VIIRS
51.16268,30.17969,316.25,0.39,0.36,2026-07-02,00:01:00,N21,nominal,2.0NRT,291.89,1.31,N,VIIRS
51.16437,30.19186,302.98,0.39,0.36,2026-07-02,00:01:00,N21,nominal,2.0NRT,292.31,1.82,N,VIIRS
51.16516,30.18637,306.47,0.39,0.36,2026-07-02,00:01:00,N21,nominal,2.0NRT,292.28,2.78,N,VIIRS
51.16764,30.19305,319,0.39,0.36,2026-07-02,00:01:00,N21,nominal,2.0NRT,293.39,1.82,N,VIIRS
51.16843,30.18756,334.43,0.39,0.36,2026-07-02,00:01:00,N21,nominal,2.0NRT,295.9,2.78,N,VIIRS
51.18328,30.19993,314.23,0.39,0.36,2026-07-02,00:01:00,N21,nominal,2.0NRT,293.06,2.39,N,VIIRS
51.18655,30.20111,328.26,0.39,0.36,2026-07-02,00:01:00,N21,nominal,2.0NRT,294.13,2.39,N,VIIRS
51.18734,30.19561,321.39,0.39,0.36,2026-07-02,00:01:00,N21,nominal,2.0NRT,291.96,2.39,N,VIIRS
51.18825,30.21328,308.21,0.39,0.36,2026-07-02,00:01:00,N21,nominal,2.0NRT,291.27,1.23,N,VIIRS
50.31225,35.80293,301.68,0.45,0.39,2026-07-02,00:01:00,N21,nominal,2.0NRT,288.14,0.75,N,VIIRS
50.33317,35.75362,302.85,0.45,0.39,2026-07-02,00:01:00,N21,nominal,2.0NRT,288.24,2.05,N,VIIRS
51.24778,30.39668,304.83,0.39,0.36,2026-07-02,00:01:00,N21,nominal,2.0NRT,290.7,1.05,N,VIIRS
51.24858,30.3912,313.74,0.39,0.36,2026-07-02,00:01:00,N21,nominal,2.0NRT,291.44,1.05,N,VIIRS
51.35198,30.24498,303.42,0.39,0.36,2026-07-02,00:01:00,N21,nominal,2.0NRT,293.04,1.57,N,VIIRS
51.35278,30.23947,312.83,0.39,0.36,2026-07-02,00:01:00,N21,nominal,2.0NRT,295.49,1.57,N,VIIRS
51.36507,30.24977,302.07,0.39,0.36,2026-07-02,00:01:00,N21,nominal,2.0NRT,290.62,0.65,N,VIIRS
51.38383,30.23917,312.45,0.39,0.36,2026-07-02,00:01:00,N21,nominal,2.0NRT,290.93,1.53,N,VIIRS
51.38462,30.23365,314.32,0.39,0.36,2026-07-02,00:01:00,N21,nominal,2.0NRT,290.1,1.14,N,VIIRS
51.39356,30.21947,303.13,0.39,0.36,2026-07-02,00:01:00,N21,nominal,2.0NRT,289.64,0.69,N,VIIRS
51.46668,30.01473,314.15,0.39,0.36,2026-07-02,00:01:00,N21,nominal,2.0NRT,290.96,2.39,N,VIIRS
51.21306,33.97461,301.12,0.4,0.37,2026-07-02,00:01:00,N21,nominal,2.0NRT,290.02,0.71,N,VIIRS
51.0663,34.92146,314.16,0.42,0.37,2026-07-02,00:01:00,N21,nominal,2.0NRT,287.98,1.33,N,VIIRS
51.06736,34.91574,306.99,0.42,0.37,2026-07-02,00:01:00,N21,nominal,2.0NRT,288.95,1.15,N,VIIRS
51.06713,34.91621,327.84,0.42,0.37,2026-07-02,00:01:00,N21,nominal,2.0NRT,289.67,2.87,N,VIIRS
51.15821,34.5811,298.6,0.41,0.37,2026-07-02,00:01:00,N21,nominal,2.0NRT,288.36,0.64,N,VIIRS
51.27334,34.20152,317.77,0.4,0.37,2026-07-02,00:01:00,N21,nominal,2.0NRT,287.99,1.69,N,VIIRS
51.91947,30.89671,303.57,0.39,0.36,2026-07-02,00:01:00,N21,nominal,2.0NRT,289.23,0.72,N,VIIRS
48.54859,37.14406,299.31,0.53,0.42,2026-07-02,00:03:00,N21,nominal,2.0NRT,287.02,0.78,N,VIIRS
47.15084,33.70664,334.78,0.44,0.38,2026-07-02,00:03:00,N21,nominal,2.0NRT,292.42,7.92,N,VIIRS
47.15401,33.68996,305.45,0.43,0.38,2026-07-02,00:03:00,N21,nominal,2.0NRT,290.19,1.46,N,VIIRS
47.05415,33.61095,311.39,0.43,0.38,2026-07-02,00:03:00,N21,nominal,2.0NRT,290.69,1.46,N,VIIRS
46.98684,33.73307,322.55,0.44,0.38,2026-07-02,00:03:00,N21,nominal,2.0NRT,291.12,3.08,N,VIIRS
46.98237,33.73723,331.32,0.44,0.38,2026-07-02,00:03:00,N21,nominal,2.0NRT,292.1,3.08,N,VIIRS
46.98129,33.7428,326.93,0.44,0.38,2026-07-02,00:03:00,N21,nominal,2.0NRT,290.56,3.15,N,VIIRS
46.87714,33.25396,303.64,0.43,0.38,2026-07-02,00:03:00,N21,nominal,2.0NRT,291.41,0.75,N,VIIRS
46.80396,33.52505,318,0.43,0.38,2026-07-02,00:03:00,N21,nominal,2.0NRT,291.26,1.68,N,VIIRS
46.86068,33.20657,308.66,0.43,0.38,2026-07-02,00:03:00,N21,nominal,2.0NRT,290.64,0.93,N,VIIRS
46.85731,33.20522,332.41,0.43,0.38,2026-07-02,00:03:00,N21,nominal,2.0NRT,292.38,3.77,N,VIIRS
46.75981,33.71664,303.75,0.44,0.38,2026-07-02,00:03:00,N21,nominal,2.0NRT,290.2,1.16,N,VIIRS
46.8332,32.95079,309.58,0.42,0.38,2026-07-02,00:03:00,N21,nominal,2.0NRT,291.18,0.87,N,VIIRS
46.82887,32.95481,326.16,0.42,0.38,2026-07-02,00:03:00,N21,nominal,2.0NRT,291.44,1.29,N,VIIRS
46.82552,32.95349,305.81,0.42,0.38,2026-07-02,00:03:00,N21,nominal,2.0NRT,290.82,1.29,N,VIIRS
46.73421,33.30622,314.53,0.43,0.38,2026-07-02,00:03:00,N21,nominal,2.0NRT,293.61,1.18,N,VIIRS
46.76478,32.83682,302.67,0.42,0.38,2026-07-02,00:03:00,N21,nominal,2.0NRT,292.15,0.47,N,VIIRS
46.69011,32.91059,302.35,0.42,0.38,2026-07-02,00:03:00,N21,nominal,2.0NRT,292.11,0.89,N,VIIRS
46.68912,32.91593,308.89,0.42,0.38,2026-07-02,00:03:00,N21,nominal,2.0NRT,292.48,1.51,N,VIIRS
46.67315,33.00165,308.96,0.42,0.38,2026-07-02,00:03:00,N21,nominal,2.0NRT,293.38,1.35,N,VIIRS
46.68676,32.90928,308.71,0.42,0.38,2026-07-02,00:03:00,N21,nominal,2.0NRT,292.52,0.89,N,VIIRS
46.68079,32.68909,313.52,0.42,0.37,2026-07-02,00:03:00,N21,nominal,2.0NRT,293.26,1.25,N,VIIRS
46.61398,32.26915,304.14,0.41,0.37,2026-07-02,00:03:00,N21,nominal,2.0NRT,292.35,0.73,N,VIIRS
46.46947,32.43554,315.53,0.41,0.37,2026-07-02,00:03:00,N21,nominal,2.0NRT,292.04,1.47,N,VIIRS
47.33203,35.826,303.21,0.5,0.41,2026-07-02,00:03:00,N21,nominal,2.0NRT,287.37,0.94,N,VIIRS
46.47374,32.13752,307.96,0.41,0.37,2026-07-02,00:03:00,N21,nominal,2.0NRT,293.01,0.7,N,VIIRS
46.4699,32.11957,307.28,0.41,0.37,2026-07-02,00:03:00,N21,nominal,2.0NRT,293.12,0.88,N,VIIRS
46.46659,32.11833,320.52,0.41,0.37,2026-07-02,00:03:00,N21,nominal,2.0NRT,293.54,1.81,N,VIIRS
46.46474,32.12864,303.87,0.41,0.37,2026-07-02,00:03:00,N21,nominal,2.0NRT,292.91,0.63,N,VIIRS
45.36572,36.37187,300.55,0.39,0.44,2026-07-02,00:03:00,N21,nominal,2.0NRT,289.63,0.36,N,VIIRS
45.32476,36.29029,305.73,0.39,0.44,2026-07-02,00:03:00,N21,nominal,2.0NRT,291.38,0.84,N,VIIRS
45.3237,36.29503,304.42,0.39,0.44,2026-07-02,00:03:00,N21,nominal,2.0NRT,291.12,0.84,N,VIIRS
46.45557,30.31048,306.15,0.39,0.36,2026-07-02,00:03:00,N21,nominal,2.0NRT,292.95,0.69,N,VIIRS
44.7713,33.85938,309.01,0.48,0.4,2026-07-02,00:03:00,N21,nominal,2.0NRT,292.39,1.64,N,VIIRS
47.32034,35.80648,305.02,0.5,0.41,2026-07-02,00:03:00,N21,nominal,2.0NRT,288.32,1.41,N,VIIRS
47.19908,36.05503,334.47,0.52,0.41,2026-07-02,00:03:00,N21,nominal,2.0NRT,289.85,6.01,N,VIIRS
48.97445,24.70991,311.85,0.51,0.41,2026-07-02,00:03:00,N21,nominal,2.0NRT,293.51,2.74,N,VIIRS
47.86535,32.57147,305.45,0.4,0.37,2026-07-02,00:03:00,N21,nominal,2.0NRT,291.62,0.92,N,VIIRS
47.75966,33.0576,330.49,0.41,0.37,2026-07-02,00:03:00,N21,nominal,2.0NRT,290.59,5.35,N,VIIRS
47.26031,35.24343,323.16,0.48,0.4,2026-07-02,00:03:00,N21,nominal,2.0NRT,290.47,3.43,N,VIIRS
47.38921,34.16854,301.06,0.44,0.39,2026-07-02,00:03:00,N21,nominal,2.0NRT,291.02,0.83,N,VIIRS
47.30786,33.95465,306.96,0.44,0.38,2026-07-02,00:03:00,N21,nominal,2.0NRT,291.7,1.19,N,VIIRS
47.50406,32.30737,302.92,0.4,0.37,2026-07-02,00:03:00,N21,nominal,2.0NRT,290.95,0.54,N,VIIRS
46.88773,35.40182,305.65,0.5,0.41,2026-07-02,00:03:00,N21,nominal,2.0NRT,291.39,1.84,N,VIIRS
47.15741,33.69136,316.44,0.43,0.38,2026-07-02,00:03:00,N21,nominal,2.0NRT,290.86,1.46,N,VIIRS
47.33698,35.82129,305.58,0.5,0.41,2026-07-02,00:03:00,N21,nominal,2.0NRT,286.96,1.15,N,VIIRS
47.84281,33.38353,314.15,0.42,0.38,2026-07-02,00:03:00,N21,nominal,2.0NRT,294.03,1.33,N,VIIRS
47.87155,33.38361,304.59,0.42,0.38,2026-07-02,00:03:00,N21,nominal,2.0NRT,293.78,0.98,N,VIIRS
47.86584,33.43396,326.3,0.42,0.38,2026-07-02,00:03:00,N21,nominal,2.0NRT,293.12,2.02,N,VIIRS
47.87957,33.39862,308.33,0.42,0.38,2026-07-02,00:03:00,N21,nominal,2.0NRT,294.38,1.54,N,VIIRS
47.62576,35.28783,309.46,0.48,0.4,2026-07-02,00:03:00,N21,nominal,2.0NRT,291.3,1.35,N,VIIRS
47.66937,35.12844,308.04,0.47,0.4,2026-07-02,00:03:00,N21,nominal,2.0NRT,290.99,0.88,N,VIIRS
47.67287,35.13002,303.38,0.47,0.4,2026-07-02,00:03:00,N21,nominal,2.0NRT,290.5,0.88,N,VIIRS
47.67025,35.12914,303.69,0.47,0.4,2026-07-02,00:03:00,N21,nominal,2.0NRT,290.51,2.39,N,VIIRS
47.67376,35.13071,307.9,0.47,0.4,2026-07-02,00:03:00,N21,nominal,2.0NRT,291.17,2.53,N,VIIRS
47.65115,35.25966,300.35,0.48,0.4,2026-07-02,00:03:00,N21,nominal,2.0NRT,289.4,1.02,N,VIIRS
47.36146,36.67648,325.06,0.54,0.42,2026-07-02,00:03:00,N21,nominal,2.0NRT,287.69,4.45,N,VIIRS
47.62704,35.47003,304.9,0.48,0.4,2026-07-02,00:03:00,N21,nominal,2.0NRT,287.99,1.04,N,VIIRS
47.62832,35.46384,303.65,0.48,0.4,2026-07-02,00:03:00,N21,nominal,2.0NRT,288.65,1.04,N,VIIRS
47.7228,35.15269,308.17,0.47,0.4,2026-07-02,00:03:00,N21,nominal,2.0NRT,294.77,1.33,N,VIIRS
47.72403,35.14663,305.65,0.47,0.4,2026-07-02,00:03:00,N21,nominal,2.0NRT,293.95,1.33,N,VIIRS
47.72631,35.15425,306.57,0.47,0.4,2026-07-02,00:03:00,N21,nominal,2.0NRT,292.27,1.33,N,VIIRS
47.72753,35.1482,309.9,0.47,0.4,2026-07-02,00:03:00,N21,nominal,2.0NRT,293.49,1.33,N,VIIRS
47.75647,35.19423,310.06,0.47,0.4,2026-07-02,00:03:00,N21,nominal,2.0NRT,289.7,1.2,N,VIIRS
47.64613,35.87855,297.94,0.5,0.41,2026-07-02,00:03:00,N21,nominal,2.0NRT,287.1,0.6,N,VIIRS
49.52819,23.60449,306.36,0.57,0.43,2026-07-02,00:03:00,N21,nominal,2.0NRT,289.55,2.83,N,VIIRS
47.85999,35.1413,310.66,0.47,0.4,2026-07-02,00:03:00,N21,nominal,2.0NRT,295.36,2.04,N,VIIRS
47.86577,35.15044,309.73,0.47,0.4,2026-07-02,00:03:00,N21,nominal,2.0NRT,296.17,2.4,N,VIIRS
47.86926,35.15202,305.23,0.47,0.4,2026-07-02,00:03:00,N21,nominal,2.0NRT,293.6,2.4,N,VIIRS
47.86684,35.1641,328.46,0.47,0.4,2026-07-02,00:03:00,N21,nominal,2.0NRT,295.61,4.67,N,VIIRS
47.86805,35.15806,328.04,0.47,0.4,2026-07-02,00:03:00,N21,nominal,2.0NRT,296.61,2.4,N,VIIRS
47.87033,35.16566,321.63,0.47,0.4,2026-07-02,00:03:00,N21,nominal,2.0NRT,295.51,3.13,N,VIIRS
47.87624,35.1552,328.37,0.47,0.4,2026-07-02,00:03:00,N21,nominal,2.0NRT,296.28,9.75,N,VIIRS
47.87719,35.18855,304.51,0.47,0.4,2026-07-02,00:03:00,N21,nominal,2.0NRT,292.39,1.1,N,VIIRS
47.87811,35.19016,308.64,0.47,0.4,2026-07-02,00:03:00,N21,nominal,2.0NRT,292.35,1.31,N,VIIRS
48.80454,30.00926,324.22,0.39,0.36,2026-07-02,00:03:00,N21,nominal,2.0NRT,291.67,1.73,N,VIIRS
47.6517,36.3973,299.3,0.52,0.42,2026-07-02,00:03:00,N21,nominal,2.0NRT,288.26,1.55,N,VIIRS
49.32608,27.34791,327.79,0.42,0.38,2026-07-02,00:03:00,N21,nominal,2.0NRT,291.5,3.28,N,VIIRS
49.75734,23.70901,301.05,0.57,0.43,2026-07-02,00:03:00,N21,nominal,2.0NRT,280.66,1.23,N,VIIRS
49.91457,24.06589,298.21,0.55,0.43,2026-07-02,00:03:00,N21,nominal,2.0NRT,260.79,1.95,N,VIIRS
49.91846,24.06673,312.87,0.55,0.43,2026-07-02,00:03:00,N21,nominal,2.0NRT,261.51,1.95,N,VIIRS
49.91919,24.05911,309.2,0.55,0.43,2026-07-02,00:03:00,N21,nominal,2.0NRT,266.78,3.5,N,VIIRS
48.36879,35.09256,307.7,0.46,0.39,2026-07-02,00:03:00,N21,nominal,2.0NRT,292.81,1.42,N,VIIRS
48.47204,34.62803,313.8,0.44,0.39,2026-07-02,00:03:00,N21,nominal,2.0NRT,294.23,2.05,N,VIIRS
48.51963,34.63089,305.1,0.44,0.38,2026-07-02,00:03:00,N21,nominal,2.0NRT,292.35,0.8,N,VIIRS
48.53215,34.64273,307.18,0.44,0.38,2026-07-02,00:03:00,N21,nominal,2.0NRT,292.38,2.37,N,VIIRS
48.23322,36.66637,303.21,0.52,0.41,2026-07-02,00:03:00,N21,nominal,2.0NRT,290.49,1.21,N,VIIRS
48.05878,37.95571,314.71,0.39,0.44,2026-07-02,00:03:00,N21,nominal,2.0NRT,292.93,1.3,N,VIIRS
48.09774,37.92588,305.14,0.39,0.44,2026-07-02,00:03:00,N21,nominal,2.0NRT,290.74,1.09,N,VIIRS
48.40296,36.83123,311.19,0.52,0.42,2026-07-02,00:03:00,N21,nominal,2.0NRT,288.71,2.47,N,VIIRS
48.42229,37.11192,298.41,0.53,0.42,2026-07-02,00:03:00,N21,nominal,2.0NRT,288.32,0.27,N,VIIRS
48.44976,37.07945,300.52,0.53,0.42,2026-07-02,00:03:00,N21,nominal,2.0NRT,290.35,1.26,N,VIIRS
48.45413,37.09687,305.57,0.53,0.42,2026-07-02,00:03:00,N21,nominal,2.0NRT,289.01,1.76,N,VIIRS
48.53037,37.2276,315.83,0.54,0.42,2026-07-02,00:03:00,N21,nominal,2.0NRT,286.47,2.3,N,VIIRS
48.51348,37.73906,299.42,0.56,0.43,2026-07-02,00:03:00,N21,nominal,2.0NRT,288.21,0.75,N,VIIRS
48.63358,37.49707,304.27,0.55,0.42,2026-07-02,00:03:00,N21,nominal,2.0NRT,289.21,1.07,N,VIIRS
48.63524,37.49637,300.67,0.55,0.42,2026-07-02,00:03:00,N21,nominal,2.0NRT,289.12,1.15,N,VIIRS
50.54296,26.2593,322.1,0.47,0.4,2026-07-02,00:03:00,N21,nominal,2.0NRT,293.45,3.78,N,VIIRS
48.46316,38.75615,307.17,0.41,0.45,2026-07-02,00:03:00,N21,nominal,2.0NRT,292.41,1.42,N,VIIRS
48.46706,38.75827,311.73,0.41,0.45,2026-07-02,00:03:00,N21,nominal,2.0NRT,292.7,1.42,N,VIIRS
50.50151,27.44991,327.32,0.43,0.38,2026-07-02,00:03:00,N21,nominal,2.0NRT,289.56,3.02,N,VIIRS
51.15563,30.20578,303.08,0.79,0.78,2026-07-02,01:41:00,N21,nominal,2.0NRT,286.24,2.88,N,VIIRS
51.18515,30.19665,298.03,0.78,0.78,2026-07-02,01:41:00,N21,nominal,2.0NRT,286.92,2.19,N,VIIRS
51.18677,30.1979,297.84,0.78,0.78,2026-07-02,01:41:00,N21,nominal,2.0NRT,286.88,2.45,N,VIIRS
51.15142,30.20069,323.24,0.79,0.78,2026-07-02,01:41:00,N21,nominal,2.0NRT,288.23,8.41,N,VIIRS
51.14549,30.19422,350.98,0.79,0.78,2026-07-02,01:41:00,N21,nominal,2.0NRT,289.33,20.7,N,VIIRS
50.50235,27.44941,310.62,0.66,0.73,2026-07-02,01:43:00,N21,nominal,2.0NRT,286.65,2.48,N,VIIRS
50.49863,27.44362,310.59,0.66,0.73,2026-07-02,01:43:00,N21,nominal,2.0NRT,286.96,2.06,N,VIIRS
49.92215,24.06344,307.8,0.51,0.66,2026-07-02,01:43:00,N21,nominal,2.0NRT,286.51,2.55,N,VIIRS
49.91997,24.06981,314.54,0.51,0.66,2026-07-02,01:43:00,N21,nominal,2.0NRT,286.43,2.55,N,VIIRS
49.91678,24.05889,307.57,0.51,0.66,2026-07-02,01:43:00,N21,nominal,2.0NRT,286.96,2.55,N,VIIRS
49.9146,24.06524,308.43,0.51,0.66,2026-07-02,01:43:00,N21,nominal,2.0NRT,286.51,2.55,N,VIIRS
49.91979,24.06365,319.99,0.51,0.66,2026-07-02,01:43:00,N21,nominal,2.0NRT,287.88,6.22,N,VIIRS
49.91764,24.07004,314.29,0.51,0.66,2026-07-02,01:43:00,N21,nominal,2.0NRT,286.47,4.28,N,VIIRS
49.91444,24.05903,300.07,0.51,0.66,2026-07-02,01:43:00,N21,nominal,2.0NRT,286.35,1.92,N,VIIRS
49.75719,23.71226,303.17,0.5,0.66,2026-07-02,01:43:00,N21,nominal,2.0NRT,285.23,2.3,N,VIIRS
49.52606,23.60598,298.02,0.51,0.66,2026-07-02,01:43:00,N21,nominal,2.0NRT,286.25,1.84,N,VIIRS
48.97743,24.71231,298.72,0.59,0.7,2026-07-02,01:43:00,N21,nominal,2.0NRT,280,1.52,N,VIIRS
48.55113,37.14198,332.84,0.55,0.43,2026-07-02,09:49:00,N21,nominal,2.0NRT,303.03,5.5,D,VIIRS
48.67011,37.57822,339.56,0.53,0.42,2026-07-02,09:49:00,N21,nominal,2.0NRT,306.4,10.03,D,VIIRS
48.66866,37.57142,353.31,0.53,0.42,2026-07-02,09:49:00,N21,nominal,2.0NRT,310.81,10.03,D,VIIRS
47.11852,31.30631,345.67,0.35,0.57,2026-07-02,09:49:00,N21,nominal,2.0NRT,303.65,3.56,D,VIIRS
48.67377,37.57639,338.81,0.53,0.42,2026-07-02,09:49:00,N21,nominal,2.0NRT,305.5,101.32,D,VIIRS
48.67086,37.56273,334.21,0.53,0.42,2026-07-02,09:49:00,N21,low,2.0NRT,304.99,4.83,D,VIIRS
48.70083,37.64655,345.16,0.52,0.42,2026-07-02,09:49:00,N21,nominal,2.0NRT,304.33,13.48,D,VIIRS
48.673,37.57677,341.08,0.53,0.42,2026-07-02,09:49:00,N21,nominal,2.0NRT,306.41,23.92,D,VIIRS
48.67003,37.56316,335.34,0.53,0.42,2026-07-02,09:49:00,N21,low,2.0NRT,306,89.34,D,VIIRS
48.70039,37.64674,343.58,0.52,0.42,2026-07-02,09:49:00,N21,nominal,2.0NRT,303.92,13.79,D,VIIRS
48.93111,38.68444,342.16,0.48,0.4,2026-07-02,09:49:00,N21,low,2.0NRT,315.14,26.9,D,VIIRS
48.93464,38.68278,337.54,0.48,0.4,2026-07-02,09:49:00,N21,low,2.0NRT,310.05,26.9,D,VIIRS
48.93335,38.67649,349.45,0.48,0.4,2026-07-02,09:49:00,N21,nominal,2.0NRT,314.66,26.9,D,VIIRS
47.11947,31.30313,351.05,0.35,0.57,2026-07-02,09:49:00,N21,nominal,2.0NRT,306.08,8.49,D,VIIRS
48.84502,37.77637,337.95,0.51,0.41,2026-07-02,09:49:00,N21,nominal,2.0NRT,305.63,2.95,D,VIIRS
48.90244,38.02686,336.51,0.5,0.41,2026-07-02,09:49:00,N21,nominal,2.0NRT,308.47,5.71,D,VIIRS
48.97404,38.17957,342.1,0.49,0.41,2026-07-02,09:49:00,N21,low,2.0NRT,312.54,23.67,D,VIIRS
48.97268,38.17306,350.53,0.49,0.41,2026-07-02,09:49:00,N21,nominal,2.0NRT,317.67,23.67,D,VIIRS
48.97762,38.17786,339.32,0.49,0.41,2026-07-02,09:49:00,N21,low,2.0NRT,312.24,6.86,D,VIIRS
48.97626,38.17136,346.37,0.49,0.41,2026-07-02,09:49:00,N21,nominal,2.0NRT,306.97,6.86,D,VIIRS
48.95887,38.0503,347.68,0.5,0.41,2026-07-02,09:49:00,N21,nominal,2.0NRT,311.66,15.94,D,VIIRS
48.92838,37.90518,345.77,0.51,0.41,2026-07-02,09:49:00,N21,nominal,2.0NRT,315.24,16.22,D,VIIRS
48.95973,38.03552,338.13,0.5,0.41,2026-07-02,09:49:00,N21,low,2.0NRT,311.9,11.62,D,VIIRS
48.98606,38.12384,338.51,0.5,0.41,2026-07-02,09:49:00,N21,nominal,2.0NRT,305.87,3.1,D,VIIRS
47.86539,33.21191,342.11,0.55,0.51,2026-07-02,09:49:00,N21,nominal,2.0NRT,307.31,7.33,D,VIIRS
49.00973,38.04786,340.56,0.5,0.41,2026-07-02,09:49:00,N21,low,2.0NRT,311.69,6.31,D,VIIRS
49.01246,38.05202,344.88,0.5,0.41,2026-07-02,09:49:00,N21,nominal,2.0NRT,309.82,6.3,D,VIIRS
49.01107,38.04547,336.62,0.5,0.41,2026-07-02,09:49:00,N21,low,2.0NRT,308.69,6.3,D,VIIRS
49.01605,38.05031,351.88,0.5,0.41,2026-07-02,09:49:00,N21,nominal,2.0NRT,308.5,8.07,D,VIIRS
47.86308,33.21117,338.72,0.55,0.51,2026-07-02,09:49:00,N21,nominal,2.0NRT,307.17,6.85,D,VIIRS
48.96574,37.66379,334.02,0.52,0.41,2026-07-02,09:49:00,N21,low,2.0NRT,304.61,5.11,D,VIIRS
49.00634,37.70365,335.73,0.51,0.41,2026-07-02,09:49:00,N21,nominal,2.0NRT,304.01,4.63,D,VIIRS
49.04393,37.86274,336.03,0.51,0.41,2026-07-02,09:49:00,N21,low,2.0NRT,310.2,4.44,D,VIIRS
47.34261,34.75873,340.6,0.49,0.49,2026-07-02,09:49:00,N21,nominal,2.0NRT,305.91,8.48,D,VIIRS
47.50594,35.41614,336.38,0.46,0.47,2026-07-02,09:49:00,N21,low,2.0NRT,310.31,6.63,D,VIIRS
47.59047,35.76439,342.78,0.44,0.46,2026-07-02,09:49:00,N21,nominal,2.0NRT,305.99,7.28,D,VIIRS
47.65208,36.02178,343.48,0.43,0.46,2026-07-02,09:49:00,N21,nominal,2.0NRT,311.33,12.01,D,VIIRS
47.65335,36.02718,345.54,0.43,0.46,2026-07-02,09:49:00,N21,nominal,2.0NRT,309.53,12.01,D,VIIRS
47.58643,35.76643,346.13,0.44,0.46,2026-07-02,09:49:00,N21,nominal,2.0NRT,308.62,7.28,D,VIIRS
47.58778,35.772,341.01,0.44,0.46,2026-07-02,09:49:00,N21,nominal,2.0NRT,308.7,15.58,D,VIIRS
47.65462,36.02211,336.95,0.43,0.46,2026-07-02,09:49:00,N21,low,2.0NRT,309.45,9.49,D,VIIRS
47.01165,33.43109,342.08,0.57,0.52,2026-07-02,09:49:00,N21,low,2.0NRT,314.3,9.65,D,VIIRS
47.59162,35.77158,332.72,0.44,0.46,2026-07-02,09:49:00,N21,nominal,2.0NRT,307.55,9.14,D,VIIRS
47.65062,36.02407,347.44,0.43,0.46,2026-07-02,09:49:00,N21,nominal,2.0NRT,312.45,9.49,D,VIIRS
47.65188,36.02949,342.05,0.43,0.46,2026-07-02,09:49:00,N21,nominal,2.0NRT,308.5,8.87,D,VIIRS
47.59031,35.76598,367,0.44,0.46,2026-07-02,09:49:00,N21,high,2.0NRT,309.4,9.14,D,VIIRS
47.34333,34.75907,341.94,0.49,0.49,2026-07-02,09:49:00,N21,nominal,2.0NRT,306.61,5.53,D,VIIRS
47.58626,35.768,343.15,0.44,0.46,2026-07-02,09:49:00,N21,nominal,2.0NRT,309.79,11.8,D,VIIRS
46.53956,31.72742,337.99,0.35,0.57,2026-07-02,09:49:00,N21,nominal,2.0NRT,302.82,2.81,D,VIIRS
46.54075,31.73169,336.45,0.35,0.57,2026-07-02,09:49:00,N21,nominal,2.0NRT,301.24,2.94,D,VIIRS
46.19429,34.67352,341.58,0.53,0.5,2026-07-02,09:49:00,N21,nominal,2.0NRT,311.87,5.61,D,VIIRS
45.55463,32.99267,345.62,0.33,0.55,2026-07-02,09:49:00,N21,nominal,2.0NRT,311.68,3.95,D,VIIRS
45.22045,33.38644,335.93,0.32,0.55,2026-07-02,09:49:00,N21,low,2.0NRT,308.3,3.71,D,VIIRS
46.91721,33.11132,352.79,0.6,0.53,2026-07-02,09:49:00,N21,nominal,2.0NRT,308.1,9.89,D,VIIRS
46.91265,33.11387,346.5,0.6,0.53,2026-07-02,09:49:00,N21,nominal,2.0NRT,312.83,30.38,D,VIIRS
47.6649,36.14306,337.73,0.42,0.45,2026-07-02,09:49:00,N21,nominal,2.0NRT,306.99,9.89,D,VIIRS
47.47168,35.34417,337.91,0.46,0.47,2026-07-02,09:49:00,N21,low,2.0NRT,310.48,6.42,D,VIIRS
47.52924,35.58463,336.9,0.45,0.47,2026-07-02,09:49:00,N21,nominal,2.0NRT,307.92,3.81,D,VIIRS
47.53059,35.59031,342.41,0.45,0.47,2026-07-02,09:49:00,N21,nominal,2.0NRT,310.93,3.81,D,VIIRS
47.54266,35.64112,345.16,0.44,0.46,2026-07-02,09:49:00,N21,nominal,2.0NRT,310.89,6.86,D,VIIRS
47.58204,35.8076,345.4,0.44,0.46,2026-07-02,09:49:00,N21,nominal,2.0NRT,308.98,6.7,D,VIIRS
47.53862,35.64324,351.65,0.44,0.46,2026-07-02,09:49:00,N21,nominal,2.0NRT,309.45,6.94,D,VIIRS
47.54917,35.68769,343.02,0.44,0.46,2026-07-02,09:49:00,N21,nominal,2.0NRT,308.73,4.19,D,VIIRS
47.55043,35.69303,336.66,0.44,0.46,2026-07-02,09:49:00,N21,low,2.0NRT,309.67,4.19,D,VIIRS
47.57932,35.8152,342.43,0.44,0.46,2026-07-02,09:49:00,N21,nominal,2.0NRT,311.71,5.83,D,VIIRS
46.89895,33.12152,353.43,0.6,0.53,2026-07-02,09:49:00,N21,nominal,2.0NRT,314.52,21.01,D,VIIRS
46.9009,33.12885,350.02,0.6,0.53,2026-07-02,09:49:00,N21,nominal,2.0NRT,313.94,10.17,D,VIIRS
46.90285,33.1362,341.38,0.59,0.53,2026-07-02,09:49:00,N21,nominal,2.0NRT,310.92,10.17,D,VIIRS
47.43254,35.22058,344,0.47,0.47,2026-07-02,09:49:00,N21,nominal,2.0NRT,308.68,10.74,D,VIIRS
47.54639,35.69511,336.25,0.44,0.46,2026-07-02,09:49:00,N21,low,2.0NRT,308.64,4.19,D,VIIRS
47.57528,35.81718,340.41,0.44,0.46,2026-07-02,09:49:00,N21,nominal,2.0NRT,308.08,5.83,D,VIIRS
47.94735,37.45502,339.9,0.55,0.43,2026-07-02,09:49:00,N21,nominal,2.0NRT,308.8,12.36,D,VIIRS
47.43395,35.22641,367,0.47,0.47,2026-07-02,09:49:00,N21,high,2.0NRT,311.93,10.74,D,VIIRS
46.96148,33.37738,337.89,0.58,0.52,2026-07-02,09:49:00,N21,low,2.0NRT,312.82,25.63,D,VIIRS
47.94362,37.45688,345.73,0.55,0.43,2026-07-02,09:49:00,N21,nominal,2.0NRT,312.13,12.34,D,VIIRS
47.94516,37.46392,343.48,0.55,0.43,2026-07-02,09:49:00,N21,nominal,2.0NRT,311.42,9.8,D,VIIRS
47.94669,37.47094,334.3,0.55,0.43,2026-07-02,09:49:00,N21,low,2.0NRT,308.44,9.8,D,VIIRS
46.95884,33.387,349.77,0.58,0.52,2026-07-02,09:49:00,N21,nominal,2.0NRT,312.85,25.63,D,VIIRS
47.93988,37.45873,335.01,0.55,0.43,2026-07-02,09:49:00,N21,low,2.0NRT,307.04,12.34,D,VIIRS
47.61314,36.05443,332.4,0.43,0.46,2026-07-02,09:49:00,N21,low,2.0NRT,307.18,3.74,D,VIIRS
46.95282,33.42289,344.24,0.58,0.52,2026-07-02,09:49:00,N21,nominal,2.0NRT,312.64,12.5,D,VIIRS
47.60789,36.05107,336.75,0.43,0.46,2026-07-02,09:49:00,N21,nominal,2.0NRT,304.95,6.26,D,VIIRS
46.49803,31.80118,332.52,0.35,0.57,2026-07-02,09:49:00,N21,nominal,2.0NRT,302.34,3.59,D,VIIRS
46.49923,31.80544,330.31,0.35,0.57,2026-07-02,09:49:00,N21,nominal,2.0NRT,301.7,3.65,D,VIIRS
46.50764,31.83508,338.69,0.35,0.57,2026-07-02,09:49:00,N21,nominal,2.0NRT,302.78,4.81,D,VIIRS
47.00393,33.71445,340.7,0.56,0.51,2026-07-02,09:49:00,N21,nominal,2.0NRT,306.7,5.79,D,VIIRS
47.49668,35.67741,351.12,0.44,0.46,2026-07-02,09:49:00,N21,nominal,2.0NRT,306.75,9.04,D,VIIRS
46.87607,33.25139,346.94,0.59,0.53,2026-07-02,09:49:00,N21,nominal,2.0NRT,313.31,12.06,D,VIIRS
46.87801,33.25867,342.73,0.59,0.53,2026-07-02,09:49:00,N21,low,2.0NRT,313.72,7.96,D,VIIRS
49.02722,37.74558,332.04,0.51,0.41,2026-07-02,09:49:00,N21,low,2.0NRT,305.24,2.33,D,VIIRS
49.03085,37.74382,332.65,0.51,0.41,2026-07-02,09:49:00,N21,low,2.0NRT,306.81,3.62,D,VIIRS
49.18737,37.77714,331.84,0.51,0.41,2026-07-02,09:49:00,N21,nominal,2.0NRT,306.23,2.88,D,VIIRS
49.3927,37.57105,331.84,0.51,0.41,2026-07-02,09:49:00,N21,nominal,2.0NRT,304.69,5.98,D,VIIRS
49.39631,37.56924,367,0.51,0.41,2026-07-02,09:49:00,N21,high,2.0NRT,337.45,142.23,D,VIIRS
49.39775,37.57598,336.85,0.51,0.41,2026-07-02,09:49:00,N21,nominal,2.0NRT,310.06,31.9,D,VIIRS
49.39993,37.56742,341.27,0.51,0.41,2026-07-02,09:49:00,N21,nominal,2.0NRT,308.96,142.23,D,VIIRS
49.55772,38.05747,347.27,0.49,0.4,2026-07-02,09:49:00,N21,nominal,2.0NRT,309.15,7.1,D,VIIRS
49.5564,38.05105,330.48,0.49,0.4,2026-07-02,09:49:00,N21,low,2.0NRT,303.36,7.1,D,VIIRS
49.561279999999996,38.05579,339.59,0.49,0.4,2026-07-02,09:49:00,N21,nominal,2.0NRT,307.26,15.88,D,VIIRS
49.65531,37.65267,334.6,0.5,0.41,2026-07-02,09:49:00,N21,nominal,2.0NRT,304.4,3.41,D,VIIRS
49.76952,37.6607,334.72,0.5,0.41,2026-07-02,09:49:00,N21,nominal,2.0NRT,305.51,6.38,D,VIIRS
49.31784,35.03585,341.98,0.42,0.46,2026-07-02,09:49:00,N21,nominal,2.0NRT,299.54,8.36,D,VIIRS
49.3218,35.03367,347.15,0.42,0.46,2026-07-02,09:49:00,N21,nominal,2.0NRT,301.33,22.87,D,VIIRS
49.94415,37.51368,332.97,0.5,0.41,2026-07-02,09:49:00,N21,nominal,2.0NRT,298.97,6.33,D,VIIRS
50.25493,37.02282,330.83,0.51,0.41,2026-07-02,09:49:00,N21,nominal,2.0NRT,300.32,6.21,D,VIIRS
50.24766,36.89626,334.46,0.52,0.41,2026-07-02,09:49:00,N21,nominal,2.0NRT,302.71,4.19,D,VIIRS
50.30359,37.11866,330.86,0.51,0.41,2026-07-02,09:49:00,N21,nominal,2.0NRT,299.72,3.44,D,VIIRS
50.24502,36.14375,340.01,0.55,0.43,2026-07-02,09:49:00,N21,nominal,2.0NRT,299.55,6.18,D,VIIRS
50.86601,32.66733,339.92,0.48,0.48,2026-07-02,09:49:00,N21,nominal,2.0NRT,302.74,16.52,D,VIIRS
51.21289,33.97509,332.94,0.42,0.45,2026-07-02,09:49:00,N21,nominal,2.0NRT,298.98,3.7,D,VIIRS
50.49576,30.47865,346.09,0.6,0.53,2026-07-02,09:49:00,N21,nominal,2.0NRT,304.62,16.76,D,VIIRS
51.74733,34.31651,330.62,0.39,0.44,2026-07-02,09:49:00,N21,nominal,2.0NRT,298.38,1.55,D,VIIRS
51.40026,31.78433,330.78,0.5,0.49,2026-07-02,09:49:00,N21,low,2.0NRT,301.02,6.94,D,VIIRS
51.14625,30.2029,355.37,0.59,0.53,2026-07-02,09:49:00,N21,nominal,2.0NRT,307.66,46.1,D,VIIRS
51.1441,30.19518,351.27,0.59,0.53,2026-07-02,09:49:00,N21,nominal,2.0NRT,310.62,69.41,D,VIIRS
51.15289,30.20759,341.87,0.59,0.53,2026-07-02,09:49:00,N21,nominal,2.0NRT,312.73,40.73,D,VIIRS
51.15071,30.19981,347.13,0.59,0.53,2026-07-02,09:49:00,N21,nominal,2.0NRT,310.42,40.73,D,VIIRS
51.14856,30.19211,345.58,0.59,0.53,2026-07-02,09:49:00,N21,nominal,2.0NRT,304.89,9.32,D,VIIRS
51.14641,30.18442,335.5,0.59,0.53,2026-07-02,09:49:00,N21,nominal,2.0NRT,298.35,9.32,D,VIIRS
51.15735,30.20452,340.18,0.59,0.53,2026-07-02,09:49:00,N21,nominal,2.0NRT,309.35,40.73,D,VIIRS
51.15517,30.19671,336.34,0.59,0.53,2026-07-02,09:49:00,N21,nominal,2.0NRT,304.35,40.73,D,VIIRS
51.15088,30.18131,341.09,0.59,0.53,2026-07-02,09:49:00,N21,nominal,2.0NRT,299.45,9.32,D,VIIRS
51.16181,30.20144,332.67,0.59,0.53,2026-07-02,09:49:00,N21,low,2.0NRT,303.87,7.81,D,VIIRS
51.16843,30.2061,346.67,0.59,0.53,2026-07-02,09:49:00,N21,nominal,2.0NRT,307.56,33.09,D,VIIRS
47.83614,37.15993,334.07,0.57,0.43,2026-07-02,09:49:00,N21,low,2.0NRT,305.71,7.59,D,VIIRS
46.70263,32.63238,341.51,0.63,0.54,2026-07-02,09:49:00,N21,nominal,2.0NRT,308.27,16.45,D,VIIRS
46.70478,32.64018,344.04,0.63,0.54,2026-07-02,09:49:00,N21,nominal,2.0NRT,311.43,16.45,D,VIIRS
47.46955,35.60261,343.49,0.45,0.47,2026-07-02,09:49:00,N21,nominal,2.0NRT,310.06,4.04,D,VIIRS
47.78626,36.95722,334.84,0.39,0.44,2026-07-02,09:49:00,N21,low,2.0NRT,308.33,2.57,D,VIIRS
47.83234,37.1618,337.4,0.57,0.43,2026-07-02,09:49:00,N21,low,2.0NRT,308.89,7.59,D,VIIRS
46.67554,32.5735,332.61,0.32,0.55,2026-07-02,09:49:00,N21,low,2.0NRT,306.23,2.33,D,VIIRS
47.53461,35.91172,339.13,0.43,0.46,2026-07-02,09:49:00,N21,nominal,2.0NRT,306.66,2.47,D,VIIRS
47.74002,36.79155,335.07,0.39,0.44,2026-07-02,09:49:00,N21,low,2.0NRT,306.94,5.34,D,VIIRS
46.63042,32.43061,340.51,0.33,0.55,2026-07-02,09:49:00,N21,low,2.0NRT,311.77,3.47,D,VIIRS
46.67085,32.57616,336.06,0.32,0.55,2026-07-02,09:49:00,N21,nominal,2.0NRT,306.3,2.19,D,VIIRS
46.62566,32.43321,337.13,0.33,0.55,2026-07-02,09:49:00,N21,low,2.0NRT,308.96,3.47,D,VIIRS
46.9766,33.74585,341.01,0.56,0.51,2026-07-02,09:49:00,N21,nominal,2.0NRT,310.5,8.14,D,VIIRS
46.69592,32.72552,336.96,0.63,0.54,2026-07-02,09:49:00,N21,low,2.0NRT,308.55,13.59,D,VIIRS
47.46953,35.75361,334.6,0.44,0.46,2026-07-02,09:49:00,N21,low,2.0NRT,308.66,2.9,D,VIIRS
46.70587,32.72931,337.02,0.63,0.54,2026-07-02,09:49:00,N21,nominal,2.0NRT,306.36,7.9,D,VIIRS
47.46884,35.75047,338.08,0.44,0.46,2026-07-02,09:49:00,N21,low,2.0NRT,310.4,7.09,D,VIIRS
47.46351,35.74711,337.24,0.44,0.46,2026-07-02,09:49:00,N21,low,2.0NRT,307.33,4.31,D,VIIRS
47.46479,35.75255,344.67,0.44,0.46,2026-07-02,09:49:00,N21,nominal,2.0NRT,310.61,7.09,D,VIIRS
47.53179,36.0381,339.61,0.43,0.46,2026-07-02,09:49:00,N21,low,2.0NRT,311.14,7.76,D,VIIRS
47.56558,36.18354,334.82,0.42,0.45,2026-07-02,09:49:00,N21,low,2.0NRT,307.49,1.8,D,VIIRS
46.69446,32.72688,339.25,0.63,0.54,2026-07-02,09:49:00,N21,nominal,2.0NRT,308.48,10.61,D,VIIRS
47.46076,35.75469,346.18,0.44,0.46,2026-07-02,09:49:00,N21,nominal,2.0NRT,308.19,8.29,D,VIIRS
47.52905,36.0455,349.05,0.43,0.46,2026-07-02,09:49:00,N21,nominal,2.0NRT,312.38,35.42,D,VIIRS
47.53162,36.05651,336.44,0.43,0.46,2026-07-02,09:49:00,N21,low,2.0NRT,311.38,10.98,D,VIIRS
47.52504,36.04744,334.59,0.43,0.46,2026-07-02,09:49:00,N21,low,2.0NRT,307.8,35.42,D,VIIRS
47.52231,36.05489,340.27,0.43,0.46,2026-07-02,09:49:00,N21,nominal,2.0NRT,309.22,4.49,D,VIIRS
47.49161,35.94299,333.33,0.43,0.46,2026-07-02,09:49:00,N21,low,2.0NRT,307.49,4.48,D,VIIRS
46.48033,32.12733,341.62,0.34,0.56,2026-07-02,09:49:00,N21,nominal,2.0NRT,307.44,4.24,D,VIIRS
46.691160000000004,32.91261,346.86,0.62,0.54,2026-07-02,09:49:00,N21,nominal,2.0NRT,311.73,23.01,D,VIIRS
46.70136,32.95026,341.1,0.61,0.54,2026-07-02,09:49:00,N21,low,2.0NRT,312.55,37.98,D,VIIRS
46.7034,32.95779,342.15,0.61,0.54,2026-07-02,09:49:00,N21,nominal,2.0NRT,308.86,27.97,D,VIIRS
46.47187,32.13697,337.75,0.34,0.56,2026-07-02,09:49:00,N21,low,2.0NRT,312.23,5.92,D,VIIRS
46.70228,32.99294,341.17,0.61,0.54,2026-07-02,09:49:00,N21,nominal,2.0NRT,308.12,21.27,D,VIIRS
47.57886,36.48824,341.09,0.41,0.45,2026-07-02,09:49:00,N21,nominal,2.0NRT,307.78,3,D,VIIRS
47.43302,35.92369,332.35,0.44,0.46,2026-07-02,09:49:00,N21,low,2.0NRT,307.1,4.96,D,VIIRS
46.58996,32.68011,345.47,0.32,0.54,2026-07-02,09:49:00,N21,nominal,2.0NRT,310.3,9.48,D,VIIRS
46.70145,33.08771,341.43,0.61,0.53,2026-07-02,09:49:00,N21,nominal,2.0NRT,308.01,7.04,D,VIIRS
46.70346,33.09515,341.24,0.6,0.53,2026-07-02,09:49:00,N21,nominal,2.0NRT,308.55,7.68,D,VIIRS
46.67254,33.00087,350,0.61,0.54,2026-07-02,09:49:00,N21,nominal,2.0NRT,309.39,19.32,D,VIIRS
46.67457,33.00834,342.97,0.61,0.54,2026-07-02,09:49:00,N21,low,2.0NRT,313.13,15.56,D,VIIRS
46.44843,32.21209,367,0.34,0.56,2026-07-02,09:49:00,N21,high,2.0NRT,308.21,10.13,D,VIIRS
46.44958,32.21618,367,0.34,0.56,2026-07-02,09:49:00,N21,high,2.0NRT,310.3,10.13,D,VIIRS
46.45075,32.22033,367,0.34,0.56,2026-07-02,09:49:00,N21,high,2.0NRT,315.89,21.38,D,VIIRS
46.44247,32.21075,337.4,0.34,0.56,2026-07-02,09:49:00,N21,nominal,2.0NRT,308.35,6.73,D,VIIRS
46.44363,32.21483,347.85,0.34,0.56,2026-07-02,09:49:00,N21,nominal,2.0NRT,312.13,9.19,D,VIIRS
46.44479,32.21896,346,0.34,0.56,2026-07-02,09:49:00,N21,nominal,2.0NRT,311.15,9.19,D,VIIRS
46.44595,32.22304,367,0.34,0.56,2026-07-02,09:49:00,N21,high,2.0NRT,316.87,22.47,D,VIIRS
46.65254,32.98612,346.38,0.61,0.54,2026-07-02,09:49:00,N21,low,2.0NRT,320.28,65.05,D,VIIRS
46.64381,32.97371,339.59,0.61,0.54,2026-07-02,09:49:00,N21,low,2.0NRT,312.21,14.7,D,VIIRS
46.6479,32.98865,352.64,0.61,0.54,2026-07-02,09:49:00,N21,nominal,2.0NRT,316.5,23.74,D,VIIRS
47.42054,36.00348,340.43,0.43,0.46,2026-07-02,09:49:00,N21,nominal,2.0NRT,305.15,2.62,D,VIIRS
51.16626,30.19833,330.12,0.59,0.53,2026-07-02,09:49:00,N21,low,2.0NRT,302.94,7.81,D,VIIRS
51.16194,30.1828,343.66,0.59,0.53,2026-07-02,09:49:00,N21,nominal,2.0NRT,301.5,41.26,D,VIIRS
51.15978,30.17505,352.76,0.59,0.53,2026-07-02,09:49:00,N21,nominal,2.0NRT,309.66,41.26,D,VIIRS
51.16856,30.18748,352.66,0.59,0.53,2026-07-02,09:49:00,N21,nominal,2.0NRT,300.28,639.12,D,VIIRS
51.16423,30.1719,335.45,0.59,0.53,2026-07-02,09:49:00,N21,nominal,2.0NRT,296.87,8.55,D,VIIRS
51.19267,30.21689,340.64,0.59,0.53,2026-07-02,09:49:00,N21,nominal,2.0NRT,296.95,15.1,D,VIIRS
51.17207,29.98861,367,0.6,0.53,2026-07-02,09:49:00,N21,high,2.0NRT,304.89,34.44,D,VIIRS
51.1699,29.98078,347.51,0.6,0.53,2026-07-02,09:49:00,N21,nominal,2.0NRT,297.33,34.44,D,VIIRS
51.17104,29.98866,367,0.6,0.53,2026-07-02,09:49:00,N21,high,2.0NRT,302.04,46.96,D,VIIRS
51.16882,29.98085,344.11,0.6,0.53,2026-07-02,09:49:00,N21,nominal,2.0NRT,296,18.02,D,VIIRS
51.17551,29.98549,367,0.6,0.53,2026-07-02,09:49:00,N21,high,2.0NRT,303.27,36.83,D,VIIRS
51.1733,29.97767,330.97,0.6,0.53,2026-07-02,09:49:00,N21,nominal,2.0NRT,294.58,10.45,D,VIIRS
46.67467,33.00115,350.22,0.61,0.54,2026-07-02,09:49:00,N21,nominal,2.0NRT,309.83,10.08,D,VIIRS
46.6985,33.09084,342.7,0.61,0.53,2026-07-02,09:49:00,N21,nominal,2.0NRT,310.88,22.11,D,VIIRS
47.64812,35.05658,354.34,0.47,0.48,2026-07-02,09:49:00,N21,nominal,2.0NRT,314.02,32.37,D,VIIRS
46.67205,33.01121,338.34,0.61,0.54,2026-07-02,09:49:00,N21,low,2.0NRT,312.37,10.08,D,VIIRS
47.42019,36.00697,341.25,0.43,0.46,2026-07-02,09:49:00,N21,nominal,2.0NRT,305.32,2.52,D,VIIRS
46.45109,32.21616,353.22,0.34,0.56,2026-07-02,09:49:00,N21,nominal,2.0NRT,310.29,9.41,D,VIIRS
46.44996,32.21205,367,0.34,0.56,2026-07-02,09:49:00,N21,high,2.0NRT,308.06,9.41,D,VIIRS
46.45224,32.22032,367,0.34,0.56,2026-07-02,09:49:00,N21,high,2.0NRT,311.13,20.28,D,VIIRS
46.44403,32.2107,333.81,0.34,0.56,2026-07-02,09:49:00,N21,nominal,2.0NRT,308.54,6.8,D,VIIRS
46.44517,32.2148,355.48,0.34,0.56,2026-07-02,09:49:00,N21,nominal,2.0NRT,311.24,9.41,D,VIIRS
46.44632,32.21894,345.5,0.34,0.56,2026-07-02,09:49:00,N21,nominal,2.0NRT,310.74,9.41,D,VIIRS
46.6548,32.98635,345.35,0.61,0.54,2026-07-02,09:49:00,N21,nominal,2.0NRT,311.7,9.95,D,VIIRS
46.44745,32.22307,367,0.34,0.56,2026-07-02,09:49:00,N21,high,2.0NRT,320.39,20.28,D,VIIRS
46.65017,32.98889,367,0.61,0.54,2026-07-02,09:49:00,N21,low,2.0NRT,325.01,48.29,D,VIIRS
46.43925,32.21349,349.24,0.34,0.56,2026-07-02,09:49:00,N21,nominal,2.0NRT,310.87,7.08,D,VIIRS
46.64615,32.97389,338.15,0.62,0.54,2026-07-02,09:49:00,N21,low,2.0NRT,311.22,8.62,D,VIIRS
46.64816,32.9814,340.63,0.61,0.54,2026-07-02,09:49:00,N21,nominal,2.0NRT,314.35,48.29,D,VIIRS
46.4874,32.44827,367,0.33,0.55,2026-07-02,09:49:00,N21,high,2.0NRT,310.09,34.57,D,VIIRS
46.48268,32.45105,352.47,0.33,0.55,2026-07-02,09:49:00,N21,nominal,2.0NRT,308.05,8.81,D,VIIRS
46.46278,32.37878,367,0.33,0.55,2026-07-02,09:49:00,N21,high,2.0NRT,316.82,47.58,D,VIIRS
46.4558,32.37346,367,0.33,0.55,2026-07-02,09:49:00,N21,high,2.0NRT,313.29,13.15,D,VIIRS
46.73839,33.47839,338.39,0.58,0.52,2026-07-02,09:49:00,N21,low,2.0NRT,312.72,5.46,D,VIIRS
46.74029,33.48557,344.05,0.58,0.52,2026-07-02,09:49:00,N21,nominal,2.0NRT,314.16,11.48,D,VIIRS
47.25466,35.59683,341.97,0.45,0.47,2026-07-02,09:49:00,N21,nominal,2.0NRT,308.36,4.34,D,VIIRS
46.45321,32.523,340.54,0.33,0.55,2026-07-02,09:49:00,N21,nominal,2.0NRT,311.94,10.34,D,VIIRS
46.52585,32.78677,334.87,0.63,0.54,2026-07-02,09:49:00,N21,low,2.0NRT,309.85,4.28,D,VIIRS
46.45431,32.52698,367,0.33,0.55,2026-07-02,09:49:00,N21,high,2.0NRT,315.91,22.05,D,VIIRS
47.49213,36.67854,340.93,0.4,0.44,2026-07-02,09:49:00,N21,nominal,2.0NRT,309.21,4.58,D,VIIRS
47.26839,35.76764,342.84,0.45,0.47,2026-07-02,09:49:00,N21,low,2.0NRT,312.92,8.89,D,VIIRS
46.49522,32.81274,367,0.63,0.54,2026-07-02,09:49:00,N21,high,2.0NRT,313.79,104.19,D,VIIRS
46.49054,32.81536,367,0.63,0.54,2026-07-02,09:49:00,N21,low,2.0NRT,328.58,104.19,D,VIIRS
47.42605,36.54093,341.59,0.41,0.45,2026-07-02,09:49:00,N21,nominal,2.0NRT,308.86,2.57,D,VIIRS
46.49562,32.81981,341.25,0.63,0.54,2026-07-02,09:49:00,N21,nominal,2.0NRT,310.1,143.63,D,VIIRS
46.48886,32.81472,345.5,0.63,0.54,2026-07-02,09:49:00,N21,nominal,2.0NRT,314.37,38.1,D,VIIRS
46.49095,32.82244,339.85,0.63,0.54,2026-07-02,09:49:00,N21,low,2.0NRT,312.69,38.1,D,VIIRS
46.46539,33.25412,351.65,0.6,0.53,2026-07-02,09:49:00,N21,nominal,2.0NRT,314.18,34.1,D,VIIRS
46.33057,33.1581,336.49,0.62,0.54,2026-07-02,09:49:00,N21,low,2.0NRT,310,8.13,D,VIIRS
46.47168,34.0319,342.67,0.56,0.51,2026-07-02,09:49:00,N21,low,2.0NRT,317.53,37.59,D,VIIRS
46.88356,36.94426,340.17,0.41,0.45,2026-07-02,09:49:00,N21,nominal,2.0NRT,311.13,5.85,D,VIIRS
46.67005,33.0037,343.27,0.61,0.54,2026-07-02,09:49:00,N21,nominal,2.0NRT,312.51,10.08,D,VIIRS
47.65098,35.06838,341.58,0.47,0.48,2026-07-02,09:49:00,N21,nominal,2.0NRT,311.19,15.99,D,VIIRS
47.65241,35.0743,341.06,0.47,0.48,2026-07-02,09:49:00,N21,nominal,2.0NRT,310.81,6.85,D,VIIRS
47.65384,35.08022,340.23,0.47,0.47,2026-07-02,09:49:00,N21,nominal,2.0NRT,303.98,6.85,D,VIIRS
47.64955,35.06248,367,0.47,0.48,2026-07-02,09:49:00,N21,high,2.0NRT,312.26,15.99,D,VIIRS
47.53919,34.63008,347.88,0.49,0.49,2026-07-02,09:49:00,N21,nominal,2.0NRT,314.3,15.21,D,VIIRS
47.64684,35.07057,342.8,0.47,0.48,2026-07-02,09:49:00,N21,nominal,2.0NRT,306.54,13.89,D,VIIRS
47.64828,35.0765,342.07,0.47,0.48,2026-07-02,09:49:00,N21,nominal,2.0NRT,305.55,8.64,D,VIIRS
47.38861,34.04755,342.02,0.53,0.5,2026-07-02,09:49:00,N21,nominal,2.0NRT,306.42,19.26,D,VIIRS
47.39195,34.06073,349.26,0.52,0.5,2026-07-02,09:49:00,N21,nominal,2.0NRT,309.8,9.76,D,VIIRS
47.39361,34.06727,342.33,0.52,0.5,2026-07-02,09:49:00,N21,nominal,2.0NRT,310.25,9.76,D,VIIRS
47.67944,35.22496,342.21,0.46,0.47,2026-07-02,09:49:00,N21,nominal,2.0NRT,305.06,4.04,D,VIIRS
47.39031,34.05423,367,0.53,0.5,2026-07-02,09:49:00,N21,high,2.0NRT,309.99,19.26,D,VIIRS
47.38429,34.04998,339.55,0.53,0.5,2026-07-02,09:49:00,N21,nominal,2.0NRT,309.27,8.78,D,VIIRS
47.32653,33.86251,345.71,0.54,0.51,2026-07-02,09:49:00,N21,nominal,2.0NRT,309.24,18.44,D,VIIRS
47.60905,35.03045,341.92,0.47,0.48,2026-07-02,09:49:00,N21,nominal,2.0NRT,307.87,4.21,D,VIIRS
47.45987,34.44651,347.4,0.5,0.49,2026-07-02,09:49:00,N21,nominal,2.0NRT,312.93,16.21,D,VIIRS
47.58908,34.96793,342.35,0.47,0.48,2026-07-02,09:49:00,N21,nominal,2.0NRT,310.02,3.36,D,VIIRS
47.66049,35.26147,335.96,0.46,0.47,2026-07-02,09:49:00,N21,nominal,2.0NRT,309.75,5.96,D,VIIRS
47.66188,35.2672,333.98,0.46,0.47,2026-07-02,09:49:00,N21,nominal,2.0NRT,306.77,4.09,D,VIIRS
47.45403,34.44253,332.72,0.5,0.49,2026-07-02,09:49:00,N21,low,2.0NRT,307.2,8.87,D,VIIRS
47.45561,34.44881,343.7,0.5,0.49,2026-07-02,09:49:00,N21,nominal,2.0NRT,310.43,8.42,D,VIIRS
47.6563,35.26328,331.62,0.46,0.47,2026-07-02,09:49:00,N21,nominal,2.0NRT,305.39,3.5,D,VIIRS
47.9751,36.64201,331.47,0.39,0.44,2026-07-02,09:49:00,N21,low,2.0NRT,306.14,3.45,D,VIIRS
47.29333,33.85006,352.53,0.54,0.51,2026-07-02,09:49:00,N21,nominal,2.0NRT,312.29,71.4,D,VIIRS
47.63221,34.35858,342.45,0.5,0.49,2026-07-02,09:49:00,N21,nominal,2.0NRT,311,20.45,D,VIIRS
47.62848,34.32467,338.29,0.5,0.49,2026-07-02,09:49:00,N21,nominal,2.0NRT,310.97,6.68,D,VIIRS
48.31134,37.19096,332.29,0.55,0.43,2026-07-02,09:49:00,N21,low,2.0NRT,304.77,3.31,D,VIIRS
47.85929,35.2382,341.09,0.45,0.47,2026-07-02,09:49:00,N21,nominal,2.0NRT,306.75,4.35,D,VIIRS
48.22045,36.63223,343.37,0.39,0.44,2026-07-02,09:49:00,N21,nominal,2.0NRT,310.8,8.18,D,VIIRS
48.46141,37.71184,345.37,0.53,0.42,2026-07-02,09:49:00,N21,nominal,2.0NRT,306.64,6.68,D,VIIRS
48.45711,37.69172,335.49,0.53,0.42,2026-07-02,09:49:00,N21,nominal,2.0NRT,305.4,5.07,D,VIIRS
48.2243,36.63033,341.36,0.39,0.44,2026-07-02,09:49:00,N21,nominal,2.0NRT,309.95,3.94,D,VIIRS
48.32829,37.0788,332.51,0.56,0.43,2026-07-02,09:49:00,N21,low,2.0NRT,306.92,3.76,D,VIIRS
48.22702,36.62341,338.17,0.39,0.44,2026-07-02,09:49:00,N21,nominal,2.0NRT,303.28,3.94,D,VIIRS
48.22223,36.56406,331.08,0.39,0.44,2026-07-02,09:49:00,N21,nominal,2.0NRT,303.68,2.48,D,VIIRS
47.8085,34.78019,340.44,0.48,0.48,2026-07-02,09:49:00,N21,nominal,2.0NRT,310.27,18.61,D,VIIRS
47.38658,33.1138,350.38,0.58,0.52,2026-07-02,09:49:00,N21,nominal,2.0NRT,309.33,105.63,D,VIIRS
47.38921,33.10409,347.23,0.58,0.52,2026-07-02,09:49:00,N21,nominal,2.0NRT,309.92,105.63,D,VIIRS
48.38659,37.30158,349.56,0.55,0.42,2026-07-02,09:49:00,N21,nominal,2.0NRT,311.08,7.14,D,VIIRS
47.81013,34.78329,341.29,0.48,0.48,2026-07-02,09:49:00,N21,nominal,2.0NRT,310.91,34.49,D,VIIRS
48.52131,37.82383,348.77,0.52,0.41,2026-07-02,09:49:00,N21,nominal,2.0NRT,309.4,14.16,D,VIIRS
48.34323,37.01415,349.26,0.56,0.43,2026-07-02,09:49:00,N21,nominal,2.0NRT,309.12,11.1,D,VIIRS
47.38699,33.1118,354.79,0.58,0.52,2026-07-02,09:49:00,N21,nominal,2.0NRT,310.8,34.31,D,VIIRS
47.85971,34.92604,344.89,0.47,0.48,2026-07-02,09:49:00,N21,low,2.0NRT,316.93,62.85,D,VIIRS
47.85825,34.92012,303.93,0.47,0.48,2026-07-02,09:49:00,N21,low,2.0NRT,309.59,47.7,D,VIIRS
47.86384,34.92381,355.24,0.47,0.48,2026-07-02,09:49:00,N21,nominal,2.0NRT,309.17,22.78,D,VIIRS
48.56833,37.94944,345.16,0.51,0.41,2026-07-02,09:49:00,N21,nominal,2.0NRT,308.16,14.35,D,VIIRS
48.32983,36.84211,346.05,0.57,0.43,2026-07-02,09:49:00,N21,nominal,2.0NRT,309.65,6.44,D,VIIRS
48.32819,36.83484,334.4,0.57,0.43,2026-07-02,09:49:00,N21,nominal,2.0NRT,308.93,6.44,D,VIIRS
48.47155,37.36898,336.14,0.54,0.42,2026-07-02,09:49:00,N21,nominal,2.0NRT,306.45,6.26,D,VIIRS
48.40784,37.02225,336.04,0.56,0.43,2026-07-02,09:49:00,N21,low,2.0NRT,310.02,5.29,D,VIIRS
47.05803,31.62095,351.99,0.34,0.56,2026-07-02,09:49:00,N21,nominal,2.0NRT,308.12,8.45,D,VIIRS
47.05684,31.61672,347.98,0.34,0.56,2026-07-02,09:49:00,N21,nominal,2.0NRT,306.67,7.53,D,VIIRS
47.05928,31.60541,367,0.34,0.56,2026-07-02,09:49:00,N21,high,2.0NRT,308.91,14.14,D,VIIRS
48.63428,38.03459,332.58,0.51,0.41,2026-07-02,09:49:00,N21,nominal,2.0NRT,303.09,2.65,D,VIIRS
48.58059,37.78066,333.98,0.52,0.42,2026-07-02,09:49:00,N21,nominal,2.0NRT,307.62,7.11,D,VIIRS
48.56897,37.72614,338.02,0.52,0.42,2026-07-02,09:49:00,N21,nominal,2.0NRT,309.92,8.05,D,VIIRS
47.06046,31.60963,341.4,0.34,0.56,2026-07-02,09:49:00,N21,nominal,2.0NRT,307.72,8.33,D,VIIRS
47.05809,31.6012,351.2,0.34,0.56,2026-07-02,09:49:00,N21,nominal,2.0NRT,304.88,14.14,D,VIIRS
48.38192,36.84862,339.38,0.57,0.43,2026-07-02,09:49:00,N21,nominal,2.0NRT,305.02,6.19,D,VIIRS
48.32458,36.59236,343.89,0.39,0.44,2026-07-02,09:49:00,N21,nominal,2.0NRT,307.11,6.71,D,VIIRS
47.07002,31.62367,343.62,0.34,0.56,2026-07-02,09:49:00,N21,nominal,2.0NRT,306.71,4.67,D,VIIRS
47.06174,31.59417,333.77,0.34,0.56,2026-07-02,09:49:00,N21,nominal,2.0NRT,303.04,1.68,D,VIIRS
47.07247,31.61238,346.82,0.34,0.56,2026-07-02,09:49:00,N21,nominal,2.0NRT,308.34,7.4,D,VIIRS
47.07129,31.60815,346.14,0.34,0.56,2026-07-02,09:49:00,N21,nominal,2.0NRT,308.9,7.12,D,VIIRS
47.0701,31.60392,346.64,0.34,0.56,2026-07-02,09:49:00,N21,nominal,2.0NRT,304.43,7.12,D,VIIRS
47.06657,31.59134,334.34,0.34,0.56,2026-07-02,09:49:00,N21,low,2.0NRT,306.69,5.19,D,VIIRS
47.06538,31.58713,340.23,0.34,0.56,2026-07-02,09:49:00,N21,nominal,2.0NRT,307.93,5.19,D,VIIRS
47.06302,31.5787,334.89,0.34,0.56,2026-07-02,09:49:00,N21,nominal,2.0NRT,306.4,12.24,D,VIIRS
47.0761,31.6053,367,0.34,0.56,2026-07-02,09:49:00,N21,high,2.0NRT,307.38,7.12,D,VIIRS
47.07375,31.59691,367,0.34,0.56,2026-07-02,09:49:00,N21,high,2.0NRT,304.61,9.26,D,VIIRS
47.06784,31.57585,367,0.34,0.56,2026-07-02,09:49:00,N21,high,2.0NRT,311.56,12.24,D,VIIRS
48.39113,36.85212,330.43,0.57,0.43,2026-07-02,09:49:00,N21,low,2.0NRT,304,2.56,D,VIIRS
47.07492,31.60111,345.86,0.34,0.56,2026-07-02,09:49:00,N21,nominal,2.0NRT,304.1,7.12,D,VIIRS
47.07257,31.59272,351.03,0.34,0.56,2026-07-02,09:49:00,N21,nominal,2.0NRT,305.38,9.26,D,VIIRS
47.06666,31.57163,355.19,0.34,0.56,2026-07-02,09:49:00,N21,nominal,2.0NRT,305.42,14.1,D,VIIRS
47.07267,31.57299,367,0.34,0.56,2026-07-02,09:49:00,N21,high,2.0NRT,304.48,31.67,D,VIIRS
47.07621,31.58564,333.89,0.34,0.56,2026-07-02,09:49:00,N21,low,2.0NRT,305.25,14.33,D,VIIRS
47.07504,31.58142,349.56,0.34,0.56,2026-07-02,09:49:00,N21,nominal,2.0NRT,308.82,14.33,D,VIIRS
47.29677,33.8634,340.57,0.54,0.51,2026-07-02,09:49:00,N21,nominal,2.0NRT,305.08,10.75,D,VIIRS
47.98261,36.69401,339.6,0.39,0.44,2026-07-02,09:49:00,N21,nominal,2.0NRT,304.94,17.04,D,VIIRS
48.02259,36.88996,337.26,0.38,0.44,2026-07-02,09:49:00,N21,nominal,2.0NRT,302.89,5.94,D,VIIRS
48.0237,36.89496,355.14,0.38,0.44,2026-07-02,09:49:00,N21,nominal,2.0NRT,308.34,13.11,D,VIIRS
48.02596,36.90498,344.77,0.38,0.44,2026-07-02,09:49:00,N21,nominal,2.0NRT,307.84,5.17,D,VIIRS
47.64976,35.3126,333.02,0.46,0.47,2026-07-02,09:49:00,N21,low,2.0NRT,305.8,3.99,D,VIIRS
48.01986,36.89674,336.83,0.38,0.44,2026-07-02,09:49:00,N21,nominal,2.0NRT,305.65,2.64,D,VIIRS
48.02098,36.90173,336.07,0.38,0.44,2026-07-02,09:49:00,N21,low,2.0NRT,307.17,2.64,D,VIIRS
47.92706,36.50715,332.02,0.4,0.44,2026-07-02,09:49:00,N21,low,2.0NRT,306.82,4.68,D,VIIRS
47.979730000000004,36.75684,340.68,0.39,0.44,2026-07-02,09:49:00,N21,nominal,2.0NRT,305.42,4.48,D,VIIRS
47.65419,35.38791,343.07,0.45,0.47,2026-07-02,09:49:00,N21,nominal,2.0NRT,308.99,9.38,D,VIIRS
47.77439,35.88982,343.57,0.43,0.46,2026-07-02,09:49:00,N21,nominal,2.0NRT,314.58,36.62,D,VIIRS
47.64875,35.38444,341.85,0.45,0.47,2026-07-02,09:49:00,N21,nominal,2.0NRT,309.21,3.7,D,VIIRS
47.94118,36.62531,337.96,0.4,0.44,2026-07-02,09:49:00,N21,nominal,2.0NRT,307.57,5.69,D,VIIRS
47.93731,36.62724,341.16,0.4,0.44,2026-07-02,09:49:00,N21,nominal,2.0NRT,306.75,5.69,D,VIIRS
47.95109,36.68748,334.96,0.39,0.44,2026-07-02,09:49:00,N21,low,2.0NRT,305.68,1.44,D,VIIRS
47.60704,35.28906,341.48,0.46,0.47,2026-07-02,09:49:00,N21,nominal,2.0NRT,307.43,3.4,D,VIIRS
47.68155,35.65234,331.37,0.44,0.46,2026-07-02,09:49:00,N21,nominal,2.0NRT,304.12,1.98,D,VIIRS
47.98627,36.97333,330.13,0.38,0.43,2026-07-02,09:49:00,N21,nominal,2.0NRT,302.12,2.94,D,VIIRS
48.04922,37.27151,344.31,0.56,0.43,2026-07-02,09:49:00,N21,nominal,2.0NRT,309.12,6.63,D,VIIRS
48.0493,37.27231,342.53,0.56,0.43,2026-07-02,09:49:00,N21,nominal,2.0NRT,309.12,15.18,D,VIIRS
47.74259,35.95119,346.84,0.43,0.46,2026-07-02,09:49:00,N21,nominal,2.0NRT,307.89,5.88,D,VIIRS
47.74384,35.95657,332.92,0.43,0.46,2026-07-02,09:49:00,N21,low,2.0NRT,305.68,5.88,D,VIIRS
47.58356,35.33649,351.44,0.46,0.47,2026-07-02,09:49:00,N21,nominal,2.0NRT,314.25,29.71,D,VIIRS
47.62065,35.51055,341.06,0.45,0.47,2026-07-02,09:49:00,N21,nominal,2.0NRT,307.04,10.63,D,VIIRS
47.74536,36.05865,342.51,0.42,0.45,2026-07-02,09:49:00,N21,nominal,2.0NRT,309.46,21.04,D,VIIRS
47.99585,37.16223,330.41,0.56,0.43,2026-07-02,09:49:00,N21,low,2.0NRT,305.07,3.31,D,VIIRS
47.56843,35.3312,355.62,0.46,0.47,2026-07-02,09:49:00,N21,nominal,2.0NRT,308.92,13.24,D,VIIRS
47.15156,33.70494,341.52,0.55,0.51,2026-07-02,09:49:00,N21,low,2.0NRT,311.71,11.37,D,VIIRS
47.9143,36.85349,342.25,0.39,0.44,2026-07-02,09:49:00,N21,nominal,2.0NRT,305.56,5.7,D,VIIRS
48.42906,39.27961,347.97,0.47,0.39,2026-07-02,09:49:00,N21,nominal,2.0NRT,314.26,16.23,D,VIIRS
47.91047,36.85537,348.44,0.39,0.44,2026-07-02,09:49:00,N21,nominal,2.0NRT,306.24,5.7,D,VIIRS
47.99192,37.22023,334.55,0.56,0.43,2026-07-02,09:49:00,N21,low,2.0NRT,306.42,9.07,D,VIIRS
47.60575,35.61998,342.23,0.44,0.46,2026-07-02,09:49:00,N21,nominal,2.0NRT,305.56,4.48,D,VIIRS
48.10296,37.80365,336.66,0.53,0.42,2026-07-02,09:49:00,N21,nominal,2.0NRT,302.81,5.79,D,VIIRS
47.67516,35.9495,330.97,0.43,0.46,2026-07-02,09:49:00,N21,low,2.0NRT,303.32,4.65,D,VIIRS
47.55948,35.50378,342.09,0.45,0.47,2026-07-02,09:49:00,N21,nominal,2.0NRT,307.58,5.82,D,VIIRS
47.56084,35.5094,333.62,0.45,0.47,2026-07-02,09:49:00,N21,low,2.0NRT,306.91,5.01,D,VIIRS
47.5705,35.54935,333.98,0.45,0.47,2026-07-02,09:49:00,N21,low,2.0NRT,305.05,1.74,D,VIIRS
47.51226,35.32846,348.53,0.46,0.47,2026-07-02,09:49:00,N21,nominal,2.0NRT,307.75,6.95,D,VIIRS
47.51367,35.33424,337.71,0.46,0.47,2026-07-02,09:49:00,N21,nominal,2.0NRT,305.96,6.95,D,VIIRS
47.60406,35.70777,332.25,0.44,0.46,2026-07-02,09:49:00,N21,low,2.0NRT,306.25,2.95,D,VIIRS
46.97812,33.26168,341.11,0.58,0.52,2026-07-02,09:49:00,N21,nominal,2.0NRT,309.42,8.45,D,VIIRS
47.7073,36.1613,332.2,0.42,0.45,2026-07-02,09:49:00,N21,low,2.0NRT,305.72,3.22,D,VIIRS
47.96699,37.2962,341.3,0.56,0.43,2026-07-02,09:49:00,N21,nominal,2.0NRT,305.88,4.42,D,VIIRS
46.97618,33.25447,367,0.58,0.52,2026-07-02,09:49:00,N21,high,2.0NRT,310.59,17.49,D,VIIRS
46.54182,31.72834,354.59,0.35,0.57,2026-07-02,09:49:00,N21,nominal,2.0NRT,302.08,3.34,D,VIIRS
47.01296,33.43074,344.45,0.57,0.52,2026-07-02,09:49:00,N21,low,2.0NRT,314.79,8.16,D,VIIRS
47.83101,36.7505,332.75,0.39,0.44,2026-07-02,09:49:00,N21,nominal,2.0NRT,305.46,10.72,D,VIIRS
47.83215,36.7555,352.61,0.39,0.44,2026-07-02,09:49:00,N21,nominal,2.0NRT,312.34,11.72,D,VIIRS
46.9169,33.11218,349.92,0.6,0.53,2026-07-02,09:49:00,N21,nominal,2.0NRT,308.34,14.68,D,VIIRS
47.6431,35.96531,332.19,0.43,0.46,2026-07-02,09:49:00,N21,low,2.0NRT,305.39,2.37,D,VIIRS
47.65607,36.0198,344.08,0.43,0.46,2026-07-02,09:49:00,N21,nominal,2.0NRT,307.68,5.08,D,VIIRS
47.8283,36.75741,340.33,0.39,0.44,2026-07-02,09:49:00,N21,nominal,2.0NRT,307.18,11.72,D,VIIRS
46.91233,33.11471,353.24,0.6,0.53,2026-07-02,09:49:00,N21,nominal,2.0NRT,311.74,27.6,D,VIIRS
47.07385,31.5772,352.16,0.34,0.56,2026-07-02,09:49:00,N21,nominal,2.0NRT,321.7,31.67,D,VIIRS
48.57144,37.61021,331.86,0.53,0.42,2026-07-02,09:49:00,N21,nominal,2.0NRT,303.21,2.59,D,VIIRS
47.07377,31.60661,367,0.34,0.56,2026-07-02,09:49:00,N21,high,2.0NRT,309.01,12.5,D,VIIRS
47.07257,31.60242,367,0.34,0.56,2026-07-02,09:49:00,N21,high,2.0NRT,305.41,12.5,D,VIIRS
47.07138,31.59824,367,0.34,0.56,2026-07-02,09:49:00,N21,high,2.0NRT,304.49,6.66,D,VIIRS
47.07018,31.59407,342.87,0.34,0.56,2026-07-02,09:49:00,N21,nominal,2.0NRT,303.76,6.66,D,VIIRS
47.06536,31.57726,336.53,0.34,0.56,2026-07-02,09:49:00,N21,nominal,2.0NRT,309.11,19.53,D,VIIRS
47.06415,31.57306,331.57,0.34,0.56,2026-07-02,09:49:00,N21,nominal,2.0NRT,305.29,10.16,D,VIIRS
47.07139,31.57862,367,0.34,0.56,2026-07-02,09:49:00,N21,high,2.0NRT,315.46,19.53,D,VIIRS
47.075,31.59123,333.26,0.34,0.56,2026-07-02,09:49:00,N21,nominal,2.0NRT,304.05,6.66,D,VIIRS
47.0738,31.58703,338.79,0.34,0.56,2026-07-02,09:49:00,N21,nominal,2.0NRT,307.72,15.04,D,VIIRS
47.07019,31.57443,354.37,0.34,0.56,2026-07-02,09:49:00,N21,nominal,2.0NRT,311.55,19.53,D,VIIRS
47.06898,31.57022,354.43,0.34,0.56,2026-07-02,09:49:00,N21,nominal,2.0NRT,304.78,10.16,D,VIIRS
47.07622,31.57579,367,0.34,0.56,2026-07-02,09:49:00,N21,high,2.0NRT,311.47,30.22,D,VIIRS
47.07742,31.58,338.64,0.34,0.56,2026-07-02,09:49:00,N21,nominal,2.0NRT,304.28,14.49,D,VIIRS
48.24087,35.99934,349.67,0.41,0.45,2026-07-02,09:49:00,N21,nominal,2.0NRT,307.48,11.89,D,VIIRS
47.67689,33.71704,353.86,0.53,0.5,2026-07-02,09:49:00,N21,nominal,2.0NRT,310.94,24.43,D,VIIRS
48.24479,35.99728,349.67,0.41,0.45,2026-07-02,09:49:00,N21,nominal,2.0NRT,306.26,9.4,D,VIIRS
48.51686,37.17457,334.16,0.55,0.43,2026-07-02,09:49:00,N21,nominal,2.0NRT,304.89,4.49,D,VIIRS
48.5153,37.1675,330.29,0.55,0.43,2026-07-02,09:49:00,N21,nominal,2.0NRT,301.83,4.49,D,VIIRS
48.58268,37.43721,333.48,0.53,0.42,2026-07-02,09:49:00,N21,low,2.0NRT,305.01,4.65,D,VIIRS
47.58501,34.77722,343.04,0.48,0.48,2026-07-02,09:49:00,N21,nominal,2.0NRT,307.38,5.1,D,VIIRS
47.65613,35.063,336.11,0.47,0.48,2026-07-02,09:49:00,N21,low,2.0NRT,308.87,11.2,D,VIIRS
47.65759,35.0689,344.91,0.47,0.47,2026-07-02,09:49:00,N21,nominal,2.0NRT,308.95,11.2,D,VIIRS
47.54374,34.6321,341.67,0.49,0.49,2026-07-02,09:49:00,N21,low,2.0NRT,311.73,3.7,D,VIIRS
47.64907,35.05339,349.57,0.47,0.48,2026-07-02,09:49:00,N21,nominal,2.0NRT,317.87,70.55,D,VIIRS
47.6549,35.07693,350.11,0.47,0.47,2026-07-02,09:49:00,N21,nominal,2.0NRT,309.34,12.39,D,VIIRS
47.6679,35.12955,351.33,0.46,0.47,2026-07-02,09:49:00,N21,nominal,2.0NRT,310.16,22.3,D,VIIRS
47.39042,34.05194,354.31,0.52,0.5,2026-07-02,09:49:00,N21,nominal,2.0NRT,307.24,14.96,D,VIIRS
47.39211,34.05849,350.03,0.52,0.5,2026-07-02,09:49:00,N21,nominal,2.0NRT,307.76,14.96,D,VIIRS
47.3938,34.06499,346.74,0.52,0.5,2026-07-02,09:49:00,N21,nominal,2.0NRT,309.22,13.28,D,VIIRS
47.64491,35.05549,342.18,0.47,0.48,2026-07-02,09:49:00,N21,nominal,2.0NRT,307.92,21.68,D,VIIRS
47.64783,35.06729,354.01,0.47,0.48,2026-07-02,09:49:00,N21,nominal,2.0NRT,307.96,16,D,VIIRS
47.6493,35.07319,353.79,0.47,0.47,2026-07-02,09:49:00,N21,nominal,2.0NRT,309.73,16,D,VIIRS
48.0582,36.79191,342.5,0.39,0.44,2026-07-02,09:49:00,N21,nominal,2.0NRT,303.08,5.4,D,VIIRS
47.64637,35.0614,367,0.47,0.48,2026-07-02,09:49:00,N21,high,2.0NRT,310.16,21.68,D,VIIRS
47.38437,34.04771,342.21,0.53,0.5,2026-07-02,09:49:00,N21,nominal,2.0NRT,307.99,10.58,D,VIIRS
47.38609,34.05435,344.56,0.52,0.5,2026-07-02,09:49:00,N21,nominal,2.0NRT,310.38,14.96,D,VIIRS
47.40314,34.04644,341.24,0.53,0.5,2026-07-02,09:49:00,N21,nominal,2.0NRT,305.66,4.24,D,VIIRS
47.58394,34.77341,340.83,0.48,0.48,2026-07-02,09:49:00,N21,nominal,2.0NRT,306.27,8.69,D,VIIRS
47.65228,35.05445,348.57,0.47,0.48,2026-07-02,09:49:00,N21,nominal,2.0NRT,313.13,32.37,D,VIIRS
47.65655,35.07214,345.04,0.47,0.48,2026-07-02,09:49:00,N21,nominal,2.0NRT,309.45,6.85,D,VIIRS
47.6707,35.13081,346.2,0.46,0.47,2026-07-02,09:49:00,N21,nominal,2.0NRT,315.71,24.8,D,VIIRS
47.39888,34.04909,337.27,0.53,0.5,2026-07-02,09:49:00,N21,nominal,2.0NRT,306.31,4.24,D,VIIRS
47.48924,34.40916,332.91,0.5,0.49,2026-07-02,09:49:00,N21,low,2.0NRT,305.62,3.95,D,VIIRS
47.64669,35.05065,341.61,0.47,0.48,2026-07-02,09:49:00,N21,nominal,2.0NRT,308.94,32.37,D,VIIRS
47.58923,34.77512,347.1,0.48,0.48,2026-07-02,09:49:00,N21,nominal,2.0NRT,311.08,10.35,D,VIIRS
47.58771,34.76901,341.3,0.48,0.48,2026-07-02,09:49:00,N21,nominal,2.0NRT,308.43,11.1,D,VIIRS
47.58312,34.75069,340.73,0.48,0.48,2026-07-02,09:49:00,N21,nominal,2.0NRT,308.31,13.84,D,VIIRS
48.31583,37.87843,337.12,0.52,0.42,2026-07-02,09:49:00,N21,nominal,2.0NRT,305.12,5.87,D,VIIRS
47.68601,35.14637,341.14,0.46,0.47,2026-07-02,09:49:00,N21,nominal,2.0NRT,306.56,5.77,D,VIIRS
47.5934,34.77279,342.98,0.48,0.48,2026-07-02,09:49:00,N21,nominal,2.0NRT,308.97,10.35,D,VIIRS
47.59188,34.7667,343.34,0.48,0.48,2026-07-02,09:49:00,N21,nominal,2.0NRT,308.85,11.1,D,VIIRS
47.58731,34.74842,341.37,0.48,0.48,2026-07-02,09:49:00,N21,nominal,2.0NRT,310.15,13.84,D,VIIRS
47.41105,34.0552,345.53,0.52,0.5,2026-07-02,09:49:00,N21,nominal,2.0NRT,309.39,11.41,D,VIIRS
46.88748,32.09316,367,0.33,0.55,2026-07-02,09:49:00,N21,high,2.0NRT,304.7,9.28,D,VIIRS
46.88862,32.09724,350.4,0.33,0.55,2026-07-02,09:49:00,N21,nominal,2.0NRT,305.15,9.28,D,VIIRS
46.88634,32.08908,341.86,0.33,0.55,2026-07-02,09:49:00,N21,nominal,2.0NRT,304.88,30.79,D,VIIRS
46.89358,32.07549,367,0.33,0.55,2026-07-02,09:49:00,N21,high,2.0NRT,311.23,16.69,D,VIIRS
48.46065,38.50568,345.06,0.49,0.4,2026-07-02,09:49:00,N21,nominal,2.0NRT,310.75,14.82,D,VIIRS
48.4593,38.49916,352.25,0.49,0.41,2026-07-02,09:49:00,N21,nominal,2.0NRT,311.65,14.82,D,VIIRS
48.45794,38.49265,352.09,0.49,0.41,2026-07-02,09:49:00,N21,nominal,2.0NRT,314.38,20.74,D,VIIRS
48.45658,38.48613,351.99,0.49,0.41,2026-07-02,09:49:00,N21,nominal,2.0NRT,315.22,20.74,D,VIIRS
46.89244,32.07144,347.22,0.33,0.55,2026-07-02,09:49:00,N21,nominal,2.0NRT,312.54,16.69,D,VIIRS
46.90175,32.08493,367,0.33,0.55,2026-07-02,09:49:00,N21,high,2.0NRT,317,27.89,D,VIIRS
46.90062,32.08086,367,0.33,0.55,2026-07-02,09:49:00,N21,high,2.0NRT,311.79,18.55,D,VIIRS
46.89948,32.07683,367,0.33,0.55,2026-07-02,09:49:00,N21,high,2.0NRT,312.29,18.55,D,VIIRS
48.46422,38.50399,346.21,0.49,0.4,2026-07-02,09:49:00,N21,nominal,2.0NRT,311,14.82,D,VIIRS
48.46287,38.49749,350.42,0.49,0.41,2026-07-02,09:49:00,N21,nominal,2.0NRT,314.22,14.82,D,VIIRS
48.46152,38.49098,353.05,0.49,0.41,2026-07-02,09:49:00,N21,nominal,2.0NRT,314.41,20.74,D,VIIRS
48.46016,38.48447,350.72,0.49,0.41,2026-07-02,09:49:00,N21,nominal,2.0NRT,318.68,20.74,D,VIIRS
48.45881,38.47797,345.43,0.49,0.41,2026-07-02,09:49:00,N21,nominal,2.0NRT,310.62,24.28,D,VIIRS
46.89835,32.07279,335.23,0.33,0.55,2026-07-02,09:49:00,N21,nominal,2.0NRT,306.59,16.69,D,VIIRS
48.46374,38.4828,367,0.49,0.41,2026-07-02,09:49:00,N21,high,2.0NRT,312.02,16.33,D,VIIRS
46.90538,32.07816,367,0.33,0.55,2026-07-02,09:49:00,N21,high,2.0NRT,315.11,83.49,D,VIIRS
46.90199,32.06602,367,0.33,0.55,2026-07-02,09:49:00,N21,high,2.0NRT,309.61,64.22,D,VIIRS
46.90652,32.08224,344.14,0.33,0.55,2026-07-02,09:49:00,N21,nominal,2.0NRT,305.58,11.92,D,VIIRS
46.90312,32.07008,345.11,0.33,0.55,2026-07-02,09:49:00,N21,nominal,2.0NRT,311.6,64.22,D,VIIRS
46.90425,32.07413,207.38,0.33,0.55,2026-07-02,09:49:00,N21,low,2.0NRT,320.25,83.49,D,VIIRS
46.91016,32.07547,337.09,0.33,0.55,2026-07-02,09:49:00,N21,nominal,2.0NRT,304.15,83.49,D,VIIRS
46.90446,32.05511,332.45,0.33,0.55,2026-07-02,09:49:00,N21,nominal,2.0NRT,304.12,82.54,D,VIIRS
46.90902,32.07141,367,0.33,0.55,2026-07-02,09:49:00,N21,low,2.0NRT,334.11,83.49,D,VIIRS
46.90789,32.06736,207.38,0.33,0.55,2026-07-02,09:49:00,N21,low,2.0NRT,317.16,64.22,D,VIIRS
46.90675,32.06329,316.47,0.33,0.55,2026-07-02,09:49:00,N21,low,2.0NRT,316.77,64.22,D,VIIRS
46.91151,32.06056,367,0.33,0.55,2026-07-02,09:49:00,N21,high,2.0NRT,309.71,36.6,D,VIIRS
46.91037,32.05649,367,0.33,0.55,2026-07-02,09:49:00,N21,high,2.0NRT,306.56,16.95,D,VIIRS
47.37999,33.80053,344.29,0.54,0.51,2026-07-02,09:49:00,N21,nominal,2.0NRT,310.63,5.99,D,VIIRS
46.90923,32.0524,333.73,0.33,0.55,2026-07-02,09:49:00,N21,nominal,2.0NRT,302.5,16.95,D,VIIRS
47.38437,33.79811,335.91,0.54,0.51,2026-07-02,09:49:00,N21,low,2.0NRT,307.57,5.99,D,VIIRS
47.74115,35.14379,336.28,0.46,0.47,2026-07-02,09:49:00,N21,nominal,2.0NRT,306.49,3.7,D,VIIRS
48.0825,36.57884,332.44,0.39,0.44,2026-07-02,09:49:00,N21,nominal,2.0NRT,302.08,3.08,D,VIIRS
48.35137,37.70433,339.52,0.53,0.42,2026-07-02,09:49:00,N21,nominal,2.0NRT,306.13,9.16,D,VIIRS
48.2626,37.15913,341.08,0.56,0.43,2026-07-02,09:49:00,N21,nominal,2.0NRT,308.24,12.7,D,VIIRS
48.40116,37.7333,344.85,0.53,0.42,2026-07-02,09:49:00,N21,nominal,2.0NRT,307.52,8.1,D,VIIRS
47.32591,33.19713,335.47,0.57,0.52,2026-07-02,09:49:00,N21,low,2.0NRT,308.01,5.67,D,VIIRS
47.63379,34.36486,338.09,0.5,0.49,2026-07-02,09:49:00,N21,nominal,2.0NRT,305.39,8.79,D,VIIRS
47.96584,36.33501,337.47,0.41,0.45,2026-07-02,09:49:00,N21,nominal,2.0NRT,305.47,3.15,D,VIIRS
47.39899,34.04686,339.48,0.52,0.5,2026-07-02,09:49:00,N21,nominal,2.0NRT,306.5,8.09,D,VIIRS
52.16527,32.34204,346.23,0.45,0.47,2026-07-02,09:52:00,N21,nominal,2.0NRT,302.49,12.45,D,VIIRS
51.71738,30.654419999999998,340.5,0.54,0.51,2026-07-02,09:52:00,N21,nominal,2.0NRT,298.26,6.49,D,VIIRS
52.15479,32.35615,335.63,0.45,0.47,2026-07-02,09:52:00,N21,nominal,2.0NRT,301.16,5.14,D,VIIRS
52.34333,33.27456,338.6,0.41,0.45,2026-07-02,09:52:00,N21,nominal,2.0NRT,298.38,6.75,D,VIIRS
52.18643,32.68464,335.13,0.44,0.46,2026-07-02,09:52:00,N21,nominal,2.0NRT,301.81,5.22,D,VIIRS
52.30203,33.30725,331.43,0.41,0.45,2026-07-02,09:52:00,N21,low,2.0NRT,305.9,5.48,D,VIIRS
52.30339,33.3129,339.19,0.41,0.45,2026-07-02,09:52:00,N21,nominal,2.0NRT,302.32,5.48,D,VIIRS
46.70095,32.95839,367,0.38,0.59,2026-07-02,11:30:00,N21,high,2.0NRT,306.21,112.33,D,VIIRS
46.70145,32.97342,367,0.38,0.59,2026-07-02,11:30:00,N21,high,2.0NRT,304.41,12.41,D,VIIRS
46.69968,33.08517,320.7,0.39,0.59,2026-07-02,11:30:00,N21,low,2.0NRT,324.83,72.96,D,VIIRS
46.68681,32.70609,335.45,0.37,0.58,2026-07-02,11:30:00,N21,low,2.0NRT,306.64,7.82,D,VIIRS
46.69385,32.9088,351.41,0.38,0.59,2026-07-02,11:30:00,N21,nominal,2.0NRT,309.21,28.37,D,VIIRS
46.69603,32.97391,355.78,0.38,0.59,2026-07-02,11:30:00,N21,nominal,2.0NRT,303.6,12.41,D,VIIRS
46.69653,32.98899,339.29,0.38,0.59,2026-07-02,11:30:00,N21,nominal,2.0NRT,309.94,13.12,D,VIIRS
46.69687,32.99903,344.73,0.38,0.59,2026-07-02,11:30:00,N21,nominal,2.0NRT,307.89,10.57,D,VIIRS
46.69984,33.09024,355.16,0.39,0.59,2026-07-02,11:30:00,N21,nominal,2.0NRT,319.51,72.96,D,VIIRS
46.68173,32.56627,367,0.36,0.58,2026-07-02,11:30:00,N21,high,2.0NRT,308.99,12.42,D,VIIRS
46.69402,32.91379,367,0.38,0.59,2026-07-02,11:30:00,N21,high,2.0NRT,309.59,30.86,D,VIIRS
46.69519,32.94884,367,0.38,0.59,2026-07-02,11:30:00,N21,high,2.0NRT,311.76,41.81,D,VIIRS
46.6962,32.97894,367,0.38,0.59,2026-07-02,11:30:00,N21,high,2.0NRT,309.5,12.41,D,VIIRS
46.69637,32.98397,367,0.38,0.59,2026-07-02,11:30:00,N21,high,2.0NRT,311.89,13.12,D,VIIRS
46.70001,33.09533,367,0.39,0.59,2026-07-02,11:30:00,N21,high,2.0NRT,310.64,30.94,D,VIIRS
46.70277,33.18237,367,0.39,0.59,2026-07-02,11:30:00,N21,high,2.0NRT,315.2,31.13,D,VIIRS
46.70294,33.18753,367,0.39,0.59,2026-07-02,11:30:00,N21,high,2.0NRT,310.96,21.41,D,VIIRS
46.70305,32.64844,342.13,0.37,0.58,2026-07-02,11:30:00,N21,nominal,2.0NRT,307.16,5,D,VIIRS
46.6973,32.63914,335.66,0.37,0.58,2026-07-02,11:30:00,N21,low,2.0NRT,307.69,5.32,D,VIIRS
46.6975,32.64399,331.93,0.37,0.58,2026-07-02,11:30:00,N21,low,2.0NRT,306.82,5,D,VIIRS
46.69993,32.70213,352.91,0.37,0.58,2026-07-02,11:30:00,N21,nominal,2.0NRT,311.52,23.11,D,VIIRS
46.70013,32.70698,367,0.37,0.58,2026-07-02,11:30:00,N21,high,2.0NRT,307.66,23.11,D,VIIRS
46.72723,33.41206,367,0.4,0.6,2026-07-02,11:30:00,N21,high,2.0NRT,310.08,14.26,D,VIIRS
46.69437,32.69772,367,0.37,0.58,2026-07-02,11:30:00,N21,high,2.0NRT,307.01,16.43,D,VIIRS
46.68982,32.71763,338.22,0.37,0.58,2026-07-02,11:30:00,N21,nominal,2.0NRT,307.23,13.61,D,VIIRS
46.69891,32.94549,347.78,0.38,0.59,2026-07-02,11:30:00,N21,nominal,2.0NRT,311.1,40.51,D,VIIRS
46.6993,32.95549,353.57,0.38,0.59,2026-07-02,11:30:00,N21,nominal,2.0NRT,317.41,133.1,D,VIIRS
46.70028,32.98054,344.43,0.38,0.59,2026-07-02,11:30:00,N21,nominal,2.0NRT,307.72,20.58,D,VIIRS
46.70086,32.99563,336.9,0.38,0.59,2026-07-02,11:30:00,N21,low,2.0NRT,309.11,11.38,D,VIIRS
46.70105,33.00066,335.04,0.38,0.59,2026-07-02,11:30:00,N21,low,2.0NRT,308.15,7.99,D,VIIRS
46.70432,33.08666,337.94,0.39,0.59,2026-07-02,11:30:00,N21,nominal,2.0NRT,303.1,5.38,D,VIIRS
46.68922,32.70306,367,0.37,0.58,2026-07-02,11:30:00,N21,high,2.0NRT,308.72,24.46,D,VIIRS
46.70008,32.97555,367,0.38,0.59,2026-07-02,11:30:00,N21,high,2.0NRT,311.1,31.52,D,VIIRS
46.70451,33.09173,367,0.39,0.59,2026-07-02,11:30:00,N21,high,2.0NRT,307.49,9.64,D,VIIRS
46.76588,35.26789,367,0.49,0.65,2026-07-02,11:30:00,N21,high,2.0NRT,309.24,18.82,D,VIIRS
46.69886,33.08709,367,0.39,0.59,2026-07-02,11:30:00,N21,low,2.0NRT,328.99,56.31,D,VIIRS
46.69175,32.90104,354.7,0.38,0.59,2026-07-02,11:30:00,N21,nominal,2.0NRT,311.34,24.62,D,VIIRS
46.69233,32.91591,353.37,0.38,0.59,2026-07-02,11:30:00,N21,nominal,2.0NRT,309.85,59.84,D,VIIRS
46.69504,32.98605,344.19,0.38,0.59,2026-07-02,11:30:00,N21,nominal,2.0NRT,309.11,9.01,D,VIIRS
46.69562,33.00109,340.97,0.38,0.59,2026-07-02,11:30:00,N21,nominal,2.0NRT,305.88,5.94,D,VIIRS
46.69868,33.082,344.7,0.39,0.59,2026-07-02,11:30:00,N21,nominal,2.0NRT,309.49,56.31,D,VIIRS
46.69905,33.09215,355.46,0.39,0.59,2026-07-02,11:30:00,N21,nominal,2.0NRT,314.75,32.55,D,VIIRS
46.69925,33.09724,350.88,0.39,0.59,2026-07-02,11:30:00,N21,nominal,2.0NRT,309.08,32.55,D,VIIRS
46.70227,33.17906,350.51,0.39,0.59,2026-07-02,11:30:00,N21,nominal,2.0NRT,306.75,15.98,D,VIIRS
46.70265,33.18938,349.69,0.39,0.59,2026-07-02,11:30:00,N21,nominal,2.0NRT,309.94,17.24,D,VIIRS
46.67809,32.56406,367,0.36,0.58,2026-07-02,11:30:00,N21,high,2.0NRT,308.93,8.52,D,VIIRS
46.69484,32.98103,367,0.38,0.59,2026-07-02,11:30:00,N21,high,2.0NRT,309.44,9.01,D,VIIRS
46.70247,33.18425,367,0.39,0.59,2026-07-02,11:30:00,N21,high,2.0NRT,315.84,17.24,D,VIIRS
46.67316,32.57382,336.2,0.36,0.58,2026-07-02,11:30:00,N21,low,2.0NRT,309.38,9.69,D,VIIRS
46.6737,32.9978,367,0.38,0.59,2026-07-02,11:30:00,N21,high,2.0NRT,305.65,22.34,D,VIIRS
46.67389,33.00284,367,0.38,0.59,2026-07-02,11:30:00,N21,high,2.0NRT,310.87,21.27,D,VIIRS
46.67408,33.00789,367,0.38,0.59,2026-07-02,11:30:00,N21,high,2.0NRT,315.1,21.27,D,VIIRS
46.66827,32.99826,340.64,0.38,0.59,2026-07-02,11:30:00,N21,nominal,2.0NRT,312.7,22.34,D,VIIRS
46.66846,33.0033,367,0.38,0.59,2026-07-02,11:30:00,N21,high,2.0NRT,317.43,21.27,D,VIIRS
46.66864,33.00833,367,0.38,0.59,2026-07-02,11:30:00,N21,high,2.0NRT,313.79,21.27,D,VIIRS
46.65125,32.9794,355.25,0.38,0.59,2026-07-02,11:30:00,N21,nominal,2.0NRT,309.31,22.63,D,VIIRS
46.65162,32.98954,344.66,0.38,0.59,2026-07-02,11:30:00,N21,nominal,2.0NRT,309.93,14.68,D,VIIRS
46.65143,32.98447,367,0.38,0.59,2026-07-02,11:30:00,N21,high,2.0NRT,315.66,14.68,D,VIIRS
46.62467,32.43052,367,0.36,0.57,2026-07-02,11:30:00,N21,high,2.0NRT,312.78,18.11,D,VIIRS
46.64601,32.98498,367,0.38,0.59,2026-07-02,11:30:00,N21,high,2.0NRT,312.88,14.68,D,VIIRS
46.62518,32.71415,341.95,0.37,0.58,2026-07-02,11:30:00,N21,nominal,2.0NRT,306.07,5.96,D,VIIRS
46.61891,32.69043,367,0.37,0.58,2026-07-02,11:30:00,N21,high,2.0NRT,307.6,13.18,D,VIIRS
46.59786,32.70196,347.16,0.37,0.58,2026-07-02,11:30:00,N21,nominal,2.0NRT,311.02,8.39,D,VIIRS
46.59804,32.70679,343.44,0.37,0.58,2026-07-02,11:30:00,N21,nominal,2.0NRT,308.81,8.39,D,VIIRS
46.59892,32.73093,348.54,0.37,0.58,2026-07-02,11:30:00,N21,nominal,2.0NRT,306.86,6.66,D,VIIRS
46.59445,32.75593,341.49,0.37,0.58,2026-07-02,11:30:00,N21,nominal,2.0NRT,309.27,7.26,D,VIIRS
46.58733,32.70769,367,0.37,0.58,2026-07-02,11:30:00,N21,high,2.0NRT,318.32,92.27,D,VIIRS
46.53792,31.62699,346.21,0.33,0.55,2026-07-02,11:30:00,N21,nominal,2.0NRT,302.88,6.85,D,VIIRS
46.54239,31.72623,339.1,0.33,0.55,2026-07-02,11:30:00,N21,nominal,2.0NRT,305.63,5.42,D,VIIRS
46.54259,31.7306,343.26,0.33,0.55,2026-07-02,11:30:00,N21,nominal,2.0NRT,314.49,19.54,D,VIIRS
46.54278,31.73495,367,0.33,0.55,2026-07-02,11:30:00,N21,high,2.0NRT,306.49,19.54,D,VIIRS
46.60019,32.7048,355.81,0.37,0.58,2026-07-02,11:30:00,N21,nominal,2.0NRT,310.19,6.75,D,VIIRS
46.59483,32.70525,346.1,0.37,0.58,2026-07-02,11:30:00,N21,nominal,2.0NRT,309.72,6.75,D,VIIRS
46.59604,32.73424,347.19,0.37,0.58,2026-07-02,11:30:00,N21,nominal,2.0NRT,308.07,4.85,D,VIIRS
46.5395,31.626,341.94,0.33,0.55,2026-07-02,11:30:00,N21,nominal,2.0NRT,300.38,2.99,D,VIIRS
46.54473,31.72947,349.54,0.33,0.55,2026-07-02,11:30:00,N21,nominal,2.0NRT,304.79,9.58,D,VIIRS
46.58928,32.70083,345.86,0.37,0.58,2026-07-02,11:30:00,N21,nominal,2.0NRT,312.91,23.65,D,VIIRS
46.58948,32.70568,351.66,0.37,0.58,2026-07-02,11:30:00,N21,nominal,2.0NRT,323.55,23.65,D,VIIRS
46.58968,32.71054,337.38,0.37,0.58,2026-07-02,11:30:00,N21,nominal,2.0NRT,311.39,26.85,D,VIIRS
46.54494,31.73381,367,0.33,0.55,2026-07-02,11:30:00,N21,high,2.0NRT,304.54,9.58,D,VIIRS
46.59149,32.75431,367,0.37,0.58,2026-07-02,11:30:00,N21,high,2.0NRT,312.61,9.46,D,VIIRS
46.53962,31.72995,352.67,0.33,0.55,2026-07-02,11:30:00,N21,nominal,2.0NRT,311.19,9.58,D,VIIRS
46.58393,32.70126,347.28,0.37,0.58,2026-07-02,11:30:00,N21,nominal,2.0NRT,312.05,23.65,D,VIIRS
46.53984,31.73429,367,0.33,0.55,2026-07-02,11:30:00,N21,high,2.0NRT,305.8,9.58,D,VIIRS
46.58413,32.70611,367,0.37,0.58,2026-07-02,11:30:00,N21,high,2.0NRT,308.37,23.65,D,VIIRS
46.57101,32.78044,337.97,0.37,0.58,2026-07-02,11:30:00,N21,low,2.0NRT,311.2,5.71,D,VIIRS
46.50869,31.83393,353.66,0.33,0.56,2026-07-02,11:30:00,N21,nominal,2.0NRT,307.29,11.22,D,VIIRS
46.5089,31.83831,367,0.33,0.56,2026-07-02,11:30:00,N21,high,2.0NRT,307.61,8.69,D,VIIRS
46.5091,31.8427,367,0.33,0.56,2026-07-02,11:30:00,N21,high,2.0NRT,309.25,8.69,D,VIIRS
46.50377,31.83883,334.52,0.33,0.56,2026-07-02,11:30:00,N21,nominal,2.0NRT,302.85,8.69,D,VIIRS
46.50212,31.80382,367,0.33,0.56,2026-07-02,11:30:00,N21,high,2.0NRT,306.66,9.66,D,VIIRS
46.497,31.80434,367,0.33,0.56,2026-07-02,11:30:00,N21,high,2.0NRT,307.11,12.53,D,VIIRS
46.51822,32.80932,367,0.37,0.58,2026-07-02,11:30:00,N21,high,2.0NRT,308.34,11.69,D,VIIRS
46.5184,32.81422,367,0.37,0.58,2026-07-02,11:30:00,N21,high,2.0NRT,311.21,14.55,D,VIIRS
46.51212,32.79026,342.28,0.37,0.58,2026-07-02,11:30:00,N21,nominal,2.0NRT,308.23,5.45,D,VIIRS
46.5123,32.79514,344.55,0.37,0.58,2026-07-02,11:30:00,N21,nominal,2.0NRT,307.44,6.1,D,VIIRS
46.51248,32.79999,342.34,0.37,0.58,2026-07-02,11:30:00,N21,nominal,2.0NRT,307.99,6.1,D,VIIRS
46.51266,32.80486,333.86,0.37,0.58,2026-07-02,11:30:00,N21,nominal,2.0NRT,307.88,11.69,D,VIIRS
46.51302,32.81466,367,0.37,0.58,2026-07-02,11:30:00,N21,high,2.0NRT,312.31,14.55,D,VIIRS
46.48039,32.12761,338.2,0.35,0.56,2026-07-02,11:30:00,N21,nominal,2.0NRT,303.7,4.33,D,VIIRS
46.48097,32.14116,348.33,0.35,0.56,2026-07-02,11:30:00,N21,nominal,2.0NRT,304.51,12.07,D,VIIRS
46.50692,32.79558,367,0.37,0.58,2026-07-02,11:30:00,N21,high,2.0NRT,304.77,12.87,D,VIIRS
46.47538,32.13263,336.52,0.35,0.56,2026-07-02,11:30:00,N21,nominal,2.0NRT,305.75,4.33,D,VIIRS
46.48806,32.44171,335.79,0.36,0.57,2026-07-02,11:30:00,N21,nominal,2.0NRT,300.35,8.85,D,VIIRS
46.48824,32.44635,367,0.36,0.57,2026-07-02,11:30:00,N21,high,2.0NRT,305.24,8.85,D,VIIRS
46.49633,32.65554,367,0.37,0.58,2026-07-02,11:30:00,N21,high,2.0NRT,308.17,10.91,D,VIIRS
46.47037,32.13766,343.02,0.35,0.56,2026-07-02,11:30:00,N21,nominal,2.0NRT,306.52,6.41,D,VIIRS
46.48277,32.44208,355.39,0.36,0.57,2026-07-02,11:30:00,N21,nominal,2.0NRT,305.77,15.35,D,VIIRS
46.49689,32.81607,352.34,0.37,0.58,2026-07-02,11:30:00,N21,nominal,2.0NRT,309.44,16.17,D,VIIRS
46.48296,32.44677,367,0.36,0.57,2026-07-02,11:30:00,N21,high,2.0NRT,315.66,15.35,D,VIIRS
46.49654,32.8063,367,0.37,0.58,2026-07-02,11:30:00,N21,high,2.0NRT,308.96,30.13,D,VIIRS
46.49671,32.81118,367,0.37,0.58,2026-07-02,11:30:00,N21,high,2.0NRT,312.78,30.13,D,VIIRS
46.49116,32.80674,351.07,0.37,0.58,2026-07-02,11:30:00,N21,low,2.0NRT,328.68,30.13,D,VIIRS
46.47767,32.44716,344.38,0.36,0.57,2026-07-02,11:30:00,N21,nominal,2.0NRT,304.89,15.35,D,VIIRS
46.49098,32.80185,352.18,0.37,0.58,2026-07-02,11:30:00,N21,nominal,2.0NRT,307.7,26.9,D,VIIRS
46.47785,32.45184,367,0.36,0.57,2026-07-02,11:30:00,N21,high,2.0NRT,306.15,20.76,D,VIIRS
46.49134,32.81163,367,0.37,0.58,2026-07-02,11:30:00,N21,high,2.0NRT,315.39,30.13,D,VIIRS
46.49151,32.81653,367,0.37,0.58,2026-07-02,11:30:00,N21,high,2.0NRT,316.11,16.17,D,VIIRS
46.47239,32.44771,345.68,0.36,0.57,2026-07-02,11:30:00,N21,nominal,2.0NRT,307,8.63,D,VIIRS
46.47257,32.45238,348.96,0.36,0.57,2026-07-02,11:30:00,N21,nominal,2.0NRT,307.88,6.57,D,VIIRS
46.48596,32.81209,341.67,0.37,0.58,2026-07-02,11:30:00,N21,nominal,2.0NRT,312.97,8.63,D,VIIRS
46.48579,32.80719,367,0.37,0.58,2026-07-02,11:30:00,N21,high,2.0NRT,311.74,8.63,D,VIIRS
46.46438,32.37815,342.39,0.36,0.57,2026-07-02,11:30:00,N21,nominal,2.0NRT,303.2,8.72,D,VIIRS
46.46493,32.39215,339.75,0.36,0.57,2026-07-02,11:30:00,N21,nominal,2.0NRT,306.02,8.62,D,VIIRS
46.46475,32.38747,367,0.36,0.57,2026-07-02,11:30:00,N21,high,2.0NRT,306.75,8.62,D,VIIRS
46.46956,32.13876,338.78,0.35,0.56,2026-07-02,11:30:00,N21,nominal,2.0NRT,306.32,5.72,D,VIIRS
46.47426,32.23903,331.81,0.35,0.57,2026-07-02,11:30:00,N21,low,2.0NRT,305.26,3.75,D,VIIRS
46.48356,32.44283,350.74,0.36,0.57,2026-07-02,11:30:00,N21,nominal,2.0NRT,307.35,26.56,D,VIIRS
46.48376,32.44746,367,0.36,0.57,2026-07-02,11:30:00,N21,high,2.0NRT,315.47,38.49,D,VIIRS
46.49945,32.81147,367,0.37,0.58,2026-07-02,11:30:00,N21,high,2.0NRT,305.9,18.22,D,VIIRS
46.49368,32.80214,342.19,0.37,0.58,2026-07-02,11:30:00,N21,nominal,2.0NRT,304.8,28.16,D,VIIRS
46.49388,32.80704,350.92,0.37,0.58,2026-07-02,11:30:00,N21,nominal,2.0NRT,322.93,28.16,D,VIIRS
46.49408,32.81194,367,0.37,0.58,2026-07-02,11:30:00,N21,high,2.0NRT,316.12,18.22,D,VIIRS
46.49428,32.8168,367,0.37,0.58,2026-07-02,11:30:00,N21,high,2.0NRT,316.21,18.22,D,VIIRS
46.4732,32.44837,353.37,0.36,0.57,2026-07-02,11:30:00,N21,nominal,2.0NRT,308.13,8.64,D,VIIRS
46.4883,32.80258,344.33,0.37,0.58,2026-07-02,11:30:00,N21,nominal,2.0NRT,310.35,18.98,D,VIIRS
46.4885,32.80745,353.73,0.37,0.58,2026-07-02,11:30:00,N21,nominal,2.0NRT,322.7,18.98,D,VIIRS
46.4889,32.81723,346.18,0.37,0.58,2026-07-02,11:30:00,N21,nominal,2.0NRT,313.64,14.6,D,VIIRS
46.47341,32.45306,367,0.36,0.57,2026-07-02,11:30:00,N21,high,2.0NRT,310.25,8.64,D,VIIRS
46.4887,32.81235,367,0.37,0.58,2026-07-02,11:30:00,N21,high,2.0NRT,314.34,14.6,D,VIIRS
46.45753,32.21755,330.38,0.35,0.57,2026-07-02,11:30:00,N21,nominal,2.0NRT,299.73,1.84,D,VIIRS
46.46484,32.37898,339.72,0.36,0.57,2026-07-02,11:30:00,N21,nominal,2.0NRT,302.17,4.02,D,VIIRS
46.46525,32.38832,367,0.36,0.57,2026-07-02,11:30:00,N21,high,2.0NRT,306.65,8.69,D,VIIRS
46.45231,32.21807,302.76,0.35,0.57,2026-07-02,11:30:00,N21,low,2.0NRT,307.57,25.1,D,VIIRS
46.45251,32.2226,367,0.35,0.57,2026-07-02,11:30:00,N21,high,2.0NRT,300.95,25.1,D,VIIRS
46.4473,32.22312,351.81,0.35,0.57,2026-07-02,11:30:00,N21,nominal,2.0NRT,294.74,25.1,D,VIIRS
46.4541,32.37522,353.93,0.36,0.57,2026-07-02,11:30:00,N21,nominal,2.0NRT,310.51,21.04,D,VIIRS
46.45451,32.38451,367,0.36,0.57,2026-07-02,11:30:00,N21,high,2.0NRT,310.17,21.89,D,VIIRS
46.44187,32.21906,342.23,0.35,0.57,2026-07-02,11:30:00,N21,nominal,2.0NRT,291.38,4.62,D,VIIRS
46.44207,32.22363,344.34,0.35,0.57,2026-07-02,11:30:00,N21,nominal,2.0NRT,288.65,4.62,D,VIIRS
46.44843,32.36639,340.69,0.35,0.57,2026-07-02,11:30:00,N21,nominal,2.0NRT,309.55,13.94,D,VIIRS
46.44863,32.37102,355.08,0.35,0.57,2026-07-02,11:30:00,N21,nominal,2.0NRT,314.43,13.94,D,VIIRS
46.45551,32.53032,338.36,0.36,0.57,2026-07-02,11:30:00,N21,nominal,2.0NRT,308.62,8.9,D,VIIRS
46.44884,32.37568,367,0.36,0.57,2026-07-02,11:30:00,N21,high,2.0NRT,312.48,30.67,D,VIIRS
46.4553,32.52558,367,0.36,0.57,2026-07-02,11:30:00,N21,high,2.0NRT,312.72,8.9,D,VIIRS
46.43665,32.21955,367,0.35,0.57,2026-07-02,11:30:00,N21,high,2.0NRT,297.94,4.62,D,VIIRS
46.47501,34.02541,341.33,0.43,0.62,2026-07-02,11:30:00,N21,low,2.0NRT,315.05,17.02,D,VIIRS
46.47517,34.03101,346.79,0.43,0.62,2026-07-02,11:30:00,N21,nominal,2.0NRT,313.83,50.59,D,VIIRS
46.47533,34.03662,367,0.43,0.62,2026-07-02,11:30:00,N21,high,2.0NRT,309.35,50.59,D,VIIRS
46.46963,34.03698,367,0.43,0.62,2026-07-02,11:30:00,N21,low,2.0NRT,329.6,50.59,D,VIIRS
46.46978,34.0426,367,0.43,0.62,2026-07-02,11:30:00,N21,high,2.0NRT,319.82,100.2,D,VIIRS
46.34331,33.50306,341.66,0.4,0.6,2026-07-02,11:30:00,N21,nominal,2.0NRT,308.69,4.92,D,VIIRS
46.23933,33.36126,352.69,0.4,0.6,2026-07-02,11:30:00,N21,nominal,2.0NRT,307.61,5.95,D,VIIRS
46.15243,33.57229,345.31,0.4,0.6,2026-07-02,11:30:00,N21,nominal,2.0NRT,304.54,5.54,D,VIIRS
46.70093,32.11827,336.88,0.35,0.56,2026-07-02,11:30:00,N21,nominal,2.0NRT,306.19,3.99,D,VIIRS
45.54113,32.97712,367,0.37,0.58,2026-07-02,11:30:00,N21,high,2.0NRT,309.22,15.7,D,VIIRS
45.54396,32.97771,367,0.37,0.58,2026-07-02,11:30:00,N21,high,2.0NRT,307.92,11.18,D,VIIRS
45.53837,32.97316,340.15,0.37,0.58,2026-07-02,11:30:00,N21,nominal,2.0NRT,306.68,10.34,D,VIIRS
45.527589999999996,32.97348,334.23,0.37,0.58,2026-07-02,11:30:00,N21,nominal,2.0NRT,307.62,9.34,D,VIIRS
45.52739,32.96864,367,0.37,0.58,2026-07-02,11:30:00,N21,high,2.0NRT,308.78,10.51,D,VIIRS
45.31314,34.95351,342.13,0.47,0.64,2026-07-02,11:30:00,N21,nominal,2.0NRT,305.23,3.68,D,VIIRS
45.31513,34.95142,330.21,0.47,0.64,2026-07-02,11:30:00,N21,low,2.0NRT,304.22,3.12,D,VIIRS
45.23795,36.39396,347.77,0.55,0.68,2026-07-02,11:30:00,N21,nominal,2.0NRT,303.87,10.61,D,VIIRS
45.24096,36.39587,345.17,0.55,0.68,2026-07-02,11:30:00,N21,nominal,2.0NRT,303.57,14.08,D,VIIRS
49.40156,37.5654,334.27,0.65,0.73,2026-07-02,11:30:00,N21,nominal,2.0NRT,296.12,41.61,D,VIIRS
49.39484,37.56521,346.84,0.65,0.73,2026-07-02,11:30:00,N21,nominal,2.0NRT,298.63,41.61,D,VIIRS
49.39474,37.57397,367,0.65,0.73,2026-07-02,11:30:00,N21,high,2.0NRT,293.37,41.61,D,VIIRS
49.01477,38.12106,353.99,0.69,0.74,2026-07-02,11:30:00,N21,nominal,2.0NRT,292.99,12.26,D,VIIRS
49.01585,38.04567,367,0.68,0.74,2026-07-02,11:30:00,N21,high,2.0NRT,299,24.16,D,VIIRS
48.98736,38.1207,347.45,0.69,0.74,2026-07-02,11:30:00,N21,nominal,2.0NRT,301.17,14.72,D,VIIRS
48.97286,38.16808,345.15,0.69,0.74,2026-07-02,11:30:00,N21,nominal,2.0NRT,296.54,15.52,D,VIIRS
48.97271,38.17755,343.83,0.69,0.74,2026-07-02,11:30:00,N21,nominal,2.0NRT,300.44,15.52,D,VIIRS
48.93508,38.68279,341.02,0.73,0.76,2026-07-02,11:30:00,N21,nominal,2.0NRT,287.55,10.06,D,VIIRS
48.9283,38.67255,339.78,0.73,0.76,2026-07-02,11:30:00,N21,nominal,2.0NRT,301.38,26.19,D,VIIRS
48.92808,38.6824,367,0.73,0.76,2026-07-02,11:30:00,N21,high,2.0NRT,303.85,26.19,D,VIIRS
48.92085,38.69188,337.2,0.73,0.76,2026-07-02,11:30:00,N21,nominal,2.0NRT,300.18,44.38,D,VIIRS
48.92108,38.6821,367,0.73,0.76,2026-07-02,11:30:00,N21,high,2.0NRT,302.01,26.19,D,VIIRS
48.91407,38.6819,367,0.73,0.76,2026-07-02,11:30:00,N21,high,2.0NRT,299.72,15.02,D,VIIRS
48.97253,38.16775,340.94,0.69,0.74,2026-07-02,11:30:00,N21,nominal,2.0NRT,296.41,18.44,D,VIIRS
48.97242,38.17722,346.74,0.69,0.74,2026-07-02,11:30:00,N21,nominal,2.0NRT,300.39,28.68,D,VIIRS
48.96414,37.66944,330.83,0.65,0.73,2026-07-02,11:30:00,N21,nominal,2.0NRT,296.92,6.3,D,VIIRS
48.93022,38.67179,347.03,0.73,0.76,2026-07-02,11:30:00,N21,nominal,2.0NRT,299.87,29.41,D,VIIRS
48.93005,38.68162,367,0.73,0.76,2026-07-02,11:30:00,N21,high,2.0NRT,303.7,55.99,D,VIIRS
48.92304,38.68126,355.19,0.73,0.76,2026-07-02,11:30:00,N21,nominal,2.0NRT,302.41,21.96,D,VIIRS
48.92286,38.69104,346.14,0.73,0.76,2026-07-02,11:30:00,N21,nominal,2.0NRT,301.07,21.96,D,VIIRS
48.91604,38.681,354.75,0.73,0.76,2026-07-02,11:30:00,N21,nominal,2.0NRT,300.75,21.96,D,VIIRS
48.83758,36.9147,331.96,0.6,0.71,2026-07-02,11:30:00,N21,nominal,2.0NRT,301.55,12.56,D,VIIRS
48.83861,36.91355,334.55,0.6,0.71,2026-07-02,11:30:00,N21,nominal,2.0NRT,300.82,10.14,D,VIIRS
48.78098,38.88635,331.91,0.74,0.76,2026-07-02,11:30:00,N21,nominal,2.0NRT,297.01,8.5,D,VIIRS
48.70393,37.64436,332.92,0.65,0.73,2026-07-02,11:30:00,N21,nominal,2.0NRT,297.66,6.18,D,VIIRS
48.63018,36.96668,331.92,0.61,0.71,2026-07-02,11:30:00,N21,nominal,2.0NRT,299.34,3.72,D,VIIRS
48.66817,37.57261,331.6,0.65,0.73,2026-07-02,11:30:00,N21,nominal,2.0NRT,301.51,6.32,D,VIIRS
48.51746,37.82027,330.45,0.66,0.73,2026-07-02,11:30:00,N21,nominal,2.0NRT,299.45,8.99,D,VIIRS
48.51735,37.82874,343.15,0.66,0.73,2026-07-02,11:30:00,N21,nominal,2.0NRT,299.63,12.52,D,VIIRS
48.51836,37.17302,330.67,0.62,0.71,2026-07-02,11:30:00,N21,nominal,2.0NRT,297.96,6.07,D,VIIRS
48.51374,37.17288,338.52,0.62,0.71,2026-07-02,11:30:00,N21,nominal,2.0NRT,297.74,7.35,D,VIIRS
48.48781,37.89144,343.56,0.67,0.73,2026-07-02,11:30:00,N21,nominal,2.0NRT,301.09,13.07,D,VIIRS
48.46519,38.49942,342.16,0.71,0.75,2026-07-02,11:30:00,N21,nominal,2.0NRT,302.06,16.76,D,VIIRS
48.4584,38.49014,336.18,0.71,0.75,2026-07-02,11:30:00,N21,nominal,2.0NRT,304.5,15.94,D,VIIRS
48.45824,38.49926,349.5,0.71,0.75,2026-07-02,11:30:00,N21,nominal,2.0NRT,304.09,15.94,D,VIIRS
48.45883,37.44656,341.48,0.64,0.72,2026-07-02,11:30:00,N21,nominal,2.0NRT,296.05,8.51,D,VIIRS
48.454,37.23108,367,0.62,0.72,2026-07-02,11:30:00,N21,high,2.0NRT,299.2,13.17,D,VIIRS
48.42979,37.658,335.05,0.65,0.73,2026-07-02,11:30:00,N21,nominal,2.0NRT,299.16,6.23,D,VIIRS
48.45266,38.49234,342.84,0.71,0.75,2026-07-02,11:30:00,N21,nominal,2.0NRT,298.02,14.65,D,VIIRS
48.45628,37.23408,353.91,0.62,0.72,2026-07-02,11:30:00,N21,nominal,2.0NRT,299.13,14.49,D,VIIRS
48.45544,37.44961,339.98,0.64,0.72,2026-07-02,11:30:00,N21,nominal,2.0NRT,298.38,6.63,D,VIIRS
48.35295,37.7024,334.09,0.65,0.73,2026-07-02,11:30:00,N21,nominal,2.0NRT,298.93,5.08,D,VIIRS
48.32859,37.47263,336.76,0.64,0.72,2026-07-02,11:30:00,N21,nominal,2.0NRT,298.2,6.5,D,VIIRS
48.32132,36.59048,331.71,0.58,0.7,2026-07-02,11:30:00,N21,nominal,2.0NRT,301.71,5.93,D,VIIRS
48.31895,37.05762,331.6,0.61,0.71,2026-07-02,11:30:00,N21,nominal,2.0NRT,300.05,8.49,D,VIIRS
48.35707,37.70255,333.86,0.65,0.73,2026-07-02,11:30:00,N21,nominal,2.0NRT,298.16,7.13,D,VIIRS
48.32497,37.47272,333.86,0.64,0.72,2026-07-02,11:30:00,N21,nominal,2.0NRT,297.56,5.91,D,VIIRS
48.32008,37.05806,331.27,0.61,0.71,2026-07-02,11:30:00,N21,nominal,2.0NRT,299.96,4.63,D,VIIRS
48.28714,37.09911,337.48,0.61,0.71,2026-07-02,11:30:00,N21,nominal,2.0NRT,302.98,16.58,D,VIIRS
48.2871,37.10738,367,0.61,0.71,2026-07-02,11:30:00,N21,high,2.0NRT,300.14,16.58,D,VIIRS
48.24258,35.99833,334.9,0.54,0.68,2026-07-02,11:30:00,N21,nominal,2.0NRT,297.89,3.56,D,VIIRS
48.22393,36.55108,339.62,0.58,0.69,2026-07-02,11:30:00,N21,nominal,2.0NRT,299.01,7.54,D,VIIRS
48.22293,36.55075,338.76,0.58,0.69,2026-07-02,11:30:00,N21,nominal,2.0NRT,299.15,7.02,D,VIIRS
48.11572,35.35232,339.16,0.51,0.66,2026-07-02,11:30:00,N21,nominal,2.0NRT,300.51,6.61,D,VIIRS
48.08075,36.5811,345.28,0.58,0.7,2026-07-02,11:30:00,N21,nominal,2.0NRT,296.09,8.83,D,VIIRS
48.05212,37.38639,333.78,0.63,0.72,2026-07-02,11:30:00,N21,nominal,2.0NRT,297.6,5.87,D,VIIRS
48.04818,36.85754,349.04,0.6,0.7,2026-07-02,11:30:00,N21,nominal,2.0NRT,300.14,11.16,D,VIIRS
48.04466,37.49007,330.32,0.64,0.72,2026-07-02,11:30:00,N21,nominal,2.0NRT,298.29,7.04,D,VIIRS
48.00383,36.14751,343.4,0.55,0.68,2026-07-02,11:30:00,N21,nominal,2.0NRT,295.95,68.8,D,VIIRS
48.00385,36.15494,353.88,0.55,0.68,2026-07-02,11:30:00,N21,nominal,2.0NRT,306.26,76.41,D,VIIRS
48.00387,36.16983,339.44,0.55,0.68,2026-07-02,11:30:00,N21,nominal,2.0NRT,300.05,12.31,D,VIIRS
48.00386,36.16237,367,0.55,0.68,2026-07-02,11:30:00,N21,high,2.0NRT,301.66,76.41,D,VIIRS
48.04847,36.85749,340.78,0.6,0.7,2026-07-02,11:30:00,N21,nominal,2.0NRT,299.61,15.37,D,VIIRS
48.00726,36.16251,336.68,0.55,0.68,2026-07-02,11:30:00,N21,nominal,2.0NRT,297.66,33.69,D,VIIRS
48.0073,36.16997,332.89,0.55,0.68,2026-07-02,11:30:00,N21,nominal,2.0NRT,299.07,33.69,D,VIIRS
48.0009,36.15514,345.66,0.55,0.68,2026-07-02,11:30:00,N21,nominal,2.0NRT,314.72,296.26,D,VIIRS
48.00095,36.16257,367,0.55,0.68,2026-07-02,11:30:00,N21,high,2.0NRT,300.15,33.69,D,VIIRS
47.97057,36.57378,348,0.58,0.69,2026-07-02,11:30:00,N21,nominal,2.0NRT,298.95,13.11,D,VIIRS
47.95747,36.88179,339.53,0.6,0.7,2026-07-02,11:30:00,N21,nominal,2.0NRT,298.02,5.08,D,VIIRS
47.9482,37.44585,337.43,0.63,0.72,2026-07-02,11:30:00,N21,nominal,2.0NRT,300.79,13.13,D,VIIRS
47.94814,37.45456,331.73,0.63,0.72,2026-07-02,11:30:00,N21,nominal,2.0NRT,300.85,10.18,D,VIIRS
47.92566,36.42706,333.63,0.57,0.69,2026-07-02,11:30:00,N21,nominal,2.0NRT,296.96,14.8,D,VIIRS
47.92557,36.62779,335.05,0.58,0.7,2026-07-02,11:30:00,N21,nominal,2.0NRT,298.21,5.52,D,VIIRS
47.92566,36.43484,367,0.57,0.69,2026-07-02,11:30:00,N21,high,2.0NRT,300.99,24.38,D,VIIRS
47.92566,36.44252,367,0.57,0.69,2026-07-02,11:30:00,N21,high,2.0NRT,298.85,24.38,D,VIIRS
47.8685,33.23024,330.46,0.4,0.6,2026-07-02,11:30:00,N21,low,2.0NRT,305.21,2.19,D,VIIRS
47.91207,36.85034,332.29,0.59,0.7,2026-07-02,11:30:00,N21,nominal,2.0NRT,297.61,12.41,D,VIIRS
47.9121,36.84243,367,0.59,0.7,2026-07-02,11:30:00,N21,high,2.0NRT,299.06,12.41,D,VIIRS
47.90548,36.87402,340.47,0.6,0.7,2026-07-02,11:30:00,N21,nominal,2.0NRT,296.64,9.27,D,VIIRS
47.8632,33.44915,343.94,0.41,0.61,2026-07-02,11:30:00,N21,nominal,2.0NRT,311.62,10.09,D,VIIRS
47.86905,33.23302,332.1,0.4,0.6,2026-07-02,11:30:00,N21,low,2.0NRT,306.33,2.8,D,VIIRS
47.92382,36.42792,350.76,0.57,0.69,2026-07-02,11:30:00,N21,nominal,2.0NRT,298.37,26.48,D,VIIRS
47.92466,36.62857,334.69,0.58,0.7,2026-07-02,11:30:00,N21,nominal,2.0NRT,298.58,5.67,D,VIIRS
47.92386,36.4357,367,0.57,0.69,2026-07-02,11:30:00,N21,high,2.0NRT,300.38,26.48,D,VIIRS
47.9239,36.4434,367,0.57,0.69,2026-07-02,11:30:00,N21,high,2.0NRT,297.35,25.39,D,VIIRS
47.85909,33.44654,367,0.41,0.61,2026-07-02,11:30:00,N21,high,2.0NRT,313.2,16.57,D,VIIRS
47.91219,36.8429,367,0.59,0.7,2026-07-02,11:30:00,N21,high,2.0NRT,299.17,22.57,D,VIIRS
47.90571,36.87445,340.96,0.6,0.7,2026-07-02,11:30:00,N21,nominal,2.0NRT,296.93,5.72,D,VIIRS
47.90431,37.48757,334.6,0.64,0.72,2026-07-02,11:30:00,N21,nominal,2.0NRT,300.85,7.88,D,VIIRS
47.87966,36.65234,367,0.58,0.7,2026-07-02,11:30:00,N21,high,2.0NRT,297.21,16.03,D,VIIRS
47.86035,36.73078,334.27,0.59,0.7,2026-07-02,11:30:00,N21,nominal,2.0NRT,297.15,4.75,D,VIIRS
47.83313,37.15833,336.69,0.61,0.71,2026-07-02,11:30:00,N21,nominal,2.0NRT,301.27,10.13,D,VIIRS
47.82799,36.76268,335.73,0.59,0.7,2026-07-02,11:30:00,N21,nominal,2.0NRT,299.58,8.66,D,VIIRS
47.83444,36.74999,330.99,0.59,0.7,2026-07-02,11:30:00,N21,nominal,2.0NRT,299.39,5.59,D,VIIRS
47.835,37.16143,338.52,0.61,0.71,2026-07-02,11:30:00,N21,nominal,2.0NRT,299.32,8.72,D,VIIRS
47.79957,36.16119,334.32,0.55,0.68,2026-07-02,11:30:00,N21,nominal,2.0NRT,298.8,4.16,D,VIIRS
47.75037,36.81476,340.81,0.59,0.7,2026-07-02,11:30:00,N21,nominal,2.0NRT,299.85,8.22,D,VIIRS
47.74392,36.79069,330.19,0.59,0.7,2026-07-02,11:30:00,N21,low,2.0NRT,300.32,12.45,D,VIIRS
47.72944,35.99413,350.03,0.54,0.68,2026-07-02,11:30:00,N21,nominal,2.0NRT,297.66,7.94,D,VIIRS
47.7318,35.99506,353.45,0.54,0.68,2026-07-02,11:30:00,N21,nominal,2.0NRT,298.11,11.66,D,VIIRS
47.67153,35.1341,332.2,0.49,0.65,2026-07-02,11:30:00,N21,low,2.0NRT,307,16.05,D,VIIRS
47.67507,35.94486,367,0.54,0.68,2026-07-02,11:30:00,N21,high,2.0NRT,300.84,22.35,D,VIIRS
47.65866,35.08155,345.73,0.49,0.65,2026-07-02,11:30:00,N21,nominal,2.0NRT,299.84,13.39,D,VIIRS
47.65265,35.08182,349.43,0.49,0.65,2026-07-02,11:30:00,N21,nominal,2.0NRT,298.2,13.39,D,VIIRS
47.65524,35.26035,331.7,0.5,0.66,2026-07-02,11:30:00,N21,nominal,2.0NRT,300.72,11.17,D,VIIRS
47.65073,35.38052,330.84,0.5,0.66,2026-07-02,11:30:00,N21,low,2.0NRT,301.95,4.59,D,VIIRS
47.64644,35.06907,367,0.49,0.65,2026-07-02,11:30:00,N21,high,2.0NRT,303.14,10.88,D,VIIRS
47.64034,35.06276,330.42,0.49,0.65,2026-07-02,11:30:00,N21,nominal,2.0NRT,304.18,10.88,D,VIIRS
47.63765,35.30764,341.87,0.5,0.66,2026-07-02,11:30:00,N21,nominal,2.0NRT,299.81,20.02,D,VIIRS
47.63774,35.31419,330.58,0.5,0.66,2026-07-02,11:30:00,N21,nominal,2.0NRT,300.22,66.41,D,VIIRS
47.64401,35.96822,330.02,0.54,0.68,2026-07-02,11:30:00,N21,nominal,2.0NRT,298.4,5.23,D,VIIRS
47.63782,35.32096,367,0.5,0.66,2026-07-02,11:30:00,N21,high,2.0NRT,301.16,66.41,D,VIIRS
47.63158,35.3073,354.43,0.5,0.66,2026-07-02,11:30:00,N21,nominal,2.0NRT,302.2,20.02,D,VIIRS
47.63174,35.32066,367,0.5,0.66,2026-07-02,11:30:00,N21,high,2.0NRT,307.37,66.41,D,VIIRS
47.62535,35.9835,335.44,0.54,0.68,2026-07-02,11:30:00,N21,nominal,2.0NRT,299.96,10.15,D,VIIRS
47.62543,35.99782,345.41,0.54,0.68,2026-07-02,11:30:00,N21,nominal,2.0NRT,300.22,10.07,D,VIIRS
47.61328,35.30122,340.08,0.5,0.66,2026-07-02,11:30:00,N21,nominal,2.0NRT,299.73,3.75,D,VIIRS
47.61854,35.88976,335.8,0.53,0.67,2026-07-02,11:30:00,N21,nominal,2.0NRT,300.12,6.91,D,VIIRS
47.60386,35.03172,341.39,0.49,0.65,2026-07-02,11:30:00,N21,nominal,2.0NRT,299.42,10.29,D,VIIRS
47.60707,35.28873,347.83,0.5,0.66,2026-07-02,11:30:00,N21,nominal,2.0NRT,301.56,8.55,D,VIIRS
47.6132,36.05656,338.57,0.54,0.68,2026-07-02,11:30:00,N21,nominal,2.0NRT,300.66,5.36,D,VIIRS
47.60107,35.29538,335.1,0.5,0.66,2026-07-02,11:30:00,N21,nominal,2.0NRT,300.73,6.55,D,VIIRS
47.60421,35.62123,338.12,0.52,0.67,2026-07-02,11:30:00,N21,nominal,2.0NRT,300.61,8.15,D,VIIRS
47.59413,34.77345,367,0.47,0.64,2026-07-02,11:30:00,N21,high,2.0NRT,307.66,32.83,D,VIIRS
47.59107,34.97218,339.67,0.48,0.65,2026-07-02,11:30:00,N21,nominal,2.0NRT,300.66,5.33,D,VIIRS
47.58791,34.75491,367,0.47,0.64,2026-07-02,11:30:00,N21,high,2.0NRT,302.73,12.23,D,VIIRS
47.58228,34.77438,334.62,0.47,0.64,2026-07-02,11:30:00,N21,low,2.0NRT,305.13,6.37,D,VIIRS
47.59289,35.76356,330.48,0.53,0.67,2026-07-02,11:30:00,N21,nominal,2.0NRT,299.31,7.9,D,VIIRS
47.58673,35.77085,344.38,0.53,0.67,2026-07-02,11:30:00,N21,nominal,2.0NRT,299.36,12.95,D,VIIRS
47.5869,35.7987,332.01,0.53,0.67,2026-07-02,11:30:00,N21,nominal,2.0NRT,299.92,5.89,D,VIIRS
47.58694,35.80555,336.07,0.53,0.67,2026-07-02,11:30:00,N21,nominal,2.0NRT,299.16,5.89,D,VIIRS
47.58828,36.10773,330.77,0.55,0.68,2026-07-02,11:30:00,N21,nominal,2.0NRT,300.55,3.21,D,VIIRS
47.62771,35.98428,338.33,0.54,0.68,2026-07-02,11:30:00,N21,nominal,2.0NRT,299.9,4.17,D,VIIRS
47.62786,35.99853,347.26,0.54,0.68,2026-07-02,11:30:00,N21,nominal,2.0NRT,301.23,13.82,D,VIIRS
47.60765,35.03313,338.58,0.49,0.65,2026-07-02,11:30:00,N21,nominal,2.0NRT,300.49,3.64,D,VIIRS
47.61236,35.30261,336.93,0.5,0.66,2026-07-02,11:30:00,N21,nominal,2.0NRT,299.66,3.89,D,VIIRS
47.59649,34.76887,334.84,0.47,0.64,2026-07-02,11:30:00,N21,nominal,2.0NRT,303.1,19.69,D,VIIRS
47.60608,35.29005,344.91,0.5,0.66,2026-07-02,11:30:00,N21,nominal,2.0NRT,301.36,7.72,D,VIIRS
47.61592,36.05721,335.42,0.54,0.68,2026-07-02,11:30:00,N21,nominal,2.0NRT,299.56,9.93,D,VIIRS
47.59662,34.77512,367,0.47,0.64,2026-07-02,11:30:00,N21,high,2.0NRT,302.96,14.41,D,VIIRS
47.59018,34.75033,342.18,0.47,0.64,2026-07-02,11:30:00,N21,nominal,2.0NRT,302.14,8.94,D,VIIRS
47.59069,34.77509,347.47,0.47,0.64,2026-07-02,11:30:00,N21,nominal,2.0NRT,308.73,14.41,D,VIIRS
47.60012,35.29676,336.25,0.5,0.66,2026-07-02,11:30:00,N21,nominal,2.0NRT,301.13,6.77,D,VIIRS
47.60481,35.62232,334.6,0.52,0.67,2026-07-02,11:30:00,N21,nominal,2.0NRT,300.52,3.37,D,VIIRS
47.58438,34.75663,338.66,0.47,0.64,2026-07-02,11:30:00,N21,nominal,2.0NRT,302.08,8.9,D,VIIRS
47.58464,34.76925,334.27,0.47,0.64,2026-07-02,11:30:00,N21,low,2.0NRT,305.38,6.63,D,VIIRS
47.58476,34.77557,336.21,0.47,0.64,2026-07-02,11:30:00,N21,low,2.0NRT,307.28,6.54,D,VIIRS
47.58857,34.97366,334.45,0.48,0.65,2026-07-02,11:30:00,N21,nominal,2.0NRT,301.55,8.78,D,VIIRS
47.58799,35.7647,336.96,0.53,0.67,2026-07-02,11:30:00,N21,nominal,2.0NRT,299.09,6.85,D,VIIRS
47.58807,35.77159,339.79,0.53,0.67,2026-07-02,11:30:00,N21,nominal,2.0NRT,299.5,6.85,D,VIIRS
47.58837,35.79933,335.11,0.53,0.67,2026-07-02,11:30:00,N21,nominal,2.0NRT,300.5,7.23,D,VIIRS
47.58844,35.80618,330.22,0.53,0.67,2026-07-02,11:30:00,N21,nominal,2.0NRT,299.51,7.55,D,VIIRS
47.58497,36.1085,331.72,0.55,0.68,2026-07-02,11:30:00,N21,nominal,2.0NRT,300.99,6.71,D,VIIRS
47.58514,36.13023,338.11,0.55,0.68,2026-07-02,11:30:00,N21,nominal,2.0NRT,303.64,9.86,D,VIIRS
47.58519,36.13749,341.72,0.55,0.68,2026-07-02,11:30:00,N21,nominal,2.0NRT,302.27,8.77,D,VIIRS
47.57027,35.3317,337.04,0.5,0.66,2026-07-02,11:30:00,N21,nominal,2.0NRT,301.68,4.87,D,VIIRS
47.57046,35.34459,331.76,0.5,0.66,2026-07-02,11:30:00,N21,nominal,2.0NRT,300.77,7.11,D,VIIRS
47.54034,34.62236,355.31,0.46,0.64,2026-07-02,11:30:00,N21,nominal,2.0NRT,307.67,26.98,D,VIIRS
47.55888,35.97746,333.7,0.54,0.68,2026-07-02,11:30:00,N21,nominal,2.0NRT,300.66,4.04,D,VIIRS
47.54046,34.62859,367,0.46,0.64,2026-07-02,11:30:00,N21,high,2.0NRT,316.65,50.6,D,VIIRS
47.53457,34.6288,367,0.46,0.64,2026-07-02,11:30:00,N21,high,2.0NRT,310.92,16.52,D,VIIRS
47.53083,35.61074,334.97,0.52,0.67,2026-07-02,11:30:00,N21,nominal,2.0NRT,303.91,6.86,D,VIIRS
47.5337,35.95068,331.49,0.54,0.68,2026-07-02,11:30:00,N21,nominal,2.0NRT,299.1,3.93,D,VIIRS
47.52796,36.02991,331.06,0.54,0.68,2026-07-02,11:30:00,N21,low,2.0NRT,301.61,2.51,D,VIIRS
47.52859,36.14513,331.38,0.55,0.68,2026-07-02,11:30:00,N21,nominal,2.0NRT,300.77,3.45,D,VIIRS
47.51226,35.59753,338.45,0.52,0.67,2026-07-02,11:30:00,N21,nominal,2.0NRT,304.25,3.89,D,VIIRS
47.51232,35.60433,330.91,0.52,0.67,2026-07-02,11:30:00,N21,nominal,2.0NRT,302.42,3.89,D,VIIRS
47.50388,35.3731,338.84,0.5,0.66,2026-07-02,11:30:00,N21,nominal,2.0NRT,304.17,4.45,D,VIIRS
47.50228,35.91457,331.93,0.53,0.67,2026-07-02,11:30:00,N21,nominal,2.0NRT,299.87,5.4,D,VIIRS
47.49327,35.00521,367,0.48,0.65,2026-07-02,11:30:00,N21,high,2.0NRT,302.41,14.52,D,VIIRS
47.49601,35.90719,336.78,0.53,0.67,2026-07-02,11:30:00,N21,nominal,2.0NRT,300.32,5.4,D,VIIRS
47.47139,34.7317,332.61,0.47,0.64,2026-07-02,11:30:00,N21,nominal,2.0NRT,301.29,11.39,D,VIIRS
47.47149,34.73798,367,0.47,0.64,2026-07-02,11:30:00,N21,high,2.0NRT,306.02,11.39,D,VIIRS
47.51267,35.59501,340.02,0.52,0.67,2026-07-02,11:30:00,N21,nominal,2.0NRT,304.17,10.98,D,VIIRS
47.51276,35.60184,334.35,0.52,0.67,2026-07-02,11:30:00,N21,nominal,2.0NRT,304.05,7.78,D,VIIRS
47.5032,35.37084,331.39,0.5,0.66,2026-07-02,11:30:00,N21,low,2.0NRT,304.32,4.36,D,VIIRS
47.498,35.91155,341.06,0.53,0.67,2026-07-02,11:30:00,N21,nominal,2.0NRT,300.81,10.85,D,VIIRS
47.43884,33.40897,343.44,0.41,0.6,2026-07-02,11:30:00,N21,nominal,2.0NRT,307.12,5.49,D,VIIRS
47.47368,34.7362,367,0.47,0.64,2026-07-02,11:30:00,N21,high,2.0NRT,307.61,23.37,D,VIIRS
47.4557,34.44676,334.79,0.45,0.63,2026-07-02,11:30:00,N21,low,2.0NRT,306.71,8.23,D,VIIRS
47.47239,35.34518,334.11,0.5,0.66,2026-07-02,11:30:00,N21,low,2.0NRT,305.02,8.14,D,VIIRS
47.4636,35.60358,347.25,0.52,0.67,2026-07-02,11:30:00,N21,nominal,2.0NRT,302.85,7.57,D,VIIRS
47.44218,35.94184,333.57,0.54,0.68,2026-07-02,11:30:00,N21,nominal,2.0NRT,300.55,4.96,D,VIIRS
47.40593,34.05073,338.03,0.43,0.62,2026-07-02,11:30:00,N21,nominal,2.0NRT,302.57,5.87,D,VIIRS
47.40606,34.05627,340.18,0.44,0.62,2026-07-02,11:30:00,N21,nominal,2.0NRT,304.07,5.87,D,VIIRS
47.39432,34.04522,341.53,0.43,0.62,2026-07-02,11:30:00,N21,nominal,2.0NRT,304.66,9.04,D,VIIRS
47.39458,34.05633,343.48,0.44,0.62,2026-07-02,11:30:00,N21,nominal,2.0NRT,302.66,11.09,D,VIIRS
47.39472,34.06216,339.67,0.44,0.62,2026-07-02,11:30:00,N21,nominal,2.0NRT,306.11,10.15,D,VIIRS
47.38256,33.79902,342.25,0.42,0.61,2026-07-02,11:30:00,N21,nominal,2.0NRT,306.76,5.13,D,VIIRS
47.38872,34.05082,367,0.43,0.62,2026-07-02,11:30:00,N21,high,2.0NRT,307.82,11.09,D,VIIRS
47.37703,33.805,351.21,0.42,0.61,2026-07-02,11:30:00,N21,nominal,2.0NRT,308.86,13.32,D,VIIRS
47.39767,35.813720000000004,338.18,0.53,0.67,2026-07-02,11:30:00,N21,nominal,2.0NRT,300.26,11.37,D,VIIRS
47.39762,35.80674,367,0.53,0.67,2026-07-02,11:30:00,N21,high,2.0NRT,303.9,21.24,D,VIIRS
47.39926,35.81419,338.35,0.53,0.67,2026-07-02,11:30:00,N21,nominal,2.0NRT,300.07,11.48,D,VIIRS
47.39918,35.80719,367,0.53,0.67,2026-07-02,11:30:00,N21,high,2.0NRT,302.67,11.48,D,VIIRS
47.30257,33.86816,367,0.43,0.62,2026-07-02,11:30:00,N21,high,2.0NRT,304.12,7.12,D,VIIRS
47.29674,33.863,345.28,0.43,0.62,2026-07-02,11:30:00,N21,nominal,2.0NRT,308.08,22.54,D,VIIRS
47.29689,33.86856,367,0.43,0.62,2026-07-02,11:30:00,N21,high,2.0NRT,307.12,48.09,D,VIIRS
47.29092,33.85775,341.75,0.42,0.61,2026-07-02,11:30:00,N21,nominal,2.0NRT,300.08,22.54,D,VIIRS
47.29107,33.86344,367,0.43,0.62,2026-07-02,11:30:00,N21,high,2.0NRT,307.3,22.54,D,VIIRS
47.28466,33.83533,348.5,0.42,0.61,2026-07-02,11:30:00,N21,nominal,2.0NRT,300.68,25.96,D,VIIRS
47.2848,33.84101,353.74,0.42,0.61,2026-07-02,11:30:00,N21,nominal,2.0NRT,291.65,25.96,D,VIIRS
47.31855,35.80318,342.83,0.53,0.67,2026-07-02,11:30:00,N21,nominal,2.0NRT,297.56,12.24,D,VIIRS
47.318600000000004,35.81018,352.94,0.53,0.67,2026-07-02,11:30:00,N21,nominal,2.0NRT,304.37,25.87,D,VIIRS
47.28436,33.82397,367,0.42,0.61,2026-07-02,11:30:00,N21,high,2.0NRT,301.61,11.75,D,VIIRS
47.2845,33.82962,367,0.42,0.61,2026-07-02,11:30:00,N21,high,2.0NRT,304.17,11.75,D,VIIRS
47.31866,35.8172,367,0.53,0.67,2026-07-02,11:30:00,N21,high,2.0NRT,304.58,25.87,D,VIIRS
47.27869,33.82434,353.71,0.42,0.61,2026-07-02,11:30:00,N21,nominal,2.0NRT,299.6,11.75,D,VIIRS
47.27884,33.83003,367,0.42,0.61,2026-07-02,11:30:00,N21,high,2.0NRT,299.54,11.75,D,VIIRS
47.26807,33.85392,339.31,0.42,0.61,2026-07-02,11:30:00,N21,nominal,2.0NRT,304.95,7.64,D,VIIRS
47.31356,35.81195,367,0.53,0.67,2026-07-02,11:30:00,N21,high,2.0NRT,301.77,18.35,D,VIIRS
47.26116,35.57806,344.4,0.51,0.66,2026-07-02,11:30:00,N21,nominal,2.0NRT,300.73,25.98,D,VIIRS
47.26125,35.58481,355.06,0.51,0.66,2026-07-02,11:30:00,N21,nominal,2.0NRT,315.19,46.25,D,VIIRS
47.26143,35.59867,337.23,0.51,0.66,2026-07-02,11:30:00,N21,nominal,2.0NRT,302.83,12.39,D,VIIRS
47.26134,35.59174,367,0.51,0.66,2026-07-02,11:30:00,N21,high,2.0NRT,306.23,46.25,D,VIIRS
47.25503,35.57833,350.27,0.51,0.66,2026-07-02,11:30:00,N21,nominal,2.0NRT,302.2,25.98,D,VIIRS
47.25529,35.59939,346.26,0.51,0.66,2026-07-02,11:30:00,N21,nominal,2.0NRT,306.33,12.39,D,VIIRS
47.25512,35.58535,367,0.51,0.66,2026-07-02,11:30:00,N21,high,2.0NRT,305.89,46.25,D,VIIRS
47.08521,31.51329,367,0.33,0.55,2026-07-02,11:30:00,N21,high,2.0NRT,309.65,31.04,D,VIIRS
47.07623,31.53996,352.42,0.33,0.55,2026-07-02,11:30:00,N21,nominal,2.0NRT,308.57,7.69,D,VIIRS
47.07135,31.54481,345.57,0.33,0.55,2026-07-02,11:30:00,N21,nominal,2.0NRT,308.02,9.85,D,VIIRS
47.07173,31.55335,338.93,0.33,0.55,2026-07-02,11:30:00,N21,nominal,2.0NRT,310.82,9.43,D,VIIRS
47.07154,31.54906,367,0.33,0.55,2026-07-02,11:30:00,N21,high,2.0NRT,312.67,9.85,D,VIIRS
47.07407,31.60567,367,0.33,0.55,2026-07-02,11:30:00,N21,high,2.0NRT,311.97,10.72,D,VIIRS
47.07426,31.61002,367,0.33,0.55,2026-07-02,11:30:00,N21,high,2.0NRT,312.59,10.72,D,VIIRS
47.06684,31.55822,351.47,0.33,0.55,2026-07-02,11:30:00,N21,nominal,2.0NRT,309.15,9.73,D,VIIRS
47.06704,31.56256,343.25,0.33,0.55,2026-07-02,11:30:00,N21,nominal,2.0NRT,310.53,5.42,D,VIIRS
47.06723,31.56691,336.31,0.33,0.55,2026-07-02,11:30:00,N21,low,2.0NRT,311.18,5.42,D,VIIRS
47.06742,31.57125,340.82,0.33,0.55,2026-07-02,11:30:00,N21,nominal,2.0NRT,310.45,11.35,D,VIIRS
47.06975,31.62366,335.51,0.33,0.55,2026-07-02,11:30:00,N21,low,2.0NRT,308.93,6.97,D,VIIRS
47.06646,31.54959,367,0.33,0.55,2026-07-02,11:30:00,N21,high,2.0NRT,308.15,8.82,D,VIIRS
47.06665,31.55389,367,0.33,0.55,2026-07-02,11:30:00,N21,high,2.0NRT,308.61,9.73,D,VIIRS
47.07304,31.54125,341.48,0.33,0.55,2026-07-02,11:30:00,N21,nominal,2.0NRT,307.04,7.01,D,VIIRS
47.07325,31.54552,350.39,0.33,0.55,2026-07-02,11:30:00,N21,nominal,2.0NRT,310.48,7.01,D,VIIRS
47.07652,31.61066,353.82,0.33,0.55,2026-07-02,11:30:00,N21,nominal,2.0NRT,309.22,17.07,D,VIIRS
47.07631,31.60631,367,0.33,0.55,2026-07-02,11:30:00,N21,high,2.0NRT,312.18,18.4,D,VIIRS
47.06882,31.55891,350.15,0.33,0.55,2026-07-02,11:30:00,N21,nominal,2.0NRT,310.69,7.3,D,VIIRS
47.06903,31.56324,341.58,0.33,0.55,2026-07-02,11:30:00,N21,low,2.0NRT,312.77,7.3,D,VIIRS
47.07186,31.61991,341.16,0.33,0.55,2026-07-02,11:30:00,N21,nominal,2.0NRT,311.01,4.94,D,VIIRS
47.06838,31.55029,367,0.33,0.55,2026-07-02,11:30:00,N21,high,2.0NRT,311.85,14.85,D,VIIRS
47.068600000000004,31.55458,367,0.33,0.55,2026-07-02,11:30:00,N21,high,2.0NRT,311.35,14.85,D,VIIRS
47.05973,31.58171,333.54,0.33,0.55,2026-07-02,11:30:00,N21,low,2.0NRT,306.72,8.44,D,VIIRS
47.05994,31.58607,336.75,0.33,0.55,2026-07-02,11:30:00,N21,low,2.0NRT,307.74,5.24,D,VIIRS
47.06016,31.59044,337.62,0.33,0.55,2026-07-02,11:30:00,N21,low,2.0NRT,310.22,5.24,D,VIIRS
47.05593,31.60846,340.2,0.33,0.55,2026-07-02,11:30:00,N21,nominal,2.0NRT,309.31,8.69,D,VIIRS
47.05635,31.61714,343.43,0.33,0.55,2026-07-02,11:30:00,N21,nominal,2.0NRT,310.56,7.18,D,VIIRS
47.05656,31.62149,338.25,0.33,0.55,2026-07-02,11:30:00,N21,low,2.0NRT,309.45,4.64,D,VIIRS
47.05614,31.61279,367,0.33,0.55,2026-07-02,11:30:00,N21,high,2.0NRT,311.89,7.18,D,VIIRS
47.10695,33.75272,344.38,0.42,0.61,2026-07-02,11:30:00,N21,nominal,2.0NRT,305.8,10.48,D,VIIRS
47.06896,33.60674,367,0.41,0.61,2026-07-02,11:30:00,N21,high,2.0NRT,307.88,16.3,D,VIIRS
47.06336,33.60709,352.7,0.41,0.61,2026-07-02,11:30:00,N21,nominal,2.0NRT,313.98,16.3,D,VIIRS
47.03455,32.86451,350.03,0.38,0.59,2026-07-02,11:30:00,N21,low,2.0NRT,327.02,28.57,D,VIIRS
47.03438,32.85974,342,0.38,0.59,2026-07-02,11:30:00,N21,nominal,2.0NRT,306.36,38.18,D,VIIRS
47.03471,32.86937,349.62,0.38,0.59,2026-07-02,11:30:00,N21,nominal,2.0NRT,311.21,28.57,D,VIIRS
47.0579,33.61284,367,0.41,0.61,2026-07-02,11:30:00,N21,high,2.0NRT,312.86,17.01,D,VIIRS
47.02913,32.86498,346.33,0.38,0.59,2026-07-02,11:30:00,N21,nominal,2.0NRT,307.06,28.57,D,VIIRS
47.0293,32.86983,367,0.38,0.59,2026-07-02,11:30:00,N21,high,2.0NRT,310.19,28.57,D,VIIRS
47.01445,33.25896,340.34,0.4,0.6,2026-07-02,11:30:00,N21,nominal,2.0NRT,307.41,5.59,D,VIIRS
47.01482,33.43392,347.09,0.4,0.6,2026-07-02,11:30:00,N21,nominal,2.0NRT,308.11,6.69,D,VIIRS
46.98122,33.25623,338.77,0.4,0.6,2026-07-02,11:30:00,N21,nominal,2.0NRT,304,2.28,D,VIIRS
46.9953,33.70766,348.5,0.42,0.61,2026-07-02,11:30:00,N21,nominal,2.0NRT,304.3,19.88,D,VIIRS
46.99546,33.71293,367,0.42,0.61,2026-07-02,11:30:00,N21,high,2.0NRT,309.81,19.88,D,VIIRS
46.96334,33.38964,350.79,0.4,0.6,2026-07-02,11:30:00,N21,nominal,2.0NRT,311.13,12.6,D,VIIRS
46.96772,33.53407,354.74,0.41,0.6,2026-07-02,11:30:00,N21,nominal,2.0NRT,302.24,8.69,D,VIIRS
46.96804,33.54484,354.55,0.41,0.61,2026-07-02,11:30:00,N21,nominal,2.0NRT,308.96,6.48,D,VIIRS
46.9682,33.55023,343.33,0.41,0.61,2026-07-02,11:30:00,N21,nominal,2.0NRT,305.73,6.48,D,VIIRS
46.96318,33.38434,367,0.4,0.6,2026-07-02,11:30:00,N21,high,2.0NRT,309.19,12.6,D,VIIRS
46.96367,33.40028,367,0.4,0.6,2026-07-02,11:30:00,N21,high,2.0NRT,304.02,10.84,D,VIIRS
46.90922,32.06147,342.6,0.35,0.56,2026-07-02,11:30:00,N21,nominal,2.0NRT,311.66,9.81,D,VIIRS
46.95367,33.25838,336.21,0.4,0.6,2026-07-02,11:30:00,N21,low,2.0NRT,306.55,2.4,D,VIIRS
46.9578,33.39008,348.36,0.4,0.6,2026-07-02,11:30:00,N21,nominal,2.0NRT,309.35,8.3,D,VIIRS
46.95812,33.4007,354.76,0.4,0.6,2026-07-02,11:30:00,N21,nominal,2.0NRT,311.85,19.86,D,VIIRS
46.95845,33.41136,353.7,0.4,0.6,2026-07-02,11:30:00,N21,nominal,2.0NRT,307.82,20.52,D,VIIRS
46.96246,33.54522,341.21,0.41,0.61,2026-07-02,11:30:00,N21,nominal,2.0NRT,306.77,10.35,D,VIIRS
46.95829,33.40603,367,0.4,0.6,2026-07-02,11:30:00,N21,high,2.0NRT,308.79,20.52,D,VIIRS
46.95861,33.41669,367,0.4,0.6,2026-07-02,11:30:00,N21,high,2.0NRT,311.23,41.06,D,VIIRS
46.9623,33.53984,367,0.41,0.6,2026-07-02,11:30:00,N21,high,2.0NRT,305.26,13.71,D,VIIRS
46.90364,32.05295,346.51,0.35,0.56,2026-07-02,11:30:00,N21,nominal,2.0NRT,307.29,5.64,D,VIIRS
46.89806,32.04442,336.46,0.35,0.56,2026-07-02,11:30:00,N21,nominal,2.0NRT,302.96,10.36,D,VIIRS
46.89825,32.04897,367,0.35,0.56,2026-07-02,11:30:00,N21,high,2.0NRT,305.82,10.75,D,VIIRS
46.89844,32.05352,367,0.35,0.56,2026-07-02,11:30:00,N21,high,2.0NRT,309.87,10.75,D,VIIRS
46.89863,32.05806,367,0.35,0.56,2026-07-02,11:30:00,N21,high,2.0NRT,311.34,8.03,D,VIIRS
46.89343,32.05863,343.26,0.35,0.56,2026-07-02,11:30:00,N21,nominal,2.0NRT,308.05,8.03,D,VIIRS
46.89362,32.06313,338.28,0.35,0.56,2026-07-02,11:30:00,N21,nominal,2.0NRT,312.35,8.03,D,VIIRS
46.894,32.07226,335.71,0.35,0.56,2026-07-02,11:30:00,N21,nominal,2.0NRT,309.29,10.41,D,VIIRS
46.89305,32.04956,367,0.35,0.56,2026-07-02,11:30:00,N21,high,2.0NRT,309.35,10.75,D,VIIRS
46.89325,32.05411,367,0.35,0.56,2026-07-02,11:30:00,N21,high,2.0NRT,310.11,10.75,D,VIIRS
46.888420000000004,32.06377,350.84,0.35,0.56,2026-07-02,11:30:00,N21,nominal,2.0NRT,308.9,21.98,D,VIIRS
46.88861,32.06829,367,0.35,0.56,2026-07-02,11:30:00,N21,high,2.0NRT,311.49,32.92,D,VIIRS
46.92992,33.38683,343.49,0.4,0.6,2026-07-02,11:30:00,N21,nominal,2.0NRT,308.92,9.33,D,VIIRS
46.92438,33.38723,351.86,0.4,0.6,2026-07-02,11:30:00,N21,nominal,2.0NRT,307.47,6.73,D,VIIRS
46.925,33.40847,367,0.4,0.6,2026-07-02,11:30:00,N21,high,2.0NRT,312.36,18.37,D,VIIRS
46.88774,32.067,367,0.35,0.56,2026-07-02,11:30:00,N21,high,2.0NRT,310.44,30.84,D,VIIRS
46.93069,33.38915,339.22,0.4,0.6,2026-07-02,11:30:00,N21,nominal,2.0NRT,309.02,7.71,D,VIIRS
46.92515,33.38955,367,0.4,0.6,2026-07-02,11:30:00,N21,high,2.0NRT,306.23,7.71,D,VIIRS
46.92588,33.41079,367,0.4,0.6,2026-07-02,11:30:00,N21,high,2.0NRT,310.75,21.65,D,VIIRS
46.90195,33.04752,337.04,0.39,0.59,2026-07-02,11:30:00,N21,low,2.0NRT,310.95,2.65,D,VIIRS
46.89946,33.12981,341.12,0.39,0.59,2026-07-02,11:30:00,N21,nominal,2.0NRT,310.22,9.23,D,VIIRS
46.87598,33.24593,354.45,0.39,0.6,2026-07-02,11:30:00,N21,nominal,2.0NRT,313.06,19.43,D,VIIRS
46.87616,33.25107,348.9,0.39,0.6,2026-07-02,11:30:00,N21,nominal,2.0NRT,314.18,20.26,D,VIIRS
46.79615,32.82479,333.06,0.38,0.58,2026-07-02,11:30:00,N21,low,2.0NRT,306.73,1.43,D,VIIRS
46.80917,33.22543,349.58,0.39,0.6,2026-07-02,11:30:00,N21,nominal,2.0NRT,310.84,21.16,D,VIIRS
46.80901,33.22036,367,0.39,0.6,2026-07-02,11:30:00,N21,high,2.0NRT,312.85,26.69,D,VIIRS
46.73475,31.2278,332.43,0.63,0.54,2026-07-02,11:30:00,N21,low,2.0NRT,306.64,4.51,D,VIIRS
46.80859,33.22082,355.6,0.39,0.6,2026-07-02,11:30:00,N21,nominal,2.0NRT,314.11,15.76,D,VIIRS
46.80878,33.22588,346.5,0.39,0.6,2026-07-02,11:30:00,N21,nominal,2.0NRT,311.17,15.76,D,VIIRS
46.74662,33.17887,367,0.39,0.59,2026-07-02,11:30:00,N21,low,2.0NRT,325.63,127.36,D,VIIRS
46.70613,32.11775,335.63,0.35,0.56,2026-07-02,11:30:00,N21,nominal,2.0NRT,303.8,25.92,D,VIIRS
46.70633,32.12227,346.1,0.35,0.56,2026-07-02,11:30:00,N21,nominal,2.0NRT,313.57,25.92,D,VIIRS
46.74679,33.184,367,0.39,0.59,2026-07-02,11:30:00,N21,high,2.0NRT,313.27,97.8,D,VIIRS
46.70112,32.12278,349.03,0.35,0.56,2026-07-02,11:30:00,N21,nominal,2.0NRT,303.9,3.99,D,VIIRS
46.72794,32.80118,347.96,0.37,0.58,2026-07-02,11:30:00,N21,nominal,2.0NRT,307.69,11.69,D,VIIRS
46.7356,33.01633,367,0.38,0.59,2026-07-02,11:30:00,N21,high,2.0NRT,302.1,10,D,VIIRS
46.72292,32.81165,337.93,0.37,0.58,2026-07-02,11:30:00,N21,nominal,2.0NRT,306,7.22,D,VIIRS
46.69089,32.12835,354.94,0.35,0.56,2026-07-02,11:30:00,N21,nominal,2.0NRT,308.18,31.97,D,VIIRS
46.70038,32.6367,337.01,0.37,0.58,2026-07-02,11:30:00,N21,low,2.0NRT,311.48,7.66,D,VIIRS
46.70074,32.6464,349.82,0.37,0.58,2026-07-02,11:30:00,N21,nominal,2.0NRT,309.16,5.95,D,VIIRS
46.70376,32.72893,336.3,0.37,0.58,2026-07-02,11:30:00,N21,low,2.0NRT,310.1,8.36,D,VIIRS
46.72637,33.4104,349.67,0.4,0.6,2026-07-02,11:30:00,N21,nominal,2.0NRT,307.63,6.1,D,VIIRS
46.72653,33.4157,341.45,0.4,0.6,2026-07-02,11:30:00,N21,nominal,2.0NRT,305.75,6.02,D,VIIRS
46.76725,35.26741,367,0.49,0.65,2026-07-02,11:30:00,N21,high,2.0NRT,307.16,9.81,D,VIIRS
46.69734,32.70016,351.84,0.37,0.58,2026-07-02,11:30:00,N21,nominal,2.0NRT,310.1,30.76,D,VIIRS
46.69769,32.7099,344.25,0.37,0.58,2026-07-02,11:30:00,N21,nominal,2.0NRT,309.26,18.99,D,VIIRS
46.69787,32.71476,333.99,0.37,0.58,2026-07-02,11:30:00,N21,low,2.0NRT,308.73,6.42,D,VIIRS
46.76122,35.26762,335.5,0.49,0.65,2026-07-02,11:30:00,N21,nominal,2.0NRT,308.44,9.81,D,VIIRS
46.69751,32.70503,367,0.37,0.58,2026-07-02,11:30:00,N21,high,2.0NRT,312.03,18.99,D,VIIRS
46.68865,32.60891,351.64,0.37,0.58,2026-07-02,11:30:00,N21,nominal,2.0NRT,309.71,6.97,D,VIIRS
46.69199,32.70065,355.4,0.37,0.58,2026-07-02,11:30:00,N21,nominal,2.0NRT,305.99,9.26,D,VIIRS
46.69216,32.70551,345.02,0.37,0.58,2026-07-02,11:30:00,N21,nominal,2.0NRT,309.47,7.82,D,VIIRS
46.69251,32.71526,335.86,0.37,0.58,2026-07-02,11:30:00,N21,low,2.0NRT,310.48,5.42,D,VIIRS
46.69268,32.72012,344.14,0.37,0.58,2026-07-02,11:30:00,N21,nominal,2.0NRT,309.69,5.42,D,VIIRS
46.69286,32.72499,338.08,0.37,0.58,2026-07-02,11:30:00,N21,low,2.0NRT,308.63,5.37,D,VIIRS
46.69303,32.72986,334.21,0.37,0.58,2026-07-02,11:30:00,N21,low,2.0NRT,309.17,5.37,D,VIIRS
46.70061,32.94836,349.74,0.38,0.59,2026-07-02,11:30:00,N21,nominal,2.0NRT,314.39,41.81,D,VIIRS
46.70162,32.97844,347.43,0.38,0.59,2026-07-02,11:30:00,N21,nominal,2.0NRT,305.64,12.41,D,VIIRS
46.7023,32.99858,346.75,0.38,0.59,2026-07-02,11:30:00,N21,nominal,2.0NRT,309.06,10.57,D,VIIRS
46.69181,32.69576,367,0.37,0.58,2026-07-02,11:30:00,N21,high,2.0NRT,304.94,9.26,D,VIIRS
51.15833,30.19921,341.81,0.61,0.54,2026-07-02,11:32:00,N21,nominal,2.0NRT,295.39,37.08,D,VIIRS
50.49755,30.47824,346.38,0.62,0.54,2026-07-02,11:32:00,N21,nominal,2.0NRT,302.61,11.2,D,VIIRS
50.49819,30.48146,341.84,0.62,0.54,2026-07-02,11:32:00,N21,nominal,2.0NRT,302.73,16.38,D,VIIRS
50.86972,32.66685,345.63,0.39,0.6,2026-07-02,11:32:00,N21,nominal,2.0NRT,298.98,4.97,D,VIIRS
51.14352,30.20099,345.08,0.61,0.54,2026-07-02,11:32:00,N21,nominal,2.0NRT,301.62,46.76,D,VIIRS
51.14272,30.18323,331.49,0.61,0.54,2026-07-02,11:32:00,N21,nominal,2.0NRT,296.22,16.35,D,VIIRS
51.14885,30.20922,333.93,0.61,0.54,2026-07-02,11:32:00,N21,nominal,2.0NRT,301.68,14.77,D,VIIRS
51.14846,30.20042,353.82,0.61,0.54,2026-07-02,11:32:00,N21,nominal,2.0NRT,308.1,46.76,D,VIIRS
51.14806,30.19152,344.59,0.61,0.54,2026-07-02,11:32:00,N21,nominal,2.0NRT,304.52,46.76,D,VIIRS
51.14765,30.18264,349.19,0.61,0.54,2026-07-02,11:32:00,N21,nominal,2.0NRT,302.35,16.35,D,VIIRS
51.14725,30.17383,331.75,0.61,0.54,2026-07-02,11:32:00,N21,nominal,2.0NRT,297.44,16.35,D,VIIRS
51.15379,30.20861,343.64,0.61,0.54,2026-07-02,11:32:00,N21,nominal,2.0NRT,309.79,45.06,D,VIIRS
51.152589999999996,30.18206,341.4,0.61,0.54,2026-07-02,11:32:00,N21,nominal,2.0NRT,298.89,48.81,D,VIIRS
51.15873,30.20799,343.25,0.61,0.54,2026-07-02,11:32:00,N21,nominal,2.0NRT,296.48,45.06,D,VIIRS
51.15793,30.19038,330.8,0.61,0.54,2026-07-02,11:32:00,N21,nominal,2.0NRT,298.12,37.08,D,VIIRS
51.15753,30.1815,345.71,0.61,0.54,2026-07-02,11:32:00,N21,nominal,2.0NRT,297.69,48.81,D,VIIRS
51.15712,30.1727,348.05,0.61,0.54,2026-07-02,11:32:00,N21,nominal,2.0NRT,309.37,48.81,D,VIIRS
51.16206,30.17219,348.81,0.61,0.54,2026-07-02,11:32:00,N21,nominal,2.0NRT,304.7,111.23,D,VIIRS
51.16902,30.21561,335.56,0.61,0.54,2026-07-02,11:32:00,N21,nominal,2.0NRT,296.68,11.11,D,VIIRS
51.17274,30.1886,367,0.61,0.54,2026-07-02,11:32:00,N21,high,2.0NRT,300.35,31.25,D,VIIRS
51.17315,30.19741,344.28,0.61,0.54,2026-07-02,11:32:00,N21,nominal,2.0NRT,294.63,31.25,D,VIIRS
51.16817,29.98732,345.2,0.6,0.53,2026-07-02,11:32:00,N21,nominal,2.0NRT,305.82,81.34,D,VIIRS
51.16776,29.97864,340.19,0.6,0.53,2026-07-02,11:32:00,N21,nominal,2.0NRT,306.85,81.34,D,VIIRS
51.17349,29.99545,340.22,0.6,0.53,2026-07-02,11:32:00,N21,nominal,2.0NRT,301.15,51.57,D,VIIRS
51.17265,29.97809,352.73,0.6,0.53,2026-07-02,11:32:00,N21,nominal,2.0NRT,301.64,168.56,D,VIIRS
51.18048,30.03813,334.06,0.6,0.53,2026-07-02,11:32:00,N21,low,2.0NRT,308.91,16.67,D,VIIRS
51.35819,32.00387,367,0.37,0.58,2026-07-02,11:32:00,N21,high,2.0NRT,292.41,7.66,D,VIIRS
51.39907,31.78282,345.83,0.36,0.58,2026-07-02,11:32:00,N21,nominal,2.0NRT,301.75,6.47,D,VIIRS
51.39766,31.77987,333.58,0.36,0.58,2026-07-02,11:32:00,N21,nominal,2.0NRT,300.12,4.41,D,VIIRS
51.7549,34.31096,334.62,0.47,0.64,2026-07-02,11:32:00,N21,nominal,2.0NRT,295.98,4.1,D,VIIRS
51.75839,34.31009,330.94,0.47,0.64,2026-07-02,11:32:00,N21,nominal,2.0NRT,294.09,3.37,D,VIIRS
51.72013,30.65928,352.46,0.32,0.55,2026-07-02,11:32:00,N21,nominal,2.0NRT,300.57,5.68,D,VIIRS
51.89119,34.18764,330.46,0.47,0.64,2026-07-02,11:32:00,N21,nominal,2.0NRT,296.89,4.12,D,VIIRS
52.03425,32.04849,331.08,0.38,0.58,2026-07-02,11:32:00,N21,nominal,2.0NRT,292.84,1.93,D,VIIRS
52.14547,32.34335,367,0.39,0.59,2026-07-02,11:32:00,N21,high,2.0NRT,301.08,17.08,D,VIIRS
52.1167,31.42905,329.78,0.35,0.57,2026-07-02,11:32:00,N21,nominal,2.0NRT,299.2,3.76,D,VIIRS
52.14634,32.34715,350.34,0.39,0.59,2026-07-02,11:32:00,N21,nominal,2.0NRT,297.08,9.07,D,VIIRS
52.1462,32.34142,353.32,0.39,0.59,2026-07-02,11:32:00,N21,nominal,2.0NRT,300.1,9.07,D,VIIRS
52.15207,32.35811,345.7,0.39,0.59,2026-07-02,11:32:00,N21,nominal,2.0NRT,296.73,8.77,D,VIIRS
52.163,32.35729,347.33,0.39,0.59,2026-07-02,11:32:00,N21,nominal,2.0NRT,297.17,8.7,D,VIIRS
52.16287,32.35159,347.73,0.39,0.59,2026-07-02,11:32:00,N21,nominal,2.0NRT,296.59,8.7,D,VIIRS
52.16273,32.34591,344.65,0.39,0.59,2026-07-02,11:32:00,N21,nominal,2.0NRT,297.3,10.16,D,VIIRS
52.18699,32.68789,330.4,0.4,0.6,2026-07-02,11:32:00,N21,nominal,2.0NRT,293.92,5.89,D,VIIRS
52.2809,33.34678,345.92,0.43,0.62,2026-07-02,11:32:00,N21,nominal,2.0NRT,296.61,6.28,D,VIIRS
50.17972,34.75909,300.68,0.39,0.36,2026-07-02,23:44:00,N21,nominal,2.0NRT,289.77,0.35,N,VIIRS
50.22979,33.34759,321.02,0.41,0.37,2026-07-02,23:44:00,N21,nominal,2.0NRT,291.11,2.11,N,VIIRS
50.496339999999996,30.47466,312.82,0.49,0.4,2026-07-02,23:44:00,N21,nominal,2.0NRT,292.35,2,N,VIIRS
49.39983,37.56554,300.54,0.4,0.37,2026-07-02,23:44:00,N21,nominal,2.0NRT,288.7,3.4,N,VIIRS
49.39891,37.57084,301.6,0.4,0.37,2026-07-02,23:44:00,N21,nominal,2.0NRT,289.62,1.62,N,VIIRS
49.39657,37.5642,337.85,0.4,0.37,2026-07-02,23:44:00,N21,nominal,2.0NRT,293.74,3.4,N,VIIRS
49.39565,37.5695,329.53,0.4,0.37,2026-07-02,23:44:00,N21,nominal,2.0NRT,292.59,1.62,N,VIIRS
49.39472,37.57481,307.34,0.4,0.37,2026-07-02,23:44:00,N21,nominal,2.0NRT,288.88,1.62,N,VIIRS
49.39331,37.56286,310.72,0.4,0.37,2026-07-02,23:44:00,N21,nominal,2.0NRT,290.23,1.6,N,VIIRS
49.39238,37.56816,309.99,0.4,0.37,2026-07-02,23:44:00,N21,nominal,2.0NRT,290.62,1.25,N,VIIRS
49.53833,36.52086,306.89,0.39,0.36,2026-07-02,23:44:00,N21,nominal,2.0NRT,291.44,0.97,N,VIIRS
49.02345,38.43062,334.31,0.41,0.37,2026-07-02,23:44:00,N21,nominal,2.0NRT,291.28,6.74,N,VIIRS
48.93264,38.68908,298.77,0.42,0.38,2026-07-02,23:44:00,N21,nominal,2.0NRT,288.7,0.85,N,VIIRS
48.92597,38.68618,303.08,0.42,0.38,2026-07-02,23:44:00,N21,nominal,2.0NRT,289.61,1.25,N,VIIRS
49.14062,37.47917,301.66,0.4,0.37,2026-07-02,23:44:00,N21,nominal,2.0NRT,289.48,0.43,N,VIIRS
49.13643,37.48312,328.17,0.4,0.37,2026-07-02,23:44:00,N21,nominal,2.0NRT,294.31,3.73,N,VIIRS
49.1355,37.4884,322.33,0.4,0.37,2026-07-02,23:44:00,N21,nominal,2.0NRT,293.01,3.73,N,VIIRS
48.91826,38.68884,300.87,0.42,0.38,2026-07-02,23:44:00,N21,nominal,2.0NRT,289.13,0.89,N,VIIRS
49.13316,37.48179,333.2,0.4,0.37,2026-07-02,23:44:00,N21,nominal,2.0NRT,291.94,3.73,N,VIIRS
48.91159,38.68597,299.3,0.42,0.38,2026-07-02,23:44:00,N21,nominal,2.0NRT,288.64,0.63,N,VIIRS
48.90824,38.68455,301.38,0.42,0.38,2026-07-02,23:44:00,N21,nominal,2.0NRT,288.52,0.63,N,VIIRS
49.02507,37.74419,300.78,0.4,0.37,2026-07-02,23:44:00,N21,nominal,2.0NRT,289.96,0.62,N,VIIRS
48.98553,37.80816,302.97,0.4,0.37,2026-07-02,23:44:00,N21,nominal,2.0NRT,290.92,1.35,N,VIIRS
48.90245,36.31634,312.19,0.39,0.36,2026-07-02,23:44:00,N21,nominal,2.0NRT,290.75,1.24,N,VIIRS
48.46626,38.76014,316.33,0.43,0.38,2026-07-02,23:44:00,N21,nominal,2.0NRT,293.84,2.38,N,VIIRS
48.46396,38.75309,307.79,0.43,0.38,2026-07-02,23:44:00,N21,nominal,2.0NRT,293.16,1.34,N,VIIRS
48.5878,37.66717,300.04,0.4,0.37,2026-07-02,23:44:00,N21,nominal,2.0NRT,289.67,0.48,N,VIIRS
46.89698,35.11609,301.34,0.39,0.36,2026-07-02,23:44:00,N21,nominal,2.0NRT,286.16,1.51,N,VIIRS
46.89374,35.11497,331.44,0.39,0.36,2026-07-02,23:44:00,N21,nominal,2.0NRT,286.74,1.51,N,VIIRS
46.85748,35.31707,331.69,0.39,0.36,2026-07-02,23:44:00,N21,nominal,2.0NRT,291.55,3.55,N,VIIRS
46.87525,35.208,301.77,0.39,0.36,2026-07-02,23:44:00,N21,nominal,2.0NRT,288.62,3.47,N,VIIRS
47.44864,34.73521,310.31,0.38,0.36,2026-07-02,23:44:00,N21,nominal,2.0NRT,289.49,0.77,N,VIIRS
47.48415,34.4839,300.7,0.38,0.36,2026-07-02,23:44:00,N21,nominal,2.0NRT,289.3,0.38,N,VIIRS
47.28281,35.55795,316.11,0.39,0.36,2026-07-02,23:44:00,N21,nominal,2.0NRT,289.12,1.24,N,VIIRS
47.41507,35.33755,307.87,0.39,0.36,2026-07-02,23:44:00,N21,nominal,2.0NRT,289.9,1.27,N,VIIRS
47.41587,35.33255,313.21,0.39,0.36,2026-07-02,23:44:00,N21,nominal,2.0NRT,289.09,1.27,N,VIIRS
47.53462,34.62461,341.65,0.38,0.36,2026-07-02,23:44:00,N21,nominal,2.0NRT,295.01,3.41,N,VIIRS
47.53787,34.6257,303.2,0.38,0.36,2026-07-02,23:44:00,N21,nominal,2.0NRT,291.86,3.41,N,VIIRS
47.53865,34.62069,303.6,0.38,0.36,2026-07-02,23:44:00,N21,nominal,2.0NRT,291.57,0.75,N,VIIRS
47.54267,34.61676,315.8,0.38,0.36,2026-07-02,23:44:00,N21,nominal,2.0NRT,292.51,1.94,N,VIIRS
47.44932,35.48872,306.69,0.39,0.36,2026-07-02,23:44:00,N21,nominal,2.0NRT,289.43,0.79,N,VIIRS
47.11569,37.51482,318.15,0.41,0.37,2026-07-02,23:44:00,N21,nominal,2.0NRT,293.17,2.77,N,VIIRS
47.11472,37.52011,322.71,0.41,0.37,2026-07-02,23:44:00,N21,nominal,2.0NRT,292.79,2.63,N,VIIRS
47.84221,33.38516,317.73,0.39,0.36,2026-07-02,23:44:00,N21,nominal,2.0NRT,294.85,2.12,N,VIIRS
47.3307,36.68507,327.67,0.4,0.37,2026-07-02,23:44:00,N21,nominal,2.0NRT,289.83,2.23,N,VIIRS
47.33131,36.70167,314.67,0.4,0.37,2026-07-02,23:44:00,N21,nominal,2.0NRT,290.19,1.17,N,VIIRS
47.61403,35.03862,307.97,0.38,0.36,2026-07-02,23:44:00,N21,nominal,2.0NRT,291.68,1.86,N,VIIRS
47.86418,33.37584,302.6,0.39,0.36,2026-07-02,23:44:00,N21,nominal,2.0NRT,292.15,0.69,N,VIIRS
47.61807,35.03473,303.37,0.38,0.36,2026-07-02,23:44:00,N21,nominal,2.0NRT,290.46,0.87,N,VIIRS
47.61728,35.03973,322.03,0.38,0.36,2026-07-02,23:44:00,N21,nominal,2.0NRT,294.09,1.86,N,VIIRS
47.86039,33.45029,307.94,0.39,0.36,2026-07-02,23:44:00,N21,nominal,2.0NRT,291.16,5.1,N,VIIRS
47.86929,33.38825,304.2,0.39,0.36,2026-07-02,23:44:00,N21,nominal,2.0NRT,292.65,2.32,N,VIIRS
47.86113,33.44513,328.93,0.39,0.36,2026-07-02,23:44:00,N21,nominal,2.0NRT,296.78,9.39,N,VIIRS
47.35921,36.64128,306.64,0.4,0.37,2026-07-02,23:44:00,N21,nominal,2.0NRT,288.81,0.93,N,VIIRS
47.86665,33.43066,327.88,0.39,0.36,2026-07-02,23:44:00,N21,nominal,2.0NRT,293.54,3.15,N,VIIRS
47.86755,33.44337,308.34,0.39,0.36,2026-07-02,23:44:00,N21,nominal,2.0NRT,292.34,1.54,N,VIIRS
47.87049,33.42267,308.72,0.39,0.36,2026-07-02,23:44:00,N21,nominal,2.0NRT,291.1,1.16,N,VIIRS
47.25835,35.60226,312.91,0.39,0.36,2026-07-02,23:44:00,N21,nominal,2.0NRT,290.68,1.09,N,VIIRS
46.87201,35.20687,336.9,0.39,0.36,2026-07-02,23:44:00,N21,nominal,2.0NRT,293.85,3.47,N,VIIRS
46.85424,35.31594,339.94,0.39,0.36,2026-07-02,23:44:00,N21,nominal,2.0NRT,293.29,3.55,N,VIIRS
46.8712,35.21183,300.33,0.39,0.36,2026-07-02,23:44:00,N21,nominal,2.0NRT,287.65,2.06,N,VIIRS
47.09554,33.74514,304.2,0.39,0.36,2026-07-02,23:44:00,N21,nominal,2.0NRT,290.15,0.89,N,VIIRS
46.86876,35.20576,300.31,0.39,0.36,2026-07-02,23:44:00,N21,nominal,2.0NRT,289.21,1.12,N,VIIRS
47.01141,33.5961,305.06,0.39,0.36,2026-07-02,23:44:00,N21,nominal,2.0NRT,289.99,0.91,N,VIIRS
46.95458,33.5179,323.71,0.39,0.36,2026-07-02,23:44:00,N21,nominal,2.0NRT,288.29,1.4,N,VIIRS
46.90967,33.00104,302.16,0.39,0.36,2026-07-02,23:44:00,N21,nominal,2.0NRT,289.18,0.45,N,VIIRS
46.80269,33.52657,300.94,0.39,0.36,2026-07-02,23:44:00,N21,nominal,2.0NRT,289.55,0.37,N,VIIRS
47.05065,31.57414,302.32,0.42,0.38,2026-07-02,23:44:00,N21,nominal,2.0NRT,290.23,0.83,N,VIIRS
46.80907,33.22415,304.57,0.39,0.36,2026-07-02,23:44:00,N21,nominal,2.0NRT,290.74,1.01,N,VIIRS
46.79671,33.30976,306.19,0.39,0.36,2026-07-02,23:44:00,N21,nominal,2.0NRT,290.69,0.85,N,VIIRS
46.76557,33.26682,307.07,0.39,0.36,2026-07-02,23:44:00,N21,nominal,2.0NRT,291.57,1.37,N,VIIRS
48.53352,34.64498,318.13,0.39,0.36,2026-07-02,23:44:00,N21,nominal,2.0NRT,294.2,2.46,N,VIIRS
48.13239,37.2067,310.2,0.4,0.37,2026-07-02,23:44:00,N21,nominal,2.0NRT,288.24,1.12,N,VIIRS
48.05925,37.95722,307.18,0.41,0.37,2026-07-02,23:44:00,N21,nominal,2.0NRT,292.53,1.75,N,VIIRS
48.097,37.9263,306.86,0.41,0.37,2026-07-02,23:44:00,N21,nominal,2.0NRT,291.17,1.87,N,VIIRS
48.32729,36.85791,296.41,0.39,0.36,2026-07-02,23:44:00,N21,nominal,2.0NRT,286.08,0.94,N,VIIRS
48.51642,35.97876,335.29,0.39,0.36,2026-07-02,23:44:00,N21,nominal,2.0NRT,288.67,4.01,N,VIIRS
48.39222,36.84439,310.01,0.39,0.36,2026-07-02,23:44:00,N21,nominal,2.0NRT,289.3,1.57,N,VIIRS
48.40051,36.83652,301.42,0.39,0.36,2026-07-02,23:44:00,N21,nominal,2.0NRT,290.1,0.78,N,VIIRS
48.48153,36.35706,299.44,0.39,0.36,2026-07-02,23:44:00,N21,nominal,2.0NRT,289.43,0.48,N,VIIRS
49.83841,24.41429,306.81,0.56,0.52,2026-07-02,23:44:00,N21,nominal,2.0NRT,273.49,1.12,N,VIIRS
50.79502,34.064,302.02,0.4,0.37,2026-07-02,23:44:00,N21,nominal,2.0NRT,287.63,0.67,N,VIIRS
51.19088,30.21607,311.52,0.51,0.41,2026-07-02,23:44:00,N21,nominal,2.0NRT,293.17,2.19,N,VIIRS
51.19026,30.21654,310.69,0.51,0.41,2026-07-02,23:44:00,N21,nominal,2.0NRT,293.15,2.1,N,VIIRS
51.18504,30.19306,320.54,0.51,0.41,2026-07-02,23:44:00,N21,nominal,2.0NRT,291.67,2.65,N,VIIRS
51.18428,30.20027,317.44,0.51,0.41,2026-07-02,23:44:00,N21,nominal,2.0NRT,291.7,4.71,N,VIIRS
51.18055,30.19934,340.12,0.51,0.41,2026-07-02,23:44:00,N21,nominal,2.0NRT,295.91,4.71,N,VIIRS
51.18204,30.18491,304.96,0.51,0.41,2026-07-02,23:44:00,N21,nominal,2.0NRT,291.5,2.65,N,VIIRS
51.18129,30.19212,315.79,0.51,0.41,2026-07-02,23:44:00,N21,nominal,2.0NRT,293.37,2.65,N,VIIRS
51.1783,30.18397,342.88,0.51,0.41,2026-07-02,23:44:00,N21,nominal,2.0NRT,296.73,8.86,N,VIIRS
51.17456,30.18302,337.81,0.51,0.41,2026-07-02,23:44:00,N21,nominal,2.0NRT,298.54,8.86,N,VIIRS
51.17159,30.21183,308.37,0.51,0.41,2026-07-02,23:44:00,N21,nominal,2.0NRT,291.3,1.11,N,VIIRS
51.17082,30.18207,341.19,0.51,0.41,2026-07-02,23:44:00,N21,nominal,2.0NRT,296.63,5.67,N,VIIRS
51.16785,30.21087,325.97,0.51,0.41,2026-07-02,23:44:00,N21,nominal,2.0NRT,293.44,3.49,N,VIIRS
51.16783,30.17389,324.33,0.51,0.41,2026-07-02,23:44:00,N21,nominal,2.0NRT,293.35,4.72,N,VIIRS
51.16411,30.20992,336.83,0.51,0.41,2026-07-02,23:44:00,N21,nominal,2.0NRT,294.94,3.49,N,VIIRS
51.16263,30.22431,324.07,0.5,0.41,2026-07-02,23:44:00,N21,nominal,2.0NRT,290.87,3.46,N,VIIRS
51.16708,30.18111,304.55,0.51,0.41,2026-07-02,23:44:00,N21,nominal,2.0NRT,291.69,5.67,N,VIIRS
51.16338,30.21712,309.95,0.5,0.41,2026-07-02,23:44:00,N21,nominal,2.0NRT,291.28,3.49,N,VIIRS
51.16409,30.17295,330.31,0.51,0.41,2026-07-02,23:44:00,N21,nominal,2.0NRT,296.05,2.6,N,VIIRS
51.16039,30.20897,340.49,0.51,0.41,2026-07-02,23:44:00,N21,nominal,2.0NRT,299.55,11.86,N,VIIRS
51.1589,30.22336,352.96,0.5,0.41,2026-07-02,23:44:00,N21,nominal,2.0NRT,300.6,21.46,N,VIIRS
51.16334,30.18017,314.57,0.51,0.41,2026-07-02,23:44:00,N21,nominal,2.0NRT,293.45,2.91,N,VIIRS
51.16112,30.20177,303.2,0.51,0.41,2026-07-02,23:44:00,N21,nominal,2.0NRT,290.46,3.55,N,VIIRS
51.15964,30.21616,319.71,0.5,0.41,2026-07-02,23:44:00,N21,nominal,2.0NRT,292.67,11.86,N,VIIRS
51.15816,30.23053,315.29,0.5,0.41,2026-07-02,23:44:00,N21,nominal,2.0NRT,292.04,21.46,N,VIIRS
51.15665,30.208,332.39,0.51,0.41,2026-07-02,23:44:00,N21,nominal,2.0NRT,296.2,11.86,N,VIIRS
51.15517,30.22239,355.51,0.5,0.41,2026-07-02,23:44:00,N21,nominal,2.0NRT,300.17,21.46,N,VIIRS
51.16108,30.16479,304.01,0.51,0.41,2026-07-02,23:44:00,N21,nominal,2.0NRT,290.28,2.6,N,VIIRS
51.16034,30.17202,303.2,0.51,0.41,2026-07-02,23:44:00,N21,nominal,2.0NRT,291.66,2.6,N,VIIRS
51.15739,30.20081,310.39,0.51,0.41,2026-07-02,23:44:00,N21,nominal,2.0NRT,292.02,3.55,N,VIIRS
51.15591,30.2152,317.87,0.5,0.41,2026-07-02,23:44:00,N21,nominal,2.0NRT,292.78,11.86,N,VIIRS
51.15443,30.22957,319.22,0.5,0.41,2026-07-02,23:44:00,N21,nominal,2.0NRT,291.02,21.46,N,VIIRS
51.15292,30.20704,349.12,0.51,0.41,2026-07-02,23:44:00,N21,nominal,2.0NRT,301.57,20.75,N,VIIRS
51.15218,30.21424,339.98,0.5,0.41,2026-07-02,23:44:00,N21,nominal,2.0NRT,295.82,20.75,N,VIIRS
51.15144,30.22143,347.89,0.5,0.41,2026-07-02,23:44:00,N21,nominal,2.0NRT,308.97,27.31,N,VIIRS
51.15734,30.16387,317.08,0.51,0.41,2026-07-02,23:44:00,N21,nominal,2.0NRT,291.01,3.69,N,VIIRS
51.15586,30.17831,305.25,0.51,0.41,2026-07-02,23:44:00,N21,nominal,2.0NRT,291.54,1.69,N,VIIRS
51.15365,30.19984,313.93,0.51,0.41,2026-07-02,23:44:00,N21,nominal,2.0NRT,293.49,2.92,N,VIIRS
51.1507,30.22859,306.45,0.5,0.41,2026-07-02,23:44:00,N21,nominal,2.0NRT,291.25,27.31,N,VIIRS
51.15286,30.17015,321.54,0.51,0.41,2026-07-02,23:44:00,N21,nominal,2.0NRT,292,3.69,N,VIIRS
51.14918,30.20608,349.59,0.51,0.41,2026-07-02,23:44:00,N21,nominal,2.0NRT,304.14,20.75,N,VIIRS
51.14845,30.21327,349.4,0.5,0.41,2026-07-02,23:44:00,N21,nominal,2.0NRT,314.47,20.75,N,VIIRS
51.14771,30.22046,343.14,0.5,0.41,2026-07-02,23:44:00,N21,nominal,2.0NRT,295.93,27.31,N,VIIRS
51.17055,29.9958,303.64,0.51,0.41,2026-07-02,23:44:00,N21,nominal,2.0NRT,289.81,1.1,N,VIIRS
51.15212,30.17737,318.15,0.51,0.41,2026-07-02,23:44:00,N21,nominal,2.0NRT,292.39,1.69,N,VIIRS
51.14992,30.19888,312.42,0.51,0.41,2026-07-02,23:44:00,N21,nominal,2.0NRT,294.25,2.92,N,VIIRS
51.14618,30.19794,330.07,0.51,0.41,2026-07-02,23:44:00,N21,nominal,2.0NRT,297.92,13.21,N,VIIRS
51.14545,30.20512,351.26,0.51,0.41,2026-07-02,23:44:00,N21,nominal,2.0NRT,305.26,50.14,N,VIIRS
51.14471,30.21232,345.48,0.5,0.41,2026-07-02,23:44:00,N21,nominal,2.0NRT,316.21,50.14,N,VIIRS
51.14397,30.2195,328.72,0.5,0.41,2026-07-02,23:44:00,N21,nominal,2.0NRT,293.19,12.31,N,VIIRS
51.14839,30.17641,305.35,0.51,0.41,2026-07-02,23:44:00,N21,nominal,2.0NRT,291.39,1.97,N,VIIRS
51.14692,30.19078,305.35,0.51,0.41,2026-07-02,23:44:00,N21,nominal,2.0NRT,292.14,13.21,N,VIIRS
48.35545,37.25832,306.01,0.4,0.37,2026-07-02,23:44:00,N21,nominal,2.0NRT,290.26,1.42,N,VIIRS
48.36096,37.35827,303.49,0.4,0.37,2026-07-02,23:44:00,N21,nominal,2.0NRT,288.84,0.66,N,VIIRS
48.28611,38.08817,304.04,0.41,0.37,2026-07-02,23:44:00,N21,nominal,2.0NRT,291.93,0.71,N,VIIRS
48.48913,37.04534,327.31,0.4,0.37,2026-07-02,23:44:00,N21,nominal,2.0NRT,289.3,2.12,N,VIIRS
48.48935,37.08441,308.01,0.4,0.37,2026-07-02,23:44:00,N21,nominal,2.0NRT,289.11,0.77,N,VIIRS
48.30674,38.38488,305.27,0.42,0.38,2026-07-02,23:44:00,N21,nominal,2.0NRT,289.9,0.95,N,VIIRS
48.54738,37.14743,301.83,0.4,0.37,2026-07-02,23:44:00,N21,nominal,2.0NRT,288.2,0.5,N,VIIRS
48.51669,37.68988,306.97,0.4,0.37,2026-07-02,23:44:00,N21,nominal,2.0NRT,289.34,1.25,N,VIIRS
49.23051,33.13817,328.17,0.4,0.37,2026-07-02,23:44:00,N21,nominal,2.0NRT,290.96,8.37,N,VIIRS
48.53185,37.64471,303.91,0.4,0.37,2026-07-02,23:44:00,N21,nominal,2.0NRT,289.07,0.54,N,VIIRS
48.58362,37.47266,314.82,0.4,0.37,2026-07-02,23:44:00,N21,nominal,2.0NRT,288.42,0.69,N,VIIRS
48.55957,37.66727,304.93,0.4,0.37,2026-07-02,23:44:00,N21,nominal,2.0NRT,289.57,0.93,N,VIIRS
51.14318,30.18985,327.35,0.51,0.41,2026-07-02,23:44:00,N21,nominal,2.0NRT,293.25,13.21,N,VIIRS
51.14245,30.197,350.79,0.51,0.41,2026-07-02,23:44:00,N21,nominal,2.0NRT,306.97,13.21,N,VIIRS
51.14391,30.18266,317.39,0.51,0.41,2026-07-02,23:44:00,N21,nominal,2.0NRT,292.24,1.97,N,VIIRS
50.73902,33.51468,327.74,0.41,0.37,2026-07-02,23:44:00,N21,nominal,2.0NRT,291.05,2.62,N,VIIRS
50.45224,35.53262,300.94,0.39,0.36,2026-07-02,23:44:00,N21,nominal,2.0NRT,288.98,0.45,N,VIIRS
50.3649,36.0323,300.98,0.38,0.36,2026-07-02,23:44:00,N21,nominal,2.0NRT,288.1,0.32,N,VIIRS
50.18979,37.09262,308.7,0.39,0.36,2026-07-02,23:44:00,N21,nominal,2.0NRT,288.84,1.06,N,VIIRS
50.33432,36.18299,318.48,0.38,0.36,2026-07-02,23:44:00,N21,nominal,2.0NRT,287.8,1.95,N,VIIRS
50.42223,35.50463,305.44,0.39,0.36,2026-07-02,23:44:00,N21,nominal,2.0NRT,289.04,0.86,N,VIIRS
50.35482,35.78621,310.79,0.38,0.36,2026-07-02,23:44:00,N21,nominal,2.0NRT,289.25,0.83,N,VIIRS
49.81507,36.62271,305.99,0.39,0.36,2026-07-02,23:44:00,N21,nominal,2.0NRT,289.64,0.85,N,VIIRS
52.26889,33.46063,304.44,0.42,0.38,2026-07-02,23:44:00,N21,nominal,2.0NRT,288.61,0.69,N,VIIRS
52.23874,32.91198,300.18,0.43,0.38,2026-07-02,23:44:00,N21,nominal,2.0NRT,287.45,0.88,N,VIIRS
51.15409,34.57995,317.04,0.39,0.37,2026-07-02,23:44:00,N21,nominal,2.0NRT,289.19,1.88,N,VIIRS
51.15331,34.58551,319.26,0.39,0.36,2026-07-02,23:44:00,N21,nominal,2.0NRT,289.33,1.88,N,VIIRS
51.14455,34.62315,298.42,0.39,0.36,2026-07-02,23:44:00,N21,nominal,2.0NRT,288.37,0.75,N,VIIRS
51.07717,34.83081,328.43,0.39,0.36,2026-07-02,23:44:00,N21,nominal,2.0NRT,291.52,5.64,N,VIIRS
51.01717,35.24558,299.29,0.39,0.36,2026-07-02,23:44:00,N21,nominal,2.0NRT,288.13,0.62,N,VIIRS
51.39441,30.21718,303.13,0.51,0.41,2026-07-02,23:44:00,N21,nominal,2.0NRT,289.94,0.94,N,VIIRS
47.87452,33.41853,305.89,0.39,0.36,2026-07-02,23:44:00,N21,nominal,2.0NRT,295.13,1.16,N,VIIRS
47.87525,33.41335,314.31,0.39,0.36,2026-07-02,23:44:00,N21,nominal,2.0NRT,295.87,1.31,N,VIIRS
47.87598,33.40818,310.04,0.39,0.36,2026-07-02,23:44:00,N21,nominal,2.0NRT,293.23,1.31,N,VIIRS
47.88074,33.39885,321.13,0.39,0.36,2026-07-02,23:44:00,N21,nominal,2.0NRT,295.14,2.16,N,VIIRS
47.65525,35.25573,303.18,0.38,0.36,2026-07-02,23:44:00,N21,nominal,2.0NRT,290.27,0.5,N,VIIRS
47.67524,35.13028,308.04,0.38,0.36,2026-07-02,23:44:00,N21,nominal,2.0NRT,291.51,1.47,N,VIIRS
47.71885,35.09247,310.46,0.38,0.36,2026-07-02,23:44:00,N21,nominal,2.0NRT,289.46,1.03,N,VIIRS
48.74803,26.60303,307.09,0.44,0.46,2026-07-02,23:44:00,N21,nominal,2.0NRT,290.19,1.23,N,VIIRS
47.42462,37.48642,329.17,0.41,0.37,2026-07-02,23:44:00,N21,nominal,2.0NRT,294.18,4.62,N,VIIRS
47.86928,35.16492,306.32,0.38,0.36,2026-07-02,23:44:00,N21,nominal,2.0NRT,294.11,1.05,N,VIIRS
47.87008,35.15989,306.19,0.38,0.36,2026-07-02,23:44:00,N21,nominal,2.0NRT,293.88,1.05,N,VIIRS
47.87901,35.16832,309.2,0.38,0.36,2026-07-02,23:44:00,N21,nominal,2.0NRT,291.33,0.84,N,VIIRS
47.87906,35.18959,311.09,0.38,0.36,2026-07-02,23:44:00,N21,nominal,2.0NRT,292.78,1.17,N,VIIRS
47.80689,35.93201,303.32,0.39,0.36,2026-07-02,23:44:00,N21,nominal,2.0NRT,288.31,0.75,N,VIIRS
47.82023,36.34817,299.24,0.39,0.36,2026-07-02,23:44:00,N21,nominal,2.0NRT,287.64,0.5,N,VIIRS
47.86964,36.32028,303.01,0.39,0.36,2026-07-02,23:44:00,N21,nominal,2.0NRT,290.09,0.86,N,VIIRS
47.90506,36.6823,301.77,0.39,0.36,2026-07-02,23:44:00,N21,nominal,2.0NRT,289.07,0.76,N,VIIRS
47.99951,36.16448,319.39,0.39,0.36,2026-07-02,23:44:00,N21,nominal,2.0NRT,289.8,2.06,N,VIIRS
48.0101,36.16301,321.84,0.39,0.36,2026-07-02,23:44:00,N21,nominal,2.0NRT,289.79,2.27,N,VIIRS
48.71502,31.57953,303.13,0.43,0.38,2026-07-02,23:44:00,N21,nominal,2.0NRT,288.67,0.12,N,VIIRS
47.87122,37.25176,302.05,0.4,0.37,2026-07-02,23:44:00,N21,nominal,2.0NRT,286.95,0.48,N,VIIRS
47.8745,37.25306,298.05,0.4,0.37,2026-07-02,23:44:00,N21,nominal,2.0NRT,286.57,0.48,N,VIIRS
47.87543,37.24783,298.37,0.4,0.37,2026-07-02,23:44:00,N21,nominal,2.0NRT,287.46,0.79,N,VIIRS
48.40656,34.48651,327.46,0.39,0.36,2026-07-02,23:44:00,N21,nominal,2.0NRT,291.69,2.82,N,VIIRS
48.08168,36.5773,303.12,0.39,0.36,2026-07-02,23:44:00,N21,nominal,2.0NRT,289.04,0.77,N,VIIRS
47.87595,37.92013,324.35,0.41,0.37,2026-07-02,23:44:00,N21,nominal,2.0NRT,290.05,3.62,N,VIIRS
48.12824,36.72861,328.34,0.39,0.36,2026-07-02,23:44:00,N21,nominal,2.0NRT,289.11,3.41,N,VIIRS
48.47095,34.62908,310.58,0.39,0.36,2026-07-02,23:44:00,N21,nominal,2.0NRT,294.13,1.49,N,VIIRS
48.47421,34.63019,309.94,0.39,0.36,2026-07-02,23:44:00,N21,nominal,2.0NRT,294.13,1.18,N,VIIRS
47.4511,34.74131,303.96,0.38,0.36,2026-07-02,23:44:00,N21,nominal,2.0NRT,289.62,0.77,N,VIIRS
47.45189,34.73631,306.66,0.38,0.36,2026-07-02,23:44:00,N21,nominal,2.0NRT,289.51,0.77,N,VIIRS
47.318600000000004,35.7589,305.81,0.39,0.36,2026-07-02,23:44:00,N21,nominal,2.0NRT,287.97,0.99,N,VIIRS
48.51881,34.62917,302.95,0.39,0.36,2026-07-02,23:44:00,N21,nominal,2.0NRT,292.81,0.46,N,VIIRS
48.52469,34.65813,304.98,0.39,0.36,2026-07-02,23:44:00,N21,nominal,2.0NRT,293.76,1.49,N,VIIRS
45.4495,34.30761,312.08,0.38,0.36,2026-07-02,23:46:00,N21,nominal,2.0NRT,290.56,1.22,N,VIIRS
45.28676,33.67935,314.61,0.38,0.36,2026-07-02,23:46:00,N21,nominal,2.0NRT,291.37,1.94,N,VIIRS
44.77179,33.86223,317.16,0.38,0.36,2026-07-02,23:46:00,N21,nominal,2.0NRT,291.34,1.2,N,VIIRS
46.13939,32.96588,304.38,0.39,0.36,2026-07-02,23:46:00,N21,nominal,2.0NRT,288.03,0.61,N,VIIRS
46.14267,32.96685,304.57,0.39,0.36,2026-07-02,23:46:00,N21,nominal,2.0NRT,287.41,0.61,N,VIIRS
46.28425,33.81273,309.46,0.39,0.36,2026-07-02,23:46:00,N21,nominal,2.0NRT,289.37,1.09,N,VIIRS
46.28499,33.80782,311.34,0.39,0.36,2026-07-02,23:46:00,N21,nominal,2.0NRT,289.99,1.09,N,VIIRS
46.1946,34.67332,316.55,0.38,0.36,2026-07-02,23:46:00,N21,nominal,2.0NRT,291.16,0.87,N,VIIRS
46.55509,33.39656,335.95,0.39,0.36,2026-07-02,23:46:00,N21,nominal,2.0NRT,287.95,3.95,N,VIIRS
46.67659,32.71469,302.65,0.4,0.37,2026-07-02,23:46:00,N21,nominal,2.0NRT,292.07,0.42,N,VIIRS
46.6773,32.70961,306.8,0.4,0.37,2026-07-02,23:46:00,N21,nominal,2.0NRT,291.54,0.42,N,VIIRS
46.69369,32.91063,311.73,0.39,0.36,2026-07-02,23:46:00,N21,nominal,2.0NRT,291.12,1.02,N,VIIRS
46.69441,32.90555,308.09,0.39,0.36,2026-07-02,23:46:00,N21,nominal,2.0NRT,291.16,1.02,N,VIIRS
46.40454,34.94852,301.9,0.39,0.36,2026-07-02,23:46:00,N21,nominal,2.0NRT,290.07,0.42,N,VIIRS
46.69611,33.08545,312.98,0.39,0.36,2026-07-02,23:46:00,N21,nominal,2.0NRT,290.24,1.2,N,VIIRS
46.69794,33.09654,296.01,0.39,0.36,2026-07-02,23:46:00,N21,nominal,2.0NRT,282.97,6.29,N,VIIRS
46.69722,33.10158,340.98,0.39,0.36,2026-07-02,23:46:00,N21,nominal,2.0NRT,292.09,6.29,N,VIIRS
46.70123,33.09753,303.85,0.39,0.36,2026-07-02,23:46:00,N21,nominal,2.0NRT,290.97,1.09,N,VIIRS
46.74689,32.91845,315.07,0.39,0.36,2026-07-02,23:46:00,N21,nominal,2.0NRT,290.16,1.42,N,VIIRS
