latitude,longitude,bright_ti4,scan,track,acq_date,acq_time,satellite,confidence,version,bright_ti5,frp,daynight,instrument
51.94736,33.7878,314.73,0.51,0.49,2026-08-17,00:39:00,N21,nominal,2.0NRT,285.73,2.23,N,VIIRS
48.5176,34.63062,311.42,0.35,0.57,2026-08-17,00:39:00,N21,nominal,2.0NRT,287.68,1.1,N,VIIRS
48.51888,34.62618,299.87,0.35,0.57,2026-08-17,00:39:00,N21,nominal,2.0NRT,288.04,1.68,N,VIIRS
50.4379,27.44341,303.27,0.49,0.4,2026-08-17,00:39:00,N21,nominal,2.0NRT,277.41,1.89,N,VIIRS
50.43653,27.44998,339.2,0.49,0.4,2026-08-17,00:39:00,N21,nominal,2.0NRT,282.18,5.31,N,VIIRS
50.44007,27.45183,321.66,0.49,0.4,2026-08-17,00:39:00,N21,nominal,2.0NRT,279.33,5.31,N,VIIRS
47.82786,35.73743,298.32,0.41,0.61,2026-08-17,00:39:00,N21,nominal,2.0NRT,284.21,0.52,N,VIIRS
47.81408,35.72202,367,0.41,0.61,2026-08-17,00:39:00,N21,high,2.0NRT,287.76,11.7,N,VIIRS
50.43909,27.45178,328.62,0.49,0.4,2026-08-17,00:39:00,N21,nominal,2.0NRT,279.78,5.03,N,VIIRS
47.93132,37.12166,313.48,0.47,0.64,2026-08-17,00:39:00,N21,nominal,2.0NRT,282.02,2.1,N,VIIRS
48.51125,35.46794,306.01,0.38,0.59,2026-08-17,00:39:00,N21,nominal,2.0NRT,286.59,1.27,N,VIIRS
50.27087,26.06687,332.39,0.45,0.39,2026-08-17,00:39:00,N21,nominal,2.0NRT,290.43,4.67,N,VIIRS
47.88848,35.82166,296.02,0.41,0.61,2026-08-17,00:39:00,N21,nominal,2.0NRT,282.94,0.24,N,VIIRS
47.93338,36.0357,300.16,0.42,0.61,2026-08-17,00:39:00,N21,nominal,2.0NRT,283.39,0.79,N,VIIRS
47.70015,37.04771,298.84,0.47,0.64,2026-08-17,00:39:00,N21,nominal,2.0NRT,281.63,0.63,N,VIIRS
47.48246,37.60987,296.74,0.51,0.66,2026-08-17,00:39:00,N21,nominal,2.0NRT,285.01,1.3,N,VIIRS
48.51429,35.46972,304.94,0.38,0.59,2026-08-17,00:39:00,N21,nominal,2.0NRT,286.16,0.99,N,VIIRS
47.6503,38.48166,297.32,0.55,0.68,2026-08-17,00:39:00,N21,nominal,2.0NRT,283.52,1.19,N,VIIRS
48.30005,36.764,296.11,0.44,0.62,2026-08-17,00:39:00,N21,nominal,2.0NRT,282.87,0.87,N,VIIRS
47.83357,38.47556,304.88,0.54,0.68,2026-08-17,00:39:00,N21,nominal,2.0NRT,286.55,1.99,N,VIIRS
49.15982,34.20331,298.01,0.32,0.55,2026-08-17,00:39:00,N21,nominal,2.0NRT,287.72,0.86,N,VIIRS
51.37421,24.88533,300.65,0.41,0.37,2026-08-17,00:39:00,N21,nominal,2.0NRT,286.08,0.48,N,VIIRS
48.87511,36.94846,297.41,0.43,0.62,2026-08-17,00:39:00,N21,nominal,2.0NRT,284.55,1.29,N,VIIRS
51.78041,25.12514,327.73,0.41,0.37,2026-08-17,00:39:00,N21,nominal,2.0NRT,292.21,5.79,N,VIIRS
48.85245,37.56334,299.5,0.46,0.63,2026-08-17,00:39:00,N21,nominal,2.0NRT,286.38,1.28,N,VIIRS
48.46482,38.76044,300.55,0.53,0.67,2026-08-17,00:39:00,N21,nominal,2.0NRT,286.61,2.72,N,VIIRS
49.54562,35.46809,297.06,0.35,0.57,2026-08-17,00:39:00,N21,nominal,2.0NRT,285.51,0.49,N,VIIRS
48.98587,37.80072,295.15,0.46,0.64,2026-08-17,00:39:00,N21,nominal,2.0NRT,284.02,1.02,N,VIIRS
48.98768,37.79506,304.66,0.46,0.64,2026-08-17,00:39:00,N21,nominal,2.0NRT,283.75,1.02,N,VIIRS
48.98696,37.79948,306.16,0.46,0.64,2026-08-17,00:39:00,N21,nominal,2.0NRT,284.07,1.43,N,VIIRS
49.13309,37.56734,296.46,0.45,0.63,2026-08-17,00:39:00,N21,nominal,2.0NRT,286.39,0.77,N,VIIRS
51.16525,30.15265,307.5,0.39,0.44,2026-08-17,00:39:00,N21,nominal,2.0NRT,291.56,0.86,N,VIIRS
51.53427,28.94971,302.35,0.52,0.42,2026-08-17,00:39:00,N21,nominal,2.0NRT,272.16,1.12,N,VIIRS
48.89955,38.73376,308.02,0.51,0.66,2026-08-17,00:39:00,N21,nominal,2.0NRT,284.73,1.81,N,VIIRS
48.89573,38.73256,297.12,0.51,0.66,2026-08-17,00:39:00,N21,nominal,2.0NRT,283.94,1.27,N,VIIRS
48.90114,38.73681,299.21,0.51,0.66,2026-08-17,00:39:00,N21,nominal,2.0NRT,284.32,1.21,N,VIIRS
48.90321,38.7307,301.83,0.51,0.66,2026-08-17,00:39:00,N21,nominal,2.0NRT,284.46,1.21,N,VIIRS
48.95547,38.71754,297.68,0.5,0.66,2026-08-17,00:39:00,N21,nominal,2.0NRT,283.52,8.23,N,VIIRS
48.95345,38.7236,367,0.5,0.66,2026-08-17,00:39:00,N21,high,2.0NRT,288.96,17.04,N,VIIRS
51.34135,30.28457,311.74,0.39,0.44,2026-08-17,00:39:00,N21,nominal,2.0NRT,290.13,8.82,N,VIIRS
51.34391,30.29213,329.8,0.39,0.44,2026-08-17,00:39:00,N21,nominal,2.0NRT,292.32,8.82,N,VIIRS
51.34514,30.28686,338.9,0.39,0.44,2026-08-17,00:39:00,N21,nominal,2.0NRT,296.48,8.82,N,VIIRS
51.34893,30.28913,305.75,0.39,0.44,2026-08-17,00:39:00,N21,nominal,2.0NRT,290.98,1.54,N,VIIRS
51.35263,30.27329,311.93,0.39,0.44,2026-08-17,00:39:00,N21,nominal,2.0NRT,291.64,1.52,N,VIIRS
51.35386,30.268,312.62,0.39,0.44,2026-08-17,00:39:00,N21,nominal,2.0NRT,292.03,1.52,N,VIIRS
51.35016,30.28386,324.97,0.39,0.44,2026-08-17,00:39:00,N21,nominal,2.0NRT,295.37,3.88,N,VIIRS
51.35641,30.27558,302.1,0.39,0.44,2026-08-17,00:39:00,N21,nominal,2.0NRT,290.67,1.52,N,VIIRS
51.3927,30.24934,301.21,0.39,0.44,2026-08-17,00:39:00,N21,nominal,2.0NRT,289.11,1.62,N,VIIRS
51.39526,30.25688,308.1,0.39,0.44,2026-08-17,00:39:00,N21,nominal,2.0NRT,290.87,2.11,N,VIIRS
51.39648,30.25163,318.11,0.39,0.44,2026-08-17,00:39:00,N21,nominal,2.0NRT,293.63,1.62,N,VIIRS
51.39769,30.24636,309.38,0.39,0.44,2026-08-17,00:39:00,N21,nominal,2.0NRT,291.28,1.62,N,VIIRS
51.40148,30.24863,308.89,0.39,0.44,2026-08-17,00:39:00,N21,nominal,2.0NRT,291.65,2.63,N,VIIRS
51.40269,30.24336,308.16,0.39,0.44,2026-08-17,00:39:00,N21,nominal,2.0NRT,288.94,2.13,N,VIIRS
51.40026,30.25388,327.52,0.39,0.44,2026-08-17,00:39:00,N21,nominal,2.0NRT,295.73,2.63,N,VIIRS
49.75146,37.36314,313.08,0.42,0.61,2026-08-17,00:39:00,N21,nominal,2.0NRT,283.95,1.26,N,VIIRS
49.75649,37.3671,326.36,0.42,0.61,2026-08-17,00:39:00,N21,nominal,2.0NRT,283.22,2.99,N,VIIRS
50.0481,37.07316,295.33,0.4,0.6,2026-08-17,00:39:00,N21,nominal,2.0NRT,283.54,0.97,N,VIIRS
47.71958,36.92513,296.48,0.47,0.64,2026-08-17,00:39:00,N21,nominal,2.0NRT,281.93,0.7,N,VIIRS
48.4721,34.62931,304.2,0.35,0.57,2026-08-17,00:39:00,N21,nominal,2.0NRT,288.94,1.29,N,VIIRS
51.02564,35.11037,305.16,0.61,0.54,2026-08-17,00:39:00,N21,nominal,2.0NRT,283.21,1.35,N,VIIRS
52.00033,31.97503,296.74,0.43,0.46,2026-08-17,00:39:00,N21,nominal,2.0NRT,285.47,0.45,N,VIIRS
52.00137,31.98944,296.84,0.43,0.46,2026-08-17,00:39:00,N21,nominal,2.0NRT,286.63,0.55,N,VIIRS
52.02291,31.97614,316.89,0.43,0.46,2026-08-17,00:39:00,N21,nominal,2.0NRT,285.95,1.74,N,VIIRS
52.14124,32.3382,298.38,0.44,0.46,2026-08-17,00:39:00,N21,nominal,2.0NRT,287.37,0.53,N,VIIRS
47.13883,35.57691,297.25,0.43,0.62,2026-08-17,00:41:00,N21,nominal,2.0NRT,283.6,0.61,N,VIIRS
46.98676,36.14943,301.62,0.46,0.63,2026-08-17,00:41:00,N21,nominal,2.0NRT,285.05,1.43,N,VIIRS
47.87956,33.39529,300.68,0.33,0.55,2026-08-17,00:41:00,N21,nominal,2.0NRT,288.55,0.9,N,VIIRS
48.14924,32.4177,299.82,0.58,0.52,2026-08-17,00:41:00,N21,nominal,2.0NRT,286.74,1.44,N,VIIRS
47.87283,33.43877,304.27,0.33,0.55,2026-08-17,00:41:00,N21,nominal,2.0NRT,289.85,0.88,N,VIIRS
47.19826,35.80446,303.71,0.44,0.62,2026-08-17,00:41:00,N21,nominal,2.0NRT,284.79,1.73,N,VIIRS
47.19313,35.90291,301.49,0.44,0.62,2026-08-17,00:41:00,N21,nominal,2.0NRT,285.44,1.94,N,VIIRS
47.19834,35.90652,321.95,0.44,0.62,2026-08-17,00:41:00,N21,nominal,2.0NRT,285.92,1.94,N,VIIRS
47.20358,35.91004,301.8,0.44,0.62,2026-08-17,00:41:00,N21,nominal,2.0NRT,285.27,1.09,N,VIIRS
47.27737,35.88579,307.67,0.44,0.62,2026-08-17,00:41:00,N21,nominal,2.0NRT,284.84,1.84,N,VIIRS
47.66502,34.76291,301.17,0.38,0.59,2026-08-17,00:41:00,N21,nominal,2.0NRT,286.16,1.3,N,VIIRS
47.66166,34.79451,296.8,0.38,0.59,2026-08-17,00:41:00,N21,nominal,2.0NRT,284.74,0.49,N,VIIRS
48.42972,32.3275,296.53,0.57,0.52,2026-08-17,00:41:00,N21,nominal,2.0NRT,284.69,0.89,N,VIIRS
48.21206,33.14923,295.61,0.62,0.54,2026-08-17,00:41:00,N21,nominal,2.0NRT,285.06,1.25,N,VIIRS
47.24489,36.57008,299.79,0.47,0.64,2026-08-17,00:41:00,N21,nominal,2.0NRT,285.81,1.22,N,VIIRS
47.24672,36.56424,296.18,0.47,0.64,2026-08-17,00:41:00,N21,nominal,2.0NRT,285.7,0.97,N,VIIRS
47.26269,36.57557,297.61,0.47,0.64,2026-08-17,00:41:00,N21,nominal,2.0NRT,284.9,0.6,N,VIIRS
47.24539,36.56847,299.66,0.47,0.64,2026-08-17,00:41:00,N21,nominal,2.0NRT,285.95,1.25,N,VIIRS
47.26139,36.57968,295.13,0.47,0.64,2026-08-17,00:41:00,N21,nominal,2.0NRT,284.85,1.02,N,VIIRS
47.70254,35.15872,300.75,0.39,0.6,2026-08-17,00:41:00,N21,nominal,2.0NRT,283.74,0.94,N,VIIRS
47.39536,34.52787,313.45,0.38,0.59,2026-08-17,00:41:00,N21,nominal,2.0NRT,284.01,1.31,N,VIIRS
46.86449,36.33295,295.7,0.47,0.64,2026-08-17,00:41:00,N21,nominal,2.0NRT,282.97,0.5,N,VIIRS
47.3971,34.52853,316.83,0.38,0.59,2026-08-17,00:41:00,N21,nominal,2.0NRT,285.16,1.59,N,VIIRS
47.84635,32.85897,295.46,0.62,0.54,2026-08-17,00:41:00,N21,nominal,2.0NRT,284.64,0.56,N,VIIRS
47.03849,35.36509,296.62,0.42,0.61,2026-08-17,00:41:00,N21,nominal,2.0NRT,284.32,0.64,N,VIIRS
47.12202,34.8836,297.72,0.4,0.6,2026-08-17,00:41:00,N21,nominal,2.0NRT,282.75,0.77,N,VIIRS
47.42562,33.82827,327.51,0.35,0.57,2026-08-17,00:41:00,N21,nominal,2.0NRT,286.35,2.92,N,VIIRS
46.95966,35.25788,302.86,0.42,0.61,2026-08-17,00:41:00,N21,nominal,2.0NRT,286.45,0.81,N,VIIRS
46.96069,35.25835,302.62,0.42,0.61,2026-08-17,00:41:00,N21,nominal,2.0NRT,286.37,0.93,N,VIIRS
47.01289,34.67902,302.83,0.39,0.6,2026-08-17,00:41:00,N21,nominal,2.0NRT,283.57,1.82,N,VIIRS
47.01146,34.68379,308.31,0.39,0.6,2026-08-17,00:41:00,N21,nominal,2.0NRT,283.42,1.89,N,VIIRS
47.01574,34.68209,313.97,0.39,0.6,2026-08-17,00:41:00,N21,nominal,2.0NRT,283.96,2.97,N,VIIRS
46.82226,35.18762,350.68,0.42,0.61,2026-08-17,00:41:00,N21,nominal,2.0NRT,285.24,4.45,N,VIIRS
46.82381,35.18249,298.8,0.42,0.61,2026-08-17,00:41:00,N21,nominal,2.0NRT,284.55,4.45,N,VIIRS
46.81711,35.18421,336.08,0.42,0.61,2026-08-17,00:41:00,N21,nominal,2.0NRT,285.32,4.45,N,VIIRS
46.7394,35.25586,331.54,0.43,0.62,2026-08-17,00:41:00,N21,nominal,2.0NRT,283.76,3.77,N,VIIRS
46.72038,35.16065,301.63,0.42,0.61,2026-08-17,00:41:00,N21,nominal,2.0NRT,282.4,0.69,N,VIIRS
47.1909,33.31617,299.73,0.34,0.56,2026-08-17,00:41:00,N21,nominal,2.0NRT,284.64,0.58,N,VIIRS
46.60991,35.21687,303.16,0.43,0.62,2026-08-17,00:41:00,N21,nominal,2.0NRT,283.57,1.06,N,VIIRS
46.6113,35.21876,304.83,0.43,0.62,2026-08-17,00:41:00,N21,nominal,2.0NRT,283.38,0.88,N,VIIRS
46.49165,35.46705,304.76,0.44,0.63,2026-08-17,00:41:00,N21,nominal,2.0NRT,282.95,1.44,N,VIIRS
46.48114,35.46008,307.78,0.44,0.63,2026-08-17,00:41:00,N21,nominal,2.0NRT,282.77,1.79,N,VIIRS
46.47622,35.47602,312.74,0.44,0.63,2026-08-17,00:41:00,N21,nominal,2.0NRT,286.31,3.08,N,VIIRS
46.54035,35.04343,295.02,0.42,0.61,2026-08-17,00:41:00,N21,nominal,2.0NRT,283.12,0.6,N,VIIRS
48.74532,26.60572,300.88,0.49,0.4,2026-08-17,00:41:00,N21,nominal,2.0NRT,289.82,0.79,N,VIIRS
46.52899,35.02449,314.07,0.42,0.61,2026-08-17,00:41:00,N21,nominal,2.0NRT,283.04,2.66,N,VIIRS
48.97543,24.70872,297.38,0.43,0.38,2026-08-17,00:41:00,N21,nominal,2.0NRT,281.11,0.47,N,VIIRS
46.59115,34.22449,313.53,0.39,0.59,2026-08-17,00:41:00,N21,nominal,2.0NRT,284.53,1.68,N,VIIRS
47.03831,32.62644,295.03,0.32,0.55,2026-08-17,00:41:00,N21,nominal,2.0NRT,284.4,0.35,N,VIIRS
47.88045,29.32423,299.93,0.44,0.46,2026-08-17,00:41:00,N21,nominal,2.0NRT,285.69,0.17,N,VIIRS
47.55718,30.56736,303.26,0.5,0.49,2026-08-17,00:41:00,N21,nominal,2.0NRT,285.07,1.2,N,VIIRS
47.5547,30.56652,306.55,0.5,0.49,2026-08-17,00:41:00,N21,nominal,2.0NRT,285.43,1.71,N,VIIRS
46.90414,32.91204,297.71,0.33,0.55,2026-08-17,00:41:00,N21,nominal,2.0NRT,284.58,0.63,N,VIIRS
46.77144,33.22488,297.93,0.35,0.56,2026-08-17,00:41:00,N21,nominal,2.0NRT,286.22,1.58,N,VIIRS
47.51701,30.40944,297.75,0.5,0.49,2026-08-17,00:41:00,N21,nominal,2.0NRT,286.25,0.87,N,VIIRS
46.795,33.04309,297.85,0.34,0.56,2026-08-17,00:41:00,N21,nominal,2.0NRT,284.03,0.92,N,VIIRS
46.79385,33.04716,303.27,0.34,0.56,2026-08-17,00:41:00,N21,nominal,2.0NRT,283.98,1.02,N,VIIRS
46.79646,33.04413,296.98,0.34,0.56,2026-08-17,00:41:00,N21,nominal,2.0NRT,283.81,0.75,N,VIIRS
46.79532,33.04823,303.39,0.34,0.56,2026-08-17,00:41:00,N21,nominal,2.0NRT,283.6,0.75,N,VIIRS
46.29827,34.32737,295.29,0.4,0.6,2026-08-17,00:41:00,N21,nominal,2.0NRT,284.97,0.76,N,VIIRS
46.2634,34.27861,296.98,0.4,0.6,2026-08-17,00:41:00,N21,nominal,2.0NRT,284.79,0.67,N,VIIRS
46.25836,34.27531,331.61,0.4,0.6,2026-08-17,00:41:00,N21,nominal,2.0NRT,286.81,2.99,N,VIIRS
46.25693,34.28013,309.34,0.4,0.6,2026-08-17,00:41:00,N21,nominal,2.0NRT,284.8,2.99,N,VIIRS
46.25549,34.28498,309.6,0.4,0.6,2026-08-17,00:41:00,N21,nominal,2.0NRT,284.61,1.68,N,VIIRS
46.25187,34.27687,322.22,0.4,0.6,2026-08-17,00:41:00,N21,nominal,2.0NRT,286.83,2.99,N,VIIRS
46.25043,34.28171,304.85,0.4,0.6,2026-08-17,00:41:00,N21,nominal,2.0NRT,286.2,1.68,N,VIIRS
49.62748,28.05089,307.59,0.53,0.42,2026-08-17,00:41:00,N21,nominal,2.0NRT,285.26,1.62,N,VIIRS
46.29399,33.97315,304.73,0.39,0.59,2026-08-17,00:41:00,N21,nominal,2.0NRT,284.36,1.05,N,VIIRS
46.29262,33.9778,304.91,0.39,0.59,2026-08-17,00:41:00,N21,nominal,2.0NRT,284.57,1.05,N,VIIRS
46.29035,33.9654,300.91,0.39,0.59,2026-08-17,00:41:00,N21,nominal,2.0NRT,285.15,1.55,N,VIIRS
46.28898,33.97003,300.54,0.39,0.59,2026-08-17,00:41:00,N21,nominal,2.0NRT,284.6,1.31,N,VIIRS
46.28622,33.97936,299.16,0.39,0.59,2026-08-17,00:41:00,N21,nominal,2.0NRT,284.51,0.71,N,VIIRS
46.28396,33.96693,306.16,0.39,0.59,2026-08-17,00:41:00,N21,nominal,2.0NRT,285.45,1.31,N,VIIRS
46.2923,33.96749,300.7,0.39,0.59,2026-08-17,00:41:00,N21,nominal,2.0NRT,285.25,1.05,N,VIIRS
46.29095,33.97214,302.31,0.39,0.59,2026-08-17,00:41:00,N21,nominal,2.0NRT,284.84,1.05,N,VIIRS
46.2896,33.97681,307.11,0.39,0.59,2026-08-17,00:41:00,N21,nominal,2.0NRT,285.54,1.06,N,VIIRS
46.28824,33.98149,296.63,0.39,0.59,2026-08-17,00:41:00,N21,nominal,2.0NRT,284.41,1.06,N,VIIRS
46.28729,33.96436,302.99,0.39,0.59,2026-08-17,00:41:00,N21,nominal,2.0NRT,284.77,1.05,N,VIIRS
46.28594,33.969,309.73,0.39,0.59,2026-08-17,00:41:00,N21,nominal,2.0NRT,285.22,1.05,N,VIIRS
46.28938,33.91636,300.83,0.38,0.59,2026-08-17,00:41:00,N21,nominal,2.0NRT,284.94,0.63,N,VIIRS
46.28841,33.89936,322.13,0.38,0.59,2026-08-17,00:41:00,N21,nominal,2.0NRT,285.68,2.09,N,VIIRS
46.28975,33.89474,302.6,0.38,0.59,2026-08-17,00:41:00,N21,nominal,2.0NRT,284.8,1.85,N,VIIRS
46.28207,33.90086,300.49,0.38,0.59,2026-08-17,00:41:00,N21,nominal,2.0NRT,285.47,2.09,N,VIIRS
46.27398,33.9287,316.74,0.39,0.59,2026-08-17,00:41:00,N21,nominal,2.0NRT,285.84,2.88,N,VIIRS
46.26086,33.95337,296.32,0.39,0.59,2026-08-17,00:41:00,N21,nominal,2.0NRT,285.61,1.56,N,VIIRS
46.2595,33.95805,306.98,0.39,0.59,2026-08-17,00:41:00,N21,nominal,2.0NRT,286.1,1.51,N,VIIRS
46.24038,33.96259,299.81,0.39,0.59,2026-08-17,00:41:00,N21,nominal,2.0NRT,285.52,0.65,N,VIIRS
46.23489,33.98133,297.23,0.39,0.59,2026-08-17,00:41:00,N21,nominal,2.0NRT,284.87,0.71,N,VIIRS
46.23124,33.97348,325.91,0.39,0.59,2026-08-17,00:41:00,N21,nominal,2.0NRT,287.11,5.24,N,VIIRS
46.22987,33.97816,351.07,0.39,0.59,2026-08-17,00:41:00,N21,nominal,2.0NRT,288.93,5.24,N,VIIRS
46.2285,33.98285,296.37,0.39,0.59,2026-08-17,00:41:00,N21,nominal,2.0NRT,284.83,2.87,N,VIIRS
46.21795,33.99854,330.79,0.39,0.59,2026-08-17,00:41:00,N21,nominal,2.0NRT,285.9,3.94,N,VIIRS
46.22072,33.9891,298.05,0.39,0.59,2026-08-17,00:41:00,N21,nominal,2.0NRT,286.13,1.35,N,VIIRS
46.21933,33.99382,298.05,0.39,0.59,2026-08-17,00:41:00,N21,nominal,2.0NRT,285.72,1.35,N,VIIRS
46.5427,32.82828,329.34,0.34,0.56,2026-08-17,00:41:00,N21,nominal,2.0NRT,285.63,2.05,N,VIIRS
46.54155,32.83238,302.41,0.34,0.56,2026-08-17,00:41:00,N21,nominal,2.0NRT,284.72,2.05,N,VIIRS
46.3314,33.48913,305.22,0.37,0.58,2026-08-17,00:41:00,N21,nominal,2.0NRT,283.62,1.07,N,VIIRS
46.33012,33.49355,302.09,0.37,0.58,2026-08-17,00:41:00,N21,nominal,2.0NRT,283.57,1.07,N,VIIRS
46.4031,32.42484,303.42,0.33,0.55,2026-08-17,00:41:00,N21,nominal,2.0NRT,285.79,0.66,N,VIIRS
46.32159,32.34362,320.17,0.33,0.55,2026-08-17,00:41:00,N21,nominal,2.0NRT,285.69,1.89,N,VIIRS
46.32379,32.33571,300.21,0.33,0.55,2026-08-17,00:41:00,N21,nominal,2.0NRT,284.73,1.13,N,VIIRS
46.32269,32.33966,311.72,0.33,0.55,2026-08-17,00:41:00,N21,nominal,2.0NRT,285.56,1.89,N,VIIRS
46.3205,32.34758,310.91,0.33,0.55,2026-08-17,00:41:00,N21,nominal,2.0NRT,285.1,1.87,N,VIIRS
45.67906,28.9917,295.85,0.48,0.48,2026-08-17,00:41:00,N21,nominal,2.0NRT,284.02,1.6,N,VIIRS
45.67614,28.98551,298.15,0.48,0.48,2026-08-17,00:41:00,N21,nominal,2.0NRT,285.54,1.25,N,VIIRS
44.77513,33.85911,296.65,0.43,0.62,2026-08-17,00:41:00,N21,nominal,2.0NRT,283.77,1.75,N,VIIRS
46.34807,29.06167,296.31,0.46,0.47,2026-08-17,00:41:00,N21,nominal,2.0NRT,284.99,0.53,N,VIIRS
45.12842,34.00029,296.56,0.42,0.61,2026-08-17,00:41:00,N21,nominal,2.0NRT,285.65,0.77,N,VIIRS
45.12801,33.99875,298.88,0.42,0.61,2026-08-17,00:41:00,N21,nominal,2.0NRT,285.91,0.71,N,VIIRS
45.49505,33.07021,295.12,0.37,0.58,2026-08-17,00:41:00,N21,nominal,2.0NRT,283.41,0.4,N,VIIRS
47.88771,39.4144,331.11,0.7,0.75,2026-08-17,08:48:00,N21,nominal,2.0NRT,299.33,5.63,D,VIIRS
47.88942,39.41049,332.09,0.7,0.75,2026-08-17,08:48:00,N21,nominal,2.0NRT,298.58,5.28,D,VIIRS
47.91586,37.984,355.09,0.79,0.78,2026-08-17,08:48:00,N21,nominal,2.0NRT,302.54,15.93,D,VIIRS
47.9115,37.9809,347.53,0.79,0.78,2026-08-17,08:48:00,N21,nominal,2.0NRT,300.21,12.98,D,VIIRS
48.41549,37.62117,328.92,0.79,0.78,2026-08-17,08:48:00,N21,nominal,2.0NRT,294.24,5.87,D,VIIRS
48.89569,38.73199,332.51,0.68,0.74,2026-08-17,08:48:00,N21,nominal,2.0NRT,297.19,8.94,D,VIIRS
48.90467,38.73508,333.75,0.68,0.74,2026-08-17,08:48:00,N21,nominal,2.0NRT,298.29,8.94,D,VIIRS
48.95549,38.72456,344.43,0.68,0.74,2026-08-17,08:48:00,N21,nominal,2.0NRT,296.77,12.14,D,VIIRS
48.80408,38.25309,331.35,0.72,0.75,2026-08-17,08:48:00,N21,nominal,2.0NRT,297.39,8.65,D,VIIRS
48.95377,38.7304,335.44,0.68,0.74,2026-08-17,08:48:00,N21,nominal,2.0NRT,295.44,13.58,D,VIIRS
48.80665,38.25631,331.07,0.72,0.75,2026-08-17,08:48:00,N21,nominal,2.0NRT,296.65,9.07,D,VIIRS
48.80335,38.24762,328.38,0.72,0.75,2026-08-17,08:48:00,N21,nominal,2.0NRT,296.64,6.99,D,VIIRS
48.78036,38.06002,367,0.73,0.76,2026-08-17,08:48:00,N21,high,2.0NRT,294.5,29.83,D,VIIRS
48.6032,37.53878,331.7,0.78,0.78,2026-08-17,08:48:00,N21,nominal,2.0NRT,294.18,5.62,D,VIIRS
48.83888,37.74362,335.17,0.75,0.77,2026-08-17,08:48:00,N21,nominal,2.0NRT,297.36,12.03,D,VIIRS
48.84493,37.73809,341.83,0.75,0.77,2026-08-17,08:48:00,N21,nominal,2.0NRT,296.2,9.86,D,VIIRS
48.8384,37.74356,331.79,0.75,0.77,2026-08-17,08:48:00,N21,nominal,2.0NRT,296.98,10.31,D,VIIRS
48.84447,37.73808,345.24,0.75,0.77,2026-08-17,08:48:00,N21,nominal,2.0NRT,296.2,10.31,D,VIIRS
49.01791,38.10653,338.31,0.71,0.75,2026-08-17,08:48:00,N21,nominal,2.0NRT,296.99,6.28,D,VIIRS
48.85091,37.64867,341.75,0.75,0.77,2026-08-17,08:48:00,N21,nominal,2.0NRT,294.56,12.07,D,VIIRS
48.90639,37.70789,349.52,0.75,0.77,2026-08-17,08:48:00,N21,nominal,2.0NRT,297.01,17.32,D,VIIRS
49.03851,38.03392,343.37,0.72,0.75,2026-08-17,08:48:00,N21,nominal,2.0NRT,297.44,17.36,D,VIIRS
49.03524,38.02527,334.28,0.72,0.75,2026-08-17,08:48:00,N21,nominal,2.0NRT,296.18,12.67,D,VIIRS
48.90745,37.71067,353.46,0.75,0.77,2026-08-17,08:48:00,N21,nominal,2.0NRT,296.85,20.91,D,VIIRS
49.0376,38.02663,334.22,0.72,0.75,2026-08-17,08:48:00,N21,nominal,2.0NRT,296.19,8.93,D,VIIRS
49.21598,37.96381,329.05,0.71,0.75,2026-08-17,08:48:00,N21,nominal,2.0NRT,296.92,5.7,D,VIIRS
49.22108,37.89274,327.97,0.71,0.75,2026-08-17,08:48:00,N21,nominal,2.0NRT,293.76,3.71,D,VIIRS
49.18368,37.73058,348.43,0.73,0.76,2026-08-17,08:48:00,N21,nominal,2.0NRT,295.18,22.09,D,VIIRS
49.18048,37.72217,332.88,0.73,0.76,2026-08-17,08:48:00,N21,nominal,2.0NRT,296.02,13.8,D,VIIRS
49.37263,38.14796,330.19,0.69,0.74,2026-08-17,08:48:00,N21,nominal,2.0NRT,294.45,10.67,D,VIIRS
49.36989,38.14059,334.95,0.69,0.74,2026-08-17,08:48:00,N21,nominal,2.0NRT,295.51,13.2,D,VIIRS
49.18406,37.7286,339.42,0.73,0.76,2026-08-17,08:48:00,N21,nominal,2.0NRT,294.81,16.56,D,VIIRS
49.37482,38.14419,335.42,0.69,0.74,2026-08-17,08:48:00,N21,nominal,2.0NRT,293.9,8.06,D,VIIRS
49.43816,38.1656,351.11,0.68,0.74,2026-08-17,08:48:00,N21,nominal,2.0NRT,295.94,16.09,D,VIIRS
49.49523,38.17096,336.79,0.68,0.74,2026-08-17,08:48:00,N21,nominal,2.0NRT,294.99,9.24,D,VIIRS
49.3749,37.8493,329.97,0.71,0.75,2026-08-17,08:48:00,N21,nominal,2.0NRT,294.99,3.82,D,VIIRS
49.44224,38.16669,346.3,0.68,0.74,2026-08-17,08:48:00,N21,nominal,2.0NRT,295.96,16.14,D,VIIRS
49.49636,38.16368,331.41,0.68,0.74,2026-08-17,08:48:00,N21,nominal,2.0NRT,295.08,7,D,VIIRS
49.57074,37.56753,334.18,0.71,0.75,2026-08-17,08:48:00,N21,nominal,2.0NRT,295.19,13.46,D,VIIRS
49.89552,38.04037,330.28,0.66,0.73,2026-08-17,08:48:00,N21,nominal,2.0NRT,299.27,6.66,D,VIIRS
49.87629,37.86285,336.56,0.68,0.74,2026-08-17,08:48:00,N21,nominal,2.0NRT,294.83,8.61,D,VIIRS
49.90042,38.04015,341.45,0.66,0.73,2026-08-17,08:48:00,N21,nominal,2.0NRT,297.12,8.69,D,VIIRS
49.88078,37.86373,339.88,0.68,0.74,2026-08-17,08:48:00,N21,nominal,2.0NRT,297.66,12.12,D,VIIRS
49.87758,37.85529,330.55,0.68,0.74,2026-08-17,08:48:00,N21,nominal,2.0NRT,294.68,9.27,D,VIIRS
50.01061,37.73644,329.99,0.68,0.74,2026-08-17,08:48:00,N21,nominal,2.0NRT,296.27,5.73,D,VIIRS
50.01332,37.73234,331.1,0.68,0.74,2026-08-17,08:48:00,N21,nominal,2.0NRT,294.64,5.97,D,VIIRS
50.05307,37.07545,336.69,0.71,0.75,2026-08-17,08:48:00,N21,nominal,2.0NRT,295.65,20.17,D,VIIRS
50.04976,37.06681,337.37,0.71,0.75,2026-08-17,08:48:00,N21,nominal,2.0NRT,296.22,20.47,D,VIIRS
50.04489,37.07112,331.48,0.71,0.75,2026-08-17,08:48:00,N21,nominal,2.0NRT,296.54,12.3,D,VIIRS
50.05424,37.07431,333.07,0.71,0.75,2026-08-17,08:48:00,N21,nominal,2.0NRT,294.84,6.47,D,VIIRS
50.0509,37.0657,329.49,0.71,0.75,2026-08-17,08:48:00,N21,nominal,2.0NRT,295.25,6.47,D,VIIRS
50.25389,36.93638,329.51,0.71,0.75,2026-08-17,08:48:00,N21,nominal,2.0NRT,294.68,6.56,D,VIIRS
50.04982,36.40862,337.25,0.76,0.77,2026-08-17,08:48:00,N21,nominal,2.0NRT,296.04,10.37,D,VIIRS
50.25367,36.93037,335.03,0.71,0.75,2026-08-17,08:48:00,N21,nominal,2.0NRT,295.48,7.47,D,VIIRS
45.18602,33.86214,347.95,0.4,0.37,2026-08-17,10:26:00,N21,low,2.0NRT,318.76,7.87,D,VIIRS
45.18687,33.86711,348.31,0.4,0.37,2026-08-17,10:26:00,N21,low,2.0NRT,320.38,7.87,D,VIIRS
45.18188,33.85832,344.79,0.4,0.37,2026-08-17,10:26:00,N21,low,2.0NRT,316.9,5.94,D,VIIRS
45.172,33.86172,352.26,0.4,0.37,2026-08-17,10:26:00,N21,nominal,2.0NRT,318.5,13.16,D,VIIRS
44.87199,33.77752,346.64,0.4,0.37,2026-08-17,10:26:00,N21,nominal,2.0NRT,313.68,16.58,D,VIIRS
48.37333,37.48021,334.17,0.41,0.37,2026-08-17,10:28:00,N21,nominal,2.0NRT,307.09,7.61,D,VIIRS
45.96187,34.57203,339.6,0.39,0.36,2026-08-17,10:28:00,N21,low,2.0NRT,314.58,4.02,D,VIIRS
46.07558,34.72218,350.24,0.39,0.36,2026-08-17,10:28:00,N21,nominal,2.0NRT,317.46,8.33,D,VIIRS
46.0804,34.73089,342.07,0.39,0.36,2026-08-17,10:28:00,N21,low,2.0NRT,316.41,5.14,D,VIIRS
46.07962,34.726,348.07,0.39,0.36,2026-08-17,10:28:00,N21,nominal,2.0NRT,317.7,8.33,D,VIIRS
46.07883,34.7211,354.57,0.39,0.36,2026-08-17,10:28:00,N21,nominal,2.0NRT,317.87,8.33,D,VIIRS
46.26276,34.28619,343.71,0.39,0.36,2026-08-17,10:28:00,N21,low,2.0NRT,316.01,12.38,D,VIIRS
46.26521,34.28014,351.47,0.39,0.36,2026-08-17,10:28:00,N21,nominal,2.0NRT,319.26,12.35,D,VIIRS
46.27172,34.27792,343.1,0.39,0.36,2026-08-17,10:28:00,N21,low,2.0NRT,317.04,8.43,D,VIIRS
46.399,34.87587,343.68,0.38,0.36,2026-08-17,10:28:00,N21,low,2.0NRT,314.83,3.48,D,VIIRS
46.39822,34.87095,341.68,0.38,0.36,2026-08-17,10:28:00,N21,low,2.0NRT,314.55,3.48,D,VIIRS
46.49442,35.46943,340.11,0.38,0.36,2026-08-17,10:28:00,N21,low,2.0NRT,315,1.46,D,VIIRS
46.49767,35.46839,347.67,0.38,0.36,2026-08-17,10:28:00,N21,nominal,2.0NRT,315.14,1.46,D,VIIRS
46.40472,34.8688,346.56,0.38,0.36,2026-08-17,10:28:00,N21,low,2.0NRT,320.39,21.1,D,VIIRS
45.41798,29.49272,333.55,0.53,0.42,2026-08-17,10:28:00,N21,low,2.0NRT,304.18,70.43,D,VIIRS
46.28819,34.00251,350.12,0.39,0.36,2026-08-17,10:28:00,N21,low,2.0NRT,322.92,13.74,D,VIIRS
46.27741,33.93787,344.29,0.39,0.36,2026-08-17,10:28:00,N21,nominal,2.0NRT,317.24,3.76,D,VIIRS
46.29062,33.99641,352.59,0.39,0.36,2026-08-17,10:28:00,N21,low,2.0NRT,329.44,25.31,D,VIIRS
46.30368,33.9919,347.06,0.39,0.36,2026-08-17,10:28:00,N21,nominal,2.0NRT,319.75,18.92,D,VIIRS
46.30286,33.98693,367,0.39,0.36,2026-08-17,10:28:00,N21,low,2.0NRT,326.79,18.92,D,VIIRS
46.30612,33.9858,367,0.39,0.36,2026-08-17,10:28:00,N21,high,2.0NRT,343.67,114.59,D,VIIRS
46.30695,33.99077,367,0.39,0.36,2026-08-17,10:28:00,N21,low,2.0NRT,336.38,114.59,D,VIIRS
46.46892,34.95106,345.91,0.38,0.36,2026-08-17,10:28:00,N21,nominal,2.0NRT,318.58,4.75,D,VIIRS
46.47217,34.94999,346.37,0.38,0.36,2026-08-17,10:28:00,N21,nominal,2.0NRT,314.97,4.75,D,VIIRS
46.1741,32.86079,340.85,0.41,0.37,2026-08-17,10:28:00,N21,nominal,2.0NRT,310.17,6.65,D,VIIRS
46.39458,34.02063,367,0.39,0.36,2026-08-17,10:28:00,N21,high,2.0NRT,354.78,130.15,D,VIIRS
46.39375,34.01565,367,0.39,0.36,2026-08-17,10:28:00,N21,high,2.0NRT,333.51,72.66,D,VIIRS
46.6396,35.52359,367,0.38,0.36,2026-08-17,10:28:00,N21,high,2.0NRT,318.19,13.29,D,VIIRS
45.42085,28.91069,341.66,0.56,0.43,2026-08-17,10:28:00,N21,nominal,2.0NRT,310.45,7.99,D,VIIRS
46.6436,35.52749,341.29,0.38,0.36,2026-08-17,10:28:00,N21,nominal,2.0NRT,316.03,6.25,D,VIIRS
46.64685,35.52645,345.97,0.38,0.36,2026-08-17,10:28:00,N21,nominal,2.0NRT,314.2,3.87,D,VIIRS
46.64611,35.52151,353.9,0.38,0.36,2026-08-17,10:28:00,N21,nominal,2.0NRT,314.31,7.42,D,VIIRS
46.64536,35.51657,355.17,0.38,0.36,2026-08-17,10:28:00,N21,nominal,2.0NRT,314.97,7.42,D,VIIRS
46.64462,35.51163,355.19,0.38,0.36,2026-08-17,10:28:00,N21,nominal,2.0NRT,317.08,9,D,VIIRS
46.64387,35.50669,354.82,0.38,0.36,2026-08-17,10:28:00,N21,nominal,2.0NRT,316.53,9,D,VIIRS
46.64312,35.50175,355.27,0.38,0.36,2026-08-17,10:28:00,N21,nominal,2.0NRT,314.71,12.05,D,VIIRS
46.65011,35.52542,340.94,0.38,0.36,2026-08-17,10:28:00,N21,low,2.0NRT,312.78,3.87,D,VIIRS
46.32245,33.48964,346.78,0.4,0.37,2026-08-17,10:28:00,N21,nominal,2.0NRT,316.09,29.51,D,VIIRS
46.32159,33.4846,367,0.4,0.37,2026-08-17,10:28:00,N21,low,2.0NRT,329.73,29.51,D,VIIRS
46.32487,33.48343,340.42,0.4,0.37,2026-08-17,10:28:00,N21,low,2.0NRT,315.19,20.56,D,VIIRS
46.77351,36.29308,367,0.39,0.36,2026-08-17,10:28:00,N21,high,2.0NRT,331.04,60.51,D,VIIRS
46.65912,35.51736,352.01,0.38,0.36,2026-08-17,10:28:00,N21,nominal,2.0NRT,314.09,13.78,D,VIIRS
46.8646,36.8407,353.33,0.39,0.37,2026-08-17,10:28:00,N21,nominal,2.0NRT,320.52,7.46,D,VIIRS
46.8672,36.83462,350.74,0.39,0.37,2026-08-17,10:28:00,N21,nominal,2.0NRT,319.65,9.48,D,VIIRS
46.86909,36.82344,367,0.39,0.37,2026-08-17,10:28:00,N21,high,2.0NRT,335.14,58.7,D,VIIRS
46.8698,36.82853,352.16,0.39,0.37,2026-08-17,10:28:00,N21,nominal,2.0NRT,323.6,26.56,D,VIIRS
46.8731,36.82756,353.57,0.39,0.37,2026-08-17,10:28:00,N21,nominal,2.0NRT,315.11,26.56,D,VIIRS
46.83069,36.5015,351.3,0.39,0.36,2026-08-17,10:28:00,N21,nominal,2.0NRT,318.56,10.59,D,VIIRS
46.3023,33.10902,340.17,0.4,0.37,2026-08-17,10:28:00,N21,low,2.0NRT,313.1,6.23,D,VIIRS
46.30053,33.09881,339.79,0.4,0.37,2026-08-17,10:28:00,N21,low,2.0NRT,314.49,3.67,D,VIIRS
46.3056,33.10783,345.75,0.4,0.37,2026-08-17,10:28:00,N21,nominal,2.0NRT,312.57,6.23,D,VIIRS
45.60994,29.43115,332.41,0.53,0.42,2026-08-17,10:28:00,N21,low,2.0NRT,305.46,8.12,D,VIIRS
46.93082,37.08147,354.61,0.4,0.37,2026-08-17,10:28:00,N21,nominal,2.0NRT,320.42,21.53,D,VIIRS
46.33753,33.24063,341.79,0.4,0.37,2026-08-17,10:28:00,N21,low,2.0NRT,315.12,4.2,D,VIIRS
46.31738,33.08542,341.12,0.4,0.37,2026-08-17,10:28:00,N21,low,2.0NRT,312.71,6.19,D,VIIRS
46.94777,37.13032,349.05,0.4,0.37,2026-08-17,10:28:00,N21,low,2.0NRT,320.36,9.29,D,VIIRS
46.94707,37.12516,351.9,0.4,0.37,2026-08-17,10:28:00,N21,nominal,2.0NRT,316.58,8.51,D,VIIRS
46.32069,33.08422,346.74,0.4,0.37,2026-08-17,10:28:00,N21,nominal,2.0NRT,314.72,6.19,D,VIIRS
46.75786,35.76425,345.72,0.39,0.36,2026-08-17,10:28:00,N21,low,2.0NRT,319.16,9.34,D,VIIRS
46.75713,35.75928,344.28,0.39,0.36,2026-08-17,10:28:00,N21,low,2.0NRT,318.83,5.22,D,VIIRS
46.32309,33.07792,341.54,0.4,0.37,2026-08-17,10:28:00,N21,low,2.0NRT,316.03,6.85,D,VIIRS
45.61392,29.43633,345.91,0.53,0.42,2026-08-17,10:28:00,N21,nominal,2.0NRT,311.76,19.99,D,VIIRS
45.61252,29.42979,335.81,0.53,0.42,2026-08-17,10:28:00,N21,low,2.0NRT,307.73,15.55,D,VIIRS
46.76112,35.76322,350.48,0.39,0.36,2026-08-17,10:28:00,N21,nominal,2.0NRT,320.05,9.34,D,VIIRS
46.76038,35.75826,346.87,0.39,0.36,2026-08-17,10:28:00,N21,nominal,2.0NRT,317.59,5.22,D,VIIRS
46.66601,35.13515,351.3,0.38,0.36,2026-08-17,10:28:00,N21,nominal,2.0NRT,319.79,13.3,D,VIIRS
46.3264,33.07672,344,0.4,0.37,2026-08-17,10:28:00,N21,nominal,2.0NRT,311.86,6.85,D,VIIRS
46.37199,33.21741,350.13,0.4,0.37,2026-08-17,10:28:00,N21,nominal,2.0NRT,323.57,28.04,D,VIIRS
46.25727,32.52928,347,0.41,0.37,2026-08-17,10:28:00,N21,nominal,2.0NRT,311.94,7.25,D,VIIRS
46.25632,32.52405,347.66,0.41,0.37,2026-08-17,10:28:00,N21,nominal,2.0NRT,311.66,7.03,D,VIIRS
46.25967,32.5228,335.84,0.41,0.37,2026-08-17,10:28:00,N21,low,2.0NRT,308.43,3.31,D,VIIRS
47.14714,38.17789,343.11,0.42,0.38,2026-08-17,10:28:00,N21,low,2.0NRT,317.31,9.21,D,VIIRS
46.74076,35.2663,344.63,0.38,0.36,2026-08-17,10:28:00,N21,low,2.0NRT,316.89,7.32,D,VIIRS
46.70822,35.0332,367,0.38,0.36,2026-08-17,10:28:00,N21,low,2.0NRT,336.29,33.22,D,VIIRS
46.75406,35.30867,352.13,0.38,0.36,2026-08-17,10:28:00,N21,nominal,2.0NRT,317.48,12.99,D,VIIRS
46.71224,35.03706,348.91,0.38,0.36,2026-08-17,10:28:00,N21,low,2.0NRT,320.62,33.22,D,VIIRS
45.64933,29.2412,334.37,0.54,0.42,2026-08-17,10:28:00,N21,low,2.0NRT,308.76,3.13,D,VIIRS
46.89506,36.212,342.63,0.39,0.36,2026-08-17,10:28:00,N21,low,2.0NRT,316.22,15.03,D,VIIRS
46.7583,35.29173,345.34,0.38,0.36,2026-08-17,10:28:00,N21,low,2.0NRT,320,14.65,D,VIIRS
46.90088,36.20496,350.04,0.39,0.36,2026-08-17,10:28:00,N21,nominal,2.0NRT,320.94,16.78,D,VIIRS
46.86191,35.79618,351.45,0.39,0.36,2026-08-17,10:28:00,N21,nominal,2.0NRT,320.1,11.73,D,VIIRS
46.64466,34.34903,347.29,0.39,0.36,2026-08-17,10:28:00,N21,nominal,2.0NRT,320.69,5.47,D,VIIRS
46.79874,35.30686,349.63,0.38,0.36,2026-08-17,10:28:00,N21,nominal,2.0NRT,316.85,7.12,D,VIIRS
46.32824,32.34827,336.23,0.42,0.37,2026-08-17,10:28:00,N21,low,2.0NRT,309.43,2.74,D,VIIRS
45.67574,28.99359,340.77,0.55,0.43,2026-08-17,10:28:00,N21,low,2.0NRT,313.68,6.21,D,VIIRS
46.28527,31.97685,339,0.43,0.38,2026-08-17,10:28:00,N21,low,2.0NRT,312.06,4.69,D,VIIRS
45.95709,30.26217,337.33,0.49,0.4,2026-08-17,10:28:00,N21,nominal,2.0NRT,311.28,3.75,D,VIIRS
46.30117,31.96498,346.77,0.43,0.38,2026-08-17,10:28:00,N21,nominal,2.0NRT,314.06,5.76,D,VIIRS
46.30554,31.96907,345.92,0.43,0.38,2026-08-17,10:28:00,N21,nominal,2.0NRT,313.71,5.85,D,VIIRS
46.80835,34.8829,342.77,0.38,0.36,2026-08-17,10:28:00,N21,low,2.0NRT,317.28,10.2,D,VIIRS
46.33398,32.08464,340.84,0.42,0.38,2026-08-17,10:28:00,N21,nominal,2.0NRT,309.38,4.74,D,VIIRS
46.333,32.07929,344.63,0.42,0.38,2026-08-17,10:28:00,N21,nominal,2.0NRT,312.17,5.85,D,VIIRS
46.32022,32.00953,335.79,0.43,0.38,2026-08-17,10:28:00,N21,low,2.0NRT,309.57,2.61,D,VIIRS
46.33735,32.08335,337.21,0.42,0.38,2026-08-17,10:28:00,N21,nominal,2.0NRT,308.62,4.74,D,VIIRS
46.9906,35.97519,344.29,0.39,0.36,2026-08-17,10:28:00,N21,low,2.0NRT,318.73,22.86,D,VIIRS
45.98869,30.15476,342.2,0.49,0.4,2026-08-17,10:28:00,N21,low,2.0NRT,312.4,4.59,D,VIIRS
45.98743,30.14862,344.24,0.49,0.4,2026-08-17,10:28:00,N21,nominal,2.0NRT,313.49,5.11,D,VIIRS
46.40562,32.28261,347.63,0.42,0.38,2026-08-17,10:28:00,N21,nominal,2.0NRT,317.44,18.57,D,VIIRS
45.99228,30.15327,338.88,0.49,0.4,2026-08-17,10:28:00,N21,nominal,2.0NRT,310.85,4.59,D,VIIRS
45.99102,30.14714,337.21,0.49,0.4,2026-08-17,10:28:00,N21,low,2.0NRT,312.13,5.11,D,VIIRS
46.0158,30.24917,338.39,0.49,0.4,2026-08-17,10:28:00,N21,low,2.0NRT,313.19,10.03,D,VIIRS
45.85544,29.47947,339.83,0.52,0.42,2026-08-17,10:28:00,N21,nominal,2.0NRT,310.51,5.31,D,VIIRS
47.21692,37.41172,351.34,0.41,0.37,2026-08-17,10:28:00,N21,nominal,2.0NRT,312.72,5.75,D,VIIRS
46.37911,32.09925,335.81,0.42,0.38,2026-08-17,10:28:00,N21,nominal,2.0NRT,310.63,13.19,D,VIIRS
46.02061,30.25376,338.08,0.49,0.4,2026-08-17,10:28:00,N21,low,2.0NRT,312.02,10.03,D,VIIRS
47.22166,37.42134,333.14,0.41,0.37,2026-08-17,10:28:00,N21,low,2.0NRT,307.74,7.4,D,VIIRS
46.03214,30.19636,344.62,0.49,0.4,2026-08-17,10:28:00,N21,nominal,2.0NRT,314.34,17.08,D,VIIRS
46.0309,30.19027,346.52,0.49,0.4,2026-08-17,10:28:00,N21,nominal,2.0NRT,319.73,17.08,D,VIIRS
45.72424,28.73879,341.15,0.56,0.43,2026-08-17,10:28:00,N21,nominal,2.0NRT,313.4,4.82,D,VIIRS
46.55772,32.95401,347.28,0.4,0.37,2026-08-17,10:28:00,N21,nominal,2.0NRT,313.98,12.87,D,VIIRS
46.90737,35.05552,354.62,0.38,0.36,2026-08-17,10:28:00,N21,nominal,2.0NRT,315.2,18.5,D,VIIRS
46.91138,35.05941,367,0.38,0.36,2026-08-17,10:28:00,N21,high,2.0NRT,333.18,78.32,D,VIIRS
46.91062,35.05445,367,0.38,0.36,2026-08-17,10:28:00,N21,high,2.0NRT,340.25,78.32,D,VIIRS
46.530029999999996,32.7168,342.53,0.41,0.37,2026-08-17,10:28:00,N21,low,2.0NRT,315.75,3.67,D,VIIRS
46.11737,30.37044,367,0.48,0.4,2026-08-17,10:28:00,N21,high,2.0NRT,330.83,70.22,D,VIIRS
46.12093,30.36897,335.58,0.48,0.4,2026-08-17,10:28:00,N21,nominal,2.0NRT,306.63,70.22,D,VIIRS
46.56157,32.6552,348.64,0.41,0.37,2026-08-17,10:28:00,N21,nominal,2.0NRT,309.83,7.04,D,VIIRS
46.56277,32.63623,343.2,0.41,0.37,2026-08-17,10:28:00,N21,nominal,2.0NRT,307.64,5.21,D,VIIRS
46.64248,32.92641,344.53,0.4,0.37,2026-08-17,10:28:00,N21,low,2.0NRT,315.55,10.56,D,VIIRS
46.48589,31.95898,348.57,0.42,0.38,2026-08-17,10:28:00,N21,nominal,2.0NRT,318.3,15.19,D,VIIRS
47.23626,36.5714,344.9,0.39,0.36,2026-08-17,10:28:00,N21,low,2.0NRT,317.72,20.36,D,VIIRS
47.24242,36.59093,338.11,0.39,0.36,2026-08-17,10:28:00,N21,low,2.0NRT,309.89,3.14,D,VIIRS
46.67847,32.95145,342.33,0.4,0.37,2026-08-17,10:28:00,N21,low,2.0NRT,313.84,3.01,D,VIIRS
46.68267,32.95537,345.49,0.4,0.37,2026-08-17,10:28:00,N21,low,2.0NRT,317.26,42.44,D,VIIRS
46.68507,32.94902,367,0.4,0.37,2026-08-17,10:28:00,N21,low,2.0NRT,332.19,45.41,D,VIIRS
46.68838,32.94781,351.69,0.4,0.37,2026-08-17,10:28:00,N21,nominal,2.0NRT,313.93,23.67,D,VIIRS
45.92705,29.02349,347.42,0.54,0.42,2026-08-17,10:28:00,N21,nominal,2.0NRT,315.34,10.47,D,VIIRS
47.26663,36.56752,338.18,0.39,0.36,2026-08-17,10:28:00,N21,low,2.0NRT,310.8,3.69,D,VIIRS
46.21307,30.29059,331.51,0.48,0.4,2026-08-17,10:28:00,N21,nominal,2.0NRT,305.99,3.93,D,VIIRS
47.20881,35.97064,347.93,0.39,0.36,2026-08-17,10:28:00,N21,nominal,2.0NRT,317.1,6.23,D,VIIRS
47.19639,35.86151,347.41,0.39,0.36,2026-08-17,10:28:00,N21,nominal,2.0NRT,316.36,23.58,D,VIIRS
47.21645,35.97623,348.97,0.39,0.36,2026-08-17,10:28:00,N21,nominal,2.0NRT,318.42,11.57,D,VIIRS
47.19965,35.86047,367,0.39,0.36,2026-08-17,10:28:00,N21,low,2.0NRT,327.39,23.58,D,VIIRS
47.22045,35.98024,367,0.39,0.36,2026-08-17,10:28:00,N21,low,2.0NRT,328.27,72.37,D,VIIRS
47.53699,38.18998,344.42,0.42,0.38,2026-08-17,10:28:00,N21,nominal,2.0NRT,314.41,12,D,VIIRS
47.49387,37.73489,340.5,0.41,0.37,2026-08-17,10:28:00,N21,nominal,2.0NRT,309.55,6.06,D,VIIRS
46.95221,33.97781,339.95,0.39,0.36,2026-08-17,10:28:00,N21,low,2.0NRT,312.53,6.38,D,VIIRS
47.50471,37.73741,349.51,0.41,0.37,2026-08-17,10:28:00,N21,nominal,2.0NRT,313.46,49.29,D,VIIRS
47.31879,36.35724,345.48,0.39,0.36,2026-08-17,10:28:00,N21,nominal,2.0NRT,314.56,18.32,D,VIIRS
47.57618,38.27763,367,0.43,0.38,2026-08-17,10:28:00,N21,high,2.0NRT,320.12,10.26,D,VIIRS
47.57825,38.29442,346.02,0.43,0.38,2026-08-17,10:28:00,N21,nominal,2.0NRT,311.97,11.31,D,VIIRS
47.57756,38.28882,346.15,0.43,0.38,2026-08-17,10:28:00,N21,nominal,2.0NRT,313.76,5.39,D,VIIRS
47.57687,38.28322,348.34,0.43,0.38,2026-08-17,10:28:00,N21,nominal,2.0NRT,318.69,5.39,D,VIIRS
47.32207,36.35624,343.18,0.39,0.36,2026-08-17,10:28:00,N21,low,2.0NRT,316.36,14.93,D,VIIRS
46.95625,33.96053,345.83,0.39,0.36,2026-08-17,10:28:00,N21,nominal,2.0NRT,309.61,93.52,D,VIIRS
47.50809,37.73643,367,0.41,0.37,2026-08-17,10:28:00,N21,low,2.0NRT,350.58,194.38,D,VIIRS
46.96033,33.96439,367,0.39,0.36,2026-08-17,10:28:00,N21,high,2.0NRT,318.12,20.7,D,VIIRS
46.95951,33.95939,367,0.39,0.36,2026-08-17,10:28:00,N21,high,2.0NRT,343.64,93.52,D,VIIRS
47.58031,38.28231,338.2,0.43,0.38,2026-08-17,10:28:00,N21,nominal,2.0NRT,311.23,5.39,D,VIIRS
47.57962,38.27673,346.07,0.43,0.38,2026-08-17,10:28:00,N21,nominal,2.0NRT,312.36,10.26,D,VIIRS
47.15184,35.17392,348.13,0.38,0.36,2026-08-17,10:28:00,N21,nominal,2.0NRT,317,6.97,D,VIIRS
46.96361,33.9844,341.89,0.39,0.36,2026-08-17,10:28:00,N21,low,2.0NRT,312.15,9.42,D,VIIRS
46.96279,33.9794,354.69,0.39,0.36,2026-08-17,10:28:00,N21,nominal,2.0NRT,314.63,12.93,D,VIIRS
46.96115,33.96939,349.83,0.39,0.36,2026-08-17,10:28:00,N21,nominal,2.0NRT,313.75,20.7,D,VIIRS
46.96605,33.97826,335.04,0.39,0.36,2026-08-17,10:28:00,N21,low,2.0NRT,308.16,3.41,D,VIIRS
46.96523,33.97326,350.51,0.39,0.36,2026-08-17,10:28:00,N21,nominal,2.0NRT,307.99,3.41,D,VIIRS
46.96441,33.96825,340.48,0.39,0.36,2026-08-17,10:28:00,N21,nominal,2.0NRT,306.25,2.32,D,VIIRS
47.52174,37.76085,337.2,0.41,0.37,2026-08-17,10:28:00,N21,nominal,2.0NRT,311.3,1.88,D,VIIRS
47.52104,37.75537,339.85,0.41,0.37,2026-08-17,10:28:00,N21,low,2.0NRT,312.48,6.85,D,VIIRS
47.33193,36.35323,367,0.39,0.36,2026-08-17,10:28:00,N21,low,2.0NRT,331.04,79.91,D,VIIRS
47.59132,38.28514,344.04,0.43,0.38,2026-08-17,10:28:00,N21,nominal,2.0NRT,312.35,11.25,D,VIIRS
47.33522,36.35222,346.63,0.39,0.36,2026-08-17,10:28:00,N21,nominal,2.0NRT,318.51,7.77,D,VIIRS
47.59545,38.28981,347.96,0.43,0.38,2026-08-17,10:28:00,N21,nominal,2.0NRT,317.42,18.96,D,VIIRS
47.28789,35.88001,343.89,0.39,0.36,2026-08-17,10:28:00,N21,low,2.0NRT,316.99,4.44,D,VIIRS
47.29115,35.87898,338.73,0.39,0.36,2026-08-17,10:28:00,N21,low,2.0NRT,312.97,4.44,D,VIIRS
47.22809,35.45264,351.53,0.38,0.36,2026-08-17,10:28:00,N21,nominal,2.0NRT,319.4,7.4,D,VIIRS
47.23134,35.45159,343.87,0.38,0.36,2026-08-17,10:28:00,N21,low,2.0NRT,317.23,9.67,D,VIIRS
47.63219,38.22533,339.98,0.43,0.38,2026-08-17,10:28:00,N21,low,2.0NRT,313.03,6.66,D,VIIRS
47.63493,38.21877,348.37,0.43,0.38,2026-08-17,10:28:00,N21,nominal,2.0NRT,316.51,15.6,D,VIIRS
47.65075,38.29013,345.8,0.43,0.38,2026-08-17,10:28:00,N21,nominal,2.0NRT,315.51,15.08,D,VIIRS
47.57043,37.59283,347.38,0.41,0.37,2026-08-17,10:28:00,N21,nominal,2.0NRT,311.33,7.2,D,VIIRS
47.56973,37.58742,342.64,0.41,0.37,2026-08-17,10:28:00,N21,nominal,2.0NRT,307.61,5.63,D,VIIRS
47.27969,35.47508,345.71,0.38,0.36,2026-08-17,10:28:00,N21,low,2.0NRT,320.5,12.06,D,VIIRS
47.2837,35.47903,348.96,0.38,0.36,2026-08-17,10:28:00,N21,low,2.0NRT,319.75,20.19,D,VIIRS
47.2862,35.47297,367,0.38,0.36,2026-08-17,10:28:00,N21,low,2.0NRT,327.49,20.19,D,VIIRS
47.28946,35.47192,367,0.38,0.36,2026-08-17,10:28:00,N21,high,2.0NRT,330.79,36.99,D,VIIRS
47.2902,35.47693,349.67,0.38,0.36,2026-08-17,10:28:00,N21,nominal,2.0NRT,320.22,36.99,D,VIIRS
46.74144,32.14215,341.04,0.42,0.38,2026-08-17,10:28:00,N21,nominal,2.0NRT,311.98,2.46,D,VIIRS
47.14626,34.49754,348.72,0.39,0.36,2026-08-17,10:28:00,N21,nominal,2.0NRT,316.18,5.89,D,VIIRS
47.58634,37.52669,333.32,0.41,0.37,2026-08-17,10:28:00,N21,low,2.0NRT,307.32,2.31,D,VIIRS
47.14951,34.49643,342.84,0.39,0.36,2026-08-17,10:28:00,N21,low,2.0NRT,316.56,5.89,D,VIIRS
46.8485,32.67953,348.26,0.41,0.37,2026-08-17,10:28:00,N21,nominal,2.0NRT,314.62,6.09,D,VIIRS
46.85181,32.6783,349.86,0.41,0.37,2026-08-17,10:28:00,N21,nominal,2.0NRT,313.75,6.09,D,VIIRS
46.72418,31.89078,340.18,0.42,0.38,2026-08-17,10:28:00,N21,low,2.0NRT,314.96,11.11,D,VIIRS
47.12199,34.11113,346.35,0.39,0.36,2026-08-17,10:28:00,N21,nominal,2.0NRT,315.36,7.62,D,VIIRS
47.12118,34.10614,367,0.39,0.36,2026-08-17,10:28:00,N21,low,2.0NRT,327.98,60.62,D,VIIRS
47.15999,34.19619,348.68,0.39,0.36,2026-08-17,10:28:00,N21,nominal,2.0NRT,314.58,6.21,D,VIIRS
47.16405,34.20006,340.16,0.39,0.36,2026-08-17,10:28:00,N21,low,2.0NRT,312.94,6.21,D,VIIRS
47.1681,34.20393,339.84,0.39,0.36,2026-08-17,10:28:00,N21,low,2.0NRT,314.24,7.27,D,VIIRS
47.16729,34.19894,343.46,0.39,0.36,2026-08-17,10:28:00,N21,low,2.0NRT,313.49,8.52,D,VIIRS
47.38302,35.57125,352.06,0.39,0.36,2026-08-17,10:28:00,N21,low,2.0NRT,326.85,23.88,D,VIIRS
47.17054,34.19781,349.97,0.39,0.36,2026-08-17,10:28:00,N21,nominal,2.0NRT,313.88,8.52,D,VIIRS
47.88974,39.41342,337.88,0.46,0.39,2026-08-17,10:28:00,N21,low,2.0NRT,309.83,5.6,D,VIIRS
47.35965,35.30025,345.88,0.38,0.36,2026-08-17,10:28:00,N21,nominal,2.0NRT,315.09,3.8,D,VIIRS
47.33391,35.13021,340.64,0.38,0.36,2026-08-17,10:28:00,N21,low,2.0NRT,313.11,5.71,D,VIIRS
47.42995,35.75125,343.52,0.39,0.36,2026-08-17,10:28:00,N21,low,2.0NRT,317.14,22.03,D,VIIRS
47.3629,35.29919,341.45,0.38,0.36,2026-08-17,10:28:00,N21,low,2.0NRT,314.6,3.8,D,VIIRS
47.36615,35.29812,350.61,0.38,0.36,2026-08-17,10:28:00,N21,nominal,2.0NRT,319.84,19.39,D,VIIRS
47.19573,34.18379,348.43,0.39,0.36,2026-08-17,10:28:00,N21,nominal,2.0NRT,315.25,5.82,D,VIIRS
47.19979,34.18766,339.37,0.39,0.36,2026-08-17,10:28:00,N21,low,2.0NRT,313.56,9.33,D,VIIRS
47.37682,35.21058,347.06,0.38,0.36,2026-08-17,10:28:00,N21,nominal,2.0NRT,316.85,14.98,D,VIIRS
47.43298,35.47097,346.64,0.39,0.36,2026-08-17,10:28:00,N21,low,2.0NRT,319.86,6.42,D,VIIRS
46.41304,29.68157,344.88,0.5,0.41,2026-08-17,10:28:00,N21,nominal,2.0NRT,308.65,9.3,D,VIIRS
46.41665,29.68006,335.63,0.5,0.41,2026-08-17,10:28:00,N21,nominal,2.0NRT,309.53,2.75,D,VIIRS
46.42027,29.67855,335.01,0.5,0.41,2026-08-17,10:28:00,N21,nominal,2.0NRT,309.18,2.75,D,VIIRS
47.41939,35.24388,367,0.38,0.36,2026-08-17,10:28:00,N21,high,2.0NRT,338.55,61.12,D,VIIRS
47.48973,35.71633,338.91,0.39,0.36,2026-08-17,10:28:00,N21,low,2.0NRT,313.84,4.94,D,VIIRS
47.42014,35.24889,348.63,0.38,0.36,2026-08-17,10:28:00,N21,nominal,2.0NRT,312.46,61.12,D,VIIRS
47.42339,35.24783,348.74,0.38,0.36,2026-08-17,10:28:00,N21,nominal,2.0NRT,316.7,61.12,D,VIIRS
47.42263,35.24282,367,0.38,0.36,2026-08-17,10:28:00,N21,low,2.0NRT,326.88,61.12,D,VIIRS
47.58637,36.29482,346.43,0.39,0.36,2026-08-17,10:28:00,N21,low,2.0NRT,316.55,13.63,D,VIIRS
47.58565,36.28969,346.4,0.39,0.36,2026-08-17,10:28:00,N21,nominal,2.0NRT,316.6,13.76,D,VIIRS
47.58493,36.28455,348.33,0.39,0.36,2026-08-17,10:28:00,N21,nominal,2.0NRT,318.03,13.76,D,VIIRS
46.56669,30.24764,341.98,0.48,0.4,2026-08-17,10:28:00,N21,nominal,2.0NRT,307.73,7.89,D,VIIRS
46.57989,30.294,341.28,0.47,0.4,2026-08-17,10:28:00,N21,nominal,2.0NRT,309.84,2.42,D,VIIRS
47.66763,36.73398,347.94,0.4,0.37,2026-08-17,10:28:00,N21,nominal,2.0NRT,313.58,12.68,D,VIIRS
47.70071,36.953360000000004,349.02,0.4,0.37,2026-08-17,10:28:00,N21,nominal,2.0NRT,314.17,22.25,D,VIIRS
47.67095,36.73298,348.1,0.4,0.37,2026-08-17,10:28:00,N21,low,2.0NRT,321.12,12.68,D,VIIRS
47.03171,32.62294,343.31,0.41,0.37,2026-08-17,10:28:00,N21,low,2.0NRT,315.18,5.19,D,VIIRS
47.40369,34.84683,338.52,0.38,0.36,2026-08-17,10:28:00,N21,low,2.0NRT,312.52,4.92,D,VIIRS
47.71452,36.92735,367,0.4,0.37,2026-08-17,10:28:00,N21,high,2.0NRT,314.51,11.23,D,VIIRS
47.7131,36.91682,350.23,0.4,0.37,2026-08-17,10:28:00,N21,low,2.0NRT,321.32,21.09,D,VIIRS
47.66394,36.55624,344.8,0.39,0.37,2026-08-17,10:28:00,N21,nominal,2.0NRT,314.67,6.22,D,VIIRS
47.71855,36.93161,347.82,0.4,0.37,2026-08-17,10:28:00,N21,nominal,2.0NRT,314.8,11.23,D,VIIRS
47.71572,36.91056,341.43,0.4,0.37,2026-08-17,10:28:00,N21,low,2.0NRT,313.64,14.67,D,VIIRS
46.35762,29.07178,348.13,0.53,0.42,2026-08-17,10:28:00,N21,low,2.0NRT,318.88,35.96,D,VIIRS
46.36132,29.07018,355.27,0.53,0.42,2026-08-17,10:28:00,N21,nominal,2.0NRT,318.83,15.61,D,VIIRS
47.76552,37.23222,338.4,0.41,0.37,2026-08-17,10:28:00,N21,low,2.0NRT,312.75,5.14,D,VIIRS
47.65876,36.44446,334.11,0.39,0.36,2026-08-17,10:28:00,N21,low,2.0NRT,309.09,2.29,D,VIIRS
46.36501,29.06852,343.16,0.53,0.42,2026-08-17,10:28:00,N21,nominal,2.0NRT,312.87,15.61,D,VIIRS
47.97456,38.88691,343.06,0.45,0.39,2026-08-17,10:28:00,N21,nominal,2.0NRT,311.46,14.87,D,VIIRS
47.66206,36.44344,338.29,0.39,0.36,2026-08-17,10:28:00,N21,nominal,2.0NRT,311.11,2.55,D,VIIRS
47.18736,33.32013,340.59,0.39,0.36,2026-08-17,10:28:00,N21,low,2.0NRT,314.21,3.7,D,VIIRS
47.65575,36.30028,334.14,0.39,0.36,2026-08-17,10:28:00,N21,low,2.0NRT,308.97,2.27,D,VIIRS
47.65502,36.29513,338.53,0.39,0.36,2026-08-17,10:28:00,N21,low,2.0NRT,311.19,2.27,D,VIIRS
47.44804,34.86876,337.16,0.38,0.36,2026-08-17,10:28:00,N21,low,2.0NRT,310.65,2.32,D,VIIRS
47.71464,36.64921,345.66,0.4,0.37,2026-08-17,10:28:00,N21,nominal,2.0NRT,314.31,7,D,VIIRS
47.71795,36.6482,343.91,0.4,0.37,2026-08-17,10:28:00,N21,low,2.0NRT,316.44,6.15,D,VIIRS
47.74007,36.73391,343.97,0.4,0.37,2026-08-17,10:28:00,N21,nominal,2.0NRT,315.81,6.53,D,VIIRS
47.69253,36.391,340.65,0.39,0.36,2026-08-17,10:28:00,N21,nominal,2.0NRT,313.6,6.22,D,VIIRS
47.59074,35.68134,349.03,0.39,0.36,2026-08-17,10:28:00,N21,nominal,2.0NRT,316.93,8.11,D,VIIRS
47.69444,36.33122,338.59,0.39,0.36,2026-08-17,10:28:00,N21,low,2.0NRT,311.15,5.15,D,VIIRS
47.87796,37.66576,349.18,0.41,0.37,2026-08-17,10:28:00,N21,nominal,2.0NRT,313.4,4.97,D,VIIRS
47.37744,34.20232,343.13,0.39,0.36,2026-08-17,10:28:00,N21,low,2.0NRT,313.22,9.45,D,VIIRS
47.87825,37.66932,337.55,0.41,0.37,2026-08-17,10:28:00,N21,low,2.0NRT,312.15,5.1,D,VIIRS
47.87756,37.66385,337.93,0.41,0.37,2026-08-17,10:28:00,N21,low,2.0NRT,309.96,5.1,D,VIIRS
47.88164,37.66836,334.39,0.41,0.37,2026-08-17,10:28:00,N21,low,2.0NRT,308.84,5.1,D,VIIRS
47.88094,37.66289,344.4,0.41,0.37,2026-08-17,10:28:00,N21,nominal,2.0NRT,312.4,5.1,D,VIIRS
47.60711,35.65227,338.3,0.39,0.36,2026-08-17,10:28:00,N21,low,2.0NRT,312.37,39.38,D,VIIRS
47.70805,36.33536,338.19,0.39,0.36,2026-08-17,10:28:00,N21,low,2.0NRT,309.99,4.77,D,VIIRS
47.54381,35.2028,342.76,0.38,0.36,2026-08-17,10:28:00,N21,low,2.0NRT,316.95,21.84,D,VIIRS
47.54305,35.19777,349.92,0.38,0.36,2026-08-17,10:28:00,N21,nominal,2.0NRT,315.34,21.84,D,VIIRS
47.7326,36.4627,347.92,0.39,0.36,2026-08-17,10:28:00,N21,nominal,2.0NRT,313.1,4.36,D,VIIRS
47.73589,36.4617,337.39,0.39,0.36,2026-08-17,10:28:00,N21,nominal,2.0NRT,311.48,4.36,D,VIIRS
47.73518,36.4565,339.16,0.39,0.36,2026-08-17,10:28:00,N21,nominal,2.0NRT,311.55,4.36,D,VIIRS
47.73919,36.46069,336.22,0.39,0.36,2026-08-17,10:28:00,N21,nominal,2.0NRT,308.87,2.84,D,VIIRS
47.669,35.96198,341.57,0.39,0.36,2026-08-17,10:28:00,N21,nominal,2.0NRT,316.2,15.06,D,VIIRS
47.70212,36.17079,336.94,0.39,0.36,2026-08-17,10:28:00,N21,low,2.0NRT,310.31,3.86,D,VIIRS
47.70685,36.18005,336.06,0.39,0.36,2026-08-17,10:28:00,N21,low,2.0NRT,310.33,3.24,D,VIIRS
47.62282,35.57307,343.53,0.39,0.36,2026-08-17,10:28:00,N21,nominal,2.0NRT,311.24,8.4,D,VIIRS
47.63796,35.65298,338.39,0.39,0.36,2026-08-17,10:28:00,N21,low,2.0NRT,313.02,8,D,VIIRS
47.63721,35.6479,335.89,0.39,0.36,2026-08-17,10:28:00,N21,nominal,2.0NRT,310.85,3.81,D,VIIRS
47.67513,35.88549,337.23,0.39,0.36,2026-08-17,10:28:00,N21,low,2.0NRT,311.17,10.88,D,VIIRS
47.66716,35.71264,336.53,0.39,0.36,2026-08-17,10:28:00,N21,low,2.0NRT,308.92,2.87,D,VIIRS
47.91677,37.47723,341.02,0.41,0.37,2026-08-17,10:28:00,N21,nominal,2.0NRT,310.86,8.83,D,VIIRS
47.8022,36.59306,345.08,0.4,0.37,2026-08-17,10:28:00,N21,low,2.0NRT,318.53,7.56,D,VIIRS
47.92422,37.48074,341.27,0.41,0.37,2026-08-17,10:28:00,N21,low,2.0NRT,316.08,15.72,D,VIIRS
47.92281,37.46986,353.95,0.41,0.37,2026-08-17,10:28:00,N21,nominal,2.0NRT,317.79,21.12,D,VIIRS
47.48778,34.44151,334.66,0.38,0.36,2026-08-17,10:28:00,N21,low,2.0NRT,309.56,2.33,D,VIIRS
47.87666,37.09198,339.91,0.4,0.37,2026-08-17,10:28:00,N21,nominal,2.0NRT,312.13,6.79,D,VIIRS
47.87595,37.08665,354.75,0.4,0.37,2026-08-17,10:28:00,N21,nominal,2.0NRT,316.85,12.27,D,VIIRS
47.87524,37.08133,347.14,0.4,0.37,2026-08-17,10:28:00,N21,nominal,2.0NRT,312.35,12.27,D,VIIRS
47.66864,35.60598,340.29,0.39,0.36,2026-08-17,10:28:00,N21,nominal,2.0NRT,311.95,3.58,D,VIIRS
47.93027,37.47337,342.94,0.41,0.37,2026-08-17,10:28:00,N21,low,2.0NRT,313.28,6.13,D,VIIRS
47.88711,37.14443,347.8,0.4,0.37,2026-08-17,10:28:00,N21,nominal,2.0NRT,309.74,21.52,D,VIIRS
47.8864,37.13909,346.46,0.4,0.37,2026-08-17,10:28:00,N21,nominal,2.0NRT,310.38,11,D,VIIRS
47.87859,37.08034,342.47,0.4,0.37,2026-08-17,10:28:00,N21,low,2.0NRT,315.38,23.71,D,VIIRS
47.88121,37.07403,345.13,0.4,0.37,2026-08-17,10:28:00,N21,nominal,2.0NRT,309.61,10.45,D,VIIRS
47.71943,35.86071,333.92,0.39,0.36,2026-08-17,10:28:00,N21,low,2.0NRT,307.42,2,D,VIIRS
47.58782,34.90872,354.5,0.38,0.36,2026-08-17,10:28:00,N21,nominal,2.0NRT,317.09,8.14,D,VIIRS
47.88912,36.97767,340.01,0.4,0.37,2026-08-17,10:28:00,N21,low,2.0NRT,314.22,7.45,D,VIIRS
47.82518,36.51006,340.42,0.39,0.37,2026-08-17,10:28:00,N21,nominal,2.0NRT,311.68,6.76,D,VIIRS
47.82446,36.50485,339.39,0.39,0.37,2026-08-17,10:28:00,N21,nominal,2.0NRT,309.67,6.76,D,VIIRS
47.70292,35.65335,345.32,0.39,0.36,2026-08-17,10:28:00,N21,nominal,2.0NRT,312.7,4.89,D,VIIRS
47.4161,33.80371,346.17,0.39,0.36,2026-08-17,10:28:00,N21,nominal,2.0NRT,314.06,4.07,D,VIIRS
47.81513,36.38866,344.69,0.39,0.36,2026-08-17,10:28:00,N21,nominal,2.0NRT,312.74,3.97,D,VIIRS
47.74496,35.89529,339.17,0.39,0.36,2026-08-17,10:28:00,N21,nominal,2.0NRT,310.26,5.26,D,VIIRS
47.4226,33.80139,348.01,0.39,0.36,2026-08-17,10:28:00,N21,nominal,2.0NRT,314.83,8.32,D,VIIRS
47.36242,33.43719,338.42,0.39,0.36,2026-08-17,10:28:00,N21,low,2.0NRT,312.77,3.92,D,VIIRS
46.76708,30.17481,353.88,0.48,0.4,2026-08-17,10:28:00,N21,nominal,2.0NRT,313.64,17.69,D,VIIRS
47.65426,35.25326,334.16,0.38,0.36,2026-08-17,10:28:00,N21,low,2.0NRT,308.21,3.11,D,VIIRS
47.88315,36.81741,347,0.4,0.37,2026-08-17,10:28:00,N21,nominal,2.0NRT,313.65,8.84,D,VIIRS
46.7686,30.17843,345.84,0.47,0.4,2026-08-17,10:28:00,N21,nominal,2.0NRT,310.71,10.47,D,VIIRS
46.76738,30.17243,346.52,0.47,0.4,2026-08-17,10:28:00,N21,nominal,2.0NRT,310.44,13.11,D,VIIRS
47.88482,36.7784,346.84,0.4,0.37,2026-08-17,10:28:00,N21,low,2.0NRT,319.06,26.6,D,VIIRS
47.93552,37.13342,338.03,0.4,0.37,2026-08-17,10:28:00,N21,low,2.0NRT,311.95,8.59,D,VIIRS
47.88814,36.7774,348.91,0.4,0.37,2026-08-17,10:28:00,N21,low,2.0NRT,320.16,26.6,D,VIIRS
47.93887,37.13244,335.32,0.4,0.37,2026-08-17,10:28:00,N21,low,2.0NRT,308.85,4.41,D,VIIRS
47.67227,35.23676,333.01,0.38,0.36,2026-08-17,10:28:00,N21,low,2.0NRT,305.61,2.72,D,VIIRS
47.65713,35.13607,335.25,0.38,0.36,2026-08-17,10:28:00,N21,low,2.0NRT,307.76,6.19,D,VIIRS
47.89312,36.73751,344.11,0.4,0.37,2026-08-17,10:28:00,N21,nominal,2.0NRT,311.79,3.09,D,VIIRS
48.01902,37.67268,337.09,0.42,0.37,2026-08-17,10:28:00,N21,nominal,2.0NRT,309.59,3.34,D,VIIRS
47.9496,37.13482,342.33,0.4,0.37,2026-08-17,10:28:00,N21,nominal,2.0NRT,306.44,3.17,D,VIIRS
47.83115,36.26226,344.84,0.39,0.36,2026-08-17,10:28:00,N21,nominal,2.0NRT,314.12,8.58,D,VIIRS
48.02241,37.67171,337.83,0.42,0.37,2026-08-17,10:28:00,N21,nominal,2.0NRT,309.09,3.75,D,VIIRS
47.83444,36.26124,343.26,0.39,0.36,2026-08-17,10:28:00,N21,nominal,2.0NRT,309.68,3.08,D,VIIRS
47.82212,36.17355,350.12,0.39,0.36,2026-08-17,10:28:00,N21,nominal,2.0NRT,316.17,13.42,D,VIIRS
47.8214,36.1684,345.99,0.39,0.36,2026-08-17,10:28:00,N21,nominal,2.0NRT,313.39,13.15,D,VIIRS
47.68528,35.23247,347.57,0.38,0.36,2026-08-17,10:28:00,N21,nominal,2.0NRT,308.25,6.96,D,VIIRS
47.80795,36.04909,346.85,0.39,0.36,2026-08-17,10:28:00,N21,nominal,2.0NRT,312.22,7.52,D,VIIRS
47.81122,36.04806,355.32,0.39,0.36,2026-08-17,10:28:00,N21,nominal,2.0NRT,313.41,9.6,D,VIIRS
47.7063,35.23611,334.46,0.38,0.36,2026-08-17,10:28:00,N21,low,2.0NRT,306.53,3.37,D,VIIRS
48.00468,37.3426,332.64,0.41,0.37,2026-08-17,10:28:00,N21,nominal,2.0NRT,299.06,102.85,D,VIIRS
47.77466,35.67522,346.72,0.39,0.36,2026-08-17,10:28:00,N21,nominal,2.0NRT,313.22,5.78,D,VIIRS
47.82359,35.99057,342.3,0.39,0.36,2026-08-17,10:28:00,N21,nominal,2.0NRT,309,5.6,D,VIIRS
47.70296,35.16845,340.52,0.38,0.36,2026-08-17,10:28:00,N21,low,2.0NRT,314.04,19.11,D,VIIRS
47.87492,36.32969,335.64,0.39,0.36,2026-08-17,10:28:00,N21,low,2.0NRT,309.6,3.44,D,VIIRS
47.82613,35.98441,334.54,0.39,0.36,2026-08-17,10:28:00,N21,nominal,2.0NRT,309.36,2.33,D,VIIRS
47.70546,35.16234,346.98,0.38,0.36,2026-08-17,10:28:00,N21,nominal,2.0NRT,315.41,11.61,D,VIIRS
47.9501,36.85218,346.78,0.4,0.37,2026-08-17,10:28:00,N21,nominal,2.0NRT,309.92,7.9,D,VIIRS
47.83892,36.05007,336.48,0.39,0.36,2026-08-17,10:28:00,N21,low,2.0NRT,307.07,10.21,D,VIIRS
47.66729,34.79984,347.72,0.38,0.36,2026-08-17,10:28:00,N21,nominal,2.0NRT,313.72,4.77,D,VIIRS
47.66651,34.79482,352.87,0.38,0.36,2026-08-17,10:28:00,N21,nominal,2.0NRT,314.09,10.72,D,VIIRS
47.99154,37.00579,344.54,0.4,0.37,2026-08-17,10:28:00,N21,nominal,2.0NRT,305.08,11.83,D,VIIRS
47.59371,34.26435,338.06,0.39,0.36,2026-08-17,10:28:00,N21,low,2.0NRT,309.75,9.42,D,VIIRS
48.00036,37.01982,349.47,0.4,0.37,2026-08-17,10:28:00,N21,nominal,2.0NRT,309.5,5.72,D,VIIRS
47.99965,37.01448,331.54,0.4,0.37,2026-08-17,10:28:00,N21,low,2.0NRT,305.77,5.72,D,VIIRS
47.75335,35.23117,354.42,0.38,0.36,2026-08-17,10:28:00,N21,nominal,2.0NRT,313.91,5.97,D,VIIRS
47.75736,35.23514,350.27,0.38,0.36,2026-08-17,10:28:00,N21,nominal,2.0NRT,310.28,7.54,D,VIIRS
47.7566,35.23009,339.08,0.38,0.36,2026-08-17,10:28:00,N21,low,2.0NRT,309.31,5.97,D,VIIRS
48.02689,37.13305,339.61,0.41,0.37,2026-08-17,10:28:00,N21,low,2.0NRT,313.36,7.16,D,VIIRS
48.03094,37.13741,345.07,0.41,0.37,2026-08-17,10:28:00,N21,nominal,2.0NRT,313.88,7.16,D,VIIRS
47.97821,36.68856,336.69,0.4,0.37,2026-08-17,10:28:00,N21,low,2.0NRT,310.91,8.25,D,VIIRS
47.92664,36.31217,331.88,0.39,0.36,2026-08-17,10:28:00,N21,low,2.0NRT,304.6,5.7,D,VIIRS
47.9627,36.52383,335.24,0.4,0.37,2026-08-17,10:28:00,N21,nominal,2.0NRT,306.46,5.38,D,VIIRS
47.9297,36.23547,337.53,0.39,0.36,2026-08-17,10:28:00,N21,nominal,2.0NRT,307.26,2.3,D,VIIRS
47.91592,36.13724,342.94,0.39,0.36,2026-08-17,10:28:00,N21,nominal,2.0NRT,309.58,17.76,D,VIIRS
47.72483,34.81561,352.93,0.38,0.36,2026-08-17,10:28:00,N21,nominal,2.0NRT,316.77,7.64,D,VIIRS
47.72807,34.81451,338.2,0.38,0.36,2026-08-17,10:28:00,N21,low,2.0NRT,312.42,7.64,D,VIIRS
47.92908,36.03622,367,0.39,0.36,2026-08-17,10:28:00,N21,high,2.0NRT,312.95,11.28,D,VIIRS
48.19326,37.8299,337.65,0.42,0.38,2026-08-17,10:28:00,N21,low,2.0NRT,309.26,2.18,D,VIIRS
48.09086,36.98592,353.71,0.4,0.37,2026-08-17,10:28:00,N21,nominal,2.0NRT,318.34,26.44,D,VIIRS
48.12057,37.18366,336.66,0.41,0.37,2026-08-17,10:28:00,N21,low,2.0NRT,309.05,2.45,D,VIIRS
48.07489,36.84111,340.6,0.4,0.37,2026-08-17,10:28:00,N21,nominal,2.0NRT,307.88,3.85,D,VIIRS
47.92908,35.77341,340.67,0.39,0.36,2026-08-17,10:28:00,N21,nominal,2.0NRT,312.73,8.4,D,VIIRS
48.10207,36.96586,347.58,0.4,0.37,2026-08-17,10:28:00,N21,nominal,2.0NRT,314.16,12.82,D,VIIRS
48.15143,37.25909,336.46,0.41,0.37,2026-08-17,10:28:00,N21,nominal,2.0NRT,306.83,3.38,D,VIIRS
48.18714,37.45023,332.88,0.41,0.37,2026-08-17,10:28:00,N21,low,2.0NRT,306.2,21.52,D,VIIRS
48.18644,37.44473,336.11,0.41,0.37,2026-08-17,10:28:00,N21,low,2.0NRT,306.51,11.03,D,VIIRS
48.18573,37.43923,345.87,0.41,0.37,2026-08-17,10:28:00,N21,nominal,2.0NRT,304.44,11.03,D,VIIRS
48.09026,36.60818,342.88,0.4,0.37,2026-08-17,10:28:00,N21,nominal,2.0NRT,309.57,11.59,D,VIIRS
48.12495,36.84018,337.85,0.4,0.37,2026-08-17,10:28:00,N21,low,2.0NRT,311.55,6.07,D,VIIRS
48.1676,37.08347,334,0.41,0.37,2026-08-17,10:28:00,N21,low,2.0NRT,308.79,2.13,D,VIIRS
48.12759,36.75652,335.66,0.4,0.37,2026-08-17,10:28:00,N21,low,2.0NRT,310.38,7.7,D,VIIRS
48.12687,36.75121,346.51,0.4,0.37,2026-08-17,10:28:00,N21,nominal,2.0NRT,314.23,7.7,D,VIIRS
48.05169,36.12994,340.43,0.39,0.36,2026-08-17,10:28:00,N21,low,2.0NRT,312.28,7.7,D,VIIRS
48.14518,36.78437,334.03,0.4,0.37,2026-08-17,10:28:00,N21,low,2.0NRT,306.76,2.9,D,VIIRS
48.05498,36.12891,341.86,0.39,0.36,2026-08-17,10:28:00,N21,nominal,2.0NRT,310.73,7.43,D,VIIRS
48.30603,37.94769,345.62,0.42,0.38,2026-08-17,10:28:00,N21,nominal,2.0NRT,315.6,19.9,D,VIIRS
47.05427,30.14559,336.32,0.47,0.4,2026-08-17,10:28:00,N21,nominal,2.0NRT,309.94,5.38,D,VIIRS
48.19732,37.01885,340.78,0.4,0.37,2026-08-17,10:28:00,N21,nominal,2.0NRT,310.01,3.47,D,VIIRS
48.10239,36.2711,332.95,0.39,0.36,2026-08-17,10:28:00,N21,low,2.0NRT,306.32,10.82,D,VIIRS
48.16503,36.70085,351.1,0.4,0.37,2026-08-17,10:28:00,N21,nominal,2.0NRT,312.72,4.83,D,VIIRS
48.16431,36.69555,335.45,0.4,0.37,2026-08-17,10:28:00,N21,low,2.0NRT,308.19,4.83,D,VIIRS
48.159,36.63112,334.21,0.4,0.37,2026-08-17,10:28:00,N21,nominal,2.0NRT,308.55,6.82,D,VIIRS
48.15828,36.62585,345.95,0.4,0.37,2026-08-17,10:28:00,N21,nominal,2.0NRT,310.93,8.27,D,VIIRS
48.08419,36.09267,340.57,0.39,0.36,2026-08-17,10:28:00,N21,low,2.0NRT,312.03,13.44,D,VIIRS
48.08747,36.09164,342.03,0.39,0.36,2026-08-17,10:28:00,N21,nominal,2.0NRT,313.3,13.44,D,VIIRS
48.09076,36.0906,337.49,0.39,0.36,2026-08-17,10:28:00,N21,nominal,2.0NRT,310.97,10.32,D,VIIRS
48.24932,37.228,333.36,0.41,0.37,2026-08-17,10:28:00,N21,low,2.0NRT,307.22,1.76,D,VIIRS
48.26481,37.31965,341.66,0.41,0.37,2026-08-17,10:28:00,N21,nominal,2.0NRT,309.09,6.54,D,VIIRS
48.22837,37.04312,343.66,0.4,0.37,2026-08-17,10:28:00,N21,nominal,2.0NRT,308.46,3.86,D,VIIRS
48.27166,37.3157,333.76,0.41,0.37,2026-08-17,10:28:00,N21,low,2.0NRT,307.67,5.03,D,VIIRS
48.27095,37.31023,338.22,0.41,0.37,2026-08-17,10:28:00,N21,nominal,2.0NRT,307.82,9.32,D,VIIRS
48.26824,37.18088,340.77,0.41,0.37,2026-08-17,10:28:00,N21,nominal,2.0NRT,307.22,3.2,D,VIIRS
48.03978,35.4757,343.89,0.39,0.36,2026-08-17,10:28:00,N21,low,2.0NRT,317.71,26.71,D,VIIRS
47.12436,30.18529,351.7,0.47,0.4,2026-08-17,10:28:00,N21,nominal,2.0NRT,314.04,20.22,D,VIIRS
47.12786,30.18378,367,0.47,0.4,2026-08-17,10:28:00,N21,high,2.0NRT,327.24,131.33,D,VIIRS
48.29808,37.33084,336.57,0.41,0.37,2026-08-17,10:28:00,N21,nominal,2.0NRT,304.81,3.88,D,VIIRS
48.52559,39.20124,346.2,0.46,0.39,2026-08-17,10:28:00,N21,low,2.0NRT,317.37,47.17,D,VIIRS
48.53273,39.19935,336.73,0.46,0.39,2026-08-17,10:28:00,N21,low,2.0NRT,311.06,9.2,D,VIIRS
48.53204,39.19313,338.99,0.46,0.39,2026-08-17,10:28:00,N21,low,2.0NRT,310.87,8.89,D,VIIRS
48.22079,36.6651,339.58,0.4,0.37,2026-08-17,10:28:00,N21,low,2.0NRT,310.57,9.33,D,VIIRS
48.2234,36.65876,332,0.4,0.37,2026-08-17,10:28:00,N21,low,2.0NRT,305.3,3.31,D,VIIRS
48.33396,37.47432,334.24,0.41,0.37,2026-08-17,10:28:00,N21,low,2.0NRT,308.34,2.93,D,VIIRS
48.34229,37.51215,338.75,0.41,0.37,2026-08-17,10:28:00,N21,low,2.0NRT,310.31,15.51,D,VIIRS
47.91083,34.46553,340.32,0.38,0.36,2026-08-17,10:28:00,N21,nominal,2.0NRT,308.93,4.37,D,VIIRS
48.37385,37.73425,335.54,0.42,0.38,2026-08-17,10:28:00,N21,nominal,2.0NRT,308.91,2.68,D,VIIRS
48.37314,37.72856,346.29,0.42,0.38,2026-08-17,10:28:00,N21,nominal,2.0NRT,308.81,6.1,D,VIIRS
47.91486,34.46946,332.39,0.38,0.36,2026-08-17,10:28:00,N21,low,2.0NRT,306.58,2.15,D,VIIRS
47.91407,34.46441,344.78,0.38,0.36,2026-08-17,10:28:00,N21,nominal,2.0NRT,312.47,4.37,D,VIIRS
48.37726,37.73325,353.91,0.42,0.38,2026-08-17,10:28:00,N21,nominal,2.0NRT,312.57,10.08,D,VIIRS
48.37654,37.72758,338.4,0.42,0.38,2026-08-17,10:28:00,N21,low,2.0NRT,308.45,3.12,D,VIIRS
47.15116,30.14807,342.27,0.47,0.4,2026-08-17,10:28:00,N21,low,2.0NRT,316.15,25.46,D,VIIRS
48.28985,37.00026,344.87,0.4,0.37,2026-08-17,10:28:00,N21,nominal,2.0NRT,310.3,5.64,D,VIIRS
48.251220000000004,36.71112,333.05,0.4,0.37,2026-08-17,10:28:00,N21,nominal,2.0NRT,307.7,2.92,D,VIIRS
47.15936,30.15105,342.8,0.47,0.4,2026-08-17,10:28:00,N21,nominal,2.0NRT,311.81,6.41,D,VIIRS
48.21138,36.34402,348.46,0.39,0.37,2026-08-17,10:28:00,N21,nominal,2.0NRT,318.22,41.13,D,VIIRS
48.21468,36.343,344.8,0.39,0.37,2026-08-17,10:28:00,N21,low,2.0NRT,316.47,24.72,D,VIIRS
48.21396,36.33777,346.91,0.39,0.37,2026-08-17,10:28:00,N21,nominal,2.0NRT,315.23,8.36,D,VIIRS
48.1573,35.9103,341.53,0.39,0.36,2026-08-17,10:28:00,N21,low,2.0NRT,312.41,11.88,D,VIIRS
48.27478,36.73174,332.78,0.4,0.37,2026-08-17,10:28:00,N21,low,2.0NRT,304.99,3.82,D,VIIRS
48.37672,37.47921,367,0.41,0.37,2026-08-17,10:28:00,N21,high,2.0NRT,314.68,7.61,D,VIIRS
48.39731,37.64054,344.63,0.42,0.38,2026-08-17,10:28:00,N21,nominal,2.0NRT,309.85,5.19,D,VIIRS
48.16385,35.90822,336.57,0.39,0.36,2026-08-17,10:28:00,N21,low,2.0NRT,309.62,63.78,D,VIIRS
48.37441,37.43399,337.04,0.41,0.37,2026-08-17,10:28:00,N21,nominal,2.0NRT,307.46,8.23,D,VIIRS
48.31876,37.00843,338.33,0.4,0.37,2026-08-17,10:28:00,N21,low,2.0NRT,311.27,3.06,D,VIIRS
48.30875,36.93314,335.08,0.4,0.37,2026-08-17,10:28:00,N21,nominal,2.0NRT,308.32,1.53,D,VIIRS
48.36481,37.30571,334.95,0.41,0.37,2026-08-17,10:28:00,N21,low,2.0NRT,309.37,5.1,D,VIIRS
48.41022,37.63115,332.27,0.42,0.38,2026-08-17,10:28:00,N21,low,2.0NRT,306.09,1.91,D,VIIRS
48.37156,37.30376,346.92,0.41,0.37,2026-08-17,10:28:00,N21,nominal,2.0NRT,314.07,11.85,D,VIIRS
48.60291,39.15574,332.9,0.46,0.39,2026-08-17,10:28:00,N21,nominal,2.0NRT,304.39,2.84,D,VIIRS
48.17745,35.78879,348.2,0.39,0.36,2026-08-17,10:28:00,N21,nominal,2.0NRT,311.46,10.9,D,VIIRS
48.42708,37.57291,337.33,0.42,0.37,2026-08-17,10:28:00,N21,nominal,2.0NRT,307.07,7.9,D,VIIRS
48.01317,34.6145,336.67,0.38,0.36,2026-08-17,10:28:00,N21,low,2.0NRT,306.82,4.57,D,VIIRS
48.48706,38.03017,347.25,0.43,0.38,2026-08-17,10:28:00,N21,nominal,2.0NRT,309.92,9.94,D,VIIRS
48.15381,35.50621,338.12,0.39,0.36,2026-08-17,10:28:00,N21,low,2.0NRT,310.55,3.56,D,VIIRS
48.15707,35.50514,347.56,0.39,0.36,2026-08-17,10:28:00,N21,nominal,2.0NRT,309.76,7.98,D,VIIRS
48.47255,37.71079,333.6,0.42,0.38,2026-08-17,10:28:00,N21,low,2.0NRT,307.02,3.64,D,VIIRS
48.49005,37.82293,342.51,0.42,0.38,2026-08-17,10:28:00,N21,nominal,2.0NRT,312.29,4.57,D,VIIRS
48.47456,37.69852,335.48,0.42,0.38,2026-08-17,10:28:00,N21,low,2.0NRT,306.69,3.08,D,VIIRS
48.4633,37.60886,331.24,0.42,0.38,2026-08-17,10:28:00,N21,low,2.0NRT,306.1,3.12,D,VIIRS
48.46925,37.57222,335.75,0.42,0.37,2026-08-17,10:28:00,N21,low,2.0NRT,309.54,6.38,D,VIIRS
48.4216,37.1739,335.75,0.41,0.37,2026-08-17,10:28:00,N21,low,2.0NRT,309.57,5.55,D,VIIRS
48.42425,37.16745,335.29,0.41,0.37,2026-08-17,10:28:00,N21,low,2.0NRT,309.62,3.96,D,VIIRS
48.41359,37.08588,333.27,0.41,0.37,2026-08-17,10:28:00,N21,low,2.0NRT,304.92,3.29,D,VIIRS
48.463,37.41287,335.92,0.41,0.37,2026-08-17,10:28:00,N21,low,2.0NRT,310.05,2.91,D,VIIRS
48.5174,37.81502,334.25,0.42,0.38,2026-08-17,10:28:00,N21,low,2.0NRT,307.73,1.67,D,VIIRS
48.40434,36.93662,334.4,0.4,0.37,2026-08-17,10:28:00,N21,low,2.0NRT,307.31,2.49,D,VIIRS
48.42681,36.97492,343.32,0.41,0.37,2026-08-17,10:28:00,N21,nominal,2.0NRT,309.42,7.66,D,VIIRS
48.54076,37.83178,337.95,0.42,0.38,2026-08-17,10:28:00,N21,low,2.0NRT,310.85,3.92,D,VIIRS
48.54417,37.83073,338.01,0.42,0.38,2026-08-17,10:28:00,N21,low,2.0NRT,308.78,3.92,D,VIIRS
48.48581,37.37204,337.31,0.41,0.37,2026-08-17,10:28:00,N21,nominal,2.0NRT,308.15,3.09,D,VIIRS
48.44569,37.0649,333.17,0.41,0.37,2026-08-17,10:28:00,N21,nominal,2.0NRT,306.27,4.54,D,VIIRS
48.4892,37.37107,337.69,0.41,0.37,2026-08-17,10:28:00,N21,nominal,2.0NRT,307.58,2.96,D,VIIRS
48.44904,37.06389,334.55,0.41,0.37,2026-08-17,10:28:00,N21,nominal,2.0NRT,305.83,16.05,D,VIIRS
48.42607,36.89096,338.19,0.4,0.37,2026-08-17,10:28:00,N21,nominal,2.0NRT,306.35,2.49,D,VIIRS
48.46419,37.14788,334.31,0.41,0.37,2026-08-17,10:28:00,N21,nominal,2.0NRT,307.22,4.83,D,VIIRS
48.46756,37.1469,336.13,0.41,0.37,2026-08-17,10:28:00,N21,nominal,2.0NRT,306.04,4.83,D,VIIRS
48.42225,36.80022,335.94,0.4,0.37,2026-08-17,10:28:00,N21,low,2.0NRT,310.94,7.59,D,VIIRS
48.57785,37.91405,340.87,0.43,0.38,2026-08-17,10:28:00,N21,nominal,2.0NRT,307.89,12.56,D,VIIRS
48.48083,37.11468,333.99,0.41,0.37,2026-08-17,10:28:00,N21,nominal,2.0NRT,306.38,2.76,D,VIIRS
48.58463,37.88226,334.66,0.43,0.38,2026-08-17,10:28:00,N21,nominal,2.0NRT,305.47,3.02,D,VIIRS
48.41195,36.54211,338.23,0.4,0.37,2026-08-17,10:28:00,N21,low,2.0NRT,313.15,5.56,D,VIIRS
48.60116,37.90131,334.98,0.43,0.38,2026-08-17,10:28:00,N21,low,2.0NRT,309.98,3.19,D,VIIRS
48.56509,37.55444,332.44,0.42,0.37,2026-08-17,10:28:00,N21,nominal,2.0NRT,304.43,3.71,D,VIIRS
48.44839,36.65846,338.81,0.4,0.37,2026-08-17,10:28:00,N21,low,2.0NRT,313.31,4.29,D,VIIRS
48.51461,37.13288,339.23,0.41,0.37,2026-08-17,10:28:00,N21,nominal,2.0NRT,304.59,11.09,D,VIIRS
48.5139,37.12743,352.46,0.41,0.37,2026-08-17,10:28:00,N21,nominal,2.0NRT,312.51,11.09,D,VIIRS
48.5132,37.12197,342.41,0.41,0.37,2026-08-17,10:28:00,N21,nominal,2.0NRT,310.95,17.52,D,VIIRS
48.61095,37.75119,337.18,0.42,0.38,2026-08-17,10:28:00,N21,low,2.0NRT,309.98,3.52,D,VIIRS
48.47195,36.67913,335.15,0.4,0.37,2026-08-17,10:28:00,N21,low,2.0NRT,308.76,8.98,D,VIIRS
48.47123,36.67378,336.22,0.4,0.37,2026-08-17,10:28:00,N21,nominal,2.0NRT,307.59,5.21,D,VIIRS
48.47528,36.67812,354.59,0.4,0.37,2026-08-17,10:28:00,N21,nominal,2.0NRT,310.68,8.98,D,VIIRS
48.58593,37.49652,333.44,0.42,0.37,2026-08-17,10:28:00,N21,low,2.0NRT,307.6,4.34,D,VIIRS
48.47933,36.68248,349.32,0.4,0.37,2026-08-17,10:28:00,N21,nominal,2.0NRT,310.98,9.94,D,VIIRS
48.47861,36.67712,334.37,0.4,0.37,2026-08-17,10:28:00,N21,nominal,2.0NRT,308.35,9.94,D,VIIRS
48.57579,37.38969,336.15,0.41,0.37,2026-08-17,10:28:00,N21,nominal,2.0NRT,304.61,8.48,D,VIIRS
48.48338,36.68684,339.91,0.4,0.37,2026-08-17,10:28:00,N21,nominal,2.0NRT,308.8,7.73,D,VIIRS
48.57917,37.38865,338.61,0.41,0.37,2026-08-17,10:28:00,N21,nominal,2.0NRT,305.07,5.95,D,VIIRS
48.60179,37.53822,335.31,0.42,0.37,2026-08-17,10:28:00,N21,nominal,2.0NRT,307.98,9.83,D,VIIRS
48.57755,37.34878,333.79,0.41,0.37,2026-08-17,10:28:00,N21,nominal,2.0NRT,300.37,4.57,D,VIIRS
48.57684,37.34326,330.71,0.41,0.37,2026-08-17,10:28:00,N21,low,2.0NRT,304.21,4.78,D,VIIRS
48.58308,37.36448,336.85,0.41,0.37,2026-08-17,10:28:00,N21,nominal,2.0NRT,304.95,4.14,D,VIIRS
48.6289,37.64072,336.33,0.42,0.38,2026-08-17,10:28:00,N21,low,2.0NRT,308.33,4.64,D,VIIRS
48.6537,37.80972,336.55,0.42,0.38,2026-08-17,10:28:00,N21,nominal,2.0NRT,307.24,5.29,D,VIIRS
48.56576,37.12346,344.67,0.41,0.37,2026-08-17,10:28:00,N21,nominal,2.0NRT,305.35,6.75,D,VIIRS
48.65712,37.80877,342.82,0.42,0.38,2026-08-17,10:28:00,N21,nominal,2.0NRT,306.87,5.29,D,VIIRS
48.60069,37.36496,330.7,0.41,0.37,2026-08-17,10:28:00,N21,low,2.0NRT,304.89,2.56,D,VIIRS
48.6557,37.80716,338.64,0.42,0.38,2026-08-17,10:28:00,N21,nominal,2.0NRT,308.02,8.71,D,VIIRS
48.60049,37.36285,337.01,0.41,0.37,2026-08-17,10:28:00,N21,nominal,2.0NRT,305.9,3.28,D,VIIRS
48.67865,37.96691,336.56,0.43,0.38,2026-08-17,10:28:00,N21,low,2.0NRT,306.63,9.45,D,VIIRS
48.67795,37.9611,344.82,0.43,0.38,2026-08-17,10:28:00,N21,nominal,2.0NRT,308.21,8.25,D,VIIRS
48.60387,37.36183,330.32,0.41,0.37,2026-08-17,10:28:00,N21,nominal,2.0NRT,302.37,3.28,D,VIIRS
48.44415,36.15525,335.24,0.39,0.36,2026-08-17,10:28:00,N21,nominal,2.0NRT,306.5,2.56,D,VIIRS
48.68208,37.96588,346.59,0.43,0.38,2026-08-17,10:28:00,N21,nominal,2.0NRT,310.52,10.14,D,VIIRS
48.68139,37.96011,339.64,0.43,0.38,2026-08-17,10:28:00,N21,nominal,2.0NRT,314.53,6.51,D,VIIRS
48.44744,36.15418,342.76,0.39,0.36,2026-08-17,10:28:00,N21,nominal,2.0NRT,311.71,5.99,D,VIIRS
48.44671,36.14892,340.39,0.39,0.36,2026-08-17,10:28:00,N21,nominal,2.0NRT,310.86,5.99,D,VIIRS
48.68482,37.95908,333.83,0.43,0.38,2026-08-17,10:28:00,N21,low,2.0NRT,308.75,6.51,D,VIIRS
47.94486,32.88327,344.76,0.4,0.37,2026-08-17,10:28:00,N21,nominal,2.0NRT,314.05,15.46,D,VIIRS
48.66655,37.75113,334.54,0.42,0.38,2026-08-17,10:28:00,N21,low,2.0NRT,308.44,5.19,D,VIIRS
48.24471,34.64682,340.83,0.38,0.36,2026-08-17,10:28:00,N21,nominal,2.0NRT,310.17,6.52,D,VIIRS
48.66325,37.58219,349.27,0.42,0.38,2026-08-17,10:28:00,N21,nominal,2.0NRT,311.27,11.33,D,VIIRS
48.73116,38.01808,335.76,0.43,0.38,2026-08-17,10:28:00,N21,low,2.0NRT,307.66,6.74,D,VIIRS
48.734610000000004,38.01713,346.95,0.43,0.38,2026-08-17,10:28:00,N21,nominal,2.0NRT,311.05,6.74,D,VIIRS
48.69487,37.63733,344.15,0.42,0.38,2026-08-17,10:28:00,N21,nominal,2.0NRT,310.28,5.72,D,VIIRS
48.69417,37.63173,337.53,0.42,0.38,2026-08-17,10:28:00,N21,low,2.0NRT,311.33,5.72,D,VIIRS
48.75343,38.08394,342.72,0.43,0.38,2026-08-17,10:28:00,N21,nominal,2.0NRT,308.4,5.22,D,VIIRS
48.79883,38.25229,335.61,0.44,0.38,2026-08-17,10:28:00,N21,low,2.0NRT,306.55,4.28,D,VIIRS
48.80372,38.26313,340.93,0.44,0.38,2026-08-17,10:28:00,N21,nominal,2.0NRT,306.78,9.47,D,VIIRS
48.8016,38.24551,336.96,0.44,0.38,2026-08-17,10:28:00,N21,low,2.0NRT,307.29,6.66,D,VIIRS
48.78038,38.07049,351.57,0.43,0.38,2026-08-17,10:28:00,N21,nominal,2.0NRT,306.81,7.85,D,VIIRS
48.75617,37.87357,333.95,0.43,0.38,2026-08-17,10:28:00,N21,low,2.0NRT,308.28,5.8,D,VIIRS
48.80508,38.24459,349.06,0.44,0.38,2026-08-17,10:28:00,N21,nominal,2.0NRT,310.83,6.66,D,VIIRS
48.78384,38.06951,338.17,0.43,0.38,2026-08-17,10:28:00,N21,nominal,2.0NRT,306.47,7.85,D,VIIRS
48.81067,38.26115,350.22,0.44,0.38,2026-08-17,10:28:00,N21,nominal,2.0NRT,311.12,8.69,D,VIIRS
48.80927,38.24949,335.32,0.44,0.38,2026-08-17,10:28:00,N21,low,2.0NRT,306.15,5.83,D,VIIRS
48.80856,38.24364,342.22,0.44,0.38,2026-08-17,10:28:00,N21,nominal,2.0NRT,305.05,5.83,D,VIIRS
48.81415,38.26017,346.86,0.44,0.38,2026-08-17,10:28:00,N21,nominal,2.0NRT,308.01,8.69,D,VIIRS
48.81833,38.26506,351.32,0.44,0.38,2026-08-17,10:28:00,N21,nominal,2.0NRT,310.6,6.74,D,VIIRS
48.81762,38.2592,344.49,0.44,0.38,2026-08-17,10:28:00,N21,nominal,2.0NRT,309.2,7.91,D,VIIRS
48.82181,38.26411,340.62,0.44,0.38,2026-08-17,10:28:00,N21,nominal,2.0NRT,303.12,6.74,D,VIIRS
48.81884,38.26433,353.09,0.44,0.38,2026-08-17,10:28:00,N21,nominal,2.0NRT,314.09,11.07,D,VIIRS
48.81815,38.25845,344.12,0.44,0.38,2026-08-17,10:28:00,N21,nominal,2.0NRT,308.24,11.07,D,VIIRS
48.78268,37.90096,334.5,0.43,0.38,2026-08-17,10:28:00,N21,low,2.0NRT,308.65,11.85,D,VIIRS
48.78199,37.89526,354.57,0.43,0.38,2026-08-17,10:28:00,N21,nominal,2.0NRT,312.3,11.85,D,VIIRS
48.78473,37.8885,335.11,0.43,0.38,2026-08-17,10:28:00,N21,nominal,2.0NRT,307.28,2.66,D,VIIRS
48.8432,38.34961,340.79,0.44,0.38,2026-08-17,10:28:00,N21,nominal,2.0NRT,307.64,7.23,D,VIIRS
48.84251,38.34363,335.86,0.44,0.38,2026-08-17,10:28:00,N21,low,2.0NRT,305.87,4.39,D,VIIRS
48.79025,37.90472,344.17,0.43,0.38,2026-08-17,10:28:00,N21,nominal,2.0NRT,303.61,7.02,D,VIIRS
48.79859,37.94422,331.6,0.43,0.38,2026-08-17,10:28:00,N21,nominal,2.0NRT,303.31,3.66,D,VIIRS
48.8982,38.73238,353.45,0.45,0.39,2026-08-17,10:28:00,N21,nominal,2.0NRT,316.31,27.43,D,VIIRS
48.8975,38.72627,334.43,0.45,0.39,2026-08-17,10:28:00,N21,low,2.0NRT,307.5,4.64,D,VIIRS
48.90173,38.73145,349.4,0.45,0.39,2026-08-17,10:28:00,N21,nominal,2.0NRT,316.24,12.52,D,VIIRS
48.90104,38.72534,334.49,0.45,0.39,2026-08-17,10:28:00,N21,low,2.0NRT,307.81,7.75,D,VIIRS
48.90597,38.73663,339.59,0.45,0.39,2026-08-17,10:28:00,N21,nominal,2.0NRT,305.94,12.52,D,VIIRS
48.90527,38.73052,346.1,0.45,0.39,2026-08-17,10:28:00,N21,nominal,2.0NRT,307.84,12.52,D,VIIRS
48.84174,38.12487,338.03,0.43,0.38,2026-08-17,10:28:00,N21,nominal,2.0NRT,307.52,12.3,D,VIIRS
48.8466,38.13552,336.84,0.43,0.38,2026-08-17,10:28:00,N21,low,2.0NRT,308.47,7.39,D,VIIRS
48.8459,38.12971,334.66,0.43,0.38,2026-08-17,10:28:00,N21,low,2.0NRT,309.09,7.39,D,VIIRS
48.84521,38.12389,351.54,0.43,0.38,2026-08-17,10:28:00,N21,nominal,2.0NRT,311.35,24.86,D,VIIRS
48.83458,37.77348,345.67,0.42,0.38,2026-08-17,10:28:00,N21,nominal,2.0NRT,308.04,5.89,D,VIIRS
48.28259,33.8814,338.17,0.39,0.36,2026-08-17,10:28:00,N21,low,2.0NRT,309.87,5.38,D,VIIRS
48.95264,38.73053,349.63,0.45,0.39,2026-08-17,10:28:00,N21,nominal,2.0NRT,312,25.74,D,VIIRS
48.95194,38.72446,346.43,0.45,0.39,2026-08-17,10:28:00,N21,nominal,2.0NRT,317.38,33.94,D,VIIRS
48.95124,38.7184,334.5,0.45,0.39,2026-08-17,10:28:00,N21,nominal,2.0NRT,307.32,33.94,D,VIIRS
48.8529,37.89317,340.15,0.43,0.38,2026-08-17,10:28:00,N21,nominal,2.0NRT,306.59,6.07,D,VIIRS
48.83446,37.74397,341.7,0.42,0.38,2026-08-17,10:28:00,N21,nominal,2.0NRT,310.22,7.18,D,VIIRS
48.82737,37.68701,346.19,0.42,0.38,2026-08-17,10:28:00,N21,nominal,2.0NRT,305.99,6.37,D,VIIRS
48.95688,38.73564,345.93,0.45,0.39,2026-08-17,10:28:00,N21,nominal,2.0NRT,307.06,25.74,D,VIIRS
48.95618,38.72956,345.06,0.45,0.39,2026-08-17,10:28:00,N21,nominal,2.0NRT,316.4,25.74,D,VIIRS
48.95547,38.72348,347.09,0.45,0.39,2026-08-17,10:28:00,N21,nominal,2.0NRT,316.33,33.94,D,VIIRS
48.85634,37.89219,344.62,0.43,0.38,2026-08-17,10:28:00,N21,nominal,2.0NRT,308.82,6.07,D,VIIRS
48.85646,37.74967,330.19,0.42,0.38,2026-08-17,10:28:00,N21,low,2.0NRT,303.96,4.13,D,VIIRS
48.84148,37.63007,332.35,0.42,0.38,2026-08-17,10:28:00,N21,nominal,2.0NRT,302.36,2.68,D,VIIRS
48.86547,37.76497,333.22,0.42,0.38,2026-08-17,10:28:00,N21,low,2.0NRT,304.48,2.97,D,VIIRS
48.87172,37.78669,336.88,0.43,0.38,2026-08-17,10:28:00,N21,nominal,2.0NRT,306.18,6.12,D,VIIRS
48.87012,37.78523,335.5,0.43,0.38,2026-08-17,10:28:00,N21,nominal,2.0NRT,305.64,3.67,D,VIIRS
48.85679,37.64723,331.4,0.42,0.38,2026-08-17,10:28:00,N21,low,2.0NRT,305.73,3.96,D,VIIRS
48.85609,37.64153,333.76,0.42,0.38,2026-08-17,10:28:00,N21,low,2.0NRT,305.45,3.96,D,VIIRS
48.38123,34.21965,341.85,0.38,0.36,2026-08-17,10:28:00,N21,nominal,2.0NRT,311.08,10.1,D,VIIRS
48.88916,37.70885,339.29,0.42,0.38,2026-08-17,10:28:00,N21,nominal,2.0NRT,308.95,4.75,D,VIIRS
48.91298,37.87468,336.69,0.43,0.38,2026-08-17,10:28:00,N21,low,2.0NRT,309.54,7.93,D,VIIRS
48.91228,37.8689,342.93,0.43,0.38,2026-08-17,10:28:00,N21,nominal,2.0NRT,309.47,7.74,D,VIIRS
48.91158,37.86312,341.41,0.43,0.38,2026-08-17,10:28:00,N21,nominal,2.0NRT,310,7.74,D,VIIRS
48.89329,37.7136,335.03,0.42,0.38,2026-08-17,10:28:00,N21,low,2.0NRT,307.99,6.69,D,VIIRS
48.84949,37.36224,333.62,0.42,0.37,2026-08-17,10:28:00,N21,low,2.0NRT,306.61,4.72,D,VIIRS
48.91572,37.86791,351.77,0.43,0.38,2026-08-17,10:28:00,N21,nominal,2.0NRT,309.19,7.85,D,VIIRS
48.896,37.70684,336.82,0.42,0.38,2026-08-17,10:28:00,N21,low,2.0NRT,309.73,8.4,D,VIIRS
48.10525,32.38975,336.6,0.4,0.37,2026-08-17,10:28:00,N21,low,2.0NRT,311.29,15.24,D,VIIRS
48.10854,32.38846,349.86,0.4,0.37,2026-08-17,10:28:00,N21,nominal,2.0NRT,315.72,15.24,D,VIIRS
48.10762,32.38321,346.04,0.4,0.37,2026-08-17,10:28:00,N21,nominal,2.0NRT,310.17,15.24,D,VIIRS
48.90498,37.72211,332.69,0.42,0.38,2026-08-17,10:28:00,N21,low,2.0NRT,304.12,2.83,D,VIIRS
48.90356,37.71059,343.06,0.42,0.38,2026-08-17,10:28:00,N21,nominal,2.0NRT,312.02,14.66,D,VIIRS
48.82909,37.1198,342.42,0.41,0.37,2026-08-17,10:28:00,N21,nominal,2.0NRT,308.82,4.44,D,VIIRS
48.90698,37.7096,352.54,0.42,0.38,2026-08-17,10:28:00,N21,nominal,2.0NRT,316.09,14.66,D,VIIRS
48.9104,37.7086,344.19,0.42,0.38,2026-08-17,10:28:00,N21,nominal,2.0NRT,307.97,10.53,D,VIIRS
47.72679,30.27266,349.18,0.46,0.39,2026-08-17,10:28:00,N21,nominal,2.0NRT,316.46,15.33,D,VIIRS
47.67531,29.99308,347.06,0.47,0.39,2026-08-17,10:28:00,N21,nominal,2.0NRT,312.93,9.14,D,VIIRS
48.95049,37.97816,333.34,0.43,0.38,2026-08-17,10:28:00,N21,nominal,2.0NRT,306.91,3.15,D,VIIRS
48.95818,38.01215,342.14,0.43,0.38,2026-08-17,10:28:00,N21,nominal,2.0NRT,307.35,5.01,D,VIIRS
48.52035,34.633,335.64,0.38,0.36,2026-08-17,10:28:00,N21,low,2.0NRT,309.23,4.52,D,VIIRS
48.9622,37.78294,339.22,0.43,0.38,2026-08-17,10:28:00,N21,low,2.0NRT,312.27,5.63,D,VIIRS
48.87735,36.94868,350.61,0.41,0.37,2026-08-17,10:28:00,N21,nominal,2.0NRT,308.09,30.51,D,VIIRS
49.00116,37.88373,332.34,0.43,0.38,2026-08-17,10:28:00,N21,nominal,2.0NRT,306.42,1.87,D,VIIRS
49.0046,37.88276,338.66,0.43,0.38,2026-08-17,10:28:00,N21,nominal,2.0NRT,303.07,1.97,D,VIIRS
49.03316,38.03149,334.31,0.43,0.38,2026-08-17,10:28:00,N21,low,2.0NRT,309.07,1.77,D,VIIRS
49.03453,38.01296,335.23,0.43,0.38,2026-08-17,10:28:00,N21,low,2.0NRT,308.22,4.35,D,VIIRS
49.04079,38.03539,350.95,0.43,0.38,2026-08-17,10:28:00,N21,nominal,2.0NRT,312.96,11.5,D,VIIRS
49.03939,38.02366,348.19,0.43,0.38,2026-08-17,10:28:00,N21,nominal,2.0NRT,313.19,14.58,D,VIIRS
49.04425,38.0344,351.65,0.43,0.38,2026-08-17,10:28:00,N21,nominal,2.0NRT,307.88,7.72,D,VIIRS
47.77329,30.00026,334.32,0.46,0.39,2026-08-17,10:28:00,N21,low,2.0NRT,309.2,10.62,D,VIIRS
48.59633,34.65797,336.73,0.38,0.36,2026-08-17,10:28:00,N21,nominal,2.0NRT,303.2,5.02,D,VIIRS
49.09612,38.35093,332.06,0.44,0.39,2026-08-17,10:28:00,N21,low,2.0NRT,304.13,12.01,D,VIIRS
49.0149,37.64705,332.61,0.42,0.38,2026-08-17,10:28:00,N21,low,2.0NRT,305.48,5.23,D,VIIRS
49.04704,37.79256,330.96,0.43,0.38,2026-08-17,10:28:00,N21,low,2.0NRT,304.83,3.03,D,VIIRS
49.04633,37.7868,337.63,0.43,0.38,2026-08-17,10:28:00,N21,nominal,2.0NRT,309.23,3.81,D,VIIRS
49.04209,37.75229,342.2,0.43,0.38,2026-08-17,10:28:00,N21,nominal,2.0NRT,304.84,3.93,D,VIIRS
49.04127,37.71684,333.4,0.42,0.38,2026-08-17,10:28:00,N21,low,2.0NRT,306.26,2.73,D,VIIRS
49.09227,38.10617,332.01,0.44,0.38,2026-08-17,10:28:00,N21,nominal,2.0NRT,305.29,3.62,D,VIIRS
49.06908,37.79821,332.29,0.43,0.38,2026-08-17,10:28:00,N21,nominal,2.0NRT,304.37,1.94,D,VIIRS
47.86522,30.12202,348.97,0.46,0.39,2026-08-17,10:28:00,N21,nominal,2.0NRT,315.24,19.72,D,VIIRS
49.12701,38.02857,335.96,0.43,0.38,2026-08-17,10:28:00,N21,nominal,2.0NRT,305.71,3.72,D,VIIRS
49.12631,38.02271,342.17,0.43,0.38,2026-08-17,10:28:00,N21,nominal,2.0NRT,308.37,15.08,D,VIIRS
49.12337,37.90833,337.6,0.43,0.38,2026-08-17,10:28:00,N21,nominal,2.0NRT,307.36,3.93,D,VIIRS
49.13944,37.98278,342.57,0.43,0.38,2026-08-17,10:28:00,N21,nominal,2.0NRT,305.75,4.08,D,VIIRS
49.19591,38.12532,346.09,0.44,0.38,2026-08-17,10:28:00,N21,nominal,2.0NRT,306.92,8.58,D,VIIRS
49.14394,37.66819,331.68,0.42,0.38,2026-08-17,10:28:00,N21,nominal,2.0NRT,304.8,5.48,D,VIIRS
49.131100000000004,37.56468,345.38,0.42,0.38,2026-08-17,10:28:00,N21,nominal,2.0NRT,311.11,10.43,D,VIIRS
49.14808,37.67296,331.92,0.42,0.38,2026-08-17,10:28:00,N21,nominal,2.0NRT,305.8,3.37,D,VIIRS
49.14737,37.66719,345.58,0.42,0.38,2026-08-17,10:28:00,N21,nominal,2.0NRT,311.43,5.48,D,VIIRS
49.1515,37.67194,346.61,0.42,0.38,2026-08-17,10:28:00,N21,nominal,2.0NRT,310.04,16.46,D,VIIRS
49.15079,37.66616,336.78,0.42,0.38,2026-08-17,10:28:00,N21,low,2.0NRT,310.18,5.05,D,VIIRS
49.14935,37.65456,333.02,0.42,0.38,2026-08-17,10:28:00,N21,low,2.0NRT,305.34,4.44,D,VIIRS
49.1535,37.65933,334.17,0.42,0.38,2026-08-17,10:28:00,N21,low,2.0NRT,306.34,5.05,D,VIIRS
49.21953,38.11256,333.06,0.44,0.38,2026-08-17,10:28:00,N21,low,2.0NRT,306.12,3.75,D,VIIRS
49.21872,38.076,340.34,0.44,0.38,2026-08-17,10:28:00,N21,nominal,2.0NRT,307.23,7.4,D,VIIRS
49.2272,38.11653,337.77,0.44,0.38,2026-08-17,10:28:00,N21,nominal,2.0NRT,305.18,5.16,D,VIIRS
49.22219,38.07501,331.28,0.44,0.38,2026-08-17,10:28:00,N21,low,2.0NRT,305.72,4.05,D,VIIRS
49.1807,37.7355,336.88,0.43,0.38,2026-08-17,10:28:00,N21,nominal,2.0NRT,304.13,7.57,D,VIIRS
49.17998,37.72967,338.68,0.43,0.38,2026-08-17,10:28:00,N21,nominal,2.0NRT,304.53,4.77,D,VIIRS
49.21852,38.01507,341.9,0.43,0.38,2026-08-17,10:28:00,N21,nominal,2.0NRT,308.23,3.85,D,VIIRS
49.20633,37.91494,336.66,0.43,0.38,2026-08-17,10:28:00,N21,low,2.0NRT,308.44,3,D,VIIRS
49.18413,37.73445,343.16,0.43,0.38,2026-08-17,10:28:00,N21,nominal,2.0NRT,310.55,7.57,D,VIIRS
49.21626,37.96695,341.41,0.43,0.38,2026-08-17,10:28:00,N21,nominal,2.0NRT,312.79,5.38,D,VIIRS
47.79707,29.20028,337.73,0.49,0.4,2026-08-17,10:28:00,N21,low,2.0NRT,312.16,5.21,D,VIIRS
47.7957,29.19934,334.91,0.49,0.4,2026-08-17,10:28:00,N21,low,2.0NRT,308.98,3.54,D,VIIRS
49.21976,37.8975,334.89,0.43,0.38,2026-08-17,10:28:00,N21,low,2.0NRT,305.86,2.24,D,VIIRS
49.23447,37.991,333.62,0.43,0.38,2026-08-17,10:28:00,N21,nominal,2.0NRT,302.29,2.48,D,VIIRS
49.18715,37.54102,333.04,0.42,0.38,2026-08-17,10:28:00,N21,low,2.0NRT,305.61,13.4,D,VIIRS
49.16945,37.39807,338.51,0.42,0.38,2026-08-17,10:28:00,N21,nominal,2.0NRT,306.73,8.11,D,VIIRS
49.26299,38.04998,367,0.44,0.38,2026-08-17,10:28:00,N21,high,2.0NRT,308.59,15.14,D,VIIRS
49.26369,38.05589,336.4,0.44,0.38,2026-08-17,10:28:00,N21,nominal,2.0NRT,301.74,4.78,D,VIIRS
49.16298,37.20653,335.62,0.41,0.37,2026-08-17,10:28:00,N21,nominal,2.0NRT,303.28,2.99,D,VIIRS
47.98569,29.94387,336.81,0.46,0.39,2026-08-17,10:28:00,N21,low,2.0NRT,311.44,8.81,D,VIIRS
49.25924,37.92868,351.07,0.43,0.38,2026-08-17,10:28:00,N21,nominal,2.0NRT,307.88,8.11,D,VIIRS
48.80931,34.39025,331.42,0.38,0.36,2026-08-17,10:28:00,N21,low,2.0NRT,306.34,3.02,D,VIIRS
49.32649,38.13061,341.02,0.44,0.38,2026-08-17,10:28:00,N21,nominal,2.0NRT,304.44,6.38,D,VIIRS
49.32577,38.12459,344.44,0.44,0.38,2026-08-17,10:28:00,N21,nominal,2.0NRT,305.81,6.38,D,VIIRS
49.32925,38.12356,346.04,0.44,0.38,2026-08-17,10:28:00,N21,nominal,2.0NRT,306.77,10.83,D,VIIRS
49.25623,37.52687,345.57,0.42,0.38,2026-08-17,10:28:00,N21,nominal,2.0NRT,305.43,9.2,D,VIIRS
48.97892,35.46243,336.28,0.39,0.36,2026-08-17,10:28:00,N21,low,2.0NRT,310.59,3.79,D,VIIRS
48.01023,29.70431,340.92,0.47,0.4,2026-08-17,10:28:00,N21,low,2.0NRT,313.81,6.52,D,VIIRS
48.01238,29.70789,337.14,0.47,0.4,2026-08-17,10:28:00,N21,nominal,2.0NRT,306.4,8.79,D,VIIRS
49.37144,38.14127,344.04,0.44,0.38,2026-08-17,10:28:00,N21,nominal,2.0NRT,305.96,9.12,D,VIIRS
49.35173,37.97437,333.5,0.43,0.38,2026-08-17,10:28:00,N21,nominal,2.0NRT,303.7,1.32,D,VIIRS
49.03125,35.46998,333.81,0.39,0.36,2026-08-17,10:28:00,N21,nominal,2.0NRT,306.11,1.64,D,VIIRS
49.04509,35.47084,334.3,0.39,0.36,2026-08-17,10:28:00,N21,low,2.0NRT,307.66,2.5,D,VIIRS
49.34477,37.70884,333.79,0.43,0.38,2026-08-17,10:28:00,N21,nominal,2.0NRT,307.45,3.23,D,VIIRS
49.04836,35.46975,336.11,0.39,0.36,2026-08-17,10:28:00,N21,low,2.0NRT,307.54,4.68,D,VIIRS
49.37002,37.82857,341.65,0.43,0.38,2026-08-17,10:28:00,N21,nominal,2.0NRT,305.76,5.12,D,VIIRS
49.36352,37.74572,351.24,0.43,0.38,2026-08-17,10:28:00,N21,nominal,2.0NRT,308.69,4.95,D,VIIRS
49.3628,37.73989,337.07,0.43,0.38,2026-08-17,10:28:00,N21,nominal,2.0NRT,310.14,4.95,D,VIIRS
49.36697,37.74476,335.73,0.43,0.38,2026-08-17,10:28:00,N21,nominal,2.0NRT,305.28,4.95,D,VIIRS
49.4385,38.15997,335.67,0.44,0.38,2026-08-17,10:28:00,N21,low,2.0NRT,305.78,14.73,D,VIIRS
49.4427,38.16498,343.87,0.44,0.38,2026-08-17,10:28:00,N21,low,2.0NRT,314.73,19.22,D,VIIRS
49.44198,38.159,333.2,0.44,0.38,2026-08-17,10:28:00,N21,low,2.0NRT,304.39,19.22,D,VIIRS
49.40786,37.78751,341.98,0.43,0.38,2026-08-17,10:28:00,N21,nominal,2.0NRT,308.3,5,D,VIIRS
48.4705,31.54939,334.39,0.41,0.37,2026-08-17,10:28:00,N21,low,2.0NRT,307.53,3.2,D,VIIRS
49.4047,37.70378,331.4,0.43,0.38,2026-08-17,10:28:00,N21,low,2.0NRT,305.7,4.27,D,VIIRS
49.42168,37.83153,330.85,0.43,0.38,2026-08-17,10:28:00,N21,low,2.0NRT,305,2.83,D,VIIRS
49.45659,37.97472,332.42,0.44,0.38,2026-08-17,10:28:00,N21,low,2.0NRT,305.03,1.7,D,VIIRS
49.42626,37.72097,332.29,0.43,0.38,2026-08-17,10:28:00,N21,low,2.0NRT,303.93,2.34,D,VIIRS
48.08004,29.37697,334.32,0.48,0.4,2026-08-17,10:28:00,N21,low,2.0NRT,309.14,7.32,D,VIIRS
49.45928,37.93696,336.24,0.43,0.38,2026-08-17,10:28:00,N21,nominal,2.0NRT,305.87,10.19,D,VIIRS
49.46275,37.93597,348.16,0.43,0.38,2026-08-17,10:28:00,N21,nominal,2.0NRT,311.17,10.19,D,VIIRS
49.49312,38.16299,338.27,0.44,0.38,2026-08-17,10:28:00,N21,nominal,2.0NRT,307.64,6.01,D,VIIRS
49.11622,35.27562,343.4,0.39,0.36,2026-08-17,10:28:00,N21,nominal,2.0NRT,311.42,17.39,D,VIIRS
49.49802,38.17404,333.47,0.44,0.38,2026-08-17,10:28:00,N21,low,2.0NRT,307.04,9.61,D,VIIRS
49.49731,38.16803,337.52,0.44,0.38,2026-08-17,10:28:00,N21,nominal,2.0NRT,306.68,6.01,D,VIIRS
48.0787,29.27602,339.75,0.48,0.4,2026-08-17,10:28:00,N21,low,2.0NRT,309.91,8.67,D,VIIRS
49.5417,38.39416,340.49,0.45,0.39,2026-08-17,10:28:00,N21,nominal,2.0NRT,305.4,7.43,D,VIIRS
48.03495,28.95012,336.43,0.5,0.41,2026-08-17,10:28:00,N21,low,2.0NRT,311.04,4.84,D,VIIRS
48.71549,32.39329,337.3,0.4,0.37,2026-08-17,10:28:00,N21,nominal,2.0NRT,311.14,3.26,D,VIIRS
49.50851,37.75211,345.24,0.43,0.38,2026-08-17,10:28:00,N21,nominal,2.0NRT,307.22,4.83,D,VIIRS
49.51643,37.65707,338.69,0.43,0.38,2026-08-17,10:28:00,N21,nominal,2.0NRT,302.13,8.29,D,VIIRS
49.5437,37.79497,335.27,0.43,0.38,2026-08-17,10:28:00,N21,low,2.0NRT,306.87,5.86,D,VIIRS
49.55202,37.80483,334.98,0.43,0.38,2026-08-17,10:28:00,N21,nominal,2.0NRT,304.68,3.74,D,VIIRS
49.59123,37.95327,336.13,0.44,0.38,2026-08-17,10:28:00,N21,nominal,2.0NRT,306.97,4.39,D,VIIRS
49.56826,37.55695,330.5,0.43,0.38,2026-08-17,10:28:00,N21,nominal,2.0NRT,302.98,2.66,D,VIIRS
49.57241,37.56179,342.48,0.43,0.38,2026-08-17,10:28:00,N21,nominal,2.0NRT,307.55,7.57,D,VIIRS
48.78934,32.2601,334.16,0.4,0.37,2026-08-17,10:28:00,N21,low,2.0NRT,308.78,2.11,D,VIIRS
49.66729,37.65412,345.61,0.43,0.38,2026-08-17,10:28:00,N21,nominal,2.0NRT,309.6,11.49,D,VIIRS
48.76014,31.60518,334.38,0.41,0.37,2026-08-17,10:28:00,N21,low,2.0NRT,309.18,3.61,D,VIIRS
49.73632,38.20451,336.09,0.44,0.39,2026-08-17,10:28:00,N21,nominal,2.0NRT,305.02,3.74,D,VIIRS
49.04453,33.16118,340.67,0.39,0.36,2026-08-17,10:28:00,N21,nominal,2.0NRT,305.65,3.96,D,VIIRS
49.68097,37.50417,335.41,0.43,0.38,2026-08-17,10:28:00,N21,nominal,2.0NRT,306.85,4.31,D,VIIRS
49.73053,37.73355,332.55,0.43,0.38,2026-08-17,10:28:00,N21,low,2.0NRT,303.94,1.67,D,VIIRS
49.71529,37.53568,335.65,0.43,0.38,2026-08-17,10:28:00,N21,low,2.0NRT,306.67,4.17,D,VIIRS
49.77371,37.66523,336.15,0.43,0.38,2026-08-17,10:28:00,N21,low,2.0NRT,311.04,5.32,D,VIIRS
49.7799,37.65736,343.73,0.43,0.38,2026-08-17,10:28:00,N21,nominal,2.0NRT,310.62,7.33,D,VIIRS
49.70295,37.03627,339.71,0.42,0.37,2026-08-17,10:28:00,N21,nominal,2.0NRT,309.1,3.09,D,VIIRS
49.70634,37.03524,332.53,0.42,0.37,2026-08-17,10:28:00,N21,low,2.0NRT,307.25,3.09,D,VIIRS
49.79411,37.59806,333.86,0.43,0.38,2026-08-17,10:28:00,N21,low,2.0NRT,307.89,9.21,D,VIIRS
49.79338,37.59214,332.2,0.43,0.38,2026-08-17,10:28:00,N21,low,2.0NRT,307.08,5.4,D,VIIRS
49.84484,37.77997,332.3,0.43,0.38,2026-08-17,10:28:00,N21,nominal,2.0NRT,304.03,3.19,D,VIIRS
48.35764,28.68305,330.59,0.5,0.41,2026-08-17,10:28:00,N21,low,2.0NRT,304.96,4.03,D,VIIRS
49.89334,38.0324,338.26,0.44,0.38,2026-08-17,10:28:00,N21,nominal,2.0NRT,306.96,5.85,D,VIIRS
49.87701,37.86213,340.35,0.44,0.38,2026-08-17,10:28:00,N21,nominal,2.0NRT,303.95,7.58,D,VIIRS
49.86385,37.63131,334.93,0.43,0.38,2026-08-17,10:28:00,N21,nominal,2.0NRT,303.68,4.45,D,VIIRS
49.88481,37.68668,332.71,0.43,0.38,2026-08-17,10:28:00,N21,low,2.0NRT,305.99,3.34,D,VIIRS
48.92601,31.29282,339.53,0.41,0.37,2026-08-17,10:28:00,N21,nominal,2.0NRT,306,2.5,D,VIIRS
49.89529,37.71436,345.52,0.43,0.38,2026-08-17,10:28:00,N21,nominal,2.0NRT,310.85,7.28,D,VIIRS
49.89458,37.70848,332.09,0.43,0.38,2026-08-17,10:28:00,N21,low,2.0NRT,305.36,7.28,D,VIIRS
49.91452,37.84523,338.32,0.44,0.38,2026-08-17,10:28:00,N21,low,2.0NRT,308.4,6.18,D,VIIRS
49.92086,37.86829,337.76,0.44,0.38,2026-08-17,10:28:00,N21,nominal,2.0NRT,306.55,6.69,D,VIIRS
49.92015,37.86227,343.8,0.44,0.38,2026-08-17,10:28:00,N21,nominal,2.0NRT,308.9,6.69,D,VIIRS
49.91728,37.83824,345.9,0.44,0.38,2026-08-17,10:28:00,N21,nominal,2.0NRT,307.4,15.45,D,VIIRS
49.89863,37.68266,333.04,0.43,0.38,2026-08-17,10:28:00,N21,low,2.0NRT,305.34,4.45,D,VIIRS
49.92434,37.86731,337.52,0.44,0.38,2026-08-17,10:28:00,N21,nominal,2.0NRT,306.78,6.69,D,VIIRS
49.9222,37.84928,346.25,0.44,0.38,2026-08-17,10:28:00,N21,nominal,2.0NRT,305.67,9.8,D,VIIRS
49.92148,37.84327,353.67,0.44,0.38,2026-08-17,10:28:00,N21,nominal,2.0NRT,309.06,15.45,D,VIIRS
49.92639,37.85432,331.95,0.44,0.38,2026-08-17,10:28:00,N21,low,2.0NRT,302.62,2.12,D,VIIRS
48.53405,29.15829,333.6,0.48,0.4,2026-08-17,10:28:00,N21,low,2.0NRT,308.42,7.89,D,VIIRS
49.91687,37.74496,335.57,0.43,0.38,2026-08-17,10:28:00,N21,nominal,2.0NRT,304.05,2.35,D,VIIRS
49.96824,37.87353,334.08,0.44,0.38,2026-08-17,10:28:00,N21,nominal,2.0NRT,305.21,5.27,D,VIIRS
49.96867,37.8718,332.38,0.44,0.38,2026-08-17,10:28:00,N21,nominal,2.0NRT,303.81,3.39,D,VIIRS
49.89936,37.09202,332.22,0.42,0.38,2026-08-17,10:28:00,N21,low,2.0NRT,302.46,2.79,D,VIIRS
49.90348,37.09673,330.59,0.42,0.38,2026-08-17,10:28:00,N21,low,2.0NRT,304.58,2.79,D,VIIRS
50.01068,37.7411,337.95,0.43,0.38,2026-08-17,10:28:00,N21,low,2.0NRT,311.8,5.07,D,VIIRS
49.99629,37.621339999999996,342.65,0.43,0.38,2026-08-17,10:28:00,N21,nominal,2.0NRT,304.91,6.32,D,VIIRS
49.99556,37.61532,348.98,0.43,0.38,2026-08-17,10:28:00,N21,nominal,2.0NRT,307.31,6.61,D,VIIRS
49.99484,37.60936,344.08,0.43,0.38,2026-08-17,10:28:00,N21,nominal,2.0NRT,305.5,6.61,D,VIIRS
50.04713,37.09434,332.79,0.42,0.38,2026-08-17,10:28:00,N21,low,2.0NRT,305.57,4.44,D,VIIRS
50.04691,37.06442,345.91,0.42,0.38,2026-08-17,10:28:00,N21,nominal,2.0NRT,310.01,8.96,D,VIIRS
48.76515,29.19261,340.51,0.47,0.4,2026-08-17,10:28:00,N21,nominal,2.0NRT,306.4,6.28,D,VIIRS
50.05249,37.08073,335.12,0.42,0.38,2026-08-17,10:28:00,N21,low,2.0NRT,307.34,5.93,D,VIIRS
50.05177,37.07494,339.34,0.42,0.38,2026-08-17,10:28:00,N21,nominal,2.0NRT,308.66,5.93,D,VIIRS
50.05104,37.06916,346.76,0.42,0.38,2026-08-17,10:28:00,N21,nominal,2.0NRT,309.03,8.96,D,VIIRS
50.05517,37.07391,336.56,0.42,0.38,2026-08-17,10:28:00,N21,nominal,2.0NRT,306.87,3.47,D,VIIRS
50.02283,36.6558,347.43,0.41,0.37,2026-08-17,10:28:00,N21,nominal,2.0NRT,308.31,7.41,D,VIIRS
50.04761,36.41152,350.28,0.41,0.37,2026-08-17,10:28:00,N21,nominal,2.0NRT,303.79,4.35,D,VIIRS
50.04688,36.40592,332.69,0.41,0.37,2026-08-17,10:28:00,N21,low,2.0NRT,305.44,4.35,D,VIIRS
50.05169,36.41602,349.55,0.41,0.37,2026-08-17,10:28:00,N21,nominal,2.0NRT,307.01,9.05,D,VIIRS
49.6692,33.46541,343.27,0.38,0.36,2026-08-17,10:28:00,N21,nominal,2.0NRT,308.73,4.77,D,VIIRS
50.20552,37.20779,334.06,0.42,0.38,2026-08-17,10:28:00,N21,nominal,2.0NRT,303.38,2.85,D,VIIRS
50.20797,36.86771,335.03,0.42,0.37,2026-08-17,10:28:00,N21,nominal,2.0NRT,303.82,5.53,D,VIIRS
50.21548,36.871339999999996,339.07,0.42,0.37,2026-08-17,10:28:00,N21,nominal,2.0NRT,307.14,8.31,D,VIIRS
50.24671,36.86768,332.66,0.42,0.37,2026-08-17,10:28:00,N21,nominal,2.0NRT,306.9,4.25,D,VIIRS
50.25816,36.93022,335.73,0.42,0.37,2026-08-17,10:28:00,N21,low,2.0NRT,306.53,5.27,D,VIIRS
50.25011,36.86665,342.77,0.42,0.37,2026-08-17,10:28:00,N21,nominal,2.0NRT,305.36,4.25,D,VIIRS
50.24938,36.8609,332.86,0.42,0.37,2026-08-17,10:28:00,N21,nominal,2.0NRT,304.67,3.36,D,VIIRS
50.31095,37.29668,334.34,0.43,0.38,2026-08-17,10:28:00,N21,low,2.0NRT,305.49,7.42,D,VIIRS
50.31022,37.29078,330.95,0.43,0.38,2026-08-17,10:28:00,N21,low,2.0NRT,302.42,4.72,D,VIIRS
50.31511,37.3016,336.7,0.43,0.38,2026-08-17,10:28:00,N21,nominal,2.0NRT,306.91,22.31,D,VIIRS
50.31438,37.29567,354.16,0.43,0.38,2026-08-17,10:28:00,N21,nominal,2.0NRT,310.91,22.31,D,VIIRS
50.27641,36.99097,337.22,0.42,0.38,2026-08-17,10:28:00,N21,nominal,2.0NRT,301.61,3.95,D,VIIRS
50.26321,36.88659,344.09,0.42,0.37,2026-08-17,10:28:00,N21,nominal,2.0NRT,311.53,8.06,D,VIIRS
50.27981,36.98994,335.29,0.42,0.38,2026-08-17,10:28:00,N21,nominal,2.0NRT,302.16,3.95,D,VIIRS
50.28468,37.00055,331.53,0.42,0.38,2026-08-17,10:28:00,N21,nominal,2.0NRT,301.26,0.97,D,VIIRS
50.28093,36.86222,341.06,0.42,0.37,2026-08-17,10:28:00,N21,nominal,2.0NRT,305.99,5.18,D,VIIRS
50.29154,36.91911,333.9,0.42,0.37,2026-08-17,10:28:00,N21,low,2.0NRT,305.65,1.27,D,VIIRS
50.30842,36.99824,332.36,0.42,0.38,2026-08-17,10:28:00,N21,nominal,2.0NRT,304.8,8.02,D,VIIRS
49.20942,29.98802,332.97,0.44,0.38,2026-08-17,10:28:00,N21,nominal,2.0NRT,304.75,8.94,D,VIIRS
50.24686,36.32144,345.7,0.41,0.37,2026-08-17,10:28:00,N21,nominal,2.0NRT,306.42,8.83,D,VIIRS
50.24613,36.3158,351.33,0.41,0.37,2026-08-17,10:28:00,N21,nominal,2.0NRT,308.62,8.83,D,VIIRS
50.24539,36.31017,330.84,0.41,0.37,2026-08-17,10:28:00,N21,nominal,2.0NRT,303.31,3.96,D,VIIRS
50.29521,36.15995,337.53,0.4,0.37,2026-08-17,10:28:00,N21,nominal,2.0NRT,301.39,3.24,D,VIIRS
50.29606,36.15776,347.17,0.4,0.37,2026-08-17,10:28:00,N21,nominal,2.0NRT,305.21,6.33,D,VIIRS
50.30964,36.23495,330.14,0.4,0.37,2026-08-17,10:28:00,N21,nominal,2.0NRT,302.44,2.16,D,VIIRS
49.6957,32.01782,332.53,0.4,0.37,2026-08-17,10:28:00,N21,nominal,2.0NRT,306.6,2.95,D,VIIRS
50.35682,36.09113,343.09,0.4,0.37,2026-08-17,10:28:00,N21,nominal,2.0NRT,304.58,4.83,D,VIIRS
50.26424,35.0714,336.15,0.39,0.36,2026-08-17,10:28:00,N21,nominal,2.0NRT,304.43,2.75,D,VIIRS
49.53447,29.13501,331.2,0.46,0.39,2026-08-17,10:28:00,N21,nominal,2.0NRT,297.82,3.14,D,VIIRS
50.58765,35.32636,345.49,0.39,0.36,2026-08-17,10:28:00,N21,nominal,2.0NRT,306.01,11.37,D,VIIRS
50.59171,35.33074,341.64,0.39,0.36,2026-08-17,10:28:00,N21,nominal,2.0NRT,309.42,11.37,D,VIIRS
50.595,35.32961,333.25,0.39,0.36,2026-08-17,10:28:00,N21,low,2.0NRT,303.86,7.49,D,VIIRS
50.62389,35.27155,344.73,0.39,0.36,2026-08-17,10:28:00,N21,nominal,2.0NRT,304.91,8.75,D,VIIRS
50.62313,35.26607,353.33,0.39,0.36,2026-08-17,10:28:00,N21,nominal,2.0NRT,305.45,11.19,D,VIIRS
50.62793,35.27588,345.97,0.39,0.36,2026-08-17,10:28:00,N21,nominal,2.0NRT,307.51,15.87,D,VIIRS
50.62717,35.2704,355.67,0.39,0.36,2026-08-17,10:28:00,N21,nominal,2.0NRT,310.8,15.87,D,VIIRS
49.34111,26.42236,332.51,0.38,0.44,2026-08-17,10:28:00,N21,nominal,2.0NRT,289.93,3.11,D,VIIRS
50.44073,30.92004,332.67,0.41,0.37,2026-08-17,10:28:00,N21,nominal,2.0NRT,298.65,3.27,D,VIIRS
51.11992,34.82943,338.66,0.39,0.36,2026-08-17,10:28:00,N21,nominal,2.0NRT,303.91,4.53,D,VIIRS
51.16256,34.91254,341.97,0.39,0.36,2026-08-17,10:28:00,N21,nominal,2.0NRT,305.91,12.08,D,VIIRS
51.16584,34.91138,347.14,0.39,0.36,2026-08-17,10:28:00,N21,nominal,2.0NRT,303.91,6.65,D,VIIRS
51.16507,34.90587,329.63,0.39,0.36,2026-08-17,10:28:00,N21,low,2.0NRT,299.98,6.65,D,VIIRS
51.17936,34.95874,335.78,0.39,0.36,2026-08-17,10:28:00,N21,nominal,2.0NRT,304.13,6.71,D,VIIRS
51.17858,34.95321,333.97,0.39,0.36,2026-08-17,10:28:00,N21,nominal,2.0NRT,303.52,4.6,D,VIIRS
51.18264,34.95758,353.7,0.39,0.36,2026-08-17,10:28:00,N21,nominal,2.0NRT,304.03,6.71,D,VIIRS
51.22342,34.30634,349.21,0.39,0.36,2026-08-17,10:28:00,N21,nominal,2.0NRT,302.28,25.67,D,VIIRS
51.28131,34.20889,367,0.39,0.36,2026-08-17,10:28:00,N21,high,2.0NRT,301.71,5.17,D,VIIRS
51.28051,34.20344,337.83,0.39,0.36,2026-08-17,10:28:00,N21,nominal,2.0NRT,297.44,5.17,D,VIIRS
51.31385,34.19678,338.06,0.39,0.36,2026-08-17,10:28:00,N21,nominal,2.0NRT,303.02,7.8,D,VIIRS
49.32716,23.92676,338.32,0.48,0.48,2026-08-17,10:28:00,N21,nominal,2.0NRT,295.24,5.6,D,VIIRS
49.33133,23.92433,340.65,0.48,0.48,2026-08-17,10:28:00,N21,nominal,2.0NRT,299.15,19.11,D,VIIRS
49.32974,23.91809,325.55,0.48,0.48,2026-08-17,10:28:00,N21,nominal,2.0NRT,293.34,10.87,D,VIIRS
50.48424,28.79683,331.98,0.46,0.39,2026-08-17,10:28:00,N21,nominal,2.0NRT,297.71,2.96,D,VIIRS
51.16985,31.53929,336.66,0.39,0.36,2026-08-17,10:28:00,N21,nominal,2.0NRT,305.06,6.61,D,VIIRS
51.31342,32.14866,333.8,0.39,0.36,2026-08-17,10:28:00,N21,nominal,2.0NRT,297.03,2.22,D,VIIRS
51.73419,34.28119,330.19,0.39,0.36,2026-08-17,10:28:00,N21,nominal,2.0NRT,297.2,4,D,VIIRS
51.7334,34.27565,340.65,0.39,0.36,2026-08-17,10:28:00,N21,nominal,2.0NRT,300.55,7.89,D,VIIRS
51.73126,34.18913,332.46,0.39,0.36,2026-08-17,10:28:00,N21,nominal,2.0NRT,293.78,3.18,D,VIIRS
51.73133,34.16582,332.88,0.39,0.36,2026-08-17,10:28:00,N21,nominal,2.0NRT,297.01,6.54,D,VIIRS
51.34105,30.29209,330.43,0.41,0.37,2026-08-17,10:28:00,N21,nominal,2.0NRT,297.77,5.23,D,VIIRS
51.34435,30.29057,334.27,0.41,0.37,2026-08-17,10:28:00,N21,nominal,2.0NRT,301.49,4.1,D,VIIRS
51.35094,30.28753,347.58,0.41,0.37,2026-08-17,10:28:00,N21,nominal,2.0NRT,304.59,6.4,D,VIIRS
51.35548,30.2731,350.47,0.41,0.37,2026-08-17,10:28:00,N21,nominal,2.0NRT,306.97,6.27,D,VIIRS
51.3954,30.25262,335.73,0.41,0.37,2026-08-17,10:28:00,N21,nominal,2.0NRT,305.4,5.74,D,VIIRS
51.39973,30.25681,335.48,0.41,0.37,2026-08-17,10:28:00,N21,low,2.0NRT,305.87,3.49,D,VIIRS
51.39869,30.2511,337.99,0.41,0.37,2026-08-17,10:28:00,N21,nominal,2.0NRT,306.12,8.62,D,VIIRS
51.78134,25.12425,328.29,0.56,0.43,2026-08-17,10:30:00,N21,nominal,2.0NRT,293.41,5.42,D,VIIRS
51.78156,25.12458,330.92,0.56,0.43,2026-08-17,10:30:00,N21,nominal,2.0NRT,294.44,6.39,D,VIIRS
48.0642,28.9052,346.68,0.72,0.76,2026-08-17,12:08:00,N21,nominal,2.0NRT,299.88,21.49,D,VIIRS
48.06438,28.89575,367,0.72,0.76,2026-08-17,12:08:00,N21,high,2.0NRT,299.71,21.49,D,VIIRS
48.06586,28.903,367,0.72,0.76,2026-08-17,12:08:00,N21,high,2.0NRT,302.19,31.15,D,VIIRS
47.88295,29.70921,330.13,0.79,0.78,2026-08-17,12:08:00,N21,nominal,2.0NRT,298.31,11.45,D,VIIRS
47.88116,29.70009,335.24,0.79,0.78,2026-08-17,12:08:00,N21,nominal,2.0NRT,300.3,14.58,D,VIIRS
46.378,29.05989,354.99,0.73,0.76,2026-08-17,12:08:00,N21,nominal,2.0NRT,303.82,19.89,D,VIIRS
46.37088,29.06883,331.58,0.73,0.76,2026-08-17,12:08:00,N21,nominal,2.0NRT,306.06,37.44,D,VIIRS
46.371,29.06022,367,0.73,0.76,2026-08-17,12:08:00,N21,high,2.0NRT,308.34,37.44,D,VIIRS
46.36399,29.0604,367,0.73,0.76,2026-08-17,12:08:00,N21,high,2.0NRT,310.66,37.44,D,VIIRS
46.26228,28.9356,331.2,0.72,0.76,2026-08-17,12:08:00,N21,low,2.0NRT,303.55,5.91,D,VIIRS
45.67594,28.99443,331.56,0.72,0.76,2026-08-17,12:08:00,N21,low,2.0NRT,305.13,5.72,D,VIIRS
45.64975,29.53206,367,0.77,0.77,2026-08-17,12:08:00,N21,high,2.0NRT,297.36,25.67,D,VIIRS
45.41583,29.48894,351.28,0.76,0.77,2026-08-17,12:08:00,N21,nominal,2.0NRT,292.52,68.63,D,VIIRS
45.4004,29.05838,367,0.73,0.76,2026-08-17,12:08:00,N21,high,2.0NRT,302.33,24.73,D,VIIRS
45.4021,29.05661,353.98,0.73,0.76,2026-08-17,12:08:00,N21,nominal,2.0NRT,302.24,29.28,D,VIIRS
45.39505,29.06584,331.13,0.73,0.76,2026-08-17,12:08:00,N21,nominal,2.0NRT,299.36,11.89,D,VIIRS
50.61913,35.25897,295.63,0.47,0.64,2026-08-17,22:40:00,N21,nominal,2.0NRT,284.22,1.08,N,VIIRS
48.2207,35.7702,299.96,0.43,0.62,2026-08-17,22:42:00,N21,nominal,2.0NRT,285.92,1.48,N,VIIRS
50.23058,33.40341,296.87,0.57,0.69,2026-08-17,22:42:00,N21,nominal,2.0NRT,283.52,1.56,N,VIIRS
49.90895,37.83083,295.33,0.36,0.57,2026-08-17,22:42:00,N21,nominal,2.0NRT,283.62,0.26,N,VIIRS
49.84767,38.06285,300.17,0.35,0.57,2026-08-17,22:42:00,N21,nominal,2.0NRT,286.03,0.59,N,VIIRS
49.49814,39.04289,308.79,0.62,0.54,2026-08-17,22:42:00,N21,nominal,2.0NRT,283.25,2.52,N,VIIRS
49.49771,39.05151,299.22,0.62,0.54,2026-08-17,22:42:00,N21,nominal,2.0NRT,283,1.63,N,VIIRS
49.49586,34.84307,297.84,0.49,0.65,2026-08-17,22:42:00,N21,nominal,2.0NRT,283.83,1,N,VIIRS
49.48986,34.84287,308.59,0.49,0.65,2026-08-17,22:42:00,N21,nominal,2.0NRT,283.18,1,N,VIIRS
49.32809,37.16946,300.83,0.38,0.59,2026-08-17,22:42:00,N21,nominal,2.0NRT,286,0.54,N,VIIRS
49.32267,37.16925,297.6,0.38,0.59,2026-08-17,22:42:00,N21,nominal,2.0NRT,286.03,0.54,N,VIIRS
49.28629,36.13348,297.75,0.42,0.61,2026-08-17,22:42:00,N21,nominal,2.0NRT,285.23,1.05,N,VIIRS
49.2126,36.37297,337.67,0.41,0.61,2026-08-17,22:42:00,N21,nominal,2.0NRT,289.76,3.13,N,VIIRS
49.21247,36.3786,303.19,0.41,0.61,2026-08-17,22:42:00,N21,nominal,2.0NRT,286.58,3.13,N,VIIRS
49.20713,36.36687,314.1,0.41,0.61,2026-08-17,22:42:00,N21,nominal,2.0NRT,286.12,4.29,N,VIIRS
49.20699,36.37254,309.89,0.41,0.61,2026-08-17,22:42:00,N21,nominal,2.0NRT,286.41,3.13,N,VIIRS
49.21468,36.37525,335.94,0.41,0.61,2026-08-17,22:42:00,N21,nominal,2.0NRT,289.74,4.89,N,VIIRS
49.20924,36.36926,315.17,0.41,0.61,2026-08-17,22:42:00,N21,nominal,2.0NRT,287.29,2.15,N,VIIRS
49.20907,36.37491,319.42,0.41,0.61,2026-08-17,22:42:00,N21,nominal,2.0NRT,287.27,3.11,N,VIIRS
49.20363,36.36884,304.57,0.41,0.61,2026-08-17,22:42:00,N21,nominal,2.0NRT,285.46,2.15,N,VIIRS
49.18277,36.31023,319.25,0.41,0.61,2026-08-17,22:42:00,N21,nominal,2.0NRT,286.13,2.93,N,VIIRS
49.13107,37.56664,299.72,0.36,0.58,2026-08-17,22:42:00,N21,nominal,2.0NRT,289.14,0.65,N,VIIRS
49.10947,37.57454,301.51,0.36,0.58,2026-08-17,22:42:00,N21,nominal,2.0NRT,287.44,0.84,N,VIIRS
49.01722,37.91689,310.38,0.35,0.57,2026-08-17,22:42:00,N21,nominal,2.0NRT,285.83,1.42,N,VIIRS
48.95504,38.73993,321.54,0.32,0.54,2026-08-17,22:42:00,N21,nominal,2.0NRT,290.74,2.87,N,VIIRS
48.95483,38.74429,346.85,0.32,0.54,2026-08-17,22:42:00,N21,nominal,2.0NRT,290.8,5.92,N,VIIRS
48.95525,38.73554,307.45,0.32,0.54,2026-08-17,22:42:00,N21,nominal,2.0NRT,287.76,2.87,N,VIIRS
48.95045,38.7303,353.96,0.32,0.54,2026-08-17,22:42:00,N21,nominal,2.0NRT,292.11,4.3,N,VIIRS
48.95065,38.72585,315.57,0.32,0.54,2026-08-17,22:42:00,N21,nominal,2.0NRT,289.26,4.3,N,VIIRS
48.95024,38.73471,307.52,0.32,0.54,2026-08-17,22:42:00,N21,nominal,2.0NRT,288.4,3.18,N,VIIRS
48.98553,37.50278,312.47,0.36,0.58,2026-08-17,22:42:00,N21,nominal,2.0NRT,287.53,1.46,N,VIIRS
48.98021,37.50214,305.2,0.36,0.58,2026-08-17,22:42:00,N21,nominal,2.0NRT,287.36,1.11,N,VIIRS
48.90077,38.72761,301.35,0.32,0.54,2026-08-17,22:42:00,N21,nominal,2.0NRT,286.32,0.97,N,VIIRS
48.89596,38.72269,305.31,0.32,0.54,2026-08-17,22:42:00,N21,nominal,2.0NRT,286.05,1.18,N,VIIRS
48.89575,38.7271,311.07,0.32,0.54,2026-08-17,22:42:00,N21,nominal,2.0NRT,286.72,1.18,N,VIIRS
48.89552,38.73149,310.34,0.32,0.54,2026-08-17,22:42:00,N21,nominal,2.0NRT,286.52,1.62,N,VIIRS
48.90131,38.28674,298.49,0.33,0.56,2026-08-17,22:42:00,N21,nominal,2.0NRT,285.58,0.54,N,VIIRS
48.88119,38.27576,301.97,0.33,0.56,2026-08-17,22:42:00,N21,nominal,2.0NRT,287.14,0.52,N,VIIRS
48.91245,36.03278,302.08,0.43,0.62,2026-08-17,22:42:00,N21,nominal,2.0NRT,285.37,0.75,N,VIIRS
48.91232,36.03857,295.84,0.43,0.62,2026-08-17,22:42:00,N21,nominal,2.0NRT,284.88,0.75,N,VIIRS
48.86051,37.76143,304.97,0.35,0.57,2026-08-17,22:42:00,N21,nominal,2.0NRT,287.11,0.62,N,VIIRS
48.82396,38.28968,299.06,0.33,0.56,2026-08-17,22:42:00,N21,nominal,2.0NRT,286.91,0.87,N,VIIRS
48.81902,38.28461,297.76,0.33,0.56,2026-08-17,22:42:00,N21,nominal,2.0NRT,286.15,0.87,N,VIIRS
48.9101,36.03492,314.5,0.43,0.62,2026-08-17,22:42:00,N21,nominal,2.0NRT,285.81,1.48,N,VIIRS
48.82163,38.28506,302.92,0.33,0.56,2026-08-17,22:42:00,N21,nominal,2.0NRT,286.13,0.73,N,VIIRS
48.82141,38.28968,304.1,0.33,0.56,2026-08-17,22:42:00,N21,nominal,2.0NRT,286.99,0.73,N,VIIRS
48.8165,38.28459,298.66,0.33,0.56,2026-08-17,22:42:00,N21,nominal,2.0NRT,286.41,0.73,N,VIIRS
48.81138,38.28403,301.06,0.33,0.56,2026-08-17,22:42:00,N21,nominal,2.0NRT,285.68,0.49,N,VIIRS
48.81116,38.28872,301.25,0.33,0.56,2026-08-17,22:42:00,N21,nominal,2.0NRT,286.55,0.49,N,VIIRS
48.79652,37.78318,298.89,0.35,0.57,2026-08-17,22:42:00,N21,nominal,2.0NRT,288.08,0.6,N,VIIRS
48.80597,35.85207,298.37,0.43,0.62,2026-08-17,22:42:00,N21,nominal,2.0NRT,283.3,0.8,N,VIIRS
48.80584,35.85809,295.92,0.43,0.62,2026-08-17,22:42:00,N21,nominal,2.0NRT,283.98,0.8,N,VIIRS
48.80012,35.85785,298.31,0.43,0.62,2026-08-17,22:42:00,N21,nominal,2.0NRT,284.71,0.8,N,VIIRS
48.79352,35.89977,326.32,0.43,0.62,2026-08-17,22:42:00,N21,nominal,2.0NRT,286.64,3.43,N,VIIRS
48.80463,35.85738,312.44,0.43,0.62,2026-08-17,22:42:00,N21,nominal,2.0NRT,284.64,1.7,N,VIIRS
48.7921,35.89903,325.35,0.43,0.62,2026-08-17,22:42:00,N21,nominal,2.0NRT,286.33,3.07,N,VIIRS
48.73549,37.60881,315.46,0.36,0.57,2026-08-17,22:42:00,N21,nominal,2.0NRT,289.26,1.96,N,VIIRS
48.758540000000004,35.86706,303.37,0.43,0.62,2026-08-17,22:42:00,N21,nominal,2.0NRT,285.15,1.21,N,VIIRS
48.59409,38.08821,300.75,0.34,0.56,2026-08-17,22:42:00,N21,nominal,2.0NRT,287.1,0.75,N,VIIRS
48.63772,35.8246,297.75,0.43,0.62,2026-08-17,22:42:00,N21,nominal,2.0NRT,286.86,0.63,N,VIIRS
48.49991,38.35759,299.21,0.33,0.55,2026-08-17,22:42:00,N21,nominal,2.0NRT,284.24,0.6,N,VIIRS
48.49702,38.35479,309,0.33,0.55,2026-08-17,22:42:00,N21,nominal,2.0NRT,285.51,0.78,N,VIIRS
48.54036,37.07656,320.68,0.38,0.59,2026-08-17,22:42:00,N21,nominal,2.0NRT,286.25,1.68,N,VIIRS
48.54054,37.07142,295.9,0.38,0.59,2026-08-17,22:42:00,N21,nominal,2.0NRT,285.82,1.68,N,VIIRS
48.467,38.75632,300.41,0.63,0.54,2026-08-17,22:42:00,N21,nominal,2.0NRT,290.34,1.58,N,VIIRS
48.462,38.75584,302.91,0.63,0.54,2026-08-17,22:42:00,N21,nominal,2.0NRT,290.28,1.59,N,VIIRS
48.53009,37.06048,298.06,0.38,0.59,2026-08-17,22:42:00,N21,nominal,2.0NRT,287.86,1.34,N,VIIRS
48.48735,37.0406,299.14,0.38,0.59,2026-08-17,22:42:00,N21,nominal,2.0NRT,285.24,0.94,N,VIIRS
48.48054,37.08163,325.89,0.38,0.59,2026-08-17,22:42:00,N21,nominal,2.0NRT,285.89,2.28,N,VIIRS
48.48295,36.65892,295.16,0.4,0.6,2026-08-17,22:42:00,N21,nominal,2.0NRT,285,0.31,N,VIIRS
48.46362,37.10162,300.03,0.38,0.59,2026-08-17,22:42:00,N21,nominal,2.0NRT,286.83,1.1,N,VIIRS
48.45348,37.08034,304.86,0.38,0.59,2026-08-17,22:42:00,N21,nominal,2.0NRT,288.37,0.97,N,VIIRS
48.45625,37.09774,299.99,0.38,0.58,2026-08-17,22:42:00,N21,nominal,2.0NRT,287.62,1.07,N,VIIRS
48.45143,37.08194,300.89,0.38,0.59,2026-08-17,22:42:00,N21,nominal,2.0NRT,287.86,1.19,N,VIIRS
48.47489,34.63037,301.06,0.49,0.65,2026-08-17,22:42:00,N21,nominal,2.0NRT,289.63,1.53,N,VIIRS
48.39478,34.77322,295.92,0.48,0.65,2026-08-17,22:42:00,N21,nominal,2.0NRT,284.79,1.27,N,VIIRS
48.38878,34.7734,313.9,0.48,0.65,2026-08-17,22:42:00,N21,nominal,2.0NRT,287.26,1.27,N,VIIRS
48.39249,34.77282,308.14,0.48,0.65,2026-08-17,22:42:00,N21,nominal,2.0NRT,285.77,1.63,N,VIIRS
48.3865,34.77292,297.83,0.48,0.65,2026-08-17,22:42:00,N21,nominal,2.0NRT,286.77,1.54,N,VIIRS
48.31043,37.02803,304.33,0.38,0.59,2026-08-17,22:42:00,N21,nominal,2.0NRT,285.57,0.67,N,VIIRS
48.32182,35.91518,308.01,0.43,0.62,2026-08-17,22:42:00,N21,nominal,2.0NRT,285.07,1.6,N,VIIRS
48.32168,35.92103,302.78,0.43,0.62,2026-08-17,22:42:00,N21,nominal,2.0NRT,286.2,1.6,N,VIIRS
48.23043,38.1143,297.41,0.34,0.56,2026-08-17,22:42:00,N21,nominal,2.0NRT,285.95,0.52,N,VIIRS
48.22529,38.11377,295.84,0.34,0.56,2026-08-17,22:42:00,N21,nominal,2.0NRT,284.64,0.52,N,VIIRS
48.30488,35.36971,300.14,0.45,0.63,2026-08-17,22:42:00,N21,nominal,2.0NRT,285.72,0.47,N,VIIRS
48.26876,36.43309,295.6,0.4,0.6,2026-08-17,22:42:00,N21,nominal,2.0NRT,284.86,0.5,N,VIIRS
48.30549,35.36992,299.74,0.45,0.63,2026-08-17,22:42:00,N21,nominal,2.0NRT,285.61,0.41,N,VIIRS
46.80233,36.40576,295.71,0.4,0.6,2026-08-17,22:42:00,N21,nominal,2.0NRT,283.42,0.55,N,VIIRS
46.79727,35.90459,367,0.42,0.61,2026-08-17,22:42:00,N21,high,2.0NRT,294.55,14.74,N,VIIRS
46.82942,34.69244,297.4,0.48,0.65,2026-08-17,22:42:00,N21,nominal,2.0NRT,285,0.98,N,VIIRS
46.79709,35.9101,316.85,0.42,0.61,2026-08-17,22:42:00,N21,nominal,2.0NRT,284.48,14.74,N,VIIRS
46.79163,35.90421,299.52,0.42,0.61,2026-08-17,22:42:00,N21,nominal,2.0NRT,283.53,1.23,N,VIIRS
46.81878,34.62844,299.52,0.48,0.65,2026-08-17,22:42:00,N21,nominal,2.0NRT,285.91,0.85,N,VIIRS
46.76865,35.28996,305.6,0.45,0.63,2026-08-17,22:42:00,N21,nominal,2.0NRT,286.15,1.36,N,VIIRS
48.24478,36.84019,295.7,0.39,0.59,2026-08-17,22:42:00,N21,nominal,2.0NRT,285.48,0.43,N,VIIRS
48.28138,33.88733,297.06,0.53,0.67,2026-08-17,22:42:00,N21,nominal,2.0NRT,286.19,1.59,N,VIIRS
48.22698,36.37451,315.43,0.41,0.6,2026-08-17,22:42:00,N21,nominal,2.0NRT,285.61,2.74,N,VIIRS
48.231,36.03751,303.16,0.42,0.61,2026-08-17,22:42:00,N21,nominal,2.0NRT,286.08,1,N,VIIRS
48.21566,36.3796,302,0.41,0.6,2026-08-17,22:42:00,N21,nominal,2.0NRT,284.63,1.18,N,VIIRS
48.22643,35.77054,304.14,0.43,0.62,2026-08-17,22:42:00,N21,nominal,2.0NRT,287.26,1.48,N,VIIRS
48.18605,35.78074,306.31,0.43,0.62,2026-08-17,22:42:00,N21,nominal,2.0NRT,287.64,1.44,N,VIIRS
48.18031,35.78052,297.89,0.43,0.62,2026-08-17,22:42:00,N21,nominal,2.0NRT,287.01,1.01,N,VIIRS
48.18486,35.77716,297.69,0.43,0.62,2026-08-17,22:42:00,N21,nominal,2.0NRT,287.03,1.1,N,VIIRS
48.1847,35.78312,299.89,0.43,0.62,2026-08-17,22:42:00,N21,nominal,2.0NRT,287.3,1.36,N,VIIRS
48.13744,36.24438,303,0.41,0.61,2026-08-17,22:42:00,N21,nominal,2.0NRT,286.79,0.85,N,VIIRS
48.08654,37.65505,302.87,0.35,0.57,2026-08-17,22:42:00,N21,nominal,2.0NRT,283.94,0.78,N,VIIRS
48.05793,37.95398,311.65,0.34,0.56,2026-08-17,22:42:00,N21,nominal,2.0NRT,291.35,1.13,N,VIIRS
48.0817,36.6111,311.17,0.4,0.6,2026-08-17,22:42:00,N21,nominal,2.0NRT,284.37,1.79,N,VIIRS
46.76255,35.30164,306.77,0.45,0.63,2026-08-17,22:42:00,N21,nominal,2.0NRT,286.09,1.25,N,VIIRS
46.76241,35.30763,301.83,0.45,0.63,2026-08-17,22:42:00,N21,nominal,2.0NRT,285.88,0.96,N,VIIRS
46.77399,34.44616,307.22,0.49,0.65,2026-08-17,22:42:00,N21,nominal,2.0NRT,286.37,1.38,N,VIIRS
46.54833,35.50245,304.71,0.44,0.62,2026-08-17,22:42:00,N21,nominal,2.0NRT,284.21,1.38,N,VIIRS
46.54818,35.50823,305.51,0.44,0.62,2026-08-17,22:42:00,N21,nominal,2.0NRT,283.92,1.38,N,VIIRS
46.417230000000004,35.41307,297.52,0.44,0.62,2026-08-17,22:42:00,N21,nominal,2.0NRT,287.28,1.75,N,VIIRS
46.41653,35.41302,311.49,0.44,0.62,2026-08-17,22:42:00,N21,nominal,2.0NRT,287.76,1.58,N,VIIRS
46.33472,33.05952,318.03,0.57,0.69,2026-08-17,22:42:00,N21,nominal,2.0NRT,285.25,2.78,N,VIIRS
46.32829,33.06692,296.72,0.57,0.69,2026-08-17,22:42:00,N21,nominal,2.0NRT,284.29,1.98,N,VIIRS
46.31407,34.06611,297.13,0.51,0.66,2026-08-17,22:42:00,N21,nominal,2.0NRT,285.88,1.23,N,VIIRS
46.33351,33.05696,308.34,0.57,0.69,2026-08-17,22:42:00,N21,nominal,2.0NRT,284.7,2.15,N,VIIRS
46.32704,33.0644,310.09,0.57,0.69,2026-08-17,22:42:00,N21,nominal,2.0NRT,285.04,1.99,N,VIIRS
46.31415,34.06963,301.54,0.51,0.66,2026-08-17,22:42:00,N21,nominal,2.0NRT,285.94,0.61,N,VIIRS
46.30121,34.43664,298.27,0.49,0.65,2026-08-17,22:42:00,N21,nominal,2.0NRT,284.67,0.76,N,VIIRS
46.27306,33.9475,297.54,0.52,0.67,2026-08-17,22:42:00,N21,nominal,2.0NRT,284.38,0.28,N,VIIRS
46.23937,34.52398,300.05,0.49,0.65,2026-08-17,22:42:00,N21,nominal,2.0NRT,284.3,0.48,N,VIIRS
46.24512,32.50748,299.87,0.61,0.71,2026-08-17,22:42:00,N21,nominal,2.0NRT,285.72,1.29,N,VIIRS
46.21117,33.97242,311.91,0.52,0.67,2026-08-17,22:42:00,N21,nominal,2.0NRT,287.69,2.12,N,VIIRS
46.23695,34.52343,301.98,0.49,0.65,2026-08-17,22:42:00,N21,nominal,2.0NRT,284.66,0.61,N,VIIRS
46.24623,32.50869,299.29,0.61,0.71,2026-08-17,22:42:00,N21,nominal,2.0NRT,285.51,0.98,N,VIIRS
46.21147,33.97255,311.42,0.52,0.67,2026-08-17,22:42:00,N21,nominal,2.0NRT,287.54,3.57,N,VIIRS
47.26318,34.09431,299.25,0.52,0.66,2026-08-17,22:42:00,N21,nominal,2.0NRT,286.07,0.66,N,VIIRS
47.21324,34.87492,296.86,0.47,0.64,2026-08-17,22:42:00,N21,nominal,2.0NRT,285.17,1.12,N,VIIRS
47.20756,34.86214,300.2,0.47,0.64,2026-08-17,22:42:00,N21,nominal,2.0NRT,286.69,1.69,N,VIIRS
47.20743,34.86843,303.33,0.47,0.64,2026-08-17,22:42:00,N21,nominal,2.0NRT,285.29,1.12,N,VIIRS
47.20331,35.06746,302.85,0.46,0.64,2026-08-17,22:42:00,N21,nominal,2.0NRT,285.43,0.96,N,VIIRS
47.16854,35.98429,297.32,0.42,0.61,2026-08-17,22:42:00,N21,nominal,2.0NRT,283.36,0.56,N,VIIRS
47.18272,34.57956,299.36,0.49,0.65,2026-08-17,22:42:00,N21,nominal,2.0NRT,285.28,0.78,N,VIIRS
47.16384,34.1874,297.6,0.51,0.66,2026-08-17,22:42:00,N21,nominal,2.0NRT,286.73,0.99,N,VIIRS
47.13554,35.22309,305.28,0.45,0.63,2026-08-17,22:42:00,N21,nominal,2.0NRT,284.98,1.25,N,VIIRS
47.16389,34.18859,298.96,0.51,0.66,2026-08-17,22:42:00,N21,nominal,2.0NRT,286.63,0.85,N,VIIRS
47.13644,35.2234,304.95,0.45,0.63,2026-08-17,22:42:00,N21,nominal,2.0NRT,284.7,1.18,N,VIIRS
47.08024,36.00687,295.56,0.42,0.61,2026-08-17,22:42:00,N21,nominal,2.0NRT,283.86,0.45,N,VIIRS
47.04837,35.93785,297.38,0.42,0.61,2026-08-17,22:42:00,N21,nominal,2.0NRT,283.41,0.87,N,VIIRS
47.07936,33.3577,307.53,0.56,0.69,2026-08-17,22:42:00,N21,nominal,2.0NRT,286.02,1.79,N,VIIRS
47.08304,33.35815,296.07,0.56,0.69,2026-08-17,22:42:00,N21,nominal,2.0NRT,285.15,0.87,N,VIIRS
47.0767,33.35807,295.76,0.56,0.69,2026-08-17,22:42:00,N21,nominal,2.0NRT,285.71,0.81,N,VIIRS
46.98798,35.96101,323.32,0.42,0.61,2026-08-17,22:42:00,N21,nominal,2.0NRT,284.55,4.72,N,VIIRS
46.98781,35.96643,324.33,0.42,0.61,2026-08-17,22:42:00,N21,nominal,2.0NRT,283.5,4.21,N,VIIRS
46.98437,35.89384,298.82,0.42,0.61,2026-08-17,22:42:00,N21,nominal,2.0NRT,283.56,0.76,N,VIIRS
47.01868,33.48232,315.07,0.55,0.68,2026-08-17,22:42:00,N21,nominal,2.0NRT,287.15,2.8,N,VIIRS
46.96938,36.01536,303.87,0.42,0.61,2026-08-17,22:42:00,N21,nominal,2.0NRT,284.92,1.31,N,VIIRS
47.01337,33.35004,301.15,0.56,0.69,2026-08-17,22:42:00,N21,nominal,2.0NRT,285.19,1.26,N,VIIRS
46.96376,36.01509,296.45,0.42,0.61,2026-08-17,22:42:00,N21,nominal,2.0NRT,285.85,0.73,N,VIIRS
46.96352,35.83067,307.5,0.42,0.61,2026-08-17,22:42:00,N21,nominal,2.0NRT,285.23,1.45,N,VIIRS
46.957,33.15473,301.87,0.57,0.69,2026-08-17,22:42:00,N21,nominal,2.0NRT,284.82,2.4,N,VIIRS
46.95562,33.16023,303.37,0.57,0.69,2026-08-17,22:42:00,N21,nominal,2.0NRT,285.72,1.64,N,VIIRS
46.8619,35.27748,309.34,0.45,0.63,2026-08-17,22:42:00,N21,nominal,2.0NRT,286.26,1.53,N,VIIRS
46.85978,35.36637,299.88,0.45,0.63,2026-08-17,22:42:00,N21,nominal,2.0NRT,288.69,0.81,N,VIIRS
46.85965,35.37221,300.55,0.45,0.63,2026-08-17,22:42:00,N21,nominal,2.0NRT,289.13,0.81,N,VIIRS
46.83376,36.28834,295.39,0.4,0.6,2026-08-17,22:42:00,N21,nominal,2.0NRT,285.34,0.77,N,VIIRS
46.82821,36.28792,296.51,0.4,0.6,2026-08-17,22:42:00,N21,nominal,2.0NRT,284.41,0.69,N,VIIRS
46.82267,36.28756,303.27,0.4,0.6,2026-08-17,22:42:00,N21,nominal,2.0NRT,285.65,0.69,N,VIIRS
46.83224,34.69263,298.73,0.48,0.65,2026-08-17,22:42:00,N21,nominal,2.0NRT,285.57,0.49,N,VIIRS
46.80021,35.90574,338.31,0.42,0.61,2026-08-17,22:42:00,N21,nominal,2.0NRT,286.04,5.4,N,VIIRS
46.80286,35.80556,295.85,0.42,0.61,2026-08-17,22:42:00,N21,nominal,2.0NRT,284.73,0.51,N,VIIRS
45.28068,34.29596,302.01,0.49,0.65,2026-08-17,22:42:00,N21,nominal,2.0NRT,283.35,2.54,N,VIIRS
45.28057,34.30223,318.57,0.49,0.65,2026-08-17,22:42:00,N21,nominal,2.0NRT,283.77,2.54,N,VIIRS
45.27896,34.30236,320.29,0.49,0.65,2026-08-17,22:42:00,N21,nominal,2.0NRT,284.71,3.27,N,VIIRS
45.27911,34.29609,298.83,0.49,0.65,2026-08-17,22:42:00,N21,nominal,2.0NRT,284.15,2.98,N,VIIRS
44.91844,34.26163,319.78,0.49,0.65,2026-08-17,22:42:00,N21,nominal,2.0NRT,286.19,2.83,N,VIIRS
48.0033,37.37834,295.83,0.36,0.58,2026-08-17,22:42:00,N21,nominal,2.0NRT,282.13,0.34,N,VIIRS
48.00431,35.83067,301.07,0.43,0.62,2026-08-17,22:42:00,N21,nominal,2.0NRT,284.54,1.45,N,VIIRS
48.00417,35.83629,309.52,0.43,0.62,2026-08-17,22:42:00,N21,nominal,2.0NRT,284.59,1.74,N,VIIRS
47.95541,36.19149,295.89,0.41,0.61,2026-08-17,22:42:00,N21,nominal,2.0NRT,284.57,0.31,N,VIIRS
47.83302,38.47185,304.32,0.32,0.55,2026-08-17,22:42:00,N21,nominal,2.0NRT,288.96,1.11,N,VIIRS
47.8809,37.13936,309.25,0.37,0.58,2026-08-17,22:42:00,N21,nominal,2.0NRT,284.1,1.31,N,VIIRS
47.87164,37.09855,305.96,0.37,0.58,2026-08-17,22:42:00,N21,nominal,2.0NRT,285.23,0.79,N,VIIRS
47.81629,37.82941,303,0.34,0.56,2026-08-17,22:42:00,N21,nominal,2.0NRT,283.75,0.71,N,VIIRS
47.87564,35.8863,295.05,0.43,0.62,2026-08-17,22:42:00,N21,nominal,2.0NRT,283.61,0.35,N,VIIRS
47.81109,37.82911,314.82,0.34,0.56,2026-08-17,22:42:00,N21,nominal,2.0NRT,284.85,0.97,N,VIIRS
47.8109,37.83372,299.4,0.34,0.56,2026-08-17,22:42:00,N21,nominal,2.0NRT,284.75,0.97,N,VIIRS
47.86407,35.02211,303.83,0.47,0.64,2026-08-17,22:42:00,N21,nominal,2.0NRT,288.26,2.18,N,VIIRS
47.87336,35.8882,301.46,0.43,0.62,2026-08-17,22:42:00,N21,nominal,2.0NRT,284.17,0.52,N,VIIRS
47.90589,31.49595,297.74,0.69,0.74,2026-08-17,22:42:00,N21,nominal,2.0NRT,284.93,1.33,N,VIIRS
47.86606,35.02551,311.14,0.47,0.64,2026-08-17,22:42:00,N21,nominal,2.0NRT,288.19,1.82,N,VIIRS
47.79731,37.27304,297.08,0.37,0.58,2026-08-17,22:42:00,N21,nominal,2.0NRT,286.52,1.29,N,VIIRS
47.797110000000004,37.27799,314.52,0.37,0.58,2026-08-17,22:42:00,N21,nominal,2.0NRT,286.25,1.29,N,VIIRS
47.79197,37.27274,319.91,0.37,0.58,2026-08-17,22:42:00,N21,nominal,2.0NRT,284.74,1.84,N,VIIRS
47.79177,37.27765,308.39,0.37,0.58,2026-08-17,22:42:00,N21,nominal,2.0NRT,285.36,1.84,N,VIIRS
47.78702,37.2627,334.57,0.37,0.58,2026-08-17,22:42:00,N21,nominal,2.0NRT,288.9,3.9,N,VIIRS
47.78683,37.26756,325,0.37,0.58,2026-08-17,22:42:00,N21,nominal,2.0NRT,288.46,3.9,N,VIIRS
47.78722,37.2578,302.68,0.37,0.58,2026-08-17,22:42:00,N21,nominal,2.0NRT,286.23,2.7,N,VIIRS
47.78663,37.27245,300.65,0.37,0.58,2026-08-17,22:42:00,N21,nominal,2.0NRT,286.49,1.84,N,VIIRS
47.8691,33.43783,300.22,0.56,0.69,2026-08-17,22:42:00,N21,nominal,2.0NRT,289.28,1.63,N,VIIRS
47.62359,38.43798,346.94,0.32,0.55,2026-08-17,22:42:00,N21,nominal,2.0NRT,285.06,3.14,N,VIIRS
47.62337,38.44234,299.99,0.32,0.55,2026-08-17,22:42:00,N21,nominal,2.0NRT,283.06,3.14,N,VIIRS
47.62877,38.22956,313.87,0.33,0.55,2026-08-17,22:42:00,N21,nominal,2.0NRT,285.36,1.29,N,VIIRS
47.62474,38.31251,295.85,0.33,0.55,2026-08-17,22:42:00,N21,nominal,2.0NRT,285.48,0.52,N,VIIRS
47.6241,38.22,302.83,0.33,0.55,2026-08-17,22:42:00,N21,nominal,2.0NRT,284.24,0.97,N,VIIRS
47.6239,38.22444,312.49,0.33,0.55,2026-08-17,22:42:00,N21,nominal,2.0NRT,284.46,0.97,N,VIIRS
47.71759,35.16257,297.87,0.46,0.64,2026-08-17,22:42:00,N21,nominal,2.0NRT,286.36,1.08,N,VIIRS
47.71746,35.16877,308.57,0.46,0.64,2026-08-17,22:42:00,N21,nominal,2.0NRT,285.57,1.08,N,VIIRS
47.70584,35.16208,303.83,0.46,0.64,2026-08-17,22:42:00,N21,nominal,2.0NRT,286.56,1.62,N,VIIRS
47.70572,35.16821,311.45,0.46,0.64,2026-08-17,22:42:00,N21,nominal,2.0NRT,285.59,1.62,N,VIIRS
47.65831,36.72832,348.6,0.39,0.59,2026-08-17,22:42:00,N21,nominal,2.0NRT,287.87,4.14,N,VIIRS
47.59476,38.30031,336.94,0.33,0.55,2026-08-17,22:42:00,N21,nominal,2.0NRT,285.14,3.46,N,VIIRS
47.69785,35.26749,295.7,0.46,0.63,2026-08-17,22:42:00,N21,nominal,2.0NRT,284.21,0.48,N,VIIRS
47.65849,36.72309,299.93,0.39,0.59,2026-08-17,22:42:00,N21,nominal,2.0NRT,284.56,3.06,N,VIIRS
47.65813,36.73355,303.57,0.39,0.59,2026-08-17,22:42:00,N21,nominal,2.0NRT,284.75,4.14,N,VIIRS
47.64581,37.08505,295.09,0.37,0.58,2026-08-17,22:42:00,N21,nominal,2.0NRT,283.5,0.69,N,VIIRS
47.64477,36.96354,330.84,0.38,0.59,2026-08-17,22:42:00,N21,nominal,2.0NRT,285.14,4.42,N,VIIRS
47.64495,36.95842,301.24,0.38,0.59,2026-08-17,22:42:00,N21,nominal,2.0NRT,283.47,1.63,N,VIIRS
47.64044,37.08449,317.76,0.37,0.58,2026-08-17,22:42:00,N21,nominal,2.0NRT,282.65,1.71,N,VIIRS
47.57995,38.28998,296.5,0.33,0.55,2026-08-17,22:42:00,N21,nominal,2.0NRT,283.6,0.57,N,VIIRS
47.67523,34.89275,304.98,0.47,0.64,2026-08-17,22:42:00,N21,nominal,2.0NRT,285.61,2.62,N,VIIRS
47.66928,34.89244,321.74,0.47,0.64,2026-08-17,22:42:00,N21,nominal,2.0NRT,286.26,2.62,N,VIIRS
47.58636,37.53108,301.46,0.35,0.57,2026-08-17,22:42:00,N21,nominal,2.0NRT,287,1.51,N,VIIRS
47.67191,34.89359,327.84,0.47,0.64,2026-08-17,22:42:00,N21,nominal,2.0NRT,286.68,4.04,N,VIIRS
47.67204,34.88728,301.17,0.47,0.64,2026-08-17,22:42:00,N21,nominal,2.0NRT,286.23,2.93,N,VIIRS
47.5865,37.53468,303.37,0.35,0.57,2026-08-17,22:42:00,N21,nominal,2.0NRT,288.03,0.93,N,VIIRS
47.54305,35.20065,298.09,0.46,0.63,2026-08-17,22:42:00,N21,nominal,2.0NRT,284.89,1.36,N,VIIRS
47.42945,35.08735,315.44,0.46,0.64,2026-08-17,22:42:00,N21,nominal,2.0NRT,287.9,2.6,N,VIIRS
47.42357,35.08693,323.66,0.46,0.64,2026-08-17,22:42:00,N21,nominal,2.0NRT,286.54,2.6,N,VIIRS
47.40539,30.29667,304.37,0.78,0.78,2026-08-17,22:42:00,N21,nominal,2.0NRT,286.63,3.47,N,VIIRS
47.3982,30.29737,313.34,0.78,0.78,2026-08-17,22:42:00,N21,nominal,2.0NRT,286.61,3.47,N,VIIRS
47.40493,34.83461,313.64,0.48,0.64,2026-08-17,22:42:00,N21,nominal,2.0NRT,288.26,2.64,N,VIIRS
47.39898,34.83471,319.14,0.48,0.64,2026-08-17,22:42:00,N21,nominal,2.0NRT,287.63,3.47,N,VIIRS
47.39291,34.84112,302.92,0.48,0.64,2026-08-17,22:42:00,N21,nominal,2.0NRT,286.66,2.52,N,VIIRS
47.38827,35.08606,297.41,0.46,0.64,2026-08-17,22:42:00,N21,nominal,2.0NRT,286.72,0.82,N,VIIRS
47.40204,33.604730000000004,298.88,0.55,0.68,2026-08-17,22:42:00,N21,nominal,2.0NRT,286.1,2.3,N,VIIRS
47.38238,35.08585,303.99,0.46,0.64,2026-08-17,22:42:00,N21,nominal,2.0NRT,286.46,1.25,N,VIIRS
47.3765,35.08558,299.52,0.46,0.64,2026-08-17,22:42:00,N21,nominal,2.0NRT,286.5,1.25,N,VIIRS
47.37404,35.2082,297.5,0.46,0.63,2026-08-17,22:42:00,N21,nominal,2.0NRT,285.74,1.33,N,VIIRS
47.37392,35.21429,295.03,0.46,0.63,2026-08-17,22:42:00,N21,nominal,2.0NRT,284.23,0.93,N,VIIRS
47.36819,35.20794,304.46,0.46,0.63,2026-08-17,22:42:00,N21,nominal,2.0NRT,285.22,1.73,N,VIIRS
47.36605,35.3109,298.43,0.45,0.63,2026-08-17,22:42:00,N21,nominal,2.0NRT,284.84,0.54,N,VIIRS
47.38316,33.61169,301.98,0.54,0.68,2026-08-17,22:42:00,N21,nominal,2.0NRT,285.97,2.14,N,VIIRS
47.36023,35.31064,296.27,0.45,0.63,2026-08-17,22:42:00,N21,nominal,2.0NRT,285.16,0.54,N,VIIRS
47.37149,33.42044,298.94,0.56,0.69,2026-08-17,22:42:00,N21,nominal,2.0NRT,286.51,1.31,N,VIIRS
47.39865,33.60481,300.09,0.54,0.68,2026-08-17,22:42:00,N21,nominal,2.0NRT,285.77,1.32,N,VIIRS
47.37224,35.08442,301.03,0.46,0.64,2026-08-17,22:42:00,N21,nominal,2.0NRT,286.26,0.91,N,VIIRS
47.3692,35.207,309.74,0.46,0.63,2026-08-17,22:42:00,N21,nominal,2.0NRT,285.29,1.17,N,VIIRS
47.36905,35.2131,296.41,0.46,0.63,2026-08-17,22:42:00,N21,nominal,2.0NRT,284.96,1.17,N,VIIRS
47.36072,35.30969,298.92,0.45,0.63,2026-08-17,22:42:00,N21,nominal,2.0NRT,284.84,1.15,N,VIIRS
47.38618,33.59738,299.77,0.55,0.68,2026-08-17,22:42:00,N21,nominal,2.0NRT,285.45,1.97,N,VIIRS
47.37974,33.61188,299.98,0.54,0.68,2026-08-17,22:42:00,N21,nominal,2.0NRT,285.82,1.1,N,VIIRS
47.34842,33.60423,295.37,0.54,0.68,2026-08-17,22:42:00,N21,nominal,2.0NRT,285.07,0.67,N,VIIRS
47.29374,35.86695,296.06,0.42,0.61,2026-08-17,22:42:00,N21,nominal,2.0NRT,284.64,1.57,N,VIIRS
47.30307,35.28298,336.32,0.45,0.63,2026-08-17,22:42:00,N21,nominal,2.0NRT,287.36,2.83,N,VIIRS
47.30321,35.27694,305.79,0.45,0.63,2026-08-17,22:42:00,N21,nominal,2.0NRT,284.7,2.83,N,VIIRS
47.28807,35.86649,319.33,0.42,0.61,2026-08-17,22:42:00,N21,nominal,2.0NRT,285.03,1.57,N,VIIRS
47.28791,35.87216,303.43,0.42,0.61,2026-08-17,22:42:00,N21,nominal,2.0NRT,284.26,2.64,N,VIIRS
47.2664,36.55893,309.04,0.39,0.6,2026-08-17,22:42:00,N21,nominal,2.0NRT,287.03,1.38,N,VIIRS
47.21355,37.39157,336.55,0.36,0.57,2026-08-17,22:42:00,N21,nominal,2.0NRT,288.29,2.3,N,VIIRS
47.21336,37.39629,298.26,0.36,0.57,2026-08-17,22:42:00,N21,nominal,2.0NRT,286.59,2.3,N,VIIRS
47.24431,36.20893,297.62,0.41,0.6,2026-08-17,22:42:00,N21,nominal,2.0NRT,283.74,2.25,N,VIIRS
47.24415,36.21441,318.05,0.41,0.6,2026-08-17,22:42:00,N21,nominal,2.0NRT,284.24,2.65,N,VIIRS
47.23771,36.04799,295.49,0.42,0.61,2026-08-17,22:42:00,N21,nominal,2.0NRT,282.33,0.34,N,VIIRS
47.18115,37.407470000000004,298.37,0.36,0.57,2026-08-17,22:42:00,N21,nominal,2.0NRT,286.1,0.86,N,VIIRS
47.18097,37.41205,305.1,0.36,0.57,2026-08-17,22:42:00,N21,nominal,2.0NRT,286.65,0.86,N,VIIRS
47.18168,37.40788,299.72,0.36,0.57,2026-08-17,22:42:00,N21,nominal,2.0NRT,286.06,0.75,N,VIIRS
47.18148,37.41246,303.46,0.36,0.57,2026-08-17,22:42:00,N21,nominal,2.0NRT,286.51,0.75,N,VIIRS
