latitude,longitude,bright_ti4,scan,track,acq_date,acq_time,satellite,confidence,version,bright_ti5,frp,daynight,instrument
46.68119,33.89806,319.17,0.51,0.41,2026-08-24,00:09:00,N21,nominal,2.0NRT,286.9,2.48,N,VIIRS
46.67981,33.90452,315.35,0.51,0.41,2026-08-24,00:09:00,N21,nominal,2.0NRT,287.01,2.48,N,VIIRS
46.67617,33.90288,305.87,0.51,0.41,2026-08-24,00:09:00,N21,nominal,2.0NRT,286.94,1.55,N,VIIRS
46.66385,33.90442,301.45,0.51,0.41,2026-08-24,00:09:00,N21,nominal,2.0NRT,286.64,1.88,N,VIIRS
46.66247,33.91088,316.2,0.51,0.41,2026-08-24,00:09:00,N21,nominal,2.0NRT,287.8,1.88,N,VIIRS
46.65379,33.91407,320.87,0.51,0.41,2026-08-24,00:09:00,N21,nominal,2.0NRT,287.71,2.81,N,VIIRS
46.647,33.88975,315.23,0.51,0.41,2026-08-24,00:09:00,N21,nominal,2.0NRT,287.08,2.51,N,VIIRS
46.64058,33.90104,321.44,0.51,0.41,2026-08-24,00:09:00,N21,nominal,2.0NRT,287.13,3.57,N,VIIRS
46.64197,33.89458,316.37,0.51,0.41,2026-08-24,00:09:00,N21,nominal,2.0NRT,287.35,3.57,N,VIIRS
46.63919,33.90751,315.94,0.51,0.41,2026-08-24,00:09:00,N21,nominal,2.0NRT,288.15,2.63,N,VIIRS
46.64657,33.89012,316.92,0.51,0.41,2026-08-24,00:09:00,N21,nominal,2.0NRT,287.4,1.52,N,VIIRS
46.64522,33.8966,297.9,0.51,0.41,2026-08-24,00:09:00,N21,nominal,2.0NRT,285.99,1.52,N,VIIRS
46.64386,33.90308,302.42,0.51,0.41,2026-08-24,00:09:00,N21,nominal,2.0NRT,287.08,1.91,N,VIIRS
46.64021,33.90143,321.44,0.51,0.41,2026-08-24,00:09:00,N21,nominal,2.0NRT,287.08,1.91,N,VIIRS
46.64293,33.88848,299.03,0.51,0.41,2026-08-24,00:09:00,N21,nominal,2.0NRT,286.89,1.52,N,VIIRS
46.64157,33.89496,315.41,0.51,0.41,2026-08-24,00:09:00,N21,nominal,2.0NRT,287.41,1.52,N,VIIRS
46.63885,33.90791,306.66,0.51,0.41,2026-08-24,00:09:00,N21,nominal,2.0NRT,287.69,1.91,N,VIIRS
46.63792,33.89331,319.08,0.51,0.41,2026-08-24,00:09:00,N21,nominal,2.0NRT,288,2.92,N,VIIRS
46.35976,34.95227,302.37,0.57,0.43,2026-08-24,00:09:00,N21,nominal,2.0NRT,288.71,1.03,N,VIIRS
46.43965,34.53423,298.35,0.55,0.43,2026-08-24,00:09:00,N21,nominal,2.0NRT,288.12,0.58,N,VIIRS
46.27475,34.9046,307.7,0.57,0.43,2026-08-24,00:09:00,N21,nominal,2.0NRT,289.21,2.88,N,VIIRS
46.27093,34.90282,328.07,0.57,0.43,2026-08-24,00:09:00,N21,nominal,2.0NRT,289.76,2.88,N,VIIRS
46.26934,34.91,303.16,0.57,0.43,2026-08-24,00:09:00,N21,nominal,2.0NRT,289.11,2.88,N,VIIRS
46.26768,34.82285,322.44,0.57,0.43,2026-08-24,00:09:00,N21,nominal,2.0NRT,289.81,3.29,N,VIIRS
46.26926,34.81577,315.08,0.57,0.43,2026-08-24,00:09:00,N21,nominal,2.0NRT,289.46,2.27,N,VIIRS
46.2623,34.82817,327.42,0.57,0.43,2026-08-24,00:09:00,N21,nominal,2.0NRT,289.91,3.29,N,VIIRS
46.26388,34.82108,301.78,0.57,0.43,2026-08-24,00:09:00,N21,nominal,2.0NRT,289.15,3.29,N,VIIRS
46.25849,34.8264,300.5,0.57,0.43,2026-08-24,00:09:00,N21,nominal,2.0NRT,289.45,0.77,N,VIIRS
46.866,31.82477,295.77,0.44,0.38,2026-08-24,00:09:00,N21,nominal,2.0NRT,285.16,1.75,N,VIIRS
46.86259,31.82337,327.62,0.44,0.38,2026-08-24,00:09:00,N21,nominal,2.0NRT,286.83,1.75,N,VIIRS
46.85363,31.83169,305.81,0.44,0.38,2026-08-24,00:09:00,N21,nominal,2.0NRT,286.08,1.37,N,VIIRS
46.67619,32.69219,302.6,0.47,0.39,2026-08-24,00:09:00,N21,nominal,2.0NRT,289.03,0.93,N,VIIRS
46.67489,32.69139,303.6,0.47,0.39,2026-08-24,00:09:00,N21,nominal,2.0NRT,289.6,0.97,N,VIIRS
46.62807,32.71643,312.21,0.47,0.4,2026-08-24,00:09:00,N21,nominal,2.0NRT,289.49,1.89,N,VIIRS
46.60464,32.71929,303.96,0.47,0.4,2026-08-24,00:09:00,N21,nominal,2.0NRT,289.28,1.12,N,VIIRS
46.38427,33.674,300.85,0.51,0.41,2026-08-24,00:09:00,N21,nominal,2.0NRT,287.95,1.06,N,VIIRS
46.38063,33.67238,300.7,0.51,0.41,2026-08-24,00:09:00,N21,nominal,2.0NRT,287.46,1.59,N,VIIRS
46.37928,33.67878,318.07,0.51,0.41,2026-08-24,00:09:00,N21,nominal,2.0NRT,288.58,1.59,N,VIIRS
46.94564,30.78721,302.95,0.41,0.37,2026-08-24,00:09:00,N21,nominal,2.0NRT,285.83,0.73,N,VIIRS
46.377,33.67076,314.71,0.51,0.41,2026-08-24,00:09:00,N21,nominal,2.0NRT,287.37,1.59,N,VIIRS
46.37564,33.67717,302.34,0.51,0.41,2026-08-24,00:09:00,N21,nominal,2.0NRT,288.49,1.59,N,VIIRS
46.6817,32.16097,304.09,0.45,0.39,2026-08-24,00:09:00,N21,nominal,2.0NRT,285.5,0.93,N,VIIRS
46.67937,32.15385,303.87,0.45,0.39,2026-08-24,00:09:00,N21,nominal,2.0NRT,285.99,0.93,N,VIIRS
46.40209,33.43979,297.29,0.5,0.41,2026-08-24,00:09:00,N21,nominal,2.0NRT,286.94,0.67,N,VIIRS
46.40063,33.43918,297.5,0.5,0.41,2026-08-24,00:09:00,N21,nominal,2.0NRT,287.34,0.54,N,VIIRS
46.40133,32.71485,300.24,0.47,0.4,2026-08-24,00:09:00,N21,nominal,2.0NRT,288.09,0.58,N,VIIRS
46.39196,32.70443,307.96,0.47,0.4,2026-08-24,00:09:00,N21,nominal,2.0NRT,287.46,1.94,N,VIIRS
46.38963,32.69699,301.39,0.47,0.4,2026-08-24,00:09:00,N21,nominal,2.0NRT,287.09,1.1,N,VIIRS
46.19508,33.52749,297.65,0.51,0.41,2026-08-24,00:09:00,N21,nominal,2.0NRT,286.97,0.57,N,VIIRS
46.85857,30.03609,297.85,0.4,0.37,2026-08-24,00:09:00,N21,nominal,2.0NRT,287.26,0.51,N,VIIRS
46.43956,32.18205,302.02,0.45,0.39,2026-08-24,00:09:00,N21,nominal,2.0NRT,289.96,0.57,N,VIIRS
46.4361,32.18062,299.66,0.45,0.39,2026-08-24,00:09:00,N21,nominal,2.0NRT,289.65,0.57,N,VIIRS
46.4372,32.18023,302.35,0.45,0.39,2026-08-24,00:09:00,N21,nominal,2.0NRT,289.85,1.39,N,VIIRS
46.17115,33.18229,311.66,0.49,0.41,2026-08-24,00:09:00,N21,nominal,2.0NRT,287.35,1.09,N,VIIRS
48.97518,24.70799,313.51,0.44,0.39,2026-08-24,00:09:00,N21,nominal,2.0NRT,286.05,2.92,N,VIIRS
46.16397,33.17919,304.83,0.49,0.41,2026-08-24,00:09:00,N21,nominal,2.0NRT,288.1,2.84,N,VIIRS
46.62889,30.77841,303.28,0.41,0.37,2026-08-24,00:09:00,N21,nominal,2.0NRT,287.03,0.58,N,VIIRS
46.36572,30.07395,299.43,0.4,0.37,2026-08-24,00:09:00,N21,nominal,2.0NRT,287.91,0.34,N,VIIRS
45.24914,35.53311,340.72,0.43,0.46,2026-08-24,00:09:00,N21,nominal,2.0NRT,292.18,5.93,N,VIIRS
46.17558,30.34108,308.48,0.41,0.37,2026-08-24,00:09:00,N21,nominal,2.0NRT,290.29,0.89,N,VIIRS
45.08545,35.0164,319.43,0.41,0.45,2026-08-24,00:09:00,N21,nominal,2.0NRT,288.7,1.97,N,VIIRS
45.08277,34.97118,310.58,0.41,0.45,2026-08-24,00:09:00,N21,nominal,2.0NRT,288.8,0.79,N,VIIRS
45.99463,30.15552,305.02,0.41,0.37,2026-08-24,00:09:00,N21,nominal,2.0NRT,288.41,0.79,N,VIIRS
45.9913,30.1543,304.66,0.41,0.37,2026-08-24,00:09:00,N21,nominal,2.0NRT,288.24,0.87,N,VIIRS
45.98061,30.19417,309.44,0.41,0.37,2026-08-24,00:09:00,N21,nominal,2.0NRT,287.95,1.16,N,VIIRS
45.977290000000004,30.19293,305.28,0.41,0.37,2026-08-24,00:09:00,N21,nominal,2.0NRT,288.09,0.88,N,VIIRS
45.94341,30.26284,324.81,0.41,0.37,2026-08-24,00:09:00,N21,nominal,2.0NRT,289.67,2.91,N,VIIRS
45.94007,30.2616,331.88,0.41,0.37,2026-08-24,00:09:00,N21,nominal,2.0NRT,290.78,2.91,N,VIIRS
45.93914,30.26676,307.18,0.41,0.37,2026-08-24,00:09:00,N21,nominal,2.0NRT,288.44,2.91,N,VIIRS
45.91874,30.28127,301.74,0.41,0.37,2026-08-24,00:09:00,N21,nominal,2.0NRT,289.16,0.83,N,VIIRS
45.91541,30.28004,304.47,0.41,0.37,2026-08-24,00:09:00,N21,nominal,2.0NRT,289.83,0.83,N,VIIRS
45.12993,34.00035,299.03,0.56,0.43,2026-08-24,00:09:00,N21,nominal,2.0NRT,288.64,0.61,N,VIIRS
45.08847,34.01933,300.59,0.56,0.43,2026-08-24,00:09:00,N21,nominal,2.0NRT,286.35,2.08,N,VIIRS
45.08469,34.01764,308.37,0.56,0.43,2026-08-24,00:09:00,N21,nominal,2.0NRT,287.33,2.08,N,VIIRS
45.08319,34.02446,314.65,0.56,0.43,2026-08-24,00:09:00,N21,nominal,2.0NRT,287.56,2.08,N,VIIRS
45.8579,30.06441,299.56,0.41,0.37,2026-08-24,00:09:00,N21,nominal,2.0NRT,288,0.47,N,VIIRS
45.84787,29.67582,301.45,0.4,0.37,2026-08-24,00:09:00,N21,nominal,2.0NRT,286.28,0.88,N,VIIRS
45.84698,29.68088,296.6,0.4,0.37,2026-08-24,00:09:00,N21,nominal,2.0NRT,286.12,0.33,N,VIIRS
44.77414,33.86094,306,0.56,0.43,2026-08-24,00:09:00,N21,nominal,2.0NRT,289.97,1.19,N,VIIRS
45.52527,29.40596,308.52,0.4,0.37,2026-08-24,00:09:00,N21,nominal,2.0NRT,287.2,1.02,N,VIIRS
44.52773,34.13217,318.42,0.39,0.44,2026-08-24,00:09:00,N21,nominal,2.0NRT,292.52,3.35,N,VIIRS
44.52111,34.12391,320.93,0.39,0.44,2026-08-24,00:09:00,N21,nominal,2.0NRT,292.62,2.82,N,VIIRS
51.05183,34.90905,299.28,0.46,0.39,2026-08-24,00:09:00,N21,nominal,2.0NRT,284.46,0.72,N,VIIRS
51.05529,34.91082,307,0.46,0.39,2026-08-24,00:09:00,N21,nominal,2.0NRT,284.82,1.38,N,VIIRS
51.78417,34.11302,325.94,0.43,0.38,2026-08-24,00:09:00,N21,nominal,2.0NRT,281.22,3.94,N,VIIRS
46.16884,33.17455,301.07,0.49,0.41,2026-08-24,00:09:00,N21,nominal,2.0NRT,288.16,1.09,N,VIIRS
46.87731,36.57295,301.89,0.43,0.46,2026-08-24,00:09:00,N21,nominal,2.0NRT,288.46,1.57,N,VIIRS
46.87457,36.5655,308.66,0.43,0.46,2026-08-24,00:09:00,N21,nominal,2.0NRT,288.76,1.31,N,VIIRS
46.87329,36.57092,307.76,0.43,0.46,2026-08-24,00:09:00,N21,nominal,2.0NRT,288.67,1.31,N,VIIRS
46.87069,36.58187,308.16,0.43,0.46,2026-08-24,00:09:00,N21,nominal,2.0NRT,288.98,2.91,N,VIIRS
46.86797,36.57436,322.02,0.43,0.46,2026-08-24,00:09:00,N21,nominal,2.0NRT,289.53,2.91,N,VIIRS
46.86667,36.57985,332.83,0.43,0.46,2026-08-24,00:09:00,N21,nominal,2.0NRT,290.06,2.91,N,VIIRS
47.47456,33.85902,298.81,0.49,0.41,2026-08-24,00:09:00,N21,nominal,2.0NRT,287.24,0.41,N,VIIRS
46.9777,36.10811,302.04,0.41,0.45,2026-08-24,00:09:00,N21,nominal,2.0NRT,289.13,0.96,N,VIIRS
46.87056,36.56347,313.87,0.43,0.46,2026-08-24,00:09:00,N21,nominal,2.0NRT,289,1.31,N,VIIRS
46.86927,36.5689,308.11,0.43,0.46,2026-08-24,00:09:00,N21,nominal,2.0NRT,289.04,1.31,N,VIIRS
46.97257,36.11133,325.08,0.41,0.45,2026-08-24,00:09:00,N21,nominal,2.0NRT,290.37,3.37,N,VIIRS
46.86526,36.56687,337.48,0.43,0.46,2026-08-24,00:09:00,N21,nominal,2.0NRT,290.68,3.54,N,VIIRS
47.24258,34.92049,300.79,0.55,0.42,2026-08-24,00:09:00,N21,nominal,2.0NRT,288.5,0.45,N,VIIRS
46.86264,36.57784,315.83,0.43,0.46,2026-08-24,00:09:00,N21,nominal,2.0NRT,289.8,2.29,N,VIIRS
46.86124,36.56486,304.79,0.43,0.46,2026-08-24,00:09:00,N21,nominal,2.0NRT,289.49,3.54,N,VIIRS
46.94496,36.17299,304.21,0.42,0.45,2026-08-24,00:09:00,N21,nominal,2.0NRT,288.52,0.8,N,VIIRS
46.99038,35.90348,304.78,0.4,0.44,2026-08-24,00:09:00,N21,nominal,2.0NRT,288.83,0.76,N,VIIRS
46.99049,35.90276,301.25,0.4,0.45,2026-08-24,00:09:00,N21,nominal,2.0NRT,288.85,0.84,N,VIIRS
46.98543,35.9059,299.29,0.4,0.45,2026-08-24,00:09:00,N21,nominal,2.0NRT,288.8,0.92,N,VIIRS
47.18239,34.86993,304.32,0.55,0.42,2026-08-24,00:09:00,N21,nominal,2.0NRT,288.52,0.83,N,VIIRS
47.23354,34.61547,297.86,0.53,0.42,2026-08-24,00:09:00,N21,nominal,2.0NRT,286.94,0.85,N,VIIRS
47.33153,34.13769,303.78,0.51,0.41,2026-08-24,00:09:00,N21,nominal,2.0NRT,287.88,0.64,N,VIIRS
46.78536,36.50205,323.57,0.43,0.46,2026-08-24,00:09:00,N21,nominal,2.0NRT,290.48,2.55,N,VIIRS
47.02692,35.45727,305.49,0.39,0.44,2026-08-24,00:09:00,N21,nominal,2.0NRT,289.35,0.58,N,VIIRS
47.022,35.46027,301.42,0.39,0.44,2026-08-24,00:09:00,N21,nominal,2.0NRT,289.08,0.58,N,VIIRS
47.23095,34.49583,305.79,0.53,0.42,2026-08-24,00:09:00,N21,nominal,2.0NRT,287.72,1.48,N,VIIRS
46.92939,35.716,303.04,0.4,0.44,2026-08-24,00:09:00,N21,nominal,2.0NRT,289.07,0.83,N,VIIRS
47.26383,34.15607,299.05,0.51,0.41,2026-08-24,00:09:00,N21,nominal,2.0NRT,287.67,0.57,N,VIIRS
46.85139,35.99849,300.85,0.41,0.45,2026-08-24,00:09:00,N21,nominal,2.0NRT,289.23,0.52,N,VIIRS
46.79747,36.23318,303.34,0.42,0.45,2026-08-24,00:09:00,N21,nominal,2.0NRT,289.32,1.03,N,VIIRS
46.84746,35.99657,299.75,0.41,0.45,2026-08-24,00:09:00,N21,nominal,2.0NRT,288.95,0.52,N,VIIRS
46.84588,35.98438,336.93,0.41,0.45,2026-08-24,00:09:00,N21,nominal,2.0NRT,289.45,1.96,N,VIIRS
46.85178,35.95856,306.22,0.41,0.45,2026-08-24,00:09:00,N21,nominal,2.0NRT,289.18,0.94,N,VIIRS
46.83997,36.01018,304.33,0.41,0.45,2026-08-24,00:09:00,N21,nominal,2.0NRT,289.32,0.71,N,VIIRS
46.84195,35.98244,301.15,0.41,0.45,2026-08-24,00:09:00,N21,nominal,2.0NRT,288.83,1.96,N,VIIRS
47.00105,35.2199,321.91,0.57,0.43,2026-08-24,00:09:00,N21,nominal,2.0NRT,288.65,2.93,N,VIIRS
46.99945,35.22707,304.87,0.57,0.43,2026-08-24,00:09:00,N21,nominal,2.0NRT,287.96,2.93,N,VIIRS
46.99725,35.21808,327.37,0.57,0.43,2026-08-24,00:09:00,N21,nominal,2.0NRT,289.3,2.93,N,VIIRS
46.99566,35.22524,315.6,0.57,0.43,2026-08-24,00:09:00,N21,nominal,2.0NRT,289.04,2.93,N,VIIRS
46.99186,35.22342,323.46,0.57,0.43,2026-08-24,00:09:00,N21,nominal,2.0NRT,289.21,4.13,N,VIIRS
46.74888,36.23249,302.91,0.42,0.45,2026-08-24,00:09:00,N21,nominal,2.0NRT,289.17,0.47,N,VIIRS
46.74367,36.2358,302.84,0.42,0.45,2026-08-24,00:09:00,N21,nominal,2.0NRT,289.49,0.72,N,VIIRS
47.33645,33.46291,312.91,0.48,0.4,2026-08-24,00:09:00,N21,nominal,2.0NRT,286.32,1.68,N,VIIRS
47.33163,33.46748,298.11,0.48,0.4,2026-08-24,00:09:00,N21,nominal,2.0NRT,286.53,0.86,N,VIIRS
46.74387,36.00855,303.43,0.41,0.45,2026-08-24,00:09:00,N21,nominal,2.0NRT,289.17,0.67,N,VIIRS
46.74145,36.01889,302.29,0.41,0.45,2026-08-24,00:09:00,N21,nominal,2.0NRT,289.43,0.77,N,VIIRS
46.73873,36.01176,299.52,0.41,0.45,2026-08-24,00:09:00,N21,nominal,2.0NRT,288.78,0.77,N,VIIRS
47.25709,33.65774,311.14,0.49,0.4,2026-08-24,00:09:00,N21,nominal,2.0NRT,286.75,1.31,N,VIIRS
47.25857,33.6573,305.6,0.49,0.4,2026-08-24,00:09:00,N21,nominal,2.0NRT,286.37,1.3,N,VIIRS
46.74306,36.0174,306.11,0.41,0.45,2026-08-24,00:09:00,N21,nominal,2.0NRT,289.41,1.07,N,VIIRS
46.74031,36.01026,305.55,0.41,0.45,2026-08-24,00:09:00,N21,nominal,2.0NRT,289.25,1.3,N,VIIRS
47.27026,33.48595,302.11,0.48,0.4,2026-08-24,00:09:00,N21,nominal,2.0NRT,286.5,0.68,N,VIIRS
46.80593,35.56931,300.09,0.4,0.44,2026-08-24,00:09:00,N21,nominal,2.0NRT,289.04,0.42,N,VIIRS
46.80094,35.57239,303.85,0.4,0.44,2026-08-24,00:09:00,N21,nominal,2.0NRT,289.08,1.09,N,VIIRS
46.79932,35.56059,300.88,0.39,0.44,2026-08-24,00:09:00,N21,nominal,2.0NRT,289.33,1.23,N,VIIRS
46.78144,35.60149,303.77,0.4,0.44,2026-08-24,00:09:00,N21,nominal,2.0NRT,289.81,0.8,N,VIIRS
46.73877,35.67505,299.15,0.4,0.44,2026-08-24,00:09:00,N21,nominal,2.0NRT,289.09,0.41,N,VIIRS
46.73488,35.67316,303.66,0.4,0.44,2026-08-24,00:09:00,N21,nominal,2.0NRT,289.22,0.75,N,VIIRS
46.74818,35.59638,306.43,0.4,0.44,2026-08-24,00:09:00,N21,nominal,2.0NRT,289.68,0.88,N,VIIRS
47.68478,30.89502,300.65,0.41,0.37,2026-08-24,00:09:00,N21,nominal,2.0NRT,286.02,0.49,N,VIIRS
46.79572,35.24414,313.03,0.38,0.43,2026-08-24,00:09:00,N21,nominal,2.0NRT,289.35,2.68,N,VIIRS
46.79083,35.24713,321.42,0.38,0.43,2026-08-24,00:09:00,N21,nominal,2.0NRT,289.64,1.84,N,VIIRS
46.78594,35.25011,329.84,0.38,0.43,2026-08-24,00:09:00,N21,nominal,2.0NRT,290.17,3.29,N,VIIRS
46.77998,35.25793,302.86,0.38,0.44,2026-08-24,00:09:00,N21,nominal,2.0NRT,289.39,0.77,N,VIIRS
46.77889,35.26278,302.66,0.38,0.44,2026-08-24,00:09:00,N21,nominal,2.0NRT,289.35,0.62,N,VIIRS
47.02131,34.0879,300.17,0.51,0.41,2026-08-24,00:09:00,N21,nominal,2.0NRT,288.74,0.7,N,VIIRS
47.05594,33.82876,312.62,0.5,0.41,2026-08-24,00:09:00,N21,nominal,2.0NRT,288.65,2.05,N,VIIRS
47.05461,33.83512,319.06,0.5,0.41,2026-08-24,00:09:00,N21,nominal,2.0NRT,288.98,3.01,N,VIIRS
46.76666,35.10946,309.37,0.57,0.43,2026-08-24,00:09:00,N21,nominal,2.0NRT,288.37,1.82,N,VIIRS
46.74723,35.1398,301.84,0.57,0.43,2026-08-24,00:09:00,N21,nominal,2.0NRT,289.55,1.24,N,VIIRS
46.74401,35.15416,314.92,0.57,0.43,2026-08-24,00:09:00,N21,nominal,2.0NRT,289.46,2.9,N,VIIRS
46.7402,35.15237,302.45,0.57,0.43,2026-08-24,00:09:00,N21,nominal,2.0NRT,289.61,1.17,N,VIIRS
46.74122,35.12906,303.4,0.57,0.43,2026-08-24,00:09:00,N21,nominal,2.0NRT,289.11,1.74,N,VIIRS
46.69259,35.23206,337.34,0.38,0.44,2026-08-24,00:09:00,N21,nominal,2.0NRT,290.65,4.63,N,VIIRS
46.6935,35.23639,328.31,0.39,0.44,2026-08-24,00:09:00,N21,nominal,2.0NRT,289.89,2.67,N,VIIRS
46.69459,35.23149,306.62,0.39,0.44,2026-08-24,00:09:00,N21,nominal,2.0NRT,289.53,2.09,N,VIIRS
46.91005,33.89574,323.53,0.51,0.41,2026-08-24,00:09:00,N21,nominal,2.0NRT,288.44,2.16,N,VIIRS
46.9114,33.88932,305.79,0.51,0.41,2026-08-24,00:09:00,N21,nominal,2.0NRT,287.25,2.16,N,VIIRS
46.90869,33.90216,316.75,0.51,0.41,2026-08-24,00:09:00,N21,nominal,2.0NRT,288.16,3.82,N,VIIRS
46.9037,33.90695,328.87,0.51,0.41,2026-08-24,00:09:00,N21,nominal,2.0NRT,288.82,3.82,N,VIIRS
47.03302,33.2868,307.02,0.48,0.4,2026-08-24,00:09:00,N21,nominal,2.0NRT,286.32,1.57,N,VIIRS
46.90234,33.91338,318.13,0.51,0.41,2026-08-24,00:09:00,N21,nominal,2.0NRT,288.57,2.1,N,VIIRS
46.90097,33.91981,302.46,0.51,0.41,2026-08-24,00:09:00,N21,nominal,2.0NRT,287.52,2.1,N,VIIRS
46.89961,33.92625,300.91,0.51,0.41,2026-08-24,00:09:00,N21,nominal,2.0NRT,286.91,0.79,N,VIIRS
46.53167,35.55579,325.15,0.4,0.44,2026-08-24,00:09:00,N21,nominal,2.0NRT,289.57,4.24,N,VIIRS
46.53052,35.56078,325.88,0.4,0.44,2026-08-24,00:09:00,N21,nominal,2.0NRT,289.4,2.6,N,VIIRS
46.8257,34.17831,301.26,0.52,0.42,2026-08-24,00:09:00,N21,nominal,2.0NRT,288.26,1.03,N,VIIRS
46.88874,33.86502,310.09,0.51,0.41,2026-08-24,00:09:00,N21,nominal,2.0NRT,287.54,1.88,N,VIIRS
46.88013,33.86816,316.64,0.51,0.41,2026-08-24,00:09:00,N21,nominal,2.0NRT,287.74,2.97,N,VIIRS
46.87876,33.87457,296.83,0.51,0.41,2026-08-24,00:09:00,N21,nominal,2.0NRT,286.54,0.84,N,VIIRS
46.8765,33.86653,316.75,0.51,0.41,2026-08-24,00:09:00,N21,nominal,2.0NRT,288.17,2.39,N,VIIRS
46.87927,33.86727,316.86,0.51,0.41,2026-08-24,00:09:00,N21,nominal,2.0NRT,287.93,2.05,N,VIIRS
46.87793,33.8737,306.24,0.51,0.41,2026-08-24,00:09:00,N21,nominal,2.0NRT,287.04,2.05,N,VIIRS
46.87564,33.86563,304.7,0.51,0.41,2026-08-24,00:09:00,N21,nominal,2.0NRT,287.95,1.5,N,VIIRS
48.63546,22.31159,306.75,0.53,0.42,2026-08-24,00:09:00,N21,nominal,2.0NRT,284.31,1.49,N,VIIRS
46.84153,33.8012,297.86,0.51,0.41,2026-08-24,00:09:00,N21,nominal,2.0NRT,286.91,1.79,N,VIIRS
46.83347,33.83959,297.09,0.51,0.41,2026-08-24,00:09:00,N21,nominal,2.0NRT,286.63,0.5,N,VIIRS
46.83791,33.79958,321.3,0.51,0.41,2026-08-24,00:09:00,N21,nominal,2.0NRT,287.08,1.79,N,VIIRS
46.71627,34.16426,326.32,0.52,0.42,2026-08-24,00:09:00,N21,nominal,2.0NRT,287.98,2.79,N,VIIRS
46.71485,34.17084,306.58,0.52,0.42,2026-08-24,00:09:00,N21,nominal,2.0NRT,287.63,2.79,N,VIIRS
46.67791,34.28517,309.39,0.53,0.42,2026-08-24,00:09:00,N21,nominal,2.0NRT,287.94,1.38,N,VIIRS
46.664790000000004,34.3453,300.37,0.53,0.42,2026-08-24,00:09:00,N21,nominal,2.0NRT,287.36,1.07,N,VIIRS
46.67276,34.29014,305.24,0.53,0.42,2026-08-24,00:09:00,N21,nominal,2.0NRT,287.77,1.1,N,VIIRS
46.66109,34.34361,313.45,0.53,0.42,2026-08-24,00:09:00,N21,nominal,2.0NRT,288.05,2.1,N,VIIRS
47.638420000000004,29.20518,298.17,0.39,0.36,2026-08-24,00:09:00,N21,nominal,2.0NRT,283.06,0.87,N,VIIRS
47.26322,31.34011,303.7,0.42,0.38,2026-08-24,00:09:00,N21,nominal,2.0NRT,285.68,0.75,N,VIIRS
46.67915,34.28629,307.01,0.53,0.42,2026-08-24,00:09:00,N21,nominal,2.0NRT,287.85,1.27,N,VIIRS
46.67403,34.29126,307.21,0.53,0.42,2026-08-24,00:09:00,N21,nominal,2.0NRT,287.69,1.68,N,VIIRS
46.6626,34.34489,315.3,0.53,0.42,2026-08-24,00:09:00,N21,nominal,2.0NRT,287.82,2.48,N,VIIRS
46.40534,35.40346,303.55,0.4,0.44,2026-08-24,00:09:00,N21,nominal,2.0NRT,290.98,0.92,N,VIIRS
46.40153,35.3632,319.32,0.4,0.44,2026-08-24,00:09:00,N21,nominal,2.0NRT,290.44,1.96,N,VIIRS
51.24391,33.19544,317.45,0.42,0.37,2026-08-24,00:09:00,N21,nominal,2.0NRT,284.3,2.87,N,VIIRS
51.24059,33.19386,326.69,0.42,0.37,2026-08-24,00:09:00,N21,nominal,2.0NRT,285.62,2.87,N,VIIRS
50.85085,34.88389,343.27,0.46,0.39,2026-08-24,00:09:00,N21,nominal,2.0NRT,284.58,24.73,N,VIIRS
50.27456,36.92975,299.2,0.56,0.43,2026-08-24,00:09:00,N21,nominal,2.0NRT,286.21,0.89,N,VIIRS
50.27287,36.93716,297.72,0.56,0.43,2026-08-24,00:09:00,N21,nominal,2.0NRT,286.32,0.89,N,VIIRS
50.27398,36.93158,307.38,0.56,0.43,2026-08-24,00:09:00,N21,nominal,2.0NRT,286.3,1.52,N,VIIRS
50.00277,37.81298,301.61,0.41,0.45,2026-08-24,00:09:00,N21,nominal,2.0NRT,282.75,1,N,VIIRS
49.99239,37.81965,323.24,0.41,0.45,2026-08-24,00:09:00,N21,nominal,2.0NRT,285.86,3.29,N,VIIRS
49.98851,37.81746,309.53,0.41,0.45,2026-08-24,00:09:00,N21,nominal,2.0NRT,286.17,1.54,N,VIIRS
50.29992,36.40496,309.55,0.53,0.42,2026-08-24,00:09:00,N21,nominal,2.0NRT,284.84,1.71,N,VIIRS
50.30737,36.24219,297.8,0.53,0.42,2026-08-24,00:09:00,N21,nominal,2.0NRT,283.97,0.94,N,VIIRS
50.3044,36.24208,297.81,0.53,0.42,2026-08-24,00:09:00,N21,nominal,2.0NRT,284.18,0.96,N,VIIRS
50.3102,36.15912,307.58,0.52,0.42,2026-08-24,00:09:00,N21,nominal,2.0NRT,284.51,1.03,N,VIIRS
49.92316,37.79819,300.82,0.41,0.45,2026-08-24,00:09:00,N21,nominal,2.0NRT,286.96,1,N,VIIRS
51.35769,30.26846,316.62,0.38,0.36,2026-08-24,00:09:00,N21,nominal,2.0NRT,291.83,1.6,N,VIIRS
51.35683,30.27386,305.6,0.38,0.36,2026-08-24,00:09:00,N21,nominal,2.0NRT,289.91,1.6,N,VIIRS
50.48883,34.94495,307.2,0.47,0.4,2026-08-24,00:09:00,N21,nominal,2.0NRT,284.76,1.92,N,VIIRS
49.91247,37.29875,328.11,0.39,0.44,2026-08-24,00:09:00,N21,nominal,2.0NRT,285.22,3.08,N,VIIRS
49.91127,37.30397,318.93,0.39,0.44,2026-08-24,00:09:00,N21,nominal,2.0NRT,285.77,3.08,N,VIIRS
49.79363,37.78917,299.4,0.41,0.45,2026-08-24,00:09:00,N21,nominal,2.0NRT,286.39,0.52,N,VIIRS
51.41769,28.75145,295.29,0.39,0.36,2026-08-24,00:09:00,N21,nominal,2.0NRT,282.07,0.96,N,VIIRS
49.60394,38.12564,297.08,0.43,0.46,2026-08-24,00:09:00,N21,nominal,2.0NRT,284.42,0.26,N,VIIRS
49.60258,38.13134,299.79,0.43,0.46,2026-08-24,00:09:00,N21,nominal,2.0NRT,285.22,0.55,N,VIIRS
49.59333,38.13224,302.82,0.43,0.46,2026-08-24,00:09:00,N21,nominal,2.0NRT,285.57,0.56,N,VIIRS
49.71449,37.60423,305.31,0.41,0.45,2026-08-24,00:09:00,N21,nominal,2.0NRT,286.29,0.9,N,VIIRS
50.00974,36.29184,301.47,0.54,0.42,2026-08-24,00:09:00,N21,nominal,2.0NRT,287.01,0.99,N,VIIRS
49.8413,37.03943,304.43,0.38,0.43,2026-08-24,00:09:00,N21,nominal,2.0NRT,287.29,1.29,N,VIIRS
49.55912,38.12433,306.66,0.43,0.46,2026-08-24,00:09:00,N21,nominal,2.0NRT,286.92,2.63,N,VIIRS
49.55775,38.12996,317.71,0.43,0.46,2026-08-24,00:09:00,N21,nominal,2.0NRT,287.24,2.31,N,VIIRS
49.55378,38.12772,315.29,0.43,0.46,2026-08-24,00:09:00,N21,nominal,2.0NRT,287.43,2.06,N,VIIRS
49.62377,37.4679,301.88,0.4,0.44,2026-08-24,00:09:00,N21,nominal,2.0NRT,286.39,1.13,N,VIIRS
51.20826,29.18991,354.35,0.39,0.36,2026-08-24,00:09:00,N21,nominal,2.0NRT,291.21,6.62,N,VIIRS
51.20907,29.18449,301.51,0.39,0.36,2026-08-24,00:09:00,N21,nominal,2.0NRT,282.5,2.29,N,VIIRS
51.20744,29.19533,309.15,0.39,0.36,2026-08-24,00:09:00,N21,nominal,2.0NRT,284,6.62,N,VIIRS
51.20582,29.18325,311.89,0.39,0.36,2026-08-24,00:09:00,N21,nominal,2.0NRT,284.9,1.63,N,VIIRS
51.20502,29.16574,329.21,0.39,0.36,2026-08-24,00:09:00,N21,nominal,2.0NRT,286.45,2.13,N,VIIRS
51.2042,29.17116,296.5,0.39,0.36,2026-08-24,00:09:00,N21,nominal,2.0NRT,282.91,2.13,N,VIIRS
51.20012,29.19827,299.64,0.39,0.36,2026-08-24,00:09:00,N21,nominal,2.0NRT,282.4,0.64,N,VIIRS
51.017,30.32623,340.29,0.38,0.36,2026-08-24,00:09:00,N21,nominal,2.0NRT,290.19,4.54,N,VIIRS
51.01613,30.3316,330.87,0.38,0.36,2026-08-24,00:09:00,N21,nominal,2.0NRT,288.72,4.54,N,VIIRS
51.01526,30.33697,340.95,0.38,0.36,2026-08-24,00:09:00,N21,nominal,2.0NRT,289.61,2.92,N,VIIRS
51.01352,30.3477,332.92,0.38,0.36,2026-08-24,00:09:00,N21,nominal,2.0NRT,287.27,2.89,N,VIIRS
51.01265,30.35307,322.83,0.38,0.36,2026-08-24,00:09:00,N21,nominal,2.0NRT,286.46,2.89,N,VIIRS
51.20015,29.15242,295.82,0.39,0.36,2026-08-24,00:09:00,N21,nominal,2.0NRT,282.42,1.12,N,VIIRS
51.19933,29.15784,311.23,0.39,0.36,2026-08-24,00:09:00,N21,nominal,2.0NRT,283.61,1.12,N,VIIRS
51.19851,29.16327,303.99,0.39,0.36,2026-08-24,00:09:00,N21,nominal,2.0NRT,283.79,1.17,N,VIIRS
51.01874,30.31549,313.15,0.38,0.36,2026-08-24,00:09:00,N21,nominal,2.0NRT,285.12,1.36,N,VIIRS
51.01787,30.32086,312.7,0.38,0.36,2026-08-24,00:09:00,N21,nominal,2.0NRT,285.86,1.36,N,VIIRS
51.01439,30.34233,298.57,0.38,0.36,2026-08-24,00:09:00,N21,nominal,2.0NRT,285.77,2.92,N,VIIRS
51.19526,29.16204,323.24,0.39,0.36,2026-08-24,00:09:00,N21,nominal,2.0NRT,283.33,4.34,N,VIIRS
51.19445,29.16746,338.97,0.39,0.36,2026-08-24,00:09:00,N21,nominal,2.0NRT,287.37,4.34,N,VIIRS
51.19363,29.17288,333.19,0.39,0.36,2026-08-24,00:09:00,N21,nominal,2.0NRT,288.97,2.69,N,VIIRS
51.01202,30.33565,331.01,0.38,0.36,2026-08-24,00:09:00,N21,nominal,2.0NRT,291.1,2.7,N,VIIRS
51.01028,30.34639,347.63,0.38,0.36,2026-08-24,00:09:00,N21,nominal,2.0NRT,295.51,9.67,N,VIIRS
51.00941,30.35176,348.02,0.38,0.36,2026-08-24,00:09:00,N21,nominal,2.0NRT,295.67,9.67,N,VIIRS
51.008540000000004,30.35713,348.9,0.38,0.36,2026-08-24,00:09:00,N21,nominal,2.0NRT,294.15,10.14,N,VIIRS
51.00768,30.36249,367,0.38,0.36,2026-08-24,00:09:00,N21,high,2.0NRT,299.39,10.14,N,VIIRS
51.00681,30.36786,367,0.38,0.36,2026-08-24,00:09:00,N21,high,2.0NRT,303.49,7.52,N,VIIRS
51.00593,30.37323,329.92,0.39,0.36,2026-08-24,00:09:00,N21,nominal,2.0NRT,288.72,7.52,N,VIIRS
51.19608,29.15661,318.92,0.39,0.36,2026-08-24,00:09:00,N21,nominal,2.0NRT,283.1,1.95,N,VIIRS
51.19281,29.1783,306.07,0.39,0.36,2026-08-24,00:09:00,N21,nominal,2.0NRT,286.19,2.69,N,VIIRS
51.0155,30.31418,296.12,0.38,0.36,2026-08-24,00:09:00,N21,nominal,2.0NRT,285.57,1.21,N,VIIRS
51.01289,30.33028,304.48,0.38,0.36,2026-08-24,00:09:00,N21,nominal,2.0NRT,288.46,2.04,N,VIIRS
51.01115,30.34102,312.15,0.38,0.36,2026-08-24,00:09:00,N21,nominal,2.0NRT,288.99,2.7,N,VIIRS
51.19038,29.17164,326.95,0.39,0.36,2026-08-24,00:09:00,N21,nominal,2.0NRT,284.47,2.69,N,VIIRS
51.18711,29.19333,343.8,0.39,0.36,2026-08-24,00:09:00,N21,nominal,2.0NRT,290.76,4.26,N,VIIRS
51.0027,30.37191,340.51,0.39,0.36,2026-08-24,00:09:00,N21,nominal,2.0NRT,293.92,7.52,N,VIIRS
51.00184,30.37718,352.37,0.39,0.36,2026-08-24,00:09:00,N21,nominal,2.0NRT,300.17,12.59,N,VIIRS
51.00097,30.38254,367,0.39,0.36,2026-08-24,00:09:00,N21,high,2.0NRT,299.86,12.59,N,VIIRS
51.0001,30.38791,349.61,0.39,0.36,2026-08-24,00:09:00,N21,nominal,2.0NRT,296.15,8.28,N,VIIRS
50.99923,30.39328,328.98,0.39,0.36,2026-08-24,00:09:00,N21,nominal,2.0NRT,291.51,8.28,N,VIIRS
51.18956,29.17706,310.79,0.39,0.36,2026-08-24,00:09:00,N21,nominal,2.0NRT,283.03,2.69,N,VIIRS
51.18629,29.19874,307,0.39,0.36,2026-08-24,00:09:00,N21,nominal,2.0NRT,286.8,4.26,N,VIIRS
51.18548,29.20416,307.95,0.39,0.36,2026-08-24,00:09:00,N21,nominal,2.0NRT,285.21,1.24,N,VIIRS
51.00357,30.36654,305.53,0.38,0.36,2026-08-24,00:09:00,N21,nominal,2.0NRT,288.65,7.52,N,VIIRS
50.99599,30.39196,342.1,0.39,0.36,2026-08-24,00:09:00,N21,nominal,2.0NRT,297.89,2.61,N,VIIRS
51.18386,29.19209,306.79,0.39,0.36,2026-08-24,00:09:00,N21,nominal,2.0NRT,284.66,1.18,N,VIIRS
51.18304,29.1975,307.18,0.39,0.36,2026-08-24,00:09:00,N21,nominal,2.0NRT,285.12,1.18,N,VIIRS
51.01163,30.29545,297.24,0.38,0.36,2026-08-24,00:09:00,N21,nominal,2.0NRT,285.6,0.74,N,VIIRS
50.99773,30.38122,307.29,0.39,0.36,2026-08-24,00:09:00,N21,nominal,2.0NRT,290.21,1.39,N,VIIRS
50.99686,30.38659,318.8,0.39,0.36,2026-08-24,00:09:00,N21,nominal,2.0NRT,292.37,2.61,N,VIIRS
50.99512,30.39732,308.29,0.39,0.36,2026-08-24,00:09:00,N21,nominal,2.0NRT,289.19,1.33,N,VIIRS
51.01099,30.27803,296.45,0.38,0.36,2026-08-24,00:09:00,N21,nominal,2.0NRT,285.86,1.06,N,VIIRS
51.00492,30.3156,303.63,0.38,0.36,2026-08-24,00:09:00,N21,nominal,2.0NRT,287.18,1.15,N,VIIRS
51.00405,30.32097,296.19,0.38,0.36,2026-08-24,00:09:00,N21,nominal,2.0NRT,285.77,1.02,N,VIIRS
50.99711,30.36381,300.25,0.38,0.36,2026-08-24,00:09:00,N21,nominal,2.0NRT,288.56,1.49,N,VIIRS
50.99624,30.36918,308.85,0.39,0.36,2026-08-24,00:09:00,N21,nominal,2.0NRT,290.21,1.49,N,VIIRS
50.99537,30.37454,310.12,0.39,0.36,2026-08-24,00:09:00,N21,nominal,2.0NRT,290.02,1.39,N,VIIRS
50.9945,30.37991,304.14,0.39,0.36,2026-08-24,00:09:00,N21,nominal,2.0NRT,288.66,1.39,N,VIIRS
50.99363,30.38527,304.61,0.39,0.36,2026-08-24,00:09:00,N21,nominal,2.0NRT,289.43,2.61,N,VIIRS
50.99275,30.39064,304.64,0.39,0.36,2026-08-24,00:09:00,N21,nominal,2.0NRT,288.66,2.61,N,VIIRS
50.99188,30.396,305.06,0.39,0.36,2026-08-24,00:09:00,N21,nominal,2.0NRT,288.42,1.33,N,VIIRS
50.99647,30.34649,345.17,0.38,0.36,2026-08-24,00:09:00,N21,nominal,2.0NRT,293,3.76,N,VIIRS
50.98952,30.38932,338.81,0.39,0.36,2026-08-24,00:09:00,N21,nominal,2.0NRT,296.29,2.93,N,VIIRS
50.98865,30.39468,338.96,0.39,0.36,2026-08-24,00:09:00,N21,nominal,2.0NRT,291.29,6.28,N,VIIRS
51.00255,30.30892,298.45,0.38,0.36,2026-08-24,00:09:00,N21,nominal,2.0NRT,285.6,2.56,N,VIIRS
51.00081,30.31965,303.61,0.38,0.36,2026-08-24,00:09:00,N21,nominal,2.0NRT,288.21,1.05,N,VIIRS
50.99995,30.32502,297.88,0.38,0.36,2026-08-24,00:09:00,N21,nominal,2.0NRT,286.82,1.05,N,VIIRS
50.99734,30.34112,316.62,0.38,0.36,2026-08-24,00:09:00,N21,nominal,2.0NRT,287.72,3.76,N,VIIRS
50.99561,30.35177,313.56,0.38,0.36,2026-08-24,00:09:00,N21,nominal,2.0NRT,290.9,1.69,N,VIIRS
50.99474,30.35713,313.87,0.38,0.36,2026-08-24,00:09:00,N21,nominal,2.0NRT,289.53,1.69,N,VIIRS
50.99387,30.3625,311.23,0.38,0.36,2026-08-24,00:09:00,N21,nominal,2.0NRT,288.75,1.78,N,VIIRS
50.993,30.36786,311.03,0.39,0.36,2026-08-24,00:09:00,N21,nominal,2.0NRT,290.02,1.78,N,VIIRS
50.99213,30.37322,305.79,0.39,0.36,2026-08-24,00:09:00,N21,nominal,2.0NRT,289.01,1.63,N,VIIRS
50.99126,30.37859,311.16,0.39,0.36,2026-08-24,00:09:00,N21,nominal,2.0NRT,290.98,1.63,N,VIIRS
50.99039,30.38395,313.53,0.39,0.36,2026-08-24,00:09:00,N21,nominal,2.0NRT,291.2,2.93,N,VIIRS
50.99844,30.31297,344.3,0.38,0.36,2026-08-24,00:09:00,N21,nominal,2.0NRT,288.01,2.56,N,VIIRS
50.99931,30.30761,304.69,0.38,0.36,2026-08-24,00:09:00,N21,nominal,2.0NRT,287.33,2.56,N,VIIRS
50.99758,30.31834,316.74,0.38,0.36,2026-08-24,00:09:00,N21,nominal,2.0NRT,290.12,1.05,N,VIIRS
50.99671,30.32371,300.78,0.38,0.36,2026-08-24,00:09:00,N21,nominal,2.0NRT,287.5,1.05,N,VIIRS
50.99497,30.33444,299.25,0.38,0.36,2026-08-24,00:09:00,N21,nominal,2.0NRT,286.93,1.5,N,VIIRS
50.99151,30.35581,308.79,0.38,0.36,2026-08-24,00:09:00,N21,nominal,2.0NRT,286.51,1.69,N,VIIRS
50.99064,30.36118,309.69,0.38,0.36,2026-08-24,00:09:00,N21,nominal,2.0NRT,287.47,1.78,N,VIIRS
50.98628,30.388,296.21,0.39,0.36,2026-08-24,00:09:00,N21,nominal,2.0NRT,285.41,2.93,N,VIIRS
51.20664,29.17782,313.18,0.39,0.36,2026-08-24,00:09:00,N21,nominal,2.0NRT,284.87,1.63,N,VIIRS
50.99434,30.31703,303.29,0.38,0.36,2026-08-24,00:09:00,N21,nominal,2.0NRT,284.63,0.75,N,VIIRS
49.07545,39.01607,309.65,0.48,0.48,2026-08-24,00:09:00,N21,nominal,2.0NRT,288.65,1.4,N,VIIRS
49.21687,38.15923,329.01,0.44,0.46,2026-08-24,00:09:00,N21,nominal,2.0NRT,287.7,3.19,N,VIIRS
49.2155,38.16488,315.3,0.44,0.46,2026-08-24,00:09:00,N21,nominal,2.0NRT,287.39,3.19,N,VIIRS
49.26558,37.80956,323,0.42,0.46,2026-08-24,00:09:00,N21,nominal,2.0NRT,286.85,2.57,N,VIIRS
50.22689,33.39796,299,0.43,0.38,2026-08-24,00:09:00,N21,nominal,2.0NRT,282.2,0.85,N,VIIRS
50.22577,33.40377,299.28,0.43,0.38,2026-08-24,00:09:00,N21,nominal,2.0NRT,284.44,0.85,N,VIIRS
50.16553,33.711,313.41,0.44,0.38,2026-08-24,00:09:00,N21,nominal,2.0NRT,287.8,2.06,N,VIIRS
49.26817,37.81038,307.15,0.42,0.46,2026-08-24,00:09:00,N21,nominal,2.0NRT,286.23,1.32,N,VIIRS
51.21091,27.22638,303.42,0.41,0.37,2026-08-24,00:09:00,N21,nominal,2.0NRT,279.59,1.11,N,VIIRS
49.26422,37.80811,309.2,0.42,0.46,2026-08-24,00:09:00,N21,nominal,2.0NRT,286.23,1.33,N,VIIRS
51.20756,27.22525,307.54,0.41,0.37,2026-08-24,00:09:00,N21,nominal,2.0NRT,282.16,1.11,N,VIIRS
49.18814,38.07067,298.68,0.44,0.46,2026-08-24,00:09:00,N21,nominal,2.0NRT,286.33,0.34,N,VIIRS
50.57639,31.20764,298.17,0.39,0.36,2026-08-24,00:09:00,N21,nominal,2.0NRT,284.94,1.54,N,VIIRS
50.57546,31.21304,296.46,0.39,0.36,2026-08-24,00:09:00,N21,nominal,2.0NRT,281.55,0.38,N,VIIRS
50.76085,30.0532,298.46,0.38,0.36,2026-08-24,00:09:00,N21,nominal,2.0NRT,280.54,0.85,N,VIIRS
49.01566,38.64518,299.62,0.47,0.47,2026-08-24,00:09:00,N21,nominal,2.0NRT,288.19,0.76,N,VIIRS
49.01308,38.63667,299.21,0.47,0.47,2026-08-24,00:09:00,N21,nominal,2.0NRT,288.14,0.76,N,VIIRS
49.01159,38.64266,302.36,0.47,0.47,2026-08-24,00:09:00,N21,nominal,2.0NRT,288.32,0.76,N,VIIRS
49.0101,38.64866,301.71,0.47,0.47,2026-08-24,00:09:00,N21,nominal,2.0NRT,288.5,1.08,N,VIIRS
49.00861,38.65466,305.34,0.47,0.48,2026-08-24,00:09:00,N21,nominal,2.0NRT,288.37,1.08,N,VIIRS
49.00711,38.66066,306.23,0.47,0.48,2026-08-24,00:09:00,N21,nominal,2.0NRT,288.37,1.16,N,VIIRS
49.00753,38.64009,321.12,0.47,0.47,2026-08-24,00:09:00,N21,nominal,2.0NRT,288.92,2.75,N,VIIRS
49.00456,38.65204,327.46,0.47,0.48,2026-08-24,00:09:00,N21,nominal,2.0NRT,290.03,3.16,N,VIIRS
49.00605,38.64606,317.21,0.47,0.47,2026-08-24,00:09:00,N21,nominal,2.0NRT,289.23,3.16,N,VIIRS
49.00307,38.65806,305.23,0.47,0.48,2026-08-24,00:09:00,N21,nominal,2.0NRT,289.06,2.18,N,VIIRS
49.00049,38.64954,319.78,0.47,0.48,2026-08-24,00:09:00,N21,nominal,2.0NRT,289.21,3.16,N,VIIRS
49.08627,38.07743,300.14,0.44,0.46,2026-08-24,00:09:00,N21,nominal,2.0NRT,287.44,0.49,N,VIIRS
49.08626,38.07654,301.42,0.44,0.46,2026-08-24,00:09:00,N21,nominal,2.0NRT,287.3,0.8,N,VIIRS
49.03959,38.19439,301.6,0.45,0.47,2026-08-24,00:09:00,N21,nominal,2.0NRT,288.09,0.62,N,VIIRS
48.93024,38.6226,301.6,0.47,0.48,2026-08-24,00:09:00,N21,nominal,2.0NRT,288.91,1.08,N,VIIRS
48.85481,38.71728,301.01,0.47,0.48,2026-08-24,00:09:00,N21,nominal,2.0NRT,288.46,1.37,N,VIIRS
48.85221,38.70881,302.4,0.47,0.48,2026-08-24,00:09:00,N21,nominal,2.0NRT,288.5,1.44,N,VIIRS
48.85068,38.7149,305.32,0.47,0.48,2026-08-24,00:09:00,N21,nominal,2.0NRT,288.64,1.37,N,VIIRS
48.83731,38.74922,322.6,0.48,0.48,2026-08-24,00:09:00,N21,nominal,2.0NRT,290.07,2.42,N,VIIRS
48.85873,38.66398,312.69,0.47,0.48,2026-08-24,00:09:00,N21,nominal,2.0NRT,288.97,2.35,N,VIIRS
48.85569,38.67608,300.88,0.47,0.48,2026-08-24,00:09:00,N21,nominal,2.0NRT,288.49,0.8,N,VIIRS
48.8404,38.73694,304.04,0.48,0.48,2026-08-24,00:09:00,N21,nominal,2.0NRT,288.53,2.66,N,VIIRS
48.83886,38.74306,298.98,0.48,0.48,2026-08-24,00:09:00,N21,nominal,2.0NRT,288.4,2.66,N,VIIRS
48.83781,38.72843,323,0.48,0.48,2026-08-24,00:09:00,N21,nominal,2.0NRT,289.52,5.69,N,VIIRS
48.83627,38.73455,336.67,0.48,0.48,2026-08-24,00:09:00,N21,nominal,2.0NRT,291.28,2.66,N,VIIRS
49.00302,38.06219,297.21,0.44,0.46,2026-08-24,00:09:00,N21,nominal,2.0NRT,287.02,0.79,N,VIIRS
49.00163,38.06792,302.64,0.44,0.46,2026-08-24,00:09:00,N21,nominal,2.0NRT,287.29,0.79,N,VIIRS
48.83212,38.732170000000004,337.74,0.48,0.48,2026-08-24,00:09:00,N21,nominal,2.0NRT,290.42,6.34,N,VIIRS
48.82593,38.75673,328.66,0.48,0.48,2026-08-24,00:09:00,N21,nominal,2.0NRT,289.41,8.37,N,VIIRS
48.8244,38.76281,298.18,0.48,0.48,2026-08-24,00:09:00,N21,nominal,2.0NRT,288.09,8.37,N,VIIRS
48.82025,38.76041,354.08,0.48,0.48,2026-08-24,00:09:00,N21,nominal,2.0NRT,292.94,8.37,N,VIIRS
48.96904,38.08874,301.48,0.44,0.46,2026-08-24,00:09:00,N21,nominal,2.0NRT,287.52,0.85,N,VIIRS
48.9694,38.089,301.14,0.44,0.46,2026-08-24,00:09:00,N21,nominal,2.0NRT,287.55,0.9,N,VIIRS
48.92913,38.23684,299.12,0.45,0.47,2026-08-24,00:09:00,N21,nominal,2.0NRT,287.48,0.57,N,VIIRS
48.78803,38.60254,327.1,0.47,0.48,2026-08-24,00:09:00,N21,nominal,2.0NRT,289.77,3.07,N,VIIRS
48.82834,38.44005,310.87,0.46,0.47,2026-08-24,00:09:00,N21,nominal,2.0NRT,288.71,1.42,N,VIIRS
48.78957,38.59637,302.29,0.47,0.48,2026-08-24,00:09:00,N21,nominal,2.0NRT,288.53,1.78,N,VIIRS
48.9571,37.89426,297.81,0.44,0.46,2026-08-24,00:09:00,N21,nominal,2.0NRT,287.41,0.51,N,VIIRS
48.93271,37.69003,298.16,0.43,0.46,2026-08-24,00:09:00,N21,nominal,2.0NRT,287.41,0.46,N,VIIRS
50.20677,31.35998,300.23,0.4,0.37,2026-08-24,00:09:00,N21,nominal,2.0NRT,289.86,0.94,N,VIIRS
48.36659,39.74369,309.11,0.54,0.51,2026-08-24,00:09:00,N21,nominal,2.0NRT,290.16,1.38,N,VIIRS
48.8196,37.8221,303.65,0.44,0.46,2026-08-24,00:09:00,N21,nominal,2.0NRT,287.07,0.59,N,VIIRS
48.74823,38.09474,319.08,0.45,0.47,2026-08-24,00:09:00,N21,nominal,2.0NRT,288.09,1.73,N,VIIRS
48.74936,38.09451,305.64,0.45,0.47,2026-08-24,00:09:00,N21,nominal,2.0NRT,287.92,1.26,N,VIIRS
48.74796,38.1003,304.72,0.45,0.47,2026-08-24,00:09:00,N21,nominal,2.0NRT,287.46,1.26,N,VIIRS
48.73591,38.09303,298.77,0.45,0.47,2026-08-24,00:09:00,N21,nominal,2.0NRT,287.64,0.51,N,VIIRS
48.30982,39.52182,304.46,0.53,0.5,2026-08-24,00:09:00,N21,nominal,2.0NRT,289.56,1.13,N,VIIRS
48.2047,39.92111,304.64,0.56,0.51,2026-08-24,00:09:00,N21,nominal,2.0NRT,289.61,4.27,N,VIIRS
48.30723,39.51265,320.49,0.53,0.5,2026-08-24,00:09:00,N21,nominal,2.0NRT,290.38,2.66,N,VIIRS
48.30896,39.50601,312.86,0.53,0.5,2026-08-24,00:09:00,N21,nominal,2.0NRT,290.16,2.66,N,VIIRS
48.30206,39.49422,308.62,0.53,0.5,2026-08-24,00:09:00,N21,nominal,2.0NRT,290.2,2.07,N,VIIRS
48.20297,39.87001,306.08,0.55,0.51,2026-08-24,00:09:00,N21,nominal,2.0NRT,289.94,2.66,N,VIIRS
48.20105,39.87722,310.83,0.55,0.51,2026-08-24,00:09:00,N21,nominal,2.0NRT,290.46,2.66,N,VIIRS
48.19859,39.86731,333.11,0.55,0.51,2026-08-24,00:09:00,N21,nominal,2.0NRT,291.1,2.66,N,VIIRS
48.19668,39.8745,308.18,0.55,0.51,2026-08-24,00:09:00,N21,nominal,2.0NRT,290.53,2.66,N,VIIRS
48.29155,39.49625,342.63,0.53,0.5,2026-08-24,00:09:00,N21,nominal,2.0NRT,292.14,6.4,N,VIIRS
48.2933,39.48954,306.04,0.53,0.5,2026-08-24,00:09:00,N21,nominal,2.0NRT,290.41,1.69,N,VIIRS
48.28894,39.48712,307.5,0.53,0.5,2026-08-24,00:09:00,N21,nominal,2.0NRT,290.79,1.69,N,VIIRS
48.28716,39.49392,307.95,0.53,0.5,2026-08-24,00:09:00,N21,nominal,2.0NRT,290.88,6.4,N,VIIRS
48.46733,38.75903,302.95,0.49,0.48,2026-08-24,00:09:00,N21,nominal,2.0NRT,290.5,0.92,N,VIIRS
48.27851,39.48883,301.04,0.53,0.5,2026-08-24,00:09:00,N21,nominal,2.0NRT,290.36,0.99,N,VIIRS
48.27238,39.49316,320.71,0.53,0.5,2026-08-24,00:09:00,N21,nominal,2.0NRT,291.09,3.72,N,VIIRS
48.46316,38.75657,307,0.49,0.48,2026-08-24,00:09:00,N21,nominal,2.0NRT,291.14,1.98,N,VIIRS
48.27604,39.47921,316.27,0.53,0.5,2026-08-24,00:09:00,N21,nominal,2.0NRT,291.01,3.96,N,VIIRS
48.27422,39.48617,301.7,0.53,0.5,2026-08-24,00:09:00,N21,nominal,2.0NRT,290.49,3.72,N,VIIRS
48.2699,39.48359,327.31,0.53,0.5,2026-08-24,00:09:00,N21,nominal,2.0NRT,291.79,3.72,N,VIIRS
48.26805,39.49061,334.91,0.53,0.5,2026-08-24,00:09:00,N21,nominal,2.0NRT,291.97,3.72,N,VIIRS
48.25203,39.55136,333.2,0.53,0.5,2026-08-24,00:09:00,N21,nominal,2.0NRT,291.79,6.21,N,VIIRS
50.0871,31.05273,310.65,0.39,0.36,2026-08-24,00:09:00,N21,nominal,2.0NRT,288.5,1,N,VIIRS
50.08619,31.05808,295,0.39,0.36,2026-08-24,00:09:00,N21,nominal,2.0NRT,284.03,1,N,VIIRS
48.28858,39.48822,312.88,0.53,0.5,2026-08-24,00:09:00,N21,nominal,2.0NRT,290.75,1.54,N,VIIRS
48.28683,39.49502,305.52,0.53,0.5,2026-08-24,00:09:00,N21,nominal,2.0NRT,290.88,1.54,N,VIIRS
48.4635,38.75737,304.89,0.49,0.48,2026-08-24,00:09:00,N21,nominal,2.0NRT,290.75,1.71,N,VIIRS
48.27818,39.48995,303.58,0.53,0.5,2026-08-24,00:09:00,N21,nominal,2.0NRT,290.48,2.81,N,VIIRS
48.27208,39.4943,321.23,0.53,0.5,2026-08-24,00:09:00,N21,nominal,2.0NRT,291.23,2.92,N,VIIRS
48.27568,39.48028,318.12,0.53,0.5,2026-08-24,00:09:00,N21,nominal,2.0NRT,291.28,2.81,N,VIIRS
48.26956,39.48469,329.8,0.53,0.5,2026-08-24,00:09:00,N21,nominal,2.0NRT,291.78,4.05,N,VIIRS
48.26775,39.49173,329.02,0.53,0.5,2026-08-24,00:09:00,N21,nominal,2.0NRT,291.69,4.3,N,VIIRS
48.25203,39.55269,331.57,0.53,0.5,2026-08-24,00:09:00,N21,nominal,2.0NRT,291.95,3.59,N,VIIRS
48.88805,36.94723,301.61,0.4,0.44,2026-08-24,00:09:00,N21,nominal,2.0NRT,286.58,1.14,N,VIIRS
48.27135,39.47773,305.83,0.53,0.5,2026-08-24,00:09:00,N21,nominal,2.0NRT,290.65,4.05,N,VIIRS
48.26697,39.47541,329.67,0.53,0.5,2026-08-24,00:09:00,N21,nominal,2.0NRT,291.73,4.05,N,VIIRS
48.24772,39.55002,311.1,0.53,0.5,2026-08-24,00:09:00,N21,nominal,2.0NRT,291.51,3.59,N,VIIRS
48.22876,39.58453,326.65,0.54,0.51,2026-08-24,00:09:00,N21,nominal,2.0NRT,291.74,3.68,N,VIIRS
48.84401,36.91198,300.55,0.4,0.44,2026-08-24,00:09:00,N21,nominal,2.0NRT,286.42,0.54,N,VIIRS
48.17355,39.62278,301.87,0.54,0.51,2026-08-24,00:09:00,N21,nominal,2.0NRT,289.04,0.65,N,VIIRS
48.84018,36.9098,307.61,0.4,0.44,2026-08-24,00:09:00,N21,nominal,2.0NRT,287.14,0.54,N,VIIRS
48.49477,38.19519,323.77,0.46,0.47,2026-08-24,00:09:00,N21,nominal,2.0NRT,288.44,3.12,N,VIIRS
48.49183,38.20701,304.28,0.46,0.47,2026-08-24,00:09:00,N21,nominal,2.0NRT,287.89,1.39,N,VIIRS
48.48627,38.21061,302.75,0.46,0.47,2026-08-24,00:09:00,N21,nominal,2.0NRT,287.85,0.72,N,VIIRS
48.49677,38.19689,322.38,0.46,0.47,2026-08-24,00:09:00,N21,nominal,2.0NRT,288.26,2.25,N,VIIRS
48.49388,38.20876,299.19,0.46,0.47,2026-08-24,00:09:00,N21,nominal,2.0NRT,288.03,1.47,N,VIIRS
48.48426,38.21,299.62,0.46,0.47,2026-08-24,00:09:00,N21,nominal,2.0NRT,287.79,0.57,N,VIIRS
48.4674,38.2409,298.59,0.46,0.47,2026-08-24,00:09:00,N21,nominal,2.0NRT,287.44,0.44,N,VIIRS
48.61826,37.55823,308.2,0.43,0.46,2026-08-24,00:09:00,N21,nominal,2.0NRT,287.67,1.32,N,VIIRS
48.59451,37.54445,303.33,0.43,0.46,2026-08-24,00:09:00,N21,nominal,2.0NRT,287.84,0.85,N,VIIRS
48.59317,37.55006,298.41,0.43,0.46,2026-08-24,00:09:00,N21,nominal,2.0NRT,287.88,0.85,N,VIIRS
48.54355,37.69998,337.64,0.44,0.46,2026-08-24,00:09:00,N21,nominal,2.0NRT,288.44,5.72,N,VIIRS
48.98493,35.49949,299.43,0.53,0.42,2026-08-24,00:09:00,N21,nominal,2.0NRT,284.47,0.86,N,VIIRS
48.61411,37.09314,300.75,0.41,0.45,2026-08-24,00:09:00,N21,nominal,2.0NRT,286.51,0.47,N,VIIRS
48.58501,37.17967,316.69,0.42,0.45,2026-08-24,00:09:00,N21,nominal,2.0NRT,286.38,1.36,N,VIIRS
50.54293,26.25849,320.76,0.42,0.38,2026-08-24,00:09:00,N21,nominal,2.0NRT,286.97,3.06,N,VIIRS
48.10649,38.95841,300.13,0.51,0.49,2026-08-24,00:09:00,N21,nominal,2.0NRT,289.48,0.74,N,VIIRS
48.10443,38.92833,309.37,0.51,0.49,2026-08-24,00:09:00,N21,nominal,2.0NRT,289.89,1.7,N,VIIRS
48.10015,38.92599,305.05,0.51,0.49,2026-08-24,00:09:00,N21,nominal,2.0NRT,289.99,1.7,N,VIIRS
48.37511,37.662,302.96,0.44,0.46,2026-08-24,00:09:00,N21,nominal,2.0NRT,287.2,1.2,N,VIIRS
48.36969,37.66558,303.72,0.44,0.46,2026-08-24,00:09:00,N21,nominal,2.0NRT,287.73,1.21,N,VIIRS
48.36829,37.67146,299.03,0.44,0.46,2026-08-24,00:09:00,N21,nominal,2.0NRT,287.51,0.65,N,VIIRS
48.36428,37.66914,301.65,0.44,0.46,2026-08-24,00:09:00,N21,nominal,2.0NRT,287.71,0.65,N,VIIRS
48.48273,37.07561,305.18,0.42,0.45,2026-08-24,00:09:00,N21,nominal,2.0NRT,287.35,0.85,N,VIIRS
48.53775,36.80243,296.83,0.4,0.44,2026-08-24,00:09:00,N21,nominal,2.0NRT,286.54,0.23,N,VIIRS
48.60836,36.4776,302.59,0.39,0.44,2026-08-24,00:09:00,N21,nominal,2.0NRT,287.29,0.87,N,VIIRS
48.60454,36.47558,309.31,0.39,0.44,2026-08-24,00:09:00,N21,nominal,2.0NRT,287.86,1.41,N,VIIRS
48.46582,37.07226,297.05,0.42,0.45,2026-08-24,00:09:00,N21,nominal,2.0NRT,286.61,0.36,N,VIIRS
48.27396,37.85278,307.87,0.45,0.47,2026-08-24,00:09:00,N21,nominal,2.0NRT,286.48,1.18,N,VIIRS
48.44624,37.06152,304.06,0.42,0.45,2026-08-24,00:09:00,N21,nominal,2.0NRT,287.6,0.9,N,VIIRS
48.35339,37.25521,300.99,0.43,0.46,2026-08-24,00:09:00,N21,nominal,2.0NRT,287.5,0.69,N,VIIRS
47.92599,38.7115,303.02,0.5,0.49,2026-08-24,00:09:00,N21,nominal,2.0NRT,290.59,1.01,N,VIIRS
48.31816,37.06533,302.91,0.42,0.45,2026-08-24,00:09:00,N21,nominal,2.0NRT,286.53,0.76,N,VIIRS
48.39863,36.70588,297.81,0.4,0.44,2026-08-24,00:09:00,N21,nominal,2.0NRT,286.08,0.74,N,VIIRS
48.09821,37.92395,301.93,0.46,0.47,2026-08-24,00:09:00,N21,nominal,2.0NRT,289.61,0.95,N,VIIRS
50.05391,27.59111,301.43,0.39,0.36,2026-08-24,00:09:00,N21,nominal,2.0NRT,281.58,0.86,N,VIIRS
48.15278,37.58331,316.83,0.44,0.46,2026-08-24,00:09:00,N21,nominal,2.0NRT,288.17,2.72,N,VIIRS
48.05801,37.95536,306.71,0.46,0.47,2026-08-24,00:09:00,N21,nominal,2.0NRT,291.33,1.01,N,VIIRS
48.03173,37.53708,321.23,0.45,0.47,2026-08-24,00:09:00,N21,nominal,2.0NRT,288.3,4.87,N,VIIRS
48.02768,37.53492,342.14,0.45,0.47,2026-08-24,00:09:00,N21,nominal,2.0NRT,289.79,4.87,N,VIIRS
48.23879,36.62377,298.85,0.4,0.44,2026-08-24,00:09:00,N21,nominal,2.0NRT,286.5,0.39,N,VIIRS
47.93285,37.84852,301.43,0.46,0.47,2026-08-24,00:09:00,N21,nominal,2.0NRT,289.16,1.08,N,VIIRS
48.08126,37.21755,304.7,0.43,0.46,2026-08-24,00:09:00,N21,nominal,2.0NRT,287.53,1.02,N,VIIRS
48.07997,37.22298,300.18,0.43,0.46,2026-08-24,00:09:00,N21,nominal,2.0NRT,287.35,1.02,N,VIIRS
48.07858,37.20999,317.49,0.43,0.46,2026-08-24,00:09:00,N21,nominal,2.0NRT,287.79,2.83,N,VIIRS
48.07727,37.21542,306.68,0.43,0.46,2026-08-24,00:09:00,N21,nominal,2.0NRT,287.16,1.02,N,VIIRS
48.07598,37.22084,305.27,0.43,0.46,2026-08-24,00:09:00,N21,nominal,2.0NRT,287.88,1.02,N,VIIRS
48.29379,36.19832,307.9,0.39,0.44,2026-08-24,00:09:00,N21,nominal,2.0NRT,287.64,0.96,N,VIIRS
48.14112,36.78343,303.27,0.41,0.45,2026-08-24,00:09:00,N21,nominal,2.0NRT,287.3,1.1,N,VIIRS
48.0656,37.01261,308.67,0.42,0.45,2026-08-24,00:09:00,N21,nominal,2.0NRT,287.26,1.98,N,VIIRS
48.49717,35.05468,303.21,0.52,0.42,2026-08-24,00:09:00,N21,nominal,2.0NRT,287.94,0.72,N,VIIRS
47.89975,37.61288,322.37,0.45,0.47,2026-08-24,00:09:00,N21,nominal,2.0NRT,288.83,2.76,N,VIIRS
47.8943,37.61633,341.19,0.45,0.47,2026-08-24,00:09:00,N21,nominal,2.0NRT,289.87,6.93,N,VIIRS
47.89569,37.61063,306.11,0.45,0.47,2026-08-24,00:09:00,N21,nominal,2.0NRT,288.27,2.76,N,VIIRS
48.15638,36.32213,299.36,0.39,0.44,2026-08-24,00:09:00,N21,nominal,2.0NRT,286.91,0.78,N,VIIRS
47.85109,37.476,305.22,0.45,0.47,2026-08-24,00:09:00,N21,nominal,2.0NRT,287.99,1.1,N,VIIRS
48.47113,34.62944,310.62,0.5,0.41,2026-08-24,00:09:00,N21,nominal,2.0NRT,290.33,1.83,N,VIIRS
48.41348,34.90081,303.3,0.52,0.41,2026-08-24,00:09:00,N21,nominal,2.0NRT,288.09,0.99,N,VIIRS
48.15228,36.0505,313.92,0.38,0.44,2026-08-24,00:09:00,N21,nominal,2.0NRT,289.38,1.47,N,VIIRS
47.82421,37.41662,304.79,0.45,0.47,2026-08-24,00:09:00,N21,nominal,2.0NRT,287.22,1.45,N,VIIRS
48.73206,33.16457,297.21,0.45,0.39,2026-08-24,00:09:00,N21,nominal,2.0NRT,286.04,0.81,N,VIIRS
47.81783,37.19833,298.29,0.44,0.46,2026-08-24,00:09:00,N21,nominal,2.0NRT,287.54,0.81,N,VIIRS
47.81747,37.21692,297.53,0.44,0.46,2026-08-24,00:09:00,N21,nominal,2.0NRT,287.15,0.58,N,VIIRS
47.90588,36.76365,300.78,0.42,0.45,2026-08-24,00:09:00,N21,nominal,2.0NRT,287.6,0.91,N,VIIRS
48.07421,35.91455,314.73,0.57,0.43,2026-08-24,00:09:00,N21,nominal,2.0NRT,288.64,2.65,N,VIIRS
47.72101,37.35438,306.92,0.45,0.47,2026-08-24,00:09:00,N21,nominal,2.0NRT,287.91,1.55,N,VIIRS
47.71837,37.32746,299.96,0.44,0.46,2026-08-24,00:09:00,N21,nominal,2.0NRT,287.05,0.78,N,VIIRS
47.71434,37.32524,311.52,0.44,0.46,2026-08-24,00:09:00,N21,nominal,2.0NRT,287.58,1.74,N,VIIRS
47.71028,37.34206,300.96,0.45,0.47,2026-08-24,00:09:00,N21,nominal,2.0NRT,287.62,1.58,N,VIIRS
47.70892,37.34768,308.8,0.45,0.47,2026-08-24,00:09:00,N21,nominal,2.0NRT,287.89,1.34,N,VIIRS
47.70896,37.32863,310.05,0.44,0.46,2026-08-24,00:09:00,N21,nominal,2.0NRT,287.99,1.74,N,VIIRS
47.70493,37.32642,302.43,0.44,0.46,2026-08-24,00:09:00,N21,nominal,2.0NRT,287.75,0.79,N,VIIRS
47.7009,37.32421,303.95,0.44,0.46,2026-08-24,00:09:00,N21,nominal,2.0NRT,287.71,0.79,N,VIIRS
47.87775,36.30012,296.49,0.4,0.44,2026-08-24,00:09:00,N21,nominal,2.0NRT,284.64,1.47,N,VIIRS
47.51787,37.74006,308.94,0.47,0.48,2026-08-24,00:09:00,N21,nominal,2.0NRT,289,2.03,N,VIIRS
47.51375,37.73781,315.17,0.47,0.48,2026-08-24,00:09:00,N21,nominal,2.0NRT,289.93,2.03,N,VIIRS
47.51228,37.74376,312.8,0.47,0.48,2026-08-24,00:09:00,N21,nominal,2.0NRT,289.22,1.72,N,VIIRS
47.75925,36.60364,297.25,0.41,0.45,2026-08-24,00:09:00,N21,nominal,2.0NRT,287.16,0.35,N,VIIRS
47.92741,35.80149,304.22,0.57,0.43,2026-08-24,00:09:00,N21,nominal,2.0NRT,287.65,1.14,N,VIIRS
47.60418,37.14087,300.24,0.44,0.46,2026-08-24,00:09:00,N21,nominal,2.0NRT,287.57,0.61,N,VIIRS
47.9285,35.80219,304.71,0.57,0.43,2026-08-24,00:09:00,N21,nominal,2.0NRT,287.74,0.76,N,VIIRS
47.72879,36.62679,299.04,0.42,0.45,2026-08-24,00:09:00,N21,nominal,2.0NRT,287.56,0.64,N,VIIRS
47.89389,35.88154,336.29,0.38,0.44,2026-08-24,00:09:00,N21,nominal,2.0NRT,293.23,12.24,N,VIIRS
47.89009,35.87959,340.15,0.38,0.44,2026-08-24,00:09:00,N21,nominal,2.0NRT,290.91,12.24,N,VIIRS
47.71967,36.62808,310.91,0.42,0.45,2026-08-24,00:09:00,N21,nominal,2.0NRT,287.39,1.29,N,VIIRS
47.71845,36.63336,302.58,0.42,0.45,2026-08-24,00:09:00,N21,nominal,2.0NRT,287.3,1.29,N,VIIRS
47.59916,37.14254,315.52,0.44,0.46,2026-08-24,00:09:00,N21,nominal,2.0NRT,287.71,3.28,N,VIIRS
47.44823,37.67466,299.59,0.47,0.48,2026-08-24,00:09:00,N21,nominal,2.0NRT,289.11,1.07,N,VIIRS
47.44415,37.6723,313.74,0.47,0.48,2026-08-24,00:09:00,N21,nominal,2.0NRT,289.65,1.07,N,VIIRS
49.01989,29.87807,297.02,0.39,0.36,2026-08-24,00:09:00,N21,nominal,2.0NRT,281.02,0.5,N,VIIRS
47.89372,35.54351,307.1,0.56,0.43,2026-08-24,00:09:00,N21,nominal,2.0NRT,287.9,1.87,N,VIIRS
47.85665,35.65243,305.51,0.57,0.43,2026-08-24,00:09:00,N21,nominal,2.0NRT,287.45,1.55,N,VIIRS
48.55619,32.0625,318.25,0.42,0.38,2026-08-24,00:09:00,N21,nominal,2.0NRT,285.44,1.47,N,VIIRS
48.55283,32.0611,300.56,0.42,0.38,2026-08-24,00:09:00,N21,nominal,2.0NRT,283.2,1.47,N,VIIRS
47.35332,37.558839999999996,299.47,0.46,0.47,2026-08-24,00:09:00,N21,nominal,2.0NRT,288.94,0.48,N,VIIRS
47.61416,36.38596,299.04,0.41,0.45,2026-08-24,00:09:00,N21,nominal,2.0NRT,286.54,0.51,N,VIIRS
47.44323,37.07275,308.17,0.44,0.46,2026-08-24,00:09:00,N21,nominal,2.0NRT,287.78,1.58,N,VIIRS
47.43919,37.07065,312.46,0.44,0.46,2026-08-24,00:09:00,N21,nominal,2.0NRT,288.18,1.58,N,VIIRS
47.43787,37.07617,314.15,0.44,0.46,2026-08-24,00:09:00,N21,nominal,2.0NRT,287.64,1.58,N,VIIRS
47.43251,37.07957,324.59,0.44,0.46,2026-08-24,00:09:00,N21,nominal,2.0NRT,288.99,2.11,N,VIIRS
47.43383,37.07406,318.65,0.44,0.46,2026-08-24,00:09:00,N21,nominal,2.0NRT,288.27,3.14,N,VIIRS
47.42848,37.07743,306.28,0.44,0.46,2026-08-24,00:09:00,N21,nominal,2.0NRT,288.37,2.11,N,VIIRS
47.36997,37.19085,299.23,0.45,0.47,2026-08-24,00:09:00,N21,nominal,2.0NRT,288.31,0.56,N,VIIRS
47.53206,36.36562,297.97,0.41,0.45,2026-08-24,00:09:00,N21,nominal,2.0NRT,287.46,0.6,N,VIIRS
47.76059,35.31467,303.55,0.55,0.43,2026-08-24,00:09:00,N21,nominal,2.0NRT,287.92,1.06,N,VIIRS
47.75904,35.32169,308.31,0.55,0.43,2026-08-24,00:09:00,N21,nominal,2.0NRT,288.22,2.06,N,VIIRS
47.9067,34.62202,310.47,0.52,0.41,2026-08-24,00:09:00,N21,nominal,2.0NRT,285.66,1.8,N,VIIRS
47.89798,34.62525,321.95,0.52,0.41,2026-08-24,00:09:00,N21,nominal,2.0NRT,286.24,2.07,N,VIIRS
47.8994,34.61861,303.66,0.52,0.41,2026-08-24,00:09:00,N21,nominal,2.0NRT,285.45,2.07,N,VIIRS
47.75092,35.17092,306.65,0.54,0.42,2026-08-24,00:09:00,N21,nominal,2.0NRT,289.81,2.26,N,VIIRS
47.62933,35.71437,301.22,0.38,0.43,2026-08-24,00:09:00,N21,nominal,2.0NRT,287.89,0.52,N,VIIRS
47.88208,34.40058,304.32,0.51,0.41,2026-08-24,00:09:00,N21,nominal,2.0NRT,286.48,1.44,N,VIIRS
47.87368,34.43972,295.97,0.51,0.41,2026-08-24,00:09:00,N21,nominal,2.0NRT,285.09,0.56,N,VIIRS
47.88122,34.39986,302.68,0.51,0.41,2026-08-24,00:09:00,N21,nominal,2.0NRT,285.78,1.34,N,VIIRS
47.87298,34.43911,296.04,0.51,0.41,2026-08-24,00:09:00,N21,nominal,2.0NRT,285.17,0.43,N,VIIRS
47.876220000000004,34.40472,298.37,0.51,0.41,2026-08-24,00:09:00,N21,nominal,2.0NRT,286.46,1.19,N,VIIRS
47.85242,34.47992,300.77,0.51,0.41,2026-08-24,00:09:00,N21,nominal,2.0NRT,285.78,0.89,N,VIIRS
47.72243,35.04919,299.81,0.54,0.42,2026-08-24,00:09:00,N21,nominal,2.0NRT,289.08,0.56,N,VIIRS
47.44214,36.28343,297.24,0.41,0.45,2026-08-24,00:09:00,N21,nominal,2.0NRT,287.07,0.57,N,VIIRS
47.43823,36.28143,306.48,0.41,0.45,2026-08-24,00:09:00,N21,nominal,2.0NRT,286.86,0.98,N,VIIRS
47.43705,36.28657,312.7,0.41,0.45,2026-08-24,00:09:00,N21,nominal,2.0NRT,287.32,2.68,N,VIIRS
47.43195,36.28972,321.84,0.41,0.45,2026-08-24,00:09:00,N21,nominal,2.0NRT,288.19,2.68,N,VIIRS
47.80886,34.45928,296.59,0.51,0.41,2026-08-24,00:09:00,N21,nominal,2.0NRT,286.08,0.76,N,VIIRS
47.72624,34.74986,297.41,0.53,0.42,2026-08-24,00:09:00,N21,nominal,2.0NRT,286.51,0.48,N,VIIRS
47.64136,34.94218,305.6,0.54,0.42,2026-08-24,00:09:00,N21,nominal,2.0NRT,288.12,1.24,N,VIIRS
47.35298,36.23677,305.41,0.41,0.45,2026-08-24,00:09:00,N21,nominal,2.0NRT,287.25,0.85,N,VIIRS
47.34905,36.23487,297.7,0.41,0.45,2026-08-24,00:09:00,N21,nominal,2.0NRT,287.18,0.85,N,VIIRS
47.35192,36.18436,299.67,0.41,0.45,2026-08-24,00:09:00,N21,nominal,2.0NRT,287.01,0.63,N,VIIRS
47.2072,36.76782,301.76,0.43,0.46,2026-08-24,00:09:00,N21,nominal,2.0NRT,288.46,1.31,N,VIIRS
47.33806,36.01801,313.77,0.4,0.44,2026-08-24,00:09:00,N21,nominal,2.0NRT,288.64,1.39,N,VIIRS
47.33689,36.02308,303.87,0.4,0.44,2026-08-24,00:09:00,N21,nominal,2.0NRT,288.15,1.64,N,VIIRS
47.33571,36.02818,317.19,0.4,0.44,2026-08-24,00:09:00,N21,nominal,2.0NRT,288.64,1.64,N,VIIRS
47.33417,36.01609,316.93,0.4,0.44,2026-08-24,00:09:00,N21,nominal,2.0NRT,288.94,1.67,N,VIIRS
47.33028,36.01418,311.48,0.4,0.44,2026-08-24,00:09:00,N21,nominal,2.0NRT,288.54,1.67,N,VIIRS
47.3291,36.01927,313.09,0.4,0.44,2026-08-24,00:09:00,N21,nominal,2.0NRT,288.8,2.43,N,VIIRS
47.32402,36.02251,302.44,0.4,0.44,2026-08-24,00:09:00,N21,nominal,2.0NRT,288.59,1.01,N,VIIRS
47.14445,36.74769,303.15,0.43,0.46,2026-08-24,00:09:00,N21,nominal,2.0NRT,288.79,1.34,N,VIIRS
47.31234,36.01682,325.17,0.4,0.44,2026-08-24,00:09:00,N21,nominal,2.0NRT,289.48,3.42,N,VIIRS
47.26476,36.22102,334.78,0.41,0.45,2026-08-24,00:09:00,N21,nominal,2.0NRT,288.66,3.09,N,VIIRS
47.14044,36.74562,322.33,0.43,0.46,2026-08-24,00:09:00,N21,nominal,2.0NRT,289.66,1.34,N,VIIRS
47.31116,36.02188,314.28,0.4,0.44,2026-08-24,00:09:00,N21,nominal,2.0NRT,287.61,2.25,N,VIIRS
47.26356,36.22614,304.82,0.41,0.45,2026-08-24,00:09:00,N21,nominal,2.0NRT,288.48,1.93,N,VIIRS
47.15479,36.68573,301.84,0.43,0.46,2026-08-24,00:09:00,N21,nominal,2.0NRT,289.07,0.45,N,VIIRS
47.86858,33.44918,327.36,0.47,0.4,2026-08-24,00:09:00,N21,nominal,2.0NRT,291.41,5.44,N,VIIRS
47.13643,36.74356,323.83,0.43,0.46,2026-08-24,00:09:00,N21,nominal,2.0NRT,289.99,3.62,N,VIIRS
47.87601,33.41282,303.71,0.47,0.4,2026-08-24,00:09:00,N21,nominal,2.0NRT,291.71,1.54,N,VIIRS
47.87106,33.43706,310.88,0.47,0.4,2026-08-24,00:09:00,N21,nominal,2.0NRT,290.28,2.54,N,VIIRS
47.86982,33.44312,300.21,0.47,0.4,2026-08-24,00:09:00,N21,nominal,2.0NRT,288.8,2.54,N,VIIRS
47.30845,36.01488,319.96,0.4,0.44,2026-08-24,00:09:00,N21,nominal,2.0NRT,288.85,2.5,N,VIIRS
47.30728,36.01991,306.77,0.4,0.44,2026-08-24,00:09:00,N21,nominal,2.0NRT,288.67,1.44,N,VIIRS
47.1351,36.74907,314.82,0.43,0.46,2026-08-24,00:09:00,N21,nominal,2.0NRT,289.07,3.62,N,VIIRS
47.13109,36.747,334.54,0.43,0.46,2026-08-24,00:09:00,N21,nominal,2.0NRT,290.95,3.62,N,VIIRS
47.87126,33.4173,312.44,0.47,0.4,2026-08-24,00:09:00,N21,nominal,2.0NRT,289.4,1.54,N,VIIRS
47.87041,33.41681,311.32,0.47,0.4,2026-08-24,00:09:00,N21,nominal,2.0NRT,289.2,1.55,N,VIIRS
47.13974,36.74495,325.41,0.43,0.46,2026-08-24,00:09:00,N21,nominal,2.0NRT,289.92,2.73,N,VIIRS
47.30818,36.0139,310.18,0.4,0.44,2026-08-24,00:09:00,N21,nominal,2.0NRT,288.57,1.26,N,VIIRS
47.1538,36.68486,299.52,0.43,0.46,2026-08-24,00:09:00,N21,nominal,2.0NRT,288.88,0.66,N,VIIRS
47.15252,36.69033,300.32,0.43,0.46,2026-08-24,00:09:00,N21,nominal,2.0NRT,288.34,0.66,N,VIIRS
47.13443,36.74841,328.64,0.43,0.46,2026-08-24,00:09:00,N21,nominal,2.0NRT,290,3.58,N,VIIRS
47.13573,36.74288,313.2,0.43,0.46,2026-08-24,00:09:00,N21,nominal,2.0NRT,289.68,2.73,N,VIIRS
47.13042,36.74633,325.55,0.43,0.46,2026-08-24,00:09:00,N21,nominal,2.0NRT,290.5,3.51,N,VIIRS
47.24209,35.98104,322.05,0.4,0.44,2026-08-24,00:09:00,N21,nominal,2.0NRT,288.77,2.62,N,VIIRS
47.40912,35.22393,301.77,0.56,0.43,2026-08-24,00:09:00,N21,nominal,2.0NRT,288.71,1.63,N,VIIRS
47.40597,35.23807,314.54,0.56,0.43,2026-08-24,00:09:00,N21,nominal,2.0NRT,289.11,2.55,N,VIIRS
47.4044,35.24515,316.91,0.56,0.43,2026-08-24,00:09:00,N21,nominal,2.0NRT,288.87,2.55,N,VIIRS
47.73519,33.68403,299.24,0.48,0.4,2026-08-24,00:09:00,N21,nominal,2.0NRT,288.3,6.43,N,VIIRS
47.0592,36.68597,323.53,0.43,0.46,2026-08-24,00:09:00,N21,nominal,2.0NRT,289.72,2.94,N,VIIRS
47.46419,34.73963,303.25,0.53,0.42,2026-08-24,00:09:00,N21,nominal,2.0NRT,288.39,1.71,N,VIIRS
46.96984,36.79386,301.97,0.44,0.46,2026-08-24,00:09:00,N21,nominal,2.0NRT,289.39,0.7,N,VIIRS
47.18441,35.83386,299.22,0.4,0.44,2026-08-24,00:09:00,N21,nominal,2.0NRT,288.9,1.05,N,VIIRS
47.18055,35.83191,312.37,0.4,0.44,2026-08-24,00:09:00,N21,nominal,2.0NRT,288.31,1.05,N,VIIRS
47.17669,35.82998,309.96,0.4,0.44,2026-08-24,00:09:00,N21,nominal,2.0NRT,288.57,0.87,N,VIIRS
47.16894,35.82616,313.43,0.4,0.44,2026-08-24,00:09:00,N21,nominal,2.0NRT,288.57,0.99,N,VIIRS
47.14371,35.78596,303.59,0.4,0.44,2026-08-24,00:09:00,N21,nominal,2.0NRT,288.32,0.65,N,VIIRS
47.12638,35.86115,314.26,0.4,0.44,2026-08-24,00:09:00,N21,nominal,2.0NRT,288.5,1.09,N,VIIRS
47.12522,35.86618,300.8,0.4,0.44,2026-08-24,00:09:00,N21,nominal,2.0NRT,288.23,1.09,N,VIIRS
47.0839,35.94997,298.13,0.4,0.44,2026-08-24,00:09:00,N21,nominal,2.0NRT,288,0.66,N,VIIRS
47.39494,34.46212,303.54,0.52,0.42,2026-08-24,00:09:00,N21,nominal,2.0NRT,286.07,0.78,N,VIIRS
47.39354,34.46871,298.24,0.52,0.42,2026-08-24,00:09:00,N21,nominal,2.0NRT,285.13,0.78,N,VIIRS
46.89008,36.67118,300.25,0.44,0.46,2026-08-24,00:09:00,N21,nominal,2.0NRT,289.23,0.35,N,VIIRS
47.07003,35.8588,306.79,0.4,0.44,2026-08-24,00:09:00,N21,nominal,2.0NRT,288.97,1.29,N,VIIRS
47.36953,34.48668,298.1,0.52,0.42,2026-08-24,00:09:00,N21,nominal,2.0NRT,287.8,0.63,N,VIIRS
46.89463,36.57574,321.71,0.43,0.46,2026-08-24,00:09:00,N21,nominal,2.0NRT,289.17,2.72,N,VIIRS
48.74681,26.60334,299.93,0.4,0.37,2026-08-24,00:09:00,N21,nominal,2.0NRT,286.64,1.38,N,VIIRS
46.88934,36.57906,322.68,0.43,0.46,2026-08-24,00:09:00,N21,nominal,2.0NRT,289.28,2.43,N,VIIRS
46.89062,36.57367,302.54,0.43,0.46,2026-08-24,00:09:00,N21,nominal,2.0NRT,288.79,2.43,N,VIIRS
46.88533,36.57702,331.34,0.43,0.46,2026-08-24,00:09:00,N21,nominal,2.0NRT,289.96,2.43,N,VIIRS
46.88404,36.58246,298.86,0.43,0.46,2026-08-24,00:09:00,N21,nominal,2.0NRT,288.23,0.92,N,VIIRS
46.8826,36.56957,321.31,0.43,0.46,2026-08-24,00:09:00,N21,nominal,2.0NRT,288.89,1.57,N,VIIRS
46.88002,36.58044,308.41,0.43,0.46,2026-08-24,00:09:00,N21,nominal,2.0NRT,288.89,1.61,N,VIIRS
46.87872,36.58592,315.46,0.43,0.46,2026-08-24,00:09:00,N21,nominal,2.0NRT,289.46,1.61,N,VIIRS
46.87859,36.56753,320.93,0.43,0.46,2026-08-24,00:09:00,N21,nominal,2.0NRT,289.31,1.57,N,VIIRS
50.54689,26.25848,296.91,0.69,0.74,2026-08-24,01:49:00,N21,nominal,2.0NRT,282.08,2.34,N,VIIRS
50.54312,26.26095,306.92,0.69,0.74,2026-08-24,01:49:00,N21,nominal,2.0NRT,283.07,2.11,N,VIIRS
49.09856,37.29784,331.62,0.46,0.39,2026-08-24,09:56:00,N21,nominal,2.0NRT,303.02,4.41,D,VIIRS
50.0474,37.68787,337.63,0.43,0.38,2026-08-24,09:56:00,N21,nominal,2.0NRT,307.55,5.96,D,VIIRS
50.14875,37.57512,341.96,0.44,0.38,2026-08-24,09:56:00,N21,nominal,2.0NRT,306.43,5.14,D,VIIRS
50.15889,37.45468,336,0.44,0.38,2026-08-24,09:56:00,N21,nominal,2.0NRT,302.67,4.81,D,VIIRS
50.1759,37.48557,331.68,0.44,0.38,2026-08-24,09:56:00,N21,nominal,2.0NRT,302.31,5.41,D,VIIRS
50.1923,37.50819,342.89,0.44,0.38,2026-08-24,09:56:00,N21,nominal,2.0NRT,304.18,9.18,D,VIIRS
49.97401,35.98275,332.66,0.49,0.4,2026-08-24,09:56:00,N21,nominal,2.0NRT,301.69,5.69,D,VIIRS
50.21246,37.13382,335.26,0.45,0.39,2026-08-24,09:56:00,N21,nominal,2.0NRT,301.58,3.24,D,VIIRS
50.21588,37.13221,342.57,0.45,0.39,2026-08-24,09:56:00,N21,nominal,2.0NRT,307.12,8.44,D,VIIRS
50.0074,36.08816,330.84,0.48,0.4,2026-08-24,09:56:00,N21,nominal,2.0NRT,298.53,5.16,D,VIIRS
50.23331,37.2028,336.22,0.44,0.39,2026-08-24,09:56:00,N21,nominal,2.0NRT,300.13,5.4,D,VIIRS
50.11442,36.53296,330.5,0.47,0.39,2026-08-24,09:56:00,N21,nominal,2.0NRT,299.38,2.54,D,VIIRS
50.21929,37.01694,353.21,0.45,0.39,2026-08-24,09:56:00,N21,nominal,2.0NRT,311.01,28.55,D,VIIRS
50.21687,37.00475,354.6,0.45,0.39,2026-08-24,09:56:00,N21,nominal,2.0NRT,306.83,12.35,D,VIIRS
50.22272,37.0153,332.97,0.45,0.39,2026-08-24,09:56:00,N21,nominal,2.0NRT,301.4,28.93,D,VIIRS
49.26686,37.99113,342.05,0.44,0.38,2026-08-24,09:56:00,N21,nominal,2.0NRT,310.17,13.71,D,VIIRS
50.22151,37.0092,345.69,0.45,0.39,2026-08-24,09:56:00,N21,nominal,2.0NRT,316.62,28.93,D,VIIRS
50.2203,37.00309,344.73,0.45,0.39,2026-08-24,09:56:00,N21,nominal,2.0NRT,307.87,20.62,D,VIIRS
50.27453,37.2215,340.16,0.44,0.39,2026-08-24,09:56:00,N21,nominal,2.0NRT,303.91,2.84,D,VIIRS
50.26461,37.09471,335.73,0.45,0.39,2026-08-24,09:56:00,N21,nominal,2.0NRT,303.59,4.43,D,VIIRS
50.3179,36.85429,330.92,0.45,0.39,2026-08-24,09:56:00,N21,nominal,2.0NRT,303.19,4.06,D,VIIRS
49.2584,32.11318,340.84,0.47,0.48,2026-08-24,09:56:00,N21,nominal,2.0NRT,300.98,5.51,D,VIIRS
49.04503,31.16321,339.22,0.53,0.5,2026-08-24,09:56:00,N21,nominal,2.0NRT,301.53,18.14,D,VIIRS
47.53185,36.36494,341.17,0.53,0.42,2026-08-24,09:56:00,N21,nominal,2.0NRT,310.05,11.96,D,VIIRS
50.31416,36.08946,334.18,0.48,0.4,2026-08-24,09:56:00,N21,nominal,2.0NRT,302.6,3.17,D,VIIRS
50.40078,36.03893,331.19,0.48,0.4,2026-08-24,09:56:00,N21,nominal,2.0NRT,297.74,5.31,D,VIIRS
44.53143,34.13661,338.57,0.52,0.5,2026-08-24,09:56:00,N21,nominal,2.0NRT,300.39,19.88,D,VIIRS
44.53037,34.13232,352.03,0.52,0.5,2026-08-24,09:56:00,N21,nominal,2.0NRT,304.42,30.06,D,VIIRS
44.52927,34.12787,348.35,0.52,0.5,2026-08-24,09:56:00,N21,nominal,2.0NRT,302.94,30.06,D,VIIRS
45.18958,35.42376,337.3,0.43,0.46,2026-08-24,09:56:00,N21,nominal,2.0NRT,306.36,8.19,D,VIIRS
45.18835,35.4185,336.62,0.43,0.46,2026-08-24,09:56:00,N21,nominal,2.0NRT,306.86,8.19,D,VIIRS
46.27213,34.81645,341.45,0.43,0.46,2026-08-24,09:56:00,N21,low,2.0NRT,311.87,5.73,D,VIIRS
46.53272,35.56575,336.56,0.4,0.44,2026-08-24,09:56:00,N21,low,2.0NRT,310.05,3.19,D,VIIRS
46.54099,35.5454,345.88,0.4,0.44,2026-08-24,09:56:00,N21,nominal,2.0NRT,310.56,9.54,D,VIIRS
46.54488,35.54359,342.3,0.4,0.44,2026-08-24,09:56:00,N21,nominal,2.0NRT,310.46,9.54,D,VIIRS
46.54763,35.53679,344.14,0.4,0.44,2026-08-24,09:56:00,N21,nominal,2.0NRT,310.98,7.95,D,VIIRS
46.86023,36.55942,335.66,0.54,0.42,2026-08-24,09:56:00,N21,nominal,2.0NRT,310.11,3.84,D,VIIRS
46.73255,35.9515,338.64,0.57,0.43,2026-08-24,09:56:00,N21,nominal,2.0NRT,312.46,4.76,D,VIIRS
46.87087,36.56083,354.17,0.54,0.42,2026-08-24,09:56:00,N21,nominal,2.0NRT,311.53,10.46,D,VIIRS
46.6614,35.61701,336.59,0.39,0.44,2026-08-24,09:56:00,N21,low,2.0NRT,311.33,4.67,D,VIIRS
46.73376,35.91932,339.02,0.57,0.43,2026-08-24,09:56:00,N21,nominal,2.0NRT,312.76,11.85,D,VIIRS
46.73757,35.91752,337.26,0.57,0.43,2026-08-24,09:56:00,N21,nominal,2.0NRT,311.53,6.59,D,VIIRS
46.50615,34.88762,341.4,0.43,0.46,2026-08-24,09:56:00,N21,low,2.0NRT,311.87,7.82,D,VIIRS
46.89672,36.58621,334.46,0.53,0.42,2026-08-24,09:56:00,N21,low,2.0NRT,307.39,2.94,D,VIIRS
46.20245,33.53356,340.36,0.5,0.49,2026-08-24,09:56:00,N21,nominal,2.0NRT,307.94,3.73,D,VIIRS
46.200920000000004,33.52741,337.82,0.5,0.49,2026-08-24,09:56:00,N21,low,2.0NRT,308.63,3.73,D,VIIRS
46.3007,33.91381,367,0.48,0.48,2026-08-24,09:56:00,N21,high,2.0NRT,308.88,9.9,D,VIIRS
46.38138,34.24739,337.75,0.46,0.47,2026-08-24,09:56:00,N21,nominal,2.0NRT,311.31,3.62,D,VIIRS
46.29928,33.90797,339.17,0.48,0.48,2026-08-24,09:56:00,N21,nominal,2.0NRT,309.68,9.9,D,VIIRS
46.3855,34.24538,341.86,0.46,0.47,2026-08-24,09:56:00,N21,nominal,2.0NRT,311.66,4.49,D,VIIRS
46.81568,36.06213,345.25,0.56,0.43,2026-08-24,09:56:00,N21,nominal,2.0NRT,311.58,6.01,D,VIIRS
46.63964,35.25595,331.97,0.41,0.45,2026-08-24,09:56:00,N21,nominal,2.0NRT,306.86,3.1,D,VIIRS
46.54269,34.83464,344.43,0.43,0.46,2026-08-24,09:56:00,N21,nominal,2.0NRT,314.72,12.8,D,VIIRS
46.57927,34.8583,341.77,0.43,0.46,2026-08-24,09:56:00,N21,nominal,2.0NRT,312.55,6.95,D,VIIRS
46.57804,34.853,341.47,0.43,0.46,2026-08-24,09:56:00,N21,nominal,2.0NRT,309.94,6.95,D,VIIRS
46.17793,33.18211,353.98,0.52,0.5,2026-08-24,09:56:00,N21,nominal,2.0NRT,310.13,18.19,D,VIIRS
46.4187,34.13363,348.6,0.46,0.47,2026-08-24,09:56:00,N21,nominal,2.0NRT,311.86,11.27,D,VIIRS
46.41665,34.13315,336.81,0.46,0.47,2026-08-24,09:56:00,N21,low,2.0NRT,311.24,4.36,D,VIIRS
46.17941,33.18059,354.2,0.52,0.5,2026-08-24,09:56:00,N21,nominal,2.0NRT,308.38,8.81,D,VIIRS
46.42078,34.13111,343.17,0.46,0.47,2026-08-24,09:56:00,N21,low,2.0NRT,313.37,4.36,D,VIIRS
46.66493,35.13954,338.5,0.41,0.45,2026-08-24,09:56:00,N21,nominal,2.0NRT,311.32,3.4,D,VIIRS
47.02263,36.70519,336.82,0.53,0.42,2026-08-24,09:56:00,N21,nominal,2.0NRT,306.39,8.08,D,VIIRS
46.2284,33.29721,346.35,0.51,0.49,2026-08-24,09:56:00,N21,nominal,2.0NRT,308.28,12.96,D,VIIRS
47.02775,36.71024,344.2,0.53,0.42,2026-08-24,09:56:00,N21,nominal,2.0NRT,310.31,7.64,D,VIIRS
46.88949,36.07472,338.22,0.56,0.43,2026-08-24,09:56:00,N21,nominal,2.0NRT,309.77,3.9,D,VIIRS
47.03143,36.70858,349.19,0.53,0.42,2026-08-24,09:56:00,N21,nominal,2.0NRT,308.82,8.21,D,VIIRS
47.03228,36.69367,344.1,0.53,0.42,2026-08-24,09:56:00,N21,nominal,2.0NRT,308.44,8.77,D,VIIRS
46.80453,35.65611,344.38,0.39,0.44,2026-08-24,09:56:00,N21,nominal,2.0NRT,312.29,5.41,D,VIIRS
46.45792,34.17006,338.51,0.46,0.47,2026-08-24,09:56:00,N21,low,2.0NRT,309.35,6.04,D,VIIRS
46.80838,35.65431,335.57,0.39,0.44,2026-08-24,09:56:00,N21,low,2.0NRT,310.43,2.93,D,VIIRS
46.80728,35.64943,338.81,0.39,0.44,2026-08-24,09:56:00,N21,low,2.0NRT,312.46,2.93,D,VIIRS
46.96548,36.34608,344.7,0.54,0.42,2026-08-24,09:56:00,N21,nominal,2.0NRT,311.85,6.17,D,VIIRS
46.85122,35.82676,339.77,0.38,0.43,2026-08-24,09:56:00,N21,low,2.0NRT,311.25,6.05,D,VIIRS
47.2552,37.70738,349.76,0.48,0.4,2026-08-24,09:56:00,N21,nominal,2.0NRT,308.17,10.47,D,VIIRS
47.05212,36.69209,339.41,0.53,0.42,2026-08-24,09:56:00,N21,nominal,2.0NRT,308.8,2.62,D,VIIRS
46.81001,35.56679,349.35,0.39,0.44,2026-08-24,09:56:00,N21,nominal,2.0NRT,311.75,6.95,D,VIIRS
46.17408,32.90842,342.35,0.53,0.5,2026-08-24,09:56:00,N21,nominal,2.0NRT,308.08,23.28,D,VIIRS
46.94505,36.15755,345.34,0.55,0.43,2026-08-24,09:56:00,N21,nominal,2.0NRT,310.98,13.94,D,VIIRS
46.3794,33.67404,345.83,0.49,0.48,2026-08-24,09:56:00,N21,nominal,2.0NRT,306.91,13.25,D,VIIRS
46.74755,35.1571,339.09,0.41,0.45,2026-08-24,09:56:00,N21,low,2.0NRT,311.16,3.82,D,VIIRS
46.74521,35.14682,351.39,0.41,0.45,2026-08-24,09:56:00,N21,nominal,2.0NRT,320.83,19.66,D,VIIRS
46.75032,35.15011,344.94,0.41,0.45,2026-08-24,09:56:00,N21,nominal,2.0NRT,310.53,19.66,D,VIIRS
46.74798,35.13985,342.33,0.41,0.45,2026-08-24,09:56:00,N21,low,2.0NRT,312.75,5.08,D,VIIRS
46.75309,35.14312,344.55,0.41,0.45,2026-08-24,09:56:00,N21,nominal,2.0NRT,314.11,4.37,D,VIIRS
46.75191,35.13798,338.05,0.41,0.45,2026-08-24,09:56:00,N21,low,2.0NRT,312.33,3.96,D,VIIRS
46.75075,35.13284,342.93,0.41,0.45,2026-08-24,09:56:00,N21,nominal,2.0NRT,312.45,3.96,D,VIIRS
46.75702,35.14125,339.08,0.41,0.45,2026-08-24,09:56:00,N21,nominal,2.0NRT,311.41,4.37,D,VIIRS
46.75585,35.13611,344.4,0.41,0.45,2026-08-24,09:56:00,N21,nominal,2.0NRT,312.29,3.96,D,VIIRS
47.30146,37.61263,334.67,0.48,0.4,2026-08-24,09:56:00,N21,nominal,2.0NRT,306.59,1.33,D,VIIRS
46.93202,35.72186,337.95,0.38,0.44,2026-08-24,09:56:00,N21,nominal,2.0NRT,311.12,1.97,D,VIIRS
47.41397,37.97911,349.37,0.47,0.39,2026-08-24,09:56:00,N21,nominal,2.0NRT,311.64,11.36,D,VIIRS
46.43739,33.6021,340.46,0.49,0.48,2026-08-24,09:56:00,N21,nominal,2.0NRT,305.54,8.38,D,VIIRS
46.4359,33.59611,337.62,0.49,0.48,2026-08-24,09:56:00,N21,low,2.0NRT,310.5,8.38,D,VIIRS
47.0541,36.23663,335.4,0.55,0.42,2026-08-24,09:56:00,N21,nominal,2.0NRT,310.29,4.4,D,VIIRS
47.01285,36.04824,334.81,0.56,0.43,2026-08-24,09:56:00,N21,low,2.0NRT,309.08,17.29,D,VIIRS
46.40114,33.43667,330.98,0.5,0.49,2026-08-24,09:56:00,N21,low,2.0NRT,305.91,4.86,D,VIIRS
46.87942,35.39363,331.07,0.4,0.44,2026-08-24,09:56:00,N21,nominal,2.0NRT,304.74,1.3,D,VIIRS
46.1966,32.55089,342.29,0.55,0.51,2026-08-24,09:56:00,N21,nominal,2.0NRT,306.22,5.92,D,VIIRS
47.00686,35.92637,333.82,0.56,0.43,2026-08-24,09:56:00,N21,low,2.0NRT,308.27,8.74,D,VIIRS
46.24915,32.69738,330.93,0.54,0.51,2026-08-24,09:56:00,N21,low,2.0NRT,304.42,5.56,D,VIIRS
46.25524,32.70169,342.48,0.54,0.51,2026-08-24,09:56:00,N21,nominal,2.0NRT,305.22,5.56,D,VIIRS
46.66131,34.33651,342.49,0.45,0.47,2026-08-24,09:56:00,N21,nominal,2.0NRT,307.75,6.39,D,VIIRS
47.40424,37.70146,339.98,0.48,0.4,2026-08-24,09:56:00,N21,nominal,2.0NRT,308.73,6.25,D,VIIRS
47.1716,36.49798,336.18,0.53,0.42,2026-08-24,09:56:00,N21,low,2.0NRT,310.8,9.6,D,VIIRS
47.42076,37.68559,335.89,0.48,0.4,2026-08-24,09:56:00,N21,nominal,2.0NRT,310.18,11.58,D,VIIRS
47.17022,36.497,333.2,0.53,0.42,2026-08-24,09:56:00,N21,low,2.0NRT,306.63,4.86,D,VIIRS
47.17392,36.49534,335.67,0.53,0.42,2026-08-24,09:56:00,N21,nominal,2.0NRT,307.4,4.86,D,VIIRS
47.43448,37.63968,367,0.48,0.4,2026-08-24,09:56:00,N21,high,2.0NRT,336.53,98.58,D,VIIRS
47.43803,37.63816,367,0.48,0.4,2026-08-24,09:56:00,N21,high,2.0NRT,321.93,98.58,D,VIIRS
47.43678,37.63202,315.47,0.48,0.4,2026-08-24,09:56:00,N21,low,2.0NRT,316.68,68.3,D,VIIRS
46.63425,33.90337,338.76,0.47,0.47,2026-08-24,09:56:00,N21,low,2.0NRT,309.97,10.48,D,VIIRS
46.63144,33.89178,349.29,0.47,0.48,2026-08-24,09:56:00,N21,nominal,2.0NRT,307.96,6.11,D,VIIRS
46.76794,34.40397,337.86,0.44,0.46,2026-08-24,09:56:00,N21,nominal,2.0NRT,310.11,3.69,D,VIIRS
46.34352,32.60058,334.6,0.54,0.51,2026-08-24,09:56:00,N21,low,2.0NRT,305.02,5.27,D,VIIRS
46.34182,32.59392,338.57,0.54,0.51,2026-08-24,09:56:00,N21,nominal,2.0NRT,303.68,5.27,D,VIIRS
47.51562,37.73727,339.72,0.47,0.4,2026-08-24,09:56:00,N21,low,2.0NRT,309.96,8.98,D,VIIRS
47.12543,35.87725,334.82,0.56,0.43,2026-08-24,09:56:00,N21,nominal,2.0NRT,307.67,4.36,D,VIIRS
46.34792,32.59825,341.52,0.54,0.51,2026-08-24,09:56:00,N21,nominal,2.0NRT,305.73,7.72,D,VIIRS
46.68124,33.90569,354.32,0.47,0.47,2026-08-24,09:56:00,N21,nominal,2.0NRT,310.94,22.43,D,VIIRS
46.73046,34.09236,341.67,0.46,0.47,2026-08-24,09:56:00,N21,nominal,2.0NRT,311.97,19.5,D,VIIRS
46.68259,33.89204,339.97,0.47,0.47,2026-08-24,09:56:00,N21,nominal,2.0NRT,310.59,8.49,D,VIIRS
46.73456,34.09031,341.07,0.46,0.47,2026-08-24,09:56:00,N21,nominal,2.0NRT,307.54,3.58,D,VIIRS
46.88162,34.67968,342.32,0.43,0.46,2026-08-24,09:56:00,N21,nominal,2.0NRT,310,4.2,D,VIIRS
47.06473,35.48796,367,0.39,0.44,2026-08-24,09:56:00,N21,low,2.0NRT,338.55,42.63,D,VIIRS
47.06858,35.48612,342.28,0.39,0.44,2026-08-24,09:56:00,N21,nominal,2.0NRT,307.75,42.63,D,VIIRS
47.06612,35.48535,354.93,0.39,0.44,2026-08-24,09:56:00,N21,nominal,2.0NRT,318.99,16.24,D,VIIRS
46.87907,34.67951,349.52,0.43,0.46,2026-08-24,09:56:00,N21,nominal,2.0NRT,310.84,7.14,D,VIIRS
47.06997,35.48353,342.98,0.39,0.44,2026-08-24,09:56:00,N21,low,2.0NRT,317.2,16.24,D,VIIRS
47.06886,35.47862,337.15,0.39,0.44,2026-08-24,09:56:00,N21,low,2.0NRT,307.37,16.24,D,VIIRS
47.62811,38.08399,333.98,0.46,0.39,2026-08-24,09:56:00,N21,low,2.0NRT,306.8,1.76,D,VIIRS
47.0716,35.47191,337.94,0.39,0.44,2026-08-24,09:56:00,N21,nominal,2.0NRT,307.24,8.81,D,VIIRS
47.04925,35.37384,343.64,0.39,0.44,2026-08-24,09:56:00,N21,low,2.0NRT,314.66,8.37,D,VIIRS
47.05312,35.37199,342.47,0.39,0.44,2026-08-24,09:56:00,N21,nominal,2.0NRT,312.23,8.37,D,VIIRS
47.25626,36.22573,334.77,0.54,0.42,2026-08-24,09:56:00,N21,nominal,2.0NRT,308.13,3.91,D,VIIRS
47.04583,35.26479,355.07,0.4,0.44,2026-08-24,09:56:00,N21,nominal,2.0NRT,308.66,7.77,D,VIIRS
47.052,35.27295,353.05,0.4,0.44,2026-08-24,09:56:00,N21,nominal,2.0NRT,314.43,10.11,D,VIIRS
46.39384,32.56673,341.46,0.54,0.51,2026-08-24,09:56:00,N21,nominal,2.0NRT,304.81,31.77,D,VIIRS
46.39212,32.56009,302.07,0.54,0.51,2026-08-24,09:56:00,N21,low,2.0NRT,303.17,31.77,D,VIIRS
47.1812,35.82823,347.26,0.56,0.43,2026-08-24,09:56:00,N21,nominal,2.0NRT,312.29,9.57,D,VIIRS
47.05703,35.27611,343.81,0.4,0.44,2026-08-24,09:56:00,N21,nominal,2.0NRT,312.62,8.88,D,VIIRS
47.05474,35.26608,343.84,0.4,0.44,2026-08-24,09:56:00,N21,nominal,2.0NRT,313.49,10.11,D,VIIRS
45.52524,29.40688,338,0.4,0.6,2026-08-24,09:56:00,N21,nominal,2.0NRT,293.9,3.62,D,VIIRS
47.56337,37.60981,342.91,0.48,0.4,2026-08-24,09:56:00,N21,nominal,2.0NRT,308.18,15.97,D,VIIRS
47.18656,35.83355,335.51,0.56,0.43,2026-08-24,09:56:00,N21,nominal,2.0NRT,309.53,3.68,D,VIIRS
47.0609,35.27424,341.37,0.4,0.44,2026-08-24,09:56:00,N21,nominal,2.0NRT,310.21,6.41,D,VIIRS
47.05976,35.26923,342.95,0.4,0.44,2026-08-24,09:56:00,N21,low,2.0NRT,313.91,11,D,VIIRS
45.53596,29.42288,340.67,0.4,0.6,2026-08-24,09:56:00,N21,nominal,2.0NRT,295.95,5.29,D,VIIRS
47.92464,39.46275,367,0.42,0.38,2026-08-24,09:56:00,N21,high,2.0NRT,336.45,148.13,D,VIIRS
47.92364,39.45727,347.24,0.42,0.38,2026-08-24,09:56:00,N21,nominal,2.0NRT,309.54,18.55,D,VIIRS
47.92799,39.46143,348,0.42,0.38,2026-08-24,09:56:00,N21,nominal,2.0NRT,316.53,13.95,D,VIIRS
47.92699,39.45595,346.08,0.42,0.38,2026-08-24,09:56:00,N21,nominal,2.0NRT,304.58,6.45,D,VIIRS
47.92598,39.45047,333.8,0.42,0.38,2026-08-24,09:56:00,N21,low,2.0NRT,307.82,6.45,D,VIIRS
47.93134,39.46008,345.57,0.42,0.38,2026-08-24,09:56:00,N21,nominal,2.0NRT,313.47,13.95,D,VIIRS
47.03337,35.09689,338.32,0.41,0.45,2026-08-24,09:56:00,N21,low,2.0NRT,309.32,3.73,D,VIIRS
47.93369,39.45328,338.5,0.42,0.38,2026-08-24,09:56:00,N21,low,2.0NRT,311.28,8.92,D,VIIRS
47.93468,39.45874,367,0.42,0.38,2026-08-24,09:56:00,N21,low,2.0NRT,332.7,110.67,D,VIIRS
47.93803,39.45739,367,0.42,0.38,2026-08-24,09:56:00,N21,low,2.0NRT,328.73,110.67,D,VIIRS
47.66156,37.98594,333.33,0.46,0.39,2026-08-24,09:56:00,N21,low,2.0NRT,306.28,6.43,D,VIIRS
47.04742,35.10139,349.23,0.41,0.45,2026-08-24,09:56:00,N21,nominal,2.0NRT,310.98,5.73,D,VIIRS
47.66505,37.98445,332.55,0.46,0.39,2026-08-24,09:56:00,N21,low,2.0NRT,305.73,6.43,D,VIIRS
47.66386,37.9784,346.11,0.46,0.39,2026-08-24,09:56:00,N21,nominal,2.0NRT,308.54,6.43,D,VIIRS
47.05133,35.09949,345.93,0.41,0.45,2026-08-24,09:56:00,N21,nominal,2.0NRT,309.92,5.73,D,VIIRS
47.95038,39.44637,339.18,0.42,0.38,2026-08-24,09:56:00,N21,nominal,2.0NRT,308.81,27.25,D,VIIRS
47.5187,37.18176,345.84,0.49,0.41,2026-08-24,09:56:00,N21,nominal,2.0NRT,308.39,11.16,D,VIIRS
47.5174,37.17542,344.1,0.49,0.41,2026-08-24,09:56:00,N21,nominal,2.0NRT,309.02,11.16,D,VIIRS
46.53977,32.8675,342.95,0.52,0.5,2026-08-24,09:56:00,N21,nominal,2.0NRT,309.37,7.16,D,VIIRS
47.31965,36.19667,344.65,0.54,0.42,2026-08-24,09:56:00,N21,nominal,2.0NRT,308.77,8.5,D,VIIRS
47.32486,36.20187,338.37,0.54,0.42,2026-08-24,09:56:00,N21,nominal,2.0NRT,308.23,6.97,D,VIIRS
47.92535,39.11378,341.48,0.43,0.38,2026-08-24,09:56:00,N21,low,2.0NRT,312.85,27.7,D,VIIRS
47.92434,39.10828,332.41,0.43,0.38,2026-08-24,09:56:00,N21,low,2.0NRT,306.38,27.7,D,VIIRS
47.35224,36.23417,339.33,0.54,0.42,2026-08-24,09:56:00,N21,nominal,2.0NRT,313.88,4.66,D,VIIRS
47.92385,39.11188,347.66,0.43,0.38,2026-08-24,09:56:00,N21,nominal,2.0NRT,313.36,10.28,D,VIIRS
47.92721,39.11043,337.11,0.43,0.38,2026-08-24,09:56:00,N21,low,2.0NRT,309.66,10.28,D,VIIRS
47.93056,39.10898,344.89,0.43,0.38,2026-08-24,09:56:00,N21,nominal,2.0NRT,310.71,4.17,D,VIIRS
46.56434,32.93892,333.74,0.52,0.5,2026-08-24,09:56:00,N21,low,2.0NRT,304.75,4.43,D,VIIRS
47.93496,39.11306,340.47,0.43,0.38,2026-08-24,09:56:00,N21,nominal,2.0NRT,310.1,4.17,D,VIIRS
47.93393,39.10754,340.06,0.43,0.38,2026-08-24,09:56:00,N21,low,2.0NRT,310.98,4.17,D,VIIRS
47.93729,39.10612,347.59,0.43,0.38,2026-08-24,09:56:00,N21,nominal,2.0NRT,314.56,41.77,D,VIIRS
47.35395,36.23195,338.76,0.54,0.42,2026-08-24,09:56:00,N21,low,2.0NRT,311.51,8.55,D,VIIRS
47.30749,36.00174,347.27,0.55,0.43,2026-08-24,09:56:00,N21,nominal,2.0NRT,312.12,19.56,D,VIIRS
47.4535,36.63658,342.03,0.52,0.41,2026-08-24,09:56:00,N21,nominal,2.0NRT,310.33,19.54,D,VIIRS
46.55654,32.8126,334.35,0.52,0.5,2026-08-24,09:56:00,N21,low,2.0NRT,306.71,1.97,D,VIIRS
47.45716,36.63493,339.94,0.52,0.41,2026-08-24,09:56:00,N21,nominal,2.0NRT,311.96,6.37,D,VIIRS
47.13088,35.14199,344.12,0.4,0.44,2026-08-24,09:56:00,N21,nominal,2.0NRT,311.76,6.43,D,VIIRS
46.57833,32.85944,339.39,0.52,0.5,2026-08-24,09:56:00,N21,low,2.0NRT,311.14,23.34,D,VIIRS
47.32939,36.00724,346.88,0.55,0.43,2026-08-24,09:56:00,N21,nominal,2.0NRT,314.43,11.22,D,VIIRS
47.14975,35.20557,336.8,0.4,0.44,2026-08-24,09:56:00,N21,low,2.0NRT,309.91,2.01,D,VIIRS
46.4504,32.3437,342.24,0.55,0.51,2026-08-24,09:56:00,N21,nominal,2.0NRT,306.27,11.35,D,VIIRS
46.44864,32.33695,343.11,0.55,0.51,2026-08-24,09:56:00,N21,nominal,2.0NRT,306.43,11.35,D,VIIRS
47.39771,36.30176,348.29,0.54,0.42,2026-08-24,09:56:00,N21,nominal,2.0NRT,317.94,107.29,D,VIIRS
47.39624,36.29498,340.67,0.54,0.42,2026-08-24,09:56:00,N21,nominal,2.0NRT,306.91,18.67,D,VIIRS
47.33469,36.01253,340.95,0.55,0.43,2026-08-24,09:56:00,N21,low,2.0NRT,313.03,12.59,D,VIIRS
47.33314,36.00549,336.36,0.55,0.43,2026-08-24,09:56:00,N21,low,2.0NRT,308.28,11.22,D,VIIRS
46.45307,32.33456,343.19,0.55,0.51,2026-08-24,09:56:00,N21,nominal,2.0NRT,307.85,11.35,D,VIIRS
46.45131,32.3278,341.86,0.55,0.51,2026-08-24,09:56:00,N21,nominal,2.0NRT,305.32,13.08,D,VIIRS
47.40141,36.30002,354.74,0.54,0.42,2026-08-24,09:56:00,N21,nominal,2.0NRT,315.33,99.15,D,VIIRS
47.39994,36.29323,352.29,0.54,0.42,2026-08-24,09:56:00,N21,nominal,2.0NRT,319.77,39.6,D,VIIRS
47.33844,36.01077,338.11,0.55,0.43,2026-08-24,09:56:00,N21,low,2.0NRT,309.97,6.75,D,VIIRS
47.40218,36.28472,333,0.54,0.42,2026-08-24,09:56:00,N21,low,2.0NRT,306.61,39.6,D,VIIRS
46.62307,32.95866,331.06,0.51,0.5,2026-08-24,09:56:00,N21,low,2.0NRT,302.71,2.77,D,VIIRS
46.83867,33.80963,334.89,0.47,0.47,2026-08-24,09:56:00,N21,low,2.0NRT,307.94,4.59,D,VIIRS
47.41104,36.28801,337.63,0.54,0.42,2026-08-24,09:56:00,N21,low,2.0NRT,311.99,43.15,D,VIIRS
46.84281,33.80754,342.28,0.47,0.47,2026-08-24,09:56:00,N21,nominal,2.0NRT,309.97,4.59,D,VIIRS
47.41329,36.27953,346.48,0.54,0.42,2026-08-24,09:56:00,N21,nominal,2.0NRT,312.09,13.67,D,VIIRS
47.41844,36.28454,349.84,0.54,0.42,2026-08-24,09:56:00,N21,nominal,2.0NRT,313.66,13.67,D,VIIRS
47.42214,36.28281,341.46,0.54,0.42,2026-08-24,09:56:00,N21,low,2.0NRT,313.05,7.95,D,VIIRS
46.59443,32.74876,340.43,0.53,0.5,2026-08-24,09:56:00,N21,nominal,2.0NRT,303.47,9.02,D,VIIRS
46.59278,32.7423,341.9,0.53,0.5,2026-08-24,09:56:00,N21,nominal,2.0NRT,306.96,9.02,D,VIIRS
48.0318,39.32301,332.97,0.42,0.38,2026-08-24,09:56:00,N21,low,2.0NRT,306.71,1.71,D,VIIRS
47.42584,36.28107,349.41,0.54,0.42,2026-08-24,09:56:00,N21,nominal,2.0NRT,312.27,7.95,D,VIIRS
45.94135,30.26742,344.65,0.36,0.57,2026-08-24,09:56:00,N21,nominal,2.0NRT,300.11,3.96,D,VIIRS
47.57434,36.94592,346.07,0.5,0.41,2026-08-24,09:56:00,N21,nominal,2.0NRT,308.98,9.48,D,VIIRS
47.43324,36.277589999999996,339.87,0.54,0.42,2026-08-24,09:56:00,N21,low,2.0NRT,314.11,17.8,D,VIIRS
46.88568,33.87,336.68,0.46,0.47,2026-08-24,09:56:00,N21,low,2.0NRT,310.63,5.02,D,VIIRS
46.8843,33.86425,341.87,0.46,0.47,2026-08-24,09:56:00,N21,nominal,2.0NRT,309.27,3.25,D,VIIRS
45.94504,30.26039,336.47,0.36,0.57,2026-08-24,09:56:00,N21,nominal,2.0NRT,299.06,3.96,D,VIIRS
47.92865,38.71172,345.8,0.44,0.38,2026-08-24,09:56:00,N21,nominal,2.0NRT,309.27,6.41,D,VIIRS
47.92757,38.70602,339.48,0.44,0.38,2026-08-24,09:56:00,N21,nominal,2.0NRT,308.36,6.2,D,VIIRS
47.92648,38.70031,333.99,0.44,0.38,2026-08-24,09:56:00,N21,low,2.0NRT,304.6,6.2,D,VIIRS
47.93206,38.71031,334.26,0.44,0.38,2026-08-24,09:56:00,N21,nominal,2.0NRT,307.42,6.41,D,VIIRS
47.93098,38.70463,350.36,0.44,0.38,2026-08-24,09:56:00,N21,nominal,2.0NRT,310.1,6.2,D,VIIRS
46.71502,33.07419,334.02,0.51,0.49,2026-08-24,09:56:00,N21,nominal,2.0NRT,302.2,17.05,D,VIIRS
46.71347,33.06792,347.63,0.51,0.49,2026-08-24,09:56:00,N21,nominal,2.0NRT,309.19,17.05,D,VIIRS
46.71192,33.06167,331.74,0.51,0.49,2026-08-24,09:56:00,N21,low,2.0NRT,305.68,11.48,D,VIIRS
46.7193,33.07198,340.66,0.51,0.49,2026-08-24,09:56:00,N21,nominal,2.0NRT,305.18,17.05,D,VIIRS
46.71775,33.0657,344.46,0.51,0.49,2026-08-24,09:56:00,N21,nominal,2.0NRT,305.22,17.05,D,VIIRS
46.46558,32.06963,337.01,0.57,0.52,2026-08-24,09:56:00,N21,nominal,2.0NRT,304.81,3.67,D,VIIRS
47.67283,37.23485,335.52,0.49,0.4,2026-08-24,09:56:00,N21,low,2.0NRT,309.64,10.97,D,VIIRS
46.7126,33.07316,341.85,0.5,0.49,2026-08-24,09:56:00,N21,nominal,2.0NRT,302.16,16.25,D,VIIRS
46.71688,33.07096,346.88,0.5,0.49,2026-08-24,09:56:00,N21,nominal,2.0NRT,306.28,16.25,D,VIIRS
46.71529,33.06471,350.28,0.51,0.49,2026-08-24,09:56:00,N21,nominal,2.0NRT,311.68,49.03,D,VIIRS
47.30963,35.5253,342.67,0.38,0.43,2026-08-24,09:56:00,N21,nominal,2.0NRT,310.75,5.63,D,VIIRS
47.31236,35.51861,346.17,0.38,0.44,2026-08-24,09:56:00,N21,nominal,2.0NRT,310.05,5.63,D,VIIRS
47.92184,38.40357,339.72,0.45,0.39,2026-08-24,09:56:00,N21,nominal,2.0NRT,312.04,4.52,D,VIIRS
47.7104,37.34615,343.51,0.48,0.4,2026-08-24,09:56:00,N21,nominal,2.0NRT,314.23,12.72,D,VIIRS
47.51265,36.38866,334.19,0.53,0.42,2026-08-24,09:56:00,N21,low,2.0NRT,305.18,14.26,D,VIIRS
47.50975,36.37522,330.84,0.53,0.42,2026-08-24,09:56:00,N21,low,2.0NRT,304.62,26.95,D,VIIRS
47.51633,36.38694,336.22,0.53,0.42,2026-08-24,09:56:00,N21,low,2.0NRT,309.43,24.62,D,VIIRS
47.51489,36.38022,342.38,0.53,0.42,2026-08-24,09:56:00,N21,low,2.0NRT,313.68,21.15,D,VIIRS
47.51343,36.3735,333.74,0.53,0.42,2026-08-24,09:56:00,N21,low,2.0NRT,306.94,21.15,D,VIIRS
47.51199,36.36679,332.62,0.53,0.42,2026-08-24,09:56:00,N21,low,2.0NRT,305.19,9.44,D,VIIRS
47.51856,36.37849,351.33,0.53,0.42,2026-08-24,09:56:00,N21,nominal,2.0NRT,312.31,21.15,D,VIIRS
47.52369,36.38348,334.38,0.53,0.42,2026-08-24,09:56:00,N21,low,2.0NRT,308.16,4.82,D,VIIRS
47.35075,35.59553,336.66,0.57,0.43,2026-08-24,09:56:00,N21,low,2.0NRT,310.91,11.87,D,VIIRS
47.52736,36.38175,333.26,0.53,0.42,2026-08-24,09:56:00,N21,low,2.0NRT,307.57,4.82,D,VIIRS
47.33091,35.4882,336.63,0.39,0.44,2026-08-24,09:56:00,N21,low,2.0NRT,311.55,3.36,D,VIIRS
45.93488,30.02057,345.89,0.36,0.58,2026-08-24,09:56:00,N21,nominal,2.0NRT,298.52,3.44,D,VIIRS
47.53553,36.36322,339.19,0.53,0.42,2026-08-24,09:56:00,N21,low,2.0NRT,310.68,8.85,D,VIIRS
47.01476,34.0694,336.19,0.45,0.47,2026-08-24,09:56:00,N21,nominal,2.0NRT,306.11,4.8,D,VIIRS
47.02018,34.07295,332.75,0.45,0.47,2026-08-24,09:56:00,N21,low,2.0NRT,307.7,4.04,D,VIIRS
47.85256,37.84101,335.86,0.46,0.39,2026-08-24,09:56:00,N21,low,2.0NRT,307.62,6.58,D,VIIRS
47.44199,35.87537,332.2,0.55,0.43,2026-08-24,09:56:00,N21,low,2.0NRT,306.32,5.3,D,VIIRS
47.44717,35.8422,336.68,0.56,0.43,2026-08-24,09:56:00,N21,nominal,2.0NRT,308.53,8.44,D,VIIRS
46.67342,32.57243,330.65,0.53,0.5,2026-08-24,09:56:00,N21,nominal,2.0NRT,302.34,3.22,D,VIIRS
47.5693,36.36971,337.88,0.53,0.42,2026-08-24,09:56:00,N21,nominal,2.0NRT,307,9.42,D,VIIRS
46.64496,32.42193,341.47,0.54,0.51,2026-08-24,09:56:00,N21,nominal,2.0NRT,305.09,13.09,D,VIIRS
47.57299,36.36803,347.07,0.53,0.42,2026-08-24,09:56:00,N21,nominal,2.0NRT,311.33,9.42,D,VIIRS
46.65276,32.43291,341.21,0.54,0.51,2026-08-24,09:56:00,N21,nominal,2.0NRT,305.22,11.99,D,VIIRS
46.4978,31.83389,336.3,0.58,0.52,2026-08-24,09:56:00,N21,nominal,2.0NRT,301.46,5.47,D,VIIRS
46.86626,33.26543,337.75,0.49,0.49,2026-08-24,09:56:00,N21,nominal,2.0NRT,309.87,3.08,D,VIIRS
47.65033,36.69664,333.83,0.51,0.41,2026-08-24,09:56:00,N21,nominal,2.0NRT,306.33,3.97,D,VIIRS
46.87048,33.26324,342.02,0.49,0.49,2026-08-24,09:56:00,N21,nominal,2.0NRT,308.52,3.08,D,VIIRS
47.48195,35.88762,341.68,0.55,0.43,2026-08-24,09:56:00,N21,nominal,2.0NRT,312.89,13.92,D,VIIRS
46.66769,32.43271,352.67,0.54,0.51,2026-08-24,09:56:00,N21,nominal,2.0NRT,311.79,24.6,D,VIIRS
46.67379,32.43708,332.74,0.54,0.51,2026-08-24,09:56:00,N21,nominal,2.0NRT,302.63,11.88,D,VIIRS
46.67208,32.43037,345.26,0.54,0.51,2026-08-24,09:56:00,N21,nominal,2.0NRT,306.26,24.6,D,VIIRS
47.63226,36.55317,338.7,0.52,0.41,2026-08-24,09:56:00,N21,low,2.0NRT,312.02,6.88,D,VIIRS
47.05041,33.95042,350.77,0.45,0.47,2026-08-24,09:56:00,N21,nominal,2.0NRT,312.36,22.84,D,VIIRS
47.45935,35.72667,335.7,0.56,0.43,2026-08-24,09:56:00,N21,nominal,2.0NRT,308.54,4.55,D,VIIRS
46.68256,32.43238,332.26,0.54,0.51,2026-08-24,09:56:00,N21,low,2.0NRT,303.56,9.09,D,VIIRS
47.63232,36.55268,339.27,0.52,0.41,2026-08-24,09:56:00,N21,low,2.0NRT,311.67,10.23,D,VIIRS
47.70131,36.85774,338.64,0.5,0.41,2026-08-24,09:56:00,N21,low,2.0NRT,312.12,8.41,D,VIIRS
47.45945,35.7267,335.66,0.56,0.43,2026-08-24,09:56:00,N21,nominal,2.0NRT,308.71,6.76,D,VIIRS
47.04913,33.94955,340.36,0.45,0.47,2026-08-24,09:56:00,N21,nominal,2.0NRT,314.66,29.13,D,VIIRS
46.66708,32.43264,353.07,0.54,0.51,2026-08-24,09:56:00,N21,nominal,2.0NRT,311.51,43.68,D,VIIRS
47.6455,36.5393,348.75,0.52,0.41,2026-08-24,09:56:00,N21,nominal,2.0NRT,313.77,16.96,D,VIIRS
46.67323,32.43705,338.19,0.54,0.51,2026-08-24,09:56:00,N21,nominal,2.0NRT,302.67,8.68,D,VIIRS
46.67147,32.43029,346.17,0.54,0.51,2026-08-24,09:56:00,N21,nominal,2.0NRT,306.41,8.68,D,VIIRS
46.67935,32.44139,332.46,0.54,0.51,2026-08-24,09:56:00,N21,nominal,2.0NRT,298.09,4.04,D,VIIRS
47.81806,37.32425,341.49,0.48,0.4,2026-08-24,09:56:00,N21,nominal,2.0NRT,309.03,10.98,D,VIIRS
46.682,32.43233,333.12,0.54,0.51,2026-08-24,09:56:00,N21,low,2.0NRT,303.7,2.06,D,VIIRS
47.10612,34.09069,342.05,0.45,0.47,2026-08-24,09:56:00,N21,nominal,2.0NRT,308.63,2.89,D,VIIRS
47.23489,34.61441,345.03,0.42,0.45,2026-08-24,09:56:00,N21,nominal,2.0NRT,311.44,5.82,D,VIIRS
47.11018,34.08866,335.55,0.45,0.47,2026-08-24,09:56:00,N21,low,2.0NRT,308.57,2.89,D,VIIRS
46.70379,32.45863,349.01,0.54,0.51,2026-08-24,09:56:00,N21,nominal,2.0NRT,302.73,11.84,D,VIIRS
46.70817,32.45629,367,0.54,0.51,2026-08-24,09:56:00,N21,high,2.0NRT,304.66,14.47,D,VIIRS
47.11425,34.08662,336.9,0.45,0.47,2026-08-24,09:56:00,N21,low,2.0NRT,307.47,4.22,D,VIIRS
46.70646,32.44966,330.78,0.54,0.51,2026-08-24,09:56:00,N21,nominal,2.0NRT,303.85,3.85,D,VIIRS
46.53168,31.78309,333.37,0.58,0.52,2026-08-24,09:56:00,N21,nominal,2.0NRT,300.76,7.55,D,VIIRS
47.89816,37.62355,333.24,0.47,0.4,2026-08-24,09:56:00,N21,low,2.0NRT,307.11,23.39,D,VIIRS
47.83834,37.32877,340.43,0.48,0.4,2026-08-24,09:56:00,N21,nominal,2.0NRT,308.25,7.08,D,VIIRS
47.39918,35.28992,354.98,0.39,0.44,2026-08-24,09:56:00,N21,nominal,2.0NRT,312.41,15.39,D,VIIRS
47.05979,33.84182,340.78,0.46,0.47,2026-08-24,09:56:00,N21,nominal,2.0NRT,305.15,10.74,D,VIIRS
47.0584,33.83606,355.35,0.46,0.47,2026-08-24,09:56:00,N21,nominal,2.0NRT,306.26,22.17,D,VIIRS
47.84061,37.32097,336.45,0.48,0.4,2026-08-24,09:56:00,N21,low,2.0NRT,309.25,2.67,D,VIIRS
47.69852,36.63795,340.05,0.51,0.41,2026-08-24,09:56:00,N21,low,2.0NRT,312.23,13.1,D,VIIRS
47.61,36.22406,337.44,0.53,0.42,2026-08-24,09:56:00,N21,nominal,2.0NRT,309.74,2.64,D,VIIRS
47.40525,35.29787,340.62,0.39,0.44,2026-08-24,09:56:00,N21,nominal,2.0NRT,308.51,6.24,D,VIIRS
47.40302,35.28804,346.26,0.39,0.44,2026-08-24,09:56:00,N21,nominal,2.0NRT,317.99,41.1,D,VIIRS
46.75743,32.60925,344.69,0.53,0.5,2026-08-24,09:56:00,N21,nominal,2.0NRT,307.42,7.7,D,VIIRS
46.71353,32.43839,336.7,0.54,0.51,2026-08-24,09:56:00,N21,nominal,2.0NRT,304.7,7.48,D,VIIRS
47.69939,36.62317,350.56,0.51,0.41,2026-08-24,09:56:00,N21,nominal,2.0NRT,310.26,14.9,D,VIIRS
47.70302,36.62146,336.28,0.51,0.41,2026-08-24,09:56:00,N21,low,2.0NRT,308.32,12.27,D,VIIRS
47.44927,35.45581,341.84,0.38,0.43,2026-08-24,09:56:00,N21,nominal,2.0NRT,312.49,5.52,D,VIIRS
47.70805,36.62638,337.42,0.51,0.41,2026-08-24,09:56:00,N21,low,2.0NRT,312.01,22.48,D,VIIRS
47.70665,36.61979,346.02,0.51,0.41,2026-08-24,09:56:00,N21,nominal,2.0NRT,309.52,12.27,D,VIIRS
47.70527,36.61322,344.94,0.51,0.41,2026-08-24,09:56:00,N21,nominal,2.0NRT,309.26,12.27,D,VIIRS
47.42231,35.31688,339.36,0.39,0.44,2026-08-24,09:56:00,N21,nominal,2.0NRT,308.23,10.4,D,VIIRS
47.40674,35.24784,347.01,0.39,0.44,2026-08-24,09:56:00,N21,nominal,2.0NRT,310.25,11.96,D,VIIRS
47.3853,35.15319,330.57,0.4,0.44,2026-08-24,09:56:00,N21,low,2.0NRT,305.37,3.01,D,VIIRS
48.21563,39.17272,332.82,0.42,0.38,2026-08-24,09:56:00,N21,low,2.0NRT,307.06,45.66,D,VIIRS
47.70891,36.61155,336.08,0.51,0.41,2026-08-24,09:56:00,N21,low,2.0NRT,309.01,16.47,D,VIIRS
47.63498,36.2645,341.66,0.53,0.42,2026-08-24,09:56:00,N21,nominal,2.0NRT,311,5.97,D,VIIRS
47.63353,36.25776,341.57,0.53,0.42,2026-08-24,09:56:00,N21,nominal,2.0NRT,311.15,7.81,D,VIIRS
47.42061,35.29042,339.73,0.39,0.44,2026-08-24,09:56:00,N21,nominal,2.0NRT,308.69,3.52,D,VIIRS
48.21462,39.167230000000004,300.94,0.42,0.38,2026-08-24,09:56:00,N21,low,2.0NRT,306.34,45.66,D,VIIRS
48.21899,39.17134,335.64,0.42,0.38,2026-08-24,09:56:00,N21,low,2.0NRT,309.26,45.66,D,VIIRS
47.71255,36.60987,344.57,0.51,0.41,2026-08-24,09:56:00,N21,nominal,2.0NRT,311.57,16.47,D,VIIRS
47.71759,36.61484,341.22,0.51,0.41,2026-08-24,09:56:00,N21,low,2.0NRT,312.63,5.15,D,VIIRS
46.17929,30.31528,367,0.35,0.57,2026-08-24,09:56:00,N21,high,2.0NRT,298.04,7.7,D,VIIRS
47.40077,35.14568,343.58,0.4,0.44,2026-08-24,09:56:00,N21,nominal,2.0NRT,307.46,6.25,D,VIIRS
46.67479,32.1525,343.74,0.56,0.51,2026-08-24,09:56:00,N21,nominal,2.0NRT,306.92,19.21,D,VIIRS
46.68721,32.16141,331.89,0.56,0.51,2026-08-24,09:56:00,N21,low,2.0NRT,304.27,4.46,D,VIIRS
47.66721,36.30146,340.02,0.53,0.42,2026-08-24,09:56:00,N21,nominal,2.0NRT,311.29,6.13,D,VIIRS
47.64695,36.20667,332.73,0.53,0.42,2026-08-24,09:56:00,N21,nominal,2.0NRT,306.23,9.51,D,VIIRS
47.66222,36.25906,337.71,0.53,0.42,2026-08-24,09:56:00,N21,nominal,2.0NRT,305.68,2.99,D,VIIRS
47.65065,36.20496,334.81,0.53,0.42,2026-08-24,09:56:00,N21,nominal,2.0NRT,307.84,9.51,D,VIIRS
47.52774,35.63881,332.91,0.56,0.43,2026-08-24,09:56:00,N21,low,2.0NRT,307.16,3.51,D,VIIRS
46.02391,29.62507,338.16,0.38,0.59,2026-08-24,09:56:00,N21,nominal,2.0NRT,300.44,3.94,D,VIIRS
46.02892,29.6222,339.72,0.38,0.59,2026-08-24,09:56:00,N21,nominal,2.0NRT,301.62,3.94,D,VIIRS
47.49356,35.36969,341.29,0.39,0.44,2026-08-24,09:56:00,N21,nominal,2.0NRT,309.73,3.74,D,VIIRS
47.88012,37.15314,335.94,0.49,0.4,2026-08-24,09:56:00,N21,nominal,2.0NRT,310.32,2.41,D,VIIRS
47.73573,36.45377,334.26,0.52,0.42,2026-08-24,09:56:00,N21,low,2.0NRT,309.24,9.4,D,VIIRS
47.73171,36.45452,332.08,0.52,0.42,2026-08-24,09:56:00,N21,low,2.0NRT,306.94,4.74,D,VIIRS
47.49253,35.37239,341.67,0.39,0.44,2026-08-24,09:56:00,N21,nominal,2.0NRT,311.3,1.48,D,VIIRS
47.95615,37.4896,334.59,0.47,0.4,2026-08-24,09:56:00,N21,low,2.0NRT,309.13,3.34,D,VIIRS
47.50454,35.35046,339.06,0.39,0.44,2026-08-24,09:56:00,N21,nominal,2.0NRT,311.01,2.66,D,VIIRS
46.02789,29.62362,350.1,0.38,0.59,2026-08-24,09:56:00,N21,nominal,2.0NRT,301.76,6.09,D,VIIRS
47.32082,34.49784,336.46,0.42,0.45,2026-08-24,09:56:00,N21,low,2.0NRT,308.25,6.99,D,VIIRS
47.57555,35.59146,343.5,0.57,0.43,2026-08-24,09:56:00,N21,nominal,2.0NRT,310.67,7.95,D,VIIRS
47.53514,35.411,340.02,0.38,0.43,2026-08-24,09:56:00,N21,nominal,2.0NRT,310.48,2.35,D,VIIRS
47.00785,33.16813,345.92,0.49,0.49,2026-08-24,09:56:00,N21,nominal,2.0NRT,307.55,5.46,D,VIIRS
47.8553,36.84967,345.43,0.5,0.41,2026-08-24,09:56:00,N21,nominal,2.0NRT,313.7,5.51,D,VIIRS
47.90493,37.05085,344.98,0.49,0.4,2026-08-24,09:56:00,N21,nominal,2.0NRT,314.35,19.7,D,VIIRS
47.90362,37.04451,353.83,0.49,0.4,2026-08-24,09:56:00,N21,nominal,2.0NRT,321.94,45.32,D,VIIRS
47.83138,36.69783,337.43,0.51,0.41,2026-08-24,09:56:00,N21,low,2.0NRT,311.76,2.08,D,VIIRS
47.63475,35.68906,334.56,0.56,0.43,2026-08-24,09:56:00,N21,low,2.0NRT,308.1,14.23,D,VIIRS
48.16763,38.25174,336.45,0.45,0.39,2026-08-24,09:56:00,N21,nominal,2.0NRT,310.2,3.75,D,VIIRS
47.31541,34.26607,351.68,0.43,0.46,2026-08-24,09:56:00,N21,nominal,2.0NRT,305.82,12.82,D,VIIRS
47.3207,34.26951,335.46,0.43,0.46,2026-08-24,09:56:00,N21,low,2.0NRT,308.01,12.82,D,VIIRS
47.31942,34.26405,354.66,0.43,0.46,2026-08-24,09:56:00,N21,nominal,2.0NRT,315.26,12.82,D,VIIRS
47.92304,36.98697,339.08,0.49,0.41,2026-08-24,09:56:00,N21,nominal,2.0NRT,312.17,3.22,D,VIIRS
47.32343,34.26203,348.97,0.43,0.46,2026-08-24,09:56:00,N21,nominal,2.0NRT,309.2,7.04,D,VIIRS
46.22158,29.97599,335.52,0.36,0.57,2026-08-24,09:56:00,N21,nominal,2.0NRT,300.6,2.77,D,VIIRS
47.93509,36.98846,341.45,0.49,0.41,2026-08-24,09:56:00,N21,low,2.0NRT,313.38,6.6,D,VIIRS
47.39082,34.47481,336.18,0.42,0.45,2026-08-24,09:56:00,N21,nominal,2.0NRT,307.77,9.4,D,VIIRS
47.3948,34.47285,367,0.42,0.45,2026-08-24,09:56:00,N21,high,2.0NRT,311.64,9.4,D,VIIRS
48.4779,39.79195,339.63,0.41,0.37,2026-08-24,09:56:00,N21,nominal,2.0NRT,306.04,6.98,D,VIIRS
48.4812,39.79058,346.62,0.41,0.37,2026-08-24,09:56:00,N21,nominal,2.0NRT,309.83,9.26,D,VIIRS
47.39638,34.46871,344.89,0.42,0.45,2026-08-24,09:56:00,N21,nominal,2.0NRT,308.6,3.96,D,VIIRS
48.00012,37.15695,332.7,0.49,0.4,2026-08-24,09:56:00,N21,low,2.0NRT,306.89,1.39,D,VIIRS
47.46943,34.74221,342.13,0.41,0.45,2026-08-24,09:56:00,N21,nominal,2.0NRT,310.38,3.62,D,VIIRS
47.33384,34.13077,367,0.44,0.46,2026-08-24,09:56:00,N21,high,2.0NRT,310.42,13.61,D,VIIRS
47.26791,33.76244,341.6,0.46,0.47,2026-08-24,09:56:00,N21,nominal,2.0NRT,306.14,60.27,D,VIIRS
48.2155,38.01934,340.4,0.45,0.39,2026-08-24,09:56:00,N21,nominal,2.0NRT,309.7,4.04,D,VIIRS
48.21899,37.99887,354.4,0.45,0.39,2026-08-24,09:56:00,N21,nominal,2.0NRT,309.07,12.07,D,VIIRS
48.22245,37.99741,333.41,0.45,0.39,2026-08-24,09:56:00,N21,low,2.0NRT,306.3,6.13,D,VIIRS
48.2015,37.89058,345.81,0.46,0.39,2026-08-24,09:56:00,N21,nominal,2.0NRT,307.22,11.21,D,VIIRS
48.07642,37.24578,347.43,0.48,0.4,2026-08-24,09:56:00,N21,nominal,2.0NRT,317.51,16.03,D,VIIRS
48.07997,37.24419,352.03,0.48,0.4,2026-08-24,09:56:00,N21,nominal,2.0NRT,314.75,71.79,D,VIIRS
46.61258,31.03321,341.96,0.63,0.54,2026-08-24,09:56:00,N21,nominal,2.0NRT,297.35,8.18,D,VIIRS
48.08097,37.23011,344.01,0.48,0.4,2026-08-24,09:56:00,N21,nominal,2.0NRT,309.99,8.15,D,VIIRS
48.08324,37.22224,334.51,0.48,0.4,2026-08-24,09:56:00,N21,low,2.0NRT,309.25,2.33,D,VIIRS
47.99884,36.81057,340.04,0.5,0.41,2026-08-24,09:56:00,N21,nominal,2.0NRT,308.29,8.5,D,VIIRS
46.60786,30.9563,338.64,0.63,0.54,2026-08-24,09:56:00,N21,nominal,2.0NRT,299.78,7.7,D,VIIRS
48.12285,37.38029,349.41,0.48,0.4,2026-08-24,09:56:00,N21,nominal,2.0NRT,310.83,12.28,D,VIIRS
46.61252,30.95366,344.07,0.63,0.54,2026-08-24,09:56:00,N21,nominal,2.0NRT,299.61,10.1,D,VIIRS
47.26816,33.49556,345.85,0.47,0.48,2026-08-24,09:56:00,N21,nominal,2.0NRT,308.57,8.9,D,VIIRS
46.85281,31.8398,333.98,0.57,0.52,2026-08-24,09:56:00,N21,nominal,2.0NRT,304.92,1.57,D,VIIRS
47.26947,33.4817,333.58,0.47,0.48,2026-08-24,09:56:00,N21,low,2.0NRT,307.22,4.18,D,VIIRS
46.85728,31.83733,333.47,0.57,0.52,2026-08-24,09:56:00,N21,low,2.0NRT,306.52,1.67,D,VIIRS
46.85546,31.83035,330.05,0.57,0.52,2026-08-24,09:56:00,N21,low,2.0NRT,304.88,1.67,D,VIIRS
46.63026,30.97956,345.09,0.63,0.54,2026-08-24,09:56:00,N21,nominal,2.0NRT,303.06,32.47,D,VIIRS
48.06267,37.0258,339.44,0.49,0.4,2026-08-24,09:56:00,N21,nominal,2.0NRT,311.77,10.25,D,VIIRS
47.49549,34.41853,331.49,0.42,0.45,2026-08-24,09:56:00,N21,low,2.0NRT,302.52,1.27,D,VIIRS
47.3031,33.60208,341.41,0.46,0.47,2026-08-24,09:56:00,N21,nominal,2.0NRT,307.85,25.25,D,VIIRS
47.27502,33.48542,331.53,0.47,0.48,2026-08-24,09:56:00,N21,low,2.0NRT,306.34,4.18,D,VIIRS
46.63493,30.97695,348.27,0.63,0.54,2026-08-24,09:56:00,N21,nominal,2.0NRT,308,32.47,D,VIIRS
48.20104,37.69654,348.43,0.46,0.39,2026-08-24,09:56:00,N21,nominal,2.0NRT,308.67,23.77,D,VIIRS
46.63959,30.97433,343.91,0.63,0.54,2026-08-24,09:56:00,N21,nominal,2.0NRT,304.97,14.37,D,VIIRS
48.20452,37.69501,348.53,0.46,0.39,2026-08-24,09:56:00,N21,nominal,2.0NRT,313.04,23.77,D,VIIRS
48.20333,37.68897,346.13,0.46,0.39,2026-08-24,09:56:00,N21,nominal,2.0NRT,311.25,23.77,D,VIIRS
48.20682,37.68744,345.67,0.46,0.39,2026-08-24,09:56:00,N21,nominal,2.0NRT,309.08,5.74,D,VIIRS
47.99005,36.61581,333.85,0.51,0.41,2026-08-24,09:56:00,N21,low,2.0NRT,307.99,6.73,D,VIIRS
48.21031,37.6859,342.61,0.46,0.39,2026-08-24,09:56:00,N21,nominal,2.0NRT,312.19,5.74,D,VIIRS
47.96071,36.45593,337.21,0.51,0.41,2026-08-24,09:56:00,N21,nominal,2.0NRT,306.4,6.54,D,VIIRS
48.20488,37.68741,336.91,0.46,0.39,2026-08-24,09:56:00,N21,nominal,2.0NRT,306,4.26,D,VIIRS
48.20836,37.68588,347.75,0.46,0.39,2026-08-24,09:56:00,N21,nominal,2.0NRT,311.49,4.26,D,VIIRS
47.99099,36.61514,333.86,0.51,0.41,2026-08-24,09:56:00,N21,low,2.0NRT,308.81,3.91,D,VIIRS
47.49728,34.4161,333.88,0.42,0.45,2026-08-24,09:56:00,N21,nominal,2.0NRT,301.38,4.05,D,VIIRS
47.31501,33.65989,335.44,0.46,0.47,2026-08-24,09:56:00,N21,low,2.0NRT,309.67,3.01,D,VIIRS
47.27218,33.486,339.07,0.47,0.48,2026-08-24,09:56:00,N21,nominal,2.0NRT,307.58,3.41,D,VIIRS
47.27074,33.48016,335.06,0.47,0.48,2026-08-24,09:56:00,N21,nominal,2.0NRT,306.28,2.14,D,VIIRS
46.60969,30.95674,340.56,0.63,0.54,2026-08-24,09:56:00,N21,nominal,2.0NRT,301.58,19.08,D,VIIRS
47.96098,36.45566,336.94,0.51,0.41,2026-08-24,09:56:00,N21,nominal,2.0NRT,306.33,5.75,D,VIIRS
47.30498,33.60015,340.4,0.46,0.47,2026-08-24,09:56:00,N21,nominal,2.0NRT,308.45,23.08,D,VIIRS
46.8545,31.83946,339.28,0.57,0.52,2026-08-24,09:56:00,N21,nominal,2.0NRT,305.97,2.84,D,VIIRS
48.15492,37.36525,336.51,0.47,0.4,2026-08-24,09:56:00,N21,low,2.0NRT,306.78,3.82,D,VIIRS
48.05395,36.87637,336,0.5,0.41,2026-08-24,09:56:00,N21,nominal,2.0NRT,307.72,9.06,D,VIIRS
46.85712,31.83004,332.39,0.57,0.52,2026-08-24,09:56:00,N21,low,2.0NRT,305.1,1.17,D,VIIRS
46.63226,30.97992,346.5,0.63,0.54,2026-08-24,09:56:00,N21,nominal,2.0NRT,305.53,51.9,D,VIIRS
48.2137,37.61797,339.84,0.47,0.39,2026-08-24,09:56:00,N21,nominal,2.0NRT,307.35,8.17,D,VIIRS
46.63692,30.97733,354.09,0.63,0.54,2026-08-24,09:56:00,N21,nominal,2.0NRT,302.4,23.51,D,VIIRS
48.21719,37.61641,335.31,0.47,0.39,2026-08-24,09:56:00,N21,nominal,2.0NRT,305.91,8.17,D,VIIRS
48.26948,37.85973,336.99,0.46,0.39,2026-08-24,09:56:00,N21,low,2.0NRT,310.87,7.75,D,VIIRS
48.22068,37.61486,334.64,0.47,0.39,2026-08-24,09:56:00,N21,low,2.0NRT,305.3,5.12,D,VIIRS
46.60203,30.81169,330.7,0.32,0.55,2026-08-24,09:56:00,N21,nominal,2.0NRT,300.63,3.22,D,VIIRS
46.60094,30.80776,339.86,0.32,0.55,2026-08-24,09:56:00,N21,nominal,2.0NRT,301.42,3.22,D,VIIRS
48.27293,37.85819,346.75,0.46,0.39,2026-08-24,09:56:00,N21,nominal,2.0NRT,306.63,7.75,D,VIIRS
47.32815,33.56211,344.77,0.46,0.47,2026-08-24,09:56:00,N21,nominal,2.0NRT,308.87,10,D,VIIRS
47.99286,36.36087,334.15,0.52,0.41,2026-08-24,09:56:00,N21,low,2.0NRT,305.7,2.28,D,VIIRS
48.39838,38.34927,332.45,0.44,0.38,2026-08-24,09:56:00,N21,nominal,2.0NRT,305.98,2.07,D,VIIRS
48.07777,36.74556,337.18,0.5,0.41,2026-08-24,09:56:00,N21,nominal,2.0NRT,305.45,5.27,D,VIIRS
47.86026,35.65176,332.37,0.55,0.43,2026-08-24,09:56:00,N21,low,2.0NRT,306.93,4.75,D,VIIRS
47.45433,33.8564,341.28,0.45,0.47,2026-08-24,09:56:00,N21,nominal,2.0NRT,309.62,9.56,D,VIIRS
47.46371,33.87669,338.85,0.45,0.47,2026-08-24,09:56:00,N21,nominal,2.0NRT,307.1,5.17,D,VIIRS
47.46237,33.87107,342.09,0.45,0.47,2026-08-24,09:56:00,N21,nominal,2.0NRT,307.95,10.55,D,VIIRS
47.45839,33.85432,349.16,0.45,0.47,2026-08-24,09:56:00,N21,nominal,2.0NRT,311.1,9.56,D,VIIRS
47.46914,33.88038,333.46,0.45,0.47,2026-08-24,09:56:00,N21,nominal,2.0NRT,307.85,10.79,D,VIIRS
47.46779,33.87471,352.62,0.45,0.47,2026-08-24,09:56:00,N21,nominal,2.0NRT,314.41,10.79,D,VIIRS
47.46645,33.86908,342.85,0.45,0.47,2026-08-24,09:56:00,N21,nominal,2.0NRT,316.21,22.4,D,VIIRS
47.4638,33.8579,348.45,0.45,0.47,2026-08-24,09:56:00,N21,nominal,2.0NRT,311.37,6.04,D,VIIRS
47.46246,33.85225,344.3,0.45,0.47,2026-08-24,09:56:00,N21,nominal,2.0NRT,309.81,6.04,D,VIIRS
48.29782,37.67856,334.82,0.46,0.39,2026-08-24,09:56:00,N21,low,2.0NRT,307.51,5.77,D,VIIRS
47.95376,36.00729,347.61,0.53,0.42,2026-08-24,09:56:00,N21,nominal,2.0NRT,311.66,10.63,D,VIIRS
47.47187,33.87273,348.73,0.45,0.47,2026-08-24,09:56:00,N21,nominal,2.0NRT,311.92,10.79,D,VIIRS
47.47055,33.86715,339.16,0.45,0.47,2026-08-24,09:56:00,N21,low,2.0NRT,310.21,22.4,D,VIIRS
47.46653,33.8502,335.17,0.45,0.47,2026-08-24,09:56:00,N21,low,2.0NRT,308.52,6.04,D,VIIRS
47.47601,33.85177,335.16,0.45,0.47,2026-08-24,09:56:00,N21,low,2.0NRT,305.8,3.6,D,VIIRS
47.47653,33.85477,341.33,0.45,0.47,2026-08-24,09:56:00,N21,nominal,2.0NRT,308.51,3.74,D,VIIRS
48.27223,37.39051,335.7,0.47,0.4,2026-08-24,09:56:00,N21,nominal,2.0NRT,303.98,3.75,D,VIIRS
48.29435,37.48081,332.55,0.47,0.4,2026-08-24,09:56:00,N21,nominal,2.0NRT,306.01,3.08,D,VIIRS
47.61951,34.33978,340.11,0.42,0.45,2026-08-24,09:56:00,N21,nominal,2.0NRT,307.26,1.94,D,VIIRS
48.40241,37.90919,331.98,0.45,0.39,2026-08-24,09:56:00,N21,nominal,2.0NRT,301.46,6.32,D,VIIRS
48.32253,37.48816,333.52,0.47,0.4,2026-08-24,09:56:00,N21,low,2.0NRT,306.75,3.13,D,VIIRS
48.42201,37.97094,344.5,0.45,0.39,2026-08-24,09:56:00,N21,nominal,2.0NRT,305.87,10.89,D,VIIRS
48.30133,37.36396,332.92,0.47,0.4,2026-08-24,09:56:00,N21,low,2.0NRT,305.43,46.69,D,VIIRS
48.47416,38.22024,344.17,0.44,0.39,2026-08-24,09:56:00,N21,nominal,2.0NRT,311.59,83.93,D,VIIRS
48.47304,38.21444,330.29,0.44,0.39,2026-08-24,09:56:00,N21,low,2.0NRT,305.07,6.15,D,VIIRS
48.30484,37.36239,338.37,0.47,0.4,2026-08-24,09:56:00,N21,nominal,2.0NRT,304.14,6.55,D,VIIRS
48.47646,38.21298,342.53,0.44,0.39,2026-08-24,09:56:00,N21,nominal,2.0NRT,310.38,6.15,D,VIIRS
48.54986,38.57812,344.48,0.43,0.38,2026-08-24,09:56:00,N21,nominal,2.0NRT,306.33,8.64,D,VIIRS
48.47989,38.21152,347.34,0.44,0.39,2026-08-24,09:56:00,N21,nominal,2.0NRT,310.44,7.86,D,VIIRS
48.47878,38.20575,350.49,0.44,0.39,2026-08-24,09:56:00,N21,nominal,2.0NRT,306.75,7.86,D,VIIRS
48.37262,37.66299,336.35,0.46,0.39,2026-08-24,09:56:00,N21,nominal,2.0NRT,309.49,5.48,D,VIIRS
48.37144,37.65708,339.78,0.46,0.39,2026-08-24,09:56:00,N21,nominal,2.0NRT,308.58,7.77,D,VIIRS
48.31063,37.35311,342.1,0.47,0.4,2026-08-24,09:56:00,N21,nominal,2.0NRT,306.96,8.07,D,VIIRS
48.4833,38.21001,343.37,0.44,0.39,2026-08-24,09:56:00,N21,nominal,2.0NRT,308.24,7.86,D,VIIRS
48.48219,38.20426,354.35,0.44,0.39,2026-08-24,09:56:00,N21,nominal,2.0NRT,309.56,7.86,D,VIIRS
48.31541,37.35778,333.53,0.47,0.4,2026-08-24,09:56:00,N21,low,2.0NRT,308.36,9.39,D,VIIRS
48.31414,37.35154,335.53,0.47,0.4,2026-08-24,09:56:00,N21,low,2.0NRT,309.55,8.07,D,VIIRS
48.48672,38.20851,340.26,0.44,0.39,2026-08-24,09:56:00,N21,nominal,2.0NRT,309.05,8.48,D,VIIRS
48.34473,37.48486,343.31,0.47,0.4,2026-08-24,09:56:00,N21,nominal,2.0NRT,307.94,5.21,D,VIIRS
48.39841,37.73617,349.5,0.46,0.39,2026-08-24,09:56:00,N21,nominal,2.0NRT,314.5,17.71,D,VIIRS
48.39724,37.73023,347.31,0.46,0.39,2026-08-24,09:56:00,N21,nominal,2.0NRT,308.26,17.71,D,VIIRS
48.49244,38.19975,346.98,0.44,0.39,2026-08-24,09:56:00,N21,nominal,2.0NRT,311.16,9.59,D,VIIRS
48.40188,37.73463,349.17,0.46,0.39,2026-08-24,09:56:00,N21,nominal,2.0NRT,313.59,9.05,D,VIIRS
48.49586,38.19827,348.99,0.44,0.39,2026-08-24,09:56:00,N21,nominal,2.0NRT,308.13,9.59,D,VIIRS
48.40887,37.75098,334.94,0.46,0.39,2026-08-24,09:56:00,N21,low,2.0NRT,308.42,9.76,D,VIIRS
48.30465,37.22834,346.38,0.48,0.4,2026-08-24,09:56:00,N21,nominal,2.0NRT,307.73,7.55,D,VIIRS
48.25242,36.97163,330.09,0.49,0.4,2026-08-24,09:56:00,N21,nominal,2.0NRT,304.21,1.02,D,VIIRS
48.39695,37.65216,367,0.46,0.39,2026-08-24,09:56:00,N21,high,2.0NRT,310.55,14.3,D,VIIRS
48.50502,38.18808,346.3,0.44,0.39,2026-08-24,09:56:00,N21,nominal,2.0NRT,310.44,8.25,D,VIIRS
48.54504,38.33961,335.56,0.44,0.38,2026-08-24,09:56:00,N21,low,2.0NRT,308.96,7.81,D,VIIRS
48.33802,37.26046,345.42,0.48,0.4,2026-08-24,09:56:00,N21,nominal,2.0NRT,306.57,4.75,D,VIIRS
48.33678,37.25427,332.86,0.48,0.4,2026-08-24,09:56:00,N21,low,2.0NRT,306.68,4.75,D,VIIRS
48.00747,35.65776,344.3,0.55,0.43,2026-08-24,09:56:00,N21,nominal,2.0NRT,309.79,16.9,D,VIIRS
48.00452,35.65833,346.35,0.55,0.43,2026-08-24,09:56:00,N21,nominal,2.0NRT,306.73,18.95,D,VIIRS
48.07693,35.93106,334.06,0.53,0.42,2026-08-24,09:56:00,N21,nominal,2.0NRT,305.47,7.52,D,VIIRS
48.08063,35.9293,332.97,0.53,0.42,2026-08-24,09:56:00,N21,nominal,2.0NRT,305.58,7.52,D,VIIRS
48.45225,37.691160000000004,333.26,0.46,0.39,2026-08-24,09:56:00,N21,nominal,2.0NRT,307.8,3.61,D,VIIRS
48.44245,37.60411,331.33,0.46,0.39,2026-08-24,09:56:00,N21,low,2.0NRT,302.95,9.12,D,VIIRS
48.30195,36.85702,343.46,0.49,0.4,2026-08-24,09:56:00,N21,nominal,2.0NRT,305.16,5.73,D,VIIRS
48.44066,37.51928,334.16,0.46,0.39,2026-08-24,09:56:00,N21,low,2.0NRT,306.92,6.76,D,VIIRS
48.49288,37.744,349.69,0.46,0.39,2026-08-24,09:56:00,N21,nominal,2.0NRT,307.7,7.02,D,VIIRS
48.44884,37.52219,340.55,0.46,0.39,2026-08-24,09:56:00,N21,nominal,2.0NRT,309.39,5.15,D,VIIRS
48.37213,37.14189,334.58,0.48,0.4,2026-08-24,09:56:00,N21,nominal,2.0NRT,309.2,3.75,D,VIIRS
48.15366,36.09768,335.93,0.53,0.42,2026-08-24,09:56:00,N21,nominal,2.0NRT,307.22,3.46,D,VIIRS
48.496339999999996,37.74245,339.07,0.46,0.39,2026-08-24,09:56:00,N21,nominal,2.0NRT,307.78,7.02,D,VIIRS
48.15734,36.09599,333.08,0.53,0.42,2026-08-24,09:56:00,N21,nominal,2.0NRT,305.47,3.46,D,VIIRS
48.14999,36.06176,330.54,0.53,0.42,2026-08-24,09:56:00,N21,nominal,2.0NRT,304.69,3.12,D,VIIRS
47.671,33.94572,341.1,0.44,0.46,2026-08-24,09:56:00,N21,low,2.0NRT,312.02,51.63,D,VIIRS
47.66971,33.94031,300.79,0.44,0.46,2026-08-24,09:56:00,N21,low,2.0NRT,307.16,51.63,D,VIIRS
48.15367,36.06002,342.42,0.53,0.42,2026-08-24,09:56:00,N21,nominal,2.0NRT,306.75,11.82,D,VIIRS
48.15221,36.05322,344.52,0.53,0.42,2026-08-24,09:56:00,N21,nominal,2.0NRT,309.84,11.82,D,VIIRS
47.59298,33.60119,340.76,0.45,0.47,2026-08-24,09:56:00,N21,nominal,2.0NRT,306.53,57.37,D,VIIRS
46.39322,29.10833,337.69,0.39,0.59,2026-08-24,09:56:00,N21,nominal,2.0NRT,292.11,4.93,D,VIIRS
48.37891,37.11833,337.77,0.48,0.4,2026-08-24,09:56:00,N21,nominal,2.0NRT,308.02,5.09,D,VIIRS
48.60148,38.22529,343.16,0.44,0.38,2026-08-24,09:56:00,N21,nominal,2.0NRT,310.02,4.95,D,VIIRS
48.60037,38.21951,346.74,0.44,0.38,2026-08-24,09:56:00,N21,nominal,2.0NRT,308.82,4.95,D,VIIRS
48.60489,38.22381,338.24,0.44,0.38,2026-08-24,09:56:00,N21,nominal,2.0NRT,308.43,4.95,D,VIIRS
48.60378,38.21801,345.99,0.44,0.38,2026-08-24,09:56:00,N21,nominal,2.0NRT,310.34,4.95,D,VIIRS
48.66398,38.51509,332.15,0.43,0.38,2026-08-24,09:56:00,N21,nominal,2.0NRT,301.87,2.78,D,VIIRS
48.6072,38.21657,332.45,0.44,0.38,2026-08-24,09:56:00,N21,nominal,2.0NRT,305.94,2.11,D,VIIRS
48.53475,37.8424,334.79,0.45,0.39,2026-08-24,09:56:00,N21,low,2.0NRT,304.92,2.69,D,VIIRS
48.4402,37.32664,340.38,0.47,0.4,2026-08-24,09:56:00,N21,nominal,2.0NRT,309.6,8.41,D,VIIRS
48.40667,37.16015,332.48,0.48,0.4,2026-08-24,09:56:00,N21,low,2.0NRT,306.08,2.66,D,VIIRS
48.35165,36.88993,335.24,0.49,0.4,2026-08-24,09:56:00,N21,nominal,2.0NRT,307.55,3.43,D,VIIRS
48.18305,36.08387,335.45,0.53,0.42,2026-08-24,09:56:00,N21,low,2.0NRT,309.49,18.99,D,VIIRS
48.57033,37.96756,331.76,0.45,0.39,2026-08-24,09:56:00,N21,low,2.0NRT,303.3,2.12,D,VIIRS
48.35522,36.88828,331.97,0.49,0.4,2026-08-24,09:56:00,N21,low,2.0NRT,306.77,3.43,D,VIIRS
48.57377,37.96606,332.56,0.45,0.39,2026-08-24,09:56:00,N21,low,2.0NRT,304.88,4.04,D,VIIRS
48.54623,37.80524,344.16,0.45,0.39,2026-08-24,09:56:00,N21,nominal,2.0NRT,309.5,6.53,D,VIIRS
48.54967,37.80362,338.25,0.45,0.39,2026-08-24,09:56:00,N21,nominal,2.0NRT,310.57,9.68,D,VIIRS
48.5356,37.71238,332.97,0.46,0.39,2026-08-24,09:56:00,N21,low,2.0NRT,304.85,4.96,D,VIIRS
48.48146,37.36116,333.01,0.47,0.4,2026-08-24,09:56:00,N21,low,2.0NRT,306.05,4.36,D,VIIRS
48.47898,37.36137,332.95,0.47,0.4,2026-08-24,09:56:00,N21,low,2.0NRT,305.03,4.24,D,VIIRS
48.4604,37.27,332.92,0.47,0.4,2026-08-24,09:56:00,N21,low,2.0NRT,305.07,2.87,D,VIIRS
48.57538,37.82341,340.37,0.45,0.39,2026-08-24,09:56:00,N21,nominal,2.0NRT,304.04,4.17,D,VIIRS
48.50228,37.4576,332.65,0.47,0.39,2026-08-24,09:56:00,N21,nominal,2.0NRT,306.77,7.92,D,VIIRS
48.50105,37.45147,346.79,0.47,0.39,2026-08-24,09:56:00,N21,nominal,2.0NRT,309.77,13.93,D,VIIRS
48.50577,37.45604,332.48,0.47,0.39,2026-08-24,09:56:00,N21,nominal,2.0NRT,305.07,7.92,D,VIIRS
48.50454,37.44993,335.92,0.47,0.39,2026-08-24,09:56:00,N21,nominal,2.0NRT,309.72,13.93,D,VIIRS
48.50803,37.44835,332.38,0.47,0.39,2026-08-24,09:56:00,N21,nominal,2.0NRT,306.52,3.19,D,VIIRS
48.30505,36.42971,337.87,0.51,0.41,2026-08-24,09:56:00,N21,nominal,2.0NRT,308.87,5.03,D,VIIRS
48.59149,37.81001,335.54,0.45,0.39,2026-08-24,09:56:00,N21,nominal,2.0NRT,306.84,10.03,D,VIIRS
48.46891,37.19875,332.56,0.47,0.4,2026-08-24,09:56:00,N21,low,2.0NRT,305.06,6.96,D,VIIRS
48.47244,37.19717,341.92,0.47,0.4,2026-08-24,09:56:00,N21,nominal,2.0NRT,310.69,6.08,D,VIIRS
48.6807,38.09517,336.24,0.44,0.39,2026-08-24,09:56:00,N21,nominal,2.0NRT,307.73,3.62,D,VIIRS
48.62596,37.79459,334.89,0.45,0.39,2026-08-24,09:56:00,N21,low,2.0NRT,309.55,2.08,D,VIIRS
48.49277,37.12688,336.74,0.48,0.4,2026-08-24,09:56:00,N21,nominal,2.0NRT,305.84,5.99,D,VIIRS
48.48135,37.07066,331.9,0.48,0.4,2026-08-24,09:56:00,N21,nominal,2.0NRT,306.49,2.55,D,VIIRS
48.83376,38.86631,332.18,0.42,0.38,2026-08-24,09:56:00,N21,low,2.0NRT,303.42,9.5,D,VIIRS
48.63055,37.79892,345.12,0.45,0.39,2026-08-24,09:56:00,N21,nominal,2.0NRT,310.51,11.94,D,VIIRS
48.37312,36.52697,341.69,0.5,0.41,2026-08-24,09:56:00,N21,nominal,2.0NRT,307.96,6.76,D,VIIRS
48.83814,38.87051,332.9,0.42,0.38,2026-08-24,09:56:00,N21,low,2.0NRT,304.42,21.88,D,VIIRS
48.63399,37.79735,341.73,0.45,0.39,2026-08-24,09:56:00,N21,low,2.0NRT,312.45,11.94,D,VIIRS
48.37672,36.5253,332.74,0.5,0.41,2026-08-24,09:56:00,N21,low,2.0NRT,307.29,6.76,D,VIIRS
48.37535,36.51874,339.92,0.5,0.41,2026-08-24,09:56:00,N21,nominal,2.0NRT,307.11,5.03,D,VIIRS
48.79135,38.5996,333.16,0.43,0.38,2026-08-24,09:56:00,N21,low,2.0NRT,305.92,3.59,D,VIIRS
48.47247,36.95114,339.64,0.48,0.4,2026-08-24,09:56:00,N21,nominal,2.0NRT,304.92,16.56,D,VIIRS
48.82434,38.73743,341.09,0.42,0.38,2026-08-24,09:56:00,N21,nominal,2.0NRT,307.89,39.6,D,VIIRS
48.8277,38.73601,346.62,0.42,0.38,2026-08-24,09:56:00,N21,low,2.0NRT,316.84,39.6,D,VIIRS
48.82666,38.7304,367,0.42,0.38,2026-08-24,09:56:00,N21,low,2.0NRT,328.45,39.6,D,VIIRS
48.83107,38.73459,341.01,0.42,0.38,2026-08-24,09:56:00,N21,nominal,2.0NRT,309.25,20.52,D,VIIRS
48.83002,38.72898,345.07,0.42,0.38,2026-08-24,09:56:00,N21,nominal,2.0NRT,319.97,20.52,D,VIIRS
48.83754,38.74998,335.14,0.42,0.38,2026-08-24,09:56:00,N21,low,2.0NRT,309.75,4.28,D,VIIRS
48.83443,38.73317,344.47,0.42,0.38,2026-08-24,09:56:00,N21,nominal,2.0NRT,316.1,20.52,D,VIIRS
48.82986,38.64997,337.26,0.43,0.38,2026-08-24,09:56:00,N21,low,2.0NRT,309.24,3.61,D,VIIRS
48.72733,38.10644,335.22,0.44,0.39,2026-08-24,09:56:00,N21,low,2.0NRT,308.12,5.75,D,VIIRS
48.52707,37.04837,332.92,0.48,0.4,2026-08-24,09:56:00,N21,low,2.0NRT,306.64,5.7,D,VIIRS
48.78571,38.31053,343.25,0.44,0.38,2026-08-24,09:56:00,N21,nominal,2.0NRT,306.38,6.47,D,VIIRS
48.71244,37.83783,331.14,0.45,0.39,2026-08-24,09:56:00,N21,nominal,2.0NRT,304.3,7.2,D,VIIRS
48.56449,37.09918,346.05,0.48,0.4,2026-08-24,09:56:00,N21,nominal,2.0NRT,306.44,7.08,D,VIIRS
48.76262,38.07602,355.29,0.44,0.39,2026-08-24,09:56:00,N21,nominal,2.0NRT,308.14,22.01,D,VIIRS
48.71589,37.83635,336.07,0.45,0.39,2026-08-24,09:56:00,N21,low,2.0NRT,308.58,7.2,D,VIIRS
48.76604,38.07453,349.85,0.44,0.39,2026-08-24,09:56:00,N21,nominal,2.0NRT,310.88,6.68,D,VIIRS
48.71934,37.83486,332.44,0.45,0.39,2026-08-24,09:56:00,N21,low,2.0NRT,305.93,1.67,D,VIIRS
48.71919,37.7769,340.63,0.45,0.39,2026-08-24,09:56:00,N21,nominal,2.0NRT,309.2,3.28,D,VIIRS
48.63406,37.31014,332.55,0.47,0.4,2026-08-24,09:56:00,N21,nominal,2.0NRT,304.07,4.63,D,VIIRS
48.76059,37.85478,333.3,0.45,0.39,2026-08-24,09:56:00,N21,low,2.0NRT,306.26,2.95,D,VIIRS
48.78793,37.97661,336.24,0.44,0.39,2026-08-24,09:56:00,N21,low,2.0NRT,308.52,6.85,D,VIIRS
48.75105,37.65218,335.42,0.46,0.39,2026-08-24,09:56:00,N21,low,2.0NRT,309.45,13.34,D,VIIRS
48.80246,37.82144,338.43,0.45,0.39,2026-08-24,09:56:00,N21,low,2.0NRT,308.45,4.52,D,VIIRS
48.83456,37.96628,334.75,0.44,0.39,2026-08-24,09:56:00,N21,nominal,2.0NRT,309.28,9.76,D,VIIRS
48.83798,37.96475,367,0.44,0.39,2026-08-24,09:56:00,N21,high,2.0NRT,312.93,9.76,D,VIIRS
48.48717,36.24653,350.23,0.51,0.41,2026-08-24,09:56:00,N21,nominal,2.0NRT,307.25,7.48,D,VIIRS
47.87012,33.44977,330.2,0.45,0.47,2026-08-24,09:56:00,N21,low,2.0NRT,304.94,3.2,D,VIIRS
48.80179,37.6469,334.99,0.45,0.39,2026-08-24,09:56:00,N21,nominal,2.0NRT,304.92,3.39,D,VIIRS
49.00072,38.66379,343.74,0.42,0.38,2026-08-24,09:56:00,N21,nominal,2.0NRT,301.44,7.26,D,VIIRS
48.42796,35.82117,339.74,0.53,0.42,2026-08-24,09:56:00,N21,low,2.0NRT,309.98,37.46,D,VIIRS
49.00407,38.66231,367,0.42,0.38,2026-08-24,09:56:00,N21,high,2.0NRT,337.89,412.73,D,VIIRS
48.43164,35.81935,345.23,0.53,0.42,2026-08-24,09:56:00,N21,nominal,2.0NRT,310.46,22.95,D,VIIRS
49.07432,39.02312,334.77,0.42,0.37,2026-08-24,09:56:00,N21,nominal,2.0NRT,307.94,5.65,D,VIIRS
49.00534,38.64964,338.43,0.42,0.38,2026-08-24,09:56:00,N21,low,2.0NRT,308.69,9.02,D,VIIRS
49.07765,39.0217,345.19,0.42,0.37,2026-08-24,09:56:00,N21,nominal,2.0NRT,312.65,10.92,D,VIIRS
49.00764,38.64254,336.65,0.42,0.38,2026-08-24,09:56:00,N21,low,2.0NRT,310.28,4.45,D,VIIRS
48.94596,38.25691,339.71,0.44,0.38,2026-08-24,09:56:00,N21,low,2.0NRT,310.42,11.3,D,VIIRS
48.96148,38.30001,333.19,0.43,0.38,2026-08-24,09:56:00,N21,low,2.0NRT,305.36,4.99,D,VIIRS
48.96597,38.30439,337.62,0.43,0.38,2026-08-24,09:56:00,N21,nominal,2.0NRT,304.78,5.69,D,VIIRS
48.96205,38.20616,343.25,0.44,0.38,2026-08-24,09:56:00,N21,low,2.0NRT,316.02,10.28,D,VIIRS
48.91109,37.84287,334.86,0.45,0.39,2026-08-24,09:56:00,N21,nominal,2.0NRT,306.48,5.48,D,VIIRS
48.9108,37.84201,337.9,0.45,0.39,2026-08-24,09:56:00,N21,nominal,2.0NRT,306.04,2.53,D,VIIRS
48.95418,38.04521,341.11,0.44,0.38,2026-08-24,09:56:00,N21,nominal,2.0NRT,309.26,4.05,D,VIIRS
48.92,37.86993,334.83,0.45,0.39,2026-08-24,09:56:00,N21,nominal,2.0NRT,307.23,5.84,D,VIIRS
48.87921,37.66292,331.55,0.45,0.39,2026-08-24,09:56:00,N21,low,2.0NRT,303.7,5.48,D,VIIRS
48.96772,38.09602,340.61,0.44,0.38,2026-08-24,09:56:00,N21,nominal,2.0NRT,308.79,6.71,D,VIIRS
48.89206,37.70891,340.23,0.45,0.39,2026-08-24,09:56:00,N21,nominal,2.0NRT,308.79,4.82,D,VIIRS
47.83585,32.86737,340.13,0.48,0.48,2026-08-24,09:56:00,N21,nominal,2.0NRT,307.54,7.18,D,VIIRS
48.99936,38.12614,342.86,0.44,0.38,2026-08-24,09:56:00,N21,nominal,2.0NRT,309.93,5.77,D,VIIRS
48.96906,37.96908,341.06,0.44,0.39,2026-08-24,09:56:00,N21,nominal,2.0NRT,307.58,6.5,D,VIIRS
48.48483,35.60228,332.93,0.54,0.42,2026-08-24,09:56:00,N21,low,2.0NRT,305.83,6.3,D,VIIRS
48.5037,35.66996,340.29,0.54,0.42,2026-08-24,09:56:00,N21,nominal,2.0NRT,309.34,9.58,D,VIIRS
48.11798,33.97168,339.21,0.43,0.46,2026-08-24,09:56:00,N21,nominal,2.0NRT,306.88,6.07,D,VIIRS
48.97026,37.91789,335.94,0.44,0.39,2026-08-24,09:56:00,N21,low,2.0NRT,306.94,4.26,D,VIIRS
48.95656,37.82824,340.83,0.45,0.39,2026-08-24,09:56:00,N21,nominal,2.0NRT,308.08,2.75,D,VIIRS
49.02547,38.10845,341.87,0.44,0.38,2026-08-24,09:56:00,N21,nominal,2.0NRT,306.3,5.4,D,VIIRS
49.02776,38.10115,344.65,0.44,0.38,2026-08-24,09:56:00,N21,nominal,2.0NRT,309.96,5.4,D,VIIRS
48.95169,37.6692,332.22,0.45,0.39,2026-08-24,09:56:00,N21,nominal,2.0NRT,304.06,5.35,D,VIIRS
49.0917,38.34136,331.23,0.43,0.38,2026-08-24,09:56:00,N21,low,2.0NRT,304.07,3.14,D,VIIRS
49.05472,38.14593,339.49,0.44,0.38,2026-08-24,09:56:00,N21,nominal,2.0NRT,306.28,3.51,D,VIIRS
49.01802,37.93462,334.13,0.44,0.39,2026-08-24,09:56:00,N21,nominal,2.0NRT,304.7,3.49,D,VIIRS
47.41949,30.90697,341.45,0.6,0.53,2026-08-24,09:56:00,N21,nominal,2.0NRT,298.5,8.89,D,VIIRS
49.01598,37.80817,335.24,0.45,0.39,2026-08-24,09:56:00,N21,nominal,2.0NRT,306.53,3.61,D,VIIRS
49.01567,37.80613,331.67,0.45,0.39,2026-08-24,09:56:00,N21,low,2.0NRT,306.35,3.63,D,VIIRS
49.04319,37.88972,332.98,0.44,0.39,2026-08-24,09:56:00,N21,low,2.0NRT,305.99,5.38,D,VIIRS
49.07831,38.05162,345.51,0.44,0.38,2026-08-24,09:56:00,N21,nominal,2.0NRT,309.08,5.86,D,VIIRS
48.85051,36.90812,297.16,0.48,0.4,2026-08-24,09:56:00,N21,low,2.0NRT,303.89,43.82,D,VIIRS
48.85661,36.91901,332.2,0.48,0.4,2026-08-24,09:56:00,N21,nominal,2.0NRT,306.63,5.97,D,VIIRS
48.85532,36.91274,341.51,0.48,0.4,2026-08-24,09:56:00,N21,low,2.0NRT,312.73,5.97,D,VIIRS
48.85886,36.91117,337.2,0.48,0.4,2026-08-24,09:56:00,N21,low,2.0NRT,311.92,5.97,D,VIIRS
48.88896,36.94531,347.09,0.48,0.4,2026-08-24,09:56:00,N21,nominal,2.0NRT,309.92,9.74,D,VIIRS
49.08078,37.87295,331.09,0.44,0.39,2026-08-24,09:56:00,N21,low,2.0NRT,304.24,2.58,D,VIIRS
49.11594,37.93988,334.34,0.44,0.38,2026-08-24,09:56:00,N21,low,2.0NRT,307.75,7.08,D,VIIRS
49.11823,37.93256,333.29,0.44,0.38,2026-08-24,09:56:00,N21,low,2.0NRT,307.04,3.37,D,VIIRS
48.9455,36.93949,336.28,0.48,0.4,2026-08-24,09:56:00,N21,low,2.0NRT,307.89,9.53,D,VIIRS
49.16048,37.89918,340.49,0.44,0.38,2026-08-24,09:56:00,N21,nominal,2.0NRT,307.88,4.35,D,VIIRS
49.13053,37.68854,336.13,0.45,0.39,2026-08-24,09:56:00,N21,nominal,2.0NRT,305.88,3.93,D,VIIRS
49.1095,37.58163,334.72,0.45,0.39,2026-08-24,09:56:00,N21,low,2.0NRT,307.13,4.42,D,VIIRS
49.12772,37.54079,346.05,0.45,0.39,2026-08-24,09:56:00,N21,nominal,2.0NRT,310.69,7.09,D,VIIRS
48.52029,34.63463,330.02,0.39,0.44,2026-08-24,09:56:00,N21,low,2.0NRT,302.89,2.32,D,VIIRS
49.2262,37.97134,350.37,0.44,0.38,2026-08-24,09:56:00,N21,nominal,2.0NRT,309.24,8.85,D,VIIRS
49.23069,37.97552,334.57,0.44,0.38,2026-08-24,09:56:00,N21,nominal,2.0NRT,307.5,3.15,D,VIIRS
49.24313,37.98267,345.74,0.44,0.38,2026-08-24,09:56:00,N21,nominal,2.0NRT,307.19,10.98,D,VIIRS
49.24872,37.99266,349.9,0.44,0.38,2026-08-24,09:56:00,N21,nominal,2.0NRT,304.45,10.88,D,VIIRS
49.24762,37.9869,346.36,0.44,0.38,2026-08-24,09:56:00,N21,nominal,2.0NRT,307.44,10.88,D,VIIRS
49.27425,38.10754,332.14,0.43,0.38,2026-08-24,09:56:00,N21,low,2.0NRT,305.52,5.83,D,VIIRS
49.25212,37.99118,337.27,0.44,0.38,2026-08-24,09:56:00,N21,nominal,2.0NRT,306.13,10.88,D,VIIRS
49.25103,37.98541,337.73,0.44,0.38,2026-08-24,09:56:00,N21,low,2.0NRT,311.54,10.88,D,VIIRS
49.25333,37.97816,330.38,0.44,0.38,2026-08-24,09:56:00,N21,low,2.0NRT,304.79,2.71,D,VIIRS
49.26115,37.99982,335.55,0.44,0.38,2026-08-24,09:56:00,N21,nominal,2.0NRT,310.25,7.54,D,VIIRS
49.26455,37.99835,336.45,0.44,0.38,2026-08-24,09:56:00,N21,nominal,2.0NRT,306.14,13.71,D,VIIRS
49.26795,37.99685,344.57,0.44,0.38,2026-08-24,09:56:00,N21,nominal,2.0NRT,305.69,13.71,D,VIIRS
49.23901,37.84526,334.47,0.44,0.39,2026-08-24,09:56:00,N21,nominal,2.0NRT,303.49,3.07,D,VIIRS
49.29663,38.12883,336.97,0.43,0.38,2026-08-24,09:56:00,N21,low,2.0NRT,307.27,7.05,D,VIIRS
49.27135,37.99537,337.37,0.44,0.38,2026-08-24,09:56:00,N21,nominal,2.0NRT,303.48,5.72,D,VIIRS
49.24355,37.84959,332.67,0.44,0.38,2026-08-24,09:56:00,N21,low,2.0NRT,303.35,2.95,D,VIIRS
49.29786,38.12699,332.99,0.43,0.38,2026-08-24,09:56:00,N21,low,2.0NRT,305.91,3.46,D,VIIRS
49.24392,37.84821,333.42,0.44,0.38,2026-08-24,09:56:00,N21,nominal,2.0NRT,302.34,3.21,D,VIIRS
48.39655,33.72678,344.32,0.43,0.46,2026-08-24,09:56:00,N21,nominal,2.0NRT,306.14,6.46,D,VIIRS
48.39526,33.72135,337.62,0.43,0.46,2026-08-24,09:56:00,N21,nominal,2.0NRT,306.46,5.13,D,VIIRS
47.68693,30.93062,341.15,0.59,0.53,2026-08-24,09:56:00,N21,nominal,2.0NRT,301.08,15.09,D,VIIRS
49.30516,37.93502,346.83,0.44,0.38,2026-08-24,09:56:00,N21,nominal,2.0NRT,306.45,5.03,D,VIIRS
47.69145,30.92798,352.97,0.59,0.53,2026-08-24,09:56:00,N21,nominal,2.0NRT,306.2,10.4,D,VIIRS
49.30856,37.93354,333.77,0.44,0.38,2026-08-24,09:56:00,N21,nominal,2.0NRT,306.62,5.03,D,VIIRS
47.69981,30.93962,340.07,0.59,0.53,2026-08-24,09:56:00,N21,nominal,2.0NRT,301.84,7.88,D,VIIRS
47.69789,30.93249,336.66,0.59,0.53,2026-08-24,09:56:00,N21,nominal,2.0NRT,303.04,10.4,D,VIIRS
47.69596,30.92531,332.41,0.59,0.53,2026-08-24,09:56:00,N21,low,2.0NRT,303.04,10.4,D,VIIRS
48.27724,33.17441,340.45,0.45,0.47,2026-08-24,09:56:00,N21,nominal,2.0NRT,307.14,7.01,D,VIIRS
47.70428,30.93684,339.94,0.59,0.53,2026-08-24,09:56:00,N21,nominal,2.0NRT,304.41,22.99,D,VIIRS
47.70238,30.92974,338.83,0.59,0.53,2026-08-24,09:56:00,N21,nominal,2.0NRT,305.7,23.32,D,VIIRS
49.31089,37.90724,334.9,0.44,0.38,2026-08-24,09:56:00,N21,nominal,2.0NRT,304.79,5.47,D,VIIRS
49.3326,37.78909,339.85,0.44,0.39,2026-08-24,09:56:00,N21,nominal,2.0NRT,306.62,17.61,D,VIIRS
49.34623,37.76167,331.18,0.44,0.39,2026-08-24,09:56:00,N21,nominal,2.0NRT,303.13,1.48,D,VIIRS
49.32402,37.59126,344.46,0.45,0.39,2026-08-24,09:56:00,N21,nominal,2.0NRT,303.74,9.32,D,VIIRS
49.34588,37.6266,339.4,0.45,0.39,2026-08-24,09:56:00,N21,nominal,2.0NRT,303.18,16.64,D,VIIRS
49.37583,37.76117,330.52,0.44,0.39,2026-08-24,09:56:00,N21,low,2.0NRT,304.54,1.91,D,VIIRS
49.46274,38.19512,340.29,0.43,0.38,2026-08-24,09:56:00,N21,nominal,2.0NRT,310.12,6.47,D,VIIRS
48.71945,34.58943,339.21,0.39,0.44,2026-08-24,09:56:00,N21,nominal,2.0NRT,303.08,2.03,D,VIIRS
49.43564,37.97568,333.61,0.44,0.38,2026-08-24,09:56:00,N21,nominal,2.0NRT,305.86,3.31,D,VIIRS
49.41896,37.86945,341.46,0.44,0.38,2026-08-24,09:56:00,N21,nominal,2.0NRT,304.74,12.22,D,VIIRS
49.41108,37.82847,340.09,0.44,0.38,2026-08-24,09:56:00,N21,nominal,2.0NRT,306.42,4.14,D,VIIRS
49.40881,37.8167,333.35,0.44,0.38,2026-08-24,09:56:00,N21,low,2.0NRT,307.96,4.14,D,VIIRS
49.41335,37.82105,331.52,0.44,0.38,2026-08-24,09:56:00,N21,low,2.0NRT,306.51,4.14,D,VIIRS
49.41222,37.81517,339.47,0.44,0.38,2026-08-24,09:56:00,N21,nominal,2.0NRT,307.23,4.14,D,VIIRS
49.42578,37.84724,344,0.44,0.38,2026-08-24,09:56:00,N21,nominal,2.0NRT,305.93,6.06,D,VIIRS
49.45979,37.83189,337.55,0.44,0.38,2026-08-24,09:56:00,N21,nominal,2.0NRT,306.52,3.96,D,VIIRS
49.53291,38.13035,331.22,0.43,0.38,2026-08-24,09:56:00,N21,nominal,2.0NRT,304.61,1.1,D,VIIRS
49.53629,38.12889,348.59,0.43,0.38,2026-08-24,09:56:00,N21,nominal,2.0NRT,310.08,12.09,D,VIIRS
49.54865,38.13615,338.03,0.43,0.38,2026-08-24,09:56:00,N21,nominal,2.0NRT,307.29,5.81,D,VIIRS
49.55094,38.12894,336.45,0.43,0.38,2026-08-24,09:56:00,N21,low,2.0NRT,307.54,7.59,D,VIIRS
47.76431,30.38816,343.14,0.62,0.54,2026-08-24,09:56:00,N21,nominal,2.0NRT,298.51,49.84,D,VIIRS
47.76882,30.38511,340.62,0.62,0.54,2026-08-24,09:56:00,N21,nominal,2.0NRT,296.99,49.84,D,VIIRS
48.77499,34.33598,342.08,0.4,0.44,2026-08-24,09:56:00,N21,nominal,2.0NRT,300.31,4.74,D,VIIRS
49.65969,38.47607,331.95,0.42,0.38,2026-08-24,09:56:00,N21,low,2.0NRT,304.05,6.75,D,VIIRS
49.65864,38.47039,340.09,0.42,0.38,2026-08-24,09:56:00,N21,nominal,2.0NRT,309.35,12.05,D,VIIRS
49.60015,38.13783,347.41,0.43,0.38,2026-08-24,09:56:00,N21,nominal,2.0NRT,306.66,18.13,D,VIIRS
48.70326,33.87522,330.48,0.42,0.45,2026-08-24,09:56:00,N21,nominal,2.0NRT,304.93,2.38,D,VIIRS
49.53388,37.55762,347.83,0.45,0.39,2026-08-24,09:56:00,N21,nominal,2.0NRT,304.77,8.71,D,VIIRS
49.59913,37.85494,345.39,0.44,0.38,2026-08-24,09:56:00,N21,nominal,2.0NRT,303.57,7.79,D,VIIRS
49.56264,37.62856,336.4,0.44,0.39,2026-08-24,09:56:00,N21,nominal,2.0NRT,304.94,5.43,D,VIIRS
49.59687,37.76675,331.06,0.44,0.38,2026-08-24,09:56:00,N21,low,2.0NRT,303.17,6.72,D,VIIRS
49.40477,36.77929,331.3,0.47,0.4,2026-08-24,09:56:00,N21,low,2.0NRT,304.17,8.77,D,VIIRS
49.68577,37.78158,332.34,0.44,0.38,2026-08-24,09:56:00,N21,nominal,2.0NRT,304.18,4.25,D,VIIRS
49.65378,37.61698,332.53,0.44,0.39,2026-08-24,09:56:00,N21,nominal,2.0NRT,302.32,4.77,D,VIIRS
49.55398,37.11285,335.28,0.46,0.39,2026-08-24,09:56:00,N21,low,2.0NRT,309.29,6.02,D,VIIRS
49.64423,37.4921,343.66,0.45,0.39,2026-08-24,09:56:00,N21,nominal,2.0NRT,307.4,4.74,D,VIIRS
49.64307,37.48621,333.9,0.45,0.39,2026-08-24,09:56:00,N21,low,2.0NRT,304,4.74,D,VIIRS
49.68791,37.65896,335.35,0.44,0.38,2026-08-24,09:56:00,N21,nominal,2.0NRT,309.2,5,D,VIIRS
49.68677,37.65307,332.36,0.44,0.38,2026-08-24,09:56:00,N21,nominal,2.0NRT,304.11,4.82,D,VIIRS
49.71062,37.66144,341.61,0.44,0.38,2026-08-24,09:56:00,N21,nominal,2.0NRT,309.81,10.74,D,VIIRS
49.61835,37.18956,347.55,0.45,0.39,2026-08-24,09:56:00,N21,nominal,2.0NRT,306.44,8.77,D,VIIRS
49.71743,37.67757,343.03,0.44,0.38,2026-08-24,09:56:00,N21,nominal,2.0NRT,305.13,3.18,D,VIIRS
49.71402,37.65989,346.37,0.44,0.38,2026-08-24,09:56:00,N21,nominal,2.0NRT,314.54,28.26,D,VIIRS
49.75028,37.71383,349.85,0.44,0.38,2026-08-24,09:56:00,N21,nominal,2.0NRT,307.99,4.5,D,VIIRS
49.80053,37.91986,343.57,0.43,0.38,2026-08-24,09:56:00,N21,nominal,2.0NRT,306.65,20.19,D,VIIRS
49.78955,37.84256,336.04,0.43,0.38,2026-08-24,09:56:00,N21,nominal,2.0NRT,304.57,5.34,D,VIIRS
49.78305,37.73084,333.35,0.44,0.38,2026-08-24,09:56:00,N21,nominal,2.0NRT,305.16,2.3,D,VIIRS
49.77858,37.70734,336.1,0.44,0.38,2026-08-24,09:56:00,N21,low,2.0NRT,310.15,8.09,D,VIIRS
49.7745,37.70079,343.4,0.44,0.38,2026-08-24,09:56:00,N21,nominal,2.0NRT,314.08,20.53,D,VIIRS
49.7836,37.72862,334.34,0.44,0.38,2026-08-24,09:56:00,N21,nominal,2.0NRT,305.01,2.86,D,VIIRS
49.78019,37.71103,336.2,0.44,0.38,2026-08-24,09:56:00,N21,nominal,2.0NRT,309.85,6.24,D,VIIRS
49.77219,37.66982,335.23,0.44,0.38,2026-08-24,09:56:00,N21,low,2.0NRT,308.4,5.64,D,VIIRS
49.79147,37.693,332.5,0.44,0.38,2026-08-24,09:56:00,N21,low,2.0NRT,305.49,2.58,D,VIIRS
49.81413,37.75298,342.91,0.44,0.38,2026-08-24,09:56:00,N21,nominal,2.0NRT,304.93,7.59,D,VIIRS
49.81978,37.74401,343.79,0.44,0.38,2026-08-24,09:56:00,N21,nominal,2.0NRT,304.84,7.08,D,VIIRS
49.7993,37.58048,346.37,0.44,0.38,2026-08-24,09:56:00,N21,nominal,2.0NRT,308.47,6.7,D,VIIRS
49.7878,37.50205,336.68,0.44,0.39,2026-08-24,09:56:00,N21,nominal,2.0NRT,304.38,8.18,D,VIIRS
49.85912,37.85331,336.71,0.43,0.38,2026-08-24,09:56:00,N21,nominal,2.0NRT,303.23,5.14,D,VIIRS
49.85363,37.76676,334.93,0.44,0.38,2026-08-24,09:56:00,N21,nominal,2.0NRT,303.2,1.79,D,VIIRS
49.84351,37.71391,330.78,0.44,0.38,2026-08-24,09:56:00,N21,low,2.0NRT,303.62,6.98,D,VIIRS
49.8469,37.71234,344.63,0.44,0.38,2026-08-24,09:56:00,N21,nominal,2.0NRT,305.14,6.98,D,VIIRS
49.84577,37.70646,338.22,0.44,0.38,2026-08-24,09:56:00,N21,nominal,2.0NRT,302.19,6.98,D,VIIRS
49.8628,37.64116,336.64,0.44,0.38,2026-08-24,09:56:00,N21,nominal,2.0NRT,306.38,2.39,D,VIIRS
49.86621,37.63963,332.4,0.44,0.38,2026-08-24,09:56:00,N21,low,2.0NRT,304.96,3.12,D,VIIRS
49.92331,37.79623,333.73,0.43,0.38,2026-08-24,09:56:00,N21,nominal,2.0NRT,303.09,2.83,D,VIIRS
49.89739,37.6235,334.23,0.44,0.38,2026-08-24,09:56:00,N21,nominal,2.0NRT,303.15,5.29,D,VIIRS
49.90757,37.65707,332.73,0.44,0.38,2026-08-24,09:56:00,N21,low,2.0NRT,306.89,5.19,D,VIIRS
49.9335,37.77265,339.2,0.43,0.38,2026-08-24,09:56:00,N21,nominal,2.0NRT,305.22,3.7,D,VIIRS
49.95251,37.83363,332.97,0.43,0.38,2026-08-24,09:56:00,N21,low,2.0NRT,304.71,5.3,D,VIIRS
49.93922,37.74488,333.11,0.43,0.38,2026-08-24,09:56:00,N21,nominal,2.0NRT,305.9,2.72,D,VIIRS
49.95728,37.72382,336.11,0.44,0.38,2026-08-24,09:56:00,N21,low,2.0NRT,306.17,2.75,D,VIIRS
49.98401,37.82557,338.42,0.43,0.38,2026-08-24,09:56:00,N21,nominal,2.0NRT,299.9,5.54,D,VIIRS
49.98291,37.8198,330.63,0.43,0.38,2026-08-24,09:56:00,N21,low,2.0NRT,302.23,5.79,D,VIIRS
49.99187,37.84767,334.4,0.43,0.38,2026-08-24,09:56:00,N21,low,2.0NRT,306.96,25.46,D,VIIRS
49.99524,37.84612,341.59,0.43,0.38,2026-08-24,09:56:00,N21,nominal,2.0NRT,305.68,10.59,D,VIIRS
49.98967,37.81674,331.79,0.43,0.38,2026-08-24,09:56:00,N21,low,2.0NRT,305.83,5.03,D,VIIRS
49.99861,37.84454,335.16,0.43,0.38,2026-08-24,09:56:00,N21,nominal,2.0NRT,301.62,10.59,D,VIIRS
49.99306,37.81526,344.14,0.43,0.38,2026-08-24,09:56:00,N21,nominal,2.0NRT,310.63,5.03,D,VIIRS
50.00201,37.82377,367,0.43,0.38,2026-08-24,09:56:00,N21,high,2.0NRT,331.61,97.97,D,VIIRS
50.00311,37.82958,332.83,0.43,0.38,2026-08-24,09:56:00,N21,nominal,2.0NRT,304.54,29.15,D,VIIRS
49.80237,36.79691,345.42,0.46,0.39,2026-08-24,09:56:00,N21,nominal,2.0NRT,311.59,16.91,D,VIIRS
49.80113,36.79072,331.59,0.46,0.39,2026-08-24,09:56:00,N21,low,2.0NRT,303.61,6.73,D,VIIRS
50.00538,37.82224,345.8,0.43,0.38,2026-08-24,09:56:00,N21,nominal,2.0NRT,317.33,42.28,D,VIIRS
49.90909,37.31982,330.53,0.45,0.39,2026-08-24,09:56:00,N21,nominal,2.0NRT,299.95,4.17,D,VIIRS
49.90793,37.31388,346.7,0.45,0.39,2026-08-24,09:56:00,N21,nominal,2.0NRT,308.93,15.34,D,VIIRS
49.80461,36.78907,335.58,0.46,0.39,2026-08-24,09:56:00,N21,nominal,2.0NRT,305.86,4.87,D,VIIRS
50.00659,37.80925,340.04,0.43,0.38,2026-08-24,09:56:00,N21,nominal,2.0NRT,306.57,6.09,D,VIIRS
49.93341,37.42624,334.54,0.44,0.39,2026-08-24,09:56:00,N21,nominal,2.0NRT,304.12,4.73,D,VIIRS
49.91821,37.30916,346.1,0.45,0.39,2026-08-24,09:56:00,N21,nominal,2.0NRT,303.56,10.14,D,VIIRS
51.2074,29.18487,344.46,0.55,0.51,2026-08-24,09:58:00,N21,nominal,2.0NRT,285.15,13.63,D,VIIRS
51.20933,29.19206,367,0.55,0.51,2026-08-24,09:58:00,N21,high,2.0NRT,295.77,28.78,D,VIIRS
52.24632,33.67577,334.52,0.52,0.42,2026-08-24,09:58:00,N21,nominal,2.0NRT,296.72,7.68,D,VIIRS
52.08267,33.89243,327.59,0.52,0.41,2026-08-24,09:58:00,N21,low,2.0NRT,299.42,6.64,D,VIIRS
51.01762,30.31865,346.72,0.5,0.49,2026-08-24,09:58:00,N21,nominal,2.0NRT,297.53,15.74,D,VIIRS
51.01934,30.32526,349.93,0.5,0.49,2026-08-24,09:58:00,N21,nominal,2.0NRT,296.62,18.4,D,VIIRS
51.01611,30.35048,341.72,0.5,0.49,2026-08-24,09:58:00,N21,nominal,2.0NRT,299.83,82.12,D,VIIRS
51.01193,30.35319,348.99,0.5,0.49,2026-08-24,09:58:00,N21,nominal,2.0NRT,300.85,82.12,D,VIIRS
51.01364,30.35978,353.62,0.5,0.49,2026-08-24,09:58:00,N21,nominal,2.0NRT,296.59,33.58,D,VIIRS
51.00109,30.36783,326.1,0.5,0.49,2026-08-24,09:58:00,N21,nominal,2.0NRT,294.27,4.56,D,VIIRS
51.0028,30.37443,332.35,0.5,0.49,2026-08-24,09:58:00,N21,nominal,2.0NRT,291.31,4.56,D,VIIRS
51.00204,30.39025,349.44,0.5,0.49,2026-08-24,09:58:00,N21,nominal,2.0NRT,290.65,25.92,D,VIIRS
51.37156,33.59488,331.84,0.55,0.43,2026-08-24,09:58:00,N21,nominal,2.0NRT,296.03,9.1,D,VIIRS
51.32393,34.26394,328.56,0.52,0.42,2026-08-24,09:58:00,N21,nominal,2.0NRT,294.67,2.85,D,VIIRS
51.10924,34.78347,328.84,0.51,0.41,2026-08-24,09:58:00,N21,nominal,2.0NRT,296.38,4.12,D,VIIRS
51.11283,34.78152,328.68,0.51,0.41,2026-08-24,09:58:00,N21,nominal,2.0NRT,294.08,3.21,D,VIIRS
51.11134,34.77462,326.6,0.51,0.41,2026-08-24,09:58:00,N21,nominal,2.0NRT,293.61,3.21,D,VIIRS
51.12482,34.74415,337.24,0.51,0.41,2026-08-24,09:58:00,N21,nominal,2.0NRT,295.56,10.37,D,VIIRS
50.52804,32.01577,340.06,0.44,0.46,2026-08-24,09:58:00,N21,nominal,2.0NRT,297.82,15.8,D,VIIRS
49.11135,28.6956,343.89,0.33,0.55,2026-08-24,09:58:00,N21,nominal,2.0NRT,295.24,4.63,D,VIIRS
49.11066,28.69565,348.02,0.33,0.55,2026-08-24,09:58:00,N21,nominal,2.0NRT,294.76,4.8,D,VIIRS
49.12366,28.68256,326.73,0.33,0.55,2026-08-24,09:58:00,N21,nominal,2.0NRT,295.07,2.91,D,VIIRS
50.90174,35.10231,335.66,0.5,0.41,2026-08-24,09:58:00,N21,nominal,2.0NRT,292.08,4.89,D,VIIRS
49.09177,27.18913,367,0.39,0.59,2026-08-24,09:58:00,N21,high,2.0NRT,299.86,11.26,D,VIIRS
52.03837,31.74614,336.72,0.41,0.45,2026-08-24,09:58:00,N21,nominal,2.0NRT,296.68,3.25,D,VIIRS
46.5789,32.85802,331.79,0.46,0.64,2026-08-24,11:36:00,N21,low,2.0NRT,303.11,4.81,D,VIIRS
46.58782,32.74951,340.93,0.46,0.63,2026-08-24,11:36:00,N21,nominal,2.0NRT,302.08,4.83,D,VIIRS
46.57787,32.86231,337.44,0.46,0.64,2026-08-24,11:36:00,N21,nominal,2.0NRT,302.02,5.16,D,VIIRS
46.58723,32.74763,336.85,0.46,0.63,2026-08-24,11:36:00,N21,nominal,2.0NRT,302.68,5.18,D,VIIRS
46.59306,32.74729,367,0.46,0.63,2026-08-24,11:36:00,N21,high,2.0NRT,302.66,10.52,D,VIIRS
46.64046,34.24086,342.68,0.54,0.68,2026-08-24,11:36:00,N21,nominal,2.0NRT,303.01,5.71,D,VIIRS
46.6843,35.09464,367,0.59,0.7,2026-08-24,11:36:00,N21,high,2.0NRT,309.07,22.34,D,VIIRS
46.68433,35.10251,336.1,0.59,0.7,2026-08-24,11:36:00,N21,nominal,2.0NRT,307.16,12.61,D,VIIRS
46.69081,35.10247,351.47,0.59,0.7,2026-08-24,11:36:00,N21,nominal,2.0NRT,305.4,12.61,D,VIIRS
46.67982,33.90567,337.6,0.52,0.67,2026-08-24,11:36:00,N21,nominal,2.0NRT,303.73,6.06,D,VIIRS
46.64949,32.44372,333.59,0.44,0.62,2026-08-24,11:36:00,N21,nominal,2.0NRT,297.43,4.79,D,VIIRS
46.64933,32.43784,345.44,0.44,0.62,2026-08-24,11:36:00,N21,nominal,2.0NRT,301.38,4.79,D,VIIRS
46.64886,32.42048,334.08,0.44,0.62,2026-08-24,11:36:00,N21,nominal,2.0NRT,301.13,5.19,D,VIIRS
46.65524,32.44333,367,0.44,0.62,2026-08-24,11:36:00,N21,high,2.0NRT,303.19,10.39,D,VIIRS
46.65508,32.43745,367,0.44,0.62,2026-08-24,11:36:00,N21,high,2.0NRT,303.87,10.39,D,VIIRS
46.69729,35.1024,338.14,0.59,0.7,2026-08-24,11:36:00,N21,nominal,2.0NRT,304.4,5.27,D,VIIRS
46.65492,32.4316,331.7,0.44,0.62,2026-08-24,11:36:00,N21,nominal,2.0NRT,302.86,7.27,D,VIIRS
46.60426,30.80999,336.92,0.37,0.58,2026-08-24,11:36:00,N21,nominal,2.0NRT,299.36,5.86,D,VIIRS
46.66626,32.42508,367,0.44,0.62,2026-08-24,11:36:00,N21,high,2.0NRT,306.15,28.65,D,VIIRS
46.67382,32.70723,335.38,0.45,0.63,2026-08-24,11:36:00,N21,nominal,2.0NRT,299.06,8.75,D,VIIRS
46.68724,33.01617,367,0.47,0.64,2026-08-24,11:36:00,N21,high,2.0NRT,298.5,10.34,D,VIIRS
46.724850000000004,35.65801,337.52,0.63,0.72,2026-08-24,11:36:00,N21,nominal,2.0NRT,304.27,5.32,D,VIIRS
46.68513,32.69365,330.84,0.45,0.63,2026-08-24,11:36:00,N21,nominal,2.0NRT,299.55,10.15,D,VIIRS
46.68497,32.68769,334.72,0.45,0.63,2026-08-24,11:36:00,N21,nominal,2.0NRT,299.27,7.64,D,VIIRS
46.66996,32.1623,349.78,0.43,0.62,2026-08-24,11:36:00,N21,nominal,2.0NRT,301.41,7.01,D,VIIRS
46.68046,32.32034,367,0.43,0.62,2026-08-24,11:36:00,N21,high,2.0NRT,304.48,11.78,D,VIIRS
46.73139,35.9196,333.98,0.65,0.73,2026-08-24,11:36:00,N21,nominal,2.0NRT,306.38,10.34,D,VIIRS
46.73141,35.91121,339.58,0.65,0.73,2026-08-24,11:36:00,N21,nominal,2.0NRT,307.66,11.01,D,VIIRS
46.68366,32.42971,338.07,0.44,0.62,2026-08-24,11:36:00,N21,nominal,2.0NRT,299.01,3.39,D,VIIRS
46.67564,32.16193,349.1,0.43,0.62,2026-08-24,11:36:00,N21,nominal,2.0NRT,300.3,7.01,D,VIIRS
46.67546,32.15633,335.37,0.43,0.62,2026-08-24,11:36:00,N21,nominal,2.0NRT,301.14,11.49,D,VIIRS
46.63271,30.97801,339.2,0.37,0.58,2026-08-24,11:36:00,N21,nominal,2.0NRT,303.09,8.51,D,VIIRS
46.68436,35.09918,367,0.59,0.7,2026-08-24,11:36:00,N21,high,2.0NRT,309.28,15.54,D,VIIRS
46.67937,33.90871,333.49,0.52,0.67,2026-08-24,11:36:00,N21,nominal,2.0NRT,302.04,5.8,D,VIIRS
46.65614,32.44463,350.79,0.44,0.62,2026-08-24,11:36:00,N21,nominal,2.0NRT,302.44,7.53,D,VIIRS
46.65601,32.43877,352.2,0.44,0.62,2026-08-24,11:36:00,N21,nominal,2.0NRT,303.16,12.83,D,VIIRS
46.69084,35.09909,354.93,0.59,0.7,2026-08-24,11:36:00,N21,nominal,2.0NRT,305.39,15.54,D,VIIRS
46.66725,32.42632,367,0.44,0.62,2026-08-24,11:36:00,N21,high,2.0NRT,306.75,30.08,D,VIIRS
46.69732,35.099,331.92,0.59,0.7,2026-08-24,11:36:00,N21,low,2.0NRT,304.69,6.04,D,VIIRS
46.6301,30.97817,338,0.37,0.58,2026-08-24,11:36:00,N21,nominal,2.0NRT,302.06,5.34,D,VIIRS
46.69114,33.01787,367,0.47,0.64,2026-08-24,11:36:00,N21,high,2.0NRT,299.04,9.88,D,VIIRS
46.68465,32.68922,350.14,0.45,0.63,2026-08-24,11:36:00,N21,nominal,2.0NRT,299.37,8.97,D,VIIRS
46.67228,32.16318,352.21,0.43,0.62,2026-08-24,11:36:00,N21,nominal,2.0NRT,300.66,6.25,D,VIIRS
46.67213,32.15758,342.09,0.43,0.62,2026-08-24,11:36:00,N21,nominal,2.0NRT,301.61,6.25,D,VIIRS
46.63547,30.97767,332.76,0.37,0.58,2026-08-24,11:36:00,N21,nominal,2.0NRT,302.62,15.55,D,VIIRS
46.68198,32.32146,367,0.44,0.62,2026-08-24,11:36:00,N21,high,2.0NRT,303.83,13.76,D,VIIRS
46.64083,30.9772,367,0.37,0.58,2026-08-24,11:36:00,N21,high,2.0NRT,304.77,15.55,D,VIIRS
46.68464,32.43089,337.34,0.44,0.62,2026-08-24,11:36:00,N21,nominal,2.0NRT,299.95,6.3,D,VIIRS
46.67781,32.15718,335.11,0.43,0.62,2026-08-24,11:36:00,N21,nominal,2.0NRT,300.71,6.25,D,VIIRS
46.64621,30.97676,336.65,0.37,0.58,2026-08-24,11:36:00,N21,nominal,2.0NRT,298.79,4.12,D,VIIRS
46.64603,30.97183,339.76,0.37,0.58,2026-08-24,11:36:00,N21,nominal,2.0NRT,302.44,4.12,D,VIIRS
46.71163,33.16665,367,0.48,0.65,2026-08-24,11:36:00,N21,high,2.0NRT,300.47,17.69,D,VIIRS
46.72887,35.65459,332.32,0.63,0.72,2026-08-24,11:36:00,N21,low,2.0NRT,303.85,4.6,D,VIIRS
46.71152,33.16039,338.65,0.48,0.65,2026-08-24,11:36:00,N21,nominal,2.0NRT,300.6,14.94,D,VIIRS
46.70993,33.07294,355.15,0.47,0.64,2026-08-24,11:36:00,N21,nominal,2.0NRT,300.98,25.44,D,VIIRS
46.73425,35.91642,367,0.65,0.73,2026-08-24,11:36:00,N21,high,2.0NRT,311.54,20.79,D,VIIRS
46.71585,33.07264,367,0.47,0.64,2026-08-24,11:36:00,N21,high,2.0NRT,300.37,14.48,D,VIIRS
46.71574,33.06642,367,0.47,0.64,2026-08-24,11:36:00,N21,high,2.0NRT,303.1,14.48,D,VIIRS
46.74235,35.58821,367,0.63,0.72,2026-08-24,11:36:00,N21,high,2.0NRT,307.66,20.55,D,VIIRS
46.74096,35.9166,349.53,0.65,0.73,2026-08-24,11:36:00,N21,nominal,2.0NRT,305.85,20.79,D,VIIRS
46.70835,32.45832,336.45,0.44,0.62,2026-08-24,11:36:00,N21,nominal,2.0NRT,300.68,5.85,D,VIIRS
46.68975,31.78213,332.86,0.41,0.61,2026-08-24,11:36:00,N21,nominal,2.0NRT,302.78,6.68,D,VIIRS
46.6955,31.78713,367,0.41,0.61,2026-08-24,11:36:00,N21,high,2.0NRT,299.99,6.22,D,VIIRS
46.74925,35.15327,335.38,0.6,0.7,2026-08-24,11:36:00,N21,low,2.0NRT,306.26,8.28,D,VIIRS
46.74922,35.12972,336.33,0.6,0.7,2026-08-24,11:36:00,N21,nominal,2.0NRT,305.69,6.69,D,VIIRS
46.66972,31.02923,350.17,0.38,0.58,2026-08-24,11:36:00,N21,nominal,2.0NRT,299.55,35.97,D,VIIRS
46.66954,31.02435,346.47,0.38,0.58,2026-08-24,11:36:00,N21,nominal,2.0NRT,302.78,71.91,D,VIIRS
46.6751,31.02873,367,0.38,0.58,2026-08-24,11:36:00,N21,high,2.0NRT,304.39,35.97,D,VIIRS
46.75572,35.13734,340.7,0.6,0.7,2026-08-24,11:36:00,N21,nominal,2.0NRT,306.4,6.69,D,VIIRS
46.66384,30.60879,337.46,0.36,0.57,2026-08-24,11:36:00,N21,nominal,2.0NRT,299.41,2.41,D,VIIRS
46.74734,33.16513,367,0.48,0.65,2026-08-24,11:36:00,N21,high,2.0NRT,298.26,9.33,D,VIIRS
46.75707,33.05853,367,0.47,0.64,2026-08-24,11:36:00,N21,high,2.0NRT,298.74,13.58,D,VIIRS
46.78727,34.1622,333.99,0.54,0.67,2026-08-24,11:36:00,N21,nominal,2.0NRT,298.75,5.48,D,VIIRS
46.80187,35.65435,333.77,0.63,0.72,2026-08-24,11:36:00,N21,low,2.0NRT,306.17,13,D,VIIRS
46.80852,35.56328,335.24,0.63,0.72,2026-08-24,11:36:00,N21,nominal,2.0NRT,303.94,9.18,D,VIIRS
46.83432,36.12451,367,0.67,0.73,2026-08-24,11:36:00,N21,high,2.0NRT,308.13,24.11,D,VIIRS
46.78567,34.16114,340.32,0.54,0.68,2026-08-24,11:36:00,N21,nominal,2.0NRT,300.11,9.33,D,VIIRS
46.80607,35.65417,332.21,0.63,0.72,2026-08-24,11:36:00,N21,low,2.0NRT,306.76,13.19,D,VIIRS
46.83641,36.12459,367,0.67,0.73,2026-08-24,11:36:00,N21,high,2.0NRT,307.6,15.06,D,VIIRS
46.85715,36.06348,367,0.66,0.73,2026-08-24,11:36:00,N21,high,2.0NRT,306.16,17,D,VIIRS
46.8639,36.06356,349.5,0.66,0.73,2026-08-24,11:36:00,N21,nominal,2.0NRT,305.48,10.56,D,VIIRS
46.86655,36.55687,336.97,0.7,0.75,2026-08-24,11:36:00,N21,nominal,2.0NRT,304.19,6,D,VIIRS
46.87097,36.01039,330.91,0.66,0.73,2026-08-24,11:36:00,N21,low,2.0NRT,303.33,3.78,D,VIIRS
46.87334,36.566160000000004,346.23,0.7,0.75,2026-08-24,11:36:00,N21,nominal,2.0NRT,304.83,14.01,D,VIIRS
46.88023,36.56624,367,0.7,0.75,2026-08-24,11:36:00,N21,high,2.0NRT,305.71,14.01,D,VIIRS
46.89215,35.74619,367,0.64,0.72,2026-08-24,11:36:00,N21,high,2.0NRT,307.31,101.84,D,VIIRS
46.89884,35.73781,333.18,0.64,0.72,2026-08-24,11:36:00,N21,nominal,2.0NRT,303.52,101.84,D,VIIRS
46.90074,36.58508,341.64,0.7,0.75,2026-08-24,11:36:00,N21,nominal,2.0NRT,301.29,7.65,D,VIIRS
46.87989,36.56815,344.79,0.7,0.75,2026-08-24,11:36:00,N21,nominal,2.0NRT,304.54,20.99,D,VIIRS
46.89557,35.74736,367,0.64,0.72,2026-08-24,11:36:00,N21,high,2.0NRT,326.43,187.76,D,VIIRS
46.89563,35.73896,341.25,0.64,0.72,2026-08-24,11:36:00,N21,nominal,2.0NRT,305.28,89.67,D,VIIRS
46.90032,36.5869,336.09,0.7,0.75,2026-08-24,11:36:00,N21,nominal,2.0NRT,300.55,13.8,D,VIIRS
46.90287,32.57282,338.88,0.45,0.63,2026-08-24,11:36:00,N21,nominal,2.0NRT,303.97,3.54,D,VIIRS
46.94614,36.16073,367,0.67,0.74,2026-08-24,11:36:00,N21,high,2.0NRT,306.16,17.82,D,VIIRS
46.92579,32.55968,367,0.45,0.63,2026-08-24,11:36:00,N21,high,2.0NRT,304.98,12.76,D,VIIRS
46.92565,32.55378,353.4,0.45,0.63,2026-08-24,11:36:00,N21,nominal,2.0NRT,305.42,12.76,D,VIIRS
46.96662,36.14258,336.53,0.67,0.74,2026-08-24,11:36:00,N21,nominal,2.0NRT,303.32,9.6,D,VIIRS
46.96668,36.13388,343.43,0.67,0.73,2026-08-24,11:36:00,N21,nominal,2.0NRT,302.07,8.65,D,VIIRS
47.00161,35.92533,367,0.65,0.73,2026-08-24,11:36:00,N21,high,2.0NRT,304.39,20.52,D,VIIRS
47.00099,36.05529,337.96,0.66,0.73,2026-08-24,11:36:00,N21,nominal,2.0NRT,301.84,7.45,D,VIIRS
47.00157,35.93401,337.84,0.65,0.73,2026-08-24,11:36:00,N21,nominal,2.0NRT,301.54,17.16,D,VIIRS
47.00774,36.05545,331.17,0.66,0.73,2026-08-24,11:36:00,N21,low,2.0NRT,303.7,5.57,D,VIIRS
47.00778,36.04689,336.02,0.66,0.73,2026-08-24,11:36:00,N21,nominal,2.0NRT,305.47,16.46,D,VIIRS
47.00832,35.92548,333.96,0.65,0.73,2026-08-24,11:36:00,N21,nominal,2.0NRT,301.47,6.99,D,VIIRS
47.00952,36.71022,340.66,0.71,0.75,2026-08-24,11:36:00,N21,nominal,2.0NRT,299.51,5.91,D,VIIRS
47.03033,36.71024,351.65,0.71,0.75,2026-08-24,11:36:00,N21,nominal,2.0NRT,304.65,16.81,D,VIIRS
47.00988,33.16882,332.85,0.48,0.65,2026-08-24,11:36:00,N21,nominal,2.0NRT,302.05,3.51,D,VIIRS
47.00428,35.9303,367,0.65,0.73,2026-08-24,11:36:00,N21,high,2.0NRT,304.88,28.19,D,VIIRS
47.00436,35.92165,337.29,0.65,0.73,2026-08-24,11:36:00,N21,nominal,2.0NRT,303.77,20.2,D,VIIRS
47.00999,36.04319,367,0.66,0.73,2026-08-24,11:36:00,N21,high,2.0NRT,305.28,15.43,D,VIIRS
47.01779,34.07193,330.76,0.53,0.67,2026-08-24,11:36:00,N21,low,2.0NRT,301.68,5.63,D,VIIRS
47.01566,36.70663,367,0.71,0.75,2026-08-24,11:36:00,N21,high,2.0NRT,301.59,16.86,D,VIIRS
46.94941,30.79236,337.28,0.37,0.58,2026-08-24,11:36:00,N21,nominal,2.0NRT,299.54,6.32,D,VIIRS
47.0294,36.71572,338.7,0.71,0.75,2026-08-24,11:36:00,N21,nominal,2.0NRT,301.74,8.84,D,VIIRS
47.02953,36.70661,340.11,0.71,0.75,2026-08-24,11:36:00,N21,nominal,2.0NRT,304.79,8.84,D,VIIRS
47.04744,35.106,349.89,0.6,0.7,2026-08-24,11:36:00,N21,nominal,2.0NRT,304.58,14.91,D,VIIRS
47.04778,33.96597,339.82,0.53,0.67,2026-08-24,11:36:00,N21,nominal,2.0NRT,303.59,6.15,D,VIIRS
47.06005,35.48623,343.93,0.62,0.72,2026-08-24,11:36:00,N21,nominal,2.0NRT,303.79,9.44,D,VIIRS
47.06007,35.478,333.24,0.62,0.71,2026-08-24,11:36:00,N21,nominal,2.0NRT,303.24,9.44,D,VIIRS
47.06041,35.27295,340.78,0.61,0.71,2026-08-24,11:36:00,N21,nominal,2.0NRT,305.53,6.1,D,VIIRS
47.06042,35.26495,331.71,0.61,0.71,2026-08-24,11:36:00,N21,low,2.0NRT,304.09,6.1,D,VIIRS
47.05388,33.95896,339,0.52,0.67,2026-08-24,11:36:00,N21,nominal,2.0NRT,305.25,4.64,D,VIIRS
47.05381,33.95203,337.93,0.52,0.67,2026-08-24,11:36:00,N21,nominal,2.0NRT,302.86,4.64,D,VIIRS
47.05871,33.842,367,0.52,0.67,2026-08-24,11:36:00,N21,high,2.0NRT,307.83,38.06,D,VIIRS
47.06666,35.47799,343.35,0.62,0.71,2026-08-24,11:36:00,N21,nominal,2.0NRT,305.76,9.44,D,VIIRS
47.05863,33.83517,333.05,0.52,0.67,2026-08-24,11:36:00,N21,nominal,2.0NRT,300.71,24.04,D,VIIRS
47.12543,35.1451,348.22,0.6,0.7,2026-08-24,11:36:00,N21,nominal,2.0NRT,303.97,10.61,D,VIIRS
47.13883,35.86306,335.89,0.65,0.73,2026-08-24,11:36:00,N21,nominal,2.0NRT,303.34,5.48,D,VIIRS
46.44879,32.34477,342.64,0.43,0.62,2026-08-24,11:36:00,N21,nominal,2.0NRT,302.23,7.82,D,VIIRS
46.57283,34.85048,331.01,0.58,0.69,2026-08-24,11:36:00,N21,low,2.0NRT,304.92,4.01,D,VIIRS
47.12512,35.14542,348.19,0.6,0.71,2026-08-24,11:36:00,N21,nominal,2.0NRT,304.02,7.66,D,VIIRS
44.52619,34.14214,367,0.52,0.67,2026-08-24,11:36:00,N21,high,2.0NRT,300.04,36.79,D,VIIRS
44.52579,34.1236,344.01,0.52,0.67,2026-08-24,11:36:00,N21,nominal,2.0NRT,295.74,24.97,D,VIIRS
44.52569,34.13864,367,0.52,0.67,2026-08-24,11:36:00,N21,high,2.0NRT,301.47,38.15,D,VIIRS
44.53172,34.13038,340.69,0.52,0.67,2026-08-24,11:36:00,N21,nominal,2.0NRT,296.17,5.49,D,VIIRS
45.5365,29.425,334.97,0.61,0.54,2026-08-24,11:36:00,N21,nominal,2.0NRT,298.65,10.88,D,VIIRS
45.52396,28.94758,338.17,0.58,0.52,2026-08-24,11:36:00,N21,nominal,2.0NRT,300.46,10,D,VIIRS
45.52877,28.94696,342.34,0.58,0.52,2026-08-24,11:36:00,N21,nominal,2.0NRT,301.38,10,D,VIIRS
45.7928,29.02928,340.49,0.59,0.53,2026-08-24,11:36:00,N21,nominal,2.0NRT,297.15,10.43,D,VIIRS
45.84719,29.58592,335.03,0.63,0.54,2026-08-24,11:36:00,N21,nominal,2.0NRT,298.64,12.76,D,VIIRS
45.85218,29.58546,339.98,0.63,0.54,2026-08-24,11:36:00,N21,nominal,2.0NRT,299.29,12.76,D,VIIRS
46.16844,33.1757,367,0.48,0.64,2026-08-24,11:36:00,N21,high,2.0NRT,309.92,31.23,D,VIIRS
46.16829,33.16949,333.01,0.48,0.64,2026-08-24,11:36:00,N21,nominal,2.0NRT,302.95,31.23,D,VIIRS
46.16614,33.18041,337.73,0.48,0.64,2026-08-24,11:36:00,N21,nominal,2.0NRT,301.37,31.02,D,VIIRS
46.16602,33.17418,346.52,0.48,0.64,2026-08-24,11:36:00,N21,nominal,2.0NRT,307.4,31.02,D,VIIRS
46.22794,33.29605,367,0.48,0.65,2026-08-24,11:36:00,N21,high,2.0NRT,309.04,54.35,D,VIIRS
46.26881,34.81568,331.7,0.57,0.69,2026-08-24,11:36:00,N21,low,2.0NRT,304.55,5.57,D,VIIRS
46.29547,32.95141,351.16,0.46,0.64,2026-08-24,11:36:00,N21,nominal,2.0NRT,301.87,9.49,D,VIIRS
46.38268,33.68346,334.41,0.51,0.66,2026-08-24,11:36:00,N21,nominal,2.0NRT,300.85,6.36,D,VIIRS
46.4126,34.13654,337.19,0.53,0.67,2026-08-24,11:36:00,N21,nominal,2.0NRT,304.9,5.32,D,VIIRS
46.39514,32.72519,367,0.45,0.63,2026-08-24,11:36:00,N21,high,2.0NRT,299.65,15.75,D,VIIRS
46.4188,34.13636,340.06,0.53,0.67,2026-08-24,11:36:00,N21,nominal,2.0NRT,305.34,6.22,D,VIIRS
46.39125,32.56078,345.43,0.45,0.63,2026-08-24,11:36:00,N21,nominal,2.0NRT,300.56,10.85,D,VIIRS
46.44846,32.33343,367,0.43,0.62,2026-08-24,11:36:00,N21,high,2.0NRT,306.14,14.18,D,VIIRS
46.44863,32.33908,330.05,0.43,0.62,2026-08-24,11:36:00,N21,nominal,2.0NRT,300.83,7.82,D,VIIRS
46.44829,32.32775,338.81,0.43,0.62,2026-08-24,11:36:00,N21,nominal,2.0NRT,301.99,14.18,D,VIIRS
46.49849,31.83563,354.63,0.41,0.61,2026-08-24,11:36:00,N21,nominal,2.0NRT,296.19,14.45,D,VIIRS
46.51077,35.51857,355.39,0.62,0.71,2026-08-24,11:36:00,N21,nominal,2.0NRT,305.55,10.07,D,VIIRS
46.45015,32.33703,367,0.43,0.62,2026-08-24,11:36:00,N21,high,2.0NRT,302.85,18.4,D,VIIRS
46.49866,31.84101,367,0.41,0.61,2026-08-24,11:36:00,N21,high,2.0NRT,296.67,16.28,D,VIIRS
46.54846,35.54293,350.71,0.62,0.72,2026-08-24,11:36:00,N21,nominal,2.0NRT,305.43,12.32,D,VIIRS
46.50893,35.51877,339.03,0.62,0.72,2026-08-24,11:36:00,N21,nominal,2.0NRT,304.09,6.6,D,VIIRS
46.45001,32.33136,355.6,0.43,0.62,2026-08-24,11:36:00,N21,nominal,2.0NRT,305.75,18.4,D,VIIRS
46.45029,32.34273,343.24,0.43,0.62,2026-08-24,11:36:00,N21,nominal,2.0NRT,302.4,9.94,D,VIIRS
51.00948,30.37826,351.21,0.38,0.58,2026-08-24,11:38:00,N21,nominal,2.0NRT,310.6,84.92,D,VIIRS
48.41941,36.21633,342.1,0.68,0.74,2026-08-24,11:38:00,N21,nominal,2.0NRT,302.11,15.89,D,VIIRS
47.21567,34.49997,333.06,0.56,0.69,2026-08-24,11:38:00,N21,low,2.0NRT,304.53,4.59,D,VIIRS
47.23504,34.61146,333.96,0.57,0.69,2026-08-24,11:38:00,N21,low,2.0NRT,304.75,5.1,D,VIIRS
47.26259,33.4956,367,0.5,0.66,2026-08-24,11:38:00,N21,high,2.0NRT,303.68,15.52,D,VIIRS
47.26614,33.76497,334.28,0.51,0.66,2026-08-24,11:38:00,N21,low,2.0NRT,304.71,7.71,D,VIIRS
47.25301,37.70563,344.72,0.8,0.78,2026-08-24,11:38:00,N21,nominal,2.0NRT,300.51,12.38,D,VIIRS
47.26874,33.50202,347.41,0.5,0.66,2026-08-24,11:38:00,N21,nominal,2.0NRT,302.93,7.37,D,VIIRS
47.26864,33.49535,353.14,0.5,0.66,2026-08-24,11:38:00,N21,nominal,2.0NRT,305.55,7.37,D,VIIRS
47.30496,35.99473,330.94,0.66,0.73,2026-08-24,11:38:00,N21,nominal,2.0NRT,300.28,8.18,D,VIIRS
47.31165,36.00357,337.57,0.66,0.73,2026-08-24,11:38:00,N21,nominal,2.0NRT,301.02,7.63,D,VIIRS
47.30067,33.60786,341.89,0.51,0.66,2026-08-24,11:38:00,N21,nominal,2.0NRT,303.21,7.42,D,VIIRS
47.31377,33.66823,332.19,0.51,0.66,2026-08-24,11:38:00,N21,low,2.0NRT,303.91,3.81,D,VIIRS
47.31253,33.58734,341.02,0.5,0.66,2026-08-24,11:38:00,N21,nominal,2.0NRT,303.83,8.56,D,VIIRS
47.318600000000004,33.5871,367,0.5,0.66,2026-08-24,11:38:00,N21,high,2.0NRT,304.24,10.67,D,VIIRS
47.33183,36.01145,331.01,0.66,0.73,2026-08-24,11:38:00,N21,low,2.0NRT,304.44,23.16,D,VIIRS
47.33187,36.00291,355.49,0.66,0.73,2026-08-24,11:38:00,N21,nominal,2.0NRT,306.08,23.16,D,VIIRS
47.31871,33.59383,351.2,0.51,0.66,2026-08-24,11:38:00,N21,nominal,2.0NRT,302.38,10.67,D,VIIRS
47.33219,34.12737,335.75,0.54,0.68,2026-08-24,11:38:00,N21,nominal,2.0NRT,301.19,5.9,D,VIIRS
47.35308,35.56831,337.9,0.63,0.72,2026-08-24,11:38:00,N21,nominal,2.0NRT,303.43,4.59,D,VIIRS
47.30122,33.61084,347.72,0.51,0.66,2026-08-24,11:38:00,N21,nominal,2.0NRT,303.27,8.17,D,VIIRS
47.30703,36.00092,344.79,0.66,0.73,2026-08-24,11:38:00,N21,nominal,2.0NRT,302.8,7.63,D,VIIRS
47.31388,33.65769,330.43,0.51,0.66,2026-08-24,11:38:00,N21,low,2.0NRT,303.03,2.73,D,VIIRS
47.31317,33.59025,342.07,0.51,0.66,2026-08-24,11:38:00,N21,nominal,2.0NRT,303.07,7.07,D,VIIRS
47.3131,33.58352,330.19,0.5,0.66,2026-08-24,11:38:00,N21,nominal,2.0NRT,301.96,7.07,D,VIIRS
47.31926,33.58998,367,0.51,0.66,2026-08-24,11:38:00,N21,high,2.0NRT,303.63,7.07,D,VIIRS
47.31918,33.58326,332.1,0.5,0.66,2026-08-24,11:38:00,N21,nominal,2.0NRT,302.32,7.07,D,VIIRS
47.33269,34.88928,332.5,0.58,0.7,2026-08-24,11:38:00,N21,low,2.0NRT,304.92,4.33,D,VIIRS
47.33392,36.0088,367,0.66,0.73,2026-08-24,11:38:00,N21,high,2.0NRT,305.3,23.19,D,VIIRS
47.33401,36.00029,355.6,0.66,0.73,2026-08-24,11:38:00,N21,nominal,2.0NRT,301.76,23.19,D,VIIRS
47.3311,33.56271,332.47,0.5,0.66,2026-08-24,11:38:00,N21,nominal,2.0NRT,303.18,3.53,D,VIIRS
47.35059,34.40545,351.25,0.55,0.68,2026-08-24,11:38:00,N21,nominal,2.0NRT,303.59,10.11,D,VIIRS
47.39208,36.31313,339.31,0.68,0.74,2026-08-24,11:38:00,N21,nominal,2.0NRT,299.13,12.05,D,VIIRS
47.39516,34.47119,333.51,0.56,0.69,2026-08-24,11:38:00,N21,nominal,2.0NRT,303.18,7.7,D,VIIRS
47.39899,36.30441,343.4,0.68,0.74,2026-08-24,11:38:00,N21,nominal,2.0NRT,303.36,12.05,D,VIIRS
47.4029,35.73456,353.33,0.64,0.72,2026-08-24,11:38:00,N21,nominal,2.0NRT,303.28,9.39,D,VIIRS
47.4059,36.29568,335.17,0.68,0.74,2026-08-24,11:38:00,N21,nominal,2.0NRT,305.07,12.79,D,VIIRS
47.41272,36.29588,352.95,0.68,0.74,2026-08-24,11:38:00,N21,nominal,2.0NRT,304.29,12.79,D,VIIRS
47.41962,36.28728,333.32,0.68,0.74,2026-08-24,11:38:00,N21,low,2.0NRT,304.33,8.43,D,VIIRS
47.42363,35.31834,336.88,0.61,0.71,2026-08-24,11:38:00,N21,nominal,2.0NRT,302.88,6.59,D,VIIRS
47.42644,36.28759,338.7,0.68,0.74,2026-08-24,11:38:00,N21,nominal,2.0NRT,302.55,8.43,D,VIIRS
47.36789,30.9595,332.53,0.38,0.59,2026-08-24,11:38:00,N21,nominal,2.0NRT,293.95,4.01,D,VIIRS
47.39997,36.30515,345.77,0.68,0.74,2026-08-24,11:38:00,N21,nominal,2.0NRT,303.02,12.67,D,VIIRS
47.40644,35.73478,341.83,0.64,0.72,2026-08-24,11:38:00,N21,nominal,2.0NRT,304.08,9.01,D,VIIRS
47.40692,36.29638,340.76,0.68,0.74,2026-08-24,11:38:00,N21,nominal,2.0NRT,305.01,12.67,D,VIIRS
47.41375,36.29654,353.02,0.68,0.74,2026-08-24,11:38:00,N21,nominal,2.0NRT,303.66,16.4,D,VIIRS
47.42248,35.3182,337.09,0.61,0.71,2026-08-24,11:38:00,N21,nominal,2.0NRT,302.88,6.54,D,VIIRS
47.42068,36.2879,336.14,0.68,0.74,2026-08-24,11:38:00,N21,nominal,2.0NRT,303.73,16.77,D,VIIRS
47.4275,36.28819,333.33,0.68,0.74,2026-08-24,11:38:00,N21,nominal,2.0NRT,302.82,14.2,D,VIIRS
47.46312,33.86518,341.97,0.52,0.67,2026-08-24,11:38:00,N21,nominal,2.0NRT,303.11,13.19,D,VIIRS
47.46941,33.8788,338.11,0.52,0.67,2026-08-24,11:38:00,N21,nominal,2.0NRT,303.63,6.96,D,VIIRS
47.46934,33.87183,341.21,0.52,0.67,2026-08-24,11:38:00,N21,nominal,2.0NRT,305.58,6.96,D,VIIRS
47.46927,33.86464,331.23,0.52,0.67,2026-08-24,11:38:00,N21,low,2.0NRT,303.71,12.47,D,VIIRS
47.46913,33.85083,342.05,0.52,0.67,2026-08-24,11:38:00,N21,nominal,2.0NRT,302.93,5.33,D,VIIRS
47.47528,33.85053,339.74,0.52,0.67,2026-08-24,11:38:00,N21,nominal,2.0NRT,301.02,5.33,D,VIIRS
47.49339,34.57456,367,0.56,0.69,2026-08-24,11:38:00,N21,high,2.0NRT,304.38,21.54,D,VIIRS
47.50851,36.38001,367,0.69,0.74,2026-08-24,11:38:00,N21,high,2.0NRT,303.88,42.21,D,VIIRS
47.51554,36.36171,335.5,0.69,0.74,2026-08-24,11:38:00,N21,nominal,2.0NRT,299.14,10.53,D,VIIRS
47.52905,36.38106,354.87,0.69,0.74,2026-08-24,11:38:00,N21,nominal,2.0NRT,302.33,23.56,D,VIIRS
47.50903,36.38156,367,0.69,0.74,2026-08-24,11:38:00,N21,high,2.0NRT,303.69,21.16,D,VIIRS
47.50916,36.37239,332.91,0.69,0.74,2026-08-24,11:38:00,N21,nominal,2.0NRT,299.28,21.31,D,VIIRS
47.51614,36.36323,344.41,0.69,0.74,2026-08-24,11:38:00,N21,nominal,2.0NRT,300.65,13.65,D,VIIRS
47.52957,36.3825,346.45,0.69,0.74,2026-08-24,11:38:00,N21,nominal,2.0NRT,300.85,14.09,D,VIIRS
47.5297,36.37314,334.84,0.69,0.74,2026-08-24,11:38:00,N21,nominal,2.0NRT,302.95,18.83,D,VIIRS
47.54499,36.73825,334.86,0.72,0.75,2026-08-24,11:38:00,N21,nominal,2.0NRT,300.24,8.64,D,VIIRS
47.55941,36.17477,333.41,0.67,0.74,2026-08-24,11:38:00,N21,nominal,2.0NRT,303.58,4.16,D,VIIRS
47.5709,36.36485,337.37,0.69,0.74,2026-08-24,11:38:00,N21,nominal,2.0NRT,299.6,12.22,D,VIIRS
47.59003,35.72931,330.17,0.64,0.72,2026-08-24,11:38:00,N21,nominal,2.0NRT,301.16,4.59,D,VIIRS
47.58456,37.29148,342.06,0.76,0.77,2026-08-24,11:38:00,N21,nominal,2.0NRT,299.3,10.69,D,VIIRS
47.61025,36.52311,344.66,0.7,0.75,2026-08-24,11:38:00,N21,nominal,2.0NRT,300.32,8.82,D,VIIRS
47.64439,36.55314,331.66,0.7,0.75,2026-08-24,11:38:00,N21,low,2.0NRT,301.93,8.45,D,VIIRS
47.64459,36.53446,345.3,0.7,0.75,2026-08-24,11:38:00,N21,nominal,2.0NRT,301.55,20.35,D,VIIRS
47.58806,37.28885,345.75,0.76,0.77,2026-08-24,11:38:00,N21,nominal,2.0NRT,300.91,12.37,D,VIIRS
47.61013,36.51984,340.54,0.7,0.75,2026-08-24,11:38:00,N21,nominal,2.0NRT,299.83,7.75,D,VIIRS
47.6305,36.53957,336.46,0.7,0.75,2026-08-24,11:38:00,N21,nominal,2.0NRT,300.5,13.92,D,VIIRS
47.65962,33.94596,339.8,0.53,0.67,2026-08-24,11:38:00,N21,nominal,2.0NRT,301.46,4.02,D,VIIRS
47.66581,33.94602,341.01,0.53,0.67,2026-08-24,11:38:00,N21,nominal,2.0NRT,301.27,5.41,D,VIIRS
47.66927,36.72021,367,0.71,0.75,2026-08-24,11:38:00,N21,high,2.0NRT,305.73,40.85,D,VIIRS
47.69305,37.37374,367,0.77,0.77,2026-08-24,11:38:00,N21,high,2.0NRT,300.2,56.68,D,VIIRS
47.70551,36.6078,367,0.71,0.75,2026-08-24,11:38:00,N21,high,2.0NRT,301.93,15.97,D,VIIRS
47.69325,37.36353,348.72,0.77,0.77,2026-08-24,11:38:00,N21,nominal,2.0NRT,308.78,80.59,D,VIIRS
47.69346,37.35303,341.56,0.77,0.77,2026-08-24,11:38:00,N21,nominal,2.0NRT,308.52,80.59,D,VIIRS
47.70202,36.85686,335.68,0.73,0.76,2026-08-24,11:38:00,N21,nominal,2.0NRT,303.25,9.01,D,VIIRS
47.70539,36.61735,332.35,0.71,0.75,2026-08-24,11:38:00,N21,nominal,2.0NRT,301.92,15.97,D,VIIRS
47.70098,33.31625,345.63,0.49,0.65,2026-08-24,11:38:00,N21,nominal,2.0NRT,303.31,6.54,D,VIIRS
47.70058,37.35353,367,0.77,0.77,2026-08-24,11:38:00,N21,high,2.0NRT,306.09,14.44,D,VIIRS
47.70037,37.36404,333.71,0.77,0.77,2026-08-24,11:38:00,N21,nominal,2.0NRT,302.33,14.44,D,VIIRS
47.71242,36.60811,336.44,0.71,0.75,2026-08-24,11:38:00,N21,nominal,2.0NRT,301.49,12.57,D,VIIRS
47.7077,37.35401,367,0.77,0.77,2026-08-24,11:38:00,N21,high,2.0NRT,304.4,14.44,D,VIIRS
47.72904,37.35556,331.94,0.77,0.77,2026-08-24,11:38:00,N21,low,2.0NRT,303.92,10.28,D,VIIRS
47.73941,37.16317,336.52,0.75,0.77,2026-08-24,11:38:00,N21,nominal,2.0NRT,298.17,5.71,D,VIIRS
47.68911,37.36634,367,0.77,0.77,2026-08-24,11:38:00,N21,high,2.0NRT,300.56,64.83,D,VIIRS
47.68937,37.35596,367,0.77,0.77,2026-08-24,11:38:00,N21,high,2.0NRT,301.77,44.34,D,VIIRS
47.70483,36.61004,367,0.71,0.75,2026-08-24,11:38:00,N21,high,2.0NRT,303.03,16.76,D,VIIRS
47.69624,37.36677,367,0.77,0.77,2026-08-24,11:38:00,N21,high,2.0NRT,306.97,64.83,D,VIIRS
47.69649,37.35637,367,0.77,0.77,2026-08-24,11:38:00,N21,high,2.0NRT,311.39,44.34,D,VIIRS
47.69674,37.34582,331.17,0.77,0.77,2026-08-24,11:38:00,N21,nominal,2.0NRT,304.48,44.34,D,VIIRS
47.71174,36.61028,341.96,0.71,0.75,2026-08-24,11:38:00,N21,nominal,2.0NRT,303.02,16.76,D,VIIRS
47.7036,37.35683,355.38,0.77,0.77,2026-08-24,11:38:00,N21,nominal,2.0NRT,305.24,17.52,D,VIIRS
47.71096,37.34685,335.77,0.77,0.77,2026-08-24,11:38:00,N21,nominal,2.0NRT,302.27,17.52,D,VIIRS
47.81635,36.54542,349.46,0.7,0.75,2026-08-24,11:38:00,N21,nominal,2.0NRT,298.25,19.38,D,VIIRS
47.82325,36.5458,367,0.7,0.75,2026-08-24,11:38:00,N21,high,2.0NRT,302.97,19.38,D,VIIRS
47.82544,37.32154,338.59,0.76,0.77,2026-08-24,11:38:00,N21,nominal,2.0NRT,304.05,22.76,D,VIIRS
47.85722,35.65846,341.93,0.64,0.72,2026-08-24,11:38:00,N21,nominal,2.0NRT,300.45,10.56,D,VIIRS
47.85725,35.64989,337.81,0.64,0.72,2026-08-24,11:38:00,N21,nominal,2.0NRT,301.57,10.56,D,VIIRS
47.8639,35.64993,332.6,0.64,0.72,2026-08-24,11:38:00,N21,nominal,2.0NRT,298.21,3.56,D,VIIRS
47.81623,36.54639,350.24,0.7,0.75,2026-08-24,11:38:00,N21,nominal,2.0NRT,298.21,9.29,D,VIIRS
47.82313,36.54672,367,0.7,0.75,2026-08-24,11:38:00,N21,high,2.0NRT,302.17,22.59,D,VIIRS
47.82181,37.32293,338.67,0.76,0.77,2026-08-24,11:38:00,N21,nominal,2.0NRT,303.59,18.75,D,VIIRS
47.86109,35.65841,341.56,0.64,0.72,2026-08-24,11:38:00,N21,nominal,2.0NRT,299.18,13.29,D,VIIRS
47.86116,35.64991,352.12,0.64,0.72,2026-08-24,11:38:00,N21,nominal,2.0NRT,300.26,14.23,D,VIIRS
47.8532,36.8172,330.24,0.72,0.76,2026-08-24,11:38:00,N21,nominal,2.0NRT,300.4,4.48,D,VIIRS
47.88222,36.74884,334.15,0.72,0.75,2026-08-24,11:38:00,N21,nominal,2.0NRT,300.95,3.65,D,VIIRS
47.88385,37.06253,367,0.74,0.76,2026-08-24,11:38:00,N21,high,2.0NRT,300.36,54.19,D,VIIRS
47.88403,37.0526,367,0.74,0.76,2026-08-24,11:38:00,N21,high,2.0NRT,305.66,54.97,D,VIIRS
47.89088,37.06276,367,0.74,0.76,2026-08-24,11:38:00,N21,high,2.0NRT,304.22,54.19,D,VIIRS
47.89106,37.05293,367,0.74,0.76,2026-08-24,11:38:00,N21,high,2.0NRT,303.82,54.97,D,VIIRS
47.89793,37.06294,367,0.74,0.76,2026-08-24,11:38:00,N21,high,2.0NRT,302.3,23.49,D,VIIRS
47.89811,37.05311,338.9,0.74,0.76,2026-08-24,11:38:00,N21,nominal,2.0NRT,303.36,26,D,VIIRS
47.90514,37.05331,367,0.74,0.76,2026-08-24,11:38:00,N21,high,2.0NRT,303.59,26,D,VIIRS
47.90497,37.06319,342.94,0.74,0.76,2026-08-24,11:38:00,N21,nominal,2.0NRT,298.65,23.49,D,VIIRS
47.96211,36.4582,333.64,0.7,0.75,2026-08-24,11:38:00,N21,nominal,2.0NRT,299.59,8.8,D,VIIRS
47.90213,37.06085,367,0.74,0.76,2026-08-24,11:38:00,N21,high,2.0NRT,303.25,41.34,D,VIIRS
47.90235,37.05099,367,0.74,0.76,2026-08-24,11:38:00,N21,high,2.0NRT,303.56,33.42,D,VIIRS
47.96201,36.45534,336.15,0.7,0.75,2026-08-24,11:38:00,N21,nominal,2.0NRT,300.37,6.48,D,VIIRS
48.01315,34.89859,354.74,0.59,0.7,2026-08-24,11:38:00,N21,nominal,2.0NRT,307.73,45.84,D,VIIRS
48.02482,35.55402,367,0.63,0.72,2026-08-24,11:38:00,N21,high,2.0NRT,300.48,32.61,D,VIIRS
48.02486,35.54543,352.96,0.63,0.72,2026-08-24,11:38:00,N21,nominal,2.0NRT,303.14,30.45,D,VIIRS
48.02114,36.66519,367,0.71,0.75,2026-08-24,11:38:00,N21,high,2.0NRT,303.95,42.14,D,VIIRS
48.02129,36.65544,347.39,0.71,0.75,2026-08-24,11:38:00,N21,nominal,2.0NRT,300.68,42.14,D,VIIRS
48.03149,35.54549,353.13,0.63,0.72,2026-08-24,11:38:00,N21,nominal,2.0NRT,301.48,12.39,D,VIIRS
48.03133,36.91666,341.67,0.73,0.76,2026-08-24,11:38:00,N21,nominal,2.0NRT,302.67,11.46,D,VIIRS
48.04676,36.82079,344.38,0.72,0.76,2026-08-24,11:38:00,N21,nominal,2.0NRT,300.95,12.96,D,VIIRS
48.03879,37.66435,367,0.79,0.78,2026-08-24,11:38:00,N21,high,2.0NRT,302.57,112.85,D,VIIRS
48.04622,37.65426,367,0.79,0.78,2026-08-24,11:38:00,N21,high,2.0NRT,300.61,20.98,D,VIIRS
48.06575,36.95806,367,0.73,0.76,2026-08-24,11:38:00,N21,high,2.0NRT,301.66,22.42,D,VIIRS
48.06472,37.02723,348.75,0.74,0.76,2026-08-24,11:38:00,N21,nominal,2.0NRT,300.42,19.03,D,VIIRS
48.06561,36.96801,331.28,0.73,0.76,2026-08-24,11:38:00,N21,nominal,2.0NRT,299.07,18.72,D,VIIRS
48.02898,35.54567,367,0.63,0.72,2026-08-24,11:38:00,N21,high,2.0NRT,302.56,18.16,D,VIIRS
48.02025,36.66629,367,0.71,0.75,2026-08-24,11:38:00,N21,high,2.0NRT,301.44,42.25,D,VIIRS
48.00492,37.37306,336.69,0.77,0.77,2026-08-24,11:38:00,N21,nominal,2.0NRT,300.73,12.25,D,VIIRS
48.02043,36.65656,349.21,0.71,0.75,2026-08-24,11:38:00,N21,nominal,2.0NRT,301.1,43.2,D,VIIRS
48.02736,36.65683,345.54,0.71,0.75,2026-08-24,11:38:00,N21,nominal,2.0NRT,299.49,10.72,D,VIIRS
48.03632,36.91811,345.85,0.73,0.76,2026-08-24,11:38:00,N21,nominal,2.0NRT,301.06,10,D,VIIRS
48.04518,36.82199,336.42,0.72,0.76,2026-08-24,11:38:00,N21,nominal,2.0NRT,300.1,5.86,D,VIIRS
48.04059,37.66639,367,0.79,0.78,2026-08-24,11:38:00,N21,high,2.0NRT,298.52,188.04,D,VIIRS
48.06222,37.02841,367,0.74,0.76,2026-08-24,11:38:00,N21,high,2.0NRT,300.68,15.47,D,VIIRS
48.06357,36.95906,367,0.73,0.76,2026-08-24,11:38:00,N21,high,2.0NRT,302.44,30.16,D,VIIRS
48.08265,35.44489,330.19,0.62,0.72,2026-08-24,11:38:00,N21,low,2.0NRT,301.36,7.81,D,VIIRS
48.07868,36.90093,348.18,0.73,0.76,2026-08-24,11:38:00,N21,nominal,2.0NRT,300.22,12.32,D,VIIRS
48.11299,33.96269,335.89,0.53,0.67,2026-08-24,11:38:00,N21,nominal,2.0NRT,300.27,2.34,D,VIIRS
48.10888,37.16978,330.11,0.75,0.77,2026-08-24,11:38:00,N21,low,2.0NRT,300.56,5.75,D,VIIRS
48.12698,33.53726,337.23,0.51,0.66,2026-08-24,11:38:00,N21,nominal,2.0NRT,305.39,11.66,D,VIIRS
47.99628,29.22075,334.42,0.63,0.54,2026-08-24,11:38:00,N21,nominal,2.0NRT,294.07,4.83,D,VIIRS
48.17868,36.08278,367,0.67,0.73,2026-08-24,11:38:00,N21,high,2.0NRT,306.72,45.45,D,VIIRS
48.04185,29.22479,339.18,0.63,0.54,2026-08-24,11:38:00,N21,nominal,2.0NRT,295.17,12.86,D,VIIRS
48.17366,36.08413,340.12,0.67,0.74,2026-08-24,11:38:00,N21,nominal,2.0NRT,299.12,7.86,D,VIIRS
48.18044,36.08393,367,0.67,0.74,2026-08-24,11:38:00,N21,high,2.0NRT,306.1,38.26,D,VIIRS
48.17582,36.84763,367,0.73,0.76,2026-08-24,11:38:00,N21,high,2.0NRT,304.52,47.48,D,VIIRS
48.20076,37.68766,367,0.8,0.78,2026-08-24,11:38:00,N21,high,2.0NRT,304.88,67.13,D,VIIRS
48.20947,37.62382,343.63,0.79,0.78,2026-08-24,11:38:00,N21,nominal,2.0NRT,297.91,18.06,D,VIIRS
48.2319,37.23851,332.4,0.76,0.77,2026-08-24,11:38:00,N21,nominal,2.0NRT,298.2,12.29,D,VIIRS
48.25343,36.79867,331.18,0.72,0.76,2026-08-24,11:38:00,N21,nominal,2.0NRT,298.6,5.29,D,VIIRS
48.20262,37.68543,353.39,0.8,0.78,2026-08-24,11:38:00,N21,nominal,2.0NRT,303.29,58.42,D,VIIRS
48.21161,37.62138,350.7,0.79,0.78,2026-08-24,11:38:00,N21,nominal,2.0NRT,298.33,16.41,D,VIIRS
48.22858,37.23589,343.09,0.76,0.77,2026-08-24,11:38:00,N21,nominal,2.0NRT,300.6,9.82,D,VIIRS
48.29982,36.85788,331.86,0.73,0.76,2026-08-24,11:38:00,N21,nominal,2.0NRT,300.17,6.43,D,VIIRS
48.27229,31.02518,336.99,0.39,0.59,2026-08-24,11:38:00,N21,nominal,2.0NRT,300.28,4.64,D,VIIRS
48.34827,36.88885,333.75,0.73,0.76,2026-08-24,11:38:00,N21,nominal,2.0NRT,298.35,6.43,D,VIIRS
48.34091,37.63992,350.86,0.79,0.78,2026-08-24,11:38:00,N21,nominal,2.0NRT,297.91,14.09,D,VIIRS
48.34612,36.89127,340.7,0.73,0.76,2026-08-24,11:38:00,N21,nominal,2.0NRT,298.95,8.27,D,VIIRS
48.34255,37.64337,334.43,0.79,0.78,2026-08-24,11:38:00,N21,nominal,2.0NRT,297.19,13.87,D,VIIRS
48.36129,37.47332,331.87,0.78,0.78,2026-08-24,11:38:00,N21,nominal,2.0NRT,297.53,5.52,D,VIIRS
48.41258,36.21673,351.01,0.68,0.74,2026-08-24,11:38:00,N21,nominal,2.0NRT,298.3,15.89,D,VIIRS
48.41951,36.2076,367,0.68,0.74,2026-08-24,11:38:00,N21,high,2.0NRT,302.8,15.89,D,VIIRS
48.53185,34.64985,344.29,0.57,0.69,2026-08-24,11:38:00,N21,nominal,2.0NRT,302.73,13.26,D,VIIRS
48.73255,31.84252,337.87,0.42,0.61,2026-08-24,11:38:00,N21,nominal,2.0NRT,301.43,2.71,D,VIIRS
48.85608,36.9146,351.83,0.73,0.76,2026-08-24,11:38:00,N21,nominal,2.0NRT,302.12,19.9,D,VIIRS
48.85512,37.63669,332.05,0.79,0.78,2026-08-24,11:38:00,N21,nominal,2.0NRT,298.14,10.67,D,VIIRS
48.85422,36.91114,348.56,0.73,0.76,2026-08-24,11:38:00,N21,nominal,2.0NRT,302.48,14.98,D,VIIRS
48.85728,37.63347,329.52,0.79,0.78,2026-08-24,11:38:00,N21,nominal,2.0NRT,298.61,11.04,D,VIIRS
48.90135,37.0046,331.56,0.74,0.76,2026-08-24,11:38:00,N21,nominal,2.0NRT,297.15,7.63,D,VIIRS
49.01166,35.71826,347.79,0.65,0.73,2026-08-24,11:38:00,N21,nominal,2.0NRT,300.96,12.09,D,VIIRS
49.06705,35.4826,367,0.63,0.72,2026-08-24,11:38:00,N21,high,2.0NRT,298.01,110.62,D,VIIRS
49.06711,35.47397,346.2,0.63,0.72,2026-08-24,11:38:00,N21,nominal,2.0NRT,311.97,131.06,D,VIIRS
49.06717,35.46524,354.26,0.63,0.72,2026-08-24,11:38:00,N21,nominal,2.0NRT,301.34,131.06,D,VIIRS
49.07367,35.48264,367,0.63,0.72,2026-08-24,11:38:00,N21,high,2.0NRT,316.81,110.62,D,VIIRS
49.03847,31.16045,339.17,0.4,0.6,2026-08-24,11:38:00,N21,nominal,2.0NRT,298.13,5.4,D,VIIRS
49.04415,31.16563,333.5,0.4,0.6,2026-08-24,11:38:00,N21,nominal,2.0NRT,299.45,5.4,D,VIIRS
49.06464,35.47458,367,0.63,0.72,2026-08-24,11:38:00,N21,high,2.0NRT,302.31,106.58,D,VIIRS
49.06474,35.46583,352.87,0.63,0.72,2026-08-24,11:38:00,N21,nominal,2.0NRT,301.34,76.11,D,VIIRS
49.07117,35.48318,367,0.63,0.72,2026-08-24,11:38:00,N21,high,2.0NRT,309.01,106.58,D,VIIRS
49.03862,31.16341,340.68,0.4,0.6,2026-08-24,11:38:00,N21,nominal,2.0NRT,300.32,4.99,D,VIIRS
49.07127,35.47452,233.7,0.63,0.72,2026-08-24,11:38:00,N21,low,2.0NRT,319.06,106.58,D,VIIRS
49.0778,35.48317,367,0.63,0.72,2026-08-24,11:38:00,N21,high,2.0NRT,304.12,21.15,D,VIIRS
49.0779,35.47454,336.86,0.63,0.72,2026-08-24,11:38:00,N21,nominal,2.0NRT,298.7,21.15,D,VIIRS
49.04414,31.16334,337.68,0.4,0.6,2026-08-24,11:38:00,N21,nominal,2.0NRT,300.9,3.35,D,VIIRS
49.10745,37.58493,331.93,0.79,0.78,2026-08-24,11:38:00,N21,nominal,2.0NRT,296.79,6.02,D,VIIRS
49.12294,37.54288,340.03,0.78,0.78,2026-08-24,11:38:00,N21,nominal,2.0NRT,297.14,9.04,D,VIIRS
49.13012,37.5432,330.69,0.78,0.78,2026-08-24,11:38:00,N21,nominal,2.0NRT,298.42,9.04,D,VIIRS
49.12526,37.54097,348.43,0.78,0.78,2026-08-24,11:38:00,N21,nominal,2.0NRT,298.57,19.81,D,VIIRS
49.38805,36.78604,346.77,0.72,0.76,2026-08-24,11:38:00,N21,nominal,2.0NRT,296.82,21.44,D,VIIRS
49.3952,36.77631,367,0.72,0.76,2026-08-24,11:38:00,N21,high,2.0NRT,300.3,21.44,D,VIIRS
49.39502,36.7864,350.79,0.72,0.76,2026-08-24,11:38:00,N21,nominal,2.0NRT,299.69,21.44,D,VIIRS
49.41356,36.4995,333.05,0.7,0.75,2026-08-24,11:38:00,N21,nominal,2.0NRT,297.65,5.76,D,VIIRS
49.39338,36.77859,367,0.72,0.76,2026-08-24,11:38:00,N21,high,2.0NRT,301.83,30.42,D,VIIRS
49.39316,36.78868,353.08,0.72,0.76,2026-08-24,11:38:00,N21,nominal,2.0NRT,298.46,19.92,D,VIIRS
49.40013,36.78931,332.34,0.72,0.76,2026-08-24,11:38:00,N21,nominal,2.0NRT,296.69,19.92,D,VIIRS
49.40058,36.76884,331.67,0.72,0.76,2026-08-24,11:38:00,N21,nominal,2.0NRT,300.31,30.42,D,VIIRS
49.69544,35.39202,367,0.63,0.72,2026-08-24,11:38:00,N21,high,2.0NRT,297.4,16.48,D,VIIRS
49.69321,35.393,344.95,0.63,0.72,2026-08-24,11:38:00,N21,nominal,2.0NRT,295.55,13.51,D,VIIRS
49.69983,35.39311,340.11,0.63,0.72,2026-08-24,11:38:00,N21,nominal,2.0NRT,295.53,8.92,D,VIIRS
49.7081,37.66205,331.86,0.79,0.78,2026-08-24,11:38:00,N21,nominal,2.0NRT,296.49,12.56,D,VIIRS
49.71531,37.66249,339.58,0.79,0.78,2026-08-24,11:38:00,N21,nominal,2.0NRT,297.49,12.56,D,VIIRS
49.82654,37.62059,331.46,0.79,0.78,2026-08-24,11:38:00,N21,nominal,2.0NRT,295.11,4.12,D,VIIRS
49.90957,37.31285,326.68,0.77,0.77,2026-08-24,11:38:00,N21,nominal,2.0NRT,297.06,7.37,D,VIIRS
49.96256,33.27624,333.29,0.5,0.66,2026-08-24,11:38:00,N21,nominal,2.0NRT,296.43,4.34,D,VIIRS
50.03751,37.68499,339.71,0.8,0.78,2026-08-24,11:38:00,N21,nominal,2.0NRT,294.34,21.25,D,VIIRS
50.05196,37.68537,341,0.8,0.78,2026-08-24,11:38:00,N21,nominal,2.0NRT,297.12,18.26,D,VIIRS
49.69885,24.57895,331.36,0.41,0.45,2026-08-24,11:38:00,N21,nominal,2.0NRT,294.18,3.32,D,VIIRS
50.05359,37.68296,340.34,0.8,0.78,2026-08-24,11:38:00,N21,nominal,2.0NRT,296.26,14.38,D,VIIRS
50.11282,37.14201,325.68,0.75,0.77,2026-08-24,11:38:00,N21,nominal,2.0NRT,294.44,5,D,VIIRS
50.16567,37.55654,337.71,0.78,0.78,2026-08-24,11:38:00,N21,nominal,2.0NRT,296,7.9,D,VIIRS
50.21917,37.13668,330.98,0.75,0.77,2026-08-24,11:38:00,N21,nominal,2.0NRT,294.05,8.08,D,VIIRS
49.73666,23.48492,330.68,0.55,0.43,2026-08-24,11:38:00,N21,nominal,2.0NRT,299.78,4.72,D,VIIRS
49.73673,23.48517,327.68,0.55,0.43,2026-08-24,11:38:00,N21,nominal,2.0NRT,299.62,3.36,D,VIIRS
50.21617,37.12914,328.12,0.75,0.77,2026-08-24,11:38:00,N21,nominal,2.0NRT,294.86,8.5,D,VIIRS
50.22627,37.01459,331.92,0.74,0.76,2026-08-24,11:38:00,N21,nominal,2.0NRT,295.04,6.11,D,VIIRS
50.23665,36.88117,330.96,0.73,0.76,2026-08-24,11:38:00,N21,nominal,2.0NRT,292.93,6.6,D,VIIRS
50.26027,36.0785,334.8,0.67,0.74,2026-08-24,11:38:00,N21,nominal,2.0NRT,293.77,13.18,D,VIIRS
50.25231,37.10045,335.76,0.75,0.77,2026-08-24,11:38:00,N21,nominal,2.0NRT,294.24,9.13,D,VIIRS
50.26491,36.87251,335.6,0.73,0.76,2026-08-24,11:38:00,N21,nominal,2.0NRT,294.44,6.24,D,VIIRS
50.27024,37.23049,334.04,0.76,0.77,2026-08-24,11:38:00,N21,nominal,2.0NRT,292.06,9.32,D,VIIRS
50.30282,36.38044,329.8,0.69,0.75,2026-08-24,11:38:00,N21,nominal,2.0NRT,291.78,8.19,D,VIIRS
50.30289,36.38167,331.87,0.7,0.75,2026-08-24,11:38:00,N21,nominal,2.0NRT,292.08,9.18,D,VIIRS
50.3037,29.93799,340.75,0.35,0.57,2026-08-24,11:38:00,N21,nominal,2.0NRT,294.4,2.96,D,VIIRS
50.57824,31.19833,332.08,0.41,0.6,2026-08-24,11:38:00,N21,low,2.0NRT,302.81,5.29,D,VIIRS
50.5781,31.19257,341.02,0.41,0.6,2026-08-24,11:38:00,N21,nominal,2.0NRT,297.96,5.29,D,VIIRS
50.58366,31.19222,349.31,0.41,0.6,2026-08-24,11:38:00,N21,nominal,2.0NRT,300.81,5.29,D,VIIRS
50.5848,27.0358,340.12,0.53,0.5,2026-08-24,11:38:00,N21,nominal,2.0NRT,303.54,41.15,D,VIIRS
51.00244,30.39691,367,0.38,0.58,2026-08-24,11:38:00,N21,high,2.0NRT,305.08,53.27,D,VIIRS
51.05872,34.81914,325.86,0.59,0.7,2026-08-24,11:38:00,N21,nominal,2.0NRT,293.11,4.83,D,VIIRS
51.00261,30.40231,334.38,0.38,0.58,2026-08-24,11:38:00,N21,nominal,2.0NRT,280.6,53.27,D,VIIRS
51.00209,30.38615,350.24,0.38,0.58,2026-08-24,11:38:00,N21,nominal,2.0NRT,297.44,68.33,D,VIIRS
51.00227,30.39153,207.38,0.38,0.58,2026-08-24,11:38:00,N21,low,2.0NRT,322.09,68.33,D,VIIRS
51.00782,30.39649,367,0.38,0.58,2026-08-24,11:38:00,N21,high,2.0NRT,293.69,21.67,D,VIIRS
51.00714,30.37497,367,0.38,0.58,2026-08-24,11:38:00,N21,high,2.0NRT,304.65,62.59,D,VIIRS
51.00834,30.41279,340.57,0.38,0.58,2026-08-24,11:38:00,N21,nominal,2.0NRT,281.46,7.51,D,VIIRS
51.00817,30.40732,336.47,0.38,0.58,2026-08-24,11:38:00,N21,nominal,2.0NRT,287.11,7.51,D,VIIRS
51.008,30.40189,335.76,0.38,0.58,2026-08-24,11:38:00,N21,nominal,2.0NRT,289.19,21.67,D,VIIRS
51.00766,30.39111,342.1,0.38,0.58,2026-08-24,11:38:00,N21,nominal,2.0NRT,308.01,79.33,D,VIIRS
51.00748,30.38573,345.98,0.38,0.58,2026-08-24,11:38:00,N21,nominal,2.0NRT,313.44,79.33,D,VIIRS
51.00697,30.36959,327.55,0.38,0.58,2026-08-24,11:38:00,N21,nominal,2.0NRT,296.69,47.54,D,VIIRS
51.00731,30.38034,304.16,0.38,0.58,2026-08-24,11:38:00,N21,low,2.0NRT,317.23,62.59,D,VIIRS
51.01304,30.39067,367,0.38,0.58,2026-08-24,11:38:00,N21,high,2.0NRT,301.32,79.33,D,VIIRS
51.01321,30.39606,341.06,0.38,0.58,2026-08-24,11:38:00,N21,nominal,2.0NRT,289.19,21.67,D,VIIRS
51.01287,30.38531,338.87,0.38,0.58,2026-08-24,11:38:00,N21,nominal,2.0NRT,310.41,79.33,D,VIIRS
51.0127,30.37994,345.77,0.38,0.58,2026-08-24,11:38:00,N21,nominal,2.0NRT,314.03,62.59,D,VIIRS
51.01252,30.37457,348.18,0.38,0.58,2026-08-24,11:38:00,N21,nominal,2.0NRT,311.59,62.59,D,VIIRS
51.01235,30.3692,346.47,0.38,0.58,2026-08-24,11:38:00,N21,nominal,2.0NRT,320.54,47.54,D,VIIRS
51.01218,30.36383,346.14,0.37,0.58,2026-08-24,11:38:00,N21,nominal,2.0NRT,320.86,47.54,D,VIIRS
51.012,30.35843,354.77,0.37,0.58,2026-08-24,11:38:00,N21,nominal,2.0NRT,306.35,19.86,D,VIIRS
51.01183,30.35306,341.47,0.37,0.58,2026-08-24,11:38:00,N21,nominal,2.0NRT,298.65,19.86,D,VIIRS
51.01165,30.34771,337.69,0.37,0.58,2026-08-24,11:38:00,N21,nominal,2.0NRT,296.98,6.73,D,VIIRS
51.01773,30.36888,367,0.38,0.58,2026-08-24,11:38:00,N21,high,2.0NRT,300.32,33.59,D,VIIRS
51.01756,30.36346,367,0.37,0.58,2026-08-24,11:38:00,N21,high,2.0NRT,307.35,33.59,D,VIIRS
51.01633,30.32586,367,0.37,0.58,2026-08-24,11:38:00,N21,high,2.0NRT,297.48,12.33,D,VIIRS
51.01738,30.35806,351.6,0.37,0.58,2026-08-24,11:38:00,N21,nominal,2.0NRT,297.1,16.37,D,VIIRS
51.0172,30.35268,337.81,0.37,0.58,2026-08-24,11:38:00,N21,nominal,2.0NRT,293.85,16.37,D,VIIRS
51.01703,30.34733,337.08,0.37,0.58,2026-08-24,11:38:00,N21,nominal,2.0NRT,294.06,4.77,D,VIIRS
51.00453,30.39485,367,0.38,0.58,2026-08-24,11:38:00,N21,high,2.0NRT,307.72,108.97,D,VIIRS
51.00423,30.38408,367,0.38,0.58,2026-08-24,11:38:00,N21,high,2.0NRT,303.77,84.92,D,VIIRS
51.00482,30.40567,331.47,0.38,0.58,2026-08-24,11:38:00,N21,nominal,2.0NRT,282.06,12.65,D,VIIRS
51.00467,30.40025,336.7,0.38,0.58,2026-08-24,11:38:00,N21,nominal,2.0NRT,289.17,12.65,D,VIIRS
51.00438,30.38947,344.36,0.38,0.58,2026-08-24,11:38:00,N21,nominal,2.0NRT,303.41,108.97,D,VIIRS
51.00409,30.37868,339.53,0.38,0.58,2026-08-24,11:38:00,N21,nominal,2.0NRT,300.03,84.92,D,VIIRS
51.00394,30.37329,343.57,0.38,0.58,2026-08-24,11:38:00,N21,nominal,2.0NRT,296.96,15.27,D,VIIRS
51.00991,30.3944,367,0.38,0.58,2026-08-24,11:38:00,N21,high,2.0NRT,300.25,108.97,D,VIIRS
51.00933,30.37288,367,0.38,0.58,2026-08-24,11:38:00,N21,high,2.0NRT,306.86,15.27,D,VIIRS
51.01065,30.42166,331.69,0.38,0.59,2026-08-24,11:38:00,N21,nominal,2.0NRT,284.04,17.49,D,VIIRS
51.01051,30.4162,334.09,0.38,0.59,2026-08-24,11:38:00,N21,nominal,2.0NRT,285.88,8.23,D,VIIRS
51.01036,30.41071,327.62,0.38,0.59,2026-08-24,11:38:00,N21,nominal,2.0NRT,287.81,8.23,D,VIIRS
51.01021,30.40523,332.04,0.38,0.58,2026-08-24,11:38:00,N21,nominal,2.0NRT,287.85,12.65,D,VIIRS
51.01006,30.3998,345.73,0.38,0.58,2026-08-24,11:38:00,N21,nominal,2.0NRT,289.19,12.65,D,VIIRS
51.00919,30.3675,355.3,0.38,0.58,2026-08-24,11:38:00,N21,nominal,2.0NRT,303.06,15.27,D,VIIRS
51.00904,30.36212,344.55,0.38,0.58,2026-08-24,11:38:00,N21,nominal,2.0NRT,301.23,12.73,D,VIIRS
51.01501,30.38321,367,0.38,0.58,2026-08-24,11:38:00,N21,high,2.0NRT,293.48,32.43,D,VIIRS
51.01442,30.36171,367,0.38,0.58,2026-08-24,11:38:00,N21,high,2.0NRT,328.13,60.41,D,VIIRS
51.01412,30.35094,367,0.37,0.58,2026-08-24,11:38:00,N21,high,2.0NRT,302.32,10.19,D,VIIRS
51.01516,30.38858,330.52,0.38,0.58,2026-08-24,11:38:00,N21,nominal,2.0NRT,290.27,7.3,D,VIIRS
51.01486,30.37786,353.83,0.38,0.58,2026-08-24,11:38:00,N21,nominal,2.0NRT,304.85,32.43,D,VIIRS
51.01472,30.37249,354.3,0.38,0.58,2026-08-24,11:38:00,N21,nominal,2.0NRT,310.72,187.56,D,VIIRS
51.01427,30.35631,355.34,0.37,0.58,2026-08-24,11:38:00,N21,nominal,2.0NRT,302.25,60.41,D,VIIRS
51.01397,30.345580000000002,339.53,0.37,0.58,2026-08-24,11:38:00,N21,nominal,2.0NRT,296.2,10.19,D,VIIRS
51.01875,30.32369,350.61,0.37,0.58,2026-08-24,11:38:00,N21,nominal,2.0NRT,289.37,6.63,D,VIIRS
51.12307,34.84682,334.44,0.6,0.7,2026-08-24,11:38:00,N21,nominal,2.0NRT,292.77,15.15,D,VIIRS
51.27737,32.5936,334.3,0.47,0.64,2026-08-24,11:38:00,N21,nominal,2.0NRT,295.01,3.66,D,VIIRS
51.28082,32.59299,333.38,0.47,0.64,2026-08-24,11:38:00,N21,nominal,2.0NRT,294.74,7.01,D,VIIRS
51.20783,27.22725,338.63,0.55,0.51,2026-08-24,11:38:00,N21,nominal,2.0NRT,298.51,6.81,D,VIIRS
51.74229,34.31379,367,0.57,0.69,2026-08-24,11:38:00,N21,high,2.0NRT,295.79,29.99,D,VIIRS
49.0804,38.36538,323.51,0.77,0.77,2026-08-24,22:10:00,N21,nominal,2.0NRT,286.15,7.69,N,VIIRS
49.07323,38.3651,303.35,0.77,0.77,2026-08-24,22:10:00,N21,nominal,2.0NRT,283.84,2.13,N,VIIRS
49.07761,38.36373,331.17,0.77,0.77,2026-08-24,22:10:00,N21,nominal,2.0NRT,285.64,9.27,N,VIIRS
47.94016,39.45968,295.65,0.68,0.74,2026-08-24,22:10:00,N21,nominal,2.0NRT,282.85,1.19,N,VIIRS
48.95885,38.20844,305.46,0.78,0.78,2026-08-24,22:10:00,N21,nominal,2.0NRT,282.7,3.23,N,VIIRS
48.95727,38.214,305.33,0.78,0.78,2026-08-24,22:10:00,N21,nominal,2.0NRT,282.88,3.3,N,VIIRS
48.77692,38.2871,295.35,0.78,0.78,2026-08-24,22:10:00,N21,nominal,2.0NRT,282.57,2,N,VIIRS
48.52256,38.08198,302.2,0.79,0.78,2026-08-24,22:10:00,N21,nominal,2.0NRT,280.79,1.54,N,VIIRS
48.52135,38.08639,301.4,0.79,0.78,2026-08-24,22:10:00,N21,nominal,2.0NRT,280.79,1.63,N,VIIRS
49.50844,38.70158,301.21,0.46,0.39,2026-08-24,23:50:00,N21,nominal,2.0NRT,283.17,1.14,N,VIIRS
51.20733,27.22736,295.42,0.56,0.43,2026-08-24,23:50:00,N21,nominal,2.0NRT,278.52,1.79,N,VIIRS
49.77192,37.70074,295.53,0.43,0.38,2026-08-24,23:50:00,N21,nominal,2.0NRT,281.96,0.51,N,VIIRS
49.81152,37.73294,300.52,0.43,0.38,2026-08-24,23:50:00,N21,nominal,2.0NRT,282.11,0.74,N,VIIRS
50.99513,30.33979,299.48,0.44,0.38,2026-08-24,23:50:00,N21,nominal,2.0NRT,282.48,0.59,N,VIIRS
51.00508,30.31702,299.36,0.44,0.38,2026-08-24,23:50:00,N21,nominal,2.0NRT,284.85,0.81,N,VIIRS
51.00114,30.3801,320.96,0.44,0.38,2026-08-24,23:50:00,N21,nominal,2.0NRT,285.26,2.55,N,VIIRS
51.00463,30.38115,334.07,0.44,0.38,2026-08-24,23:50:00,N21,nominal,2.0NRT,288.39,6.8,N,VIIRS
51.00513,30.40694,304.12,0.44,0.38,2026-08-24,23:50:00,N21,nominal,2.0NRT,287.02,1.59,N,VIIRS
51.01533,30.35222,305.86,0.44,0.38,2026-08-24,23:50:00,N21,nominal,2.0NRT,286.71,1.69,N,VIIRS
51.01608,30.34601,297.27,0.44,0.38,2026-08-24,23:50:00,N21,nominal,2.0NRT,284.25,0.51,N,VIIRS
51.01757,30.33359,306.12,0.44,0.38,2026-08-24,23:50:00,N21,nominal,2.0NRT,284.01,1.47,N,VIIRS
51.01832,30.32738,300.99,0.44,0.38,2026-08-24,23:50:00,N21,nominal,2.0NRT,285.77,1.47,N,VIIRS
51.01906,30.32117,303.43,0.44,0.38,2026-08-24,23:50:00,N21,nominal,2.0NRT,284.3,3.01,N,VIIRS
51.00862,30.40798,332.95,0.44,0.38,2026-08-24,23:50:00,N21,nominal,2.0NRT,292.93,6.17,N,VIIRS
51.00936,30.40181,343.42,0.44,0.38,2026-08-24,23:50:00,N21,nominal,2.0NRT,294.68,6.17,N,VIIRS
51.01284,30.40285,302.85,0.44,0.38,2026-08-24,23:50:00,N21,nominal,2.0NRT,284.45,6.17,N,VIIRS
51.01584,30.37807,319.29,0.44,0.38,2026-08-24,23:50:00,N21,nominal,2.0NRT,285.73,8.75,N,VIIRS
51.01659,30.37186,297.98,0.44,0.38,2026-08-24,23:50:00,N21,nominal,2.0NRT,285.08,0.99,N,VIIRS
51.01733,30.36566,307.78,0.44,0.38,2026-08-24,23:50:00,N21,nominal,2.0NRT,284.5,0.99,N,VIIRS
51.02181,30.32842,308.88,0.44,0.38,2026-08-24,23:50:00,N21,nominal,2.0NRT,284.88,1.47,N,VIIRS
51.01434,30.39047,354.38,0.44,0.38,2026-08-24,23:50:00,N21,nominal,2.0NRT,296.15,18.88,N,VIIRS
51.01509,30.38427,367,0.44,0.38,2026-08-24,23:50:00,N21,high,2.0NRT,295.02,8.75,N,VIIRS
51.02256,30.3222,331.51,0.44,0.38,2026-08-24,23:50:00,N21,nominal,2.0NRT,286.21,3.01,N,VIIRS
49.92044,37.60153,299.59,0.42,0.38,2026-08-24,23:50:00,N21,nominal,2.0NRT,282.87,0.57,N,VIIRS
49.85698,37.95528,295.99,0.43,0.38,2026-08-24,23:50:00,N21,nominal,2.0NRT,278.66,0.39,N,VIIRS
50.11892,36.53616,299.57,0.4,0.37,2026-08-24,23:50:00,N21,nominal,2.0NRT,279.91,0.62,N,VIIRS
51.18275,29.12011,303.51,0.48,0.4,2026-08-24,23:50:00,N21,nominal,2.0NRT,282.42,1.7,N,VIIRS
51.19662,29.15883,297.62,0.48,0.4,2026-08-24,23:50:00,N21,nominal,2.0NRT,279.73,1.24,N,VIIRS
51.209,29.18312,329.13,0.48,0.4,2026-08-24,23:50:00,N21,nominal,2.0NRT,283.82,9.71,N,VIIRS
50.27002,36.16897,304.11,0.4,0.37,2026-08-24,23:50:00,N21,nominal,2.0NRT,278.68,0.6,N,VIIRS
50.30928,36.14484,295.08,0.4,0.37,2026-08-24,23:50:00,N21,nominal,2.0NRT,280.71,0.44,N,VIIRS
50.33906,36.18786,314.78,0.4,0.37,2026-08-24,23:50:00,N21,nominal,2.0NRT,279.52,1.22,N,VIIRS
50.35212,36.1934,297.91,0.4,0.37,2026-08-24,23:50:00,N21,nominal,2.0NRT,279.73,0.67,N,VIIRS
50.16409,37.35579,297.23,0.42,0.37,2026-08-24,23:50:00,N21,nominal,2.0NRT,283.69,0.62,N,VIIRS
50.2663,36.87566,309.81,0.41,0.37,2026-08-24,23:50:00,N21,nominal,2.0NRT,283.59,1.43,N,VIIRS
50.16256,37.55827,302.87,0.42,0.38,2026-08-24,23:50:00,N21,nominal,2.0NRT,283.7,0.79,N,VIIRS
50.16362,37.5526,295.58,0.42,0.38,2026-08-24,23:50:00,N21,nominal,2.0NRT,280.96,0.79,N,VIIRS
50.60395,35.28203,297.1,0.39,0.36,2026-08-24,23:50:00,N21,nominal,2.0NRT,279.64,0.56,N,VIIRS
50.60572,35.27134,295.48,0.39,0.36,2026-08-24,23:50:00,N21,nominal,2.0NRT,280.55,0.43,N,VIIRS
51.35303,30.28021,303.7,0.44,0.39,2026-08-24,23:50:00,N21,nominal,2.0NRT,283.41,1.62,N,VIIRS
51.35453,30.26755,295.58,0.44,0.39,2026-08-24,23:50:00,N21,nominal,2.0NRT,284.17,1.22,N,VIIRS
51.35805,30.26859,304.76,0.44,0.39,2026-08-24,23:50:00,N21,nominal,2.0NRT,285.98,1.91,N,VIIRS
50.76025,35.3817,304.22,0.39,0.36,2026-08-24,23:50:00,N21,nominal,2.0NRT,280.27,1.11,N,VIIRS
51.33313,33.9573,306.24,0.39,0.36,2026-08-24,23:50:00,N21,nominal,2.0NRT,281.02,1.6,N,VIIRS
51.33638,33.95854,320.49,0.39,0.36,2026-08-24,23:50:00,N21,nominal,2.0NRT,280.85,1.6,N,VIIRS
51.8533,34.24718,308.05,0.39,0.36,2026-08-24,23:50:00,N21,nominal,2.0NRT,280.98,1.47,N,VIIRS
52.19098,33.75279,298.91,0.39,0.36,2026-08-24,23:50:00,N21,nominal,2.0NRT,280.23,1.13,N,VIIRS
49.50969,38.69538,305.11,0.46,0.39,2026-08-24,23:50:00,N21,nominal,2.0NRT,283.96,1.72,N,VIIRS
49.69906,37.59217,301.49,0.43,0.38,2026-08-24,23:50:00,N21,nominal,2.0NRT,284.27,0.83,N,VIIRS
49.69798,37.5979,298.42,0.43,0.38,2026-08-24,23:50:00,N21,nominal,2.0NRT,285.34,1.02,N,VIIRS
49.67456,37.60586,298.19,0.43,0.38,2026-08-24,23:50:00,N21,nominal,2.0NRT,284.71,0.81,N,VIIRS
49.69348,37.42875,295.95,0.42,0.38,2026-08-24,23:50:00,N21,nominal,2.0NRT,280.89,0.47,N,VIIRS
49.81118,36.63657,297.62,0.41,0.37,2026-08-24,23:50:00,N21,nominal,2.0NRT,280.08,0.88,N,VIIRS
50.76174,30.05541,295.21,0.44,0.39,2026-08-24,23:50:00,N21,nominal,2.0NRT,281.62,0.83,N,VIIRS
49.66495,37.14008,324.23,0.42,0.37,2026-08-24,23:50:00,N21,nominal,2.0NRT,281.76,2.32,N,VIIRS
49.66392,37.14568,302.05,0.42,0.37,2026-08-24,23:50:00,N21,nominal,2.0NRT,280.33,0.88,N,VIIRS
49.66058,37.14421,327.12,0.42,0.37,2026-08-24,23:50:00,N21,nominal,2.0NRT,281.55,2.78,N,VIIRS
49.66162,37.1386,309.94,0.42,0.37,2026-08-24,23:50:00,N21,nominal,2.0NRT,280.06,1.99,N,VIIRS
50.57607,31.20347,297.06,0.42,0.37,2026-08-24,23:50:00,N21,nominal,2.0NRT,285.86,0.88,N,VIIRS
50.57532,31.20928,301.59,0.42,0.37,2026-08-24,23:50:00,N21,nominal,2.0NRT,286.79,0.88,N,VIIRS
50.1655,33.70577,306.38,0.38,0.36,2026-08-24,23:50:00,N21,nominal,2.0NRT,286,0.87,N,VIIRS
49.23668,38.13819,300.85,0.45,0.39,2026-08-24,23:50:00,N21,nominal,2.0NRT,282.28,0.69,N,VIIRS
49.23962,37.71857,299.11,0.44,0.38,2026-08-24,23:50:00,N21,nominal,2.0NRT,280.1,0.83,N,VIIRS
49.07978,38.36536,334.12,0.46,0.39,2026-08-24,23:50:00,N21,nominal,2.0NRT,289.71,7.93,N,VIIRS
49.07859,38.37135,297.91,0.46,0.39,2026-08-24,23:50:00,N21,nominal,2.0NRT,286.77,1.57,N,VIIRS
49.07631,38.36382,327.73,0.46,0.39,2026-08-24,23:50:00,N21,nominal,2.0NRT,285.84,3.04,N,VIIRS
48.97986,38.69163,340.77,0.47,0.4,2026-08-24,23:50:00,N21,nominal,2.0NRT,291.23,13.73,N,VIIRS
48.9761,38.71006,304.97,0.47,0.4,2026-08-24,23:50:00,N21,nominal,2.0NRT,282.83,1.33,N,VIIRS
48.97636,38.69003,323.53,0.47,0.4,2026-08-24,23:50:00,N21,nominal,2.0NRT,282.99,13.73,N,VIIRS
48.97683,38.55642,311.84,0.46,0.39,2026-08-24,23:50:00,N21,nominal,2.0NRT,282.55,1.26,N,VIIRS
48.85854,39.07329,309.63,0.48,0.4,2026-08-24,23:50:00,N21,nominal,2.0NRT,283.53,1.66,N,VIIRS
48.85929,39.07272,303.79,0.48,0.4,2026-08-24,23:50:00,N21,nominal,2.0NRT,283.31,1.78,N,VIIRS
48.85574,39.07111,320.61,0.48,0.4,2026-08-24,23:50:00,N21,nominal,2.0NRT,285.33,1.78,N,VIIRS
48.85444,39.07743,301.05,0.48,0.4,2026-08-24,23:50:00,N21,nominal,2.0NRT,283.34,1.78,N,VIIRS
48.96093,38.21105,302.05,0.45,0.39,2026-08-24,23:50:00,N21,nominal,2.0NRT,282.57,1.72,N,VIIRS
48.95973,38.21707,296.85,0.45,0.39,2026-08-24,23:50:00,N21,nominal,2.0NRT,281.52,0.63,N,VIIRS
48.95748,38.2095,298.59,0.45,0.39,2026-08-24,23:50:00,N21,nominal,2.0NRT,282.16,0.7,N,VIIRS
48.95628,38.21552,302.84,0.45,0.39,2026-08-24,23:50:00,N21,nominal,2.0NRT,283.01,1.19,N,VIIRS
48.85564,38.71338,299.31,0.47,0.4,2026-08-24,23:50:00,N21,nominal,2.0NRT,281.79,0.72,N,VIIRS
48.998779999999996,37.80986,310.39,0.44,0.38,2026-08-24,23:50:00,N21,nominal,2.0NRT,282.52,1.04,N,VIIRS
48.98513,37.80369,308.59,0.44,0.38,2026-08-24,23:50:00,N21,nominal,2.0NRT,283.45,1.6,N,VIIRS
48.98288,37.81533,298.24,0.44,0.38,2026-08-24,23:50:00,N21,nominal,2.0NRT,283.54,0.84,N,VIIRS
50.5425,26.25999,323.81,0.4,0.44,2026-08-24,23:50:00,N21,nominal,2.0NRT,287.07,4.13,N,VIIRS
48.92028,37.77461,303.67,0.44,0.38,2026-08-24,23:50:00,N21,nominal,2.0NRT,279.56,0.9,N,VIIRS
48.90404,37.72265,297.09,0.44,0.38,2026-08-24,23:50:00,N21,nominal,2.0NRT,282.77,0.75,N,VIIRS
48.78149,38.29127,302.64,0.46,0.39,2026-08-24,23:50:00,N21,nominal,2.0NRT,283.67,1.16,N,VIIRS
48.77802,38.28973,327.37,0.46,0.39,2026-08-24,23:50:00,N21,nominal,2.0NRT,283,2.21,N,VIIRS
48.89378,37.69902,297.79,0.44,0.38,2026-08-24,23:50:00,N21,nominal,2.0NRT,282.86,0.79,N,VIIRS
48.89265,37.70486,296.28,0.44,0.38,2026-08-24,23:50:00,N21,nominal,2.0NRT,283.09,0.79,N,VIIRS
48.77455,38.28812,303.03,0.46,0.39,2026-08-24,23:50:00,N21,nominal,2.0NRT,283.21,2.21,N,VIIRS
49.06655,36.7049,312.08,0.41,0.37,2026-08-24,23:50:00,N21,nominal,2.0NRT,280.46,1.78,N,VIIRS
48.79502,37.78672,303.45,0.44,0.39,2026-08-24,23:50:00,N21,nominal,2.0NRT,283.35,0.84,N,VIIRS
48.7187,37.77645,303.13,0.44,0.39,2026-08-24,23:50:00,N21,nominal,2.0NRT,280.49,0.95,N,VIIRS
48.72317,37.6018,300.89,0.44,0.38,2026-08-24,23:50:00,N21,nominal,2.0NRT,286.25,0.97,N,VIIRS
48.72205,37.60755,299.43,0.44,0.38,2026-08-24,23:50:00,N21,nominal,2.0NRT,286.43,0.97,N,VIIRS
49.07959,35.61862,296.74,0.4,0.37,2026-08-24,23:50:00,N21,nominal,2.0NRT,282.57,0.6,N,VIIRS
48.46681,38.76065,304.71,0.48,0.4,2026-08-24,23:50:00,N21,nominal,2.0NRT,287.88,1.18,N,VIIRS
48.46457,38.7527,297.03,0.48,0.4,2026-08-24,23:50:00,N21,nominal,2.0NRT,286.72,0.83,N,VIIRS
48.46328,38.75898,296.86,0.48,0.4,2026-08-24,23:50:00,N21,nominal,2.0NRT,286.66,1.18,N,VIIRS
48.46104,38.75102,298.42,0.48,0.4,2026-08-24,23:50:00,N21,nominal,2.0NRT,285.82,0.43,N,VIIRS
48.41828,38.7518,307.19,0.48,0.4,2026-08-24,23:50:00,N21,nominal,2.0NRT,284.28,1.66,N,VIIRS
48.41474,38.75018,327.58,0.48,0.4,2026-08-24,23:50:00,N21,nominal,2.0NRT,286.82,8.09,N,VIIRS
48.60389,37.52319,299.17,0.44,0.38,2026-08-24,23:50:00,N21,nominal,2.0NRT,284.94,0.98,N,VIIRS
48.49615,37.71455,306.68,0.45,0.39,2026-08-24,23:50:00,N21,nominal,2.0NRT,284.92,1.21,N,VIIRS
48.49389,37.70714,301.65,0.45,0.39,2026-08-24,23:50:00,N21,nominal,2.0NRT,283.97,1.3,N,VIIRS
48.43002,37.97251,308.2,0.45,0.39,2026-08-24,23:50:00,N21,nominal,2.0NRT,282.63,1.09,N,VIIRS
48.33784,38.40945,301.04,0.47,0.4,2026-08-24,23:50:00,N21,nominal,2.0NRT,285.48,1.01,N,VIIRS
48.36322,38.01162,326.56,0.46,0.39,2026-08-24,23:50:00,N21,nominal,2.0NRT,287.12,2.55,N,VIIRS
48.60699,36.6281,308.97,0.42,0.37,2026-08-24,23:50:00,N21,nominal,2.0NRT,281.49,1.2,N,VIIRS
48.50062,36.6596,320.18,0.42,0.38,2026-08-24,23:50:00,N21,nominal,2.0NRT,282.8,2.49,N,VIIRS
48.41638,37.06864,302.59,0.43,0.38,2026-08-24,23:50:00,N21,nominal,2.0NRT,282.51,0.72,N,VIIRS
48.21681,38.08951,310.08,0.46,0.39,2026-08-24,23:50:00,N21,nominal,2.0NRT,282.69,1.65,N,VIIRS
48.222,38.00693,300.46,0.46,0.39,2026-08-24,23:50:00,N21,nominal,2.0NRT,285,1.12,N,VIIRS
48.35474,37.25622,302.56,0.43,0.38,2026-08-24,23:50:00,N21,nominal,2.0NRT,283.16,1.05,N,VIIRS
44.53371,34.1307,350.49,0.4,0.37,2026-08-24,23:52:00,N21,nominal,2.0NRT,294.57,11.46,N,VIIRS
44.53275,34.13615,303.46,0.4,0.37,2026-08-24,23:52:00,N21,nominal,2.0NRT,290.76,2.31,N,VIIRS
44.53042,34.12937,323.4,0.4,0.37,2026-08-24,23:52:00,N21,nominal,2.0NRT,290.57,2.68,N,VIIRS
44.52804,34.12295,337.31,0.4,0.37,2026-08-24,23:52:00,N21,nominal,2.0NRT,291.42,2.68,N,VIIRS
44.5271,34.12828,304.39,0.4,0.37,2026-08-24,23:52:00,N21,nominal,2.0NRT,288.52,2.68,N,VIIRS
44.52469,34.12202,331.26,0.4,0.37,2026-08-24,23:52:00,N21,nominal,2.0NRT,289.93,4.44,N,VIIRS
46.84592,36.01397,297.57,0.42,0.38,2026-08-24,23:52:00,N21,nominal,2.0NRT,285.99,0.72,N,VIIRS
46.96295,35.39413,316.67,0.41,0.37,2026-08-24,23:52:00,N21,nominal,2.0NRT,286.96,1.83,N,VIIRS
46.97191,35.36403,301.34,0.41,0.37,2026-08-24,23:52:00,N21,nominal,2.0NRT,284.73,0.87,N,VIIRS
46.85702,36.01254,304.82,0.42,0.38,2026-08-24,23:52:00,N21,nominal,2.0NRT,286.07,1.12,N,VIIRS
46.85802,36.00714,308.26,0.42,0.38,2026-08-24,23:52:00,N21,nominal,2.0NRT,286.75,1.1,N,VIIRS
46.85571,36.05848,312.6,0.42,0.38,2026-08-24,23:52:00,N21,nominal,2.0NRT,284.38,0.93,N,VIIRS
47.09604,34.76033,307.26,0.4,0.37,2026-08-24,23:52:00,N21,nominal,2.0NRT,284.07,1.21,N,VIIRS
46.85288,36.29779,302.32,0.43,0.38,2026-08-24,23:52:00,N21,nominal,2.0NRT,285.81,0.95,N,VIIRS
46.80256,36.59855,321.27,0.44,0.38,2026-08-24,23:52:00,N21,nominal,2.0NRT,286.03,2.16,N,VIIRS
46.79752,36.6628,311.16,0.44,0.38,2026-08-24,23:52:00,N21,nominal,2.0NRT,285.43,1.69,N,VIIRS
46.79861,36.65716,314.04,0.44,0.38,2026-08-24,23:52:00,N21,nominal,2.0NRT,287.16,1.69,N,VIIRS
46.80202,36.65858,330.66,0.44,0.38,2026-08-24,23:52:00,N21,nominal,2.0NRT,286.99,4.23,N,VIIRS
46.88618,36.27588,298.09,0.43,0.38,2026-08-24,23:52:00,N21,nominal,2.0NRT,286.22,0.6,N,VIIRS
46.82774,36.62083,298.97,0.44,0.38,2026-08-24,23:52:00,N21,nominal,2.0NRT,284.89,0.6,N,VIIRS
46.85419,36.55965,308.27,0.44,0.38,2026-08-24,23:52:00,N21,nominal,2.0NRT,284.86,1.97,N,VIIRS
48.1684,37.90471,298.59,0.46,0.39,2026-08-24,23:52:00,N21,nominal,2.0NRT,281.46,0.52,N,VIIRS
48.19991,37.6879,299.41,0.45,0.39,2026-08-24,23:52:00,N21,nominal,2.0NRT,284.81,1.05,N,VIIRS
48.19532,37.69222,305.13,0.45,0.39,2026-08-24,23:52:00,N21,nominal,2.0NRT,285.61,1.65,N,VIIRS
48.18958,37.7024,298.24,0.45,0.39,2026-08-24,23:52:00,N21,nominal,2.0NRT,283.73,1.22,N,VIIRS
49.00885,32.68295,313.08,0.39,0.36,2026-08-24,23:52:00,N21,nominal,2.0NRT,283.99,1.73,N,VIIRS
48.09781,37.91793,299.47,0.46,0.39,2026-08-24,23:52:00,N21,nominal,2.0NRT,286.6,0.97,N,VIIRS
48.09661,37.92389,298.79,0.46,0.39,2026-08-24,23:52:00,N21,nominal,2.0NRT,285.23,0.72,N,VIIRS
48.42508,36.17532,300.18,0.41,0.37,2026-08-24,23:52:00,N21,nominal,2.0NRT,279.8,0.76,N,VIIRS
48.20058,37.34273,301.84,0.44,0.38,2026-08-24,23:52:00,N21,nominal,2.0NRT,285.6,1.33,N,VIIRS
48.41724,36.17598,330.52,0.41,0.37,2026-08-24,23:52:00,N21,nominal,2.0NRT,283.46,1.98,N,VIIRS
48.41626,36.18139,295.75,0.41,0.37,2026-08-24,23:52:00,N21,nominal,2.0NRT,280.62,1.98,N,VIIRS
48.05862,37.95132,301.37,0.46,0.39,2026-08-24,23:52:00,N21,nominal,2.0NRT,286.33,1.58,N,VIIRS
47.83381,38.47389,301.52,0.48,0.4,2026-08-24,23:52:00,N21,nominal,2.0NRT,286.83,1.17,N,VIIRS
48.0467,37.36706,326.22,0.44,0.39,2026-08-24,23:52:00,N21,nominal,2.0NRT,284.9,2.1,N,VIIRS
48.53439,34.62547,307.13,0.39,0.36,2026-08-24,23:52:00,N21,nominal,2.0NRT,289.39,1.81,N,VIIRS
48.51965,34.63083,299.55,0.39,0.36,2026-08-24,23:52:00,N21,nominal,2.0NRT,286.94,0.96,N,VIIRS
48.47152,34.62884,316.64,0.39,0.36,2026-08-24,23:52:00,N21,nominal,2.0NRT,290.51,2.64,N,VIIRS
47.84875,37.84467,301.79,0.46,0.39,2026-08-24,23:52:00,N21,nominal,2.0NRT,281.95,1.27,N,VIIRS
48.18207,36.07144,295.72,0.41,0.37,2026-08-24,23:52:00,N21,nominal,2.0NRT,282.54,0.69,N,VIIRS
47.97398,36.75342,309.08,0.43,0.38,2026-08-24,23:52:00,N21,nominal,2.0NRT,282.15,0.95,N,VIIRS
48.03251,36.32161,313.47,0.42,0.37,2026-08-24,23:52:00,N21,nominal,2.0NRT,284.63,1.61,N,VIIRS
47.751220000000004,37.71638,309.8,0.46,0.39,2026-08-24,23:52:00,N21,nominal,2.0NRT,285.61,1.46,N,VIIRS
47.75006,37.72225,312.53,0.46,0.39,2026-08-24,23:52:00,N21,nominal,2.0NRT,284.69,1.46,N,VIIRS
47.82663,37.31327,305.4,0.44,0.39,2026-08-24,23:52:00,N21,nominal,2.0NRT,281.96,0.78,N,VIIRS
47.73873,37.60857,296.52,0.45,0.39,2026-08-24,23:52:00,N21,nominal,2.0NRT,282.96,1.13,N,VIIRS
48.07319,35.82426,311.12,0.41,0.37,2026-08-24,23:52:00,N21,nominal,2.0NRT,284.02,1.48,N,VIIRS
48.13387,35.3854,295.89,0.4,0.37,2026-08-24,23:52:00,N21,nominal,2.0NRT,281.87,0.41,N,VIIRS
47.66116,37.86369,297.1,0.46,0.39,2026-08-24,23:52:00,N21,nominal,2.0NRT,285.18,0.65,N,VIIRS
47.73664,37.35508,310.71,0.45,0.39,2026-08-24,23:52:00,N21,nominal,2.0NRT,282.36,1.8,N,VIIRS
47.71267,37.36342,307.87,0.45,0.39,2026-08-24,23:52:00,N21,nominal,2.0NRT,281.26,1.24,N,VIIRS
47.72557,37.18253,295.49,0.44,0.38,2026-08-24,23:52:00,N21,nominal,2.0NRT,281.19,0.53,N,VIIRS
47.8067,36.58688,298.35,0.42,0.38,2026-08-24,23:52:00,N21,nominal,2.0NRT,282.87,0.55,N,VIIRS
47.92146,35.78975,335.79,0.41,0.37,2026-08-24,23:52:00,N21,nominal,2.0NRT,281.38,3.74,N,VIIRS
47.59211,37.4673,309.83,0.45,0.39,2026-08-24,23:52:00,N21,nominal,2.0NRT,284.88,2,N,VIIRS
47.44658,37.65799,304.16,0.46,0.39,2026-08-24,23:52:00,N21,nominal,2.0NRT,285.98,1.22,N,VIIRS
47.44427,37.65059,299.61,0.46,0.39,2026-08-24,23:52:00,N21,nominal,2.0NRT,286.12,1.12,N,VIIRS
47.51822,37.17844,309.2,0.44,0.39,2026-08-24,23:52:00,N21,nominal,2.0NRT,284.28,1.75,N,VIIRS
47.83363,35.44219,297.56,0.4,0.37,2026-08-24,23:52:00,N21,nominal,2.0NRT,281.98,0.51,N,VIIRS
47.82374,35.43831,295.15,0.4,0.37,2026-08-24,23:52:00,N21,nominal,2.0NRT,281.1,0.34,N,VIIRS
47.86205,35.14117,300.53,0.4,0.37,2026-08-24,23:52:00,N21,nominal,2.0NRT,288.96,0.68,N,VIIRS
47.84014,35.26601,307.23,0.4,0.37,2026-08-24,23:52:00,N21,nominal,2.0NRT,286.63,0.98,N,VIIRS
47.85877,35.13991,299.18,0.4,0.37,2026-08-24,23:52:00,N21,nominal,2.0NRT,288.34,0.68,N,VIIRS
47.5183,36.85384,295.21,0.44,0.38,2026-08-24,23:52:00,N21,nominal,2.0NRT,280.83,1.05,N,VIIRS
47.51752,36.8525,301.4,0.44,0.38,2026-08-24,23:52:00,N21,nominal,2.0NRT,280.85,0.96,N,VIIRS
47.6622,35.8199,297.42,0.41,0.37,2026-08-24,23:52:00,N21,nominal,2.0NRT,282.67,0.63,N,VIIRS
47.49606,36.65681,304.26,0.43,0.38,2026-08-24,23:52:00,N21,nominal,2.0NRT,281.98,1.16,N,VIIRS
47.49267,36.65543,296.73,0.43,0.38,2026-08-24,23:52:00,N21,nominal,2.0NRT,281.45,1.16,N,VIIRS
47.70364,35.49096,298.51,0.4,0.37,2026-08-24,23:52:00,N21,nominal,2.0NRT,282.33,0.48,N,VIIRS
47.26634,37.77337,295.3,0.47,0.39,2026-08-24,23:52:00,N21,nominal,2.0NRT,284.12,1.32,N,VIIRS
47.26163,37.77784,297.6,0.47,0.4,2026-08-24,23:52:00,N21,nominal,2.0NRT,283.95,0.99,N,VIIRS
47.69304,35.35241,303.93,0.4,0.37,2026-08-24,23:52:00,N21,nominal,2.0NRT,283.12,0.82,N,VIIRS
47.69297,35.31318,306.42,0.4,0.37,2026-08-24,23:52:00,N21,nominal,2.0NRT,284.88,0.89,N,VIIRS
47.40446,36.8225,297.63,0.44,0.38,2026-08-24,23:52:00,N21,nominal,2.0NRT,281.98,0.7,N,VIIRS
47.40106,36.82106,300.78,0.44,0.38,2026-08-24,23:52:00,N21,nominal,2.0NRT,282.65,0.7,N,VIIRS
47.82389,34.43935,297.89,0.39,0.36,2026-08-24,23:52:00,N21,nominal,2.0NRT,282.36,0.54,N,VIIRS
47.68879,35.22702,304.06,0.4,0.37,2026-08-24,23:52:00,N21,nominal,2.0NRT,284.62,0.76,N,VIIRS
47.6855,35.22577,300.65,0.4,0.37,2026-08-24,23:52:00,N21,nominal,2.0NRT,285.06,0.76,N,VIIRS
47.59017,35.76183,300.57,0.41,0.37,2026-08-24,23:52:00,N21,nominal,2.0NRT,283.95,0.68,N,VIIRS
48.97657,24.70736,307.49,0.45,0.47,2026-08-24,23:52:00,N21,nominal,2.0NRT,286.05,2.85,N,VIIRS
47.6545,35.04218,301.44,0.4,0.37,2026-08-24,23:52:00,N21,nominal,2.0NRT,283.15,0.78,N,VIIRS
48.31546,30.52176,295.84,0.41,0.37,2026-08-24,23:52:00,N21,nominal,2.0NRT,282.24,0.56,N,VIIRS
47.87992,33.40043,298.45,0.38,0.36,2026-08-24,23:52:00,N21,nominal,2.0NRT,281.99,0.67,N,VIIRS
47.25512,36.8678,304.15,0.44,0.38,2026-08-24,23:52:00,N21,nominal,2.0NRT,285.09,1.74,N,VIIRS
47.14782,37.36157,296.65,0.46,0.39,2026-08-24,23:52:00,N21,nominal,2.0NRT,284.76,0.74,N,VIIRS
47.31398,36.28885,299.04,0.42,0.38,2026-08-24,23:52:00,N21,nominal,2.0NRT,282.22,0.87,N,VIIRS
47.32458,36.1938,300.51,0.42,0.38,2026-08-24,23:52:00,N21,nominal,2.0NRT,282.74,1.07,N,VIIRS
48.22543,30.24498,304.04,0.42,0.37,2026-08-24,23:52:00,N21,nominal,2.0NRT,285.59,0.97,N,VIIRS
47.42363,35.31549,297.19,0.4,0.37,2026-08-24,23:52:00,N21,nominal,2.0NRT,284.71,0.53,N,VIIRS
47.27001,36.14186,300.63,0.42,0.38,2026-08-24,23:52:00,N21,nominal,2.0NRT,284.02,0.92,N,VIIRS
47.27509,35.95895,296.36,0.42,0.37,2026-08-24,23:52:00,N21,nominal,2.0NRT,283.19,0.18,N,VIIRS
47.34456,35.55928,296.45,0.41,0.37,2026-08-24,23:52:00,N21,nominal,2.0NRT,283.03,0.52,N,VIIRS
46.98701,37.34348,301.55,0.46,0.39,2026-08-24,23:52:00,N21,nominal,2.0NRT,282.9,0.52,N,VIIRS
46.98122,37.33475,300.2,0.46,0.39,2026-08-24,23:52:00,N21,nominal,2.0NRT,282.35,1.2,N,VIIRS
47.35971,35.15065,296.42,0.4,0.37,2026-08-24,23:52:00,N21,nominal,2.0NRT,283.91,0.42,N,VIIRS
47.47277,34.35292,312.04,0.39,0.36,2026-08-24,23:52:00,N21,nominal,2.0NRT,284.6,4.29,N,VIIRS
47.46951,34.35172,348.67,0.39,0.36,2026-08-24,23:52:00,N21,nominal,2.0NRT,287.85,4.29,N,VIIRS
47.3093,35.23668,301.04,0.4,0.37,2026-08-24,23:52:00,N21,nominal,2.0NRT,282.91,0.45,N,VIIRS
47.35857,34.89687,306.58,0.4,0.37,2026-08-24,23:52:00,N21,nominal,2.0NRT,283.98,1.19,N,VIIRS
47.17108,35.686,307,0.41,0.37,2026-08-24,23:52:00,N21,nominal,2.0NRT,284.36,1.26,N,VIIRS
47.16678,35.68999,311.75,0.41,0.37,2026-08-24,23:52:00,N21,nominal,2.0NRT,284.29,1.94,N,VIIRS
46.90479,36.95138,313.81,0.45,0.39,2026-08-24,23:52:00,N21,nominal,2.0NRT,285.08,1.37,N,VIIRS
46.90369,36.95708,301.22,0.45,0.39,2026-08-24,23:52:00,N21,nominal,2.0NRT,285.03,1.37,N,VIIRS
47.05844,36.12374,305.75,0.42,0.38,2026-08-24,23:52:00,N21,nominal,2.0NRT,282.14,0.99,N,VIIRS
47.00565,36.03879,298.89,0.42,0.38,2026-08-24,23:52:00,N21,nominal,2.0NRT,282.33,0.47,N,VIIRS
47.0033,36.03207,302.87,0.42,0.38,2026-08-24,23:52:00,N21,nominal,2.0NRT,282.68,1.22,N,VIIRS
47.00429,36.0314,302.98,0.42,0.38,2026-08-24,23:52:00,N21,nominal,2.0NRT,282.91,0.69,N,VIIRS
47.1508,35.19999,299.54,0.4,0.37,2026-08-24,23:52:00,N21,nominal,2.0NRT,281.62,0.72,N,VIIRS
47.06252,35.69334,300.52,0.41,0.37,2026-08-24,23:52:00,N21,nominal,2.0NRT,283.22,0.86,N,VIIRS
47.00093,36.03005,298.85,0.42,0.38,2026-08-24,23:52:00,N21,nominal,2.0NRT,283.34,0.69,N,VIIRS
46.984610000000004,36.09884,296.34,0.42,0.38,2026-08-24,23:52:00,N21,nominal,2.0NRT,285.16,0.56,N,VIIRS
47.24538,34.61618,306.38,0.39,0.36,2026-08-24,23:52:00,N21,nominal,2.0NRT,284.58,0.65,N,VIIRS
47.24211,34.61495,301.45,0.39,0.36,2026-08-24,23:52:00,N21,nominal,2.0NRT,284.48,0.62,N,VIIRS
47.00968,35.92387,299.3,0.42,0.38,2026-08-24,23:52:00,N21,nominal,2.0NRT,284.35,0.69,N,VIIRS
46.92384,36.38543,299.84,0.43,0.38,2026-08-24,23:52:00,N21,nominal,2.0NRT,285.58,1.15,N,VIIRS
46.92045,36.38406,313.4,0.43,0.38,2026-08-24,23:52:00,N21,nominal,2.0NRT,285.49,1.15,N,VIIRS
47.01671,35.84639,300.59,0.42,0.37,2026-08-24,23:52:00,N21,nominal,2.0NRT,283.65,0.88,N,VIIRS
47.00002,35.93729,297.92,0.42,0.38,2026-08-24,23:52:00,N21,nominal,2.0NRT,283.58,0.52,N,VIIRS
46.83096,36.83452,305.87,0.44,0.39,2026-08-24,23:52:00,N21,nominal,2.0NRT,282.39,1.32,N,VIIRS
47.21496,34.69172,300.61,0.4,0.37,2026-08-24,23:52:00,N21,nominal,2.0NRT,283.79,0.55,N,VIIRS
46.74491,35.96029,320.35,0.42,0.38,2026-08-24,23:52:00,N21,nominal,2.0NRT,285.66,1.36,N,VIIRS
46.74428,35.98314,313.94,0.42,0.38,2026-08-24,23:52:00,N21,nominal,2.0NRT,284.92,1.82,N,VIIRS
46.74865,35.97909,302.19,0.42,0.38,2026-08-24,23:52:00,N21,nominal,2.0NRT,285.44,1.05,N,VIIRS
47.03493,34.45347,300.58,0.39,0.36,2026-08-24,23:52:00,N21,nominal,2.0NRT,283.8,0.56,N,VIIRS
46.73186,36.3488,331.52,0.43,0.38,2026-08-24,23:52:00,N21,nominal,2.0NRT,290.91,15.65,N,VIIRS
46.96709,35.31191,305.29,0.41,0.37,2026-08-24,23:52:00,N21,nominal,2.0NRT,285.11,1.37,N,VIIRS
46.74392,35.96566,299.95,0.42,0.38,2026-08-24,23:52:00,N21,nominal,2.0NRT,284.45,1.36,N,VIIRS
46.81413,35.56482,295.33,0.41,0.37,2026-08-24,23:52:00,N21,nominal,2.0NRT,284.41,0.57,N,VIIRS
46.79869,35.64939,297.53,0.41,0.37,2026-08-24,23:52:00,N21,nominal,2.0NRT,284.59,0.83,N,VIIRS
46.74055,35.96433,299.17,0.42,0.38,2026-08-24,23:52:00,N21,nominal,2.0NRT,284.14,1.36,N,VIIRS
46.73618,35.96837,302.52,0.42,0.38,2026-08-24,23:52:00,N21,nominal,2.0NRT,284.57,1.17,N,VIIRS
46.81709,35.47022,299.86,0.41,0.37,2026-08-24,23:52:00,N21,nominal,2.0NRT,285.21,0.82,N,VIIRS
46.81376,35.46894,306.15,0.41,0.37,2026-08-24,23:52:00,N21,nominal,2.0NRT,285.24,1.04,N,VIIRS
47.03024,34.09274,304.72,0.39,0.36,2026-08-24,23:52:00,N21,nominal,2.0NRT,283.73,0.84,N,VIIRS
46.67213,36.05894,307.38,0.43,0.38,2026-08-24,23:52:00,N21,nominal,2.0NRT,284.66,1.31,N,VIIRS
46.76842,35.1051,300.57,0.4,0.37,2026-08-24,23:52:00,N21,nominal,2.0NRT,284.94,0.63,N,VIIRS
48.18037,23.03282,323.01,0.52,0.5,2026-08-24,23:52:00,N21,nominal,2.0NRT,287.04,26.01,N,VIIRS
48.18123,23.02595,347.04,0.52,0.5,2026-08-24,23:52:00,N21,nominal,2.0NRT,295.74,12.74,N,VIIRS
48.18075,23.033080000000002,325.26,0.52,0.5,2026-08-24,23:52:00,N21,nominal,2.0NRT,287.04,6.19,N,VIIRS
48.17713,23.01812,322.31,0.52,0.5,2026-08-24,23:52:00,N21,nominal,2.0NRT,289.28,12.74,N,VIIRS
48.17665,23.02515,367,0.52,0.5,2026-08-24,23:52:00,N21,high,2.0NRT,295.65,12.74,N,VIIRS
48.17617,23.03222,300.07,0.52,0.5,2026-08-24,23:52:00,N21,nominal,2.0NRT,286.48,6.19,N,VIIRS
46.69825,35.01661,308.39,0.4,0.37,2026-08-24,23:52:00,N21,nominal,2.0NRT,284.17,0.98,N,VIIRS
46.78766,34.42469,296.67,0.39,0.37,2026-08-24,23:52:00,N21,nominal,2.0NRT,283.61,0.55,N,VIIRS
46.76973,34.40741,296.81,0.39,0.36,2026-08-24,23:52:00,N21,nominal,2.0NRT,284.28,0.65,N,VIIRS
46.74942,34.46452,331.58,0.39,0.37,2026-08-24,23:52:00,N21,nominal,2.0NRT,286.65,5.7,N,VIIRS
46.7858,34.15109,298.74,0.39,0.36,2026-08-24,23:52:00,N21,nominal,2.0NRT,282.96,0.46,N,VIIRS
46.53457,35.56742,298.16,0.42,0.37,2026-08-24,23:52:00,N21,nominal,2.0NRT,284.21,0.68,N,VIIRS
46.53405,35.57075,295.51,0.42,0.37,2026-08-24,23:52:00,N21,nominal,2.0NRT,283.99,0.35,N,VIIRS
46.74312,34.18125,306.47,0.39,0.36,2026-08-24,23:52:00,N21,nominal,2.0NRT,284.98,0.91,N,VIIRS
46.73985,34.18008,301.62,0.39,0.36,2026-08-24,23:52:00,N21,nominal,2.0NRT,284.91,0.91,N,VIIRS
46.49974,35.48418,312.14,0.41,0.37,2026-08-24,23:52:00,N21,nominal,2.0NRT,285.91,1.6,N,VIIRS
46.7661,33.52693,327.94,0.39,0.36,2026-08-24,23:52:00,N21,nominal,2.0NRT,285.32,2.83,N,VIIRS
46.76529,33.5319,304.15,0.39,0.36,2026-08-24,23:52:00,N21,nominal,2.0NRT,285.79,2.83,N,VIIRS
46.76366,33.52084,327.41,0.39,0.36,2026-08-24,23:52:00,N21,nominal,2.0NRT,286.74,3.48,N,VIIRS
46.76284,33.5258,340.51,0.39,0.36,2026-08-24,23:52:00,N21,nominal,2.0NRT,288.19,3.09,N,VIIRS
46.76203,33.53077,307.21,0.39,0.36,2026-08-24,23:52:00,N21,nominal,2.0NRT,284.43,3.09,N,VIIRS
46.74083,33.63899,300.48,0.39,0.36,2026-08-24,23:52:00,N21,nominal,2.0NRT,285.69,0.44,N,VIIRS
46.5494,34.76583,298.72,0.4,0.37,2026-08-24,23:52:00,N21,nominal,2.0NRT,286.09,0.55,N,VIIRS
46.68399,33.89838,297.51,0.39,0.36,2026-08-24,23:52:00,N21,nominal,2.0NRT,284.57,0.56,N,VIIRS
46.68955,33.59484,326.98,0.39,0.36,2026-08-24,23:52:00,N21,nominal,2.0NRT,286.13,2.99,N,VIIRS
46.68873,33.59981,319.08,0.39,0.36,2026-08-24,23:52:00,N21,nominal,2.0NRT,287.33,2.99,N,VIIRS
46.68629,33.59371,339.63,0.39,0.36,2026-08-24,23:52:00,N21,nominal,2.0NRT,288.99,2.99,N,VIIRS
46.67975,33.61244,317.45,0.39,0.36,2026-08-24,23:52:00,N21,nominal,2.0NRT,286.15,1.95,N,VIIRS
46.39027,35.00051,324.89,0.41,0.37,2026-08-24,23:52:00,N21,nominal,2.0NRT,286.31,2.38,N,VIIRS
46.18028,34.47944,316.1,0.4,0.37,2026-08-24,23:52:00,N21,nominal,2.0NRT,285.44,1.51,N,VIIRS
46.23024,33.29109,295.37,0.39,0.36,2026-08-24,23:52:00,N21,nominal,2.0NRT,284.6,0.66,N,VIIRS
46.22943,33.29601,309.87,0.39,0.36,2026-08-24,23:52:00,N21,nominal,2.0NRT,288.01,1.21,N,VIIRS
46.184,33.48859,295.84,0.39,0.36,2026-08-24,23:52:00,N21,nominal,2.0NRT,284.86,0.43,N,VIIRS
45.79233,34.11749,307.92,0.4,0.37,2026-08-24,23:52:00,N21,nominal,2.0NRT,285.99,1.25,N,VIIRS
45.35498,36.27779,326.26,0.45,0.39,2026-08-24,23:52:00,N21,nominal,2.0NRT,298.83,64.34,N,VIIRS
45.35153,36.27639,331.21,0.45,0.39,2026-08-24,23:52:00,N21,nominal,2.0NRT,294.45,23.88,N,VIIRS
45.12949,34.00099,301.5,0.4,0.37,2026-08-24,23:52:00,N21,nominal,2.0NRT,288.44,0.62,N,VIIRS
44.7736,33.86201,306.55,0.4,0.37,2026-08-24,23:52:00,N21,nominal,2.0NRT,287.9,1.08,N,VIIRS
