latitude,longitude,bright_ti4,scan,track,acq_date,acq_time,satellite,confidence,version,bright_ti5,frp,daynight,instrument
47.83229,38.47672,304.41,0.63,0.72,2026-08-22,00:45:00,N21,nominal,2.0NRT,289.65,1.89,N,VIIRS
48.12943,37.75061,303.79,0.57,0.69,2026-08-22,00:45:00,N21,nominal,2.0NRT,288.11,1.88,N,VIIRS
48.13505,37.75518,327.52,0.57,0.69,2026-08-22,00:45:00,N21,nominal,2.0NRT,288.19,5.97,N,VIIRS
48.1328,37.75333,334.46,0.57,0.69,2026-08-22,00:45:00,N21,nominal,2.0NRT,288.79,5.93,N,VIIRS
48.24786,37.6278,296.65,0.56,0.69,2026-08-22,00:45:00,N21,nominal,2.0NRT,286.29,1.26,N,VIIRS
48.47764,37.11393,298.47,0.52,0.67,2026-08-22,00:45:00,N21,nominal,2.0NRT,286.38,1.09,N,VIIRS
48.9149,35.82708,305.48,0.45,0.63,2026-08-22,00:45:00,N21,nominal,2.0NRT,286.47,0.68,N,VIIRS
50.20373,31.36254,301.75,0.53,0.5,2026-08-22,00:45:00,N21,nominal,2.0NRT,289.97,2.43,N,VIIRS
48.92009,35.83106,296.85,0.45,0.63,2026-08-22,00:45:00,N21,nominal,2.0NRT,286.23,0.68,N,VIIRS
50.20985,31.3584,304.85,0.53,0.5,2026-08-22,00:45:00,N21,nominal,2.0NRT,293.8,2.43,N,VIIRS
50.21168,31.35143,309.61,0.53,0.5,2026-08-22,00:45:00,N21,nominal,2.0NRT,295.58,3.95,N,VIIRS
50.21597,31.35424,306.28,0.53,0.5,2026-08-22,00:45:00,N21,nominal,2.0NRT,294.9,2.48,N,VIIRS
50.20398,31.36051,301.37,0.53,0.5,2026-08-22,00:45:00,N21,nominal,2.0NRT,290.33,0.84,N,VIIRS
50.20827,31.36332,304.63,0.53,0.5,2026-08-22,00:45:00,N21,nominal,2.0NRT,292.3,1.66,N,VIIRS
50.21013,31.35639,306.26,0.53,0.5,2026-08-22,00:45:00,N21,nominal,2.0NRT,294.54,3.98,N,VIIRS
50.21199,31.34945,309.3,0.53,0.5,2026-08-22,00:45:00,N21,nominal,2.0NRT,295.19,3.98,N,VIIRS
48.47822,37.09536,299.35,0.52,0.67,2026-08-22,00:45:00,N21,nominal,2.0NRT,286.63,1.5,N,VIIRS
48.4773,37.11855,298.39,0.52,0.67,2026-08-22,00:45:00,N21,nominal,2.0NRT,286.16,1.28,N,VIIRS
48.917,35.827,313.48,0.45,0.63,2026-08-22,00:45:00,N21,nominal,2.0NRT,286.69,2,N,VIIRS
49.0433,36.06502,298.47,0.45,0.63,2026-08-22,00:45:00,N21,nominal,2.0NRT,286.89,0.61,N,VIIRS
48.5393,37.70126,311.35,0.55,0.68,2026-08-22,00:45:00,N21,nominal,2.0NRT,288.57,2.2,N,VIIRS
48.53818,37.70068,312.39,0.55,0.68,2026-08-22,00:45:00,N21,nominal,2.0NRT,288.59,2.59,N,VIIRS
49.49259,34.8446,302.74,0.39,0.59,2026-08-22,00:45:00,N21,nominal,2.0NRT,288.31,0.75,N,VIIRS
50.57548,31.20861,300.35,0.51,0.5,2026-08-22,00:45:00,N21,nominal,2.0NRT,287.85,1.11,N,VIIRS
48.85283,37.56144,308.15,0.53,0.67,2026-08-22,00:45:00,N21,nominal,2.0NRT,289.58,1.4,N,VIIRS
48.50597,38.60451,326.75,0.6,0.71,2026-08-22,00:45:00,N21,nominal,2.0NRT,288.89,8.82,N,VIIRS
48.50843,38.59753,321.33,0.6,0.71,2026-08-22,00:45:00,N21,nominal,2.0NRT,288.17,8.89,N,VIIRS
48.46627,38.75867,302.44,0.61,0.71,2026-08-22,00:45:00,N21,nominal,2.0NRT,290.94,2.48,N,VIIRS
50.04785,34.0076,303.49,0.35,0.56,2026-08-22,00:45:00,N21,nominal,2.0NRT,288.07,0.6,N,VIIRS
48.83107,38.74645,314.18,0.59,0.7,2026-08-22,00:45:00,N21,nominal,2.0NRT,286.85,3.36,N,VIIRS
48.83363,38.73917,332.09,0.59,0.7,2026-08-22,00:45:00,N21,nominal,2.0NRT,287.52,8.33,N,VIIRS
48.93112,38.62771,307.07,0.58,0.7,2026-08-22,00:45:00,N21,nominal,2.0NRT,288.05,3,N,VIIRS
48.93356,38.62069,302.88,0.58,0.7,2026-08-22,00:45:00,N21,nominal,2.0NRT,287.34,2.83,N,VIIRS
48.93011,38.61911,312.83,0.58,0.7,2026-08-22,00:45:00,N21,nominal,2.0NRT,288.16,4.68,N,VIIRS
48.94756,38.93052,308.11,0.6,0.7,2026-08-22,00:45:00,N21,nominal,2.0NRT,289.98,2.89,N,VIIRS
48.9504,38.94331,299.46,0.6,0.7,2026-08-22,00:45:00,N21,nominal,2.0NRT,288.67,1.43,N,VIIRS
49.679,37.09409,299.2,0.47,0.64,2026-08-22,00:45:00,N21,nominal,2.0NRT,286.48,0.99,N,VIIRS
49.33342,38.21501,299.25,0.54,0.68,2026-08-22,00:45:00,N21,nominal,2.0NRT,287.75,2.09,N,VIIRS
49.63124,37.66451,299.55,0.5,0.66,2026-08-22,00:45:00,N21,nominal,2.0NRT,288.19,1.39,N,VIIRS
49.62838,37.66263,299.76,0.5,0.66,2026-08-22,00:45:00,N21,nominal,2.0NRT,287.5,0.89,N,VIIRS
50.18393,36.18284,325.71,0.42,0.61,2026-08-22,00:45:00,N21,nominal,2.0NRT,288.86,2.63,N,VIIRS
50.63521,34.80581,312.04,0.36,0.57,2026-08-22,00:45:00,N21,nominal,2.0NRT,288.2,0.97,N,VIIRS
50.63605,34.80657,302.02,0.36,0.57,2026-08-22,00:45:00,N21,nominal,2.0NRT,288.32,1.42,N,VIIRS
50.12321,36.84713,299.14,0.45,0.63,2026-08-22,00:45:00,N21,nominal,2.0NRT,288.21,1.15,N,VIIRS
50.12574,36.84653,309.77,0.45,0.63,2026-08-22,00:45:00,N21,nominal,2.0NRT,287.94,1.49,N,VIIRS
51.21767,34.15305,302.93,0.32,0.55,2026-08-22,00:45:00,N21,nominal,2.0NRT,286.2,0.42,N,VIIRS
51.07909,34.8388,299.13,0.35,0.56,2026-08-22,00:45:00,N21,nominal,2.0NRT,287.62,0.68,N,VIIRS
49.16375,37.38856,299.95,0.51,0.66,2026-08-22,00:45:00,N21,nominal,2.0NRT,288.67,1.67,N,VIIRS
48.8228,38.74903,306.79,0.59,0.7,2026-08-22,00:45:00,N21,nominal,2.0NRT,286.94,3.36,N,VIIRS
48.82537,38.74178,312.19,0.59,0.7,2026-08-22,00:45:00,N21,nominal,2.0NRT,287.15,3.36,N,VIIRS
51.35708,30.27223,320.12,0.45,0.47,2026-08-22,00:45:00,N21,nominal,2.0NRT,291.34,4.34,N,VIIRS
48.82851,38.75372,301.82,0.59,0.7,2026-08-22,00:45:00,N21,nominal,2.0NRT,286.67,3.36,N,VIIRS
46.86391,32.9138,311.78,0.39,0.59,2026-08-22,00:48:00,N21,nominal,2.0NRT,286.7,1.43,N,VIIRS
48.97523,24.7125,317.53,0.48,0.4,2026-08-22,00:48:00,N21,nominal,2.0NRT,293.25,3.16,N,VIIRS
46.7716,33.74241,297.48,0.43,0.62,2026-08-22,00:48:00,N21,nominal,2.0NRT,285.07,0.75,N,VIIRS
48.74772,26.60245,303.04,0.56,0.43,2026-08-22,00:48:00,N21,nominal,2.0NRT,292.74,1.14,N,VIIRS
46.65857,35.23474,300.35,0.5,0.66,2026-08-22,00:48:00,N21,nominal,2.0NRT,287.67,1.53,N,VIIRS
47.24717,33.63236,295.99,0.41,0.61,2026-08-22,00:48:00,N21,nominal,2.0NRT,283.19,0.72,N,VIIRS
47.24741,33.63185,297.13,0.41,0.61,2026-08-22,00:48:00,N21,nominal,2.0NRT,283.22,0.81,N,VIIRS
47.26065,33.62867,300.06,0.41,0.61,2026-08-22,00:48:00,N21,nominal,2.0NRT,283.23,10.24,N,VIIRS
47.25913,33.63364,367,0.41,0.61,2026-08-22,00:48:00,N21,high,2.0NRT,289.73,17.66,N,VIIRS
47.28647,33.60411,306.76,0.41,0.6,2026-08-22,00:48:00,N21,nominal,2.0NRT,285.04,1.34,N,VIIRS
47.36505,33.62698,303.43,0.41,0.6,2026-08-22,00:48:00,N21,nominal,2.0NRT,284.07,0.98,N,VIIRS
47.39937,33.61674,301.56,0.4,0.6,2026-08-22,00:48:00,N21,nominal,2.0NRT,283.39,0.61,N,VIIRS
47.4288,33.5596,309.63,0.4,0.6,2026-08-22,00:48:00,N21,nominal,2.0NRT,284.56,1.9,N,VIIRS
46.8095,35.99857,303.02,0.54,0.68,2026-08-22,00:48:00,N21,nominal,2.0NRT,288.46,1.3,N,VIIRS
47.17352,34.8686,309.46,0.47,0.64,2026-08-22,00:48:00,N21,nominal,2.0NRT,286.43,1.27,N,VIIRS
47.50289,33.8418,301.36,0.41,0.61,2026-08-22,00:48:00,N21,nominal,2.0NRT,284.1,1.59,N,VIIRS
46.90088,35.84958,303.84,0.52,0.67,2026-08-22,00:48:00,N21,nominal,2.0NRT,290.4,1.45,N,VIIRS
46.97508,36.10608,319.35,0.53,0.67,2026-08-22,00:48:00,N21,nominal,2.0NRT,290.07,3.37,N,VIIRS
46.97717,36.09977,301.63,0.53,0.67,2026-08-22,00:48:00,N21,nominal,2.0NRT,290.06,2.67,N,VIIRS
46.88046,36.5163,303.38,0.56,0.69,2026-08-22,00:48:00,N21,nominal,2.0NRT,287.93,1.97,N,VIIRS
48.53198,34.64779,313,0.41,0.61,2026-08-22,00:48:00,N21,nominal,2.0NRT,291.51,2.42,N,VIIRS
47.52703,37.72998,325.45,0.6,0.7,2026-08-22,00:48:00,N21,nominal,2.0NRT,288.73,6.09,N,VIIRS
47.53452,37.70833,349.35,0.6,0.7,2026-08-22,00:48:00,N21,nominal,2.0NRT,290.1,12.33,N,VIIRS
48.16367,35.90316,297.91,0.48,0.65,2026-08-22,00:48:00,N21,nominal,2.0NRT,285.15,1.56,N,VIIRS
47.52451,37.73728,302.09,0.6,0.71,2026-08-22,00:48:00,N21,nominal,2.0NRT,287.77,3.94,N,VIIRS
48.51992,34.62668,306.94,0.41,0.61,2026-08-22,00:48:00,N21,nominal,2.0NRT,291.56,1.65,N,VIIRS
48.15941,35.67073,299.81,0.47,0.64,2026-08-22,00:48:00,N21,nominal,2.0NRT,286.48,1.19,N,VIIRS
47.34809,37.58609,309.13,0.6,0.7,2026-08-22,00:48:00,N21,nominal,2.0NRT,287.68,1.33,N,VIIRS
47.34549,37.58806,300.39,0.6,0.71,2026-08-22,00:48:00,N21,nominal,2.0NRT,287.39,0.96,N,VIIRS
47.49236,37.05351,313.69,0.56,0.69,2026-08-22,00:48:00,N21,nominal,2.0NRT,285.36,3.12,N,VIIRS
46.88617,36.52034,316.16,0.56,0.69,2026-08-22,00:48:00,N21,nominal,2.0NRT,289.7,1.97,N,VIIRS
47.87425,33.439,301.3,0.38,0.59,2026-08-22,00:48:00,N21,nominal,2.0NRT,290.4,0.71,N,VIIRS
48.26589,36.11213,310.63,0.48,0.65,2026-08-22,00:48:00,N21,nominal,2.0NRT,287.22,1.76,N,VIIRS
48.27824,36.13559,301.9,0.48,0.65,2026-08-22,00:48:00,N21,nominal,2.0NRT,286.61,2.58,N,VIIRS
48.28016,36.12968,321.12,0.48,0.65,2026-08-22,00:48:00,N21,nominal,2.0NRT,287.53,2.58,N,VIIRS
48.44453,36.28997,303.54,0.49,0.65,2026-08-22,00:48:00,N21,nominal,2.0NRT,286.12,1.17,N,VIIRS
46.88351,36.52259,311.29,0.56,0.69,2026-08-22,00:48:00,N21,nominal,2.0NRT,287.19,2.35,N,VIIRS
46.88585,36.51572,300.98,0.56,0.69,2026-08-22,00:48:00,N21,nominal,2.0NRT,289.46,2.35,N,VIIRS
47.87234,33.43703,302.2,0.38,0.59,2026-08-22,00:48:00,N21,nominal,2.0NRT,290.94,1.28,N,VIIRS
44.52153,34.12002,306.06,0.53,0.67,2026-08-22,00:48:00,N21,nominal,2.0NRT,289.86,2.13,N,VIIRS
44.522,34.14012,301.14,0.53,0.67,2026-08-22,00:48:00,N21,nominal,2.0NRT,291.05,1.72,N,VIIRS
44.51911,34.13064,306.79,0.53,0.67,2026-08-22,00:48:00,N21,nominal,2.0NRT,293.24,1.4,N,VIIRS
44.52476,34.13418,304.16,0.53,0.67,2026-08-22,00:48:00,N21,nominal,2.0NRT,290.15,1.4,N,VIIRS
44.76911,33.8591,299.01,0.5,0.66,2026-08-22,00:48:00,N21,nominal,2.0NRT,286.54,0.71,N,VIIRS
46.31846,30.64264,301.89,0.32,0.55,2026-08-22,00:48:00,N21,nominal,2.0NRT,290.6,1.52,N,VIIRS
46.31737,30.64662,321.7,0.32,0.55,2026-08-22,00:48:00,N21,nominal,2.0NRT,292.58,1.52,N,VIIRS
47.79911,33.79874,301.59,0.4,0.6,2026-08-22,00:48:00,N21,nominal,2.0NRT,285.52,1.31,N,VIIRS
47.80058,33.79388,313.02,0.4,0.6,2026-08-22,00:48:00,N21,nominal,2.0NRT,285.67,1.31,N,VIIRS
47.80563,33.79729,303.15,0.4,0.6,2026-08-22,00:48:00,N21,nominal,2.0NRT,286.22,1.31,N,VIIRS
46.96677,36.63263,299.19,0.56,0.69,2026-08-22,00:48:00,N21,nominal,2.0NRT,288.84,1.13,N,VIIRS
47.29584,35.84809,305.21,0.51,0.66,2026-08-22,00:48:00,N21,nominal,2.0NRT,289.61,2.35,N,VIIRS
48.16547,35.89755,316.5,0.48,0.64,2026-08-22,00:48:00,N21,nominal,2.0NRT,286.07,2.27,N,VIIRS
48.03984,36.32772,308.67,0.5,0.66,2026-08-22,00:48:00,N21,nominal,2.0NRT,287.28,5.01,N,VIIRS
48.04184,36.32157,334.9,0.5,0.66,2026-08-22,00:48:00,N21,nominal,2.0NRT,288.46,6.98,N,VIIRS
48.16314,35.90104,305.14,0.48,0.64,2026-08-22,00:48:00,N21,nominal,2.0NRT,285.32,1.29,N,VIIRS
48.16497,35.89544,301.93,0.48,0.64,2026-08-22,00:48:00,N21,nominal,2.0NRT,286.01,1.29,N,VIIRS
48.17026,35.89953,301.83,0.48,0.64,2026-08-22,00:48:00,N21,nominal,2.0NRT,285.44,1.35,N,VIIRS
48.04493,36.32145,310.9,0.5,0.66,2026-08-22,00:48:00,N21,nominal,2.0NRT,287.07,4.46,N,VIIRS
48.04292,36.32755,327.66,0.5,0.66,2026-08-22,00:48:00,N21,nominal,2.0NRT,288.37,4.46,N,VIIRS
48.15508,36.15025,332.12,0.49,0.65,2026-08-22,00:48:00,N21,nominal,2.0NRT,287.77,6.27,N,VIIRS
46.52857,32.59995,311.2,0.39,0.59,2026-08-22,00:48:00,N21,nominal,2.0NRT,287.07,1.96,N,VIIRS
47.44621,29.34127,299.02,0.53,0.5,2026-08-22,00:48:00,N21,nominal,2.0NRT,288.55,0.72,N,VIIRS
46.52459,32.85675,298.41,0.4,0.6,2026-08-22,00:48:00,N21,nominal,2.0NRT,287.95,0.77,N,VIIRS
46.67572,32.6959,304.81,0.39,0.59,2026-08-22,00:48:00,N21,nominal,2.0NRT,289.54,1.21,N,VIIRS
46.67858,32.68613,317.77,0.39,0.59,2026-08-22,00:48:00,N21,nominal,2.0NRT,289.9,1.58,N,VIIRS
47.96915,36.75583,297.46,0.53,0.67,2026-08-22,00:48:00,N21,nominal,2.0NRT,285.66,0.77,N,VIIRS
46.68079,32.69889,312.32,0.39,0.59,2026-08-22,00:48:00,N21,nominal,2.0NRT,289.08,1.21,N,VIIRS
46.68361,32.68928,299.55,0.39,0.59,2026-08-22,00:48:00,N21,nominal,2.0NRT,289.39,1.58,N,VIIRS
46.68724,32.69719,299.66,0.39,0.59,2026-08-22,00:48:00,N21,nominal,2.0NRT,288.2,0.98,N,VIIRS
46.68862,32.69247,309.11,0.39,0.59,2026-08-22,00:48:00,N21,nominal,2.0NRT,288.31,0.98,N,VIIRS
46.86734,32.91385,298.46,0.39,0.59,2026-08-22,00:48:00,N21,nominal,2.0NRT,285.54,0.73,N,VIIRS
47.48793,37.06655,298.98,0.56,0.69,2026-08-22,00:48:00,N21,nominal,2.0NRT,286.32,1.24,N,VIIRS
48.17145,34.83109,295.1,0.43,0.62,2026-08-22,00:48:00,N21,nominal,2.0NRT,284.32,0.39,N,VIIRS
48.17287,34.83372,298.01,0.43,0.62,2026-08-22,00:48:00,N21,nominal,2.0NRT,283.94,0.46,N,VIIRS
50.27119,26.06832,305.74,0.5,0.41,2026-08-22,00:48:00,N21,nominal,2.0NRT,292.8,0.71,N,VIIRS
47.76227,37.00168,336.59,0.76,0.77,2026-08-22,08:54:00,N21,low,2.0NRT,307.12,12.93,D,VIIRS
47.77201,37.00582,349.51,0.76,0.77,2026-08-22,08:54:00,N21,nominal,2.0NRT,307.11,16.4,D,VIIRS
47.82489,37.10188,367,0.75,0.77,2026-08-22,08:54:00,N21,high,2.0NRT,306.39,37.05,D,VIIRS
47.87585,37.15095,367,0.74,0.76,2026-08-22,08:54:00,N21,high,2.0NRT,311.7,48.3,D,VIIRS
47.87259,37.14233,344.88,0.74,0.76,2026-08-22,08:54:00,N21,nominal,2.0NRT,304.39,32.28,D,VIIRS
47.87872,37.13718,367,0.74,0.76,2026-08-22,08:54:00,N21,high,2.0NRT,304.71,32.28,D,VIIRS
47.88198,37.14583,354.39,0.74,0.76,2026-08-22,08:54:00,N21,nominal,2.0NRT,304,48.3,D,VIIRS
48.36628,38.35664,340.26,0.64,0.72,2026-08-22,08:54:00,N21,nominal,2.0NRT,303.72,7.56,D,VIIRS
47.88362,36.89203,367,0.76,0.77,2026-08-22,08:54:00,N21,high,2.0NRT,306.14,25.23,D,VIIRS
48.36507,38.35536,344.83,0.64,0.72,2026-08-22,08:54:00,N21,nominal,2.0NRT,303.35,7.14,D,VIIRS
47.88876,36.8874,367,0.76,0.77,2026-08-22,08:54:00,N21,high,2.0NRT,307.38,55.9,D,VIIRS
48.28093,37.78858,367,0.68,0.74,2026-08-22,08:54:00,N21,high,2.0NRT,306.82,35.11,D,VIIRS
48.27802,37.78061,342.11,0.68,0.74,2026-08-22,08:54:00,N21,nominal,2.0NRT,301.62,22.96,D,VIIRS
48.28682,37.7835,367,0.68,0.74,2026-08-22,08:54:00,N21,high,2.0NRT,304.77,35.11,D,VIIRS
48.28393,37.77557,335.28,0.68,0.74,2026-08-22,08:54:00,N21,nominal,2.0NRT,300.97,22.96,D,VIIRS
48.20038,37.46249,367,0.7,0.75,2026-08-22,08:54:00,N21,high,2.0NRT,315.83,99.32,D,VIIRS
48.20358,37.4712,341.84,0.7,0.75,2026-08-22,08:54:00,N21,nominal,2.0NRT,302.54,49.48,D,VIIRS
47.98288,36.85649,332.05,0.76,0.77,2026-08-22,08:54:00,N21,low,2.0NRT,302.25,5.4,D,VIIRS
48.27621,37.78435,352.79,0.68,0.74,2026-08-22,08:54:00,N21,nominal,2.0NRT,302.81,31.99,D,VIIRS
48.28509,37.7873,367,0.68,0.74,2026-08-22,08:54:00,N21,high,2.0NRT,305.57,31.99,D,VIIRS
48.28213,37.77934,350.14,0.68,0.74,2026-08-22,08:54:00,N21,nominal,2.0NRT,303.97,31.99,D,VIIRS
48.15123,37.38691,333.24,0.71,0.75,2026-08-22,08:54:00,N21,nominal,2.0NRT,301.93,3.16,D,VIIRS
48.19731,37.46756,367,0.7,0.75,2026-08-22,08:54:00,N21,high,2.0NRT,305.4,40.43,D,VIIRS
48.19416,37.45915,344.64,0.7,0.75,2026-08-22,08:54:00,N21,nominal,2.0NRT,300.79,25.39,D,VIIRS
48.20354,37.4631,367,0.7,0.75,2026-08-22,08:54:00,N21,high,2.0NRT,306.09,55.78,D,VIIRS
48.20036,37.45459,350.15,0.7,0.75,2026-08-22,08:54:00,N21,nominal,2.0NRT,300.13,35.51,D,VIIRS
47.9836,36.8597,342.43,0.76,0.77,2026-08-22,08:54:00,N21,nominal,2.0NRT,303.11,7.72,D,VIIRS
48.16899,37.30722,346.11,0.71,0.75,2026-08-22,08:54:00,N21,nominal,2.0NRT,303.39,17.92,D,VIIRS
48.44784,38.04134,367,0.65,0.73,2026-08-22,08:54:00,N21,high,2.0NRT,302.57,25.16,D,VIIRS
48.17513,37.30239,367,0.71,0.75,2026-08-22,08:54:00,N21,high,2.0NRT,305.1,38.06,D,VIIRS
48.45374,38.03656,367,0.65,0.73,2026-08-22,08:54:00,N21,high,2.0NRT,303.2,25.16,D,VIIRS
48.11055,37.08779,367,0.73,0.76,2026-08-22,08:54:00,N21,high,2.0NRT,304.94,17.81,D,VIIRS
48.41819,37.81226,332.97,0.67,0.73,2026-08-22,08:54:00,N21,nominal,2.0NRT,304.75,7.39,D,VIIRS
48.42407,37.80721,346.32,0.67,0.73,2026-08-22,08:54:00,N21,nominal,2.0NRT,304.01,9.38,D,VIIRS
48.14669,37.01285,332.85,0.73,0.76,2026-08-22,08:54:00,N21,nominal,2.0NRT,302.49,7.56,D,VIIRS
48.46514,37.85675,333.38,0.66,0.73,2026-08-22,08:54:00,N21,nominal,2.0NRT,302.28,5.69,D,VIIRS
48.72814,38.57277,339.53,0.61,0.71,2026-08-22,08:54:00,N21,nominal,2.0NRT,300.73,5.35,D,VIIRS
48.09302,36.80515,336.46,0.75,0.77,2026-08-22,08:54:00,N21,nominal,2.0NRT,300.92,9.53,D,VIIRS
48.42134,37.80788,340.65,0.67,0.73,2026-08-22,08:54:00,N21,nominal,2.0NRT,304.2,5.37,D,VIIRS
48.4272,37.8028,330.82,0.67,0.73,2026-08-22,08:54:00,N21,nominal,2.0NRT,301.16,5.37,D,VIIRS
48.14667,37.01195,332.93,0.73,0.76,2026-08-22,08:54:00,N21,nominal,2.0NRT,302.44,4.88,D,VIIRS
48.46858,37.85222,332.36,0.66,0.73,2026-08-22,08:54:00,N21,nominal,2.0NRT,301.95,4.18,D,VIIRS
48.09228,36.80531,338.07,0.75,0.77,2026-08-22,08:54:00,N21,nominal,2.0NRT,301.05,16.5,D,VIIRS
48.75155,38.55079,367,0.61,0.71,2026-08-22,08:54:00,N21,high,2.0NRT,305,29.8,D,VIIRS
48.82821,38.74619,367,0.59,0.7,2026-08-22,08:54:00,N21,high,2.0NRT,316.76,66.12,D,VIIRS
48.83071,38.75327,332.56,0.59,0.7,2026-08-22,08:54:00,N21,nominal,2.0NRT,302.1,66.12,D,VIIRS
48.40194,37.56613,340.09,0.68,0.74,2026-08-22,08:54:00,N21,nominal,2.0NRT,300.83,11.59,D,VIIRS
48.83401,38.74186,367,0.59,0.7,2026-08-22,08:54:00,N21,high,2.0NRT,309,61.4,D,VIIRS
48.8315,38.73475,352.57,0.59,0.7,2026-08-22,08:54:00,N21,nominal,2.0NRT,302.96,37.2,D,VIIRS
48.84477,38.75161,330.62,0.59,0.7,2026-08-22,08:54:00,N21,low,2.0NRT,303.26,5.35,D,VIIRS
48.07224,36.64587,331.89,0.76,0.77,2026-08-22,08:54:00,N21,nominal,2.0NRT,301.59,6.97,D,VIIRS
48.83475,38.6398,367,0.6,0.7,2026-08-22,08:54:00,N21,high,2.0NRT,304.68,28.38,D,VIIRS
48.85345,38.67208,367,0.59,0.7,2026-08-22,08:54:00,N21,high,2.0NRT,307.59,86.55,D,VIIRS
48.42313,37.45398,335.28,0.69,0.74,2026-08-22,08:54:00,N21,nominal,2.0NRT,301.27,5.61,D,VIIRS
48.84898,38.67212,367,0.59,0.7,2026-08-22,08:54:00,N21,high,2.0NRT,316.19,116.29,D,VIIRS
48.83588,38.6355,367,0.6,0.7,2026-08-22,08:54:00,N21,high,2.0NRT,305.11,27.1,D,VIIRS
48.57468,37.91579,330.27,0.65,0.73,2026-08-22,08:54:00,N21,nominal,2.0NRT,301.06,3.1,D,VIIRS
48.65863,37.97811,345.62,0.64,0.72,2026-08-22,08:54:00,N21,nominal,2.0NRT,304.15,7.96,D,VIIRS
48.04173,36.31411,342.88,0.79,0.78,2026-08-22,08:54:00,N21,nominal,2.0NRT,304.62,15,D,VIIRS
48.04811,36.30913,344.38,0.79,0.78,2026-08-22,08:54:00,N21,nominal,2.0NRT,303.46,15,D,VIIRS
48.46104,37.37731,343.16,0.69,0.74,2026-08-22,08:54:00,N21,nominal,2.0NRT,302.17,9.53,D,VIIRS
48.65743,37.89091,334.41,0.65,0.73,2026-08-22,08:54:00,N21,nominal,2.0NRT,303.68,6.81,D,VIIRS
48.41872,37.24231,334.85,0.7,0.75,2026-08-22,08:54:00,N21,nominal,2.0NRT,301.22,4.37,D,VIIRS
48.94635,38.67751,367,0.59,0.7,2026-08-22,08:54:00,N21,high,2.0NRT,307.6,34,D,VIIRS
48.66317,37.88568,367,0.65,0.73,2026-08-22,08:54:00,N21,high,2.0NRT,303.69,9.31,D,VIIRS
48.94705,38.65869,367,0.59,0.7,2026-08-22,08:54:00,N21,high,2.0NRT,308.87,58.88,D,VIIRS
48.95203,38.67286,345.67,0.59,0.7,2026-08-22,08:54:00,N21,nominal,2.0NRT,302.82,34,D,VIIRS
48.94954,38.66578,341.82,0.59,0.7,2026-08-22,08:54:00,N21,nominal,2.0NRT,314.9,58.88,D,VIIRS
48.94455,38.65159,352.13,0.59,0.7,2026-08-22,08:54:00,N21,nominal,2.0NRT,304.59,26.66,D,VIIRS
48.95026,38.64702,337.82,0.59,0.7,2026-08-22,08:54:00,N21,nominal,2.0NRT,302.28,7.44,D,VIIRS
48.51193,37.3877,350.94,0.69,0.74,2026-08-22,08:54:00,N21,nominal,2.0NRT,301.34,18.51,D,VIIRS
48.7692,38.07437,335.68,0.63,0.72,2026-08-22,08:54:00,N21,nominal,2.0NRT,302.15,5.01,D,VIIRS
48.76944,38.05397,340.68,0.63,0.72,2026-08-22,08:54:00,N21,nominal,2.0NRT,303.25,7.23,D,VIIRS
48.69899,37.85813,344.47,0.65,0.73,2026-08-22,08:54:00,N21,nominal,2.0NRT,302.31,5.19,D,VIIRS
48.77532,38.04934,338.77,0.63,0.72,2026-08-22,08:54:00,N21,nominal,2.0NRT,303.26,7.23,D,VIIRS
48.60992,37.59142,338.49,0.67,0.74,2026-08-22,08:54:00,N21,nominal,2.0NRT,301.92,6.9,D,VIIRS
48.43303,37.11044,339.24,0.71,0.75,2026-08-22,08:54:00,N21,nominal,2.0NRT,301.12,8.55,D,VIIRS
48.5066,37.26675,352.05,0.7,0.75,2026-08-22,08:54:00,N21,nominal,2.0NRT,303.35,17.74,D,VIIRS
48.51582,37.38889,367,0.69,0.74,2026-08-22,08:54:00,N21,high,2.0NRT,302.57,18.8,D,VIIRS
48.76704,38.06931,333.99,0.63,0.72,2026-08-22,08:54:00,N21,nominal,2.0NRT,301.46,3.12,D,VIIRS
48.77567,38.07221,330.63,0.63,0.72,2026-08-22,08:54:00,N21,low,2.0NRT,301.79,5.32,D,VIIRS
48.77007,38.05681,336.83,0.63,0.72,2026-08-22,08:54:00,N21,nominal,2.0NRT,303.86,14.64,D,VIIRS
48.61159,37.58334,331.03,0.67,0.74,2026-08-22,08:54:00,N21,low,2.0NRT,302.08,9.5,D,VIIRS
48.50407,37.27333,353.7,0.7,0.75,2026-08-22,08:54:00,N21,nominal,2.0NRT,303.2,12.98,D,VIIRS
48.46994,37.16115,333.57,0.7,0.75,2026-08-22,08:54:00,N21,nominal,2.0NRT,300.97,4.05,D,VIIRS
49.00509,38.60718,337.87,0.59,0.7,2026-08-22,08:54:00,N21,nominal,2.0NRT,301.58,5.26,D,VIIRS
48.51901,37.14409,333.47,0.7,0.75,2026-08-22,08:54:00,N21,nominal,2.0NRT,302.91,6.08,D,VIIRS
48.85648,37.96098,339.95,0.63,0.72,2026-08-22,08:54:00,N21,nominal,2.0NRT,300.93,22.77,D,VIIRS
48.85369,37.9532,351.05,0.63,0.72,2026-08-22,08:54:00,N21,nominal,2.0NRT,302.77,22.77,D,VIIRS
49.1787,38.81198,346.02,0.57,0.69,2026-08-22,08:54:00,N21,nominal,2.0NRT,303.04,15.42,D,VIIRS
48.52039,37.1404,330.24,0.7,0.75,2026-08-22,08:54:00,N21,low,2.0NRT,302.78,11.9,D,VIIRS
48.85551,37.95879,367,0.63,0.72,2026-08-22,08:54:00,N21,high,2.0NRT,303.1,35.88,D,VIIRS
48.85263,37.9509,340.7,0.63,0.72,2026-08-22,08:54:00,N21,nominal,2.0NRT,300.96,28.7,D,VIIRS
49.1783,38.81792,335.6,0.57,0.69,2026-08-22,08:54:00,N21,nominal,2.0NRT,301.95,8.53,D,VIIRS
48.58239,36.94595,345.05,0.71,0.75,2026-08-22,08:54:00,N21,nominal,2.0NRT,301.02,10.9,D,VIIRS
48.99548,37.96987,332.21,0.63,0.72,2026-08-22,08:54:00,N21,nominal,2.0NRT,299.78,10.49,D,VIIRS
48.58327,36.94371,346.17,0.71,0.75,2026-08-22,08:54:00,N21,nominal,2.0NRT,300.92,9.07,D,VIIRS
48.99482,37.96808,341.15,0.63,0.72,2026-08-22,08:54:00,N21,nominal,2.0NRT,300.22,9.88,D,VIIRS
48.88703,37.63132,367,0.65,0.73,2026-08-22,08:54:00,N21,high,2.0NRT,307.07,39.95,D,VIIRS
48.88417,37.62353,352.25,0.65,0.73,2026-08-22,08:54:00,N21,nominal,2.0NRT,301.4,39.95,D,VIIRS
49.04911,38.01404,339.94,0.62,0.71,2026-08-22,08:54:00,N21,nominal,2.0NRT,301.15,5.94,D,VIIRS
48.44401,36.28138,351.48,0.77,0.77,2026-08-22,08:54:00,N21,nominal,2.0NRT,300.41,12.7,D,VIIRS
48.96493,37.67933,335.91,0.64,0.72,2026-08-22,08:54:00,N21,nominal,2.0NRT,301.27,8.72,D,VIIRS
48.44425,36.28482,333.39,0.76,0.77,2026-08-22,08:54:00,N21,nominal,2.0NRT,300.03,8.87,D,VIIRS
48.44073,36.27578,331.35,0.77,0.77,2026-08-22,08:54:00,N21,nominal,2.0NRT,300.43,8.87,D,VIIRS
49.22962,37.99205,332.61,0.61,0.71,2026-08-22,08:54:00,N21,nominal,2.0NRT,301.31,3.47,D,VIIRS
49.03703,37.01021,354.75,0.68,0.74,2026-08-22,08:54:00,N21,nominal,2.0NRT,302.34,24.28,D,VIIRS
49.40527,37.8079,340.05,0.61,0.71,2026-08-22,08:54:00,N21,nominal,2.0NRT,300.09,11.23,D,VIIRS
49.40257,37.80033,342.61,0.61,0.71,2026-08-22,08:54:00,N21,nominal,2.0NRT,299.74,11.23,D,VIIRS
49.40408,37.80181,367,0.61,0.71,2026-08-22,08:54:00,N21,high,2.0NRT,301.9,17.75,D,VIIRS
49.41172,37.67791,342.08,0.62,0.71,2026-08-22,08:54:00,N21,nominal,2.0NRT,299.49,8.83,D,VIIRS
49.5746,37.79232,337.85,0.61,0.71,2026-08-22,08:54:00,N21,nominal,2.0NRT,299.68,8.53,D,VIIRS
49.64478,37.69266,330.28,0.61,0.71,2026-08-22,08:54:00,N21,nominal,2.0NRT,300.07,5.4,D,VIIRS
49.61096,37.4124,367,0.62,0.72,2026-08-22,08:54:00,N21,high,2.0NRT,300.32,25.88,D,VIIRS
47.81555,37.48585,367,0.72,0.76,2026-08-22,08:54:00,N21,high,2.0NRT,318.03,53.93,D,VIIRS
47.80946,37.4909,337.37,0.72,0.76,2026-08-22,08:54:00,N21,nominal,2.0NRT,304.44,53.93,D,VIIRS
48.02303,38.11456,332.49,0.67,0.74,2026-08-22,08:54:00,N21,nominal,2.0NRT,302.33,5.48,D,VIIRS
47.99361,38.07617,343.85,0.67,0.74,2026-08-22,08:54:00,N21,nominal,2.0NRT,302.42,11.04,D,VIIRS
47.41378,36.87084,367,0.79,0.78,2026-08-22,08:54:00,N21,high,2.0NRT,309.97,68.48,D,VIIRS
47.32923,37.28409,331.72,0.77,0.77,2026-08-22,08:54:00,N21,nominal,2.0NRT,301.38,7.36,D,VIIRS
49.61189,37.41378,367,0.62,0.72,2026-08-22,08:54:00,N21,high,2.0NRT,301.89,19.11,D,VIIRS
48.19628,39.74414,344.1,0.57,0.69,2026-08-22,08:54:00,N21,nominal,2.0NRT,305.48,6.27,D,VIIRS
48.1906,39.74841,352.32,0.57,0.69,2026-08-22,08:54:00,N21,nominal,2.0NRT,307.79,14.81,D,VIIRS
47.20759,38.03107,354.55,0.72,0.76,2026-08-22,08:54:00,N21,nominal,2.0NRT,305.51,13.81,D,VIIRS
47.20703,38.03371,347.94,0.72,0.76,2026-08-22,08:54:00,N21,nominal,2.0NRT,305.24,13.01,D,VIIRS
50.8017,35.33708,346.89,0.67,0.74,2026-08-22,08:54:00,N21,nominal,2.0NRT,297.53,10.4,D,VIIRS
50.80503,35.33686,336.19,0.68,0.74,2026-08-22,08:54:00,N21,nominal,2.0NRT,296.59,11.83,D,VIIRS
50.38183,34.96317,330.43,0.72,0.76,2026-08-22,08:54:00,N21,nominal,2.0NRT,296.8,118.29,D,VIIRS
50.37911,34.97718,339.87,0.72,0.76,2026-08-22,08:54:00,N21,nominal,2.0NRT,297.07,80.19,D,VIIRS
50.25328,36.20355,334.71,0.66,0.73,2026-08-22,08:54:00,N21,nominal,2.0NRT,299.12,4.69,D,VIIRS
50.18623,36.18499,339.97,0.66,0.73,2026-08-22,08:54:00,N21,nominal,2.0NRT,301.05,9.35,D,VIIRS
50.17196,36.47424,333.57,0.65,0.73,2026-08-22,08:54:00,N21,nominal,2.0NRT,298.43,7.74,D,VIIRS
50.30972,36.99253,331.59,0.61,0.71,2026-08-22,08:54:00,N21,nominal,2.0NRT,298.69,2.98,D,VIIRS
50.18417,36.71177,342.02,0.63,0.72,2026-08-22,08:54:00,N21,nominal,2.0NRT,296.34,7.01,D,VIIRS
50.25635,36.94966,329.61,0.62,0.71,2026-08-22,08:54:00,N21,nominal,2.0NRT,298.64,7.15,D,VIIRS
50.2167,36.92421,329.43,0.62,0.71,2026-08-22,08:54:00,N21,nominal,2.0NRT,299.57,15.42,D,VIIRS
50.21947,36.93174,367,0.62,0.71,2026-08-22,08:54:00,N21,high,2.0NRT,301.89,29.74,D,VIIRS
50.38249,37.41958,337.59,0.58,0.7,2026-08-22,08:54:00,N21,nominal,2.0NRT,299.61,13.68,D,VIIRS
50.38507,37.42673,335.85,0.58,0.7,2026-08-22,08:54:00,N21,nominal,2.0NRT,299.09,18.26,D,VIIRS
50.37953,37.43184,345.59,0.58,0.7,2026-08-22,08:54:00,N21,nominal,2.0NRT,301.39,18.26,D,VIIRS
50.37695,37.42471,367,0.58,0.7,2026-08-22,08:54:00,N21,high,2.0NRT,302.19,13.68,D,VIIRS
50.38207,37.43888,367,0.58,0.7,2026-08-22,08:54:00,N21,high,2.0NRT,302.27,18.26,D,VIIRS
50.12818,36.84973,340.77,0.63,0.72,2026-08-22,08:54:00,N21,nominal,2.0NRT,299.47,9.46,D,VIIRS
50.3794,37.42094,367,0.58,0.7,2026-08-22,08:54:00,N21,high,2.0NRT,301.09,25.51,D,VIIRS
50.38197,37.42816,367,0.58,0.7,2026-08-22,08:54:00,N21,high,2.0NRT,302.38,25.51,D,VIIRS
50.3845,37.43526,367,0.58,0.7,2026-08-22,08:54:00,N21,high,2.0NRT,303.18,32.44,D,VIIRS
50.12757,36.84849,342.88,0.63,0.72,2026-08-22,08:54:00,N21,nominal,2.0NRT,299.66,9.23,D,VIIRS
50.29576,37.57821,341.51,0.58,0.7,2026-08-22,08:54:00,N21,nominal,2.0NRT,299.85,6.43,D,VIIRS
50.27304,37.59692,367,0.58,0.7,2026-08-22,08:54:00,N21,high,2.0NRT,302.91,21.73,D,VIIRS
50.29906,37.57718,334.23,0.58,0.7,2026-08-22,08:54:00,N21,nominal,2.0NRT,299.61,8.28,D,VIIRS
50.27634,37.5959,367,0.58,0.7,2026-08-22,08:54:00,N21,high,2.0NRT,300.91,10.53,D,VIIRS
49.61367,37.41988,343.55,0.62,0.72,2026-08-22,08:54:00,N21,nominal,2.0NRT,299.88,26.03,D,VIIRS
49.99755,36.97149,329.8,0.63,0.72,2026-08-22,08:54:00,N21,nominal,2.0NRT,297.17,3.76,D,VIIRS
49.99189,36.9768,331.49,0.63,0.72,2026-08-22,08:54:00,N21,nominal,2.0NRT,299.02,4.33,D,VIIRS
50.04,37.75774,342.5,0.58,0.7,2026-08-22,08:54:00,N21,nominal,2.0NRT,300.38,25.48,D,VIIRS
50.04266,37.76516,367,0.58,0.7,2026-08-22,08:54:00,N21,high,2.0NRT,302.89,25.48,D,VIIRS
50.0453,37.77253,367,0.58,0.7,2026-08-22,08:54:00,N21,high,2.0NRT,305.46,56.07,D,VIIRS
50.03687,37.76956,333.16,0.58,0.7,2026-08-22,08:54:00,N21,nominal,2.0NRT,300.59,4.96,D,VIIRS
49.9687,37.70344,342.78,0.59,0.7,2026-08-22,08:54:00,N21,nominal,2.0NRT,298.55,15.75,D,VIIRS
49.96039,37.70096,354.22,0.59,0.7,2026-08-22,08:54:00,N21,nominal,2.0NRT,300.81,17,D,VIIRS
49.96447,37.70067,352.8,0.59,0.7,2026-08-22,08:54:00,N21,nominal,2.0NRT,300.06,24.13,D,VIIRS
49.84484,37.87003,354.04,0.59,0.7,2026-08-22,08:54:00,N21,nominal,2.0NRT,305.06,28.79,D,VIIRS
49.84742,37.87724,344.75,0.59,0.7,2026-08-22,08:54:00,N21,nominal,2.0NRT,299.57,28.79,D,VIIRS
49.61461,37.4212,334.42,0.62,0.72,2026-08-22,08:54:00,N21,nominal,2.0NRT,299.18,19.11,D,VIIRS
47.81165,37.49359,344.03,0.72,0.76,2026-08-22,08:54:00,N21,nominal,2.0NRT,307.3,18.25,D,VIIRS
47.81773,37.48855,367,0.72,0.76,2026-08-22,08:54:00,N21,high,2.0NRT,306.62,54.13,D,VIIRS
47.81462,37.48028,337.83,0.72,0.76,2026-08-22,08:54:00,N21,nominal,2.0NRT,308.37,54.13,D,VIIRS
48.36943,38.84957,367,0.61,0.71,2026-08-22,08:54:00,N21,high,2.0NRT,308.23,42.1,D,VIIRS
47.91341,37.46745,333.11,0.72,0.75,2026-08-22,08:54:00,N21,nominal,2.0NRT,302.99,6.98,D,VIIRS
47.76051,37.01622,342.57,0.76,0.77,2026-08-22,08:54:00,N21,nominal,2.0NRT,305.15,8.04,D,VIIRS
47.76683,37.01141,336.6,0.76,0.77,2026-08-22,08:54:00,N21,nominal,2.0NRT,305.32,9.71,D,VIIRS
47.76343,37.00238,339.36,0.76,0.77,2026-08-22,08:54:00,N21,nominal,2.0NRT,307.19,9.71,D,VIIRS
47.77308,37.0064,352.62,0.76,0.77,2026-08-22,08:54:00,N21,nominal,2.0NRT,306.74,9.71,D,VIIRS
47.82553,37.10296,367,0.75,0.77,2026-08-22,08:54:00,N21,high,2.0NRT,307.06,35.48,D,VIIRS
47.91412,37.46482,335.5,0.72,0.75,2026-08-22,08:54:00,N21,nominal,2.0NRT,303.42,5.84,D,VIIRS
47.75938,37.01545,340.44,0.76,0.77,2026-08-22,08:54:00,N21,nominal,2.0NRT,305.36,8.53,D,VIIRS
47.76572,37.01071,334.99,0.76,0.77,2026-08-22,08:54:00,N21,low,2.0NRT,305.73,8.53,D,VIIRS
51.1881,34.90815,329.33,0.68,0.74,2026-08-22,08:56:00,N21,nominal,2.0NRT,297.48,5.75,D,VIIRS
51.14625,34.80017,326.48,0.68,0.74,2026-08-22,08:56:00,N21,low,2.0NRT,296.53,5.06,D,VIIRS
51.51974,33.86583,367,0.72,0.75,2026-08-22,08:56:00,N21,high,2.0NRT,298.45,49.79,D,VIIRS
51.51621,33.85697,352.96,0.72,0.75,2026-08-22,08:56:00,N21,nominal,2.0NRT,300.67,55.79,D,VIIRS
51.52566,33.85997,367,0.72,0.75,2026-08-22,08:56:00,N21,high,2.0NRT,297.81,88.76,D,VIIRS
49.45365,37.97189,333.89,0.49,0.4,2026-08-22,10:34:00,N21,low,2.0NRT,306.79,3.06,D,VIIRS
49.4555,37.8149,334.89,0.48,0.4,2026-08-22,10:34:00,N21,nominal,2.0NRT,309.21,7.72,D,VIIRS
49.45478,37.80835,332.01,0.48,0.4,2026-08-22,10:34:00,N21,nominal,2.0NRT,306.74,7.72,D,VIIRS
49.24899,36.04446,334.2,0.42,0.38,2026-08-22,10:34:00,N21,nominal,2.0NRT,309.08,4.12,D,VIIRS
49.24827,36.03866,341.28,0.42,0.38,2026-08-22,10:34:00,N21,nominal,2.0NRT,310.94,4.12,D,VIIRS
49.25013,36.0362,338.35,0.42,0.38,2026-08-22,10:34:00,N21,nominal,2.0NRT,310.6,4.63,D,VIIRS
49.45483,37.81401,334.92,0.48,0.4,2026-08-22,10:34:00,N21,nominal,2.0NRT,309.82,9.58,D,VIIRS
49.45414,37.80745,331.81,0.48,0.4,2026-08-22,10:34:00,N21,low,2.0NRT,304.96,4.66,D,VIIRS
49.49383,37.7233,332.57,0.48,0.4,2026-08-22,10:34:00,N21,nominal,2.0NRT,306.19,2.71,D,VIIRS
49.53708,37.84731,333.5,0.48,0.4,2026-08-22,10:34:00,N21,nominal,2.0NRT,306.9,3.9,D,VIIRS
48.41964,29.93055,341.81,0.41,0.37,2026-08-22,10:34:00,N21,nominal,2.0NRT,311.87,4.3,D,VIIRS
49.57343,37.9407,344.21,0.49,0.4,2026-08-22,10:34:00,N21,low,2.0NRT,315.54,22.98,D,VIIRS
49.57271,37.93406,338.87,0.49,0.4,2026-08-22,10:34:00,N21,low,2.0NRT,309.37,22.98,D,VIIRS
49.572,37.92743,331.12,0.49,0.4,2026-08-22,10:34:00,N21,low,2.0NRT,305.99,1.74,D,VIIRS
49.57566,37.92648,339.88,0.49,0.4,2026-08-22,10:34:00,N21,low,2.0NRT,312.85,16.51,D,VIIRS
49.57196,37.94052,342.67,0.49,0.4,2026-08-22,10:34:00,N21,nominal,2.0NRT,309.28,76.97,D,VIIRS
49.57128,37.93387,333.07,0.49,0.4,2026-08-22,10:34:00,N21,low,2.0NRT,306.64,13.58,D,VIIRS
49.57426,37.92629,344.02,0.49,0.4,2026-08-22,10:34:00,N21,nominal,2.0NRT,311.13,13.58,D,VIIRS
49.5793,37.93862,342.95,0.49,0.4,2026-08-22,10:34:00,N21,nominal,2.0NRT,310.12,17.73,D,VIIRS
49.57792,37.92532,342.72,0.49,0.4,2026-08-22,10:34:00,N21,nominal,2.0NRT,309.22,8.62,D,VIIRS
49.63379,37.88388,342.13,0.49,0.4,2026-08-22,10:34:00,N21,nominal,2.0NRT,308.05,4.66,D,VIIRS
49.63886,37.89624,333.78,0.49,0.4,2026-08-22,10:34:00,N21,nominal,2.0NRT,304.77,2.86,D,VIIRS
49.62703,37.71546,333.42,0.48,0.4,2026-08-22,10:34:00,N21,low,2.0NRT,305.46,3.24,D,VIIRS
49.66195,38.00768,354.24,0.49,0.4,2026-08-22,10:34:00,N21,nominal,2.0NRT,309.49,9.4,D,VIIRS
49.63775,37.78027,331.4,0.48,0.4,2026-08-22,10:34:00,N21,low,2.0NRT,305.84,2.37,D,VIIRS
49.66563,38.00673,337.36,0.49,0.4,2026-08-22,10:34:00,N21,nominal,2.0NRT,308.56,9.4,D,VIIRS
49.6414,37.77932,332.33,0.48,0.4,2026-08-22,10:34:00,N21,low,2.0NRT,307.06,2.37,D,VIIRS
49.47433,36.28511,340.74,0.43,0.38,2026-08-22,10:34:00,N21,nominal,2.0NRT,309.33,8.54,D,VIIRS
49.63873,37.68537,337.75,0.48,0.4,2026-08-22,10:34:00,N21,nominal,2.0NRT,306.63,7.57,D,VIIRS
49.47851,36.29,343.55,0.43,0.38,2026-08-22,10:34:00,N21,nominal,2.0NRT,312.73,8.54,D,VIIRS
49.64744,37.69667,349.2,0.48,0.4,2026-08-22,10:34:00,N21,nominal,2.0NRT,313.44,15.63,D,VIIRS
49.6173,37.42268,337.45,0.47,0.4,2026-08-22,10:34:00,N21,nominal,2.0NRT,312.15,16.69,D,VIIRS
49.66038,37.7814,336.61,0.48,0.4,2026-08-22,10:34:00,N21,low,2.0NRT,310.53,5.66,D,VIIRS
49.64177,37.61053,336.47,0.48,0.4,2026-08-22,10:34:00,N21,nominal,2.0NRT,305.65,4.59,D,VIIRS
49.6209,37.42171,345.86,0.47,0.4,2026-08-22,10:34:00,N21,nominal,2.0NRT,312.12,36.05,D,VIIRS
49.66475,37.78708,337.88,0.48,0.4,2026-08-22,10:34:00,N21,nominal,2.0NRT,308.57,5.66,D,VIIRS
49.68205,37.91275,335.79,0.49,0.4,2026-08-22,10:34:00,N21,nominal,2.0NRT,307.44,6.38,D,VIIRS
49.66398,37.78746,337.71,0.48,0.4,2026-08-22,10:34:00,N21,low,2.0NRT,308.22,6.08,D,VIIRS
49.62515,37.42056,333.39,0.47,0.4,2026-08-22,10:34:00,N21,nominal,2.0NRT,306.52,7.27,D,VIIRS
49.68078,37.91332,334.42,0.49,0.4,2026-08-22,10:34:00,N21,nominal,2.0NRT,307.7,8.7,D,VIIRS
49.74046,38.39106,339.44,0.51,0.41,2026-08-22,10:34:00,N21,nominal,2.0NRT,308.97,6.45,D,VIIRS
49.7442,38.39008,336.85,0.51,0.41,2026-08-22,10:34:00,N21,nominal,2.0NRT,309.4,6.45,D,VIIRS
49.68638,37.68012,334.1,0.48,0.4,2026-08-22,10:34:00,N21,nominal,2.0NRT,307.58,5.9,D,VIIRS
49.63241,37.11684,345.31,0.46,0.39,2026-08-22,10:34:00,N21,nominal,2.0NRT,314.52,19.17,D,VIIRS
49.69659,37.67066,332.91,0.48,0.4,2026-08-22,10:34:00,N21,low,2.0NRT,306.92,1.12,D,VIIRS
49.70186,37.61537,331.5,0.48,0.4,2026-08-22,10:34:00,N21,nominal,2.0NRT,304.77,1.26,D,VIIRS
49.74674,37.93131,345.19,0.49,0.4,2026-08-22,10:34:00,N21,nominal,2.0NRT,304.48,9.38,D,VIIRS
49.72054,37.68481,337.23,0.48,0.4,2026-08-22,10:34:00,N21,nominal,2.0NRT,307.84,4.6,D,VIIRS
49.78408,37.79728,336.08,0.48,0.4,2026-08-22,10:34:00,N21,nominal,2.0NRT,310.04,1.37,D,VIIRS
49.79354,37.63797,336.18,0.48,0.4,2026-08-22,10:34:00,N21,low,2.0NRT,307.08,10.73,D,VIIRS
49.79788,37.64353,345.4,0.48,0.4,2026-08-22,10:34:00,N21,nominal,2.0NRT,310.33,10.73,D,VIIRS
49.79647,37.63034,341.47,0.48,0.4,2026-08-22,10:34:00,N21,low,2.0NRT,313.53,20.25,D,VIIRS
48.5495,29.10067,334.28,0.43,0.38,2026-08-22,10:34:00,N21,low,2.0NRT,307.4,3.41,D,VIIRS
48.53231,29.00995,333.65,0.43,0.38,2026-08-22,10:34:00,N21,nominal,2.0NRT,306.89,4.07,D,VIIRS
49.86009,38.02036,347.72,0.49,0.41,2026-08-22,10:34:00,N21,nominal,2.0NRT,312.6,27.8,D,VIIRS
49.82037,37.64411,337.03,0.48,0.4,2026-08-22,10:34:00,N21,low,2.0NRT,308.95,9.56,D,VIIRS
49.86378,38.01944,347.93,0.49,0.41,2026-08-22,10:34:00,N21,nominal,2.0NRT,309.22,17.9,D,VIIRS
49.84888,37.87701,338.63,0.49,0.4,2026-08-22,10:34:00,N21,low,2.0NRT,310.14,8.15,D,VIIRS
49.82401,37.64313,334.73,0.48,0.4,2026-08-22,10:34:00,N21,low,2.0NRT,305.48,2.84,D,VIIRS
49.85256,37.87613,339.2,0.49,0.4,2026-08-22,10:34:00,N21,nominal,2.0NRT,308.25,8.15,D,VIIRS
49.85184,37.86938,339.79,0.49,0.4,2026-08-22,10:34:00,N21,nominal,2.0NRT,309,8.15,D,VIIRS
49.85147,37.75954,334.72,0.48,0.4,2026-08-22,10:34:00,N21,nominal,2.0NRT,308.55,3.5,D,VIIRS
49.83143,37.57345,340.54,0.48,0.4,2026-08-22,10:34:00,N21,low,2.0NRT,310.89,8.39,D,VIIRS
49.83072,37.56686,340.75,0.48,0.4,2026-08-22,10:34:00,N21,nominal,2.0NRT,308.53,5.87,D,VIIRS
49.83506,37.57249,341.35,0.48,0.4,2026-08-22,10:34:00,N21,nominal,2.0NRT,309.59,8.39,D,VIIRS
49.87629,37.78069,346.37,0.48,0.4,2026-08-22,10:34:00,N21,nominal,2.0NRT,309.47,13.13,D,VIIRS
49.88433,37.78556,334.75,0.48,0.4,2026-08-22,10:34:00,N21,low,2.0NRT,307.9,2.33,D,VIIRS
49.92544,37.97526,334.54,0.49,0.4,2026-08-22,10:34:00,N21,low,2.0NRT,309.31,31.25,D,VIIRS
49.92983,37.98115,334.15,0.49,0.4,2026-08-22,10:34:00,N21,low,2.0NRT,304.33,10.4,D,VIIRS
49.89677,37.4541,331.75,0.47,0.4,2026-08-22,10:34:00,N21,low,2.0NRT,304.52,6.7,D,VIIRS
49.92672,37.66341,345.08,0.48,0.4,2026-08-22,10:34:00,N21,nominal,2.0NRT,310.38,10.02,D,VIIRS
49.9496,37.84408,335.45,0.49,0.4,2026-08-22,10:34:00,N21,low,2.0NRT,308.55,19.94,D,VIIRS
49.93109,37.66927,346.3,0.48,0.4,2026-08-22,10:34:00,N21,nominal,2.0NRT,312.24,10.02,D,VIIRS
49.93037,37.66251,342.19,0.48,0.4,2026-08-22,10:34:00,N21,nominal,2.0NRT,311,10.02,D,VIIRS
49.95327,37.84314,344.6,0.49,0.4,2026-08-22,10:34:00,N21,nominal,2.0NRT,316.69,38.85,D,VIIRS
49.93474,37.66836,341.66,0.48,0.4,2026-08-22,10:34:00,N21,nominal,2.0NRT,308.95,13.19,D,VIIRS
49.93402,37.66165,347.27,0.48,0.4,2026-08-22,10:34:00,N21,nominal,2.0NRT,309.22,13.19,D,VIIRS
49.958,37.71049,345.72,0.48,0.4,2026-08-22,10:34:00,N21,nominal,2.0NRT,312.9,22.4,D,VIIRS
49.96025,37.69639,339.01,0.48,0.4,2026-08-22,10:34:00,N21,nominal,2.0NRT,307.09,12.69,D,VIIRS
47.98831,37.40136,346.9,0.45,0.39,2026-08-22,10:34:00,N21,nominal,2.0NRT,313.13,5.46,D,VIIRS
47.46484,33.52684,352.77,0.38,0.36,2026-08-22,10:34:00,N21,nominal,2.0NRT,318,29.28,D,VIIRS
47.4656,33.53185,344.07,0.38,0.36,2026-08-22,10:34:00,N21,low,2.0NRT,314.52,29.28,D,VIIRS
47.99385,37.48024,348.98,0.45,0.39,2026-08-22,10:34:00,N21,nominal,2.0NRT,318.43,12.21,D,VIIRS
47.46083,33.52291,343.55,0.38,0.36,2026-08-22,10:34:00,N21,low,2.0NRT,316.22,5.01,D,VIIRS
47.45433,33.52505,350.24,0.38,0.36,2026-08-22,10:34:00,N21,nominal,2.0NRT,317.82,6.29,D,VIIRS
47.45509,33.53007,347.57,0.38,0.36,2026-08-22,10:34:00,N21,low,2.0NRT,318.21,15.06,D,VIIRS
47.45585,33.53508,351.58,0.38,0.36,2026-08-22,10:34:00,N21,nominal,2.0NRT,317.21,15.06,D,VIIRS
47.58992,34.44368,346.12,0.39,0.36,2026-08-22,10:34:00,N21,nominal,2.0NRT,309.92,5.21,D,VIIRS
47.9539,37.29354,342.67,0.45,0.39,2026-08-22,10:34:00,N21,nominal,2.0NRT,313.56,7.66,D,VIIRS
47.88719,36.7945,342.89,0.43,0.38,2026-08-22,10:34:00,N21,low,2.0NRT,316.15,7.27,D,VIIRS
47.76574,35.85641,335.86,0.41,0.37,2026-08-22,10:34:00,N21,low,2.0NRT,309.33,3.61,D,VIIRS
47.87399,36.71541,352.3,0.43,0.38,2026-08-22,10:34:00,N21,nominal,2.0NRT,318.63,14.95,D,VIIRS
47.88234,36.78395,341.75,0.43,0.38,2026-08-22,10:34:00,N21,low,2.0NRT,316.47,4.55,D,VIIRS
47.88997,36.87667,367,0.43,0.38,2026-08-22,10:34:00,N21,low,2.0NRT,325.33,33.5,D,VIIRS
47.88651,36.87761,350.11,0.43,0.38,2026-08-22,10:34:00,N21,nominal,2.0NRT,319.25,13.53,D,VIIRS
47.79412,36.1591,347.4,0.42,0.37,2026-08-22,10:34:00,N21,nominal,2.0NRT,313.51,4.69,D,VIIRS
48.02089,38.11409,345.8,0.47,0.4,2026-08-22,10:34:00,N21,nominal,2.0NRT,316.3,12.64,D,VIIRS
47.42487,33.55584,339.8,0.38,0.36,2026-08-22,10:34:00,N21,low,2.0NRT,312.51,4.06,D,VIIRS
47.29706,32.82067,346.2,0.39,0.36,2026-08-22,10:34:00,N21,nominal,2.0NRT,318.33,5.66,D,VIIRS
47.70956,35.66645,355.18,0.41,0.37,2026-08-22,10:34:00,N21,nominal,2.0NRT,316.6,15.28,D,VIIRS
47.71026,35.67179,342.1,0.41,0.37,2026-08-22,10:34:00,N21,low,2.0NRT,316.1,8.55,D,VIIRS
47.70691,35.67275,342.49,0.41,0.37,2026-08-22,10:34:00,N21,nominal,2.0NRT,311.36,5.06,D,VIIRS
47.79185,36.33708,346.78,0.42,0.38,2026-08-22,10:34:00,N21,nominal,2.0NRT,314.77,4.93,D,VIIRS
47.88266,37.14811,348.25,0.44,0.38,2026-08-22,10:34:00,N21,low,2.0NRT,319.46,18.99,D,VIIRS
47.8771,37.13144,367,0.44,0.38,2026-08-22,10:34:00,N21,low,2.0NRT,340.01,178.39,D,VIIRS
47.8736,37.13235,350.76,0.44,0.38,2026-08-22,10:34:00,N21,nominal,2.0NRT,323.16,31.98,D,VIIRS
47.87079,37.13912,367,0.44,0.38,2026-08-22,10:34:00,N21,high,2.0NRT,317.93,16.99,D,VIIRS
47.79339,36.52128,344.52,0.42,0.38,2026-08-22,10:34:00,N21,low,2.0NRT,316.16,11.98,D,VIIRS
47.86797,37.14589,343.87,0.44,0.38,2026-08-22,10:34:00,N21,nominal,2.0NRT,315.22,5.76,D,VIIRS
47.87002,37.16347,341.59,0.44,0.39,2026-08-22,10:34:00,N21,low,2.0NRT,316.14,7.97,D,VIIRS
47.79144,36.52399,343.96,0.42,0.38,2026-08-22,10:34:00,N21,low,2.0NRT,317.46,10.92,D,VIIRS
47.80345,36.64869,310.91,0.43,0.38,2026-08-22,10:34:00,N21,low,2.0NRT,314,20.48,D,VIIRS
46.55159,33.99146,338.56,0.38,0.36,2026-08-22,10:34:00,N21,low,2.0NRT,309.81,29.9,D,VIIRS
46.71349,35.07732,367,0.39,0.36,2026-08-22,10:34:00,N21,high,2.0NRT,316.88,10.41,D,VIIRS
46.71678,35.07634,341.91,0.39,0.36,2026-08-22,10:34:00,N21,nominal,2.0NRT,312.93,4.24,D,VIIRS
48.77466,38.06361,342.26,0.48,0.4,2026-08-22,10:34:00,N21,low,2.0NRT,313.26,6.1,D,VIIRS
48.83456,38.63848,355.32,0.51,0.41,2026-08-22,10:34:00,N21,nominal,2.0NRT,318.81,22.4,D,VIIRS
48.84498,38.74154,367,0.51,0.41,2026-08-22,10:34:00,N21,high,2.0NRT,336.65,276.5,D,VIIRS
48.76962,38.05149,342.11,0.48,0.4,2026-08-22,10:34:00,N21,low,2.0NRT,312.69,6.18,D,VIIRS
48.7717,38.07096,351.3,0.48,0.4,2026-08-22,10:34:00,N21,nominal,2.0NRT,315.46,7.9,D,VIIRS
48.76804,38.07185,342.82,0.48,0.4,2026-08-22,10:34:00,N21,low,2.0NRT,314.27,7.9,D,VIIRS
48.83303,38.73732,341.68,0.51,0.41,2026-08-22,10:34:00,N21,nominal,2.0NRT,312.16,10.14,D,VIIRS
48.83372,38.74425,347.15,0.51,0.41,2026-08-22,10:34:00,N21,nominal,2.0NRT,315.42,10.14,D,VIIRS
48.73294,37.81467,334.96,0.47,0.4,2026-08-22,10:34:00,N21,nominal,2.0NRT,308.72,2.73,D,VIIRS
48.82928,38.73821,347.97,0.51,0.41,2026-08-22,10:34:00,N21,nominal,2.0NRT,318.95,10.14,D,VIIRS
48.82997,38.74516,367,0.51,0.41,2026-08-22,10:34:00,N21,high,2.0NRT,321.3,10.14,D,VIIRS
48.74184,37.93164,347.59,0.48,0.4,2026-08-22,10:34:00,N21,nominal,2.0NRT,313.95,23.59,D,VIIRS
48.74254,37.93814,336.58,0.48,0.4,2026-08-22,10:34:00,N21,low,2.0NRT,310.99,5.37,D,VIIRS
48.82622,38.74607,350.33,0.51,0.41,2026-08-22,10:34:00,N21,nominal,2.0NRT,319.03,13.21,D,VIIRS
48.82691,38.75299,346.2,0.51,0.41,2026-08-22,10:34:00,N21,nominal,2.0NRT,313.34,6.21,D,VIIRS
48.6086,36.87313,346.16,0.44,0.38,2026-08-22,10:34:00,N21,nominal,2.0NRT,313.33,7.13,D,VIIRS
48.64379,37.21028,345.42,0.45,0.39,2026-08-22,10:34:00,N21,nominal,2.0NRT,313.83,12.79,D,VIIRS
48.64449,37.21643,337.26,0.45,0.39,2026-08-22,10:34:00,N21,low,2.0NRT,309.98,5.55,D,VIIRS
49.96602,37.71524,332.64,0.48,0.4,2026-08-22,10:34:00,N21,low,2.0NRT,305.36,9.64,D,VIIRS
49.70393,35.47869,332,0.42,0.37,2026-08-22,10:34:00,N21,nominal,2.0NRT,305.37,2.53,D,VIIRS
49.96897,37.70775,350.17,0.48,0.4,2026-08-22,10:34:00,N21,nominal,2.0NRT,311.26,12.47,D,VIIRS
49.96827,37.70116,340.31,0.48,0.4,2026-08-22,10:34:00,N21,nominal,2.0NRT,305.99,4.78,D,VIIRS
49.97923,37.6292,334.33,0.48,0.4,2026-08-22,10:34:00,N21,low,2.0NRT,307.21,3.24,D,VIIRS
49.97856,37.62979,333.88,0.48,0.4,2026-08-22,10:34:00,N21,low,2.0NRT,307.53,3.55,D,VIIRS
50.03143,37.74043,335.91,0.48,0.4,2026-08-22,10:34:00,N21,nominal,2.0NRT,306.26,2.76,D,VIIRS
50.03861,37.77291,342.3,0.49,0.4,2026-08-22,10:34:00,N21,nominal,2.0NRT,310.44,11.1,D,VIIRS
50.03719,37.75943,342.56,0.49,0.4,2026-08-22,10:34:00,N21,nominal,2.0NRT,311.28,9.97,D,VIIRS
50.04085,37.75846,353.32,0.49,0.4,2026-08-22,10:34:00,N21,nominal,2.0NRT,311.16,9.97,D,VIIRS
50.04168,37.73066,335.94,0.48,0.4,2026-08-22,10:34:00,N21,low,2.0NRT,307.55,13.88,D,VIIRS
50.04818,37.75655,348.01,0.49,0.4,2026-08-22,10:34:00,N21,nominal,2.0NRT,309.88,12.92,D,VIIRS
50.05326,37.76899,343.42,0.49,0.4,2026-08-22,10:34:00,N21,low,2.0NRT,313.81,7.33,D,VIIRS
50.05255,37.7623,348.53,0.49,0.4,2026-08-22,10:34:00,N21,nominal,2.0NRT,312.3,7.33,D,VIIRS
50.05185,37.75564,334.1,0.49,0.4,2026-08-22,10:34:00,N21,low,2.0NRT,307.31,5.33,D,VIIRS
50.05693,37.76811,336.8,0.49,0.4,2026-08-22,10:34:00,N21,low,2.0NRT,309.62,7.33,D,VIIRS
50.05622,37.76138,343.75,0.49,0.4,2026-08-22,10:34:00,N21,nominal,2.0NRT,307.78,7.33,D,VIIRS
49.83077,35.6788,338.58,0.42,0.38,2026-08-22,10:34:00,N21,nominal,2.0NRT,310.14,10.66,D,VIIRS
50.06242,37.60838,355.13,0.48,0.4,2026-08-22,10:34:00,N21,nominal,2.0NRT,310.27,17.98,D,VIIRS
50.07684,37.70768,332.05,0.48,0.4,2026-08-22,10:34:00,N21,nominal,2.0NRT,305.42,2.7,D,VIIRS
50.06606,37.60738,333.24,0.48,0.4,2026-08-22,10:34:00,N21,nominal,2.0NRT,306.85,3.67,D,VIIRS
50.08441,37.36329,332.79,0.47,0.4,2026-08-22,10:34:00,N21,nominal,2.0NRT,304.7,4.08,D,VIIRS
50.09084,37.38853,341.63,0.47,0.4,2026-08-22,10:34:00,N21,nominal,2.0NRT,307.01,12.69,D,VIIRS
50.12289,37.61901,344.67,0.48,0.4,2026-08-22,10:34:00,N21,nominal,2.0NRT,310.36,5.76,D,VIIRS
50.11722,37.56549,336.96,0.48,0.4,2026-08-22,10:34:00,N21,nominal,2.0NRT,306.55,7.19,D,VIIRS
49.90054,35.64983,334.57,0.42,0.38,2026-08-22,10:34:00,N21,low,2.0NRT,308.89,3.38,D,VIIRS
50.13525,37.62946,335.49,0.48,0.4,2026-08-22,10:34:00,N21,low,2.0NRT,307.95,5.71,D,VIIRS
50.13454,37.62282,335.17,0.48,0.4,2026-08-22,10:34:00,N21,low,2.0NRT,308.49,5.71,D,VIIRS
50.13535,37.59516,334.49,0.48,0.4,2026-08-22,10:34:00,N21,low,2.0NRT,308.01,3.51,D,VIIRS
50.14557,37.58561,340.03,0.48,0.4,2026-08-22,10:34:00,N21,nominal,2.0NRT,308.85,8.27,D,VIIRS
50.14922,37.58465,333.58,0.48,0.4,2026-08-22,10:34:00,N21,low,2.0NRT,306.89,2.45,D,VIIRS
48.705,37.90076,338.32,0.48,0.4,2026-08-22,10:34:00,N21,nominal,2.0NRT,312.8,4.34,D,VIIRS
48.52872,36.39605,345.75,0.43,0.38,2026-08-22,10:34:00,N21,nominal,2.0NRT,315.46,5.63,D,VIIRS
48.70506,37.90077,338.12,0.47,0.4,2026-08-22,10:34:00,N21,low,2.0NRT,312.72,3.95,D,VIIRS
48.68489,37.853,340.48,0.47,0.4,2026-08-22,10:34:00,N21,low,2.0NRT,313.42,7.68,D,VIIRS
47.69543,30.90761,343.94,0.4,0.37,2026-08-22,10:34:00,N21,nominal,2.0NRT,313.85,7.48,D,VIIRS
48.75534,38.54436,354.22,0.5,0.41,2026-08-22,10:34:00,N21,nominal,2.0NRT,315.53,24.51,D,VIIRS
48.75162,38.54524,344.19,0.5,0.41,2026-08-22,10:34:00,N21,low,2.0NRT,314.47,13.65,D,VIIRS
48.61712,37.38111,347.71,0.46,0.39,2026-08-22,10:34:00,N21,nominal,2.0NRT,314.65,13.8,D,VIIRS
48.61356,37.38202,345.74,0.46,0.39,2026-08-22,10:34:00,N21,nominal,2.0NRT,309.96,13.8,D,VIIRS
48.65947,37.89256,345.85,0.47,0.4,2026-08-22,10:34:00,N21,nominal,2.0NRT,315,6.61,D,VIIRS
48.73137,38.57065,340.96,0.5,0.41,2026-08-22,10:34:00,N21,nominal,2.0NRT,308.09,14.8,D,VIIRS
48.61964,37.56572,343.04,0.46,0.39,2026-08-22,10:34:00,N21,nominal,2.0NRT,310.12,15.9,D,VIIRS
48.65695,37.972410000000004,342.62,0.48,0.4,2026-08-22,10:34:00,N21,nominal,2.0NRT,312.14,9.7,D,VIIRS
48.65766,37.97897,341.63,0.48,0.4,2026-08-22,10:34:00,N21,low,2.0NRT,313.29,8.23,D,VIIRS
48.54555,37.01324,339.74,0.44,0.39,2026-08-22,10:34:00,N21,nominal,2.0NRT,311.41,4.51,D,VIIRS
48.61099,37.58714,342.51,0.46,0.39,2026-08-22,10:34:00,N21,nominal,2.0NRT,312.37,5.03,D,VIIRS
48.72415,38.64931,335.62,0.5,0.41,2026-08-22,10:34:00,N21,low,2.0NRT,309.34,3.13,D,VIIRS
48.62123,37.71298,342.51,0.47,0.4,2026-08-22,10:34:00,N21,low,2.0NRT,317.25,8.38,D,VIIRS
48.72179,38.66376,344.04,0.51,0.41,2026-08-22,10:34:00,N21,nominal,2.0NRT,310.29,13.67,D,VIIRS
48.58993,37.46458,337.41,0.46,0.39,2026-08-22,10:34:00,N21,nominal,2.0NRT,311.99,9.54,D,VIIRS
48.56514,37.43962,353.35,0.46,0.39,2026-08-22,10:34:00,N21,nominal,2.0NRT,311.65,11.05,D,VIIRS
48.56651,37.45194,335.89,0.46,0.39,2026-08-22,10:34:00,N21,nominal,2.0NRT,309.03,5.31,D,VIIRS
48.51505,37.15725,338.17,0.45,0.39,2026-08-22,10:34:00,N21,nominal,2.0NRT,312.63,2.58,D,VIIRS
48.51445,37.17777,342.24,0.45,0.39,2026-08-22,10:34:00,N21,nominal,2.0NRT,313.81,3.76,D,VIIRS
48.55125,37.4953,336.28,0.46,0.39,2026-08-22,10:34:00,N21,low,2.0NRT,308.96,3,D,VIIRS
48.53641,37.39793,333.27,0.46,0.39,2026-08-22,10:34:00,N21,low,2.0NRT,306.98,3.22,D,VIIRS
48.609,38.07813,344.11,0.48,0.4,2026-08-22,10:34:00,N21,low,2.0NRT,316.74,10.29,D,VIIRS
48.49473,37.10254,344.9,0.45,0.39,2026-08-22,10:34:00,N21,nominal,2.0NRT,313.53,7.36,D,VIIRS
48.49121,37.1035,338.61,0.45,0.39,2026-08-22,10:34:00,N21,nominal,2.0NRT,311.36,4.83,D,VIIRS
48.5102,37.26614,343.93,0.45,0.39,2026-08-22,10:34:00,N21,low,2.0NRT,314.98,6.95,D,VIIRS
48.52504,37.39457,335.06,0.46,0.39,2026-08-22,10:34:00,N21,low,2.0NRT,310.03,6.6,D,VIIRS
48.52644,37.4068,339.31,0.46,0.39,2026-08-22,10:34:00,N21,nominal,2.0NRT,306.96,4.97,D,VIIRS
48.50738,37.27317,339.06,0.45,0.39,2026-08-22,10:34:00,N21,low,2.0NRT,311.87,6.95,D,VIIRS
48.47927,37.06356,343.54,0.44,0.39,2026-08-22,10:34:00,N21,nominal,2.0NRT,309.5,8.51,D,VIIRS
48.50384,37.27409,342.22,0.45,0.39,2026-08-22,10:34:00,N21,nominal,2.0NRT,310.29,6.01,D,VIIRS
48.51723,37.39027,348.88,0.46,0.39,2026-08-22,10:34:00,N21,nominal,2.0NRT,312.53,7.59,D,VIIRS
48.51368,37.3912,345.6,0.46,0.39,2026-08-22,10:34:00,N21,nominal,2.0NRT,311.14,7.59,D,VIIRS
48.51918,37.47149,345.12,0.46,0.39,2026-08-22,10:34:00,N21,nominal,2.0NRT,310.02,8.18,D,VIIRS
46.46206,33.2744,340.38,0.38,0.36,2026-08-22,10:34:00,N21,nominal,2.0NRT,310.31,2.6,D,VIIRS
46.43267,33.02509,353.78,0.39,0.36,2026-08-22,10:34:00,N21,nominal,2.0NRT,313.81,13.71,D,VIIRS
46.43188,33.02017,343.63,0.39,0.36,2026-08-22,10:34:00,N21,low,2.0NRT,314.22,5.46,D,VIIRS
46.43109,33.01524,354.11,0.39,0.36,2026-08-22,10:34:00,N21,nominal,2.0NRT,314.83,5.46,D,VIIRS
46.43592,33.024,341.13,0.39,0.36,2026-08-22,10:34:00,N21,low,2.0NRT,314.67,7.63,D,VIIRS
46.43513,33.01908,342.81,0.39,0.36,2026-08-22,10:34:00,N21,low,2.0NRT,315.59,14.06,D,VIIRS
46.43355,33.00923,346.67,0.39,0.36,2026-08-22,10:34:00,N21,nominal,2.0NRT,316.15,5.63,D,VIIRS
46.43276,33.0043,349.22,0.39,0.36,2026-08-22,10:34:00,N21,nominal,2.0NRT,315.97,5.63,D,VIIRS
46.43197,32.99937,350.02,0.39,0.36,2026-08-22,10:34:00,N21,nominal,2.0NRT,313.1,6.12,D,VIIRS
46.43118,32.99445,348.38,0.39,0.36,2026-08-22,10:34:00,N21,nominal,2.0NRT,312.05,6.12,D,VIIRS
46.43364,32.98843,367,0.39,0.36,2026-08-22,10:34:00,N21,high,2.0NRT,317.22,8.17,D,VIIRS
46.43838,33.01799,352.45,0.39,0.36,2026-08-22,10:34:00,N21,nominal,2.0NRT,319.07,14.06,D,VIIRS
46.919670000000004,34.32512,341.74,0.39,0.36,2026-08-22,10:34:00,N21,low,2.0NRT,313.17,4.27,D,VIIRS
47.42033,38.24068,346.39,0.47,0.4,2026-08-22,10:34:00,N21,nominal,2.0NRT,314.82,8.73,D,VIIRS
47.28975,37.14529,338.15,0.44,0.38,2026-08-22,10:34:00,N21,low,2.0NRT,312.94,10.83,D,VIIRS
45.97839,29.18131,347.21,0.47,0.39,2026-08-22,10:34:00,N21,nominal,2.0NRT,313.63,12.28,D,VIIRS
47.08266,35.91933,348.2,0.41,0.37,2026-08-22,10:34:00,N21,nominal,2.0NRT,318.37,7.48,D,VIIRS
50.12988,37.40532,346.05,0.47,0.4,2026-08-22,10:34:00,N21,nominal,2.0NRT,307.28,8.23,D,VIIRS
50.1842,37.59626,345.22,0.48,0.4,2026-08-22,10:34:00,N21,nominal,2.0NRT,306.47,8.97,D,VIIRS
50.18331,37.59576,336.15,0.48,0.4,2026-08-22,10:34:00,N21,nominal,2.0NRT,306.85,4.68,D,VIIRS
50.18583,37.51243,332.62,0.48,0.4,2026-08-22,10:34:00,N21,nominal,2.0NRT,304.99,2.45,D,VIIRS
50.12486,36.84787,367,0.46,0.39,2026-08-22,10:34:00,N21,high,2.0NRT,317.09,25.71,D,VIIRS
50.16378,37.13352,331.94,0.47,0.39,2026-08-22,10:34:00,N21,low,2.0NRT,303.9,5.54,D,VIIRS
50.09859,36.55134,338.43,0.45,0.39,2026-08-22,10:34:00,N21,nominal,2.0NRT,309.03,4.56,D,VIIRS
50.16735,37.13249,333.69,0.47,0.39,2026-08-22,10:34:00,N21,low,2.0NRT,307.63,5.54,D,VIIRS
50.10211,36.55037,338.87,0.45,0.39,2026-08-22,10:34:00,N21,nominal,2.0NRT,311.91,4.56,D,VIIRS
50.2129,37.4507,340.45,0.48,0.4,2026-08-22,10:34:00,N21,nominal,2.0NRT,305.77,13.28,D,VIIRS
50.17464,36.93232,334.08,0.46,0.39,2026-08-22,10:34:00,N21,nominal,2.0NRT,307.02,4.15,D,VIIRS
50.17248,36.88053,334.77,0.46,0.39,2026-08-22,10:34:00,N21,low,2.0NRT,307.11,2.82,D,VIIRS
50.25785,37.48664,336.54,0.48,0.4,2026-08-22,10:34:00,N21,low,2.0NRT,309.75,3.99,D,VIIRS
50.25714,37.47999,346.24,0.48,0.4,2026-08-22,10:34:00,N21,nominal,2.0NRT,309.07,7.29,D,VIIRS
50.19025,36.87556,347.23,0.46,0.39,2026-08-22,10:34:00,N21,nominal,2.0NRT,310.4,16.17,D,VIIRS
50.26512,37.48466,367,0.48,0.4,2026-08-22,10:34:00,N21,high,2.0NRT,342.09,242.11,D,VIIRS
50.18565,36.70732,337.82,0.45,0.39,2026-08-22,10:34:00,N21,nominal,2.0NRT,306.05,4.84,D,VIIRS
50.21455,36.92794,345.82,0.46,0.39,2026-08-22,10:34:00,N21,nominal,2.0NRT,311.97,12.01,D,VIIRS
50.21383,36.92157,338.16,0.46,0.39,2026-08-22,10:34:00,N21,nominal,2.0NRT,308.21,12.01,D,VIIRS
50.22963,36.99619,341.74,0.46,0.39,2026-08-22,10:34:00,N21,nominal,2.0NRT,308.47,4.61,D,VIIRS
50.16867,36.46783,332.63,0.44,0.39,2026-08-22,10:34:00,N21,low,2.0NRT,305.25,5.54,D,VIIRS
50.2332,36.9952,336.15,0.46,0.39,2026-08-22,10:34:00,N21,nominal,2.0NRT,310.14,4.61,D,VIIRS
50.22744,36.99664,335.7,0.46,0.39,2026-08-22,10:34:00,N21,nominal,2.0NRT,305.98,3.54,D,VIIRS
50.16834,36.46747,330.95,0.44,0.39,2026-08-22,10:34:00,N21,low,2.0NRT,304.78,2.62,D,VIIRS
50.23102,36.99564,338.62,0.46,0.39,2026-08-22,10:34:00,N21,nominal,2.0NRT,308.99,3.54,D,VIIRS
50.23459,36.99466,335.86,0.46,0.39,2026-08-22,10:34:00,N21,low,2.0NRT,309.28,4.52,D,VIIRS
50.23407,36.85682,331.95,0.46,0.39,2026-08-22,10:34:00,N21,low,2.0NRT,305.54,2.96,D,VIIRS
50.23122,36.73326,331.11,0.45,0.39,2026-08-22,10:34:00,N21,nominal,2.0NRT,304.93,2.1,D,VIIRS
50.25327,36.89751,341.44,0.46,0.39,2026-08-22,10:34:00,N21,nominal,2.0NRT,309.84,4.68,D,VIIRS
50.26038,36.89552,336.24,0.46,0.39,2026-08-22,10:34:00,N21,low,2.0NRT,310.62,9.63,D,VIIRS
50.23611,36.67973,349.64,0.45,0.39,2026-08-22,10:34:00,N21,nominal,2.0NRT,309.76,9.22,D,VIIRS
50.24319,36.67781,331.96,0.45,0.39,2026-08-22,10:34:00,N21,nominal,2.0NRT,304.26,3.41,D,VIIRS
50.18735,36.19621,333.01,0.44,0.38,2026-08-22,10:34:00,N21,low,2.0NRT,307.91,8.95,D,VIIRS
50.18664,36.19017,341.64,0.44,0.38,2026-08-22,10:34:00,N21,low,2.0NRT,313.79,8.95,D,VIIRS
50.18592,36.18412,351.35,0.44,0.38,2026-08-22,10:34:00,N21,nominal,2.0NRT,313.78,9.39,D,VIIRS
50.27108,36.89262,346.16,0.46,0.39,2026-08-22,10:34:00,N21,nominal,2.0NRT,310.94,12.79,D,VIIRS
50.18868,36.17704,340.08,0.44,0.38,2026-08-22,10:34:00,N21,nominal,2.0NRT,308.08,9.39,D,VIIRS
50.29753,37.09769,339.11,0.47,0.39,2026-08-22,10:34:00,N21,nominal,2.0NRT,304.25,2.92,D,VIIRS
50.29038,37.03297,342.29,0.46,0.39,2026-08-22,10:34:00,N21,nominal,2.0NRT,304.56,10.53,D,VIIRS
50.27464,36.89164,337.75,0.46,0.39,2026-08-22,10:34:00,N21,nominal,2.0NRT,307.54,5.36,D,VIIRS
49.19731,29.53248,332.87,0.41,0.37,2026-08-22,10:34:00,N21,nominal,2.0NRT,305.43,2.22,D,VIIRS
50.30399,37.08928,332.26,0.47,0.39,2026-08-22,10:34:00,N21,low,2.0NRT,304.17,3.64,D,VIIRS
50.28607,36.92815,340.28,0.46,0.39,2026-08-22,10:34:00,N21,nominal,2.0NRT,305.44,7.91,D,VIIRS
49.56277,31.5364,343.65,0.39,0.36,2026-08-22,10:34:00,N21,nominal,2.0NRT,314.97,36.85,D,VIIRS
49.56192,31.53117,352.75,0.39,0.36,2026-08-22,10:34:00,N21,nominal,2.0NRT,318.84,36.85,D,VIIRS
49.56601,31.53516,367,0.39,0.36,2026-08-22,10:34:00,N21,high,2.0NRT,344.24,36.85,D,VIIRS
49.56516,31.52993,367,0.39,0.36,2026-08-22,10:34:00,N21,high,2.0NRT,329.68,36.85,D,VIIRS
49.56432,31.5247,304.62,0.39,0.36,2026-08-22,10:34:00,N21,low,2.0NRT,310.22,29.4,D,VIIRS
49.56925,31.53392,367,0.39,0.36,2026-08-22,10:34:00,N21,high,2.0NRT,364.41,191.41,D,VIIRS
49.56841,31.52869,367,0.39,0.36,2026-08-22,10:34:00,N21,high,2.0NRT,359.49,191.41,D,VIIRS
49.57164,31.52745,367,0.39,0.36,2026-08-22,10:34:00,N21,high,2.0NRT,341.97,191.41,D,VIIRS
49.57333,31.53791,331.37,0.39,0.36,2026-08-22,10:34:00,N21,nominal,2.0NRT,304.7,52.62,D,VIIRS
49.57249,31.53268,367,0.39,0.36,2026-08-22,10:34:00,N21,low,2.0NRT,370.2,191.41,D,VIIRS
50.3117,36.89459,331.6,0.46,0.39,2026-08-22,10:34:00,N21,low,2.0NRT,306.6,5.68,D,VIIRS
49.57573,31.53144,345.53,0.39,0.36,2026-08-22,10:34:00,N21,nominal,2.0NRT,304.78,5.81,D,VIIRS
50.37461,37.42883,344.09,0.48,0.4,2026-08-22,10:34:00,N21,nominal,2.0NRT,309.56,8.34,D,VIIRS
50.37389,37.42222,342.27,0.48,0.4,2026-08-22,10:34:00,N21,nominal,2.0NRT,311.19,8.34,D,VIIRS
50.37317,37.41557,331.05,0.48,0.4,2026-08-22,10:34:00,N21,low,2.0NRT,303.98,3.67,D,VIIRS
50.31526,36.89359,348.93,0.46,0.39,2026-08-22,10:34:00,N21,nominal,2.0NRT,310.15,5.68,D,VIIRS
50.2384,36.23194,332.23,0.44,0.38,2026-08-22,10:34:00,N21,low,2.0NRT,305.41,1.71,D,VIIRS
50.2268,36.13484,340.88,0.44,0.38,2026-08-22,10:34:00,N21,nominal,2.0NRT,308.76,6.58,D,VIIRS
50.37753,37.4213,342.63,0.48,0.4,2026-08-22,10:34:00,N21,nominal,2.0NRT,312.62,16.74,D,VIIRS
50.24188,36.23094,337.31,0.44,0.38,2026-08-22,10:34:00,N21,low,2.0NRT,311.1,8.73,D,VIIRS
50.38626,37.4328,334.26,0.48,0.4,2026-08-22,10:34:00,N21,low,2.0NRT,306.91,3.52,D,VIIRS
50.38481,37.41946,333.87,0.48,0.4,2026-08-22,10:34:00,N21,low,2.0NRT,305.25,7.57,D,VIIRS
50.38771,37.41186,335.19,0.48,0.4,2026-08-22,10:34:00,N21,low,2.0NRT,305.81,4.58,D,VIIRS
50.38067,37.41978,336.7,0.48,0.4,2026-08-22,10:34:00,N21,low,2.0NRT,308.88,3.68,D,VIIRS
50.38571,37.43221,335.52,0.48,0.4,2026-08-22,10:34:00,N21,low,2.0NRT,306.94,9.35,D,VIIRS
50.38794,37.41792,345.85,0.48,0.4,2026-08-22,10:34:00,N21,nominal,2.0NRT,306.91,7.09,D,VIIRS
50.38724,37.41124,332.75,0.48,0.4,2026-08-22,10:34:00,N21,low,2.0NRT,304.65,7.09,D,VIIRS
50.2531,36.20108,333.02,0.44,0.38,2026-08-22,10:34:00,N21,low,2.0NRT,307.25,5.47,D,VIIRS
50.26509,36.27327,331.16,0.44,0.38,2026-08-22,10:34:00,N21,low,2.0NRT,305.68,2.47,D,VIIRS
50.25871,36.21833,341.05,0.44,0.38,2026-08-22,10:34:00,N21,nominal,2.0NRT,306.9,4.72,D,VIIRS
50.25729,36.20613,341.35,0.44,0.38,2026-08-22,10:34:00,N21,nominal,2.0NRT,308.39,5.47,D,VIIRS
50.25658,36.20004,331.19,0.44,0.38,2026-08-22,10:34:00,N21,low,2.0NRT,306.08,5.47,D,VIIRS
50.24928,36.07656,330.82,0.43,0.38,2026-08-22,10:34:00,N21,low,2.0NRT,304.68,2.78,D,VIIRS
50.24856,36.07046,340.8,0.43,0.38,2026-08-22,10:34:00,N21,nominal,2.0NRT,309.35,9.33,D,VIIRS
50.2506,36.05739,338.28,0.43,0.38,2026-08-22,10:34:00,N21,low,2.0NRT,310.34,11.5,D,VIIRS
50.28668,36.24193,338.55,0.44,0.38,2026-08-22,10:34:00,N21,nominal,2.0NRT,306.91,12.11,D,VIIRS
50.20564,35.48111,330.72,0.42,0.38,2026-08-22,10:34:00,N21,low,2.0NRT,302.45,2.14,D,VIIRS
47.08623,35.97326,347.1,0.41,0.37,2026-08-22,10:34:00,N21,low,2.0NRT,319.47,25.44,D,VIIRS
45.9491,29.12972,308.62,0.47,0.4,2026-08-22,10:34:00,N21,low,2.0NRT,315.9,20.45,D,VIIRS
45.95028,29.13559,335.69,0.47,0.4,2026-08-22,10:34:00,N21,low,2.0NRT,310.39,15.23,D,VIIRS
45.94825,29.13246,338.06,0.47,0.4,2026-08-22,10:34:00,N21,low,2.0NRT,311.4,4.4,D,VIIRS
46.5497,32.58102,367,0.39,0.36,2026-08-22,10:34:00,N21,high,2.0NRT,315.55,14.76,D,VIIRS
46.71576,33.69597,339.04,0.38,0.36,2026-08-22,10:34:00,N21,low,2.0NRT,313.5,2.73,D,VIIRS
46.5888,32.90737,343.55,0.39,0.36,2026-08-22,10:34:00,N21,nominal,2.0NRT,312.26,3.29,D,VIIRS
46.58555,32.90847,338.23,0.39,0.36,2026-08-22,10:34:00,N21,low,2.0NRT,312.24,7.53,D,VIIRS
46.53011,32.6506,347.78,0.39,0.36,2026-08-22,10:34:00,N21,nominal,2.0NRT,312.95,27.33,D,VIIRS
46.74938,34.05352,347.34,0.38,0.36,2026-08-22,10:34:00,N21,nominal,2.0NRT,314.03,26.57,D,VIIRS
46.98768,35.73613,341.98,0.4,0.37,2026-08-22,10:34:00,N21,low,2.0NRT,316.29,4.44,D,VIIRS
46.98977,35.75182,349.43,0.4,0.37,2026-08-22,10:34:00,N21,nominal,2.0NRT,316.92,5.37,D,VIIRS
46.62572,33.26925,340.83,0.38,0.36,2026-08-22,10:34:00,N21,low,2.0NRT,313.95,5.9,D,VIIRS
46.98434,35.73709,348.09,0.4,0.37,2026-08-22,10:34:00,N21,nominal,2.0NRT,318.08,4.44,D,VIIRS
46.98643,35.75278,343.9,0.4,0.37,2026-08-22,10:34:00,N21,low,2.0NRT,315.85,5.37,D,VIIRS
46.98783,35.76324,346.29,0.4,0.37,2026-08-22,10:34:00,N21,nominal,2.0NRT,315.26,10.42,D,VIIRS
46.98518,35.76944,342.57,0.4,0.37,2026-08-22,10:34:00,N21,low,2.0NRT,316.27,7.48,D,VIIRS
46.44378,32.19118,343.6,0.39,0.36,2026-08-22,10:34:00,N21,nominal,2.0NRT,314.4,9.28,D,VIIRS
46.98185,35.7704,342.68,0.4,0.37,2026-08-22,10:34:00,N21,nominal,2.0NRT,317.15,7.48,D,VIIRS
46.60355,33.19359,345.43,0.38,0.36,2026-08-22,10:34:00,N21,nominal,2.0NRT,313.72,11.82,D,VIIRS
46.60433,33.19852,345.56,0.38,0.36,2026-08-22,10:34:00,N21,nominal,2.0NRT,313.17,15.12,D,VIIRS
46.55232,32.89365,348.07,0.39,0.36,2026-08-22,10:34:00,N21,nominal,2.0NRT,316.23,6.79,D,VIIRS
46.54907,32.89475,338.51,0.39,0.36,2026-08-22,10:34:00,N21,low,2.0NRT,313.06,2.54,D,VIIRS
46.97057,35.78994,346.4,0.4,0.37,2026-08-22,10:34:00,N21,nominal,2.0NRT,316.01,9.16,D,VIIRS
46.96862,35.80137,346.58,0.4,0.37,2026-08-22,10:34:00,N21,nominal,2.0NRT,315.81,3.78,D,VIIRS
46.97083,35.84429,367,0.4,0.37,2026-08-22,10:34:00,N21,low,2.0NRT,325.12,36.34,D,VIIRS
46.43759,33.01307,346.24,0.39,0.36,2026-08-22,10:34:00,N21,low,2.0NRT,318.02,14.06,D,VIIRS
46.43602,33.00322,339.89,0.39,0.36,2026-08-22,10:34:00,N21,low,2.0NRT,314.44,5.63,D,VIIRS
46.43522,32.99829,345.46,0.39,0.36,2026-08-22,10:34:00,N21,nominal,2.0NRT,315.18,6.12,D,VIIRS
46.43443,32.99336,354.08,0.39,0.36,2026-08-22,10:34:00,N21,nominal,2.0NRT,316.31,6.12,D,VIIRS
46.43285,32.9835,342.12,0.39,0.36,2026-08-22,10:34:00,N21,nominal,2.0NRT,312.35,8.17,D,VIIRS
46.44084,33.01198,339.81,0.39,0.36,2026-08-22,10:34:00,N21,low,2.0NRT,311.66,3.4,D,VIIRS
46.44006,33.00705,355.16,0.39,0.36,2026-08-22,10:34:00,N21,nominal,2.0NRT,314.56,6.14,D,VIIRS
48.36435,36.26188,339.96,0.42,0.38,2026-08-22,10:34:00,N21,low,2.0NRT,312.11,4.11,D,VIIRS
48.53366,37.69818,343.47,0.47,0.39,2026-08-22,10:34:00,N21,nominal,2.0NRT,310.46,5.33,D,VIIRS
48.53077,37.70538,340.88,0.47,0.39,2026-08-22,10:34:00,N21,low,2.0NRT,311.27,6.89,D,VIIRS
48.52718,37.70634,339.11,0.47,0.39,2026-08-22,10:34:00,N21,low,2.0NRT,311.54,6.89,D,VIIRS
48.45324,37.08871,334.45,0.45,0.39,2026-08-22,10:34:00,N21,low,2.0NRT,309.39,4.47,D,VIIRS
48.44973,37.08963,334.39,0.45,0.39,2026-08-22,10:34:00,N21,low,2.0NRT,309.35,4.47,D,VIIRS
48.4593,37.26686,339.88,0.45,0.39,2026-08-22,10:34:00,N21,low,2.0NRT,310.42,2.71,D,VIIRS
48.48356,37.48067,339.95,0.46,0.39,2026-08-22,10:34:00,N21,low,2.0NRT,313.19,15.21,D,VIIRS
48.46826,37.37759,345.17,0.45,0.39,2026-08-22,10:34:00,N21,low,2.0NRT,315.91,23.49,D,VIIRS
48.51112,37.7618,367,0.47,0.4,2026-08-22,10:34:00,N21,high,2.0NRT,316.39,15.13,D,VIIRS
48.46116,37.37941,340.69,0.45,0.39,2026-08-22,10:34:00,N21,low,2.0NRT,313.79,75.83,D,VIIRS
48.48737,37.61343,336.04,0.46,0.39,2026-08-22,10:34:00,N21,low,2.0NRT,310.4,5,D,VIIRS
48.44793,37.29492,342.34,0.45,0.39,2026-08-22,10:34:00,N21,nominal,2.0NRT,311.89,3.48,D,VIIRS
48.41469,37.06848,336.29,0.44,0.39,2026-08-22,10:34:00,N21,low,2.0NRT,310.6,2.33,D,VIIRS
48.50594,37.91875,347.09,0.47,0.4,2026-08-22,10:34:00,N21,nominal,2.0NRT,314.77,13.87,D,VIIRS
48.45439,37.48201,344.23,0.46,0.39,2026-08-22,10:34:00,N21,nominal,2.0NRT,312.65,5.15,D,VIIRS
50.04152,33.67782,332.78,0.39,0.36,2026-08-22,10:34:00,N21,nominal,2.0NRT,305.92,3.84,D,VIIRS
50.38463,35.91027,341.3,0.43,0.38,2026-08-22,10:34:00,N21,nominal,2.0NRT,308.22,12.7,D,VIIRS
50.36956,34.97227,344.2,0.41,0.37,2026-08-22,10:34:00,N21,nominal,2.0NRT,308.66,8.85,D,VIIRS
50.37294,34.9712,337.73,0.41,0.37,2026-08-22,10:34:00,N21,low,2.0NRT,311.38,8.85,D,VIIRS
50.3763,34.97013,339.4,0.41,0.37,2026-08-22,10:34:00,N21,low,2.0NRT,310.64,6.33,D,VIIRS
49.56353,29.49577,335.32,0.41,0.37,2026-08-22,10:34:00,N21,nominal,2.0NRT,308.74,6.48,D,VIIRS
49.56253,29.49024,333.09,0.41,0.37,2026-08-22,10:34:00,N21,nominal,2.0NRT,304.84,3.58,D,VIIRS
49.98811,31.7592,344.5,0.38,0.36,2026-08-22,10:34:00,N21,nominal,2.0NRT,312.83,11.44,D,VIIRS
50.7023,35.38822,333.17,0.42,0.38,2026-08-22,10:34:00,N21,nominal,2.0NRT,305.65,3.79,D,VIIRS
48.39885,22.54243,350.87,0.5,0.49,2026-08-22,10:34:00,N21,nominal,2.0NRT,299.75,12.99,D,VIIRS
50.21269,31.35403,355.31,0.39,0.36,2026-08-22,10:34:00,N21,low,2.0NRT,333.35,19.95,D,VIIRS
50.21508,31.34748,345.61,0.39,0.36,2026-08-22,10:34:00,N21,low,2.0NRT,317.25,12.79,D,VIIRS
50.22393,31.33838,333.49,0.39,0.36,2026-08-22,10:34:00,N21,low,2.0NRT,306.8,8.39,D,VIIRS
50.8013,35.33882,331.74,0.42,0.38,2026-08-22,10:34:00,N21,low,2.0NRT,304.81,5.62,D,VIIRS
48.40141,22.54085,352.3,0.5,0.49,2026-08-22,10:34:00,N21,nominal,2.0NRT,300.16,13,D,VIIRS
49.6375,27.98102,331.28,0.45,0.39,2026-08-22,10:34:00,N21,nominal,2.0NRT,302.57,4.05,D,VIIRS
50.78534,35.12352,344.49,0.42,0.37,2026-08-22,10:34:00,N21,nominal,2.0NRT,304.68,2.51,D,VIIRS
50.78873,35.12246,342.13,0.42,0.37,2026-08-22,10:34:00,N21,low,2.0NRT,316.14,53.17,D,VIIRS
50.79871,35.17427,334.32,0.42,0.38,2026-08-22,10:34:00,N21,low,2.0NRT,305.12,6.98,D,VIIRS
45.81874,34.28534,350.61,0.38,0.36,2026-08-22,10:34:00,N21,nominal,2.0NRT,311.48,4.41,D,VIIRS
45.82273,34.28921,342.22,0.38,0.36,2026-08-22,10:34:00,N21,nominal,2.0NRT,309.16,7.25,D,VIIRS
45.822,34.28434,340.89,0.38,0.36,2026-08-22,10:34:00,N21,nominal,2.0NRT,311.86,3.64,D,VIIRS
45.82526,34.28333,336.2,0.38,0.36,2026-08-22,10:34:00,N21,low,2.0NRT,311.01,3.64,D,VIIRS
45.93008,34.20727,345.8,0.38,0.36,2026-08-22,10:34:00,N21,low,2.0NRT,318.59,71.56,D,VIIRS
46.14593,34.29919,337.56,0.38,0.36,2026-08-22,10:34:00,N21,low,2.0NRT,312.07,5.32,D,VIIRS
46.24719,34.58938,335.12,0.39,0.36,2026-08-22,10:34:00,N21,low,2.0NRT,309.99,3.28,D,VIIRS
46.31897,34.47266,337.12,0.39,0.36,2026-08-22,10:34:00,N21,low,2.0NRT,311.03,2.79,D,VIIRS
46.30877,34.357170000000004,347.94,0.39,0.36,2026-08-22,10:34:00,N21,nominal,2.0NRT,312.69,11.46,D,VIIRS
46.30803,34.35224,349.49,0.39,0.36,2026-08-22,10:34:00,N21,nominal,2.0NRT,317.03,31.71,D,VIIRS
46.31129,34.35123,339.27,0.39,0.36,2026-08-22,10:34:00,N21,low,2.0NRT,311.31,14.9,D,VIIRS
46.31057,34.3463,352.16,0.39,0.36,2026-08-22,10:34:00,N21,nominal,2.0NRT,316.86,14.9,D,VIIRS
46.31675,34.36501,336.62,0.39,0.36,2026-08-22,10:34:00,N21,low,2.0NRT,311.51,2.18,D,VIIRS
45.38102,29.02318,350.36,0.48,0.4,2026-08-22,10:34:00,N21,nominal,2.0NRT,310.76,8.57,D,VIIRS
46.31855,34.35414,341.62,0.39,0.36,2026-08-22,10:34:00,N21,low,2.0NRT,311.84,4.96,D,VIIRS
46.43926,33.00212,344.78,0.39,0.36,2026-08-22,10:34:00,N21,low,2.0NRT,315.83,6.14,D,VIIRS
46.43847,32.9972,353.33,0.39,0.36,2026-08-22,10:34:00,N21,nominal,2.0NRT,314.07,7.63,D,VIIRS
46.43768,32.99227,342.93,0.39,0.36,2026-08-22,10:34:00,N21,nominal,2.0NRT,312.5,7.63,D,VIIRS
46.43689,32.98734,350.32,0.39,0.36,2026-08-22,10:34:00,N21,nominal,2.0NRT,315.01,11.1,D,VIIRS
46.4361,32.98241,352.36,0.39,0.36,2026-08-22,10:34:00,N21,nominal,2.0NRT,317.87,11.1,D,VIIRS
46.43531,32.97749,351.76,0.39,0.36,2026-08-22,10:34:00,N21,nominal,2.0NRT,315.61,20.95,D,VIIRS
46.44251,33.00104,351.51,0.39,0.36,2026-08-22,10:34:00,N21,nominal,2.0NRT,311.27,6.14,D,VIIRS
46.44172,32.99611,348.83,0.39,0.36,2026-08-22,10:34:00,N21,nominal,2.0NRT,315.35,7.63,D,VIIRS
46.44093,32.99118,353.11,0.39,0.36,2026-08-22,10:34:00,N21,nominal,2.0NRT,314.36,7.63,D,VIIRS
46.44014,32.98625,352.66,0.39,0.36,2026-08-22,10:34:00,N21,nominal,2.0NRT,316.71,11.1,D,VIIRS
46.43935,32.98132,352.37,0.39,0.36,2026-08-22,10:34:00,N21,nominal,2.0NRT,316.98,11.1,D,VIIRS
46.43856,32.97639,354.71,0.39,0.36,2026-08-22,10:34:00,N21,nominal,2.0NRT,319.43,20.95,D,VIIRS
46.43777,32.97147,344.72,0.39,0.36,2026-08-22,10:34:00,N21,low,2.0NRT,317.71,20.95,D,VIIRS
46.4426,32.98023,367,0.39,0.36,2026-08-22,10:34:00,N21,high,2.0NRT,333.12,91.6,D,VIIRS
46.44498,32.99502,348.57,0.39,0.36,2026-08-22,10:34:00,N21,nominal,2.0NRT,312.45,40.01,D,VIIRS
46.44181,32.9753,355.59,0.39,0.36,2026-08-22,10:34:00,N21,nominal,2.0NRT,318.81,26.24,D,VIIRS
46.44102,32.97037,354.06,0.39,0.36,2026-08-22,10:34:00,N21,nominal,2.0NRT,317.39,26.24,D,VIIRS
46.44022,32.96544,342.82,0.39,0.36,2026-08-22,10:34:00,N21,nominal,2.0NRT,312.07,58.6,D,VIIRS
50.83348,35.34106,331.41,0.42,0.38,2026-08-22,10:34:00,N21,nominal,2.0NRT,302.89,2.3,D,VIIRS
49.76963,28.22291,345.53,0.44,0.38,2026-08-22,10:34:00,N21,nominal,2.0NRT,302.58,6.39,D,VIIRS
49.76851,28.21704,330.2,0.44,0.38,2026-08-22,10:34:00,N21,low,2.0NRT,302.89,6.39,D,VIIRS
49.7719,28.2155,334.67,0.44,0.38,2026-08-22,10:34:00,N21,nominal,2.0NRT,301.96,6.39,D,VIIRS
50.06014,29.52156,332.07,0.41,0.37,2026-08-22,10:34:00,N21,nominal,2.0NRT,301.16,5.56,D,VIIRS
49.967529999999996,28.55133,332.33,0.43,0.38,2026-08-22,10:34:00,N21,low,2.0NRT,302.88,6.33,D,VIIRS
49.97197,28.55558,348.49,0.43,0.38,2026-08-22,10:34:00,N21,nominal,2.0NRT,304.05,6.33,D,VIIRS
49.97088,28.54982,331.78,0.43,0.38,2026-08-22,10:34:00,N21,nominal,2.0NRT,301.49,6.33,D,VIIRS
50.35036,30.16376,333.54,0.4,0.37,2026-08-22,10:34:00,N21,nominal,2.0NRT,305.8,2.51,D,VIIRS
50.57661,31.21375,346.03,0.39,0.36,2026-08-22,10:34:00,N21,nominal,2.0NRT,309.06,6.91,D,VIIRS
50.57576,31.20843,350.57,0.39,0.36,2026-08-22,10:34:00,N21,low,2.0NRT,320.63,27.21,D,VIIRS
50.57985,31.21247,334.16,0.39,0.36,2026-08-22,10:34:00,N21,low,2.0NRT,308.49,4.2,D,VIIRS
50.58308,31.21118,343.9,0.39,0.36,2026-08-22,10:34:00,N21,nominal,2.0NRT,311.71,4.2,D,VIIRS
50.54591,30.98207,331.43,0.39,0.36,2026-08-22,10:34:00,N21,nominal,2.0NRT,304.83,7.06,D,VIIRS
50.54504,30.97674,354.03,0.39,0.36,2026-08-22,10:34:00,N21,nominal,2.0NRT,308.45,7.06,D,VIIRS
50.58632,31.2099,367,0.39,0.36,2026-08-22,10:34:00,N21,high,2.0NRT,320.37,12.91,D,VIIRS
50.58717,31.21522,343.29,0.39,0.36,2026-08-22,10:34:00,N21,nominal,2.0NRT,308.93,12.91,D,VIIRS
50.58546,31.20457,367,0.39,0.36,2026-08-22,10:34:00,N21,low,2.0NRT,327.23,28.72,D,VIIRS
50.59041,31.21393,337.49,0.39,0.36,2026-08-22,10:34:00,N21,nominal,2.0NRT,306.1,12.91,D,VIIRS
50.58955,31.20861,354.65,0.39,0.36,2026-08-22,10:34:00,N21,nominal,2.0NRT,321.81,12.91,D,VIIRS
50.5887,31.20329,351.74,0.39,0.36,2026-08-22,10:34:00,N21,nominal,2.0NRT,317.59,28.72,D,VIIRS
50.58784,31.19796,339.98,0.39,0.36,2026-08-22,10:34:00,N21,low,2.0NRT,312.57,28.72,D,VIIRS
51.11843,34.86707,330.74,0.41,0.37,2026-08-22,10:34:00,N21,low,2.0NRT,303.91,3.66,D,VIIRS
50.59279,31.20732,338.01,0.39,0.36,2026-08-22,10:34:00,N21,low,2.0NRT,311.77,14.08,D,VIIRS
50.59193,31.202,350.4,0.39,0.36,2026-08-22,10:34:00,N21,nominal,2.0NRT,315.39,27.58,D,VIIRS
50.59602,31.20604,338.69,0.39,0.36,2026-08-22,10:34:00,N21,nominal,2.0NRT,308.2,14.08,D,VIIRS
50.59173,31.17941,340.44,0.39,0.36,2026-08-22,10:34:00,N21,low,2.0NRT,313.06,5.8,D,VIIRS
50.59734,31.1715,338.05,0.39,0.36,2026-08-22,10:34:00,N21,low,2.0NRT,308.44,8.72,D,VIIRS
51.1294,34.81485,350.07,0.41,0.37,2026-08-22,10:34:00,N21,nominal,2.0NRT,306.68,11.46,D,VIIRS
50.60725,31.19024,341.64,0.39,0.36,2026-08-22,10:34:00,N21,nominal,2.0NRT,311.54,12.13,D,VIIRS
50.60639,31.18491,348.52,0.39,0.36,2026-08-22,10:34:00,N21,nominal,2.0NRT,311.06,11.79,D,VIIRS
51.16518,35.04206,341.44,0.42,0.38,2026-08-22,10:34:00,N21,nominal,2.0NRT,306.86,5.37,D,VIIRS
51.16858,35.04096,340.65,0.42,0.38,2026-08-22,10:34:00,N21,nominal,2.0NRT,306.95,10.52,D,VIIRS
46.44418,32.99009,367,0.39,0.36,2026-08-22,10:34:00,N21,low,2.0NRT,325.89,40.01,D,VIIRS
46.44339,32.98516,367,0.39,0.36,2026-08-22,10:34:00,N21,low,2.0NRT,325.1,91.6,D,VIIRS
46.44506,32.97421,353.6,0.39,0.36,2026-08-22,10:34:00,N21,nominal,2.0NRT,310.85,26.24,D,VIIRS
46.44427,32.96928,350.87,0.39,0.36,2026-08-22,10:34:00,N21,nominal,2.0NRT,313.82,26.24,D,VIIRS
46.97215,36.61705,346.74,0.42,0.38,2026-08-22,10:34:00,N21,low,2.0NRT,317.07,13.18,D,VIIRS
46.97487,36.61067,347.82,0.42,0.38,2026-08-22,10:34:00,N21,nominal,2.0NRT,317.62,7.45,D,VIIRS
45.78124,29.04335,342.79,0.48,0.4,2026-08-22,10:34:00,N21,low,2.0NRT,314.56,4.52,D,VIIRS
45.78832,29.0405,344.3,0.48,0.4,2026-08-22,10:34:00,N21,low,2.0NRT,319.05,42.76,D,VIIRS
45.79186,29.03908,352.89,0.48,0.4,2026-08-22,10:34:00,N21,nominal,2.0NRT,318.71,26.13,D,VIIRS
46.78573,34.86427,334.46,0.39,0.36,2026-08-22,10:34:00,N21,low,2.0NRT,309.4,5.83,D,VIIRS
46.79373,34.87236,337.46,0.39,0.36,2026-08-22,10:34:00,N21,nominal,2.0NRT,311.29,3.15,D,VIIRS
46.48294,32.82615,346.02,0.39,0.36,2026-08-22,10:34:00,N21,nominal,2.0NRT,313.57,15.15,D,VIIRS
46.79702,34.87137,342.39,0.39,0.36,2026-08-22,10:34:00,N21,nominal,2.0NRT,311.02,5.41,D,VIIRS
45.91127,29.57269,346.88,0.45,0.39,2026-08-22,10:34:00,N21,nominal,2.0NRT,316.15,13.01,D,VIIRS
46.49429,32.83272,349.5,0.39,0.36,2026-08-22,10:34:00,N21,nominal,2.0NRT,317.31,10.22,D,VIIRS
47.38911,33.63883,345.55,0.38,0.36,2026-08-22,10:34:00,N21,low,2.0NRT,316.66,17.26,D,VIIRS
47.75003,36.22512,341.56,0.42,0.37,2026-08-22,10:34:00,N21,low,2.0NRT,316.29,7.85,D,VIIRS
47.80415,36.65435,367,0.43,0.38,2026-08-22,10:34:00,N21,high,2.0NRT,323.92,35.6,D,VIIRS
47.72407,36.05077,344.77,0.41,0.37,2026-08-22,10:34:00,N21,nominal,2.0NRT,316.51,10.68,D,VIIRS
47.74663,36.22608,347.72,0.42,0.37,2026-08-22,10:34:00,N21,nominal,2.0NRT,314.7,5.57,D,VIIRS
47.74734,36.23159,342.64,0.42,0.37,2026-08-22,10:34:00,N21,nominal,2.0NRT,317.39,5.5,D,VIIRS
47.80141,36.66093,345.87,0.43,0.38,2026-08-22,10:34:00,N21,nominal,2.0NRT,317.84,7.25,D,VIIRS
47.79797,36.66185,347.75,0.43,0.38,2026-08-22,10:34:00,N21,nominal,2.0NRT,318.31,7.25,D,VIIRS
47.83442,37.07835,367,0.44,0.38,2026-08-22,10:34:00,N21,high,2.0NRT,338.41,166.74,D,VIIRS
47.83163,37.08506,348.86,0.44,0.38,2026-08-22,10:34:00,N21,nominal,2.0NRT,317.82,77.96,D,VIIRS
47.83093,37.07925,367,0.44,0.38,2026-08-22,10:34:00,N21,high,2.0NRT,332.67,88.59,D,VIIRS
47.82813,37.08597,367,0.44,0.38,2026-08-22,10:34:00,N21,high,2.0NRT,336.94,77.96,D,VIIRS
47.82534,37.0927,367,0.44,0.38,2026-08-22,10:34:00,N21,low,2.0NRT,327.86,85.51,D,VIIRS
47.30566,33.29373,340.23,0.38,0.36,2026-08-22,10:34:00,N21,nominal,2.0NRT,314.77,66.62,D,VIIRS
46.97152,35.84954,351.69,0.4,0.37,2026-08-22,10:34:00,N21,nominal,2.0NRT,319.54,12.81,D,VIIRS
46.96679,35.83998,367,0.4,0.37,2026-08-22,10:34:00,N21,low,2.0NRT,327.8,37.09,D,VIIRS
46.96748,35.84524,367,0.4,0.37,2026-08-22,10:34:00,N21,low,2.0NRT,333.32,37.09,D,VIIRS
46.96817,35.85048,367,0.4,0.37,2026-08-22,10:34:00,N21,low,2.0NRT,331.97,29.84,D,VIIRS
46.96887,35.85574,348.69,0.4,0.37,2026-08-22,10:34:00,N21,nominal,2.0NRT,318.36,29.84,D,VIIRS
46.96413,35.84618,348.54,0.4,0.37,2026-08-22,10:34:00,N21,nominal,2.0NRT,317.52,37.09,D,VIIRS
46.96552,35.85668,350.26,0.4,0.37,2026-08-22,10:34:00,N21,nominal,2.0NRT,319.47,29.84,D,VIIRS
46.19161,33.52036,348.17,0.38,0.36,2026-08-22,10:34:00,N21,nominal,2.0NRT,312.95,6.76,D,VIIRS
45.38337,29.01578,336.47,0.48,0.4,2026-08-22,10:34:00,N21,low,2.0NRT,310.3,6.92,D,VIIRS
46.28803,34.12678,350.64,0.38,0.36,2026-08-22,10:34:00,N21,nominal,2.0NRT,314.83,13.97,D,VIIRS
46.1941,33.51441,348.46,0.38,0.36,2026-08-22,10:34:00,N21,nominal,2.0NRT,312.46,4.64,D,VIIRS
45.38694,29.01436,344.96,0.48,0.4,2026-08-22,10:34:00,N21,nominal,2.0NRT,306.71,6.92,D,VIIRS
46.29055,34.12085,367,0.38,0.36,2026-08-22,10:34:00,N21,high,2.0NRT,313.24,10.98,D,VIIRS
45.40372,29.05918,337.25,0.48,0.4,2026-08-22,10:34:00,N21,low,2.0NRT,311.34,6.48,D,VIIRS
46.42296,34.90766,341.34,0.39,0.36,2026-08-22,10:34:00,N21,low,2.0NRT,313.09,7.68,D,VIIRS
46.28008,33.93904,353.4,0.38,0.36,2026-08-22,10:34:00,N21,nominal,2.0NRT,312.46,5.22,D,VIIRS
46.27934,33.93414,341.54,0.38,0.36,2026-08-22,10:34:00,N21,nominal,2.0NRT,311.93,5.22,D,VIIRS
46.28333,33.93801,367,0.38,0.36,2026-08-22,10:34:00,N21,high,2.0NRT,315.04,16.13,D,VIIRS
46.28259,33.93311,367,0.38,0.36,2026-08-22,10:34:00,N21,high,2.0NRT,316.92,16.13,D,VIIRS
46.49843,35.42068,338.47,0.4,0.37,2026-08-22,10:34:00,N21,low,2.0NRT,312.58,3.79,D,VIIRS
48.44946,37.47066,339.96,0.46,0.39,2026-08-22,10:34:00,N21,low,2.0NRT,313.41,7.75,D,VIIRS
51.15306,34.80724,353.3,0.41,0.37,2026-08-22,10:34:00,N21,nominal,2.0NRT,313.59,24.78,D,VIIRS
51.15232,34.80142,334.2,0.41,0.37,2026-08-22,10:34:00,N21,nominal,2.0NRT,307.17,7.16,D,VIIRS
51.15644,34.80617,345.8,0.41,0.37,2026-08-22,10:34:00,N21,nominal,2.0NRT,309.69,24.78,D,VIIRS
51.1557,34.80034,332.72,0.41,0.37,2026-08-22,10:34:00,N21,nominal,2.0NRT,306.89,7.16,D,VIIRS
51.1869,34.91079,336.46,0.42,0.37,2026-08-22,10:34:00,N21,nominal,2.0NRT,306.33,2.47,D,VIIRS
51.20649,34.5941,333.58,0.41,0.37,2026-08-22,10:34:00,N21,low,2.0NRT,305.74,4.53,D,VIIRS
50.4047,29.06301,332.2,0.41,0.37,2026-08-22,10:34:00,N21,nominal,2.0NRT,303.34,8.92,D,VIIRS
51.18558,33.94844,332.99,0.4,0.37,2026-08-22,10:34:00,N21,low,2.0NRT,306.56,2.91,D,VIIRS
51.18889,33.94732,334.57,0.4,0.37,2026-08-22,10:34:00,N21,nominal,2.0NRT,308.64,8.52,D,VIIRS
50.81316,31.29055,332.48,0.38,0.36,2026-08-22,10:34:00,N21,low,2.0NRT,305.37,8.43,D,VIIRS
50.81231,31.28521,348.77,0.38,0.36,2026-08-22,10:34:00,N21,nominal,2.0NRT,315.8,8.43,D,VIIRS
50.76825,30.65256,342.92,0.39,0.36,2026-08-22,10:34:00,N21,nominal,2.0NRT,312.46,43.11,D,VIIRS
51.29844,34.19522,352.74,0.4,0.37,2026-08-22,10:34:00,N21,nominal,2.0NRT,307.99,12.28,D,VIIRS
51.29768,34.1895,346.7,0.4,0.37,2026-08-22,10:34:00,N21,nominal,2.0NRT,309.33,12.28,D,VIIRS
51.30178,34.19409,349.65,0.4,0.37,2026-08-22,10:34:00,N21,nominal,2.0NRT,306.41,12.28,D,VIIRS
50.69994,30.20213,338.81,0.39,0.36,2026-08-22,10:34:00,N21,nominal,2.0NRT,304.62,5.06,D,VIIRS
51.30265,34.19297,345.32,0.4,0.37,2026-08-22,10:34:00,N21,nominal,2.0NRT,304.97,9.8,D,VIIRS
50.70235,30.19978,335.09,0.39,0.36,2026-08-22,10:34:00,N21,low,2.0NRT,305.48,2.59,D,VIIRS
50.70142,30.19436,348.22,0.39,0.36,2026-08-22,10:34:00,N21,nominal,2.0NRT,303.37,13.57,D,VIIRS
51.30599,34.19185,342.08,0.4,0.37,2026-08-22,10:34:00,N21,nominal,2.0NRT,306.03,9.8,D,VIIRS
50.69913,30.16051,346.77,0.39,0.36,2026-08-22,10:34:00,N21,nominal,2.0NRT,301.54,6.84,D,VIIRS
50.70608,30.1808,348.37,0.39,0.36,2026-08-22,10:34:00,N21,nominal,2.0NRT,302.34,7.34,D,VIIRS
50.76842,30.32268,343.11,0.39,0.36,2026-08-22,10:34:00,N21,nominal,2.0NRT,311.06,18.69,D,VIIRS
51.44298,34.19146,343.18,0.41,0.37,2026-08-22,10:34:00,N21,nominal,2.0NRT,306.41,4.76,D,VIIRS
51.44707,34.19607,338.37,0.41,0.37,2026-08-22,10:34:00,N21,nominal,2.0NRT,304.64,10.68,D,VIIRS
48.45082,37.48289,338.53,0.46,0.39,2026-08-22,10:34:00,N21,nominal,2.0NRT,310.11,5.15,D,VIIRS
48.44383,37.45303,339.3,0.46,0.39,2026-08-22,10:34:00,N21,nominal,2.0NRT,310.9,4.21,D,VIIRS
48.56234,38.57771,334.86,0.5,0.41,2026-08-22,10:34:00,N21,low,2.0NRT,309.63,3.6,D,VIIRS
48.27747,36.12506,367,0.42,0.38,2026-08-22,10:34:00,N21,high,2.0NRT,319.31,16,D,VIIRS
48.37584,36.95195,338.76,0.44,0.38,2026-08-22,10:34:00,N21,low,2.0NRT,313.01,5.49,D,VIIRS
48.55512,38.54528,337.46,0.5,0.41,2026-08-22,10:34:00,N21,low,2.0NRT,309.26,4.34,D,VIIRS
48.55582,38.55191,338.09,0.5,0.41,2026-08-22,10:34:00,N21,low,2.0NRT,309.67,4.34,D,VIIRS
48.41105,37.28096,343.53,0.45,0.39,2026-08-22,10:34:00,N21,nominal,2.0NRT,313.22,8.69,D,VIIRS
48.47518,37.84328,340.42,0.47,0.4,2026-08-22,10:34:00,N21,low,2.0NRT,314.33,9.5,D,VIIRS
48.55141,38.54611,339.16,0.5,0.41,2026-08-22,10:34:00,N21,low,2.0NRT,311.19,7.89,D,VIIRS
48.47226,37.85044,347.37,0.47,0.4,2026-08-22,10:34:00,N21,nominal,2.0NRT,316.66,9.5,D,VIIRS
48.3527,36.84903,352.66,0.44,0.38,2026-08-22,10:34:00,N21,nominal,2.0NRT,313.82,11.9,D,VIIRS
48.41735,37.39827,339.68,0.45,0.39,2026-08-22,10:34:00,N21,low,2.0NRT,309.82,6,D,VIIRS
48.42437,37.45936,338.06,0.46,0.39,2026-08-22,10:34:00,N21,nominal,2.0NRT,310.95,3.19,D,VIIRS
48.46504,37.8522,344.84,0.47,0.4,2026-08-22,10:34:00,N21,low,2.0NRT,317.42,12.81,D,VIIRS
48.43267,37.5965,342.85,0.46,0.39,2026-08-22,10:34:00,N21,nominal,2.0NRT,313.38,7.16,D,VIIRS
48.37234,37.1363,346.72,0.45,0.39,2026-08-22,10:34:00,N21,nominal,2.0NRT,314.32,11.44,D,VIIRS
48.39338,37.31707,338.95,0.45,0.39,2026-08-22,10:34:00,N21,nominal,2.0NRT,313.55,8.77,D,VIIRS
48.41991,37.54885,342.41,0.46,0.39,2026-08-22,10:34:00,N21,nominal,2.0NRT,314.54,14.19,D,VIIRS
48.28972,36.47811,350.12,0.43,0.38,2026-08-22,10:34:00,N21,nominal,2.0NRT,313.84,8.99,D,VIIRS
48.41636,37.54986,338.52,0.46,0.39,2026-08-22,10:34:00,N21,nominal,2.0NRT,311.07,14.19,D,VIIRS
47.89456,33.60282,353.56,0.38,0.36,2026-08-22,10:34:00,N21,nominal,2.0NRT,321.37,14.6,D,VIIRS
48.4177,37.59424,346.07,0.46,0.39,2026-08-22,10:34:00,N21,nominal,2.0NRT,312.01,6.75,D,VIIRS
47.8913,33.6039,352.38,0.38,0.36,2026-08-22,10:34:00,N21,nominal,2.0NRT,316.92,14.6,D,VIIRS
48.38831,37.36808,342.16,0.45,0.39,2026-08-22,10:34:00,N21,nominal,2.0NRT,312.11,7.34,D,VIIRS
47.88805,33.60498,340.07,0.38,0.36,2026-08-22,10:34:00,N21,low,2.0NRT,314.6,6.72,D,VIIRS
48.40636,37.55891,344.14,0.46,0.39,2026-08-22,10:34:00,N21,nominal,2.0NRT,311.49,6.99,D,VIIRS
48.40706,37.56506,344.9,0.46,0.39,2026-08-22,10:34:00,N21,nominal,2.0NRT,314.14,13.01,D,VIIRS
48.45859,38.03047,343.42,0.48,0.4,2026-08-22,10:34:00,N21,nominal,2.0NRT,312.38,8.5,D,VIIRS
48.45495,38.03136,348.48,0.48,0.4,2026-08-22,10:34:00,N21,nominal,2.0NRT,314.73,8.5,D,VIIRS
48.45564,38.03769,337.7,0.48,0.4,2026-08-22,10:34:00,N21,low,2.0NRT,312.27,8.5,D,VIIRS
48.42978,37.83506,342.48,0.47,0.4,2026-08-22,10:34:00,N21,low,2.0NRT,317.3,9.09,D,VIIRS
48.34218,37.09516,342.53,0.44,0.39,2026-08-22,10:34:00,N21,nominal,2.0NRT,311.95,5.9,D,VIIRS
48.39217,37.53069,345.85,0.46,0.39,2026-08-22,10:34:00,N21,nominal,2.0NRT,313.67,14.92,D,VIIRS
48.44837,38.03951,337.02,0.48,0.4,2026-08-22,10:34:00,N21,low,2.0NRT,310.89,16.95,D,VIIRS
48.37464,37.44042,349.23,0.46,0.39,2026-08-22,10:34:00,N21,nominal,2.0NRT,314.88,9.86,D,VIIRS
48.4072,37.73109,339.25,0.47,0.39,2026-08-22,10:34:00,N21,low,2.0NRT,313.26,5.99,D,VIIRS
47.00489,36.15844,345.27,0.41,0.37,2026-08-22,10:34:00,N21,nominal,2.0NRT,315.05,5.11,D,VIIRS
46.96148,35.85239,345.2,0.4,0.37,2026-08-22,10:34:00,N21,low,2.0NRT,317.27,5.76,D,VIIRS
46.96217,35.85764,343.14,0.4,0.37,2026-08-22,10:34:00,N21,low,2.0NRT,317.86,5.76,D,VIIRS
46.5543,33.16328,337.32,0.38,0.36,2026-08-22,10:34:00,N21,nominal,2.0NRT,307.06,1.77,D,VIIRS
47.35738,34.04361,350.6,0.39,0.36,2026-08-22,10:34:00,N21,nominal,2.0NRT,313.2,5.75,D,VIIRS
47.80967,37.48582,367,0.45,0.39,2026-08-22,10:34:00,N21,high,2.0NRT,331.36,38.35,D,VIIRS
47.81321,37.48494,348.72,0.45,0.39,2026-08-22,10:34:00,N21,nominal,2.0NRT,317.1,38.35,D,VIIRS
47.81253,37.47895,347.56,0.45,0.39,2026-08-22,10:34:00,N21,nominal,2.0NRT,317.67,38.35,D,VIIRS
47.32814,33.80059,342.91,0.38,0.36,2026-08-22,10:34:00,N21,nominal,2.0NRT,312.54,3.14,D,VIIRS
47.85701,37.84208,354.83,0.46,0.39,2026-08-22,10:34:00,N21,nominal,2.0NRT,321.26,31.29,D,VIIRS
47.81538,37.47206,351.63,0.45,0.39,2026-08-22,10:34:00,N21,nominal,2.0NRT,319.86,83.8,D,VIIRS
47.33139,33.79953,351.89,0.38,0.36,2026-08-22,10:34:00,N21,nominal,2.0NRT,315.8,6.34,D,VIIRS
47.81823,37.46519,367,0.45,0.39,2026-08-22,10:34:00,N21,high,2.0NRT,331.25,83.8,D,VIIRS
47.30164,33.28983,310.34,0.38,0.36,2026-08-22,10:34:00,N21,low,2.0NRT,315.22,50.77,D,VIIRS
47.34372,33.56447,346.15,0.38,0.36,2026-08-22,10:34:00,N21,nominal,2.0NRT,314.66,6.34,D,VIIRS
47.82254,37.09945,349.14,0.44,0.38,2026-08-22,10:34:00,N21,low,2.0NRT,323.39,16.11,D,VIIRS
47.30241,33.29481,367,0.38,0.36,2026-08-22,10:34:00,N21,high,2.0NRT,344.52,66.62,D,VIIRS
47.29916,33.2959,367,0.38,0.36,2026-08-22,10:34:00,N21,low,2.0NRT,336.74,21.35,D,VIIRS
51.06536,30.86307,332.03,0.39,0.36,2026-08-22,10:34:00,N21,low,2.0NRT,306.36,4.47,D,VIIRS
51.51449,33.8542,334.41,0.4,0.37,2026-08-22,10:34:00,N21,low,2.0NRT,305.65,5.13,D,VIIRS
51.51781,33.85304,353.7,0.4,0.37,2026-08-22,10:34:00,N21,nominal,2.0NRT,313.73,18.85,D,VIIRS
51.51705,33.84738,336.39,0.4,0.37,2026-08-22,10:34:00,N21,low,2.0NRT,307.91,8.51,D,VIIRS
51.52188,33.85757,336.05,0.4,0.37,2026-08-22,10:34:00,N21,low,2.0NRT,309.1,18.85,D,VIIRS
51.52113,33.85189,345.03,0.4,0.37,2026-08-22,10:34:00,N21,nominal,2.0NRT,315.02,18.85,D,VIIRS
51.52445,33.85076,350.47,0.4,0.37,2026-08-22,10:34:00,N21,nominal,2.0NRT,310.59,7.33,D,VIIRS
50.84194,29.44125,333.64,0.4,0.37,2026-08-22,10:34:00,N21,nominal,2.0NRT,306,7.7,D,VIIRS
50.84097,29.43571,338.37,0.4,0.37,2026-08-22,10:34:00,N21,nominal,2.0NRT,302.71,6.19,D,VIIRS
51.52777,33.84962,333.26,0.4,0.37,2026-08-22,10:34:00,N21,low,2.0NRT,304.08,7.33,D,VIIRS
51.01063,30.2799,346.23,0.39,0.36,2026-08-22,10:34:00,N21,nominal,2.0NRT,309.37,8.03,D,VIIRS
51.00972,30.27447,331.51,0.39,0.36,2026-08-22,10:34:00,N21,low,2.0NRT,304.11,8.03,D,VIIRS
51.11341,29.76401,335.28,0.4,0.37,2026-08-22,10:34:00,N21,nominal,2.0NRT,303.24,2.69,D,VIIRS
51.35579,30.27325,351.04,0.39,0.36,2026-08-22,10:34:00,N21,nominal,2.0NRT,316.92,5.28,D,VIIRS
51.35489,30.2678,331.91,0.39,0.36,2026-08-22,10:34:00,N21,low,2.0NRT,305.44,5.28,D,VIIRS
51.19859,29.16197,334.25,0.4,0.37,2026-08-22,10:34:00,N21,nominal,2.0NRT,304.58,10.8,D,VIIRS
51.1956,29.14517,335.98,0.4,0.37,2026-08-22,10:34:00,N21,nominal,2.0NRT,306.25,5.26,D,VIIRS
51.20087,29.1549,367,0.4,0.37,2026-08-22,10:34:00,N21,high,2.0NRT,307.55,10.18,D,VIIRS
51.20187,29.16049,335.26,0.4,0.37,2026-08-22,10:34:00,N21,nominal,2.0NRT,304.68,10.18,D,VIIRS
51.08845,27.99562,355.06,0.43,0.38,2026-08-22,10:34:00,N21,nominal,2.0NRT,302.06,10.94,D,VIIRS
51.68429,30.58871,348.3,0.39,0.36,2026-08-22,10:34:00,N21,nominal,2.0NRT,307.99,7.47,D,VIIRS
51.68341,30.58326,331.09,0.39,0.36,2026-08-22,10:34:00,N21,nominal,2.0NRT,302.39,7.47,D,VIIRS
51.68752,30.58735,339.68,0.39,0.36,2026-08-22,10:34:00,N21,nominal,2.0NRT,303.32,5.69,D,VIIRS
51.76395,30.95631,330.69,0.38,0.36,2026-08-22,10:34:00,N21,low,2.0NRT,301.5,9.79,D,VIIRS
51.40508,28.75341,337.3,0.41,0.37,2026-08-22,10:34:00,N21,nominal,2.0NRT,302.9,5.3,D,VIIRS
51.40939,28.7576,333.15,0.41,0.37,2026-08-22,10:34:00,N21,low,2.0NRT,304.03,19.43,D,VIIRS
47.29993,33.30088,349.98,0.38,0.36,2026-08-22,10:34:00,N21,nominal,2.0NRT,312.73,21.35,D,VIIRS
47.81906,37.10038,343.09,0.44,0.38,2026-08-22,10:34:00,N21,low,2.0NRT,316.79,15.86,D,VIIRS
47.29592,33.29698,352.35,0.38,0.36,2026-08-22,10:34:00,N21,nominal,2.0NRT,319.42,21.35,D,VIIRS
47.29669,33.30197,354.46,0.38,0.36,2026-08-22,10:34:00,N21,nominal,2.0NRT,323.61,21.35,D,VIIRS
47.70854,36.23102,352.63,0.42,0.37,2026-08-22,10:34:00,N21,nominal,2.0NRT,321.57,40.64,D,VIIRS
47.29344,33.30305,355.28,0.38,0.36,2026-08-22,10:34:00,N21,low,2.0NRT,325.92,13.9,D,VIIRS
47.68067,36.04046,342.81,0.41,0.37,2026-08-22,10:34:00,N21,nominal,2.0NRT,313.31,2.91,D,VIIRS
47.70514,36.23199,350.79,0.42,0.37,2026-08-22,10:34:00,N21,nominal,2.0NRT,324.7,35.47,D,VIIRS
47.2902,33.30414,354.65,0.38,0.36,2026-08-22,10:34:00,N21,nominal,2.0NRT,321.08,13.9,D,VIIRS
47.8003,37.03363,340.22,0.44,0.38,2026-08-22,10:34:00,N21,low,2.0NRT,314.67,9.26,D,VIIRS
47.80099,37.03942,349.71,0.44,0.38,2026-08-22,10:34:00,N21,nominal,2.0NRT,317.88,9.26,D,VIIRS
47.79821,37.04617,348.35,0.44,0.38,2026-08-22,10:34:00,N21,nominal,2.0NRT,317.76,7.68,D,VIIRS
47.68518,36.15793,336.78,0.42,0.37,2026-08-22,10:34:00,N21,nominal,2.0NRT,311.13,1.77,D,VIIRS
47.84159,37.44694,336.48,0.45,0.39,2026-08-22,10:34:00,N21,low,2.0NRT,309.17,12.14,D,VIIRS
47.83806,37.44783,353.5,0.45,0.39,2026-08-22,10:34:00,N21,nominal,2.0NRT,327.63,18.88,D,VIIRS
47.83875,37.4538,336.99,0.45,0.39,2026-08-22,10:34:00,N21,low,2.0NRT,311.04,18.88,D,VIIRS
47.78572,37.00175,367,0.44,0.38,2026-08-22,10:34:00,N21,high,2.0NRT,338.8,104.69,D,VIIRS
47.78224,37.00264,367,0.44,0.38,2026-08-22,10:34:00,N21,low,2.0NRT,334.44,104.69,D,VIIRS
47.48901,34.7447,351.51,0.39,0.36,2026-08-22,10:34:00,N21,nominal,2.0NRT,313.22,4.16,D,VIIRS
47.83453,37.44873,351.16,0.45,0.39,2026-08-22,10:34:00,N21,nominal,2.0NRT,319.56,18.88,D,VIIRS
47.77596,37.01022,355.54,0.44,0.38,2026-08-22,10:34:00,N21,nominal,2.0NRT,319.92,32.25,D,VIIRS
47.82815,37.4565,343.62,0.45,0.39,2026-08-22,10:34:00,N21,low,2.0NRT,314.39,5.77,D,VIIRS
47.82462,37.4574,351.25,0.45,0.39,2026-08-22,10:34:00,N21,nominal,2.0NRT,318.02,42.4,D,VIIRS
47.8253,37.46337,345.4,0.45,0.39,2026-08-22,10:34:00,N21,low,2.0NRT,316.24,16.7,D,VIIRS
47.82177,37.46427,352.42,0.45,0.39,2026-08-22,10:34:00,N21,nominal,2.0NRT,320.32,16.7,D,VIIRS
47.8196,37.47716,350.18,0.45,0.39,2026-08-22,10:34:00,N21,nominal,2.0NRT,315.17,12.28,D,VIIRS
48.39573,37.72747,335.5,0.47,0.39,2026-08-22,10:34:00,N21,low,2.0NRT,310.42,2.65,D,VIIRS
48.47066,38.53698,333.82,0.5,0.41,2026-08-22,10:34:00,N21,low,2.0NRT,307.81,2.97,D,VIIRS
47.70751,32.8073,349.98,0.38,0.36,2026-08-22,10:34:00,N21,nominal,2.0NRT,319.5,10.21,D,VIIRS
48.36913,37.89552,352.48,0.47,0.4,2026-08-22,10:34:00,N21,nominal,2.0NRT,318.15,20.72,D,VIIRS
48.29395,37.29977,344.09,0.45,0.39,2026-08-22,10:34:00,N21,nominal,2.0NRT,313.88,6.15,D,VIIRS
48.2163,36.97709,346.34,0.44,0.38,2026-08-22,10:34:00,N21,nominal,2.0NRT,312.04,4.26,D,VIIRS
48.22448,37.13925,343.07,0.44,0.39,2026-08-22,10:34:00,N21,nominal,2.0NRT,314.22,10.63,D,VIIRS
48.29622,37.77208,337.04,0.47,0.39,2026-08-22,10:34:00,N21,low,2.0NRT,310.63,23.39,D,VIIRS
48.28903,37.77381,339.58,0.47,0.39,2026-08-22,10:34:00,N21,low,2.0NRT,310.07,43.28,D,VIIRS
48.28971,37.78004,348.71,0.47,0.39,2026-08-22,10:34:00,N21,nominal,2.0NRT,316.76,43.13,D,VIIRS
47.73992,33.57648,337.96,0.38,0.36,2026-08-22,10:34:00,N21,low,2.0NRT,310.87,1.71,D,VIIRS
48.19813,37.00639,343.05,0.44,0.38,2026-08-22,10:34:00,N21,low,2.0NRT,313.21,4.51,D,VIIRS
48.28543,37.77467,345.95,0.47,0.39,2026-08-22,10:34:00,N21,nominal,2.0NRT,311.2,8.78,D,VIIRS
48.2868,37.78713,346.52,0.47,0.39,2026-08-22,10:34:00,N21,nominal,2.0NRT,313.6,16.94,D,VIIRS
48.19463,37.0073,342.01,0.44,0.38,2026-08-22,10:34:00,N21,low,2.0NRT,313.76,4.51,D,VIIRS
48.28184,37.77554,347.21,0.47,0.39,2026-08-22,10:34:00,N21,nominal,2.0NRT,314.34,8.78,D,VIIRS
46.42624,34.90668,349.08,0.39,0.36,2026-08-22,10:34:00,N21,nominal,2.0NRT,314.22,6.91,D,VIIRS
46.42553,34.90168,355.41,0.39,0.36,2026-08-22,10:34:00,N21,nominal,2.0NRT,313.84,6.91,D,VIIRS
46.42481,34.89669,345.85,0.39,0.36,2026-08-22,10:34:00,N21,nominal,2.0NRT,312.55,4.62,D,VIIRS
46.28408,33.94291,334.49,0.38,0.36,2026-08-22,10:34:00,N21,nominal,2.0NRT,309.43,2.65,D,VIIRS
46.43352,34.90971,343.33,0.39,0.36,2026-08-22,10:34:00,N21,nominal,2.0NRT,313.29,3.87,D,VIIRS
46.29058,33.94085,347.26,0.38,0.36,2026-08-22,10:34:00,N21,nominal,2.0NRT,313.27,6.39,D,VIIRS
46.28983,33.93594,352.12,0.38,0.36,2026-08-22,10:34:00,N21,nominal,2.0NRT,313.41,7.76,D,VIIRS
46.28909,33.93104,348.66,0.38,0.36,2026-08-22,10:34:00,N21,nominal,2.0NRT,311.33,7.76,D,VIIRS
46.29383,33.93982,347.35,0.38,0.36,2026-08-22,10:34:00,N21,nominal,2.0NRT,311.21,6.39,D,VIIRS
46.29234,33.93001,347.38,0.38,0.36,2026-08-22,10:34:00,N21,nominal,2.0NRT,314.05,7.76,D,VIIRS
46.29159,33.92511,337.82,0.38,0.36,2026-08-22,10:34:00,N21,nominal,2.0NRT,312.42,5.71,D,VIIRS
47.47306,33.51359,338.92,0.38,0.36,2026-08-22,10:34:00,N21,low,2.0NRT,313.89,3.5,D,VIIRS
47.71098,35.1603,341.3,0.4,0.37,2026-08-22,10:34:00,N21,low,2.0NRT,315.09,36.41,D,VIIRS
47.71553,35.2188,342.15,0.4,0.37,2026-08-22,10:34:00,N21,low,2.0NRT,316.85,5.31,D,VIIRS
47.70435,35.1623,346.89,0.4,0.37,2026-08-22,10:34:00,N21,nominal,2.0NRT,319.74,9.82,D,VIIRS
49.23341,38.00076,346.62,0.48,0.4,2026-08-22,10:34:00,N21,nominal,2.0NRT,313.98,15.85,D,VIIRS
49.21434,37.78961,346.1,0.48,0.4,2026-08-22,10:34:00,N21,nominal,2.0NRT,309.3,11.44,D,VIIRS
49.21362,37.78308,333.58,0.48,0.4,2026-08-22,10:34:00,N21,low,2.0NRT,308.04,3.6,D,VIIRS
49.29963,37.96215,346.79,0.48,0.4,2026-08-22,10:34:00,N21,nominal,2.0NRT,311.15,14.1,D,VIIRS
49.31018,37.88491,345.35,0.48,0.4,2026-08-22,10:34:00,N21,nominal,2.0NRT,311.04,11.36,D,VIIRS
49.30875,37.87163,342.01,0.48,0.4,2026-08-22,10:34:00,N21,nominal,2.0NRT,310.59,6.71,D,VIIRS
49.3124,37.8707,344.05,0.48,0.4,2026-08-22,10:34:00,N21,nominal,2.0NRT,307.91,6.71,D,VIIRS
49.3117,37.86411,334.08,0.48,0.4,2026-08-22,10:34:00,N21,low,2.0NRT,308.56,6.71,D,VIIRS
49.02343,35.40229,336.36,0.41,0.37,2026-08-22,10:34:00,N21,nominal,2.0NRT,310.69,4.02,D,VIIRS
49.32017,37.70128,345.37,0.47,0.4,2026-08-22,10:34:00,N21,nominal,2.0NRT,308.39,6.87,D,VIIRS
48.01308,28.8812,343.22,0.44,0.39,2026-08-22,10:34:00,N21,nominal,2.0NRT,308.99,21.29,D,VIIRS
48.0131,28.88006,338.28,0.44,0.39,2026-08-22,10:34:00,N21,low,2.0NRT,311.01,23.34,D,VIIRS
49.37039,37.93136,333.16,0.48,0.4,2026-08-22,10:34:00,N21,low,2.0NRT,307.35,1.64,D,VIIRS
49.36726,37.83022,334.42,0.48,0.4,2026-08-22,10:34:00,N21,low,2.0NRT,308.22,6.16,D,VIIRS
49.38486,37.96197,334.46,0.49,0.4,2026-08-22,10:34:00,N21,nominal,2.0NRT,308.19,2.86,D,VIIRS
49.36761,37.76298,338.03,0.48,0.4,2026-08-22,10:34:00,N21,nominal,2.0NRT,309.53,5.16,D,VIIRS
49.38494,37.78534,339.52,0.48,0.4,2026-08-22,10:34:00,N21,nominal,2.0NRT,311,8.37,D,VIIRS
49.38133,37.57956,353.4,0.47,0.4,2026-08-22,10:34:00,N21,nominal,2.0NRT,316.3,21.02,D,VIIRS
48.62725,31.99643,341.31,0.39,0.36,2026-08-22,10:34:00,N21,nominal,2.0NRT,314.47,7.15,D,VIIRS
49.38494,37.57858,348.59,0.47,0.4,2026-08-22,10:34:00,N21,nominal,2.0NRT,307.1,9.12,D,VIIRS
48.63049,31.99523,342.52,0.39,0.36,2026-08-22,10:34:00,N21,nominal,2.0NRT,312.05,2.54,D,VIIRS
49.40852,37.69235,334.52,0.48,0.4,2026-08-22,10:34:00,N21,low,2.0NRT,309.35,3.04,D,VIIRS
49.40781,37.68587,337.08,0.48,0.4,2026-08-22,10:34:00,N21,nominal,2.0NRT,307.96,3.04,D,VIIRS
49.43907,37.94106,341.05,0.49,0.4,2026-08-22,10:34:00,N21,low,2.0NRT,311.45,10.53,D,VIIRS
49.41074,37.67847,336.17,0.48,0.4,2026-08-22,10:34:00,N21,nominal,2.0NRT,308.34,4.58,D,VIIRS
49.44701,37.98029,342.51,0.49,0.4,2026-08-22,10:34:00,N21,nominal,2.0NRT,308.09,5.28,D,VIIRS
46.24084,29.99626,341.88,0.44,0.38,2026-08-22,10:34:00,N21,low,2.0NRT,313.22,21.83,D,VIIRS
47.19935,35.53511,350.59,0.4,0.37,2026-08-22,10:34:00,N21,nominal,2.0NRT,317.32,13.88,D,VIIRS
47.20338,35.53937,343.84,0.4,0.37,2026-08-22,10:34:00,N21,low,2.0NRT,314.31,3.08,D,VIIRS
46.99184,34.04987,344.89,0.39,0.36,2026-08-22,10:34:00,N21,nominal,2.0NRT,312.89,4.61,D,VIIRS
47.31032,36.27037,351.67,0.41,0.37,2026-08-22,10:34:00,N21,nominal,2.0NRT,316.4,8.48,D,VIIRS
47.16475,35.06365,351.26,0.39,0.36,2026-08-22,10:34:00,N21,nominal,2.0NRT,316.19,8.92,D,VIIRS
47.16806,35.06265,347.64,0.39,0.36,2026-08-22,10:34:00,N21,nominal,2.0NRT,315.31,8.92,D,VIIRS
47.43961,37.15659,343.03,0.44,0.38,2026-08-22,10:34:00,N21,low,2.0NRT,314.86,9.87,D,VIIRS
47.53377,37.71978,338.43,0.46,0.39,2026-08-22,10:34:00,N21,low,2.0NRT,312.16,6.27,D,VIIRS
47.05606,33.97421,350.1,0.38,0.36,2026-08-22,10:34:00,N21,nominal,2.0NRT,316.23,8.94,D,VIIRS
47.11679,34.3164,367,0.39,0.36,2026-08-22,10:34:00,N21,high,2.0NRT,321.08,16.66,D,VIIRS
47.17099,34.66835,345.12,0.39,0.36,2026-08-22,10:34:00,N21,nominal,2.0NRT,314.75,11.17,D,VIIRS
47.27938,35.34653,339.38,0.4,0.37,2026-08-22,10:34:00,N21,nominal,2.0NRT,311.5,2.03,D,VIIRS
47.45374,36.62699,354.34,0.42,0.38,2026-08-22,10:34:00,N21,nominal,2.0NRT,316.63,13.75,D,VIIRS
46.7506,31.75954,348.09,0.4,0.37,2026-08-22,10:34:00,N21,nominal,2.0NRT,317.58,5.52,D,VIIRS
47.37038,35.67713,355.19,0.4,0.37,2026-08-22,10:34:00,N21,nominal,2.0NRT,318.43,10.05,D,VIIRS
47.37442,35.68145,348.99,0.4,0.37,2026-08-22,10:34:00,N21,nominal,2.0NRT,318.71,9.79,D,VIIRS
47.46146,36.21842,344.36,0.41,0.37,2026-08-22,10:34:00,N21,low,2.0NRT,319.25,48.27,D,VIIRS
47.46824,36.21656,347.53,0.41,0.37,2026-08-22,10:34:00,N21,low,2.0NRT,320.82,55.98,D,VIIRS
47.46755,36.21111,367,0.41,0.37,2026-08-22,10:34:00,N21,low,2.0NRT,330.58,55.98,D,VIIRS
47.27838,34.77614,349.67,0.39,0.36,2026-08-22,10:34:00,N21,nominal,2.0NRT,314.04,6.66,D,VIIRS
47.42106,35.64042,343.74,0.4,0.37,2026-08-22,10:34:00,N21,low,2.0NRT,317.63,7.3,D,VIIRS
47.31076,34.83551,348.4,0.39,0.36,2026-08-22,10:34:00,N21,nominal,2.0NRT,315.19,7.22,D,VIIRS
47.31004,34.83039,348.9,0.39,0.36,2026-08-22,10:34:00,N21,nominal,2.0NRT,318.54,20.98,D,VIIRS
47.59961,37.01813,342.68,0.44,0.38,2026-08-22,10:34:00,N21,nominal,2.0NRT,316.32,4.32,D,VIIRS
47.36802,35.04823,341.18,0.39,0.37,2026-08-22,10:34:00,N21,low,2.0NRT,314.92,5.96,D,VIIRS
47.37606,35.05655,342.94,0.39,0.37,2026-08-22,10:34:00,N21,nominal,2.0NRT,312.5,4.16,D,VIIRS
47.28036,34.38346,347.38,0.39,0.36,2026-08-22,10:34:00,N21,nominal,2.0NRT,312.26,4.34,D,VIIRS
47.11284,33.26857,343.08,0.38,0.36,2026-08-22,10:34:00,N21,low,2.0NRT,315.34,3.49,D,VIIRS
47.67963,37.29519,346.59,0.44,0.39,2026-08-22,10:34:00,N21,low,2.0NRT,320.98,20.85,D,VIIRS
47.46603,35.5765,345.03,0.4,0.37,2026-08-22,10:34:00,N21,nominal,2.0NRT,319.82,20.58,D,VIIRS
47.52457,35.86336,347.64,0.41,0.37,2026-08-22,10:34:00,N21,nominal,2.0NRT,318.25,8.47,D,VIIRS
47.67618,36.90224,344.24,0.43,0.38,2026-08-22,10:34:00,N21,nominal,2.0NRT,316.58,11.89,D,VIIRS
47.23676,33.64952,341.42,0.38,0.36,2026-08-22,10:34:00,N21,low,2.0NRT,313.36,6.5,D,VIIRS
47.2385,33.63847,341.75,0.38,0.36,2026-08-22,10:34:00,N21,low,2.0NRT,313.29,3.83,D,VIIRS
47.24326,33.64739,346.18,0.38,0.36,2026-08-22,10:34:00,N21,nominal,2.0NRT,314.78,8.97,D,VIIRS
47.24576,33.64134,344.85,0.38,0.36,2026-08-22,10:34:00,N21,low,2.0NRT,315.97,6.81,D,VIIRS
47.245,33.63634,340.08,0.38,0.36,2026-08-22,10:34:00,N21,low,2.0NRT,312.54,6.81,D,VIIRS
47.33925,34.24699,343.89,0.39,0.36,2026-08-22,10:34:00,N21,low,2.0NRT,315.25,3.76,D,VIIRS
47.24825,33.63528,347.63,0.38,0.36,2026-08-22,10:34:00,N21,low,2.0NRT,318.19,6.81,D,VIIRS
47.24999,33.62423,367,0.38,0.36,2026-08-22,10:34:00,N21,high,2.0NRT,347.69,58.41,D,VIIRS
46.36612,34.21561,336.05,0.38,0.36,2026-08-22,10:34:00,N21,nominal,2.0NRT,310.51,3.97,D,VIIRS
46.49401,34.9513,336.79,0.39,0.36,2026-08-22,10:34:00,N21,nominal,2.0NRT,311.7,2.25,D,VIIRS
46.39558,34.24981,347.73,0.39,0.36,2026-08-22,10:34:00,N21,nominal,2.0NRT,310.68,3.9,D,VIIRS
46.39484,34.24488,335,0.39,0.36,2026-08-22,10:34:00,N21,low,2.0NRT,309.55,1.65,D,VIIRS
46.39883,34.24879,350.91,0.39,0.36,2026-08-22,10:34:00,N21,nominal,2.0NRT,311.11,5.34,D,VIIRS
46.3981,34.24386,349.14,0.39,0.36,2026-08-22,10:34:00,N21,nominal,2.0NRT,311.16,3.23,D,VIIRS
46.39737,34.23893,336.57,0.38,0.36,2026-08-22,10:34:00,N21,nominal,2.0NRT,311.37,3.23,D,VIIRS
46.40136,34.24284,339.59,0.39,0.36,2026-08-22,10:34:00,N21,nominal,2.0NRT,310.52,3.23,D,VIIRS
45.54093,28.99539,348.82,0.48,0.4,2026-08-22,10:34:00,N21,nominal,2.0NRT,313.35,14.34,D,VIIRS
45.54448,28.99394,347.27,0.48,0.4,2026-08-22,10:34:00,N21,nominal,2.0NRT,310.44,7.56,D,VIIRS
45.62265,29.36876,348.1,0.47,0.39,2026-08-22,10:34:00,N21,nominal,2.0NRT,314.64,10.09,D,VIIRS
45.439,28.31726,340.53,0.51,0.41,2026-08-22,10:34:00,N21,nominal,2.0NRT,310.75,3.04,D,VIIRS
45.77049,29.78712,344.34,0.45,0.39,2026-08-22,10:34:00,N21,low,2.0NRT,314.57,6.24,D,VIIRS
46.85958,36.47488,344.89,0.42,0.37,2026-08-22,10:34:00,N21,nominal,2.0NRT,316.73,9.19,D,VIIRS
46.80077,35.99456,346.29,0.41,0.37,2026-08-22,10:34:00,N21,nominal,2.0NRT,315.73,5.17,D,VIIRS
46.88485,36.53523,347.01,0.42,0.37,2026-08-22,10:34:00,N21,nominal,2.0NRT,315.32,7.18,D,VIIRS
46.88825,36.53429,347.28,0.42,0.37,2026-08-22,10:34:00,N21,nominal,2.0NRT,315.24,7.18,D,VIIRS
46.69516,35.09333,345.48,0.39,0.36,2026-08-22,10:34:00,N21,low,2.0NRT,315.68,7.51,D,VIIRS
46.89096,36.52792,344.14,0.42,0.37,2026-08-22,10:34:00,N21,low,2.0NRT,317.72,12.77,D,VIIRS
46.88957,36.51705,349.3,0.42,0.37,2026-08-22,10:34:00,N21,nominal,2.0NRT,318.08,124.14,D,VIIRS
46.69845,35.09234,346.69,0.39,0.36,2026-08-22,10:34:00,N21,nominal,2.0NRT,315.84,7.9,D,VIIRS
46.89297,36.51609,367,0.42,0.37,2026-08-22,10:34:00,N21,high,2.0NRT,346.68,124.14,D,VIIRS
46.70174,35.09136,347.95,0.39,0.36,2026-08-22,10:34:00,N21,nominal,2.0NRT,315.98,7.9,D,VIIRS
46.54331,34.00443,347.97,0.38,0.36,2026-08-22,10:34:00,N21,nominal,2.0NRT,311.43,6.2,D,VIIRS
46.54257,33.99949,339.4,0.38,0.36,2026-08-22,10:34:00,N21,nominal,2.0NRT,310.18,6.2,D,VIIRS
46.54657,34.0034,343.38,0.38,0.36,2026-08-22,10:34:00,N21,nominal,2.0NRT,310.06,5.84,D,VIIRS
46.54582,33.99846,354.07,0.38,0.36,2026-08-22,10:34:00,N21,nominal,2.0NRT,311.61,5.84,D,VIIRS
46.54508,33.99353,348.74,0.38,0.36,2026-08-22,10:34:00,N21,nominal,2.0NRT,309,7.79,D,VIIRS
46.54908,33.99743,348.36,0.38,0.36,2026-08-22,10:34:00,N21,nominal,2.0NRT,310.55,5.84,D,VIIRS
46.54833,33.9925,355.02,0.38,0.36,2026-08-22,10:34:00,N21,nominal,2.0NRT,313.56,7.79,D,VIIRS
46.54759,33.98756,340.78,0.38,0.36,2026-08-22,10:34:00,N21,nominal,2.0NRT,310.4,7.79,D,VIIRS
48.28664,37.81935,344.43,0.47,0.4,2026-08-22,10:34:00,N21,nominal,2.0NRT,313.48,18.11,D,VIIRS
48.28374,37.82658,338.35,0.47,0.4,2026-08-22,10:34:00,N21,nominal,2.0NRT,311.41,59.9,D,VIIRS
48.28304,37.82024,367,0.47,0.4,2026-08-22,10:34:00,N21,high,2.0NRT,345.09,59.9,D,VIIRS
48.19864,37.10356,346.95,0.44,0.39,2026-08-22,10:34:00,N21,nominal,2.0NRT,312.7,6.32,D,VIIRS
48.27945,37.82114,355.86,0.47,0.4,2026-08-22,10:34:00,N21,nominal,2.0NRT,314.63,59.9,D,VIIRS
48.38326,38.81347,346.83,0.51,0.41,2026-08-22,10:34:00,N21,nominal,2.0NRT,313.19,19.39,D,VIIRS
48.37951,38.8143,352.14,0.51,0.41,2026-08-22,10:34:00,N21,nominal,2.0NRT,315.07,12.39,D,VIIRS
48.38018,38.821040000000004,348.07,0.51,0.41,2026-08-22,10:34:00,N21,nominal,2.0NRT,314.2,12.39,D,VIIRS
48.37577,38.81519,339.05,0.51,0.41,2026-08-22,10:34:00,N21,low,2.0NRT,312.67,12.39,D,VIIRS
48.21134,37.3088,340.27,0.45,0.39,2026-08-22,10:34:00,N21,low,2.0NRT,313.42,5.61,D,VIIRS
48.20303,37.26773,342.55,0.45,0.39,2026-08-22,10:34:00,N21,nominal,2.0NRT,316.36,17.39,D,VIIRS
48.37922,38.81509,352.27,0.51,0.41,2026-08-22,10:34:00,N21,nominal,2.0NRT,316.3,11.41,D,VIIRS
48.37991,38.82182,347.8,0.51,0.41,2026-08-22,10:34:00,N21,nominal,2.0NRT,313.94,16.46,D,VIIRS
48.37547,38.81598,338.3,0.51,0.41,2026-08-22,10:34:00,N21,low,2.0NRT,312.69,11.41,D,VIIRS
48.18423,37.19442,346.5,0.45,0.39,2026-08-22,10:34:00,N21,nominal,2.0NRT,312.34,5.49,D,VIIRS
47.73434,33.86175,343.27,0.39,0.36,2026-08-22,10:34:00,N21,nominal,2.0NRT,316.14,3.69,D,VIIRS
48.20375,37.45528,346.11,0.45,0.39,2026-08-22,10:34:00,N21,low,2.0NRT,316.47,19.77,D,VIIRS
48.20021,37.45623,347.67,0.45,0.39,2026-08-22,10:34:00,N21,nominal,2.0NRT,315.05,7.34,D,VIIRS
47.95669,35.54592,343.41,0.41,0.37,2026-08-22,10:34:00,N21,nominal,2.0NRT,313.64,7.37,D,VIIRS
48.17284,37.31414,351.38,0.45,0.39,2026-08-22,10:34:00,N21,nominal,2.0NRT,317.98,13.81,D,VIIRS
48.30145,38.50915,340.3,0.49,0.41,2026-08-22,10:34:00,N21,low,2.0NRT,311.93,6.96,D,VIIRS
48.04519,36.31519,347.87,0.42,0.38,2026-08-22,10:34:00,N21,nominal,2.0NRT,317.02,11.84,D,VIIRS
48.16634,37.38388,367,0.45,0.39,2026-08-22,10:34:00,N21,high,2.0NRT,343.05,144.09,D,VIIRS
48.07681,36.65789,341.59,0.43,0.38,2026-08-22,10:34:00,N21,nominal,2.0NRT,312.95,5.34,D,VIIRS
48.16281,37.3848,347.15,0.45,0.39,2026-08-22,10:34:00,N21,nominal,2.0NRT,313.68,9.31,D,VIIRS
47.95881,35.77491,343.95,0.41,0.37,2026-08-22,10:34:00,N21,low,2.0NRT,317.18,4.66,D,VIIRS
47.95951,35.78033,347.04,0.41,0.37,2026-08-22,10:34:00,N21,low,2.0NRT,319.85,4.66,D,VIIRS
48.11629,37.07814,346.75,0.44,0.38,2026-08-22,10:34:00,N21,nominal,2.0NRT,315.42,5.68,D,VIIRS
48.11417,37.09084,342.72,0.44,0.39,2026-08-22,10:34:00,N21,low,2.0NRT,317.45,16.97,D,VIIRS
48.10929,37.07996,349.83,0.44,0.38,2026-08-22,10:34:00,N21,nominal,2.0NRT,318.1,12.58,D,VIIRS
48.06025,36.69788,345.99,0.43,0.38,2026-08-22,10:34:00,N21,nominal,2.0NRT,313.02,7.64,D,VIIRS
48.06923,36.77256,346.2,0.43,0.38,2026-08-22,10:34:00,N21,nominal,2.0NRT,320.01,17.2,D,VIIRS
48.08774,37.01915,346.06,0.44,0.38,2026-08-22,10:34:00,N21,nominal,2.0NRT,313.09,4.58,D,VIIRS
48.13989,37.47166,337.05,0.45,0.39,2026-08-22,10:34:00,N21,low,2.0NRT,311.7,5.08,D,VIIRS
47.40593,32.21653,345.21,0.39,0.36,2026-08-22,10:34:00,N21,low,2.0NRT,317.73,10.33,D,VIIRS
47.96125,36.23145,341.14,0.42,0.38,2026-08-22,10:34:00,N21,low,2.0NRT,313.68,11.86,D,VIIRS
47.95644,36.22132,344.16,0.42,0.38,2026-08-22,10:34:00,N21,nominal,2.0NRT,313.61,5.04,D,VIIRS
47.84865,35.47469,338.64,0.4,0.37,2026-08-22,10:34:00,N21,low,2.0NRT,312.41,3.36,D,VIIRS
48.01986,36.81755,344.33,0.43,0.38,2026-08-22,10:34:00,N21,low,2.0NRT,315.37,7.33,D,VIIRS
48.00802,36.77901,345.78,0.43,0.38,2026-08-22,10:34:00,N21,nominal,2.0NRT,313.84,8.28,D,VIIRS
47.73977,34.75445,351.24,0.39,0.36,2026-08-22,10:34:00,N21,nominal,2.0NRT,315.77,6.35,D,VIIRS
47.89877,36.10002,367,0.42,0.37,2026-08-22,10:34:00,N21,low,2.0NRT,333.08,53.99,D,VIIRS
47.89947,36.10554,367,0.42,0.37,2026-08-22,10:34:00,N21,low,2.0NRT,327.46,39.82,D,VIIRS
47.98516,36.79698,344.45,0.43,0.38,2026-08-22,10:34:00,N21,nominal,2.0NRT,313.84,10.63,D,VIIRS
47.83994,35.6716,348.64,0.41,0.37,2026-08-22,10:34:00,N21,nominal,2.0NRT,315.93,7.54,D,VIIRS
47.89537,36.10098,335.4,0.42,0.37,2026-08-22,10:34:00,N21,nominal,2.0NRT,309.75,53.99,D,VIIRS
47.89607,36.10649,349.27,0.42,0.37,2026-08-22,10:34:00,N21,nominal,2.0NRT,317.57,39.82,D,VIIRS
47.83588,35.66719,346.11,0.41,0.37,2026-08-22,10:34:00,N21,nominal,2.0NRT,311.84,53.07,D,VIIRS
47.83658,35.67257,348.18,0.41,0.37,2026-08-22,10:34:00,N21,nominal,2.0NRT,314.8,22.29,D,VIIRS
47.95606,36.64532,339.73,0.43,0.38,2026-08-22,10:34:00,N21,low,2.0NRT,312.95,3.53,D,VIIRS
47.83252,35.66817,367,0.41,0.37,2026-08-22,10:34:00,N21,high,2.0NRT,338.92,53.07,D,VIIRS
47.82987,35.67452,343.09,0.41,0.37,2026-08-22,10:34:00,N21,nominal,2.0NRT,315.63,19.06,D,VIIRS
47.83057,35.67989,350.53,0.41,0.37,2026-08-22,10:34:00,N21,low,2.0NRT,324.79,19.06,D,VIIRS
47.98693,37.11431,337.15,0.44,0.38,2026-08-22,10:34:00,N21,low,2.0NRT,312.03,6.48,D,VIIRS
47.87257,36.19904,336.14,0.42,0.37,2026-08-22,10:34:00,N21,low,2.0NRT,310.83,7.44,D,VIIRS
48.84943,38.74759,367,0.51,0.41,2026-08-22,10:34:00,N21,high,2.0NRT,334.43,200.19,D,VIIRS
48.84873,38.74065,367,0.51,0.41,2026-08-22,10:34:00,N21,high,2.0NRT,338.02,276.5,D,VIIRS
48.84925,38.66993,367,0.51,0.41,2026-08-22,10:34:00,N21,low,2.0NRT,325.81,47.04,D,VIIRS
48.85299,38.66903,367,0.51,0.41,2026-08-22,10:34:00,N21,high,2.0NRT,330.78,123.61,D,VIIRS
48.79095,37.7347,333.78,0.47,0.4,2026-08-22,10:34:00,N21,low,2.0NRT,308.71,2.63,D,VIIRS
48.81387,37.84056,341.92,0.47,0.4,2026-08-22,10:34:00,N21,nominal,2.0NRT,312.31,5,D,VIIRS
48.82161,37.87709,347.29,0.48,0.4,2026-08-22,10:34:00,N21,nominal,2.0NRT,314.27,7.7,D,VIIRS
48.81557,37.78601,339.78,0.47,0.4,2026-08-22,10:34:00,N21,nominal,2.0NRT,310.49,2.97,D,VIIRS
48.83508,37.93354,340.61,0.48,0.4,2026-08-22,10:34:00,N21,nominal,2.0NRT,312.82,5.23,D,VIIRS
47.91457,31.27954,339.03,0.4,0.37,2026-08-22,10:34:00,N21,nominal,2.0NRT,313.69,4.92,D,VIIRS
48.83735,37.91978,342.85,0.48,0.4,2026-08-22,10:34:00,N21,nominal,2.0NRT,313.09,13.7,D,VIIRS
48.85239,37.95576,339.32,0.48,0.4,2026-08-22,10:34:00,N21,low,2.0NRT,312.72,9.63,D,VIIRS
48.94011,38.65474,336.85,0.51,0.41,2026-08-22,10:34:00,N21,nominal,2.0NRT,311.15,5.66,D,VIIRS
48.94664,38.6815,367,0.51,0.41,2026-08-22,10:34:00,N21,high,2.0NRT,334.05,61.87,D,VIIRS
48.94386,38.65387,367,0.51,0.41,2026-08-22,10:34:00,N21,high,2.0NRT,316.31,17.77,D,VIIRS
48.95039,38.68063,344.08,0.51,0.41,2026-08-22,10:34:00,N21,nominal,2.0NRT,312.18,61.87,D,VIIRS
48.9497,38.67372,342.07,0.51,0.41,2026-08-22,10:34:00,N21,nominal,2.0NRT,313,61.87,D,VIIRS
48.949,38.66681,351.8,0.51,0.41,2026-08-22,10:34:00,N21,nominal,2.0NRT,321.52,25.1,D,VIIRS
48.9483,38.6599,351.19,0.51,0.41,2026-08-22,10:34:00,N21,nominal,2.0NRT,318.79,25.1,D,VIIRS
48.9476,38.653,353.62,0.51,0.41,2026-08-22,10:34:00,N21,nominal,2.0NRT,316.61,17.77,D,VIIRS
48.95275,38.66594,350.28,0.51,0.41,2026-08-22,10:34:00,N21,low,2.0NRT,328.63,56.26,D,VIIRS
48.95205,38.65903,367,0.51,0.41,2026-08-22,10:34:00,N21,low,2.0NRT,330.36,56.26,D,VIIRS
48.95135,38.65212,367,0.51,0.41,2026-08-22,10:34:00,N21,low,2.0NRT,327.92,77.79,D,VIIRS
48.9558,38.65816,338.6,0.51,0.41,2026-08-22,10:34:00,N21,nominal,2.0NRT,310.64,56.26,D,VIIRS
48.95509,38.65125,345.11,0.51,0.41,2026-08-22,10:34:00,N21,nominal,2.0NRT,313.48,77.79,D,VIIRS
48.68222,36.22564,346.58,0.42,0.38,2026-08-22,10:34:00,N21,nominal,2.0NRT,314.88,13.45,D,VIIRS
48.68081,36.2142,342.6,0.42,0.38,2026-08-22,10:34:00,N21,low,2.0NRT,314.51,9.97,D,VIIRS
48.68494,36.21894,367,0.42,0.38,2026-08-22,10:34:00,N21,low,2.0NRT,325.31,40.02,D,VIIRS
48.68423,36.21319,350.66,0.42,0.38,2026-08-22,10:34:00,N21,low,2.0NRT,327.03,40.02,D,VIIRS
48.88955,37.71568,346.05,0.47,0.4,2026-08-22,10:34:00,N21,nominal,2.0NRT,315.79,8.72,D,VIIRS
48.88391,37.63195,340.42,0.47,0.4,2026-08-22,10:34:00,N21,low,2.0NRT,312.79,7.82,D,VIIRS
48.92091,37.93251,353.2,0.48,0.4,2026-08-22,10:34:00,N21,nominal,2.0NRT,316.04,22.81,D,VIIRS
48.88966,37.61718,351.51,0.47,0.39,2026-08-22,10:34:00,N21,nominal,2.0NRT,312.17,15.34,D,VIIRS
48.89325,37.61621,338.34,0.47,0.39,2026-08-22,10:34:00,N21,nominal,2.0NRT,309.17,4.21,D,VIIRS
44.98639,34.061,337.82,0.38,0.36,2026-08-22,10:34:00,N21,nominal,2.0NRT,312.25,5.95,D,VIIRS
45.31914,36.36421,342.38,0.4,0.37,2026-08-22,10:34:00,N21,low,2.0NRT,314.27,3.76,D,VIIRS
45.3158,36.36516,340.09,0.4,0.37,2026-08-22,10:34:00,N21,low,2.0NRT,313.76,3.93,D,VIIRS
49.00392,38.60421,347.4,0.51,0.41,2026-08-22,10:34:00,N21,nominal,2.0NRT,310.61,7.85,D,VIIRS
48.92611,37.87784,347.07,0.48,0.4,2026-08-22,10:34:00,N21,nominal,2.0NRT,316.42,9.79,D,VIIRS
48.89026,37.61596,347.62,0.47,0.4,2026-08-22,10:34:00,N21,nominal,2.0NRT,312.84,17.97,D,VIIRS
48.93327,37.94861,340.17,0.48,0.4,2026-08-22,10:34:00,N21,nominal,2.0NRT,310.46,14.12,D,VIIRS
48.92569,37.87702,342.15,0.48,0.4,2026-08-22,10:34:00,N21,nominal,2.0NRT,316.16,4.64,D,VIIRS
48.53322,34.64777,335.81,0.4,0.37,2026-08-22,10:34:00,N21,low,2.0NRT,310.18,2.36,D,VIIRS
49.00423,38.60366,345.61,0.51,0.41,2026-08-22,10:34:00,N21,nominal,2.0NRT,310.21,5.92,D,VIIRS
48.92933,37.87609,342.16,0.48,0.4,2026-08-22,10:34:00,N21,nominal,2.0NRT,314.32,4.64,D,VIIRS
48.92514,37.69867,337.5,0.47,0.4,2026-08-22,10:34:00,N21,low,2.0NRT,311.8,8.2,D,VIIRS
48.97104,38.09371,345.19,0.49,0.4,2026-08-22,10:34:00,N21,low,2.0NRT,318.83,28.52,D,VIIRS
48.9518,37.87692,347.34,0.48,0.4,2026-08-22,10:34:00,N21,nominal,2.0NRT,318.33,15.15,D,VIIRS
48.98284,37.9225,346.19,0.48,0.4,2026-08-22,10:34:00,N21,nominal,2.0NRT,316.37,20.66,D,VIIRS
48.98648,37.92162,338.81,0.48,0.4,2026-08-22,10:34:00,N21,low,2.0NRT,313.27,20.66,D,VIIRS
48.96687,37.74088,348.5,0.47,0.4,2026-08-22,10:34:00,N21,nominal,2.0NRT,318.98,10.89,D,VIIRS
48.99507,37.96664,345.23,0.48,0.4,2026-08-22,10:34:00,N21,nominal,2.0NRT,310.32,5.44,D,VIIRS
48.96417,37.68242,354.98,0.47,0.4,2026-08-22,10:34:00,N21,nominal,2.0NRT,318.42,19.88,D,VIIRS
48.88333,36.93749,367,0.45,0.39,2026-08-22,10:34:00,N21,high,2.0NRT,331.52,154.76,D,VIIRS
48.99871,37.9657,345.62,0.48,0.4,2026-08-22,10:34:00,N21,nominal,2.0NRT,310.63,5.44,D,VIIRS
49.01499,38.0826,341.75,0.49,0.4,2026-08-22,10:34:00,N21,nominal,2.0NRT,312.83,6.21,D,VIIRS
49.00267,37.86407,347.67,0.48,0.4,2026-08-22,10:34:00,N21,nominal,2.0NRT,314.38,9.9,D,VIIRS
49.0063,37.86317,335.7,0.48,0.4,2026-08-22,10:34:00,N21,nominal,2.0NRT,310.18,1.59,D,VIIRS
49.04835,38.18335,332.54,0.49,0.4,2026-08-22,10:34:00,N21,low,2.0NRT,305.96,4.14,D,VIIRS
49.03083,37.950920000000004,345.89,0.48,0.4,2026-08-22,10:34:00,N21,nominal,2.0NRT,309.38,23.36,D,VIIRS
49.03393,37.95017,342.3,0.48,0.4,2026-08-22,10:34:00,N21,nominal,2.0NRT,311.49,23.93,D,VIIRS
49.05241,38.01915,339.41,0.48,0.4,2026-08-22,10:34:00,N21,low,2.0NRT,312.72,11.55,D,VIIRS
48.54245,33.72199,345.64,0.39,0.36,2026-08-22,10:34:00,N21,nominal,2.0NRT,310.28,5.34,D,VIIRS
49.12666,37.87266,342.94,0.48,0.4,2026-08-22,10:34:00,N21,nominal,2.0NRT,310.78,11.71,D,VIIRS
48.78534,35.01276,333.21,0.4,0.37,2026-08-22,10:34:00,N21,nominal,2.0NRT,306.75,1.27,D,VIIRS
49.16475,38.12048,341.42,0.49,0.4,2026-08-22,10:34:00,N21,nominal,2.0NRT,311.24,11.7,D,VIIRS
49.14475,37.93549,347.48,0.48,0.4,2026-08-22,10:34:00,N21,nominal,2.0NRT,314.82,9.88,D,VIIRS
49.04131,37.01963,340.79,0.45,0.39,2026-08-22,10:34:00,N21,low,2.0NRT,314.59,7.62,D,VIIRS
49.16914,38.12621,340.09,0.49,0.4,2026-08-22,10:34:00,N21,low,2.0NRT,311.88,11.7,D,VIIRS
49.16843,38.11958,347.21,0.49,0.4,2026-08-22,10:34:00,N21,low,2.0NRT,317.54,11.7,D,VIIRS
49.1668,38.11929,351.38,0.49,0.4,2026-08-22,10:34:00,N21,nominal,2.0NRT,317.53,17.37,D,VIIRS
49.14751,37.93392,338.29,0.48,0.4,2026-08-22,10:34:00,N21,low,2.0NRT,311.04,5.94,D,VIIRS
49.04803,37.02288,346.38,0.45,0.39,2026-08-22,10:34:00,N21,nominal,2.0NRT,312.08,11.24,D,VIIRS
49.17048,38.11838,336.14,0.49,0.4,2026-08-22,10:34:00,N21,low,2.0NRT,309.19,17.37,D,VIIRS
49.1517,37.8319,344.63,0.48,0.4,2026-08-22,10:34:00,N21,nominal,2.0NRT,308.54,10.77,D,VIIRS
48.92334,35.82853,347.77,0.42,0.37,2026-08-22,10:34:00,N21,nominal,2.0NRT,314.62,8.32,D,VIIRS
49.12702,37.53433,352.13,0.47,0.39,2026-08-22,10:34:00,N21,nominal,2.0NRT,317.5,62.79,D,VIIRS
49.17966,37.91914,342.69,0.48,0.4,2026-08-22,10:34:00,N21,nominal,2.0NRT,310.04,4.45,D,VIIRS
49.20303,38.06913,338.2,0.49,0.4,2026-08-22,10:34:00,N21,low,2.0NRT,310.22,5.47,D,VIIRS
49.17365,37.79291,348.89,0.48,0.4,2026-08-22,10:34:00,N21,nominal,2.0NRT,312.2,11.66,D,VIIRS
49.16387,37.70242,344.7,0.47,0.4,2026-08-22,10:34:00,N21,nominal,2.0NRT,311.16,4.84,D,VIIRS
49.16316,37.69588,335.18,0.47,0.4,2026-08-22,10:34:00,N21,nominal,2.0NRT,309.57,4.84,D,VIIRS
49.2067,38.06822,344.28,0.49,0.4,2026-08-22,10:34:00,N21,nominal,2.0NRT,311.31,23.42,D,VIIRS
49.16748,37.70145,349.64,0.47,0.4,2026-08-22,10:34:00,N21,nominal,2.0NRT,315.02,20.32,D,VIIRS
49.20285,37.96085,334.5,0.48,0.4,2026-08-22,10:34:00,N21,low,2.0NRT,309.37,5.51,D,VIIRS
49.2118,37.90426,341.9,0.48,0.4,2026-08-22,10:34:00,N21,low,2.0NRT,312.71,9.86,D,VIIRS
49.23045,38.0082,352.16,0.49,0.4,2026-08-22,10:34:00,N21,nominal,2.0NRT,312.94,15.85,D,VIIRS
44.52818,34.13255,354.58,0.38,0.36,2026-08-22,10:34:00,N21,nominal,2.0NRT,306.61,7.99,D,VIIRS
44.52345,34.12407,331.5,0.38,0.36,2026-08-22,10:34:00,N21,low,2.0NRT,304.94,5.23,D,VIIRS
44.52418,34.12879,334.74,0.38,0.36,2026-08-22,10:34:00,N21,low,2.0NRT,308.03,7.99,D,VIIRS
47.94706,36.80723,341.95,0.43,0.38,2026-08-22,10:34:00,N21,nominal,2.0NRT,315.65,4.67,D,VIIRS
47.98412,37.12107,346.7,0.44,0.38,2026-08-22,10:34:00,N21,nominal,2.0NRT,315.34,6.48,D,VIIRS
48.01012,37.34617,338,0.45,0.39,2026-08-22,10:34:00,N21,low,2.0NRT,312.81,7.2,D,VIIRS
48.1043,38.1988,345.79,0.48,0.4,2026-08-22,10:34:00,N21,nominal,2.0NRT,310.79,13.03,D,VIIRS
47.48775,33.51754,342.47,0.38,0.36,2026-08-22,10:34:00,N21,low,2.0NRT,314.18,7.85,D,VIIRS
47.64685,34.60601,343.32,0.39,0.36,2026-08-22,10:34:00,N21,low,2.0NRT,313.71,5.99,D,VIIRS
47.64757,34.61115,352.07,0.39,0.36,2026-08-22,10:34:00,N21,nominal,2.0NRT,312.89,5.99,D,VIIRS
47.64427,34.60835,340.37,0.39,0.36,2026-08-22,10:34:00,N21,nominal,2.0NRT,313.46,5.27,D,VIIRS
47.645,34.61347,347.73,0.39,0.36,2026-08-22,10:34:00,N21,nominal,2.0NRT,317.95,9.51,D,VIIRS
47.64099,34.60937,347.69,0.39,0.36,2026-08-22,10:34:00,N21,nominal,2.0NRT,312.45,5.27,D,VIIRS
47.64171,34.61449,352.31,0.39,0.36,2026-08-22,10:34:00,N21,nominal,2.0NRT,316.58,9.51,D,VIIRS
47.71573,35.16977,340.15,0.4,0.37,2026-08-22,10:34:00,N21,low,2.0NRT,314.27,6.97,D,VIIRS
47.25075,33.62922,348.17,0.38,0.36,2026-08-22,10:34:00,N21,nominal,2.0NRT,317.22,58.41,D,VIIRS
47.25551,33.63814,341.58,0.38,0.36,2026-08-22,10:34:00,N21,low,2.0NRT,315.15,4.95,D,VIIRS
47.25324,33.62317,351,0.38,0.36,2026-08-22,10:34:00,N21,nominal,2.0NRT,313.11,58.41,D,VIIRS
47.25725,33.62709,349.69,0.38,0.36,2026-08-22,10:34:00,N21,nominal,2.0NRT,315.76,6.21,D,VIIRS
47.25649,33.6221,349.85,0.38,0.36,2026-08-22,10:34:00,N21,nominal,2.0NRT,313.69,6.21,D,VIIRS
47.56868,35.80083,338.59,0.41,0.37,2026-08-22,10:34:00,N21,nominal,2.0NRT,311.38,3.1,D,VIIRS
47.26125,33.63102,347.66,0.38,0.36,2026-08-22,10:34:00,N21,nominal,2.0NRT,314.36,6.52,D,VIIRS
47.26451,33.62995,345.39,0.38,0.36,2026-08-22,10:34:00,N21,low,2.0NRT,315.61,9.5,D,VIIRS
48.84568,38.74849,367,0.51,0.41,2026-08-22,10:34:00,N21,low,2.0NRT,339.11,200.19,D,VIIRS
47.62524,36.1543,348.06,0.41,0.37,2026-08-22,10:34:00,N21,nominal,2.0NRT,316.34,9.99,D,VIIRS
47.75707,37.06293,341.91,0.44,0.38,2026-08-22,10:34:00,N21,low,2.0NRT,316.87,8.98,D,VIIRS
47.35811,34.04865,344.59,0.39,0.36,2026-08-22,10:34:00,N21,nominal,2.0NRT,314.1,5.75,D,VIIRS
46.23848,30.00311,345.92,0.44,0.38,2026-08-22,10:34:00,N21,low,2.0NRT,316.4,10.8,D,VIIRS
46.23506,30.00442,348.9,0.44,0.38,2026-08-22,10:34:00,N21,low,2.0NRT,319.61,11.57,D,VIIRS
46.35999,30.67297,337.44,0.42,0.38,2026-08-22,10:34:00,N21,low,2.0NRT,309.84,11.15,D,VIIRS
46.75322,32.96687,354.54,0.39,0.36,2026-08-22,10:34:00,N21,nominal,2.0NRT,318.59,19.87,D,VIIRS
46.35663,30.67423,338.17,0.42,0.38,2026-08-22,10:34:00,N21,low,2.0NRT,312.83,11.15,D,VIIRS
46.69392,32.6629,341.09,0.39,0.36,2026-08-22,10:34:00,N21,low,2.0NRT,313.86,6.49,D,VIIRS
46.5317,31.72996,344.48,0.4,0.37,2026-08-22,10:34:00,N21,nominal,2.0NRT,318.55,7.59,D,VIIRS
46.92294,34.32409,342.89,0.39,0.36,2026-08-22,10:34:00,N21,nominal,2.0NRT,312.18,3.55,D,VIIRS
47.82809,36.01325,341.19,0.41,0.37,2026-08-22,10:34:00,N21,nominal,2.0NRT,311.9,4.56,D,VIIRS
48.10772,38.36215,337.49,0.49,0.4,2026-08-22,10:34:00,N21,low,2.0NRT,311.45,3.29,D,VIIRS
51.41268,28.75608,345.01,0.41,0.37,2026-08-22,10:36:00,N21,nominal,2.0NRT,311.33,19.43,D,VIIRS
51.41166,28.7504,337.46,0.41,0.37,2026-08-22,10:36:00,N21,nominal,2.0NRT,306.86,19.43,D,VIIRS
51.41495,28.74888,350.74,0.41,0.37,2026-08-22,10:36:00,N21,nominal,2.0NRT,305.03,13.54,D,VIIRS
50.77177,24.85227,330.93,0.53,0.42,2026-08-22,10:36:00,N21,nominal,2.0NRT,295.08,2.89,D,VIIRS
50.7739,24.8505,330.9,0.53,0.42,2026-08-22,10:36:00,N21,nominal,2.0NRT,294.2,3.58,D,VIIRS
52.20281,32.69212,333.27,0.39,0.36,2026-08-22,10:36:00,N21,nominal,2.0NRT,303.29,8.6,D,VIIRS
49.60295,23.25819,340.52,0.47,0.64,2026-08-22,12:17:00,N21,nominal,2.0NRT,292.88,6.96,D,VIIRS
51.89102,34.19472,301.83,0.45,0.63,2026-08-22,22:46:00,N21,nominal,2.0NRT,287.45,1.38,N,VIIRS
48.29225,36.48203,306.47,0.34,0.56,2026-08-22,22:48:00,N21,nominal,2.0NRT,286.04,0.58,N,VIIRS
49.13082,37.53271,301.49,0.61,0.54,2026-08-22,22:48:00,N21,nominal,2.0NRT,290.91,1.64,N,VIIRS
48.9444,38.68095,300.85,0.54,0.51,2026-08-22,22:48:00,N21,nominal,2.0NRT,289.23,1.03,N,VIIRS
48.9865,37.79297,301.76,0.59,0.53,2026-08-22,22:48:00,N21,nominal,2.0NRT,289.1,1.1,N,VIIRS
48.97004,38.09005,298.96,0.58,0.52,2026-08-22,22:48:00,N21,nominal,2.0NRT,288.73,0.96,N,VIIRS
48.97888,36.93142,303.23,0.33,0.55,2026-08-22,22:48:00,N21,nominal,2.0NRT,288.39,0.95,N,VIIRS
48.97441,36.91703,299.97,0.33,0.55,2026-08-22,22:48:00,N21,nominal,2.0NRT,287.03,1.19,N,VIIRS
48.97422,36.92158,314.44,0.33,0.55,2026-08-22,22:48:00,N21,nominal,2.0NRT,288.28,1.56,N,VIIRS
48.96915,36.9208,299.26,0.33,0.55,2026-08-22,22:48:00,N21,nominal,2.0NRT,286.52,0.41,N,VIIRS
48.8942,37.96862,301.24,0.58,0.52,2026-08-22,22:48:00,N21,nominal,2.0NRT,290.51,1.93,N,VIIRS
48.8561,38.66124,304.08,0.54,0.51,2026-08-22,22:48:00,N21,nominal,2.0NRT,289.08,1.75,N,VIIRS
48.85567,38.66872,306.81,0.54,0.51,2026-08-22,22:48:00,N21,nominal,2.0NRT,288.98,2.08,N,VIIRS
48.8581,38.66782,310.47,0.54,0.51,2026-08-22,22:48:00,N21,nominal,2.0NRT,288.81,3.44,N,VIIRS
48.89551,37.96799,302.64,0.58,0.52,2026-08-22,22:48:00,N21,nominal,2.0NRT,290.09,1.28,N,VIIRS
48.8441,38.74016,339.58,0.54,0.51,2026-08-22,22:48:00,N21,nominal,2.0NRT,291.74,12.25,N,VIIRS
48.84457,38.73282,306.9,0.54,0.51,2026-08-22,22:48:00,N21,nominal,2.0NRT,290.7,12.25,N,VIIRS
48.83992,38.73215,320.77,0.54,0.51,2026-08-22,22:48:00,N21,nominal,2.0NRT,290.16,12.25,N,VIIRS
48.83945,38.73947,353.14,0.54,0.51,2026-08-22,22:48:00,N21,nominal,2.0NRT,299.43,12.25,N,VIIRS
48.96151,36.45436,301.27,0.34,0.56,2026-08-22,22:48:00,N21,nominal,2.0NRT,287.74,1.11,N,VIIRS
48.83899,38.74677,316.4,0.54,0.5,2026-08-22,22:48:00,N21,nominal,2.0NRT,288.2,6.27,N,VIIRS
48.8255,38.73742,320.68,0.54,0.51,2026-08-22,22:48:00,N21,nominal,2.0NRT,289.09,2.54,N,VIIRS
48.85767,37.76854,327.73,0.59,0.53,2026-08-22,22:48:00,N21,nominal,2.0NRT,289.57,6.78,N,VIIRS
48.88341,36.9393,325.62,0.32,0.55,2026-08-22,22:48:00,N21,nominal,2.0NRT,292.74,3.07,N,VIIRS
48.88322,36.94361,329.09,0.32,0.55,2026-08-22,22:48:00,N21,nominal,2.0NRT,292.3,3.07,N,VIIRS
48.87699,36.9688,300.92,0.32,0.55,2026-08-22,22:48:00,N21,nominal,2.0NRT,284.07,0.39,N,VIIRS
48.88337,36.308,301.38,0.35,0.57,2026-08-22,22:48:00,N21,nominal,2.0NRT,291.34,0.99,N,VIIRS
48.66758,37.99825,308.52,0.58,0.52,2026-08-22,22:48:00,N21,nominal,2.0NRT,287.37,1.71,N,VIIRS
48.61089,38.31288,303.89,0.56,0.51,2026-08-22,22:48:00,N21,nominal,2.0NRT,292.49,1.68,N,VIIRS
48.64883,36.78524,299.62,0.33,0.55,2026-08-22,22:48:00,N21,nominal,2.0NRT,287.82,0.45,N,VIIRS
48.65086,36.78549,304.14,0.33,0.55,2026-08-22,22:48:00,N21,nominal,2.0NRT,287.95,0.73,N,VIIRS
48.46406,38.75543,309.08,0.53,0.5,2026-08-22,22:48:00,N21,nominal,2.0NRT,294.19,2.85,N,VIIRS
48.53753,37.04738,306.16,0.32,0.54,2026-08-22,22:48:00,N21,nominal,2.0NRT,291.11,1.01,N,VIIRS
48.508540000000004,35.66164,348.46,0.37,0.58,2026-08-22,22:48:00,N21,nominal,2.0NRT,289.42,10.25,N,VIIRS
48.50837,35.66665,344.03,0.37,0.58,2026-08-22,22:48:00,N21,nominal,2.0NRT,287.19,9.15,N,VIIRS
48.50318,35.66133,339.4,0.37,0.58,2026-08-22,22:48:00,N21,nominal,2.0NRT,288.85,10.1,N,VIIRS
48.503,35.6663,355.22,0.37,0.58,2026-08-22,22:48:00,N21,nominal,2.0NRT,289.14,10.49,N,VIIRS
48.40416,35.48486,299.76,0.38,0.59,2026-08-22,22:48:00,N21,nominal,2.0NRT,287.96,0.69,N,VIIRS
48.29546,37.78791,302.77,0.59,0.53,2026-08-22,22:48:00,N21,nominal,2.0NRT,289.35,1.19,N,VIIRS
48.26606,36.60776,319.09,0.33,0.55,2026-08-22,22:48:00,N21,nominal,2.0NRT,290.09,1.1,N,VIIRS
48.26587,36.61229,311.69,0.33,0.55,2026-08-22,22:48:00,N21,nominal,2.0NRT,289.07,1.1,N,VIIRS
48.26075,36.61176,302.55,0.33,0.55,2026-08-22,22:48:00,N21,nominal,2.0NRT,287.31,1.1,N,VIIRS
48.36206,30.90438,307.4,0.62,0.71,2026-08-22,22:48:00,N21,nominal,2.0NRT,289.44,2.63,N,VIIRS
48.36389,30.90683,312.77,0.62,0.71,2026-08-22,22:48:00,N21,nominal,2.0NRT,289.56,2.26,N,VIIRS
48.20302,36.10128,300.52,0.35,0.57,2026-08-22,22:48:00,N21,nominal,2.0NRT,288.39,0.77,N,VIIRS
48.16827,36.77532,301.95,0.33,0.55,2026-08-22,22:48:00,N21,nominal,2.0NRT,289.98,0.32,N,VIIRS
48.26619,33.26148,310.38,0.48,0.65,2026-08-22,22:48:00,N21,nominal,2.0NRT,289.67,1.72,N,VIIRS
48.26609,33.26785,307.87,0.48,0.65,2026-08-22,22:48:00,N21,nominal,2.0NRT,288.87,1.72,N,VIIRS
48.05943,37.95081,302.09,0.57,0.52,2026-08-22,22:48:00,N21,nominal,2.0NRT,291.77,2.04,N,VIIRS
48.11243,36.3699,303.45,0.34,0.56,2026-08-22,22:48:00,N21,nominal,2.0NRT,292.22,1.44,N,VIIRS
48.07802,36.98664,308.57,0.32,0.54,2026-08-22,22:48:00,N21,nominal,2.0NRT,290.57,1.5,N,VIIRS
48.08034,36.50807,298.15,0.34,0.56,2026-08-22,22:48:00,N21,nominal,2.0NRT,287.74,0.34,N,VIIRS
48.16904,33.19378,307.73,0.48,0.65,2026-08-22,22:48:00,N21,nominal,2.0NRT,289.12,1.34,N,VIIRS
48.06815,35.91966,332.72,0.36,0.57,2026-08-22,22:48:00,N21,nominal,2.0NRT,289.48,3.64,N,VIIRS
48.06485,35.86644,320.16,0.36,0.57,2026-08-22,22:48:00,N21,nominal,2.0NRT,288.64,2.59,N,VIIRS
48.06467,35.87123,316.69,0.36,0.57,2026-08-22,22:48:00,N21,nominal,2.0NRT,288.03,2.28,N,VIIRS
48.06287,35.91917,305,0.36,0.57,2026-08-22,22:48:00,N21,nominal,2.0NRT,287.76,0.58,N,VIIRS
48.06588,35.86718,325.03,0.36,0.57,2026-08-22,22:48:00,N21,nominal,2.0NRT,288.86,2.83,N,VIIRS
48.06569,35.87196,311.4,0.36,0.57,2026-08-22,22:48:00,N21,nominal,2.0NRT,288.31,1.79,N,VIIRS
48.06364,35.91987,316.26,0.36,0.57,2026-08-22,22:48:00,N21,nominal,2.0NRT,288.12,1.59,N,VIIRS
47.86138,36.99751,305.28,0.63,0.54,2026-08-22,22:48:00,N21,nominal,2.0NRT,291.21,1.88,N,VIIRS
47.82262,37.45245,304.46,0.6,0.53,2026-08-22,22:48:00,N21,nominal,2.0NRT,288.47,1.69,N,VIIRS
47.82794,37.06242,316.69,0.63,0.54,2026-08-22,22:48:00,N21,nominal,2.0NRT,291.71,2.18,N,VIIRS
47.82752,37.07092,302.35,0.63,0.54,2026-08-22,22:48:00,N21,nominal,2.0NRT,290.95,2.18,N,VIIRS
47.79183,37.18479,315.13,0.62,0.54,2026-08-22,22:48:00,N21,nominal,2.0NRT,290.67,3.98,N,VIIRS
47.85106,35.6753,306.57,0.37,0.58,2026-08-22,22:48:00,N21,nominal,2.0NRT,287.98,1.24,N,VIIRS
47.78688,37.18416,302.95,0.62,0.54,2026-08-22,22:48:00,N21,nominal,2.0NRT,291.73,2.33,N,VIIRS
47.78646,37.19248,313.85,0.62,0.54,2026-08-22,22:48:00,N21,nominal,2.0NRT,292.31,5.86,N,VIIRS
47.78069,37.20852,332.63,0.62,0.54,2026-08-22,22:48:00,N21,nominal,2.0NRT,293.31,4.33,N,VIIRS
47.78027,37.21692,302.78,0.62,0.54,2026-08-22,22:48:00,N21,nominal,2.0NRT,291.81,4.33,N,VIIRS
47.79086,37.1868,326.72,0.62,0.54,2026-08-22,22:48:00,N21,nominal,2.0NRT,291.75,2.79,N,VIIRS
47.7904,37.19512,301.55,0.62,0.54,2026-08-22,22:48:00,N21,nominal,2.0NRT,289.91,2.79,N,VIIRS
47.78544,37.19447,314.05,0.62,0.54,2026-08-22,22:48:00,N21,nominal,2.0NRT,292.9,2.79,N,VIIRS
47.77958,37.21053,327.73,0.62,0.54,2026-08-22,22:48:00,N21,nominal,2.0NRT,292.7,4.06,N,VIIRS
47.78004,37.20209,307.22,0.62,0.54,2026-08-22,22:48:00,N21,nominal,2.0NRT,292.21,4.06,N,VIIRS
47.77913,37.21888,303.52,0.62,0.54,2026-08-22,22:48:00,N21,nominal,2.0NRT,292.02,2.23,N,VIIRS
47.847410000000004,35.67897,304.47,0.37,0.58,2026-08-22,22:48:00,N21,nominal,2.0NRT,288.77,1.5,N,VIIRS
47.84182,35.26369,312.85,0.38,0.59,2026-08-22,22:48:00,N21,nominal,2.0NRT,289.94,2.51,N,VIIRS
47.84163,35.2688,314.56,0.38,0.59,2026-08-22,22:48:00,N21,nominal,2.0NRT,290.49,2.19,N,VIIRS
47.82687,35.65756,301.48,0.37,0.58,2026-08-22,22:48:00,N21,nominal,2.0NRT,290.07,1.44,N,VIIRS
47.80816,35.72501,303.48,0.36,0.58,2026-08-22,22:48:00,N21,nominal,2.0NRT,289.84,0.83,N,VIIRS
47.86975,33.43661,307.04,0.47,0.64,2026-08-22,22:48:00,N21,nominal,2.0NRT,292.9,1.59,N,VIIRS
47.65444,38.5831,316.57,0.53,0.5,2026-08-22,22:48:00,N21,nominal,2.0NRT,290.77,3.22,N,VIIRS
47.65397,38.59027,317.19,0.53,0.5,2026-08-22,22:48:00,N21,nominal,2.0NRT,289.55,2.78,N,VIIRS
47.64981,38.58247,309.26,0.53,0.5,2026-08-22,22:48:00,N21,nominal,2.0NRT,290.43,1.63,N,VIIRS
47.64878,38.29864,332.98,0.55,0.51,2026-08-22,22:48:00,N21,nominal,2.0NRT,290.81,5.02,N,VIIRS
47.64833,38.30607,322.55,0.55,0.51,2026-08-22,22:48:00,N21,nominal,2.0NRT,290.45,5.02,N,VIIRS
47.701,37.28521,301.72,0.61,0.54,2026-08-22,22:48:00,N21,nominal,2.0NRT,291.36,1.65,N,VIIRS
47.69198,37.26751,321.44,0.61,0.54,2026-08-22,22:48:00,N21,nominal,2.0NRT,291.81,4.65,N,VIIRS
47.6924,37.25927,313.78,0.61,0.54,2026-08-22,22:48:00,N21,nominal,2.0NRT,292.3,4.65,N,VIIRS
47.69077,37.26641,334.5,0.61,0.54,2026-08-22,22:48:00,N21,nominal,2.0NRT,292.75,4.89,N,VIIRS
47.66134,36.97762,305.41,0.63,0.54,2026-08-22,22:48:00,N21,nominal,2.0NRT,288.94,1.35,N,VIIRS
47.75361,32.6542,303.03,0.51,0.66,2026-08-22,22:48:00,N21,nominal,2.0NRT,289.66,0.91,N,VIIRS
47.533,37.72205,308.74,0.58,0.52,2026-08-22,22:48:00,N21,nominal,2.0NRT,288,1.55,N,VIIRS
47.53391,37.72364,301.64,0.58,0.52,2026-08-22,22:48:00,N21,nominal,2.0NRT,287.55,1.01,N,VIIRS
47.55371,37.20331,303.39,0.62,0.54,2026-08-22,22:48:00,N21,nominal,2.0NRT,286.64,1.69,N,VIIRS
47.59319,35.70956,306.85,0.36,0.58,2026-08-22,22:48:00,N21,nominal,2.0NRT,287.52,0.65,N,VIIRS
47.60487,34.93351,325.15,0.4,0.6,2026-08-22,22:48:00,N21,nominal,2.0NRT,288.7,3.18,N,VIIRS
47.60504,34.9282,301.91,0.4,0.6,2026-08-22,22:48:00,N21,nominal,2.0NRT,288.52,2.31,N,VIIRS
47.48046,37.72421,299.38,0.58,0.52,2026-08-22,22:48:00,N21,nominal,2.0NRT,288.29,0.67,N,VIIRS
47.47476,37.73901,304.33,0.58,0.52,2026-08-22,22:48:00,N21,nominal,2.0NRT,288.69,1.54,N,VIIRS
47.55226,35.80324,300.44,0.36,0.57,2026-08-22,22:48:00,N21,nominal,2.0NRT,287.98,0.52,N,VIIRS
47.61668,30.75568,303.49,0.63,0.72,2026-08-22,22:48:00,N21,nominal,2.0NRT,289.78,1.83,N,VIIRS
47.63326,29.67334,303.73,0.7,0.75,2026-08-22,22:48:00,N21,nominal,2.0NRT,284.39,3.36,N,VIIRS
47.61264,30.756710000000002,300.35,0.63,0.72,2026-08-22,22:48:00,N21,nominal,2.0NRT,289.37,0.69,N,VIIRS
47.48633,34.45964,324.19,0.42,0.61,2026-08-22,22:48:00,N21,nominal,2.0NRT,289.65,2.83,N,VIIRS
47.34816,37.59034,304.6,0.59,0.53,2026-08-22,22:48:00,N21,nominal,2.0NRT,290.76,1.11,N,VIIRS
47.48885,34.45658,317.41,0.42,0.61,2026-08-22,22:48:00,N21,nominal,2.0NRT,288.87,3,N,VIIRS
47.34485,37.58956,306.66,0.59,0.53,2026-08-22,22:48:00,N21,nominal,2.0NRT,291.43,1.58,N,VIIRS
47.46195,33.5377,313.07,0.46,0.64,2026-08-22,22:48:00,N21,nominal,2.0NRT,289.34,2.95,N,VIIRS
47.37288,35.55901,332.53,0.37,0.58,2026-08-22,22:48:00,N21,nominal,2.0NRT,290.51,2.99,N,VIIRS
47.42622,33.56076,313.67,0.46,0.63,2026-08-22,22:48:00,N21,nominal,2.0NRT,289.69,1.54,N,VIIRS
47.42036,33.5605,305.43,0.46,0.63,2026-08-22,22:48:00,N21,nominal,2.0NRT,289.91,0.93,N,VIIRS
47.28604,37.14117,302.31,0.62,0.54,2026-08-22,22:48:00,N21,nominal,2.0NRT,290.22,1.41,N,VIIRS
47.3371,35.79348,340.03,0.36,0.57,2026-08-22,22:48:00,N21,nominal,2.0NRT,289.88,3.75,N,VIIRS
47.30521,36.27472,301.14,0.34,0.56,2026-08-22,22:48:00,N21,nominal,2.0NRT,290.61,0.73,N,VIIRS
47.28734,36.32324,305.67,0.34,0.56,2026-08-22,22:48:00,N21,nominal,2.0NRT,290.89,1.05,N,VIIRS
47.27726,36.31783,315.24,0.34,0.56,2026-08-22,22:48:00,N21,nominal,2.0NRT,292,1.17,N,VIIRS
47.35247,34.19424,303.15,0.43,0.62,2026-08-22,22:48:00,N21,nominal,2.0NRT,289.52,0.9,N,VIIRS
47.2959,34.58229,301.41,0.41,0.61,2026-08-22,22:48:00,N21,nominal,2.0NRT,288.89,0.53,N,VIIRS
47.31136,33.4995,313.59,0.46,0.64,2026-08-22,22:48:00,N21,nominal,2.0NRT,289.75,3.06,N,VIIRS
47.21998,35.96138,322.88,0.35,0.57,2026-08-22,22:48:00,N21,nominal,2.0NRT,291.78,3.03,N,VIIRS
47.21978,35.96606,318.03,0.35,0.57,2026-08-22,22:48:00,N21,nominal,2.0NRT,291.32,2.51,N,VIIRS
47.30332,30.33548,303.74,0.65,0.73,2026-08-22,22:48:00,N21,nominal,2.0NRT,289.08,1.37,N,VIIRS
47.21968,35.9643,325.32,0.35,0.57,2026-08-22,22:48:00,N21,nominal,2.0NRT,291.58,1.67,N,VIIRS
47.21989,35.95963,308.25,0.35,0.57,2026-08-22,22:48:00,N21,nominal,2.0NRT,291.52,1.67,N,VIIRS
47.21946,35.96897,300.97,0.35,0.57,2026-08-22,22:48:00,N21,nominal,2.0NRT,290.83,1,N,VIIRS
47.17299,35.82796,312.1,0.36,0.57,2026-08-22,22:48:00,N21,nominal,2.0NRT,289.38,1.36,N,VIIRS
47.17279,35.8327,300.63,0.36,0.57,2026-08-22,22:48:00,N21,nominal,2.0NRT,290.17,1.52,N,VIIRS
47.23312,33.6426,367,0.45,0.63,2026-08-22,22:48:00,N21,high,2.0NRT,292.22,6.24,N,VIIRS
47.23326,33.63656,309.11,0.45,0.63,2026-08-22,22:48:00,N21,nominal,2.0NRT,290.53,6.24,N,VIIRS
47.10727,36.01447,302.94,0.35,0.57,2026-08-22,22:48:00,N21,nominal,2.0NRT,289.41,1,N,VIIRS
47.10707,36.01909,307.77,0.35,0.57,2026-08-22,22:48:00,N21,nominal,2.0NRT,289.52,1,N,VIIRS
47.10689,36.01456,306.06,0.35,0.57,2026-08-22,22:48:00,N21,nominal,2.0NRT,289.76,1.19,N,VIIRS
47.10668,36.01918,311.09,0.35,0.57,2026-08-22,22:48:00,N21,nominal,2.0NRT,289.49,1.19,N,VIIRS
47.08477,35.9241,306.99,0.35,0.57,2026-08-22,22:48:00,N21,nominal,2.0NRT,289.61,1.35,N,VIIRS
47.07491,35.90907,338.2,0.35,0.57,2026-08-22,22:48:00,N21,nominal,2.0NRT,292.12,2.8,N,VIIRS
47.07511,35.9044,312.38,0.35,0.57,2026-08-22,22:48:00,N21,nominal,2.0NRT,290.77,3.6,N,VIIRS
47.0747,35.91375,304.68,0.35,0.57,2026-08-22,22:48:00,N21,nominal,2.0NRT,290.64,2.8,N,VIIRS
47.00148,36.152589999999996,300.34,0.34,0.56,2026-08-22,22:48:00,N21,nominal,2.0NRT,289.93,0.99,N,VIIRS
47.0009,36.16599,301.11,0.34,0.56,2026-08-22,22:48:00,N21,nominal,2.0NRT,289.29,0.87,N,VIIRS
47.01222,35.76645,302.67,0.36,0.57,2026-08-22,22:48:00,N21,nominal,2.0NRT,289.19,1.24,N,VIIRS
46.99572,36.16554,302.05,0.34,0.56,2026-08-22,22:48:00,N21,nominal,2.0NRT,290.04,0.87,N,VIIRS
46.99738,35.87396,303.91,0.35,0.57,2026-08-22,22:48:00,N21,nominal,2.0NRT,289.74,0.77,N,VIIRS
46.99995,36.155,302.01,0.34,0.56,2026-08-22,22:48:00,N21,nominal,2.0NRT,290.4,1.11,N,VIIRS
46.99952,36.16391,312.76,0.34,0.56,2026-08-22,22:48:00,N21,nominal,2.0NRT,289.75,0.91,N,VIIRS
46.9993,36.16835,302.61,0.34,0.56,2026-08-22,22:48:00,N21,nominal,2.0NRT,289.73,0.91,N,VIIRS
47.01291,35.7648,299.45,0.36,0.57,2026-08-22,22:48:00,N21,nominal,2.0NRT,289,0.62,N,VIIRS
47.0127,35.76954,301.63,0.36,0.57,2026-08-22,22:48:00,N21,nominal,2.0NRT,288.66,0.62,N,VIIRS
46.99749,35.87226,302.11,0.35,0.57,2026-08-22,22:48:00,N21,nominal,2.0NRT,289.71,1.05,N,VIIRS
46.94739,36.69012,303.13,0.32,0.55,2026-08-22,22:48:00,N21,nominal,2.0NRT,291.89,0.78,N,VIIRS
46.96605,36.1011,303.7,0.34,0.56,2026-08-22,22:48:00,N21,nominal,2.0NRT,291.3,0.52,N,VIIRS
47.0205,34.58645,300.11,0.41,0.6,2026-08-22,22:48:00,N21,nominal,2.0NRT,289.87,1.23,N,VIIRS
47.01509,34.58072,303.24,0.41,0.6,2026-08-22,22:48:00,N21,nominal,2.0NRT,289.44,1.23,N,VIIRS
46.94758,36.16284,315.37,0.34,0.56,2026-08-22,22:48:00,N21,nominal,2.0NRT,291.55,1.91,N,VIIRS
46.94737,36.16738,305.68,0.34,0.56,2026-08-22,22:48:00,N21,nominal,2.0NRT,291.39,1.54,N,VIIRS
46.89433,36.52921,302.98,0.33,0.55,2026-08-22,22:48:00,N21,nominal,2.0NRT,289.6,1.65,N,VIIRS
46.89413,36.53345,316.26,0.33,0.55,2026-08-22,22:48:00,N21,nominal,2.0NRT,290.69,2.16,N,VIIRS
46.89248,36.56797,300.17,0.33,0.55,2026-08-22,22:48:00,N21,nominal,2.0NRT,288.23,0.62,N,VIIRS
46.89227,36.57234,303.34,0.33,0.55,2026-08-22,22:48:00,N21,nominal,2.0NRT,287.99,0.62,N,VIIRS
46.8872,36.57186,367,0.33,0.55,2026-08-22,22:48:00,N21,high,2.0NRT,292.37,7.47,N,VIIRS
46.90845,35.98557,307.75,0.35,0.57,2026-08-22,22:48:00,N21,nominal,2.0NRT,290.85,1.4,N,VIIRS
46.81479,36.52282,300.97,0.33,0.55,2026-08-22,22:48:00,N21,nominal,2.0NRT,290.25,1.02,N,VIIRS
46.80972,36.52217,312.11,0.33,0.55,2026-08-22,22:48:00,N21,nominal,2.0NRT,291.46,1.02,N,VIIRS
46.8251,35.14552,299.72,0.38,0.59,2026-08-22,22:48:00,N21,nominal,2.0NRT,289.66,0.29,N,VIIRS
46.76704,36.5611,318.24,0.33,0.55,2026-08-22,22:48:00,N21,nominal,2.0NRT,292.23,1.93,N,VIIRS
46.76846,36.56099,322.55,0.32,0.55,2026-08-22,22:48:00,N21,nominal,2.0NRT,292.31,1.87,N,VIIRS
46.73048,36.0756,302.97,0.34,0.56,2026-08-22,22:48:00,N21,nominal,2.0NRT,289.58,1.1,N,VIIRS
46.77323,34.15271,301.19,0.43,0.62,2026-08-22,22:48:00,N21,nominal,2.0NRT,289.74,0.82,N,VIIRS
46.77308,34.15833,305.11,0.43,0.62,2026-08-22,22:48:00,N21,nominal,2.0NRT,290,0.82,N,VIIRS
46.67421,35.80627,308.08,0.35,0.57,2026-08-22,22:48:00,N21,nominal,2.0NRT,290.84,1.04,N,VIIRS
46.76928,32.0929,305.38,0.54,0.68,2026-08-22,22:48:00,N21,nominal,2.0NRT,291.1,1.14,N,VIIRS
46.74746,31.76849,308.52,0.56,0.68,2026-08-22,22:48:00,N21,nominal,2.0NRT,289,2.36,N,VIIRS
46.69318,33.38477,323.24,0.46,0.64,2026-08-22,22:48:00,N21,nominal,2.0NRT,291.16,2.52,N,VIIRS
46.69331,33.37864,301.77,0.46,0.64,2026-08-22,22:48:00,N21,nominal,2.0NRT,290.62,2.52,N,VIIRS
46.69305,33.39087,304.55,0.46,0.64,2026-08-22,22:48:00,N21,nominal,2.0NRT,290.12,1.92,N,VIIRS
46.69292,33.39696,314.29,0.46,0.64,2026-08-22,22:48:00,N21,nominal,2.0NRT,290.3,1.92,N,VIIRS
46.68755,33.37223,307.42,0.46,0.64,2026-08-22,22:48:00,N21,nominal,2.0NRT,291.65,2.9,N,VIIRS
46.68742,33.37835,315.87,0.46,0.64,2026-08-22,22:48:00,N21,nominal,2.0NRT,291.5,2.52,N,VIIRS
46.68703,33.3967,302.19,0.46,0.64,2026-08-22,22:48:00,N21,nominal,2.0NRT,291.51,1.92,N,VIIRS
46.6814,33.3842,305.2,0.46,0.64,2026-08-22,22:48:00,N21,nominal,2.0NRT,291.78,1.38,N,VIIRS
46.59885,35.58266,318.99,0.36,0.58,2026-08-22,22:48:00,N21,nominal,2.0NRT,290.51,2.63,N,VIIRS
46.66424,32.60559,312.67,0.51,0.66,2026-08-22,22:48:00,N21,nominal,2.0NRT,292.75,3.15,N,VIIRS
46.66416,32.61226,304.39,0.51,0.66,2026-08-22,22:48:00,N21,nominal,2.0NRT,292.37,3.14,N,VIIRS
46.68298,33.38388,304.43,0.46,0.64,2026-08-22,22:48:00,N21,nominal,2.0NRT,291.52,1.72,N,VIIRS
46.6002,35.58095,305.88,0.36,0.57,2026-08-22,22:48:00,N21,nominal,2.0NRT,289.94,1.48,N,VIIRS
46.59999,35.5857,314.22,0.36,0.57,2026-08-22,22:48:00,N21,nominal,2.0NRT,290.11,1.84,N,VIIRS
46.6637,32.60604,319.07,0.51,0.66,2026-08-22,22:48:00,N21,nominal,2.0NRT,292.89,4.69,N,VIIRS
46.59206,32.89767,303.45,0.49,0.65,2026-08-22,22:48:00,N21,nominal,2.0NRT,293.13,1.19,N,VIIRS
46.49983,35.42334,303.13,0.37,0.58,2026-08-22,22:48:00,N21,nominal,2.0NRT,290.09,1.37,N,VIIRS
46.59018,32.90052,312.33,0.49,0.65,2026-08-22,22:48:00,N21,nominal,2.0NRT,293.22,1.97,N,VIIRS
46.50203,35.42377,303.17,0.37,0.58,2026-08-22,22:48:00,N21,nominal,2.0NRT,290.42,0.9,N,VIIRS
46.41018,32.36049,324.91,0.52,0.67,2026-08-22,22:48:00,N21,nominal,2.0NRT,291.4,3.38,N,VIIRS
46.41027,32.35372,307.55,0.52,0.67,2026-08-22,22:48:00,N21,nominal,2.0NRT,291.3,3.38,N,VIIRS
46.32235,34.47971,300.99,0.41,0.6,2026-08-22,22:48:00,N21,nominal,2.0NRT,290.95,0.96,N,VIIRS
46.31677,34.47931,325.67,0.41,0.6,2026-08-22,22:48:00,N21,nominal,2.0NRT,291.74,2.5,N,VIIRS
46.31835,34.47803,330.74,0.41,0.6,2026-08-22,22:48:00,N21,nominal,2.0NRT,291.56,3.25,N,VIIRS
46.27939,33.91947,300.72,0.43,0.62,2026-08-22,22:48:00,N21,nominal,2.0NRT,290.47,0.61,N,VIIRS
45.93418,34.20519,322.16,0.42,0.61,2026-08-22,22:48:00,N21,nominal,2.0NRT,290.47,2.83,N,VIIRS
45.93401,34.21064,305.3,0.42,0.61,2026-08-22,22:48:00,N21,nominal,2.0NRT,290.44,2.19,N,VIIRS
45.99279,29.1781,304.37,0.74,0.76,2026-08-22,22:48:00,N21,nominal,2.0NRT,288.16,1.6,N,VIIRS
51.41975,28.75218,310.67,0.78,0.78,2026-08-22,22:48:00,N21,nominal,2.0NRT,284.18,2.85,N,VIIRS
51.41257,28.75282,299.12,0.78,0.78,2026-08-22,22:48:00,N21,nominal,2.0NRT,283.87,1.66,N,VIIRS
51.41765,28.74802,316.48,0.78,0.78,2026-08-22,22:48:00,N21,nominal,2.0NRT,283.63,4.21,N,VIIRS
51.20582,29.16736,347.5,0.75,0.77,2026-08-22,22:48:00,N21,nominal,2.0NRT,285.45,16.48,N,VIIRS
51.20615,29.17822,347.17,0.75,0.77,2026-08-22,22:48:00,N21,nominal,2.0NRT,285.28,52.05,N,VIIRS
51.2055,29.15648,306.95,0.75,0.77,2026-08-22,22:48:00,N21,nominal,2.0NRT,283.71,16.48,N,VIIRS
51.19876,29.1681,334.45,0.75,0.77,2026-08-22,22:48:00,N21,nominal,2.0NRT,287.35,16.48,N,VIIRS
51.19908,29.17891,367,0.75,0.77,2026-08-22,22:48:00,N21,high,2.0NRT,291.98,52.05,N,VIIRS
51.19941,29.1897,351.9,0.75,0.77,2026-08-22,22:48:00,N21,nominal,2.0NRT,295.48,52.05,N,VIIRS
51.19843,29.15733,312.26,0.75,0.77,2026-08-22,22:48:00,N21,nominal,2.0NRT,285.04,16.48,N,VIIRS
51.19972,29.20022,310.07,0.75,0.77,2026-08-22,22:48:00,N21,nominal,2.0NRT,284.14,32.52,N,VIIRS
51.19201,29.17951,350.36,0.75,0.77,2026-08-22,22:48:00,N21,nominal,2.0NRT,288.96,15.25,N,VIIRS
51.19234,29.19031,337.43,0.75,0.77,2026-08-22,22:48:00,N21,nominal,2.0NRT,288.36,15.25,N,VIIRS
51.18527,29.19092,338.91,0.75,0.77,2026-08-22,22:48:00,N21,nominal,2.0NRT,286.94,15.25,N,VIIRS
51.20182,29.15783,322.43,0.75,0.77,2026-08-22,22:48:00,N21,nominal,2.0NRT,286.07,18.74,N,VIIRS
51.20211,29.16867,367,0.75,0.77,2026-08-22,22:48:00,N21,high,2.0NRT,287.56,37.91,N,VIIRS
51.20238,29.17951,367,0.75,0.77,2026-08-22,22:48:00,N21,high,2.0NRT,293.5,37.91,N,VIIRS
51.20267,29.19027,352.31,0.75,0.77,2026-08-22,22:48:00,N21,nominal,2.0NRT,293.8,37.85,N,VIIRS
51.20294,29.20081,302.64,0.74,0.76,2026-08-22,22:48:00,N21,nominal,2.0NRT,283.69,37.85,N,VIIRS
51.19532,29.18013,324.84,0.75,0.77,2026-08-22,22:48:00,N21,nominal,2.0NRT,287.58,37.91,N,VIIRS
51.19504,29.16938,318.42,0.75,0.77,2026-08-22,22:48:00,N21,nominal,2.0NRT,286,37.91,N,VIIRS
51.1956,29.19093,313.83,0.75,0.77,2026-08-22,22:48:00,N21,nominal,2.0NRT,286.82,37.85,N,VIIRS
51.18826,29.1808,342.45,0.75,0.77,2026-08-22,22:48:00,N21,nominal,2.0NRT,286.28,21.26,N,VIIRS
51.18854,29.19157,367,0.75,0.77,2026-08-22,22:48:00,N21,high,2.0NRT,289.35,28.79,N,VIIRS
51.02114,30.30311,311.53,0.67,0.73,2026-08-22,22:48:00,N21,nominal,2.0NRT,285.52,3.88,N,VIIRS
51.01397,30.28438,311.07,0.67,0.73,2026-08-22,22:48:00,N21,nominal,2.0NRT,287.06,8.96,N,VIIRS
51.01416,30.2939,301.38,0.67,0.73,2026-08-22,22:48:00,N21,nominal,2.0NRT,286.51,3.46,N,VIIRS
51.01455,30.31304,301.17,0.67,0.73,2026-08-22,22:48:00,N21,nominal,2.0NRT,284.22,3.52,N,VIIRS
51.00796,30.32292,324.43,0.66,0.73,2026-08-22,22:48:00,N21,nominal,2.0NRT,284.05,3.52,N,VIIRS
51.00738,30.29426,306.83,0.67,0.73,2026-08-22,22:48:00,N21,nominal,2.0NRT,285.69,3.46,N,VIIRS
51.00758,30.30383,308.98,0.67,0.73,2026-08-22,22:48:00,N21,nominal,2.0NRT,286.35,3.46,N,VIIRS
51.00777,30.31339,302.23,0.67,0.73,2026-08-22,22:48:00,N21,nominal,2.0NRT,285.01,3.52,N,VIIRS
51.0197,30.30708,309.51,0.67,0.73,2026-08-22,22:48:00,N21,nominal,2.0NRT,284.64,2.77,N,VIIRS
51.01245,30.27881,309.06,0.67,0.73,2026-08-22,22:48:00,N21,nominal,2.0NRT,286.88,6.49,N,VIIRS
51.01261,30.28841,301.81,0.67,0.73,2026-08-22,22:48:00,N21,nominal,2.0NRT,286.32,4.58,N,VIIRS
51.01276,30.29792,304.87,0.67,0.73,2026-08-22,22:48:00,N21,nominal,2.0NRT,286.49,4.58,N,VIIRS
51.01307,30.31709,299.35,0.66,0.73,2026-08-22,22:48:00,N21,nominal,2.0NRT,284.16,2.77,N,VIIRS
51.00645,30.32697,328.2,0.66,0.73,2026-08-22,22:48:00,N21,nominal,2.0NRT,284.28,9.92,N,VIIRS
51.00598,30.29835,309.93,0.67,0.73,2026-08-22,22:48:00,N21,nominal,2.0NRT,285.96,8.44,N,VIIRS
51.00613,30.3079,311.83,0.67,0.73,2026-08-22,22:48:00,N21,nominal,2.0NRT,285.53,5.63,N,VIIRS
51.00629,30.31742,308.67,0.66,0.73,2026-08-22,22:48:00,N21,nominal,2.0NRT,284.05,5.63,N,VIIRS
50.99936,30.30826,325.4,0.67,0.73,2026-08-22,22:48:00,N21,nominal,2.0NRT,283.96,5.63,N,VIIRS
50.99982,30.33692,340.75,0.66,0.73,2026-08-22,22:48:00,N21,nominal,2.0NRT,286.08,9.92,N,VIIRS
50.99951,30.3178,317.71,0.66,0.73,2026-08-22,22:48:00,N21,nominal,2.0NRT,285.85,5.63,N,VIIRS
50.99967,30.32734,318.33,0.66,0.73,2026-08-22,22:48:00,N21,nominal,2.0NRT,285.64,9.92,N,VIIRS
50.99305,30.33727,322.27,0.66,0.73,2026-08-22,22:48:00,N21,nominal,2.0NRT,285.24,3.59,N,VIIRS
50.99289,30.32773,302.91,0.66,0.73,2026-08-22,22:48:00,N21,nominal,2.0NRT,283.82,3.59,N,VIIRS
50.36706,37.32413,314.37,0.32,0.55,2026-08-22,22:48:00,N21,nominal,2.0NRT,287.12,0.91,N,VIIRS
50.32358,35.70175,299.06,0.38,0.59,2026-08-22,22:48:00,N21,nominal,2.0NRT,286.64,0.12,N,VIIRS
50.30863,36.15258,313.99,0.36,0.58,2026-08-22,22:48:00,N21,nominal,2.0NRT,287.61,2.03,N,VIIRS
50.26324,36.23571,308.43,0.36,0.57,2026-08-22,22:48:00,N21,nominal,2.0NRT,286.59,0.81,N,VIIRS
50.24704,36.08084,299.79,0.36,0.58,2026-08-22,22:48:00,N21,nominal,2.0NRT,286.48,1.07,N,VIIRS
50.18515,37.45493,301.2,0.63,0.54,2026-08-22,22:48:00,N21,nominal,2.0NRT,288.65,1.38,N,VIIRS
50.24395,36.07179,300.62,0.36,0.58,2026-08-22,22:48:00,N21,nominal,2.0NRT,286.79,0.78,N,VIIRS
50.24377,36.07679,297.22,0.36,0.58,2026-08-22,22:48:00,N21,nominal,2.0NRT,286.34,0.61,N,VIIRS
50.24358,36.08176,297.75,0.36,0.58,2026-08-22,22:48:00,N21,nominal,2.0NRT,286.42,0.61,N,VIIRS
50.18539,37.45496,301.01,0.63,0.54,2026-08-22,22:48:00,N21,nominal,2.0NRT,288.74,1.32,N,VIIRS
50.17303,36.81867,301.33,0.34,0.56,2026-08-22,22:48:00,N21,nominal,2.0NRT,290.59,0.58,N,VIIRS
50.16592,33.71001,303.76,0.47,0.64,2026-08-22,22:48:00,N21,nominal,2.0NRT,291.91,2.44,N,VIIRS
49.92209,37.2809,302.27,0.32,0.55,2026-08-22,22:48:00,N21,nominal,2.0NRT,287.39,0.38,N,VIIRS
49.87195,28.60767,297.43,0.79,0.78,2026-08-22,22:48:00,N21,nominal,2.0NRT,284,1.11,N,VIIRS
49.63534,37.60214,302.76,0.61,0.54,2026-08-22,22:48:00,N21,nominal,2.0NRT,287.48,0.62,N,VIIRS
49.22815,39.21989,325.82,0.51,0.5,2026-08-22,22:48:00,N21,nominal,2.0NRT,290.34,3.63,N,VIIRS
45.3583,36.31926,316.09,0.33,0.55,2026-08-22,22:50:00,N21,nominal,2.0NRT,292.03,1.17,N,VIIRS
45.35807,36.32343,306.66,0.32,0.55,2026-08-22,22:50:00,N21,nominal,2.0NRT,291.5,1.17,N,VIIRS
