latitude,longitude,bright_ti4,scan,track,acq_date,acq_time,satellite,confidence,version,bright_ti5,frp,daynight,instrument
50.54276,26.25893,298.88,0.52,0.67,2026-08-14,01:37:00,N21,nominal,2.0NRT,282.4,1.27,N,VIIRS
48.97412,24.71253,297.64,0.52,0.66,2026-08-14,01:37:00,N21,nominal,2.0NRT,282.83,1.32,N,VIIRS
48.97386,24.7074,302.43,0.52,0.66,2026-08-14,01:37:00,N21,nominal,2.0NRT,282.62,2.23,N,VIIRS
48.67207,22.78197,314.37,0.44,0.62,2026-08-14,01:37:00,N21,nominal,2.0NRT,281.15,1.78,N,VIIRS
48.67529,22.78249,305.43,0.44,0.62,2026-08-14,01:37:00,N21,nominal,2.0NRT,280.29,0.79,N,VIIRS
47.09599,34.10433,348.22,0.62,0.54,2026-08-14,09:43:00,N21,nominal,2.0NRT,305.01,17.33,D,VIIRS
46.95117,35.90523,335.34,0.52,0.5,2026-08-14,09:43:00,N21,nominal,2.0NRT,308.46,9.09,D,VIIRS
47.35218,37.55211,340.08,0.43,0.46,2026-08-14,09:43:00,N21,nominal,2.0NRT,304.62,4.99,D,VIIRS
46.94686,35.90749,367,0.52,0.5,2026-08-14,09:43:00,N21,high,2.0NRT,306.46,9.09,D,VIIRS
46.88821,35.71775,342.23,0.53,0.5,2026-08-14,09:43:00,N21,nominal,2.0NRT,308.94,11.84,D,VIIRS
47.04534,36.37188,348.01,0.49,0.49,2026-08-14,09:43:00,N21,nominal,2.0NRT,307.4,6.35,D,VIIRS
46.88668,35.71304,337.38,0.53,0.5,2026-08-14,09:43:00,N21,nominal,2.0NRT,307.82,9.52,D,VIIRS
46.88833,35.71961,341.02,0.53,0.5,2026-08-14,09:43:00,N21,nominal,2.0NRT,307.5,9.52,D,VIIRS
47.04639,36.37368,350.52,0.49,0.49,2026-08-14,09:43:00,N21,nominal,2.0NRT,307.87,12.6,D,VIIRS
46.84011,35.58812,339.43,0.54,0.51,2026-08-14,09:43:00,N21,nominal,2.0NRT,309.36,4.54,D,VIIRS
47.33701,37.64717,334.02,0.43,0.46,2026-08-14,09:43:00,N21,low,2.0NRT,307.65,5.16,D,VIIRS
46.39167,33.93212,340.45,0.33,0.55,2026-08-14,09:43:00,N21,nominal,2.0NRT,306.36,2.62,D,VIIRS
46.38584,33.93082,338.6,0.33,0.55,2026-08-14,09:43:00,N21,nominal,2.0NRT,306.29,4.77,D,VIIRS
46.4115,34.04435,342.55,0.32,0.55,2026-08-14,09:43:00,N21,nominal,2.0NRT,308.06,3.74,D,VIIRS
47.006,36.32593,338.3,0.49,0.49,2026-08-14,09:43:00,N21,nominal,2.0NRT,304.39,6.31,D,VIIRS
47.18023,37.04065,341.78,0.46,0.47,2026-08-14,09:43:00,N21,nominal,2.0NRT,302.97,5.12,D,VIIRS
47.32505,37.65302,331.94,0.43,0.46,2026-08-14,09:43:00,N21,low,2.0NRT,306.57,4.33,D,VIIRS
46.99019,36.32004,336.65,0.49,0.49,2026-08-14,09:43:00,N21,nominal,2.0NRT,305.96,2.77,D,VIIRS
47.00475,36.43629,337.24,0.49,0.48,2026-08-14,09:43:00,N21,low,2.0NRT,310.89,7.02,D,VIIRS
46.60365,34.91415,340.57,0.59,0.52,2026-08-14,09:43:00,N21,nominal,2.0NRT,308.22,5.84,D,VIIRS
47.14189,37.09119,340.51,0.45,0.47,2026-08-14,09:43:00,N21,nominal,2.0NRT,302.21,5.55,D,VIIRS
46.37328,34.14257,347.4,0.32,0.55,2026-08-14,09:43:00,N21,nominal,2.0NRT,307.42,5.64,D,VIIRS
46.37436,34.14647,333.58,0.32,0.55,2026-08-14,09:43:00,N21,low,2.0NRT,307.83,2.73,D,VIIRS
46.3722,34.13866,367,0.32,0.55,2026-08-14,09:43:00,N21,high,2.0NRT,308.22,5.64,D,VIIRS
46.36494,34.15171,337.16,0.32,0.55,2026-08-14,09:43:00,N21,nominal,2.0NRT,306.59,1.84,D,VIIRS
46.3671,34.15949,354.89,0.32,0.55,2026-08-14,09:43:00,N21,nominal,2.0NRT,306.19,6.65,D,VIIRS
46.36817,34.16338,346.4,0.32,0.55,2026-08-14,09:43:00,N21,nominal,2.0NRT,306.63,6.65,D,VIIRS
46.36024,34.15433,345.9,0.32,0.55,2026-08-14,09:43:00,N21,nominal,2.0NRT,306.97,18.63,D,VIIRS
46.36132,34.15823,335.29,0.32,0.55,2026-08-14,09:43:00,N21,nominal,2.0NRT,305.65,18.63,D,VIIRS
46.3624,34.16211,367,0.32,0.55,2026-08-14,09:43:00,N21,high,2.0NRT,330.32,69.86,D,VIIRS
46.36364,34.15123,342.02,0.32,0.55,2026-08-14,09:43:00,N21,nominal,2.0NRT,307.06,14.34,D,VIIRS
46.36576,34.15904,332.37,0.32,0.55,2026-08-14,09:43:00,N21,nominal,2.0NRT,304.05,23.86,D,VIIRS
46.36681,34.16294,367,0.32,0.55,2026-08-14,09:43:00,N21,high,2.0NRT,308.75,23.86,D,VIIRS
46.36106,34.16167,367,0.32,0.55,2026-08-14,09:43:00,N21,low,2.0NRT,332.94,23.86,D,VIIRS
46.35894,34.15385,339.68,0.32,0.55,2026-08-14,09:43:00,N21,nominal,2.0NRT,307.63,14.34,D,VIIRS
46.36211,34.16558,344.18,0.32,0.55,2026-08-14,09:43:00,N21,nominal,2.0NRT,310.11,23.86,D,VIIRS
46.36077,34.43823,341.46,0.62,0.54,2026-08-14,09:43:00,N21,nominal,2.0NRT,308.46,15.86,D,VIIRS
46.75341,35.96762,344.12,0.52,0.5,2026-08-14,09:43:00,N21,nominal,2.0NRT,308.6,12.74,D,VIIRS
46.64684,35.63064,341.4,0.54,0.51,2026-08-14,09:43:00,N21,nominal,2.0NRT,307.67,13.13,D,VIIRS
47.18026,37.80326,340.99,0.42,0.45,2026-08-14,09:43:00,N21,nominal,2.0NRT,303.49,8.07,D,VIIRS
46.64622,35.62506,341.54,0.54,0.51,2026-08-14,09:43:00,N21,nominal,2.0NRT,308.78,7.9,D,VIIRS
46.76427,36.25044,335.83,0.51,0.49,2026-08-14,09:43:00,N21,low,2.0NRT,310.29,8.1,D,VIIRS
46.75998,36.25263,342.02,0.51,0.49,2026-08-14,09:43:00,N21,nominal,2.0NRT,310.75,8.1,D,VIIRS
46.30252,34.62695,337.47,0.61,0.54,2026-08-14,09:43:00,N21,nominal,2.0NRT,306.6,6.48,D,VIIRS
46.68559,36.09183,345.17,0.52,0.5,2026-08-14,09:43:00,N21,nominal,2.0NRT,310,6.7,D,VIIRS
46.70303,36.21852,343.02,0.51,0.49,2026-08-14,09:43:00,N21,nominal,2.0NRT,312.72,7.95,D,VIIRS
46.72817,36.31827,367,0.5,0.49,2026-08-14,09:43:00,N21,high,2.0NRT,310.59,24.07,D,VIIRS
46.72388,36.32039,341.92,0.5,0.49,2026-08-14,09:43:00,N21,nominal,2.0NRT,302.96,5.36,D,VIIRS
45.96569,33.71976,338.56,0.35,0.56,2026-08-14,09:43:00,N21,nominal,2.0NRT,307.55,3.45,D,VIIRS
46.13257,34.60068,335.67,0.62,0.54,2026-08-14,09:43:00,N21,nominal,2.0NRT,305.87,8.34,D,VIIRS
46.13482,34.59822,338.15,0.62,0.54,2026-08-14,09:43:00,N21,nominal,2.0NRT,306.9,7.26,D,VIIRS
45.71425,33.49759,348.62,0.36,0.57,2026-08-14,09:43:00,N21,nominal,2.0NRT,306.06,19.22,D,VIIRS
45.71546,33.50183,367,0.36,0.57,2026-08-14,09:43:00,N21,high,2.0NRT,309.35,21.72,D,VIIRS
45.70935,33.50043,347.42,0.36,0.57,2026-08-14,09:43:00,N21,nominal,2.0NRT,305.94,19.22,D,VIIRS
45.71056,33.50466,367,0.36,0.57,2026-08-14,09:43:00,N21,high,2.0NRT,308.73,21.72,D,VIIRS
45.71445,33.50269,367,0.36,0.57,2026-08-14,09:43:00,N21,high,2.0NRT,311.2,36.49,D,VIIRS
45.34404,33.33354,342.54,0.38,0.58,2026-08-14,09:43:00,N21,nominal,2.0NRT,305.54,6.83,D,VIIRS
48.4244,29.2133,327.06,0.45,0.63,2026-08-14,09:43:00,N21,low,2.0NRT,298,2.57,D,VIIRS
50.32525,36.97635,340.88,0.38,0.43,2026-08-14,09:43:00,N21,nominal,2.0NRT,300.67,20.75,D,VIIRS
50.28297,36.86638,339.08,0.39,0.44,2026-08-14,09:43:00,N21,nominal,2.0NRT,299.31,4.44,D,VIIRS
48.05823,28.89311,340.09,0.48,0.65,2026-08-14,09:43:00,N21,nominal,2.0NRT,299.6,5.58,D,VIIRS
50.18529,36.59943,330.68,0.4,0.44,2026-08-14,09:43:00,N21,nominal,2.0NRT,297.73,3.58,D,VIIRS
48.05929,28.89315,343.53,0.48,0.65,2026-08-14,09:43:00,N21,nominal,2.0NRT,300.03,6.9,D,VIIRS
50.22467,36.86575,329.82,0.39,0.44,2026-08-14,09:43:00,N21,nominal,2.0NRT,297.16,2.53,D,VIIRS
50.21457,36.95265,342.38,0.39,0.44,2026-08-14,09:43:00,N21,nominal,2.0NRT,304.51,9.68,D,VIIRS
50.21289,37.0758,326.22,0.57,0.43,2026-08-14,09:43:00,N21,nominal,2.0NRT,295.04,2.71,D,VIIRS
50.20911,37.07787,333.03,0.57,0.43,2026-08-14,09:43:00,N21,nominal,2.0NRT,299.03,5.85,D,VIIRS
50.17254,36.99285,331.51,0.39,0.44,2026-08-14,09:43:00,N21,nominal,2.0NRT,293.65,1.88,D,VIIRS
50.25518,37.50648,332.12,0.55,0.43,2026-08-14,09:43:00,N21,nominal,2.0NRT,295.21,6.87,D,VIIRS
50.09156,36.83704,340.15,0.39,0.44,2026-08-14,09:43:00,N21,nominal,2.0NRT,304.15,37.09,D,VIIRS
49.14901,33.55845,339.03,0.57,0.52,2026-08-14,09:43:00,N21,nominal,2.0NRT,299.26,65.27,D,VIIRS
50.00944,37.77604,331.65,0.55,0.42,2026-08-14,09:43:00,N21,nominal,2.0NRT,300.2,7.52,D,VIIRS
50.01106,37.7833,335.1,0.55,0.42,2026-08-14,09:43:00,N21,nominal,2.0NRT,302.7,7.52,D,VIIRS
47.65368,29.30367,329.7,0.48,0.65,2026-08-14,09:43:00,N21,low,2.0NRT,299.99,3.97,D,VIIRS
49.76877,37.43478,344.01,0.57,0.43,2026-08-14,09:43:00,N21,nominal,2.0NRT,300.22,12.75,D,VIIRS
49.765,37.43677,325.63,0.57,0.43,2026-08-14,09:43:00,N21,low,2.0NRT,300.25,6.52,D,VIIRS
47.7491,29.9344,332.48,0.45,0.63,2026-08-14,09:43:00,N21,nominal,2.0NRT,298.39,4.3,D,VIIRS
49.76122,37.43879,335.09,0.57,0.43,2026-08-14,09:43:00,N21,nominal,2.0NRT,297.2,6.52,D,VIIRS
49.76291,37.44629,350.71,0.57,0.43,2026-08-14,09:43:00,N21,nominal,2.0NRT,300.68,15.05,D,VIIRS
49.65622,37.01572,337.19,0.4,0.44,2026-08-14,09:43:00,N21,nominal,2.0NRT,297.23,4.35,D,VIIRS
49.68555,37.51322,333.67,0.57,0.43,2026-08-14,09:43:00,N21,nominal,2.0NRT,294.02,11.19,D,VIIRS
49.82018,38.23525,330.06,0.53,0.42,2026-08-14,09:43:00,N21,nominal,2.0NRT,296.6,3.89,D,VIIRS
49.6703,37.67006,350.85,0.56,0.43,2026-08-14,09:43:00,N21,nominal,2.0NRT,303.15,21.21,D,VIIRS
49.47703,36.90284,333.84,0.4,0.44,2026-08-14,09:43:00,N21,nominal,2.0NRT,294.37,14.84,D,VIIRS
49.61952,37.76215,331.14,0.56,0.43,2026-08-14,09:43:00,N21,nominal,2.0NRT,298.4,11.54,D,VIIRS
49.62116,37.76952,332.35,0.56,0.43,2026-08-14,09:43:00,N21,nominal,2.0NRT,302.36,18.39,D,VIIRS
47.983,31.75102,330.29,0.37,0.58,2026-08-14,09:43:00,N21,nominal,2.0NRT,299.56,1.27,D,VIIRS
49.31449,36.78917,338.44,0.41,0.45,2026-08-14,09:43:00,N21,nominal,2.0NRT,294.16,8.15,D,VIIRS
49.31438,36.78646,342.98,0.41,0.45,2026-08-14,09:43:00,N21,nominal,2.0NRT,294.99,7.96,D,VIIRS
47.98277,31.75107,330.54,0.37,0.58,2026-08-14,09:43:00,N21,nominal,2.0NRT,299.67,1.24,D,VIIRS
47.38851,29.90742,331.68,0.46,0.64,2026-08-14,09:43:00,N21,low,2.0NRT,302.74,6.48,D,VIIRS
47.39038,29.91335,332.07,0.46,0.63,2026-08-14,09:43:00,N21,low,2.0NRT,304.52,12.91,D,VIIRS
49.58849,38.47115,328.89,0.53,0.42,2026-08-14,09:43:00,N21,nominal,2.0NRT,299.84,4.12,D,VIIRS
49.33453,37.83842,327.8,0.56,0.43,2026-08-14,09:43:00,N21,nominal,2.0NRT,296.14,2.71,D,VIIRS
47.78793,31.96047,330.4,0.36,0.58,2026-08-14,09:43:00,N21,low,2.0NRT,304,3.45,D,VIIRS
47.98389,32.6657,331.14,0.33,0.56,2026-08-14,09:43:00,N21,nominal,2.0NRT,299.54,2.64,D,VIIRS
49.27208,37.87844,343.14,0.56,0.43,2026-08-14,09:43:00,N21,nominal,2.0NRT,300.93,11.8,D,VIIRS
48.29178,33.91973,338.32,0.58,0.52,2026-08-14,09:43:00,N21,nominal,2.0NRT,293.42,6.56,D,VIIRS
48.93792,36.51418,330.65,0.43,0.46,2026-08-14,09:43:00,N21,nominal,2.0NRT,299.26,3.98,D,VIIRS
49.22951,37.87585,335.24,0.56,0.43,2026-08-14,09:43:00,N21,nominal,2.0NRT,298.08,8.5,D,VIIRS
49.2298,37.87628,335.27,0.56,0.43,2026-08-14,09:43:00,N21,nominal,2.0NRT,300.12,5.68,D,VIIRS
48.86827,36.52957,337.95,0.43,0.46,2026-08-14,09:43:00,N21,nominal,2.0NRT,297.38,7.51,D,VIIRS
48.79504,37.05272,331.63,0.41,0.45,2026-08-14,09:43:00,N21,nominal,2.0NRT,305.52,23.92,D,VIIRS
48.95091,37.73528,329.45,0.39,0.44,2026-08-14,09:43:00,N21,nominal,2.0NRT,295.52,3.41,D,VIIRS
49.0176,38.09082,333.81,0.56,0.43,2026-08-14,09:43:00,N21,low,2.0NRT,307.83,28.55,D,VIIRS
48.89762,37.70672,339.32,0.39,0.44,2026-08-14,09:43:00,N21,nominal,2.0NRT,300.62,3.72,D,VIIRS
48.9067,37.74673,333.48,0.39,0.44,2026-08-14,09:43:00,N21,nominal,2.0NRT,295.55,2.96,D,VIIRS
48.90738,37.8246,329.77,0.38,0.43,2026-08-14,09:43:00,N21,nominal,2.0NRT,297.56,3.19,D,VIIRS
47.33546,31.92546,335.77,0.38,0.59,2026-08-14,09:43:00,N21,nominal,2.0NRT,305.2,4.62,D,VIIRS
48.57748,36.56921,345.63,0.44,0.46,2026-08-14,09:43:00,N21,nominal,2.0NRT,304.81,10.94,D,VIIRS
48.57621,36.56669,342.48,0.44,0.46,2026-08-14,09:43:00,N21,nominal,2.0NRT,305.22,8.1,D,VIIRS
48.57754,36.57232,346.93,0.44,0.46,2026-08-14,09:43:00,N21,nominal,2.0NRT,308,8.54,D,VIIRS
48.57221,36.56895,329.71,0.44,0.46,2026-08-14,09:43:00,N21,low,2.0NRT,299.96,8.1,D,VIIRS
48.57355,36.57456,349.44,0.44,0.46,2026-08-14,09:43:00,N21,nominal,2.0NRT,307.45,8.54,D,VIIRS
48.57488,36.58018,329.71,0.44,0.46,2026-08-14,09:43:00,N21,nominal,2.0NRT,299.14,8.54,D,VIIRS
47.33649,31.92482,335.42,0.38,0.59,2026-08-14,09:43:00,N21,nominal,2.0NRT,305.27,4.01,D,VIIRS
48.67636,37.69296,351.8,0.39,0.44,2026-08-14,09:43:00,N21,nominal,2.0NRT,309.22,16.29,D,VIIRS
48.67752,37.69803,328.33,0.39,0.44,2026-08-14,09:43:00,N21,nominal,2.0NRT,294.77,16.29,D,VIIRS
48.23552,35.95658,331.84,0.47,0.48,2026-08-14,09:43:00,N21,low,2.0NRT,302.34,4.45,D,VIIRS
47.71117,33.98146,339.52,0.6,0.53,2026-08-14,09:43:00,N21,nominal,2.0NRT,299.37,13.74,D,VIIRS
48.73439,38.15481,340.67,0.56,0.43,2026-08-14,09:43:00,N21,nominal,2.0NRT,297.97,14.9,D,VIIRS
48.50528,37.36671,342.55,0.41,0.45,2026-08-14,09:43:00,N21,nominal,2.0NRT,301.8,12.57,D,VIIRS
48.56116,37.8726,339.31,0.39,0.44,2026-08-14,09:43:00,N21,nominal,2.0NRT,302.69,4.87,D,VIIRS
48.56229,37.87756,336.58,0.39,0.44,2026-08-14,09:43:00,N21,nominal,2.0NRT,300.46,4.87,D,VIIRS
46.57502,30.63288,331.68,0.45,0.63,2026-08-14,09:43:00,N21,nominal,2.0NRT,296.75,1.68,D,VIIRS
47.60746,34.41193,335.45,0.58,0.52,2026-08-14,09:43:00,N21,nominal,2.0NRT,300.41,7.83,D,VIIRS
47.60295,34.41443,340.85,0.58,0.52,2026-08-14,09:43:00,N21,nominal,2.0NRT,303.29,7.16,D,VIIRS
48.39209,37.57457,334.71,0.4,0.44,2026-08-14,09:43:00,N21,nominal,2.0NRT,298.07,2.51,D,VIIRS
47.32046,33.4222,344.58,0.32,0.55,2026-08-14,09:43:00,N21,nominal,2.0NRT,307.2,7.16,D,VIIRS
47.32158,33.42618,367,0.32,0.55,2026-08-14,09:43:00,N21,high,2.0NRT,308.31,7.16,D,VIIRS
47.31576,33.42494,355.54,0.32,0.55,2026-08-14,09:43:00,N21,nominal,2.0NRT,305.03,7.16,D,VIIRS
47.31688,33.42893,344.53,0.32,0.55,2026-08-14,09:43:00,N21,nominal,2.0NRT,303.23,7.16,D,VIIRS
47.42265,33.80924,332.18,0.62,0.54,2026-08-14,09:43:00,N21,low,2.0NRT,303.65,1.62,D,VIIRS
47.39642,33.75319,335.91,0.62,0.54,2026-08-14,09:43:00,N21,nominal,2.0NRT,304.59,4.53,D,VIIRS
47.39855,33.7609,333.55,0.62,0.54,2026-08-14,09:43:00,N21,low,2.0NRT,307.73,7.21,D,VIIRS
48.23444,36.99936,334.74,0.43,0.46,2026-08-14,09:43:00,N21,nominal,2.0NRT,299.89,4.15,D,VIIRS
47.38501,33.75087,348.66,0.63,0.54,2026-08-14,09:43:00,N21,nominal,2.0NRT,305.66,15.58,D,VIIRS
47.40206,33.81229,341.59,0.62,0.54,2026-08-14,09:43:00,N21,nominal,2.0NRT,306.88,14.58,D,VIIRS
47.42496,33.80898,331.39,0.62,0.54,2026-08-14,09:43:00,N21,low,2.0NRT,304.9,4.98,D,VIIRS
47.31536,33.42595,337.42,0.32,0.55,2026-08-14,09:43:00,N21,nominal,2.0NRT,304.16,3.39,D,VIIRS
47.39442,33.75542,343.71,0.63,0.54,2026-08-14,09:43:00,N21,nominal,2.0NRT,308.18,9.72,D,VIIRS
47.2465,33.23613,347.55,0.33,0.55,2026-08-14,09:43:00,N21,nominal,2.0NRT,307.73,6.26,D,VIIRS
47.24764,33.24023,346.85,0.33,0.55,2026-08-14,09:43:00,N21,nominal,2.0NRT,306.79,5.44,D,VIIRS
47.38769,33.7504,343.7,0.63,0.54,2026-08-14,09:43:00,N21,nominal,2.0NRT,305.32,10.52,D,VIIRS
47.40442,33.81206,334.9,0.62,0.54,2026-08-14,09:43:00,N21,low,2.0NRT,306.51,7.32,D,VIIRS
47.3998,33.81475,346.56,0.62,0.54,2026-08-14,09:43:00,N21,nominal,2.0NRT,304.98,31.33,D,VIIRS
47.39518,33.81743,341.17,0.62,0.54,2026-08-14,09:43:00,N21,nominal,2.0NRT,306.63,31.33,D,VIIRS
47.86836,35.63016,338.46,0.5,0.49,2026-08-14,09:43:00,N21,nominal,2.0NRT,300.24,3.84,D,VIIRS
47.86254,35.62621,296.18,0.5,0.49,2026-08-14,09:43:00,N21,low,2.0NRT,304,28.82,D,VIIRS
47.86414,35.63257,340.07,0.5,0.49,2026-08-14,09:43:00,N21,nominal,2.0NRT,302.42,29.23,D,VIIRS
47.88602,35.77749,344.49,0.49,0.49,2026-08-14,09:43:00,N21,nominal,2.0NRT,305.23,10.67,D,VIIRS
47.88182,35.77987,330.96,0.49,0.49,2026-08-14,09:43:00,N21,low,2.0NRT,303.54,3.99,D,VIIRS
45.85047,28.85135,330.64,0.57,0.69,2026-08-14,09:43:00,N21,nominal,2.0NRT,297.26,16.83,D,VIIRS
45.84845,28.84531,367,0.57,0.69,2026-08-14,09:43:00,N21,high,2.0NRT,303.36,28.07,D,VIIRS
46.65969,31.43374,335.33,0.42,0.61,2026-08-14,09:43:00,N21,nominal,2.0NRT,301.62,4.7,D,VIIRS
48.33403,37.73972,349.5,0.4,0.44,2026-08-14,09:43:00,N21,nominal,2.0NRT,298.36,9.4,D,VIIRS
47.23253,33.42329,339.3,0.33,0.55,2026-08-14,09:43:00,N21,nominal,2.0NRT,301.4,1.34,D,VIIRS
48.34217,37.8315,332.21,0.4,0.44,2026-08-14,09:43:00,N21,nominal,2.0NRT,293.1,13.41,D,VIIRS
48.34333,37.83659,338.36,0.39,0.44,2026-08-14,09:43:00,N21,nominal,2.0NRT,299.08,13.41,D,VIIRS
46.7504,31.83586,352.18,0.4,0.6,2026-08-14,09:43:00,N21,nominal,2.0NRT,305.65,7.81,D,VIIRS
46.75183,31.84064,336.66,0.4,0.6,2026-08-14,09:43:00,N21,nominal,2.0NRT,302.75,4.55,D,VIIRS
47.71324,35.28948,340.04,0.52,0.5,2026-08-14,09:43:00,N21,nominal,2.0NRT,301.37,6.99,D,VIIRS
47.52706,34.63821,334.53,0.57,0.52,2026-08-14,09:43:00,N21,low,2.0NRT,305.09,8.42,D,VIIRS
47.52073,34.63368,340.46,0.57,0.52,2026-08-14,09:43:00,N21,nominal,2.0NRT,303.55,8.42,D,VIIRS
47.64861,35.09697,331.15,0.54,0.51,2026-08-14,09:43:00,N21,nominal,2.0NRT,302.01,2.85,D,VIIRS
46.74913,31.83813,353.46,0.4,0.6,2026-08-14,09:43:00,N21,nominal,2.0NRT,304.78,4.91,D,VIIRS
46.75053,31.84292,330.47,0.4,0.6,2026-08-14,09:43:00,N21,nominal,2.0NRT,301.43,4.91,D,VIIRS
47.5233,34.63142,336.38,0.57,0.52,2026-08-14,09:43:00,N21,nominal,2.0NRT,305.17,5.11,D,VIIRS
47.52514,34.63847,344.88,0.57,0.52,2026-08-14,09:43:00,N21,nominal,2.0NRT,305.57,12.26,D,VIIRS
47.8517,36.04063,343.64,0.48,0.48,2026-08-14,09:43:00,N21,nominal,2.0NRT,302.44,8.1,D,VIIRS
47.85322,36.04677,330.56,0.48,0.48,2026-08-14,09:43:00,N21,nominal,2.0NRT,300.26,8.1,D,VIIRS
47.46784,34.55703,352.3,0.57,0.52,2026-08-14,09:43:00,N21,nominal,2.0NRT,306.17,33.47,D,VIIRS
47.84752,36.04289,336.93,0.48,0.48,2026-08-14,09:43:00,N21,nominal,2.0NRT,300.39,8.1,D,VIIRS
47.84903,36.049,339.4,0.48,0.48,2026-08-14,09:43:00,N21,nominal,2.0NRT,299.69,8.1,D,VIIRS
47.23043,33.71402,343.01,0.63,0.54,2026-08-14,09:43:00,N21,nominal,2.0NRT,307.8,10.63,D,VIIRS
47.46076,34.56921,333.72,0.57,0.52,2026-08-14,09:43:00,N21,nominal,2.0NRT,301.79,3.48,D,VIIRS
46.09502,29.91376,335.77,0.51,0.66,2026-08-14,09:43:00,N21,nominal,2.0NRT,301.96,4.4,D,VIIRS
47.22363,33.70897,345.06,0.64,0.54,2026-08-14,09:43:00,N21,nominal,2.0NRT,313.94,43.88,D,VIIRS
47.22575,33.71668,341.14,0.63,0.54,2026-08-14,09:43:00,N21,nominal,2.0NRT,309.39,17.45,D,VIIRS
47.21896,33.71163,351.19,0.64,0.54,2026-08-14,09:43:00,N21,nominal,2.0NRT,307.13,43.88,D,VIIRS
47.22108,33.71934,346.75,0.63,0.54,2026-08-14,09:43:00,N21,nominal,2.0NRT,308.78,17.45,D,VIIRS
48.13316,37.30574,339.76,0.42,0.45,2026-08-14,09:43:00,N21,nominal,2.0NRT,301.01,6.2,D,VIIRS
47.21851,33.72967,353.87,0.63,0.54,2026-08-14,09:43:00,N21,nominal,2.0NRT,309.53,10.81,D,VIIRS
47.31048,34.06644,338.98,0.61,0.53,2026-08-14,09:43:00,N21,nominal,2.0NRT,303.48,7.92,D,VIIRS
47.82059,36.0299,340.5,0.48,0.48,2026-08-14,09:43:00,N21,nominal,2.0NRT,299.95,10.63,D,VIIRS
47.17217,33.58146,338.83,0.32,0.55,2026-08-14,09:43:00,N21,nominal,2.0NRT,306.83,2.47,D,VIIRS
47.21386,33.73238,333.1,0.63,0.54,2026-08-14,09:43:00,N21,low,2.0NRT,307.03,10.81,D,VIIRS
47.04807,33.21677,335.91,0.34,0.56,2026-08-14,09:43:00,N21,nominal,2.0NRT,305.52,3.49,D,VIIRS
47.60798,35.28687,339.69,0.53,0.5,2026-08-14,09:43:00,N21,nominal,2.0NRT,301.87,4.03,D,VIIRS
46.97071,32.96448,339.66,0.35,0.57,2026-08-14,09:43:00,N21,nominal,2.0NRT,303.76,25.05,D,VIIRS
47.04329,33.21957,351.72,0.34,0.56,2026-08-14,09:43:00,N21,nominal,2.0NRT,302.98,6.01,D,VIIRS
47.04445,33.22369,333.28,0.34,0.56,2026-08-14,09:43:00,N21,low,2.0NRT,303.88,5.67,D,VIIRS
46.97193,32.96873,367,0.35,0.57,2026-08-14,09:43:00,N21,high,2.0NRT,318.15,25.05,D,VIIRS
47.04211,33.21545,367,0.34,0.56,2026-08-14,09:43:00,N21,high,2.0NRT,302.09,6.01,D,VIIRS
47.16016,33.67539,334.68,0.32,0.55,2026-08-14,09:43:00,N21,low,2.0NRT,305.4,1.97,D,VIIRS
46.94766,32.94327,335.38,0.35,0.57,2026-08-14,09:43:00,N21,low,2.0NRT,305.8,3.41,D,VIIRS
46.15561,30.35165,344.65,0.48,0.65,2026-08-14,09:43:00,N21,nominal,2.0NRT,298.14,5.06,D,VIIRS
47.61194,35.39775,340.43,0.52,0.5,2026-08-14,09:43:00,N21,nominal,2.0NRT,302.9,4.98,D,VIIRS
46.95049,32.94216,335.12,0.35,0.57,2026-08-14,09:43:00,N21,nominal,2.0NRT,304.78,4.05,D,VIIRS
47.87827,36.55931,342.72,0.46,0.47,2026-08-14,09:43:00,N21,nominal,2.0NRT,306.83,10.24,D,VIIRS
46.15587,30.34929,331.08,0.48,0.65,2026-08-14,09:43:00,N21,nominal,2.0NRT,296.74,3.98,D,VIIRS
47.31452,34.43151,330.77,0.59,0.53,2026-08-14,09:43:00,N21,low,2.0NRT,304.59,8.07,D,VIIRS
47.7167,36.0331,330.85,0.49,0.48,2026-08-14,09:43:00,N21,nominal,2.0NRT,299.13,1.63,D,VIIRS
48.07843,37.5391,351.09,0.41,0.45,2026-08-14,09:43:00,N21,nominal,2.0NRT,305.01,34.55,D,VIIRS
46.52963,31.71344,333.51,0.41,0.61,2026-08-14,09:43:00,N21,nominal,2.0NRT,298.61,4.46,D,VIIRS
47.30482,34.45368,347.91,0.59,0.53,2026-08-14,09:43:00,N21,nominal,2.0NRT,305.93,9.86,D,VIIRS
47.30675,34.46092,340.13,0.59,0.52,2026-08-14,09:43:00,N21,nominal,2.0NRT,305.03,9.89,D,VIIRS
48.07452,37.54113,340.49,0.41,0.45,2026-08-14,09:43:00,N21,nominal,2.0NRT,314.12,34.55,D,VIIRS
46.73837,32.44117,333.45,0.37,0.58,2026-08-14,09:43:00,N21,nominal,2.0NRT,303.41,6.1,D,VIIRS
46.92236,33.0823,334.44,0.35,0.56,2026-08-14,09:43:00,N21,low,2.0NRT,306.58,2.37,D,VIIRS
47.3003,34.45624,331.22,0.59,0.53,2026-08-14,09:43:00,N21,nominal,2.0NRT,303.23,3.45,D,VIIRS
47.91019,36.86363,340.42,0.44,0.46,2026-08-14,09:43:00,N21,nominal,2.0NRT,304.14,6.02,D,VIIRS
47.51001,35.35136,335.7,0.53,0.5,2026-08-14,09:43:00,N21,nominal,2.0NRT,306.49,3.01,D,VIIRS
46.93005,33.24793,340.62,0.34,0.56,2026-08-14,09:43:00,N21,nominal,2.0NRT,306.56,3.03,D,VIIRS
46.78528,32.76241,331.41,0.36,0.57,2026-08-14,09:43:00,N21,low,2.0NRT,303.6,1.87,D,VIIRS
47.56612,35.64608,341.47,0.51,0.49,2026-08-14,09:43:00,N21,nominal,2.0NRT,301.36,10.05,D,VIIRS
47.52368,35.49995,341.87,0.52,0.5,2026-08-14,09:43:00,N21,nominal,2.0NRT,307.94,9.43,D,VIIRS
47.33622,34.80371,347.66,0.56,0.52,2026-08-14,09:43:00,N21,nominal,2.0NRT,305.65,10.7,D,VIIRS
47.33176,34.80618,344.14,0.56,0.52,2026-08-14,09:43:00,N21,nominal,2.0NRT,306.87,7.55,D,VIIRS
47.81765,36.70805,351.13,0.45,0.47,2026-08-14,09:43:00,N21,nominal,2.0NRT,307.32,5.93,D,VIIRS
47.81498,36.71594,335.65,0.45,0.47,2026-08-14,09:43:00,N21,nominal,2.0NRT,305.61,5.93,D,VIIRS
47.52291,35.50217,342.14,0.52,0.5,2026-08-14,09:43:00,N21,nominal,2.0NRT,307.73,12.15,D,VIIRS
47.81782,36.70412,333.87,0.45,0.47,2026-08-14,09:43:00,N21,low,2.0NRT,305.63,4.81,D,VIIRS
47.81919,36.70988,341.76,0.45,0.47,2026-08-14,09:43:00,N21,nominal,2.0NRT,308.11,4.81,D,VIIRS
46.78447,32.76246,331.51,0.36,0.57,2026-08-14,09:43:00,N21,low,2.0NRT,303.54,2.17,D,VIIRS
47.33278,34.79905,336.94,0.56,0.52,2026-08-14,09:43:00,N21,nominal,2.0NRT,306,8.58,D,VIIRS
47.33461,34.80604,348.23,0.56,0.52,2026-08-14,09:43:00,N21,nominal,2.0NRT,307.01,8.58,D,VIIRS
47.67887,36.20688,341.71,0.48,0.48,2026-08-14,09:43:00,N21,nominal,2.0NRT,304.15,6.58,D,VIIRS
47.85684,36.9638,352.39,0.44,0.46,2026-08-14,09:43:00,N21,nominal,2.0NRT,302.78,65.77,D,VIIRS
48.47396,39.7583,341.82,0.5,0.41,2026-08-14,09:43:00,N21,nominal,2.0NRT,306.73,12.21,D,VIIRS
47.32872,34.88118,340.36,0.56,0.51,2026-08-14,09:43:00,N21,nominal,2.0NRT,306.6,8.76,D,VIIRS
47.72746,36.46339,332.94,0.47,0.47,2026-08-14,09:43:00,N21,nominal,2.0NRT,301.32,4.53,D,VIIRS
47.85143,36.97919,342.11,0.44,0.46,2026-08-14,09:43:00,N21,nominal,2.0NRT,298.76,12.42,D,VIIRS
46.65826,32.48333,347.04,0.37,0.58,2026-08-14,09:43:00,N21,nominal,2.0NRT,306.71,3.8,D,VIIRS
47.25694,34.64677,336.98,0.58,0.52,2026-08-14,09:43:00,N21,nominal,2.0NRT,306.81,5.46,D,VIIRS
47.80975,36.84255,354.11,0.45,0.47,2026-08-14,09:43:00,N21,nominal,2.0NRT,309.22,15.7,D,VIIRS
47.81111,36.84823,331.23,0.45,0.47,2026-08-14,09:43:00,N21,low,2.0NRT,303.04,4.34,D,VIIRS
45.67967,29.33487,338.83,0.55,0.68,2026-08-14,09:43:00,N21,nominal,2.0NRT,301.16,9.56,D,VIIRS
46.64935,32.47269,337.05,0.37,0.58,2026-08-14,09:43:00,N21,nominal,2.0NRT,304.24,4.26,D,VIIRS
46.65327,32.48623,339.85,0.37,0.58,2026-08-14,09:43:00,N21,nominal,2.0NRT,307.46,3.8,D,VIIRS
46.65459,32.4908,335.99,0.37,0.58,2026-08-14,09:43:00,N21,nominal,2.0NRT,302.43,3.8,D,VIIRS
46.64032,32.46171,337.91,0.38,0.58,2026-08-14,09:43:00,N21,nominal,2.0NRT,302.29,5.08,D,VIIRS
46.64169,32.46643,350.54,0.38,0.58,2026-08-14,09:43:00,N21,nominal,2.0NRT,307.69,5.08,D,VIIRS
46.63668,32.46932,343.04,0.38,0.58,2026-08-14,09:43:00,N21,nominal,2.0NRT,302.3,5.08,D,VIIRS
46.9931,33.72817,341.83,0.32,0.55,2026-08-14,09:43:00,N21,nominal,2.0NRT,300.66,3.69,D,VIIRS
47.09137,34.10695,337.25,0.62,0.54,2026-08-14,09:43:00,N21,nominal,2.0NRT,303.88,11.12,D,VIIRS
47.07804,34.09709,335.94,0.62,0.54,2026-08-14,09:43:00,N21,low,2.0NRT,307.78,4.94,D,VIIRS
47.08009,34.10464,332.14,0.62,0.54,2026-08-14,09:43:00,N21,low,2.0NRT,307.11,12.58,D,VIIRS
45.7592,29.70426,338.42,0.53,0.67,2026-08-14,09:43:00,N21,nominal,2.0NRT,300.73,7.49,D,VIIRS
47.07342,34.0997,340.25,0.62,0.54,2026-08-14,09:43:00,N21,nominal,2.0NRT,304.58,4.94,D,VIIRS
47.30149,34.95187,334.97,0.56,0.51,2026-08-14,09:43:00,N21,nominal,2.0NRT,304.5,10.6,D,VIIRS
47.68336,36.47362,343.48,0.47,0.48,2026-08-14,09:43:00,N21,nominal,2.0NRT,301.99,5.22,D,VIIRS
45.78585,29.82792,352.46,0.52,0.67,2026-08-14,09:43:00,N21,nominal,2.0NRT,301.13,9.2,D,VIIRS
47.67924,36.47585,330.56,0.47,0.48,2026-08-14,09:43:00,N21,nominal,2.0NRT,298.24,5.22,D,VIIRS
47.2496,34.81324,338.19,0.57,0.52,2026-08-14,09:43:00,N21,nominal,2.0NRT,307.54,5.76,D,VIIRS
47.25702,34.84121,350.97,0.56,0.52,2026-08-14,09:43:00,N21,nominal,2.0NRT,309.77,45.06,D,VIIRS
47.28008,34.94775,349,0.56,0.51,2026-08-14,09:43:00,N21,nominal,2.0NRT,303.62,7.64,D,VIIRS
47.24996,34.85318,348.17,0.56,0.52,2026-08-14,09:43:00,N21,nominal,2.0NRT,308.5,15.52,D,VIIRS
47.25181,34.86017,341.63,0.56,0.52,2026-08-14,09:43:00,N21,nominal,2.0NRT,306.72,10.12,D,VIIRS
46.48742,32.16254,336.86,0.39,0.59,2026-08-14,09:43:00,N21,nominal,2.0NRT,300.26,4.74,D,VIIRS
47.26754,34.93883,345.55,0.56,0.51,2026-08-14,09:43:00,N21,nominal,2.0NRT,304.1,11.84,D,VIIRS
47.30739,35.08992,341.73,0.55,0.51,2026-08-14,09:43:00,N21,nominal,2.0NRT,306.5,25.87,D,VIIRS
47.26052,34.95074,335.28,0.56,0.51,2026-08-14,09:43:00,N21,nominal,2.0NRT,304.42,5.93,D,VIIRS
47.24778,34.85411,345.23,0.56,0.52,2026-08-14,09:43:00,N21,nominal,2.0NRT,306.27,11.4,D,VIIRS
47.30847,35.08927,340.33,0.55,0.51,2026-08-14,09:43:00,N21,nominal,2.0NRT,306.99,21.25,D,VIIRS
47.26497,34.94007,343.81,0.56,0.51,2026-08-14,09:43:00,N21,nominal,2.0NRT,305.82,14.67,D,VIIRS
45.78435,29.829,350.28,0.52,0.67,2026-08-14,09:43:00,N21,nominal,2.0NRT,300.37,7.62,D,VIIRS
47.26234,34.94956,337.04,0.56,0.51,2026-08-14,09:43:00,N21,nominal,2.0NRT,305.76,7.03,D,VIIRS
46.72028,33.04478,334.29,0.35,0.57,2026-08-14,09:43:00,N21,nominal,2.0NRT,298.64,3.69,D,VIIRS
46.65922,32.88974,330.01,0.36,0.57,2026-08-14,09:43:00,N21,low,2.0NRT,303.68,2.48,D,VIIRS
46.60922,32.75515,338.32,0.37,0.58,2026-08-14,09:43:00,N21,nominal,2.0NRT,305.18,3.51,D,VIIRS
46.66065,32.9748,342.34,0.36,0.57,2026-08-14,09:43:00,N21,nominal,2.0NRT,302.32,4.13,D,VIIRS
46.65207,32.96473,337.64,0.36,0.57,2026-08-14,09:43:00,N21,nominal,2.0NRT,302.08,4.36,D,VIIRS
47.46178,35.98384,341.16,0.5,0.49,2026-08-14,09:43:00,N21,nominal,2.0NRT,303.78,4.13,D,VIIRS
47.45755,35.98613,340.99,0.5,0.49,2026-08-14,09:43:00,N21,nominal,2.0NRT,309.64,14.31,D,VIIRS
46.48963,32.46328,351.44,0.38,0.59,2026-08-14,09:43:00,N21,nominal,2.0NRT,301.96,10.49,D,VIIRS
47.34268,35.57169,343.61,0.52,0.5,2026-08-14,09:43:00,N21,nominal,2.0NRT,306.09,6.38,D,VIIRS
47.33836,35.57405,333.56,0.52,0.5,2026-08-14,09:43:00,N21,low,2.0NRT,306.36,6.38,D,VIIRS
46.56231,32.77261,342.85,0.37,0.58,2026-08-14,09:43:00,N21,nominal,2.0NRT,305.18,8.87,D,VIIRS
45.42771,29.16275,338.69,0.57,0.69,2026-08-14,09:43:00,N21,nominal,2.0NRT,299.79,10.22,D,VIIRS
46.76215,33.5109,332.72,0.33,0.56,2026-08-14,09:43:00,N21,low,2.0NRT,303.45,4.14,D,VIIRS
46.7633,33.51498,336.4,0.33,0.56,2026-08-14,09:43:00,N21,nominal,2.0NRT,302.9,4.14,D,VIIRS
46.76445,33.51905,348.24,0.33,0.56,2026-08-14,09:43:00,N21,nominal,2.0NRT,304.3,5.18,D,VIIRS
47.80374,37.54184,339.62,0.42,0.45,2026-08-14,09:43:00,N21,nominal,2.0NRT,301.3,4.7,D,VIIRS
46.58426,32.88808,367,0.36,0.57,2026-08-14,09:43:00,N21,high,2.0NRT,302.27,8.51,D,VIIRS
46.32392,32.04498,349.08,0.4,0.6,2026-08-14,09:43:00,N21,nominal,2.0NRT,301.36,5.81,D,VIIRS
46.32536,32.04977,347.48,0.4,0.6,2026-08-14,09:43:00,N21,nominal,2.0NRT,299.54,5.81,D,VIIRS
47.26818,35.45543,355.49,0.53,0.5,2026-08-14,09:43:00,N21,nominal,2.0NRT,308.84,11.12,D,VIIRS
46.76311,33.51048,332.18,0.33,0.56,2026-08-14,09:43:00,N21,low,2.0NRT,304.19,3.69,D,VIIRS
46.76424,33.51457,337.42,0.33,0.56,2026-08-14,09:43:00,N21,nominal,2.0NRT,303.83,3.69,D,VIIRS
46.76537,33.51866,349.43,0.33,0.56,2026-08-14,09:43:00,N21,nominal,2.0NRT,304.52,5.01,D,VIIRS
46.58352,32.88807,367,0.36,0.57,2026-08-14,09:43:00,N21,high,2.0NRT,303.27,10.05,D,VIIRS
47.26835,35.45708,354.08,0.53,0.5,2026-08-14,09:43:00,N21,nominal,2.0NRT,308.76,9.28,D,VIIRS
45.43095,29.16339,342.17,0.57,0.69,2026-08-14,09:43:00,N21,nominal,2.0NRT,299.38,9.22,D,VIIRS
46.32234,32.04457,343.93,0.4,0.6,2026-08-14,09:43:00,N21,nominal,2.0NRT,302.54,4.96,D,VIIRS
46.32376,32.04938,344.62,0.4,0.6,2026-08-14,09:43:00,N21,nominal,2.0NRT,298.76,4.96,D,VIIRS
46.32517,32.0542,331.69,0.4,0.6,2026-08-14,09:43:00,N21,nominal,2.0NRT,298.23,2.67,D,VIIRS
47.12243,34.9489,341.27,0.56,0.52,2026-08-14,09:43:00,N21,nominal,2.0NRT,306.07,6.42,D,VIIRS
47.2634,35.53472,337.69,0.53,0.5,2026-08-14,09:43:00,N21,nominal,2.0NRT,305.59,5.03,D,VIIRS
46.28052,31.98459,331.42,0.4,0.6,2026-08-14,09:43:00,N21,low,2.0NRT,304.45,5.3,D,VIIRS
46.44416,32.54306,351.3,0.38,0.59,2026-08-14,09:43:00,N21,nominal,2.0NRT,304.97,8.37,D,VIIRS
47.5786,36.82666,339.25,0.45,0.47,2026-08-14,09:43:00,N21,nominal,2.0NRT,304.74,4.54,D,VIIRS
46.27027,31.99079,367,0.4,0.6,2026-08-14,09:43:00,N21,high,2.0NRT,307.33,13.56,D,VIIRS
46.3022,32.11881,367,0.4,0.6,2026-08-14,09:43:00,N21,high,2.0NRT,306.55,19.36,D,VIIRS
47.61649,37.06079,341.39,0.44,0.46,2026-08-14,09:43:00,N21,nominal,2.0NRT,307.17,16.03,D,VIIRS
47.61781,37.06633,343.59,0.44,0.46,2026-08-14,09:43:00,N21,nominal,2.0NRT,298.57,9.03,D,VIIRS
46.29568,32.11708,367,0.4,0.6,2026-08-14,09:43:00,N21,high,2.0NRT,303.9,12.66,D,VIIRS
47.57193,36.89419,337.8,0.45,0.47,2026-08-14,09:43:00,N21,nominal,2.0NRT,303.88,8.59,D,VIIRS
46.57883,33.15229,367,0.35,0.57,2026-08-14,09:43:00,N21,high,2.0NRT,311.23,20.01,D,VIIRS
46.48478,32.86417,330.1,0.36,0.58,2026-08-14,09:43:00,N21,nominal,2.0NRT,301.23,2.98,D,VIIRS
46.48605,32.86857,335.46,0.36,0.58,2026-08-14,09:43:00,N21,nominal,2.0NRT,304.63,2.98,D,VIIRS
46.47858,32.86267,339.16,0.36,0.58,2026-08-14,09:43:00,N21,nominal,2.0NRT,300.87,8.52,D,VIIRS
46.47985,32.86707,367,0.36,0.58,2026-08-14,09:43:00,N21,high,2.0NRT,310.37,15.7,D,VIIRS
46.4649,32.85527,352.5,0.36,0.58,2026-08-14,09:43:00,N21,nominal,2.0NRT,302.52,4.76,D,VIIRS
46.44355,32.82153,336.48,0.37,0.58,2026-08-14,09:43:00,N21,nominal,2.0NRT,304.56,4.4,D,VIIRS
46.51544,33.08966,367,0.35,0.57,2026-08-14,09:43:00,N21,high,2.0NRT,305.88,8.71,D,VIIRS
46.46461,32.8556,341.3,0.37,0.58,2026-08-14,09:43:00,N21,nominal,2.0NRT,301.77,3.71,D,VIIRS
46.44344,32.8217,336.92,0.37,0.58,2026-08-14,09:43:00,N21,nominal,2.0NRT,305.09,4.96,D,VIIRS
47.62256,37.37648,342.73,0.43,0.46,2026-08-14,09:43:00,N21,nominal,2.0NRT,296.3,2.93,D,VIIRS
46.51282,33.08663,331.95,0.36,0.57,2026-08-14,09:43:00,N21,nominal,2.0NRT,302.46,7.5,D,VIIRS
46.51403,33.09092,367,0.36,0.57,2026-08-14,09:43:00,N21,high,2.0NRT,305.39,10.58,D,VIIRS
46.40703,32.755,330.64,0.37,0.58,2026-08-14,09:43:00,N21,nominal,2.0NRT,304.67,6.29,D,VIIRS
46.4248,32.81707,333.57,0.37,0.58,2026-08-14,09:43:00,N21,nominal,2.0NRT,304.56,5.67,D,VIIRS
46.42863,32.83044,352.37,0.37,0.58,2026-08-14,09:43:00,N21,nominal,2.0NRT,302.17,9.44,D,VIIRS
47.83076,38.3437,337.96,0.39,0.44,2026-08-14,09:43:00,N21,nominal,2.0NRT,303.29,6.93,D,VIIRS
46.40575,32.75053,367,0.37,0.58,2026-08-14,09:43:00,N21,high,2.0NRT,306.85,15.12,D,VIIRS
46.42735,32.82599,367,0.37,0.58,2026-08-14,09:43:00,N21,high,2.0NRT,307.67,9.44,D,VIIRS
46.41986,32.81998,338.42,0.37,0.58,2026-08-14,09:43:00,N21,nominal,2.0NRT,304.72,9.41,D,VIIRS
46.42115,32.82446,367,0.37,0.58,2026-08-14,09:43:00,N21,high,2.0NRT,310.48,9.41,D,VIIRS
46.41364,32.81844,333.6,0.37,0.58,2026-08-14,09:43:00,N21,nominal,2.0NRT,303.75,8.54,D,VIIRS
46.41492,32.82288,367,0.37,0.58,2026-08-14,09:43:00,N21,high,2.0NRT,304.95,9.41,D,VIIRS
46.38575,32.74147,330.1,0.37,0.58,2026-08-14,09:43:00,N21,nominal,2.0NRT,299.31,9.62,D,VIIRS
46.4087,32.82137,339.19,0.37,0.58,2026-08-14,09:43:00,N21,nominal,2.0NRT,297.3,11.47,D,VIIRS
46.40998,32.82583,335.72,0.37,0.58,2026-08-14,09:43:00,N21,nominal,2.0NRT,300.64,7.01,D,VIIRS
46.38704,32.74596,367,0.37,0.58,2026-08-14,09:43:00,N21,high,2.0NRT,306.05,15.79,D,VIIRS
46.4025,32.81987,355.6,0.37,0.58,2026-08-14,09:43:00,N21,low,2.0NRT,288.57,11.47,D,VIIRS
46.40377,32.8243,355.54,0.37,0.58,2026-08-14,09:43:00,N21,low,2.0NRT,283.89,11.47,D,VIIRS
46.40122,32.81544,340.75,0.37,0.58,2026-08-14,09:43:00,N21,nominal,2.0NRT,283.2,14.06,D,VIIRS
46.39756,32.82281,367,0.37,0.58,2026-08-14,09:43:00,N21,high,2.0NRT,299.16,6.47,D,VIIRS
46.42176,32.92724,354.41,0.36,0.58,2026-08-14,09:43:00,N21,nominal,2.0NRT,304.31,5.63,D,VIIRS
46.5873,33.5318,338.52,0.34,0.56,2026-08-14,09:43:00,N21,low,2.0NRT,308.62,4.22,D,VIIRS
46.55429,33.49352,333.79,0.34,0.56,2026-08-14,09:43:00,N21,low,2.0NRT,308.09,5.02,D,VIIRS
46.56568,33.5538,337.14,0.34,0.56,2026-08-14,09:43:00,N21,nominal,2.0NRT,308.38,3.74,D,VIIRS
46.55051,33.51968,351.62,0.34,0.56,2026-08-14,09:43:00,N21,nominal,2.0NRT,303.52,5.59,D,VIIRS
46.55167,33.52378,337.12,0.34,0.56,2026-08-14,09:43:00,N21,nominal,2.0NRT,306.28,5.59,D,VIIRS
46.55398,33.53198,331.29,0.34,0.56,2026-08-14,09:43:00,N21,nominal,2.0NRT,305,15.36,D,VIIRS
46.5434,33.51421,348.26,0.34,0.56,2026-08-14,09:43:00,N21,nominal,2.0NRT,302.93,7.44,D,VIIRS
46.54572,33.52242,341.85,0.34,0.56,2026-08-14,09:43:00,N21,nominal,2.0NRT,309.24,5.59,D,VIIRS
46.54919,33.53473,355.26,0.34,0.56,2026-08-14,09:43:00,N21,nominal,2.0NRT,315.18,15.36,D,VIIRS
46.54456,33.51832,367,0.34,0.56,2026-08-14,09:43:00,N21,high,2.0NRT,307.98,7.44,D,VIIRS
46.55034,33.53882,367,0.34,0.56,2026-08-14,09:43:00,N21,high,2.0NRT,307.79,18.95,D,VIIRS
46.53744,33.51284,367,0.34,0.56,2026-08-14,09:43:00,N21,high,2.0NRT,305.13,81.6,D,VIIRS
46.5386,33.51695,367,0.34,0.56,2026-08-14,09:43:00,N21,high,2.0NRT,312.08,21.69,D,VIIRS
46.53031,33.50736,207.38,0.34,0.56,2026-08-14,09:43:00,N21,low,2.0NRT,302.88,104.45,D,VIIRS
46.53264,33.51557,351.55,0.34,0.56,2026-08-14,09:43:00,N21,nominal,2.0NRT,314.77,81.6,D,VIIRS
46.5338,33.51969,347.95,0.34,0.56,2026-08-14,09:43:00,N21,nominal,2.0NRT,308.24,21.69,D,VIIRS
46.53147,33.51146,367,0.34,0.56,2026-08-14,09:43:00,N21,high,2.0NRT,345.59,81.6,D,VIIRS
46.53016,33.52653,350.64,0.34,0.56,2026-08-14,09:43:00,N21,nominal,2.0NRT,309.86,7.93,D,VIIRS
46.529,33.52242,367,0.34,0.56,2026-08-14,09:43:00,N21,high,2.0NRT,306.82,7.93,D,VIIRS
46.53248,33.50859,303.03,0.34,0.56,2026-08-14,09:43:00,N21,low,2.0NRT,304.72,70.08,D,VIIRS
46.53362,33.51271,353.36,0.34,0.56,2026-08-14,09:43:00,N21,nominal,2.0NRT,318.63,70.08,D,VIIRS
46.53591,33.52096,342.54,0.34,0.56,2026-08-14,09:43:00,N21,nominal,2.0NRT,308.79,17.33,D,VIIRS
46.53477,33.51685,367,0.34,0.56,2026-08-14,09:43:00,N21,high,2.0NRT,315.52,17.33,D,VIIRS
46.52768,33.51134,207.38,0.34,0.56,2026-08-14,09:43:00,N21,low,2.0NRT,318.43,70.08,D,VIIRS
46.52997,33.51959,348.22,0.34,0.56,2026-08-14,09:43:00,N21,nominal,2.0NRT,304.08,17.33,D,VIIRS
46.52883,33.51547,367,0.34,0.56,2026-08-14,09:43:00,N21,high,2.0NRT,303.76,70.08,D,VIIRS
46.53111,33.52371,367,0.34,0.56,2026-08-14,09:43:00,N21,high,2.0NRT,309.2,17.33,D,VIIRS
46.42755,33.2331,337.37,0.35,0.57,2026-08-14,09:43:00,N21,nominal,2.0NRT,306.92,3.23,D,VIIRS
46.42875,33.23737,339.32,0.35,0.57,2026-08-14,09:43:00,N21,nominal,2.0NRT,308.09,4.29,D,VIIRS
46.42995,33.24163,347.34,0.35,0.57,2026-08-14,09:43:00,N21,nominal,2.0NRT,307.95,4.29,D,VIIRS
46.42149,33.23167,344.09,0.35,0.57,2026-08-14,09:43:00,N21,nominal,2.0NRT,305.1,5.26,D,VIIRS
46.42269,33.23592,344.34,0.35,0.57,2026-08-14,09:43:00,N21,nominal,2.0NRT,307.76,5.26,D,VIIRS
46.42389,33.24017,335.32,0.35,0.57,2026-08-14,09:43:00,N21,low,2.0NRT,308.38,6.19,D,VIIRS
46.33071,32.952,367,0.36,0.58,2026-08-14,09:43:00,N21,high,2.0NRT,303.02,7.32,D,VIIRS
46.31706,32.94455,331.15,0.37,0.58,2026-08-14,09:43:00,N21,low,2.0NRT,304.02,2.98,D,VIIRS
46.89022,35.05379,340.81,0.57,0.52,2026-08-14,09:43:00,N21,low,2.0NRT,312.47,61.29,D,VIIRS
47.09224,35.85666,339.9,0.51,0.5,2026-08-14,09:43:00,N21,nominal,2.0NRT,304.17,9.03,D,VIIRS
47.68302,38.4343,335.32,0.39,0.44,2026-08-14,09:43:00,N21,nominal,2.0NRT,303.7,3.04,D,VIIRS
47.88844,39.38179,341.66,0.53,0.42,2026-08-14,09:43:00,N21,nominal,2.0NRT,297.9,9.48,D,VIIRS
47.8833,39.37675,346.69,0.53,0.42,2026-08-14,09:43:00,N21,nominal,2.0NRT,309.73,13.39,D,VIIRS
47.88476,39.38351,333.21,0.53,0.42,2026-08-14,09:43:00,N21,low,2.0NRT,303.28,13.39,D,VIIRS
46.27419,33.03562,367,0.36,0.58,2026-08-14,09:43:00,N21,high,2.0NRT,310.11,10.09,D,VIIRS
46.88922,35.2822,333.66,0.55,0.51,2026-08-14,09:43:00,N21,low,2.0NRT,308.66,5.44,D,VIIRS
46.27363,33.03613,367,0.36,0.58,2026-08-14,09:43:00,N21,high,2.0NRT,310.38,10.39,D,VIIRS
46.70444,34.72572,341.47,0.59,0.53,2026-08-14,09:43:00,N21,nominal,2.0NRT,308.18,13.99,D,VIIRS
46.15943,32.8389,342.27,0.37,0.58,2026-08-14,09:43:00,N21,nominal,2.0NRT,305.63,8.87,D,VIIRS
46.23555,33.10384,332.09,0.36,0.57,2026-08-14,09:43:00,N21,nominal,2.0NRT,301.79,5.87,D,VIIRS
46.2368,33.10818,367,0.36,0.57,2026-08-14,09:43:00,N21,high,2.0NRT,308.52,14.75,D,VIIRS
46.20344,33.09192,367,0.36,0.58,2026-08-14,09:43:00,N21,high,2.0NRT,303.74,12.8,D,VIIRS
46.19852,33.09476,335.31,0.36,0.58,2026-08-14,09:43:00,N21,nominal,2.0NRT,302.09,2.72,D,VIIRS
46.95549,35.90297,342.22,0.52,0.5,2026-08-14,09:43:00,N21,nominal,2.0NRT,309.39,5.78,D,VIIRS
49.77828,27.75659,350.22,0.47,0.64,2026-08-14,09:43:00,N21,nominal,2.0NRT,294.7,11.97,D,VIIRS
52.21162,32.67142,344.2,0.5,0.49,2026-08-14,09:45:00,N21,nominal,2.0NRT,300.55,8.06,D,VIIRS
52.21307,32.67226,344.08,0.5,0.49,2026-08-14,09:45:00,N21,nominal,2.0NRT,299.73,9.26,D,VIIRS
46.45795,32.8727,367,0.32,0.55,2026-08-14,11:23:00,N21,high,2.0NRT,309.65,14.63,D,VIIRS
46.45754,32.8643,367,0.32,0.55,2026-08-14,11:23:00,N21,high,2.0NRT,303.55,16.02,D,VIIRS
46.55762,35.55202,332.81,0.44,0.62,2026-08-14,11:23:00,N21,low,2.0NRT,307.62,3.7,D,VIIRS
46.45734,32.8601,353.89,0.32,0.55,2026-08-14,11:23:00,N21,nominal,2.0NRT,295.32,16.02,D,VIIRS
46.4669,32.95225,367,0.32,0.55,2026-08-14,11:23:00,N21,high,2.0NRT,304.62,13.82,D,VIIRS
46.46319,32.87635,367,0.32,0.55,2026-08-14,11:23:00,N21,high,2.0NRT,319.76,21.05,D,VIIRS
46.46298,32.87215,339.8,0.32,0.55,2026-08-14,11:23:00,N21,nominal,2.0NRT,309.77,10.96,D,VIIRS
46.46277,32.86795,330.25,0.32,0.55,2026-08-14,11:23:00,N21,nominal,2.0NRT,305.18,10.96,D,VIIRS
46.46236,32.85955,354.82,0.32,0.55,2026-08-14,11:23:00,N21,nominal,2.0NRT,309.11,8.67,D,VIIRS
46.47195,32.95181,367,0.32,0.55,2026-08-14,11:23:00,N21,high,2.0NRT,306.26,13.82,D,VIIRS
46.46843,32.88002,367,0.32,0.55,2026-08-14,11:23:00,N21,high,2.0NRT,307.73,21.05,D,VIIRS
46.55237,34.96562,333.18,0.41,0.6,2026-08-14,11:23:00,N21,low,2.0NRT,306.19,2.49,D,VIIRS
46.46822,32.87581,344.51,0.32,0.55,2026-08-14,11:23:00,N21,nominal,2.0NRT,310.51,21.05,D,VIIRS
46.44643,32.45123,340.63,0.61,0.54,2026-08-14,11:23:00,N21,nominal,2.0NRT,304.9,7.54,D,VIIRS
46.42581,32.07533,343.72,0.59,0.53,2026-08-14,11:23:00,N21,low,2.0NRT,315.4,22.54,D,VIIRS
46.42537,32.06766,339.88,0.59,0.53,2026-08-14,11:23:00,N21,low,2.0NRT,311.81,22.54,D,VIIRS
46.47346,32.87948,367,0.32,0.55,2026-08-14,11:23:00,N21,high,2.0NRT,310.4,26.3,D,VIIRS
46.5601,35.03501,337.12,0.41,0.61,2026-08-14,11:23:00,N21,nominal,2.0NRT,304.76,2.17,D,VIIRS
46.55811,34.97055,331.69,0.41,0.6,2026-08-14,11:23:00,N21,low,2.0NRT,306.29,1.68,D,VIIRS
46.47325,32.87526,296.71,0.32,0.55,2026-08-14,11:23:00,N21,low,2.0NRT,312.17,26.3,D,VIIRS
46.47849,32.87892,367,0.32,0.55,2026-08-14,11:23:00,N21,high,2.0NRT,305.41,26.3,D,VIIRS
46.47828,32.87473,341.46,0.32,0.55,2026-08-14,11:23:00,N21,nominal,2.0NRT,313.52,26.3,D,VIIRS
46.48331,32.87419,367,0.32,0.55,2026-08-14,11:23:00,N21,high,2.0NRT,302.86,7.62,D,VIIRS
46.4831,32.86998,333.56,0.32,0.55,2026-08-14,11:23:00,N21,nominal,2.0NRT,302.79,2.94,D,VIIRS
46.48289,32.86578,330.49,0.32,0.55,2026-08-14,11:23:00,N21,low,2.0NRT,301.14,2.94,D,VIIRS
46.52365,33.5048,334.45,0.35,0.56,2026-08-14,11:23:00,N21,nominal,2.0NRT,302.65,4.02,D,VIIRS
46.52345,33.50027,352.66,0.35,0.56,2026-08-14,11:23:00,N21,nominal,2.0NRT,302.42,4.02,D,VIIRS
46.52884,33.50428,335.76,0.35,0.56,2026-08-14,11:23:00,N21,nominal,2.0NRT,303.21,4.02,D,VIIRS
46.52864,33.49976,331.42,0.35,0.56,2026-08-14,11:23:00,N21,nominal,2.0NRT,303.61,4.02,D,VIIRS
46.58993,34.92014,367,0.41,0.6,2026-08-14,11:23:00,N21,high,2.0NRT,306.78,8.51,D,VIIRS
46.53382,33.49925,367,0.35,0.56,2026-08-14,11:23:00,N21,high,2.0NRT,301.15,8.29,D,VIIRS
46.51434,33.089,367,0.33,0.55,2026-08-14,11:23:00,N21,high,2.0NRT,310.08,12.79,D,VIIRS
46.59588,35.10315,337.55,0.41,0.61,2026-08-14,11:23:00,N21,low,2.0NRT,307.74,3.45,D,VIIRS
46.58976,34.91482,334.53,0.41,0.6,2026-08-14,11:23:00,N21,nominal,2.0NRT,306.1,5.39,D,VIIRS
46.53403,33.50376,337.06,0.35,0.56,2026-08-14,11:23:00,N21,nominal,2.0NRT,301.1,8.29,D,VIIRS
46.53943,33.5078,367,0.35,0.56,2026-08-14,11:23:00,N21,high,2.0NRT,304.41,7.54,D,VIIRS
46.53901,33.49876,367,0.35,0.56,2026-08-14,11:23:00,N21,high,2.0NRT,301.84,8.29,D,VIIRS
46.53964,33.51234,339.22,0.35,0.56,2026-08-14,11:23:00,N21,nominal,2.0NRT,304.6,7.54,D,VIIRS
46.53881,33.49427,355.1,0.35,0.56,2026-08-14,11:23:00,N21,nominal,2.0NRT,301.99,6.55,D,VIIRS
46.5386,33.48978,330.71,0.35,0.56,2026-08-14,11:23:00,N21,low,2.0NRT,305.06,6.55,D,VIIRS
46.59961,34.87688,336.58,0.4,0.6,2026-08-14,11:23:00,N21,nominal,2.0NRT,300.8,3.13,D,VIIRS
46.54504,33.51636,338.88,0.35,0.56,2026-08-14,11:23:00,N21,nominal,2.0NRT,307.26,5.74,D,VIIRS
46.54483,33.51183,355.53,0.35,0.56,2026-08-14,11:23:00,N21,nominal,2.0NRT,302.69,6.95,D,VIIRS
46.5442,33.49828,341.16,0.35,0.56,2026-08-14,11:23:00,N21,nominal,2.0NRT,299.62,3.34,D,VIIRS
46.49166,32.46227,340.43,0.61,0.54,2026-08-14,11:23:00,N21,nominal,2.0NRT,304.87,9.03,D,VIIRS
46.55023,33.515860000000004,347.74,0.35,0.56,2026-08-14,11:23:00,N21,nominal,2.0NRT,303.59,5.74,D,VIIRS
46.55458,33.49728,339.21,0.35,0.56,2026-08-14,11:23:00,N21,nominal,2.0NRT,304.72,3.06,D,VIIRS
46.646,35.63317,342.84,0.44,0.62,2026-08-14,11:23:00,N21,nominal,2.0NRT,306.26,4.56,D,VIIRS
46.64583,35.62725,331.38,0.44,0.62,2026-08-14,11:23:00,N21,low,2.0NRT,305.85,4.56,D,VIIRS
46.60993,35.0673,338.07,0.41,0.61,2026-08-14,11:23:00,N21,nominal,2.0NRT,305.8,3.13,D,VIIRS
46.55548,33.48954,340.57,0.35,0.56,2026-08-14,11:23:00,N21,nominal,2.0NRT,305.78,5.32,D,VIIRS
46.64133,35.63127,337.48,0.44,0.62,2026-08-14,11:23:00,N21,nominal,2.0NRT,307.1,3.83,D,VIIRS
46.64708,35.63086,349.99,0.44,0.62,2026-08-14,11:23:00,N21,nominal,2.0NRT,306.96,4.72,D,VIIRS
46.58354,33.53674,340.39,0.35,0.57,2026-08-14,11:23:00,N21,nominal,2.0NRT,303.66,2.74,D,VIIRS
46.58875,33.53628,367,0.35,0.57,2026-08-14,11:23:00,N21,high,2.0NRT,309.95,33.28,D,VIIRS
46.68044,36.08634,341.02,0.46,0.64,2026-08-14,11:23:00,N21,nominal,2.0NRT,305.68,3.97,D,VIIRS
46.57944,32.8856,367,0.32,0.55,2026-08-14,11:23:00,N21,high,2.0NRT,298.16,42.71,D,VIIRS
46.58469,32.88931,367,0.32,0.55,2026-08-14,11:23:00,N21,high,2.0NRT,300.81,49.38,D,VIIRS
46.72079,36.32573,352.31,0.48,0.64,2026-08-14,11:23:00,N21,nominal,2.0NRT,304.61,26.05,D,VIIRS
46.72672,36.3254,355.41,0.48,0.64,2026-08-14,11:23:00,N21,nominal,2.0NRT,301.41,26.05,D,VIIRS
46.72659,36.31907,339.51,0.48,0.64,2026-08-14,11:23:00,N21,nominal,2.0NRT,306.86,17,D,VIIRS
46.7049,34.72389,334.88,0.4,0.6,2026-08-14,11:23:00,N21,low,2.0NRT,307.29,5.05,D,VIIRS
46.75408,35.97325,344.35,0.46,0.63,2026-08-14,11:23:00,N21,nominal,2.0NRT,306.33,8.66,D,VIIRS
46.64938,32.9636,333.78,0.33,0.55,2026-08-14,11:23:00,N21,nominal,2.0NRT,300.4,2.49,D,VIIRS
46.64916,32.95935,339.74,0.33,0.55,2026-08-14,11:23:00,N21,nominal,2.0NRT,297.81,2.49,D,VIIRS
46.70472,34.72472,344.08,0.4,0.6,2026-08-14,11:23:00,N21,nominal,2.0NRT,307.51,4.63,D,VIIRS
46.75305,35.96922,334.07,0.46,0.63,2026-08-14,11:23:00,N21,low,2.0NRT,307.8,6.78,D,VIIRS
46.65764,32.95341,339.44,0.33,0.55,2026-08-14,11:23:00,N21,nominal,2.0NRT,304.66,5.24,D,VIIRS
46.73571,34.83318,331.4,0.4,0.6,2026-08-14,11:23:00,N21,low,2.0NRT,304.68,3.55,D,VIIRS
46.83672,35.58609,343.15,0.44,0.62,2026-08-14,11:23:00,N21,nominal,2.0NRT,310.08,6.38,D,VIIRS
46.83656,35.58031,342.91,0.44,0.62,2026-08-14,11:23:00,N21,nominal,2.0NRT,305.81,6.38,D,VIIRS
46.83794,35.5837,367,0.44,0.62,2026-08-14,11:23:00,N21,high,2.0NRT,309.29,12.57,D,VIIRS
46.79695,33.24108,341.14,0.34,0.56,2026-08-14,11:23:00,N21,nominal,2.0NRT,307.33,5.54,D,VIIRS
46.89331,35.73232,335.45,0.45,0.63,2026-08-14,11:23:00,N21,nominal,2.0NRT,304.66,4.39,D,VIIRS
46.88098,35.05711,332.71,0.41,0.61,2026-08-14,11:23:00,N21,low,2.0NRT,306.18,2.96,D,VIIRS
46.91198,36.04308,367,0.46,0.64,2026-08-14,11:23:00,N21,high,2.0NRT,309.66,28.34,D,VIIRS
46.88659,35.05669,338.22,0.41,0.61,2026-08-14,11:23:00,N21,nominal,2.0NRT,304.51,4.65,D,VIIRS
46.89202,35.05078,331.52,0.41,0.61,2026-08-14,11:23:00,N21,low,2.0NRT,304.37,4.65,D,VIIRS
46.74969,31.84465,341.48,0.58,0.52,2026-08-14,11:23:00,N21,nominal,2.0NRT,306.39,12.33,D,VIIRS
46.92541,35.86092,367,0.45,0.63,2026-08-14,11:23:00,N21,high,2.0NRT,307.87,17.34,D,VIIRS
46.9113,35.32179,367,0.43,0.62,2026-08-14,11:23:00,N21,high,2.0NRT,306.36,10.33,D,VIIRS
46.90701,34.21993,367,0.38,0.59,2026-08-14,11:23:00,N21,high,2.0NRT,321.98,44.49,D,VIIRS
46.90681,34.21495,367,0.38,0.59,2026-08-14,11:23:00,N21,high,2.0NRT,311.47,44.49,D,VIIRS
46.9122,34.2145,333.14,0.38,0.59,2026-08-14,11:23:00,N21,nominal,2.0NRT,307.16,3.03,D,VIIRS
46.90947,34.22188,367,0.38,0.59,2026-08-14,11:23:00,N21,high,2.0NRT,308.88,47.64,D,VIIRS
46.90913,34.21189,350.97,0.38,0.59,2026-08-14,11:23:00,N21,nominal,2.0NRT,308.31,22.46,D,VIIRS
46.9093,34.21688,297.08,0.38,0.59,2026-08-14,11:23:00,N21,low,2.0NRT,315.21,47.64,D,VIIRS
46.99228,36.32193,354.31,0.48,0.65,2026-08-14,11:23:00,N21,nominal,2.0NRT,303.76,7.15,D,VIIRS
47.00461,36.34633,337.11,0.48,0.65,2026-08-14,11:23:00,N21,nominal,2.0NRT,299.79,8.56,D,VIIRS
47.01056,36.34604,332.85,0.48,0.65,2026-08-14,11:23:00,N21,low,2.0NRT,303,6.47,D,VIIRS
46.91594,33.08816,367,0.33,0.55,2026-08-14,11:23:00,N21,high,2.0NRT,308.15,5.2,D,VIIRS
47.02454,36.46103,341.56,0.49,0.65,2026-08-14,11:23:00,N21,nominal,2.0NRT,299.3,26.31,D,VIIRS
47.02443,36.45454,351.2,0.49,0.65,2026-08-14,11:23:00,N21,nominal,2.0NRT,300.3,26.31,D,VIIRS
47.00759,35.03482,334.89,0.41,0.61,2026-08-14,11:23:00,N21,nominal,2.0NRT,304.32,2.87,D,VIIRS
47.04689,36.37651,333.82,0.48,0.65,2026-08-14,11:23:00,N21,low,2.0NRT,305.55,7.89,D,VIIRS
47.04677,36.37025,341.83,0.48,0.65,2026-08-14,11:23:00,N21,nominal,2.0NRT,303.48,7.06,D,VIIRS
46.98671,33.73349,341.53,0.36,0.57,2026-08-14,11:23:00,N21,nominal,2.0NRT,304.77,8.42,D,VIIRS
46.99197,33.73297,367,0.36,0.57,2026-08-14,11:23:00,N21,high,2.0NRT,306.45,8.42,D,VIIRS
46.99177,33.7283,367,0.36,0.57,2026-08-14,11:23:00,N21,high,2.0NRT,307.76,17.4,D,VIIRS
46.93816,32.62047,343.88,0.63,0.54,2026-08-14,11:23:00,N21,nominal,2.0NRT,308.36,13.43,D,VIIRS
46.9106,32.25756,342.17,0.61,0.53,2026-08-14,11:23:00,N21,nominal,2.0NRT,304.99,7.6,D,VIIRS
46.9102,32.24958,336.81,0.61,0.53,2026-08-14,11:23:00,N21,nominal,2.0NRT,305.93,5.21,D,VIIRS
46.93856,32.6233,342.23,0.63,0.54,2026-08-14,11:23:00,N21,nominal,2.0NRT,308.44,17.06,D,VIIRS
46.99145,33.73257,367,0.36,0.57,2026-08-14,11:23:00,N21,high,2.0NRT,307.8,10.07,D,VIIRS
46.99127,33.7279,349.44,0.36,0.57,2026-08-14,11:23:00,N21,nominal,2.0NRT,306.58,10.07,D,VIIRS
46.99654,33.72736,353.1,0.36,0.57,2026-08-14,11:23:00,N21,nominal,2.0NRT,303.76,5.94,D,VIIRS
46.9698,32.96759,338.29,0.33,0.55,2026-08-14,11:23:00,N21,nominal,2.0NRT,304.11,1.09,D,VIIRS
46.97488,32.96704,343,0.33,0.55,2026-08-14,11:23:00,N21,nominal,2.0NRT,307.26,4.55,D,VIIRS
46.97468,32.96272,342.53,0.33,0.55,2026-08-14,11:23:00,N21,nominal,2.0NRT,306.1,4.67,D,VIIRS
47.08752,34.95353,335.71,0.41,0.61,2026-08-14,11:23:00,N21,nominal,2.0NRT,298.09,109.46,D,VIIRS
47.08736,34.9481,367,0.41,0.61,2026-08-14,11:23:00,N21,low,2.0NRT,341.04,109.46,D,VIIRS
47.0872,34.94267,207.38,0.41,0.61,2026-08-14,11:23:00,N21,low,2.0NRT,312.33,131.62,D,VIIRS
47.09311,34.95315,367,0.41,0.61,2026-08-14,11:23:00,N21,high,2.0NRT,311.69,37.92,D,VIIRS
47.09278,34.94229,349.64,0.41,0.61,2026-08-14,11:23:00,N21,nominal,2.0NRT,303.64,16.87,D,VIIRS
47.0987,34.95277,367,0.41,0.61,2026-08-14,11:23:00,N21,high,2.0NRT,308.02,37.92,D,VIIRS
47.09853,34.94733,367,0.41,0.61,2026-08-14,11:23:00,N21,high,2.0NRT,305.62,37.92,D,VIIRS
47.09887,34.9582,336.51,0.41,0.61,2026-08-14,11:23:00,N21,nominal,2.0NRT,301.58,17.48,D,VIIRS
47.09837,34.94191,336.8,0.41,0.61,2026-08-14,11:23:00,N21,nominal,2.0NRT,302.75,16.87,D,VIIRS
47.0603,33.86525,351.83,0.36,0.58,2026-08-14,11:23:00,N21,nominal,2.0NRT,306.42,7.8,D,VIIRS
47.10411,34.94696,330.17,0.41,0.61,2026-08-14,11:23:00,N21,nominal,2.0NRT,304.45,6.69,D,VIIRS
47.10395,34.94153,349.52,0.41,0.61,2026-08-14,11:23:00,N21,nominal,2.0NRT,303.34,7.06,D,VIIRS
47.07535,34.11313,336.18,0.37,0.58,2026-08-14,11:23:00,N21,nominal,2.0NRT,305.19,3.6,D,VIIRS
47.04258,33.2117,367,0.34,0.56,2026-08-14,11:23:00,N21,high,2.0NRT,307.54,5.77,D,VIIRS
47.11003,34.95744,334.83,0.41,0.61,2026-08-14,11:23:00,N21,nominal,2.0NRT,303.15,4.88,D,VIIRS
47.1097,34.94658,335.25,0.41,0.61,2026-08-14,11:23:00,N21,nominal,2.0NRT,302.57,6.69,D,VIIRS
47.08072,34.11267,335.5,0.37,0.58,2026-08-14,11:23:00,N21,nominal,2.0NRT,303.14,3.6,D,VIIRS
47.04299,33.22061,330.15,0.34,0.56,2026-08-14,11:23:00,N21,low,2.0NRT,305.12,4.6,D,VIIRS
47.08627,34.11717,367,0.37,0.58,2026-08-14,11:23:00,N21,high,2.0NRT,307.08,14.13,D,VIIRS
47.08608,34.11221,335.48,0.37,0.58,2026-08-14,11:23:00,N21,nominal,2.0NRT,305.12,4.66,D,VIIRS
47.17623,37.87209,330.87,0.57,0.69,2026-08-14,11:23:00,N21,nominal,2.0NRT,299.75,7.29,D,VIIRS
47.12104,34.95125,340.41,0.41,0.61,2026-08-14,11:23:00,N21,nominal,2.0NRT,303.54,4.54,D,VIIRS
47.12087,34.94584,337.6,0.41,0.61,2026-08-14,11:23:00,N21,nominal,2.0NRT,304.63,4.54,D,VIIRS
47.09145,34.11177,345.72,0.37,0.58,2026-08-14,11:23:00,N21,nominal,2.0NRT,302.73,4.66,D,VIIRS
47.09126,34.10681,331.48,0.37,0.58,2026-08-14,11:23:00,N21,low,2.0NRT,306.16,4.66,D,VIIRS
47.18259,37.87197,353.67,0.57,0.69,2026-08-14,11:23:00,N21,nominal,2.0NRT,303.34,15.95,D,VIIRS
47.09332,33.89108,336.16,0.36,0.58,2026-08-14,11:23:00,N21,nominal,2.0NRT,303.22,3.15,D,VIIRS
47.19407,37.70894,330.55,0.56,0.69,2026-08-14,11:23:00,N21,nominal,2.0NRT,295.74,1.69,D,VIIRS
47.10425,34.09344,341.96,0.37,0.58,2026-08-14,11:23:00,N21,nominal,2.0NRT,305.17,4.36,D,VIIRS
47.17801,37.87246,331.36,0.57,0.69,2026-08-14,11:23:00,N21,nominal,2.0NRT,300.88,6.37,D,VIIRS
47.18438,37.87233,352.46,0.57,0.69,2026-08-14,11:23:00,N21,nominal,2.0NRT,303.85,14.53,D,VIIRS
47.19663,37.70872,330.38,0.56,0.69,2026-08-14,11:23:00,N21,nominal,2.0NRT,295.07,1.54,D,VIIRS
47.1909,35.79676,345.9,0.45,0.63,2026-08-14,11:23:00,N21,nominal,2.0NRT,305.58,6.11,D,VIIRS
47.17464,34.40553,338.7,0.39,0.59,2026-08-14,11:23:00,N21,nominal,2.0NRT,303.34,4.29,D,VIIRS
47.18045,34.41544,353.84,0.39,0.59,2026-08-14,11:23:00,N21,nominal,2.0NRT,305.36,8.57,D,VIIRS
47.16301,33.67642,337.67,0.36,0.57,2026-08-14,11:23:00,N21,nominal,2.0NRT,305.34,2.62,D,VIIRS
47.2064,34.37753,330.49,0.39,0.59,2026-08-14,11:23:00,N21,low,2.0NRT,303.34,2.68,D,VIIRS
47.20491,34.33664,334.19,0.38,0.59,2026-08-14,11:23:00,N21,low,2.0NRT,306.56,5.67,D,VIIRS
47.17478,33.58117,335.14,0.35,0.57,2026-08-14,11:23:00,N21,low,2.0NRT,305.52,5.47,D,VIIRS
47.17458,33.57654,334.3,0.35,0.57,2026-08-14,11:23:00,N21,low,2.0NRT,306.64,4.2,D,VIIRS
47.23925,34.84897,367,0.41,0.6,2026-08-14,11:23:00,N21,high,2.0NRT,303.48,13.9,D,VIIRS
47.24481,34.84863,343.41,0.41,0.6,2026-08-14,11:23:00,N21,nominal,2.0NRT,303.18,13.9,D,VIIRS
47.2691,35.45649,338.24,0.44,0.62,2026-08-14,11:23:00,N21,nominal,2.0NRT,304.26,4.68,D,VIIRS
47.25377,34.95139,336.84,0.41,0.61,2026-08-14,11:23:00,N21,nominal,2.0NRT,302.69,4.21,D,VIIRS
47.24929,34.81597,340.45,0.41,0.6,2026-08-14,11:23:00,N21,nominal,2.0NRT,304.84,8.34,D,VIIRS
47.23827,34.84637,367,0.41,0.6,2026-08-14,11:23:00,N21,high,2.0NRT,301.35,16.47,D,VIIRS
47.24384,34.84601,355.34,0.41,0.6,2026-08-14,11:23:00,N21,nominal,2.0NRT,302.13,12.33,D,VIIRS
47.24848,34.81326,332.73,0.41,0.6,2026-08-14,11:23:00,N21,low,2.0NRT,305.79,5.2,D,VIIRS
47.27084,35.45976,335.3,0.44,0.62,2026-08-14,11:23:00,N21,nominal,2.0NRT,301.59,3.52,D,VIIRS
47.21786,33.7351,336.52,0.36,0.57,2026-08-14,11:23:00,N21,low,2.0NRT,306.91,7.43,D,VIIRS
47.2175,33.72563,337.02,0.36,0.57,2026-08-14,11:23:00,N21,nominal,2.0NRT,305.91,3.93,D,VIIRS
47.22203,33.70581,367,0.36,0.57,2026-08-14,11:23:00,N21,high,2.0NRT,307.13,6.92,D,VIIRS
47.22259,33.72025,344.31,0.36,0.57,2026-08-14,11:23:00,N21,nominal,2.0NRT,307.29,3.93,D,VIIRS
47.20295,33.23877,330.25,0.34,0.56,2026-08-14,11:23:00,N21,low,2.0NRT,304.23,3.15,D,VIIRS
47.22786,33.71973,337.73,0.36,0.57,2026-08-14,11:23:00,N21,nominal,2.0NRT,307.64,3.52,D,VIIRS
47.22748,33.71009,333.35,0.36,0.57,2026-08-14,11:23:00,N21,nominal,2.0NRT,305.57,3.4,D,VIIRS
47.22037,33.53134,337.63,0.35,0.57,2026-08-14,11:23:00,N21,nominal,2.0NRT,306.09,2.61,D,VIIRS
47.26554,34.64155,367,0.4,0.6,2026-08-14,11:23:00,N21,high,2.0NRT,301.03,9.63,D,VIIRS
47.26037,34.47883,367,0.39,0.59,2026-08-14,11:23:00,N21,high,2.0NRT,303.97,10.92,D,VIIRS
47.2602,34.47364,354.43,0.39,0.59,2026-08-14,11:23:00,N21,nominal,2.0NRT,305.45,10.92,D,VIIRS
47.23314,33.71917,335.84,0.36,0.57,2026-08-14,11:23:00,N21,low,2.0NRT,306.88,3.52,D,VIIRS
47.23294,33.71438,338.41,0.36,0.57,2026-08-14,11:23:00,N21,nominal,2.0NRT,306.76,3.4,D,VIIRS
47.28038,34.9524,367,0.41,0.61,2026-08-14,11:23:00,N21,high,2.0NRT,305.2,16.4,D,VIIRS
47.28023,34.94694,348.04,0.41,0.61,2026-08-14,11:23:00,N21,nominal,2.0NRT,303.8,10.57,D,VIIRS
47.2655,34.46803,330.34,0.39,0.59,2026-08-14,11:23:00,N21,low,2.0NRT,305.2,2.66,D,VIIRS
47.27096,34.46761,338.76,0.39,0.59,2026-08-14,11:23:00,N21,nominal,2.0NRT,307.25,2.66,D,VIIRS
47.34096,36.31044,367,0.48,0.65,2026-08-14,11:23:00,N21,high,2.0NRT,303.77,34.42,D,VIIRS
47.35337,37.17957,349.83,0.53,0.67,2026-08-14,11:23:00,N21,nominal,2.0NRT,303.35,8.95,D,VIIRS
47.34691,36.31015,367,0.48,0.65,2026-08-14,11:23:00,N21,high,2.0NRT,306.37,23.48,D,VIIRS
47.29776,34.45004,367,0.39,0.59,2026-08-14,11:23:00,N21,high,2.0NRT,304.44,7.42,D,VIIRS
47.3468,36.30386,336.15,0.48,0.65,2026-08-14,11:23:00,N21,nominal,2.0NRT,295.13,23.48,D,VIIRS
47.24953,33.23866,345.75,0.34,0.56,2026-08-14,11:23:00,N21,nominal,2.0NRT,308.59,4.23,D,VIIRS
47.30322,34.44962,367,0.39,0.59,2026-08-14,11:23:00,N21,high,2.0NRT,305.35,7.42,D,VIIRS
47.30376,34.46513,330.45,0.39,0.59,2026-08-14,11:23:00,N21,low,2.0NRT,304.63,5.18,D,VIIRS
47.3034,34.45479,334.05,0.39,0.59,2026-08-14,11:23:00,N21,nominal,2.0NRT,304.55,7.42,D,VIIRS
47.32326,34.88926,330.85,0.41,0.61,2026-08-14,11:23:00,N21,low,2.0NRT,303.58,4.45,D,VIIRS
47.32867,34.88346,336.04,0.41,0.61,2026-08-14,11:23:00,N21,nominal,2.0NRT,302.6,4.45,D,VIIRS
47.18506,31.71439,340.4,0.57,0.52,2026-08-14,11:23:00,N21,nominal,2.0NRT,299.07,7.08,D,VIIRS
47.18985,31.71375,352.58,0.57,0.52,2026-08-14,11:23:00,N21,nominal,2.0NRT,306.47,41.91,D,VIIRS
47.33718,34.80153,330.28,0.41,0.6,2026-08-14,11:23:00,N21,low,2.0NRT,302.25,3.36,D,VIIRS
47.31084,34.06805,334.81,0.37,0.58,2026-08-14,11:23:00,N21,nominal,2.0NRT,303.73,3.66,D,VIIRS
47.36042,35.00176,367,0.41,0.61,2026-08-14,11:23:00,N21,high,2.0NRT,300.83,8.8,D,VIIRS
47.33619,34.8023,332.52,0.41,0.6,2026-08-14,11:23:00,N21,low,2.0NRT,303.2,5.01,D,VIIRS
47.31357,34.06798,338.28,0.37,0.58,2026-08-14,11:23:00,N21,nominal,2.0NRT,302.71,5.81,D,VIIRS
47.35839,35.00273,354.02,0.41,0.61,2026-08-14,11:23:00,N21,nominal,2.0NRT,300.66,9.15,D,VIIRS
47.36375,34.2705,349.93,0.38,0.59,2026-08-14,11:23:00,N21,nominal,2.0NRT,306.49,9.92,D,VIIRS
47.3635,34.10915,367,0.38,0.58,2026-08-14,11:23:00,N21,high,2.0NRT,300.03,5.12,D,VIIRS
47.36332,34.1041,331.53,0.38,0.58,2026-08-14,11:23:00,N21,nominal,2.0NRT,298.8,5.12,D,VIIRS
47.36296,34.0941,336.88,0.37,0.58,2026-08-14,11:23:00,N21,nominal,2.0NRT,298.59,4.46,D,VIIRS
47.36869,34.10344,367,0.38,0.58,2026-08-14,11:23:00,N21,high,2.0NRT,303.77,10.94,D,VIIRS
47.36833,34.09348,367,0.37,0.58,2026-08-14,11:23:00,N21,high,2.0NRT,301.36,13.93,D,VIIRS
47.36305,33.9505,337.29,0.37,0.58,2026-08-14,11:23:00,N21,nominal,2.0NRT,303.86,5.62,D,VIIRS
47.37388,34.09785,341.3,0.38,0.58,2026-08-14,11:23:00,N21,nominal,2.0NRT,304.75,13.93,D,VIIRS
47.3737,34.09288,349.09,0.37,0.58,2026-08-14,11:23:00,N21,nominal,2.0NRT,303.09,13.93,D,VIIRS
47.35896,33.7074,333.04,0.36,0.57,2026-08-14,11:23:00,N21,low,2.0NRT,306.46,3.84,D,VIIRS
47.37925,34.09725,367,0.38,0.58,2026-08-14,11:23:00,N21,high,2.0NRT,306.92,6.39,D,VIIRS
47.37943,34.10218,336.82,0.38,0.58,2026-08-14,11:23:00,N21,nominal,2.0NRT,301.15,4.17,D,VIIRS
47.37907,34.0923,333,0.37,0.58,2026-08-14,11:23:00,N21,nominal,2.0NRT,298.64,6.39,D,VIIRS
47.36461,33.71646,349.83,0.36,0.57,2026-08-14,11:23:00,N21,nominal,2.0NRT,304.58,10.55,D,VIIRS
47.36423,33.70692,351.62,0.36,0.57,2026-08-14,11:23:00,N21,nominal,2.0NRT,307.42,8,D,VIIRS
47.3697,33.71121,367,0.36,0.57,2026-08-14,11:23:00,N21,high,2.0NRT,307.23,10.55,D,VIIRS
47.36951,33.70645,367,0.36,0.57,2026-08-14,11:23:00,N21,high,2.0NRT,304.78,8,D,VIIRS
47.38944,33.80583,333.31,0.36,0.58,2026-08-14,11:23:00,N21,nominal,2.0NRT,300.86,4.06,D,VIIRS
47.39514,33.81501,333.01,0.36,0.58,2026-08-14,11:23:00,N21,nominal,2.0NRT,299.96,2.27,D,VIIRS
47.29608,31.80312,342.31,0.58,0.52,2026-08-14,11:23:00,N21,nominal,2.0NRT,308.75,13.51,D,VIIRS
47.40064,33.81937,332.44,0.36,0.58,2026-08-14,11:23:00,N21,nominal,2.0NRT,302.1,4.43,D,VIIRS
47.39808,33.75679,330.13,0.36,0.57,2026-08-14,11:23:00,N21,low,2.0NRT,305.05,3.81,D,VIIRS
47.40496,33.79481,367,0.36,0.58,2026-08-14,11:23:00,N21,high,2.0NRT,306.75,12.92,D,VIIRS
47.40476,33.79,337.04,0.36,0.58,2026-08-14,11:23:00,N21,nominal,2.0NRT,303.04,7.8,D,VIIRS
47.41025,33.79432,330.87,0.36,0.58,2026-08-14,11:23:00,N21,nominal,2.0NRT,301.08,1.46,D,VIIRS
47.33706,31.92263,333.29,0.59,0.53,2026-08-14,11:23:00,N21,low,2.0NRT,305.35,4.55,D,VIIRS
47.40915,33.79623,339.48,0.36,0.58,2026-08-14,11:23:00,N21,nominal,2.0NRT,304.24,3.74,D,VIIRS
47.40898,33.79142,351.59,0.36,0.58,2026-08-14,11:23:00,N21,nominal,2.0NRT,301.88,3.82,D,VIIRS
47.4795,36.02449,333.94,0.47,0.64,2026-08-14,11:23:00,N21,nominal,2.0NRT,300.93,3.28,D,VIIRS
47.33572,31.92282,332.67,0.59,0.53,2026-08-14,11:23:00,N21,low,2.0NRT,305.49,5.5,D,VIIRS
47.4726,34.55599,336.26,0.4,0.6,2026-08-14,11:23:00,N21,nominal,2.0NRT,302.56,9.81,D,VIIRS
47.48821,34.70396,337.38,0.4,0.6,2026-08-14,11:23:00,N21,nominal,2.0NRT,303.23,5.97,D,VIIRS
47.5616,36.31567,367,0.48,0.65,2026-08-14,11:23:00,N21,high,2.0NRT,301.82,18.17,D,VIIRS
47.57584,36.83722,367,0.51,0.66,2026-08-14,11:23:00,N21,high,2.0NRT,305.18,73.29,D,VIIRS
47.56756,36.31551,354.92,0.48,0.65,2026-08-14,11:23:00,N21,nominal,2.0NRT,298.35,9.28,D,VIIRS
47.52488,34.63712,331.85,0.4,0.6,2026-08-14,11:23:00,N21,low,2.0NRT,302.35,3.59,D,VIIRS
47.57575,36.83045,299.21,0.51,0.66,2026-08-14,11:23:00,N21,low,2.0NRT,301.14,69.11,D,VIIRS
47.50356,33.89547,334.07,0.37,0.58,2026-08-14,11:23:00,N21,nominal,2.0NRT,305.02,2.84,D,VIIRS
47.60344,37.0709,348.64,0.52,0.67,2026-08-14,11:23:00,N21,nominal,2.0NRT,312.46,69.66,D,VIIRS
47.60335,37.06404,348.13,0.52,0.67,2026-08-14,11:23:00,N21,nominal,2.0NRT,302.95,38.49,D,VIIRS
47.6096,37.07093,367,0.52,0.67,2026-08-14,11:23:00,N21,high,2.0NRT,311.53,69.66,D,VIIRS
47.60951,37.06398,367,0.52,0.67,2026-08-14,11:23:00,N21,high,2.0NRT,307.95,38.49,D,VIIRS
47.61567,37.06412,330.48,0.52,0.67,2026-08-14,11:23:00,N21,nominal,2.0NRT,299.8,4.64,D,VIIRS
47.62184,37.06429,330.92,0.52,0.67,2026-08-14,11:23:00,N21,nominal,2.0NRT,298.06,4.64,D,VIIRS
47.60284,37.07027,349.93,0.52,0.67,2026-08-14,11:23:00,N21,nominal,2.0NRT,309.88,29.99,D,VIIRS
47.60278,37.0634,344.99,0.52,0.67,2026-08-14,11:23:00,N21,nominal,2.0NRT,302.15,29.99,D,VIIRS
47.609,37.07023,367,0.52,0.67,2026-08-14,11:23:00,N21,high,2.0NRT,313,31.37,D,VIIRS
47.60894,37.06329,367,0.52,0.67,2026-08-14,11:23:00,N21,high,2.0NRT,307.54,31.37,D,VIIRS
47.6151,37.06337,342.02,0.52,0.67,2026-08-14,11:23:00,N21,nominal,2.0NRT,299.95,31.37,D,VIIRS
47.62127,37.06353,331.02,0.52,0.67,2026-08-14,11:23:00,N21,nominal,2.0NRT,297.76,5.28,D,VIIRS
47.61528,36.12886,331.82,0.47,0.64,2026-08-14,11:23:00,N21,nominal,2.0NRT,299.89,4.69,D,VIIRS
47.60921,35.28791,345.26,0.43,0.62,2026-08-14,11:23:00,N21,nominal,2.0NRT,300.76,6.19,D,VIIRS
47.67469,36.88927,341.49,0.51,0.66,2026-08-14,11:23:00,N21,nominal,2.0NRT,299.59,6.64,D,VIIRS
47.65396,35.25662,333.28,0.43,0.62,2026-08-14,11:23:00,N21,nominal,2.0NRT,294.69,2.9,D,VIIRS
47.39249,29.90858,337.87,0.47,0.48,2026-08-14,11:23:00,N21,nominal,2.0NRT,308.6,6.43,D,VIIRS
47.69303,36.86376,330.17,0.51,0.66,2026-08-14,11:23:00,N21,low,2.0NRT,302.26,4.49,D,VIIRS
47.66303,33.41644,344.18,0.35,0.57,2026-08-14,11:23:00,N21,nominal,2.0NRT,296.83,3.39,D,VIIRS
47.66825,33.41592,367,0.35,0.57,2026-08-14,11:23:00,N21,high,2.0NRT,302.65,8.61,D,VIIRS
47.732170000000004,34.55466,330.48,0.4,0.6,2026-08-14,11:23:00,N21,low,2.0NRT,304.28,3.62,D,VIIRS
47.72937,34.4701,352.59,0.39,0.6,2026-08-14,11:23:00,N21,nominal,2.0NRT,302.02,8.64,D,VIIRS
47.72918,34.46468,342.29,0.39,0.6,2026-08-14,11:23:00,N21,nominal,2.0NRT,301.92,8.64,D,VIIRS
47.80368,37.50628,367,0.55,0.68,2026-08-14,11:23:00,N21,high,2.0NRT,297.7,17.58,D,VIIRS
47.80374,37.5137,343.2,0.55,0.68,2026-08-14,11:23:00,N21,nominal,2.0NRT,295.03,18.83,D,VIIRS
47.80996,37.50634,351.65,0.55,0.68,2026-08-14,11:23:00,N21,nominal,2.0NRT,297.27,17.58,D,VIIRS
47.80991,37.49897,353.35,0.55,0.68,2026-08-14,11:23:00,N21,nominal,2.0NRT,299.46,17.58,D,VIIRS
47.80984,37.49159,348.52,0.55,0.68,2026-08-14,11:23:00,N21,nominal,2.0NRT,293.13,10.8,D,VIIRS
47.77777,34.76199,334.86,0.41,0.6,2026-08-14,11:23:00,N21,low,2.0NRT,305.95,5.95,D,VIIRS
47.80061,37.50639,367,0.55,0.68,2026-08-14,11:23:00,N21,high,2.0NRT,296.98,14.76,D,VIIRS
47.80063,37.5138,349.37,0.55,0.68,2026-08-14,11:23:00,N21,nominal,2.0NRT,296.13,14.76,D,VIIRS
47.8069,37.50642,347.64,0.55,0.68,2026-08-14,11:23:00,N21,nominal,2.0NRT,296.02,21.27,D,VIIRS
47.80687,37.49903,354.16,0.55,0.68,2026-08-14,11:23:00,N21,nominal,2.0NRT,297.5,12.12,D,VIIRS
47.81316,37.49909,334.76,0.55,0.68,2026-08-14,11:23:00,N21,nominal,2.0NRT,301.39,12.12,D,VIIRS
47.81313,37.49169,345.87,0.55,0.68,2026-08-14,11:23:00,N21,nominal,2.0NRT,296.65,12.12,D,VIIRS
47.77657,34.76021,333.72,0.41,0.6,2026-08-14,11:23:00,N21,nominal,2.0NRT,303.28,4.82,D,VIIRS
47.84691,36.96175,337.18,0.52,0.67,2026-08-14,11:23:00,N21,nominal,2.0NRT,302.7,13.43,D,VIIRS
47.84684,36.95479,347.89,0.52,0.67,2026-08-14,11:23:00,N21,nominal,2.0NRT,299.18,10.01,D,VIIRS
47.88187,35.78058,336.51,0.46,0.63,2026-08-14,11:23:00,N21,nominal,2.0NRT,300.36,6.67,D,VIIRS
47.90557,36.75409,337.98,0.51,0.66,2026-08-14,11:23:00,N21,nominal,2.0NRT,298.18,5.18,D,VIIRS
47.8877,35.78046,339.29,0.46,0.63,2026-08-14,11:23:00,N21,nominal,2.0NRT,298.45,6.67,D,VIIRS
47.89778,35.47943,367,0.44,0.62,2026-08-14,11:23:00,N21,high,2.0NRT,306.2,36.19,D,VIIRS
47.90353,35.47906,367,0.44,0.62,2026-08-14,11:23:00,N21,high,2.0NRT,310.35,36.19,D,VIIRS
47.57784,29.31869,347.73,0.45,0.47,2026-08-14,11:23:00,N21,nominal,2.0NRT,315.25,14.73,D,VIIRS
47.57736,29.31272,343.41,0.45,0.47,2026-08-14,11:23:00,N21,nominal,2.0NRT,309.13,14.73,D,VIIRS
47.57669,29.32326,340.05,0.45,0.47,2026-08-14,11:23:00,N21,nominal,2.0NRT,302.82,15.82,D,VIIRS
47.57624,29.31719,343.12,0.45,0.47,2026-08-14,11:23:00,N21,nominal,2.0NRT,313.63,15.82,D,VIIRS
47.5758,29.31123,342.46,0.45,0.47,2026-08-14,11:23:00,N21,nominal,2.0NRT,306.29,6.98,D,VIIRS
47.88145,35.77872,330.15,0.46,0.63,2026-08-14,11:23:00,N21,low,2.0NRT,300.99,12.24,D,VIIRS
47.88718,35.77251,337.35,0.46,0.63,2026-08-14,11:23:00,N21,nominal,2.0NRT,300.26,6.79,D,VIIRS
47.90639,36.7527,336.74,0.51,0.66,2026-08-14,11:23:00,N21,nominal,2.0NRT,297.64,2.91,D,VIIRS
47.90459,35.47667,367,0.44,0.62,2026-08-14,11:23:00,N21,high,2.0NRT,304.79,75.57,D,VIIRS
47.92274,35.80221,340.29,0.46,0.63,2026-08-14,11:23:00,N21,nominal,2.0NRT,297.27,3.87,D,VIIRS
47.99374,37.69629,367,0.56,0.69,2026-08-14,11:23:00,N21,high,2.0NRT,295.92,11.28,D,VIIRS
47.64851,29.29944,340.57,0.45,0.47,2026-08-14,11:23:00,N21,nominal,2.0NRT,304.39,4.92,D,VIIRS
48.06534,37.54149,330.8,0.55,0.68,2026-08-14,11:23:00,N21,nominal,2.0NRT,297.58,4.95,D,VIIRS
48.05062,36.13055,342.25,0.47,0.64,2026-08-14,11:23:00,N21,nominal,2.0NRT,298.53,11.11,D,VIIRS
48.0716,37.53392,330.3,0.55,0.68,2026-08-14,11:23:00,N21,nominal,2.0NRT,297.65,4.95,D,VIIRS
48.08424,37.54156,355.73,0.55,0.68,2026-08-14,11:23:00,N21,nominal,2.0NRT,306.66,44.96,D,VIIRS
48.11404,37.31221,350.65,0.54,0.68,2026-08-14,11:23:00,N21,nominal,2.0NRT,297.47,10.89,D,VIIRS
47.81669,29.88285,339.56,0.48,0.48,2026-08-14,11:23:00,N21,nominal,2.0NRT,301.86,12.38,D,VIIRS
48.1127,36.2807,342.23,0.48,0.65,2026-08-14,11:23:00,N21,nominal,2.0NRT,295.97,6.24,D,VIIRS
47.85743,30.32703,341.19,0.5,0.49,2026-08-14,11:23:00,N21,nominal,2.0NRT,307.54,15.86,D,VIIRS
47.86193,30.32623,367,0.5,0.49,2026-08-14,11:23:00,N21,high,2.0NRT,305.06,17.94,D,VIIRS
47.86689,30.33222,354.02,0.5,0.49,2026-08-14,11:23:00,N21,nominal,2.0NRT,302.8,17.94,D,VIIRS
47.86642,30.32549,341.56,0.5,0.49,2026-08-14,11:23:00,N21,nominal,2.0NRT,308.28,17.94,D,VIIRS
47.87187,30.33828,348.67,0.5,0.49,2026-08-14,11:23:00,N21,nominal,2.0NRT,306.3,12.4,D,VIIRS
47.8714,30.33154,350.5,0.5,0.49,2026-08-14,11:23:00,N21,nominal,2.0NRT,307.94,17.93,D,VIIRS
47.85909,30.32591,354.34,0.5,0.49,2026-08-14,11:23:00,N21,nominal,2.0NRT,305.96,26.44,D,VIIRS
47.86358,30.32512,343.1,0.5,0.49,2026-08-14,11:23:00,N21,nominal,2.0NRT,309.26,26.44,D,VIIRS
47.86895,30.33785,349.15,0.5,0.49,2026-08-14,11:23:00,N21,nominal,2.0NRT,304.27,25.2,D,VIIRS
47.86852,30.33112,345.52,0.5,0.49,2026-08-14,11:23:00,N21,nominal,2.0NRT,308.61,25.2,D,VIIRS
48.11195,37.31195,337.22,0.54,0.68,2026-08-14,11:23:00,N21,nominal,2.0NRT,295.74,7.03,D,VIIRS
48.11819,37.31176,335.33,0.54,0.68,2026-08-14,11:23:00,N21,nominal,2.0NRT,297.39,10.36,D,VIIRS
48.10957,36.27961,347.07,0.48,0.65,2026-08-14,11:23:00,N21,nominal,2.0NRT,294.55,6.99,D,VIIRS
47.98571,31.75152,332.41,0.59,0.53,2026-08-14,11:23:00,N21,nominal,2.0NRT,301.42,2.65,D,VIIRS
48.15361,37.01056,367,0.52,0.67,2026-08-14,11:23:00,N21,high,2.0NRT,297.19,28.12,D,VIIRS
48.15355,37.00359,349.79,0.52,0.67,2026-08-14,11:23:00,N21,nominal,2.0NRT,305.21,28.12,D,VIIRS
48.11436,33.93092,367,0.37,0.58,2026-08-14,11:23:00,N21,high,2.0NRT,298.99,19.12,D,VIIRS
48.11417,33.92598,350.45,0.37,0.58,2026-08-14,11:23:00,N21,nominal,2.0NRT,304.87,21.11,D,VIIRS
48.22501,36.06958,337.87,0.47,0.64,2026-08-14,11:23:00,N21,nominal,2.0NRT,296.1,4.71,D,VIIRS
48.23091,36.06927,330.77,0.47,0.64,2026-08-14,11:23:00,N21,nominal,2.0NRT,296.63,4.71,D,VIIRS
48.10097,32.43907,336.83,0.63,0.54,2026-08-14,11:23:00,N21,nominal,2.0NRT,298.57,5.26,D,VIIRS
48.21371,36.27628,330.24,0.48,0.65,2026-08-14,11:23:00,N21,low,2.0NRT,301.9,5.16,D,VIIRS
48.22866,36.06831,351.4,0.47,0.64,2026-08-14,11:23:00,N21,nominal,2.0NRT,298.36,10.02,D,VIIRS
48.23287,35.96091,330.6,0.47,0.64,2026-08-14,11:23:00,N21,nominal,2.0NRT,300.3,5.33,D,VIIRS
48.23277,35.95448,329.12,0.47,0.64,2026-08-14,11:23:00,N21,nominal,2.0NRT,299.83,5.33,D,VIIRS
48.29165,33.91336,336.09,0.37,0.58,2026-08-14,11:23:00,N21,nominal,2.0NRT,293.41,4.42,D,VIIRS
48.37012,37.36189,329.38,0.54,0.68,2026-08-14,11:23:00,N21,nominal,2.0NRT,292.88,5.06,D,VIIRS
48.45874,37.48772,354.36,0.55,0.68,2026-08-14,11:23:00,N21,nominal,2.0NRT,296.34,8.78,D,VIIRS
48.42329,39.84081,337.89,0.71,0.75,2026-08-14,11:23:00,N21,nominal,2.0NRT,296.49,6.25,D,VIIRS
48.46185,37.48726,367,0.55,0.68,2026-08-14,11:23:00,N21,high,2.0NRT,298.45,12.23,D,VIIRS
48.48746,37.62275,326.67,0.56,0.69,2026-08-14,11:23:00,N21,nominal,2.0NRT,294.84,3.27,D,VIIRS
48.49786,37.17585,340.62,0.53,0.67,2026-08-14,11:23:00,N21,nominal,2.0NRT,296.18,10.88,D,VIIRS
48.64146,37.51703,328.97,0.55,0.68,2026-08-14,11:23:00,N21,nominal,2.0NRT,295.61,3.9,D,VIIRS
48.67622,37.84771,349.58,0.57,0.69,2026-08-14,11:23:00,N21,nominal,2.0NRT,298.55,12.82,D,VIIRS
48.70819,37.84099,335.81,0.57,0.69,2026-08-14,11:23:00,N21,nominal,2.0NRT,291.7,7.89,D,VIIRS
48.74682,38.05017,346.38,0.59,0.7,2026-08-14,11:23:00,N21,nominal,2.0NRT,292.65,34.98,D,VIIRS
48.74682,38.04217,346.26,0.59,0.7,2026-08-14,11:23:00,N21,nominal,2.0NRT,295.76,43.28,D,VIIRS
48.74669,37.91319,326.39,0.58,0.7,2026-08-14,11:23:00,N21,nominal,2.0NRT,299.1,3.17,D,VIIRS
48.42344,29.21438,345.08,0.45,0.47,2026-08-14,11:23:00,N21,nominal,2.0NRT,304.47,9.08,D,VIIRS
48.42126,29.21323,333.54,0.45,0.47,2026-08-14,11:23:00,N21,nominal,2.0NRT,304.7,4.33,D,VIIRS
48.42555,29.21242,336.79,0.45,0.47,2026-08-14,11:23:00,N21,nominal,2.0NRT,302.76,4.33,D,VIIRS
48.74747,38.0419,350.78,0.59,0.7,2026-08-14,11:23:00,N21,nominal,2.0NRT,292.34,48.66,D,VIIRS
48.74793,37.91285,325.89,0.58,0.7,2026-08-14,11:23:00,N21,nominal,2.0NRT,298.39,3.62,D,VIIRS
48.83131,37.91221,367,0.58,0.7,2026-08-14,11:23:00,N21,high,2.0NRT,298.2,16.48,D,VIIRS
48.86415,36.48657,327.6,0.5,0.66,2026-08-14,11:23:00,N21,nominal,2.0NRT,298.47,8.05,D,VIIRS
48.86405,36.47981,326.74,0.5,0.66,2026-08-14,11:23:00,N21,nominal,2.0NRT,297.68,6.7,D,VIIRS
48.83222,37.91274,367,0.58,0.7,2026-08-14,11:23:00,N21,high,2.0NRT,298.89,15.43,D,VIIRS
48.86545,36.48579,335.51,0.5,0.66,2026-08-14,11:23:00,N21,nominal,2.0NRT,299.33,4.06,D,VIIRS
48.86538,36.47902,328.35,0.5,0.66,2026-08-14,11:23:00,N21,nominal,2.0NRT,297.7,4.06,D,VIIRS
48.92198,37.73326,351.09,0.57,0.69,2026-08-14,11:23:00,N21,nominal,2.0NRT,294.3,8.61,D,VIIRS
48.77252,31.61956,342.64,0.59,0.53,2026-08-14,11:23:00,N21,nominal,2.0NRT,304.34,17.63,D,VIIRS
48.97351,38.21268,367,0.6,0.7,2026-08-14,11:23:00,N21,high,2.0NRT,292.71,18.8,D,VIIRS
48.97893,38.64919,353.79,0.63,0.72,2026-08-14,11:23:00,N21,nominal,2.0NRT,296.09,15,D,VIIRS
48.52579,27.82278,340.76,0.4,0.44,2026-08-14,11:23:00,N21,nominal,2.0NRT,306.14,8.4,D,VIIRS
48.97331,38.21666,330.39,0.6,0.7,2026-08-14,11:23:00,N21,nominal,2.0NRT,291.95,11.2,D,VIIRS
48.97335,38.20841,352.83,0.6,0.7,2026-08-14,11:23:00,N21,nominal,2.0NRT,293.24,11.2,D,VIIRS
48.97672,38.65374,330.82,0.63,0.72,2026-08-14,11:23:00,N21,nominal,2.0NRT,295.18,5.58,D,VIIRS
48.99362,37.99702,328.03,0.58,0.7,2026-08-14,11:23:00,N21,nominal,2.0NRT,292.64,5.58,D,VIIRS
49.0192,38.08517,344.88,0.59,0.7,2026-08-14,11:23:00,N21,nominal,2.0NRT,295.31,6.38,D,VIIRS
49.13616,33.56497,367,0.36,0.58,2026-08-14,11:23:00,N21,high,2.0NRT,292.7,20.12,D,VIIRS
49.135980000000004,33.55995,350.89,0.36,0.58,2026-08-14,11:23:00,N21,nominal,2.0NRT,311.32,24.13,D,VIIRS
49.1358,33.55493,351.54,0.36,0.58,2026-08-14,11:23:00,N21,nominal,2.0NRT,298.03,24.13,D,VIIRS
49.14111,33.55447,367,0.36,0.58,2026-08-14,11:23:00,N21,high,2.0NRT,305.53,24.13,D,VIIRS
49.14147,33.56451,351.57,0.36,0.58,2026-08-14,11:23:00,N21,nominal,2.0NRT,297.24,20.12,D,VIIRS
49.14129,33.55949,333.71,0.36,0.58,2026-08-14,11:23:00,N21,nominal,2.0NRT,300.47,24.13,D,VIIRS
49.1466,33.55904,367,0.36,0.58,2026-08-14,11:23:00,N21,high,2.0NRT,296.73,10.92,D,VIIRS
49.22695,37.95578,347,0.58,0.7,2026-08-14,11:23:00,N21,nominal,2.0NRT,296.28,11.17,D,VIIRS
49.27197,37.88387,341.78,0.58,0.7,2026-08-14,11:23:00,N21,nominal,2.0NRT,290.21,8,D,VIIRS
49.26033,37.84019,327.82,0.58,0.69,2026-08-14,11:23:00,N21,nominal,2.0NRT,294.61,4.25,D,VIIRS
49.27299,37.88009,349.61,0.58,0.7,2026-08-14,11:23:00,N21,nominal,2.0NRT,290.93,10.74,D,VIIRS
49.35021,35.7768,333.07,0.46,0.64,2026-08-14,11:23:00,N21,nominal,2.0NRT,301.21,5.79,D,VIIRS
49.16389,30.73979,340.03,0.54,0.51,2026-08-14,11:23:00,N21,nominal,2.0NRT,298.77,6.44,D,VIIRS
49.16204,30.73945,338.85,0.54,0.51,2026-08-14,11:23:00,N21,nominal,2.0NRT,297.2,12.6,D,VIIRS
49.34893,35.77509,329.74,0.46,0.64,2026-08-14,11:23:00,N21,nominal,2.0NRT,299.91,3.57,D,VIIRS
49.46928,36.90487,334.91,0.52,0.67,2026-08-14,11:23:00,N21,nominal,2.0NRT,291.68,4,D,VIIRS
49.47544,36.90474,367,0.52,0.67,2026-08-14,11:23:00,N21,high,2.0NRT,295.47,12.42,D,VIIRS
49.46835,36.90483,330.66,0.52,0.67,2026-08-14,11:23:00,N21,nominal,2.0NRT,290.09,6.82,D,VIIRS
49.47452,36.90467,367,0.52,0.67,2026-08-14,11:23:00,N21,high,2.0NRT,295.69,6.82,D,VIIRS
48.82333,24.22655,332.27,0.44,0.39,2026-08-14,11:23:00,N21,nominal,2.0NRT,302.99,2.55,D,VIIRS
49.62289,37.77234,333.19,0.57,0.69,2026-08-14,11:23:00,N21,nominal,2.0NRT,294.51,10.28,D,VIIRS
49.6544,37.99829,367,0.59,0.7,2026-08-14,11:23:00,N21,high,2.0NRT,301.65,36.86,D,VIIRS
49.65308,36.99731,330.93,0.53,0.67,2026-08-14,11:23:00,N21,nominal,2.0NRT,295.48,6.6,D,VIIRS
48.86605,24.15966,328.67,0.44,0.38,2026-08-14,11:23:00,N21,nominal,2.0NRT,301.68,3.78,D,VIIRS
48.97514,24.70869,333.45,0.46,0.39,2026-08-14,11:23:00,N21,nominal,2.0NRT,305.85,6.27,D,VIIRS
49.68869,37.66266,332.54,0.57,0.69,2026-08-14,11:23:00,N21,nominal,2.0NRT,291.96,6.81,D,VIIRS
49.30727,27.76895,338.26,0.4,0.44,2026-08-14,11:23:00,N21,nominal,2.0NRT,297.3,16.23,D,VIIRS
49.76487,37.42579,333.25,0.55,0.68,2026-08-14,11:23:00,N21,nominal,2.0NRT,293.38,13.23,D,VIIRS
49.77119,37.43316,367,0.55,0.68,2026-08-14,11:23:00,N21,high,2.0NRT,297.39,13.23,D,VIIRS
49.77118,37.42562,367,0.55,0.68,2026-08-14,11:23:00,N21,high,2.0NRT,297.63,13.23,D,VIIRS
49.24909,26.58802,330.61,0.54,0.42,2026-08-14,11:23:00,N21,nominal,2.0NRT,297.26,7.19,D,VIIRS
45.49495,28.31168,341.31,0.38,0.43,2026-08-14,11:23:00,N21,nominal,2.0NRT,301.46,4.29,D,VIIRS
45.71392,33.40216,367,0.34,0.56,2026-08-14,11:23:00,N21,high,2.0NRT,312.43,16.35,D,VIIRS
45.71307,33.49879,352.54,0.34,0.56,2026-08-14,11:23:00,N21,nominal,2.0NRT,308.03,8.67,D,VIIRS
45.71326,33.50321,367,0.34,0.56,2026-08-14,11:23:00,N21,high,2.0NRT,308.39,10.26,D,VIIRS
45.71661,33.40331,336.85,0.34,0.56,2026-08-14,11:23:00,N21,nominal,2.0NRT,307.21,2.43,D,VIIRS
45.71126,33.39937,338.58,0.34,0.56,2026-08-14,11:23:00,N21,nominal,2.0NRT,305.32,8.55,D,VIIRS
45.71148,33.4037,367,0.34,0.56,2026-08-14,11:23:00,N21,high,2.0NRT,310,13.71,D,VIIRS
45.71113,33.50024,367,0.34,0.56,2026-08-14,11:23:00,N21,high,2.0NRT,309.54,15.85,D,VIIRS
45.68682,33.12392,340,0.33,0.55,2026-08-14,11:23:00,N21,nominal,2.0NRT,308.56,4.39,D,VIIRS
45.69004,34.77542,347.68,0.39,0.6,2026-08-14,11:23:00,N21,nominal,2.0NRT,305.82,6.73,D,VIIRS
45.58497,32.91266,345.19,0.64,0.54,2026-08-14,11:23:00,N21,nominal,2.0NRT,309.06,15.33,D,VIIRS
45.57456,32.90565,333.74,0.64,0.54,2026-08-14,11:23:00,N21,nominal,2.0NRT,303.09,14.83,D,VIIRS
45.57497,32.91383,338.21,0.64,0.54,2026-08-14,11:23:00,N21,nominal,2.0NRT,298.8,14.83,D,VIIRS
45.58499,32.91157,349.78,0.64,0.54,2026-08-14,11:23:00,N21,nominal,2.0NRT,309.87,14.12,D,VIIRS
45.36528,33.86634,338.34,0.35,0.57,2026-08-14,11:23:00,N21,nominal,2.0NRT,305.33,3.76,D,VIIRS
45.37967,36.54347,332.79,0.48,0.65,2026-08-14,11:23:00,N21,nominal,2.0NRT,298.55,8.18,D,VIIRS
45.12754,33.96638,344.33,0.36,0.57,2026-08-14,11:23:00,N21,nominal,2.0NRT,317.34,15.18,D,VIIRS
45.12774,33.97089,338.4,0.36,0.57,2026-08-14,11:23:00,N21,nominal,2.0NRT,304.43,15.18,D,VIIRS
45.12248,33.97133,332.86,0.36,0.57,2026-08-14,11:23:00,N21,nominal,2.0NRT,305.22,15.18,D,VIIRS
45.12229,33.96682,367,0.36,0.57,2026-08-14,11:23:00,N21,high,2.0NRT,310.42,15.18,D,VIIRS
45.70743,29.59358,342.56,0.44,0.46,2026-08-14,11:23:00,N21,nominal,2.0NRT,307.68,9.04,D,VIIRS
45.69313,29.10995,337.21,0.42,0.45,2026-08-14,11:23:00,N21,low,2.0NRT,311.74,5.25,D,VIIRS
45.75951,29.70591,334.59,0.45,0.47,2026-08-14,11:23:00,N21,low,2.0NRT,307,3.02,D,VIIRS
45.78638,29.82447,343.22,0.45,0.47,2026-08-14,11:23:00,N21,nominal,2.0NRT,306.14,5.48,D,VIIRS
45.79067,29.82374,345.2,0.45,0.47,2026-08-14,11:23:00,N21,nominal,2.0NRT,306.4,5.63,D,VIIRS
45.84304,28.84771,367,0.41,0.45,2026-08-14,11:23:00,N21,high,2.0NRT,312.08,9.9,D,VIIRS
45.84713,28.84694,341.69,0.41,0.45,2026-08-14,11:23:00,N21,nominal,2.0NRT,312.69,8.15,D,VIIRS
46.25074,34.54027,367,0.39,0.59,2026-08-14,11:23:00,N21,high,2.0NRT,311.31,9.62,D,VIIRS
46.25093,34.54531,335.27,0.39,0.59,2026-08-14,11:23:00,N21,nominal,2.0NRT,303.87,9.62,D,VIIRS
46.25056,34.53524,345.35,0.39,0.59,2026-08-14,11:23:00,N21,nominal,2.0NRT,308.03,6.05,D,VIIRS
46.17949,32.92754,334.66,0.32,0.55,2026-08-14,11:23:00,N21,nominal,2.0NRT,303.59,1.84,D,VIIRS
46.25638,34.54488,345.18,0.39,0.59,2026-08-14,11:23:00,N21,nominal,2.0NRT,306.54,9.62,D,VIIRS
46.25619,34.53986,353.73,0.39,0.59,2026-08-14,11:23:00,N21,nominal,2.0NRT,308.33,9.62,D,VIIRS
46.256,34.53483,332.01,0.39,0.59,2026-08-14,11:23:00,N21,nominal,2.0NRT,306.26,6.05,D,VIIRS
46.22375,33.0969,367,0.33,0.55,2026-08-14,11:23:00,N21,high,2.0NRT,313.45,84.45,D,VIIRS
46.22419,33.10542,338.86,0.33,0.55,2026-08-14,11:23:00,N21,nominal,2.0NRT,301.65,5.53,D,VIIRS
46.22883,33.09637,367,0.33,0.55,2026-08-14,11:23:00,N21,high,2.0NRT,310.08,13.61,D,VIIRS
46.22927,33.10488,352.4,0.33,0.55,2026-08-14,11:23:00,N21,nominal,2.0NRT,307.06,4.56,D,VIIRS
46.22905,33.10063,337.68,0.33,0.55,2026-08-14,11:23:00,N21,nominal,2.0NRT,308.48,4.56,D,VIIRS
46.30332,34.62763,337.84,0.39,0.59,2026-08-14,11:23:00,N21,nominal,2.0NRT,305.27,5.32,D,VIIRS
46.29091,34.31754,350.08,0.38,0.59,2026-08-14,11:23:00,N21,nominal,2.0NRT,307.67,8.02,D,VIIRS
46.23501,33.11718,339.13,0.33,0.55,2026-08-14,11:23:00,N21,nominal,2.0NRT,306.14,6.31,D,VIIRS
46.23479,33.11292,354.78,0.33,0.55,2026-08-14,11:23:00,N21,nominal,2.0NRT,309.56,13.62,D,VIIRS
46.23435,33.10437,351.81,0.33,0.55,2026-08-14,11:23:00,N21,nominal,2.0NRT,307.84,4.56,D,VIIRS
46.23413,33.10012,346.06,0.33,0.55,2026-08-14,11:23:00,N21,nominal,2.0NRT,307.69,4.56,D,VIIRS
46.22189,33.09423,367,0.33,0.55,2026-08-14,11:23:00,N21,high,2.0NRT,321.04,20.72,D,VIIRS
46.22208,33.09851,334.72,0.33,0.55,2026-08-14,11:23:00,N21,nominal,2.0NRT,302.35,20.72,D,VIIRS
46.22755,33.10648,367,0.33,0.55,2026-08-14,11:23:00,N21,high,2.0NRT,306.81,5.32,D,VIIRS
46.22696,33.09369,367,0.33,0.55,2026-08-14,11:23:00,N21,high,2.0NRT,310.53,20.72,D,VIIRS
46.22735,33.10223,340.05,0.33,0.55,2026-08-14,11:23:00,N21,nominal,2.0NRT,304.56,5.32,D,VIIRS
46.22715,33.09796,348.19,0.33,0.55,2026-08-14,11:23:00,N21,nominal,2.0NRT,310.83,20.72,D,VIIRS
46.23223,33.09743,367,0.33,0.55,2026-08-14,11:23:00,N21,high,2.0NRT,307.55,8.74,D,VIIRS
46.23243,33.10168,346.31,0.33,0.55,2026-08-14,11:23:00,N21,nominal,2.0NRT,308.95,8.46,D,VIIRS
46.23811,33.11399,367,0.33,0.55,2026-08-14,11:23:00,N21,high,2.0NRT,308.8,8.13,D,VIIRS
46.28768,34.31549,335.45,0.38,0.59,2026-08-14,11:23:00,N21,low,2.0NRT,305.81,3.15,D,VIIRS
46.23791,33.1097,336.12,0.33,0.55,2026-08-14,11:23:00,N21,nominal,2.0NRT,306.65,8.13,D,VIIRS
46.23771,33.10543,354.57,0.33,0.55,2026-08-14,11:23:00,N21,nominal,2.0NRT,307.56,8.46,D,VIIRS
46.30388,34.62553,345.17,0.39,0.59,2026-08-14,11:23:00,N21,nominal,2.0NRT,306.56,3.65,D,VIIRS
46.30371,34.62044,331.85,0.39,0.59,2026-08-14,11:23:00,N21,low,2.0NRT,306.75,3.65,D,VIIRS
46.29325,34.32011,336.34,0.38,0.59,2026-08-14,11:23:00,N21,nominal,2.0NRT,306.1,2.49,D,VIIRS
46.05116,29.84241,337.12,0.46,0.47,2026-08-14,11:23:00,N21,nominal,2.0NRT,305.71,3.93,D,VIIRS
46.32368,34.41181,339.6,0.38,0.59,2026-08-14,11:23:00,N21,nominal,2.0NRT,305.39,8.63,D,VIIRS
46.32332,34.40188,349.4,0.38,0.59,2026-08-14,11:23:00,N21,nominal,2.0NRT,307.32,4.77,D,VIIRS
46.26529,33.0424,338.31,0.33,0.55,2026-08-14,11:23:00,N21,nominal,2.0NRT,306.57,2.61,D,VIIRS
46.26508,33.03814,337.09,0.33,0.55,2026-08-14,11:23:00,N21,nominal,2.0NRT,309.09,2.61,D,VIIRS
46.32891,34.40638,367,0.38,0.59,2026-08-14,11:23:00,N21,high,2.0NRT,309.37,7.68,D,VIIRS
46.27035,33.04185,367,0.33,0.55,2026-08-14,11:23:00,N21,high,2.0NRT,308.14,5.8,D,VIIRS
46.3291,34.41135,343.77,0.38,0.59,2026-08-14,11:23:00,N21,nominal,2.0NRT,306.07,7.68,D,VIIRS
46.27014,33.03759,342.61,0.33,0.55,2026-08-14,11:23:00,N21,nominal,2.0NRT,309.33,5.8,D,VIIRS
46.2752,33.03704,341.06,0.33,0.55,2026-08-14,11:23:00,N21,nominal,2.0NRT,308.28,5.8,D,VIIRS
46.275,33.03279,334.45,0.33,0.55,2026-08-14,11:23:00,N21,low,2.0NRT,309,3.21,D,VIIRS
46.39019,35.05455,353.48,0.41,0.61,2026-08-14,11:23:00,N21,nominal,2.0NRT,308.32,4.28,D,VIIRS
46.36239,34.15725,367,0.37,0.58,2026-08-14,11:23:00,N21,high,2.0NRT,307.99,6.47,D,VIIRS
46.39524,35.03808,351.63,0.41,0.61,2026-08-14,11:23:00,N21,nominal,2.0NRT,306.78,6.43,D,VIIRS
46.36219,34.15242,335.46,0.37,0.58,2026-08-14,11:23:00,N21,nominal,2.0NRT,306.18,5.73,D,VIIRS
46.31497,33.11884,335.74,0.33,0.55,2026-08-14,11:23:00,N21,nominal,2.0NRT,304.57,1.9,D,VIIRS
46.36794,34.16165,331.7,0.37,0.58,2026-08-14,11:23:00,N21,nominal,2.0NRT,306.19,6.47,D,VIIRS
46.37249,34.14185,340.14,0.37,0.58,2026-08-14,11:23:00,N21,nominal,2.0NRT,307.55,4.29,D,VIIRS
46.31638,32.94739,337.41,0.32,0.55,2026-08-14,11:23:00,N21,nominal,2.0NRT,302.02,4.39,D,VIIRS
46.26794,32.00107,338.5,0.58,0.52,2026-08-14,11:23:00,N21,nominal,2.0NRT,307.8,7.34,D,VIIRS
46.41682,35.01508,367,0.41,0.61,2026-08-14,11:23:00,N21,high,2.0NRT,307.68,11.79,D,VIIRS
46.37939,33.9304,340.21,0.36,0.58,2026-08-14,11:23:00,N21,nominal,2.0NRT,307.66,2.96,D,VIIRS
46.33195,32.95421,342.91,0.32,0.55,2026-08-14,11:23:00,N21,nominal,2.0NRT,305.11,5.28,D,VIIRS
46.27709,31.99234,344.55,0.58,0.52,2026-08-14,11:23:00,N21,nominal,2.0NRT,308.12,16,D,VIIRS
46.26731,32.00291,337.89,0.58,0.52,2026-08-14,11:23:00,N21,nominal,2.0NRT,306.44,3.01,D,VIIRS
46.2717,31.99474,337.55,0.58,0.52,2026-08-14,11:23:00,N21,low,2.0NRT,311.17,7.11,D,VIIRS
46.37561,34.1411,333.87,0.37,0.58,2026-08-14,11:23:00,N21,low,2.0NRT,305.66,4.06,D,VIIRS
46.27651,31.99414,343.9,0.58,0.52,2026-08-14,11:23:00,N21,nominal,2.0NRT,308.15,7.11,D,VIIRS
46.33089,32.95287,331.44,0.32,0.55,2026-08-14,11:23:00,N21,nominal,2.0NRT,305.57,5.52,D,VIIRS
46.41543,35.01533,367,0.41,0.61,2026-08-14,11:23:00,N21,high,2.0NRT,306.64,7.44,D,VIIRS
46.33594,32.9523,367,0.32,0.55,2026-08-14,11:23:00,N21,high,2.0NRT,304.42,5.52,D,VIIRS
46.37829,33.92976,338.87,0.36,0.58,2026-08-14,11:23:00,N21,nominal,2.0NRT,306.87,2.5,D,VIIRS
46.29731,32.10643,342.82,0.59,0.53,2026-08-14,11:23:00,N21,nominal,2.0NRT,307.7,56.22,D,VIIRS
46.38887,33.9288,367,0.36,0.58,2026-08-14,11:23:00,N21,high,2.0NRT,308.09,10.76,D,VIIRS
46.43413,34.41232,334.15,0.38,0.59,2026-08-14,11:23:00,N21,low,2.0NRT,308.22,3.43,D,VIIRS
46.32372,32.05703,342.67,0.59,0.53,2026-08-14,11:23:00,N21,nominal,2.0NRT,307.41,10.3,D,VIIRS
46.32328,32.04941,347.6,0.59,0.52,2026-08-14,11:23:00,N21,nominal,2.0NRT,306.69,6.92,D,VIIRS
46.32285,32.04181,332.38,0.58,0.52,2026-08-14,11:23:00,N21,low,2.0NRT,302.92,6.92,D,VIIRS
46.38149,32.75222,341.77,0.63,0.54,2026-08-14,11:23:00,N21,nominal,2.0NRT,308.91,19,D,VIIRS
46.38106,32.74398,338.57,0.63,0.54,2026-08-14,11:23:00,N21,low,2.0NRT,312.19,21.25,D,VIIRS
46.3955,32.82807,367,0.32,0.55,2026-08-14,11:23:00,N21,high,2.0NRT,299.82,123.22,D,VIIRS
46.40052,32.82753,367,0.32,0.55,2026-08-14,11:23:00,N21,high,2.0NRT,370.82,123.22,D,VIIRS
46.40009,32.81926,367,0.32,0.55,2026-08-14,11:23:00,N21,high,2.0NRT,310.04,13.01,D,VIIRS
46.39986,32.81507,367,0.32,0.55,2026-08-14,11:23:00,N21,high,2.0NRT,296.32,13.01,D,VIIRS
46.42156,33.24577,339.08,0.34,0.56,2026-08-14,11:23:00,N21,nominal,2.0NRT,306.06,3.31,D,VIIRS
46.4003,32.8234,207.38,0.32,0.55,2026-08-14,11:23:00,N21,low,2.0NRT,312.08,123.22,D,VIIRS
46.42668,33.24525,367,0.34,0.56,2026-08-14,11:23:00,N21,high,2.0NRT,309.95,6.08,D,VIIRS
46.40575,32.83112,367,0.32,0.55,2026-08-14,11:23:00,N21,high,2.0NRT,306.96,27.29,D,VIIRS
46.42647,33.24088,343.95,0.34,0.56,2026-08-14,11:23:00,N21,nominal,2.0NRT,309.16,6.08,D,VIIRS
46.42604,33.23214,337.35,0.33,0.56,2026-08-14,11:23:00,N21,low,2.0NRT,307.49,4.43,D,VIIRS
46.40553,32.82699,351.58,0.32,0.55,2026-08-14,11:23:00,N21,nominal,2.0NRT,306.74,20.04,D,VIIRS
46.41558,32.92269,367,0.32,0.55,2026-08-14,11:23:00,N21,high,2.0NRT,304.68,20.28,D,VIIRS
46.41099,32.83476,367,0.32,0.55,2026-08-14,11:23:00,N21,high,2.0NRT,301.82,27.29,D,VIIRS
46.41055,32.8265,367,0.32,0.55,2026-08-14,11:23:00,N21,high,2.0NRT,311.88,20.04,D,VIIRS
46.4318,33.24474,335.07,0.34,0.56,2026-08-14,11:23:00,N21,nominal,2.0NRT,305.33,6.08,D,VIIRS
46.43159,33.24036,351.59,0.34,0.56,2026-08-14,11:23:00,N21,nominal,2.0NRT,307.88,6.08,D,VIIRS
46.43137,33.23599,354.68,0.33,0.56,2026-08-14,11:23:00,N21,nominal,2.0NRT,306.88,4.43,D,VIIRS
46.43116,33.23162,335.48,0.33,0.56,2026-08-14,11:23:00,N21,nominal,2.0NRT,304.41,4.43,D,VIIRS
46.41536,32.9185,346.03,0.32,0.55,2026-08-14,11:23:00,N21,nominal,2.0NRT,299.08,12.07,D,VIIRS
46.41077,32.83063,339.36,0.32,0.55,2026-08-14,11:23:00,N21,nominal,2.0NRT,311.71,27.29,D,VIIRS
46.40648,32.74958,332.52,0.63,0.54,2026-08-14,11:23:00,N21,low,2.0NRT,307.51,8.4,D,VIIRS
46.42083,32.92637,367,0.32,0.55,2026-08-14,11:23:00,N21,high,2.0NRT,316.11,45.86,D,VIIRS
46.42062,32.92215,367,0.32,0.55,2026-08-14,11:23:00,N21,high,2.0NRT,335.85,45.86,D,VIIRS
46.41601,32.83425,367,0.32,0.55,2026-08-14,11:23:00,N21,high,2.0NRT,325.52,53.85,D,VIIRS
46.4204,32.91796,339.98,0.32,0.55,2026-08-14,11:23:00,N21,nominal,2.0NRT,303.41,24.7,D,VIIRS
46.23174,30.00618,341.81,0.47,0.47,2026-08-14,11:23:00,N21,nominal,2.0NRT,306.73,6.47,D,VIIRS
46.41579,32.83009,207.38,0.32,0.55,2026-08-14,11:23:00,N21,low,2.0NRT,321.82,53.85,D,VIIRS
46.42102,32.83372,367,0.32,0.55,2026-08-14,11:23:00,N21,high,2.0NRT,320.68,53.85,D,VIIRS
46.4208,32.82954,349.21,0.32,0.55,2026-08-14,11:23:00,N21,nominal,2.0NRT,314.98,53.85,D,VIIRS
46.42604,32.83318,367,0.32,0.55,2026-08-14,11:23:00,N21,high,2.0NRT,317.89,15.06,D,VIIRS
46.42582,32.829,351.06,0.32,0.55,2026-08-14,11:23:00,N21,nominal,2.0NRT,312.15,15.06,D,VIIRS
46.40665,32.75032,334.18,0.63,0.54,2026-08-14,11:23:00,N21,low,2.0NRT,307.24,4.34,D,VIIRS
46.42075,32.83456,367,0.32,0.55,2026-08-14,11:23:00,N21,high,2.0NRT,310.13,29.71,D,VIIRS
46.42577,32.834,367,0.32,0.55,2026-08-14,11:23:00,N21,high,2.0NRT,314.01,29.71,D,VIIRS
46.42556,32.82981,367,0.32,0.55,2026-08-14,11:23:00,N21,high,2.0NRT,313.95,29.71,D,VIIRS
46.43079,32.83343,338.8,0.32,0.55,2026-08-14,11:23:00,N21,nominal,2.0NRT,308.21,3.93,D,VIIRS
46.4356,32.82872,345.78,0.32,0.55,2026-08-14,11:23:00,N21,nominal,2.0NRT,310.44,3.93,D,VIIRS
46.44062,32.82816,347.59,0.32,0.55,2026-08-14,11:23:00,N21,nominal,2.0NRT,306.36,3.17,D,VIIRS
46.41595,32.34275,345.61,0.61,0.53,2026-08-14,11:23:00,N21,low,2.0NRT,316.73,31.22,D,VIIRS
46.44789,32.87379,367,0.32,0.55,2026-08-14,11:23:00,N21,high,2.0NRT,307.29,21.95,D,VIIRS
46.42085,32.34219,343.94,0.61,0.53,2026-08-14,11:23:00,N21,nominal,2.0NRT,305.32,31.22,D,VIIRS
46.45292,32.87325,367,0.32,0.55,2026-08-14,11:23:00,N21,high,2.0NRT,307.04,14.63,D,VIIRS
46.45313,32.87746,343.39,0.32,0.55,2026-08-14,11:23:00,N21,nominal,2.0NRT,301.63,7.98,D,VIIRS
46.45272,32.86904,344.26,0.32,0.55,2026-08-14,11:23:00,N21,nominal,2.0NRT,303.59,14.63,D,VIIRS
46.45046,32.82291,335.32,0.32,0.55,2026-08-14,11:23:00,N21,nominal,2.0NRT,302.97,3.57,D,VIIRS
46.45025,32.81875,338.16,0.32,0.55,2026-08-14,11:23:00,N21,nominal,2.0NRT,305.44,3.57,D,VIIRS
46.45816,32.8769,367,0.32,0.55,2026-08-14,11:23:00,N21,high,2.0NRT,304.21,7.98,D,VIIRS
46.45775,32.86851,367,0.32,0.55,2026-08-14,11:23:00,N21,high,2.0NRT,315.76,14.63,D,VIIRS
52.29389,33.30133,334.47,0.37,0.58,2026-08-14,11:25:00,N21,nominal,2.0NRT,295.56,5.42,D,VIIRS
52.28853,33.30171,337.76,0.37,0.58,2026-08-14,11:25:00,N21,nominal,2.0NRT,293.34,5.42,D,VIIRS
52.28868,33.3072,354.11,0.37,0.58,2026-08-14,11:25:00,N21,nominal,2.0NRT,296.84,14.76,D,VIIRS
52.21645,32.66931,327.86,0.35,0.57,2026-08-14,11:25:00,N21,nominal,2.0NRT,296.94,4.21,D,VIIRS
50.0326,23.66529,337.76,0.44,0.38,2026-08-14,11:25:00,N21,nominal,2.0NRT,308.25,4.82,D,VIIRS
50.02912,23.66626,340.05,0.44,0.38,2026-08-14,11:25:00,N21,nominal,2.0NRT,303.23,4.24,D,VIIRS
49.8629,23.63421,334.38,0.44,0.38,2026-08-14,11:25:00,N21,nominal,2.0NRT,304.05,4.01,D,VIIRS
50.26696,32.59697,341.42,0.34,0.56,2026-08-14,11:25:00,N21,nominal,2.0NRT,295.87,4.07,D,VIIRS
50.26184,32.5976,333.34,0.34,0.56,2026-08-14,11:25:00,N21,nominal,2.0NRT,295.48,4.42,D,VIIRS
49.62247,24.56464,330.32,0.46,0.39,2026-08-14,11:25:00,N21,nominal,2.0NRT,304.63,2.23,D,VIIRS
49.4776,23.65075,332.73,0.43,0.38,2026-08-14,11:25:00,N21,nominal,2.0NRT,303.43,4.49,D,VIIRS
50.2088,37.07681,333.48,0.54,0.68,2026-08-14,11:25:00,N21,nominal,2.0NRT,296.66,6.53,D,VIIRS
50.02182,31.15769,340.39,0.57,0.52,2026-08-14,11:25:00,N21,nominal,2.0NRT,302.18,6.24,D,VIIRS
49.3419,24.18631,329.9,0.45,0.39,2026-08-14,11:25:00,N21,nominal,2.0NRT,303.82,4.33,D,VIIRS
49.34266,24.18752,333.76,0.45,0.39,2026-08-14,11:25:00,N21,nominal,2.0NRT,304.66,3.68,D,VIIRS
52.216,32.67213,329.28,0.35,0.57,2026-08-14,11:25:00,N21,nominal,2.0NRT,297.51,4.27,D,VIIRS
49.31035,24.31639,337.18,0.45,0.39,2026-08-14,11:25:00,N21,nominal,2.0NRT,301.26,6.25,D,VIIRS
49.77423,37.425,336.27,0.55,0.68,2026-08-14,11:25:00,N21,nominal,2.0NRT,294.31,11.51,D,VIIRS
49.77422,37.43263,367,0.55,0.68,2026-08-14,11:25:00,N21,high,2.0NRT,296.16,27.57,D,VIIRS
49.76793,37.42527,352.6,0.55,0.68,2026-08-14,11:25:00,N21,nominal,2.0NRT,295.88,11.51,D,VIIRS
49.79057,37.82063,329.84,0.58,0.69,2026-08-14,11:25:00,N21,nominal,2.0NRT,294.77,5.78,D,VIIRS
46.70551,36.1722,303.63,0.38,0.36,2026-08-14,23:37:00,N21,nominal,2.0NRT,282.48,0.71,N,VIIRS
51.85003,34.13275,317.15,0.43,0.38,2026-08-14,23:37:00,N21,nominal,2.0NRT,278.84,1.8,N,VIIRS
51.3527,34.23376,327.57,0.43,0.38,2026-08-14,23:37:00,N21,nominal,2.0NRT,279.83,3.66,N,VIIRS
50.9363,35.19808,316.37,0.4,0.37,2026-08-14,23:37:00,N21,nominal,2.0NRT,278.67,1.22,N,VIIRS
50.18532,37.5177,300.34,0.38,0.36,2026-08-14,23:37:00,N21,nominal,2.0NRT,281.05,0.61,N,VIIRS
50.1196,37.27915,298.32,0.38,0.36,2026-08-14,23:37:00,N21,nominal,2.0NRT,279.51,0.69,N,VIIRS
50.11878,37.28442,299.85,0.38,0.36,2026-08-14,23:37:00,N21,nominal,2.0NRT,280.07,0.81,N,VIIRS
50.08894,36.8327,295.1,0.38,0.36,2026-08-14,23:37:00,N21,nominal,2.0NRT,280.04,0.77,N,VIIRS
49.84478,37.77347,308.49,0.38,0.36,2026-08-14,23:37:00,N21,nominal,2.0NRT,279.32,1.23,N,VIIRS
50.01689,35.64629,298.77,0.39,0.36,2026-08-14,23:37:00,N21,nominal,2.0NRT,280.35,0.66,N,VIIRS
50.92494,26.24301,299.94,0.55,0.51,2026-08-14,23:37:00,N21,nominal,2.0NRT,282.47,0.75,N,VIIRS
50.54465,26.26218,299.38,0.55,0.51,2026-08-14,23:37:00,N21,nominal,2.0NRT,285.22,1.09,N,VIIRS
50.54279,26.26167,300.7,0.55,0.51,2026-08-14,23:37:00,N21,nominal,2.0NRT,285.03,1.83,N,VIIRS
48.97664,38.62733,316.96,0.39,0.37,2026-08-14,23:37:00,N21,nominal,2.0NRT,279.44,1.87,N,VIIRS
48.97573,38.63259,310.24,0.39,0.37,2026-08-14,23:37:00,N21,nominal,2.0NRT,280.69,1.97,N,VIIRS
49.49681,34.83513,306.76,0.4,0.37,2026-08-14,23:37:00,N21,nominal,2.0NRT,279.95,1.04,N,VIIRS
49.49553,34.83349,306.3,0.4,0.37,2026-08-14,23:37:00,N21,nominal,2.0NRT,280.1,1.09,N,VIIRS
48.97486,38.00687,303.24,0.39,0.36,2026-08-14,23:37:00,N21,nominal,2.0NRT,281.52,1.25,N,VIIRS
48.85091,38.73348,301.61,0.4,0.37,2026-08-14,23:37:00,N21,nominal,2.0NRT,278.98,0.79,N,VIIRS
49.00452,37.78664,300.62,0.39,0.36,2026-08-14,23:37:00,N21,nominal,2.0NRT,280.55,0.55,N,VIIRS
48.98555,37.81791,310.61,0.39,0.36,2026-08-14,23:37:00,N21,nominal,2.0NRT,282.05,1.18,N,VIIRS
48.99289,37.71076,312.75,0.39,0.36,2026-08-14,23:37:00,N21,nominal,2.0NRT,282.64,1.56,N,VIIRS
48.46476,38.76006,308.23,0.4,0.37,2026-08-14,23:37:00,N21,nominal,2.0NRT,285.51,1.86,N,VIIRS
48.46241,38.75346,306.48,0.4,0.37,2026-08-14,23:37:00,N21,nominal,2.0NRT,285.91,1.53,N,VIIRS
48.63267,37.59455,298.87,0.39,0.36,2026-08-14,23:37:00,N21,nominal,2.0NRT,280.75,0.67,N,VIIRS
48.54261,37.86666,297.92,0.39,0.36,2026-08-14,23:37:00,N21,nominal,2.0NRT,280.86,0.66,N,VIIRS
48.57971,37.60208,295.84,0.39,0.36,2026-08-14,23:37:00,N21,nominal,2.0NRT,281.1,0.39,N,VIIRS
48.56248,37.62287,297.67,0.39,0.36,2026-08-14,23:37:00,N21,nominal,2.0NRT,280.04,0.52,N,VIIRS
48.55072,37.67299,296.05,0.39,0.36,2026-08-14,23:37:00,N21,nominal,2.0NRT,280.61,0.64,N,VIIRS
48.5833,37.22119,324.35,0.39,0.36,2026-08-14,23:37:00,N21,nominal,2.0NRT,280.88,2.05,N,VIIRS
48.56831,36.9507,304.27,0.38,0.36,2026-08-14,23:37:00,N21,nominal,2.0NRT,277.51,0.61,N,VIIRS
48.43295,37.44638,307.32,0.39,0.36,2026-08-14,23:37:00,N21,nominal,2.0NRT,281.84,0.89,N,VIIRS
48.46417,37.10599,313.58,0.38,0.36,2026-08-14,23:37:00,N21,nominal,2.0NRT,281.26,1.51,N,VIIRS
48.4569,37.08714,297.82,0.38,0.36,2026-08-14,23:37:00,N21,nominal,2.0NRT,283.29,0.86,N,VIIRS
48.45365,37.08596,302.29,0.38,0.36,2026-08-14,23:37:00,N21,nominal,2.0NRT,282.55,0.71,N,VIIRS
48.284,38.08902,300.57,0.39,0.36,2026-08-14,23:37:00,N21,nominal,2.0NRT,284.93,0.55,N,VIIRS
48.43025,36.97508,302.01,0.38,0.36,2026-08-14,23:37:00,N21,nominal,2.0NRT,278.24,0.61,N,VIIRS
48.35361,37.25752,303.4,0.39,0.36,2026-08-14,23:37:00,N21,nominal,2.0NRT,280.62,0.93,N,VIIRS
48.31949,37.25583,308.62,0.39,0.36,2026-08-14,23:37:00,N21,nominal,2.0NRT,281.28,1.71,N,VIIRS
48.28288,37.26939,302.51,0.39,0.36,2026-08-14,23:37:00,N21,nominal,2.0NRT,280.7,0.87,N,VIIRS
48.31362,36.95198,302.78,0.38,0.36,2026-08-14,23:37:00,N21,nominal,2.0NRT,279.26,1.07,N,VIIRS
48.27668,37.18081,308.86,0.39,0.36,2026-08-14,23:37:00,N21,nominal,2.0NRT,282.66,0.85,N,VIIRS
48.09757,37.9264,305.37,0.39,0.36,2026-08-14,23:37:00,N21,nominal,2.0NRT,284.32,0.99,N,VIIRS
48.05796,37.9552,310.66,0.39,0.36,2026-08-14,23:37:00,N21,nominal,2.0NRT,286.39,1.5,N,VIIRS
48.24531,36.73273,301.92,0.38,0.36,2026-08-14,23:37:00,N21,nominal,2.0NRT,281.93,0.9,N,VIIRS
48.13836,37.28912,318.43,0.39,0.36,2026-08-14,23:37:00,N21,nominal,2.0NRT,280.33,2.28,N,VIIRS
48.13752,37.29421,315.42,0.39,0.36,2026-08-14,23:37:00,N21,nominal,2.0NRT,279.34,2.1,N,VIIRS
48.53151,34.64807,327.88,0.4,0.37,2026-08-14,23:37:00,N21,nominal,2.0NRT,286.96,4.01,N,VIIRS
48.22566,36.61696,304.3,0.38,0.36,2026-08-14,23:37:00,N21,nominal,2.0NRT,281.47,0.82,N,VIIRS
47.99397,37.9679,296.75,0.39,0.36,2026-08-14,23:37:00,N21,nominal,2.0NRT,281.65,0.5,N,VIIRS
48.08496,37.21579,295.06,0.39,0.36,2026-08-14,23:37:00,N21,nominal,2.0NRT,279.72,0.56,N,VIIRS
48.47245,34.62434,326.46,0.4,0.37,2026-08-14,23:37:00,N21,nominal,2.0NRT,283.76,2.24,N,VIIRS
48.47171,34.62968,316.26,0.4,0.37,2026-08-14,23:37:00,N21,nominal,2.0NRT,289.23,2.91,N,VIIRS
48.21579,35.83398,309.21,0.39,0.36,2026-08-14,23:37:00,N21,nominal,2.0NRT,280.67,0.89,N,VIIRS
48.21484,35.81757,310.98,0.39,0.36,2026-08-14,23:37:00,N21,nominal,2.0NRT,280.98,1.3,N,VIIRS
48.21158,35.81648,296.46,0.39,0.36,2026-08-14,23:37:00,N21,nominal,2.0NRT,279.98,0.37,N,VIIRS
47.88005,37.74263,301.32,0.39,0.36,2026-08-14,23:37:00,N21,nominal,2.0NRT,282.4,0.65,N,VIIRS
47.87679,37.74142,296.63,0.39,0.36,2026-08-14,23:37:00,N21,nominal,2.0NRT,282.33,0.64,N,VIIRS
48.03498,36.56191,326.66,0.38,0.36,2026-08-14,23:37:00,N21,nominal,2.0NRT,283.17,2.24,N,VIIRS
47.81611,37.83695,315.09,0.39,0.36,2026-08-14,23:37:00,N21,nominal,2.0NRT,280.79,1.62,N,VIIRS
47.81285,37.83571,296.63,0.39,0.36,2026-08-14,23:37:00,N21,nominal,2.0NRT,279.89,0.55,N,VIIRS
48.04516,36.12246,302.24,0.38,0.36,2026-08-14,23:37:00,N21,nominal,2.0NRT,278.47,0.87,N,VIIRS
47.68171,38.27362,316.81,0.4,0.37,2026-08-14,23:37:00,N21,nominal,2.0NRT,281.57,1.69,N,VIIRS
47.66236,38.24415,299.11,0.4,0.37,2026-08-14,23:37:00,N21,nominal,2.0NRT,282.62,0.76,N,VIIRS
47.66146,38.24932,304.68,0.4,0.37,2026-08-14,23:37:00,N21,nominal,2.0NRT,282.73,0.76,N,VIIRS
47.64195,38.26812,296.69,0.4,0.37,2026-08-14,23:37:00,N21,nominal,2.0NRT,280.15,0.93,N,VIIRS
47.64105,38.27332,305.49,0.4,0.37,2026-08-14,23:37:00,N21,nominal,2.0NRT,280.39,1.01,N,VIIRS
48.43317,32.32413,302.4,0.45,0.39,2026-08-14,23:37:00,N21,nominal,2.0NRT,281.36,1.62,N,VIIRS
47.56103,38.27028,304,0.4,0.37,2026-08-14,23:37:00,N21,nominal,2.0NRT,281.15,1.11,N,VIIRS
47.9434,35.77712,296.64,0.39,0.36,2026-08-14,23:37:00,N21,nominal,2.0NRT,281.54,0.21,N,VIIRS
48.07064,34.88249,300.53,0.39,0.36,2026-08-14,23:37:00,N21,nominal,2.0NRT,280.95,0.64,N,VIIRS
47.52581,38.25997,316.24,0.4,0.37,2026-08-14,23:37:00,N21,nominal,2.0NRT,281.77,1.8,N,VIIRS
47.52491,38.26513,300.4,0.4,0.37,2026-08-14,23:37:00,N21,nominal,2.0NRT,281.55,1.05,N,VIIRS
47.88927,35.77245,305.78,0.39,0.36,2026-08-14,23:37:00,N21,nominal,2.0NRT,278.68,1.17,N,VIIRS
47.8885,35.77752,299.91,0.39,0.36,2026-08-14,23:37:00,N21,nominal,2.0NRT,278.03,0.77,N,VIIRS
47.88774,35.7826,303.3,0.39,0.36,2026-08-14,23:37:00,N21,nominal,2.0NRT,278.24,0.77,N,VIIRS
47.88697,35.78767,309.82,0.39,0.36,2026-08-14,23:37:00,N21,nominal,2.0NRT,279.01,1.24,N,VIIRS
48.97353,24.71096,307.89,0.62,0.54,2026-08-14,23:37:00,N21,nominal,2.0NRT,285.76,2.97,N,VIIRS
47.5859,37.58469,295.14,0.39,0.36,2026-08-14,23:37:00,N21,nominal,2.0NRT,280.58,0.66,N,VIIRS
47.90327,35.4728,299.06,0.39,0.36,2026-08-14,23:37:00,N21,nominal,2.0NRT,281.47,0.42,N,VIIRS
47.9,35.47173,296.02,0.39,0.36,2026-08-14,23:37:00,N21,nominal,2.0NRT,280.82,0.36,N,VIIRS
47.60233,37.15483,297.68,0.39,0.36,2026-08-14,23:37:00,N21,nominal,2.0NRT,278.78,0.63,N,VIIRS
47.44466,37.94836,295.08,0.39,0.37,2026-08-14,23:37:00,N21,nominal,2.0NRT,280.34,0.5,N,VIIRS
47.44138,37.94713,331.26,0.39,0.37,2026-08-14,23:37:00,N21,nominal,2.0NRT,282.31,4.68,N,VIIRS
47.43962,37.95735,297.09,0.39,0.37,2026-08-14,23:37:00,N21,nominal,2.0NRT,281.15,0.83,N,VIIRS
47.86537,35.14827,302.59,0.39,0.36,2026-08-14,23:37:00,N21,nominal,2.0NRT,288.76,1.05,N,VIIRS
47.85955,35.14102,302.89,0.39,0.36,2026-08-14,23:37:00,N21,nominal,2.0NRT,287.74,1.07,N,VIIRS
47.49277,37.42014,304.02,0.39,0.36,2026-08-14,23:37:00,N21,nominal,2.0NRT,279.84,1.15,N,VIIRS
47.41818,37.81888,314.59,0.39,0.36,2026-08-14,23:37:00,N21,nominal,2.0NRT,283.32,1.97,N,VIIRS
47.4173,37.82399,312.12,0.39,0.36,2026-08-14,23:37:00,N21,nominal,2.0NRT,283.86,1.7,N,VIIRS
47.41403,37.82278,299.82,0.39,0.36,2026-08-14,23:37:00,N21,nominal,2.0NRT,284.25,0.86,N,VIIRS
47.66059,36.25658,307.4,0.38,0.36,2026-08-14,23:37:00,N21,nominal,2.0NRT,282.21,1.19,N,VIIRS
47.64277,35.88332,301.35,0.38,0.36,2026-08-14,23:37:00,N21,nominal,2.0NRT,283.71,0.81,N,VIIRS
47.39148,37.24251,295.97,0.39,0.36,2026-08-14,23:37:00,N21,nominal,2.0NRT,281.46,0.35,N,VIIRS
47.69332,35.22502,315.1,0.39,0.36,2026-08-14,23:37:00,N21,nominal,2.0NRT,284.44,1.25,N,VIIRS
47.65837,35.25426,308.71,0.39,0.36,2026-08-14,23:37:00,N21,nominal,2.0NRT,285.24,1.3,N,VIIRS
47.41217,36.84362,295.15,0.39,0.36,2026-08-14,23:37:00,N21,nominal,2.0NRT,278.7,0.22,N,VIIRS
47.35537,37.18998,312.84,0.39,0.36,2026-08-14,23:37:00,N21,nominal,2.0NRT,282.09,1.75,N,VIIRS
47.57047,35.77227,302.77,0.38,0.36,2026-08-14,23:37:00,N21,nominal,2.0NRT,282.39,0.69,N,VIIRS
47.66323,35.12766,321.13,0.39,0.36,2026-08-14,23:37:00,N21,nominal,2.0NRT,280.67,1.4,N,VIIRS
47.64728,35.09585,295.8,0.39,0.36,2026-08-14,23:37:00,N21,nominal,2.0NRT,285.14,0.76,N,VIIRS
47.86795,33.44334,301.36,0.41,0.37,2026-08-14,23:37:00,N21,nominal,2.0NRT,281.11,1.28,N,VIIRS
47.22588,37.42995,298.6,0.39,0.36,2026-08-14,23:37:00,N21,nominal,2.0NRT,281.33,0.53,N,VIIRS
47.90825,32.63295,316.45,0.43,0.38,2026-08-14,23:37:00,N21,nominal,2.0NRT,282.01,2.4,N,VIIRS
47.90477,32.63202,296.51,0.43,0.38,2026-08-14,23:37:00,N21,nominal,2.0NRT,281.61,0.64,N,VIIRS
47.90201,32.62532,298.74,0.43,0.38,2026-08-14,23:37:00,N21,nominal,2.0NRT,281.5,1.19,N,VIIRS
47.90129,32.63108,300.77,0.43,0.38,2026-08-14,23:37:00,N21,nominal,2.0NRT,282.24,0.64,N,VIIRS
47.83658,32.69076,315.17,0.43,0.38,2026-08-14,23:37:00,N21,nominal,2.0NRT,281.71,1.75,N,VIIRS
47.80996,32.87766,306.74,0.43,0.38,2026-08-14,23:37:00,N21,nominal,2.0NRT,281.57,0.68,N,VIIRS
47.80651,32.87671,300.62,0.43,0.38,2026-08-14,23:37:00,N21,nominal,2.0NRT,281.9,0.68,N,VIIRS
47.55427,34.3855,295.17,0.4,0.37,2026-08-14,23:37:00,N21,nominal,2.0NRT,284.77,0.19,N,VIIRS
47.42618,35.25079,307.62,0.39,0.36,2026-08-14,23:37:00,N21,nominal,2.0NRT,283.57,1.43,N,VIIRS
47.43742,35.05788,301.99,0.39,0.36,2026-08-14,23:37:00,N21,nominal,2.0NRT,281,0.71,N,VIIRS
47.38051,35.37372,327.57,0.39,0.36,2026-08-14,23:37:00,N21,nominal,2.0NRT,282.02,3.22,N,VIIRS
47.38126,35.36868,296.78,0.39,0.36,2026-08-14,23:37:00,N21,nominal,2.0NRT,280.95,0.8,N,VIIRS
47.37799,35.36763,308.18,0.39,0.36,2026-08-14,23:37:00,N21,nominal,2.0NRT,281.61,0.8,N,VIIRS
47.49263,34.48036,318.69,0.39,0.37,2026-08-14,23:37:00,N21,nominal,2.0NRT,281.9,2.04,N,VIIRS
47.48633,34.45144,308.7,0.4,0.37,2026-08-14,23:37:00,N21,nominal,2.0NRT,282.53,1.11,N,VIIRS
47.47463,34.48567,297.65,0.39,0.37,2026-08-14,23:37:00,N21,nominal,2.0NRT,281.36,0.52,N,VIIRS
47.0465,37.10046,295.51,0.39,0.36,2026-08-14,23:37:00,N21,nominal,2.0NRT,281.79,0.93,N,VIIRS
47.25983,35.51658,307.23,0.39,0.36,2026-08-14,23:37:00,N21,nominal,2.0NRT,282.7,1.16,N,VIIRS
47.99377,29.2708,309.72,0.57,0.43,2026-08-14,23:37:00,N21,nominal,2.0NRT,282.23,1.79,N,VIIRS
47.99307,29.27843,298.81,0.57,0.43,2026-08-14,23:37:00,N21,nominal,2.0NRT,281.6,0.79,N,VIIRS
47.32877,34.88814,295.52,0.39,0.36,2026-08-14,23:37:00,N21,nominal,2.0NRT,280.89,0.37,N,VIIRS
47.32803,34.89323,304.71,0.39,0.36,2026-08-14,23:37:00,N21,nominal,2.0NRT,281.31,0.74,N,VIIRS
47.3273,34.89832,295.41,0.39,0.36,2026-08-14,23:37:00,N21,nominal,2.0NRT,281.08,0.74,N,VIIRS
47.19206,35.80424,307.25,0.38,0.36,2026-08-14,23:37:00,N21,nominal,2.0NRT,281.96,1.35,N,VIIRS
47.32401,34.89729,304.62,0.39,0.36,2026-08-14,23:37:00,N21,nominal,2.0NRT,282.33,0.74,N,VIIRS
47.37254,34.27233,296.28,0.4,0.37,2026-08-14,23:37:00,N21,nominal,2.0NRT,281.43,0.56,N,VIIRS
47.05114,36.37359,300.42,0.38,0.36,2026-08-14,23:37:00,N21,nominal,2.0NRT,282.42,0.47,N,VIIRS
47.04869,36.36751,302.16,0.38,0.36,2026-08-14,23:37:00,N21,nominal,2.0NRT,283.05,0.72,N,VIIRS
47.27801,34.83873,304.72,0.39,0.36,2026-08-14,23:37:00,N21,nominal,2.0NRT,281.27,1.22,N,VIIRS
47.04068,36.39615,299.56,0.38,0.36,2026-08-14,23:37:00,N21,nominal,2.0NRT,284.1,0.59,N,VIIRS
47.03743,36.39504,296.73,0.38,0.36,2026-08-14,23:37:00,N21,nominal,2.0NRT,284.35,0.3,N,VIIRS
47.26849,34.85703,301.22,0.39,0.36,2026-08-14,23:37:00,N21,nominal,2.0NRT,281.18,0.67,N,VIIRS
47.03252,36.38289,307.09,0.38,0.36,2026-08-14,23:37:00,N21,nominal,2.0NRT,283.32,0.7,N,VIIRS
47.02927,36.38178,302.86,0.38,0.36,2026-08-14,23:37:00,N21,nominal,2.0NRT,283.77,0.7,N,VIIRS
47.02602,36.38068,300.07,0.38,0.36,2026-08-14,23:37:00,N21,nominal,2.0NRT,284.16,0.51,N,VIIRS
47.39908,33.75003,296.17,0.41,0.37,2026-08-14,23:37:00,N21,nominal,2.0NRT,281.04,0.88,N,VIIRS
47.39644,33.74373,305.1,0.41,0.37,2026-08-14,23:37:00,N21,nominal,2.0NRT,280.74,1.15,N,VIIRS
47.80364,30.25248,318.02,0.52,0.41,2026-08-14,23:37:00,N21,nominal,2.0NRT,283.09,2.93,N,VIIRS
47.29741,34.43845,306.58,0.39,0.37,2026-08-14,23:37:00,N21,nominal,2.0NRT,281.82,1.47,N,VIIRS
47.27625,34.53932,305.25,0.39,0.36,2026-08-14,23:37:00,N21,nominal,2.0NRT,281.64,1.28,N,VIIRS
47.27295,34.53832,313.57,0.39,0.36,2026-08-14,23:37:00,N21,nominal,2.0NRT,282.47,1.28,N,VIIRS
47.26965,34.53731,307.15,0.39,0.36,2026-08-14,23:37:00,N21,nominal,2.0NRT,282.4,0.93,N,VIIRS
47.26892,34.54245,301.62,0.39,0.36,2026-08-14,23:37:00,N21,nominal,2.0NRT,282.12,0.93,N,VIIRS
47.00056,36.304,303.7,0.38,0.36,2026-08-14,23:37:00,N21,nominal,2.0NRT,283.71,0.59,N,VIIRS
46.99977,36.30896,295.41,0.38,0.36,2026-08-14,23:37:00,N21,nominal,2.0NRT,282.21,0.59,N,VIIRS
46.9974,36.32386,297.1,0.38,0.36,2026-08-14,23:37:00,N21,nominal,2.0NRT,282.82,0.46,N,VIIRS
46.99494,36.31779,302.42,0.38,0.36,2026-08-14,23:37:00,N21,nominal,2.0NRT,282.97,0.54,N,VIIRS
46.99336,36.32772,303.85,0.38,0.36,2026-08-14,23:37:00,N21,nominal,2.0NRT,282.64,0.75,N,VIIRS
46.99011,36.32662,297.3,0.38,0.36,2026-08-14,23:37:00,N21,nominal,2.0NRT,283.9,0.75,N,VIIRS
47.3712,33.69774,299.03,0.41,0.37,2026-08-14,23:37:00,N21,nominal,2.0NRT,281,0.81,N,VIIRS
47.78944,29.96294,300.37,0.53,0.42,2026-08-14,23:37:00,N21,nominal,2.0NRT,283.15,1.17,N,VIIRS
47.35466,33.68593,317.49,0.41,0.37,2026-08-14,23:37:00,N21,nominal,2.0NRT,281.99,1.94,N,VIIRS
47.79173,29.96372,302.29,0.53,0.42,2026-08-14,23:37:00,N21,nominal,2.0NRT,282.5,0.81,N,VIIRS
47.30487,33.58855,300.1,0.41,0.37,2026-08-14,23:37:00,N21,nominal,2.0NRT,281.4,0.88,N,VIIRS
47.19659,34.37944,304.47,0.39,0.37,2026-08-14,23:37:00,N21,nominal,2.0NRT,283.16,1.36,N,VIIRS
47.12502,34.87952,305.47,0.39,0.36,2026-08-14,23:37:00,N21,nominal,2.0NRT,281.1,0.78,N,VIIRS
47.12428,34.88459,295.87,0.39,0.36,2026-08-14,23:37:00,N21,nominal,2.0NRT,280.12,0.78,N,VIIRS
47.18821,34.41444,306.31,0.39,0.36,2026-08-14,23:37:00,N21,nominal,2.0NRT,282.6,1.71,N,VIIRS
47.12173,34.8785,300.84,0.39,0.36,2026-08-14,23:37:00,N21,nominal,2.0NRT,282.48,0.78,N,VIIRS
46.96871,35.87346,300.12,0.38,0.36,2026-08-14,23:37:00,N21,nominal,2.0NRT,281,0.71,N,VIIRS
46.8741,36.32208,297,0.38,0.36,2026-08-14,23:37:00,N21,nominal,2.0NRT,283.67,0.62,N,VIIRS
46.92955,35.94923,296.11,0.38,0.36,2026-08-14,23:37:00,N21,nominal,2.0NRT,282.84,0.83,N,VIIRS
46.81478,36.66798,299.78,0.39,0.36,2026-08-14,23:37:00,N21,nominal,2.0NRT,283.15,0.55,N,VIIRS
46.9263,35.94815,312.09,0.38,0.36,2026-08-14,23:37:00,N21,nominal,2.0NRT,283.6,0.83,N,VIIRS
46.88955,36.15768,295.85,0.38,0.36,2026-08-14,23:37:00,N21,nominal,2.0NRT,282.27,0.22,N,VIIRS
46.88539,36.14062,295.66,0.38,0.36,2026-08-14,23:37:00,N21,nominal,2.0NRT,282.71,0.43,N,VIIRS
46.87486,36.1423,317.48,0.38,0.36,2026-08-14,23:37:00,N21,nominal,2.0NRT,284.53,1.44,N,VIIRS
46.87161,36.14121,301.87,0.38,0.36,2026-08-14,23:37:00,N21,nominal,2.0NRT,283.76,0.64,N,VIIRS
47.58577,30.50121,313.71,0.5,0.41,2026-08-14,23:37:00,N21,nominal,2.0NRT,283.94,2.3,N,VIIRS
46.96219,35.3776,297.44,0.39,0.36,2026-08-14,23:37:00,N21,nominal,2.0NRT,282.53,0.53,N,VIIRS
46.95893,35.37655,296.57,0.39,0.36,2026-08-14,23:37:00,N21,nominal,2.0NRT,282.71,0.53,N,VIIRS
46.84297,35.97526,295.52,0.38,0.36,2026-08-14,23:37:00,N21,nominal,2.0NRT,284.43,0.45,N,VIIRS
46.84049,35.96922,320.11,0.38,0.36,2026-08-14,23:37:00,N21,nominal,2.0NRT,285.64,2.26,N,VIIRS
47.10605,34.09689,306.83,0.4,0.37,2026-08-14,23:37:00,N21,nominal,2.0NRT,282.73,0.77,N,VIIRS
47.10273,34.0959,295.26,0.4,0.37,2026-08-14,23:37:00,N21,nominal,2.0NRT,282.64,0.77,N,VIIRS
47.09726,34.11047,322.58,0.4,0.37,2026-08-14,23:37:00,N21,nominal,2.0NRT,284.07,1.69,N,VIIRS
47.09797,34.10529,297.74,0.4,0.37,2026-08-14,23:37:00,N21,nominal,2.0NRT,283.07,1.69,N,VIIRS
47.09322,34.11467,329.8,0.4,0.37,2026-08-14,23:37:00,N21,nominal,2.0NRT,284.28,3.36,N,VIIRS
47.08918,34.11886,297.51,0.4,0.37,2026-08-14,23:37:00,N21,nominal,2.0NRT,282.76,0.83,N,VIIRS
46.7603,36.25835,302.29,0.38,0.36,2026-08-14,23:37:00,N21,nominal,2.0NRT,282.1,0.53,N,VIIRS
47.02784,34.39384,297.34,0.39,0.36,2026-08-14,23:37:00,N21,nominal,2.0NRT,282.03,0.9,N,VIIRS
47.02123,34.39185,302.73,0.39,0.36,2026-08-14,23:37:00,N21,nominal,2.0NRT,283.37,0.81,N,VIIRS
47.58731,29.37321,296.41,0.56,0.43,2026-08-14,23:37:00,N21,nominal,2.0NRT,283.21,0.54,N,VIIRS
46.74789,35.94708,299.47,0.38,0.36,2026-08-14,23:37:00,N21,nominal,2.0NRT,283.6,0.57,N,VIIRS
46.71202,36.17439,299.6,0.38,0.36,2026-08-14,23:37:00,N21,nominal,2.0NRT,282.99,0.43,N,VIIRS
46.80898,35.530029999999996,297.23,0.38,0.36,2026-08-14,23:37:00,N21,nominal,2.0NRT,281.99,0.38,N,VIIRS
46.70876,36.17329,300.11,0.38,0.36,2026-08-14,23:37:00,N21,nominal,2.0NRT,282.64,0.71,N,VIIRS
46.70012,36.22764,296.41,0.38,0.36,2026-08-14,23:37:00,N21,nominal,2.0NRT,283,0.26,N,VIIRS
46.70305,36.16617,298.79,0.38,0.36,2026-08-14,23:37:00,N21,nominal,2.0NRT,283.07,0.9,N,VIIRS
46.68858,36.19254,298.23,0.38,0.36,2026-08-14,23:37:00,N21,nominal,2.0NRT,283.79,0.7,N,VIIRS
47.0143,33.60469,306.35,0.41,0.37,2026-08-14,23:37:00,N21,nominal,2.0NRT,284.26,1.03,N,VIIRS
46.74851,35.22768,329.83,0.39,0.36,2026-08-14,23:37:00,N21,nominal,2.0NRT,285.1,3.24,N,VIIRS
46.74776,35.23266,306.14,0.39,0.36,2026-08-14,23:37:00,N21,nominal,2.0NRT,283.74,1.01,N,VIIRS
46.82682,34.64949,298.98,0.39,0.36,2026-08-14,23:37:00,N21,nominal,2.0NRT,281.79,0.27,N,VIIRS
47.0719,32.81601,302.1,0.42,0.38,2026-08-14,23:37:00,N21,nominal,2.0NRT,284.98,1.82,N,VIIRS
47.07121,32.82148,319.02,0.42,0.38,2026-08-14,23:37:00,N21,nominal,2.0NRT,285.4,1.92,N,VIIRS
46.82353,34.64848,310.35,0.39,0.36,2026-08-14,23:37:00,N21,nominal,2.0NRT,282.32,2.13,N,VIIRS
46.82024,34.64747,329.95,0.39,0.36,2026-08-14,23:37:00,N21,nominal,2.0NRT,283.66,2.13,N,VIIRS
47.037350000000004,32.51113,295.25,0.43,0.38,2026-08-14,23:37:00,N21,nominal,2.0NRT,281.98,0.96,N,VIIRS
47.02834,32.52611,301.79,0.43,0.38,2026-08-14,23:37:00,N21,nominal,2.0NRT,282.36,1.53,N,VIIRS
46.9518,32.93412,295.46,0.42,0.38,2026-08-14,23:37:00,N21,nominal,2.0NRT,282.15,0.56,N,VIIRS
46.59756,35.27581,303.65,0.39,0.36,2026-08-14,23:37:00,N21,nominal,2.0NRT,287.03,0.59,N,VIIRS
46.84543,33.44845,300.95,0.41,0.37,2026-08-14,23:37:00,N21,nominal,2.0NRT,285.27,0.74,N,VIIRS
46.91838,32.56517,310.06,0.43,0.38,2026-08-14,23:37:00,N21,nominal,2.0NRT,282.16,1.24,N,VIIRS
46.59336,34.91393,302.42,0.39,0.36,2026-08-14,23:37:00,N21,nominal,2.0NRT,281.6,0.73,N,VIIRS
46.59263,34.91891,295.08,0.39,0.36,2026-08-14,23:37:00,N21,nominal,2.0NRT,281.84,1,N,VIIRS
46.22849,33.07414,301.22,0.41,0.37,2026-08-14,23:39:00,N21,nominal,2.0NRT,282.74,1.04,N,VIIRS
46.23116,33.08033,301.71,0.41,0.37,2026-08-14,23:39:00,N21,nominal,2.0NRT,283.85,0.84,N,VIIRS
46.23454,33.08126,328.05,0.41,0.37,2026-08-14,23:39:00,N21,nominal,2.0NRT,285.33,1.56,N,VIIRS
46.23721,33.08745,295.46,0.41,0.37,2026-08-14,23:39:00,N21,nominal,2.0NRT,283.88,1.56,N,VIIRS
46.20792,32.72171,311.22,0.42,0.37,2026-08-14,23:39:00,N21,nominal,2.0NRT,285.98,1.32,N,VIIRS
46.23964,32.50095,310.15,0.42,0.38,2026-08-14,23:39:00,N21,nominal,2.0NRT,284.78,1.17,N,VIIRS
46.01149,34.241,309.66,0.39,0.36,2026-08-14,23:39:00,N21,nominal,2.0NRT,286.68,0.63,N,VIIRS
46.25684,32.47731,303.24,0.42,0.38,2026-08-14,23:39:00,N21,nominal,2.0NRT,285.56,1.07,N,VIIRS
46.32117,32.07713,300.17,0.43,0.38,2026-08-14,23:39:00,N21,nominal,2.0NRT,284.22,0.86,N,VIIRS
46.32465,32.07801,299.83,0.43,0.38,2026-08-14,23:39:00,N21,nominal,2.0NRT,283.4,0.86,N,VIIRS
46.22497,33.10046,300.63,0.41,0.37,2026-08-14,23:39:00,N21,nominal,2.0NRT,283.85,0.83,N,VIIRS
46.40242,32.81644,299.8,0.42,0.37,2026-08-14,23:39:00,N21,nominal,2.0NRT,285.5,1.19,N,VIIRS
46.23792,33.08218,306.83,0.41,0.37,2026-08-14,23:39:00,N21,nominal,2.0NRT,283.64,1.56,N,VIIRS
46.24607,33.10222,304.9,0.41,0.37,2026-08-14,23:39:00,N21,nominal,2.0NRT,283.96,2.85,N,VIIRS
46.28615,32.79398,296.01,0.42,0.37,2026-08-14,23:39:00,N21,nominal,2.0NRT,284.84,0.51,N,VIIRS
46.24538,33.10749,334.65,0.41,0.37,2026-08-14,23:39:00,N21,nominal,2.0NRT,287.19,2.85,N,VIIRS
46.01118,34.82722,334.33,0.39,0.36,2026-08-14,23:39:00,N21,nominal,2.0NRT,292.02,3.73,N,VIIRS
46.01445,34.82823,312.03,0.39,0.36,2026-08-14,23:39:00,N21,nominal,2.0NRT,291.49,1.26,N,VIIRS
46.41434,32.08461,305.84,0.44,0.38,2026-08-14,23:39:00,N21,nominal,2.0NRT,285.17,1.5,N,VIIRS
46.317,33.12171,310.75,0.41,0.37,2026-08-14,23:39:00,N21,nominal,2.0NRT,285.83,1.51,N,VIIRS
46.31967,33.12791,319.9,0.41,0.37,2026-08-14,23:39:00,N21,nominal,2.0NRT,285.24,1.51,N,VIIRS
46.20451,32.72079,297.37,0.42,0.37,2026-08-14,23:39:00,N21,nominal,2.0NRT,286.57,1.32,N,VIIRS
46.20382,32.72616,309.78,0.42,0.37,2026-08-14,23:39:00,N21,nominal,2.0NRT,286.39,1.32,N,VIIRS
46.20041,32.72525,340.95,0.42,0.37,2026-08-14,23:39:00,N21,nominal,2.0NRT,290.84,9.05,N,VIIRS
46.19972,32.73061,313.09,0.42,0.37,2026-08-14,23:39:00,N21,nominal,2.0NRT,286.1,2.64,N,VIIRS
46.15923,32.85619,298.28,0.41,0.37,2026-08-14,23:39:00,N21,nominal,2.0NRT,283.85,0.52,N,VIIRS
46.15443,32.86589,300.09,0.41,0.37,2026-08-14,23:39:00,N21,nominal,2.0NRT,282.71,1.01,N,VIIRS
46.15174,32.85966,301.84,0.41,0.37,2026-08-14,23:39:00,N21,nominal,2.0NRT,283.71,0.88,N,VIIRS
46.15033,32.87029,299.02,0.41,0.37,2026-08-14,23:39:00,N21,nominal,2.0NRT,283.71,1.9,N,VIIRS
46.14963,32.8756,303.68,0.41,0.37,2026-08-14,23:39:00,N21,nominal,2.0NRT,283.67,1.5,N,VIIRS
46.14624,32.87468,326.78,0.41,0.37,2026-08-14,23:39:00,N21,nominal,2.0NRT,284.82,1.5,N,VIIRS
45.93534,33.96119,295.95,0.39,0.36,2026-08-14,23:39:00,N21,nominal,2.0NRT,284.5,0.58,N,VIIRS
46.09528,30.25904,332.37,0.5,0.41,2026-08-14,23:39:00,N21,nominal,2.0NRT,286.33,4.02,N,VIIRS
46.30744,34.62714,296.61,0.39,0.36,2026-08-14,23:39:00,N21,nominal,2.0NRT,282.17,0.63,N,VIIRS
46.58469,32.76625,296.46,0.42,0.38,2026-08-14,23:39:00,N21,nominal,2.0NRT,283.81,0.56,N,VIIRS
46.61154,32.72282,303.52,0.42,0.38,2026-08-14,23:39:00,N21,nominal,2.0NRT,284.4,1.22,N,VIIRS
46.52724,33.57192,297.27,0.4,0.37,2026-08-14,23:39:00,N21,nominal,2.0NRT,283.29,0.87,N,VIIRS
46.61466,32.91021,299.5,0.42,0.37,2026-08-14,23:39:00,N21,nominal,2.0NRT,284.75,0.63,N,VIIRS
46.65551,32.64571,318.6,0.42,0.38,2026-08-14,23:39:00,N21,nominal,2.0NRT,288.09,2.11,N,VIIRS
46.98994,29.66838,320.41,0.54,0.42,2026-08-14,23:39:00,N21,nominal,2.0NRT,285.61,3.5,N,VIIRS
46.53799,33.56957,297.56,0.4,0.37,2026-08-14,23:39:00,N21,nominal,2.0NRT,282.92,0.57,N,VIIRS
46.53993,33.58093,309.03,0.4,0.37,2026-08-14,23:39:00,N21,nominal,2.0NRT,283.4,0.85,N,VIIRS
46.55862,33.49421,306.72,0.4,0.37,2026-08-14,23:39:00,N21,nominal,2.0NRT,283.56,1.2,N,VIIRS
46.41134,35.01136,297.7,0.39,0.36,2026-08-14,23:39:00,N21,nominal,2.0NRT,283.07,0.55,N,VIIRS
46.80562,32.71069,296.28,0.42,0.38,2026-08-14,23:39:00,N21,nominal,2.0NRT,281.95,0.54,N,VIIRS
46.39901,32.81553,302.95,0.42,0.37,2026-08-14,23:39:00,N21,nominal,2.0NRT,286.85,1.29,N,VIIRS
46.39832,32.82091,300.18,0.42,0.37,2026-08-14,23:39:00,N21,nominal,2.0NRT,285.2,1.34,N,VIIRS
46.3881,32.81817,327.24,0.42,0.37,2026-08-14,23:39:00,N21,nominal,2.0NRT,285.54,2.18,N,VIIRS
46.38741,32.82355,308.76,0.42,0.37,2026-08-14,23:39:00,N21,nominal,2.0NRT,286.28,2.18,N,VIIRS
46.22954,34.00021,307.59,0.4,0.37,2026-08-14,23:39:00,N21,nominal,2.0NRT,282.83,1.05,N,VIIRS
46.38833,32.82142,320.4,0.42,0.37,2026-08-14,23:39:00,N21,nominal,2.0NRT,285.93,1.39,N,VIIRS
46.38763,32.82679,298.38,0.42,0.37,2026-08-14,23:39:00,N21,nominal,2.0NRT,284.44,1.39,N,VIIRS
46.38493,32.82051,317.05,0.42,0.37,2026-08-14,23:39:00,N21,nominal,2.0NRT,286.3,1.39,N,VIIRS
46.38422,32.82588,296.75,0.42,0.37,2026-08-14,23:39:00,N21,nominal,2.0NRT,284.91,1.39,N,VIIRS
46.40762,32.5916,344.8,0.42,0.38,2026-08-14,23:39:00,N21,nominal,2.0NRT,294.4,8.14,N,VIIRS
46.40833,32.58616,299.62,0.42,0.38,2026-08-14,23:39:00,N21,nominal,2.0NRT,285.86,1.73,N,VIIRS
46.4049,32.58525,341.29,0.42,0.38,2026-08-14,23:39:00,N21,nominal,2.0NRT,289.66,8.04,N,VIIRS
46.4042,32.59069,342.69,0.42,0.38,2026-08-14,23:39:00,N21,nominal,2.0NRT,295.3,16.38,N,VIIRS
46.4063,32.57434,309.83,0.42,0.38,2026-08-14,23:39:00,N21,nominal,2.0NRT,285.14,1.02,N,VIIRS
46.39602,32.57162,336.94,0.42,0.38,2026-08-14,23:39:00,N21,nominal,2.0NRT,287.86,5.46,N,VIIRS
46.32375,33.12357,329.52,0.41,0.37,2026-08-14,23:39:00,N21,nominal,2.0NRT,284.6,2.01,N,VIIRS
46.32305,33.12884,295.18,0.41,0.37,2026-08-14,23:39:00,N21,nominal,2.0NRT,283.53,2.01,N,VIIRS
46.08464,29.92427,327.71,0.51,0.41,2026-08-14,23:39:00,N21,nominal,2.0NRT,284.81,6.64,N,VIIRS
46.08432,29.9294,322.59,0.51,0.41,2026-08-14,23:39:00,N21,nominal,2.0NRT,282.64,3.09,N,VIIRS
46.08502,29.92286,315,0.51,0.41,2026-08-14,23:39:00,N21,nominal,2.0NRT,283.83,3.44,N,VIIRS
45.92953,30.11528,297.12,0.5,0.41,2026-08-14,23:39:00,N21,nominal,2.0NRT,283.18,0.35,N,VIIRS
45.92581,30.11446,326.46,0.5,0.41,2026-08-14,23:39:00,N21,nominal,2.0NRT,284.28,2.93,N,VIIRS
45.92511,30.12092,297.75,0.5,0.41,2026-08-14,23:39:00,N21,nominal,2.0NRT,283.97,2.93,N,VIIRS
45.8852,29.92004,297.57,0.51,0.41,2026-08-14,23:39:00,N21,nominal,2.0NRT,284.55,0.36,N,VIIRS
45.82075,29.83907,299.04,0.51,0.41,2026-08-14,23:39:00,N21,nominal,2.0NRT,284.96,0.69,N,VIIRS
45.79644,29.88736,304.14,0.51,0.41,2026-08-14,23:39:00,N21,nominal,2.0NRT,285.44,1.2,N,VIIRS
45.78722,29.93863,320.96,0.51,0.41,2026-08-14,23:39:00,N21,nominal,2.0NRT,286.15,8.32,N,VIIRS
45.27021,33.84068,301.9,0.39,0.36,2026-08-14,23:39:00,N21,nominal,2.0NRT,284.84,0.6,N,VIIRS
45.73496,29.99206,331.75,0.5,0.41,2026-08-14,23:39:00,N21,nominal,2.0NRT,291.33,4.13,N,VIIRS
45.75848,29.73693,300.89,0.52,0.41,2026-08-14,23:39:00,N21,nominal,2.0NRT,283.83,0.88,N,VIIRS
45.75359,29.78293,295.19,0.51,0.41,2026-08-14,23:39:00,N21,nominal,2.0NRT,283.89,0.3,N,VIIRS
45.74535,29.78789,302.11,0.51,0.41,2026-08-14,23:39:00,N21,nominal,2.0NRT,285.01,1.52,N,VIIRS
45.74158,29.78711,312.9,0.51,0.41,2026-08-14,23:39:00,N21,nominal,2.0NRT,286.66,1.52,N,VIIRS
45.12841,34.00079,298.37,0.39,0.36,2026-08-14,23:39:00,N21,nominal,2.0NRT,285.76,0.76,N,VIIRS
44.77279,33.86216,311.31,0.39,0.36,2026-08-14,23:39:00,N21,nominal,2.0NRT,287.16,1.56,N,VIIRS
46.20042,30.35431,322.03,0.49,0.41,2026-08-14,23:39:00,N21,nominal,2.0NRT,290.6,3.52,N,VIIRS
46.22959,30.00995,303.61,0.51,0.41,2026-08-14,23:39:00,N21,nominal,2.0NRT,284.64,1.18,N,VIIRS
45.71429,33.49829,298.41,0.4,0.37,2026-08-14,23:39:00,N21,nominal,2.0NRT,285.05,1.26,N,VIIRS
45.71359,33.50337,314.59,0.4,0.37,2026-08-14,23:39:00,N21,nominal,2.0NRT,287.65,1.26,N,VIIRS
46.32038,33.12264,301.56,0.41,0.37,2026-08-14,23:39:00,N21,nominal,2.0NRT,285.19,1.51,N,VIIRS
46.40237,32.84426,296.36,0.42,0.37,2026-08-14,23:39:00,N21,nominal,2.0NRT,284.89,0.94,N,VIIRS
46.40444,32.82813,296.71,0.42,0.37,2026-08-14,23:39:00,N21,nominal,2.0NRT,284.99,1.43,N,VIIRS
46.41413,32.75271,307.02,0.42,0.38,2026-08-14,23:39:00,N21,nominal,2.0NRT,284.15,1.09,N,VIIRS
46.40577,32.84518,300.38,0.42,0.37,2026-08-14,23:39:00,N21,nominal,2.0NRT,285.01,0.92,N,VIIRS
46.20723,32.72708,298.84,0.42,0.37,2026-08-14,23:39:00,N21,nominal,2.0NRT,285.11,1.32,N,VIIRS
46.53501,31.71083,300.67,0.45,0.39,2026-08-14,23:39:00,N21,nominal,2.0NRT,287.07,0.93,N,VIIRS
46.48714,32.14024,305.3,0.43,0.38,2026-08-14,23:39:00,N21,nominal,2.0NRT,286.59,1.04,N,VIIRS
46.53854,31.71171,305.75,0.45,0.39,2026-08-14,23:39:00,N21,nominal,2.0NRT,286.91,1.29,N,VIIRS
46.20313,32.73153,331.68,0.42,0.37,2026-08-14,23:39:00,N21,nominal,2.0NRT,287.29,4.93,N,VIIRS
46.40918,32.8461,300.31,0.42,0.37,2026-08-14,23:39:00,N21,nominal,2.0NRT,286.74,0.92,N,VIIRS
46.40987,32.84073,296.26,0.42,0.37,2026-08-14,23:39:00,N21,nominal,2.0NRT,285.45,1.5,N,VIIRS
46.41258,32.84702,300.11,0.42,0.37,2026-08-14,23:39:00,N21,nominal,2.0NRT,285.73,1.25,N,VIIRS
46.46859,32.51958,307.3,0.42,0.38,2026-08-14,23:39:00,N21,nominal,2.0NRT,284.15,1.18,N,VIIRS
46.42751,32.86773,306.95,0.42,0.37,2026-08-14,23:39:00,N21,nominal,2.0NRT,284.86,1.42,N,VIIRS
46.38757,33.19827,295.45,0.41,0.37,2026-08-14,23:39:00,N21,nominal,2.0NRT,283.3,0.24,N,VIIRS
46.42324,32.92761,308.23,0.41,0.37,2026-08-14,23:39:00,N21,nominal,2.0NRT,283.92,0.99,N,VIIRS
46.42393,32.92226,318.47,0.41,0.37,2026-08-14,23:39:00,N21,nominal,2.0NRT,284.21,2.47,N,VIIRS
46.43161,32.86327,313.61,0.42,0.37,2026-08-14,23:39:00,N21,nominal,2.0NRT,285.18,1.54,N,VIIRS
46.43501,32.86419,312.03,0.42,0.37,2026-08-14,23:39:00,N21,nominal,2.0NRT,284.38,1.54,N,VIIRS
46.43571,32.85882,296.36,0.42,0.37,2026-08-14,23:39:00,N21,nominal,2.0NRT,282.95,1.12,N,VIIRS
46.40472,33.1483,306.02,0.41,0.37,2026-08-14,23:39:00,N21,nominal,2.0NRT,283.45,0.48,N,VIIRS
46.24487,34.51793,339.07,0.39,0.36,2026-08-14,23:39:00,N21,nominal,2.0NRT,285.65,3.42,N,VIIRS
46.42506,33.25779,300.33,0.41,0.37,2026-08-14,23:39:00,N21,nominal,2.0NRT,283.92,0.72,N,VIIRS
46.24816,34.51892,327.05,0.39,0.36,2026-08-14,23:39:00,N21,nominal,2.0NRT,283.59,3.42,N,VIIRS
46.25144,34.51991,314.8,0.39,0.36,2026-08-14,23:39:00,N21,nominal,2.0NRT,282.73,1.4,N,VIIRS
46.42843,33.25872,309.09,0.41,0.37,2026-08-14,23:39:00,N21,nominal,2.0NRT,284.13,1.75,N,VIIRS
46.43321,33.24915,312.09,0.41,0.37,2026-08-14,23:39:00,N21,nominal,2.0NRT,284.9,2.38,N,VIIRS
46.43392,33.24388,303.42,0.41,0.37,2026-08-14,23:39:00,N21,nominal,2.0NRT,284.43,1.7,N,VIIRS
46.43534,33.23335,296.36,0.41,0.37,2026-08-14,23:39:00,N21,nominal,2.0NRT,283.96,0.8,N,VIIRS
46.43251,33.2544,329.88,0.41,0.37,2026-08-14,23:39:00,N21,nominal,2.0NRT,285.28,2.38,N,VIIRS
46.43463,33.23862,325.13,0.41,0.37,2026-08-14,23:39:00,N21,nominal,2.0NRT,285.13,1.7,N,VIIRS
46.35759,33.82555,303.84,0.4,0.37,2026-08-14,23:39:00,N21,nominal,2.0NRT,282.79,0.89,N,VIIRS
46.29155,34.42948,301.56,0.39,0.36,2026-08-14,23:39:00,N21,nominal,2.0NRT,284.74,3.21,N,VIIRS
46.29485,34.43047,342.04,0.39,0.36,2026-08-14,23:39:00,N21,nominal,2.0NRT,286.67,3.21,N,VIIRS
46.29813,34.43145,333.87,0.39,0.36,2026-08-14,23:39:00,N21,nominal,2.0NRT,285.63,5.92,N,VIIRS
46.50056,33.06074,295.4,0.41,0.37,2026-08-14,23:39:00,N21,nominal,2.0NRT,284.49,1.17,N,VIIRS
46.32077,34.41734,295.36,0.39,0.36,2026-08-14,23:39:00,N21,nominal,2.0NRT,281.76,1.09,N,VIIRS
46.32005,34.42235,322.03,0.39,0.36,2026-08-14,23:39:00,N21,nominal,2.0NRT,282.38,1.09,N,VIIRS
46.36436,34.13634,296.95,0.39,0.36,2026-08-14,23:39:00,N21,nominal,2.0NRT,282.89,0.46,N,VIIRS
46.51469,33.0867,295.9,0.41,0.37,2026-08-14,23:39:00,N21,nominal,2.0NRT,284.71,0.43,N,VIIRS
46.51807,33.08763,313.16,0.41,0.37,2026-08-14,23:39:00,N21,nominal,2.0NRT,283.99,1.31,N,VIIRS
