latitude,longitude,bright_ti4,scan,track,acq_date,acq_time,satellite,confidence,version,bright_ti5,frp,daynight,instrument
51.21793,34.2667,301.71,0.43,0.62,2026-08-16,00:58:00,N21,nominal,2.0NRT,282.36,0.8,N,VIIRS
52.00845,31.98153,295.51,0.33,0.55,2026-08-16,00:58:00,N21,nominal,2.0NRT,281.21,0.44,N,VIIRS
52.00974,31.97715,303.44,0.33,0.55,2026-08-16,00:58:00,N21,nominal,2.0NRT,281.34,0.44,N,VIIRS
51.36316,34.22713,295.44,0.43,0.62,2026-08-16,00:58:00,N21,nominal,2.0NRT,280.36,0.37,N,VIIRS
52.1845,33.76498,298.16,0.38,0.59,2026-08-16,00:58:00,N21,nominal,2.0NRT,281.91,1.33,N,VIIRS
51.75441,34.30356,296.25,0.41,0.61,2026-08-16,00:58:00,N21,nominal,2.0NRT,281.81,0.68,N,VIIRS
52.18608,33.75993,311.63,0.38,0.59,2026-08-16,00:58:00,N21,nominal,2.0NRT,282.36,1.33,N,VIIRS
45.74715,30.01595,303.65,0.44,0.62,2026-08-16,01:00:00,N21,nominal,2.0NRT,289.04,1.11,N,VIIRS
45.74871,30.01077,302.43,0.44,0.62,2026-08-16,01:00:00,N21,nominal,2.0NRT,288.88,0.99,N,VIIRS
45.74478,30.01395,303.87,0.44,0.62,2026-08-16,01:00:00,N21,nominal,2.0NRT,289.59,1.07,N,VIIRS
45.74636,30.00879,303.28,0.44,0.62,2026-08-16,01:00:00,N21,nominal,2.0NRT,288.46,1.07,N,VIIRS
50.27041,26.06689,322.13,0.44,0.46,2026-08-16,01:00:00,N21,nominal,2.0NRT,288.48,3.38,N,VIIRS
50.53043,24.63252,298.18,0.57,0.43,2026-08-16,01:00:00,N21,nominal,2.0NRT,286.93,0.84,N,VIIRS
48.57931,31.75851,296.53,0.42,0.61,2026-08-16,01:00:00,N21,nominal,2.0NRT,284.39,1.26,N,VIIRS
48.57771,31.76369,302.35,0.42,0.61,2026-08-16,01:00:00,N21,nominal,2.0NRT,283.89,1.03,N,VIIRS
48.57261,31.75999,308.41,0.42,0.61,2026-08-16,01:00:00,N21,nominal,2.0NRT,283.2,1.51,N,VIIRS
47.39371,35.20537,300,0.64,0.72,2026-08-16,01:00:00,N21,nominal,2.0NRT,281.73,1.74,N,VIIRS
47.36502,35.09552,300.29,0.64,0.72,2026-08-16,01:00:00,N21,nominal,2.0NRT,282.13,2.02,N,VIIRS
47.35992,35.09145,296.73,0.64,0.72,2026-08-16,01:00:00,N21,nominal,2.0NRT,282.57,1.79,N,VIIRS
47.33424,35.10033,297.18,0.64,0.72,2026-08-16,01:00:00,N21,nominal,2.0NRT,281.72,1.02,N,VIIRS
47.30804,34.9422,295.91,0.63,0.72,2026-08-16,01:00:00,N21,nominal,2.0NRT,281.09,0.94,N,VIIRS
48.17642,32.29445,298.74,0.46,0.63,2026-08-16,01:00:00,N21,nominal,2.0NRT,283,0.86,N,VIIRS
47.35796,34.67183,307.92,0.61,0.71,2026-08-16,01:00:00,N21,nominal,2.0NRT,281.8,2.08,N,VIIRS
47.34962,34.67459,301.89,0.61,0.71,2026-08-16,01:00:00,N21,nominal,2.0NRT,281.35,2.5,N,VIIRS
47.34126,34.67735,307.13,0.61,0.71,2026-08-16,01:00:00,N21,nominal,2.0NRT,281.52,2.5,N,VIIRS
47.31249,33.74676,301.97,0.56,0.69,2026-08-16,01:00:00,N21,nominal,2.0NRT,282.17,1.32,N,VIIRS
46.77198,35.21039,307.49,0.68,0.74,2026-08-16,01:00:00,N21,nominal,2.0NRT,282.77,1.91,N,VIIRS
46.74281,35.24857,297.63,0.68,0.74,2026-08-16,01:00:00,N21,nominal,2.0NRT,282.44,4.72,N,VIIRS
46.73689,35.24361,332.83,0.68,0.74,2026-08-16,01:00:00,N21,nominal,2.0NRT,284.7,4.72,N,VIIRS
47.21386,33.86864,306.47,0.57,0.69,2026-08-16,01:00:00,N21,nominal,2.0NRT,283.17,1.4,N,VIIRS
46.77541,35.21062,310.93,0.68,0.74,2026-08-16,01:00:00,N21,nominal,2.0NRT,282.22,2.31,N,VIIRS
47.21724,33.86728,295.67,0.57,0.69,2026-08-16,01:00:00,N21,nominal,2.0NRT,283.63,1.34,N,VIIRS
46.74057,35.24391,319.63,0.68,0.74,2026-08-16,01:00:00,N21,nominal,2.0NRT,283.33,3.46,N,VIIRS
46.7376,35.25226,301.28,0.68,0.74,2026-08-16,01:00:00,N21,nominal,2.0NRT,281.83,3.46,N,VIIRS
46.73455,35.23921,299.98,0.68,0.74,2026-08-16,01:00:00,N21,nominal,2.0NRT,282.22,2.88,N,VIIRS
47.98021,31.37828,303.23,0.42,0.61,2026-08-16,01:00:00,N21,nominal,2.0NRT,282.35,1.45,N,VIIRS
48.53726,29.22833,298.21,0.33,0.55,2026-08-16,01:00:00,N21,nominal,2.0NRT,282.7,0.35,N,VIIRS
48.5376,29.22963,299.33,0.33,0.55,2026-08-16,01:00:00,N21,nominal,2.0NRT,282.85,0.58,N,VIIRS
48.85352,27.9612,330.45,0.57,0.52,2026-08-16,01:00:00,N21,nominal,2.0NRT,285.35,5.73,N,VIIRS
46.59699,35.16203,295.22,0.68,0.74,2026-08-16,01:00:00,N21,nominal,2.0NRT,281.95,1.68,N,VIIRS
47.42096,31.42473,295.56,0.44,0.63,2026-08-16,01:00:00,N21,nominal,2.0NRT,283.14,0.58,N,VIIRS
47.4187,31.42438,295.75,0.44,0.63,2026-08-16,01:00:00,N21,nominal,2.0NRT,282.99,0.65,N,VIIRS
48.748,26.6051,299.39,0.5,0.49,2026-08-16,01:00:00,N21,nominal,2.0NRT,288.7,1.48,N,VIIRS
46.96012,32.7192,332.53,0.52,0.67,2026-08-16,01:00:00,N21,nominal,2.0NRT,284.27,5.39,N,VIIRS
46.41222,34.2109,303.49,0.63,0.72,2026-08-16,01:00:00,N21,nominal,2.0NRT,283,1.91,N,VIIRS
46.40632,34.20649,298.56,0.63,0.72,2026-08-16,01:00:00,N21,nominal,2.0NRT,283.62,1.91,N,VIIRS
46.41366,34.20784,304.27,0.63,0.72,2026-08-16,01:00:00,N21,nominal,2.0NRT,283.07,3.01,N,VIIRS
46.40522,34.2108,300.41,0.63,0.72,2026-08-16,01:00:00,N21,nominal,2.0NRT,283.5,2.5,N,VIIRS
47.51122,30.6168,304.17,0.41,0.6,2026-08-16,01:00:00,N21,nominal,2.0NRT,282.08,1.23,N,VIIRS
46.3969,33.95629,304.11,0.62,0.71,2026-08-16,01:00:00,N21,nominal,2.0NRT,282.44,2.7,N,VIIRS
47.51456,30.42447,308.86,0.4,0.6,2026-08-16,01:00:00,N21,nominal,2.0NRT,282.59,1.32,N,VIIRS
46.72298,32.80847,295.27,0.54,0.68,2026-08-16,01:00:00,N21,nominal,2.0NRT,284.54,1.1,N,VIIRS
48.97456,24.71167,318.56,0.42,0.45,2026-08-16,01:00:00,N21,nominal,2.0NRT,290.44,2.19,N,VIIRS
46.02945,34.60152,296.87,0.68,0.74,2026-08-16,01:00:00,N21,nominal,2.0NRT,283.18,1.5,N,VIIRS
46.42314,32.91921,299.2,0.56,0.69,2026-08-16,01:00:00,N21,nominal,2.0NRT,283.48,2.04,N,VIIRS
46.42565,32.8484,295.06,0.55,0.68,2026-08-16,01:00:00,N21,nominal,2.0NRT,283.28,2.09,N,VIIRS
45.8018,34.03093,295.45,0.65,0.73,2026-08-16,01:00:00,N21,nominal,2.0NRT,281.86,1.12,N,VIIRS
46.25139,32.49666,297.48,0.54,0.68,2026-08-16,01:00:00,N21,nominal,2.0NRT,284.41,1.02,N,VIIRS
46.24576,32.49274,299.12,0.54,0.68,2026-08-16,01:00:00,N21,nominal,2.0NRT,284.56,0.81,N,VIIRS
46.23285,32.4479,297.98,0.54,0.68,2026-08-16,01:00:00,N21,nominal,2.0NRT,282.65,0.58,N,VIIRS
45.73843,33.76524,296.54,0.64,0.72,2026-08-16,01:00:00,N21,nominal,2.0NRT,283.03,1.11,N,VIIRS
50.54412,26.26048,311.93,0.44,0.46,2026-08-16,01:00:00,N21,nominal,2.0NRT,289.52,2.28,N,VIIRS
47.37674,37.13183,304.21,0.77,0.78,2026-08-16,01:00:00,N21,nominal,2.0NRT,280.22,4.37,N,VIIRS
47.38024,37.12249,315.84,0.77,0.77,2026-08-16,01:00:00,N21,nominal,2.0NRT,281.39,6,N,VIIRS
47.37598,37.1283,314.27,0.77,0.77,2026-08-16,01:00:00,N21,nominal,2.0NRT,280.8,4.71,N,VIIRS
47.37949,37.11908,302.63,0.77,0.77,2026-08-16,01:00:00,N21,nominal,2.0NRT,281.37,4.71,N,VIIRS
48.51728,34.62868,311.54,0.56,0.68,2026-08-16,01:00:00,N21,nominal,2.0NRT,284.33,2.27,N,VIIRS
48.52264,34.62896,304.03,0.56,0.68,2026-08-16,01:00:00,N21,nominal,2.0NRT,284.63,2.16,N,VIIRS
48.41052,35.60815,321.87,0.61,0.71,2026-08-16,01:00:00,N21,nominal,2.0NRT,282.31,5.84,N,VIIRS
48.4096,35.61278,319.99,0.61,0.71,2026-08-16,01:00:00,N21,nominal,2.0NRT,282.34,4.12,N,VIIRS
49.16264,33.45569,308.54,0.47,0.64,2026-08-16,01:00:00,N21,nominal,2.0NRT,284.08,2.08,N,VIIRS
49.16602,33.4656,345.37,0.47,0.64,2026-08-16,01:00:00,N21,nominal,2.0NRT,289.56,28.86,N,VIIRS
49.16794,33.45976,367,0.47,0.64,2026-08-16,01:00:00,N21,high,2.0NRT,288.3,28.86,N,VIIRS
49.17706,33.45217,296.93,0.47,0.64,2026-08-16,01:00:00,N21,nominal,2.0NRT,284.34,6.37,N,VIIRS
49.18042,33.46212,311.35,0.47,0.64,2026-08-16,01:00:00,N21,nominal,2.0NRT,288.54,15.95,N,VIIRS
49.18423,33.45048,295.49,0.47,0.64,2026-08-16,01:00:00,N21,nominal,2.0NRT,282.47,20.91,N,VIIRS
49.18233,33.4563,367,0.47,0.64,2026-08-16,01:00:00,N21,high,2.0NRT,298.84,15.95,N,VIIRS
49.18569,33.46629,319.13,0.47,0.64,2026-08-16,01:00:00,N21,nominal,2.0NRT,284.27,15.95,N,VIIRS
49.1876,33.46044,303.53,0.47,0.64,2026-08-16,01:00:00,N21,nominal,2.0NRT,283.9,15.95,N,VIIRS
50.4846,30.49826,336.4,0.32,0.55,2026-08-16,01:00:00,N21,nominal,2.0NRT,288.9,9.11,N,VIIRS
50.4858,30.49406,367,0.32,0.55,2026-08-16,01:00:00,N21,high,2.0NRT,293.27,12.26,N,VIIRS
48.9249,35.82957,345.83,0.6,0.71,2026-08-16,01:00:00,N21,nominal,2.0NRT,281.87,5.7,N,VIIRS
48.93057,35.83445,308.78,0.6,0.71,2026-08-16,01:00:00,N21,nominal,2.0NRT,280.57,5.7,N,VIIRS
48.92661,35.83043,347.11,0.6,0.71,2026-08-16,01:00:00,N21,nominal,2.0NRT,282.36,13.16,N,VIIRS
48.73306,36.68169,296.61,0.66,0.73,2026-08-16,01:00:00,N21,nominal,2.0NRT,280.62,2.35,N,VIIRS
48.73587,36.67395,311.73,0.66,0.73,2026-08-16,01:00:00,N21,nominal,2.0NRT,281.23,2.35,N,VIIRS
48.73848,36.6807,309.97,0.66,0.73,2026-08-16,01:00:00,N21,nominal,2.0NRT,281.84,2.65,N,VIIRS
48.54208,37.69968,304.13,0.74,0.76,2026-08-16,01:00:00,N21,nominal,2.0NRT,280.52,1.69,N,VIIRS
48.63102,37.5922,302.98,0.72,0.76,2026-08-16,01:00:00,N21,nominal,2.0NRT,279.77,1.45,N,VIIRS
48.63168,37.59232,302.96,0.72,0.76,2026-08-16,01:00:00,N21,nominal,2.0NRT,279.85,1.34,N,VIIRS
51.53534,28.94583,299.81,0.52,0.5,2026-08-16,01:00:00,N21,nominal,2.0NRT,285.43,0.86,N,VIIRS
51.53511,28.95106,302.21,0.52,0.5,2026-08-16,01:00:00,N21,nominal,2.0NRT,285.76,2.08,N,VIIRS
47.68972,37.34166,367,0.55,0.68,2026-08-16,09:05:00,N21,high,2.0NRT,310.02,35.5,D,VIIRS
47.68751,37.33508,348.83,0.55,0.68,2026-08-16,09:05:00,N21,nominal,2.0NRT,302.72,35.5,D,VIIRS
46.96178,35.23315,337.22,0.71,0.75,2026-08-16,09:05:00,N21,nominal,2.0NRT,302.6,5.94,D,VIIRS
47.68934,37.34335,367,0.55,0.68,2026-08-16,09:05:00,N21,high,2.0NRT,307.76,43.49,D,VIIRS
47.68712,37.33684,350.82,0.55,0.68,2026-08-16,09:05:00,N21,nominal,2.0NRT,308.84,54.59,D,VIIRS
47.19847,35.79409,337.69,0.66,0.73,2026-08-16,09:05:00,N21,nominal,2.0NRT,299.65,27.52,D,VIIRS
47.19564,35.78622,349.47,0.66,0.73,2026-08-16,09:05:00,N21,nominal,2.0NRT,302.4,27.52,D,VIIRS
47.28199,35.87894,333.57,0.65,0.73,2026-08-16,09:05:00,N21,nominal,2.0NRT,299.66,4.78,D,VIIRS
47.65296,36.88221,342.77,0.58,0.69,2026-08-16,09:05:00,N21,nominal,2.0NRT,302.88,13.93,D,VIIRS
47.65777,36.8835,341.08,0.58,0.69,2026-08-16,09:05:00,N21,nominal,2.0NRT,301.71,4.96,D,VIIRS
47.65546,36.8768,340.78,0.58,0.69,2026-08-16,09:05:00,N21,nominal,2.0NRT,303.59,8.24,D,VIIRS
47.57553,36.47953,336.13,0.6,0.71,2026-08-16,09:05:00,N21,nominal,2.0NRT,297.77,8.04,D,VIIRS
47.26762,35.61041,339.86,0.67,0.74,2026-08-16,09:05:00,N21,nominal,2.0NRT,302.79,9.22,D,VIIRS
47.69376,36.73732,334.75,0.58,0.7,2026-08-16,09:05:00,N21,nominal,2.0NRT,303.04,10.58,D,VIIRS
47.69953,36.73311,355.37,0.58,0.7,2026-08-16,09:05:00,N21,nominal,2.0NRT,301.45,10.58,D,VIIRS
47.696040000000004,36.73326,367,0.58,0.7,2026-08-16,09:05:00,N21,high,2.0NRT,304.22,22.44,D,VIIRS
47.47681,35.90258,340.51,0.64,0.72,2026-08-16,09:05:00,N21,nominal,2.0NRT,299.76,6.79,D,VIIRS
48.10135,37.69638,338.32,0.51,0.66,2026-08-16,09:05:00,N21,nominal,2.0NRT,297.23,7.09,D,VIIRS
48.00272,37.31823,338.78,0.54,0.68,2026-08-16,09:05:00,N21,nominal,2.0NRT,297.48,8.27,D,VIIRS
47.38336,35.35281,367,0.68,0.74,2026-08-16,09:05:00,N21,high,2.0NRT,302.91,18.27,D,VIIRS
47.38045,35.34483,353.79,0.68,0.74,2026-08-16,09:05:00,N21,nominal,2.0NRT,300.11,19.17,D,VIIRS
47.39233,35.3562,335.61,0.68,0.74,2026-08-16,09:05:00,N21,nominal,2.0NRT,302.74,18.27,D,VIIRS
47.3894,35.34816,348.03,0.68,0.74,2026-08-16,09:05:00,N21,nominal,2.0NRT,303.43,18.27,D,VIIRS
47.38646,35.34007,338.82,0.68,0.74,2026-08-16,09:05:00,N21,nominal,2.0NRT,299.24,19.17,D,VIIRS
47.56297,35.8084,330.13,0.64,0.72,2026-08-16,09:05:00,N21,nominal,2.0NRT,299.36,5.51,D,VIIRS
48.08612,37.27491,367,0.54,0.68,2026-08-16,09:05:00,N21,high,2.0NRT,298.17,13.82,D,VIIRS
48.09277,37.29466,346.67,0.53,0.67,2026-08-16,09:05:00,N21,nominal,2.0NRT,298.1,8.03,D,VIIRS
48.00948,36.98591,367,0.55,0.68,2026-08-16,09:05:00,N21,high,2.0NRT,304,59.5,D,VIIRS
47.87269,36.5859,333.53,0.58,0.7,2026-08-16,09:05:00,N21,nominal,2.0NRT,299.44,4.23,D,VIIRS
47.38798,35.21629,330.7,0.69,0.74,2026-08-16,09:05:00,N21,nominal,2.0NRT,300.5,5.64,D,VIIRS
47.38504,35.20821,337.96,0.69,0.74,2026-08-16,09:05:00,N21,nominal,2.0NRT,297.51,5.64,D,VIIRS
47.88379,36.53421,331.46,0.58,0.7,2026-08-16,09:05:00,N21,nominal,2.0NRT,298.49,3.51,D,VIIRS
47.31671,34.93483,350.59,0.71,0.75,2026-08-16,09:05:00,N21,nominal,2.0NRT,301.46,16.31,D,VIIRS
47.39009,35.21332,332.07,0.69,0.74,2026-08-16,09:05:00,N21,low,2.0NRT,302.29,8.89,D,VIIRS
47.31776,34.93307,350.99,0.71,0.75,2026-08-16,09:05:00,N21,nominal,2.0NRT,300.83,10.59,D,VIIRS
48.08498,37.00377,337.49,0.55,0.68,2026-08-16,09:05:00,N21,nominal,2.0NRT,296.1,5.23,D,VIIRS
48.10647,37.04617,348.19,0.55,0.68,2026-08-16,09:05:00,N21,nominal,2.0NRT,297.13,11.13,D,VIIRS
47.89865,36.37989,352.13,0.59,0.7,2026-08-16,09:05:00,N21,nominal,2.0NRT,297.08,15.43,D,VIIRS
47.10542,34.17315,367,0.78,0.78,2026-08-16,09:05:00,N21,high,2.0NRT,302.66,75.98,D,VIIRS
47.10884,34.18218,334.11,0.78,0.78,2026-08-16,09:05:00,N21,nominal,2.0NRT,299.77,28.5,D,VIIRS
47.96358,36.46251,343.29,0.58,0.7,2026-08-16,09:05:00,N21,nominal,2.0NRT,296.62,9.34,D,VIIRS
47.34206,34.67731,335.27,0.73,0.76,2026-08-16,09:05:00,N21,nominal,2.0NRT,300.59,10.35,D,VIIRS
47.35136,34.681,338.7,0.73,0.76,2026-08-16,09:05:00,N21,nominal,2.0NRT,298.5,9.56,D,VIIRS
48.46424,37.87446,348.87,0.49,0.65,2026-08-16,09:05:00,N21,nominal,2.0NRT,299.89,8.29,D,VIIRS
47.35755,34.67622,341.1,0.73,0.76,2026-08-16,09:05:00,N21,nominal,2.0NRT,299.67,9.56,D,VIIRS
47.96559,36.45776,345.86,0.58,0.7,2026-08-16,09:05:00,N21,nominal,2.0NRT,297.45,14.22,D,VIIRS
48.46169,37.87253,343.28,0.49,0.65,2026-08-16,09:05:00,N21,nominal,2.0NRT,297.6,6.36,D,VIIRS
47.3517,34.67875,342.01,0.73,0.76,2026-08-16,09:05:00,N21,nominal,2.0NRT,299.51,15.4,D,VIIRS
47.35791,34.674,339.95,0.73,0.76,2026-08-16,09:05:00,N21,nominal,2.0NRT,299.92,13.15,D,VIIRS
48.38071,37.54742,337.01,0.51,0.66,2026-08-16,09:05:00,N21,nominal,2.0NRT,294.84,4.05,D,VIIRS
47.77699,35.77889,367,0.63,0.72,2026-08-16,09:05:00,N21,high,2.0NRT,298.01,17.03,D,VIIRS
48.2631,37.11509,329.46,0.54,0.68,2026-08-16,09:05:00,N21,nominal,2.0NRT,298.18,5.74,D,VIIRS
47.82434,35.82771,367,0.63,0.72,2026-08-16,09:05:00,N21,high,2.0NRT,296.93,23.85,D,VIIRS
47.777,35.67353,367,0.64,0.72,2026-08-16,09:05:00,N21,high,2.0NRT,297.61,23.43,D,VIIRS
47.77964,35.68095,330.55,0.64,0.72,2026-08-16,09:05:00,N21,nominal,2.0NRT,296.08,11.41,D,VIIRS
47.78292,35.669,367,0.64,0.72,2026-08-16,09:05:00,N21,high,2.0NRT,303.03,48.31,D,VIIRS
47.92422,36.06864,353.93,0.61,0.71,2026-08-16,09:05:00,N21,nominal,2.0NRT,295,14.07,D,VIIRS
47.7856,35.67654,349.07,0.64,0.72,2026-08-16,09:05:00,N21,nominal,2.0NRT,299.06,21.36,D,VIIRS
47.86763,35.82338,348.3,0.63,0.72,2026-08-16,09:05:00,N21,nominal,2.0NRT,295.26,15.86,D,VIIRS
48.47131,37.57447,330.88,0.51,0.66,2026-08-16,09:05:00,N21,nominal,2.0NRT,297.77,5.5,D,VIIRS
47.86583,35.81782,353.42,0.63,0.72,2026-08-16,09:05:00,N21,nominal,2.0NRT,295.6,22.04,D,VIIRS
48.90158,38.74405,367,0.44,0.62,2026-08-16,09:05:00,N21,high,2.0NRT,297.43,12.14,D,VIIRS
48.89986,38.73863,337.74,0.44,0.62,2026-08-16,09:05:00,N21,nominal,2.0NRT,297.34,10.56,D,VIIRS
48.12735,36.35026,345.84,0.58,0.7,2026-08-16,09:05:00,N21,nominal,2.0NRT,294.26,7.42,D,VIIRS
48.64109,37.85388,367,0.49,0.65,2026-08-16,09:05:00,N21,high,2.0NRT,297.85,16.87,D,VIIRS
48.75392,38.05877,339.97,0.47,0.64,2026-08-16,09:05:00,N21,nominal,2.0NRT,296.93,8.7,D,VIIRS
48.78113,38.08212,367,0.47,0.64,2026-08-16,09:05:00,N21,high,2.0NRT,299.13,13.91,D,VIIRS
48.77924,38.07623,337.27,0.47,0.64,2026-08-16,09:05:00,N21,nominal,2.0NRT,295.24,13.91,D,VIIRS
48.7545,38.06079,337.21,0.47,0.64,2026-08-16,09:05:00,N21,nominal,2.0NRT,296.5,6.72,D,VIIRS
48.78189,38.08406,338.26,0.47,0.64,2026-08-16,09:05:00,N21,nominal,2.0NRT,296.14,14.41,D,VIIRS
48.77996,38.07816,353.56,0.47,0.64,2026-08-16,09:05:00,N21,nominal,2.0NRT,298.05,14.41,D,VIIRS
48.81936,38.179,328.6,0.46,0.64,2026-08-16,09:05:00,N21,nominal,2.0NRT,298.01,3.28,D,VIIRS
48.69043,37.78503,331.88,0.49,0.65,2026-08-16,09:05:00,N21,nominal,2.0NRT,296.96,6,D,VIIRS
48.84996,38.23314,346.96,0.46,0.64,2026-08-16,09:05:00,N21,nominal,2.0NRT,294.88,7.9,D,VIIRS
48.79963,38.0779,339.5,0.47,0.64,2026-08-16,09:05:00,N21,nominal,2.0NRT,297.37,7.59,D,VIIRS
47.65046,34.76982,334.09,0.7,0.75,2026-08-16,09:05:00,N21,nominal,2.0NRT,296.37,8.62,D,VIIRS
48.85337,38.22351,367,0.46,0.64,2026-08-16,09:05:00,N21,high,2.0NRT,298.2,7.9,D,VIIRS
48.98643,38.63887,344.75,0.44,0.62,2026-08-16,09:05:00,N21,nominal,2.0NRT,297.91,8.93,D,VIIRS
48.98465,38.63327,346.28,0.44,0.62,2026-08-16,09:05:00,N21,nominal,2.0NRT,298.16,8.93,D,VIIRS
48.85518,38.2291,336.84,0.46,0.64,2026-08-16,09:05:00,N21,nominal,2.0NRT,295.13,7.9,D,VIIRS
48.45015,36.92282,350.11,0.54,0.68,2026-08-16,09:05:00,N21,nominal,2.0NRT,296.22,8.3,D,VIIRS
48.77573,37.88268,329.05,0.48,0.65,2026-08-16,09:05:00,N21,low,2.0NRT,300.07,3.06,D,VIIRS
47.39474,33.95844,331.19,0.78,0.78,2026-08-16,09:05:00,N21,nominal,2.0NRT,295.87,9.86,D,VIIRS
48.33261,36.53646,338.13,0.56,0.69,2026-08-16,09:05:00,N21,nominal,2.0NRT,298.31,8.91,D,VIIRS
47.3984,33.83805,348.36,0.79,0.78,2026-08-16,09:05:00,N21,nominal,2.0NRT,298.77,16.3,D,VIIRS
47.39494,33.82891,349.38,0.79,0.78,2026-08-16,09:05:00,N21,nominal,2.0NRT,297.92,16.3,D,VIIRS
48.86347,37.99058,336.6,0.47,0.64,2026-08-16,09:05:00,N21,nominal,2.0NRT,296.34,7.34,D,VIIRS
49.11954,38.78025,338.14,0.43,0.62,2026-08-16,09:05:00,N21,nominal,2.0NRT,294.77,12.55,D,VIIRS
49.11791,38.775,355.24,0.43,0.62,2026-08-16,09:05:00,N21,nominal,2.0NRT,297.28,12.55,D,VIIRS
49.1172,38.77832,367,0.43,0.62,2026-08-16,09:05:00,N21,high,2.0NRT,296.72,12.12,D,VIIRS
48.86258,37.98793,354.68,0.47,0.64,2026-08-16,09:05:00,N21,nominal,2.0NRT,296.22,9.38,D,VIIRS
49.12229,38.77446,341.71,0.43,0.62,2026-08-16,09:05:00,N21,nominal,2.0NRT,299.62,12.12,D,VIIRS
49.12572,38.76536,340.69,0.43,0.62,2026-08-16,09:05:00,N21,nominal,2.0NRT,298.52,5.67,D,VIIRS
47.40276,33.83453,334.21,0.78,0.78,2026-08-16,09:05:00,N21,nominal,2.0NRT,296.23,9.4,D,VIIRS
47.39928,33.82545,347.74,0.79,0.78,2026-08-16,09:05:00,N21,nominal,2.0NRT,298.49,13.36,D,VIIRS
48.98936,38.17689,330.32,0.46,0.63,2026-08-16,09:05:00,N21,nominal,2.0NRT,295.77,3.3,D,VIIRS
48.94235,37.94965,337.68,0.47,0.64,2026-08-16,09:05:00,N21,nominal,2.0NRT,295.92,3.69,D,VIIRS
49.00245,38.03473,348.36,0.46,0.64,2026-08-16,09:05:00,N21,nominal,2.0NRT,296.59,7.63,D,VIIRS
48.94241,37.94892,338.94,0.47,0.64,2026-08-16,09:05:00,N21,nominal,2.0NRT,295.95,3.79,D,VIIRS
49.00304,38.0337,345.36,0.46,0.64,2026-08-16,09:05:00,N21,nominal,2.0NRT,295.88,6.13,D,VIIRS
48.90547,37.59394,335.35,0.49,0.65,2026-08-16,09:05:00,N21,nominal,2.0NRT,290.05,3.97,D,VIIRS
49.05018,37.95674,331.46,0.47,0.64,2026-08-16,09:05:00,N21,nominal,2.0NRT,295.14,3.45,D,VIIRS
48.85303,37.35324,350.3,0.5,0.66,2026-08-16,09:05:00,N21,nominal,2.0NRT,295.18,7.96,D,VIIRS
48.31976,35.66313,353.21,0.61,0.71,2026-08-16,09:05:00,N21,nominal,2.0NRT,294.48,10.66,D,VIIRS
48.32571,35.65897,340.86,0.61,0.71,2026-08-16,09:05:00,N21,nominal,2.0NRT,290.36,10.66,D,VIIRS
48.32006,35.66108,367,0.61,0.71,2026-08-16,09:05:00,N21,high,2.0NRT,296.18,25.49,D,VIIRS
49.16756,37.99438,328.38,0.46,0.63,2026-08-16,09:05:00,N21,nominal,2.0NRT,294.48,6.71,D,VIIRS
49.61131,39.27134,331.26,0.39,0.6,2026-08-16,09:05:00,N21,nominal,2.0NRT,295.83,3.38,D,VIIRS
49.22244,38.00308,331.75,0.46,0.63,2026-08-16,09:05:00,N21,nominal,2.0NRT,294.83,5.59,D,VIIRS
49.13544,37.57053,349.46,0.48,0.65,2026-08-16,09:05:00,N21,nominal,2.0NRT,295.31,12.53,D,VIIRS
48.89524,36.80769,334.04,0.52,0.67,2026-08-16,09:05:00,N21,nominal,2.0NRT,294.61,6.75,D,VIIRS
48.92202,35.83937,347.23,0.57,0.69,2026-08-16,09:05:00,N21,nominal,2.0NRT,298.98,12.87,D,VIIRS
49.68828,37.84787,344.3,0.45,0.63,2026-08-16,09:05:00,N21,nominal,2.0NRT,292.72,7.27,D,VIIRS
49.77155,37.87756,327.54,0.44,0.63,2026-08-16,09:05:00,N21,nominal,2.0NRT,295.99,4.56,D,VIIRS
49.82431,37.74096,345.77,0.45,0.63,2026-08-16,09:05:00,N21,nominal,2.0NRT,297.15,8.03,D,VIIRS
49.82697,37.74101,344.9,0.45,0.63,2026-08-16,09:05:00,N21,nominal,2.0NRT,296.97,8.01,D,VIIRS
49.91621,37.5559,337.63,0.45,0.63,2026-08-16,09:05:00,N21,nominal,2.0NRT,292.68,4.4,D,VIIRS
49.89311,37.55888,333.27,0.45,0.63,2026-08-16,09:05:00,N21,nominal,2.0NRT,295.65,9.01,D,VIIRS
49.91788,37.55495,351.42,0.45,0.63,2026-08-16,09:05:00,N21,nominal,2.0NRT,293.23,10.35,D,VIIRS
47.13913,38.17653,331.14,0.53,0.67,2026-08-16,09:05:00,N21,low,2.0NRT,301.76,6.32,D,VIIRS
47.61023,38.382,343.92,0.5,0.66,2026-08-16,09:05:00,N21,nominal,2.0NRT,303.32,7.48,D,VIIRS
46.79574,35.87545,339.27,0.68,0.74,2026-08-16,09:05:00,N21,nominal,2.0NRT,300.82,5,D,VIIRS
47.45911,37.77823,340.37,0.54,0.68,2026-08-16,09:05:00,N21,nominal,2.0NRT,303.48,5.68,D,VIIRS
47.50204,37.80342,340.44,0.53,0.67,2026-08-16,09:05:00,N21,nominal,2.0NRT,301.47,9.26,D,VIIRS
47.5015,37.78084,367,0.54,0.67,2026-08-16,09:05:00,N21,high,2.0NRT,304.6,47.03,D,VIIRS
47.49947,37.77465,367,0.54,0.68,2026-08-16,09:05:00,N21,high,2.0NRT,312.69,47.03,D,VIIRS
47.50355,37.78706,331.68,0.53,0.67,2026-08-16,09:05:00,N21,nominal,2.0NRT,300.25,12.27,D,VIIRS
47.49739,37.76838,347.64,0.54,0.68,2026-08-16,09:05:00,N21,nominal,2.0NRT,298.97,38.21,D,VIIRS
47.46052,37.78083,335.23,0.54,0.68,2026-08-16,09:05:00,N21,nominal,2.0NRT,304.73,11.36,D,VIIRS
47.50365,37.80586,334.49,0.53,0.67,2026-08-16,09:05:00,N21,nominal,2.0NRT,300.75,6.15,D,VIIRS
47.50306,37.78341,367,0.53,0.67,2026-08-16,09:05:00,N21,high,2.0NRT,304.35,112.71,D,VIIRS
47.50098,37.77724,367,0.53,0.67,2026-08-16,09:05:00,N21,high,2.0NRT,310.72,112.71,D,VIIRS
47.4989,37.77104,292.39,0.54,0.67,2026-08-16,09:05:00,N21,low,2.0NRT,308.77,78.32,D,VIIRS
47.50875,37.77972,367,0.53,0.67,2026-08-16,09:05:00,N21,high,2.0NRT,304.44,112.71,D,VIIRS
47.50251,37.76111,367,0.54,0.68,2026-08-16,09:05:00,N21,high,2.0NRT,298.62,78.32,D,VIIRS
47.50459,37.76731,207.38,0.54,0.67,2026-08-16,09:05:00,N21,low,2.0NRT,305.32,78.32,D,VIIRS
46.99916,36.09035,367,0.66,0.73,2026-08-16,09:05:00,N21,high,2.0NRT,299.6,17.11,D,VIIRS
46.96904,35.87647,367,0.67,0.74,2026-08-16,09:05:00,N21,high,2.0NRT,309.01,58.65,D,VIIRS
46.99116,36.09455,332.02,0.66,0.73,2026-08-16,09:05:00,N21,nominal,2.0NRT,301.71,10.2,D,VIIRS
46.99718,36.09019,349.51,0.66,0.73,2026-08-16,09:05:00,N21,nominal,2.0NRT,298.64,10.2,D,VIIRS
46.96628,35.87728,367,0.67,0.74,2026-08-16,09:05:00,N21,high,2.0NRT,304.8,40.62,D,VIIRS
46.97229,35.87272,367,0.67,0.74,2026-08-16,09:05:00,N21,high,2.0NRT,301.88,23.08,D,VIIRS
47.61074,37.46017,331.03,0.55,0.68,2026-08-16,09:05:00,N21,nominal,2.0NRT,296.76,4.85,D,VIIRS
47.68185,37.33913,332.19,0.55,0.68,2026-08-16,09:05:00,N21,nominal,2.0NRT,298.41,4.36,D,VIIRS
45.25886,36.18806,338.1,0.75,0.77,2026-08-16,09:07:00,N21,nominal,2.0NRT,300.73,5.72,D,VIIRS
45.25808,36.18608,331.7,0.75,0.77,2026-08-16,09:07:00,N21,nominal,2.0NRT,300.43,3.83,D,VIIRS
50.01815,36.65205,327.53,0.49,0.65,2026-08-16,09:07:00,N21,nominal,2.0NRT,290.26,3.25,D,VIIRS
50.07096,36.49257,342.97,0.49,0.65,2026-08-16,09:07:00,N21,nominal,2.0NRT,295.15,9.64,D,VIIRS
50.07631,36.48829,344.29,0.49,0.65,2026-08-16,09:07:00,N21,nominal,2.0NRT,295.12,8.75,D,VIIRS
50.57867,35.14041,367,0.53,0.67,2026-08-16,09:07:00,N21,high,2.0NRT,300.61,34.1,D,VIIRS
50.57643,35.134,349.74,0.53,0.67,2026-08-16,09:07:00,N21,nominal,2.0NRT,296.36,34.1,D,VIIRS
50.58195,35.12954,329.05,0.53,0.67,2026-08-16,09:07:00,N21,nominal,2.0NRT,290.98,34.1,D,VIIRS
51.7024,34.14293,367,0.53,0.67,2026-08-16,09:07:00,N21,high,2.0NRT,294.06,10.44,D,VIIRS
51.70789,34.13832,327.61,0.53,0.67,2026-08-16,09:07:00,N21,nominal,2.0NRT,291.82,10.44,D,VIIRS
51.89303,34.07074,331.94,0.52,0.67,2026-08-16,09:07:00,N21,nominal,2.0NRT,291.09,5.21,D,VIIRS
52.00707,31.98444,331.93,0.62,0.71,2026-08-16,09:07:00,N21,nominal,2.0NRT,293.28,14.89,D,VIIRS
52.00982,31.97132,342.88,0.62,0.71,2026-08-16,09:07:00,N21,nominal,2.0NRT,295.18,14.49,D,VIIRS
51.3945,30.249,367,0.75,0.77,2026-08-16,09:07:00,N21,high,2.0NRT,296.49,38.88,D,VIIRS
51.39408,30.25017,367,0.75,0.77,2026-08-16,09:07:00,N21,high,2.0NRT,296.09,37.34,D,VIIRS
48.01569,23.60208,341.26,0.52,0.42,2026-08-16,10:45:00,N21,nominal,2.0NRT,306.6,6.78,D,VIIRS
48.01203,23.60379,350.39,0.52,0.42,2026-08-16,10:45:00,N21,nominal,2.0NRT,309.75,6.78,D,VIIRS
48.0162,23.60314,346.21,0.52,0.42,2026-08-16,10:45:00,N21,nominal,2.0NRT,306.84,9.32,D,VIIRS
48.01254,23.60485,353.63,0.52,0.42,2026-08-16,10:45:00,N21,nominal,2.0NRT,311.47,9.32,D,VIIRS
48.74476,27.63945,332.11,0.4,0.37,2026-08-16,10:45:00,N21,low,2.0NRT,304.39,3.16,D,VIIRS
49.98525,37.68521,341.86,0.42,0.46,2026-08-16,10:45:00,N21,nominal,2.0NRT,298.74,5.69,D,VIIRS
49.98473,37.89817,345.12,0.43,0.46,2026-08-16,10:45:00,N21,nominal,2.0NRT,299.86,7.62,D,VIIRS
49.98098,37.90496,338.34,0.43,0.46,2026-08-16,10:45:00,N21,nominal,2.0NRT,296.04,7.02,D,VIIRS
49.98052,37.89891,367,0.43,0.46,2026-08-16,10:45:00,N21,high,2.0NRT,303,16.44,D,VIIRS
48.92973,29.33706,331.73,0.38,0.36,2026-08-16,10:45:00,N21,low,2.0NRT,302.1,4.59,D,VIIRS
49.84547,37.2276,338.91,0.4,0.45,2026-08-16,10:45:00,N21,nominal,2.0NRT,300.17,4.2,D,VIIRS
49.39133,32.93717,333.69,0.43,0.38,2026-08-16,10:45:00,N21,nominal,2.0NRT,302.8,3.5,D,VIIRS
46.59586,33.44744,340.76,0.42,0.37,2026-08-16,10:45:00,N21,low,2.0NRT,314.25,4.14,D,VIIRS
46.59383,33.4313,348.49,0.42,0.37,2026-08-16,10:45:00,N21,nominal,2.0NRT,313.61,6.1,D,VIIRS
46.59315,33.42592,350.07,0.42,0.37,2026-08-16,10:45:00,N21,nominal,2.0NRT,315.95,6.1,D,VIIRS
46.59247,33.42054,340.02,0.42,0.37,2026-08-16,10:45:00,N21,nominal,2.0NRT,311.22,4.49,D,VIIRS
46.59994,33.45191,344.1,0.42,0.37,2026-08-16,10:45:00,N21,low,2.0NRT,317.25,46.62,D,VIIRS
46.59858,33.44115,350.85,0.42,0.37,2026-08-16,10:45:00,N21,nominal,2.0NRT,315.12,7.94,D,VIIRS
46.5979,33.43577,344.79,0.42,0.37,2026-08-16,10:45:00,N21,nominal,2.0NRT,313.82,7.94,D,VIIRS
46.59723,33.43039,345.63,0.42,0.37,2026-08-16,10:45:00,N21,nominal,2.0NRT,311.37,3.96,D,VIIRS
46.88664,35.82093,345.05,0.5,0.41,2026-08-16,10:45:00,N21,nominal,2.0NRT,313.22,4.97,D,VIIRS
46.53818,32.83836,348.66,0.4,0.37,2026-08-16,10:45:00,N21,nominal,2.0NRT,318.37,12.04,D,VIIRS
46.53749,32.83315,353.18,0.4,0.37,2026-08-16,10:45:00,N21,nominal,2.0NRT,318.73,43.22,D,VIIRS
46.5147,32.66195,354.03,0.4,0.37,2026-08-16,10:45:00,N21,nominal,2.0NRT,310.94,12.7,D,VIIRS
46.78012,34.77544,338.19,0.45,0.39,2026-08-16,10:45:00,N21,low,2.0NRT,310.59,2.28,D,VIIRS
46.54083,32.8322,353.25,0.4,0.37,2026-08-16,10:45:00,N21,nominal,2.0NRT,315.58,8.96,D,VIIRS
46.54015,32.827,346.22,0.4,0.37,2026-08-16,10:45:00,N21,nominal,2.0NRT,311.93,8.96,D,VIIRS
46.52483,32.68591,346.97,0.4,0.37,2026-08-16,10:45:00,N21,nominal,2.0NRT,314.15,13.08,D,VIIRS
46.84602,35.29957,347.33,0.47,0.4,2026-08-16,10:45:00,N21,low,2.0NRT,320.18,25.99,D,VIIRS
46.84535,35.2934,337.98,0.47,0.4,2026-08-16,10:45:00,N21,low,2.0NRT,312.86,9.55,D,VIIRS
46.52816,32.68496,354.88,0.4,0.37,2026-08-16,10:45:00,N21,nominal,2.0NRT,312.04,13.33,D,VIIRS
46.85621,35.29081,350.07,0.47,0.4,2026-08-16,10:45:00,N21,nominal,2.0NRT,317.66,104.79,D,VIIRS
47.1397,38.17828,351.29,0.41,0.45,2026-08-16,10:45:00,N21,nominal,2.0NRT,313.29,8.32,D,VIIRS
47.14383,38.17754,341.22,0.41,0.45,2026-08-16,10:45:00,N21,nominal,2.0NRT,309.04,8.32,D,VIIRS
46.57522,32.88208,346.6,0.4,0.37,2026-08-16,10:45:00,N21,nominal,2.0NRT,316.27,12.45,D,VIIRS
46.59722,33.45823,342.73,0.42,0.37,2026-08-16,10:45:00,N21,low,2.0NRT,316.55,5.24,D,VIIRS
46.59314,33.45376,345.49,0.42,0.37,2026-08-16,10:45:00,N21,nominal,2.0NRT,313.35,4.14,D,VIIRS
46.59381,33.45562,343.82,0.42,0.37,2026-08-16,10:45:00,N21,nominal,2.0NRT,313.23,4.55,D,VIIRS
46.58902,33.44578,352.56,0.42,0.37,2026-08-16,10:45:00,N21,nominal,2.0NRT,316.06,6.51,D,VIIRS
46.58971,33.45116,342.04,0.42,0.37,2026-08-16,10:45:00,N21,nominal,2.0NRT,313.41,6.51,D,VIIRS
46.5904,33.45655,339.33,0.42,0.37,2026-08-16,10:45:00,N21,low,2.0NRT,313.36,4.55,D,VIIRS
46.4472,32.43282,338.34,0.4,0.37,2026-08-16,10:45:00,N21,low,2.0NRT,312.72,2.57,D,VIIRS
46.88406,36.17115,339.84,0.51,0.41,2026-08-16,10:45:00,N21,nominal,2.0NRT,311.72,5.49,D,VIIRS
46.86977,36.33225,341.95,0.52,0.41,2026-08-16,10:45:00,N21,nominal,2.0NRT,312.95,11.51,D,VIIRS
46.34321,32.03123,354.31,0.39,0.36,2026-08-16,10:45:00,N21,nominal,2.0NRT,316.5,9.34,D,VIIRS
46.34392,32.03625,345.01,0.39,0.36,2026-08-16,10:45:00,N21,nominal,2.0NRT,314.14,9.34,D,VIIRS
46.34462,32.04128,355.28,0.39,0.36,2026-08-16,10:45:00,N21,nominal,2.0NRT,316.89,6.73,D,VIIRS
46.34533,32.0463,345.21,0.39,0.36,2026-08-16,10:45:00,N21,nominal,2.0NRT,314.91,6.73,D,VIIRS
46.8394,36.14732,339.9,0.51,0.41,2026-08-16,10:45:00,N21,low,2.0NRT,312.43,5.03,D,VIIRS
46.33381,32.01314,367,0.39,0.36,2026-08-16,10:45:00,N21,low,2.0NRT,326.89,24.4,D,VIIRS
46.33804,32.04321,367,0.39,0.36,2026-08-16,10:45:00,N21,low,2.0NRT,328.32,54.1,D,VIIRS
46.33451,32.01816,349.61,0.39,0.36,2026-08-16,10:45:00,N21,nominal,2.0NRT,316.86,24.4,D,VIIRS
46.33522,32.02318,343.75,0.39,0.36,2026-08-16,10:45:00,N21,nominal,2.0NRT,313.4,6.05,D,VIIRS
46.48199,33.10596,338.35,0.41,0.37,2026-08-16,10:45:00,N21,low,2.0NRT,308.47,1.71,D,VIIRS
46.71309,35.00758,341.99,0.46,0.39,2026-08-16,10:45:00,N21,low,2.0NRT,314.52,3.92,D,VIIRS
46.33193,32.02415,354.74,0.39,0.36,2026-08-16,10:45:00,N21,nominal,2.0NRT,320.07,31.18,D,VIIRS
46.33264,32.02917,340.55,0.39,0.36,2026-08-16,10:45:00,N21,nominal,2.0NRT,308.45,31.18,D,VIIRS
46.33757,32.06428,336.22,0.39,0.36,2026-08-16,10:45:00,N21,low,2.0NRT,309.81,4.71,D,VIIRS
46.33123,32.01913,367,0.39,0.36,2026-08-16,10:45:00,N21,high,2.0NRT,335.19,164.71,D,VIIRS
46.33334,32.03419,367,0.39,0.36,2026-08-16,10:45:00,N21,high,2.0NRT,326.65,37.59,D,VIIRS
46.33404,32.03917,367,0.39,0.36,2026-08-16,10:45:00,N21,high,2.0NRT,313.43,37.59,D,VIIRS
46.32793,32.0201,367,0.39,0.36,2026-08-16,10:45:00,N21,high,2.0NRT,327.88,164.71,D,VIIRS
46.7954,35.86925,337.68,0.5,0.41,2026-08-16,10:45:00,N21,low,2.0NRT,309.21,4.3,D,VIIRS
46.79742,35.88862,340.86,0.5,0.41,2026-08-16,10:45:00,N21,low,2.0NRT,313.88,7,D,VIIRS
46.82066,36.15156,339.66,0.51,0.41,2026-08-16,10:45:00,N21,low,2.0NRT,313.63,6.31,D,VIIRS
46.4329,32.86469,350.75,0.4,0.37,2026-08-16,10:45:00,N21,nominal,2.0NRT,312.83,72.99,D,VIIRS
46.68335,34.97176,314.74,0.46,0.39,2026-08-16,10:45:00,N21,low,2.0NRT,323.73,43.74,D,VIIRS
46.68402,34.97775,367,0.46,0.39,2026-08-16,10:45:00,N21,high,2.0NRT,337.46,43.74,D,VIIRS
46.42149,32.85711,348.59,0.4,0.37,2026-08-16,10:45:00,N21,nominal,2.0NRT,313.98,12.36,D,VIIRS
46.67978,34.97263,335.92,0.46,0.39,2026-08-16,10:45:00,N21,nominal,2.0NRT,307.33,43.74,D,VIIRS
46.68045,34.97862,342.31,0.46,0.39,2026-08-16,10:45:00,N21,nominal,2.0NRT,309.88,43.74,D,VIIRS
46.41815,32.85805,367,0.4,0.37,2026-08-16,10:45:00,N21,low,2.0NRT,331.24,68.85,D,VIIRS
46.41883,32.86325,336.99,0.4,0.37,2026-08-16,10:45:00,N21,low,2.0NRT,311.72,68.85,D,VIIRS
46.42501,32.91006,341.79,0.4,0.37,2026-08-16,10:45:00,N21,nominal,2.0NRT,311.35,12.77,D,VIIRS
46.42569,32.91527,338.05,0.4,0.37,2026-08-16,10:45:00,N21,low,2.0NRT,309.76,12.77,D,VIIRS
46.78387,35.97808,340.67,0.5,0.41,2026-08-16,10:45:00,N21,low,2.0NRT,314.78,8.71,D,VIIRS
46.78453,35.9846,340.42,0.5,0.41,2026-08-16,10:45:00,N21,nominal,2.0NRT,313.73,5.59,D,VIIRS
46.42234,32.9162,355.28,0.4,0.37,2026-08-16,10:45:00,N21,nominal,2.0NRT,322.84,12.77,D,VIIRS
46.83507,36.47881,339.12,0.52,0.42,2026-08-16,10:45:00,N21,nominal,2.0NRT,313.84,14.93,D,VIIRS
46.3221,32.31752,351.15,0.39,0.37,2026-08-16,10:45:00,N21,nominal,2.0NRT,316.05,11.82,D,VIIRS
46.81539,36.55304,335.36,0.53,0.42,2026-08-16,10:45:00,N21,low,2.0NRT,310.23,10.38,D,VIIRS
46.55693,34.25727,339.17,0.44,0.38,2026-08-16,10:45:00,N21,nominal,2.0NRT,313.8,2.28,D,VIIRS
45.97184,30.10517,335.21,0.39,0.36,2026-08-16,10:45:00,N21,low,2.0NRT,308.75,2.18,D,VIIRS
45.96287,30.11325,337.35,0.39,0.36,2026-08-16,10:45:00,N21,low,2.0NRT,308.35,4.9,D,VIIRS
45.96365,30.11813,336.31,0.39,0.36,2026-08-16,10:45:00,N21,low,2.0NRT,310.14,4.59,D,VIIRS
45.96104,30.14467,354.05,0.39,0.36,2026-08-16,10:45:00,N21,nominal,2.0NRT,316.41,18.36,D,VIIRS
45.96259,30.15443,346.71,0.39,0.36,2026-08-16,10:45:00,N21,nominal,2.0NRT,312.07,7.76,D,VIIRS
45.96336,30.15932,341.91,0.39,0.36,2026-08-16,10:45:00,N21,nominal,2.0NRT,312.09,4.96,D,VIIRS
45.96414,30.1642,350.9,0.39,0.36,2026-08-16,10:45:00,N21,nominal,2.0NRT,312.07,4.96,D,VIIRS
46.57857,32.88115,367,0.4,0.37,2026-08-16,10:45:00,N21,high,2.0NRT,315.64,12.45,D,VIIRS
46.94098,35.94143,340.33,0.5,0.41,2026-08-16,10:45:00,N21,nominal,2.0NRT,313.04,15.79,D,VIIRS
46.57788,32.87592,343.88,0.4,0.37,2026-08-16,10:45:00,N21,nominal,2.0NRT,313.08,5.75,D,VIIRS
46.08506,29.55094,339.22,0.39,0.36,2026-08-16,10:45:00,N21,low,2.0NRT,313.12,6.01,D,VIIRS
46.9447,35.94057,338.05,0.5,0.41,2026-08-16,10:45:00,N21,low,2.0NRT,312.43,3.94,D,VIIRS
46.95528,36.00537,339.27,0.5,0.41,2026-08-16,10:45:00,N21,low,2.0NRT,311.76,5.25,D,VIIRS
46.95185,35.97246,352.53,0.5,0.41,2026-08-16,10:45:00,N21,nominal,2.0NRT,321.9,54.02,D,VIIRS
46.95557,35.97164,354.01,0.5,0.41,2026-08-16,10:45:00,N21,nominal,2.0NRT,314.78,23.4,D,VIIRS
46.55841,32.60128,334.59,0.4,0.37,2026-08-16,10:45:00,N21,nominal,2.0NRT,303.57,3.86,D,VIIRS
46.58406,32.76605,339.67,0.4,0.37,2026-08-16,10:45:00,N21,low,2.0NRT,314.13,4.14,D,VIIRS
46.96729,35.90212,338.49,0.5,0.41,2026-08-16,10:45:00,N21,low,2.0NRT,312.07,9.99,D,VIIRS
46.97864,35.97333,353.51,0.5,0.41,2026-08-16,10:45:00,N21,nominal,2.0NRT,312.8,9.93,D,VIIRS
46.99999,36.1037,337.33,0.51,0.41,2026-08-16,10:45:00,N21,low,2.0NRT,312.07,13.67,D,VIIRS
46.9993,36.09706,345.43,0.51,0.41,2026-08-16,10:45:00,N21,nominal,2.0NRT,313.83,25.88,D,VIIRS
46.62239,32.92317,337.34,0.41,0.37,2026-08-16,10:45:00,N21,low,2.0NRT,311.89,5.93,D,VIIRS
47.00374,36.10289,335.99,0.51,0.41,2026-08-16,10:45:00,N21,low,2.0NRT,310.41,13.67,D,VIIRS
47.00305,36.09625,335.87,0.51,0.41,2026-08-16,10:45:00,N21,low,2.0NRT,306.36,25.88,D,VIIRS
46.9996,36.096,354.4,0.51,0.41,2026-08-16,10:45:00,N21,nominal,2.0NRT,313.15,75.02,D,VIIRS
46.4978,31.87029,367,0.39,0.36,2026-08-16,10:45:00,N21,high,2.0NRT,328.17,87.7,D,VIIRS
46.99519,35.82822,337.37,0.5,0.41,2026-08-16,10:45:00,N21,low,2.0NRT,311.48,5.28,D,VIIRS
46.90096,34.95271,335.51,0.46,0.39,2026-08-16,10:45:00,N21,low,2.0NRT,308.63,14.02,D,VIIRS
46.99889,35.82738,340.69,0.5,0.41,2026-08-16,10:45:00,N21,low,2.0NRT,312.96,5.28,D,VIIRS
46.99822,35.8209,340.56,0.5,0.41,2026-08-16,10:45:00,N21,low,2.0NRT,312.02,8.51,D,VIIRS
46.90521,34.95785,354.52,0.46,0.39,2026-08-16,10:45:00,N21,nominal,2.0NRT,320.4,14.02,D,VIIRS
46.5797,32.33642,351.64,0.4,0.37,2026-08-16,10:45:00,N21,nominal,2.0NRT,320.66,34.1,D,VIIRS
47.00193,35.82005,339.49,0.5,0.41,2026-08-16,10:45:00,N21,low,2.0NRT,312.65,23.6,D,VIIRS
46.67913,33.00304,351.37,0.41,0.37,2026-08-16,10:45:00,N21,nominal,2.0NRT,314.71,28.27,D,VIIRS
46.95724,35.22713,344.49,0.47,0.4,2026-08-16,10:45:00,N21,nominal,2.0NRT,312.64,13.06,D,VIIRS
46.96154,35.23243,347.76,0.47,0.4,2026-08-16,10:45:00,N21,nominal,2.0NRT,314.51,7.87,D,VIIRS
46.60741,32.31244,336.24,0.4,0.37,2026-08-16,10:45:00,N21,nominal,2.0NRT,305.61,2.16,D,VIIRS
46.79144,33.69083,340.58,0.42,0.38,2026-08-16,10:45:00,N21,low,2.0NRT,314.13,5,D,VIIRS
46.79554,33.69543,338.91,0.42,0.38,2026-08-16,10:45:00,N21,low,2.0NRT,311.51,4.19,D,VIIRS
46.27616,29.94518,340.17,0.39,0.36,2026-08-16,10:45:00,N21,low,2.0NRT,310.72,5.03,D,VIIRS
46.66848,32.58326,333.3,0.4,0.37,2026-08-16,10:45:00,N21,low,2.0NRT,306.69,2.08,D,VIIRS
46.27941,29.94411,347.42,0.39,0.36,2026-08-16,10:45:00,N21,nominal,2.0NRT,312.56,5.03,D,VIIRS
46.68719,32.6964,341.68,0.4,0.37,2026-08-16,10:45:00,N21,low,2.0NRT,312.98,7.96,D,VIIRS
46.68214,32.63313,343.06,0.4,0.37,2026-08-16,10:45:00,N21,low,2.0NRT,315.45,7.78,D,VIIRS
46.68547,32.53006,336.96,0.4,0.37,2026-08-16,10:45:00,N21,nominal,2.0NRT,309.9,4.12,D,VIIRS
46.72971,32.66665,349.15,0.4,0.37,2026-08-16,10:45:00,N21,nominal,2.0NRT,316.6,30.73,D,VIIRS
46.66518,31.99207,342.67,0.39,0.36,2026-08-16,10:45:00,N21,nominal,2.0NRT,308.38,7.13,D,VIIRS
45.96181,30.14955,367,0.39,0.36,2026-08-16,10:45:00,N21,high,2.0NRT,313.32,7.76,D,VIIRS
46.58287,34.81414,344.47,0.45,0.39,2026-08-16,10:45:00,N21,nominal,2.0NRT,318.48,20.29,D,VIIRS
45.67251,28.54263,340.14,0.4,0.37,2026-08-16,10:45:00,N21,low,2.0NRT,314.11,5.41,D,VIIRS
46.63779,35.36949,344.31,0.47,0.4,2026-08-16,10:45:00,N21,nominal,2.0NRT,310.37,12.6,D,VIIRS
46.63417,35.37034,340.1,0.47,0.4,2026-08-16,10:45:00,N21,low,2.0NRT,310.82,4.6,D,VIIRS
46.72511,36.23381,345.39,0.51,0.41,2026-08-16,10:45:00,N21,nominal,2.0NRT,312.07,7.09,D,VIIRS
46.63054,35.3712,331.57,0.47,0.4,2026-08-16,10:45:00,N21,low,2.0NRT,303.12,4.6,D,VIIRS
46.47632,34.06419,348.9,0.43,0.38,2026-08-16,10:45:00,N21,nominal,2.0NRT,311.91,189.42,D,VIIRS
46.55103,34.69558,344.9,0.45,0.39,2026-08-16,10:45:00,N21,nominal,2.0NRT,313.44,25.18,D,VIIRS
46.5475,34.69645,367,0.45,0.39,2026-08-16,10:45:00,N21,low,2.0NRT,326.29,25.18,D,VIIRS
46.54816,34.70227,345.82,0.45,0.39,2026-08-16,10:45:00,N21,nominal,2.0NRT,316.8,25.18,D,VIIRS
46.47286,34.06507,367,0.43,0.38,2026-08-16,10:45:00,N21,high,2.0NRT,357.16,189.42,D,VIIRS
46.46941,34.06596,338.19,0.43,0.38,2026-08-16,10:45:00,N21,nominal,2.0NRT,308.37,3.02,D,VIIRS
46.26235,32.50889,335.61,0.4,0.37,2026-08-16,10:45:00,N21,low,2.0NRT,309.77,4.82,D,VIIRS
45.86745,29.90301,338.18,0.39,0.36,2026-08-16,10:45:00,N21,low,2.0NRT,311.27,6.24,D,VIIRS
46.32609,33.09853,348.33,0.41,0.37,2026-08-16,10:45:00,N21,nominal,2.0NRT,318.12,25.24,D,VIIRS
45.89608,30.16884,340.66,0.39,0.36,2026-08-16,10:45:00,N21,nominal,2.0NRT,310.54,4.3,D,VIIRS
46.23565,32.45573,347.05,0.4,0.37,2026-08-16,10:45:00,N21,nominal,2.0NRT,310.84,9.47,D,VIIRS
46.39531,33.79763,340.45,0.42,0.38,2026-08-16,10:45:00,N21,low,2.0NRT,314.64,5.12,D,VIIRS
45.68225,28.99499,338.77,0.4,0.37,2026-08-16,10:45:00,N21,low,2.0NRT,313.22,3.66,D,VIIRS
45.68311,28.99998,345.29,0.4,0.37,2026-08-16,10:45:00,N21,nominal,2.0NRT,313.74,3.66,D,VIIRS
46.33855,33.48925,347.24,0.42,0.37,2026-08-16,10:45:00,N21,nominal,2.0NRT,316.24,17.68,D,VIIRS
46.35963,33.85207,345.49,0.42,0.38,2026-08-16,10:45:00,N21,nominal,2.0NRT,313.57,11.58,D,VIIRS
46.3496,34.03038,343.89,0.43,0.38,2026-08-16,10:45:00,N21,nominal,2.0NRT,315.78,5.69,D,VIIRS
46.17804,32.88351,367,0.4,0.37,2026-08-16,10:45:00,N21,high,2.0NRT,313.59,10.59,D,VIIRS
45.75186,30.01893,335.13,0.39,0.36,2026-08-16,10:45:00,N21,nominal,2.0NRT,298.47,4.15,D,VIIRS
46.174,32.87928,350.6,0.4,0.37,2026-08-16,10:45:00,N21,nominal,2.0NRT,315.44,31.73,D,VIIRS
46.17539,32.8896,341.81,0.4,0.37,2026-08-16,10:45:00,N21,nominal,2.0NRT,311.14,10.59,D,VIIRS
46.13056,32.7369,343.98,0.4,0.37,2026-08-16,10:45:00,N21,nominal,2.0NRT,311.12,10.1,D,VIIRS
45.58926,29.28194,348.73,0.39,0.36,2026-08-16,10:45:00,N21,nominal,2.0NRT,316.59,13.98,D,VIIRS
46.24765,33.99642,345.02,0.43,0.38,2026-08-16,10:45:00,N21,nominal,2.0NRT,314.06,4.86,D,VIIRS
46.23597,33.98811,344.16,0.43,0.38,2026-08-16,10:45:00,N21,nominal,2.0NRT,314.14,5.34,D,VIIRS
46.23665,33.99361,342.56,0.43,0.38,2026-08-16,10:45:00,N21,low,2.0NRT,313.81,5.34,D,VIIRS
45.44133,29.65354,349.68,0.39,0.36,2026-08-16,10:45:00,N21,nominal,2.0NRT,301.98,25.06,D,VIIRS
45.44214,29.65843,342.56,0.39,0.36,2026-08-16,10:45:00,N21,nominal,2.0NRT,307.08,25.06,D,VIIRS
45.43645,29.64484,336.32,0.39,0.36,2026-08-16,10:45:00,N21,nominal,2.0NRT,296.4,6.79,D,VIIRS
45.43726,29.64973,332.49,0.39,0.36,2026-08-16,10:45:00,N21,nominal,2.0NRT,296.94,6.79,D,VIIRS
45.43888,29.65952,343.6,0.39,0.36,2026-08-16,10:45:00,N21,nominal,2.0NRT,303.05,25.06,D,VIIRS
45.43319,29.64593,349.37,0.39,0.36,2026-08-16,10:45:00,N21,nominal,2.0NRT,302.48,31.49,D,VIIRS
45.43562,29.66061,334.55,0.39,0.36,2026-08-16,10:45:00,N21,low,2.0NRT,305.91,22.99,D,VIIRS
45.42911,29.64212,367,0.39,0.36,2026-08-16,10:45:00,N21,low,2.0NRT,332.75,302.96,D,VIIRS
45.42992,29.64702,343.71,0.39,0.36,2026-08-16,10:45:00,N21,nominal,2.0NRT,302.06,31.49,D,VIIRS
45.42665,29.64811,333.29,0.39,0.36,2026-08-16,10:45:00,N21,nominal,2.0NRT,297.24,6.23,D,VIIRS
46.04277,34.57558,343.17,0.44,0.38,2026-08-16,10:45:00,N21,nominal,2.0NRT,312.68,6.92,D,VIIRS
46.04345,34.58123,344.58,0.44,0.38,2026-08-16,10:45:00,N21,nominal,2.0NRT,310.56,6.92,D,VIIRS
46.03995,34.5821,336.15,0.44,0.38,2026-08-16,10:45:00,N21,low,2.0NRT,310.38,2.87,D,VIIRS
46.04063,34.58776,337.88,0.44,0.38,2026-08-16,10:45:00,N21,low,2.0NRT,310.86,5.18,D,VIIRS
46.03577,34.57731,335.96,0.44,0.38,2026-08-16,10:45:00,N21,low,2.0NRT,310.02,2.87,D,VIIRS
45.95803,34.56288,347.49,0.44,0.38,2026-08-16,10:45:00,N21,nominal,2.0NRT,311.19,3.16,D,VIIRS
46.87137,33.32447,350.84,0.42,0.37,2026-08-16,10:45:00,N21,nominal,2.0NRT,312.61,5.22,D,VIIRS
46.87067,33.31907,339.79,0.42,0.37,2026-08-16,10:45:00,N21,low,2.0NRT,314.05,4.28,D,VIIRS
46.87269,33.30738,347.77,0.42,0.37,2026-08-16,10:45:00,N21,nominal,2.0NRT,312.79,7.27,D,VIIRS
46.65955,31.70997,347.18,0.39,0.36,2026-08-16,10:45:00,N21,nominal,2.0NRT,312.6,3.79,D,VIIRS
46.8345,32.85422,340.6,0.41,0.37,2026-08-16,10:45:00,N21,low,2.0NRT,312.88,6.38,D,VIIRS
47.19382,35.78983,343.9,0.5,0.41,2026-08-16,10:45:00,N21,low,2.0NRT,316.48,12.11,D,VIIRS
47.19312,35.78332,335.08,0.5,0.41,2026-08-16,10:45:00,N21,low,2.0NRT,309.34,2.97,D,VIIRS
47.381100000000004,37.53705,338.76,0.39,0.44,2026-08-16,10:45:00,N21,low,2.0NRT,309.41,5.62,D,VIIRS
46.83029,32.50045,341.61,0.4,0.37,2026-08-16,10:45:00,N21,nominal,2.0NRT,313.53,3.17,D,VIIRS
47.06934,34.34317,336.05,0.44,0.39,2026-08-16,10:45:00,N21,low,2.0NRT,310.45,3.53,D,VIIRS
47.06865,34.33737,341.1,0.44,0.39,2026-08-16,10:45:00,N21,low,2.0NRT,314.11,3.53,D,VIIRS
47.13551,34.88728,346.44,0.46,0.39,2026-08-16,10:45:00,N21,nominal,2.0NRT,311.27,8.45,D,VIIRS
46.9559,33.3832,339.51,0.42,0.38,2026-08-16,10:45:00,N21,low,2.0NRT,310.4,3.35,D,VIIRS
47.14266,34.88553,342.39,0.46,0.39,2026-08-16,10:45:00,N21,nominal,2.0NRT,310.99,23.07,D,VIIRS
47.39495,37.23926,335.16,0.57,0.43,2026-08-16,10:45:00,N21,nominal,2.0NRT,306.48,4.06,D,VIIRS
47.44534,37.66197,340.04,0.4,0.44,2026-08-16,10:45:00,N21,nominal,2.0NRT,307.11,8.52,D,VIIRS
46.70318,31.30234,345.18,0.39,0.36,2026-08-16,10:45:00,N21,nominal,2.0NRT,316.08,15.1,D,VIIRS
47.26013,35.61407,336.21,0.49,0.4,2026-08-16,10:45:00,N21,low,2.0NRT,310.58,3.85,D,VIIRS
47.41603,37.12024,343.59,0.56,0.43,2026-08-16,10:45:00,N21,nominal,2.0NRT,308.78,13.25,D,VIIRS
47.06386,33.85066,349.26,0.43,0.38,2026-08-16,10:45:00,N21,nominal,2.0NRT,311.95,6.35,D,VIIRS
47.27116,35.6113,338.5,0.49,0.4,2026-08-16,10:45:00,N21,low,2.0NRT,313.44,7.4,D,VIIRS
47.131100000000004,34.31546,338.24,0.44,0.39,2026-08-16,10:45:00,N21,low,2.0NRT,311.98,2.58,D,VIIRS
47.41883,37.11986,335.2,0.56,0.43,2026-08-16,10:45:00,N21,low,2.0NRT,305.41,4.47,D,VIIRS
47.50152,37.78962,335.63,0.4,0.44,2026-08-16,10:45:00,N21,low,2.0NRT,306.34,4.93,D,VIIRS
47.49924,37.7626,335.88,0.4,0.44,2026-08-16,10:45:00,N21,low,2.0NRT,308.12,4.45,D,VIIRS
47.50329,37.76175,341.32,0.4,0.44,2026-08-16,10:45:00,N21,nominal,2.0NRT,310.86,4.45,D,VIIRS
47.50736,37.760980000000004,339.73,0.4,0.44,2026-08-16,10:45:00,N21,nominal,2.0NRT,306.61,3.54,D,VIIRS
46.96797,32.66445,343.53,0.4,0.37,2026-08-16,10:45:00,N21,nominal,2.0NRT,314.29,7.34,D,VIIRS
46.81929,31.5618,367,0.39,0.36,2026-08-16,10:45:00,N21,high,2.0NRT,316.94,13.65,D,VIIRS
46.82001,31.56683,348.37,0.39,0.36,2026-08-16,10:45:00,N21,nominal,2.0NRT,317.39,8.56,D,VIIRS
47.41151,36.45126,337.1,0.53,0.42,2026-08-16,10:45:00,N21,low,2.0NRT,309.68,9.73,D,VIIRS
47.41534,36.45041,339.78,0.53,0.42,2026-08-16,10:45:00,N21,low,2.0NRT,312.42,9.73,D,VIIRS
47.41465,36.44349,340.65,0.53,0.42,2026-08-16,10:45:00,N21,nominal,2.0NRT,309.59,9.73,D,VIIRS
47.18813,34.34119,335.79,0.45,0.39,2026-08-16,10:45:00,N21,low,2.0NRT,310.5,4.69,D,VIIRS
47.18745,34.33537,335.99,0.44,0.39,2026-08-16,10:45:00,N21,low,2.0NRT,309.66,4.69,D,VIIRS
46.61682,30.16614,335.69,0.38,0.36,2026-08-16,10:45:00,N21,low,2.0NRT,308.77,3.75,D,VIIRS
47.45608,36.7901,344.01,0.55,0.43,2026-08-16,10:45:00,N21,nominal,2.0NRT,307.95,12.5,D,VIIRS
47.25271,34.83857,340.57,0.46,0.39,2026-08-16,10:45:00,N21,nominal,2.0NRT,309.58,5.44,D,VIIRS
46.8324,31.55779,344.65,0.39,0.36,2026-08-16,10:45:00,N21,low,2.0NRT,314.81,9.21,D,VIIRS
47.20295,34.31343,341.77,0.44,0.39,2026-08-16,10:45:00,N21,nominal,2.0NRT,313.72,53.07,D,VIIRS
47.20226,34.30761,343.87,0.44,0.39,2026-08-16,10:45:00,N21,nominal,2.0NRT,314.95,53.07,D,VIIRS
45.69927,34.13695,340.61,0.43,0.38,2026-08-16,10:45:00,N21,low,2.0NRT,313.75,4.85,D,VIIRS
45.29752,36.11617,349.62,0.49,0.4,2026-08-16,10:45:00,N21,nominal,2.0NRT,313.52,7.21,D,VIIRS
45.29386,36.11702,346.81,0.49,0.4,2026-08-16,10:45:00,N21,nominal,2.0NRT,312.31,7.21,D,VIIRS
47.20157,34.30179,306.82,0.44,0.39,2026-08-16,10:45:00,N21,low,2.0NRT,307.62,52.83,D,VIIRS
47.20577,34.30672,367,0.44,0.39,2026-08-16,10:45:00,N21,high,2.0NRT,338.21,53.07,D,VIIRS
47.61438,38.3907,353.13,0.43,0.46,2026-08-16,10:45:00,N21,nominal,2.0NRT,313.4,31.78,D,VIIRS
47.3297,35.39965,339.03,0.48,0.4,2026-08-16,10:45:00,N21,nominal,2.0NRT,311.75,4.57,D,VIIRS
47.2582,34.72554,346.28,0.46,0.39,2026-08-16,10:45:00,N21,nominal,2.0NRT,315.61,10.3,D,VIIRS
47.26176,34.72466,347.85,0.46,0.39,2026-08-16,10:45:00,N21,nominal,2.0NRT,314.93,10.3,D,VIIRS
47.02771,32.80054,341.27,0.41,0.37,2026-08-16,10:45:00,N21,low,2.0NRT,315.63,6.82,D,VIIRS
47.0285,32.61283,347.38,0.4,0.37,2026-08-16,10:45:00,N21,nominal,2.0NRT,315.59,8.9,D,VIIRS
47.59365,37.56536,342.82,0.39,0.44,2026-08-16,10:45:00,N21,nominal,2.0NRT,310.35,6.54,D,VIIRS
47.3857,35.33414,367,0.48,0.4,2026-08-16,10:45:00,N21,high,2.0NRT,317.21,62.88,D,VIIRS
47.39003,35.3396,348.47,0.48,0.4,2026-08-16,10:45:00,N21,nominal,2.0NRT,315.66,14.9,D,VIIRS
47.38935,35.33329,367,0.48,0.4,2026-08-16,10:45:00,N21,low,2.0NRT,331.08,68.49,D,VIIRS
47.38867,35.32694,313.84,0.48,0.4,2026-08-16,10:45:00,N21,low,2.0NRT,315.62,68.49,D,VIIRS
47.38369,35.21155,354.66,0.48,0.4,2026-08-16,10:45:00,N21,nominal,2.0NRT,311.16,8.24,D,VIIRS
47.388,35.21696,346.98,0.48,0.4,2026-08-16,10:45:00,N21,nominal,2.0NRT,314.39,8.24,D,VIIRS
47.38732,35.21068,345.5,0.48,0.4,2026-08-16,10:45:00,N21,nominal,2.0NRT,312.37,8.24,D,VIIRS
47.61311,37.46055,346.43,0.39,0.44,2026-08-16,10:45:00,N21,nominal,2.0NRT,310.51,14.99,D,VIIRS
47.33929,34.67997,340.8,0.46,0.39,2026-08-16,10:45:00,N21,low,2.0NRT,312.82,9.5,D,VIIRS
47.34354,34.6851,336.24,0.46,0.39,2026-08-16,10:45:00,N21,low,2.0NRT,310.99,9.5,D,VIIRS
47.34572,34.67219,337.92,0.46,0.39,2026-08-16,10:45:00,N21,low,2.0NRT,312.23,6.86,D,VIIRS
47.17979,33.29607,337.05,0.42,0.37,2026-08-16,10:45:00,N21,low,2.0NRT,312.05,6.09,D,VIIRS
47.18527,33.31152,342.08,0.42,0.38,2026-08-16,10:45:00,N21,low,2.0NRT,315.92,5.93,D,VIIRS
47.28743,34.11176,333.18,0.44,0.38,2026-08-16,10:45:00,N21,low,2.0NRT,305.54,1.38,D,VIIRS
47.32746,34.41963,337.94,0.45,0.39,2026-08-16,10:45:00,N21,low,2.0NRT,312,5.84,D,VIIRS
47.64568,37.45968,354.59,0.39,0.44,2026-08-16,10:45:00,N21,nominal,2.0NRT,301.8,14.5,D,VIIRS
47.36065,34.67465,351.63,0.46,0.39,2026-08-16,10:45:00,N21,nominal,2.0NRT,313.7,13.03,D,VIIRS
47.64968,37.45888,350.12,0.39,0.44,2026-08-16,10:45:00,N21,nominal,2.0NRT,309.43,14.5,D,VIIRS
47.36352,34.66774,347.63,0.46,0.39,2026-08-16,10:45:00,N21,nominal,2.0NRT,310.99,5.19,D,VIIRS
47.31312,34.23652,335.98,0.44,0.39,2026-08-16,10:45:00,N21,low,2.0NRT,310.38,5.15,D,VIIRS
47.50811,35.91985,336.86,0.51,0.41,2026-08-16,10:45:00,N21,low,2.0NRT,311.61,4.81,D,VIIRS
47.31531,34.1642,340.35,0.44,0.38,2026-08-16,10:45:00,N21,nominal,2.0NRT,308.4,10.93,D,VIIRS
47.57619,36.47409,337.46,0.53,0.42,2026-08-16,10:45:00,N21,nominal,2.0NRT,306.86,6.69,D,VIIRS
47.25977,33.65098,338.39,0.43,0.38,2026-08-16,10:45:00,N21,nominal,2.0NRT,310.29,5.14,D,VIIRS
47.58202,36.41514,343.97,0.53,0.42,2026-08-16,10:45:00,N21,nominal,2.0NRT,312.08,10.29,D,VIIRS
47.58008,36.41508,343.8,0.53,0.42,2026-08-16,10:45:00,N21,nominal,2.0NRT,309.88,4.6,D,VIIRS
47.58459,36.42137,352.4,0.53,0.42,2026-08-16,10:45:00,N21,nominal,2.0NRT,314.46,16.75,D,VIIRS
47.39587,34.51661,336.99,0.45,0.39,2026-08-16,10:45:00,N21,nominal,2.0NRT,308.44,3,D,VIIRS
47.6855,37.3444,343.66,0.39,0.44,2026-08-16,10:45:00,N21,nominal,2.0NRT,311.2,6.92,D,VIIRS
47.68504,37.33925,344.83,0.39,0.44,2026-08-16,10:45:00,N21,nominal,2.0NRT,314.34,84.76,D,VIIRS
47.68324,37.31883,343.18,0.39,0.44,2026-08-16,10:45:00,N21,nominal,2.0NRT,311.69,7.05,D,VIIRS
47.30806,33.74041,338.16,0.43,0.38,2026-08-16,10:45:00,N21,low,2.0NRT,311.33,4.42,D,VIIRS
47.68813,37.3282,367,0.39,0.44,2026-08-16,10:45:00,N21,high,2.0NRT,311.6,32.24,D,VIIRS
47.68768,37.32309,335.73,0.39,0.44,2026-08-16,10:45:00,N21,nominal,2.0NRT,304.46,32.24,D,VIIRS
47.68722,37.318,341.38,0.39,0.44,2026-08-16,10:45:00,N21,nominal,2.0NRT,307.63,7.05,D,VIIRS
47.68677,37.31291,333.49,0.39,0.44,2026-08-16,10:45:00,N21,nominal,2.0NRT,307.43,7.05,D,VIIRS
47.37503,34.27292,337.48,0.44,0.39,2026-08-16,10:45:00,N21,low,2.0NRT,311.7,5.67,D,VIIRS
47.69212,37.3274,367,0.39,0.44,2026-08-16,10:45:00,N21,high,2.0NRT,307.34,10.56,D,VIIRS
47.69302,37.33766,345.88,0.39,0.44,2026-08-16,10:45:00,N21,nominal,2.0NRT,314.96,22.85,D,VIIRS
47.69257,37.33252,351.57,0.39,0.44,2026-08-16,10:45:00,N21,nominal,2.0NRT,314.96,22.85,D,VIIRS
47.69166,37.3223,338.21,0.39,0.44,2026-08-16,10:45:00,N21,nominal,2.0NRT,301.88,10.56,D,VIIRS
47.37923,34.27787,337.99,0.45,0.39,2026-08-16,10:45:00,N21,low,2.0NRT,310.19,4.27,D,VIIRS
47.65587,36.88391,341.16,0.56,0.43,2026-08-16,10:45:00,N21,nominal,2.0NRT,313.04,11.81,D,VIIRS
47.32461,33.75927,367,0.43,0.38,2026-08-16,10:45:00,N21,high,2.0NRT,311.96,9.8,D,VIIRS
47.65979,36.88314,341.69,0.56,0.43,2026-08-16,10:45:00,N21,nominal,2.0NRT,307.78,4.52,D,VIIRS
47.38488,34.26437,338.1,0.44,0.39,2026-08-16,10:45:00,N21,low,2.0NRT,312.19,6.84,D,VIIRS
47.32392,33.75363,338.39,0.43,0.38,2026-08-16,10:45:00,N21,nominal,2.0NRT,310.86,9.8,D,VIIRS
47.55323,35.75873,335.52,0.5,0.41,2026-08-16,10:45:00,N21,nominal,2.0NRT,309.25,4.52,D,VIIRS
47.68024,36.9314,345.55,0.56,0.43,2026-08-16,10:45:00,N21,nominal,2.0NRT,311.63,13.26,D,VIIRS
47.39618,34.23742,336.5,0.44,0.39,2026-08-16,10:45:00,N21,low,2.0NRT,308.13,5.8,D,VIIRS
47.62501,36.2767,346.79,0.52,0.42,2026-08-16,10:45:00,N21,nominal,2.0NRT,315.44,19.87,D,VIIRS
47.62952,36.28284,339.08,0.53,0.42,2026-08-16,10:45:00,N21,low,2.0NRT,310.49,15.48,D,VIIRS
47.43429,34.4705,348.29,0.45,0.39,2026-08-16,10:45:00,N21,nominal,2.0NRT,312.01,8.22,D,VIIRS
47.63332,36.28204,346.74,0.53,0.42,2026-08-16,10:45:00,N21,nominal,2.0NRT,311.02,17.83,D,VIIRS
47.63263,36.27509,341.75,0.52,0.42,2026-08-16,10:45:00,N21,nominal,2.0NRT,311.88,5.74,D,VIIRS
47.63194,36.26814,343.84,0.52,0.42,2026-08-16,10:45:00,N21,nominal,2.0NRT,311.21,5.74,D,VIIRS
47.59893,35.90519,334.2,0.51,0.41,2026-08-16,10:45:00,N21,low,2.0NRT,308.44,2.45,D,VIIRS
47.58024,35.72559,341.86,0.5,0.41,2026-08-16,10:45:00,N21,nominal,2.0NRT,309.98,5.03,D,VIIRS
47.69054,36.70493,337.73,0.55,0.42,2026-08-16,10:45:00,N21,low,2.0NRT,308.19,5.02,D,VIIRS
47.75082,37.25885,352.49,0.38,0.44,2026-08-16,10:45:00,N21,nominal,2.0NRT,314.85,18.78,D,VIIRS
47.70322,36.75414,337.63,0.55,0.43,2026-08-16,10:45:00,N21,low,2.0NRT,311.28,6.9,D,VIIRS
47.59782,35.64027,337.1,0.5,0.41,2026-08-16,10:45:00,N21,nominal,2.0NRT,310.33,3.99,D,VIIRS
47.39444,33.83418,337.6,0.43,0.38,2026-08-16,10:45:00,N21,low,2.0NRT,312.02,3.8,D,VIIRS
47.3993,33.84462,342.03,0.43,0.38,2026-08-16,10:45:00,N21,low,2.0NRT,313.59,5.97,D,VIIRS
47.3979,33.83326,339.72,0.43,0.38,2026-08-16,10:45:00,N21,low,2.0NRT,312.35,7.03,D,VIIRS
47.40026,33.8424,337.93,0.43,0.38,2026-08-16,10:45:00,N21,low,2.0NRT,311.03,1.71,D,VIIRS
47.32658,33.18365,341.12,0.42,0.37,2026-08-16,10:45:00,N21,low,2.0NRT,314,7.66,D,VIIRS
47.32929,33.17725,347.32,0.42,0.37,2026-08-16,10:45:00,N21,nominal,2.0NRT,316.45,12.98,D,VIIRS
47.50941,34.6286,337.88,0.46,0.39,2026-08-16,10:45:00,N21,low,2.0NRT,308.19,3.33,D,VIIRS
47.38549,33.51513,336.37,0.42,0.38,2026-08-16,10:45:00,N21,low,2.0NRT,310.57,3.1,D,VIIRS
47.38481,33.50956,337.97,0.42,0.38,2026-08-16,10:45:00,N21,low,2.0NRT,311.31,3.1,D,VIIRS
47.78971,37.31117,367,0.39,0.44,2026-08-16,10:45:00,N21,high,2.0NRT,316.22,12.67,D,VIIRS
47.79016,37.31636,346.58,0.39,0.44,2026-08-16,10:45:00,N21,nominal,2.0NRT,312.44,12.84,D,VIIRS
47.78925,37.30598,337.25,0.39,0.44,2026-08-16,10:45:00,N21,nominal,2.0NRT,307.46,12.67,D,VIIRS
47.70238,36.36637,336.06,0.53,0.42,2026-08-16,10:45:00,N21,nominal,2.0NRT,306.12,4.33,D,VIIRS
47.6489,35.53363,330.8,0.49,0.4,2026-08-16,10:45:00,N21,low,2.0NRT,305.09,3.61,D,VIIRS
47.62782,35.30053,345.67,0.48,0.4,2026-08-16,10:45:00,N21,nominal,2.0NRT,312.38,6.07,D,VIIRS
47.70602,36.01173,343.73,0.51,0.41,2026-08-16,10:45:00,N21,nominal,2.0NRT,306.27,5.01,D,VIIRS
47.66298,35.52369,348.61,0.49,0.4,2026-08-16,10:45:00,N21,nominal,2.0NRT,309.36,24.76,D,VIIRS
47.91838,37.98712,340.95,0.41,0.45,2026-08-16,10:45:00,N21,nominal,2.0NRT,307.88,5,D,VIIRS
47.67087,35.31695,334.88,0.48,0.4,2026-08-16,10:45:00,N21,low,2.0NRT,308.18,18.05,D,VIIRS
47.60382,34.71696,344.43,0.46,0.39,2026-08-16,10:45:00,N21,nominal,2.0NRT,309.74,9.29,D,VIIRS
47.74493,35.94086,335,0.51,0.41,2026-08-16,10:45:00,N21,low,2.0NRT,309.08,2.52,D,VIIRS
47.09249,30.67188,336.59,0.38,0.36,2026-08-16,10:45:00,N21,nominal,2.0NRT,308.49,2.69,D,VIIRS
47.74363,35.8511,341.35,0.51,0.41,2026-08-16,10:45:00,N21,nominal,2.0NRT,303.62,7.37,D,VIIRS
47.74976,35.83595,331.06,0.51,0.41,2026-08-16,10:45:00,N21,nominal,2.0NRT,304.33,3.2,D,VIIRS
47.84538,36.7849,339.72,0.55,0.43,2026-08-16,10:45:00,N21,low,2.0NRT,310.04,4.83,D,VIIRS
47.70254,35.34211,333.17,0.49,0.4,2026-08-16,10:45:00,N21,low,2.0NRT,304.76,2.5,D,VIIRS
47.63261,34.66557,343.42,0.46,0.39,2026-08-16,10:45:00,N21,nominal,2.0NRT,303.46,5.15,D,VIIRS
47.83268,36.56451,337.52,0.54,0.42,2026-08-16,10:45:00,N21,nominal,2.0NRT,307.61,3.32,D,VIIRS
47.83654,36.56365,338.52,0.54,0.42,2026-08-16,10:45:00,N21,nominal,2.0NRT,313.19,4.22,D,VIIRS
47.80686,36.21571,338.14,0.52,0.42,2026-08-16,10:45:00,N21,nominal,2.0NRT,309.59,5.41,D,VIIRS
47.70241,35.1655,347.18,0.48,0.4,2026-08-16,10:45:00,N21,nominal,2.0NRT,309.27,28.42,D,VIIRS
47.65993,34.77826,344.29,0.46,0.39,2026-08-16,10:45:00,N21,nominal,2.0NRT,307.69,6.73,D,VIIRS
47.70605,35.16462,343.32,0.48,0.4,2026-08-16,10:45:00,N21,nominal,2.0NRT,309.05,28.42,D,VIIRS
47.66829,34.82027,338.51,0.47,0.39,2026-08-16,10:45:00,N21,low,2.0NRT,312.29,6.83,D,VIIRS
47.66761,34.81412,344.26,0.47,0.39,2026-08-16,10:45:00,N21,nominal,2.0NRT,311.3,6.83,D,VIIRS
47.70969,35.16372,332.42,0.48,0.4,2026-08-16,10:45:00,N21,low,2.0NRT,304.1,4.39,D,VIIRS
47.85655,36.5668,341.88,0.54,0.42,2026-08-16,10:45:00,N21,nominal,2.0NRT,310.48,12.47,D,VIIRS
47.77862,35.78132,348.36,0.5,0.41,2026-08-16,10:45:00,N21,nominal,2.0NRT,306.19,8.54,D,VIIRS
47.83661,36.20211,337.99,0.52,0.42,2026-08-16,10:45:00,N21,nominal,2.0NRT,308.35,8.74,D,VIIRS
47.15576,30.72989,343.06,0.38,0.36,2026-08-16,10:45:00,N21,nominal,2.0NRT,314.67,3.94,D,VIIRS
47.7862,35.6704,335.57,0.5,0.41,2026-08-16,10:45:00,N21,low,2.0NRT,307.48,7.05,D,VIIRS
47.08194,30.20012,346.84,0.38,0.36,2026-08-16,10:45:00,N21,nominal,2.0NRT,314.05,4.33,D,VIIRS
47.86754,36.39644,334.67,0.53,0.42,2026-08-16,10:45:00,N21,low,2.0NRT,305.39,14.21,D,VIIRS
47.83389,35.98352,335.81,0.51,0.41,2026-08-16,10:45:00,N21,low,2.0NRT,308.6,5.29,D,VIIRS
47.70663,34.73505,339.11,0.46,0.39,2026-08-16,10:45:00,N21,low,2.0NRT,310.03,35.04,D,VIIRS
47.82906,35.82503,351.42,0.51,0.41,2026-08-16,10:45:00,N21,nominal,2.0NRT,305.26,9.57,D,VIIRS
48.18439,39.82023,342.35,0.5,0.49,2026-08-16,10:45:00,N21,nominal,2.0NRT,306.83,8.6,D,VIIRS
47.89822,36.38968,340.81,0.53,0.42,2026-08-16,10:45:00,N21,nominal,2.0NRT,308.06,12.64,D,VIIRS
47.90206,36.38888,338.54,0.53,0.42,2026-08-16,10:45:00,N21,nominal,2.0NRT,306.74,12.64,D,VIIRS
47.89996,36.38865,338.08,0.53,0.42,2026-08-16,10:45:00,N21,nominal,2.0NRT,311.35,33.13,D,VIIRS
47.9038,36.38785,332.39,0.53,0.42,2026-08-16,10:45:00,N21,nominal,2.0NRT,305.89,4.86,D,VIIRS
48.18134,39.8195,335.78,0.5,0.49,2026-08-16,10:45:00,N21,nominal,2.0NRT,305.52,4.68,D,VIIRS
48.18586,39.81889,330.65,0.5,0.49,2026-08-16,10:45:00,N21,low,2.0NRT,305.55,2.29,D,VIIRS
48.00063,37.31863,346.37,0.39,0.44,2026-08-16,10:45:00,N21,nominal,2.0NRT,306.41,3.32,D,VIIRS
47.86387,35.82286,333.98,0.51,0.41,2026-08-16,10:45:00,N21,low,2.0NRT,305.2,21.15,D,VIIRS
48.02139,37.1409,351.78,0.38,0.43,2026-08-16,10:45:00,N21,nominal,2.0NRT,311.24,8.53,D,VIIRS
47.50377,32.46677,337.78,0.4,0.37,2026-08-16,10:45:00,N21,low,2.0NRT,310.46,3.2,D,VIIRS
47.96588,36.46231,337.36,0.54,0.42,2026-08-16,10:45:00,N21,nominal,2.0NRT,305.98,5.33,D,VIIRS
47.96519,36.45514,340.99,0.54,0.42,2026-08-16,10:45:00,N21,nominal,2.0NRT,307.34,7.8,D,VIIRS
47.92697,36.06726,335.34,0.52,0.41,2026-08-16,10:45:00,N21,nominal,2.0NRT,303.91,5.01,D,VIIRS
47.90202,35.82121,333.83,0.51,0.41,2026-08-16,10:45:00,N21,nominal,2.0NRT,305.39,5.08,D,VIIRS
47.97705,36.49643,344.97,0.54,0.42,2026-08-16,10:45:00,N21,nominal,2.0NRT,304.6,17.12,D,VIIRS
47.97147,36.43892,340.87,0.54,0.42,2026-08-16,10:45:00,N21,nominal,2.0NRT,302.18,6.68,D,VIIRS
47.9421,36.06379,332.5,0.52,0.41,2026-08-16,10:45:00,N21,low,2.0NRT,305.88,6.16,D,VIIRS
47.94141,36.05688,338.83,0.52,0.41,2026-08-16,10:45:00,N21,nominal,2.0NRT,306.65,14.05,D,VIIRS
47.97603,36.36518,338.11,0.53,0.42,2026-08-16,10:45:00,N21,nominal,2.0NRT,308.38,3.9,D,VIIRS
47.95953,36.15993,335.51,0.52,0.42,2026-08-16,10:45:00,N21,nominal,2.0NRT,304.39,10.13,D,VIIRS
48.01962,36.65069,341.78,0.55,0.43,2026-08-16,10:45:00,N21,nominal,2.0NRT,309.79,6.53,D,VIIRS
48.01891,36.64331,339.16,0.55,0.43,2026-08-16,10:45:00,N21,low,2.0NRT,310.13,6.53,D,VIIRS
48.08134,37.26493,344.25,0.39,0.44,2026-08-16,10:45:00,N21,nominal,2.0NRT,304.36,8.08,D,VIIRS
48.01995,36.61311,333.48,0.55,0.42,2026-08-16,10:45:00,N21,low,2.0NRT,304.21,4.17,D,VIIRS
48.17345,38.27557,337.89,0.43,0.46,2026-08-16,10:45:00,N21,nominal,2.0NRT,306.4,4.77,D,VIIRS
48.0877,37.28997,343.55,0.39,0.44,2026-08-16,10:45:00,N21,nominal,2.0NRT,306.62,4.54,D,VIIRS
48.08723,37.28481,331.85,0.39,0.44,2026-08-16,10:45:00,N21,low,2.0NRT,306.25,4.54,D,VIIRS
48.07081,37.02021,341.49,0.57,0.43,2026-08-16,10:45:00,N21,nominal,2.0NRT,307.56,7.19,D,VIIRS
48.00668,36.35817,335.38,0.53,0.42,2026-08-16,10:45:00,N21,nominal,2.0NRT,302.44,4.91,D,VIIRS
48.01988,36.65073,342.5,0.55,0.43,2026-08-16,10:45:00,N21,nominal,2.0NRT,309.34,8.09,D,VIIRS
48.0192,36.64334,339.97,0.55,0.43,2026-08-16,10:45:00,N21,nominal,2.0NRT,310.56,8.45,D,VIIRS
48.08466,37.2885,340.91,0.39,0.44,2026-08-16,10:45:00,N21,nominal,2.0NRT,305.21,7.75,D,VIIRS
47.41898,31.43159,338.48,0.39,0.36,2026-08-16,10:45:00,N21,low,2.0NRT,313.39,4.84,D,VIIRS
48.08642,37.2617,336.46,0.39,0.44,2026-08-16,10:45:00,N21,nominal,2.0NRT,301.59,2.52,D,VIIRS
47.42226,31.43058,347.82,0.39,0.36,2026-08-16,10:45:00,N21,nominal,2.0NRT,314.84,4.84,D,VIIRS
48.17371,38.27404,332.32,0.43,0.46,2026-08-16,10:45:00,N21,low,2.0NRT,304.41,3.35,D,VIIRS
48.09356,37.29718,340.67,0.39,0.44,2026-08-16,10:45:00,N21,nominal,2.0NRT,305.73,3.57,D,VIIRS
48.09177,37.27644,339.65,0.39,0.44,2026-08-16,10:45:00,N21,nominal,2.0NRT,305.24,5.53,D,VIIRS
48.09086,37.26605,335.53,0.39,0.44,2026-08-16,10:45:00,N21,nominal,2.0NRT,304.34,6.98,D,VIIRS
48.06931,37.02087,339.39,0.57,0.43,2026-08-16,10:45:00,N21,nominal,2.0NRT,307.13,6.31,D,VIIRS
48.00827,36.35765,334.16,0.53,0.42,2026-08-16,10:45:00,N21,nominal,2.0NRT,302.06,6.12,D,VIIRS
48.14642,37.82675,335.36,0.41,0.45,2026-08-16,10:45:00,N21,nominal,2.0NRT,300.69,3.71,D,VIIRS
48.14598,37.82136,333.38,0.41,0.45,2026-08-16,10:45:00,N21,nominal,2.0NRT,301.46,3.71,D,VIIRS
48.08703,36.99406,344.27,0.57,0.43,2026-08-16,10:45:00,N21,nominal,2.0NRT,303.98,12.94,D,VIIRS
48.09098,36.99317,344.43,0.57,0.43,2026-08-16,10:45:00,N21,nominal,2.0NRT,302.66,12.79,D,VIIRS
48.13671,37.46544,367,0.4,0.44,2026-08-16,10:45:00,N21,high,2.0NRT,307.18,19.02,D,VIIRS
48.13718,37.4708,339.48,0.4,0.44,2026-08-16,10:45:00,N21,nominal,2.0NRT,302.56,4.44,D,VIIRS
48.10369,37.04477,344.42,0.57,0.43,2026-08-16,10:45:00,N21,nominal,2.0NRT,304.3,10.16,D,VIIRS
48.19957,38.11887,340.01,0.42,0.45,2026-08-16,10:45:00,N21,nominal,2.0NRT,305.09,3.66,D,VIIRS
48.19912,38.11325,331.78,0.42,0.45,2026-08-16,10:45:00,N21,nominal,2.0NRT,305,2.11,D,VIIRS
48.09867,36.94511,342.58,0.57,0.43,2026-08-16,10:45:00,N21,nominal,2.0NRT,304.8,8.2,D,VIIRS
48.00179,35.89536,332.89,0.51,0.41,2026-08-16,10:45:00,N21,low,2.0NRT,305.55,14.24,D,VIIRS
48.00554,35.89445,340.68,0.51,0.41,2026-08-16,10:45:00,N21,nominal,2.0NRT,309.48,14.24,D,VIIRS
48.14653,37.02826,337.09,0.57,0.43,2026-08-16,10:45:00,N21,nominal,2.0NRT,306.13,6.66,D,VIIRS
48.21288,37.63064,344.81,0.4,0.44,2026-08-16,10:45:00,N21,nominal,2.0NRT,304.94,12.5,D,VIIRS
48.13925,36.56651,341.95,0.55,0.42,2026-08-16,10:45:00,N21,nominal,2.0NRT,302.45,5.18,D,VIIRS
48.12354,36.39888,331.55,0.54,0.42,2026-08-16,10:45:00,N21,nominal,2.0NRT,300.05,12.17,D,VIIRS
48.12646,36.34689,330.76,0.54,0.42,2026-08-16,10:45:00,N21,low,2.0NRT,303.02,9.83,D,VIIRS
47.93949,34.50959,341.33,0.46,0.39,2026-08-16,10:45:00,N21,nominal,2.0NRT,307.93,18.5,D,VIIRS
47.94305,34.50869,334.98,0.46,0.39,2026-08-16,10:45:00,N21,nominal,2.0NRT,305.33,18.5,D,VIIRS
48.23093,37.31675,330.12,0.39,0.44,2026-08-16,10:45:00,N21,low,2.0NRT,301.81,4.61,D,VIIRS
48.19141,36.87362,338.89,0.56,0.43,2026-08-16,10:45:00,N21,nominal,2.0NRT,305.96,6.56,D,VIIRS
48.2299,37.12106,338.84,0.38,0.44,2026-08-16,10:45:00,N21,nominal,2.0NRT,304.95,3.49,D,VIIRS
48.22912,36.93472,339.93,0.57,0.43,2026-08-16,10:45:00,N21,nominal,2.0NRT,305.6,17.28,D,VIIRS
48.14771,35.96867,334.88,0.52,0.41,2026-08-16,10:45:00,N21,low,2.0NRT,305.29,19.56,D,VIIRS
48.26077,37.10403,349.89,0.38,0.43,2026-08-16,10:45:00,N21,nominal,2.0NRT,301.93,4.34,D,VIIRS
48.26474,37.1032,330.02,0.38,0.43,2026-08-16,10:45:00,N21,nominal,2.0NRT,300.37,1.25,D,VIIRS
47.87156,33.44629,344.23,0.43,0.38,2026-08-16,10:45:00,N21,nominal,2.0NRT,304.58,7.23,D,VIIRS
48.25148,36.74569,330.41,0.56,0.43,2026-08-16,10:45:00,N21,low,2.0NRT,302.4,3.43,D,VIIRS
48.26821,37.02817,330.02,0.57,0.43,2026-08-16,10:45:00,N21,low,2.0NRT,303.05,2.4,D,VIIRS
48.29642,37.07333,330.7,0.38,0.43,2026-08-16,10:45:00,N21,low,2.0NRT,303.79,2.09,D,VIIRS
48.33002,37.41378,333.27,0.4,0.44,2026-08-16,10:45:00,N21,nominal,2.0NRT,302.04,2.49,D,VIIRS
48.21637,36.12374,341.96,0.53,0.42,2026-08-16,10:45:00,N21,nominal,2.0NRT,305.02,5.92,D,VIIRS
48.39285,38.07493,341.42,0.42,0.45,2026-08-16,10:45:00,N21,nominal,2.0NRT,303.54,5.6,D,VIIRS
48.32206,37.2267,334.3,0.39,0.44,2026-08-16,10:45:00,N21,low,2.0NRT,308.16,3.71,D,VIIRS
48.3137,37.08562,342.65,0.38,0.43,2026-08-16,10:45:00,N21,nominal,2.0NRT,304.69,3.94,D,VIIRS
47.56446,30.71368,336.07,0.39,0.36,2026-08-16,10:45:00,N21,low,2.0NRT,310.61,10.7,D,VIIRS
48.38599,37.73392,333.51,0.41,0.45,2026-08-16,10:45:00,N21,nominal,2.0NRT,301.95,5.93,D,VIIRS
48.37481,37.55264,343.95,0.4,0.44,2026-08-16,10:45:00,N21,nominal,2.0NRT,309.36,27.24,D,VIIRS
48.37436,37.54733,344.62,0.4,0.44,2026-08-16,10:45:00,N21,nominal,2.0NRT,301.12,9.39,D,VIIRS
48.37888,37.55182,349.98,0.4,0.44,2026-08-16,10:45:00,N21,nominal,2.0NRT,305.57,7.53,D,VIIRS
48.36909,37.43822,335.81,0.4,0.44,2026-08-16,10:45:00,N21,nominal,2.0NRT,300.51,6.07,D,VIIRS
48.36863,37.43288,341.41,0.4,0.44,2026-08-16,10:45:00,N21,nominal,2.0NRT,304.28,6.07,D,VIIRS
48.38202,37.54032,338.27,0.4,0.44,2026-08-16,10:45:00,N21,nominal,2.0NRT,299.38,6.88,D,VIIRS
48.42696,37.92442,339.17,0.42,0.45,2026-08-16,10:45:00,N21,nominal,2.0NRT,301.25,4.33,D,VIIRS
48.40872,37.70721,341.63,0.41,0.45,2026-08-16,10:45:00,N21,nominal,2.0NRT,303.28,6.23,D,VIIRS
48.41282,37.7065,340.09,0.41,0.45,2026-08-16,10:45:00,N21,nominal,2.0NRT,304.53,6.23,D,VIIRS
48.42527,37.75489,338.71,0.41,0.45,2026-08-16,10:45:00,N21,nominal,2.0NRT,302.58,2.78,D,VIIRS
48.39881,37.44878,330.52,0.4,0.44,2026-08-16,10:45:00,N21,low,2.0NRT,302.48,3.42,D,VIIRS
48.32737,36.54079,336.29,0.55,0.42,2026-08-16,10:45:00,N21,low,2.0NRT,306.71,29.25,D,VIIRS
48.46088,37.87844,349.16,0.42,0.45,2026-08-16,10:45:00,N21,nominal,2.0NRT,305.45,6.99,D,VIIRS
48.46039,37.87271,345.16,0.42,0.45,2026-08-16,10:45:00,N21,nominal,2.0NRT,308.63,6.99,D,VIIRS
48.40257,37.21579,342.32,0.39,0.44,2026-08-16,10:45:00,N21,nominal,2.0NRT,306.8,7.65,D,VIIRS
48.07077,33.98639,330.6,0.44,0.39,2026-08-16,10:45:00,N21,low,2.0NRT,302.37,2.23,D,VIIRS
47.68175,31.02285,342.54,0.39,0.36,2026-08-16,10:45:00,N21,nominal,2.0NRT,309.99,8.47,D,VIIRS
47.67807,30.99738,345.44,0.39,0.36,2026-08-16,10:45:00,N21,nominal,2.0NRT,310.21,4.41,D,VIIRS
48.07058,33.98463,333.4,0.44,0.39,2026-08-16,10:45:00,N21,nominal,2.0NRT,303.23,4.77,D,VIIRS
47.88759,32.4962,342.84,0.41,0.37,2026-08-16,10:45:00,N21,nominal,2.0NRT,308.79,29.65,D,VIIRS
48.45865,37.87663,351.21,0.42,0.45,2026-08-16,10:45:00,N21,nominal,2.0NRT,306.23,8.12,D,VIIRS
48.40404,37.21832,340.26,0.39,0.44,2026-08-16,10:45:00,N21,nominal,2.0NRT,307.69,12.65,D,VIIRS
48.38928,36.95649,333.06,0.57,0.43,2026-08-16,10:45:00,N21,low,2.0NRT,304.62,2.2,D,VIIRS
48.43425,37.42867,334.29,0.4,0.44,2026-08-16,10:45:00,N21,low,2.0NRT,306.23,2.53,D,VIIRS
48.4338,37.42335,336.99,0.4,0.44,2026-08-16,10:45:00,N21,nominal,2.0NRT,307.03,2.53,D,VIIRS
48.51785,38.14323,337.9,0.43,0.46,2026-08-16,10:45:00,N21,nominal,2.0NRT,303.54,6.24,D,VIIRS
48.44469,37.2637,337.24,0.39,0.44,2026-08-16,10:45:00,N21,nominal,2.0NRT,307.99,3.98,D,VIIRS
48.42447,37.03439,331.5,0.38,0.43,2026-08-16,10:45:00,N21,low,2.0NRT,305.53,2.96,D,VIIRS
48.52157,38.13668,331.24,0.43,0.46,2026-08-16,10:45:00,N21,low,2.0NRT,302.1,3.64,D,VIIRS
48.46768,37.48281,331.88,0.4,0.44,2026-08-16,10:45:00,N21,low,2.0NRT,305.15,5.47,D,VIIRS
48.49398,37.74572,340.23,0.41,0.45,2026-08-16,10:45:00,N21,nominal,2.0NRT,304.9,9.05,D,VIIRS
48.5013,37.78355,339.48,0.41,0.45,2026-08-16,10:45:00,N21,nominal,2.0NRT,302.5,5.42,D,VIIRS
48.50541,37.78267,335.84,0.41,0.45,2026-08-16,10:45:00,N21,nominal,2.0NRT,303.14,4.24,D,VIIRS
48.50495,37.77718,339.88,0.41,0.45,2026-08-16,10:45:00,N21,nominal,2.0NRT,301.68,4.24,D,VIIRS
48.45519,37.19745,339.09,0.39,0.44,2026-08-16,10:45:00,N21,nominal,2.0NRT,304.15,6.6,D,VIIRS
48.44497,37.08245,338.35,0.39,0.44,2026-08-16,10:45:00,N21,nominal,2.0NRT,302.13,4.46,D,VIIRS
48.44403,37.07209,342.82,0.38,0.44,2026-08-16,10:45:00,N21,nominal,2.0NRT,301.97,6.72,D,VIIRS
48.51316,37.77539,354.61,0.41,0.45,2026-08-16,10:45:00,N21,nominal,2.0NRT,306.15,9.94,D,VIIRS
48.5127,37.76987,341.03,0.41,0.45,2026-08-16,10:45:00,N21,nominal,2.0NRT,306.07,7.71,D,VIIRS
48.51726,37.77448,342.18,0.41,0.45,2026-08-16,10:45:00,N21,nominal,2.0NRT,304.12,9.94,D,VIIRS
48.46183,37.08963,344.59,0.39,0.44,2026-08-16,10:45:00,N21,nominal,2.0NRT,302.54,5.06,D,VIIRS
48.32397,35.65973,339.55,0.51,0.41,2026-08-16,10:45:00,N21,nominal,2.0NRT,301.75,2.77,D,VIIRS
48.5424,37.97598,340.7,0.42,0.45,2026-08-16,10:45:00,N21,nominal,2.0NRT,305.02,9.24,D,VIIRS
48.5366,37.65868,335.02,0.41,0.45,2026-08-16,10:45:00,N21,nominal,2.0NRT,301.75,0.59,D,VIIRS
48.47867,37.00756,332.23,0.38,0.43,2026-08-16,10:45:00,N21,nominal,2.0NRT,304.14,1.43,D,VIIRS
48.47813,36.91431,338.91,0.57,0.43,2026-08-16,10:45:00,N21,nominal,2.0NRT,302.35,8.68,D,VIIRS
48.55981,37.78329,330.22,0.41,0.45,2026-08-16,10:45:00,N21,low,2.0NRT,302.15,1.17,D,VIIRS
48.43862,36.45667,340.53,0.54,0.42,2026-08-16,10:45:00,N21,nominal,2.0NRT,306.02,3.51,D,VIIRS
48.47668,36.91634,346.54,0.57,0.43,2026-08-16,10:45:00,N21,nominal,2.0NRT,302.8,11.36,D,VIIRS
48.4393,36.45781,338.6,0.55,0.42,2026-08-16,10:45:00,N21,nominal,2.0NRT,307.19,9.61,D,VIIRS
48.56566,37.52378,333.75,0.4,0.44,2026-08-16,10:45:00,N21,nominal,2.0NRT,301.49,2.87,D,VIIRS
48.54255,37.06696,338.85,0.39,0.44,2026-08-16,10:45:00,N21,nominal,2.0NRT,300,5.14,D,VIIRS
48.62109,37.83913,340.24,0.42,0.45,2026-08-16,10:45:00,N21,nominal,2.0NRT,303.73,5.82,D,VIIRS
48.6084,37.58828,340.22,0.41,0.45,2026-08-16,10:45:00,N21,nominal,2.0NRT,303.28,8.52,D,VIIRS
48.60794,37.5829,337.19,0.41,0.45,2026-08-16,10:45:00,N21,nominal,2.0NRT,302.51,8.52,D,VIIRS
48.62377,37.57386,367,0.41,0.45,2026-08-16,10:45:00,N21,high,2.0NRT,305.15,8.98,D,VIIRS
48.64967,37.88003,341.76,0.42,0.45,2026-08-16,10:45:00,N21,nominal,2.0NRT,302.34,10.67,D,VIIRS
48.62784,37.57295,340.81,0.41,0.45,2026-08-16,10:45:00,N21,nominal,2.0NRT,303.17,3.6,D,VIIRS
48.57659,36.95083,340.25,0.57,0.43,2026-08-16,10:45:00,N21,nominal,2.0NRT,307.18,7.71,D,VIIRS
48.63646,37.57666,336.6,0.41,0.45,2026-08-16,10:45:00,N21,low,2.0NRT,309.15,6.44,D,VIIRS
48.66773,37.66408,335.11,0.41,0.45,2026-08-16,10:45:00,N21,low,2.0NRT,309.15,7.48,D,VIIRS
48.70963,38.08253,351.56,0.43,0.46,2026-08-16,10:45:00,N21,nominal,2.0NRT,300.81,7.55,D,VIIRS
48.71381,38.08181,344.21,0.43,0.46,2026-08-16,10:45:00,N21,nominal,2.0NRT,301.15,7.55,D,VIIRS
47.83722,30.22484,338.88,0.38,0.36,2026-08-16,10:45:00,N21,nominal,2.0NRT,311.89,6.14,D,VIIRS
48.75014,38.05847,342.2,0.43,0.46,2026-08-16,10:45:00,N21,nominal,2.0NRT,305.32,12.81,D,VIIRS
48.75479,38.06354,339.87,0.43,0.46,2026-08-16,10:45:00,N21,nominal,2.0NRT,301.88,7.12,D,VIIRS
48.75432,38.05775,355.42,0.43,0.46,2026-08-16,10:45:00,N21,nominal,2.0NRT,306.33,12.81,D,VIIRS
48.75897,38.06279,339.22,0.43,0.46,2026-08-16,10:45:00,N21,nominal,2.0NRT,299.99,3.77,D,VIIRS
48.7493,37.84161,333.19,0.42,0.45,2026-08-16,10:45:00,N21,nominal,2.0NRT,300.3,5.12,D,VIIRS
48.5271,35.46631,336.5,0.5,0.41,2026-08-16,10:45:00,N21,nominal,2.0NRT,309.02,6.76,D,VIIRS
48.5264,35.45957,333.6,0.5,0.41,2026-08-16,10:45:00,N21,nominal,2.0NRT,307.74,5.47,D,VIIRS
48.78129,38.0763,353.4,0.43,0.46,2026-08-16,10:45:00,N21,nominal,2.0NRT,299.97,10.38,D,VIIRS
48.78548,38.07557,341.78,0.43,0.46,2026-08-16,10:45:00,N21,nominal,2.0NRT,290.14,16.33,D,VIIRS
48.79803,38.07331,348.32,0.43,0.46,2026-08-16,10:45:00,N21,nominal,2.0NRT,297.6,6.84,D,VIIRS
48.82008,38.18526,336.16,0.43,0.46,2026-08-16,10:45:00,N21,nominal,2.0NRT,301.84,5.01,D,VIIRS
48.81919,38.17365,352.39,0.43,0.46,2026-08-16,10:45:00,N21,nominal,2.0NRT,311.03,23.78,D,VIIRS
48.81874,38.16794,331.85,0.43,0.46,2026-08-16,10:45:00,N21,low,2.0NRT,306.31,14.12,D,VIIRS
48.82338,38.17271,349.5,0.43,0.46,2026-08-16,10:45:00,N21,nominal,2.0NRT,305.13,6.78,D,VIIRS
48.84435,38.22298,343.24,0.43,0.46,2026-08-16,10:45:00,N21,nominal,2.0NRT,301.37,6.42,D,VIIRS
48.84904,38.22833,346.24,0.44,0.46,2026-08-16,10:45:00,N21,nominal,2.0NRT,306.02,36.34,D,VIIRS
48.84858,38.22236,345.01,0.43,0.46,2026-08-16,10:45:00,N21,nominal,2.0NRT,306.14,6.42,D,VIIRS
48.84811,38.21636,335,0.43,0.46,2026-08-16,10:45:00,N21,nominal,2.0NRT,302.86,6.42,D,VIIRS
48.85326,38.22769,334.03,0.44,0.46,2026-08-16,10:45:00,N21,nominal,2.0NRT,302.63,5.86,D,VIIRS
48.8528,38.22173,340.47,0.43,0.46,2026-08-16,10:45:00,N21,nominal,2.0NRT,305.01,6.08,D,VIIRS
48.85233,38.21573,339.15,0.43,0.46,2026-08-16,10:45:00,N21,nominal,2.0NRT,303.68,6.08,D,VIIRS
48.83385,37.929,367,0.42,0.45,2026-08-16,10:45:00,N21,high,2.0NRT,304.41,12,D,VIIRS
50.28329,36.15026,335.83,0.56,0.43,2026-08-16,10:45:00,N21,nominal,2.0NRT,299.68,7.24,D,VIIRS
50.27256,37.11757,339.27,0.4,0.45,2026-08-16,10:45:00,N21,nominal,2.0NRT,299.34,6.66,D,VIIRS
50.2487,36.88304,340,0.4,0.44,2026-08-16,10:45:00,N21,nominal,2.0NRT,303.02,6.56,D,VIIRS
50.21378,36.90732,341.09,0.4,0.44,2026-08-16,10:45:00,N21,nominal,2.0NRT,301.54,7.24,D,VIIRS
50.16498,37.52177,354.28,0.42,0.45,2026-08-16,10:45:00,N21,nominal,2.0NRT,300.44,18.55,D,VIIRS
50.06741,36.49397,331.73,0.57,0.43,2026-08-16,10:45:00,N21,nominal,2.0NRT,296.68,3.99,D,VIIRS
50.13496,37.5881,341.5,0.42,0.45,2026-08-16,10:45:00,N21,nominal,2.0NRT,299.77,3.72,D,VIIRS
50.02279,36.6555,339.38,0.39,0.44,2026-08-16,10:45:00,N21,nominal,2.0NRT,294.86,8.97,D,VIIRS
50.05563,37.08398,331.52,0.4,0.44,2026-08-16,10:45:00,N21,nominal,2.0NRT,298.69,5.99,D,VIIRS
50.0561,37.08956,340.79,0.4,0.44,2026-08-16,10:45:00,N21,nominal,2.0NRT,299.07,6.37,D,VIIRS
50.05657,37.09517,332.12,0.4,0.44,2026-08-16,10:45:00,N21,nominal,2.0NRT,296.06,6.37,D,VIIRS
48.90054,38.73753,353.87,0.46,0.47,2026-08-16,10:45:00,N21,nominal,2.0NRT,306.91,15.36,D,VIIRS
48.85566,38.14929,348.86,0.43,0.46,2026-08-16,10:45:00,N21,nominal,2.0NRT,303.61,13.76,D,VIIRS
48.92337,38.99103,332.71,0.47,0.48,2026-08-16,10:45:00,N21,nominal,2.0NRT,304.82,4.89,D,VIIRS
48.90487,38.73681,332.24,0.46,0.47,2026-08-16,10:45:00,N21,nominal,2.0NRT,300.98,15.36,D,VIIRS
48.86034,38.1546,341.14,0.43,0.46,2026-08-16,10:45:00,N21,nominal,2.0NRT,286.33,14.21,D,VIIRS
48.85987,38.14867,355.06,0.43,0.46,2026-08-16,10:45:00,N21,nominal,2.0NRT,303.36,13.76,D,VIIRS
48.85941,38.14273,354.47,0.43,0.46,2026-08-16,10:45:00,N21,nominal,2.0NRT,304,13.76,D,VIIRS
48.88789,38.12585,334.7,0.43,0.46,2026-08-16,10:45:00,N21,nominal,2.0NRT,300.15,7.42,D,VIIRS
48.88741,38.1199,343.9,0.43,0.46,2026-08-16,10:45:00,N21,nominal,2.0NRT,299.87,9.28,D,VIIRS
48.85804,37.76271,344.95,0.42,0.45,2026-08-16,10:45:00,N21,nominal,2.0NRT,300.01,6.71,D,VIIRS
48.89159,38.11897,343.06,0.43,0.46,2026-08-16,10:45:00,N21,nominal,2.0NRT,308.06,9.28,D,VIIRS
48.88895,37.75668,338.51,0.42,0.45,2026-08-16,10:45:00,N21,nominal,2.0NRT,297.57,4.03,D,VIIRS
47.88233,29.32306,346.42,0.39,0.36,2026-08-16,10:45:00,N21,nominal,2.0NRT,307.44,6.3,D,VIIRS
48.90998,37.915,333.88,0.42,0.45,2026-08-16,10:45:00,N21,nominal,2.0NRT,303.29,2.37,D,VIIRS
47.89851,29.36001,353.87,0.39,0.36,2026-08-16,10:45:00,N21,nominal,2.0NRT,313.33,17.57,D,VIIRS
48.98257,38.64169,353.78,0.46,0.47,2026-08-16,10:45:00,N21,nominal,2.0NRT,308.68,17.96,D,VIIRS
48.98211,38.63552,349.69,0.45,0.47,2026-08-16,10:45:00,N21,nominal,2.0NRT,306.56,13.96,D,VIIRS
48.90118,37.59882,331.12,0.41,0.45,2026-08-16,10:45:00,N21,nominal,2.0NRT,301.78,4.72,D,VIIRS
48.90527,37.59794,342.72,0.41,0.45,2026-08-16,10:45:00,N21,nominal,2.0NRT,303.16,4.72,D,VIIRS
48.94745,37.96077,336.06,0.42,0.46,2026-08-16,10:45:00,N21,nominal,2.0NRT,304.5,4.68,D,VIIRS
48.97725,38.2295,342.46,0.44,0.46,2026-08-16,10:45:00,N21,nominal,2.0NRT,303.19,8.51,D,VIIRS
48.95705,37.87059,343.59,0.42,0.45,2026-08-16,10:45:00,N21,nominal,2.0NRT,307.74,5.83,D,VIIRS
48.96167,37.87551,335.61,0.42,0.45,2026-08-16,10:45:00,N21,nominal,2.0NRT,305.45,5.83,D,VIIRS
49.00044,38.03912,330.84,0.43,0.46,2026-08-16,10:45:00,N21,low,2.0NRT,302.84,3.96,D,VIIRS
48.99996,38.03322,341.15,0.43,0.46,2026-08-16,10:45:00,N21,nominal,2.0NRT,304.21,7.32,D,VIIRS
48.97039,37.67759,341.63,0.41,0.45,2026-08-16,10:45:00,N21,nominal,2.0NRT,301.48,5.42,D,VIIRS
49.0008,38.03747,341.13,0.43,0.46,2026-08-16,10:45:00,N21,nominal,2.0NRT,304.47,6.76,D,VIIRS
49.00035,38.03158,339.64,0.43,0.46,2026-08-16,10:45:00,N21,nominal,2.0NRT,301.91,6.76,D,VIIRS
48.04492,29.72174,334.81,0.38,0.36,2026-08-16,10:45:00,N21,low,2.0NRT,309.04,5.67,D,VIIRS
48.9926,37.717529999999996,338.81,0.42,0.45,2026-08-16,10:45:00,N21,nominal,2.0NRT,298.18,8.62,D,VIIRS
49.03941,37.77738,330.64,0.42,0.45,2026-08-16,10:45:00,N21,nominal,2.0NRT,295.81,3.44,D,VIIRS
49.2201,38.00667,330.53,0.43,0.46,2026-08-16,10:45:00,N21,low,2.0NRT,301.89,5.29,D,VIIRS
48.70067,32.73713,336.51,0.42,0.37,2026-08-16,10:45:00,N21,low,2.0NRT,309.39,3.92,D,VIIRS
48.29836,29.2133,346.92,0.39,0.36,2026-08-16,10:45:00,N21,nominal,2.0NRT,309.39,6.15,D,VIIRS
49.31556,36.39112,332.46,0.55,0.43,2026-08-16,10:45:00,N21,nominal,2.0NRT,298.81,4.22,D,VIIRS
49.31945,36.3902,330.77,0.55,0.43,2026-08-16,10:45:00,N21,nominal,2.0NRT,303.52,4.22,D,VIIRS
49.39883,36.2578,332.24,0.55,0.43,2026-08-16,10:45:00,N21,nominal,2.0NRT,299.28,4.33,D,VIIRS
48.53759,29.22527,334.92,0.38,0.36,2026-08-16,10:45:00,N21,low,2.0NRT,306.16,1.49,D,VIIRS
48.36356,28.08032,340.77,0.39,0.36,2026-08-16,10:45:00,N21,nominal,2.0NRT,307.39,5.73,D,VIIRS
49.0022,31.72974,332.29,0.4,0.37,2026-08-16,10:45:00,N21,nominal,2.0NRT,304.38,10.05,D,VIIRS
49.69812,37.83938,347.87,0.43,0.46,2026-08-16,10:45:00,N21,nominal,2.0NRT,296.25,7.36,D,VIIRS
49.69196,37.01706,339.05,0.4,0.44,2026-08-16,10:45:00,N21,nominal,2.0NRT,299.72,8,D,VIIRS
49.69149,37.0116,336.26,0.4,0.44,2026-08-16,10:45:00,N21,nominal,2.0NRT,297.07,4.14,D,VIIRS
49.77399,37.87777,367,0.43,0.46,2026-08-16,10:45:00,N21,high,2.0NRT,302.45,17.62,D,VIIRS
49.79819,37.80667,337.29,0.43,0.46,2026-08-16,10:45:00,N21,nominal,2.0NRT,298.92,2.63,D,VIIRS
48.71371,28.31528,334.62,0.39,0.36,2026-08-16,10:45:00,N21,low,2.0NRT,307.03,1.98,D,VIIRS
48.01714,23.60877,333.59,0.52,0.42,2026-08-16,10:45:00,N21,low,2.0NRT,305.31,6.78,D,VIIRS
50.58276,35.13955,330.8,0.51,0.41,2026-08-16,10:47:00,N21,nominal,2.0NRT,293.58,5.69,D,VIIRS
50.4282,33.45741,330.23,0.45,0.39,2026-08-16,10:47:00,N21,low,2.0NRT,302.21,6.16,D,VIIRS
49.02961,24.29549,333.14,0.47,0.4,2026-08-16,10:47:00,N21,nominal,2.0NRT,304.75,4.61,D,VIIRS
50.14049,29.41148,355.43,0.38,0.36,2026-08-16,10:47:00,N21,nominal,2.0NRT,309.88,9.14,D,VIIRS
50.34966,30.15894,332.14,0.39,0.36,2026-08-16,10:47:00,N21,low,2.0NRT,303.81,3.04,D,VIIRS
50.0176,27.91068,334,0.39,0.36,2026-08-16,10:47:00,N21,nominal,2.0NRT,304.02,3.91,D,VIIRS
50.2796,29.51565,333.26,0.39,0.36,2026-08-16,10:47:00,N21,nominal,2.0NRT,305.81,7.11,D,VIIRS
51.03765,35.19334,330.59,0.52,0.42,2026-08-16,10:47:00,N21,nominal,2.0NRT,298.31,6.24,D,VIIRS
50.32021,29.01187,332.04,0.38,0.36,2026-08-16,10:47:00,N21,nominal,2.0NRT,303.36,2.47,D,VIIRS
50.16438,27.05684,333.43,0.4,0.37,2026-08-16,10:47:00,N21,low,2.0NRT,305.86,2.95,D,VIIRS
51.21172,34.28666,343.34,0.49,0.4,2026-08-16,10:47:00,N21,nominal,2.0NRT,302.28,23.28,D,VIIRS
51.21099,34.27971,339.94,0.49,0.4,2026-08-16,10:47:00,N21,nominal,2.0NRT,301.94,23.28,D,VIIRS
51.21394,34.27183,340.73,0.49,0.4,2026-08-16,10:47:00,N21,nominal,2.0NRT,302.46,5.48,D,VIIRS
51.21761,34.2709,333.91,0.49,0.4,2026-08-16,10:47:00,N21,nominal,2.0NRT,296.13,5.48,D,VIIRS
50.83607,30.75615,341.95,0.4,0.37,2026-08-16,10:47:00,N21,nominal,2.0NRT,305.19,12.12,D,VIIRS
50.83937,30.75503,336.04,0.4,0.37,2026-08-16,10:47:00,N21,nominal,2.0NRT,307.74,12.12,D,VIIRS
49.68213,23.67816,334.74,0.48,0.4,2026-08-16,10:47:00,N21,nominal,2.0NRT,301.95,5.63,D,VIIRS
50.75554,29.43704,341.09,0.39,0.36,2026-08-16,10:47:00,N21,nominal,2.0NRT,307.61,10.59,D,VIIRS
50.75475,29.43167,334.91,0.39,0.36,2026-08-16,10:47:00,N21,nominal,2.0NRT,309.03,7.59,D,VIIRS
51.1429,31.87063,335.32,0.42,0.38,2026-08-16,10:47:00,N21,nominal,2.0NRT,304.73,6.52,D,VIIRS
51.14216,31.86472,350.34,0.42,0.38,2026-08-16,10:47:00,N21,nominal,2.0NRT,305.96,6.52,D,VIIRS
51.1463,31.86955,337.33,0.42,0.38,2026-08-16,10:47:00,N21,nominal,2.0NRT,301.94,4.71,D,VIIRS
51.14556,31.86364,333.43,0.42,0.38,2026-08-16,10:47:00,N21,nominal,2.0NRT,302.08,4.71,D,VIIRS
50.27274,26.07038,345.39,0.41,0.37,2026-08-16,10:47:00,N21,nominal,2.0NRT,305.75,12.42,D,VIIRS
50.27174,26.0648,341.82,0.41,0.37,2026-08-16,10:47:00,N21,nominal,2.0NRT,310.06,12.42,D,VIIRS
49.89386,23.85886,333.2,0.47,0.4,2026-08-16,10:47:00,N21,nominal,2.0NRT,303.5,6.56,D,VIIRS
51.17003,31.53093,331.73,0.41,0.37,2026-08-16,10:47:00,N21,low,2.0NRT,303.42,5.22,D,VIIRS
51.16929,31.52511,355.39,0.41,0.37,2026-08-16,10:47:00,N21,nominal,2.0NRT,309.01,15.63,D,VIIRS
50.594970000000004,27.12364,338.46,0.39,0.36,2026-08-16,10:47:00,N21,nominal,2.0NRT,308.72,4.09,D,VIIRS
51.16418,30.15481,332.25,0.39,0.36,2026-08-16,10:47:00,N21,nominal,2.0NRT,301.99,5.65,D,VIIRS
51.16746,30.15365,331.73,0.39,0.36,2026-08-16,10:47:00,N21,nominal,2.0NRT,301.36,5.65,D,VIIRS
51.16669,30.14813,330.38,0.39,0.36,2026-08-16,10:47:00,N21,low,2.0NRT,303.48,8.01,D,VIIRS
51.39104,31.78137,337.91,0.42,0.38,2026-08-16,10:47:00,N21,nominal,2.0NRT,304.67,3.96,D,VIIRS
50.98873,28.8165,333.98,0.38,0.36,2026-08-16,10:47:00,N21,low,2.0NRT,305.33,5.48,D,VIIRS
50.04052,23.44084,337.22,0.48,0.4,2026-08-16,10:47:00,N21,nominal,2.0NRT,307.11,8.89,D,VIIRS
51.7072,34.15347,341.07,0.49,0.4,2026-08-16,10:47:00,N21,nominal,2.0NRT,306.5,32.83,D,VIIRS
51.70647,34.14644,337.99,0.49,0.4,2026-08-16,10:47:00,N21,nominal,2.0NRT,302.56,12.69,D,VIIRS
50.50208,25.57283,353.81,0.42,0.37,2026-08-16,10:47:00,N21,nominal,2.0NRT,311.27,8.52,D,VIIRS
50.5054,25.57133,345.18,0.42,0.37,2026-08-16,10:47:00,N21,nominal,2.0NRT,310.27,10.97,D,VIIRS
51.76684,34.32734,344.48,0.5,0.41,2026-08-16,10:47:00,N21,nominal,2.0NRT,301.07,7.26,D,VIIRS
51.08841,28.86351,341.08,0.38,0.36,2026-08-16,10:47:00,N21,nominal,2.0NRT,305.57,3.57,D,VIIRS
50.75922,26.60571,338.4,0.4,0.37,2026-08-16,10:47:00,N21,nominal,2.0NRT,309.44,6.55,D,VIIRS
50.76248,26.6043,350.18,0.4,0.37,2026-08-16,10:47:00,N21,nominal,2.0NRT,305.43,6.55,D,VIIRS
51.34925,30.28271,337.39,0.39,0.36,2026-08-16,10:47:00,N21,nominal,2.0NRT,304.67,6.8,D,VIIRS
51.35506,30.27481,335.54,0.39,0.36,2026-08-16,10:47:00,N21,nominal,2.0NRT,304.16,7.7,D,VIIRS
51.85328,34.3035,334.65,0.5,0.41,2026-08-16,10:47:00,N21,nominal,2.0NRT,298.94,5.35,D,VIIRS
51.86589,34.20478,336.63,0.49,0.41,2026-08-16,10:47:00,N21,nominal,2.0NRT,300.75,5.2,D,VIIRS
51.39301,30.24968,347.8,0.39,0.36,2026-08-16,10:47:00,N21,nominal,2.0NRT,309.68,7.85,D,VIIRS
51.3963,30.24852,355.09,0.39,0.36,2026-08-16,10:47:00,N21,nominal,2.0NRT,318.57,21.24,D,VIIRS
51.39707,30.25409,367,0.39,0.36,2026-08-16,10:47:00,N21,low,2.0NRT,326.51,48.38,D,VIIRS
51.3979,30.2177,330.63,0.39,0.36,2026-08-16,10:47:00,N21,low,2.0NRT,303.65,4.35,D,VIIRS
51.40678,30.2321,336,0.39,0.36,2026-08-16,10:47:00,N21,nominal,2.0NRT,303.41,6.26,D,VIIRS
51.89513,34.06677,342.76,0.49,0.4,2026-08-16,10:47:00,N21,nominal,2.0NRT,300.57,5.75,D,VIIRS
51.00876,26.76486,334.99,0.39,0.36,2026-08-16,10:47:00,N21,nominal,2.0NRT,307.52,3.6,D,VIIRS
51.53506,28.95249,347.28,0.39,0.36,2026-08-16,10:47:00,N21,nominal,2.0NRT,306.02,9.56,D,VIIRS
51.53831,28.95125,339.93,0.39,0.36,2026-08-16,10:47:00,N21,nominal,2.0NRT,306.1,9.48,D,VIIRS
52.00614,31.98784,350.9,0.43,0.38,2026-08-16,10:47:00,N21,nominal,2.0NRT,305.43,7.89,D,VIIRS
52.00539,31.98168,331.99,0.43,0.38,2026-08-16,10:47:00,N21,low,2.0NRT,303.18,7.89,D,VIIRS
52.00465,31.97551,334.09,0.43,0.38,2026-08-16,10:47:00,N21,nominal,2.0NRT,303.56,3.78,D,VIIRS
52.00883,31.98058,336.28,0.43,0.38,2026-08-16,10:47:00,N21,nominal,2.0NRT,304.74,9.35,D,VIIRS
52.00808,31.97441,348.16,0.43,0.38,2026-08-16,10:47:00,N21,nominal,2.0NRT,308.43,6.99,D,VIIRS
52.00734,31.96824,332.98,0.43,0.38,2026-08-16,10:47:00,N21,nominal,2.0NRT,301.62,6.99,D,VIIRS
52.01421,31.96605,347.94,0.43,0.38,2026-08-16,10:47:00,N21,nominal,2.0NRT,309.4,11.01,D,VIIRS
52.01839,31.97111,339.15,0.43,0.38,2026-08-16,10:47:00,N21,low,2.0NRT,309.97,11.01,D,VIIRS
52.02183,31.97001,334.68,0.43,0.38,2026-08-16,10:47:00,N21,low,2.0NRT,307.12,5.04,D,VIIRS
52.02108,31.96384,332.81,0.43,0.38,2026-08-16,10:47:00,N21,low,2.0NRT,304.49,5.04,D,VIIRS
51.13151,25.79352,342.8,0.41,0.37,2026-08-16,10:47:00,N21,nominal,2.0NRT,312.28,9.08,D,VIIRS
52.12252,32.32582,332.41,0.44,0.38,2026-08-16,10:47:00,N21,nominal,2.0NRT,299.5,6.07,D,VIIRS
52.126,32.32471,334.82,0.44,0.38,2026-08-16,10:47:00,N21,nominal,2.0NRT,302.17,6.07,D,VIIRS
52.13442,32.33519,338.97,0.44,0.38,2026-08-16,10:47:00,N21,nominal,2.0NRT,299.32,5.28,D,VIIRS
52.23726,32.6284,349.58,0.45,0.39,2026-08-16,10:47:00,N21,nominal,2.0NRT,303.18,9.99,D,VIIRS
52.28226,32.61345,343.1,0.45,0.39,2026-08-16,10:47:00,N21,nominal,2.0NRT,304.57,15.91,D,VIIRS
52.28152,32.60696,331.42,0.45,0.39,2026-08-16,10:47:00,N21,low,2.0NRT,303.04,4.63,D,VIIRS
51.10647,24.54507,341.04,0.43,0.38,2026-08-16,10:47:00,N21,nominal,2.0NRT,305.78,5.62,D,VIIRS
51.61057,27.02454,331.93,0.39,0.36,2026-08-16,10:47:00,N21,low,2.0NRT,306.85,28.12,D,VIIRS
51.61289,27.01768,347.94,0.39,0.36,2026-08-16,10:47:00,N21,nominal,2.0NRT,309.41,14.42,D,VIIRS
51.61198,27.01221,335.25,0.39,0.36,2026-08-16,10:47:00,N21,nominal,2.0NRT,304.16,4.36,D,VIIRS
51.55073,25.90558,332.79,0.4,0.37,2026-08-16,10:47:00,N21,low,2.0NRT,304.82,2.22,D,VIIRS
48.08316,23.5284,331.61,0.68,0.74,2026-08-16,12:27:00,N21,nominal,2.0NRT,298.38,5.84,D,VIIRS
49.35686,24.64761,328.02,0.77,0.77,2026-08-16,12:27:00,N21,low,2.0NRT,298.16,14.18,D,VIIRS
49.36,24.65487,340.24,0.77,0.77,2026-08-16,12:27:00,N21,nominal,2.0NRT,300.85,14.17,D,VIIRS
49.42338,24.06215,330.27,0.72,0.76,2026-08-16,12:27:00,N21,nominal,2.0NRT,297.26,8.14,D,VIIRS
50.04027,23.44464,353.47,0.68,0.74,2026-08-16,12:27:00,N21,nominal,2.0NRT,298.61,17.28,D,VIIRS
48.83186,33.83522,300.83,0.32,0.55,2026-08-16,22:59:00,N21,nominal,2.0NRT,287.49,0.43,N,VIIRS
48.57827,37.61579,303.65,0.43,0.46,2026-08-16,22:59:00,N21,nominal,2.0NRT,285.38,1.03,N,VIIRS
48.46733,38.75924,303.58,0.39,0.44,2026-08-16,22:59:00,N21,nominal,2.0NRT,289.78,1.17,N,VIIRS
48.46381,38.75327,306.15,0.39,0.44,2026-08-16,22:59:00,N21,nominal,2.0NRT,290,2.13,N,VIIRS
48.74649,26.59999,300.43,0.7,0.75,2026-08-16,22:59:00,N21,nominal,2.0NRT,287.39,2.01,N,VIIRS
48.42704,36.87919,304.8,0.46,0.47,2026-08-16,22:59:00,N21,nominal,2.0NRT,283.1,1.3,N,VIIRS
48.52938,34.65053,307.61,0.59,0.53,2026-08-16,22:59:00,N21,nominal,2.0NRT,288.62,3.71,N,VIIRS
48.35472,37.25455,295.83,0.45,0.47,2026-08-16,22:59:00,N21,nominal,2.0NRT,285.28,0.82,N,VIIRS
48.28345,38.08587,299.78,0.41,0.45,2026-08-16,22:59:00,N21,nominal,2.0NRT,288.16,0.74,N,VIIRS
48.32608,37.25508,298.91,0.45,0.47,2026-08-16,22:59:00,N21,nominal,2.0NRT,284.68,0.48,N,VIIRS
48.47364,34.63086,303.56,0.59,0.53,2026-08-16,22:59:00,N21,nominal,2.0NRT,289.71,1.85,N,VIIRS
48.29568,37.20127,302.31,0.45,0.47,2026-08-16,22:59:00,N21,nominal,2.0NRT,287.08,1.52,N,VIIRS
48.59887,31.37269,304.5,0.42,0.61,2026-08-16,22:59:00,N21,nominal,2.0NRT,287.25,0.96,N,VIIRS
47.60435,37.56329,296.24,0.42,0.46,2026-08-16,22:59:00,N21,nominal,2.0NRT,284.27,0.41,N,VIIRS
47.6067,37.53497,298.48,0.43,0.46,2026-08-16,22:59:00,N21,nominal,2.0NRT,286.7,0.76,N,VIIRS
47.87116,33.43929,300.82,0.33,0.55,2026-08-16,22:59:00,N21,nominal,2.0NRT,288.96,1.31,N,VIIRS
47.87137,33.4348,298.85,0.33,0.55,2026-08-16,22:59:00,N21,nominal,2.0NRT,288.8,1.34,N,VIIRS
47.69809,37.0483,300.3,0.45,0.47,2026-08-16,22:59:00,N21,nominal,2.0NRT,282.64,0.52,N,VIIRS
47.70039,37.04949,296.32,0.45,0.47,2026-08-16,22:59:00,N21,nominal,2.0NRT,282.48,0.87,N,VIIRS
48.29425,37.16409,299.22,0.45,0.47,2026-08-16,22:59:00,N21,nominal,2.0NRT,285.6,0.85,N,VIIRS
48.90266,38.73067,301.12,0.39,0.44,2026-08-16,22:59:00,N21,nominal,2.0NRT,285.73,1.4,N,VIIRS
47.72613,35.75666,301.56,0.51,0.5,2026-08-16,22:59:00,N21,nominal,2.0NRT,285.91,1.53,N,VIIRS
47.59923,37.5738,298.63,0.42,0.45,2026-08-16,22:59:00,N21,nominal,2.0NRT,285.67,1.41,N,VIIRS
47.7265,35.88807,296.28,0.51,0.49,2026-08-16,22:59:00,N21,nominal,2.0NRT,285.54,0.6,N,VIIRS
47.81155,35.72034,295.22,0.52,0.5,2026-08-16,22:59:00,N21,nominal,2.0NRT,284.78,0.54,N,VIIRS
47.82893,35.73698,302.77,0.52,0.5,2026-08-16,22:59:00,N21,nominal,2.0NRT,285.87,1.4,N,VIIRS
47.83171,35.83415,298.17,0.51,0.49,2026-08-16,22:59:00,N21,nominal,2.0NRT,283.14,0.49,N,VIIRS
47.6515,38.4827,314.65,0.39,0.44,2026-08-16,22:59:00,N21,nominal,2.0NRT,284.87,1.8,N,VIIRS
47.93359,36.03433,302.73,0.5,0.49,2026-08-16,22:59:00,N21,nominal,2.0NRT,284.34,0.85,N,VIIRS
47.93809,36.0351,298.87,0.5,0.49,2026-08-16,22:59:00,N21,nominal,2.0NRT,285.47,1,N,VIIRS
47.92981,37.12189,300.72,0.45,0.47,2026-08-16,22:59:00,N21,nominal,2.0NRT,282.96,1.21,N,VIIRS
47.93409,37.12257,308.63,0.45,0.47,2026-08-16,22:59:00,N21,nominal,2.0NRT,282.09,1.21,N,VIIRS
47.8338,38.47601,304.52,0.39,0.44,2026-08-16,22:59:00,N21,nominal,2.0NRT,287.77,1.04,N,VIIRS
48.18903,33.164,297.8,0.34,0.56,2026-08-16,22:59:00,N21,nominal,2.0NRT,285.05,0.74,N,VIIRS
48.20499,33.15644,298.02,0.34,0.56,2026-08-16,22:59:00,N21,nominal,2.0NRT,284.84,1.2,N,VIIRS
48.21037,33.15235,309.01,0.34,0.56,2026-08-16,22:59:00,N21,nominal,2.0NRT,284.72,1,N,VIIRS
47.98629,37.28259,305.24,0.44,0.46,2026-08-16,22:59:00,N21,nominal,2.0NRT,285.71,1.81,N,VIIRS
47.97337,37.69237,303.98,0.42,0.45,2026-08-16,22:59:00,N21,nominal,2.0NRT,286.15,1.24,N,VIIRS
48.10376,36.0341,307.84,0.5,0.49,2026-08-16,22:59:00,N21,nominal,2.0NRT,285.49,1.65,N,VIIRS
48.90218,38.73602,303.13,0.39,0.44,2026-08-16,22:59:00,N21,nominal,2.0NRT,285.78,1.4,N,VIIRS
47.97437,37.69324,307.33,0.42,0.45,2026-08-16,22:59:00,N21,nominal,2.0NRT,286.1,0.88,N,VIIRS
48.10507,36.03368,309.72,0.5,0.49,2026-08-16,22:59:00,N21,nominal,2.0NRT,285.95,2.2,N,VIIRS
48.01183,37.75188,300.22,0.42,0.45,2026-08-16,22:59:00,N21,nominal,2.0NRT,287.46,0.83,N,VIIRS
48.01229,37.74625,298.38,0.42,0.45,2026-08-16,22:59:00,N21,nominal,2.0NRT,287.04,0.83,N,VIIRS
48.05769,37.95316,308.54,0.41,0.45,2026-08-16,22:59:00,N21,nominal,2.0NRT,288.92,1.21,N,VIIRS
49.62564,28.04928,314.81,0.6,0.71,2026-08-16,22:59:00,N21,nominal,2.0NRT,285.37,2.8,N,VIIRS
49.62471,28.04672,302.27,0.6,0.71,2026-08-16,22:59:00,N21,nominal,2.0NRT,284.98,1.26,N,VIIRS
49.63125,28.04655,307.93,0.6,0.71,2026-08-16,22:59:00,N21,nominal,2.0NRT,285.23,1.87,N,VIIRS
49.43985,38.16704,300.35,0.42,0.45,2026-08-16,22:59:00,N21,nominal,2.0NRT,283.67,0.83,N,VIIRS
49.7028,37.03137,301.09,0.47,0.48,2026-08-16,22:59:00,N21,nominal,2.0NRT,284.2,0.82,N,VIIRS
49.83067,37.9225,295.26,0.43,0.46,2026-08-16,22:59:00,N21,nominal,2.0NRT,284.79,0.71,N,VIIRS
50.01691,36.65576,301.47,0.49,0.49,2026-08-16,22:59:00,N21,nominal,2.0NRT,288.05,1.04,N,VIIRS
50.02138,36.65657,323.21,0.49,0.49,2026-08-16,22:59:00,N21,nominal,2.0NRT,290.99,4.75,N,VIIRS
50.04602,37.07106,300.4,0.47,0.48,2026-08-16,22:59:00,N21,nominal,2.0NRT,285.11,1.11,N,VIIRS
50.04993,37.07842,298.77,0.47,0.48,2026-08-16,22:59:00,N21,nominal,2.0NRT,284.47,1.11,N,VIIRS
50.04563,37.07132,300.3,0.47,0.48,2026-08-16,22:59:00,N21,nominal,2.0NRT,285.38,1.33,N,VIIRS
50.04957,37.0787,296.02,0.47,0.48,2026-08-16,22:59:00,N21,nominal,2.0NRT,284.21,1.32,N,VIIRS
50.19165,37.07725,297.14,0.47,0.48,2026-08-16,22:59:00,N21,nominal,2.0NRT,283.96,0.48,N,VIIRS
50.17846,37.50459,300.83,0.45,0.47,2026-08-16,22:59:00,N21,nominal,2.0NRT,286.12,1,N,VIIRS
51.02411,35.11187,311.79,0.59,0.53,2026-08-16,22:59:00,N21,nominal,2.0NRT,283.62,2.45,N,VIIRS
51.0271,35.11108,316.47,0.59,0.53,2026-08-16,22:59:00,N21,nominal,2.0NRT,283.68,2.96,N,VIIRS
51.16978,31.53165,295.39,0.43,0.62,2026-08-16,22:59:00,N21,nominal,2.0NRT,284.41,0.25,N,VIIRS
51.34484,30.28703,347.39,0.49,0.65,2026-08-16,22:59:00,N21,nominal,2.0NRT,291.79,10.79,N,VIIRS
51.3468,30.29005,316.26,0.49,0.65,2026-08-16,22:59:00,N21,nominal,2.0NRT,289.41,2.57,N,VIIRS
51.34684,30.28298,303.56,0.49,0.65,2026-08-16,22:59:00,N21,nominal,2.0NRT,289.42,2.57,N,VIIRS
51.35292,30.26903,300.93,0.49,0.65,2026-08-16,22:59:00,N21,nominal,2.0NRT,290.11,1.82,N,VIIRS
51.39507,30.25556,302.81,0.49,0.65,2026-08-16,22:59:00,N21,nominal,2.0NRT,289.79,1.82,N,VIIRS
51.39512,30.24846,305.27,0.49,0.65,2026-08-16,22:59:00,N21,nominal,2.0NRT,290.35,2.62,N,VIIRS
51.40107,30.25573,309.24,0.49,0.65,2026-08-16,22:59:00,N21,nominal,2.0NRT,290.02,1.82,N,VIIRS
51.40113,30.24856,311.45,0.49,0.65,2026-08-16,22:59:00,N21,nominal,2.0NRT,290.5,2.62,N,VIIRS
51.40714,30.24867,303.84,0.49,0.65,2026-08-16,22:59:00,N21,nominal,2.0NRT,288.46,1.33,N,VIIRS
47.56684,37.65859,303.16,0.42,0.45,2026-08-16,22:59:00,N21,nominal,2.0NRT,282.44,1.35,N,VIIRS
48.9062,38.73682,309.13,0.39,0.44,2026-08-16,22:59:00,N21,nominal,2.0NRT,285.38,1.12,N,VIIRS
48.90668,38.73146,309.06,0.39,0.44,2026-08-16,22:59:00,N21,nominal,2.0NRT,284.96,1.12,N,VIIRS
48.9946,37.69648,298.49,0.43,0.46,2026-08-16,22:59:00,N21,nominal,2.0NRT,284.8,0.64,N,VIIRS
48.9902,37.8037,297.98,0.43,0.46,2026-08-16,22:59:00,N21,nominal,2.0NRT,284.59,0.73,N,VIIRS
48.95238,38.72429,341.61,0.39,0.44,2026-08-16,22:59:00,N21,nominal,2.0NRT,287.07,6.56,N,VIIRS
48.95295,38.72551,337.7,0.39,0.44,2026-08-16,22:59:00,N21,nominal,2.0NRT,290.3,10.03,N,VIIRS
48.95342,38.72008,334.05,0.39,0.44,2026-08-16,22:59:00,N21,nominal,2.0NRT,285.96,6.63,N,VIIRS
48.95744,38.72097,308.37,0.39,0.44,2026-08-16,22:59:00,N21,nominal,2.0NRT,286,3.21,N,VIIRS
48.95697,38.72639,336.97,0.39,0.44,2026-08-16,22:59:00,N21,nominal,2.0NRT,288.5,6.27,N,VIIRS
48.89864,38.72987,319.73,0.39,0.44,2026-08-16,22:59:00,N21,nominal,2.0NRT,286.18,1.4,N,VIIRS
48.89816,38.73522,311.59,0.39,0.44,2026-08-16,22:59:00,N21,nominal,2.0NRT,286.64,1.4,N,VIIRS
48.05968,37.95524,306.46,0.41,0.45,2026-08-16,22:59:00,N21,nominal,2.0NRT,289.33,1.15,N,VIIRS
48.10004,37.92363,301.52,0.41,0.45,2026-08-16,22:59:00,N21,nominal,2.0NRT,288.86,1.37,N,VIIRS
48.43145,32.32412,297.13,0.38,0.59,2026-08-16,22:59:00,N21,nominal,2.0NRT,286.27,0.49,N,VIIRS
48.29838,36.76264,297.12,0.47,0.48,2026-08-16,22:59:00,N21,nominal,2.0NRT,285.96,1.02,N,VIIRS
48.30276,36.76328,299.12,0.47,0.48,2026-08-16,22:59:00,N21,nominal,2.0NRT,284.51,0.82,N,VIIRS
48.31583,36.58383,297.55,0.48,0.48,2026-08-16,22:59:00,N21,nominal,2.0NRT,283.71,0.89,N,VIIRS
48.84175,37.73946,295.13,0.43,0.46,2026-08-16,22:59:00,N21,nominal,2.0NRT,283.97,0.21,N,VIIRS
48.87519,36.94618,311.3,0.47,0.47,2026-08-16,22:59:00,N21,nominal,2.0NRT,286.82,2.47,N,VIIRS
48.8748,36.94458,300.77,0.47,0.47,2026-08-16,22:59:00,N21,nominal,2.0NRT,285.63,1.61,N,VIIRS
48.73734,37.11908,298.46,0.46,0.47,2026-08-16,22:59:00,N21,nominal,2.0NRT,285.94,1.1,N,VIIRS
48.79708,36.10564,297.77,0.51,0.49,2026-08-16,22:59:00,N21,nominal,2.0NRT,283.6,0.6,N,VIIRS
47.84927,32.85574,299.31,0.35,0.57,2026-08-16,23:01:00,N21,nominal,2.0NRT,284.96,0.6,N,VIIRS
47.8493,32.85616,300.64,0.35,0.57,2026-08-16,23:01:00,N21,nominal,2.0NRT,284.84,0.55,N,VIIRS
47.70506,35.16413,310.5,0.55,0.51,2026-08-16,23:01:00,N21,nominal,2.0NRT,285.87,2.97,N,VIIRS
47.48528,37.60716,310.86,0.42,0.45,2026-08-16,23:01:00,N21,nominal,2.0NRT,287.54,1.98,N,VIIRS
47.48112,37.60635,313.96,0.42,0.45,2026-08-16,23:01:00,N21,nominal,2.0NRT,287.71,1.98,N,VIIRS
47.48067,37.61179,314.24,0.42,0.45,2026-08-16,23:01:00,N21,nominal,2.0NRT,287.07,2.08,N,VIIRS
47.66599,34.78358,299.15,0.57,0.52,2026-08-16,23:01:00,N21,nominal,2.0NRT,284.8,1.55,N,VIIRS
47.43773,37.672,304.54,0.42,0.45,2026-08-16,23:01:00,N21,nominal,2.0NRT,287.11,6.08,N,VIIRS
47.4345,37.66002,339.82,0.42,0.45,2026-08-16,23:01:00,N21,nominal,2.0NRT,286.11,5.79,N,VIIRS
47.43358,37.67125,341.96,0.42,0.45,2026-08-16,23:01:00,N21,nominal,2.0NRT,292.17,6.08,N,VIIRS
47.43404,37.66565,307.72,0.42,0.45,2026-08-16,23:01:00,N21,nominal,2.0NRT,285.29,5.79,N,VIIRS
47.44097,37.66565,297.53,0.42,0.45,2026-08-16,23:01:00,N21,nominal,2.0NRT,285.83,2.13,N,VIIRS
47.43633,37.6705,336.56,0.42,0.45,2026-08-16,23:01:00,N21,nominal,2.0NRT,288.01,2.13,N,VIIRS
47.43316,37.65854,321.5,0.42,0.45,2026-08-16,23:01:00,N21,nominal,2.0NRT,285.47,3.33,N,VIIRS
47.43267,37.66415,337.33,0.42,0.45,2026-08-16,23:01:00,N21,nominal,2.0NRT,287.14,8.78,N,VIIRS
47.43219,37.66974,347.99,0.42,0.45,2026-08-16,23:01:00,N21,nominal,2.0NRT,291.4,8.78,N,VIIRS
47.35387,37.9915,296.6,0.4,0.44,2026-08-16,23:01:00,N21,nominal,2.0NRT,283.6,0.61,N,VIIRS
47.5448,35.20203,295.46,0.54,0.51,2026-08-16,23:01:00,N21,nominal,2.0NRT,285.14,0.86,N,VIIRS
47.38967,35.46253,309.76,0.53,0.5,2026-08-16,23:01:00,N21,nominal,2.0NRT,285.38,2.18,N,VIIRS
47.39072,35.46076,313.87,0.53,0.5,2026-08-16,23:01:00,N21,nominal,2.0NRT,285.79,1.45,N,VIIRS
47.37425,35.2155,301.48,0.54,0.51,2026-08-16,23:01:00,N21,nominal,2.0NRT,285.85,1.77,N,VIIRS
47.36959,35.21488,302.16,0.54,0.51,2026-08-16,23:01:00,N21,nominal,2.0NRT,285.51,1.35,N,VIIRS
47.26472,36.57788,329.53,0.47,0.47,2026-08-16,23:01:00,N21,nominal,2.0NRT,287.5,4.39,N,VIIRS
47.26519,36.57178,300.39,0.47,0.47,2026-08-16,23:01:00,N21,nominal,2.0NRT,285.69,1.37,N,VIIRS
47.39721,34.5266,305.36,0.58,0.52,2026-08-16,23:01:00,N21,nominal,2.0NRT,285.15,1.49,N,VIIRS
47.24774,36.56892,299.96,0.47,0.47,2026-08-16,23:01:00,N21,nominal,2.0NRT,286.08,1.52,N,VIIRS
47.27881,35.88563,311.25,0.5,0.49,2026-08-16,23:01:00,N21,nominal,2.0NRT,284.78,2.34,N,VIIRS
47.38984,33.51354,311.96,0.33,0.55,2026-08-16,23:01:00,N21,nominal,2.0NRT,286.35,1.18,N,VIIRS
47.39121,33.51637,304.35,0.33,0.55,2026-08-16,23:01:00,N21,nominal,2.0NRT,285.36,1.48,N,VIIRS
47.36996,33.43111,304.49,0.33,0.55,2026-08-16,23:01:00,N21,nominal,2.0NRT,285.83,0.77,N,VIIRS
47.20281,35.90836,304.43,0.5,0.49,2026-08-16,23:01:00,N21,nominal,2.0NRT,286.25,1.63,N,VIIRS
47.19831,35.90763,308.55,0.5,0.49,2026-08-16,23:01:00,N21,nominal,2.0NRT,285.68,2.23,N,VIIRS
47.19668,35.79956,296.58,0.51,0.49,2026-08-16,23:01:00,N21,nominal,2.0NRT,284.68,0.36,N,VIIRS
47.09147,35.85064,295.7,0.5,0.49,2026-08-16,23:01:00,N21,nominal,2.0NRT,284.93,0.58,N,VIIRS
46.98307,37.17063,322.72,0.43,0.46,2026-08-16,23:01:00,N21,nominal,2.0NRT,284.74,3.17,N,VIIRS
47.12137,34.88208,303.61,0.56,0.51,2026-08-16,23:01:00,N21,nominal,2.0NRT,283.69,2.3,N,VIIRS
47.18815,33.31277,295.26,0.33,0.55,2026-08-16,23:01:00,N21,nominal,2.0NRT,284.38,0.42,N,VIIRS
47.12032,34.88115,295.97,0.56,0.51,2026-08-16,23:01:00,N21,nominal,2.0NRT,283.33,1.17,N,VIIRS
47.11984,34.88852,298.42,0.56,0.51,2026-08-16,23:01:00,N21,nominal,2.0NRT,283.14,1.37,N,VIIRS
46.94368,37.13272,296.32,0.44,0.46,2026-08-16,23:01:00,N21,nominal,2.0NRT,283.87,0.79,N,VIIRS
47.19046,33.31353,297.67,0.33,0.55,2026-08-16,23:01:00,N21,nominal,2.0NRT,284.85,0.48,N,VIIRS
47.11279,34.37656,300.75,0.59,0.53,2026-08-16,23:01:00,N21,nominal,2.0NRT,285.13,1.04,N,VIIRS
46.99891,36.09951,297.4,0.49,0.48,2026-08-16,23:01:00,N21,nominal,2.0NRT,284.16,0.45,N,VIIRS
46.99067,36.15025,297.95,0.48,0.48,2026-08-16,23:01:00,N21,nominal,2.0NRT,285.85,0.9,N,VIIRS
46.96531,36.003,296.53,0.49,0.49,2026-08-16,23:01:00,N21,nominal,2.0NRT,283.44,0.68,N,VIIRS
46.86609,36.33312,296.72,0.47,0.48,2026-08-16,23:01:00,N21,nominal,2.0NRT,283.63,1.4,N,VIIRS
47.02322,33.52874,298.32,0.32,0.55,2026-08-16,23:01:00,N21,nominal,2.0NRT,285.01,0.42,N,VIIRS
46.85618,36.16648,313.68,0.48,0.48,2026-08-16,23:01:00,N21,nominal,2.0NRT,287.33,1.68,N,VIIRS
46.96382,33.60395,298.27,0.32,0.55,2026-08-16,23:01:00,N21,nominal,2.0NRT,286.65,0.8,N,VIIRS
46.96362,33.60816,302.82,0.32,0.55,2026-08-16,23:01:00,N21,nominal,2.0NRT,286.27,0.84,N,VIIRS
46.81867,35.93349,300.25,0.49,0.49,2026-08-16,23:01:00,N21,nominal,2.0NRT,285.86,0.79,N,VIIRS
46.82084,35.93349,296.56,0.49,0.49,2026-08-16,23:01:00,N21,nominal,2.0NRT,285.19,0.69,N,VIIRS
46.96422,33.60563,313.25,0.32,0.55,2026-08-16,23:01:00,N21,nominal,2.0NRT,287.24,0.86,N,VIIRS
46.79634,35.89687,296.69,0.5,0.49,2026-08-16,23:01:00,N21,nominal,2.0NRT,285.5,1.48,N,VIIRS
46.79185,35.89619,302.14,0.5,0.49,2026-08-16,23:01:00,N21,nominal,2.0NRT,285.58,2.82,N,VIIRS
46.92752,32.62627,295.69,0.36,0.57,2026-08-16,23:01:00,N21,nominal,2.0NRT,284.95,0.36,N,VIIRS
46.90506,32.91249,301.56,0.34,0.56,2026-08-16,23:01:00,N21,nominal,2.0NRT,285.34,0.92,N,VIIRS
46.90419,32.91307,299.58,0.34,0.56,2026-08-16,23:01:00,N21,nominal,2.0NRT,285.46,0.79,N,VIIRS
46.84826,33.51618,308.82,0.32,0.55,2026-08-16,23:01:00,N21,nominal,2.0NRT,285.9,0.95,N,VIIRS
46.79398,33.04721,309.81,0.34,0.56,2026-08-16,23:01:00,N21,nominal,2.0NRT,284.95,1.5,N,VIIRS
46.77046,33.22661,300.45,0.33,0.55,2026-08-16,23:01:00,N21,nominal,2.0NRT,288.36,0.97,N,VIIRS
46.79226,33.04438,303.22,0.34,0.56,2026-08-16,23:01:00,N21,nominal,2.0NRT,285.53,1.02,N,VIIRS
46.77293,33.22426,297.83,0.33,0.55,2026-08-16,23:01:00,N21,nominal,2.0NRT,286.84,1.24,N,VIIRS
51.74674,34.3006,297.86,0.32,0.55,2026-08-16,23:01:00,N21,nominal,2.0NRT,282.7,0.77,N,VIIRS
51.94642,33.78481,351.23,0.34,0.56,2026-08-16,23:01:00,N21,nominal,2.0NRT,288.31,7.29,N,VIIRS
52.00279,31.97725,296.58,0.41,0.61,2026-08-16,23:01:00,N21,nominal,2.0NRT,284.97,0.56,N,VIIRS
52.01962,31.97815,296.58,0.41,0.61,2026-08-16,23:01:00,N21,nominal,2.0NRT,285.76,1.71,N,VIIRS
52.02523,31.97835,327.6,0.41,0.61,2026-08-16,23:01:00,N21,nominal,2.0NRT,286.86,1.71,N,VIIRS
45.19845,34.41976,303.44,0.56,0.52,2026-08-16,23:01:00,N21,nominal,2.0NRT,284.69,1.41,N,VIIRS
45.49443,33.06579,337.82,0.33,0.55,2026-08-16,23:01:00,N21,nominal,2.0NRT,285.74,4.18,N,VIIRS
45.46518,34.16917,296.31,0.58,0.52,2026-08-16,23:01:00,N21,nominal,2.0NRT,280.61,2.96,N,VIIRS
45.46566,34.16171,321.09,0.58,0.52,2026-08-16,23:01:00,N21,nominal,2.0NRT,281.92,2.96,N,VIIRS
45.46466,34.16251,324.23,0.58,0.52,2026-08-16,23:01:00,N21,nominal,2.0NRT,282.09,2.16,N,VIIRS
45.46948,34.16306,299.27,0.58,0.52,2026-08-16,23:01:00,N21,nominal,2.0NRT,280.62,2.16,N,VIIRS
45.67719,28.99239,298.97,0.53,0.67,2026-08-16,23:01:00,N21,nominal,2.0NRT,284.31,1.84,N,VIIRS
45.67728,28.98556,308.36,0.53,0.67,2026-08-16,23:01:00,N21,nominal,2.0NRT,285.44,2.57,N,VIIRS
46.12834,29.51526,302.85,0.5,0.66,2026-08-16,23:01:00,N21,nominal,2.0NRT,285.14,1.02,N,VIIRS
46.16292,33.54017,298.7,0.63,0.54,2026-08-16,23:01:00,N21,nominal,2.0NRT,286.67,3.63,N,VIIRS
46.21698,33.9993,307.12,0.6,0.53,2026-08-16,23:01:00,N21,nominal,2.0NRT,284.77,2.14,N,VIIRS
46.22188,33.99986,303.1,0.6,0.53,2026-08-16,23:01:00,N21,nominal,2.0NRT,285.99,2.14,N,VIIRS
46.21908,34.00076,317.49,0.6,0.53,2026-08-16,23:01:00,N21,nominal,2.0NRT,285.72,3.24,N,VIIRS
46.21951,33.99294,298.55,0.6,0.53,2026-08-16,23:01:00,N21,nominal,2.0NRT,285.49,1.7,N,VIIRS
46.23551,33.97116,311.34,0.6,0.53,2026-08-16,23:01:00,N21,nominal,2.0NRT,286.24,6.98,N,VIIRS
46.23508,33.97896,343.2,0.6,0.53,2026-08-16,23:01:00,N21,nominal,2.0NRT,288.59,6.98,N,VIIRS
46.24085,33.96384,298.47,0.61,0.53,2026-08-16,23:01:00,N21,nominal,2.0NRT,285.91,1.21,N,VIIRS
46.31854,32.34459,305.71,0.36,0.58,2026-08-16,23:01:00,N21,nominal,2.0NRT,285.57,1.47,N,VIIRS
46.31893,32.33506,311.35,0.36,0.58,2026-08-16,23:01:00,N21,nominal,2.0NRT,285.62,1.84,N,VIIRS
46.33037,32.04464,307.85,0.38,0.58,2026-08-16,23:01:00,N21,nominal,2.0NRT,286.66,1.56,N,VIIRS
46.32386,32.34504,315.07,0.36,0.58,2026-08-16,23:01:00,N21,nominal,2.0NRT,285.67,2.37,N,VIIRS
46.32425,32.33551,301.78,0.36,0.58,2026-08-16,23:01:00,N21,nominal,2.0NRT,285.25,2.18,N,VIIRS
46.32406,32.34028,327.09,0.36,0.58,2026-08-16,23:01:00,N21,nominal,2.0NRT,285.82,2.18,N,VIIRS
46.25602,33.95761,298.97,0.61,0.53,2026-08-16,23:01:00,N21,nominal,2.0NRT,286.33,2.26,N,VIIRS
46.26093,33.95816,318.51,0.61,0.53,2026-08-16,23:01:00,N21,nominal,2.0NRT,286.55,2.26,N,VIIRS
46.26629,33.95085,301.68,0.61,0.53,2026-08-16,23:01:00,N21,nominal,2.0NRT,285.42,0.95,N,VIIRS
46.27746,33.92816,306.45,0.61,0.53,2026-08-16,23:01:00,N21,nominal,2.0NRT,285.31,2.34,N,VIIRS
46.32195,33.08595,295.76,0.33,0.56,2026-08-16,23:01:00,N21,nominal,2.0NRT,285.46,0.63,N,VIIRS
46.2567,34.28524,334.74,0.58,0.52,2026-08-16,23:01:00,N21,nominal,2.0NRT,285.68,11.37,N,VIIRS
46.25715,34.2777,353.7,0.58,0.52,2026-08-16,23:01:00,N21,nominal,2.0NRT,291.78,8.75,N,VIIRS
46.26199,34.27822,307.36,0.58,0.52,2026-08-16,23:01:00,N21,nominal,2.0NRT,285.81,8.75,N,VIIRS
46.26244,34.27062,300.22,0.59,0.52,2026-08-16,23:01:00,N21,nominal,2.0NRT,284.72,8.75,N,VIIRS
46.28012,33.96832,295.63,0.61,0.53,2026-08-16,23:01:00,N21,nominal,2.0NRT,285.35,0.7,N,VIIRS
46.28504,33.96889,306.71,0.61,0.53,2026-08-16,23:01:00,N21,nominal,2.0NRT,285.26,2.19,N,VIIRS
46.2891,33.89758,302.97,0.61,0.53,2026-08-16,23:01:00,N21,nominal,2.0NRT,285.06,2.32,N,VIIRS
46.28949,33.97732,307.13,0.6,0.53,2026-08-16,23:01:00,N21,nominal,2.0NRT,285.5,2.43,N,VIIRS
46.28994,33.96946,308.85,0.61,0.53,2026-08-16,23:01:00,N21,nominal,2.0NRT,285.55,2.19,N,VIIRS
46.29485,33.97001,302.34,0.61,0.53,2026-08-16,23:01:00,N21,nominal,2.0NRT,284.31,1.59,N,VIIRS
46.29784,34.32838,306.25,0.58,0.52,2026-08-16,23:01:00,N21,nominal,2.0NRT,285.37,1.75,N,VIIRS
46.29694,34.32708,305.84,0.58,0.52,2026-08-16,23:01:00,N21,nominal,2.0NRT,284.95,2.18,N,VIIRS
46.40451,32.42486,303.67,0.36,0.57,2026-08-16,23:01:00,N21,nominal,2.0NRT,286.33,1,N,VIIRS
46.42046,32.67423,297.97,0.35,0.57,2026-08-16,23:01:00,N21,nominal,2.0NRT,283.68,0.95,N,VIIRS
46.42066,32.66963,309.03,0.35,0.57,2026-08-16,23:01:00,N21,nominal,2.0NRT,283.77,0.95,N,VIIRS
46.39564,33.79496,301.81,0.62,0.54,2026-08-16,23:01:00,N21,nominal,2.0NRT,283.8,1.41,N,VIIRS
46.40059,33.7955,347.44,0.62,0.54,2026-08-16,23:01:00,N21,nominal,2.0NRT,287.99,21.58,N,VIIRS
46.50571,32.52046,296.36,0.36,0.57,2026-08-16,23:01:00,N21,nominal,2.0NRT,286.03,0.66,N,VIIRS
46.50325,33.05503,303.45,0.34,0.56,2026-08-16,23:01:00,N21,nominal,2.0NRT,287.03,1.16,N,VIIRS
46.49119,33.41052,296.37,0.32,0.55,2026-08-16,23:01:00,N21,nominal,2.0NRT,285.75,1.4,N,VIIRS
46.50487,33.13018,299.85,0.33,0.56,2026-08-16,23:01:00,N21,nominal,2.0NRT,285.7,0.78,N,VIIRS
46.50508,33.12577,300.75,0.33,0.56,2026-08-16,23:01:00,N21,nominal,2.0NRT,286.78,0.78,N,VIIRS
46.49098,33.41476,325.12,0.32,0.55,2026-08-16,23:01:00,N21,nominal,2.0NRT,286.8,1.4,N,VIIRS
46.50979,33.13503,300.51,0.33,0.56,2026-08-16,23:01:00,N21,nominal,2.0NRT,285.98,0.99,N,VIIRS
46.51,33.13065,300.88,0.33,0.56,2026-08-16,23:01:00,N21,nominal,2.0NRT,285.51,0.84,N,VIIRS
46.53968,32.8292,322.78,0.35,0.56,2026-08-16,23:01:00,N21,nominal,2.0NRT,286.82,1.99,N,VIIRS
46.54488,32.82969,318.04,0.35,0.56,2026-08-16,23:01:00,N21,nominal,2.0NRT,285.69,1.37,N,VIIRS
46.49671,34.21925,296.7,0.59,0.53,2026-08-16,23:01:00,N21,nominal,2.0NRT,284.17,0.75,N,VIIRS
46.47522,35.47414,306.13,0.51,0.5,2026-08-16,23:01:00,N21,nominal,2.0NRT,286.48,3.1,N,VIIRS
46.47978,35.47479,315.76,0.51,0.5,2026-08-16,23:01:00,N21,nominal,2.0NRT,287.31,4.75,N,VIIRS
46.48024,35.46807,312.13,0.51,0.5,2026-08-16,23:01:00,N21,nominal,2.0NRT,284.97,2.94,N,VIIRS
46.4807,35.46133,329.02,0.52,0.5,2026-08-16,23:01:00,N21,nominal,2.0NRT,285.44,2.94,N,VIIRS
46.48481,35.46871,300.44,0.51,0.5,2026-08-16,23:01:00,N21,nominal,2.0NRT,284.64,2.94,N,VIIRS
46.48527,35.46198,307.25,0.52,0.5,2026-08-16,23:01:00,N21,nominal,2.0NRT,283.55,2.94,N,VIIRS
46.48938,35.46935,316.29,0.51,0.5,2026-08-16,23:01:00,N21,nominal,2.0NRT,285.12,2.99,N,VIIRS
46.62383,33.17274,334.53,0.33,0.56,2026-08-16,23:01:00,N21,nominal,2.0NRT,288.36,3.94,N,VIIRS
46.68127,32.72737,299.43,0.35,0.57,2026-08-16,23:01:00,N21,nominal,2.0NRT,288.15,1.41,N,VIIRS
46.68368,33.00517,299.74,0.34,0.56,2026-08-16,23:01:00,N21,nominal,2.0NRT,286.46,0.82,N,VIIRS
46.57261,34.9994,320.35,0.54,0.51,2026-08-16,23:01:00,N21,nominal,2.0NRT,284.21,3.19,N,VIIRS
46.57729,35,300.55,0.54,0.51,2026-08-16,23:01:00,N21,nominal,2.0NRT,284.03,1.05,N,VIIRS
46.57013,34.99857,302.04,0.54,0.51,2026-08-16,23:01:00,N21,nominal,2.0NRT,284.97,2.34,N,VIIRS
46.5748,34.99918,319.64,0.54,0.51,2026-08-16,23:01:00,N21,nominal,2.0NRT,284.15,2.34,N,VIIRS
46.68013,33.00227,304.29,0.34,0.56,2026-08-16,23:01:00,N21,nominal,2.0NRT,286.32,1.11,N,VIIRS
46.59664,34.95171,337.49,0.55,0.51,2026-08-16,23:01:00,N21,nominal,2.0NRT,285.78,6.89,N,VIIRS
