latitude,longitude,bright_ti4,scan,track,acq_date,acq_time,satellite,confidence,version,bright_ti5,frp,daynight,instrument
48.27292,36.199,296.17,0.76,0.77,2026-08-21,01:05:00,N21,nominal,2.0NRT,285.13,0.77,N,VIIRS
48.11482,36.22547,296.18,0.77,0.77,2026-08-21,01:05:00,N21,nominal,2.0NRT,284.61,2.07,N,VIIRS
48.11134,36.23447,295.94,0.77,0.78,2026-08-21,01:05:00,N21,nominal,2.0NRT,284.37,1.65,N,VIIRS
47.51006,33.82131,313.78,0.65,0.73,2026-08-21,01:05:00,N21,nominal,2.0NRT,286.73,4.76,N,VIIRS
48.15681,29.08418,298.95,0.39,0.59,2026-08-21,01:05:00,N21,nominal,2.0NRT,288.81,0.63,N,VIIRS
48.15513,29.08212,304.59,0.39,0.59,2026-08-21,01:05:00,N21,nominal,2.0NRT,288.76,0.73,N,VIIRS
47.92034,29.61366,310.68,0.42,0.61,2026-08-21,01:05:00,N21,nominal,2.0NRT,289.5,1.85,N,VIIRS
48.97705,24.70805,305.44,0.48,0.48,2026-08-21,01:05:00,N21,nominal,2.0NRT,289.53,1.54,N,VIIRS
48.97547,24.71434,301.13,0.48,0.48,2026-08-21,01:05:00,N21,nominal,2.0NRT,288.33,1.38,N,VIIRS
46.63316,32.5892,300.88,0.62,0.71,2026-08-21,01:05:00,N21,nominal,2.0NRT,288.69,1.04,N,VIIRS
46.36968,32.23845,308.45,0.61,0.71,2026-08-21,01:05:00,N21,nominal,2.0NRT,287.78,2.04,N,VIIRS
48.11597,36.22831,301.44,0.77,0.78,2026-08-21,01:05:00,N21,nominal,2.0NRT,284.65,2.53,N,VIIRS
48.51857,34.62585,300.52,0.64,0.72,2026-08-21,01:05:00,N21,nominal,2.0NRT,287.16,2.04,N,VIIRS
50.96391,26.7393,309.39,0.51,0.5,2026-08-21,01:05:00,N21,nominal,2.0NRT,285.81,2.02,N,VIIRS
49.06152,30.97642,300.01,0.44,0.62,2026-08-21,01:05:00,N21,nominal,2.0NRT,287.87,0.71,N,VIIRS
50.26968,26.06353,300.57,0.5,0.49,2026-08-21,01:05:00,N21,nominal,2.0NRT,288.12,0.73,N,VIIRS
47.52194,33.83057,308.02,0.65,0.73,2026-08-21,01:05:00,N21,nominal,2.0NRT,286.83,11.26,N,VIIRS
47.516,33.82595,354.25,0.65,0.73,2026-08-21,01:05:00,N21,nominal,2.0NRT,288.66,11.26,N,VIIRS
50.04563,31.15318,300.26,0.41,0.61,2026-08-21,01:05:00,N21,nominal,2.0NRT,288.61,0.4,N,VIIRS
51.49476,34.2191,323.92,0.48,0.65,2026-08-21,01:07:00,N21,nominal,2.0NRT,284.68,3.31,N,VIIRS
51.4952,34.22307,316.97,0.48,0.65,2026-08-21,01:07:00,N21,nominal,2.0NRT,284.83,2.51,N,VIIRS
51.48991,34.21859,295.6,0.48,0.65,2026-08-21,01:07:00,N21,nominal,2.0NRT,283.19,0.54,N,VIIRS
50.2397,36.05794,296.59,0.63,0.72,2026-08-21,01:07:00,N21,nominal,2.0NRT,285.52,0.77,N,VIIRS
50.24039,36.05671,296.09,0.63,0.72,2026-08-21,01:07:00,N21,nominal,2.0NRT,285.37,0.93,N,VIIRS
49.68667,37.2252,303.65,0.74,0.76,2026-08-21,01:07:00,N21,nominal,2.0NRT,285.79,3.19,N,VIIRS
49.79506,36.90421,305.38,0.71,0.75,2026-08-21,01:07:00,N21,nominal,2.0NRT,286.19,1.98,N,VIIRS
49.68894,37.22035,296.35,0.74,0.76,2026-08-21,01:07:00,N21,nominal,2.0NRT,285.74,1.53,N,VIIRS
49.68557,37.22912,300.39,0.74,0.76,2026-08-21,01:07:00,N21,nominal,2.0NRT,285.93,1.99,N,VIIRS
49.79282,36.90644,300.08,0.71,0.75,2026-08-21,01:07:00,N21,nominal,2.0NRT,286.31,1.35,N,VIIRS
49.7887,36.83282,299.89,0.7,0.75,2026-08-21,01:07:00,N21,nominal,2.0NRT,286,1.37,N,VIIRS
49.55818,37.30326,311.01,0.75,0.77,2026-08-21,01:07:00,N21,nominal,2.0NRT,285.91,3.3,N,VIIRS
49.55477,37.312,302.33,0.75,0.77,2026-08-21,01:07:00,N21,nominal,2.0NRT,285.8,3.3,N,VIIRS
49.85742,36.38048,296.25,0.67,0.74,2026-08-21,01:07:00,N21,nominal,2.0NRT,284.58,0.52,N,VIIRS
49.55687,37.30758,321.76,0.75,0.77,2026-08-21,01:07:00,N21,nominal,2.0NRT,285.94,6.06,N,VIIRS
49.85589,36.37213,297.71,0.67,0.74,2026-08-21,01:07:00,N21,nominal,2.0NRT,284.74,1.31,N,VIIRS
49.0019,36.8599,298.09,0.76,0.77,2026-08-21,01:07:00,N21,nominal,2.0NRT,285.35,2.02,N,VIIRS
48.99846,36.86877,296.74,0.76,0.77,2026-08-21,01:07:00,N21,nominal,2.0NRT,285.24,1.99,N,VIIRS
49.00155,36.86354,308.29,0.76,0.77,2026-08-21,01:07:00,N21,nominal,2.0NRT,285.69,3.06,N,VIIRS
51.41159,28.74708,355.42,0.6,0.53,2026-08-21,01:07:00,N21,nominal,2.0NRT,288.24,30.54,N,VIIRS
51.40936,28.75491,312.66,0.6,0.53,2026-08-21,01:07:00,N21,nominal,2.0NRT,275.16,5.93,N,VIIRS
51.41109,28.75128,343.16,0.6,0.53,2026-08-21,01:07:00,N21,nominal,2.0NRT,286.33,25.71,N,VIIRS
51.40663,28.74806,323.62,0.6,0.53,2026-08-21,01:07:00,N21,nominal,2.0NRT,284.57,4.54,N,VIIRS
51.40884,28.74015,302.35,0.6,0.53,2026-08-21,01:07:00,N21,nominal,2.0NRT,285.26,2.05,N,VIIRS
51.40439,28.73689,301.1,0.6,0.53,2026-08-21,01:07:00,N21,nominal,2.0NRT,285.39,2.05,N,VIIRS
51.11086,29.76437,303.92,0.33,0.56,2026-08-21,01:07:00,N21,nominal,2.0NRT,283.52,1.23,N,VIIRS
45.49981,29.54353,305.49,0.5,0.66,2026-08-21,01:07:00,N21,nominal,2.0NRT,288.95,1.02,N,VIIRS
51.20396,29.15518,306.48,0.63,0.54,2026-08-21,01:07:00,N21,nominal,2.0NRT,284.01,5.37,N,VIIRS
51.19943,29.15177,333.7,0.63,0.54,2026-08-21,01:07:00,N21,nominal,2.0NRT,287.17,5.37,N,VIIRS
51.19708,29.15989,310.81,0.63,0.54,2026-08-21,01:07:00,N21,nominal,2.0NRT,284.08,6.13,N,VIIRS
51.19489,29.1484,305.9,0.63,0.54,2026-08-21,01:07:00,N21,nominal,2.0NRT,284.86,2.6,N,VIIRS
51.20235,29.1551,333.54,0.63,0.54,2026-08-21,01:07:00,N21,nominal,2.0NRT,285.85,9.95,N,VIIRS
51.19783,29.15168,321.16,0.63,0.54,2026-08-21,01:07:00,N21,nominal,2.0NRT,286.01,3.83,N,VIIRS
51.19329,29.1483,298.57,0.63,0.54,2026-08-21,01:07:00,N21,nominal,2.0NRT,283.92,3.83,N,VIIRS
50.21273,31.35577,334.09,0.42,0.61,2026-08-21,01:07:00,N21,nominal,2.0NRT,299.01,4.35,N,VIIRS
50.2144,31.35052,311.55,0.41,0.61,2026-08-21,01:07:00,N21,nominal,2.0NRT,291.71,4.63,N,VIIRS
50.21107,31.36102,302.85,0.42,0.61,2026-08-21,01:07:00,N21,nominal,2.0NRT,290.49,4.35,N,VIIRS
50.20604,31.35706,303.81,0.42,0.61,2026-08-21,01:07:00,N21,nominal,2.0NRT,289.46,2.28,N,VIIRS
50.20438,31.36232,304.51,0.42,0.61,2026-08-21,01:07:00,N21,nominal,2.0NRT,289.09,1.64,N,VIIRS
50.32468,30.86216,306.98,0.39,0.6,2026-08-21,01:07:00,N21,nominal,2.0NRT,288.76,1.53,N,VIIRS
50.32199,30.86366,311.67,0.39,0.6,2026-08-21,01:07:00,N21,nominal,2.0NRT,289.34,1.72,N,VIIRS
45.02522,34.6938,336.27,0.76,0.77,2026-08-21,09:11:00,N21,nominal,2.0NRT,300.44,6.18,D,VIIRS
45.02428,34.69222,341.13,0.75,0.77,2026-08-21,09:11:00,N21,nominal,2.0NRT,300.55,7.96,D,VIIRS
47.17646,37.92539,331.95,0.46,0.64,2026-08-21,09:11:00,N21,nominal,2.0NRT,300.72,12.3,D,VIIRS
47.17472,37.91982,350.21,0.46,0.64,2026-08-21,09:11:00,N21,nominal,2.0NRT,302.07,10.33,D,VIIRS
47.18182,37.92187,367,0.46,0.64,2026-08-21,09:11:00,N21,high,2.0NRT,303.06,12.3,D,VIIRS
47.18012,37.91644,341.96,0.46,0.64,2026-08-21,09:11:00,N21,nominal,2.0NRT,300.33,10.33,D,VIIRS
47.17622,37.92188,367,0.46,0.64,2026-08-21,09:11:00,N21,high,2.0NRT,304.1,14.29,D,VIIRS
47.18161,37.91848,367,0.46,0.64,2026-08-21,09:11:00,N21,high,2.0NRT,301.88,14.29,D,VIIRS
46.96738,36.68773,367,0.53,0.67,2026-08-21,09:11:00,N21,high,2.0NRT,300.15,13.04,D,VIIRS
46.78373,36.01015,331.58,0.57,0.69,2026-08-21,09:11:00,N21,low,2.0NRT,303.73,4.86,D,VIIRS
46.79179,36.01295,334.63,0.57,0.69,2026-08-21,09:11:00,N21,nominal,2.0NRT,303.24,5.51,D,VIIRS
46.81591,36.02125,333.95,0.57,0.69,2026-08-21,09:11:00,N21,nominal,2.0NRT,302.03,4.27,D,VIIRS
46.78156,36.01299,330.39,0.57,0.69,2026-08-21,09:11:00,N21,low,2.0NRT,302.36,11.44,D,VIIRS
46.81394,36.02422,338.39,0.57,0.69,2026-08-21,09:11:00,N21,nominal,2.0NRT,302.51,3.89,D,VIIRS
46.84399,35.98678,331.83,0.57,0.69,2026-08-21,09:11:00,N21,low,2.0NRT,303.36,4.68,D,VIIRS
46.31297,34.4646,333.6,0.69,0.75,2026-08-21,09:11:00,N21,nominal,2.0NRT,300.54,5.78,D,VIIRS
46.5383,35.01423,367,0.65,0.73,2026-08-21,09:11:00,N21,high,2.0NRT,305.8,35.43,D,VIIRS
46.54433,35.01006,367,0.65,0.73,2026-08-21,09:11:00,N21,high,2.0NRT,301.53,35.43,D,VIIRS
46.83125,35.84369,350.7,0.58,0.7,2026-08-21,09:11:00,N21,nominal,2.0NRT,303.61,16.12,D,VIIRS
46.82891,35.83678,340.02,0.58,0.7,2026-08-21,09:11:00,N21,nominal,2.0NRT,301.94,13.08,D,VIIRS
46.83939,35.84657,332.14,0.58,0.7,2026-08-21,09:11:00,N21,nominal,2.0NRT,301.92,9.29,D,VIIRS
46.83708,35.83976,351.32,0.58,0.7,2026-08-21,09:11:00,N21,nominal,2.0NRT,304.5,9.29,D,VIIRS
46.83475,35.83287,344.36,0.58,0.7,2026-08-21,09:11:00,N21,nominal,2.0NRT,301.72,17.24,D,VIIRS
46.8429,35.83577,339.96,0.58,0.7,2026-08-21,09:11:00,N21,nominal,2.0NRT,302.82,9.29,D,VIIRS
46.58475,35.01863,343.33,0.64,0.72,2026-08-21,09:11:00,N21,nominal,2.0NRT,302.83,9.31,D,VIIRS
46.53652,35.01212,367,0.65,0.73,2026-08-21,09:11:00,N21,high,2.0NRT,302.63,31.86,D,VIIRS
46.82745,35.84242,333.73,0.58,0.7,2026-08-21,09:11:00,N21,nominal,2.0NRT,302.02,17.67,D,VIIRS
46.5392,35.01967,350.21,0.65,0.73,2026-08-21,09:11:00,N21,nominal,2.0NRT,303.63,42.78,D,VIIRS
46.83327,35.83847,367,0.58,0.7,2026-08-21,09:11:00,N21,high,2.0NRT,306.47,17.67,D,VIIRS
46.54256,35.00798,367,0.65,0.73,2026-08-21,09:11:00,N21,high,2.0NRT,303.13,31.86,D,VIIRS
46.83913,35.83458,367,0.58,0.7,2026-08-21,09:11:00,N21,high,2.0NRT,304.23,13.38,D,VIIRS
46.84147,35.8414,336.15,0.58,0.7,2026-08-21,09:11:00,N21,nominal,2.0NRT,301.51,9.69,D,VIIRS
46.94652,36.12775,330.42,0.56,0.69,2026-08-21,09:11:00,N21,low,2.0NRT,301.51,5.1,D,VIIRS
46.58319,35.01663,331.21,0.64,0.72,2026-08-21,09:11:00,N21,low,2.0NRT,302.86,5.52,D,VIIRS
47.43162,37.49469,367,0.47,0.64,2026-08-21,09:11:00,N21,high,2.0NRT,307.69,35.84,D,VIIRS
47.4334,37.50026,330.07,0.47,0.64,2026-08-21,09:11:00,N21,nominal,2.0NRT,301.48,18.83,D,VIIRS
46.99994,36.18134,334.08,0.56,0.68,2026-08-21,09:11:00,N21,nominal,2.0NRT,300.84,6.88,D,VIIRS
46.63676,35.06245,338.78,0.64,0.72,2026-08-21,09:11:00,N21,nominal,2.0NRT,305.15,5.84,D,VIIRS
46.95763,35.97238,334.83,0.57,0.69,2026-08-21,09:11:00,N21,nominal,2.0NRT,301.36,4.38,D,VIIRS
46.95431,35.94156,367,0.57,0.69,2026-08-21,09:11:00,N21,high,2.0NRT,302.78,12.16,D,VIIRS
47.37717,37.20187,344.41,0.49,0.65,2026-08-21,09:11:00,N21,nominal,2.0NRT,301.33,6.58,D,VIIRS
47.47664,37.49238,367,0.47,0.64,2026-08-21,09:11:00,N21,high,2.0NRT,305.07,14.4,D,VIIRS
47.47477,37.48651,332.49,0.47,0.64,2026-08-21,09:11:00,N21,nominal,2.0NRT,300.85,14.4,D,VIIRS
46.67185,35.05611,333.42,0.64,0.72,2026-08-21,09:11:00,N21,low,2.0NRT,304.69,8.13,D,VIIRS
48.179,39.74836,341.24,0.36,0.57,2026-08-21,09:11:00,N21,nominal,2.0NRT,302.4,23.85,D,VIIRS
48.17777,39.74412,345.81,0.36,0.57,2026-08-21,09:11:00,N21,nominal,2.0NRT,302.88,19.92,D,VIIRS
47.73699,38.26459,337.2,0.43,0.62,2026-08-21,09:11:00,N21,nominal,2.0NRT,302.68,4.26,D,VIIRS
48.1839,39.74542,367,0.36,0.57,2026-08-21,09:11:00,N21,high,2.0NRT,310.72,23.85,D,VIIRS
48.18264,39.74107,348.39,0.36,0.57,2026-08-21,09:11:00,N21,nominal,2.0NRT,312.76,19.92,D,VIIRS
48.18139,39.73672,340.34,0.36,0.57,2026-08-21,09:11:00,N21,nominal,2.0NRT,301.57,19.92,D,VIIRS
46.98634,35.91002,330.32,0.57,0.69,2026-08-21,09:11:00,N21,low,2.0NRT,301.74,7.3,D,VIIRS
46.99207,35.90591,332.25,0.57,0.69,2026-08-21,09:11:00,N21,nominal,2.0NRT,301.55,5.1,D,VIIRS
46.86053,35.51758,330.99,0.6,0.71,2026-08-21,09:11:00,N21,low,2.0NRT,303.72,1.96,D,VIIRS
46.99204,35.86348,367,0.57,0.69,2026-08-21,09:11:00,N21,high,2.0NRT,302.82,8.87,D,VIIRS
46.67075,35.05478,330.17,0.64,0.72,2026-08-21,09:11:00,N21,low,2.0NRT,304.95,4.63,D,VIIRS
46.67675,35.05059,331.76,0.64,0.72,2026-08-21,09:11:00,N21,low,2.0NRT,303.88,4.63,D,VIIRS
46.99151,35.91228,345.16,0.57,0.69,2026-08-21,09:11:00,N21,nominal,2.0NRT,303.39,7.7,D,VIIRS
46.85582,35.51873,330.66,0.6,0.71,2026-08-21,09:11:00,N21,low,2.0NRT,305.15,2.67,D,VIIRS
46.989,35.86321,367,0.57,0.69,2026-08-21,09:11:00,N21,high,2.0NRT,303.02,14.05,D,VIIRS
47.5223,37.45157,332.61,0.47,0.64,2026-08-21,09:11:00,N21,low,2.0NRT,303.76,4,D,VIIRS
47.27159,36.45401,343.74,0.53,0.67,2026-08-21,09:11:00,N21,nominal,2.0NRT,302.01,19.31,D,VIIRS
47.2695,36.4477,353.97,0.53,0.67,2026-08-21,09:11:00,N21,nominal,2.0NRT,300.87,19.31,D,VIIRS
47.27715,36.45,367,0.53,0.67,2026-08-21,09:11:00,N21,high,2.0NRT,301.58,31.6,D,VIIRS
47.27506,36.44366,340.18,0.53,0.67,2026-08-21,09:11:00,N21,nominal,2.0NRT,301.01,31.6,D,VIIRS
47.15742,36.06807,334.53,0.56,0.68,2026-08-21,09:11:00,N21,nominal,2.0NRT,302.21,6.75,D,VIIRS
47.49738,37.06542,331.21,0.49,0.65,2026-08-21,09:11:00,N21,low,2.0NRT,302.16,4.71,D,VIIRS
47.27239,36.45306,367,0.53,0.67,2026-08-21,09:11:00,N21,high,2.0NRT,303.79,33.18,D,VIIRS
47.27028,36.44679,341.25,0.53,0.67,2026-08-21,09:11:00,N21,nominal,2.0NRT,302.55,35.28,D,VIIRS
47.27795,36.44906,367,0.53,0.67,2026-08-21,09:11:00,N21,high,2.0NRT,299.39,33.18,D,VIIRS
47.27584,36.44276,353.35,0.53,0.67,2026-08-21,09:11:00,N21,nominal,2.0NRT,299.11,35.28,D,VIIRS
47.1565,36.06869,334.02,0.55,0.68,2026-08-21,09:11:00,N21,nominal,2.0NRT,302.04,6.03,D,VIIRS
47.52871,37.08574,330.79,0.49,0.65,2026-08-21,09:11:00,N21,low,2.0NRT,305.03,9.15,D,VIIRS
47.52683,37.07994,350.4,0.49,0.65,2026-08-21,09:11:00,N21,nominal,2.0NRT,304.01,9.15,D,VIIRS
47.53413,37.08194,337.32,0.49,0.65,2026-08-21,09:11:00,N21,nominal,2.0NRT,304.13,7.61,D,VIIRS
47.53224,37.07613,351.68,0.49,0.65,2026-08-21,09:11:00,N21,nominal,2.0NRT,302.89,7.61,D,VIIRS
47.21274,36.11021,335.96,0.55,0.68,2026-08-21,09:11:00,N21,nominal,2.0NRT,301.53,8.5,D,VIIRS
47.51118,36.99076,367,0.49,0.65,2026-08-21,09:11:00,N21,high,2.0NRT,302.61,14.22,D,VIIRS
47.06295,35.60666,353.88,0.58,0.7,2026-08-21,09:11:00,N21,nominal,2.0NRT,303.39,14.47,D,VIIRS
47.6943,37.47855,347.98,0.46,0.64,2026-08-21,09:11:00,N21,nominal,2.0NRT,303.36,32.66,D,VIIRS
47.69254,37.473,349.9,0.46,0.64,2026-08-21,09:11:00,N21,nominal,2.0NRT,311.13,32.66,D,VIIRS
47.70137,37.48039,367,0.46,0.64,2026-08-21,09:11:00,N21,high,2.0NRT,301.9,40.93,D,VIIRS
47.6996,37.4748,347.02,0.46,0.64,2026-08-21,09:11:00,N21,nominal,2.0NRT,311.14,32.49,D,VIIRS
47.69783,37.46923,339.43,0.46,0.64,2026-08-21,09:11:00,N21,nominal,2.0NRT,299.01,32.49,D,VIIRS
47.30731,36.24673,367,0.54,0.68,2026-08-21,09:11:00,N21,high,2.0NRT,303.3,15.63,D,VIIRS
47.30516,36.24028,346.27,0.54,0.68,2026-08-21,09:11:00,N21,nominal,2.0NRT,302.56,15.63,D,VIIRS
47.77659,37.65742,331.48,0.45,0.63,2026-08-21,09:11:00,N21,nominal,2.0NRT,301.26,5.02,D,VIIRS
47.80261,37.67907,367,0.45,0.63,2026-08-21,09:11:00,N21,high,2.0NRT,310.65,68.76,D,VIIRS
47.75274,37.47886,367,0.46,0.64,2026-08-21,09:11:00,N21,high,2.0NRT,305.09,12.35,D,VIIRS
47.75804,37.47513,336.19,0.46,0.64,2026-08-21,09:11:00,N21,nominal,2.0NRT,299.44,12.35,D,VIIRS
47.7979,37.67853,354.32,0.45,0.63,2026-08-21,09:11:00,N21,nominal,2.0NRT,302.8,9.07,D,VIIRS
47.80492,37.68041,367,0.45,0.63,2026-08-21,09:11:00,N21,high,2.0NRT,299.15,45,D,VIIRS
47.80321,37.67505,342.01,0.45,0.63,2026-08-21,09:11:00,N21,nominal,2.0NRT,313.69,75.53,D,VIIRS
47.75417,37.48104,367,0.46,0.64,2026-08-21,09:11:00,N21,high,2.0NRT,303.77,14.19,D,VIIRS
47.75239,37.47547,367,0.46,0.64,2026-08-21,09:11:00,N21,high,2.0NRT,301.96,14.19,D,VIIRS
47.60689,36.96395,344.44,0.49,0.65,2026-08-21,09:11:00,N21,nominal,2.0NRT,305.37,8.71,D,VIIRS
47.70831,37.2364,342.42,0.47,0.64,2026-08-21,09:11:00,N21,nominal,2.0NRT,301.91,9.19,D,VIIRS
47.70457,37.22476,331.28,0.48,0.64,2026-08-21,09:11:00,N21,nominal,2.0NRT,299.87,3.78,D,VIIRS
47.61204,36.93875,350.98,0.49,0.65,2026-08-21,09:11:00,N21,nominal,2.0NRT,305.37,40.39,D,VIIRS
47.27798,35.84876,367,0.56,0.69,2026-08-21,09:11:00,N21,high,2.0NRT,308.53,25.91,D,VIIRS
47.72797,37.21579,331.98,0.47,0.64,2026-08-21,09:11:00,N21,nominal,2.0NRT,299.67,3.79,D,VIIRS
47.28257,35.86232,339.38,0.56,0.69,2026-08-21,09:11:00,N21,nominal,2.0NRT,304.39,11.77,D,VIIRS
47.28027,35.85554,332.93,0.56,0.69,2026-08-21,09:11:00,N21,nominal,2.0NRT,305.93,11.77,D,VIIRS
47.2757,35.84201,342.96,0.56,0.69,2026-08-21,09:11:00,N21,nominal,2.0NRT,302.18,25.91,D,VIIRS
47.73334,37.21207,348,0.47,0.64,2026-08-21,09:11:00,N21,nominal,2.0NRT,303.82,13.43,D,VIIRS
47.29057,35.8651,337.12,0.56,0.69,2026-08-21,09:11:00,N21,nominal,2.0NRT,303.24,10.17,D,VIIRS
47.2883,35.85836,342.74,0.56,0.69,2026-08-21,09:11:00,N21,nominal,2.0NRT,304.1,26.67,D,VIIRS
47.28374,35.84485,355.04,0.56,0.69,2026-08-21,09:11:00,N21,nominal,2.0NRT,305.04,27.53,D,VIIRS
47.74054,37.21405,367,0.47,0.64,2026-08-21,09:11:00,N21,high,2.0NRT,307.02,13.43,D,VIIRS
47.73871,37.20834,342.99,0.47,0.64,2026-08-21,09:11:00,N21,nominal,2.0NRT,301.46,13.43,D,VIIRS
47.58666,36.73723,335.86,0.5,0.66,2026-08-21,09:11:00,N21,nominal,2.0NRT,301.3,8.68,D,VIIRS
47.29633,35.86121,336.34,0.56,0.69,2026-08-21,09:11:00,N21,nominal,2.0NRT,301.26,10.17,D,VIIRS
47.74768,37.21587,367,0.47,0.64,2026-08-21,09:11:00,N21,high,2.0NRT,303.57,25.6,D,VIIRS
47.74588,37.21023,350.99,0.47,0.64,2026-08-21,09:11:00,N21,nominal,2.0NRT,305.59,31.7,D,VIIRS
48.33866,39.03941,367,0.38,0.59,2026-08-21,09:11:00,N21,high,2.0NRT,304.31,14.28,D,VIIRS
48.33752,39.04058,367,0.38,0.59,2026-08-21,09:11:00,N21,high,2.0NRT,304.45,12.95,D,VIIRS
46.42881,33.38795,333.33,0.76,0.77,2026-08-21,09:11:00,N21,nominal,2.0NRT,301.4,8.38,D,VIIRS
47.45701,36.23531,339.33,0.53,0.67,2026-08-21,09:11:00,N21,nominal,2.0NRT,303.63,5.39,D,VIIRS
47.76104,37.05415,367,0.48,0.65,2026-08-21,09:11:00,N21,high,2.0NRT,306.46,25.11,D,VIIRS
47.75916,37.04832,350.01,0.48,0.65,2026-08-21,09:11:00,N21,nominal,2.0NRT,302.71,12.49,D,VIIRS
47.76268,37.03879,336.95,0.48,0.65,2026-08-21,09:11:00,N21,nominal,2.0NRT,305.82,12.49,D,VIIRS
47.65229,36.6793,367,0.5,0.66,2026-08-21,09:11:00,N21,high,2.0NRT,302.17,10.99,D,VIIRS
47.4424,36.04694,333.2,0.54,0.68,2026-08-21,09:11:00,N21,nominal,2.0NRT,302.44,3.64,D,VIIRS
47.92234,37.49656,367,0.46,0.63,2026-08-21,09:11:00,N21,high,2.0NRT,307.23,14.18,D,VIIRS
47.8097,37.0206,367,0.48,0.65,2026-08-21,09:11:00,N21,high,2.0NRT,307.81,15.45,D,VIIRS
47.81161,37.02653,341.28,0.48,0.65,2026-08-21,09:11:00,N21,nominal,2.0NRT,301.39,15.45,D,VIIRS
47.80778,37.01461,338.47,0.48,0.65,2026-08-21,09:11:00,N21,nominal,2.0NRT,306.02,52.42,D,VIIRS
47.80587,37.00866,354.62,0.48,0.65,2026-08-21,09:11:00,N21,nominal,2.0NRT,314.21,52.42,D,VIIRS
47.80396,37.00268,335.79,0.48,0.65,2026-08-21,09:11:00,N21,nominal,2.0NRT,302.6,19.65,D,VIIRS
47.80203,36.99669,332.93,0.48,0.65,2026-08-21,09:11:00,N21,low,2.0NRT,303.08,19.65,D,VIIRS
47.81704,37.02288,367,0.48,0.65,2026-08-21,09:11:00,N21,high,2.0NRT,305.79,33.85,D,VIIRS
47.81326,37.01106,367,0.48,0.65,2026-08-21,09:11:00,N21,high,2.0NRT,307.37,56.24,D,VIIRS
47.81515,37.01699,340.43,0.48,0.65,2026-08-21,09:11:00,N21,nominal,2.0NRT,308.31,33.85,D,VIIRS
47.80944,36.99919,341.96,0.48,0.65,2026-08-21,09:11:00,N21,nominal,2.0NRT,302.91,16.87,D,VIIRS
47.82429,37.02492,367,0.48,0.65,2026-08-21,09:11:00,N21,high,2.0NRT,305.2,38.33,D,VIIRS
47.81299,36.98964,367,0.48,0.65,2026-08-21,09:11:00,N21,high,2.0NRT,305.01,16.87,D,VIIRS
47.87388,37.18033,331.31,0.47,0.64,2026-08-21,09:11:00,N21,low,2.0NRT,302.81,2.28,D,VIIRS
47.82243,37.01911,335.74,0.48,0.65,2026-08-21,09:11:00,N21,nominal,2.0NRT,300.2,33.85,D,VIIRS
47.81678,37.00147,337.56,0.48,0.65,2026-08-21,09:11:00,N21,nominal,2.0NRT,301.59,56.24,D,VIIRS
47.81489,36.99557,350.1,0.48,0.65,2026-08-21,09:11:00,N21,nominal,2.0NRT,301.53,16.87,D,VIIRS
47.87743,37.17093,339.24,0.47,0.64,2026-08-21,09:11:00,N21,nominal,2.0NRT,305.49,10.87,D,VIIRS
47.82965,37.02104,355.23,0.48,0.65,2026-08-21,09:11:00,N21,nominal,2.0NRT,299.49,9.45,D,VIIRS
47.82777,37.0152,349.11,0.48,0.65,2026-08-21,09:11:00,N21,nominal,2.0NRT,302,11.79,D,VIIRS
47.82405,37.00354,343.4,0.48,0.65,2026-08-21,09:11:00,N21,nominal,2.0NRT,301.24,6.43,D,VIIRS
47.82217,36.99768,340.88,0.48,0.65,2026-08-21,09:11:00,N21,nominal,2.0NRT,301.45,6.43,D,VIIRS
47.83318,37.01147,338.97,0.48,0.65,2026-08-21,09:11:00,N21,nominal,2.0NRT,297.64,11.79,D,VIIRS
47.82942,36.9997,345.48,0.48,0.65,2026-08-21,09:11:00,N21,nominal,2.0NRT,300.88,6.43,D,VIIRS
47.81611,37.0234,367,0.48,0.65,2026-08-21,09:11:00,N21,high,2.0NRT,305.15,25.86,D,VIIRS
47.81226,37.01161,367,0.48,0.65,2026-08-21,09:11:00,N21,high,2.0NRT,307.49,50.47,D,VIIRS
47.81419,37.01752,337.26,0.48,0.65,2026-08-21,09:11:00,N21,nominal,2.0NRT,308.75,50.47,D,VIIRS
47.80839,36.99976,339.35,0.48,0.65,2026-08-21,09:11:00,N21,nominal,2.0NRT,303.05,38.49,D,VIIRS
47.81033,37.00569,312.01,0.48,0.65,2026-08-21,09:11:00,N21,low,2.0NRT,314.53,38.49,D,VIIRS
47.82341,37.02548,367,0.48,0.65,2026-08-21,09:11:00,N21,high,2.0NRT,302.76,25.86,D,VIIRS
47.81386,36.99621,367,0.48,0.65,2026-08-21,09:11:00,N21,high,2.0NRT,301.81,38.49,D,VIIRS
47.81192,36.99029,367,0.48,0.65,2026-08-21,09:11:00,N21,high,2.0NRT,305.59,29.79,D,VIIRS
47.87373,37.18027,331.78,0.47,0.64,2026-08-21,09:11:00,N21,low,2.0NRT,302.76,3.32,D,VIIRS
47.82152,37.01969,340.11,0.48,0.65,2026-08-21,09:11:00,N21,nominal,2.0NRT,300.4,25.86,D,VIIRS
47.81961,37.01384,339.94,0.48,0.65,2026-08-21,09:11:00,N21,nominal,2.0NRT,301.44,50.47,D,VIIRS
47.81577,37.00208,332.56,0.48,0.65,2026-08-21,09:11:00,N21,nominal,2.0NRT,302.19,38.49,D,VIIRS
47.82877,37.0216,367,0.48,0.65,2026-08-21,09:11:00,N21,high,2.0NRT,301.38,11.47,D,VIIRS
47.87725,37.17091,336.38,0.47,0.64,2026-08-21,09:11:00,N21,nominal,2.0NRT,305.25,5.23,D,VIIRS
47.87542,37.16524,330.32,0.47,0.64,2026-08-21,09:11:00,N21,low,2.0NRT,300.89,5.23,D,VIIRS
47.82687,37.0158,347.15,0.48,0.65,2026-08-21,09:11:00,N21,nominal,2.0NRT,301.26,11.47,D,VIIRS
47.82118,36.99833,347.95,0.48,0.65,2026-08-21,09:11:00,N21,nominal,2.0NRT,301.29,13.57,D,VIIRS
47.83227,37.01206,339.71,0.48,0.65,2026-08-21,09:11:00,N21,nominal,2.0NRT,298.06,11.47,D,VIIRS
47.83036,37.0062,330.93,0.48,0.65,2026-08-21,09:11:00,N21,nominal,2.0NRT,298.39,12.16,D,VIIRS
47.82846,37.00036,353.27,0.48,0.65,2026-08-21,09:11:00,N21,nominal,2.0NRT,301.44,12.16,D,VIIRS
47.78294,36.77929,335.29,0.49,0.65,2026-08-21,09:11:00,N21,nominal,2.0NRT,303.95,4.79,D,VIIRS
47.78109,36.77364,334.35,0.49,0.65,2026-08-21,09:11:00,N21,low,2.0NRT,305.55,4.79,D,VIIRS
46.77282,33.71282,330.19,0.72,0.76,2026-08-21,09:11:00,N21,low,2.0NRT,301.53,8.38,D,VIIRS
46.76979,33.70451,344.67,0.72,0.76,2026-08-21,09:11:00,N21,nominal,2.0NRT,303.01,8.38,D,VIIRS
47.78582,36.62368,331.3,0.5,0.66,2026-08-21,09:11:00,N21,low,2.0NRT,302.61,1.34,D,VIIRS
46.77901,33.70819,335.67,0.72,0.76,2026-08-21,09:11:00,N21,nominal,2.0NRT,302.74,8.38,D,VIIRS
46.77597,33.69987,353.52,0.72,0.76,2026-08-21,09:11:00,N21,nominal,2.0NRT,305.21,8.38,D,VIIRS
46.78521,33.70358,367,0.72,0.76,2026-08-21,09:11:00,N21,high,2.0NRT,301.8,31.19,D,VIIRS
46.78216,33.69524,367,0.72,0.76,2026-08-21,09:11:00,N21,high,2.0NRT,304.88,31.19,D,VIIRS
47.89034,36.86391,367,0.49,0.65,2026-08-21,09:11:00,N21,high,2.0NRT,305.85,13.5,D,VIIRS
47.0798,34.41724,336.28,0.66,0.73,2026-08-21,09:11:00,N21,nominal,2.0NRT,302.54,7.47,D,VIIRS
47.07708,34.40954,331.15,0.66,0.73,2026-08-21,09:11:00,N21,nominal,2.0NRT,303.19,7.47,D,VIIRS
47.0858,34.41282,330.65,0.66,0.73,2026-08-21,09:11:00,N21,nominal,2.0NRT,303.67,2.41,D,VIIRS
47.08308,34.4051,330.15,0.66,0.73,2026-08-21,09:11:00,N21,nominal,2.0NRT,302.06,2.41,D,VIIRS
46.77643,33.69685,367,0.72,0.76,2026-08-21,09:11:00,N21,high,2.0NRT,304.55,26.85,D,VIIRS
46.77949,33.70511,340.53,0.72,0.75,2026-08-21,09:11:00,N21,nominal,2.0NRT,304.04,28.3,D,VIIRS
46.7857,33.70055,367,0.72,0.75,2026-08-21,09:11:00,N21,high,2.0NRT,302.71,28.3,D,VIIRS
46.78264,33.69228,367,0.72,0.76,2026-08-21,09:11:00,N21,high,2.0NRT,302.59,26.85,D,VIIRS
47.88992,36.86699,354.94,0.48,0.65,2026-08-21,09:11:00,N21,nominal,2.0NRT,305.14,6.78,D,VIIRS
47.88797,36.86103,330.48,0.49,0.65,2026-08-21,09:11:00,N21,low,2.0NRT,303.72,6.78,D,VIIRS
47.08353,34.41158,367,0.66,0.73,2026-08-21,09:11:00,N21,high,2.0NRT,304.87,18.21,D,VIIRS
48.28706,37.9698,331.43,0.42,0.61,2026-08-21,09:11:00,N21,nominal,2.0NRT,298.92,4.97,D,VIIRS
48.21708,37.72561,367,0.44,0.62,2026-08-21,09:11:00,N21,high,2.0NRT,302.76,9.6,D,VIIRS
48.21878,37.73103,336.96,0.43,0.62,2026-08-21,09:11:00,N21,nominal,2.0NRT,301.89,9.6,D,VIIRS
47.85931,36.58979,340.04,0.5,0.66,2026-08-21,09:11:00,N21,nominal,2.0NRT,301.32,4.32,D,VIIRS
48.42945,38.29206,331.98,0.41,0.6,2026-08-21,09:11:00,N21,nominal,2.0NRT,302.59,3.42,D,VIIRS
47.97712,36.84933,337.09,0.48,0.65,2026-08-21,09:11:00,N21,nominal,2.0NRT,301.58,5.65,D,VIIRS
48.19621,37.49699,343.86,0.45,0.63,2026-08-21,09:11:00,N21,nominal,2.0NRT,303.48,8.43,D,VIIRS
47.20261,34.4488,367,0.65,0.73,2026-08-21,09:11:00,N21,high,2.0NRT,304.01,18.64,D,VIIRS
47.21593,34.48665,340.43,0.64,0.72,2026-08-21,09:11:00,N21,nominal,2.0NRT,304.04,4.8,D,VIIRS
47.71362,35.8996,333.33,0.54,0.68,2026-08-21,09:11:00,N21,nominal,2.0NRT,300.85,4.46,D,VIIRS
47.22784,34.47775,335.42,0.64,0.72,2026-08-21,09:11:00,N21,nominal,2.0NRT,302.31,8.47,D,VIIRS
47.21453,34.48616,341.48,0.64,0.72,2026-08-21,09:11:00,N21,nominal,2.0NRT,304.17,7.65,D,VIIRS
47.20105,34.4485,355.67,0.65,0.73,2026-08-21,09:11:00,N21,nominal,2.0NRT,304.08,17.2,D,VIIRS
48.63393,38.77996,338.42,0.38,0.59,2026-08-21,09:11:00,N21,nominal,2.0NRT,303.2,7.99,D,VIIRS
48.12827,37.15637,342.03,0.46,0.64,2026-08-21,09:11:00,N21,nominal,2.0NRT,299.37,5.26,D,VIIRS
48.02351,36.81259,333.45,0.48,0.65,2026-08-21,09:11:00,N21,nominal,2.0NRT,302.12,5.73,D,VIIRS
47.23243,34.47294,331.94,0.64,0.72,2026-08-21,09:11:00,N21,low,2.0NRT,304.87,6.56,D,VIIRS
48.54708,38.43371,367,0.4,0.6,2026-08-21,09:11:00,N21,high,2.0NRT,303.96,39.28,D,VIIRS
48.54556,38.42873,345.13,0.4,0.6,2026-08-21,09:11:00,N21,nominal,2.0NRT,304.87,39.28,D,VIIRS
48.54408,38.42388,339.6,0.4,0.6,2026-08-21,09:11:00,N21,nominal,2.0NRT,301.04,8.61,D,VIIRS
48.54262,38.41907,330.39,0.4,0.6,2026-08-21,09:11:00,N21,low,2.0NRT,300.81,8.61,D,VIIRS
48.13766,36.9822,332.08,0.47,0.64,2026-08-21,09:11:00,N21,nominal,2.0NRT,299.75,3.11,D,VIIRS
48.0217,36.5817,333.96,0.49,0.65,2026-08-21,09:11:00,N21,nominal,2.0NRT,298.95,4.43,D,VIIRS
48.23828,37.19617,367,0.46,0.63,2026-08-21,09:11:00,N21,high,2.0NRT,307.62,18.95,D,VIIRS
48.24001,37.20163,353.81,0.46,0.63,2026-08-21,09:11:00,N21,nominal,2.0NRT,301.04,18.95,D,VIIRS
48.2258,37.13622,333.87,0.46,0.64,2026-08-21,09:11:00,N21,nominal,2.0NRT,300.79,5.95,D,VIIRS
48.1175,36.77553,337.05,0.48,0.65,2026-08-21,09:11:00,N21,nominal,2.0NRT,301.72,4.97,D,VIIRS
48.49061,37.94725,343.59,0.42,0.61,2026-08-21,09:11:00,N21,nominal,2.0NRT,300.53,5.08,D,VIIRS
48.23393,37.19779,367,0.46,0.63,2026-08-21,09:11:00,N21,high,2.0NRT,303.45,16.43,D,VIIRS
48.24107,37.19983,367,0.46,0.63,2026-08-21,09:11:00,N21,high,2.0NRT,303.1,18.1,D,VIIRS
48.23932,37.19437,348.62,0.46,0.63,2026-08-21,09:11:00,N21,nominal,2.0NRT,303.18,13.35,D,VIIRS
48.48999,37.94599,341.43,0.42,0.61,2026-08-21,09:11:00,N21,nominal,2.0NRT,300.17,5.48,D,VIIRS
48.11663,36.77545,336.45,0.48,0.65,2026-08-21,09:11:00,N21,nominal,2.0NRT,301.55,4.57,D,VIIRS
48.36843,37.5186,352.34,0.44,0.62,2026-08-21,09:11:00,N21,nominal,2.0NRT,301.76,12.36,D,VIIRS
48.37538,37.52048,367,0.44,0.62,2026-08-21,09:11:00,N21,high,2.0NRT,302.86,27.4,D,VIIRS
48.37368,37.51509,342.83,0.44,0.62,2026-08-21,09:11:00,N21,nominal,2.0NRT,299.3,12.36,D,VIIRS
47.7947,35.7257,367,0.55,0.68,2026-08-21,09:11:00,N21,high,2.0NRT,300.86,14.32,D,VIIRS
48.00309,36.32777,367,0.51,0.66,2026-08-21,09:11:00,N21,high,2.0NRT,302.6,18.38,D,VIIRS
48.56161,38.03734,367,0.41,0.61,2026-08-21,09:11:00,N21,high,2.0NRT,305.62,19.81,D,VIIRS
48.56751,37.93597,350.46,0.42,0.61,2026-08-21,09:11:00,N21,nominal,2.0NRT,301.38,9.68,D,VIIRS
48.47009,37.53962,333.77,0.43,0.62,2026-08-21,09:11:00,N21,nominal,2.0NRT,299.15,5.92,D,VIIRS
48.4684,37.53417,347.6,0.44,0.62,2026-08-21,09:11:00,N21,nominal,2.0NRT,300.33,5.92,D,VIIRS
48.31137,37.09221,330.57,0.46,0.63,2026-08-21,09:11:00,N21,low,2.0NRT,301.05,5.21,D,VIIRS
48.24723,36.89463,335.54,0.47,0.64,2026-08-21,09:11:00,N21,nominal,2.0NRT,299.24,4.2,D,VIIRS
48.46685,37.53788,354.82,0.43,0.62,2026-08-21,09:11:00,N21,nominal,2.0NRT,299.85,10.11,D,VIIRS
48.55895,37.71045,342.3,0.42,0.61,2026-08-21,09:11:00,N21,nominal,2.0NRT,301.92,5.62,D,VIIRS
48.68935,38.11135,338.41,0.4,0.6,2026-08-21,09:11:00,N21,nominal,2.0NRT,300.09,7.79,D,VIIRS
48.68449,38.09551,344.67,0.41,0.6,2026-08-21,09:11:00,N21,nominal,2.0NRT,301.37,4.7,D,VIIRS
48.68283,38.09014,333.86,0.41,0.6,2026-08-21,09:11:00,N21,nominal,2.0NRT,300.99,4.7,D,VIIRS
46.88828,32.79511,333.35,0.78,0.78,2026-08-21,09:11:00,N21,nominal,2.0NRT,299.61,6.02,D,VIIRS
48.63591,37.87786,367,0.42,0.61,2026-08-21,09:11:00,N21,high,2.0NRT,302.46,13.31,D,VIIRS
48.63439,37.87296,352.93,0.42,0.61,2026-08-21,09:11:00,N21,nominal,2.0NRT,302.49,12.02,D,VIIRS
47.25358,33.65332,367,0.7,0.75,2026-08-21,09:11:00,N21,high,2.0NRT,303.64,24.09,D,VIIRS
48.38527,36.97804,332.11,0.46,0.64,2026-08-21,09:11:00,N21,nominal,2.0NRT,299.62,2.2,D,VIIRS
48.39059,36.97434,330.65,0.46,0.64,2026-08-21,09:11:00,N21,nominal,2.0NRT,299.72,3.16,D,VIIRS
48.50476,37.25415,345.58,0.45,0.63,2026-08-21,09:11:00,N21,nominal,2.0NRT,302.59,5.61,D,VIIRS
48.50298,37.2485,334.65,0.45,0.63,2026-08-21,09:11:00,N21,nominal,2.0NRT,301.42,5.61,D,VIIRS
48.94024,38.66445,355.06,0.38,0.58,2026-08-21,09:11:00,N21,nominal,2.0NRT,304.38,11.67,D,VIIRS
48.50996,37.25036,345.41,0.45,0.63,2026-08-21,09:11:00,N21,nominal,2.0NRT,300.11,5.61,D,VIIRS
47.24914,33.65355,331.89,0.69,0.75,2026-08-21,09:11:00,N21,nominal,2.0NRT,301.24,5.4,D,VIIRS
47.25523,33.64889,367,0.69,0.75,2026-08-21,09:11:00,N21,high,2.0NRT,301.46,13.02,D,VIIRS
48.64843,37.7393,330.37,0.42,0.61,2026-08-21,09:11:00,N21,low,2.0NRT,302.89,2.65,D,VIIRS
48.45332,37.12498,330.69,0.45,0.63,2026-08-21,09:11:00,N21,nominal,2.0NRT,299.93,4.98,D,VIIRS
48.94429,38.662,367,0.38,0.58,2026-08-21,09:11:00,N21,high,2.0NRT,310.19,22.47,D,VIIRS
48.50755,37.25406,367,0.45,0.63,2026-08-21,09:11:00,N21,high,2.0NRT,302.15,8.46,D,VIIRS
48.94569,38.66668,343.02,0.38,0.58,2026-08-21,09:11:00,N21,nominal,2.0NRT,301.58,22.47,D,VIIRS
48.94287,38.65731,354.61,0.38,0.58,2026-08-21,09:11:00,N21,nominal,2.0NRT,304.1,21.39,D,VIIRS
48.50572,37.24835,342.01,0.45,0.63,2026-08-21,09:11:00,N21,nominal,2.0NRT,300.2,8.46,D,VIIRS
48.80659,38.16964,335.17,0.4,0.6,2026-08-21,09:11:00,N21,nominal,2.0NRT,300.64,6.66,D,VIIRS
48.80506,38.16463,353.53,0.4,0.6,2026-08-21,09:11:00,N21,nominal,2.0NRT,301.54,6.66,D,VIIRS
48.69346,37.80365,331.8,0.42,0.61,2026-08-21,09:11:00,N21,nominal,2.0NRT,299.31,3.13,D,VIIRS
48.69184,37.79844,334.04,0.42,0.61,2026-08-21,09:11:00,N21,nominal,2.0NRT,301.87,5.92,D,VIIRS
48.00787,35.69442,331.67,0.54,0.68,2026-08-21,09:11:00,N21,low,2.0NRT,302.85,2.55,D,VIIRS
48.01347,35.69036,331.04,0.54,0.68,2026-08-21,09:11:00,N21,nominal,2.0NRT,299.78,2.55,D,VIIRS
48.71929,37.84682,330.97,0.41,0.61,2026-08-21,09:11:00,N21,nominal,2.0NRT,300.44,4.12,D,VIIRS
48.46525,37.0412,346.45,0.46,0.63,2026-08-21,09:11:00,N21,nominal,2.0NRT,302.31,7.35,D,VIIRS
48.1307,35.99796,367,0.52,0.67,2026-08-21,09:11:00,N21,high,2.0NRT,303.16,20.91,D,VIIRS
48.2466,36.3477,333.97,0.5,0.65,2026-08-21,09:11:00,N21,nominal,2.0NRT,303.78,4.49,D,VIIRS
48.13274,36.0041,333.04,0.52,0.67,2026-08-21,09:11:00,N21,nominal,2.0NRT,298.02,13.68,D,VIIRS
48.1362,35.9939,367,0.52,0.67,2026-08-21,09:11:00,N21,high,2.0NRT,303.65,17.11,D,VIIRS
47.60913,34.3966,367,0.63,0.72,2026-08-21,09:11:00,N21,high,2.0NRT,300.79,27.02,D,VIIRS
48.42575,36.75557,333.74,0.47,0.64,2026-08-21,09:11:00,N21,nominal,2.0NRT,299.27,6.08,D,VIIRS
48.29273,36.34492,341.53,0.49,0.65,2026-08-21,09:11:00,N21,nominal,2.0NRT,302.85,6.99,D,VIIRS
47.33189,33.55978,339.71,0.7,0.75,2026-08-21,09:11:00,N21,nominal,2.0NRT,300.41,9,D,VIIRS
48.85457,38.08739,344.64,0.4,0.6,2026-08-21,09:11:00,N21,nominal,2.0NRT,299.55,5.11,D,VIIRS
47.36179,33.59921,333.2,0.69,0.74,2026-08-21,09:11:00,N21,nominal,2.0NRT,300.24,14,D,VIIRS
47.36547,33.60055,349.91,0.69,0.74,2026-08-21,09:11:00,N21,nominal,2.0NRT,301.5,11.21,D,VIIRS
48.64078,37.20122,333.35,0.44,0.63,2026-08-21,09:11:00,N21,nominal,2.0NRT,298.82,9.89,D,VIIRS
47.51862,33.8296,350.78,0.67,0.74,2026-08-21,09:11:00,N21,nominal,2.0NRT,304.97,14.35,D,VIIRS
47.51571,33.82155,340.07,0.67,0.74,2026-08-21,09:11:00,N21,nominal,2.0NRT,303,14.35,D,VIIRS
47.52179,33.8171,367,0.67,0.74,2026-08-21,09:11:00,N21,high,2.0NRT,301.54,14.35,D,VIIRS
47.52752,33.833,338.8,0.67,0.73,2026-08-21,09:11:00,N21,nominal,2.0NRT,300.58,19.09,D,VIIRS
47.52464,33.825,343.9,0.67,0.74,2026-08-21,09:11:00,N21,nominal,2.0NRT,302.32,14.35,D,VIIRS
48.92054,37.99885,343.02,0.4,0.6,2026-08-21,09:11:00,N21,nominal,2.0NRT,299.22,5.64,D,VIIRS
48.85759,37.77371,332.33,0.41,0.61,2026-08-21,09:11:00,N21,nominal,2.0NRT,297.54,2.54,D,VIIRS
48.85603,37.76863,335.09,0.41,0.61,2026-08-21,09:11:00,N21,nominal,2.0NRT,298.43,2.54,D,VIIRS
48.94884,37.99154,349.34,0.4,0.6,2026-08-21,09:11:00,N21,nominal,2.0NRT,299.57,10.74,D,VIIRS
48.94174,37.94812,348.29,0.4,0.6,2026-08-21,09:11:00,N21,nominal,2.0NRT,301.8,7.19,D,VIIRS
48.95045,37.99162,336.2,0.4,0.6,2026-08-21,09:11:00,N21,nominal,2.0NRT,297.01,3.29,D,VIIRS
48.94893,37.98669,335.39,0.4,0.6,2026-08-21,09:11:00,N21,nominal,2.0NRT,298.5,3.29,D,VIIRS
48.94317,37.94836,331.71,0.4,0.6,2026-08-21,09:11:00,N21,nominal,2.0NRT,300.42,6.55,D,VIIRS
48.95535,37.92829,335.14,0.4,0.6,2026-08-21,09:11:00,N21,nominal,2.0NRT,302.92,5.1,D,VIIRS
48.88988,37.67781,367,0.42,0.61,2026-08-21,09:11:00,N21,high,2.0NRT,302.42,15.13,D,VIIRS
48.99934,38.0313,334.71,0.4,0.6,2026-08-21,09:11:00,N21,nominal,2.0NRT,301.44,2.3,D,VIIRS
47.63311,33.89893,335.33,0.66,0.73,2026-08-21,09:11:00,N21,nominal,2.0NRT,299.02,7.29,D,VIIRS
48.99326,37.87225,350.81,0.4,0.6,2026-08-21,09:11:00,N21,nominal,2.0NRT,301.22,6.17,D,VIIRS
49.05484,37.99382,355.17,0.4,0.6,2026-08-21,09:11:00,N21,nominal,2.0NRT,299.14,12,D,VIIRS
49.05983,37.99026,367,0.4,0.6,2026-08-21,09:11:00,N21,high,2.0NRT,300.3,10.8,D,VIIRS
49.05832,37.98528,346.02,0.4,0.6,2026-08-21,09:11:00,N21,nominal,2.0NRT,298.6,10.8,D,VIIRS
48.97169,37.70188,333.5,0.41,0.61,2026-08-21,09:11:00,N21,nominal,2.0NRT,298.48,3.35,D,VIIRS
48.95615,37.63126,330.13,0.42,0.61,2026-08-21,09:11:00,N21,nominal,2.0NRT,297.79,4.86,D,VIIRS
48.86925,37.3305,347.99,0.43,0.62,2026-08-21,09:11:00,N21,nominal,2.0NRT,300.6,10.39,D,VIIRS
48.87451,37.32715,367,0.43,0.62,2026-08-21,09:11:00,N21,high,2.0NRT,300.66,10.39,D,VIIRS
48.87284,37.32179,340.32,0.43,0.62,2026-08-21,09:11:00,N21,nominal,2.0NRT,301.52,15.29,D,VIIRS
49.11038,38.05711,367,0.39,0.6,2026-08-21,09:11:00,N21,high,2.0NRT,301.52,14.72,D,VIIRS
49.10888,38.05214,341.96,0.39,0.6,2026-08-21,09:11:00,N21,nominal,2.0NRT,299.3,11.43,D,VIIRS
48.87165,37.32482,367,0.43,0.62,2026-08-21,09:11:00,N21,high,2.0NRT,302.71,21.06,D,VIIRS
48.87336,37.33019,340.79,0.43,0.62,2026-08-21,09:11:00,N21,nominal,2.0NRT,299.47,13.71,D,VIIRS
49.10612,38.05563,341.63,0.39,0.6,2026-08-21,09:11:00,N21,nominal,2.0NRT,298.48,6.98,D,VIIRS
49.11112,38.05214,354.06,0.39,0.6,2026-08-21,09:11:00,N21,nominal,2.0NRT,299.77,7.31,D,VIIRS
48.66594,36.60403,334.16,0.47,0.64,2026-08-21,09:11:00,N21,nominal,2.0NRT,298.32,5.75,D,VIIRS
48.66417,36.59858,337.35,0.47,0.64,2026-08-21,09:11:00,N21,nominal,2.0NRT,298.59,5.75,D,VIIRS
49.08777,37.85727,367,0.4,0.6,2026-08-21,09:11:00,N21,high,2.0NRT,301.22,8.8,D,VIIRS
49.08934,37.86238,334.7,0.4,0.6,2026-08-21,09:11:00,N21,nominal,2.0NRT,301.71,8.8,D,VIIRS
49.16491,37.98997,350.38,0.39,0.6,2026-08-21,09:11:00,N21,nominal,2.0NRT,300.43,5.47,D,VIIRS
49.53734,39.05967,333.89,0.35,0.56,2026-08-21,09:11:00,N21,nominal,2.0NRT,297.05,2.46,D,VIIRS
49.24496,38.06462,333.91,0.39,0.59,2026-08-21,09:11:00,N21,nominal,2.0NRT,298.94,4.89,D,VIIRS
49.24345,38.05973,338.95,0.39,0.59,2026-08-21,09:11:00,N21,nominal,2.0NRT,299.87,6.58,D,VIIRS
49.18806,37.8595,354.61,0.4,0.6,2026-08-21,09:11:00,N21,nominal,2.0NRT,300.28,9.61,D,VIIRS
48.83886,36.69083,338.32,0.46,0.63,2026-08-21,09:11:00,N21,nominal,2.0NRT,299.87,5.33,D,VIIRS
49.12439,37.53405,338.24,0.41,0.61,2026-08-21,09:11:00,N21,nominal,2.0NRT,299.51,3.68,D,VIIRS
49.26682,37.97779,334.26,0.39,0.59,2026-08-21,09:11:00,N21,nominal,2.0NRT,300.58,4.22,D,VIIRS
48.96575,36.94701,340.84,0.44,0.63,2026-08-21,09:11:00,N21,nominal,2.0NRT,300.46,4.54,D,VIIRS
48.964,36.94146,331.49,0.44,0.63,2026-08-21,09:11:00,N21,nominal,2.0NRT,299.95,4.54,D,VIIRS
48.96222,36.93584,338.89,0.44,0.63,2026-08-21,09:11:00,N21,nominal,2.0NRT,300.79,6.31,D,VIIRS
48.96047,36.93032,338.97,0.44,0.63,2026-08-21,09:11:00,N21,nominal,2.0NRT,300.8,6.31,D,VIIRS
48.95872,36.92479,335.62,0.44,0.63,2026-08-21,09:11:00,N21,nominal,2.0NRT,300.83,7.38,D,VIIRS
49.0295,37.02802,337.31,0.44,0.62,2026-08-21,09:11:00,N21,nominal,2.0NRT,298.97,4.61,D,VIIRS
49.25169,37.82264,330.97,0.4,0.6,2026-08-21,09:11:00,N21,low,2.0NRT,301.83,4.37,D,VIIRS
49.27656,37.82409,367,0.4,0.6,2026-08-21,09:11:00,N21,high,2.0NRT,298.26,10.14,D,VIIRS
49.275,37.81905,333.36,0.4,0.6,2026-08-21,09:11:00,N21,nominal,2.0NRT,299.26,10.14,D,VIIRS
49.28158,37.82057,367,0.4,0.6,2026-08-21,09:11:00,N21,high,2.0NRT,301.05,10.14,D,VIIRS
49.0313,37.02287,349.94,0.44,0.62,2026-08-21,09:11:00,N21,nominal,2.0NRT,301.58,5.46,D,VIIRS
48.68658,35.88321,331.73,0.5,0.66,2026-08-21,09:11:00,N21,nominal,2.0NRT,301.49,6.58,D,VIIRS
49.11829,37.19735,341.26,0.43,0.62,2026-08-21,09:11:00,N21,nominal,2.0NRT,298.49,4.89,D,VIIRS
49.3609,37.86112,367,0.39,0.6,2026-08-21,09:11:00,N21,high,2.0NRT,300.03,13.47,D,VIIRS
49.35793,37.85139,332.63,0.39,0.6,2026-08-21,09:11:00,N21,nominal,2.0NRT,299.87,3.5,D,VIIRS
49.35641,37.84641,331.4,0.39,0.6,2026-08-21,09:11:00,N21,nominal,2.0NRT,297.83,3.5,D,VIIRS
49.3793,37.90174,345.77,0.39,0.59,2026-08-21,09:11:00,N21,nominal,2.0NRT,298.94,9.78,D,VIIRS
49.38278,37.89328,367,0.39,0.59,2026-08-21,09:11:00,N21,high,2.0NRT,301.53,15.88,D,VIIRS
49.55946,37.95795,336.74,0.38,0.59,2026-08-21,09:13:00,N21,nominal,2.0NRT,300.07,8.35,D,VIIRS
49.55805,37.95333,333.7,0.38,0.59,2026-08-21,09:13:00,N21,nominal,2.0NRT,297.98,4.61,D,VIIRS
49.56447,37.95468,333.63,0.38,0.59,2026-08-21,09:13:00,N21,nominal,2.0NRT,297.77,2.81,D,VIIRS
49.53822,37.84917,335.22,0.39,0.59,2026-08-21,09:13:00,N21,nominal,2.0NRT,296.63,2.49,D,VIIRS
49.63697,38.05549,336.49,0.38,0.59,2026-08-21,09:13:00,N21,nominal,2.0NRT,298.45,7.29,D,VIIRS
49.63552,38.05067,353.16,0.38,0.59,2026-08-21,09:13:00,N21,nominal,2.0NRT,300.08,9.12,D,VIIRS
49.63194,37.59164,367,0.4,0.6,2026-08-21,09:13:00,N21,high,2.0NRT,299.47,14.08,D,VIIRS
49.63339,37.5964,344.46,0.4,0.6,2026-08-21,09:13:00,N21,nominal,2.0NRT,297.69,11.37,D,VIIRS
49.77057,37.68022,367,0.39,0.59,2026-08-21,09:13:00,N21,high,2.0NRT,301.81,12.14,D,VIIRS
49.79237,37.71225,340.62,0.39,0.59,2026-08-21,09:13:00,N21,nominal,2.0NRT,298.38,8.61,D,VIIRS
49.82841,37.75186,341.38,0.38,0.59,2026-08-21,09:13:00,N21,nominal,2.0NRT,298.63,5.74,D,VIIRS
49.82692,37.74693,337.67,0.38,0.59,2026-08-21,09:13:00,N21,nominal,2.0NRT,297.42,5.74,D,VIIRS
49.68525,37.24197,333.96,0.41,0.6,2026-08-21,09:13:00,N21,nominal,2.0NRT,297.47,6.14,D,VIIRS
49.68369,37.2369,342.38,0.41,0.6,2026-08-21,09:13:00,N21,nominal,2.0NRT,298.57,6.42,D,VIIRS
49.68215,37.23189,338.24,0.41,0.6,2026-08-21,09:13:00,N21,nominal,2.0NRT,298.82,6.42,D,VIIRS
49.82607,37.7513,367,0.38,0.59,2026-08-21,09:13:00,N21,high,2.0NRT,300.16,9.06,D,VIIRS
49.68555,37.23992,342.84,0.41,0.6,2026-08-21,09:13:00,N21,nominal,2.0NRT,297.64,6.72,D,VIIRS
49.68397,37.23489,341.19,0.41,0.6,2026-08-21,09:13:00,N21,nominal,2.0NRT,298.99,6.72,D,VIIRS
49.68242,37.2299,342.07,0.41,0.6,2026-08-21,09:13:00,N21,nominal,2.0NRT,299.21,8.73,D,VIIRS
49.86994,37.79639,347.95,0.38,0.59,2026-08-21,09:13:00,N21,nominal,2.0NRT,298.07,6.22,D,VIIRS
49.8778,37.80251,367,0.38,0.59,2026-08-21,09:13:00,N21,high,2.0NRT,300.47,11.45,D,VIIRS
49.87633,37.79768,342.36,0.38,0.59,2026-08-21,09:13:00,N21,nominal,2.0NRT,298.58,11.45,D,VIIRS
49.87486,37.79287,350.24,0.38,0.59,2026-08-21,09:13:00,N21,nominal,2.0NRT,297.89,6.22,D,VIIRS
49.88711,37.81337,367,0.38,0.59,2026-08-21,09:13:00,N21,high,2.0NRT,298.12,13.53,D,VIIRS
49.88564,37.80856,336.75,0.38,0.59,2026-08-21,09:13:00,N21,nominal,2.0NRT,296.86,6.05,D,VIIRS
49.96763,37.94162,367,0.37,0.58,2026-08-21,09:13:00,N21,high,2.0NRT,302.24,32.27,D,VIIRS
49.9662,37.93687,367,0.37,0.58,2026-08-21,09:13:00,N21,high,2.0NRT,303.59,24.36,D,VIIRS
49.96478,37.93211,355.24,0.37,0.58,2026-08-21,09:13:00,N21,nominal,2.0NRT,301.8,24.36,D,VIIRS
49.96334,37.92736,336.73,0.37,0.58,2026-08-21,09:13:00,N21,nominal,2.0NRT,298.57,5.67,D,VIIRS
49.97249,37.93805,339.41,0.37,0.58,2026-08-21,09:13:00,N21,nominal,2.0NRT,296.7,5.45,D,VIIRS
49.97106,37.93331,333.11,0.37,0.58,2026-08-21,09:13:00,N21,nominal,2.0NRT,296.45,4.26,D,VIIRS
49.97875,37.93917,340.33,0.37,0.58,2026-08-21,09:13:00,N21,nominal,2.0NRT,297.62,5.45,D,VIIRS
49.98362,37.93567,345.08,0.37,0.58,2026-08-21,09:13:00,N21,nominal,2.0NRT,300.21,7.48,D,VIIRS
49.92262,37.60313,350.69,0.39,0.59,2026-08-21,09:13:00,N21,nominal,2.0NRT,297.01,10.03,D,VIIRS
49.95591,37.67233,354.52,0.38,0.59,2026-08-21,09:13:00,N21,nominal,2.0NRT,298.89,8.04,D,VIIRS
49.93534,37.54621,331.11,0.39,0.59,2026-08-21,09:13:00,N21,nominal,2.0NRT,295.48,6.38,D,VIIRS
49.93375,37.54101,352.38,0.39,0.59,2026-08-21,09:13:00,N21,nominal,2.0NRT,297.35,9.29,D,VIIRS
50.11882,37.56334,345.67,0.38,0.59,2026-08-21,09:13:00,N21,nominal,2.0NRT,296.33,4.77,D,VIIRS
50.12159,37.56001,350.24,0.38,0.59,2026-08-21,09:13:00,N21,nominal,2.0NRT,297.07,5.09,D,VIIRS
50.16947,37.57896,330.84,0.38,0.59,2026-08-21,09:13:00,N21,nominal,2.0NRT,298.41,3.74,D,VIIRS
50.16795,37.57399,338.48,0.38,0.59,2026-08-21,09:13:00,N21,nominal,2.0NRT,299.26,3.74,D,VIIRS
49.85817,36.38196,336.89,0.44,0.62,2026-08-21,09:13:00,N21,nominal,2.0NRT,297.14,4.25,D,VIIRS
50.22571,36.87624,335.68,0.4,0.6,2026-08-21,09:13:00,N21,nominal,2.0NRT,295.53,3.59,D,VIIRS
50.42692,37.41269,346.58,0.38,0.59,2026-08-21,09:13:00,N21,nominal,2.0NRT,298.91,4.82,D,VIIRS
50.43013,37.40853,335.27,0.38,0.59,2026-08-21,09:13:00,N21,nominal,2.0NRT,299,4.15,D,VIIRS
50.30042,36.91319,332.17,0.4,0.6,2026-08-21,09:13:00,N21,nominal,2.0NRT,296.39,1.85,D,VIIRS
50.30402,36.88535,334.24,0.4,0.6,2026-08-21,09:13:00,N21,nominal,2.0NRT,296.83,2.94,D,VIIRS
50.24592,36.24712,339.77,0.43,0.62,2026-08-21,09:13:00,N21,nominal,2.0NRT,295.56,8.4,D,VIIRS
50.24933,36.23793,332.33,0.43,0.62,2026-08-21,09:13:00,N21,nominal,2.0NRT,297.24,7.13,D,VIIRS
50.25621,36.23957,345.88,0.43,0.62,2026-08-21,09:13:00,N21,nominal,2.0NRT,295.78,13.94,D,VIIRS
50.25447,36.2341,348.01,0.43,0.62,2026-08-21,09:13:00,N21,nominal,2.0NRT,295.91,7.13,D,VIIRS
50.25269,36.22853,329.5,0.43,0.62,2026-08-21,09:13:00,N21,nominal,2.0NRT,295.4,7.13,D,VIIRS
50.29189,36.25209,328.88,0.43,0.62,2026-08-21,09:13:00,N21,nominal,2.0NRT,295.94,4.21,D,VIIRS
50.2403,36.06976,367,0.43,0.62,2026-08-21,09:13:00,N21,high,2.0NRT,295.74,13.37,D,VIIRS
50.23853,36.06421,367,0.44,0.62,2026-08-21,09:13:00,N21,high,2.0NRT,296.61,13.37,D,VIIRS
50.24281,36.06511,367,0.43,0.62,2026-08-21,09:13:00,N21,high,2.0NRT,299.09,23.72,D,VIIRS
50.24097,36.05944,353.67,0.43,0.62,2026-08-21,09:13:00,N21,nominal,2.0NRT,296.53,15.56,D,VIIRS
50.52386,33.73486,328.74,0.52,0.67,2026-08-21,09:13:00,N21,nominal,2.0NRT,296.72,5.9,D,VIIRS
50.20966,31.35962,336.99,0.67,0.73,2026-08-21,09:13:00,N21,nominal,2.0NRT,296.86,14.99,D,VIIRS
50.20746,31.36151,333.81,0.66,0.73,2026-08-21,09:13:00,N21,nominal,2.0NRT,295.87,7.68,D,VIIRS
50.21029,31.34826,367,0.67,0.73,2026-08-21,09:13:00,N21,high,2.0NRT,294.39,16.49,D,VIIRS
50.21334,31.3563,350.54,0.66,0.73,2026-08-21,09:13:00,N21,nominal,2.0NRT,300.73,16.49,D,VIIRS
50.21618,31.34306,328.75,0.67,0.73,2026-08-21,09:13:00,N21,nominal,2.0NRT,292.9,16.49,D,VIIRS
52.2956,33.56557,332.5,0.46,0.63,2026-08-21,09:13:00,N21,nominal,2.0NRT,289.6,4.77,D,VIIRS
48.16112,37.01461,354.48,0.44,0.46,2026-08-21,10:51:00,N21,nominal,2.0NRT,309.62,8.75,D,VIIRS
48.93825,33.48568,345.02,0.49,0.4,2026-08-21,10:51:00,N21,nominal,2.0NRT,314.64,33,D,VIIRS
49.31658,38.09196,348.76,0.51,0.49,2026-08-21,10:51:00,N21,nominal,2.0NRT,302.68,8.02,D,VIIRS
49.31204,38.09267,353.41,0.51,0.49,2026-08-21,10:51:00,N21,nominal,2.0NRT,303.43,11.33,D,VIIRS
49.28546,37.81608,349.93,0.5,0.49,2026-08-21,10:51:00,N21,nominal,2.0NRT,302.12,10.74,D,VIIRS
49.29073,37.89862,339.09,0.5,0.49,2026-08-21,10:51:00,N21,nominal,2.0NRT,304.18,8.18,D,VIIRS
49.29117,37.90565,340.34,0.5,0.49,2026-08-21,10:51:00,N21,nominal,2.0NRT,304.05,8.18,D,VIIRS
49.28098,37.8168,346.09,0.5,0.49,2026-08-21,10:51:00,N21,nominal,2.0NRT,306,10.74,D,VIIRS
49.29692,38.14537,337.57,0.51,0.5,2026-08-21,10:51:00,N21,nominal,2.0NRT,302.2,6.25,D,VIIRS
49.28301,37.81014,335.82,0.5,0.49,2026-08-21,10:51:00,N21,nominal,2.0NRT,303.06,11.51,D,VIIRS
49.28347,37.81687,355.35,0.5,0.49,2026-08-21,10:51:00,N21,nominal,2.0NRT,305.65,11.51,D,VIIRS
49.28915,37.89925,340.25,0.5,0.49,2026-08-21,10:51:00,N21,nominal,2.0NRT,303.91,6.96,D,VIIRS
49.28963,37.90627,340.67,0.5,0.49,2026-08-21,10:51:00,N21,nominal,2.0NRT,303.63,8.51,D,VIIRS
49.29658,38.14562,331.49,0.51,0.5,2026-08-21,10:51:00,N21,low,2.0NRT,301.64,7.54,D,VIIRS
49.26682,37.97316,332.16,0.5,0.49,2026-08-21,10:51:00,N21,low,2.0NRT,304.81,4.76,D,VIIRS
49.26728,37.97996,330.99,0.5,0.49,2026-08-21,10:51:00,N21,low,2.0NRT,305.69,4.65,D,VIIRS
49.26278,37.98097,332.81,0.5,0.49,2026-08-21,10:51:00,N21,low,2.0NRT,304.29,4.97,D,VIIRS
49.25781,37.9747,334.58,0.5,0.49,2026-08-21,10:51:00,N21,nominal,2.0NRT,302.3,7.64,D,VIIRS
49.25282,37.96814,334.05,0.5,0.49,2026-08-21,10:51:00,N21,nominal,2.0NRT,302.88,3.59,D,VIIRS
49.24515,38.06051,346.37,0.51,0.49,2026-08-21,10:51:00,N21,nominal,2.0NRT,307.29,13.94,D,VIIRS
49.2456,38.06744,345.24,0.51,0.49,2026-08-21,10:51:00,N21,nominal,2.0NRT,303.5,11.23,D,VIIRS
49.21029,37.60458,331.4,0.48,0.48,2026-08-21,10:51:00,N21,nominal,2.0NRT,303.61,4.47,D,VIIRS
49.24062,38.06112,339.31,0.51,0.49,2026-08-21,10:51:00,N21,nominal,2.0NRT,303.64,4.25,D,VIIRS
49.24222,38.45831,343.12,0.53,0.5,2026-08-21,10:51:00,N21,nominal,2.0NRT,302.75,6.93,D,VIIRS
49.24265,38.46549,331.44,0.53,0.5,2026-08-21,10:51:00,N21,nominal,2.0NRT,300.23,6.93,D,VIIRS
49.18713,37.86692,338.36,0.5,0.49,2026-08-21,10:51:00,N21,nominal,2.0NRT,305.57,5.05,D,VIIRS
49.1755,37.827,339.97,0.5,0.49,2026-08-21,10:51:00,N21,nominal,2.0NRT,301.34,11.53,D,VIIRS
49.17103,37.82774,340,0.5,0.49,2026-08-21,10:51:00,N21,nominal,2.0NRT,302.23,7.96,D,VIIRS
48.81502,33.59161,335.71,0.49,0.41,2026-08-21,10:51:00,N21,low,2.0NRT,308.25,5.6,D,VIIRS
48.81319,33.59182,335.44,0.49,0.41,2026-08-21,10:51:00,N21,low,2.0NRT,308.4,4.77,D,VIIRS
49.19749,38.11627,331.17,0.51,0.49,2026-08-21,10:51:00,N21,low,2.0NRT,302.61,4.13,D,VIIRS
49.17319,37.82646,336.61,0.5,0.49,2026-08-21,10:51:00,N21,nominal,2.0NRT,301.59,9.63,D,VIIRS
49.17366,37.83324,340.05,0.5,0.49,2026-08-21,10:51:00,N21,nominal,2.0NRT,303.18,14.12,D,VIIRS
49.12387,37.20257,340.23,0.46,0.47,2026-08-21,10:51:00,N21,nominal,2.0NRT,301.97,5.35,D,VIIRS
49.11907,37.19711,340.5,0.46,0.47,2026-08-21,10:51:00,N21,nominal,2.0NRT,305.4,4.46,D,VIIRS
49.11953,37.20333,334.43,0.46,0.47,2026-08-21,10:51:00,N21,nominal,2.0NRT,303.93,4.62,D,VIIRS
49.16153,37.98888,335.47,0.5,0.49,2026-08-21,10:51:00,N21,nominal,2.0NRT,305.17,6.58,D,VIIRS
49.12551,37.53048,335.89,0.48,0.48,2026-08-21,10:51:00,N21,nominal,2.0NRT,306.11,9.4,D,VIIRS
49.12597,37.53698,349.22,0.48,0.48,2026-08-21,10:51:00,N21,nominal,2.0NRT,307.97,9.4,D,VIIRS
49.15702,37.98956,337.33,0.5,0.49,2026-08-21,10:51:00,N21,nominal,2.0NRT,303.56,7.63,D,VIIRS
49.17126,38.2781,339.39,0.52,0.5,2026-08-21,10:51:00,N21,nominal,2.0NRT,303.67,6.3,D,VIIRS
49.14304,37.98495,340.81,0.5,0.49,2026-08-21,10:51:00,N21,nominal,2.0NRT,303.87,5.71,D,VIIRS
49.04078,37.02628,334.65,0.46,0.47,2026-08-21,10:51:00,N21,low,2.0NRT,305.14,104.86,D,VIIRS
49.03693,37.03328,346.01,0.46,0.47,2026-08-21,10:51:00,N21,nominal,2.0NRT,308.93,37.92,D,VIIRS
49.09396,37.86014,340.29,0.5,0.49,2026-08-21,10:51:00,N21,nominal,2.0NRT,303.32,9.23,D,VIIRS
49.10726,38.06658,332.09,0.51,0.49,2026-08-21,10:51:00,N21,nominal,2.0NRT,303.33,5.07,D,VIIRS
49.10142,38.04657,331.71,0.51,0.49,2026-08-21,10:51:00,N21,low,2.0NRT,302.59,2.84,D,VIIRS
49.07111,37.85687,339.24,0.5,0.49,2026-08-21,10:51:00,N21,nominal,2.0NRT,302.7,4.95,D,VIIRS
49.06664,37.85757,335.46,0.5,0.49,2026-08-21,10:51:00,N21,nominal,2.0NRT,303.13,5.47,D,VIIRS
48.13955,29.07738,345.61,0.39,0.36,2026-08-21,10:51:00,N21,nominal,2.0NRT,310.5,6.78,D,VIIRS
49.07352,37.85732,337.58,0.5,0.49,2026-08-21,10:51:00,N21,nominal,2.0NRT,302.31,2.73,D,VIIRS
49.06456,37.85865,337.48,0.5,0.49,2026-08-21,10:51:00,N21,nominal,2.0NRT,302.47,5.03,D,VIIRS
49.06493,37.99702,334.31,0.5,0.49,2026-08-21,10:51:00,N21,nominal,2.0NRT,301.96,4.49,D,VIIRS
49.06633,38.01775,346.61,0.5,0.49,2026-08-21,10:51:00,N21,nominal,2.0NRT,304.81,6.13,D,VIIRS
49.05949,37.98391,345.32,0.5,0.49,2026-08-21,10:51:00,N21,nominal,2.0NRT,301.59,12.18,D,VIIRS
49.05995,37.99075,352.77,0.5,0.49,2026-08-21,10:51:00,N21,nominal,2.0NRT,305.68,12.18,D,VIIRS
49.06041,37.99761,348.86,0.5,0.49,2026-08-21,10:51:00,N21,nominal,2.0NRT,307.34,19,D,VIIRS
49.06087,38.00447,350.96,0.5,0.49,2026-08-21,10:51:00,N21,nominal,2.0NRT,310.46,19,D,VIIRS
49.05636,38.00515,331.28,0.5,0.49,2026-08-21,10:51:00,N21,low,2.0NRT,302.29,19,D,VIIRS
48.96221,36.93454,349.84,0.45,0.47,2026-08-21,10:51:00,N21,nominal,2.0NRT,308.74,8.11,D,VIIRS
48.96267,36.9406,348.8,0.45,0.47,2026-08-21,10:51:00,N21,nominal,2.0NRT,306.8,8.11,D,VIIRS
48.96312,36.94666,339.35,0.45,0.47,2026-08-21,10:51:00,N21,nominal,2.0NRT,304.72,6.16,D,VIIRS
48.957,36.92307,333.51,0.45,0.47,2026-08-21,10:51:00,N21,low,2.0NRT,306.54,3.88,D,VIIRS
48.58958,33.00845,341.12,0.47,0.4,2026-08-21,10:51:00,N21,nominal,2.0NRT,310.13,6.85,D,VIIRS
48.58598,33.0094,333.03,0.47,0.4,2026-08-21,10:51:00,N21,low,2.0NRT,305.23,2.72,D,VIIRS
48.58668,33.01571,338.96,0.47,0.4,2026-08-21,10:51:00,N21,nominal,2.0NRT,305.77,2.72,D,VIIRS
49.00901,38.04783,341.3,0.51,0.49,2026-08-21,10:51:00,N21,nominal,2.0NRT,306.62,4.13,D,VIIRS
48.97509,37.67015,337.97,0.49,0.48,2026-08-21,10:51:00,N21,nominal,2.0NRT,303.15,4.89,D,VIIRS
48.97287,37.70404,342.26,0.49,0.48,2026-08-21,10:51:00,N21,nominal,2.0NRT,306.91,8.41,D,VIIRS
48.95913,37.63275,338.86,0.48,0.48,2026-08-21,10:51:00,N21,nominal,2.0NRT,301.77,4.56,D,VIIRS
48.96594,37.94368,341,0.5,0.49,2026-08-21,10:51:00,N21,nominal,2.0NRT,306.16,9.99,D,VIIRS
48.96014,37.92392,335.29,0.5,0.49,2026-08-21,10:51:00,N21,nominal,2.0NRT,305.2,3.3,D,VIIRS
48.95578,37.63437,334.73,0.48,0.48,2026-08-21,10:51:00,N21,nominal,2.0NRT,303.74,7.15,D,VIIRS
48.96646,37.84817,332.76,0.49,0.49,2026-08-21,10:51:00,N21,low,2.0NRT,306.97,2.34,D,VIIRS
48.9686,37.9441,341.28,0.5,0.49,2026-08-21,10:51:00,N21,nominal,2.0NRT,307.12,5.2,D,VIIRS
48.95821,37.92511,354.13,0.5,0.49,2026-08-21,10:51:00,N21,nominal,2.0NRT,308.03,12.73,D,VIIRS
48.87846,36.95088,339.38,0.45,0.47,2026-08-21,10:51:00,N21,nominal,2.0NRT,302.78,2.5,D,VIIRS
48.94709,37.96165,334.25,0.5,0.49,2026-08-21,10:51:00,N21,nominal,2.0NRT,305.46,3.9,D,VIIRS
48.94895,37.98906,354.37,0.5,0.49,2026-08-21,10:51:00,N21,nominal,2.0NRT,309.98,24.27,D,VIIRS
48.93378,37.83297,352.13,0.49,0.49,2026-08-21,10:51:00,N21,nominal,2.0NRT,309.36,22.73,D,VIIRS
48.94167,37.94869,344.06,0.5,0.49,2026-08-21,10:51:00,N21,nominal,2.0NRT,306.58,9.93,D,VIIRS
48.84546,36.69255,341.42,0.44,0.46,2026-08-21,10:51:00,N21,nominal,2.0NRT,307.67,5.57,D,VIIRS
48.92577,37.848,336.31,0.49,0.49,2026-08-21,10:51:00,N21,nominal,2.0NRT,304.94,3.97,D,VIIRS
48.83654,36.68818,333.7,0.44,0.46,2026-08-21,10:51:00,N21,low,2.0NRT,305.75,3.52,D,VIIRS
48.92194,37.99337,336.69,0.5,0.49,2026-08-21,10:51:00,N21,nominal,2.0NRT,303.61,4.62,D,VIIRS
48.9224,38.00021,333.25,0.5,0.49,2026-08-21,10:51:00,N21,nominal,2.0NRT,304.73,7.72,D,VIIRS
48.87086,37.3192,331.35,0.47,0.48,2026-08-21,10:51:00,N21,low,2.0NRT,306.11,4.65,D,VIIRS
48.87133,37.32563,348.05,0.47,0.48,2026-08-21,10:51:00,N21,nominal,2.0NRT,307.73,6.77,D,VIIRS
48.87178,37.33199,337.83,0.47,0.48,2026-08-21,10:51:00,N21,nominal,2.0NRT,305.79,6.77,D,VIIRS
48.89437,37.71795,334.26,0.49,0.48,2026-08-21,10:51:00,N21,low,2.0NRT,305.63,5.09,D,VIIRS
48.9048,37.87212,330.18,0.49,0.49,2026-08-21,10:51:00,N21,low,2.0NRT,303.63,4.76,D,VIIRS
48.8872,37.67863,348.42,0.48,0.48,2026-08-21,10:51:00,N21,nominal,2.0NRT,318.36,69.15,D,VIIRS
48.94515,38.65551,339.46,0.54,0.51,2026-08-21,10:51:00,N21,nominal,2.0NRT,307.34,51.42,D,VIIRS
48.94559,38.66286,350.5,0.54,0.51,2026-08-21,10:51:00,N21,nominal,2.0NRT,318.76,51.42,D,VIIRS
48.89808,37.97612,336.23,0.5,0.49,2026-08-21,10:51:00,N21,nominal,2.0NRT,302.45,4.18,D,VIIRS
48.9405,38.65614,342.37,0.54,0.51,2026-08-21,10:51:00,N21,nominal,2.0NRT,308.89,23.01,D,VIIRS
48.94094,38.66348,353.95,0.54,0.51,2026-08-21,10:51:00,N21,nominal,2.0NRT,313.41,23.01,D,VIIRS
48.94137,38.67082,336.22,0.54,0.51,2026-08-21,10:51:00,N21,low,2.0NRT,307.49,13.93,D,VIIRS
48.66236,35.15675,338.66,0.56,0.43,2026-08-21,10:51:00,N21,low,2.0NRT,309.82,12.34,D,VIIRS
48.66304,35.16439,332.83,0.56,0.43,2026-08-21,10:51:00,N21,low,2.0NRT,305.86,7.26,D,VIIRS
48.85131,37.67796,339.31,0.48,0.48,2026-08-21,10:51:00,N21,nominal,2.0NRT,302.81,5.61,D,VIIRS
48.85746,37.77068,338.11,0.49,0.49,2026-08-21,10:51:00,N21,nominal,2.0NRT,302.69,7.03,D,VIIRS
48.84811,37.76523,332.81,0.49,0.48,2026-08-21,10:51:00,N21,low,2.0NRT,303.5,4.1,D,VIIRS
48.87463,38.18125,337.86,0.51,0.49,2026-08-21,10:51:00,N21,nominal,2.0NRT,304.86,6.55,D,VIIRS
48.84365,37.76587,339.11,0.49,0.48,2026-08-21,10:51:00,N21,nominal,2.0NRT,304.49,4.1,D,VIIRS
48.85297,37.68353,341.15,0.48,0.48,2026-08-21,10:51:00,N21,nominal,2.0NRT,305.7,17.58,D,VIIRS
48.85467,37.77011,340.53,0.49,0.48,2026-08-21,10:51:00,N21,nominal,2.0NRT,303.41,4.08,D,VIIRS
48.84528,37.76467,350.91,0.49,0.48,2026-08-21,10:51:00,N21,nominal,2.0NRT,305.4,7.43,D,VIIRS
48.87389,38.18005,340.24,0.51,0.49,2026-08-21,10:51:00,N21,nominal,2.0NRT,305.38,6.29,D,VIIRS
48.85431,38.09281,339.84,0.51,0.49,2026-08-21,10:51:00,N21,nominal,2.0NRT,303.8,7.82,D,VIIRS
48.78801,37.5875,339.99,0.48,0.48,2026-08-21,10:51:00,N21,nominal,2.0NRT,303.72,8.72,D,VIIRS
48.53148,34.64586,336.73,0.54,0.42,2026-08-21,10:51:00,N21,nominal,2.0NRT,309.72,8.84,D,VIIRS
48.78516,37.80647,347.42,0.49,0.49,2026-08-21,10:51:00,N21,nominal,2.0NRT,307.8,7.8,D,VIIRS
48.8444,38.74217,337.76,0.54,0.51,2026-08-21,10:51:00,N21,nominal,2.0NRT,307.19,40.26,D,VIIRS
48.67165,36.59867,330.87,0.43,0.46,2026-08-21,10:51:00,N21,low,2.0NRT,304.7,16.17,D,VIIRS
48.67213,36.60479,338.52,0.43,0.46,2026-08-21,10:51:00,N21,nominal,2.0NRT,310.29,16.17,D,VIIRS
48.66793,36.60564,342.88,0.43,0.46,2026-08-21,10:51:00,N21,nominal,2.0NRT,305.6,7.63,D,VIIRS
48.66327,36.60046,338.37,0.43,0.46,2026-08-21,10:51:00,N21,nominal,2.0NRT,307.51,7.63,D,VIIRS
48.66373,36.60645,347.57,0.43,0.46,2026-08-21,10:51:00,N21,nominal,2.0NRT,307.91,7.63,D,VIIRS
48.76452,38.04406,333.3,0.5,0.49,2026-08-21,10:51:00,N21,low,2.0NRT,306.79,3.36,D,VIIRS
48.66312,36.60231,338.77,0.43,0.46,2026-08-21,10:51:00,N21,nominal,2.0NRT,307.7,6.81,D,VIIRS
48.66361,36.60825,353.48,0.43,0.46,2026-08-21,10:51:00,N21,nominal,2.0NRT,306.56,8.94,D,VIIRS
48.60437,36.19941,334.5,0.41,0.45,2026-08-21,10:51:00,N21,low,2.0NRT,308.84,3.3,D,VIIRS
48.59978,36.19468,341.79,0.41,0.45,2026-08-21,10:51:00,N21,nominal,2.0NRT,307.87,4.83,D,VIIRS
48.71676,37.96855,339.89,0.5,0.49,2026-08-21,10:51:00,N21,nominal,2.0NRT,304.11,8.89,D,VIIRS
48.71723,37.97544,342.22,0.5,0.49,2026-08-21,10:51:00,N21,nominal,2.0NRT,309.36,25.87,D,VIIRS
48.32141,33.55767,340.61,0.49,0.4,2026-08-21,10:51:00,N21,nominal,2.0NRT,308.49,4.44,D,VIIRS
48.68745,37.80288,341.38,0.49,0.48,2026-08-21,10:51:00,N21,nominal,2.0NRT,305.61,9.47,D,VIIRS
48.69836,38.10228,330.67,0.5,0.49,2026-08-21,10:51:00,N21,low,2.0NRT,305.3,8.19,D,VIIRS
48.6988,38.10898,344.52,0.5,0.49,2026-08-21,10:51:00,N21,nominal,2.0NRT,305.73,8.19,D,VIIRS
48.67366,37.79853,347.16,0.49,0.48,2026-08-21,10:51:00,N21,nominal,2.0NRT,304.68,7.37,D,VIIRS
48.69298,38.08972,330.81,0.5,0.49,2026-08-21,10:51:00,N21,low,2.0NRT,303.54,9.43,D,VIIRS
48.69429,38.10977,349.32,0.5,0.49,2026-08-21,10:51:00,N21,nominal,2.0NRT,306.78,14.38,D,VIIRS
48.65812,37.76793,341.55,0.49,0.48,2026-08-21,10:51:00,N21,nominal,2.0NRT,307.96,10.79,D,VIIRS
48.65944,37.78756,337.46,0.49,0.48,2026-08-21,10:51:00,N21,nominal,2.0NRT,306.34,5.6,D,VIIRS
48.66966,37.94149,333.05,0.5,0.49,2026-08-21,10:51:00,N21,nominal,2.0NRT,303.94,2.55,D,VIIRS
48.67011,37.94822,334.2,0.5,0.49,2026-08-21,10:51:00,N21,nominal,2.0NRT,304.87,2.55,D,VIIRS
48.65896,37.84769,355.78,0.49,0.49,2026-08-21,10:51:00,N21,nominal,2.0NRT,309.69,18.24,D,VIIRS
48.64423,37.89816,333.62,0.49,0.49,2026-08-21,10:51:00,N21,low,2.0NRT,304.64,9.02,D,VIIRS
48.64467,37.90488,350.52,0.49,0.49,2026-08-21,10:51:00,N21,nominal,2.0NRT,307.12,17.41,D,VIIRS
48.63978,37.89916,351.11,0.49,0.49,2026-08-21,10:51:00,N21,nominal,2.0NRT,309,9.02,D,VIIRS
48.64684,37.9053,346.89,0.49,0.49,2026-08-21,10:51:00,N21,nominal,2.0NRT,305.41,11.57,D,VIIRS
48.64238,37.90619,341.92,0.49,0.49,2026-08-21,10:51:00,N21,nominal,2.0NRT,307.8,11.57,D,VIIRS
48.64191,37.89946,367,0.49,0.49,2026-08-21,10:51:00,N21,high,2.0NRT,310.49,11.57,D,VIIRS
48.63365,37.8462,338.54,0.49,0.49,2026-08-21,10:51:00,N21,nominal,2.0NRT,304.51,10.19,D,VIIRS
48.63604,37.88016,342.94,0.49,0.49,2026-08-21,10:51:00,N21,nominal,2.0NRT,303.91,4.88,D,VIIRS
48.62638,37.80694,338.43,0.49,0.48,2026-08-21,10:51:00,N21,nominal,2.0NRT,304.54,4.19,D,VIIRS
48.62918,37.84673,354.63,0.49,0.49,2026-08-21,10:51:00,N21,nominal,2.0NRT,305.33,10.19,D,VIIRS
48.63109,37.87381,332.28,0.49,0.49,2026-08-21,10:51:00,N21,low,2.0NRT,306.79,4.88,D,VIIRS
48.62193,37.80758,336.11,0.49,0.48,2026-08-21,10:51:00,N21,nominal,2.0NRT,307.07,3.82,D,VIIRS
48.57501,37.22412,338.08,0.46,0.47,2026-08-21,10:51:00,N21,nominal,2.0NRT,306.17,3.97,D,VIIRS
48.64164,38.16021,345.78,0.51,0.49,2026-08-21,10:51:00,N21,nominal,2.0NRT,307.52,8.78,D,VIIRS
48.64209,38.16705,349.11,0.51,0.49,2026-08-21,10:51:00,N21,nominal,2.0NRT,306.15,8.78,D,VIIRS
48.64256,38.17391,341.95,0.51,0.49,2026-08-21,10:51:00,N21,nominal,2.0NRT,304.28,6.35,D,VIIRS
48.63711,38.16083,335.7,0.51,0.49,2026-08-21,10:51:00,N21,low,2.0NRT,308.37,13.57,D,VIIRS
48.58272,37.447,338.93,0.47,0.48,2026-08-21,10:51:00,N21,nominal,2.0NRT,306.37,5.55,D,VIIRS
48.63213,38.15477,350.05,0.51,0.49,2026-08-21,10:51:00,N21,nominal,2.0NRT,307,19.85,D,VIIRS
48.63258,38.16148,347.24,0.51,0.49,2026-08-21,10:51:00,N21,nominal,2.0NRT,310.47,13.57,D,VIIRS
48.60923,37.88395,336.14,0.49,0.49,2026-08-21,10:51:00,N21,nominal,2.0NRT,305,6.01,D,VIIRS
48.57722,37.49327,333.59,0.47,0.48,2026-08-21,10:51:00,N21,nominal,2.0NRT,305.06,3.53,D,VIIRS
48.58978,37.73303,339.42,0.48,0.48,2026-08-21,10:51:00,N21,nominal,2.0NRT,307.95,13.44,D,VIIRS
48.61854,38.2261,342.41,0.51,0.49,2026-08-21,10:51:00,N21,nominal,2.0NRT,306.74,10.12,D,VIIRS
48.53233,37.06269,339.81,0.45,0.47,2026-08-21,10:51:00,N21,nominal,2.0NRT,303.93,3.5,D,VIIRS
48.54987,37.29896,330.85,0.46,0.47,2026-08-21,10:51:00,N21,low,2.0NRT,304.75,3.32,D,VIIRS
48.65419,38.87276,344.82,0.55,0.51,2026-08-21,10:51:00,N21,nominal,2.0NRT,307.7,10.27,D,VIIRS
48.5788,37.83418,332.59,0.49,0.49,2026-08-21,10:51:00,N21,nominal,2.0NRT,302.9,2.48,D,VIIRS
48.63451,38.77958,342.17,0.54,0.51,2026-08-21,10:51:00,N21,nominal,2.0NRT,307.54,5.41,D,VIIRS
48.56099,37.70513,347.05,0.48,0.48,2026-08-21,10:51:00,N21,nominal,2.0NRT,307.81,10.63,D,VIIRS
48.45394,36.3324,339.77,0.42,0.45,2026-08-21,10:51:00,N21,nominal,2.0NRT,305.65,7.55,D,VIIRS
48.44934,36.32755,344.34,0.42,0.45,2026-08-21,10:51:00,N21,nominal,2.0NRT,311.85,6.49,D,VIIRS
48.44979,36.33317,335.88,0.42,0.45,2026-08-21,10:51:00,N21,low,2.0NRT,307.73,6.49,D,VIIRS
48.56771,37.93763,336.06,0.49,0.49,2026-08-21,10:51:00,N21,low,2.0NRT,306.66,6.06,D,VIIRS
48.56323,37.93816,342.33,0.49,0.49,2026-08-21,10:51:00,N21,nominal,2.0NRT,304.66,6.06,D,VIIRS
48.51334,37.2793,350.35,0.46,0.47,2026-08-21,10:51:00,N21,nominal,2.0NRT,304.64,10.79,D,VIIRS
48.50633,37.24279,339.47,0.46,0.47,2026-08-21,10:51:00,N21,nominal,2.0NRT,304.38,4.26,D,VIIRS
48.50678,37.24902,333.34,0.46,0.47,2026-08-21,10:51:00,N21,low,2.0NRT,305.98,4.26,D,VIIRS
48.56009,38.02853,344.38,0.5,0.49,2026-08-21,10:51:00,N21,nominal,2.0NRT,306.07,5.84,D,VIIRS
48.502,37.24353,344.48,0.46,0.47,2026-08-21,10:51:00,N21,nominal,2.0NRT,307.09,12.05,D,VIIRS
48.48564,37.0777,332.3,0.45,0.47,2026-08-21,10:51:00,N21,low,2.0NRT,304.85,3.31,D,VIIRS
48.35828,35.58311,335.72,0.39,0.44,2026-08-21,10:51:00,N21,nominal,2.0NRT,305.58,4.74,D,VIIRS
47.77831,30.36812,340.66,0.4,0.37,2026-08-21,10:51:00,N21,nominal,2.0NRT,309.94,2.7,D,VIIRS
47.7576,30.28335,347.66,0.4,0.37,2026-08-21,10:51:00,N21,nominal,2.0NRT,312.79,7.75,D,VIIRS
47.75832,30.28857,337.42,0.4,0.37,2026-08-21,10:51:00,N21,low,2.0NRT,311.13,7.75,D,VIIRS
48.25602,34.45196,333.39,0.52,0.42,2026-08-21,10:51:00,N21,nominal,2.0NRT,306.01,4.92,D,VIIRS
48.36099,35.58368,337.05,0.39,0.44,2026-08-21,10:51:00,N21,nominal,2.0NRT,308.92,3.86,D,VIIRS
48.48759,37.07742,331.77,0.45,0.47,2026-08-21,10:51:00,N21,low,2.0NRT,304.76,4.67,D,VIIRS
48.50049,37.24369,346.11,0.46,0.47,2026-08-21,10:51:00,N21,nominal,2.0NRT,308.67,10.71,D,VIIRS
48.5581,38.02813,332.08,0.5,0.49,2026-08-21,10:51:00,N21,low,2.0NRT,305.73,8.04,D,VIIRS
48.51031,37.49017,334.73,0.47,0.48,2026-08-21,10:51:00,N21,nominal,2.0NRT,304.66,3.88,D,VIIRS
48.42895,36.77145,354.76,0.44,0.46,2026-08-21,10:51:00,N21,nominal,2.0NRT,311.9,11.9,D,VIIRS
48.45511,37.10723,341.99,0.45,0.47,2026-08-21,10:51:00,N21,nominal,2.0NRT,304.82,6.15,D,VIIRS
48.45652,37.1256,339.05,0.45,0.47,2026-08-21,10:51:00,N21,nominal,2.0NRT,307.72,7.09,D,VIIRS
48.54838,38.427,331.76,0.52,0.5,2026-08-21,10:51:00,N21,low,2.0NRT,303.45,7.32,D,VIIRS
48.42427,36.76639,349.76,0.44,0.46,2026-08-21,10:51:00,N21,nominal,2.0NRT,308.37,9.36,D,VIIRS
48.54288,38.4135,350.43,0.52,0.5,2026-08-21,10:51:00,N21,nominal,2.0NRT,308.91,39.91,D,VIIRS
48.54334,38.42063,340.5,0.52,0.5,2026-08-21,10:51:00,N21,nominal,2.0NRT,305.39,7.32,D,VIIRS
47.8698,31.4185,348.01,0.42,0.37,2026-08-21,10:51:00,N21,nominal,2.0NRT,313.49,6.5,D,VIIRS
48.48457,37.62443,331.72,0.48,0.48,2026-08-21,10:51:00,N21,nominal,2.0NRT,306.35,4.09,D,VIIRS
48.5383,38.4141,341.01,0.52,0.5,2026-08-21,10:51:00,N21,nominal,2.0NRT,307.11,6.73,D,VIIRS
47.8664,31.41945,344.59,0.42,0.37,2026-08-21,10:51:00,N21,nominal,2.0NRT,310.86,6.5,D,VIIRS
47.8671,31.42495,347.65,0.42,0.37,2026-08-21,10:51:00,N21,nominal,2.0NRT,312.3,6.5,D,VIIRS
48.44608,37.27742,367,0.46,0.47,2026-08-21,10:51:00,N21,high,2.0NRT,308.66,12.39,D,VIIRS
48.44869,37.37278,349.08,0.46,0.47,2026-08-21,10:51:00,N21,nominal,2.0NRT,309.81,17.55,D,VIIRS
48.47942,38.00473,336.02,0.5,0.49,2026-08-21,10:51:00,N21,nominal,2.0NRT,303.14,3.92,D,VIIRS
48.46291,37.89313,344.06,0.49,0.49,2026-08-21,10:51:00,N21,nominal,2.0NRT,310.56,9.74,D,VIIRS
47.5525,29.34577,344.31,0.39,0.36,2026-08-21,10:51:00,N21,nominal,2.0NRT,310.18,9.66,D,VIIRS
48.40631,37.15295,340.75,0.45,0.47,2026-08-21,10:51:00,N21,nominal,2.0NRT,306.18,5.65,D,VIIRS
48.46643,38.01381,333.96,0.5,0.49,2026-08-21,10:51:00,N21,nominal,2.0NRT,302.52,4.26,D,VIIRS
48.42543,37.47892,337.37,0.47,0.48,2026-08-21,10:51:00,N21,nominal,2.0NRT,306.59,2.39,D,VIIRS
48.38374,37.08265,340.4,0.45,0.47,2026-08-21,10:51:00,N21,nominal,2.0NRT,304.87,8.51,D,VIIRS
48.41196,37.60397,336.58,0.48,0.48,2026-08-21,10:51:00,N21,nominal,2.0NRT,305.37,8.32,D,VIIRS
48.42862,37.85147,355.3,0.49,0.48,2026-08-21,10:51:00,N21,nominal,2.0NRT,308.73,9.94,D,VIIRS
48.37708,37.17031,330.3,0.45,0.47,2026-08-21,10:51:00,N21,low,2.0NRT,305.16,3.26,D,VIIRS
48.38688,37.30741,333.44,0.46,0.47,2026-08-21,10:51:00,N21,low,2.0NRT,304.76,1.15,D,VIIRS
48.41189,37.59847,339.45,0.48,0.48,2026-08-21,10:51:00,N21,nominal,2.0NRT,303.91,3.34,D,VIIRS
48.4303,37.85199,351.97,0.49,0.48,2026-08-21,10:51:00,N21,nominal,2.0NRT,309.08,12.18,D,VIIRS
48.28968,36.17348,345.1,0.41,0.45,2026-08-21,10:51:00,N21,nominal,2.0NRT,309.69,13.59,D,VIIRS
48.38428,37.52477,341.09,0.47,0.48,2026-08-21,10:51:00,N21,nominal,2.0NRT,304.18,8.82,D,VIIRS
48.28782,36.34925,339.59,0.42,0.45,2026-08-21,10:51:00,N21,low,2.0NRT,310.03,3.89,D,VIIRS
48.37991,37.52545,355.72,0.47,0.48,2026-08-21,10:51:00,N21,nominal,2.0NRT,309.42,21.06,D,VIIRS
48.38039,37.53205,339.66,0.47,0.48,2026-08-21,10:51:00,N21,nominal,2.0NRT,305.45,4.76,D,VIIRS
48.33031,36.98312,332.43,0.45,0.47,2026-08-21,10:51:00,N21,low,2.0NRT,306.86,2.13,D,VIIRS
48.37024,37.51423,348.84,0.47,0.48,2026-08-21,10:51:00,N21,nominal,2.0NRT,308.3,6.58,D,VIIRS
48.36169,37.45772,338.12,0.47,0.48,2026-08-21,10:51:00,N21,nominal,2.0NRT,303.92,8.07,D,VIIRS
48.36216,37.46412,340.98,0.47,0.48,2026-08-21,10:51:00,N21,nominal,2.0NRT,305.86,8.07,D,VIIRS
48.36586,37.51493,331.05,0.47,0.48,2026-08-21,10:51:00,N21,low,2.0NRT,305.23,6.58,D,VIIRS
48.37133,37.7157,347.61,0.48,0.48,2026-08-21,10:51:00,N21,nominal,2.0NRT,306.28,8.84,D,VIIRS
48.37178,37.72216,339.6,0.48,0.48,2026-08-21,10:51:00,N21,nominal,2.0NRT,302.23,8.84,D,VIIRS
48.36691,37.71637,353.11,0.48,0.48,2026-08-21,10:51:00,N21,nominal,2.0NRT,304.23,8.38,D,VIIRS
48.26532,36.43358,342.5,0.42,0.45,2026-08-21,10:51:00,N21,nominal,2.0NRT,308.64,10.22,D,VIIRS
48.36204,37.7106,342.65,0.48,0.48,2026-08-21,10:51:00,N21,nominal,2.0NRT,304.18,6.72,D,VIIRS
48.36249,37.71704,340.53,0.48,0.48,2026-08-21,10:51:00,N21,nominal,2.0NRT,304.42,8.38,D,VIIRS
47.45074,29.32813,334.12,0.39,0.36,2026-08-21,10:51:00,N21,low,2.0NRT,308.16,35.89,D,VIIRS
48.26249,36.50301,336.15,0.42,0.45,2026-08-21,10:51:00,N21,low,2.0NRT,306.44,3.97,D,VIIRS
47.44747,29.32915,338.92,0.39,0.36,2026-08-21,10:51:00,N21,low,2.0NRT,312.6,13.04,D,VIIRS
47.44821,29.33418,346.56,0.39,0.36,2026-08-21,10:51:00,N21,nominal,2.0NRT,313.61,13.04,D,VIIRS
47.6092,30.60274,342.18,0.4,0.37,2026-08-21,10:51:00,N21,nominal,2.0NRT,310.61,3.9,D,VIIRS
48.27217,37.07254,337.14,0.45,0.47,2026-08-21,10:51:00,N21,nominal,2.0NRT,306.31,3.73,D,VIIRS
48.27841,37.15754,339.68,0.45,0.47,2026-08-21,10:51:00,N21,nominal,2.0NRT,304.64,2.93,D,VIIRS
48.25029,36.89437,340.71,0.44,0.46,2026-08-21,10:51:00,N21,nominal,2.0NRT,305.52,4.05,D,VIIRS
48.27384,37.07389,337.29,0.45,0.47,2026-08-21,10:51:00,N21,nominal,2.0NRT,305.9,4.26,D,VIIRS
48.28052,37.15878,332.31,0.45,0.47,2026-08-21,10:51:00,N21,low,2.0NRT,304.41,3.63,D,VIIRS
48.25105,36.89604,336.91,0.44,0.46,2026-08-21,10:51:00,N21,nominal,2.0NRT,305.34,6.57,D,VIIRS
48.24635,36.94512,346.75,0.44,0.46,2026-08-21,10:51:00,N21,nominal,2.0NRT,306.02,6.4,D,VIIRS
48.27561,37.32166,340.18,0.46,0.47,2026-08-21,10:51:00,N21,nominal,2.0NRT,305.49,3.36,D,VIIRS
48.23831,36.95242,343.32,0.44,0.46,2026-08-21,10:51:00,N21,nominal,2.0NRT,305.96,4.83,D,VIIRS
48.24897,37.20141,349.52,0.45,0.47,2026-08-21,10:51:00,N21,nominal,2.0NRT,309.35,7.83,D,VIIRS
48.17469,36.32705,349.29,0.42,0.45,2026-08-21,10:51:00,N21,nominal,2.0NRT,311.25,15.49,D,VIIRS
48.17515,36.33258,350.27,0.42,0.45,2026-08-21,10:51:00,N21,nominal,2.0NRT,309.25,14.47,D,VIIRS
48.24467,37.2022,342.13,0.45,0.47,2026-08-21,10:51:00,N21,nominal,2.0NRT,307.35,7.83,D,VIIRS
48.22039,36.94368,343.11,0.44,0.46,2026-08-21,10:51:00,N21,nominal,2.0NRT,308.83,7.94,D,VIIRS
47.52679,30.49364,343.11,0.4,0.37,2026-08-21,10:51:00,N21,nominal,2.0NRT,312.59,11.58,D,VIIRS
48.2356,37.19759,346.03,0.45,0.47,2026-08-21,10:51:00,N21,nominal,2.0NRT,312.94,9.96,D,VIIRS
48.23606,37.20374,339.96,0.45,0.47,2026-08-21,10:51:00,N21,nominal,2.0NRT,305.68,9.96,D,VIIRS
48.224850000000004,37.11341,335.1,0.45,0.47,2026-08-21,10:51:00,N21,low,2.0NRT,307.03,6.29,D,VIIRS
48.22531,37.1194,355.44,0.45,0.47,2026-08-21,10:51:00,N21,nominal,2.0NRT,308.83,6.29,D,VIIRS
48.23131,37.19843,336.98,0.45,0.47,2026-08-21,10:51:00,N21,nominal,2.0NRT,307,4.44,D,VIIRS
48.28694,37.96954,341.39,0.49,0.49,2026-08-21,10:51:00,N21,nominal,2.0NRT,304.45,6.35,D,VIIRS
48.22239,37.13814,339.53,0.45,0.47,2026-08-21,10:51:00,N21,nominal,2.0NRT,307.49,4.87,D,VIIRS
48.18697,37.07105,340.14,0.45,0.47,2026-08-21,10:51:00,N21,nominal,2.0NRT,306.67,6.59,D,VIIRS
47.67274,31.95037,340.72,0.43,0.38,2026-08-21,10:51:00,N21,nominal,2.0NRT,306.9,3.21,D,VIIRS
48.21568,37.71542,335.89,0.48,0.48,2026-08-21,10:51:00,N21,low,2.0NRT,307.34,17,D,VIIRS
48.21613,37.72194,336.18,0.48,0.48,2026-08-21,10:51:00,N21,low,2.0NRT,308.63,17.82,D,VIIRS
48.17407,37.19001,350.22,0.45,0.47,2026-08-21,10:51:00,N21,nominal,2.0NRT,306.15,28.81,D,VIIRS
48.16933,37.1846,340.37,0.45,0.47,2026-08-21,10:51:00,N21,nominal,2.0NRT,305.86,5.41,D,VIIRS
48.16978,37.19073,336.75,0.45,0.47,2026-08-21,10:51:00,N21,nominal,2.0NRT,303.07,5.41,D,VIIRS
48.16636,37.2036,332.92,0.45,0.47,2026-08-21,10:51:00,N21,low,2.0NRT,304,5.44,D,VIIRS
48.16247,37.01418,343.66,0.44,0.46,2026-08-21,10:51:00,N21,nominal,2.0NRT,308.72,4.05,D,VIIRS
48.21629,37.71452,333.53,0.48,0.48,2026-08-21,10:51:00,N21,low,2.0NRT,304.29,16.27,D,VIIRS
48.21676,37.72102,344.67,0.48,0.48,2026-08-21,10:51:00,N21,nominal,2.0NRT,310.01,16.27,D,VIIRS
48.15821,37.01491,331.69,0.44,0.46,2026-08-21,10:51:00,N21,low,2.0NRT,306.56,4.05,D,VIIRS
48.17155,37.18389,338.26,0.45,0.47,2026-08-21,10:51:00,N21,nominal,2.0NRT,304.57,2.9,D,VIIRS
48.17203,37.18999,345.38,0.45,0.47,2026-08-21,10:51:00,N21,nominal,2.0NRT,307.86,38.49,D,VIIRS
48.16773,37.19065,340.24,0.45,0.47,2026-08-21,10:51:00,N21,nominal,2.0NRT,304.66,6.4,D,VIIRS
48.16868,37.2029,340.93,0.45,0.47,2026-08-21,10:51:00,N21,nominal,2.0NRT,305.28,4.31,D,VIIRS
47.5507,31.28247,336.47,0.41,0.37,2026-08-21,10:51:00,N21,low,2.0NRT,311.29,3.45,D,VIIRS
48.12985,36.76953,338.54,0.43,0.46,2026-08-21,10:51:00,N21,nominal,2.0NRT,304.96,3.53,D,VIIRS
48.1752,37.3441,331.94,0.46,0.47,2026-08-21,10:51:00,N21,low,2.0NRT,306.39,4.07,D,VIIRS
47.54733,31.28343,345.32,0.41,0.37,2026-08-21,10:51:00,N21,nominal,2.0NRT,312.55,9.28,D,VIIRS
48.1525,37.10703,340.36,0.45,0.47,2026-08-21,10:51:00,N21,nominal,2.0NRT,306.08,21.03,D,VIIRS
48.17087,37.34484,333.45,0.46,0.47,2026-08-21,10:51:00,N21,nominal,2.0NRT,304.15,3.35,D,VIIRS
47.55655,31.38183,342.04,0.41,0.37,2026-08-21,10:51:00,N21,nominal,2.0NRT,313.64,8.22,D,VIIRS
48.13977,37.00015,338.43,0.44,0.46,2026-08-21,10:51:00,N21,nominal,2.0NRT,306.9,2.22,D,VIIRS
48.14212,37.02995,334.89,0.45,0.47,2026-08-21,10:51:00,N21,low,2.0NRT,309.23,5.23,D,VIIRS
48.11862,36.78904,335.19,0.43,0.46,2026-08-21,10:51:00,N21,low,2.0NRT,309.26,3.8,D,VIIRS
48.13551,37.00082,340.36,0.44,0.46,2026-08-21,10:51:00,N21,nominal,2.0NRT,307.72,6.75,D,VIIRS
47.91488,34.57829,333.81,0.52,0.42,2026-08-21,10:51:00,N21,nominal,2.0NRT,306.67,2.25,D,VIIRS
47.91557,34.58526,346.83,0.52,0.42,2026-08-21,10:51:00,N21,nominal,2.0NRT,306.52,6.28,D,VIIRS
47.91315,34.60004,341.24,0.53,0.42,2026-08-21,10:51:00,N21,nominal,2.0NRT,305.4,7.01,D,VIIRS
48.01255,35.69139,339.74,0.39,0.44,2026-08-21,10:51:00,N21,low,2.0NRT,309.97,7.57,D,VIIRS
48.00856,35.6922,350.61,0.39,0.44,2026-08-21,10:51:00,N21,nominal,2.0NRT,311.6,8.35,D,VIIRS
48.00456,35.69302,342.5,0.39,0.44,2026-08-21,10:51:00,N21,nominal,2.0NRT,309.54,8.35,D,VIIRS
48.00502,35.6982,339.33,0.39,0.44,2026-08-21,10:51:00,N21,nominal,2.0NRT,311.25,8.35,D,VIIRS
48.12624,37.16032,340.26,0.45,0.47,2026-08-21,10:51:00,N21,nominal,2.0NRT,308.76,11.95,D,VIIRS
48.09649,36.88763,335.27,0.44,0.46,2026-08-21,10:51:00,N21,nominal,2.0NRT,305.84,9.5,D,VIIRS
48.09695,36.89357,341.89,0.44,0.46,2026-08-21,10:51:00,N21,nominal,2.0NRT,310.44,9.5,D,VIIRS
48.06741,36.57645,333.7,0.42,0.46,2026-08-21,10:51:00,N21,low,2.0NRT,304.8,3.15,D,VIIRS
48.07848,36.7141,342.77,0.43,0.46,2026-08-21,10:51:00,N21,nominal,2.0NRT,307.66,5.7,D,VIIRS
48.09227,36.88852,348.39,0.44,0.46,2026-08-21,10:51:00,N21,nominal,2.0NRT,311.69,11.95,D,VIIRS
48.09273,36.89444,341.82,0.44,0.46,2026-08-21,10:51:00,N21,nominal,2.0NRT,308.22,11.95,D,VIIRS
48.07466,36.77345,341.86,0.43,0.46,2026-08-21,10:51:00,N21,nominal,2.0NRT,308.11,6.03,D,VIIRS
48.12872,37.5485,341.74,0.47,0.48,2026-08-21,10:51:00,N21,nominal,2.0NRT,306.61,35.66,D,VIIRS
48.12917,37.55479,347.11,0.47,0.48,2026-08-21,10:51:00,N21,nominal,2.0NRT,315.92,35.66,D,VIIRS
48.1248,37.55547,345.68,0.47,0.48,2026-08-21,10:51:00,N21,nominal,2.0NRT,314.08,12.33,D,VIIRS
48.12435,37.54918,367,0.47,0.48,2026-08-21,10:51:00,N21,high,2.0NRT,310.83,12.33,D,VIIRS
48.12043,37.5562,343.77,0.47,0.48,2026-08-21,10:51:00,N21,nominal,2.0NRT,311.15,12.33,D,VIIRS
48.06326,36.84619,339.61,0.44,0.46,2026-08-21,10:51:00,N21,nominal,2.0NRT,309.05,5.01,D,VIIRS
48.11562,37.55079,335.27,0.47,0.48,2026-08-21,10:51:00,N21,low,2.0NRT,308.81,5.11,D,VIIRS
48.03993,36.65678,343.34,0.43,0.46,2026-08-21,10:51:00,N21,nominal,2.0NRT,311.64,37.96,D,VIIRS
48.02571,36.5841,343.53,0.42,0.46,2026-08-21,10:51:00,N21,nominal,2.0NRT,306.67,12.3,D,VIIRS
48.08884,37.42254,343.42,0.46,0.47,2026-08-21,10:51:00,N21,nominal,2.0NRT,305.42,5.4,D,VIIRS
48.08972,37.43486,349.84,0.46,0.47,2026-08-21,10:51:00,N21,nominal,2.0NRT,307.33,14.32,D,VIIRS
48.02155,36.58488,354.58,0.42,0.46,2026-08-21,10:51:00,N21,nominal,2.0NRT,305.68,12.3,D,VIIRS
48.0845,37.42327,336.26,0.46,0.47,2026-08-21,10:51:00,N21,low,2.0NRT,308.08,5.4,D,VIIRS
48.08582,37.44168,341.79,0.46,0.47,2026-08-21,10:51:00,N21,nominal,2.0NRT,305.49,93.04,D,VIIRS
48.08538,37.43555,367,0.46,0.47,2026-08-21,10:51:00,N21,high,2.0NRT,310.3,14.32,D,VIIRS
48.03836,36.85656,344.05,0.44,0.46,2026-08-21,10:51:00,N21,nominal,2.0NRT,311.18,9.22,D,VIIRS
48.0206,36.58703,339.57,0.42,0.46,2026-08-21,10:51:00,N21,nominal,2.0NRT,302.38,4.37,D,VIIRS
48.08784,37.42419,340.93,0.46,0.47,2026-08-21,10:51:00,N21,nominal,2.0NRT,306.1,5.32,D,VIIRS
48.08831,37.43033,339.73,0.46,0.47,2026-08-21,10:51:00,N21,nominal,2.0NRT,305.32,5.32,D,VIIRS
48.08878,37.43647,348.7,0.46,0.47,2026-08-21,10:51:00,N21,nominal,2.0NRT,309.92,19.9,D,VIIRS
48.08925,37.44263,342.33,0.46,0.47,2026-08-21,10:51:00,N21,nominal,2.0NRT,311.91,19.9,D,VIIRS
48.03877,36.85827,336.36,0.44,0.46,2026-08-21,10:51:00,N21,low,2.0NRT,309.61,3.57,D,VIIRS
48.08397,37.43104,335.22,0.46,0.47,2026-08-21,10:51:00,N21,low,2.0NRT,309.3,5.32,D,VIIRS
48.08443,37.43716,352.81,0.46,0.47,2026-08-21,10:51:00,N21,nominal,2.0NRT,308.03,19.9,D,VIIRS
48.03456,36.85917,336.43,0.44,0.46,2026-08-21,10:51:00,N21,low,2.0NRT,310.45,4.82,D,VIIRS
47.95609,36.12584,346.25,0.4,0.45,2026-08-21,10:51:00,N21,nominal,2.0NRT,310.13,16.6,D,VIIRS
47.95201,36.12659,352.47,0.4,0.45,2026-08-21,10:51:00,N21,nominal,2.0NRT,316.45,16.6,D,VIIRS
48.104730000000004,38.21481,352.98,0.5,0.49,2026-08-21,10:51:00,N21,nominal,2.0NRT,307.72,21.92,D,VIIRS
47.99706,36.81849,342.61,0.43,0.46,2026-08-21,10:51:00,N21,low,2.0NRT,314.86,20.32,D,VIIRS
48.10112,38.22872,334.28,0.5,0.49,2026-08-21,10:51:00,N21,low,2.0NRT,305.54,5.95,D,VIIRS
48.19398,39.75328,353.44,0.59,0.53,2026-08-21,10:51:00,N21,nominal,2.0NRT,304.95,24.44,D,VIIRS
48.09525,38.20928,344.23,0.5,0.49,2026-08-21,10:51:00,N21,nominal,2.0NRT,307.97,11.51,D,VIIRS
48.09614,38.22253,342.66,0.5,0.49,2026-08-21,10:51:00,N21,nominal,2.0NRT,308.86,5.95,D,VIIRS
48.18912,39.75383,355.03,0.59,0.53,2026-08-21,10:51:00,N21,nominal,2.0NRT,307.36,24.44,D,VIIRS
47.95994,36.51769,339.83,0.42,0.45,2026-08-21,10:51:00,N21,nominal,2.0NRT,306.29,3.73,D,VIIRS
47.99413,36.9439,334.68,0.44,0.46,2026-08-21,10:51:00,N21,low,2.0NRT,305.16,3.79,D,VIIRS
48.17765,39.722410000000004,347.74,0.59,0.53,2026-08-21,10:51:00,N21,nominal,2.0NRT,309.07,29.58,D,VIIRS
47.87455,35.57505,346.91,0.38,0.43,2026-08-21,10:51:00,N21,nominal,2.0NRT,311.18,10.98,D,VIIRS
47.98203,36.84464,349.44,0.44,0.46,2026-08-21,10:51:00,N21,nominal,2.0NRT,306.64,8.19,D,VIIRS
47.84266,35.27075,333.48,0.56,0.43,2026-08-21,10:51:00,N21,low,2.0NRT,307.15,3.61,D,VIIRS
48.079,38.30798,335.98,0.51,0.49,2026-08-21,10:51:00,N21,nominal,2.0NRT,305.42,5.3,D,VIIRS
47.95698,36.74369,346.8,0.43,0.46,2026-08-21,10:51:00,N21,nominal,2.0NRT,310.51,5.08,D,VIIRS
48.09623,38.80079,335.85,0.54,0.51,2026-08-21,10:51:00,N21,nominal,2.0NRT,303.95,36.47,D,VIIRS
48.09666,38.80785,341.58,0.54,0.51,2026-08-21,10:51:00,N21,nominal,2.0NRT,311.68,36.47,D,VIIRS
48.01587,37.70898,300.42,0.48,0.48,2026-08-21,10:51:00,N21,low,2.0NRT,310.58,33.99,D,VIIRS
47.80693,35.14344,330.63,0.55,0.43,2026-08-21,10:51:00,N21,nominal,2.0NRT,304.04,2.82,D,VIIRS
47.82666,35.3576,339.9,0.56,0.43,2026-08-21,10:51:00,N21,nominal,2.0NRT,312.31,9.2,D,VIIRS
47.96019,36.94943,342.44,0.44,0.46,2026-08-21,10:51:00,N21,nominal,2.0NRT,308.98,3.6,D,VIIRS
48.01631,37.71531,340.85,0.48,0.48,2026-08-21,10:51:00,N21,nominal,2.0NRT,307.22,27.03,D,VIIRS
47.82272,35.35839,337.18,0.56,0.43,2026-08-21,10:51:00,N21,low,2.0NRT,309.49,5.34,D,VIIRS
47.74711,34.75959,340.25,0.53,0.42,2026-08-21,10:51:00,N21,low,2.0NRT,311.36,9.21,D,VIIRS
48.00221,37.90097,335.42,0.49,0.48,2026-08-21,10:51:00,N21,nominal,2.0NRT,304.63,4.68,D,VIIRS
47.74329,34.76046,335.38,0.53,0.42,2026-08-21,10:51:00,N21,low,2.0NRT,309.39,8.38,D,VIIRS
47.74908,34.75957,338.94,0.53,0.42,2026-08-21,10:51:00,N21,nominal,2.0NRT,309.92,6.96,D,VIIRS
47.74526,34.76046,335.78,0.53,0.42,2026-08-21,10:51:00,N21,low,2.0NRT,310.75,4.8,D,VIIRS
47.89548,36.37257,331.5,0.41,0.45,2026-08-21,10:51:00,N21,nominal,2.0NRT,306.44,2.04,D,VIIRS
47.74144,34.7613,338.05,0.53,0.42,2026-08-21,10:51:00,N21,nominal,2.0NRT,307.89,4.8,D,VIIRS
47.74284,34.77537,335.91,0.53,0.42,2026-08-21,10:51:00,N21,low,2.0NRT,309.23,8.71,D,VIIRS
47.87543,36.23737,333.36,0.41,0.45,2026-08-21,10:51:00,N21,nominal,2.0NRT,307.1,1.69,D,VIIRS
47.87748,36.30912,340.57,0.41,0.45,2026-08-21,10:51:00,N21,nominal,2.0NRT,307.33,7.99,D,VIIRS
47.88173,36.35857,341.65,0.41,0.45,2026-08-21,10:51:00,N21,nominal,2.0NRT,309.83,5.6,D,VIIRS
47.90543,36.6902,344.8,0.43,0.46,2026-08-21,10:51:00,N21,nominal,2.0NRT,310.06,5.4,D,VIIRS
47.90219,36.70237,343.26,0.43,0.46,2026-08-21,10:51:00,N21,nominal,2.0NRT,312.35,7.47,D,VIIRS
47.90265,36.70807,341.18,0.43,0.46,2026-08-21,10:51:00,N21,nominal,2.0NRT,309.89,7.47,D,VIIRS
47.82972,36.14085,340.02,0.4,0.45,2026-08-21,10:51:00,N21,nominal,2.0NRT,305.89,3.05,D,VIIRS
47.89008,36.86855,343.76,0.44,0.46,2026-08-21,10:51:00,N21,nominal,2.0NRT,311.86,8.28,D,VIIRS
47.859,36.5891,338.39,0.42,0.45,2026-08-21,10:51:00,N21,nominal,2.0NRT,308.22,1.78,D,VIIRS
47.9208,37.49659,345.83,0.46,0.47,2026-08-21,10:51:00,N21,nominal,2.0NRT,310.94,10.01,D,VIIRS
47.71344,35.16327,335.67,0.55,0.43,2026-08-21,10:51:00,N21,low,2.0NRT,307.96,5.9,D,VIIRS
47.88283,37.16301,339.48,0.45,0.47,2026-08-21,10:51:00,N21,nominal,2.0NRT,309.26,5.05,D,VIIRS
47.83402,36.59346,343.61,0.42,0.45,2026-08-21,10:51:00,N21,nominal,2.0NRT,309.78,3.29,D,VIIRS
47.85227,36.82273,335.85,0.43,0.46,2026-08-21,10:51:00,N21,nominal,2.0NRT,304.96,1.45,D,VIIRS
47.82986,36.59422,344.41,0.42,0.45,2026-08-21,10:51:00,N21,nominal,2.0NRT,310.07,8.75,D,VIIRS
47.84806,36.82347,333.64,0.43,0.46,2026-08-21,10:51:00,N21,low,2.0NRT,305.51,3.04,D,VIIRS
47.84851,36.82924,331.48,0.43,0.46,2026-08-21,10:51:00,N21,low,2.0NRT,304.69,11.88,D,VIIRS
47.87472,37.17041,334.69,0.45,0.47,2026-08-21,10:51:00,N21,low,2.0NRT,309.36,2.88,D,VIIRS
47.87517,37.17643,339.89,0.45,0.47,2026-08-21,10:51:00,N21,low,2.0NRT,311.72,2.88,D,VIIRS
47.87562,37.18247,337.71,0.45,0.47,2026-08-21,10:51:00,N21,low,2.0NRT,310.27,4.07,D,VIIRS
47.84475,36.83577,353.66,0.43,0.46,2026-08-21,10:51:00,N21,nominal,2.0NRT,309.15,11.88,D,VIIRS
47.61796,34.37931,341.65,0.51,0.41,2026-08-21,10:51:00,N21,nominal,2.0NRT,307.87,6.53,D,VIIRS
47.6142,34.38016,335.3,0.51,0.41,2026-08-21,10:51:00,N21,low,2.0NRT,307.4,3.14,D,VIIRS
47.83213,36.83801,335.81,0.43,0.46,2026-08-21,10:51:00,N21,nominal,2.0NRT,306.87,2.33,D,VIIRS
47.6036,34.38944,333.1,0.51,0.41,2026-08-21,10:51:00,N21,low,2.0NRT,306.52,4.81,D,VIIRS
47.60363,34.39034,333.88,0.51,0.41,2026-08-21,10:51:00,N21,low,2.0NRT,306.92,3.52,D,VIIRS
47.53152,33.81907,336.29,0.49,0.4,2026-08-21,10:51:00,N21,nominal,2.0NRT,310.79,40.95,D,VIIRS
47.53083,33.81266,367,0.49,0.4,2026-08-21,10:51:00,N21,high,2.0NRT,325.37,47.76,D,VIIRS
47.52716,33.81352,347.2,0.49,0.4,2026-08-21,10:51:00,N21,nominal,2.0NRT,317.21,47.76,D,VIIRS
47.52924,33.83276,340.88,0.49,0.4,2026-08-21,10:51:00,N21,nominal,2.0NRT,310.82,6.73,D,VIIRS
47.82946,37.01741,344.8,0.44,0.46,2026-08-21,10:51:00,N21,nominal,2.0NRT,311.01,8.2,D,VIIRS
47.52349,33.81438,342.37,0.49,0.4,2026-08-21,10:51:00,N21,nominal,2.0NRT,315.69,18.55,D,VIIRS
47.5219,33.8345,348.3,0.49,0.4,2026-08-21,10:51:00,N21,nominal,2.0NRT,314.79,8.61,D,VIIRS
47.52259,33.84091,335.8,0.49,0.4,2026-08-21,10:51:00,N21,low,2.0NRT,310.3,8.61,D,VIIRS
47.78433,36.62193,348.64,0.42,0.45,2026-08-21,10:51:00,N21,nominal,2.0NRT,312.77,9.24,D,VIIRS
47.7848,36.62757,337.74,0.42,0.45,2026-08-21,10:51:00,N21,low,2.0NRT,310.94,5.15,D,VIIRS
47.78063,36.62829,349.55,0.42,0.45,2026-08-21,10:51:00,N21,nominal,2.0NRT,308.44,5.15,D,VIIRS
47.80917,37.03285,354.02,0.44,0.46,2026-08-21,10:51:00,N21,nominal,2.0NRT,310.3,8.51,D,VIIRS
47.7835,36.76641,337.24,0.43,0.46,2026-08-21,10:51:00,N21,low,2.0NRT,309.82,5.41,D,VIIRS
47.804,37.02198,354.66,0.44,0.46,2026-08-21,10:51:00,N21,nominal,2.0NRT,311.34,13.87,D,VIIRS
47.85461,37.686279999999996,331.71,0.47,0.48,2026-08-21,10:51:00,N21,low,2.0NRT,304.6,3.46,D,VIIRS
47.78025,36.77886,341.45,0.43,0.46,2026-08-21,10:51:00,N21,nominal,2.0NRT,311.34,7.83,D,VIIRS
47.49851,33.8269,336.27,0.49,0.4,2026-08-21,10:51:00,N21,low,2.0NRT,310.6,2.94,D,VIIRS
47.49919,33.83329,335.35,0.49,0.4,2026-08-21,10:51:00,N21,low,2.0NRT,309.22,2.94,D,VIIRS
47.77559,36.77377,343.88,0.43,0.46,2026-08-21,10:51:00,N21,nominal,2.0NRT,313.3,8.57,D,VIIRS
47.85739,37.84784,340.79,0.48,0.48,2026-08-21,10:51:00,N21,nominal,2.0NRT,305.71,6.02,D,VIIRS
47.44734,33.52696,309.88,0.47,0.4,2026-08-21,10:51:00,N21,low,2.0NRT,313.44,32.49,D,VIIRS
47.44802,33.53321,337.04,0.47,0.4,2026-08-21,10:51:00,N21,low,2.0NRT,310.72,32.49,D,VIIRS
47.44371,33.52784,312.13,0.47,0.4,2026-08-21,10:51:00,N21,low,2.0NRT,316.43,32.49,D,VIIRS
47.45824,33.73145,342.63,0.48,0.4,2026-08-21,10:51:00,N21,low,2.0NRT,312.84,7.09,D,VIIRS
47.73157,36.64876,344.05,0.42,0.45,2026-08-21,10:51:00,N21,nominal,2.0NRT,309.09,4.57,D,VIIRS
47.73203,36.65442,340.82,0.42,0.46,2026-08-21,10:51:00,N21,nominal,2.0NRT,307.7,4.57,D,VIIRS
47.76246,37.04108,343.64,0.44,0.46,2026-08-21,10:51:00,N21,nominal,2.0NRT,313.09,10.78,D,VIIRS
47.75731,37.03011,341.5,0.44,0.46,2026-08-21,10:51:00,N21,nominal,2.0NRT,309.01,8.41,D,VIIRS
47.75821,37.04183,343.14,0.44,0.46,2026-08-21,10:51:00,N21,nominal,2.0NRT,310.52,5.38,D,VIIRS
47.75866,37.04771,346.22,0.44,0.46,2026-08-21,10:51:00,N21,nominal,2.0NRT,310.64,5.38,D,VIIRS
47.80509,37.6759,334.55,0.47,0.48,2026-08-21,10:51:00,N21,low,2.0NRT,306.03,5.46,D,VIIRS
47.75352,37.03674,351.15,0.44,0.46,2026-08-21,10:51:00,N21,nominal,2.0NRT,311.04,8.41,D,VIIRS
47.80072,37.67668,342.95,0.47,0.48,2026-08-21,10:51:00,N21,nominal,2.0NRT,308.8,5.46,D,VIIRS
47.79634,37.67741,339.13,0.47,0.48,2026-08-21,10:51:00,N21,nominal,2.0NRT,307.88,6.68,D,VIIRS
47.90751,39.44846,335.35,0.57,0.52,2026-08-21,10:51:00,N21,nominal,2.0NRT,301.72,6.78,D,VIIRS
47.90272,39.44891,332.4,0.57,0.52,2026-08-21,10:51:00,N21,nominal,2.0NRT,301.97,6.78,D,VIIRS
47.75375,37.21127,354.08,0.45,0.47,2026-08-21,10:51:00,N21,nominal,2.0NRT,311.17,21.92,D,VIIRS
47.76855,37.47311,311.23,0.46,0.47,2026-08-21,10:51:00,N21,low,2.0NRT,311.82,41.49,D,VIIRS
47.74857,37.19992,334.41,0.45,0.47,2026-08-21,10:51:00,N21,low,2.0NRT,306.92,3.73,D,VIIRS
47.74901,37.20592,336.28,0.45,0.47,2026-08-21,10:51:00,N21,low,2.0NRT,307.84,3.73,D,VIIRS
47.74945,37.21194,343.34,0.45,0.47,2026-08-21,10:51:00,N21,nominal,2.0NRT,310.27,21.92,D,VIIRS
47.76899,37.47928,344.2,0.46,0.47,2026-08-21,10:51:00,N21,nominal,2.0NRT,310.13,18.95,D,VIIRS
47.76943,37.48544,343,0.46,0.47,2026-08-21,10:51:00,N21,nominal,2.0NRT,309.46,18.95,D,VIIRS
47.76987,37.4916,341.74,0.46,0.47,2026-08-21,10:51:00,N21,nominal,2.0NRT,309.7,18.74,D,VIIRS
47.77032,37.49776,352.71,0.46,0.47,2026-08-21,10:51:00,N21,nominal,2.0NRT,313.53,18.74,D,VIIRS
47.76465,37.47999,354.65,0.46,0.47,2026-08-21,10:51:00,N21,nominal,2.0NRT,313.59,30.92,D,VIIRS
47.77748,37.66111,334.07,0.47,0.48,2026-08-21,10:51:00,N21,low,2.0NRT,307.3,6.64,D,VIIRS
47.76421,37.47383,367,0.46,0.47,2026-08-21,10:51:00,N21,high,2.0NRT,336,90.85,D,VIIRS
47.74,37.20129,342.62,0.45,0.47,2026-08-21,10:51:00,N21,nominal,2.0NRT,310.6,20.23,D,VIIRS
47.75987,37.47453,348.1,0.46,0.47,2026-08-21,10:51:00,N21,nominal,2.0NRT,313.64,90.85,D,VIIRS
47.76031,37.48069,344.8,0.46,0.47,2026-08-21,10:51:00,N21,nominal,2.0NRT,313.64,30.92,D,VIIRS
47.75082,37.20551,333.18,0.45,0.47,2026-08-21,10:51:00,N21,low,2.0NRT,306.32,8.89,D,VIIRS
47.75129,37.21149,351.79,0.45,0.47,2026-08-21,10:51:00,N21,nominal,2.0NRT,311.15,8.89,D,VIIRS
47.77269,37.4845,336.78,0.46,0.47,2026-08-21,10:51:00,N21,low,2.0NRT,308.05,7.64,D,VIIRS
47.90746,39.44616,336.32,0.57,0.52,2026-08-21,10:51:00,N21,nominal,2.0NRT,302.44,11.35,D,VIIRS
47.76741,37.47291,308.19,0.46,0.47,2026-08-21,10:51:00,N21,low,2.0NRT,318.13,91.61,D,VIIRS
47.74701,37.21215,342.72,0.45,0.47,2026-08-21,10:51:00,N21,nominal,2.0NRT,311.2,8.89,D,VIIRS
47.76788,37.47906,347.64,0.46,0.47,2026-08-21,10:51:00,N21,nominal,2.0NRT,319.06,91.61,D,VIIRS
47.76883,37.49135,342.72,0.46,0.47,2026-08-21,10:51:00,N21,nominal,2.0NRT,310.84,7.64,D,VIIRS
47.7693,37.4975,351.59,0.46,0.47,2026-08-21,10:51:00,N21,nominal,2.0NRT,321.27,68.67,D,VIIRS
47.76307,37.47361,367,0.46,0.47,2026-08-21,10:51:00,N21,low,2.0NRT,325.01,32.25,D,VIIRS
47.74177,37.20086,341.57,0.45,0.47,2026-08-21,10:51:00,N21,nominal,2.0NRT,309.05,7.19,D,VIIRS
47.76354,37.47976,351.73,0.46,0.47,2026-08-21,10:51:00,N21,nominal,2.0NRT,314.5,32.25,D,VIIRS
47.76496,37.4982,348.57,0.46,0.47,2026-08-21,10:51:00,N21,nominal,2.0NRT,315.11,33.07,D,VIIRS
47.7773,37.66056,336.28,0.47,0.48,2026-08-21,10:51:00,N21,low,2.0NRT,308,5.12,D,VIIRS
47.66473,36.32385,335.46,0.41,0.45,2026-08-21,10:51:00,N21,low,2.0NRT,309.71,2.84,D,VIIRS
47.73749,37.20156,341.03,0.45,0.47,2026-08-21,10:51:00,N21,nominal,2.0NRT,308.88,7.19,D,VIIRS
47.73938,37.22551,339.4,0.45,0.47,2026-08-21,10:51:00,N21,nominal,2.0NRT,308.3,9.2,D,VIIRS
47.75874,37.4743,336.61,0.46,0.47,2026-08-21,10:51:00,N21,low,2.0NRT,309.91,32.25,D,VIIRS
47.7592,37.48045,342.39,0.46,0.47,2026-08-21,10:51:00,N21,low,2.0NRT,313.57,32.25,D,VIIRS
47.76015,37.49276,339.62,0.46,0.47,2026-08-21,10:51:00,N21,nominal,2.0NRT,307.84,17.58,D,VIIRS
47.75534,37.4873,346.5,0.46,0.47,2026-08-21,10:51:00,N21,nominal,2.0NRT,315.34,23.96,D,VIIRS
47.75053,37.48181,348.79,0.46,0.47,2026-08-21,10:51:00,N21,nominal,2.0NRT,309.19,19.41,D,VIIRS
47.751,37.48798,341.54,0.46,0.47,2026-08-21,10:51:00,N21,nominal,2.0NRT,308.19,23.96,D,VIIRS
47.46516,34.35223,341.78,0.51,0.41,2026-08-21,10:51:00,N21,nominal,2.0NRT,307.19,6.8,D,VIIRS
47.6501,36.2992,340.94,0.41,0.45,2026-08-21,10:51:00,N21,nominal,2.0NRT,308.81,2.42,D,VIIRS
47.46072,34.34635,338.26,0.51,0.41,2026-08-21,10:51:00,N21,nominal,2.0NRT,309.2,6.42,D,VIIRS
47.54562,35.19767,347.74,0.55,0.43,2026-08-21,10:51:00,N21,nominal,2.0NRT,313.07,11.49,D,VIIRS
47.72318,37.24029,352.34,0.45,0.47,2026-08-21,10:51:00,N21,nominal,2.0NRT,318.84,121.07,D,VIIRS
47.71889,37.24099,348.23,0.45,0.47,2026-08-21,10:51:00,N21,nominal,2.0NRT,315.55,27.13,D,VIIRS
47.71936,37.24699,337.96,0.45,0.47,2026-08-21,10:51:00,N21,nominal,2.0NRT,305.73,8.4,D,VIIRS
47.58198,35.67139,340.59,0.38,0.43,2026-08-21,10:51:00,N21,nominal,2.0NRT,307.37,6.87,D,VIIRS
47.66481,36.62128,343.22,0.42,0.45,2026-08-21,10:51:00,N21,nominal,2.0NRT,309.53,5.97,D,VIIRS
47.71368,37.22971,341.12,0.45,0.47,2026-08-21,10:51:00,N21,nominal,2.0NRT,306.64,29.04,D,VIIRS
47.71415,37.23571,347.66,0.45,0.47,2026-08-21,10:51:00,N21,nominal,2.0NRT,311.88,27.13,D,VIIRS
47.71461,37.2417,341.95,0.45,0.47,2026-08-21,10:51:00,N21,nominal,2.0NRT,311.84,27.13,D,VIIRS
47.70894,37.22452,338.39,0.45,0.47,2026-08-21,10:51:00,N21,nominal,2.0NRT,305.82,6.71,D,VIIRS
47.70986,37.23645,337.63,0.45,0.47,2026-08-21,10:51:00,N21,low,2.0NRT,309.91,5.31,D,VIIRS
47.36654,33.60427,340.21,0.48,0.4,2026-08-21,10:51:00,N21,low,2.0NRT,314.54,11.79,D,VIIRS
47.7042,37.21937,342.08,0.45,0.47,2026-08-21,10:51:00,N21,nominal,2.0NRT,306.23,8.05,D,VIIRS
47.70466,37.22531,344.4,0.45,0.47,2026-08-21,10:51:00,N21,nominal,2.0NRT,306,6.71,D,VIIRS
47.70558,37.23721,348.58,0.45,0.47,2026-08-21,10:51:00,N21,nominal,2.0NRT,309.14,5.31,D,VIIRS
47.36222,33.59888,346.23,0.48,0.4,2026-08-21,10:51:00,N21,nominal,2.0NRT,311.41,6.28,D,VIIRS
47.3629,33.60514,343.1,0.48,0.4,2026-08-21,10:51:00,N21,nominal,2.0NRT,311.5,5.9,D,VIIRS
47.60382,36.05239,335.24,0.4,0.44,2026-08-21,10:51:00,N21,low,2.0NRT,309.25,3.06,D,VIIRS
47.41071,34.08611,344.44,0.5,0.41,2026-08-21,10:51:00,N21,nominal,2.0NRT,313.39,11,D,VIIRS
47.62835,36.38617,342.58,0.41,0.45,2026-08-21,10:51:00,N21,nominal,2.0NRT,311.46,4.18,D,VIIRS
47.65279,36.6806,338.8,0.42,0.46,2026-08-21,10:51:00,N21,low,2.0NRT,312.31,31.29,D,VIIRS
47.70624,37.47648,335.31,0.46,0.47,2026-08-21,10:51:00,N21,low,2.0NRT,308.12,3.08,D,VIIRS
47.70191,37.47717,349.51,0.46,0.47,2026-08-21,10:51:00,N21,nominal,2.0NRT,312.96,10.14,D,VIIRS
47.69711,37.47167,335.54,0.46,0.47,2026-08-21,10:51:00,N21,low,2.0NRT,308.33,10.14,D,VIIRS
47.69278,37.47232,339.28,0.46,0.47,2026-08-21,10:51:00,N21,nominal,2.0NRT,310.46,6.75,D,VIIRS
47.33136,33.55495,345.08,0.47,0.4,2026-08-21,10:51:00,N21,nominal,2.0NRT,312.13,14.94,D,VIIRS
47.33204,33.5612,341.82,0.47,0.4,2026-08-21,10:51:00,N21,nominal,2.0NRT,311.49,9.29,D,VIIRS
47.32841,33.56207,336.94,0.47,0.4,2026-08-21,10:51:00,N21,low,2.0NRT,311.1,5.53,D,VIIRS
47.60602,36.67745,330.66,0.42,0.45,2026-08-21,10:51:00,N21,low,2.0NRT,305.07,5.2,D,VIIRS
47.60185,36.6782,354.91,0.42,0.45,2026-08-21,10:51:00,N21,nominal,2.0NRT,310.94,5.2,D,VIIRS
47.59724,36.67332,341.22,0.42,0.45,2026-08-21,10:51:00,N21,nominal,2.0NRT,310.03,4.29,D,VIIRS
47.59769,36.67895,339.02,0.42,0.45,2026-08-21,10:51:00,N21,low,2.0NRT,312.68,4.59,D,VIIRS
47.59813,36.68457,338.89,0.42,0.46,2026-08-21,10:51:00,N21,nominal,2.0NRT,308.51,4.59,D,VIIRS
47.63379,37.14703,344.17,0.45,0.47,2026-08-21,10:51:00,N21,nominal,2.0NRT,310.51,8.36,D,VIIRS
47.30035,33.54323,337.93,0.47,0.4,2026-08-21,10:51:00,N21,low,2.0NRT,310.48,6.71,D,VIIRS
47.59307,36.67408,340.56,0.42,0.45,2026-08-21,10:51:00,N21,nominal,2.0NRT,308.36,4.29,D,VIIRS
47.59352,36.6797,337.07,0.42,0.45,2026-08-21,10:51:00,N21,nominal,2.0NRT,309.89,4.59,D,VIIRS
47.61357,36.93713,349.89,0.44,0.46,2026-08-21,10:51:00,N21,nominal,2.0NRT,312.05,21.36,D,VIIRS
47.62997,37.15379,342.17,0.45,0.47,2026-08-21,10:51:00,N21,nominal,2.0NRT,308.55,6.73,D,VIIRS
47.48973,35.40335,338.62,0.56,0.43,2026-08-21,10:51:00,N21,nominal,2.0NRT,312.72,1.94,D,VIIRS
47.60032,36.67474,346.81,0.42,0.45,2026-08-21,10:51:00,N21,nominal,2.0NRT,309.66,4.64,D,VIIRS
47.6008,36.68035,346.34,0.42,0.45,2026-08-21,10:51:00,N21,nominal,2.0NRT,312.05,4.64,D,VIIRS
47.59616,36.67547,346.01,0.42,0.45,2026-08-21,10:51:00,N21,nominal,2.0NRT,311.5,4.64,D,VIIRS
47.59663,36.6811,336.17,0.42,0.45,2026-08-21,10:51:00,N21,low,2.0NRT,310.41,4.64,D,VIIRS
47.63511,37.14846,351.26,0.44,0.46,2026-08-21,10:51:00,N21,nominal,2.0NRT,311.95,11.03,D,VIIRS
46.82505,29.94072,346.43,0.39,0.36,2026-08-21,10:51:00,N21,nominal,2.0NRT,312.75,12.79,D,VIIRS
47.36021,34.23349,333.99,0.5,0.41,2026-08-21,10:51:00,N21,low,2.0NRT,308.62,2.88,D,VIIRS
47.38186,34.44026,338.67,0.51,0.41,2026-08-21,10:51:00,N21,low,2.0NRT,312.38,11.56,D,VIIRS
47.592,36.67622,337.45,0.42,0.45,2026-08-21,10:51:00,N21,low,2.0NRT,309.09,4.81,D,VIIRS
47.61381,36.93891,343.88,0.44,0.46,2026-08-21,10:51:00,N21,nominal,2.0NRT,314.88,17.02,D,VIIRS
47.63085,37.14925,337.07,0.44,0.46,2026-08-21,10:51:00,N21,nominal,2.0NRT,309.12,3.04,D,VIIRS
47.63132,37.15521,336.86,0.45,0.47,2026-08-21,10:51:00,N21,nominal,2.0NRT,309.64,3.04,D,VIIRS
46.82177,29.94171,340.35,0.39,0.36,2026-08-21,10:51:00,N21,nominal,2.0NRT,309.21,12.79,D,VIIRS
47.58885,36.73981,339.9,0.43,0.46,2026-08-21,10:51:00,N21,nominal,2.0NRT,309.48,4.71,D,VIIRS
47.60303,36.96423,349.9,0.44,0.46,2026-08-21,10:51:00,N21,nominal,2.0NRT,310.79,6.07,D,VIIRS
47.6035,36.97008,340.6,0.44,0.46,2026-08-21,10:51:00,N21,nominal,2.0NRT,309.38,6.07,D,VIIRS
47.29614,33.77748,351.51,0.48,0.4,2026-08-21,10:51:00,N21,nominal,2.0NRT,311.93,61.96,D,VIIRS
47.2918,33.772,315.95,0.48,0.4,2026-08-21,10:51:00,N21,low,2.0NRT,321.15,61.96,D,VIIRS
47.29249,33.77835,351.66,0.48,0.4,2026-08-21,10:51:00,N21,low,2.0NRT,326.71,61.96,D,VIIRS
47.25983,33.65038,354.31,0.48,0.4,2026-08-21,10:51:00,N21,nominal,2.0NRT,313.18,10.15,D,VIIRS
47.2562,33.65124,342.55,0.48,0.4,2026-08-21,10:51:00,N21,low,2.0NRT,314.1,10.15,D,VIIRS
47.25256,33.65211,338.55,0.48,0.4,2026-08-21,10:51:00,N21,low,2.0NRT,313.28,6.66,D,VIIRS
47.24893,33.65296,344.88,0.48,0.4,2026-08-21,10:51:00,N21,nominal,2.0NRT,311.26,6.66,D,VIIRS
47.66413,38.46081,341.38,0.51,0.49,2026-08-21,10:51:00,N21,nominal,2.0NRT,306.94,5.44,D,VIIRS
47.52271,36.60396,342.35,0.42,0.45,2026-08-21,10:51:00,N21,nominal,2.0NRT,311,2.7,D,VIIRS
47.28805,34.16223,335.63,0.5,0.41,2026-08-21,10:51:00,N21,nominal,2.0NRT,308.3,3.12,D,VIIRS
47.28434,34.16307,337.62,0.5,0.41,2026-08-21,10:51:00,N21,nominal,2.0NRT,309.88,5.2,D,VIIRS
47.48118,36.35477,342.19,0.41,0.45,2026-08-21,10:51:00,N21,nominal,2.0NRT,310.06,8.19,D,VIIRS
47.48163,36.36013,341.97,0.41,0.45,2026-08-21,10:51:00,N21,nominal,2.0NRT,309.79,11.81,D,VIIRS
47.47709,36.35564,341.63,0.41,0.45,2026-08-21,10:51:00,N21,nominal,2.0NRT,309.31,8.19,D,VIIRS
47.58108,37.7062,338.53,0.47,0.48,2026-08-21,10:51:00,N21,low,2.0NRT,308.57,37.54,D,VIIRS
47.57626,37.70059,341.77,0.47,0.48,2026-08-21,10:51:00,N21,nominal,2.0NRT,307.25,6.8,D,VIIRS
47.45858,36.2333,340.65,0.4,0.45,2026-08-21,10:51:00,N21,nominal,2.0NRT,314.28,6.34,D,VIIRS
47.48994,36.61525,337.46,0.42,0.45,2026-08-21,10:51:00,N21,low,2.0NRT,311.92,4.35,D,VIIRS
47.52617,37.07812,343.72,0.44,0.46,2026-08-21,10:51:00,N21,nominal,2.0NRT,312.92,20.93,D,VIIRS
47.43883,36.04861,345.53,0.4,0.44,2026-08-21,10:51:00,N21,nominal,2.0NRT,313.42,7.59,D,VIIRS
47.43929,36.05391,342.61,0.4,0.44,2026-08-21,10:51:00,N21,nominal,2.0NRT,311.74,6.05,D,VIIRS
47.45451,36.23404,341.33,0.4,0.45,2026-08-21,10:51:00,N21,nominal,2.0NRT,310.25,4,D,VIIRS
47.43479,36.04934,347.73,0.4,0.44,2026-08-21,10:51:00,N21,nominal,2.0NRT,313.65,7.59,D,VIIRS
47.43525,36.05462,342.16,0.4,0.44,2026-08-21,10:51:00,N21,nominal,2.0NRT,311.15,6.05,D,VIIRS
47.51055,36.98594,348.83,0.44,0.46,2026-08-21,10:51:00,N21,nominal,2.0NRT,309.7,19.31,D,VIIRS
47.51099,36.99178,338.55,0.44,0.46,2026-08-21,10:51:00,N21,low,2.0NRT,309.23,8.61,D,VIIRS
47.438720000000004,36.05087,349.53,0.4,0.44,2026-08-21,10:51:00,N21,nominal,2.0NRT,316.34,10.82,D,VIIRS
47.4553,36.23598,342.57,0.4,0.44,2026-08-21,10:51:00,N21,nominal,2.0NRT,310.92,4.76,D,VIIRS
47.48852,36.61735,339.43,0.42,0.45,2026-08-21,10:51:00,N21,low,2.0NRT,313.38,6.85,D,VIIRS
47.52708,37.07958,351.68,0.44,0.46,2026-08-21,10:51:00,N21,nominal,2.0NRT,312.79,24.93,D,VIIRS
47.57606,37.70181,341.41,0.47,0.48,2026-08-21,10:51:00,N21,nominal,2.0NRT,306.14,4.53,D,VIIRS
47.43468,36.05158,350.07,0.4,0.44,2026-08-21,10:51:00,N21,nominal,2.0NRT,313.02,10.82,D,VIIRS
47.51569,36.99263,340.65,0.44,0.46,2026-08-21,10:51:00,N21,nominal,2.0NRT,308.08,2.52,D,VIIRS
47.510980000000004,36.98751,346.64,0.44,0.46,2026-08-21,10:51:00,N21,nominal,2.0NRT,312.22,8.87,D,VIIRS
47.51146,36.99334,338.48,0.44,0.46,2026-08-21,10:51:00,N21,low,2.0NRT,309.2,8.87,D,VIIRS
47.49928,37.05476,342.61,0.44,0.46,2026-08-21,10:51:00,N21,nominal,2.0NRT,309.19,5.07,D,VIIRS
47.4955,37.06121,345.38,0.44,0.46,2026-08-21,10:51:00,N21,nominal,2.0NRT,308.63,10.53,D,VIIRS
47.49643,37.07277,344.38,0.44,0.46,2026-08-21,10:51:00,N21,nominal,2.0NRT,308.17,5.98,D,VIIRS
47.49219,37.07347,342.28,0.44,0.46,2026-08-21,10:51:00,N21,nominal,2.0NRT,307.16,6.07,D,VIIRS
47.31181,35.16546,335.59,0.54,0.42,2026-08-21,10:51:00,N21,low,2.0NRT,307.75,126.27,D,VIIRS
47.23431,34.42576,355.91,0.51,0.41,2026-08-21,10:51:00,N21,nominal,2.0NRT,314.04,16.72,D,VIIRS
47.45209,36.84069,336.51,0.43,0.46,2026-08-21,10:51:00,N21,low,2.0NRT,308.53,4.4,D,VIIRS
47.23056,34.4266,367,0.51,0.41,2026-08-21,10:51:00,N21,high,2.0NRT,315.38,16.72,D,VIIRS
47.44744,36.83577,335.84,0.43,0.46,2026-08-21,10:51:00,N21,low,2.0NRT,309.33,5.32,D,VIIRS
47.47409,37.17166,337.04,0.44,0.46,2026-08-21,10:51:00,N21,nominal,2.0NRT,306.61,5.18,D,VIIRS
47.14184,33.66045,354.71,0.48,0.4,2026-08-21,10:51:00,N21,nominal,2.0NRT,314.65,12.27,D,VIIRS
47.20942,34.44499,354.18,0.51,0.41,2026-08-21,10:51:00,N21,nominal,2.0NRT,314.04,11.93,D,VIIRS
47.2135,34.48521,340.36,0.51,0.41,2026-08-21,10:51:00,N21,low,2.0NRT,314.08,10.35,D,VIIRS
47.20567,34.44582,352.75,0.51,0.41,2026-08-21,10:51:00,N21,nominal,2.0NRT,314.2,11.98,D,VIIRS
47.47198,37.48771,341.19,0.46,0.47,2026-08-21,10:51:00,N21,nominal,2.0NRT,308.32,9.85,D,VIIRS
47.34983,36.01972,342.82,0.39,0.44,2026-08-21,10:51:00,N21,low,2.0NRT,313.26,8.65,D,VIIRS
47.34536,36.01532,335.79,0.39,0.44,2026-08-21,10:51:00,N21,low,2.0NRT,308.8,7.45,D,VIIRS
47.3467,36.03087,342.71,0.39,0.44,2026-08-21,10:51:00,N21,nominal,2.0NRT,312.09,17.3,D,VIIRS
47.34177,36.02126,352,0.39,0.44,2026-08-21,10:51:00,N21,nominal,2.0NRT,312.76,7.45,D,VIIRS
47.34222,36.02646,352.27,0.39,0.44,2026-08-21,10:51:00,N21,nominal,2.0NRT,311.87,17.3,D,VIIRS
46.68813,30.29989,339.84,0.39,0.36,2026-08-21,10:51:00,N21,nominal,2.0NRT,308.66,4.24,D,VIIRS
46.68625,30.31099,335.17,0.39,0.36,2026-08-21,10:51:00,N21,low,2.0NRT,310.11,3.48,D,VIIRS
47.29764,35.85857,343.63,0.39,0.44,2026-08-21,10:51:00,N21,nominal,2.0NRT,312.55,6.81,D,VIIRS
47.41656,37.24785,345.27,0.45,0.47,2026-08-21,10:51:00,N21,nominal,2.0NRT,311.9,19.74,D,VIIRS
47.41228,37.24852,334.04,0.45,0.47,2026-08-21,10:51:00,N21,nominal,2.0NRT,303.57,19.74,D,VIIRS
47.43155,37.49472,346.21,0.46,0.47,2026-08-21,10:51:00,N21,nominal,2.0NRT,309.42,10.65,D,VIIRS
47.28779,35.83981,345.27,0.39,0.44,2026-08-21,10:51:00,N21,nominal,2.0NRT,311.13,5.14,D,VIIRS
47.42723,37.49548,341.37,0.46,0.47,2026-08-21,10:51:00,N21,nominal,2.0NRT,305.43,6.33,D,VIIRS
47.42771,37.50169,339.9,0.46,0.47,2026-08-21,10:51:00,N21,nominal,2.0NRT,303.95,4.94,D,VIIRS
47.28381,35.84066,342.18,0.39,0.44,2026-08-21,10:51:00,N21,nominal,2.0NRT,312.08,5.14,D,VIIRS
47.02839,33.37872,345.1,0.46,0.39,2026-08-21,10:51:00,N21,nominal,2.0NRT,314.5,6.06,D,VIIRS
47.27982,35.84151,343.98,0.39,0.44,2026-08-21,10:51:00,N21,nominal,2.0NRT,312.39,4.46,D,VIIRS
47.2826,35.87202,341.29,0.39,0.44,2026-08-21,10:51:00,N21,nominal,2.0NRT,309.09,2.91,D,VIIRS
47.27583,35.84233,343.29,0.39,0.44,2026-08-21,10:51:00,N21,nominal,2.0NRT,312.25,4.46,D,VIIRS
47.006,33.27862,347.2,0.46,0.39,2026-08-21,10:51:00,N21,nominal,2.0NRT,312.83,8.88,D,VIIRS
47.15971,34.90873,335.4,0.53,0.42,2026-08-21,10:51:00,N21,low,2.0NRT,309.65,2.23,D,VIIRS
47.1494,35.0037,336.11,0.53,0.42,2026-08-21,10:51:00,N21,low,2.0NRT,310.51,10.3,D,VIIRS
47.2748,36.44461,336.17,0.41,0.45,2026-08-21,10:51:00,N21,nominal,2.0NRT,306.84,4.59,D,VIIRS
47.0793,34.41265,340.59,0.51,0.41,2026-08-21,10:51:00,N21,low,2.0NRT,311.28,3.88,D,VIIRS
47.02988,33.97135,338.24,0.49,0.4,2026-08-21,10:51:00,N21,low,2.0NRT,312.4,2.15,D,VIIRS
46.89527,32.79072,342.58,0.44,0.39,2026-08-21,10:51:00,N21,nominal,2.0NRT,311.02,4.3,D,VIIRS
47.1282,34.98675,336.4,0.53,0.42,2026-08-21,10:51:00,N21,low,2.0NRT,309.51,4.53,D,VIIRS
46.89175,32.7916,341.03,0.44,0.39,2026-08-21,10:51:00,N21,nominal,2.0NRT,311.84,4.3,D,VIIRS
47.02649,34.03198,339.07,0.49,0.4,2026-08-21,10:51:00,N21,low,2.0NRT,312.66,5.47,D,VIIRS
47.12653,34.98745,342.23,0.53,0.42,2026-08-21,10:51:00,N21,nominal,2.0NRT,310.82,6.11,D,VIIRS
46.62582,31.11038,340.67,0.4,0.37,2026-08-21,10:51:00,N21,nominal,2.0NRT,306.02,15.66,D,VIIRS
47.15662,36.07163,344.42,0.39,0.44,2026-08-21,10:51:00,N21,nominal,2.0NRT,309.77,3.89,D,VIIRS
47.12374,35.83856,335.98,0.39,0.44,2026-08-21,10:51:00,N21,low,2.0NRT,306.64,2.41,D,VIIRS
46.71549,32.22123,334.44,0.43,0.38,2026-08-21,10:51:00,N21,low,2.0NRT,309.28,4.61,D,VIIRS
46.67591,32.26243,345.86,0.43,0.38,2026-08-21,10:51:00,N21,nominal,2.0NRT,311.11,5.69,D,VIIRS
46.67659,32.26796,344.23,0.43,0.38,2026-08-21,10:51:00,N21,nominal,2.0NRT,311.55,5.26,D,VIIRS
46.69164,32.68648,342.46,0.44,0.38,2026-08-21,10:51:00,N21,nominal,2.0NRT,312.7,5.86,D,VIIRS
46.78907,33.70268,339.51,0.47,0.4,2026-08-21,10:51:00,N21,low,2.0NRT,313.31,11.72,D,VIIRS
46.53639,31.76705,336.51,0.41,0.37,2026-08-21,10:51:00,N21,nominal,2.0NRT,310.05,3.26,D,VIIRS
46.75979,33.74143,340.64,0.47,0.4,2026-08-21,10:51:00,N21,low,2.0NRT,312.15,8.53,D,VIIRS
46.75616,33.74228,349.79,0.47,0.4,2026-08-21,10:51:00,N21,nominal,2.0NRT,312.98,8.53,D,VIIRS
47.00107,36.17875,341.54,0.4,0.44,2026-08-21,10:51:00,N21,nominal,2.0NRT,308.73,4.83,D,VIIRS
46.97115,35.93876,336.13,0.39,0.44,2026-08-21,10:51:00,N21,nominal,2.0NRT,310.16,1.83,D,VIIRS
46.96715,35.93952,345.69,0.39,0.44,2026-08-21,10:51:00,N21,nominal,2.0NRT,312.56,3.81,D,VIIRS
46.74098,33.73953,348.02,0.47,0.4,2026-08-21,10:51:00,N21,nominal,2.0NRT,314.82,7.97,D,VIIRS
46.96269,35.93521,338.12,0.39,0.44,2026-08-21,10:51:00,N21,low,2.0NRT,309,3.19,D,VIIRS
46.96315,35.94028,339.82,0.39,0.44,2026-08-21,10:51:00,N21,low,2.0NRT,310.04,3.81,D,VIIRS
46.73278,33.66574,367,0.47,0.4,2026-08-21,10:51:00,N21,high,2.0NRT,341.14,162.93,D,VIIRS
46.49287,31.70158,342.76,0.41,0.37,2026-08-21,10:51:00,N21,nominal,2.0NRT,312.02,5.89,D,VIIRS
46.72917,33.6666,352.08,0.47,0.4,2026-08-21,10:51:00,N21,nominal,2.0NRT,317.37,8.75,D,VIIRS
46.95471,35.93678,336.98,0.39,0.44,2026-08-21,10:51:00,N21,nominal,2.0NRT,310.97,3.98,D,VIIRS
46.95794,35.9724,352.63,0.39,0.44,2026-08-21,10:51:00,N21,nominal,2.0NRT,313.22,6.36,D,VIIRS
46.9584,35.9775,341.21,0.39,0.44,2026-08-21,10:51:00,N21,nominal,2.0NRT,309.88,6.36,D,VIIRS
46.95072,35.93759,333.84,0.39,0.44,2026-08-21,10:51:00,N21,nominal,2.0NRT,307.7,2.8,D,VIIRS
46.95118,35.94264,367,0.39,0.44,2026-08-21,10:51:00,N21,high,2.0NRT,309.96,8.43,D,VIIRS
46.9628,36.11766,345.96,0.39,0.44,2026-08-21,10:51:00,N21,nominal,2.0NRT,310.88,17.72,D,VIIRS
46.60245,32.78646,343.2,0.44,0.38,2026-08-21,10:51:00,N21,nominal,2.0NRT,312.69,9.28,D,VIIRS
46.6408,33.27348,342.76,0.46,0.39,2026-08-21,10:51:00,N21,nominal,2.0NRT,311.49,9.14,D,VIIRS
46.64147,33.27941,352.36,0.46,0.39,2026-08-21,10:51:00,N21,nominal,2.0NRT,309.17,9.14,D,VIIRS
46.9743,36.68921,343.02,0.42,0.45,2026-08-21,10:51:00,N21,nominal,2.0NRT,306.74,4.32,D,VIIRS
46.92703,36.17735,351.78,0.4,0.44,2026-08-21,10:51:00,N21,nominal,2.0NRT,310.83,27.7,D,VIIRS
46.92344,36.18324,331.13,0.4,0.44,2026-08-21,10:51:00,N21,low,2.0NRT,303.88,87.12,D,VIIRS
46.92388,36.18841,341.51,0.4,0.44,2026-08-21,10:51:00,N21,nominal,2.0NRT,308.67,3.46,D,VIIRS
46.49366,32.1245,347.64,0.42,0.38,2026-08-21,10:51:00,N21,nominal,2.0NRT,312.37,7.57,D,VIIRS
46.55468,32.87104,340.15,0.44,0.39,2026-08-21,10:51:00,N21,low,2.0NRT,311.41,3.25,D,VIIRS
46.82522,35.56758,312.27,0.56,0.43,2026-08-21,10:51:00,N21,low,2.0NRT,315.41,22.97,D,VIIRS
46.82591,35.57487,344.56,0.56,0.43,2026-08-21,10:51:00,N21,low,2.0NRT,318.9,22.97,D,VIIRS
46.82199,35.57566,340.99,0.56,0.43,2026-08-21,10:51:00,N21,low,2.0NRT,313.27,22.97,D,VIIRS
46.79971,35.42532,335.83,0.55,0.43,2026-08-21,10:51:00,N21,low,2.0NRT,309.55,4.77,D,VIIRS
46.83898,35.84368,338.37,0.57,0.43,2026-08-21,10:51:00,N21,low,2.0NRT,311.76,5.31,D,VIIRS
46.85197,35.98583,335.97,0.39,0.44,2026-08-21,10:51:00,N21,low,2.0NRT,310.72,4.56,D,VIIRS
46.83501,35.84449,336.79,0.57,0.43,2026-08-21,10:51:00,N21,low,2.0NRT,311.31,5.89,D,VIIRS
46.83104,35.84528,336.35,0.57,0.43,2026-08-21,10:51:00,N21,low,2.0NRT,311.13,5.89,D,VIIRS
46.50573,32.8539,352.34,0.44,0.38,2026-08-21,10:51:00,N21,nominal,2.0NRT,312.78,9.03,D,VIIRS
46.88171,36.55961,343.72,0.41,0.45,2026-08-21,10:51:00,N21,nominal,2.0NRT,311.14,8.93,D,VIIRS
46.87759,36.56033,346.73,0.41,0.45,2026-08-21,10:51:00,N21,nominal,2.0NRT,311.21,8.93,D,VIIRS
46.82899,36.04732,352.88,0.39,0.44,2026-08-21,10:51:00,N21,nominal,2.0NRT,312.43,7.6,D,VIIRS
46.82498,36.04809,341.31,0.39,0.44,2026-08-21,10:51:00,N21,nominal,2.0NRT,307.66,7.6,D,VIIRS
46.48971,32.84027,340.14,0.44,0.38,2026-08-21,10:51:00,N21,nominal,2.0NRT,309.56,4.82,D,VIIRS
46.81737,36.00827,343.87,0.39,0.44,2026-08-21,10:51:00,N21,nominal,2.0NRT,311.32,3.61,D,VIIRS
46.42078,32.29835,345.6,0.43,0.38,2026-08-21,10:51:00,N21,nominal,2.0NRT,311.32,4.46,D,VIIRS
46.42146,32.30383,348.31,0.43,0.38,2026-08-21,10:51:00,N21,nominal,2.0NRT,316.86,12.21,D,VIIRS
46.42213,32.30933,348.07,0.43,0.38,2026-08-21,10:51:00,N21,nominal,2.0NRT,318.26,12.21,D,VIIRS
46.61861,34.01838,353.7,0.48,0.4,2026-08-21,10:51:00,N21,nominal,2.0NRT,321.36,65.58,D,VIIRS
46.81336,36.009,341.5,0.39,0.44,2026-08-21,10:51:00,N21,nominal,2.0NRT,310.82,3.61,D,VIIRS
46.81426,36.01913,342.92,0.39,0.44,2026-08-21,10:51:00,N21,nominal,2.0NRT,309.74,3.74,D,VIIRS
46.41734,32.29924,367,0.43,0.38,2026-08-21,10:51:00,N21,low,2.0NRT,328.54,29.96,D,VIIRS
46.41869,32.31023,344.64,0.43,0.38,2026-08-21,10:51:00,N21,nominal,2.0NRT,317.74,14.41,D,VIIRS
46.41802,32.30473,367,0.43,0.38,2026-08-21,10:51:00,N21,high,2.0NRT,317.45,14.41,D,VIIRS
46.79729,35.919670000000004,339.2,0.38,0.44,2026-08-21,10:51:00,N21,low,2.0NRT,309.91,2.72,D,VIIRS
46.41391,32.30014,367,0.43,0.38,2026-08-21,10:51:00,N21,high,2.0NRT,314.04,29.96,D,VIIRS
46.87749,36.91715,344.94,0.43,0.46,2026-08-21,10:51:00,N21,nominal,2.0NRT,311.85,5.14,D,VIIRS
46.87332,36.91789,338.63,0.43,0.46,2026-08-21,10:51:00,N21,low,2.0NRT,313,5.14,D,VIIRS
46.78448,35.95813,334.09,0.39,0.44,2026-08-21,10:51:00,N21,low,2.0NRT,307.99,4.45,D,VIIRS
46.86629,36.93621,333.38,0.43,0.46,2026-08-21,10:51:00,N21,low,2.0NRT,307.66,1.66,D,VIIRS
45.96308,29.18026,337.82,0.38,0.36,2026-08-21,10:51:00,N21,low,2.0NRT,308.17,4.35,D,VIIRS
46.04923,29.84727,354.91,0.39,0.36,2026-08-21,10:51:00,N21,nominal,2.0NRT,314.15,10.68,D,VIIRS
46.78269,35.95586,333.25,0.39,0.44,2026-08-21,10:51:00,N21,low,2.0NRT,308.2,3.58,D,VIIRS
46.37306,32.24508,354.32,0.42,0.38,2026-08-21,10:51:00,N21,nominal,2.0NRT,314.89,11.13,D,VIIRS
46.77729,35.94152,342.51,0.39,0.44,2026-08-21,10:51:00,N21,low,2.0NRT,312.51,5.85,D,VIIRS
46.86574,36.93829,336.56,0.43,0.46,2026-08-21,10:51:00,N21,nominal,2.0NRT,308.1,2.27,D,VIIRS
46.36963,32.24597,335.58,0.42,0.38,2026-08-21,10:51:00,N21,low,2.0NRT,309.18,11.13,D,VIIRS
46.35866,32.21505,338.57,0.42,0.38,2026-08-21,10:51:00,N21,low,2.0NRT,312.25,7.74,D,VIIRS
46.35523,32.21593,337.58,0.42,0.38,2026-08-21,10:51:00,N21,low,2.0NRT,311.74,10.51,D,VIIRS
46.57221,34.20514,344.56,0.49,0.4,2026-08-21,10:51:00,N21,nominal,2.0NRT,312.83,15.15,D,VIIRS
46.80871,36.76273,354.08,0.42,0.45,2026-08-21,10:51:00,N21,nominal,2.0NRT,309.37,7.78,D,VIIRS
46.80917,36.76822,337.49,0.42,0.45,2026-08-21,10:51:00,N21,nominal,2.0NRT,308.17,3.06,D,VIIRS
46.53184,34.03961,333.55,0.48,0.4,2026-08-21,10:51:00,N21,low,2.0NRT,308.54,2.1,D,VIIRS
46.42681,33.38945,340.62,0.46,0.39,2026-08-21,10:51:00,N21,low,2.0NRT,314.6,6.06,D,VIIRS
46.42258,33.3844,349.39,0.46,0.39,2026-08-21,10:51:00,N21,nominal,2.0NRT,312.64,5.4,D,VIIRS
46.42325,33.39032,340.6,0.46,0.39,2026-08-21,10:51:00,N21,nominal,2.0NRT,311.34,4.38,D,VIIRS
46.53746,35.022,345.37,0.53,0.42,2026-08-21,10:51:00,N21,nominal,2.0NRT,316.23,15.12,D,VIIRS
46.51685,35.08945,338.02,0.53,0.42,2026-08-21,10:51:00,N21,low,2.0NRT,309.94,3.17,D,VIIRS
45.64998,29.26103,342.12,0.38,0.36,2026-08-21,10:51:00,N21,nominal,2.0NRT,311.07,2.86,D,VIIRS
46.1368,32.846,347.66,0.44,0.38,2026-08-21,10:51:00,N21,nominal,2.0NRT,314.38,7.42,D,VIIRS
46.13331,32.84687,343.14,0.44,0.38,2026-08-21,10:51:00,N21,nominal,2.0NRT,312.01,7.42,D,VIIRS
46.31231,34.46792,346.64,0.5,0.41,2026-08-21,10:51:00,N21,nominal,2.0NRT,313.29,6.46,D,VIIRS
46.31037,34.46295,346.46,0.5,0.41,2026-08-21,10:51:00,N21,nominal,2.0NRT,312.76,14.67,D,VIIRS
45.6562,29.59731,334.09,0.38,0.36,2026-08-21,10:51:00,N21,nominal,2.0NRT,307.78,0.87,D,VIIRS
45.34652,32.52685,338.37,0.42,0.38,2026-08-21,10:51:00,N21,low,2.0NRT,311.39,4.8,D,VIIRS
44.52731,34.12907,344.66,0.46,0.39,2026-08-21,10:51:00,N21,nominal,2.0NRT,302,10.92,D,VIIRS
44.52813,34.13621,334.44,0.46,0.39,2026-08-21,10:51:00,N21,nominal,2.0NRT,298.02,4.38,D,VIIRS
50.4194,35.85987,338.62,0.42,0.45,2026-08-21,10:53:00,N21,nominal,2.0NRT,302.07,13.09,D,VIIRS
51.11489,35.07604,331.05,0.4,0.44,2026-08-21,10:53:00,N21,nominal,2.0NRT,297.77,2.49,D,VIIRS
50.45121,28.90258,332.27,0.39,0.36,2026-08-21,10:53:00,N21,nominal,2.0NRT,299.92,2.34,D,VIIRS
50.81371,31.2798,336.57,0.44,0.38,2026-08-21,10:53:00,N21,nominal,2.0NRT,303.2,5.14,D,VIIRS
51.2269,34.24963,330.65,0.56,0.43,2026-08-21,10:53:00,N21,nominal,2.0NRT,296.71,7.77,D,VIIRS
51.22617,34.24171,330.44,0.55,0.43,2026-08-21,10:53:00,N21,nominal,2.0NRT,297.5,5.76,D,VIIRS
51.37183,34.18412,331.77,0.55,0.43,2026-08-21,10:53:00,N21,nominal,2.0NRT,293.71,6.21,D,VIIRS
48.61843,29.38421,341.6,0.39,0.36,2026-08-21,10:53:00,N21,nominal,2.0NRT,305.03,3.08,D,VIIRS
49.56332,37.91266,349.16,0.5,0.49,2026-08-21,10:53:00,N21,nominal,2.0NRT,306.88,26.85,D,VIIRS
48.7037,29.48079,335.57,0.39,0.36,2026-08-21,10:53:00,N21,nominal,2.0NRT,306.58,2.85,D,VIIRS
49.36582,37.86581,347.93,0.5,0.49,2026-08-21,10:53:00,N21,nominal,2.0NRT,305.58,13.01,D,VIIRS
49.37219,37.89294,340.45,0.5,0.49,2026-08-21,10:53:00,N21,nominal,2.0NRT,302.59,3.24,D,VIIRS
49.3826,37.91227,336.23,0.5,0.49,2026-08-21,10:53:00,N21,nominal,2.0NRT,304.09,6.02,D,VIIRS
49.3871,37.91166,336.07,0.5,0.49,2026-08-21,10:53:00,N21,nominal,2.0NRT,302.27,4.89,D,VIIRS
49.38663,37.90469,354.74,0.5,0.49,2026-08-21,10:53:00,N21,nominal,2.0NRT,304.34,12.52,D,VIIRS
49.38617,37.89777,343.91,0.5,0.49,2026-08-21,10:53:00,N21,nominal,2.0NRT,301.98,12.52,D,VIIRS
49.38569,37.89083,340.21,0.5,0.49,2026-08-21,10:53:00,N21,nominal,2.0NRT,303.73,8.59,D,VIIRS
49.37587,37.74725,337.83,0.49,0.49,2026-08-21,10:53:00,N21,nominal,2.0NRT,303.28,5.18,D,VIIRS
49.3842,37.91125,350.57,0.5,0.49,2026-08-21,10:53:00,N21,nominal,2.0NRT,304.79,8.35,D,VIIRS
49.38376,37.90426,353.06,0.5,0.49,2026-08-21,10:53:00,N21,nominal,2.0NRT,304.75,8.35,D,VIIRS
49.38333,37.89732,331.63,0.5,0.49,2026-08-21,10:53:00,N21,low,2.0NRT,302.15,5.78,D,VIIRS
49.38289,37.89036,338.44,0.5,0.49,2026-08-21,10:53:00,N21,nominal,2.0NRT,304.18,5.78,D,VIIRS
49.38827,37.90365,340.7,0.5,0.49,2026-08-21,10:53:00,N21,nominal,2.0NRT,301.29,8.35,D,VIIRS
49.38784,37.89672,333.84,0.5,0.49,2026-08-21,10:53:00,N21,nominal,2.0NRT,300.69,5.78,D,VIIRS
49.38741,37.88977,334.47,0.5,0.49,2026-08-21,10:53:00,N21,nominal,2.0NRT,300.52,5.78,D,VIIRS
49.41626,37.70526,331.83,0.49,0.49,2026-08-21,10:53:00,N21,nominal,2.0NRT,301.49,2.29,D,VIIRS
49.43736,37.95899,337.7,0.51,0.49,2026-08-21,10:53:00,N21,nominal,2.0NRT,301.94,4.36,D,VIIRS
48.4319,28.46332,330.88,0.38,0.36,2026-08-21,10:53:00,N21,low,2.0NRT,305.86,4.2,D,VIIRS
48.43113,28.45822,333.43,0.38,0.36,2026-08-21,10:53:00,N21,nominal,2.0NRT,307.02,4.2,D,VIIRS
49.5723,37.8417,347.92,0.5,0.49,2026-08-21,10:53:00,N21,nominal,2.0NRT,303.24,12.65,D,VIIRS
49.58726,37.92986,339.11,0.51,0.49,2026-08-21,10:53:00,N21,nominal,2.0NRT,302.03,5.36,D,VIIRS
49.6032,37.96351,340.57,0.51,0.49,2026-08-21,10:53:00,N21,nominal,2.0NRT,300.82,14.03,D,VIIRS
49.60424,37.96273,345.2,0.51,0.49,2026-08-21,10:53:00,N21,nominal,2.0NRT,301.68,22.66,D,VIIRS
49.39374,34.94151,335.21,0.56,0.43,2026-08-21,10:53:00,N21,nominal,2.0NRT,307.91,5.85,D,VIIRS
49.64166,38.04915,333.12,0.51,0.5,2026-08-21,10:53:00,N21,nominal,2.0NRT,300.27,4.5,D,VIIRS
49.63457,37.58813,338.33,0.49,0.48,2026-08-21,10:53:00,N21,nominal,2.0NRT,302.19,7,D,VIIRS
49.6636,37.61787,333.3,0.49,0.49,2026-08-21,10:53:00,N21,nominal,2.0NRT,299.68,2.92,D,VIIRS
49.4577,37.99118,338.47,0.51,0.49,2026-08-21,10:53:00,N21,nominal,2.0NRT,301.3,4.72,D,VIIRS
48.43438,28.45711,334.69,0.38,0.36,2026-08-21,10:53:00,N21,nominal,2.0NRT,309.66,4.2,D,VIIRS
49.46223,37.99049,341.08,0.51,0.49,2026-08-21,10:53:00,N21,nominal,2.0NRT,302.26,12.2,D,VIIRS
49.46178,37.98354,354.12,0.51,0.49,2026-08-21,10:53:00,N21,nominal,2.0NRT,306.95,32.6,D,VIIRS
49.67226,37.67896,333.99,0.49,0.49,2026-08-21,10:53:00,N21,nominal,2.0NRT,299.11,3.76,D,VIIRS
49.63249,37.11301,339.12,0.47,0.47,2026-08-21,10:53:00,N21,nominal,2.0NRT,302.68,4.74,D,VIIRS
49.68754,37.70414,336.83,0.5,0.49,2026-08-21,10:53:00,N21,nominal,2.0NRT,300.97,4.41,D,VIIRS
49.68708,37.69729,337.55,0.49,0.49,2026-08-21,10:53:00,N21,nominal,2.0NRT,301.14,6.89,D,VIIRS
49.68964,37.70327,338.55,0.5,0.49,2026-08-21,10:53:00,N21,nominal,2.0NRT,301.08,8.34,D,VIIRS
49.0625,30.9791,333.57,0.42,0.37,2026-08-21,10:53:00,N21,nominal,2.0NRT,305.5,2.8,D,VIIRS
49.68168,37.24189,339.56,0.47,0.48,2026-08-21,10:53:00,N21,nominal,2.0NRT,302.79,5.99,D,VIIRS
49.68123,37.23531,345.14,0.47,0.48,2026-08-21,10:53:00,N21,nominal,2.0NRT,303.24,5.99,D,VIIRS
49.492,34.84185,332.33,0.56,0.43,2026-08-21,10:53:00,N21,nominal,2.0NRT,302.85,4.2,D,VIIRS
49.68742,37.26092,340.33,0.47,0.48,2026-08-21,10:53:00,N21,nominal,2.0NRT,300.58,19.54,D,VIIRS
49.68697,37.25436,347.6,0.47,0.48,2026-08-21,10:53:00,N21,nominal,2.0NRT,307.67,31.82,D,VIIRS
49.68652,37.2478,355.93,0.47,0.48,2026-08-21,10:53:00,N21,nominal,2.0NRT,307.03,31.82,D,VIIRS
49.68607,37.24125,334.96,0.47,0.48,2026-08-21,10:53:00,N21,low,2.0NRT,305.2,5.77,D,VIIRS
49.69046,37.24055,335.15,0.47,0.48,2026-08-21,10:53:00,N21,nominal,2.0NRT,300.4,5.77,D,VIIRS
49.75576,37.60926,338.22,0.49,0.49,2026-08-21,10:53:00,N21,nominal,2.0NRT,303.15,6.67,D,VIIRS
49.76978,37.6834,339.9,0.5,0.49,2026-08-21,10:53:00,N21,nominal,2.0NRT,305.36,8.39,D,VIIRS
49.76931,37.67649,337.15,0.49,0.49,2026-08-21,10:53:00,N21,low,2.0NRT,307.23,19.92,D,VIIRS
49.77425,37.68265,334.79,0.5,0.49,2026-08-21,10:53:00,N21,nominal,2.0NRT,303.98,8.39,D,VIIRS
49.79777,37.7627,331.59,0.5,0.49,2026-08-21,10:53:00,N21,nominal,2.0NRT,301.45,3.7,D,VIIRS
49.7945,37.71428,337.11,0.5,0.49,2026-08-21,10:53:00,N21,nominal,2.0NRT,302.79,4.98,D,VIIRS
49.80534,37.74037,335.27,0.5,0.49,2026-08-21,10:53:00,N21,nominal,2.0NRT,301.22,3.45,D,VIIRS
49.79974,37.76337,331.79,0.5,0.49,2026-08-21,10:53:00,N21,nominal,2.0NRT,301.5,5.62,D,VIIRS
49.80293,37.74179,340.13,0.5,0.49,2026-08-21,10:53:00,N21,nominal,2.0NRT,301.86,5.58,D,VIIRS
49.82627,37.75211,340.06,0.5,0.49,2026-08-21,10:53:00,N21,nominal,2.0NRT,311.79,68.22,D,VIIRS
49.82583,37.74521,336.29,0.5,0.49,2026-08-21,10:53:00,N21,nominal,2.0NRT,301.88,24.22,D,VIIRS
49.86992,37.79462,341.97,0.5,0.49,2026-08-21,10:53:00,N21,nominal,2.0NRT,303.5,14.66,D,VIIRS
49.87443,37.79393,330.07,0.5,0.49,2026-08-21,10:53:00,N21,low,2.0NRT,301.11,3.9,D,VIIRS
49.86757,37.68968,330.92,0.5,0.49,2026-08-21,10:53:00,N21,nominal,2.0NRT,300.69,3.37,D,VIIRS
49.89759,38.01089,330.17,0.51,0.5,2026-08-21,10:53:00,N21,nominal,2.0NRT,300.31,2.32,D,VIIRS
49.8839,37.79955,333.29,0.5,0.49,2026-08-21,10:53:00,N21,nominal,2.0NRT,302.08,67.59,D,VIIRS
49.88344,37.79254,338.35,0.5,0.49,2026-08-21,10:53:00,N21,nominal,2.0NRT,301.62,12.03,D,VIIRS
49.91395,37.9796,334.37,0.51,0.49,2026-08-21,10:53:00,N21,low,2.0NRT,305,36.34,D,VIIRS
49.91349,37.97249,354.93,0.51,0.49,2026-08-21,10:53:00,N21,nominal,2.0NRT,303.41,31.47,D,VIIRS
48.49111,25.77002,335.86,0.4,0.37,2026-08-21,10:53:00,N21,low,2.0NRT,308.35,2.96,D,VIIRS
49.94378,37.86101,335.94,0.51,0.49,2026-08-21,10:53:00,N21,nominal,2.0NRT,299.84,4.87,D,VIIRS
49.91924,37.47908,334.03,0.49,0.48,2026-08-21,10:53:00,N21,nominal,2.0NRT,300.34,3.04,D,VIIRS
49.93443,37.64252,367,0.5,0.49,2026-08-21,10:53:00,N21,high,2.0NRT,303.78,21,D,VIIRS
49.93891,37.64192,355.28,0.5,0.49,2026-08-21,10:53:00,N21,nominal,2.0NRT,305.78,21,D,VIIRS
49.93846,37.63499,337.32,0.49,0.49,2026-08-21,10:53:00,N21,nominal,2.0NRT,301.42,9.1,D,VIIRS
49.93261,37.54553,337.82,0.49,0.49,2026-08-21,10:53:00,N21,nominal,2.0NRT,298.64,3.59,D,VIIRS
49.93217,37.53891,330.54,0.49,0.49,2026-08-21,10:53:00,N21,nominal,2.0NRT,300.02,5.87,D,VIIRS
49.93706,37.54461,339.84,0.49,0.49,2026-08-21,10:53:00,N21,nominal,2.0NRT,299.75,5.1,D,VIIRS
49.96768,37.95038,336.16,0.51,0.49,2026-08-21,10:53:00,N21,nominal,2.0NRT,299.87,4.75,D,VIIRS
49.95017,37.67591,341.74,0.5,0.49,2026-08-21,10:53:00,N21,nominal,2.0NRT,300.45,5.24,D,VIIRS
49.97223,37.94974,330.11,0.51,0.49,2026-08-21,10:53:00,N21,nominal,2.0NRT,299.03,6.95,D,VIIRS
49.97178,37.94261,340.44,0.51,0.49,2026-08-21,10:53:00,N21,nominal,2.0NRT,302.1,12.08,D,VIIRS
49.97632,37.942,338.77,0.51,0.49,2026-08-21,10:53:00,N21,nominal,2.0NRT,298.23,12.08,D,VIIRS
49.97588,37.93489,339.38,0.51,0.49,2026-08-21,10:53:00,N21,nominal,2.0NRT,300.66,12.08,D,VIIRS
49.98042,37.93425,339.9,0.51,0.49,2026-08-21,10:53:00,N21,nominal,2.0NRT,300.87,9.53,D,VIIRS
49.98747,37.76036,340.72,0.5,0.49,2026-08-21,10:53:00,N21,nominal,2.0NRT,302.08,8.6,D,VIIRS
49.9929,37.77366,349.55,0.5,0.49,2026-08-21,10:53:00,N21,nominal,2.0NRT,302.15,8.72,D,VIIRS
49.17704,29.39835,334.37,0.39,0.36,2026-08-21,10:53:00,N21,low,2.0NRT,305.52,3.96,D,VIIRS
50.09206,37.6655,346.86,0.5,0.49,2026-08-21,10:53:00,N21,nominal,2.0NRT,303.37,17.31,D,VIIRS
50.09159,37.65836,330.78,0.5,0.49,2026-08-21,10:53:00,N21,nominal,2.0NRT,299.88,8.76,D,VIIRS
50.08913,37.23127,337.31,0.48,0.48,2026-08-21,10:53:00,N21,nominal,2.0NRT,303.76,4.56,D,VIIRS
50.094,37.23711,330.99,0.48,0.48,2026-08-21,10:53:00,N21,nominal,2.0NRT,301.82,6.49,D,VIIRS
50.09352,37.23047,332.39,0.48,0.48,2026-08-21,10:53:00,N21,nominal,2.0NRT,301.78,3.84,D,VIIRS
50.12132,37.56264,347.62,0.49,0.49,2026-08-21,10:53:00,N21,nominal,2.0NRT,299.87,6.55,D,VIIRS
50.08876,37.23215,332.49,0.48,0.48,2026-08-21,10:53:00,N21,low,2.0NRT,302.93,7.28,D,VIIRS
50.09315,37.23134,338.14,0.48,0.48,2026-08-21,10:53:00,N21,nominal,2.0NRT,302.46,9.99,D,VIIRS
50.11929,37.56412,339.12,0.49,0.49,2026-08-21,10:53:00,N21,nominal,2.0NRT,298.86,8.03,D,VIIRS
50.15326,37.60042,335.43,0.5,0.49,2026-08-21,10:53:00,N21,nominal,2.0NRT,300.91,4.57,D,VIIRS
50.16488,37.57049,338.41,0.49,0.49,2026-08-21,10:53:00,N21,nominal,2.0NRT,302.3,7.61,D,VIIRS
50.14131,36.84618,333.87,0.46,0.47,2026-08-21,10:53:00,N21,nominal,2.0NRT,301.14,4.43,D,VIIRS
50.21948,37.196,331.81,0.48,0.48,2026-08-21,10:53:00,N21,nominal,2.0NRT,300.37,2.6,D,VIIRS
50.21854,36.86396,346.9,0.46,0.47,2026-08-21,10:53:00,N21,nominal,2.0NRT,301.52,8.38,D,VIIRS
50.16796,36.18304,346.63,0.43,0.46,2026-08-21,10:53:00,N21,nominal,2.0NRT,303.02,10.78,D,VIIRS
50.1675,36.17704,333.39,0.43,0.46,2026-08-21,10:53:00,N21,nominal,2.0NRT,301.76,6.45,D,VIIRS
50.17217,36.18233,344.25,0.43,0.46,2026-08-21,10:53:00,N21,nominal,2.0NRT,302.02,10.78,D,VIIRS
50.19322,36.40138,338.4,0.44,0.46,2026-08-21,10:53:00,N21,nominal,2.0NRT,299.55,9.05,D,VIIRS
50.19274,36.39495,338.79,0.44,0.46,2026-08-21,10:53:00,N21,nominal,2.0NRT,300.21,7.94,D,VIIRS
50.23524,36.91339,340.1,0.46,0.47,2026-08-21,10:53:00,N21,nominal,2.0NRT,302.17,13.18,D,VIIRS
50.20731,36.47372,332.64,0.44,0.46,2026-08-21,10:53:00,N21,nominal,2.0NRT,299.88,3.48,D,VIIRS
50.24593,36.87865,341.12,0.46,0.47,2026-08-21,10:53:00,N21,nominal,2.0NRT,305.12,14.74,D,VIIRS
50.30937,37.3995,348.73,0.49,0.48,2026-08-21,10:53:00,N21,nominal,2.0NRT,299.71,8.32,D,VIIRS
50.31217,37.39872,350.25,0.49,0.48,2026-08-21,10:53:00,N21,nominal,2.0NRT,299.85,9.17,D,VIIRS
50.24039,36.0701,351.67,0.43,0.46,2026-08-21,10:53:00,N21,nominal,2.0NRT,302.35,6.71,D,VIIRS
50.23993,36.06415,333.92,0.43,0.46,2026-08-21,10:53:00,N21,nominal,2.0NRT,302.76,6.71,D,VIIRS
50.30415,36.88092,331.14,0.46,0.47,2026-08-21,10:53:00,N21,low,2.0NRT,302.56,5.39,D,VIIRS
50.27595,36.42825,331.05,0.44,0.46,2026-08-21,10:53:00,N21,nominal,2.0NRT,298.84,3.6,D,VIIRS
50.2968,36.24976,333.53,0.43,0.46,2026-08-21,10:53:00,N21,nominal,2.0NRT,298.48,3.82,D,VIIRS
50.38593,37.35963,333.35,0.49,0.48,2026-08-21,10:53:00,N21,nominal,2.0NRT,298.59,2.46,D,VIIRS
50.30235,36.15636,346,0.43,0.46,2026-08-21,10:53:00,N21,nominal,2.0NRT,301.57,6.27,D,VIIRS
50.30846,36.17983,351.21,0.43,0.46,2026-08-21,10:53:00,N21,nominal,2.0NRT,303.6,13.59,D,VIIRS
50.30654,36.15549,337.85,0.43,0.46,2026-08-21,10:53:00,N21,nominal,2.0NRT,299.61,3.55,D,VIIRS
50.30909,35.33384,347.98,0.4,0.44,2026-08-21,10:53:00,N21,nominal,2.0NRT,301.71,6.06,D,VIIRS
50.41988,35.8658,339.9,0.42,0.45,2026-08-21,10:53:00,N21,nominal,2.0NRT,300.62,10.58,D,VIIRS
50.42119,35.86398,340.34,0.42,0.45,2026-08-21,10:53:00,N21,nominal,2.0NRT,303.46,11.78,D,VIIRS
50.42073,35.85805,337.31,0.42,0.45,2026-08-21,10:53:00,N21,nominal,2.0NRT,299.64,11.78,D,VIIRS
50.20623,31.36915,331.87,0.44,0.38,2026-08-21,10:53:00,N21,low,2.0NRT,303.92,7.34,D,VIIRS
50.20552,31.3631,348.59,0.44,0.38,2026-08-21,10:53:00,N21,nominal,2.0NRT,310.6,7.34,D,VIIRS
50.20899,31.36209,349.84,0.44,0.38,2026-08-21,10:53:00,N21,nominal,2.0NRT,316.12,7.34,D,VIIRS
50.20827,31.35604,342.92,0.44,0.38,2026-08-21,10:53:00,N21,nominal,2.0NRT,307.36,10.34,D,VIIRS
50.21246,31.36108,340.05,0.44,0.38,2026-08-21,10:53:00,N21,nominal,2.0NRT,312.83,7.39,D,VIIRS
50.21175,31.35504,355.64,0.44,0.38,2026-08-21,10:53:00,N21,nominal,2.0NRT,321.84,13.5,D,VIIRS
50.21103,31.34899,350.81,0.44,0.38,2026-08-21,10:53:00,N21,nominal,2.0NRT,316.54,13.5,D,VIIRS
50.21522,31.35402,367,0.44,0.38,2026-08-21,10:53:00,N21,high,2.0NRT,320.83,13.5,D,VIIRS
50.21594,31.36007,337.47,0.44,0.38,2026-08-21,10:53:00,N21,nominal,2.0NRT,311.58,7.39,D,VIIRS
50.2145,31.34798,350.36,0.44,0.38,2026-08-21,10:53:00,N21,nominal,2.0NRT,312.78,13.5,D,VIIRS
50.52813,33.72675,332.68,0.52,0.42,2026-08-21,10:53:00,N21,low,2.0NRT,304.24,9.82,D,VIIRS
50.69931,35.43081,332.1,0.41,0.45,2026-08-21,10:53:00,N21,nominal,2.0NRT,301.16,3.42,D,VIIRS
50.19824,30.44159,332.97,0.41,0.37,2026-08-21,10:53:00,N21,nominal,2.0NRT,300.89,2.17,D,VIIRS
50.32156,30.86308,330.38,0.42,0.38,2026-08-21,10:53:00,N21,low,2.0NRT,304.16,3.39,D,VIIRS
49.9204,27.2632,343.79,0.38,0.36,2026-08-21,10:53:00,N21,nominal,2.0NRT,299.43,11.68,D,VIIRS
49.92364,27.26198,331.92,0.38,0.36,2026-08-21,10:53:00,N21,nominal,2.0NRT,298.11,2.61,D,VIIRS
50.59843,31.17518,331.22,0.43,0.38,2026-08-21,10:53:00,N21,low,2.0NRT,301.93,8.9,D,VIIRS
50.59909,31.17359,331.69,0.43,0.38,2026-08-21,10:53:00,N21,nominal,2.0NRT,299.85,4.07,D,VIIRS
51.0359,35.21728,331.47,0.4,0.44,2026-08-21,10:53:00,N21,nominal,2.0NRT,299.59,3.77,D,VIIRS
49.68219,37.0934,306.02,0.4,0.44,2026-08-21,23:05:00,N21,nominal,2.0NRT,288.13,1.5,N,VIIRS
49.67022,37.64194,309.83,0.57,0.43,2026-08-21,23:05:00,N21,nominal,2.0NRT,289.21,1.56,N,VIIRS
49.52715,39.12827,327.86,0.5,0.41,2026-08-21,23:05:00,N21,nominal,2.0NRT,289.24,3.47,N,VIIRS
49.6723,37.70674,297.91,0.57,0.43,2026-08-21,23:05:00,N21,nominal,2.0NRT,287.34,0.64,N,VIIRS
49.70096,37.61615,309.89,0.57,0.43,2026-08-21,23:05:00,N21,nominal,2.0NRT,287.67,1.6,N,VIIRS
49.70168,37.60843,303.09,0.57,0.43,2026-08-21,23:05:00,N21,nominal,2.0NRT,289.12,1.12,N,VIIRS
49.70493,37.61698,306.46,0.57,0.43,2026-08-21,23:05:00,N21,nominal,2.0NRT,287.74,1.63,N,VIIRS
52.2659,33.60119,307.96,0.6,0.53,2026-08-21,23:05:00,N21,nominal,2.0NRT,285.49,3.48,N,VIIRS
51.90204,31.64154,312.8,0.36,0.58,2026-08-21,23:05:00,N21,nominal,2.0NRT,285.81,1.16,N,VIIRS
51.90187,31.64685,295.9,0.36,0.57,2026-08-21,23:05:00,N21,nominal,2.0NRT,285.31,1.16,N,VIIRS
50.0229,36.64854,302.44,0.42,0.45,2026-08-21,23:05:00,N21,nominal,2.0NRT,291.6,1.68,N,VIIRS
50.02243,36.65445,310.53,0.42,0.45,2026-08-21,23:05:00,N21,nominal,2.0NRT,293.64,1.68,N,VIIRS
50.23028,33.39851,303.13,0.59,0.53,2026-08-21,23:05:00,N21,nominal,2.0NRT,289.58,1.43,N,VIIRS
50.22713,33.39757,303.37,0.59,0.53,2026-08-21,23:05:00,N21,nominal,2.0NRT,289.53,1.19,N,VIIRS
48.91339,35.82779,304.62,0.44,0.46,2026-08-21,23:05:00,N21,nominal,2.0NRT,287.87,0.5,N,VIIRS
48.91766,35.82851,314.81,0.44,0.46,2026-08-21,23:05:00,N21,nominal,2.0NRT,287.93,1.73,N,VIIRS
48.78446,37.5923,299.96,0.56,0.43,2026-08-21,23:05:00,N21,nominal,2.0NRT,288.93,0.75,N,VIIRS
50.2159,31.3532,305.41,0.36,0.58,2026-08-21,23:05:00,N21,nominal,2.0NRT,293.62,1.63,N,VIIRS
50.21076,31.34764,303.37,0.36,0.58,2026-08-21,23:05:00,N21,nominal,2.0NRT,292.23,2.12,N,VIIRS
50.21059,31.35275,307.6,0.36,0.58,2026-08-21,23:05:00,N21,nominal,2.0NRT,294.34,1.63,N,VIIRS
50.21042,31.35787,302.9,0.36,0.58,2026-08-21,23:05:00,N21,nominal,2.0NRT,292.59,1.63,N,VIIRS
50.20493,31.36258,305.53,0.36,0.58,2026-08-21,23:05:00,N21,nominal,2.0NRT,291.69,1.37,N,VIIRS
50.20655,31.36158,312.8,0.36,0.58,2026-08-21,23:05:00,N21,nominal,2.0NRT,294.61,2.1,N,VIIRS
49.78115,37.68924,300.52,0.57,0.43,2026-08-21,23:05:00,N21,nominal,2.0NRT,287.67,1.1,N,VIIRS
48.88047,36.94059,314.34,0.4,0.44,2026-08-21,23:05:00,N21,nominal,2.0NRT,292.57,2.61,N,VIIRS
48.85838,37.77721,304.21,0.55,0.43,2026-08-21,23:05:00,N21,nominal,2.0NRT,290.2,1.7,N,VIIRS
48.82816,38.74676,332.83,0.51,0.41,2026-08-21,23:05:00,N21,nominal,2.0NRT,288.83,6.34,N,VIIRS
48.83342,38.73496,327.84,0.51,0.41,2026-08-21,23:05:00,N21,nominal,2.0NRT,290.18,7.91,N,VIIRS
48.94835,37.61892,314.99,0.56,0.43,2026-08-21,23:05:00,N21,nominal,2.0NRT,290.87,2.76,N,VIIRS
49.18732,34.91638,302.74,0.49,0.49,2026-08-21,23:05:00,N21,nominal,2.0NRT,287.75,0.6,N,VIIRS
48.98702,37.80549,302.42,0.55,0.43,2026-08-21,23:05:00,N21,nominal,2.0NRT,289.38,0.77,N,VIIRS
51.5107,31.24691,302.59,0.37,0.58,2026-08-21,23:05:00,N21,nominal,2.0NRT,287.01,0.57,N,VIIRS
51.35475,30.26986,313.33,0.41,0.61,2026-08-21,23:05:00,N21,nominal,2.0NRT,288.71,2.84,N,VIIRS
51.08002,34.83724,304.46,0.52,0.5,2026-08-21,23:05:00,N21,nominal,2.0NRT,288.09,1.17,N,VIIRS
51.08013,34.83631,300.53,0.52,0.5,2026-08-21,23:05:00,N21,nominal,2.0NRT,287.86,1.5,N,VIIRS
49.73273,37.59839,327.66,0.57,0.43,2026-08-21,23:05:00,N21,nominal,2.0NRT,290.74,5.42,N,VIIRS
49.74372,37.47475,300.42,0.39,0.44,2026-08-21,23:05:00,N21,nominal,2.0NRT,289.73,0.7,N,VIIRS
49.70283,37.61573,324.6,0.57,0.43,2026-08-21,23:05:00,N21,nominal,2.0NRT,287.87,2.16,N,VIIRS
48.83335,38.73395,319.02,0.51,0.41,2026-08-21,23:05:00,N21,nominal,2.0NRT,287.51,5.8,N,VIIRS
49.70351,37.60797,300.71,0.57,0.43,2026-08-21,23:05:00,N21,nominal,2.0NRT,288.64,2.16,N,VIIRS
48.83263,38.74081,328.48,0.51,0.41,2026-08-21,23:05:00,N21,nominal,2.0NRT,290.51,10.07,N,VIIRS
48.94942,37.61881,318.24,0.56,0.43,2026-08-21,23:05:00,N21,nominal,2.0NRT,290.97,2.71,N,VIIRS
48.83272,38.74184,327.51,0.51,0.41,2026-08-21,23:05:00,N21,nominal,2.0NRT,288.65,7.91,N,VIIRS
50.13438,37.56819,300.58,0.39,0.44,2026-08-21,23:05:00,N21,nominal,2.0NRT,290.12,1.07,N,VIIRS
50.1352,37.56971,312.04,0.39,0.44,2026-08-21,23:05:00,N21,nominal,2.0NRT,290.25,1.56,N,VIIRS
50.44017,30.67345,306.78,0.39,0.59,2026-08-21,23:05:00,N21,nominal,2.0NRT,289.83,0.71,N,VIIRS
48.94559,38.65481,310.19,0.51,0.41,2026-08-21,23:05:00,N21,nominal,2.0NRT,288.97,1.94,N,VIIRS
48.9334,38.62342,325.26,0.51,0.41,2026-08-21,23:05:00,N21,nominal,2.0NRT,291.23,4.8,N,VIIRS
48.92963,38.62254,333.7,0.51,0.41,2026-08-21,23:05:00,N21,nominal,2.0NRT,292.13,4.8,N,VIIRS
48.94387,38.3294,307.65,0.53,0.42,2026-08-21,23:05:00,N21,nominal,2.0NRT,289.8,1.08,N,VIIRS
50.44074,30.66916,302.9,0.39,0.59,2026-08-21,23:05:00,N21,nominal,2.0NRT,289.95,1.26,N,VIIRS
50.17939,36.1752,303.63,0.44,0.46,2026-08-21,23:05:00,N21,nominal,2.0NRT,288.93,1.68,N,VIIRS
50.18317,36.18233,336.21,0.44,0.46,2026-08-21,23:05:00,N21,nominal,2.0NRT,290.96,5.63,N,VIIRS
50.54564,26.25763,312.21,0.62,0.71,2026-08-21,23:05:00,N21,nominal,2.0NRT,287.43,3.11,N,VIIRS
50.13389,37.57355,302.1,0.39,0.44,2026-08-21,23:05:00,N21,nominal,2.0NRT,289.44,0.7,N,VIIRS
48.94711,38.93743,310.4,0.5,0.41,2026-08-21,23:05:00,N21,nominal,2.0NRT,291.35,2.14,N,VIIRS
48.94781,38.93074,313.65,0.5,0.41,2026-08-21,23:05:00,N21,nominal,2.0NRT,290.81,1.69,N,VIIRS
48.95084,38.93825,304.25,0.5,0.41,2026-08-21,23:05:00,N21,nominal,2.0NRT,291.01,0.98,N,VIIRS
49.16079,37.39451,320.5,0.38,0.43,2026-08-21,23:05:00,N21,nominal,2.0NRT,292.13,2.32,N,VIIRS
49.16478,37.39539,310.1,0.38,0.43,2026-08-21,23:05:00,N21,nominal,2.0NRT,291.39,1.02,N,VIIRS
49.16525,37.39018,299.63,0.38,0.43,2026-08-21,23:05:00,N21,nominal,2.0NRT,288.11,1.02,N,VIIRS
49.20865,37.60156,305.75,0.57,0.43,2026-08-21,23:05:00,N21,nominal,2.0NRT,287.28,1.39,N,VIIRS
49.22054,38.14498,299.55,0.54,0.42,2026-08-21,23:05:00,N21,nominal,2.0NRT,287.22,0.34,N,VIIRS
49.4927,34.84188,305.01,0.5,0.49,2026-08-21,23:05:00,N21,nominal,2.0NRT,289.42,0.53,N,VIIRS
49.62853,37.09713,330.62,0.4,0.44,2026-08-21,23:05:00,N21,nominal,2.0NRT,288.16,3.39,N,VIIRS
49.63616,37.10437,306.19,0.4,0.44,2026-08-21,23:05:00,N21,nominal,2.0NRT,287.51,1.1,N,VIIRS
49.63562,37.10651,307.47,0.4,0.44,2026-08-21,23:05:00,N21,nominal,2.0NRT,288.03,1.14,N,VIIRS
49.67096,37.07962,299,0.4,0.44,2026-08-21,23:05:00,N21,nominal,2.0NRT,286.37,0.88,N,VIIRS
49.67455,37.08613,301.03,0.4,0.44,2026-08-21,23:05:00,N21,nominal,2.0NRT,287.45,0.88,N,VIIRS
49.67503,37.08049,307.72,0.4,0.44,2026-08-21,23:05:00,N21,nominal,2.0NRT,287.27,0.88,N,VIIRS
49.67813,37.09256,317.18,0.4,0.44,2026-08-21,23:05:00,N21,nominal,2.0NRT,288.09,1.5,N,VIIRS
49.67861,37.08698,299.54,0.4,0.44,2026-08-21,23:05:00,N21,nominal,2.0NRT,287.73,1.35,N,VIIRS
47.2953,36.2843,318.2,0.41,0.45,2026-08-21,23:07:00,N21,nominal,2.0NRT,289.82,2.19,N,VIIRS
48.97621,24.71166,299.32,0.72,0.76,2026-08-21,23:07:00,N21,nominal,2.0NRT,287.77,2.05,N,VIIRS
48.47995,37.09381,331.92,0.39,0.44,2026-08-21,23:07:00,N21,nominal,2.0NRT,288.38,3.21,N,VIIRS
48.47331,37.07656,307.65,0.39,0.44,2026-08-21,23:07:00,N21,nominal,2.0NRT,289.92,1.53,N,VIIRS
48.44553,36.29218,308.62,0.42,0.45,2026-08-21,23:07:00,N21,nominal,2.0NRT,286.51,0.72,N,VIIRS
48.44136,36.29144,308.81,0.42,0.45,2026-08-21,23:07:00,N21,nominal,2.0NRT,287.2,0.94,N,VIIRS
48.35429,37.25572,297.93,0.57,0.43,2026-08-21,23:07:00,N21,nominal,2.0NRT,287.71,1,N,VIIRS
48.33617,37.32202,315.46,0.57,0.43,2026-08-21,23:07:00,N21,nominal,2.0NRT,287.32,2.62,N,VIIRS
48.33767,37.32331,315.68,0.57,0.43,2026-08-21,23:07:00,N21,nominal,2.0NRT,287.17,1.71,N,VIIRS
48.74805,26.60077,303.53,0.59,0.7,2026-08-21,23:07:00,N21,nominal,2.0NRT,290.48,1.18,N,VIIRS
48.27049,37.1757,328.73,0.38,0.43,2026-08-21,23:07:00,N21,nominal,2.0NRT,290.07,2.11,N,VIIRS
48.47205,34.62614,301.49,0.5,0.49,2026-08-21,23:07:00,N21,nominal,2.0NRT,290.57,1.13,N,VIIRS
48.24442,37.04584,299.36,0.39,0.44,2026-08-21,23:07:00,N21,nominal,2.0NRT,287.03,0.56,N,VIIRS
48.24504,36.7225,303.4,0.4,0.44,2026-08-21,23:07:00,N21,nominal,2.0NRT,288.56,0.93,N,VIIRS
48.28181,36.09643,302.1,0.43,0.46,2026-08-21,23:07:00,N21,nominal,2.0NRT,288.21,0.69,N,VIIRS
48.09682,37.92171,301.01,0.53,0.42,2026-08-21,23:07:00,N21,nominal,2.0NRT,290.39,0.9,N,VIIRS
48.04104,38.325,312.28,0.51,0.41,2026-08-21,23:07:00,N21,nominal,2.0NRT,288.6,1.59,N,VIIRS
48.05809,37.95673,310.33,0.53,0.42,2026-08-21,23:07:00,N21,nominal,2.0NRT,292.22,1.51,N,VIIRS
48.05638,37.95655,302.8,0.53,0.42,2026-08-21,23:07:00,N21,nominal,2.0NRT,291.01,1.15,N,VIIRS
48.23353,35.85081,300.24,0.44,0.46,2026-08-21,23:07:00,N21,nominal,2.0NRT,287.51,0.73,N,VIIRS
48.08899,37.4263,300.2,0.56,0.43,2026-08-21,23:07:00,N21,nominal,2.0NRT,285.5,0.69,N,VIIRS
47.80608,33.8017,300.41,0.53,0.5,2026-08-21,23:07:00,N21,nominal,2.0NRT,286.32,1.4,N,VIIRS
47.70701,35.21755,308.04,0.46,0.47,2026-08-21,23:07:00,N21,nominal,2.0NRT,288.8,1.32,N,VIIRS
47.66981,35.30367,302.34,0.45,0.47,2026-08-21,23:07:00,N21,nominal,2.0NRT,284.68,0.33,N,VIIRS
47.67052,35.23617,298.63,0.46,0.47,2026-08-21,23:07:00,N21,nominal,2.0NRT,287.87,0.48,N,VIIRS
47.49506,37.05313,313.92,0.57,0.43,2026-08-21,23:07:00,N21,nominal,2.0NRT,285.68,1.49,N,VIIRS
47.4911,37.05235,302.16,0.57,0.43,2026-08-21,23:07:00,N21,nominal,2.0NRT,285.05,1.49,N,VIIRS
47.48972,37.06763,304.12,0.57,0.43,2026-08-21,23:07:00,N21,nominal,2.0NRT,287,2.27,N,VIIRS
47.50719,36.98753,300.06,0.57,0.43,2026-08-21,23:07:00,N21,nominal,2.0NRT,286.92,0.91,N,VIIRS
47.49747,37.04694,295.21,0.57,0.43,2026-08-21,23:07:00,N21,nominal,2.0NRT,285,0.33,N,VIIRS
47.49278,37.05379,313.41,0.57,0.43,2026-08-21,23:07:00,N21,nominal,2.0NRT,285.56,2.54,N,VIIRS
47.48736,37.06826,301.03,0.57,0.43,2026-08-21,23:07:00,N21,nominal,2.0NRT,287.11,1.32,N,VIIRS
44.52375,34.12709,318.76,0.48,0.48,2026-08-21,23:07:00,N21,nominal,2.0NRT,291.99,3.02,N,VIIRS
44.52742,34.13725,310.18,0.48,0.48,2026-08-21,23:07:00,N21,nominal,2.0NRT,294.37,4.11,N,VIIRS
44.52806,34.12888,317.34,0.48,0.48,2026-08-21,23:07:00,N21,nominal,2.0NRT,290.75,5.25,N,VIIRS
44.52774,34.13308,347.1,0.48,0.48,2026-08-21,23:07:00,N21,nominal,2.0NRT,294.68,5.25,N,VIIRS
44.9609,33.92701,306.81,0.49,0.49,2026-08-21,23:07:00,N21,nominal,2.0NRT,286.77,2.36,N,VIIRS
45.12773,33.99714,300.36,0.49,0.49,2026-08-21,23:07:00,N21,nominal,2.0NRT,289.63,0.93,N,VIIRS
47.36861,37.21938,322.83,0.56,0.43,2026-08-21,23:07:00,N21,nominal,2.0NRT,289.45,4.06,N,VIIRS
47.36946,37.22006,323.57,0.56,0.43,2026-08-21,23:07:00,N21,nominal,2.0NRT,289.22,4.51,N,VIIRS
47.33185,37.15219,302.01,0.56,0.43,2026-08-21,23:07:00,N21,nominal,2.0NRT,289.17,0.92,N,VIIRS
48.15745,36.15367,338.37,0.42,0.45,2026-08-21,23:07:00,N21,nominal,2.0NRT,289.33,2.5,N,VIIRS
48.15698,36.15935,304.28,0.42,0.45,2026-08-21,23:07:00,N21,nominal,2.0NRT,287.39,2.5,N,VIIRS
48.16969,35.89846,308.22,0.43,0.46,2026-08-21,23:07:00,N21,nominal,2.0NRT,285.83,2.2,N,VIIRS
48.16921,35.90437,303.05,0.43,0.46,2026-08-21,23:07:00,N21,nominal,2.0NRT,286.25,2.2,N,VIIRS
48.16499,35.90371,332.19,0.43,0.46,2026-08-21,23:07:00,N21,nominal,2.0NRT,287.71,2.2,N,VIIRS
48.16545,35.89779,310.98,0.43,0.46,2026-08-21,23:07:00,N21,nominal,2.0NRT,286.98,2.2,N,VIIRS
48.16175,35.67039,319.01,0.44,0.46,2026-08-21,23:07:00,N21,nominal,2.0NRT,286.9,2.53,N,VIIRS
48.48316,26.81619,306.5,0.58,0.69,2026-08-21,23:07:00,N21,nominal,2.0NRT,290.22,1.42,N,VIIRS
48.48235,26.81877,303.76,0.58,0.69,2026-08-21,23:07:00,N21,nominal,2.0NRT,289.78,1.47,N,VIIRS
48.04468,36.32599,324.51,0.41,0.45,2026-08-21,23:07:00,N21,nominal,2.0NRT,288.45,2.17,N,VIIRS
48.04056,36.32513,300.78,0.41,0.45,2026-08-21,23:07:00,N21,nominal,2.0NRT,286.8,2.17,N,VIIRS
47.83373,38.47237,312.03,0.51,0.41,2026-08-21,23:07:00,N21,nominal,2.0NRT,291.95,2.46,N,VIIRS
47.87898,37.75036,307.56,0.54,0.42,2026-08-21,23:07:00,N21,nominal,2.0NRT,287.5,1.37,N,VIIRS
48.03563,35.92117,300.99,0.43,0.46,2026-08-21,23:07:00,N21,nominal,2.0NRT,286.85,1.26,N,VIIRS
47.93692,36.75901,300.34,0.39,0.44,2026-08-21,23:07:00,N21,nominal,2.0NRT,286.8,0.52,N,VIIRS
47.88418,37.15396,303.25,0.57,0.43,2026-08-21,23:07:00,N21,nominal,2.0NRT,286.38,0.96,N,VIIRS
47.87624,37.15241,311.86,0.57,0.43,2026-08-21,23:07:00,N21,nominal,2.0NRT,287.01,1.83,N,VIIRS
47.87156,37.15926,302.68,0.57,0.43,2026-08-21,23:07:00,N21,nominal,2.0NRT,287.04,1.67,N,VIIRS
47.77687,37.65392,312.07,0.54,0.42,2026-08-21,23:07:00,N21,nominal,2.0NRT,287.95,3.75,N,VIIRS
47.77618,37.66104,314.16,0.54,0.42,2026-08-21,23:07:00,N21,nominal,2.0NRT,287.04,3.75,N,VIIRS
47.77299,37.65308,326.91,0.54,0.42,2026-08-21,23:07:00,N21,nominal,2.0NRT,288.14,3.75,N,VIIRS
47.77231,37.66024,328.94,0.54,0.42,2026-08-21,23:07:00,N21,nominal,2.0NRT,288.31,3.75,N,VIIRS
47.68576,38.41649,306.42,0.51,0.41,2026-08-21,23:07:00,N21,nominal,2.0NRT,287.09,1.02,N,VIIRS
47.68555,38.41618,304.1,0.51,0.41,2026-08-21,23:07:00,N21,nominal,2.0NRT,287.16,0.58,N,VIIRS
47.80349,37.04361,305.29,0.38,0.43,2026-08-21,23:07:00,N21,nominal,2.0NRT,287.82,1.05,N,VIIRS
47.75745,37.05914,297.82,0.57,0.43,2026-08-21,23:07:00,N21,nominal,2.0NRT,286.31,0.94,N,VIIRS
47.59482,37.26567,307.9,0.56,0.43,2026-08-21,23:07:00,N21,nominal,2.0NRT,287.33,2.06,N,VIIRS
47.87265,33.43622,304.4,0.56,0.51,2026-08-21,23:07:00,N21,nominal,2.0NRT,292.01,1.64,N,VIIRS
47.53661,37.71375,304.84,0.54,0.42,2026-08-21,23:07:00,N21,nominal,2.0NRT,287.92,1.55,N,VIIRS
47.59589,37.26485,304.87,0.56,0.43,2026-08-21,23:07:00,N21,nominal,2.0NRT,287.86,2.55,N,VIIRS
47.61204,36.92756,307.3,0.39,0.44,2026-08-21,23:07:00,N21,nominal,2.0NRT,286.2,0.94,N,VIIRS
47.53557,37.71223,313.6,0.54,0.42,2026-08-21,23:07:00,N21,nominal,2.0NRT,288.04,1.78,N,VIIRS
47.52959,37.73256,318.29,0.53,0.42,2026-08-21,23:07:00,N21,nominal,2.0NRT,288.96,2.61,N,VIIRS
47.87177,33.43446,303.54,0.56,0.51,2026-08-21,23:07:00,N21,nominal,2.0NRT,291.49,2.43,N,VIIRS
47.70589,35.45632,295.54,0.45,0.47,2026-08-21,23:07:00,N21,nominal,2.0NRT,285.28,0.4,N,VIIRS
47.38235,36.1259,299.67,0.41,0.45,2026-08-21,23:07:00,N21,nominal,2.0NRT,289.19,0.87,N,VIIRS
47.23043,37.78998,306.53,0.53,0.42,2026-08-21,23:07:00,N21,nominal,2.0NRT,289.15,1.17,N,VIIRS
47.22836,37.81094,310.09,0.53,0.42,2026-08-21,23:07:00,N21,nominal,2.0NRT,288.28,1.88,N,VIIRS
47.48403,34.45978,310.75,0.49,0.49,2026-08-21,23:07:00,N21,nominal,2.0NRT,287.28,1.92,N,VIIRS
47.35975,35.05844,312.71,0.46,0.47,2026-08-21,23:07:00,N21,nominal,2.0NRT,287.18,2.03,N,VIIRS
47.29797,35.85281,304.08,0.43,0.46,2026-08-21,23:07:00,N21,nominal,2.0NRT,288.24,1.74,N,VIIRS
47.29379,35.85202,310.77,0.43,0.46,2026-08-21,23:07:00,N21,nominal,2.0NRT,289.16,1.99,N,VIIRS
47.42801,32.70638,300.6,0.6,0.53,2026-08-21,23:07:00,N21,nominal,2.0NRT,289,2.45,N,VIIRS
47.42313,32.7058,320.77,0.6,0.53,2026-08-21,23:07:00,N21,nominal,2.0NRT,288.05,2.45,N,VIIRS
47.4227,32.71375,302.8,0.6,0.53,2026-08-21,23:07:00,N21,nominal,2.0NRT,287.5,3.3,N,VIIRS
47.28848,33.60175,300.45,0.54,0.51,2026-08-21,23:07:00,N21,nominal,2.0NRT,284.7,2,N,VIIRS
47.26292,33.63432,322.03,0.54,0.51,2026-08-21,23:07:00,N21,nominal,2.0NRT,283.63,2.44,N,VIIRS
47.17832,34.87173,299.25,0.47,0.48,2026-08-21,23:07:00,N21,nominal,2.0NRT,285.15,0.7,N,VIIRS
47.44469,29.33414,301.74,0.43,0.62,2026-08-21,23:07:00,N21,nominal,2.0NRT,288.48,1.2,N,VIIRS
47.44453,29.34029,299.82,0.43,0.62,2026-08-21,23:07:00,N21,nominal,2.0NRT,289.04,1.05,N,VIIRS
47.44329,29.336,308.55,0.43,0.62,2026-08-21,23:07:00,N21,nominal,2.0NRT,288.82,1,N,VIIRS
46.96384,36.6309,301.27,0.39,0.44,2026-08-21,23:07:00,N21,nominal,2.0NRT,289.93,0.57,N,VIIRS
46.97396,36.09766,303.88,0.41,0.45,2026-08-21,23:07:00,N21,nominal,2.0NRT,290.76,1.52,N,VIIRS
47.14088,33.6661,298.04,0.53,0.5,2026-08-21,23:07:00,N21,nominal,2.0NRT,284.35,2.67,N,VIIRS
47.13623,33.66547,323.12,0.53,0.5,2026-08-21,23:07:00,N21,nominal,2.0NRT,285.41,2.67,N,VIIRS
46.98137,35.8082,299.49,0.42,0.45,2026-08-21,23:07:00,N21,nominal,2.0NRT,287.64,1.22,N,VIIRS
47.13779,33.66652,331.1,0.53,0.5,2026-08-21,23:07:00,N21,nominal,2.0NRT,285.79,4.16,N,VIIRS
47.26614,31.24608,296.64,0.35,0.57,2026-08-21,23:07:00,N21,nominal,2.0NRT,286.41,0.61,N,VIIRS
46.88684,36.52549,307.84,0.39,0.44,2026-08-21,23:07:00,N21,nominal,2.0NRT,288.56,1.71,N,VIIRS
46.88328,36.51954,305.85,0.39,0.44,2026-08-21,23:07:00,N21,nominal,2.0NRT,287.38,0.59,N,VIIRS
46.91704,36.0033,307.33,0.41,0.45,2026-08-21,23:07:00,N21,nominal,2.0NRT,287.75,0.92,N,VIIRS
47.01562,34.03315,299.65,0.51,0.49,2026-08-21,23:07:00,N21,nominal,2.0NRT,285.86,1.93,N,VIIRS
47.00525,34.18726,314.9,0.5,0.49,2026-08-21,23:07:00,N21,nominal,2.0NRT,286.04,2.02,N,VIIRS
46.84544,36.056,303.65,0.41,0.45,2026-08-21,23:07:00,N21,nominal,2.0NRT,288.19,0.91,N,VIIRS
46.86833,35.41705,309.1,0.44,0.46,2026-08-21,23:07:00,N21,nominal,2.0NRT,289.94,1.74,N,VIIRS
47.02189,33.16135,348.43,0.56,0.52,2026-08-21,23:07:00,N21,nominal,2.0NRT,290.95,23.59,N,VIIRS
46.81055,35.99811,301.77,0.41,0.45,2026-08-21,23:07:00,N21,nominal,2.0NRT,288.57,0.99,N,VIIRS
46.81008,36.00359,300.01,0.41,0.45,2026-08-21,23:07:00,N21,nominal,2.0NRT,288.75,0.77,N,VIIRS
47.01713,33.16075,325.27,0.56,0.52,2026-08-21,23:07:00,N21,nominal,2.0NRT,286.89,3.06,N,VIIRS
46.85084,35.36714,332.01,0.44,0.46,2026-08-21,23:07:00,N21,nominal,2.0NRT,294.9,9.6,N,VIIRS
46.85131,35.36135,312.18,0.44,0.46,2026-08-21,23:07:00,N21,nominal,2.0NRT,291.57,9.6,N,VIIRS
48.45645,39.7244,300.67,0.46,0.39,2026-08-21,23:07:00,N21,nominal,2.0NRT,290.05,1.05,N,VIIRS
48.50554,38.59515,325.81,0.51,0.41,2026-08-21,23:07:00,N21,nominal,2.0NRT,290.13,7.42,N,VIIRS
48.50482,38.60206,339.07,0.51,0.41,2026-08-21,23:07:00,N21,nominal,2.0NRT,295.63,23.47,N,VIIRS
48.4652,38.76039,309.02,0.5,0.41,2026-08-21,23:07:00,N21,nominal,2.0NRT,293.21,1.98,N,VIIRS
48.46217,38.75281,307.22,0.5,0.41,2026-08-21,23:07:00,N21,nominal,2.0NRT,292.42,1.81,N,VIIRS
48.65798,36.60916,304.45,0.41,0.45,2026-08-21,23:07:00,N21,nominal,2.0NRT,284.43,0.96,N,VIIRS
48.54409,37.69659,320.09,0.55,0.43,2026-08-21,23:07:00,N21,nominal,2.0NRT,289.35,3.17,N,VIIRS
46.81181,35.14623,302.48,0.45,0.47,2026-08-21,23:07:00,N21,nominal,2.0NRT,286.72,1.07,N,VIIRS
46.7947,35.11745,297.94,0.45,0.47,2026-08-21,23:07:00,N21,nominal,2.0NRT,286.71,0.64,N,VIIRS
46.67294,35.91565,298.51,0.42,0.45,2026-08-21,23:07:00,N21,nominal,2.0NRT,287.95,0.21,N,VIIRS
46.86344,32.92176,297.12,0.58,0.52,2026-08-21,23:07:00,N21,nominal,2.0NRT,286.1,0.69,N,VIIRS
46.77222,33.74136,297.25,0.53,0.5,2026-08-21,23:07:00,N21,nominal,2.0NRT,286.08,0.52,N,VIIRS
46.66142,35.23135,300,0.45,0.47,2026-08-21,23:07:00,N21,nominal,2.0NRT,289.6,1.16,N,VIIRS
46.63205,35.58674,300.74,0.43,0.46,2026-08-21,23:07:00,N21,nominal,2.0NRT,287.96,1.43,N,VIIRS
46.71091,34.5388,326.11,0.48,0.48,2026-08-21,23:07:00,N21,nominal,2.0NRT,290.01,3.56,N,VIIRS
46.67273,35.03577,301.24,0.46,0.47,2026-08-21,23:07:00,N21,nominal,2.0NRT,287.33,1.25,N,VIIRS
46.68357,32.69302,316.98,0.59,0.53,2026-08-21,23:07:00,N21,nominal,2.0NRT,290.71,3.1,N,VIIRS
46.68315,32.70064,302.94,0.59,0.53,2026-08-21,23:07:00,N21,nominal,2.0NRT,289.81,1.9,N,VIIRS
46.6493,32.64112,306.83,0.59,0.53,2026-08-21,23:07:00,N21,nominal,2.0NRT,290.89,1.63,N,VIIRS
46.30392,34.46655,303.04,0.48,0.48,2026-08-21,23:07:00,N21,nominal,2.0NRT,288.28,0.72,N,VIIRS
46.30967,34.14589,307.02,0.5,0.49,2026-08-21,23:07:00,N21,nominal,2.0NRT,289.06,1.16,N,VIIRS
48.53487,37.70995,310.51,0.55,0.43,2026-08-21,23:07:00,N21,nominal,2.0NRT,289.96,2.74,N,VIIRS
48.97425,24.71154,299.38,0.72,0.76,2026-08-21,23:07:00,N21,nominal,2.0NRT,287.85,2.84,N,VIIRS
48.49598,37.70134,310.78,0.55,0.43,2026-08-21,23:07:00,N21,nominal,2.0NRT,289.06,2.31,N,VIIRS
