latitude,longitude,bright_ti4,scan,track,acq_date,acq_time,satellite,confidence,version,bright_ti5,frp,daynight,instrument
49.86239,36.62018,303.28,0.45,0.63,2026-08-06,00:45:00,N21,nominal,2.0NRT,287.78,0.9,N,VIIRS
49.6462,37.60196,310.68,0.5,0.66,2026-08-06,00:45:00,N21,nominal,2.0NRT,288.11,1.43,N,VIIRS
49.64346,37.60117,306.2,0.5,0.66,2026-08-06,00:45:00,N21,nominal,2.0NRT,287.76,0.94,N,VIIRS
50.42244,35.49641,298.32,0.38,0.59,2026-08-06,00:45:00,N21,nominal,2.0NRT,287.89,0.49,N,VIIRS
50.48491,35.36993,315.39,0.38,0.59,2026-08-06,00:45:00,N21,nominal,2.0NRT,288.06,1.46,N,VIIRS
50.48098,35.40275,302.85,0.38,0.59,2026-08-06,00:45:00,N21,nominal,2.0NRT,287.63,0.44,N,VIIRS
50.4838,35.36824,313.84,0.38,0.59,2026-08-06,00:45:00,N21,nominal,2.0NRT,288.17,1.31,N,VIIRS
50.4846,35.40468,298.59,0.38,0.59,2026-08-06,00:45:00,N21,nominal,2.0NRT,287.59,0.48,N,VIIRS
50.36724,35.82196,301.85,0.4,0.6,2026-08-06,00:45:00,N21,nominal,2.0NRT,288.6,1.03,N,VIIRS
50.33681,36.17687,303.3,0.41,0.61,2026-08-06,00:45:00,N21,nominal,2.0NRT,287.26,0.57,N,VIIRS
50.33706,36.17575,303.69,0.41,0.61,2026-08-06,00:45:00,N21,nominal,2.0NRT,287.16,0.99,N,VIIRS
50.85908,35.28352,315.55,0.36,0.58,2026-08-06,00:45:00,N21,nominal,2.0NRT,287.97,1.65,N,VIIRS
50.85836,35.28591,316.77,0.36,0.58,2026-08-06,00:45:00,N21,nominal,2.0NRT,287.78,1.48,N,VIIRS
50.35399,37.26257,306.3,0.46,0.63,2026-08-06,00:45:00,N21,nominal,2.0NRT,286.28,0.94,N,VIIRS
50.35097,37.25704,304.85,0.45,0.63,2026-08-06,00:45:00,N21,nominal,2.0NRT,286.45,1.18,N,VIIRS
50.02829,36.02518,302.33,0.42,0.61,2026-08-06,00:45:00,N21,nominal,2.0NRT,288.09,0.42,N,VIIRS
49.86485,36.62445,302,0.45,0.63,2026-08-06,00:45:00,N21,nominal,2.0NRT,287.69,0.82,N,VIIRS
50.0298,36.02143,299.67,0.42,0.61,2026-08-06,00:45:00,N21,nominal,2.0NRT,288.44,1.1,N,VIIRS
50.30086,34.53106,312.72,0.35,0.57,2026-08-06,00:45:00,N21,nominal,2.0NRT,288.52,2.36,N,VIIRS
50.29952,34.53555,313.3,0.36,0.57,2026-08-06,00:45:00,N21,nominal,2.0NRT,288.35,2.39,N,VIIRS
48.59816,37.54908,310.57,0.54,0.68,2026-08-06,00:45:00,N21,nominal,2.0NRT,288.66,1.76,N,VIIRS
48.59797,37.54891,310.75,0.54,0.68,2026-08-06,00:45:00,N21,nominal,2.0NRT,288.7,2.08,N,VIIRS
50.5581,30.84962,312.91,0.49,0.49,2026-08-06,00:45:00,N21,nominal,2.0NRT,290.85,1.81,N,VIIRS
50.55642,30.85616,301.29,0.49,0.49,2026-08-06,00:45:00,N21,nominal,2.0NRT,290.22,1.81,N,VIIRS
47.72698,37.86135,298.14,0.6,0.7,2026-08-06,00:45:00,N21,nominal,2.0NRT,286.31,1.02,N,VIIRS
49.18121,33.45925,301.6,0.35,0.57,2026-08-06,00:45:00,N21,nominal,2.0NRT,289.69,0.99,N,VIIRS
48.57885,35.58917,307.9,0.45,0.63,2026-08-06,00:45:00,N21,nominal,2.0NRT,288.01,3.09,N,VIIRS
48.58059,35.58369,324.2,0.45,0.63,2026-08-06,00:45:00,N21,nominal,2.0NRT,287.8,3.89,N,VIIRS
48.66543,35.87089,307.15,0.46,0.63,2026-08-06,00:45:00,N21,nominal,2.0NRT,288.59,0.97,N,VIIRS
48.66719,35.87002,298.65,0.46,0.63,2026-08-06,00:45:00,N21,nominal,2.0NRT,288.06,1.35,N,VIIRS
48.50248,36.51721,348.39,0.49,0.65,2026-08-06,00:45:00,N21,nominal,2.0NRT,288.68,9.56,N,VIIRS
48.50789,36.5212,298.36,0.49,0.65,2026-08-06,00:45:00,N21,nominal,2.0NRT,287.99,1.1,N,VIIRS
50.43539,30.31351,311.21,0.47,0.48,2026-08-06,00:45:00,N21,nominal,2.0NRT,290.75,1.67,N,VIIRS
47.69279,29.84917,299.77,0.54,0.51,2026-08-06,00:48:00,N21,nominal,2.0NRT,288.64,1.57,N,VIIRS
45.406,29.11239,300.13,0.58,0.52,2026-08-06,00:48:00,N21,nominal,2.0NRT,289.83,0.96,N,VIIRS
45.40654,29.11255,299.88,0.58,0.52,2026-08-06,00:48:00,N21,nominal,2.0NRT,289.75,0.66,N,VIIRS
48.97424,24.71197,316.56,0.48,0.4,2026-08-06,00:48:00,N21,nominal,2.0NRT,294.06,2.33,N,VIIRS
47.73378,30.20827,303.96,0.56,0.51,2026-08-06,00:48:00,N21,nominal,2.0NRT,289.46,1.06,N,VIIRS
46.81129,33.49174,331.58,0.42,0.61,2026-08-06,00:48:00,N21,nominal,2.0NRT,290.63,3.88,N,VIIRS
46.76165,33.67716,300.87,0.43,0.62,2026-08-06,00:48:00,N21,nominal,2.0NRT,288.71,0.72,N,VIIRS
46.76682,33.68057,305.4,0.43,0.62,2026-08-06,00:48:00,N21,nominal,2.0NRT,288.41,0.94,N,VIIRS
46.84254,33.42828,302.57,0.41,0.61,2026-08-06,00:48:00,N21,nominal,2.0NRT,290.47,0.98,N,VIIRS
46.75949,33.68006,299.4,0.43,0.62,2026-08-06,00:48:00,N21,nominal,2.0NRT,288.62,1.04,N,VIIRS
46.76624,33.67836,308.37,0.42,0.61,2026-08-06,00:48:00,N21,nominal,2.0NRT,288.84,1.04,N,VIIRS
46.84318,33.42709,302.99,0.41,0.61,2026-08-06,00:48:00,N21,nominal,2.0NRT,290.57,1.52,N,VIIRS
46.95784,33.16829,306.14,0.4,0.6,2026-08-06,00:48:00,N21,nominal,2.0NRT,289.82,0.9,N,VIIRS
46.98589,33.13487,303.75,0.4,0.6,2026-08-06,00:48:00,N21,nominal,2.0NRT,289.34,0.91,N,VIIRS
46.41441,35.00354,308.67,0.5,0.66,2026-08-06,00:48:00,N21,nominal,2.0NRT,289.67,1.95,N,VIIRS
46.41989,35.00725,301.55,0.5,0.66,2026-08-06,00:48:00,N21,nominal,2.0NRT,289.41,0.77,N,VIIRS
46.99309,33.15105,303.14,0.4,0.6,2026-08-06,00:48:00,N21,nominal,2.0NRT,289.51,2.03,N,VIIRS
46.99813,33.15432,324.44,0.4,0.6,2026-08-06,00:48:00,N21,nominal,2.0NRT,289.75,2.03,N,VIIRS
47.3702,32.04926,334.02,0.35,0.56,2026-08-06,00:48:00,N21,nominal,2.0NRT,290.89,2.13,N,VIIRS
47.36299,32.09492,301.66,0.35,0.57,2026-08-06,00:48:00,N21,nominal,2.0NRT,289.96,0.62,N,VIIRS
47.36419,32.09064,301.37,0.35,0.56,2026-08-06,00:48:00,N21,nominal,2.0NRT,289.69,0.62,N,VIIRS
47.37498,32.0523,299.84,0.35,0.56,2026-08-06,00:48:00,N21,nominal,2.0NRT,289.73,2.13,N,VIIRS
47.3673,32.04902,307.98,0.35,0.56,2026-08-06,00:48:00,N21,nominal,2.0NRT,289.66,0.92,N,VIIRS
47.37209,32.05203,316.25,0.35,0.56,2026-08-06,00:48:00,N21,nominal,2.0NRT,289.81,2.41,N,VIIRS
47.3733,32.0478,314.38,0.35,0.56,2026-08-06,00:48:00,N21,nominal,2.0NRT,290.01,2.13,N,VIIRS
47.3659,32.09324,303.94,0.35,0.56,2026-08-06,00:48:00,N21,nominal,2.0NRT,290.16,1.16,N,VIIRS
44.77349,33.86206,303.66,0.5,0.66,2026-08-06,00:48:00,N21,nominal,2.0NRT,289.81,1.61,N,VIIRS
46.03069,30.18819,303.93,0.63,0.54,2026-08-06,00:48:00,N21,nominal,2.0NRT,290.05,1.06,N,VIIRS
46.03272,30.1806,302.77,0.63,0.54,2026-08-06,00:48:00,N21,nominal,2.0NRT,289.78,1.03,N,VIIRS
46.03327,30.186889999999998,303.09,0.63,0.54,2026-08-06,00:48:00,N21,nominal,2.0NRT,290.14,2.62,N,VIIRS
46.30074,29.63897,300.57,0.58,0.52,2026-08-06,00:48:00,N21,nominal,2.0NRT,290.29,0.74,N,VIIRS
46.30188,29.63768,302.78,0.58,0.52,2026-08-06,00:48:00,N21,nominal,2.0NRT,290.6,1.6,N,VIIRS
46.76245,30.15563,299.1,0.59,0.53,2026-08-06,00:48:00,N21,nominal,2.0NRT,287.08,1.75,N,VIIRS
46.47037,31.88484,306.11,0.36,0.58,2026-08-06,00:48:00,N21,nominal,2.0NRT,293.24,2.22,N,VIIRS
46.47161,31.88047,328.5,0.36,0.57,2026-08-06,00:48:00,N21,nominal,2.0NRT,294.37,2.22,N,VIIRS
46.15859,33.07862,319.29,0.42,0.61,2026-08-06,00:48:00,N21,nominal,2.0NRT,289.22,1.45,N,VIIRS
46.16009,33.07366,302.69,0.42,0.61,2026-08-06,00:48:00,N21,nominal,2.0NRT,288.35,1.45,N,VIIRS
46.15621,33.10684,299.01,0.42,0.61,2026-08-06,00:48:00,N21,nominal,2.0NRT,288.61,0.66,N,VIIRS
46.16526,33.0769,312.29,0.42,0.61,2026-08-06,00:48:00,N21,nominal,2.0NRT,288.03,2.02,N,VIIRS
46.16138,33.11011,302.87,0.42,0.61,2026-08-06,00:48:00,N21,nominal,2.0NRT,288.41,0.66,N,VIIRS
46.16741,33.09012,301.35,0.42,0.61,2026-08-06,00:48:00,N21,nominal,2.0NRT,288.09,2.53,N,VIIRS
46.16591,33.09512,326.62,0.42,0.61,2026-08-06,00:48:00,N21,nominal,2.0NRT,288.88,2.53,N,VIIRS
47.15983,30.28909,301.87,0.59,0.53,2026-08-06,00:48:00,N21,nominal,2.0NRT,290.08,0.72,N,VIIRS
46.693,32.17631,312.35,0.37,0.58,2026-08-06,00:48:00,N21,nominal,2.0NRT,290.13,1.1,N,VIIRS
46.69791,32.17936,342.47,0.37,0.58,2026-08-06,00:48:00,N21,nominal,2.0NRT,290.53,2.55,N,VIIRS
46.70409,32.17798,300.37,0.37,0.58,2026-08-06,00:48:00,N21,nominal,2.0NRT,289.49,2.55,N,VIIRS
46.81958,31.81379,302.28,0.35,0.57,2026-08-06,00:48:00,N21,nominal,2.0NRT,289.92,0.67,N,VIIRS
46.82079,31.80953,303.7,0.35,0.57,2026-08-06,00:48:00,N21,nominal,2.0NRT,289.75,0.67,N,VIIRS
46.66899,32.67658,329.14,0.39,0.59,2026-08-06,00:48:00,N21,nominal,2.0NRT,291.97,3.32,N,VIIRS
48.93243,23.58043,304.23,0.44,0.38,2026-08-06,00:48:00,N21,nominal,2.0NRT,292.9,0.86,N,VIIRS
47.26308,31.29014,308.1,0.32,0.55,2026-08-06,00:48:00,N21,nominal,2.0NRT,289.74,7.5,N,VIIRS
47.26885,31.28903,300,0.32,0.55,2026-08-06,00:48:00,N21,nominal,2.0NRT,289.3,4.95,N,VIIRS
47.26664,31.29698,367,0.32,0.55,2026-08-06,00:48:00,N21,high,2.0NRT,290.84,7.5,N,VIIRS
47.26775,31.293,367,0.32,0.55,2026-08-06,00:48:00,N21,high,2.0NRT,292.67,7.5,N,VIIRS
47.27351,31.29187,305.61,0.32,0.55,2026-08-06,00:48:00,N21,nominal,2.0NRT,289.89,0.93,N,VIIRS
47.5311,30.36618,300.04,0.58,0.52,2026-08-06,00:48:00,N21,nominal,2.0NRT,288.99,1.43,N,VIIRS
47.69891,29.84495,299.91,0.54,0.51,2026-08-06,00:48:00,N21,nominal,2.0NRT,288.96,1.01,N,VIIRS
46.39507,34.47148,308.31,0.47,0.64,2026-08-06,00:48:00,N21,nominal,2.0NRT,288.99,1.2,N,VIIRS
46.39683,34.46582,299.51,0.47,0.64,2026-08-06,00:48:00,N21,nominal,2.0NRT,288.83,1.2,N,VIIRS
46.39555,34.46797,310.8,0.47,0.64,2026-08-06,00:48:00,N21,nominal,2.0NRT,288.91,2.04,N,VIIRS
47.54101,30.65918,301.74,0.59,0.53,2026-08-06,00:48:00,N21,nominal,2.0NRT,288.72,1.49,N,VIIRS
47.71043,35.1281,310.01,0.46,0.63,2026-08-06,00:48:00,N21,nominal,2.0NRT,291.37,1.7,N,VIIRS
47.68602,35.08268,299.72,0.46,0.63,2026-08-06,00:48:00,N21,nominal,2.0NRT,288.61,0.78,N,VIIRS
47.68074,35.07897,300.16,0.46,0.63,2026-08-06,00:48:00,N21,nominal,2.0NRT,288.82,1.63,N,VIIRS
47.67896,35.08462,311.2,0.46,0.63,2026-08-06,00:48:00,N21,nominal,2.0NRT,289.06,1.83,N,VIIRS
47.00446,36.53967,300.33,0.55,0.68,2026-08-06,00:48:00,N21,nominal,2.0NRT,288.29,0.71,N,VIIRS
46.99879,36.53563,307.73,0.55,0.68,2026-08-06,00:48:00,N21,nominal,2.0NRT,289.21,1.43,N,VIIRS
46.98337,36.58178,303.7,0.56,0.69,2026-08-06,00:48:00,N21,nominal,2.0NRT,289.13,1.36,N,VIIRS
46.97541,36.58449,304.69,0.56,0.69,2026-08-06,00:48:00,N21,nominal,2.0NRT,289.24,1.36,N,VIIRS
46.96972,36.58045,324.21,0.56,0.69,2026-08-06,00:48:00,N21,nominal,2.0NRT,289.72,5.34,N,VIIRS
46.95586,36.53777,299.05,0.56,0.69,2026-08-06,00:48:00,N21,nominal,2.0NRT,287.99,0.48,N,VIIRS
47.40589,35.04086,303.45,0.46,0.64,2026-08-06,00:48:00,N21,nominal,2.0NRT,289.36,0.65,N,VIIRS
46.97387,36.33819,303.7,0.55,0.68,2026-08-06,00:48:00,N21,nominal,2.0NRT,289.74,1.91,N,VIIRS
46.97168,36.3447,303.54,0.55,0.68,2026-08-06,00:48:00,N21,nominal,2.0NRT,289.06,1.95,N,VIIRS
50.20633,24.01005,316.2,0.43,0.38,2026-08-06,00:48:00,N21,nominal,2.0NRT,296.41,2.45,N,VIIRS
50.20518,24.01592,303.93,0.43,0.38,2026-08-06,00:48:00,N21,nominal,2.0NRT,293.53,1.3,N,VIIRS
47.40545,35.04129,302.65,0.46,0.64,2026-08-06,00:48:00,N21,nominal,2.0NRT,288.81,0.82,N,VIIRS
46.97393,36.3403,301.7,0.55,0.68,2026-08-06,00:48:00,N21,nominal,2.0NRT,289.37,0.97,N,VIIRS
46.97178,36.34681,302.11,0.55,0.68,2026-08-06,00:48:00,N21,nominal,2.0NRT,288.88,0.97,N,VIIRS
47.8743,33.43888,303.27,0.38,0.59,2026-08-06,00:48:00,N21,nominal,2.0NRT,292.15,0.96,N,VIIRS
46.96828,36.33633,301.06,0.55,0.68,2026-08-06,00:48:00,N21,nominal,2.0NRT,289.39,0.97,N,VIIRS
47.88044,33.39798,305.92,0.38,0.59,2026-08-06,00:48:00,N21,nominal,2.0NRT,292.51,1.62,N,VIIRS
47.8644,33.43222,350.14,0.38,0.59,2026-08-06,00:48:00,N21,nominal,2.0NRT,292.97,8.49,N,VIIRS
47.42028,34.84986,310.32,0.46,0.63,2026-08-06,00:48:00,N21,nominal,2.0NRT,288.32,1.42,N,VIIRS
48.29454,31.8737,298.88,0.32,0.54,2026-08-06,00:48:00,N21,nominal,2.0NRT,288.33,0.66,N,VIIRS
47.41502,34.84612,298.61,0.46,0.63,2026-08-06,00:48:00,N21,nominal,2.0NRT,288.42,0.59,N,VIIRS
47.26008,35.29378,299.25,0.48,0.65,2026-08-06,00:48:00,N21,nominal,2.0NRT,288.22,0.47,N,VIIRS
47.41711,34.59528,300.09,0.44,0.63,2026-08-06,00:48:00,N21,nominal,2.0NRT,289.16,1.19,N,VIIRS
47.41515,34.5923,302.82,0.44,0.63,2026-08-06,00:48:00,N21,nominal,2.0NRT,289.12,0.75,N,VIIRS
47.2953,34.91519,299.29,0.46,0.64,2026-08-06,00:48:00,N21,nominal,2.0NRT,288.12,0.55,N,VIIRS
48.3702,31.13787,302.44,0.59,0.53,2026-08-06,00:48:00,N21,nominal,2.0NRT,289.31,0.87,N,VIIRS
47.39801,34.34192,308.28,0.43,0.62,2026-08-06,00:48:00,N21,nominal,2.0NRT,288.98,1.78,N,VIIRS
47.39994,34.34414,306.77,0.43,0.62,2026-08-06,00:48:00,N21,nominal,2.0NRT,288.81,1.49,N,VIIRS
49.91864,24.14289,303.32,0.44,0.39,2026-08-06,00:48:00,N21,nominal,2.0NRT,292.14,1.09,N,VIIRS
48.37011,30.53703,304.45,0.55,0.51,2026-08-06,00:48:00,N21,nominal,2.0NRT,288.53,1.35,N,VIIRS
48.16649,31.26784,297.56,0.6,0.53,2026-08-06,00:48:00,N21,nominal,2.0NRT,286.68,1.41,N,VIIRS
47.77814,32.63548,299.67,0.36,0.57,2026-08-06,00:48:00,N21,nominal,2.0NRT,289.4,0.37,N,VIIRS
48.5233,34.65614,315.75,0.41,0.61,2026-08-06,00:48:00,N21,nominal,2.0NRT,292.53,2.95,N,VIIRS
47.68489,37.12321,309.86,0.56,0.69,2026-08-06,00:48:00,N21,nominal,2.0NRT,287.76,1.95,N,VIIRS
48.47018,34.62821,303.48,0.41,0.61,2026-08-06,00:48:00,N21,nominal,2.0NRT,293.3,1.4,N,VIIRS
47.6867,37.1229,305.87,0.56,0.69,2026-08-06,00:48:00,N21,nominal,2.0NRT,287.42,1.71,N,VIIRS
48.03682,35.93126,308.88,0.48,0.65,2026-08-06,00:48:00,N21,nominal,2.0NRT,288.52,2.06,N,VIIRS
47.23122,38.25686,304.03,0.64,0.72,2026-08-06,00:48:00,N21,nominal,2.0NRT,286.19,1.17,N,VIIRS
50.54537,26.25826,323.47,0.5,0.41,2026-08-06,00:48:00,N21,nominal,2.0NRT,295.89,3.06,N,VIIRS
47.199,37.92419,302.56,0.62,0.72,2026-08-06,00:48:00,N21,nominal,2.0NRT,286.97,1.7,N,VIIRS
47.92358,35.64993,300.44,0.47,0.64,2026-08-06,00:48:00,N21,nominal,2.0NRT,288.63,1.27,N,VIIRS
47.78173,35.66257,302,0.48,0.65,2026-08-06,00:48:00,N21,nominal,2.0NRT,288.94,1.26,N,VIIRS
47.7829,35.66195,301.31,0.48,0.65,2026-08-06,00:48:00,N21,nominal,2.0NRT,289.02,0.91,N,VIIRS
47.29575,36.85041,319.73,0.56,0.69,2026-08-06,00:48:00,N21,nominal,2.0NRT,287.77,2.48,N,VIIRS
47.29825,36.84809,309.88,0.56,0.69,2026-08-06,00:48:00,N21,nominal,2.0NRT,287.73,1.54,N,VIIRS
47.29601,36.85479,298.42,0.56,0.69,2026-08-06,00:48:00,N21,nominal,2.0NRT,287.42,1.54,N,VIIRS
47.73464,35.17794,301.4,0.46,0.63,2026-08-06,00:48:00,N21,nominal,2.0NRT,289.5,1.12,N,VIIRS
47.7099,35.19455,305.12,0.46,0.64,2026-08-06,00:48:00,N21,nominal,2.0NRT,288.64,1.11,N,VIIRS
47.71187,35.12759,310.32,0.46,0.63,2026-08-06,00:48:00,N21,nominal,2.0NRT,291.22,3.94,N,VIIRS
47.70869,35.19537,305.13,0.46,0.64,2026-08-06,00:48:00,N21,nominal,2.0NRT,288.39,0.96,N,VIIRS
47.71571,35.13184,302.64,0.46,0.63,2026-08-06,00:48:00,N21,nominal,2.0NRT,290.49,1.7,N,VIIRS
46.63185,34.95284,305.91,0.49,0.65,2026-08-06,00:48:00,N21,nominal,2.0NRT,289.3,1.68,N,VIIRS
46.63727,34.95657,303.01,0.49,0.65,2026-08-06,00:48:00,N21,nominal,2.0NRT,289.28,1.68,N,VIIRS
46.61433,35.06947,299.88,0.49,0.65,2026-08-06,00:48:00,N21,nominal,2.0NRT,288.9,0.68,N,VIIRS
46.5501,35.54111,300.28,0.52,0.67,2026-08-06,00:48:00,N21,nominal,2.0NRT,288.74,0.97,N,VIIRS
46.55209,35.53493,300.55,0.52,0.67,2026-08-06,00:48:00,N21,nominal,2.0NRT,288.55,0.97,N,VIIRS
46.55407,35.52877,304.49,0.52,0.67,2026-08-06,00:48:00,N21,nominal,2.0NRT,288.93,3.32,N,VIIRS
46.55051,35.52391,300.84,0.52,0.67,2026-08-06,00:48:00,N21,nominal,2.0NRT,289.16,1.66,N,VIIRS
46.55202,35.54007,302.98,0.52,0.67,2026-08-06,00:48:00,N21,nominal,2.0NRT,288.88,1.34,N,VIIRS
46.55605,35.52777,306.43,0.52,0.67,2026-08-06,00:48:00,N21,nominal,2.0NRT,289.1,1.66,N,VIIRS
46.97596,34.56726,302.02,0.46,0.63,2026-08-06,00:48:00,N21,nominal,2.0NRT,288.78,1.68,N,VIIRS
47.76579,31.95031,302.03,0.33,0.55,2026-08-06,00:48:00,N21,nominal,2.0NRT,289.43,0.72,N,VIIRS
46.90046,35.15688,301.05,0.49,0.65,2026-08-06,00:48:00,N21,nominal,2.0NRT,289.47,1.19,N,VIIRS
48.51811,29.4415,320.37,0.49,0.49,2026-08-06,00:48:00,N21,nominal,2.0NRT,289.17,4,N,VIIRS
46.90401,35.16656,301.72,0.49,0.65,2026-08-06,00:48:00,N21,nominal,2.0NRT,289.09,3.38,N,VIIRS
46.90588,35.16066,331.83,0.49,0.65,2026-08-06,00:48:00,N21,nominal,2.0NRT,289.98,3.38,N,VIIRS
46.92245,35.12912,302.63,0.49,0.65,2026-08-06,00:48:00,N21,nominal,2.0NRT,289.37,1.99,N,VIIRS
46.92428,35.12331,315.27,0.49,0.65,2026-08-06,00:48:00,N21,nominal,2.0NRT,289.72,2.61,N,VIIRS
46.90396,35.16059,342.6,0.49,0.65,2026-08-06,00:48:00,N21,nominal,2.0NRT,290.6,7.13,N,VIIRS
46.92257,35.1234,324.23,0.49,0.65,2026-08-06,00:48:00,N21,nominal,2.0NRT,289.93,3.54,N,VIIRS
46.95407,35.25257,317.97,0.49,0.65,2026-08-06,00:48:00,N21,nominal,2.0NRT,289.26,3.07,N,VIIRS
47.77704,32.63427,300.06,0.36,0.57,2026-08-06,00:48:00,N21,nominal,2.0NRT,289.39,0.42,N,VIIRS
48.1624,31.26825,298.14,0.6,0.53,2026-08-06,00:48:00,N21,nominal,2.0NRT,284.49,2.11,N,VIIRS
48.36702,30.5373,303.27,0.55,0.51,2026-08-06,00:48:00,N21,nominal,2.0NRT,288.48,0.96,N,VIIRS
49.94645,37.74882,329.3,0.59,0.7,2026-08-06,08:54:00,N21,nominal,2.0NRT,295.5,5.42,D,VIIRS
49.82046,37.62592,331.06,0.61,0.71,2026-08-06,08:54:00,N21,nominal,2.0NRT,295.83,4.91,D,VIIRS
49.07492,38.01569,332.22,0.62,0.72,2026-08-06,08:54:00,N21,nominal,2.0NRT,297.87,4.52,D,VIIRS
48.50845,36.52573,330.16,0.75,0.77,2026-08-06,08:54:00,N21,nominal,2.0NRT,298.86,8.44,D,VIIRS
48.50722,36.52124,337.37,0.75,0.77,2026-08-06,08:54:00,N21,nominal,2.0NRT,298.51,20.56,D,VIIRS
48.9352,37.86025,333.62,0.64,0.72,2026-08-06,08:54:00,N21,nominal,2.0NRT,299.48,6.83,D,VIIRS
48.99181,38.20588,335.69,0.62,0.71,2026-08-06,08:54:00,N21,nominal,2.0NRT,301.78,13.42,D,VIIRS
48.8507,37.83551,332.04,0.65,0.73,2026-08-06,08:54:00,N21,nominal,2.0NRT,298.16,5.03,D,VIIRS
48.60708,37.40553,330.17,0.68,0.74,2026-08-06,08:54:00,N21,nominal,2.0NRT,297.35,4.56,D,VIIRS
48.42828,36.9983,331.84,0.72,0.76,2026-08-06,08:54:00,N21,nominal,2.0NRT,296.77,5.43,D,VIIRS
48.28782,36.64827,344.49,0.76,0.77,2026-08-06,08:54:00,N21,nominal,2.0NRT,297.11,13.25,D,VIIRS
48.46155,37.19315,333.37,0.71,0.75,2026-08-06,08:54:00,N21,nominal,2.0NRT,297.51,5.75,D,VIIRS
48.65375,37.73205,333.38,0.66,0.73,2026-08-06,08:54:00,N21,nominal,2.0NRT,298.78,6.6,D,VIIRS
48.33874,36.99479,345.12,0.73,0.76,2026-08-06,08:54:00,N21,nominal,2.0NRT,297.4,9.23,D,VIIRS
48.58643,37.67542,348.11,0.67,0.74,2026-08-06,08:54:00,N21,nominal,2.0NRT,299.64,7.76,D,VIIRS
48.33699,36.99318,334.65,0.73,0.76,2026-08-06,08:54:00,N21,nominal,2.0NRT,297.04,5.66,D,VIIRS
48.58792,37.6719,347.65,0.67,0.74,2026-08-06,08:54:00,N21,nominal,2.0NRT,299.88,7.12,D,VIIRS
48.35616,37.36284,339.51,0.7,0.75,2026-08-06,08:54:00,N21,nominal,2.0NRT,297.53,11.99,D,VIIRS
48.35926,37.37113,343.49,0.7,0.75,2026-08-06,08:54:00,N21,nominal,2.0NRT,298.12,11.99,D,VIIRS
48.36054,37.36013,331.66,0.7,0.75,2026-08-06,08:54:00,N21,nominal,2.0NRT,297.97,7.36,D,VIIRS
48.35755,37.37337,337.88,0.7,0.75,2026-08-06,08:54:00,N21,nominal,2.0NRT,297.79,9.81,D,VIIRS
47.92691,36.51376,344.71,0.79,0.78,2026-08-06,08:54:00,N21,nominal,2.0NRT,298.08,11.91,D,VIIRS
48.21998,37.34429,331.34,0.71,0.75,2026-08-06,08:54:00,N21,nominal,2.0NRT,297.78,6.09,D,VIIRS
47.92928,36.51332,339.36,0.79,0.78,2026-08-06,08:54:00,N21,nominal,2.0NRT,297.43,18.57,D,VIIRS
48.6051,39.15322,341.31,0.58,0.7,2026-08-06,08:54:00,N21,nominal,2.0NRT,296.55,5.14,D,VIIRS
47.62081,36.77382,367,0.79,0.78,2026-08-06,08:54:00,N21,high,2.0NRT,298.84,20.62,D,VIIRS
47.62308,36.77229,367,0.79,0.78,2026-08-06,08:54:00,N21,high,2.0NRT,299.84,21.46,D,VIIRS
47.85048,37.6302,343.14,0.72,0.75,2026-08-06,08:54:00,N21,nominal,2.0NRT,296.1,8.34,D,VIIRS
47.84808,37.62889,338.81,0.72,0.75,2026-08-06,08:54:00,N21,nominal,2.0NRT,296.26,8.52,D,VIIRS
47.68846,35.419,351.5,0.4,0.37,2026-08-06,10:34:00,N21,nominal,2.0NRT,310.72,10.69,D,VIIRS
45.02951,34.25415,338.44,0.38,0.36,2026-08-06,10:34:00,N21,nominal,2.0NRT,306.56,9.47,D,VIIRS
45.02877,34.24936,339.52,0.38,0.36,2026-08-06,10:34:00,N21,nominal,2.0NRT,307.07,9.47,D,VIIRS
45.03276,34.25315,331.11,0.38,0.36,2026-08-06,10:34:00,N21,low,2.0NRT,304.65,2.06,D,VIIRS
45.73987,34.49043,335.05,0.38,0.36,2026-08-06,10:34:00,N21,nominal,2.0NRT,309.05,1.72,D,VIIRS
46.33384,34.64228,344.05,0.39,0.36,2026-08-06,10:34:00,N21,low,2.0NRT,314.38,5.08,D,VIIRS
46.20334,33.42321,339.14,0.38,0.36,2026-08-06,10:34:00,N21,low,2.0NRT,310.01,10.56,D,VIIRS
46.20257,33.41832,354.93,0.38,0.36,2026-08-06,10:34:00,N21,nominal,2.0NRT,315.11,10.56,D,VIIRS
46.2018,33.41342,351.54,0.38,0.36,2026-08-06,10:34:00,N21,nominal,2.0NRT,318.26,18.65,D,VIIRS
46.15031,33.09003,347.72,0.39,0.36,2026-08-06,10:34:00,N21,nominal,2.0NRT,307.94,6.78,D,VIIRS
46.15356,33.08895,367,0.39,0.36,2026-08-06,10:34:00,N21,high,2.0NRT,310.38,10.03,D,VIIRS
46.20659,33.42215,338.56,0.38,0.36,2026-08-06,10:34:00,N21,low,2.0NRT,309.87,40.46,D,VIIRS
46.15435,33.09385,355.19,0.39,0.36,2026-08-06,10:34:00,N21,nominal,2.0NRT,314.95,34.62,D,VIIRS
46.15277,33.08404,352.87,0.39,0.36,2026-08-06,10:34:00,N21,nominal,2.0NRT,314.19,10.03,D,VIIRS
46.20582,33.41725,367,0.38,0.36,2026-08-06,10:34:00,N21,low,2.0NRT,329.32,40.46,D,VIIRS
46.20505,33.41236,367,0.38,0.36,2026-08-06,10:34:00,N21,low,2.0NRT,331.31,88.64,D,VIIRS
46.164,33.11131,337,0.39,0.36,2026-08-06,10:34:00,N21,low,2.0NRT,311.46,17.9,D,VIIRS
46.17218,33.09825,347.41,0.39,0.36,2026-08-06,10:34:00,N21,nominal,2.0NRT,313.86,14.32,D,VIIRS
46.17543,33.09717,346.63,0.39,0.36,2026-08-06,10:34:00,N21,nominal,2.0NRT,317.04,18.12,D,VIIRS
46.33398,34.07012,345,0.38,0.36,2026-08-06,10:34:00,N21,low,2.0NRT,317.46,13.53,D,VIIRS
45.50417,29.04214,335.94,0.48,0.4,2026-08-06,10:34:00,N21,low,2.0NRT,309.13,3.33,D,VIIRS
46.69849,36.24461,339.91,0.41,0.37,2026-08-06,10:34:00,N21,low,2.0NRT,311.92,4.31,D,VIIRS
46.6895,36.17595,347.31,0.41,0.37,2026-08-06,10:34:00,N21,nominal,2.0NRT,312.75,8.97,D,VIIRS
46.70185,36.24367,347.9,0.41,0.37,2026-08-06,10:34:00,N21,nominal,2.0NRT,314.28,9.87,D,VIIRS
46.69977,36.2278,337.71,0.41,0.37,2026-08-06,10:34:00,N21,low,2.0NRT,311.48,33.52,D,VIIRS
46.69217,36.16975,338.97,0.41,0.37,2026-08-06,10:34:00,N21,low,2.0NRT,313.28,3.72,D,VIIRS
46.69148,36.16449,347.77,0.41,0.37,2026-08-06,10:34:00,N21,nominal,2.0NRT,314.01,5.34,D,VIIRS
46.70383,36.23215,338.55,0.41,0.37,2026-08-06,10:34:00,N21,low,2.0NRT,313.37,16.94,D,VIIRS
46.70314,36.22686,367,0.41,0.37,2026-08-06,10:34:00,N21,low,2.0NRT,325.59,33.52,D,VIIRS
46.71333,36.25143,345.31,0.41,0.37,2026-08-06,10:34:00,N21,nominal,2.0NRT,312.85,5.13,D,VIIRS
46.71669,36.25049,342.43,0.41,0.37,2026-08-06,10:34:00,N21,nominal,2.0NRT,313.17,3.75,D,VIIRS
46.70272,36.11769,343.62,0.41,0.37,2026-08-06,10:34:00,N21,nominal,2.0NRT,313.45,10.08,D,VIIRS
46.69704,36.04857,340.43,0.4,0.37,2026-08-06,10:34:00,N21,low,2.0NRT,311.37,3.99,D,VIIRS
46.59978,35.21125,345.02,0.39,0.36,2026-08-06,10:34:00,N21,nominal,2.0NRT,312.81,10.73,D,VIIRS
46.79215,36.58947,347.62,0.42,0.37,2026-08-06,10:34:00,N21,nominal,2.0NRT,314.38,6.6,D,VIIRS
45.60105,29.24008,337.89,0.47,0.4,2026-08-06,10:34:00,N21,low,2.0NRT,309.73,4.75,D,VIIRS
46.79554,36.58854,347.15,0.42,0.37,2026-08-06,10:34:00,N21,nominal,2.0NRT,314.42,14.69,D,VIIRS
46.80587,36.64494,340.4,0.42,0.38,2026-08-06,10:34:00,N21,low,2.0NRT,313.41,4.96,D,VIIRS
46.72939,36.04783,338.21,0.41,0.37,2026-08-06,10:34:00,N21,low,2.0NRT,308.59,4.01,D,VIIRS
46.73206,36.04164,339.86,0.41,0.37,2026-08-06,10:34:00,N21,low,2.0NRT,310.21,4.01,D,VIIRS
46.6038,35.09687,338.41,0.39,0.36,2026-08-06,10:34:00,N21,low,2.0NRT,313.35,5.37,D,VIIRS
46.60638,35.09085,339.45,0.39,0.36,2026-08-06,10:34:00,N21,low,2.0NRT,312.31,2.32,D,VIIRS
46.59077,34.98016,350.57,0.39,0.36,2026-08-06,10:34:00,N21,nominal,2.0NRT,313.77,8.49,D,VIIRS
46.59006,34.97514,338,0.39,0.36,2026-08-06,10:34:00,N21,low,2.0NRT,311.21,8.49,D,VIIRS
46.81676,36.64758,338.75,0.42,0.38,2026-08-06,10:34:00,N21,low,2.0NRT,311.8,3.28,D,VIIRS
46.75251,36.1449,354.24,0.41,0.37,2026-08-06,10:34:00,N21,nominal,2.0NRT,313.43,7.5,D,VIIRS
46.59405,34.97918,354.54,0.39,0.36,2026-08-06,10:34:00,N21,nominal,2.0NRT,317.01,8.49,D,VIIRS
46.59334,34.97416,352.76,0.39,0.36,2026-08-06,10:34:00,N21,nominal,2.0NRT,314.93,8.49,D,VIIRS
46.59733,34.97819,367,0.39,0.36,2026-08-06,10:34:00,N21,high,2.0NRT,316.73,12.86,D,VIIRS
46.75587,36.14396,343.3,0.41,0.37,2026-08-06,10:34:00,N21,nominal,2.0NRT,311.31,3.32,D,VIIRS
46.67624,35.54624,343.41,0.4,0.37,2026-08-06,10:34:00,N21,nominal,2.0NRT,312.43,5.15,D,VIIRS
46.59662,34.97317,344.68,0.39,0.36,2026-08-06,10:34:00,N21,nominal,2.0NRT,318.56,12.86,D,VIIRS
46.75923,36.14303,337.24,0.41,0.37,2026-08-06,10:34:00,N21,low,2.0NRT,311.46,3.32,D,VIIRS
46.67956,35.54527,338.42,0.4,0.37,2026-08-06,10:34:00,N21,low,2.0NRT,312.74,5.15,D,VIIRS
46.60062,34.9772,340.49,0.39,0.36,2026-08-06,10:34:00,N21,nominal,2.0NRT,314.07,12.86,D,VIIRS
46.61047,34.97424,351.92,0.39,0.36,2026-08-06,10:34:00,N21,nominal,2.0NRT,316.14,36.79,D,VIIRS
45.68967,29.52797,346.41,0.46,0.39,2026-08-06,10:34:00,N21,nominal,2.0NRT,313.95,74.98,D,VIIRS
46.61446,34.97828,352.85,0.39,0.36,2026-08-06,10:34:00,N21,nominal,2.0NRT,315.72,10.62,D,VIIRS
46.61375,34.97326,367,0.39,0.36,2026-08-06,10:34:00,N21,low,2.0NRT,327.28,36.79,D,VIIRS
46.61774,34.977290000000004,348.35,0.39,0.36,2026-08-06,10:34:00,N21,nominal,2.0NRT,315.07,11.77,D,VIIRS
46.61703,34.97227,353.48,0.39,0.36,2026-08-06,10:34:00,N21,low,2.0NRT,323.83,36.92,D,VIIRS
46.61632,34.96725,338.73,0.39,0.36,2026-08-06,10:34:00,N21,low,2.0NRT,312.12,36.92,D,VIIRS
46.62031,34.97128,367,0.39,0.36,2026-08-06,10:34:00,N21,low,2.0NRT,326.46,36.92,D,VIIRS
46.89512,36.19118,341.2,0.41,0.37,2026-08-06,10:34:00,N21,low,2.0NRT,312.62,5.93,D,VIIRS
46.76505,35.19997,338.56,0.39,0.36,2026-08-06,10:34:00,N21,low,2.0NRT,312.82,3.47,D,VIIRS
46.77235,35.20309,347.61,0.39,0.36,2026-08-06,10:34:00,N21,nominal,2.0NRT,316.65,7.22,D,VIIRS
46.77565,35.20211,340.92,0.39,0.36,2026-08-06,10:34:00,N21,low,2.0NRT,314.11,7.22,D,VIIRS
47.1138,37.83031,342.49,0.45,0.39,2026-08-06,10:34:00,N21,low,2.0NRT,313.06,7.17,D,VIIRS
46.96306,36.58409,338.3,0.42,0.37,2026-08-06,10:34:00,N21,nominal,2.0NRT,310.85,11.14,D,VIIRS
46.96237,36.57867,353.59,0.42,0.37,2026-08-06,10:34:00,N21,nominal,2.0NRT,313.33,11.14,D,VIIRS
46.96168,36.57323,338.82,0.42,0.37,2026-08-06,10:34:00,N21,nominal,2.0NRT,309.52,4.32,D,VIIRS
46.96646,36.58316,352.24,0.42,0.37,2026-08-06,10:34:00,N21,nominal,2.0NRT,316.54,11.14,D,VIIRS
46.97055,36.58765,343.86,0.42,0.38,2026-08-06,10:34:00,N21,nominal,2.0NRT,312.02,6.39,D,VIIRS
46.97395,36.58672,348.69,0.42,0.38,2026-08-06,10:34:00,N21,nominal,2.0NRT,313.5,6.39,D,VIIRS
46.98075,36.58484,346.87,0.42,0.38,2026-08-06,10:34:00,N21,nominal,2.0NRT,315.74,9.35,D,VIIRS
46.98756,36.58294,345.13,0.42,0.38,2026-08-06,10:34:00,N21,nominal,2.0NRT,312.63,13.77,D,VIIRS
46.95914,36.36143,335.15,0.41,0.37,2026-08-06,10:34:00,N21,low,2.0NRT,310.07,3.27,D,VIIRS
46.95844,36.35608,339.57,0.41,0.37,2026-08-06,10:34:00,N21,low,2.0NRT,312.42,3.27,D,VIIRS
46.95775,36.35073,337.83,0.41,0.37,2026-08-06,10:34:00,N21,low,2.0NRT,312.52,9.24,D,VIIRS
46.95359,36.31858,344.83,0.41,0.37,2026-08-06,10:34:00,N21,nominal,2.0NRT,311.69,6.36,D,VIIRS
46.96113,36.34978,339.13,0.41,0.37,2026-08-06,10:34:00,N21,low,2.0NRT,312.22,6.25,D,VIIRS
46.95975,36.33909,338.61,0.41,0.37,2026-08-06,10:34:00,N21,low,2.0NRT,312.03,3.07,D,VIIRS
46.95835,36.32838,338.95,0.41,0.37,2026-08-06,10:34:00,N21,low,2.0NRT,311.81,2.56,D,VIIRS
46.95766,36.323,337.73,0.41,0.37,2026-08-06,10:34:00,N21,low,2.0NRT,309.28,2.56,D,VIIRS
46.95895,36.30599,367,0.41,0.37,2026-08-06,10:34:00,N21,high,2.0NRT,312.37,7.22,D,VIIRS
46.95826,36.30065,344.15,0.41,0.37,2026-08-06,10:34:00,N21,nominal,2.0NRT,310.44,7.22,D,VIIRS
46.37302,32.34898,339.5,0.39,0.36,2026-08-06,10:34:00,N21,nominal,2.0NRT,306.36,21.22,D,VIIRS
46.96302,36.31039,343.37,0.41,0.37,2026-08-06,10:34:00,N21,nominal,2.0NRT,311.34,9.56,D,VIIRS
46.82847,35.26066,339.64,0.39,0.36,2026-08-06,10:34:00,N21,low,2.0NRT,313.25,3.85,D,VIIRS
46.53118,33.26087,345.12,0.38,0.36,2026-08-06,10:34:00,N21,nominal,2.0NRT,313.27,9.55,D,VIIRS
46.53041,33.25595,341.12,0.38,0.36,2026-08-06,10:34:00,N21,low,2.0NRT,315.04,9.55,D,VIIRS
46.83338,35.22204,342.62,0.39,0.36,2026-08-06,10:34:00,N21,low,2.0NRT,313.68,4.6,D,VIIRS
46.842,35.2646,344.2,0.39,0.36,2026-08-06,10:34:00,N21,nominal,2.0NRT,313.02,6.81,D,VIIRS
46.84129,35.25951,337.98,0.39,0.36,2026-08-06,10:34:00,N21,low,2.0NRT,312.67,6.07,D,VIIRS
46.84059,35.25441,347.5,0.39,0.36,2026-08-06,10:34:00,N21,nominal,2.0NRT,314.03,6.07,D,VIIRS
46.5499,33.26727,367,0.38,0.36,2026-08-06,10:34:00,N21,high,2.0NRT,314.48,10.56,D,VIIRS
46.55068,33.2722,336.2,0.38,0.36,2026-08-06,10:34:00,N21,nominal,2.0NRT,295.84,3.16,D,VIIRS
46.54912,33.26235,348.98,0.38,0.36,2026-08-06,10:34:00,N21,nominal,2.0NRT,309.11,10.56,D,VIIRS
46.8486,35.26264,350.09,0.39,0.36,2026-08-06,10:34:00,N21,nominal,2.0NRT,314.89,12.03,D,VIIRS
46.52732,33.10361,336.56,0.39,0.36,2026-08-06,10:34:00,N21,low,2.0NRT,310.67,5.1,D,VIIRS
46.85119,35.25656,348.45,0.39,0.36,2026-08-06,10:34:00,N21,nominal,2.0NRT,317.01,12.63,D,VIIRS
46.03634,30.18947,349.38,0.44,0.38,2026-08-06,10:34:00,N21,nominal,2.0NRT,312.2,13.39,D,VIIRS
46.03975,30.18815,344.8,0.44,0.38,2026-08-06,10:34:00,N21,nominal,2.0NRT,309.07,11.1,D,VIIRS
46.50805,32.79258,338.19,0.39,0.36,2026-08-06,10:34:00,N21,low,2.0NRT,312.05,7.14,D,VIIRS
46.50725,32.78763,345.9,0.39,0.36,2026-08-06,10:34:00,N21,nominal,2.0NRT,314.13,7.14,D,VIIRS
46.5105,32.78652,351.93,0.39,0.36,2026-08-06,10:34:00,N21,nominal,2.0NRT,318.2,16.5,D,VIIRS
47.02792,36.29542,338.85,0.41,0.37,2026-08-06,10:34:00,N21,nominal,2.0NRT,309.49,7.46,D,VIIRS
47.02723,36.29005,343.16,0.41,0.37,2026-08-06,10:34:00,N21,nominal,2.0NRT,310.09,26.26,D,VIIRS
47.03061,36.2891,342.23,0.41,0.37,2026-08-06,10:34:00,N21,low,2.0NRT,315.28,26.26,D,VIIRS
47.02991,36.28373,315.21,0.41,0.37,2026-08-06,10:34:00,N21,low,2.0NRT,316.63,26.26,D,VIIRS
47.21367,37.66368,336.87,0.45,0.39,2026-08-06,10:34:00,N21,nominal,2.0NRT,307.61,2.36,D,VIIRS
47.04065,36.25855,342.26,0.41,0.37,2026-08-06,10:34:00,N21,low,2.0NRT,312.93,9.16,D,VIIRS
47.08479,36.52018,338.68,0.42,0.37,2026-08-06,10:34:00,N21,low,2.0NRT,310.65,13.91,D,VIIRS
47.06736,36.35685,337.6,0.41,0.37,2026-08-06,10:34:00,N21,low,2.0NRT,310.13,3.75,D,VIIRS
47.09159,36.51835,336.37,0.42,0.37,2026-08-06,10:34:00,N21,low,2.0NRT,309.37,3.56,D,VIIRS
47.07144,36.36127,342.2,0.41,0.37,2026-08-06,10:34:00,N21,low,2.0NRT,315.08,7.78,D,VIIRS
46.09226,30.15616,339.42,0.44,0.38,2026-08-06,10:34:00,N21,low,2.0NRT,310.48,8.19,D,VIIRS
47.0781,36.33151,338.02,0.41,0.37,2026-08-06,10:34:00,N21,low,2.0NRT,311.65,7.34,D,VIIRS
47.08149,36.33055,341.44,0.41,0.37,2026-08-06,10:34:00,N21,nominal,2.0NRT,310.25,7.99,D,VIIRS
46.71792,33.68875,342.61,0.38,0.36,2026-08-06,10:34:00,N21,nominal,2.0NRT,311.62,3.54,D,VIIRS
46.58989,32.87436,345.91,0.39,0.36,2026-08-06,10:34:00,N21,low,2.0NRT,320.25,23.67,D,VIIRS
46.58909,32.86942,338.69,0.39,0.36,2026-08-06,10:34:00,N21,low,2.0NRT,312.71,11.92,D,VIIRS
46.94923,35.2515,342.56,0.39,0.37,2026-08-06,10:34:00,N21,low,2.0NRT,317.04,8.21,D,VIIRS
46.55418,32.59081,337.36,0.39,0.36,2026-08-06,10:34:00,N21,low,2.0NRT,309.7,11.19,D,VIIRS
46.48945,32.05861,350.58,0.39,0.37,2026-08-06,10:34:00,N21,nominal,2.0NRT,307.45,13.51,D,VIIRS
46.60296,32.72078,341.84,0.39,0.36,2026-08-06,10:34:00,N21,nominal,2.0NRT,309.72,4.21,D,VIIRS
46.80273,33.54934,339.4,0.38,0.36,2026-08-06,10:34:00,N21,low,2.0NRT,309.83,6.11,D,VIIRS
46.50842,31.74109,339.74,0.4,0.37,2026-08-06,10:34:00,N21,low,2.0NRT,311.82,9,D,VIIRS
46.80598,33.54827,341.76,0.38,0.36,2026-08-06,10:34:00,N21,low,2.0NRT,312.3,6.11,D,VIIRS
46.74266,33.14305,343.03,0.38,0.36,2026-08-06,10:34:00,N21,nominal,2.0NRT,308.47,8.21,D,VIIRS
46.52279,31.75009,340.63,0.4,0.37,2026-08-06,10:34:00,N21,low,2.0NRT,312.17,14.78,D,VIIRS
47.28109,36.83404,340.88,0.43,0.38,2026-08-06,10:34:00,N21,nominal,2.0NRT,310.05,5.37,D,VIIRS
47.29412,36.85351,341.81,0.43,0.38,2026-08-06,10:34:00,N21,nominal,2.0NRT,310.81,4.36,D,VIIRS
47.29825,36.85817,337.34,0.43,0.38,2026-08-06,10:34:00,N21,low,2.0NRT,310.44,4.36,D,VIIRS
47.29756,36.85258,340.17,0.43,0.38,2026-08-06,10:34:00,N21,low,2.0NRT,313.75,4.36,D,VIIRS
47.10127,35.33834,342.25,0.4,0.37,2026-08-06,10:34:00,N21,low,2.0NRT,314.66,3.96,D,VIIRS
47.10057,35.33318,345.1,0.4,0.37,2026-08-06,10:34:00,N21,low,2.0NRT,315.64,3.96,D,VIIRS
46.52025,31.59424,336.91,0.4,0.37,2026-08-06,10:34:00,N21,low,2.0NRT,308.34,5.4,D,VIIRS
47.10458,35.33736,339.03,0.4,0.37,2026-08-06,10:34:00,N21,low,2.0NRT,313.71,9.76,D,VIIRS
46.73116,32.81092,352.16,0.39,0.36,2026-08-06,10:34:00,N21,nominal,2.0NRT,313.1,11.02,D,VIIRS
47.09061,35.11166,367,0.39,0.36,2026-08-06,10:34:00,N21,high,2.0NRT,309.12,10.01,D,VIIRS
47.08847,35.09633,346.4,0.39,0.36,2026-08-06,10:34:00,N21,low,2.0NRT,316.79,6.84,D,VIIRS
47.08776,35.09122,351.88,0.39,0.36,2026-08-06,10:34:00,N21,nominal,2.0NRT,318.72,6.84,D,VIIRS
46.84465,33.41915,352.18,0.38,0.36,2026-08-06,10:34:00,N21,nominal,2.0NRT,311.28,7.57,D,VIIRS
46.8479,33.41808,347.31,0.38,0.36,2026-08-06,10:34:00,N21,nominal,2.0NRT,313.86,7.57,D,VIIRS
47.09765,35.08826,347.97,0.39,0.36,2026-08-06,10:34:00,N21,low,2.0NRT,318.48,34.79,D,VIIRS
47.10167,35.09237,343.18,0.39,0.36,2026-08-06,10:34:00,N21,low,2.0NRT,315.72,34.79,D,VIIRS
47.10095,35.08727,367,0.39,0.36,2026-08-06,10:34:00,N21,low,2.0NRT,330.21,34.79,D,VIIRS
47.42373,37.57711,341.53,0.45,0.39,2026-08-06,10:34:00,N21,low,2.0NRT,313.32,5.04,D,VIIRS
47.10496,35.09138,349.23,0.39,0.36,2026-08-06,10:34:00,N21,nominal,2.0NRT,314.43,21.91,D,VIIRS
47.10424,35.08628,343.81,0.39,0.36,2026-08-06,10:34:00,N21,low,2.0NRT,316.66,21.91,D,VIIRS
47.42725,37.5762,337.09,0.45,0.39,2026-08-06,10:34:00,N21,low,2.0NRT,307.94,5.04,D,VIIRS
46.26554,29.95473,342.98,0.44,0.38,2026-08-06,10:34:00,N21,nominal,2.0NRT,311.15,5.46,D,VIIRS
46.26448,29.94917,334.81,0.44,0.38,2026-08-06,10:34:00,N21,low,2.0NRT,309.31,1.81,D,VIIRS
47.46163,37.65257,336.15,0.45,0.39,2026-08-06,10:34:00,N21,nominal,2.0NRT,307.02,4.22,D,VIIRS
46.79361,32.8367,345.75,0.39,0.36,2026-08-06,10:34:00,N21,nominal,2.0NRT,311.26,7.33,D,VIIRS
46.79765,32.84055,350.28,0.39,0.36,2026-08-06,10:34:00,N21,nominal,2.0NRT,311.72,14.69,D,VIIRS
46.79685,32.83559,345.84,0.39,0.36,2026-08-06,10:34:00,N21,nominal,2.0NRT,310.99,7.33,D,VIIRS
47.22824,35.73961,342.7,0.4,0.37,2026-08-06,10:34:00,N21,low,2.0NRT,317.21,5.91,D,VIIRS
46.8017,32.8444,347.51,0.39,0.36,2026-08-06,10:34:00,N21,nominal,2.0NRT,311.97,17.21,D,VIIRS
46.90029,33.35642,344.74,0.38,0.36,2026-08-06,10:34:00,N21,nominal,2.0NRT,313.18,9.25,D,VIIRS
47.18989,35.31512,342.44,0.4,0.37,2026-08-06,10:34:00,N21,low,2.0NRT,314.23,9.65,D,VIIRS
47.18919,35.30996,352.82,0.4,0.37,2026-08-06,10:34:00,N21,nominal,2.0NRT,318.54,9.65,D,VIIRS
47.18707,35.29447,340.11,0.4,0.37,2026-08-06,10:34:00,N21,low,2.0NRT,311.98,26.06,D,VIIRS
47.18636,35.2893,348.21,0.4,0.37,2026-08-06,10:34:00,N21,nominal,2.0NRT,311.58,26.06,D,VIIRS
47.1925,35.30898,351.08,0.4,0.37,2026-08-06,10:34:00,N21,nominal,2.0NRT,317.68,9.65,D,VIIRS
47.19179,35.30381,342.19,0.4,0.37,2026-08-06,10:34:00,N21,low,2.0NRT,316.54,21.91,D,VIIRS
47.18967,35.28832,342.03,0.4,0.37,2026-08-06,10:34:00,N21,low,2.0NRT,315.21,26.06,D,VIIRS
47.19651,35.31316,340.78,0.4,0.37,2026-08-06,10:34:00,N21,low,2.0NRT,314.86,6.09,D,VIIRS
47.1951,35.30283,350.42,0.4,0.37,2026-08-06,10:34:00,N21,nominal,2.0NRT,316.92,10.94,D,VIIRS
47.19439,35.29766,344.5,0.4,0.37,2026-08-06,10:34:00,N21,low,2.0NRT,316.46,10.94,D,VIIRS
47.19369,35.2925,352.53,0.4,0.37,2026-08-06,10:34:00,N21,low,2.0NRT,323.8,53.16,D,VIIRS
47.19228,35.28218,346.75,0.4,0.37,2026-08-06,10:34:00,N21,nominal,2.0NRT,316.36,7.22,D,VIIRS
47.19982,35.31217,348.49,0.4,0.37,2026-08-06,10:34:00,N21,nominal,2.0NRT,315.16,6.09,D,VIIRS
47.19841,35.30184,339.29,0.4,0.37,2026-08-06,10:34:00,N21,low,2.0NRT,313.63,10.94,D,VIIRS
47.19771,35.29668,346.32,0.4,0.37,2026-08-06,10:34:00,N21,nominal,2.0NRT,315.99,10.94,D,VIIRS
47.197,35.29152,349.73,0.4,0.37,2026-08-06,10:34:00,N21,nominal,2.0NRT,323.57,53.16,D,VIIRS
47.19629,35.28635,346.46,0.4,0.37,2026-08-06,10:34:00,N21,nominal,2.0NRT,314.92,53.16,D,VIIRS
47.19559,35.28119,340.94,0.4,0.37,2026-08-06,10:34:00,N21,low,2.0NRT,314.68,7.22,D,VIIRS
47.20313,35.31118,343.98,0.4,0.37,2026-08-06,10:34:00,N21,nominal,2.0NRT,315.2,7.74,D,VIIRS
47.1996,35.28537,341.82,0.4,0.37,2026-08-06,10:34:00,N21,nominal,2.0NRT,311.6,9.96,D,VIIRS
46.67374,31.84389,342.51,0.4,0.37,2026-08-06,10:34:00,N21,nominal,2.0NRT,309.9,7.89,D,VIIRS
46.67702,31.84271,342.98,0.4,0.37,2026-08-06,10:34:00,N21,nominal,2.0NRT,312.01,7.25,D,VIIRS
46.96706,33.58957,346.73,0.38,0.36,2026-08-06,10:34:00,N21,nominal,2.0NRT,314.49,21.66,D,VIIRS
46.94796,33.46563,340.41,0.38,0.36,2026-08-06,10:34:00,N21,low,2.0NRT,314.98,5.88,D,VIIRS
46.9472,33.46067,340.17,0.38,0.36,2026-08-06,10:34:00,N21,low,2.0NRT,315,5.88,D,VIIRS
46.87424,32.95304,337.9,0.39,0.36,2026-08-06,10:34:00,N21,low,2.0NRT,309.86,5.39,D,VIIRS
47.32575,35.99521,338.77,0.41,0.37,2026-08-06,10:34:00,N21,low,2.0NRT,313.19,20.39,D,VIIRS
47.32505,35.98988,350.33,0.41,0.37,2026-08-06,10:34:00,N21,nominal,2.0NRT,324.21,20.39,D,VIIRS
47.32436,35.98454,354.41,0.41,0.37,2026-08-06,10:34:00,N21,nominal,2.0NRT,324.01,108.3,D,VIIRS
46.88161,32.93485,336.17,0.39,0.36,2026-08-06,10:34:00,N21,low,2.0NRT,307.68,3.58,D,VIIRS
46.88082,32.92988,348.56,0.39,0.36,2026-08-06,10:34:00,N21,nominal,2.0NRT,308.01,3.58,D,VIIRS
46.87923,32.91995,350.13,0.39,0.36,2026-08-06,10:34:00,N21,nominal,2.0NRT,307.93,5.71,D,VIIRS
47.32772,35.98359,343.42,0.41,0.37,2026-08-06,10:34:00,N21,low,2.0NRT,314.74,5.61,D,VIIRS
47.32562,35.96759,343.68,0.41,0.37,2026-08-06,10:34:00,N21,low,2.0NRT,315.44,8.31,D,VIIRS
46.68417,31.72169,334.9,0.4,0.37,2026-08-06,10:34:00,N21,low,2.0NRT,309.71,2.65,D,VIIRS
47.33108,35.98263,347.68,0.41,0.37,2026-08-06,10:34:00,N21,nominal,2.0NRT,313.83,5.61,D,VIIRS
47.33038,35.9773,345.62,0.41,0.37,2026-08-06,10:34:00,N21,nominal,2.0NRT,314.14,5.61,D,VIIRS
47.32898,35.96664,348.46,0.41,0.37,2026-08-06,10:34:00,N21,nominal,2.0NRT,315.82,8.31,D,VIIRS
47.32828,35.96131,342.29,0.41,0.37,2026-08-06,10:34:00,N21,low,2.0NRT,317.22,10.81,D,VIIRS
46.93285,33.21526,341.15,0.38,0.36,2026-08-06,10:34:00,N21,low,2.0NRT,312.1,4.8,D,VIIRS
46.93052,33.20039,339.89,0.38,0.36,2026-08-06,10:34:00,N21,low,2.0NRT,311.52,3.59,D,VIIRS
46.92974,33.19543,337.85,0.38,0.36,2026-08-06,10:34:00,N21,low,2.0NRT,311.95,3.59,D,VIIRS
47.33374,35.97635,348.2,0.41,0.37,2026-08-06,10:34:00,N21,nominal,2.0NRT,314.66,10.55,D,VIIRS
47.33304,35.97102,344.13,0.41,0.37,2026-08-06,10:34:00,N21,nominal,2.0NRT,313.14,14.67,D,VIIRS
47.18849,34.73966,340.16,0.39,0.36,2026-08-06,10:34:00,N21,low,2.0NRT,314.21,10.1,D,VIIRS
47.18777,34.73459,352.18,0.39,0.36,2026-08-06,10:34:00,N21,nominal,2.0NRT,315.55,10.1,D,VIIRS
46.95415,33.1768,338.9,0.38,0.36,2026-08-06,10:34:00,N21,low,2.0NRT,312.69,4.14,D,VIIRS
47.19104,34.73359,340.57,0.39,0.36,2026-08-06,10:34:00,N21,low,2.0NRT,313.52,6.28,D,VIIRS
47.19032,34.72852,338.7,0.39,0.36,2026-08-06,10:34:00,N21,low,2.0NRT,311.06,5.72,D,VIIRS
46.95739,33.17571,344.14,0.38,0.36,2026-08-06,10:34:00,N21,nominal,2.0NRT,311.99,6.36,D,VIIRS
46.72443,31.71252,338.54,0.4,0.37,2026-08-06,10:34:00,N21,low,2.0NRT,309.91,5.7,D,VIIRS
46.96896,33.15839,348.92,0.38,0.36,2026-08-06,10:34:00,N21,nominal,2.0NRT,316.47,12.43,D,VIIRS
46.9683,33.1325,347.07,0.38,0.36,2026-08-06,10:34:00,N21,nominal,2.0NRT,313.1,9.1,D,VIIRS
47.29133,35.30923,354.99,0.4,0.37,2026-08-06,10:34:00,N21,nominal,2.0NRT,318.44,10.17,D,VIIRS
46.97545,33.15621,343.62,0.38,0.36,2026-08-06,10:34:00,N21,low,2.0NRT,314.72,12.82,D,VIIRS
46.97233,33.13637,339.85,0.38,0.36,2026-08-06,10:34:00,N21,low,2.0NRT,313.48,2.82,D,VIIRS
47.32277,35.5165,339.37,0.4,0.37,2026-08-06,10:34:00,N21,low,2.0NRT,313.95,9.49,D,VIIRS
47.29465,35.30825,337.14,0.4,0.37,2026-08-06,10:34:00,N21,low,2.0NRT,311.46,10.17,D,VIIRS
46.97792,33.15015,351.47,0.38,0.36,2026-08-06,10:34:00,N21,nominal,2.0NRT,313.9,12.82,D,VIIRS
46.97713,33.1452,340.53,0.38,0.36,2026-08-06,10:34:00,N21,low,2.0NRT,311.49,6.45,D,VIIRS
46.97635,33.14024,344.24,0.38,0.36,2026-08-06,10:34:00,N21,nominal,2.0NRT,312.98,6.45,D,VIIRS
46.98038,33.1441,338.65,0.38,0.36,2026-08-06,10:34:00,N21,low,2.0NRT,313.44,10.37,D,VIIRS
46.9796,33.13914,347.41,0.38,0.36,2026-08-06,10:34:00,N21,nominal,2.0NRT,316.8,10.37,D,VIIRS
46.56813,30.71904,316.03,0.42,0.37,2026-08-06,10:34:00,N21,low,2.0NRT,318.66,30.44,D,VIIRS
46.57148,30.71777,338.57,0.42,0.37,2026-08-06,10:34:00,N21,nominal,2.0NRT,309.63,30.44,D,VIIRS
47.17357,34.35122,342.37,0.39,0.36,2026-08-06,10:34:00,N21,low,2.0NRT,314.83,10.28,D,VIIRS
47.24547,34.75648,352.95,0.39,0.36,2026-08-06,10:34:00,N21,nominal,2.0NRT,312.08,8.64,D,VIIRS
47.24875,34.75547,346.78,0.39,0.36,2026-08-06,10:34:00,N21,nominal,2.0NRT,312.23,55.41,D,VIIRS
47.467529999999996,36.2771,344.04,0.41,0.37,2026-08-06,10:34:00,N21,nominal,2.0NRT,313.49,10.03,D,VIIRS
47.43129,35.99615,347.99,0.41,0.37,2026-08-06,10:34:00,N21,nominal,2.0NRT,316.04,6.48,D,VIIRS
47.43535,36.00051,346.86,0.41,0.37,2026-08-06,10:34:00,N21,low,2.0NRT,317.51,6.48,D,VIIRS
47.43396,35.98984,343.9,0.41,0.37,2026-08-06,10:34:00,N21,low,2.0NRT,318.02,7.64,D,VIIRS
47.43662,35.98353,349.12,0.41,0.37,2026-08-06,10:34:00,N21,nominal,2.0NRT,318.91,9.42,D,VIIRS
47.43929,35.97723,348.46,0.41,0.37,2026-08-06,10:34:00,N21,nominal,2.0NRT,314.65,9.95,D,VIIRS
47.41826,35.71253,367,0.4,0.37,2026-08-06,10:34:00,N21,high,2.0NRT,318.88,6.74,D,VIIRS
47.419670000000004,35.72309,342.71,0.4,0.37,2026-08-06,10:34:00,N21,low,2.0NRT,317.33,7.81,D,VIIRS
47.41897,35.71781,345.14,0.4,0.37,2026-08-06,10:34:00,N21,nominal,2.0NRT,316.98,6.74,D,VIIRS
47.41756,35.70724,344.59,0.4,0.37,2026-08-06,10:34:00,N21,nominal,2.0NRT,316.94,12.36,D,VIIRS
47.42777,35.73173,348.01,0.4,0.37,2026-08-06,10:34:00,N21,low,2.0NRT,320.22,10.57,D,VIIRS
47.44204,35.7606,348.9,0.4,0.37,2026-08-06,10:34:00,N21,low,2.0NRT,323.74,32.26,D,VIIRS
47.44822,35.78092,348.18,0.4,0.37,2026-08-06,10:34:00,N21,nominal,2.0NRT,318.17,14.21,D,VIIRS
47.4468,35.7703,352.98,0.4,0.37,2026-08-06,10:34:00,N21,low,2.0NRT,323.96,28.44,D,VIIRS
47.3543,35.09138,339.14,0.39,0.36,2026-08-06,10:34:00,N21,low,2.0NRT,312.75,3.5,D,VIIRS
47.41402,35.50064,348.35,0.4,0.37,2026-08-06,10:34:00,N21,low,2.0NRT,320.54,20.88,D,VIIRS
47.45016,35.76934,367,0.4,0.37,2026-08-06,10:34:00,N21,low,2.0NRT,331.69,53.17,D,VIIRS
47.39165,35.2454,343.33,0.4,0.37,2026-08-06,10:34:00,N21,nominal,2.0NRT,317.17,48.09,D,VIIRS
47.39496,35.24442,367,0.4,0.37,2026-08-06,10:34:00,N21,high,2.0NRT,333.19,48.09,D,VIIRS
47.39425,35.23923,367,0.4,0.37,2026-08-06,10:34:00,N21,high,2.0NRT,333.29,141.11,D,VIIRS
47.39567,35.2496,343.28,0.4,0.37,2026-08-06,10:34:00,N21,nominal,2.0NRT,314.72,48.09,D,VIIRS
47.32579,34.74596,348.28,0.39,0.36,2026-08-06,10:34:00,N21,nominal,2.0NRT,314.34,5.81,D,VIIRS
47.32508,34.74087,352.68,0.39,0.36,2026-08-06,10:34:00,N21,nominal,2.0NRT,315.27,5.81,D,VIIRS
47.70751,37.69732,339.72,0.46,0.39,2026-08-06,10:34:00,N21,nominal,2.0NRT,307.79,6.63,D,VIIRS
47.49064,35.91117,349.81,0.41,0.37,2026-08-06,10:34:00,N21,nominal,2.0NRT,318.77,23.13,D,VIIRS
47.48995,35.90581,354.37,0.41,0.37,2026-08-06,10:34:00,N21,nominal,2.0NRT,324.03,23.13,D,VIIRS
47.71106,37.69645,335.31,0.46,0.39,2026-08-06,10:34:00,N21,low,2.0NRT,306.45,4.05,D,VIIRS
47.71038,37.69036,333.7,0.45,0.39,2026-08-06,10:34:00,N21,low,2.0NRT,307.04,4.05,D,VIIRS
47.494,35.91021,346.64,0.41,0.37,2026-08-06,10:34:00,N21,low,2.0NRT,317.61,6.75,D,VIIRS
47.49331,35.90485,346.55,0.41,0.37,2026-08-06,10:34:00,N21,nominal,2.0NRT,315.38,6.75,D,VIIRS
47.56937,36.44617,339.26,0.42,0.38,2026-08-06,10:34:00,N21,low,2.0NRT,311.15,8.44,D,VIIRS
47.56868,36.44065,345.46,0.42,0.38,2026-08-06,10:34:00,N21,low,2.0NRT,318.5,32.51,D,VIIRS
47.57278,36.44526,349.5,0.42,0.38,2026-08-06,10:34:00,N21,nominal,2.0NRT,316.63,8.44,D,VIIRS
47.57209,36.43972,352.2,0.42,0.38,2026-08-06,10:34:00,N21,low,2.0NRT,323.63,32.51,D,VIIRS
47.10299,33.11653,339.63,0.38,0.36,2026-08-06,10:34:00,N21,low,2.0NRT,312.14,6.61,D,VIIRS
47.10221,33.11155,343.71,0.38,0.36,2026-08-06,10:34:00,N21,low,2.0NRT,315.6,6.61,D,VIIRS
47.54015,36.1596,345.37,0.41,0.37,2026-08-06,10:34:00,N21,nominal,2.0NRT,312.5,12.21,D,VIIRS
47.53945,36.15418,355.27,0.41,0.37,2026-08-06,10:34:00,N21,nominal,2.0NRT,318.98,24.23,D,VIIRS
47.53876,36.14876,348.43,0.41,0.37,2026-08-06,10:34:00,N21,nominal,2.0NRT,316.68,24.23,D,VIIRS
47.54353,36.15865,346.13,0.41,0.37,2026-08-06,10:34:00,N21,nominal,2.0NRT,318.89,12.21,D,VIIRS
47.54283,36.15322,354.24,0.41,0.37,2026-08-06,10:34:00,N21,nominal,2.0NRT,321.79,24.23,D,VIIRS
47.62447,36.77716,342.92,0.43,0.38,2026-08-06,10:34:00,N21,nominal,2.0NRT,312.49,6.87,D,VIIRS
47.62791,36.77625,336.13,0.43,0.38,2026-08-06,10:34:00,N21,low,2.0NRT,310.34,6.87,D,VIIRS
47.58983,36.44061,344.86,0.42,0.38,2026-08-06,10:34:00,N21,nominal,2.0NRT,311.18,4.73,D,VIIRS
47.52846,35.9339,353.82,0.41,0.37,2026-08-06,10:34:00,N21,nominal,2.0NRT,317.31,17.18,D,VIIRS
47.52565,35.91238,343.75,0.41,0.37,2026-08-06,10:34:00,N21,low,2.0NRT,314.45,7.11,D,VIIRS
47.5715,36.21286,346.55,0.41,0.37,2026-08-06,10:34:00,N21,nominal,2.0NRT,316.3,6.35,D,VIIRS
47.71014,37.31132,353.93,0.44,0.39,2026-08-06,10:34:00,N21,nominal,2.0NRT,313.16,15.64,D,VIIRS
47.57489,36.21189,343.82,0.41,0.37,2026-08-06,10:34:00,N21,nominal,2.0NRT,315.95,4.97,D,VIIRS
47.22141,33.68405,345.81,0.38,0.36,2026-08-06,10:34:00,N21,nominal,2.0NRT,315.4,4.77,D,VIIRS
47.71434,37.31627,333.87,0.44,0.39,2026-08-06,10:34:00,N21,low,2.0NRT,308.34,15.64,D,VIIRS
47.71365,37.31042,349.05,0.44,0.39,2026-08-06,10:34:00,N21,nominal,2.0NRT,316.32,15.64,D,VIIRS
47.23749,33.76782,342.72,0.38,0.36,2026-08-06,10:34:00,N21,low,2.0NRT,314.14,6.86,D,VIIRS
47.2239,33.678,345.53,0.38,0.36,2026-08-06,10:34:00,N21,nominal,2.0NRT,312.65,4.77,D,VIIRS
47.71715,37.30952,339.56,0.44,0.39,2026-08-06,10:34:00,N21,nominal,2.0NRT,314.42,17.16,D,VIIRS
47.71646,37.30367,336.23,0.44,0.39,2026-08-06,10:34:00,N21,nominal,2.0NRT,309.4,3.42,D,VIIRS
47.72066,37.30862,350.91,0.44,0.39,2026-08-06,10:34:00,N21,nominal,2.0NRT,310.77,17.16,D,VIIRS
47.71996,37.30277,335.14,0.44,0.39,2026-08-06,10:34:00,N21,nominal,2.0NRT,308,3.42,D,VIIRS
47.51271,35.65619,337.69,0.4,0.37,2026-08-06,10:34:00,N21,low,2.0NRT,312.08,1.72,D,VIIRS
47.22736,33.65593,345.56,0.38,0.36,2026-08-06,10:34:00,N21,low,2.0NRT,317.28,18.05,D,VIIRS
47.2266,33.65094,348.33,0.38,0.36,2026-08-06,10:34:00,N21,nominal,2.0NRT,315.3,8.52,D,VIIRS
47.54481,35.84589,347.81,0.41,0.37,2026-08-06,10:34:00,N21,nominal,2.0NRT,315.4,7.87,D,VIIRS
47.4726,35.30792,342.13,0.4,0.37,2026-08-06,10:34:00,N21,low,2.0NRT,312.91,6.86,D,VIIRS
47.23462,33.65878,346.8,0.38,0.36,2026-08-06,10:34:00,N21,nominal,2.0NRT,315.75,10.26,D,VIIRS
47.54817,35.84495,348.42,0.41,0.37,2026-08-06,10:34:00,N21,nominal,2.0NRT,316.01,11.61,D,VIIRS
47.23711,33.65273,345.8,0.38,0.36,2026-08-06,10:34:00,N21,nominal,2.0NRT,312.79,4.77,D,VIIRS
47.51404,35.5626,344.44,0.4,0.37,2026-08-06,10:34:00,N21,low,2.0NRT,316.23,12.77,D,VIIRS
47.41941,34.85057,348.71,0.39,0.36,2026-08-06,10:34:00,N21,nominal,2.0NRT,313.13,17.31,D,VIIRS
47.62502,36.35669,339.86,0.42,0.37,2026-08-06,10:34:00,N21,low,2.0NRT,312.55,4.07,D,VIIRS
47.53416,35.66094,343.81,0.4,0.37,2026-08-06,10:34:00,N21,nominal,2.0NRT,315.39,7.97,D,VIIRS
47.53346,35.65565,344.59,0.4,0.37,2026-08-06,10:34:00,N21,nominal,2.0NRT,313.42,5.06,D,VIIRS
47.4227,34.84956,344.66,0.39,0.36,2026-08-06,10:34:00,N21,nominal,2.0NRT,318.16,17.31,D,VIIRS
47.62843,36.35575,340.38,0.42,0.37,2026-08-06,10:34:00,N21,low,2.0NRT,313.05,7.3,D,VIIRS
47.62702,36.34472,340.32,0.42,0.37,2026-08-06,10:34:00,N21,low,2.0NRT,314.41,4.37,D,VIIRS
47.53751,35.65996,337.68,0.4,0.37,2026-08-06,10:34:00,N21,low,2.0NRT,312.21,1.63,D,VIIRS
47.63042,36.34379,337.68,0.42,0.37,2026-08-06,10:34:00,N21,low,2.0NRT,312.49,4.37,D,VIIRS
47.59808,36.09283,349.27,0.41,0.37,2026-08-06,10:34:00,N21,nominal,2.0NRT,317.85,6.04,D,VIIRS
47.59738,36.08743,344.14,0.41,0.37,2026-08-06,10:34:00,N21,nominal,2.0NRT,316.96,6.04,D,VIIRS
47.40828,34.65143,341.16,0.39,0.36,2026-08-06,10:34:00,N21,nominal,2.0NRT,310.69,6.71,D,VIIRS
47.0612,32.36493,342.48,0.39,0.36,2026-08-06,10:34:00,N21,low,2.0NRT,316.66,6.56,D,VIIRS
47.06446,32.36378,348.47,0.39,0.36,2026-08-06,10:34:00,N21,nominal,2.0NRT,316.18,6.56,D,VIIRS
47.62873,36.16621,345.8,0.41,0.37,2026-08-06,10:34:00,N21,nominal,2.0NRT,312.51,5.23,D,VIIRS
47.57804,35.77302,341.42,0.41,0.37,2026-08-06,10:34:00,N21,nominal,2.0NRT,309.82,2.21,D,VIIRS
47.57734,35.76768,338.12,0.41,0.37,2026-08-06,10:34:00,N21,low,2.0NRT,309.42,2.53,D,VIIRS
47.37021,34.26876,339.62,0.39,0.36,2026-08-06,10:34:00,N21,low,2.0NRT,311.88,5.53,D,VIIRS
47.6646,36.42332,342.13,0.42,0.38,2026-08-06,10:34:00,N21,nominal,2.0NRT,311.09,6.95,D,VIIRS
47.55669,35.55857,342.72,0.4,0.37,2026-08-06,10:34:00,N21,low,2.0NRT,316.4,17.9,D,VIIRS
47.37821,34.27678,338.78,0.39,0.36,2026-08-06,10:34:00,N21,low,2.0NRT,312.72,18.95,D,VIIRS
47.37748,34.27174,314.26,0.39,0.36,2026-08-06,10:34:00,N21,low,2.0NRT,314.4,18.95,D,VIIRS
47.58809,35.77008,340.91,0.41,0.37,2026-08-06,10:34:00,N21,nominal,2.0NRT,313.59,4.26,D,VIIRS
47.59144,35.7691,343.98,0.41,0.37,2026-08-06,10:34:00,N21,nominal,2.0NRT,313.37,5.75,D,VIIRS
47.5732,35.63066,344.19,0.4,0.37,2026-08-06,10:34:00,N21,low,2.0NRT,316.21,3.22,D,VIIRS
47.40154,34.34336,346.19,0.39,0.36,2026-08-06,10:34:00,N21,nominal,2.0NRT,316.86,95.68,D,VIIRS
47.40481,34.34232,367,0.39,0.36,2026-08-06,10:34:00,N21,high,2.0NRT,339.09,95.68,D,VIIRS
47.58111,35.61187,341.49,0.4,0.37,2026-08-06,10:34:00,N21,low,2.0NRT,315.84,3.05,D,VIIRS
47.58041,35.60659,339.98,0.4,0.37,2026-08-06,10:34:00,N21,low,2.0NRT,314.38,3.05,D,VIIRS
47.59605,35.64598,345.74,0.4,0.37,2026-08-06,10:34:00,N21,nominal,2.0NRT,316.2,8.95,D,VIIRS
47.58742,35.5551,353.44,0.4,0.37,2026-08-06,10:34:00,N21,nominal,2.0NRT,321.88,28.48,D,VIIRS
47.69306,36.34113,344.59,0.42,0.38,2026-08-06,10:34:00,N21,nominal,2.0NRT,311.01,4.9,D,VIIRS
47.59075,35.5541,351.45,0.4,0.37,2026-08-06,10:34:00,N21,nominal,2.0NRT,319.28,14.96,D,VIIRS
47.85166,37.62798,334.73,0.45,0.39,2026-08-06,10:34:00,N21,low,2.0NRT,304.75,4.88,D,VIIRS
47.73472,36.64621,336.17,0.43,0.38,2026-08-06,10:34:00,N21,low,2.0NRT,310.5,5.92,D,VIIRS
47.633540000000004,35.85124,353.66,0.41,0.37,2026-08-06,10:34:00,N21,nominal,2.0NRT,320.43,21.99,D,VIIRS
47.60678,35.64838,343.52,0.4,0.37,2026-08-06,10:34:00,N21,low,2.0NRT,315.21,7.38,D,VIIRS
47.85521,37.62708,351.65,0.45,0.39,2026-08-06,10:34:00,N21,nominal,2.0NRT,313.3,31.4,D,VIIRS
47.73885,36.6509,346.82,0.43,0.38,2026-08-06,10:34:00,N21,nominal,2.0NRT,310.43,6.66,D,VIIRS
47.63761,35.8557,339.43,0.41,0.37,2026-08-06,10:34:00,N21,low,2.0NRT,313.99,3.68,D,VIIRS
47.60731,35.62619,347.96,0.4,0.37,2026-08-06,10:34:00,N21,nominal,2.0NRT,316.21,15.6,D,VIIRS
47.59792,35.53001,339.68,0.4,0.37,2026-08-06,10:34:00,N21,low,2.0NRT,313.09,6.11,D,VIIRS
47.3985,34.11219,340.56,0.39,0.36,2026-08-06,10:34:00,N21,nominal,2.0NRT,309.32,3.2,D,VIIRS
47.72344,36.47031,347.68,0.42,0.38,2026-08-06,10:34:00,N21,nominal,2.0NRT,313.37,26.05,D,VIIRS
47.6154,35.63483,339.89,0.4,0.37,2026-08-06,10:34:00,N21,low,2.0NRT,313.79,11.63,D,VIIRS
47.61469,35.62953,346.72,0.4,0.37,2026-08-06,10:34:00,N21,nominal,2.0NRT,314.93,11.63,D,VIIRS
47.61258,35.61364,343.34,0.4,0.37,2026-08-06,10:34:00,N21,nominal,2.0NRT,311.2,4.66,D,VIIRS
47.61187,35.60835,345.81,0.4,0.37,2026-08-06,10:34:00,N21,nominal,2.0NRT,313,4.66,D,VIIRS
47.60409,35.55017,346.49,0.4,0.37,2026-08-06,10:34:00,N21,nominal,2.0NRT,313.22,4.89,D,VIIRS
47.4025,34.11618,345.11,0.39,0.36,2026-08-06,10:34:00,N21,nominal,2.0NRT,309.48,9.89,D,VIIRS
47.61874,35.63385,345.11,0.4,0.37,2026-08-06,10:34:00,N21,low,2.0NRT,317.51,11.63,D,VIIRS
47.62897,35.65852,341.17,0.4,0.37,2026-08-06,10:34:00,N21,low,2.0NRT,314.27,9.74,D,VIIRS
47.62189,35.60542,341.91,0.4,0.37,2026-08-06,10:34:00,N21,low,2.0NRT,314.23,15.63,D,VIIRS
47.59991,35.44183,349.17,0.4,0.37,2026-08-06,10:34:00,N21,nominal,2.0NRT,316.47,7.1,D,VIIRS
47.46344,34.44041,367,0.39,0.36,2026-08-06,10:34:00,N21,high,2.0NRT,331.43,173.78,D,VIIRS
47.71327,36.27851,334.58,0.42,0.37,2026-08-06,10:34:00,N21,low,2.0NRT,308.95,7.72,D,VIIRS
47.71257,36.27302,340.79,0.42,0.37,2026-08-06,10:34:00,N21,low,2.0NRT,311.35,7.72,D,VIIRS
47.63231,35.65755,338.76,0.4,0.37,2026-08-06,10:34:00,N21,low,2.0NRT,313.31,3.33,D,VIIRS
47.62947,35.63622,343.02,0.4,0.37,2026-08-06,10:34:00,N21,low,2.0NRT,314.15,9.72,D,VIIRS
47.46709,34.46578,342.82,0.39,0.36,2026-08-06,10:34:00,N21,low,2.0NRT,316.07,9.74,D,VIIRS
47.46417,34.44548,349.14,0.39,0.36,2026-08-06,10:34:00,N21,nominal,2.0NRT,317.25,29.88,D,VIIRS
47.46671,34.43938,367,0.39,0.36,2026-08-06,10:34:00,N21,high,2.0NRT,338.2,173.78,D,VIIRS
47.46964,34.45967,348.62,0.39,0.36,2026-08-06,10:34:00,N21,nominal,2.0NRT,318.02,13.98,D,VIIRS
47.46744,34.44445,350.97,0.39,0.36,2026-08-06,10:34:00,N21,nominal,2.0NRT,311.85,29.88,D,VIIRS
47.28386,33.22036,336.93,0.38,0.36,2026-08-06,10:34:00,N21,low,2.0NRT,308.69,8.34,D,VIIRS
47.47145,34.4485,367,0.39,0.36,2026-08-06,10:34:00,N21,high,2.0NRT,347.96,222.79,D,VIIRS
47.47218,34.45358,355.49,0.39,0.36,2026-08-06,10:34:00,N21,nominal,2.0NRT,319.27,22.39,D,VIIRS
46.76689,30.16165,340.55,0.43,0.38,2026-08-06,10:34:00,N21,low,2.0NRT,311.52,7.71,D,VIIRS
47.72417,36.28119,340.67,0.42,0.37,2026-08-06,10:34:00,N21,nominal,2.0NRT,309.95,9.97,D,VIIRS
46.76356,30.10445,367,0.43,0.38,2026-08-06,10:34:00,N21,high,2.0NRT,313.99,16.84,D,VIIRS
47.71208,36.15968,337.04,0.41,0.37,2026-08-06,10:34:00,N21,low,2.0NRT,311.2,2.58,D,VIIRS
47.64784,35.66976,339.53,0.4,0.37,2026-08-06,10:34:00,N21,nominal,2.0NRT,311.03,4.57,D,VIIRS
46.76558,30.11541,335.67,0.43,0.38,2026-08-06,10:34:00,N21,low,2.0NRT,309.37,8.44,D,VIIRS
46.76457,30.10994,353.69,0.43,0.38,2026-08-06,10:34:00,N21,nominal,2.0NRT,314.77,16.84,D,VIIRS
46.76254,30.09895,345.76,0.43,0.38,2026-08-06,10:34:00,N21,nominal,2.0NRT,306.31,3.36,D,VIIRS
47.73857,36.31132,337.21,0.42,0.37,2026-08-06,10:34:00,N21,nominal,2.0NRT,309.49,2.61,D,VIIRS
47.8922,37.53716,338.97,0.45,0.39,2026-08-06,10:34:00,N21,low,2.0NRT,311.56,7.31,D,VIIRS
46.78578,30.16588,343.11,0.43,0.38,2026-08-06,10:34:00,N21,nominal,2.0NRT,308.47,3.26,D,VIIRS
47.52032,34.6489,348.02,0.39,0.36,2026-08-06,10:34:00,N21,nominal,2.0NRT,320.42,14.56,D,VIIRS
46.78414,30.16422,335.5,0.43,0.38,2026-08-06,10:34:00,N21,low,2.0NRT,307.25,2.99,D,VIIRS
47.89095,37.53607,348.44,0.45,0.39,2026-08-06,10:34:00,N21,nominal,2.0NRT,311.9,10.37,D,VIIRS
47.81944,36.9207,339.94,0.43,0.38,2026-08-06,10:34:00,N21,low,2.0NRT,314.17,5.96,D,VIIRS
47.71904,36.1048,340.71,0.41,0.37,2026-08-06,10:34:00,N21,low,2.0NRT,312.26,6.79,D,VIIRS
47.65712,35.62611,349.03,0.4,0.37,2026-08-06,10:34:00,N21,nominal,2.0NRT,312.26,5.57,D,VIIRS
47.82222,36.91404,347.36,0.43,0.38,2026-08-06,10:34:00,N21,nominal,2.0NRT,316.96,31.45,D,VIIRS
47.79686,36.70318,339.47,0.43,0.38,2026-08-06,10:34:00,N21,low,2.0NRT,311.31,6.09,D,VIIRS
47.66957,35.69449,336.62,0.4,0.37,2026-08-06,10:34:00,N21,low,2.0NRT,311.46,5.6,D,VIIRS
47.65976,35.61977,335.22,0.4,0.37,2026-08-06,10:34:00,N21,low,2.0NRT,308.91,7.91,D,VIIRS
47.82432,36.90166,367,0.43,0.38,2026-08-06,10:34:00,N21,high,2.0NRT,321.33,16.28,D,VIIRS
47.82568,36.91308,342.7,0.43,0.38,2026-08-06,10:34:00,N21,nominal,2.0NRT,312.54,31.45,D,VIIRS
47.80167,36.71358,336.88,0.43,0.38,2026-08-06,10:34:00,N21,low,2.0NRT,310.03,3.36,D,VIIRS
47.8003,36.70226,343.81,0.43,0.38,2026-08-06,10:34:00,N21,low,2.0NRT,317.1,6.09,D,VIIRS
47.67432,35.70416,345.6,0.41,0.37,2026-08-06,10:34:00,N21,low,2.0NRT,316.72,6.12,D,VIIRS
47.825,36.90737,367,0.43,0.38,2026-08-06,10:34:00,N21,low,2.0NRT,329.69,31.45,D,VIIRS
47.8271,36.895,345.58,0.43,0.38,2026-08-06,10:34:00,N21,nominal,2.0NRT,317.1,61.05,D,VIIRS
47.80443,36.707,347.54,0.43,0.38,2026-08-06,10:34:00,N21,nominal,2.0NRT,312.64,16.55,D,VIIRS
47.80374,36.70134,351.8,0.43,0.38,2026-08-06,10:34:00,N21,nominal,2.0NRT,317.35,16.55,D,VIIRS
47.66716,35.62322,349.72,0.4,0.37,2026-08-06,10:34:00,N21,nominal,2.0NRT,313.4,10.85,D,VIIRS
47.82846,36.90641,367,0.43,0.38,2026-08-06,10:34:00,N21,low,2.0NRT,331.97,108.99,D,VIIRS
47.66979,35.61688,349.33,0.4,0.37,2026-08-06,10:34:00,N21,nominal,2.0NRT,312.52,10.85,D,VIIRS
47.83124,36.89977,367,0.43,0.38,2026-08-06,10:34:00,N21,low,2.0NRT,328.46,61.05,D,VIIRS
47.91412,37.57979,334.35,0.45,0.39,2026-08-06,10:34:00,N21,low,2.0NRT,306.5,9.73,D,VIIRS
47.76634,36.28453,333.94,0.42,0.37,2026-08-06,10:34:00,N21,low,2.0NRT,307.17,6.48,D,VIIRS
47.74271,36.09811,343.56,0.41,0.37,2026-08-06,10:34:00,N21,nominal,2.0NRT,312.48,4.52,D,VIIRS
46.79893,30.08824,343.68,0.43,0.38,2026-08-06,10:34:00,N21,nominal,2.0NRT,312.03,9.34,D,VIIRS
47.76974,36.28358,333.1,0.42,0.37,2026-08-06,10:34:00,N21,low,2.0NRT,307.07,6.48,D,VIIRS
47.8126,36.57076,343.72,0.42,0.38,2026-08-06,10:34:00,N21,nominal,2.0NRT,310.48,3.62,D,VIIRS
46.81419,30.1116,337.43,0.43,0.38,2026-08-06,10:34:00,N21,low,2.0NRT,307.91,5.42,D,VIIRS
47.91681,37.41265,334.68,0.45,0.39,2026-08-06,10:34:00,N21,low,2.0NRT,307.2,2.98,D,VIIRS
47.86789,36.99662,336.55,0.44,0.38,2026-08-06,10:34:00,N21,nominal,2.0NRT,309.7,2.8,D,VIIRS
47.73109,35.89905,335.78,0.41,0.37,2026-08-06,10:34:00,N21,low,2.0NRT,309.73,2.84,D,VIIRS
47.84991,36.75901,344.74,0.43,0.38,2026-08-06,10:34:00,N21,nominal,2.0NRT,312.06,10.72,D,VIIRS
47.84922,36.75332,343.67,0.43,0.38,2026-08-06,10:34:00,N21,low,2.0NRT,315.42,18.53,D,VIIRS
47.7489,35.95567,335.79,0.41,0.37,2026-08-06,10:34:00,N21,low,2.0NRT,309.07,5.14,D,VIIRS
47.75227,35.95471,335.61,0.41,0.37,2026-08-06,10:34:00,N21,low,2.0NRT,310.49,5.64,D,VIIRS
47.75157,35.94928,352.15,0.41,0.37,2026-08-06,10:34:00,N21,nominal,2.0NRT,312.72,5.64,D,VIIRS
47.75494,35.94832,353.01,0.41,0.37,2026-08-06,10:34:00,N21,nominal,2.0NRT,311.92,5.64,D,VIIRS
47.71132,35.61589,347.54,0.4,0.37,2026-08-06,10:34:00,N21,nominal,2.0NRT,313.62,8.85,D,VIIRS
47.76602,36.00689,342.96,0.41,0.37,2026-08-06,10:34:00,N21,nominal,2.0NRT,310.91,4.59,D,VIIRS
47.89361,37.0018,346.62,0.44,0.38,2026-08-06,10:34:00,N21,nominal,2.0NRT,310.82,5.49,D,VIIRS
47.85883,36.71554,337.94,0.43,0.38,2026-08-06,10:34:00,N21,low,2.0NRT,312.57,4.01,D,VIIRS
47.85813,36.70987,350.31,0.43,0.38,2026-08-06,10:34:00,N21,nominal,2.0NRT,312.84,4.01,D,VIIRS
47.55058,34.4052,337.1,0.39,0.36,2026-08-06,10:34:00,N21,nominal,2.0NRT,308.62,4.28,D,VIIRS
47.86088,36.70326,334.97,0.43,0.38,2026-08-06,10:34:00,N21,low,2.0NRT,309.63,5.07,D,VIIRS
47.67091,35.23846,334.61,0.4,0.37,2026-08-06,10:34:00,N21,low,2.0NRT,308.52,1.23,D,VIIRS
47.89986,36.99418,339.72,0.44,0.38,2026-08-06,10:34:00,N21,low,2.0NRT,313.44,8.47,D,VIIRS
47.86851,36.73636,340.79,0.43,0.38,2026-08-06,10:34:00,N21,low,2.0NRT,312.28,4.36,D,VIIRS
47.86432,36.70233,345.02,0.43,0.38,2026-08-06,10:34:00,N21,nominal,2.0NRT,313.51,5.07,D,VIIRS
47.86224,36.68537,354.88,0.43,0.38,2026-08-06,10:34:00,N21,nominal,2.0NRT,314.31,13.78,D,VIIRS
47.68849,35.34237,337.39,0.4,0.37,2026-08-06,10:34:00,N21,low,2.0NRT,310.4,2.96,D,VIIRS
47.81533,36.28223,340.05,0.42,0.37,2026-08-06,10:34:00,N21,nominal,2.0NRT,308.49,2.18,D,VIIRS
47.77039,35.93269,338.52,0.41,0.37,2026-08-06,10:34:00,N21,low,2.0NRT,309.11,7.4,D,VIIRS
47.76968,35.92728,343.81,0.41,0.37,2026-08-06,10:34:00,N21,nominal,2.0NRT,309.41,6.01,D,VIIRS
47.87051,36.69482,347.68,0.43,0.38,2026-08-06,10:34:00,N21,nominal,2.0NRT,311.64,7.9,D,VIIRS
47.77375,35.93172,354.02,0.41,0.37,2026-08-06,10:34:00,N21,nominal,2.0NRT,314.65,7.4,D,VIIRS
47.77305,35.92632,341.89,0.41,0.37,2026-08-06,10:34:00,N21,nominal,2.0NRT,315.1,6.01,D,VIIRS
47.77234,35.92091,349.22,0.41,0.37,2026-08-06,10:34:00,N21,nominal,2.0NRT,313.57,6.01,D,VIIRS
47.77712,35.93076,367,0.41,0.37,2026-08-06,10:34:00,N21,high,2.0NRT,343.26,94.31,D,VIIRS
47.87396,36.6939,342.63,0.43,0.38,2026-08-06,10:34:00,N21,nominal,2.0NRT,312.59,7.13,D,VIIRS
47.83057,36.34681,340.83,0.42,0.38,2026-08-06,10:34:00,N21,low,2.0NRT,314.15,4.6,D,VIIRS
47.77782,35.93614,341.95,0.41,0.37,2026-08-06,10:34:00,N21,nominal,2.0NRT,314.56,94.31,D,VIIRS
47.77642,35.92535,349.35,0.41,0.37,2026-08-06,10:34:00,N21,nominal,2.0NRT,318.04,19.05,D,VIIRS
47.77571,35.91993,342.27,0.41,0.37,2026-08-06,10:34:00,N21,nominal,2.0NRT,309.53,19.05,D,VIIRS
47.78049,35.9298,343.18,0.41,0.37,2026-08-06,10:34:00,N21,nominal,2.0NRT,308,94.31,D,VIIRS
47.80557,36.069,335.8,0.41,0.37,2026-08-06,10:34:00,N21,low,2.0NRT,309.89,3.66,D,VIIRS
47.92698,37.01078,338.94,0.44,0.38,2026-08-06,10:34:00,N21,low,2.0NRT,310.09,6.47,D,VIIRS
47.93256,37.02723,335.9,0.44,0.38,2026-08-06,10:34:00,N21,low,2.0NRT,309.51,5.6,D,VIIRS
47.93186,37.02144,353.69,0.44,0.38,2026-08-06,10:34:00,N21,nominal,2.0NRT,312.65,5.6,D,VIIRS
47.93116,37.01565,340.67,0.44,0.38,2026-08-06,10:34:00,N21,low,2.0NRT,312.85,6.47,D,VIIRS
47.93046,37.00986,354.07,0.44,0.38,2026-08-06,10:34:00,N21,nominal,2.0NRT,314.69,6.47,D,VIIRS
47.93394,37.00895,344.42,0.44,0.38,2026-08-06,10:34:00,N21,nominal,2.0NRT,311.03,6.34,D,VIIRS
47.69331,35.15021,340.34,0.4,0.37,2026-08-06,10:34:00,N21,low,2.0NRT,313.14,9.73,D,VIIRS
47.82757,36.13065,336.83,0.41,0.37,2026-08-06,10:34:00,N21,low,2.0NRT,309.56,2.4,D,VIIRS
47.65475,34.84827,338.09,0.39,0.36,2026-08-06,10:34:00,N21,low,2.0NRT,311.65,5.15,D,VIIRS
47.6504,34.81736,343.27,0.39,0.36,2026-08-06,10:34:00,N21,nominal,2.0NRT,312.75,6.2,D,VIIRS
47.93462,37.00781,341.14,0.44,0.38,2026-08-06,10:34:00,N21,nominal,2.0NRT,308.09,2.53,D,VIIRS
47.8274,36.12933,338.12,0.41,0.37,2026-08-06,10:34:00,N21,nominal,2.0NRT,308.6,3.25,D,VIIRS
47.70001,35.15736,345.36,0.4,0.37,2026-08-06,10:34:00,N21,low,2.0NRT,315.81,17.42,D,VIIRS
47.50555,33.79378,335.91,0.38,0.36,2026-08-06,10:34:00,N21,low,2.0NRT,309.72,1.93,D,VIIRS
47.5048,33.78875,341.26,0.38,0.36,2026-08-06,10:34:00,N21,nominal,2.0NRT,309.34,6.15,D,VIIRS
47.82456,36.07915,348.14,0.41,0.37,2026-08-06,10:34:00,N21,nominal,2.0NRT,316.76,9.19,D,VIIRS
47.70404,35.16159,335.21,0.4,0.37,2026-08-06,10:34:00,N21,low,2.0NRT,309.09,3.71,D,VIIRS
47.70332,35.15636,350.35,0.4,0.37,2026-08-06,10:34:00,N21,nominal,2.0NRT,317.6,17.42,D,VIIRS
47.5088,33.79272,334.95,0.38,0.36,2026-08-06,10:34:00,N21,low,2.0NRT,309.01,1.93,D,VIIRS
47.85704,36.30948,333.37,0.42,0.38,2026-08-06,10:34:00,N21,low,2.0NRT,308.33,1.34,D,VIIRS
47.82794,36.07819,336.33,0.41,0.37,2026-08-06,10:34:00,N21,low,2.0NRT,307.21,3.37,D,VIIRS
47.71492,35.19096,339.64,0.4,0.37,2026-08-06,10:34:00,N21,low,2.0NRT,312.94,6.77,D,VIIRS
47.57112,34.16869,338.92,0.39,0.36,2026-08-06,10:34:00,N21,low,2.0NRT,310.33,3.8,D,VIIRS
47.97525,37.23211,342.71,0.44,0.39,2026-08-06,10:34:00,N21,nominal,2.0NRT,314.85,18.81,D,VIIRS
47.97876,37.23121,338.14,0.44,0.39,2026-08-06,10:34:00,N21,low,2.0NRT,310.01,18.81,D,VIIRS
47.97808,37.22531,346.04,0.44,0.39,2026-08-06,10:34:00,N21,nominal,2.0NRT,312.8,13.06,D,VIIRS
47.98158,37.22441,336.02,0.44,0.39,2026-08-06,10:34:00,N21,low,2.0NRT,310.81,7.33,D,VIIRS
47.94243,36.89249,339.86,0.43,0.38,2026-08-06,10:34:00,N21,low,2.0NRT,313.18,3.6,D,VIIRS
47.93967,36.86944,345.85,0.43,0.38,2026-08-06,10:34:00,N21,nominal,2.0NRT,314.25,16.11,D,VIIRS
47.93898,36.86369,345.19,0.43,0.38,2026-08-06,10:34:00,N21,low,2.0NRT,317.19,9.86,D,VIIRS
47.78838,35.6636,347.07,0.41,0.37,2026-08-06,10:34:00,N21,nominal,2.0NRT,316.46,4.29,D,VIIRS
47.78698,35.65292,340.88,0.4,0.37,2026-08-06,10:34:00,N21,low,2.0NRT,315.37,4.69,D,VIIRS
47.72344,35.1775,341.95,0.4,0.37,2026-08-06,10:34:00,N21,nominal,2.0NRT,310.36,13.35,D,VIIRS
47.79033,35.65197,337,0.4,0.37,2026-08-06,10:34:00,N21,low,2.0NRT,309.89,4.69,D,VIIRS
47.72747,35.18174,342.27,0.4,0.37,2026-08-06,10:34:00,N21,nominal,2.0NRT,315.51,13.35,D,VIIRS
47.72676,35.1765,346.15,0.4,0.37,2026-08-06,10:34:00,N21,nominal,2.0NRT,316.45,13.35,D,VIIRS
47.91693,36.62262,340.23,0.43,0.38,2026-08-06,10:34:00,N21,low,2.0NRT,312.43,5.8,D,VIIRS
47.73078,35.18073,350.32,0.4,0.37,2026-08-06,10:34:00,N21,nominal,2.0NRT,317.72,8.58,D,VIIRS
47.73007,35.1755,339.73,0.4,0.37,2026-08-06,10:34:00,N21,low,2.0NRT,310.7,8.58,D,VIIRS
47.92242,36.60942,349.63,0.43,0.38,2026-08-06,10:34:00,N21,nominal,2.0NRT,315.99,7.98,D,VIIRS
47.64419,34.48562,342.39,0.39,0.36,2026-08-06,10:34:00,N21,low,2.0NRT,312.7,9.69,D,VIIRS
47.64346,34.48051,349.6,0.39,0.36,2026-08-06,10:34:00,N21,nominal,2.0NRT,313.99,9.69,D,VIIRS
47.8499,35.97595,347.05,0.41,0.37,2026-08-06,10:34:00,N21,nominal,2.0NRT,309.59,7.34,D,VIIRS
47.94939,36.74291,339.02,0.43,0.38,2026-08-06,10:34:00,N21,low,2.0NRT,313.99,3.13,D,VIIRS
47.85327,35.97498,346.07,0.41,0.37,2026-08-06,10:34:00,N21,nominal,2.0NRT,312.16,7.34,D,VIIRS
47.92505,36.51561,342.4,0.42,0.38,2026-08-06,10:34:00,N21,low,2.0NRT,316.29,6.82,D,VIIRS
47.85594,35.96855,345.22,0.41,0.37,2026-08-06,10:34:00,N21,nominal,2.0NRT,308.02,7.64,D,VIIRS
47.80105,35.54909,339.18,0.4,0.37,2026-08-06,10:34:00,N21,low,2.0NRT,312.92,7.58,D,VIIRS
47.79611,35.51197,339.6,0.4,0.37,2026-08-06,10:34:00,N21,nominal,2.0NRT,313.01,2.54,D,VIIRS
47.74567,35.13811,347.45,0.4,0.37,2026-08-06,10:34:00,N21,nominal,2.0NRT,314.07,9.71,D,VIIRS
47.92849,36.51467,348.32,0.42,0.38,2026-08-06,10:34:00,N21,nominal,2.0NRT,317.87,6.82,D,VIIRS
47.8058,35.55873,346.17,0.4,0.37,2026-08-06,10:34:00,N21,nominal,2.0NRT,315.58,14.77,D,VIIRS
47.8051,35.55341,347.05,0.4,0.37,2026-08-06,10:34:00,N21,low,2.0NRT,317.5,7.58,D,VIIRS
47.67078,34.55202,342.69,0.39,0.36,2026-08-06,10:34:00,N21,low,2.0NRT,313.56,8.15,D,VIIRS
48.00141,37.05619,342.08,0.44,0.38,2026-08-06,10:34:00,N21,nominal,2.0NRT,315.59,6.83,D,VIIRS
47.89553,36.19571,336.11,0.42,0.37,2026-08-06,10:34:00,N21,low,2.0NRT,310.25,2.87,D,VIIRS
47.88992,36.15159,348.9,0.42,0.37,2026-08-06,10:34:00,N21,nominal,2.0NRT,313.07,17.13,D,VIIRS
47.82238,35.6314,348.55,0.4,0.37,2026-08-06,10:34:00,N21,nominal,2.0NRT,317.19,10.43,D,VIIRS
48.0049,37.05526,351.61,0.44,0.38,2026-08-06,10:34:00,N21,nominal,2.0NRT,317.81,29.83,D,VIIRS
47.94851,36.59056,353.63,0.43,0.38,2026-08-06,10:34:00,N21,nominal,2.0NRT,316.61,6.41,D,VIIRS
47.94781,36.58491,340.56,0.43,0.38,2026-08-06,10:34:00,N21,low,2.0NRT,314.04,6.41,D,VIIRS
47.95125,36.58398,343.63,0.43,0.38,2026-08-06,10:34:00,N21,nominal,2.0NRT,313.58,6.41,D,VIIRS
47.83312,35.63377,343.37,0.4,0.37,2026-08-06,10:34:00,N21,low,2.0NRT,315.57,8.76,D,VIIRS
47.95247,36.50804,367,0.42,0.38,2026-08-06,10:34:00,N21,high,2.0NRT,311.44,10.63,D,VIIRS
47.95362,36.43236,343.42,0.42,0.38,2026-08-06,10:34:00,N21,nominal,2.0NRT,312.56,5.17,D,VIIRS
47.95292,36.42677,341.4,0.42,0.38,2026-08-06,10:34:00,N21,low,2.0NRT,312.11,6.67,D,VIIRS
47.96116,36.436,340.6,0.42,0.38,2026-08-06,10:34:00,N21,low,2.0NRT,311.84,4.08,D,VIIRS
47.96045,36.4304,336.29,0.42,0.38,2026-08-06,10:34:00,N21,low,2.0NRT,310.71,4.08,D,VIIRS
47.9492,36.34116,343.39,0.42,0.38,2026-08-06,10:34:00,N21,nominal,2.0NRT,311.71,5.32,D,VIIRS
47.9485,36.33561,334.17,0.42,0.38,2026-08-06,10:34:00,N21,nominal,2.0NRT,306.93,3.21,D,VIIRS
48.02913,36.89896,346.19,0.43,0.38,2026-08-06,10:34:00,N21,nominal,2.0NRT,312.65,10.03,D,VIIRS
47.97845,36.48913,333.85,0.42,0.38,2026-08-06,10:34:00,N21,low,2.0NRT,308.5,2.41,D,VIIRS
47.95802,36.32717,335.79,0.42,0.38,2026-08-06,10:34:00,N21,low,2.0NRT,308.08,3.4,D,VIIRS
48.03051,36.90277,344.84,0.43,0.38,2026-08-06,10:34:00,N21,nominal,2.0NRT,314.24,12.89,D,VIIRS
47.96658,36.34586,342.14,0.42,0.38,2026-08-06,10:34:00,N21,nominal,2.0NRT,309.35,5.47,D,VIIRS
47.96999,36.34488,338.59,0.42,0.38,2026-08-06,10:34:00,N21,low,2.0NRT,310.03,7.97,D,VIIRS
47.97409,36.3495,335.63,0.42,0.38,2026-08-06,10:34:00,N21,low,2.0NRT,310.19,2.58,D,VIIRS
47.97266,36.30957,348.84,0.42,0.38,2026-08-06,10:34:00,N21,nominal,2.0NRT,310.98,14.3,D,VIIRS
48.01756,36.64597,336.58,0.43,0.38,2026-08-06,10:34:00,N21,low,2.0NRT,311.53,7.45,D,VIIRS
48.01686,36.64026,347.29,0.43,0.38,2026-08-06,10:34:00,N21,nominal,2.0NRT,313.33,7.45,D,VIIRS
48.02444,36.6441,337.49,0.43,0.38,2026-08-06,10:34:00,N21,low,2.0NRT,312.39,14.75,D,VIIRS
48.02375,36.63839,355.37,0.43,0.38,2026-08-06,10:34:00,N21,nominal,2.0NRT,318.5,14.75,D,VIIRS
47.98761,36.28807,347.58,0.42,0.38,2026-08-06,10:34:00,N21,nominal,2.0NRT,314.75,7.08,D,VIIRS
48.17956,37.88864,331.13,0.47,0.39,2026-08-06,10:34:00,N21,low,2.0NRT,305.17,4.38,D,VIIRS
47.99102,36.28709,342.32,0.42,0.38,2026-08-06,10:34:00,N21,low,2.0NRT,316.98,6.3,D,VIIRS
48.18316,37.88778,333.49,0.47,0.39,2026-08-06,10:34:00,N21,low,2.0NRT,306.76,4.38,D,VIIRS
48.04377,36.68595,343.19,0.43,0.38,2026-08-06,10:34:00,N21,nominal,2.0NRT,312.97,5.51,D,VIIRS
48.03891,36.64605,335.2,0.43,0.38,2026-08-06,10:34:00,N21,low,2.0NRT,309.03,2.12,D,VIIRS
48.02849,36.56082,341.93,0.43,0.38,2026-08-06,10:34:00,N21,nominal,2.0NRT,308.02,5.78,D,VIIRS
48.04722,36.68501,351.96,0.43,0.38,2026-08-06,10:34:00,N21,nominal,2.0NRT,312.88,18.08,D,VIIRS
48.01939,36.45818,334.51,0.42,0.38,2026-08-06,10:34:00,N21,nominal,2.0NRT,306.67,4.31,D,VIIRS
47.62065,33.55812,339.9,0.38,0.36,2026-08-06,10:34:00,N21,nominal,2.0NRT,308.19,5.88,D,VIIRS
48.06039,36.76416,340.48,0.43,0.38,2026-08-06,10:34:00,N21,low,2.0NRT,314.89,19.64,D,VIIRS
47.94029,35.80703,345.14,0.41,0.37,2026-08-06,10:34:00,N21,nominal,2.0NRT,314.33,8.07,D,VIIRS
48.06799,36.76799,341.68,0.43,0.38,2026-08-06,10:34:00,N21,low,2.0NRT,314.02,9.22,D,VIIRS
48.06797,36.73842,338.77,0.43,0.38,2026-08-06,10:34:00,N21,nominal,2.0NRT,308.52,3.51,D,VIIRS
48.04975,36.53171,338.34,0.43,0.38,2026-08-06,10:34:00,N21,low,2.0NRT,309.79,14.38,D,VIIRS
48.07903,36.74132,339.45,0.43,0.38,2026-08-06,10:34:00,N21,nominal,2.0NRT,309.86,1.8,D,VIIRS
47.10554,30.32994,341.17,0.42,0.38,2026-08-06,10:34:00,N21,low,2.0NRT,311.28,7.99,D,VIIRS
47.10889,30.32864,349.31,0.42,0.38,2026-08-06,10:34:00,N21,nominal,2.0NRT,310.95,11.29,D,VIIRS
48.090089999999996,36.74419,339,0.43,0.38,2026-08-06,10:34:00,N21,nominal,2.0NRT,308.05,2.53,D,VIIRS
48.12708,36.9906,333.37,0.44,0.38,2026-08-06,10:34:00,N21,low,2.0NRT,308.11,1.92,D,VIIRS
48.14107,37.07735,338.34,0.44,0.38,2026-08-06,10:34:00,N21,low,2.0NRT,311.8,7.03,D,VIIRS
48.0801,36.57608,336.68,0.43,0.38,2026-08-06,10:34:00,N21,nominal,2.0NRT,308.16,3.01,D,VIIRS
48.07376,36.52502,336.92,0.43,0.38,2026-08-06,10:34:00,N21,low,2.0NRT,309.95,3.6,D,VIIRS
47.34387,31.43792,336.36,0.4,0.37,2026-08-06,10:34:00,N21,low,2.0NRT,309.85,9.07,D,VIIRS
47.34572,31.43437,339.8,0.4,0.37,2026-08-06,10:34:00,N21,low,2.0NRT,310.07,11.77,D,VIIRS
48.04789,35.96009,344.23,0.41,0.37,2026-08-06,10:34:00,N21,nominal,2.0NRT,309.37,7.81,D,VIIRS
48.19231,36.92931,340.14,0.44,0.38,2026-08-06,10:34:00,N21,nominal,2.0NRT,311.08,3.94,D,VIIRS
48.19161,36.92349,344.46,0.44,0.38,2026-08-06,10:34:00,N21,nominal,2.0NRT,311.07,22.69,D,VIIRS
48.19509,36.92255,336.86,0.44,0.38,2026-08-06,10:34:00,N21,low,2.0NRT,310.08,22.69,D,VIIRS
48.243,37.29893,344.7,0.45,0.39,2026-08-06,10:34:00,N21,nominal,2.0NRT,308.52,20.05,D,VIIRS
48.27679,37.33959,335.95,0.45,0.39,2026-08-06,10:34:00,N21,low,2.0NRT,307.7,5.66,D,VIIRS
48.28032,37.33868,342.14,0.45,0.39,2026-08-06,10:34:00,N21,nominal,2.0NRT,307.11,5.66,D,VIIRS
48.31272,37.52361,333.43,0.46,0.39,2026-08-06,10:34:00,N21,nominal,2.0NRT,304.78,3.51,D,VIIRS
48.21774,36.7249,336.87,0.43,0.38,2026-08-06,10:34:00,N21,nominal,2.0NRT,305.37,8.1,D,VIIRS
47.7329,33.12476,340.4,0.38,0.36,2026-08-06,10:34:00,N21,low,2.0NRT,310.9,3.18,D,VIIRS
48.23894,36.74223,335.67,0.43,0.38,2026-08-06,10:34:00,N21,nominal,2.0NRT,308.85,3.64,D,VIIRS
48.23825,36.73647,336.34,0.43,0.38,2026-08-06,10:34:00,N21,nominal,2.0NRT,307.92,1.17,D,VIIRS
48.28991,37.14489,334.47,0.44,0.39,2026-08-06,10:34:00,N21,low,2.0NRT,308.06,2.91,D,VIIRS
48.28997,37.11432,333.93,0.44,0.39,2026-08-06,10:34:00,N21,low,2.0NRT,307.37,3.5,D,VIIRS
48.30614,37.06735,341.3,0.44,0.38,2026-08-06,10:34:00,N21,low,2.0NRT,312.44,6.65,D,VIIRS
48.30545,37.06145,343.16,0.44,0.38,2026-08-06,10:34:00,N21,nominal,2.0NRT,310.77,6.65,D,VIIRS
48.30064,36.98997,336.35,0.44,0.38,2026-08-06,10:34:00,N21,low,2.0NRT,309.98,4.2,D,VIIRS
48.32285,37.14842,339.57,0.44,0.39,2026-08-06,10:34:00,N21,nominal,2.0NRT,308.22,6.07,D,VIIRS
48.35205,37.36934,353.08,0.45,0.39,2026-08-06,10:34:00,N21,nominal,2.0NRT,310.1,7.98,D,VIIRS
48.35558,37.36839,343.14,0.45,0.39,2026-08-06,10:34:00,N21,nominal,2.0NRT,313.27,7.98,D,VIIRS
48.35982,37.37351,335.73,0.45,0.39,2026-08-06,10:34:00,N21,low,2.0NRT,309.84,7.85,D,VIIRS
48.36266,37.36655,341.18,0.45,0.39,2026-08-06,10:34:00,N21,low,2.0NRT,313.51,7.85,D,VIIRS
48.31808,36.98524,344.1,0.44,0.38,2026-08-06,10:34:00,N21,nominal,2.0NRT,310.96,5.28,D,VIIRS
48.3153,36.96183,341.97,0.44,0.38,2026-08-06,10:34:00,N21,low,2.0NRT,315.66,8.3,D,VIIRS
48.31461,36.95599,340.64,0.44,0.38,2026-08-06,10:34:00,N21,low,2.0NRT,310.69,7.56,D,VIIRS
48.3662,37.36566,346.86,0.45,0.39,2026-08-06,10:34:00,N21,nominal,2.0NRT,310.8,14.05,D,VIIRS
48.30342,36.83234,335.21,0.44,0.38,2026-08-06,10:34:00,N21,low,2.0NRT,309.52,4.3,D,VIIRS
48.29574,36.76851,344.86,0.43,0.38,2026-08-06,10:34:00,N21,nominal,2.0NRT,308.11,6.38,D,VIIRS
48.17971,35.81301,367,0.41,0.37,2026-08-06,10:34:00,N21,high,2.0NRT,312.34,11.39,D,VIIRS
48.32088,36.94821,342.74,0.44,0.38,2026-08-06,10:34:00,N21,nominal,2.0NRT,311.92,5.32,D,VIIRS
48.28866,36.65134,348.92,0.43,0.38,2026-08-06,10:34:00,N21,nominal,2.0NRT,321.19,62.45,D,VIIRS
48.18307,35.81202,343.07,0.41,0.37,2026-08-06,10:34:00,N21,nominal,2.0NRT,310.33,9.95,D,VIIRS
48.33763,36.9982,343.31,0.44,0.38,2026-08-06,10:34:00,N21,nominal,2.0NRT,313.25,5.25,D,VIIRS
48.34604,37.03861,333.63,0.44,0.38,2026-08-06,10:34:00,N21,low,2.0NRT,308.16,1.26,D,VIIRS
48.34113,36.99728,344.53,0.44,0.38,2026-08-06,10:34:00,N21,nominal,2.0NRT,313.86,5.25,D,VIIRS
47.70899,32.47516,336.75,0.39,0.36,2026-08-06,10:34:00,N21,low,2.0NRT,310.56,2.77,D,VIIRS
47.70818,32.47012,339.9,0.39,0.36,2026-08-06,10:34:00,N21,low,2.0NRT,312.99,17.08,D,VIIRS
47.70737,32.46508,347.5,0.39,0.36,2026-08-06,10:34:00,N21,nominal,2.0NRT,320.11,17.08,D,VIIRS
47.96276,34.11026,339.16,0.39,0.36,2026-08-06,10:34:00,N21,nominal,2.0NRT,310.23,2.56,D,VIIRS
48.379,37.22585,335.02,0.45,0.39,2026-08-06,10:34:00,N21,low,2.0NRT,308.7,3.85,D,VIIRS
48.36705,37.12448,346.72,0.44,0.39,2026-08-06,10:34:00,N21,nominal,2.0NRT,311.88,4.44,D,VIIRS
47.9678,34.09793,342.25,0.39,0.36,2026-08-06,10:34:00,N21,nominal,2.0NRT,311.53,2.68,D,VIIRS
48.3797,37.20095,336.27,0.45,0.39,2026-08-06,10:34:00,N21,low,2.0NRT,310.22,5.3,D,VIIRS
48.20809,35.81608,338.38,0.41,0.37,2026-08-06,10:34:00,N21,nominal,2.0NRT,309.94,4.05,D,VIIRS
48.21146,35.81509,339.65,0.41,0.37,2026-08-06,10:34:00,N21,nominal,2.0NRT,310.74,7.94,D,VIIRS
48.21075,35.80962,347.46,0.41,0.37,2026-08-06,10:34:00,N21,nominal,2.0NRT,311.52,7.94,D,VIIRS
48.21412,35.80864,348.94,0.41,0.37,2026-08-06,10:34:00,N21,nominal,2.0NRT,314.34,7.94,D,VIIRS
48.60493,39.1583,332.49,0.52,0.42,2026-08-06,10:34:00,N21,low,2.0NRT,302.9,9.64,D,VIIRS
48.21037,35.75315,342.43,0.41,0.37,2026-08-06,10:34:00,N21,nominal,2.0NRT,312.05,6.08,D,VIIRS
48.21373,35.75218,344.33,0.41,0.37,2026-08-06,10:34:00,N21,nominal,2.0NRT,309.29,6.08,D,VIIRS
48.21302,35.74674,351.45,0.41,0.37,2026-08-06,10:34:00,N21,nominal,2.0NRT,323.1,24.17,D,VIIRS
48.21231,35.7413,348.1,0.41,0.37,2026-08-06,10:34:00,N21,nominal,2.0NRT,309.25,24.17,D,VIIRS
48.21404,35.74982,348.9,0.41,0.37,2026-08-06,10:34:00,N21,nominal,2.0NRT,311.37,24.29,D,VIIRS
48.21334,35.74437,350.49,0.41,0.37,2026-08-06,10:34:00,N21,nominal,2.0NRT,317.72,24.29,D,VIIRS
48.34033,36.74264,341.99,0.43,0.38,2026-08-06,10:34:00,N21,low,2.0NRT,312.18,8.26,D,VIIRS
48.33964,36.73681,353.98,0.43,0.38,2026-08-06,10:34:00,N21,nominal,2.0NRT,320.78,26.75,D,VIIRS
48.60383,39.15802,331.79,0.52,0.42,2026-08-06,10:34:00,N21,nominal,2.0NRT,303.26,6.15,D,VIIRS
48.34241,36.73006,343.14,0.43,0.38,2026-08-06,10:34:00,N21,nominal,2.0NRT,311.11,16.08,D,VIIRS
48.09337,34.76678,343.11,0.39,0.36,2026-08-06,10:34:00,N21,nominal,2.0NRT,308.93,3.4,D,VIIRS
48.09739,34.77096,340.85,0.39,0.36,2026-08-06,10:34:00,N21,nominal,2.0NRT,308.45,3.53,D,VIIRS
48.09666,34.76575,338.85,0.39,0.36,2026-08-06,10:34:00,N21,nominal,2.0NRT,308.13,3.63,D,VIIRS
48.4135,37.24599,335.73,0.45,0.39,2026-08-06,10:34:00,N21,low,2.0NRT,309.62,6.13,D,VIIRS
48.42394,37.30553,339.32,0.45,0.39,2026-08-06,10:34:00,N21,nominal,2.0NRT,311.94,9.11,D,VIIRS
48.36667,36.78354,339.48,0.43,0.38,2026-08-06,10:34:00,N21,nominal,2.0NRT,307.19,9.6,D,VIIRS
48.26711,35.97371,336.85,0.41,0.37,2026-08-06,10:34:00,N21,nominal,2.0NRT,307.92,3.25,D,VIIRS
48.2705,35.97274,339.5,0.41,0.37,2026-08-06,10:34:00,N21,nominal,2.0NRT,310.92,31.39,D,VIIRS
48.43412,37.11106,341.01,0.44,0.39,2026-08-06,10:34:00,N21,nominal,2.0NRT,309.06,16.13,D,VIIRS
48.69539,39.54243,337.29,0.54,0.42,2026-08-06,10:34:00,N21,low,2.0NRT,312.01,4.56,D,VIIRS
48.43762,37.1101,335.01,0.44,0.39,2026-08-06,10:34:00,N21,nominal,2.0NRT,306.45,1.66,D,VIIRS
48.42371,36.99179,339.24,0.44,0.38,2026-08-06,10:34:00,N21,nominal,2.0NRT,308.7,4.71,D,VIIRS
48.27144,35.76144,347.43,0.41,0.37,2026-08-06,10:34:00,N21,nominal,2.0NRT,313.56,8.37,D,VIIRS
48.51781,37.78147,335.79,0.47,0.39,2026-08-06,10:34:00,N21,low,2.0NRT,307.39,4.76,D,VIIRS
48.4279,36.99676,336.34,0.44,0.38,2026-08-06,10:34:00,N21,low,2.0NRT,307.18,6.72,D,VIIRS
48.4272,36.99086,346.2,0.44,0.38,2026-08-06,10:34:00,N21,nominal,2.0NRT,307.45,4.71,D,VIIRS
48.41045,36.84992,337.99,0.44,0.38,2026-08-06,10:34:00,N21,low,2.0NRT,310.79,3.85,D,VIIRS
48.5214,37.7805,334.28,0.47,0.39,2026-08-06,10:34:00,N21,low,2.0NRT,307.54,9.89,D,VIIRS
48.41034,36.72969,334.69,0.43,0.38,2026-08-06,10:34:00,N21,low,2.0NRT,306.39,2.09,D,VIIRS
48.47058,37.20615,335.55,0.45,0.39,2026-08-06,10:34:00,N21,low,2.0NRT,308.89,3.98,D,VIIRS
48.45866,37.10451,334.1,0.44,0.39,2026-08-06,10:34:00,N21,low,2.0NRT,308.56,2.92,D,VIIRS
48.4145,36.7345,336.91,0.43,0.38,2026-08-06,10:34:00,N21,low,2.0NRT,307.78,2.81,D,VIIRS
48.48605,37.27652,342.74,0.45,0.39,2026-08-06,10:34:00,N21,nominal,2.0NRT,310.66,13.98,D,VIIRS
48.54243,37.70462,335.85,0.46,0.39,2026-08-06,10:34:00,N21,low,2.0NRT,307.07,5.86,D,VIIRS
48.47763,37.11191,331.77,0.44,0.39,2026-08-06,10:34:00,N21,low,2.0NRT,306.54,4.11,D,VIIRS
48.50513,37.28409,337.57,0.45,0.39,2026-08-06,10:34:00,N21,nominal,2.0NRT,305.52,5.39,D,VIIRS
47.7612,31.94997,347.62,0.39,0.36,2026-08-06,10:34:00,N21,nominal,2.0NRT,312.49,3.3,D,VIIRS
47.9117,32.86152,332.98,0.38,0.36,2026-08-06,10:34:00,N21,low,2.0NRT,305.09,1.7,D,VIIRS
47.76559,31.95649,336.23,0.39,0.36,2026-08-06,10:34:00,N21,low,2.0NRT,308.74,2.89,D,VIIRS
47.54123,30.65877,337.91,0.41,0.37,2026-08-06,10:34:00,N21,low,2.0NRT,309.71,3.3,D,VIIRS
47.76884,31.95531,341.62,0.39,0.36,2026-08-06,10:34:00,N21,low,2.0NRT,312.85,2.89,D,VIIRS
47.54453,30.65743,340.49,0.41,0.37,2026-08-06,10:34:00,N21,nominal,2.0NRT,309.08,3.3,D,VIIRS
48.5284,37.40219,333.62,0.45,0.39,2026-08-06,10:34:00,N21,low,2.0NRT,304.99,2.11,D,VIIRS
48.53195,37.40127,332.7,0.45,0.39,2026-08-06,10:34:00,N21,low,2.0NRT,304.11,2.11,D,VIIRS
48.48925,37.0275,337.28,0.44,0.39,2026-08-06,10:34:00,N21,low,2.0NRT,311.37,5.66,D,VIIRS
47.54642,30.62847,332.02,0.41,0.37,2026-08-06,10:34:00,N21,low,2.0NRT,306.86,1.79,D,VIIRS
48.5584,37.53937,333.79,0.46,0.39,2026-08-06,10:34:00,N21,low,2.0NRT,305.31,2.46,D,VIIRS
48.57386,37.61232,337.87,0.46,0.39,2026-08-06,10:34:00,N21,nominal,2.0NRT,308.48,3.13,D,VIIRS
48.596,37.77942,338.57,0.47,0.4,2026-08-06,10:34:00,N21,low,2.0NRT,309.49,5.4,D,VIIRS
48.58826,37.57666,334.37,0.46,0.39,2026-08-06,10:34:00,N21,nominal,2.0NRT,306.45,2.57,D,VIIRS
48.56532,37.37359,332.09,0.45,0.39,2026-08-06,10:34:00,N21,low,2.0NRT,306.44,3.14,D,VIIRS
48.60357,37.68083,339.65,0.46,0.39,2026-08-06,10:34:00,N21,low,2.0NRT,310.23,5.09,D,VIIRS
48.61274,37.73016,337.64,0.47,0.39,2026-08-06,10:34:00,N21,low,2.0NRT,311.02,4.37,D,VIIRS
48.54657,37.14734,334.5,0.45,0.39,2026-08-06,10:34:00,N21,low,2.0NRT,306.19,5.64,D,VIIRS
48.49072,36.64585,339.16,0.43,0.38,2026-08-06,10:34:00,N21,low,2.0NRT,313.6,3.68,D,VIIRS
48.48932,36.63423,349.42,0.43,0.38,2026-08-06,10:34:00,N21,nominal,2.0NRT,317.99,24.31,D,VIIRS
48.49348,36.63913,338.83,0.43,0.38,2026-08-06,10:34:00,N21,low,2.0NRT,312.91,24.31,D,VIIRS
48.63537,37.83448,340.46,0.47,0.4,2026-08-06,10:34:00,N21,low,2.0NRT,310.57,7.4,D,VIIRS
48.57112,37.26522,335.69,0.45,0.39,2026-08-06,10:34:00,N21,low,2.0NRT,308.56,3.71,D,VIIRS
47.65719,30.93427,348.41,0.4,0.37,2026-08-06,10:34:00,N21,nominal,2.0NRT,309.88,5.78,D,VIIRS
48.60634,37.4128,335.46,0.46,0.39,2026-08-06,10:34:00,N21,nominal,2.0NRT,307.71,6.28,D,VIIRS
48.50083,36.52369,348.78,0.43,0.38,2026-08-06,10:34:00,N21,nominal,2.0NRT,315.08,13.62,D,VIIRS
48.62891,37.57859,342.56,0.46,0.39,2026-08-06,10:34:00,N21,nominal,2.0NRT,309.44,8.96,D,VIIRS
48.62613,37.5541,334.5,0.46,0.39,2026-08-06,10:34:00,N21,nominal,2.0NRT,307.36,3.06,D,VIIRS
48.65727,37.73203,340.69,0.47,0.39,2026-08-06,10:34:00,N21,nominal,2.0NRT,309.71,4.57,D,VIIRS
48.67785,37.84974,347.92,0.47,0.4,2026-08-06,10:34:00,N21,nominal,2.0NRT,311.15,14.16,D,VIIRS
48.65455,37.64249,338.35,0.46,0.39,2026-08-06,10:34:00,N21,low,2.0NRT,311.56,6.89,D,VIIRS
48.68503,37.88085,343.31,0.47,0.4,2026-08-06,10:34:00,N21,nominal,2.0NRT,312.06,12.7,D,VIIRS
48.68146,37.84882,338.66,0.47,0.4,2026-08-06,10:34:00,N21,nominal,2.0NRT,311.06,17.15,D,VIIRS
48.69576,37.94392,336.03,0.47,0.4,2026-08-06,10:34:00,N21,nominal,2.0NRT,308.86,3.38,D,VIIRS
48.68793,37.87358,335.94,0.47,0.4,2026-08-06,10:34:00,N21,low,2.0NRT,310.03,10.5,D,VIIRS
48.67832,37.84943,345.01,0.47,0.4,2026-08-06,10:34:00,N21,nominal,2.0NRT,312.44,14.76,D,VIIRS
48.68537,37.88058,347.97,0.47,0.4,2026-08-06,10:34:00,N21,nominal,2.0NRT,311.94,6.03,D,VIIRS
48.68469,37.87426,334.93,0.47,0.4,2026-08-06,10:34:00,N21,low,2.0NRT,308.77,6.03,D,VIIRS
48.68193,37.84851,336.19,0.47,0.4,2026-08-06,10:34:00,N21,nominal,2.0NRT,308.69,14.76,D,VIIRS
48.69585,37.94376,338.84,0.47,0.4,2026-08-06,10:34:00,N21,low,2.0NRT,309.25,3.79,D,VIIRS
48.6883,37.8733,334.87,0.47,0.4,2026-08-06,10:34:00,N21,low,2.0NRT,308.7,9.68,D,VIIRS
48.68762,37.86693,331.66,0.47,0.4,2026-08-06,10:34:00,N21,low,2.0NRT,305.52,4.02,D,VIIRS
48.54443,36.54644,341.33,0.43,0.38,2026-08-06,10:34:00,N21,low,2.0NRT,312.99,7.63,D,VIIRS
48.54787,36.5455,342.64,0.43,0.38,2026-08-06,10:34:00,N21,low,2.0NRT,312.66,7.63,D,VIIRS
48.68069,37.66731,333.07,0.46,0.39,2026-08-06,10:34:00,N21,low,2.0NRT,307.35,4.95,D,VIIRS
48.68002,37.66112,335.84,0.46,0.39,2026-08-06,10:34:00,N21,low,2.0NRT,308.44,5.72,D,VIIRS
48.71482,37.91257,332.8,0.47,0.4,2026-08-06,10:34:00,N21,nominal,2.0NRT,307.56,2.53,D,VIIRS
48.67892,37.58458,345.59,0.46,0.39,2026-08-06,10:34:00,N21,nominal,2.0NRT,307.07,6.89,D,VIIRS
48.71844,37.91173,337.5,0.47,0.4,2026-08-06,10:34:00,N21,low,2.0NRT,308.42,2.53,D,VIIRS
48.6825,37.5837,334.06,0.46,0.39,2026-08-06,10:34:00,N21,low,2.0NRT,306.48,6.89,D,VIIRS
48.7197,37.78693,330.68,0.47,0.4,2026-08-06,10:34:00,N21,nominal,2.0NRT,304.37,2.23,D,VIIRS
48.75413,37.83033,340.93,0.47,0.4,2026-08-06,10:34:00,N21,low,2.0NRT,311.34,6.57,D,VIIRS
47.71239,30.5792,335.46,0.41,0.37,2026-08-06,10:34:00,N21,nominal,2.0NRT,305.91,4.08,D,VIIRS
47.71902,30.57661,343.33,0.41,0.37,2026-08-06,10:34:00,N21,nominal,2.0NRT,310.83,14.08,D,VIIRS
48.79707,38.01776,342.75,0.48,0.4,2026-08-06,10:34:00,N21,nominal,2.0NRT,311.14,21.41,D,VIIRS
48.73487,37.39803,336.17,0.46,0.39,2026-08-06,10:34:00,N21,nominal,2.0NRT,308.98,5.28,D,VIIRS
48.82324,37.91727,336.49,0.48,0.4,2026-08-06,10:34:00,N21,low,2.0NRT,307.85,4.62,D,VIIRS
48.57603,35.5926,337.99,0.41,0.37,2026-08-06,10:34:00,N21,low,2.0NRT,312.58,6.96,D,VIIRS
48.84885,37.84471,336.2,0.47,0.4,2026-08-06,10:34:00,N21,low,2.0NRT,309.53,7.75,D,VIIRS
47.67865,29.86164,331.77,0.42,0.38,2026-08-06,10:34:00,N21,low,2.0NRT,302.73,5.19,D,VIIRS
48.85246,37.84377,334.06,0.47,0.4,2026-08-06,10:34:00,N21,low,2.0NRT,306.04,7.71,D,VIIRS
48.85176,37.83738,344.94,0.47,0.4,2026-08-06,10:34:00,N21,nominal,2.0NRT,312.57,7.71,D,VIIRS
48.85106,37.83097,342.58,0.47,0.4,2026-08-06,10:34:00,N21,nominal,2.0NRT,310.08,5.92,D,VIIRS
48.86314,37.90744,335.58,0.48,0.4,2026-08-06,10:34:00,N21,low,2.0NRT,308.34,4.37,D,VIIRS
48.85467,37.83006,344.68,0.47,0.4,2026-08-06,10:34:00,N21,nominal,2.0NRT,307.44,5.92,D,VIIRS
48.84853,37.74065,343.5,0.47,0.4,2026-08-06,10:34:00,N21,nominal,2.0NRT,304.98,5.52,D,VIIRS
48.86121,37.82191,339.03,0.47,0.4,2026-08-06,10:34:00,N21,nominal,2.0NRT,306.21,3.48,D,VIIRS
48.88613,37.98157,335.89,0.48,0.4,2026-08-06,10:34:00,N21,nominal,2.0NRT,307.45,4.61,D,VIIRS
48.40286,33.84163,337.48,0.39,0.36,2026-08-06,10:34:00,N21,low,2.0NRT,312.3,4.71,D,VIIRS
48.92918,38.0033,338.66,0.48,0.4,2026-08-06,10:34:00,N21,nominal,2.0NRT,309.92,8.32,D,VIIRS
48.92954,37.9365,345.29,0.48,0.4,2026-08-06,10:34:00,N21,nominal,2.0NRT,311.97,14.24,D,VIIRS
48.92676,37.91053,340.21,0.48,0.4,2026-08-06,10:34:00,N21,low,2.0NRT,314.88,13.74,D,VIIRS
48.92831,37.89024,337.81,0.48,0.4,2026-08-06,10:34:00,N21,low,2.0NRT,310.4,5.19,D,VIIRS
48.9364,37.86163,352.24,0.47,0.4,2026-08-06,10:34:00,N21,nominal,2.0NRT,314.39,13.09,D,VIIRS
48.09057,31.62902,337.58,0.39,0.36,2026-08-06,10:34:00,N21,nominal,2.0NRT,307.29,7.34,D,VIIRS
48.96818,37.87993,343.95,0.48,0.4,2026-08-06,10:34:00,N21,nominal,2.0NRT,313.36,8,D,VIIRS
48.99644,38.10715,339.08,0.48,0.4,2026-08-06,10:34:00,N21,low,2.0NRT,311.49,34.95,D,VIIRS
47.94553,30.6639,336.25,0.41,0.37,2026-08-06,10:34:00,N21,low,2.0NRT,307.51,4.61,D,VIIRS
49.0001,38.10623,346.11,0.48,0.4,2026-08-06,10:34:00,N21,nominal,2.0NRT,316.94,34.95,D,VIIRS
48.96698,37.80103,344.94,0.47,0.4,2026-08-06,10:34:00,N21,low,2.0NRT,316.79,13.49,D,VIIRS
48.7579,35.69572,341.69,0.41,0.37,2026-08-06,10:34:00,N21,low,2.0NRT,314.35,12.03,D,VIIRS
48.76198,35.70022,334.51,0.41,0.37,2026-08-06,10:34:00,N21,low,2.0NRT,308,12.03,D,VIIRS
49.03865,37.80916,333.4,0.47,0.4,2026-08-06,10:34:00,N21,nominal,2.0NRT,306.59,3.43,D,VIIRS
49.05832,37.95738,333.76,0.48,0.4,2026-08-06,10:34:00,N21,low,2.0NRT,308.17,4.25,D,VIIRS
49.07956,38.08643,336.53,0.48,0.4,2026-08-06,10:34:00,N21,nominal,2.0NRT,307.72,4.86,D,VIIRS
49.08321,38.08553,337.28,0.48,0.4,2026-08-06,10:34:00,N21,nominal,2.0NRT,309.06,4.86,D,VIIRS
49.13163,37.87727,336.8,0.48,0.4,2026-08-06,10:34:00,N21,nominal,2.0NRT,306.13,5.05,D,VIIRS
49.15644,38.00547,334.57,0.48,0.4,2026-08-06,10:34:00,N21,nominal,2.0NRT,306.18,3.17,D,VIIRS
49.15679,37.43091,344.59,0.46,0.39,2026-08-06,10:34:00,N21,nominal,2.0NRT,313.71,17.04,D,VIIRS
48.98967,35.80885,341.76,0.42,0.37,2026-08-06,10:34:00,N21,low,2.0NRT,313.1,5.06,D,VIIRS
49.44672,39.53933,338.13,0.55,0.43,2026-08-06,10:34:00,N21,nominal,2.0NRT,304.79,4.17,D,VIIRS
49.00129,35.32599,334.28,0.41,0.37,2026-08-06,10:34:00,N21,low,2.0NRT,309.01,7.67,D,VIIRS
49.33533,37.79788,336.54,0.48,0.4,2026-08-06,10:34:00,N21,nominal,2.0NRT,307.01,4.11,D,VIIRS
49.33464,37.79141,342.57,0.48,0.4,2026-08-06,10:34:00,N21,nominal,2.0NRT,306.44,5.81,D,VIIRS
49.35487,37.80623,335.79,0.48,0.4,2026-08-06,10:34:00,N21,nominal,2.0NRT,308.54,3.43,D,VIIRS
48.5672,31.84069,336.36,0.39,0.36,2026-08-06,10:34:00,N21,nominal,2.0NRT,305.34,3.89,D,VIIRS
49.44876,38.41555,338.12,0.5,0.41,2026-08-06,10:34:00,N21,low,2.0NRT,309.18,6.48,D,VIIRS
49.39025,37.85756,334.13,0.48,0.4,2026-08-06,10:34:00,N21,low,2.0NRT,306.1,3.98,D,VIIRS
49.38737,37.59189,336.24,0.47,0.4,2026-08-06,10:34:00,N21,low,2.0NRT,308.43,15,D,VIIRS
49.43753,37.8794,337.5,0.48,0.4,2026-08-06,10:34:00,N21,nominal,2.0NRT,306.63,8.1,D,VIIRS
49.44189,37.88509,344.7,0.48,0.4,2026-08-06,10:34:00,N21,nominal,2.0NRT,307.26,9.97,D,VIIRS
48.12071,28.97906,340.3,0.44,0.38,2026-08-06,10:34:00,N21,nominal,2.0NRT,308.75,9.01,D,VIIRS
49.43745,37.88543,333.17,0.48,0.4,2026-08-06,10:34:00,N21,nominal,2.0NRT,304.72,5.34,D,VIIRS
49.43676,37.87881,333.29,0.48,0.4,2026-08-06,10:34:00,N21,low,2.0NRT,305.58,3.09,D,VIIRS
49.4411,37.88451,337.71,0.48,0.4,2026-08-06,10:34:00,N21,nominal,2.0NRT,307.93,5.34,D,VIIRS
49.44041,37.87789,333.05,0.48,0.4,2026-08-06,10:34:00,N21,low,2.0NRT,307.69,3.09,D,VIIRS
48.12094,28.97694,344.47,0.44,0.38,2026-08-06,10:34:00,N21,nominal,2.0NRT,309.23,9.11,D,VIIRS
49.49452,37.82364,335.16,0.48,0.4,2026-08-06,10:34:00,N21,nominal,2.0NRT,306.75,4.02,D,VIIRS
49.49816,37.8227,332.56,0.48,0.4,2026-08-06,10:34:00,N21,low,2.0NRT,304.73,3.47,D,VIIRS
49.5273,37.81541,349.09,0.48,0.4,2026-08-06,10:34:00,N21,nominal,2.0NRT,307.3,5.44,D,VIIRS
49.53095,37.81453,333.2,0.48,0.4,2026-08-06,10:34:00,N21,nominal,2.0NRT,304.35,5.44,D,VIIRS
48.29422,29.3872,347.33,0.43,0.38,2026-08-06,10:34:00,N21,nominal,2.0NRT,309.3,13.06,D,VIIRS
48.29759,29.38579,353.62,0.43,0.38,2026-08-06,10:34:00,N21,nominal,2.0NRT,308.54,11.83,D,VIIRS
48.29655,29.3802,336.7,0.43,0.38,2026-08-06,10:34:00,N21,nominal,2.0NRT,307.25,7,D,VIIRS
49.46157,37.12781,336.62,0.46,0.39,2026-08-06,10:34:00,N21,low,2.0NRT,310.88,6.06,D,VIIRS
48.30096,29.38436,346.53,0.43,0.38,2026-08-06,10:34:00,N21,nominal,2.0NRT,305.11,11.83,D,VIIRS
48.69968,31.47339,337.46,0.39,0.36,2026-08-06,10:34:00,N21,low,2.0NRT,308.68,10.15,D,VIIRS
49.64054,38.00425,333.26,0.49,0.4,2026-08-06,10:34:00,N21,nominal,2.0NRT,305.37,6.23,D,VIIRS
49.63984,37.99767,333.12,0.49,0.4,2026-08-06,10:34:00,N21,nominal,2.0NRT,305.32,5.27,D,VIIRS
49.61444,37.65756,350.25,0.47,0.4,2026-08-06,10:34:00,N21,nominal,2.0NRT,308.29,11.97,D,VIIRS
49.61374,37.65108,333.14,0.47,0.4,2026-08-06,10:34:00,N21,low,2.0NRT,304.89,4.81,D,VIIRS
48.47307,29.7342,339.38,0.42,0.38,2026-08-06,10:34:00,N21,nominal,2.0NRT,303.68,4.05,D,VIIRS
49.66873,37.64368,335.61,0.48,0.4,2026-08-06,10:34:00,N21,nominal,2.0NRT,307.32,4.14,D,VIIRS
48.49643,29.55069,336.29,0.42,0.38,2026-08-06,10:34:00,N21,low,2.0NRT,306.84,11.27,D,VIIRS
48.49977,29.54926,336.51,0.42,0.38,2026-08-06,10:34:00,N21,low,2.0NRT,306.58,9.58,D,VIIRS
48.49875,29.54372,332.93,0.42,0.38,2026-08-06,10:34:00,N21,low,2.0NRT,307.88,7.34,D,VIIRS
48.49772,29.53818,346.33,0.42,0.38,2026-08-06,10:34:00,N21,nominal,2.0NRT,310.21,7.34,D,VIIRS
48.51789,29.45191,367,0.42,0.38,2026-08-06,10:34:00,N21,high,2.0NRT,307.76,6.89,D,VIIRS
48.52126,29.45051,334.65,0.42,0.38,2026-08-06,10:34:00,N21,nominal,2.0NRT,304.29,6.89,D,VIIRS
49.72453,37.6427,335.26,0.48,0.4,2026-08-06,10:34:00,N21,low,2.0NRT,308.37,8.91,D,VIIRS
49.72816,37.64177,346.89,0.48,0.4,2026-08-06,10:34:00,N21,nominal,2.0NRT,311.37,8.91,D,VIIRS
49.7325,37.64737,367,0.48,0.4,2026-08-06,10:34:00,N21,high,2.0NRT,314.19,14.03,D,VIIRS
49.73178,37.640860000000004,331.88,0.48,0.4,2026-08-06,10:34:00,N21,nominal,2.0NRT,305.62,2.8,D,VIIRS
49.73613,37.64647,337.47,0.48,0.4,2026-08-06,10:34:00,N21,nominal,2.0NRT,307.1,14.03,D,VIIRS
49.73594,37.64552,334.92,0.48,0.4,2026-08-06,10:34:00,N21,low,2.0NRT,306.46,2.37,D,VIIRS
49.77308,37.5747,344.31,0.47,0.4,2026-08-06,10:34:00,N21,nominal,2.0NRT,308.46,6.37,D,VIIRS
49.77669,37.57371,334.55,0.47,0.4,2026-08-06,10:34:00,N21,nominal,2.0NRT,305.68,6.37,D,VIIRS
49.83809,37.72752,332.86,0.48,0.4,2026-08-06,10:34:00,N21,nominal,2.0NRT,301.98,3.4,D,VIIRS
49.83688,37.51012,331.65,0.47,0.4,2026-08-06,10:34:00,N21,low,2.0NRT,302.57,4.45,D,VIIRS
49.87555,37.62839,330.33,0.48,0.4,2026-08-06,10:34:00,N21,low,2.0NRT,301.09,5.22,D,VIIRS
49.90665,37.67484,334.05,0.48,0.4,2026-08-06,10:34:00,N21,nominal,2.0NRT,307.85,5.39,D,VIIRS
49.94503,37.75337,336.25,0.48,0.4,2026-08-06,10:34:00,N21,nominal,2.0NRT,305.03,10.03,D,VIIRS
49.94797,37.74575,330.96,0.48,0.4,2026-08-06,10:34:00,N21,low,2.0NRT,304,2.23,D,VIIRS
48.0278,25.90796,332.46,0.56,0.43,2026-08-06,10:34:00,N21,nominal,2.0NRT,302.28,5.05,D,VIIRS
49.95599,37.75057,342.26,0.48,0.4,2026-08-06,10:34:00,N21,nominal,2.0NRT,306.77,9.85,D,VIIRS
49.95383,37.73062,330.69,0.48,0.4,2026-08-06,10:34:00,N21,low,2.0NRT,305.58,3.29,D,VIIRS
49.95749,37.729730000000004,340.44,0.48,0.4,2026-08-06,10:34:00,N21,nominal,2.0NRT,305.56,6.25,D,VIIRS
49.96189,37.28992,332.61,0.47,0.39,2026-08-06,10:34:00,N21,low,2.0NRT,302.85,5.27,D,VIIRS
50.00408,37.50671,330.11,0.47,0.4,2026-08-06,10:34:00,N21,nominal,2.0NRT,302.79,4.42,D,VIIRS
49.05023,30.37146,344.55,0.4,0.37,2026-08-06,10:34:00,N21,nominal,2.0NRT,303.91,6.8,D,VIIRS
50.21948,37.57082,333.79,0.48,0.4,2026-08-06,10:34:00,N21,low,2.0NRT,305.3,5.82,D,VIIRS
50.30085,37.39253,342.96,0.47,0.4,2026-08-06,10:34:00,N21,nominal,2.0NRT,304.11,6.44,D,VIIRS
50.25454,36.87238,335.44,0.46,0.39,2026-08-06,10:34:00,N21,nominal,2.0NRT,307.88,6.39,D,VIIRS
50.28795,36.87634,333.93,0.46,0.39,2026-08-06,10:34:00,N21,low,2.0NRT,304.52,5.15,D,VIIRS
49.29897,29.13326,336.06,0.42,0.38,2026-08-06,10:34:00,N21,low,2.0NRT,306.53,10.97,D,VIIRS
50.22875,33.4001,332.94,0.39,0.36,2026-08-06,10:34:00,N21,nominal,2.0NRT,301.43,2.65,D,VIIRS
49.09332,26.84407,337.2,0.5,0.41,2026-08-06,10:34:00,N21,nominal,2.0NRT,305.92,47.14,D,VIIRS
49.09195,26.83748,332.42,0.5,0.41,2026-08-06,10:34:00,N21,low,2.0NRT,302.78,47.14,D,VIIRS
50.04019,31.87338,334.46,0.38,0.36,2026-08-06,10:34:00,N21,low,2.0NRT,307.56,4.15,D,VIIRS
48.92038,25.62932,340.77,0.55,0.43,2026-08-06,10:34:00,N21,low,2.0NRT,311.58,10.54,D,VIIRS
49.92128,29.85515,341.51,0.4,0.37,2026-08-06,10:34:00,N21,nominal,2.0NRT,305.26,3.44,D,VIIRS
49.9236,29.84831,341.04,0.4,0.37,2026-08-06,10:34:00,N21,nominal,2.0NRT,303.42,5.24,D,VIIRS
49.92881,29.85786,367,0.4,0.37,2026-08-06,10:34:00,N21,high,2.0NRT,311.36,10.98,D,VIIRS
49.92785,29.8524,341.23,0.4,0.37,2026-08-06,10:34:00,N21,nominal,2.0NRT,310.83,5.24,D,VIIRS
49.92592,29.84146,346.22,0.4,0.37,2026-08-06,10:34:00,N21,nominal,2.0NRT,305.96,9.12,D,VIIRS
49.406,26.81861,336.19,0.49,0.4,2026-08-06,10:34:00,N21,nominal,2.0NRT,304.56,4.65,D,VIIRS
50.1213,30.24586,339.8,0.4,0.37,2026-08-06,10:34:00,N21,nominal,2.0NRT,309.36,8.37,D,VIIRS
51.01145,34.83663,333.36,0.41,0.37,2026-08-06,10:34:00,N21,nominal,2.0NRT,300.5,3.75,D,VIIRS
50.43244,30.20222,334.47,0.39,0.37,2026-08-06,10:34:00,N21,nominal,2.0NRT,305.72,2.33,D,VIIRS
50.55541,30.85264,335.73,0.39,0.36,2026-08-06,10:34:00,N21,low,2.0NRT,308.16,3.86,D,VIIRS
50.56452,30.86604,346.02,0.39,0.36,2026-08-06,10:34:00,N21,nominal,2.0NRT,308.47,8.81,D,VIIRS
51.29508,34.22644,330.87,0.4,0.37,2026-08-06,10:34:00,N21,nominal,2.0NRT,300.51,1.83,D,VIIRS
51.29433,34.22072,344.26,0.4,0.37,2026-08-06,10:34:00,N21,nominal,2.0NRT,303.15,6.37,D,VIIRS
50.69624,30.16616,337.09,0.39,0.36,2026-08-06,10:34:00,N21,nominal,2.0NRT,303.18,3.95,D,VIIRS
51.06615,32.37107,347.91,0.39,0.36,2026-08-06,10:34:00,N21,nominal,2.0NRT,308.49,7.15,D,VIIRS
49.71428,23.92694,331.53,0.41,0.45,2026-08-06,10:34:00,N21,nominal,2.0NRT,306.1,2.34,D,VIIRS
50.6124,26.93731,338.04,0.46,0.39,2026-08-06,10:34:00,N21,low,2.0NRT,311.76,4.49,D,VIIRS
51.06311,29.14831,341.6,0.4,0.37,2026-08-06,10:34:00,N21,nominal,2.0NRT,305.84,6.87,D,VIIRS
51.34047,30.26656,334.3,0.39,0.36,2026-08-06,10:34:00,N21,nominal,2.0NRT,306.36,2.12,D,VIIRS
51.34734,30.28697,333.38,0.39,0.36,2026-08-06,10:34:00,N21,low,2.0NRT,308.23,5.7,D,VIIRS
51.34837,30.25152,338.4,0.39,0.36,2026-08-06,10:34:00,N21,nominal,2.0NRT,309.02,4.25,D,VIIRS
50.31795,24.78234,334.1,0.55,0.43,2026-08-06,10:34:00,N21,low,2.0NRT,308.38,3.39,D,VIIRS
51.88351,33.36333,331.95,0.4,0.37,2026-08-06,10:34:00,N21,nominal,2.0NRT,302.64,5.1,D,VIIRS
51.88274,33.35769,333.43,0.4,0.37,2026-08-06,10:34:00,N21,nominal,2.0NRT,305.92,5.1,D,VIIRS
51.38848,30.09821,335.89,0.39,0.36,2026-08-06,10:34:00,N21,nominal,2.0NRT,304.52,3.56,D,VIIRS
51.91801,33.36281,336.66,0.4,0.37,2026-08-06,10:34:00,N21,nominal,2.0NRT,302,3.07,D,VIIRS
52.14123,33.80778,339.14,0.4,0.37,2026-08-06,10:34:00,N21,nominal,2.0NRT,304.98,6.29,D,VIIRS
51.9615,31.87655,345.88,0.38,0.36,2026-08-06,10:34:00,N21,nominal,2.0NRT,303.84,10.68,D,VIIRS
51.96474,31.87527,352.24,0.38,0.36,2026-08-06,10:34:00,N21,nominal,2.0NRT,304.01,10.68,D,VIIRS
50.96762,25.84325,335.79,0.49,0.4,2026-08-06,10:34:00,N21,nominal,2.0NRT,305,6.72,D,VIIRS
50.97116,25.8414,335.66,0.49,0.4,2026-08-06,10:34:00,N21,nominal,2.0NRT,304.56,6.72,D,VIIRS
50.96987,25.84062,336.15,0.49,0.4,2026-08-06,10:34:00,N21,nominal,2.0NRT,307.05,14.14,D,VIIRS
50.95261,25.68518,333.05,0.5,0.41,2026-08-06,10:34:00,N21,low,2.0NRT,307.87,3.22,D,VIIRS
50.76292,24.10613,336.68,0.57,0.43,2026-08-06,10:36:00,N21,nominal,2.0NRT,309.1,4.29,D,VIIRS
48.14499,26.12863,346.99,0.63,0.72,2026-08-06,12:17:00,N21,nominal,2.0NRT,295.31,16.31,D,VIIRS
48.14221,26.12987,354.45,0.63,0.72,2026-08-06,12:17:00,N21,nominal,2.0NRT,295.97,14.97,D,VIIRS
48.92335,25.62605,333.72,0.6,0.71,2026-08-06,12:17:00,N21,nominal,2.0NRT,299.8,9.56,D,VIIRS
50.54343,26.26033,331.3,0.65,0.73,2026-08-06,12:17:00,N21,nominal,2.0NRT,301.38,7.8,D,VIIRS
50.5464,26.26052,331.81,0.65,0.73,2026-08-06,12:17:00,N21,nominal,2.0NRT,301.89,5.72,D,VIIRS
51.79831,33.72225,301.57,0.48,0.64,2026-08-06,22:46:00,N21,nominal,2.0NRT,289.14,0.81,N,VIIRS
46.81634,36.6264,304.69,0.33,0.55,2026-08-06,22:48:00,N21,nominal,2.0NRT,291.28,0.88,N,VIIRS
46.9507,31.06644,301.83,0.61,0.71,2026-08-06,22:48:00,N21,nominal,2.0NRT,290.42,0.88,N,VIIRS
46.80219,36.60331,301.85,0.33,0.55,2026-08-06,22:48:00,N21,nominal,2.0NRT,290.67,0.84,N,VIIRS
46.85393,35.27387,299.46,0.38,0.59,2026-08-06,22:48:00,N21,nominal,2.0NRT,289.22,0.34,N,VIIRS
46.84852,35.27345,307.48,0.38,0.59,2026-08-06,22:48:00,N21,nominal,2.0NRT,289.62,1,N,VIIRS
46.81229,36.04783,303.87,0.35,0.57,2026-08-06,22:48:00,N21,nominal,2.0NRT,290.33,0.75,N,VIIRS
46.80732,36.16138,309.09,0.34,0.56,2026-08-06,22:48:00,N21,nominal,2.0NRT,291.85,0.91,N,VIIRS
46.80215,36.16085,315.25,0.34,0.56,2026-08-06,22:48:00,N21,nominal,2.0NRT,292.12,1.08,N,VIIRS
46.80194,36.16535,302.03,0.34,0.56,2026-08-06,22:48:00,N21,nominal,2.0NRT,291.23,1.08,N,VIIRS
46.87345,32.95956,333.67,0.49,0.65,2026-08-06,22:48:00,N21,nominal,2.0NRT,289.55,3.63,N,VIIRS
46.87335,32.96598,309.34,0.49,0.65,2026-08-06,22:48:00,N21,nominal,2.0NRT,288.1,3.63,N,VIIRS
46.87894,32.89792,299.07,0.49,0.65,2026-08-06,22:48:00,N21,nominal,2.0NRT,288.52,1.05,N,VIIRS
46.87165,32.96279,323.72,0.49,0.65,2026-08-06,22:48:00,N21,nominal,2.0NRT,289.05,2.87,N,VIIRS
46.87177,32.95634,319.6,0.49,0.65,2026-08-06,22:48:00,N21,nominal,2.0NRT,289.58,4.3,N,VIIRS
46.87152,32.96918,302.76,0.49,0.65,2026-08-06,22:48:00,N21,nominal,2.0NRT,288.31,2.87,N,VIIRS
46.75198,36.41893,301.05,0.33,0.55,2026-08-06,22:48:00,N21,nominal,2.0NRT,289.63,0.64,N,VIIRS
46.84418,33.41685,330.34,0.47,0.64,2026-08-06,22:48:00,N21,nominal,2.0NRT,290.83,5.1,N,VIIRS
46.85003,32.82423,301.37,0.5,0.66,2026-08-06,22:48:00,N21,nominal,2.0NRT,289.08,0.36,N,VIIRS
46.71854,36.25619,301.44,0.34,0.56,2026-08-06,22:48:00,N21,nominal,2.0NRT,290.42,1,N,VIIRS
46.83225,31.66683,304.93,0.57,0.69,2026-08-06,22:48:00,N21,nominal,2.0NRT,290.19,1.31,N,VIIRS
46.73109,35.46261,308.31,0.37,0.58,2026-08-06,22:48:00,N21,nominal,2.0NRT,290.22,1.22,N,VIIRS
46.69894,36.23179,301.79,0.34,0.56,2026-08-06,22:48:00,N21,nominal,2.0NRT,290.01,0.97,N,VIIRS
46.79523,32.84262,300.86,0.5,0.66,2026-08-06,22:48:00,N21,nominal,2.0NRT,290.39,0.61,N,VIIRS
46.69419,36.22237,309.17,0.34,0.56,2026-08-06,22:48:00,N21,nominal,2.0NRT,291.33,0.86,N,VIIRS
46.69398,36.22685,302.24,0.34,0.56,2026-08-06,22:48:00,N21,nominal,2.0NRT,290.01,0.86,N,VIIRS
46.79378,32.84286,301.13,0.5,0.66,2026-08-06,22:48:00,N21,nominal,2.0NRT,290.21,0.76,N,VIIRS
50.19611,34.95613,299.62,0.41,0.61,2026-08-06,22:48:00,N21,nominal,2.0NRT,289.5,0.65,N,VIIRS
50.07043,29.96265,310.82,0.69,0.75,2026-08-06,22:48:00,N21,nominal,2.0NRT,288.33,3.14,N,VIIRS
50.07055,29.96756,304.89,0.69,0.75,2026-08-06,22:48:00,N21,nominal,2.0NRT,288.65,2.56,N,VIIRS
49.97598,31.35493,308.3,0.6,0.71,2026-08-06,22:48:00,N21,nominal,2.0NRT,291.95,2.18,N,VIIRS
49.22978,38.39558,297.55,0.56,0.52,2026-08-06,22:48:00,N21,nominal,2.0NRT,287.5,0.35,N,VIIRS
49.18414,33.45726,305.26,0.48,0.64,2026-08-06,22:48:00,N21,nominal,2.0NRT,291.22,1.6,N,VIIRS
49.00038,38.19248,311.15,0.57,0.52,2026-08-06,22:48:00,N21,nominal,2.0NRT,290.43,1.96,N,VIIRS
48.99996,38.20035,305.03,0.57,0.52,2026-08-06,22:48:00,N21,nominal,2.0NRT,290.61,1.96,N,VIIRS
48.99517,38.19968,307.26,0.57,0.52,2026-08-06,22:48:00,N21,nominal,2.0NRT,290.76,1.87,N,VIIRS
48.99475,38.20752,309.91,0.57,0.52,2026-08-06,22:48:00,N21,nominal,2.0NRT,290.05,2.08,N,VIIRS
46.48145,31.83203,310.27,0.55,0.68,2026-08-06,22:48:00,N21,nominal,2.0NRT,290.86,1.85,N,VIIRS
46.4814,31.83929,304.65,0.55,0.68,2026-08-06,22:48:00,N21,nominal,2.0NRT,290.7,1.85,N,VIIRS
46.47857,31.83974,305.1,0.55,0.68,2026-08-06,22:48:00,N21,nominal,2.0NRT,290.71,1.69,N,VIIRS
46.4351,32.31302,314.86,0.53,0.67,2026-08-06,22:48:00,N21,nominal,2.0NRT,289.94,1.82,N,VIIRS
46.35672,32.24342,300.6,0.53,0.67,2026-08-06,22:48:00,N21,nominal,2.0NRT,288.79,1.07,N,VIIRS
46.33552,32.42129,301.37,0.52,0.67,2026-08-06,22:48:00,N21,nominal,2.0NRT,289.89,0.95,N,VIIRS
46.2538,34.41187,300.7,0.41,0.61,2026-08-06,22:48:00,N21,nominal,2.0NRT,290.69,1.14,N,VIIRS
48.46691,38.7567,306.26,0.53,0.5,2026-08-06,22:48:00,N21,nominal,2.0NRT,293.32,2.07,N,VIIRS
48.54152,37.70392,307.01,0.6,0.53,2026-08-06,22:48:00,N21,nominal,2.0NRT,290.16,2.41,N,VIIRS
48.71637,35.76057,301.53,0.37,0.58,2026-08-06,22:48:00,N21,nominal,2.0NRT,289.73,1.14,N,VIIRS
48.72136,35.77142,305.15,0.37,0.58,2026-08-06,22:48:00,N21,nominal,2.0NRT,289.62,1.23,N,VIIRS
48.72153,35.76627,304.5,0.37,0.58,2026-08-06,22:48:00,N21,nominal,2.0NRT,289.8,1.14,N,VIIRS
48.80171,35.77695,298.91,0.37,0.58,2026-08-06,22:48:00,N21,nominal,2.0NRT,288.44,0.52,N,VIIRS
48.81395,36.2566,303.41,0.35,0.57,2026-08-06,22:48:00,N21,nominal,2.0NRT,290.16,0.78,N,VIIRS
48.82862,36.77066,300.56,0.33,0.55,2026-08-06,22:48:00,N21,nominal,2.0NRT,288.28,0.32,N,VIIRS
48.80116,38.64388,299.69,0.54,0.51,2026-08-06,22:48:00,N21,nominal,2.0NRT,289.39,0.59,N,VIIRS
49.10544,35.65289,300.75,0.38,0.59,2026-08-06,22:48:00,N21,nominal,2.0NRT,289.82,0.96,N,VIIRS
48.99501,38.20837,308.68,0.57,0.52,2026-08-06,22:48:00,N21,nominal,2.0NRT,290.1,1.97,N,VIIRS
48.99546,38.20055,308.92,0.57,0.52,2026-08-06,22:48:00,N21,nominal,2.0NRT,290.84,1.97,N,VIIRS
49.00025,38.20121,302.22,0.57,0.52,2026-08-06,22:48:00,N21,nominal,2.0NRT,290.35,1.25,N,VIIRS
49.00071,38.19335,312.98,0.57,0.52,2026-08-06,22:48:00,N21,nominal,2.0NRT,290.48,2.86,N,VIIRS
48.53395,37.04412,323.87,0.32,0.55,2026-08-06,22:48:00,N21,nominal,2.0NRT,292.45,3.09,N,VIIRS
48.46227,38.756100000000004,304,0.53,0.5,2026-08-06,22:48:00,N21,nominal,2.0NRT,292.35,0.99,N,VIIRS
48.53336,37.05728,330.87,0.32,0.55,2026-08-06,22:48:00,N21,nominal,2.0NRT,293.09,3.39,N,VIIRS
48.53376,37.0485,310.87,0.32,0.55,2026-08-06,22:48:00,N21,nominal,2.0NRT,292.6,4.23,N,VIIRS
48.53456,37.04648,338.33,0.32,0.55,2026-08-06,22:48:00,N21,nominal,2.0NRT,293.01,3.85,N,VIIRS
48.53413,37.05526,325.5,0.32,0.55,2026-08-06,22:48:00,N21,nominal,2.0NRT,293.11,3.67,N,VIIRS
48.52034,37.02717,308.35,0.32,0.55,2026-08-06,22:48:00,N21,nominal,2.0NRT,290.59,0.64,N,VIIRS
48.4878,37.07143,311.29,0.32,0.55,2026-08-06,22:48:00,N21,nominal,2.0NRT,289.45,1.18,N,VIIRS
48.57699,34.05049,301.97,0.44,0.63,2026-08-06,22:48:00,N21,nominal,2.0NRT,290.43,1.28,N,VIIRS
48.47228,37.0789,305.64,0.32,0.55,2026-08-06,22:48:00,N21,nominal,2.0NRT,291.11,1.21,N,VIIRS
48.45871,36.93574,308.37,0.32,0.55,2026-08-06,22:48:00,N21,nominal,2.0NRT,287.82,0.62,N,VIIRS
48.5181,34.62764,302,0.42,0.61,2026-08-06,22:48:00,N21,nominal,2.0NRT,291.46,1.53,N,VIIRS
48.45014,36.66553,300.76,0.33,0.56,2026-08-06,22:48:00,N21,nominal,2.0NRT,289.94,0.86,N,VIIRS
48.453,36.66332,306.47,0.33,0.56,2026-08-06,22:48:00,N21,nominal,2.0NRT,289.32,1.21,N,VIIRS
48.52049,34.63218,303.39,0.42,0.61,2026-08-06,22:48:00,N21,nominal,2.0NRT,291.54,1.02,N,VIIRS
48.40791,37.06467,298.42,0.32,0.55,2026-08-06,22:48:00,N21,nominal,2.0NRT,288.22,0.23,N,VIIRS
48.41264,36.53032,301.75,0.34,0.56,2026-08-06,22:48:00,N21,nominal,2.0NRT,288.88,0.52,N,VIIRS
48.40748,36.5299,308.43,0.34,0.56,2026-08-06,22:48:00,N21,nominal,2.0NRT,288.77,0.79,N,VIIRS
48.35085,37.20014,304.53,0.63,0.54,2026-08-06,22:48:00,N21,nominal,2.0NRT,290.24,2.18,N,VIIRS
48.45699,32.69685,329.08,0.51,0.66,2026-08-06,22:48:00,N21,nominal,2.0NRT,290.15,3.82,N,VIIRS
48.35822,36.46959,314.69,0.34,0.56,2026-08-06,22:48:00,N21,nominal,2.0NRT,290.27,1.71,N,VIIRS
48.35666,36.47039,314.24,0.34,0.56,2026-08-06,22:48:00,N21,nominal,2.0NRT,290.73,1.55,N,VIIRS
48.45721,32.69508,322.7,0.51,0.66,2026-08-06,22:48:00,N21,nominal,2.0NRT,289.81,3.24,N,VIIRS
48.3229,35.76348,302.87,0.37,0.58,2026-08-06,22:48:00,N21,nominal,2.0NRT,288.83,0.82,N,VIIRS
48.05677,37.95586,304.89,0.58,0.52,2026-08-06,22:48:00,N21,nominal,2.0NRT,292.27,1.57,N,VIIRS
48.08831,35.98154,309.56,0.36,0.57,2026-08-06,22:48:00,N21,nominal,2.0NRT,288.78,1.58,N,VIIRS
47.96716,37.82568,307.9,0.58,0.52,2026-08-06,22:48:00,N21,nominal,2.0NRT,291.42,1.63,N,VIIRS
47.96844,37.82464,311.92,0.58,0.52,2026-08-06,22:48:00,N21,nominal,2.0NRT,291.74,2.45,N,VIIRS
47.97623,36.74187,307.63,0.33,0.55,2026-08-06,22:48:00,N21,nominal,2.0NRT,289.48,0.86,N,VIIRS
48.07281,28.98131,306.94,0.77,0.77,2026-08-06,22:48:00,N21,nominal,2.0NRT,286.46,1.73,N,VIIRS
47.9726,36.48481,304.91,0.34,0.56,2026-08-06,22:48:00,N21,nominal,2.0NRT,288.59,0.69,N,VIIRS
47.95602,36.00044,333.71,0.36,0.57,2026-08-06,22:48:00,N21,nominal,2.0NRT,290.15,2.66,N,VIIRS
47.95584,36.00526,306.56,0.36,0.57,2026-08-06,22:48:00,N21,nominal,2.0NRT,289.22,2.66,N,VIIRS
47.95634,36.00344,340.09,0.36,0.57,2026-08-06,22:48:00,N21,nominal,2.0NRT,290.59,4.28,N,VIIRS
47.94122,35.72866,301.57,0.37,0.58,2026-08-06,22:48:00,N21,nominal,2.0NRT,288.84,0.48,N,VIIRS
47.93998,35.33345,344.87,0.38,0.59,2026-08-06,22:48:00,N21,nominal,2.0NRT,289.94,6.85,N,VIIRS
47.94016,35.32829,318.26,0.38,0.59,2026-08-06,22:48:00,N21,nominal,2.0NRT,289.87,5.9,N,VIIRS
47.98721,31.42604,300.7,0.59,0.7,2026-08-06,22:48:00,N21,nominal,2.0NRT,289.21,1.1,N,VIIRS
47.84225,36.91107,314.27,0.32,0.55,2026-08-06,22:48:00,N21,nominal,2.0NRT,290.08,0.95,N,VIIRS
47.87008,33.43496,305.98,0.47,0.64,2026-08-06,22:48:00,N21,nominal,2.0NRT,291.65,2.32,N,VIIRS
47.86428,33.42835,303.91,0.47,0.64,2026-08-06,22:48:00,N21,nominal,2.0NRT,290.3,1.48,N,VIIRS
47.86416,33.43476,304.5,0.47,0.64,2026-08-06,22:48:00,N21,nominal,2.0NRT,290.63,2.37,N,VIIRS
47.85801,33.44731,301.98,0.47,0.64,2026-08-06,22:48:00,N21,nominal,2.0NRT,291.48,1.25,N,VIIRS
47.76192,35.40612,321,0.38,0.59,2026-08-06,22:48:00,N21,nominal,2.0NRT,291.08,2.64,N,VIIRS
47.75977,35.40666,320.53,0.38,0.59,2026-08-06,22:48:00,N21,nominal,2.0NRT,291.34,2.42,N,VIIRS
47.75997,35.40156,304.68,0.38,0.59,2026-08-06,22:48:00,N21,nominal,2.0NRT,290.65,2.4,N,VIIRS
47.7299,35.18103,310.1,0.39,0.59,2026-08-06,22:48:00,N21,nominal,2.0NRT,290.34,1.86,N,VIIRS
47.72461,35.17543,306.64,0.39,0.59,2026-08-06,22:48:00,N21,nominal,2.0NRT,291.4,0.82,N,VIIRS
47.71693,35.23896,328.47,0.39,0.59,2026-08-06,22:48:00,N21,nominal,2.0NRT,292.18,12.88,N,VIIRS
47.71675,35.24417,352.58,0.39,0.59,2026-08-06,22:48:00,N21,nominal,2.0NRT,295.59,12.88,N,VIIRS
47.71368,35.17464,306.74,0.39,0.59,2026-08-06,22:48:00,N21,nominal,2.0NRT,290.45,1.44,N,VIIRS
47.7135,35.17979,310.98,0.39,0.59,2026-08-06,22:48:00,N21,nominal,2.0NRT,293.27,1.44,N,VIIRS
47.70052,35.07493,305.24,0.39,0.6,2026-08-06,22:48:00,N21,nominal,2.0NRT,290.65,0.98,N,VIIRS
47.68405,35.07367,302.17,0.39,0.6,2026-08-06,22:48:00,N21,nominal,2.0NRT,290.82,0.94,N,VIIRS
47.68206,35.13573,306.63,0.39,0.59,2026-08-06,22:48:00,N21,nominal,2.0NRT,290.9,1.05,N,VIIRS
47.66214,35.24432,307.62,0.39,0.59,2026-08-06,22:48:00,N21,nominal,2.0NRT,292.33,1.47,N,VIIRS
47.66107,35.24294,313.15,0.39,0.59,2026-08-06,22:48:00,N21,nominal,2.0NRT,291.9,0.79,N,VIIRS
47.57273,36.97948,309.03,0.64,0.54,2026-08-06,22:48:00,N21,nominal,2.0NRT,288.85,2.25,N,VIIRS
47.56805,36.97264,304.39,0.32,0.54,2026-08-06,22:48:00,N21,nominal,2.0NRT,288.83,1.45,N,VIIRS
47.55977,37.13005,307.2,0.63,0.54,2026-08-06,22:48:00,N21,nominal,2.0NRT,289.95,3.16,N,VIIRS
47.55933,37.13846,315.42,0.62,0.54,2026-08-06,22:48:00,N21,nominal,2.0NRT,290.09,3.16,N,VIIRS
47.55888,37.14684,300.17,0.62,0.54,2026-08-06,22:48:00,N21,nominal,2.0NRT,289.25,1.06,N,VIIRS
47.57014,35.78748,310.56,0.36,0.58,2026-08-06,22:48:00,N21,nominal,2.0NRT,290.25,1.46,N,VIIRS
47.56503,35.78228,305.23,0.36,0.58,2026-08-06,22:48:00,N21,nominal,2.0NRT,290.24,1.03,N,VIIRS
47.42053,37.55724,303.54,0.59,0.53,2026-08-06,22:48:00,N21,nominal,2.0NRT,291.21,0.83,N,VIIRS
47.58826,30.1772,303.96,0.67,0.74,2026-08-06,22:48:00,N21,nominal,2.0NRT,288.03,1.78,N,VIIRS
47.41216,37.532,307.95,0.6,0.53,2026-08-06,22:48:00,N21,nominal,2.0NRT,291.08,1.78,N,VIIRS
47.53391,30.17975,300.77,0.67,0.74,2026-08-06,22:48:00,N21,nominal,2.0NRT,287.87,0.92,N,VIIRS
47.53563,30.35838,299.67,0.66,0.73,2026-08-06,22:48:00,N21,nominal,2.0NRT,287.82,1.39,N,VIIRS
47.48857,34.39268,319.99,0.42,0.61,2026-08-06,22:48:00,N21,nominal,2.0NRT,290.37,1.89,N,VIIRS
47.514,31.24666,318.88,0.6,0.7,2026-08-06,22:48:00,N21,nominal,2.0NRT,291.34,3.57,N,VIIRS
47.48923,33.87705,300.38,0.45,0.63,2026-08-06,22:48:00,N21,nominal,2.0NRT,289.57,0.68,N,VIIRS
47.42409,35.74104,307.74,0.36,0.58,2026-08-06,22:48:00,N21,nominal,2.0NRT,291.12,1.05,N,VIIRS
47.53937,30.17756,302.56,0.67,0.74,2026-08-06,22:48:00,N21,nominal,2.0NRT,287.78,0.9,N,VIIRS
50.23405,37.31393,298.43,0.32,0.55,2026-08-06,22:48:00,N21,nominal,2.0NRT,287.9,0.22,N,VIIRS
50.2401,37.29156,300.25,0.32,0.55,2026-08-06,22:48:00,N21,nominal,2.0NRT,287.71,0.23,N,VIIRS
50.33646,36.17397,312.11,0.36,0.58,2026-08-06,22:48:00,N21,nominal,2.0NRT,288.92,0.98,N,VIIRS
50.41864,33.94565,314.13,0.46,0.63,2026-08-06,22:48:00,N21,nominal,2.0NRT,288.71,2.58,N,VIIRS
50.41739,33.94626,317.78,0.46,0.64,2026-08-06,22:48:00,N21,nominal,2.0NRT,288.7,1.6,N,VIIRS
47.48591,34.39413,315.46,0.42,0.61,2026-08-06,22:48:00,N21,nominal,2.0NRT,290.53,2.17,N,VIIRS
47.53353,30.3649,302.33,0.66,0.73,2026-08-06,22:48:00,N21,nominal,2.0NRT,288.14,1.11,N,VIIRS
47.42026,35.74099,303.36,0.36,0.58,2026-08-06,22:48:00,N21,nominal,2.0NRT,290.03,0.71,N,VIIRS
47.51443,31.24401,318.42,0.6,0.7,2026-08-06,22:48:00,N21,nominal,2.0NRT,291.81,3.03,N,VIIRS
47.45094,32.30232,311.93,0.53,0.67,2026-08-06,22:48:00,N21,nominal,2.0NRT,289.31,1.49,N,VIIRS
47.31516,36.79804,308.7,0.32,0.55,2026-08-06,22:48:00,N21,nominal,2.0NRT,291.4,0.8,N,VIIRS
47.31495,36.80229,306.64,0.32,0.55,2026-08-06,22:48:00,N21,nominal,2.0NRT,291.4,0.8,N,VIIRS
47.34715,35.97005,305.37,0.35,0.57,2026-08-06,22:48:00,N21,nominal,2.0NRT,290.38,0.82,N,VIIRS
47.37651,35.0252,302.81,0.39,0.6,2026-08-06,22:48:00,N21,nominal,2.0NRT,289.44,0.84,N,VIIRS
47.37634,35.03048,307.99,0.39,0.6,2026-08-06,22:48:00,N21,nominal,2.0NRT,289.41,0.84,N,VIIRS
47.37101,35.02499,303.92,0.39,0.6,2026-08-06,22:48:00,N21,nominal,2.0NRT,290.15,0.87,N,VIIRS
47.36851,34.92976,338.84,0.4,0.6,2026-08-06,22:48:00,N21,nominal,2.0NRT,291.93,5.33,N,VIIRS
47.27083,37.28013,307.31,0.61,0.54,2026-08-06,22:48:00,N21,nominal,2.0NRT,289.06,1.81,N,VIIRS
47.36283,34.93464,315.48,0.4,0.6,2026-08-06,22:48:00,N21,nominal,2.0NRT,290.78,1.37,N,VIIRS
47.35969,35.0348,302.02,0.39,0.6,2026-08-06,22:48:00,N21,nominal,2.0NRT,290.35,1.01,N,VIIRS
47.37084,34.46072,303.91,0.42,0.61,2026-08-06,22:48:00,N21,nominal,2.0NRT,288.65,1.15,N,VIIRS
47.35732,34.93423,302.61,0.4,0.6,2026-08-06,22:48:00,N21,nominal,2.0NRT,291.21,1.37,N,VIIRS
47.3542,35.03439,308.66,0.39,0.6,2026-08-06,22:48:00,N21,nominal,2.0NRT,290.9,1.01,N,VIIRS
47.31002,35.97587,334.65,0.35,0.57,2026-08-06,22:48:00,N21,nominal,2.0NRT,291.85,5.05,N,VIIRS
47.30984,35.98058,337.34,0.35,0.57,2026-08-06,22:48:00,N21,nominal,2.0NRT,291.79,5.05,N,VIIRS
47.30966,35.98529,333.82,0.35,0.57,2026-08-06,22:48:00,N21,nominal,2.0NRT,290.89,2.78,N,VIIRS
47.3104,35.96643,317.73,0.35,0.57,2026-08-06,22:48:00,N21,nominal,2.0NRT,291.12,2.09,N,VIIRS
47.31021,35.97116,311.2,0.35,0.57,2026-08-06,22:48:00,N21,nominal,2.0NRT,290.88,2.09,N,VIIRS
47.30947,35.99001,301.63,0.35,0.57,2026-08-06,22:48:00,N21,nominal,2.0NRT,289.11,2.78,N,VIIRS
47.36862,34.92896,342.07,0.4,0.6,2026-08-06,22:48:00,N21,nominal,2.0NRT,292.15,6.45,N,VIIRS
47.36843,34.93425,303.21,0.4,0.6,2026-08-06,22:48:00,N21,nominal,2.0NRT,290.57,2.06,N,VIIRS
47.36291,34.93386,315.47,0.4,0.6,2026-08-06,22:48:00,N21,nominal,2.0NRT,290.76,2.06,N,VIIRS
47.35927,35.03384,309.81,0.39,0.59,2026-08-06,22:48:00,N21,nominal,2.0NRT,290.45,1.45,N,VIIRS
47.37318,34.46592,300.17,0.42,0.61,2026-08-06,22:48:00,N21,nominal,2.0NRT,288.06,0.87,N,VIIRS
47.3574,34.93348,306.98,0.4,0.6,2026-08-06,22:48:00,N21,nominal,2.0NRT,291,1.04,N,VIIRS
47.35378,35.03345,308.46,0.39,0.59,2026-08-06,22:48:00,N21,nominal,2.0NRT,291.37,1.1,N,VIIRS
47.31454,35.99369,302.63,0.35,0.57,2026-08-06,22:48:00,N21,nominal,2.0NRT,290.42,1.56,N,VIIRS
47.31015,35.97438,323.83,0.35,0.57,2026-08-06,22:48:00,N21,nominal,2.0NRT,291.07,2.89,N,VIIRS
47.30993,35.97908,340.19,0.35,0.57,2026-08-06,22:48:00,N21,nominal,2.0NRT,291.95,4.91,N,VIIRS
47.30973,35.98378,335.19,0.35,0.57,2026-08-06,22:48:00,N21,nominal,2.0NRT,291.21,4.91,N,VIIRS
47.31057,35.96495,307.08,0.35,0.57,2026-08-06,22:48:00,N21,nominal,2.0NRT,290.89,1.61,N,VIIRS
47.31036,35.96967,311.87,0.35,0.57,2026-08-06,22:48:00,N21,nominal,2.0NRT,290.81,2.89,N,VIIRS
47.30952,35.98848,310.34,0.35,0.57,2026-08-06,22:48:00,N21,nominal,2.0NRT,289.49,1.56,N,VIIRS
47.22604,37.25294,341.36,0.61,0.54,2026-08-06,22:48:00,N21,nominal,2.0NRT,292.06,5.93,N,VIIRS
47.33665,34.72858,313.97,0.41,0.6,2026-08-06,22:48:00,N21,nominal,2.0NRT,290.75,1.53,N,VIIRS
47.22649,37.24478,308.87,0.61,0.54,2026-08-06,22:48:00,N21,nominal,2.0NRT,290.97,3.41,N,VIIRS
47.2256,37.26109,305.33,0.61,0.54,2026-08-06,22:48:00,N21,nominal,2.0NRT,290.46,5.93,N,VIIRS
45.66574,28.79135,301.14,0.78,0.78,2026-08-06,22:48:00,N21,nominal,2.0NRT,286.89,2.42,N,VIIRS
46.25362,34.41734,312.17,0.41,0.61,2026-08-06,22:48:00,N21,nominal,2.0NRT,290.92,1.14,N,VIIRS
46.21276,34.46841,301.73,0.41,0.61,2026-08-06,22:48:00,N21,nominal,2.0NRT,289.81,0.92,N,VIIRS
46.159,33.10141,302.67,0.48,0.65,2026-08-06,22:48:00,N21,nominal,2.0NRT,289.67,1.16,N,VIIRS
46.15594,33.10141,303.41,0.48,0.65,2026-08-06,22:48:00,N21,nominal,2.0NRT,289.99,1.45,N,VIIRS
46.01732,30.13822,317.55,0.67,0.74,2026-08-06,22:48:00,N21,nominal,2.0NRT,287.65,5.76,N,VIIRS
45.59803,29.29784,299.19,0.73,0.76,2026-08-06,22:48:00,N21,nominal,2.0NRT,287.21,3.47,N,VIIRS
45.67046,28.79047,300.9,0.78,0.78,2026-08-06,22:48:00,N21,nominal,2.0NRT,286.96,1.81,N,VIIRS
47.33056,34.74444,305.99,0.41,0.6,2026-08-06,22:48:00,N21,nominal,2.0NRT,290.78,1.21,N,VIIRS
47.32737,34.84097,300.08,0.4,0.6,2026-08-06,22:48:00,N21,nominal,2.0NRT,289.87,1.44,N,VIIRS
47.22112,37.25232,307.23,0.61,0.54,2026-08-06,22:48:00,N21,nominal,2.0NRT,290.72,1.92,N,VIIRS
47.27473,35.68302,309.15,0.36,0.58,2026-08-06,22:48:00,N21,nominal,2.0NRT,289.95,2.41,N,VIIRS
47.27454,35.68788,312.29,0.36,0.58,2026-08-06,22:48:00,N21,nominal,2.0NRT,290.2,1.38,N,VIIRS
47.35402,30.13278,302.35,0.67,0.74,2026-08-06,22:48:00,N21,nominal,2.0NRT,288.07,1.9,N,VIIRS
47.26922,35.68741,308.42,0.36,0.58,2026-08-06,22:48:00,N21,nominal,2.0NRT,290.15,1.38,N,VIIRS
47.29296,34.87567,306.37,0.4,0.6,2026-08-06,22:48:00,N21,nominal,2.0NRT,289.68,1.85,N,VIIRS
47.29279,34.88101,318.41,0.4,0.6,2026-08-06,22:48:00,N21,nominal,2.0NRT,289.31,1.85,N,VIIRS
47.23207,35.53794,303.03,0.37,0.58,2026-08-06,22:48:00,N21,nominal,2.0NRT,290.58,0.98,N,VIIRS
47.25207,34.76078,302.05,0.4,0.6,2026-08-06,22:48:00,N21,nominal,2.0NRT,289.2,0.97,N,VIIRS
47.22707,35.527589999999996,300.86,0.37,0.58,2026-08-06,22:48:00,N21,nominal,2.0NRT,290.32,1.05,N,VIIRS
47.22689,35.53254,313.8,0.37,0.58,2026-08-06,22:48:00,N21,nominal,2.0NRT,291.08,1.05,N,VIIRS
47.20389,35.99779,305.02,0.35,0.57,2026-08-06,22:48:00,N21,nominal,2.0NRT,290.45,0.99,N,VIIRS
47.23453,35.53608,304.17,0.37,0.58,2026-08-06,22:48:00,N21,nominal,2.0NRT,290.86,0.64,N,VIIRS
47.22937,35.5307,309.74,0.37,0.58,2026-08-06,22:48:00,N21,nominal,2.0NRT,290.99,0.75,N,VIIRS
47.22917,35.53565,301.23,0.37,0.58,2026-08-06,22:48:00,N21,nominal,2.0NRT,290.3,0.75,N,VIIRS
47.2531,34.75935,305.35,0.4,0.6,2026-08-06,22:48:00,N21,nominal,2.0NRT,289.33,0.62,N,VIIRS
47.22402,35.53026,301.41,0.37,0.58,2026-08-06,22:48:00,N21,nominal,2.0NRT,290.6,0.75,N,VIIRS
47.20374,36.0002,304.28,0.35,0.57,2026-08-06,22:48:00,N21,nominal,2.0NRT,290.26,0.62,N,VIIRS
47.1983,36.00434,307.55,0.35,0.57,2026-08-06,22:48:00,N21,nominal,2.0NRT,290.27,1,N,VIIRS
47.2162,35.3198,309.81,0.38,0.59,2026-08-06,22:48:00,N21,nominal,2.0NRT,290.48,1.49,N,VIIRS
47.23088,34.75808,303.19,0.4,0.6,2026-08-06,22:48:00,N21,nominal,2.0NRT,289.26,0.95,N,VIIRS
47.2307,34.76343,300.4,0.4,0.6,2026-08-06,22:48:00,N21,nominal,2.0NRT,289.61,0.95,N,VIIRS
47.20243,35.2528,316.5,0.38,0.59,2026-08-06,22:48:00,N21,nominal,2.0NRT,289.6,2.12,N,VIIRS
47.20286,34.93188,301.75,0.4,0.6,2026-08-06,22:48:00,N21,nominal,2.0NRT,288.6,0.6,N,VIIRS
47.19735,34.93151,311.67,0.4,0.6,2026-08-06,22:48:00,N21,nominal,2.0NRT,289.63,1.11,N,VIIRS
47.17898,33.04317,303.46,0.49,0.65,2026-08-06,22:48:00,N21,nominal,2.0NRT,288.3,0.82,N,VIIRS
47.17699,33.04048,300.28,0.49,0.65,2026-08-06,22:48:00,N21,nominal,2.0NRT,288.44,0.78,N,VIIRS
47.09514,35.71503,306.89,0.36,0.58,2026-08-06,22:48:00,N21,nominal,2.0NRT,289.15,1.13,N,VIIRS
47.09494,35.71982,309.35,0.36,0.58,2026-08-06,22:48:00,N21,nominal,2.0NRT,289.68,1.13,N,VIIRS
47.06583,36.36379,314.69,0.34,0.56,2026-08-06,22:48:00,N21,nominal,2.0NRT,290.57,1.2,N,VIIRS
47.0607,36.36312,314.7,0.34,0.56,2026-08-06,22:48:00,N21,nominal,2.0NRT,291.53,1.2,N,VIIRS
47.15284,33.04684,302.43,0.49,0.65,2026-08-06,22:48:00,N21,nominal,2.0NRT,289.11,1.07,N,VIIRS
47.08639,35.10727,301.36,0.39,0.59,2026-08-06,22:48:00,N21,nominal,2.0NRT,289.76,1.27,N,VIIRS
47.08111,35.10173,308.8,0.39,0.59,2026-08-06,22:48:00,N21,nominal,2.0NRT,289.92,1.73,N,VIIRS
47.10984,33.95682,306.3,0.44,0.62,2026-08-06,22:48:00,N21,nominal,2.0NRT,289.6,1.08,N,VIIRS
47.09769,33.45047,298.8,0.47,0.64,2026-08-06,22:48:00,N21,nominal,2.0NRT,288.28,1.28,N,VIIRS
47.07455,33.42464,298.38,0.47,0.64,2026-08-06,22:48:00,N21,nominal,2.0NRT,288.37,0.43,N,VIIRS
46.96671,36.72491,302.9,0.32,0.55,2026-08-06,22:48:00,N21,nominal,2.0NRT,290.94,0.56,N,VIIRS
47.07245,33.19837,303.05,0.48,0.65,2026-08-06,22:48:00,N21,nominal,2.0NRT,288.32,0.93,N,VIIRS
46.96186,36.72014,305.25,0.32,0.55,2026-08-06,22:48:00,N21,nominal,2.0NRT,291.25,0.56,N,VIIRS
46.96287,36.72183,306.68,0.32,0.55,2026-08-06,22:48:00,N21,nominal,2.0NRT,291.15,0.49,N,VIIRS
46.96265,36.72604,301.61,0.32,0.55,2026-08-06,22:48:00,N21,nominal,2.0NRT,290.83,0.49,N,VIIRS
47.07557,33.1982,302.19,0.48,0.65,2026-08-06,22:48:00,N21,nominal,2.0NRT,288.4,0.63,N,VIIRS
46.95768,36.31413,320.41,0.34,0.56,2026-08-06,22:48:00,N21,nominal,2.0NRT,291.81,1.81,N,VIIRS
46.95789,36.30966,304.27,0.34,0.56,2026-08-06,22:48:00,N21,nominal,2.0NRT,291.31,1.81,N,VIIRS
46.95747,36.31854,318.23,0.34,0.56,2026-08-06,22:48:00,N21,nominal,2.0NRT,291.64,1.66,N,VIIRS
46.95274,36.30912,307.71,0.34,0.56,2026-08-06,22:48:00,N21,nominal,2.0NRT,292.02,0.85,N,VIIRS
46.95253,36.31356,302.07,0.34,0.56,2026-08-06,22:48:00,N21,nominal,2.0NRT,290.9,0.85,N,VIIRS
46.99967,33.70672,301.64,0.45,0.63,2026-08-06,22:48:00,N21,nominal,2.0NRT,289.78,1.18,N,VIIRS
46.66956,35.16843,343.87,0.38,0.59,2026-08-06,22:48:00,N21,nominal,2.0NRT,292.26,6.39,N,VIIRS
46.70408,33.68281,309.58,0.45,0.63,2026-08-06,22:48:00,N21,nominal,2.0NRT,289.58,1.7,N,VIIRS
46.63091,35.0286,301.48,0.39,0.59,2026-08-06,22:48:00,N21,nominal,2.0NRT,289.95,1.02,N,VIIRS
46.68126,32.66773,302.95,0.51,0.66,2026-08-06,22:48:00,N21,nominal,2.0NRT,291,0.96,N,VIIRS
46.62544,35.02824,302.62,0.39,0.59,2026-08-06,22:48:00,N21,nominal,2.0NRT,290,0.54,N,VIIRS
46.63008,35.02693,302.97,0.39,0.59,2026-08-06,22:48:00,N21,nominal,2.0NRT,289.86,1.55,N,VIIRS
46.68073,32.66795,302.33,0.51,0.66,2026-08-06,22:48:00,N21,nominal,2.0NRT,291.27,0.93,N,VIIRS
46.56577,34.49156,304.63,0.41,0.61,2026-08-06,22:48:00,N21,nominal,2.0NRT,289.48,1.56,N,VIIRS
46.56561,34.49697,307.24,0.41,0.61,2026-08-06,22:48:00,N21,nominal,2.0NRT,289.47,1.3,N,VIIRS
46.56017,34.49121,302.78,0.41,0.61,2026-08-06,22:48:00,N21,nominal,2.0NRT,289.53,0.72,N,VIIRS
46.54269,34.86114,312.43,0.4,0.6,2026-08-06,22:48:00,N21,nominal,2.0NRT,290.21,1.42,N,VIIRS
46.53719,34.86074,315.02,0.4,0.6,2026-08-06,22:48:00,N21,nominal,2.0NRT,290.2,1.57,N,VIIRS
46.95422,35.25862,310.49,0.38,0.59,2026-08-06,22:48:00,N21,nominal,2.0NRT,290.62,1.05,N,VIIRS
46.95274,35.14709,312.97,0.39,0.59,2026-08-06,22:48:00,N21,nominal,2.0NRT,289.45,1.03,N,VIIRS
46.99331,33.45168,299.57,0.47,0.64,2026-08-06,22:48:00,N21,nominal,2.0NRT,288.94,0.42,N,VIIRS
46.94142,35.31269,313.28,0.38,0.59,2026-08-06,22:48:00,N21,nominal,2.0NRT,290.2,1.64,N,VIIRS
46.94124,35.31765,313.51,0.38,0.59,2026-08-06,22:48:00,N21,nominal,2.0NRT,290.15,1.64,N,VIIRS
46.87219,36.49108,310.8,0.33,0.55,2026-08-06,22:48:00,N21,nominal,2.0NRT,291.21,0.81,N,VIIRS
46.99488,33.45146,300.73,0.47,0.64,2026-08-06,22:48:00,N21,nominal,2.0NRT,289.02,0.54,N,VIIRS
46.87413,36.49341,303.11,0.33,0.55,2026-08-06,22:48:00,N21,nominal,2.0NRT,290.92,1.33,N,VIIRS
46.91347,35.13749,305.62,0.39,0.59,2026-08-06,22:48:00,N21,nominal,2.0NRT,290.57,1.44,N,VIIRS
46.86089,36.34651,303.78,0.34,0.56,2026-08-06,22:48:00,N21,nominal,2.0NRT,291.42,0.95,N,VIIRS
46.85597,36.34158,312.83,0.34,0.56,2026-08-06,22:48:00,N21,nominal,2.0NRT,291.94,1.57,N,VIIRS
46.81655,36.62211,311,0.33,0.55,2026-08-06,22:48:00,N21,nominal,2.0NRT,291.56,0.88,N,VIIRS
