latitude,longitude,bright_ti4,scan,track,acq_date,acq_time,satellite,confidence,version,bright_ti5,frp,daynight,instrument
51.35131,34.23388,302.86,0.64,0.72,2026-08-15,01:17:00,N21,nominal,2.0NRT,277.54,1.96,N,VIIRS
51.35326,34.23246,298.15,0.64,0.72,2026-08-15,01:17:00,N21,nominal,2.0NRT,277.83,2.25,N,VIIRS
50.54361,26.26139,308.02,0.34,0.56,2026-08-15,01:17:00,N21,nominal,2.0NRT,285.53,1.69,N,VIIRS
47.90597,32.63285,297.77,0.76,0.77,2026-08-15,01:17:00,N21,nominal,2.0NRT,278.97,1.45,N,VIIRS
47.90733,32.63136,295.54,0.76,0.77,2026-08-15,01:17:00,N21,nominal,2.0NRT,278.94,1.83,N,VIIRS
47.99229,29.2681,296.32,0.55,0.68,2026-08-15,01:20:00,N21,nominal,2.0NRT,280.43,1.01,N,VIIRS
47.42218,30.77313,298.4,0.66,0.73,2026-08-15,01:20:00,N21,nominal,2.0NRT,280.35,2.15,N,VIIRS
47.42523,30.77169,298.37,0.66,0.73,2026-08-15,01:20:00,N21,nominal,2.0NRT,280.29,1.27,N,VIIRS
48.74876,26.60584,302.1,0.4,0.6,2026-08-15,01:20:00,N21,nominal,2.0NRT,285.82,1.42,N,VIIRS
48.9768,24.71218,311.39,0.33,0.55,2026-08-15,01:20:00,N21,nominal,2.0NRT,285.54,1.79,N,VIIRS
46.12546,29.79357,296.77,0.67,0.74,2026-08-15,01:20:00,N21,nominal,2.0NRT,282.25,0.66,N,VIIRS
46.0938,30.25873,299.67,0.7,0.75,2026-08-15,01:20:00,N21,nominal,2.0NRT,283.38,2.05,N,VIIRS
45.9226,30.11643,323.33,0.7,0.75,2026-08-15,01:20:00,N21,nominal,2.0NRT,282.56,4.39,N,VIIRS
46.10982,29.80343,297.4,0.67,0.74,2026-08-15,01:20:00,N21,nominal,2.0NRT,282.16,1.15,N,VIIRS
47.02213,37.02931,333.09,0.37,0.58,2026-08-15,09:24:00,N21,nominal,2.0NRT,302.65,2.48,D,VIIRS
47.04427,37.24646,338,0.36,0.58,2026-08-15,09:24:00,N21,nominal,2.0NRT,305.9,5.3,D,VIIRS
47.04556,37.25093,347.28,0.36,0.58,2026-08-15,09:24:00,N21,nominal,2.0NRT,302.36,5.3,D,VIIRS
47.03936,37.24945,367,0.36,0.58,2026-08-15,09:24:00,N21,high,2.0NRT,311.47,12.45,D,VIIRS
45.979730000000004,33.87247,336.58,0.55,0.68,2026-08-15,09:24:00,N21,nominal,2.0NRT,301.8,7.15,D,VIIRS
46.68887,36.14694,355.54,0.42,0.61,2026-08-15,09:24:00,N21,nominal,2.0NRT,308.66,7.78,D,VIIRS
46.79893,36.53217,340.75,0.4,0.6,2026-08-15,09:24:00,N21,nominal,2.0NRT,305.29,5.02,D,VIIRS
46.756100000000004,36.40962,367,0.4,0.6,2026-08-15,09:24:00,N21,high,2.0NRT,307.42,9.25,D,VIIRS
46.7451,36.39325,348.9,0.41,0.6,2026-08-15,09:24:00,N21,nominal,2.0NRT,303.63,21.39,D,VIIRS
46.74951,36.40789,337.7,0.4,0.6,2026-08-15,09:24:00,N21,nominal,2.0NRT,305.4,9.25,D,VIIRS
46.74657,36.39814,367,0.4,0.6,2026-08-15,09:24:00,N21,high,2.0NRT,304.46,19.38,D,VIIRS
46.74805,36.40303,367,0.4,0.6,2026-08-15,09:24:00,N21,high,2.0NRT,307.82,19.38,D,VIIRS
46.77872,36.54507,353.72,0.4,0.6,2026-08-15,09:24:00,N21,nominal,2.0NRT,308.96,9.04,D,VIIRS
46.78016,36.54986,333.83,0.4,0.6,2026-08-15,09:24:00,N21,nominal,2.0NRT,305.2,3.08,D,VIIRS
46.74478,36.39528,352.28,0.41,0.6,2026-08-15,09:24:00,N21,nominal,2.0NRT,307.72,18.43,D,VIIRS
46.74622,36.40016,337.4,0.41,0.6,2026-08-15,09:24:00,N21,nominal,2.0NRT,302.59,18.43,D,VIIRS
46.74767,36.40506,352.35,0.4,0.6,2026-08-15,09:24:00,N21,nominal,2.0NRT,306.5,11.65,D,VIIRS
46.78134,36.5397,331.49,0.4,0.6,2026-08-15,09:24:00,N21,nominal,2.0NRT,304.66,6.03,D,VIIRS
46.78276,36.54453,367,0.4,0.6,2026-08-15,09:24:00,N21,high,2.0NRT,305.39,6.76,D,VIIRS
46.64555,36.24619,348.83,0.41,0.61,2026-08-15,09:24:00,N21,nominal,2.0NRT,301.93,8.06,D,VIIRS
46.0174,34.83034,342.84,0.5,0.66,2026-08-15,09:24:00,N21,nominal,2.0NRT,301.27,7.77,D,VIIRS
46.90247,35.09835,367,0.46,0.63,2026-08-15,09:24:00,N21,high,2.0NRT,306.12,11.84,D,VIIRS
46.89713,35.10179,337.92,0.46,0.63,2026-08-15,09:24:00,N21,nominal,2.0NRT,302.18,3.1,D,VIIRS
47.42356,36.85441,350.42,0.37,0.58,2026-08-15,09:24:00,N21,nominal,2.0NRT,302.47,4.49,D,VIIRS
46.35682,33.48538,352.9,0.56,0.69,2026-08-15,09:24:00,N21,nominal,2.0NRT,298.79,26.49,D,VIIRS
46.359,33.49194,367,0.56,0.69,2026-08-15,09:24:00,N21,high,2.0NRT,301.38,31.97,D,VIIRS
46.88612,35.27139,343.86,0.45,0.63,2026-08-15,09:24:00,N21,nominal,2.0NRT,306.89,5.24,D,VIIRS
46.88781,35.2768,342.63,0.45,0.63,2026-08-15,09:24:00,N21,nominal,2.0NRT,305.79,5.24,D,VIIRS
46.54828,34.25457,336.65,0.51,0.66,2026-08-15,09:24:00,N21,nominal,2.0NRT,301.77,4.36,D,VIIRS
46.58966,34.42302,341.9,0.5,0.66,2026-08-15,09:24:00,N21,nominal,2.0NRT,303.64,4.4,D,VIIRS
47.49477,37.41816,337.2,0.35,0.56,2026-08-15,09:24:00,N21,low,2.0NRT,307.71,7.41,D,VIIRS
46.5524,34.25488,337.47,0.51,0.66,2026-08-15,09:24:00,N21,nominal,2.0NRT,302.28,7.98,D,VIIRS
46.59302,34.42405,331.92,0.5,0.66,2026-08-15,09:24:00,N21,low,2.0NRT,304.32,4.43,D,VIIRS
46.39811,33.94589,331.12,0.53,0.67,2026-08-15,09:24:00,N21,nominal,2.0NRT,303.17,3.02,D,VIIRS
47.39223,37.24724,343.73,0.35,0.57,2026-08-15,09:24:00,N21,nominal,2.0NRT,300.84,3.65,D,VIIRS
46.97965,35.8718,341.56,0.42,0.61,2026-08-15,09:24:00,N21,nominal,2.0NRT,303,5.61,D,VIIRS
46.94128,35.84736,338.36,0.42,0.61,2026-08-15,09:24:00,N21,nominal,2.0NRT,302.29,4.18,D,VIIRS
47.02412,36.15956,353.19,0.41,0.6,2026-08-15,09:24:00,N21,nominal,2.0NRT,307.94,10.11,D,VIIRS
47.02263,36.15466,367,0.41,0.6,2026-08-15,09:24:00,N21,high,2.0NRT,303.08,10.11,D,VIIRS
46.38557,34.15791,331.46,0.52,0.67,2026-08-15,09:24:00,N21,low,2.0NRT,304.96,5.12,D,VIIRS
46.38759,34.16407,339.89,0.52,0.67,2026-08-15,09:24:00,N21,nominal,2.0NRT,305.73,7.97,D,VIIRS
46.77132,35.37991,332.55,0.45,0.63,2026-08-15,09:24:00,N21,low,2.0NRT,304.56,3.26,D,VIIRS
46.36422,34.13449,335.09,0.52,0.67,2026-08-15,09:24:00,N21,nominal,2.0NRT,302.42,5.22,D,VIIRS
46.36625,34.14067,340.73,0.52,0.67,2026-08-15,09:24:00,N21,nominal,2.0NRT,302.8,5.22,D,VIIRS
47.02235,36.15683,367,0.41,0.6,2026-08-15,09:24:00,N21,high,2.0NRT,307.32,16.22,D,VIIRS
46.38972,34.15546,332.5,0.52,0.67,2026-08-15,09:24:00,N21,nominal,2.0NRT,305.25,4.84,D,VIIRS
46.39171,34.16161,338.74,0.52,0.67,2026-08-15,09:24:00,N21,nominal,2.0NRT,306.1,4.84,D,VIIRS
46.76962,35.3824,338.97,0.45,0.63,2026-08-15,09:24:00,N21,nominal,2.0NRT,304.64,5.96,D,VIIRS
46.36855,34.132,336.25,0.52,0.67,2026-08-15,09:24:00,N21,nominal,2.0NRT,302.72,5.65,D,VIIRS
46.37055,34.13817,334.6,0.52,0.67,2026-08-15,09:24:00,N21,nominal,2.0NRT,303.6,7.05,D,VIIRS
46.90306,35.86105,341.44,0.42,0.61,2026-08-15,09:24:00,N21,nominal,2.0NRT,304.04,4.34,D,VIIRS
46.89842,35.84569,367,0.42,0.61,2026-08-15,09:24:00,N21,high,2.0NRT,307.24,10.75,D,VIIRS
47.42224,37.66097,345.44,0.34,0.56,2026-08-15,09:24:00,N21,nominal,2.0NRT,305.16,6.33,D,VIIRS
46.54683,34.73076,367,0.49,0.65,2026-08-15,09:24:00,N21,high,2.0NRT,325.47,74.24,D,VIIRS
46.2742,33.9053,330.65,0.54,0.68,2026-08-15,09:24:00,N21,low,2.0NRT,303.4,5.97,D,VIIRS
46.54136,34.7343,339.63,0.49,0.65,2026-08-15,09:24:00,N21,nominal,2.0NRT,302.89,74.24,D,VIIRS
46.53952,34.72852,367,0.49,0.65,2026-08-15,09:24:00,N21,high,2.0NRT,304.54,83.68,D,VIIRS
46.86251,35.78869,334.92,0.43,0.62,2026-08-15,09:24:00,N21,nominal,2.0NRT,303.71,2.59,D,VIIRS
46.90761,35.93732,343.2,0.42,0.61,2026-08-15,09:24:00,N21,nominal,2.0NRT,305.47,5.76,D,VIIRS
47.03788,36.37176,346.49,0.4,0.6,2026-08-15,09:24:00,N21,nominal,2.0NRT,305.71,4.92,D,VIIRS
47.03281,36.37492,336.7,0.4,0.6,2026-08-15,09:24:00,N21,nominal,2.0NRT,305,4.92,D,VIIRS
47.00476,36.34147,335.29,0.4,0.6,2026-08-15,09:24:00,N21,nominal,2.0NRT,308.23,7.22,D,VIIRS
46.87436,35.96993,337.81,0.42,0.61,2026-08-15,09:24:00,N21,nominal,2.0NRT,303.42,6.78,D,VIIRS
47.41409,37.81004,352.18,0.33,0.56,2026-08-15,09:24:00,N21,nominal,2.0NRT,306.62,27.72,D,VIIRS
47.41645,37.81839,341.41,0.33,0.56,2026-08-15,09:24:00,N21,nominal,2.0NRT,308.98,26.52,D,VIIRS
46.87125,35.95973,367,0.42,0.61,2026-08-15,09:24:00,N21,high,2.0NRT,302.18,14,D,VIIRS
46.87281,35.96483,367,0.42,0.61,2026-08-15,09:24:00,N21,high,2.0NRT,304.9,14,D,VIIRS
47.41528,37.81423,367,0.33,0.56,2026-08-15,09:24:00,N21,high,2.0NRT,321.18,26.52,D,VIIRS
46.86917,35.97314,338.63,0.42,0.61,2026-08-15,09:24:00,N21,nominal,2.0NRT,305.76,4.46,D,VIIRS
46.86397,35.9763,331.24,0.42,0.61,2026-08-15,09:24:00,N21,low,2.0NRT,302.81,4.46,D,VIIRS
46.9921,36.39981,332.86,0.4,0.6,2026-08-15,09:24:00,N21,low,2.0NRT,303.77,6.85,D,VIIRS
47.14247,36.94621,355.41,0.37,0.58,2026-08-15,09:24:00,N21,nominal,2.0NRT,302.33,7.07,D,VIIRS
46.84524,35.9756,331.71,0.42,0.61,2026-08-15,09:24:00,N21,nominal,2.0NRT,304.1,1.88,D,VIIRS
46.82552,35.95161,355.39,0.42,0.61,2026-08-15,09:24:00,N21,nominal,2.0NRT,305.29,8.94,D,VIIRS
46.69212,35.46805,331.36,0.45,0.63,2026-08-15,09:24:00,N21,low,2.0NRT,303.63,2.18,D,VIIRS
46.84082,35.95833,335.52,0.42,0.61,2026-08-15,09:24:00,N21,nominal,2.0NRT,305.4,4.9,D,VIIRS
46.89292,36.15292,334.58,0.41,0.61,2026-08-15,09:24:00,N21,nominal,2.0NRT,305.23,5.63,D,VIIRS
46.35485,34.45326,331.52,0.51,0.66,2026-08-15,09:24:00,N21,nominal,2.0NRT,305.59,2.67,D,VIIRS
46.82058,35.95254,367,0.42,0.61,2026-08-15,09:24:00,N21,high,2.0NRT,306.09,9.42,D,VIIRS
47.2247,37.43118,342.92,0.35,0.57,2026-08-15,09:24:00,N21,nominal,2.0NRT,309.76,27.45,D,VIIRS
47.22593,37.4355,367,0.35,0.57,2026-08-15,09:24:00,N21,high,2.0NRT,307,26.43,D,VIIRS
46.85239,36.20079,347.1,0.41,0.61,2026-08-15,09:24:00,N21,nominal,2.0NRT,304.5,8.18,D,VIIRS
46.85387,36.20573,354.26,0.41,0.61,2026-08-15,09:24:00,N21,nominal,2.0NRT,304.45,11.47,D,VIIRS
46.77172,35.99507,331.28,0.42,0.61,2026-08-15,09:24:00,N21,low,2.0NRT,306.13,3.04,D,VIIRS
46.75825,35.99141,348.64,0.42,0.61,2026-08-15,09:24:00,N21,nominal,2.0NRT,307.9,7.53,D,VIIRS
46.20209,34.37733,331.66,0.52,0.67,2026-08-15,09:24:00,N21,low,2.0NRT,304.27,6.88,D,VIIRS
47.50999,35.45579,335.18,0.42,0.61,2026-08-15,09:26:00,N21,nominal,2.0NRT,300.93,4.74,D,VIIRS
48.03372,38.98135,332.76,0.57,0.52,2026-08-15,09:26:00,N21,nominal,2.0NRT,302.4,7.59,D,VIIRS
48.03497,38.979,330.01,0.57,0.52,2026-08-15,09:26:00,N21,nominal,2.0NRT,302.8,5.93,D,VIIRS
46.90441,35.09893,333.16,0.46,0.63,2026-08-15,09:26:00,N21,nominal,2.0NRT,304.69,3.4,D,VIIRS
47.53051,37.10062,345.28,0.36,0.57,2026-08-15,09:26:00,N21,nominal,2.0NRT,301.56,4.66,D,VIIRS
46.32596,33.12569,367,0.58,0.7,2026-08-15,09:26:00,N21,high,2.0NRT,306.34,46.98,D,VIIRS
46.32366,33.11889,349.17,0.58,0.7,2026-08-15,09:26:00,N21,nominal,2.0NRT,304.47,50.21,D,VIIRS
47.03755,35.27941,340.84,0.44,0.63,2026-08-15,09:26:00,N21,nominal,2.0NRT,304.07,2.99,D,VIIRS
47.47046,36.69614,367,0.37,0.58,2026-08-15,09:26:00,N21,high,2.0NRT,305.42,9.81,D,VIIRS
47.05765,35.32387,367,0.44,0.62,2026-08-15,09:26:00,N21,high,2.0NRT,308.84,10.27,D,VIIRS
46.20892,32.71827,334.06,0.61,0.71,2026-08-15,09:26:00,N21,nominal,2.0NRT,302.9,8.37,D,VIIRS
47.47543,36.69313,338.76,0.37,0.58,2026-08-15,09:26:00,N21,nominal,2.0NRT,306.89,3.62,D,VIIRS
47.48039,36.69011,334.82,0.37,0.58,2026-08-15,09:26:00,N21,nominal,2.0NRT,303.01,3.62,D,VIIRS
47.41234,36.39767,331.73,0.39,0.59,2026-08-15,09:26:00,N21,nominal,2.0NRT,300.48,2.74,D,VIIRS
47.74523,37.53585,367,0.34,0.56,2026-08-15,09:26:00,N21,high,2.0NRT,303.95,8.49,D,VIIRS
47.74294,37.52769,334.57,0.34,0.56,2026-08-15,09:26:00,N21,nominal,2.0NRT,304.38,5.42,D,VIIRS
46.43457,33.25876,332.9,0.57,0.69,2026-08-15,09:26:00,N21,nominal,2.0NRT,302.13,7.29,D,VIIRS
47.87284,37.95574,367,0.32,0.55,2026-08-15,09:26:00,N21,high,2.0NRT,300.47,10.75,D,VIIRS
47.87172,37.95168,339.22,0.32,0.55,2026-08-15,09:26:00,N21,nominal,2.0NRT,298.06,6.9,D,VIIRS
46.44163,33.23751,339.08,0.57,0.69,2026-08-15,09:26:00,N21,nominal,2.0NRT,300.41,11.26,D,VIIRS
47.87324,37.95282,367,0.32,0.55,2026-08-15,09:26:00,N21,high,2.0NRT,301.57,10.77,D,VIIRS
47.87437,37.95686,339.16,0.32,0.55,2026-08-15,09:26:00,N21,nominal,2.0NRT,297.35,7.17,D,VIIRS
47.57678,36.84168,367,0.36,0.58,2026-08-15,09:26:00,N21,high,2.0NRT,302.65,7.1,D,VIIRS
46.43998,33.24017,346.62,0.57,0.69,2026-08-15,09:26:00,N21,nominal,2.0NRT,301.69,8.91,D,VIIRS
47.58168,36.83862,331.31,0.36,0.58,2026-08-15,09:26:00,N21,nominal,2.0NRT,302.47,7.1,D,VIIRS
48.01764,38.31779,331.81,0.61,0.53,2026-08-15,09:26:00,N21,nominal,2.0NRT,304.29,5.52,D,VIIRS
47.66809,36.95728,367,0.36,0.57,2026-08-15,09:26:00,N21,high,2.0NRT,308.03,17.6,D,VIIRS
47.6668,36.95282,367,0.36,0.57,2026-08-15,09:26:00,N21,high,2.0NRT,307.16,28.86,D,VIIRS
46.18315,32.27974,367,0.64,0.72,2026-08-15,09:26:00,N21,high,2.0NRT,297.19,13.51,D,VIIRS
46.82765,34.20455,338.65,0.5,0.66,2026-08-15,09:26:00,N21,nominal,2.0NRT,301.96,25.1,D,VIIRS
46.82573,34.19858,354.6,0.5,0.66,2026-08-15,09:26:00,N21,nominal,2.0NRT,306.97,25.1,D,VIIRS
47.68573,36.99862,367,0.36,0.57,2026-08-15,09:26:00,N21,high,2.0NRT,307.12,21.33,D,VIIRS
47.67427,36.95883,367,0.36,0.57,2026-08-15,09:26:00,N21,high,2.0NRT,308.05,17.6,D,VIIRS
47.67299,36.95438,367,0.36,0.57,2026-08-15,09:26:00,N21,high,2.0NRT,309.1,17.6,D,VIIRS
47.67043,36.94547,367,0.36,0.57,2026-08-15,09:26:00,N21,high,2.0NRT,319.36,28.86,D,VIIRS
47.27086,35.59765,335.74,0.42,0.61,2026-08-15,09:26:00,N21,nominal,2.0NRT,305.61,5.46,D,VIIRS
46.19428,32.29039,337.45,0.64,0.72,2026-08-15,09:26:00,N21,nominal,2.0NRT,296.4,12.56,D,VIIRS
46.19171,32.28297,332.94,0.64,0.72,2026-08-15,09:26:00,N21,nominal,2.0NRT,301.11,12.56,D,VIIRS
46.18915,32.27558,343.8,0.64,0.72,2026-08-15,09:26:00,N21,nominal,2.0NRT,301.42,13.51,D,VIIRS
46.18658,32.26818,340.37,0.64,0.72,2026-08-15,09:26:00,N21,nominal,2.0NRT,296.45,13.51,D,VIIRS
47.69059,36.99561,367,0.36,0.57,2026-08-15,09:26:00,N21,high,2.0NRT,300.92,5.82,D,VIIRS
47.68045,36.96035,367,0.36,0.57,2026-08-15,09:26:00,N21,high,2.0NRT,304.5,25.09,D,VIIRS
47.67532,36.94253,367,0.36,0.57,2026-08-15,09:26:00,N21,high,2.0NRT,308.75,13.18,D,VIIRS
46.19771,32.27883,367,0.64,0.72,2026-08-15,09:26:00,N21,high,2.0NRT,300.2,13.32,D,VIIRS
46.19513,32.27138,367,0.64,0.72,2026-08-15,09:26:00,N21,high,2.0NRT,299.45,26.55,D,VIIRS
47.69185,36.99999,334.99,0.36,0.57,2026-08-15,09:26:00,N21,nominal,2.0NRT,301.67,5.82,D,VIIRS
47.67916,36.95589,347.78,0.36,0.57,2026-08-15,09:26:00,N21,nominal,2.0NRT,309.97,14.88,D,VIIRS
46.20028,32.28623,330.99,0.64,0.72,2026-08-15,09:26:00,N21,nominal,2.0NRT,298.63,13.32,D,VIIRS
47.73032,37.11436,367,0.35,0.57,2026-08-15,09:26:00,N21,high,2.0NRT,308.66,22.45,D,VIIRS
47.69795,37.00132,367,0.36,0.57,2026-08-15,09:26:00,N21,high,2.0NRT,303.68,7.97,D,VIIRS
46.42602,32.92472,367,0.59,0.7,2026-08-15,09:26:00,N21,high,2.0NRT,300.87,25.53,D,VIIRS
47.72907,37.10999,349.61,0.35,0.57,2026-08-15,09:26:00,N21,nominal,2.0NRT,303.43,18.99,D,VIIRS
47.69921,37.00569,340.94,0.36,0.57,2026-08-15,09:26:00,N21,nominal,2.0NRT,302.15,7.97,D,VIIRS
47.69669,36.99694,341.67,0.36,0.57,2026-08-15,09:26:00,N21,nominal,2.0NRT,299.16,5.82,D,VIIRS
47.68403,36.95287,330.6,0.36,0.57,2026-08-15,09:26:00,N21,nominal,2.0NRT,304.92,14.88,D,VIIRS
46.42368,32.9178,353.39,0.59,0.7,2026-08-15,09:26:00,N21,nominal,2.0NRT,299.38,25.53,D,VIIRS
47.76693,37.22303,335.95,0.35,0.56,2026-08-15,09:26:00,N21,low,2.0NRT,306.93,5.93,D,VIIRS
47.26295,35.51057,347.46,0.43,0.62,2026-08-15,09:26:00,N21,nominal,2.0NRT,304.98,8.25,D,VIIRS
46.41661,32.85433,367,0.59,0.7,2026-08-15,09:26:00,N21,high,2.0NRT,298.07,32.76,D,VIIRS
47.773,37.22451,346.28,0.35,0.56,2026-08-15,09:26:00,N21,nominal,2.0NRT,303.78,5.93,D,VIIRS
46.41428,32.84743,348.63,0.59,0.7,2026-08-15,09:26:00,N21,nominal,2.0NRT,299.78,38.82,D,VIIRS
46.42947,32.87112,332.13,0.59,0.7,2026-08-15,09:26:00,N21,nominal,2.0NRT,299.69,11.14,D,VIIRS
47.62095,36.65427,367,0.37,0.58,2026-08-15,09:26:00,N21,high,2.0NRT,303.34,11.2,D,VIIRS
46.43297,32.86016,367,0.59,0.7,2026-08-15,09:26:00,N21,high,2.0NRT,299.15,11.14,D,VIIRS
46.42828,32.84626,367,0.59,0.7,2026-08-15,09:26:00,N21,high,2.0NRT,296.73,23.65,D,VIIRS
48.4447,39.68161,339.76,0.52,0.5,2026-08-15,09:26:00,N21,nominal,2.0NRT,302.78,9.88,D,VIIRS
46.4353,32.86707,347.9,0.59,0.7,2026-08-15,09:26:00,N21,nominal,2.0NRT,299.68,11.14,D,VIIRS
46.43412,32.84222,367,0.59,0.7,2026-08-15,09:26:00,N21,high,2.0NRT,300.57,19.41,D,VIIRS
47.62588,36.65115,344.1,0.37,0.58,2026-08-15,09:26:00,N21,nominal,2.0NRT,300.5,4.74,D,VIIRS
47.62456,36.6466,343.3,0.37,0.58,2026-08-15,09:26:00,N21,nominal,2.0NRT,300.65,4.74,D,VIIRS
48.44732,39.68545,331.76,0.52,0.5,2026-08-15,09:26:00,N21,nominal,2.0NRT,302.04,3.76,D,VIIRS
46.42187,32.92385,367,0.59,0.7,2026-08-15,09:26:00,N21,high,2.0NRT,302.65,23.08,D,VIIRS
46.19638,32.27631,367,0.64,0.72,2026-08-15,09:26:00,N21,high,2.0NRT,299.83,19.2,D,VIIRS
46.19378,32.26893,367,0.64,0.72,2026-08-15,09:26:00,N21,high,2.0NRT,298.9,19.2,D,VIIRS
46.19899,32.28373,343.46,0.64,0.72,2026-08-15,09:26:00,N21,nominal,2.0NRT,299.52,13.72,D,VIIRS
47.6207,36.6546,367,0.37,0.58,2026-08-15,09:26:00,N21,high,2.0NRT,303.35,11.77,D,VIIRS
46.42767,32.91978,367,0.59,0.7,2026-08-15,09:26:00,N21,high,2.0NRT,299.96,23.08,D,VIIRS
46.41216,32.85371,367,0.59,0.7,2026-08-15,09:26:00,N21,high,2.0NRT,304.28,53.85,D,VIIRS
47.62563,36.6515,342.31,0.37,0.58,2026-08-15,09:26:00,N21,nominal,2.0NRT,300.34,4.95,D,VIIRS
47.62429,36.64697,343.74,0.37,0.58,2026-08-15,09:26:00,N21,nominal,2.0NRT,300.66,4.95,D,VIIRS
46.43098,32.86646,342.96,0.59,0.7,2026-08-15,09:26:00,N21,nominal,2.0NRT,297.94,11.87,D,VIIRS
46.42861,32.85957,341.53,0.59,0.7,2026-08-15,09:26:00,N21,nominal,2.0NRT,296.71,18.69,D,VIIRS
46.43681,32.86243,353.95,0.59,0.7,2026-08-15,09:26:00,N21,nominal,2.0NRT,300.98,11.87,D,VIIRS
46.43208,32.84863,345.51,0.59,0.7,2026-08-15,09:26:00,N21,nominal,2.0NRT,296.51,18.69,D,VIIRS
46.42969,32.84169,354.66,0.59,0.7,2026-08-15,09:26:00,N21,nominal,2.0NRT,300.62,30.75,D,VIIRS
46.43791,32.84461,331.94,0.59,0.7,2026-08-15,09:26:00,N21,nominal,2.0NRT,298.47,3.94,D,VIIRS
47.54759,36.28945,335.04,0.39,0.59,2026-08-15,09:26:00,N21,nominal,2.0NRT,304.12,1.96,D,VIIRS
46.46716,32.86692,330.75,0.59,0.7,2026-08-15,09:26:00,N21,nominal,2.0NRT,299.09,5.64,D,VIIRS
47.70195,36.75287,367,0.36,0.58,2026-08-15,09:26:00,N21,high,2.0NRT,305.65,39.53,D,VIIRS
47.70818,36.75439,333.67,0.36,0.58,2026-08-15,09:26:00,N21,nominal,2.0NRT,301.21,40.47,D,VIIRS
47.70555,36.74536,340.94,0.36,0.58,2026-08-15,09:26:00,N21,nominal,2.0NRT,299.75,39.53,D,VIIRS
47.19205,35.04453,354.51,0.45,0.63,2026-08-15,09:26:00,N21,nominal,2.0NRT,305.42,12.63,D,VIIRS
47.70687,36.74987,367,0.36,0.58,2026-08-15,09:26:00,N21,low,2.0NRT,325.17,39.53,D,VIIRS
47.7131,36.7514,350.15,0.36,0.58,2026-08-15,09:26:00,N21,nominal,2.0NRT,304.6,13.71,D,VIIRS
47.7118,36.74688,354.73,0.36,0.58,2026-08-15,09:26:00,N21,nominal,2.0NRT,300.84,8.77,D,VIIRS
47.6687,36.5594,334.49,0.37,0.58,2026-08-15,09:26:00,N21,nominal,2.0NRT,299.74,3.07,D,VIIRS
46.90984,34.09493,350.6,0.5,0.66,2026-08-15,09:26:00,N21,nominal,2.0NRT,298.16,10.66,D,VIIRS
46.9079,34.08893,355.58,0.5,0.66,2026-08-15,09:26:00,N21,nominal,2.0NRT,298.16,10.66,D,VIIRS
47.53359,36.0821,339.08,0.39,0.6,2026-08-15,09:26:00,N21,nominal,2.0NRT,305.16,4.87,D,VIIRS
46.91537,34.09126,345.68,0.5,0.66,2026-08-15,09:26:00,N21,nominal,2.0NRT,303.03,10.66,D,VIIRS
46.91343,34.08525,346.62,0.5,0.66,2026-08-15,09:26:00,N21,nominal,2.0NRT,302.25,10.66,D,VIIRS
47.85965,37.18101,343.36,0.35,0.56,2026-08-15,09:26:00,N21,nominal,2.0NRT,302.4,8.69,D,VIIRS
47.86567,37.18231,367,0.35,0.56,2026-08-15,09:26:00,N21,high,2.0NRT,302.46,14.05,D,VIIRS
47.68753,36.56381,336.03,0.37,0.58,2026-08-15,09:26:00,N21,nominal,2.0NRT,299.1,3.83,D,VIIRS
47.65802,36.46285,345.29,0.38,0.58,2026-08-15,09:26:00,N21,nominal,2.0NRT,304.67,5.25,D,VIIRS
47.28588,35.18342,336.51,0.44,0.62,2026-08-15,09:26:00,N21,nominal,2.0NRT,302.63,4.32,D,VIIRS
46.64793,33.19204,354.63,0.56,0.69,2026-08-15,09:26:00,N21,nominal,2.0NRT,299.45,155.58,D,VIIRS
47.95132,37.42613,336.78,0.34,0.56,2026-08-15,09:26:00,N21,nominal,2.0NRT,300.31,12.27,D,VIIRS
47.95605,37.42313,367,0.34,0.56,2026-08-15,09:26:00,N21,high,2.0NRT,311.66,12.27,D,VIIRS
47.31305,35.2103,367,0.44,0.62,2026-08-15,09:26:00,N21,high,2.0NRT,300.65,10.25,D,VIIRS
46.35861,32.27304,367,0.63,0.72,2026-08-15,09:26:00,N21,high,2.0NRT,308.46,51.55,D,VIIRS
47.78751,36.80907,354.03,0.36,0.57,2026-08-15,09:26:00,N21,nominal,2.0NRT,321.48,37.89,D,VIIRS
47.40501,35.51219,332.46,0.42,0.61,2026-08-15,09:26:00,N21,low,2.0NRT,306.12,3.74,D,VIIRS
46.57067,32.89728,337.73,0.58,0.7,2026-08-15,09:26:00,N21,nominal,2.0NRT,297.04,8.61,D,VIIRS
46.35608,32.26568,330.47,0.63,0.72,2026-08-15,09:26:00,N21,nominal,2.0NRT,298.86,51.55,D,VIIRS
47.79237,36.80596,367,0.36,0.57,2026-08-15,09:26:00,N21,high,2.0NRT,303.14,37.89,D,VIIRS
47.96545,37.41701,340.48,0.34,0.56,2026-08-15,09:26:00,N21,nominal,2.0NRT,301.83,5.09,D,VIIRS
47.3199,35.21215,342.6,0.44,0.62,2026-08-15,09:26:00,N21,nominal,2.0NRT,299.63,10.25,D,VIIRS
47.31829,35.20688,337.74,0.44,0.62,2026-08-15,09:26:00,N21,nominal,2.0NRT,297.05,10.25,D,VIIRS
47.95516,37.4239,367,0.33,0.56,2026-08-15,09:26:00,N21,high,2.0NRT,309.29,21.97,D,VIIRS
47.95399,37.41982,338.53,0.34,0.56,2026-08-15,09:26:00,N21,nominal,2.0NRT,304.91,13.43,D,VIIRS
47.78844,36.80929,367,0.36,0.57,2026-08-15,09:26:00,N21,high,2.0NRT,318.16,32.32,D,VIIRS
46.64574,33.19121,367,0.56,0.69,2026-08-15,09:26:00,N21,high,2.0NRT,298.79,47.63,D,VIIRS
47.96457,37.41784,333.46,0.33,0.56,2026-08-15,09:26:00,N21,nominal,2.0NRT,301.42,5.14,D,VIIRS
47.96342,37.41378,331.94,0.34,0.56,2026-08-15,09:26:00,N21,low,2.0NRT,305.02,7.3,D,VIIRS
47.78713,36.80484,337,0.36,0.57,2026-08-15,09:26:00,N21,nominal,2.0NRT,303.4,37.25,D,VIIRS
47.7933,36.80621,367,0.36,0.57,2026-08-15,09:26:00,N21,high,2.0NRT,299.54,32.32,D,VIIRS
46.6515,33.18734,367,0.56,0.69,2026-08-15,09:26:00,N21,high,2.0NRT,300.54,47.63,D,VIIRS
47.40319,35.50949,335.34,0.42,0.61,2026-08-15,09:26:00,N21,low,2.0NRT,306.28,2.73,D,VIIRS
47.31135,35.21399,333.46,0.44,0.62,2026-08-15,09:26:00,N21,nominal,2.0NRT,299.71,4.59,D,VIIRS
47.3166,35.21059,367,0.44,0.62,2026-08-15,09:26:00,N21,high,2.0NRT,304.71,21.12,D,VIIRS
47.27686,35.06342,342.14,0.45,0.63,2026-08-15,09:26:00,N21,nominal,2.0NRT,302.28,4.06,D,VIIRS
47.858,36.96913,367,0.35,0.57,2026-08-15,09:26:00,N21,high,2.0NRT,310.28,15.73,D,VIIRS
46.57296,32.89363,340.83,0.58,0.7,2026-08-15,09:26:00,N21,nominal,2.0NRT,296.97,7.39,D,VIIRS
46.35807,32.27175,354.83,0.63,0.72,2026-08-15,09:26:00,N21,nominal,2.0NRT,309.02,104.1,D,VIIRS
47.86407,36.97037,367,0.35,0.57,2026-08-15,09:26:00,N21,high,2.0NRT,304.05,17.89,D,VIIRS
47.86282,36.96603,367,0.35,0.57,2026-08-15,09:26:00,N21,high,2.0NRT,301.05,15.73,D,VIIRS
46.98998,34.10376,341.85,0.5,0.66,2026-08-15,09:26:00,N21,nominal,2.0NRT,302.4,5.1,D,VIIRS
47.87249,36.96,353.42,0.35,0.57,2026-08-15,09:26:00,N21,nominal,2.0NRT,302.29,10.18,D,VIIRS
47.88242,36.97461,350.81,0.35,0.57,2026-08-15,09:26:00,N21,nominal,2.0NRT,302.54,6.52,D,VIIRS
47.88117,36.97027,350.99,0.35,0.57,2026-08-15,09:26:00,N21,nominal,2.0NRT,304.59,6.52,D,VIIRS
47.88222,36.95414,332.46,0.35,0.57,2026-08-15,09:26:00,N21,nominal,2.0NRT,300.83,2.92,D,VIIRS
47.86821,36.90564,350.88,0.35,0.57,2026-08-15,09:26:00,N21,nominal,2.0NRT,304.69,6.52,D,VIIRS
46.63192,32.96189,330.05,0.58,0.69,2026-08-15,09:26:00,N21,nominal,2.0NRT,298.26,5.67,D,VIIRS
46.61354,32.90766,345.36,0.58,0.7,2026-08-15,09:26:00,N21,nominal,2.0NRT,299.37,8.08,D,VIIRS
47.88958,36.95988,335.89,0.35,0.57,2026-08-15,09:26:00,N21,nominal,2.0NRT,302.14,1.23,D,VIIRS
47.87307,36.90265,347.63,0.35,0.57,2026-08-15,09:26:00,N21,nominal,2.0NRT,308.16,7.16,D,VIIRS
47.87667,36.89531,367,0.36,0.57,2026-08-15,09:26:00,N21,high,2.0NRT,306.3,9.62,D,VIIRS
48.07487,37.57264,333.42,0.33,0.55,2026-08-15,09:26:00,N21,nominal,2.0NRT,300.65,2.36,D,VIIRS
46.50628,32.50852,333.11,0.61,0.71,2026-08-15,09:26:00,N21,nominal,2.0NRT,298.72,6.71,D,VIIRS
47.12444,34.35631,339.84,0.48,0.65,2026-08-15,09:26:00,N21,nominal,2.0NRT,304.57,4.43,D,VIIRS
46.44633,32.2916,348.11,0.62,0.72,2026-08-15,09:26:00,N21,nominal,2.0NRT,302.58,12.1,D,VIIRS
48.25108,38.13212,367,0.61,0.54,2026-08-15,09:26:00,N21,high,2.0NRT,305.75,19.34,D,VIIRS
48.25571,38.12955,344.63,0.61,0.54,2026-08-15,09:26:00,N21,nominal,2.0NRT,301.52,19.34,D,VIIRS
47.31543,34.90117,338.75,0.45,0.63,2026-08-15,09:26:00,N21,nominal,2.0NRT,300.68,3.53,D,VIIRS
47.32772,34.89962,332.35,0.45,0.63,2026-08-15,09:26:00,N21,low,2.0NRT,303.2,6.37,D,VIIRS
47.50443,35.45549,347.63,0.42,0.61,2026-08-15,09:26:00,N21,nominal,2.0NRT,303.1,5.9,D,VIIRS
47.09533,34.11966,343.74,0.5,0.65,2026-08-15,09:26:00,N21,nominal,2.0NRT,302.69,7.4,D,VIIRS
47.78394,36.41908,334.77,0.37,0.58,2026-08-15,09:26:00,N21,nominal,2.0NRT,297.4,2.56,D,VIIRS
47.31685,34.8987,345.48,0.45,0.63,2026-08-15,09:26:00,N21,nominal,2.0NRT,302.4,5.85,D,VIIRS
46.44703,32.292,342.41,0.62,0.72,2026-08-15,09:26:00,N21,nominal,2.0NRT,301.68,12.24,D,VIIRS
47.8743,36.68511,330.55,0.36,0.58,2026-08-15,09:26:00,N21,nominal,2.0NRT,300.19,1.62,D,VIIRS
47.09314,34.12036,332.5,0.5,0.65,2026-08-15,09:26:00,N21,nominal,2.0NRT,300.81,4.97,D,VIIRS
47.69977,36.03852,367,0.39,0.59,2026-08-15,09:26:00,N21,high,2.0NRT,304.4,14.1,D,VIIRS
47.09864,34.11669,335.64,0.5,0.65,2026-08-15,09:26:00,N21,nominal,2.0NRT,303.28,3.78,D,VIIRS
48.24512,37.84611,330.85,0.63,0.54,2026-08-15,09:26:00,N21,nominal,2.0NRT,300.91,5.32,D,VIIRS
47.98996,36.94437,333.44,0.35,0.57,2026-08-15,09:26:00,N21,nominal,2.0NRT,298.62,2.88,D,VIIRS
47.88192,36.55276,354.9,0.37,0.58,2026-08-15,09:26:00,N21,nominal,2.0NRT,303.32,8.44,D,VIIRS
47.27567,34.54475,367,0.47,0.64,2026-08-15,09:26:00,N21,high,2.0NRT,306.85,23.62,D,VIIRS
48.15545,37.48608,351.22,0.33,0.55,2026-08-15,09:26:00,N21,nominal,2.0NRT,299.7,4.66,D,VIIRS
47.88681,36.54959,333.23,0.37,0.58,2026-08-15,09:26:00,N21,low,2.0NRT,303.97,3.1,D,VIIRS
47.58263,35.53131,334.26,0.42,0.61,2026-08-15,09:26:00,N21,nominal,2.0NRT,304.07,4.29,D,VIIRS
47.27569,34.50372,367,0.47,0.64,2026-08-15,09:26:00,N21,high,2.0NRT,307.26,20.37,D,VIIRS
47.55239,35.39186,335.92,0.42,0.61,2026-08-15,09:26:00,N21,nominal,2.0NRT,303.69,2.2,D,VIIRS
48.18681,37.53897,367,0.33,0.55,2026-08-15,09:26:00,N21,high,2.0NRT,306.9,7.9,D,VIIRS
48.18568,37.53492,334.92,0.33,0.55,2026-08-15,09:26:00,N21,nominal,2.0NRT,300.22,7.9,D,VIIRS
48.02145,36.93516,332.59,0.35,0.57,2026-08-15,09:26:00,N21,low,2.0NRT,304.38,4.54,D,VIIRS
47.7993,36.17217,333.56,0.38,0.59,2026-08-15,09:26:00,N21,nominal,2.0NRT,299.3,3.11,D,VIIRS
48.09829,37.10574,367,0.34,0.56,2026-08-15,09:26:00,N21,high,2.0NRT,316.44,34.28,D,VIIRS
48.10305,37.1027,367,0.34,0.56,2026-08-15,09:26:00,N21,high,2.0NRT,306.03,9.01,D,VIIRS
48.10665,37.11542,330.85,0.34,0.56,2026-08-15,09:26:00,N21,low,2.0NRT,304.25,3.64,D,VIIRS
48.10426,37.10696,336.04,0.34,0.56,2026-08-15,09:26:00,N21,nominal,2.0NRT,304.52,7.57,D,VIIRS
48.10901,37.10387,346.21,0.34,0.56,2026-08-15,09:26:00,N21,nominal,2.0NRT,304.28,7.57,D,VIIRS
48.10781,37.09964,339.64,0.34,0.56,2026-08-15,09:26:00,N21,nominal,2.0NRT,299.94,9.01,D,VIIRS
48.09642,37.10707,367,0.34,0.56,2026-08-15,09:26:00,N21,high,2.0NRT,305.97,24.15,D,VIIRS
48.10119,37.10406,367,0.34,0.56,2026-08-15,09:26:00,N21,high,2.0NRT,317.97,24.15,D,VIIRS
48.10485,37.11674,338,0.34,0.56,2026-08-15,09:26:00,N21,nominal,2.0NRT,304.63,6.38,D,VIIRS
48.107170000000004,37.10525,332.07,0.34,0.56,2026-08-15,09:26:00,N21,nominal,2.0NRT,303.66,4.19,D,VIIRS
48.10595,37.10103,339.95,0.34,0.56,2026-08-15,09:26:00,N21,nominal,2.0NRT,301.24,5.58,D,VIIRS
48.11192,37.10219,336.49,0.34,0.56,2026-08-15,09:26:00,N21,nominal,2.0NRT,301.36,4.19,D,VIIRS
48.05419,36.84377,331.51,0.35,0.57,2026-08-15,09:26:00,N21,nominal,2.0NRT,301.27,2.54,D,VIIRS
48.12246,37.06042,367,0.34,0.56,2026-08-15,09:26:00,N21,high,2.0NRT,303.33,9.14,D,VIIRS
47.69859,35.58904,353.09,0.41,0.61,2026-08-15,09:26:00,N21,nominal,2.0NRT,296.91,5.16,D,VIIRS
46.79295,32.69714,367,0.58,0.7,2026-08-15,09:26:00,N21,high,2.0NRT,304.05,21.35,D,VIIRS
48.23837,37.27096,367,0.33,0.56,2026-08-15,09:26:00,N21,high,2.0NRT,305.38,9.77,D,VIIRS
48.24195,37.26393,335.79,0.33,0.56,2026-08-15,09:26:00,N21,nominal,2.0NRT,298.67,2.61,D,VIIRS
48.20628,37.13755,338.6,0.34,0.56,2026-08-15,09:26:00,N21,nominal,2.0NRT,298.71,2.5,D,VIIRS
48.2467,37.26106,334.81,0.33,0.56,2026-08-15,09:26:00,N21,nominal,2.0NRT,300.97,2.61,D,VIIRS
47.32517,34.1666,336.03,0.49,0.65,2026-08-15,09:26:00,N21,nominal,2.0NRT,296.54,1.62,D,VIIRS
48.22308,37.13761,367,0.34,0.56,2026-08-15,09:26:00,N21,high,2.0NRT,302.63,11.51,D,VIIRS
46.82999,32.63704,342.33,0.59,0.7,2026-08-15,09:26:00,N21,nominal,2.0NRT,299.68,5.28,D,VIIRS
47.50179,34.66526,341.04,0.46,0.63,2026-08-15,09:26:00,N21,nominal,2.0NRT,301.32,11.93,D,VIIRS
48.22174,37.13794,367,0.34,0.56,2026-08-15,09:26:00,N21,high,2.0NRT,303.16,9.62,D,VIIRS
48.28021,37.28337,354.73,0.33,0.55,2026-08-15,09:26:00,N21,nominal,2.0NRT,300.23,6.11,D,VIIRS
47.35472,34.24138,353.07,0.48,0.65,2026-08-15,09:26:00,N21,nominal,2.0NRT,300.6,10.96,D,VIIRS
47.49845,34.66955,354.26,0.46,0.63,2026-08-15,09:26:00,N21,nominal,2.0NRT,304.92,11.24,D,VIIRS
46.8342,32.63903,336.42,0.58,0.7,2026-08-15,09:26:00,N21,nominal,2.0NRT,299.48,8.17,D,VIIRS
47.57955,34.88581,367,0.44,0.63,2026-08-15,09:26:00,N21,high,2.0NRT,304.76,27.72,D,VIIRS
47.38567,34.25566,367,0.48,0.65,2026-08-15,09:26:00,N21,high,2.0NRT,293.89,34.04,D,VIIRS
47.38383,34.2499,341.87,0.48,0.65,2026-08-15,09:26:00,N21,nominal,2.0NRT,295.49,31.84,D,VIIRS
48.42692,37.68671,340.63,0.63,0.54,2026-08-15,09:26:00,N21,nominal,2.0NRT,297.81,11.59,D,VIIRS
46.53954,31.71021,330.87,0.66,0.73,2026-08-15,09:26:00,N21,nominal,2.0NRT,295.01,5,D,VIIRS
47.88778,35.78722,350.09,0.4,0.6,2026-08-15,09:26:00,N21,nominal,2.0NRT,305.58,10.64,D,VIIRS
47.89133,35.77899,334.57,0.4,0.6,2026-08-15,09:26:00,N21,nominal,2.0NRT,303.04,6.8,D,VIIRS
47.53052,34.6081,347.83,0.46,0.63,2026-08-15,09:26:00,N21,nominal,2.0NRT,305.83,6.02,D,VIIRS
48.65536,38.44382,351.92,0.58,0.52,2026-08-15,09:26:00,N21,nominal,2.0NRT,301.08,17.54,D,VIIRS
47.26546,33.74024,367,0.51,0.66,2026-08-15,09:26:00,N21,high,2.0NRT,298.7,13.08,D,VIIRS
48.6598,38.44102,342.3,0.58,0.52,2026-08-15,09:26:00,N21,nominal,2.0NRT,303.46,16.55,D,VIIRS
48.41697,37.51422,331.66,0.32,0.55,2026-08-15,09:26:00,N21,nominal,2.0NRT,299.54,2.71,D,VIIRS
48.46721,37.57741,367,0.32,0.54,2026-08-15,09:26:00,N21,high,2.0NRT,303,9.25,D,VIIRS
47.66207,34.82462,332.24,0.44,0.63,2026-08-15,09:26:00,N21,low,2.0NRT,305.68,5.81,D,VIIRS
47.17785,33.30545,347.16,0.53,0.67,2026-08-15,09:26:00,N21,nominal,2.0NRT,306.11,68.32,D,VIIRS
48.66891,38.2806,341.87,0.59,0.53,2026-08-15,09:26:00,N21,nominal,2.0NRT,303.19,15.96,D,VIIRS
48.46785,37.57451,367,0.32,0.54,2026-08-15,09:26:00,N21,high,2.0NRT,305.63,7.94,D,VIIRS
48.6695,38.28166,352.77,0.59,0.53,2026-08-15,09:26:00,N21,nominal,2.0NRT,302.61,12.25,D,VIIRS
48.49215,37.60283,338.53,0.63,0.54,2026-08-15,09:26:00,N21,nominal,2.0NRT,297.84,5.75,D,VIIRS
47.66436,34.82274,332.11,0.44,0.63,2026-08-15,09:26:00,N21,low,2.0NRT,305.81,6.13,D,VIIRS
47.17865,33.30609,353.9,0.53,0.67,2026-08-15,09:26:00,N21,nominal,2.0NRT,308.12,55.99,D,VIIRS
48.67739,38.23373,331.1,0.59,0.53,2026-08-15,09:26:00,N21,low,2.0NRT,301.4,13.3,D,VIIRS
48.32499,36.95615,367,0.34,0.56,2026-08-15,09:26:00,N21,high,2.0NRT,304.1,9.61,D,VIIRS
48.68662,38.2291,338.31,0.59,0.53,2026-08-15,09:26:00,N21,nominal,2.0NRT,303.89,7.17,D,VIIRS
48.32978,36.95322,347.88,0.34,0.56,2026-08-15,09:26:00,N21,nominal,2.0NRT,304.12,4.86,D,VIIRS
48.32855,36.94893,333.08,0.34,0.56,2026-08-15,09:26:00,N21,nominal,2.0NRT,299.76,4.86,D,VIIRS
48.62705,37.99187,341.85,0.6,0.53,2026-08-15,09:26:00,N21,nominal,2.0NRT,299.37,7.36,D,VIIRS
48.30341,36.80259,333.38,0.35,0.57,2026-08-15,09:26:00,N21,nominal,2.0NRT,298.06,1.8,D,VIIRS
47.34887,33.67627,367,0.51,0.66,2026-08-15,09:26:00,N21,high,2.0NRT,302.91,20.44,D,VIIRS
48.85252,38.7319,332.15,0.55,0.51,2026-08-15,09:26:00,N21,nominal,2.0NRT,305.29,3.66,D,VIIRS
48.56491,37.66935,336.74,0.63,0.54,2026-08-15,09:26:00,N21,nominal,2.0NRT,306.41,5.51,D,VIIRS
48.35833,36.93488,332.68,0.34,0.56,2026-08-15,09:26:00,N21,low,2.0NRT,304.4,3.63,D,VIIRS
48.69062,38.05009,334.25,0.6,0.53,2026-08-15,09:26:00,N21,nominal,2.0NRT,301.22,7.09,D,VIIRS
48.65866,37.89347,339.22,0.61,0.53,2026-08-15,09:26:00,N21,nominal,2.0NRT,302.34,13.62,D,VIIRS
48.07742,35.79027,346.49,0.39,0.59,2026-08-15,09:26:00,N21,nominal,2.0NRT,300.36,5.9,D,VIIRS
48.66693,37.82589,337.37,0.61,0.54,2026-08-15,09:26:00,N21,nominal,2.0NRT,302.12,9.88,D,VIIRS
48.6616,37.89024,329.28,0.61,0.53,2026-08-15,09:26:00,N21,low,2.0NRT,300.99,8,D,VIIRS
47.59127,34.28464,333.98,0.47,0.64,2026-08-15,09:26:00,N21,nominal,2.0NRT,296.4,5.35,D,VIIRS
47.24694,33.23891,331.25,0.53,0.67,2026-08-15,09:26:00,N21,nominal,2.0NRT,301.08,5.34,D,VIIRS
48.49889,37.25463,333.65,0.33,0.55,2026-08-15,09:26:00,N21,nominal,2.0NRT,300.9,3.96,D,VIIRS
48.70126,37.93716,336.98,0.6,0.53,2026-08-15,09:26:00,N21,nominal,2.0NRT,300.61,6.61,D,VIIRS
48.66966,37.82303,333.06,0.61,0.54,2026-08-15,09:26:00,N21,nominal,2.0NRT,299.71,2.43,D,VIIRS
48.43085,36.97816,333.23,0.34,0.56,2026-08-15,09:26:00,N21,nominal,2.0NRT,299.86,2.67,D,VIIRS
48.08006,35.78916,353.07,0.39,0.59,2026-08-15,09:26:00,N21,nominal,2.0NRT,301.42,7.56,D,VIIRS
48.57722,37.41469,329.62,0.32,0.55,2026-08-15,09:26:00,N21,nominal,2.0NRT,302.14,3.38,D,VIIRS
48.48236,37.07978,338.23,0.33,0.56,2026-08-15,09:26:00,N21,nominal,2.0NRT,297.25,3.87,D,VIIRS
47.70602,34.41988,367,0.46,0.63,2026-08-15,09:26:00,N21,high,2.0NRT,300.05,10.95,D,VIIRS
47.70424,34.41428,331.58,0.46,0.64,2026-08-15,09:26:00,N21,nominal,2.0NRT,297.99,7.77,D,VIIRS
48.78688,38.01758,335.04,0.6,0.53,2026-08-15,09:26:00,N21,nominal,2.0NRT,305.25,4.28,D,VIIRS
48.62048,37.41301,341.46,0.32,0.55,2026-08-15,09:26:00,N21,nominal,2.0NRT,297.62,4.06,D,VIIRS
47.85788,34.72078,348.83,0.44,0.62,2026-08-15,09:26:00,N21,nominal,2.0NRT,299.9,8.42,D,VIIRS
48.72195,37.66254,330.34,0.62,0.54,2026-08-15,09:26:00,N21,low,2.0NRT,303.55,7.41,D,VIIRS
47.18228,32.58701,367,0.57,0.69,2026-08-15,09:26:00,N21,high,2.0NRT,295.38,14.18,D,VIIRS
47.18457,32.59381,347.46,0.57,0.69,2026-08-15,09:26:00,N21,nominal,2.0NRT,301.31,14.18,D,VIIRS
48.71951,37.66333,334.31,0.62,0.54,2026-08-15,09:26:00,N21,nominal,2.0NRT,303.95,4.7,D,VIIRS
48.53567,36.95782,367,0.34,0.56,2026-08-15,09:26:00,N21,high,2.0NRT,303.45,23.85,D,VIIRS
48.53447,36.95365,342.84,0.34,0.56,2026-08-15,09:26:00,N21,nominal,2.0NRT,299.02,20.71,D,VIIRS
48.54039,36.95474,343.83,0.34,0.56,2026-08-15,09:26:00,N21,nominal,2.0NRT,300.41,5.3,D,VIIRS
47.18724,32.58892,367,0.57,0.69,2026-08-15,09:26:00,N21,high,2.0NRT,303.41,27.88,D,VIIRS
48.82829,37.92041,349.52,0.6,0.53,2026-08-15,09:26:00,N21,nominal,2.0NRT,302.94,21.12,D,VIIRS
48.56531,36.9831,349.09,0.34,0.56,2026-08-15,09:26:00,N21,nominal,2.0NRT,301.95,6.7,D,VIIRS
48.20863,35.76837,331.52,0.39,0.59,2026-08-15,09:26:00,N21,nominal,2.0NRT,296.54,4.9,D,VIIRS
47.18494,32.58219,332.53,0.57,0.69,2026-08-15,09:26:00,N21,nominal,2.0NRT,297.85,17.57,D,VIIRS
48.44432,36.42607,367,0.36,0.57,2026-08-15,09:26:00,N21,high,2.0NRT,303.14,16.01,D,VIIRS
48.44561,36.43052,333.21,0.36,0.57,2026-08-15,09:26:00,N21,nominal,2.0NRT,298.71,10.5,D,VIIRS
48.58878,36.90854,335.63,0.34,0.56,2026-08-15,09:26:00,N21,nominal,2.0NRT,305.47,7.37,D,VIIRS
47.89266,34.51744,367,0.45,0.63,2026-08-15,09:26:00,N21,high,2.0NRT,302.73,30.47,D,VIIRS
48.54718,36.7036,344.49,0.34,0.56,2026-08-15,09:26:00,N21,nominal,2.0NRT,301.58,4.67,D,VIIRS
47.89096,34.51199,343.02,0.45,0.63,2026-08-15,09:26:00,N21,nominal,2.0NRT,294.66,30.47,D,VIIRS
48.97561,38.21182,342.44,0.58,0.52,2026-08-15,09:26:00,N21,nominal,2.0NRT,308.73,7.23,D,VIIRS
48.9209,37.94991,344.19,0.59,0.53,2026-08-15,09:26:00,N21,nominal,2.0NRT,300.03,14.62,D,VIIRS
49.12656,38.686,329.37,0.55,0.51,2026-08-15,09:26:00,N21,nominal,2.0NRT,299.82,5.5,D,VIIRS
48.97684,38.21171,341.13,0.58,0.52,2026-08-15,09:26:00,N21,nominal,2.0NRT,307.92,7.27,D,VIIRS
47.89442,34.51489,367,0.45,0.63,2026-08-15,09:26:00,N21,high,2.0NRT,299.23,29.21,D,VIIRS
48.92091,37.95082,340.53,0.59,0.53,2026-08-15,09:26:00,N21,nominal,2.0NRT,300.04,12.11,D,VIIRS
49.12574,38.6867,330.15,0.55,0.51,2026-08-15,09:26:00,N21,nominal,2.0NRT,300.13,2.8,D,VIIRS
48.9991,38.12116,337.15,0.58,0.52,2026-08-15,09:26:00,N21,nominal,2.0NRT,303.24,5.15,D,VIIRS
48.98698,38.07668,355.32,0.58,0.52,2026-08-15,09:26:00,N21,nominal,2.0NRT,316.23,42.1,D,VIIRS
48.92422,37.78967,335.86,0.6,0.53,2026-08-15,09:26:00,N21,nominal,2.0NRT,299.25,5.13,D,VIIRS
49.01305,38.09555,346.37,0.58,0.52,2026-08-15,09:26:00,N21,nominal,2.0NRT,303.5,11.83,D,VIIRS
48.90556,37.70253,339.22,0.61,0.53,2026-08-15,09:26:00,N21,nominal,2.0NRT,301.59,13.28,D,VIIRS
48.94698,37.77571,328.91,0.6,0.53,2026-08-15,09:26:00,N21,nominal,2.0NRT,302.93,4.19,D,VIIRS
49.05244,38.10612,332.82,0.58,0.52,2026-08-15,09:26:00,N21,nominal,2.0NRT,298.41,10.86,D,VIIRS
48.55436,36.24196,338.78,0.36,0.57,2026-08-15,09:26:00,N21,nominal,2.0NRT,296.15,3.58,D,VIIRS
49.07211,38.04165,340.86,0.58,0.52,2026-08-15,09:26:00,N21,nominal,2.0NRT,299.26,4.63,D,VIIRS
48.99175,37.71135,335.71,0.61,0.53,2026-08-15,09:26:00,N21,nominal,2.0NRT,298.92,4.57,D,VIIRS
46.6728,30.36324,367,0.74,0.76,2026-08-15,09:26:00,N21,high,2.0NRT,298.19,18.79,D,VIIRS
49.14393,38.07532,338.85,0.58,0.52,2026-08-15,09:26:00,N21,nominal,2.0NRT,300.46,19.6,D,VIIRS
48.79948,36.83202,343.07,0.33,0.56,2026-08-15,09:26:00,N21,nominal,2.0NRT,303.85,4.11,D,VIIRS
49.14838,38.07252,336.98,0.58,0.52,2026-08-15,09:26:00,N21,nominal,2.0NRT,299.53,8.47,D,VIIRS
49.22878,37.96099,328.46,0.58,0.52,2026-08-15,09:26:00,N21,low,2.0NRT,301.98,7.61,D,VIIRS
49.1281,37.57236,338.55,0.61,0.53,2026-08-15,09:26:00,N21,nominal,2.0NRT,297.52,22.44,D,VIIRS
49.13264,37.56945,339.54,0.61,0.53,2026-08-15,09:26:00,N21,nominal,2.0NRT,300.98,22.44,D,VIIRS
46.8717,30.40554,352.11,0.72,0.76,2026-08-15,09:26:00,N21,nominal,2.0NRT,298.43,33.4,D,VIIRS
48.95784,36.86264,339.83,0.33,0.55,2026-08-15,09:26:00,N21,nominal,2.0NRT,298.2,2.02,D,VIIRS
47.71225,32.79879,351.88,0.54,0.68,2026-08-15,09:26:00,N21,nominal,2.0NRT,299.58,10.84,D,VIIRS
47.71014,32.79245,330.63,0.54,0.68,2026-08-15,09:26:00,N21,nominal,2.0NRT,299.73,10.84,D,VIIRS
46.87797,30.40108,335.25,0.72,0.76,2026-08-15,09:26:00,N21,nominal,2.0NRT,295.75,33.4,D,VIIRS
47.71273,32.79965,333.35,0.54,0.68,2026-08-15,09:26:00,N21,nominal,2.0NRT,297.99,8.98,D,VIIRS
47.71058,32.79328,347.05,0.54,0.68,2026-08-15,09:26:00,N21,nominal,2.0NRT,300.51,10.97,D,VIIRS
46.87379,30.40831,367,0.72,0.76,2026-08-15,09:26:00,N21,high,2.0NRT,301.89,64.3,D,VIIRS
49.20969,37.60286,331.52,0.6,0.53,2026-08-15,09:26:00,N21,nominal,2.0NRT,296.86,6.25,D,VIIRS
49.33229,37.81963,332.24,0.59,0.53,2026-08-15,09:26:00,N21,nominal,2.0NRT,301.38,4.18,D,VIIRS
47.07531,30.30709,339.28,0.72,0.76,2026-08-15,09:26:00,N21,nominal,2.0NRT,299.85,6.89,D,VIIRS
47.07597,30.30509,335.58,0.72,0.75,2026-08-15,09:26:00,N21,nominal,2.0NRT,299.18,11.1,D,VIIRS
49.46167,37.19717,337.61,0.62,0.54,2026-08-15,09:26:00,N21,nominal,2.0NRT,297.86,9.14,D,VIIRS
49.61632,37.68225,330.73,0.58,0.52,2026-08-15,09:26:00,N21,nominal,2.0NRT,299.82,4.94,D,VIIRS
49.55286,37.43042,338.29,0.6,0.53,2026-08-15,09:26:00,N21,nominal,2.0NRT,297.82,7.1,D,VIIRS
47.39885,30.54984,344.31,0.68,0.74,2026-08-15,09:26:00,N21,nominal,2.0NRT,292.9,12.36,D,VIIRS
49.73149,37.6607,339.79,0.58,0.52,2026-08-15,09:26:00,N21,nominal,2.0NRT,301.24,13.01,D,VIIRS
49.73594,37.65783,340.51,0.58,0.52,2026-08-15,09:26:00,N21,nominal,2.0NRT,305.48,13.01,D,VIIRS
49.80837,37.81126,339.18,0.57,0.52,2026-08-15,09:26:00,N21,nominal,2.0NRT,298.26,7.6,D,VIIRS
49.82835,37.86681,333.08,0.56,0.52,2026-08-15,09:26:00,N21,nominal,2.0NRT,301.01,7.26,D,VIIRS
49.8054,37.81147,337.9,0.57,0.52,2026-08-15,09:26:00,N21,nominal,2.0NRT,297.02,6.24,D,VIIRS
49.75731,37.61718,330.11,0.58,0.52,2026-08-15,09:26:00,N21,nominal,2.0NRT,299.45,5.37,D,VIIRS
49.83007,37.86398,329.25,0.56,0.52,2026-08-15,09:26:00,N21,nominal,2.0NRT,296.39,3.43,D,VIIRS
49.7925,37.7073,329.73,0.57,0.52,2026-08-15,09:26:00,N21,nominal,2.0NRT,298.96,3.75,D,VIIRS
49.91609,37.80032,328.62,0.56,0.52,2026-08-15,09:26:00,N21,nominal,2.0NRT,294.57,7.33,D,VIIRS
49.87999,37.67914,328.92,0.57,0.52,2026-08-15,09:26:00,N21,nominal,2.0NRT,300.04,6.6,D,VIIRS
47.52799,30.28884,330.83,0.69,0.74,2026-08-15,09:26:00,N21,nominal,2.0NRT,295.71,6.8,D,VIIRS
50.1202,37.28738,325.93,0.58,0.52,2026-08-15,09:26:00,N21,low,2.0NRT,300.01,4.88,D,VIIRS
50.12465,37.28441,338.5,0.58,0.52,2026-08-15,09:26:00,N21,nominal,2.0NRT,298.89,7.14,D,VIIRS
50.12262,37.27695,343.67,0.58,0.52,2026-08-15,09:26:00,N21,nominal,2.0NRT,300.56,12.89,D,VIIRS
50.12101,37.28773,325.63,0.58,0.52,2026-08-15,09:26:00,N21,nominal,2.0NRT,299.45,4.83,D,VIIRS
50.11893,37.28025,331.63,0.58,0.52,2026-08-15,09:26:00,N21,nominal,2.0NRT,301.25,4.83,D,VIIRS
50.12545,37.28477,325.8,0.58,0.52,2026-08-15,09:26:00,N21,nominal,2.0NRT,296.8,6.99,D,VIIRS
50.12339,37.27733,343.86,0.58,0.52,2026-08-15,09:26:00,N21,nominal,2.0NRT,299.88,6.99,D,VIIRS
50.09068,36.83388,341.53,0.61,0.53,2026-08-15,09:26:00,N21,nominal,2.0NRT,306.76,34.88,D,VIIRS
50.16773,36.86583,334.46,0.6,0.53,2026-08-15,09:26:00,N21,nominal,2.0NRT,301.96,8.32,D,VIIRS
50.24728,36.96036,339.41,0.6,0.53,2026-08-15,09:26:00,N21,nominal,2.0NRT,300.67,8.83,D,VIIRS
50.31308,37.00704,336.37,0.59,0.53,2026-08-15,09:26:00,N21,nominal,2.0NRT,295.88,6.84,D,VIIRS
48.7428,31.93177,337.89,0.54,0.68,2026-08-15,09:26:00,N21,nominal,2.0NRT,297.14,8.2,D,VIIRS
48.64345,28.33686,328.85,0.76,0.77,2026-08-15,09:26:00,N21,nominal,2.0NRT,290.23,8.4,D,VIIRS
49.83028,27.6658,348.94,0.72,0.76,2026-08-15,09:26:00,N21,nominal,2.0NRT,291.17,24.38,D,VIIRS
49.83094,27.66348,367,0.72,0.76,2026-08-15,09:26:00,N21,high,2.0NRT,292.5,17.08,D,VIIRS
52.03707,32.72093,333.06,0.38,0.59,2026-08-15,09:26:00,N21,nominal,2.0NRT,290.57,5.26,D,VIIRS
52.09289,31.84291,334.66,0.41,0.61,2026-08-15,09:26:00,N21,nominal,2.0NRT,293.07,4.98,D,VIIRS
46.33456,33.48285,337.57,0.41,0.45,2026-08-15,11:04:00,N21,low,2.0NRT,310.63,3.98,D,VIIRS
46.37756,34.16111,339.05,0.44,0.46,2026-08-15,11:04:00,N21,nominal,2.0NRT,310.73,1.96,D,VIIRS
46.18856,32.26701,337.19,0.54,0.42,2026-08-15,11:04:00,N21,low,2.0NRT,309.03,12.94,D,VIIRS
46.19055,32.28802,343.03,0.54,0.42,2026-08-15,11:04:00,N21,nominal,2.0NRT,309.72,10.24,D,VIIRS
46.39359,34.71818,367,0.47,0.47,2026-08-15,11:04:00,N21,high,2.0NRT,321.31,40.42,D,VIIRS
46.18469,32.2678,332.21,0.54,0.42,2026-08-15,11:04:00,N21,low,2.0NRT,306.05,2.9,D,VIIRS
46.18602,32.28181,337.76,0.54,0.42,2026-08-15,11:04:00,N21,low,2.0NRT,310.25,7.36,D,VIIRS
46.18668,32.28881,338.17,0.54,0.42,2026-08-15,11:04:00,N21,nominal,2.0NRT,304.97,6.1,D,VIIRS
46.18215,32.2826,339.4,0.54,0.42,2026-08-15,11:04:00,N21,nominal,2.0NRT,309.2,7.36,D,VIIRS
46.19796,32.29309,332.32,0.54,0.42,2026-08-15,11:04:00,N21,low,2.0NRT,305.3,2.05,D,VIIRS
46.19339,32.28687,339.17,0.54,0.42,2026-08-15,11:04:00,N21,low,2.0NRT,312.06,11.55,D,VIIRS
46.18743,32.26667,334.21,0.54,0.42,2026-08-15,11:04:00,N21,low,2.0NRT,308.6,13.77,D,VIIRS
46.18813,32.27366,338.44,0.54,0.42,2026-08-15,11:04:00,N21,low,2.0NRT,312.51,13.77,D,VIIRS
46.18953,32.28766,343.54,0.54,0.42,2026-08-15,11:04:00,N21,nominal,2.0NRT,308.71,6.36,D,VIIRS
46.18496,32.28145,337.69,0.54,0.42,2026-08-15,11:04:00,N21,low,2.0NRT,310.3,6.36,D,VIIRS
46.18566,32.28844,337.26,0.54,0.42,2026-08-15,11:04:00,N21,nominal,2.0NRT,304.45,6.36,D,VIIRS
46.46155,35.52155,337.56,0.51,0.49,2026-08-15,11:04:00,N21,nominal,2.0NRT,299.69,11.06,D,VIIRS
46.1811,32.28224,342.25,0.54,0.42,2026-08-15,11:04:00,N21,nominal,2.0NRT,310.43,12.66,D,VIIRS
46.39225,34.71239,307.83,0.47,0.47,2026-08-15,11:04:00,N21,low,2.0NRT,310.72,38.12,D,VIIRS
46.17654,32.27602,344.71,0.54,0.42,2026-08-15,11:04:00,N21,nominal,2.0NRT,310.71,13.87,D,VIIRS
46.17723,32.28302,345.46,0.54,0.42,2026-08-15,11:04:00,N21,nominal,2.0NRT,310.39,12.66,D,VIIRS
46.39272,34.71844,349.94,0.47,0.47,2026-08-15,11:04:00,N21,nominal,2.0NRT,324.88,38.12,D,VIIRS
46.17267,32.27681,342.58,0.54,0.42,2026-08-15,11:04:00,N21,nominal,2.0NRT,310.66,39.97,D,VIIRS
46.21175,32.72058,337.39,0.57,0.43,2026-08-15,11:04:00,N21,low,2.0NRT,309.36,5.56,D,VIIRS
46.38463,34.84311,340.63,0.47,0.48,2026-08-15,11:04:00,N21,nominal,2.0NRT,308.69,12.21,D,VIIRS
46.38509,34.84924,341.79,0.47,0.48,2026-08-15,11:04:00,N21,nominal,2.0NRT,312.73,16.3,D,VIIRS
45.91669,30.12015,334.78,0.45,0.39,2026-08-15,11:04:00,N21,low,2.0NRT,306.27,9.24,D,VIIRS
46.26113,33.78079,335.95,0.42,0.45,2026-08-15,11:04:00,N21,low,2.0NRT,308.58,4.23,D,VIIRS
46.31162,34.40664,344.86,0.45,0.47,2026-08-15,11:04:00,N21,nominal,2.0NRT,310.62,7.63,D,VIIRS
46.31208,34.41247,343.41,0.45,0.47,2026-08-15,11:04:00,N21,nominal,2.0NRT,310.62,5.75,D,VIIRS
46.26694,33.90205,342.61,0.43,0.46,2026-08-15,11:04:00,N21,low,2.0NRT,312.79,9.65,D,VIIRS
46.30734,34.40734,347.7,0.45,0.47,2026-08-15,11:04:00,N21,nominal,2.0NRT,312.6,7.63,D,VIIRS
46.30779,34.41317,338.84,0.45,0.47,2026-08-15,11:04:00,N21,nominal,2.0NRT,313.78,5.75,D,VIIRS
46.26277,33.90278,344.63,0.43,0.46,2026-08-15,11:04:00,N21,nominal,2.0NRT,312.08,4.57,D,VIIRS
46.30351,34.41387,337.87,0.45,0.47,2026-08-15,11:04:00,N21,low,2.0NRT,310.91,5.61,D,VIIRS
46.2586,33.90352,341.21,0.43,0.46,2026-08-15,11:04:00,N21,nominal,2.0NRT,308.17,4.57,D,VIIRS
45.68057,28.53327,349.71,0.41,0.37,2026-08-15,11:04:00,N21,nominal,2.0NRT,315.6,20.64,D,VIIRS
45.79977,29.62107,335.95,0.43,0.38,2026-08-15,11:04:00,N21,low,2.0NRT,308.05,4.14,D,VIIRS
46.20241,34.37362,336.71,0.45,0.47,2026-08-15,11:04:00,N21,low,2.0NRT,310.49,2.13,D,VIIRS
45.69798,29.58634,336.38,0.43,0.38,2026-08-15,11:04:00,N21,low,2.0NRT,308.84,5.6,D,VIIRS
45.74022,30.00063,333.42,0.44,0.39,2026-08-15,11:04:00,N21,nominal,2.0NRT,300.1,13.26,D,VIIRS
45.49597,28.31272,346.49,0.4,0.37,2026-08-15,11:04:00,N21,nominal,2.0NRT,309.36,7.21,D,VIIRS
45.49263,28.31365,335.86,0.4,0.37,2026-08-15,11:04:00,N21,low,2.0NRT,309.18,3.4,D,VIIRS
45.51611,28.56683,336.09,0.41,0.37,2026-08-15,11:04:00,N21,low,2.0NRT,309.55,7.32,D,VIIRS
46.09357,34.57092,339.16,0.46,0.47,2026-08-15,11:04:00,N21,nominal,2.0NRT,307.66,6.16,D,VIIRS
45.45816,28.87323,339.88,0.41,0.37,2026-08-15,11:04:00,N21,nominal,2.0NRT,310.14,9.8,D,VIIRS
45.4541,28.86893,334.65,0.41,0.37,2026-08-15,11:04:00,N21,nominal,2.0NRT,309.14,12.62,D,VIIRS
45.45478,28.87413,367,0.41,0.37,2026-08-15,11:04:00,N21,high,2.0NRT,315.39,9.8,D,VIIRS
45.4514,28.87503,339.3,0.41,0.37,2026-08-15,11:04:00,N21,nominal,2.0NRT,313.27,5.61,D,VIIRS
45.97781,33.87429,343.84,0.42,0.45,2026-08-15,11:04:00,N21,nominal,2.0NRT,312.29,3.61,D,VIIRS
46.01544,34.83072,342.26,0.47,0.48,2026-08-15,11:04:00,N21,nominal,2.0NRT,310.04,5.93,D,VIIRS
47.00403,36.33644,343.03,0.56,0.52,2026-08-15,11:04:00,N21,nominal,2.0NRT,310.64,12.97,D,VIIRS
46.89035,34.65832,339.41,0.47,0.48,2026-08-15,11:04:00,N21,low,2.0NRT,310.45,2.96,D,VIIRS
47.03006,36.37086,344.42,0.57,0.52,2026-08-15,11:04:00,N21,nominal,2.0NRT,308.07,7.37,D,VIIRS
47.03527,36.37788,334.23,0.57,0.52,2026-08-15,11:04:00,N21,low,2.0NRT,308.91,7.37,D,VIIRS
47.03956,36.3697,338.46,0.57,0.52,2026-08-15,11:04:00,N21,nominal,2.0NRT,305.86,8.1,D,VIIRS
47.03057,36.37074,344.3,0.57,0.52,2026-08-15,11:04:00,N21,nominal,2.0NRT,308.36,8.4,D,VIIRS
47.03576,36.37776,334.51,0.57,0.52,2026-08-15,11:04:00,N21,low,2.0NRT,309.14,8.26,D,VIIRS
47.04008,36.36954,336.77,0.57,0.52,2026-08-15,11:04:00,N21,nominal,2.0NRT,304.26,4.66,D,VIIRS
46.90999,34.09123,340.84,0.44,0.46,2026-08-15,11:04:00,N21,low,2.0NRT,311.63,4.54,D,VIIRS
46.79342,32.70454,340.34,0.38,0.43,2026-08-15,11:04:00,N21,nominal,2.0NRT,308.4,2.95,D,VIIRS
46.92273,34.08902,343.95,0.44,0.46,2026-08-15,11:04:00,N21,nominal,2.0NRT,308.07,3.18,D,VIIRS
46.92227,34.08323,342.55,0.44,0.46,2026-08-15,11:04:00,N21,nominal,2.0NRT,309.52,4.7,D,VIIRS
46.57148,32.89127,367,0.39,0.44,2026-08-15,11:04:00,N21,high,2.0NRT,313.81,22.95,D,VIIRS
46.57193,32.89632,341.74,0.39,0.44,2026-08-15,11:04:00,N21,nominal,2.0NRT,306.85,4.14,D,VIIRS
46.56035,32.76604,349.8,0.38,0.43,2026-08-15,11:04:00,N21,nominal,2.0NRT,313.14,11.9,D,VIIRS
46.5598,32.75981,342.13,0.57,0.43,2026-08-15,11:04:00,N21,nominal,2.0NRT,311.57,6.43,D,VIIRS
46.76721,35.37578,338.58,0.5,0.49,2026-08-15,11:04:00,N21,low,2.0NRT,312.88,7.91,D,VIIRS
46.48345,31.66645,335.71,0.52,0.41,2026-08-15,11:04:00,N21,low,2.0NRT,307.77,7.03,D,VIIRS
46.6097,32.90956,340.44,0.39,0.44,2026-08-15,11:04:00,N21,nominal,2.0NRT,306.16,4.25,D,VIIRS
46.6137,32.90881,341.12,0.39,0.44,2026-08-15,11:04:00,N21,nominal,2.0NRT,310.36,4.25,D,VIIRS
46.6177,32.90804,338.13,0.39,0.44,2026-08-15,11:04:00,N21,low,2.0NRT,309.46,1.87,D,VIIRS
46.6464,33.18459,351.08,0.4,0.44,2026-08-15,11:04:00,N21,nominal,2.0NRT,310.55,16.25,D,VIIRS
46.86151,35.97665,338.07,0.54,0.51,2026-08-15,11:04:00,N21,low,2.0NRT,308.57,6.7,D,VIIRS
46.65091,33.18907,340.34,0.4,0.44,2026-08-15,11:04:00,N21,low,2.0NRT,311.69,20.05,D,VIIRS
46.63074,32.96235,337.75,0.39,0.44,2026-08-15,11:04:00,N21,low,2.0NRT,309.53,3.22,D,VIIRS
46.86616,35.97593,346.59,0.54,0.51,2026-08-15,11:04:00,N21,nominal,2.0NRT,311.22,6.7,D,VIIRS
46.86571,35.96886,338.43,0.54,0.51,2026-08-15,11:04:00,N21,low,2.0NRT,310.87,12.95,D,VIIRS
46.87081,35.97525,336.16,0.54,0.51,2026-08-15,11:04:00,N21,low,2.0NRT,311.13,5.28,D,VIIRS
46.52942,31.58827,342.85,0.51,0.41,2026-08-15,11:04:00,N21,nominal,2.0NRT,308.3,5.1,D,VIIRS
46.92554,36.31829,339.95,0.56,0.52,2026-08-15,11:04:00,N21,nominal,2.0NRT,309.14,11.58,D,VIIRS
46.53319,31.58746,338.88,0.51,0.41,2026-08-15,11:04:00,N21,nominal,2.0NRT,308.5,5.1,D,VIIRS
46.9222,36.32599,337.7,0.56,0.52,2026-08-15,11:04:00,N21,low,2.0NRT,309.03,6.2,D,VIIRS
46.92178,36.31856,335.12,0.56,0.52,2026-08-15,11:04:00,N21,low,2.0NRT,309.43,8.7,D,VIIRS
46.71014,33.06465,367,0.4,0.44,2026-08-15,11:04:00,N21,high,2.0NRT,308.13,12.32,D,VIIRS
46.71149,33.08014,349.81,0.4,0.44,2026-08-15,11:04:00,N21,nominal,2.0NRT,308.41,8.76,D,VIIRS
46.89316,35.06483,335.13,0.49,0.49,2026-08-15,11:04:00,N21,low,2.0NRT,306.76,2.87,D,VIIRS
46.95026,35.84974,344.7,0.53,0.5,2026-08-15,11:04:00,N21,nominal,2.0NRT,310.52,18.52,D,VIIRS
46.90033,35.10285,350.12,0.49,0.49,2026-08-15,11:04:00,N21,nominal,2.0NRT,307.36,15.58,D,VIIRS
46.98862,36.39915,332.25,0.57,0.52,2026-08-15,11:04:00,N21,low,2.0NRT,306.06,3.25,D,VIIRS
46.56155,32.75811,338.29,0.57,0.43,2026-08-15,11:04:00,N21,low,2.0NRT,311.5,6.99,D,VIIRS
46.55829,32.76633,339.48,0.57,0.43,2026-08-15,11:04:00,N21,low,2.0NRT,312.41,12.52,D,VIIRS
46.56967,32.88758,335.87,0.39,0.44,2026-08-15,11:04:00,N21,nominal,2.0NRT,308.44,8.55,D,VIIRS
46.57014,32.89262,344.7,0.39,0.44,2026-08-15,11:04:00,N21,nominal,2.0NRT,307.1,7.22,D,VIIRS
46.57061,32.89766,340.62,0.39,0.44,2026-08-15,11:04:00,N21,nominal,2.0NRT,306.37,7.22,D,VIIRS
46.77959,35.98696,347.85,0.54,0.51,2026-08-15,11:04:00,N21,nominal,2.0NRT,309.04,8.59,D,VIIRS
46.77721,36.02306,336.05,0.54,0.51,2026-08-15,11:04:00,N21,low,2.0NRT,309.87,4.44,D,VIIRS
46.69422,34.88549,336.89,0.48,0.48,2026-08-15,11:04:00,N21,low,2.0NRT,308.27,2.77,D,VIIRS
46.80363,36.52821,347.71,0.57,0.52,2026-08-15,11:04:00,N21,nominal,2.0NRT,307.63,7.75,D,VIIRS
46.78015,36.53844,350.87,0.57,0.52,2026-08-15,11:04:00,N21,nominal,2.0NRT,312.63,16.34,D,VIIRS
46.78058,36.54593,355.54,0.57,0.52,2026-08-15,11:04:00,N21,nominal,2.0NRT,313.58,16.34,D,VIIRS
46.44529,32.29251,346.08,0.55,0.42,2026-08-15,11:04:00,N21,low,2.0NRT,317.33,16.68,D,VIIRS
46.75846,36.41372,338.85,0.57,0.52,2026-08-15,11:04:00,N21,low,2.0NRT,311.49,11.55,D,VIIRS
46.66671,35.06204,344.49,0.49,0.48,2026-08-15,11:04:00,N21,nominal,2.0NRT,311.62,4.94,D,VIIRS
46.66716,35.06838,343.94,0.49,0.48,2026-08-15,11:04:00,N21,nominal,2.0NRT,311.31,4.94,D,VIIRS
46.74724,36.38538,334.73,0.56,0.52,2026-08-15,11:04:00,N21,nominal,2.0NRT,306.72,4.43,D,VIIRS
46.74767,36.39278,338.6,0.56,0.52,2026-08-15,11:04:00,N21,nominal,2.0NRT,307.08,8.5,D,VIIRS
46.74853,36.40756,333.78,0.57,0.52,2026-08-15,11:04:00,N21,low,2.0NRT,308.21,4.72,D,VIIRS
46.54066,33.58754,336.9,0.42,0.45,2026-08-15,11:04:00,N21,low,2.0NRT,309.78,4.17,D,VIIRS
46.46983,32.86098,336.91,0.39,0.44,2026-08-15,11:04:00,N21,low,2.0NRT,310.23,5.03,D,VIIRS
46.47028,32.86598,353.95,0.39,0.44,2026-08-15,11:04:00,N21,nominal,2.0NRT,309.52,5.03,D,VIIRS
46.70181,36.17789,338.9,0.55,0.51,2026-08-15,11:04:00,N21,low,2.0NRT,312.5,6.23,D,VIIRS
46.12092,29.7736,338.14,0.44,0.38,2026-08-15,11:04:00,N21,low,2.0NRT,312.41,4.3,D,VIIRS
46.1216,29.77926,339.77,0.44,0.38,2026-08-15,11:04:00,N21,low,2.0NRT,314.54,4.3,D,VIIRS
46.44241,32.84867,348.07,0.38,0.44,2026-08-15,11:04:00,N21,nominal,2.0NRT,308.39,9.02,D,VIIRS
46.70448,36.17813,341.34,0.55,0.51,2026-08-15,11:04:00,N21,low,2.0NRT,311.5,7.07,D,VIIRS
46.43353,32.84023,345.51,0.38,0.43,2026-08-15,11:04:00,N21,nominal,2.0NRT,311.79,13.09,D,VIIRS
46.43446,32.85019,349.53,0.38,0.44,2026-08-15,11:04:00,N21,nominal,2.0NRT,309.26,9.64,D,VIIRS
46.43538,32.86017,350.76,0.38,0.44,2026-08-15,11:04:00,N21,nominal,2.0NRT,311.07,11.46,D,VIIRS
46.43585,32.86517,351.25,0.38,0.44,2026-08-15,11:04:00,N21,nominal,2.0NRT,311.68,9.65,D,VIIRS
46.40632,32.5937,342.1,0.56,0.43,2026-08-15,11:04:00,N21,low,2.0NRT,312.92,26.18,D,VIIRS
46.4314,32.86094,345.22,0.38,0.44,2026-08-15,11:04:00,N21,nominal,2.0NRT,307.44,11.46,D,VIIRS
46.43187,32.86594,341.24,0.38,0.44,2026-08-15,11:04:00,N21,nominal,2.0NRT,309.25,9.65,D,VIIRS
46.55224,34.25815,341.14,0.45,0.47,2026-08-15,11:04:00,N21,nominal,2.0NRT,308.27,6.11,D,VIIRS
46.68858,36.15133,341.58,0.55,0.51,2026-08-15,11:04:00,N21,nominal,2.0NRT,309.98,10.03,D,VIIRS
46.42696,32.85671,353.58,0.38,0.44,2026-08-15,11:04:00,N21,nominal,2.0NRT,317.35,28.82,D,VIIRS
46.42742,32.8617,352.86,0.38,0.44,2026-08-15,11:04:00,N21,nominal,2.0NRT,308.11,28.82,D,VIIRS
46.42788,32.8667,342.59,0.38,0.44,2026-08-15,11:04:00,N21,nominal,2.0NRT,306.97,6.46,D,VIIRS
46.4216,32.84256,342.92,0.38,0.43,2026-08-15,11:04:00,N21,nominal,2.0NRT,310.52,5.83,D,VIIRS
46.42451,32.91829,349.15,0.39,0.44,2026-08-15,11:04:00,N21,nominal,2.0NRT,311.54,24.66,D,VIIRS
46.42497,32.92328,349.07,0.39,0.44,2026-08-15,11:04:00,N21,nominal,2.0NRT,322.39,24.66,D,VIIRS
46.42543,32.92833,343.07,0.39,0.44,2026-08-15,11:04:00,N21,nominal,2.0NRT,308.2,11.22,D,VIIRS
46.42097,32.92403,342.3,0.39,0.44,2026-08-15,11:04:00,N21,nominal,2.0NRT,306.64,24.66,D,VIIRS
46.42144,32.92907,341.93,0.39,0.44,2026-08-15,11:04:00,N21,nominal,2.0NRT,309.23,11.22,D,VIIRS
46.35519,32.26831,337.55,0.54,0.42,2026-08-15,11:04:00,N21,low,2.0NRT,312.42,10.22,D,VIIRS
46.35587,32.27535,344.89,0.54,0.42,2026-08-15,11:04:00,N21,nominal,2.0NRT,312.29,12.2,D,VIIRS
46.33154,32.06689,347.46,0.53,0.42,2026-08-15,11:04:00,N21,nominal,2.0NRT,308.98,5.9,D,VIIRS
46.44045,33.23189,337.4,0.4,0.44,2026-08-15,11:04:00,N21,low,2.0NRT,309.92,3.32,D,VIIRS
46.44091,33.23708,341.82,0.4,0.44,2026-08-15,11:04:00,N21,nominal,2.0NRT,310.22,5.34,D,VIIRS
46.44136,33.24227,347.8,0.4,0.44,2026-08-15,11:04:00,N21,nominal,2.0NRT,311.18,5.34,D,VIIRS
46.32206,32.09,337.25,0.53,0.42,2026-08-15,11:04:00,N21,low,2.0NRT,308.86,7.11,D,VIIRS
46.08397,29.91738,337.41,0.44,0.39,2026-08-15,11:04:00,N21,low,2.0NRT,311.17,3.38,D,VIIRS
46.647,36.2443,354.7,0.55,0.51,2026-08-15,11:04:00,N21,nominal,2.0NRT,309.95,23.9,D,VIIRS
46.0876,30.23086,338.33,0.45,0.39,2026-08-15,11:04:00,N21,low,2.0NRT,310.85,6,D,VIIRS
46.08826,30.23671,340.94,0.45,0.39,2026-08-15,11:04:00,N21,low,2.0NRT,312.86,6,D,VIIRS
46.08894,30.24255,343.57,0.45,0.39,2026-08-15,11:04:00,N21,nominal,2.0NRT,313.31,6.37,D,VIIRS
46.37796,33.64876,354.49,0.42,0.45,2026-08-15,11:04:00,N21,nominal,2.0NRT,311.22,15.74,D,VIIRS
46.32703,33.11439,342.29,0.39,0.44,2026-08-15,11:04:00,N21,nominal,2.0NRT,307.47,5.48,D,VIIRS
46.32794,33.12459,338,0.39,0.44,2026-08-15,11:04:00,N21,nominal,2.0NRT,308.33,7.45,D,VIIRS
46.39865,33.94585,342.97,0.43,0.46,2026-08-15,11:04:00,N21,nominal,2.0NRT,312.08,4.27,D,VIIRS
46.32748,33.11949,367,0.39,0.44,2026-08-15,11:04:00,N21,high,2.0NRT,309.26,7.45,D,VIIRS
46.35503,33.47905,340.97,0.41,0.45,2026-08-15,11:04:00,N21,nominal,2.0NRT,309.53,5.53,D,VIIRS
46.02925,30.28261,350.19,0.46,0.39,2026-08-15,11:04:00,N21,nominal,2.0NRT,310.92,9.61,D,VIIRS
46.31807,33.1057,367,0.39,0.44,2026-08-15,11:04:00,N21,high,2.0NRT,310.98,11.75,D,VIIRS
45.86132,28.92775,336.99,0.42,0.37,2026-08-15,11:04:00,N21,low,2.0NRT,310.23,3.56,D,VIIRS
46.25666,32.48397,341.17,0.55,0.43,2026-08-15,11:04:00,N21,low,2.0NRT,313,5.64,D,VIIRS
46.31359,33.10135,339.7,0.39,0.44,2026-08-15,11:04:00,N21,nominal,2.0NRT,309.91,11.75,D,VIIRS
46.34731,33.48588,337.46,0.41,0.45,2026-08-15,11:04:00,N21,low,2.0NRT,312.03,4.96,D,VIIRS
46.34776,33.49119,337.24,0.41,0.45,2026-08-15,11:04:00,N21,low,2.0NRT,309.32,4.96,D,VIIRS
46.31404,33.10645,367,0.39,0.44,2026-08-15,11:04:00,N21,high,2.0NRT,315.71,11.75,D,VIIRS
46.30956,33.10212,339.47,0.39,0.44,2026-08-15,11:04:00,N21,nominal,2.0NRT,307.24,3.1,D,VIIRS
49.46544,37.19423,354.06,0.32,0.55,2026-08-15,11:06:00,N21,nominal,2.0NRT,300.54,6.28,D,VIIRS
49.49743,38.11665,347.62,0.36,0.57,2026-08-15,11:06:00,N21,nominal,2.0NRT,298.9,3.87,D,VIIRS
49.46038,37.19463,367,0.32,0.55,2026-08-15,11:06:00,N21,high,2.0NRT,306.65,20.81,D,VIIRS
49.46117,37.21256,367,0.33,0.55,2026-08-15,11:06:00,N21,high,2.0NRT,302.27,10.87,D,VIIRS
48.44256,26.39381,344.95,0.39,0.36,2026-08-15,11:06:00,N21,nominal,2.0NRT,300.73,5.43,D,VIIRS
48.67422,28.25548,332.43,0.42,0.38,2026-08-15,11:06:00,N21,nominal,2.0NRT,299.89,2.37,D,VIIRS
49.42423,37.85046,353.79,0.35,0.57,2026-08-15,11:06:00,N21,nominal,2.0NRT,299.75,4.97,D,VIIRS
49.37838,37.26087,332.21,0.33,0.55,2026-08-15,11:06:00,N21,nominal,2.0NRT,300.11,2.57,D,VIIRS
49.39572,37.79064,329.32,0.35,0.56,2026-08-15,11:06:00,N21,nominal,2.0NRT,298.67,3.19,D,VIIRS
49.39338,37.99975,351.75,0.35,0.57,2026-08-15,11:06:00,N21,nominal,2.0NRT,299.46,9.28,D,VIIRS
49.33551,37.85378,333.03,0.35,0.57,2026-08-15,11:06:00,N21,nominal,2.0NRT,296.56,5.39,D,VIIRS
49.33569,37.8585,354.6,0.35,0.57,2026-08-15,11:06:00,N21,nominal,2.0NRT,297.32,9.03,D,VIIRS
49.33997,37.85637,367,0.35,0.57,2026-08-15,11:06:00,N21,high,2.0NRT,298.97,10.94,D,VIIRS
49.32818,37.82403,340.98,0.35,0.56,2026-08-15,11:06:00,N21,nominal,2.0NRT,302.23,3.43,D,VIIRS
49.31895,37.85346,334.18,0.35,0.57,2026-08-15,11:06:00,N21,nominal,2.0NRT,299.21,2.91,D,VIIRS
48.25045,26.24391,331.9,0.39,0.36,2026-08-15,11:06:00,N21,low,2.0NRT,306.22,6.26,D,VIIRS
49.29988,37.89934,333.97,0.35,0.57,2026-08-15,11:06:00,N21,nominal,2.0NRT,298.4,4.4,D,VIIRS
49.30196,37.95199,330.46,0.35,0.57,2026-08-15,11:06:00,N21,nominal,2.0NRT,297.91,1.56,D,VIIRS
49.29448,37.89487,344.35,0.35,0.57,2026-08-15,11:06:00,N21,nominal,2.0NRT,299.01,5.04,D,VIIRS
49.294670000000004,37.89981,339.97,0.35,0.57,2026-08-15,11:06:00,N21,nominal,2.0NRT,300.3,4.4,D,VIIRS
49.27455,37.9211,338.52,0.35,0.57,2026-08-15,11:06:00,N21,nominal,2.0NRT,298.07,3.5,D,VIIRS
49.27622,37.96494,330.98,0.35,0.57,2026-08-15,11:06:00,N21,nominal,2.0NRT,300.11,3.42,D,VIIRS
49.27512,37.93587,367,0.35,0.57,2026-08-15,11:06:00,N21,high,2.0NRT,302.48,8.84,D,VIIRS
49.23515,37.8471,333.36,0.35,0.56,2026-08-15,11:06:00,N21,nominal,2.0NRT,298.43,2.07,D,VIIRS
48.10752,25.80368,346.36,0.39,0.36,2026-08-15,11:06:00,N21,nominal,2.0NRT,303.18,4.6,D,VIIRS
49.23433,37.84747,329.62,0.35,0.56,2026-08-15,11:06:00,N21,nominal,2.0NRT,298.13,1.7,D,VIIRS
49.20834,37.60513,332.33,0.34,0.56,2026-08-15,11:06:00,N21,nominal,2.0NRT,299.66,3.95,D,VIIRS
49.21394,37.85928,329.18,0.35,0.57,2026-08-15,11:06:00,N21,nominal,2.0NRT,298.24,2.63,D,VIIRS
48.50817,29.04342,338.19,0.44,0.39,2026-08-15,11:06:00,N21,low,2.0NRT,308.69,7.86,D,VIIRS
49.20901,37.99658,340.73,0.35,0.57,2026-08-15,11:06:00,N21,nominal,2.0NRT,300.83,5.16,D,VIIRS
49.20306,38.40443,348.4,0.37,0.58,2026-08-15,11:06:00,N21,nominal,2.0NRT,301.03,10.03,D,VIIRS
49.1979,38.40983,331.16,0.37,0.58,2026-08-15,11:06:00,N21,nominal,2.0NRT,297.8,5.86,D,VIIRS
48.74783,31.66047,335.1,0.55,0.42,2026-08-15,11:06:00,N21,nominal,2.0NRT,304.47,6.81,D,VIIRS
48.74325,31.65382,333.69,0.55,0.42,2026-08-15,11:06:00,N21,nominal,2.0NRT,303.05,21.71,D,VIIRS
48.74395,31.66128,344.49,0.55,0.42,2026-08-15,11:06:00,N21,nominal,2.0NRT,306.25,27.96,D,VIIRS
48.73936,31.65463,297.85,0.55,0.42,2026-08-15,11:06:00,N21,low,2.0NRT,304.88,21.71,D,VIIRS
48.74006,31.66206,333.94,0.55,0.42,2026-08-15,11:06:00,N21,nominal,2.0NRT,303.27,27.96,D,VIIRS
49.14724,37.88975,336.84,0.35,0.57,2026-08-15,11:06:00,N21,nominal,2.0NRT,299.12,4.97,D,VIIRS
49.12951,37.5701,351.52,0.34,0.56,2026-08-15,11:06:00,N21,nominal,2.0NRT,298.95,16.15,D,VIIRS
49.14864,38.0694,332.19,0.35,0.57,2026-08-15,11:06:00,N21,nominal,2.0NRT,300.29,10.73,D,VIIRS
49.14882,38.07418,344.35,0.36,0.57,2026-08-15,11:06:00,N21,nominal,2.0NRT,300.6,8.85,D,VIIRS
49.1297,37.57468,367,0.34,0.56,2026-08-15,11:06:00,N21,high,2.0NRT,308.66,16.15,D,VIIRS
49.14356,38.07466,367,0.36,0.57,2026-08-15,11:06:00,N21,high,2.0NRT,304.28,8.85,D,VIIRS
48.74462,31.9294,348.34,0.56,0.43,2026-08-15,11:06:00,N21,nominal,2.0NRT,309.74,24.14,D,VIIRS
49.12389,37.96609,336.9,0.35,0.57,2026-08-15,11:06:00,N21,nominal,2.0NRT,297.81,1.74,D,VIIRS
48.43073,29.21362,334.73,0.45,0.39,2026-08-15,11:06:00,N21,nominal,2.0NRT,304.57,4.21,D,VIIRS
49.09598,37.93201,338.13,0.35,0.57,2026-08-15,11:06:00,N21,nominal,2.0NRT,299.79,7.29,D,VIIRS
49.12376,38.68233,330.3,0.38,0.59,2026-08-15,11:06:00,N21,nominal,2.0NRT,299.53,5.96,D,VIIRS
48.48259,29.95988,339.17,0.47,0.4,2026-08-15,11:06:00,N21,nominal,2.0NRT,300.03,8.09,D,VIIRS
48.47898,29.96079,367,0.47,0.4,2026-08-15,11:06:00,N21,low,2.0NRT,331.92,78.31,D,VIIRS
48.47829,29.95448,330.17,0.47,0.4,2026-08-15,11:06:00,N21,nominal,2.0NRT,301.02,78.31,D,VIIRS
49.07418,38.0451,347.89,0.35,0.57,2026-08-15,11:06:00,N21,nominal,2.0NRT,301.45,4.19,D,VIIRS
49.02886,37.09201,337.55,0.32,0.54,2026-08-15,11:06:00,N21,nominal,2.0NRT,300.25,4.9,D,VIIRS
49.04887,37.7973,337.89,0.34,0.56,2026-08-15,11:06:00,N21,nominal,2.0NRT,300.29,2.76,D,VIIRS
49.04995,38.10147,345.79,0.36,0.57,2026-08-15,11:06:00,N21,nominal,2.0NRT,305.58,9.54,D,VIIRS
49.04977,38.09653,367,0.36,0.57,2026-08-15,11:06:00,N21,high,2.0NRT,302.01,10.23,D,VIIRS
49.05013,38.10638,367,0.36,0.57,2026-08-15,11:06:00,N21,high,2.0NRT,304.76,9.54,D,VIIRS
49.0447,38.10215,347.88,0.36,0.57,2026-08-15,11:06:00,N21,nominal,2.0NRT,298.38,7.19,D,VIIRS
49.04488,38.10706,367,0.36,0.57,2026-08-15,11:06:00,N21,high,2.0NRT,301.42,7.19,D,VIIRS
49.01815,37.95017,329.65,0.35,0.57,2026-08-15,11:06:00,N21,nominal,2.0NRT,299.45,3.53,D,VIIRS
49.01833,37.9549,339.34,0.35,0.57,2026-08-15,11:06:00,N21,nominal,2.0NRT,296.66,3.53,D,VIIRS
49.02703,37.92292,333.22,0.35,0.57,2026-08-15,11:06:00,N21,nominal,2.0NRT,298.73,2.13,D,VIIRS
49.01822,37.96228,332.83,0.35,0.57,2026-08-15,11:06:00,N21,nominal,2.0NRT,299.17,4.25,D,VIIRS
49.01783,37.95294,367,0.35,0.57,2026-08-15,11:06:00,N21,high,2.0NRT,300.46,6.56,D,VIIRS
48.99205,37.71276,367,0.34,0.56,2026-08-15,11:06:00,N21,high,2.0NRT,301.03,5.34,D,VIIRS
48.99825,38.11911,343.18,0.36,0.57,2026-08-15,11:06:00,N21,nominal,2.0NRT,303.34,3.36,D,VIIRS
48.99129,38.07587,338.69,0.35,0.57,2026-08-15,11:06:00,N21,nominal,2.0NRT,306.65,9.86,D,VIIRS
48.99507,38.17353,333.27,0.36,0.57,2026-08-15,11:06:00,N21,nominal,2.0NRT,302.39,3.8,D,VIIRS
48.97974,37.91717,339.59,0.35,0.57,2026-08-15,11:06:00,N21,nominal,2.0NRT,305,3.42,D,VIIRS
48.98623,38.0812,343.82,0.35,0.57,2026-08-15,11:06:00,N21,nominal,2.0NRT,304.96,9.86,D,VIIRS
48.9898,38.17404,335.94,0.36,0.57,2026-08-15,11:06:00,N21,nominal,2.0NRT,304.46,3.8,D,VIIRS
48.98999,38.17897,329.28,0.36,0.57,2026-08-15,11:06:00,N21,low,2.0NRT,302.39,3.8,D,VIIRS
48.98604,38.07634,367,0.35,0.57,2026-08-15,11:06:00,N21,high,2.0NRT,312.6,9.86,D,VIIRS
48.97276,38.00506,334.29,0.35,0.57,2026-08-15,11:06:00,N21,nominal,2.0NRT,303.33,3.6,D,VIIRS
48.97527,38.20999,333.17,0.36,0.57,2026-08-15,11:06:00,N21,low,2.0NRT,305.84,3.25,D,VIIRS
48.95912,37.92425,340.12,0.35,0.57,2026-08-15,11:06:00,N21,nominal,2.0NRT,303.37,5.24,D,VIIRS
48.95316,37.90564,332.24,0.35,0.57,2026-08-15,11:06:00,N21,low,2.0NRT,306.25,2.97,D,VIIRS
48.95391,37.92484,335.16,0.35,0.57,2026-08-15,11:06:00,N21,nominal,2.0NRT,304.8,2.9,D,VIIRS
48.96201,38.13744,329.47,0.36,0.57,2026-08-15,11:06:00,N21,nominal,2.0NRT,302.91,3.51,D,VIIRS
48.95222,37.88164,367,0.35,0.56,2026-08-15,11:06:00,N21,high,2.0NRT,311.82,16.72,D,VIIRS
48.92679,37.89887,337.95,0.35,0.56,2026-08-15,11:06:00,N21,nominal,2.0NRT,302.58,3.06,D,VIIRS
48.91819,37.94811,332.1,0.35,0.57,2026-08-15,11:06:00,N21,nominal,2.0NRT,301.49,5.14,D,VIIRS
48.90364,37.70268,341.88,0.34,0.56,2026-08-15,11:06:00,N21,nominal,2.0NRT,302.71,7.33,D,VIIRS
48.54934,32.30244,341.36,0.39,0.44,2026-08-15,11:06:00,N21,nominal,2.0NRT,301.99,2.76,D,VIIRS
48.90683,37.70326,339.37,0.34,0.56,2026-08-15,11:06:00,N21,nominal,2.0NRT,299.55,2.75,D,VIIRS
48.91746,37.94891,336.02,0.35,0.57,2026-08-15,11:06:00,N21,nominal,2.0NRT,301.44,3.61,D,VIIRS
48.90679,37.82113,332.19,0.34,0.56,2026-08-15,11:06:00,N21,nominal,2.0NRT,300.12,1.63,D,VIIRS
48.86887,38.04323,329.39,0.35,0.57,2026-08-15,11:06:00,N21,nominal,2.0NRT,301.03,2.38,D,VIIRS
48.80023,36.8301,334.08,0.62,0.54,2026-08-15,11:06:00,N21,nominal,2.0NRT,303.26,5.28,D,VIIRS
48.85268,38.17181,338.95,0.36,0.57,2026-08-15,11:06:00,N21,nominal,2.0NRT,303.41,4.04,D,VIIRS
48.8409,37.99841,330.63,0.35,0.57,2026-08-15,11:06:00,N21,low,2.0NRT,304.23,2.82,D,VIIRS
48.84759,38.17694,344.61,0.36,0.57,2026-08-15,11:06:00,N21,nominal,2.0NRT,304.95,11.53,D,VIIRS
48.84776,38.18176,335.8,0.36,0.57,2026-08-15,11:06:00,N21,nominal,2.0NRT,303.49,4.78,D,VIIRS
48.85026,38.2504,337.72,0.36,0.57,2026-08-15,11:06:00,N21,nominal,2.0NRT,301.09,2.88,D,VIIRS
48.85043,38.25529,331.38,0.36,0.57,2026-08-15,11:06:00,N21,nominal,2.0NRT,300.59,2.88,D,VIIRS
48.84249,38.18199,335.98,0.36,0.57,2026-08-15,11:06:00,N21,nominal,2.0NRT,299.55,4.78,D,VIIRS
48.84267,38.18683,343.11,0.36,0.57,2026-08-15,11:06:00,N21,nominal,2.0NRT,299.05,4.78,D,VIIRS
48.85037,38.73283,342.2,0.38,0.59,2026-08-15,11:06:00,N21,nominal,2.0NRT,309.93,29.48,D,VIIRS
48.85053,38.73802,367,0.38,0.59,2026-08-15,11:06:00,N21,high,2.0NRT,305.02,25.76,D,VIIRS
48.80812,37.96178,347.24,0.35,0.57,2026-08-15,11:06:00,N21,nominal,2.0NRT,300.81,4.03,D,VIIRS
48.84846,38.73524,354.95,0.38,0.59,2026-08-15,11:06:00,N21,nominal,2.0NRT,311.02,32.58,D,VIIRS
48.8075,37.95971,333.17,0.35,0.57,2026-08-15,11:06:00,N21,nominal,2.0NRT,299.88,4.77,D,VIIRS
48.77358,37.53894,350.24,0.33,0.55,2026-08-15,11:06:00,N21,nominal,2.0NRT,298.05,11.49,D,VIIRS
48.76839,37.6538,332.47,0.34,0.56,2026-08-15,11:06:00,N21,low,2.0NRT,303.94,4.73,D,VIIRS
48.32712,31.50704,336.02,0.53,0.42,2026-08-15,11:06:00,N21,nominal,2.0NRT,305.52,7.76,D,VIIRS
48.76576,38.09461,339.95,0.35,0.57,2026-08-15,11:06:00,N21,nominal,2.0NRT,302.11,13.54,D,VIIRS
48.76594,38.09933,367,0.35,0.57,2026-08-15,11:06:00,N21,high,2.0NRT,309.98,24.78,D,VIIRS
48.76071,38.10004,367,0.35,0.57,2026-08-15,11:06:00,N21,high,2.0NRT,304.45,14.69,D,VIIRS
48.7422,37.76735,339.27,0.34,0.56,2026-08-15,11:06:00,N21,nominal,2.0NRT,307.85,6.3,D,VIIRS
48.71762,37.67273,367,0.34,0.56,2026-08-15,11:06:00,N21,high,2.0NRT,306.25,9.54,D,VIIRS
48.7206,38.01201,337.64,0.35,0.57,2026-08-15,11:06:00,N21,nominal,2.0NRT,300.12,2.36,D,VIIRS
48.71537,38.01251,333.95,0.35,0.57,2026-08-15,11:06:00,N21,nominal,2.0NRT,300.55,1.56,D,VIIRS
48.71544,38.02562,344.02,0.35,0.57,2026-08-15,11:06:00,N21,nominal,2.0NRT,301.33,3.01,D,VIIRS
48.66013,37.58909,331.03,0.33,0.56,2026-08-15,11:06:00,N21,low,2.0NRT,304.15,3.42,D,VIIRS
48.66497,37.81959,345.83,0.34,0.56,2026-08-15,11:06:00,N21,nominal,2.0NRT,303.17,6.61,D,VIIRS
48.68203,38.24071,334.68,0.36,0.57,2026-08-15,11:06:00,N21,low,2.0NRT,305.13,4.26,D,VIIRS
48.67677,38.24157,336.76,0.36,0.57,2026-08-15,11:06:00,N21,nominal,2.0NRT,299.49,4.26,D,VIIRS
48.65797,37.90102,332.58,0.35,0.56,2026-08-15,11:06:00,N21,nominal,2.0NRT,299.35,4.08,D,VIIRS
48.67299,38.28101,331.55,0.36,0.57,2026-08-15,11:06:00,N21,low,2.0NRT,301.99,5.4,D,VIIRS
48.64802,38.18033,355.47,0.36,0.57,2026-08-15,11:06:00,N21,nominal,2.0NRT,305.41,15.33,D,VIIRS
48.5534,36.23901,331.27,0.58,0.52,2026-08-15,11:06:00,N21,nominal,2.0NRT,298.43,3.46,D,VIIRS
48.6099,37.49605,330.56,0.33,0.55,2026-08-15,11:06:00,N21,nominal,2.0NRT,301.19,5.24,D,VIIRS
48.6101,37.50056,367,0.33,0.55,2026-08-15,11:06:00,N21,high,2.0NRT,302.22,5.24,D,VIIRS
48.56658,36.98319,333.88,0.63,0.54,2026-08-15,11:06:00,N21,nominal,2.0NRT,302.01,6.02,D,VIIRS
48.57819,37.76879,332.4,0.34,0.56,2026-08-15,11:06:00,N21,nominal,2.0NRT,305.78,2.53,D,VIIRS
47.93242,29.67747,330.04,0.46,0.39,2026-08-15,11:06:00,N21,low,2.0NRT,303.29,4.44,D,VIIRS
48.57365,37.7834,345.06,0.34,0.56,2026-08-15,11:06:00,N21,nominal,2.0NRT,304.35,5.32,D,VIIRS
48.55891,37.68293,330.79,0.34,0.56,2026-08-15,11:06:00,N21,low,2.0NRT,302.18,2.56,D,VIIRS
48.5759,38.35387,342.07,0.36,0.58,2026-08-15,11:06:00,N21,nominal,2.0NRT,299.74,5.09,D,VIIRS
48.57609,38.35897,345.68,0.36,0.58,2026-08-15,11:06:00,N21,nominal,2.0NRT,301.84,5.09,D,VIIRS
48.60334,39.15368,347.34,0.4,0.6,2026-08-15,11:06:00,N21,nominal,2.0NRT,299.86,4.54,D,VIIRS
48.5708,38.35946,343.28,0.36,0.58,2026-08-15,11:06:00,N21,nominal,2.0NRT,301.23,5.14,D,VIIRS
48.51667,37.31318,349.5,0.32,0.55,2026-08-15,11:06:00,N21,nominal,2.0NRT,302.35,4.59,D,VIIRS
48.53444,37.71353,336.59,0.34,0.56,2026-08-15,11:06:00,N21,nominal,2.0NRT,300.52,2.5,D,VIIRS
48.52437,37.71973,340.91,0.34,0.56,2026-08-15,11:06:00,N21,nominal,2.0NRT,298.78,2.23,D,VIIRS
47.88443,29.77051,336.77,0.46,0.39,2026-08-15,11:06:00,N21,low,2.0NRT,307.09,8.64,D,VIIRS
48.45163,37.10412,330.26,0.63,0.54,2026-08-15,11:06:00,N21,nominal,2.0NRT,299.18,3.94,D,VIIRS
47.80136,29.20392,348.08,0.44,0.38,2026-08-15,11:06:00,N21,nominal,2.0NRT,311.28,13.57,D,VIIRS
47.79789,29.20492,336.25,0.44,0.38,2026-08-15,11:06:00,N21,nominal,2.0NRT,307.39,13.57,D,VIIRS
47.80118,29.20596,347.81,0.44,0.38,2026-08-15,11:06:00,N21,nominal,2.0NRT,312.93,26.18,D,VIIRS
48.45131,37.10355,334.93,0.63,0.54,2026-08-15,11:06:00,N21,nominal,2.0NRT,299.46,2.93,D,VIIRS
48.46914,37.57623,337.85,0.33,0.55,2026-08-15,11:06:00,N21,nominal,2.0NRT,304.05,5.49,D,VIIRS
48.45257,37.33321,333.26,0.32,0.55,2026-08-15,11:06:00,N21,nominal,2.0NRT,302.69,2.93,D,VIIRS
48.39727,37.12723,333.45,0.63,0.54,2026-08-15,11:06:00,N21,nominal,2.0NRT,300.2,5.85,D,VIIRS
48.42251,37.68267,332.08,0.34,0.56,2026-08-15,11:06:00,N21,nominal,2.0NRT,296.49,5.21,D,VIIRS
48.40967,37.50614,332.69,0.33,0.55,2026-08-15,11:06:00,N21,nominal,2.0NRT,299.3,2.26,D,VIIRS
48.42336,37.82517,351.16,0.34,0.56,2026-08-15,11:06:00,N21,nominal,2.0NRT,303.41,5.32,D,VIIRS
48.38796,37.36182,332.23,0.32,0.55,2026-08-15,11:06:00,N21,nominal,2.0NRT,301.53,2.18,D,VIIRS
48.40544,37.76733,330.28,0.34,0.56,2026-08-15,11:06:00,N21,nominal,2.0NRT,302.6,2.23,D,VIIRS
48.46888,39.69677,344.85,0.42,0.61,2026-08-15,11:06:00,N21,nominal,2.0NRT,304.18,5.68,D,VIIRS
48.37195,37.2314,341.46,0.32,0.55,2026-08-15,11:06:00,N21,nominal,2.0NRT,303.38,1.82,D,VIIRS
48.38449,37.63511,333.17,0.33,0.56,2026-08-15,11:06:00,N21,nominal,2.0NRT,297.99,1.1,D,VIIRS
48.34422,36.85412,331.07,0.61,0.54,2026-08-15,11:06:00,N21,nominal,2.0NRT,303.37,8.06,D,VIIRS
48.36035,37.19789,345.39,0.32,0.54,2026-08-15,11:06:00,N21,nominal,2.0NRT,302.68,2.86,D,VIIRS
48.32799,36.62501,334.46,0.6,0.53,2026-08-15,11:06:00,N21,nominal,2.0NRT,301.61,5.95,D,VIIRS
48.32881,36.94765,342.54,0.62,0.54,2026-08-15,11:06:00,N21,nominal,2.0NRT,306.67,8.54,D,VIIRS
48.3292,36.95601,341.36,0.62,0.54,2026-08-15,11:06:00,N21,nominal,2.0NRT,305.57,8.54,D,VIIRS
48.33018,36.62384,339.18,0.6,0.53,2026-08-15,11:06:00,N21,nominal,2.0NRT,302.38,7.72,D,VIIRS
48.34271,36.85331,335.74,0.61,0.54,2026-08-15,11:06:00,N21,nominal,2.0NRT,302.14,3.96,D,VIIRS
48.36059,37.19647,336.52,0.32,0.54,2026-08-15,11:06:00,N21,nominal,2.0NRT,301.48,3.4,D,VIIRS
48.33271,36.94596,341.25,0.62,0.54,2026-08-15,11:06:00,N21,nominal,2.0NRT,304.39,7.17,D,VIIRS
48.32819,36.95489,334.08,0.62,0.54,2026-08-15,11:06:00,N21,low,2.0NRT,306.8,13.62,D,VIIRS
48.32862,36.96325,343.55,0.62,0.54,2026-08-15,11:06:00,N21,nominal,2.0NRT,302.86,13.62,D,VIIRS
48.32367,36.96386,348.25,0.62,0.54,2026-08-15,11:06:00,N21,nominal,2.0NRT,306.9,13.62,D,VIIRS
48.33942,37.38314,331.9,0.32,0.55,2026-08-15,11:06:00,N21,nominal,2.0NRT,302.65,2.97,D,VIIRS
48.27573,36.6139,337.66,0.6,0.53,2026-08-15,11:06:00,N21,nominal,2.0NRT,301.36,12.21,D,VIIRS
48.2766,36.63026,330.76,0.6,0.53,2026-08-15,11:06:00,N21,low,2.0NRT,301.07,4.3,D,VIIRS
48.27173,36.63084,332.12,0.6,0.53,2026-08-15,11:06:00,N21,nominal,2.0NRT,298.73,5.03,D,VIIRS
48.3145,37.86166,333.23,0.34,0.56,2026-08-15,11:06:00,N21,nominal,2.0NRT,305.21,3.62,D,VIIRS
48.28389,37.27868,349.38,0.32,0.55,2026-08-15,11:06:00,N21,nominal,2.0NRT,304.42,8.47,D,VIIRS
48.27886,37.27925,367,0.32,0.55,2026-08-15,11:06:00,N21,high,2.0NRT,305.45,8.47,D,VIIRS
48.20997,36.11748,344.74,0.57,0.52,2026-08-15,11:06:00,N21,nominal,2.0NRT,310.71,38.43,D,VIIRS
48.26038,37.09804,335.51,0.63,0.54,2026-08-15,11:06:00,N21,nominal,2.0NRT,301.58,2.76,D,VIIRS
48.2048,36.11068,336.64,0.56,0.52,2026-08-15,11:06:00,N21,nominal,2.0NRT,300,17.61,D,VIIRS
48.23726,36.72456,340.23,0.6,0.53,2026-08-15,11:06:00,N21,nominal,2.0NRT,301.79,13.51,D,VIIRS
48.20522,36.11822,367,0.57,0.52,2026-08-15,11:06:00,N21,high,2.0NRT,309.19,37.89,D,VIIRS
48.23971,36.72372,338.36,0.6,0.53,2026-08-15,11:06:00,N21,nominal,2.0NRT,301.74,4.72,D,VIIRS
48.25984,37.09732,333.95,0.63,0.54,2026-08-15,11:06:00,N21,nominal,2.0NRT,301.89,4.74,D,VIIRS
48.20453,36.11839,367,0.56,0.52,2026-08-15,11:06:00,N21,high,2.0NRT,303.45,24.76,D,VIIRS
48.23483,36.7244,335.2,0.6,0.53,2026-08-15,11:06:00,N21,nominal,2.0NRT,298.56,4.72,D,VIIRS
48.24281,37.25614,339.16,0.32,0.55,2026-08-15,11:06:00,N21,nominal,2.0NRT,300.56,11.12,D,VIIRS
48.24303,37.26046,367,0.32,0.55,2026-08-15,11:06:00,N21,high,2.0NRT,309.61,16.61,D,VIIRS
48.21563,36.82534,332.24,0.61,0.53,2026-08-15,11:06:00,N21,nominal,2.0NRT,304.32,4.74,D,VIIRS
48.22173,37.136,343.21,0.63,0.54,2026-08-15,11:06:00,N21,nominal,2.0NRT,303.98,13.23,D,VIIRS
48.24463,37.84359,351.31,0.34,0.56,2026-08-15,11:06:00,N21,nominal,2.0NRT,302.36,4.67,D,VIIRS
48.24483,37.84841,335.24,0.34,0.56,2026-08-15,11:06:00,N21,nominal,2.0NRT,303.4,4.67,D,VIIRS
48.25663,38.1277,337.14,0.35,0.57,2026-08-15,11:06:00,N21,nominal,2.0NRT,302.43,7.4,D,VIIRS
48.1972,37.04572,333.79,0.62,0.54,2026-08-15,11:06:00,N21,nominal,2.0NRT,302.42,4.69,D,VIIRS
48.24658,38.13894,367,0.35,0.57,2026-08-15,11:06:00,N21,high,2.0NRT,306.61,14.57,D,VIIRS
48.05936,34.87872,337.72,0.49,0.49,2026-08-15,11:06:00,N21,nominal,2.0NRT,303.75,2.23,D,VIIRS
48.18892,37.08052,330.4,0.63,0.54,2026-08-15,11:06:00,N21,low,2.0NRT,304.71,4.39,D,VIIRS
48.18394,37.08096,333.89,0.63,0.54,2026-08-15,11:06:00,N21,low,2.0NRT,304.95,4.39,D,VIIRS
47.87207,32.60068,337.35,0.39,0.44,2026-08-15,11:06:00,N21,nominal,2.0NRT,307.11,1.06,D,VIIRS
48.18955,37.52613,340.01,0.33,0.55,2026-08-15,11:06:00,N21,nominal,2.0NRT,305.14,7.66,D,VIIRS
48.18975,37.53055,336.13,0.33,0.55,2026-08-15,11:06:00,N21,nominal,2.0NRT,300.53,6,D,VIIRS
48.18467,37.53094,347.12,0.33,0.55,2026-08-15,11:06:00,N21,nominal,2.0NRT,302.22,6,D,VIIRS
48.11282,36.27626,335.69,0.57,0.52,2026-08-15,11:06:00,N21,nominal,2.0NRT,301.91,9.19,D,VIIRS
48.18084,37.67961,367,0.33,0.56,2026-08-15,11:06:00,N21,high,2.0NRT,301.85,50.51,D,VIIRS
48.10846,36.28461,330.01,0.57,0.52,2026-08-15,11:06:00,N21,nominal,2.0NRT,297.24,39.33,D,VIIRS
48.13298,36.75377,331.98,0.6,0.53,2026-08-15,11:06:00,N21,low,2.0NRT,302.75,7.09,D,VIIRS
48.17535,37.67125,338.59,0.33,0.56,2026-08-15,11:06:00,N21,nominal,2.0NRT,299.91,10.75,D,VIIRS
48.17572,37.68017,367,0.33,0.56,2026-08-15,11:06:00,N21,high,2.0NRT,300.16,52.73,D,VIIRS
48.10843,36.28254,339.92,0.57,0.52,2026-08-15,11:06:00,N21,nominal,2.0NRT,300.75,29.64,D,VIIRS
48.13588,36.75901,336.08,0.6,0.53,2026-08-15,11:06:00,N21,nominal,2.0NRT,304,6.24,D,VIIRS
48.17272,37.67232,341.43,0.33,0.56,2026-08-15,11:06:00,N21,nominal,2.0NRT,299.69,5.18,D,VIIRS
48.17292,37.67678,348.03,0.33,0.56,2026-08-15,11:06:00,N21,nominal,2.0NRT,299.27,5.18,D,VIIRS
48.14623,37.5455,367,0.33,0.55,2026-08-15,11:06:00,N21,high,2.0NRT,301.07,4.19,D,VIIRS
48.09584,36.74737,341.08,0.6,0.53,2026-08-15,11:06:00,N21,nominal,2.0NRT,304.52,4.99,D,VIIRS
48.09097,36.74812,332.44,0.6,0.53,2026-08-15,11:06:00,N21,nominal,2.0NRT,302.03,4.99,D,VIIRS
48.10901,37.09468,330.89,0.63,0.54,2026-08-15,11:06:00,N21,low,2.0NRT,302,10.87,D,VIIRS
48.10986,37.11158,335.25,0.63,0.54,2026-08-15,11:06:00,N21,nominal,2.0NRT,306.93,22.37,D,VIIRS
48.1053,37.1205,367,0.63,0.54,2026-08-15,11:06:00,N21,high,2.0NRT,308.94,23.02,D,VIIRS
48.12385,37.50355,367,0.33,0.55,2026-08-15,11:06:00,N21,high,2.0NRT,299.96,6.2,D,VIIRS
48.04575,36.11513,344.3,0.56,0.52,2026-08-15,11:06:00,N21,nominal,2.0NRT,302.23,14.57,D,VIIRS
48.04619,36.1227,342.38,0.56,0.52,2026-08-15,11:06:00,N21,nominal,2.0NRT,304.12,18.18,D,VIIRS
48.10032,37.12099,341.47,0.63,0.54,2026-08-15,11:06:00,N21,nominal,2.0NRT,307.05,23.02,D,VIIRS
48.14782,38.30159,354.61,0.36,0.57,2026-08-15,11:06:00,N21,nominal,2.0NRT,304.85,26.22,D,VIIRS
48.14801,38.30636,350.67,0.36,0.57,2026-08-15,11:06:00,N21,nominal,2.0NRT,314.23,26.22,D,VIIRS
48.14819,38.31111,343.08,0.36,0.57,2026-08-15,11:06:00,N21,nominal,2.0NRT,300.54,23.24,D,VIIRS
47.53164,30.2871,343.08,0.47,0.4,2026-08-15,11:06:00,N21,nominal,2.0NRT,311.31,14.79,D,VIIRS
48.08886,37.75297,346.41,0.34,0.56,2026-08-15,11:06:00,N21,nominal,2.0NRT,301.26,10.32,D,VIIRS
48.07545,37.56127,338.68,0.33,0.55,2026-08-15,11:06:00,N21,nominal,2.0NRT,304.26,3.72,D,VIIRS
48.07604,37.5747,353.74,0.33,0.55,2026-08-15,11:06:00,N21,nominal,2.0NRT,301.98,6.06,D,VIIRS
48.03759,36.8607,337.97,0.61,0.53,2026-08-15,11:06:00,N21,nominal,2.0NRT,304.08,9.39,D,VIIRS
48.01249,36.95552,336.69,0.62,0.54,2026-08-15,11:06:00,N21,nominal,2.0NRT,301.19,6.65,D,VIIRS
48.03569,36.8606,336.99,0.61,0.53,2026-08-15,11:06:00,N21,nominal,2.0NRT,304.61,8.24,D,VIIRS
48.01105,36.95513,345.27,0.62,0.54,2026-08-15,11:06:00,N21,nominal,2.0NRT,301.99,9.67,D,VIIRS
48.10978,39.62194,334.03,0.41,0.61,2026-08-15,11:06:00,N21,nominal,2.0NRT,300.63,4.92,D,VIIRS
48.03266,37.59139,367,0.33,0.55,2026-08-15,11:06:00,N21,high,2.0NRT,305.5,10.04,D,VIIRS
48.00012,37.03159,336.72,0.62,0.54,2026-08-15,11:06:00,N21,nominal,2.0NRT,301.38,5.09,D,VIIRS
47.96348,36.52988,339.52,0.59,0.53,2026-08-15,11:06:00,N21,nominal,2.0NRT,301.28,7.4,D,VIIRS
47.89158,35.78447,343.12,0.54,0.51,2026-08-15,11:06:00,N21,nominal,2.0NRT,305.12,6.1,D,VIIRS
48.02947,38.98405,333.49,0.38,0.59,2026-08-15,11:06:00,N21,low,2.0NRT,305.29,3.64,D,VIIRS
47.92914,36.70977,341.28,0.6,0.53,2026-08-15,11:06:00,N21,nominal,2.0NRT,308,9.23,D,VIIRS
47.9411,36.94578,346.34,0.61,0.54,2026-08-15,11:06:00,N21,nominal,2.0NRT,313.24,58.95,D,VIIRS
47.96358,37.41822,347.03,0.32,0.55,2026-08-15,11:06:00,N21,nominal,2.0NRT,308.09,7.68,D,VIIRS
47.93617,36.94632,349.37,0.61,0.54,2026-08-15,11:06:00,N21,nominal,2.0NRT,312.21,58.95,D,VIIRS
47.95387,37.42781,367,0.32,0.55,2026-08-15,11:06:00,N21,high,2.0NRT,310.22,14.68,D,VIIRS
47.94843,37.41951,336.17,0.32,0.55,2026-08-15,11:06:00,N21,nominal,2.0NRT,303.28,5.62,D,VIIRS
47.94862,37.42386,336.41,0.32,0.55,2026-08-15,11:06:00,N21,nominal,2.0NRT,307.1,5.62,D,VIIRS
47.94319,37.4158,349.98,0.32,0.55,2026-08-15,11:06:00,N21,nominal,2.0NRT,303.19,4.27,D,VIIRS
47.94339,37.4201,334.36,0.32,0.55,2026-08-15,11:06:00,N21,low,2.0NRT,307.84,6.03,D,VIIRS
47.94357,37.42442,350.1,0.32,0.55,2026-08-15,11:06:00,N21,nominal,2.0NRT,309.22,6.03,D,VIIRS
47.94377,37.42873,367,0.32,0.55,2026-08-15,11:06:00,N21,high,2.0NRT,308.13,10.02,D,VIIRS
47.93854,37.42508,335.33,0.32,0.55,2026-08-15,11:06:00,N21,nominal,2.0NRT,305.35,6.03,D,VIIRS
47.938720000000004,37.42937,367,0.32,0.55,2026-08-15,11:06:00,N21,high,2.0NRT,309.61,10.02,D,VIIRS
47.9347,36.94556,338.37,0.61,0.54,2026-08-15,11:06:00,N21,nominal,2.0NRT,303.44,11.26,D,VIIRS
47.94962,37.42236,338.93,0.32,0.55,2026-08-15,11:06:00,N21,nominal,2.0NRT,306.81,4.14,D,VIIRS
47.94983,37.42672,331.26,0.32,0.55,2026-08-15,11:06:00,N21,low,2.0NRT,305.96,3.69,D,VIIRS
47.94436,37.41858,352.02,0.32,0.55,2026-08-15,11:06:00,N21,nominal,2.0NRT,307.14,4.14,D,VIIRS
47.94457,37.4229,346.76,0.32,0.55,2026-08-15,11:06:00,N21,nominal,2.0NRT,309.2,4.14,D,VIIRS
47.94479,37.4272,345.37,0.32,0.55,2026-08-15,11:06:00,N21,nominal,2.0NRT,307.69,3.69,D,VIIRS
47.945,37.43151,337.02,0.32,0.55,2026-08-15,11:06:00,N21,nominal,2.0NRT,303.77,3.69,D,VIIRS
47.93932,37.41924,332.84,0.32,0.55,2026-08-15,11:06:00,N21,low,2.0NRT,305.14,5.08,D,VIIRS
47.93953,37.42354,333,0.32,0.55,2026-08-15,11:06:00,N21,nominal,2.0NRT,305.47,5.08,D,VIIRS
47.93996,37.43213,337.17,0.32,0.55,2026-08-15,11:06:00,N21,nominal,2.0NRT,302.67,9.46,D,VIIRS
47.93975,37.42783,367,0.32,0.55,2026-08-15,11:06:00,N21,high,2.0NRT,309.03,9.46,D,VIIRS
47.9347,37.42839,367,0.32,0.55,2026-08-15,11:06:00,N21,high,2.0NRT,308.15,9.46,D,VIIRS
47.88345,36.55433,341.69,0.59,0.53,2026-08-15,11:06:00,N21,nominal,2.0NRT,308.47,11.43,D,VIIRS
47.8839,36.56231,340.3,0.59,0.53,2026-08-15,11:06:00,N21,nominal,2.0NRT,304.49,8.49,D,VIIRS
47.87506,36.49213,332.16,0.58,0.52,2026-08-15,11:06:00,N21,nominal,2.0NRT,300.32,2.55,D,VIIRS
47.87749,36.89458,344.54,0.61,0.53,2026-08-15,11:06:00,N21,nominal,2.0NRT,308.93,9.68,D,VIIRS
47.85867,36.72535,336.87,0.6,0.53,2026-08-15,11:06:00,N21,low,2.0NRT,307.26,10.32,D,VIIRS
47.44892,31.44491,336.49,0.52,0.41,2026-08-15,11:06:00,N21,low,2.0NRT,310.95,15.8,D,VIIRS
47.85378,36.72588,353.6,0.6,0.53,2026-08-15,11:06:00,N21,nominal,2.0NRT,304.09,9.5,D,VIIRS
47.86118,36.96232,341.23,0.61,0.54,2026-08-15,11:06:00,N21,nominal,2.0NRT,306.49,10.26,D,VIIRS
47.85625,36.96283,342.1,0.61,0.54,2026-08-15,11:06:00,N21,nominal,2.0NRT,306.1,12.21,D,VIIRS
47.86206,37.18,331.4,0.63,0.54,2026-08-15,11:06:00,N21,low,2.0NRT,304.56,4.22,D,VIIRS
47.85805,37.41502,352.14,0.32,0.55,2026-08-15,11:06:00,N21,nominal,2.0NRT,303.52,5.44,D,VIIRS
47.84816,37.42019,340.36,0.32,0.55,2026-08-15,11:06:00,N21,nominal,2.0NRT,306.95,4.79,D,VIIRS
47.84835,37.42453,342.71,0.32,0.55,2026-08-15,11:06:00,N21,nominal,2.0NRT,300.64,4.79,D,VIIRS
47.87103,37.95213,346.34,0.34,0.56,2026-08-15,11:06:00,N21,nominal,2.0NRT,302.16,6.28,D,VIIRS
47.87084,37.94762,367,0.34,0.56,2026-08-15,11:06:00,N21,high,2.0NRT,298.86,6.28,D,VIIRS
47.86568,37.94834,350.54,0.34,0.56,2026-08-15,11:06:00,N21,nominal,2.0NRT,299.13,6.28,D,VIIRS
47.86586,37.95289,333.13,0.34,0.56,2026-08-15,11:06:00,N21,nominal,2.0NRT,297.27,6.28,D,VIIRS
47.69081,34.81227,337.41,0.49,0.48,2026-08-15,11:06:00,N21,nominal,2.0NRT,307.69,5.27,D,VIIRS
47.70062,35.16554,338.45,0.5,0.49,2026-08-15,11:06:00,N21,low,2.0NRT,309.93,29.7,D,VIIRS
47.78921,36.70951,330.27,0.6,0.53,2026-08-15,11:06:00,N21,low,2.0NRT,302.7,2.74,D,VIIRS
47.69184,34.81189,337.43,0.49,0.48,2026-08-15,11:06:00,N21,nominal,2.0NRT,307.58,6.33,D,VIIRS
47.86939,37.95348,343.28,0.34,0.56,2026-08-15,11:06:00,N21,nominal,2.0NRT,300.9,12.94,D,VIIRS
47.86918,37.94896,367,0.34,0.56,2026-08-15,11:06:00,N21,high,2.0NRT,303.26,9.53,D,VIIRS
47.86402,37.94967,336.58,0.34,0.56,2026-08-15,11:06:00,N21,nominal,2.0NRT,298.02,9.53,D,VIIRS
47.69948,35.17197,341.17,0.5,0.49,2026-08-15,11:06:00,N21,nominal,2.0NRT,303.34,15.11,D,VIIRS
47.69368,35.2203,340.63,0.51,0.49,2026-08-15,11:06:00,N21,nominal,2.0NRT,301.71,13.43,D,VIIRS
47.45219,32.3026,335.79,0.56,0.43,2026-08-15,11:06:00,N21,low,2.0NRT,308.78,5.27,D,VIIRS
47.69975,35.58846,340.77,0.53,0.5,2026-08-15,11:06:00,N21,nominal,2.0NRT,302.19,17.12,D,VIIRS
47.66468,35.1297,342.49,0.5,0.49,2026-08-15,11:06:00,N21,nominal,2.0NRT,308.08,5.94,D,VIIRS
47.59098,34.2889,346.25,0.46,0.47,2026-08-15,11:06:00,N21,nominal,2.0NRT,308.63,14.94,D,VIIRS
47.77336,37.22146,332.96,0.63,0.54,2026-08-15,11:06:00,N21,low,2.0NRT,306.48,7.03,D,VIIRS
47.78974,37.79152,338.81,0.34,0.56,2026-08-15,11:06:00,N21,nominal,2.0NRT,305.78,8.16,D,VIIRS
47.7043,36.20373,339.3,0.56,0.52,2026-08-15,11:06:00,N21,nominal,2.0NRT,300.62,10.52,D,VIIRS
47.78461,37.7921,355.25,0.34,0.56,2026-08-15,11:06:00,N21,nominal,2.0NRT,305.87,8.16,D,VIIRS
47.78481,37.79667,330.45,0.34,0.56,2026-08-15,11:06:00,N21,nominal,2.0NRT,298.1,11.26,D,VIIRS
47.71904,36.64428,340.33,0.59,0.53,2026-08-15,11:06:00,N21,nominal,2.0NRT,302.93,4.69,D,VIIRS
47.71961,36.74798,340.07,0.6,0.53,2026-08-15,11:06:00,N21,nominal,2.0NRT,302.21,11.29,D,VIIRS
47.72002,36.75598,331.47,0.6,0.53,2026-08-15,11:06:00,N21,nominal,2.0NRT,301.44,11.29,D,VIIRS
47.71474,36.74861,367,0.6,0.53,2026-08-15,11:06:00,N21,high,2.0NRT,306.59,11.29,D,VIIRS
47.70781,36.7095,339.17,0.6,0.53,2026-08-15,11:06:00,N21,nominal,2.0NRT,303.05,10.18,D,VIIRS
47.70945,36.74128,335.87,0.6,0.53,2026-08-15,11:06:00,N21,nominal,2.0NRT,304.61,16.71,D,VIIRS
47.70987,36.74925,341.46,0.6,0.53,2026-08-15,11:06:00,N21,nominal,2.0NRT,305.78,21.89,D,VIIRS
47.70254,36.70225,330.55,0.6,0.53,2026-08-15,11:06:00,N21,low,2.0NRT,300.91,10.18,D,VIIRS
47.62802,35.55525,332.21,0.53,0.5,2026-08-15,11:06:00,N21,low,2.0NRT,303.28,2.98,D,VIIRS
47.58008,34.88229,352.3,0.49,0.48,2026-08-15,11:06:00,N21,nominal,2.0NRT,306.29,10.78,D,VIIRS
47.69749,36.99537,333,0.62,0.54,2026-08-15,11:06:00,N21,nominal,2.0NRT,302.34,8.67,D,VIIRS
47.69788,37.00358,342.23,0.62,0.54,2026-08-15,11:06:00,N21,nominal,2.0NRT,306.37,8.67,D,VIIRS
47.70973,36.70858,332.39,0.6,0.53,2026-08-15,11:06:00,N21,low,2.0NRT,303.37,7.57,D,VIIRS
47.71155,36.74031,336.52,0.6,0.53,2026-08-15,11:06:00,N21,nominal,2.0NRT,301.89,20.78,D,VIIRS
47.712,36.74826,342.81,0.6,0.53,2026-08-15,11:06:00,N21,nominal,2.0NRT,309.3,20.78,D,VIIRS
47.70488,36.70926,341.69,0.6,0.53,2026-08-15,11:06:00,N21,nominal,2.0NRT,305.24,7.57,D,VIIRS
47.58207,34.88907,331.5,0.49,0.48,2026-08-15,11:06:00,N21,nominal,2.0NRT,304.78,4.41,D,VIIRS
47.62858,35.5555,331.96,0.52,0.5,2026-08-15,11:06:00,N21,low,2.0NRT,303.5,2.45,D,VIIRS
47.58162,34.88279,367,0.49,0.48,2026-08-15,11:06:00,N21,high,2.0NRT,307.83,13.24,D,VIIRS
47.69168,36.82404,334.06,0.6,0.53,2026-08-15,11:06:00,N21,nominal,2.0NRT,302.06,2.2,D,VIIRS
47.70094,36.99403,339.46,0.61,0.54,2026-08-15,11:06:00,N21,nominal,2.0NRT,301.21,3.92,D,VIIRS
47.70138,37.00224,339.98,0.62,0.54,2026-08-15,11:06:00,N21,nominal,2.0NRT,302.07,8.09,D,VIIRS
47.5945,35.3239,332.24,0.51,0.49,2026-08-15,11:06:00,N21,low,2.0NRT,305.11,2.71,D,VIIRS
47.61296,35.60004,332.36,0.53,0.5,2026-08-15,11:06:00,N21,low,2.0NRT,304.69,8.03,D,VIIRS
47.58997,35.32459,337.15,0.51,0.49,2026-08-15,11:06:00,N21,nominal,2.0NRT,304.64,2.71,D,VIIRS
47.68497,36.88155,342.2,0.61,0.53,2026-08-15,11:06:00,N21,nominal,2.0NRT,308.11,7.41,D,VIIRS
47.68615,36.99566,335.08,0.61,0.54,2026-08-15,11:06:00,N21,nominal,2.0NRT,302.72,5.24,D,VIIRS
47.53019,34.60736,341.78,0.47,0.48,2026-08-15,11:06:00,N21,nominal,2.0NRT,313.14,6.32,D,VIIRS
47.6782,36.93929,336,0.61,0.53,2026-08-15,11:06:00,N21,nominal,2.0NRT,304.02,10.92,D,VIIRS
47.67949,36.96358,344.8,0.61,0.54,2026-08-15,11:06:00,N21,nominal,2.0NRT,313.44,61.34,D,VIIRS
47.57496,35.44436,342.96,0.52,0.5,2026-08-15,11:06:00,N21,nominal,2.0NRT,310.62,9.9,D,VIIRS
47.626,36.26636,345.51,0.57,0.52,2026-08-15,11:06:00,N21,nominal,2.0NRT,306.45,15.11,D,VIIRS
47.66346,36.94131,340.06,0.61,0.53,2026-08-15,11:06:00,N21,nominal,2.0NRT,305.85,8,D,VIIRS
47.66389,36.94943,339.52,0.61,0.54,2026-08-15,11:06:00,N21,nominal,2.0NRT,304.89,8,D,VIIRS
47.68238,37.31277,333.4,0.32,0.54,2026-08-15,11:06:00,N21,nominal,2.0NRT,301.6,7.27,D,VIIRS
47.68259,37.31697,353.7,0.32,0.54,2026-08-15,11:06:00,N21,nominal,2.0NRT,304.63,7.27,D,VIIRS
47.68279,37.32117,332.31,0.32,0.54,2026-08-15,11:06:00,N21,low,2.0NRT,303.37,9.53,D,VIIRS
47.6832,37.32956,334.96,0.32,0.54,2026-08-15,11:06:00,N21,nominal,2.0NRT,301.98,2.97,D,VIIRS
47.5695,35.4313,337.19,0.52,0.5,2026-08-15,11:06:00,N21,low,2.0NRT,308.75,9.62,D,VIIRS
47.62123,36.26691,353.96,0.57,0.52,2026-08-15,11:06:00,N21,nominal,2.0NRT,305.01,15.11,D,VIIRS
47.67738,37.31337,353.1,0.32,0.54,2026-08-15,11:06:00,N21,nominal,2.0NRT,304.07,7.27,D,VIIRS
47.67758,37.31757,346.35,0.32,0.54,2026-08-15,11:06:00,N21,nominal,2.0NRT,305.88,7.27,D,VIIRS
47.55767,35.39146,337.28,0.51,0.5,2026-08-15,11:06:00,N21,low,2.0NRT,308.68,4.73,D,VIIRS
47.56352,35.48121,342.92,0.52,0.5,2026-08-15,11:06:00,N21,nominal,2.0NRT,308.45,9.54,D,VIIRS
47.56396,35.48812,341.96,0.52,0.5,2026-08-15,11:06:00,N21,nominal,2.0NRT,308.84,10.83,D,VIIRS
47.62765,36.63869,330.15,0.59,0.53,2026-08-15,11:06:00,N21,low,2.0NRT,302.11,6.29,D,VIIRS
47.49919,34.66971,339.74,0.48,0.48,2026-08-15,11:06:00,N21,nominal,2.0NRT,311.49,5.58,D,VIIRS
47.56174,35.90252,352.16,0.54,0.51,2026-08-15,11:06:00,N21,nominal,2.0NRT,307.32,8.55,D,VIIRS
47.07947,30.30557,340.61,0.47,0.4,2026-08-15,11:06:00,N21,nominal,2.0NRT,311.42,3.15,D,VIIRS
47.07653,30.31253,342.41,0.47,0.4,2026-08-15,11:06:00,N21,nominal,2.0NRT,311.33,104.62,D,VIIRS
47.3117,32.68994,343.41,0.39,0.44,2026-08-15,11:06:00,N21,nominal,2.0NRT,314.42,13.14,D,VIIRS
47.06867,30.30821,344.71,0.47,0.4,2026-08-15,11:06:00,N21,nominal,2.0NRT,310,5.59,D,VIIRS
47.06934,30.31432,347.22,0.47,0.4,2026-08-15,11:06:00,N21,nominal,2.0NRT,306.83,5.59,D,VIIRS
47.54346,35.99298,342.17,0.55,0.51,2026-08-15,11:06:00,N21,nominal,2.0NRT,310.51,12.05,D,VIIRS
47.21038,31.80165,334.87,0.53,0.42,2026-08-15,11:06:00,N21,nominal,2.0NRT,307.02,8.18,D,VIIRS
47.20861,31.80264,334.39,0.53,0.42,2026-08-15,11:06:00,N21,low,2.0NRT,304.75,6.46,D,VIIRS
47.45415,34.6591,333.06,0.47,0.48,2026-08-15,11:06:00,N21,nominal,2.0NRT,303.08,2.29,D,VIIRS
47.54153,35.99361,341.91,0.55,0.51,2026-08-15,11:06:00,N21,nominal,2.0NRT,310.42,9.09,D,VIIRS
47.5435,36.17875,331.94,0.56,0.52,2026-08-15,11:06:00,N21,nominal,2.0NRT,305.63,2.29,D,VIIRS
47.55029,36.29106,334.26,0.57,0.52,2026-08-15,11:06:00,N21,nominal,2.0NRT,305.08,4.52,D,VIIRS
47.57722,36.84454,339.98,0.6,0.53,2026-08-15,11:06:00,N21,nominal,2.0NRT,303.58,7.2,D,VIIRS
47.35016,33.66717,341.53,0.43,0.46,2026-08-15,11:06:00,N21,nominal,2.0NRT,307.26,4.35,D,VIIRS
47.38928,34.15507,342.71,0.45,0.47,2026-08-15,11:06:00,N21,nominal,2.0NRT,306.7,9.7,D,VIIRS
47.3469,33.67923,336.35,0.43,0.46,2026-08-15,11:06:00,N21,nominal,2.0NRT,304.59,5.26,D,VIIRS
47.38762,34.24582,331.58,0.45,0.47,2026-08-15,11:06:00,N21,low,2.0NRT,304.29,6.8,D,VIIRS
47.38807,34.25184,355.28,0.45,0.47,2026-08-15,11:06:00,N21,nominal,2.0NRT,303.33,6.8,D,VIIRS
47.38423,34.25858,340.31,0.45,0.47,2026-08-15,11:06:00,N21,nominal,2.0NRT,302.5,3.56,D,VIIRS
47.38515,34.27062,343.8,0.46,0.47,2026-08-15,11:06:00,N21,nominal,2.0NRT,307.54,15.12,D,VIIRS
47.37993,34.25931,340,0.45,0.47,2026-08-15,11:06:00,N21,nominal,2.0NRT,303.62,3.56,D,VIIRS
47.00276,30.28842,334.31,0.47,0.39,2026-08-15,11:06:00,N21,nominal,2.0NRT,306.41,2.38,D,VIIRS
47.37242,34.21803,337.97,0.45,0.47,2026-08-15,11:06:00,N21,nominal,2.0NRT,305.8,3.22,D,VIIRS
47.46104,35.53835,349.58,0.52,0.5,2026-08-15,11:06:00,N21,nominal,2.0NRT,315.09,23.93,D,VIIRS
47.3523,34.23962,332.96,0.45,0.47,2026-08-15,11:06:00,N21,low,2.0NRT,305.64,4.92,D,VIIRS
47.35276,34.24565,350.25,0.45,0.47,2026-08-15,11:06:00,N21,nominal,2.0NRT,307.46,4.92,D,VIIRS
47.51408,36.86036,343.75,0.6,0.53,2026-08-15,11:06:00,N21,nominal,2.0NRT,302.53,11.28,D,VIIRS
47.41807,35.51685,337.23,0.52,0.5,2026-08-15,11:06:00,N21,low,2.0NRT,310.22,3.63,D,VIIRS
47.3203,34.16048,338.35,0.45,0.47,2026-08-15,11:06:00,N21,nominal,2.0NRT,302.07,6.34,D,VIIRS
47.32074,34.16642,350.35,0.45,0.47,2026-08-15,11:06:00,N21,nominal,2.0NRT,307.16,6.34,D,VIIRS
47.40525,35.38705,340.73,0.51,0.5,2026-08-15,11:06:00,N21,nominal,2.0NRT,309.36,6.94,D,VIIRS
47.48063,36.68813,337.18,0.59,0.53,2026-08-15,11:06:00,N21,nominal,2.0NRT,304.37,4.58,D,VIIRS
46.96769,30.37224,336.75,0.47,0.4,2026-08-15,11:06:00,N21,nominal,2.0NRT,310.73,2.41,D,VIIRS
47.18711,32.58435,341.84,0.57,0.43,2026-08-15,11:06:00,N21,low,2.0NRT,312.54,105.12,D,VIIRS
47.24337,33.23885,341.87,0.41,0.45,2026-08-15,11:06:00,N21,nominal,2.0NRT,309.13,4.98,D,VIIRS
47.27596,33.64048,340.09,0.43,0.46,2026-08-15,11:06:00,N21,nominal,2.0NRT,306.32,3.58,D,VIIRS
47.31602,34.16116,341.77,0.45,0.47,2026-08-15,11:06:00,N21,nominal,2.0NRT,305.78,5.56,D,VIIRS
47.31646,34.16708,340.52,0.45,0.47,2026-08-15,11:06:00,N21,nominal,2.0NRT,302.74,5.56,D,VIIRS
47.47619,36.6966,332.6,0.59,0.53,2026-08-15,11:06:00,N21,low,2.0NRT,305.97,6.35,D,VIIRS
47.18487,32.58348,314.26,0.57,0.43,2026-08-15,11:06:00,N21,low,2.0NRT,319.25,58.13,D,VIIRS
47.18558,32.59102,339.61,0.57,0.43,2026-08-15,11:06:00,N21,low,2.0NRT,313.41,44.67,D,VIIRS
47.24456,33.23939,345.09,0.41,0.45,2026-08-15,11:06:00,N21,nominal,2.0NRT,309.64,5.26,D,VIIRS
47.32254,34.16624,332.38,0.45,0.47,2026-08-15,11:06:00,N21,nominal,2.0NRT,304.98,11.18,D,VIIRS
47.27505,33.64117,340.59,0.43,0.46,2026-08-15,11:06:00,N21,nominal,2.0NRT,305.88,4.51,D,VIIRS
47.31778,34.16097,339.85,0.45,0.47,2026-08-15,11:06:00,N21,nominal,2.0NRT,305.79,8.87,D,VIIRS
47.41809,35.51579,336.23,0.52,0.5,2026-08-15,11:06:00,N21,low,2.0NRT,310.25,4.8,D,VIIRS
47.31824,34.16687,367,0.45,0.47,2026-08-15,11:06:00,N21,high,2.0NRT,306.73,11.18,D,VIIRS
47.40459,35.38618,340.2,0.51,0.5,2026-08-15,11:06:00,N21,nominal,2.0NRT,309.81,6.11,D,VIIRS
47.30445,34.15699,330.02,0.45,0.47,2026-08-15,11:06:00,N21,low,2.0NRT,303.84,3.71,D,VIIRS
47.47728,36.68633,334.24,0.59,0.53,2026-08-15,11:06:00,N21,low,2.0NRT,304.74,5.81,D,VIIRS
47.47773,36.6941,338,0.59,0.53,2026-08-15,11:06:00,N21,nominal,2.0NRT,306.84,5.81,D,VIIRS
47.26681,33.74568,337.89,0.43,0.46,2026-08-15,11:06:00,N21,nominal,2.0NRT,306.98,4.67,D,VIIRS
47.47287,36.69478,334.57,0.59,0.53,2026-08-15,11:06:00,N21,low,2.0NRT,306.88,5.81,D,VIIRS
47.50142,37.51373,332.11,0.32,0.55,2026-08-15,11:06:00,N21,nominal,2.0NRT,303.87,3.84,D,VIIRS
47.20727,33.2409,344.34,0.41,0.45,2026-08-15,11:06:00,N21,nominal,2.0NRT,311.41,5.24,D,VIIRS
47.20364,33.24701,343.78,0.41,0.45,2026-08-15,11:06:00,N21,nominal,2.0NRT,312.34,8.75,D,VIIRS
47.33333,34.88953,342.4,0.49,0.48,2026-08-15,11:06:00,N21,nominal,2.0NRT,308.01,5.19,D,VIIRS
47.32936,34.89664,337.1,0.49,0.48,2026-08-15,11:06:00,N21,low,2.0NRT,310.42,5.19,D,VIIRS
47.20381,33.49586,342.74,0.42,0.45,2026-08-15,11:06:00,N21,nominal,2.0NRT,309.2,53.21,D,VIIRS
47.20472,33.5069,352.92,0.42,0.45,2026-08-15,11:06:00,N21,nominal,2.0NRT,315.85,143.17,D,VIIRS
47.31434,34.93813,346.07,0.49,0.48,2026-08-15,11:06:00,N21,nominal,2.0NRT,306.12,8.93,D,VIIRS
47.20427,33.50138,367,0.42,0.45,2026-08-15,11:06:00,N21,high,2.0NRT,358.51,143.17,D,VIIRS
47.13797,32.77986,348.79,0.39,0.44,2026-08-15,11:06:00,N21,nominal,2.0NRT,312.4,5.9,D,VIIRS
47.138420000000004,32.78498,335.32,0.39,0.44,2026-08-15,11:06:00,N21,low,2.0NRT,307.62,5.9,D,VIIRS
47.18366,33.30549,341.54,0.41,0.45,2026-08-15,11:06:00,N21,nominal,2.0NRT,309.97,3.64,D,VIIRS
47.20012,33.50214,333.68,0.42,0.45,2026-08-15,11:06:00,N21,nominal,2.0NRT,305.24,2.85,D,VIIRS
47.17956,33.30625,336.71,0.41,0.45,2026-08-15,11:06:00,N21,low,2.0NRT,311.55,3.64,D,VIIRS
47.17501,33.30162,338.32,0.41,0.45,2026-08-15,11:06:00,N21,nominal,2.0NRT,310.08,1.62,D,VIIRS
47.31485,35.20922,346.05,0.5,0.49,2026-08-15,11:06:00,N21,nominal,2.0NRT,309.89,8.93,D,VIIRS
47.32642,35.38393,333.44,0.51,0.49,2026-08-15,11:06:00,N21,low,2.0NRT,307.24,5.76,D,VIIRS
47.3108,35.21658,341.02,0.5,0.49,2026-08-15,11:06:00,N21,nominal,2.0NRT,305.47,5.67,D,VIIRS
47.31169,35.22992,343.49,0.5,0.49,2026-08-15,11:06:00,N21,nominal,2.0NRT,308.86,9.82,D,VIIRS
47.17743,33.58505,344.45,0.42,0.45,2026-08-15,11:06:00,N21,nominal,2.0NRT,310.84,7.74,D,VIIRS
47.42145,37.65385,352.28,0.33,0.55,2026-08-15,11:06:00,N21,nominal,2.0NRT,304.27,6.79,D,VIIRS
47.42163,37.65815,351.12,0.33,0.55,2026-08-15,11:06:00,N21,nominal,2.0NRT,306.82,8.74,D,VIIRS
47.43433,37.95675,343.14,0.34,0.56,2026-08-15,11:06:00,N21,nominal,2.0NRT,308.33,9.13,D,VIIRS
46.9369,31.09671,338.14,0.5,0.41,2026-08-15,11:06:00,N21,nominal,2.0NRT,311.86,8.89,D,VIIRS
47.23379,34.49265,342.19,0.46,0.47,2026-08-15,11:06:00,N21,nominal,2.0NRT,308.5,10.8,D,VIIRS
46.9332,31.09758,346.96,0.5,0.41,2026-08-15,11:06:00,N21,nominal,2.0NRT,313.86,8.89,D,VIIRS
47.22636,34.45049,351.16,0.46,0.47,2026-08-15,11:06:00,N21,nominal,2.0NRT,307.85,7.88,D,VIIRS
46.93549,31.09823,342.11,0.5,0.41,2026-08-15,11:06:00,N21,nominal,2.0NRT,312.25,7.69,D,VIIRS
46.93178,31.09909,347.46,0.5,0.41,2026-08-15,11:06:00,N21,nominal,2.0NRT,310.56,7.69,D,VIIRS
47.23235,34.48832,338.49,0.46,0.47,2026-08-15,11:06:00,N21,low,2.0NRT,308.87,6.28,D,VIIRS
47.23283,34.49444,339.19,0.46,0.47,2026-08-15,11:06:00,N21,nominal,2.0NRT,306.82,2.89,D,VIIRS
47.22518,34.45235,341.15,0.46,0.47,2026-08-15,11:06:00,N21,nominal,2.0NRT,307.4,9.86,D,VIIRS
47.42319,37.65713,350.88,0.33,0.55,2026-08-15,11:06:00,N21,nominal,2.0NRT,305.41,5.25,D,VIIRS
47.43769,37.95982,341.93,0.34,0.56,2026-08-15,11:06:00,N21,nominal,2.0NRT,305.59,7.17,D,VIIRS
47.4179,37.65339,336.55,0.33,0.55,2026-08-15,11:06:00,N21,nominal,2.0NRT,302.82,5.08,D,VIIRS
47.41812,37.65768,330.18,0.33,0.55,2026-08-15,11:06:00,N21,low,2.0NRT,303.49,5.25,D,VIIRS
47.41496,37.805,335.98,0.33,0.56,2026-08-15,11:06:00,N21,nominal,2.0NRT,304.7,2.41,D,VIIRS
47.41516,37.8094,337.38,0.33,0.56,2026-08-15,11:06:00,N21,low,2.0NRT,308.38,8.05,D,VIIRS
47.19046,34.2866,350.41,0.45,0.47,2026-08-15,11:06:00,N21,nominal,2.0NRT,308.93,14.45,D,VIIRS
47.19093,34.29259,337.51,0.45,0.47,2026-08-15,11:06:00,N21,nominal,2.0NRT,308.85,3.98,D,VIIRS
47.25931,35.3539,342.67,0.51,0.49,2026-08-15,11:06:00,N21,nominal,2.0NRT,311.88,38.2,D,VIIRS
47.27573,35.59951,342.03,0.52,0.5,2026-08-15,11:06:00,N21,nominal,2.0NRT,309.24,5.12,D,VIIRS
47.23465,35.06313,341.97,0.49,0.49,2026-08-15,11:06:00,N21,nominal,2.0NRT,304.95,7.18,D,VIIRS
47.27116,35.60028,341.24,0.52,0.5,2026-08-15,11:06:00,N21,nominal,2.0NRT,310.28,5.12,D,VIIRS
46.96472,32.19353,340.72,0.55,0.43,2026-08-15,11:06:00,N21,nominal,2.0NRT,310.46,6.23,D,VIIRS
47.1285,34.15865,318.2,0.45,0.47,2026-08-15,11:06:00,N21,low,2.0NRT,324.74,33.65,D,VIIRS
47.12896,34.16455,343.9,0.45,0.47,2026-08-15,11:06:00,N21,nominal,2.0NRT,307.61,33.65,D,VIIRS
47.19267,35.04334,345.21,0.49,0.49,2026-08-15,11:06:00,N21,nominal,2.0NRT,310.19,11.13,D,VIIRS
47.12423,34.15939,343.3,0.45,0.47,2026-08-15,11:06:00,N21,nominal,2.0NRT,307.42,33.65,D,VIIRS
47.12468,34.16529,341.83,0.45,0.47,2026-08-15,11:06:00,N21,nominal,2.0NRT,307.66,33.65,D,VIIRS
47.3365,37.65808,336.93,0.33,0.55,2026-08-15,11:06:00,N21,nominal,2.0NRT,306.15,3.27,D,VIIRS
47.33122,37.65424,341.2,0.33,0.55,2026-08-15,11:06:00,N21,nominal,2.0NRT,301.91,9.76,D,VIIRS
47.33142,37.65868,367,0.33,0.55,2026-08-15,11:06:00,N21,high,2.0NRT,306.6,14.89,D,VIIRS
47.11122,34.10207,337.09,0.44,0.46,2026-08-15,11:06:00,N21,nominal,2.0NRT,307.33,3.07,D,VIIRS
47.1027,34.10355,335.16,0.44,0.46,2026-08-15,11:06:00,N21,low,2.0NRT,308.52,3.34,D,VIIRS
47.09507,34.11677,339,0.44,0.46,2026-08-15,11:06:00,N21,low,2.0NRT,310.05,6.55,D,VIIRS
47.0965,34.11798,343.45,0.44,0.46,2026-08-15,11:06:00,N21,nominal,2.0NRT,310.4,4.67,D,VIIRS
47.10601,34.51628,346.31,0.46,0.47,2026-08-15,11:06:00,N21,nominal,2.0NRT,308.47,5.65,D,VIIRS
47.19031,35.84519,346.66,0.54,0.51,2026-08-15,11:06:00,N21,nominal,2.0NRT,309.41,11.5,D,VIIRS
47.28304,37.46875,344.41,0.32,0.55,2026-08-15,11:06:00,N21,nominal,2.0NRT,306.91,9.29,D,VIIRS
46.91453,32.41845,337.27,0.56,0.43,2026-08-15,11:06:00,N21,low,2.0NRT,311.9,4.78,D,VIIRS
47.27781,37.46526,345.53,0.32,0.55,2026-08-15,11:06:00,N21,nominal,2.0NRT,304.61,5.25,D,VIIRS
47.00412,33.51408,342.79,0.42,0.45,2026-08-15,11:06:00,N21,nominal,2.0NRT,309.6,7.32,D,VIIRS
46.99907,33.55406,343.57,0.42,0.45,2026-08-15,11:06:00,N21,nominal,2.0NRT,310.14,5.01,D,VIIRS
47.24609,37.3339,338.4,0.63,0.54,2026-08-15,11:06:00,N21,nominal,2.0NRT,300.14,18.99,D,VIIRS
46.6711,30.35242,335.45,0.46,0.39,2026-08-15,11:06:00,N21,low,2.0NRT,307.47,4.24,D,VIIRS
46.66751,30.35328,336.98,0.46,0.39,2026-08-15,11:06:00,N21,low,2.0NRT,307.84,4.24,D,VIIRS
46.89348,32.58075,338.94,0.57,0.43,2026-08-15,11:06:00,N21,low,2.0NRT,312.92,6.05,D,VIIRS
47.13995,36.01787,344,0.55,0.51,2026-08-15,11:06:00,N21,nominal,2.0NRT,309.56,5.95,D,VIIRS
47.13527,36.01851,340.74,0.55,0.51,2026-08-15,11:06:00,N21,nominal,2.0NRT,305.12,5.95,D,VIIRS
46.95438,33.57315,350.05,0.42,0.45,2026-08-15,11:06:00,N21,nominal,2.0NRT,309.09,5.64,D,VIIRS
46.62746,30.25813,344.59,0.46,0.39,2026-08-15,11:06:00,N21,nominal,2.0NRT,309.09,3.97,D,VIIRS
46.98736,34.10114,337.72,0.44,0.46,2026-08-15,11:06:00,N21,nominal,2.0NRT,308.82,5.03,D,VIIRS
46.9878,34.10697,342.11,0.44,0.46,2026-08-15,11:06:00,N21,nominal,2.0NRT,308.27,4.67,D,VIIRS
46.62594,30.25915,341.85,0.46,0.39,2026-08-15,11:06:00,N21,nominal,2.0NRT,310.69,5.51,D,VIIRS
46.95265,33.57422,345.2,0.42,0.45,2026-08-15,11:06:00,N21,nominal,2.0NRT,309.91,9.76,D,VIIRS
46.95552,33.60759,341.77,0.42,0.45,2026-08-15,11:06:00,N21,nominal,2.0NRT,306.76,2.1,D,VIIRS
47.1375,36.01693,351.33,0.55,0.51,2026-08-15,11:06:00,N21,nominal,2.0NRT,307.61,9.72,D,VIIRS
46.98831,34.10133,338.02,0.44,0.46,2026-08-15,11:06:00,N21,nominal,2.0NRT,309.38,4.54,D,VIIRS
46.98878,34.10715,341.93,0.44,0.46,2026-08-15,11:06:00,N21,nominal,2.0NRT,308.86,4.54,D,VIIRS
47.09425,35.85753,344.15,0.54,0.51,2026-08-15,11:06:00,N21,nominal,2.0NRT,309.02,6.16,D,VIIRS
47.13933,36.84435,339.28,0.6,0.53,2026-08-15,11:06:00,N21,nominal,2.0NRT,307.91,8.1,D,VIIRS
47.03658,35.27238,352.6,0.5,0.49,2026-08-15,11:06:00,N21,nominal,2.0NRT,306.23,5.66,D,VIIRS
47.03703,35.279,335.77,0.5,0.49,2026-08-15,11:06:00,N21,low,2.0NRT,308.96,5.66,D,VIIRS
47.13446,36.84505,341.19,0.6,0.53,2026-08-15,11:06:00,N21,nominal,2.0NRT,308.16,8.1,D,VIIRS
47.03162,35.26641,336.77,0.5,0.49,2026-08-15,11:06:00,N21,nominal,2.0NRT,305.22,3.87,D,VIIRS
48.11029,37.12002,340.18,0.63,0.54,2026-08-15,11:06:00,N21,nominal,2.0NRT,302.99,22.37,D,VIIRS
47.4606,35.53143,341.06,0.52,0.5,2026-08-15,11:06:00,N21,nominal,2.0NRT,309.77,12.82,D,VIIRS
49.52569,36.54518,336.91,0.61,0.53,2026-08-15,11:06:00,N21,nominal,2.0NRT,297.77,8.74,D,VIIRS
49.60181,37.68208,336.81,0.34,0.56,2026-08-15,11:06:00,N21,nominal,2.0NRT,300.57,4.55,D,VIIRS
49.60162,37.67739,344.43,0.34,0.56,2026-08-15,11:06:00,N21,nominal,2.0NRT,301.97,4.55,D,VIIRS
49.60881,37.4771,346.84,0.34,0.56,2026-08-15,11:06:00,N21,nominal,2.0NRT,300.54,4.56,D,VIIRS
49.28181,32.23676,335.27,0.39,0.44,2026-08-15,11:06:00,N21,nominal,2.0NRT,299.58,3.18,D,VIIRS
49.68066,37.67183,326.68,0.34,0.56,2026-08-15,11:06:00,N21,nominal,2.0NRT,299.97,2,D,VIIRS
49.68047,37.66699,326.94,0.34,0.56,2026-08-15,11:06:00,N21,nominal,2.0NRT,300.47,3.15,D,VIIRS
49.72705,37.66258,344.71,0.34,0.56,2026-08-15,11:06:00,N21,nominal,2.0NRT,302.51,4.77,D,VIIRS
49.72686,37.65776,348.57,0.34,0.56,2026-08-15,11:06:00,N21,nominal,2.0NRT,304.06,4.77,D,VIIRS
49.73204,37.65732,338.2,0.34,0.56,2026-08-15,11:06:00,N21,nominal,2.0NRT,306.81,4.77,D,VIIRS
49.73198,37.53261,327.03,0.34,0.56,2026-08-15,11:06:00,N21,nominal,2.0NRT,295.79,3.12,D,VIIRS
49.73388,37.52966,345.77,0.34,0.56,2026-08-15,11:06:00,N21,nominal,2.0NRT,297.01,3.79,D,VIIRS
49.75774,37.61307,367,0.34,0.56,2026-08-15,11:06:00,N21,high,2.0NRT,306.38,16.42,D,VIIRS
49.77585,37.81921,354.41,0.35,0.57,2026-08-15,11:06:00,N21,nominal,2.0NRT,299.01,10.08,D,VIIRS
49.77567,37.81441,337.69,0.35,0.57,2026-08-15,11:06:00,N21,nominal,2.0NRT,297.86,8.46,D,VIIRS
49.80203,38.43178,337.82,0.37,0.58,2026-08-15,11:06:00,N21,nominal,2.0NRT,296.48,5.5,D,VIIRS
49.78045,37.66407,337.18,0.34,0.56,2026-08-15,11:06:00,N21,nominal,2.0NRT,302.87,4.93,D,VIIRS
49.78748,37.71148,326.87,0.35,0.56,2026-08-15,11:06:00,N21,low,2.0NRT,300.22,2.72,D,VIIRS
49.78582,37.66833,354.08,0.34,0.56,2026-08-15,11:06:00,N21,nominal,2.0NRT,304.31,4.93,D,VIIRS
49.80786,37.6999,347.22,0.34,0.56,2026-08-15,11:06:00,N21,nominal,2.0NRT,302.41,5.33,D,VIIRS
49.81282,37.56447,330.69,0.34,0.56,2026-08-15,11:06:00,N21,nominal,2.0NRT,298.76,2.59,D,VIIRS
49.82052,37.5009,347.36,0.34,0.56,2026-08-15,11:06:00,N21,nominal,2.0NRT,299.09,6.14,D,VIIRS
49.83257,37.30384,333.88,0.33,0.55,2026-08-15,11:06:00,N21,nominal,2.0NRT,299.27,2.56,D,VIIRS
49.82847,36.78812,339.97,0.63,0.54,2026-08-15,11:06:00,N21,nominal,2.0NRT,302.72,23.37,D,VIIRS
49.82804,36.77948,334.79,0.63,0.54,2026-08-15,11:06:00,N21,nominal,2.0NRT,298.16,12.19,D,VIIRS
49.83033,37.30378,335.95,0.33,0.55,2026-08-15,11:06:00,N21,nominal,2.0NRT,298.55,2.63,D,VIIRS
49.82862,36.78307,349.6,0.63,0.54,2026-08-15,11:06:00,N21,nominal,2.0NRT,303.9,19.84,D,VIIRS
49.86963,37.65515,335.9,0.34,0.56,2026-08-15,11:06:00,N21,nominal,2.0NRT,301.3,4.59,D,VIIRS
49.8336,36.78254,330.73,0.63,0.54,2026-08-15,11:06:00,N21,nominal,2.0NRT,299.45,19.84,D,VIIRS
49.8759,37.68351,339.57,0.34,0.56,2026-08-15,11:06:00,N21,nominal,2.0NRT,299.41,7.77,D,VIIRS
48.3141,22.69236,339.51,0.4,0.37,2026-08-15,11:06:00,N21,nominal,2.0NRT,305.22,4.76,D,VIIRS
49.90646,37.80252,367,0.35,0.57,2026-08-15,11:06:00,N21,high,2.0NRT,299.24,7.33,D,VIIRS
49.90665,37.8074,332.26,0.35,0.57,2026-08-15,11:06:00,N21,nominal,2.0NRT,295.45,7.33,D,VIIRS
49.90628,37.79762,340.13,0.35,0.57,2026-08-15,11:06:00,N21,nominal,2.0NRT,299.17,6.97,D,VIIRS
49.91187,37.80698,367,0.35,0.57,2026-08-15,11:06:00,N21,high,2.0NRT,297.64,12.72,D,VIIRS
49.91168,37.80207,346.73,0.35,0.57,2026-08-15,11:06:00,N21,nominal,2.0NRT,303.07,12.72,D,VIIRS
49.9115,37.79712,354,0.35,0.57,2026-08-15,11:06:00,N21,nominal,2.0NRT,303.42,14.17,D,VIIRS
49.90722,37.68574,330.06,0.34,0.56,2026-08-15,11:06:00,N21,nominal,2.0NRT,297.15,2.83,D,VIIRS
49.91671,37.79666,367,0.35,0.57,2026-08-15,11:06:00,N21,high,2.0NRT,304.94,14.17,D,VIIRS
48.87246,25.67048,338.32,0.39,0.36,2026-08-15,11:06:00,N21,low,2.0NRT,308.37,4.57,D,VIIRS
48.87497,25.6642,332.91,0.39,0.36,2026-08-15,11:06:00,N21,low,2.0NRT,307.76,4.57,D,VIIRS
49.01189,25.66453,332.35,0.39,0.36,2026-08-15,11:06:00,N21,low,2.0NRT,304.77,12.61,D,VIIRS
49.01514,25.66343,335.35,0.39,0.36,2026-08-15,11:06:00,N21,low,2.0NRT,308.15,30.37,D,VIIRS
50.11372,37.58063,367,0.34,0.56,2026-08-15,11:06:00,N21,high,2.0NRT,301.46,8.03,D,VIIRS
50.08717,36.83469,340.53,0.63,0.54,2026-08-15,11:06:00,N21,nominal,2.0NRT,301.34,14.32,D,VIIRS
50.12349,37.5653,326.67,0.34,0.56,2026-08-15,11:06:00,N21,low,2.0NRT,297.41,2.53,D,VIIRS
50.12185,37.27499,367,0.33,0.55,2026-08-15,11:06:00,N21,high,2.0NRT,301.35,7.27,D,VIIRS
50.12225,37.28438,348.92,0.33,0.55,2026-08-15,11:06:00,N21,nominal,2.0NRT,301.43,9.33,D,VIIRS
50.12205,37.27966,348.24,0.33,0.55,2026-08-15,11:06:00,N21,nominal,2.0NRT,302.62,7.27,D,VIIRS
50.16897,36.86715,330.36,0.32,0.54,2026-08-15,11:06:00,N21,nominal,2.0NRT,300.97,3.57,D,VIIRS
50.18993,36.99984,332.82,0.32,0.55,2026-08-15,11:06:00,N21,nominal,2.0NRT,295.9,2.1,D,VIIRS
50.19497,36.99917,367,0.32,0.55,2026-08-15,11:06:00,N21,high,2.0NRT,301.1,9.13,D,VIIRS
50.19537,37.00831,349.58,0.32,0.55,2026-08-15,11:06:00,N21,nominal,2.0NRT,297.24,10.48,D,VIIRS
50.22392,37.57418,334.99,0.34,0.56,2026-08-15,11:06:00,N21,nominal,2.0NRT,301.53,3.09,D,VIIRS
48.82291,23.39961,337.97,0.39,0.36,2026-08-15,11:06:00,N21,nominal,2.0NRT,296.83,4.87,D,VIIRS
50.28578,36.89642,341.91,0.32,0.55,2026-08-15,11:06:00,N21,nominal,2.0NRT,298.83,2.49,D,VIIRS
50.2842,36.86056,341.79,0.32,0.54,2026-08-15,11:06:00,N21,nominal,2.0NRT,298.91,5.78,D,VIIRS
50.32153,37.01899,367,0.32,0.55,2026-08-15,11:06:00,N21,high,2.0NRT,307.02,33.85,D,VIIRS
50.32133,37.01445,346.88,0.32,0.55,2026-08-15,11:06:00,N21,nominal,2.0NRT,302.08,27.61,D,VIIRS
50.31973,36.97834,327.5,0.32,0.55,2026-08-15,11:06:00,N21,low,2.0NRT,297.63,3.08,D,VIIRS
49.1741,25.0484,334.55,0.38,0.36,2026-08-15,11:06:00,N21,nominal,2.0NRT,303.83,5.69,D,VIIRS
49.6239,26.89695,330.02,0.4,0.37,2026-08-15,11:06:00,N21,low,2.0NRT,300.52,3.52,D,VIIRS
49.83065,27.65682,342.31,0.42,0.38,2026-08-15,11:06:00,N21,nominal,2.0NRT,305.94,5.95,D,VIIRS
49.4206,24.65877,333.52,0.38,0.36,2026-08-15,11:06:00,N21,nominal,2.0NRT,304.71,4.13,D,VIIRS
49.44466,23.25555,329.35,0.39,0.36,2026-08-15,11:06:00,N21,nominal,2.0NRT,300.07,2.52,D,VIIRS
50.3902,30.06406,340.38,0.5,0.41,2026-08-15,11:06:00,N21,nominal,2.0NRT,304.76,6.34,D,VIIRS
50.51702,30.13965,329.63,0.5,0.41,2026-08-15,11:06:00,N21,low,2.0NRT,300.99,2.39,D,VIIRS
50.27328,26.07086,330.39,0.4,0.37,2026-08-15,11:06:00,N21,nominal,2.0NRT,298.91,8.92,D,VIIRS
49.98273,23.35771,337.76,0.39,0.36,2026-08-15,11:06:00,N21,nominal,2.0NRT,311.87,11.97,D,VIIRS
49.98683,23.36172,332.08,0.39,0.36,2026-08-15,11:06:00,N21,low,2.0NRT,305.03,10.84,D,VIIRS
49.98597,23.35644,350.59,0.39,0.36,2026-08-15,11:06:00,N21,nominal,2.0NRT,315.1,10.84,D,VIIRS
49.98512,23.35117,331.6,0.39,0.36,2026-08-15,11:06:00,N21,nominal,2.0NRT,303.5,3.34,D,VIIRS
49.99007,23.36045,331.06,0.39,0.36,2026-08-15,11:06:00,N21,nominal,2.0NRT,299.14,10.84,D,VIIRS
49.98921,23.35517,337.68,0.39,0.36,2026-08-15,11:06:00,N21,nominal,2.0NRT,303.25,10.84,D,VIIRS
50.31379,25.28951,333.11,0.39,0.36,2026-08-15,11:06:00,N21,low,2.0NRT,304.47,4.53,D,VIIRS
50.41728,24.23049,336.63,0.38,0.36,2026-08-15,11:06:00,N21,nominal,2.0NRT,303.04,2.17,D,VIIRS
50.69751,25.12292,335.88,0.39,0.36,2026-08-15,11:06:00,N21,nominal,2.0NRT,304.91,2.96,D,VIIRS
50.70077,25.12174,335.77,0.39,0.36,2026-08-15,11:06:00,N21,nominal,2.0NRT,308.18,2.96,D,VIIRS
50.7176,25.02486,336.31,0.39,0.36,2026-08-15,11:06:00,N21,low,2.0NRT,308.83,3.12,D,VIIRS
52.03159,32.7529,344.77,0.44,0.46,2026-08-15,11:06:00,N21,nominal,2.0NRT,291.67,12.55,D,VIIRS
52.03113,32.74648,327.48,0.44,0.46,2026-08-15,11:06:00,N21,nominal,2.0NRT,294.14,6.46,D,VIIRS
52.03067,32.74007,342.17,0.44,0.46,2026-08-15,11:06:00,N21,nominal,2.0NRT,298.09,6.46,D,VIIRS
52.03537,32.74565,347.75,0.44,0.46,2026-08-15,11:06:00,N21,nominal,2.0NRT,300.17,6.46,D,VIIRS
52.0349,32.73925,346.62,0.44,0.46,2026-08-15,11:06:00,N21,nominal,2.0NRT,300.97,6.46,D,VIIRS
52.01468,31.97938,342.74,0.41,0.45,2026-08-15,11:06:00,N21,nominal,2.0NRT,294.29,7.16,D,VIIRS
52.01877,31.97851,345.97,0.41,0.45,2026-08-15,11:06:00,N21,nominal,2.0NRT,302.42,7.16,D,VIIRS
52.01829,31.97256,326.51,0.41,0.45,2026-08-15,11:06:00,N21,low,2.0NRT,300.51,6.32,D,VIIRS
52.02287,31.97766,347.46,0.41,0.45,2026-08-15,11:06:00,N21,nominal,2.0NRT,295.67,8.84,D,VIIRS
52.02238,31.9717,341.55,0.41,0.45,2026-08-15,11:06:00,N21,nominal,2.0NRT,293.51,5.71,D,VIIRS
52.05024,31.81497,328.33,0.4,0.44,2026-08-15,11:06:00,N21,nominal,2.0NRT,299.05,3.79,D,VIIRS
52.14582,32.34061,326.55,0.42,0.45,2026-08-15,11:06:00,N21,nominal,2.0NRT,290.87,4.41,D,VIIRS
51.61094,27.01899,332.58,0.42,0.38,2026-08-15,11:06:00,N21,nominal,2.0NRT,295.99,5.12,D,VIIRS
51.57844,26.62206,328.95,0.41,0.37,2026-08-15,11:06:00,N21,low,2.0NRT,301.29,3.18,D,VIIRS
51.64462,26.67189,337.18,0.41,0.37,2026-08-15,11:06:00,N21,nominal,2.0NRT,301.92,5.5,D,VIIRS
51.64388,26.66599,331.24,0.41,0.37,2026-08-15,11:06:00,N21,nominal,2.0NRT,301.2,4.45,D,VIIRS
52.35233,33.28345,301.26,0.46,0.47,2026-08-15,23:18:00,N21,nominal,2.0NRT,284.43,0.94,N,VIIRS
52.0117,31.976680000000002,299.97,0.51,0.5,2026-08-15,23:18:00,N21,nominal,2.0NRT,282.51,1.28,N,VIIRS
52.01122,31.98418,299.38,0.51,0.49,2026-08-15,23:18:00,N21,nominal,2.0NRT,281.87,1.28,N,VIIRS
51.75332,34.30469,311.35,0.41,0.45,2026-08-15,23:18:00,N21,nominal,2.0NRT,282.53,1.93,N,VIIRS
51.75483,34.30452,313.55,0.41,0.45,2026-08-15,23:18:00,N21,nominal,2.0NRT,282.81,1.98,N,VIIRS
51.36518,34.23035,313.32,0.41,0.45,2026-08-15,23:18:00,N21,nominal,2.0NRT,282.41,2.31,N,VIIRS
51.21764,34.26818,303.78,0.4,0.45,2026-08-15,23:18:00,N21,nominal,2.0NRT,283.69,1.04,N,VIIRS
51.2188,34.26751,311.75,0.4,0.45,2026-08-15,23:18:00,N21,nominal,2.0NRT,284.08,1.35,N,VIIRS
47.35824,34.66959,313.71,0.53,0.42,2026-08-15,23:20:00,N21,nominal,2.0NRT,284.22,3.3,N,VIIRS
47.35371,34.67575,314.95,0.53,0.42,2026-08-15,23:20:00,N21,nominal,2.0NRT,283.94,1.95,N,VIIRS
47.33147,34.89666,297.15,0.52,0.41,2026-08-15,23:20:00,N21,nominal,2.0NRT,283.47,0.73,N,VIIRS
47.34989,34.67492,312.18,0.53,0.42,2026-08-15,23:20:00,N21,nominal,2.0NRT,283.53,1.89,N,VIIRS
47.34607,34.67409,312.53,0.53,0.42,2026-08-15,23:20:00,N21,nominal,2.0NRT,284.41,1.89,N,VIIRS
47.34224,34.67326,317.01,0.53,0.42,2026-08-15,23:20:00,N21,nominal,2.0NRT,284.85,1.91,N,VIIRS
47.31665,34.92825,296.81,0.52,0.41,2026-08-15,23:20:00,N21,nominal,2.0NRT,283.68,1.03,N,VIIRS
47.37712,34.27394,303,0.55,0.43,2026-08-15,23:20:00,N21,nominal,2.0NRT,284.26,1.27,N,VIIRS
47.33842,34.67244,304.97,0.53,0.42,2026-08-15,23:20:00,N21,nominal,2.0NRT,284.66,1.91,N,VIIRS
47.3077,34.94019,302.1,0.52,0.41,2026-08-15,23:20:00,N21,nominal,2.0NRT,283.18,0.98,N,VIIRS
47.30875,34.89162,296.93,0.52,0.41,2026-08-15,23:20:00,N21,nominal,2.0NRT,283.88,1.69,N,VIIRS
47.34423,34.2444,310.37,0.55,0.43,2026-08-15,23:20:00,N21,nominal,2.0NRT,283.23,1.6,N,VIIRS
47.32253,34.42343,300.34,0.54,0.42,2026-08-15,23:20:00,N21,nominal,2.0NRT,284.54,1.3,N,VIIRS
47.54085,31.79098,307.9,0.47,0.48,2026-08-15,23:20:00,N21,nominal,2.0NRT,284.84,1.75,N,VIIRS
47.30109,34.44072,302.02,0.54,0.42,2026-08-15,23:20:00,N21,nominal,2.0NRT,284.33,1.24,N,VIIRS
47.38174,33.5043,300.45,0.39,0.44,2026-08-15,23:20:00,N21,nominal,2.0NRT,283.91,0.82,N,VIIRS
47.38127,33.5095,302.17,0.39,0.44,2026-08-15,23:20:00,N21,nominal,2.0NRT,282.53,0.82,N,VIIRS
47.58976,30.70412,297.88,0.53,0.5,2026-08-15,23:20:00,N21,nominal,2.0NRT,281.89,0.81,N,VIIRS
47.58514,30.70351,332.55,0.53,0.5,2026-08-15,23:20:00,N21,nominal,2.0NRT,283.98,6.21,N,VIIRS
47.58468,30.71057,331.47,0.53,0.5,2026-08-15,23:20:00,N21,nominal,2.0NRT,284.26,6.21,N,VIIRS
47.31088,33.74679,332.75,0.38,0.43,2026-08-15,23:20:00,N21,nominal,2.0NRT,285.13,4.04,N,VIIRS
47.3242,33.17957,296.86,0.41,0.45,2026-08-15,23:20:00,N21,nominal,2.0NRT,283.88,0.73,N,VIIRS
47.52036,30.42139,296.74,0.54,0.51,2026-08-15,23:20:00,N21,nominal,2.0NRT,284.03,1.01,N,VIIRS
47.51568,30.42076,310.41,0.54,0.51,2026-08-15,23:20:00,N21,nominal,2.0NRT,284.38,2.36,N,VIIRS
46.91208,36.76453,323.69,0.44,0.39,2026-08-15,23:20:00,N21,nominal,2.0NRT,284.59,5.38,N,VIIRS
46.90858,36.76363,338.26,0.44,0.39,2026-08-15,23:20:00,N21,nominal,2.0NRT,288.24,5.38,N,VIIRS
47.21623,33.873,302.8,0.57,0.43,2026-08-15,23:20:00,N21,nominal,2.0NRT,286.29,2.05,N,VIIRS
46.9612,36.02611,295.17,0.47,0.4,2026-08-15,23:20:00,N21,nominal,2.0NRT,284.17,0.44,N,VIIRS
46.9549,36.01137,306.82,0.47,0.4,2026-08-15,23:20:00,N21,nominal,2.0NRT,284.46,1.16,N,VIIRS
46.9484,36.00349,298.1,0.47,0.4,2026-08-15,23:20:00,N21,nominal,2.0NRT,284.57,1.25,N,VIIRS
46.94699,36.01569,307.1,0.47,0.4,2026-08-15,23:20:00,N21,nominal,2.0NRT,284.96,1.2,N,VIIRS
47.12813,34.29585,300.03,0.54,0.42,2026-08-15,23:20:00,N21,nominal,2.0NRT,284.04,1.31,N,VIIRS
46.8741,36.32595,300.2,0.46,0.39,2026-08-15,23:20:00,N21,nominal,2.0NRT,283.42,0.91,N,VIIRS
46.86984,36.33103,295.12,0.46,0.39,2026-08-15,23:20:00,N21,nominal,2.0NRT,284.84,0.44,N,VIIRS
47.09374,34.11962,305.63,0.55,0.43,2026-08-15,23:20:00,N21,nominal,2.0NRT,283.17,1.62,N,VIIRS
47.03455,34.56402,296.88,0.53,0.42,2026-08-15,23:20:00,N21,nominal,2.0NRT,283.23,0.66,N,VIIRS
49.03035,38.51453,312.56,0.42,0.37,2026-08-15,23:20:00,N21,nominal,2.0NRT,281.34,2.03,N,VIIRS
49.13377,37.57593,301.38,0.44,0.38,2026-08-15,23:20:00,N21,nominal,2.0NRT,283.08,0.57,N,VIIRS
49.13026,37.57499,298.63,0.44,0.38,2026-08-15,23:20:00,N21,nominal,2.0NRT,285.76,0.57,N,VIIRS
49.15718,37.31962,305.77,0.45,0.39,2026-08-15,23:20:00,N21,nominal,2.0NRT,281.13,0.91,N,VIIRS
48.97364,38.20895,299.96,0.42,0.38,2026-08-15,23:20:00,N21,nominal,2.0NRT,281.26,0.9,N,VIIRS
48.97522,38.20723,295.18,0.42,0.38,2026-08-15,23:20:00,N21,nominal,2.0NRT,281.17,0.6,N,VIIRS
48.97179,38.20625,296.04,0.42,0.38,2026-08-15,23:20:00,N21,nominal,2.0NRT,280.89,0.6,N,VIIRS
48.99107,37.7671,301.63,0.43,0.38,2026-08-15,23:20:00,N21,nominal,2.0NRT,281.61,1.13,N,VIIRS
49.0648,36.86585,297.15,0.46,0.39,2026-08-15,23:20:00,N21,nominal,2.0NRT,282.44,1.06,N,VIIRS
48.91507,37.86076,299.93,0.43,0.38,2026-08-15,23:20:00,N21,nominal,2.0NRT,280.71,0.51,N,VIIRS
48.92235,37.74159,307.93,0.43,0.38,2026-08-15,23:20:00,N21,nominal,2.0NRT,284.61,0.98,N,VIIRS
48.92525,37.74162,297.78,0.43,0.38,2026-08-15,23:20:00,N21,nominal,2.0NRT,284.71,1.28,N,VIIRS
48.91246,37.641,318.98,0.44,0.38,2026-08-15,23:20:00,N21,nominal,2.0NRT,283.08,1.97,N,VIIRS
48.90899,37.63997,319.08,0.44,0.38,2026-08-15,23:20:00,N21,nominal,2.0NRT,283,2.26,N,VIIRS
48.85375,37.70957,297.82,0.43,0.38,2026-08-15,23:20:00,N21,nominal,2.0NRT,280.63,0.47,N,VIIRS
48.6173,39.05762,303.2,0.4,0.37,2026-08-15,23:20:00,N21,nominal,2.0NRT,281.8,0.53,N,VIIRS
48.89893,36.44997,295.92,0.47,0.4,2026-08-15,23:20:00,N21,nominal,2.0NRT,281.52,0.54,N,VIIRS
49.17065,33.46571,301.36,0.41,0.45,2026-08-15,23:20:00,N21,nominal,2.0NRT,289.19,1.57,N,VIIRS
49.16653,33.4649,336.1,0.41,0.45,2026-08-15,23:20:00,N21,nominal,2.0NRT,290.76,4.42,N,VIIRS
48.92715,35.83339,303.04,0.5,0.41,2026-08-15,23:20:00,N21,nominal,2.0NRT,281.28,1.25,N,VIIRS
48.9263,35.83185,304.17,0.5,0.41,2026-08-15,23:20:00,N21,nominal,2.0NRT,281.21,1,N,VIIRS
50.11474,37.5606,297.08,0.45,0.39,2026-08-15,23:20:00,N21,nominal,2.0NRT,283.86,0.34,N,VIIRS
50.14766,36.8471,295.86,0.47,0.4,2026-08-15,23:20:00,N21,nominal,2.0NRT,283.29,0.54,N,VIIRS
49.92078,37.60781,295.21,0.45,0.39,2026-08-15,23:20:00,N21,nominal,2.0NRT,283.92,0.55,N,VIIRS
49.54634,39.39545,325.86,0.4,0.37,2026-08-15,23:20:00,N21,nominal,2.0NRT,281.59,2.66,N,VIIRS
49.54559,39.40096,303.22,0.4,0.37,2026-08-15,23:20:00,N21,nominal,2.0NRT,279.48,2.66,N,VIIRS
49.68349,37.63323,295.94,0.44,0.39,2026-08-15,23:20:00,N21,nominal,2.0NRT,284.43,0.68,N,VIIRS
49.59433,38.09948,304.99,0.43,0.38,2026-08-15,23:20:00,N21,nominal,2.0NRT,282.57,1.09,N,VIIRS
49.59361,38.10532,303.36,0.43,0.38,2026-08-15,23:20:00,N21,nominal,2.0NRT,282.94,1.09,N,VIIRS
50.27113,26.0645,301.82,0.45,0.63,2026-08-15,23:20:00,N21,nominal,2.0NRT,286.82,0.87,N,VIIRS
50.27193,26.0655,305.23,0.45,0.63,2026-08-15,23:20:00,N21,nominal,2.0NRT,287.29,1.16,N,VIIRS
46.81168,36.54662,302.76,0.45,0.39,2026-08-15,23:20:00,N21,nominal,2.0NRT,281.27,0.84,N,VIIRS
46.86171,36.08228,297.77,0.46,0.39,2026-08-15,23:20:00,N21,nominal,2.0NRT,284.28,0.58,N,VIIRS
46.80815,36.54576,308.15,0.45,0.39,2026-08-15,23:20:00,N21,nominal,2.0NRT,282.37,1.42,N,VIIRS
46.80323,36.55663,301.08,0.45,0.39,2026-08-15,23:20:00,N21,nominal,2.0NRT,284.02,1.13,N,VIIRS
46.80177,36.53814,295.77,0.45,0.39,2026-08-15,23:20:00,N21,nominal,2.0NRT,281.26,0.43,N,VIIRS
46.86528,35.95184,295.19,0.47,0.4,2026-08-15,23:20:00,N21,nominal,2.0NRT,284.73,0.52,N,VIIRS
46.86031,35.96323,295.57,0.47,0.4,2026-08-15,23:20:00,N21,nominal,2.0NRT,285.4,0.65,N,VIIRS
46.85962,35.96936,296.13,0.47,0.4,2026-08-15,23:20:00,N21,nominal,2.0NRT,285.26,0.75,N,VIIRS
46.93987,35.19107,299.26,0.5,0.41,2026-08-15,23:20:00,N21,nominal,2.0NRT,285.82,0.73,N,VIIRS
46.8585,35.97371,298.32,0.47,0.4,2026-08-15,23:20:00,N21,nominal,2.0NRT,285.88,0.45,N,VIIRS
46.93829,35.1961,303.55,0.5,0.41,2026-08-15,23:20:00,N21,nominal,2.0NRT,285.38,1.44,N,VIIRS
46.85129,35.97194,314.73,0.47,0.4,2026-08-15,23:20:00,N21,nominal,2.0NRT,287.18,2.11,N,VIIRS
46.84769,35.97107,299.3,0.47,0.4,2026-08-15,23:20:00,N21,nominal,2.0NRT,286.68,0.74,N,VIIRS
47.10234,33.07964,344.24,0.41,0.45,2026-08-15,23:20:00,N21,nominal,2.0NRT,284.46,7.31,N,VIIRS
46.79236,36.00144,296.91,0.47,0.39,2026-08-15,23:20:00,N21,nominal,2.0NRT,284.94,0.59,N,VIIRS
46.76938,36.00835,301.34,0.47,0.39,2026-08-15,23:20:00,N21,nominal,2.0NRT,285.57,0.94,N,VIIRS
46.76852,35.9832,311.41,0.47,0.39,2026-08-15,23:20:00,N21,nominal,2.0NRT,285,1.68,N,VIIRS
46.7603,36.05585,305.94,0.46,0.39,2026-08-15,23:20:00,N21,nominal,2.0NRT,282.94,0.91,N,VIIRS
46.81129,35.52907,295.33,0.48,0.4,2026-08-15,23:20:00,N21,nominal,2.0NRT,283.09,0.42,N,VIIRS
46.77548,35.21199,298.26,0.5,0.41,2026-08-15,23:20:00,N21,nominal,2.0NRT,285.43,0.57,N,VIIRS
46.74165,35.24413,328.71,0.49,0.41,2026-08-15,23:20:00,N21,nominal,2.0NRT,287.04,7.67,N,VIIRS
46.73794,35.24329,313.09,0.49,0.41,2026-08-15,23:20:00,N21,nominal,2.0NRT,284.41,2.09,N,VIIRS
46.96258,32.72567,333.5,0.42,0.45,2026-08-15,23:20:00,N21,nominal,2.0NRT,284.93,6.01,N,VIIRS
46.96139,32.7245,342.81,0.42,0.45,2026-08-15,23:20:00,N21,nominal,2.0NRT,287.69,8.35,N,VIIRS
46.70575,35.17624,297,0.5,0.41,2026-08-15,23:20:00,N21,nominal,2.0NRT,283.93,0.38,N,VIIRS
47.06792,30.19297,299.14,0.55,0.51,2026-08-15,23:20:00,N21,nominal,2.0NRT,284.25,1.09,N,VIIRS
46.64285,35.19532,297.69,0.5,0.41,2026-08-15,23:20:00,N21,nominal,2.0NRT,283.89,0.66,N,VIIRS
46.59559,35.16309,315.21,0.5,0.41,2026-08-15,23:20:00,N21,nominal,2.0NRT,284.04,2.19,N,VIIRS
46.59188,35.16226,296.55,0.5,0.41,2026-08-15,23:20:00,N21,nominal,2.0NRT,284.29,0.67,N,VIIRS
46.6768,33.0041,306.02,0.41,0.45,2026-08-15,23:20:00,N21,nominal,2.0NRT,285.61,1.23,N,VIIRS
46.55533,34.25499,300.72,0.54,0.42,2026-08-15,23:20:00,N21,nominal,2.0NRT,283.95,1.09,N,VIIRS
46.6795,32.73117,306.27,0.42,0.45,2026-08-15,23:20:00,N21,nominal,2.0NRT,287,2.14,N,VIIRS
46.6582,32.63291,311.26,0.42,0.45,2026-08-15,23:20:00,N21,nominal,2.0NRT,287.53,1.38,N,VIIRS
46.65671,32.63688,301.42,0.42,0.45,2026-08-15,23:20:00,N21,nominal,2.0NRT,287.55,0.79,N,VIIRS
46.65289,32.53478,295.14,0.43,0.46,2026-08-15,23:20:00,N21,nominal,2.0NRT,284.9,0.57,N,VIIRS
46.62558,32.70324,301.11,0.42,0.45,2026-08-15,23:20:00,N21,nominal,2.0NRT,285.3,0.64,N,VIIRS
46.41129,34.90874,295.14,0.5,0.41,2026-08-15,23:20:00,N21,nominal,2.0NRT,283.39,0.52,N,VIIRS
46.58917,32.68566,295.42,0.42,0.45,2026-08-15,23:20:00,N21,nominal,2.0NRT,283.38,0.61,N,VIIRS
46.53855,32.83632,312.54,0.41,0.45,2026-08-15,23:20:00,N21,nominal,2.0NRT,283.99,1.76,N,VIIRS
46.41355,34.20441,300.86,0.54,0.42,2026-08-15,23:20:00,N21,nominal,2.0NRT,283.78,1.61,N,VIIRS
46.41287,34.2114,305.57,0.54,0.42,2026-08-15,23:20:00,N21,nominal,2.0NRT,284.05,9.91,N,VIIRS
46.40901,34.2106,340.79,0.54,0.42,2026-08-15,23:20:00,N21,nominal,2.0NRT,289.96,9.91,N,VIIRS
46.40969,34.20361,298.87,0.54,0.42,2026-08-15,23:20:00,N21,nominal,2.0NRT,283.78,1.61,N,VIIRS
46.40514,34.2098,305.19,0.54,0.42,2026-08-15,23:20:00,N21,nominal,2.0NRT,285.05,1.48,N,VIIRS
46.40793,34.20926,336.48,0.54,0.42,2026-08-15,23:20:00,N21,nominal,2.0NRT,292.3,22.54,N,VIIRS
46.32881,34.81539,315.62,0.51,0.41,2026-08-15,23:20:00,N21,nominal,2.0NRT,283.83,2.15,N,VIIRS
46.53588,32.60099,323.68,0.42,0.45,2026-08-15,23:20:00,N21,nominal,2.0NRT,291.12,1.96,N,VIIRS
46.53219,32.59476,319.73,0.42,0.45,2026-08-15,23:20:00,N21,nominal,2.0NRT,285.01,1.96,N,VIIRS
46.39786,33.95495,300.04,0.55,0.43,2026-08-15,23:20:00,N21,nominal,2.0NRT,282.91,1.03,N,VIIRS
46.39396,33.95417,315.15,0.55,0.43,2026-08-15,23:20:00,N21,nominal,2.0NRT,283.23,3.31,N,VIIRS
46.33847,34.19496,295.66,0.54,0.42,2026-08-15,23:20:00,N21,nominal,2.0NRT,285.09,0.78,N,VIIRS
46.43338,32.8634,299.05,0.41,0.45,2026-08-15,23:20:00,N21,nominal,2.0NRT,285.54,0.95,N,VIIRS
46.40823,33.15219,300.58,0.4,0.44,2026-08-15,23:20:00,N21,nominal,2.0NRT,284.42,0.68,N,VIIRS
46.43064,32.84664,321.31,0.41,0.45,2026-08-15,23:20:00,N21,nominal,2.0NRT,285.24,2.17,N,VIIRS
46.42471,32.91586,306.62,0.41,0.45,2026-08-15,23:20:00,N21,nominal,2.0NRT,285.28,1.87,N,VIIRS
46.42379,32.92648,297.57,0.41,0.45,2026-08-15,23:20:00,N21,nominal,2.0NRT,285.52,0.72,N,VIIRS
46.40371,33.15662,295.29,0.4,0.44,2026-08-15,23:20:00,N21,nominal,2.0NRT,283.72,0.37,N,VIIRS
46.42653,32.84589,310.77,0.41,0.45,2026-08-15,23:20:00,N21,nominal,2.0NRT,285.16,2.17,N,VIIRS
46.42061,32.91511,317.54,0.41,0.45,2026-08-15,23:20:00,N21,nominal,2.0NRT,285.4,1.87,N,VIIRS
46.28978,34.04209,295.94,0.54,0.42,2026-08-15,23:20:00,N21,nominal,2.0NRT,284.74,0.84,N,VIIRS
46.42221,32.43411,303.85,0.43,0.46,2026-08-15,23:20:00,N21,nominal,2.0NRT,284.86,1.08,N,VIIRS
46.21943,34.38832,304.18,0.53,0.42,2026-08-15,23:20:00,N21,nominal,2.0NRT,283.24,1.02,N,VIIRS
46.37289,32.56584,310.92,0.42,0.45,2026-08-15,23:20:00,N21,nominal,2.0NRT,285.03,1.87,N,VIIRS
46.32073,32.31892,296.91,0.43,0.46,2026-08-15,23:20:00,N21,nominal,2.0NRT,284.89,0.72,N,VIIRS
46.09637,34.50048,295.76,0.52,0.41,2026-08-15,23:20:00,N21,nominal,2.0NRT,284.84,0.91,N,VIIRS
48.45865,39.14141,313.22,0.4,0.37,2026-08-15,23:20:00,N21,nominal,2.0NRT,284.56,1.87,N,VIIRS
48.73626,36.67491,322.88,0.46,0.39,2026-08-15,23:20:00,N21,nominal,2.0NRT,283.13,4.01,N,VIIRS
48.73555,36.68122,328.52,0.46,0.39,2026-08-15,23:20:00,N21,nominal,2.0NRT,283.37,3.44,N,VIIRS
48.50282,38.60099,296.64,0.41,0.37,2026-08-15,23:20:00,N21,nominal,2.0NRT,282.63,0.6,N,VIIRS
48.46775,38.76155,296.31,0.41,0.37,2026-08-15,23:20:00,N21,nominal,2.0NRT,285.27,0.77,N,VIIRS
48.4673,38.76042,306.02,0.41,0.37,2026-08-15,23:20:00,N21,nominal,2.0NRT,286.74,0.96,N,VIIRS
48.61821,37.56192,296.98,0.44,0.38,2026-08-15,23:20:00,N21,nominal,2.0NRT,282,0.43,N,VIIRS
48.46466,38.75398,297.48,0.41,0.37,2026-08-15,23:20:00,N21,nominal,2.0NRT,285.79,0.96,N,VIIRS
46.24672,32.49222,312.93,0.42,0.45,2026-08-15,23:20:00,N21,nominal,2.0NRT,285.91,1.68,N,VIIRS
46.24625,32.49772,299.38,0.42,0.45,2026-08-15,23:20:00,N21,nominal,2.0NRT,285.58,1.14,N,VIIRS
46.03175,34.60255,304.83,0.51,0.41,2026-08-15,23:20:00,N21,nominal,2.0NRT,285.75,1.57,N,VIIRS
46.02864,34.60043,317.95,0.51,0.41,2026-08-15,23:20:00,N21,nominal,2.0NRT,286.01,3.8,N,VIIRS
46.2327,32.44778,313.68,0.42,0.46,2026-08-15,23:20:00,N21,nominal,2.0NRT,285.17,1.63,N,VIIRS
46.22852,32.44705,296.8,0.42,0.46,2026-08-15,23:20:00,N21,nominal,2.0NRT,283.93,0.43,N,VIIRS
46.17252,32.8907,296.09,0.41,0.45,2026-08-15,23:20:00,N21,nominal,2.0NRT,284.47,0.59,N,VIIRS
46.16843,32.88995,297.62,0.41,0.45,2026-08-15,23:20:00,N21,nominal,2.0NRT,285.41,0.59,N,VIIRS
46.16481,32.88395,301.21,0.41,0.45,2026-08-15,23:20:00,N21,nominal,2.0NRT,285.1,0.72,N,VIIRS
46.29903,29.52703,323.24,0.59,0.52,2026-08-15,23:20:00,N21,nominal,2.0NRT,285.96,5.17,N,VIIRS
46.16406,29.44188,313.64,0.59,0.53,2026-08-15,23:20:00,N21,nominal,2.0NRT,285.25,2.17,N,VIIRS
45.80593,34.02885,303.86,0.54,0.42,2026-08-15,23:20:00,N21,nominal,2.0NRT,283.09,1.52,N,VIIRS
45.80207,34.02807,296.92,0.54,0.42,2026-08-15,23:20:00,N21,nominal,2.0NRT,283.05,1.45,N,VIIRS
45.7421,33.78725,327.04,0.55,0.43,2026-08-15,23:20:00,N21,nominal,2.0NRT,284.96,4.99,N,VIIRS
45.73568,33.77159,298.55,0.55,0.43,2026-08-15,23:20:00,N21,nominal,2.0NRT,284.31,1.74,N,VIIRS
45.34415,36.23608,301.06,0.44,0.39,2026-08-15,23:20:00,N21,nominal,2.0NRT,287.33,0.95,N,VIIRS
45.30126,36.11417,305.05,0.45,0.39,2026-08-15,23:20:00,N21,nominal,2.0NRT,287.06,0.97,N,VIIRS
45.81803,29.25395,301.64,0.6,0.53,2026-08-15,23:20:00,N21,nominal,2.0NRT,283.74,0.93,N,VIIRS
45.79757,29.61705,307.07,0.57,0.52,2026-08-15,23:20:00,N21,nominal,2.0NRT,285.01,1.45,N,VIIRS
45.79796,29.61631,305.52,0.57,0.52,2026-08-15,23:20:00,N21,nominal,2.0NRT,284.77,1.38,N,VIIRS
45.81553,29.25309,303.26,0.6,0.53,2026-08-15,23:20:00,N21,nominal,2.0NRT,283.85,1.1,N,VIIRS
45.79317,29.61569,297.07,0.57,0.52,2026-08-15,23:20:00,N21,nominal,2.0NRT,285.27,0.77,N,VIIRS
45.7486,30.01003,315.74,0.55,0.51,2026-08-15,23:20:00,N21,nominal,2.0NRT,290.54,2.18,N,VIIRS
45.7439,30.00943,306.74,0.55,0.51,2026-08-15,23:20:00,N21,nominal,2.0NRT,289.89,2.18,N,VIIRS
45.71846,29.96334,324.87,0.55,0.51,2026-08-15,23:20:00,N21,nominal,2.0NRT,289.67,3.45,N,VIIRS
45.39653,33.12711,304.76,0.39,0.44,2026-08-15,23:20:00,N21,nominal,2.0NRT,288.96,2.12,N,VIIRS
45.1268,34.00079,296.13,0.53,0.42,2026-08-15,23:20:00,N21,nominal,2.0NRT,285.42,1.02,N,VIIRS
44.77177,33.85942,300.76,0.53,0.42,2026-08-15,23:20:00,N21,nominal,2.0NRT,287.26,1.44,N,VIIRS
48.46394,38.75942,300.89,0.41,0.37,2026-08-15,23:20:00,N21,nominal,2.0NRT,284.64,0.96,N,VIIRS
48.4613,38.75298,304.62,0.41,0.37,2026-08-15,23:20:00,N21,nominal,2.0NRT,286.61,1.17,N,VIIRS
48.51552,37.69647,318.22,0.43,0.38,2026-08-15,23:20:00,N21,nominal,2.0NRT,283.23,2.32,N,VIIRS
48.15508,39.77568,315.23,0.39,0.36,2026-08-15,23:20:00,N21,nominal,2.0NRT,282.7,1.68,N,VIIRS
48.48071,37.08183,295.37,0.45,0.39,2026-08-15,23:20:00,N21,nominal,2.0NRT,281.17,0.47,N,VIIRS
48.11919,39.78599,295.73,0.39,0.36,2026-08-15,23:20:00,N21,nominal,2.0NRT,280.1,0.51,N,VIIRS
48.456,37.10654,305.33,0.45,0.39,2026-08-15,23:20:00,N21,nominal,2.0NRT,282.97,1.9,N,VIIRS
48.45765,37.09946,296.42,0.45,0.39,2026-08-15,23:20:00,N21,nominal,2.0NRT,283.41,0.52,N,VIIRS
48.45692,37.10547,309.91,0.45,0.39,2026-08-15,23:20:00,N21,nominal,2.0NRT,283.09,1.45,N,VIIRS
48.44432,37.05868,295.89,0.45,0.39,2026-08-15,23:20:00,N21,nominal,2.0NRT,282.91,0.66,N,VIIRS
48.28481,38.08953,300.52,0.42,0.38,2026-08-15,23:20:00,N21,nominal,2.0NRT,285.88,0.55,N,VIIRS
48.35538,37.2568,298.01,0.44,0.39,2026-08-15,23:20:00,N21,nominal,2.0NRT,281.58,0.78,N,VIIRS
48.46495,35.72061,301.1,0.5,0.41,2026-08-15,23:20:00,N21,nominal,2.0NRT,282.18,0.82,N,VIIRS
48.46037,35.69204,300.71,0.5,0.41,2026-08-15,23:20:00,N21,nominal,2.0NRT,282.98,0.89,N,VIIRS
48.45665,35.69119,300.73,0.5,0.41,2026-08-15,23:20:00,N21,nominal,2.0NRT,282.57,0.89,N,VIIRS
48.34929,36.50195,295.84,0.47,0.39,2026-08-15,23:20:00,N21,nominal,2.0NRT,282.41,0.76,N,VIIRS
48.53293,34.62092,302.39,0.55,0.42,2026-08-15,23:20:00,N21,nominal,2.0NRT,288.83,2.22,N,VIIRS
48.47666,34.62549,295.85,0.55,0.42,2026-08-15,23:20:00,N21,nominal,2.0NRT,284.93,2.07,N,VIIRS
48.47205,34.63209,318.96,0.55,0.42,2026-08-15,23:20:00,N21,nominal,2.0NRT,288.82,2.07,N,VIIRS
48.0992,37.92387,305.41,0.42,0.38,2026-08-15,23:20:00,N21,nominal,2.0NRT,286.64,0.89,N,VIIRS
48.09649,37.9173,298.12,0.42,0.38,2026-08-15,23:20:00,N21,nominal,2.0NRT,284.6,0.89,N,VIIRS
48.97464,24.71115,304.39,0.52,0.67,2026-08-15,23:20:00,N21,nominal,2.0NRT,288.21,1.63,N,VIIRS
48.06,37.95337,301.48,0.42,0.38,2026-08-15,23:20:00,N21,nominal,2.0NRT,285.8,0.83,N,VIIRS
48.11602,37.47401,306.61,0.43,0.38,2026-08-15,23:20:00,N21,nominal,2.0NRT,282.36,1.21,N,VIIRS
48.11533,37.479730000000004,305.15,0.43,0.38,2026-08-15,23:20:00,N21,nominal,2.0NRT,281.6,1.21,N,VIIRS
48.05658,37.95238,297.28,0.42,0.38,2026-08-15,23:20:00,N21,nominal,2.0NRT,284.76,0.83,N,VIIRS
48.03373,37.75248,341.19,0.43,0.38,2026-08-15,23:20:00,N21,nominal,2.0NRT,291.05,6.79,N,VIIRS
48.60656,31.65067,295.2,0.49,0.49,2026-08-15,23:20:00,N21,nominal,2.0NRT,283.1,0.38,N,VIIRS
48.58079,31.7608,300.98,0.48,0.48,2026-08-15,23:20:00,N21,nominal,2.0NRT,285.44,1.14,N,VIIRS
48.57635,31.76012,339.51,0.48,0.48,2026-08-15,23:20:00,N21,nominal,2.0NRT,287.25,5.53,N,VIIRS
48.57192,31.75941,323.89,0.48,0.48,2026-08-15,23:20:00,N21,nominal,2.0NRT,285.14,5.53,N,VIIRS
47.83134,38.47166,299.66,0.41,0.37,2026-08-15,23:20:00,N21,nominal,2.0NRT,285.71,0.86,N,VIIRS
48.74463,26.60314,306.04,0.42,0.61,2026-08-15,23:20:00,N21,nominal,2.0NRT,287.55,2.05,N,VIIRS
48.43281,32.32526,303.04,0.45,0.47,2026-08-15,23:20:00,N21,nominal,2.0NRT,284.86,1.62,N,VIIRS
47.6442,38.56096,296.36,0.41,0.37,2026-08-15,23:20:00,N21,nominal,2.0NRT,281.49,0.69,N,VIIRS
47.64227,38.54925,297.3,0.41,0.37,2026-08-15,23:20:00,N21,nominal,2.0NRT,282.44,0.64,N,VIIRS
47.64084,38.55999,297.88,0.41,0.37,2026-08-15,23:20:00,N21,nominal,2.0NRT,281.63,0.91,N,VIIRS
47.63891,38.54827,296.07,0.41,0.37,2026-08-15,23:20:00,N21,nominal,2.0NRT,282.55,0.64,N,VIIRS
47.65952,38.2858,295.87,0.41,0.37,2026-08-15,23:20:00,N21,nominal,2.0NRT,282.35,0.39,N,VIIRS
47.63524,38.36167,296.55,0.41,0.37,2026-08-15,23:20:00,N21,nominal,2.0NRT,282.54,0.75,N,VIIRS
47.62339,38.31902,300.93,0.41,0.37,2026-08-15,23:20:00,N21,nominal,2.0NRT,283.32,0.82,N,VIIRS
47.57951,38.30636,314.4,0.41,0.37,2026-08-15,23:20:00,N21,nominal,2.0NRT,282.17,1.34,N,VIIRS
47.87344,35.82025,307.75,0.49,0.4,2026-08-15,23:20:00,N21,nominal,2.0NRT,281.15,1.25,N,VIIRS
47.57685,38.29998,310.65,0.41,0.37,2026-08-15,23:20:00,N21,nominal,2.0NRT,281.6,1.34,N,VIIRS
48.1741,32.29351,312.24,0.45,0.47,2026-08-15,23:20:00,N21,nominal,2.0NRT,284.2,1.58,N,VIIRS
48.17677,32.2916,314.48,0.45,0.47,2026-08-15,23:20:00,N21,nominal,2.0NRT,284.82,1.61,N,VIIRS
47.70082,36.75173,318.5,0.45,0.39,2026-08-15,23:20:00,N21,nominal,2.0NRT,281.15,2.3,N,VIIRS
47.69586,36.73196,312.1,0.45,0.39,2026-08-15,23:20:00,N21,nominal,2.0NRT,280.77,1.85,N,VIIRS
47.69516,36.73793,311.33,0.45,0.39,2026-08-15,23:20:00,N21,nominal,2.0NRT,282.68,1.85,N,VIIRS
47.67262,36.92765,313.75,0.44,0.39,2026-08-15,23:20:00,N21,nominal,2.0NRT,281.86,1.35,N,VIIRS
47.86007,35.1413,300.35,0.51,0.41,2026-08-15,23:20:00,N21,nominal,2.0NRT,288.73,1.18,N,VIIRS
47.65712,36.8749,299.02,0.45,0.39,2026-08-15,23:20:00,N21,nominal,2.0NRT,279.56,0.95,N,VIIRS
47.44602,38.14688,301.12,0.41,0.37,2026-08-15,23:20:00,N21,nominal,2.0NRT,284.06,0.84,N,VIIRS
47.9099,33.30138,311.08,0.41,0.45,2026-08-15,23:20:00,N21,nominal,2.0NRT,286.85,1.62,N,VIIRS
47.88511,33.4451,297.14,0.4,0.44,2026-08-15,23:20:00,N21,nominal,2.0NRT,286.01,0.9,N,VIIRS
47.88113,33.39507,299.69,0.4,0.44,2026-08-15,23:20:00,N21,nominal,2.0NRT,288.22,0.98,N,VIIRS
47.87336,33.43737,304.59,0.4,0.44,2026-08-15,23:20:00,N21,nominal,2.0NRT,287.78,1.34,N,VIIRS
47.4278,37.65886,314.43,0.42,0.38,2026-08-15,23:20:00,N21,nominal,2.0NRT,283.52,1.39,N,VIIRS
47.86837,33.44738,306.51,0.4,0.44,2026-08-15,23:20:00,N21,nominal,2.0NRT,287.72,1.71,N,VIIRS
47.42507,37.65232,314.45,0.42,0.38,2026-08-15,23:20:00,N21,nominal,2.0NRT,284.71,1.55,N,VIIRS
47.42437,37.65791,307.46,0.42,0.38,2026-08-15,23:20:00,N21,nominal,2.0NRT,283.97,1.55,N,VIIRS
47.42234,37.64579,319.94,0.42,0.38,2026-08-15,23:20:00,N21,nominal,2.0NRT,284.3,2.58,N,VIIRS
47.86905,33.44559,309.72,0.4,0.44,2026-08-15,23:20:00,N21,nominal,2.0NRT,287.94,1.86,N,VIIRS
47.98281,31.381710000000002,306.69,0.5,0.49,2026-08-15,23:20:00,N21,nominal,2.0NRT,283.62,1.7,N,VIIRS
47.66627,34.81564,295.48,0.53,0.42,2026-08-15,23:20:00,N21,nominal,2.0NRT,284,1.74,N,VIIRS
47.41151,37.11575,304.13,0.44,0.38,2026-08-15,23:20:00,N21,nominal,2.0NRT,281.12,1.08,N,VIIRS
47.38781,37.13325,305.7,0.44,0.38,2026-08-15,23:20:00,N21,nominal,2.0NRT,282.15,1.25,N,VIIRS
47.37393,37.24733,298.37,0.43,0.38,2026-08-15,23:20:00,N21,nominal,2.0NRT,280.56,0.37,N,VIIRS
47.38433,37.13233,302.74,0.44,0.38,2026-08-15,23:20:00,N21,nominal,2.0NRT,283.89,1.25,N,VIIRS
47.38084,37.13142,334.78,0.44,0.38,2026-08-15,23:20:00,N21,nominal,2.0NRT,286.36,3.98,N,VIIRS
47.13256,38.18238,302.94,0.41,0.37,2026-08-15,23:20:00,N21,nominal,2.0NRT,284.98,0.87,N,VIIRS
47.23016,37.2353,303.97,0.43,0.38,2026-08-15,23:20:00,N21,nominal,2.0NRT,283.34,1.41,N,VIIRS
47.22669,37.23438,315.4,0.43,0.38,2026-08-15,23:20:00,N21,nominal,2.0NRT,284.26,1.41,N,VIIRS
47.22598,37.24004,300.8,0.43,0.38,2026-08-15,23:20:00,N21,nominal,2.0NRT,283.75,1.33,N,VIIRS
47.22322,37.23345,341.12,0.43,0.38,2026-08-15,23:20:00,N21,nominal,2.0NRT,286.92,8.58,N,VIIRS
47.62203,33.35062,311.67,0.4,0.44,2026-08-15,23:20:00,N21,nominal,2.0NRT,284.05,1.1,N,VIIRS
47.49751,34.38703,301.42,0.54,0.42,2026-08-15,23:20:00,N21,nominal,2.0NRT,285.4,1.13,N,VIIRS
47.39188,35.20731,310.9,0.5,0.41,2026-08-15,23:20:00,N21,nominal,2.0NRT,282.72,1.63,N,VIIRS
47.36085,35.09733,322.07,0.51,0.41,2026-08-15,23:20:00,N21,nominal,2.0NRT,285.69,2.54,N,VIIRS
47.36156,35.09061,296.45,0.51,0.41,2026-08-15,23:20:00,N21,nominal,2.0NRT,284.38,1.23,N,VIIRS
47.33385,35.09811,297.46,0.51,0.41,2026-08-15,23:20:00,N21,nominal,2.0NRT,283.23,0.94,N,VIIRS
47.27624,35.60212,296.98,0.49,0.4,2026-08-15,23:20:00,N21,nominal,2.0NRT,284.74,0.97,N,VIIRS
47.27188,35.60757,304.36,0.49,0.4,2026-08-15,23:20:00,N21,nominal,2.0NRT,285.09,0.97,N,VIIRS
