latitude,longitude,bright_ti4,scan,track,acq_date,acq_time,satellite,confidence,version,bright_ti5,frp,daynight,instrument
48.51801,34.63081,301.72,0.71,0.75,2026-08-22,01:22:00,N,nominal,2.0NRT,288.23,0.89,N,VIIRS
50.21408,31.35349,306.72,0.47,0.64,2026-08-22,01:22:00,N,nominal,2.0NRT,292.44,3.28,N,VIIRS
50.1857,36.18814,298.02,0.71,0.75,2026-08-22,01:22:00,N,nominal,2.0NRT,286.95,1.1,N,VIIRS
50.63711,34.80547,314.52,0.6,0.71,2026-08-22,01:22:00,N,nominal,2.0NRT,286.74,1.78,N,VIIRS
48.91813,35.83187,298.3,0.76,0.77,2026-08-22,01:22:00,N,nominal,2.0NRT,286.04,1.09,N,VIIRS
48.75042,26.606,302.22,0.34,0.56,2026-08-22,01:24:00,N,nominal,2.0NRT,291.31,0.61,N,VIIRS
46.68048,32.6979,300.19,0.7,0.75,2026-08-22,01:24:00,N,nominal,2.0NRT,289.14,1.67,N,VIIRS
48.97749,24.70886,309.11,0.55,0.51,2026-08-22,01:24:00,N,nominal,2.0NRT,291.38,1.56,N,VIIRS
48.97618,24.70957,311.32,0.55,0.51,2026-08-22,01:24:00,N,nominal,2.0NRT,291.18,2.03,N,VIIRS
47.80544,33.79157,313.43,0.7,0.75,2026-08-22,01:24:00,N,nominal,2.0NRT,284.77,2.79,N,VIIRS
47.42778,33.56011,303.64,0.71,0.75,2026-08-22,01:24:00,N,nominal,2.0NRT,284.38,1.5,N,VIIRS
47.42882,33.55611,309.54,0.71,0.75,2026-08-22,01:24:00,N,nominal,2.0NRT,284.38,1.98,N,VIIRS
47.42407,32.70883,302.57,0.66,0.73,2026-08-22,01:24:00,N,nominal,2.0NRT,284.72,1.45,N,VIIRS
47.80354,33.797110000000004,303.42,0.7,0.75,2026-08-22,01:24:00,N,nominal,2.0NRT,284.84,1.9,N,VIIRS
47.80675,33.78868,300.89,0.7,0.75,2026-08-22,01:24:00,N,nominal,2.0NRT,284.26,1.86,N,VIIRS
50.54592,26.25996,317.08,0.57,0.52,2026-08-22,01:24:00,N,nominal,2.0NRT,291.41,2.28,N,VIIRS
48.8332,28.25762,302.13,0.39,0.59,2026-08-22,01:24:00,N,nominal,2.0NRT,287.66,0.25,N,VIIRS
47.28929,33.60509,295.99,0.72,0.76,2026-08-22,01:24:00,N,nominal,2.0NRT,284.62,0.85,N,VIIRS
46.32025,30.64822,322.84,0.59,0.7,2026-08-22,01:24:00,N,nominal,2.0NRT,289.7,2.81,N,VIIRS
46.31921,30.64974,317.1,0.59,0.7,2026-08-22,01:24:00,N,nominal,2.0NRT,289.6,2.64,N,VIIRS
47.48855,34.49294,303.38,0.77,0.77,2026-08-22,01:24:00,N,nominal,2.0NRT,285.6,1.33,N,VIIRS
47.53319,37.71523,340.99,0.38,0.59,2026-08-22,09:30:00,N,nominal,2.0NRT,309.26,4.65,D,VIIRS
46.97146,35.84728,333.77,0.47,0.64,2026-08-22,09:30:00,N,low,2.0NRT,308.18,4.14,D,VIIRS
46.19612,33.5224,336.12,0.63,0.72,2026-08-22,09:30:00,N,nominal,2.0NRT,300.09,27.07,D,VIIRS
46.19346,33.51476,356.25,0.63,0.72,2026-08-22,09:30:00,N,nominal,2.0NRT,304.02,27.07,D,VIIRS
46.99746,35.90812,332.5,0.47,0.64,2026-08-22,09:30:00,N,low,2.0NRT,306.21,2.64,D,VIIRS
46.97331,35.84339,338.21,0.47,0.64,2026-08-22,09:30:00,N,low,2.0NRT,308.96,4.53,D,VIIRS
46.1931,33.52391,354.4,0.63,0.72,2026-08-22,09:30:00,N,nominal,2.0NRT,301.12,33.62,D,VIIRS
46.19041,33.5163,353.58,0.63,0.72,2026-08-22,09:30:00,N,nominal,2.0NRT,304.77,36.54,D,VIIRS
46.98903,35.76818,332.4,0.48,0.64,2026-08-22,09:30:00,N,low,2.0NRT,306.16,7.07,D,VIIRS
46.98498,35.73495,338.57,0.48,0.65,2026-08-22,09:30:00,N,nominal,2.0NRT,307.42,7.76,D,VIIRS
46.99046,35.73119,352.85,0.48,0.65,2026-08-22,09:30:00,N,nominal,2.0NRT,308.46,6.93,D,VIIRS
48.19424,39.75099,343.14,0.59,0.53,2026-08-22,09:30:00,N,nominal,2.0NRT,310.9,7.59,D,VIIRS
48.19224,39.74366,338.72,0.6,0.53,2026-08-22,09:30:00,N,low,2.0NRT,310.3,7.59,D,VIIRS
47.25489,36.52248,336.68,0.43,0.62,2026-08-22,09:30:00,N,nominal,2.0NRT,308.7,4,D,VIIRS
47.07645,35.9575,356.72,0.47,0.64,2026-08-22,09:30:00,N,nominal,2.0NRT,307.17,8.43,D,VIIRS
47.0835,35.91744,343.02,0.47,0.64,2026-08-22,09:30:00,N,nominal,2.0NRT,305.47,4.01,D,VIIRS
46.78386,34.86769,341.95,0.53,0.67,2026-08-22,09:30:00,N,nominal,2.0NRT,302.05,4.11,D,VIIRS
46.79382,34.87668,330.41,0.53,0.67,2026-08-22,09:30:00,N,low,2.0NRT,302.67,5.24,D,VIIRS
46.78248,34.86729,342.21,0.53,0.67,2026-08-22,09:30:00,N,nominal,2.0NRT,302.61,7.13,D,VIIRS
47.50033,37.05973,334.8,0.41,0.6,2026-08-22,09:30:00,N,low,2.0NRT,308.92,2.96,D,VIIRS
47.12437,35.84438,332.15,0.47,0.64,2026-08-22,09:30:00,N,low,2.0NRT,304.97,4.33,D,VIIRS
47.31194,36.26945,367,0.44,0.63,2026-08-22,09:30:00,N,high,2.0NRT,309.13,10.88,D,VIIRS
47.31367,36.27499,332.1,0.44,0.63,2026-08-22,09:30:00,N,nominal,2.0NRT,305.78,10.88,D,VIIRS
47.45552,36.628660000000004,356.04,0.42,0.61,2026-08-22,09:30:00,N,nominal,2.0NRT,308.32,7.05,D,VIIRS
46.58679,33.92935,367,0.59,0.7,2026-08-22,09:30:00,N,high,2.0NRT,304.85,25.35,D,VIIRS
46.59268,33.92514,330.26,0.59,0.7,2026-08-22,09:30:00,N,nominal,2.0NRT,300.77,3.61,D,VIIRS
47.87173,37.95957,334.87,0.36,0.58,2026-08-22,09:30:00,N,low,2.0NRT,307.1,3.65,D,VIIRS
47.45789,36.62999,337.68,0.42,0.61,2026-08-22,09:30:00,N,nominal,2.0NRT,307.08,3.9,D,VIIRS
47.45627,36.62485,332.19,0.42,0.61,2026-08-22,09:30:00,N,low,2.0NRT,306.31,2.98,D,VIIRS
46.58608,33.92812,367,0.58,0.7,2026-08-22,09:30:00,N,high,2.0NRT,304.68,20.44,D,VIIRS
47.59657,37.01603,343.42,0.4,0.6,2026-08-22,09:30:00,N,nominal,2.0NRT,304.4,2.57,D,VIIRS
46.59198,33.92393,334.7,0.58,0.7,2026-08-22,09:30:00,N,nominal,2.0NRT,300.73,3.48,D,VIIRS
47.85897,37.84448,367,0.37,0.58,2026-08-22,09:30:00,N,high,2.0NRT,307.4,7.07,D,VIIRS
47.81265,37.48794,336.55,0.38,0.59,2026-08-22,09:30:00,N,nominal,2.0NRT,308.64,2.25,D,VIIRS
47.81625,37.47983,367,0.38,0.59,2026-08-22,09:30:00,N,high,2.0NRT,313.58,23.59,D,VIIRS
47.81766,37.48455,337.87,0.38,0.59,2026-08-22,09:30:00,N,nominal,2.0NRT,309.61,23.59,D,VIIRS
47.82267,37.48119,335.85,0.38,0.59,2026-08-22,09:30:00,N,nominal,2.0NRT,306.7,23.59,D,VIIRS
47.82127,37.47647,356.57,0.38,0.59,2026-08-22,09:30:00,N,nominal,2.0NRT,324.14,23.59,D,VIIRS
47.81986,37.47174,342.65,0.38,0.59,2026-08-22,09:30:00,N,nominal,2.0NRT,305.72,25.28,D,VIIRS
48.01334,38.09149,367,0.35,0.57,2026-08-22,09:30:00,N,high,2.0NRT,309.76,12.36,D,VIIRS
48.01966,38.11335,333.94,0.35,0.57,2026-08-22,09:30:00,N,low,2.0NRT,305.57,1.52,D,VIIRS
48.01204,38.08699,345.51,0.35,0.57,2026-08-22,09:30:00,N,nominal,2.0NRT,308.53,6.93,D,VIIRS
47.82283,37.47489,367,0.38,0.59,2026-08-22,09:30:00,N,high,2.0NRT,311.5,20.21,D,VIIRS
47.8214,37.47018,330.35,0.38,0.59,2026-08-22,09:30:00,N,nominal,2.0NRT,304.96,20.21,D,VIIRS
48.01292,38.09069,367,0.35,0.57,2026-08-22,09:30:00,N,high,2.0NRT,310.56,6.56,D,VIIRS
48.02067,38.11698,332.35,0.35,0.57,2026-08-22,09:30:00,N,low,2.0NRT,306.35,3.33,D,VIIRS
48.01159,38.0862,334.4,0.35,0.57,2026-08-22,09:30:00,N,nominal,2.0NRT,308.58,6.56,D,VIIRS
47.61294,36.69104,334.88,0.42,0.61,2026-08-22,09:30:00,N,nominal,2.0NRT,304.77,1.51,D,VIIRS
47.46361,36.2156,331.04,0.44,0.62,2026-08-22,09:30:00,N,low,2.0NRT,306.04,6.13,D,VIIRS
47.75632,37.05562,367,0.4,0.6,2026-08-22,09:30:00,N,high,2.0NRT,310.69,8.73,D,VIIRS
47.75785,37.06062,340.81,0.4,0.6,2026-08-22,09:30:00,N,nominal,2.0NRT,307.62,8.73,D,VIIRS
46.43207,33.02495,349.5,0.64,0.72,2026-08-22,09:30:00,N,nominal,2.0NRT,302.21,7.29,D,VIIRS
46.43814,33.02047,367,0.64,0.72,2026-08-22,09:30:00,N,high,2.0NRT,301.25,9.66,D,VIIRS
46.43538,33.01269,334.24,0.65,0.73,2026-08-22,09:30:00,N,nominal,2.0NRT,299.92,9.66,D,VIIRS
47.76766,37.01194,344.54,0.4,0.6,2026-08-22,09:30:00,N,nominal,2.0NRT,310.75,5.17,D,VIIRS
47.76612,37.00689,336.97,0.4,0.6,2026-08-22,09:30:00,N,nominal,2.0NRT,311.73,6.56,D,VIIRS
47.76458,37.0018,348.01,0.4,0.6,2026-08-22,09:30:00,N,nominal,2.0NRT,312.11,6.56,D,VIIRS
47.76302,36.99668,353.6,0.4,0.6,2026-08-22,09:30:00,N,nominal,2.0NRT,312.04,7.25,D,VIIRS
47.77279,37.008540000000004,367,0.4,0.6,2026-08-22,09:30:00,N,high,2.0NRT,312.23,5.17,D,VIIRS
47.77429,37.01349,335.58,0.4,0.6,2026-08-22,09:30:00,N,nominal,2.0NRT,306.83,5.17,D,VIIRS
47.91618,37.4652,340.23,0.38,0.59,2026-08-22,09:30:00,N,nominal,2.0NRT,309.31,3.41,D,VIIRS
47.77787,37.005,336.53,0.4,0.6,2026-08-22,09:30:00,N,nominal,2.0NRT,308.64,2.58,D,VIIRS
47.15816,35.04133,340.33,0.5,0.66,2026-08-22,09:30:00,N,nominal,2.0NRT,305.53,5.21,D,VIIRS
47.78294,37.00141,334.07,0.4,0.6,2026-08-22,09:30:00,N,low,2.0NRT,307.38,2.58,D,VIIRS
47.37187,35.68066,343.7,0.47,0.64,2026-08-22,09:30:00,N,nominal,2.0NRT,306.78,5.27,D,VIIRS
47.16374,35.03742,333.03,0.5,0.66,2026-08-22,09:30:00,N,low,2.0NRT,304.37,5.21,D,VIIRS
47.1617,35.03119,344.11,0.5,0.66,2026-08-22,09:30:00,N,nominal,2.0NRT,305.24,8.12,D,VIIRS
47.37912,35.6826,333.93,0.47,0.64,2026-08-22,09:30:00,N,low,2.0NRT,305.7,3.42,D,VIIRS
47.82506,37.10018,367,0.39,0.6,2026-08-22,09:30:00,N,high,2.0NRT,313.83,14.93,D,VIIRS
47.82656,37.10514,351.61,0.39,0.6,2026-08-22,09:30:00,N,nominal,2.0NRT,308.84,13.94,D,VIIRS
47.83014,37.09674,367,0.39,0.6,2026-08-22,09:30:00,N,high,2.0NRT,332.95,57.96,D,VIIRS
47.83163,37.10169,353.57,0.39,0.6,2026-08-22,09:30:00,N,nominal,2.0NRT,307.53,54.13,D,VIIRS
47.82866,37.09181,208,0.39,0.6,2026-08-22,09:30:00,N,low,2.0NRT,318.32,57.96,D,VIIRS
47.83373,37.08831,367,0.39,0.6,2026-08-22,09:30:00,N,high,2.0NRT,310.65,57.96,D,VIIRS
47.83521,37.09323,335.72,0.39,0.6,2026-08-22,09:30:00,N,nominal,2.0NRT,307.1,57.96,D,VIIRS
47.82528,37.1027,367,0.39,0.6,2026-08-22,09:30:00,N,high,2.0NRT,313.42,58.06,D,VIIRS
47.82375,37.09776,354.31,0.39,0.6,2026-08-22,09:30:00,N,nominal,2.0NRT,307.89,58.06,D,VIIRS
47.37621,35.68229,338.69,0.47,0.64,2026-08-22,09:30:00,N,nominal,2.0NRT,305.99,4.01,D,VIIRS
47.3743,35.67639,341.24,0.47,0.64,2026-08-22,09:30:00,N,nominal,2.0NRT,307.94,4.01,D,VIIRS
47.16327,35.03582,336.01,0.5,0.66,2026-08-22,09:30:00,N,nominal,2.0NRT,304.7,3.95,D,VIIRS
47.1612,35.02962,342.78,0.5,0.66,2026-08-22,09:30:00,N,nominal,2.0NRT,304.97,3.95,D,VIIRS
47.83036,37.09929,367,0.39,0.6,2026-08-22,09:30:00,N,high,2.0NRT,310.28,58.06,D,VIIRS
47.83187,37.1042,333.23,0.39,0.6,2026-08-22,09:30:00,N,nominal,2.0NRT,304.8,16.89,D,VIIRS
47.82735,37.08945,353.33,0.39,0.6,2026-08-22,09:30:00,N,nominal,2.0NRT,307.95,52.13,D,VIIRS
47.82886,37.09438,367,0.39,0.6,2026-08-22,09:30:00,N,low,2.0NRT,344.68,58.06,D,VIIRS
47.83393,37.09089,367,0.39,0.6,2026-08-22,09:30:00,N,high,2.0NRT,308.71,21.91,D,VIIRS
47.83242,37.08599,354.43,0.39,0.6,2026-08-22,09:30:00,N,nominal,2.0NRT,307.84,14.6,D,VIIRS
47.87025,37.1496,356.76,0.39,0.59,2026-08-22,09:30:00,N,nominal,2.0NRT,310.9,7.57,D,VIIRS
48.37215,38.835,367,0.32,0.55,2026-08-22,09:30:00,N,high,2.0NRT,313.52,11.95,D,VIIRS
48.37335,38.83924,344.3,0.32,0.55,2026-08-22,09:30:00,N,nominal,2.0NRT,310.23,18.49,D,VIIRS
47.8768,37.15104,349.64,0.39,0.59,2026-08-22,09:30:00,N,nominal,2.0NRT,311.14,7.95,D,VIIRS
47.87381,37.14125,353.3,0.39,0.59,2026-08-22,09:30:00,N,nominal,2.0NRT,310.69,4.29,D,VIIRS
47.87233,37.13637,332.28,0.39,0.59,2026-08-22,09:30:00,N,low,2.0NRT,305.71,4.29,D,VIIRS
48.37682,38.83186,367,0.32,0.55,2026-08-22,09:30:00,N,high,2.0NRT,308.4,11.95,D,VIIRS
47.88186,37.1476,367,0.39,0.59,2026-08-22,09:30:00,N,high,2.0NRT,310.69,7.95,D,VIIRS
47.88036,37.14268,352.28,0.39,0.59,2026-08-22,09:30:00,N,nominal,2.0NRT,310.98,7.95,D,VIIRS
47.99528,37.48335,367,0.38,0.58,2026-08-22,09:30:00,N,high,2.0NRT,316.11,32.44,D,VIIRS
48.30247,38.51213,351.5,0.33,0.55,2026-08-22,09:30:00,N,nominal,2.0NRT,307.51,3.35,D,VIIRS
48.30725,38.50913,337.83,0.33,0.55,2026-08-22,09:30:00,N,nominal,2.0NRT,302.29,3.35,D,VIIRS
47.23951,33.64264,344.88,0.57,0.69,2026-08-22,09:30:00,N,nominal,2.0NRT,305.08,7.29,D,VIIRS
47.24193,33.64965,350.39,0.57,0.69,2026-08-22,09:30:00,N,nominal,2.0NRT,304.34,7.29,D,VIIRS
48.83484,38.7415,349.39,0.63,0.54,2026-08-22,09:30:00,N,nominal,2.0NRT,306.84,47.08,D,VIIRS
48.43821,37.39195,336.28,0.37,0.58,2026-08-22,09:30:00,N,nominal,2.0NRT,304.71,1.29,D,VIIRS
48.82789,38.73638,337.61,0.63,0.54,2026-08-22,09:30:00,N,low,2.0NRT,310.94,27.21,D,VIIRS
48.83015,38.74442,354.13,0.63,0.54,2026-08-22,09:30:00,N,nominal,2.0NRT,320.39,47.08,D,VIIRS
47.36217,34.04205,340.04,0.55,0.68,2026-08-22,09:30:00,N,nominal,2.0NRT,303.06,5.19,D,VIIRS
48.39688,37.27364,345.34,0.37,0.58,2026-08-22,09:30:00,N,nominal,2.0NRT,308.82,3.92,D,VIIRS
48.52662,37.71023,332.63,0.35,0.57,2026-08-22,09:30:00,N,low,2.0NRT,303.33,1.72,D,VIIRS
48.82547,38.74731,350.9,0.63,0.54,2026-08-22,09:30:00,N,nominal,2.0NRT,311.8,13.7,D,VIIRS
48.45801,37.47836,367,0.36,0.58,2026-08-22,09:30:00,N,high,2.0NRT,303.33,5.61,D,VIIRS
46.52983,31.73041,333.6,0.72,0.76,2026-08-22,09:30:00,N,nominal,2.0NRT,304.08,6.66,D,VIIRS
47.35629,34.04574,336.41,0.55,0.68,2026-08-22,09:30:00,N,nominal,2.0NRT,302.72,5.19,D,VIIRS
48.44894,37.46774,347.94,0.36,0.58,2026-08-22,09:30:00,N,nominal,2.0NRT,299.92,5.17,D,VIIRS
48.45034,37.47244,347.96,0.36,0.58,2026-08-22,09:30:00,N,nominal,2.0NRT,305.49,9.75,D,VIIRS
48.45309,37.48172,343.54,0.36,0.58,2026-08-22,09:30:00,N,nominal,2.0NRT,306.19,5.61,D,VIIRS
48.45446,37.48628,336.89,0.36,0.58,2026-08-22,09:30:00,N,nominal,2.0NRT,306.88,5.61,D,VIIRS
48.24509,36.79262,367,0.39,0.6,2026-08-22,09:30:00,N,high,2.0NRT,306.71,9.55,D,VIIRS
48.3556,37.17624,341.75,0.38,0.58,2026-08-22,09:30:00,N,nominal,2.0NRT,308.16,2.72,D,VIIRS
48.29642,37.00084,332.62,0.38,0.59,2026-08-22,09:30:00,N,low,2.0NRT,305.67,1.91,D,VIIRS
48.75334,38.55151,354.03,0.32,0.55,2026-08-22,09:30:00,N,nominal,2.0NRT,307.15,11.04,D,VIIRS
48.48288,37.6216,367,0.36,0.57,2026-08-22,09:30:00,N,high,2.0NRT,306.19,7.02,D,VIIRS
48.7522,38.54751,367,0.32,0.55,2026-08-22,09:30:00,N,high,2.0NRT,307.17,10.49,D,VIIRS
48.42732,37.4548,343.45,0.36,0.58,2026-08-22,09:30:00,N,nominal,2.0NRT,304.39,6.3,D,VIIRS
48.53534,37.81889,335.86,0.35,0.57,2026-08-22,09:30:00,N,low,2.0NRT,308.82,3.12,D,VIIRS
48.74743,38.5503,356.8,0.32,0.55,2026-08-22,09:30:00,N,nominal,2.0NRT,304.7,3.88,D,VIIRS
48.74857,38.5543,332.16,0.32,0.55,2026-08-22,09:30:00,N,nominal,2.0NRT,306.54,4.72,D,VIIRS
48.51169,37.75844,335.17,0.35,0.57,2026-08-22,09:30:00,N,nominal,2.0NRT,303.65,2.42,D,VIIRS
48.4224,37.45815,367,0.36,0.58,2026-08-22,09:30:00,N,high,2.0NRT,306.4,6.3,D,VIIRS
48.50805,37.76583,334.24,0.35,0.57,2026-08-22,09:30:00,N,low,2.0NRT,308.1,2.74,D,VIIRS
48.49554,37.76294,332.6,0.35,0.57,2026-08-22,09:30:00,N,low,2.0NRT,305.94,3.52,D,VIIRS
48.04702,36.31528,356.05,0.42,0.61,2026-08-22,09:30:00,N,nominal,2.0NRT,309.02,7.57,D,VIIRS
48.72766,38.57852,338.14,0.32,0.55,2026-08-22,09:30:00,N,nominal,2.0NRT,303.73,9.82,D,VIIRS
48.72649,38.57445,367,0.32,0.55,2026-08-22,09:30:00,N,high,2.0NRT,310.46,12.34,D,VIIRS
46.53192,31.7285,331.92,0.72,0.76,2026-08-22,09:30:00,N,nominal,2.0NRT,303.66,4.15,D,VIIRS
48.50851,37.76437,344.79,0.35,0.57,2026-08-22,09:30:00,N,nominal,2.0NRT,309.19,3.21,D,VIIRS
48.49603,37.76141,331.54,0.35,0.57,2026-08-22,09:30:00,N,low,2.0NRT,305.42,2.6,D,VIIRS
48.72902,38.57728,345.05,0.32,0.55,2026-08-22,09:30:00,N,nominal,2.0NRT,303.62,10.72,D,VIIRS
48.72788,38.57322,367,0.32,0.55,2026-08-22,09:30:00,N,high,2.0NRT,307.77,10.69,D,VIIRS
48.04413,36.31427,342.1,0.42,0.61,2026-08-22,09:30:00,N,nominal,2.0NRT,309.48,8.37,D,VIIRS
48.4286,37.59049,334.49,0.36,0.57,2026-08-22,09:30:00,N,low,2.0NRT,304.72,2.33,D,VIIRS
48.43134,37.59983,348.59,0.36,0.57,2026-08-22,09:30:00,N,nominal,2.0NRT,306.09,5.57,D,VIIRS
47.83718,35.67417,338.99,0.45,0.63,2026-08-22,09:30:00,N,nominal,2.0NRT,306.79,3.36,D,VIIRS
48.37895,37.44195,355.28,0.37,0.58,2026-08-22,09:30:00,N,nominal,2.0NRT,305.92,3.48,D,VIIRS
47.83183,35.67791,334.36,0.45,0.63,2026-08-22,09:30:00,N,low,2.0NRT,307.42,3.36,D,VIIRS
48.2938,37.17571,333,0.38,0.59,2026-08-22,09:30:00,N,nominal,2.0NRT,301.76,1.01,D,VIIRS
48.37402,37.44532,333.2,0.37,0.58,2026-08-22,09:30:00,N,nominal,2.0NRT,303.76,3.48,D,VIIRS
48.40303,37.56354,330.01,0.36,0.58,2026-08-22,09:30:00,N,nominal,2.0NRT,304.27,8.98,D,VIIRS
48.42444,37.63629,354.47,0.36,0.57,2026-08-22,09:30:00,N,nominal,2.0NRT,307.4,8.93,D,VIIRS
48.50633,37.91653,337.32,0.35,0.57,2026-08-22,09:30:00,N,nominal,2.0NRT,305.28,1.81,D,VIIRS
48.40438,37.56813,367,0.36,0.58,2026-08-22,09:30:00,N,high,2.0NRT,310.81,11.97,D,VIIRS
48.4258,37.64089,367,0.36,0.57,2026-08-22,09:30:00,N,high,2.0NRT,310.64,16.48,D,VIIRS
48.39952,37.57162,338.87,0.36,0.58,2026-08-22,09:30:00,N,nominal,2.0NRT,305.22,11.97,D,VIIRS
48.46939,37.84933,349.73,0.35,0.57,2026-08-22,09:30:00,N,nominal,2.0NRT,308.33,3.85,D,VIIRS
47.58282,35.01011,342.83,0.49,0.65,2026-08-22,09:30:00,N,nominal,2.0NRT,306.57,3.79,D,VIIRS
48.46455,37.85263,367,0.35,0.57,2026-08-22,09:30:00,N,high,2.0NRT,311.54,10.23,D,VIIRS
48.06344,36.53918,336.39,0.41,0.61,2026-08-22,09:30:00,N,nominal,2.0NRT,303.9,2.26,D,VIIRS
49.16716,38.12452,367,0.32,0.55,2026-08-22,09:30:00,N,high,2.0NRT,307.13,6.79,D,VIIRS
49.12676,37.90351,367,0.33,0.55,2026-08-22,09:30:00,N,high,2.0NRT,306.74,6.45,D,VIIRS
48.12041,34.60994,332.83,0.49,0.65,2026-08-22,09:30:00,N,nominal,2.0NRT,300.4,3.48,D,VIIRS
49.12489,37.90635,335.77,0.33,0.55,2026-08-22,09:30:00,N,nominal,2.0NRT,305.75,6.14,D,VIIRS
49.12364,37.90208,349.26,0.33,0.55,2026-08-22,09:30:00,N,nominal,2.0NRT,304.99,5.03,D,VIIRS
49.14433,37.93417,331.41,0.33,0.55,2026-08-22,09:30:00,N,nominal,2.0NRT,304.53,1.52,D,VIIRS
49.21708,38.14698,345.11,0.32,0.55,2026-08-22,09:30:00,N,nominal,2.0NRT,305.63,2.79,D,VIIRS
48.12219,34.6074,336.23,0.49,0.65,2026-08-22,09:30:00,N,nominal,2.0NRT,300.33,3.88,D,VIIRS
48.88028,36.94308,367,0.37,0.58,2026-08-22,09:30:00,N,high,2.0NRT,303.97,4.91,D,VIIRS
49.14965,37.85474,339.11,0.33,0.56,2026-08-22,09:30:00,N,nominal,2.0NRT,303.15,4.37,D,VIIRS
48.8853,36.9399,352.79,0.37,0.58,2026-08-22,09:30:00,N,nominal,2.0NRT,303.56,4.72,D,VIIRS
48.67923,36.22406,367,0.4,0.6,2026-08-22,09:30:00,N,high,2.0NRT,310.01,11.82,D,VIIRS
48.68084,36.22928,341.41,0.4,0.6,2026-08-22,09:30:00,N,nominal,2.0NRT,305.63,7.79,D,VIIRS
49.22918,37.99339,337.96,0.33,0.55,2026-08-22,09:30:00,N,nominal,2.0NRT,304.84,1.89,D,VIIRS
49.17182,37.79371,334.79,0.34,0.56,2026-08-22,09:30:00,N,nominal,2.0NRT,301.86,2.82,D,VIIRS
47.89143,33.60765,341.02,0.55,0.68,2026-08-22,09:30:00,N,nominal,2.0NRT,302.96,6.41,D,VIIRS
49.12637,37.53635,331.07,0.34,0.56,2026-08-22,09:30:00,N,low,2.0NRT,304.41,1.64,D,VIIRS
49.21647,37.78442,341.17,0.33,0.56,2026-08-22,09:30:00,N,nominal,2.0NRT,301.62,5.05,D,VIIRS
47.8877,33.60841,332.49,0.55,0.68,2026-08-22,09:30:00,N,low,2.0NRT,303.17,5.96,D,VIIRS
49.12533,37.43487,347.65,0.35,0.57,2026-08-22,09:30:00,N,nominal,2.0NRT,306.19,6.85,D,VIIRS
49.12399,37.43032,330.61,0.35,0.57,2026-08-22,09:30:00,N,nominal,2.0NRT,303.93,3.71,D,VIIRS
49.36609,38.18615,339.49,0.32,0.54,2026-08-22,09:30:00,N,nominal,2.0NRT,301.2,4.58,D,VIIRS
49.36491,38.18197,343.59,0.32,0.54,2026-08-22,09:30:00,N,nominal,2.0NRT,302.61,3.42,D,VIIRS
49.04178,37.01519,367,0.36,0.58,2026-08-22,09:30:00,N,high,2.0NRT,308.97,10.4,D,VIIRS
49.04445,37.02413,354.83,0.36,0.58,2026-08-22,09:30:00,N,nominal,2.0NRT,308.84,12.49,D,VIIRS
48.12167,34.10897,336,0.51,0.66,2026-08-22,09:30:00,N,nominal,2.0NRT,304.11,5.11,D,VIIRS
49.16025,37.39581,332.21,0.35,0.57,2026-08-22,09:30:00,N,low,2.0NRT,304.02,3.22,D,VIIRS
49.36029,38.0484,333.48,0.32,0.55,2026-08-22,09:30:00,N,nominal,2.0NRT,304.36,2,D,VIIRS
47.70568,32.8124,331.81,0.6,0.7,2026-08-22,09:30:00,N,nominal,2.0NRT,304.27,1.88,D,VIIRS
47.70557,32.81218,330.79,0.59,0.7,2026-08-22,09:30:00,N,low,2.0NRT,304.07,2.01,D,VIIRS
49.38462,37.78637,335.85,0.33,0.55,2026-08-22,09:30:00,N,nominal,2.0NRT,304.13,3.06,D,VIIRS
49.38336,37.78201,330.82,0.33,0.55,2026-08-22,09:30:00,N,nominal,2.0NRT,303.36,1.78,D,VIIRS
49.44046,37.94164,354.35,0.32,0.55,2026-08-22,09:30:00,N,nominal,2.0NRT,306.27,4.6,D,VIIRS
49.45457,37.97147,332.76,0.32,0.55,2026-08-22,09:30:00,N,nominal,2.0NRT,302.55,1.3,D,VIIRS
49.40616,37.80228,346.61,0.33,0.55,2026-08-22,09:30:00,N,nominal,2.0NRT,307.69,5.76,D,VIIRS
49.41207,37.68476,330.79,0.33,0.55,2026-08-22,09:30:00,N,low,2.0NRT,303.19,7.24,D,VIIRS
49.4108,37.68033,354.11,0.33,0.56,2026-08-22,09:30:00,N,nominal,2.0NRT,304.55,3.87,D,VIIRS
49.38204,37.58014,338.36,0.34,0.56,2026-08-22,09:30:00,N,nominal,2.0NRT,302.34,2.75,D,VIIRS
49.41003,37.6898,341.48,0.33,0.55,2026-08-22,09:30:00,N,nominal,2.0NRT,304,4.66,D,VIIRS
49.41221,37.67779,346.63,0.33,0.55,2026-08-22,09:30:00,N,nominal,2.0NRT,301.63,7.66,D,VIIRS
49.383,37.57806,334.53,0.34,0.56,2026-08-22,09:30:00,N,nominal,2.0NRT,301.63,2.37,D,VIIRS
49.49397,37.72498,330.97,0.33,0.55,2026-08-22,09:30:00,N,nominal,2.0NRT,301.15,2.94,D,VIIRS
49.49271,37.72063,331.46,0.33,0.55,2026-08-22,09:30:00,N,nominal,2.0NRT,300.71,2.19,D,VIIRS
47.72732,32.24489,345.83,0.63,0.72,2026-08-22,09:30:00,N,nominal,2.0NRT,303.97,5.12,D,VIIRS
47.72455,32.23718,332.64,0.63,0.72,2026-08-22,09:30:00,N,nominal,2.0NRT,303.45,5.12,D,VIIRS
49.55602,37.92192,335.22,0.32,0.55,2026-08-22,09:30:00,N,nominal,2.0NRT,302.45,2.89,D,VIIRS
47.62319,31.93447,337.08,0.65,0.73,2026-08-22,09:30:00,N,nominal,2.0NRT,304.61,33.86,D,VIIRS
47.62926,31.92979,367,0.65,0.73,2026-08-22,09:30:00,N,high,2.0NRT,309.24,33.86,D,VIIRS
47.73095,32.24096,343.72,0.63,0.72,2026-08-22,09:30:00,N,nominal,2.0NRT,303.41,7.4,D,VIIRS
47.62558,31.93181,367,0.65,0.73,2026-08-22,09:30:00,N,high,2.0NRT,311.82,57.36,D,VIIRS
47.29659,30.77142,347.02,0.74,0.76,2026-08-22,09:30:00,N,nominal,2.0NRT,303.71,13.96,D,VIIRS
49.63916,37.78633,330.91,0.32,0.55,2026-08-22,09:30:00,N,low,2.0NRT,301.91,2.35,D,VIIRS
49.67978,37.90919,336.34,0.32,0.55,2026-08-22,09:30:00,N,nominal,2.0NRT,304.49,3.49,D,VIIRS
49.66029,37.78179,339.7,0.32,0.55,2026-08-22,09:30:00,N,nominal,2.0NRT,304.16,1.9,D,VIIRS
49.64181,37.69725,331.84,0.33,0.55,2026-08-22,09:30:00,N,low,2.0NRT,304.37,2.58,D,VIIRS
49.64774,37.6983,338.05,0.33,0.55,2026-08-22,09:30:00,N,nominal,2.0NRT,302.59,2.58,D,VIIRS
49.64653,37.69407,338.56,0.33,0.55,2026-08-22,09:30:00,N,nominal,2.0NRT,303.63,2.58,D,VIIRS
49.65865,37.7835,339.01,0.32,0.55,2026-08-22,09:30:00,N,nominal,2.0NRT,304.57,2.7,D,VIIRS
47.3,30.76903,356.64,0.74,0.76,2026-08-22,09:30:00,N,nominal,2.0NRT,303.78,15.05,D,VIIRS
49.64574,37.70044,333.27,0.33,0.55,2026-08-22,09:30:00,N,nominal,2.0NRT,303.69,3.74,D,VIIRS
49.64451,37.69621,351.93,0.33,0.55,2026-08-22,09:30:00,N,nominal,2.0NRT,305.76,3.74,D,VIIRS
49.64225,37.61073,341.49,0.33,0.55,2026-08-22,09:30:00,N,nominal,2.0NRT,301.32,2.39,D,VIIRS
49.74615,37.93166,330.83,0.64,0.54,2026-08-22,09:30:00,N,nominal,2.0NRT,300.39,6.66,D,VIIRS
49.61353,37.41451,367,0.34,0.56,2026-08-22,09:30:00,N,high,2.0NRT,308.49,10.48,D,VIIRS
49.61605,37.42315,343.08,0.34,0.56,2026-08-22,09:30:00,N,nominal,2.0NRT,303.02,5.55,D,VIIRS
49.6148,37.41883,347.61,0.34,0.56,2026-08-22,09:30:00,N,nominal,2.0NRT,304.71,5.55,D,VIIRS
49.61957,37.4156,367,0.34,0.56,2026-08-22,09:30:00,N,high,2.0NRT,304.01,12.51,D,VIIRS
49.62084,37.41996,339.07,0.34,0.56,2026-08-22,09:30:00,N,nominal,2.0NRT,300.84,12.51,D,VIIRS
49.61829,37.41122,355.93,0.34,0.56,2026-08-22,09:30:00,N,nominal,2.0NRT,307.11,22.79,D,VIIRS
48.1985,37.46662,367,0.37,0.58,2026-08-22,09:30:00,N,high,2.0NRT,312.28,11.51,D,VIIRS
48.2103,37.30623,332.75,0.38,0.58,2026-08-22,09:30:00,N,low,2.0NRT,306.97,2.83,D,VIIRS
48.42157,36.94796,332.88,0.38,0.59,2026-08-22,09:30:00,N,low,2.0NRT,304.36,3.22,D,VIIRS
48.56466,37.42495,331.17,0.36,0.58,2026-08-22,09:30:00,N,low,2.0NRT,304.41,1.42,D,VIIRS
48.61361,37.59027,354.09,0.36,0.57,2026-08-22,09:30:00,N,nominal,2.0NRT,309.3,4.77,D,VIIRS
48.70415,37.89917,332.37,0.34,0.56,2026-08-22,09:30:00,N,low,2.0NRT,305.77,1.25,D,VIIRS
48.50664,37.27021,367,0.37,0.58,2026-08-22,09:30:00,N,high,2.0NRT,314.1,24.32,D,VIIRS
47.64984,34.60568,333.33,0.51,0.66,2026-08-22,09:30:00,N,nominal,2.0NRT,300.75,3.47,D,VIIRS
47.9575,35.54338,336.69,0.45,0.63,2026-08-22,09:30:00,N,nominal,2.0NRT,305.34,2.57,D,VIIRS
47.64639,34.61602,331.24,0.51,0.66,2026-08-22,09:30:00,N,nominal,2.0NRT,302.07,11.62,D,VIIRS
48.62003,37.71087,335.11,0.35,0.57,2026-08-22,09:30:00,N,low,2.0NRT,308.89,2.54,D,VIIRS
47.64428,34.60975,367,0.51,0.66,2026-08-22,09:30:00,N,high,2.0NRT,306.61,11.62,D,VIIRS
48.51723,37.38493,335.48,0.36,0.58,2026-08-22,09:30:00,N,nominal,2.0NRT,306.17,4.47,D,VIIRS
48.43401,37.10867,367,0.38,0.59,2026-08-22,09:30:00,N,high,2.0NRT,304.85,5.27,D,VIIRS
48.51855,37.38932,367,0.36,0.58,2026-08-22,09:30:00,N,high,2.0NRT,303.84,4.47,D,VIIRS
48.41568,37.06813,335.51,0.38,0.59,2026-08-22,09:30:00,N,nominal,2.0NRT,304.07,2.92,D,VIIRS
48.50423,37.36135,331.59,0.37,0.58,2026-08-22,09:30:00,N,low,2.0NRT,303.2,3.7,D,VIIRS
48.5136,37.3926,337.06,0.36,0.58,2026-08-22,09:30:00,N,nominal,2.0NRT,305.08,2.49,D,VIIRS
48.66125,37.89024,367,0.34,0.56,2026-08-22,09:30:00,N,high,2.0NRT,307.86,4.22,D,VIIRS
48.65649,37.89364,337.47,0.34,0.56,2026-08-22,09:30:00,N,nominal,2.0NRT,308.03,4.22,D,VIIRS
48.5468,37.54304,332.23,0.36,0.57,2026-08-22,09:30:00,N,nominal,2.0NRT,303.34,1.04,D,VIIRS
48.94986,38.93268,348.17,0.61,0.53,2026-08-22,09:30:00,N,nominal,2.0NRT,310.03,17.44,D,VIIRS
48.64248,37.86565,367,0.35,0.56,2026-08-22,09:30:00,N,high,2.0NRT,307.23,8.53,D,VIIRS
47.33274,33.79955,334.89,0.56,0.69,2026-08-22,09:30:00,N,nominal,2.0NRT,303.41,4.98,D,VIIRS
47.64752,34.60096,335.62,0.51,0.66,2026-08-22,09:30:00,N,nominal,2.0NRT,300.95,6.94,D,VIIRS
47.64959,34.60725,331.81,0.51,0.66,2026-08-22,09:30:00,N,nominal,2.0NRT,301.04,6.94,D,VIIRS
48.51589,37.39432,339.69,0.36,0.58,2026-08-22,09:30:00,N,nominal,2.0NRT,304.16,6.52,D,VIIRS
48.95288,38.93008,348.13,0.61,0.54,2026-08-22,09:30:00,N,nominal,2.0NRT,305.64,20.69,D,VIIRS
48.43267,37.11261,367,0.38,0.59,2026-08-22,09:30:00,N,high,2.0NRT,305.64,7.97,D,VIIRS
48.51453,37.38967,367,0.37,0.58,2026-08-22,09:30:00,N,high,2.0NRT,305.82,6.81,D,VIIRS
48.65987,37.88956,367,0.34,0.56,2026-08-22,09:30:00,N,high,2.0NRT,309.6,6.18,D,VIIRS
48.41457,37.07195,333.02,0.38,0.59,2026-08-22,09:30:00,N,low,2.0NRT,305.12,3.46,D,VIIRS
48.50158,37.36574,331.82,0.37,0.58,2026-08-22,09:30:00,N,low,2.0NRT,305.91,2.92,D,VIIRS
47.64404,34.61134,367,0.51,0.66,2026-08-22,09:30:00,N,high,2.0NRT,307.82,6.94,D,VIIRS
48.6412,37.86471,341.5,0.35,0.56,2026-08-22,09:30:00,N,nominal,2.0NRT,304.2,3.25,D,VIIRS
48.64248,37.86916,352.96,0.35,0.56,2026-08-22,09:30:00,N,nominal,2.0NRT,304.97,3.25,D,VIIRS
48.66079,37.97247,334.69,0.34,0.56,2026-08-22,09:30:00,N,low,2.0NRT,307.18,2.63,D,VIIRS
48.85388,38.67205,344.51,0.63,0.54,2026-08-22,09:30:00,N,nominal,2.0NRT,312.12,64.59,D,VIIRS
48.83762,38.63375,346.89,0.63,0.54,2026-08-22,09:30:00,N,nominal,2.0NRT,305.86,9.68,D,VIIRS
48.8492,38.67504,344.63,0.63,0.54,2026-08-22,09:30:00,N,nominal,2.0NRT,313.9,24.73,D,VIIRS
47.32821,33.79515,330.54,0.56,0.69,2026-08-22,09:30:00,N,low,2.0NRT,302.31,3.05,D,VIIRS
48.34974,36.97651,333.94,0.38,0.59,2026-08-22,09:30:00,N,low,2.0NRT,304.48,1.22,D,VIIRS
48.83294,38.63674,344.12,0.63,0.54,2026-08-22,09:30:00,N,nominal,2.0NRT,308.41,9.68,D,VIIRS
47.26278,33.6255,343.4,0.57,0.69,2026-08-22,09:30:00,N,nominal,2.0NRT,304.74,6.35,D,VIIRS
48.46419,37.37959,334.13,0.37,0.58,2026-08-22,09:30:00,N,low,2.0NRT,304.74,2.15,D,VIIRS
48.58799,37.80073,330.39,0.35,0.57,2026-08-22,09:30:00,N,low,2.0NRT,304.16,1.59,D,VIIRS
46.70899,32.08565,333.87,0.69,0.74,2026-08-22,09:30:00,N,nominal,2.0NRT,306.76,3.33,D,VIIRS
47.25456,33.6228,348.75,0.57,0.69,2026-08-22,09:30:00,N,nominal,2.0NRT,305.77,6.56,D,VIIRS
47.25697,33.62981,333.05,0.57,0.69,2026-08-22,09:30:00,N,low,2.0NRT,306.57,6.35,D,VIIRS
48.34117,36.98829,335.78,0.38,0.59,2026-08-22,09:30:00,N,low,2.0NRT,306.52,4.73,D,VIIRS
48.34263,36.99313,343.08,0.38,0.59,2026-08-22,09:30:00,N,nominal,2.0NRT,308.07,4.73,D,VIIRS
48.53647,37.64448,334.28,0.36,0.57,2026-08-22,09:30:00,N,nominal,2.0NRT,305.58,1.35,D,VIIRS
47.96007,35.77661,336.25,0.44,0.63,2026-08-22,09:30:00,N,low,2.0NRT,308.51,3.29,D,VIIRS
47.96181,35.78212,333.3,0.44,0.63,2026-08-22,09:30:00,N,low,2.0NRT,307.94,3.29,D,VIIRS
48.57943,37.8111,330.54,0.35,0.57,2026-08-22,09:30:00,N,low,2.0NRT,304.64,3.19,D,VIIRS
48.84646,38.74372,343.79,0.63,0.54,2026-08-22,09:30:00,N,nominal,2.0NRT,308.07,17.76,D,VIIRS
48.8487,38.75171,343.03,0.63,0.54,2026-08-22,09:30:00,N,nominal,2.0NRT,309.13,29.52,D,VIIRS
47.24774,33.64534,349.66,0.57,0.69,2026-08-22,09:30:00,N,nominal,2.0NRT,305.27,13.21,D,VIIRS
48.36033,37.09202,330.73,0.38,0.59,2026-08-22,09:30:00,N,low,2.0NRT,304.03,2.92,D,VIIRS
47.24532,33.63833,367,0.57,0.69,2026-08-22,09:30:00,N,high,2.0NRT,303.94,13.21,D,VIIRS
48.16603,37.31871,367,0.38,0.58,2026-08-22,09:30:00,N,high,2.0NRT,307.95,7.94,D,VIIRS
48.01681,36.82793,343.09,0.4,0.6,2026-08-22,09:30:00,N,nominal,2.0NRT,307.56,3.17,D,VIIRS
47.65737,35.68431,335.66,0.46,0.63,2026-08-22,09:30:00,N,nominal,2.0NRT,302.04,3.84,D,VIIRS
48.17105,37.31545,339.8,0.38,0.58,2026-08-22,09:30:00,N,nominal,2.0NRT,305.92,7.39,D,VIIRS
47.77205,36.02317,340.67,0.44,0.62,2026-08-22,09:30:00,N,nominal,2.0NRT,307.82,3.3,D,VIIRS
47.60193,35.49195,343.85,0.47,0.64,2026-08-22,09:30:00,N,nominal,2.0NRT,308.94,6.94,D,VIIRS
48.17463,37.30737,367,0.38,0.59,2026-08-22,09:30:00,N,high,2.0NRT,308.08,9.95,D,VIIRS
48.1104,37.09452,336.94,0.39,0.59,2026-08-22,09:30:00,N,nominal,2.0NRT,310.05,5.14,D,VIIRS
48.10893,37.08969,351.36,0.39,0.59,2026-08-22,09:30:00,N,nominal,2.0NRT,310.58,5.14,D,VIIRS
48.11543,37.09108,367,0.39,0.59,2026-08-22,09:30:00,N,high,2.0NRT,308.49,17.71,D,VIIRS
48.11396,37.08621,354.22,0.39,0.59,2026-08-22,09:30:00,N,nominal,2.0NRT,316.97,17.71,D,VIIRS
48.11248,37.08134,330.8,0.39,0.59,2026-08-22,09:30:00,N,low,2.0NRT,305.66,7.34,D,VIIRS
48.5596,38.58447,353.42,0.32,0.55,2026-08-22,09:30:00,N,nominal,2.0NRT,305.48,4.81,D,VIIRS
48.55587,38.55169,330.43,0.33,0.55,2026-08-22,09:30:00,N,low,2.0NRT,304.68,3.3,D,VIIRS
48.00058,36.67429,342.63,0.41,0.6,2026-08-22,09:30:00,N,nominal,2.0NRT,307.33,3.21,D,VIIRS
47.2652,34.36753,357.23,0.53,0.67,2026-08-22,09:30:00,N,nominal,2.0NRT,305.45,7.3,D,VIIRS
47.27088,34.36344,367,0.53,0.67,2026-08-22,09:30:00,N,high,2.0NRT,304.39,14.52,D,VIIRS
48.05433,36.80939,344.55,0.4,0.6,2026-08-22,09:30:00,N,nominal,2.0NRT,309.21,3.67,D,VIIRS
47.27967,34.38961,332.38,0.53,0.67,2026-08-22,09:30:00,N,nominal,2.0NRT,302.28,2.85,D,VIIRS
47.70243,35.66074,367,0.46,0.63,2026-08-22,09:30:00,N,high,2.0NRT,307.1,9.96,D,VIIRS
49.73344,37.7117,331.14,0.32,0.55,2026-08-22,09:30:00,N,low,2.0NRT,301.92,2.23,D,VIIRS
49.71049,37.51354,331.29,0.33,0.55,2026-08-22,09:30:00,N,low,2.0NRT,303.59,1.34,D,VIIRS
49.77359,37.68059,335.16,0.32,0.55,2026-08-22,09:30:00,N,low,2.0NRT,307.14,3.38,D,VIIRS
49.78196,37.69005,367,0.32,0.55,2026-08-22,09:30:00,N,high,2.0NRT,308.08,7.76,D,VIIRS
49.84393,37.86639,334.79,0.63,0.54,2026-08-22,09:30:00,N,nominal,2.0NRT,303.12,9.65,D,VIIRS
49.79564,37.64008,367,0.32,0.55,2026-08-22,09:30:00,N,high,2.0NRT,305.37,4.86,D,VIIRS
49.8519,37.75792,334.24,0.32,0.55,2026-08-22,09:30:00,N,nominal,2.0NRT,301.88,1.73,D,VIIRS
49.82315,37.63798,367,0.32,0.55,2026-08-22,09:30:00,N,high,2.0NRT,304.15,9.33,D,VIIRS
49.9186,37.97297,344.73,0.63,0.54,2026-08-22,09:30:00,N,nominal,2.0NRT,305.43,7.04,D,VIIRS
49.82193,37.63373,345.25,0.32,0.55,2026-08-22,09:30:00,N,nominal,2.0NRT,301.44,6.02,D,VIIRS
49.8778,37.7901,367,0.32,0.54,2026-08-22,09:30:00,N,high,2.0NRT,312.42,7.66,D,VIIRS
49.87663,37.78597,330.24,0.32,0.54,2026-08-22,09:30:00,N,nominal,2.0NRT,304.48,6.47,D,VIIRS
49.88247,37.78692,334.53,0.32,0.54,2026-08-22,09:30:00,N,nominal,2.0NRT,301.96,7.66,D,VIIRS
49.82725,37.5738,332.91,0.33,0.55,2026-08-22,09:30:00,N,nominal,2.0NRT,303.16,1.57,D,VIIRS
49.474,36.28608,338.34,0.38,0.59,2026-08-22,09:30:00,N,nominal,2.0NRT,304.09,4.29,D,VIIRS
49.47902,36.2827,367,0.38,0.59,2026-08-22,09:30:00,N,high,2.0NRT,308.58,9.78,D,VIIRS
49.48051,36.2876,339.24,0.38,0.59,2026-08-22,09:30:00,N,nominal,2.0NRT,303.63,9.78,D,VIIRS
49.95952,37.71035,330.93,0.32,0.55,2026-08-22,09:30:00,N,nominal,2.0NRT,303.65,5.75,D,VIIRS
49.95827,37.70599,348.15,0.32,0.55,2026-08-22,09:30:00,N,nominal,2.0NRT,304.89,5.75,D,VIIRS
48.35231,32.6438,331.43,0.57,0.69,2026-08-22,09:30:00,N,low,2.0NRT,302.56,5.31,D,VIIRS
49.96414,37.707,367,0.32,0.55,2026-08-22,09:30:00,N,high,2.0NRT,307.68,5.75,D,VIIRS
49.96168,37.69835,367,0.32,0.55,2026-08-22,09:30:00,N,high,2.0NRT,304.16,6.89,D,VIIRS
49.96538,37.71135,348.14,0.32,0.54,2026-08-22,09:30:00,N,nominal,2.0NRT,303.3,10.27,D,VIIRS
49.96291,37.70266,340.98,0.32,0.55,2026-08-22,09:30:00,N,nominal,2.0NRT,304.31,5.75,D,VIIRS
49.96875,37.70362,367,0.32,0.55,2026-08-22,09:30:00,N,high,2.0NRT,302.37,5.96,D,VIIRS
49.89624,37.45055,367,0.33,0.55,2026-08-22,09:30:00,N,high,2.0NRT,303.49,6.73,D,VIIRS
49.97692,37.63425,343.49,0.32,0.55,2026-08-22,09:30:00,N,nominal,2.0NRT,302.17,3.37,D,VIIRS
48.35202,32.63844,339.27,0.57,0.69,2026-08-22,09:30:00,N,nominal,2.0NRT,304.33,4.2,D,VIIRS
49.97577,37.63379,336.99,0.32,0.55,2026-08-22,09:30:00,N,nominal,2.0NRT,302.51,2.01,D,VIIRS
50.037,37.76851,335.33,0.63,0.54,2026-08-22,09:30:00,N,nominal,2.0NRT,305.4,4.85,D,VIIRS
50.0441,37.77388,341.88,0.63,0.54,2026-08-22,09:30:00,N,nominal,2.0NRT,306.09,18.45,D,VIIRS
50.04169,37.76551,333.54,0.63,0.54,2026-08-22,09:30:00,N,low,2.0NRT,305.69,4.85,D,VIIRS
50.03927,37.75707,331.17,0.63,0.54,2026-08-22,09:30:00,N,low,2.0NRT,302.81,4.85,D,VIIRS
50.05112,37.77901,339.81,0.63,0.54,2026-08-22,09:30:00,N,nominal,2.0NRT,301.94,14.18,D,VIIRS
50.04878,37.77084,350.31,0.63,0.54,2026-08-22,09:30:00,N,nominal,2.0NRT,306.82,14.18,D,VIIRS
50.04637,37.76244,353.5,0.63,0.54,2026-08-22,09:30:00,N,nominal,2.0NRT,307.71,26.72,D,VIIRS
50.03902,37.73684,341.18,0.63,0.54,2026-08-22,09:30:00,N,nominal,2.0NRT,302.23,7.17,D,VIIRS
50.05341,37.76763,338.81,0.63,0.54,2026-08-22,09:30:00,N,nominal,2.0NRT,302.15,14.18,D,VIIRS
50.06345,37.60796,367,0.32,0.55,2026-08-22,09:30:00,N,high,2.0NRT,305.29,5.61,D,VIIRS
50.06462,37.61206,337.25,0.32,0.55,2026-08-22,09:30:00,N,nominal,2.0NRT,302.16,5.61,D,VIIRS
48.07517,31.44779,347.1,0.65,0.73,2026-08-22,09:30:00,N,nominal,2.0NRT,302.66,9.67,D,VIIRS
48.29019,36.47771,340.12,0.4,0.6,2026-08-22,09:30:00,N,nominal,2.0NRT,307.15,4.62,D,VIIRS
48.94477,38.68131,357.5,0.63,0.54,2026-08-22,09:30:00,N,nominal,2.0NRT,311.12,18.44,D,VIIRS
48.77091,38.07034,353.1,0.34,0.56,2026-08-22,09:30:00,N,nominal,2.0NRT,307.79,3.93,D,VIIRS
47.74494,34.74713,333.06,0.5,0.65,2026-08-22,09:30:00,N,low,2.0NRT,306.06,4.07,D,VIIRS
46.72844,31.83427,354.8,0.7,0.75,2026-08-22,09:30:00,N,nominal,2.0NRT,307.45,10.97,D,VIIRS
48.94714,38.67017,351.47,0.63,0.54,2026-08-22,09:30:00,N,nominal,2.0NRT,312.29,52.89,D,VIIRS
48.9426,38.65401,343.8,0.63,0.54,2026-08-22,09:30:00,N,nominal,2.0NRT,309.93,27.39,D,VIIRS
48.77689,38.07137,336.86,0.34,0.56,2026-08-22,09:30:00,N,nominal,2.0NRT,306.73,2.86,D,VIIRS
48.7719,38.05403,336.88,0.34,0.56,2026-08-22,09:30:00,N,low,2.0NRT,307.9,3.63,D,VIIRS
48.95178,38.66711,352,0.63,0.54,2026-08-22,09:30:00,N,nominal,2.0NRT,319.95,52.89,D,VIIRS
48.94951,38.65904,354.36,0.63,0.54,2026-08-22,09:30:00,N,nominal,2.0NRT,314.52,52.89,D,VIIRS
48.94725,38.65097,347.86,0.63,0.54,2026-08-22,09:30:00,N,nominal,2.0NRT,312.79,27.39,D,VIIRS
48.7431,37.93451,350.78,0.34,0.56,2026-08-22,09:30:00,N,nominal,2.0NRT,304.87,5.41,D,VIIRS
48.9519,38.64793,352.51,0.63,0.54,2026-08-22,09:30:00,N,nominal,2.0NRT,307.79,30.08,D,VIIRS
47.28754,33.31106,352.37,0.59,0.7,2026-08-22,09:30:00,N,nominal,2.0NRT,304.7,9.18,D,VIIRS
47.29337,33.30659,367,0.59,0.7,2026-08-22,09:30:00,N,high,2.0NRT,320,108.99,D,VIIRS
47.29922,33.30216,367,0.59,0.7,2026-08-22,09:30:00,N,high,2.0NRT,304.97,108.99,D,VIIRS
48.70125,37.7107,346.92,0.35,0.57,2026-08-22,09:30:00,N,nominal,2.0NRT,307.56,4.39,D,VIIRS
47.29669,33.29485,346.31,0.59,0.7,2026-08-22,09:30:00,N,nominal,2.0NRT,309.51,94.68,D,VIIRS
47.29424,33.28777,335.7,0.59,0.7,2026-08-22,09:30:00,N,nominal,2.0NRT,303.76,94.68,D,VIIRS
47.45057,33.72171,332.59,0.56,0.69,2026-08-22,09:30:00,N,low,2.0NRT,304.34,4.14,D,VIIRS
47.28701,33.31034,348.44,0.59,0.7,2026-08-22,09:30:00,N,nominal,2.0NRT,304.46,7.53,D,VIIRS
47.29286,33.30589,367,0.59,0.7,2026-08-22,09:30:00,N,high,2.0NRT,320.1,94.6,D,VIIRS
47.29871,33.30147,367,0.59,0.7,2026-08-22,09:30:00,N,high,2.0NRT,305.14,94.6,D,VIIRS
47.29615,33.29422,346.71,0.59,0.7,2026-08-22,09:30:00,N,nominal,2.0NRT,309.97,94.6,D,VIIRS
47.29368,33.2872,332.09,0.59,0.7,2026-08-22,09:30:00,N,low,2.0NRT,303.78,38.45,D,VIIRS
48.60027,37.21539,367,0.37,0.58,2026-08-22,09:30:00,N,high,2.0NRT,306.55,7.37,D,VIIRS
49.00542,38.60487,343.47,0.63,0.54,2026-08-22,09:30:00,N,nominal,2.0NRT,304.5,6.45,D,VIIRS
48.55952,37.0202,332.33,0.38,0.58,2026-08-22,09:30:00,N,nominal,2.0NRT,301.94,2.3,D,VIIRS
48.46235,36.67998,332.86,0.39,0.59,2026-08-22,09:30:00,N,low,2.0NRT,304.39,2.6,D,VIIRS
48.42275,36.53051,345.27,0.4,0.6,2026-08-22,09:30:00,N,nominal,2.0NRT,307.06,5.07,D,VIIRS
47.45374,33.53546,367,0.57,0.69,2026-08-22,09:30:00,N,high,2.0NRT,309.16,21.08,D,VIIRS
48.85361,37.95671,350.83,0.34,0.56,2026-08-22,09:30:00,N,nominal,2.0NRT,306.8,5.1,D,VIIRS
47.45131,33.52843,341.3,0.57,0.69,2026-08-22,09:30:00,N,nominal,2.0NRT,306.66,8.79,D,VIIRS
47.45952,33.53112,367,0.57,0.69,2026-08-22,09:30:00,N,high,2.0NRT,310.06,32.22,D,VIIRS
47.45711,33.52412,339.67,0.57,0.69,2026-08-22,09:30:00,N,nominal,2.0NRT,307.5,8.3,D,VIIRS
47.4629,33.51979,347.86,0.57,0.69,2026-08-22,09:30:00,N,nominal,2.0NRT,304.82,8.3,D,VIIRS
48.53106,36.80569,367,0.39,0.59,2026-08-22,09:30:00,N,high,2.0NRT,306.03,7.44,D,VIIRS
48.36426,36.25969,330.85,0.41,0.61,2026-08-22,09:30:00,N,low,2.0NRT,302.81,2.62,D,VIIRS
48.91288,37.91744,367,0.34,0.56,2026-08-22,09:30:00,N,high,2.0NRT,308.75,5.17,D,VIIRS
48.91414,37.92176,348.98,0.34,0.56,2026-08-22,09:30:00,N,nominal,2.0NRT,308.84,5.17,D,VIIRS
48.96998,38.09457,340.59,0.33,0.55,2026-08-22,09:30:00,N,nominal,2.0NRT,309.27,5.81,D,VIIRS
48.96875,38.0903,339.97,0.33,0.55,2026-08-22,09:30:00,N,nominal,2.0NRT,308.34,6.09,D,VIIRS
48.87172,37.75705,340.36,0.34,0.56,2026-08-22,09:30:00,N,nominal,2.0NRT,302.6,4.64,D,VIIRS
48.97474,38.09147,367,0.33,0.55,2026-08-22,09:30:00,N,high,2.0NRT,307.4,5.81,D,VIIRS
49.18247,38.82196,340.9,0.61,0.53,2026-08-22,09:30:00,N,nominal,2.0NRT,305.85,17.38,D,VIIRS
49.18025,38.81404,339.04,0.61,0.53,2026-08-22,09:30:00,N,low,2.0NRT,313.2,17.38,D,VIIRS
48.07703,31.44697,350.59,0.65,0.73,2026-08-22,09:30:00,N,nominal,2.0NRT,302.72,7.05,D,VIIRS
50.13367,37.62383,333.27,0.64,0.54,2026-08-22,09:30:00,N,nominal,2.0NRT,302.49,6.74,D,VIIRS
50.11624,37.56326,336.66,0.32,0.55,2026-08-22,09:30:00,N,nominal,2.0NRT,301.08,2.02,D,VIIRS
49.99335,36.98348,346.7,0.34,0.56,2026-08-22,09:30:00,N,nominal,2.0NRT,302.18,6.21,D,VIIRS
49.99205,36.97902,345.21,0.34,0.56,2026-08-22,09:30:00,N,nominal,2.0NRT,304.8,3.57,D,VIIRS
49.99806,36.9799,367,0.34,0.56,2026-08-22,09:30:00,N,high,2.0NRT,303.03,6.21,D,VIIRS
49.99677,36.97547,331.13,0.34,0.56,2026-08-22,09:30:00,N,nominal,2.0NRT,303.2,3.57,D,VIIRS
50.13034,37.40284,334.47,0.32,0.55,2026-08-22,09:30:00,N,nominal,2.0NRT,301.09,2.31,D,VIIRS
50.25962,37.59816,334.8,0.63,0.54,2026-08-22,09:30:00,N,nominal,2.0NRT,304.76,4.04,D,VIIRS
50.2991,37.58078,341.13,0.63,0.54,2026-08-22,09:30:00,N,nominal,2.0NRT,303.42,8.19,D,VIIRS
50.29864,37.58176,341.52,0.63,0.54,2026-08-22,09:30:00,N,nominal,2.0NRT,303.86,9.18,D,VIIRS
50.12415,36.85097,367,0.34,0.56,2026-08-22,09:30:00,N,high,2.0NRT,303.91,7.52,D,VIIRS
50.09954,36.55212,367,0.35,0.57,2026-08-22,09:30:00,N,high,2.0NRT,304.48,8.36,D,VIIRS
50.23005,36.99611,346.85,0.33,0.56,2026-08-22,09:30:00,N,nominal,2.0NRT,303.04,4.99,D,VIIRS
50.23607,36.99717,367,0.33,0.56,2026-08-22,09:30:00,N,high,2.0NRT,307.26,16.31,D,VIIRS
50.23478,36.99276,349.54,0.33,0.56,2026-08-22,09:30:00,N,nominal,2.0NRT,301.76,4.99,D,VIIRS
50.21667,36.93057,348.91,0.34,0.56,2026-08-22,09:30:00,N,nominal,2.0NRT,303.94,3.09,D,VIIRS
50.21538,36.92616,338.4,0.34,0.56,2026-08-22,09:30:00,N,nominal,2.0NRT,303.09,3.09,D,VIIRS
48.63103,31.99711,367,0.6,0.7,2026-08-22,09:30:00,N,high,2.0NRT,301.78,7.99,D,VIIRS
50.24078,36.99375,337.9,0.33,0.56,2026-08-22,09:30:00,N,nominal,2.0NRT,301,3.87,D,VIIRS
50.376,37.42447,367,0.32,0.54,2026-08-22,09:30:00,N,high,2.0NRT,311.08,14.91,D,VIIRS
50.3772,37.42869,343.08,0.32,0.54,2026-08-22,09:30:00,N,nominal,2.0NRT,306,14.91,D,VIIRS
50.38059,37.42103,367,0.32,0.54,2026-08-22,09:30:00,N,high,2.0NRT,303.9,14.91,D,VIIRS
47.65199,35.68806,330.91,0.46,0.63,2026-08-22,09:30:00,N,low,2.0NRT,305.02,3.84,D,VIIRS
47.81109,36.18731,338.37,0.43,0.62,2026-08-22,09:30:00,N,nominal,2.0NRT,306.7,2.7,D,VIIRS
48.20068,37.454,353.89,0.37,0.58,2026-08-22,09:30:00,N,nominal,2.0NRT,302.07,9.29,D,VIIRS
48.20354,37.46355,351.49,0.37,0.58,2026-08-22,09:30:00,N,nominal,2.0NRT,308.37,15.7,D,VIIRS
48.2021,37.45875,367,0.37,0.58,2026-08-22,09:30:00,N,high,2.0NRT,310.44,9.29,D,VIIRS
48.20498,37.46837,367,0.37,0.58,2026-08-22,09:30:00,N,high,2.0NRT,308.05,15.7,D,VIIRS
48.19706,37.46183,337.15,0.37,0.58,2026-08-22,09:30:00,N,nominal,2.0NRT,305.44,5.14,D,VIIRS
48.19995,37.47147,355.08,0.37,0.58,2026-08-22,09:30:00,N,nominal,2.0NRT,308.98,11.51,D,VIIRS
48.28431,37.77428,348.93,0.36,0.57,2026-08-22,09:30:00,N,nominal,2.0NRT,303.05,19.42,D,VIIRS
48.28564,37.77875,347.77,0.36,0.57,2026-08-22,09:30:00,N,nominal,2.0NRT,318.19,19.42,D,VIIRS
48.28698,37.78328,367,0.36,0.57,2026-08-22,09:30:00,N,high,2.0NRT,307.54,29.02,D,VIIRS
48.27944,37.77763,352.85,0.36,0.57,2026-08-22,09:30:00,N,nominal,2.0NRT,307.47,8.46,D,VIIRS
48.28077,37.78212,367,0.36,0.57,2026-08-22,09:30:00,N,high,2.0NRT,310.69,8.46,D,VIIRS
47.85073,36.39408,340.14,0.42,0.61,2026-08-22,09:30:00,N,nominal,2.0NRT,306.09,2.94,D,VIIRS
47.99289,36.85058,336.3,0.4,0.6,2026-08-22,09:30:00,N,nominal,2.0NRT,304.58,3,D,VIIRS
48.2759,37.78545,367,0.36,0.57,2026-08-22,09:30:00,N,high,2.0NRT,313.49,8.46,D,VIIRS
47.98629,36.8492,347.39,0.4,0.6,2026-08-22,09:30:00,N,nominal,2.0NRT,307.42,11.79,D,VIIRS
47.98782,36.85415,367,0.4,0.6,2026-08-22,09:30:00,N,high,2.0NRT,314.37,11.79,D,VIIRS
47.53764,35.45826,339.53,0.47,0.64,2026-08-22,09:30:00,N,nominal,2.0NRT,305.88,1.93,D,VIIRS
48.27668,37.82752,347.79,0.36,0.57,2026-08-22,09:30:00,N,nominal,2.0NRT,306.45,3.38,D,VIIRS
48.28046,37.77542,336.75,0.36,0.57,2026-08-22,09:30:00,N,nominal,2.0NRT,306.77,8.34,D,VIIRS
48.28309,37.78445,338.75,0.36,0.57,2026-08-22,09:30:00,N,nominal,2.0NRT,310.25,7.37,D,VIIRS
48.28442,37.78903,334.04,0.36,0.57,2026-08-22,09:30:00,N,low,2.0NRT,307.56,7.37,D,VIIRS
48.28177,37.77991,367,0.36,0.57,2026-08-22,09:30:00,N,high,2.0NRT,311.14,8.34,D,VIIRS
48.19154,37.49154,335.51,0.37,0.58,2026-08-22,09:30:00,N,low,2.0NRT,309.3,4.98,D,VIIRS
48.27822,37.78781,349.73,0.36,0.57,2026-08-22,09:30:00,N,nominal,2.0NRT,310.1,7.37,D,VIIRS
48.27691,37.78328,367,0.36,0.57,2026-08-22,09:30:00,N,high,2.0NRT,310.54,8.34,D,VIIRS
47.98978,36.85631,337.13,0.4,0.6,2026-08-22,09:30:00,N,nominal,2.0NRT,306.59,12.36,D,VIIRS
48.27756,37.82565,341.27,0.36,0.57,2026-08-22,09:30:00,N,nominal,2.0NRT,305.66,2.57,D,VIIRS
48.27885,37.8301,339.15,0.36,0.57,2026-08-22,09:30:00,N,nominal,2.0NRT,306.02,4.05,D,VIIRS
47.98828,36.85135,367,0.4,0.6,2026-08-22,09:30:00,N,high,2.0NRT,312.81,16.83,D,VIIRS
47.9832,36.85492,350.94,0.4,0.6,2026-08-22,09:30:00,N,nominal,2.0NRT,307.36,4.44,D,VIIRS
47.98471,36.85988,333.48,0.4,0.6,2026-08-22,09:30:00,N,nominal,2.0NRT,308.34,5.69,D,VIIRS
47.9826,36.87328,332.54,0.4,0.6,2026-08-22,09:30:00,N,low,2.0NRT,307.28,3.09,D,VIIRS
48.46375,38.53351,332.37,0.33,0.55,2026-08-22,09:30:00,N,low,2.0NRT,303.86,1.57,D,VIIRS
47.3117,34.83707,336.54,0.51,0.66,2026-08-22,09:30:00,N,nominal,2.0NRT,306.26,3.26,D,VIIRS
47.3138,34.84343,336.27,0.51,0.66,2026-08-22,09:30:00,N,nominal,2.0NRT,306.74,3.26,D,VIIRS
47.74792,36.2341,341.4,0.43,0.62,2026-08-22,09:30:00,N,nominal,2.0NRT,307.98,3.6,D,VIIRS
47.36263,35.05414,338.02,0.5,0.65,2026-08-22,09:30:00,N,nominal,2.0NRT,303.17,3.54,D,VIIRS
47.88099,36.78375,342.1,0.4,0.6,2026-08-22,09:30:00,N,nominal,2.0NRT,308.69,6.06,D,VIIRS
47.98324,37.1174,340.6,0.39,0.59,2026-08-22,09:30:00,N,nominal,2.0NRT,305.07,5.5,D,VIIRS
47.98472,37.12229,367,0.39,0.59,2026-08-22,09:30:00,N,high,2.0NRT,307.45,10.27,D,VIIRS
47.9782,37.12091,353.29,0.39,0.59,2026-08-22,09:30:00,N,nominal,2.0NRT,307.66,4.86,D,VIIRS
47.7875,36.52298,367,0.42,0.61,2026-08-22,09:30:00,N,high,2.0NRT,307.78,10.21,D,VIIRS
47.89366,36.88513,352.05,0.4,0.6,2026-08-22,09:30:00,N,nominal,2.0NRT,309.9,13.49,D,VIIRS
47.8921,36.88006,367,0.4,0.6,2026-08-22,09:30:00,N,high,2.0NRT,314.13,14.52,D,VIIRS
47.17023,34.66312,356.76,0.52,0.67,2026-08-22,09:30:00,N,nominal,2.0NRT,305.61,14.12,D,VIIRS
47.88538,36.87834,344.43,0.4,0.6,2026-08-22,09:30:00,N,nominal,2.0NRT,307.45,14.52,D,VIIRS
47.88853,36.88853,343.32,0.4,0.6,2026-08-22,09:30:00,N,nominal,2.0NRT,309.79,13.49,D,VIIRS
47.17239,34.66953,367,0.52,0.67,2026-08-22,09:30:00,N,high,2.0NRT,305.4,20.89,D,VIIRS
47.88696,36.88345,367,0.4,0.6,2026-08-22,09:30:00,N,high,2.0NRT,317.49,14.52,D,VIIRS
47.7035,36.33652,331.75,0.43,0.62,2026-08-22,09:30:00,N,low,2.0NRT,305.93,3.47,D,VIIRS
46.64354,33.18881,367,0.62,0.72,2026-08-22,09:30:00,N,high,2.0NRT,302.72,14.26,D,VIIRS
48.94495,37.98854,332.41,0.33,0.56,2026-08-22,09:30:00,N,low,2.0NRT,305.18,4.22,D,VIIRS
48.61281,36.86983,332.7,0.38,0.59,2026-08-22,09:30:00,N,low,2.0NRT,306.65,6.16,D,VIIRS
49.18483,38.811,334.49,0.61,0.53,2026-08-22,09:30:00,N,nominal,2.0NRT,302.94,7.7,D,VIIRS
48.85411,37.65768,340.81,0.35,0.56,2026-08-22,09:30:00,N,nominal,2.0NRT,304.29,2.99,D,VIIRS
48.4435,36.27856,367,0.41,0.6,2026-08-22,09:30:00,N,high,2.0NRT,310.11,26.35,D,VIIRS
48.9645,38.01685,334.63,0.33,0.55,2026-08-22,09:30:00,N,low,2.0NRT,307.83,2.67,D,VIIRS
48.44511,36.28374,330.27,0.41,0.6,2026-08-22,09:30:00,N,nominal,2.0NRT,302.58,17.63,D,VIIRS
48.92933,37.8758,367,0.34,0.56,2026-08-22,09:30:00,N,high,2.0NRT,308.73,8.54,D,VIIRS
48.98901,38.08217,337.58,0.33,0.55,2026-08-22,09:30:00,N,low,2.0NRT,308.78,3.4,D,VIIRS
48.98779,38.07793,335.54,0.33,0.55,2026-08-22,09:30:00,N,low,2.0NRT,310.29,3.91,D,VIIRS
48.9291,37.85532,336.61,0.34,0.56,2026-08-22,09:30:00,N,nominal,2.0NRT,304.18,1.15,D,VIIRS
48.89677,37.72451,347.28,0.34,0.56,2026-08-22,09:30:00,N,nominal,2.0NRT,305.35,5,D,VIIRS
48.97091,37.92095,332.57,0.34,0.56,2026-08-22,09:30:00,N,low,2.0NRT,303.6,1.05,D,VIIRS
48.88692,37.63137,344.91,0.35,0.57,2026-08-22,09:30:00,N,nominal,2.0NRT,308.78,6.76,D,VIIRS
48.88564,37.62696,346.21,0.35,0.57,2026-08-22,09:30:00,N,nominal,2.0NRT,309.16,3.97,D,VIIRS
48.89059,37.62412,367,0.35,0.57,2026-08-22,09:30:00,N,high,2.0NRT,309.33,8.35,D,VIIRS
48.9757,37.91782,334.57,0.34,0.56,2026-08-22,09:30:00,N,low,2.0NRT,309.18,1.77,D,VIIRS
48.89186,37.62846,355.43,0.35,0.57,2026-08-22,09:30:00,N,nominal,2.0NRT,305.67,11.57,D,VIIRS
48.88931,37.61974,353.93,0.35,0.57,2026-08-22,09:30:00,N,nominal,2.0NRT,305.12,8.35,D,VIIRS
48.99511,37.96555,346.69,0.33,0.56,2026-08-22,09:30:00,N,nominal,2.0NRT,306.69,4.88,D,VIIRS
48.99134,37.93263,367,0.34,0.56,2026-08-22,09:30:00,N,high,2.0NRT,307.85,8.74,D,VIIRS
48.99014,37.92845,367,0.34,0.56,2026-08-22,09:30:00,N,high,2.0NRT,307.53,8.74,D,VIIRS
48.99254,37.9368,343.57,0.33,0.56,2026-08-22,09:30:00,N,nominal,2.0NRT,309.19,6.76,D,VIIRS
48.98892,37.92423,336.45,0.34,0.56,2026-08-22,09:30:00,N,nominal,2.0NRT,303.65,4.67,D,VIIRS
49.05371,38.02349,344.27,0.33,0.55,2026-08-22,09:30:00,N,nominal,2.0NRT,304.35,3.15,D,VIIRS
49.05248,38.01923,341.38,0.33,0.55,2026-08-22,09:30:00,N,nominal,2.0NRT,304.13,6,D,VIIRS
49.05,38.0107,349.34,0.33,0.55,2026-08-22,09:30:00,N,nominal,2.0NRT,304.65,2.97,D,VIIRS
49.0336,37.95422,332.58,0.33,0.56,2026-08-22,09:30:00,N,low,2.0NRT,304.4,2.39,D,VIIRS
48.9825,37.74,367,0.34,0.56,2026-08-22,09:30:00,N,high,2.0NRT,310.71,4.67,D,VIIRS
48.9657,37.68271,367,0.34,0.56,2026-08-22,09:30:00,N,high,2.0NRT,307.67,5.09,D,VIIRS
48.97217,37.70477,334.58,0.34,0.56,2026-08-22,09:30:00,N,low,2.0NRT,306.06,3.63,D,VIIRS
48.96439,37.67824,337.41,0.34,0.56,2026-08-22,09:30:00,N,nominal,2.0NRT,305.03,5.09,D,VIIRS
48.98728,37.73671,336.95,0.34,0.56,2026-08-22,09:30:00,N,nominal,2.0NRT,305.26,4.67,D,VIIRS
49.54834,39.69853,340.64,0.55,0.51,2026-08-22,09:30:00,N,nominal,2.0NRT,307.94,9,D,VIIRS
50.38358,37.43152,346.86,0.64,0.54,2026-08-22,09:30:00,N,nominal,2.0NRT,305.68,22.53,D,VIIRS
50.38179,37.42525,331.06,0.32,0.54,2026-08-22,09:30:00,N,nominal,2.0NRT,303.16,14.91,D,VIIRS
50.37534,37.42364,367,0.32,0.54,2026-08-22,09:30:00,N,high,2.0NRT,310.16,30.67,D,VIIRS
50.37717,37.42995,337.75,0.64,0.54,2026-08-22,09:30:00,N,nominal,2.0NRT,304.68,16.59,D,VIIRS
50.37994,37.42023,367,0.32,0.54,2026-08-22,09:30:00,N,high,2.0NRT,304.36,9.14,D,VIIRS
50.38417,37.43483,331.3,0.64,0.54,2026-08-22,09:30:00,N,low,2.0NRT,303.81,13.42,D,VIIRS
50.38177,37.42652,346.96,0.64,0.54,2026-08-22,09:30:00,N,nominal,2.0NRT,305.74,13.42,D,VIIRS
50.25383,36.95117,341.36,0.34,0.56,2026-08-22,09:30:00,N,nominal,2.0NRT,303.8,4.68,D,VIIRS
50.25253,36.9468,356.24,0.34,0.56,2026-08-22,09:30:00,N,nominal,2.0NRT,302.75,4.68,D,VIIRS
48.63228,32.00053,335.09,0.59,0.7,2026-08-22,09:30:00,N,nominal,2.0NRT,300.76,7.53,D,VIIRS
48.62965,31.99324,343.1,0.6,0.7,2026-08-22,09:30:00,N,nominal,2.0NRT,300.84,6.11,D,VIIRS
50.18745,36.70821,346.9,0.34,0.56,2026-08-22,09:30:00,N,nominal,2.0NRT,300.03,3.28,D,VIIRS
50.28889,37.0313,355.49,0.33,0.55,2026-08-22,09:30:00,N,nominal,2.0NRT,301.51,4.15,D,VIIRS
50.16977,36.47274,331.82,0.35,0.57,2026-08-22,09:30:00,N,nominal,2.0NRT,300.61,4.88,D,VIIRS
50.1684,36.46815,338.9,0.35,0.57,2026-08-22,09:30:00,N,nominal,2.0NRT,300.28,3.87,D,VIIRS
50.23692,36.67927,337.31,0.34,0.56,2026-08-22,09:30:00,N,nominal,2.0NRT,301.19,3.21,D,VIIRS
44.53099,34.13015,338.36,0.67,0.74,2026-08-22,09:30:00,N,nominal,2.0NRT,296.92,16.44,D,VIIRS
44.52568,34.1348,331.63,0.67,0.74,2026-08-22,09:30:00,N,nominal,2.0NRT,299.42,8.78,D,VIIRS
44.52385,34.12966,337.1,0.67,0.74,2026-08-22,09:30:00,N,nominal,2.0NRT,300.16,8.49,D,VIIRS
45.31907,36.37021,351.71,0.51,0.66,2026-08-22,09:30:00,N,nominal,2.0NRT,304.38,6.63,D,VIIRS
50.31285,36.89847,337.06,0.34,0.56,2026-08-22,09:30:00,N,nominal,2.0NRT,301.61,4.22,D,VIIRS
50.18439,36.19201,334.15,0.36,0.57,2026-08-22,09:30:00,N,nominal,2.0NRT,304.02,2.29,D,VIIRS
50.18925,36.18841,367,0.36,0.57,2026-08-22,09:30:00,N,high,2.0NRT,304.75,7.87,D,VIIRS
50.18784,36.18372,367,0.36,0.57,2026-08-22,09:30:00,N,high,2.0NRT,305.84,8.36,D,VIIRS
50.19067,36.19312,338.08,0.36,0.57,2026-08-22,09:30:00,N,nominal,2.0NRT,302.02,7.87,D,VIIRS
50.22722,36.13679,341.67,0.36,0.58,2026-08-22,09:30:00,N,nominal,2.0NRT,302.33,3.95,D,VIIRS
50.25338,36.20444,345.68,0.36,0.57,2026-08-22,09:30:00,N,nominal,2.0NRT,302.88,3.41,D,VIIRS
50.22663,36.13944,330.27,0.36,0.57,2026-08-22,09:30:00,N,nominal,2.0NRT,301.86,3.2,D,VIIRS
50.22524,36.13487,334.08,0.36,0.57,2026-08-22,09:30:00,N,nominal,2.0NRT,302.68,2.84,D,VIIRS
50.25316,36.20691,353.92,0.36,0.57,2026-08-22,09:30:00,N,nominal,2.0NRT,304.43,4.85,D,VIIRS
50.26381,36.22242,333.08,0.36,0.57,2026-08-22,09:30:00,N,nominal,2.0NRT,301.86,2.86,D,VIIRS
50.29095,36.25333,332.11,0.36,0.57,2026-08-22,09:30:00,N,low,2.0NRT,302.13,4.29,D,VIIRS
50.28952,36.24862,338.89,0.36,0.57,2026-08-22,09:30:00,N,nominal,2.0NRT,301.82,5.92,D,VIIRS
50.24533,36.06373,336.92,0.36,0.58,2026-08-22,09:30:00,N,nominal,2.0NRT,305.45,3.54,D,VIIRS
48.42377,29.93202,331.82,0.73,0.76,2026-08-22,09:30:00,N,nominal,2.0NRT,298.87,5.26,D,VIIRS
50.37288,34.97508,334.5,0.4,0.6,2026-08-22,09:30:00,N,nominal,2.0NRT,300.88,3.72,D,VIIRS
50.37795,34.97133,346.22,0.4,0.6,2026-08-22,09:30:00,N,nominal,2.0NRT,303.48,9.53,D,VIIRS
50.80215,35.34081,348.91,0.37,0.58,2026-08-22,09:30:00,N,nominal,2.0NRT,301.04,4.02,D,VIIRS
50.80712,35.33728,331.09,0.37,0.58,2026-08-22,09:30:00,N,nominal,2.0NRT,297.49,4.02,D,VIIRS
49.56105,31.53719,354.85,0.57,0.69,2026-08-22,09:30:00,N,nominal,2.0NRT,306.53,81.13,D,VIIRS
49.55851,31.53003,347.9,0.57,0.69,2026-08-22,09:30:00,N,nominal,2.0NRT,300.8,44.44,D,VIIRS
49.56943,31.53987,340.58,0.57,0.69,2026-08-22,09:30:00,N,nominal,2.0NRT,299.74,81.13,D,VIIRS
49.56421,31.52511,339.08,0.57,0.69,2026-08-22,09:30:00,N,nominal,2.0NRT,303.17,44.44,D,VIIRS
49.56681,31.53248,367,0.57,0.69,2026-08-22,09:30:00,N,low,2.0NRT,328.75,81.13,D,VIIRS
50.80409,35.33931,367,0.37,0.58,2026-08-22,09:30:00,N,high,2.0NRT,300.49,8.59,D,VIIRS
49.56033,31.53301,367,0.57,0.69,2026-08-22,09:30:00,N,high,2.0NRT,311.76,87.7,D,VIIRS
49.56872,31.53562,367,0.57,0.69,2026-08-22,09:30:00,N,high,2.0NRT,305.88,87.7,D,VIIRS
49.56343,31.52094,330.86,0.57,0.69,2026-08-22,09:30:00,N,nominal,2.0NRT,299.73,40.48,D,VIIRS
49.56607,31.52825,208,0.57,0.69,2026-08-22,09:30:00,N,low,2.0NRT,313.79,87.7,D,VIIRS
50.79553,35.17477,343.17,0.38,0.59,2026-08-22,09:30:00,N,nominal,2.0NRT,300.28,3.55,D,VIIRS
45.81966,34.28543,335.04,0.6,0.71,2026-08-22,09:30:00,N,nominal,2.0NRT,300.81,3.99,D,VIIRS
45.92656,34.21021,367,0.6,0.71,2026-08-22,09:30:00,N,high,2.0NRT,305.91,73.53,D,VIIRS
46.8834,36.53263,332.04,0.45,0.63,2026-08-22,09:30:00,N,nominal,2.0NRT,305.06,7.96,D,VIIRS
46.88882,36.52926,367,0.45,0.63,2026-08-22,09:30:00,N,high,2.0NRT,310.03,7.96,D,VIIRS
46.89426,36.526,367,0.45,0.63,2026-08-22,09:30:00,N,high,2.0NRT,308.41,12.99,D,VIIRS
46.83479,36.08818,367,0.47,0.64,2026-08-22,09:30:00,N,high,2.0NRT,310.9,11.52,D,VIIRS
46.8054,35.99521,338.63,0.47,0.64,2026-08-22,09:30:00,N,nominal,2.0NRT,307.46,5.88,D,VIIRS
46.80353,35.98931,334.8,0.47,0.64,2026-08-22,09:30:00,N,nominal,2.0NRT,305.35,2.13,D,VIIRS
46.78291,35.90332,343.26,0.48,0.65,2026-08-22,09:30:00,N,nominal,2.0NRT,305.95,16.08,D,VIIRS
46.78103,35.89739,353.36,0.48,0.65,2026-08-22,09:30:00,N,nominal,2.0NRT,312.68,16.08,D,VIIRS
46.8336,36.09338,345.89,0.47,0.64,2026-08-22,09:30:00,N,nominal,2.0NRT,307.83,8.86,D,VIIRS
46.83175,36.08761,353.13,0.47,0.64,2026-08-22,09:30:00,N,nominal,2.0NRT,310.46,7.4,D,VIIRS
46.80193,35.9951,334.54,0.47,0.64,2026-08-22,09:30:00,N,low,2.0NRT,306.97,3.19,D,VIIRS
46.80736,35.99129,340.37,0.47,0.64,2026-08-22,09:30:00,N,nominal,2.0NRT,307.51,3.19,D,VIIRS
46.77898,35.90347,334.51,0.48,0.64,2026-08-22,09:30:00,N,nominal,2.0NRT,306.1,3.41,D,VIIRS
46.78452,35.89989,367,0.48,0.64,2026-08-22,09:30:00,N,high,2.0NRT,308.26,43.35,D,VIIRS
46.7826,35.89397,337.7,0.48,0.65,2026-08-22,09:30:00,N,nominal,2.0NRT,312.24,36.79,D,VIIRS
46.84449,36.0654,340.27,0.47,0.64,2026-08-22,09:30:00,N,nominal,2.0NRT,307.95,4.2,D,VIIRS
46.85178,36.06749,336.75,0.47,0.64,2026-08-22,09:30:00,N,low,2.0NRT,308.22,3.27,D,VIIRS
46.8572,36.06374,333.37,0.47,0.64,2026-08-22,09:30:00,N,nominal,2.0NRT,305.18,3.27,D,VIIRS
51.14884,34.81149,329.6,0.38,0.59,2026-08-22,09:30:00,N,nominal,2.0NRT,299.3,3.93,D,VIIRS
51.14726,34.80644,331,0.38,0.59,2026-08-22,09:30:00,N,nominal,2.0NRT,299.58,2.58,D,VIIRS
51.19288,34.91325,333.84,0.38,0.58,2026-08-22,09:30:00,N,nominal,2.0NRT,300.16,3.05,D,VIIRS
50.21472,31.35975,331.77,0.55,0.68,2026-08-22,09:30:00,N,low,2.0NRT,306.71,7.38,D,VIIRS
50.21219,31.35271,335.02,0.55,0.68,2026-08-22,09:30:00,N,low,2.0NRT,308.93,7.38,D,VIIRS
49.55992,29.49426,348.31,0.68,0.74,2026-08-22,09:30:00,N,nominal,2.0NRT,296.95,6.85,D,VIIRS
51.1898,33.95369,339.36,0.41,0.6,2026-08-22,09:30:00,N,nominal,2.0NRT,299.94,4.44,D,VIIRS
46.85532,36.05786,335.63,0.47,0.64,2026-08-22,09:30:00,N,nominal,2.0NRT,304.98,3.85,D,VIIRS
47.11261,36.85392,331.16,0.43,0.62,2026-08-22,09:30:00,N,low,2.0NRT,304.47,2.13,D,VIIRS
46.84407,35.98134,337.72,0.47,0.64,2026-08-22,09:30:00,N,nominal,2.0NRT,307.33,2.38,D,VIIRS
46.30828,34.36174,355.53,0.57,0.69,2026-08-22,09:30:00,N,nominal,2.0NRT,301.36,11.74,D,VIIRS
46.31177,34.35066,367,0.57,0.69,2026-08-22,09:30:00,N,high,2.0NRT,305.12,17.97,D,VIIRS
46.31414,34.3576,341.37,0.57,0.69,2026-08-22,09:30:00,N,nominal,2.0NRT,301.32,34.4,D,VIIRS
46.30941,34.34375,340.76,0.57,0.69,2026-08-22,09:30:00,N,nominal,2.0NRT,301.82,17.97,D,VIIRS
46.31764,34.34654,367,0.57,0.69,2026-08-22,09:30:00,N,high,2.0NRT,302.44,17.97,D,VIIRS
47.33231,37.29042,346.62,0.4,0.6,2026-08-22,09:30:00,N,nominal,2.0NRT,308.53,3.99,D,VIIRS
47.33079,37.28548,349.4,0.4,0.6,2026-08-22,09:30:00,N,nominal,2.0NRT,307.73,3.99,D,VIIRS
47.37486,37.36948,334.59,0.4,0.6,2026-08-22,09:30:00,N,nominal,2.0NRT,307.79,2.69,D,VIIRS
47.35591,37.28696,337.75,0.4,0.6,2026-08-22,09:30:00,N,nominal,2.0NRT,307.58,5.02,D,VIIRS
46.69976,35.09306,340.4,0.52,0.67,2026-08-22,09:30:00,N,nominal,2.0NRT,303.75,4.08,D,VIIRS
46.69767,35.08672,332.11,0.52,0.67,2026-08-22,09:30:00,N,low,2.0NRT,305.34,4.08,D,VIIRS
49.69878,37.66933,331.26,0.33,0.55,2026-08-22,09:30:00,N,nominal,2.0NRT,298.75,1,D,VIIRS
47.96043,36.22846,348.28,0.42,0.61,2026-08-22,09:30:00,N,nominal,2.0NRT,308.27,5.94,D,VIIRS
48.43813,37.82195,336.97,0.35,0.57,2026-08-22,09:30:00,N,low,2.0NRT,307.86,1.78,D,VIIRS
48.40541,37.73072,334.15,0.36,0.57,2026-08-22,09:30:00,N,low,2.0NRT,307.66,3.01,D,VIIRS
48.4265,37.80224,330.28,0.35,0.57,2026-08-22,09:30:00,N,low,2.0NRT,304.87,2.59,D,VIIRS
48.42782,37.80672,331.53,0.35,0.57,2026-08-22,09:30:00,N,low,2.0NRT,304.48,2.59,D,VIIRS
48.0712,36.64492,332.73,0.4,0.6,2026-08-22,09:30:00,N,low,2.0NRT,304.58,2.22,D,VIIRS
48.42299,37.81007,345.22,0.35,0.57,2026-08-22,09:30:00,N,nominal,2.0NRT,308.22,2.59,D,VIIRS
48.43106,37.83747,349.23,0.35,0.57,2026-08-22,09:30:00,N,nominal,2.0NRT,309.1,5,D,VIIRS
48.38139,37.70892,367,0.36,0.57,2026-08-22,09:30:00,N,high,2.0NRT,307.82,6.03,D,VIIRS
48.08512,36.77022,343.77,0.4,0.6,2026-08-22,09:30:00,N,nominal,2.0NRT,306.39,3.88,D,VIIRS
48.08671,36.77536,338.1,0.4,0.6,2026-08-22,09:30:00,N,nominal,2.0NRT,304.43,4.67,D,VIIRS
48.09609,36.80577,330.83,0.4,0.6,2026-08-22,09:30:00,N,low,2.0NRT,304.04,1.41,D,VIIRS
48.15706,37.00415,367,0.39,0.59,2026-08-22,09:30:00,N,high,2.0NRT,307.06,7.09,D,VIIRS
48.05807,36.70288,353.79,0.4,0.6,2026-08-22,09:30:00,N,nominal,2.0NRT,306.96,4.83,D,VIIRS
48.1535,37.01246,333.27,0.39,0.59,2026-08-22,09:30:00,N,nominal,2.0NRT,304.27,4.88,D,VIIRS
48.15197,37.00748,367,0.39,0.59,2026-08-22,09:30:00,N,high,2.0NRT,310.05,4.88,D,VIIRS
48.07329,36.77198,338.66,0.4,0.6,2026-08-22,09:30:00,N,nominal,2.0NRT,306.19,4.23,D,VIIRS
48.14687,37.01073,350.45,0.39,0.59,2026-08-22,09:30:00,N,nominal,2.0NRT,309.09,4.88,D,VIIRS
48.45387,38.03312,331.42,0.34,0.56,2026-08-22,09:30:00,N,nominal,2.0NRT,303.87,1.25,D,VIIRS
48.45522,38.03768,332.33,0.34,0.56,2026-08-22,09:30:00,N,nominal,2.0NRT,304.62,2.57,D,VIIRS
48.37736,37.71243,339.86,0.36,0.57,2026-08-22,09:30:00,N,nominal,2.0NRT,306.77,3.28,D,VIIRS
48.08545,36.76978,330.8,0.4,0.6,2026-08-22,09:30:00,N,nominal,2.0NRT,305.49,3.35,D,VIIRS
48.08701,36.77495,350.5,0.4,0.6,2026-08-22,09:30:00,N,nominal,2.0NRT,305.39,3.35,D,VIIRS
48.15778,37.00967,330.99,0.39,0.59,2026-08-22,09:30:00,N,nominal,2.0NRT,304.11,5.9,D,VIIRS
48.1563,37.00472,367,0.39,0.59,2026-08-22,09:30:00,N,high,2.0NRT,307.87,6.25,D,VIIRS
48.05875,36.70218,354.87,0.4,0.6,2026-08-22,09:30:00,N,nominal,2.0NRT,307.07,7.17,D,VIIRS
48.15121,37.00805,341.7,0.39,0.59,2026-08-22,09:30:00,N,nominal,2.0NRT,308.97,6.25,D,VIIRS
48.15271,37.01307,336.46,0.39,0.59,2026-08-22,09:30:00,N,nominal,2.0NRT,305.79,5.9,D,VIIRS
48.45324,38.03462,339.12,0.34,0.56,2026-08-22,09:30:00,N,nominal,2.0NRT,305.58,2.05,D,VIIRS
48.45456,38.03922,333.86,0.34,0.56,2026-08-22,09:30:00,N,low,2.0NRT,305.9,2.05,D,VIIRS
48.07365,36.77155,339.15,0.4,0.6,2026-08-22,09:30:00,N,nominal,2.0NRT,306.13,3.19,D,VIIRS
48.14611,37.01133,346.32,0.39,0.59,2026-08-22,09:30:00,N,nominal,2.0NRT,309.32,3.2,D,VIIRS
48.06855,36.77508,333.33,0.4,0.6,2026-08-22,09:30:00,N,low,2.0NRT,307.23,3.19,D,VIIRS
47.71148,35.6685,356.4,0.46,0.63,2026-08-22,09:30:00,N,nominal,2.0NRT,307.27,15.04,D,VIIRS
47.7133,35.67424,367,0.46,0.63,2026-08-22,09:30:00,N,high,2.0NRT,309.51,21.93,D,VIIRS
47.7043,35.66659,352.73,0.46,0.63,2026-08-22,09:30:00,N,nominal,2.0NRT,307.58,14.3,D,VIIRS
47.70798,35.67814,355.51,0.46,0.63,2026-08-22,09:30:00,N,nominal,2.0NRT,307.41,7.29,D,VIIRS
47.7906,36.52383,367,0.42,0.61,2026-08-22,09:30:00,N,high,2.0NRT,308.07,7.99,D,VIIRS
47.89189,36.87708,356.78,0.4,0.6,2026-08-22,09:30:00,N,nominal,2.0NRT,310.99,7.64,D,VIIRS
47.89343,36.88219,367,0.4,0.6,2026-08-22,09:30:00,N,high,2.0NRT,313.66,12.52,D,VIIRS
47.88675,36.88049,350.07,0.4,0.6,2026-08-22,09:30:00,N,nominal,2.0NRT,312.54,21.51,D,VIIRS
47.88831,36.88562,367,0.4,0.6,2026-08-22,09:30:00,N,high,2.0NRT,312.7,15.21,D,VIIRS
47.88316,36.88901,352.05,0.4,0.6,2026-08-22,09:30:00,N,nominal,2.0NRT,312.02,15.21,D,VIIRS
47.17137,34.66386,356.04,0.52,0.67,2026-08-22,09:30:00,N,nominal,2.0NRT,306.46,12.88,D,VIIRS
47.1735,34.67029,345.4,0.52,0.67,2026-08-22,09:30:00,N,nominal,2.0NRT,304.35,12.88,D,VIIRS
47.70757,36.33653,337.11,0.43,0.62,2026-08-22,09:30:00,N,nominal,2.0NRT,307.21,2.44,D,VIIRS
46.64561,33.18769,347.11,0.62,0.72,2026-08-22,09:30:00,N,nominal,2.0NRT,301.63,8.18,D,VIIRS
47.57854,35.98571,341.32,0.45,0.63,2026-08-22,09:30:00,N,nominal,2.0NRT,308.35,3.87,D,VIIRS
46.63959,33.19208,343.16,0.62,0.72,2026-08-22,09:30:00,N,nominal,2.0NRT,302.16,5.36,D,VIIRS
47.62035,36.15962,345.42,0.44,0.62,2026-08-22,09:30:00,N,nominal,2.0NRT,308.65,4.28,D,VIIRS
47.95437,37.28685,351.6,0.38,0.59,2026-08-22,09:30:00,N,nominal,2.0NRT,308.7,6.13,D,VIIRS
47.95581,37.29163,352.51,0.38,0.59,2026-08-22,09:30:00,N,nominal,2.0NRT,307.43,8.52,D,VIIRS
48.07094,37.69752,332.31,0.37,0.58,2026-08-22,09:30:00,N,low,2.0NRT,305,1.81,D,VIIRS
51.44519,34.18772,337.91,0.39,0.59,2026-08-22,09:32:00,N,nominal,2.0NRT,300.3,6.48,D,VIIRS
51.44684,34.19292,367,0.39,0.59,2026-08-22,09:32:00,N,high,2.0NRT,300.12,10.03,D,VIIRS
51.22903,33.80339,345.28,0.41,0.61,2026-08-22,09:32:00,N,nominal,2.0NRT,302.24,4.71,D,VIIRS
51.30315,34.19242,339.36,0.4,0.6,2026-08-22,09:32:00,N,nominal,2.0NRT,296.99,2.22,D,VIIRS
51.29814,34.19639,341.3,0.4,0.6,2026-08-22,09:32:00,N,nominal,2.0NRT,299.18,4.41,D,VIIRS
51.18785,33.95264,349.05,0.41,0.6,2026-08-22,09:32:00,N,nominal,2.0NRT,302.2,5.77,D,VIIRS
50.81508,31.28477,333.4,0.53,0.67,2026-08-22,09:32:00,N,nominal,2.0NRT,299.72,4.15,D,VIIRS
51.44128,28.61812,332.62,0.63,0.72,2026-08-22,09:32:00,N,nominal,2.0NRT,293.74,4.92,D,VIIRS
51.41434,28.75382,328.36,0.62,0.71,2026-08-22,09:32:00,N,nominal,2.0NRT,292.66,6.6,D,VIIRS
51.41079,28.75668,330.12,0.62,0.71,2026-08-22,09:32:00,N,nominal,2.0NRT,293.52,6.84,D,VIIRS
51.686279999999996,30.58447,340.41,0.52,0.67,2026-08-22,09:32:00,N,nominal,2.0NRT,294.3,5.5,D,VIIRS
51.68871,30.59128,332.71,0.52,0.67,2026-08-22,09:32:00,N,nominal,2.0NRT,294.68,7.75,D,VIIRS
51.01386,30.27902,367,0.57,0.69,2026-08-22,09:32:00,N,high,2.0NRT,299.13,14.38,D,VIIRS
51.01325,30.28077,367,0.57,0.69,2026-08-22,09:32:00,N,high,2.0NRT,298.96,15.26,D,VIIRS
49.63974,27.98461,329.84,0.77,0.77,2026-08-22,09:32:00,N,nominal,2.0NRT,292.24,6.37,D,VIIRS
51.51791,33.84867,344.62,0.4,0.6,2026-08-22,09:32:00,N,nominal,2.0NRT,302.51,7.38,D,VIIRS
51.52315,33.86486,339.42,0.4,0.6,2026-08-22,09:32:00,N,nominal,2.0NRT,297.64,7.67,D,VIIRS
51.5197,33.8542,367,0.4,0.6,2026-08-22,09:32:00,N,high,2.0NRT,304.45,8.45,D,VIIRS
51.52144,33.85958,367,0.4,0.6,2026-08-22,09:32:00,N,high,2.0NRT,303.88,8.45,D,VIIRS
51.51467,33.85823,330.29,0.4,0.6,2026-08-22,09:32:00,N,nominal,2.0NRT,300.66,8.45,D,VIIRS
51.52674,33.85144,355.55,0.4,0.6,2026-08-22,09:32:00,N,nominal,2.0NRT,299.85,9.87,D,VIIRS
51.52348,33.86106,336.93,0.4,0.6,2026-08-22,09:32:00,N,nominal,2.0NRT,299.46,14.76,D,VIIRS
51.52002,33.8502,367,0.4,0.6,2026-08-22,09:32:00,N,high,2.0NRT,303.75,9.87,D,VIIRS
51.52178,33.85573,367,0.4,0.6,2026-08-22,09:32:00,N,high,2.0NRT,306.57,9.87,D,VIIRS
51.51676,33.85981,346.75,0.4,0.6,2026-08-22,09:32:00,N,nominal,2.0NRT,303.14,7,D,VIIRS
51.51846,33.86516,339.83,0.4,0.6,2026-08-22,09:32:00,N,nominal,2.0NRT,301.66,6.46,D,VIIRS
50.59642,31.20669,351.87,0.54,0.68,2026-08-22,09:32:00,N,nominal,2.0NRT,298.9,40.62,D,VIIRS
50.59391,31.19964,367,0.54,0.68,2026-08-22,09:32:00,N,high,2.0NRT,303.01,40.62,D,VIIRS
50.58833,31.20448,337.48,0.54,0.68,2026-08-22,09:32:00,N,nominal,2.0NRT,305.72,40.62,D,VIIRS
50.59084,31.21153,367,0.54,0.68,2026-08-22,09:32:00,N,high,2.0NRT,309.25,40.62,D,VIIRS
50.58027,31.20237,334.14,0.54,0.68,2026-08-22,09:32:00,N,nominal,2.0NRT,298.92,12.3,D,VIIRS
50.58277,31.20938,348.66,0.54,0.68,2026-08-22,09:32:00,N,nominal,2.0NRT,313.33,49.8,D,VIIRS
50.58526,31.21638,367,0.54,0.68,2026-08-22,09:32:00,N,high,2.0NRT,305.91,49.8,D,VIIRS
50.5747,31.20726,342.15,0.54,0.68,2026-08-22,09:32:00,N,nominal,2.0NRT,298.85,12.3,D,VIIRS
51.52642,33.85538,342.9,0.4,0.6,2026-08-22,09:32:00,N,nominal,2.0NRT,297.54,6.9,D,VIIRS
51.52467,33.84996,367,0.4,0.6,2026-08-22,09:32:00,N,high,2.0NRT,302.52,6.9,D,VIIRS
50.57719,31.21427,350,0.54,0.68,2026-08-22,09:32:00,N,nominal,2.0NRT,301.64,49.8,D,VIIRS
50.26172,37.49053,344.59,0.58,0.52,2026-08-22,11:10:00,N,nominal,2.0NRT,306.21,59.2,D,VIIRS
49.56091,29.49279,337.34,0.42,0.38,2026-08-22,11:10:00,N,nominal,2.0NRT,306.11,2.91,D,VIIRS
50.25198,36.94811,333.81,0.55,0.51,2026-08-22,11:10:00,N,nominal,2.0NRT,306.02,5.17,D,VIIRS
50.23062,36.67848,340.1,0.53,0.5,2026-08-22,11:10:00,N,nominal,2.0NRT,304.42,7.2,D,VIIRS
50.23398,36.73228,330.36,0.53,0.5,2026-08-22,11:10:00,N,low,2.0NRT,302.11,3.37,D,VIIRS
50.25335,37.05066,332.28,0.55,0.51,2026-08-22,11:10:00,N,nominal,2.0NRT,302.52,3.63,D,VIIRS
50.19449,36.19172,341.14,0.51,0.49,2026-08-22,11:10:00,N,nominal,2.0NRT,308.92,6.8,D,VIIRS
50.2411,36.92612,341.84,0.54,0.51,2026-08-22,11:10:00,N,nominal,2.0NRT,304.75,5.96,D,VIIRS
50.27356,37.48658,352.14,0.58,0.52,2026-08-22,11:10:00,N,nominal,2.0NRT,308.55,39.51,D,VIIRS
50.27954,37.59512,352.32,0.58,0.52,2026-08-22,11:10:00,N,nominal,2.0NRT,303.61,8.39,D,VIIRS
50.18895,36.17789,342.97,0.5,0.49,2026-08-22,11:10:00,N,nominal,2.0NRT,306.01,6.97,D,VIIRS
50.18943,36.1851,335.08,0.5,0.49,2026-08-22,11:10:00,N,low,2.0NRT,307.07,6.97,D,VIIRS
50.18991,36.19227,340.09,0.51,0.49,2026-08-22,11:10:00,N,nominal,2.0NRT,308.71,8.56,D,VIIRS
50.2687,37.48726,344.82,0.58,0.52,2026-08-22,11:10:00,N,nominal,2.0NRT,308.32,19.9,D,VIIRS
50.26916,37.49552,342.4,0.58,0.52,2026-08-22,11:10:00,N,nominal,2.0NRT,306.84,19.9,D,VIIRS
50.18486,36.18582,349.02,0.5,0.49,2026-08-22,11:10:00,N,nominal,2.0NRT,310.08,6.97,D,VIIRS
50.26385,37.48798,344.59,0.58,0.52,2026-08-22,11:10:00,N,nominal,2.0NRT,309.13,19.9,D,VIIRS
50.26431,37.49623,341.31,0.58,0.52,2026-08-22,11:10:00,N,nominal,2.0NRT,305.58,19.9,D,VIIRS
50.259,37.4887,340.39,0.58,0.52,2026-08-22,11:10:00,N,nominal,2.0NRT,305.2,5.55,D,VIIRS
50.21223,36.92208,341.3,0.54,0.51,2026-08-22,11:10:00,N,nominal,2.0NRT,305.01,5.75,D,VIIRS
50.21269,36.92981,332.02,0.54,0.51,2026-08-22,11:10:00,N,low,2.0NRT,304.38,7.3,D,VIIRS
50.19014,36.87047,342.43,0.54,0.51,2026-08-22,11:10:00,N,nominal,2.0NRT,307.15,8.16,D,VIIRS
50.19059,36.87817,335.67,0.54,0.51,2026-08-22,11:10:00,N,nominal,2.0NRT,304.63,8.16,D,VIIRS
50.2131,37.45316,337.13,0.57,0.52,2026-08-22,11:10:00,N,nominal,2.0NRT,302.74,4.36,D,VIIRS
50.17626,37.04469,346.51,0.55,0.51,2026-08-22,11:10:00,N,nominal,2.0NRT,304.71,10.23,D,VIIRS
48.39944,22.53867,332.87,0.44,0.38,2026-08-22,11:10:00,N,nominal,2.0NRT,302.05,21.77,D,VIIRS
48.40054,22.5444,341.41,0.43,0.38,2026-08-22,11:10:00,N,nominal,2.0NRT,313.23,21.77,D,VIIRS
48.40165,22.55014,335.27,0.43,0.38,2026-08-22,11:10:00,N,low,2.0NRT,307.32,34.28,D,VIIRS
50.16677,37.1335,335.61,0.56,0.51,2026-08-22,11:10:00,N,nominal,2.0NRT,305.23,3.57,D,VIIRS
50.12706,36.8482,355.38,0.54,0.51,2026-08-22,11:10:00,N,nominal,2.0NRT,306.58,7.51,D,VIIRS
50.12235,36.84885,334.1,0.54,0.51,2026-08-22,11:10:00,N,nominal,2.0NRT,304.91,7.51,D,VIIRS
50.12654,36.84906,355.21,0.54,0.51,2026-08-22,11:10:00,N,nominal,2.0NRT,308.79,14.44,D,VIIRS
50.02839,35.64056,333.31,0.48,0.48,2026-08-22,11:10:00,N,low,2.0NRT,303.97,2.75,D,VIIRS
50.14962,37.58633,367,0.58,0.52,2026-08-22,11:10:00,N,high,2.0NRT,306.57,18.27,D,VIIRS
50.14474,37.58694,352.67,0.58,0.52,2026-08-22,11:10:00,N,nominal,2.0NRT,308.13,18.27,D,VIIRS
50.13002,37.40592,336.01,0.57,0.52,2026-08-22,11:10:00,N,nominal,2.0NRT,302.76,3.12,D,VIIRS
50.12169,37.61503,342.29,0.58,0.52,2026-08-22,11:10:00,N,nominal,2.0NRT,305.59,13.92,D,VIIRS
50.09003,37.3863,334.95,0.57,0.52,2026-08-22,11:10:00,N,nominal,2.0NRT,303.67,5.95,D,VIIRS
50.06715,37.60483,336.39,0.58,0.52,2026-08-22,11:10:00,N,nominal,2.0NRT,303.52,6.92,D,VIIRS
50.0627,37.61419,341.24,0.58,0.52,2026-08-22,11:10:00,N,nominal,2.0NRT,304.8,9.24,D,VIIRS
49.5797,31.5336,347.93,0.49,0.4,2026-08-22,11:10:00,N,nominal,2.0NRT,303.3,159.02,D,VIIRS
50.06975,37.60389,331.15,0.58,0.52,2026-08-22,11:10:00,N,low,2.0NRT,302.29,4.35,D,VIIRS
49.576,31.53451,367,0.49,0.4,2026-08-22,11:10:00,N,high,2.0NRT,358.33,159.02,D,VIIRS
49.57157,31.52869,351.81,0.49,0.4,2026-08-22,11:10:00,N,nominal,2.0NRT,325.17,45.76,D,VIIRS
50.06535,37.61331,336.97,0.58,0.52,2026-08-22,11:10:00,N,nominal,2.0NRT,304.35,3.38,D,VIIRS
49.57229,31.53542,367,0.49,0.4,2026-08-22,11:10:00,N,high,2.0NRT,339.59,94.18,D,VIIRS
49.56714,31.52289,308.25,0.49,0.4,2026-08-22,11:10:00,N,low,2.0NRT,308.3,45.76,D,VIIRS
49.56787,31.52962,356.57,0.49,0.4,2026-08-22,11:10:00,N,low,2.0NRT,333.78,45.76,D,VIIRS
49.56859,31.53636,367,0.49,0.4,2026-08-22,11:10:00,N,low,2.0NRT,334.8,94.18,D,VIIRS
50.06048,37.61394,331.64,0.58,0.52,2026-08-22,11:10:00,N,low,2.0NRT,303.4,3.38,D,VIIRS
49.56344,31.52382,304.22,0.49,0.4,2026-08-22,11:10:00,N,low,2.0NRT,308.18,17.16,D,VIIRS
49.56417,31.53057,351.32,0.49,0.4,2026-08-22,11:10:00,N,nominal,2.0NRT,319.43,17.16,D,VIIRS
49.56489,31.53732,342.32,0.49,0.4,2026-08-22,11:10:00,N,nominal,2.0NRT,315.12,7.3,D,VIIRS
49.56046,31.53149,339.79,0.49,0.4,2026-08-22,11:10:00,N,low,2.0NRT,309.82,17.16,D,VIIRS
50.05831,37.75668,354.23,0.59,0.53,2026-08-22,11:10:00,N,nominal,2.0NRT,302.53,23.39,D,VIIRS
50.05875,37.76505,344.09,0.59,0.53,2026-08-22,11:10:00,N,nominal,2.0NRT,308.94,27.54,D,VIIRS
50.05472,37.78234,330.38,0.59,0.53,2026-08-22,11:10:00,N,low,2.0NRT,304.26,5.27,D,VIIRS
50.04849,37.75784,347.73,0.59,0.53,2026-08-22,11:10:00,N,nominal,2.0NRT,313.89,192.05,D,VIIRS
50.04228,37.7337,331.39,0.59,0.53,2026-08-22,11:10:00,N,low,2.0NRT,303.62,5.85,D,VIIRS
50.04358,37.75845,351.92,0.59,0.53,2026-08-22,11:10:00,N,nominal,2.0NRT,307.13,12.18,D,VIIRS
50.03867,37.75914,336.6,0.59,0.53,2026-08-22,11:10:00,N,nominal,2.0NRT,306.19,12.18,D,VIIRS
49.90048,35.64906,342.63,0.48,0.48,2026-08-22,11:10:00,N,nominal,2.0NRT,306.05,6.58,D,VIIRS
50.02758,37.73568,331.69,0.59,0.53,2026-08-22,11:10:00,N,nominal,2.0NRT,301.6,5.41,D,VIIRS
49.49504,31.17177,336.75,0.47,0.4,2026-08-22,11:10:00,N,nominal,2.0NRT,309.19,21.14,D,VIIRS
49.9803,37.04812,342.79,0.55,0.51,2026-08-22,11:10:00,N,nominal,2.0NRT,305.31,7.29,D,VIIRS
49.97197,37.70869,332.23,0.59,0.53,2026-08-22,11:10:00,N,low,2.0NRT,303.7,6.61,D,VIIRS
49.96707,37.70925,338.02,0.59,0.53,2026-08-22,11:10:00,N,nominal,2.0NRT,304.93,6.61,D,VIIRS
49.96137,37.69356,338.37,0.59,0.53,2026-08-22,11:10:00,N,nominal,2.0NRT,301.29,7.8,D,VIIRS
49.95687,37.7023,353.55,0.59,0.53,2026-08-22,11:10:00,N,nominal,2.0NRT,303.8,7.8,D,VIIRS
49.97066,37.70915,340.25,0.59,0.53,2026-08-22,11:10:00,N,nominal,2.0NRT,304.66,7.73,D,VIIRS
49.95998,37.69403,335.15,0.59,0.52,2026-08-22,11:10:00,N,nominal,2.0NRT,301.78,1.69,D,VIIRS
49.95553,37.70273,367,0.59,0.53,2026-08-22,11:10:00,N,high,2.0NRT,305.87,18.9,D,VIIRS
49.95287,37.83847,349.7,0.59,0.53,2026-08-22,11:10:00,N,nominal,2.0NRT,308.8,11.85,D,VIIRS
49.95332,37.84701,334.71,0.59,0.53,2026-08-22,11:10:00,N,nominal,2.0NRT,305.44,11.85,D,VIIRS
49.94795,37.83903,343.82,0.59,0.53,2026-08-22,11:10:00,N,nominal,2.0NRT,305.77,11.85,D,VIIRS
49.93415,37.67133,344.7,0.58,0.52,2026-08-22,11:10:00,N,nominal,2.0NRT,305.71,6.25,D,VIIRS
49.92836,37.6548,345.12,0.58,0.52,2026-08-22,11:10:00,N,nominal,2.0NRT,302.45,15.24,D,VIIRS
49.92346,37.65519,345.52,0.58,0.52,2026-08-22,11:10:00,N,nominal,2.0NRT,307.65,31.38,D,VIIRS
49.90629,37.5173,333.82,0.57,0.52,2026-08-22,11:10:00,N,nominal,2.0NRT,305.55,2.43,D,VIIRS
49.93016,37.97737,336.25,0.6,0.53,2026-08-22,11:10:00,N,nominal,2.0NRT,304.14,22.35,D,VIIRS
49.93058,37.98586,342.31,0.6,0.53,2026-08-22,11:10:00,N,nominal,2.0NRT,305.29,22.35,D,VIIRS
49.89788,37.452,339.25,0.57,0.52,2026-08-22,11:10:00,N,nominal,2.0NRT,302.25,4.06,D,VIIRS
49.92562,37.98645,354.3,0.6,0.53,2026-08-22,11:10:00,N,nominal,2.0NRT,310.71,22.35,D,VIIRS
49.89507,37.67609,333.35,0.58,0.52,2026-08-22,11:10:00,N,nominal,2.0NRT,304.63,3.43,D,VIIRS
49.88591,37.78694,331.87,0.59,0.53,2026-08-22,11:10:00,N,low,2.0NRT,302,2.41,D,VIIRS
49.87384,37.64531,342.42,0.58,0.52,2026-08-22,11:10:00,N,nominal,2.0NRT,304.78,8.84,D,VIIRS
49.88058,37.77901,330.9,0.59,0.53,2026-08-22,11:10:00,N,low,2.0NRT,303.15,13.56,D,VIIRS
49.87567,37.77959,353.17,0.59,0.53,2026-08-22,11:10:00,N,nominal,2.0NRT,308.2,13.56,D,VIIRS
49.88432,37.78662,339.34,0.59,0.53,2026-08-22,11:10:00,N,nominal,2.0NRT,304.57,14.12,D,VIIRS
49.87156,37.64538,343.76,0.58,0.52,2026-08-22,11:10:00,N,nominal,2.0NRT,307.88,11.39,D,VIIRS
49.87894,37.77868,345,0.59,0.53,2026-08-22,11:10:00,N,nominal,2.0NRT,306.46,11.85,D,VIIRS
49.87403,37.77927,341.32,0.59,0.53,2026-08-22,11:10:00,N,nominal,2.0NRT,305.74,4.11,D,VIIRS
49.85437,37.87403,340.13,0.59,0.53,2026-08-22,11:10:00,N,nominal,2.0NRT,303.14,4.1,D,VIIRS
49.86189,38.01867,347.24,0.6,0.53,2026-08-22,11:10:00,N,nominal,2.0NRT,308.34,22.88,D,VIIRS
49.86232,38.0271,342.12,0.6,0.53,2026-08-22,11:10:00,N,nominal,2.0NRT,307.84,25.92,D,VIIRS
49.84943,37.87444,334.75,0.59,0.53,2026-08-22,11:10:00,N,nominal,2.0NRT,306.2,5.66,D,VIIRS
49.85693,38.01922,333.09,0.6,0.53,2026-08-22,11:10:00,N,nominal,2.0NRT,306.47,4.24,D,VIIRS
49.85736,38.02765,331.66,0.6,0.53,2026-08-22,11:10:00,N,nominal,2.0NRT,306.21,5.78,D,VIIRS
49.82801,37.56707,330.11,0.58,0.52,2026-08-22,11:10:00,N,low,2.0NRT,304.58,3.13,D,VIIRS
49.81873,37.76046,341.79,0.59,0.53,2026-08-22,11:10:00,N,nominal,2.0NRT,303.87,5,D,VIIRS
49.797110000000004,37.62959,344.09,0.58,0.52,2026-08-22,11:10:00,N,nominal,2.0NRT,305.76,11,D,VIIRS
49.7855,37.68924,343.39,0.58,0.52,2026-08-22,11:10:00,N,nominal,2.0NRT,307.32,8.47,D,VIIRS
49.78061,37.68975,344.1,0.58,0.52,2026-08-22,11:10:00,N,nominal,2.0NRT,308.69,8.33,D,VIIRS
49.77042,37.68272,354.43,0.58,0.52,2026-08-22,11:10:00,N,nominal,2.0NRT,309.43,27.42,D,VIIRS
49.76554,37.68338,344.2,0.58,0.52,2026-08-22,11:10:00,N,nominal,2.0NRT,312.23,27.42,D,VIIRS
49.75326,37.63478,341.15,0.58,0.52,2026-08-22,11:10:00,N,nominal,2.0NRT,305.86,11.17,D,VIIRS
49.76868,37.68151,351.79,0.58,0.52,2026-08-22,11:10:00,N,nominal,2.0NRT,314.66,39.26,D,VIIRS
49.75663,37.6416,340.23,0.58,0.52,2026-08-22,11:10:00,N,nominal,2.0NRT,301.79,5.02,D,VIIRS
48.48254,25.9468,332.62,0.38,0.36,2026-08-22,11:10:00,N,nominal,2.0NRT,300.77,1.47,D,VIIRS
48.48745,25.97755,331.05,0.38,0.36,2026-08-22,11:10:00,N,nominal,2.0NRT,303.16,2.47,D,VIIRS
49.71054,37.69661,334.42,0.58,0.52,2026-08-22,11:10:00,N,nominal,2.0NRT,303.67,4.27,D,VIIRS
49.74536,38.3902,334.02,0.63,0.54,2026-08-22,11:10:00,N,low,2.0NRT,304.75,7.01,D,VIIRS
49.69818,37.64868,334.1,0.58,0.52,2026-08-22,11:10:00,N,nominal,2.0NRT,306.64,4.92,D,VIIRS
49.68887,37.65807,342.15,0.58,0.52,2026-08-22,11:10:00,N,nominal,2.0NRT,306.9,6.68,D,VIIRS
49.68238,37.91725,339.12,0.6,0.53,2026-08-22,11:10:00,N,nominal,2.0NRT,302.98,5.84,D,VIIRS
49.67745,37.91783,337.71,0.6,0.53,2026-08-22,11:10:00,N,nominal,2.0NRT,303.56,5.2,D,VIIRS
49.66181,38.00521,346.27,0.6,0.53,2026-08-22,11:10:00,N,nominal,2.0NRT,306.35,11.2,D,VIIRS
49.62755,37.41941,353.96,0.57,0.52,2026-08-22,11:10:00,N,nominal,2.0NRT,310.71,35.82,D,VIIRS
49.68122,37.91708,341.67,0.6,0.53,2026-08-22,11:10:00,N,nominal,2.0NRT,304.32,16.26,D,VIIRS
49.62878,37.41934,356.12,0.57,0.52,2026-08-22,11:10:00,N,nominal,2.0NRT,306.73,35.69,D,VIIRS
49.66108,38.00489,348.44,0.6,0.53,2026-08-22,11:10:00,N,nominal,2.0NRT,306.45,13.42,D,VIIRS
49.62396,37.41988,345.88,0.57,0.52,2026-08-22,11:10:00,N,nominal,2.0NRT,310.09,18.25,D,VIIRS
49.61914,37.42043,342.58,0.57,0.52,2026-08-22,11:10:00,N,nominal,2.0NRT,307.38,18.25,D,VIIRS
49.64046,37.89664,331.2,0.59,0.53,2026-08-22,11:10:00,N,nominal,2.0NRT,302.6,3.39,D,VIIRS
49.59609,37.619,332.62,0.58,0.52,2026-08-22,11:10:00,N,low,2.0NRT,303.81,5.76,D,VIIRS
49.60081,37.80035,333.79,0.59,0.53,2026-08-22,11:10:00,N,nominal,2.0NRT,303.72,3.86,D,VIIRS
49.5773,37.92102,336.7,0.59,0.53,2026-08-22,11:10:00,N,nominal,2.0NRT,304.36,6.91,D,VIIRS
48.79756,29.17693,334.43,0.41,0.37,2026-08-22,11:10:00,N,nominal,2.0NRT,305.93,1.57,D,VIIRS
49.47977,36.28939,335.83,0.5,0.49,2026-08-22,11:10:00,N,low,2.0NRT,307.95,5.49,D,VIIRS
49.57238,37.92176,345.19,0.59,0.53,2026-08-22,11:10:00,N,nominal,2.0NRT,303.81,8.85,D,VIIRS
49.57278,37.92997,344.11,0.6,0.53,2026-08-22,11:10:00,N,nominal,2.0NRT,307.58,8.85,D,VIIRS
49.5732,37.93824,347.06,0.6,0.53,2026-08-22,11:10:00,N,nominal,2.0NRT,306.01,30.68,D,VIIRS
49.57361,37.94658,356.74,0.6,0.53,2026-08-22,11:10:00,N,nominal,2.0NRT,308.54,30.68,D,VIIRS
49.56786,37.93055,338.66,0.6,0.53,2026-08-22,11:10:00,N,nominal,2.0NRT,305.26,8.85,D,VIIRS
49.56826,37.93884,348.59,0.6,0.53,2026-08-22,11:10:00,N,nominal,2.0NRT,308.93,30.68,D,VIIRS
49.57663,37.92135,350.5,0.59,0.53,2026-08-22,11:10:00,N,nominal,2.0NRT,304.75,10.32,D,VIIRS
49.578,37.94622,330.33,0.6,0.53,2026-08-22,11:10:00,N,low,2.0NRT,302.81,19.73,D,VIIRS
49.57216,37.93026,343.34,0.59,0.53,2026-08-22,11:10:00,N,nominal,2.0NRT,308.2,25.13,D,VIIRS
49.57261,37.93852,352.1,0.6,0.53,2026-08-22,11:10:00,N,nominal,2.0NRT,307.71,25.13,D,VIIRS
49.57307,37.94685,357.01,0.6,0.53,2026-08-22,11:10:00,N,nominal,2.0NRT,309.74,19.73,D,VIIRS
49.56768,37.9391,345.5,0.6,0.53,2026-08-22,11:10:00,N,nominal,2.0NRT,306.77,9.34,D,VIIRS
48.7711,29.31502,334.83,0.41,0.37,2026-08-22,11:10:00,N,nominal,2.0NRT,304.28,2.1,D,VIIRS
49.53812,37.85003,344.84,0.59,0.53,2026-08-22,11:10:00,N,nominal,2.0NRT,305.1,6.68,D,VIIRS
49.50214,37.73043,331.9,0.58,0.52,2026-08-22,11:10:00,N,nominal,2.0NRT,303.64,1.94,D,VIIRS
49.46854,37.8412,339.83,0.59,0.53,2026-08-22,11:10:00,N,nominal,2.0NRT,304.45,5.51,D,VIIRS
49.44567,37.97874,330.23,0.6,0.53,2026-08-22,11:10:00,N,low,2.0NRT,304.93,5.2,D,VIIRS
49.46677,37.84109,338.3,0.59,0.53,2026-08-22,11:10:00,N,nominal,2.0NRT,304.19,5.13,D,VIIRS
49.4495,37.97785,340.14,0.6,0.53,2026-08-22,11:10:00,N,nominal,2.0NRT,306.21,4.97,D,VIIRS
49.10562,33.48813,333.73,0.57,0.43,2026-08-22,11:10:00,N,low,2.0NRT,307.74,17.33,D,VIIRS
49.10634,33.49596,335.37,0.57,0.43,2026-08-22,11:10:00,N,low,2.0NRT,309.29,17.33,D,VIIRS
49.39778,37.75009,333.4,0.58,0.52,2026-08-22,11:10:00,N,nominal,2.0NRT,304.53,2.54,D,VIIRS
49.38369,37.58095,350.45,0.57,0.52,2026-08-22,11:10:00,N,nominal,2.0NRT,303.89,9.68,D,VIIRS
49.38862,37.9518,339.3,0.59,0.53,2026-08-22,11:10:00,N,nominal,2.0NRT,305.66,7.25,D,VIIRS
49.38904,37.95997,349.27,0.59,0.53,2026-08-22,11:10:00,N,nominal,2.0NRT,308.93,18.88,D,VIIRS
49.36893,37.76195,332.45,0.58,0.52,2026-08-22,11:10:00,N,nominal,2.0NRT,305.16,2.88,D,VIIRS
49.36359,38.04704,344.66,0.6,0.53,2026-08-22,11:10:00,N,nominal,2.0NRT,305.72,8.11,D,VIIRS
49.37025,38.18489,341.55,0.61,0.53,2026-08-22,11:10:00,N,nominal,2.0NRT,302.28,4.55,D,VIIRS
49.36527,38.18546,353.22,0.61,0.53,2026-08-22,11:10:00,N,nominal,2.0NRT,306.31,25.94,D,VIIRS
49.33892,37.94855,355.08,0.59,0.53,2026-08-22,11:10:00,N,nominal,2.0NRT,309.8,38.59,D,VIIRS
48.55063,29.10449,340.4,0.41,0.37,2026-08-22,11:10:00,N,nominal,2.0NRT,309.43,7.52,D,VIIRS
49.36319,38.04545,341.19,0.6,0.53,2026-08-22,11:10:00,N,nominal,2.0NRT,305.23,4.97,D,VIIRS
49.37054,38.18303,330.99,0.61,0.53,2026-08-22,11:10:00,N,nominal,2.0NRT,302.21,12.44,D,VIIRS
49.36556,38.18357,351.67,0.61,0.53,2026-08-22,11:10:00,N,nominal,2.0NRT,307.35,12.44,D,VIIRS
49.33802,37.94707,337.7,0.59,0.53,2026-08-22,11:10:00,N,low,2.0NRT,308.12,16.67,D,VIIRS
49.33847,37.95531,341.91,0.59,0.53,2026-08-22,11:10:00,N,nominal,2.0NRT,306.61,18.39,D,VIIRS
49.31386,37.86549,341.84,0.59,0.53,2026-08-22,11:10:00,N,nominal,2.0NRT,304.94,13.23,D,VIIRS
49.3094,37.87442,344,0.59,0.53,2026-08-22,11:10:00,N,nominal,2.0NRT,306.88,6.83,D,VIIRS
49.30985,37.8829,336.36,0.59,0.53,2026-08-22,11:10:00,N,nominal,2.0NRT,306.11,6.83,D,VIIRS
49.3089,37.9584,336.37,0.59,0.53,2026-08-22,11:10:00,N,nominal,2.0NRT,305.99,5.89,D,VIIRS
49.30138,37.90933,342.47,0.59,0.53,2026-08-22,11:10:00,N,nominal,2.0NRT,307.29,8.58,D,VIIRS
49.29906,37.95952,332.16,0.59,0.53,2026-08-22,11:10:00,N,nominal,2.0NRT,305.44,3.63,D,VIIRS
49.27681,37.91214,337.91,0.59,0.53,2026-08-22,11:10:00,N,nominal,2.0NRT,304.93,10.2,D,VIIRS
49.28121,38.09705,331.97,0.6,0.53,2026-08-22,11:10:00,N,nominal,2.0NRT,304.52,3.09,D,VIIRS
49.24743,38.01719,334.18,0.6,0.53,2026-08-22,11:10:00,N,low,2.0NRT,305.82,4.71,D,VIIRS
49.23875,38.0428,331.81,0.6,0.53,2026-08-22,11:10:00,N,nominal,2.0NRT,304.59,2.45,D,VIIRS
49.24641,38.01656,336.13,0.6,0.53,2026-08-22,11:10:00,N,nominal,2.0NRT,306.6,5.49,D,VIIRS
49.2328,37.85823,335.19,0.59,0.53,2026-08-22,11:10:00,N,nominal,2.0NRT,306.95,3.97,D,VIIRS
49.23785,38.0421,330.42,0.6,0.53,2026-08-22,11:10:00,N,nominal,2.0NRT,304.25,1.89,D,VIIRS
49.23072,38.00169,344.93,0.6,0.53,2026-08-22,11:10:00,N,nominal,2.0NRT,309.73,11.7,D,VIIRS
49.23116,38.00986,346.9,0.6,0.53,2026-08-22,11:10:00,N,nominal,2.0NRT,309.32,11,D,VIIRS
49.2141,37.78698,343.47,0.58,0.52,2026-08-22,11:10:00,N,nominal,2.0NRT,306.76,5.24,D,VIIRS
48.41027,29.20129,337.68,0.41,0.37,2026-08-22,11:10:00,N,low,2.0NRT,309.47,13.27,D,VIIRS
49.21057,37.90291,337.12,0.59,0.53,2026-08-22,11:10:00,N,low,2.0NRT,309.53,6.22,D,VIIRS
49.22294,38.13741,333.87,0.6,0.53,2026-08-22,11:10:00,N,low,2.0NRT,306.28,6.2,D,VIIRS
49.22339,38.14616,342.34,0.6,0.53,2026-08-22,11:10:00,N,nominal,2.0NRT,308.58,15.13,D,VIIRS
48.40688,29.20229,338.06,0.41,0.37,2026-08-22,11:10:00,N,low,2.0NRT,312.2,13.27,D,VIIRS
49.20388,37.96281,332.99,0.59,0.53,2026-08-22,11:10:00,N,low,2.0NRT,307.41,2.42,D,VIIRS
49.20457,38.07118,342.87,0.6,0.53,2026-08-22,11:10:00,N,nominal,2.0NRT,306.92,9.63,D,VIIRS
49.18264,37.74989,340,0.58,0.52,2026-08-22,11:10:00,N,nominal,2.0NRT,301.55,7.91,D,VIIRS
49.18307,37.75789,342.41,0.58,0.52,2026-08-22,11:10:00,N,nominal,2.0NRT,306.96,7.91,D,VIIRS
49.17023,37.70173,336.33,0.58,0.52,2026-08-22,11:10:00,N,low,2.0NRT,307.8,8.28,D,VIIRS
49.17503,37.79086,351.92,0.58,0.52,2026-08-22,11:10:00,N,nominal,2.0NRT,308.3,7.67,D,VIIRS
49.16297,37.84185,336.84,0.59,0.52,2026-08-22,11:10:00,N,nominal,2.0NRT,304.63,3.37,D,VIIRS
49.17168,38.10957,340.83,0.6,0.53,2026-08-22,11:10:00,N,nominal,2.0NRT,305.91,5.3,D,VIIRS
49.15276,37.83472,331.55,0.58,0.52,2026-08-22,11:10:00,N,low,2.0NRT,305.61,4.26,D,VIIRS
49.16672,38.11013,342.22,0.6,0.53,2026-08-22,11:10:00,N,nominal,2.0NRT,308.12,5.3,D,VIIRS
49.16712,38.11819,348.78,0.6,0.53,2026-08-22,11:10:00,N,nominal,2.0NRT,309.27,9.44,D,VIIRS
49.16753,38.12646,341.23,0.6,0.53,2026-08-22,11:10:00,N,nominal,2.0NRT,308.32,9.44,D,VIIRS
49.13168,37.52986,343.95,0.57,0.52,2026-08-22,11:10:00,N,nominal,2.0NRT,307.62,19.9,D,VIIRS
49.1321,37.53765,343.27,0.57,0.52,2026-08-22,11:10:00,N,nominal,2.0NRT,307.66,19.9,D,VIIRS
49.12686,37.53046,351.18,0.57,0.52,2026-08-22,11:10:00,N,nominal,2.0NRT,317.37,19.9,D,VIIRS
49.12728,37.53827,337.33,0.57,0.52,2026-08-22,11:10:00,N,nominal,2.0NRT,309.9,19.9,D,VIIRS
49.16663,38.11064,342.27,0.6,0.53,2026-08-22,11:10:00,N,nominal,2.0NRT,307.6,7.8,D,VIIRS
49.16706,38.1187,346.87,0.6,0.53,2026-08-22,11:10:00,N,nominal,2.0NRT,309.02,7.8,D,VIIRS
49.16751,38.12697,339.61,0.6,0.53,2026-08-22,11:10:00,N,nominal,2.0NRT,307.98,7.87,D,VIIRS
49.12872,37.53115,354.91,0.57,0.52,2026-08-22,11:10:00,N,nominal,2.0NRT,320.87,63.73,D,VIIRS
49.12917,37.53894,342.97,0.57,0.52,2026-08-22,11:10:00,N,nominal,2.0NRT,309.68,18.04,D,VIIRS
49.12389,37.53172,341.19,0.57,0.52,2026-08-22,11:10:00,N,nominal,2.0NRT,309.32,4.43,D,VIIRS
48.42126,29.93506,335.08,0.43,0.38,2026-08-22,11:10:00,N,low,2.0NRT,309.69,4,D,VIIRS
49.11747,37.75847,333.86,0.58,0.52,2026-08-22,11:10:00,N,low,2.0NRT,304.88,3.13,D,VIIRS
49.12835,38.04672,348.25,0.6,0.53,2026-08-22,11:10:00,N,nominal,2.0NRT,308.87,12.52,D,VIIRS
48.62968,31.99403,336,0.49,0.41,2026-08-22,11:10:00,N,low,2.0NRT,310.81,1.06,D,VIIRS
49.05,37.022,345.81,0.54,0.51,2026-08-22,11:10:00,N,nominal,2.0NRT,308.8,8.4,D,VIIRS
49.0453,37.02261,340.26,0.54,0.51,2026-08-22,11:10:00,N,nominal,2.0NRT,310.6,7.05,D,VIIRS
49.08112,37.81137,332.22,0.58,0.52,2026-08-22,11:10:00,N,low,2.0NRT,304.8,2.1,D,VIIRS
49.08425,38.35957,343.75,0.62,0.54,2026-08-22,11:10:00,N,nominal,2.0NRT,304.95,10.59,D,VIIRS
49.07926,38.36037,348.23,0.62,0.54,2026-08-22,11:10:00,N,nominal,2.0NRT,322.51,55.65,D,VIIRS
49.07965,38.36874,341.81,0.62,0.54,2026-08-22,11:10:00,N,nominal,2.0NRT,304.95,55.65,D,VIIRS
48.92079,35.82581,338.93,0.47,0.48,2026-08-22,11:10:00,N,low,2.0NRT,313.13,6.86,D,VIIRS
48.92125,35.83232,349.43,0.47,0.48,2026-08-22,11:10:00,N,nominal,2.0NRT,314.7,6.86,D,VIIRS
49.05181,38.0053,338.62,0.59,0.53,2026-08-22,11:10:00,N,nominal,2.0NRT,307.01,5.46,D,VIIRS
49.05265,38.02196,338.66,0.59,0.53,2026-08-22,11:10:00,N,nominal,2.0NRT,308.15,4.09,D,VIIRS
49.03419,37.95019,334.47,0.59,0.53,2026-08-22,11:10:00,N,low,2.0NRT,307.5,2.52,D,VIIRS
49.05048,38.00513,337.73,0.59,0.53,2026-08-22,11:10:00,N,nominal,2.0NRT,306.27,3.42,D,VIIRS
49.0514,38.02174,338.14,0.59,0.53,2026-08-22,11:10:00,N,nominal,2.0NRT,308.91,3.74,D,VIIRS
49.03259,37.95005,332.99,0.59,0.53,2026-08-22,11:10:00,N,low,2.0NRT,306.32,5.69,D,VIIRS
49.01422,37.88546,331.45,0.59,0.53,2026-08-22,11:10:00,N,low,2.0NRT,305.37,5.3,D,VIIRS
49.01513,38.08498,345.06,0.6,0.53,2026-08-22,11:10:00,N,nominal,2.0NRT,311.93,9.14,D,VIIRS
49.01735,38.12708,339.89,0.6,0.53,2026-08-22,11:10:00,N,nominal,2.0NRT,306.93,3.86,D,VIIRS
49.00359,37.96185,340.59,0.59,0.53,2026-08-22,11:10:00,N,nominal,2.0NRT,306.54,5.32,D,VIIRS
48.98618,37.73402,341.72,0.58,0.52,2026-08-22,11:10:00,N,nominal,2.0NRT,308.8,4.96,D,VIIRS
48.98663,37.74202,344.03,0.58,0.52,2026-08-22,11:10:00,N,nominal,2.0NRT,312.59,11.47,D,VIIRS
48.99868,37.96249,345.22,0.59,0.53,2026-08-22,11:10:00,N,nominal,2.0NRT,308.53,5.32,D,VIIRS
48.97469,37.70308,341.8,0.57,0.52,2026-08-22,11:10:00,N,nominal,2.0NRT,311.61,7.31,D,VIIRS
48.98662,37.92181,346.56,0.59,0.53,2026-08-22,11:10:00,N,nominal,2.0NRT,306.99,10.58,D,VIIRS
48.98172,37.92229,335.86,0.59,0.53,2026-08-22,11:10:00,N,low,2.0NRT,306.96,6.13,D,VIIRS
48.98958,38.07151,340.68,0.6,0.53,2026-08-22,11:10:00,N,nominal,2.0NRT,310.02,4.76,D,VIIRS
48.96367,37.68035,341,0.57,0.52,2026-08-22,11:10:00,N,nominal,2.0NRT,306.02,7.33,D,VIIRS
48.98508,38.08044,340.33,0.6,0.53,2026-08-22,11:10:00,N,nominal,2.0NRT,311.87,4.76,D,VIIRS
48.97191,37.92344,349.26,0.59,0.53,2026-08-22,11:10:00,N,nominal,2.0NRT,307.29,10,D,VIIRS
48.9707,38.0906,355.11,0.6,0.53,2026-08-22,11:10:00,N,nominal,2.0NRT,315.24,25.73,D,VIIRS
48.94718,37.82789,341.22,0.58,0.52,2026-08-22,11:10:00,N,nominal,2.0NRT,308.59,3.97,D,VIIRS
48.94975,37.87669,351.47,0.58,0.52,2026-08-22,11:10:00,N,nominal,2.0NRT,313.17,13.3,D,VIIRS
48.59222,33.07636,337.21,0.54,0.42,2026-08-22,11:10:00,N,low,2.0NRT,307.83,3.09,D,VIIRS
48.88688,36.93185,341.02,0.53,0.5,2026-08-22,11:10:00,N,nominal,2.0NRT,309.4,27.38,D,VIIRS
48.88733,36.93926,342.95,0.53,0.5,2026-08-22,11:10:00,N,nominal,2.0NRT,307.58,27.38,D,VIIRS
48.88265,36.93996,349.13,0.53,0.5,2026-08-22,11:10:00,N,nominal,2.0NRT,317.79,27.38,D,VIIRS
48.92574,37.70042,346.07,0.57,0.52,2026-08-22,11:10:00,N,nominal,2.0NRT,307.7,18.24,D,VIIRS
48.92726,37.82224,337.47,0.58,0.52,2026-08-22,11:10:00,N,low,2.0NRT,307.73,2.81,D,VIIRS
48.93359,37.94529,343.36,0.59,0.53,2026-08-22,11:10:00,N,nominal,2.0NRT,308.46,3.23,D,VIIRS
48.8798,36.97108,367,0.53,0.5,2026-08-22,11:10:00,N,high,2.0NRT,308.23,11.53,D,VIIRS
48.8711,36.90427,342.58,0.53,0.5,2026-08-22,11:10:00,N,nominal,2.0NRT,308.7,11.47,D,VIIRS
48.86644,36.90512,334.61,0.53,0.5,2026-08-22,11:10:00,N,nominal,2.0NRT,306.91,2.51,D,VIIRS
48.9171,37.81556,343.1,0.58,0.52,2026-08-22,11:10:00,N,nominal,2.0NRT,309,8.69,D,VIIRS
48.92294,37.92992,343.34,0.59,0.53,2026-08-22,11:10:00,N,nominal,2.0NRT,307.76,7.58,D,VIIRS
48.95692,38.64586,341.12,0.63,0.54,2026-08-22,11:10:00,N,nominal,2.0NRT,303.79,79.21,D,VIIRS
48.95731,38.65473,353.24,0.63,0.54,2026-08-22,11:10:00,N,nominal,2.0NRT,302.78,79.21,D,VIIRS
48.9577,38.66359,339.25,0.64,0.54,2026-08-22,11:10:00,N,nominal,2.0NRT,300.3,44.94,D,VIIRS
48.91306,37.83244,336.46,0.58,0.52,2026-08-22,11:10:00,N,low,2.0NRT,308.29,3.32,D,VIIRS
48.91721,37.91396,346.52,0.59,0.53,2026-08-22,11:10:00,N,nominal,2.0NRT,306.87,11.01,D,VIIRS
48.91805,37.93053,334.44,0.59,0.53,2026-08-22,11:10:00,N,low,2.0NRT,308.15,7.58,D,VIIRS
48.93315,38.23872,332.71,0.61,0.53,2026-08-22,11:10:00,N,low,2.0NRT,306.89,6.52,D,VIIRS
48.95224,38.65522,344.74,0.63,0.54,2026-08-22,11:10:00,N,low,2.0NRT,319.47,79.21,D,VIIRS
48.95263,38.66413,353.42,0.64,0.54,2026-08-22,11:10:00,N,nominal,2.0NRT,317.6,44.94,D,VIIRS
48.95302,38.67302,341.83,0.64,0.54,2026-08-22,11:10:00,N,nominal,2.0NRT,303.45,44.94,D,VIIRS
48.88545,36.93341,342.5,0.53,0.5,2026-08-22,11:10:00,N,nominal,2.0NRT,311.2,20.21,D,VIIRS
48.88593,36.94086,343.72,0.53,0.5,2026-08-22,11:10:00,N,nominal,2.0NRT,307.69,32.06,D,VIIRS
48.88126,36.94158,350.3,0.53,0.5,2026-08-22,11:10:00,N,nominal,2.0NRT,314.34,32.06,D,VIIRS
48.88324,36.9719,334.02,0.53,0.5,2026-08-22,11:10:00,N,low,2.0NRT,306.6,3.13,D,VIIRS
48.87856,36.97255,346.71,0.53,0.5,2026-08-22,11:10:00,N,nominal,2.0NRT,306.62,7.7,D,VIIRS
48.92336,37.70157,348.17,0.57,0.52,2026-08-22,11:10:00,N,nominal,2.0NRT,311.82,11.59,D,VIIRS
48.86905,36.89856,340.33,0.53,0.5,2026-08-22,11:10:00,N,nominal,2.0NRT,306.33,9.35,D,VIIRS
48.86953,36.90591,342.72,0.53,0.5,2026-08-22,11:10:00,N,nominal,2.0NRT,309.3,9.35,D,VIIRS
48.93243,37.94609,342.37,0.59,0.53,2026-08-22,11:10:00,N,nominal,2.0NRT,307.26,4.7,D,VIIRS
48.91529,37.8165,339,0.58,0.52,2026-08-22,11:10:00,N,low,2.0NRT,309.65,5.97,D,VIIRS
48.9217,37.93071,343.98,0.59,0.53,2026-08-22,11:10:00,N,nominal,2.0NRT,308.99,9.97,D,VIIRS
48.92217,37.93905,337.5,0.59,0.53,2026-08-22,11:10:00,N,nominal,2.0NRT,304.95,5.93,D,VIIRS
48.91042,37.8172,347.5,0.58,0.52,2026-08-22,11:10:00,N,nominal,2.0NRT,305.72,7.3,D,VIIRS
48.91589,37.91475,349.79,0.59,0.53,2026-08-22,11:10:00,N,nominal,2.0NRT,310.94,18.14,D,VIIRS
48.95422,38.6461,347,0.63,0.54,2026-08-22,11:10:00,N,nominal,2.0NRT,312.56,50.2,D,VIIRS
48.95466,38.65497,340.21,0.63,0.54,2026-08-22,11:10:00,N,nominal,2.0NRT,313.02,69.19,D,VIIRS
48.95509,38.66386,356.03,0.63,0.54,2026-08-22,11:10:00,N,nominal,2.0NRT,309.67,69.19,D,VIIRS
48.94915,38.64659,355.92,0.63,0.54,2026-08-22,11:10:00,N,nominal,2.0NRT,313.33,50.2,D,VIIRS
48.94959,38.65546,352.73,0.63,0.54,2026-08-22,11:10:00,N,nominal,2.0NRT,319.1,69.19,D,VIIRS
48.95045,38.67321,345.9,0.64,0.54,2026-08-22,11:10:00,N,nominal,2.0NRT,308.06,49.99,D,VIIRS
48.95002,38.66434,367,0.63,0.54,2026-08-22,11:10:00,N,high,2.0NRT,315.17,69.19,D,VIIRS
48.88924,37.61729,346.69,0.57,0.52,2026-08-22,11:10:00,N,nominal,2.0NRT,307.93,10.68,D,VIIRS
48.89019,37.63358,333.67,0.57,0.52,2026-08-22,11:10:00,N,low,2.0NRT,304.96,5,D,VIIRS
48.94408,38.64707,337.56,0.63,0.54,2026-08-22,11:10:00,N,low,2.0NRT,308.1,8.68,D,VIIRS
48.94452,38.65594,351.23,0.63,0.54,2026-08-22,11:10:00,N,nominal,2.0NRT,310.25,18.74,D,VIIRS
48.94581,38.68254,352.8,0.64,0.54,2026-08-22,11:10:00,N,nominal,2.0NRT,312.49,42.28,D,VIIRS
48.88536,37.63437,340.71,0.57,0.52,2026-08-22,11:10:00,N,nominal,2.0NRT,307.34,5,D,VIIRS
48.88055,37.63514,337.07,0.57,0.52,2026-08-22,11:10:00,N,nominal,2.0NRT,305.71,2.23,D,VIIRS
48.85247,37.65498,332.77,0.57,0.52,2026-08-22,11:10:00,N,nominal,2.0NRT,305.86,4.58,D,VIIRS
48.85291,37.66294,342.55,0.57,0.52,2026-08-22,11:10:00,N,nominal,2.0NRT,307.96,4.58,D,VIIRS
48.7084,35.50705,330.95,0.46,0.47,2026-08-22,11:10:00,N,low,2.0NRT,305.05,3.66,D,VIIRS
48.85923,37.96132,335.95,0.59,0.53,2026-08-22,11:10:00,N,nominal,2.0NRT,306.51,3.49,D,VIIRS
48.85433,37.96209,336.77,0.59,0.53,2026-08-22,11:10:00,N,nominal,2.0NRT,308.58,3.49,D,VIIRS
48.72406,35.97356,341.7,0.48,0.48,2026-08-22,11:10:00,N,nominal,2.0NRT,307.98,7.16,D,VIIRS
48.54131,33.72268,338.88,0.57,0.43,2026-08-22,11:10:00,N,nominal,2.0NRT,308.46,3.03,D,VIIRS
48.83752,37.92329,347.3,0.59,0.53,2026-08-22,11:10:00,N,nominal,2.0NRT,308.38,4.99,D,VIIRS
48.85363,38.67413,345.64,0.63,0.54,2026-08-22,11:10:00,N,nominal,2.0NRT,313.37,54.97,D,VIIRS
48.84818,38.66595,342.08,0.63,0.54,2026-08-22,11:10:00,N,nominal,2.0NRT,310.24,54.97,D,VIIRS
48.84857,38.6747,344.64,0.63,0.54,2026-08-22,11:10:00,N,nominal,2.0NRT,312.63,54.97,D,VIIRS
48.84038,37.92088,336.26,0.59,0.53,2026-08-22,11:10:00,N,nominal,2.0NRT,305.08,5.09,D,VIIRS
48.83594,37.92937,338.75,0.59,0.53,2026-08-22,11:10:00,N,nominal,2.0NRT,309.75,5.09,D,VIIRS
48.81614,37.84082,337.29,0.58,0.52,2026-08-22,11:10:00,N,nominal,2.0NRT,308.83,4,D,VIIRS
48.85539,38.67083,349.31,0.63,0.54,2026-08-22,11:10:00,N,nominal,2.0NRT,309.82,37.59,D,VIIRS
48.84989,38.66268,334.55,0.63,0.54,2026-08-22,11:10:00,N,low,2.0NRT,307.9,8.47,D,VIIRS
48.85369,38.74012,333.21,0.32,0.55,2026-08-22,11:10:00,N,nominal,2.0NRT,300.33,134.46,D,VIIRS
48.84861,38.74065,367,0.32,0.55,2026-08-22,11:10:00,N,low,2.0NRT,373.4,134.46,D,VIIRS
48.83471,38.46139,331.56,0.62,0.54,2026-08-22,11:10:00,N,nominal,2.0NRT,304.01,3.32,D,VIIRS
48.84839,38.7362,338.93,0.32,0.54,2026-08-22,11:10:00,N,low,2.0NRT,312.14,97.86,D,VIIRS
48.84882,38.74512,367,0.32,0.55,2026-08-22,11:10:00,N,high,2.0NRT,343.65,134.46,D,VIIRS
48.84904,38.74963,367,0.32,0.55,2026-08-22,11:10:00,N,high,2.0NRT,309.69,95.7,D,VIIRS
48.84374,38.74568,353.24,0.32,0.55,2026-08-22,11:10:00,N,low,2.0NRT,333.26,76.89,D,VIIRS
48.84396,38.75019,351.41,0.32,0.55,2026-08-22,11:10:00,N,nominal,2.0NRT,313.74,23.61,D,VIIRS
48.68873,36.20721,350.87,0.49,0.48,2026-08-22,11:10:00,N,nominal,2.0NRT,314.61,14.32,D,VIIRS
48.6892,36.214,350.43,0.49,0.49,2026-08-22,11:10:00,N,nominal,2.0NRT,312.28,14.32,D,VIIRS
48.83342,38.63824,367,0.63,0.54,2026-08-22,11:10:00,N,high,2.0NRT,312.87,19.47,D,VIIRS
48.68423,36.20794,338.77,0.49,0.48,2026-08-22,11:10:00,N,nominal,2.0NRT,312.92,4.49,D,VIIRS
48.6847,36.21476,346.72,0.49,0.49,2026-08-22,11:10:00,N,nominal,2.0NRT,314.65,4.49,D,VIIRS
48.68518,36.22162,344.54,0.49,0.49,2026-08-22,11:10:00,N,nominal,2.0NRT,309.35,7.44,D,VIIRS
48.83314,38.73788,351.95,0.32,0.54,2026-08-22,11:10:00,N,nominal,2.0NRT,309.52,7.56,D,VIIRS
48.83335,38.74236,342.06,0.32,0.55,2026-08-22,11:10:00,N,nominal,2.0NRT,309.34,6.22,D,VIIRS
48.83357,38.74685,337.87,0.32,0.55,2026-08-22,11:10:00,N,nominal,2.0NRT,309.08,6.22,D,VIIRS
48.68021,36.21555,340.56,0.49,0.49,2026-08-22,11:10:00,N,nominal,2.0NRT,312.01,4.49,D,VIIRS
48.68068,36.22239,348.48,0.49,0.49,2026-08-22,11:10:00,N,nominal,2.0NRT,314.08,7.44,D,VIIRS
48.82849,38.74744,353.15,0.32,0.55,2026-08-22,11:10:00,N,nominal,2.0NRT,313.07,6.22,D,VIIRS
48.82806,38.73846,367,0.32,0.54,2026-08-22,11:10:00,N,high,2.0NRT,315.86,7.56,D,VIIRS
48.82827,38.74295,367,0.32,0.55,2026-08-22,11:10:00,N,high,2.0NRT,316.46,6.22,D,VIIRS
48.8287,38.75193,367,0.32,0.55,2026-08-22,11:10:00,N,high,2.0NRT,310.73,8.27,D,VIIRS
48.67618,36.22313,346.3,0.49,0.49,2026-08-22,11:10:00,N,nominal,2.0NRT,312.28,5.86,D,VIIRS
48.78203,37.9345,339.45,0.59,0.53,2026-08-22,11:10:00,N,nominal,2.0NRT,308.49,2.51,D,VIIRS
48.76865,38.05378,348.35,0.59,0.53,2026-08-22,11:10:00,N,nominal,2.0NRT,311.14,12.09,D,VIIRS
48.7695,38.07009,343.42,0.59,0.53,2026-08-22,11:10:00,N,nominal,2.0NRT,311.23,6.88,D,VIIRS
48.75676,37.92231,355.74,0.59,0.52,2026-08-22,11:10:00,N,nominal,2.0NRT,312.24,17.52,D,VIIRS
48.69009,36.93034,344.71,0.53,0.5,2026-08-22,11:10:00,N,nominal,2.0NRT,306.88,21.86,D,VIIRS
48.74252,37.93227,344.97,0.59,0.53,2026-08-22,11:10:00,N,nominal,2.0NRT,309.09,9.17,D,VIIRS
48.73155,37.818,340.67,0.58,0.52,2026-08-22,11:10:00,N,nominal,2.0NRT,305.73,4.54,D,VIIRS
48.75805,38.54785,343.38,0.63,0.54,2026-08-22,11:10:00,N,nominal,2.0NRT,307.96,7.18,D,VIIRS
48.7526,38.53949,340,0.62,0.54,2026-08-22,11:10:00,N,nominal,2.0NRT,305.98,12.34,D,VIIRS
48.71145,37.90237,342.6,0.58,0.52,2026-08-22,11:10:00,N,nominal,2.0NRT,306.52,12.3,D,VIIRS
48.70028,37.78176,349.74,0.58,0.52,2026-08-22,11:10:00,N,nominal,2.0NRT,310.9,16.02,D,VIIRS
48.70655,37.9027,345.96,0.58,0.52,2026-08-22,11:10:00,N,nominal,2.0NRT,312.77,12.3,D,VIIRS
48.75964,38.5481,337.85,0.62,0.54,2026-08-22,11:10:00,N,nominal,2.0NRT,306,12.37,D,VIIRS
48.75414,38.53971,339.97,0.62,0.54,2026-08-22,11:10:00,N,nominal,2.0NRT,305.12,4.52,D,VIIRS
48.70285,37.7823,346.3,0.58,0.52,2026-08-22,11:10:00,N,nominal,2.0NRT,308.52,11.28,D,VIIRS
48.70976,37.90327,344.66,0.58,0.52,2026-08-22,11:10:00,N,nominal,2.0NRT,310.94,22.23,D,VIIRS
48.47385,34.62949,342.74,0.42,0.45,2026-08-22,11:10:00,N,nominal,2.0NRT,308.27,3.1,D,VIIRS
48.698,37.78295,346.12,0.58,0.52,2026-08-22,11:10:00,N,nominal,2.0NRT,311.06,9.95,D,VIIRS
48.70486,37.90359,343.11,0.58,0.52,2026-08-22,11:10:00,N,nominal,2.0NRT,309.29,8.32,D,VIIRS
48.68703,37.8484,338.56,0.58,0.52,2026-08-22,11:10:00,N,low,2.0NRT,310.52,7.72,D,VIIRS
48.68037,37.81703,339.94,0.58,0.52,2026-08-22,11:10:00,N,nominal,2.0NRT,307.6,2.81,D,VIIRS
48.68355,37.87391,356.32,0.58,0.52,2026-08-22,11:10:00,N,nominal,2.0NRT,310.08,11.41,D,VIIRS
48.72451,38.65694,344.63,0.63,0.54,2026-08-22,11:10:00,N,nominal,2.0NRT,307.72,11.69,D,VIIRS
48.72494,38.66577,340.97,0.63,0.54,2026-08-22,11:10:00,N,nominal,2.0NRT,307.24,11.69,D,VIIRS
48.67868,37.87456,342.81,0.58,0.52,2026-08-22,11:10:00,N,nominal,2.0NRT,306.39,11.41,D,VIIRS
48.6738,37.87502,342.21,0.58,0.52,2026-08-22,11:10:00,N,nominal,2.0NRT,307.18,2.37,D,VIIRS
48.67426,37.88348,333.69,0.58,0.52,2026-08-22,11:10:00,N,low,2.0NRT,306.45,3.71,D,VIIRS
48.66006,37.89309,343.46,0.58,0.52,2026-08-22,11:10:00,N,nominal,2.0NRT,311.22,5.69,D,VIIRS
48.61514,37.19427,333.57,0.54,0.51,2026-08-22,11:10:00,N,nominal,2.0NRT,305.21,2.95,D,VIIRS
48.36646,33.92184,342.63,0.39,0.44,2026-08-22,11:10:00,N,nominal,2.0NRT,309.31,5.27,D,VIIRS
48.62116,37.37594,339.86,0.55,0.51,2026-08-22,11:10:00,N,nominal,2.0NRT,306.45,8.63,D,VIIRS
48.6216,37.38348,341.13,0.55,0.51,2026-08-22,11:10:00,N,nominal,2.0NRT,306.4,15.41,D,VIIRS
48.58996,36.9374,336.01,0.53,0.5,2026-08-22,11:10:00,N,low,2.0NRT,309.61,4.58,D,VIIRS
48.61684,37.38404,367,0.55,0.51,2026-08-22,11:10:00,N,high,2.0NRT,309.72,14.95,D,VIIRS
48.62188,37.55595,334.73,0.56,0.52,2026-08-22,11:10:00,N,low,2.0NRT,307.07,4.6,D,VIIRS
48.6092,37.58868,339.98,0.56,0.52,2026-08-22,11:10:00,N,nominal,2.0NRT,309.36,5.84,D,VIIRS
48.59266,37.46535,331.17,0.56,0.51,2026-08-22,11:10:00,N,low,2.0NRT,305.46,3.14,D,VIIRS
47.89219,29.81528,337.62,0.42,0.38,2026-08-22,11:10:00,N,low,2.0NRT,312.45,6.07,D,VIIRS
48.61513,38.07051,348.37,0.59,0.53,2026-08-22,11:10:00,N,nominal,2.0NRT,319.12,37.82,D,VIIRS
48.61555,38.07883,344.03,0.59,0.53,2026-08-22,11:10:00,N,nominal,2.0NRT,309.72,37.82,D,VIIRS
48.61021,38.07107,348.63,0.59,0.53,2026-08-22,11:10:00,N,nominal,2.0NRT,310.82,37.82,D,VIIRS
48.61024,37.58849,345.43,0.56,0.52,2026-08-22,11:10:00,N,nominal,2.0NRT,309.25,7.19,D,VIIRS
48.60806,37.71417,338.71,0.57,0.52,2026-08-22,11:10:00,N,nominal,2.0NRT,309.55,2.39,D,VIIRS
48.61868,38.06972,342.89,0.59,0.53,2026-08-22,11:10:00,N,nominal,2.0NRT,307.55,40.65,D,VIIRS
48.61375,38.07021,348.47,0.59,0.53,2026-08-22,11:10:00,N,nominal,2.0NRT,316.88,40.65,D,VIIRS
48.61422,38.07852,344.22,0.59,0.53,2026-08-22,11:10:00,N,nominal,2.0NRT,313,42.6,D,VIIRS
48.54913,37.06867,334.64,0.53,0.5,2026-08-22,11:10:00,N,nominal,2.0NRT,307.03,3.71,D,VIIRS
48.60929,38.07902,337.43,0.59,0.53,2026-08-22,11:10:00,N,low,2.0NRT,311.9,8.63,D,VIIRS
48.58887,37.80345,332.95,0.58,0.52,2026-08-22,11:10:00,N,low,2.0NRT,306.73,2.65,D,VIIRS
48.58416,37.89309,332.22,0.58,0.52,2026-08-22,11:10:00,N,low,2.0NRT,306.66,4.77,D,VIIRS
48.56154,37.75214,342.53,0.57,0.52,2026-08-22,11:10:00,N,nominal,2.0NRT,311.56,7.89,D,VIIRS
48.51587,37.06574,332.76,0.53,0.5,2026-08-22,11:10:00,N,low,2.0NRT,305.83,2.17,D,VIIRS
48.53603,37.39631,341.45,0.55,0.51,2026-08-22,11:10:00,N,nominal,2.0NRT,304.5,5.8,D,VIIRS
48.54699,37.66739,337.08,0.57,0.52,2026-08-22,11:10:00,N,nominal,2.0NRT,307.42,2.15,D,VIIRS
48.51334,37.1781,335.31,0.54,0.51,2026-08-22,11:10:00,N,low,2.0NRT,308.93,5.42,D,VIIRS
48.52696,37.40514,342.48,0.55,0.51,2026-08-22,11:10:00,N,nominal,2.0NRT,305.85,5.67,D,VIIRS
48.52741,37.41268,336.27,0.55,0.51,2026-08-22,11:10:00,N,nominal,2.0NRT,305.22,5.67,D,VIIRS
48.51405,37.26846,337.29,0.54,0.51,2026-08-22,11:10:00,N,nominal,2.0NRT,307.07,4.53,D,VIIRS
48.52572,37.46584,343.55,0.55,0.51,2026-08-22,11:10:00,N,nominal,2.0NRT,304.78,89.95,D,VIIRS
48.44555,36.27489,343.11,0.49,0.49,2026-08-22,11:10:00,N,nominal,2.0NRT,308.1,3.18,D,VIIRS
48.50931,37.26905,342.72,0.54,0.51,2026-08-22,11:10:00,N,nominal,2.0NRT,309.87,4.53,D,VIIRS
48.53428,37.70028,344.38,0.57,0.52,2026-08-22,11:10:00,N,nominal,2.0NRT,307.47,5.86,D,VIIRS
48.49472,37.1061,334.76,0.53,0.5,2026-08-22,11:10:00,N,low,2.0NRT,308.11,4.49,D,VIIRS
48.50458,37.26963,336.39,0.54,0.51,2026-08-22,11:10:00,N,low,2.0NRT,310.09,5.42,D,VIIRS
48.52989,37.7089,345.05,0.57,0.52,2026-08-22,11:10:00,N,nominal,2.0NRT,307.7,6.28,D,VIIRS
48.43789,36.29633,339.86,0.49,0.49,2026-08-22,11:10:00,N,low,2.0NRT,314.09,6.26,D,VIIRS
48.49226,37.14342,343.85,0.54,0.51,2026-08-22,11:10:00,N,nominal,2.0NRT,306.8,5.63,D,VIIRS
48.56478,38.57627,331.95,0.62,0.54,2026-08-22,11:10:00,N,low,2.0NRT,305.01,13.25,D,VIIRS
48.48756,37.14415,367,0.54,0.51,2026-08-22,11:10:00,N,high,2.0NRT,310.32,14.45,D,VIIRS
48.46186,36.80335,341.95,0.52,0.5,2026-08-22,11:10:00,N,nominal,2.0NRT,307.99,7.6,D,VIIRS
48.46231,36.81046,341.91,0.52,0.5,2026-08-22,11:10:00,N,nominal,2.0NRT,307.9,7.6,D,VIIRS
48.47799,37.06409,342.34,0.53,0.5,2026-08-22,11:10:00,N,nominal,2.0NRT,307.05,5.96,D,VIIRS
48.55813,38.54296,331.16,0.62,0.54,2026-08-22,11:10:00,N,low,2.0NRT,305.73,4.27,D,VIIRS
48.55853,38.55136,333.62,0.62,0.54,2026-08-22,11:10:00,N,nominal,2.0NRT,306.36,4.27,D,VIIRS
48.55973,38.57673,348.46,0.62,0.54,2026-08-22,11:10:00,N,nominal,2.0NRT,309.66,13.25,D,VIIRS
48.45725,36.80414,343.11,0.52,0.5,2026-08-22,11:10:00,N,nominal,2.0NRT,310.89,9.31,D,VIIRS
48.51312,37.75808,340.58,0.57,0.52,2026-08-22,11:10:00,N,nominal,2.0NRT,307.63,5.16,D,VIIRS
48.51355,37.76601,345.93,0.57,0.52,2026-08-22,11:10:00,N,nominal,2.0NRT,311.62,11.96,D,VIIRS
48.5531,38.54345,355.44,0.62,0.54,2026-08-22,11:10:00,N,nominal,2.0NRT,313.13,19.87,D,VIIRS
48.5535,38.55177,343.08,0.62,0.54,2026-08-22,11:10:00,N,nominal,2.0NRT,310.5,19.87,D,VIIRS
48.47565,37.18295,347.87,0.54,0.51,2026-08-22,11:10:00,N,nominal,2.0NRT,314.94,67.54,D,VIIRS
48.48317,37.47897,346.72,0.56,0.51,2026-08-22,11:10:00,N,nominal,2.0NRT,309.33,10.49,D,VIIRS
48.4836,37.48657,343.13,0.56,0.51,2026-08-22,11:10:00,N,nominal,2.0NRT,310.93,17.25,D,VIIRS
48.49049,37.6107,332.61,0.56,0.52,2026-08-22,11:10:00,N,low,2.0NRT,305.03,2.56,D,VIIRS
48.507,37.91842,351.03,0.58,0.52,2026-08-22,11:10:00,N,nominal,2.0NRT,310.11,53.53,D,VIIRS
48.4624,37.19974,338.26,0.54,0.51,2026-08-22,11:10:00,N,nominal,2.0NRT,309.13,5.02,D,VIIRS
48.44986,37.06735,336.43,0.53,0.5,2026-08-22,11:10:00,N,nominal,2.0NRT,308.01,3.91,D,VIIRS
48.45117,37.08934,350.08,0.53,0.5,2026-08-22,11:10:00,N,nominal,2.0NRT,307.82,6.46,D,VIIRS
48.46113,37.25986,341.57,0.54,0.51,2026-08-22,11:10:00,N,nominal,2.0NRT,309.83,5.85,D,VIIRS
48.46157,37.26744,341.47,0.54,0.51,2026-08-22,11:10:00,N,nominal,2.0NRT,309.1,5.85,D,VIIRS
48.46808,37.38147,350.21,0.55,0.51,2026-08-22,11:10:00,N,nominal,2.0NRT,313.06,12.84,D,VIIRS
48.51588,37.76659,343.51,0.57,0.52,2026-08-22,11:10:00,N,nominal,2.0NRT,311.11,7.8,D,VIIRS
48.56133,38.5769,354.94,0.62,0.54,2026-08-22,11:10:00,N,nominal,2.0NRT,310.2,16.74,D,VIIRS
48.475,37.18442,344.6,0.54,0.51,2026-08-22,11:10:00,N,nominal,2.0NRT,315.17,61.63,D,VIIRS
48.51059,37.75948,346.72,0.57,0.52,2026-08-22,11:10:00,N,nominal,2.0NRT,310.22,7.8,D,VIIRS
48.55452,38.54363,355.93,0.62,0.54,2026-08-22,11:10:00,N,nominal,2.0NRT,312.77,34.39,D,VIIRS
48.55496,38.55197,345.8,0.62,0.54,2026-08-22,11:10:00,N,nominal,2.0NRT,309.9,10.4,D,VIIRS
48.54948,38.544,335.9,0.62,0.54,2026-08-22,11:10:00,N,low,2.0NRT,307.6,3.32,D,VIIRS
48.48401,37.47996,353.35,0.55,0.51,2026-08-22,11:10:00,N,nominal,2.0NRT,308.75,11.02,D,VIIRS
48.48448,37.48753,342.74,0.56,0.51,2026-08-22,11:10:00,N,nominal,2.0NRT,307.66,11.02,D,VIIRS
48.50965,37.91083,344.15,0.58,0.52,2026-08-22,11:10:00,N,nominal,2.0NRT,308.9,12.94,D,VIIRS
48.46181,37.20113,335.5,0.54,0.51,2026-08-22,11:10:00,N,nominal,2.0NRT,308.34,5.52,D,VIIRS
48.47971,37.48832,338.03,0.56,0.51,2026-08-22,11:10:00,N,low,2.0NRT,310.46,8.54,D,VIIRS
48.50478,37.91152,344.8,0.58,0.52,2026-08-22,11:10:00,N,nominal,2.0NRT,313.05,19.49,D,VIIRS
48.50524,37.91946,345.8,0.58,0.52,2026-08-22,11:10:00,N,nominal,2.0NRT,309.62,16.17,D,VIIRS
48.45002,37.09085,342.9,0.53,0.5,2026-08-22,11:10:00,N,nominal,2.0NRT,307.66,6.42,D,VIIRS
48.46085,37.26119,343.47,0.54,0.51,2026-08-22,11:10:00,N,nominal,2.0NRT,309.44,8.47,D,VIIRS
48.46133,37.26876,339.14,0.54,0.51,2026-08-22,11:10:00,N,nominal,2.0NRT,308.73,6.94,D,VIIRS
48.46841,37.38257,344.26,0.55,0.51,2026-08-22,11:10:00,N,nominal,2.0NRT,312.84,13.08,D,VIIRS
47.809,30.36412,336.64,0.43,0.38,2026-08-22,11:10:00,N,nominal,2.0NRT,311.24,1.57,D,VIIRS
48.42667,36.94799,337.97,0.52,0.5,2026-08-22,11:10:00,N,nominal,2.0NRT,307.23,6.23,D,VIIRS
48.44855,37.2933,342.31,0.54,0.51,2026-08-22,11:10:00,N,nominal,2.0NRT,311.41,15.34,D,VIIRS
48.45447,37.46874,337.86,0.55,0.51,2026-08-22,11:10:00,N,low,2.0NRT,311.03,6.99,D,VIIRS
48.4764,37.84358,343.65,0.58,0.52,2026-08-22,11:10:00,N,nominal,2.0NRT,312.32,15.79,D,VIIRS
48.4497,37.46933,335.25,0.55,0.51,2026-08-22,11:10:00,N,nominal,2.0NRT,308.41,3.53,D,VIIRS
48.4506,37.48446,337.09,0.55,0.51,2026-08-22,11:10:00,N,low,2.0NRT,307.5,3.68,D,VIIRS
48.36649,36.26241,337.07,0.49,0.48,2026-08-22,11:10:00,N,low,2.0NRT,308.34,4.39,D,VIIRS
48.4279,37.19048,334.44,0.54,0.51,2026-08-22,11:10:00,N,low,2.0NRT,307.72,3.29,D,VIIRS
48.44305,37.43871,335.3,0.55,0.51,2026-08-22,11:10:00,N,low,2.0NRT,309.06,4.23,D,VIIRS
48.46756,37.86035,339.99,0.58,0.52,2026-08-22,11:10:00,N,nominal,2.0NRT,309.45,3.52,D,VIIRS
48.45737,38.03213,341.6,0.59,0.53,2026-08-22,11:10:00,N,nominal,2.0NRT,310.06,7.18,D,VIIRS
48.45779,38.03999,343.7,0.59,0.53,2026-08-22,11:10:00,N,nominal,2.0NRT,309.55,7.83,D,VIIRS
48.45289,38.04061,341.75,0.59,0.53,2026-08-22,11:10:00,N,nominal,2.0NRT,310.33,9.47,D,VIIRS
48.4362,37.82409,341.78,0.58,0.52,2026-08-22,11:10:00,N,nominal,2.0NRT,310.33,4.82,D,VIIRS
48.39746,37.31609,343.16,0.54,0.51,2026-08-22,11:10:00,N,nominal,2.0NRT,309.81,7.39,D,VIIRS
48.42214,37.74633,335.49,0.57,0.52,2026-08-22,11:10:00,N,low,2.0NRT,307.91,4.18,D,VIIRS
48.42521,37.80187,333.98,0.57,0.52,2026-08-22,11:10:00,N,low,2.0NRT,308.66,3.96,D,VIIRS
48.36231,36.82011,339.22,0.52,0.5,2026-08-22,11:10:00,N,nominal,2.0NRT,305.55,3.36,D,VIIRS
48.39272,37.31667,335.04,0.54,0.51,2026-08-22,11:10:00,N,low,2.0NRT,309.27,1.69,D,VIIRS
48.40681,37.55972,352.26,0.56,0.51,2026-08-22,11:10:00,N,nominal,2.0NRT,309.87,10.47,D,VIIRS
48.40725,37.56737,339.2,0.56,0.51,2026-08-22,11:10:00,N,nominal,2.0NRT,309.02,7.74,D,VIIRS
48.41687,37.73903,342.67,0.57,0.52,2026-08-22,11:10:00,N,nominal,2.0NRT,310.69,18.87,D,VIIRS
48.4173,37.74684,347.85,0.57,0.52,2026-08-22,11:10:00,N,nominal,2.0NRT,315.87,18.87,D,VIIRS
48.3726,37.13852,350.16,0.53,0.5,2026-08-22,11:10:00,N,nominal,2.0NRT,312.36,12,D,VIIRS
48.37569,37.19001,342.37,0.54,0.51,2026-08-22,11:10:00,N,nominal,2.0NRT,309.51,4.57,D,VIIRS
48.39502,37.52193,341.05,0.56,0.51,2026-08-22,11:10:00,N,nominal,2.0NRT,309.75,9.67,D,VIIRS
48.39546,37.52974,346.44,0.56,0.51,2026-08-22,11:10:00,N,nominal,2.0NRT,312.64,9.67,D,VIIRS
48.35021,36.85017,337.56,0.52,0.5,2026-08-22,11:10:00,N,nominal,2.0NRT,310.88,5.39,D,VIIRS
48.36746,37.13176,356.64,0.53,0.5,2026-08-22,11:10:00,N,nominal,2.0NRT,310.08,12,D,VIIRS
48.40063,37.70893,341,0.57,0.52,2026-08-22,11:10:00,N,nominal,2.0NRT,308.19,33.38,D,VIIRS
48.40106,37.71684,355.94,0.57,0.52,2026-08-22,11:10:00,N,nominal,2.0NRT,317.76,33.38,D,VIIRS
48.39623,37.71737,343,0.57,0.52,2026-08-22,11:10:00,N,nominal,2.0NRT,311.01,13.99,D,VIIRS
48.39666,37.72532,344.9,0.57,0.52,2026-08-22,11:10:00,N,nominal,2.0NRT,310.93,13.73,D,VIIRS
48.37591,37.43937,339.3,0.55,0.51,2026-08-22,11:10:00,N,nominal,2.0NRT,308.28,5.5,D,VIIRS
48.37634,37.44694,340.94,0.55,0.51,2026-08-22,11:10:00,N,nominal,2.0NRT,306.8,6.2,D,VIIRS
48.37157,37.44751,341.51,0.55,0.51,2026-08-22,11:10:00,N,nominal,2.0NRT,307.94,5.41,D,VIIRS
48.38132,37.71136,346.12,0.57,0.52,2026-08-22,11:10:00,N,nominal,2.0NRT,308.5,9.02,D,VIIRS
48.35173,36.84929,339.64,0.52,0.5,2026-08-22,11:10:00,N,nominal,2.0NRT,309.81,6.19,D,VIIRS
48.37093,37.13781,343.75,0.53,0.5,2026-08-22,11:10:00,N,nominal,2.0NRT,308.95,13.99,D,VIIRS
48.37428,37.18922,342.79,0.54,0.51,2026-08-22,11:10:00,N,nominal,2.0NRT,310.44,5.34,D,VIIRS
48.39579,37.52833,354.82,0.56,0.51,2026-08-22,11:10:00,N,nominal,2.0NRT,314.41,17.67,D,VIIRS
47.63906,29.6802,347.88,0.41,0.37,2026-08-22,11:10:00,N,nominal,2.0NRT,310.9,9.07,D,VIIRS
48.36576,37.131,343.73,0.53,0.5,2026-08-22,11:10:00,N,nominal,2.0NRT,313.28,9.49,D,VIIRS
48.40236,37.71516,353.74,0.57,0.52,2026-08-22,11:10:00,N,nominal,2.0NRT,314.68,36.18,D,VIIRS
48.39752,37.71568,340.91,0.57,0.52,2026-08-22,11:10:00,N,low,2.0NRT,311.01,20,D,VIIRS
48.121339999999996,34.11168,352.77,0.39,0.44,2026-08-22,11:10:00,N,nominal,2.0NRT,314.46,8.51,D,VIIRS
48.37623,37.4457,343.35,0.55,0.51,2026-08-22,11:10:00,N,nominal,2.0NRT,308.47,12.83,D,VIIRS
48.11728,34.11245,339.43,0.39,0.44,2026-08-22,11:10:00,N,nominal,2.0NRT,310.64,1.98,D,VIIRS
48.37147,37.44627,346.38,0.55,0.51,2026-08-22,11:10:00,N,nominal,2.0NRT,308.91,9.16,D,VIIRS
48.27745,36.12071,349.02,0.48,0.48,2026-08-22,11:10:00,N,nominal,2.0NRT,311.25,5.9,D,VIIRS
48.27793,36.12725,344.19,0.48,0.48,2026-08-22,11:10:00,N,nominal,2.0NRT,312.94,8.32,D,VIIRS
48.38259,37.70967,344.11,0.57,0.52,2026-08-22,11:10:00,N,nominal,2.0NRT,310.07,8.43,D,VIIRS
48.29377,36.47728,334.6,0.5,0.49,2026-08-22,11:10:00,N,low,2.0NRT,307.13,3.19,D,VIIRS
48.28923,36.4779,350.12,0.5,0.49,2026-08-22,11:10:00,N,nominal,2.0NRT,311.57,7.68,D,VIIRS
48.33562,37.33047,305.53,0.54,0.51,2026-08-22,11:10:00,N,low,2.0NRT,315.54,77.91,D,VIIRS
48.30965,36.91994,346.5,0.52,0.5,2026-08-22,11:10:00,N,nominal,2.0NRT,307.66,6.48,D,VIIRS
48.33607,37.33791,344.62,0.55,0.51,2026-08-22,11:10:00,N,nominal,2.0NRT,310.83,75.6,D,VIIRS
48.36885,37.89361,354.9,0.58,0.52,2026-08-22,11:10:00,N,nominal,2.0NRT,310.13,14.05,D,VIIRS
48.03503,33.57557,345.84,0.56,0.43,2026-08-22,11:10:00,N,nominal,2.0NRT,314.49,18.92,D,VIIRS
48.30772,37.0359,341.37,0.53,0.5,2026-08-22,11:10:00,N,nominal,2.0NRT,310.72,2.85,D,VIIRS
48.30706,37.17582,332.09,0.54,0.51,2026-08-22,11:10:00,N,low,2.0NRT,306.49,1.88,D,VIIRS
48.06559,34.04174,352.1,0.39,0.44,2026-08-22,11:10:00,N,nominal,2.0NRT,308.81,14.74,D,VIIRS
48.06155,34.0425,347.1,0.39,0.44,2026-08-22,11:10:00,N,nominal,2.0NRT,317.51,11.06,D,VIIRS
48.30038,37.22139,335.06,0.54,0.51,2026-08-22,11:10:00,N,low,2.0NRT,308.23,4.02,D,VIIRS
48.38574,38.79668,352.46,0.32,0.54,2026-08-22,11:10:00,N,nominal,2.0NRT,306.92,5.97,D,VIIRS
48.38594,38.80091,356.16,0.32,0.54,2026-08-22,11:10:00,N,nominal,2.0NRT,308.52,7.36,D,VIIRS
48.38084,38.80126,343.45,0.32,0.54,2026-08-22,11:10:00,N,nominal,2.0NRT,311.48,7.36,D,VIIRS
48.37637,38.81459,339.47,0.32,0.54,2026-08-22,11:10:00,N,low,2.0NRT,311.3,3.98,D,VIIRS
48.28088,37.1349,341.12,0.53,0.5,2026-08-22,11:10:00,N,low,2.0NRT,311.87,5.06,D,VIIRS
48.0971,34.64838,341.31,0.41,0.45,2026-08-22,11:10:00,N,nominal,2.0NRT,308.51,3.55,D,VIIRS
48.27084,37.04831,336.39,0.53,0.5,2026-08-22,11:10:00,N,low,2.0NRT,309.89,3.35,D,VIIRS
48.29877,37.77501,344.43,0.57,0.52,2026-08-22,11:10:00,N,nominal,2.0NRT,310.68,12.57,D,VIIRS
48.28909,37.77597,345.39,0.57,0.52,2026-08-22,11:10:00,N,nominal,2.0NRT,309.03,6.79,D,VIIRS
48.28951,37.78376,340.09,0.57,0.52,2026-08-22,11:10:00,N,low,2.0NRT,310.32,6.79,D,VIIRS
47.70072,30.90602,339.41,0.45,0.39,2026-08-22,11:10:00,N,low,2.0NRT,314.23,4.16,D,VIIRS
47.70142,30.91199,338.91,0.45,0.39,2026-08-22,11:10:00,N,low,2.0NRT,313.79,7.11,D,VIIRS
48.28424,37.77644,339.98,0.57,0.52,2026-08-22,11:10:00,N,low,2.0NRT,310.08,11.23,D,VIIRS
48.28636,37.81581,354.2,0.57,0.52,2026-08-22,11:10:00,N,nominal,2.0NRT,314.45,39.04,D,VIIRS
48.2868,37.82398,343.42,0.57,0.52,2026-08-22,11:10:00,N,nominal,2.0NRT,307.64,18.8,D,VIIRS
47.69717,30.90692,343.49,0.45,0.39,2026-08-22,11:10:00,N,low,2.0NRT,314.44,4.16,D,VIIRS
48.2794,37.77689,349.92,0.57,0.52,2026-08-22,11:10:00,N,nominal,2.0NRT,312.97,11.23,D,VIIRS
48.28066,37.8004,336.03,0.57,0.52,2026-08-22,11:10:00,N,low,2.0NRT,306.67,8.25,D,VIIRS
48.28194,37.82446,352.24,0.57,0.52,2026-08-22,11:10:00,N,nominal,2.0NRT,311.83,18.8,D,VIIRS
48.28151,37.81637,367,0.57,0.52,2026-08-22,11:10:00,N,high,2.0NRT,313.26,39.04,D,VIIRS
47.69588,30.90936,352.46,0.44,0.39,2026-08-22,11:10:00,N,nominal,2.0NRT,314.11,6.02,D,VIIRS
48.26857,37.18221,333.19,0.54,0.5,2026-08-22,11:10:00,N,nominal,2.0NRT,307.87,2.31,D,VIIRS
48.30092,37.77552,342.63,0.57,0.52,2026-08-22,11:10:00,N,nominal,2.0NRT,308.59,11.19,D,VIIRS
48.29608,37.77599,346.94,0.57,0.52,2026-08-22,11:10:00,N,nominal,2.0NRT,310.65,4.65,D,VIIRS
48.29123,37.77647,339.85,0.57,0.52,2026-08-22,11:10:00,N,nominal,2.0NRT,309.51,4.65,D,VIIRS
48.2864,37.77693,341.58,0.57,0.52,2026-08-22,11:10:00,N,nominal,2.0NRT,309.95,7.65,D,VIIRS
48.28685,37.78474,344.34,0.57,0.52,2026-08-22,11:10:00,N,nominal,2.0NRT,311.67,14.66,D,VIIRS
48.28871,37.81619,355.78,0.57,0.52,2026-08-22,11:10:00,N,nominal,2.0NRT,306.75,33.43,D,VIIRS
48.28155,37.77738,352.74,0.57,0.52,2026-08-22,11:10:00,N,nominal,2.0NRT,311.8,7.65,D,VIIRS
48.28387,37.81678,350.68,0.57,0.52,2026-08-22,11:10:00,N,nominal,2.0NRT,319.98,33.43,D,VIIRS
48.28434,37.82492,350.45,0.57,0.52,2026-08-22,11:10:00,N,nominal,2.0NRT,310.5,33.43,D,VIIRS
48.27671,37.77784,353.8,0.57,0.52,2026-08-22,11:10:00,N,nominal,2.0NRT,311.38,9.96,D,VIIRS
48.27809,37.80136,356.04,0.57,0.52,2026-08-22,11:10:00,N,nominal,2.0NRT,309.86,16.67,D,VIIRS
48.27903,37.81735,334.48,0.57,0.52,2026-08-22,11:10:00,N,low,2.0NRT,308.16,5.64,D,VIIRS
48.22774,37.13618,335.26,0.53,0.5,2026-08-22,11:10:00,N,low,2.0NRT,309.17,8.62,D,VIIRS
48.30249,38.51306,340.69,0.62,0.54,2026-08-22,11:10:00,N,nominal,2.0NRT,309.64,6.22,D,VIIRS
48.20958,37.00035,345.27,0.52,0.5,2026-08-22,11:10:00,N,nominal,2.0NRT,312.47,7.49,D,VIIRS
48.2049,37.07394,344.74,0.53,0.5,2026-08-22,11:10:00,N,nominal,2.0NRT,306.48,7.37,D,VIIRS
48.17846,36.95393,338.32,0.52,0.5,2026-08-22,11:10:00,N,low,2.0NRT,308.89,4.86,D,VIIRS
48.18873,37.19312,343.58,0.54,0.5,2026-08-22,11:10:00,N,nominal,2.0NRT,311.98,10.93,D,VIIRS
48.20444,37.45362,350.21,0.55,0.51,2026-08-22,11:10:00,N,nominal,2.0NRT,308.24,15.13,D,VIIRS
47.82296,32.73822,345.81,0.51,0.41,2026-08-22,11:10:00,N,nominal,2.0NRT,310.36,11.09,D,VIIRS
48.18404,37.19388,340.12,0.54,0.5,2026-08-22,11:10:00,N,nominal,2.0NRT,309.85,2.84,D,VIIRS
47.81915,32.73907,344.25,0.51,0.41,2026-08-22,11:10:00,N,nominal,2.0NRT,317.28,11.09,D,VIIRS
47.81985,32.74599,343.41,0.51,0.41,2026-08-22,11:10:00,N,nominal,2.0NRT,312.92,11.09,D,VIIRS
48.16497,36.96287,367,0.52,0.5,2026-08-22,11:10:00,N,high,2.0NRT,310.13,11.6,D,VIIRS
48.1557,36.96434,340.4,0.52,0.5,2026-08-22,11:10:00,N,nominal,2.0NRT,306.54,3.39,D,VIIRS
47.89108,33.60576,341.38,0.56,0.43,2026-08-22,11:10:00,N,low,2.0NRT,312.79,4.28,D,VIIRS
48.15105,36.96496,335.11,0.52,0.5,2026-08-22,11:10:00,N,low,2.0NRT,309.76,3.69,D,VIIRS
48.17229,37.31405,346.27,0.54,0.51,2026-08-22,11:10:00,N,nominal,2.0NRT,312.49,8.51,D,VIIRS
47.88713,33.60659,338.63,0.56,0.43,2026-08-22,11:10:00,N,nominal,2.0NRT,310.22,4.28,D,VIIRS
48.1495,37.01549,346.96,0.53,0.5,2026-08-22,11:10:00,N,nominal,2.0NRT,310.13,9.74,D,VIIRS
48.17151,37.38173,367,0.55,0.51,2026-08-22,11:10:00,N,high,2.0NRT,316.12,59.19,D,VIIRS
48.16634,37.3749,338.9,0.55,0.51,2026-08-22,11:10:00,N,nominal,2.0NRT,310.13,9.75,D,VIIRS
48.16677,37.38235,344.59,0.55,0.51,2026-08-22,11:10:00,N,nominal,2.0NRT,313.72,9.59,D,VIIRS
48.16721,37.38982,337.19,0.55,0.51,2026-08-22,11:10:00,N,nominal,2.0NRT,308.84,9.59,D,VIIRS
47.97298,34.68494,353.55,0.41,0.45,2026-08-22,11:10:00,N,nominal,2.0NRT,309.03,6.23,D,VIIRS
47.78872,32.74589,339.59,0.51,0.41,2026-08-22,11:10:00,N,low,2.0NRT,311.06,3.12,D,VIIRS
47.78668,32.74723,343.09,0.51,0.41,2026-08-22,11:10:00,N,low,2.0NRT,313.34,8.37,D,VIIRS
47.97221,34.6874,342.58,0.41,0.45,2026-08-22,11:10:00,N,nominal,2.0NRT,310.36,5.56,D,VIIRS
48.17144,37.31473,346.22,0.54,0.51,2026-08-22,11:10:00,N,nominal,2.0NRT,312.78,7.46,D,VIIRS
48.14714,37.01665,344.48,0.52,0.5,2026-08-22,11:10:00,N,nominal,2.0NRT,310.62,13.71,D,VIIRS
48.17099,37.38229,367,0.55,0.51,2026-08-22,11:10:00,N,high,2.0NRT,316.25,100.86,D,VIIRS
48.16578,37.37545,341.31,0.55,0.51,2026-08-22,11:10:00,N,nominal,2.0NRT,310.26,10.28,D,VIIRS
48.16626,37.3829,344.74,0.55,0.51,2026-08-22,11:10:00,N,nominal,2.0NRT,313.26,10.28,D,VIIRS
48.145,37.34855,346.5,0.54,0.51,2026-08-22,11:10:00,N,nominal,2.0NRT,312.11,9.46,D,VIIRS
48.04182,35.91953,337.35,0.47,0.48,2026-08-22,11:10:00,N,low,2.0NRT,310.62,3.19,D,VIIRS
48.11876,37.0859,336.93,0.53,0.5,2026-08-22,11:10:00,N,low,2.0NRT,308.2,5.45,D,VIIRS
48.14294,37.46939,339.32,0.55,0.51,2026-08-22,11:10:00,N,nominal,2.0NRT,306.17,12.79,D,VIIRS
48.03637,35.96616,337.05,0.47,0.48,2026-08-22,11:10:00,N,low,2.0NRT,307.66,5.94,D,VIIRS
48.0954,36.80214,340.01,0.51,0.5,2026-08-22,11:10:00,N,nominal,2.0NRT,308.5,5.64,D,VIIRS
48.11363,37.07927,341.37,0.53,0.5,2026-08-22,11:10:00,N,nominal,2.0NRT,310.13,5.41,D,VIIRS
48.11409,37.08648,343.18,0.53,0.5,2026-08-22,11:10:00,N,low,2.0NRT,314.35,5.45,D,VIIRS
48.11456,37.0937,348.52,0.53,0.5,2026-08-22,11:10:00,N,nominal,2.0NRT,312.42,5.45,D,VIIRS
48.07111,36.51327,340.9,0.5,0.49,2026-08-22,11:10:00,N,nominal,2.0NRT,310.75,5.63,D,VIIRS
48.10895,37.07981,339.94,0.53,0.5,2026-08-22,11:10:00,N,low,2.0NRT,311.91,4.14,D,VIIRS
48.07596,36.65106,334.18,0.5,0.49,2026-08-22,11:10:00,N,low,2.0NRT,307.7,3.1,D,VIIRS
48.07642,36.65797,334.15,0.5,0.49,2026-08-22,11:10:00,N,nominal,2.0NRT,308.65,3.1,D,VIIRS
48.08717,36.88868,344.59,0.52,0.5,2026-08-22,11:10:00,N,nominal,2.0NRT,310.46,3.94,D,VIIRS
48.04391,36.31982,342.71,0.49,0.48,2026-08-22,11:10:00,N,nominal,2.0NRT,310.46,12.27,D,VIIRS
48.0701,36.77084,341.96,0.51,0.49,2026-08-22,11:10:00,N,nominal,2.0NRT,314.08,5.96,D,VIIRS
48.04755,36.57169,347.19,0.5,0.49,2026-08-22,11:10:00,N,nominal,2.0NRT,305.76,7.05,D,VIIRS
47.71028,32.7996,342.96,0.52,0.41,2026-08-22,11:10:00,N,nominal,2.0NRT,315.8,6.6,D,VIIRS
47.71097,32.8065,349.81,0.52,0.41,2026-08-22,11:10:00,N,nominal,2.0NRT,317.16,6.6,D,VIIRS
47.70716,32.80736,345.39,0.52,0.41,2026-08-22,11:10:00,N,low,2.0NRT,315.52,5.15,D,VIIRS
47.99627,36.28755,335.25,0.49,0.48,2026-08-22,11:10:00,N,low,2.0NRT,305.26,2.95,D,VIIRS
47.99672,36.2941,345.75,0.49,0.48,2026-08-22,11:10:00,N,nominal,2.0NRT,308.87,6.46,D,VIIRS
47.99358,36.38176,348.02,0.49,0.49,2026-08-22,11:10:00,N,nominal,2.0NRT,312.47,7.81,D,VIIRS
48.07415,37.69339,337.3,0.56,0.52,2026-08-22,11:10:00,N,low,2.0NRT,309.12,5.48,D,VIIRS
47.97654,36.1979,339.69,0.48,0.48,2026-08-22,11:10:00,N,nominal,2.0NRT,309.95,3.06,D,VIIRS
48.0176,36.82079,340.36,0.51,0.5,2026-08-22,11:10:00,N,low,2.0NRT,310.71,4.33,D,VIIRS
48.00013,36.61984,342.89,0.5,0.49,2026-08-22,11:10:00,N,nominal,2.0NRT,312.7,7.78,D,VIIRS
48.01033,36.77919,349.29,0.51,0.49,2026-08-22,11:10:00,N,nominal,2.0NRT,308.96,8.3,D,VIIRS
47.95677,35.78223,341.49,0.46,0.47,2026-08-22,11:10:00,N,low,2.0NRT,313.75,3.26,D,VIIRS
47.99529,36.28981,344.35,0.48,0.48,2026-08-22,11:10:00,N,nominal,2.0NRT,308.27,6.12,D,VIIRS
47.99577,36.29634,340.87,0.49,0.48,2026-08-22,11:10:00,N,nominal,2.0NRT,310.25,6.12,D,VIIRS
47.99306,36.38382,336.99,0.49,0.49,2026-08-22,11:10:00,N,low,2.0NRT,309.67,3.45,D,VIIRS
47.97509,36.2002,339.07,0.48,0.48,2026-08-22,11:10:00,N,nominal,2.0NRT,309.69,4.76,D,VIIRS
48.01887,36.81532,340.39,0.51,0.5,2026-08-22,11:10:00,N,nominal,2.0NRT,308.12,2.88,D,VIIRS
48.00084,36.62164,349.79,0.5,0.49,2026-08-22,11:10:00,N,nominal,2.0NRT,312.78,6.91,D,VIIRS
48.07093,37.69495,336.09,0.56,0.52,2026-08-22,11:10:00,N,low,2.0NRT,310.72,5.27,D,VIIRS
48.00726,36.78138,355.36,0.51,0.49,2026-08-22,11:10:00,N,nominal,2.0NRT,319.23,54.23,D,VIIRS
47.73943,33.57717,337.81,0.55,0.43,2026-08-22,11:10:00,N,low,2.0NRT,309.43,2.28,D,VIIRS
47.96361,36.22844,350.31,0.48,0.48,2026-08-22,11:10:00,N,nominal,2.0NRT,308.75,6.75,D,VIIRS
48.00266,36.78196,342.93,0.51,0.49,2026-08-22,11:10:00,N,nominal,2.0NRT,310.72,5.91,D,VIIRS
47.67711,32.98607,335.22,0.52,0.42,2026-08-22,11:10:00,N,low,2.0NRT,309.86,2.7,D,VIIRS
47.95913,36.22911,341.83,0.48,0.48,2026-08-22,11:10:00,N,low,2.0NRT,312.29,6.75,D,VIIRS
47.8482,34.8732,367,0.42,0.45,2026-08-22,11:10:00,N,high,2.0NRT,315.04,10.23,D,VIIRS
47.96295,36.60639,334.68,0.5,0.49,2026-08-22,11:10:00,N,low,2.0NRT,308.66,2.65,D,VIIRS
47.98708,37.11338,338.84,0.53,0.5,2026-08-22,11:10:00,N,low,2.0NRT,308.91,9.9,D,VIIRS
47.95159,36.64254,345.76,0.5,0.49,2026-08-22,11:10:00,N,nominal,2.0NRT,310.2,4.92,D,VIIRS
47.99065,37.40067,350.37,0.54,0.51,2026-08-22,11:10:00,N,nominal,2.0NRT,309.54,5.75,D,VIIRS
47.99557,37.48273,345.86,0.55,0.51,2026-08-22,11:10:00,N,nominal,2.0NRT,315.13,10.55,D,VIIRS
47.94841,36.80353,348.4,0.51,0.49,2026-08-22,11:10:00,N,nominal,2.0NRT,310.57,8.96,D,VIIRS
47.89621,36.10663,352.42,0.47,0.48,2026-08-22,11:10:00,N,nominal,2.0NRT,311.28,10.66,D,VIIRS
47.9599,37.28522,343.07,0.54,0.51,2026-08-22,11:10:00,N,nominal,2.0NRT,310.15,11.83,D,VIIRS
47.96035,37.29264,333.24,0.54,0.51,2026-08-22,11:10:00,N,low,2.0NRT,308.03,7.46,D,VIIRS
47.87934,36.12228,346.07,0.48,0.48,2026-08-22,11:10:00,N,nominal,2.0NRT,306.12,5.39,D,VIIRS
47.95563,37.29324,345.98,0.54,0.51,2026-08-22,11:10:00,N,nominal,2.0NRT,309.17,7.46,D,VIIRS
47.84214,35.66911,339.78,0.45,0.47,2026-08-22,11:10:00,N,low,2.0NRT,312.25,14.67,D,VIIRS
47.84259,35.67523,342.31,0.45,0.47,2026-08-22,11:10:00,N,nominal,2.0NRT,309.47,14.67,D,VIIRS
47.950920000000004,37.29385,344.1,0.54,0.51,2026-08-22,11:10:00,N,nominal,2.0NRT,309.65,7.03,D,VIIRS
47.83779,35.66978,343.28,0.45,0.47,2026-08-22,11:10:00,N,nominal,2.0NRT,311.02,14.67,D,VIIRS
47.83824,35.6759,354.96,0.45,0.47,2026-08-22,11:10:00,N,nominal,2.0NRT,317.59,14.67,D,VIIRS
47.87548,36.19589,335.25,0.48,0.48,2026-08-22,11:10:00,N,nominal,2.0NRT,307.89,2.26,D,VIIRS
47.83298,35.66436,346.66,0.45,0.47,2026-08-22,11:10:00,N,nominal,2.0NRT,320.08,46.57,D,VIIRS
47.83344,35.67049,352.86,0.45,0.47,2026-08-22,11:10:00,N,nominal,2.0NRT,315.66,11.65,D,VIIRS
47.83434,35.68277,339.24,0.45,0.47,2026-08-22,11:10:00,N,low,2.0NRT,311.36,5.59,D,VIIRS
47.80465,35.34562,344.32,0.44,0.46,2026-08-22,11:10:00,N,nominal,2.0NRT,310.07,4.08,D,VIIRS
47.82909,35.67123,339.84,0.45,0.47,2026-08-22,11:10:00,N,low,2.0NRT,312.23,11.65,D,VIIRS
47.82954,35.67736,355.86,0.45,0.47,2026-08-22,11:10:00,N,nominal,2.0NRT,316.15,11.65,D,VIIRS
47.82999,35.68352,344.23,0.45,0.47,2026-08-22,11:10:00,N,nominal,2.0NRT,313.6,5.59,D,VIIRS
47.84169,35.66928,340.77,0.45,0.47,2026-08-22,11:10:00,N,nominal,2.0NRT,312.26,7.29,D,VIIRS
47.84217,35.6754,343.26,0.45,0.47,2026-08-22,11:10:00,N,nominal,2.0NRT,311.45,25.84,D,VIIRS
47.87679,36.12244,343.81,0.48,0.48,2026-08-22,11:10:00,N,nominal,2.0NRT,307.46,3.32,D,VIIRS
47.95863,37.28406,341.13,0.54,0.51,2026-08-22,11:10:00,N,nominal,2.0NRT,307.44,9.23,D,VIIRS
47.95911,37.29147,342.84,0.54,0.51,2026-08-22,11:10:00,N,nominal,2.0NRT,310.4,9.23,D,VIIRS
47.83686,35.66382,351.76,0.45,0.47,2026-08-22,11:10:00,N,nominal,2.0NRT,309.26,7.29,D,VIIRS
47.83734,35.66994,343.89,0.45,0.47,2026-08-22,11:10:00,N,nominal,2.0NRT,310.96,7.29,D,VIIRS
47.83783,35.67607,356.28,0.45,0.47,2026-08-22,11:10:00,N,nominal,2.0NRT,318.54,25.84,D,VIIRS
47.95441,37.29205,346.59,0.54,0.51,2026-08-22,11:10:00,N,nominal,2.0NRT,311.76,9.23,D,VIIRS
47.83251,35.66453,350.79,0.45,0.47,2026-08-22,11:10:00,N,nominal,2.0NRT,319.96,28.86,D,VIIRS
47.83299,35.67065,355.05,0.45,0.47,2026-08-22,11:10:00,N,nominal,2.0NRT,316.04,28.86,D,VIIRS
47.83396,35.68292,341.05,0.45,0.47,2026-08-22,11:10:00,N,low,2.0NRT,312.01,8.34,D,VIIRS
47.80258,35.34634,338.93,0.44,0.46,2026-08-22,11:10:00,N,low,2.0NRT,311.23,2.67,D,VIIRS
47.82913,35.67751,353.24,0.45,0.47,2026-08-22,11:10:00,N,nominal,2.0NRT,315.39,8.34,D,VIIRS
47.82961,35.68367,343.78,0.45,0.47,2026-08-22,11:10:00,N,nominal,2.0NRT,313.59,8.34,D,VIIRS
47.73982,34.75143,340.92,0.41,0.45,2026-08-22,11:10:00,N,low,2.0NRT,313.06,3.69,D,VIIRS
47.7403,34.75698,352.73,0.41,0.45,2026-08-22,11:10:00,N,nominal,2.0NRT,321.12,15.91,D,VIIRS
47.88641,36.63076,344.3,0.5,0.49,2026-08-22,11:10:00,N,nominal,2.0NRT,312.53,4.9,D,VIIRS
47.73614,34.75776,337.3,0.41,0.45,2026-08-22,11:10:00,N,low,2.0NRT,308.95,15.91,D,VIIRS
47.73661,34.76331,340.66,0.41,0.45,2026-08-22,11:10:00,N,nominal,2.0NRT,309.68,15.91,D,VIIRS
47.87423,36.52262,337.86,0.5,0.49,2026-08-22,11:10:00,N,nominal,2.0NRT,309.38,2.61,D,VIIRS
47.88864,36.79721,347.42,0.51,0.49,2026-08-22,11:10:00,N,nominal,2.0NRT,313.99,13.85,D,VIIRS
47.82824,36.01341,343.43,0.47,0.48,2026-08-22,11:10:00,N,nominal,2.0NRT,308.92,4.62,D,VIIRS
47.87838,36.71463,341.15,0.51,0.49,2026-08-22,11:10:00,N,low,2.0NRT,312.4,3.06,D,VIIRS
47.88309,36.78384,337.77,0.51,0.49,2026-08-22,11:10:00,N,low,2.0NRT,312.22,3.38,D,VIIRS
47.8892,36.87442,357.3,0.51,0.5,2026-08-22,11:10:00,N,nominal,2.0NRT,314.97,18.11,D,VIIRS
47.8906,36.89533,340.16,0.52,0.5,2026-08-22,11:10:00,N,low,2.0NRT,314.84,6.63,D,VIIRS
47.87381,36.71532,350,0.51,0.49,2026-08-22,11:10:00,N,nominal,2.0NRT,314.66,4.54,D,VIIRS
47.88459,36.87513,348.53,0.51,0.5,2026-08-22,11:10:00,N,nominal,2.0NRT,312.64,5.95,D,VIIRS
47.87215,36.82803,344.93,0.51,0.49,2026-08-22,11:10:00,N,nominal,2.0NRT,310.51,8.09,D,VIIRS
47.91316,37.46898,343.79,0.55,0.51,2026-08-22,11:10:00,N,nominal,2.0NRT,311.31,3.92,D,VIIRS
47.84472,36.49321,336.57,0.49,0.49,2026-08-22,11:10:00,N,low,2.0NRT,310.95,2.65,D,VIIRS
47.86249,36.82236,338.79,0.51,0.49,2026-08-22,11:10:00,N,nominal,2.0NRT,309.73,3.29,D,VIIRS
47.88224,37.12576,344.15,0.53,0.5,2026-08-22,11:10:00,N,nominal,2.0NRT,312.04,18.97,D,VIIRS
47.8827,37.133,344.43,0.53,0.5,2026-08-22,11:10:00,N,nominal,2.0NRT,310.77,16.26,D,VIIRS
47.88361,37.1474,345.01,0.53,0.5,2026-08-22,11:10:00,N,low,2.0NRT,315.97,11.48,D,VIIRS
47.88407,37.15461,344.01,0.53,0.5,2026-08-22,11:10:00,N,low,2.0NRT,314.6,11.48,D,VIIRS
47.85789,36.823,340.31,0.51,0.49,2026-08-22,11:10:00,N,nominal,2.0NRT,311.11,3.29,D,VIIRS
47.87711,37.11912,339.89,0.53,0.5,2026-08-22,11:10:00,N,nominal,2.0NRT,309.92,18.97,D,VIIRS
47.87756,37.12634,353.66,0.53,0.5,2026-08-22,11:10:00,N,nominal,2.0NRT,317.55,18.97,D,VIIRS
47.87803,37.13358,367,0.53,0.5,2026-08-22,11:10:00,N,high,2.0NRT,314.06,16.26,D,VIIRS
47.87289,37.12691,342.54,0.53,0.5,2026-08-22,11:10:00,N,nominal,2.0NRT,311.62,7.63,D,VIIRS
47.87335,37.13415,367,0.53,0.5,2026-08-22,11:10:00,N,high,2.0NRT,314.56,11.47,D,VIIRS
47.86914,37.14195,350.96,0.53,0.5,2026-08-22,11:10:00,N,nominal,2.0NRT,313.92,11.47,D,VIIRS
47.79816,36.1543,344.58,0.48,0.48,2026-08-22,11:10:00,N,nominal,2.0NRT,308.79,6.16,D,VIIRS
47.72023,35.18265,342.83,0.43,0.46,2026-08-22,11:10:00,N,nominal,2.0NRT,312.73,61.51,D,VIIRS
47.71413,35.1601,346.16,0.43,0.46,2026-08-22,11:10:00,N,nominal,2.0NRT,310.54,33.34,D,VIIRS
47.76765,35.85699,335.42,0.46,0.47,2026-08-22,11:10:00,N,nominal,2.0NRT,308.1,2.42,D,VIIRS
47.71447,35.21845,349.49,0.43,0.46,2026-08-22,11:10:00,N,nominal,2.0NRT,312.55,6.37,D,VIIRS
47.7935,36.28001,333.27,0.48,0.48,2026-08-22,11:10:00,N,nominal,2.0NRT,306.69,2.32,D,VIIRS
47.79441,36.29307,333.9,0.48,0.48,2026-08-22,11:10:00,N,nominal,2.0NRT,308.08,3.93,D,VIIRS
47.79947,36.36604,332.54,0.49,0.48,2026-08-22,11:10:00,N,nominal,2.0NRT,306.65,2.03,D,VIIRS
47.81668,36.61982,349.59,0.5,0.49,2026-08-22,11:10:00,N,nominal,2.0NRT,312.32,11.88,D,VIIRS
47.78053,36.28867,331.43,0.48,0.48,2026-08-22,11:10:00,N,low,2.0NRT,306.03,3.79,D,VIIRS
47.80482,36.64908,346.27,0.5,0.49,2026-08-22,11:10:00,N,nominal,2.0NRT,311.76,8.53,D,VIIRS
47.80527,36.6559,354.32,0.5,0.49,2026-08-22,11:10:00,N,nominal,2.0NRT,312.25,8.53,D,VIIRS
47.83334,37.09598,344.42,0.53,0.5,2026-08-22,11:10:00,N,nominal,2.0NRT,310.46,8.92,D,VIIRS
47.64756,34.60665,353.33,0.41,0.45,2026-08-22,11:10:00,N,nominal,2.0NRT,312.58,6.71,D,VIIRS
47.64802,34.6121,333.54,0.41,0.45,2026-08-22,11:10:00,N,low,2.0NRT,306.87,6.71,D,VIIRS
47.64848,34.61754,334.93,0.41,0.45,2026-08-22,11:10:00,N,low,2.0NRT,305.91,2.09,D,VIIRS
47.79222,36.52807,343.23,0.5,0.49,2026-08-22,11:10:00,N,nominal,2.0NRT,311.6,15.18,D,VIIRS
47.80027,36.6497,347.01,0.5,0.49,2026-08-22,11:10:00,N,nominal,2.0NRT,314.89,8.53,D,VIIRS
47.80071,36.65651,344.92,0.5,0.49,2026-08-22,11:10:00,N,nominal,2.0NRT,314.2,8.53,D,VIIRS
47.82736,37.07512,344.07,0.52,0.5,2026-08-22,11:10:00,N,nominal,2.0NRT,312.01,7.44,D,VIIRS
47.8278,37.08222,355.68,0.53,0.5,2026-08-22,11:10:00,N,nominal,2.0NRT,314.05,27.11,D,VIIRS
47.64435,34.61829,348.09,0.41,0.45,2026-08-22,11:10:00,N,nominal,2.0NRT,308.29,3.9,D,VIIRS
47.82402,37.09718,347.22,0.53,0.5,2026-08-22,11:10:00,N,nominal,2.0NRT,315.6,23.58,D,VIIRS
47.84456,37.44048,355.87,0.55,0.51,2026-08-22,11:10:00,N,nominal,2.0NRT,308.47,17.06,D,VIIRS
47.82358,37.09,367,0.53,0.5,2026-08-22,11:10:00,N,high,2.0NRT,315.42,79.48,D,VIIRS
47.84412,37.43301,367,0.55,0.51,2026-08-22,11:10:00,N,high,2.0NRT,312.65,17.06,D,VIIRS
47.63976,34.61362,352.85,0.41,0.45,2026-08-22,11:10:00,N,nominal,2.0NRT,310.87,11.15,D,VIIRS
47.64021,34.619,334.58,0.41,0.45,2026-08-22,11:10:00,N,low,2.0NRT,307.83,3.9,D,VIIRS
47.81936,37.09786,356.08,0.53,0.5,2026-08-22,11:10:00,N,nominal,2.0NRT,319.38,23.58,D,VIIRS
47.83939,37.43365,354.52,0.55,0.51,2026-08-22,11:10:00,N,nominal,2.0NRT,312.35,17.06,D,VIIRS
47.83982,37.44106,343.1,0.55,0.51,2026-08-22,11:10:00,N,nominal,2.0NRT,311.73,17.06,D,VIIRS
47.84025,37.44849,341.92,0.55,0.51,2026-08-22,11:10:00,N,nominal,2.0NRT,310.14,11.95,D,VIIRS
47.86251,37.84412,340.44,0.57,0.52,2026-08-22,11:10:00,N,nominal,2.0NRT,308.51,4.71,D,VIIRS
47.4059,32.21947,342.67,0.49,0.4,2026-08-22,11:10:00,N,low,2.0NRT,314.71,8.17,D,VIIRS
47.64656,34.60983,342.89,0.41,0.45,2026-08-22,11:10:00,N,nominal,2.0NRT,311.41,5.14,D,VIIRS
47.64704,34.61528,350.6,0.41,0.45,2026-08-22,11:10:00,N,nominal,2.0NRT,308.5,6.57,D,VIIRS
47.64243,34.6106,344.35,0.41,0.45,2026-08-22,11:10:00,N,nominal,2.0NRT,312.08,5.14,D,VIIRS
47.64291,34.61601,342.63,0.41,0.45,2026-08-22,11:10:00,N,nominal,2.0NRT,311.99,6.57,D,VIIRS
47.77929,36.29097,334.87,0.48,0.48,2026-08-22,11:10:00,N,nominal,2.0NRT,306.75,2.21,D,VIIRS
47.80543,36.65088,353.94,0.5,0.49,2026-08-22,11:10:00,N,nominal,2.0NRT,311.94,6.01,D,VIIRS
47.80591,36.6577,348.19,0.5,0.49,2026-08-22,11:10:00,N,nominal,2.0NRT,310.9,6.66,D,VIIRS
47.63878,34.61672,346.77,0.41,0.45,2026-08-22,11:10:00,N,nominal,2.0NRT,309.24,4.04,D,VIIRS
47.79171,36.52331,350.39,0.49,0.49,2026-08-22,11:10:00,N,nominal,2.0NRT,316.94,24.73,D,VIIRS
47.80135,36.65829,354.57,0.5,0.49,2026-08-22,11:10:00,N,nominal,2.0NRT,314.48,9,D,VIIRS
47.83018,37.07635,346.68,0.52,0.5,2026-08-22,11:10:00,N,nominal,2.0NRT,311.4,15.27,D,VIIRS
47.83065,37.08347,341.36,0.52,0.5,2026-08-22,11:10:00,N,nominal,2.0NRT,311.27,15.27,D,VIIRS
47.83162,37.09779,339.33,0.53,0.5,2026-08-22,11:10:00,N,low,2.0NRT,312.21,25.61,D,VIIRS
47.80087,36.65149,367,0.5,0.49,2026-08-22,11:10:00,N,high,2.0NRT,315.92,12.02,D,VIIRS
47.82552,37.07695,342.07,0.52,0.5,2026-08-22,11:10:00,N,nominal,2.0NRT,310.06,15.27,D,VIIRS
47.826,37.08406,356.32,0.52,0.5,2026-08-22,11:10:00,N,nominal,2.0NRT,319.17,15.27,D,VIIRS
47.82135,37.08471,342.39,0.52,0.5,2026-08-22,11:10:00,N,nominal,2.0NRT,312,9.68,D,VIIRS
47.84364,37.42693,342.02,0.54,0.51,2026-08-22,11:10:00,N,nominal,2.0NRT,308.1,15.24,D,VIIRS
47.84459,37.4418,356.66,0.55,0.51,2026-08-22,11:10:00,N,nominal,2.0NRT,308.73,10.6,D,VIIRS
47.82182,37.09185,367,0.53,0.5,2026-08-22,11:10:00,N,high,2.0NRT,312.2,22.68,D,VIIRS
47.84412,37.43435,367,0.54,0.51,2026-08-22,11:10:00,N,high,2.0NRT,312.91,15.24,D,VIIRS
47.81717,37.09259,341.79,0.53,0.5,2026-08-22,11:10:00,N,nominal,2.0NRT,310.52,22.68,D,VIIRS
47.81765,37.09971,351.83,0.53,0.5,2026-08-22,11:10:00,N,nominal,2.0NRT,319.33,22.68,D,VIIRS
47.83891,37.4276,337.51,0.54,0.51,2026-08-22,11:10:00,N,nominal,2.0NRT,306.73,15.24,D,VIIRS
47.83985,37.44235,345.8,0.55,0.51,2026-08-22,11:10:00,N,nominal,2.0NRT,311.75,10.6,D,VIIRS
47.84032,37.44978,340.07,0.55,0.51,2026-08-22,11:10:00,N,nominal,2.0NRT,309.66,10.6,D,VIIRS
47.83938,37.43496,367,0.54,0.51,2026-08-22,11:10:00,N,high,2.0NRT,312.96,15.24,D,VIIRS
47.70954,35.66949,356.57,0.45,0.47,2026-08-22,11:10:00,N,nominal,2.0NRT,317.78,25.49,D,VIIRS
47.83465,37.4356,353.1,0.54,0.51,2026-08-22,11:10:00,N,nominal,2.0NRT,316.24,45.95,D,VIIRS
47.83511,37.44296,354.22,0.55,0.51,2026-08-22,11:10:00,N,nominal,2.0NRT,313.87,71.45,D,VIIRS
47.85981,37.84552,350.57,0.57,0.52,2026-08-22,11:10:00,N,nominal,2.0NRT,312.37,21.37,D,VIIRS
47.70519,35.67017,340.95,0.45,0.47,2026-08-22,11:10:00,N,nominal,2.0NRT,309.48,25.49,D,VIIRS
47.82991,37.43624,350.18,0.54,0.51,2026-08-22,11:10:00,N,nominal,2.0NRT,318.67,45.95,D,VIIRS
47.83178,37.46583,351.04,0.55,0.51,2026-08-22,11:10:00,N,nominal,2.0NRT,314.44,18.07,D,VIIRS
47.82565,37.4442,367,0.55,0.51,2026-08-22,11:10:00,N,low,2.0NRT,328.23,33.16,D,VIIRS
47.79995,37.04507,342.08,0.52,0.5,2026-08-22,11:10:00,N,low,2.0NRT,315.77,6.75,D,VIIRS
47.82518,37.43688,338.82,0.54,0.51,2026-08-22,11:10:00,N,low,2.0NRT,310.79,11.51,D,VIIRS
47.8261,37.45154,339.19,0.55,0.51,2026-08-22,11:10:00,N,low,2.0NRT,310.16,33.16,D,VIIRS
47.67177,35.35963,345.73,0.44,0.46,2026-08-22,11:10:00,N,nominal,2.0NRT,308.73,6.16,D,VIIRS
47.72544,36.05111,346.49,0.47,0.48,2026-08-22,11:10:00,N,nominal,2.0NRT,313.48,6.43,D,VIIRS
47.8209,37.44481,350.28,0.55,0.51,2026-08-22,11:10:00,N,nominal,2.0NRT,313.7,33.16,D,VIIRS
47.82136,37.45213,354.71,0.55,0.51,2026-08-22,11:10:00,N,nominal,2.0NRT,314.59,33.16,D,VIIRS
47.82182,37.45951,344.75,0.55,0.51,2026-08-22,11:10:00,N,nominal,2.0NRT,313.83,8.66,D,VIIRS
47.82229,37.46696,338.47,0.55,0.51,2026-08-22,11:10:00,N,low,2.0NRT,312.89,8.66,D,VIIRS
47.66748,35.3602,337.89,0.44,0.46,2026-08-22,11:10:00,N,nominal,2.0NRT,309.78,2.55,D,VIIRS
47.7007,35.78284,336.36,0.46,0.47,2026-08-22,11:10:00,N,nominal,2.0NRT,308.51,9.72,D,VIIRS
47.78741,36.99694,344.66,0.52,0.5,2026-08-22,11:10:00,N,nominal,2.0NRT,313.33,9.51,D,VIIRS
47.78788,37.00404,344.31,0.52,0.5,2026-08-22,11:10:00,N,nominal,2.0NRT,312.74,9.51,D,VIIRS
47.81708,37.46014,337.96,0.55,0.51,2026-08-22,11:10:00,N,low,2.0NRT,311.74,6.46,D,VIIRS
47.81754,37.46757,350.44,0.55,0.51,2026-08-22,11:10:00,N,nominal,2.0NRT,314.53,6.46,D,VIIRS
47.70023,35.77673,367,0.46,0.47,2026-08-22,11:10:00,N,high,2.0NRT,335.7,149.59,D,VIIRS
47.5661,34.2224,344.53,0.39,0.44,2026-08-22,11:10:00,N,nominal,2.0NRT,312.2,6.38,D,VIIRS
47.69633,35.78355,346.34,0.46,0.47,2026-08-22,11:10:00,N,nominal,2.0NRT,315.7,9.72,D,VIIRS
47.78323,37.00455,351.35,0.52,0.5,2026-08-22,11:10:00,N,nominal,2.0NRT,314.55,9.51,D,VIIRS
47.813720000000004,37.48309,344.21,0.55,0.51,2026-08-22,11:10:00,N,nominal,2.0NRT,313.9,15.93,D,VIIRS
47.6954,35.77134,367,0.46,0.47,2026-08-22,11:10:00,N,high,2.0NRT,328.73,149.59,D,VIIRS
47.69587,35.77744,367,0.46,0.47,2026-08-22,11:10:00,N,high,2.0NRT,327.57,149.59,D,VIIRS
47.56207,34.22327,349.59,0.39,0.44,2026-08-22,11:10:00,N,nominal,2.0NRT,314.41,7.82,D,VIIRS
47.69151,35.77819,356.65,0.46,0.47,2026-08-22,11:10:00,N,nominal,2.0NRT,318.05,19.35,D,VIIRS
47.69197,35.78429,357.87,0.46,0.47,2026-08-22,11:10:00,N,nominal,2.0NRT,316.1,20.54,D,VIIRS
47.77859,37.00505,345.49,0.52,0.5,2026-08-22,11:10:00,N,nominal,2.0NRT,315.58,10.05,D,VIIRS
47.77905,37.01217,348.29,0.52,0.5,2026-08-22,11:10:00,N,nominal,2.0NRT,312.59,9.72,D,VIIRS
47.80898,37.48364,354.9,0.55,0.51,2026-08-22,11:10:00,N,nominal,2.0NRT,319.75,51.78,D,VIIRS
47.80943,37.49111,367,0.55,0.51,2026-08-22,11:10:00,N,high,2.0NRT,316.84,28.87,D,VIIRS
47.77441,37.0127,346.83,0.52,0.5,2026-08-22,11:10:00,N,nominal,2.0NRT,315.03,9.72,D,VIIRS
47.78821,37.22707,351.77,0.53,0.5,2026-08-22,11:10:00,N,nominal,2.0NRT,314.4,14.32,D,VIIRS
47.68419,35.79823,342.23,0.46,0.47,2026-08-22,11:10:00,N,nominal,2.0NRT,310.49,7.03,D,VIIRS
47.61798,35.01661,355.69,0.42,0.45,2026-08-22,11:10:00,N,nominal,2.0NRT,310.63,8.85,D,VIIRS
47.61846,35.02235,342.19,0.42,0.45,2026-08-22,11:10:00,N,nominal,2.0NRT,307.98,8.85,D,VIIRS
47.71105,36.22256,353.87,0.48,0.48,2026-08-22,11:10:00,N,nominal,2.0NRT,311.3,41.58,D,VIIRS
47.71151,36.22898,352.38,0.48,0.48,2026-08-22,11:10:00,N,nominal,2.0NRT,313.48,21.84,D,VIIRS
47.7066,36.22332,367,0.48,0.48,2026-08-22,11:10:00,N,low,2.0NRT,325.63,58.99,D,VIIRS
47.70706,36.22974,346.1,0.48,0.48,2026-08-22,11:10:00,N,nominal,2.0NRT,315.35,23.77,D,VIIRS
47.47638,33.51881,340.36,0.55,0.42,2026-08-22,11:10:00,N,low,2.0NRT,311.85,8.31,D,VIIRS
47.69609,36.13981,338.81,0.47,0.48,2026-08-22,11:10:00,N,nominal,2.0NRT,310.47,4.18,D,VIIRS
47.70548,36.33511,342.57,0.48,0.48,2026-08-22,11:10:00,N,nominal,2.0NRT,311.15,3.33,D,VIIRS
47.7544,37.06547,345.48,0.52,0.5,2026-08-22,11:10:00,N,low,2.0NRT,316.97,12.37,D,VIIRS
47.46854,33.52044,342.06,0.55,0.42,2026-08-22,11:10:00,N,low,2.0NRT,314.89,11.71,D,VIIRS
47.60489,35.06535,367,0.42,0.45,2026-08-22,11:10:00,N,high,2.0NRT,313.67,18.85,D,VIIRS
47.46462,33.52125,339.25,0.55,0.42,2026-08-22,11:10:00,N,low,2.0NRT,313.52,3.63,D,VIIRS
47.46601,33.53586,337.94,0.55,0.42,2026-08-22,11:10:00,N,low,2.0NRT,312.3,59.92,D,VIIRS
47.6498,36.05653,351.04,0.47,0.48,2026-08-22,11:10:00,N,nominal,2.0NRT,314.75,10.96,D,VIIRS
47.66381,36.25621,332.94,0.48,0.48,2026-08-22,11:10:00,N,low,2.0NRT,307.47,1.7,D,VIIRS
47.45175,33.72694,340.93,0.56,0.43,2026-08-22,11:10:00,N,low,2.0NRT,314.65,8.6,D,VIIRS
47.66969,36.24376,336.31,0.48,0.48,2026-08-22,11:10:00,N,low,2.0NRT,310.42,0.88,D,VIIRS
47.44971,33.72775,340.77,0.56,0.43,2026-08-22,11:10:00,N,low,2.0NRT,315.52,5.85,D,VIIRS
47.65067,36.05167,342.91,0.47,0.48,2026-08-22,11:10:00,N,nominal,2.0NRT,313.23,6.31,D,VIIRS
47.65115,36.05796,349.67,0.47,0.48,2026-08-22,11:10:00,N,nominal,2.0NRT,314.88,6.31,D,VIIRS
46.96777,29.56424,342.54,0.41,0.37,2026-08-22,11:10:00,N,low,2.0NRT,315.55,7.46,D,VIIRS
47.66173,36.25803,342.97,0.48,0.48,2026-08-22,11:10:00,N,nominal,2.0NRT,309.2,2.95,D,VIIRS
47.42463,33.55239,336.66,0.55,0.42,2026-08-22,11:10:00,N,low,2.0NRT,310.73,2.21,D,VIIRS
47.58798,35.42384,345.47,0.44,0.46,2026-08-22,11:10:00,N,nominal,2.0NRT,314.27,5.32,D,VIIRS
47.64367,36.13672,344.4,0.47,0.48,2026-08-22,11:10:00,N,nominal,2.0NRT,315.38,16.57,D,VIIRS
47.41571,33.5841,338.41,0.55,0.43,2026-08-22,11:10:00,N,low,2.0NRT,311.76,3.55,D,VIIRS
47.72886,37.50948,356.57,0.55,0.51,2026-08-22,11:10:00,N,nominal,2.0NRT,310,14.9,D,VIIRS
47.68437,36.89904,355.76,0.51,0.5,2026-08-22,11:10:00,N,nominal,2.0NRT,312.07,14.54,D,VIIRS
47.72412,37.51018,347.84,0.55,0.51,2026-08-22,11:10:00,N,nominal,2.0NRT,317.35,24.08,D,VIIRS
47.7246,37.51775,341.78,0.55,0.51,2026-08-22,11:10:00,N,nominal,2.0NRT,308.56,24.08,D,VIIRS
47.67976,36.89972,346.11,0.51,0.5,2026-08-22,11:10:00,N,low,2.0NRT,316.29,14.54,D,VIIRS
47.54855,35.20566,346.68,0.43,0.46,2026-08-22,11:10:00,N,nominal,2.0NRT,316.15,23.52,D,VIIRS
47.68575,37.27807,342.94,0.53,0.5,2026-08-22,11:10:00,N,nominal,2.0NRT,310.85,7.64,D,VIIRS
47.6862,37.28527,349.26,0.53,0.5,2026-08-22,11:10:00,N,nominal,2.0NRT,311.04,7.64,D,VIIRS
47.39244,33.63381,337.76,0.55,0.43,2026-08-22,11:10:00,N,low,2.0NRT,312.32,4.31,D,VIIRS
47.68151,37.28593,351.8,0.53,0.5,2026-08-22,11:10:00,N,nominal,2.0NRT,315.91,13.65,D,VIIRS
47.68197,37.29316,338.17,0.54,0.5,2026-08-22,11:10:00,N,low,2.0NRT,312.21,13.84,D,VIIRS
47.56933,35.80016,334.85,0.46,0.47,2026-08-22,11:10:00,N,low,2.0NRT,307.63,2.83,D,VIIRS
47.37994,33.62887,340.04,0.55,0.43,2026-08-22,11:10:00,N,low,2.0NRT,313.23,5.39,D,VIIRS
47.37531,33.62232,339.18,0.55,0.43,2026-08-22,11:10:00,N,low,2.0NRT,311.93,7.12,D,VIIRS
47.37138,33.62312,347.86,0.55,0.43,2026-08-22,11:10:00,N,nominal,2.0NRT,312.78,7.12,D,VIIRS
47.3416,33.56208,339.63,0.55,0.42,2026-08-22,11:10:00,N,nominal,2.0NRT,310.04,6.11,D,VIIRS
47.31096,33.28249,337.1,0.53,0.42,2026-08-22,11:10:00,N,low,2.0NRT,311.47,39.45,D,VIIRS
47.30777,33.29038,349.27,0.53,0.42,2026-08-22,11:10:00,N,nominal,2.0NRT,316.67,51.57,D,VIIRS
47.3039,33.29126,347.32,0.53,0.42,2026-08-22,11:10:00,N,nominal,2.0NRT,309.28,43.84,D,VIIRS
47.30003,33.29205,367,0.53,0.42,2026-08-22,11:10:00,N,low,2.0NRT,334.46,43.84,D,VIIRS
47.3007,33.29911,343,0.53,0.42,2026-08-22,11:10:00,N,nominal,2.0NRT,311.11,43.84,D,VIIRS
47.34304,33.56253,342.63,0.55,0.42,2026-08-22,11:10:00,N,nominal,2.0NRT,309.79,3.53,D,VIIRS
47.31109,33.28339,345.5,0.53,0.42,2026-08-22,11:10:00,N,nominal,2.0NRT,312.18,32.43,D,VIIRS
47.30793,33.29126,344.39,0.53,0.42,2026-08-22,11:10:00,N,nominal,2.0NRT,313.83,31.03,D,VIIRS
47.30407,33.29213,346.48,0.53,0.42,2026-08-22,11:10:00,N,nominal,2.0NRT,310.11,31.03,D,VIIRS
47.30019,33.29292,367,0.53,0.42,2026-08-22,11:10:00,N,low,2.0NRT,333.85,58.41,D,VIIRS
47.3009,33.29997,338.55,0.53,0.42,2026-08-22,11:10:00,N,low,2.0NRT,310.66,7.45,D,VIIRS
47.29632,33.29373,341.78,0.53,0.42,2026-08-22,11:10:00,N,low,2.0NRT,313.27,58.41,D,VIIRS
47.29704,33.30082,347.52,0.53,0.42,2026-08-22,11:10:00,N,nominal,2.0NRT,313.34,7.45,D,VIIRS
47.29316,33.30162,348.45,0.53,0.42,2026-08-22,11:10:00,N,nominal,2.0NRT,316.83,6.35,D,VIIRS
47.29387,33.30868,340,0.53,0.42,2026-08-22,11:10:00,N,low,2.0NRT,313.39,6.35,D,VIIRS
47.28928,33.30238,347.33,0.53,0.42,2026-08-22,11:10:00,N,nominal,2.0NRT,315.42,6.35,D,VIIRS
47.29,33.3095,347.78,0.53,0.42,2026-08-22,11:10:00,N,nominal,2.0NRT,315.01,6.35,D,VIIRS
47.35733,34.04662,345.82,0.57,0.43,2026-08-22,11:10:00,N,nominal,2.0NRT,312.25,11.55,D,VIIRS
47.59643,37.01866,338.48,0.52,0.5,2026-08-22,11:10:00,N,nominal,2.0NRT,309.4,1.91,D,VIIRS
47.3298,33.79814,350.89,0.56,0.43,2026-08-22,11:10:00,N,nominal,2.0NRT,312.06,6.78,D,VIIRS
47.50085,36.05865,350.38,0.47,0.48,2026-08-22,11:10:00,N,nominal,2.0NRT,314.82,7.75,D,VIIRS
47.3387,34.24514,351.72,0.39,0.44,2026-08-22,11:10:00,N,nominal,2.0NRT,311.86,5.41,D,VIIRS
47.33916,34.25034,340.25,0.39,0.44,2026-08-22,11:10:00,N,nominal,2.0NRT,311.31,5.41,D,VIIRS
47.33465,34.2459,354.09,0.39,0.44,2026-08-22,11:10:00,N,nominal,2.0NRT,317.27,23.22,D,VIIRS
47.33512,34.2511,367,0.39,0.44,2026-08-22,11:10:00,N,high,2.0NRT,318.24,23.22,D,VIIRS
47.2656,33.63054,347.71,0.55,0.43,2026-08-22,11:10:00,N,nominal,2.0NRT,312.06,12.38,D,VIIRS
47.26168,33.63135,341.58,0.55,0.43,2026-08-22,11:10:00,N,low,2.0NRT,312.77,7.3,D,VIIRS
47.25705,33.62483,349.69,0.55,0.43,2026-08-22,11:10:00,N,nominal,2.0NRT,313.73,9.86,D,VIIRS
47.25244,33.61833,347.89,0.55,0.43,2026-08-22,11:10:00,N,nominal,2.0NRT,310.71,33.61,D,VIIRS
47.42508,35.64027,347.93,0.45,0.47,2026-08-22,11:10:00,N,nominal,2.0NRT,311.1,9.33,D,VIIRS
47.46764,36.21772,356.27,0.48,0.48,2026-08-22,11:10:00,N,nominal,2.0NRT,316.2,14.35,D,VIIRS
47.46718,36.21129,367,0.48,0.48,2026-08-22,11:10:00,N,high,2.0NRT,317.43,10.35,D,VIIRS
47.2492,33.62646,355.74,0.55,0.43,2026-08-22,11:10:00,N,nominal,2.0NRT,315.2,33.61,D,VIIRS
47.37489,35.05799,351.76,0.42,0.45,2026-08-22,11:10:00,N,nominal,2.0NRT,313.35,9.19,D,VIIRS
47.46273,36.2119,336.09,0.48,0.48,2026-08-22,11:10:00,N,nominal,2.0NRT,311.08,10.35,D,VIIRS
47.46318,36.21833,350.67,0.48,0.48,2026-08-22,11:10:00,N,nominal,2.0NRT,316.14,14.35,D,VIIRS
47.24528,33.62727,346.76,0.55,0.43,2026-08-22,11:10:00,N,nominal,2.0NRT,317.43,32.09,D,VIIRS
47.24665,33.6419,341.34,0.55,0.43,2026-08-22,11:10:00,N,nominal,2.0NRT,312.96,10.56,D,VIIRS
47.24596,33.63458,367,0.55,0.43,2026-08-22,11:10:00,N,high,2.0NRT,314.35,10.56,D,VIIRS
47.24341,33.65001,343.43,0.55,0.43,2026-08-22,11:10:00,N,nominal,2.0NRT,313.04,13.81,D,VIIRS
47.24461,33.65012,348.53,0.55,0.43,2026-08-22,11:10:00,N,nominal,2.0NRT,313.13,14.6,D,VIIRS
47.23674,33.6517,338.6,0.55,0.43,2026-08-22,11:10:00,N,low,2.0NRT,311.42,1.93,D,VIIRS
47.28536,34.37997,347.04,0.39,0.44,2026-08-22,11:10:00,N,nominal,2.0NRT,313.76,16.69,D,VIIRS
47.2813,34.38073,355.36,0.39,0.44,2026-08-22,11:10:00,N,nominal,2.0NRT,315.43,12.48,D,VIIRS
47.53575,37.71643,339.75,0.56,0.51,2026-08-22,11:10:00,N,low,2.0NRT,311.15,8.13,D,VIIRS
47.45396,36.6241,341.56,0.5,0.49,2026-08-22,11:10:00,N,low,2.0NRT,312.74,7.57,D,VIIRS
47.45445,36.63096,350.2,0.5,0.49,2026-08-22,11:10:00,N,nominal,2.0NRT,312.7,7.57,D,VIIRS
47.37931,35.68626,344.08,0.45,0.47,2026-08-22,11:10:00,N,nominal,2.0NRT,313.96,8.59,D,VIIRS
47.37451,35.68097,339.71,0.45,0.47,2026-08-22,11:10:00,N,low,2.0NRT,314.56,5.46,D,VIIRS
47.37498,35.68693,343.21,0.45,0.47,2026-08-22,11:10:00,N,nominal,2.0NRT,312.24,5.28,D,VIIRS
47.36971,35.67567,352.71,0.45,0.47,2026-08-22,11:10:00,N,nominal,2.0NRT,314.89,5.46,D,VIIRS
47.37018,35.68163,345.08,0.45,0.47,2026-08-22,11:10:00,N,nominal,2.0NRT,314.12,5.46,D,VIIRS
47.27842,34.77308,343.94,0.41,0.45,2026-08-22,11:10:00,N,nominal,2.0NRT,312.13,9.16,D,VIIRS
47.46745,37.46336,341.9,0.54,0.51,2026-08-22,11:10:00,N,nominal,2.0NRT,307.57,4.76,D,VIIRS
47.15718,33.91658,338.68,0.56,0.43,2026-08-22,11:10:00,N,low,2.0NRT,310.47,7.21,D,VIIRS
47.15592,33.91629,346.26,0.56,0.43,2026-08-22,11:10:00,N,nominal,2.0NRT,310.95,6.98,D,VIIRS
46.71265,30.28382,347.6,0.42,0.38,2026-08-22,11:10:00,N,nominal,2.0NRT,310.26,5.17,D,VIIRS
47.314,36.27456,342.56,0.48,0.48,2026-08-22,11:10:00,N,nominal,2.0NRT,311.66,8.86,D,VIIRS
47.37554,37.37253,342.47,0.54,0.51,2026-08-22,11:10:00,N,nominal,2.0NRT,312.46,5.42,D,VIIRS
47.12384,34.31701,348.14,0.39,0.44,2026-08-22,11:10:00,N,nominal,2.0NRT,314.09,7.47,D,VIIRS
47.17089,35.05775,338.3,0.42,0.45,2026-08-22,11:10:00,N,low,2.0NRT,311.68,2.37,D,VIIRS
47.17136,35.06336,339.23,0.42,0.45,2026-08-22,11:10:00,N,low,2.0NRT,310.9,2.37,D,VIIRS
47.16717,35.06411,344.85,0.42,0.45,2026-08-22,11:10:00,N,nominal,2.0NRT,312.66,6.27,D,VIIRS
47.19628,35.53647,345.04,0.44,0.46,2026-08-22,11:10:00,N,nominal,2.0NRT,311.62,4.03,D,VIIRS
47.05606,33.97417,350.59,0.56,0.43,2026-08-22,11:10:00,N,nominal,2.0NRT,314.19,6.63,D,VIIRS
47.05208,33.97495,338.23,0.56,0.43,2026-08-22,11:10:00,N,low,2.0NRT,312.25,6.63,D,VIIRS
47.05454,33.97458,353.19,0.56,0.43,2026-08-22,11:10:00,N,nominal,2.0NRT,314.08,10.32,D,VIIRS
46.6967,30.84846,344.68,0.43,0.38,2026-08-22,11:10:00,N,nominal,2.0NRT,313.16,6.25,D,VIIRS
47.28793,37.1467,345.46,0.52,0.5,2026-08-22,11:10:00,N,nominal,2.0NRT,312.44,9.76,D,VIIRS
46.67365,30.8077,348.08,0.43,0.38,2026-08-22,11:10:00,N,low,2.0NRT,318.22,57.43,D,VIIRS
47.11645,35.12059,344.4,0.42,0.45,2026-08-22,11:10:00,N,nominal,2.0NRT,311.45,2.08,D,VIIRS
47.10375,35.02076,335.81,0.42,0.45,2026-08-22,11:10:00,N,low,2.0NRT,309.99,1.83,D,VIIRS
47.17169,36.65929,350.52,0.49,0.49,2026-08-22,11:10:00,N,nominal,2.0NRT,311.43,10,D,VIIRS
46.88258,33.23212,345.17,0.52,0.42,2026-08-22,11:10:00,N,nominal,2.0NRT,314.47,5.15,D,VIIRS
47.16761,36.66662,347.09,0.5,0.49,2026-08-22,11:10:00,N,nominal,2.0NRT,310.87,10.07,D,VIIRS
47.16717,36.66003,367,0.49,0.49,2026-08-22,11:10:00,N,high,2.0NRT,314.91,10,D,VIIRS
47.16309,36.66737,352.11,0.5,0.49,2026-08-22,11:10:00,N,nominal,2.0NRT,314.59,18.93,D,VIIRS
47.16354,36.67398,367,0.5,0.49,2026-08-22,11:10:00,N,high,2.0NRT,313.22,18.93,D,VIIRS
46.86201,33.04156,342.11,0.51,0.41,2026-08-22,11:10:00,N,low,2.0NRT,314.82,3.59,D,VIIRS
46.882,33.23345,343.49,0.52,0.42,2026-08-22,11:10:00,N,nominal,2.0NRT,314.91,5.16,D,VIIRS
46.88286,33.31837,338.19,0.53,0.42,2026-08-22,11:10:00,N,low,2.0NRT,312.85,4.37,D,VIIRS
47.17162,36.66111,351.34,0.49,0.49,2026-08-22,11:10:00,N,nominal,2.0NRT,311.2,7.19,D,VIIRS
47.16757,36.66842,345.25,0.49,0.49,2026-08-22,11:10:00,N,nominal,2.0NRT,309.32,18.12,D,VIIRS
47.16709,36.66184,367,0.49,0.49,2026-08-22,11:10:00,N,high,2.0NRT,314.41,18.12,D,VIIRS
47.16305,36.66917,356.49,0.49,0.49,2026-08-22,11:10:00,N,nominal,2.0NRT,315.5,18.12,D,VIIRS
47.16353,36.67578,350.8,0.5,0.49,2026-08-22,11:10:00,N,nominal,2.0NRT,314.84,15.18,D,VIIRS
47.14328,36.7128,356.54,0.5,0.49,2026-08-22,11:10:00,N,nominal,2.0NRT,318.03,102.77,D,VIIRS
47.07959,35.91786,344.18,0.46,0.47,2026-08-22,11:10:00,N,nominal,2.0NRT,311.58,6.54,D,VIIRS
47.08385,35.97279,344.32,0.46,0.47,2026-08-22,11:10:00,N,nominal,2.0NRT,313.64,8.02,D,VIIRS
46.83695,33.29243,339.58,0.53,0.42,2026-08-22,11:10:00,N,low,2.0NRT,309.8,5.03,D,VIIRS
46.9162,34.33083,336.72,0.39,0.44,2026-08-22,11:10:00,N,low,2.0NRT,311.49,2.3,D,VIIRS
47.11171,36.854,340.3,0.5,0.49,2026-08-22,11:10:00,N,nominal,2.0NRT,309.62,3.5,D,VIIRS
46.99052,35.7313,338.84,0.45,0.47,2026-08-22,11:10:00,N,low,2.0NRT,313.81,4.63,D,VIIRS
46.99097,35.73726,341.85,0.45,0.47,2026-08-22,11:10:00,N,low,2.0NRT,312.88,4.31,D,VIIRS
46.99187,35.74917,348.87,0.45,0.47,2026-08-22,11:10:00,N,nominal,2.0NRT,312.97,4.39,D,VIIRS
46.99233,35.75513,343.48,0.45,0.47,2026-08-22,11:10:00,N,low,2.0NRT,313.5,4.39,D,VIIRS
46.9862,35.73201,343.96,0.45,0.47,2026-08-22,11:10:00,N,low,2.0NRT,315.22,4.63,D,VIIRS
46.98665,35.73797,346.84,0.45,0.47,2026-08-22,11:10:00,N,nominal,2.0NRT,315.17,4.31,D,VIIRS
46.98755,35.74988,339.4,0.45,0.47,2026-08-22,11:10:00,N,low,2.0NRT,313.45,4.39,D,VIIRS
46.75499,33.15606,344.04,0.52,0.41,2026-08-22,11:10:00,N,nominal,2.0NRT,309.34,7.6,D,VIIRS
46.99516,35.7504,339.36,0.45,0.47,2026-08-22,11:10:00,N,low,2.0NRT,312.1,3.29,D,VIIRS
46.98939,35.73326,339.99,0.45,0.47,2026-08-22,11:10:00,N,low,2.0NRT,314.2,6.01,D,VIIRS
46.99083,35.7511,349.3,0.45,0.47,2026-08-22,11:10:00,N,nominal,2.0NRT,313.27,4.12,D,VIIRS
46.99132,35.75705,338.32,0.45,0.47,2026-08-22,11:10:00,N,low,2.0NRT,313.15,3.85,D,VIIRS
46.98507,35.73396,346.06,0.45,0.47,2026-08-22,11:10:00,N,nominal,2.0NRT,315.54,6.01,D,VIIRS
46.98652,35.7518,340.46,0.45,0.47,2026-08-22,11:10:00,N,low,2.0NRT,313.27,4.12,D,VIIRS
46.98748,35.76372,339.29,0.45,0.47,2026-08-22,11:10:00,N,low,2.0NRT,312.85,3.85,D,VIIRS
46.98219,35.75252,338.82,0.45,0.47,2026-08-22,11:10:00,N,low,2.0NRT,312.61,2.85,D,VIIRS
46.99179,35.87236,348.41,0.45,0.47,2026-08-22,11:10:00,N,nominal,2.0NRT,314.91,5.74,D,VIIRS
46.97787,35.75323,344.26,0.45,0.47,2026-08-22,11:10:00,N,nominal,2.0NRT,314.21,2.85,D,VIIRS
46.98218,35.80696,342.36,0.45,0.47,2026-08-22,11:10:00,N,nominal,2.0NRT,313.62,6.07,D,VIIRS
46.97784,35.80766,348.53,0.45,0.47,2026-08-22,11:10:00,N,nominal,2.0NRT,313.67,5.82,D,VIIRS
47.00457,36.14904,351.78,0.47,0.47,2026-08-22,11:10:00,N,nominal,2.0NRT,313.28,6.5,D,VIIRS
47.00504,36.1553,344.4,0.47,0.48,2026-08-22,11:10:00,N,nominal,2.0NRT,312.62,6.5,D,VIIRS
47.00112,36.16227,336.28,0.47,0.48,2026-08-22,11:10:00,N,low,2.0NRT,310.66,5.38,D,VIIRS
46.96768,35.84573,345.04,0.45,0.47,2026-08-22,11:10:00,N,low,2.0NRT,316.78,7.42,D,VIIRS
46.96816,35.85173,355.57,0.45,0.47,2026-08-22,11:10:00,N,nominal,2.0NRT,317.39,7.42,D,VIIRS
46.96863,35.85773,346.01,0.45,0.47,2026-08-22,11:10:00,N,nominal,2.0NRT,313.14,6.01,D,VIIRS
46.96334,35.84641,341.87,0.45,0.47,2026-08-22,11:10:00,N,nominal,2.0NRT,314.59,4.48,D,VIIRS
46.96381,35.85241,348.68,0.45,0.47,2026-08-22,11:10:00,N,nominal,2.0NRT,316,4.48,D,VIIRS
46.96429,35.85841,350.1,0.45,0.47,2026-08-22,11:10:00,N,nominal,2.0NRT,314.42,6.09,D,VIIRS
46.74191,33.41292,340.05,0.53,0.42,2026-08-22,11:10:00,N,nominal,2.0NRT,309.52,5.9,D,VIIRS
46.93996,36.05983,339.36,0.46,0.47,2026-08-22,11:10:00,N,low,2.0NRT,309.64,3.62,D,VIIRS
46.97499,36.60627,347.99,0.49,0.49,2026-08-22,11:10:00,N,nominal,2.0NRT,314.87,44.7,D,VIIRS
46.97048,36.60698,367,0.49,0.49,2026-08-22,11:10:00,N,low,2.0NRT,329.54,44.7,D,VIIRS
46.97094,36.61345,352.3,0.49,0.49,2026-08-22,11:10:00,N,nominal,2.0NRT,315.17,44.7,D,VIIRS
46.7545,34.04251,343.3,0.56,0.43,2026-08-22,11:10:00,N,nominal,2.0NRT,309.02,6.29,D,VIIRS
46.89825,35.74225,350.12,0.45,0.47,2026-08-22,11:10:00,N,nominal,2.0NRT,313.18,6.04,D,VIIRS
46.75121,34.05074,344.75,0.56,0.43,2026-08-22,11:10:00,N,nominal,2.0NRT,308.3,8.29,D,VIIRS
46.75053,34.0433,367,0.56,0.43,2026-08-22,11:10:00,N,high,2.0NRT,310.81,8.29,D,VIIRS
46.71374,33.69324,346.45,0.54,0.42,2026-08-22,11:10:00,N,nominal,2.0NRT,312.24,9.24,D,VIIRS
46.74723,34.05153,346.16,0.56,0.43,2026-08-22,11:10:00,N,nominal,2.0NRT,309.92,8.29,D,VIIRS
46.71482,33.69292,346.14,0.54,0.42,2026-08-22,11:10:00,N,nominal,2.0NRT,312.74,6.87,D,VIIRS
46.74934,34.04317,349.42,0.56,0.43,2026-08-22,11:10:00,N,nominal,2.0NRT,309.81,9.8,D,VIIRS
46.75006,34.05061,351.16,0.56,0.43,2026-08-22,11:10:00,N,nominal,2.0NRT,310.07,13.69,D,VIIRS
46.35901,30.67569,338.64,0.43,0.38,2026-08-22,11:10:00,N,low,2.0NRT,309.98,2.67,D,VIIRS
46.35554,30.6766,339.98,0.43,0.38,2026-08-22,11:10:00,N,nominal,2.0NRT,311.08,2.67,D,VIIRS
46.64355,33.18694,337.92,0.52,0.41,2026-08-22,11:10:00,N,nominal,2.0NRT,307.86,3.97,D,VIIRS
46.63973,33.18775,336.07,0.52,0.41,2026-08-22,11:10:00,N,low,2.0NRT,309.3,2.85,D,VIIRS
46.24306,29.99527,342.1,0.41,0.37,2026-08-22,11:10:00,N,nominal,2.0NRT,313.16,5.21,D,VIIRS
46.24376,30.00057,347.98,0.41,0.37,2026-08-22,11:10:00,N,nominal,2.0NRT,312.05,12.26,D,VIIRS
46.5868,32.9036,337.87,0.51,0.41,2026-08-22,11:10:00,N,low,2.0NRT,308.69,2.57,D,VIIRS
46.58749,32.91024,333.94,0.51,0.41,2026-08-22,11:10:00,N,low,2.0NRT,307.52,3.1,D,VIIRS
46.23967,29.99621,350.14,0.41,0.37,2026-08-22,11:10:00,N,nominal,2.0NRT,317.17,5.21,D,VIIRS
46.24036,30.0015,353.18,0.41,0.37,2026-08-22,11:10:00,N,nominal,2.0NRT,319.72,12.26,D,VIIRS
46.5483,32.57804,340.92,0.49,0.4,2026-08-22,11:10:00,N,nominal,2.0NRT,309.87,7.06,D,VIIRS
46.23627,29.99714,344.99,0.41,0.37,2026-08-22,11:10:00,N,low,2.0NRT,317.7,11.88,D,VIIRS
46.82768,35.58239,345.38,0.44,0.46,2026-08-22,11:10:00,N,nominal,2.0NRT,314.55,6.9,D,VIIRS
46.60533,33.19509,349.22,0.52,0.41,2026-08-22,11:10:00,N,nominal,2.0NRT,310.11,13,D,VIIRS
46.89467,36.51389,351.35,0.48,0.48,2026-08-22,11:10:00,N,nominal,2.0NRT,311.36,5.89,D,VIIRS
46.89514,36.52042,344.54,0.48,0.48,2026-08-22,11:10:00,N,nominal,2.0NRT,313.05,5.12,D,VIIRS
46.89561,36.52692,338.14,0.48,0.48,2026-08-22,11:10:00,N,low,2.0NRT,312.96,5.12,D,VIIRS
46.89019,36.51466,356.21,0.48,0.48,2026-08-22,11:10:00,N,nominal,2.0NRT,316.95,23,D,VIIRS
46.89066,36.52119,339.83,0.48,0.48,2026-08-22,11:10:00,N,low,2.0NRT,314.71,10.01,D,VIIRS
46.89114,36.52773,346.06,0.48,0.48,2026-08-22,11:10:00,N,nominal,2.0NRT,314.28,10.01,D,VIIRS
46.88713,36.53502,347.01,0.48,0.48,2026-08-22,11:10:00,N,nominal,2.0NRT,311.92,10.29,D,VIIRS
46.88264,36.53571,335.36,0.48,0.48,2026-08-22,11:10:00,N,low,2.0NRT,310.13,1.9,D,VIIRS
46.52911,32.64838,356.25,0.49,0.41,2026-08-22,11:10:00,N,nominal,2.0NRT,306.51,14.3,D,VIIRS
46.5298,32.65485,339.61,0.49,0.41,2026-08-22,11:10:00,N,nominal,2.0NRT,304,6.82,D,VIIRS
46.7649,35.13251,339.27,0.42,0.45,2026-08-22,11:10:00,N,nominal,2.0NRT,310.57,2.39,D,VIIRS
46.55146,32.89779,336.16,0.5,0.41,2026-08-22,11:10:00,N,low,2.0NRT,308.4,5.97,D,VIIRS
46.76072,35.13325,341.41,0.42,0.45,2026-08-22,11:10:00,N,nominal,2.0NRT,311.34,2.39,D,VIIRS
46.86011,36.47377,354.3,0.48,0.48,2026-08-22,11:10:00,N,nominal,2.0NRT,312.51,10.83,D,VIIRS
46.55537,33.16402,345.25,0.52,0.41,2026-08-22,11:10:00,N,nominal,2.0NRT,306.6,12.79,D,VIIRS
46.55156,33.16484,332.57,0.52,0.41,2026-08-22,11:10:00,N,nominal,2.0NRT,305.83,1,D,VIIRS
46.44173,32.1881,343.66,0.47,0.4,2026-08-22,11:10:00,N,nominal,2.0NRT,312.85,2.76,D,VIIRS
46.55358,33.1656,340.16,0.52,0.41,2026-08-22,11:10:00,N,nominal,2.0NRT,309.09,15.57,D,VIIRS
46.4432,32.18945,345.17,0.47,0.4,2026-08-22,11:10:00,N,nominal,2.0NRT,313.69,6.62,D,VIIRS
46.72087,35.07014,335.42,0.41,0.45,2026-08-22,11:10:00,N,nominal,2.0NRT,309.16,2.69,D,VIIRS
46.71718,35.07637,367,0.41,0.45,2026-08-22,11:10:00,N,high,2.0NRT,311.95,10.11,D,VIIRS
46.71349,35.08258,343.95,0.42,0.45,2026-08-22,11:10:00,N,nominal,2.0NRT,311.56,4.57,D,VIIRS
46.83122,36.53851,340.81,0.48,0.48,2026-08-22,11:10:00,N,nominal,2.0NRT,313,4.1,D,VIIRS
46.49109,32.83142,337.63,0.5,0.41,2026-08-22,11:10:00,N,low,2.0NRT,311.23,8.28,D,VIIRS
46.48662,32.82567,338.06,0.5,0.41,2026-08-22,11:10:00,N,low,2.0NRT,310.96,5.69,D,VIIRS
46.482170000000004,32.81995,335.77,0.5,0.41,2026-08-22,11:10:00,N,low,2.0NRT,310.23,5.69,D,VIIRS
46.48286,32.82649,348.63,0.5,0.41,2026-08-22,11:10:00,N,nominal,2.0NRT,313.41,5.69,D,VIIRS
46.70145,35.09027,353.49,0.42,0.45,2026-08-22,11:10:00,N,nominal,2.0NRT,314.05,12.83,D,VIIRS
46.69728,35.09102,344.19,0.42,0.45,2026-08-22,11:10:00,N,nominal,2.0NRT,313.16,8.3,D,VIIRS
46.45081,32.96152,335.37,0.51,0.41,2026-08-22,11:10:00,N,nominal,2.0NRT,303.1,2.06,D,VIIRS
46.44635,32.95572,353.48,0.51,0.41,2026-08-22,11:10:00,N,nominal,2.0NRT,308.39,58.28,D,VIIRS
46.44704,32.96234,354.98,0.51,0.41,2026-08-22,11:10:00,N,nominal,2.0NRT,308.56,17.39,D,VIIRS
46.54943,34.00044,336.73,0.56,0.43,2026-08-22,11:10:00,N,low,2.0NRT,308.7,4.08,D,VIIRS
46.44394,32.96977,354.89,0.51,0.41,2026-08-22,11:10:00,N,nominal,2.0NRT,307.81,17.39,D,VIIRS
46.44463,32.97641,349.71,0.51,0.41,2026-08-22,11:10:00,N,nominal,2.0NRT,308.79,7.03,D,VIIRS
46.44531,32.98305,335.32,0.51,0.41,2026-08-22,11:10:00,N,low,2.0NRT,307.1,7.03,D,VIIRS
46.54478,33.99389,340.81,0.56,0.43,2026-08-22,11:10:00,N,nominal,2.0NRT,308.44,4.08,D,VIIRS
46.54547,34.00123,341.19,0.56,0.43,2026-08-22,11:10:00,N,nominal,2.0NRT,309.54,4.08,D,VIIRS
46.44257,32.95652,367,0.51,0.41,2026-08-22,11:10:00,N,high,2.0NRT,308.95,58.28,D,VIIRS
46.44326,32.96314,367,0.51,0.41,2026-08-22,11:10:00,N,high,2.0NRT,309.77,17.39,D,VIIRS
46.43879,32.95732,355.81,0.51,0.41,2026-08-22,11:10:00,N,nominal,2.0NRT,310.54,14.93,D,VIIRS
46.43948,32.96395,357.01,0.51,0.41,2026-08-22,11:10:00,N,nominal,2.0NRT,312.54,21.86,D,VIIRS
46.44016,32.97058,357.46,0.51,0.41,2026-08-22,11:10:00,N,nominal,2.0NRT,310.32,21.86,D,VIIRS
46.44085,32.97722,347.09,0.51,0.41,2026-08-22,11:10:00,N,nominal,2.0NRT,311.57,6.16,D,VIIRS
46.44153,32.98386,348.39,0.51,0.41,2026-08-22,11:10:00,N,nominal,2.0NRT,313.27,6.16,D,VIIRS
46.44289,32.99716,348.35,0.51,0.41,2026-08-22,11:10:00,N,nominal,2.0NRT,311.12,7.73,D,VIIRS
46.44358,33.0038,349.7,0.51,0.41,2026-08-22,11:10:00,N,nominal,2.0NRT,311.92,132.67,D,VIIRS
45.97901,29.17895,348.87,0.4,0.37,2026-08-22,11:10:00,N,nominal,2.0NRT,314.84,5.03,D,VIIRS
46.43638,32.97139,356.13,0.51,0.41,2026-08-22,11:10:00,N,nominal,2.0NRT,315.63,21.86,D,VIIRS
46.43707,32.97804,345.42,0.51,0.41,2026-08-22,11:10:00,N,nominal,2.0NRT,313.35,6.16,D,VIIRS
46.43775,32.98468,345.32,0.51,0.41,2026-08-22,11:10:00,N,nominal,2.0NRT,313.83,6.16,D,VIIRS
46.43843,32.99133,340.6,0.51,0.41,2026-08-22,11:10:00,N,low,2.0NRT,312.93,7.73,D,VIIRS
46.441160000000004,33.01794,347.14,0.51,0.41,2026-08-22,11:10:00,N,nominal,2.0NRT,316.79,61.43,D,VIIRS
46.44048,33.01128,367,0.51,0.41,2026-08-22,11:10:00,N,high,2.0NRT,344.96,132.67,D,VIIRS
46.4326,32.97221,342.52,0.51,0.41,2026-08-22,11:10:00,N,nominal,2.0NRT,312.28,7.41,D,VIIRS
46.43397,32.9855,354.01,0.51,0.41,2026-08-22,11:10:00,N,nominal,2.0NRT,316.95,14.04,D,VIIRS
46.43465,32.99214,348.71,0.51,0.41,2026-08-22,11:10:00,N,nominal,2.0NRT,314.41,15.38,D,VIIRS
46.43533,32.99879,339.41,0.51,0.41,2026-08-22,11:10:00,N,low,2.0NRT,313.93,15.38,D,VIIRS
46.4367,33.0121,341.48,0.51,0.41,2026-08-22,11:10:00,N,nominal,2.0NRT,315.3,5.64,D,VIIRS
46.43737,33.01876,344.47,0.51,0.41,2026-08-22,11:10:00,N,nominal,2.0NRT,319.36,11.77,D,VIIRS
46.43805,33.02543,337.47,0.51,0.41,2026-08-22,11:10:00,N,nominal,2.0NRT,311.24,11.77,D,VIIRS
46.43328,32.97885,367,0.51,0.41,2026-08-22,11:10:00,N,high,2.0NRT,318.4,14.04,D,VIIRS
46.43019,32.98631,338.67,0.51,0.41,2026-08-22,11:10:00,N,nominal,2.0NRT,312.04,14.04,D,VIIRS
46.43087,32.99295,355.99,0.51,0.41,2026-08-22,11:10:00,N,nominal,2.0NRT,316.6,15.38,D,VIIRS
46.43155,32.9996,356.81,0.51,0.41,2026-08-22,11:10:00,N,nominal,2.0NRT,316.78,15.38,D,VIIRS
46.43223,33.00625,342.42,0.51,0.41,2026-08-22,11:10:00,N,low,2.0NRT,316.38,5.64,D,VIIRS
46.43291,33.01292,342.92,0.51,0.41,2026-08-22,11:10:00,N,low,2.0NRT,315.16,5.64,D,VIIRS
46.43359,33.01958,344.28,0.51,0.41,2026-08-22,11:10:00,N,low,2.0NRT,315.7,11.77,D,VIIRS
46.43427,33.02625,340.46,0.51,0.41,2026-08-22,11:10:00,N,nominal,2.0NRT,312.97,11.77,D,VIIRS
46.4298,33.0204,338.14,0.51,0.41,2026-08-22,11:10:00,N,low,2.0NRT,311.51,2.94,D,VIIRS
45.95198,29.13407,347.74,0.39,0.37,2026-08-22,11:10:00,N,nominal,2.0NRT,314.2,10.45,D,VIIRS
45.95088,29.13214,347.96,0.39,0.37,2026-08-22,11:10:00,N,nominal,2.0NRT,314.19,7.34,D,VIIRS
46.42864,32.99512,348.37,0.51,0.41,2026-08-22,11:10:00,N,nominal,2.0NRT,310.17,7.49,D,VIIRS
46.43077,33.01505,349,0.51,0.41,2026-08-22,11:10:00,N,nominal,2.0NRT,314.02,4.04,D,VIIRS
46.43148,33.0217,343.68,0.51,0.41,2026-08-22,11:10:00,N,nominal,2.0NRT,313.39,4.04,D,VIIRS
46.42935,33.00175,367,0.51,0.41,2026-08-22,11:10:00,N,high,2.0NRT,312.61,11.69,D,VIIRS
45.94755,29.13309,341.96,0.39,0.37,2026-08-22,11:10:00,N,low,2.0NRT,314.02,7.34,D,VIIRS
46.67739,35.8087,337.51,0.45,0.47,2026-08-22,11:10:00,N,low,2.0NRT,310.04,2.27,D,VIIRS
46.68883,36.17403,367,0.46,0.47,2026-08-22,11:10:00,N,high,2.0NRT,316.11,12.28,D,VIIRS
45.9142,29.57173,340.71,0.4,0.37,2026-08-22,11:10:00,N,low,2.0NRT,314.75,3.31,D,VIIRS
46.50898,35.2753,336.4,0.42,0.45,2026-08-22,11:10:00,N,nominal,2.0NRT,305.68,7.37,D,VIIRS
45.79422,29.03808,340.06,0.39,0.36,2026-08-22,11:10:00,N,low,2.0NRT,312.19,3.3,D,VIIRS
45.7909,29.03904,348.24,0.39,0.36,2026-08-22,11:10:00,N,nominal,2.0NRT,316.53,3.3,D,VIIRS
46.43439,34.90166,344.21,0.4,0.45,2026-08-22,11:10:00,N,nominal,2.0NRT,310.56,4.21,D,VIIRS
46.36788,34.21027,343.39,0.57,0.43,2026-08-22,11:10:00,N,nominal,2.0NRT,309.02,9.3,D,VIIRS
46.43074,34.90774,335.44,0.4,0.45,2026-08-22,11:10:00,N,low,2.0NRT,309.03,4.21,D,VIIRS
46.42568,34.89781,337.69,0.4,0.45,2026-08-22,11:10:00,N,low,2.0NRT,309.7,1.9,D,VIIRS
46.42661,34.90848,352.85,0.4,0.45,2026-08-22,11:10:00,N,nominal,2.0NRT,310.97,8.08,D,VIIRS
46.29299,33.9269,348.63,0.55,0.43,2026-08-22,11:10:00,N,nominal,2.0NRT,308.95,7.94,D,VIIRS
46.29469,33.92765,339.85,0.55,0.43,2026-08-22,11:10:00,N,nominal,2.0NRT,307.33,7.05,D,VIIRS
46.29075,33.92844,353.99,0.55,0.43,2026-08-22,11:10:00,N,nominal,2.0NRT,310.08,7.05,D,VIIRS
46.28682,33.92923,349.39,0.55,0.43,2026-08-22,11:10:00,N,nominal,2.0NRT,309.17,6.9,D,VIIRS
46.28753,33.93642,337.37,0.55,0.43,2026-08-22,11:10:00,N,low,2.0NRT,308.42,6.19,D,VIIRS
46.28218,33.9228,336.63,0.55,0.43,2026-08-22,11:10:00,N,low,2.0NRT,308.26,6.9,D,VIIRS
46.28289,33.93001,348.32,0.55,0.43,2026-08-22,11:10:00,N,nominal,2.0NRT,310.02,6.9,D,VIIRS
46.2836,33.93719,348.88,0.55,0.43,2026-08-22,11:10:00,N,nominal,2.0NRT,309.67,6.19,D,VIIRS
46.22902,33.43255,337.59,0.52,0.42,2026-08-22,11:10:00,N,low,2.0NRT,310.62,15.32,D,VIIRS
46.22972,33.43939,345.32,0.52,0.42,2026-08-22,11:10:00,N,nominal,2.0NRT,310.4,15.32,D,VIIRS
46.27895,33.93079,347.84,0.55,0.43,2026-08-22,11:10:00,N,nominal,2.0NRT,310.39,6.77,D,VIIRS
46.27966,33.93797,352.17,0.55,0.43,2026-08-22,11:10:00,N,nominal,2.0NRT,312.11,29.56,D,VIIRS
46.28939,34.121339999999996,356.61,0.56,0.43,2026-08-22,11:10:00,N,nominal,2.0NRT,311.39,15.59,D,VIIRS
48.02158,38.11402,341.1,0.59,0.53,2026-08-22,11:10:00,N,nominal,2.0NRT,311.25,5.64,D,VIIRS
46.31055,34.34398,339.51,0.57,0.43,2026-08-22,11:10:00,N,low,2.0NRT,309.88,3.08,D,VIIRS
46.30654,34.34474,335.96,0.57,0.43,2026-08-22,11:10:00,N,low,2.0NRT,310.14,3.08,D,VIIRS
46.30724,34.35226,352.26,0.57,0.43,2026-08-22,11:10:00,N,nominal,2.0NRT,310.73,11.48,D,VIIRS
45.77474,29.7817,341.78,0.4,0.37,2026-08-22,11:10:00,N,nominal,2.0NRT,314.93,2.9,D,VIIRS
46.19432,33.51697,344.16,0.53,0.42,2026-08-22,11:10:00,N,nominal,2.0NRT,310.78,3.5,D,VIIRS
45.53936,28.99182,347.35,0.39,0.36,2026-08-22,11:10:00,N,nominal,2.0NRT,313.97,7,D,VIIRS
45.43781,28.31725,350.64,0.39,0.36,2026-08-22,11:10:00,N,nominal,2.0NRT,314.22,4.62,D,VIIRS
45.53888,29.0127,350.53,0.39,0.36,2026-08-22,11:10:00,N,nominal,2.0NRT,313.67,5.73,D,VIIRS
45.40272,29.05999,342.94,0.39,0.36,2026-08-22,11:10:00,N,nominal,2.0NRT,313.62,4.67,D,VIIRS
45.38778,29.01529,337.47,0.39,0.36,2026-08-22,11:10:00,N,nominal,2.0NRT,305.57,2.32,D,VIIRS
45.38447,29.01624,350.96,0.39,0.36,2026-08-22,11:10:00,N,nominal,2.0NRT,314.46,5.03,D,VIIRS
45.38115,29.0172,336.62,0.39,0.36,2026-08-22,11:10:00,N,low,2.0NRT,310.98,5.03,D,VIIRS
45.38186,29.02216,350.5,0.39,0.36,2026-08-22,11:10:00,N,nominal,2.0NRT,314.58,9.99,D,VIIRS
45.37926,29.02807,336.43,0.39,0.36,2026-08-22,11:10:00,N,low,2.0NRT,311.34,3.58,D,VIIRS
45.9294,34.21437,352.15,0.56,0.43,2026-08-22,11:10:00,N,nominal,2.0NRT,315.49,27.45,D,VIIRS
45.92475,34.20787,339.89,0.56,0.43,2026-08-22,11:10:00,N,nominal,2.0NRT,309.66,27.45,D,VIIRS
45.92544,34.21514,336.76,0.56,0.43,2026-08-22,11:10:00,N,low,2.0NRT,307.67,27.45,D,VIIRS
45.82444,34.27246,346.32,0.56,0.43,2026-08-22,11:10:00,N,nominal,2.0NRT,308.54,9.26,D,VIIRS
45.82184,34.28785,351.18,0.56,0.43,2026-08-22,11:10:00,N,nominal,2.0NRT,309.64,10.74,D,VIIRS
45.81786,34.28862,340.45,0.56,0.43,2026-08-22,11:10:00,N,nominal,2.0NRT,308.21,10.74,D,VIIRS
45.22706,34.33604,337.69,0.56,0.43,2026-08-22,11:10:00,N,low,2.0NRT,309.32,5.51,D,VIIRS
45.22775,34.34313,339.84,0.56,0.43,2026-08-22,11:10:00,N,nominal,2.0NRT,312.2,5.51,D,VIIRS
45.31678,36.36569,339.2,0.46,0.47,2026-08-22,11:10:00,N,low,2.0NRT,311.98,3.63,D,VIIRS
44.52646,34.12891,340.74,0.54,0.42,2026-08-22,11:10:00,N,nominal,2.0NRT,303.82,10.6,D,VIIRS
48.398,37.72363,354.99,0.57,0.52,2026-08-22,11:10:00,N,nominal,2.0NRT,314.6,20,D,VIIRS
50.27198,26.06776,330.78,0.38,0.36,2026-08-22,11:10:00,N,nominal,2.0NRT,301.07,3.35,D,VIIRS
50.91823,31.07557,340.13,0.49,0.4,2026-08-22,11:10:00,N,nominal,2.0NRT,307.39,9.08,D,VIIRS
51.18888,33.94598,339.13,0.42,0.45,2026-08-22,11:10:00,N,nominal,2.0NRT,305.32,4.89,D,VIIRS
51.18938,33.95204,334.95,0.42,0.45,2026-08-22,11:10:00,N,low,2.0NRT,305.41,4.89,D,VIIRS
50.91453,31.07654,330.79,0.49,0.4,2026-08-22,11:10:00,N,nominal,2.0NRT,303.63,9.08,D,VIIRS
51.20953,34.59319,333.06,0.44,0.46,2026-08-22,11:10:00,N,nominal,2.0NRT,303.1,2.97,D,VIIRS
51.19728,34.90664,343.17,0.46,0.47,2026-08-22,11:10:00,N,nominal,2.0NRT,304.46,14.58,D,VIIRS
51.18855,34.90811,340.15,0.46,0.47,2026-08-22,11:10:00,N,nominal,2.0NRT,305.54,7.46,D,VIIRS
50.76826,30.3198,335.19,0.46,0.39,2026-08-22,11:10:00,N,low,2.0NRT,305.85,5.71,D,VIIRS
50.76899,30.32633,335.7,0.46,0.39,2026-08-22,11:10:00,N,low,2.0NRT,305.7,7.07,D,VIIRS
51.18028,34.9162,341.23,0.46,0.47,2026-08-22,11:10:00,N,nominal,2.0NRT,302.39,7.79,D,VIIRS
51.15936,34.8064,351.83,0.45,0.47,2026-08-22,11:10:00,N,nominal,2.0NRT,304.56,10.73,D,VIIRS
51.15456,34.80063,333.85,0.45,0.47,2026-08-22,11:10:00,N,nominal,2.0NRT,304.96,3.81,D,VIIRS
51.15886,34.80789,355.64,0.45,0.47,2026-08-22,11:10:00,N,nominal,2.0NRT,304.79,6,D,VIIRS
51.15403,34.8021,330.28,0.45,0.47,2026-08-22,11:10:00,N,low,2.0NRT,304.9,6,D,VIIRS
50.76486,30.65511,338.53,0.47,0.4,2026-08-22,11:10:00,N,low,2.0NRT,311.84,17.91,D,VIIRS
51.16729,35.04125,338.38,0.46,0.47,2026-08-22,11:10:00,N,nominal,2.0NRT,303.02,8.69,D,VIIRS
51.16778,35.04804,340.26,0.46,0.47,2026-08-22,11:10:00,N,nominal,2.0NRT,302.19,8.69,D,VIIRS
50.81433,31.28994,341.22,0.49,0.41,2026-08-22,11:10:00,N,nominal,2.0NRT,305.88,9.68,D,VIIRS
51.12895,34.81979,334.15,0.45,0.47,2026-08-22,11:10:00,N,nominal,2.0NRT,300.51,3.81,D,VIIRS
51.12315,34.86062,331.18,0.45,0.47,2026-08-22,11:10:00,N,nominal,2.0NRT,303.16,2.99,D,VIIRS
51.05172,35.08924,338.5,0.46,0.47,2026-08-22,11:10:00,N,nominal,2.0NRT,303.65,5.89,D,VIIRS
51.0522,35.09594,331.7,0.46,0.47,2026-08-22,11:10:00,N,nominal,2.0NRT,301.46,6.09,D,VIIRS
50.4046,29.06081,334.41,0.42,0.38,2026-08-22,11:10:00,N,nominal,2.0NRT,302.35,2.39,D,VIIRS
50.6012,31.05412,337.62,0.48,0.4,2026-08-22,11:10:00,N,nominal,2.0NRT,307.64,4.25,D,VIIRS
50.60786,31.1865,341.38,0.49,0.4,2026-08-22,11:10:00,N,nominal,2.0NRT,306.26,6.09,D,VIIRS
50.60416,31.18745,348.98,0.49,0.4,2026-08-22,11:10:00,N,nominal,2.0NRT,314.52,6.09,D,VIIRS
50.59159,31.17654,341.73,0.49,0.4,2026-08-22,11:10:00,N,nominal,2.0NRT,309.72,3.84,D,VIIRS
50.59452,31.20412,342.56,0.49,0.4,2026-08-22,11:10:00,N,nominal,2.0NRT,311.24,18.37,D,VIIRS
50.59082,31.20508,352.44,0.49,0.4,2026-08-22,11:10:00,N,nominal,2.0NRT,316.5,18.37,D,VIIRS
50.59155,31.21198,341.58,0.49,0.4,2026-08-22,11:10:00,N,nominal,2.0NRT,305.87,16.38,D,VIIRS
50.58638,31.19914,347.06,0.49,0.4,2026-08-22,11:10:00,N,nominal,2.0NRT,313.84,27.81,D,VIIRS
50.58785,31.21294,355.9,0.49,0.4,2026-08-22,11:10:00,N,nominal,2.0NRT,313.21,10.87,D,VIIRS
50.58711,31.20605,367,0.49,0.4,2026-08-22,11:10:00,N,high,2.0NRT,324.06,27.81,D,VIIRS
50.58342,31.207,351.89,0.49,0.4,2026-08-22,11:10:00,N,nominal,2.0NRT,319.86,27.81,D,VIIRS
50.58414,31.21389,346.68,0.49,0.4,2026-08-22,11:10:00,N,nominal,2.0NRT,308.9,10.87,D,VIIRS
50.57971,31.20795,348.72,0.49,0.4,2026-08-22,11:10:00,N,nominal,2.0NRT,316.38,28.01,D,VIIRS
50.57673,31.21581,335.52,0.49,0.4,2026-08-22,11:10:00,N,nominal,2.0NRT,307.62,8.84,D,VIIRS
50.576,31.20891,367,0.49,0.4,2026-08-22,11:10:00,N,high,2.0NRT,320.46,28.01,D,VIIRS
50.54387,30.97822,344.02,0.48,0.4,2026-08-22,11:10:00,N,nominal,2.0NRT,308.14,6.75,D,VIIRS
50.37679,30.20777,333.99,0.45,0.39,2026-08-22,11:10:00,N,low,2.0NRT,305.25,5.17,D,VIIRS
50.35386,30.16838,333.32,0.45,0.39,2026-08-22,11:10:00,N,nominal,2.0NRT,303.65,3.84,D,VIIRS
50.78922,35.12402,367,0.46,0.47,2026-08-22,11:10:00,N,high,2.0NRT,308.91,14.9,D,VIIRS
50.78483,35.12478,334.63,0.46,0.47,2026-08-22,11:10:00,N,nominal,2.0NRT,302.97,2.22,D,VIIRS
49.97495,28.55691,346.18,0.41,0.37,2026-08-22,11:10:00,N,nominal,2.0NRT,304.8,12.23,D,VIIRS
49.86321,28.06114,343.24,0.4,0.37,2026-08-22,11:10:00,N,nominal,2.0NRT,303.69,7.61,D,VIIRS
50.22255,31.33832,332.59,0.49,0.4,2026-08-22,11:10:00,N,low,2.0NRT,307.55,7.76,D,VIIRS
50.22326,31.34519,332.72,0.49,0.4,2026-08-22,11:10:00,N,low,2.0NRT,306.06,8.91,D,VIIRS
50.21584,31.34708,343.25,0.49,0.4,2026-08-22,11:10:00,N,nominal,2.0NRT,310.02,16.33,D,VIIRS
50.21285,31.35491,351.18,0.49,0.4,2026-08-22,11:10:00,N,low,2.0NRT,329.21,9.25,D,VIIRS
50.21214,31.34803,348.07,0.49,0.4,2026-08-22,11:10:00,N,low,2.0NRT,318.88,9.25,D,VIIRS
50.21492,31.3471,352.19,0.49,0.4,2026-08-22,11:10:00,N,nominal,2.0NRT,313.91,15.42,D,VIIRS
50.21196,31.35491,367,0.49,0.4,2026-08-22,11:10:00,N,low,2.0NRT,326.47,18.97,D,VIIRS
50.08166,31.49516,341.29,0.49,0.4,2026-08-22,11:10:00,N,nominal,2.0NRT,313.12,28.16,D,VIIRS
50.3724,34.97152,341.5,0.45,0.47,2026-08-22,11:10:00,N,nominal,2.0NRT,307.35,7.52,D,VIIRS
50.37288,34.97796,336.84,0.45,0.47,2026-08-22,11:10:00,N,nominal,2.0NRT,301.96,7.52,D,VIIRS
50.38739,35.90819,345.08,0.49,0.49,2026-08-22,11:10:00,N,nominal,2.0NRT,302.79,7.52,D,VIIRS
50.38678,35.90891,345.88,0.49,0.49,2026-08-22,11:10:00,N,nominal,2.0NRT,303.7,5.63,D,VIIRS
49.99425,31.7602,346.77,0.5,0.41,2026-08-22,11:10:00,N,nominal,2.0NRT,308.19,12.5,D,VIIRS
49.98977,31.7541,336.39,0.5,0.41,2026-08-22,11:10:00,N,low,2.0NRT,308.6,12.5,D,VIIRS
49.99049,31.7611,347.08,0.5,0.41,2026-08-22,11:10:00,N,nominal,2.0NRT,313.17,12.5,D,VIIRS
50.38658,37.308839999999996,331.59,0.57,0.52,2026-08-22,11:10:00,N,nominal,2.0NRT,303.54,4.31,D,VIIRS
50.38733,37.41707,349.19,0.57,0.52,2026-08-22,11:10:00,N,nominal,2.0NRT,304.66,8.69,D,VIIRS
50.38775,37.42531,344.85,0.57,0.52,2026-08-22,11:10:00,N,nominal,2.0NRT,305.13,18.92,D,VIIRS
50.38247,37.41759,341.57,0.57,0.52,2026-08-22,11:10:00,N,nominal,2.0NRT,303.89,8.69,D,VIIRS
50.37276,37.41861,339.26,0.57,0.52,2026-08-22,11:10:00,N,nominal,2.0NRT,303.44,6.66,D,VIIRS
50.38494,37.41798,356.65,0.57,0.52,2026-08-22,11:10:00,N,nominal,2.0NRT,306.03,14.94,D,VIIRS
50.3854,37.4262,344.85,0.57,0.52,2026-08-22,11:10:00,N,nominal,2.0NRT,305.8,14.94,D,VIIRS
50.38008,37.41849,338.81,0.57,0.52,2026-08-22,11:10:00,N,nominal,2.0NRT,303.92,5.71,D,VIIRS
50.37523,37.41897,336.99,0.57,0.52,2026-08-22,11:10:00,N,nominal,2.0NRT,303.19,5.71,D,VIIRS
50.29496,36.25077,337.56,0.51,0.49,2026-08-22,11:10:00,N,nominal,2.0NRT,303.58,6.43,D,VIIRS
50.2899,36.24426,338.17,0.51,0.49,2026-08-22,11:10:00,N,nominal,2.0NRT,306.65,7.46,D,VIIRS
50.31615,36.89402,331.32,0.54,0.51,2026-08-22,11:10:00,N,nominal,2.0NRT,305.72,3.32,D,VIIRS
50.31142,36.89471,330.86,0.54,0.51,2026-08-22,11:10:00,N,nominal,2.0NRT,305.24,3.83,D,VIIRS
50.26833,36.26913,337.03,0.51,0.49,2026-08-22,11:10:00,N,nominal,2.0NRT,303.39,4.11,D,VIIRS
50.2502,36.06057,342.39,0.5,0.49,2026-08-22,11:10:00,N,nominal,2.0NRT,307.79,4.16,D,VIIRS
50.25066,36.06767,330.53,0.5,0.49,2026-08-22,11:10:00,N,low,2.0NRT,305.37,4.16,D,VIIRS
50.25955,36.20449,349.44,0.51,0.49,2026-08-22,11:10:00,N,nominal,2.0NRT,304.96,7.79,D,VIIRS
50.26373,36.26977,342.54,0.51,0.49,2026-08-22,11:10:00,N,nominal,2.0NRT,304.78,3.73,D,VIIRS
50.24566,36.06129,336.8,0.5,0.49,2026-08-22,11:10:00,N,nominal,2.0NRT,307.13,4.16,D,VIIRS
50.24659,36.0757,334.15,0.5,0.49,2026-08-22,11:10:00,N,low,2.0NRT,304.78,4.05,D,VIIRS
50.25498,36.20536,347.27,0.51,0.49,2026-08-22,11:10:00,N,nominal,2.0NRT,307.14,7.79,D,VIIRS
50.25591,36.21992,332.12,0.51,0.49,2026-08-22,11:10:00,N,low,2.0NRT,303.94,4.03,D,VIIRS
50.30807,37.08569,331.02,0.55,0.51,2026-08-22,11:10:00,N,low,2.0NRT,304.48,4.75,D,VIIRS
50.24675,36.22144,331.66,0.51,0.49,2026-08-22,11:10:00,N,low,2.0NRT,305.26,4.65,D,VIIRS
50.2954,37.03154,337.73,0.55,0.51,2026-08-22,11:10:00,N,nominal,2.0NRT,302.09,5.86,D,VIIRS
50.24263,36.22928,342.96,0.51,0.49,2026-08-22,11:10:00,N,nominal,2.0NRT,307.03,6.5,D,VIIRS
50.29064,37.03216,342.58,0.55,0.51,2026-08-22,11:10:00,N,nominal,2.0NRT,303.19,5.03,D,VIIRS
50.23849,36.23712,332.43,0.51,0.49,2026-08-22,11:10:00,N,low,2.0NRT,304.85,3.98,D,VIIRS
50.22754,36.13715,342.67,0.5,0.49,2026-08-22,11:10:00,N,nominal,2.0NRT,305.52,6.4,D,VIIRS
50.27314,36.89219,337.19,0.54,0.51,2026-08-22,11:10:00,N,nominal,2.0NRT,304.87,4.49,D,VIIRS
49.06521,25.69829,334.03,0.38,0.36,2026-08-22,11:10:00,N,nominal,2.0NRT,299.68,3.32,D,VIIRS
50.26368,36.89338,332.4,0.54,0.51,2026-08-22,11:10:00,N,nominal,2.0NRT,304.6,4.88,D,VIIRS
50.29554,37.57834,337.98,0.58,0.52,2026-08-22,11:10:00,N,nominal,2.0NRT,305.07,6.04,D,VIIRS
50.25252,36.94966,332.11,0.55,0.51,2026-08-22,11:10:00,N,low,2.0NRT,306.69,2.91,D,VIIRS
50.23248,36.67955,347.02,0.53,0.5,2026-08-22,11:10:00,N,nominal,2.0NRT,305.71,6.07,D,VIIRS
50.23558,36.73349,330.47,0.53,0.5,2026-08-22,11:10:00,N,low,2.0NRT,300.67,6.86,D,VIIRS
50.25338,37.05236,336.14,0.55,0.51,2026-08-22,11:10:00,N,nominal,2.0NRT,303,4.09,D,VIIRS
50.27628,37.48837,332.53,0.58,0.52,2026-08-22,11:10:00,N,nominal,2.0NRT,301.42,17.65,D,VIIRS
50.19869,36.19206,336.49,0.51,0.49,2026-08-22,11:10:00,N,nominal,2.0NRT,303.37,3.61,D,VIIRS
50.24176,36.92768,341.24,0.54,0.51,2026-08-22,11:10:00,N,nominal,2.0NRT,305.02,4.97,D,VIIRS
50.27102,37.48086,338.83,0.58,0.52,2026-08-22,11:10:00,N,nominal,2.0NRT,305.82,17.65,D,VIIRS
50.27143,37.48907,343.09,0.58,0.52,2026-08-22,11:10:00,N,nominal,2.0NRT,308.98,17.65,D,VIIRS
50.27643,37.58921,341.44,0.58,0.52,2026-08-22,11:10:00,N,nominal,2.0NRT,303.82,5.94,D,VIIRS
50.27686,37.59779,333.89,0.58,0.52,2026-08-22,11:10:00,N,low,2.0NRT,304.65,13.52,D,VIIRS
50.23315,36.85858,337.98,0.54,0.51,2026-08-22,11:10:00,N,nominal,2.0NRT,304.6,6.5,D,VIIRS
50.18864,36.1788,349.15,0.5,0.49,2026-08-22,11:10:00,N,nominal,2.0NRT,307.57,9.66,D,VIIRS
50.18908,36.18603,334.36,0.51,0.49,2026-08-22,11:10:00,N,low,2.0NRT,308.11,7.77,D,VIIRS
50.18953,36.19319,337.91,0.51,0.49,2026-08-22,11:10:00,N,nominal,2.0NRT,307.33,7.77,D,VIIRS
50.23567,36.99096,331.62,0.55,0.51,2026-08-22,11:10:00,N,nominal,2.0NRT,304.29,2.26,D,VIIRS
51.44505,34.19028,339.37,0.43,0.46,2026-08-22,11:10:00,N,nominal,2.0NRT,304.62,3.69,D,VIIRS
51.01542,30.27523,350.35,0.46,0.39,2026-08-22,11:10:00,N,nominal,2.0NRT,304.25,18.18,D,VIIRS
51.01182,30.27623,352.42,0.46,0.39,2026-08-22,11:10:00,N,nominal,2.0NRT,319.39,18.18,D,VIIRS
51.01329,30.28938,350.15,0.46,0.39,2026-08-22,11:10:00,N,nominal,2.0NRT,317.02,95.48,D,VIIRS
50.84369,29.44443,344.04,0.44,0.38,2026-08-22,11:10:00,N,nominal,2.0NRT,303.24,4.77,D,VIIRS
51.3021,34.19576,338.6,0.43,0.46,2026-08-22,11:10:00,N,nominal,2.0NRT,304.24,7.74,D,VIIRS
51.29787,34.1966,341.46,0.43,0.46,2026-08-22,11:10:00,N,nominal,2.0NRT,303.41,7.4,D,VIIRS
51.29739,34.19038,367,0.43,0.46,2026-08-22,11:10:00,N,high,2.0NRT,306.59,7.4,D,VIIRS
51.22814,33.80182,341.12,0.41,0.45,2026-08-22,11:10:00,N,nominal,2.0NRT,306.85,4.26,D,VIIRS
51.51653,33.85044,367,0.42,0.45,2026-08-22,11:13:00,N,high,2.0NRT,308.78,10.87,D,VIIRS
51.51702,33.85642,344.2,0.42,0.45,2026-08-22,11:13:00,N,nominal,2.0NRT,309.78,10.42,D,VIIRS
51.11222,29.76562,335.25,0.45,0.39,2026-08-22,11:13:00,N,nominal,2.0NRT,303.31,3.11,D,VIIRS
51.11374,29.76387,337.75,0.45,0.39,2026-08-22,11:13:00,N,nominal,2.0NRT,301.8,3.89,D,VIIRS
51.51718,33.85468,350.63,0.42,0.45,2026-08-22,11:13:00,N,nominal,2.0NRT,311.27,9.28,D,VIIRS
51.51672,33.84872,347.78,0.42,0.45,2026-08-22,11:13:00,N,nominal,2.0NRT,307.94,9.28,D,VIIRS
51.52135,33.85382,345.16,0.42,0.45,2026-08-22,11:13:00,N,nominal,2.0NRT,307.47,9.28,D,VIIRS
51.39636,31.90647,338.47,0.53,0.42,2026-08-22,11:13:00,N,nominal,2.0NRT,307.16,6.95,D,VIIRS
51.19261,29.14819,332.88,0.43,0.38,2026-08-22,11:13:00,N,nominal,2.0NRT,299.82,1.71,D,VIIRS
51.19609,29.14715,341.14,0.43,0.38,2026-08-22,11:13:00,N,nominal,2.0NRT,306.69,4.96,D,VIIRS
51.20106,29.15839,356.5,0.43,0.38,2026-08-22,11:13:00,N,nominal,2.0NRT,307.17,17.37,D,VIIRS
51.20032,29.15224,343.07,0.43,0.38,2026-08-22,11:13:00,N,nominal,2.0NRT,304.3,17.37,D,VIIRS
51.72462,34.17076,347.77,0.43,0.46,2026-08-22,11:13:00,N,nominal,2.0NRT,304.7,6.8,D,VIIRS
51.35615,30.2724,352.47,0.46,0.39,2026-08-22,11:13:00,N,nominal,2.0NRT,316.93,9.12,D,VIIRS
51.08985,27.99768,339.26,0.41,0.37,2026-08-22,11:13:00,N,nominal,2.0NRT,299.06,5.47,D,VIIRS
51.85565,34.26672,340.98,0.44,0.46,2026-08-22,11:13:00,N,nominal,2.0NRT,302.19,2.89,D,VIIRS
50.77247,24.85217,333.33,0.38,0.36,2026-08-22,11:13:00,N,nominal,2.0NRT,292.91,2.67,D,VIIRS
51.4072,28.75523,332.03,0.42,0.38,2026-08-22,11:13:00,N,low,2.0NRT,302.23,13.86,D,VIIRS
51.41141,28.76019,330.08,0.42,0.38,2026-08-22,11:13:00,N,nominal,2.0NRT,300.65,13.86,D,VIIRS
51.41066,28.75413,351.6,0.42,0.38,2026-08-22,11:13:00,N,nominal,2.0NRT,309.73,13.86,D,VIIRS
51.4099,28.74808,335.86,0.42,0.38,2026-08-22,11:13:00,N,low,2.0NRT,305.98,6.06,D,VIIRS
51.41486,28.75912,331.03,0.42,0.38,2026-08-22,11:13:00,N,nominal,2.0NRT,298.63,21.65,D,VIIRS
51.4141,28.753050000000002,356.01,0.42,0.38,2026-08-22,11:13:00,N,nominal,2.0NRT,307.47,21.65,D,VIIRS
51.41335,28.74699,347.18,0.42,0.38,2026-08-22,11:13:00,N,nominal,2.0NRT,306,11.11,D,VIIRS
51.68297,30.5864,346.7,0.48,0.4,2026-08-22,11:13:00,N,nominal,2.0NRT,304.41,4.24,D,VIIRS
51.68664,30.58539,337.53,0.48,0.4,2026-08-22,11:13:00,N,nominal,2.0NRT,299.74,4.24,D,VIIRS
51.9669,33.52872,342.26,0.41,0.45,2026-08-22,11:13:00,N,nominal,2.0NRT,307.04,6.34,D,VIIRS
51.76384,30.95584,337.85,0.49,0.4,2026-08-22,11:13:00,N,nominal,2.0NRT,302.33,5.21,D,VIIRS
52.14759,33.87654,343.77,0.42,0.46,2026-08-22,11:13:00,N,nominal,2.0NRT,300.2,4.19,D,VIIRS
52.14685,33.87533,339.53,0.42,0.46,2026-08-22,11:13:00,N,nominal,2.0NRT,300.31,5.98,D,VIIRS
52.01744,31.77646,334.15,0.53,0.42,2026-08-22,11:13:00,N,low,2.0NRT,306.7,23.75,D,VIIRS
52.20322,32.69125,342.97,0.38,0.43,2026-08-22,11:13:00,N,nominal,2.0NRT,304.23,11.24,D,VIIRS
48.6511,38.85374,300.23,0.45,0.39,2026-08-22,23:24:00,N,nominal,2.0NRT,288.87,0.51,N,VIIRS
46.60015,35.58583,323.73,0.55,0.43,2026-08-22,23:24:00,N,nominal,2.0NRT,290.09,4.07,N,VIIRS
46.86006,32.87907,313.55,0.49,0.48,2026-08-22,23:24:00,N,nominal,2.0NRT,290.33,1.09,N,VIIRS
46.77394,34.159,304.61,0.43,0.46,2026-08-22,23:24:00,N,nominal,2.0NRT,289.89,0.76,N,VIIRS
46.77443,34.15335,304.61,0.43,0.46,2026-08-22,23:24:00,N,nominal,2.0NRT,290.06,0.76,N,VIIRS
46.89453,32.84462,303.48,0.49,0.49,2026-08-22,23:24:00,N,nominal,2.0NRT,291.24,0.78,N,VIIRS
46.67683,35.80707,307.39,0.54,0.42,2026-08-22,23:24:00,N,nominal,2.0NRT,290.4,1.34,N,VIIRS
46.72906,36.07754,302.15,0.53,0.42,2026-08-22,23:24:00,N,nominal,2.0NRT,289.87,1.62,N,VIIRS
46.76817,36.56166,308.62,0.51,0.41,2026-08-22,23:24:00,N,nominal,2.0NRT,291.92,1.25,N,VIIRS
46.77066,36.56179,306.63,0.51,0.41,2026-08-22,23:24:00,N,nominal,2.0NRT,291.51,0.74,N,VIIRS
47.01862,34.01339,304.07,0.44,0.46,2026-08-22,23:24:00,N,nominal,2.0NRT,290.1,0.9,N,VIIRS
47.02287,34.01417,311.55,0.44,0.46,2026-08-22,23:24:00,N,nominal,2.0NRT,290.61,1.4,N,VIIRS
46.80963,36.52251,305.67,0.51,0.41,2026-08-22,23:24:00,N,nominal,2.0NRT,290.79,1.39,N,VIIRS
46.81342,36.52341,307.95,0.51,0.41,2026-08-22,23:24:00,N,nominal,2.0NRT,290.26,1.51,N,VIIRS
47.01308,34.58417,311.86,0.41,0.45,2026-08-22,23:24:00,N,nominal,2.0NRT,289.98,1.53,N,VIIRS
47.3053,30.33907,311.15,0.32,0.55,2026-08-22,23:24:00,N,nominal,2.0NRT,290.53,1.21,N,VIIRS
47.30552,30.33468,312.78,0.32,0.55,2026-08-22,23:24:00,N,nominal,2.0NRT,290.25,1.7,N,VIIRS
46.90828,35.98702,309.32,0.54,0.42,2026-08-22,23:24:00,N,nominal,2.0NRT,291.12,0.94,N,VIIRS
46.91216,35.98786,299.7,0.54,0.42,2026-08-22,23:24:00,N,nominal,2.0NRT,289.45,0.94,N,VIIRS
46.92162,35.89495,301.19,0.54,0.42,2026-08-22,23:24:00,N,nominal,2.0NRT,291.12,0.51,N,VIIRS
50.99276,30.33307,302,0.35,0.56,2026-08-22,23:24:00,N,nominal,2.0NRT,287.61,1.27,N,VIIRS
50.99296,30.328,307.57,0.35,0.56,2026-08-22,23:24:00,N,nominal,2.0NRT,288.29,1.64,N,VIIRS
50.99335,30.31788,298.34,0.35,0.56,2026-08-22,23:24:00,N,nominal,2.0NRT,287,0.57,N,VIIRS
50.99763,30.34373,299.6,0.35,0.56,2026-08-22,23:24:00,N,nominal,2.0NRT,288.24,3.39,N,VIIRS
50.99823,30.32851,319.27,0.35,0.56,2026-08-22,23:24:00,N,nominal,2.0NRT,292.08,4.24,N,VIIRS
50.99921,30.30318,301.54,0.35,0.57,2026-08-22,23:24:00,N,nominal,2.0NRT,286.39,4.74,N,VIIRS
50.99783,30.33867,367,0.35,0.56,2026-08-22,23:24:00,N,high,2.0NRT,295.6,6.76,N,VIIRS
50.99803,30.33359,356.02,0.35,0.56,2026-08-22,23:24:00,N,nominal,2.0NRT,294.21,6.76,N,VIIRS
50.99843,30.32344,322.77,0.35,0.56,2026-08-22,23:24:00,N,nominal,2.0NRT,292.2,4.24,N,VIIRS
50.99863,30.31838,337.51,0.35,0.56,2026-08-22,23:24:00,N,nominal,2.0NRT,292.89,4.12,N,VIIRS
50.99883,30.3133,326.79,0.35,0.56,2026-08-22,23:24:00,N,nominal,2.0NRT,288.29,4.12,N,VIIRS
50.99902,30.30824,367,0.35,0.56,2026-08-22,23:24:00,N,high,2.0NRT,288.62,4.74,N,VIIRS
51.00309,30.3392,300.09,0.35,0.56,2026-08-22,23:24:00,N,nominal,2.0NRT,287.94,6.76,N,VIIRS
51.00469,30.29862,305.93,0.35,0.57,2026-08-22,23:24:00,N,nominal,2.0NRT,287.45,2.2,N,VIIRS
51.00329,30.33412,367,0.35,0.56,2026-08-22,23:24:00,N,high,2.0NRT,294.66,6.76,N,VIIRS
51.0035,30.32903,326.46,0.35,0.56,2026-08-22,23:24:00,N,nominal,2.0NRT,290.63,4.24,N,VIIRS
51.0037,30.32394,320.81,0.35,0.56,2026-08-22,23:24:00,N,nominal,2.0NRT,292.97,4.24,N,VIIRS
51.00389,30.31887,322.89,0.35,0.56,2026-08-22,23:24:00,N,nominal,2.0NRT,293.72,4.12,N,VIIRS
51.00409,30.31383,326,0.35,0.56,2026-08-22,23:24:00,N,nominal,2.0NRT,292,4.12,N,VIIRS
51.00429,30.30876,348.96,0.35,0.56,2026-08-22,23:24:00,N,nominal,2.0NRT,295.19,4.74,N,VIIRS
51.00449,30.3037,325.88,0.35,0.57,2026-08-22,23:24:00,N,nominal,2.0NRT,289.06,4.74,N,VIIRS
51.00876,30.32956,318.28,0.35,0.56,2026-08-22,23:24:00,N,nominal,2.0NRT,288.93,3.03,N,VIIRS
51.00916,30.31943,314.26,0.35,0.56,2026-08-22,23:24:00,N,nominal,2.0NRT,290.42,1.55,N,VIIRS
51.00936,30.31436,306.34,0.35,0.56,2026-08-22,23:24:00,N,nominal,2.0NRT,290.19,1.55,N,VIIRS
51.00956,30.30929,307.57,0.35,0.56,2026-08-22,23:24:00,N,nominal,2.0NRT,290.68,1.35,N,VIIRS
51.00976,30.30421,313.35,0.35,0.57,2026-08-22,23:24:00,N,nominal,2.0NRT,290.56,1.35,N,VIIRS
51.01016,30.29404,311.01,0.35,0.57,2026-08-22,23:24:00,N,nominal,2.0NRT,287.8,1.78,N,VIIRS
51.01036,30.28898,299.85,0.35,0.57,2026-08-22,23:24:00,N,nominal,2.0NRT,287.97,2.95,N,VIIRS
51.01076,30.27881,316.86,0.35,0.57,2026-08-22,23:24:00,N,nominal,2.0NRT,289.25,2.36,N,VIIRS
51.01096,30.27367,303.6,0.35,0.57,2026-08-22,23:24:00,N,nominal,2.0NRT,288.12,2.36,N,VIIRS
51.00896,30.32449,342.97,0.35,0.56,2026-08-22,23:24:00,N,nominal,2.0NRT,291.44,3.03,N,VIIRS
51.00996,30.29912,338.35,0.35,0.57,2026-08-22,23:24:00,N,nominal,2.0NRT,291.05,1.78,N,VIIRS
51.01056,30.28391,337.25,0.35,0.57,2026-08-22,23:24:00,N,nominal,2.0NRT,288.66,2.95,N,VIIRS
51.01443,30.31995,301.22,0.35,0.56,2026-08-22,23:24:00,N,nominal,2.0NRT,287.9,1.55,N,VIIRS
51.01464,30.31487,315.36,0.35,0.56,2026-08-22,23:24:00,N,nominal,2.0NRT,289.55,1.55,N,VIIRS
51.01484,30.30979,302.13,0.35,0.56,2026-08-22,23:24:00,N,nominal,2.0NRT,288.57,1.35,N,VIIRS
51.01504,30.30471,299.87,0.35,0.57,2026-08-22,23:24:00,N,nominal,2.0NRT,288.55,1.35,N,VIIRS
51.01524,30.29963,302.56,0.35,0.57,2026-08-22,23:24:00,N,nominal,2.0NRT,288.79,1.78,N,VIIRS
51.01544,30.29455,304.74,0.35,0.57,2026-08-22,23:24:00,N,nominal,2.0NRT,289.39,1.78,N,VIIRS
51.01604,30.27933,302.65,0.35,0.57,2026-08-22,23:24:00,N,nominal,2.0NRT,289.24,2.36,N,VIIRS
51.01584,30.28442,340.5,0.35,0.57,2026-08-22,23:24:00,N,nominal,2.0NRT,293.31,2.95,N,VIIRS
51.02112,30.28491,306.09,0.35,0.57,2026-08-22,23:24:00,N,nominal,2.0NRT,288.3,0.71,N,VIIRS
51.02031,30.30521,333.3,0.35,0.57,2026-08-22,23:24:00,N,nominal,2.0NRT,288.62,2.97,N,VIIRS
51.01858,30.30991,302.19,0.35,0.57,2026-08-22,23:24:00,N,nominal,2.0NRT,287.62,1.42,N,VIIRS
51.01893,30.29976,299.58,0.35,0.57,2026-08-22,23:24:00,N,nominal,2.0NRT,287.96,1.86,N,VIIRS
51.01946,30.28452,304.33,0.35,0.57,2026-08-22,23:24:00,N,nominal,2.0NRT,288.93,1.32,N,VIIRS
51.01875,30.30485,333.54,0.35,0.57,2026-08-22,23:24:00,N,nominal,2.0NRT,289.42,1.86,N,VIIRS
51.18421,29.19715,302.47,0.39,0.59,2026-08-22,23:24:00,N,nominal,2.0NRT,285.28,0.9,N,VIIRS
51.18976,29.19748,343.13,0.39,0.59,2026-08-22,23:24:00,N,nominal,2.0NRT,288.75,4.15,N,VIIRS
51.18991,29.1918,367,0.39,0.59,2026-08-22,23:24:00,N,high,2.0NRT,291.71,6.73,N,VIIRS
51.19006,29.18604,354.91,0.39,0.59,2026-08-22,23:24:00,N,nominal,2.0NRT,288.54,6.73,N,VIIRS
51.19021,29.1803,345.22,0.39,0.59,2026-08-22,23:24:00,N,nominal,2.0NRT,285.55,5.3,N,VIIRS
51.1953,29.19786,310.03,0.39,0.59,2026-08-22,23:24:00,N,nominal,2.0NRT,287.18,4.15,N,VIIRS
51.19545,29.19218,310.1,0.39,0.59,2026-08-22,23:24:00,N,nominal,2.0NRT,288.05,6.73,N,VIIRS
51.19561,29.18644,301.74,0.39,0.59,2026-08-22,23:24:00,N,nominal,2.0NRT,287.4,6.73,N,VIIRS
51.19591,29.17491,318.29,0.39,0.59,2026-08-22,23:24:00,N,nominal,2.0NRT,287.9,5.3,N,VIIRS
51.19606,29.16918,318.17,0.39,0.59,2026-08-22,23:24:00,N,nominal,2.0NRT,286.29,1.73,N,VIIRS
51.19621,29.16348,299.19,0.39,0.59,2026-08-22,23:24:00,N,nominal,2.0NRT,283.36,1.73,N,VIIRS
51.19576,29.18068,329.86,0.39,0.59,2026-08-22,23:24:00,N,nominal,2.0NRT,289.68,5.3,N,VIIRS
51.20192,29.15801,314.96,0.39,0.59,2026-08-22,23:24:00,N,nominal,2.0NRT,286.09,3.07,N,VIIRS
51.20207,29.15217,297.36,0.39,0.59,2026-08-22,23:24:00,N,nominal,2.0NRT,284.71,3.07,N,VIIRS
51.20085,29.19822,322.07,0.39,0.59,2026-08-22,23:24:00,N,nominal,2.0NRT,286.5,12.33,N,VIIRS
51.201,29.19256,347.22,0.39,0.59,2026-08-22,23:24:00,N,nominal,2.0NRT,299.23,32.71,N,VIIRS
51.20115,29.18685,367,0.39,0.59,2026-08-22,23:24:00,N,high,2.0NRT,297.03,32.71,N,VIIRS
51.20131,29.18109,357,0.39,0.59,2026-08-22,23:24:00,N,nominal,2.0NRT,294.42,24.61,N,VIIRS
51.20146,29.17531,367,0.39,0.59,2026-08-22,23:24:00,N,high,2.0NRT,292.2,24.61,N,VIIRS
51.20161,29.16955,367,0.39,0.59,2026-08-22,23:24:00,N,high,2.0NRT,288.07,8,N,VIIRS
51.20177,29.16379,350.39,0.39,0.59,2026-08-22,23:24:00,N,nominal,2.0NRT,287.95,8,N,VIIRS
51.2067,29.18717,297.28,0.39,0.59,2026-08-22,23:24:00,N,nominal,2.0NRT,283.89,32.71,N,VIIRS
51.20717,29.16984,310.27,0.39,0.59,2026-08-22,23:24:00,N,nominal,2.0NRT,285.06,8,N,VIIRS
51.20732,29.16406,316.08,0.39,0.59,2026-08-22,23:24:00,N,nominal,2.0NRT,284.88,8,N,VIIRS
51.20686,29.18141,353.65,0.39,0.59,2026-08-22,23:24:00,N,nominal,2.0NRT,287.9,24.61,N,VIIRS
51.20701,29.17563,334.49,0.39,0.59,2026-08-22,23:24:00,N,nominal,2.0NRT,286.31,24.61,N,VIIRS
51.35496,30.271,301.33,0.35,0.57,2026-08-22,23:24:00,N,nominal,2.0NRT,288.42,1.06,N,VIIRS
51.35514,30.26587,300.15,0.35,0.57,2026-08-22,23:24:00,N,nominal,2.0NRT,287.43,1.24,N,VIIRS
51.41448,28.75276,302.94,0.41,0.6,2026-08-22,23:24:00,N,nominal,2.0NRT,283.75,1.61,N,VIIRS
51.42014,28.75314,321.62,0.41,0.6,2026-08-22,23:24:00,N,nominal,2.0NRT,285.01,1.82,N,VIIRS
51.29377,34.18796,305.28,0.48,0.48,2026-08-22,23:24:00,N,nominal,2.0NRT,286.54,1.05,N,VIIRS
51.36616,34.22178,296.03,0.47,0.48,2026-08-22,23:24:00,N,nominal,2.0NRT,285.14,0.4,N,VIIRS
51.89167,34.19615,317.67,0.48,0.48,2026-08-22,23:24:00,N,nominal,2.0NRT,286.93,1.24,N,VIIRS
51.89613,34.19704,309.12,0.48,0.48,2026-08-22,23:24:00,N,nominal,2.0NRT,286.8,1.24,N,VIIRS
46.88443,36.57393,317.5,0.51,0.41,2026-08-22,23:24:00,N,nominal,2.0NRT,289.2,6.03,N,VIIRS
46.88513,36.56719,332.22,0.51,0.41,2026-08-22,23:24:00,N,nominal,2.0NRT,294.45,6.03,N,VIIRS
46.88821,36.57481,314.5,0.51,0.41,2026-08-22,23:24:00,N,nominal,2.0NRT,289.3,6.03,N,VIIRS
46.89243,36.53428,313.02,0.51,0.41,2026-08-22,23:24:00,N,nominal,2.0NRT,290.6,1.83,N,VIIRS
46.88891,36.56805,323.95,0.51,0.41,2026-08-22,23:24:00,N,nominal,2.0NRT,289.6,6.03,N,VIIRS
46.8927,36.56889,303.82,0.51,0.41,2026-08-22,23:24:00,N,nominal,2.0NRT,288.26,1.11,N,VIIRS
46.89622,36.53516,302.5,0.51,0.41,2026-08-22,23:24:00,N,nominal,2.0NRT,289.43,0.98,N,VIIRS
46.89692,36.5285,306.85,0.51,0.41,2026-08-22,23:24:00,N,nominal,2.0NRT,290,0.98,N,VIIRS
46.94574,36.16739,318.92,0.53,0.42,2026-08-22,23:24:00,N,nominal,2.0NRT,291.13,2.53,N,VIIRS
46.96827,36.1007,302.44,0.53,0.42,2026-08-22,23:24:00,N,nominal,2.0NRT,291,0.57,N,VIIRS
47.01365,35.7663,301.83,0.55,0.43,2026-08-22,23:24:00,N,nominal,2.0NRT,288.83,0.69,N,VIIRS
46.99722,36.16481,306.84,0.53,0.42,2026-08-22,23:24:00,N,nominal,2.0NRT,290.15,0.92,N,VIIRS
47.00108,36.16564,299.67,0.53,0.42,2026-08-22,23:24:00,N,nominal,2.0NRT,289.43,0.92,N,VIIRS
47.00179,36.15868,305.35,0.53,0.42,2026-08-22,23:24:00,N,nominal,2.0NRT,289.55,0.92,N,VIIRS
47.23304,33.64808,316.42,0.45,0.47,2026-08-22,23:24:00,N,nominal,2.0NRT,290.5,14.68,N,VIIRS
47.00252,36.1517,329.05,0.53,0.42,2026-08-22,23:24:00,N,nominal,2.0NRT,291.6,3.4,N,VIIRS
47.23353,33.64199,367,0.45,0.47,2026-08-22,23:24:00,N,high,2.0NRT,297.48,14.68,N,VIIRS
47.23402,33.6359,334.27,0.46,0.47,2026-08-22,23:24:00,N,nominal,2.0NRT,291.09,11.3,N,VIIRS
47.23886,33.63056,300.53,0.46,0.47,2026-08-22,23:24:00,N,nominal,2.0NRT,290.2,1.65,N,VIIRS
47.24272,33.6374,307.63,0.46,0.47,2026-08-22,23:24:00,N,nominal,2.0NRT,289.45,1.65,N,VIIRS
47.25811,33.664790000000004,316.11,0.45,0.47,2026-08-22,23:24:00,N,nominal,2.0NRT,289.86,1.72,N,VIIRS
47.2582,33.66605,313.78,0.45,0.47,2026-08-22,23:24:00,N,nominal,2.0NRT,290.15,1.05,N,VIIRS
47.26489,33.63632,307.67,0.46,0.47,2026-08-22,23:24:00,N,nominal,2.0NRT,289.42,1.41,N,VIIRS
47.07393,35.91255,303.47,0.54,0.42,2026-08-22,23:24:00,N,nominal,2.0NRT,291.23,2.76,N,VIIRS
47.07464,35.90533,332.25,0.54,0.42,2026-08-22,23:24:00,N,nominal,2.0NRT,291.99,2.76,N,VIIRS
47.07783,35.91341,318.54,0.54,0.42,2026-08-22,23:24:00,N,nominal,2.0NRT,291.08,2.76,N,VIIRS
47.07854,35.9062,324.48,0.54,0.42,2026-08-22,23:24:00,N,nominal,2.0NRT,291.68,2.76,N,VIIRS
47.08491,35.92234,302.33,0.54,0.42,2026-08-22,23:24:00,N,nominal,2.0NRT,289.84,1.78,N,VIIRS
47.31072,33.50083,313.04,0.46,0.47,2026-08-22,23:24:00,N,nominal,2.0NRT,289.25,3.17,N,VIIRS
47.31511,33.50158,342.69,0.46,0.47,2026-08-22,23:24:00,N,nominal,2.0NRT,291.85,3.17,N,VIIRS
47.319,33.508540000000004,311.88,0.46,0.47,2026-08-22,23:24:00,N,nominal,2.0NRT,290.15,1.36,N,VIIRS
47.10355,36.01437,299.4,0.54,0.42,2026-08-22,23:24:00,N,nominal,2.0NRT,288.51,1.02,N,VIIRS
47.10743,36.01524,308.1,0.54,0.42,2026-08-22,23:24:00,N,nominal,2.0NRT,290.17,1.02,N,VIIRS
47.4715,31.58199,305.64,0.57,0.52,2026-08-22,23:24:00,N,nominal,2.0NRT,287.75,0.89,N,VIIRS
47.17398,35.83051,303.25,0.55,0.43,2026-08-22,23:24:00,N,nominal,2.0NRT,289.34,0.83,N,VIIRS
47.17308,35.82962,301.12,0.55,0.43,2026-08-22,23:24:00,N,nominal,2.0NRT,289.24,1.12,N,VIIRS
47.29481,34.58026,302.2,0.41,0.45,2026-08-22,23:24:00,N,nominal,2.0NRT,289.27,0.79,N,VIIRS
47.29897,34.5811,310.06,0.41,0.45,2026-08-22,23:24:00,N,nominal,2.0NRT,289.64,0.79,N,VIIRS
47.56276,30.8738,305.07,0.62,0.54,2026-08-22,23:24:00,N,nominal,2.0NRT,290.26,1.35,N,VIIRS
47.21955,35.96586,316.55,0.54,0.42,2026-08-22,23:24:00,N,nominal,2.0NRT,291.13,1.42,N,VIIRS
47.22028,35.95863,301.67,0.54,0.42,2026-08-22,23:24:00,N,nominal,2.0NRT,291.42,1.42,N,VIIRS
47.46276,33.53992,315.56,0.46,0.47,2026-08-22,23:24:00,N,nominal,2.0NRT,290.01,1.93,N,VIIRS
47.46523,33.50879,304.63,0.46,0.47,2026-08-22,23:24:00,N,nominal,2.0NRT,289.17,0.78,N,VIIRS
47.46714,33.54068,300.23,0.46,0.47,2026-08-22,23:24:00,N,nominal,2.0NRT,289.81,0.72,N,VIIRS
47.46962,33.50953,303.31,0.46,0.47,2026-08-22,23:24:00,N,nominal,2.0NRT,289.19,0.74,N,VIIRS
47.46656,33.54007,303.58,0.46,0.47,2026-08-22,23:24:00,N,nominal,2.0NRT,289.76,0.74,N,VIIRS
47.46887,33.50888,311.49,0.46,0.47,2026-08-22,23:24:00,N,nominal,2.0NRT,289.52,1.37,N,VIIRS
47.67103,31.00127,302.39,0.61,0.53,2026-08-22,23:24:00,N,nominal,2.0NRT,289.34,0.91,N,VIIRS
47.27859,36.32011,309.54,0.53,0.42,2026-08-22,23:24:00,N,nominal,2.0NRT,291.06,0.93,N,VIIRS
47.50472,33.84499,303.09,0.45,0.47,2026-08-22,23:24:00,N,nominal,2.0NRT,289.84,0.62,N,VIIRS
47.28243,36.32095,305.4,0.53,0.42,2026-08-22,23:24:00,N,nominal,2.0NRT,290.5,0.93,N,VIIRS
47.33521,35.79557,314.34,0.55,0.43,2026-08-22,23:24:00,N,nominal,2.0NRT,287.32,0.8,N,VIIRS
47.28627,36.3218,302.58,0.53,0.42,2026-08-22,23:24:00,N,nominal,2.0NRT,289.67,0.87,N,VIIRS
47.33914,35.79649,303.76,0.55,0.43,2026-08-22,23:24:00,N,nominal,2.0NRT,289.71,1.1,N,VIIRS
47.37027,35.55956,299.01,0.57,0.43,2026-08-22,23:24:00,N,nominal,2.0NRT,287.09,0.88,N,VIIRS
47.37424,35.56041,306.95,0.57,0.43,2026-08-22,23:24:00,N,nominal,2.0NRT,289.85,0.88,N,VIIRS
47.48804,34.4576,316.07,0.42,0.45,2026-08-22,23:24:00,N,nominal,2.0NRT,289.61,1.63,N,VIIRS
47.27087,38.06656,308.04,0.46,0.39,2026-08-22,23:24:00,N,nominal,2.0NRT,288.04,0.93,N,VIIRS
47.60422,34.93419,304.23,0.4,0.44,2026-08-22,23:24:00,N,nominal,2.0NRT,288.86,0.68,N,VIIRS
47.44917,36.62746,298.29,0.51,0.41,2026-08-22,23:24:00,N,nominal,2.0NRT,283.72,0.26,N,VIIRS
47.34793,37.59198,308.01,0.47,0.4,2026-08-22,23:24:00,N,nominal,2.0NRT,290.64,0.83,N,VIIRS
47.6675,35.23562,302.3,0.39,0.44,2026-08-22,23:24:00,N,nominal,2.0NRT,289.96,0.61,N,VIIRS
47.67155,35.23654,308.94,0.39,0.44,2026-08-22,23:24:00,N,nominal,2.0NRT,290.61,1.09,N,VIIRS
47.71222,35.1528,304.89,0.4,0.44,2026-08-22,23:24:00,N,nominal,2.0NRT,291.1,1.9,N,VIIRS
47.87258,33.43865,310.36,0.47,0.48,2026-08-22,23:24:00,N,nominal,2.0NRT,293.61,1.07,N,VIIRS
47.47249,37.73965,301.9,0.47,0.4,2026-08-22,23:24:00,N,nominal,2.0NRT,288.79,0.77,N,VIIRS
47.47613,37.74057,307.25,0.47,0.4,2026-08-22,23:24:00,N,nominal,2.0NRT,288.76,1.08,N,VIIRS
47.48193,37.72279,302.19,0.47,0.4,2026-08-22,23:24:00,N,nominal,2.0NRT,288.61,0.96,N,VIIRS
47.55178,37.20778,307,0.49,0.4,2026-08-22,23:24:00,N,nominal,2.0NRT,286.59,1,N,VIIRS
47.55623,37.2021,303.43,0.49,0.4,2026-08-22,23:24:00,N,nominal,2.0NRT,286.94,1,N,VIIRS
47.55994,37.20298,297.3,0.49,0.4,2026-08-22,23:24:00,N,nominal,2.0NRT,286.25,0.27,N,VIIRS
47.55222,37.20757,306.88,0.49,0.4,2026-08-22,23:24:00,N,nominal,2.0NRT,286.59,0.58,N,VIIRS
47.55664,37.20188,302.94,0.49,0.4,2026-08-22,23:24:00,N,nominal,2.0NRT,286.9,1.13,N,VIIRS
47.53311,37.72305,310.88,0.47,0.4,2026-08-22,23:24:00,N,nominal,2.0NRT,287.77,1.62,N,VIIRS
47.60527,37.31442,305.16,0.49,0.4,2026-08-22,23:24:00,N,nominal,2.0NRT,289.7,1.1,N,VIIRS
47.78051,35.73529,300.33,0.56,0.43,2026-08-22,23:24:00,N,nominal,2.0NRT,289.6,0.55,N,VIIRS
47.66151,36.975,313.29,0.5,0.41,2026-08-22,23:24:00,N,nominal,2.0NRT,289.81,2.27,N,VIIRS
47.66224,36.96828,301.48,0.5,0.41,2026-08-22,23:24:00,N,nominal,2.0NRT,290.1,0.7,N,VIIRS
47.84124,35.26706,311.33,0.39,0.44,2026-08-22,23:24:00,N,nominal,2.0NRT,291.79,1.04,N,VIIRS
47.86121,35.14092,305.47,0.4,0.44,2026-08-22,23:24:00,N,nominal,2.0NRT,293.98,1.48,N,VIIRS
47.80972,35.72635,300.99,0.56,0.43,2026-08-22,23:24:00,N,nominal,2.0NRT,289.19,1.01,N,VIIRS
47.82435,35.65956,313.44,0.57,0.43,2026-08-22,23:24:00,N,nominal,2.0NRT,289.27,3.1,N,VIIRS
47.82509,35.65192,328.25,0.57,0.43,2026-08-22,23:24:00,N,nominal,2.0NRT,289.92,3.1,N,VIIRS
47.82684,35.67566,302.34,0.57,0.43,2026-08-22,23:24:00,N,nominal,2.0NRT,291.14,1.07,N,VIIRS
47.82833,35.66042,316.04,0.57,0.43,2026-08-22,23:24:00,N,nominal,2.0NRT,289.76,2.11,N,VIIRS
47.82252,35.65021,311.3,0.57,0.43,2026-08-22,23:24:00,N,nominal,2.0NRT,287.83,1.89,N,VIIRS
47.8258,35.65874,322.73,0.57,0.43,2026-08-22,23:24:00,N,nominal,2.0NRT,289.64,4.31,N,VIIRS
47.8265,35.6511,321.96,0.57,0.43,2026-08-22,23:24:00,N,nominal,2.0NRT,290.41,1.89,N,VIIRS
47.82978,35.6596,300.52,0.57,0.43,2026-08-22,23:24:00,N,nominal,2.0NRT,288.99,0.96,N,VIIRS
47.84826,35.6791,304.28,0.57,0.43,2026-08-22,23:24:00,N,nominal,2.0NRT,288.56,0.87,N,VIIRS
47.69199,37.26164,324.09,0.49,0.4,2026-08-22,23:24:00,N,nominal,2.0NRT,291.13,2.17,N,VIIRS
47.85225,35.67992,330.87,0.57,0.43,2026-08-22,23:24:00,N,nominal,2.0NRT,287.47,3.35,N,VIIRS
47.69284,37.28883,305.11,0.49,0.4,2026-08-22,23:24:00,N,nominal,2.0NRT,291,1.1,N,VIIRS
47.6957,37.26258,313.88,0.49,0.4,2026-08-22,23:24:00,N,nominal,2.0NRT,292.42,2.17,N,VIIRS
47.70097,37.28409,301.17,0.49,0.4,2026-08-22,23:24:00,N,nominal,2.0NRT,291.1,0.83,N,VIIRS
47.72926,37.09393,300.12,0.5,0.41,2026-08-22,23:24:00,N,nominal,2.0NRT,287.72,0.6,N,VIIRS
47.6944,37.5815,309.55,0.48,0.4,2026-08-22,23:24:00,N,nominal,2.0NRT,287.54,0.77,N,VIIRS
47.67139,37.84811,297.92,0.47,0.4,2026-08-22,23:24:00,N,nominal,2.0NRT,287.2,0.94,N,VIIRS
48.39478,28.30218,298.92,0.41,0.61,2026-08-22,23:24:00,N,nominal,2.0NRT,286,1.33,N,VIIRS
47.64722,38.30283,310.44,0.45,0.39,2026-08-22,23:24:00,N,nominal,2.0NRT,288.21,1.26,N,VIIRS
47.64795,38.29676,299.04,0.45,0.39,2026-08-22,23:24:00,N,nominal,2.0NRT,288.67,1.26,N,VIIRS
47.88943,36.12316,303.63,0.54,0.42,2026-08-22,23:24:00,N,nominal,2.0NRT,288.41,1.18,N,VIIRS
47.65005,38.30982,301.2,0.45,0.39,2026-08-22,23:24:00,N,nominal,2.0NRT,289.43,0.72,N,VIIRS
47.65152,38.29771,302.12,0.45,0.39,2026-08-22,23:24:00,N,nominal,2.0NRT,287.61,1.26,N,VIIRS
47.77879,37.20123,300.53,0.49,0.41,2026-08-22,23:24:00,N,nominal,2.0NRT,289.54,1.61,N,VIIRS
47.65079,38.30376,329.45,0.45,0.39,2026-08-22,23:24:00,N,nominal,2.0NRT,290.49,1.26,N,VIIRS
47.64868,38.29705,309.43,0.45,0.39,2026-08-22,23:24:00,N,nominal,2.0NRT,289.64,1,N,VIIRS
47.64797,38.30313,323.43,0.45,0.39,2026-08-22,23:24:00,N,nominal,2.0NRT,289.05,2.72,N,VIIRS
47.65154,38.30405,317.1,0.45,0.39,2026-08-22,23:24:00,N,nominal,2.0NRT,289.06,1.56,N,VIIRS
47.77814,37.20738,302.21,0.49,0.41,2026-08-22,23:24:00,N,nominal,2.0NRT,289.5,1.02,N,VIIRS
47.77885,37.20071,308.78,0.49,0.41,2026-08-22,23:24:00,N,nominal,2.0NRT,289.57,2.02,N,VIIRS
47.88851,36.1216,302.47,0.54,0.42,2026-08-22,23:24:00,N,nominal,2.0NRT,289.08,0.99,N,VIIRS
47.78043,37.22161,304.82,0.49,0.41,2026-08-22,23:24:00,N,nominal,2.0NRT,290.49,1.33,N,VIIRS
47.78186,37.20833,328.09,0.49,0.41,2026-08-22,23:24:00,N,nominal,2.0NRT,292.38,4.25,N,VIIRS
47.78257,37.20168,348.68,0.49,0.41,2026-08-22,23:24:00,N,nominal,2.0NRT,294.72,5.19,N,VIIRS
47.78699,37.196,327.23,0.49,0.41,2026-08-22,23:24:00,N,nominal,2.0NRT,292.78,5.19,N,VIIRS
47.79143,37.19028,300.86,0.5,0.41,2026-08-22,23:24:00,N,nominal,2.0NRT,289.44,1.13,N,VIIRS
47.79214,37.18365,310.91,0.5,0.41,2026-08-22,23:24:00,N,nominal,2.0NRT,290.11,1.13,N,VIIRS
47.93483,35.8043,300.18,0.56,0.43,2026-08-22,23:24:00,N,nominal,2.0NRT,286.44,0.98,N,VIIRS
47.65798,38.43579,301.97,0.45,0.39,2026-08-22,23:24:00,N,nominal,2.0NRT,288.86,0.74,N,VIIRS
47.66153,38.43676,306.65,0.45,0.39,2026-08-22,23:24:00,N,nominal,2.0NRT,288.33,0.74,N,VIIRS
47.65004,38.59316,304.45,0.44,0.39,2026-08-22,23:24:00,N,nominal,2.0NRT,289.94,0.81,N,VIIRS
47.65076,38.58723,306.75,0.44,0.39,2026-08-22,23:24:00,N,nominal,2.0NRT,290.61,0.81,N,VIIRS
48.16726,33.19627,308.65,0.49,0.48,2026-08-22,23:24:00,N,nominal,2.0NRT,289.75,1.42,N,VIIRS
47.65148,38.5813,323.75,0.44,0.39,2026-08-22,23:24:00,N,nominal,2.0NRT,290.26,2.34,N,VIIRS
47.8274,37.06898,301.33,0.5,0.41,2026-08-22,23:24:00,N,nominal,2.0NRT,290.56,0.54,N,VIIRS
47.65429,38.58818,328.06,0.44,0.39,2026-08-22,23:24:00,N,nominal,2.0NRT,291,2.58,N,VIIRS
47.86161,37.00103,300.8,0.5,0.41,2026-08-22,23:24:00,N,nominal,2.0NRT,289.6,1.16,N,VIIRS
47.82347,37.45403,305.64,0.48,0.4,2026-08-22,23:24:00,N,nominal,2.0NRT,287.82,1.36,N,VIIRS
48.47001,29.1194,313.76,0.38,0.59,2026-08-22,23:24:00,N,nominal,2.0NRT,285.59,1.6,N,VIIRS
48.47062,29.11777,307.74,0.38,0.59,2026-08-22,23:24:00,N,nominal,2.0NRT,285.3,0.99,N,VIIRS
48.26371,33.26725,301.3,0.49,0.48,2026-08-22,23:24:00,N,nominal,2.0NRT,288.87,1.15,N,VIIRS
48.06443,35.86377,299.7,0.56,0.43,2026-08-22,23:24:00,N,nominal,2.0NRT,287.38,0.98,N,VIIRS
48.06767,35.87216,302.63,0.56,0.43,2026-08-22,23:24:00,N,nominal,2.0NRT,288.08,0.98,N,VIIRS
48.06729,35.91807,320.55,0.56,0.43,2026-08-22,23:24:00,N,nominal,2.0NRT,288.93,2.39,N,VIIRS
47.8349,38.47216,301.81,0.45,0.39,2026-08-22,23:24:00,N,nominal,2.0NRT,291.21,1.04,N,VIIRS
48.06622,36.52362,314.92,0.53,0.42,2026-08-22,23:24:00,N,nominal,2.0NRT,285.28,0.7,N,VIIRS
48.06687,36.52281,309.63,0.53,0.42,2026-08-22,23:24:00,N,nominal,2.0NRT,284.91,1.58,N,VIIRS
48.16075,35.58047,299.18,0.38,0.44,2026-08-22,23:24:00,N,nominal,2.0NRT,286.42,0.34,N,VIIRS
47.98908,37.34716,304.02,0.49,0.4,2026-08-22,23:24:00,N,nominal,2.0NRT,285.44,0.9,N,VIIRS
48.10955,36.37167,306.69,0.54,0.42,2026-08-22,23:24:00,N,nominal,2.0NRT,290.67,1.28,N,VIIRS
48.07797,36.9829,305.25,0.51,0.41,2026-08-22,23:24:00,N,nominal,2.0NRT,290.54,1.2,N,VIIRS
48.74673,26.60028,296.74,0.49,0.65,2026-08-22,23:24:00,N,nominal,2.0NRT,285.13,1.31,N,VIIRS
48.20362,36.10698,302.58,0.55,0.43,2026-08-22,23:24:00,N,nominal,2.0NRT,287.37,0.82,N,VIIRS
48.20436,36.09951,301.51,0.55,0.43,2026-08-22,23:24:00,N,nominal,2.0NRT,287.14,0.82,N,VIIRS
47.84018,39.3476,298.38,0.43,0.38,2026-08-22,23:24:00,N,nominal,2.0NRT,286.72,0.45,N,VIIRS
47.84092,39.34871,303.27,0.43,0.38,2026-08-22,23:24:00,N,nominal,2.0NRT,288.22,0.3,N,VIIRS
48.20655,36.10663,300.85,0.55,0.43,2026-08-22,23:24:00,N,nominal,2.0NRT,287.31,0.42,N,VIIRS
48.20727,36.09916,303.12,0.55,0.43,2026-08-22,23:24:00,N,nominal,2.0NRT,287.49,0.76,N,VIIRS
48.02262,38.11319,301.15,0.46,0.39,2026-08-22,23:24:00,N,nominal,2.0NRT,290.73,0.32,N,VIIRS
48.16796,36.77716,330.99,0.52,0.41,2026-08-22,23:24:00,N,nominal,2.0NRT,290.08,3.53,N,VIIRS
48.05935,37.95535,309.63,0.47,0.4,2026-08-22,23:24:00,N,nominal,2.0NRT,292.8,1.5,N,VIIRS
48.09708,37.91974,299.63,0.47,0.4,2026-08-22,23:24:00,N,nominal,2.0NRT,289.25,0.3,N,VIIRS
48.09999,37.92697,302.85,0.47,0.4,2026-08-22,23:24:00,N,nominal,2.0NRT,292.44,1.18,N,VIIRS
48.25152,36.7249,300.72,0.52,0.42,2026-08-22,23:24:00,N,nominal,2.0NRT,290.69,0.82,N,VIIRS
48.2634,36.61138,303.21,0.53,0.42,2026-08-22,23:24:00,N,nominal,2.0NRT,287.25,1.08,N,VIIRS
48.26723,36.61229,316.65,0.53,0.42,2026-08-22,23:24:00,N,nominal,2.0NRT,289.19,2.16,N,VIIRS
48.26798,36.60514,300.5,0.53,0.42,2026-08-22,23:24:00,N,nominal,2.0NRT,289.05,1.76,N,VIIRS
48.2642,36.61052,305.54,0.53,0.42,2026-08-22,23:24:00,N,nominal,2.0NRT,287.91,2.01,N,VIIRS
48.26804,36.61143,316.7,0.53,0.42,2026-08-22,23:24:00,N,nominal,2.0NRT,288.86,2.01,N,VIIRS
48.28857,36.4838,296.05,0.53,0.42,2026-08-22,23:24:00,N,nominal,2.0NRT,285.47,0.47,N,VIIRS
48.47255,34.63182,306.71,0.42,0.46,2026-08-22,23:24:00,N,nominal,2.0NRT,293.75,1.08,N,VIIRS
48.40332,35.4829,315.43,0.39,0.44,2026-08-22,23:24:00,N,nominal,2.0NRT,289.33,1.33,N,VIIRS
48.53355,34.61861,310.85,0.43,0.46,2026-08-22,23:24:00,N,nominal,2.0NRT,294.06,2.29,N,VIIRS
48.24457,37.69949,299.96,0.48,0.4,2026-08-22,23:24:00,N,nominal,2.0NRT,287.71,0.86,N,VIIRS
48.50545,35.66816,306.11,0.38,0.44,2026-08-22,23:24:00,N,nominal,2.0NRT,286.88,1.21,N,VIIRS
48.50593,35.66293,303.91,0.38,0.44,2026-08-22,23:24:00,N,nominal,2.0NRT,287.72,1.59,N,VIIRS
48.50994,35.66374,305.02,0.38,0.44,2026-08-22,23:24:00,N,nominal,2.0NRT,286.9,0.62,N,VIIRS
48.29702,37.78714,313.94,0.48,0.4,2026-08-22,23:24:00,N,nominal,2.0NRT,289.77,1.46,N,VIIRS
48.46521,37.08151,331.03,0.51,0.41,2026-08-22,23:24:00,N,nominal,2.0NRT,291.41,4.52,N,VIIRS
48.46971,37.07544,303.31,0.51,0.41,2026-08-22,23:24:00,N,nominal,2.0NRT,291.47,1.16,N,VIIRS
48.47727,37.07716,303.96,0.51,0.41,2026-08-22,23:24:00,N,nominal,2.0NRT,289.39,1.2,N,VIIRS
48.46399,37.34663,299.62,0.5,0.41,2026-08-22,23:24:00,N,nominal,2.0NRT,286.65,0.6,N,VIIRS
48.65002,36.78675,298.7,0.52,0.42,2026-08-22,23:24:00,N,nominal,2.0NRT,287.03,0.47,N,VIIRS
48.57369,37.60694,300.92,0.49,0.4,2026-08-22,23:24:00,N,nominal,2.0NRT,287.03,0.74,N,VIIRS
48.57739,37.60785,306.47,0.49,0.4,2026-08-22,23:24:00,N,nominal,2.0NRT,287.96,0.74,N,VIIRS
48.46395,38.75153,303.62,0.45,0.39,2026-08-22,23:24:00,N,nominal,2.0NRT,293.57,1.82,N,VIIRS
48.46678,38.75851,311.95,0.45,0.39,2026-08-22,23:24:00,N,nominal,2.0NRT,294.25,1.86,N,VIIRS
48.61216,38.30783,312.96,0.46,0.39,2026-08-22,23:24:00,N,nominal,2.0NRT,292.25,1.74,N,VIIRS
48.61502,38.31511,307.99,0.46,0.39,2026-08-22,23:24:00,N,nominal,2.0NRT,291.94,1.41,N,VIIRS
48.61203,38.3092,314.48,0.46,0.39,2026-08-22,23:24:00,N,nominal,2.0NRT,292.71,1.32,N,VIIRS
48.61564,38.31014,309.65,0.46,0.39,2026-08-22,23:24:00,N,nominal,2.0NRT,292.71,1.32,N,VIIRS
48.66533,38.00094,320.05,0.47,0.4,2026-08-22,23:24:00,N,nominal,2.0NRT,287.2,1.8,N,VIIRS
48.74076,37.5188,296.8,0.49,0.41,2026-08-22,23:24:00,N,nominal,2.0NRT,285.9,0.37,N,VIIRS
48.88416,36.30713,306.96,0.55,0.43,2026-08-22,23:24:00,N,nominal,2.0NRT,290.88,0.68,N,VIIRS
48.75887,37.70224,300.54,0.49,0.4,2026-08-22,23:24:00,N,nominal,2.0NRT,287.18,0.37,N,VIIRS
50.18684,37.45871,302.43,0.51,0.41,2026-08-22,23:24:00,N,nominal,2.0NRT,288.88,0.84,N,VIIRS
50.30999,36.15735,301.65,0.39,0.44,2026-08-22,23:24:00,N,nominal,2.0NRT,286.28,0.89,N,VIIRS
50.32594,35.70052,302.36,0.4,0.44,2026-08-22,23:24:00,N,nominal,2.0NRT,286.8,0.26,N,VIIRS
50.37343,34.97609,298.23,0.43,0.46,2026-08-22,23:24:00,N,nominal,2.0NRT,287.9,0.54,N,VIIRS
50.24701,36.08216,297.16,0.39,0.44,2026-08-22,23:24:00,N,nominal,2.0NRT,286.21,0.27,N,VIIRS
50.24393,36.07051,298.09,0.39,0.44,2026-08-22,23:24:00,N,nominal,2.0NRT,287.12,0.89,N,VIIRS
50.16837,36.85204,302.11,0.54,0.42,2026-08-22,23:24:00,N,nominal,2.0NRT,288.97,0.78,N,VIIRS
50.17282,36.81603,299.14,0.54,0.42,2026-08-22,23:24:00,N,nominal,2.0NRT,288.91,1.29,N,VIIRS
50.54416,26.25474,304.13,0.52,0.67,2026-08-22,23:24:00,N,nominal,2.0NRT,283.96,1.83,N,VIIRS
49.92416,37.28373,306.62,0.52,0.41,2026-08-22,23:24:00,N,nominal,2.0NRT,288.03,1.01,N,VIIRS
50.16844,33.70805,308.01,0.49,0.48,2026-08-22,23:24:00,N,nominal,2.0NRT,291.99,1.93,N,VIIRS
49.72684,37.60835,317.24,0.5,0.41,2026-08-22,23:24:00,N,nominal,2.0NRT,289.69,2.57,N,VIIRS
49.22808,39.21846,337.97,0.44,0.38,2026-08-22,23:24:00,N,nominal,2.0NRT,290.77,4.55,N,VIIRS
49.22734,39.22456,309.89,0.44,0.38,2026-08-22,23:24:00,N,nominal,2.0NRT,289.94,1.16,N,VIIRS
49.87358,28.61107,307.11,0.41,0.6,2026-08-22,23:24:00,N,nominal,2.0NRT,284.76,0.99,N,VIIRS
49.13375,37.53145,300.38,0.5,0.41,2026-08-22,23:24:00,N,nominal,2.0NRT,289.58,1.05,N,VIIRS
49.13375,37.53189,300.67,0.5,0.41,2026-08-22,23:24:00,N,nominal,2.0NRT,289.81,0.7,N,VIIRS
48.94701,38.68217,305.91,0.45,0.39,2026-08-22,23:24:00,N,nominal,2.0NRT,289.13,1.47,N,VIIRS
48.93138,38.62659,305.98,0.46,0.39,2026-08-22,23:24:00,N,nominal,2.0NRT,290.29,0.78,N,VIIRS
49.00055,37.81011,300.73,0.49,0.4,2026-08-22,23:24:00,N,nominal,2.0NRT,288.51,0.58,N,VIIRS
48.99961,37.81044,300.29,0.49,0.4,2026-08-22,23:24:00,N,nominal,2.0NRT,288.34,0.44,N,VIIRS
48.99595,37.77523,300.57,0.49,0.4,2026-08-22,23:24:00,N,nominal,2.0NRT,288.32,0.16,N,VIIRS
48.99003,37.79427,301.85,0.49,0.4,2026-08-22,23:24:00,N,nominal,2.0NRT,287.59,0.2,N,VIIRS
48.96632,38.00507,297.78,0.48,0.4,2026-08-22,23:24:00,N,nominal,2.0NRT,287.74,0.32,N,VIIRS
48.88831,38.55039,315.63,0.46,0.39,2026-08-22,23:24:00,N,nominal,2.0NRT,286.83,1.31,N,VIIRS
48.85193,38.73285,302.69,0.45,0.39,2026-08-22,23:24:00,N,nominal,2.0NRT,289.15,0.72,N,VIIRS
48.85046,38.74514,301.54,0.45,0.39,2026-08-22,23:24:00,N,nominal,2.0NRT,288.58,0.59,N,VIIRS
48.85643,38.66394,317.19,0.45,0.39,2026-08-22,23:24:00,N,nominal,2.0NRT,289.65,2.74,N,VIIRS
48.84407,38.73703,347.04,0.45,0.39,2026-08-22,23:24:00,N,nominal,2.0NRT,294.69,6.85,N,VIIRS
48.84334,38.74318,326.82,0.45,0.39,2026-08-22,23:24:00,N,nominal,2.0NRT,288.28,6.85,N,VIIRS
48.84052,38.73605,344.53,0.45,0.39,2026-08-22,23:24:00,N,nominal,2.0NRT,295.85,17.14,N,VIIRS
48.83978,38.74219,352.8,0.45,0.39,2026-08-22,23:24:00,N,nominal,2.0NRT,302.46,17.14,N,VIIRS
48.83622,38.74121,300.59,0.45,0.39,2026-08-22,23:24:00,N,nominal,2.0NRT,288.8,17.14,N,VIIRS
48.82555,38.73824,338.79,0.45,0.39,2026-08-22,23:24:00,N,nominal,2.0NRT,289.32,4.64,N,VIIRS
49.54504,28.38272,295.64,0.41,0.61,2026-08-22,23:24:00,N,nominal,2.0NRT,283.92,0.43,N,VIIRS
48.89891,37.96749,301.04,0.48,0.4,2026-08-22,23:24:00,N,nominal,2.0NRT,287.62,1.22,N,VIIRS
48.90134,37.73718,297.86,0.49,0.4,2026-08-22,23:24:00,N,nominal,2.0NRT,287.43,0.42,N,VIIRS
48.98062,36.93608,301.82,0.52,0.42,2026-08-22,23:24:00,N,nominal,2.0NRT,287.36,0.27,N,VIIRS
48.97895,36.9135,299.85,0.52,0.42,2026-08-22,23:24:00,N,nominal,2.0NRT,287.42,0.15,N,VIIRS
48.97442,36.91974,306.09,0.52,0.42,2026-08-22,23:24:00,N,nominal,2.0NRT,287.02,1.05,N,VIIRS
48.87237,37.9,300.65,0.48,0.4,2026-08-22,23:24:00,N,nominal,2.0NRT,288.08,0.43,N,VIIRS
48.90021,37.737,298.52,0.49,0.4,2026-08-22,23:24:00,N,nominal,2.0NRT,287.8,0.47,N,VIIRS
48.98361,36.93013,299.47,0.52,0.42,2026-08-22,23:24:00,N,nominal,2.0NRT,288.78,0.81,N,VIIRS
48.97905,36.93632,302.91,0.52,0.42,2026-08-22,23:24:00,N,nominal,2.0NRT,287.59,0.96,N,VIIRS
48.87426,37.90043,297.45,0.48,0.4,2026-08-22,23:24:00,N,nominal,2.0NRT,287.22,0.39,N,VIIRS
48.97748,36.9138,302.05,0.52,0.42,2026-08-22,23:24:00,N,nominal,2.0NRT,286.61,0.7,N,VIIRS
48.97673,36.92101,299.47,0.52,0.42,2026-08-22,23:24:00,N,nominal,2.0NRT,287.22,0.7,N,VIIRS
48.97292,36.92001,302.76,0.52,0.42,2026-08-22,23:24:00,N,nominal,2.0NRT,286.75,0.47,N,VIIRS
48.85808,37.77435,328.46,0.49,0.4,2026-08-22,23:24:00,N,nominal,2.0NRT,291.09,2.7,N,VIIRS
48.92006,37.05298,306.09,0.52,0.41,2026-08-22,23:24:00,N,nominal,2.0NRT,287.4,1.8,N,VIIRS
48.85849,37.56186,303.85,0.49,0.41,2026-08-22,23:24:00,N,nominal,2.0NRT,291.09,0.9,N,VIIRS
48.96453,36.45408,301.32,0.54,0.42,2026-08-22,23:24:00,N,nominal,2.0NRT,287.19,1,N,VIIRS
48.72612,38.66661,300.31,0.45,0.39,2026-08-22,23:24:00,N,nominal,2.0NRT,289.68,0.74,N,VIIRS
48.88449,36.94292,345.34,0.52,0.42,2026-08-22,23:24:00,N,nominal,2.0NRT,295.85,11.07,N,VIIRS
48.87634,36.97061,299.85,0.52,0.41,2026-08-22,23:24:00,N,nominal,2.0NRT,283.16,0.48,N,VIIRS
46.65954,32.60701,306.82,0.5,0.49,2026-08-22,23:26:00,N,nominal,2.0NRT,292.24,1.19,N,VIIRS
46.69265,33.38531,328.25,0.46,0.47,2026-08-22,23:26:00,N,nominal,2.0NRT,291.88,2.13,N,VIIRS
46.69169,33.39752,327.4,0.46,0.47,2026-08-22,23:26:00,N,nominal,2.0NRT,291.01,2.37,N,VIIRS
46.69313,33.37918,309.93,0.46,0.47,2026-08-22,23:26:00,N,nominal,2.0NRT,290.91,2.13,N,VIIRS
46.69217,33.39142,317.47,0.46,0.47,2026-08-22,23:26:00,N,nominal,2.0NRT,291.22,2.37,N,VIIRS
46.68876,33.37843,306.31,0.46,0.47,2026-08-22,23:26:00,N,nominal,2.0NRT,291.18,1.55,N,VIIRS
46.50112,35.42264,303.16,0.56,0.43,2026-08-22,23:26:00,N,nominal,2.0NRT,289.66,1.59,N,VIIRS
46.76832,32.08915,304.1,0.53,0.5,2026-08-22,23:26:00,N,nominal,2.0NRT,291.41,1.24,N,VIIRS
46.74614,31.76641,315.14,0.55,0.51,2026-08-22,23:26:00,N,nominal,2.0NRT,290.28,2.35,N,VIIRS
46.74613,31.7681,312.97,0.55,0.51,2026-08-22,23:26:00,N,nominal,2.0NRT,290.39,2.56,N,VIIRS
46.70968,32.09602,323.59,0.53,0.5,2026-08-22,23:26:00,N,nominal,2.0NRT,291.79,2.81,N,VIIRS
46.66409,32.60772,326.27,0.5,0.49,2026-08-22,23:26:00,N,nominal,2.0NRT,293.39,3.18,N,VIIRS
46.59255,32.89978,305.14,0.48,0.48,2026-08-22,23:26:00,N,nominal,2.0NRT,293.13,1.93,N,VIIRS
46.41167,34.9397,325.71,0.39,0.44,2026-08-22,23:26:00,N,nominal,2.0NRT,290.17,2.44,N,VIIRS
46.37578,34.28475,312.87,0.42,0.45,2026-08-22,23:26:00,N,nominal,2.0NRT,289.8,1.66,N,VIIRS
46.3201,34.4773,301.09,0.41,0.45,2026-08-22,23:26:00,N,nominal,2.0NRT,289.77,1.09,N,VIIRS
46.41036,32.35964,315.59,0.51,0.49,2026-08-22,23:26:00,N,nominal,2.0NRT,291.13,2.66,N,VIIRS
46.39455,32.58673,302.52,0.5,0.49,2026-08-22,23:26:00,N,nominal,2.0NRT,291.28,1.37,N,VIIRS
46.39409,32.59327,300.89,0.5,0.49,2026-08-22,23:26:00,N,nominal,2.0NRT,290.31,0.55,N,VIIRS
46.27668,33.17092,301.62,0.47,0.48,2026-08-22,23:26:00,N,nominal,2.0NRT,291.54,0.46,N,VIIRS
45.93156,34.20856,318.09,0.42,0.45,2026-08-22,23:26:00,N,nominal,2.0NRT,289.99,1.42,N,VIIRS
45.93541,34.20884,305.57,0.42,0.45,2026-08-22,23:26:00,N,nominal,2.0NRT,289.98,1.2,N,VIIRS
45.93124,34.20807,319.48,0.42,0.45,2026-08-22,23:26:00,N,nominal,2.0NRT,289.65,1.2,N,VIIRS
45.99279,29.17757,303.45,0.36,0.57,2026-08-22,23:26:00,N,nominal,2.0NRT,289.92,1.31,N,VIIRS
45.66397,33.15391,306.17,0.46,0.47,2026-08-22,23:26:00,N,nominal,2.0NRT,291.88,1.09,N,VIIRS
45.36155,36.32542,300.64,0.5,0.41,2026-08-22,23:26:00,N,nominal,2.0NRT,290.62,0.36,N,VIIRS
45.12845,33.99914,300.46,0.42,0.45,2026-08-22,23:26:00,N,nominal,2.0NRT,290.45,0.68,N,VIIRS
44.77487,33.85994,299.53,0.42,0.45,2026-08-22,23:26:00,N,nominal,2.0NRT,289.32,0.4,N,VIIRS
