latitude,longitude,bright_ti4,scan,track,acq_date,acq_time,satellite,confidence,version,bright_ti5,frp,daynight,instrument
49.82322,33.98885,301.29,0.79,0.78,2026-09-01,01:37:00,N,nominal,2.0NRT,281.98,1.75,N,VIIRS
50.43943,30.66907,324.75,0.56,0.69,2026-09-01,01:37:00,N,nominal,2.0NRT,286.1,2.99,N,VIIRS
47.12049,34.53098,367,0.39,0.6,2026-09-01,09:41:00,N,high,2.0NRT,310.53,7.93,D,VIIRS
46.4309,32.34836,353.23,0.51,0.66,2026-09-01,09:41:00,N,nominal,2.0NRT,307.34,14.44,D,VIIRS
46.43294,32.35461,367,0.51,0.66,2026-09-01,09:41:00,N,high,2.0NRT,309.63,22.79,D,VIIRS
48.30494,38.98997,355.41,0.47,0.48,2026-09-01,09:41:00,N,nominal,2.0NRT,316.5,105.36,D,VIIRS
47.77142,35.38931,333.47,0.34,0.56,2026-09-01,09:41:00,N,low,2.0NRT,304.96,2.12,D,VIIRS
47.2896,35.84248,335.43,0.34,0.56,2026-09-01,09:41:00,N,low,2.0NRT,308.79,1.73,D,VIIRS
47.28222,35.81647,367,0.34,0.56,2026-09-01,09:41:00,N,high,2.0NRT,311.33,3.18,D,VIIRS
47.64928,37.16506,346.16,0.59,0.52,2026-09-01,09:41:00,N,nominal,2.0NRT,305.83,5.58,D,VIIRS
47.64473,37.16775,338,0.59,0.52,2026-09-01,09:41:00,N,nominal,2.0NRT,309.19,5.58,D,VIIRS
47.06139,35.11179,336.96,0.37,0.58,2026-09-01,09:41:00,N,nominal,2.0NRT,305.51,4.41,D,VIIRS
47.05638,35.11494,352.69,0.37,0.58,2026-09-01,09:41:00,N,nominal,2.0NRT,310.02,4.41,D,VIIRS
47.09718,35.27442,340.54,0.37,0.58,2026-09-01,09:41:00,N,nominal,2.0NRT,309.32,4.62,D,VIIRS
47.09585,35.26986,367,0.37,0.58,2026-09-01,09:41:00,N,high,2.0NRT,308.46,4.62,D,VIIRS
47.18326,35.61099,336.16,0.35,0.57,2026-09-01,09:41:00,N,low,2.0NRT,308.01,3.18,D,VIIRS
47.23728,35.81878,333.63,0.34,0.56,2026-09-01,09:41:00,N,nominal,2.0NRT,306.01,1.13,D,VIIRS
46.19632,32.47202,350.61,0.51,0.66,2026-09-01,09:41:00,N,nominal,2.0NRT,307.27,7.31,D,VIIRS
47.83196,38.06815,332.73,0.53,0.5,2026-09-01,09:41:00,N,nominal,2.0NRT,305.53,2.47,D,VIIRS
47.89417,38.30743,350.67,0.51,0.5,2026-09-01,09:41:00,N,nominal,2.0NRT,308.82,14.29,D,VIIRS
47.33997,36.29828,367,0.33,0.55,2026-09-01,09:41:00,N,high,2.0NRT,305.38,9.84,D,VIIRS
46.96099,35.01412,337.72,0.38,0.59,2026-09-01,09:41:00,N,nominal,2.0NRT,306.97,1.82,D,VIIRS
46.96239,35.01883,334.72,0.38,0.59,2026-09-01,09:41:00,N,low,2.0NRT,306.82,1.82,D,VIIRS
48.82955,37.68285,349.46,0.51,0.5,2026-09-01,09:41:00,N,nominal,2.0NRT,305.35,6.76,D,VIIRS
47.51783,33.29412,333.64,0.43,0.62,2026-09-01,09:41:00,N,low,2.0NRT,305.85,3.64,D,VIIRS
47.82743,34.38314,355.19,0.38,0.59,2026-09-01,09:41:00,N,nominal,2.0NRT,306.57,5.62,D,VIIRS
48.79281,37.82854,332.69,0.51,0.49,2026-09-01,09:41:00,N,nominal,2.0NRT,307.61,2.08,D,VIIRS
48.8047,37.87437,334.82,0.51,0.49,2026-09-01,09:41:00,N,low,2.0NRT,307.69,6.83,D,VIIRS
48.46381,36.63509,343.4,0.58,0.52,2026-09-01,09:41:00,N,nominal,2.0NRT,307.77,5.94,D,VIIRS
48.4679,36.65002,334.97,0.58,0.52,2026-09-01,09:41:00,N,nominal,2.0NRT,305.16,2.96,D,VIIRS
48.56939,37.0231,337.47,0.56,0.51,2026-09-01,09:41:00,N,nominal,2.0NRT,303.37,3.05,D,VIIRS
48.55986,37.04538,340.47,0.56,0.51,2026-09-01,09:41:00,N,nominal,2.0NRT,304.15,38.65,D,VIIRS
48.46496,36.63439,343.48,0.58,0.52,2026-09-01,09:41:00,N,nominal,2.0NRT,306.2,7.09,D,VIIRS
48.56863,37.0239,338.14,0.56,0.51,2026-09-01,09:41:00,N,nominal,2.0NRT,304.03,5.05,D,VIIRS
48.55716,37.03913,335.83,0.56,0.51,2026-09-01,09:41:00,N,low,2.0NRT,308.18,18.86,D,VIIRS
48.55906,37.04631,340.88,0.56,0.51,2026-09-01,09:41:00,N,nominal,2.0NRT,304.58,19.53,D,VIIRS
48.94915,38.58949,350.15,0.47,0.48,2026-09-01,09:41:00,N,nominal,2.0NRT,311.96,25.05,D,VIIRS
48.94348,38.58576,348.57,0.47,0.48,2026-09-01,09:41:00,N,nominal,2.0NRT,318.46,25.05,D,VIIRS
48.94501,38.5919,349.29,0.47,0.48,2026-09-01,09:41:00,N,nominal,2.0NRT,311.63,25.05,D,VIIRS
48.78451,38.08769,343.05,0.5,0.49,2026-09-01,09:41:00,N,nominal,2.0NRT,310.24,8.22,D,VIIRS
48.81074,38.19073,367,0.49,0.49,2026-09-01,09:41:00,N,high,2.0NRT,308.13,12.99,D,VIIRS
47.76194,34.41228,338.35,0.38,0.59,2026-09-01,09:41:00,N,nominal,2.0NRT,307.13,3.85,D,VIIRS
48.83885,38.32072,341.88,0.48,0.48,2026-09-01,09:41:00,N,nominal,2.0NRT,306.25,6.04,D,VIIRS
48.84042,38.32692,340,0.48,0.48,2026-09-01,09:41:00,N,nominal,2.0NRT,305.33,6.04,D,VIIRS
48.9481,38.75702,335.33,0.46,0.47,2026-09-01,09:41:00,N,nominal,2.0NRT,304.36,12.04,D,VIIRS
48.83617,38.32918,336.74,0.48,0.48,2026-09-01,09:41:00,N,low,2.0NRT,309.84,5.43,D,VIIRS
48.55058,37.30492,339.89,0.54,0.51,2026-09-01,09:41:00,N,nominal,2.0NRT,302.12,5.14,D,VIIRS
48.75234,38.07671,337.47,0.5,0.49,2026-09-01,09:41:00,N,nominal,2.0NRT,305.9,3.42,D,VIIRS
48.82549,38.36315,353.5,0.48,0.48,2026-09-01,09:41:00,N,nominal,2.0NRT,309.15,13.8,D,VIIRS
48.76648,38.15084,344.55,0.49,0.49,2026-09-01,09:41:00,N,nominal,2.0NRT,312.67,13.7,D,VIIRS
48.82133,38.36579,332.49,0.48,0.48,2026-09-01,09:41:00,N,nominal,2.0NRT,302.53,13.8,D,VIIRS
48.47305,37.07296,330.33,0.56,0.51,2026-09-01,09:41:00,N,low,2.0NRT,301.24,1.86,D,VIIRS
48.81618,38.38344,339.72,0.48,0.48,2026-09-01,09:41:00,N,nominal,2.0NRT,302.07,8.82,D,VIIRS
48.81781,38.38984,343.2,0.48,0.48,2026-09-01,09:41:00,N,nominal,2.0NRT,307.08,18.6,D,VIIRS
48.81199,38.38591,337.45,0.48,0.48,2026-09-01,09:41:00,N,nominal,2.0NRT,301.71,11.33,D,VIIRS
48.81359,38.3922,349.7,0.48,0.48,2026-09-01,09:41:00,N,nominal,2.0NRT,308.68,7.68,D,VIIRS
48.65131,37.78239,330.41,0.52,0.5,2026-09-01,09:41:00,N,low,2.0NRT,304.56,3.15,D,VIIRS
48.80939,38.39462,334.97,0.48,0.48,2026-09-01,09:41:00,N,low,2.0NRT,305.82,7.68,D,VIIRS
48.81102,38.40101,341.56,0.48,0.48,2026-09-01,09:41:00,N,nominal,2.0NRT,306.2,7.68,D,VIIRS
48.46169,37.08849,341.54,0.56,0.51,2026-09-01,09:41:00,N,nominal,2.0NRT,302.7,6.04,D,VIIRS
47.200920000000004,32.84904,355.72,0.46,0.64,2026-09-01,09:41:00,N,nominal,2.0NRT,308.85,6.76,D,VIIRS
47.20271,32.85459,333.22,0.46,0.63,2026-09-01,09:41:00,N,low,2.0NRT,307.34,7.2,D,VIIRS
48.45724,37.0912,334.04,0.56,0.51,2026-09-01,09:41:00,N,nominal,2.0NRT,303.37,6.04,D,VIIRS
48.46109,37.10544,340.62,0.56,0.51,2026-09-01,09:41:00,N,nominal,2.0NRT,303.28,6.95,D,VIIRS
48.463,37.09451,340.54,0.56,0.51,2026-09-01,09:41:00,N,nominal,2.0NRT,303.4,9.97,D,VIIRS
47.19703,32.85096,349.68,0.46,0.64,2026-09-01,09:41:00,N,nominal,2.0NRT,307.47,30.8,D,VIIRS
47.19881,32.85658,352.53,0.46,0.64,2026-09-01,09:41:00,N,nominal,2.0NRT,309.12,30.8,D,VIIRS
47.1916,32.85456,367,0.46,0.64,2026-09-01,09:41:00,N,low,2.0NRT,325.06,30.8,D,VIIRS
47.71918,34.57594,356.65,0.37,0.58,2026-09-01,09:41:00,N,nominal,2.0NRT,305.64,4.62,D,VIIRS
48.29296,36.59715,337.37,0.59,0.53,2026-09-01,09:41:00,N,nominal,2.0NRT,303.82,3.77,D,VIIRS
47.1934,32.86024,367,0.46,0.64,2026-09-01,09:41:00,N,high,2.0NRT,311.43,30.8,D,VIIRS
47.71417,34.57916,343,0.37,0.58,2026-09-01,09:41:00,N,nominal,2.0NRT,306.16,3.38,D,VIIRS
48.15362,36.11,335.14,0.63,0.54,2026-09-01,09:41:00,N,nominal,2.0NRT,306,3.03,D,VIIRS
48.28634,36.59238,340.36,0.59,0.53,2026-09-01,09:41:00,N,nominal,2.0NRT,303.49,5.02,D,VIIRS
48.28386,36.60279,341.51,0.59,0.53,2026-09-01,09:41:00,N,nominal,2.0NRT,303.4,11.33,D,VIIRS
48.54026,37.58257,340.58,0.53,0.5,2026-09-01,09:41:00,N,nominal,2.0NRT,305.84,8.95,D,VIIRS
48.54199,37.5892,339.86,0.53,0.5,2026-09-01,09:41:00,N,nominal,2.0NRT,303.75,8.95,D,VIIRS
48.43731,37.25023,341.88,0.55,0.51,2026-09-01,09:41:00,N,nominal,2.0NRT,308.87,4.96,D,VIIRS
49.70305,37.42938,340.13,0.5,0.49,2026-09-01,09:41:00,N,nominal,2.0NRT,301.61,6.65,D,VIIRS
49.70474,37.43601,341.33,0.5,0.49,2026-09-01,09:41:00,N,nominal,2.0NRT,301.48,10.85,D,VIIRS
49.76538,37.67531,338.99,0.49,0.48,2026-09-01,09:41:00,N,nominal,2.0NRT,304.83,7.18,D,VIIRS
49.75955,37.67138,355.47,0.49,0.48,2026-09-01,09:41:00,N,nominal,2.0NRT,305.75,7.18,D,VIIRS
49.75372,37.66745,332.11,0.49,0.48,2026-09-01,09:41:00,N,nominal,2.0NRT,301.92,3.12,D,VIIRS
49.71917,37.70321,333.15,0.49,0.48,2026-09-01,09:41:00,N,nominal,2.0NRT,298.33,2.17,D,VIIRS
49.70403,37.71987,332.57,0.49,0.48,2026-09-01,09:41:00,N,nominal,2.0NRT,302.66,3.01,D,VIIRS
49.68669,37.67107,331.56,0.49,0.48,2026-09-01,09:41:00,N,low,2.0NRT,303.33,4.69,D,VIIRS
47.5705,30.63388,334.4,0.55,0.68,2026-09-01,09:41:00,N,nominal,2.0NRT,292.15,12.12,D,VIIRS
49.68396,37.71722,335.57,0.49,0.48,2026-09-01,09:41:00,N,nominal,2.0NRT,300.29,4.25,D,VIIRS
49.07126,35.46635,349.98,0.63,0.54,2026-09-01,09:41:00,N,nominal,2.0NRT,299.2,8.87,D,VIIRS
49.88151,38.51955,342.9,0.45,0.47,2026-09-01,09:41:00,N,nominal,2.0NRT,306.51,5.38,D,VIIRS
49.77174,38.09963,335.98,0.47,0.47,2026-09-01,09:41:00,N,nominal,2.0NRT,306.63,3.34,D,VIIRS
49.69487,37.87284,346.04,0.48,0.48,2026-09-01,09:41:00,N,nominal,2.0NRT,304.86,11.3,D,VIIRS
49.69807,37.88535,334.95,0.48,0.48,2026-09-01,09:41:00,N,nominal,2.0NRT,302.39,2.91,D,VIIRS
49.69224,37.8814,343.88,0.48,0.48,2026-09-01,09:41:00,N,nominal,2.0NRT,305.17,7.68,D,VIIRS
49.68641,37.87744,355.87,0.48,0.48,2026-09-01,09:41:00,N,nominal,2.0NRT,305.89,7.68,D,VIIRS
49.68804,37.88379,339.91,0.48,0.48,2026-09-01,09:41:00,N,nominal,2.0NRT,305.69,7.68,D,VIIRS
46.8166,36.07645,334.39,0.34,0.56,2026-09-01,09:41:00,N,low,2.0NRT,308.27,4.18,D,VIIRS
46.96472,36.65658,354.34,0.32,0.55,2026-09-01,09:41:00,N,nominal,2.0NRT,307.25,3.6,D,VIIRS
46.96587,36.66065,346.18,0.32,0.55,2026-09-01,09:41:00,N,nominal,2.0NRT,305.95,3.6,D,VIIRS
46.96615,36.65575,336.18,0.32,0.55,2026-09-01,09:41:00,N,nominal,2.0NRT,304.88,2.32,D,VIIRS
46.96726,36.65978,350.34,0.32,0.55,2026-09-01,09:41:00,N,nominal,2.0NRT,306.78,2.32,D,VIIRS
46.9614,36.65853,336.98,0.32,0.55,2026-09-01,09:41:00,N,nominal,2.0NRT,304.85,1.71,D,VIIRS
47.27674,38.00785,342.34,0.55,0.51,2026-09-01,09:41:00,N,nominal,2.0NRT,308,7.06,D,VIIRS
47.27856,38.01476,341.41,0.55,0.51,2026-09-01,09:41:00,N,nominal,2.0NRT,307.95,6.92,D,VIIRS
46.689,36.07133,334.78,0.35,0.57,2026-09-01,09:41:00,N,nominal,2.0NRT,307.08,1.38,D,VIIRS
46.81981,36.52905,334.72,0.33,0.55,2026-09-01,09:41:00,N,nominal,2.0NRT,308.82,1.2,D,VIIRS
46.80297,36.52095,367,0.33,0.55,2026-09-01,09:41:00,N,high,2.0NRT,310.27,6.24,D,VIIRS
46.79734,36.6008,347.59,0.33,0.55,2026-09-01,09:41:00,N,nominal,2.0NRT,308.85,3.25,D,VIIRS
46.79257,36.60361,343.16,0.33,0.55,2026-09-01,09:41:00,N,nominal,2.0NRT,307.64,3.25,D,VIIRS
45.87818,34.01907,352.35,0.45,0.63,2026-09-01,09:41:00,N,nominal,2.0NRT,306.88,8.95,D,VIIRS
45.87989,34.02455,338.37,0.45,0.63,2026-09-01,09:41:00,N,nominal,2.0NRT,304.75,12.28,D,VIIRS
45.76205,34.5831,354.98,0.43,0.62,2026-09-01,09:41:00,N,nominal,2.0NRT,304.05,9.3,D,VIIRS
45.4416,34.62325,346.54,0.44,0.62,2026-09-01,09:41:00,N,nominal,2.0NRT,303.14,8.81,D,VIIRS
45.43996,34.61795,367,0.44,0.62,2026-09-01,09:41:00,N,high,2.0NRT,303.24,14.39,D,VIIRS
45.43788,34.63181,332.88,0.44,0.62,2026-09-01,09:41:00,N,nominal,2.0NRT,301.71,8.81,D,VIIRS
45.44058,34.62128,367,0.44,0.62,2026-09-01,09:41:00,N,high,2.0NRT,306.18,10.29,D,VIIRS
45.43684,34.62988,338.16,0.44,0.62,2026-09-01,09:41:00,N,nominal,2.0NRT,301.99,10.29,D,VIIRS
45.43146,34.6331,331.5,0.44,0.62,2026-09-01,09:41:00,N,low,2.0NRT,301.5,3.17,D,VIIRS
44.8517,34.23809,333.95,0.48,0.64,2026-09-01,09:41:00,N,nominal,2.0NRT,298.45,14.46,D,VIIRS
44.84983,34.23221,367,0.48,0.64,2026-09-01,09:41:00,N,high,2.0NRT,303.92,14.46,D,VIIRS
44.84636,34.23071,367,0.48,0.64,2026-09-01,09:41:00,N,high,2.0NRT,301.83,14.13,D,VIIRS
44.8482,34.23663,367,0.48,0.64,2026-09-01,09:41:00,N,high,2.0NRT,306.45,14.13,D,VIIRS
47.45431,33.90004,334.76,0.41,0.6,2026-09-01,09:41:00,N,low,2.0NRT,305.45,2.19,D,VIIRS
48.32652,36.91519,340.82,0.57,0.52,2026-09-01,09:41:00,N,nominal,2.0NRT,307.44,6.7,D,VIIRS
47.11379,32.89918,346.99,0.46,0.64,2026-09-01,09:41:00,N,nominal,2.0NRT,304.1,2.81,D,VIIRS
48.11312,36.21946,345.76,0.62,0.54,2026-09-01,09:41:00,N,nominal,2.0NRT,304.69,17.09,D,VIIRS
48.7907,38.76995,333.36,0.47,0.47,2026-09-01,09:41:00,N,low,2.0NRT,304.99,2.97,D,VIIRS
48.79222,38.77601,338.83,0.47,0.47,2026-09-01,09:41:00,N,nominal,2.0NRT,305.86,5.13,D,VIIRS
48.79831,38.80033,355.48,0.46,0.47,2026-09-01,09:41:00,N,nominal,2.0NRT,311.15,29.43,D,VIIRS
48.7957,38.80872,342.01,0.46,0.47,2026-09-01,09:41:00,N,nominal,2.0NRT,309.69,27.15,D,VIIRS
47.11024,32.90862,367,0.46,0.64,2026-09-01,09:41:00,N,high,2.0NRT,308.9,9.39,D,VIIRS
47.10672,32.91813,339.45,0.46,0.64,2026-09-01,09:41:00,N,nominal,2.0NRT,309.93,9.39,D,VIIRS
48.79383,38.80416,346.3,0.46,0.47,2026-09-01,09:41:00,N,nominal,2.0NRT,314.77,13.36,D,VIIRS
48.11219,36.21928,342.26,0.62,0.54,2026-09-01,09:41:00,N,nominal,2.0NRT,305.8,12.29,D,VIIRS
47.11524,32.90017,340.85,0.46,0.64,2026-09-01,09:41:00,N,nominal,2.0NRT,305.25,3.25,D,VIIRS
47.64725,34.66512,355.5,0.37,0.58,2026-09-01,09:41:00,N,low,2.0NRT,300.41,22.96,D,VIIRS
47.10984,32.90382,331.44,0.46,0.64,2026-09-01,09:41:00,N,nominal,2.0NRT,306.02,5.34,D,VIIRS
47.99753,35.88514,338.58,0.32,0.55,2026-09-01,09:41:00,N,low,2.0NRT,309.96,15.19,D,VIIRS
47.9987,35.88929,355.94,0.32,0.55,2026-09-01,09:41:00,N,nominal,2.0NRT,325.79,20.17,D,VIIRS
47.11169,32.90969,367,0.46,0.64,2026-09-01,09:41:00,N,high,2.0NRT,310.79,5.34,D,VIIRS
47.10631,32.91344,344.42,0.46,0.64,2026-09-01,09:41:00,N,nominal,2.0NRT,307.25,5.34,D,VIIRS
47.64367,34.67316,354.43,0.37,0.58,2026-09-01,09:41:00,N,nominal,2.0NRT,313.21,54.97,D,VIIRS
47.99392,35.89206,344.27,0.32,0.55,2026-09-01,09:41:00,N,nominal,2.0NRT,309.44,20.17,D,VIIRS
48.46825,37.64938,349.97,0.53,0.5,2026-09-01,09:41:00,N,nominal,2.0NRT,309.62,22.85,D,VIIRS
47.64228,34.66846,367,0.37,0.58,2026-09-01,09:41:00,N,high,2.0NRT,317.32,22.96,D,VIIRS
48.47097,37.67919,330.11,0.53,0.5,2026-09-01,09:41:00,N,low,2.0NRT,304.6,5.06,D,VIIRS
48.10587,36.3345,353.3,0.62,0.54,2026-09-01,09:41:00,N,nominal,2.0NRT,309.09,62.44,D,VIIRS
48.10124,36.33737,341.05,0.62,0.54,2026-09-01,09:41:00,N,nominal,2.0NRT,302.28,9.94,D,VIIRS
48.10336,36.34507,367,0.61,0.54,2026-09-01,09:41:00,N,high,2.0NRT,306.55,28.73,D,VIIRS
48.42931,37.57744,343.29,0.53,0.5,2026-09-01,09:41:00,N,nominal,2.0NRT,307.63,6.99,D,VIIRS
48.45081,37.65972,337.96,0.53,0.5,2026-09-01,09:41:00,N,nominal,2.0NRT,305.04,4.3,D,VIIRS
47.63327,34.71852,367,0.37,0.58,2026-09-01,09:41:00,N,high,2.0NRT,311.95,12.17,D,VIIRS
48.42484,37.57965,351.18,0.53,0.5,2026-09-01,09:41:00,N,nominal,2.0NRT,305.74,7.32,D,VIIRS
48.51951,37.94386,331.33,0.51,0.5,2026-09-01,09:41:00,N,nominal,2.0NRT,304.06,2.51,D,VIIRS
47.41914,34.06513,341.33,0.4,0.6,2026-09-01,09:41:00,N,nominal,2.0NRT,303.54,5.2,D,VIIRS
47.98619,36.00283,334.24,0.32,0.55,2026-09-01,09:41:00,N,low,2.0NRT,308.59,4.15,D,VIIRS
48.1441,36.57153,340.67,0.6,0.53,2026-09-01,09:41:00,N,nominal,2.0NRT,304.42,6.96,D,VIIRS
47.97685,35.98928,332.02,0.32,0.55,2026-09-01,09:41:00,N,low,2.0NRT,306.67,3.23,D,VIIRS
48.23378,36.92022,340.42,0.58,0.52,2026-09-01,09:41:00,N,nominal,2.0NRT,304.14,4.05,D,VIIRS
47.66848,34.93811,337.56,0.36,0.58,2026-09-01,09:41:00,N,nominal,2.0NRT,308.55,1.59,D,VIIRS
47.77063,35.30745,338.83,0.35,0.57,2026-09-01,09:41:00,N,nominal,2.0NRT,309.38,1.59,D,VIIRS
48.0197,36.2008,340.44,0.63,0.54,2026-09-01,09:41:00,N,nominal,2.0NRT,304.81,6.44,D,VIIRS
48.02196,36.20887,335.29,0.63,0.54,2026-09-01,09:41:00,N,nominal,2.0NRT,305.12,8.9,D,VIIRS
46.82018,34.58734,338.97,0.4,0.6,2026-09-01,09:41:00,N,nominal,2.0NRT,307.43,4.29,D,VIIRS
46.96508,35.01255,334.87,0.38,0.59,2026-09-01,09:41:00,N,low,2.0NRT,305.68,3.37,D,VIIRS
46.82135,34.58726,340.78,0.4,0.6,2026-09-01,09:41:00,N,nominal,2.0NRT,307.38,3.12,D,VIIRS
47.13744,35.83059,367,0.35,0.56,2026-09-01,09:41:00,N,high,2.0NRT,309.49,69.87,D,VIIRS
47.13259,35.83363,336.68,0.35,0.56,2026-09-01,09:41:00,N,nominal,2.0NRT,307.54,3.14,D,VIIRS
46.57226,34.09559,338.02,0.43,0.62,2026-09-01,09:41:00,N,nominal,2.0NRT,305.18,2.76,D,VIIRS
46.57388,34.10081,343.72,0.43,0.62,2026-09-01,09:41:00,N,nominal,2.0NRT,307.11,2.76,D,VIIRS
49.13013,37.05132,341.57,0.54,0.51,2026-09-01,09:41:00,N,nominal,2.0NRT,304.84,6.11,D,VIIRS
49.12569,37.05375,333.25,0.54,0.51,2026-09-01,09:41:00,N,nominal,2.0NRT,306.74,6.11,D,VIIRS
49.12816,37.05305,342.75,0.54,0.51,2026-09-01,09:41:00,N,nominal,2.0NRT,308.11,21.2,D,VIIRS
49.36086,38.05377,346.22,0.48,0.48,2026-09-01,09:41:00,N,nominal,2.0NRT,307,8.21,D,VIIRS
49.27841,37.7484,343.46,0.5,0.49,2026-09-01,09:41:00,N,nominal,2.0NRT,303.88,5.25,D,VIIRS
49.32033,37.93186,345.92,0.49,0.48,2026-09-01,09:41:00,N,nominal,2.0NRT,314.05,27.53,D,VIIRS
49.32195,37.9382,334.92,0.49,0.48,2026-09-01,09:41:00,N,low,2.0NRT,306.41,5.33,D,VIIRS
49.01986,36.85664,342.15,0.55,0.51,2026-09-01,09:41:00,N,nominal,2.0NRT,307.12,6.92,D,VIIRS
48.74608,35.93338,332.78,0.61,0.54,2026-09-01,09:41:00,N,nominal,2.0NRT,305.81,3.76,D,VIIRS
48.74829,35.94129,332.97,0.61,0.54,2026-09-01,09:41:00,N,nominal,2.0NRT,307.21,5.23,D,VIIRS
49.16523,37.59666,335.56,0.51,0.49,2026-09-01,09:41:00,N,nominal,2.0NRT,304.1,5.46,D,VIIRS
49.16096,37.59929,332.17,0.51,0.49,2026-09-01,09:41:00,N,nominal,2.0NRT,305.53,5.09,D,VIIRS
49.16587,37.60242,331.03,0.51,0.49,2026-09-01,09:41:00,N,low,2.0NRT,304,4.85,D,VIIRS
46.69199,34.48485,337.7,0.41,0.6,2026-09-01,09:41:00,N,nominal,2.0NRT,305.79,2.42,D,VIIRS
46.69353,34.48988,334.36,0.41,0.6,2026-09-01,09:41:00,N,nominal,2.0NRT,307.53,2.42,D,VIIRS
46.56861,34.10423,350.09,0.43,0.62,2026-09-01,09:41:00,N,nominal,2.0NRT,308.06,4.41,D,VIIRS
47.85598,38.73381,335.29,0.49,0.49,2026-09-01,09:41:00,N,nominal,2.0NRT,306.76,3.66,D,VIIRS
46.69382,34.48688,339.09,0.41,0.6,2026-09-01,09:41:00,N,nominal,2.0NRT,306.37,1.98,D,VIIRS
46.57076,34.09954,347.26,0.43,0.62,2026-09-01,09:41:00,N,nominal,2.0NRT,307.26,5.09,D,VIIRS
46.57236,34.10478,343.05,0.43,0.62,2026-09-01,09:41:00,N,nominal,2.0NRT,307.79,7.81,D,VIIRS
46.68863,34.49018,334.06,0.41,0.6,2026-09-01,09:41:00,N,low,2.0NRT,307.3,1.98,D,VIIRS
46.5671,34.1082,337.06,0.43,0.62,2026-09-01,09:41:00,N,nominal,2.0NRT,307.3,4.2,D,VIIRS
46.51487,34.04076,346.98,0.43,0.62,2026-09-01,09:41:00,N,nominal,2.0NRT,304.98,27.27,D,VIIRS
46.5165,34.04607,367,0.43,0.62,2026-09-01,09:41:00,N,high,2.0NRT,309.77,27.27,D,VIIRS
46.5112,34.04947,338.53,0.43,0.62,2026-09-01,09:41:00,N,nominal,2.0NRT,308.94,6.96,D,VIIRS
46.50103,34.03698,331.75,0.43,0.62,2026-09-01,09:41:00,N,low,2.0NRT,304.32,3.18,D,VIIRS
46.50754,34.05815,351.29,0.43,0.62,2026-09-01,09:41:00,N,nominal,2.0NRT,305.13,8.32,D,VIIRS
46.35033,33.5727,355.38,0.46,0.63,2026-09-01,09:41:00,N,nominal,2.0NRT,306.23,15.48,D,VIIRS
46.49572,34.04037,345.92,0.43,0.62,2026-09-01,09:41:00,N,nominal,2.0NRT,306.23,4.28,D,VIIRS
47.2606,33.65166,338.53,0.42,0.61,2026-09-01,09:41:00,N,nominal,2.0NRT,311.96,24.78,D,VIIRS
47.70628,35.12654,333.1,0.36,0.57,2026-09-01,09:41:00,N,nominal,2.0NRT,302.61,3.22,D,VIIRS
47.26225,33.65693,367,0.42,0.61,2026-09-01,09:41:00,N,high,2.0NRT,315.74,24.78,D,VIIRS
47.93483,35.91915,367,0.32,0.55,2026-09-01,09:41:00,N,high,2.0NRT,309.48,5.52,D,VIIRS
46.05169,30.05883,344.39,0.65,0.73,2026-09-01,09:41:00,N,nominal,2.0NRT,288.96,8.46,D,VIIRS
47.7118,35.16523,340.18,0.35,0.57,2026-09-01,09:41:00,N,nominal,2.0NRT,304.43,3.97,D,VIIRS
47.7131,35.169670000000004,343.48,0.35,0.57,2026-09-01,09:41:00,N,nominal,2.0NRT,304.34,6.04,D,VIIRS
47.9301,35.9221,340.65,0.32,0.55,2026-09-01,09:41:00,N,nominal,2.0NRT,304.89,2.07,D,VIIRS
47.93126,35.92619,337.49,0.32,0.55,2026-09-01,09:41:00,N,nominal,2.0NRT,305.53,2.07,D,VIIRS
48.38265,37.57333,340.66,0.54,0.5,2026-09-01,09:41:00,N,nominal,2.0NRT,304.48,3.81,D,VIIRS
48.38448,37.58025,333.98,0.54,0.5,2026-09-01,09:41:00,N,low,2.0NRT,305.76,3.81,D,VIIRS
47.93003,35.94145,345.29,0.32,0.55,2026-09-01,09:41:00,N,nominal,2.0NRT,306.99,4.62,D,VIIRS
47.95664,36.03537,338.58,0.32,0.55,2026-09-01,09:41:00,N,nominal,2.0NRT,304.29,2.27,D,VIIRS
48.16903,36.8373,341.57,0.58,0.52,2026-09-01,09:41:00,N,nominal,2.0NRT,303.55,10.58,D,VIIRS
47.76195,35.41594,340.56,0.34,0.56,2026-09-01,09:41:00,N,nominal,2.0NRT,306.75,2.62,D,VIIRS
47.76322,35.42031,332.62,0.34,0.56,2026-09-01,09:41:00,N,low,2.0NRT,303.23,1.88,D,VIIRS
48.16448,36.84,343.43,0.58,0.52,2026-09-01,09:41:00,N,nominal,2.0NRT,307.47,13.43,D,VIIRS
48.16631,36.83943,346.07,0.58,0.52,2026-09-01,09:41:00,N,nominal,2.0NRT,307.89,12.2,D,VIIRS
47.76269,35.41991,334.64,0.34,0.56,2026-09-01,09:41:00,N,nominal,2.0NRT,303.91,1.95,D,VIIRS
46.05042,30.06079,344.37,0.65,0.73,2026-09-01,09:41:00,N,nominal,2.0NRT,291.88,6,D,VIIRS
48.089,36.63165,338.93,0.6,0.53,2026-09-01,09:41:00,N,nominal,2.0NRT,300.42,5.98,D,VIIRS
48.09106,36.63927,339.84,0.6,0.53,2026-09-01,09:41:00,N,nominal,2.0NRT,302.74,5.98,D,VIIRS
48.4332,37.93448,340.64,0.52,0.5,2026-09-01,09:41:00,N,nominal,2.0NRT,306.06,3.99,D,VIIRS
47.07634,33.31038,333.57,0.44,0.63,2026-09-01,09:41:00,N,nominal,2.0NRT,307.47,2.56,D,VIIRS
47.12548,33.4879,346.87,0.43,0.62,2026-09-01,09:41:00,N,nominal,2.0NRT,309.29,6.93,D,VIIRS
47.1238,33.48252,367,0.44,0.62,2026-09-01,09:41:00,N,high,2.0NRT,307.92,6.93,D,VIIRS
47.67517,35.35508,332.6,0.35,0.57,2026-09-01,09:41:00,N,low,2.0NRT,304.29,3.77,D,VIIRS
47.64101,35.2773,367,0.35,0.57,2026-09-01,09:41:00,N,high,2.0NRT,305.15,8.74,D,VIIRS
47.67091,35.39991,332.35,0.35,0.56,2026-09-01,09:41:00,N,nominal,2.0NRT,304.69,0.89,D,VIIRS
47.771,35.74723,335.19,0.33,0.56,2026-09-01,09:41:00,N,nominal,2.0NRT,304.75,2.11,D,VIIRS
48.18994,37.31667,337.23,0.56,0.51,2026-09-01,09:41:00,N,nominal,2.0NRT,305.58,20.1,D,VIIRS
47.44354,34.70918,339.67,0.38,0.59,2026-09-01,09:41:00,N,nominal,2.0NRT,307.35,3.39,D,VIIRS
48.17784,37.29087,336.22,0.56,0.51,2026-09-01,09:41:00,N,nominal,2.0NRT,304.67,3.35,D,VIIRS
48.18549,37.31932,347.16,0.56,0.51,2026-09-01,09:41:00,N,nominal,2.0NRT,311.44,20.1,D,VIIRS
48.18739,37.3264,343.97,0.56,0.51,2026-09-01,09:41:00,N,nominal,2.0NRT,309.86,17.9,D,VIIRS
47.35795,34.4456,333.49,0.39,0.59,2026-09-01,09:41:00,N,low,2.0NRT,308.06,3.34,D,VIIRS
47.43993,34.71709,343.51,0.38,0.59,2026-09-01,09:41:00,N,nominal,2.0NRT,306.91,3.56,D,VIIRS
48.18104,37.32198,353.77,0.56,0.51,2026-09-01,09:41:00,N,nominal,2.0NRT,309.34,22.04,D,VIIRS
48.18294,37.32906,342.92,0.56,0.51,2026-09-01,09:41:00,N,nominal,2.0NRT,308.94,5.94,D,VIIRS
48.18485,37.33616,330.16,0.55,0.51,2026-09-01,09:41:00,N,low,2.0NRT,301.51,5.94,D,VIIRS
48.17692,37.29214,336.17,0.56,0.51,2026-09-01,09:41:00,N,nominal,2.0NRT,305.31,2.75,D,VIIRS
48.18257,37.31361,331.01,0.56,0.51,2026-09-01,09:41:00,N,low,2.0NRT,301.94,8.8,D,VIIRS
48.18444,37.32071,351.69,0.56,0.51,2026-09-01,09:41:00,N,nominal,2.0NRT,315.65,36.8,D,VIIRS
46.35208,33.57827,367,0.46,0.63,2026-09-01,09:41:00,N,high,2.0NRT,307.51,15.48,D,VIIRS
46.35383,33.58385,367,0.46,0.63,2026-09-01,09:41:00,N,high,2.0NRT,312.92,46.57,D,VIIRS
46.34667,33.58179,334.36,0.46,0.63,2026-09-01,09:41:00,N,nominal,2.0NRT,303.48,15.48,D,VIIRS
49.69555,37.87216,341.67,0.48,0.48,2026-09-01,09:41:00,N,nominal,2.0NRT,304.34,5.42,D,VIIRS
49.6987,37.88472,334.04,0.48,0.48,2026-09-01,09:41:00,N,nominal,2.0NRT,302.27,6.66,D,VIIRS
49.69291,37.88075,345.35,0.48,0.48,2026-09-01,09:41:00,N,nominal,2.0NRT,305.93,5.98,D,VIIRS
49.6871,37.87677,348.36,0.48,0.48,2026-09-01,09:41:00,N,nominal,2.0NRT,305.92,12.2,D,VIIRS
49.6887,37.88313,332.29,0.48,0.48,2026-09-01,09:41:00,N,low,2.0NRT,305.44,5.98,D,VIIRS
49.69031,37.88957,338.98,0.48,0.48,2026-09-01,09:41:00,N,nominal,2.0NRT,303.37,5.98,D,VIIRS
49.46791,37.05902,343.29,0.52,0.5,2026-09-01,09:41:00,N,nominal,2.0NRT,311.5,7.42,D,VIIRS
49.59552,37.7632,353.48,0.49,0.48,2026-09-01,09:41:00,N,nominal,2.0NRT,304.48,8.48,D,VIIRS
49.59135,37.76583,342.01,0.49,0.48,2026-09-01,09:41:00,N,nominal,2.0NRT,306.72,8.48,D,VIIRS
49.5763,37.74504,331.25,0.49,0.48,2026-09-01,09:41:00,N,low,2.0NRT,301.69,2.14,D,VIIRS
48.89737,35.26373,330.72,0.32,0.55,2026-09-01,09:41:00,N,nominal,2.0NRT,299.33,1.94,D,VIIRS
48.89855,35.26785,334.17,0.32,0.55,2026-09-01,09:41:00,N,nominal,2.0NRT,301.25,1.94,D,VIIRS
49.52605,37.62597,331.88,0.49,0.49,2026-09-01,09:41:00,N,low,2.0NRT,303.19,6.13,D,VIIRS
49.53083,37.71979,340.38,0.49,0.49,2026-09-01,09:41:00,N,nominal,2.0NRT,301.97,5.69,D,VIIRS
49.51495,37.76096,340.3,0.49,0.49,2026-09-01,09:41:00,N,nominal,2.0NRT,303.59,3.89,D,VIIRS
49.5986,38.11108,341.71,0.47,0.48,2026-09-01,09:41:00,N,nominal,2.0NRT,306.15,3.99,D,VIIRS
47.56039,31.15326,330.56,0.53,0.67,2026-09-01,09:41:00,N,nominal,2.0NRT,299.84,2.07,D,VIIRS
48.18631,37.32781,342.02,0.56,0.51,2026-09-01,09:41:00,N,nominal,2.0NRT,311.72,36.8,D,VIIRS
48.18818,37.33496,333.2,0.56,0.51,2026-09-01,09:41:00,N,nominal,2.0NRT,302.94,9.2,D,VIIRS
48.17999,37.32338,334.29,0.56,0.51,2026-09-01,09:41:00,N,nominal,2.0NRT,303.74,3.93,D,VIIRS
47.44224,34.71381,351.47,0.38,0.59,2026-09-01,09:41:00,N,nominal,2.0NRT,307.76,5.87,D,VIIRS
47.35789,34.44908,337.65,0.39,0.59,2026-09-01,09:41:00,N,nominal,2.0NRT,306.39,3.44,D,VIIRS
47.64571,35.43565,330.31,0.35,0.56,2026-09-01,09:41:00,N,nominal,2.0NRT,303.43,0.96,D,VIIRS
48.01741,36.85109,339.98,0.59,0.53,2026-09-01,09:41:00,N,nominal,2.0NRT,304.2,9.64,D,VIIRS
48.01943,36.85857,333.46,0.59,0.53,2026-09-01,09:41:00,N,nominal,2.0NRT,305.32,9.35,D,VIIRS
45.7097,29.54896,335.94,0.71,0.75,2026-09-01,09:41:00,N,nominal,2.0NRT,287.74,14.98,D,VIIRS
47.36432,34.57219,340.56,0.38,0.59,2026-09-01,09:41:00,N,nominal,2.0NRT,306.26,4.52,D,VIIRS
45.68497,29.50268,344.06,0.71,0.75,2026-09-01,09:41:00,N,nominal,2.0NRT,285.99,98.62,D,VIIRS
45.691160000000004,29.51974,335.3,0.71,0.75,2026-09-01,09:41:00,N,nominal,2.0NRT,286.71,64.27,D,VIIRS
45.68808,29.51125,367,0.71,0.75,2026-09-01,09:41:00,N,high,2.0NRT,305.34,98.62,D,VIIRS
45.67866,29.50725,342.59,0.71,0.75,2026-09-01,09:41:00,N,nominal,2.0NRT,284.67,7.05,D,VIIRS
45.68176,29.51577,332.95,0.71,0.75,2026-09-01,09:41:00,N,nominal,2.0NRT,277.5,7.05,D,VIIRS
47.67438,35.67582,339.92,0.34,0.56,2026-09-01,09:41:00,N,nominal,2.0NRT,304.5,3.04,D,VIIRS
47.66953,35.67869,347.55,0.34,0.56,2026-09-01,09:41:00,N,nominal,2.0NRT,304.78,3.04,D,VIIRS
46.80103,32.85347,367,0.47,0.64,2026-09-01,09:41:00,N,high,2.0NRT,311.17,6.74,D,VIIRS
48.37592,38.38828,340.14,0.5,0.49,2026-09-01,09:41:00,N,nominal,2.0NRT,310.91,3.91,D,VIIRS
47.54928,35.36087,367,0.35,0.57,2026-09-01,09:41:00,N,high,2.0NRT,307.29,3.88,D,VIIRS
47.48317,35.17456,367,0.36,0.57,2026-09-01,09:41:00,N,high,2.0NRT,304,8.13,D,VIIRS
47.24495,34.41748,352.12,0.39,0.6,2026-09-01,09:41:00,N,nominal,2.0NRT,310.63,12.43,D,VIIRS
47.24643,34.42238,367,0.39,0.6,2026-09-01,09:41:00,N,high,2.0NRT,312.81,26.06,D,VIIRS
47.23983,34.42075,350.54,0.39,0.6,2026-09-01,09:41:00,N,nominal,2.0NRT,308.21,12.43,D,VIIRS
47.51484,35.36183,334.42,0.35,0.57,2026-09-01,09:41:00,N,low,2.0NRT,306.55,2.19,D,VIIRS
48.23522,37.95895,337.56,0.52,0.5,2026-09-01,09:41:00,N,nominal,2.0NRT,304.41,7.45,D,VIIRS
48.51669,39.0598,341.85,0.46,0.47,2026-09-01,09:41:00,N,nominal,2.0NRT,305.13,4.43,D,VIIRS
46.57796,32.37609,367,0.5,0.66,2026-09-01,09:41:00,N,high,2.0NRT,309.42,9.87,D,VIIRS
48.51623,39.06026,337,0.46,0.47,2026-09-01,09:41:00,N,nominal,2.0NRT,305.29,3.39,D,VIIRS
48.23764,37.96458,337.35,0.52,0.5,2026-09-01,09:41:00,N,low,2.0NRT,307.81,6.52,D,VIIRS
47.44767,35.08652,334.91,0.36,0.58,2026-09-01,09:41:00,N,nominal,2.0NRT,301.51,2.55,D,VIIRS
47.24392,34.41306,333.18,0.39,0.6,2026-09-01,09:41:00,N,low,2.0NRT,305.95,6.37,D,VIIRS
47.24539,34.418,353.06,0.39,0.6,2026-09-01,09:41:00,N,nominal,2.0NRT,311.12,16.46,D,VIIRS
47.24685,34.42291,367,0.39,0.6,2026-09-01,09:41:00,N,high,2.0NRT,312.42,16.46,D,VIIRS
47.24028,34.42128,350.49,0.39,0.6,2026-09-01,09:41:00,N,nominal,2.0NRT,308.26,6.46,D,VIIRS
47.51566,35.36283,337.72,0.35,0.57,2026-09-01,09:41:00,N,nominal,2.0NRT,307.15,1.98,D,VIIRS
47.7539,36.22782,334.75,0.32,0.54,2026-09-01,09:41:00,N,nominal,2.0NRT,304.85,2.99,D,VIIRS
47.74917,36.23061,353.47,0.32,0.54,2026-09-01,09:41:00,N,nominal,2.0NRT,310.73,3.38,D,VIIRS
47.75031,36.23471,330.81,0.32,0.54,2026-09-01,09:41:00,N,low,2.0NRT,305.25,3.38,D,VIIRS
46.57741,32.3753,346.41,0.5,0.66,2026-09-01,09:41:00,N,nominal,2.0NRT,308.76,10.8,D,VIIRS
46.63314,32.56844,331.8,0.49,0.65,2026-09-01,09:41:00,N,nominal,2.0NRT,303.48,3.61,D,VIIRS
47.78991,36.4964,347.07,0.62,0.54,2026-09-01,09:41:00,N,nominal,2.0NRT,304.55,16.14,D,VIIRS
47.20464,34.52578,341.25,0.39,0.59,2026-09-01,09:41:00,N,nominal,2.0NRT,308.78,3.37,D,VIIRS
47.55565,35.72229,331.92,0.34,0.56,2026-09-01,09:41:00,N,low,2.0NRT,306.59,1.15,D,VIIRS
47.201,34.53389,336.78,0.39,0.59,2026-09-01,09:41:00,N,nominal,2.0NRT,308.58,5.08,D,VIIRS
47.19955,34.52906,367,0.39,0.59,2026-09-01,09:41:00,N,high,2.0NRT,309.58,5.08,D,VIIRS
46.69389,32.92374,338.29,0.47,0.64,2026-09-01,09:41:00,N,nominal,2.0NRT,304.58,8.28,D,VIIRS
47.19445,34.53233,349.4,0.39,0.59,2026-09-01,09:41:00,N,nominal,2.0NRT,309.61,5.08,D,VIIRS
46.69204,32.91797,367,0.47,0.64,2026-09-01,09:41:00,N,high,2.0NRT,304.66,8.28,D,VIIRS
46.68655,32.92162,341.28,0.47,0.64,2026-09-01,09:41:00,N,nominal,2.0NRT,308.32,6.08,D,VIIRS
47.71775,36.37412,340.66,0.63,0.54,2026-09-01,09:41:00,N,nominal,2.0NRT,302.69,8.78,D,VIIRS
47.71308,36.37701,342.87,0.63,0.54,2026-09-01,09:41:00,N,nominal,2.0NRT,306.12,10.43,D,VIIRS
47.17846,34.5599,333.06,0.39,0.59,2026-09-01,09:41:00,N,low,2.0NRT,306.58,2.85,D,VIIRS
46.58497,32.73214,342.7,0.49,0.65,2026-09-01,09:41:00,N,nominal,2.0NRT,305.3,4.59,D,VIIRS
47.99408,37.47999,351.05,0.55,0.51,2026-09-01,09:41:00,N,nominal,2.0NRT,308.68,9.35,D,VIIRS
47.98961,37.48254,347.44,0.55,0.51,2026-09-01,09:41:00,N,nominal,2.0NRT,309.11,9.35,D,VIIRS
47.17723,34.55836,336.87,0.39,0.59,2026-09-01,09:41:00,N,low,2.0NRT,307.92,3.19,D,VIIRS
47.99301,37.48117,367,0.55,0.51,2026-09-01,09:41:00,N,high,2.0NRT,308.78,17.15,D,VIIRS
46.58342,32.73564,333,0.49,0.65,2026-09-01,09:41:00,N,low,2.0NRT,305.33,2.18,D,VIIRS
46.66956,33.02676,344.96,0.47,0.64,2026-09-01,09:41:00,N,nominal,2.0NRT,306,4.82,D,VIIRS
46.43653,32.34454,355.85,0.51,0.66,2026-09-01,09:41:00,N,low,2.0NRT,302.82,14.44,D,VIIRS
46.43857,32.3508,367,0.51,0.66,2026-09-01,09:41:00,N,high,2.0NRT,307.8,22.79,D,VIIRS
48.34806,39.16362,335.47,0.46,0.47,2026-09-01,09:41:00,N,nominal,2.0NRT,302.85,4.12,D,VIIRS
46.74052,33.43761,367,0.45,0.63,2026-09-01,09:41:00,N,high,2.0NRT,314.52,104.34,D,VIIRS
46.41394,32.44335,347.97,0.51,0.66,2026-09-01,09:41:00,N,nominal,2.0NRT,307.21,4.64,D,VIIRS
46.73341,33.43563,336.82,0.45,0.63,2026-09-01,09:41:00,N,nominal,2.0NRT,307.96,3.11,D,VIIRS
46.73515,33.44115,335.05,0.45,0.63,2026-09-01,09:41:00,N,nominal,2.0NRT,304.65,3.11,D,VIIRS
48.30081,38.99245,354.44,0.47,0.48,2026-09-01,09:41:00,N,nominal,2.0NRT,311.6,7.68,D,VIIRS
46.40833,32.44714,337.3,0.51,0.66,2026-09-01,09:41:00,N,nominal,2.0NRT,309.2,4.64,D,VIIRS
48.29067,38.97088,344.11,0.47,0.48,2026-09-01,09:41:00,N,nominal,2.0NRT,306.16,4.57,D,VIIRS
48.29367,38.98286,338.33,0.47,0.48,2026-09-01,09:41:00,N,nominal,2.0NRT,306.53,7.05,D,VIIRS
48.29517,38.98888,334.09,0.47,0.48,2026-09-01,09:41:00,N,low,2.0NRT,308.2,7.68,D,VIIRS
47.68803,36.72051,338.83,0.61,0.53,2026-09-01,09:41:00,N,nominal,2.0NRT,308.6,6.82,D,VIIRS
47.68341,36.72332,331.9,0.61,0.53,2026-09-01,09:41:00,N,low,2.0NRT,306.78,3.92,D,VIIRS
46.8222,33.84081,336.91,0.43,0.62,2026-09-01,09:41:00,N,low,2.0NRT,308.45,3.25,D,VIIRS
47.68702,36.72113,338.66,0.61,0.53,2026-09-01,09:41:00,N,low,2.0NRT,308.76,5.81,D,VIIRS
46.40899,32.44879,340.15,0.51,0.66,2026-09-01,09:41:00,N,nominal,2.0NRT,308.81,3.27,D,VIIRS
46.82539,33.8354,335.68,0.43,0.62,2026-09-01,09:41:00,N,low,2.0NRT,306.39,2.02,D,VIIRS
46.42725,32.65311,336.95,0.5,0.66,2026-09-01,09:41:00,N,nominal,2.0NRT,305.43,5.38,D,VIIRS
46.42166,32.6568,349.43,0.5,0.66,2026-09-01,09:41:00,N,nominal,2.0NRT,305.23,4.55,D,VIIRS
46.42362,32.66286,337.61,0.5,0.65,2026-09-01,09:41:00,N,nominal,2.0NRT,304.55,4.55,D,VIIRS
47.24782,35.35387,367,0.36,0.57,2026-09-01,09:41:00,N,high,2.0NRT,308.78,2.71,D,VIIRS
47.24287,35.3569,336.81,0.36,0.57,2026-09-01,09:41:00,N,nominal,2.0NRT,308.78,2.71,D,VIIRS
46.26388,32.42512,346.25,0.51,0.66,2026-09-01,09:41:00,N,nominal,2.0NRT,311.74,31.26,D,VIIRS
46.26595,32.43136,367,0.51,0.66,2026-09-01,09:41:00,N,high,2.0NRT,312.53,71.3,D,VIIRS
46.25824,32.42891,333.75,0.51,0.66,2026-09-01,09:41:00,N,nominal,2.0NRT,306.8,31.26,D,VIIRS
46.26031,32.43516,367,0.51,0.66,2026-09-01,09:41:00,N,high,2.0NRT,315.46,71.3,D,VIIRS
47.27626,35.75079,332.96,0.34,0.56,2026-09-01,09:41:00,N,low,2.0NRT,307.77,1.86,D,VIIRS
47.30123,35.83702,339.78,0.34,0.56,2026-09-01,09:41:00,N,nominal,2.0NRT,305.5,0.72,D,VIIRS
47.83589,37.7828,353.32,0.54,0.51,2026-09-01,09:41:00,N,nominal,2.0NRT,312.38,44.42,D,VIIRS
47.83771,37.78964,335.82,0.54,0.51,2026-09-01,09:41:00,N,nominal,2.0NRT,305.1,19.56,D,VIIRS
47.83146,37.78536,352.06,0.54,0.51,2026-09-01,09:41:00,N,nominal,2.0NRT,314.17,44.42,D,VIIRS
47.83328,37.79218,348.23,0.54,0.51,2026-09-01,09:41:00,N,nominal,2.0NRT,307.46,19.56,D,VIIRS
47.83823,37.78184,350.49,0.54,0.51,2026-09-01,09:41:00,N,nominal,2.0NRT,306.19,18.22,D,VIIRS
46.77113,34.01806,334.37,0.42,0.61,2026-09-01,09:41:00,N,low,2.0NRT,307.16,1.48,D,VIIRS
47.83559,37.79126,345.8,0.54,0.51,2026-09-01,09:41:00,N,nominal,2.0NRT,308.53,51.84,D,VIIRS
46.262,32.42011,331.8,0.51,0.66,2026-09-01,09:41:00,N,low,2.0NRT,302.12,10.82,D,VIIRS
47.27477,35.7501,338.73,0.34,0.56,2026-09-01,09:41:00,N,nominal,2.0NRT,309.28,2.28,D,VIIRS
47.83118,37.79385,330.59,0.54,0.51,2026-09-01,09:41:00,N,low,2.0NRT,303.28,51.84,D,VIIRS
46.26608,32.43267,367,0.51,0.66,2026-09-01,09:41:00,N,high,2.0NRT,311.27,137.4,D,VIIRS
46.2584,32.4302,338.57,0.51,0.66,2026-09-01,09:41:00,N,nominal,2.0NRT,306.73,11.57,D,VIIRS
47.28713,35.813720000000004,342.44,0.34,0.56,2026-09-01,09:41:00,N,nominal,2.0NRT,307.24,3.18,D,VIIRS
46.26044,32.43648,367,0.51,0.66,2026-09-01,09:41:00,N,high,2.0NRT,313.55,11.57,D,VIIRS
46.91809,35.59147,332.68,0.36,0.57,2026-09-01,09:41:00,N,low,2.0NRT,306.73,2.22,D,VIIRS
46.9194,35.59594,332.7,0.36,0.57,2026-09-01,09:41:00,N,low,2.0NRT,307.53,4.13,D,VIIRS
46.92069,35.60038,350.93,0.36,0.57,2026-09-01,09:41:00,N,nominal,2.0NRT,307.29,4.13,D,VIIRS
46.66066,34.7848,334.03,0.4,0.6,2026-09-01,09:41:00,N,low,2.0NRT,305.8,1.49,D,VIIRS
46.66067,34.78261,332.8,0.4,0.6,2026-09-01,09:41:00,N,low,2.0NRT,306.12,2.26,D,VIIRS
46.81369,35.44659,367,0.37,0.58,2026-09-01,09:41:00,N,high,2.0NRT,310.31,5.3,D,VIIRS
46.80871,35.44969,341.49,0.37,0.58,2026-09-01,09:41:00,N,nominal,2.0NRT,309.43,5.3,D,VIIRS
47.21332,36.88151,341.87,0.62,0.54,2026-09-01,09:41:00,N,nominal,2.0NRT,307.83,14.15,D,VIIRS
47.89561,39.59083,367,0.45,0.47,2026-09-01,09:41:00,N,high,2.0NRT,307.51,8.34,D,VIIRS
46.64581,35.13913,339.29,0.38,0.59,2026-09-01,09:41:00,N,nominal,2.0NRT,303.13,4.01,D,VIIRS
46.6472,35.14376,367,0.38,0.59,2026-09-01,09:41:00,N,high,2.0NRT,307.48,11.18,D,VIIRS
46.64656,35.1476,343.02,0.38,0.59,2026-09-01,09:41:00,N,nominal,2.0NRT,304.23,7.48,D,VIIRS
46.6452,35.14296,367,0.38,0.59,2026-09-01,09:41:00,N,high,2.0NRT,308.49,7.48,D,VIIRS
46.87511,36.04162,346.94,0.34,0.56,2026-09-01,09:41:00,N,nominal,2.0NRT,307.26,4.01,D,VIIRS
49.227,37.91934,339.78,0.49,0.49,2026-09-01,09:41:00,N,nominal,2.0NRT,306.52,2.86,D,VIIRS
49.29506,38.34185,352.56,0.47,0.48,2026-09-01,09:41:00,N,nominal,2.0NRT,313.87,17.23,D,VIIRS
49.29662,38.34803,340.87,0.47,0.48,2026-09-01,09:41:00,N,nominal,2.0NRT,304.11,12.75,D,VIIRS
49.28777,38.33176,332.6,0.47,0.48,2026-09-01,09:41:00,N,low,2.0NRT,303.56,5.51,D,VIIRS
49.28933,38.33796,344.85,0.47,0.48,2026-09-01,09:41:00,N,nominal,2.0NRT,307.28,17.23,D,VIIRS
49.36985,38.67985,340.26,0.45,0.47,2026-09-01,09:41:00,N,nominal,2.0NRT,304.31,6.65,D,VIIRS
47.30865,31.60377,339.56,0.51,0.66,2026-09-01,09:41:00,N,nominal,2.0NRT,306.85,6.1,D,VIIRS
47.30513,31.61396,331.98,0.51,0.66,2026-09-01,09:41:00,N,low,2.0NRT,305.59,8.23,D,VIIRS
49.09727,37.75723,330.94,0.5,0.49,2026-09-01,09:41:00,N,low,2.0NRT,302.11,4.39,D,VIIRS
49.09898,37.76384,341.21,0.5,0.49,2026-09-01,09:41:00,N,nominal,2.0NRT,304.35,8.57,D,VIIRS
49.13831,37.93444,343.6,0.49,0.49,2026-09-01,09:41:00,N,nominal,2.0NRT,309,7.88,D,VIIRS
49.11581,37.86642,341.05,0.5,0.49,2026-09-01,09:41:00,N,nominal,2.0NRT,303.48,8.25,D,VIIRS
49.11155,37.86888,346.06,0.5,0.49,2026-09-01,09:41:00,N,nominal,2.0NRT,307.72,8.25,D,VIIRS
49.09699,37.75878,340.54,0.5,0.49,2026-09-01,09:41:00,N,nominal,2.0NRT,303.89,6.36,D,VIIRS
49.09868,37.76541,330.87,0.5,0.49,2026-09-01,09:41:00,N,nominal,2.0NRT,304.03,6.36,D,VIIRS
47.30438,31.60896,339.14,0.51,0.66,2026-09-01,09:41:00,N,nominal,2.0NRT,306.01,4.9,D,VIIRS
49.13719,37.93658,339.7,0.49,0.49,2026-09-01,09:41:00,N,nominal,2.0NRT,309.19,6.26,D,VIIRS
49.11335,37.86172,341.3,0.5,0.49,2026-09-01,09:41:00,N,nominal,2.0NRT,304.58,4.95,D,VIIRS
49.11505,37.8684,341.68,0.5,0.49,2026-09-01,09:41:00,N,nominal,2.0NRT,303.83,6.59,D,VIIRS
49.11079,37.87087,341.51,0.5,0.49,2026-09-01,09:41:00,N,nominal,2.0NRT,307.84,6.27,D,VIIRS
49.13656,38.01099,356.32,0.49,0.49,2026-09-01,09:41:00,N,nominal,2.0NRT,307.49,9.63,D,VIIRS
49.13235,38.01351,351.94,0.49,0.49,2026-09-01,09:41:00,N,nominal,2.0NRT,311.45,9.63,D,VIIRS
49.11072,37.96658,342.83,0.49,0.49,2026-09-01,09:41:00,N,nominal,2.0NRT,301.56,2.58,D,VIIRS
49.13533,38.06361,353.61,0.49,0.48,2026-09-01,09:41:00,N,nominal,2.0NRT,312.57,29.2,D,VIIRS
49.13696,38.07001,339.33,0.49,0.48,2026-09-01,09:41:00,N,nominal,2.0NRT,305.19,29.2,D,VIIRS
49.13112,38.06609,333.38,0.49,0.48,2026-09-01,09:41:00,N,nominal,2.0NRT,304.32,9.59,D,VIIRS
49.13274,38.07248,348.8,0.49,0.48,2026-09-01,09:41:00,N,nominal,2.0NRT,312.03,9.59,D,VIIRS
49.13436,38.07888,340.75,0.49,0.48,2026-09-01,09:41:00,N,nominal,2.0NRT,307.88,5.26,D,VIIRS
49.12689,38.06852,340.13,0.49,0.48,2026-09-01,09:41:00,N,nominal,2.0NRT,310.49,9.59,D,VIIRS
49.12852,38.07494,343.58,0.49,0.48,2026-09-01,09:41:00,N,nominal,2.0NRT,311.27,9.59,D,VIIRS
49.12429,38.07736,367,0.49,0.48,2026-09-01,09:41:00,N,high,2.0NRT,311.43,15.05,D,VIIRS
47.94868,33.89498,343.02,0.39,0.6,2026-09-01,09:41:00,N,nominal,2.0NRT,302.55,10.56,D,VIIRS
49.06564,37.90473,341.18,0.5,0.49,2026-09-01,09:41:00,N,nominal,2.0NRT,307.13,5.84,D,VIIRS
49.11163,38.08471,347.92,0.49,0.48,2026-09-01,09:41:00,N,nominal,2.0NRT,305.82,12.95,D,VIIRS
47.94357,33.89833,367,0.39,0.6,2026-09-01,09:41:00,N,high,2.0NRT,313.52,10.56,D,VIIRS
48.34345,35.26938,351.04,0.34,0.56,2026-09-01,09:41:00,N,nominal,2.0NRT,306.52,5.49,D,VIIRS
49.09114,38.0234,343.01,0.49,0.49,2026-09-01,09:41:00,N,nominal,2.0NRT,311.76,12.13,D,VIIRS
48.34227,35.26527,367,0.34,0.56,2026-09-01,09:41:00,N,high,2.0NRT,307.13,5.49,D,VIIRS
47.91561,33.88703,331.99,0.39,0.6,2026-09-01,09:41:00,N,nominal,2.0NRT,302.38,1.86,D,VIIRS
47.91047,33.89032,337.92,0.39,0.6,2026-09-01,09:41:00,N,nominal,2.0NRT,304.88,3.49,D,VIIRS
47.91198,33.89524,335.07,0.39,0.6,2026-09-01,09:41:00,N,nominal,2.0NRT,303.33,3.49,D,VIIRS
49.07044,38.09425,353.57,0.49,0.48,2026-09-01,09:41:00,N,nominal,2.0NRT,312.16,13.95,D,VIIRS
48.97391,37.74047,340.37,0.51,0.49,2026-09-01,09:41:00,N,nominal,2.0NRT,311.04,17,D,VIIRS
48.97563,37.74705,344.44,0.51,0.49,2026-09-01,09:41:00,N,nominal,2.0NRT,317.27,17,D,VIIRS
49.01806,37.91014,330.67,0.5,0.49,2026-09-01,09:41:00,N,nominal,2.0NRT,305.19,3.35,D,VIIRS
49.06622,38.09673,334.13,0.49,0.48,2026-09-01,09:41:00,N,nominal,2.0NRT,305.05,13.95,D,VIIRS
49.07233,38.09426,350.46,0.49,0.48,2026-09-01,09:41:00,N,nominal,2.0NRT,308.46,24.67,D,VIIRS
49.06812,38.09676,344.19,0.49,0.48,2026-09-01,09:41:00,N,nominal,2.0NRT,307.38,24.67,D,VIIRS
46.78035,35.73026,337.47,0.36,0.57,2026-09-01,09:41:00,N,low,2.0NRT,309.56,2.94,D,VIIRS
46.86176,36.01474,342.96,0.35,0.56,2026-09-01,09:41:00,N,nominal,2.0NRT,306.91,3.82,D,VIIRS
46.86299,36.01904,339.66,0.35,0.56,2026-09-01,09:41:00,N,nominal,2.0NRT,309.6,4.83,D,VIIRS
46.77541,35.73326,344.05,0.36,0.57,2026-09-01,09:41:00,N,nominal,2.0NRT,308.04,2.94,D,VIIRS
46.77302,35.74512,342.92,0.36,0.57,2026-09-01,09:41:00,N,nominal,2.0NRT,307.69,3.33,D,VIIRS
46.77431,35.74957,346.86,0.36,0.57,2026-09-01,09:41:00,N,nominal,2.0NRT,308.87,3.33,D,VIIRS
46.85312,36.04451,347.43,0.34,0.56,2026-09-01,09:41:00,N,nominal,2.0NRT,308.09,3.04,D,VIIRS
46.85434,36.0488,334.9,0.34,0.56,2026-09-01,09:41:00,N,low,2.0NRT,306.17,3.04,D,VIIRS
47.23804,37.57095,346.54,0.58,0.52,2026-09-01,09:41:00,N,nominal,2.0NRT,309.99,9.21,D,VIIRS
47.24003,37.57831,332.88,0.58,0.52,2026-09-01,09:41:00,N,nominal,2.0NRT,306.33,9.21,D,VIIRS
48.9733,37.74174,340.4,0.51,0.49,2026-09-01,09:41:00,N,low,2.0NRT,312.76,11.73,D,VIIRS
48.97499,37.74834,343.09,0.51,0.49,2026-09-01,09:41:00,N,low,2.0NRT,315.36,16.38,D,VIIRS
48.34142,35.53015,335.04,0.33,0.55,2026-09-01,09:41:00,N,nominal,2.0NRT,304.81,4.26,D,VIIRS
48.3426,35.53432,367,0.33,0.55,2026-09-01,09:41:00,N,high,2.0NRT,307.06,10.33,D,VIIRS
48.33788,35.53739,338.24,0.33,0.55,2026-09-01,09:41:00,N,nominal,2.0NRT,302.21,1.81,D,VIIRS
48.95841,37.85678,350.97,0.5,0.49,2026-09-01,09:41:00,N,nominal,2.0NRT,314.49,19.11,D,VIIRS
49.00962,38.05722,347.98,0.49,0.49,2026-09-01,09:41:00,N,nominal,2.0NRT,309.66,6.5,D,VIIRS
48.9474,37.83303,347.4,0.5,0.49,2026-09-01,09:41:00,N,nominal,2.0NRT,308.15,10.05,D,VIIRS
49.00373,38.0532,357.86,0.49,0.49,2026-09-01,09:41:00,N,nominal,2.0NRT,311.7,11.78,D,VIIRS
49.00866,38.07257,339.84,0.49,0.49,2026-09-01,09:41:00,N,nominal,2.0NRT,311,14.19,D,VIIRS
49.01029,38.07897,344.27,0.49,0.49,2026-09-01,09:41:00,N,nominal,2.0NRT,312.3,14.19,D,VIIRS
48.94985,37.86172,345.99,0.5,0.49,2026-09-01,09:41:00,N,nominal,2.0NRT,310.12,12.24,D,VIIRS
48.94557,37.8642,343.95,0.5,0.49,2026-09-01,09:41:00,N,nominal,2.0NRT,313.08,6.84,D,VIIRS
48.94726,37.87075,337.88,0.5,0.49,2026-09-01,09:41:00,N,low,2.0NRT,311.24,3.93,D,VIIRS
48.9656,37.94215,336.86,0.5,0.49,2026-09-01,09:41:00,N,low,2.0NRT,308.95,3.8,D,VIIRS
48.9286,37.83656,346.6,0.5,0.49,2026-09-01,09:41:00,N,nominal,2.0NRT,308.16,7.81,D,VIIRS
48.25204,35.47277,333.16,0.33,0.55,2026-09-01,09:41:00,N,low,2.0NRT,306.92,2.89,D,VIIRS
48.9832,38.1819,367,0.49,0.48,2026-09-01,09:41:00,N,low,2.0NRT,332.07,107.47,D,VIIRS
48.8145,37.55165,336.64,0.52,0.5,2026-09-01,09:41:00,N,nominal,2.0NRT,302.06,4.44,D,VIIRS
48.97898,38.18432,354.14,0.49,0.48,2026-09-01,09:41:00,N,nominal,2.0NRT,315.19,7.63,D,VIIRS
48.98059,38.19062,351.89,0.49,0.48,2026-09-01,09:41:00,N,nominal,2.0NRT,315.9,10.98,D,VIIRS
48.97477,38.18679,343.9,0.49,0.48,2026-09-01,09:41:00,N,nominal,2.0NRT,313.48,7.63,D,VIIRS
48.97638,38.19308,341.99,0.49,0.48,2026-09-01,09:41:00,N,nominal,2.0NRT,313.43,10.98,D,VIIRS
48.9814,38.1844,352.28,0.49,0.48,2026-09-01,09:41:00,N,low,2.0NRT,329.07,22.55,D,VIIRS
48.98298,38.19072,343.2,0.49,0.48,2026-09-01,09:41:00,N,nominal,2.0NRT,310.17,22.55,D,VIIRS
48.81574,37.55181,336.54,0.52,0.5,2026-09-01,09:41:00,N,nominal,2.0NRT,301.58,3.12,D,VIIRS
48.97718,38.18685,341.36,0.49,0.48,2026-09-01,09:41:00,N,nominal,2.0NRT,313.69,22.55,D,VIIRS
48.97877,38.19317,344.2,0.49,0.48,2026-09-01,09:41:00,N,nominal,2.0NRT,314.4,22.55,D,VIIRS
48.25092,35.47759,333.11,0.33,0.55,2026-09-01,09:41:00,N,low,2.0NRT,303.67,2.55,D,VIIRS
48.97298,38.18934,338.66,0.49,0.48,2026-09-01,09:41:00,N,low,2.0NRT,312.79,3.7,D,VIIRS
48.97456,38.19566,341.19,0.49,0.48,2026-09-01,09:41:00,N,nominal,2.0NRT,313.59,3.7,D,VIIRS
49.52815,37.90808,340.12,0.48,0.48,2026-09-01,09:41:00,N,nominal,2.0NRT,302.7,11.02,D,VIIRS
49.45288,37.70892,339.35,0.49,0.49,2026-09-01,09:41:00,N,nominal,2.0NRT,306.58,24.03,D,VIIRS
49.43177,37.64612,331.22,0.5,0.49,2026-09-01,09:41:00,N,nominal,2.0NRT,300.81,2.05,D,VIIRS
49.23809,37.02414,341.35,0.53,0.5,2026-09-01,09:41:00,N,nominal,2.0NRT,302.89,15.3,D,VIIRS
49.23994,37.03107,350.48,0.53,0.5,2026-09-01,09:41:00,N,nominal,2.0NRT,308.4,47.33,D,VIIRS
49.23373,37.02685,337.87,0.53,0.5,2026-09-01,09:41:00,N,nominal,2.0NRT,311.19,15.3,D,VIIRS
49.23558,37.03378,352.92,0.53,0.5,2026-09-01,09:41:00,N,nominal,2.0NRT,323.33,47.33,D,VIIRS
49.23744,37.0407,341.37,0.53,0.5,2026-09-01,09:41:00,N,nominal,2.0NRT,304.82,47.33,D,VIIRS
49.24155,37.03082,367,0.53,0.5,2026-09-01,09:41:00,N,high,2.0NRT,299.16,13.46,D,VIIRS
49.23719,37.03351,367,0.53,0.5,2026-09-01,09:41:00,N,low,2.0NRT,325.35,43.6,D,VIIRS
49.23102,37.0293,331.14,0.53,0.5,2026-09-01,09:41:00,N,low,2.0NRT,305.4,43.6,D,VIIRS
49.23285,37.03626,347.1,0.53,0.5,2026-09-01,09:41:00,N,nominal,2.0NRT,308.74,43.6,D,VIIRS
49.23467,37.04322,341.91,0.53,0.5,2026-09-01,09:41:00,N,nominal,2.0NRT,307.83,27.38,D,VIIRS
49.45497,38.03312,355.49,0.48,0.48,2026-09-01,09:41:00,N,nominal,2.0NRT,306.69,10.91,D,VIIRS
49.90518,37.57343,344.67,0.49,0.48,2026-09-01,09:43:00,N,nominal,2.0NRT,307.35,19.7,D,VIIRS
50.41976,35.30006,328.22,0.58,0.52,2026-09-01,09:43:00,N,nominal,2.0NRT,294.52,4.63,D,VIIRS
50.42186,35.30762,328.18,0.58,0.52,2026-09-01,09:43:00,N,nominal,2.0NRT,295.99,4.63,D,VIIRS
50.31502,36.2051,332.26,0.54,0.51,2026-09-01,09:43:00,N,nominal,2.0NRT,297.6,2.9,D,VIIRS
49.54318,33.60245,332.75,0.36,0.57,2026-09-01,09:43:00,N,nominal,2.0NRT,291.13,3.68,D,VIIRS
49.54493,33.60216,351.18,0.36,0.57,2026-09-01,09:43:00,N,nominal,2.0NRT,291.43,5,D,VIIRS
49.74502,37.56743,341.74,0.49,0.49,2026-09-01,09:43:00,N,nominal,2.0NRT,306.19,5.47,D,VIIRS
49.70546,37.43388,343.6,0.5,0.49,2026-09-01,09:43:00,N,nominal,2.0NRT,301.17,7.12,D,VIIRS
49.76723,37.67233,346.21,0.49,0.48,2026-09-01,09:43:00,N,nominal,2.0NRT,305.39,7.28,D,VIIRS
49.79344,37.77427,341.36,0.48,0.48,2026-09-01,09:43:00,N,nominal,2.0NRT,303.35,6.97,D,VIIRS
49.70119,37.43635,343.01,0.5,0.49,2026-09-01,09:43:00,N,nominal,2.0NRT,303.29,9.91,D,VIIRS
49.76138,37.66844,341.01,0.49,0.48,2026-09-01,09:43:00,N,nominal,2.0NRT,302.88,4.11,D,VIIRS
49.75551,37.66453,342.04,0.49,0.48,2026-09-01,09:43:00,N,nominal,2.0NRT,303.73,4.11,D,VIIRS
49.75716,37.67093,341.43,0.49,0.48,2026-09-01,09:43:00,N,nominal,2.0NRT,304.41,4.11,D,VIIRS
49.78012,37.41883,342.16,0.5,0.49,2026-09-01,09:43:00,N,nominal,2.0NRT,306.86,14.36,D,VIIRS
49.81639,37.69398,343.55,0.48,0.48,2026-09-01,09:43:00,N,nominal,2.0NRT,304.17,13.39,D,VIIRS
49.85008,37.86433,341.37,0.47,0.48,2026-09-01,09:43:00,N,nominal,2.0NRT,301.67,6.58,D,VIIRS
49.84594,37.86689,337.9,0.47,0.48,2026-09-01,09:43:00,N,nominal,2.0NRT,305.12,6.58,D,VIIRS
49.86174,37.92926,335.02,0.47,0.48,2026-09-01,09:43:00,N,nominal,2.0NRT,302.76,3.8,D,VIIRS
49.78384,37.69923,333.41,0.48,0.48,2026-09-01,09:43:00,N,low,2.0NRT,306.16,6.48,D,VIIRS
49.86706,37.63276,345.21,0.48,0.48,2026-09-01,09:43:00,N,nominal,2.0NRT,301.34,5.42,D,VIIRS
49.79682,37.39966,340.38,0.5,0.49,2026-09-01,09:43:00,N,nominal,2.0NRT,305.12,6.32,D,VIIRS
49.86865,37.63305,341.94,0.48,0.48,2026-09-01,09:43:00,N,nominal,2.0NRT,301.24,3.85,D,VIIRS
49.79955,37.39898,331.2,0.5,0.49,2026-09-01,09:43:00,N,nominal,2.0NRT,301.12,3.33,D,VIIRS
49.79532,37.40165,337.42,0.5,0.49,2026-09-01,09:43:00,N,nominal,2.0NRT,304.86,3.33,D,VIIRS
49.78268,37.40969,336.93,0.5,0.49,2026-09-01,09:43:00,N,nominal,2.0NRT,301.4,14.36,D,VIIRS
49.78436,37.41626,341.55,0.5,0.49,2026-09-01,09:43:00,N,nominal,2.0NRT,301.13,14.36,D,VIIRS
49.829,37.59126,344.24,0.49,0.48,2026-09-01,09:43:00,N,nominal,2.0NRT,303.63,7.22,D,VIIRS
49.77844,37.41228,340.47,0.5,0.49,2026-09-01,09:43:00,N,nominal,2.0NRT,302.66,14.36,D,VIIRS
50.25166,37.1004,342.99,0.5,0.49,2026-09-01,09:43:00,N,nominal,2.0NRT,303.99,13.74,D,VIIRS
50.24065,37.07685,343.28,0.5,0.49,2026-09-01,09:43:00,N,nominal,2.0NRT,304.7,5.33,D,VIIRS
50.24234,37.08334,349.27,0.5,0.49,2026-09-01,09:43:00,N,nominal,2.0NRT,305.2,12.47,D,VIIRS
50.24744,37.10307,348.46,0.5,0.49,2026-09-01,09:43:00,N,nominal,2.0NRT,305.38,12.68,D,VIIRS
50.23643,37.07952,337.72,0.5,0.49,2026-09-01,09:43:00,N,nominal,2.0NRT,302.59,5.33,D,VIIRS
50.23809,37.08594,352.13,0.5,0.49,2026-09-01,09:43:00,N,nominal,2.0NRT,305.9,12.47,D,VIIRS
50.24322,37.10576,341.24,0.5,0.49,2026-09-01,09:43:00,N,nominal,2.0NRT,303.52,12.68,D,VIIRS
50.20128,37.0012,340.04,0.5,0.49,2026-09-01,09:43:00,N,nominal,2.0NRT,301.6,4.39,D,VIIRS
49.81156,37.80739,336.95,0.48,0.48,2026-09-01,09:43:00,N,nominal,2.0NRT,303.54,5.08,D,VIIRS
50.24992,37.09367,334.69,0.5,0.49,2026-09-01,09:43:00,N,nominal,2.0NRT,299.91,13.74,D,VIIRS
50.24657,37.08069,341.8,0.5,0.49,2026-09-01,09:43:00,N,nominal,2.0NRT,304.09,10.67,D,VIIRS
50.25245,37.08443,334.84,0.5,0.49,2026-09-01,09:43:00,N,nominal,2.0NRT,300.6,10.67,D,VIIRS
50.25078,37.07798,357.08,0.5,0.49,2026-09-01,09:43:00,N,nominal,2.0NRT,304.84,10.67,D,VIIRS
48.60113,31.40716,328.69,0.47,0.64,2026-09-01,09:43:00,N,low,2.0NRT,299.17,3.84,D,VIIRS
50.23325,36.93392,340.43,0.5,0.49,2026-09-01,09:43:00,N,nominal,2.0NRT,301.61,9.48,D,VIIRS
50.23151,36.92719,344.69,0.5,0.49,2026-09-01,09:43:00,N,nominal,2.0NRT,301.96,7.56,D,VIIRS
50.22105,36.88681,334.12,0.51,0.49,2026-09-01,09:43:00,N,nominal,2.0NRT,298.77,6.31,D,VIIRS
50.21932,36.88016,348.99,0.51,0.49,2026-09-01,09:43:00,N,nominal,2.0NRT,299.48,6.31,D,VIIRS
50.10644,36.43001,339.96,0.53,0.5,2026-09-01,09:43:00,N,nominal,2.0NRT,300.6,3.69,D,VIIRS
50.38924,37.44946,347.05,0.48,0.48,2026-09-01,09:43:00,N,nominal,2.0NRT,299.42,3.46,D,VIIRS
50.10851,36.42764,329.95,0.53,0.5,2026-09-01,09:43:00,N,nominal,2.0NRT,299.05,4.87,D,VIIRS
50.38767,37.44873,347.4,0.48,0.48,2026-09-01,09:43:00,N,nominal,2.0NRT,301.99,6.69,D,VIIRS
50.02943,36.4468,350.91,0.53,0.5,2026-09-01,09:43:00,N,nominal,2.0NRT,303.07,12.09,D,VIIRS
48.42896,31.19437,333.61,0.49,0.65,2026-09-01,09:43:00,N,nominal,2.0NRT,298.36,3.83,D,VIIRS
50.29131,37.51841,344.71,0.48,0.48,2026-09-01,09:43:00,N,nominal,2.0NRT,303.84,6.32,D,VIIRS
50.29211,37.51902,339.62,0.48,0.48,2026-09-01,09:43:00,N,nominal,2.0NRT,303.05,6.72,D,VIIRS
48.42749,31.19735,333.03,0.49,0.65,2026-09-01,09:43:00,N,nominal,2.0NRT,298.95,3.01,D,VIIRS
50.08028,36.82638,339.06,0.51,0.5,2026-09-01,09:43:00,N,nominal,2.0NRT,300.89,11.91,D,VIIRS
50.08209,36.83331,344.19,0.51,0.5,2026-09-01,09:43:00,N,nominal,2.0NRT,311.02,47.58,D,VIIRS
50.14953,37.26398,345.98,0.49,0.49,2026-09-01,09:43:00,N,nominal,2.0NRT,301.86,5.89,D,VIIRS
50.17719,37.39008,333.48,0.49,0.48,2026-09-01,09:43:00,N,nominal,2.0NRT,297.58,4.71,D,VIIRS
50.21069,37.53947,342.67,0.48,0.48,2026-09-01,09:43:00,N,nominal,2.0NRT,304.5,5.64,D,VIIRS
50.17753,37.57398,333.08,0.48,0.48,2026-09-01,09:43:00,N,low,2.0NRT,304.33,10.06,D,VIIRS
50.17017,37.56387,337,0.48,0.48,2026-09-01,09:43:00,N,nominal,2.0NRT,303.92,4.74,D,VIIRS
50.17178,37.57023,342.2,0.48,0.48,2026-09-01,09:43:00,N,nominal,2.0NRT,305.39,4.74,D,VIIRS
50.14341,37.47723,334.56,0.48,0.48,2026-09-01,09:43:00,N,nominal,2.0NRT,300.51,5.01,D,VIIRS
50.12172,37.60061,333.78,0.48,0.48,2026-09-01,09:43:00,N,nominal,2.0NRT,306.06,4.99,D,VIIRS
50.11755,37.60316,349.96,0.48,0.48,2026-09-01,09:43:00,N,nominal,2.0NRT,305.27,11.36,D,VIIRS
50.11915,37.60943,340.33,0.48,0.48,2026-09-01,09:43:00,N,nominal,2.0NRT,300,8.02,D,VIIRS
50.08253,37.48538,343.27,0.48,0.48,2026-09-01,09:43:00,N,nominal,2.0NRT,301.75,5.16,D,VIIRS
49.85195,36.85015,342.28,0.52,0.5,2026-09-01,09:43:00,N,nominal,2.0NRT,304.48,6.73,D,VIIRS
49.84011,36.88155,345.49,0.52,0.5,2026-09-01,09:43:00,N,nominal,2.0NRT,299.02,6.65,D,VIIRS
49.94992,37.49212,334.02,0.49,0.48,2026-09-01,09:43:00,N,nominal,2.0NRT,300.71,3.28,D,VIIRS
49.94571,37.49466,336.82,0.49,0.48,2026-09-01,09:43:00,N,nominal,2.0NRT,303.09,3.11,D,VIIRS
49.97614,37.66882,335.83,0.48,0.48,2026-09-01,09:43:00,N,nominal,2.0NRT,304.23,3.69,D,VIIRS
49.94816,37.49433,344.16,0.49,0.48,2026-09-01,09:43:00,N,nominal,2.0NRT,304.14,9.07,D,VIIRS
49.97782,37.66925,339,0.48,0.48,2026-09-01,09:43:00,N,nominal,2.0NRT,302.68,4.27,D,VIIRS
49.9094,37.57095,342.01,0.49,0.48,2026-09-01,09:43:00,N,nominal,2.0NRT,308.48,19.7,D,VIIRS
49.91106,37.57746,341.57,0.49,0.48,2026-09-01,09:43:00,N,nominal,2.0NRT,301.29,22.78,D,VIIRS
49.94481,37.74794,349.93,0.48,0.48,2026-09-01,09:43:00,N,nominal,2.0NRT,306.16,23.35,D,VIIRS
49.76075,37.12953,340.15,0.51,0.49,2026-09-01,09:43:00,N,nominal,2.0NRT,299.32,7.36,D,VIIRS
49.75639,37.13189,340.23,0.51,0.49,2026-09-01,09:43:00,N,nominal,2.0NRT,303.13,12.58,D,VIIRS
51.18439,35.01624,328,0.56,0.52,2026-09-01,09:43:00,N,nominal,2.0NRT,295.8,3.7,D,VIIRS
50.28355,36.36459,336.59,0.53,0.5,2026-09-01,09:43:00,N,nominal,2.0NRT,297.1,3.99,D,VIIRS
50.25813,36.36452,339.04,0.53,0.5,2026-09-01,09:43:00,N,nominal,2.0NRT,299.1,7.4,D,VIIRS
50.29084,36.81092,331.6,0.51,0.49,2026-09-01,09:43:00,N,nominal,2.0NRT,296.6,3.23,D,VIIRS
50.28655,36.81353,344.09,0.51,0.49,2026-09-01,09:43:00,N,nominal,2.0NRT,300.78,11.32,D,VIIRS
50.28053,36.80956,332.97,0.51,0.49,2026-09-01,09:43:00,N,nominal,2.0NRT,300.48,8.08,D,VIIRS
50.29884,36.8986,343.18,0.5,0.49,2026-09-01,09:43:00,N,nominal,2.0NRT,300.16,6.57,D,VIIRS
50.39596,37.27402,338.87,0.48,0.48,2026-09-01,09:43:00,N,nominal,2.0NRT,304.19,13.45,D,VIIRS
50.39762,37.28048,344.23,0.48,0.48,2026-09-01,09:43:00,N,nominal,2.0NRT,303.28,12.29,D,VIIRS
50.39927,37.2869,345.32,0.48,0.48,2026-09-01,09:43:00,N,nominal,2.0NRT,302.51,12.29,D,VIIRS
50.28859,36.89732,335.99,0.5,0.49,2026-09-01,09:43:00,N,nominal,2.0NRT,299.85,5.52,D,VIIRS
50.2053,36.61896,329.57,0.52,0.5,2026-09-01,09:43:00,N,nominal,2.0NRT,298.83,5.27,D,VIIRS
50.20095,36.62152,346.39,0.52,0.5,2026-09-01,09:43:00,N,nominal,2.0NRT,301.33,5.27,D,VIIRS
50.19658,36.62403,348.3,0.52,0.5,2026-09-01,09:43:00,N,nominal,2.0NRT,304.92,10.59,D,VIIRS
45.76149,34.58032,339.43,0.54,0.51,2026-09-01,11:21:00,N,nominal,2.0NRT,307.85,4.38,D,VIIRS
45.76195,34.58735,342.02,0.54,0.51,2026-09-01,11:21:00,N,nominal,2.0NRT,308.24,6.48,D,VIIRS
45.44505,34.58133,341.55,0.53,0.5,2026-09-01,11:21:00,N,nominal,2.0NRT,308.05,5.5,D,VIIRS
45.4384,34.62433,334.45,0.54,0.51,2026-09-01,11:21:00,N,low,2.0NRT,308,3.45,D,VIIRS
45.43886,34.63131,335.7,0.54,0.51,2026-09-01,11:21:00,N,low,2.0NRT,307.38,3.45,D,VIIRS
45.43372,34.62496,344.18,0.54,0.51,2026-09-01,11:21:00,N,nominal,2.0NRT,307.21,6.52,D,VIIRS
45.43417,34.63194,346.46,0.54,0.51,2026-09-01,11:21:00,N,nominal,2.0NRT,308.03,6.52,D,VIIRS
45.34598,33.76783,336.04,0.49,0.48,2026-09-01,11:21:00,N,low,2.0NRT,310.46,3.11,D,VIIRS
48.78593,38.77358,350.44,0.45,0.63,2026-09-01,11:21:00,N,nominal,2.0NRT,311.43,19.81,D,VIIRS
48.75275,38.07979,333.43,0.41,0.61,2026-09-01,11:21:00,N,low,2.0NRT,306.24,1.62,D,VIIRS
48.72839,38.01678,336.96,0.41,0.61,2026-09-01,11:21:00,N,nominal,2.0NRT,306.16,5.82,D,VIIRS
48.72824,38.01071,367,0.41,0.61,2026-09-01,11:21:00,N,high,2.0NRT,306.02,5.67,D,VIIRS
48.71577,37.74864,367,0.4,0.6,2026-09-01,11:21:00,N,high,2.0NRT,309.83,6.39,D,VIIRS
48.71832,37.74988,351.29,0.4,0.6,2026-09-01,11:21:00,N,nominal,2.0NRT,306.78,8.22,D,VIIRS
48.72644,38.01214,352.23,0.41,0.61,2026-09-01,11:21:00,N,nominal,2.0NRT,307.34,5.83,D,VIIRS
48.66433,37.63702,336.36,0.39,0.6,2026-09-01,11:21:00,N,nominal,2.0NRT,302.97,1.2,D,VIIRS
48.59375,35.81295,367,0.33,0.55,2026-09-01,11:21:00,N,high,2.0NRT,301.15,6.53,D,VIIRS
48.59396,35.81748,367,0.33,0.55,2026-09-01,11:21:00,N,high,2.0NRT,302.4,9.56,D,VIIRS
48.58862,35.81344,342.7,0.33,0.55,2026-09-01,11:21:00,N,nominal,2.0NRT,303.34,5.31,D,VIIRS
48.58925,35.82701,350.82,0.33,0.55,2026-09-01,11:21:00,N,nominal,2.0NRT,306.61,4.55,D,VIIRS
48.58946,35.83154,341.39,0.33,0.55,2026-09-01,11:21:00,N,nominal,2.0NRT,305.72,4.55,D,VIIRS
48.65718,37.58652,344.54,0.39,0.6,2026-09-01,11:21:00,N,nominal,2.0NRT,306.74,5.37,D,VIIRS
48.68639,38.70242,346.11,0.44,0.62,2026-09-01,11:21:00,N,nominal,2.0NRT,306.49,3.23,D,VIIRS
48.58884,35.81796,367,0.33,0.55,2026-09-01,11:21:00,N,high,2.0NRT,308.08,10.33,D,VIIRS
48.58904,35.82248,367,0.33,0.55,2026-09-01,11:21:00,N,high,2.0NRT,307.69,10.33,D,VIIRS
48.58412,35.8275,346.36,0.33,0.55,2026-09-01,11:21:00,N,nominal,2.0NRT,307.63,4.55,D,VIIRS
48.58433,35.83202,343.92,0.33,0.55,2026-09-01,11:21:00,N,nominal,2.0NRT,306.31,4.55,D,VIIRS
48.65196,37.59791,336.03,0.39,0.6,2026-09-01,11:21:00,N,nominal,2.0NRT,308.15,2.98,D,VIIRS
48.62842,37.55692,330.95,0.39,0.59,2026-09-01,11:21:00,N,nominal,2.0NRT,302.38,1.64,D,VIIRS
48.59465,37.18185,339.36,0.38,0.58,2026-09-01,11:21:00,N,nominal,2.0NRT,303.57,7.1,D,VIIRS
48.60461,37.5043,335.41,0.39,0.59,2026-09-01,11:21:00,N,nominal,2.0NRT,302.54,4.21,D,VIIRS
48.61068,37.7171,335.86,0.4,0.6,2026-09-01,11:21:00,N,nominal,2.0NRT,305.95,2.56,D,VIIRS
48.59448,37.17668,367,0.38,0.58,2026-09-01,11:21:00,N,high,2.0NRT,306.75,12.24,D,VIIRS
48.60851,37.84499,356.06,0.4,0.6,2026-09-01,11:21:00,N,nominal,2.0NRT,304.14,7.54,D,VIIRS
48.60926,37.87393,333.68,0.4,0.6,2026-09-01,11:21:00,N,nominal,2.0NRT,303.2,3.98,D,VIIRS
48.59441,37.18089,347.95,0.38,0.58,2026-09-01,11:21:00,N,nominal,2.0NRT,305.61,8.37,D,VIIRS
48.60598,37.503,347.28,0.39,0.59,2026-09-01,11:21:00,N,nominal,2.0NRT,302.67,4.59,D,VIIRS
48.61312,37.71551,341.45,0.4,0.6,2026-09-01,11:21:00,N,nominal,2.0NRT,306.19,1.87,D,VIIRS
48.59422,37.17571,367,0.38,0.58,2026-09-01,11:21:00,N,high,2.0NRT,306.21,7.51,D,VIIRS
48.60613,37.84926,351.81,0.4,0.6,2026-09-01,11:21:00,N,nominal,2.0NRT,304.15,6.64,D,VIIRS
48.60667,37.86651,348.18,0.4,0.6,2026-09-01,11:21:00,N,nominal,2.0NRT,303.32,2.85,D,VIIRS
48.54178,37.58147,338.93,0.39,0.59,2026-09-01,11:21:00,N,nominal,2.0NRT,302.63,2.34,D,VIIRS
48.54196,37.58714,332.58,0.39,0.59,2026-09-01,11:21:00,N,nominal,2.0NRT,305.17,2.34,D,VIIRS
48.54291,37.80769,348.18,0.4,0.6,2026-09-01,11:21:00,N,nominal,2.0NRT,307.32,3.47,D,VIIRS
48.5271,37.64946,332.52,0.39,0.6,2026-09-01,11:21:00,N,nominal,2.0NRT,305.28,2.81,D,VIIRS
48.51847,37.94555,339.78,0.41,0.6,2026-09-01,11:21:00,N,nominal,2.0NRT,304.32,2.39,D,VIIRS
48.4794,37.013420000000004,353.13,0.37,0.58,2026-09-01,11:21:00,N,nominal,2.0NRT,303.05,4.47,D,VIIRS
48.49811,37.61244,332.54,0.39,0.6,2026-09-01,11:21:00,N,nominal,2.0NRT,302.03,1.11,D,VIIRS
48.47989,37.19392,331.98,0.38,0.58,2026-09-01,11:21:00,N,nominal,2.0NRT,302.79,1.14,D,VIIRS
48.51838,39.05222,351.5,0.46,0.63,2026-09-01,11:21:00,N,nominal,2.0NRT,306.88,5.49,D,VIIRS
48.51849,39.05911,336.13,0.46,0.63,2026-09-01,11:21:00,N,nominal,2.0NRT,303.09,5.49,D,VIIRS
48.46898,37.19499,349.52,0.38,0.58,2026-09-01,11:21:00,N,nominal,2.0NRT,307.32,6.76,D,VIIRS
48.47564,37.41288,336.68,0.38,0.59,2026-09-01,11:21:00,N,nominal,2.0NRT,304.13,3.96,D,VIIRS
48.48317,37.01125,343.88,0.37,0.58,2026-09-01,11:21:00,N,nominal,2.0NRT,302.6,5.34,D,VIIRS
48.46254,36.6353,340.73,0.35,0.57,2026-09-01,11:21:00,N,nominal,2.0NRT,302.16,1.38,D,VIIRS
48.50293,37.71484,338.23,0.4,0.6,2026-09-01,11:21:00,N,nominal,2.0NRT,303.71,1.94,D,VIIRS
48.46823,37.19297,351.36,0.38,0.58,2026-09-01,11:21:00,N,nominal,2.0NRT,307.43,5.76,D,VIIRS
48.47616,37.41582,342.54,0.38,0.59,2026-09-01,11:21:00,N,nominal,2.0NRT,304.81,2.42,D,VIIRS
48.52129,39.0541,345.91,0.46,0.63,2026-09-01,11:21:00,N,nominal,2.0NRT,305.54,4.71,D,VIIRS
48.52143,39.06108,334.15,0.46,0.63,2026-09-01,11:21:00,N,nominal,2.0NRT,303.29,9.27,D,VIIRS
48.45914,37.09449,331.69,0.37,0.58,2026-09-01,11:21:00,N,nominal,2.0NRT,304.69,2.57,D,VIIRS
48.51536,39.0547,345.21,0.46,0.63,2026-09-01,11:21:00,N,nominal,2.0NRT,304.61,4.71,D,VIIRS
48.47637,37.76122,333.18,0.4,0.6,2026-09-01,11:21:00,N,nominal,2.0NRT,304.3,1.84,D,VIIRS
48.4212,36.4112,344.34,0.35,0.56,2026-09-01,11:21:00,N,nominal,2.0NRT,305.84,2.19,D,VIIRS
48.44949,37.8012,334.42,0.4,0.6,2026-09-01,11:21:00,N,low,2.0NRT,305.58,2.69,D,VIIRS
48.4434,37.78531,334.53,0.4,0.6,2026-09-01,11:21:00,N,nominal,2.0NRT,304.05,1.82,D,VIIRS
48.42572,37.56987,336.13,0.39,0.59,2026-09-01,11:21:00,N,nominal,2.0NRT,303.29,3.62,D,VIIRS
48.4259,37.57547,331.99,0.39,0.59,2026-09-01,11:21:00,N,low,2.0NRT,305.85,3.67,D,VIIRS
48.43671,37.94653,343.78,0.41,0.6,2026-09-01,11:21:00,N,nominal,2.0NRT,304.47,7.95,D,VIIRS
48.43076,37.93596,331.92,0.41,0.6,2026-09-01,11:21:00,N,low,2.0NRT,304.75,3.76,D,VIIRS
48.41201,37.67055,340.09,0.39,0.6,2026-09-01,11:21:00,N,nominal,2.0NRT,301.27,3.88,D,VIIRS
48.35425,36.45507,340.36,0.35,0.56,2026-09-01,11:21:00,N,nominal,2.0NRT,308.98,4.82,D,VIIRS
48.39271,37.58262,348,0.39,0.59,2026-09-01,11:21:00,N,nominal,2.0NRT,304.05,5,D,VIIRS
48.39288,37.5881,336.07,0.39,0.59,2026-09-01,11:21:00,N,nominal,2.0NRT,302.53,5.38,D,VIIRS
48.35058,36.45691,355.86,0.35,0.56,2026-09-01,11:21:00,N,nominal,2.0NRT,308.66,4.61,D,VIIRS
48.39462,37.5834,354,0.39,0.59,2026-09-01,11:21:00,N,nominal,2.0NRT,303.93,6.49,D,VIIRS
48.18277,33.70162,343.33,0.52,0.5,2026-09-01,11:21:00,N,nominal,2.0NRT,304.51,15.39,D,VIIRS
48.17815,33.70216,346.74,0.52,0.5,2026-09-01,11:21:00,N,nominal,2.0NRT,313.61,15.39,D,VIIRS
48.36708,37.42812,367,0.38,0.59,2026-09-01,11:21:00,N,high,2.0NRT,307.67,9.2,D,VIIRS
48.23112,34.79129,337.29,0.58,0.52,2026-09-01,11:21:00,N,nominal,2.0NRT,303.69,7.16,D,VIIRS
48.36444,38.05883,332.04,0.41,0.61,2026-09-01,11:21:00,N,nominal,2.0NRT,302.26,0.96,D,VIIRS
48.28764,36.60196,334.07,0.35,0.57,2026-09-01,11:21:00,N,nominal,2.0NRT,303.98,3.47,D,VIIRS
48.28783,36.60691,352.1,0.35,0.57,2026-09-01,11:21:00,N,nominal,2.0NRT,306.73,3.47,D,VIIRS
48.33298,37.94765,367,0.41,0.6,2026-09-01,11:21:00,N,high,2.0NRT,304.43,9.05,D,VIIRS
48.33314,37.95324,367,0.41,0.6,2026-09-01,11:21:00,N,high,2.0NRT,304.69,12.96,D,VIIRS
48.26719,36.76577,330.41,0.36,0.57,2026-09-01,11:21:00,N,nominal,2.0NRT,302.82,1.77,D,VIIRS
48.26484,37.00258,340.81,0.37,0.58,2026-09-01,11:21:00,N,nominal,2.0NRT,304.59,3.41,D,VIIRS
48.30268,38.32813,346.86,0.42,0.61,2026-09-01,11:21:00,N,nominal,2.0NRT,308.9,3.64,D,VIIRS
48.25718,36.93718,330.78,0.36,0.58,2026-09-01,11:21:00,N,low,2.0NRT,305.49,3.19,D,VIIRS
48.30397,38.98849,331.01,0.45,0.63,2026-09-01,11:21:00,N,nominal,2.0NRT,304.84,2.21,D,VIIRS
48.05658,33.19326,341.48,0.49,0.48,2026-09-01,11:21:00,N,nominal,2.0NRT,303.38,3.04,D,VIIRS
48.05532,33.19448,343.35,0.49,0.48,2026-09-01,11:21:00,N,nominal,2.0NRT,304.43,4.75,D,VIIRS
48.26308,37.00026,344.57,0.37,0.58,2026-09-01,11:21:00,N,nominal,2.0NRT,306.49,2.66,D,VIIRS
48.25529,36.94,340.26,0.36,0.58,2026-09-01,11:21:00,N,nominal,2.0NRT,305.94,3.69,D,VIIRS
48.30204,38.33011,346.4,0.42,0.61,2026-09-01,11:21:00,N,nominal,2.0NRT,309.77,5.38,D,VIIRS
48.25389,38.73023,330.42,0.44,0.62,2026-09-01,11:21:00,N,low,2.0NRT,300.99,2.52,D,VIIRS
48.19303,37.16468,337.47,0.37,0.58,2026-09-01,11:21:00,N,nominal,2.0NRT,302.99,2.95,D,VIIRS
48.19261,37.31493,367,0.38,0.59,2026-09-01,11:21:00,N,high,2.0NRT,306.79,9.94,D,VIIRS
48.17052,36.83724,346.59,0.36,0.57,2026-09-01,11:21:00,N,nominal,2.0NRT,306.72,3.88,D,VIIRS
48.1707,36.84227,348.99,0.36,0.57,2026-09-01,11:21:00,N,nominal,2.0NRT,306.68,3.88,D,VIIRS
48.18764,37.33104,332.83,0.38,0.59,2026-09-01,11:21:00,N,low,2.0NRT,305.53,3.63,D,VIIRS
48.17516,37.28469,339.41,0.38,0.59,2026-09-01,11:21:00,N,nominal,2.0NRT,305.91,4.52,D,VIIRS
48.13285,36.27863,367,0.34,0.56,2026-09-01,11:21:00,N,high,2.0NRT,305.99,5.51,D,VIIRS
48.13335,36.27765,351.35,0.34,0.56,2026-09-01,11:21:00,N,nominal,2.0NRT,305.08,5.25,D,VIIRS
48.17541,37.28276,332.9,0.38,0.59,2026-09-01,11:21:00,N,low,2.0NRT,304.49,2.67,D,VIIRS
48.14655,37.24353,342.1,0.38,0.58,2026-09-01,11:21:00,N,nominal,2.0NRT,303.6,3.52,D,VIIRS
48.10492,36.34514,331.4,0.34,0.56,2026-09-01,11:21:00,N,low,2.0NRT,303.52,2.95,D,VIIRS
48.09947,36.34082,351.79,0.34,0.56,2026-09-01,11:21:00,N,nominal,2.0NRT,302.9,5.34,D,VIIRS
48.09969,36.34563,347.52,0.34,0.56,2026-09-01,11:21:00,N,nominal,2.0NRT,301.72,5.84,D,VIIRS
48.09241,37.6029,355.35,0.39,0.59,2026-09-01,11:21:00,N,nominal,2.0NRT,305.3,7.42,D,VIIRS
48.09224,37.59745,367,0.39,0.59,2026-09-01,11:21:00,N,high,2.0NRT,307.41,7.42,D,VIIRS
48.0506,36.99472,346.18,0.37,0.58,2026-09-01,11:21:00,N,nominal,2.0NRT,305.76,2.41,D,VIIRS
48.05077,36.99975,330.38,0.37,0.58,2026-09-01,11:21:00,N,nominal,2.0NRT,303.08,2.41,D,VIIRS
48.01535,36.20994,332.19,0.34,0.56,2026-09-01,11:21:00,N,low,2.0NRT,306.36,2.08,D,VIIRS
48.04063,36.86515,340.03,0.36,0.57,2026-09-01,11:21:00,N,nominal,2.0NRT,304.92,4.52,D,VIIRS
48.06836,37.73378,343.9,0.4,0.6,2026-09-01,11:21:00,N,nominal,2.0NRT,304.6,2.63,D,VIIRS
48.02497,36.20292,336.39,0.34,0.56,2026-09-01,11:21:00,N,nominal,2.0NRT,303.98,2.09,D,VIIRS
48.05429,36.99702,346.72,0.37,0.58,2026-09-01,11:21:00,N,nominal,2.0NRT,303.31,5.61,D,VIIRS
47.99381,35.87859,342.28,0.32,0.55,2026-09-01,11:21:00,N,nominal,2.0NRT,309.83,3.43,D,VIIRS
47.99403,35.88302,348.41,0.32,0.55,2026-09-01,11:21:00,N,nominal,2.0NRT,311.1,3.43,D,VIIRS
48.03809,36.86309,354.8,0.36,0.57,2026-09-01,11:21:00,N,nominal,2.0NRT,307.03,5.04,D,VIIRS
48.07034,37.73563,334.84,0.4,0.6,2026-09-01,11:21:00,N,low,2.0NRT,305.49,3.3,D,VIIRS
47.80466,32.90636,332.36,0.47,0.48,2026-09-01,11:21:00,N,low,2.0NRT,306.63,4.29,D,VIIRS
47.80514,32.91277,341.97,0.47,0.48,2026-09-01,11:21:00,N,nominal,2.0NRT,307.74,4.29,D,VIIRS
48.00401,36.68436,367,0.35,0.57,2026-09-01,11:21:00,N,high,2.0NRT,308.54,4.53,D,VIIRS
47.88917,34.58796,339.57,0.56,0.52,2026-09-01,11:21:00,N,low,2.0NRT,309.77,5.11,D,VIIRS
48.02833,37.64592,331.17,0.39,0.59,2026-09-01,11:21:00,N,nominal,2.0NRT,303.86,1.09,D,VIIRS
47.97488,36.4936,330.33,0.35,0.56,2026-09-01,11:21:00,N,nominal,2.0NRT,301.22,1.94,D,VIIRS
47.93366,35.91125,352.93,0.32,0.55,2026-09-01,11:21:00,N,nominal,2.0NRT,307.94,2.99,D,VIIRS
47.93387,35.9157,341.65,0.32,0.55,2026-09-01,11:21:00,N,nominal,2.0NRT,307.78,2.99,D,VIIRS
47.93489,35.93796,334.24,0.33,0.55,2026-09-01,11:21:00,N,nominal,2.0NRT,304.18,4.17,D,VIIRS
47.92915,35.92509,332.06,0.33,0.55,2026-09-01,11:21:00,N,low,2.0NRT,303.97,4.8,D,VIIRS
47.92936,35.92955,349.46,0.33,0.55,2026-09-01,11:21:00,N,nominal,2.0NRT,307.37,6.5,D,VIIRS
47.92997,35.9429,354.94,0.33,0.55,2026-09-01,11:21:00,N,nominal,2.0NRT,307.21,4.17,D,VIIRS
47.95594,36.54778,333.68,0.35,0.57,2026-09-01,11:21:00,N,nominal,2.0NRT,302.81,1.35,D,VIIRS
47.95233,36.86976,351.99,0.36,0.57,2026-09-01,11:21:00,N,nominal,2.0NRT,304.05,3.01,D,VIIRS
47.94823,36.90501,335.21,0.36,0.57,2026-09-01,11:21:00,N,nominal,2.0NRT,304.91,1.51,D,VIIRS
47.94842,36.90998,345.96,0.36,0.57,2026-09-01,11:21:00,N,nominal,2.0NRT,307.16,4.71,D,VIIRS
47.95158,36.90707,348.69,0.36,0.57,2026-09-01,11:21:00,N,nominal,2.0NRT,304.67,3.09,D,VIIRS
47.94621,36.90738,335.63,0.36,0.57,2026-09-01,11:21:00,N,low,2.0NRT,307.11,3.83,D,VIIRS
47.82069,34.63562,343.99,0.57,0.52,2026-09-01,11:21:00,N,nominal,2.0NRT,308.32,8.66,D,VIIRS
47.81587,34.63599,343.02,0.57,0.52,2026-09-01,11:21:00,N,nominal,2.0NRT,309.36,8.66,D,VIIRS
47.87686,36.05375,332.03,0.33,0.55,2026-09-01,11:21:00,N,nominal,2.0NRT,304.89,1.26,D,VIIRS
47.89715,38.2767,337.36,0.42,0.61,2026-09-01,11:21:00,N,nominal,2.0NRT,299.21,3.96,D,VIIRS
47.89743,38.28829,343.91,0.42,0.61,2026-09-01,11:21:00,N,nominal,2.0NRT,304.71,26.65,D,VIIRS
47.89759,38.29417,367,0.42,0.61,2026-09-01,11:21:00,N,high,2.0NRT,307.49,42.89,D,VIIRS
47.89129,38.27113,342.62,0.42,0.61,2026-09-01,11:21:00,N,nominal,2.0NRT,305.26,4.88,D,VIIRS
47.89143,38.27698,343.22,0.42,0.61,2026-09-01,11:21:00,N,nominal,2.0NRT,306.57,4.88,D,VIIRS
47.89157,38.2829,354.41,0.42,0.61,2026-09-01,11:21:00,N,nominal,2.0NRT,306.33,8.7,D,VIIRS
47.89187,38.29468,344.31,0.42,0.61,2026-09-01,11:21:00,N,nominal,2.0NRT,312.95,9.73,D,VIIRS
47.89172,38.28881,367,0.42,0.61,2026-09-01,11:21:00,N,high,2.0NRT,309.95,8.7,D,VIIRS
47.72019,34.57095,347.54,0.56,0.52,2026-09-01,11:21:00,N,nominal,2.0NRT,308.05,7.13,D,VIIRS
47.71584,34.57949,339.07,0.56,0.52,2026-09-01,11:21:00,N,nominal,2.0NRT,307.55,7.13,D,VIIRS
47.89618,38.29137,346.14,0.42,0.61,2026-09-01,11:21:00,N,nominal,2.0NRT,313.71,25.95,D,VIIRS
47.89635,38.29727,367,0.42,0.61,2026-09-01,11:21:00,N,high,2.0NRT,310.21,25.95,D,VIIRS
47.72078,34.57156,345.96,0.56,0.51,2026-09-01,11:21:00,N,nominal,2.0NRT,308.48,7.78,D,VIIRS
47.88994,38.27418,330.91,0.42,0.61,2026-09-01,11:21:00,N,low,2.0NRT,305,3.07,D,VIIRS
47.89011,38.28009,341.3,0.42,0.61,2026-09-01,11:21:00,N,nominal,2.0NRT,304.74,5.34,D,VIIRS
47.89029,38.28605,349.17,0.42,0.61,2026-09-01,11:21:00,N,nominal,2.0NRT,305.6,5.34,D,VIIRS
47.89046,38.29193,355.27,0.42,0.61,2026-09-01,11:21:00,N,nominal,2.0NRT,310.09,9.55,D,VIIRS
47.71647,34.58006,344.98,0.56,0.52,2026-09-01,11:21:00,N,nominal,2.0NRT,308.37,7.86,D,VIIRS
47.87315,38.2873,349.48,0.42,0.61,2026-09-01,11:21:00,N,nominal,2.0NRT,309.98,6.99,D,VIIRS
47.76703,35.74925,341.66,0.32,0.54,2026-09-01,11:21:00,N,nominal,2.0NRT,306.28,2.51,D,VIIRS
47.76681,35.95201,354.69,0.32,0.55,2026-09-01,11:21:00,N,nominal,2.0NRT,304.58,3.59,D,VIIRS
47.83463,37.76754,357.02,0.4,0.6,2026-09-01,11:21:00,N,low,2.0NRT,300.83,11.6,D,VIIRS
47.8348,37.77303,367,0.4,0.6,2026-09-01,11:21:00,N,high,2.0NRT,307.67,11.6,D,VIIRS
47.71627,35.16685,346.22,0.6,0.53,2026-09-01,11:21:00,N,nominal,2.0NRT,308.24,7.61,D,VIIRS
47.71133,35.16739,333.81,0.6,0.53,2026-09-01,11:21:00,N,low,2.0NRT,306.53,7.61,D,VIIRS
47.70579,35.24903,335.76,0.6,0.53,2026-09-01,11:21:00,N,nominal,2.0NRT,304.22,16.96,D,VIIRS
47.70623,35.25716,342.29,0.6,0.53,2026-09-01,11:21:00,N,nominal,2.0NRT,306.25,16.96,D,VIIRS
47.70127,35.25782,341.66,0.6,0.53,2026-09-01,11:21:00,N,nominal,2.0NRT,306.6,14.05,D,VIIRS
47.67397,34.93616,339.53,0.58,0.52,2026-09-01,11:21:00,N,low,2.0NRT,310.81,6.87,D,VIIRS
47.81305,38.18109,330.38,0.41,0.61,2026-09-01,11:21:00,N,low,2.0NRT,305.34,2.46,D,VIIRS
47.80721,38.17575,334.32,0.41,0.61,2026-09-01,11:21:00,N,low,2.0NRT,306.44,4.21,D,VIIRS
47.72086,35.84991,367,0.32,0.55,2026-09-01,11:21:00,N,high,2.0NRT,298.61,6.19,D,VIIRS
47.71576,35.85048,367,0.32,0.55,2026-09-01,11:21:00,N,high,2.0NRT,304.31,6.19,D,VIIRS
47.67375,35.40261,338.56,0.61,0.54,2026-09-01,11:21:00,N,nominal,2.0NRT,311.76,79.51,D,VIIRS
47.71829,36.37586,355.51,0.34,0.56,2026-09-01,11:21:00,N,nominal,2.0NRT,305.67,3.93,D,VIIRS
47.72949,36.65418,336.86,0.35,0.57,2026-09-01,11:21:00,N,nominal,2.0NRT,309.93,1.67,D,VIIRS
47.66875,35.40303,335.77,0.61,0.54,2026-09-01,11:21:00,N,nominal,2.0NRT,306.24,5.46,D,VIIRS
47.67225,35.68407,333.31,0.63,0.54,2026-09-01,11:21:00,N,low,2.0NRT,304.33,6.58,D,VIIRS
47.67423,35.40304,346.67,0.61,0.54,2026-09-01,11:21:00,N,nominal,2.0NRT,308.07,45.41,D,VIIRS
47.66924,35.40343,356.59,0.61,0.54,2026-09-01,11:21:00,N,nominal,2.0NRT,309.73,45.41,D,VIIRS
47.71869,36.37543,352.54,0.34,0.56,2026-09-01,11:21:00,N,nominal,2.0NRT,305.52,2.39,D,VIIRS
47.71368,36.38047,335.41,0.34,0.56,2026-09-01,11:21:00,N,low,2.0NRT,305.6,3.46,D,VIIRS
47.67419,35.68401,331.25,0.63,0.54,2026-09-01,11:21:00,N,low,2.0NRT,304.95,3.55,D,VIIRS
47.51535,33.29045,345.39,0.49,0.48,2026-09-01,11:21:00,N,nominal,2.0NRT,311.18,6.39,D,VIIRS
47.65486,35.70332,331.89,0.63,0.54,2026-09-01,11:21:00,N,low,2.0NRT,303.66,3.27,D,VIIRS
47.59238,34.66626,331.64,0.56,0.52,2026-09-01,11:21:00,N,low,2.0NRT,306.37,2.36,D,VIIRS
47.61784,35.10567,367,0.59,0.53,2026-09-01,11:21:00,N,high,2.0NRT,312.71,39.32,D,VIIRS
47.68669,36.72945,337.21,0.35,0.57,2026-09-01,11:21:00,N,low,2.0NRT,309.18,3.7,D,VIIRS
47.62678,35.55088,342.96,0.62,0.54,2026-09-01,11:21:00,N,nominal,2.0NRT,307.27,8.44,D,VIIRS
47.68118,36.72503,340.82,0.35,0.57,2026-09-01,11:21:00,N,nominal,2.0NRT,307.95,6.13,D,VIIRS
47.6547,37.1575,333.27,0.37,0.58,2026-09-01,11:21:00,N,nominal,2.0NRT,305.59,7.22,D,VIIRS
47.65488,37.16259,367,0.37,0.58,2026-09-01,11:21:00,N,high,2.0NRT,310.23,7.22,D,VIIRS
47.64963,37.16796,337.79,0.37,0.58,2026-09-01,11:21:00,N,nominal,2.0NRT,306.85,3.5,D,VIIRS
47.52726,34.62822,342.59,0.56,0.52,2026-09-01,11:21:00,N,nominal,2.0NRT,311.43,6.77,D,VIIRS
47.64174,37.09817,337.26,0.37,0.58,2026-09-01,11:21:00,N,low,2.0NRT,310.96,2.85,D,VIIRS
47.64192,37.10312,341.02,0.37,0.58,2026-09-01,11:21:00,N,nominal,2.0NRT,310.26,2.85,D,VIIRS
47.52247,34.62881,335.16,0.56,0.52,2026-09-01,11:21:00,N,low,2.0NRT,309.57,2.86,D,VIIRS
47.64617,37.38805,349.26,0.38,0.59,2026-09-01,11:21:00,N,nominal,2.0NRT,306.31,4.94,D,VIIRS
47.64634,37.39319,347.09,0.38,0.59,2026-09-01,11:21:00,N,nominal,2.0NRT,307.8,6.63,D,VIIRS
47.64418,37.4976,332.35,0.38,0.59,2026-09-01,11:21:00,N,nominal,2.0NRT,302.71,2.43,D,VIIRS
47.52328,34.62898,343.13,0.56,0.52,2026-09-01,11:21:00,N,nominal,2.0NRT,310.42,8.07,D,VIIRS
47.65363,37.16565,337.17,0.37,0.58,2026-09-01,11:21:00,N,nominal,2.0NRT,304.79,3.83,D,VIIRS
47.65342,37.16055,367,0.37,0.58,2026-09-01,11:21:00,N,high,2.0NRT,308.15,6.23,D,VIIRS
47.6482,37.16591,341.85,0.37,0.58,2026-09-01,11:21:00,N,nominal,2.0NRT,310.19,3.83,D,VIIRS
47.63997,37.09631,346.98,0.37,0.58,2026-09-01,11:21:00,N,nominal,2.0NRT,312.97,3.53,D,VIIRS
47.64017,37.10125,340.26,0.37,0.58,2026-09-01,11:21:00,N,nominal,2.0NRT,310.81,3.53,D,VIIRS
47.64037,37.10623,334.35,0.37,0.58,2026-09-01,11:21:00,N,nominal,2.0NRT,307.34,1.36,D,VIIRS
47.55186,35.3658,334.31,0.61,0.53,2026-09-01,11:21:00,N,low,2.0NRT,309.25,2.87,D,VIIRS
47.64585,37.38572,332.47,0.38,0.59,2026-09-01,11:21:00,N,low,2.0NRT,303.24,2.48,D,VIIRS
47.64604,37.390860000000004,340.47,0.38,0.59,2026-09-01,11:21:00,N,nominal,2.0NRT,307.21,4.45,D,VIIRS
47.64623,37.39597,336.17,0.38,0.59,2026-09-01,11:21:00,N,nominal,2.0NRT,305.74,4.45,D,VIIRS
47.50315,34.61601,343.9,0.56,0.51,2026-09-01,11:21:00,N,nominal,2.0NRT,311.11,8.69,D,VIIRS
47.6446,37.50032,333.22,0.38,0.59,2026-09-01,11:21:00,N,nominal,2.0NRT,303.11,2.01,D,VIIRS
47.61243,36.82109,346.72,0.36,0.57,2026-09-01,11:21:00,N,nominal,2.0NRT,306.14,8.22,D,VIIRS
47.61222,36.81623,367,0.36,0.57,2026-09-01,11:21:00,N,high,2.0NRT,308.03,6.86,D,VIIRS
47.55699,35.74618,335.5,0.63,0.54,2026-09-01,11:21:00,N,nominal,2.0NRT,306.73,3.87,D,VIIRS
47.55957,35.79665,338.2,0.32,0.54,2026-09-01,11:21:00,N,nominal,2.0NRT,304.69,3.29,D,VIIRS
47.53588,35.53497,339.64,0.62,0.54,2026-09-01,11:21:00,N,nominal,2.0NRT,311.77,2.53,D,VIIRS
47.51741,35.87424,347.32,0.32,0.55,2026-09-01,11:21:00,N,nominal,2.0NRT,308.88,4.38,D,VIIRS
47.44618,34.71524,343,0.57,0.52,2026-09-01,11:21:00,N,nominal,2.0NRT,310.03,4.49,D,VIIRS
47.44137,34.71584,342.56,0.57,0.52,2026-09-01,11:21:00,N,nominal,2.0NRT,312.15,5.37,D,VIIRS
47.42731,34.55695,343.74,0.56,0.51,2026-09-01,11:21:00,N,nominal,2.0NRT,308.69,10.21,D,VIIRS
47.41636,34.45266,344.79,0.55,0.51,2026-09-01,11:21:00,N,nominal,2.0NRT,311.87,10.81,D,VIIRS
47.32556,33.12988,350.02,0.48,0.48,2026-09-01,11:21:00,N,nominal,2.0NRT,313.63,11.95,D,VIIRS
47.4165,34.45199,347.93,0.55,0.51,2026-09-01,11:21:00,N,nominal,2.0NRT,312.35,11.76,D,VIIRS
47.47441,37.05039,355.61,0.36,0.58,2026-09-01,11:21:00,N,nominal,2.0NRT,312.2,12.2,D,VIIRS
47.4746,37.05539,342.09,0.36,0.58,2026-09-01,11:21:00,N,nominal,2.0NRT,309.35,11.43,D,VIIRS
47.46902,37.05067,335.9,0.36,0.58,2026-09-01,11:21:00,N,nominal,2.0NRT,309.03,1.96,D,VIIRS
47.46211,37.01131,297.18,0.36,0.58,2026-09-01,11:21:00,N,low,2.0NRT,320.15,49.48,D,VIIRS
47.46192,37.00636,340.68,0.36,0.58,2026-09-01,11:21:00,N,nominal,2.0NRT,301.21,49.48,D,VIIRS
47.4623,37.01624,367,0.36,0.58,2026-09-01,11:21:00,N,high,2.0NRT,311.29,92.28,D,VIIRS
47.45673,37.01162,367,0.36,0.58,2026-09-01,11:21:00,N,high,2.0NRT,314.34,15.1,D,VIIRS
47.45692,37.01657,367,0.36,0.58,2026-09-01,11:21:00,N,high,2.0NRT,311.28,13.73,D,VIIRS
47.45712,37.02158,367,0.36,0.58,2026-09-01,11:21:00,N,high,2.0NRT,311.89,13.73,D,VIIRS
47.26561,33.65769,345.2,0.5,0.49,2026-09-01,11:21:00,N,nominal,2.0NRT,313.68,5.35,D,VIIRS
47.19933,32.84478,341.54,0.46,0.47,2026-09-01,11:21:00,N,low,2.0NRT,313.78,4.68,D,VIIRS
47.30041,34.8243,341.46,0.57,0.52,2026-09-01,11:21:00,N,nominal,2.0NRT,310.77,5.46,D,VIIRS
47.30087,34.83195,337.79,0.57,0.52,2026-09-01,11:21:00,N,nominal,2.0NRT,307.66,5.15,D,VIIRS
47.16441,33.14334,346.27,0.48,0.48,2026-09-01,11:21:00,N,nominal,2.0NRT,311.63,5.13,D,VIIRS
47.15997,33.14402,342.55,0.48,0.48,2026-09-01,11:21:00,N,nominal,2.0NRT,312.41,5.13,D,VIIRS
47.23006,34.30609,354.44,0.54,0.51,2026-09-01,11:21:00,N,nominal,2.0NRT,313.88,15.36,D,VIIRS
47.3702,37.2057,342.86,0.37,0.58,2026-09-01,11:21:00,N,nominal,2.0NRT,309,2.24,D,VIIRS
47.08636,32.46715,344.45,0.44,0.46,2026-09-01,11:21:00,N,nominal,2.0NRT,314.41,3.33,D,VIIRS
47.30098,35.84066,348.63,0.32,0.54,2026-09-01,11:21:00,N,nominal,2.0NRT,310.6,2.54,D,VIIRS
47.30119,35.84496,367,0.32,0.54,2026-09-01,11:21:00,N,high,2.0NRT,312.3,8.04,D,VIIRS
47.19545,34.05836,346.61,0.52,0.5,2026-09-01,11:21:00,N,nominal,2.0NRT,313.52,8.02,D,VIIRS
47.15312,33.49259,357.17,0.49,0.49,2026-09-01,11:21:00,N,low,2.0NRT,265.44,17.47,D,VIIRS
47.28948,35.81392,336.66,0.64,0.54,2026-09-01,11:21:00,N,low,2.0NRT,308.04,7.66,D,VIIRS
47.14861,33.49326,356.95,0.49,0.49,2026-09-01,11:21:00,N,low,2.0NRT,278.04,17.47,D,VIIRS
47.14815,33.48665,333.94,0.49,0.49,2026-09-01,11:21:00,N,nominal,2.0NRT,280.1,17.47,D,VIIRS
47.14906,33.49987,342.88,0.49,0.49,2026-09-01,11:21:00,N,nominal,2.0NRT,265.98,16.73,D,VIIRS
47.27647,35.7554,336.41,0.63,0.54,2026-09-01,11:21:00,N,low,2.0NRT,310.9,7.89,D,VIIRS
47.24642,35.35616,342.14,0.6,0.53,2026-09-01,11:21:00,N,nominal,2.0NRT,310.36,4.09,D,VIIRS
47.07313,32.69336,367,0.45,0.47,2026-09-01,11:21:00,N,low,2.0NRT,329.14,103.65,D,VIIRS
47.06878,32.69407,344.35,0.45,0.47,2026-09-01,11:21:00,N,nominal,2.0NRT,310.94,5.71,D,VIIRS
47.12194,33.50393,345.96,0.49,0.49,2026-09-01,11:21:00,N,nominal,2.0NRT,299.67,12.35,D,VIIRS
47.07297,32.69602,367,0.45,0.47,2026-09-01,11:21:00,N,low,2.0NRT,330.03,114.05,D,VIIRS
47.06863,32.69672,353.72,0.45,0.47,2026-09-01,11:21:00,N,nominal,2.0NRT,311.38,3.34,D,VIIRS
47.24619,35.35713,339.75,0.6,0.53,2026-09-01,11:21:00,N,nominal,2.0NRT,310.56,4.61,D,VIIRS
47.07578,33.31485,348.25,0.48,0.48,2026-09-01,11:21:00,N,nominal,2.0NRT,307.79,14.23,D,VIIRS
47.16114,34.58317,334.1,0.55,0.51,2026-09-01,11:21:00,N,low,2.0NRT,307.43,2.67,D,VIIRS
47.30102,37.89745,353.48,0.4,0.6,2026-09-01,11:21:00,N,nominal,2.0NRT,309.24,19.5,D,VIIRS
47.30136,37.90818,347.07,0.4,0.6,2026-09-01,11:21:00,N,nominal,2.0NRT,306.36,20.25,D,VIIRS
47.30085,37.89207,367,0.4,0.6,2026-09-01,11:21:00,N,high,2.0NRT,313.77,9.98,D,VIIRS
47.30119,37.90282,367,0.4,0.6,2026-09-01,11:21:00,N,high,2.0NRT,310.42,19.5,D,VIIRS
47.29525,37.89253,344,0.4,0.6,2026-09-01,11:21:00,N,nominal,2.0NRT,307.75,9.98,D,VIIRS
47.2956,37.90319,343.58,0.4,0.6,2026-09-01,11:21:00,N,nominal,2.0NRT,313.46,19.5,D,VIIRS
47.29543,37.89791,367,0.4,0.6,2026-09-01,11:21:00,N,high,2.0NRT,309.35,19.5,D,VIIRS
47.29576,37.90852,367,0.4,0.6,2026-09-01,11:21:00,N,high,2.0NRT,310.37,20.25,D,VIIRS
47.13188,34.49718,339.81,0.55,0.51,2026-09-01,11:21:00,N,nominal,2.0NRT,309.76,7.49,D,VIIRS
47.1948,35.9172,340.11,0.32,0.55,2026-09-01,11:21:00,N,nominal,2.0NRT,309.07,3.57,D,VIIRS
47.2765,38.01345,340.11,0.4,0.6,2026-09-01,11:21:00,N,nominal,2.0NRT,308.71,10.69,D,VIIRS
47.27617,38.00251,367,0.4,0.6,2026-09-01,11:21:00,N,high,2.0NRT,310.63,19.3,D,VIIRS
47.27633,38.00796,367,0.4,0.6,2026-09-01,11:21:00,N,high,2.0NRT,309.62,10.69,D,VIIRS
47.24052,37.57595,336.94,0.38,0.59,2026-09-01,11:21:00,N,low,2.0NRT,308.83,3.92,D,VIIRS
47.24093,37.5788,347.83,0.38,0.59,2026-09-01,11:21:00,N,nominal,2.0NRT,308.7,4.32,D,VIIRS
46.96653,32.97498,345.95,0.46,0.47,2026-09-01,11:21:00,N,low,2.0NRT,316.26,7.08,D,VIIRS
46.96213,32.97568,347.49,0.46,0.47,2026-09-01,11:21:00,N,nominal,2.0NRT,317.03,7.08,D,VIIRS
46.96261,32.98188,354.29,0.47,0.47,2026-09-01,11:21:00,N,nominal,2.0NRT,318.66,7.08,D,VIIRS
47.13866,35.77832,339.78,0.63,0.54,2026-09-01,11:21:00,N,low,2.0NRT,310.78,5.45,D,VIIRS
47.0363,35.08353,338.19,0.58,0.52,2026-09-01,11:21:00,N,nominal,2.0NRT,307.38,2.6,D,VIIRS
47.07745,35.87682,344.05,0.32,0.54,2026-09-01,11:21:00,N,nominal,2.0NRT,307.92,2.42,D,VIIRS
47.03463,35.08425,340.16,0.58,0.52,2026-09-01,11:21:00,N,nominal,2.0NRT,309.94,7.7,D,VIIRS
46.79374,33.21291,347.1,0.47,0.48,2026-09-01,11:21:00,N,nominal,2.0NRT,315.23,9.64,D,VIIRS
46.79103,33.21344,350.63,0.47,0.48,2026-09-01,11:21:00,N,nominal,2.0NRT,313.74,8.67,D,VIIRS
46.91317,35.58141,336.02,0.61,0.54,2026-09-01,11:21:00,N,low,2.0NRT,309.9,4.94,D,VIIRS
46.92149,35.83233,345.48,0.63,0.54,2026-09-01,11:21:00,N,nominal,2.0NRT,312.67,19.97,D,VIIRS
46.91644,35.83288,345.52,0.63,0.54,2026-09-01,11:21:00,N,nominal,2.0NRT,308.18,19.97,D,VIIRS
46.8303,34.58067,353.17,0.55,0.51,2026-09-01,11:21:00,N,nominal,2.0NRT,317.9,70.49,D,VIIRS
46.89345,35.68341,345.73,0.62,0.54,2026-09-01,11:21:00,N,nominal,2.0NRT,310.25,14.57,D,VIIRS
46.82125,34.58924,345.26,0.55,0.51,2026-09-01,11:21:00,N,nominal,2.0NRT,311.92,16.84,D,VIIRS
46.8217,34.59661,346.36,0.55,0.51,2026-09-01,11:21:00,N,nominal,2.0NRT,312.68,16.84,D,VIIRS
46.82216,34.60402,343.87,0.55,0.51,2026-09-01,11:21:00,N,nominal,2.0NRT,310.28,7.23,D,VIIRS
46.88341,35.68449,342.57,0.62,0.54,2026-09-01,11:21:00,N,nominal,2.0NRT,309.94,9.1,D,VIIRS
46.81741,34.60462,343.68,0.55,0.51,2026-09-01,11:21:00,N,nominal,2.0NRT,312.92,7.23,D,VIIRS
46.87387,36.00243,348.4,0.32,0.55,2026-09-01,11:21:00,N,nominal,2.0NRT,313.17,3.85,D,VIIRS
46.87555,36.03742,351.27,0.32,0.55,2026-09-01,11:21:00,N,nominal,2.0NRT,318.26,18.75,D,VIIRS
46.87575,36.04184,350.56,0.32,0.55,2026-09-01,11:21:00,N,nominal,2.0NRT,307.79,15.51,D,VIIRS
46.674,33.02351,338.62,0.46,0.47,2026-09-01,11:21:00,N,nominal,2.0NRT,306.8,3.65,D,VIIRS
46.66961,33.02424,356.94,0.46,0.47,2026-09-01,11:21:00,N,nominal,2.0NRT,316.55,18,D,VIIRS
46.67074,33.0265,348.34,0.46,0.47,2026-09-01,11:21:00,N,nominal,2.0NRT,314.35,10.66,D,VIIRS
46.66635,33.02721,343.66,0.46,0.47,2026-09-01,11:21:00,N,nominal,2.0NRT,313.31,10.66,D,VIIRS
46.89119,36.59771,336.13,0.34,0.56,2026-09-01,11:21:00,N,nominal,2.0NRT,309.68,1.74,D,VIIRS
46.61327,32.80207,341.9,0.45,0.47,2026-09-01,11:21:00,N,nominal,2.0NRT,312.07,2.84,D,VIIRS
46.82444,36.08244,336.69,0.32,0.55,2026-09-01,11:21:00,N,low,2.0NRT,311.29,2.09,D,VIIRS
46.60398,32.85213,337.91,0.45,0.47,2026-09-01,11:21:00,N,low,2.0NRT,312.85,2.58,D,VIIRS
46.6124,32.96112,344.47,0.46,0.47,2026-09-01,11:21:00,N,nominal,2.0NRT,310.86,6.86,D,VIIRS
46.58596,32.7339,343.28,0.45,0.47,2026-09-01,11:21:00,N,nominal,2.0NRT,311.65,2.52,D,VIIRS
46.56958,32.7486,344.16,0.45,0.47,2026-09-01,11:21:00,N,low,2.0NRT,314.37,8.81,D,VIIRS
46.80162,36.59648,336.9,0.34,0.56,2026-09-01,11:21:00,N,low,2.0NRT,308.78,3.6,D,VIIRS
46.57672,32.8992,341.01,0.46,0.47,2026-09-01,11:21:00,N,nominal,2.0NRT,311.82,8.35,D,VIIRS
46.57718,32.90528,343.59,0.46,0.47,2026-09-01,11:21:00,N,nominal,2.0NRT,312.87,8.35,D,VIIRS
46.5307,32.64134,333.21,0.44,0.46,2026-09-01,11:21:00,N,nominal,2.0NRT,303.49,1.97,D,VIIRS
46.53115,32.6472,338.72,0.44,0.46,2026-09-01,11:21:00,N,nominal,2.0NRT,300.59,1.97,D,VIIRS
46.53566,32.70609,344.1,0.45,0.47,2026-09-01,11:21:00,N,nominal,2.0NRT,311.55,5.89,D,VIIRS
46.53453,32.708,367,0.45,0.47,2026-09-01,11:21:00,N,high,2.0NRT,313.58,10.92,D,VIIRS
46.52877,32.74491,343.1,0.45,0.47,2026-09-01,11:21:00,N,low,2.0NRT,315.24,5.29,D,VIIRS
46.5326,32.79242,342.99,0.45,0.47,2026-09-01,11:21:00,N,nominal,2.0NRT,312.64,7.82,D,VIIRS
46.52854,32.96366,338.37,0.46,0.47,2026-09-01,11:21:00,N,nominal,2.0NRT,307.89,11.11,D,VIIRS
46.52901,32.96969,344.42,0.46,0.47,2026-09-01,11:21:00,N,nominal,2.0NRT,313.56,11.11,D,VIIRS
46.49247,32.56642,351.89,0.44,0.46,2026-09-01,11:21:00,N,nominal,2.0NRT,314.75,4.46,D,VIIRS
46.67586,35.27596,343.79,0.59,0.53,2026-09-01,11:21:00,N,nominal,2.0NRT,305.17,7.96,D,VIIRS
46.53189,33.18092,341.2,0.47,0.48,2026-09-01,11:21:00,N,nominal,2.0NRT,310.05,9.99,D,VIIRS
46.47964,32.78889,355.93,0.45,0.47,2026-09-01,11:21:00,N,nominal,2.0NRT,316.01,14.68,D,VIIRS
46.4866,32.87862,340.8,0.45,0.47,2026-09-01,11:21:00,N,low,2.0NRT,315.38,29.24,D,VIIRS
46.43586,32.34902,355.93,0.43,0.46,2026-09-01,11:21:00,N,nominal,2.0NRT,322.85,15.13,D,VIIRS
46.43633,32.35469,349.52,0.43,0.46,2026-09-01,11:21:00,N,nominal,2.0NRT,310.89,15.13,D,VIIRS
46.44372,32.44591,340.8,0.43,0.46,2026-09-01,11:21:00,N,nominal,2.0NRT,310.44,1.74,D,VIIRS
46.55549,33.95795,338.83,0.51,0.49,2026-09-01,11:21:00,N,low,2.0NRT,311.65,35.4,D,VIIRS
46.43163,32.34975,347.21,0.43,0.46,2026-09-01,11:21:00,N,nominal,2.0NRT,319.12,9.81,D,VIIRS
46.43209,32.35541,344.34,0.43,0.46,2026-09-01,11:21:00,N,nominal,2.0NRT,313.17,9.81,D,VIIRS
46.55089,33.9586,337.81,0.51,0.49,2026-09-01,11:21:00,N,low,2.0NRT,309.31,7.15,D,VIIRS
46.42546,32.65413,345.57,0.44,0.46,2026-09-01,11:21:00,N,low,2.0NRT,316.92,8.61,D,VIIRS
46.40704,32.44908,342.1,0.43,0.46,2026-09-01,11:21:00,N,low,2.0NRT,316,5.41,D,VIIRS
46.42437,32.65709,349.62,0.44,0.46,2026-09-01,11:21:00,N,nominal,2.0NRT,316.96,8.96,D,VIIRS
46.41673,32.67023,352.46,0.44,0.46,2026-09-01,11:21:00,N,nominal,2.0NRT,310.31,5,D,VIIRS
46.39283,32.4341,344.14,0.43,0.46,2026-09-01,11:21:00,N,nominal,2.0NRT,312.83,3.91,D,VIIRS
46.40494,32.90627,345.26,0.46,0.47,2026-09-01,11:21:00,N,nominal,2.0NRT,311.65,74.7,D,VIIRS
46.4054,32.91222,355,0.46,0.47,2026-09-01,11:21:00,N,nominal,2.0NRT,305.4,74.7,D,VIIRS
46.40245,32.93093,340.57,0.46,0.47,2026-09-01,11:21:00,N,nominal,2.0NRT,305.02,42.03,D,VIIRS
46.40292,32.93694,348.3,0.46,0.47,2026-09-01,11:21:00,N,nominal,2.0NRT,312.59,42.03,D,VIIRS
46.40058,32.90691,367,0.46,0.47,2026-09-01,11:21:00,N,high,2.0NRT,325.28,74.7,D,VIIRS
46.40105,32.91289,367,0.46,0.47,2026-09-01,11:21:00,N,high,2.0NRT,343.53,74.7,D,VIIRS
46.39809,32.93159,304.96,0.46,0.47,2026-09-01,11:21:00,N,low,2.0NRT,312.94,57.05,D,VIIRS
46.39902,32.94363,343.87,0.46,0.47,2026-09-01,11:21:00,N,nominal,2.0NRT,305.69,52.98,D,VIIRS
46.39856,32.9376,367,0.46,0.47,2026-09-01,11:21:00,N,high,2.0NRT,355.66,57.05,D,VIIRS
46.39373,32.93225,339.44,0.46,0.47,2026-09-01,11:21:00,N,nominal,2.0NRT,307.91,57.05,D,VIIRS
46.3942,32.93828,356.64,0.46,0.47,2026-09-01,11:21:00,N,nominal,2.0NRT,318.81,57.05,D,VIIRS
46.39245,33.33092,351.34,0.48,0.48,2026-09-01,11:21:00,N,nominal,2.0NRT,312.25,7.49,D,VIIRS
46.40705,33.59972,342.51,0.49,0.49,2026-09-01,11:21:00,N,nominal,2.0NRT,307.25,7.16,D,VIIRS
46.40751,33.60619,344.93,0.49,0.49,2026-09-01,11:21:00,N,nominal,2.0NRT,309.33,7.16,D,VIIRS
46.40841,33.61916,342.2,0.49,0.49,2026-09-01,11:21:00,N,nominal,2.0NRT,307.35,5.57,D,VIIRS
46.40345,33.61333,353.24,0.49,0.49,2026-09-01,11:21:00,N,nominal,2.0NRT,309.54,10.99,D,VIIRS
46.4039,33.61982,356.35,0.49,0.49,2026-09-01,11:21:00,N,nominal,2.0NRT,308.02,10.99,D,VIIRS
46.403,33.60686,367,0.49,0.49,2026-09-01,11:21:00,N,high,2.0NRT,309.05,9.92,D,VIIRS
46.40566,33.60003,335.44,0.49,0.49,2026-09-01,11:21:00,N,nominal,2.0NRT,305.85,4.33,D,VIIRS
46.40615,33.6065,347.46,0.49,0.49,2026-09-01,11:21:00,N,nominal,2.0NRT,309.55,8.41,D,VIIRS
46.40712,33.61945,352.68,0.49,0.49,2026-09-01,11:21:00,N,nominal,2.0NRT,308.51,9.64,D,VIIRS
46.40164,33.60716,345.11,0.49,0.49,2026-09-01,11:21:00,N,nominal,2.0NRT,308.88,8.41,D,VIIRS
46.40212,33.61362,349.7,0.49,0.49,2026-09-01,11:21:00,N,nominal,2.0NRT,308.88,8.41,D,VIIRS
46.40261,33.62011,352.69,0.49,0.49,2026-09-01,11:21:00,N,nominal,2.0NRT,308.22,9.64,D,VIIRS
46.27317,32.43208,346.47,0.43,0.46,2026-09-01,11:21:00,N,nominal,2.0NRT,313.69,38.09,D,VIIRS
46.26892,32.43279,367,0.43,0.46,2026-09-01,11:21:00,N,low,2.0NRT,327.63,21.92,D,VIIRS
46.26845,32.42714,351.62,0.43,0.46,2026-09-01,11:21:00,N,nominal,2.0NRT,313.02,21.92,D,VIIRS
46.26373,32.42219,345.99,0.43,0.46,2026-09-01,11:21:00,N,nominal,2.0NRT,314.32,20.33,D,VIIRS
46.26421,32.42785,344.5,0.43,0.46,2026-09-01,11:21:00,N,low,2.0NRT,315.22,21.92,D,VIIRS
46.26468,32.43351,340.53,0.43,0.46,2026-09-01,11:21:00,N,low,2.0NRT,313.59,21.92,D,VIIRS
46.25948,32.4229,336.83,0.43,0.46,2026-09-01,11:21:00,N,low,2.0NRT,309.92,1.71,D,VIIRS
46.25996,32.42856,340.09,0.43,0.46,2026-09-01,11:21:00,N,low,2.0NRT,313.28,6.2,D,VIIRS
46.34925,33.57562,345.21,0.49,0.48,2026-09-01,11:21:00,N,nominal,2.0NRT,308.2,3.67,D,VIIRS
46.34972,33.58206,338.51,0.49,0.48,2026-09-01,11:21:00,N,low,2.0NRT,309.55,3.67,D,VIIRS
46.19669,32.47655,344.46,0.43,0.46,2026-09-01,11:21:00,N,nominal,2.0NRT,313.69,3.14,D,VIIRS
45.87676,29.83002,340.73,0.5,0.41,2026-09-01,11:21:00,N,nominal,2.0NRT,304.87,7.13,D,VIIRS
46.14132,32.86741,347.98,0.45,0.47,2026-09-01,11:21:00,N,nominal,2.0NRT,309.74,4.1,D,VIIRS
46.13698,32.86811,342.83,0.45,0.47,2026-09-01,11:21:00,N,nominal,2.0NRT,314.5,4.05,D,VIIRS
45.33556,28.44608,338.41,0.44,0.39,2026-09-01,11:21:00,N,nominal,2.0NRT,308.33,6.64,D,VIIRS
48.97478,37.74845,367,0.4,0.6,2026-09-01,11:23:00,N,high,2.0NRT,313,18.03,D,VIIRS
50.32956,36.14215,331.9,0.35,0.56,2026-09-01,11:23:00,N,nominal,2.0NRT,295.32,3.02,D,VIIRS
50.33074,36.14498,345.77,0.35,0.56,2026-09-01,11:23:00,N,nominal,2.0NRT,296.85,2.66,D,VIIRS
50.30924,36.13665,330.86,0.35,0.56,2026-09-01,11:23:00,N,nominal,2.0NRT,295.88,2.05,D,VIIRS
50.35427,37.45947,335.88,0.4,0.6,2026-09-01,11:23:00,N,nominal,2.0NRT,300.81,3.48,D,VIIRS
50.30259,36.23797,346.35,0.35,0.57,2026-09-01,11:23:00,N,nominal,2.0NRT,299.01,3.87,D,VIIRS
50.28348,36.15459,340.17,0.35,0.56,2026-09-01,11:23:00,N,nominal,2.0NRT,298.18,3.11,D,VIIRS
50.29562,36.80143,367,0.37,0.58,2026-09-01,11:23:00,N,high,2.0NRT,296.42,11.36,D,VIIRS
50.29579,36.80678,367,0.37,0.58,2026-09-01,11:23:00,N,high,2.0NRT,298.79,17.03,D,VIIRS
50.30432,37.08065,367,0.38,0.59,2026-09-01,11:23:00,N,high,2.0NRT,301.38,8.61,D,VIIRS
50.29019,36.80189,367,0.37,0.58,2026-09-01,11:23:00,N,high,2.0NRT,300.72,8.4,D,VIIRS
50.29037,36.80733,367,0.37,0.58,2026-09-01,11:23:00,N,high,2.0NRT,299.15,9.48,D,VIIRS
50.28476,36.80243,344.66,0.37,0.58,2026-09-01,11:23:00,N,nominal,2.0NRT,297.58,8.4,D,VIIRS
50.28494,36.80788,330.34,0.37,0.58,2026-09-01,11:23:00,N,nominal,2.0NRT,297.88,9.48,D,VIIRS
50.29809,37.24712,340.55,0.39,0.59,2026-09-01,11:23:00,N,nominal,2.0NRT,298.55,5.47,D,VIIRS
50.29967,37.51476,332.88,0.4,0.6,2026-09-01,11:23:00,N,nominal,2.0NRT,300.87,3.58,D,VIIRS
50.29982,37.52052,337.37,0.4,0.6,2026-09-01,11:23:00,N,nominal,2.0NRT,302.01,8.31,D,VIIRS
50.29407,37.51498,338.55,0.4,0.6,2026-09-01,11:23:00,N,nominal,2.0NRT,302.68,3.58,D,VIIRS
50.28102,37.23207,336.54,0.39,0.59,2026-09-01,11:23:00,N,nominal,2.0NRT,299.61,2.43,D,VIIRS
50.28859,37.52062,344.47,0.4,0.6,2026-09-01,11:23:00,N,nominal,2.0NRT,302.86,4.42,D,VIIRS
50.28873,37.52636,344.38,0.4,0.6,2026-09-01,11:23:00,N,nominal,2.0NRT,300.52,4.42,D,VIIRS
50.24862,36.36459,334.21,0.35,0.57,2026-09-01,11:23:00,N,nominal,2.0NRT,297.85,4.39,D,VIIRS
50.27192,37.10406,367,0.38,0.59,2026-09-01,11:23:00,N,high,2.0NRT,301.37,16.45,D,VIIRS
50.26596,37.08804,350.3,0.38,0.59,2026-09-01,11:23:00,N,nominal,2.0NRT,301.75,26.42,D,VIIRS
50.26611,37.09341,367,0.38,0.59,2026-09-01,11:23:00,N,high,2.0NRT,301.45,43.92,D,VIIRS
50.25998,37.0715,337.36,0.38,0.59,2026-09-01,11:23:00,N,nominal,2.0NRT,297.45,12.25,D,VIIRS
50.2603,37.08274,338.88,0.38,0.59,2026-09-01,11:23:00,N,nominal,2.0NRT,298.84,26.42,D,VIIRS
50.26045,37.08829,340.72,0.38,0.59,2026-09-01,11:23:00,N,nominal,2.0NRT,307.97,26.42,D,VIIRS
50.2606,37.09365,346.24,0.38,0.59,2026-09-01,11:23:00,N,nominal,2.0NRT,318.92,43.92,D,VIIRS
50.26014,37.0771,367,0.38,0.59,2026-09-01,11:23:00,N,high,2.0NRT,307.14,12.25,D,VIIRS
50.26076,37.09903,367,0.38,0.59,2026-09-01,11:23:00,N,high,2.0NRT,303.17,43.92,D,VIIRS
50.25495,37.08858,331.76,0.38,0.59,2026-09-01,11:23:00,N,nominal,2.0NRT,301.42,6.38,D,VIIRS
50.2551,37.09396,350.4,0.38,0.59,2026-09-01,11:23:00,N,nominal,2.0NRT,302.89,7.08,D,VIIRS
50.26754,37.57998,331.57,0.4,0.6,2026-09-01,11:23:00,N,nominal,2.0NRT,297.49,3.53,D,VIIRS
50.25525,37.0993,367,0.38,0.59,2026-09-01,11:23:00,N,high,2.0NRT,303.71,7.08,D,VIIRS
50.24989,37.10505,342.57,0.38,0.59,2026-09-01,11:23:00,N,nominal,2.0NRT,299.75,7.79,D,VIIRS
50.2607,37.52802,367,0.4,0.6,2026-09-01,11:23:00,N,high,2.0NRT,303.56,10.97,D,VIIRS
50.25509,37.52843,331.91,0.4,0.6,2026-09-01,11:23:00,N,nominal,2.0NRT,303.32,4.14,D,VIIRS
50.23829,37.0837,330.18,0.38,0.59,2026-09-01,11:23:00,N,low,2.0NRT,301.59,4.81,D,VIIRS
50.0589,33.13479,329.2,0.51,0.49,2026-09-01,11:23:00,N,nominal,2.0NRT,287.72,2.32,D,VIIRS
50.26075,37.07205,352.26,0.38,0.59,2026-09-01,11:23:00,N,nominal,2.0NRT,298.24,10.37,D,VIIRS
50.26112,37.08331,339.41,0.38,0.59,2026-09-01,11:23:00,N,nominal,2.0NRT,299.41,17.43,D,VIIRS
50.26147,37.09419,347.71,0.38,0.59,2026-09-01,11:23:00,N,nominal,2.0NRT,316.12,40.28,D,VIIRS
50.26093,37.07767,367,0.38,0.59,2026-09-01,11:23:00,N,high,2.0NRT,306.1,17.43,D,VIIRS
50.26165,37.09959,367,0.38,0.59,2026-09-01,11:23:00,N,high,2.0NRT,299.93,28.88,D,VIIRS
50.2558,37.0891,367,0.38,0.59,2026-09-01,11:23:00,N,high,2.0NRT,303.34,40.28,D,VIIRS
50.25597,37.09446,367,0.38,0.59,2026-09-01,11:23:00,N,high,2.0NRT,303.75,40.28,D,VIIRS
50.25615,37.09983,367,0.38,0.59,2026-09-01,11:23:00,N,high,2.0NRT,304.29,28.88,D,VIIRS
50.25082,37.10553,334.12,0.38,0.59,2026-09-01,11:23:00,N,nominal,2.0NRT,298.7,7.22,D,VIIRS
50.26515,37.58016,336.38,0.4,0.6,2026-09-01,11:23:00,N,nominal,2.0NRT,299.88,3.33,D,VIIRS
50.26367,37.52798,367,0.4,0.6,2026-09-01,11:23:00,N,high,2.0NRT,299.81,7.86,D,VIIRS
50.2579,37.5225,340.91,0.4,0.6,2026-09-01,11:23:00,N,nominal,2.0NRT,300.3,6.3,D,VIIRS
50.25806,37.52829,340.44,0.4,0.6,2026-09-01,11:23:00,N,nominal,2.0NRT,303.87,7.86,D,VIIRS
50.23911,37.08419,333.68,0.38,0.59,2026-09-01,11:23:00,N,nominal,2.0NRT,301.41,2.28,D,VIIRS
50.21376,36.65379,331.02,0.36,0.58,2026-09-01,11:23:00,N,nominal,2.0NRT,297.92,2.27,D,VIIRS
50.22723,37.05705,367,0.38,0.59,2026-09-01,11:23:00,N,high,2.0NRT,302.06,14.59,D,VIIRS
50.19059,36.1732,352.78,0.35,0.57,2026-09-01,11:23:00,N,nominal,2.0NRT,300.55,8.79,D,VIIRS
50.19079,36.17827,367,0.35,0.57,2026-09-01,11:23:00,N,high,2.0NRT,297.98,11.69,D,VIIRS
50.18551,36.17869,333.74,0.35,0.57,2026-09-01,11:23:00,N,nominal,2.0NRT,300.75,7.15,D,VIIRS
50.20152,36.61277,334.68,0.36,0.58,2026-09-01,11:23:00,N,nominal,2.0NRT,298.25,8.14,D,VIIRS
50.18532,36.17366,367,0.35,0.57,2026-09-01,11:23:00,N,high,2.0NRT,303.28,8.92,D,VIIRS
50.20171,36.61811,367,0.36,0.58,2026-09-01,11:23:00,N,high,2.0NRT,303.3,8.87,D,VIIRS
50.17854,36.13523,341,0.35,0.56,2026-09-01,11:23:00,N,nominal,2.0NRT,296.88,3.52,D,VIIRS
50.19633,36.61887,348.98,0.36,0.58,2026-09-01,11:23:00,N,nominal,2.0NRT,301.46,8.87,D,VIIRS
50.20927,37.1912,338.46,0.39,0.59,2026-09-01,11:23:00,N,nominal,2.0NRT,299.61,3.7,D,VIIRS
50.20944,37.19686,336.07,0.39,0.59,2026-09-01,11:23:00,N,nominal,2.0NRT,298.74,3.7,D,VIIRS
50.17326,36.13564,367,0.35,0.56,2026-09-01,11:23:00,N,high,2.0NRT,303.28,13.23,D,VIIRS
50.21353,37.54305,348.6,0.4,0.6,2026-09-01,11:23:00,N,nominal,2.0NRT,304.61,6.68,D,VIIRS
50.18586,37.34446,338.68,0.39,0.59,2026-09-01,11:23:00,N,nominal,2.0NRT,297.89,2.44,D,VIIRS
50.18959,37.48584,337.91,0.4,0.6,2026-09-01,11:23:00,N,nominal,2.0NRT,300.08,5.56,D,VIIRS
50.18675,37.37778,367,0.39,0.6,2026-09-01,11:23:00,N,high,2.0NRT,301.52,7.14,D,VIIRS
50.18032,37.56283,333.48,0.4,0.6,2026-09-01,11:23:00,N,nominal,2.0NRT,299.51,2.32,D,VIIRS
50.14923,36.66451,333.05,0.37,0.58,2026-09-01,11:23:00,N,nominal,2.0NRT,295.82,5.74,D,VIIRS
50.17511,37.58006,343.36,0.4,0.6,2026-09-01,11:23:00,N,nominal,2.0NRT,301.16,6.57,D,VIIRS
50.14401,36.67027,349.26,0.37,0.58,2026-09-01,11:23:00,N,nominal,2.0NRT,298.54,5.74,D,VIIRS
50.14384,36.66499,367,0.37,0.58,2026-09-01,11:23:00,N,high,2.0NRT,304.09,5.74,D,VIIRS
50.15031,37.26238,339.7,0.39,0.59,2026-09-01,11:23:00,N,nominal,2.0NRT,300.46,4.66,D,VIIRS
50.14234,37.38609,331.49,0.39,0.6,2026-09-01,11:23:00,N,nominal,2.0NRT,299.98,3.2,D,VIIRS
50.14444,37.47203,339.31,0.4,0.6,2026-09-01,11:23:00,N,nominal,2.0NRT,300.72,3.31,D,VIIRS
50.14458,37.47781,336.1,0.4,0.6,2026-09-01,11:23:00,N,nominal,2.0NRT,302.75,4.97,D,VIIRS
50.14182,36.66269,333.47,0.36,0.58,2026-09-01,11:23:00,N,nominal,2.0NRT,299.42,4.93,D,VIIRS
50.14201,36.6679,367,0.36,0.58,2026-09-01,11:23:00,N,high,2.0NRT,305.02,4.93,D,VIIRS
50.15132,37.26463,337.4,0.39,0.59,2026-09-01,11:23:00,N,nominal,2.0NRT,299.99,4.46,D,VIIRS
50.14647,37.47412,337.8,0.4,0.6,2026-09-01,11:23:00,N,nominal,2.0NRT,301.6,5.96,D,VIIRS
50.10634,36.4319,329.77,0.36,0.57,2026-09-01,11:23:00,N,nominal,2.0NRT,298.41,5.49,D,VIIRS
50.12072,37.55622,340.45,0.4,0.6,2026-09-01,11:23:00,N,nominal,2.0NRT,300.23,3.01,D,VIIRS
50.11246,37.45922,349.41,0.4,0.6,2026-09-01,11:23:00,N,nominal,2.0NRT,300.05,8.55,D,VIIRS
50.11651,37.60938,357.99,0.4,0.6,2026-09-01,11:23:00,N,nominal,2.0NRT,298.26,6.01,D,VIIRS
50.08242,36.82704,342,0.37,0.58,2026-09-01,11:23:00,N,nominal,2.0NRT,298.7,4.07,D,VIIRS
50.08259,36.83226,333.07,0.37,0.58,2026-09-01,11:23:00,N,nominal,2.0NRT,299.65,4.07,D,VIIRS
50.03748,36.45193,367,0.36,0.57,2026-09-01,11:23:00,N,high,2.0NRT,298.18,21.61,D,VIIRS
50.03197,36.44745,354.35,0.36,0.57,2026-09-01,11:23:00,N,nominal,2.0NRT,300.58,20.66,D,VIIRS
50.03215,36.45256,367,0.36,0.57,2026-09-01,11:23:00,N,high,2.0NRT,306.36,21.61,D,VIIRS
50.02647,36.44295,338.32,0.36,0.57,2026-09-01,11:23:00,N,nominal,2.0NRT,298.02,3.78,D,VIIRS
50.02665,36.44811,352.93,0.36,0.57,2026-09-01,11:23:00,N,nominal,2.0NRT,298.96,3.78,D,VIIRS
50.02928,36.44099,335.87,0.36,0.57,2026-09-01,11:23:00,N,nominal,2.0NRT,296.75,6.96,D,VIIRS
50.02948,36.44617,352.49,0.36,0.57,2026-09-01,11:23:00,N,nominal,2.0NRT,301.16,6.96,D,VIIRS
50.02968,36.45129,367,0.36,0.57,2026-09-01,11:23:00,N,high,2.0NRT,304.27,24.9,D,VIIRS
48.6818,22.8033,345.83,0.38,0.36,2026-09-01,11:23:00,N,nominal,2.0NRT,300.73,4.37,D,VIIRS
50.0189,37.62872,367,0.4,0.6,2026-09-01,11:23:00,N,high,2.0NRT,303.53,18.12,D,VIIRS
49.98617,37.671,334.74,0.4,0.6,2026-09-01,11:23:00,N,nominal,2.0NRT,299.21,3.92,D,VIIRS
49.95353,37.48944,333.37,0.4,0.6,2026-09-01,11:23:00,N,nominal,2.0NRT,299.21,3.1,D,VIIRS
49.95368,37.49557,332.47,0.4,0.6,2026-09-01,11:23:00,N,nominal,2.0NRT,297.24,3.45,D,VIIRS
49.95554,37.49178,333.56,0.4,0.6,2026-09-01,11:23:00,N,nominal,2.0NRT,296.89,2.02,D,VIIRS
49.91288,37.56756,351.33,0.4,0.6,2026-09-01,11:23:00,N,nominal,2.0NRT,300.03,3.68,D,VIIRS
49.90727,37.56787,336.83,0.4,0.6,2026-09-01,11:23:00,N,nominal,2.0NRT,301.8,3.82,D,VIIRS
49.86951,37.62862,346.52,0.4,0.6,2026-09-01,11:23:00,N,nominal,2.0NRT,300.92,4.32,D,VIIRS
49.86966,37.63439,332.64,0.4,0.6,2026-09-01,11:23:00,N,nominal,2.0NRT,300.03,5.25,D,VIIRS
49.8639,37.62931,338.06,0.4,0.6,2026-09-01,11:23:00,N,nominal,2.0NRT,299.54,2.08,D,VIIRS
49.86404,37.63504,334.66,0.4,0.6,2026-09-01,11:23:00,N,nominal,2.0NRT,299.43,3.42,D,VIIRS
49.85964,37.93299,367,0.41,0.61,2026-09-01,11:23:00,N,high,2.0NRT,303.16,10.89,D,VIIRS
49.84011,37.356,330.39,0.39,0.59,2026-09-01,11:23:00,N,nominal,2.0NRT,299.59,4.73,D,VIIRS
49.84744,37.64687,341.73,0.4,0.6,2026-09-01,11:23:00,N,nominal,2.0NRT,301.77,3.64,D,VIIRS
49.84026,37.36156,367,0.39,0.59,2026-09-01,11:23:00,N,high,2.0NRT,303.58,13.99,D,VIIRS
49.8347,37.36183,333.83,0.39,0.59,2026-09-01,11:23:00,N,nominal,2.0NRT,301.13,3.39,D,VIIRS
49.8418,37.64674,334.14,0.4,0.6,2026-09-01,11:23:00,N,nominal,2.0NRT,301.18,2.95,D,VIIRS
49.83454,37.5778,333.47,0.4,0.6,2026-09-01,11:23:00,N,nominal,2.0NRT,299.2,2.72,D,VIIRS
49.83467,37.58356,335.59,0.4,0.6,2026-09-01,11:23:00,N,nominal,2.0NRT,299.77,2.72,D,VIIRS
49.86406,37.9275,337.25,0.41,0.61,2026-09-01,11:23:00,N,nominal,2.0NRT,300.24,4.5,D,VIIRS
49.86421,37.9333,344.08,0.41,0.61,2026-09-01,11:23:00,N,nominal,2.0NRT,300.31,5.37,D,VIIRS
49.84185,37.35702,332.52,0.39,0.59,2026-09-01,11:23:00,N,nominal,2.0NRT,299.23,4.26,D,VIIRS
49.85852,37.93377,354.5,0.41,0.61,2026-09-01,11:23:00,N,nominal,2.0NRT,301.96,6.78,D,VIIRS
49.84203,37.36256,367,0.39,0.59,2026-09-01,11:23:00,N,high,2.0NRT,301.23,4.26,D,VIIRS
49.8363,37.35726,339.65,0.39,0.59,2026-09-01,11:23:00,N,nominal,2.0NRT,301.61,4.26,D,VIIRS
49.844970000000004,37.64767,353.62,0.4,0.6,2026-09-01,11:23:00,N,nominal,2.0NRT,303.52,6.76,D,VIIRS
49.83647,37.36283,367,0.39,0.59,2026-09-01,11:23:00,N,high,2.0NRT,302.82,4.26,D,VIIRS
49.8199,37.55695,333.56,0.4,0.6,2026-09-01,11:23:00,N,nominal,2.0NRT,298.26,2.57,D,VIIRS
49.82472,37.73064,332.04,0.41,0.6,2026-09-01,11:23:00,N,nominal,2.0NRT,302.08,2.07,D,VIIRS
49.81431,37.55737,338.32,0.4,0.6,2026-09-01,11:23:00,N,nominal,2.0NRT,300.86,5.67,D,VIIRS
49.81448,37.56327,356.98,0.4,0.6,2026-09-01,11:23:00,N,nominal,2.0NRT,303.16,7.1,D,VIIRS
49.81525,37.80062,334.45,0.41,0.6,2026-09-01,11:23:00,N,nominal,2.0NRT,301.15,2.8,D,VIIRS
49.81252,37.69668,367,0.4,0.6,2026-09-01,11:23:00,N,high,2.0NRT,306.75,14.99,D,VIIRS
49.79877,37.40497,367,0.39,0.59,2026-09-01,11:23:00,N,high,2.0NRT,302.94,13.15,D,VIIRS
49.7932,37.40509,350.73,0.39,0.59,2026-09-01,11:23:00,N,nominal,2.0NRT,304,13.15,D,VIIRS
49.79304,37.39949,367,0.39,0.59,2026-09-01,11:23:00,N,high,2.0NRT,304.29,13.21,D,VIIRS
49.79189,37.77301,341.75,0.41,0.6,2026-09-01,11:23:00,N,nominal,2.0NRT,301.44,7.29,D,VIIRS
49.78223,37.61665,367,0.4,0.6,2026-09-01,11:23:00,N,high,2.0NRT,302.31,10.66,D,VIIRS
49.776,37.59344,367,0.4,0.6,2026-09-01,11:23:00,N,high,2.0NRT,302.91,7,D,VIIRS
49.77364,37.72168,367,0.4,0.6,2026-09-01,11:23:00,N,high,2.0NRT,305.46,8.11,D,VIIRS
49.76686,37.67583,367,0.4,0.6,2026-09-01,11:23:00,N,high,2.0NRT,306.16,10.5,D,VIIRS
49.75788,37.54375,333.01,0.4,0.6,2026-09-01,11:23:00,N,nominal,2.0NRT,300.85,11.16,D,VIIRS
49.75802,37.54916,353.79,0.4,0.6,2026-09-01,11:23:00,N,nominal,2.0NRT,312,11.16,D,VIIRS
49.75816,37.55462,341.01,0.4,0.6,2026-09-01,11:23:00,N,nominal,2.0NRT,299.3,22.57,D,VIIRS
49.76109,37.67048,367,0.4,0.6,2026-09-01,11:23:00,N,high,2.0NRT,305.24,10.99,D,VIIRS
49.75243,37.5496,339.66,0.4,0.6,2026-09-01,11:23:00,N,nominal,2.0NRT,303.58,11.16,D,VIIRS
49.75532,37.66513,334,0.4,0.6,2026-09-01,11:23:00,N,nominal,2.0NRT,301.54,6.1,D,VIIRS
49.75877,37.80879,343.37,0.41,0.61,2026-09-01,11:23:00,N,nominal,2.0NRT,300.86,4.4,D,VIIRS
49.7544,37.54657,349.97,0.4,0.6,2026-09-01,11:23:00,N,nominal,2.0NRT,302.55,6.44,D,VIIRS
49.75804,37.66758,336.25,0.4,0.6,2026-09-01,11:23:00,N,nominal,2.0NRT,301.91,4.42,D,VIIRS
49.75821,37.67335,354.56,0.4,0.6,2026-09-01,11:23:00,N,nominal,2.0NRT,302.91,4.42,D,VIIRS
49.75456,37.55192,367,0.4,0.6,2026-09-01,11:23:00,N,high,2.0NRT,307.18,12.4,D,VIIRS
49.75652,37.81134,352.59,0.41,0.6,2026-09-01,11:23:00,N,nominal,2.0NRT,302.27,4.38,D,VIIRS
49.70079,37.43611,349.88,0.39,0.6,2026-09-01,11:23:00,N,nominal,2.0NRT,302.19,8.33,D,VIIRS
49.70096,37.44178,343.81,0.39,0.6,2026-09-01,11:23:00,N,nominal,2.0NRT,299.99,9.43,D,VIIRS
49.6925,37.74588,347.29,0.41,0.6,2026-09-01,11:23:00,N,nominal,2.0NRT,296.81,7.21,D,VIIRS
49.69602,37.88476,338.9,0.41,0.61,2026-09-01,11:23:00,N,nominal,2.0NRT,301.58,3.59,D,VIIRS
49.68626,37.72307,340.36,0.4,0.6,2026-09-01,11:23:00,N,nominal,2.0NRT,300.2,2.26,D,VIIRS
49.68715,37.75741,332.91,0.41,0.6,2026-09-01,11:23:00,N,nominal,2.0NRT,301.6,10.31,D,VIIRS
49.68729,37.76308,335.5,0.41,0.6,2026-09-01,11:23:00,N,nominal,2.0NRT,300.87,3.15,D,VIIRS
49.69035,37.8853,341.32,0.41,0.61,2026-09-01,11:23:00,N,nominal,2.0NRT,303.14,3.59,D,VIIRS
49.68685,37.74587,367,0.41,0.6,2026-09-01,11:23:00,N,high,2.0NRT,306.26,7.21,D,VIIRS
49.6242,37.08865,343.92,0.38,0.59,2026-09-01,11:23:00,N,nominal,2.0NRT,300.7,2.68,D,VIIRS
49.63266,37.38978,349.02,0.39,0.59,2026-09-01,11:23:00,N,nominal,2.0NRT,300.7,4.34,D,VIIRS
49.63281,37.39535,334.32,0.39,0.59,2026-09-01,11:23:00,N,nominal,2.0NRT,299.62,4.34,D,VIIRS
49.63033,37.514,333.46,0.4,0.6,2026-09-01,11:23:00,N,nominal,2.0NRT,300.76,2.61,D,VIIRS
49.63408,37.9114,337.77,0.41,0.61,2026-09-01,11:23:00,N,nominal,2.0NRT,299.39,5.05,D,VIIRS
49.62436,37.08689,337.96,0.38,0.59,2026-09-01,11:23:00,N,nominal,2.0NRT,299.76,1.38,D,VIIRS
49.63447,37.39325,367,0.39,0.59,2026-09-01,11:23:00,N,high,2.0NRT,300.39,8.07,D,VIIRS
49.63257,37.51173,334,0.4,0.6,2026-09-01,11:23:00,N,nominal,2.0NRT,299.92,3.82,D,VIIRS
49.63262,37.90899,349.43,0.41,0.61,2026-09-01,11:23:00,N,nominal,2.0NRT,299.59,3.18,D,VIIRS
49.62239,37.74104,332.47,0.4,0.6,2026-09-01,11:23:00,N,nominal,2.0NRT,300.6,3.79,D,VIIRS
49.62255,37.74677,345.6,0.4,0.6,2026-09-01,11:23:00,N,nominal,2.0NRT,301.08,3.79,D,VIIRS
49.62278,37.96884,367,0.41,0.61,2026-09-01,11:23:00,N,high,2.0NRT,303.96,7.74,D,VIIRS
49.61708,37.96899,340.97,0.41,0.61,2026-09-01,11:23:00,N,nominal,2.0NRT,301.59,2.89,D,VIIRS
49.60593,37.75893,331.76,0.41,0.6,2026-09-01,11:23:00,N,nominal,2.0NRT,299.34,2.09,D,VIIRS
49.60029,37.75934,367,0.41,0.6,2026-09-01,11:23:00,N,high,2.0NRT,309.82,21.02,D,VIIRS
49.5777,37.54881,337.35,0.4,0.6,2026-09-01,11:23:00,N,nominal,2.0NRT,299.84,3.2,D,VIIRS
49.5721,37.5489,349.37,0.4,0.6,2026-09-01,11:23:00,N,nominal,2.0NRT,303.18,6.78,D,VIIRS
49.52926,37.6261,332.97,0.4,0.6,2026-09-01,11:23:00,N,nominal,2.0NRT,299.66,3.33,D,VIIRS
49.53151,37.71823,332.94,0.4,0.6,2026-09-01,11:23:00,N,nominal,2.0NRT,299.71,3.91,D,VIIRS
49.53416,37.7149,334.76,0.4,0.6,2026-09-01,11:23:00,N,nominal,2.0NRT,299.08,2.39,D,VIIRS
49.51838,37.75528,348.62,0.4,0.6,2026-09-01,11:23:00,N,nominal,2.0NRT,310.45,12.01,D,VIIRS
49.51854,37.76092,351.24,0.4,0.6,2026-09-01,11:23:00,N,nominal,2.0NRT,301.78,12.01,D,VIIRS
49.52801,38.12029,346.64,0.42,0.61,2026-09-01,11:23:00,N,nominal,2.0NRT,298.99,10.46,D,VIIRS
49.51274,37.75541,334.1,0.4,0.6,2026-09-01,11:23:00,N,nominal,2.0NRT,306.03,12.01,D,VIIRS
49.51289,37.76102,340.93,0.4,0.6,2026-09-01,11:23:00,N,nominal,2.0NRT,305.69,12.01,D,VIIRS
49.52197,38.10813,355.23,0.42,0.61,2026-09-01,11:23:00,N,nominal,2.0NRT,302.63,8.59,D,VIIRS
49.52213,38.11422,349.37,0.42,0.61,2026-09-01,11:23:00,N,nominal,2.0NRT,304.4,8.59,D,VIIRS
49.46396,37.0582,355.71,0.38,0.58,2026-09-01,11:23:00,N,nominal,2.0NRT,308.12,5.09,D,VIIRS
49.47726,37.69497,355.74,0.4,0.6,2026-09-01,11:23:00,N,nominal,2.0NRT,302.67,15.06,D,VIIRS
49.47741,37.70065,367,0.4,0.6,2026-09-01,11:23:00,N,high,2.0NRT,308.01,28.35,D,VIIRS
49.46082,37.71244,343.59,0.4,0.6,2026-09-01,11:23:00,N,nominal,2.0NRT,308.21,12.49,D,VIIRS
49.46682,37.9545,343.6,0.41,0.61,2026-09-01,11:23:00,N,nominal,2.0NRT,303.86,5.57,D,VIIRS
49.46697,37.96052,338.73,0.41,0.61,2026-09-01,11:23:00,N,nominal,2.0NRT,300.4,5.57,D,VIIRS
49.46096,37.71805,367,0.4,0.6,2026-09-01,11:23:00,N,high,2.0NRT,303.64,12.49,D,VIIRS
49.45518,37.7126,351.98,0.4,0.6,2026-09-01,11:23:00,N,nominal,2.0NRT,305.39,12.49,D,VIIRS
49.45533,37.71816,353.75,0.4,0.6,2026-09-01,11:23:00,N,nominal,2.0NRT,301.95,12.49,D,VIIRS
49.461,37.94897,333.6,0.41,0.61,2026-09-01,11:23:00,N,nominal,2.0NRT,304.39,5.08,D,VIIRS
49.46114,37.95493,350.94,0.41,0.61,2026-09-01,11:23:00,N,nominal,2.0NRT,306.36,5.57,D,VIIRS
49.43179,37.91591,339.79,0.41,0.61,2026-09-01,11:23:00,N,nominal,2.0NRT,301.82,2.82,D,VIIRS
49.45623,38.02916,344.48,0.42,0.61,2026-09-01,11:23:00,N,nominal,2.0NRT,303.05,3.36,D,VIIRS
49.43042,37.91918,330.35,0.41,0.61,2026-09-01,11:23:00,N,low,2.0NRT,301.68,3.34,D,VIIRS
49.41118,37.83817,367,0.41,0.6,2026-09-01,11:23:00,N,high,2.0NRT,302.2,6.71,D,VIIRS
49.39817,37.9914,349.3,0.41,0.61,2026-09-01,11:23:00,N,nominal,2.0NRT,309.03,6.33,D,VIIRS
49.3771,37.83417,330.62,0.41,0.6,2026-09-01,11:23:00,N,nominal,2.0NRT,298.29,4.08,D,VIIRS
49.37725,37.83993,354.55,0.41,0.6,2026-09-01,11:23:00,N,nominal,2.0NRT,298.98,7.32,D,VIIRS
49.36288,37.94619,332.21,0.41,0.61,2026-09-01,11:23:00,N,low,2.0NRT,303.2,4.15,D,VIIRS
49.36538,38.0519,343.75,0.42,0.61,2026-09-01,11:23:00,N,nominal,2.0NRT,303.8,4.48,D,VIIRS
49.36552,38.05773,342.08,0.42,0.61,2026-09-01,11:23:00,N,nominal,2.0NRT,300.96,4.48,D,VIIRS
49.3562,37.90534,352.07,0.41,0.61,2026-09-01,11:23:00,N,nominal,2.0NRT,301.62,4.88,D,VIIRS
49.35635,37.91125,335.86,0.41,0.61,2026-09-01,11:23:00,N,nominal,2.0NRT,300.75,6.28,D,VIIRS
49.33739,37.83095,352.01,0.41,0.6,2026-09-01,11:23:00,N,nominal,2.0NRT,303.66,13.64,D,VIIRS
49.33753,37.83666,367,0.41,0.6,2026-09-01,11:23:00,N,high,2.0NRT,309.81,13.64,D,VIIRS
49.33187,37.83681,335.4,0.41,0.6,2026-09-01,11:23:00,N,nominal,2.0NRT,308.22,13.64,D,VIIRS
49.3284,37.9309,341.62,0.41,0.61,2026-09-01,11:23:00,N,nominal,2.0NRT,301.9,4.21,D,VIIRS
49.32853,37.93674,330.43,0.41,0.61,2026-09-01,11:23:00,N,nominal,2.0NRT,299.36,4.5,D,VIIRS
49.32043,37.83177,346.67,0.41,0.6,2026-09-01,11:23:00,N,nominal,2.0NRT,304.42,6.94,D,VIIRS
49.34073,37.83618,344.93,0.41,0.6,2026-09-01,11:23:00,N,nominal,2.0NRT,300.41,5.28,D,VIIRS
49.33492,37.83075,355.31,0.41,0.6,2026-09-01,11:23:00,N,nominal,2.0NRT,302.64,14.33,D,VIIRS
49.33508,37.83646,367,0.41,0.6,2026-09-01,11:23:00,N,high,2.0NRT,317.65,32.06,D,VIIRS
49.32361,37.83123,347.13,0.41,0.6,2026-09-01,11:23:00,N,nominal,2.0NRT,303.49,4.88,D,VIIRS
49.32639,37.93045,347.68,0.41,0.61,2026-09-01,11:23:00,N,nominal,2.0NRT,302.27,3.14,D,VIIRS
49.32655,37.93623,331.16,0.41,0.61,2026-09-01,11:23:00,N,nominal,2.0NRT,300.97,3.14,D,VIIRS
49.24873,37.02446,334.75,0.37,0.58,2026-09-01,11:23:00,N,nominal,2.0NRT,304.16,37.64,D,VIIRS
49.2489,37.02974,348.41,0.37,0.58,2026-09-01,11:23:00,N,nominal,2.0NRT,319.3,37.64,D,VIIRS
49.24925,37.04031,367,0.37,0.58,2026-09-01,11:23:00,N,high,2.0NRT,306.76,120.22,D,VIIRS
49.24328,37.0248,286.68,0.37,0.58,2026-09-01,11:23:00,N,low,2.0NRT,307.06,51.73,D,VIIRS
49.24345,37.03008,367,0.37,0.58,2026-09-01,11:23:00,N,low,2.0NRT,341.26,51.73,D,VIIRS
49.24362,37.03534,367,0.37,0.58,2026-09-01,11:23:00,N,high,2.0NRT,334.04,46.35,D,VIIRS
49.2438,37.04062,367,0.37,0.58,2026-09-01,11:23:00,N,high,2.0NRT,318.28,46.35,D,VIIRS
49.238,37.03046,367,0.37,0.58,2026-09-01,11:23:00,N,high,2.0NRT,314.35,51.73,D,VIIRS
49.23817,37.03573,367,0.37,0.58,2026-09-01,11:23:00,N,high,2.0NRT,313.94,46.35,D,VIIRS
49.23835,37.04098,367,0.37,0.58,2026-09-01,11:23:00,N,high,2.0NRT,312.83,46.35,D,VIIRS
49.23289,37.04125,352.97,0.37,0.58,2026-09-01,11:23:00,N,nominal,2.0NRT,310.2,6.64,D,VIIRS
49.26246,38.10981,367,0.42,0.61,2026-09-01,11:23:00,N,high,2.0NRT,307.92,10.86,D,VIIRS
49.24011,38.13507,351.17,0.42,0.61,2026-09-01,11:23:00,N,nominal,2.0NRT,306,7.39,D,VIIRS
49.23936,38.1329,348.64,0.42,0.61,2026-09-01,11:23:00,N,nominal,2.0NRT,303.22,3.62,D,VIIRS
49.23952,38.13895,334.23,0.42,0.61,2026-09-01,11:23:00,N,nominal,2.0NRT,306.76,3.62,D,VIIRS
49.19649,37.81302,335.23,0.41,0.6,2026-09-01,11:23:00,N,nominal,2.0NRT,304.72,3.07,D,VIIRS
49.16236,37.60013,336.69,0.4,0.6,2026-09-01,11:23:00,N,nominal,2.0NRT,306.38,3.91,D,VIIRS
49.13448,37.05143,367,0.37,0.58,2026-09-01,11:23:00,N,high,2.0NRT,304.07,6.41,D,VIIRS
49.1292,37.05726,335.84,0.37,0.58,2026-09-01,11:23:00,N,nominal,2.0NRT,303.39,5.16,D,VIIRS
49.12903,37.05197,367,0.37,0.58,2026-09-01,11:23:00,N,high,2.0NRT,307.49,5.16,D,VIIRS
49.14017,38.0548,367,0.42,0.61,2026-09-01,11:23:00,N,high,2.0NRT,305.2,10.21,D,VIIRS
49.13247,37.96905,337.73,0.41,0.61,2026-09-01,11:23:00,N,nominal,2.0NRT,300.87,1.9,D,VIIRS
49.13474,38.0666,338.94,0.42,0.61,2026-09-01,11:23:00,N,nominal,2.0NRT,304.73,8.16,D,VIIRS
49.1346,38.06078,367,0.42,0.61,2026-09-01,11:23:00,N,high,2.0NRT,306.79,7.7,D,VIIRS
49.13742,38.18729,367,0.42,0.61,2026-09-01,11:23:00,N,high,2.0NRT,306.37,8.41,D,VIIRS
49.1185,37.85867,333.37,0.41,0.6,2026-09-01,11:23:00,N,nominal,2.0NRT,305.4,3.23,D,VIIRS
49.12358,38.07907,330.44,0.42,0.61,2026-09-01,11:23:00,N,low,2.0NRT,304.01,2.74,D,VIIRS
49.11298,37.86477,331.88,0.41,0.6,2026-09-01,11:23:00,N,low,2.0NRT,306.54,3.23,D,VIIRS
49.13873,38.06306,332.88,0.42,0.61,2026-09-01,11:23:00,N,nominal,2.0NRT,303.91,7.25,D,VIIRS
49.13856,38.05725,367,0.42,0.61,2026-09-01,11:23:00,N,high,2.0NRT,306.68,10.15,D,VIIRS
49.14218,38.18941,367,0.42,0.61,2026-09-01,11:23:00,N,high,2.0NRT,301.54,11.91,D,VIIRS
49.13302,38.06327,348.77,0.42,0.61,2026-09-01,11:23:00,N,nominal,2.0NRT,305.21,7.29,D,VIIRS
48.92108,33.62119,342.47,0.52,0.5,2026-09-01,11:23:00,N,nominal,2.0NRT,301.27,6.75,D,VIIRS
49.11596,37.86133,336.1,0.41,0.6,2026-09-01,11:23:00,N,nominal,2.0NRT,305.77,3.95,D,VIIRS
49.09591,37.75373,342.18,0.4,0.6,2026-09-01,11:23:00,N,nominal,2.0NRT,302.77,6.05,D,VIIRS
49.09189,38.01874,354.2,0.41,0.61,2026-09-01,11:23:00,N,nominal,2.0NRT,308.07,11.18,D,VIIRS
49.09204,38.02449,367,0.41,0.61,2026-09-01,11:23:00,N,high,2.0NRT,310.5,11.18,D,VIIRS
49.06246,37.76639,340.45,0.4,0.6,2026-09-01,11:23:00,N,nominal,2.0NRT,306.62,3.02,D,VIIRS
49.01765,36.85496,331.97,0.37,0.58,2026-09-01,11:23:00,N,nominal,2.0NRT,306.71,1.18,D,VIIRS
49.04723,37.83003,344.65,0.41,0.6,2026-09-01,11:23:00,N,nominal,2.0NRT,303.36,4.25,D,VIIRS
49.03928,37.96384,367,0.41,0.61,2026-09-01,11:23:00,N,high,2.0NRT,309.08,12.81,D,VIIRS
49.03321,37.94775,332.87,0.41,0.61,2026-09-01,11:23:00,N,nominal,2.0NRT,301.64,2.12,D,VIIRS
49.02654,37.90699,344.6,0.41,0.61,2026-09-01,11:23:00,N,nominal,2.0NRT,301.14,4.79,D,VIIRS
49.02087,37.90729,345.35,0.41,0.61,2026-09-01,11:23:00,N,nominal,2.0NRT,306.15,4.79,D,VIIRS
49.01341,38.07591,342.52,0.42,0.61,2026-09-01,11:23:00,N,nominal,2.0NRT,303.82,6.72,D,VIIRS
49.01328,38.07008,367,0.42,0.61,2026-09-01,11:23:00,N,high,2.0NRT,306.31,6.72,D,VIIRS
49.03753,37.96239,337.27,0.41,0.61,2026-09-01,11:23:00,N,nominal,2.0NRT,306.41,4.24,D,VIIRS
49.03769,37.96799,346.72,0.41,0.61,2026-09-01,11:23:00,N,nominal,2.0NRT,307.58,4.24,D,VIIRS
49.02451,37.90541,367,0.41,0.6,2026-09-01,11:23:00,N,high,2.0NRT,304.44,11.1,D,VIIRS
49.01235,38.08004,331.65,0.42,0.61,2026-09-01,11:23:00,N,nominal,2.0NRT,305.39,8.16,D,VIIRS
49.01172,38.05677,367,0.41,0.61,2026-09-01,11:23:00,N,high,2.0NRT,305.34,9.53,D,VIIRS
49.0122,38.07415,367,0.42,0.61,2026-09-01,11:23:00,N,high,2.0NRT,308.35,14.69,D,VIIRS
49.00287,37.94199,336.5,0.41,0.61,2026-09-01,11:23:00,N,nominal,2.0NRT,302.94,2.16,D,VIIRS
49.0065,38.07461,354.28,0.42,0.61,2026-09-01,11:23:00,N,nominal,2.0NRT,310.68,10.59,D,VIIRS
49.00587,38.05137,367,0.41,0.61,2026-09-01,11:23:00,N,high,2.0NRT,309.78,9.39,D,VIIRS
49.00603,38.05716,367,0.41,0.61,2026-09-01,11:23:00,N,high,2.0NRT,314.1,24.91,D,VIIRS
49.00666,38.08051,367,0.42,0.61,2026-09-01,11:23:00,N,high,2.0NRT,313.31,15.61,D,VIIRS
49.00018,38.05186,342.67,0.41,0.61,2026-09-01,11:23:00,N,nominal,2.0NRT,306.91,9.39,D,VIIRS
48.98765,37.80429,335.47,0.4,0.6,2026-09-01,11:23:00,N,nominal,2.0NRT,301.09,2.09,D,VIIRS
48.99262,37.98272,332.85,0.41,0.61,2026-09-01,11:23:00,N,low,2.0NRT,307.48,2.4,D,VIIRS
48.99386,38.02866,342.62,0.41,0.61,2026-09-01,11:23:00,N,nominal,2.0NRT,305.44,3.99,D,VIIRS
48.9804,37.74816,343.6,0.4,0.6,2026-09-01,11:23:00,N,nominal,2.0NRT,306.34,5.75,D,VIIRS
48.98624,38.17637,352.95,0.42,0.61,2026-09-01,11:23:00,N,nominal,2.0NRT,303.9,52.13,D,VIIRS
48.98654,38.18834,335.22,0.42,0.61,2026-09-01,11:23:00,N,nominal,2.0NRT,301.53,32.87,D,VIIRS
48.97462,37.74279,367,0.4,0.6,2026-09-01,11:23:00,N,high,2.0NRT,309.2,13.43,D,VIIRS
48.98639,38.18234,367,0.42,0.61,2026-09-01,11:23:00,N,high,2.0NRT,310.82,52.13,D,VIIRS
48.98051,38.17672,367,0.42,0.61,2026-09-01,11:23:00,N,high,2.0NRT,329.06,52.13,D,VIIRS
48.98066,38.18267,367,0.42,0.61,2026-09-01,11:23:00,N,high,2.0NRT,325.42,52.13,D,VIIRS
48.98081,38.18864,367,0.42,0.61,2026-09-01,11:23:00,N,high,2.0NRT,309.61,32.87,D,VIIRS
48.98095,38.1946,367,0.42,0.61,2026-09-01,11:23:00,N,high,2.0NRT,309.93,32.87,D,VIIRS
48.97522,38.19482,338.23,0.42,0.61,2026-09-01,11:23:00,N,nominal,2.0NRT,311.14,7.31,D,VIIRS
48.96087,37.85691,341.76,0.41,0.6,2026-09-01,11:23:00,N,nominal,2.0NRT,307.7,4.61,D,VIIRS
48.95462,37.8346,342.46,0.4,0.6,2026-09-01,11:23:00,N,nominal,2.0NRT,305.99,2.86,D,VIIRS
48.95568,37.87441,342.29,0.41,0.6,2026-09-01,11:23:00,N,nominal,2.0NRT,308.23,8.24,D,VIIRS
48.95523,37.85735,367,0.41,0.6,2026-09-01,11:23:00,N,high,2.0NRT,312.55,9.12,D,VIIRS
48.94974,37.86347,339.3,0.41,0.6,2026-09-01,11:23:00,N,nominal,2.0NRT,308.81,8.46,D,VIIRS
48.94989,37.86915,356.16,0.41,0.6,2026-09-01,11:23:00,N,nominal,2.0NRT,309.65,8.46,D,VIIRS
48.95124,37.92113,335.32,0.41,0.61,2026-09-01,11:23:00,N,low,2.0NRT,308.48,5.42,D,VIIRS
48.95004,37.87485,367,0.41,0.6,2026-09-01,11:23:00,N,high,2.0NRT,313.15,8.24,D,VIIRS
48.94183,37.77875,332.26,0.4,0.6,2026-09-01,11:23:00,N,low,2.0NRT,305.37,2.11,D,VIIRS
48.94424,37.86961,341.47,0.41,0.6,2026-09-01,11:23:00,N,nominal,2.0NRT,309.19,3.43,D,VIIRS
48.9411,37.96853,334.59,0.41,0.61,2026-09-01,11:23:00,N,low,2.0NRT,305.59,3.71,D,VIIRS
48.93014,37.76274,330.25,0.4,0.6,2026-09-01,11:23:00,N,low,2.0NRT,302.02,3.67,D,VIIRS
48.94316,38.58398,341.08,0.44,0.62,2026-09-01,11:23:00,N,nominal,2.0NRT,310.09,9.29,D,VIIRS
48.94646,38.76386,332.97,0.45,0.63,2026-09-01,11:23:00,N,nominal,2.0NRT,301.53,8.97,D,VIIRS
48.94328,38.59012,367,0.44,0.62,2026-09-01,11:23:00,N,high,2.0NRT,311.39,20.77,D,VIIRS
48.94635,38.75768,367,0.45,0.63,2026-09-01,11:23:00,N,high,2.0NRT,306.18,18.39,D,VIIRS
48.93801,38.62117,357.73,0.44,0.62,2026-09-01,11:23:00,N,nominal,2.0NRT,306.04,11.55,D,VIIRS
48.93813,38.62731,357.17,0.44,0.62,2026-09-01,11:23:00,N,nominal,2.0NRT,308.82,8.85,D,VIIRS
48.93824,38.6335,344.08,0.44,0.62,2026-09-01,11:23:00,N,nominal,2.0NRT,309.42,8.85,D,VIIRS
48.9143,37.80335,354.02,0.4,0.6,2026-09-01,11:23:00,N,nominal,2.0NRT,302.94,7.45,D,VIIRS
48.91529,37.84309,341.7,0.41,0.6,2026-09-01,11:23:00,N,nominal,2.0NRT,305.25,3.12,D,VIIRS
48.91443,37.809,367,0.4,0.6,2026-09-01,11:23:00,N,high,2.0NRT,306.28,13.17,D,VIIRS
48.9061,37.93,333.57,0.41,0.61,2026-09-01,11:23:00,N,nominal,2.0NRT,303.46,2.11,D,VIIRS
48.9441,38.59608,331.41,0.44,0.62,2026-09-01,11:23:00,N,nominal,2.0NRT,303.92,11.41,D,VIIRS
48.94798,38.76359,342.43,0.45,0.63,2026-09-01,11:23:00,N,nominal,2.0NRT,301.01,9.52,D,VIIRS
48.94396,38.58994,367,0.44,0.62,2026-09-01,11:23:00,N,high,2.0NRT,313.48,17.53,D,VIIRS
48.94785,38.75737,367,0.45,0.63,2026-09-01,11:23:00,N,high,2.0NRT,305.28,9.52,D,VIIRS
48.917,37.80918,335.92,0.4,0.6,2026-09-01,11:23:00,N,nominal,2.0NRT,301.92,5.31,D,VIIRS
48.93914,38.63328,339.86,0.44,0.62,2026-09-01,11:23:00,N,nominal,2.0NRT,309.09,11.04,D,VIIRS
48.93885,38.62095,367,0.44,0.62,2026-09-01,11:23:00,N,high,2.0NRT,304.78,11.2,D,VIIRS
48.939,38.62709,367,0.44,0.62,2026-09-01,11:23:00,N,high,2.0NRT,310.12,11.2,D,VIIRS
48.91121,37.80397,335.22,0.4,0.6,2026-09-01,11:23:00,N,nominal,2.0NRT,302.4,5.31,D,VIIRS
48.9124,37.84375,332.79,0.4,0.6,2026-09-01,11:23:00,N,low,2.0NRT,304.53,4.38,D,VIIRS
48.91138,37.80965,367,0.4,0.6,2026-09-01,11:23:00,N,high,2.0NRT,305.77,5.31,D,VIIRS
48.90928,37.93015,336.78,0.41,0.61,2026-09-01,11:23:00,N,nominal,2.0NRT,303.05,2.03,D,VIIRS
48.85353,36.62379,367,0.36,0.57,2026-09-01,11:23:00,N,high,2.0NRT,305.15,12.62,D,VIIRS
48.8611,37.82692,348.01,0.4,0.6,2026-09-01,11:23:00,N,nominal,2.0NRT,304.47,3.73,D,VIIRS
48.86126,37.83274,334.83,0.4,0.6,2026-09-01,11:23:00,N,nominal,2.0NRT,304.09,3.73,D,VIIRS
48.81158,37.46384,336.91,0.39,0.59,2026-09-01,11:23:00,N,nominal,2.0NRT,307.46,4.15,D,VIIRS
48.81617,37.83519,367,0.4,0.6,2026-09-01,11:23:00,N,high,2.0NRT,309,9.31,D,VIIRS
48.82274,38.363,348.87,0.43,0.62,2026-09-01,11:23:00,N,nominal,2.0NRT,305.02,5.28,D,VIIRS
48.82286,38.36864,345.25,0.43,0.62,2026-09-01,11:23:00,N,nominal,2.0NRT,306.85,7.07,D,VIIRS
48.81768,38.39805,330.77,0.43,0.62,2026-09-01,11:23:00,N,low,2.0NRT,302.09,5.53,D,VIIRS
48.8178,38.4039,352.16,0.43,0.62,2026-09-01,11:23:00,N,nominal,2.0NRT,303.28,8.73,D,VIIRS
48.80767,38.19624,335.39,0.42,0.61,2026-09-01,11:23:00,N,nominal,2.0NRT,306.71,7.37,D,VIIRS
48.8119,38.39853,332.92,0.43,0.62,2026-09-01,11:23:00,N,low,2.0NRT,307.55,5.53,D,VIIRS
48.81202,38.40428,350.93,0.43,0.62,2026-09-01,11:23:00,N,nominal,2.0NRT,307.69,8.73,D,VIIRS
48.80755,38.19038,367,0.42,0.61,2026-09-01,11:23:00,N,high,2.0NRT,307.3,7.37,D,VIIRS
48.81392,37.83288,352.74,0.4,0.6,2026-09-01,11:23:00,N,nominal,2.0NRT,307.25,6.59,D,VIIRS
48.81409,37.8386,341.08,0.4,0.6,2026-09-01,11:23:00,N,nominal,2.0NRT,307.66,7.92,D,VIIRS
48.8232,38.3656,356.77,0.43,0.62,2026-09-01,11:23:00,N,nominal,2.0NRT,307.05,9.14,D,VIIRS
48.8183,38.40067,353.47,0.43,0.62,2026-09-01,11:23:00,N,nominal,2.0NRT,302.98,5.76,D,VIIRS
48.81253,38.40108,350.44,0.43,0.62,2026-09-01,11:23:00,N,nominal,2.0NRT,307.83,5.76,D,VIIRS
48.81268,38.40687,339.49,0.43,0.62,2026-09-01,11:23:00,N,nominal,2.0NRT,306.13,5.76,D,VIIRS
48.80717,38.19321,367,0.42,0.61,2026-09-01,11:23:00,N,high,2.0NRT,309.46,12.07,D,VIIRS
48.80661,38.39563,340.49,0.43,0.62,2026-09-01,11:23:00,N,nominal,2.0NRT,303.04,3.34,D,VIIRS
48.79819,38.79789,354.67,0.45,0.63,2026-09-01,11:23:00,N,nominal,2.0NRT,306.78,20.71,D,VIIRS
48.79832,38.80408,367,0.45,0.63,2026-09-01,11:23:00,N,high,2.0NRT,315.4,20.71,D,VIIRS
48.77568,38.08416,330.76,0.41,0.61,2026-09-01,11:23:00,N,low,2.0NRT,305.28,1.78,D,VIIRS
48.77598,38.09544,357.66,0.42,0.61,2026-09-01,11:23:00,N,nominal,2.0NRT,308.27,4.33,D,VIIRS
48.79181,38.77332,354.95,0.45,0.63,2026-09-01,11:23:00,N,nominal,2.0NRT,312.33,19.81,D,VIIRS
48.79193,38.77955,341.61,0.45,0.63,2026-09-01,11:23:00,N,nominal,2.0NRT,304.53,19.81,D,VIIRS
50.71637,35.44432,338.11,0.33,0.55,2026-09-01,11:23:00,N,nominal,2.0NRT,289.84,2.63,D,VIIRS
52.21273,33.98221,340.28,0.58,0.52,2026-09-01,11:23:00,N,nominal,2.0NRT,281.9,10.05,D,VIIRS
51.77855,34.29625,328.76,0.59,0.53,2026-09-01,11:23:00,N,nominal,2.0NRT,295.17,3.79,D,VIIRS
51.77899,34.30516,333.06,0.59,0.53,2026-09-01,11:23:00,N,nominal,2.0NRT,294.83,3.79,D,VIIRS
50.4215,35.30125,350.84,0.32,0.54,2026-09-01,11:23:00,N,nominal,2.0NRT,298.67,3.56,D,VIIRS
50.42414,35.48374,340.99,0.32,0.55,2026-09-01,11:23:00,N,nominal,2.0NRT,295.47,2.48,D,VIIRS
50.39247,35.99176,342.54,0.34,0.56,2026-09-01,11:23:00,N,nominal,2.0NRT,290.62,7.48,D,VIIRS
50.40366,37.28858,353.29,0.39,0.59,2026-09-01,11:23:00,N,nominal,2.0NRT,304.71,12.73,D,VIIRS
50.4038,37.29419,336.78,0.39,0.59,2026-09-01,11:23:00,N,nominal,2.0NRT,296.04,12.73,D,VIIRS
50.39764,37.27195,331.54,0.39,0.59,2026-09-01,11:23:00,N,nominal,2.0NRT,299.55,13.75,D,VIIRS
50.39825,37.29448,333.35,0.39,0.59,2026-09-01,11:23:00,N,nominal,2.0NRT,296.38,9.18,D,VIIRS
50.39748,37.26629,367,0.39,0.59,2026-09-01,11:23:00,N,high,2.0NRT,303.98,13.75,D,VIIRS
50.3981,37.28885,367,0.39,0.59,2026-09-01,11:23:00,N,high,2.0NRT,302.71,9.18,D,VIIRS
50.39194,37.2668,367,0.39,0.59,2026-09-01,11:23:00,N,high,2.0NRT,305.11,13.75,D,VIIRS
50.37999,37.45116,332.02,0.4,0.6,2026-09-01,11:23:00,N,nominal,2.0NRT,300.05,1.66,D,VIIRS
50.42657,35.29284,299.65,0.48,0.4,2026-09-01,23:35:00,N,nominal,2.0NRT,283.22,0.81,N,VIIRS
50.16241,37.55657,306.28,0.41,0.37,2026-09-01,23:35:00,N,nominal,2.0NRT,275.96,1.02,N,VIIRS
50.97124,29.68082,307.93,0.54,0.51,2026-09-01,23:35:00,N,nominal,2.0NRT,287.61,1.28,N,VIIRS
49.12827,39.31169,295.79,0.39,0.36,2026-09-01,23:35:00,N,nominal,2.0NRT,279.18,0.17,N,VIIRS
49.69527,34.68617,322.15,0.49,0.41,2026-09-01,23:35:00,N,nominal,2.0NRT,285.44,2.87,N,VIIRS
49.14032,38.77781,316.13,0.39,0.36,2026-09-01,23:35:00,N,nominal,2.0NRT,280.46,0.9,N,VIIRS
49.24852,37.03609,295.89,0.42,0.38,2026-09-01,23:35:00,N,nominal,2.0NRT,278.27,0.87,N,VIIRS
49.24778,37.04181,297.34,0.42,0.38,2026-09-01,23:35:00,N,nominal,2.0NRT,277.28,1.1,N,VIIRS
49.2451,37.03506,297.65,0.42,0.38,2026-09-01,23:35:00,N,nominal,2.0NRT,276.58,0.87,N,VIIRS
49.47837,34.84748,322.43,0.48,0.4,2026-09-01,23:35:00,N,nominal,2.0NRT,285.85,2.61,N,VIIRS
49.06718,38.09082,302.52,0.4,0.37,2026-09-01,23:35:00,N,nominal,2.0NRT,271.22,0.56,N,VIIRS
49.06385,38.08974,297.15,0.4,0.37,2026-09-01,23:35:00,N,nominal,2.0NRT,271.71,0.68,N,VIIRS
49.76154,38.78516,304.7,0.39,0.36,2026-09-01,23:35:00,N,nominal,2.0NRT,270.11,0.76,N,VIIRS
50.54555,26.25989,317.57,0.38,0.59,2026-09-01,23:35:00,N,nominal,2.0NRT,286.48,1.67,N,VIIRS
49.76484,38.78632,305.57,0.39,0.36,2026-09-01,23:35:00,N,nominal,2.0NRT,272.14,1.05,N,VIIRS
50.21297,35.79946,306.6,0.46,0.39,2026-09-01,23:35:00,N,nominal,2.0NRT,283.35,1.43,N,VIIRS
49.996339999999996,37.90625,301.64,0.41,0.37,2026-09-01,23:35:00,N,nominal,2.0NRT,269.29,0.33,N,VIIRS
50.41847,35.29775,300.83,0.48,0.4,2026-09-01,23:35:00,N,nominal,2.0NRT,286.01,1.91,N,VIIRS
50.41923,35.29095,312.31,0.48,0.4,2026-09-01,23:35:00,N,nominal,2.0NRT,283.77,1.91,N,VIIRS
50.4229,35.29189,327.86,0.48,0.4,2026-09-01,23:35:00,N,nominal,2.0NRT,284.24,1.91,N,VIIRS
46.67331,33.03804,337.45,0.53,0.42,2026-09-01,23:37:00,N,nominal,2.0NRT,289.62,6.1,N,VIIRS
46.67402,33.03113,346,0.53,0.42,2026-09-01,23:37:00,N,nominal,2.0NRT,289.61,6.1,N,VIIRS
49.41813,34.41251,298.86,0.5,0.41,2026-09-01,23:37:00,N,nominal,2.0NRT,284.8,1.06,N,VIIRS
48.80554,38.78239,299.77,0.39,0.36,2026-09-01,23:37:00,N,nominal,2.0NRT,279.13,1.19,N,VIIRS
48.79392,38.76742,296.05,0.39,0.36,2026-09-01,23:37:00,N,nominal,2.0NRT,277.87,0.42,N,VIIRS
48.9304,37.73799,310.22,0.4,0.37,2026-09-01,23:37:00,N,nominal,2.0NRT,267.54,1.86,N,VIIRS
48.54387,39.4062,322.07,0.39,0.36,2026-09-01,23:37:00,N,nominal,2.0NRT,287.12,1.66,N,VIIRS
48.54466,39.40105,309.58,0.39,0.36,2026-09-01,23:37:00,N,nominal,2.0NRT,287.2,1.66,N,VIIRS
48.54139,39.39991,306.74,0.39,0.36,2026-09-01,23:37:00,N,nominal,2.0NRT,282.37,1.66,N,VIIRS
48.81731,36.55205,299.29,0.43,0.38,2026-09-01,23:37:00,N,nominal,2.0NRT,277.8,0.53,N,VIIRS
48.81385,36.55107,297.07,0.43,0.38,2026-09-01,23:37:00,N,nominal,2.0NRT,278.26,0.72,N,VIIRS
48.46775,38.76305,301.66,0.39,0.36,2026-09-01,23:37:00,N,nominal,2.0NRT,287.07,0.72,N,VIIRS
48.46523,38.75675,301.96,0.39,0.36,2026-09-01,23:37:00,N,nominal,2.0NRT,287.33,1.04,N,VIIRS
48.46446,38.76195,296.17,0.39,0.36,2026-09-01,23:37:00,N,nominal,2.0NRT,283.97,0.54,N,VIIRS
48.46194,38.75565,306.08,0.39,0.36,2026-09-01,23:37:00,N,nominal,2.0NRT,286.68,1.04,N,VIIRS
48.62867,37.5655,310.15,0.4,0.37,2026-09-01,23:37:00,N,nominal,2.0NRT,271.77,1.29,N,VIIRS
48.78329,36.22136,296.41,0.43,0.38,2026-09-01,23:37:00,N,nominal,2.0NRT,280.69,0.57,N,VIIRS
48.42001,38.82866,299.4,0.39,0.36,2026-09-01,23:37:00,N,nominal,2.0NRT,282.21,0.62,N,VIIRS
48.63372,36.97519,296.93,0.41,0.37,2026-09-01,23:37:00,N,nominal,2.0NRT,277.34,0.59,N,VIIRS
48.55931,37.03898,304.59,0.41,0.37,2026-09-01,23:37:00,N,nominal,2.0NRT,274.2,1.13,N,VIIRS
48.35591,37.25549,295.52,0.41,0.37,2026-09-01,23:37:00,N,nominal,2.0NRT,273.11,0.47,N,VIIRS
48.06445,39.17298,298.07,0.39,0.36,2026-09-01,23:37:00,N,nominal,2.0NRT,283.87,0.69,N,VIIRS
48.06367,39.17809,314.7,0.39,0.36,2026-09-01,23:37:00,N,nominal,2.0NRT,285.8,1.49,N,VIIRS
48.38704,36.89157,319.97,0.41,0.37,2026-09-01,23:37:00,N,nominal,2.0NRT,269.41,1.8,N,VIIRS
48.16861,38.31511,304.31,0.39,0.36,2026-09-01,23:37:00,N,nominal,2.0NRT,275.56,0.62,N,VIIRS
48.53427,34.6456,331.03,0.48,0.4,2026-09-01,23:37:00,N,nominal,2.0NRT,291.3,4.14,N,VIIRS
48.52101,34.62883,314.08,0.48,0.4,2026-09-01,23:37:00,N,nominal,2.0NRT,290.11,1.5,N,VIIRS
48.52029,34.63534,310.83,0.48,0.4,2026-09-01,23:37:00,N,nominal,2.0NRT,288.89,1.5,N,VIIRS
48.09956,37.91903,295.33,0.4,0.37,2026-09-01,23:37:00,N,nominal,2.0NRT,278.27,0.78,N,VIIRS
48.09882,37.9243,300.85,0.4,0.37,2026-09-01,23:37:00,N,nominal,2.0NRT,277.79,1.02,N,VIIRS
48.15712,37.30166,303.75,0.41,0.37,2026-09-01,23:37:00,N,nominal,2.0NRT,279.41,0.91,N,VIIRS
48.15661,37.30605,299.45,0.41,0.37,2026-09-01,23:37:00,N,nominal,2.0NRT,279.77,1.25,N,VIIRS
48.05857,37.95414,306.53,0.4,0.37,2026-09-01,23:37:00,N,nominal,2.0NRT,276.66,0.91,N,VIIRS
48.14538,37.28561,305.3,0.41,0.37,2026-09-01,23:37:00,N,nominal,2.0NRT,277.84,0.98,N,VIIRS
48.14463,37.29103,305.66,0.41,0.37,2026-09-01,23:37:00,N,nominal,2.0NRT,278.01,0.98,N,VIIRS
48.47358,34.63108,315.62,0.48,0.4,2026-09-01,23:37:00,N,nominal,2.0NRT,290.14,2.25,N,VIIRS
47.83294,38.47207,299.94,0.39,0.36,2026-09-01,23:37:00,N,nominal,2.0NRT,285.37,1.1,N,VIIRS
47.83218,38.4772,298.4,0.39,0.36,2026-09-01,23:37:00,N,nominal,2.0NRT,283.37,0.66,N,VIIRS
48.97595,24.70723,302.94,0.43,0.62,2026-09-01,23:37:00,N,nominal,2.0NRT,285.09,2.16,N,VIIRS
47.92177,37.18074,326.51,0.41,0.37,2026-09-01,23:37:00,N,nominal,2.0NRT,279.94,1.55,N,VIIRS
47.65617,38.28792,300.81,0.39,0.36,2026-09-01,23:37:00,N,nominal,2.0NRT,285.22,0.82,N,VIIRS
47.93897,35.892,298.08,0.43,0.38,2026-09-01,23:37:00,N,nominal,2.0NRT,279.42,0.59,N,VIIRS
47.92624,35.93651,297.83,0.43,0.38,2026-09-01,23:37:00,N,nominal,2.0NRT,280.1,0.49,N,VIIRS
46.63226,33.35568,297.65,0.51,0.41,2026-09-01,23:37:00,N,nominal,2.0NRT,283.48,0.72,N,VIIRS
49.41886,34.40559,298.82,0.5,0.41,2026-09-01,23:37:00,N,nominal,2.0NRT,285.49,1.03,N,VIIRS
49.12845,37.04663,297.32,0.42,0.37,2026-09-01,23:37:00,N,nominal,2.0NRT,281.54,0.56,N,VIIRS
48.98103,38.18003,299.49,0.4,0.37,2026-09-01,23:37:00,N,nominal,2.0NRT,260.75,0.91,N,VIIRS
48.98178,38.17466,307.42,0.4,0.37,2026-09-01,23:37:00,N,nominal,2.0NRT,260.36,0.91,N,VIIRS
47.11573,34.05449,299.26,0.49,0.4,2026-09-01,23:37:00,N,nominal,2.0NRT,284.48,0.94,N,VIIRS
47.12086,34.04248,302.14,0.49,0.4,2026-09-01,23:37:00,N,nominal,2.0NRT,283.86,1.36,N,VIIRS
47.12158,34.03603,297.32,0.49,0.4,2026-09-01,23:37:00,N,nominal,2.0NRT,281.73,3.7,N,VIIRS
47.1101,34.13863,321.94,0.48,0.4,2026-09-01,23:37:00,N,nominal,2.0NRT,284.82,2.68,N,VIIRS
47.12456,34.04336,308.32,0.49,0.4,2026-09-01,23:37:00,N,nominal,2.0NRT,286.04,1.36,N,VIIRS
47.60508,38.21226,300.53,0.39,0.36,2026-09-01,23:37:00,N,nominal,2.0NRT,283.83,0.73,N,VIIRS
47.60432,38.2174,316.95,0.39,0.36,2026-09-01,23:37:00,N,nominal,2.0NRT,284.75,1.38,N,VIIRS
47.60358,38.22253,316.53,0.39,0.36,2026-09-01,23:37:00,N,nominal,2.0NRT,284.73,1.38,N,VIIRS
47.59229,38.29956,299.95,0.39,0.36,2026-09-01,23:37:00,N,nominal,2.0NRT,282.95,0.77,N,VIIRS
47.532,38.27328,318.74,0.39,0.36,2026-09-01,23:37:00,N,nominal,2.0NRT,282.48,1.22,N,VIIRS
47.52994,38.24034,299.12,0.39,0.36,2026-09-01,23:37:00,N,nominal,2.0NRT,282.12,0.52,N,VIIRS
47.88954,35.53194,315.9,0.44,0.39,2026-09-01,23:37:00,N,nominal,2.0NRT,281.07,0.84,N,VIIRS
47.52664,38.23928,307.55,0.39,0.36,2026-09-01,23:37:00,N,nominal,2.0NRT,281.48,0.77,N,VIIRS
47.52334,38.23822,302.58,0.39,0.36,2026-09-01,23:37:00,N,nominal,2.0NRT,283.77,0.77,N,VIIRS
47.86209,35.1397,308.26,0.46,0.39,2026-09-01,23:37:00,N,nominal,2.0NRT,288.2,1.47,N,VIIRS
47.86136,35.14582,310.07,0.46,0.39,2026-09-01,23:37:00,N,nominal,2.0NRT,288.87,2.1,N,VIIRS
47.85851,35.13874,299.18,0.46,0.39,2026-09-01,23:37:00,N,nominal,2.0NRT,287.15,0.64,N,VIIRS
47.85778,35.14485,297.16,0.46,0.39,2026-09-01,23:37:00,N,nominal,2.0NRT,286.22,0.53,N,VIIRS
47.60435,36.813,306.79,0.41,0.37,2026-09-01,23:37:00,N,nominal,2.0NRT,278.8,1.46,N,VIIRS
47.60363,36.81844,295.87,0.41,0.37,2026-09-01,23:37:00,N,nominal,2.0NRT,278.68,0.36,N,VIIRS
47.57195,36.94976,308.67,0.41,0.37,2026-09-01,23:37:00,N,nominal,2.0NRT,279.54,0.71,N,VIIRS
47.50719,36.91173,330.53,0.41,0.37,2026-09-01,23:37:00,N,nominal,2.0NRT,282.68,4.02,N,VIIRS
47.50646,36.91712,330.33,0.41,0.37,2026-09-01,23:37:00,N,nominal,2.0NRT,281.91,3.03,N,VIIRS
47.50381,36.91074,367,0.41,0.37,2026-09-01,23:37:00,N,high,2.0NRT,285.52,8.76,N,VIIRS
47.7146,35.25545,297.65,0.45,0.39,2026-09-01,23:37:00,N,nominal,2.0NRT,281.98,0.79,N,VIIRS
47.50308,36.91612,312.3,0.41,0.37,2026-09-01,23:37:00,N,nominal,2.0NRT,281.21,1.79,N,VIIRS
47.48322,37.01073,327.37,0.41,0.37,2026-09-01,23:37:00,N,nominal,2.0NRT,279.99,1.61,N,VIIRS
47.71399,35.1678,296.89,0.45,0.39,2026-09-01,23:37:00,N,nominal,2.0NRT,283.1,0.98,N,VIIRS
47.48058,37.00434,307.37,0.41,0.37,2026-09-01,23:37:00,N,nominal,2.0NRT,279.46,2.78,N,VIIRS
47.47986,37.00969,318.91,0.41,0.37,2026-09-01,23:37:00,N,nominal,2.0NRT,277.91,1.61,N,VIIRS
47.46755,37.02279,298.44,0.41,0.37,2026-09-01,23:37:00,N,nominal,2.0NRT,279.37,1.01,N,VIIRS
47.87323,33.43897,303.46,0.52,0.42,2026-09-01,23:37:00,N,nominal,2.0NRT,286.38,1.88,N,VIIRS
47.44876,37.00614,345.36,0.41,0.37,2026-09-01,23:37:00,N,nominal,2.0NRT,308.63,26.13,N,VIIRS
47.44803,37.0115,325.42,0.41,0.37,2026-09-01,23:37:00,N,nominal,2.0NRT,283.48,7.6,N,VIIRS
47.44538,37.00515,309.06,0.41,0.37,2026-09-01,23:37:00,N,nominal,2.0NRT,280.66,26.13,N,VIIRS
47.87505,33.4116,295.34,0.52,0.42,2026-09-01,23:37:00,N,nominal,2.0NRT,281.88,0.87,N,VIIRS
47.87209,33.43973,305.56,0.52,0.42,2026-09-01,23:37:00,N,nominal,2.0NRT,287.59,1.78,N,VIIRS
47.30771,37.90716,320.76,0.39,0.36,2026-09-01,23:37:00,N,nominal,2.0NRT,284.34,2.23,N,VIIRS
47.30921,37.89687,304.64,0.39,0.36,2026-09-01,23:37:00,N,nominal,2.0NRT,282.65,0.7,N,VIIRS
47.27649,38.0261,314.55,0.39,0.36,2026-09-01,23:37:00,N,nominal,2.0NRT,283.84,0.96,N,VIIRS
47.47628,36.24775,297.8,0.42,0.38,2026-09-01,23:37:00,N,nominal,2.0NRT,281.86,0.58,N,VIIRS
47.27039,37.73387,299.62,0.39,0.36,2026-09-01,23:37:00,N,nominal,2.0NRT,283.35,0.39,N,VIIRS
47.26964,37.73905,295.65,0.39,0.36,2026-09-01,23:37:00,N,nominal,2.0NRT,285.34,0.52,N,VIIRS
47.26707,37.73283,309.96,0.39,0.36,2026-09-01,23:37:00,N,nominal,2.0NRT,284.8,1.86,N,VIIRS
47.26633,37.738,306.97,0.39,0.36,2026-09-01,23:37:00,N,nominal,2.0NRT,286.01,1.05,N,VIIRS
47.26375,37.73179,328.11,0.39,0.36,2026-09-01,23:37:00,N,nominal,2.0NRT,285.6,1.86,N,VIIRS
47.26301,37.73696,311.22,0.39,0.36,2026-09-01,23:37:00,N,nominal,2.0NRT,285.89,1.05,N,VIIRS
47.26043,37.73074,338.06,0.39,0.36,2026-09-01,23:37:00,N,nominal,2.0NRT,285.4,3.64,N,VIIRS
47.20799,37.9027,298.96,0.39,0.36,2026-09-01,23:37:00,N,nominal,2.0NRT,281.14,0.53,N,VIIRS
47.34123,36.92339,307.42,0.41,0.37,2026-09-01,23:37:00,N,nominal,2.0NRT,282.25,1.21,N,VIIRS
47.34166,36.92234,313.58,0.41,0.37,2026-09-01,23:37:00,N,nominal,2.0NRT,282.26,1.24,N,VIIRS
47.55287,34.40482,305.21,0.48,0.4,2026-09-01,23:37:00,N,nominal,2.0NRT,286.29,1.14,N,VIIRS
46.67714,33.03889,297.15,0.53,0.42,2026-09-01,23:37:00,N,nominal,2.0NRT,287.13,7.35,N,VIIRS
46.67786,33.03199,367,0.53,0.42,2026-09-01,23:37:00,N,high,2.0NRT,296.36,7.35,N,VIIRS
47.12528,34.03691,342.46,0.49,0.4,2026-09-01,23:37:00,N,nominal,2.0NRT,286.47,3.7,N,VIIRS
46.6817,33.03284,300.3,0.53,0.42,2026-09-01,23:37:00,N,nominal,2.0NRT,285.89,7.35,N,VIIRS
47.126,34.03047,338.77,0.49,0.4,2026-09-01,23:37:00,N,nominal,2.0NRT,283.72,3.7,N,VIIRS
47.12899,34.0378,328.42,0.49,0.4,2026-09-01,23:37:00,N,nominal,2.0NRT,287.3,8.18,N,VIIRS
47.12971,34.03136,344.03,0.49,0.4,2026-09-01,23:37:00,N,nominal,2.0NRT,287.24,8.18,N,VIIRS
46.97462,35.37727,321.56,0.44,0.38,2026-09-01,23:37:00,N,nominal,2.0NRT,280.91,1.52,N,VIIRS
46.91113,36.0713,299.27,0.42,0.38,2026-09-01,23:37:00,N,nominal,2.0NRT,281.35,0.69,N,VIIRS
46.77617,33.72691,312.06,0.5,0.41,2026-09-01,23:37:00,N,nominal,2.0NRT,282.53,2.47,N,VIIRS
46.7799,33.72778,307.35,0.5,0.41,2026-09-01,23:37:00,N,nominal,2.0NRT,283.38,1.31,N,VIIRS
46.76079,34.00721,303.06,0.48,0.4,2026-09-01,23:37:00,N,nominal,2.0NRT,282.34,1.15,N,VIIRS
46.76448,34.00809,346.51,0.48,0.4,2026-09-01,23:37:00,N,nominal,2.0NRT,287.09,5.96,N,VIIRS
46.76518,34.00173,334.92,0.48,0.4,2026-09-01,23:37:00,N,nominal,2.0NRT,284.25,5.96,N,VIIRS
46.76887,34.00261,333.54,0.48,0.4,2026-09-01,23:37:00,N,nominal,2.0NRT,285.44,5.96,N,VIIRS
46.80708,33.96594,300.61,0.49,0.4,2026-09-01,23:37:00,N,nominal,2.0NRT,283.2,0.72,N,VIIRS
46.82426,33.81153,306.86,0.49,0.4,2026-09-01,23:37:00,N,nominal,2.0NRT,284.39,1.22,N,VIIRS
46.81578,34.57082,306.42,0.46,0.39,2026-09-01,23:37:00,N,nominal,2.0NRT,281.34,1.75,N,VIIRS
46.81648,34.56472,295.51,0.46,0.39,2026-09-01,23:37:00,N,nominal,2.0NRT,280.97,0.54,N,VIIRS
46.8201,34.56563,298.43,0.46,0.39,2026-09-01,23:37:00,N,nominal,2.0NRT,280.93,0.54,N,VIIRS
46.70143,35.8846,299.51,0.42,0.38,2026-09-01,23:37:00,N,nominal,2.0NRT,282.29,0.63,N,VIIRS
46.67974,36.07779,301.81,0.42,0.38,2026-09-01,23:37:00,N,nominal,2.0NRT,282.6,0.6,N,VIIRS
46.69833,36.07161,307.59,0.42,0.38,2026-09-01,23:37:00,N,nominal,2.0NRT,282.39,1.12,N,VIIRS
46.69585,36.07282,299.73,0.42,0.38,2026-09-01,23:37:00,N,nominal,2.0NRT,281.89,0.52,N,VIIRS
46.69928,36.07377,297.02,0.42,0.38,2026-09-01,23:37:00,N,nominal,2.0NRT,280.71,0.52,N,VIIRS
47.12802,33.44097,317.23,0.51,0.41,2026-09-01,23:37:00,N,nominal,2.0NRT,282.8,2.68,N,VIIRS
47.13111,33.44863,305.03,0.51,0.41,2026-09-01,23:37:00,N,nominal,2.0NRT,284.49,3.29,N,VIIRS
47.13182,33.44184,340.9,0.51,0.41,2026-09-01,23:37:00,N,nominal,2.0NRT,290.07,6.79,N,VIIRS
47.12996,33.49692,311.98,0.51,0.41,2026-09-01,23:37:00,N,nominal,2.0NRT,282.45,2.39,N,VIIRS
47.13561,33.44271,306.46,0.51,0.41,2026-09-01,23:37:00,N,nominal,2.0NRT,284.23,6.79,N,VIIRS
46.87843,35.99377,308.92,0.42,0.38,2026-09-01,23:37:00,N,nominal,2.0NRT,284.94,0.97,N,VIIRS
47.55124,34.40454,305.83,0.48,0.4,2026-09-01,23:37:00,N,nominal,2.0NRT,285.96,1.05,N,VIIRS
47.36869,35.47389,298.51,0.44,0.38,2026-09-01,23:37:00,N,nominal,2.0NRT,280.42,0.5,N,VIIRS
47.36517,35.47294,301.43,0.44,0.38,2026-09-01,23:37:00,N,nominal,2.0NRT,279,0.71,N,VIIRS
47.44236,34.73206,301.18,0.47,0.39,2026-09-01,23:37:00,N,nominal,2.0NRT,283.3,1.2,N,VIIRS
47.43946,34.72497,295.09,0.47,0.39,2026-09-01,23:37:00,N,nominal,2.0NRT,282.87,0.48,N,VIIRS
47.43168,34.53078,297.47,0.47,0.4,2026-09-01,23:37:00,N,nominal,2.0NRT,282.49,1.5,N,VIIRS
47.42804,34.52991,320.64,0.47,0.4,2026-09-01,23:37:00,N,nominal,2.0NRT,284.25,1.5,N,VIIRS
47.42732,34.53624,305.43,0.47,0.4,2026-09-01,23:37:00,N,nominal,2.0NRT,285.13,0.79,N,VIIRS
47.27915,35.75951,314.33,0.43,0.38,2026-09-01,23:37:00,N,nominal,2.0NRT,280.3,1.72,N,VIIRS
47.42915,34.52877,322.01,0.47,0.4,2026-09-01,23:37:00,N,nominal,2.0NRT,283.08,2,N,VIIRS
47.42842,34.53506,303.43,0.47,0.4,2026-09-01,23:37:00,N,nominal,2.0NRT,283.88,2,N,VIIRS
47.27937,35.7576,317.79,0.43,0.38,2026-09-01,23:37:00,N,nominal,2.0NRT,280.28,1.71,N,VIIRS
47.42329,34.54686,298.9,0.47,0.4,2026-09-01,23:37:00,N,nominal,2.0NRT,286.45,0.8,N,VIIRS
47.46642,33.89653,301.67,0.5,0.41,2026-09-01,23:37:00,N,nominal,2.0NRT,287.4,1.18,N,VIIRS
47.46268,33.89555,329.84,0.5,0.41,2026-09-01,23:37:00,N,nominal,2.0NRT,288.83,4,N,VIIRS
47.46413,33.88229,305.23,0.5,0.41,2026-09-01,23:37:00,N,nominal,2.0NRT,285.87,1.23,N,VIIRS
47.46341,33.88894,318.34,0.5,0.41,2026-09-01,23:37:00,N,nominal,2.0NRT,286.76,4,N,VIIRS
47.34986,34.56713,306.45,0.47,0.4,2026-09-01,23:37:00,N,nominal,2.0NRT,282.16,1.55,N,VIIRS
47.34914,34.57336,309.39,0.47,0.4,2026-09-01,23:37:00,N,nominal,2.0NRT,282.07,1.01,N,VIIRS
47.76242,29.96973,307.76,0.49,0.48,2026-09-01,23:37:00,N,nominal,2.0NRT,286.11,1.21,N,VIIRS
47.15741,35.81183,304.36,0.43,0.38,2026-09-01,23:37:00,N,nominal,2.0NRT,276.51,0.82,N,VIIRS
47.12278,35.51315,299.99,0.44,0.38,2026-09-01,23:37:00,N,nominal,2.0NRT,279.47,0.87,N,VIIRS
47.0627,35.87907,301.26,0.43,0.38,2026-09-01,23:37:00,N,nominal,2.0NRT,279.79,0.84,N,VIIRS
47.22064,34.3091,308,0.48,0.4,2026-09-01,23:37:00,N,nominal,2.0NRT,284.87,1.01,N,VIIRS
46.85566,36.89469,302.19,0.4,0.37,2026-09-01,23:37:00,N,nominal,2.0NRT,276.15,0.71,N,VIIRS
46.96301,35.86822,296.19,0.43,0.38,2026-09-01,23:37:00,N,nominal,2.0NRT,282.16,0.91,N,VIIRS
46.92024,36.06336,317.3,0.42,0.38,2026-09-01,23:37:00,N,nominal,2.0NRT,282.57,1.88,N,VIIRS
46.91195,36.07245,298.36,0.42,0.38,2026-09-01,23:37:00,N,nominal,2.0NRT,280.46,0.27,N,VIIRS
44.7738,33.86365,307.55,0.47,0.39,2026-09-01,23:37:00,N,nominal,2.0NRT,287.64,1.29,N,VIIRS
45.12864,33.99816,296.48,0.47,0.39,2026-09-01,23:37:00,N,nominal,2.0NRT,286.36,0.68,N,VIIRS
46.24886,32.4528,296.21,0.55,0.43,2026-09-01,23:37:00,N,nominal,2.0NRT,285.74,0.35,N,VIIRS
46.22033,33.23575,295.08,0.51,0.41,2026-09-01,23:37:00,N,nominal,2.0NRT,280.92,0.21,N,VIIRS
46.45636,32.03784,309.28,0.57,0.43,2026-09-01,23:37:00,N,nominal,2.0NRT,287.7,0.93,N,VIIRS
46.46036,32.03867,300.63,0.57,0.43,2026-09-01,23:37:00,N,nominal,2.0NRT,287.39,0.93,N,VIIRS
46.42788,32.53379,297.85,0.55,0.42,2026-09-01,23:37:00,N,nominal,2.0NRT,282.29,1.2,N,VIIRS
46.39594,32.92171,301.47,0.53,0.42,2026-09-01,23:37:00,N,nominal,2.0NRT,285.99,1.06,N,VIIRS
46.3969,32.95008,296.11,0.53,0.42,2026-09-01,23:37:00,N,nominal,2.0NRT,283.65,0.26,N,VIIRS
46.40436,32.91645,310.08,0.53,0.42,2026-09-01,23:37:00,N,nominal,2.0NRT,286.56,2.39,N,VIIRS
46.41371,32.93962,295.29,0.53,0.42,2026-09-01,23:37:00,N,nominal,2.0NRT,284.4,0.33,N,VIIRS
46.41665,33.61599,308.12,0.5,0.41,2026-09-01,23:37:00,N,nominal,2.0NRT,282.67,1.24,N,VIIRS
46.42093,33.57709,296.19,0.5,0.41,2026-09-01,23:37:00,N,nominal,2.0NRT,281.97,0.53,N,VIIRS
46.53333,32.77976,311.57,0.54,0.42,2026-09-01,23:37:00,N,nominal,2.0NRT,286.24,1.69,N,VIIRS
46.5372,32.7806,306.15,0.54,0.42,2026-09-01,23:37:00,N,nominal,2.0NRT,286.75,1.22,N,VIIRS
46.5336,32.77934,313.55,0.54,0.42,2026-09-01,23:37:00,N,nominal,2.0NRT,286.52,1.41,N,VIIRS
46.53747,32.78018,302.85,0.54,0.42,2026-09-01,23:37:00,N,nominal,2.0NRT,286.83,1.41,N,VIIRS
46.3888,34.35027,315.93,0.47,0.4,2026-09-01,23:37:00,N,nominal,2.0NRT,283.08,2.04,N,VIIRS
46.3895,34.34418,299.19,0.47,0.4,2026-09-01,23:37:00,N,nominal,2.0NRT,282.31,0.97,N,VIIRS
46.57682,33.16333,298.06,0.52,0.41,2026-09-01,23:37:00,N,nominal,2.0NRT,286.24,0.9,N,VIIRS
46.49957,34.38483,296.56,0.47,0.4,2026-09-01,23:37:00,N,nominal,2.0NRT,282.08,0.38,N,VIIRS
46.67018,33.03026,299.67,0.53,0.42,2026-09-01,23:37:00,N,nominal,2.0NRT,284.63,6.1,N,VIIRS
