latitude,longitude,bright_ti4,scan,track,acq_date,acq_time,satellite,confidence,version,bright_ti5,frp,daynight,instrument
48.85469,37.77264,306.49,0.49,0.49,2026-08-25,00:26:00,N,nominal,2.0NRT,283.41,1.02,N,VIIRS
48.46595,38.75873,303.7,0.56,0.51,2026-08-25,00:26:00,N,nominal,2.0NRT,287,1.87,N,VIIRS
48.46153,38.75595,303.36,0.56,0.51,2026-08-25,00:26:00,N,nominal,2.0NRT,286.57,1.05,N,VIIRS
48.72441,37.60674,296.76,0.49,0.49,2026-08-25,00:26:00,N,nominal,2.0NRT,285.8,0.83,N,VIIRS
48.4156,38.75344,328.35,0.56,0.51,2026-08-25,00:26:00,N,nominal,2.0NRT,285.02,5.8,N,VIIRS
50.08892,31.05684,295.58,0.41,0.37,2026-08-25,00:26:00,N,nominal,2.0NRT,285.16,0.46,N,VIIRS
48.60569,37.44408,295.58,0.49,0.48,2026-08-25,00:26:00,N,nominal,2.0NRT,282.38,0.4,N,VIIRS
48.3393,38.4133,295.42,0.54,0.51,2026-08-25,00:26:00,N,nominal,2.0NRT,283.95,1.17,N,VIIRS
48.3349,38.41063,308.67,0.54,0.51,2026-08-25,00:26:00,N,nominal,2.0NRT,284.74,2.73,N,VIIRS
48.4301,37.97304,300.36,0.52,0.5,2026-08-25,00:26:00,N,nominal,2.0NRT,281.68,0.96,N,VIIRS
48.50562,37.66376,296.11,0.5,0.49,2026-08-25,00:26:00,N,nominal,2.0NRT,281.08,0.39,N,VIIRS
48.30561,38.3292,300.38,0.54,0.51,2026-08-25,00:26:00,N,nominal,2.0NRT,281.57,0.91,N,VIIRS
48.36341,38.0174,295.81,0.52,0.5,2026-08-25,00:26:00,N,nominal,2.0NRT,283.73,0.85,N,VIIRS
48.36161,38.00965,298.39,0.52,0.5,2026-08-25,00:26:00,N,nominal,2.0NRT,284.52,1,N,VIIRS
51.77316,32.28036,339.49,0.42,0.38,2026-08-25,00:26:00,N,nominal,2.0NRT,284.4,16.62,N,VIIRS
51.76981,32.27869,338.56,0.42,0.38,2026-08-25,00:26:00,N,nominal,2.0NRT,279.63,16.62,N,VIIRS
50.1642,37.55745,304.24,0.45,0.47,2026-08-25,00:26:00,N,nominal,2.0NRT,282.2,1.08,N,VIIRS
50.60535,35.28171,296.61,0.54,0.42,2026-08-25,00:26:00,N,nominal,2.0NRT,279.15,0.35,N,VIIRS
50.34193,36.18744,295.79,0.39,0.44,2026-08-25,00:26:00,N,nominal,2.0NRT,279.18,0.37,N,VIIRS
50.32907,36.1681,303.39,0.39,0.44,2026-08-25,00:26:00,N,nominal,2.0NRT,278.05,1.06,N,VIIRS
49.83984,37.77057,299.84,0.46,0.47,2026-08-25,00:26:00,N,nominal,2.0NRT,280.39,1.06,N,VIIRS
51.35792,30.2663,297.55,0.39,0.36,2026-08-25,00:26:00,N,nominal,2.0NRT,283.87,1.3,N,VIIRS
51.35696,30.27181,309.54,0.39,0.36,2026-08-25,00:26:00,N,nominal,2.0NRT,290.15,1.3,N,VIIRS
51.35503,30.28285,296.51,0.39,0.36,2026-08-25,00:26:00,N,nominal,2.0NRT,283.01,0.83,N,VIIRS
51.35176,30.28139,295.34,0.39,0.36,2026-08-25,00:26:00,N,nominal,2.0NRT,281.98,0.83,N,VIIRS
49.66486,37.14204,332.83,0.44,0.46,2026-08-25,00:26:00,N,nominal,2.0NRT,281.18,3.58,N,VIIRS
49.66082,37.13966,302.67,0.44,0.46,2026-08-25,00:26:00,N,nominal,2.0NRT,279.49,0.76,N,VIIRS
49.65936,37.14553,297.56,0.44,0.46,2026-08-25,00:26:00,N,nominal,2.0NRT,280.48,0.59,N,VIIRS
51.0187,30.36802,323.93,0.4,0.37,2026-08-25,00:26:00,N,nominal,2.0NRT,285.71,1.35,N,VIIRS
51.01674,30.37905,330.1,0.4,0.37,2026-08-25,00:26:00,N,nominal,2.0NRT,286.08,7.75,N,VIIRS
51.01577,30.38455,367,0.4,0.37,2026-08-25,00:26:00,N,high,2.0NRT,294.36,7.75,N,VIIRS
51.01479,30.39007,356.06,0.4,0.37,2026-08-25,00:26:00,N,nominal,2.0NRT,296.84,6.55,N,VIIRS
51.01283,30.40111,336.1,0.4,0.37,2026-08-25,00:26:00,N,nominal,2.0NRT,289.12,2.05,N,VIIRS
51.01772,30.37353,306.49,0.4,0.37,2026-08-25,00:26:00,N,nominal,2.0NRT,285.35,1.35,N,VIIRS
51.01381,30.39559,311.96,0.4,0.37,2026-08-25,00:26:00,N,nominal,2.0NRT,284.6,6.55,N,VIIRS
51.01184,30.40663,300.55,0.4,0.37,2026-08-25,00:26:00,N,nominal,2.0NRT,285.51,2.05,N,VIIRS
51.02323,30.32246,324.14,0.4,0.37,2026-08-25,00:26:00,N,nominal,2.0NRT,285.62,1.29,N,VIIRS
51.00857,30.40516,340.29,0.4,0.37,2026-08-25,00:26:00,N,nominal,2.0NRT,292.06,3.63,N,VIIRS
51.02225,30.32797,306.45,0.4,0.37,2026-08-25,00:26:00,N,nominal,2.0NRT,285.73,1.29,N,VIIRS
51.01738,30.35552,300.03,0.4,0.37,2026-08-25,00:26:00,N,nominal,2.0NRT,285.35,1.4,N,VIIRS
51.00955,30.39964,319.94,0.4,0.37,2026-08-25,00:26:00,N,nominal,2.0NRT,288.35,3.63,N,VIIRS
51.00759,30.41069,304.13,0.4,0.37,2026-08-25,00:26:00,N,nominal,2.0NRT,285.35,1.68,N,VIIRS
51.01995,30.32101,310.62,0.4,0.37,2026-08-25,00:26:00,N,nominal,2.0NRT,283.55,1.29,N,VIIRS
51.01898,30.32652,300.34,0.4,0.37,2026-08-25,00:26:00,N,nominal,2.0NRT,285.03,1.29,N,VIIRS
51.01801,30.33202,305.71,0.4,0.37,2026-08-25,00:26:00,N,nominal,2.0NRT,284.08,0.88,N,VIIRS
51.21101,29.18607,323.88,0.39,0.36,2026-08-25,00:26:00,N,nominal,2.0NRT,281.37,2.81,N,VIIRS
51.00594,30.38017,328.55,0.4,0.37,2026-08-25,00:26:00,N,nominal,2.0NRT,287.49,3.34,N,VIIRS
51.00496,30.38568,313.25,0.4,0.37,2026-08-25,00:26:00,N,nominal,2.0NRT,285.18,2.12,N,VIIRS
51.20776,29.1847,329.19,0.39,0.36,2026-08-25,00:26:00,N,nominal,2.0NRT,281.08,2.81,N,VIIRS
51.00267,30.3787,328.12,0.4,0.37,2026-08-25,00:26:00,N,nominal,2.0NRT,284.47,3.34,N,VIIRS
51.00169,30.38422,321.38,0.4,0.37,2026-08-25,00:26:00,N,nominal,2.0NRT,285.08,2.12,N,VIIRS
51.00262,30.31922,298.76,0.4,0.37,2026-08-25,00:26:00,N,nominal,2.0NRT,284.32,0.92,N,VIIRS
50.99544,30.33979,295.88,0.4,0.37,2026-08-25,00:26:00,N,nominal,2.0NRT,281.69,0.55,N,VIIRS
51.18468,29.19813,296.17,0.39,0.36,2026-08-25,00:26:00,N,nominal,2.0NRT,281.24,0.86,N,VIIRS
51.18336,29.12239,300.06,0.39,0.36,2026-08-25,00:26:00,N,nominal,2.0NRT,282.21,1.67,N,VIIRS
49.48075,37.29057,313.85,0.45,0.47,2026-08-25,00:26:00,N,nominal,2.0NRT,280.39,1,N,VIIRS
49.23865,38.13731,295.09,0.5,0.49,2026-08-25,00:26:00,N,nominal,2.0NRT,282.1,0.57,N,VIIRS
49.08277,38.36997,299.94,0.52,0.5,2026-08-25,00:26:00,N,nominal,2.0NRT,285.51,1.66,N,VIIRS
49.07841,38.36756,338.14,0.52,0.5,2026-08-25,00:26:00,N,nominal,2.0NRT,286.86,4.89,N,VIIRS
49.08016,38.36097,297.59,0.52,0.5,2026-08-25,00:26:00,N,nominal,2.0NRT,281.25,2.96,N,VIIRS
48.98253,38.68822,337.97,0.54,0.5,2026-08-25,00:26:00,N,nominal,2.0NRT,286.29,7.16,N,VIIRS
48.98067,38.6951,331.27,0.54,0.5,2026-08-25,00:26:00,N,nominal,2.0NRT,283.31,7.16,N,VIIRS
48.97813,38.68566,328.81,0.54,0.5,2026-08-25,00:26:00,N,nominal,2.0NRT,281.6,7.16,N,VIIRS
48.97627,38.69253,328.05,0.54,0.5,2026-08-25,00:26:00,N,nominal,2.0NRT,281.7,7.16,N,VIIRS
49.08237,38.37057,298.28,0.52,0.5,2026-08-25,00:26:00,N,nominal,2.0NRT,285.63,2.93,N,VIIRS
49.07802,38.36815,334.82,0.52,0.5,2026-08-25,00:26:00,N,nominal,2.0NRT,286.38,2.93,N,VIIRS
49.07973,38.36154,309.09,0.52,0.5,2026-08-25,00:26:00,N,nominal,2.0NRT,281.52,2.93,N,VIIRS
50.16722,33.70801,300.45,0.49,0.4,2026-08-25,00:26:00,N,nominal,2.0NRT,285.48,1.29,N,VIIRS
48.98372,38.69005,324.73,0.54,0.5,2026-08-25,00:26:00,N,nominal,2.0NRT,284.05,3.67,N,VIIRS
48.97825,38.71078,299.31,0.54,0.51,2026-08-25,00:26:00,N,nominal,2.0NRT,281.78,1.48,N,VIIRS
48.97934,38.68745,338.32,0.54,0.5,2026-08-25,00:26:00,N,nominal,2.0NRT,286.09,16.4,N,VIIRS
48.97751,38.69434,326.74,0.54,0.51,2026-08-25,00:26:00,N,nominal,2.0NRT,282.78,7.85,N,VIIRS
48.85573,39.07382,305.56,0.56,0.51,2026-08-25,00:26:00,N,nominal,2.0NRT,282.13,1.52,N,VIIRS
49.47437,36.54479,300.6,0.42,0.46,2026-08-25,00:26:00,N,nominal,2.0NRT,282.26,0.71,N,VIIRS
51.21073,27.22894,302.21,0.39,0.36,2026-08-25,00:26:00,N,nominal,2.0NRT,281.12,1.37,N,VIIRS
48.95957,38.21295,305.86,0.51,0.5,2026-08-25,00:26:00,N,nominal,2.0NRT,282.3,2.21,N,VIIRS
48.9578,38.21973,295.89,0.51,0.5,2026-08-25,00:26:00,N,nominal,2.0NRT,281.44,0.93,N,VIIRS
48.98657,37.8073,295.92,0.49,0.49,2026-08-25,00:26:00,N,nominal,2.0NRT,282.63,1.09,N,VIIRS
48.92336,37.77797,300.28,0.49,0.49,2026-08-25,00:26:00,N,nominal,2.0NRT,280.71,0.83,N,VIIRS
48.89438,37.70194,296.83,0.49,0.49,2026-08-25,00:26:00,N,nominal,2.0NRT,282.59,0.68,N,VIIRS
48.1959,37.69112,298.09,0.51,0.49,2026-08-25,00:28:00,N,nominal,2.0NRT,283.19,1.52,N,VIIRS
48.49974,36.65872,301.25,0.45,0.47,2026-08-25,00:28:00,N,nominal,2.0NRT,280.68,0.87,N,VIIRS
50.54285,26.26019,317.16,0.39,0.37,2026-08-25,00:28:00,N,nominal,2.0NRT,284.82,1.41,N,VIIRS
50.54616,26.26137,296.45,0.39,0.37,2026-08-25,00:28:00,N,nominal,2.0NRT,283.46,1.41,N,VIIRS
47.49621,36.65627,312.29,0.48,0.48,2026-08-25,00:28:00,N,nominal,2.0NRT,281.52,1.39,N,VIIRS
47.83123,35.44355,308.12,0.42,0.45,2026-08-25,00:28:00,N,nominal,2.0NRT,281.44,0.58,N,VIIRS
47.67617,36.72923,300.05,0.48,0.48,2026-08-25,00:28:00,N,nominal,2.0NRT,280.57,0.48,N,VIIRS
47.44462,37.65837,299.32,0.54,0.5,2026-08-25,00:28:00,N,nominal,2.0NRT,284.42,0.71,N,VIIRS
47.92088,35.7851,308.97,0.43,0.46,2026-08-25,00:28:00,N,nominal,2.0NRT,280.19,3.6,N,VIIRS
47.91953,35.79063,337.79,0.43,0.46,2026-08-25,00:28:00,N,nominal,2.0NRT,281.6,3.67,N,VIIRS
47.92355,35.7928,317.78,0.43,0.46,2026-08-25,00:28:00,N,nominal,2.0NRT,279.08,1.32,N,VIIRS
47.92492,35.78722,296.63,0.43,0.46,2026-08-25,00:28:00,N,nominal,2.0NRT,280.09,0.87,N,VIIRS
48.13483,35.38489,327.82,0.41,0.45,2026-08-25,00:28:00,N,nominal,2.0NRT,282.51,3.34,N,VIIRS
48.07321,35.82906,298.42,0.43,0.46,2026-08-25,00:28:00,N,nominal,2.0NRT,282.16,0.33,N,VIIRS
48.07454,35.82352,303.33,0.43,0.46,2026-08-25,00:28:00,N,nominal,2.0NRT,282.6,0.98,N,VIIRS
48.03395,36.32316,301.24,0.45,0.47,2026-08-25,00:28:00,N,nominal,2.0NRT,282.76,0.87,N,VIIRS
48.47106,34.63315,299.17,0.57,0.43,2026-08-25,00:28:00,N,nominal,2.0NRT,286.76,1.17,N,VIIRS
48.47273,34.62583,295.58,0.57,0.43,2026-08-25,00:28:00,N,nominal,2.0NRT,285.3,0.74,N,VIIRS
47.9732,36.75644,296.88,0.47,0.48,2026-08-25,00:28:00,N,nominal,2.0NRT,281.02,0.37,N,VIIRS
47.75108,37.72484,300.87,0.53,0.5,2026-08-25,00:28:00,N,nominal,2.0NRT,282.8,1.03,N,VIIRS
47.7528,37.71819,308.39,0.53,0.5,2026-08-25,00:28:00,N,nominal,2.0NRT,283.99,1.97,N,VIIRS
47.74981,37.72313,308.15,0.53,0.5,2026-08-25,00:28:00,N,nominal,2.0NRT,282.93,1.3,N,VIIRS
47.75155,37.71653,301.08,0.53,0.5,2026-08-25,00:28:00,N,nominal,2.0NRT,283.19,1.3,N,VIIRS
48.51966,34.63325,296.18,0.57,0.43,2026-08-25,00:28:00,N,nominal,2.0NRT,284.87,0.54,N,VIIRS
48.18112,36.07315,301,0.44,0.46,2026-08-25,00:28:00,N,nominal,2.0NRT,281.33,0.96,N,VIIRS
48.21965,38.09066,301.5,0.53,0.5,2026-08-25,00:28:00,N,nominal,2.0NRT,282.28,0.76,N,VIIRS
48.05704,37.95482,299.76,0.53,0.5,2026-08-25,00:28:00,N,nominal,2.0NRT,285.67,1.08,N,VIIRS
48.53485,34.64116,300.24,0.57,0.43,2026-08-25,00:28:00,N,nominal,2.0NRT,289,2.68,N,VIIRS
49.0064,32.683839999999996,314.25,0.47,0.4,2026-08-25,00:28:00,N,nominal,2.0NRT,283.81,2.2,N,VIIRS
47.8521,37.84571,295.57,0.53,0.5,2026-08-25,00:28:00,N,nominal,2.0NRT,281.32,0.8,N,VIIRS
50.27188,26.0652,295.86,0.4,0.37,2026-08-25,00:28:00,N,nominal,2.0NRT,281.75,0.54,N,VIIRS
48.41425,36.17869,301.34,0.44,0.46,2026-08-25,00:28:00,N,nominal,2.0NRT,279.69,1.05,N,VIIRS
48.41828,36.18093,299.88,0.44,0.46,2026-08-25,00:28:00,N,nominal,2.0NRT,280.32,1.05,N,VIIRS
47.83314,38.47744,300.63,0.57,0.52,2026-08-25,00:28:00,N,nominal,2.0NRT,286.63,1.43,N,VIIRS
48.21662,38.08799,307.27,0.53,0.5,2026-08-25,00:28:00,N,nominal,2.0NRT,280.88,1.71,N,VIIRS
46.98748,37.342529999999996,302.15,0.53,0.5,2026-08-25,00:28:00,N,nominal,2.0NRT,281.88,1.01,N,VIIRS
47.27137,36.13769,297.48,0.47,0.47,2026-08-25,00:28:00,N,nominal,2.0NRT,283.87,0.71,N,VIIRS
47.36352,35.41443,295.27,0.43,0.46,2026-08-25,00:28:00,N,nominal,2.0NRT,281.67,0.56,N,VIIRS
47.30983,35.35485,295.65,0.43,0.46,2026-08-25,00:28:00,N,nominal,2.0NRT,282.73,0.32,N,VIIRS
46.90638,36.9502,298.44,0.52,0.5,2026-08-25,00:28:00,N,nominal,2.0NRT,283.97,0.71,N,VIIRS
47.3609,34.89438,301.28,0.41,0.45,2026-08-25,00:28:00,N,nominal,2.0NRT,282.89,1.13,N,VIIRS
47.35967,34.89961,310.8,0.41,0.45,2026-08-25,00:28:00,N,nominal,2.0NRT,284,0.97,N,VIIRS
47.16951,35.68972,307.75,0.45,0.47,2026-08-25,00:28:00,N,nominal,2.0NRT,283.66,1.77,N,VIIRS
46.83352,36.83086,306.47,0.51,0.5,2026-08-25,00:28:00,N,nominal,2.0NRT,282.11,1.36,N,VIIRS
46.83189,36.83729,298.49,0.51,0.5,2026-08-25,00:28:00,N,nominal,2.0NRT,281.89,0.74,N,VIIRS
46.92179,36.38526,306.04,0.49,0.48,2026-08-25,00:28:00,N,nominal,2.0NRT,283.9,1,N,VIIRS
47.00462,36.03376,297.34,0.47,0.48,2026-08-25,00:28:00,N,nominal,2.0NRT,281.48,0.66,N,VIIRS
46.85353,36.5598,299.04,0.5,0.49,2026-08-25,00:28:00,N,nominal,2.0NRT,283.85,1.02,N,VIIRS
44.77361,33.86185,310.88,0.43,0.46,2026-08-25,00:28:00,N,nominal,2.0NRT,287.66,1.7,N,VIIRS
44.53523,34.13006,314.91,0.45,0.47,2026-08-25,00:28:00,N,nominal,2.0NRT,289.54,1.95,N,VIIRS
44.53142,34.12687,306.64,0.45,0.47,2026-08-25,00:28:00,N,nominal,2.0NRT,287.18,3.14,N,VIIRS
44.52726,34.12517,339.27,0.45,0.47,2026-08-25,00:28:00,N,nominal,2.0NRT,290.47,3.14,N,VIIRS
48.18488,23.03067,299.83,0.44,0.38,2026-08-25,00:28:00,N,nominal,2.0NRT,287.56,38.68,N,VIIRS
48.18137,23.02957,339.07,0.44,0.38,2026-08-25,00:28:00,N,nominal,2.0NRT,313.5,38.68,N,VIIRS
48.17859,23.02263,353,0.44,0.38,2026-08-25,00:28:00,N,nominal,2.0NRT,300.46,11.4,N,VIIRS
48.17786,23.02857,344.82,0.44,0.38,2026-08-25,00:28:00,N,nominal,2.0NRT,294.47,11.4,N,VIIRS
48.17507,23.02166,300.19,0.44,0.38,2026-08-25,00:28:00,N,nominal,2.0NRT,287.74,11.4,N,VIIRS
47.06521,35.69266,297.9,0.45,0.47,2026-08-25,00:28:00,N,nominal,2.0NRT,282.3,0.55,N,VIIRS
47.00004,35.9382,302.87,0.46,0.47,2026-08-25,00:28:00,N,nominal,2.0NRT,282.76,0.36,N,VIIRS
48.22811,30.24248,295.96,0.42,0.37,2026-08-25,00:28:00,N,nominal,2.0NRT,284.26,0.31,N,VIIRS
45.35335,36.27698,353.66,0.53,0.5,2026-08-25,00:28:00,N,nominal,2.0NRT,299.84,34.12,N,VIIRS
45.35501,36.27049,297.9,0.53,0.5,2026-08-25,00:28:00,N,nominal,2.0NRT,286.82,34.12,N,VIIRS
46.79889,36.65906,330.39,0.5,0.49,2026-08-25,00:28:00,N,nominal,2.0NRT,285.93,2.8,N,VIIRS
46.7946,36.6567,300.9,0.5,0.49,2026-08-25,00:28:00,N,nominal,2.0NRT,285.2,0.99,N,VIIRS
47.15173,35.20512,300.28,0.43,0.46,2026-08-25,00:28:00,N,nominal,2.0NRT,280.96,0.44,N,VIIRS
46.80489,36.59764,312.89,0.5,0.49,2026-08-25,00:28:00,N,nominal,2.0NRT,284.57,1.48,N,VIIRS
46.80326,36.59707,317.91,0.5,0.49,2026-08-25,00:28:00,N,nominal,2.0NRT,284.87,1.86,N,VIIRS
46.85333,36.30023,295.9,0.49,0.48,2026-08-25,00:28:00,N,nominal,2.0NRT,284.26,0.52,N,VIIRS
47.24522,34.61346,307.65,0.4,0.44,2026-08-25,00:28:00,N,nominal,2.0NRT,283.96,1.1,N,VIIRS
48.74744,26.60406,298.08,0.39,0.36,2026-08-25,00:28:00,N,nominal,2.0NRT,285.29,0.96,N,VIIRS
46.85688,36.05656,296.64,0.47,0.48,2026-08-25,00:28:00,N,nominal,2.0NRT,283.47,0.29,N,VIIRS
46.85895,36.01029,303.15,0.47,0.48,2026-08-25,00:28:00,N,nominal,2.0NRT,285.46,1.07,N,VIIRS
46.85476,36.00812,298.5,0.47,0.48,2026-08-25,00:28:00,N,nominal,2.0NRT,285.24,0.67,N,VIIRS
48.97651,24.70844,315.14,0.41,0.37,2026-08-25,00:28:00,N,nominal,2.0NRT,286.59,1.68,N,VIIRS
48.97689,24.71258,311.82,0.41,0.37,2026-08-25,00:28:00,N,nominal,2.0NRT,286.78,2.43,N,VIIRS
46.7337,36.34645,326.94,0.49,0.49,2026-08-25,00:28:00,N,nominal,2.0NRT,286.36,4.03,N,VIIRS
46.73214,36.35266,298.9,0.49,0.49,2026-08-25,00:28:00,N,nominal,2.0NRT,283.97,2.16,N,VIIRS
46.96196,35.39482,302.41,0.44,0.46,2026-08-25,00:28:00,N,nominal,2.0NRT,285.21,1.19,N,VIIRS
47.09825,34.76244,299.33,0.41,0.45,2026-08-25,00:28:00,N,nominal,2.0NRT,282.28,0.82,N,VIIRS
46.74785,35.98381,297.04,0.47,0.48,2026-08-25,00:28:00,N,nominal,2.0NRT,283.77,0.79,N,VIIRS
46.74365,35.98162,298.72,0.47,0.48,2026-08-25,00:28:00,N,nominal,2.0NRT,283.66,0.79,N,VIIRS
46.74391,35.96166,296.42,0.47,0.48,2026-08-25,00:28:00,N,nominal,2.0NRT,283.7,0.9,N,VIIRS
46.73824,35.96537,303.46,0.47,0.48,2026-08-25,00:28:00,N,nominal,2.0NRT,283.74,0.9,N,VIIRS
46.81255,35.56434,295.77,0.45,0.47,2026-08-25,00:28:00,N,nominal,2.0NRT,283.14,0.5,N,VIIRS
46.81669,35.47081,295.14,0.45,0.47,2026-08-25,00:28:00,N,nominal,2.0NRT,283.62,0.23,N,VIIRS
46.67259,36.05895,303.39,0.48,0.48,2026-08-25,00:28:00,N,nominal,2.0NRT,284.46,1.33,N,VIIRS
47.0355,34.45306,295.84,0.4,0.44,2026-08-25,00:28:00,N,nominal,2.0NRT,282.46,0.53,N,VIIRS
47.11238,34.10064,298,0.39,0.44,2026-08-25,00:28:00,N,nominal,2.0NRT,284.99,0.77,N,VIIRS
46.79792,35.09901,296.83,0.43,0.46,2026-08-25,00:28:00,N,nominal,2.0NRT,283.59,0.58,N,VIIRS
47.99867,29.22047,297.65,0.4,0.37,2026-08-25,00:28:00,N,nominal,2.0NRT,284.13,0.45,N,VIIRS
46.76977,35.10306,318.67,0.43,0.46,2026-08-25,00:28:00,N,nominal,2.0NRT,284.83,1.71,N,VIIRS
47.80777,30.17984,299.04,0.42,0.38,2026-08-25,00:28:00,N,nominal,2.0NRT,283.51,0.68,N,VIIRS
47.80543,30.173,299.48,0.42,0.38,2026-08-25,00:28:00,N,nominal,2.0NRT,284.59,0.41,N,VIIRS
46.69969,35.01768,302.7,0.43,0.46,2026-08-25,00:28:00,N,nominal,2.0NRT,283.24,0.89,N,VIIRS
46.53452,35.568,295.38,0.46,0.47,2026-08-25,00:28:00,N,nominal,2.0NRT,283.7,0.59,N,VIIRS
46.75071,34.46365,298.06,0.41,0.45,2026-08-25,00:28:00,N,nominal,2.0NRT,283.29,0.55,N,VIIRS
46.5031,35.48734,295.8,0.46,0.47,2026-08-25,00:28:00,N,nominal,2.0NRT,284.35,0.53,N,VIIRS
46.49897,35.48523,300.83,0.46,0.47,2026-08-25,00:28:00,N,nominal,2.0NRT,284.58,0.53,N,VIIRS
46.50233,35.48665,304.63,0.46,0.47,2026-08-25,00:28:00,N,nominal,2.0NRT,284.47,1.36,N,VIIRS
48.63846,23.46498,299.72,0.43,0.38,2026-08-25,00:28:00,N,nominal,2.0NRT,282.85,0.72,N,VIIRS
46.39199,35.00018,300.11,0.44,0.46,2026-08-25,00:28:00,N,nominal,2.0NRT,284.24,0.5,N,VIIRS
46.18378,34.47993,296.33,0.42,0.45,2026-08-25,00:28:00,N,nominal,2.0NRT,283.04,0.43,N,VIIRS
46.17978,34.47798,301.48,0.42,0.45,2026-08-25,00:28:00,N,nominal,2.0NRT,284.46,0.43,N,VIIRS
46.18329,34.47691,299.26,0.42,0.45,2026-08-25,00:28:00,N,nominal,2.0NRT,283.83,0.51,N,VIIRS
46.18206,34.482170000000004,297.21,0.42,0.45,2026-08-25,00:28:00,N,nominal,2.0NRT,283.07,0.21,N,VIIRS
47.32386,36.19193,298.28,0.47,0.48,2026-08-25,00:28:00,N,nominal,2.0NRT,282.7,0.63,N,VIIRS
47.31142,36.2997,296.94,0.47,0.48,2026-08-25,00:28:00,N,nominal,2.0NRT,281.79,0.54,N,VIIRS
47.2532,36.87039,296.18,0.5,0.49,2026-08-25,00:28:00,N,nominal,2.0NRT,283.21,0.82,N,VIIRS
47.25483,36.86397,300.61,0.5,0.49,2026-08-25,00:28:00,N,nominal,2.0NRT,283.15,0.82,N,VIIRS
47.70547,35.21445,295.66,0.42,0.45,2026-08-25,00:28:00,N,nominal,2.0NRT,283.41,0.34,N,VIIRS
48.10009,37.92511,295.61,0.53,0.5,2026-08-25,00:28:00,N,nominal,2.0NRT,285.14,0.82,N,VIIRS
48.18821,37.70173,314.02,0.51,0.5,2026-08-25,00:28:00,N,nominal,2.0NRT,282,1.96,N,VIIRS
50.54355,26.25935,301.04,0.75,0.77,2026-08-25,02:06:00,N,nominal,2.0NRT,280.23,2.08,N,VIIRS
48.18361,23.02911,354.39,0.7,0.75,2026-08-25,02:09:00,N,nominal,2.0NRT,284.99,8.91,N,VIIRS
48.18034,23.03765,308.53,0.7,0.75,2026-08-25,02:09:00,N,nominal,2.0NRT,280.37,8.91,N,VIIRS
48.17718,23.02474,367,0.7,0.75,2026-08-25,02:09:00,N,high,2.0NRT,286.96,8.91,N,VIIRS
48.18045,23.01617,298.48,0.7,0.75,2026-08-25,02:09:00,N,nominal,2.0NRT,279.83,16.43,N,VIIRS
48.17392,23.03323,300.72,0.7,0.75,2026-08-25,02:09:00,N,nominal,2.0NRT,281.11,8.91,N,VIIRS
48.18283,23.03402,353.6,0.7,0.75,2026-08-25,02:09:00,N,nominal,2.0NRT,283.63,7.35,N,VIIRS
48.18604,23.02549,298.1,0.7,0.75,2026-08-25,02:09:00,N,nominal,2.0NRT,279.48,7.35,N,VIIRS
48.17636,23.02977,354.16,0.7,0.75,2026-08-25,02:09:00,N,nominal,2.0NRT,284.53,25.26,N,VIIRS
44.53204,34.12761,349.96,0.43,0.46,2026-08-25,10:11:00,N,nominal,2.0NRT,296.28,10.51,D,VIIRS
44.53297,34.13161,349.19,0.43,0.46,2026-08-25,10:11:00,N,nominal,2.0NRT,294.89,11.08,D,VIIRS
44.53145,34.12548,335.64,0.43,0.46,2026-08-25,10:11:00,N,nominal,2.0NRT,292.26,4.97,D,VIIRS
44.53238,34.12953,353.63,0.43,0.46,2026-08-25,10:11:00,N,nominal,2.0NRT,297.89,17.68,D,VIIRS
46.65239,32.5453,352.88,0.45,0.47,2026-08-25,10:13:00,N,nominal,2.0NRT,307.55,9.02,D,VIIRS
47.52274,36.5596,333.47,0.46,0.39,2026-08-25,10:13:00,N,nominal,2.0NRT,307.23,2.27,D,VIIRS
47.52391,36.56547,347.49,0.46,0.39,2026-08-25,10:13:00,N,nominal,2.0NRT,309.63,9.75,D,VIIRS
47.54372,36.66549,337.61,0.45,0.39,2026-08-25,10:13:00,N,nominal,2.0NRT,306.56,2.9,D,VIIRS
47.54024,36.66698,343.15,0.45,0.39,2026-08-25,10:13:00,N,nominal,2.0NRT,313.39,75.15,D,VIIRS
47.53677,36.66848,367,0.45,0.39,2026-08-25,10:13:00,N,low,2.0NRT,328.73,75.15,D,VIIRS
47.53328,36.66997,335.89,0.45,0.39,2026-08-25,10:13:00,N,low,2.0NRT,309.12,10.84,D,VIIRS
46.88353,33.67408,344.73,0.4,0.44,2026-08-25,10:13:00,N,nominal,2.0NRT,308.72,6.63,D,VIIRS
47.3802,36.00165,346.46,0.48,0.4,2026-08-25,10:13:00,N,nominal,2.0NRT,310.38,11.15,D,VIIRS
46.71793,33.06728,336.34,0.42,0.45,2026-08-25,10:13:00,N,low,2.0NRT,307.03,4.85,D,VIIRS
47.22721,35.40921,344.6,0.5,0.41,2026-08-25,10:13:00,N,nominal,2.0NRT,311.29,11.42,D,VIIRS
47.23126,35.42856,339.83,0.5,0.41,2026-08-25,10:13:00,N,low,2.0NRT,313.46,6.28,D,VIIRS
47.43065,36.407470000000004,332.4,0.46,0.39,2026-08-25,10:13:00,N,low,2.0NRT,307.22,1.8,D,VIIRS
47.22762,35.4302,349.03,0.5,0.41,2026-08-25,10:13:00,N,nominal,2.0NRT,313.92,6.28,D,VIIRS
46.7383,33.34581,348,0.41,0.45,2026-08-25,10:13:00,N,nominal,2.0NRT,305.59,7.27,D,VIIRS
46.4668,32.22867,343.5,0.47,0.47,2026-08-25,10:13:00,N,nominal,2.0NRT,303.44,4.03,D,VIIRS
51.20768,29.18536,342.41,0.46,0.47,2026-08-25,10:13:00,N,nominal,2.0NRT,300.87,10.48,D,VIIRS
51.20609,29.17908,344.73,0.46,0.47,2026-08-25,10:13:00,N,nominal,2.0NRT,301.75,10.48,D,VIIRS
50.0825,24.83536,342.55,0.37,0.58,2026-08-25,10:13:00,N,nominal,2.0NRT,291.22,3.22,D,VIIRS
49.37702,38.04885,347.55,0.4,0.37,2026-08-25,10:13:00,N,nominal,2.0NRT,305.18,11.86,D,VIIRS
49.37276,38.04481,336.57,0.4,0.37,2026-08-25,10:13:00,N,nominal,2.0NRT,303.8,11.86,D,VIIRS
49.37372,38.05023,351.92,0.4,0.37,2026-08-25,10:13:00,N,nominal,2.0NRT,308.92,11.86,D,VIIRS
49.32413,37.79105,334.91,0.4,0.37,2026-08-25,10:13:00,N,low,2.0NRT,308.3,1.59,D,VIIRS
49.32081,37.79245,332.26,0.4,0.37,2026-08-25,10:13:00,N,low,2.0NRT,304.14,1.59,D,VIIRS
49.21994,37.27705,332.55,0.42,0.37,2026-08-25,10:13:00,N,nominal,2.0NRT,300.91,3.69,D,VIIRS
48.89996,35.65842,347.87,0.46,0.39,2026-08-25,10:13:00,N,nominal,2.0NRT,308.33,10.86,D,VIIRS
49.3376,37.96643,347.54,0.4,0.37,2026-08-25,10:13:00,N,nominal,2.0NRT,308.29,4.09,D,VIIRS
49.33856,37.97183,341.27,0.4,0.37,2026-08-25,10:13:00,N,nominal,2.0NRT,304.54,4.09,D,VIIRS
48.89523,35.65394,344.48,0.46,0.39,2026-08-25,10:13:00,N,nominal,2.0NRT,319.44,51.95,D,VIIRS
48.89646,35.66006,345.51,0.46,0.39,2026-08-25,10:13:00,N,nominal,2.0NRT,312.87,38.59,D,VIIRS
49.33525,37.97319,346.93,0.4,0.37,2026-08-25,10:13:00,N,nominal,2.0NRT,310.88,6.26,D,VIIRS
49.33621,37.97858,337.44,0.4,0.37,2026-08-25,10:13:00,N,nominal,2.0NRT,307.12,3.94,D,VIIRS
49.33717,37.98397,335.82,0.4,0.37,2026-08-25,10:13:00,N,nominal,2.0NRT,305.77,3.94,D,VIIRS
49.33385,37.98534,348.49,0.4,0.37,2026-08-25,10:13:00,N,nominal,2.0NRT,304.26,3.94,D,VIIRS
46.55467,32.58992,331.5,0.45,0.47,2026-08-25,10:13:00,N,nominal,2.0NRT,302,4.38,D,VIIRS
46.99062,34.5159,342.35,0.55,0.43,2026-08-25,10:13:00,N,nominal,2.0NRT,309.44,6.42,D,VIIRS
46.98531,34.51067,341.61,0.55,0.43,2026-08-25,10:13:00,N,nominal,2.0NRT,313.06,9.37,D,VIIRS
46.98685,34.51766,340.5,0.55,0.43,2026-08-25,10:13:00,N,nominal,2.0NRT,310.77,9.37,D,VIIRS
47.66698,37.87045,349.22,0.42,0.38,2026-08-25,10:13:00,N,nominal,2.0NRT,309.55,6.83,D,VIIRS
47.56481,37.34636,334.34,0.43,0.38,2026-08-25,10:13:00,N,low,2.0NRT,307.05,2.6,D,VIIRS
47.66362,37.87184,338.01,0.42,0.38,2026-08-25,10:13:00,N,low,2.0NRT,308.82,6.83,D,VIIRS
46.61765,32.96658,343.71,0.43,0.46,2026-08-25,10:13:00,N,nominal,2.0NRT,308.58,3.3,D,VIIRS
47.32951,36.19028,337.55,0.47,0.4,2026-08-25,10:13:00,N,low,2.0NRT,310.84,5.8,D,VIIRS
47.65586,37.86908,332.46,0.42,0.38,2026-08-25,10:13:00,N,low,2.0NRT,304.52,3.01,D,VIIRS
46.44614,32.27848,346.58,0.46,0.47,2026-08-25,10:13:00,N,nominal,2.0NRT,305.82,10.88,D,VIIRS
47.32597,36.1918,340.88,0.47,0.4,2026-08-25,10:13:00,N,low,2.0NRT,314.08,7.99,D,VIIRS
46.61853,32.96716,342.58,0.43,0.46,2026-08-25,10:13:00,N,nominal,2.0NRT,307.5,3.34,D,VIIRS
46.44639,32.27886,349.59,0.47,0.47,2026-08-25,10:13:00,N,nominal,2.0NRT,305.91,16.02,D,VIIRS
47.31885,36.24828,339.08,0.47,0.4,2026-08-25,10:13:00,N,nominal,2.0NRT,307.92,9.11,D,VIIRS
46.58083,32.86397,344.38,0.44,0.46,2026-08-25,10:13:00,N,nominal,2.0NRT,304.66,2.38,D,VIIRS
47.31532,36.24983,341.69,0.47,0.4,2026-08-25,10:13:00,N,low,2.0NRT,313.73,9.11,D,VIIRS
46.44786,32.32388,338.67,0.46,0.47,2026-08-25,10:13:00,N,nominal,2.0NRT,306.48,11.46,D,VIIRS
46.44926,32.32969,347.66,0.46,0.47,2026-08-25,10:13:00,N,nominal,2.0NRT,310.04,21.33,D,VIIRS
46.44789,32.34344,341.26,0.46,0.47,2026-08-25,10:13:00,N,nominal,2.0NRT,309.46,6.51,D,VIIRS
47.85893,39.24905,343.28,0.39,0.36,2026-08-25,10:13:00,N,nominal,2.0NRT,305.89,11.18,D,VIIRS
47.85564,39.25028,345.04,0.39,0.36,2026-08-25,10:13:00,N,nominal,2.0NRT,311.4,11.18,D,VIIRS
46.39904,32.29639,344.41,0.47,0.47,2026-08-25,10:13:00,N,nominal,2.0NRT,307.73,6.38,D,VIIRS
47.18753,35.82968,337.36,0.49,0.4,2026-08-25,10:13:00,N,low,2.0NRT,312.17,3.36,D,VIIRS
47.48168,37.41222,347.5,0.43,0.38,2026-08-25,10:13:00,N,nominal,2.0NRT,308.14,4.65,D,VIIRS
47.47932,37.41919,343.96,0.43,0.38,2026-08-25,10:13:00,N,nominal,2.0NRT,307.02,2.28,D,VIIRS
46.34273,32.2394,330.47,0.47,0.48,2026-08-25,10:13:00,N,low,2.0NRT,304.35,2.56,D,VIIRS
46.33854,32.24152,339.49,0.47,0.48,2026-08-25,10:13:00,N,nominal,2.0NRT,306.64,2.56,D,VIIRS
46.9063,34.75277,338.61,0.54,0.42,2026-08-25,10:13:00,N,low,2.0NRT,313.27,3.94,D,VIIRS
46.80777,34.328,339.51,0.56,0.43,2026-08-25,10:13:00,N,low,2.0NRT,312.39,10.21,D,VIIRS
46.90255,34.75448,345,0.54,0.42,2026-08-25,10:13:00,N,nominal,2.0NRT,310.97,5.89,D,VIIRS
46.90584,34.7537,351.37,0.54,0.42,2026-08-25,10:13:00,N,nominal,2.0NRT,312.96,9.95,D,VIIRS
46.80928,34.32774,342.22,0.56,0.43,2026-08-25,10:13:00,N,nominal,2.0NRT,309.19,11.77,D,VIIRS
46.29545,32.23884,330.32,0.47,0.48,2026-08-25,10:13:00,N,low,2.0NRT,304.5,1.06,D,VIIRS
47.4496,37.65502,344.56,0.43,0.38,2026-08-25,10:13:00,N,nominal,2.0NRT,307.14,3.37,D,VIIRS
46.53349,33.29786,331.02,0.42,0.45,2026-08-25,10:13:00,N,low,2.0NRT,302.64,5.09,D,VIIRS
46.5295,33.29982,354.1,0.42,0.45,2026-08-25,10:13:00,N,nominal,2.0NRT,310.89,82.16,D,VIIRS
46.52795,33.31234,343.57,0.42,0.45,2026-08-25,10:13:00,N,low,2.0NRT,315.41,81.51,D,VIIRS
46.35305,32.59274,340.46,0.45,0.47,2026-08-25,10:13:00,N,nominal,2.0NRT,306.3,5.28,D,VIIRS
46.35441,32.59842,338.97,0.45,0.47,2026-08-25,10:13:00,N,nominal,2.0NRT,304.69,5.28,D,VIIRS
46.77225,34.40796,347.97,0.56,0.43,2026-08-25,10:13:00,N,nominal,2.0NRT,314.38,14.15,D,VIIRS
46.34754,32.58913,338.01,0.45,0.47,2026-08-25,10:13:00,N,nominal,2.0NRT,306.15,5.31,D,VIIRS
46.63686,33.91858,348.84,0.39,0.44,2026-08-25,10:13:00,N,nominal,2.0NRT,308.97,5.07,D,VIIRS
46.64268,34.01975,336.09,0.39,0.44,2026-08-25,10:13:00,N,low,2.0NRT,307.14,18.8,D,VIIRS
46.63768,34.01668,339.09,0.39,0.44,2026-08-25,10:13:00,N,nominal,2.0NRT,308.54,18.8,D,VIIRS
46.6388,34.02159,351.13,0.39,0.44,2026-08-25,10:13:00,N,nominal,2.0NRT,318.03,18.8,D,VIIRS
46.93754,35.37741,337.48,0.51,0.41,2026-08-25,10:13:00,N,low,2.0NRT,308.59,9.78,D,VIIRS
45.53521,29.64823,367,0.32,0.55,2026-08-25,10:13:00,N,high,2.0NRT,294.61,26.68,D,VIIRS
47.05012,35.93224,344.58,0.49,0.4,2026-08-25,10:13:00,N,nominal,2.0NRT,313.41,8.09,D,VIIRS
47.04653,35.9338,340.75,0.49,0.4,2026-08-25,10:13:00,N,nominal,2.0NRT,310.65,8.09,D,VIIRS
47.43774,37.9428,338.15,0.42,0.38,2026-08-25,10:13:00,N,low,2.0NRT,310.51,6.61,D,VIIRS
47.04904,35.93426,338.33,0.49,0.4,2026-08-25,10:13:00,N,low,2.0NRT,312.64,8.45,D,VIIRS
47.43681,37.94558,342.24,0.42,0.38,2026-08-25,10:13:00,N,nominal,2.0NRT,312.46,4.64,D,VIIRS
47.03467,35.94049,353.88,0.49,0.4,2026-08-25,10:13:00,N,nominal,2.0NRT,312.16,12.86,D,VIIRS
47.08462,36.18767,344.62,0.48,0.4,2026-08-25,10:13:00,N,nominal,2.0NRT,316.57,13.76,D,VIIRS
47.00297,35.80436,337.03,0.49,0.4,2026-08-25,10:13:00,N,low,2.0NRT,310.71,2.06,D,VIIRS
47.00426,35.81066,335.9,0.49,0.4,2026-08-25,10:13:00,N,low,2.0NRT,309.62,2.06,D,VIIRS
45.53656,29.64725,367,0.32,0.55,2026-08-25,10:13:00,N,high,2.0NRT,294.57,23.36,D,VIIRS
46.98464,35.79176,343.16,0.49,0.4,2026-08-25,10:13:00,N,nominal,2.0NRT,313.69,2.94,D,VIIRS
47.00937,35.93146,341.13,0.49,0.4,2026-08-25,10:13:00,N,low,2.0NRT,312.01,7.43,D,VIIRS
46.65639,34.31271,336.56,0.57,0.43,2026-08-25,10:13:00,N,low,2.0NRT,311.14,4.11,D,VIIRS
46.65798,34.31992,338.22,0.57,0.43,2026-08-25,10:13:00,N,low,2.0NRT,311.25,4.11,D,VIIRS
46.83673,35.14248,338.67,0.52,0.42,2026-08-25,10:13:00,N,low,2.0NRT,311.61,8.71,D,VIIRS
46.69192,34.49267,342.59,0.56,0.43,2026-08-25,10:13:00,N,nominal,2.0NRT,309.85,6.08,D,VIIRS
48.68439,34.84884,331.7,0.49,0.41,2026-08-25,10:13:00,N,low,2.0NRT,303.64,4.6,D,VIIRS
49.28551,37.99583,332.74,0.4,0.37,2026-08-25,10:13:00,N,low,2.0NRT,303.65,5.46,D,VIIRS
49.2956,38.11356,334.12,0.4,0.37,2026-08-25,10:13:00,N,nominal,2.0NRT,304.16,4.2,D,VIIRS
49.29655,38.11896,333.52,0.4,0.37,2026-08-25,10:13:00,N,nominal,2.0NRT,303.42,5.86,D,VIIRS
49.20644,37.77185,337.16,0.41,0.37,2026-08-25,10:13:00,N,low,2.0NRT,310.11,8.03,D,VIIRS
49.20311,37.7732,338.13,0.41,0.37,2026-08-25,10:13:00,N,nominal,2.0NRT,306.44,6.71,D,VIIRS
49.20372,37.79649,346.82,0.41,0.37,2026-08-25,10:13:00,N,nominal,2.0NRT,308.56,13.92,D,VIIRS
49.1294,37.54465,334.89,0.41,0.37,2026-08-25,10:13:00,N,low,2.0NRT,308.22,2.87,D,VIIRS
49.13344,37.56673,335.95,0.41,0.37,2026-08-25,10:13:00,N,low,2.0NRT,307.25,3.07,D,VIIRS
49.20442,37.95954,333.97,0.4,0.37,2026-08-25,10:13:00,N,low,2.0NRT,306.49,3.59,D,VIIRS
49.23803,38.14868,341.39,0.4,0.37,2026-08-25,10:13:00,N,nominal,2.0NRT,303.45,3,D,VIIRS
49.23804,38.15023,347.35,0.4,0.37,2026-08-25,10:13:00,N,nominal,2.0NRT,304.98,4.37,D,VIIRS
49.12634,37.54136,342.03,0.41,0.37,2026-08-25,10:13:00,N,nominal,2.0NRT,308.73,4.99,D,VIIRS
49.12734,37.5469,331.04,0.41,0.37,2026-08-25,10:13:00,N,low,2.0NRT,305.84,4.99,D,VIIRS
49.20243,37.96761,343.6,0.4,0.37,2026-08-25,10:13:00,N,nominal,2.0NRT,304.04,6.23,D,VIIRS
49.123,37.54278,343.8,0.41,0.37,2026-08-25,10:13:00,N,nominal,2.0NRT,306.66,5.81,D,VIIRS
49.124,37.54831,343.63,0.41,0.37,2026-08-25,10:13:00,N,nominal,2.0NRT,307.6,5.81,D,VIIRS
49.19817,37.9636,332.45,0.4,0.37,2026-08-25,10:13:00,N,low,2.0NRT,306.13,2.01,D,VIIRS
49.19912,37.96896,349.05,0.4,0.37,2026-08-25,10:13:00,N,nominal,2.0NRT,303.91,7.29,D,VIIRS
49.12066,37.54971,331.6,0.41,0.37,2026-08-25,10:13:00,N,low,2.0NRT,304.26,5.81,D,VIIRS
49.18502,38.00983,332.68,0.4,0.37,2026-08-25,10:13:00,N,nominal,2.0NRT,307.63,1.67,D,VIIRS
49.17081,38.00988,336.94,0.4,0.37,2026-08-25,10:13:00,N,nominal,2.0NRT,305.39,3.9,D,VIIRS
49.17802,38.0708,346.98,0.4,0.37,2026-08-25,10:13:00,N,nominal,2.0NRT,305,8.02,D,VIIRS
49.13769,38.02352,333,0.4,0.37,2026-08-25,10:13:00,N,low,2.0NRT,306.66,3.95,D,VIIRS
49.1473,38.07764,334.42,0.4,0.37,2026-08-25,10:13:00,N,nominal,2.0NRT,308.72,4.51,D,VIIRS
49.14825,38.08303,339.93,0.4,0.37,2026-08-25,10:13:00,N,low,2.0NRT,310.17,8.22,D,VIIRS
49.15015,38.09376,339.03,0.4,0.37,2026-08-25,10:13:00,N,nominal,2.0NRT,308.94,2.08,D,VIIRS
49.14494,38.08438,347.23,0.4,0.37,2026-08-25,10:13:00,N,nominal,2.0NRT,308.33,8.22,D,VIIRS
48.92157,37.02118,344.95,0.42,0.38,2026-08-25,10:13:00,N,nominal,2.0NRT,301.54,10.73,D,VIIRS
49.12037,38.10597,332.56,0.4,0.37,2026-08-25,10:13:00,N,low,2.0NRT,307.32,3.5,D,VIIRS
48.92056,37.02354,335.79,0.42,0.38,2026-08-25,10:13:00,N,nominal,2.0NRT,302.27,8.67,D,VIIRS
49.11876,38.12035,342.03,0.4,0.37,2026-08-25,10:13:00,N,nominal,2.0NRT,304.84,5.8,D,VIIRS
48.77481,36.29415,330.99,0.44,0.39,2026-08-25,10:13:00,N,low,2.0NRT,302.92,1.39,D,VIIRS
48.8878,36.94601,336.3,0.43,0.38,2026-08-25,10:13:00,N,low,2.0NRT,308,4.16,D,VIIRS
48.98315,37.73917,342.11,0.41,0.37,2026-08-25,10:13:00,N,nominal,2.0NRT,312.37,4.82,D,VIIRS
48.53571,35.43747,336.4,0.47,0.4,2026-08-25,10:13:00,N,nominal,2.0NRT,309.5,5.44,D,VIIRS
48.53698,35.44371,332.87,0.47,0.4,2026-08-25,10:13:00,N,nominal,2.0NRT,307.67,4.46,D,VIIRS
48.96124,37.6776,341.1,0.41,0.37,2026-08-25,10:13:00,N,nominal,2.0NRT,308.18,9.75,D,VIIRS
49.08042,38.36608,346.35,0.4,0.37,2026-08-25,10:13:00,N,nominal,2.0NRT,300.98,18.96,D,VIIRS
49.07711,38.36739,342.53,0.4,0.37,2026-08-25,10:13:00,N,nominal,2.0NRT,312.64,18.96,D,VIIRS
49.07475,38.37407,337.02,0.4,0.37,2026-08-25,10:13:00,N,nominal,2.0NRT,300.8,37.78,D,VIIRS
49.07381,38.3687,367,0.4,0.37,2026-08-25,10:13:00,N,high,2.0NRT,358.82,71.6,D,VIIRS
46.69348,34.49975,354.37,0.56,0.43,2026-08-25,10:13:00,N,nominal,2.0NRT,310.7,10.42,D,VIIRS
46.83303,35.14415,352.23,0.52,0.42,2026-08-25,10:13:00,N,nominal,2.0NRT,314.21,8.71,D,VIIRS
46.83587,35.15744,344.82,0.52,0.42,2026-08-25,10:13:00,N,nominal,2.0NRT,314.08,6.82,D,VIIRS
46.68968,34.50152,348.15,0.56,0.43,2026-08-25,10:13:00,N,nominal,2.0NRT,312.15,7.44,D,VIIRS
47.27409,37.36802,340.56,0.44,0.38,2026-08-25,10:13:00,N,low,2.0NRT,311.27,7.12,D,VIIRS
47.35269,37.84389,342.55,0.42,0.38,2026-08-25,10:13:00,N,nominal,2.0NRT,306.69,4.51,D,VIIRS
47.35371,37.84935,342.79,0.42,0.38,2026-08-25,10:13:00,N,low,2.0NRT,313.48,4.51,D,VIIRS
47.03555,36.30804,347.18,0.47,0.4,2026-08-25,10:13:00,N,nominal,2.0NRT,314.53,5.96,D,VIIRS
46.93342,35.8486,337.28,0.49,0.4,2026-08-25,10:13:00,N,low,2.0NRT,310.15,5.94,D,VIIRS
46.99868,36.16502,340.47,0.48,0.4,2026-08-25,10:13:00,N,nominal,2.0NRT,313.14,4.08,D,VIIRS
46.60949,34.40569,348.52,0.56,0.43,2026-08-25,10:13:00,N,nominal,2.0NRT,311.94,12.37,D,VIIRS
47.32301,37.93827,341.54,0.42,0.38,2026-08-25,10:13:00,N,nominal,2.0NRT,310.93,16.05,D,VIIRS
46.61107,34.40535,348.4,0.56,0.43,2026-08-25,10:13:00,N,nominal,2.0NRT,312.08,10.65,D,VIIRS
47.32169,37.94092,347.74,0.42,0.38,2026-08-25,10:13:00,N,nominal,2.0NRT,316.39,25.83,D,VIIRS
46.91581,35.88504,336.39,0.49,0.4,2026-08-25,10:13:00,N,low,2.0NRT,311,2.17,D,VIIRS
46.99693,36.28645,344.61,0.47,0.4,2026-08-25,10:13:00,N,nominal,2.0NRT,307.56,3.67,D,VIIRS
46.98973,36.26974,334.66,0.47,0.4,2026-08-25,10:13:00,N,low,2.0NRT,307.94,6.94,D,VIIRS
46.99337,36.28796,339.22,0.47,0.4,2026-08-25,10:13:00,N,nominal,2.0NRT,308.98,3.12,D,VIIRS
47.02254,36.56894,347.12,0.46,0.39,2026-08-25,10:13:00,N,nominal,2.0NRT,312.05,7.73,D,VIIRS
46.95279,36.25899,338.13,0.48,0.4,2026-08-25,10:13:00,N,nominal,2.0NRT,312.83,3.81,D,VIIRS
47.12391,37.14442,333.9,0.44,0.39,2026-08-25,10:13:00,N,low,2.0NRT,305.98,2.97,D,VIIRS
47.12502,37.15017,340.01,0.44,0.39,2026-08-25,10:13:00,N,nominal,2.0NRT,310,7.71,D,VIIRS
46.50897,34.25032,348.44,0.38,0.43,2026-08-25,10:13:00,N,nominal,2.0NRT,308.26,6.36,D,VIIRS
46.84711,35.81893,337.97,0.49,0.41,2026-08-25,10:13:00,N,low,2.0NRT,309.93,6.03,D,VIIRS
46.50788,34.24547,367,0.38,0.43,2026-08-25,10:13:00,N,high,2.0NRT,311.72,6.36,D,VIIRS
46.87975,35.99609,340.64,0.49,0.4,2026-08-25,10:13:00,N,low,2.0NRT,314.35,5.93,D,VIIRS
46.51181,34.30099,336.99,0.57,0.43,2026-08-25,10:13:00,N,low,2.0NRT,308.87,3.06,D,VIIRS
46.513420000000004,34.30822,344.87,0.57,0.43,2026-08-25,10:13:00,N,nominal,2.0NRT,309.1,5.95,D,VIIRS
46.91658,36.19508,337.73,0.48,0.4,2026-08-25,10:13:00,N,nominal,2.0NRT,310.59,3.29,D,VIIRS
47.14707,37.36152,347.36,0.44,0.38,2026-08-25,10:13:00,N,nominal,2.0NRT,312.71,7.8,D,VIIRS
46.88781,36.07335,345.51,0.48,0.4,2026-08-25,10:13:00,N,nominal,2.0NRT,314.51,9.12,D,VIIRS
47.14363,37.36292,345.28,0.44,0.38,2026-08-25,10:13:00,N,nominal,2.0NRT,312.84,11.46,D,VIIRS
46.87809,36.06406,344.97,0.48,0.4,2026-08-25,10:13:00,N,nominal,2.0NRT,313.09,6.35,D,VIIRS
46.58465,34.70482,337.6,0.55,0.43,2026-08-25,10:13:00,N,nominal,2.0NRT,311.71,5.41,D,VIIRS
46.5778,34.69264,338.66,0.55,0.43,2026-08-25,10:13:00,N,low,2.0NRT,312,5.38,D,VIIRS
46.92623,36.37567,340.47,0.47,0.4,2026-08-25,10:13:00,N,low,2.0NRT,311.79,5.42,D,VIIRS
46.84738,36.00994,338.57,0.49,0.4,2026-08-25,10:13:00,N,low,2.0NRT,313.04,5.12,D,VIIRS
46.79049,35.77482,335.9,0.5,0.41,2026-08-25,10:13:00,N,low,2.0NRT,309.49,3.32,D,VIIRS
46.79028,35.77528,338.29,0.5,0.41,2026-08-25,10:13:00,N,low,2.0NRT,309.58,4.22,D,VIIRS
46.56561,34.80471,342.23,0.55,0.42,2026-08-25,10:13:00,N,low,2.0NRT,312.38,23.52,D,VIIRS
46.56183,34.80645,348.29,0.55,0.42,2026-08-25,10:13:00,N,nominal,2.0NRT,318.57,23.52,D,VIIRS
47.12387,37.60705,337.23,0.43,0.38,2026-08-25,10:13:00,N,nominal,2.0NRT,304.87,3.95,D,VIIRS
46.85675,36.29407,334.22,0.48,0.4,2026-08-25,10:13:00,N,low,2.0NRT,308.68,1.66,D,VIIRS
47.16864,37.94476,334.64,0.42,0.38,2026-08-25,10:13:00,N,low,2.0NRT,305.21,1.38,D,VIIRS
46.84731,36.30474,339.17,0.48,0.4,2026-08-25,10:13:00,N,low,2.0NRT,311.88,3.38,D,VIIRS
46.8945,36.53965,343.02,0.47,0.39,2026-08-25,10:13:00,N,nominal,2.0NRT,309.36,4.94,D,VIIRS
46.81143,36.14713,346.66,0.48,0.4,2026-08-25,10:13:00,N,nominal,2.0NRT,314.15,15.26,D,VIIRS
46.81269,36.1533,338.72,0.48,0.4,2026-08-25,10:13:00,N,nominal,2.0NRT,309.9,15.26,D,VIIRS
46.89096,36.54111,338.58,0.47,0.39,2026-08-25,10:13:00,N,low,2.0NRT,312.46,4.94,D,VIIRS
46.80785,36.14868,346.17,0.48,0.4,2026-08-25,10:13:00,N,nominal,2.0NRT,312.99,9.42,D,VIIRS
46.8091,36.15484,336.71,0.48,0.4,2026-08-25,10:13:00,N,nominal,2.0NRT,309.59,9.42,D,VIIRS
47.19654,38.15507,342.09,0.42,0.37,2026-08-25,10:13:00,N,low,2.0NRT,313.07,4.55,D,VIIRS
46.8863,36.5561,340.33,0.47,0.39,2026-08-25,10:13:00,N,low,2.0NRT,311.89,3.75,D,VIIRS
46.33231,33.98182,348.79,0.4,0.44,2026-08-25,10:13:00,N,nominal,2.0NRT,311.78,6.47,D,VIIRS
46.33067,33.99363,342.83,0.4,0.44,2026-08-25,10:13:00,N,nominal,2.0NRT,310.57,8.86,D,VIIRS
46.49245,34.94363,338.95,0.54,0.42,2026-08-25,10:13:00,N,low,2.0NRT,313.76,11.81,D,VIIRS
46.62648,35.69539,334.49,0.5,0.41,2026-08-25,10:13:00,N,low,2.0NRT,306.75,1.47,D,VIIRS
46.28877,34.15285,336.61,0.39,0.44,2026-08-25,10:13:00,N,low,2.0NRT,307.66,4.72,D,VIIRS
46.42686,34.77724,343.54,0.55,0.43,2026-08-25,10:13:00,N,nominal,2.0NRT,311.01,26.64,D,VIIRS
46.42459,34.78592,338.31,0.55,0.43,2026-08-25,10:13:00,N,low,2.0NRT,311.25,13.12,D,VIIRS
46.83677,36.8093,334.63,0.46,0.39,2026-08-25,10:13:00,N,low,2.0NRT,307.03,4.97,D,VIIRS
46.66955,36.0752,337.87,0.49,0.4,2026-08-25,10:13:00,N,low,2.0NRT,311.25,10.43,D,VIIRS
46.8053,36.746339999999996,349.27,0.46,0.39,2026-08-25,10:13:00,N,nominal,2.0NRT,309.13,10.93,D,VIIRS
46.82388,36.84008,337.48,0.46,0.39,2026-08-25,10:13:00,N,low,2.0NRT,309.14,4.64,D,VIIRS
46.55106,35.54558,337.09,0.51,0.41,2026-08-25,10:13:00,N,low,2.0NRT,311.06,2.27,D,VIIRS
46.54876,35.55368,345.55,0.51,0.41,2026-08-25,10:13:00,N,nominal,2.0NRT,310,5.68,D,VIIRS
46.5437,35.54882,338,0.51,0.41,2026-08-25,10:13:00,N,nominal,2.0NRT,310.4,3.62,D,VIIRS
46.54509,35.5553,341.3,0.51,0.41,2026-08-25,10:13:00,N,low,2.0NRT,311.47,5.68,D,VIIRS
46.54141,35.55692,338.17,0.51,0.41,2026-08-25,10:13:00,N,low,2.0NRT,310.12,5.37,D,VIIRS
46.54416,35.56988,335.05,0.51,0.41,2026-08-25,10:13:00,N,low,2.0NRT,308.79,2.64,D,VIIRS
46.3973,35.00229,339.45,0.54,0.42,2026-08-25,10:13:00,N,low,2.0NRT,311.1,10.38,D,VIIRS
46.39748,35.00327,345.11,0.54,0.42,2026-08-25,10:13:00,N,nominal,2.0NRT,310.43,5.1,D,VIIRS
46.18328,34.48484,334.22,0.57,0.43,2026-08-25,10:13:00,N,low,2.0NRT,306.68,5.14,D,VIIRS
46.18172,34.48581,332.36,0.57,0.43,2026-08-25,10:13:00,N,low,2.0NRT,306.84,6.65,D,VIIRS
45.86556,34.22362,338.76,0.4,0.44,2026-08-25,10:13:00,N,nominal,2.0NRT,303.28,2.89,D,VIIRS
49.07051,38.37001,337.3,0.4,0.37,2026-08-25,10:13:00,N,nominal,2.0NRT,286.84,71.6,D,VIIRS
49.00984,38.06661,338.8,0.4,0.37,2026-08-25,10:13:00,N,nominal,2.0NRT,310.08,1.89,D,VIIRS
48.96664,37.84577,342.48,0.41,0.37,2026-08-25,10:13:00,N,nominal,2.0NRT,312.74,4.89,D,VIIRS
49.00652,38.06796,348.73,0.4,0.37,2026-08-25,10:13:00,N,nominal,2.0NRT,309.94,7.02,D,VIIRS
48.979730000000004,37.93611,336.8,0.41,0.37,2026-08-25,10:13:00,N,low,2.0NRT,311.32,4.63,D,VIIRS
49.00036,38.07284,350.95,0.4,0.37,2026-08-25,10:13:00,N,nominal,2.0NRT,315.52,20.56,D,VIIRS
48.94001,37.75356,346.03,0.41,0.37,2026-08-25,10:13:00,N,nominal,2.0NRT,307.63,6.68,D,VIIRS
48.95955,37.86279,342.71,0.41,0.37,2026-08-25,10:13:00,N,nominal,2.0NRT,311.8,3.32,D,VIIRS
48.9644,37.89,336.28,0.41,0.37,2026-08-25,10:13:00,N,low,2.0NRT,308.9,2.45,D,VIIRS
48.9688,37.93479,367,0.41,0.37,2026-08-25,10:13:00,N,high,2.0NRT,314.46,8.8,D,VIIRS
48.94899,37.84373,343.65,0.41,0.37,2026-08-25,10:13:00,N,nominal,2.0NRT,309.32,3.2,D,VIIRS
48.96548,37.93615,342.7,0.41,0.37,2026-08-25,10:13:00,N,nominal,2.0NRT,308.47,4.99,D,VIIRS
48.99041,38.07688,348.94,0.4,0.37,2026-08-25,10:13:00,N,nominal,2.0NRT,312.83,5.97,D,VIIRS
48.98856,38.10659,346.69,0.4,0.37,2026-08-25,10:13:00,N,nominal,2.0NRT,312.82,11.88,D,VIIRS
48.93022,37.79877,335.33,0.41,0.37,2026-08-25,10:13:00,N,nominal,2.0NRT,306.93,2.08,D,VIIRS
48.94776,37.8968,347.83,0.41,0.37,2026-08-25,10:13:00,N,nominal,2.0NRT,313.17,7.56,D,VIIRS
48.9206,37.7851,344.5,0.41,0.37,2026-08-25,10:13:00,N,nominal,2.0NRT,307.33,4.81,D,VIIRS
48.91727,37.78647,347.47,0.41,0.37,2026-08-25,10:13:00,N,nominal,2.0NRT,308.66,7.25,D,VIIRS
48.95903,38.02014,338.92,0.4,0.37,2026-08-25,10:13:00,N,nominal,2.0NRT,307.9,4.63,D,VIIRS
48.94318,37.95106,341.97,0.41,0.37,2026-08-25,10:13:00,N,nominal,2.0NRT,311.39,10.18,D,VIIRS
48.9165,37.82201,334.91,0.41,0.37,2026-08-25,10:13:00,N,nominal,2.0NRT,309.02,3.35,D,VIIRS
48.88553,37.67031,337.99,0.41,0.37,2026-08-25,10:13:00,N,nominal,2.0NRT,306.6,15.21,D,VIIRS
48.74059,36.90726,338.23,0.43,0.38,2026-08-25,10:13:00,N,low,2.0NRT,310.11,7.08,D,VIIRS
48.74166,36.91295,336.28,0.43,0.38,2026-08-25,10:13:00,N,nominal,2.0NRT,302.78,12,D,VIIRS
48.89704,37.75374,348.52,0.41,0.37,2026-08-25,10:13:00,N,nominal,2.0NRT,301.78,21.36,D,VIIRS
49.20641,39.55592,338.78,0.39,0.36,2026-08-25,10:13:00,N,nominal,2.0NRT,303.67,4.44,D,VIIRS
48.91042,37.84789,343.23,0.41,0.37,2026-08-25,10:13:00,N,nominal,2.0NRT,308.72,4.8,D,VIIRS
48.92075,37.92536,337.46,0.41,0.37,2026-08-25,10:13:00,N,nominal,2.0NRT,308.71,2.7,D,VIIRS
48.91353,37.905029999999996,337.79,0.41,0.37,2026-08-25,10:13:00,N,nominal,2.0NRT,310.75,7.77,D,VIIRS
48.96496,38.21425,352.99,0.4,0.37,2026-08-25,10:13:00,N,nominal,2.0NRT,318.35,23.64,D,VIIRS
48.9607,38.21022,339.94,0.4,0.37,2026-08-25,10:13:00,N,low,2.0NRT,314.65,23.64,D,VIIRS
48.96165,38.21558,353.67,0.4,0.37,2026-08-25,10:13:00,N,nominal,2.0NRT,325.57,23.64,D,VIIRS
48.9626,38.22095,349.69,0.4,0.37,2026-08-25,10:13:00,N,nominal,2.0NRT,318.35,47.68,D,VIIRS
48.95929,38.22226,367,0.4,0.37,2026-08-25,10:13:00,N,low,2.0NRT,336.52,76.29,D,VIIRS
48.95739,38.21153,342.78,0.4,0.37,2026-08-25,10:13:00,N,low,2.0NRT,314.46,7.66,D,VIIRS
48.95834,38.2169,352.1,0.4,0.37,2026-08-25,10:13:00,N,nominal,2.0NRT,316.12,7.66,D,VIIRS
49.01465,38.60001,334.76,0.4,0.37,2026-08-25,10:13:00,N,low,2.0NRT,309.43,3.16,D,VIIRS
48.84646,37.6925,335.48,0.41,0.37,2026-08-25,10:13:00,N,nominal,2.0NRT,305.63,6.99,D,VIIRS
48.46338,35.72291,337.73,0.47,0.39,2026-08-25,10:13:00,N,low,2.0NRT,309.2,4.64,D,VIIRS
48.52454,36.04545,345.84,0.46,0.39,2026-08-25,10:13:00,N,nominal,2.0NRT,305.37,7.9,D,VIIRS
48.52576,36.05155,348.62,0.45,0.39,2026-08-25,10:13:00,N,nominal,2.0NRT,307.46,7.9,D,VIIRS
48.88226,37.9297,333.78,0.41,0.37,2026-08-25,10:13:00,N,nominal,2.0NRT,304.93,1.87,D,VIIRS
47.0232,29.67534,341.84,0.58,0.52,2026-08-25,10:13:00,N,nominal,2.0NRT,296,3.95,D,VIIRS
48.52105,36.04699,339.92,0.46,0.39,2026-08-25,10:13:00,N,nominal,2.0NRT,308.09,17.17,D,VIIRS
48.52227,36.05307,348.42,0.45,0.39,2026-08-25,10:13:00,N,nominal,2.0NRT,317.75,17.17,D,VIIRS
47.01868,29.67806,332.62,0.58,0.52,2026-08-25,10:13:00,N,nominal,2.0NRT,296.45,3.95,D,VIIRS
48.98291,38.68883,349.17,0.39,0.37,2026-08-25,10:13:00,N,nominal,2.0NRT,313.15,34.84,D,VIIRS
48.97963,38.69013,354.27,0.39,0.37,2026-08-25,10:13:00,N,nominal,2.0NRT,308.71,28.65,D,VIIRS
48.98144,38.70074,347.56,0.39,0.37,2026-08-25,10:13:00,N,nominal,2.0NRT,305.1,39.45,D,VIIRS
45.35272,36.27556,334.94,0.51,0.41,2026-08-25,10:13:00,N,nominal,2.0NRT,305.27,4.54,D,VIIRS
45.3951,36.59716,334.75,0.49,0.4,2026-08-25,10:13:00,N,nominal,2.0NRT,303.05,3.49,D,VIIRS
45.39632,36.60321,347.48,0.49,0.4,2026-08-25,10:13:00,N,nominal,2.0NRT,303.06,9.64,D,VIIRS
45.39147,36.59865,333.85,0.49,0.4,2026-08-25,10:13:00,N,low,2.0NRT,304.13,5.05,D,VIIRS
45.39271,36.60471,339.05,0.49,0.4,2026-08-25,10:13:00,N,nominal,2.0NRT,304.5,6.59,D,VIIRS
48.97815,38.70204,367,0.39,0.37,2026-08-25,10:13:00,N,low,2.0NRT,329.76,39.45,D,VIIRS
47.01978,29.67792,341.04,0.58,0.52,2026-08-25,10:13:00,N,nominal,2.0NRT,297.69,16.53,D,VIIRS
48.97906,38.70734,354.52,0.39,0.37,2026-08-25,10:13:00,N,nominal,2.0NRT,309.22,39.45,D,VIIRS
48.97634,38.69142,367,0.39,0.37,2026-08-25,10:13:00,N,high,2.0NRT,315.89,28.65,D,VIIRS
48.97725,38.69673,367,0.39,0.37,2026-08-25,10:13:00,N,high,2.0NRT,315.79,28.65,D,VIIRS
48.97305,38.69271,350.66,0.39,0.37,2026-08-25,10:13:00,N,low,2.0NRT,326.36,67.62,D,VIIRS
48.97396,38.69802,367,0.39,0.37,2026-08-25,10:13:00,N,low,2.0NRT,327.53,67.62,D,VIIRS
48.97486,38.70333,354.65,0.39,0.37,2026-08-25,10:13:00,N,nominal,2.0NRT,324.41,51.74,D,VIIRS
48.97668,38.71393,337.89,0.39,0.37,2026-08-25,10:13:00,N,nominal,2.0NRT,301.23,97.03,D,VIIRS
48.97577,38.70864,367,0.39,0.37,2026-08-25,10:13:00,N,high,2.0NRT,333.83,51.74,D,VIIRS
48.97158,38.70463,367,0.39,0.37,2026-08-25,10:13:00,N,low,2.0NRT,335.13,51.74,D,VIIRS
48.97248,38.70993,367,0.39,0.37,2026-08-25,10:13:00,N,low,2.0NRT,328.37,51.74,D,VIIRS
48.83272,37.91166,336.67,0.41,0.37,2026-08-25,10:13:00,N,nominal,2.0NRT,308.04,2.92,D,VIIRS
49.4351,38.03656,344.95,0.4,0.37,2026-08-25,10:13:00,N,nominal,2.0NRT,309.01,4.85,D,VIIRS
49.43415,38.03114,346.23,0.4,0.37,2026-08-25,10:13:00,N,nominal,2.0NRT,309.96,4.85,D,VIIRS
49.42368,37.97142,331.53,0.4,0.37,2026-08-25,10:13:00,N,nominal,2.0NRT,302.22,1.23,D,VIIRS
49.42411,37.8931,330.56,0.4,0.37,2026-08-25,10:13:00,N,low,2.0NRT,301.33,3.58,D,VIIRS
49.40012,37.73911,339.62,0.4,0.37,2026-08-25,10:13:00,N,nominal,2.0NRT,305.51,6.34,D,VIIRS
49.3734,37.59107,339.52,0.41,0.37,2026-08-25,10:13:00,N,nominal,2.0NRT,304.4,5.56,D,VIIRS
49.43389,37.84816,335.31,0.4,0.37,2026-08-25,10:13:00,N,nominal,2.0NRT,301.81,3.18,D,VIIRS
49.46577,37.8875,334.34,0.4,0.37,2026-08-25,10:13:00,N,nominal,2.0NRT,303.01,2.55,D,VIIRS
49.45101,37.66456,332.4,0.41,0.37,2026-08-25,10:13:00,N,nominal,2.0NRT,300.13,6.74,D,VIIRS
49.5236,37.79068,339.48,0.4,0.37,2026-08-25,10:13:00,N,nominal,2.0NRT,303.43,4.45,D,VIIRS
49.52886,37.80024,332.5,0.4,0.37,2026-08-25,10:13:00,N,nominal,2.0NRT,300.87,2.38,D,VIIRS
49.5312,37.79339,331.34,0.4,0.37,2026-08-25,10:13:00,N,low,2.0NRT,301.68,5.37,D,VIIRS
49.57755,37.91434,334.18,0.4,0.37,2026-08-25,10:13:00,N,nominal,2.0NRT,302.83,2.53,D,VIIRS
49.34943,36.6671,334.06,0.43,0.38,2026-08-25,10:13:00,N,low,2.0NRT,305.89,4.91,D,VIIRS
49.38198,36.801,345.29,0.42,0.38,2026-08-25,10:13:00,N,nominal,2.0NRT,304.93,5.48,D,VIIRS
48.57733,32.85174,341.02,0.39,0.44,2026-08-25,10:13:00,N,nominal,2.0NRT,305.34,9.42,D,VIIRS
48.57618,32.84669,343.51,0.39,0.44,2026-08-25,10:13:00,N,nominal,2.0NRT,311.6,9.42,D,VIIRS
48.57502,32.84166,342.2,0.39,0.44,2026-08-25,10:13:00,N,nominal,2.0NRT,309.59,5.74,D,VIIRS
48.58004,32.84467,367,0.39,0.44,2026-08-25,10:13:00,N,high,2.0NRT,292.19,9.42,D,VIIRS
49.58668,37.80532,345.47,0.4,0.37,2026-08-25,10:13:00,N,nominal,2.0NRT,304.82,5.99,D,VIIRS
49.54271,37.55861,331.55,0.41,0.37,2026-08-25,10:13:00,N,nominal,2.0NRT,298.95,1.93,D,VIIRS
49.63785,37.89351,337.69,0.4,0.37,2026-08-25,10:13:00,N,nominal,2.0NRT,300.63,3.1,D,VIIRS
49.63688,37.88805,338.21,0.4,0.37,2026-08-25,10:13:00,N,nominal,2.0NRT,299.92,3.1,D,VIIRS
49.75363,38.53854,331.5,0.39,0.36,2026-08-25,10:13:00,N,nominal,2.0NRT,296.54,3.03,D,VIIRS
49.65077,37.94645,344.99,0.4,0.37,2026-08-25,10:13:00,N,nominal,2.0NRT,297.77,5.94,D,VIIRS
49.79363,38.73315,333.1,0.39,0.36,2026-08-25,10:13:00,N,nominal,2.0NRT,303.37,2.68,D,VIIRS
49.63013,37.75026,346.19,0.4,0.37,2026-08-25,10:13:00,N,nominal,2.0NRT,307.71,5.43,D,VIIRS
49.6354,37.75983,338.35,0.4,0.37,2026-08-25,10:13:00,N,nominal,2.0NRT,304.78,9.34,D,VIIRS
49.63442,37.75436,335.08,0.4,0.37,2026-08-25,10:13:00,N,low,2.0NRT,309.96,5.43,D,VIIRS
49.63344,37.74889,335.6,0.4,0.37,2026-08-25,10:13:00,N,low,2.0NRT,309.24,5.43,D,VIIRS
49.63247,37.7434,330.91,0.4,0.37,2026-08-25,10:13:00,N,low,2.0NRT,303.46,2.36,D,VIIRS
49.63773,37.75299,343.29,0.4,0.37,2026-08-25,10:13:00,N,nominal,2.0NRT,306.1,4.22,D,VIIRS
49.63676,37.74751,332.85,0.4,0.37,2026-08-25,10:13:00,N,nominal,2.0NRT,306.17,4.22,D,VIIRS
49.65932,37.81435,343.09,0.4,0.37,2026-08-25,10:13:00,N,nominal,2.0NRT,298.75,2.69,D,VIIRS
48.96975,38.694,367,0.39,0.37,2026-08-25,10:13:00,N,high,2.0NRT,332.52,67.62,D,VIIRS
48.97066,38.69931,367,0.39,0.37,2026-08-25,10:13:00,N,high,2.0NRT,340.96,67.62,D,VIIRS
48.97339,38.71523,367,0.39,0.37,2026-08-25,10:13:00,N,high,2.0NRT,343.88,97.03,D,VIIRS
48.96737,38.7006,367,0.39,0.37,2026-08-25,10:13:00,N,low,2.0NRT,373.2,132.72,D,VIIRS
48.97101,38.72181,367,0.39,0.36,2026-08-25,10:13:00,N,low,2.0NRT,327.17,439.83,D,VIIRS
48.76606,37.56272,333.43,0.41,0.37,2026-08-25,10:13:00,N,nominal,2.0NRT,304.22,2.86,D,VIIRS
48.86407,38.10776,331.38,0.4,0.37,2026-08-25,10:13:00,N,low,2.0NRT,303.89,2.7,D,VIIRS
48.96829,38.70591,367,0.39,0.37,2026-08-25,10:13:00,N,high,2.0NRT,344.42,116.01,D,VIIRS
48.9692,38.71122,367,0.39,0.37,2026-08-25,10:13:00,N,high,2.0NRT,341.87,116.01,D,VIIRS
48.96681,38.7178,367,0.39,0.37,2026-08-25,10:13:00,N,low,2.0NRT,381.82,439.83,D,VIIRS
48.46158,35.98369,337.77,0.46,0.39,2026-08-25,10:13:00,N,low,2.0NRT,311.23,5.16,D,VIIRS
48.46278,35.98973,339.01,0.46,0.39,2026-08-25,10:13:00,N,nominal,2.0NRT,311.13,4.57,D,VIIRS
48.96408,38.70189,342.08,0.39,0.37,2026-08-25,10:13:00,N,nominal,2.0NRT,304.43,132.72,D,VIIRS
48.96499,38.7072,367,0.39,0.37,2026-08-25,10:13:00,N,high,2.0NRT,334.49,116.01,D,VIIRS
48.9659,38.7125,367,0.39,0.37,2026-08-25,10:13:00,N,high,2.0NRT,349.32,116.01,D,VIIRS
48.96352,38.71909,367,0.39,0.37,2026-08-25,10:13:00,N,low,2.0NRT,361.9,123.47,D,VIIRS
48.96443,38.72438,367,0.39,0.36,2026-08-25,10:13:00,N,low,2.0NRT,328,123.47,D,VIIRS
48.45929,35.9913,354.1,0.46,0.39,2026-08-25,10:13:00,N,nominal,2.0NRT,316.32,11.62,D,VIIRS
48.96261,38.71379,345.56,0.39,0.37,2026-08-25,10:13:00,N,nominal,2.0NRT,298.31,11.37,D,VIIRS
48.9365,38.58246,339.01,0.4,0.37,2026-08-25,10:13:00,N,nominal,2.0NRT,310.78,2.6,D,VIIRS
48.96024,38.72038,340.66,0.39,0.37,2026-08-25,10:13:00,N,nominal,2.0NRT,295.63,123.47,D,VIIRS
48.950920000000004,38.70704,343.3,0.39,0.37,2026-08-25,10:13:00,N,nominal,2.0NRT,295.13,5.42,D,VIIRS
48.79922,37.98371,344.52,0.41,0.37,2026-08-25,10:13:00,N,nominal,2.0NRT,310.67,5.17,D,VIIRS
48.45666,36.18831,355.49,0.45,0.39,2026-08-25,10:13:00,N,nominal,2.0NRT,309.04,15.64,D,VIIRS
48.45319,36.18985,333.66,0.45,0.39,2026-08-25,10:13:00,N,low,2.0NRT,304.79,4.87,D,VIIRS
48.45436,36.1958,333.93,0.45,0.39,2026-08-25,10:13:00,N,nominal,2.0NRT,303.25,4.87,D,VIIRS
48.5803,36.86141,340.65,0.43,0.38,2026-08-25,10:13:00,N,nominal,2.0NRT,311.21,5.11,D,VIIRS
48.71291,37.62681,343.17,0.41,0.37,2026-08-25,10:13:00,N,nominal,2.0NRT,306.93,6.94,D,VIIRS
48.71392,37.63229,347.78,0.41,0.37,2026-08-25,10:13:00,N,nominal,2.0NRT,306.85,6.43,D,VIIRS
48.78371,38.03646,341.52,0.41,0.37,2026-08-25,10:13:00,N,nominal,2.0NRT,312.36,4.65,D,VIIRS
48.42559,36.17132,350.84,0.45,0.39,2026-08-25,10:13:00,N,nominal,2.0NRT,306.86,16.66,D,VIIRS
48.422110000000004,36.17287,367,0.45,0.39,2026-08-25,10:13:00,N,low,2.0NRT,334.62,114.06,D,VIIRS
48.64522,37.34756,345.3,0.42,0.38,2026-08-25,10:13:00,N,nominal,2.0NRT,306.26,5.72,D,VIIRS
48.64624,37.35308,335.18,0.42,0.38,2026-08-25,10:13:00,N,nominal,2.0NRT,304.4,5.72,D,VIIRS
47.55672,32.18801,331.78,0.44,0.46,2026-08-25,10:13:00,N,low,2.0NRT,305.37,2.67,D,VIIRS
48.41863,36.17443,367,0.45,0.39,2026-08-25,10:13:00,N,high,2.0NRT,342.54,114.06,D,VIIRS
48.41516,36.17598,346.44,0.45,0.39,2026-08-25,10:13:00,N,nominal,2.0NRT,308.54,5.53,D,VIIRS
48.7126,37.7766,346.53,0.41,0.37,2026-08-25,10:13:00,N,nominal,2.0NRT,312.78,10.07,D,VIIRS
48.72633,37.85286,343.68,0.41,0.37,2026-08-25,10:13:00,N,nominal,2.0NRT,308.73,6.01,D,VIIRS
48.50049,36.65515,344.92,0.44,0.38,2026-08-25,10:13:00,N,nominal,2.0NRT,308.1,6.93,D,VIIRS
48.70395,37.76844,334.16,0.41,0.37,2026-08-25,10:13:00,N,low,2.0NRT,308.77,1.7,D,VIIRS
48.75837,38.0722,339.07,0.4,0.37,2026-08-25,10:13:00,N,nominal,2.0NRT,308.73,2.17,D,VIIRS
48.70061,37.76982,343.69,0.41,0.37,2026-08-25,10:13:00,N,nominal,2.0NRT,312.15,4.45,D,VIIRS
48.75601,38.07896,344.21,0.4,0.37,2026-08-25,10:13:00,N,nominal,2.0NRT,308.44,11.19,D,VIIRS
48.78223,38.28761,334.84,0.4,0.37,2026-08-25,10:13:00,N,low,2.0NRT,308.04,3.04,D,VIIRS
48.77467,38.28489,331.49,0.4,0.37,2026-08-25,10:13:00,N,low,2.0NRT,304.57,2.03,D,VIIRS
48.7756,38.29019,336.78,0.4,0.37,2026-08-25,10:13:00,N,low,2.0NRT,309.4,5.36,D,VIIRS
48.73419,38.07645,341.05,0.4,0.37,2026-08-25,10:13:00,N,nominal,2.0NRT,307.04,6.34,D,VIIRS
47.79704,33.45441,343,0.39,0.44,2026-08-25,10:13:00,N,nominal,2.0NRT,313.04,7.21,D,VIIRS
47.79816,33.45938,341.74,0.39,0.44,2026-08-25,10:13:00,N,nominal,2.0NRT,306.97,7.21,D,VIIRS
48.73087,38.07782,340.96,0.4,0.37,2026-08-25,10:13:00,N,nominal,2.0NRT,310.05,6.34,D,VIIRS
48.85301,38.77647,348.58,0.39,0.36,2026-08-25,10:13:00,N,nominal,2.0NRT,308.4,26.6,D,VIIRS
48.84881,38.77247,347.93,0.39,0.37,2026-08-25,10:13:00,N,nominal,2.0NRT,308.31,6.97,D,VIIRS
48.84972,38.77776,341.24,0.39,0.36,2026-08-25,10:13:00,N,nominal,2.0NRT,312.3,6.97,D,VIIRS
48.85063,38.78305,349.68,0.39,0.36,2026-08-25,10:13:00,N,nominal,2.0NRT,311.52,7.63,D,VIIRS
48.61621,37.48518,335.82,0.42,0.37,2026-08-25,10:13:00,N,low,2.0NRT,307.36,5.35,D,VIIRS
48.74627,38.20447,337.08,0.4,0.37,2026-08-25,10:13:00,N,low,2.0NRT,310.55,6.13,D,VIIRS
48.56843,37.24749,335.1,0.42,0.38,2026-08-25,10:13:00,N,nominal,2.0NRT,302.22,1.06,D,VIIRS
48.7439,38.21118,337.83,0.4,0.37,2026-08-25,10:13:00,N,low,2.0NRT,310.25,14.29,D,VIIRS
48.74487,38.21659,354.28,0.4,0.37,2026-08-25,10:13:00,N,nominal,2.0NRT,311.15,14.29,D,VIIRS
48.74582,38.22197,352.09,0.4,0.37,2026-08-25,10:13:00,N,nominal,2.0NRT,311.78,27.42,D,VIIRS
48.74677,38.22736,334.15,0.4,0.37,2026-08-25,10:13:00,N,low,2.0NRT,305.93,27.42,D,VIIRS
48.74058,38.21246,336.41,0.4,0.37,2026-08-25,10:13:00,N,nominal,2.0NRT,305.22,14.29,D,VIIRS
48.74154,38.21786,351.57,0.4,0.37,2026-08-25,10:13:00,N,nominal,2.0NRT,318.79,14.29,D,VIIRS
48.74345,38.22868,346.41,0.4,0.37,2026-08-25,10:13:00,N,nominal,2.0NRT,311.64,27.42,D,VIIRS
48.67242,37.8519,340.11,0.41,0.37,2026-08-25,10:13:00,N,nominal,2.0NRT,308.19,3.15,D,VIIRS
48.67341,37.85735,334.5,0.41,0.37,2026-08-25,10:13:00,N,low,2.0NRT,306.95,5.78,D,VIIRS
48.67439,37.86276,352.62,0.41,0.37,2026-08-25,10:13:00,N,nominal,2.0NRT,307.88,5.78,D,VIIRS
48.73822,38.21916,342.11,0.4,0.37,2026-08-25,10:13:00,N,nominal,2.0NRT,311.36,10.14,D,VIIRS
48.67007,37.85871,333.23,0.41,0.37,2026-08-25,10:13:00,N,low,2.0NRT,307.51,5.78,D,VIIRS
48.67105,37.86413,348.03,0.41,0.37,2026-08-25,10:13:00,N,nominal,2.0NRT,310.02,5.78,D,VIIRS
48.67203,37.86952,333.63,0.41,0.37,2026-08-25,10:13:00,N,nominal,2.0NRT,305.5,4.64,D,VIIRS
48.68671,37.9509,336.99,0.41,0.37,2026-08-25,10:13:00,N,nominal,2.0NRT,307.54,1.52,D,VIIRS
48.50476,37.00687,331.86,0.43,0.38,2026-08-25,10:13:00,N,low,2.0NRT,304.13,2.15,D,VIIRS
48.75663,38.42387,341.59,0.4,0.37,2026-08-25,10:13:00,N,nominal,2.0NRT,306.23,4.55,D,VIIRS
48.75755,38.42916,345.25,0.4,0.37,2026-08-25,10:13:00,N,nominal,2.0NRT,305.99,4.55,D,VIIRS
48.70399,38.14667,333.9,0.4,0.37,2026-08-25,10:13:00,N,nominal,2.0NRT,305.4,2.35,D,VIIRS
48.85778,39.0718,336.48,0.39,0.36,2026-08-25,10:13:00,N,low,2.0NRT,307.86,6.69,D,VIIRS
48.8536,39.06779,330.95,0.39,0.36,2026-08-25,10:13:00,N,low,2.0NRT,303.76,2.17,D,VIIRS
48.85122,39.07431,349.97,0.39,0.36,2026-08-25,10:13:00,N,nominal,2.0NRT,307.22,8.69,D,VIIRS
48.8521,39.07957,339.88,0.39,0.36,2026-08-25,10:13:00,N,nominal,2.0NRT,307.73,8.69,D,VIIRS
48.85477,39.09533,334.89,0.39,0.36,2026-08-25,10:13:00,N,low,2.0NRT,306.26,18.21,D,VIIRS
48.85566,39.10059,341,0.39,0.36,2026-08-25,10:13:00,N,nominal,2.0NRT,305.33,18.21,D,VIIRS
48.84882,39.08083,346.08,0.39,0.36,2026-08-25,10:13:00,N,nominal,2.0NRT,309.23,8.69,D,VIIRS
48.85149,39.09659,344.71,0.39,0.36,2026-08-25,10:13:00,N,nominal,2.0NRT,308.11,18.21,D,VIIRS
48.84733,39.08295,345.79,0.39,0.36,2026-08-25,10:13:00,N,nominal,2.0NRT,310.99,6.22,D,VIIRS
48.84998,39.09873,337.9,0.39,0.36,2026-08-25,10:13:00,N,nominal,2.0NRT,307.03,11.55,D,VIIRS
48.85086,39.10398,354.45,0.39,0.36,2026-08-25,10:13:00,N,nominal,2.0NRT,306.68,11.68,D,VIIRS
48.84405,39.08421,341.54,0.39,0.36,2026-08-25,10:13:00,N,nominal,2.0NRT,303.21,6.22,D,VIIRS
48.84493,39.08947,350.48,0.39,0.36,2026-08-25,10:13:00,N,nominal,2.0NRT,308.58,6.22,D,VIIRS
48.84758,39.10524,349.27,0.39,0.36,2026-08-25,10:13:00,N,nominal,2.0NRT,310.01,11.68,D,VIIRS
48.84581,39.09473,367,0.39,0.36,2026-08-25,10:13:00,N,high,2.0NRT,313.1,11.55,D,VIIRS
48.51989,37.2691,340.83,0.42,0.38,2026-08-25,10:13:00,N,nominal,2.0NRT,305.47,8.13,D,VIIRS
48.84165,39.09072,344.32,0.39,0.36,2026-08-25,10:13:00,N,nominal,2.0NRT,303.98,6.29,D,VIIRS
48.84254,39.09599,352.12,0.39,0.36,2026-08-25,10:13:00,N,nominal,2.0NRT,311.39,29.28,D,VIIRS
48.4764,37.07505,333.58,0.43,0.38,2026-08-25,10:13:00,N,nominal,2.0NRT,302.85,1.8,D,VIIRS
48.51936,37.30556,339.62,0.42,0.38,2026-08-25,10:13:00,N,nominal,2.0NRT,305.89,3.21,D,VIIRS
48.55896,37.54028,334.3,0.42,0.37,2026-08-25,10:13:00,N,nominal,2.0NRT,303.42,1.85,D,VIIRS
47.69184,33.33525,335.33,0.39,0.44,2026-08-25,10:13:00,N,low,2.0NRT,307.39,3.77,D,VIIRS
48.49154,37.21474,335.1,0.42,0.38,2026-08-25,10:13:00,N,nominal,2.0NRT,303.67,4.45,D,VIIRS
48.53802,37.46562,340.25,0.42,0.38,2026-08-25,10:13:00,N,nominal,2.0NRT,304.83,3.76,D,VIIRS
48.65088,38.16949,343.59,0.4,0.37,2026-08-25,10:13:00,N,nominal,2.0NRT,304.56,3.86,D,VIIRS
48.64757,38.17085,345.37,0.4,0.37,2026-08-25,10:13:00,N,nominal,2.0NRT,307.34,6.87,D,VIIRS
48.64852,38.17622,352.67,0.4,0.37,2026-08-25,10:13:00,N,nominal,2.0NRT,308.21,9.36,D,VIIRS
48.60662,37.96156,347.82,0.41,0.37,2026-08-25,10:13:00,N,nominal,2.0NRT,307.89,5.95,D,VIIRS
48.64521,38.17758,333.27,0.4,0.37,2026-08-25,10:13:00,N,nominal,2.0NRT,305.4,9.36,D,VIIRS
48.4444,37.11939,334.7,0.43,0.38,2026-08-25,10:13:00,N,nominal,2.0NRT,305.24,6.14,D,VIIRS
48.54652,37.66964,346.85,0.41,0.37,2026-08-25,10:13:00,N,nominal,2.0NRT,305.66,7.32,D,VIIRS
48.58622,37.98732,340.48,0.41,0.37,2026-08-25,10:13:00,N,nominal,2.0NRT,305.01,11.06,D,VIIRS
49.64354,37.68571,346.65,0.4,0.37,2026-08-25,10:13:00,N,nominal,2.0NRT,301.15,8.19,D,VIIRS
48.50986,31.98142,335.5,0.42,0.46,2026-08-25,10:13:00,N,nominal,2.0NRT,300.93,2.4,D,VIIRS
49.79801,38.28518,332.73,0.39,0.37,2026-08-25,10:13:00,N,nominal,2.0NRT,300.39,4.9,D,VIIRS
49.71908,37.72821,331.39,0.4,0.37,2026-08-25,10:13:00,N,low,2.0NRT,303.43,4.11,D,VIIRS
49.69844,37.61308,345.99,0.4,0.37,2026-08-25,10:13:00,N,nominal,2.0NRT,297.36,8.38,D,VIIRS
49.81025,38.22602,330.47,0.4,0.37,2026-08-25,10:13:00,N,nominal,2.0NRT,297.28,3.63,D,VIIRS
47.93658,29.66852,330.02,0.55,0.51,2026-08-25,10:13:00,N,low,2.0NRT,303.45,3.07,D,VIIRS
49.76978,37.85356,345.44,0.4,0.37,2026-08-25,10:13:00,N,nominal,2.0NRT,300.8,3.67,D,VIIRS
49.77018,37.83578,346.26,0.4,0.37,2026-08-25,10:13:00,N,nominal,2.0NRT,304.78,6.77,D,VIIRS
49.77542,37.84539,345.44,0.4,0.37,2026-08-25,10:13:00,N,nominal,2.0NRT,300.98,8.16,D,VIIRS
49.77349,37.83442,336.9,0.4,0.37,2026-08-25,10:13:00,N,nominal,2.0NRT,297,6.77,D,VIIRS
48.06495,29.86544,354.48,0.53,0.5,2026-08-25,10:13:00,N,nominal,2.0NRT,309.41,35.21,D,VIIRS
48.06318,29.85864,337.5,0.53,0.5,2026-08-25,10:13:00,N,nominal,2.0NRT,296.03,16.18,D,VIIRS
48.06934,29.8629,348.25,0.53,0.5,2026-08-25,10:13:00,N,nominal,2.0NRT,295.95,35.21,D,VIIRS
49.88415,37.9782,345.52,0.4,0.37,2026-08-25,10:13:00,N,nominal,2.0NRT,295.01,13.84,D,VIIRS
49.88224,37.96731,347.05,0.4,0.37,2026-08-25,10:13:00,N,nominal,2.0NRT,298.29,8.11,D,VIIRS
49.88129,37.96187,338.52,0.4,0.37,2026-08-25,10:13:00,N,nominal,2.0NRT,294.14,7.24,D,VIIRS
49.88745,37.97684,345.27,0.4,0.37,2026-08-25,10:13:00,N,nominal,2.0NRT,296.37,13.84,D,VIIRS
49.89074,37.97544,336.38,0.4,0.37,2026-08-25,10:13:00,N,nominal,2.0NRT,296.31,3.09,D,VIIRS
49.89308,37.96862,330.97,0.4,0.37,2026-08-25,10:13:00,N,nominal,2.0NRT,295.55,3.27,D,VIIRS
49.89542,37.9618,349.63,0.4,0.37,2026-08-25,10:13:00,N,nominal,2.0NRT,298,4.89,D,VIIRS
49.89935,37.70219,334.47,0.4,0.37,2026-08-25,10:13:00,N,nominal,2.0NRT,299.68,2.69,D,VIIRS
49.90265,37.70078,335.24,0.4,0.37,2026-08-25,10:13:00,N,nominal,2.0NRT,304.32,2.69,D,VIIRS
49.92216,37.60801,332.31,0.4,0.37,2026-08-25,10:13:00,N,nominal,2.0NRT,299.32,5.46,D,VIIRS
49.96239,37.81438,338.14,0.4,0.37,2026-08-25,10:13:00,N,nominal,2.0NRT,299.6,8.22,D,VIIRS
49.98081,37.81834,334.24,0.4,0.37,2026-08-25,10:13:00,N,nominal,2.0NRT,303.51,2.99,D,VIIRS
50.06155,37.61184,332.04,0.4,0.37,2026-08-25,10:13:00,N,nominal,2.0NRT,300.92,3.85,D,VIIRS
50.08372,37.69689,340.47,0.4,0.37,2026-08-25,10:13:00,N,nominal,2.0NRT,301.71,14.67,D,VIIRS
50.08605,37.68999,337.18,0.4,0.37,2026-08-25,10:13:00,N,nominal,2.0NRT,298.19,14.67,D,VIIRS
49.88868,36.39239,337.65,0.43,0.38,2026-08-25,10:13:00,N,nominal,2.0NRT,303.05,4.79,D,VIIRS
50.1625,37.53687,336.7,0.4,0.37,2026-08-25,10:13:00,N,nominal,2.0NRT,299.54,3.92,D,VIIRS
50.16002,37.44299,329.27,0.4,0.37,2026-08-25,10:13:00,N,nominal,2.0NRT,292.58,2.93,D,VIIRS
50.15806,37.31236,334.37,0.41,0.37,2026-08-25,10:13:00,N,nominal,2.0NRT,292.52,8.4,D,VIIRS
50.15706,37.30679,335.98,0.41,0.37,2026-08-25,10:13:00,N,nominal,2.0NRT,295.99,8.4,D,VIIRS
48.22043,36.08103,341.46,0.46,0.39,2026-08-25,10:13:00,N,nominal,2.0NRT,308.22,13.43,D,VIIRS
48.41759,37.09399,339.88,0.43,0.38,2026-08-25,10:13:00,N,nominal,2.0NRT,302.68,6.16,D,VIIRS
48.42506,37.13353,332.35,0.43,0.38,2026-08-25,10:13:00,N,low,2.0NRT,305.04,2.29,D,VIIRS
48.21693,36.08257,335.5,0.46,0.39,2026-08-25,10:13:00,N,low,2.0NRT,305.51,5.92,D,VIIRS
48.41419,37.09543,338.93,0.43,0.38,2026-08-25,10:13:00,N,nominal,2.0NRT,311.94,6.69,D,VIIRS
48.57177,37.9469,342.44,0.41,0.37,2026-08-25,10:13:00,N,nominal,2.0NRT,307.05,4.33,D,VIIRS
48.57568,37.96855,333.31,0.41,0.37,2026-08-25,10:13:00,N,nominal,2.0NRT,303.39,2.49,D,VIIRS
48.57665,37.97392,333.53,0.41,0.37,2026-08-25,10:13:00,N,nominal,2.0NRT,303.22,2.79,D,VIIRS
48.57138,37.96452,335.73,0.41,0.37,2026-08-25,10:13:00,N,low,2.0NRT,306.62,2.49,D,VIIRS
47.11674,34.09501,339.75,0.57,0.43,2026-08-25,10:13:00,N,low,2.0NRT,309.8,8.6,D,VIIRS
48.52206,37.73289,332.59,0.41,0.37,2026-08-25,10:13:00,N,low,2.0NRT,303.55,1.79,D,VIIRS
48.59864,38.15594,346.32,0.4,0.37,2026-08-25,10:13:00,N,nominal,2.0NRT,306.77,3.4,D,VIIRS
48.59959,38.16129,341.98,0.4,0.37,2026-08-25,10:13:00,N,nominal,2.0NRT,305.91,3.54,D,VIIRS
48.59628,38.16264,337.15,0.4,0.37,2026-08-25,10:13:00,N,nominal,2.0NRT,306.84,11.72,D,VIIRS
48.592,38.15864,345.54,0.4,0.37,2026-08-25,10:13:00,N,nominal,2.0NRT,312.37,36.11,D,VIIRS
48.59295,38.16399,333.95,0.4,0.37,2026-08-25,10:13:00,N,low,2.0NRT,304.84,11.72,D,VIIRS
48.60402,38.24588,341.37,0.4,0.37,2026-08-25,10:13:00,N,nominal,2.0NRT,305.32,4.58,D,VIIRS
48.60689,38.262,337.34,0.4,0.37,2026-08-25,10:13:00,N,low,2.0NRT,310.7,5.94,D,VIIRS
48.23066,36.28457,341.74,0.45,0.39,2026-08-25,10:13:00,N,nominal,2.0NRT,311.05,4.14,D,VIIRS
48.51871,37.79317,336.79,0.41,0.37,2026-08-25,10:13:00,N,low,2.0NRT,310.99,4.16,D,VIIRS
47.69758,33.81396,340.14,0.56,0.43,2026-08-25,10:13:00,N,nominal,2.0NRT,309.35,6.15,D,VIIRS
48.12639,35.80541,344.3,0.47,0.4,2026-08-25,10:13:00,N,nominal,2.0NRT,307.6,13.77,D,VIIRS
48.22843,36.31133,331.51,0.45,0.39,2026-08-25,10:13:00,N,low,2.0NRT,305.8,2.19,D,VIIRS
48.39649,37.17618,335.74,0.43,0.38,2026-08-25,10:13:00,N,nominal,2.0NRT,308.2,2.25,D,VIIRS
48.1274,35.80673,348.05,0.47,0.4,2026-08-25,10:13:00,N,nominal,2.0NRT,307.39,17.4,D,VIIRS
48.22762,36.31371,345.59,0.45,0.39,2026-08-25,10:13:00,N,nominal,2.0NRT,306.7,3.82,D,VIIRS
48.3917,37.19269,336.78,0.43,0.38,2026-08-25,10:13:00,N,low,2.0NRT,309.41,4.82,D,VIIRS
48.11911,35.80382,345.62,0.47,0.4,2026-08-25,10:13:00,N,nominal,2.0NRT,308.73,16.47,D,VIIRS
48.44208,37.48426,338.3,0.42,0.38,2026-08-25,10:13:00,N,low,2.0NRT,310.94,4.66,D,VIIRS
47.89494,34.73507,335.77,0.52,0.41,2026-08-25,10:13:00,N,nominal,2.0NRT,309.3,4.13,D,VIIRS
48.48562,37.76213,336.7,0.41,0.37,2026-08-25,10:13:00,N,nominal,2.0NRT,307.26,2.46,D,VIIRS
48.20794,36.30959,334.42,0.45,0.39,2026-08-25,10:13:00,N,low,2.0NRT,308.29,2.33,D,VIIRS
47.68449,33.82095,340.71,0.56,0.43,2026-08-25,10:13:00,N,nominal,2.0NRT,306.64,5.08,D,VIIRS
48.20446,36.31112,334.81,0.45,0.39,2026-08-25,10:13:00,N,low,2.0NRT,308.52,2.44,D,VIIRS
48.37053,37.17736,334.92,0.43,0.38,2026-08-25,10:13:00,N,nominal,2.0NRT,305.83,3.18,D,VIIRS
48.46167,37.68993,334.57,0.41,0.37,2026-08-25,10:13:00,N,nominal,2.0NRT,307.57,3.34,D,VIIRS
48.08112,35.78747,330.65,0.47,0.4,2026-08-25,10:13:00,N,low,2.0NRT,303.73,2.51,D,VIIRS
48.31489,36.99928,335.93,0.43,0.38,2026-08-25,10:13:00,N,nominal,2.0NRT,308.1,0.98,D,VIIRS
48.45487,37.75143,332.16,0.41,0.37,2026-08-25,10:13:00,N,nominal,2.0NRT,307.11,2.17,D,VIIRS
48.07797,35.82908,350.34,0.47,0.4,2026-08-25,10:13:00,N,nominal,2.0NRT,311.39,10.29,D,VIIRS
48.32937,37.13396,337.23,0.43,0.38,2026-08-25,10:13:00,N,nominal,2.0NRT,305.04,3.29,D,VIIRS
47.7964,34.52143,336.86,0.53,0.42,2026-08-25,10:13:00,N,low,2.0NRT,309.41,5.08,D,VIIRS
48.4254,37.66915,346.25,0.42,0.37,2026-08-25,10:13:00,N,nominal,2.0NRT,303.63,9.34,D,VIIRS
47.79269,34.52317,336.33,0.53,0.42,2026-08-25,10:13:00,N,low,2.0NRT,309.45,5.08,D,VIIRS
48.00655,35.536,336.85,0.48,0.4,2026-08-25,10:13:00,N,nominal,2.0NRT,311.01,4.66,D,VIIRS
47.78897,34.52492,334.59,0.53,0.42,2026-08-25,10:13:00,N,nominal,2.0NRT,308.16,3.76,D,VIIRS
47.80214,34.62348,340.61,0.52,0.42,2026-08-25,10:13:00,N,nominal,2.0NRT,311.35,14.98,D,VIIRS
47.79845,34.62523,340.68,0.52,0.42,2026-08-25,10:13:00,N,nominal,2.0NRT,307.92,14.98,D,VIIRS
48.28079,37.01379,338.62,0.43,0.38,2026-08-25,10:13:00,N,nominal,2.0NRT,309.59,2.49,D,VIIRS
48.33102,37.2787,338.51,0.42,0.38,2026-08-25,10:13:00,N,nominal,2.0NRT,307.28,3.14,D,VIIRS
48.18252,36.5255,336.03,0.45,0.39,2026-08-25,10:13:00,N,low,2.0NRT,306.05,5.08,D,VIIRS
48.32868,37.28566,332.85,0.42,0.38,2026-08-25,10:13:00,N,low,2.0NRT,304.21,3.14,D,VIIRS
48.12656,36.26157,333.17,0.45,0.39,2026-08-25,10:13:00,N,low,2.0NRT,306.48,1.88,D,VIIRS
48.18021,36.5328,334.39,0.45,0.39,2026-08-25,10:13:00,N,low,2.0NRT,307.6,33.01,D,VIIRS
48.42467,37.82254,335.78,0.41,0.37,2026-08-25,10:13:00,N,low,2.0NRT,309.51,2.55,D,VIIRS
48.12309,36.26313,331.1,0.45,0.39,2026-08-25,10:13:00,N,low,2.0NRT,305.88,1.88,D,VIIRS
48.57988,38.71333,334.52,0.4,0.37,2026-08-25,10:13:00,N,low,2.0NRT,308.55,3.64,D,VIIRS
48.44181,37.95603,340.59,0.41,0.37,2026-08-25,10:13:00,N,nominal,2.0NRT,309.07,8.99,D,VIIRS
48.32354,37.33598,333.11,0.42,0.38,2026-08-25,10:13:00,N,nominal,2.0NRT,303.63,2.1,D,VIIRS
48.34239,37.43639,345.25,0.42,0.38,2026-08-25,10:13:00,N,nominal,2.0NRT,306.03,5.35,D,VIIRS
48.3885,37.68447,348.68,0.42,0.37,2026-08-25,10:13:00,N,nominal,2.0NRT,312.63,6.5,D,VIIRS
48.4073,37.80626,342.97,0.41,0.37,2026-08-25,10:13:00,N,nominal,2.0NRT,308.87,7.74,D,VIIRS
48.40294,37.80216,339.03,0.41,0.37,2026-08-25,10:13:00,N,low,2.0NRT,310.32,6.42,D,VIIRS
48.40395,37.80765,351.6,0.41,0.37,2026-08-25,10:13:00,N,nominal,2.0NRT,308.45,7.74,D,VIIRS
48.40308,37.79834,336.12,0.41,0.37,2026-08-25,10:13:00,N,nominal,2.0NRT,309.92,3.08,D,VIIRS
48.40408,37.80383,342.98,0.41,0.37,2026-08-25,10:13:00,N,nominal,2.0NRT,309.81,5,D,VIIRS
48.40507,37.80932,336.38,0.41,0.37,2026-08-25,10:13:00,N,nominal,2.0NRT,306.81,5,D,VIIRS
48.40172,37.81069,338.52,0.41,0.37,2026-08-25,10:13:00,N,nominal,2.0NRT,305.31,5,D,VIIRS
48.39241,37.77912,334.68,0.41,0.37,2026-08-25,10:13:00,N,low,2.0NRT,306.52,9.22,D,VIIRS
48.42878,37.98085,330.32,0.41,0.37,2026-08-25,10:13:00,N,nominal,2.0NRT,304.23,1.36,D,VIIRS
48.40158,37.86955,341.57,0.41,0.37,2026-08-25,10:13:00,N,nominal,2.0NRT,305.71,3.46,D,VIIRS
48.22791,36.97062,332.4,0.43,0.38,2026-08-25,10:13:00,N,low,2.0NRT,307.24,1.67,D,VIIRS
48.23849,37.04599,342.22,0.43,0.38,2026-08-25,10:13:00,N,nominal,2.0NRT,310.16,10.89,D,VIIRS
48.23508,37.0474,340.03,0.43,0.38,2026-08-25,10:13:00,N,low,2.0NRT,311.86,6.9,D,VIIRS
48.22825,37.05024,339.74,0.43,0.38,2026-08-25,10:13:00,N,nominal,2.0NRT,307.91,3.6,D,VIIRS
48.50589,38.59815,331.85,0.4,0.37,2026-08-25,10:13:00,N,nominal,2.0NRT,304.15,2.1,D,VIIRS
48.09303,36.40683,339.73,0.45,0.39,2026-08-25,10:13:00,N,nominal,2.0NRT,305.47,3.97,D,VIIRS
48.17552,36.83183,336.47,0.44,0.38,2026-08-25,10:13:00,N,low,2.0NRT,311.2,4.92,D,VIIRS
48.17207,36.83322,334.1,0.44,0.38,2026-08-25,10:13:00,N,low,2.0NRT,308.44,2.88,D,VIIRS
48.13628,36.68627,345.82,0.44,0.39,2026-08-25,10:13:00,N,nominal,2.0NRT,305.61,11.87,D,VIIRS
48.36006,37.89808,344.15,0.41,0.37,2026-08-25,10:13:00,N,nominal,2.0NRT,305.27,4.08,D,VIIRS
48.21923,37.15805,337.59,0.43,0.38,2026-08-25,10:13:00,N,low,2.0NRT,311.85,10.03,D,VIIRS
48.35671,37.89941,338.11,0.41,0.37,2026-08-25,10:13:00,N,nominal,2.0NRT,306.54,1.91,D,VIIRS
48.37405,38.01497,332.54,0.41,0.37,2026-08-25,10:13:00,N,nominal,2.0NRT,300.13,2.23,D,VIIRS
48.03836,36.32132,337.61,0.45,0.39,2026-08-25,10:13:00,N,nominal,2.0NRT,302.8,3.23,D,VIIRS
48.0606,36.52912,330.9,0.45,0.39,2026-08-25,10:13:00,N,nominal,2.0NRT,305.76,2.23,D,VIIRS
47.55835,34.17506,339.1,0.55,0.43,2026-08-25,10:13:00,N,nominal,2.0NRT,310.06,6.64,D,VIIRS
48.18226,37.23676,332.82,0.43,0.38,2026-08-25,10:13:00,N,low,2.0NRT,306.33,5.28,D,VIIRS
48.17886,37.23817,334.78,0.43,0.38,2026-08-25,10:13:00,N,low,2.0NRT,308.53,5.28,D,VIIRS
48.17991,37.2438,336.25,0.43,0.38,2026-08-25,10:13:00,N,low,2.0NRT,306.91,5.28,D,VIIRS
48.12618,36.99751,335.13,0.43,0.38,2026-08-25,10:13:00,N,low,2.0NRT,306.57,14.78,D,VIIRS
48.12169,36.99329,332.95,0.43,0.38,2026-08-25,10:13:00,N,low,2.0NRT,306.42,2.45,D,VIIRS
48.12276,36.99898,335.02,0.43,0.38,2026-08-25,10:13:00,N,low,2.0NRT,307.08,2.45,D,VIIRS
48.1857,37.39236,335.22,0.42,0.38,2026-08-25,10:13:00,N,low,2.0NRT,307.22,6.86,D,VIIRS
48.04386,36.66491,341.24,0.44,0.39,2026-08-25,10:13:00,N,nominal,2.0NRT,307.33,2.76,D,VIIRS
48.10443,37.01914,335.82,0.43,0.38,2026-08-25,10:13:00,N,low,2.0NRT,308.13,3.89,D,VIIRS
48.14569,37.27619,343.2,0.43,0.38,2026-08-25,10:13:00,N,nominal,2.0NRT,302.94,11.73,D,VIIRS
48.14674,37.2818,351.86,0.43,0.38,2026-08-25,10:13:00,N,nominal,2.0NRT,304.16,11.73,D,VIIRS
48.1423,37.27764,337.23,0.43,0.38,2026-08-25,10:13:00,N,nominal,2.0NRT,304.57,11.73,D,VIIRS
48.14335,37.28324,356.01,0.43,0.38,2026-08-25,10:13:00,N,nominal,2.0NRT,307.01,11.73,D,VIIRS
50.20315,37.52536,332.1,0.4,0.37,2026-08-25,10:13:00,N,low,2.0NRT,303.88,3.03,D,VIIRS
50.21327,37.56246,337.76,0.4,0.37,2026-08-25,10:13:00,N,nominal,2.0NRT,304.39,3.75,D,VIIRS
50.08781,36.66008,348.9,0.42,0.38,2026-08-25,10:13:00,N,nominal,2.0NRT,302.36,11.81,D,VIIRS
50.08674,36.65443,339.53,0.42,0.38,2026-08-25,10:13:00,N,nominal,2.0NRT,301.39,15.68,D,VIIRS
50.08904,36.64726,367,0.42,0.38,2026-08-25,10:13:00,N,high,2.0NRT,307.83,15.68,D,VIIRS
50.09221,36.66421,344.75,0.42,0.38,2026-08-25,10:13:00,N,nominal,2.0NRT,295.29,11.81,D,VIIRS
50.09116,36.65857,345.16,0.42,0.38,2026-08-25,10:13:00,N,nominal,2.0NRT,303.5,11.81,D,VIIRS
50.0901,36.65292,351.7,0.42,0.38,2026-08-25,10:13:00,N,nominal,2.0NRT,308.15,15.68,D,VIIRS
50.09557,36.66269,341.3,0.42,0.38,2026-08-25,10:13:00,N,nominal,2.0NRT,300.79,4.43,D,VIIRS
50.09451,36.65705,337.6,0.42,0.38,2026-08-25,10:13:00,N,nominal,2.0NRT,304.02,4.43,D,VIIRS
50.0924,36.64574,346.38,0.42,0.38,2026-08-25,10:13:00,N,nominal,2.0NRT,305.66,15.2,D,VIIRS
50.09998,36.66684,337.36,0.42,0.38,2026-08-25,10:13:00,N,nominal,2.0NRT,302.47,3.23,D,VIIRS
50.09892,36.66118,338.07,0.42,0.38,2026-08-25,10:13:00,N,nominal,2.0NRT,304.16,4.43,D,VIIRS
50.09576,36.64423,337.22,0.42,0.38,2026-08-25,10:13:00,N,nominal,2.0NRT,299.84,15.2,D,VIIRS
50.10334,36.66534,333.23,0.42,0.38,2026-08-25,10:13:00,N,nominal,2.0NRT,299.33,5.15,D,VIIRS
50.10669,36.66385,346.47,0.42,0.38,2026-08-25,10:13:00,N,nominal,2.0NRT,298.2,5.15,D,VIIRS
50.10564,36.65817,350.68,0.42,0.38,2026-08-25,10:13:00,N,nominal,2.0NRT,304.93,8.41,D,VIIRS
50.10458,36.65252,346.21,0.42,0.38,2026-08-25,10:13:00,N,nominal,2.0NRT,305.87,8.41,D,VIIRS
50.20461,37.01842,329.44,0.41,0.37,2026-08-25,10:13:00,N,nominal,2.0NRT,297.91,3.45,D,VIIRS
50.20486,37.00006,350.57,0.41,0.37,2026-08-25,10:13:00,N,nominal,2.0NRT,299.81,5.44,D,VIIRS
50.12326,36.55751,338.5,0.42,0.38,2026-08-25,10:13:00,N,nominal,2.0NRT,299.93,5.22,D,VIIRS
50.12662,36.55599,350.06,0.42,0.38,2026-08-25,10:13:00,N,nominal,2.0NRT,297.79,12.49,D,VIIRS
50.12555,36.55024,334.28,0.42,0.38,2026-08-25,10:13:00,N,nominal,2.0NRT,300.61,3.76,D,VIIRS
50.20277,36.90954,337.87,0.41,0.37,2026-08-25,10:13:00,N,nominal,2.0NRT,295.99,4.26,D,VIIRS
50.22636,36.88066,338.74,0.41,0.37,2026-08-25,10:13:00,N,nominal,2.0NRT,298.68,4.7,D,VIIRS
50.2243,36.86937,334.17,0.41,0.37,2026-08-25,10:13:00,N,nominal,2.0NRT,297.37,5.12,D,VIIRS
50.22525,36.87938,337.02,0.41,0.37,2026-08-25,10:13:00,N,nominal,2.0NRT,298.65,5.34,D,VIIRS
50.22316,36.86808,342.36,0.41,0.37,2026-08-25,10:13:00,N,nominal,2.0NRT,299.06,6.03,D,VIIRS
50.16107,36.43864,340.65,0.42,0.38,2026-08-25,10:13:00,N,nominal,2.0NRT,299.9,6.51,D,VIIRS
50.16333,36.43127,339.76,0.42,0.38,2026-08-25,10:13:00,N,nominal,2.0NRT,298.84,3.41,D,VIIRS
49.86916,34.93582,341.24,0.47,0.39,2026-08-25,10:13:00,N,nominal,2.0NRT,299.28,2.94,D,VIIRS
50.26736,36.8728,330.46,0.41,0.37,2026-08-25,10:13:00,N,nominal,2.0NRT,296.43,3.12,D,VIIRS
50.28278,36.87814,341.93,0.41,0.37,2026-08-25,10:13:00,N,nominal,2.0NRT,298.04,5.17,D,VIIRS
50.15328,36.14588,333.07,0.43,0.38,2026-08-25,10:13:00,N,nominal,2.0NRT,306.06,4.5,D,VIIRS
50.32155,37.03157,332.72,0.41,0.37,2026-08-25,10:13:00,N,nominal,2.0NRT,298.21,2.5,D,VIIRS
50.30001,36.91319,335.06,0.41,0.37,2026-08-25,10:13:00,N,nominal,2.0NRT,302.97,2.18,D,VIIRS
50.20782,36.29809,328.29,0.42,0.38,2026-08-25,10:13:00,N,nominal,2.0NRT,296.07,5.4,D,VIIRS
50.31614,36.86324,329.87,0.41,0.37,2026-08-25,10:13:00,N,nominal,2.0NRT,302.56,3.47,D,VIIRS
48.14441,37.28885,348.75,0.43,0.38,2026-08-25,10:13:00,N,nominal,2.0NRT,299.48,8.27,D,VIIRS
48.13997,37.28469,335.28,0.43,0.38,2026-08-25,10:13:00,N,nominal,2.0NRT,301.07,2.3,D,VIIRS
48.0387,36.79259,346.17,0.44,0.38,2026-08-25,10:13:00,N,nominal,2.0NRT,307.77,7.89,D,VIIRS
47.26781,33.18367,353.3,0.41,0.45,2026-08-25,10:13:00,N,nominal,2.0NRT,314.74,37.74,D,VIIRS
48.03527,36.79407,345.99,0.44,0.38,2026-08-25,10:13:00,N,nominal,2.0NRT,311.4,7.89,D,VIIRS
47.26386,33.18558,341.76,0.41,0.45,2026-08-25,10:13:00,N,nominal,2.0NRT,308.22,2.94,D,VIIRS
48.03294,36.80132,334.28,0.44,0.38,2026-08-25,10:13:00,N,low,2.0NRT,309.2,2.68,D,VIIRS
48.03406,36.80708,334.33,0.44,0.38,2026-08-25,10:13:00,N,low,2.0NRT,307.5,4.5,D,VIIRS
48.08685,37.08187,339.66,0.43,0.38,2026-08-25,10:13:00,N,nominal,2.0NRT,309.68,5.85,D,VIIRS
48.0025,36.66393,341.4,0.44,0.39,2026-08-25,10:13:00,N,nominal,2.0NRT,307.94,6.09,D,VIIRS
48.05504,36.93512,335.97,0.44,0.38,2026-08-25,10:13:00,N,nominal,2.0NRT,305.29,2.39,D,VIIRS
48.05272,36.9423,347.82,0.44,0.38,2026-08-25,10:13:00,N,nominal,2.0NRT,307.48,8.67,D,VIIRS
48.19517,37.69814,334.22,0.42,0.37,2026-08-25,10:13:00,N,low,2.0NRT,306.54,3.96,D,VIIRS
47.66027,35.04279,350.14,0.51,0.41,2026-08-25,10:13:00,N,nominal,2.0NRT,312.09,64.53,D,VIIRS
48.30527,38.34484,347.45,0.4,0.37,2026-08-25,10:13:00,N,nominal,2.0NRT,310.33,5.48,D,VIIRS
48.30291,38.35151,334.75,0.4,0.37,2026-08-25,10:13:00,N,low,2.0NRT,308.24,2.83,D,VIIRS
47.31586,33.52399,332.9,0.39,0.44,2026-08-25,10:13:00,N,low,2.0NRT,306.55,2.52,D,VIIRS
47.65155,35.03951,345.78,0.51,0.41,2026-08-25,10:13:00,N,low,2.0NRT,319.26,41.17,D,VIIRS
47.65295,35.04611,339.31,0.51,0.41,2026-08-25,10:13:00,N,nominal,2.0NRT,305.7,41.17,D,VIIRS
47.99429,36.71772,343.4,0.44,0.39,2026-08-25,10:13:00,N,nominal,2.0NRT,311.1,8.18,D,VIIRS
47.70304,35.30132,346,0.5,0.41,2026-08-25,10:13:00,N,nominal,2.0NRT,307.27,12.77,D,VIIRS
47.15791,32.88551,342.86,0.42,0.45,2026-08-25,10:13:00,N,nominal,2.0NRT,308.39,5.32,D,VIIRS
47.94843,36.5225,334.61,0.45,0.39,2026-08-25,10:13:00,N,nominal,2.0NRT,306.3,3.02,D,VIIRS
47.694,35.31944,339.28,0.5,0.41,2026-08-25,10:13:00,N,nominal,2.0NRT,304.06,3.7,D,VIIRS
47.98016,36.75614,336.72,0.44,0.39,2026-08-25,10:13:00,N,low,2.0NRT,310.91,2.95,D,VIIRS
48.21298,38.00829,355.5,0.41,0.37,2026-08-25,10:13:00,N,nominal,2.0NRT,311.87,16.23,D,VIIRS
47.15709,32.887,338.85,0.42,0.45,2026-08-25,10:13:00,N,nominal,2.0NRT,308.26,5.49,D,VIIRS
48.20964,38.00966,345.28,0.41,0.37,2026-08-25,10:13:00,N,nominal,2.0NRT,309.38,16.23,D,VIIRS
48.2063,38.01105,340.93,0.41,0.37,2026-08-25,10:13:00,N,nominal,2.0NRT,306.33,2.86,D,VIIRS
47.32454,33.65994,345.19,0.39,0.44,2026-08-25,10:13:00,N,nominal,2.0NRT,310.96,6.34,D,VIIRS
47.32565,33.66491,367,0.39,0.44,2026-08-25,10:13:00,N,high,2.0NRT,313.51,6.34,D,VIIRS
47.32067,33.66183,343.82,0.39,0.44,2026-08-25,10:13:00,N,nominal,2.0NRT,313.39,4,D,VIIRS
47.32178,33.6668,342.56,0.39,0.44,2026-08-25,10:13:00,N,nominal,2.0NRT,314.02,4,D,VIIRS
47.80119,35.92244,349.41,0.47,0.4,2026-08-25,10:13:00,N,nominal,2.0NRT,303.94,3.96,D,VIIRS
47.79765,35.92401,334.45,0.47,0.4,2026-08-25,10:13:00,N,nominal,2.0NRT,305.08,3.96,D,VIIRS
47.97836,36.86322,338.95,0.44,0.38,2026-08-25,10:13:00,N,low,2.0NRT,311.39,22.46,D,VIIRS
48.17231,37.90245,344.96,0.41,0.37,2026-08-25,10:13:00,N,nominal,2.0NRT,311.46,4.06,D,VIIRS
48.17329,37.90784,348.2,0.41,0.37,2026-08-25,10:13:00,N,nominal,2.0NRT,312.14,4.06,D,VIIRS
47.30907,33.66748,342,0.39,0.44,2026-08-25,10:13:00,N,nominal,2.0NRT,310.63,2.61,D,VIIRS
47.31018,33.67244,334.96,0.39,0.44,2026-08-25,10:13:00,N,low,2.0NRT,309.83,2.61,D,VIIRS
47.5782,34.89962,355.59,0.52,0.41,2026-08-25,10:13:00,N,nominal,2.0NRT,310.51,15.49,D,VIIRS
47.70423,35.50305,341.51,0.49,0.4,2026-08-25,10:13:00,N,nominal,2.0NRT,304.61,5.71,D,VIIRS
47.70552,35.50933,334.99,0.49,0.4,2026-08-25,10:13:00,N,nominal,2.0NRT,304.83,5.71,D,VIIRS
48.07569,37.39711,338.85,0.42,0.38,2026-08-25,10:13:00,N,nominal,2.0NRT,308.69,7.51,D,VIIRS
48.16896,37.90382,334.7,0.41,0.37,2026-08-25,10:13:00,N,low,2.0NRT,309.64,4.06,D,VIIRS
48.07332,37.40403,335.07,0.42,0.38,2026-08-25,10:13:00,N,nominal,2.0NRT,302.91,22.64,D,VIIRS
48.07436,37.40955,341.53,0.42,0.38,2026-08-25,10:13:00,N,nominal,2.0NRT,308.1,11.56,D,VIIRS
48.07539,37.41509,332.63,0.42,0.38,2026-08-25,10:13:00,N,low,2.0NRT,304.88,11.56,D,VIIRS
47.90728,36.55399,343.21,0.45,0.39,2026-08-25,10:13:00,N,nominal,2.0NRT,312.65,25.42,D,VIIRS
47.96805,36.86763,334.25,0.44,0.38,2026-08-25,10:13:00,N,low,2.0NRT,308.81,8.56,D,VIIRS
47.96915,36.87337,348.09,0.44,0.38,2026-08-25,10:13:00,N,nominal,2.0NRT,312.46,8.56,D,VIIRS
47.97576,36.90778,341.04,0.44,0.38,2026-08-25,10:13:00,N,nominal,2.0NRT,308.37,2.67,D,VIIRS
48.07096,37.41095,347.61,0.42,0.38,2026-08-25,10:13:00,N,nominal,2.0NRT,307.18,11.56,D,VIIRS
48.16324,37.91196,357.02,0.41,0.37,2026-08-25,10:13:00,N,nominal,2.0NRT,313.76,41.27,D,VIIRS
47.49318,34.55949,338.53,0.53,0.42,2026-08-25,10:13:00,N,nominal,2.0NRT,304.83,11.86,D,VIIRS
47.97232,36.90924,347.39,0.44,0.38,2026-08-25,10:13:00,N,nominal,2.0NRT,309.4,4.43,D,VIIRS
48.06654,37.40679,335.65,0.42,0.38,2026-08-25,10:13:00,N,low,2.0NRT,307.01,3.73,D,VIIRS
48.06757,37.41234,335.62,0.42,0.38,2026-08-25,10:13:00,N,nominal,2.0NRT,303.99,4.32,D,VIIRS
50.25982,36.29755,328.86,0.42,0.38,2026-08-25,10:13:00,N,low,2.0NRT,300.2,5.3,D,VIIRS
49.39337,32.06341,334.88,0.4,0.44,2026-08-25,10:13:00,N,nominal,2.0NRT,306.01,2.98,D,VIIRS
47.98014,25.90843,326.49,0.39,0.6,2026-08-25,10:13:00,N,low,2.0NRT,297.99,1.97,D,VIIRS
48.5845,27.86846,340.98,0.63,0.54,2026-08-25,10:13:00,N,nominal,2.0NRT,297.96,8.75,D,VIIRS
48.58493,27.86843,341.92,0.63,0.54,2026-08-25,10:13:00,N,nominal,2.0NRT,298.01,12.11,D,VIIRS
49.92657,33.00959,330.16,0.54,0.42,2026-08-25,10:13:00,N,nominal,2.0NRT,301.81,3.21,D,VIIRS
48.55184,27.0961,332.26,0.34,0.56,2026-08-25,10:13:00,N,nominal,2.0NRT,294.05,3.72,D,VIIRS
48.55062,27.09187,352.34,0.34,0.56,2026-08-25,10:13:00,N,nominal,2.0NRT,296.73,3.72,D,VIIRS
48.48315,26.81961,340.82,0.35,0.57,2026-08-25,10:13:00,N,nominal,2.0NRT,294.95,2.77,D,VIIRS
50.57071,35.23527,345.91,0.45,0.39,2026-08-25,10:13:00,N,nominal,2.0NRT,301.48,10.46,D,VIIRS
50.56951,35.22912,348.22,0.45,0.39,2026-08-25,10:13:00,N,nominal,2.0NRT,303.88,10.46,D,VIIRS
50.57416,35.23359,342.81,0.45,0.39,2026-08-25,10:13:00,N,nominal,2.0NRT,300.17,10.46,D,VIIRS
50.57295,35.22744,343.37,0.45,0.39,2026-08-25,10:13:00,N,nominal,2.0NRT,302.11,10.46,D,VIIRS
50.57512,35.22607,327.1,0.45,0.39,2026-08-25,10:13:00,N,low,2.0NRT,298.21,2.02,D,VIIRS
50.60908,35.28321,329.07,0.44,0.39,2026-08-25,10:13:00,N,nominal,2.0NRT,297.83,2.58,D,VIIRS
50.90213,35.05472,331.44,0.45,0.39,2026-08-25,10:13:00,N,nominal,2.0NRT,296.68,2.71,D,VIIRS
47.96669,36.89927,334.37,0.44,0.38,2026-08-25,10:13:00,N,low,2.0NRT,308.31,6.65,D,VIIRS
47.96889,36.91072,349.56,0.44,0.38,2026-08-25,10:13:00,N,nominal,2.0NRT,311.35,4.43,D,VIIRS
47.36486,34.03112,342.3,0.56,0.43,2026-08-25,10:13:00,N,nominal,2.0NRT,306.78,13,D,VIIRS
47.81458,36.16165,344.02,0.46,0.39,2026-08-25,10:13:00,N,nominal,2.0NRT,310.91,32.83,D,VIIRS
47.63261,35.29105,332.42,0.5,0.41,2026-08-25,10:13:00,N,low,2.0NRT,306.35,3.06,D,VIIRS
47.78217,36.05744,336.77,0.47,0.4,2026-08-25,10:13:00,N,nominal,2.0NRT,306.46,7.76,D,VIIRS
48.09027,37.67147,339.8,0.42,0.38,2026-08-25,10:13:00,N,low,2.0NRT,311.06,6.84,D,VIIRS
47.88408,36.60836,337.35,0.45,0.39,2026-08-25,10:13:00,N,nominal,2.0NRT,311.79,1.8,D,VIIRS
47.79115,36.17828,336.76,0.46,0.39,2026-08-25,10:13:00,N,nominal,2.0NRT,306.43,4.05,D,VIIRS
48.08932,37.72512,336.92,0.42,0.37,2026-08-25,10:13:00,N,nominal,2.0NRT,305.6,6.26,D,VIIRS
48.09034,37.73061,338.11,0.42,0.37,2026-08-25,10:13:00,N,nominal,2.0NRT,302.77,6.26,D,VIIRS
48.08596,37.72651,340.87,0.42,0.37,2026-08-25,10:13:00,N,nominal,2.0NRT,309.98,6.26,D,VIIRS
48.08698,37.732,343.18,0.42,0.37,2026-08-25,10:13:00,N,nominal,2.0NRT,312.46,6.26,D,VIIRS
48.08261,37.72791,338.83,0.42,0.37,2026-08-25,10:13:00,N,nominal,2.0NRT,309.91,20.86,D,VIIRS
48.08362,37.73339,343.41,0.42,0.37,2026-08-25,10:13:00,N,nominal,2.0NRT,314.8,20.86,D,VIIRS
48.08026,37.73479,367,0.42,0.37,2026-08-25,10:13:00,N,low,2.0NRT,331.48,20.86,D,VIIRS
47.84131,36.48693,337.01,0.45,0.39,2026-08-25,10:13:00,N,low,2.0NRT,308.47,1.96,D,VIIRS
48.07416,37.70184,341.1,0.42,0.38,2026-08-25,10:13:00,N,nominal,2.0NRT,310.01,7.27,D,VIIRS
48.07924,37.7293,337.7,0.42,0.37,2026-08-25,10:13:00,N,nominal,2.0NRT,307.89,20.86,D,VIIRS
48.0769,37.73618,367,0.42,0.37,2026-08-25,10:13:00,N,low,2.0NRT,331.91,26.38,D,VIIRS
47.90304,36.8204,341.49,0.44,0.38,2026-08-25,10:13:00,N,nominal,2.0NRT,310.56,5.35,D,VIIRS
48.07588,37.73069,346.37,0.42,0.37,2026-08-25,10:13:00,N,nominal,2.0NRT,307.24,26.38,D,VIIRS
47.33675,34.13164,337.1,0.56,0.43,2026-08-25,10:13:00,N,nominal,2.0NRT,309.88,4.64,D,VIIRS
47.89614,36.82332,344.4,0.44,0.38,2026-08-25,10:13:00,N,nominal,2.0NRT,310.04,6.45,D,VIIRS
48.18995,38.43771,332.99,0.4,0.37,2026-08-25,10:13:00,N,low,2.0NRT,305.69,2.08,D,VIIRS
47.33831,34.13142,336.54,0.56,0.43,2026-08-25,10:13:00,N,low,2.0NRT,309,5.35,D,VIIRS
47.61853,35.55062,336,0.49,0.4,2026-08-25,10:13:00,N,low,2.0NRT,308.3,3.2,D,VIIRS
47.54449,35.21167,340.5,0.5,0.41,2026-08-25,10:13:00,N,low,2.0NRT,312.64,13.93,D,VIIRS
47.4223,34.69142,334.37,0.53,0.42,2026-08-25,10:13:00,N,low,2.0NRT,307.37,2.8,D,VIIRS
47.32694,34.27075,334.61,0.55,0.43,2026-08-25,10:13:00,N,low,2.0NRT,307.22,7.93,D,VIIRS
47.81464,36.64687,343.67,0.45,0.39,2026-08-25,10:13:00,N,low,2.0NRT,314.04,6.3,D,VIIRS
47.81231,36.65418,350.83,0.45,0.39,2026-08-25,10:13:00,N,nominal,2.0NRT,311.01,7.97,D,VIIRS
47.80885,36.6557,347.13,0.45,0.39,2026-08-25,10:13:00,N,nominal,2.0NRT,314.92,7.97,D,VIIRS
47.25493,34.02087,353.49,0.57,0.43,2026-08-25,10:13:00,N,nominal,2.0NRT,311.45,21.73,D,VIIRS
47.25814,34.03529,353.33,0.56,0.43,2026-08-25,10:13:00,N,nominal,2.0NRT,311.58,10.74,D,VIIRS
47.25433,34.03714,338.72,0.56,0.43,2026-08-25,10:13:00,N,nominal,2.0NRT,305.76,10.74,D,VIIRS
47.69479,36.11772,343.21,0.47,0.39,2026-08-25,10:13:00,N,nominal,2.0NRT,312.44,20.81,D,VIIRS
47.25272,34.02993,367,0.57,0.43,2026-08-25,10:13:00,N,high,2.0NRT,309.38,10.74,D,VIIRS
47.72021,36.26383,337.64,0.46,0.39,2026-08-25,10:13:00,N,nominal,2.0NRT,308.03,12.83,D,VIIRS
47.73574,36.36099,336,0.46,0.39,2026-08-25,10:13:00,N,nominal,2.0NRT,307.96,2.97,D,VIIRS
47.05228,33.22507,344.95,0.41,0.45,2026-08-25,10:13:00,N,nominal,2.0NRT,310.63,4.2,D,VIIRS
47.04831,33.22702,337.22,0.41,0.45,2026-08-25,10:13:00,N,low,2.0NRT,310.58,3.68,D,VIIRS
47.79811,36.77369,339.99,0.44,0.39,2026-08-25,10:13:00,N,nominal,2.0NRT,310.35,3.61,D,VIIRS
47.68718,36.23236,336.74,0.46,0.39,2026-08-25,10:13:00,N,nominal,2.0NRT,306.79,2.74,D,VIIRS
46.76043,32.11938,334.49,0.46,0.47,2026-08-25,10:13:00,N,low,2.0NRT,307.48,4.6,D,VIIRS
46.78749,32.22957,339.92,0.46,0.47,2026-08-25,10:13:00,N,nominal,2.0NRT,308.05,3.37,D,VIIRS
46.7889,32.23533,337.7,0.46,0.47,2026-08-25,10:13:00,N,nominal,2.0NRT,308.57,3.37,D,VIIRS
47.08543,33.50064,353.8,0.4,0.44,2026-08-25,10:13:00,N,nominal,2.0NRT,312.77,19.87,D,VIIRS
47.08661,33.5057,346.75,0.4,0.44,2026-08-25,10:13:00,N,nominal,2.0NRT,307.01,8.32,D,VIIRS
47.25861,34.26419,332.77,0.55,0.43,2026-08-25,10:13:00,N,low,2.0NRT,304.46,5.01,D,VIIRS
47.62501,35.98219,339.23,0.47,0.4,2026-08-25,10:13:00,N,nominal,2.0NRT,312.16,8.57,D,VIIRS
47.71967,36.49007,343.35,0.45,0.39,2026-08-25,10:13:00,N,nominal,2.0NRT,309.24,5.8,D,VIIRS
47.67579,36.28969,346.9,0.46,0.39,2026-08-25,10:13:00,N,nominal,2.0NRT,311.6,14.77,D,VIIRS
47.23139,34.19863,367,0.56,0.43,2026-08-25,10:13:00,N,high,2.0NRT,315.8,41.79,D,VIIRS
47.45856,35.25837,335.19,0.5,0.41,2026-08-25,10:13:00,N,nominal,2.0NRT,305.19,3.56,D,VIIRS
47.68079,36.35252,334.35,0.46,0.39,2026-08-25,10:13:00,N,low,2.0NRT,308.99,1.67,D,VIIRS
48.27592,39.59425,349.17,0.39,0.36,2026-08-25,10:13:00,N,nominal,2.0NRT,313.03,7.32,D,VIIRS
47.67533,36.2914,348.86,0.46,0.39,2026-08-25,10:13:00,N,nominal,2.0NRT,312.77,9.62,D,VIIRS
48.27426,39.59729,351.95,0.39,0.36,2026-08-25,10:13:00,N,nominal,2.0NRT,319.36,19.15,D,VIIRS
47.66825,36.27481,335.8,0.46,0.39,2026-08-25,10:13:00,N,nominal,2.0NRT,310.28,3.01,D,VIIRS
48.27098,39.59849,341.23,0.39,0.36,2026-08-25,10:13:00,N,nominal,2.0NRT,314.91,19.15,D,VIIRS
47.23081,34.19137,334.11,0.56,0.43,2026-08-25,10:13:00,N,nominal,2.0NRT,308.45,18.47,D,VIIRS
47.23238,34.19851,367,0.56,0.43,2026-08-25,10:13:00,N,high,2.0NRT,312.97,18.47,D,VIIRS
47.22858,34.20033,342.3,0.56,0.43,2026-08-25,10:13:00,N,nominal,2.0NRT,308.41,18.47,D,VIIRS
47.87057,37.36613,336.48,0.43,0.38,2026-08-25,10:13:00,N,nominal,2.0NRT,305.93,2.64,D,VIIRS
47.86456,37.39278,339.77,0.43,0.38,2026-08-25,10:13:00,N,low,2.0NRT,312.19,5.58,D,VIIRS
47.8656,37.39836,333.64,0.43,0.38,2026-08-25,10:13:00,N,low,2.0NRT,305.67,5.58,D,VIIRS
47.86117,37.39422,347.74,0.43,0.38,2026-08-25,10:13:00,N,nominal,2.0NRT,314.61,5.58,D,VIIRS
47.84517,37.32852,334.45,0.43,0.38,2026-08-25,10:13:00,N,low,2.0NRT,309.03,3.49,D,VIIRS
46.88446,32.79897,345.62,0.43,0.46,2026-08-25,10:13:00,N,nominal,2.0NRT,310.85,6.73,D,VIIRS
46.88574,32.80444,335.04,0.43,0.46,2026-08-25,10:13:00,N,low,2.0NRT,307.64,5.07,D,VIIRS
46.88702,32.80989,341.46,0.43,0.46,2026-08-25,10:13:00,N,nominal,2.0NRT,311.03,5.07,D,VIIRS
47.50217,35.60417,342.46,0.49,0.4,2026-08-25,10:13:00,N,nominal,2.0NRT,309.55,4.58,D,VIIRS
47.61872,36.1986,335.36,0.47,0.39,2026-08-25,10:13:00,N,nominal,2.0NRT,303.61,4.98,D,VIIRS
47.30658,34.73152,348.35,0.53,0.42,2026-08-25,10:13:00,N,nominal,2.0NRT,312.73,6.93,D,VIIRS
46.82632,32.66832,345.14,0.44,0.46,2026-08-25,10:13:00,N,nominal,2.0NRT,308.86,3.77,D,VIIRS
47.1877,34.24335,337.63,0.56,0.43,2026-08-25,10:13:00,N,nominal,2.0NRT,307.19,15.19,D,VIIRS
46.82488,32.68144,335.14,0.44,0.46,2026-08-25,10:13:00,N,low,2.0NRT,308.57,3.62,D,VIIRS
47.18391,34.24516,335.53,0.56,0.43,2026-08-25,10:13:00,N,low,2.0NRT,308.02,9.95,D,VIIRS
47.23875,34.51359,336.94,0.54,0.42,2026-08-25,10:13:00,N,low,2.0NRT,308.95,7.12,D,VIIRS
47.24025,34.52046,340.93,0.54,0.42,2026-08-25,10:13:00,N,nominal,2.0NRT,308.64,7.12,D,VIIRS
47.2365,34.52222,348.39,0.54,0.42,2026-08-25,10:13:00,N,nominal,2.0NRT,310.36,6.02,D,VIIRS
47.59428,36.24862,347.53,0.46,0.39,2026-08-25,10:13:00,N,nominal,2.0NRT,311.67,5.76,D,VIIRS
46.74941,32.44334,343.37,0.45,0.47,2026-08-25,10:13:00,N,nominal,2.0NRT,308.37,7.51,D,VIIRS
46.75078,32.44901,349.67,0.45,0.47,2026-08-25,10:13:00,N,nominal,2.0NRT,306.79,11.17,D,VIIRS
47.48754,35.76152,337.99,0.48,0.4,2026-08-25,10:13:00,N,low,2.0NRT,310.88,4.03,D,VIIRS
47.67761,36.72628,350.78,0.45,0.39,2026-08-25,10:13:00,N,nominal,2.0NRT,313.1,7.13,D,VIIRS
47.12057,34.09319,345.77,0.57,0.43,2026-08-25,10:13:00,N,nominal,2.0NRT,308.9,6.67,D,VIIRS
47.65809,36.64606,339.14,0.45,0.39,2026-08-25,10:13:00,N,low,2.0NRT,311.24,5.24,D,VIIRS
47.65577,36.65342,337.38,0.45,0.39,2026-08-25,10:13:00,N,low,2.0NRT,310.71,14.82,D,VIIRS
47.11454,34.10403,341.41,0.57,0.43,2026-08-25,10:13:00,N,low,2.0NRT,312.17,8.54,D,VIIRS
47.65114,36.64905,334.48,0.45,0.39,2026-08-25,10:13:00,N,low,2.0NRT,306.97,33.3,D,VIIRS
46.72066,32.47714,335.53,0.45,0.47,2026-08-25,10:13:00,N,low,2.0NRT,308.52,3.47,D,VIIRS
46.71655,32.47921,337.24,0.45,0.47,2026-08-25,10:13:00,N,low,2.0NRT,307.38,3.47,D,VIIRS
47.06869,34.01372,347.49,0.57,0.43,2026-08-25,10:13:00,N,nominal,2.0NRT,313.94,64.06,D,VIIRS
46.72382,32.47796,336.42,0.45,0.47,2026-08-25,10:13:00,N,nominal,2.0NRT,305.98,2.66,D,VIIRS
47.5879,36.46726,334.65,0.46,0.39,2026-08-25,10:13:00,N,low,2.0NRT,306.58,4.1,D,VIIRS
47.60184,36.53843,345.27,0.45,0.39,2026-08-25,10:13:00,N,nominal,2.0NRT,309.85,6.25,D,VIIRS
47.72638,37.18585,338.27,0.43,0.38,2026-08-25,10:13:00,N,low,2.0NRT,310.2,5.5,D,VIIRS
46.71971,32.48003,341.27,0.45,0.47,2026-08-25,10:13:00,N,nominal,2.0NRT,308.4,5.9,D,VIIRS
46.97412,33.57746,342.96,0.4,0.44,2026-08-25,10:13:00,N,nominal,2.0NRT,308.77,3.94,D,VIIRS
47.5844,36.46874,333.8,0.46,0.39,2026-08-25,10:13:00,N,low,2.0NRT,306.33,10.59,D,VIIRS
47.0677,34.01471,339.48,0.57,0.43,2026-08-25,10:13:00,N,low,2.0NRT,314.35,76.83,D,VIIRS
46.91019,33.33488,344.69,0.41,0.45,2026-08-25,10:13:00,N,nominal,2.0NRT,311.02,4.75,D,VIIRS
47.06385,34.01654,355.22,0.57,0.43,2026-08-25,10:13:00,N,nominal,2.0NRT,307.21,36.79,D,VIIRS
47.06547,34.02381,342.27,0.57,0.43,2026-08-25,10:13:00,N,nominal,2.0NRT,308.81,34.69,D,VIIRS
47.36167,35.40407,339.11,0.5,0.41,2026-08-25,10:13:00,N,nominal,2.0NRT,311.92,4.52,D,VIIRS
47.71718,37.19582,341.16,0.43,0.38,2026-08-25,10:13:00,N,low,2.0NRT,312.44,19.87,D,VIIRS
47.06001,34.01837,348.65,0.57,0.43,2026-08-25,10:13:00,N,nominal,2.0NRT,318.6,36.79,D,VIIRS
47.06163,34.02564,348.33,0.57,0.43,2026-08-25,10:13:00,N,nominal,2.0NRT,317.67,34.69,D,VIIRS
51.32294,34.29024,335.49,0.46,0.39,2026-08-25,10:13:00,N,nominal,2.0NRT,300.55,5.92,D,VIIRS
51.32643,34.28844,347.42,0.46,0.39,2026-08-25,10:13:00,N,nominal,2.0NRT,305.97,5.72,D,VIIRS
51.32991,34.28665,334.59,0.46,0.39,2026-08-25,10:13:00,N,nominal,2.0NRT,302.45,5.72,D,VIIRS
51.3286,34.28025,344.03,0.46,0.39,2026-08-25,10:13:00,N,nominal,2.0NRT,301.91,5.72,D,VIIRS
51.33227,33.95689,329.43,0.47,0.4,2026-08-25,10:13:00,N,low,2.0NRT,299.71,1.81,D,VIIRS
51.33147,33.95733,332.55,0.47,0.4,2026-08-25,10:13:00,N,nominal,2.0NRT,299.86,4.73,D,VIIRS
51.33848,33.95362,333.1,0.47,0.4,2026-08-25,10:13:00,N,nominal,2.0NRT,296.61,4.31,D,VIIRS
51.44238,33.91226,339.17,0.47,0.4,2026-08-25,10:13:00,N,nominal,2.0NRT,308.77,27.11,D,VIIRS
51.44102,33.90572,356.63,0.47,0.4,2026-08-25,10:13:00,N,nominal,2.0NRT,306.1,27.11,D,VIIRS
51.43966,33.89914,333.84,0.47,0.4,2026-08-25,10:13:00,N,nominal,2.0NRT,299.16,6.22,D,VIIRS
51.44589,33.91044,347.16,0.47,0.4,2026-08-25,10:13:00,N,nominal,2.0NRT,301.29,27.11,D,VIIRS
51.44317,33.89733,342.77,0.47,0.4,2026-08-25,10:13:00,N,nominal,2.0NRT,301.62,6.22,D,VIIRS
50.35012,28.42034,328.94,0.53,0.5,2026-08-25,10:13:00,N,nominal,2.0NRT,295.49,3.37,D,VIIRS
51.74961,34.29757,332.24,0.45,0.39,2026-08-25,10:13:00,N,nominal,2.0NRT,291.94,3.79,D,VIIRS
51.84478,34.2972,330.52,0.45,0.39,2026-08-25,10:13:00,N,nominal,2.0NRT,294.68,3.75,D,VIIRS
51.84568,34.29533,331.76,0.45,0.39,2026-08-25,10:13:00,N,nominal,2.0NRT,294.98,2.96,D,VIIRS
51.0023,30.38732,336.64,0.42,0.45,2026-08-25,10:13:00,N,nominal,2.0NRT,295.04,9.57,D,VIIRS
51.00626,30.38493,354.32,0.42,0.45,2026-08-25,10:13:00,N,nominal,2.0NRT,300.92,9.57,D,VIIRS
51.00486,30.37919,332.18,0.42,0.45,2026-08-25,10:13:00,N,nominal,2.0NRT,297.2,9.57,D,VIIRS
50.99732,30.31103,337.1,0.43,0.46,2026-08-25,10:13:00,N,nominal,2.0NRT,296.01,4.1,D,VIIRS
51.00129,30.30861,340.92,0.43,0.46,2026-08-25,10:13:00,N,nominal,2.0NRT,300.92,9.06,D,VIIRS
50.99987,30.30284,335.44,0.43,0.46,2026-08-25,10:13:00,N,nominal,2.0NRT,297.34,9.06,D,VIIRS
51.44717,32.04939,330.07,0.54,0.42,2026-08-25,10:13:00,N,nominal,2.0NRT,294.88,1.32,D,VIIRS
47.09834,34.1917,332.55,0.56,0.43,2026-08-25,10:13:00,N,low,2.0NRT,307.31,3.46,D,VIIRS
47.35804,35.4057,337.36,0.5,0.41,2026-08-25,10:13:00,N,low,2.0NRT,312.2,4.52,D,VIIRS
47.05132,33.99836,337.99,0.57,0.43,2026-08-25,10:13:00,N,low,2.0NRT,308.22,29.85,D,VIIRS
47.05617,34.0202,340.58,0.57,0.43,2026-08-25,10:13:00,N,low,2.0NRT,312.51,3.65,D,VIIRS
47.35441,35.40734,335.44,0.5,0.41,2026-08-25,10:13:00,N,low,2.0NRT,309.49,1.57,D,VIIRS
47.04747,34.00018,350.65,0.57,0.43,2026-08-25,10:13:00,N,nominal,2.0NRT,315.73,29.85,D,VIIRS
47.77638,37.56968,346.57,0.42,0.38,2026-08-25,10:13:00,N,nominal,2.0NRT,311.64,5.88,D,VIIRS
46.51633,31.75739,334.17,0.49,0.48,2026-08-25,10:13:00,N,low,2.0NRT,305.03,6.72,D,VIIRS
47.04362,34.00201,346.55,0.57,0.43,2026-08-25,10:13:00,N,nominal,2.0NRT,315.36,30.7,D,VIIRS
47.04525,34.00931,344.31,0.57,0.43,2026-08-25,10:13:00,N,nominal,2.0NRT,314.42,30.7,D,VIIRS
46.51207,31.75957,344.41,0.49,0.48,2026-08-25,10:13:00,N,nominal,2.0NRT,306.48,6.72,D,VIIRS
46.51357,31.76565,341.27,0.49,0.48,2026-08-25,10:13:00,N,nominal,2.0NRT,304.85,6.72,D,VIIRS
47.2553,34.99316,333.69,0.52,0.41,2026-08-25,10:13:00,N,low,2.0NRT,307.95,4.12,D,VIIRS
47.25672,34.99982,343.32,0.52,0.41,2026-08-25,10:13:00,N,nominal,2.0NRT,307.24,4.12,D,VIIRS
47.6174,36.7728,338.52,0.45,0.39,2026-08-25,10:13:00,N,low,2.0NRT,311.64,4.69,D,VIIRS
46.63169,32.2871,335.76,0.46,0.47,2026-08-25,10:13:00,N,nominal,2.0NRT,305.39,2.15,D,VIIRS
47.04447,34.082,348.28,0.57,0.43,2026-08-25,10:13:00,N,nominal,2.0NRT,310.52,9.49,D,VIIRS
47.71864,37.35932,351.15,0.43,0.38,2026-08-25,10:13:00,N,nominal,2.0NRT,313.16,8.52,D,VIIRS
47.7197,37.36492,348.48,0.43,0.38,2026-08-25,10:13:00,N,nominal,2.0NRT,310.26,8.76,D,VIIRS
47.03902,34.07658,348.86,0.57,0.43,2026-08-25,10:13:00,N,nominal,2.0NRT,309.65,10.89,D,VIIRS
47.04063,34.08382,342.11,0.57,0.43,2026-08-25,10:13:00,N,nominal,2.0NRT,309.47,9.49,D,VIIRS
47.71524,37.36074,351.6,0.43,0.38,2026-08-25,10:13:00,N,nominal,2.0NRT,314.36,8.52,D,VIIRS
47.03518,34.07839,341.35,0.57,0.43,2026-08-25,10:13:00,N,nominal,2.0NRT,310.71,4.6,D,VIIRS
47.58303,36.69296,342.47,0.45,0.39,2026-08-25,10:13:00,N,nominal,2.0NRT,309.74,3.64,D,VIIRS
47.71183,37.36217,346.97,0.43,0.38,2026-08-25,10:13:00,N,nominal,2.0NRT,314.19,10.25,D,VIIRS
47.70948,37.36919,344.02,0.43,0.38,2026-08-25,10:13:00,N,nominal,2.0NRT,310.62,4.02,D,VIIRS
47.57378,36.68421,341.1,0.45,0.39,2026-08-25,10:13:00,N,nominal,2.0NRT,311.83,4.3,D,VIIRS
47.70714,37.376220000000004,334.9,0.43,0.38,2026-08-25,10:13:00,N,low,2.0NRT,309.07,33.75,D,VIIRS
47.42756,35.97237,344.78,0.48,0.4,2026-08-25,10:13:00,N,nominal,2.0NRT,313.09,5.44,D,VIIRS
47.42881,35.97852,338.25,0.48,0.4,2026-08-25,10:13:00,N,low,2.0NRT,312,6.18,D,VIIRS
47.42651,35.98624,343.56,0.48,0.4,2026-08-25,10:13:00,N,nominal,2.0NRT,309.61,5.06,D,VIIRS
47.70033,37.37906,352.89,0.43,0.38,2026-08-25,10:13:00,N,nominal,2.0NRT,316.28,29.07,D,VIIRS
47.42171,35.98173,337.67,0.48,0.4,2026-08-25,10:13:00,N,low,2.0NRT,310.87,5.06,D,VIIRS
47.69586,37.3749,345.64,0.43,0.38,2026-08-25,10:13:00,N,low,2.0NRT,316.18,29.07,D,VIIRS
47.69693,37.38049,354.08,0.43,0.38,2026-08-25,10:13:00,N,nominal,2.0NRT,318.65,29.07,D,VIIRS
50.49917,24.64197,328.31,0.37,0.58,2026-08-25,10:15:00,N,nominal,2.0NRT,297.08,2.77,D,VIIRS
47.22262,34.13508,345.21,0.62,0.72,2026-08-25,11:53:00,N,nominal,2.0NRT,299.41,6.37,D,VIIRS
46.39869,32.30247,356.26,0.51,0.66,2026-08-25,11:53:00,N,nominal,2.0NRT,316.38,62.16,D,VIIRS
46.3986,32.29564,344.01,0.51,0.66,2026-08-25,11:53:00,N,nominal,2.0NRT,306.15,49.14,D,VIIRS
46.40498,32.3092,367,0.51,0.66,2026-08-25,11:53:00,N,high,2.0NRT,298.13,86.06,D,VIIRS
46.40489,32.30235,340,0.51,0.66,2026-08-25,11:53:00,N,nominal,2.0NRT,308.15,86.06,D,VIIRS
46.4048,32.29554,350.67,0.51,0.66,2026-08-25,11:53:00,N,nominal,2.0NRT,299.11,41.78,D,VIIRS
46.42291,34.78635,367,0.66,0.73,2026-08-25,11:53:00,N,high,2.0NRT,305.35,28.88,D,VIIRS
46.42298,34.77726,345.63,0.66,0.73,2026-08-25,11:53:00,N,nominal,2.0NRT,302.46,14.48,D,VIIRS
46.43255,33.31041,337.93,0.57,0.69,2026-08-25,11:53:00,N,nominal,2.0NRT,299.57,8.6,D,VIIRS
46.4487,32.32896,336.05,0.51,0.66,2026-08-25,11:53:00,N,nominal,2.0NRT,297.7,6.76,D,VIIRS
46.44801,32.28094,343.42,0.51,0.66,2026-08-25,11:53:00,N,nominal,2.0NRT,300.43,5.39,D,VIIRS
46.53616,33.29491,336.2,0.57,0.69,2026-08-25,11:53:00,N,nominal,2.0NRT,301.68,6.4,D,VIIRS
46.51191,31.76009,352.52,0.48,0.65,2026-08-25,11:53:00,N,nominal,2.0NRT,296.24,7.86,D,VIIRS
46.52586,32.80637,335.47,0.54,0.68,2026-08-25,11:53:00,N,nominal,2.0NRT,297.79,2.17,D,VIIRS
46.5124,31.76344,347.32,0.48,0.65,2026-08-25,11:53:00,N,nominal,2.0NRT,295.53,10.15,D,VIIRS
46.53538,33.29247,332.75,0.57,0.69,2026-08-25,11:53:00,N,nominal,2.0NRT,301.46,7.82,D,VIIRS
46.55133,35.56752,345.7,0.72,0.76,2026-08-25,11:53:00,N,nominal,2.0NRT,300.7,10.66,D,VIIRS
46.58109,34.69849,356.48,0.66,0.73,2026-08-25,11:53:00,N,nominal,2.0NRT,301.57,11.85,D,VIIRS
46.5836,32.86427,339.13,0.54,0.68,2026-08-25,11:53:00,N,nominal,2.0NRT,300.21,4.57,D,VIIRS
46.64302,34.69122,335.69,0.66,0.73,2026-08-25,11:53:00,N,nominal,2.0NRT,302.19,5.89,D,VIIRS
46.63035,32.29376,335.55,0.51,0.66,2026-08-25,11:53:00,N,nominal,2.0NRT,299.24,2.78,D,VIIRS
46.69194,34.49722,330.57,0.65,0.73,2026-08-25,11:53:00,N,low,2.0NRT,302.24,5.4,D,VIIRS
46.7043,33.40154,341.67,0.57,0.69,2026-08-25,11:53:00,N,nominal,2.0NRT,299.11,7.39,D,VIIRS
46.72033,32.48723,367,0.52,0.67,2026-08-25,11:53:00,N,high,2.0NRT,297.25,12.54,D,VIIRS
46.73647,33.34705,353.38,0.57,0.69,2026-08-25,11:53:00,N,nominal,2.0NRT,293.42,7.43,D,VIIRS
46.70274,33.40078,346.69,0.57,0.69,2026-08-25,11:53:00,N,nominal,2.0NRT,299.83,13.35,D,VIIRS
46.71684,32.48569,340.67,0.52,0.67,2026-08-25,11:53:00,N,nominal,2.0NRT,297.16,5.78,D,VIIRS
46.7231,32.48558,341.46,0.52,0.67,2026-08-25,11:53:00,N,nominal,2.0NRT,297.87,5.78,D,VIIRS
46.73516,33.34601,367,0.57,0.69,2026-08-25,11:53:00,N,high,2.0NRT,293.45,5.63,D,VIIRS
46.7621,32.13122,336.53,0.5,0.66,2026-08-25,11:53:00,N,nominal,2.0NRT,300.05,5.75,D,VIIRS
46.76827,32.13108,336.04,0.5,0.66,2026-08-25,11:53:00,N,nominal,2.0NRT,298.93,5.75,D,VIIRS
46.77208,36.29705,339.61,0.78,0.78,2026-08-25,11:53:00,N,nominal,2.0NRT,298.32,8.04,D,VIIRS
46.78992,35.10397,339.43,0.69,0.74,2026-08-25,11:53:00,N,nominal,2.0NRT,301.14,5.81,D,VIIRS
46.79691,35.10423,338.65,0.69,0.74,2026-08-25,11:53:00,N,nominal,2.0NRT,302.32,9.78,D,VIIRS
46.82596,32.67717,367,0.53,0.67,2026-08-25,11:53:00,N,high,2.0NRT,298.15,16.74,D,VIIRS
46.83842,35.1628,338.3,0.69,0.74,2026-08-25,11:53:00,N,nominal,2.0NRT,303.72,6.1,D,VIIRS
46.83228,32.67711,336.2,0.53,0.67,2026-08-25,11:53:00,N,nominal,2.0NRT,298.3,5.36,D,VIIRS
46.79481,35.10118,332.02,0.69,0.74,2026-08-25,11:53:00,N,nominal,2.0NRT,301.51,9.01,D,VIIRS
46.80124,34.54941,337.01,0.65,0.73,2026-08-25,11:53:00,N,nominal,2.0NRT,301.07,5.51,D,VIIRS
46.80181,35.10133,331.4,0.69,0.74,2026-08-25,11:53:00,N,nominal,2.0NRT,301.05,5.85,D,VIIRS
46.82214,32.67293,340.77,0.53,0.67,2026-08-25,11:53:00,N,nominal,2.0NRT,292.82,8.31,D,VIIRS
46.82852,32.68005,367,0.53,0.67,2026-08-25,11:53:00,N,high,2.0NRT,298.65,8.31,D,VIIRS
46.82846,32.67283,351.69,0.53,0.67,2026-08-25,11:53:00,N,nominal,2.0NRT,299.85,8.31,D,VIIRS
46.83607,35.15951,337.36,0.69,0.74,2026-08-25,11:53:00,N,nominal,2.0NRT,303.83,8.15,D,VIIRS
46.85672,34.43496,330.59,0.64,0.72,2026-08-25,11:53:00,N,low,2.0NRT,303.12,2.4,D,VIIRS
46.85102,36.01015,332.71,0.76,0.77,2026-08-25,11:53:00,N,nominal,2.0NRT,302.7,4.07,D,VIIRS
46.90263,34.75909,342.16,0.66,0.73,2026-08-25,11:53:00,N,nominal,2.0NRT,301.87,4.76,D,VIIRS
46.90269,34.74991,332.92,0.66,0.73,2026-08-25,11:53:00,N,low,2.0NRT,303.57,4.76,D,VIIRS
46.93204,34.20996,367,0.63,0.72,2026-08-25,11:53:00,N,high,2.0NRT,305.73,25.38,D,VIIRS
46.9068,31.41524,367,0.46,0.64,2026-08-25,11:53:00,N,high,2.0NRT,298.22,31.76,D,VIIRS
46.90665,31.40896,342.69,0.46,0.64,2026-08-25,11:53:00,N,nominal,2.0NRT,290.43,14.17,D,VIIRS
46.93319,35.85791,348.35,0.75,0.77,2026-08-25,11:53:00,N,nominal,2.0NRT,303.3,10.03,D,VIIRS
46.90146,34.75876,351.27,0.66,0.73,2026-08-25,11:53:00,N,nominal,2.0NRT,302.83,10.11,D,VIIRS
46.90263,31.41274,367,0.46,0.64,2026-08-25,11:53:00,N,high,2.0NRT,296.2,14.24,D,VIIRS
46.9086,31.41248,367,0.46,0.64,2026-08-25,11:53:00,N,high,2.0NRT,291.69,12.21,D,VIIRS
46.9334,34.20914,367,0.63,0.72,2026-08-25,11:53:00,N,high,2.0NRT,303.6,16.74,D,VIIRS
46.93335,34.21779,337.97,0.63,0.72,2026-08-25,11:53:00,N,nominal,2.0NRT,302.85,16.74,D,VIIRS
46.92695,35.85806,331.57,0.75,0.77,2026-08-25,11:53:00,N,nominal,2.0NRT,302.66,3.41,D,VIIRS
46.93416,35.85833,344.28,0.75,0.77,2026-08-25,11:53:00,N,nominal,2.0NRT,302.32,7.73,D,VIIRS
46.99369,36.16412,353.72,0.77,0.77,2026-08-25,11:53:00,N,nominal,2.0NRT,300.62,11.31,D,VIIRS
47.00099,36.16465,331.42,0.77,0.77,2026-08-25,11:53:00,N,low,2.0NRT,303.41,9.16,D,VIIRS
47.01144,35.987,367,0.76,0.77,2026-08-25,11:53:00,N,high,2.0NRT,303.96,21.57,D,VIIRS
47.01126,35.99749,337.41,0.76,0.77,2026-08-25,11:53:00,N,nominal,2.0NRT,300.16,21.03,D,VIIRS
47.0414,34.07383,367,0.62,0.71,2026-08-25,11:53:00,N,high,2.0NRT,301.84,17.36,D,VIIRS
47.0414,34.09087,344.37,0.62,0.71,2026-08-25,11:53:00,N,nominal,2.0NRT,296.58,6.48,D,VIIRS
47.0481,34.07395,367,0.62,0.71,2026-08-25,11:53:00,N,high,2.0NRT,295.56,21.32,D,VIIRS
47.04806,34.01451,354.57,0.61,0.71,2026-08-25,11:53:00,N,nominal,2.0NRT,302.39,10.28,D,VIIRS
47.04811,34.09099,357.1,0.62,0.71,2026-08-25,11:53:00,N,low,2.0NRT,294.74,16.35,D,VIIRS
47.0511,33.23077,367,0.56,0.69,2026-08-25,11:53:00,N,high,2.0NRT,301.61,9.15,D,VIIRS
47.04296,32.50249,350.3,0.52,0.67,2026-08-25,11:53:00,N,nominal,2.0NRT,299.48,5.13,D,VIIRS
46.99396,36.16618,352.32,0.77,0.77,2026-08-25,11:53:00,N,nominal,2.0NRT,300.86,9.96,D,VIIRS
47.0125,35.98891,367,0.76,0.77,2026-08-25,11:53:00,N,high,2.0NRT,303.44,31.93,D,VIIRS
47.03723,34.09083,331.12,0.62,0.71,2026-08-25,11:53:00,N,nominal,2.0NRT,294.78,2.26,D,VIIRS
47.04402,34.07385,367,0.62,0.71,2026-08-25,11:53:00,N,high,2.0NRT,298.71,16.8,D,VIIRS
47.04395,34.09092,349.26,0.62,0.71,2026-08-25,11:53:00,N,nominal,2.0NRT,296.82,9.58,D,VIIRS
47.04426,34.01437,339.01,0.61,0.71,2026-08-25,11:53:00,N,nominal,2.0NRT,302.88,5.22,D,VIIRS
47.05066,34.091,367,0.62,0.71,2026-08-25,11:53:00,N,high,2.0NRT,296.89,9.58,D,VIIRS
47.05104,33.23003,367,0.56,0.69,2026-08-25,11:53:00,N,high,2.0NRT,301.24,5.59,D,VIIRS
47.05069,34.08247,345.32,0.62,0.71,2026-08-25,11:53:00,N,nominal,2.0NRT,290.74,9.58,D,VIIRS
47.05095,34.01447,343.45,0.61,0.71,2026-08-25,11:53:00,N,nominal,2.0NRT,300.87,5.22,D,VIIRS
47.04631,32.50121,351.59,0.52,0.67,2026-08-25,11:53:00,N,nominal,2.0NRT,301.74,5.29,D,VIIRS
47.05751,33.23003,337.38,0.56,0.69,2026-08-25,11:53:00,N,nominal,2.0NRT,299.07,3.59,D,VIIRS
47.04748,35.6717,349.95,0.73,0.76,2026-08-25,11:53:00,N,nominal,2.0NRT,299.24,6.6,D,VIIRS
47.06429,34.03162,333.52,0.62,0.71,2026-08-25,11:53:00,N,nominal,2.0NRT,298.65,4.94,D,VIIRS
47.0844,33.51369,367,0.58,0.7,2026-08-25,11:53:00,N,high,2.0NRT,301.04,44.49,D,VIIRS
47.05828,31.30394,340.66,0.46,0.63,2026-08-25,11:53:00,N,nominal,2.0NRT,298.66,4.43,D,VIIRS
47.09061,34.20343,342.04,0.63,0.72,2026-08-25,11:53:00,N,nominal,2.0NRT,299.09,6.86,D,VIIRS
47.08113,36.19251,367,0.77,0.78,2026-08-25,11:53:00,N,high,2.0NRT,301.85,18.88,D,VIIRS
47.08134,36.18179,356.9,0.77,0.78,2026-08-25,11:53:00,N,nominal,2.0NRT,302.55,18.88,D,VIIRS
47.08064,36.19231,353.11,0.77,0.78,2026-08-25,11:53:00,N,nominal,2.0NRT,300.83,28.01,D,VIIRS
47.08091,36.18158,355.5,0.77,0.78,2026-08-25,11:53:00,N,nominal,2.0NRT,302.81,23.58,D,VIIRS
47.16819,31.9944,340.79,0.5,0.65,2026-08-25,11:53:00,N,nominal,2.0NRT,296.39,12.22,D,VIIRS
47.22037,34.13509,348.16,0.62,0.72,2026-08-25,11:53:00,N,nominal,2.0NRT,299.82,5.19,D,VIIRS
47.22696,34.20422,341.22,0.63,0.72,2026-08-25,11:53:00,N,nominal,2.0NRT,296.23,7.24,D,VIIRS
47.22697,34.19556,356.11,0.63,0.72,2026-08-25,11:53:00,N,nominal,2.0NRT,299.13,7.24,D,VIIRS
47.24311,35.01095,367,0.68,0.74,2026-08-25,11:53:00,N,high,2.0NRT,300.74,14.13,D,VIIRS
47.24734,34.03256,335.38,0.62,0.71,2026-08-25,11:53:00,N,nominal,2.0NRT,298.45,4.13,D,VIIRS
47.25405,34.04121,367,0.62,0.71,2026-08-25,11:53:00,N,high,2.0NRT,301.21,20.73,D,VIIRS
47.25016,35.00175,342.56,0.68,0.74,2026-08-25,11:53:00,N,nominal,2.0NRT,300.5,6.74,D,VIIRS
47.25404,34.03262,343.53,0.62,0.71,2026-08-25,11:53:00,N,nominal,2.0NRT,300.67,8.86,D,VIIRS
47.25404,34.02411,332.74,0.62,0.71,2026-08-25,11:53:00,N,nominal,2.0NRT,300.61,8.86,D,VIIRS
47.25721,34.99252,335.32,0.68,0.74,2026-08-25,11:53:00,N,nominal,2.0NRT,302.23,6.74,D,VIIRS
46.39877,32.30932,342.88,0.51,0.66,2026-08-25,11:53:00,N,nominal,2.0NRT,298.84,62.16,D,VIIRS
47.22889,34.20416,341.43,0.63,0.72,2026-08-25,11:53:00,N,nominal,2.0NRT,299.13,11.7,D,VIIRS
47.22895,34.19551,357.66,0.63,0.72,2026-08-25,11:53:00,N,nominal,2.0NRT,298.86,11.12,D,VIIRS
47.22805,35.42833,330.68,0.71,0.75,2026-08-25,11:53:00,N,low,2.0NRT,303.94,4.83,D,VIIRS
47.25002,34.04079,367,0.62,0.71,2026-08-25,11:53:00,N,high,2.0NRT,299.45,15.55,D,VIIRS
47.24137,35.01164,356.21,0.68,0.74,2026-08-25,11:53:00,N,nominal,2.0NRT,300.33,9.64,D,VIIRS
47.25006,34.03225,355.01,0.62,0.71,2026-08-25,11:53:00,N,nominal,2.0NRT,301.29,15.55,D,VIIRS
47.2501,34.02374,340.57,0.62,0.71,2026-08-25,11:53:00,N,nominal,2.0NRT,299.25,10.64,D,VIIRS
47.24847,35.00237,345.71,0.68,0.74,2026-08-25,11:53:00,N,nominal,2.0NRT,300.5,9.64,D,VIIRS
47.26375,33.18053,339.76,0.56,0.69,2026-08-25,11:53:00,N,nominal,2.0NRT,302.44,5.31,D,VIIRS
47.26254,34.99333,336.39,0.68,0.74,2026-08-25,11:53:00,N,nominal,2.0NRT,299.92,4.59,D,VIIRS
47.26479,36.14096,334.46,0.77,0.77,2026-08-25,11:53:00,N,nominal,2.0NRT,298.67,7.49,D,VIIRS
47.2979,32.57251,338.04,0.53,0.67,2026-08-25,11:53:00,N,nominal,2.0NRT,301.48,4.91,D,VIIRS
47.34154,35.43308,367,0.71,0.75,2026-08-25,11:53:00,N,high,2.0NRT,304.71,25.73,D,VIIRS
47.35383,35.58377,339.1,0.73,0.76,2026-08-25,11:53:00,N,nominal,2.0NRT,302.61,4.71,D,VIIRS
47.3209,33.66054,330.65,0.59,0.7,2026-08-25,11:53:00,N,low,2.0NRT,302.28,6.74,D,VIIRS
47.34602,32.84668,336.96,0.54,0.68,2026-08-25,11:53:00,N,nominal,2.0NRT,301.8,5.86,D,VIIRS
47.33716,35.43736,352.23,0.72,0.75,2026-08-25,11:53:00,N,nominal,2.0NRT,305.54,12.14,D,VIIRS
47.34425,35.43764,343.95,0.72,0.75,2026-08-25,11:53:00,N,nominal,2.0NRT,302.19,12.14,D,VIIRS
47.3559,35.58849,336.73,0.73,0.76,2026-08-25,11:53:00,N,nominal,2.0NRT,300.38,4.68,D,VIIRS
47.37691,36.00197,337.82,0.76,0.77,2026-08-25,11:53:00,N,nominal,2.0NRT,300.17,9.38,D,VIIRS
47.38416,36.0025,355.71,0.76,0.77,2026-08-25,11:53:00,N,nominal,2.0NRT,298.82,14.49,D,VIIRS
47.40397,32.28072,355.12,0.51,0.66,2026-08-25,11:53:00,N,nominal,2.0NRT,297.91,15.22,D,VIIRS
47.40387,32.27288,353.44,0.51,0.66,2026-08-25,11:53:00,N,nominal,2.0NRT,297.86,10.12,D,VIIRS
47.41009,32.27259,342.27,0.51,0.66,2026-08-25,11:53:00,N,nominal,2.0NRT,292.01,8.58,D,VIIRS
47.45932,34.36405,367,0.64,0.72,2026-08-25,11:53:00,N,high,2.0NRT,299.25,36.7,D,VIIRS
47.45935,34.35492,348.41,0.64,0.72,2026-08-25,11:53:00,N,nominal,2.0NRT,299.17,12.17,D,VIIRS
47.46615,34.35509,335.14,0.64,0.72,2026-08-25,11:53:00,N,nominal,2.0NRT,301.19,12.17,D,VIIRS
47.38492,36.00466,353.84,0.76,0.77,2026-08-25,11:53:00,N,nominal,2.0NRT,298.15,7.73,D,VIIRS
47.46037,34.36425,367,0.64,0.72,2026-08-25,11:53:00,N,high,2.0NRT,296.27,20.11,D,VIIRS
47.46044,34.35517,354.52,0.64,0.72,2026-08-25,11:53:00,N,nominal,2.0NRT,301.46,20.11,D,VIIRS
47.46724,34.35524,331.52,0.64,0.72,2026-08-25,11:53:00,N,nominal,2.0NRT,301.06,8.09,D,VIIRS
47.46537,35.6059,338.78,0.73,0.76,2026-08-25,11:53:00,N,nominal,2.0NRT,299.13,5.63,D,VIIRS
47.49292,34.56219,337.36,0.65,0.73,2026-08-25,11:53:00,N,nominal,2.0NRT,297.28,8.16,D,VIIRS
47.49109,35.77121,335.64,0.74,0.76,2026-08-25,11:53:00,N,nominal,2.0NRT,301.13,5.2,D,VIIRS
47.54218,35.20388,342.42,0.7,0.75,2026-08-25,11:53:00,N,nominal,2.0NRT,300.19,4.6,D,VIIRS
47.4923,35.77125,335.69,0.74,0.76,2026-08-25,11:53:00,N,nominal,2.0NRT,300.91,6.21,D,VIIRS
47.53308,34.60806,340.24,0.66,0.73,2026-08-25,11:53:00,N,nominal,2.0NRT,301.52,8,D,VIIRS
47.57103,34.90435,335.32,0.68,0.74,2026-08-25,11:53:00,N,nominal,2.0NRT,302.07,7.19,D,VIIRS
47.57799,34.90397,367,0.68,0.74,2026-08-25,11:53:00,N,high,2.0NRT,301.07,14.16,D,VIIRS
47.5781,34.89502,345.93,0.68,0.74,2026-08-25,11:53:00,N,nominal,2.0NRT,298.84,14.16,D,VIIRS
47.62889,34.65524,330.38,0.66,0.73,2026-08-25,11:53:00,N,nominal,2.0NRT,295.78,4.78,D,VIIRS
47.65039,32.45047,346.6,0.52,0.67,2026-08-25,11:53:00,N,nominal,2.0NRT,298.08,4.22,D,VIIRS
47.65359,32.44989,354.4,0.52,0.67,2026-08-25,11:53:00,N,nominal,2.0NRT,298.26,9.69,D,VIIRS
47.67581,33.82129,346.32,0.6,0.71,2026-08-25,11:53:00,N,nominal,2.0NRT,297.89,15.08,D,VIIRS
47.67234,35.47702,332.33,0.72,0.76,2026-08-25,11:53:00,N,nominal,2.0NRT,300.88,6.51,D,VIIRS
47.70027,35.50966,357.13,0.72,0.76,2026-08-25,11:53:00,N,nominal,2.0NRT,299.06,16.14,D,VIIRS
47.70286,35.50364,351.26,0.72,0.76,2026-08-25,11:53:00,N,nominal,2.0NRT,299.53,13.17,D,VIIRS
47.74764,35.39397,333.5,0.71,0.75,2026-08-25,11:53:00,N,nominal,2.0NRT,296.73,3.27,D,VIIRS
47.79428,34.52596,367,0.65,0.73,2026-08-25,11:53:00,N,high,2.0NRT,306,25.39,D,VIIRS
48.00695,35.53757,333.3,0.72,0.76,2026-08-25,11:53:00,N,nominal,2.0NRT,300.78,3.79,D,VIIRS
48.12619,35.80607,367,0.75,0.77,2026-08-25,11:53:00,N,high,2.0NRT,308.6,123.34,D,VIIRS
48.12639,35.79568,287.5,0.74,0.76,2026-08-25,11:53:00,N,low,2.0NRT,292.74,123.34,D,VIIRS
48.15257,35.9365,332.88,0.76,0.77,2026-08-25,11:53:00,N,nominal,2.0NRT,296.26,3.64,D,VIIRS
48.12008,35.80516,342.97,0.75,0.77,2026-08-25,11:53:00,N,nominal,2.0NRT,300.77,115.49,D,VIIRS
48.12728,35.80589,367,0.75,0.77,2026-08-25,11:53:00,N,high,2.0NRT,306.19,115.49,D,VIIRS
48.15313,35.93613,332.25,0.76,0.77,2026-08-25,11:53:00,N,nominal,2.0NRT,296.33,5.82,D,VIIRS
48.14556,29.77543,336.99,0.4,0.6,2026-08-25,11:53:00,N,nominal,2.0NRT,300.39,3.29,D,VIIRS
48.22449,36.31313,352.94,0.79,0.78,2026-08-25,11:53:00,N,nominal,2.0NRT,298.08,13.96,D,VIIRS
48.29043,33.77051,367,0.6,0.71,2026-08-25,11:53:00,N,high,2.0NRT,299.01,17.36,D,VIIRS
48.22397,36.31095,342.92,0.79,0.78,2026-08-25,11:53:00,N,nominal,2.0NRT,297.55,7.43,D,VIIRS
48.23131,36.31156,330.51,0.79,0.78,2026-08-25,11:53:00,N,nominal,2.0NRT,296.54,7.43,D,VIIRS
48.29389,33.77554,355.02,0.6,0.71,2026-08-25,11:53:00,N,nominal,2.0NRT,295.65,36.09,D,VIIRS
48.29393,33.76693,344.83,0.6,0.71,2026-08-25,11:53:00,N,nominal,2.0NRT,304.75,36.09,D,VIIRS
48.3808,29.73618,333.28,0.4,0.6,2026-08-25,11:53:00,N,nominal,2.0NRT,294.81,4.36,D,VIIRS
48.38638,29.73581,353.14,0.4,0.6,2026-08-25,11:53:00,N,nominal,2.0NRT,294.8,4.36,D,VIIRS
48.41733,36.18246,367,0.77,0.78,2026-08-25,11:53:00,N,high,2.0NRT,296.87,133.04,D,VIIRS
48.4249,36.17195,367,0.77,0.78,2026-08-25,11:53:00,N,high,2.0NRT,300.27,129.19,D,VIIRS
48.42516,36.1609,339.45,0.77,0.78,2026-08-25,11:53:00,N,nominal,2.0NRT,293.86,129.19,D,VIIRS
48.41749,36.17454,355.67,0.77,0.78,2026-08-25,11:53:00,N,nominal,2.0NRT,317.61,140.8,D,VIIRS
48.4178,36.16348,352,0.77,0.78,2026-08-25,11:53:00,N,nominal,2.0NRT,298.17,51.84,D,VIIRS
48.4248,36.17507,367,0.77,0.78,2026-08-25,11:53:00,N,high,2.0NRT,297.66,140.8,D,VIIRS
48.42511,36.16401,351.27,0.77,0.78,2026-08-25,11:53:00,N,nominal,2.0NRT,294.41,51.84,D,VIIRS
48.47191,29.66662,367,0.39,0.6,2026-08-25,11:53:00,N,high,2.0NRT,295.84,11.64,D,VIIRS
48.47174,29.66106,335.84,0.39,0.6,2026-08-25,11:53:00,N,nominal,2.0NRT,295.07,7.07,D,VIIRS
48.57809,32.85234,367,0.55,0.68,2026-08-25,11:53:00,N,high,2.0NRT,297.61,19.32,D,VIIRS
48.57813,32.86016,335.08,0.55,0.68,2026-08-25,11:53:00,N,nominal,2.0NRT,294.34,17.61,D,VIIRS
48.16275,23.61465,328.41,0.42,0.45,2026-08-25,11:53:00,N,nominal,2.0NRT,296.62,2.16,D,VIIRS
48.57835,32.85072,367,0.55,0.68,2026-08-25,11:53:00,N,high,2.0NRT,298.56,13.55,D,VIIRS
48.57835,32.85857,347.75,0.55,0.68,2026-08-25,11:53:00,N,nominal,2.0NRT,295.24,13.55,D,VIIRS
48.39532,26.07513,340.74,0.54,0.51,2026-08-25,11:53:00,N,nominal,2.0NRT,300.1,9.08,D,VIIRS
48.61796,35.33012,348.14,0.71,0.75,2026-08-25,11:53:00,N,nominal,2.0NRT,295.69,16.51,D,VIIRS
48.61815,35.32,343.97,0.71,0.75,2026-08-25,11:53:00,N,nominal,2.0NRT,295.25,11.97,D,VIIRS
48.8552,30.10994,331.55,0.41,0.61,2026-08-25,11:53:00,N,nominal,2.0NRT,294.57,3.04,D,VIIRS
49.05973,35.50607,338.76,0.72,0.76,2026-08-25,11:53:00,N,nominal,2.0NRT,295.04,13.87,D,VIIRS
49.05994,35.49548,348.23,0.72,0.76,2026-08-25,11:53:00,N,nominal,2.0NRT,296.05,10.08,D,VIIRS
49.05555,35.50253,367,0.72,0.76,2026-08-25,11:53:00,N,high,2.0NRT,296.78,14.47,D,VIIRS
48.93526,24.19032,340.07,0.45,0.47,2026-08-25,11:53:00,N,nominal,2.0NRT,297.12,5.3,D,VIIRS
48.93478,24.18411,335.21,0.45,0.47,2026-08-25,11:53:00,N,nominal,2.0NRT,296.27,5.3,D,VIIRS
45.1512,36.30561,339.27,0.78,0.78,2026-08-25,11:53:00,N,nominal,2.0NRT,294.28,11.9,D,VIIRS
45.15106,36.31571,367,0.78,0.78,2026-08-25,11:53:00,N,high,2.0NRT,297.03,11.9,D,VIIRS
45.15104,36.30807,367,0.78,0.78,2026-08-25,11:53:00,N,high,2.0NRT,297.06,16.7,D,VIIRS
45.5724,29.19854,343,0.36,0.57,2026-08-25,11:53:00,N,nominal,2.0NRT,299.99,3.34,D,VIIRS
45.57509,29.19901,348.17,0.36,0.57,2026-08-25,11:53:00,N,nominal,2.0NRT,298.41,5.5,D,VIIRS
45.69125,29.52056,367,0.37,0.58,2026-08-25,11:53:00,N,high,2.0NRT,297.56,23.45,D,VIIRS
45.69276,29.52251,367,0.37,0.58,2026-08-25,11:53:00,N,high,2.0NRT,293.55,19.01,D,VIIRS
45.69257,29.51762,353.36,0.37,0.58,2026-08-25,11:53:00,N,nominal,2.0NRT,294.06,12.48,D,VIIRS
45.99812,33.9778,340.15,0.61,0.71,2026-08-25,11:53:00,N,nominal,2.0NRT,298.47,9.36,D,VIIRS
46.00471,33.96163,367,0.61,0.71,2026-08-25,11:53:00,N,high,2.0NRT,297.94,12.24,D,VIIRS
46.00156,33.96138,367,0.61,0.71,2026-08-25,11:53:00,N,high,2.0NRT,298.27,13.17,D,VIIRS
46.00154,33.97763,337.24,0.61,0.71,2026-08-25,11:53:00,N,nominal,2.0NRT,297.19,11.92,D,VIIRS
46.1843,34.4854,334.86,0.64,0.72,2026-08-25,11:53:00,N,nominal,2.0NRT,299.18,8.37,D,VIIRS
46.18913,32.87288,332.26,0.54,0.68,2026-08-25,11:53:00,N,nominal,2.0NRT,298.12,1.63,D,VIIRS
46.18534,34.4772,333.39,0.64,0.72,2026-08-25,11:53:00,N,nominal,2.0NRT,299.69,9.83,D,VIIRS
46.19111,32.87185,332.43,0.54,0.68,2026-08-25,11:53:00,N,nominal,2.0NRT,298.88,2.28,D,VIIRS
46.34833,32.58628,334.94,0.52,0.67,2026-08-25,11:53:00,N,nominal,2.0NRT,300.3,5.06,D,VIIRS
46.40039,32.30731,367,0.51,0.66,2026-08-25,11:53:00,N,high,2.0NRT,313.86,106.04,D,VIIRS
46.40015,32.29367,345.4,0.51,0.66,2026-08-25,11:53:00,N,nominal,2.0NRT,300.72,62.2,D,VIIRS
46.40028,32.30049,270.72,0.51,0.66,2026-08-25,11:53:00,N,low,2.0NRT,323,62.2,D,VIIRS
46.4066,32.30722,367,0.51,0.66,2026-08-25,11:53:00,N,high,2.0NRT,298.88,106.04,D,VIIRS
46.40648,32.30038,367,0.51,0.66,2026-08-25,11:53:00,N,high,2.0NRT,297.27,62.2,D,VIIRS
46.42336,34.79047,356.84,0.66,0.73,2026-08-25,11:53:00,N,nominal,2.0NRT,302.88,24.93,D,VIIRS
46.4234,34.78139,356.23,0.66,0.73,2026-08-25,11:53:00,N,nominal,2.0NRT,304.07,18.67,D,VIIRS
46.43273,33.30739,353.11,0.57,0.69,2026-08-25,11:53:00,N,nominal,2.0NRT,301.92,9.57,D,VIIRS
50.25991,36.30261,327.84,0.78,0.78,2026-08-25,11:55:00,N,nominal,2.0NRT,292.52,8.79,D,VIIRS
50.25919,36.30591,336.1,0.79,0.78,2026-08-25,11:55:00,N,nominal,2.0NRT,293.23,9.17,D,VIIRS
50.34421,30.69005,354.31,0.45,0.63,2026-08-25,11:55:00,N,nominal,2.0NRT,296.97,7.28,D,VIIRS
50.32472,36.09166,332.12,0.77,0.77,2026-08-25,11:55:00,N,nominal,2.0NRT,291.98,9.81,D,VIIRS
50.3817,36.12099,325.6,0.77,0.77,2026-08-25,11:55:00,N,nominal,2.0NRT,291.49,3.49,D,VIIRS
50.50169,24.63786,342.44,0.49,0.48,2026-08-25,11:55:00,N,nominal,2.0NRT,299.8,4.41,D,VIIRS
51.05751,33.46544,331.24,0.59,0.7,2026-08-25,11:55:00,N,nominal,2.0NRT,289.61,4.83,D,VIIRS
51.05436,33.46447,333.78,0.59,0.7,2026-08-25,11:55:00,N,nominal,2.0NRT,290.52,4.69,D,VIIRS
51.20552,29.18141,330.76,0.39,0.59,2026-08-25,11:55:00,N,nominal,2.0NRT,298.1,8.98,D,VIIRS
51.20536,29.17569,344.81,0.39,0.59,2026-08-25,11:55:00,N,nominal,2.0NRT,298.53,10.67,D,VIIRS
51.20503,29.1643,334.03,0.39,0.59,2026-08-25,11:55:00,N,nominal,2.0NRT,297.84,6.17,D,VIIRS
51.21124,29.18698,338.33,0.39,0.59,2026-08-25,11:55:00,N,nominal,2.0NRT,294.69,2.67,D,VIIRS
51.20958,29.18916,335.04,0.39,0.59,2026-08-25,11:55:00,N,nominal,2.0NRT,291.7,10.19,D,VIIRS
51.2093,29.1777,355.89,0.39,0.59,2026-08-25,11:55:00,N,nominal,2.0NRT,292.62,10.96,D,VIIRS
51.20903,29.16628,338.99,0.39,0.59,2026-08-25,11:55:00,N,nominal,2.0NRT,291.59,5.95,D,VIIRS
51.44444,33.91329,348.84,0.62,0.71,2026-08-25,11:55:00,N,nominal,2.0NRT,294.12,12.32,D,VIIRS
51.44456,33.90385,334.97,0.62,0.71,2026-08-25,11:55:00,N,nominal,2.0NRT,295.36,7.4,D,VIIRS
51.44612,33.91233,349.51,0.62,0.72,2026-08-25,11:55:00,N,nominal,2.0NRT,292,7.25,D,VIIRS
51.44628,33.90289,331.04,0.62,0.71,2026-08-25,11:55:00,N,nominal,2.0NRT,293.15,7.25,D,VIIRS
