latitude,longitude,bright_ti4,scan,track,acq_date,acq_time,satellite,confidence,version,bright_ti5,frp,daynight,instrument
51.8932,34.19904,301.46,0.34,0.56,2026-08-23,01:05:00,N,nominal,2.0NRT,284.38,0.61,N,VIIRS
51.89178,34.20367,311.72,0.34,0.56,2026-08-23,01:05:00,N,nominal,2.0NRT,284.53,0.61,N,VIIRS
51.29357,34.18939,304.38,0.36,0.57,2026-08-23,01:05:00,N,nominal,2.0NRT,280.64,0.8,N,VIIRS
51.2921,34.19417,299.23,0.36,0.57,2026-08-23,01:05:00,N,nominal,2.0NRT,281.31,0.8,N,VIIRS
49.16354,39.49302,367,0.68,0.74,2026-08-23,01:05:00,N,high,2.0NRT,291.84,22.37,N,VIIRS
49.16002,39.50216,312.36,0.68,0.74,2026-08-23,01:05:00,N,nominal,2.0NRT,287.85,22.37,N,VIIRS
49.16097,39.49599,332.53,0.68,0.74,2026-08-23,01:05:00,N,nominal,2.0NRT,289.33,5.93,N,VIIRS
49.22596,39.21873,297.98,0.66,0.73,2026-08-23,01:05:00,N,nominal,2.0NRT,286.99,1.15,N,VIIRS
48.84293,38.73794,367,0.65,0.73,2026-08-23,01:05:00,N,high,2.0NRT,294.69,25.94,N,VIIRS
48.83984,38.74611,356.26,0.66,0.73,2026-08-23,01:05:00,N,nominal,2.0NRT,289.18,25.94,N,VIIRS
48.82473,38.74427,295.82,0.66,0.73,2026-08-23,01:05:00,N,nominal,2.0NRT,285.26,1.17,N,VIIRS
48.84874,38.7373,307.12,0.65,0.73,2026-08-23,01:05:00,N,nominal,2.0NRT,288.28,2.54,N,VIIRS
48.84569,38.7455,315.81,0.66,0.73,2026-08-23,01:05:00,N,nominal,2.0NRT,288.03,2.54,N,VIIRS
48.84275,38.73223,326.4,0.65,0.73,2026-08-23,01:05:00,N,nominal,2.0NRT,287.65,24.82,N,VIIRS
48.83971,38.74041,367,0.66,0.73,2026-08-23,01:05:00,N,high,2.0NRT,295.62,24.82,N,VIIRS
48.83664,38.74868,309.39,0.66,0.73,2026-08-23,01:05:00,N,nominal,2.0NRT,286.56,12.49,N,VIIRS
48.82469,38.73846,302.48,0.66,0.73,2026-08-23,01:05:00,N,nominal,2.0NRT,285.8,0.87,N,VIIRS
51.35675,30.26962,308.15,0.51,0.49,2026-08-23,01:05:00,N,nominal,2.0NRT,289.43,1.83,N,VIIRS
48.46445,38.7576,302.51,0.68,0.74,2026-08-23,01:05:00,N,nominal,2.0NRT,292.03,1.41,N,VIIRS
50.16699,33.71232,303.73,0.38,0.58,2026-08-23,01:05:00,N,nominal,2.0NRT,289.1,1.08,N,VIIRS
48.61439,38.30688,303.61,0.64,0.72,2026-08-23,01:05:00,N,nominal,2.0NRT,290.34,1.46,N,VIIRS
48.98174,36.93344,297.75,0.55,0.68,2026-08-23,01:05:00,N,nominal,2.0NRT,286.71,0.83,N,VIIRS
51.02107,30.30396,307.76,0.52,0.5,2026-08-23,01:05:00,N,nominal,2.0NRT,287.19,1.5,N,VIIRS
51.0192,30.31095,309.63,0.52,0.5,2026-08-23,01:05:00,N,nominal,2.0NRT,286.88,1.5,N,VIIRS
51.41867,28.75326,329.92,0.44,0.46,2026-08-23,01:05:00,N,nominal,2.0NRT,284.02,1.37,N,VIIRS
51.00932,30.32891,331.98,0.52,0.5,2026-08-23,01:05:00,N,nominal,2.0NRT,289.51,3.55,N,VIIRS
51.02054,30.28714,300.35,0.52,0.5,2026-08-23,01:05:00,N,nominal,2.0NRT,287.53,2.17,N,VIIRS
51.01307,30.31496,312.82,0.52,0.5,2026-08-23,01:05:00,N,nominal,2.0NRT,289.46,2.18,N,VIIRS
51.0112,30.32193,315.39,0.52,0.5,2026-08-23,01:05:00,N,nominal,2.0NRT,289.95,2.18,N,VIIRS
51.00745,30.33587,301.3,0.52,0.5,2026-08-23,01:05:00,N,nominal,2.0NRT,286.97,3.55,N,VIIRS
51.01627,30.28423,324.56,0.52,0.5,2026-08-23,01:05:00,N,nominal,2.0NRT,291.55,2.17,N,VIIRS
51.00317,30.33297,330.96,0.52,0.5,2026-08-23,01:05:00,N,nominal,2.0NRT,292.31,3.55,N,VIIRS
51.00129,30.33994,328.15,0.52,0.5,2026-08-23,01:05:00,N,nominal,2.0NRT,289.88,3.81,N,VIIRS
51.41467,28.75068,295.14,0.44,0.46,2026-08-23,01:05:00,N,nominal,2.0NRT,281.7,1.37,N,VIIRS
51.41317,28.75665,296.05,0.44,0.46,2026-08-23,01:05:00,N,nominal,2.0NRT,282.63,1.37,N,VIIRS
51.01441,30.29119,301.49,0.52,0.5,2026-08-23,01:05:00,N,nominal,2.0NRT,289.06,2.17,N,VIIRS
51.01253,30.29815,313.1,0.52,0.5,2026-08-23,01:05:00,N,nominal,2.0NRT,289.93,2.52,N,VIIRS
51.01067,30.3051,302.7,0.52,0.5,2026-08-23,01:05:00,N,nominal,2.0NRT,289.32,2.52,N,VIIRS
51.0088,30.31206,301.72,0.52,0.5,2026-08-23,01:05:00,N,nominal,2.0NRT,289.57,2.18,N,VIIRS
51.00692,30.31904,305.93,0.52,0.5,2026-08-23,01:05:00,N,nominal,2.0NRT,290.14,2.18,N,VIIRS
51.00504,30.32601,306.2,0.52,0.5,2026-08-23,01:05:00,N,nominal,2.0NRT,289.63,3.55,N,VIIRS
51.01201,30.28132,341.32,0.52,0.5,2026-08-23,01:05:00,N,nominal,2.0NRT,291.85,3.31,N,VIIRS
51.0064,30.30219,345.61,0.52,0.5,2026-08-23,01:05:00,N,nominal,2.0NRT,290.47,5.47,N,VIIRS
51.00453,30.30915,324.08,0.52,0.5,2026-08-23,01:05:00,N,nominal,2.0NRT,292.06,6.12,N,VIIRS
51.00264,30.31613,327.31,0.52,0.5,2026-08-23,01:05:00,N,nominal,2.0NRT,292.58,6.12,N,VIIRS
51.00077,30.3231,322.83,0.52,0.5,2026-08-23,01:05:00,N,nominal,2.0NRT,294.35,3.24,N,VIIRS
50.99701,30.33704,341.69,0.52,0.5,2026-08-23,01:05:00,N,nominal,2.0NRT,293.83,8.62,N,VIIRS
51.01386,30.27442,299.75,0.52,0.5,2026-08-23,01:05:00,N,nominal,2.0NRT,287.39,1.85,N,VIIRS
51.01014,30.28828,305.3,0.52,0.5,2026-08-23,01:05:00,N,nominal,2.0NRT,286.85,3.31,N,VIIRS
51.00827,30.29524,297.8,0.52,0.5,2026-08-23,01:05:00,N,nominal,2.0NRT,286.29,5.47,N,VIIRS
50.99889,30.33007,312.58,0.52,0.5,2026-08-23,01:05:00,N,nominal,2.0NRT,291.64,3.24,N,VIIRS
51.00025,30.30625,342.97,0.52,0.5,2026-08-23,01:05:00,N,nominal,2.0NRT,287.45,6.12,N,VIIRS
50.99837,30.31322,326.15,0.52,0.5,2026-08-23,01:05:00,N,nominal,2.0NRT,287.25,6.12,N,VIIRS
50.99649,30.32019,325.52,0.52,0.5,2026-08-23,01:05:00,N,nominal,2.0NRT,289.7,3.24,N,VIIRS
51.00774,30.27844,297.74,0.52,0.5,2026-08-23,01:05:00,N,nominal,2.0NRT,285.57,3.31,N,VIIRS
50.99461,30.32716,305.27,0.52,0.5,2026-08-23,01:05:00,N,nominal,2.0NRT,288.55,3.24,N,VIIRS
48.88355,36.94324,313.36,0.56,0.69,2026-08-23,01:05:00,N,nominal,2.0NRT,289.94,3.07,N,VIIRS
48.88579,36.94805,304.74,0.56,0.69,2026-08-23,01:05:00,N,nominal,2.0NRT,288.58,2.24,N,VIIRS
51.20666,29.17323,322.28,0.46,0.47,2026-08-23,01:05:00,N,nominal,2.0NRT,284.99,13.49,N,VIIRS
51.20507,29.17946,355.58,0.46,0.47,2026-08-23,01:05:00,N,nominal,2.0NRT,298.15,37.18,N,VIIRS
51.20347,29.18571,341.12,0.46,0.47,2026-08-23,01:05:00,N,nominal,2.0NRT,305.95,37.18,N,VIIRS
51.20187,29.19198,343.52,0.46,0.47,2026-08-23,01:05:00,N,nominal,2.0NRT,303.83,28.31,N,VIIRS
51.20024,29.1983,337,0.46,0.47,2026-08-23,01:05:00,N,nominal,2.0NRT,288.04,28.31,N,VIIRS
51.20418,29.16429,354.69,0.46,0.47,2026-08-23,01:05:00,N,nominal,2.0NRT,287.97,13.49,N,VIIRS
51.20258,29.17053,367,0.46,0.47,2026-08-23,01:05:00,N,high,2.0NRT,289.14,13.49,N,VIIRS
51.20099,29.17677,342.42,0.46,0.47,2026-08-23,01:05:00,N,nominal,2.0NRT,285.18,37.18,N,VIIRS
51.19939,29.18302,297.03,0.46,0.47,2026-08-23,01:05:00,N,nominal,2.0NRT,284.49,37.18,N,VIIRS
51.19617,29.19558,309.35,0.46,0.47,2026-08-23,01:05:00,N,nominal,2.0NRT,286.53,28.31,N,VIIRS
51.1953,29.18036,324.7,0.46,0.47,2026-08-23,01:05:00,N,nominal,2.0NRT,287.94,2.91,N,VIIRS
51.1937,29.1866,326.92,0.46,0.47,2026-08-23,01:05:00,N,nominal,2.0NRT,288.82,5.05,N,VIIRS
51.19209,29.19287,335.04,0.46,0.47,2026-08-23,01:05:00,N,nominal,2.0NRT,289.64,5.05,N,VIIRS
51.19047,29.1992,327.33,0.46,0.47,2026-08-23,01:05:00,N,nominal,2.0NRT,288.27,4.52,N,VIIRS
51.20011,29.16158,309.08,0.46,0.47,2026-08-23,01:05:00,N,nominal,2.0NRT,284.4,1.3,N,VIIRS
51.19851,29.16784,305.1,0.46,0.47,2026-08-23,01:05:00,N,nominal,2.0NRT,284.8,1.3,N,VIIRS
51.1969,29.1741,303.61,0.46,0.47,2026-08-23,01:05:00,N,nominal,2.0NRT,285.14,2.91,N,VIIRS
51.18961,29.18393,326.9,0.46,0.47,2026-08-23,01:05:00,N,nominal,2.0NRT,283.95,5.05,N,VIIRS
51.18801,29.19019,336.71,0.46,0.47,2026-08-23,01:05:00,N,nominal,2.0NRT,284.33,5.05,N,VIIRS
51.18639,29.19647,341,0.46,0.47,2026-08-23,01:05:00,N,nominal,2.0NRT,286.08,4.52,N,VIIRS
49.84313,33.27611,303.28,0.37,0.58,2026-08-23,01:05:00,N,nominal,2.0NRT,289.34,0.59,N,VIIRS
48.46778,37.07732,304.13,0.58,0.7,2026-08-23,01:05:00,N,nominal,2.0NRT,289.89,1.03,N,VIIRS
47.65187,38.587,317.16,0.71,0.75,2026-08-23,01:05:00,N,nominal,2.0NRT,289.09,3.47,N,VIIRS
47.66048,38.43585,304.18,0.7,0.75,2026-08-23,01:05:00,N,nominal,2.0NRT,287.94,1.35,N,VIIRS
47.65932,38.4395,302.44,0.7,0.75,2026-08-23,01:05:00,N,nominal,2.0NRT,287.68,0.89,N,VIIRS
48.26602,36.61245,302.14,0.57,0.69,2026-08-23,01:05:00,N,nominal,2.0NRT,286.7,2.16,N,VIIRS
48.2903,36.48057,303.54,0.56,0.69,2026-08-23,01:05:00,N,nominal,2.0NRT,284.78,1.55,N,VIIRS
48.16644,36.76955,301.45,0.58,0.7,2026-08-23,01:05:00,N,nominal,2.0NRT,289.36,1.95,N,VIIRS
48.50101,35.66626,297.69,0.51,0.66,2026-08-23,01:05:00,N,nominal,2.0NRT,285.91,0.56,N,VIIRS
48.50751,35.6689,298.38,0.51,0.66,2026-08-23,01:05:00,N,nominal,2.0NRT,285.61,0.66,N,VIIRS
48.50203,35.66449,298.3,0.51,0.66,2026-08-23,01:05:00,N,nominal,2.0NRT,286.1,0.66,N,VIIRS
47.78512,37.18801,326.23,0.62,0.72,2026-08-23,01:05:00,N,nominal,2.0NRT,289.61,5.77,N,VIIRS
47.78232,37.19578,312.77,0.62,0.72,2026-08-23,01:05:00,N,nominal,2.0NRT,289.49,2.6,N,VIIRS
47.77955,37.20341,312,0.62,0.72,2026-08-23,01:05:00,N,nominal,2.0NRT,288.97,2.6,N,VIIRS
47.69185,37.26528,301.59,0.63,0.72,2026-08-23,01:05:00,N,nominal,2.0NRT,289.25,1.17,N,VIIRS
47.48204,37.62807,326.44,0.66,0.73,2026-08-23,01:05:00,N,nominal,2.0NRT,290.57,4.13,N,VIIRS
48.06512,35.91745,303.54,0.54,0.68,2026-08-23,01:05:00,N,nominal,2.0NRT,286.86,2.1,N,VIIRS
47.48163,37.62163,320.15,0.66,0.73,2026-08-23,01:05:00,N,nominal,2.0NRT,290.07,4.32,N,VIIRS
47.47877,37.62951,309.81,0.66,0.73,2026-08-23,01:05:00,N,nominal,2.0NRT,289.84,3.44,N,VIIRS
48.06649,35.92023,314.55,0.54,0.68,2026-08-23,01:05:00,N,nominal,2.0NRT,287.28,1.93,N,VIIRS
47.66231,36.97131,298.12,0.62,0.71,2026-08-23,01:05:00,N,nominal,2.0NRT,287.44,1.55,N,VIIRS
47.65964,36.97878,316.83,0.62,0.71,2026-08-23,01:05:00,N,nominal,2.0NRT,289.45,1.55,N,VIIRS
47.55399,37.20877,301.07,0.63,0.72,2026-08-23,01:05:00,N,nominal,2.0NRT,287.06,1.52,N,VIIRS
47.93637,35.80954,307.67,0.54,0.68,2026-08-23,01:05:00,N,nominal,2.0NRT,287.05,1.85,N,VIIRS
50.54525,26.25891,306.11,0.56,0.43,2026-08-23,01:05:00,N,nominal,2.0NRT,283.29,1.45,N,VIIRS
47.85432,35.68112,299.64,0.54,0.68,2026-08-23,01:05:00,N,nominal,2.0NRT,287.8,0.79,N,VIIRS
47.84868,35.67678,304.21,0.54,0.68,2026-08-23,01:05:00,N,nominal,2.0NRT,287.56,0.79,N,VIIRS
49.87353,28.61329,306.22,0.48,0.48,2026-08-23,01:05:00,N,nominal,2.0NRT,283.33,0.85,N,VIIRS
47.28253,36.32505,301.57,0.6,0.7,2026-08-23,01:05:00,N,nominal,2.0NRT,289.47,1.2,N,VIIRS
47.27668,36.3205,306.68,0.6,0.7,2026-08-23,01:05:00,N,nominal,2.0NRT,290.31,1.54,N,VIIRS
47.22145,35.97029,303.95,0.58,0.7,2026-08-23,01:05:00,N,nominal,2.0NRT,290.17,1.38,N,VIIRS
47.22275,35.96537,303.6,0.58,0.7,2026-08-23,01:05:00,N,nominal,2.0NRT,290.19,1.71,N,VIIRS
46.88856,36.57257,307.36,0.63,0.72,2026-08-23,01:05:00,N,nominal,2.0NRT,288.38,1.79,N,VIIRS
46.89339,36.53802,302.08,0.63,0.72,2026-08-23,01:05:00,N,nominal,2.0NRT,288.28,0.65,N,VIIRS
46.89729,36.5342,301.71,0.63,0.72,2026-08-23,01:05:00,N,nominal,2.0NRT,288.93,1.18,N,VIIRS
46.88381,36.57221,299.05,0.63,0.72,2026-08-23,01:05:00,N,nominal,2.0NRT,288.62,2.4,N,VIIRS
46.94395,36.16852,304.76,0.6,0.71,2026-08-23,01:05:00,N,nominal,2.0NRT,290.23,1.29,N,VIIRS
46.9947,35.87781,301.22,0.59,0.7,2026-08-23,01:05:00,N,nominal,2.0NRT,289.72,1.06,N,VIIRS
46.94694,36.16456,308,0.6,0.71,2026-08-23,01:05:00,N,nominal,2.0NRT,290.3,2.03,N,VIIRS
46.99406,35.87982,302.6,0.59,0.7,2026-08-23,01:05:00,N,nominal,2.0NRT,290.25,1.28,N,VIIRS
46.9114,35.98958,300.47,0.6,0.7,2026-08-23,01:05:00,N,nominal,2.0NRT,289.59,0.79,N,VIIRS
46.73169,36.07718,300.77,0.61,0.71,2026-08-23,01:05:00,N,nominal,2.0NRT,288.99,0.8,N,VIIRS
48.36285,30.90746,302.3,0.33,0.55,2026-08-23,01:05:00,N,nominal,2.0NRT,286.1,0.56,N,VIIRS
48.36161,30.91171,301.12,0.33,0.55,2026-08-23,01:05:00,N,nominal,2.0NRT,285.59,0.56,N,VIIRS
48.36451,30.91184,308.83,0.33,0.55,2026-08-23,01:05:00,N,nominal,2.0NRT,286.61,0.71,N,VIIRS
46.73242,36.08096,300.72,0.61,0.71,2026-08-23,01:05:00,N,nominal,2.0NRT,289.35,0.89,N,VIIRS
48.35972,30.90892,298.3,0.33,0.55,2026-08-23,01:05:00,N,nominal,2.0NRT,286.28,0.44,N,VIIRS
47.46422,33.54282,308.36,0.45,0.63,2026-08-23,01:05:00,N,nominal,2.0NRT,288.87,1.49,N,VIIRS
47.46437,33.54316,308.72,0.45,0.63,2026-08-23,01:05:00,N,nominal,2.0NRT,289.17,1.57,N,VIIRS
47.02262,34.58973,301.33,0.52,0.67,2026-08-23,01:05:00,N,nominal,2.0NRT,288.01,0.74,N,VIIRS
47.01194,34.58379,297.96,0.52,0.67,2026-08-23,01:05:00,N,nominal,2.0NRT,287.62,0.48,N,VIIRS
47.25721,33.66343,324.59,0.47,0.64,2026-08-23,01:05:00,N,nominal,2.0NRT,289.45,1.73,N,VIIRS
47.26643,33.6347,300.76,0.46,0.64,2026-08-23,01:05:00,N,nominal,2.0NRT,288.1,0.44,N,VIIRS
47.25537,33.66916,301.07,0.47,0.64,2026-08-23,01:05:00,N,nominal,2.0NRT,288.7,1.73,N,VIIRS
46.60159,35.5864,314.14,0.59,0.7,2026-08-23,01:05:00,N,nominal,2.0NRT,289.44,1.44,N,VIIRS
46.76032,35.10322,318.42,0.55,0.68,2026-08-23,01:05:00,N,nominal,2.0NRT,289.21,2.08,N,VIIRS
46.73721,35.12891,310.24,0.56,0.69,2026-08-23,01:05:00,N,nominal,2.0NRT,288.3,1.35,N,VIIRS
47.24538,33.53609,299.71,0.46,0.64,2026-08-23,01:05:00,N,nominal,2.0NRT,288.95,0.54,N,VIIRS
46.68233,35.04855,300.7,0.56,0.68,2026-08-23,01:05:00,N,nominal,2.0NRT,289.23,0.79,N,VIIRS
48.47141,29.1171,301.61,0.55,0.51,2026-08-23,01:05:00,N,nominal,2.0NRT,286.46,0.69,N,VIIRS
48.46505,29.12164,305.85,0.55,0.51,2026-08-23,01:05:00,N,nominal,2.0NRT,287.09,1.02,N,VIIRS
46.50171,35.42717,299.74,0.58,0.7,2026-08-23,01:05:00,N,nominal,2.0NRT,288.56,1.08,N,VIIRS
46.4517,35.03498,305.03,0.56,0.69,2026-08-23,01:05:00,N,nominal,2.0NRT,289.76,1.88,N,VIIRS
46.44592,35.0308,322.36,0.56,0.69,2026-08-23,01:05:00,N,nominal,2.0NRT,289.39,1.88,N,VIIRS
46.44358,35.03767,302.64,0.56,0.69,2026-08-23,01:05:00,N,nominal,2.0NRT,289.55,1.88,N,VIIRS
47.47204,31.58637,311.92,0.38,0.58,2026-08-23,01:05:00,N,nominal,2.0NRT,288.95,1.53,N,VIIRS
47.4755,31.58761,311.14,0.38,0.58,2026-08-23,01:05:00,N,nominal,2.0NRT,289.29,1,N,VIIRS
47.56247,30.87466,313.09,0.35,0.57,2026-08-23,01:05:00,N,nominal,2.0NRT,289.53,1.2,N,VIIRS
47.5621,30.87261,299.99,0.35,0.57,2026-08-23,01:05:00,N,nominal,2.0NRT,288.9,0.53,N,VIIRS
47.56083,30.87702,309.89,0.35,0.57,2026-08-23,01:05:00,N,nominal,2.0NRT,289.07,0.53,N,VIIRS
46.69477,33.38752,311.48,0.47,0.64,2026-08-23,01:05:00,N,nominal,2.0NRT,290.29,3.36,N,VIIRS
46.69289,33.39332,314.53,0.47,0.64,2026-08-23,01:05:00,N,nominal,2.0NRT,290.46,1.87,N,VIIRS
46.69102,33.3991,316.11,0.47,0.64,2026-08-23,01:05:00,N,nominal,2.0NRT,290.85,1.87,N,VIIRS
46.37712,34.28762,302.13,0.53,0.67,2026-08-23,01:05:00,N,nominal,2.0NRT,288.54,1.01,N,VIIRS
46.69463,33.3985,311.81,0.47,0.64,2026-08-23,01:05:00,N,nominal,2.0NRT,290.11,3.1,N,VIIRS
46.69287,33.38316,315.43,0.47,0.64,2026-08-23,01:05:00,N,nominal,2.0NRT,290.82,1.92,N,VIIRS
46.69102,33.38896,311.81,0.47,0.64,2026-08-23,01:05:00,N,nominal,2.0NRT,290.5,1.92,N,VIIRS
46.5917,32.90043,301.9,0.45,0.63,2026-08-23,01:05:00,N,nominal,2.0NRT,291.38,1.19,N,VIIRS
46.592529999999996,32.90149,302.97,0.45,0.63,2026-08-23,01:05:00,N,nominal,2.0NRT,291.28,1.23,N,VIIRS
46.66423,32.6104,308.56,0.44,0.62,2026-08-23,01:05:00,N,nominal,2.0NRT,291.62,1.01,N,VIIRS
45.77903,29.03832,319.22,0.33,0.55,2026-08-23,01:07:00,N,nominal,2.0NRT,289.19,1.8,N,VIIRS
45.793,29.02771,300.95,0.33,0.55,2026-08-23,01:07:00,N,nominal,2.0NRT,288.44,0.55,N,VIIRS
45.78193,29.04214,307.37,0.33,0.55,2026-08-23,01:07:00,N,nominal,2.0NRT,289.04,0.47,N,VIIRS
45.78305,29.03817,306.2,0.33,0.55,2026-08-23,01:07:00,N,nominal,2.0NRT,288.9,0.82,N,VIIRS
45.7912,29.0289,304.36,0.33,0.55,2026-08-23,01:07:00,N,nominal,2.0NRT,288.62,0.4,N,VIIRS
45.9945,29.17969,299.47,0.33,0.55,2026-08-23,01:07:00,N,nominal,2.0NRT,288.67,0.23,N,VIIRS
46.16811,29.204,316.98,0.32,0.55,2026-08-23,01:07:00,N,nominal,2.0NRT,289.36,1.32,N,VIIRS
44.77032,33.86072,300.54,0.57,0.69,2026-08-23,01:07:00,N,nominal,2.0NRT,287.62,1.01,N,VIIRS
44.77264,33.8605,303.88,0.57,0.69,2026-08-23,01:07:00,N,nominal,2.0NRT,287.77,0.84,N,VIIRS
46.74471,31.76817,310.82,0.4,0.6,2026-08-23,01:07:00,N,nominal,2.0NRT,289.1,1.32,N,VIIRS
46.74622,31.76321,300.54,0.4,0.6,2026-08-23,01:07:00,N,nominal,2.0NRT,288.63,1.43,N,VIIRS
46.61123,32.44672,316.84,0.43,0.62,2026-08-23,01:07:00,N,nominal,2.0NRT,290.37,1.97,N,VIIRS
47.79697,37.17652,344.42,0.61,0.71,2026-08-23,09:09:00,N,nominal,2.0NRT,310.93,5.29,D,VIIRS
47.79377,37.18869,346.06,0.61,0.71,2026-08-23,09:09:00,N,nominal,2.0NRT,309.19,8.19,D,VIIRS
48.12558,38.12463,345.31,0.55,0.68,2026-08-23,09:09:00,N,nominal,2.0NRT,306.82,23.52,D,VIIRS
47.80467,37.2189,367,0.61,0.71,2026-08-23,09:09:00,N,high,2.0NRT,309.71,15.91,D,VIIRS
48.12781,38.13104,367,0.55,0.68,2026-08-23,09:09:00,N,high,2.0NRT,318.62,56.21,D,VIIRS
47.79815,37.17582,336.25,0.61,0.71,2026-08-23,09:09:00,N,low,2.0NRT,310.13,4.16,D,VIIRS
48.12836,38.12349,351.65,0.55,0.68,2026-08-23,09:09:00,N,nominal,2.0NRT,306.04,26.32,D,VIIRS
48.13055,38.12987,367,0.55,0.68,2026-08-23,09:09:00,N,high,2.0NRT,315.56,26.32,D,VIIRS
47.79494,37.18808,346.1,0.61,0.71,2026-08-23,09:09:00,N,nominal,2.0NRT,308.86,11.26,D,VIIRS
47.80573,37.21847,367,0.61,0.71,2026-08-23,09:09:00,N,high,2.0NRT,309.24,13.89,D,VIIRS
47.77749,37.18156,367,0.61,0.71,2026-08-23,09:09:00,N,high,2.0NRT,311.1,19.87,D,VIIRS
47.7715,37.18596,355.02,0.61,0.71,2026-08-23,09:09:00,N,nominal,2.0NRT,309.43,19.87,D,VIIRS
47.77424,37.19369,367,0.61,0.71,2026-08-23,09:09:00,N,high,2.0NRT,313.2,50.81,D,VIIRS
47.72072,37.25566,337.76,0.61,0.71,2026-08-23,09:09:00,N,nominal,2.0NRT,308.01,3.41,D,VIIRS
47.80044,37.47842,367,0.6,0.7,2026-08-23,09:09:00,N,high,2.0NRT,312.26,26.22,D,VIIRS
47.80307,37.4858,367,0.6,0.7,2026-08-23,09:09:00,N,high,2.0NRT,308.34,26.22,D,VIIRS
47.71212,37.25281,344.88,0.61,0.71,2026-08-23,09:09:00,N,nominal,2.0NRT,309.56,10.8,D,VIIRS
47.71483,37.26036,351.75,0.61,0.71,2026-08-23,09:09:00,N,nominal,2.0NRT,310.3,10.8,D,VIIRS
47.73888,37.3273,344.24,0.61,0.71,2026-08-23,09:09:00,N,nominal,2.0NRT,310.05,7.4,D,VIIRS
47.77617,37.43142,344.4,0.6,0.71,2026-08-23,09:09:00,N,nominal,2.0NRT,312.09,6.86,D,VIIRS
47.73618,37.31976,367,0.61,0.71,2026-08-23,09:09:00,N,high,2.0NRT,306.6,7.4,D,VIIRS
47.23549,35.98216,334.18,0.71,0.75,2026-08-23,09:09:00,N,low,2.0NRT,306.03,6.12,D,VIIRS
47.69798,37.234610000000004,353.91,0.61,0.71,2026-08-23,09:09:00,N,nominal,2.0NRT,308.15,12.45,D,VIIRS
47.733,37.33195,346.06,0.61,0.71,2026-08-23,09:09:00,N,nominal,2.0NRT,306.17,7.4,D,VIIRS
47.7384,37.34698,349.67,0.61,0.71,2026-08-23,09:09:00,N,nominal,2.0NRT,312.15,20.12,D,VIIRS
47.16933,35.82925,349.59,0.73,0.76,2026-08-23,09:09:00,N,nominal,2.0NRT,305.13,13.2,D,VIIRS
47.1727,35.8381,351.66,0.73,0.76,2026-08-23,09:09:00,N,nominal,2.0NRT,303.47,17.6,D,VIIRS
47.69202,37.23915,336.99,0.61,0.71,2026-08-23,09:09:00,N,nominal,2.0NRT,306.37,4.3,D,VIIRS
47.6948,37.24685,346.32,0.61,0.71,2026-08-23,09:09:00,N,nominal,2.0NRT,309.47,4.3,D,VIIRS
47.72978,37.34398,367,0.61,0.71,2026-08-23,09:09:00,N,high,2.0NRT,307.8,9.52,D,VIIRS
47.68879,37.25121,339.04,0.61,0.71,2026-08-23,09:09:00,N,low,2.0NRT,309.19,4.3,D,VIIRS
47.79874,37.47078,356.54,0.6,0.7,2026-08-23,09:09:00,N,nominal,2.0NRT,305.63,22.72,D,VIIRS
47.80135,37.47822,367,0.6,0.7,2026-08-23,09:09:00,N,high,2.0NRT,312.23,22.72,D,VIIRS
47.80395,37.48563,367,0.6,0.7,2026-08-23,09:09:00,N,high,2.0NRT,308.57,30.15,D,VIIRS
47.71407,37.25173,345.83,0.61,0.71,2026-08-23,09:09:00,N,nominal,2.0NRT,310.34,7.57,D,VIIRS
47.71675,37.25928,356.33,0.61,0.71,2026-08-23,09:09:00,N,nominal,2.0NRT,311.1,7.57,D,VIIRS
47.73781,37.31888,355.75,0.61,0.71,2026-08-23,09:09:00,N,nominal,2.0NRT,306.56,18.59,D,VIIRS
47.74049,37.32648,349.9,0.61,0.71,2026-08-23,09:09:00,N,nominal,2.0NRT,309.84,10.61,D,VIIRS
47.74314,37.33399,338.12,0.61,0.71,2026-08-23,09:09:00,N,low,2.0NRT,311.01,10.61,D,VIIRS
47.77736,37.43114,342.69,0.6,0.71,2026-08-23,09:09:00,N,nominal,2.0NRT,311.94,8.42,D,VIIRS
47.70004,37.23346,355.49,0.61,0.71,2026-08-23,09:09:00,N,nominal,2.0NRT,307.33,7.69,D,VIIRS
47.73463,37.33118,343.65,0.61,0.71,2026-08-23,09:09:00,N,nominal,2.0NRT,306.79,10.61,D,VIIRS
47.73994,37.34621,348.41,0.61,0.71,2026-08-23,09:09:00,N,nominal,2.0NRT,312.24,12.52,D,VIIRS
47.23683,35.98024,338.64,0.71,0.75,2026-08-23,09:09:00,N,nominal,2.0NRT,305.68,9.73,D,VIIRS
47.69413,37.23811,338.87,0.61,0.71,2026-08-23,09:09:00,N,nominal,2.0NRT,306.86,5.9,D,VIIRS
47.69686,37.2458,341.03,0.61,0.71,2026-08-23,09:09:00,N,nominal,2.0NRT,309.6,6.38,D,VIIRS
47.72874,37.33582,330.96,0.61,0.71,2026-08-23,09:09:00,N,nominal,2.0NRT,305.37,6.68,D,VIIRS
47.73406,37.35086,343.53,0.61,0.71,2026-08-23,09:09:00,N,nominal,2.0NRT,308.42,10.21,D,VIIRS
47.73139,37.34331,367,0.61,0.71,2026-08-23,09:09:00,N,high,2.0NRT,309.65,6.68,D,VIIRS
47.17138,35.82677,343.27,0.73,0.76,2026-08-23,09:09:00,N,nominal,2.0NRT,305.4,10.6,D,VIIRS
47.17473,35.83569,355.37,0.73,0.76,2026-08-23,09:09:00,N,nominal,2.0NRT,304.23,10.6,D,VIIRS
47.69088,37.25027,339.9,0.61,0.71,2026-08-23,09:09:00,N,nominal,2.0NRT,309.01,6.38,D,VIIRS
47.68491,37.25477,347.42,0.61,0.71,2026-08-23,09:09:00,N,nominal,2.0NRT,311.78,46.93,D,VIIRS
47.68763,37.26241,367,0.61,0.71,2026-08-23,09:09:00,N,high,2.0NRT,318.58,46.93,D,VIIRS
47.44159,36.62206,332.91,0.66,0.73,2026-08-23,09:09:00,N,low,2.0NRT,304.27,5.77,D,VIIRS
47.04347,35.83483,347.74,0.73,0.76,2026-08-23,09:09:00,N,nominal,2.0NRT,302.62,5.97,D,VIIRS
47.04682,35.84362,337.74,0.73,0.76,2026-08-23,09:09:00,N,nominal,2.0NRT,302.33,5.97,D,VIIRS
47.55475,37.20966,347.08,0.62,0.72,2026-08-23,09:09:00,N,nominal,2.0NRT,317.59,66.62,D,VIIRS
47.55751,37.2173,350.36,0.62,0.72,2026-08-23,09:09:00,N,nominal,2.0NRT,305.36,47.83,D,VIIRS
47.55678,37.20901,348.12,0.62,0.72,2026-08-23,09:09:00,N,nominal,2.0NRT,314.07,33.89,D,VIIRS
47.55952,37.21669,353.47,0.62,0.72,2026-08-23,09:09:00,N,nominal,2.0NRT,305.6,33.89,D,VIIRS
47.04851,35.84154,336.24,0.73,0.76,2026-08-23,09:09:00,N,nominal,2.0NRT,301.23,11.95,D,VIIRS
47.54813,37.20608,333.91,0.62,0.72,2026-08-23,09:09:00,N,nominal,2.0NRT,307.9,13.84,D,VIIRS
47.55085,37.2137,367,0.62,0.72,2026-08-23,09:09:00,N,high,2.0NRT,313.66,33.84,D,VIIRS
47.03896,35.83791,332.01,0.73,0.76,2026-08-23,09:09:00,N,low,2.0NRT,303.05,7.45,D,VIIRS
47.25587,36.50713,331.31,0.68,0.74,2026-08-23,09:09:00,N,low,2.0NRT,305.97,4.22,D,VIIRS
47.57827,37.39694,367,0.61,0.71,2026-08-23,09:09:00,N,high,2.0NRT,313.06,90.73,D,VIIRS
47.57226,37.40128,340.4,0.61,0.71,2026-08-23,09:09:00,N,nominal,2.0NRT,307.84,6.55,D,VIIRS
46.97415,35.79673,333.08,0.74,0.76,2026-08-23,09:09:00,N,low,2.0NRT,305.2,4.22,D,VIIRS
46.96784,35.8018,344.02,0.74,0.76,2026-08-23,09:09:00,N,nominal,2.0NRT,305.54,3.85,D,VIIRS
46.99168,35.86466,332.78,0.74,0.76,2026-08-23,09:09:00,N,low,2.0NRT,306.76,7.46,D,VIIRS
46.9985,35.88268,351.74,0.73,0.76,2026-08-23,09:09:00,N,nominal,2.0NRT,306.62,9.54,D,VIIRS
47.0019,35.89166,346.87,0.73,0.76,2026-08-23,09:09:00,N,nominal,2.0NRT,303.8,9.54,D,VIIRS
46.9922,35.88769,333.02,0.73,0.76,2026-08-23,09:09:00,N,low,2.0NRT,305.58,9.54,D,VIIRS
46.97056,35.79838,354,0.74,0.76,2026-08-23,09:09:00,N,nominal,2.0NRT,307.69,11.54,D,VIIRS
46.99417,35.86163,331.8,0.74,0.76,2026-08-23,09:09:00,N,low,2.0NRT,305.32,3.44,D,VIIRS
46.99463,35.88477,347.43,0.73,0.76,2026-08-23,09:09:00,N,nominal,2.0NRT,306.44,13.73,D,VIIRS
46.998,35.89381,367,0.73,0.76,2026-08-23,09:09:00,N,high,2.0NRT,304.93,20.6,D,VIIRS
47.37593,37.16301,355.56,0.63,0.72,2026-08-23,09:09:00,N,nominal,2.0NRT,307.43,14.44,D,VIIRS
47.37869,37.1707,350.36,0.63,0.72,2026-08-23,09:09:00,N,nominal,2.0NRT,306.83,14.44,D,VIIRS
46.92617,35.98552,348.07,0.73,0.76,2026-08-23,09:09:00,N,nominal,2.0NRT,303.98,5.51,D,VIIRS
47.36676,37.18016,346.42,0.63,0.72,2026-08-23,09:09:00,N,nominal,2.0NRT,308.66,7.28,D,VIIRS
47.48257,37.63002,343.32,0.6,0.71,2026-08-23,09:09:00,N,nominal,2.0NRT,307.87,5.86,D,VIIRS
46.92895,35.98709,334.16,0.73,0.76,2026-08-23,09:09:00,N,nominal,2.0NRT,303.68,5.49,D,VIIRS
47.36158,37.1786,342.43,0.63,0.72,2026-08-23,09:09:00,N,nominal,2.0NRT,308.13,10.58,D,VIIRS
47.48434,37.63359,338.84,0.6,0.71,2026-08-23,09:09:00,N,nominal,2.0NRT,306.32,6.59,D,VIIRS
46.90908,36.17386,350.79,0.72,0.76,2026-08-23,09:09:00,N,nominal,2.0NRT,308.77,12.2,D,VIIRS
47.34562,37.59595,334.66,0.61,0.71,2026-08-23,09:09:00,N,nominal,2.0NRT,308,3.65,D,VIIRS
46.67662,35.91549,334.47,0.75,0.77,2026-08-23,09:09:00,N,nominal,2.0NRT,301.06,5.18,D,VIIRS
47.15239,38.01705,352.37,0.6,0.7,2026-08-23,09:09:00,N,nominal,2.0NRT,306.08,13.59,D,VIIRS
47.15497,38.02447,347.35,0.6,0.7,2026-08-23,09:09:00,N,nominal,2.0NRT,302.8,13.59,D,VIIRS
47.1465,38.02148,347.2,0.6,0.7,2026-08-23,09:09:00,N,nominal,2.0NRT,305.75,13.59,D,VIIRS
47.14907,38.02885,341.55,0.6,0.7,2026-08-23,09:09:00,N,nominal,2.0NRT,304.96,13.59,D,VIIRS
46.81866,36.52994,331.57,0.7,0.75,2026-08-23,09:09:00,N,nominal,2.0NRT,302.31,2.72,D,VIIRS
46.80607,36.51752,338.15,0.7,0.75,2026-08-23,09:09:00,N,nominal,2.0NRT,303.46,5.54,D,VIIRS
46.80921,36.52603,336.34,0.7,0.75,2026-08-23,09:09:00,N,nominal,2.0NRT,302.81,5.54,D,VIIRS
47.26904,38.03456,337.44,0.59,0.7,2026-08-23,09:09:00,N,nominal,2.0NRT,305.3,11.13,D,VIIRS
47.27146,38.04141,367,0.59,0.7,2026-08-23,09:09:00,N,high,2.0NRT,306.73,18.93,D,VIIRS
47.26977,38.0348,343,0.59,0.7,2026-08-23,09:09:00,N,nominal,2.0NRT,305.31,9.57,D,VIIRS
47.27216,38.04166,367,0.59,0.7,2026-08-23,09:09:00,N,high,2.0NRT,306.1,9.57,D,VIIRS
47.1507,38.01296,337.42,0.6,0.7,2026-08-23,09:09:00,N,nominal,2.0NRT,304.47,16.16,D,VIIRS
47.15331,38.02032,367,0.6,0.7,2026-08-23,09:09:00,N,high,2.0NRT,308.79,16.16,D,VIIRS
47.14741,38.02473,349.29,0.6,0.7,2026-08-23,09:09:00,N,nominal,2.0NRT,307.44,16.16,D,VIIRS
47.3857,35.44176,347.98,0.74,0.76,2026-08-23,09:11:00,N,nominal,2.0NRT,301.46,6.1,D,VIIRS
49.64408,38.00151,333.94,0.49,0.65,2026-08-23,09:11:00,N,low,2.0NRT,304.23,7.34,D,VIIRS
49.64632,38.0082,332.11,0.49,0.65,2026-08-23,09:11:00,N,nominal,2.0NRT,306.45,7.34,D,VIIRS
49.64849,38.01469,367,0.49,0.65,2026-08-23,09:11:00,N,high,2.0NRT,310.82,28.89,D,VIIRS
49.64082,38.01233,343.99,0.49,0.65,2026-08-23,09:11:00,N,nominal,2.0NRT,304.45,5.64,D,VIIRS
49.67408,38.1117,367,0.49,0.65,2026-08-23,09:11:00,N,high,2.0NRT,305.43,13.37,D,VIIRS
49.67615,38.11788,367,0.49,0.65,2026-08-23,09:11:00,N,high,2.0NRT,305.72,18.15,D,VIIRS
49.62442,38.02505,367,0.49,0.65,2026-08-23,09:11:00,N,high,2.0NRT,304.42,14.57,D,VIIRS
49.62659,38.03155,367,0.49,0.65,2026-08-23,09:11:00,N,high,2.0NRT,303.86,18.64,D,VIIRS
49.62113,38.03578,337.16,0.49,0.65,2026-08-23,09:11:00,N,nominal,2.0NRT,304.03,4.4,D,VIIRS
49.55138,37.89094,345.76,0.5,0.66,2026-08-23,09:11:00,N,nominal,2.0NRT,304.46,5.29,D,VIIRS
49.61449,38.11823,341.92,0.49,0.65,2026-08-23,09:11:00,N,nominal,2.0NRT,300.7,12.26,D,VIIRS
49.6126,38.11263,367,0.49,0.65,2026-08-23,09:11:00,N,high,2.0NRT,303.03,12.45,D,VIIRS
49.60711,38.11675,351.53,0.49,0.65,2026-08-23,09:11:00,N,nominal,2.0NRT,310.52,24.43,D,VIIRS
49.60904,38.12244,367,0.49,0.65,2026-08-23,09:11:00,N,high,2.0NRT,304.15,27.68,D,VIIRS
49.55239,38.05709,340.45,0.49,0.65,2026-08-23,09:11:00,N,nominal,2.0NRT,303.43,8.29,D,VIIRS
49.42382,37.72308,367,0.51,0.66,2026-08-23,09:11:00,N,high,2.0NRT,308.61,14.12,D,VIIRS
49.44721,37.81118,367,0.51,0.66,2026-08-23,09:11:00,N,high,2.0NRT,308.72,21.37,D,VIIRS
49.55651,38.05517,354.47,0.49,0.65,2026-08-23,09:11:00,N,nominal,2.0NRT,304.8,5.83,D,VIIRS
49.42402,37.72413,367,0.51,0.66,2026-08-23,09:11:00,N,high,2.0NRT,308.34,10.74,D,VIIRS
49.44709,37.81273,367,0.51,0.66,2026-08-23,09:11:00,N,high,2.0NRT,309.47,26.42,D,VIIRS
49.46862,37.99957,345.76,0.5,0.66,2026-08-23,09:11:00,N,nominal,2.0NRT,305.66,4.99,D,VIIRS
49.37138,37.85772,330.39,0.51,0.66,2026-08-23,09:11:00,N,low,2.0NRT,304.28,4.35,D,VIIRS
49.35902,37.92367,332.46,0.51,0.66,2026-08-23,09:11:00,N,nominal,2.0NRT,305.24,2.23,D,VIIRS
49.35949,37.92478,332.49,0.51,0.66,2026-08-23,09:11:00,N,low,2.0NRT,305.13,5.46,D,VIIRS
47.8287,37.07477,343.06,0.62,0.71,2026-08-23,09:11:00,N,nominal,2.0NRT,313.1,6.79,D,VIIRS
47.85897,37.13817,340.01,0.61,0.71,2026-08-23,09:11:00,N,nominal,2.0NRT,309.1,3.99,D,VIIRS
47.85681,37.11091,367,0.61,0.71,2026-08-23,09:11:00,N,high,2.0NRT,310.71,13.11,D,VIIRS
47.83783,37.05783,367,0.62,0.71,2026-08-23,09:11:00,N,high,2.0NRT,310.17,26.21,D,VIIRS
47.85949,37.11842,339.47,0.61,0.71,2026-08-23,09:11:00,N,nominal,2.0NRT,308.06,11.24,D,VIIRS
47.55814,36.26619,348.68,0.68,0.74,2026-08-23,09:11:00,N,nominal,2.0NRT,305.55,4.58,D,VIIRS
47.55771,36.20041,367,0.68,0.74,2026-08-23,09:11:00,N,high,2.0NRT,309.63,37.85,D,VIIRS
47.55466,36.19212,344.35,0.68,0.74,2026-08-23,09:11:00,N,nominal,2.0NRT,311.08,37.85,D,VIIRS
47.56073,36.18705,367,0.68,0.74,2026-08-23,09:11:00,N,high,2.0NRT,305.18,7.9,D,VIIRS
47.56382,36.19544,332.18,0.68,0.74,2026-08-23,09:11:00,N,nominal,2.0NRT,305.73,7.9,D,VIIRS
47.98675,37.35035,348.36,0.59,0.7,2026-08-23,09:11:00,N,nominal,2.0NRT,308.66,6.83,D,VIIRS
47.9842,37.34309,348.63,0.59,0.7,2026-08-23,09:11:00,N,nominal,2.0NRT,307.8,6.83,D,VIIRS
47.25899,35.33531,340.1,0.76,0.77,2026-08-23,09:11:00,N,nominal,2.0NRT,304.59,6.14,D,VIIRS
47.65194,36.32838,336.97,0.67,0.74,2026-08-23,09:11:00,N,nominal,2.0NRT,304.27,3.26,D,VIIRS
49.34975,37.91665,344.79,0.51,0.66,2026-08-23,09:11:00,N,nominal,2.0NRT,303.48,5.67,D,VIIRS
49.34645,37.92751,330.98,0.51,0.66,2026-08-23,09:11:00,N,low,2.0NRT,304.19,5.44,D,VIIRS
49.34861,37.93389,337.53,0.51,0.66,2026-08-23,09:11:00,N,nominal,2.0NRT,306,6.68,D,VIIRS
48.98244,36.93935,345.05,0.57,0.69,2026-08-23,09:11:00,N,nominal,2.0NRT,304.16,9.09,D,VIIRS
48.97654,36.94353,330.99,0.57,0.69,2026-08-23,09:11:00,N,low,2.0NRT,305.88,7.16,D,VIIRS
49.268,37.8004,367,0.52,0.66,2026-08-23,09:11:00,N,high,2.0NRT,307.52,16.44,D,VIIRS
49.13597,37.54194,334.28,0.53,0.67,2026-08-23,09:11:00,N,nominal,2.0NRT,304.59,7.55,D,VIIRS
49.13355,37.53499,367,0.53,0.67,2026-08-23,09:11:00,N,high,2.0NRT,308.19,7.55,D,VIIRS
49.26688,37.94052,331.55,0.51,0.66,2026-08-23,09:11:00,N,low,2.0NRT,303.6,3.12,D,VIIRS
49.26561,37.9572,346.59,0.51,0.66,2026-08-23,09:11:00,N,nominal,2.0NRT,306.82,8.56,D,VIIRS
49.26773,37.96336,336.31,0.51,0.66,2026-08-23,09:11:00,N,nominal,2.0NRT,303.94,9.71,D,VIIRS
49.23817,37.89794,331.81,0.51,0.66,2026-08-23,09:11:00,N,low,2.0NRT,302.98,4.01,D,VIIRS
49.25804,37.95558,352.5,0.51,0.66,2026-08-23,09:11:00,N,nominal,2.0NRT,304.92,6.94,D,VIIRS
49.25254,37.95998,345.88,0.51,0.66,2026-08-23,09:11:00,N,nominal,2.0NRT,306.91,6.94,D,VIIRS
49.13654,37.53808,367,0.53,0.67,2026-08-23,09:11:00,N,high,2.0NRT,307.4,14.83,D,VIIRS
49.26587,37.93879,337.27,0.51,0.66,2026-08-23,09:11:00,N,nominal,2.0NRT,304.25,4.72,D,VIIRS
49.27213,37.9573,343.94,0.51,0.66,2026-08-23,09:11:00,N,nominal,2.0NRT,302.88,4.61,D,VIIRS
49.26662,37.96167,352.52,0.51,0.66,2026-08-23,09:11:00,N,nominal,2.0NRT,306.83,11.88,D,VIIRS
49.23737,37.89597,335.82,0.51,0.66,2026-08-23,09:11:00,N,nominal,2.0NRT,302.95,5.53,D,VIIRS
49.25701,37.95394,356.42,0.51,0.66,2026-08-23,09:11:00,N,nominal,2.0NRT,305.03,6.13,D,VIIRS
49.2515,37.95831,351.84,0.51,0.66,2026-08-23,09:11:00,N,nominal,2.0NRT,306.62,3.17,D,VIIRS
48.88477,36.94008,342.18,0.57,0.69,2026-08-23,09:11:00,N,nominal,2.0NRT,304.98,8.98,D,VIIRS
48.01455,34.67312,349.53,0.75,0.77,2026-08-23,09:11:00,N,nominal,2.0NRT,298.07,13.38,D,VIIRS
49.1719,37.88949,335.75,0.51,0.66,2026-08-23,09:11:00,N,nominal,2.0NRT,302.36,5.18,D,VIIRS
49.61177,39.26687,334.19,0.44,0.62,2026-08-23,09:11:00,N,nominal,2.0NRT,307.02,2.78,D,VIIRS
49.19603,38.08277,337.61,0.5,0.66,2026-08-23,09:11:00,N,nominal,2.0NRT,305.36,1.91,D,VIIRS
49.21975,38.15214,337.63,0.5,0.66,2026-08-23,09:11:00,N,nominal,2.0NRT,306.31,6.42,D,VIIRS
49.59606,39.29894,339.92,0.44,0.62,2026-08-23,09:11:00,N,nominal,2.0NRT,304.12,2.84,D,VIIRS
49.07998,37.78713,330.42,0.52,0.67,2026-08-23,09:11:00,N,low,2.0NRT,303.3,4.02,D,VIIRS
49.09245,37.84348,339.52,0.52,0.67,2026-08-23,09:11:00,N,nominal,2.0NRT,304.45,4.36,D,VIIRS
49.19666,38.0842,333.04,0.51,0.66,2026-08-23,09:11:00,N,nominal,2.0NRT,305.12,1.98,D,VIIRS
49.22013,38.15402,331.85,0.5,0.66,2026-08-23,09:11:00,N,low,2.0NRT,305.42,5.45,D,VIIRS
49.59482,39.29574,335.83,0.44,0.62,2026-08-23,09:11:00,N,low,2.0NRT,306.92,4.53,D,VIIRS
49.21243,38.15177,332.73,0.5,0.66,2026-08-23,09:11:00,N,low,2.0NRT,305.27,3.6,D,VIIRS
49.08199,37.78732,335.56,0.52,0.67,2026-08-23,09:11:00,N,nominal,2.0NRT,303.25,2.33,D,VIIRS
49.09431,37.84415,334.47,0.52,0.67,2026-08-23,09:11:00,N,nominal,2.0NRT,303.72,4.93,D,VIIRS
49.0052,37.77046,345.5,0.53,0.67,2026-08-23,09:11:00,N,nominal,2.0NRT,304.1,5.09,D,VIIRS
49.1011,38.07016,337.64,0.51,0.66,2026-08-23,09:11:00,N,nominal,2.0NRT,305.09,7.58,D,VIIRS
48.98107,37.72131,367,0.53,0.67,2026-08-23,09:11:00,N,high,2.0NRT,308.15,22.52,D,VIIRS
49.09888,38.06366,367,0.51,0.66,2026-08-23,09:11:00,N,high,2.0NRT,306.43,7.58,D,VIIRS
49.87973,37.90743,367,0.49,0.65,2026-08-23,09:11:00,N,high,2.0NRT,309,15.45,D,VIIRS
49.76178,37.58271,338.35,0.5,0.66,2026-08-23,09:11:00,N,nominal,2.0NRT,301.65,6.07,D,VIIRS
49.79657,37.68399,352.7,0.5,0.66,2026-08-23,09:11:00,N,nominal,2.0NRT,307.02,8.98,D,VIIRS
49.80317,37.70324,332.07,0.5,0.66,2026-08-23,09:11:00,N,low,2.0NRT,305.47,5.71,D,VIIRS
49.85288,37.88929,343.04,0.49,0.65,2026-08-23,09:11:00,N,nominal,2.0NRT,302.75,4.25,D,VIIRS
49.85286,37.5008,354.45,0.51,0.66,2026-08-23,09:11:00,N,nominal,2.0NRT,304.4,17.37,D,VIIRS
49.93262,37.73729,330.68,0.49,0.65,2026-08-23,09:11:00,N,low,2.0NRT,302.32,4.44,D,VIIRS
49.85073,37.49454,367,0.51,0.66,2026-08-23,09:11:00,N,high,2.0NRT,305.36,13.75,D,VIIRS
49.92722,37.74178,340.15,0.49,0.65,2026-08-23,09:11:00,N,nominal,2.0NRT,306.62,4.44,D,VIIRS
49.95086,37.83271,336.04,0.49,0.65,2026-08-23,09:11:00,N,nominal,2.0NRT,302.16,4.99,D,VIIRS
49.95292,37.83889,331.1,0.49,0.65,2026-08-23,09:11:00,N,nominal,2.0NRT,302.43,4.77,D,VIIRS
49.94749,37.84317,332.93,0.49,0.65,2026-08-23,09:11:00,N,nominal,2.0NRT,302.11,4.77,D,VIIRS
49.94828,37.86604,332.95,0.49,0.65,2026-08-23,09:11:00,N,nominal,2.0NRT,301.17,4.93,D,VIIRS
49.95039,37.8723,335.32,0.49,0.65,2026-08-23,09:11:00,N,nominal,2.0NRT,301.09,5.34,D,VIIRS
49.83747,37.66093,333.32,0.5,0.66,2026-08-23,09:11:00,N,nominal,2.0NRT,300.96,3.97,D,VIIRS
49.8395,37.6669,333.72,0.5,0.66,2026-08-23,09:11:00,N,nominal,2.0NRT,300.67,3.97,D,VIIRS
49.79055,37.54398,341.22,0.51,0.66,2026-08-23,09:11:00,N,nominal,2.0NRT,304.32,5.62,D,VIIRS
49.89371,37.88774,349.48,0.49,0.65,2026-08-23,09:11:00,N,nominal,2.0NRT,304.61,7.06,D,VIIRS
49.89583,37.89401,351.08,0.49,0.65,2026-08-23,09:11:00,N,nominal,2.0NRT,302.65,7.06,D,VIIRS
49.89046,37.89849,353.37,0.49,0.65,2026-08-23,09:11:00,N,nominal,2.0NRT,303.92,17.84,D,VIIRS
49.01477,37.83933,336.64,0.52,0.67,2026-08-23,09:11:00,N,nominal,2.0NRT,305.27,2.71,D,VIIRS
48.83825,38.74447,353.14,0.49,0.65,2026-08-23,09:11:00,N,nominal,2.0NRT,315.58,48.43,D,VIIRS
48.4766,37.67192,367,0.56,0.68,2026-08-23,09:11:00,N,high,2.0NRT,305.96,14.9,D,VIIRS
48.84027,38.7506,367,0.49,0.65,2026-08-23,09:11:00,N,high,2.0NRT,316.82,59.64,D,VIIRS
47.61119,35.29371,330.94,0.74,0.76,2026-08-23,09:11:00,N,nominal,2.0NRT,302.09,2.83,D,VIIRS
48.18596,36.86242,341.5,0.61,0.71,2026-08-23,09:11:00,N,nominal,2.0NRT,307.42,4.84,D,VIIRS
48.84706,38.74348,346.32,0.49,0.65,2026-08-23,09:11:00,N,nominal,2.0NRT,310.36,28.05,D,VIIRS
48.8429,38.73109,344.39,0.49,0.65,2026-08-23,09:11:00,N,nominal,2.0NRT,319.18,51.4,D,VIIRS
48.58512,37.97454,336.1,0.54,0.67,2026-08-23,09:11:00,N,nominal,2.0NRT,304.84,3.39,D,VIIRS
48.43315,37.51799,354.84,0.56,0.69,2026-08-23,09:11:00,N,nominal,2.0NRT,306.71,5.74,D,VIIRS
48.43072,37.51108,339.95,0.56,0.69,2026-08-23,09:11:00,N,nominal,2.0NRT,305.99,5.74,D,VIIRS
48.41804,37.47506,348.73,0.57,0.69,2026-08-23,09:11:00,N,nominal,2.0NRT,308.25,5.59,D,VIIRS
48.63523,38.07855,339.6,0.53,0.67,2026-08-23,09:11:00,N,nominal,2.0NRT,305.02,9.27,D,VIIRS
48.63298,38.07204,343.01,0.53,0.67,2026-08-23,09:11:00,N,nominal,2.0NRT,309.76,10.44,D,VIIRS
48.5478,37.8254,348.97,0.54,0.68,2026-08-23,09:11:00,N,nominal,2.0NRT,306.48,8.24,D,VIIRS
48.29239,37.0578,367,0.6,0.7,2026-08-23,09:11:00,N,high,2.0NRT,307.15,6.47,D,VIIRS
49.08007,38.02921,354.4,0.51,0.66,2026-08-23,09:11:00,N,nominal,2.0NRT,308.43,10.44,D,VIIRS
48.44221,36.25312,335.52,0.63,0.72,2026-08-23,09:11:00,N,nominal,2.0NRT,300.65,6.95,D,VIIRS
48.7551,37.11873,333.88,0.57,0.69,2026-08-23,09:11:00,N,nominal,2.0NRT,302.47,2.67,D,VIIRS
49.07449,38.03342,345.39,0.51,0.66,2026-08-23,09:11:00,N,nominal,2.0NRT,309.77,8.18,D,VIIRS
49.22414,38.4736,344.96,0.49,0.65,2026-08-23,09:11:00,N,nominal,2.0NRT,306.19,6,D,VIIRS
49.49611,39.29376,351.39,0.44,0.63,2026-08-23,09:11:00,N,nominal,2.0NRT,312.38,27.74,D,VIIRS
49.07674,38.04,367,0.51,0.66,2026-08-23,09:11:00,N,high,2.0NRT,311.69,8.18,D,VIIRS
49.49799,39.29953,367,0.44,0.62,2026-08-23,09:11:00,N,high,2.0NRT,307.54,27.32,D,VIIRS
48.44207,36.27373,342.61,0.63,0.72,2026-08-23,09:11:00,N,nominal,2.0NRT,304.87,12.41,D,VIIRS
48.43917,36.265860000000004,367,0.63,0.72,2026-08-23,09:11:00,N,high,2.0NRT,306.98,12.41,D,VIIRS
48.43616,36.27869,351.02,0.63,0.72,2026-08-23,09:11:00,N,nominal,2.0NRT,303.68,10.42,D,VIIRS
48.57845,36.66827,344.31,0.6,0.71,2026-08-23,09:11:00,N,nominal,2.0NRT,303.58,6.85,D,VIIRS
48.58122,36.67593,346.6,0.6,0.71,2026-08-23,09:11:00,N,nominal,2.0NRT,303.5,6.85,D,VIIRS
49.06116,38.03555,340.7,0.51,0.66,2026-08-23,09:11:00,N,nominal,2.0NRT,305.14,3.27,D,VIIRS
48.72783,37.10442,338.14,0.57,0.69,2026-08-23,09:11:00,N,nominal,2.0NRT,305.9,3.41,D,VIIRS
49.01572,37.83927,335.81,0.52,0.67,2026-08-23,09:11:00,N,nominal,2.0NRT,304.82,2.86,D,VIIRS
47.55622,36.19646,367,0.68,0.74,2026-08-23,09:11:00,N,high,2.0NRT,318.75,19.46,D,VIIRS
47.55321,36.18841,338.66,0.68,0.74,2026-08-23,09:11:00,N,nominal,2.0NRT,305.56,19.46,D,VIIRS
47.56232,36.19147,367,0.68,0.74,2026-08-23,09:11:00,N,high,2.0NRT,306.76,19.46,D,VIIRS
47.98709,37.35408,336.63,0.59,0.7,2026-08-23,09:11:00,N,nominal,2.0NRT,309.24,6.19,D,VIIRS
47.98449,37.3468,332.64,0.59,0.7,2026-08-23,09:11:00,N,nominal,2.0NRT,306.49,5.21,D,VIIRS
47.55927,36.18332,331.54,0.68,0.74,2026-08-23,09:11:00,N,nominal,2.0NRT,303.59,19.46,D,VIIRS
47.99033,37.34217,367,0.59,0.7,2026-08-23,09:11:00,N,high,2.0NRT,309.83,18.49,D,VIIRS
47.99352,37.33015,367,0.59,0.7,2026-08-23,09:11:00,N,high,2.0NRT,302.45,18.49,D,VIIRS
48.46155,38.57334,367,0.51,0.66,2026-08-23,09:11:00,N,high,2.0NRT,313.15,15.24,D,VIIRS
48.46372,38.57977,330.27,0.51,0.66,2026-08-23,09:11:00,N,nominal,2.0NRT,303.73,15.24,D,VIIRS
47.70892,36.39529,337.91,0.66,0.73,2026-08-23,09:11:00,N,nominal,2.0NRT,307.29,6.69,D,VIIRS
47.89043,36.85226,344.85,0.63,0.72,2026-08-23,09:11:00,N,nominal,2.0NRT,310.31,4.88,D,VIIRS
47.79155,36.57882,342.05,0.65,0.73,2026-08-23,09:11:00,N,nominal,2.0NRT,308.43,4.92,D,VIIRS
48.1544,37.57555,367,0.57,0.69,2026-08-23,09:11:00,N,high,2.0NRT,307.55,14.2,D,VIIRS
47.38285,35.45601,367,0.74,0.76,2026-08-23,09:11:00,N,high,2.0NRT,302.15,9.96,D,VIIRS
48.15699,37.58297,355.99,0.57,0.69,2026-08-23,09:11:00,N,nominal,2.0NRT,307.96,14.2,D,VIIRS
48.23424,36.87421,331.26,0.61,0.71,2026-08-23,09:11:00,N,nominal,2.0NRT,304.47,1.65,D,VIIRS
48.53982,37.69836,333.5,0.55,0.68,2026-08-23,09:11:00,N,low,2.0NRT,304.3,2.57,D,VIIRS
48.61176,37.88583,333.58,0.54,0.68,2026-08-23,09:11:00,N,nominal,2.0NRT,306.48,2.33,D,VIIRS
48.59493,37.75344,337.23,0.55,0.68,2026-08-23,09:11:00,N,nominal,2.0NRT,307.17,3.19,D,VIIRS
48.40908,37.21894,336.29,0.58,0.7,2026-08-23,09:11:00,N,nominal,2.0NRT,310.37,5.99,D,VIIRS
48.34226,37.00829,335.39,0.6,0.7,2026-08-23,09:11:00,N,nominal,2.0NRT,306.09,3.79,D,VIIRS
48.73816,38.08973,331.87,0.52,0.67,2026-08-23,09:11:00,N,nominal,2.0NRT,306.25,4.49,D,VIIRS
48.73605,38.08347,345.43,0.52,0.67,2026-08-23,09:11:00,N,nominal,2.0NRT,307.61,4.49,D,VIIRS
48.57402,37.6088,332.74,0.55,0.68,2026-08-23,09:11:00,N,low,2.0NRT,305.27,3.61,D,VIIRS
47.74401,35.30445,341.08,0.73,0.76,2026-08-23,09:11:00,N,nominal,2.0NRT,301.87,8.36,D,VIIRS
48.94397,38.6851,367,0.49,0.65,2026-08-23,09:11:00,N,high,2.0NRT,312.55,10.43,D,VIIRS
47.75352,35.30799,350.89,0.73,0.76,2026-08-23,09:11:00,N,nominal,2.0NRT,303.63,8.36,D,VIIRS
48.41016,37.22161,333.34,0.58,0.7,2026-08-23,09:11:00,N,low,2.0NRT,308.31,6.02,D,VIIRS
48.5261,37.52761,337.93,0.56,0.69,2026-08-23,09:11:00,N,nominal,2.0NRT,304.1,3.9,D,VIIRS
47.72129,35.31776,331.09,0.73,0.76,2026-08-23,09:11:00,N,low,2.0NRT,304.47,7.24,D,VIIRS
48.73516,38.08654,337.51,0.52,0.67,2026-08-23,09:11:00,N,nominal,2.0NRT,308.64,3.26,D,VIIRS
48.57109,37.61416,336.75,0.55,0.68,2026-08-23,09:11:00,N,nominal,2.0NRT,305.86,2.54,D,VIIRS
48.94569,38.68543,367,0.49,0.65,2026-08-23,09:11:00,N,high,2.0NRT,316.57,14.12,D,VIIRS
48.74067,38.08199,343.8,0.52,0.67,2026-08-23,09:11:00,N,nominal,2.0NRT,304.95,3.72,D,VIIRS
48.95112,38.68119,353.9,0.49,0.65,2026-08-23,09:11:00,N,nominal,2.0NRT,305.43,14.12,D,VIIRS
48.46207,37.26329,337.17,0.58,0.69,2026-08-23,09:11:00,N,nominal,2.0NRT,307.65,3.69,D,VIIRS
47.74021,35.30278,334.1,0.73,0.76,2026-08-23,09:11:00,N,nominal,2.0NRT,301.4,4.41,D,VIIRS
51.28489,34.19799,339.76,0.59,0.7,2026-08-23,09:11:00,N,nominal,2.0NRT,291.18,10.82,D,VIIRS
51.28475,34.1978,339.18,0.59,0.7,2026-08-23,09:11:00,N,nominal,2.0NRT,291.19,11.01,D,VIIRS
50.48479,34.94395,341.99,0.6,0.7,2026-08-23,09:11:00,N,nominal,2.0NRT,284.52,7.82,D,VIIRS
50.48753,34.95131,335.94,0.6,0.7,2026-08-23,09:11:00,N,nominal,2.0NRT,282.6,9.27,D,VIIRS
50.48583,34.94342,327.27,0.6,0.7,2026-08-23,09:11:00,N,nominal,2.0NRT,284.49,6.14,D,VIIRS
50.42585,35.44307,327.5,0.58,0.69,2026-08-23,09:11:00,N,nominal,2.0NRT,289.48,2.78,D,VIIRS
50.32999,36.22067,331.43,0.54,0.68,2026-08-23,09:11:00,N,nominal,2.0NRT,295.12,2.76,D,VIIRS
48.6688,38.23634,331.17,0.52,0.67,2026-08-23,09:11:00,N,low,2.0NRT,304.43,3.66,D,VIIRS
48.58156,37.97858,331.64,0.54,0.68,2026-08-23,09:11:00,N,low,2.0NRT,305.33,3.44,D,VIIRS
48.47898,37.67881,348.62,0.55,0.68,2026-08-23,09:11:00,N,nominal,2.0NRT,305.42,15.92,D,VIIRS
48.84578,38.74659,367,0.49,0.65,2026-08-23,09:11:00,N,high,2.0NRT,314.97,59.64,D,VIIRS
48.84374,38.74041,346.53,0.49,0.65,2026-08-23,09:11:00,N,nominal,2.0NRT,318.35,48.43,D,VIIRS
48.84169,38.73419,351.18,0.49,0.65,2026-08-23,09:11:00,N,nominal,2.0NRT,322.21,48.43,D,VIIRS
48.43161,37.52046,350.05,0.56,0.69,2026-08-23,09:11:00,N,nominal,2.0NRT,305.28,7.32,D,VIIRS
48.42921,37.51352,340.45,0.57,0.69,2026-08-23,09:11:00,N,nominal,2.0NRT,306.58,6.59,D,VIIRS
48.48718,37.81709,337.83,0.55,0.68,2026-08-23,09:11:00,N,low,2.0NRT,308.72,5.91,D,VIIRS
47.36555,34.75412,331.06,0.79,0.78,2026-08-23,09:11:00,N,low,2.0NRT,303.75,3.68,D,VIIRS
47.80563,35.85604,333.18,0.69,0.74,2026-08-23,09:11:00,N,nominal,2.0NRT,300.9,6.71,D,VIIRS
48.84156,38.74751,367,0.49,0.65,2026-08-23,09:11:00,N,high,2.0NRT,326.59,62.23,D,VIIRS
48.47313,37.6735,367,0.55,0.68,2026-08-23,09:11:00,N,high,2.0NRT,306.79,10.12,D,VIIRS
48.1846,36.8627,367,0.61,0.71,2026-08-23,09:11:00,N,high,2.0NRT,307.96,7.27,D,VIIRS
48.83949,38.74135,345.11,0.49,0.65,2026-08-23,09:11:00,N,nominal,2.0NRT,318.7,62.23,D,VIIRS
48.66783,38.23543,333,0.52,0.67,2026-08-23,09:11:00,N,low,2.0NRT,304.61,4.49,D,VIIRS
48.47553,37.68036,347.71,0.55,0.68,2026-08-23,09:11:00,N,nominal,2.0NRT,305.07,10.12,D,VIIRS
48.201,36.90811,347.66,0.61,0.71,2026-08-23,09:11:00,N,nominal,2.0NRT,306.75,7.69,D,VIIRS
48.18738,36.87038,333.66,0.61,0.71,2026-08-23,09:11:00,N,nominal,2.0NRT,306.07,7.27,D,VIIRS
47.81171,35.85088,347.54,0.69,0.74,2026-08-23,09:11:00,N,nominal,2.0NRT,301.01,6.71,D,VIIRS
47.37942,35.44692,341.26,0.74,0.76,2026-08-23,09:11:00,N,nominal,2.0NRT,302.31,9.96,D,VIIRS
48.16036,37.57157,367,0.57,0.69,2026-08-23,09:11:00,N,high,2.0NRT,309.42,30.9,D,VIIRS
48.15777,37.56415,367,0.57,0.69,2026-08-23,09:11:00,N,high,2.0NRT,309.52,24.35,D,VIIRS
47.38914,35.45084,336.26,0.74,0.76,2026-08-23,09:11:00,N,nominal,2.0NRT,301.85,6.1,D,VIIRS
47.96574,36.99875,367,0.61,0.71,2026-08-23,09:11:00,N,high,2.0NRT,309.39,11.28,D,VIIRS
48.69324,37.90306,367,0.53,0.67,2026-08-23,09:11:00,N,high,2.0NRT,310.1,14.61,D,VIIRS
48.94624,38.64621,339.49,0.49,0.65,2026-08-23,09:11:00,N,nominal,2.0NRT,311.38,9.38,D,VIIRS
48.44994,37.20822,347.76,0.58,0.7,2026-08-23,09:11:00,N,nominal,2.0NRT,306.26,5.77,D,VIIRS
47.74981,35.30643,352.03,0.73,0.76,2026-08-23,09:11:00,N,nominal,2.0NRT,302.95,12.72,D,VIIRS
48.95375,38.64816,367,0.49,0.65,2026-08-23,09:11:00,N,high,2.0NRT,315.64,14.53,D,VIIRS
48.95582,38.65432,337.59,0.49,0.65,2026-08-23,09:11:00,N,nominal,2.0NRT,309,14.53,D,VIIRS
48.70118,37.90535,334.79,0.53,0.67,2026-08-23,09:11:00,N,nominal,2.0NRT,306.6,11.96,D,VIIRS
48.96125,38.65007,347.12,0.49,0.65,2026-08-23,09:11:00,N,nominal,2.0NRT,301.72,27.35,D,VIIRS
48.95918,38.64389,343.4,0.49,0.65,2026-08-23,09:11:00,N,nominal,2.0NRT,311.86,27.35,D,VIIRS
47.75805,35.26339,340.57,0.73,0.76,2026-08-23,09:11:00,N,nominal,2.0NRT,303.51,11.1,D,VIIRS
47.75464,35.25444,347.39,0.73,0.76,2026-08-23,09:11:00,N,nominal,2.0NRT,303.05,9.6,D,VIIRS
47.76077,35.24894,346.64,0.73,0.76,2026-08-23,09:11:00,N,nominal,2.0NRT,302.1,9.07,D,VIIRS
48.68364,37.72989,343.53,0.54,0.68,2026-08-23,09:11:00,N,nominal,2.0NRT,307.19,6.66,D,VIIRS
49.00852,38.6687,367,0.49,0.65,2026-08-23,09:11:00,N,high,2.0NRT,313.5,208.8,D,VIIRS
49.0046,38.6569,339.13,0.49,0.65,2026-08-23,09:11:00,N,nominal,2.0NRT,303.33,115.92,D,VIIRS
49.00656,38.66279,367,0.49,0.65,2026-08-23,09:11:00,N,low,2.0NRT,337.85,115.92,D,VIIRS
48.70194,37.74131,367,0.54,0.68,2026-08-23,09:11:00,N,high,2.0NRT,308.4,14.47,D,VIIRS
48.70422,37.74794,347.31,0.54,0.68,2026-08-23,09:11:00,N,nominal,2.0NRT,306.72,17.05,D,VIIRS
48.53193,37.25193,336.03,0.57,0.69,2026-08-23,09:11:00,N,nominal,2.0NRT,303.45,1.97,D,VIIRS
48.51037,37.16948,340.87,0.58,0.7,2026-08-23,09:11:00,N,nominal,2.0NRT,310.4,8.66,D,VIIRS
48.61046,37.43487,351.73,0.56,0.69,2026-08-23,09:11:00,N,nominal,2.0NRT,306.06,8.66,D,VIIRS
48.806,37.94138,337.91,0.53,0.67,2026-08-23,09:11:00,N,nominal,2.0NRT,306.62,6.11,D,VIIRS
48.20219,36.9081,346.99,0.61,0.71,2026-08-23,09:11:00,N,nominal,2.0NRT,306.63,5.61,D,VIIRS
48.18003,36.86705,335.25,0.61,0.71,2026-08-23,09:11:00,N,nominal,2.0NRT,304.13,4.84,D,VIIRS
47.81131,35.85099,367,0.69,0.74,2026-08-23,09:11:00,N,high,2.0NRT,301.54,11.85,D,VIIRS
48.41328,37.55183,333.69,0.56,0.69,2026-08-23,09:11:00,N,low,2.0NRT,306.81,3.58,D,VIIRS
48.48458,37.82092,339.55,0.55,0.68,2026-08-23,09:11:00,N,nominal,2.0NRT,306.47,2.81,D,VIIRS
48.21227,37.06371,337.39,0.6,0.7,2026-08-23,09:11:00,N,low,2.0NRT,309.99,5.07,D,VIIRS
48.08664,36.75489,333.95,0.62,0.72,2026-08-23,09:11:00,N,nominal,2.0NRT,306.54,4.82,D,VIIRS
48.08945,36.76273,340.41,0.62,0.71,2026-08-23,09:11:00,N,nominal,2.0NRT,306.5,4.82,D,VIIRS
47.91478,36.32489,338.89,0.66,0.73,2026-08-23,09:11:00,N,nominal,2.0NRT,301.19,7,D,VIIRS
47.91771,36.33284,342.73,0.65,0.73,2026-08-23,09:11:00,N,nominal,2.0NRT,302.14,7,D,VIIRS
48.01901,36.61037,342.85,0.63,0.72,2026-08-23,09:11:00,N,nominal,2.0NRT,307.46,9.12,D,VIIRS
48.0274,36.63348,355,0.63,0.72,2026-08-23,09:11:00,N,nominal,2.0NRT,306.45,10.75,D,VIIRS
48.03014,36.64103,335.08,0.63,0.72,2026-08-23,09:11:00,N,nominal,2.0NRT,306.04,11.66,D,VIIRS
48.41581,37.72671,349.87,0.55,0.68,2026-08-23,09:11:00,N,nominal,2.0NRT,304.61,36.62,D,VIIRS
48.41015,37.7313,355.85,0.55,0.68,2026-08-23,09:11:00,N,nominal,2.0NRT,320.95,36.62,D,VIIRS
48.4388,37.81373,344.7,0.55,0.68,2026-08-23,09:11:00,N,nominal,2.0NRT,309.04,4.95,D,VIIRS
48.46741,37.89631,355.95,0.54,0.68,2026-08-23,09:11:00,N,nominal,2.0NRT,309.59,9.3,D,VIIRS
48.39975,37.72231,338.91,0.56,0.68,2026-08-23,09:11:00,N,nominal,2.0NRT,311.35,14.12,D,VIIRS
48.3974,37.71557,367,0.56,0.69,2026-08-23,09:11:00,N,high,2.0NRT,307.21,12.46,D,VIIRS
48.1393,37.00701,337.54,0.61,0.71,2026-08-23,09:11:00,N,nominal,2.0NRT,305.91,6.82,D,VIIRS
48.26771,37.3673,367,0.58,0.7,2026-08-23,09:11:00,N,high,2.0NRT,309.27,15.4,D,VIIRS
47.72829,35.90742,346.31,0.69,0.74,2026-08-23,09:11:00,N,nominal,2.0NRT,303.61,8.79,D,VIIRS
47.73149,35.91595,338.63,0.69,0.74,2026-08-23,09:11:00,N,nominal,2.0NRT,303.89,11.31,D,VIIRS
48.26174,37.37139,346.9,0.58,0.7,2026-08-23,09:11:00,N,nominal,2.0NRT,306.77,6.07,D,VIIRS
48.45971,37.9985,367,0.54,0.68,2026-08-23,09:11:00,N,high,2.0NRT,312.59,18.54,D,VIIRS
48.0767,36.95938,356.79,0.61,0.71,2026-08-23,09:11:00,N,nominal,2.0NRT,309.93,15.23,D,VIIRS
48.07948,36.96706,354.72,0.61,0.71,2026-08-23,09:11:00,N,nominal,2.0NRT,310.25,15.23,D,VIIRS
48.17113,37.51802,352.63,0.58,0.69,2026-08-23,09:11:00,N,nominal,2.0NRT,307.42,5.86,D,VIIRS
48.84499,38.73729,367,0.49,0.65,2026-08-23,09:11:00,N,high,2.0NRT,313.85,28.05,D,VIIRS
47.39476,35.42215,367,0.74,0.76,2026-08-23,09:11:00,N,high,2.0NRT,305.6,17.65,D,VIIRS
48.17619,37.53255,335.64,0.58,0.69,2026-08-23,09:11:00,N,low,2.0NRT,309.12,5.7,D,VIIRS
48.17368,37.52535,337.27,0.58,0.69,2026-08-23,09:11:00,N,low,2.0NRT,308.07,5.7,D,VIIRS
47.90684,36.77001,355.84,0.63,0.72,2026-08-23,09:11:00,N,nominal,2.0NRT,309.38,10.2,D,VIIRS
47.90408,36.76231,341.11,0.63,0.72,2026-08-23,09:11:00,N,nominal,2.0NRT,307.5,10.2,D,VIIRS
48.17943,37.52073,332.7,0.58,0.69,2026-08-23,09:11:00,N,low,2.0NRT,305.67,5.7,D,VIIRS
48.17688,37.51339,330.87,0.58,0.69,2026-08-23,09:11:00,N,nominal,2.0NRT,304.27,5.86,D,VIIRS
48.06955,37.20672,352.69,0.6,0.7,2026-08-23,09:11:00,N,nominal,2.0NRT,310.67,8.37,D,VIIRS
47.89905,36.72686,350.1,0.63,0.72,2026-08-23,09:11:00,N,nominal,2.0NRT,310.03,12.49,D,VIIRS
47.89626,36.71908,344.09,0.63,0.72,2026-08-23,09:11:00,N,nominal,2.0NRT,307.43,7.31,D,VIIRS
48.16158,37.56983,344.62,0.57,0.69,2026-08-23,09:11:00,N,nominal,2.0NRT,306.23,6.31,D,VIIRS
48.15896,37.56245,354.67,0.57,0.69,2026-08-23,09:11:00,N,nominal,2.0NRT,305.13,6.31,D,VIIRS
47.96452,36.99948,367,0.61,0.71,2026-08-23,09:11:00,N,high,2.0NRT,309.12,13.09,D,VIIRS
47.3875,35.45358,367,0.74,0.76,2026-08-23,09:11:00,N,high,2.0NRT,302.33,25.14,D,VIIRS
47.38401,35.44452,367,0.74,0.76,2026-08-23,09:11:00,N,high,2.0NRT,303.43,25.32,D,VIIRS
47.39309,35.4251,352.81,0.74,0.76,2026-08-23,09:11:00,N,nominal,2.0NRT,303.63,9.3,D,VIIRS
47.38954,35.41589,331.25,0.74,0.76,2026-08-23,09:11:00,N,low,2.0NRT,304.63,5.47,D,VIIRS
48.1722,37.51648,367,0.58,0.69,2026-08-23,09:11:00,N,high,2.0NRT,307.82,8.9,D,VIIRS
48.17733,37.53098,341.17,0.58,0.69,2026-08-23,09:11:00,N,nominal,2.0NRT,309.26,8.63,D,VIIRS
48.17479,37.52379,347.67,0.58,0.69,2026-08-23,09:11:00,N,nominal,2.0NRT,308.61,8.9,D,VIIRS
47.90472,36.77176,339.24,0.63,0.72,2026-08-23,09:11:00,N,nominal,2.0NRT,308.1,8.6,D,VIIRS
47.90193,36.76407,347.58,0.63,0.72,2026-08-23,09:11:00,N,nominal,2.0NRT,309.12,11.16,D,VIIRS
47.3958,35.41063,330.76,0.74,0.76,2026-08-23,09:11:00,N,low,2.0NRT,304.9,4.19,D,VIIRS
48.06934,37.20659,352.01,0.6,0.7,2026-08-23,09:11:00,N,nominal,2.0NRT,310.91,9.6,D,VIIRS
47.91074,36.76714,344.99,0.63,0.72,2026-08-23,09:11:00,N,nominal,2.0NRT,309.95,8.6,D,VIIRS
47.90275,36.72407,339.01,0.63,0.72,2026-08-23,09:11:00,N,nominal,2.0NRT,308.76,6.39,D,VIIRS
47.89992,36.7163,350.3,0.63,0.72,2026-08-23,09:11:00,N,nominal,2.0NRT,306.57,6.39,D,VIIRS
48.47777,38.31187,367,0.52,0.67,2026-08-23,09:11:00,N,high,2.0NRT,314.04,34.12,D,VIIRS
48.47551,38.30525,339.79,0.52,0.67,2026-08-23,09:11:00,N,nominal,2.0NRT,309.37,34.12,D,VIIRS
49.08017,38.02992,354.32,0.51,0.66,2026-08-23,09:11:00,N,nominal,2.0NRT,308.38,8.83,D,VIIRS
49.08239,38.0365,340.87,0.51,0.66,2026-08-23,09:11:00,N,nominal,2.0NRT,304.94,11.03,D,VIIRS
49.22783,38.47218,348.54,0.49,0.65,2026-08-23,09:11:00,N,nominal,2.0NRT,303.6,5.1,D,VIIRS
49.49601,39.29572,356.88,0.44,0.63,2026-08-23,09:11:00,N,nominal,2.0NRT,315.72,16.86,D,VIIRS
49.49788,39.30157,337.08,0.44,0.63,2026-08-23,09:11:00,N,nominal,2.0NRT,306.57,16.86,D,VIIRS
49.0746,38.03416,344.04,0.51,0.66,2026-08-23,09:11:00,N,nominal,2.0NRT,309.64,8.83,D,VIIRS
49.07682,38.04077,367,0.51,0.66,2026-08-23,09:11:00,N,high,2.0NRT,312.65,11.03,D,VIIRS
48.44122,36.26339,339.44,0.63,0.72,2026-08-23,09:11:00,N,nominal,2.0NRT,304.7,10.32,D,VIIRS
49.06132,38.03632,340.66,0.51,0.66,2026-08-23,09:11:00,N,nominal,2.0NRT,305.76,4.01,D,VIIRS
48.43532,36.26837,344.67,0.63,0.72,2026-08-23,09:11:00,N,nominal,2.0NRT,304.61,12.31,D,VIIRS
48.57883,36.66766,339.64,0.6,0.71,2026-08-23,09:11:00,N,nominal,2.0NRT,303.06,7.56,D,VIIRS
48.58158,36.67536,353.78,0.6,0.71,2026-08-23,09:11:00,N,nominal,2.0NRT,304.04,12.62,D,VIIRS
48.43816,36.27623,367,0.63,0.72,2026-08-23,09:11:00,N,high,2.0NRT,306.83,21.8,D,VIIRS
48.72641,37.10575,336.56,0.57,0.69,2026-08-23,09:11:00,N,nominal,2.0NRT,305.18,3.66,D,VIIRS
48.96876,37.86767,335.9,0.52,0.67,2026-08-23,09:11:00,N,low,2.0NRT,307.75,6.31,D,VIIRS
48.80917,37.42608,336.8,0.55,0.68,2026-08-23,09:11:00,N,nominal,2.0NRT,305.61,7.38,D,VIIRS
48.80353,37.43073,367,0.55,0.68,2026-08-23,09:11:00,N,high,2.0NRT,315.02,32.84,D,VIIRS
48.80579,37.43722,367,0.55,0.68,2026-08-23,09:11:00,N,high,2.0NRT,308.27,25.31,D,VIIRS
48.93137,37.82076,353.68,0.53,0.67,2026-08-23,09:11:00,N,nominal,2.0NRT,307.39,9,D,VIIRS
48.95642,37.89373,347.24,0.52,0.67,2026-08-23,09:11:00,N,nominal,2.0NRT,305.93,10.46,D,VIIRS
48.95868,37.90032,367,0.52,0.67,2026-08-23,09:11:00,N,high,2.0NRT,307.68,15.93,D,VIIRS
48.96205,37.9308,337.79,0.52,0.67,2026-08-23,09:11:00,N,nominal,2.0NRT,306.41,4.28,D,VIIRS
49.00343,38.07242,331.84,0.51,0.66,2026-08-23,09:11:00,N,low,2.0NRT,306.07,3.86,D,VIIRS
48.94289,37.93684,339.3,0.52,0.67,2026-08-23,09:11:00,N,nominal,2.0NRT,308.33,5.79,D,VIIRS
48.53278,36.79167,334.68,0.6,0.7,2026-08-23,09:11:00,N,low,2.0NRT,305.1,4.67,D,VIIRS
49.08247,38.36662,367,0.5,0.66,2026-08-23,09:11:00,N,high,2.0NRT,311.78,25.72,D,VIIRS
48.11488,37.06507,334.07,0.6,0.71,2026-08-23,09:11:00,N,low,2.0NRT,308.71,8.48,D,VIIRS
48.07354,36.97161,349.19,0.61,0.71,2026-08-23,09:11:00,N,nominal,2.0NRT,310.27,9.76,D,VIIRS
48.07631,36.97927,340.44,0.61,0.71,2026-08-23,09:11:00,N,nominal,2.0NRT,307.7,8.2,D,VIIRS
48.50835,38.22142,349.03,0.53,0.67,2026-08-23,09:11:00,N,nominal,2.0NRT,303.96,29.5,D,VIIRS
48.51514,38.24111,335.1,0.53,0.67,2026-08-23,09:11:00,N,nominal,2.0NRT,305.76,17.12,D,VIIRS
48.51059,38.22791,367,0.53,0.67,2026-08-23,09:11:00,N,high,2.0NRT,310.64,29.5,D,VIIRS
48.51285,38.23448,367,0.53,0.67,2026-08-23,09:11:00,N,high,2.0NRT,308.93,17.12,D,VIIRS
48.26192,37.37233,348.41,0.58,0.7,2026-08-23,09:11:00,N,nominal,2.0NRT,306.76,8.16,D,VIIRS
47.7287,35.90673,343.3,0.69,0.74,2026-08-23,09:11:00,N,nominal,2.0NRT,303.3,7.04,D,VIIRS
47.73186,35.91531,341.84,0.69,0.74,2026-08-23,09:11:00,N,nominal,2.0NRT,303.87,7.04,D,VIIRS
48.45722,38.00194,367,0.54,0.68,2026-08-23,09:11:00,N,high,2.0NRT,309.51,21.16,D,VIIRS
48.08161,36.96643,338.41,0.61,0.71,2026-08-23,09:11:00,N,nominal,2.0NRT,307.77,14.47,D,VIIRS
48.11391,37.05737,340.14,0.6,0.71,2026-08-23,09:11:00,N,nominal,2.0NRT,307.14,4.7,D,VIIRS
48.11651,37.06468,335.87,0.6,0.71,2026-08-23,09:11:00,N,low,2.0NRT,307.78,4.7,D,VIIRS
48.07886,36.95871,367,0.61,0.71,2026-08-23,09:11:00,N,high,2.0NRT,308.09,12,D,VIIRS
48.07566,36.97095,356.33,0.61,0.71,2026-08-23,09:11:00,N,nominal,2.0NRT,312.06,11.32,D,VIIRS
48.0784,36.97865,335.22,0.61,0.71,2026-08-23,09:11:00,N,low,2.0NRT,308.78,11.32,D,VIIRS
48.10004,37.0395,333.4,0.61,0.71,2026-08-23,09:11:00,N,low,2.0NRT,307.6,3.08,D,VIIRS
48.51066,38.22165,342.12,0.53,0.67,2026-08-23,09:11:00,N,nominal,2.0NRT,303.99,55.89,D,VIIRS
48.51287,38.22816,334.91,0.53,0.67,2026-08-23,09:11:00,N,nominal,2.0NRT,305.82,22.23,D,VIIRS
48.51511,38.23476,337.95,0.53,0.67,2026-08-23,09:11:00,N,nominal,2.0NRT,305.21,22.23,D,VIIRS
48.0729,36.96322,367,0.61,0.71,2026-08-23,09:11:00,N,high,2.0NRT,308.24,12.15,D,VIIRS
48.5072,38.23229,367,0.53,0.67,2026-08-23,09:11:00,N,high,2.0NRT,316.44,22.23,D,VIIRS
48.50946,38.23895,367,0.53,0.67,2026-08-23,09:11:00,N,high,2.0NRT,313.49,22.23,D,VIIRS
48.39684,37.97211,338.12,0.54,0.68,2026-08-23,09:11:00,N,nominal,2.0NRT,303.22,6.74,D,VIIRS
48.32687,37.79061,367,0.56,0.68,2026-08-23,09:11:00,N,high,2.0NRT,307.16,11.68,D,VIIRS
48.54926,38.46001,354.56,0.51,0.66,2026-08-23,09:11:00,N,nominal,2.0NRT,303.92,7.97,D,VIIRS
48.481,38.30063,367,0.52,0.67,2026-08-23,09:11:00,N,high,2.0NRT,305.88,34.12,D,VIIRS
48.48325,38.30725,367,0.52,0.67,2026-08-23,09:11:00,N,high,2.0NRT,313.31,34.12,D,VIIRS
48.56603,37.24412,347.68,0.57,0.69,2026-08-23,09:11:00,N,nominal,2.0NRT,306.08,5.52,D,VIIRS
48.52353,37.12259,334.84,0.58,0.7,2026-08-23,09:11:00,N,nominal,2.0NRT,306.79,4.98,D,VIIRS
48.73793,37.72073,367,0.54,0.68,2026-08-23,09:11:00,N,high,2.0NRT,309.2,12.37,D,VIIRS
48.57169,37.23925,334.13,0.57,0.69,2026-08-23,09:11:00,N,low,2.0NRT,308.24,5.52,D,VIIRS
48.69959,37.74222,367,0.54,0.68,2026-08-23,09:11:00,N,high,2.0NRT,306.87,8.76,D,VIIRS
48.7019,37.74884,352.07,0.54,0.68,2026-08-23,09:11:00,N,nominal,2.0NRT,308.86,8.76,D,VIIRS
48.70515,37.73754,333.69,0.54,0.68,2026-08-23,09:11:00,N,nominal,2.0NRT,306.48,8.76,D,VIIRS
48.5331,37.25027,334.71,0.57,0.69,2026-08-23,09:11:00,N,nominal,2.0NRT,303.68,1.93,D,VIIRS
48.51125,37.16828,337.87,0.58,0.7,2026-08-23,09:11:00,N,low,2.0NRT,309.64,5.35,D,VIIRS
48.61251,37.43261,347.65,0.56,0.69,2026-08-23,09:11:00,N,nominal,2.0NRT,304.73,5.82,D,VIIRS
48.80465,37.9414,336.1,0.53,0.67,2026-08-23,09:11:00,N,low,2.0NRT,306.49,4.22,D,VIIRS
48.73563,37.72169,367,0.54,0.68,2026-08-23,09:11:00,N,high,2.0NRT,308.38,11.96,D,VIIRS
48.56729,37.24251,367,0.57,0.69,2026-08-23,09:11:00,N,high,2.0NRT,307.29,11.88,D,VIIRS
47.73683,34.75443,333.5,0.76,0.77,2026-08-23,09:11:00,N,nominal,2.0NRT,300.66,5.58,D,VIIRS
47.73056,34.7599,332.65,0.76,0.77,2026-08-23,09:11:00,N,nominal,2.0NRT,301.34,5.58,D,VIIRS
48.96914,38.09233,333.75,0.51,0.66,2026-08-23,09:11:00,N,low,2.0NRT,307.63,5.97,D,VIIRS
47.73451,34.75541,343.61,0.76,0.77,2026-08-23,09:11:00,N,nominal,2.0NRT,300.6,7.09,D,VIIRS
48.58764,37.06982,331.53,0.58,0.7,2026-08-23,09:11:00,N,nominal,2.0NRT,301.35,2.64,D,VIIRS
48.76591,37.6638,367,0.54,0.68,2026-08-23,09:11:00,N,high,2.0NRT,303.02,11.67,D,VIIRS
48.76847,37.67121,367,0.54,0.68,2026-08-23,09:11:00,N,high,2.0NRT,305.26,17.9,D,VIIRS
48.76011,37.66783,348.51,0.54,0.68,2026-08-23,09:11:00,N,nominal,2.0NRT,306.13,11.67,D,VIIRS
48.7627,37.67531,349.59,0.54,0.68,2026-08-23,09:11:00,N,nominal,2.0NRT,306.11,17.9,D,VIIRS
48.89463,38.05914,367,0.52,0.67,2026-08-23,09:11:00,N,high,2.0NRT,308.91,16.01,D,VIIRS
48.4425,36.78801,346.66,0.6,0.71,2026-08-23,09:11:00,N,nominal,2.0NRT,305.57,8.53,D,VIIRS
48.83671,37.93129,337.74,0.53,0.67,2026-08-23,09:11:00,N,nominal,2.0NRT,308.08,3.09,D,VIIRS
48.93333,38.23458,343.99,0.51,0.66,2026-08-23,09:11:00,N,nominal,2.0NRT,306.06,4.39,D,VIIRS
48.52433,37.12164,335.43,0.58,0.7,2026-08-23,09:11:00,N,nominal,2.0NRT,307.78,3.31,D,VIIRS
48.81023,37.93694,332.19,0.53,0.67,2026-08-23,09:11:00,N,low,2.0NRT,304.64,1.65,D,VIIRS
49.8947,37.91098,344.79,0.49,0.65,2026-08-23,09:11:00,N,nominal,2.0NRT,300.55,19.36,D,VIIRS
49.89678,37.91713,351.03,0.49,0.65,2026-08-23,09:11:00,N,nominal,2.0NRT,307.06,32.94,D,VIIRS
49.88836,37.89227,367,0.49,0.65,2026-08-23,09:11:00,N,high,2.0NRT,309.77,17.84,D,VIIRS
49.89258,37.90473,367,0.49,0.65,2026-08-23,09:11:00,N,high,2.0NRT,305.17,19.36,D,VIIRS
49.89882,37.92314,367,0.48,0.65,2026-08-23,09:11:00,N,high,2.0NRT,302.87,32.94,D,VIIRS
49.83141,37.74515,331.98,0.49,0.65,2026-08-23,09:11:00,N,low,2.0NRT,304.43,5.58,D,VIIRS
49.88507,37.9029,344.12,0.49,0.65,2026-08-23,09:11:00,N,nominal,2.0NRT,303.54,17.84,D,VIIRS
49.8893,37.91536,332.26,0.49,0.65,2026-08-23,09:11:00,N,nominal,2.0NRT,302.86,19.36,D,VIIRS
49.89548,37.93359,331.53,0.48,0.65,2026-08-23,09:11:00,N,nominal,2.0NRT,302.95,28.24,D,VIIRS
49.81177,37.68766,367,0.5,0.66,2026-08-23,09:11:00,N,high,2.0NRT,307.4,11.66,D,VIIRS
49.88298,37.89674,367,0.49,0.65,2026-08-23,09:11:00,N,high,2.0NRT,307.13,17.84,D,VIIRS
49.88717,37.90907,367,0.49,0.65,2026-08-23,09:11:00,N,high,2.0NRT,308.48,19.36,D,VIIRS
49.89142,37.9216,367,0.49,0.65,2026-08-23,09:11:00,N,high,2.0NRT,308.62,32.94,D,VIIRS
49.89349,37.92771,367,0.48,0.65,2026-08-23,09:11:00,N,high,2.0NRT,313.39,32.94,D,VIIRS
49.82601,37.74967,331.57,0.49,0.65,2026-08-23,09:11:00,N,low,2.0NRT,305.36,7.19,D,VIIRS
49.87759,37.90112,339.91,0.49,0.65,2026-08-23,09:11:00,N,nominal,2.0NRT,305.27,15.45,D,VIIRS
49.88182,37.9136,333.45,0.49,0.65,2026-08-23,09:11:00,N,nominal,2.0NRT,302.84,16.08,D,VIIRS
50.12547,37.6155,342.29,0.49,0.65,2026-08-23,09:11:00,N,nominal,2.0NRT,303.77,5.35,D,VIIRS
50.12772,37.6221,340.98,0.49,0.65,2026-08-23,09:11:00,N,nominal,2.0NRT,304.96,9.09,D,VIIRS
50.12946,37.61405,342.57,0.49,0.65,2026-08-23,09:11:00,N,nominal,2.0NRT,302.94,3.8,D,VIIRS
50.13169,37.62067,337.68,0.49,0.65,2026-08-23,09:11:00,N,nominal,2.0NRT,302.87,3.8,D,VIIRS
50.1241,37.61862,330.59,0.49,0.65,2026-08-23,09:11:00,N,low,2.0NRT,304.83,3.8,D,VIIRS
49.93335,37.28407,333.77,0.51,0.66,2026-08-23,09:11:00,N,nominal,2.0NRT,297.53,13.15,D,VIIRS
49.92787,37.28865,355.11,0.51,0.66,2026-08-23,09:11:00,N,nominal,2.0NRT,309.35,13.15,D,VIIRS
49.93011,37.29513,367,0.51,0.66,2026-08-23,09:11:00,N,high,2.0NRT,305.21,13.15,D,VIIRS
49.92007,37.2865,337.63,0.51,0.66,2026-08-23,09:11:00,N,nominal,2.0NRT,306.37,6.52,D,VIIRS
49.49105,36.24085,345.05,0.58,0.7,2026-08-23,09:11:00,N,nominal,2.0NRT,305,8.79,D,VIIRS
50.02525,37.75457,367,0.49,0.65,2026-08-23,09:11:00,N,high,2.0NRT,304.94,8.57,D,VIIRS
50.0243,37.75703,351.81,0.49,0.65,2026-08-23,09:11:00,N,nominal,2.0NRT,304.53,8.45,D,VIIRS
49.49097,36.24128,342.49,0.58,0.7,2026-08-23,09:11:00,N,nominal,2.0NRT,304.6,7.1,D,VIIRS
49.92878,37.57734,341.29,0.5,0.66,2026-08-23,09:11:00,N,nominal,2.0NRT,303.65,6.52,D,VIIRS
49.97567,37.79663,347.97,0.49,0.65,2026-08-23,09:11:00,N,nominal,2.0NRT,302.6,19,D,VIIRS
49.97355,37.79037,367,0.49,0.65,2026-08-23,09:11:00,N,high,2.0NRT,305.46,9.72,D,VIIRS
49.96804,37.79449,349.87,0.49,0.65,2026-08-23,09:11:00,N,nominal,2.0NRT,303.16,9.72,D,VIIRS
49.85299,37.49905,354.52,0.5,0.66,2026-08-23,09:11:00,N,nominal,2.0NRT,304.13,10.55,D,VIIRS
49.85085,37.49282,367,0.51,0.66,2026-08-23,09:11:00,N,high,2.0NRT,304.29,10.55,D,VIIRS
49.92833,37.73883,353.98,0.49,0.65,2026-08-23,09:11:00,N,nominal,2.0NRT,306.21,10.16,D,VIIRS
49.69565,37.08757,330.01,0.53,0.67,2026-08-23,09:11:00,N,low,2.0NRT,301.82,4.35,D,VIIRS
49.94903,37.83994,346.79,0.49,0.65,2026-08-23,09:11:00,N,nominal,2.0NRT,302.82,7.04,D,VIIRS
49.952,37.86886,333.97,0.48,0.65,2026-08-23,09:11:00,N,nominal,2.0NRT,300.76,3.21,D,VIIRS
48.90199,33.49802,367,0.77,0.77,2026-08-23,09:11:00,N,high,2.0NRT,290.73,16.24,D,VIIRS
50.23555,37.07616,333.16,0.51,0.66,2026-08-23,09:11:00,N,nominal,2.0NRT,299.39,5.49,D,VIIRS
48.90815,33.49205,345.46,0.77,0.77,2026-08-23,09:11:00,N,nominal,2.0NRT,289.87,16.24,D,VIIRS
50.24098,37.07146,343.99,0.51,0.66,2026-08-23,09:11:00,N,nominal,2.0NRT,299.89,7.4,D,VIIRS
50.41869,37.30251,341.69,0.49,0.65,2026-08-23,09:11:00,N,nominal,2.0NRT,300.25,3.66,D,VIIRS
49.77691,37.66737,367,0.5,0.66,2026-08-23,09:11:00,N,high,2.0NRT,310.33,22.08,D,VIIRS
49.84751,37.89378,335.49,0.49,0.65,2026-08-23,09:11:00,N,nominal,2.0NRT,302.78,4.34,D,VIIRS
49.77035,37.68892,333.11,0.5,0.66,2026-08-23,09:11:00,N,low,2.0NRT,305.74,6.28,D,VIIRS
49.76025,37.57795,340.44,0.51,0.66,2026-08-23,09:11:00,N,nominal,2.0NRT,301.73,6.11,D,VIIRS
49.79668,37.68582,338.7,0.5,0.66,2026-08-23,09:11:00,N,nominal,2.0NRT,305.93,3.69,D,VIIRS
49.80319,37.70513,330.1,0.5,0.66,2026-08-23,09:11:00,N,nominal,2.0NRT,304.62,2.27,D,VIIRS
49.82247,37.76243,331.04,0.49,0.65,2026-08-23,09:11:00,N,low,2.0NRT,303.61,3.08,D,VIIRS
49.77495,37.66264,336.5,0.5,0.66,2026-08-23,09:11:00,N,nominal,2.0NRT,305.88,9.7,D,VIIRS
49.85214,37.892,350.18,0.49,0.65,2026-08-23,09:11:00,N,nominal,2.0NRT,303.03,9.4,D,VIIRS
49.77715,37.66914,367,0.5,0.66,2026-08-23,09:11:00,N,high,2.0NRT,310.3,26.22,D,VIIRS
49.81325,37.89922,343.6,0.49,0.65,2026-08-23,09:11:00,N,nominal,2.0NRT,304.03,6.15,D,VIIRS
49.65185,37.46614,330.87,0.51,0.66,2026-08-23,09:11:00,N,nominal,2.0NRT,303.73,2.86,D,VIIRS
49.69174,37.66431,338.84,0.5,0.66,2026-08-23,09:11:00,N,nominal,2.0NRT,304.62,4.06,D,VIIRS
49.64104,37.55766,355.26,0.51,0.66,2026-08-23,09:11:00,N,nominal,2.0NRT,303.2,10.32,D,VIIRS
49.82644,38.10113,347.18,0.48,0.65,2026-08-23,09:11:00,N,nominal,2.0NRT,301.48,4.36,D,VIIRS
49.64319,37.5639,367,0.51,0.66,2026-08-23,09:11:00,N,high,2.0NRT,306.41,33.79,D,VIIRS
49.63569,37.56257,345.65,0.51,0.66,2026-08-23,09:11:00,N,nominal,2.0NRT,305.73,10.32,D,VIIRS
49.65904,37.73206,330.27,0.5,0.66,2026-08-23,09:11:00,N,low,2.0NRT,301.62,3.83,D,VIIRS
49.63682,37.56678,336.6,0.51,0.66,2026-08-23,09:11:00,N,nominal,2.0NRT,305.89,4.92,D,VIIRS
49.63767,37.6725,335.3,0.51,0.66,2026-08-23,09:11:00,N,nominal,2.0NRT,303.69,3.41,D,VIIRS
49.65742,37.7307,338.23,0.5,0.66,2026-08-23,09:11:00,N,nominal,2.0NRT,302.62,2.04,D,VIIRS
49.60629,37.84662,335.86,0.5,0.66,2026-08-23,09:11:00,N,nominal,2.0NRT,303.08,5.67,D,VIIRS
49.64901,38.01231,367,0.49,0.65,2026-08-23,09:11:00,N,high,2.0NRT,308.29,10.86,D,VIIRS
49.64127,38.00985,345.62,0.49,0.65,2026-08-23,09:11:00,N,nominal,2.0NRT,305.6,10.86,D,VIIRS
49.64347,38.01633,351.37,0.49,0.65,2026-08-23,09:11:00,N,nominal,2.0NRT,304.99,10.86,D,VIIRS
49.67503,38.10899,338.82,0.49,0.65,2026-08-23,09:11:00,N,nominal,2.0NRT,303.76,9.84,D,VIIRS
49.67711,38.11513,367,0.48,0.65,2026-08-23,09:11:00,N,high,2.0NRT,306.87,9.84,D,VIIRS
49.60647,37.84835,337.51,0.5,0.66,2026-08-23,09:11:00,N,nominal,2.0NRT,302.99,4.16,D,VIIRS
45.33406,36.19775,340.28,0.44,0.38,2026-08-23,10:49:00,N,low,2.0NRT,312.94,3.07,D,VIIRS
45.33759,36.19689,341.74,0.44,0.38,2026-08-23,10:49:00,N,nominal,2.0NRT,310.21,6.85,D,VIIRS
45.34245,36.20712,335.99,0.44,0.38,2026-08-23,10:49:00,N,low,2.0NRT,310.37,4.7,D,VIIRS
45.34178,36.20156,341.75,0.44,0.38,2026-08-23,10:49:00,N,nominal,2.0NRT,309.7,6.85,D,VIIRS
46.15363,34.3101,355.58,0.4,0.37,2026-08-23,10:49:00,N,nominal,2.0NRT,318.33,17.24,D,VIIRS
46.15629,34.304,352.16,0.4,0.37,2026-08-23,10:49:00,N,nominal,2.0NRT,316.79,15.15,D,VIIRS
46.20647,34.65295,338.84,0.41,0.37,2026-08-23,10:49:00,N,nominal,2.0NRT,311.23,2.95,D,VIIRS
46.35886,34.93964,346.51,0.41,0.37,2026-08-23,10:49:00,N,nominal,2.0NRT,315.2,10.36,D,VIIRS
45.56866,29.57168,332.96,0.41,0.37,2026-08-23,10:49:00,N,low,2.0NRT,303.24,2.73,D,VIIRS
45.56773,29.56648,339.35,0.41,0.37,2026-08-23,10:49:00,N,nominal,2.0NRT,305.01,2.73,D,VIIRS
46.40997,34.93576,342.11,0.42,0.37,2026-08-23,10:49:00,N,low,2.0NRT,315.89,5.17,D,VIIRS
46.41339,34.93484,342.46,0.42,0.37,2026-08-23,10:49:00,N,low,2.0NRT,313.67,5.17,D,VIIRS
46.49034,35.49259,351.64,0.43,0.38,2026-08-23,10:49:00,N,nominal,2.0NRT,310.13,8.81,D,VIIRS
46.48965,35.48701,348.01,0.43,0.38,2026-08-23,10:49:00,N,nominal,2.0NRT,309.06,1.78,D,VIIRS
46.49313,35.48611,342.81,0.43,0.38,2026-08-23,10:49:00,N,nominal,2.0NRT,309.44,1.82,D,VIIRS
46.50642,35.41939,335.03,0.43,0.38,2026-08-23,10:49:00,N,low,2.0NRT,309.35,3.12,D,VIIRS
46.51059,35.42405,336.62,0.43,0.38,2026-08-23,10:49:00,N,low,2.0NRT,310.26,3.12,D,VIIRS
46.5099,35.41848,341.33,0.43,0.38,2026-08-23,10:49:00,N,nominal,2.0NRT,308.8,3.12,D,VIIRS
45.59539,29.3876,339.47,0.42,0.37,2026-08-23,10:49:00,N,nominal,2.0NRT,307.31,4.87,D,VIIRS
45.59877,29.38636,338.58,0.42,0.37,2026-08-23,10:49:00,N,nominal,2.0NRT,305.59,4.01,D,VIIRS
46.19675,32.93406,350.05,0.39,0.36,2026-08-23,10:49:00,N,nominal,2.0NRT,310.5,6.09,D,VIIRS
46.3828,33.99409,340.59,0.4,0.37,2026-08-23,10:49:00,N,low,2.0NRT,314.44,4.64,D,VIIRS
46.62764,35.21328,337.54,0.42,0.38,2026-08-23,10:49:00,N,low,2.0NRT,310.41,2.39,D,VIIRS
46.63039,35.20685,340.15,0.42,0.38,2026-08-23,10:49:00,N,low,2.0NRT,313.37,4.06,D,VIIRS
46.63385,35.20594,340.05,0.42,0.38,2026-08-23,10:49:00,N,low,2.0NRT,312.44,4.06,D,VIIRS
46.21428,32.14892,339.84,0.38,0.36,2026-08-23,10:49:00,N,nominal,2.0NRT,297.45,2.31,D,VIIRS
46.21679,32.14294,332.29,0.38,0.36,2026-08-23,10:49:00,N,nominal,2.0NRT,298.25,2.31,D,VIIRS
46.21603,32.13801,338.23,0.38,0.36,2026-08-23,10:49:00,N,nominal,2.0NRT,300.63,3.21,D,VIIRS
46.83161,36.69627,347.58,0.47,0.4,2026-08-23,10:49:00,N,nominal,2.0NRT,315.05,17.64,D,VIIRS
46.21931,32.13696,334.07,0.38,0.36,2026-08-23,10:49:00,N,nominal,2.0NRT,299.6,2.25,D,VIIRS
46.22704,32.14721,330.37,0.38,0.36,2026-08-23,10:49:00,N,nominal,2.0NRT,295.14,2.47,D,VIIRS
46.83068,36.69488,351.98,0.47,0.4,2026-08-23,10:49:00,N,nominal,2.0NRT,314.66,26.31,D,VIIRS
46.81749,36.50907,338.28,0.46,0.39,2026-08-23,10:49:00,N,low,2.0NRT,313.12,4.17,D,VIIRS
46.53242,34.16661,338.72,0.4,0.37,2026-08-23,10:49:00,N,low,2.0NRT,311.52,5.18,D,VIIRS
46.72892,35.68281,343.17,0.44,0.38,2026-08-23,10:49:00,N,nominal,2.0NRT,314.2,28.38,D,VIIRS
46.72824,35.67711,348.02,0.44,0.38,2026-08-23,10:49:00,N,nominal,2.0NRT,311.26,4.95,D,VIIRS
46.73243,35.6819,340.63,0.44,0.38,2026-08-23,10:49:00,N,nominal,2.0NRT,308.82,2.27,D,VIIRS
46.73174,35.6762,344.32,0.44,0.38,2026-08-23,10:49:00,N,nominal,2.0NRT,310.71,3.82,D,VIIRS
46.54891,34.10784,345.63,0.4,0.37,2026-08-23,10:49:00,N,nominal,2.0NRT,314.55,4.07,D,VIIRS
46.68776,35.1154,355.98,0.42,0.38,2026-08-23,10:49:00,N,nominal,2.0NRT,322.54,51.17,D,VIIRS
46.68846,35.1209,367,0.42,0.38,2026-08-23,10:49:00,N,low,2.0NRT,332.58,51.17,D,VIIRS
46.6919,35.11999,343.21,0.42,0.38,2026-08-23,10:49:00,N,nominal,2.0NRT,314.33,13.67,D,VIIRS
46.69121,35.11448,344.51,0.42,0.38,2026-08-23,10:49:00,N,low,2.0NRT,316.8,13.67,D,VIIRS
46.69051,35.10898,348.92,0.42,0.38,2026-08-23,10:49:00,N,nominal,2.0NRT,317.5,9.08,D,VIIRS
46.69466,35.11356,346.96,0.42,0.38,2026-08-23,10:49:00,N,nominal,2.0NRT,314.85,13.67,D,VIIRS
46.69396,35.10806,343.4,0.42,0.38,2026-08-23,10:49:00,N,low,2.0NRT,315.25,9.08,D,VIIRS
46.56373,34.01191,341.96,0.4,0.37,2026-08-23,10:49:00,N,low,2.0NRT,315.93,7.4,D,VIIRS
46.56302,34.00673,341.67,0.4,0.37,2026-08-23,10:49:00,N,low,2.0NRT,313.95,4.57,D,VIIRS
46.90277,36.67129,354.52,0.47,0.4,2026-08-23,10:49:00,N,nominal,2.0NRT,321.02,23.54,D,VIIRS
46.90571,36.6642,340.28,0.47,0.4,2026-08-23,10:49:00,N,low,2.0NRT,312.52,31.78,D,VIIRS
46.7886,35.57936,344.27,0.43,0.38,2026-08-23,10:49:00,N,low,2.0NRT,318.56,8.18,D,VIIRS
46.40746,32.70208,350.25,0.39,0.36,2026-08-23,10:49:00,N,nominal,2.0NRT,313.97,25.83,D,VIIRS
46.41074,32.70106,344.07,0.39,0.36,2026-08-23,10:49:00,N,nominal,2.0NRT,314.37,25.83,D,VIIRS
46.41403,32.70004,348.98,0.39,0.36,2026-08-23,10:49:00,N,nominal,2.0NRT,310.61,5.81,D,VIIRS
46.41732,32.69902,341.7,0.39,0.36,2026-08-23,10:49:00,N,nominal,2.0NRT,308.7,5.81,D,VIIRS
46.42028,32.70563,335.87,0.39,0.36,2026-08-23,10:49:00,N,low,2.0NRT,307.16,11.17,D,VIIRS
46.41955,32.70065,344.54,0.39,0.36,2026-08-23,10:49:00,N,nominal,2.0NRT,309.94,9.26,D,VIIRS
46.42357,32.70461,339.4,0.39,0.36,2026-08-23,10:49:00,N,low,2.0NRT,312.24,11.17,D,VIIRS
46.42283,32.69963,351.24,0.39,0.36,2026-08-23,10:49:00,N,nominal,2.0NRT,310.73,9.26,D,VIIRS
46.7551,35.10641,350.15,0.42,0.38,2026-08-23,10:49:00,N,nominal,2.0NRT,318.56,8.55,D,VIIRS
46.42686,32.70359,341.08,0.39,0.36,2026-08-23,10:49:00,N,nominal,2.0NRT,310.48,46.06,D,VIIRS
46.37017,32.32654,336.75,0.38,0.36,2026-08-23,10:49:00,N,low,2.0NRT,307.74,4.73,D,VIIRS
46.65588,34.30857,341.5,0.4,0.37,2026-08-23,10:49:00,N,nominal,2.0NRT,313.97,4.61,D,VIIRS
46.42941,32.69759,347.61,0.39,0.36,2026-08-23,10:49:00,N,nominal,2.0NRT,307.85,45.88,D,VIIRS
46.65925,34.30763,341.99,0.4,0.37,2026-08-23,10:49:00,N,nominal,2.0NRT,314.14,3.97,D,VIIRS
46.88432,36.08998,339.01,0.45,0.39,2026-08-23,10:49:00,N,nominal,2.0NRT,310.74,4.24,D,VIIRS
46.77787,35.17457,342.92,0.42,0.38,2026-08-23,10:49:00,N,low,2.0NRT,317.22,22.47,D,VIIRS
46.44001,32.6995,338.54,0.39,0.36,2026-08-23,10:49:00,N,low,2.0NRT,309.79,2.95,D,VIIRS
46.02063,30.08264,349.53,0.4,0.37,2026-08-23,10:49:00,N,nominal,2.0NRT,308.54,12.72,D,VIIRS
46.90818,36.16932,337.31,0.45,0.39,2026-08-23,10:49:00,N,low,2.0NRT,311.69,4.14,D,VIIRS
46.39914,32.35885,342.14,0.38,0.36,2026-08-23,10:49:00,N,nominal,2.0NRT,305,3.93,D,VIIRS
46.91244,36.17437,344.66,0.45,0.39,2026-08-23,10:49:00,N,nominal,2.0NRT,313.07,5.18,D,VIIRS
46.40242,32.35781,352.58,0.38,0.36,2026-08-23,10:49:00,N,nominal,2.0NRT,313.08,46.03,D,VIIRS
46.4057,32.35677,367,0.38,0.36,2026-08-23,10:49:00,N,high,2.0NRT,330.03,46.03,D,VIIRS
46.40645,32.36172,348.4,0.38,0.36,2026-08-23,10:49:00,N,nominal,2.0NRT,308.01,46.03,D,VIIRS
46.40495,32.35181,345.52,0.38,0.36,2026-08-23,10:49:00,N,nominal,2.0NRT,307.39,4.77,D,VIIRS
46.40419,32.34686,334.39,0.38,0.36,2026-08-23,10:49:00,N,low,2.0NRT,305.47,4.77,D,VIIRS
46.40973,32.36068,349.84,0.38,0.36,2026-08-23,10:49:00,N,nominal,2.0NRT,320.72,32.13,D,VIIRS
46.40822,32.35077,352.36,0.38,0.36,2026-08-23,10:49:00,N,nominal,2.0NRT,318.59,15.2,D,VIIRS
46.407470000000004,32.34582,349.62,0.38,0.36,2026-08-23,10:49:00,N,nominal,2.0NRT,306.12,15.2,D,VIIRS
46.40898,32.35573,367,0.38,0.36,2026-08-23,10:49:00,N,low,2.0NRT,328.1,32.13,D,VIIRS
46.41225,32.35468,367,0.38,0.36,2026-08-23,10:49:00,N,high,2.0NRT,310.58,32.13,D,VIIRS
46.41301,32.35964,348.92,0.38,0.36,2026-08-23,10:49:00,N,nominal,2.0NRT,309.42,32.13,D,VIIRS
46.4115,32.34973,355.21,0.38,0.36,2026-08-23,10:49:00,N,nominal,2.0NRT,309.64,15.2,D,VIIRS
46.93665,36.19285,340.51,0.45,0.39,2026-08-23,10:49:00,N,nominal,2.0NRT,310.4,2.54,D,VIIRS
46.9332,36.16317,352.7,0.45,0.39,2026-08-23,10:49:00,N,nominal,2.0NRT,310.54,4.74,D,VIIRS
46.94023,36.19196,337.29,0.45,0.39,2026-08-23,10:49:00,N,low,2.0NRT,307.55,2.54,D,VIIRS
46.93677,36.16228,339.64,0.45,0.39,2026-08-23,10:49:00,N,nominal,2.0NRT,309.04,4.74,D,VIIRS
46.93331,36.13258,339.17,0.45,0.39,2026-08-23,10:49:00,N,nominal,2.0NRT,308.58,2.87,D,VIIRS
46.93261,36.12665,341.08,0.45,0.39,2026-08-23,10:49:00,N,nominal,2.0NRT,308.82,2.87,D,VIIRS
46.93618,36.12575,347.1,0.45,0.39,2026-08-23,10:49:00,N,nominal,2.0NRT,310.13,11.28,D,VIIRS
46.8221,35.15707,342.17,0.42,0.38,2026-08-23,10:49:00,N,low,2.0NRT,315.8,8.45,D,VIIRS
47.14973,38.02125,340.71,0.53,0.42,2026-08-23,10:49:00,N,low,2.0NRT,315.32,6.77,D,VIIRS
46.82485,35.15061,341.05,0.42,0.38,2026-08-23,10:49:00,N,low,2.0NRT,315.63,5.76,D,VIIRS
46.84692,35.12754,344.95,0.42,0.38,2026-08-23,10:49:00,N,low,2.0NRT,315.05,8.88,D,VIIRS
46.44527,32.18835,347.16,0.38,0.36,2026-08-23,10:49:00,N,nominal,2.0NRT,299.46,9.48,D,VIIRS
46.70404,33.94188,344.86,0.4,0.37,2026-08-23,10:49:00,N,nominal,2.0NRT,314.05,3.8,D,VIIRS
46.70435,33.93921,341.24,0.4,0.37,2026-08-23,10:49:00,N,low,2.0NRT,312.49,3.74,D,VIIRS
46.7084,33.94344,341.24,0.4,0.37,2026-08-23,10:49:00,N,low,2.0NRT,315.02,5.33,D,VIIRS
46.96289,35.80882,347.51,0.44,0.39,2026-08-23,10:49:00,N,low,2.0NRT,322.15,19.05,D,VIIRS
46.96643,35.80793,348.67,0.44,0.39,2026-08-23,10:49:00,N,nominal,2.0NRT,317.33,19.05,D,VIIRS
46.57739,32.86828,338.96,0.39,0.36,2026-08-23,10:49:00,N,low,2.0NRT,312.17,5.17,D,VIIRS
46.57666,32.86327,339.23,0.39,0.36,2026-08-23,10:49:00,N,low,2.0NRT,311.95,3.89,D,VIIRS
46.96996,35.80703,346.04,0.44,0.39,2026-08-23,10:49:00,N,low,2.0NRT,317.12,6.49,D,VIIRS
46.96928,35.80123,345.77,0.44,0.38,2026-08-23,10:49:00,N,low,2.0NRT,319.13,7.51,D,VIIRS
46.58069,32.86726,339.18,0.39,0.36,2026-08-23,10:49:00,N,low,2.0NRT,312.25,5.65,D,VIIRS
46.57995,32.86225,338.84,0.39,0.36,2026-08-23,10:49:00,N,low,2.0NRT,311.83,3.99,D,VIIRS
46.53559,32.56265,347.41,0.39,0.36,2026-08-23,10:49:00,N,nominal,2.0NRT,302.35,8.49,D,VIIRS
46.58912,32.90133,348.81,0.39,0.36,2026-08-23,10:49:00,N,nominal,2.0NRT,310.8,5,D,VIIRS
46.53888,32.56162,345.25,0.39,0.36,2026-08-23,10:49:00,N,nominal,2.0NRT,306.32,8.49,D,VIIRS
46.59241,32.90031,339.69,0.39,0.36,2026-08-23,10:49:00,N,nominal,2.0NRT,307.76,4.5,D,VIIRS
46.99091,35.89174,342.79,0.44,0.39,2026-08-23,10:49:00,N,low,2.0NRT,317.66,5.71,D,VIIRS
46.5957,32.8993,344.22,0.39,0.36,2026-08-23,10:49:00,N,nominal,2.0NRT,308.78,4.5,D,VIIRS
46.54842,32.57948,338.69,0.39,0.36,2026-08-23,10:49:00,N,nominal,2.0NRT,307.67,6.7,D,VIIRS
46.99514,35.89669,345.23,0.44,0.39,2026-08-23,10:49:00,N,nominal,2.0NRT,312.34,35.74,D,VIIRS
46.77905,34.1565,352.08,0.4,0.37,2026-08-23,10:49:00,N,nominal,2.0NRT,313.4,5.98,D,VIIRS
46.77834,34.15125,346.39,0.4,0.37,2026-08-23,10:49:00,N,nominal,2.0NRT,313.34,5.98,D,VIIRS
47.00154,35.88906,341.07,0.44,0.39,2026-08-23,10:49:00,N,low,2.0NRT,313.06,3.9,D,VIIRS
47.00085,35.88322,346.51,0.44,0.39,2026-08-23,10:49:00,N,nominal,2.0NRT,315.54,3.9,D,VIIRS
46.78312,34.16079,348.29,0.4,0.37,2026-08-23,10:49:00,N,nominal,2.0NRT,313.06,4.56,D,VIIRS
47.0023,35.86481,347.12,0.44,0.39,2026-08-23,10:49:00,N,nominal,2.0NRT,316.63,6.2,D,VIIRS
46.58605,32.74003,342.76,0.39,0.36,2026-08-23,10:49:00,N,nominal,2.0NRT,310.13,3.52,D,VIIRS
46.58934,32.73901,343.38,0.39,0.36,2026-08-23,10:49:00,N,nominal,2.0NRT,309.69,3.86,D,VIIRS
46.00628,29.18539,347.31,0.42,0.37,2026-08-23,10:49:00,N,nominal,2.0NRT,307.73,4.88,D,VIIRS
46.00773,29.17354,343.18,0.42,0.37,2026-08-23,10:49:00,N,nominal,2.0NRT,307.18,7.45,D,VIIRS
46.69634,33.40653,341.22,0.39,0.36,2026-08-23,10:49:00,N,low,2.0NRT,312.22,6.38,D,VIIRS
46.62647,32.92129,355.46,0.39,0.36,2026-08-23,10:49:00,N,nominal,2.0NRT,310.93,7.23,D,VIIRS
46.69966,33.40554,342.68,0.39,0.36,2026-08-23,10:49:00,N,nominal,2.0NRT,309.67,6.85,D,VIIRS
46.61499,32.77288,345.52,0.39,0.36,2026-08-23,10:49:00,N,nominal,2.0NRT,312.93,9.96,D,VIIRS
47.27429,38.037350000000004,346.07,0.53,0.42,2026-08-23,10:49:00,N,nominal,2.0NRT,311.27,6.68,D,VIIRS
47.27284,38.02299,343.04,0.53,0.42,2026-08-23,10:49:00,N,nominal,2.0NRT,317.02,5.83,D,VIIRS
47.27213,38.01589,345.68,0.53,0.42,2026-08-23,10:49:00,N,nominal,2.0NRT,314.17,4.2,D,VIIRS
46.82175,34.188,337.49,0.4,0.37,2026-08-23,10:49:00,N,low,2.0NRT,311.32,2.35,D,VIIRS
47.27671,38.02222,339.12,0.53,0.42,2026-08-23,10:49:00,N,low,2.0NRT,311.66,5.83,D,VIIRS
47.276,38.01509,336.4,0.53,0.42,2026-08-23,10:49:00,N,nominal,2.0NRT,310.93,4.2,D,VIIRS
46.82584,34.19231,351.43,0.4,0.37,2026-08-23,10:49:00,N,nominal,2.0NRT,312.81,7.19,D,VIIRS
46.82921,34.19135,346.81,0.4,0.37,2026-08-23,10:49:00,N,nominal,2.0NRT,310.89,4.12,D,VIIRS
47.16588,36.90216,340.39,0.48,0.4,2026-08-23,10:49:00,N,nominal,2.0NRT,312.8,2.96,D,VIIRS
46.83258,34.1904,341.98,0.4,0.37,2026-08-23,10:49:00,N,low,2.0NRT,312.08,4.12,D,VIIRS
46.83187,34.18513,348.9,0.4,0.37,2026-08-23,10:49:00,N,nominal,2.0NRT,312.58,5.28,D,VIIRS
47.04835,35.85335,349.14,0.44,0.39,2026-08-23,10:49:00,N,nominal,2.0NRT,318.45,22,D,VIIRS
47.04765,35.84751,340.81,0.44,0.39,2026-08-23,10:49:00,N,low,2.0NRT,312.41,22,D,VIIRS
47.04694,35.84166,353.14,0.44,0.39,2026-08-23,10:49:00,N,nominal,2.0NRT,318.9,20.31,D,VIIRS
47.04624,35.83583,356.79,0.44,0.39,2026-08-23,10:49:00,N,nominal,2.0NRT,316.6,20.31,D,VIIRS
46.83595,34.18944,342.56,0.4,0.37,2026-08-23,10:49:00,N,nominal,2.0NRT,312.22,4.59,D,VIIRS
47.05048,35.84077,354.04,0.44,0.39,2026-08-23,10:49:00,N,nominal,2.0NRT,312.73,20.31,D,VIIRS
47.06878,35.96286,343.52,0.45,0.39,2026-08-23,10:49:00,N,low,2.0NRT,315.52,6.47,D,VIIRS
46.97367,35.18919,348.85,0.43,0.38,2026-08-23,10:49:00,N,low,2.0NRT,321.34,16.91,D,VIIRS
46.97297,35.18361,342.97,0.43,0.38,2026-08-23,10:49:00,N,low,2.0NRT,315.3,16.91,D,VIIRS
46.97713,35.18826,346.45,0.43,0.38,2026-08-23,10:49:00,N,nominal,2.0NRT,315.42,16.91,D,VIIRS
46.97727,35.18686,342.27,0.43,0.38,2026-08-23,10:49:00,N,low,2.0NRT,314.04,53.92,D,VIIRS
47.16642,36.68677,348.89,0.47,0.4,2026-08-23,10:49:00,N,nominal,2.0NRT,319.39,17.14,D,VIIRS
46.90421,34.31124,338.78,0.41,0.37,2026-08-23,10:49:00,N,low,2.0NRT,312.18,5.12,D,VIIRS
46.61997,32.30978,334.2,0.38,0.36,2026-08-23,10:49:00,N,nominal,2.0NRT,297.38,3.05,D,VIIRS
47.1828,36.49779,350.11,0.47,0.39,2026-08-23,10:49:00,N,nominal,2.0NRT,317.5,11.25,D,VIIRS
46.1002,29.13712,331.97,0.42,0.37,2026-08-23,10:49:00,N,low,2.0NRT,305.17,2.28,D,VIIRS
46.92944,34.34274,341.16,0.41,0.37,2026-08-23,10:49:00,N,low,2.0NRT,313.1,3.36,D,VIIRS
46.93283,34.34178,338.63,0.41,0.37,2026-08-23,10:49:00,N,low,2.0NRT,312.92,3.36,D,VIIRS
47.33503,37.73875,338.92,0.52,0.41,2026-08-23,10:49:00,N,nominal,2.0NRT,311.43,3.18,D,VIIRS
47.38742,35.4534,344.36,0.44,0.38,2026-08-23,10:51:00,N,low,2.0NRT,314.85,4.81,D,VIIRS
47.28008,34.59519,340.64,0.41,0.37,2026-08-23,10:51:00,N,low,2.0NRT,313.69,6.22,D,VIIRS
47.13486,33.51194,343.62,0.4,0.37,2026-08-23,10:51:00,N,nominal,2.0NRT,312.24,5.97,D,VIIRS
47.54686,36.80751,345.91,0.48,0.4,2026-08-23,10:51:00,N,low,2.0NRT,317.96,7.28,D,VIIRS
47.29986,34.58398,345.41,0.41,0.37,2026-08-23,10:51:00,N,nominal,2.0NRT,313.76,4.5,D,VIIRS
47.39912,35.22548,342.38,0.43,0.38,2026-08-23,10:51:00,N,low,2.0NRT,313.65,3.87,D,VIIRS
47.4026,35.22455,344.41,0.43,0.38,2026-08-23,10:51:00,N,nominal,2.0NRT,312.63,3.66,D,VIIRS
47.20322,33.65399,337.13,0.4,0.37,2026-08-23,10:51:00,N,low,2.0NRT,310.29,2.18,D,VIIRS
47.20728,33.65822,338.29,0.4,0.37,2026-08-23,10:51:00,N,nominal,2.0NRT,310.89,3.78,D,VIIRS
47.20656,33.653,347.65,0.4,0.37,2026-08-23,10:51:00,N,nominal,2.0NRT,310.81,2.18,D,VIIRS
47.09262,32.85133,334.68,0.39,0.36,2026-08-23,10:51:00,N,low,2.0NRT,306.82,2.39,D,VIIRS
47.48905,35.89819,344.99,0.45,0.39,2026-08-23,10:51:00,N,low,2.0NRT,317.19,8.4,D,VIIRS
47.20739,33.65635,342.71,0.4,0.37,2026-08-23,10:51:00,N,nominal,2.0NRT,311.94,3.04,D,VIIRS
47.20667,33.65112,336.98,0.4,0.37,2026-08-23,10:51:00,N,low,2.0NRT,309.57,3.04,D,VIIRS
47.42722,35.28164,337.02,0.43,0.38,2026-08-23,10:51:00,N,low,2.0NRT,311.67,4.46,D,VIIRS
47.36261,34.758540000000004,342.58,0.42,0.38,2026-08-23,10:51:00,N,nominal,2.0NRT,315.66,6.67,D,VIIRS
47.36604,34.7576,340.83,0.42,0.38,2026-08-23,10:51:00,N,low,2.0NRT,314.71,4.88,D,VIIRS
47.55257,36.26294,349.11,0.46,0.39,2026-08-23,10:51:00,N,nominal,2.0NRT,318.44,11.13,D,VIIRS
47.55549,36.25589,344.29,0.46,0.39,2026-08-23,10:51:00,N,nominal,2.0NRT,313.5,7.65,D,VIIRS
47.2346,33.62656,337.05,0.4,0.37,2026-08-23,10:51:00,N,low,2.0NRT,310.24,1.53,D,VIIRS
47.22887,33.58485,337.31,0.4,0.37,2026-08-23,10:51:00,N,low,2.0NRT,307.37,17.12,D,VIIRS
47.4342,35.1326,335.86,0.43,0.38,2026-08-23,10:51:00,N,nominal,2.0NRT,310.82,1.66,D,VIIRS
47.23149,33.57863,335.87,0.4,0.37,2026-08-23,10:51:00,N,low,2.0NRT,307.57,4.98,D,VIIRS
47.23698,33.59329,336.95,0.4,0.37,2026-08-23,10:51:00,N,low,2.0NRT,310.07,3.63,D,VIIRS
47.23626,33.58807,341.75,0.4,0.37,2026-08-23,10:51:00,N,low,2.0NRT,315.07,3.63,D,VIIRS
47.68358,37.26714,348.79,0.5,0.41,2026-08-23,10:51:00,N,nominal,2.0NRT,317.69,8.88,D,VIIRS
47.24032,33.5923,337.72,0.4,0.37,2026-08-23,10:51:00,N,nominal,2.0NRT,309.63,3.22,D,VIIRS
47.2396,33.58708,338.67,0.4,0.37,2026-08-23,10:51:00,N,nominal,2.0NRT,308.88,3.22,D,VIIRS
47.68734,37.26629,344.37,0.5,0.41,2026-08-23,10:51:00,N,low,2.0NRT,319.32,8.88,D,VIIRS
47.50399,35.61985,339.47,0.44,0.38,2026-08-23,10:51:00,N,low,2.0NRT,314.17,4.77,D,VIIRS
47.69066,37.22434,352.97,0.5,0.41,2026-08-23,10:51:00,N,low,2.0NRT,331.46,50.86,D,VIIRS
47.69442,37.22349,367,0.5,0.41,2026-08-23,10:51:00,N,high,2.0NRT,312.21,23,D,VIIRS
47.70028,37.2427,355.74,0.5,0.41,2026-08-23,10:51:00,N,nominal,2.0NRT,319.25,23.97,D,VIIRS
47.69958,37.23601,342.2,0.5,0.41,2026-08-23,10:51:00,N,low,2.0NRT,316.27,11.93,D,VIIRS
47.33214,34.14176,335.15,0.41,0.37,2026-08-23,10:51:00,N,low,2.0NRT,309.31,5.2,D,VIIRS
47.70333,37.23516,350.74,0.5,0.41,2026-08-23,10:51:00,N,nominal,2.0NRT,314.07,7.63,D,VIIRS
47.54765,35.80372,349.49,0.45,0.39,2026-08-23,10:51:00,N,nominal,2.0NRT,314.94,7.83,D,VIIRS
47.71437,37.26699,341.02,0.5,0.41,2026-08-23,10:51:00,N,low,2.0NRT,315.31,7.39,D,VIIRS
47.71366,37.26027,348.09,0.5,0.41,2026-08-23,10:51:00,N,nominal,2.0NRT,317.86,6.45,D,VIIRS
47.5013,35.38657,341,0.44,0.38,2026-08-23,10:51:00,N,low,2.0NRT,315.39,4.43,D,VIIRS
47.71743,37.25943,346.54,0.5,0.41,2026-08-23,10:51:00,N,low,2.0NRT,318.49,6.45,D,VIIRS
47.73041,37.34649,349.98,0.51,0.41,2026-08-23,10:51:00,N,nominal,2.0NRT,318.56,14.6,D,VIIRS
47.7297,37.33972,354.4,0.51,0.41,2026-08-23,10:51:00,N,nominal,2.0NRT,315.09,17.01,D,VIIRS
47.72119,37.2586,349.43,0.5,0.41,2026-08-23,10:51:00,N,nominal,2.0NRT,316.6,10.14,D,VIIRS
47.73489,37.3524,350.54,0.51,0.41,2026-08-23,10:51:00,N,nominal,2.0NRT,318.57,14.6,D,VIIRS
47.74245,37.35077,343.22,0.51,0.41,2026-08-23,10:51:00,N,low,2.0NRT,317.79,8.73,D,VIIRS
47.74338,37.32282,346.93,0.51,0.41,2026-08-23,10:51:00,N,nominal,2.0NRT,315.81,9.54,D,VIIRS
47.65271,36.39145,339.15,0.47,0.4,2026-08-23,10:51:00,N,low,2.0NRT,313.37,7.35,D,VIIRS
47.64634,36.33566,344.89,0.47,0.39,2026-08-23,10:51:00,N,nominal,2.0NRT,313.19,35.05,D,VIIRS
47.64563,36.32943,354.98,0.47,0.39,2026-08-23,10:51:00,N,nominal,2.0NRT,318.82,35.05,D,VIIRS
47.64996,36.33474,338.22,0.47,0.39,2026-08-23,10:51:00,N,low,2.0NRT,313.2,8.49,D,VIIRS
47.64854,36.32234,347.83,0.47,0.39,2026-08-23,10:51:00,N,nominal,2.0NRT,312.59,9.22,D,VIIRS
47.64578,36.33411,349.64,0.47,0.39,2026-08-23,10:51:00,N,nominal,2.0NRT,316.97,20.94,D,VIIRS
47.6451,36.32788,351.99,0.47,0.39,2026-08-23,10:51:00,N,nominal,2.0NRT,319.24,32.03,D,VIIRS
47.6494,36.33321,340.1,0.47,0.39,2026-08-23,10:51:00,N,low,2.0NRT,311.14,20.94,D,VIIRS
47.64872,36.32699,343.86,0.47,0.39,2026-08-23,10:51:00,N,nominal,2.0NRT,311.51,32.03,D,VIIRS
47.62807,36.14161,340.85,0.46,0.39,2026-08-23,10:51:00,N,nominal,2.0NRT,313.16,6.75,D,VIIRS
47.31309,33.50831,336.07,0.4,0.37,2026-08-23,10:51:00,N,low,2.0NRT,308.32,4.51,D,VIIRS
47.28716,33.32147,337.29,0.39,0.36,2026-08-23,10:51:00,N,low,2.0NRT,309.54,17.82,D,VIIRS
47.29048,33.32047,338.76,0.39,0.36,2026-08-23,10:51:00,N,low,2.0NRT,309.09,8.67,D,VIIRS
47.28976,33.3153,346.51,0.39,0.36,2026-08-23,10:51:00,N,nominal,2.0NRT,312.4,8.67,D,VIIRS
47.43429,34.36191,347.75,0.41,0.37,2026-08-23,10:51:00,N,nominal,2.0NRT,312.42,9.05,D,VIIRS
47.29308,33.31429,343.8,0.39,0.36,2026-08-23,10:51:00,N,nominal,2.0NRT,312.53,8.67,D,VIIRS
47.67754,36.3517,348.67,0.47,0.39,2026-08-23,10:51:00,N,nominal,2.0NRT,313.08,5.83,D,VIIRS
47.43769,34.36097,338.82,0.41,0.37,2026-08-23,10:51:00,N,nominal,2.0NRT,309.89,2.65,D,VIIRS
47.2964,33.31327,342.03,0.39,0.36,2026-08-23,10:51:00,N,nominal,2.0NRT,310.52,3.42,D,VIIRS
47.79754,37.4842,353,0.51,0.41,2026-08-23,10:51:00,N,low,2.0NRT,328.75,57.65,D,VIIRS
47.80134,37.48337,352.77,0.51,0.41,2026-08-23,10:51:00,N,nominal,2.0NRT,320.53,57.65,D,VIIRS
47.54839,35.21212,340.08,0.43,0.38,2026-08-23,10:51:00,N,low,2.0NRT,314.53,19.68,D,VIIRS
47.80514,37.48254,344.89,0.51,0.41,2026-08-23,10:51:00,N,low,2.0NRT,319.42,8.62,D,VIIRS
47.80445,37.47565,351.54,0.51,0.41,2026-08-23,10:51:00,N,nominal,2.0NRT,318.94,8.62,D,VIIRS
47.78202,37.18186,343.32,0.5,0.41,2026-08-23,10:51:00,N,low,2.0NRT,316.35,7.24,D,VIIRS
47.78132,37.17517,344.53,0.5,0.41,2026-08-23,10:51:00,N,low,2.0NRT,318.84,7.24,D,VIIRS
47.38092,33.82669,340.29,0.4,0.37,2026-08-23,10:51:00,N,nominal,2.0NRT,309.44,3.77,D,VIIRS
47.65521,35.9907,347.86,0.45,0.39,2026-08-23,10:51:00,N,nominal,2.0NRT,313.83,11.7,D,VIIRS
47.35751,33.6038,336.18,0.4,0.37,2026-08-23,10:51:00,N,low,2.0NRT,309.91,0.99,D,VIIRS
47.33994,33.45146,338.14,0.4,0.37,2026-08-23,10:51:00,N,nominal,2.0NRT,308.98,1.57,D,VIIRS
47.63169,35.69469,350.89,0.45,0.39,2026-08-23,10:51:00,N,nominal,2.0NRT,311.36,8.7,D,VIIRS
47.34327,33.45045,348.16,0.4,0.37,2026-08-23,10:51:00,N,nominal,2.0NRT,312.35,12.96,D,VIIRS
47.34255,33.44526,342.39,0.4,0.37,2026-08-23,10:51:00,N,nominal,2.0NRT,311.23,3.11,D,VIIRS
47.82473,37.40808,343.71,0.51,0.41,2026-08-23,10:51:00,N,low,2.0NRT,317.82,29.82,D,VIIRS
47.82402,37.40119,357.93,0.51,0.41,2026-08-23,10:51:00,N,nominal,2.0NRT,322.24,29.82,D,VIIRS
47.80499,37.21772,349.69,0.5,0.41,2026-08-23,10:51:00,N,nominal,2.0NRT,317.97,6.02,D,VIIRS
47.63453,35.68781,346.1,0.44,0.39,2026-08-23,10:51:00,N,nominal,2.0NRT,312.15,8.7,D,VIIRS
47.3466,33.44946,351.15,0.4,0.37,2026-08-23,10:51:00,N,nominal,2.0NRT,312.01,12.96,D,VIIRS
47.34589,33.44425,336.52,0.4,0.37,2026-08-23,10:51:00,N,low,2.0NRT,310.8,3.11,D,VIIRS
46.94223,30.78216,332.55,0.39,0.36,2026-08-23,10:51:00,N,low,2.0NRT,303.92,1.68,D,VIIRS
47.82639,37.38661,344.98,0.51,0.41,2026-08-23,10:51:00,N,nominal,2.0NRT,313.92,15.06,D,VIIRS
47.80875,37.21685,354.15,0.5,0.41,2026-08-23,10:51:00,N,nominal,2.0NRT,315.36,13.21,D,VIIRS
47.63735,35.6809,339.92,0.44,0.39,2026-08-23,10:51:00,N,low,2.0NRT,312.69,3.38,D,VIIRS
47.83231,37.40643,367,0.51,0.41,2026-08-23,10:51:00,N,high,2.0NRT,321.68,31.45,D,VIIRS
47.4893,34.45937,367,0.41,0.37,2026-08-23,10:51:00,N,high,2.0NRT,311.75,7.19,D,VIIRS
47.8316,37.39957,347.08,0.51,0.41,2026-08-23,10:51:00,N,nominal,2.0NRT,319.85,31.45,D,VIIRS
47.83089,37.39268,353.63,0.51,0.41,2026-08-23,10:51:00,N,nominal,2.0NRT,318.63,15.06,D,VIIRS
47.83018,37.38581,352.61,0.51,0.41,2026-08-23,10:51:00,N,nominal,2.0NRT,313.88,15.06,D,VIIRS
47.80968,37.18911,345.78,0.5,0.41,2026-08-23,10:51:00,N,nominal,2.0NRT,316.87,5.04,D,VIIRS
47.61557,35.46826,339.67,0.44,0.38,2026-08-23,10:51:00,N,nominal,2.0NRT,313.07,6.62,D,VIIRS
47.81344,37.18822,343.68,0.5,0.41,2026-08-23,10:51:00,N,low,2.0NRT,318.47,6.66,D,VIIRS
47.60848,35.29084,344.04,0.43,0.38,2026-08-23,10:51:00,N,nominal,2.0NRT,310.83,2.86,D,VIIRS
47.83205,37.07445,342.37,0.5,0.41,2026-08-23,10:51:00,N,low,2.0NRT,315.18,12.27,D,VIIRS
47.82991,37.05454,346.42,0.5,0.41,2026-08-23,10:51:00,N,nominal,2.0NRT,315.38,12.25,D,VIIRS
47.72595,36.12349,342.04,0.46,0.39,2026-08-23,10:51:00,N,low,2.0NRT,313.47,5.71,D,VIIRS
47.71532,36.03189,337.69,0.46,0.39,2026-08-23,10:51:00,N,low,2.0NRT,310.61,2.76,D,VIIRS
47.78153,36.57905,349.91,0.48,0.4,2026-08-23,10:51:00,N,nominal,2.0NRT,316.75,10.7,D,VIIRS
47.78011,36.56634,349.74,0.48,0.4,2026-08-23,10:51:00,N,nominal,2.0NRT,314.52,11.6,D,VIIRS
47.76303,36.41468,339.41,0.47,0.4,2026-08-23,10:51:00,N,nominal,2.0NRT,309.97,3.36,D,VIIRS
47.84454,37.11937,350.92,0.5,0.41,2026-08-23,10:51:00,N,nominal,2.0NRT,319.62,28.58,D,VIIRS
47.76667,36.41383,344.39,0.47,0.4,2026-08-23,10:51:00,N,nominal,2.0NRT,312.51,6.61,D,VIIRS
47.84382,37.11271,355.08,0.5,0.41,2026-08-23,10:51:00,N,low,2.0NRT,313.24,28.74,D,VIIRS
47.84685,37.10519,346.35,0.5,0.41,2026-08-23,10:51:00,N,low,2.0NRT,319.99,28.74,D,VIIRS
47.84111,37.05194,353,0.5,0.41,2026-08-23,10:51:00,N,nominal,2.0NRT,317.7,45.04,D,VIIRS
47.72821,36.04743,343.93,0.46,0.39,2026-08-23,10:51:00,N,nominal,2.0NRT,316.94,7.14,D,VIIRS
47.58231,34.85158,350.95,0.42,0.38,2026-08-23,10:51:00,N,nominal,2.0NRT,315.84,15.78,D,VIIRS
47.83158,37.07308,350.07,0.5,0.41,2026-08-23,10:51:00,N,nominal,2.0NRT,314.66,11.24,D,VIIRS
47.84388,37.11808,367,0.5,0.41,2026-08-23,10:51:00,N,high,2.0NRT,319.55,35.74,D,VIIRS
47.84694,37.11053,348.86,0.5,0.41,2026-08-23,10:51:00,N,nominal,2.0NRT,316.46,35.74,D,VIIRS
47.84143,37.05719,352.18,0.5,0.41,2026-08-23,10:51:00,N,nominal,2.0NRT,314.76,33.93,D,VIIRS
47.84074,37.05053,351.57,0.5,0.41,2026-08-23,10:51:00,N,nominal,2.0NRT,317.11,24.47,D,VIIRS
47.45577,33.81306,347.14,0.4,0.37,2026-08-23,10:51:00,N,nominal,2.0NRT,310.74,6.02,D,VIIRS
47.02478,30.89378,343.09,0.39,0.36,2026-08-23,10:51:00,N,nominal,2.0NRT,307.08,14.93,D,VIIRS
47.02887,30.89764,335.5,0.39,0.36,2026-08-23,10:51:00,N,nominal,2.0NRT,306.97,14.93,D,VIIRS
47.02805,30.89263,346.99,0.39,0.36,2026-08-23,10:51:00,N,nominal,2.0NRT,307.38,14.93,D,VIIRS
47.6111,34.93414,347.16,0.42,0.38,2026-08-23,10:51:00,N,nominal,2.0NRT,311.48,2.52,D,VIIRS
47.03214,30.8965,335.81,0.39,0.36,2026-08-23,10:51:00,N,nominal,2.0NRT,302.46,6.35,D,VIIRS
47.03133,30.89149,336.21,0.39,0.36,2026-08-23,10:51:00,N,nominal,2.0NRT,303.26,6.35,D,VIIRS
47.79052,36.43845,349.08,0.47,0.4,2026-08-23,10:51:00,N,nominal,2.0NRT,316.66,6.26,D,VIIRS
47.6537,35.25283,336.28,0.43,0.38,2026-08-23,10:51:00,N,low,2.0NRT,308.06,2.21,D,VIIRS
47.6565,35.24617,335.31,0.43,0.38,2026-08-23,10:51:00,N,low,2.0NRT,308.79,2.87,D,VIIRS
47.67886,35.37163,335.3,0.44,0.38,2026-08-23,10:51:00,N,low,2.0NRT,310.07,5,D,VIIRS
47.67816,35.36581,349.27,0.44,0.38,2026-08-23,10:51:00,N,nominal,2.0NRT,309.19,5,D,VIIRS
47.68167,35.36493,343.07,0.44,0.38,2026-08-23,10:51:00,N,nominal,2.0NRT,307.78,5,D,VIIRS
47.68097,35.35914,351.98,0.44,0.38,2026-08-23,10:51:00,N,nominal,2.0NRT,311.82,9.98,D,VIIRS
47.80318,36.38374,337.29,0.47,0.4,2026-08-23,10:51:00,N,low,2.0NRT,311.57,4.49,D,VIIRS
47.83071,36.56536,342.81,0.48,0.4,2026-08-23,10:51:00,N,low,2.0NRT,314.69,21.26,D,VIIRS
47.70549,35.35242,337.12,0.44,0.38,2026-08-23,10:51:00,N,nominal,2.0NRT,309.37,15.13,D,VIIRS
47.70479,35.34662,340.76,0.44,0.38,2026-08-23,10:51:00,N,nominal,2.0NRT,313.04,15.13,D,VIIRS
47.70829,35.34564,339.18,0.44,0.38,2026-08-23,10:51:00,N,nominal,2.0NRT,310.89,15.13,D,VIIRS
47.71736,35.30132,339.75,0.43,0.38,2026-08-23,10:51:00,N,nominal,2.0NRT,309.28,9.44,D,VIIRS
47.72157,35.30617,340.98,0.43,0.38,2026-08-23,10:51:00,N,nominal,2.0NRT,309.1,4.17,D,VIIRS
47.87103,36.55575,350.95,0.48,0.4,2026-08-23,10:51:00,N,nominal,2.0NRT,315.74,8.63,D,VIIRS
47.76968,35.67501,339.05,0.45,0.39,2026-08-23,10:51:00,N,low,2.0NRT,311.57,5.2,D,VIIRS
47.82711,36.13434,336.95,0.46,0.39,2026-08-23,10:51:00,N,low,2.0NRT,311.49,4.78,D,VIIRS
47.78102,35.73974,343.92,0.45,0.39,2026-08-23,10:51:00,N,low,2.0NRT,315.74,7.07,D,VIIRS
47.71017,35.15473,341.58,0.43,0.38,2026-08-23,10:51:00,N,nominal,2.0NRT,314.37,5.96,D,VIIRS
47.98125,37.51333,343.03,0.52,0.41,2026-08-23,10:51:00,N,low,2.0NRT,315.68,14.8,D,VIIRS
47.89617,36.71474,344.2,0.48,0.4,2026-08-23,10:51:00,N,low,2.0NRT,317.46,5.14,D,VIIRS
47.74541,35.32371,336.5,0.44,0.38,2026-08-23,10:51:00,N,low,2.0NRT,310.04,9.06,D,VIIRS
47.74475,35.32192,338.78,0.44,0.38,2026-08-23,10:51:00,N,low,2.0NRT,312.6,9.11,D,VIIRS
47.74825,35.32099,346.51,0.44,0.38,2026-08-23,10:51:00,N,nominal,2.0NRT,312.48,9.11,D,VIIRS
47.75176,35.32006,336.19,0.44,0.38,2026-08-23,10:51:00,N,low,2.0NRT,311.18,22.7,D,VIIRS
47.84879,36.12737,341.66,0.46,0.39,2026-08-23,10:51:00,N,nominal,2.0NRT,310.26,4.46,D,VIIRS
47.82183,35.88884,335.28,0.45,0.39,2026-08-23,10:51:00,N,low,2.0NRT,309.25,2.08,D,VIIRS
47.75457,35.31334,354.63,0.44,0.38,2026-08-23,10:51:00,N,nominal,2.0NRT,318.75,22.7,D,VIIRS
47.98316,37.35661,345.38,0.51,0.41,2026-08-23,10:51:00,N,nominal,2.0NRT,313.83,10.75,D,VIIRS
47.75807,35.31242,339.07,0.44,0.38,2026-08-23,10:51:00,N,nominal,2.0NRT,312.08,7.08,D,VIIRS
47.75738,35.30663,350.74,0.44,0.38,2026-08-23,10:51:00,N,nominal,2.0NRT,314.51,6.88,D,VIIRS
47.41829,32.73927,331.25,0.39,0.36,2026-08-23,10:51:00,N,low,2.0NRT,305.51,1.55,D,VIIRS
47.75463,35.25363,348.56,0.43,0.38,2026-08-23,10:51:00,N,nominal,2.0NRT,313.26,12.12,D,VIIRS
47.95258,36.98308,367,0.49,0.41,2026-08-23,10:51:00,N,high,2.0NRT,316.57,33.31,D,VIIRS
47.75953,35.26429,348.43,0.43,0.38,2026-08-23,10:51:00,N,nominal,2.0NRT,316.58,21.61,D,VIIRS
47.75882,35.25851,339.07,0.43,0.38,2026-08-23,10:51:00,N,low,2.0NRT,313.32,4.13,D,VIIRS
47.75813,35.25273,342.17,0.43,0.38,2026-08-23,10:51:00,N,low,2.0NRT,314.54,4.13,D,VIIRS
47.99245,37.3335,347.42,0.51,0.41,2026-08-23,10:51:00,N,nominal,2.0NRT,313.73,12.7,D,VIIRS
47.9584,37.00219,338.29,0.49,0.41,2026-08-23,10:51:00,N,low,2.0NRT,311.82,19.19,D,VIIRS
47.95771,36.99555,355.73,0.49,0.41,2026-08-23,10:51:00,N,nominal,2.0NRT,317.35,19.19,D,VIIRS
47.95631,36.98219,354.28,0.49,0.41,2026-08-23,10:51:00,N,nominal,2.0NRT,314.05,33.31,D,VIIRS
47.76511,35.28069,346.24,0.43,0.38,2026-08-23,10:51:00,N,nominal,2.0NRT,312.49,6.17,D,VIIRS
47.95701,36.9889,356.14,0.49,0.41,2026-08-23,10:51:00,N,low,2.0NRT,312,33.31,D,VIIRS
47.96214,37.00135,356.84,0.49,0.41,2026-08-23,10:51:00,N,nominal,2.0NRT,313.81,13.91,D,VIIRS
47.96003,36.98129,349.28,0.49,0.41,2026-08-23,10:51:00,N,nominal,2.0NRT,318.35,21.6,D,VIIRS
47.96376,36.9804,353.26,0.49,0.41,2026-08-23,10:51:00,N,nominal,2.0NRT,312.91,21.6,D,VIIRS
47.87683,36.1459,339.59,0.46,0.39,2026-08-23,10:51:00,N,low,2.0NRT,313.2,13.27,D,VIIRS
47.88045,36.14504,347.93,0.46,0.39,2026-08-23,10:51:00,N,nominal,2.0NRT,313.54,13.27,D,VIIRS
47.97238,36.91728,344.58,0.49,0.4,2026-08-23,10:51:00,N,low,2.0NRT,316.54,4.68,D,VIIRS
47.94927,36.70104,347.31,0.48,0.4,2026-08-23,10:51:00,N,nominal,2.0NRT,317.3,8.92,D,VIIRS
47.91636,36.39991,336.82,0.47,0.4,2026-08-23,10:51:00,N,low,2.0NRT,311.52,3.51,D,VIIRS
47.9123,36.32958,340.98,0.47,0.4,2026-08-23,10:51:00,N,low,2.0NRT,312.18,5.29,D,VIIRS
47.91159,36.32327,337.97,0.47,0.4,2026-08-23,10:51:00,N,nominal,2.0NRT,309.36,4.01,D,VIIRS
47.8345,35.65019,338.26,0.45,0.39,2026-08-23,10:51:00,N,low,2.0NRT,311.61,1.56,D,VIIRS
47.91593,36.32871,334.22,0.47,0.4,2026-08-23,10:51:00,N,low,2.0NRT,307.94,5.29,D,VIIRS
47.72971,34.76006,339.33,0.42,0.38,2026-08-23,10:51:00,N,low,2.0NRT,313.65,2.14,D,VIIRS
47.72901,34.75447,338.15,0.42,0.38,2026-08-23,10:51:00,N,low,2.0NRT,312.42,2.14,D,VIIRS
47.72831,34.74889,346.83,0.42,0.38,2026-08-23,10:51:00,N,nominal,2.0NRT,309.99,5.63,D,VIIRS
48.06417,37.65914,343.11,0.52,0.42,2026-08-23,10:51:00,N,nominal,2.0NRT,312.14,5.25,D,VIIRS
48.06347,37.65203,341.25,0.52,0.42,2026-08-23,10:51:00,N,nominal,2.0NRT,314.74,6.18,D,VIIRS
47.7359,34.75258,344.34,0.42,0.38,2026-08-23,10:51:00,N,nominal,2.0NRT,313.25,8.61,D,VIIRS
48.11794,37.76366,356.95,0.53,0.42,2026-08-23,10:51:00,N,nominal,2.0NRT,313.1,9.67,D,VIIRS
47.96751,36.35518,346.3,0.47,0.4,2026-08-23,10:51:00,N,nominal,2.0NRT,311.38,6.75,D,VIIRS
48.07013,37.22448,348.15,0.51,0.41,2026-08-23,10:51:00,N,nominal,2.0NRT,316.74,9.86,D,VIIRS
48.06725,37.19728,347.28,0.5,0.41,2026-08-23,10:51:00,N,nominal,2.0NRT,314.59,6.38,D,VIIRS
48.05503,37.08236,345.3,0.5,0.41,2026-08-23,10:51:00,N,nominal,2.0NRT,315,4.89,D,VIIRS
47.88055,35.54648,340.52,0.44,0.39,2026-08-23,10:51:00,N,low,2.0NRT,313.42,6.92,D,VIIRS
48.07174,37.20321,344.2,0.5,0.41,2026-08-23,10:51:00,N,nominal,2.0NRT,313.37,7.7,D,VIIRS
47.9697,36.35263,338.66,0.47,0.4,2026-08-23,10:51:00,N,nominal,2.0NRT,309.07,4.02,D,VIIRS
48.11804,37.76233,356.05,0.53,0.42,2026-08-23,10:51:00,N,nominal,2.0NRT,311.6,8.36,D,VIIRS
48.06879,37.22322,343.47,0.51,0.41,2026-08-23,10:51:00,N,low,2.0NRT,316.55,4.53,D,VIIRS
48.07256,37.22234,340.9,0.51,0.41,2026-08-23,10:51:00,N,low,2.0NRT,313.94,4.53,D,VIIRS
48.07048,37.20189,340.5,0.5,0.41,2026-08-23,10:51:00,N,low,2.0NRT,315.3,11.52,D,VIIRS
47.88984,35.54797,341.97,0.44,0.39,2026-08-23,10:51:00,N,nominal,2.0NRT,314.33,7.15,D,VIIRS
48.09325,37.35078,342.2,0.51,0.41,2026-08-23,10:51:00,N,nominal,2.0NRT,313.77,4.77,D,VIIRS
48.09705,37.34992,348.2,0.51,0.41,2026-08-23,10:51:00,N,nominal,2.0NRT,316.55,13.47,D,VIIRS
48.07149,36.98774,348.49,0.5,0.41,2026-08-23,10:51:00,N,nominal,2.0NRT,315.93,12.16,D,VIIRS
48.00593,36.37589,337.83,0.47,0.4,2026-08-23,10:51:00,N,low,2.0NRT,311.08,5.56,D,VIIRS
48.07523,36.98685,342.77,0.5,0.41,2026-08-23,10:51:00,N,low,2.0NRT,317.01,16.24,D,VIIRS
48.12513,37.4359,348.36,0.52,0.41,2026-08-23,10:51:00,N,nominal,2.0NRT,314.95,9.64,D,VIIRS
48.08175,37.01264,343.12,0.5,0.41,2026-08-23,10:51:00,N,nominal,2.0NRT,312.69,7.24,D,VIIRS
48.08549,37.0118,339.72,0.5,0.41,2026-08-23,10:51:00,N,low,2.0NRT,312.04,31.04,D,VIIRS
48.09648,37.04356,349.27,0.5,0.41,2026-08-23,10:51:00,N,nominal,2.0NRT,317.56,11.44,D,VIIRS
48.1552,37.58011,350.91,0.52,0.42,2026-08-23,10:51:00,N,nominal,2.0NRT,318.82,9.29,D,VIIRS
48.1538,37.56603,343.65,0.52,0.42,2026-08-23,10:51:00,N,low,2.0NRT,316.31,8.3,D,VIIRS
48.05385,36.60791,344.98,0.48,0.4,2026-08-23,10:51:00,N,low,2.0NRT,316.78,11.8,D,VIIRS
48.15902,37.57915,349.01,0.52,0.42,2026-08-23,10:51:00,N,low,2.0NRT,321.46,10.28,D,VIIRS
48.15832,37.57213,345.91,0.52,0.42,2026-08-23,10:51:00,N,low,2.0NRT,320.37,10.28,D,VIIRS
48.17194,37.59064,350.04,0.52,0.42,2026-08-23,10:51:00,N,nominal,2.0NRT,315.42,4.77,D,VIIRS
48.04661,36.40494,338.28,0.47,0.4,2026-08-23,10:51:00,N,nominal,2.0NRT,308.06,3.08,D,VIIRS
48.1756,37.51063,356.3,0.52,0.41,2026-08-23,10:51:00,N,nominal,2.0NRT,324.83,30.55,D,VIIRS
48.17942,37.50979,348.99,0.52,0.41,2026-08-23,10:51:00,N,nominal,2.0NRT,318.38,30.55,D,VIIRS
48.12753,36.97452,347.92,0.5,0.41,2026-08-23,10:51:00,N,nominal,2.0NRT,314.84,6.27,D,VIIRS
48.13341,36.9938,348.34,0.5,0.41,2026-08-23,10:51:00,N,low,2.0NRT,318.53,12.15,D,VIIRS
48.13859,37.00641,356.28,0.5,0.41,2026-08-23,10:51:00,N,nominal,2.0NRT,316.38,12.26,D,VIIRS
48.10216,36.66936,338.44,0.48,0.4,2026-08-23,10:51:00,N,nominal,2.0NRT,313.25,4.41,D,VIIRS
48.14162,36.99885,347.82,0.5,0.41,2026-08-23,10:51:00,N,nominal,2.0NRT,313.03,12.26,D,VIIRS
48.14537,36.99802,348.63,0.5,0.41,2026-08-23,10:51:00,N,nominal,2.0NRT,319.93,12.09,D,VIIRS
48.10381,36.61561,338.79,0.48,0.4,2026-08-23,10:51:00,N,low,2.0NRT,309.04,5.35,D,VIIRS
48.08243,36.38983,341.15,0.47,0.4,2026-08-23,10:51:00,N,nominal,2.0NRT,310.12,7.6,D,VIIRS
48.08171,36.38344,348.15,0.47,0.4,2026-08-23,10:51:00,N,nominal,2.0NRT,306.92,7.6,D,VIIRS
48.16002,37.06332,348.28,0.5,0.41,2026-08-23,10:51:00,N,nominal,2.0NRT,315.87,7.91,D,VIIRS
48.08536,36.38255,347.97,0.47,0.4,2026-08-23,10:51:00,N,nominal,2.0NRT,306.79,6.94,D,VIIRS
48.14539,36.99818,346.64,0.5,0.41,2026-08-23,10:51:00,N,nominal,2.0NRT,320.6,7.1,D,VIIRS
48.08125,36.38992,340.65,0.47,0.4,2026-08-23,10:51:00,N,nominal,2.0NRT,308.88,9.87,D,VIIRS
48.08421,36.38262,349.19,0.47,0.4,2026-08-23,10:51:00,N,nominal,2.0NRT,307.85,13.52,D,VIIRS
48.15977,37.06357,348.9,0.5,0.41,2026-08-23,10:51:00,N,nominal,2.0NRT,316.09,10.06,D,VIIRS
48.08474,36.28464,342.33,0.47,0.4,2026-08-23,10:51:00,N,nominal,2.0NRT,308.87,8.08,D,VIIRS
47.36171,30.83751,341.6,0.39,0.36,2026-08-23,10:51:00,N,nominal,2.0NRT,305.05,7.84,D,VIIRS
47.36498,30.83636,333.94,0.39,0.36,2026-08-23,10:51:00,N,nominal,2.0NRT,302.4,2.35,D,VIIRS
48.15067,36.54446,344.05,0.48,0.4,2026-08-23,10:51:00,N,low,2.0NRT,314.15,12.35,D,VIIRS
47.37971,30.84185,336.6,0.39,0.36,2026-08-23,10:51:00,N,nominal,2.0NRT,306.61,13.72,D,VIIRS
47.38298,30.8407,343.38,0.39,0.36,2026-08-23,10:51:00,N,nominal,2.0NRT,307.66,13.72,D,VIIRS
48.22053,37.05659,348.08,0.5,0.41,2026-08-23,10:51:00,N,low,2.0NRT,320.28,26.84,D,VIIRS
48.21983,37.04989,346.81,0.5,0.41,2026-08-23,10:51:00,N,nominal,2.0NRT,314.16,23.81,D,VIIRS
48.25694,37.37152,342.14,0.51,0.41,2026-08-23,10:51:00,N,nominal,2.0NRT,311.01,3.71,D,VIIRS
48.26074,37.37064,354.78,0.51,0.41,2026-08-23,10:51:00,N,nominal,2.0NRT,314.97,11.06,D,VIIRS
48.25359,37.30084,337.64,0.51,0.41,2026-08-23,10:51:00,N,nominal,2.0NRT,312.53,10.22,D,VIIRS
48.26454,37.36974,349.63,0.51,0.41,2026-08-23,10:51:00,N,nominal,2.0NRT,315.29,11.06,D,VIIRS
47.51862,31.5648,356.68,0.38,0.36,2026-08-23,10:51:00,N,nominal,2.0NRT,306.34,11.88,D,VIIRS
48.26834,37.3688,340.84,0.51,0.41,2026-08-23,10:51:00,N,low,2.0NRT,313.44,5.13,D,VIIRS
47.52189,31.56369,347.73,0.38,0.36,2026-08-23,10:51:00,N,nominal,2.0NRT,303.82,3.72,D,VIIRS
48.19452,36.60022,341.17,0.48,0.4,2026-08-23,10:51:00,N,low,2.0NRT,314.19,28.52,D,VIIRS
48.1982,36.5993,346.45,0.48,0.4,2026-08-23,10:51:00,N,nominal,2.0NRT,313.02,28.52,D,VIIRS
48.32671,37.79164,348.28,0.53,0.42,2026-08-23,10:51:00,N,nominal,2.0NRT,318.76,18.74,D,VIIRS
48.23192,36.87486,337.72,0.49,0.4,2026-08-23,10:51:00,N,low,2.0NRT,312.27,3.19,D,VIIRS
47.92794,34.31478,350.05,0.41,0.37,2026-08-23,10:51:00,N,nominal,2.0NRT,307.98,5.22,D,VIIRS
48.33058,37.79081,345.13,0.53,0.42,2026-08-23,10:51:00,N,nominal,2.0NRT,318.24,18.74,D,VIIRS
48.23779,36.89392,338.24,0.49,0.41,2026-08-23,10:51:00,N,nominal,2.0NRT,311.25,2.61,D,VIIRS
48.25446,37.01397,338.77,0.5,0.41,2026-08-23,10:51:00,N,low,2.0NRT,311.03,2.66,D,VIIRS
48.24152,36.89307,342.99,0.49,0.41,2026-08-23,10:51:00,N,nominal,2.0NRT,312.52,5.8,D,VIIRS
48.30579,37.46771,348.47,0.52,0.41,2026-08-23,10:51:00,N,nominal,2.0NRT,313.2,12.26,D,VIIRS
47.93816,34.31184,342.84,0.41,0.37,2026-08-23,10:51:00,N,nominal,2.0NRT,308.14,2.63,D,VIIRS
48.31032,37.47383,349.17,0.52,0.41,2026-08-23,10:51:00,N,nominal,2.0NRT,318.7,26.01,D,VIIRS
48.3096,37.46682,367,0.52,0.41,2026-08-23,10:51:00,N,low,2.0NRT,328.46,97.45,D,VIIRS
48.2917,37.2569,348.92,0.51,0.41,2026-08-23,10:51:00,N,nominal,2.0NRT,317.09,10.79,D,VIIRS
48.33026,37.78992,346.92,0.53,0.42,2026-08-23,10:51:00,N,nominal,2.0NRT,318.83,17.2,D,VIIRS
48.24129,36.89164,342.04,0.49,0.41,2026-08-23,10:51:00,N,nominal,2.0NRT,312.21,5.82,D,VIIRS
48.31139,37.47242,350.67,0.52,0.41,2026-08-23,10:51:00,N,nominal,2.0NRT,318.54,57.51,D,VIIRS
48.3107,37.46539,348.47,0.52,0.41,2026-08-23,10:51:00,N,nominal,2.0NRT,312.84,57.51,D,VIIRS
48.27762,37.02106,339.45,0.5,0.41,2026-08-23,10:51:00,N,nominal,2.0NRT,313.02,6.11,D,VIIRS
48.35783,37.6662,343.46,0.53,0.42,2026-08-23,10:51:00,N,low,2.0NRT,316.35,7.65,D,VIIRS
48.36097,37.65794,340.35,0.53,0.42,2026-08-23,10:51:00,N,nominal,2.0NRT,309.99,7.65,D,VIIRS
48.39577,37.97764,343.23,0.54,0.42,2026-08-23,10:51:00,N,nominal,2.0NRT,310.44,6.38,D,VIIRS
48.33321,37.33909,343.38,0.51,0.41,2026-08-23,10:51:00,N,nominal,2.0NRT,313.37,9.81,D,VIIRS
48.29102,36.92836,353.56,0.5,0.41,2026-08-23,10:51:00,N,nominal,2.0NRT,313.8,7.48,D,VIIRS
48.32993,37.26836,350.91,0.51,0.41,2026-08-23,10:51:00,N,nominal,2.0NRT,317.5,10.96,D,VIIRS
48.32922,37.26139,343.54,0.51,0.41,2026-08-23,10:51:00,N,nominal,2.0NRT,312.23,10.96,D,VIIRS
48.4596,38.57996,341.37,0.38,0.43,2026-08-23,10:51:00,N,nominal,2.0NRT,311.41,4.26,D,VIIRS
48.46362,38.57915,347.64,0.38,0.43,2026-08-23,10:51:00,N,nominal,2.0NRT,311.38,4.26,D,VIIRS
48.46314,38.57393,343.25,0.38,0.43,2026-08-23,10:51:00,N,nominal,2.0NRT,316.14,5.74,D,VIIRS
48.39972,37.8941,335.73,0.54,0.42,2026-08-23,10:51:00,N,low,2.0NRT,310.53,12.81,D,VIIRS
48.46717,38.57317,336.78,0.38,0.43,2026-08-23,10:51:00,N,low,2.0NRT,309.54,3.95,D,VIIRS
48.31795,37.03933,338.75,0.5,0.41,2026-08-23,10:51:00,N,low,2.0NRT,313.35,4.68,D,VIIRS
48.36778,37.48889,336.08,0.52,0.42,2026-08-23,10:51:00,N,low,2.0NRT,310.96,2.93,D,VIIRS
48.32617,37.04443,347.92,0.5,0.41,2026-08-23,10:51:00,N,nominal,2.0NRT,312.91,56.75,D,VIIRS
47.82338,32.95473,332.61,0.39,0.36,2026-08-23,10:51:00,N,low,2.0NRT,303.46,4.63,D,VIIRS
48.39425,37.63609,343.47,0.53,0.42,2026-08-23,10:51:00,N,low,2.0NRT,317.23,9.52,D,VIIRS
48.42672,37.92631,342.67,0.54,0.42,2026-08-23,10:51:00,N,nominal,2.0NRT,313.46,4.13,D,VIIRS
47.49236,30.71364,356.15,0.39,0.36,2026-08-23,10:51:00,N,nominal,2.0NRT,305.64,10.22,D,VIIRS
48.33764,37.00709,352.92,0.5,0.41,2026-08-23,10:51:00,N,nominal,2.0NRT,314.91,7.18,D,VIIRS
47.49563,30.71247,338.82,0.39,0.36,2026-08-23,10:51:00,N,nominal,2.0NRT,305.69,3.95,D,VIIRS
48.43596,37.93932,347.05,0.54,0.42,2026-08-23,10:51:00,N,nominal,2.0NRT,315.19,13.59,D,VIIRS
48.3414,37.00625,352.69,0.5,0.41,2026-08-23,10:51:00,N,nominal,2.0NRT,312.03,7.18,D,VIIRS
48.28648,36.49651,339.81,0.48,0.4,2026-08-23,10:51:00,N,low,2.0NRT,313.27,4.03,D,VIIRS
47.5022,30.73156,333.8,0.39,0.36,2026-08-23,10:51:00,N,nominal,2.0NRT,302,2.65,D,VIIRS
47.50138,30.7265,336.39,0.39,0.36,2026-08-23,10:51:00,N,low,2.0NRT,307.3,2.65,D,VIIRS
47.49891,30.71131,344.55,0.39,0.36,2026-08-23,10:51:00,N,nominal,2.0NRT,308.32,3.95,D,VIIRS
48.47521,38.30754,345.27,0.56,0.43,2026-08-23,10:51:00,N,nominal,2.0NRT,314.16,8.78,D,VIIRS
48.40897,37.62572,343.59,0.53,0.42,2026-08-23,10:51:00,N,nominal,2.0NRT,313.93,5.15,D,VIIRS
47.50218,30.71016,339.74,0.39,0.36,2026-08-23,10:51:00,N,nominal,2.0NRT,306.4,3.31,D,VIIRS
48.4799,38.31439,353.23,0.56,0.43,2026-08-23,10:51:00,N,nominal,2.0NRT,319.45,20.01,D,VIIRS
48.47847,38.29918,352.13,0.56,0.43,2026-08-23,10:51:00,N,nominal,2.0NRT,312.94,8.78,D,VIIRS
48.48244,38.29844,342.09,0.56,0.43,2026-08-23,10:51:00,N,low,2.0NRT,313.73,10.16,D,VIIRS
48.40874,37.54532,350.34,0.52,0.42,2026-08-23,10:51:00,N,nominal,2.0NRT,317.59,7.58,D,VIIRS
48.45807,38.00246,341.6,0.55,0.42,2026-08-23,10:51:00,N,low,2.0NRT,315.78,11.84,D,VIIRS
48.45733,37.99493,351.17,0.55,0.42,2026-08-23,10:51:00,N,nominal,2.0NRT,318.61,11.84,D,VIIRS
48.41256,37.54433,346.44,0.52,0.42,2026-08-23,10:51:00,N,nominal,2.0NRT,313.06,7.58,D,VIIRS
48.36216,37.05712,351.01,0.5,0.41,2026-08-23,10:51:00,N,nominal,2.0NRT,314.31,18.76,D,VIIRS
48.42242,37.56412,340.24,0.52,0.42,2026-08-23,10:51:00,N,low,2.0NRT,312.01,9.77,D,VIIRS
48.38047,37.15777,342.68,0.51,0.41,2026-08-23,10:51:00,N,low,2.0NRT,312.99,9.87,D,VIIRS
48.42501,37.51241,341.57,0.52,0.42,2026-08-23,10:51:00,N,low,2.0NRT,312.98,6.01,D,VIIRS
48.41994,37.46298,335.43,0.52,0.42,2026-08-23,10:51:00,N,low,2.0NRT,309.11,1.08,D,VIIRS
48.45716,38.00235,345.45,0.55,0.42,2026-08-23,10:51:00,N,nominal,2.0NRT,315.43,8.14,D,VIIRS
48.45647,37.9948,352.06,0.55,0.42,2026-08-23,10:51:00,N,nominal,2.0NRT,319.59,23.84,D,VIIRS
48.41371,37.54341,337.48,0.52,0.42,2026-08-23,10:51:00,N,low,2.0NRT,311.17,3.98,D,VIIRS
48.37949,37.1571,347.52,0.51,0.41,2026-08-23,10:51:00,N,nominal,2.0NRT,314.12,10.6,D,VIIRS
48.42348,37.56321,338.81,0.53,0.42,2026-08-23,10:51:00,N,low,2.0NRT,311.41,4.23,D,VIIRS
48.42245,37.51233,338.51,0.52,0.42,2026-08-23,10:51:00,N,low,2.0NRT,311.43,4.91,D,VIIRS
48.42144,37.46198,335.03,0.52,0.42,2026-08-23,10:51:00,N,low,2.0NRT,308.75,4.44,D,VIIRS
48.46913,37.91688,341.61,0.54,0.42,2026-08-23,10:51:00,N,low,2.0NRT,315.76,8.47,D,VIIRS
48.46775,37.90217,348.47,0.54,0.42,2026-08-23,10:51:00,N,nominal,2.0NRT,318.2,19.78,D,VIIRS
48.43082,37.5177,336.35,0.52,0.42,2026-08-23,10:51:00,N,low,2.0NRT,309.76,6.25,D,VIIRS
48.50372,38.24661,348.94,0.56,0.43,2026-08-23,10:51:00,N,nominal,2.0NRT,318.89,12.93,D,VIIRS
48.50233,38.2314,353.4,0.56,0.43,2026-08-23,10:51:00,N,nominal,2.0NRT,319.95,20.8,D,VIIRS
48.50163,38.22372,354.7,0.56,0.43,2026-08-23,10:51:00,N,nominal,2.0NRT,318.91,20.8,D,VIIRS
48.50093,38.2161,351.78,0.56,0.43,2026-08-23,10:51:00,N,nominal,2.0NRT,316.5,18.18,D,VIIRS
48.47304,37.91606,355.7,0.54,0.42,2026-08-23,10:51:00,N,nominal,2.0NRT,318.28,9.73,D,VIIRS
48.46959,37.87955,350.21,0.54,0.42,2026-08-23,10:51:00,N,nominal,2.0NRT,314.69,11.01,D,VIIRS
48.40535,37.22175,345.45,0.51,0.41,2026-08-23,10:51:00,N,nominal,2.0NRT,312.85,6.92,D,VIIRS
48.50558,38.22282,342.21,0.56,0.43,2026-08-23,10:51:00,N,low,2.0NRT,316.37,20.8,D,VIIRS
48.47694,37.91521,346.43,0.54,0.42,2026-08-23,10:51:00,N,nominal,2.0NRT,314.81,9.73,D,VIIRS
48.40913,37.22088,350.05,0.51,0.41,2026-08-23,10:51:00,N,nominal,2.0NRT,316.08,6.92,D,VIIRS
48.38472,36.98139,347.87,0.5,0.41,2026-08-23,10:51:00,N,nominal,2.0NRT,313.32,14.67,D,VIIRS
48.50953,38.22195,340.53,0.56,0.43,2026-08-23,10:51:00,N,low,2.0NRT,313.68,8.14,D,VIIRS
48.5149,38.23641,351.54,0.56,0.43,2026-08-23,10:51:00,N,nominal,2.0NRT,317.19,13.94,D,VIIRS
48.54263,38.45178,340.99,0.57,0.43,2026-08-23,10:51:00,N,low,2.0NRT,314.27,5.86,D,VIIRS
48.54734,38.4588,343.86,0.57,0.43,2026-08-23,10:51:00,N,nominal,2.0NRT,312.16,6.54,D,VIIRS
48.54663,38.451,344.41,0.57,0.43,2026-08-23,10:51:00,N,nominal,2.0NRT,310.48,6.54,D,VIIRS
48.48805,37.82316,344.08,0.54,0.42,2026-08-23,10:51:00,N,low,2.0NRT,316.64,7.58,D,VIIRS
48.50176,37.92474,345.29,0.54,0.42,2026-08-23,10:51:00,N,nominal,2.0NRT,312.71,7.8,D,VIIRS
48.43661,37.18625,346.28,0.51,0.41,2026-08-23,10:51:00,N,nominal,2.0NRT,310.89,7.35,D,VIIRS
48.46723,37.37264,337.33,0.52,0.41,2026-08-23,10:51:00,N,low,2.0NRT,311.79,6.14,D,VIIRS
48.41536,36.87084,340.14,0.5,0.41,2026-08-23,10:51:00,N,low,2.0NRT,310.59,6.22,D,VIIRS
47.57261,30.59646,330.62,0.39,0.36,2026-08-23,10:51:00,N,low,2.0NRT,304.72,3.22,D,VIIRS
48.48028,37.46338,349.27,0.52,0.42,2026-08-23,10:51:00,N,nominal,2.0NRT,316.41,17.05,D,VIIRS
48.47959,37.45647,348.43,0.52,0.42,2026-08-23,10:51:00,N,nominal,2.0NRT,320.46,14.78,D,VIIRS
48.46029,37.26616,346.74,0.51,0.41,2026-08-23,10:51:00,N,nominal,2.0NRT,313.46,6.19,D,VIIRS
47.57671,30.60037,336.09,0.39,0.36,2026-08-23,10:51:00,N,low,2.0NRT,307.5,3.22,D,VIIRS
47.57588,30.59529,346.85,0.39,0.36,2026-08-23,10:51:00,N,nominal,2.0NRT,307.91,3.22,D,VIIRS
48.48411,37.46253,348.37,0.52,0.42,2026-08-23,10:51:00,N,nominal,2.0NRT,311.82,11.58,D,VIIRS
48.48341,37.45557,351.54,0.52,0.42,2026-08-23,10:51:00,N,nominal,2.0NRT,319.95,46.05,D,VIIRS
48.29422,35.71122,351.02,0.45,0.39,2026-08-23,10:51:00,N,nominal,2.0NRT,310.9,10.15,D,VIIRS
48.047110000000004,33.73773,333.99,0.4,0.37,2026-08-23,10:51:00,N,low,2.0NRT,308.88,3.1,D,VIIRS
48.45381,37.09077,338.1,0.5,0.41,2026-08-23,10:51:00,N,low,2.0NRT,311.14,3.86,D,VIIRS
48.63433,38.92566,343.85,0.4,0.44,2026-08-23,10:51:00,N,low,2.0NRT,315.88,2.14,D,VIIRS
48.61654,38.72591,345,0.39,0.44,2026-08-23,10:51:00,N,nominal,2.0NRT,312.98,5.25,D,VIIRS
48.61605,38.72042,344.39,0.39,0.44,2026-08-23,10:51:00,N,low,2.0NRT,316.15,6.26,D,VIIRS
48.63843,38.9249,355.55,0.4,0.44,2026-08-23,10:51:00,N,nominal,2.0NRT,313.56,9.49,D,VIIRS
48.53852,37.81131,342.91,0.54,0.42,2026-08-23,10:51:00,N,nominal,2.0NRT,315.81,7.74,D,VIIRS
48.53493,37.77494,337.88,0.54,0.42,2026-08-23,10:51:00,N,nominal,2.0NRT,311.49,1.6,D,VIIRS
48.43659,36.78312,338.34,0.49,0.4,2026-08-23,10:51:00,N,nominal,2.0NRT,311.51,6.01,D,VIIRS
48.43588,36.77652,349.97,0.49,0.4,2026-08-23,10:51:00,N,nominal,2.0NRT,310.2,17.02,D,VIIRS
48.43517,36.76989,348.24,0.49,0.4,2026-08-23,10:51:00,N,nominal,2.0NRT,316.37,17.02,D,VIIRS
48.11794,34.11255,335.41,0.41,0.37,2026-08-23,10:51:00,N,nominal,2.0NRT,307.07,5.11,D,VIIRS
48.61277,38.50476,337.91,0.38,0.43,2026-08-23,10:51:00,N,nominal,2.0NRT,312.75,2.98,D,VIIRS
48.54775,37.82436,341.35,0.54,0.42,2026-08-23,10:51:00,N,low,2.0NRT,312.82,4.29,D,VIIRS
48.44032,36.78226,340.02,0.49,0.4,2026-08-23,10:51:00,N,low,2.0NRT,311.95,6.01,D,VIIRS
48.43961,36.77563,342.04,0.49,0.4,2026-08-23,10:51:00,N,nominal,2.0NRT,310.6,17.02,D,VIIRS
48.43889,36.769,349.65,0.49,0.4,2026-08-23,10:51:00,N,nominal,2.0NRT,310.49,17.02,D,VIIRS
48.12133,34.11157,344.45,0.41,0.37,2026-08-23,10:51:00,N,nominal,2.0NRT,308.85,5.11,D,VIIRS
48.55164,37.82354,337.58,0.54,0.42,2026-08-23,10:51:00,N,low,2.0NRT,312.47,5.65,D,VIIRS
48.53939,37.70007,340.95,0.53,0.42,2026-08-23,10:51:00,N,nominal,2.0NRT,312.93,3.95,D,VIIRS
48.4426,36.76801,338.58,0.49,0.4,2026-08-23,10:51:00,N,low,2.0NRT,312.06,15.33,D,VIIRS
48.44342,36.74033,335.23,0.49,0.4,2026-08-23,10:51:00,N,nominal,2.0NRT,309.5,3.98,D,VIIRS
48.4454,36.79338,336.38,0.49,0.4,2026-08-23,10:51:00,N,low,2.0NRT,310.48,5.43,D,VIIRS
48.53919,37.69924,340.3,0.53,0.42,2026-08-23,10:51:00,N,nominal,2.0NRT,312.28,2.55,D,VIIRS
48.44356,36.73888,344.03,0.49,0.4,2026-08-23,10:51:00,N,nominal,2.0NRT,308.44,5.92,D,VIIRS
48.58114,37.97575,336.92,0.55,0.42,2026-08-23,10:51:00,N,nominal,2.0NRT,310.09,3.17,D,VIIRS
48.57274,37.88608,354.18,0.54,0.42,2026-08-23,10:51:00,N,nominal,2.0NRT,310.92,10.61,D,VIIRS
48.58506,37.9749,348.09,0.55,0.42,2026-08-23,10:51:00,N,nominal,2.0NRT,309.9,7.68,D,VIIRS
48.60297,38.12461,346.8,0.55,0.43,2026-08-23,10:51:00,N,nominal,2.0NRT,316.1,27,D,VIIRS
48.60226,38.11694,352.34,0.55,0.43,2026-08-23,10:51:00,N,nominal,2.0NRT,323.23,27,D,VIIRS
48.60763,38.13154,347.69,0.56,0.43,2026-08-23,10:51:00,N,nominal,2.0NRT,312.83,11.48,D,VIIRS
48.60691,38.1238,353.38,0.55,0.43,2026-08-23,10:51:00,N,nominal,2.0NRT,320.94,33.04,D,VIIRS
48.60621,38.11615,352.32,0.55,0.43,2026-08-23,10:51:00,N,nominal,2.0NRT,314.83,33.04,D,VIIRS
48.52221,37.13,340.99,0.51,0.41,2026-08-23,10:51:00,N,low,2.0NRT,313.61,11.39,D,VIIRS
48.5215,37.1231,350.92,0.51,0.41,2026-08-23,10:51:00,N,nominal,2.0NRT,319,39.52,D,VIIRS
48.43222,36.27918,343.02,0.47,0.4,2026-08-23,10:51:00,N,nominal,2.0NRT,310.08,3.88,D,VIIRS
48.58877,37.76222,348.08,0.54,0.42,2026-08-23,10:51:00,N,nominal,2.0NRT,315.33,12.47,D,VIIRS
47.69628,30.81267,331.65,0.39,0.36,2026-08-23,10:51:00,N,low,2.0NRT,304.91,2.73,D,VIIRS
48.59584,37.75329,340.29,0.54,0.42,2026-08-23,10:51:00,N,low,2.0NRT,314.85,5.97,D,VIIRS
48.44106,36.25731,338.43,0.47,0.4,2026-08-23,10:51:00,N,low,2.0NRT,310.3,11.02,D,VIIRS
48.54465,37.1603,355.42,0.51,0.41,2026-08-23,10:51:00,N,nominal,2.0NRT,309.76,9.14,D,VIIRS
48.63889,38.07874,336.52,0.55,0.43,2026-08-23,10:51:00,N,low,2.0NRT,310.13,15.32,D,VIIRS
48.64212,38.07037,344.57,0.55,0.43,2026-08-23,10:51:00,N,low,2.0NRT,315.87,36.31,D,VIIRS
48.66109,38.22948,346.14,0.56,0.43,2026-08-23,10:51:00,N,nominal,2.0NRT,314.43,7.79,D,VIIRS
48.6665,38.24405,345.8,0.56,0.43,2026-08-23,10:51:00,N,nominal,2.0NRT,314.27,8,D,VIIRS
48.66436,38.22112,349.07,0.56,0.43,2026-08-23,10:51:00,N,nominal,2.0NRT,314.02,6.09,D,VIIRS
48.66365,38.21352,351.9,0.56,0.43,2026-08-23,10:51:00,N,nominal,2.0NRT,311.22,6.09,D,VIIRS
48.627,37.82896,349.01,0.54,0.42,2026-08-23,10:51:00,N,nominal,2.0NRT,315.98,7.52,D,VIIRS
48.59129,37.46682,334.91,0.52,0.42,2026-08-23,10:51:00,N,low,2.0NRT,308.16,3.5,D,VIIRS
48.59895,37.46503,336.66,0.52,0.42,2026-08-23,10:51:00,N,low,2.0NRT,309.34,2,D,VIIRS
48.5688,37.16904,345.72,0.51,0.41,2026-08-23,10:51:00,N,nominal,2.0NRT,311.03,12.92,D,VIIRS
48.5295,36.79404,351.47,0.49,0.41,2026-08-23,10:51:00,N,nominal,2.0NRT,317.68,77.5,D,VIIRS
48.61784,37.6147,341.06,0.53,0.42,2026-08-23,10:51:00,N,low,2.0NRT,315.36,11.39,D,VIIRS
48.56828,37.12658,334.93,0.51,0.41,2026-08-23,10:51:00,N,nominal,2.0NRT,308.84,5.88,D,VIIRS
48.639,37.78899,342.24,0.54,0.42,2026-08-23,10:51:00,N,nominal,2.0NRT,314,4.88,D,VIIRS
48.60828,37.44101,342.8,0.52,0.42,2026-08-23,10:51:00,N,nominal,2.0NRT,309.59,3.92,D,VIIRS
48.61211,37.44009,340.53,0.52,0.42,2026-08-23,10:51:00,N,low,2.0NRT,312.6,8.82,D,VIIRS
48.61139,37.43293,343.18,0.52,0.42,2026-08-23,10:51:00,N,nominal,2.0NRT,311.2,4.89,D,VIIRS
48.5897,37.07241,344.11,0.51,0.41,2026-08-23,10:51:00,N,nominal,2.0NRT,314.07,13.59,D,VIIRS
48.65825,37.70286,348.51,0.53,0.42,2026-08-23,10:51:00,N,nominal,2.0NRT,317.41,13.42,D,VIIRS
48.58878,37.07305,347.95,0.51,0.41,2026-08-23,10:51:00,N,nominal,2.0NRT,313.64,13.79,D,VIIRS
48.56961,36.73642,340.52,0.49,0.4,2026-08-23,10:51:00,N,nominal,2.0NRT,312.48,9.81,D,VIIRS
48.67736,37.73653,343.39,0.54,0.42,2026-08-23,10:51:00,N,low,2.0NRT,315.38,6.99,D,VIIRS
48.68474,37.77232,348.06,0.54,0.42,2026-08-23,10:51:00,N,nominal,2.0NRT,316.03,14.41,D,VIIRS
48.68055,37.7284,346.22,0.54,0.42,2026-08-23,10:51:00,N,low,2.0NRT,318.74,6.99,D,VIIRS
48.68864,37.77151,356.2,0.54,0.42,2026-08-23,10:51:00,N,nominal,2.0NRT,313.73,11.43,D,VIIRS
48.68443,37.72758,342.61,0.54,0.42,2026-08-23,10:51:00,N,low,2.0NRT,316.98,7.01,D,VIIRS
48.68373,37.72027,351.62,0.54,0.42,2026-08-23,10:51:00,N,nominal,2.0NRT,319.2,21.06,D,VIIRS
48.71445,38.00229,345.79,0.55,0.43,2026-08-23,10:51:00,N,nominal,2.0NRT,313.68,7.59,D,VIIRS
48.7024,37.87434,346.3,0.54,0.42,2026-08-23,10:51:00,N,nominal,2.0NRT,313.56,8.46,D,VIIRS
48.68761,37.71945,354.48,0.54,0.42,2026-08-23,10:51:00,N,nominal,2.0NRT,315.65,21.06,D,VIIRS
48.67849,37.62508,335.95,0.53,0.42,2026-08-23,10:51:00,N,low,2.0NRT,310.87,8.2,D,VIIRS
48.70813,37.85069,340.41,0.54,0.42,2026-08-23,10:51:00,N,low,2.0NRT,313.32,5.51,D,VIIRS
48.68053,37.565,336.43,0.53,0.42,2026-08-23,10:51:00,N,nominal,2.0NRT,310.83,4.96,D,VIIRS
48.70914,37.81969,367,0.54,0.42,2026-08-23,10:51:00,N,high,2.0NRT,314.52,15.3,D,VIIRS
48.70209,37.74625,344.99,0.54,0.42,2026-08-23,10:51:00,N,nominal,2.0NRT,318.05,7.19,D,VIIRS
48.73802,38.08237,348.05,0.55,0.43,2026-08-23,10:51:00,N,nominal,2.0NRT,316.27,15.17,D,VIIRS
48.7373,38.07474,341.4,0.55,0.43,2026-08-23,10:51:00,N,low,2.0NRT,313.45,5.79,D,VIIRS
48.74197,38.08163,344.38,0.55,0.43,2026-08-23,10:51:00,N,nominal,2.0NRT,312.64,29.5,D,VIIRS
47.63335,29.67257,333.56,0.4,0.37,2026-08-23,10:51:00,N,nominal,2.0NRT,302.62,2.12,D,VIIRS
47.63843,29.68165,336.51,0.4,0.37,2026-08-23,10:51:00,N,nominal,2.0NRT,309.28,3.92,D,VIIRS
47.63754,29.67648,339.17,0.4,0.37,2026-08-23,10:51:00,N,nominal,2.0NRT,310.74,3.92,D,VIIRS
47.63665,29.67131,352.56,0.4,0.37,2026-08-23,10:51:00,N,nominal,2.0NRT,309.47,8.45,D,VIIRS
48.73319,37.73954,341.88,0.54,0.42,2026-08-23,10:51:00,N,nominal,2.0NRT,311.72,5.96,D,VIIRS
48.83528,38.74463,351.59,0.39,0.44,2026-08-23,10:51:00,N,nominal,2.0NRT,320.52,31.19,D,VIIRS
48.83886,38.73835,353.67,0.39,0.44,2026-08-23,10:51:00,N,nominal,2.0NRT,323.14,24.48,D,VIIRS
48.83837,38.73293,351.93,0.39,0.44,2026-08-23,10:51:00,N,nominal,2.0NRT,324.94,24.48,D,VIIRS
48.7434,37.72228,338.08,0.54,0.42,2026-08-23,10:51:00,N,low,2.0NRT,309.27,10.59,D,VIIRS
48.83983,38.74923,367,0.39,0.44,2026-08-23,10:51:00,N,low,2.0NRT,328.69,31.19,D,VIIRS
48.83934,38.74378,367,0.39,0.44,2026-08-23,10:51:00,N,low,2.0NRT,328.11,31.19,D,VIIRS
48.84292,38.73753,367,0.39,0.44,2026-08-23,10:51:00,N,high,2.0NRT,321.38,35.91,D,VIIRS
48.84341,38.74295,351.7,0.39,0.44,2026-08-23,10:51:00,N,nominal,2.0NRT,323.75,63.5,D,VIIRS
48.83469,38.64617,342.96,0.39,0.44,2026-08-23,10:51:00,N,low,2.0NRT,314.08,5.98,D,VIIRS
48.84244,38.73212,367,0.39,0.44,2026-08-23,10:51:00,N,low,2.0NRT,330.1,35.91,D,VIIRS
48.84195,38.7267,367,0.39,0.44,2026-08-23,10:51:00,N,low,2.0NRT,333.39,121.71,D,VIIRS
48.84601,38.72588,367,0.39,0.44,2026-08-23,10:51:00,N,high,2.0NRT,358.18,121.71,D,VIIRS
48.84698,38.73671,340.43,0.39,0.44,2026-08-23,10:51:00,N,nominal,2.0NRT,313.71,35.91,D,VIIRS
48.8465,38.7313,350.66,0.39,0.44,2026-08-23,10:51:00,N,nominal,2.0NRT,314.87,35.91,D,VIIRS
48.84552,38.72047,318.37,0.39,0.44,2026-08-23,10:51:00,N,low,2.0NRT,324.81,121.71,D,VIIRS
47.67888,29.67185,342.89,0.4,0.37,2026-08-23,10:51:00,N,nominal,2.0NRT,303.19,7.82,D,VIIRS
47.68218,29.67062,338.65,0.4,0.37,2026-08-23,10:51:00,N,nominal,2.0NRT,303.98,7.82,D,VIIRS
47.6825,29.66778,332.96,0.4,0.37,2026-08-23,10:51:00,N,low,2.0NRT,306.29,5.18,D,VIIRS
47.68579,29.66653,347.73,0.4,0.37,2026-08-23,10:51:00,N,nominal,2.0NRT,309.9,5.18,D,VIIRS
48.84898,38.72783,346.98,0.39,0.44,2026-08-23,10:51:00,N,nominal,2.0NRT,308.21,12.67,D,VIIRS
48.84852,38.7224,353.15,0.39,0.44,2026-08-23,10:51:00,N,nominal,2.0NRT,305.1,12.67,D,VIIRS
48.76085,37.70282,338.23,0.54,0.42,2026-08-23,10:51:00,N,nominal,2.0NRT,309.68,3.97,D,VIIRS
48.85294,38.67753,342.75,0.39,0.44,2026-08-23,10:51:00,N,low,2.0NRT,315.77,34.25,D,VIIRS
48.85653,38.67131,343.67,0.39,0.44,2026-08-23,10:51:00,N,low,2.0NRT,314.43,32.16,D,VIIRS
48.7658,37.67146,337.86,0.53,0.42,2026-08-23,10:51:00,N,low,2.0NRT,312.36,10.45,D,VIIRS
48.70429,37.04501,348.25,0.51,0.41,2026-08-23,10:51:00,N,nominal,2.0NRT,312.09,13.64,D,VIIRS
48.78334,37.77267,347.61,0.54,0.42,2026-08-23,10:51:00,N,nominal,2.0NRT,310.5,4.57,D,VIIRS
48.78124,37.7505,336.95,0.54,0.42,2026-08-23,10:51:00,N,nominal,2.0NRT,311.92,4.37,D,VIIRS
48.72572,37.10382,349.63,0.51,0.41,2026-08-23,10:51:00,N,nominal,2.0NRT,313.87,6.31,D,VIIRS
48.81056,37.93454,339.86,0.55,0.43,2026-08-23,10:51:00,N,low,2.0NRT,313.52,2.6,D,VIIRS
48.79642,37.78482,339.43,0.54,0.42,2026-08-23,10:51:00,N,nominal,2.0NRT,309.72,4.26,D,VIIRS
48.84701,38.28605,346.06,0.57,0.43,2026-08-23,10:51:00,N,nominal,2.0NRT,312.25,20.83,D,VIIRS
48.54357,35.30474,348.31,0.44,0.39,2026-08-23,10:51:00,N,nominal,2.0NRT,309.72,7.41,D,VIIRS
48.8395,38.02934,347.82,0.55,0.43,2026-08-23,10:51:00,N,nominal,2.0NRT,314.76,5.53,D,VIIRS
48.75436,37.11872,344.03,0.51,0.41,2026-08-23,10:51:00,N,nominal,2.0NRT,311.64,5.29,D,VIIRS
48.82233,37.76461,342.61,0.54,0.42,2026-08-23,10:51:00,N,low,2.0NRT,316.07,10.82,D,VIIRS
48.84737,37.94271,342.4,0.55,0.43,2026-08-23,10:51:00,N,low,2.0NRT,315.82,4.37,D,VIIRS
48.82657,37.72622,336.75,0.54,0.42,2026-08-23,10:51:00,N,low,2.0NRT,310.95,2.02,D,VIIRS
48.67156,36.23121,352.85,0.47,0.4,2026-08-23,10:51:00,N,nominal,2.0NRT,318.22,54.48,D,VIIRS
48.67592,36.23671,343.76,0.47,0.4,2026-08-23,10:51:00,N,low,2.0NRT,316.26,12.66,D,VIIRS
48.67521,36.23031,353.32,0.47,0.4,2026-08-23,10:51:00,N,nominal,2.0NRT,320.73,12.66,D,VIIRS
48.85911,37.93977,367,0.55,0.43,2026-08-23,10:51:00,N,high,2.0NRT,315.06,20.15,D,VIIRS
47.84485,30.17164,347.92,0.39,0.36,2026-08-23,10:51:00,N,nominal,2.0NRT,309.29,11,D,VIIRS
47.844,30.16652,338.82,0.39,0.36,2026-08-23,10:51:00,N,nominal,2.0NRT,307.57,5.71,D,VIIRS
47.84813,30.17043,351.41,0.39,0.36,2026-08-23,10:51:00,N,nominal,2.0NRT,306.36,11,D,VIIRS
47.84642,30.16018,353.26,0.39,0.36,2026-08-23,10:51:00,N,nominal,2.0NRT,304.85,5.71,D,VIIRS
48.84776,37.69925,340.43,0.54,0.42,2026-08-23,10:51:00,N,low,2.0NRT,313.81,6.02,D,VIIRS
48.94464,38.68681,347.79,0.39,0.44,2026-08-23,10:51:00,N,low,2.0NRT,320.37,12.58,D,VIIRS
48.9487,38.68604,343.92,0.39,0.44,2026-08-23,10:51:00,N,low,2.0NRT,315.1,12.58,D,VIIRS
48.89838,38.05614,337.39,0.56,0.43,2026-08-23,10:51:00,N,low,2.0NRT,311.63,11.38,D,VIIRS
48.89425,37.9715,342.79,0.55,0.43,2026-08-23,10:51:00,N,nominal,2.0NRT,309.68,4.02,D,VIIRS
48.89819,37.97073,335.47,0.55,0.43,2026-08-23,10:51:00,N,nominal,2.0NRT,308.65,4.02,D,VIIRS
48.89235,37.91052,339.72,0.55,0.43,2026-08-23,10:51:00,N,low,2.0NRT,311.96,5.34,D,VIIRS
48.94846,38.64536,343.79,0.39,0.44,2026-08-23,10:51:00,N,low,2.0NRT,317.01,21.71,D,VIIRS
48.89721,38.06434,337.75,0.56,0.43,2026-08-23,10:51:00,N,low,2.0NRT,311.76,6.68,D,VIIRS
48.90046,38.05575,337.56,0.56,0.43,2026-08-23,10:51:00,N,low,2.0NRT,309.56,4.97,D,VIIRS
48.95252,38.64455,367,0.39,0.44,2026-08-23,10:51:00,N,low,2.0NRT,330.48,21.71,D,VIIRS
48.95705,38.64917,353.13,0.39,0.44,2026-08-23,10:51:00,N,nominal,2.0NRT,322.91,49.93,D,VIIRS
48.95612,38.63837,343.19,0.39,0.44,2026-08-23,10:51:00,N,nominal,2.0NRT,312.31,30.88,D,VIIRS
48.89671,37.971,343.87,0.55,0.43,2026-08-23,10:51:00,N,nominal,2.0NRT,309.09,7.24,D,VIIRS
48.89115,37.91072,338.62,0.55,0.43,2026-08-23,10:51:00,N,low,2.0NRT,310.21,6.59,D,VIIRS
48.87788,37.76838,334.28,0.54,0.42,2026-08-23,10:51:00,N,nominal,2.0NRT,308.34,2.46,D,VIIRS
48.95658,38.64377,367,0.39,0.44,2026-08-23,10:51:00,N,low,2.0NRT,326.35,30.88,D,VIIRS
48.92651,38.25462,341.48,0.57,0.43,2026-08-23,10:51:00,N,low,2.0NRT,314.15,4.41,D,VIIRS
48.93308,38.23737,342,0.57,0.43,2026-08-23,10:51:00,N,low,2.0NRT,314.46,10.09,D,VIIRS
48.90332,37.8696,345.12,0.55,0.42,2026-08-23,10:51:00,N,nominal,2.0NRT,312.51,19.42,D,VIIRS
48.92041,37.79699,348.12,0.54,0.42,2026-08-23,10:51:00,N,nominal,2.0NRT,311.97,8.75,D,VIIRS
49.00402,38.66696,344.12,0.39,0.44,2026-08-23,10:51:00,N,nominal,2.0NRT,315.3,34.91,D,VIIRS
49.00354,38.66147,367,0.39,0.44,2026-08-23,10:51:00,N,low,2.0NRT,340.19,34.91,D,VIIRS
49.00306,38.656,367,0.39,0.44,2026-08-23,10:51:00,N,low,2.0NRT,326,47.8,D,VIIRS
49.00762,38.66083,367,0.39,0.44,2026-08-23,10:51:00,N,high,2.0NRT,358.02,78.52,D,VIIRS
49.00858,38.67178,344.75,0.39,0.44,2026-08-23,10:51:00,N,nominal,2.0NRT,313.51,10.06,D,VIIRS
48.9418,37.93824,355.72,0.55,0.43,2026-08-23,10:51:00,N,nominal,2.0NRT,317.1,8.7,D,VIIRS
49.00809,38.66631,353.31,0.39,0.44,2026-08-23,10:51:00,N,low,2.0NRT,334.61,78.52,D,VIIRS
49.00713,38.65534,367,0.39,0.44,2026-08-23,10:51:00,N,low,2.0NRT,380,305.44,D,VIIRS
49.00617,38.64441,367,0.39,0.44,2026-08-23,10:51:00,N,low,2.0NRT,356.36,115.65,D,VIIRS
49.01169,38.66019,347.31,0.39,0.44,2026-08-23,10:51:00,N,nominal,2.0NRT,307.43,78.52,D,VIIRS
49.00976,38.63828,339.84,0.39,0.44,2026-08-23,10:51:00,N,low,2.0NRT,312.05,115.65,D,VIIRS
48.94788,37.96019,344.23,0.55,0.43,2026-08-23,10:51:00,N,nominal,2.0NRT,312.86,7.24,D,VIIRS
48.94572,37.93735,342.3,0.55,0.43,2026-08-23,10:51:00,N,low,2.0NRT,315.52,8.7,D,VIIRS
48.9364,37.83914,338.29,0.55,0.42,2026-08-23,10:51:00,N,low,2.0NRT,311.36,5.07,D,VIIRS
48.93212,37.79434,349.88,0.54,0.42,2026-08-23,10:51:00,N,nominal,2.0NRT,313.45,12.31,D,VIIRS
49.01121,38.65471,367,0.39,0.44,2026-08-23,10:51:00,N,low,2.0NRT,326.83,305.44,D,VIIRS
49.01073,38.64922,367,0.39,0.44,2026-08-23,10:51:00,N,low,2.0NRT,343.13,305.44,D,VIIRS
49.01024,38.64374,367,0.39,0.44,2026-08-23,10:51:00,N,low,2.0NRT,331.57,115.65,D,VIIRS
49.01479,38.6485,335.11,0.39,0.44,2026-08-23,10:51:00,N,nominal,2.0NRT,300.03,4.79,D,VIIRS
48.94853,37.88255,345.36,0.55,0.42,2026-08-23,10:51:00,N,nominal,2.0NRT,318.78,10.6,D,VIIRS
48.86607,37.04943,350.9,0.51,0.41,2026-08-23,10:51:00,N,nominal,2.0NRT,322.59,35.11,D,VIIRS
48.86535,37.04248,344.43,0.51,0.41,2026-08-23,10:51:00,N,nominal,2.0NRT,318.36,35.11,D,VIIRS
48.9539,37.89682,347.94,0.55,0.43,2026-08-23,10:51:00,N,nominal,2.0NRT,316.85,8.72,D,VIIRS
48.86914,37.04162,340.86,0.51,0.41,2026-08-23,10:51:00,N,low,2.0NRT,312.96,6.65,D,VIIRS
48.76331,36.05531,335.31,0.47,0.4,2026-08-23,10:51:00,N,low,2.0NRT,309.29,3.55,D,VIIRS
48.75906,36.01732,346.4,0.47,0.4,2026-08-23,10:51:00,N,nominal,2.0NRT,311.19,15.26,D,VIIRS
48.95782,37.89592,346.26,0.55,0.43,2026-08-23,10:51:00,N,nominal,2.0NRT,313.43,8.72,D,VIIRS
48.87527,37.02601,348.3,0.51,0.41,2026-08-23,10:51:00,N,nominal,2.0NRT,311.7,10.73,D,VIIRS
48.50118,33.84329,336.74,0.41,0.37,2026-08-23,10:51:00,N,nominal,2.0NRT,306.39,6.67,D,VIIRS
48.96856,37.92448,341.13,0.55,0.43,2026-08-23,10:51:00,N,low,2.0NRT,315.04,53.3,D,VIIRS
48.50457,33.84228,340.11,0.41,0.37,2026-08-23,10:51:00,N,nominal,2.0NRT,306.78,6.67,D,VIIRS
48.98369,37.99887,347.84,0.55,0.43,2026-08-23,10:51:00,N,nominal,2.0NRT,315.81,30.92,D,VIIRS
48.88619,36.94527,344.44,0.5,0.41,2026-08-23,10:51:00,N,nominal,2.0NRT,312.52,109.21,D,VIIRS
49.00208,38.06512,349.89,0.56,0.43,2026-08-23,10:51:00,N,nominal,2.0NRT,323.43,24.86,D,VIIRS
49.00603,38.06422,347,0.56,0.43,2026-08-23,10:51:00,N,nominal,2.0NRT,316.54,24.86,D,VIIRS
49.01144,38.07867,343.7,0.56,0.43,2026-08-23,10:51:00,N,nominal,2.0NRT,315.99,4.94,D,VIIRS
49.0154,38.07783,341.6,0.56,0.43,2026-08-23,10:51:00,N,low,2.0NRT,315.51,4.94,D,VIIRS
48.98095,37.7229,344.43,0.54,0.42,2026-08-23,10:51:00,N,low,2.0NRT,317.63,32.37,D,VIIRS
48.98321,37.9285,339.19,0.55,0.43,2026-08-23,10:51:00,N,nominal,2.0NRT,311.69,2.46,D,VIIRS
48.44586,33.19771,338.51,0.4,0.37,2026-08-23,10:51:00,N,nominal,2.0NRT,302.24,2.83,D,VIIRS
49.01289,38.0778,342.65,0.56,0.43,2026-08-23,10:51:00,N,low,2.0NRT,316.93,14.59,D,VIIRS
49.00863,37.89987,341.96,0.55,0.43,2026-08-23,10:51:00,N,nominal,2.0NRT,309.48,5.6,D,VIIRS
48.99707,37.73386,335.73,0.54,0.42,2026-08-23,10:51:00,N,low,2.0NRT,310.25,2.24,D,VIIRS
49.03127,38.05819,353.6,0.56,0.43,2026-08-23,10:51:00,N,nominal,2.0NRT,316.19,16.72,D,VIIRS
49.03057,38.0505,337.64,0.56,0.43,2026-08-23,10:51:00,N,low,2.0NRT,312.63,7.18,D,VIIRS
49.00448,37.77018,342.47,0.54,0.42,2026-08-23,10:51:00,N,low,2.0NRT,312.83,28.5,D,VIIRS
48.89017,36.6215,345.14,0.49,0.4,2026-08-23,10:51:00,N,nominal,2.0NRT,319.26,25.22,D,VIIRS
48.8946,36.62738,347.51,0.49,0.4,2026-08-23,10:51:00,N,nominal,2.0NRT,311.87,6.73,D,VIIRS
48.89389,36.62066,345.92,0.49,0.4,2026-08-23,10:51:00,N,nominal,2.0NRT,312.15,6.73,D,VIIRS
49.08343,38.3642,345.92,0.38,0.43,2026-08-23,10:51:00,N,low,2.0NRT,316.68,6.03,D,VIIRS
49.03931,37.88531,334.52,0.55,0.43,2026-08-23,10:51:00,N,nominal,2.0NRT,307.81,2.7,D,VIIRS
49.05608,38.02142,336.07,0.56,0.43,2026-08-23,10:51:00,N,low,2.0NRT,310.24,5.82,D,VIIRS
49.06075,38.02827,350.06,0.56,0.43,2026-08-23,10:51:00,N,nominal,2.0NRT,313.04,5.82,D,VIIRS
49.05574,37.97469,337.12,0.55,0.43,2026-08-23,10:51:00,N,low,2.0NRT,311.25,18,D,VIIRS
47.96372,29.67805,337.66,0.39,0.36,2026-08-23,10:51:00,N,nominal,2.0NRT,307.11,2.27,D,VIIRS
49.06471,38.02746,337.67,0.56,0.43,2026-08-23,10:51:00,N,low,2.0NRT,312.29,4.21,D,VIIRS
47.96701,29.67682,353.18,0.39,0.36,2026-08-23,10:51:00,N,nominal,2.0NRT,309.32,9.71,D,VIIRS
49.04846,37.72997,348.31,0.54,0.42,2026-08-23,10:51:00,N,nominal,2.0NRT,309.36,9.88,D,VIIRS
49.05523,37.7588,341.62,0.54,0.42,2026-08-23,10:51:00,N,nominal,2.0NRT,311.23,12.36,D,VIIRS
49.0545,37.75131,344.13,0.54,0.42,2026-08-23,10:51:00,N,nominal,2.0NRT,310.99,6.23,D,VIIRS
49.05378,37.74384,334.88,0.54,0.42,2026-08-23,10:51:00,N,nominal,2.0NRT,308.84,6.23,D,VIIRS
49.05236,37.72907,345.49,0.54,0.42,2026-08-23,10:51:00,N,nominal,2.0NRT,309.34,10.26,D,VIIRS
49.05164,37.72166,337.69,0.54,0.42,2026-08-23,10:51:00,N,low,2.0NRT,308.45,7.58,D,VIIRS
48.97305,36.93795,346.14,0.5,0.41,2026-08-23,10:51:00,N,nominal,2.0NRT,315.22,5.84,D,VIIRS
49.06129,37.78026,347.56,0.54,0.42,2026-08-23,10:51:00,N,nominal,2.0NRT,311.67,6.48,D,VIIRS
49.0584,37.75043,336.14,0.54,0.42,2026-08-23,10:51:00,N,low,2.0NRT,308.21,6.23,D,VIIRS
49.05769,37.74301,334.91,0.54,0.42,2026-08-23,10:51:00,N,nominal,2.0NRT,308.24,6.23,D,VIIRS
48.97753,36.94394,345.29,0.51,0.41,2026-08-23,10:51:00,N,nominal,2.0NRT,314.65,5.84,D,VIIRS
49.09673,38.06764,354.36,0.56,0.43,2026-08-23,10:51:00,N,nominal,2.0NRT,320.39,21.56,D,VIIRS
49.096,38.05995,342.29,0.56,0.43,2026-08-23,10:51:00,N,nominal,2.0NRT,312.82,21.56,D,VIIRS
49.10068,38.0668,347.65,0.56,0.43,2026-08-23,10:51:00,N,nominal,2.0NRT,310.55,19.12,D,VIIRS
49.09924,38.05145,339.26,0.56,0.43,2026-08-23,10:51:00,N,nominal,2.0NRT,311.07,3.5,D,VIIRS
49.08251,37.87605,341.04,0.55,0.43,2026-08-23,10:51:00,N,nominal,2.0NRT,308.58,7.62,D,VIIRS
49.08744,37.8441,338.57,0.55,0.42,2026-08-23,10:51:00,N,low,2.0NRT,311.31,6.52,D,VIIRS
49.08229,37.79101,339.46,0.54,0.42,2026-08-23,10:51:00,N,nominal,2.0NRT,310.52,7.02,D,VIIRS
49.08157,37.78351,335.9,0.54,0.42,2026-08-23,10:51:00,N,low,2.0NRT,307.85,7.02,D,VIIRS
49.09135,37.84315,349.19,0.55,0.42,2026-08-23,10:51:00,N,nominal,2.0NRT,312.93,6.52,D,VIIRS
49.09526,37.84216,336.44,0.55,0.42,2026-08-23,10:51:00,N,low,2.0NRT,309.44,2.17,D,VIIRS
49.08529,37.87511,342.23,0.55,0.43,2026-08-23,10:51:00,N,nominal,2.0NRT,314,9.17,D,VIIRS
49.08152,37.79078,339.06,0.55,0.42,2026-08-23,10:51:00,N,nominal,2.0NRT,310.5,8.9,D,VIIRS
49.08083,37.78326,335.3,0.54,0.42,2026-08-23,10:51:00,N,low,2.0NRT,308.11,4.63,D,VIIRS
49.09035,37.84306,349.32,0.55,0.43,2026-08-23,10:51:00,N,nominal,2.0NRT,314.53,8.19,D,VIIRS
49.09425,37.84204,335.77,0.55,0.43,2026-08-23,10:51:00,N,low,2.0NRT,309.62,8.19,D,VIIRS
49.12627,37.9282,341.62,0.55,0.43,2026-08-23,10:51:00,N,nominal,2.0NRT,313.3,5.09,D,VIIRS
49.10934,37.74681,347.13,0.54,0.42,2026-08-23,10:51:00,N,nominal,2.0NRT,309.76,11.38,D,VIIRS
49.13272,37.91114,346.85,0.55,0.43,2026-08-23,10:51:00,N,nominal,2.0NRT,311.85,9.21,D,VIIRS
49.16813,38.07595,338.48,0.56,0.43,2026-08-23,10:51:00,N,low,2.0NRT,310.89,3.87,D,VIIRS
49.0652,37.01564,340.19,0.51,0.41,2026-08-23,10:51:00,N,low,2.0NRT,313.85,10.72,D,VIIRS
49.09758,37.29875,335.72,0.52,0.42,2026-08-23,10:51:00,N,nominal,2.0NRT,307.81,2.5,D,VIIRS
49.06899,37.01479,355.72,0.51,0.41,2026-08-23,10:51:00,N,nominal,2.0NRT,312.68,10.72,D,VIIRS
49.0735,37.02103,349.13,0.51,0.41,2026-08-23,10:51:00,N,nominal,2.0NRT,311.24,4.22,D,VIIRS
49.13284,37.53651,355.21,0.53,0.42,2026-08-23,10:51:00,N,nominal,2.0NRT,327.39,63.82,D,VIIRS
49.13671,37.53564,367,0.53,0.42,2026-08-23,10:51:00,N,high,2.0NRT,336.18,63.82,D,VIIRS
49.13742,37.54293,338.7,0.53,0.42,2026-08-23,10:51:00,N,nominal,2.0NRT,313.15,63.82,D,VIIRS
49.17455,37.88653,337.52,0.55,0.43,2026-08-23,10:51:00,N,low,2.0NRT,309.43,9.57,D,VIIRS
49.17384,37.87903,354.29,0.55,0.43,2026-08-23,10:51:00,N,nominal,2.0NRT,313.53,9.57,D,VIIRS
49.19661,38.07784,346.28,0.56,0.43,2026-08-23,10:51:00,N,nominal,2.0NRT,314.62,9.03,D,VIIRS
49.20133,38.08496,338.53,0.56,0.43,2026-08-23,10:51:00,N,low,2.0NRT,310.78,8.82,D,VIIRS
49.18783,37.89945,346.82,0.55,0.43,2026-08-23,10:51:00,N,nominal,2.0NRT,315,13.05,D,VIIRS
49.19474,37.80453,337.81,0.55,0.42,2026-08-23,10:51:00,N,nominal,2.0NRT,312.25,8.24,D,VIIRS
49.21709,37.99523,345.63,0.56,0.43,2026-08-23,10:51:00,N,nominal,2.0NRT,315.59,11.9,D,VIIRS
49.22105,37.9944,349.01,0.56,0.43,2026-08-23,10:51:00,N,nominal,2.0NRT,317.13,11.9,D,VIIRS
49.20061,37.92844,338.49,0.55,0.43,2026-08-23,10:51:00,N,low,2.0NRT,312.37,4.52,D,VIIRS
49.1973,37.80475,336.32,0.55,0.42,2026-08-23,10:51:00,N,low,2.0NRT,309.01,6.48,D,VIIRS
49.21879,37.99575,355.14,0.56,0.43,2026-08-23,10:51:00,N,nominal,2.0NRT,318.12,7.68,D,VIIRS
49.22274,37.99493,342.63,0.56,0.43,2026-08-23,10:51:00,N,nominal,2.0NRT,311.51,7.68,D,VIIRS
49.22365,37.82996,335.62,0.55,0.43,2026-08-23,10:51:00,N,low,2.0NRT,308.44,3.17,D,VIIRS
48.06974,29.18158,335.74,0.4,0.37,2026-08-23,10:51:00,N,low,2.0NRT,307.15,4.2,D,VIIRS
49.23467,37.90557,344.48,0.55,0.43,2026-08-23,10:51:00,N,nominal,2.0NRT,311.61,6.63,D,VIIRS
48.07397,29.18555,335.7,0.4,0.37,2026-08-23,10:51:00,N,low,2.0NRT,308.31,3.62,D,VIIRS
48.07305,29.18029,341.56,0.4,0.37,2026-08-23,10:51:00,N,nominal,2.0NRT,306.46,3.62,D,VIIRS
48.07728,29.18425,344.75,0.4,0.37,2026-08-23,10:51:00,N,nominal,2.0NRT,306.09,3.62,D,VIIRS
49.2582,38.07374,346.77,0.56,0.43,2026-08-23,10:51:00,N,nominal,2.0NRT,313.22,18.19,D,VIIRS
48.04136,28.96054,350.2,0.4,0.37,2026-08-23,10:51:00,N,nominal,2.0NRT,309.5,6.31,D,VIIRS
49.26982,38.02424,334.95,0.56,0.43,2026-08-23,10:51:00,N,low,2.0NRT,308.18,2.86,D,VIIRS
49.26256,37.86019,341.9,0.55,0.43,2026-08-23,10:51:00,N,nominal,2.0NRT,307.53,6.55,D,VIIRS
49.26185,37.85263,339.7,0.55,0.43,2026-08-23,10:51:00,N,nominal,2.0NRT,307.02,6.55,D,VIIRS
49.26578,37.8518,341.57,0.55,0.43,2026-08-23,10:51:00,N,nominal,2.0NRT,307.92,6.55,D,VIIRS
49.27697,37.92784,349.04,0.55,0.43,2026-08-23,10:51:00,N,nominal,2.0NRT,309.6,9.25,D,VIIRS
49.26539,37.80536,335.2,0.55,0.43,2026-08-23,10:51:00,N,low,2.0NRT,308.76,4.9,D,VIIRS
49.26932,37.80456,335.83,0.55,0.43,2026-08-23,10:51:00,N,low,2.0NRT,310.14,4.9,D,VIIRS
48.73515,33.16525,344.61,0.4,0.37,2026-08-23,10:51:00,N,nominal,2.0NRT,306.27,6.53,D,VIIRS
49.43558,39.29496,343.96,0.42,0.45,2026-08-23,10:51:00,N,nominal,2.0NRT,313.15,7.47,D,VIIRS
49.43528,39.29304,347.07,0.42,0.45,2026-08-23,10:51:00,N,nominal,2.0NRT,313.86,11.85,D,VIIRS
49.43948,39.29228,343.43,0.42,0.45,2026-08-23,10:51:00,N,low,2.0NRT,313.52,11.85,D,VIIRS
49.44322,39.28564,345.14,0.42,0.45,2026-08-23,10:51:00,N,nominal,2.0NRT,309.6,3.94,D,VIIRS
49.34671,38.09464,339.77,0.56,0.43,2026-08-23,10:51:00,N,nominal,2.0NRT,308.42,4.45,D,VIIRS
49.3477,37.92797,341.44,0.56,0.43,2026-08-23,10:51:00,N,nominal,2.0NRT,311.33,5.26,D,VIIRS
49.34698,37.92026,334.2,0.56,0.43,2026-08-23,10:51:00,N,low,2.0NRT,308.66,5.26,D,VIIRS
49.33705,37.81306,345.64,0.55,0.43,2026-08-23,10:51:00,N,nominal,2.0NRT,309.57,10.55,D,VIIRS
49.33634,37.80546,345.7,0.55,0.43,2026-08-23,10:51:00,N,nominal,2.0NRT,310.2,10.58,D,VIIRS
49.34492,37.81149,337.98,0.55,0.43,2026-08-23,10:51:00,N,nominal,2.0NRT,311.95,3.71,D,VIIRS
49.34885,37.81062,336.33,0.55,0.43,2026-08-23,10:51:00,N,nominal,2.0NRT,309.84,3.95,D,VIIRS
49.35669,37.80877,345.74,0.55,0.43,2026-08-23,10:51:00,N,nominal,2.0NRT,312.98,21.27,D,VIIRS
49.49134,39.30069,347.22,0.42,0.45,2026-08-23,10:51:00,N,nominal,2.0NRT,313.04,3.73,D,VIIRS
49.36061,37.80783,343.9,0.55,0.43,2026-08-23,10:51:00,N,nominal,2.0NRT,313.23,21.27,D,VIIRS
49.49556,39.29995,349.47,0.42,0.45,2026-08-23,10:51:00,N,nominal,2.0NRT,315.55,7.21,D,VIIRS
49.49929,39.29332,367,0.42,0.45,2026-08-23,10:51:00,N,high,2.0NRT,314.77,7.21,D,VIIRS
49.50253,39.28084,344.24,0.42,0.45,2026-08-23,10:51:00,N,low,2.0NRT,314.65,7.1,D,VIIRS
49.43917,38.30595,343.05,0.38,0.43,2026-08-23,10:51:00,N,nominal,2.0NRT,313.03,3.67,D,VIIRS
49.39452,37.78503,335.34,0.55,0.43,2026-08-23,10:51:00,N,low,2.0NRT,308.54,6.45,D,VIIRS
49.3938,37.77745,336.37,0.55,0.43,2026-08-23,10:51:00,N,nominal,2.0NRT,308.97,6.15,D,VIIRS
49.41018,37.90699,367,0.56,0.43,2026-08-23,10:51:00,N,high,2.0NRT,312.76,15.28,D,VIIRS
49.37877,37.58101,332.4,0.54,0.42,2026-08-23,10:51:00,N,low,2.0NRT,307.33,2.18,D,VIIRS
48.90607,33.49576,349.2,0.4,0.37,2026-08-23,10:51:00,N,nominal,2.0NRT,305.84,7.63,D,VIIRS
49.41413,37.90623,353.11,0.56,0.43,2026-08-23,10:51:00,N,nominal,2.0NRT,313.77,40.61,D,VIIRS
49.41338,37.89833,336.77,0.55,0.43,2026-08-23,10:51:00,N,nominal,2.0NRT,311.36,15.69,D,VIIRS
48.90944,33.49475,337.52,0.4,0.37,2026-08-23,10:51:00,N,nominal,2.0NRT,302.12,3.01,D,VIIRS
48.90871,33.48926,339.26,0.4,0.37,2026-08-23,10:51:00,N,nominal,2.0NRT,303.75,3.01,D,VIIRS
49.41734,37.89758,353.4,0.55,0.43,2026-08-23,10:51:00,N,nominal,2.0NRT,310.14,15.69,D,VIIRS
49.40879,37.76664,339.4,0.55,0.43,2026-08-23,10:51:00,N,nominal,2.0NRT,308.96,4.24,D,VIIRS
49.39675,37.78387,335.16,0.55,0.43,2026-08-23,10:51:00,N,nominal,2.0NRT,307.51,5.11,D,VIIRS
49.39605,37.77627,334.3,0.55,0.43,2026-08-23,10:51:00,N,nominal,2.0NRT,307.59,5.11,D,VIIRS
49.41186,37.90602,354.82,0.56,0.43,2026-08-23,10:51:00,N,nominal,2.0NRT,316.87,44.14,D,VIIRS
49.41581,37.90524,350.23,0.56,0.43,2026-08-23,10:51:00,N,nominal,2.0NRT,309.33,15.1,D,VIIRS
49.4151,37.89735,348.83,0.56,0.43,2026-08-23,10:51:00,N,nominal,2.0NRT,311.34,15.1,D,VIIRS
49.41905,37.89658,342.63,0.56,0.43,2026-08-23,10:51:00,N,nominal,2.0NRT,306.77,15.1,D,VIIRS
49.40715,37.76623,336.64,0.55,0.43,2026-08-23,10:51:00,N,low,2.0NRT,309.88,3.32,D,VIIRS
49.43834,37.93152,341.36,0.56,0.43,2026-08-23,10:51:00,N,low,2.0NRT,313.1,7.26,D,VIIRS
49.41859,37.71703,335.76,0.55,0.42,2026-08-23,10:51:00,N,low,2.0NRT,308.99,2.33,D,VIIRS
49.44351,37.81279,339.1,0.55,0.43,2026-08-23,10:51:00,N,low,2.0NRT,310.86,4.22,D,VIIRS
49.44674,37.80431,334.65,0.55,0.43,2026-08-23,10:51:00,N,low,2.0NRT,308.9,2.97,D,VIIRS
49.45068,37.80354,337.16,0.55,0.43,2026-08-23,10:51:00,N,low,2.0NRT,307.78,2.97,D,VIIRS
49.47244,37.99548,343.49,0.56,0.43,2026-08-23,10:51:00,N,low,2.0NRT,313.57,18.48,D,VIIRS
49.45462,37.80277,344.19,0.55,0.43,2026-08-23,10:51:00,N,nominal,2.0NRT,304.85,11.45,D,VIIRS
48.32371,29.2741,352.75,0.4,0.37,2026-08-23,10:51:00,N,nominal,2.0NRT,312.51,26.77,D,VIIRS
49.59701,39.2967,344.65,0.42,0.45,2026-08-23,10:51:00,N,nominal,2.0NRT,308.46,7.57,D,VIIRS
49.54535,38.21412,347.9,0.57,0.43,2026-08-23,10:51:00,N,nominal,2.0NRT,313.03,7.9,D,VIIRS
49.54936,38.21336,347.53,0.57,0.43,2026-08-23,10:51:00,N,nominal,2.0NRT,308.81,8.73,D,VIIRS
49.51315,37.74338,339.8,0.55,0.43,2026-08-23,10:51:00,N,nominal,2.0NRT,314.08,13.97,D,VIIRS
49.51242,37.73583,343.61,0.55,0.43,2026-08-23,10:51:00,N,nominal,2.0NRT,309.49,13.97,D,VIIRS
49.51707,37.74257,335.67,0.55,0.43,2026-08-23,10:51:00,N,nominal,2.0NRT,308.15,13.97,D,VIIRS
49.546,38.21414,348.47,0.57,0.43,2026-08-23,10:51:00,N,nominal,2.0NRT,313.47,16.4,D,VIIRS
49.51127,37.73585,339.24,0.55,0.43,2026-08-23,10:51:00,N,low,2.0NRT,310,4.85,D,VIIRS
48.43893,29.50667,336.65,0.39,0.36,2026-08-23,10:51:00,N,nominal,2.0NRT,299.62,5.69,D,VIIRS
48.4455,29.50413,346.37,0.39,0.36,2026-08-23,10:51:00,N,nominal,2.0NRT,306.45,12.23,D,VIIRS
49.55666,38.05846,339.49,0.57,0.43,2026-08-23,10:51:00,N,nominal,2.0NRT,309.07,7.45,D,VIIRS
49.54969,37.89203,338.99,0.56,0.43,2026-08-23,10:51:00,N,low,2.0NRT,311.58,7.05,D,VIIRS
49.527,37.56207,336.63,0.54,0.42,2026-08-23,10:51:00,N,nominal,2.0NRT,307.55,2.02,D,VIIRS
49.60696,38.12042,341.4,0.57,0.43,2026-08-23,10:51:00,N,nominal,2.0NRT,309.78,9.07,D,VIIRS
49.57587,37.78371,348.02,0.55,0.43,2026-08-23,10:51:00,N,nominal,2.0NRT,311.07,4.25,D,VIIRS
49.57979,37.78278,333,0.55,0.43,2026-08-23,10:51:00,N,low,2.0NRT,307.89,4.25,D,VIIRS
49.61495,38.1188,333.85,0.57,0.43,2026-08-23,10:51:00,N,low,2.0NRT,304.61,5.22,D,VIIRS
49.6142,38.11055,349.36,0.57,0.43,2026-08-23,10:51:00,N,nominal,2.0NRT,320.55,37.8,D,VIIRS
49.61821,38.10986,348.46,0.57,0.43,2026-08-23,10:51:00,N,nominal,2.0NRT,306.52,37.8,D,VIIRS
49.61888,38.02877,339.36,0.56,0.43,2026-08-23,10:51:00,N,nominal,2.0NRT,309.27,4.85,D,VIIRS
49.62357,38.03564,350.61,0.56,0.43,2026-08-23,10:51:00,N,nominal,2.0NRT,315.7,26.83,D,VIIRS
49.62285,38.02784,347.42,0.56,0.43,2026-08-23,10:51:00,N,nominal,2.0NRT,312.82,7.7,D,VIIRS
49.60601,37.84776,342.34,0.56,0.43,2026-08-23,10:51:00,N,nominal,2.0NRT,307.54,6.21,D,VIIRS
49.57325,37.50548,342.31,0.54,0.42,2026-08-23,10:51:00,N,nominal,2.0NRT,306.66,6.29,D,VIIRS
49.62755,38.03479,339.2,0.56,0.43,2026-08-23,10:51:00,N,nominal,2.0NRT,305.29,26.83,D,VIIRS
49.62681,38.02688,335.75,0.56,0.43,2026-08-23,10:51:00,N,nominal,2.0NRT,307.41,7.7,D,VIIRS
49.61835,37.893,346.47,0.56,0.43,2026-08-23,10:51:00,N,nominal,2.0NRT,308.91,11.9,D,VIIRS
49.60662,37.76923,342.85,0.55,0.43,2026-08-23,10:51:00,N,nominal,2.0NRT,308.17,5.48,D,VIIRS
49.6467,38.02253,336.4,0.56,0.43,2026-08-23,10:51:00,N,low,2.0NRT,310.05,24.67,D,VIIRS
49.65067,38.02157,346.33,0.56,0.43,2026-08-23,10:51:00,N,low,2.0NRT,316.94,24.67,D,VIIRS
49.61748,37.67356,338.35,0.55,0.42,2026-08-23,10:51:00,N,nominal,2.0NRT,308.71,4.94,D,VIIRS
49.61998,37.89362,342.36,0.56,0.43,2026-08-23,10:51:00,N,nominal,2.0NRT,306.91,9.6,D,VIIRS
49.6088,37.76963,334.4,0.55,0.43,2026-08-23,10:51:00,N,nominal,2.0NRT,306.95,3.56,D,VIIRS
49.65082,38.10398,337.07,0.57,0.43,2026-08-23,10:51:00,N,nominal,2.0NRT,311.54,4.59,D,VIIRS
49.64774,38.02331,343.99,0.56,0.43,2026-08-23,10:51:00,N,nominal,2.0NRT,310.63,21.07,D,VIIRS
49.65171,38.02235,343.58,0.56,0.43,2026-08-23,10:51:00,N,nominal,2.0NRT,312.51,21.07,D,VIIRS
49.651,38.01447,337.98,0.56,0.43,2026-08-23,10:51:00,N,low,2.0NRT,312.59,14.15,D,VIIRS
49.62006,37.67376,338.14,0.55,0.42,2026-08-23,10:51:00,N,nominal,2.0NRT,308.64,4.28,D,VIIRS
49.62892,37.72636,335.56,0.55,0.43,2026-08-23,10:51:00,N,nominal,2.0NRT,309.19,7.58,D,VIIRS
49.67149,38.10759,336.02,0.57,0.43,2026-08-23,10:51:00,N,nominal,2.0NRT,308.09,7.27,D,VIIRS
49.64734,37.83969,334.54,0.56,0.43,2026-08-23,10:51:00,N,nominal,2.0NRT,305.39,3.32,D,VIIRS
49.62684,37.61769,335.38,0.54,0.42,2026-08-23,10:51:00,N,nominal,2.0NRT,309.2,4.16,D,VIIRS
49.67619,38.11459,349.36,0.57,0.43,2026-08-23,10:51:00,N,nominal,2.0NRT,309.9,13.92,D,VIIRS
49.67547,38.10656,338.01,0.57,0.43,2026-08-23,10:51:00,N,nominal,2.0NRT,311.15,7.27,D,VIIRS
49.66552,37.99552,342.06,0.56,0.43,2026-08-23,10:51:00,N,nominal,2.0NRT,310.52,10.54,D,VIIRS
49.63644,37.67783,336.21,0.55,0.42,2026-08-23,10:51:00,N,low,2.0NRT,311.16,29.19,D,VIIRS
49.63573,37.67025,338.19,0.55,0.42,2026-08-23,10:51:00,N,low,2.0NRT,312.49,21.08,D,VIIRS
49.68017,38.11361,333.53,0.57,0.43,2026-08-23,10:51:00,N,low,2.0NRT,304.01,3.12,D,VIIRS
49.63746,37.56092,345.85,0.54,0.42,2026-08-23,10:51:00,N,nominal,2.0NRT,313.84,29.93,D,VIIRS
49.64817,37.58989,333.71,0.54,0.42,2026-08-23,10:51:00,N,low,2.0NRT,307.61,3.51,D,VIIRS
49.64732,37.4972,340.26,0.54,0.42,2026-08-23,10:51:00,N,nominal,2.0NRT,308.11,6.72,D,VIIRS
49.64831,37.46609,340.99,0.54,0.42,2026-08-23,10:51:00,N,low,2.0NRT,311.05,6,D,VIIRS
49.68544,37.81615,345.11,0.55,0.43,2026-08-23,10:51:00,N,nominal,2.0NRT,308.88,7.88,D,VIIRS
49.65148,37.4578,336.72,0.54,0.42,2026-08-23,10:51:00,N,low,2.0NRT,310.79,7.05,D,VIIRS
49.69135,37.66586,348.4,0.55,0.42,2026-08-23,10:51:00,N,nominal,2.0NRT,310.38,7.09,D,VIIRS
49.71169,37.6692,344.27,0.55,0.43,2026-08-23,10:51:00,N,nominal,2.0NRT,310.03,5.73,D,VIIRS
49.72369,37.75257,339.95,0.55,0.43,2026-08-23,10:51:00,N,nominal,2.0NRT,309.85,5.38,D,VIIRS
49.71561,37.66835,343.26,0.55,0.43,2026-08-23,10:51:00,N,nominal,2.0NRT,308.46,5.73,D,VIIRS
49.69589,37.4249,333.48,0.54,0.42,2026-08-23,10:51:00,N,low,2.0NRT,305.47,5,D,VIIRS
49.71445,37.66832,346.59,0.55,0.43,2026-08-23,10:51:00,N,nominal,2.0NRT,309.08,5.76,D,VIIRS
49.72607,37.7518,346.11,0.55,0.43,2026-08-23,10:51:00,N,nominal,2.0NRT,311.85,5.6,D,VIIRS
49.69581,37.42447,334.18,0.54,0.42,2026-08-23,10:51:00,N,low,2.0NRT,305.42,5.18,D,VIIRS
49.73547,37.59301,340.85,0.54,0.42,2026-08-23,10:51:00,N,nominal,2.0NRT,308.85,8.18,D,VIIRS
49.74865,37.6058,352.93,0.55,0.42,2026-08-23,10:51:00,N,nominal,2.0NRT,310.48,8.82,D,VIIRS
49.76832,37.68774,341.44,0.55,0.43,2026-08-23,10:51:00,N,low,2.0NRT,315.91,7.63,D,VIIRS
49.77225,37.68684,347.34,0.55,0.43,2026-08-23,10:51:00,N,nominal,2.0NRT,312.78,11.17,D,VIIRS
49.77152,37.67912,345.82,0.55,0.43,2026-08-23,10:51:00,N,nominal,2.0NRT,315.5,13.98,D,VIIRS
49.77473,37.67061,349.77,0.55,0.43,2026-08-23,10:51:00,N,nominal,2.0NRT,317.39,13.98,D,VIIRS
49.77402,37.66297,345.03,0.55,0.43,2026-08-23,10:51:00,N,low,2.0NRT,319.65,17.69,D,VIIRS
49.78516,37.73904,346.99,0.55,0.43,2026-08-23,10:51:00,N,nominal,2.0NRT,309.85,12.14,D,VIIRS
49.78083,37.69278,340.14,0.55,0.43,2026-08-23,10:51:00,N,low,2.0NRT,314.53,12.53,D,VIIRS
49.78765,37.72269,348.19,0.55,0.43,2026-08-23,10:51:00,N,nominal,2.0NRT,314.4,17.67,D,VIIRS
49.80897,37.90848,333.2,0.56,0.43,2026-08-23,10:51:00,N,low,2.0NRT,305.96,7.94,D,VIIRS
49.80679,37.8849,337.96,0.56,0.43,2026-08-23,10:51:00,N,nominal,2.0NRT,308.42,8.41,D,VIIRS
49.80606,37.87703,338.61,0.56,0.43,2026-08-23,10:51:00,N,nominal,2.0NRT,310.71,9.77,D,VIIRS
49.79666,37.77598,336.21,0.55,0.43,2026-08-23,10:51:00,N,low,2.0NRT,309.74,13.76,D,VIIRS
49.8006,37.77513,340.67,0.55,0.43,2026-08-23,10:51:00,N,low,2.0NRT,310.98,13.76,D,VIIRS
49.78632,37.58167,335.2,0.54,0.42,2026-08-23,10:51:00,N,nominal,2.0NRT,306.81,3.01,D,VIIRS
49.79976,37.68088,340.35,0.55,0.43,2026-08-23,10:51:00,N,low,2.0NRT,314.16,13.51,D,VIIRS
49.80588,37.70305,339.22,0.55,0.43,2026-08-23,10:51:00,N,low,2.0NRT,312.7,14.8,D,VIIRS
49.79195,37.55712,334.56,0.54,0.42,2026-08-23,10:51:00,N,low,2.0NRT,309.19,8.51,D,VIIRS
49.81127,37.71762,334.42,0.55,0.43,2026-08-23,10:51:00,N,nominal,2.0NRT,307.24,2.68,D,VIIRS
49.80836,37.68689,346.71,0.55,0.43,2026-08-23,10:51:00,N,nominal,2.0NRT,320.55,26.05,D,VIIRS
49.81229,37.68608,347.64,0.55,0.43,2026-08-23,10:51:00,N,nominal,2.0NRT,310.41,25.88,D,VIIRS
49.79826,37.53985,343.14,0.54,0.42,2026-08-23,10:51:00,N,nominal,2.0NRT,311.86,11.59,D,VIIRS
49.82603,37.74595,339.6,0.55,0.43,2026-08-23,10:51:00,N,low,2.0NRT,313.41,9.76,D,VIIRS
49.8432,37.88503,346.83,0.56,0.43,2026-08-23,10:51:00,N,nominal,2.0NRT,308.65,9.95,D,VIIRS
49.84716,37.88416,336.52,0.56,0.43,2026-08-23,10:51:00,N,low,2.0NRT,308.34,5.94,D,VIIRS
49.85262,37.89908,339.17,0.56,0.43,2026-08-23,10:51:00,N,low,2.0NRT,309.57,8.32,D,VIIRS
49.85188,37.8912,343.62,0.56,0.43,2026-08-23,10:51:00,N,nominal,2.0NRT,310.61,8.32,D,VIIRS
49.80096,37.53875,335.56,0.54,0.42,2026-08-23,10:51:00,N,nominal,2.0NRT,307.84,3.11,D,VIIRS
49.82781,37.74521,343.04,0.55,0.43,2026-08-23,10:51:00,N,nominal,2.0NRT,313.68,6.34,D,VIIRS
49.84437,37.88448,347.83,0.56,0.43,2026-08-23,10:51:00,N,nominal,2.0NRT,308.1,16.24,D,VIIRS
49.84904,37.89148,335.07,0.56,0.43,2026-08-23,10:51:00,N,low,2.0NRT,309,8.42,D,VIIRS
49.84834,37.88362,335.97,0.56,0.43,2026-08-23,10:51:00,N,low,2.0NRT,308.29,8.42,D,VIIRS
49.85301,37.89067,345.21,0.56,0.43,2026-08-23,10:51:00,N,nominal,2.0NRT,314.44,8.42,D,VIIRS
49.8577,37.89781,344.49,0.56,0.43,2026-08-23,10:51:00,N,nominal,2.0NRT,308.67,33.94,D,VIIRS
49.85698,37.88987,346.71,0.56,0.43,2026-08-23,10:51:00,N,nominal,2.0NRT,310.93,26.05,D,VIIRS
49.845,37.75731,347.57,0.55,0.43,2026-08-23,10:51:00,N,nominal,2.0NRT,308.66,12,D,VIIRS
49.83826,37.63999,341.4,0.55,0.43,2026-08-23,10:51:00,N,nominal,2.0NRT,308.16,8.67,D,VIIRS
49.85147,37.74014,333.44,0.55,0.43,2026-08-23,10:51:00,N,low,2.0NRT,306.7,4.21,D,VIIRS
49.8479,37.61446,335.39,0.55,0.42,2026-08-23,10:51:00,N,low,2.0NRT,309.13,5.64,D,VIIRS
49.88365,37.91624,340.98,0.56,0.43,2026-08-23,10:51:00,N,nominal,2.0NRT,312.35,6.9,D,VIIRS
49.88763,37.91542,348.77,0.56,0.43,2026-08-23,10:51:00,N,nominal,2.0NRT,311.2,6.9,D,VIIRS
49.89377,37.93849,335.84,0.56,0.43,2026-08-23,10:51:00,N,nominal,2.0NRT,309.08,3.11,D,VIIRS
49.8916,37.91457,336.37,0.56,0.43,2026-08-23,10:51:00,N,low,2.0NRT,307.81,9.7,D,VIIRS
49.89088,37.9067,335.79,0.56,0.43,2026-08-23,10:51:00,N,low,2.0NRT,310.28,9.7,D,VIIRS
49.89776,37.9377,334.58,0.56,0.43,2026-08-23,10:51:00,N,low,2.0NRT,306.47,3.11,D,VIIRS
49.8963,37.92164,341.84,0.56,0.43,2026-08-23,10:51:00,N,low,2.0NRT,312.78,8.03,D,VIIRS
49.89486,37.90584,356.02,0.56,0.43,2026-08-23,10:51:00,N,nominal,2.0NRT,308.88,9.7,D,VIIRS
49.89414,37.89798,332.14,0.56,0.43,2026-08-23,10:51:00,N,low,2.0NRT,306.31,3.35,D,VIIRS
49.90028,37.92092,335.95,0.56,0.43,2026-08-23,10:51:00,N,low,2.0NRT,308.01,4.58,D,VIIRS
49.86206,37.50997,338.08,0.54,0.42,2026-08-23,10:51:00,N,low,2.0NRT,311.03,5.26,D,VIIRS
49.86596,37.50914,338.13,0.54,0.42,2026-08-23,10:51:00,N,nominal,2.0NRT,306.26,5.26,D,VIIRS
49.88872,37.70821,337.56,0.55,0.43,2026-08-23,10:51:00,N,nominal,2.0NRT,307.53,2.07,D,VIIRS
49.06277,30.9786,330.03,0.38,0.36,2026-08-23,10:51:00,N,nominal,2.0NRT,302.07,1.41,D,VIIRS
49.92187,37.80428,343.27,0.56,0.43,2026-08-23,10:51:00,N,low,2.0NRT,313.67,40.96,D,VIIRS
49.92113,37.79645,334.46,0.56,0.43,2026-08-23,10:51:00,N,low,2.0NRT,307.14,4.81,D,VIIRS
49.92706,37.73092,337.62,0.55,0.43,2026-08-23,10:51:00,N,low,2.0NRT,308.76,3.61,D,VIIRS
49.9483,37.87077,337.4,0.56,0.43,2026-08-23,10:51:00,N,low,2.0NRT,307.58,7.79,D,VIIRS
49.95228,37.86992,338.81,0.56,0.43,2026-08-23,10:51:00,N,nominal,2.0NRT,307.78,6.31,D,VIIRS
49.9493,37.83831,342.12,0.56,0.43,2026-08-23,10:51:00,N,nominal,2.0NRT,309.95,8.68,D,VIIRS
49.95326,37.83747,339.94,0.56,0.43,2026-08-23,10:51:00,N,nominal,2.0NRT,309.85,8.68,D,VIIRS
49.92946,37.58815,340.99,0.55,0.42,2026-08-23,10:51:00,N,nominal,2.0NRT,310.32,9.93,D,VIIRS
49.92536,37.73133,333.47,0.55,0.43,2026-08-23,10:51:00,N,low,2.0NRT,308.24,6.74,D,VIIRS
49.9471,37.83893,343.95,0.56,0.43,2026-08-23,10:51:00,N,nominal,2.0NRT,309.74,8.44,D,VIIRS
49.9539,37.86973,341.43,0.56,0.43,2026-08-23,10:51:00,N,nominal,2.0NRT,307.53,6.15,D,VIIRS
49.9284,37.58834,336.88,0.55,0.42,2026-08-23,10:51:00,N,low,2.0NRT,309.46,4.53,D,VIIRS
49.93232,37.58744,335.18,0.55,0.42,2026-08-23,10:51:00,N,low,2.0NRT,308.07,4.53,D,VIIRS
49.93162,37.57983,340.93,0.55,0.42,2026-08-23,10:51:00,N,nominal,2.0NRT,310.61,8.4,D,VIIRS
49.93092,37.57227,335.53,0.55,0.42,2026-08-23,10:51:00,N,low,2.0NRT,308.25,8.4,D,VIIRS
49.9687,37.80969,334.19,0.56,0.43,2026-08-23,10:51:00,N,low,2.0NRT,305.9,11.23,D,VIIRS
49.96798,37.80177,350.49,0.56,0.43,2026-08-23,10:51:00,N,nominal,2.0NRT,311,11.23,D,VIIRS
49.9466,37.56881,337.09,0.55,0.42,2026-08-23,10:51:00,N,nominal,2.0NRT,305.92,11.78,D,VIIRS
49.92936,37.30138,340.33,0.53,0.42,2026-08-23,10:51:00,N,nominal,2.0NRT,305.22,87.08,D,VIIRS
49.98849,37.71775,342.33,0.55,0.43,2026-08-23,10:51:00,N,nominal,2.0NRT,310.17,5.23,D,VIIRS
49.99273,37.67686,339.51,0.55,0.43,2026-08-23,10:51:00,N,nominal,2.0NRT,310.04,6.56,D,VIIRS
50.01194,37.84059,350.14,0.56,0.43,2026-08-23,10:51:00,N,nominal,2.0NRT,312.21,12.27,D,VIIRS
50.01662,37.84748,341.32,0.56,0.43,2026-08-23,10:51:00,N,low,2.0NRT,315.67,59.62,D,VIIRS
50.00457,37.6745,333.35,0.55,0.43,2026-08-23,10:51:00,N,low,2.0NRT,305.2,3.84,D,VIIRS
50.00626,37.6498,330.88,0.55,0.43,2026-08-23,10:51:00,N,nominal,2.0NRT,304.55,2.23,D,VIIRS
50.02442,37.75744,347.86,0.56,0.43,2026-08-23,10:51:00,N,nominal,2.0NRT,310.9,6.55,D,VIIRS
50.11815,37.57851,338.75,0.55,0.43,2026-08-23,10:51:00,N,nominal,2.0NRT,308.12,6.19,D,VIIRS
50.12576,37.61647,344.3,0.55,0.43,2026-08-23,10:51:00,N,nominal,2.0NRT,311.79,7.89,D,VIIRS
47.40973,35.66945,347.46,0.44,0.39,2026-08-23,10:51:00,N,low,2.0NRT,319.01,8.75,D,VIIRS
50.15142,37.65062,337.84,0.55,0.43,2026-08-23,10:51:00,N,low,2.0NRT,308.19,4.46,D,VIIRS
50.15537,37.64983,344.51,0.55,0.43,2026-08-23,10:51:00,N,nominal,2.0NRT,306.7,8.29,D,VIIRS
50.1942,37.506,336.99,0.55,0.42,2026-08-23,10:51:00,N,nominal,2.0NRT,305.54,2.68,D,VIIRS
50.21259,37.44702,330.14,0.54,0.42,2026-08-23,10:51:00,N,low,2.0NRT,303.65,1.78,D,VIIRS
50.24942,37.58088,351.89,0.55,0.43,2026-08-23,10:51:00,N,nominal,2.0NRT,311.25,7.64,D,VIIRS
50.1804,36.88038,330.9,0.52,0.41,2026-08-23,10:51:00,N,low,2.0NRT,303.97,2.26,D,VIIRS
50.24739,37.58083,346.06,0.55,0.43,2026-08-23,10:51:00,N,nominal,2.0NRT,309.6,7.98,D,VIIRS
50.18142,36.87919,336.11,0.52,0.41,2026-08-23,10:51:00,N,nominal,2.0NRT,305.79,7.31,D,VIIRS
50.18763,36.86277,340.45,0.52,0.41,2026-08-23,10:51:00,N,nominal,2.0NRT,307.2,13.73,D,VIIRS
50.18692,36.85555,336.56,0.52,0.41,2026-08-23,10:51:00,N,nominal,2.0NRT,305.79,6.32,D,VIIRS
50.27563,37.58232,333.58,0.55,0.43,2026-08-23,10:51:00,N,low,2.0NRT,305.76,7.43,D,VIIRS
50.25012,37.2665,339.54,0.54,0.42,2026-08-23,10:51:00,N,nominal,2.0NRT,302.11,11.66,D,VIIRS
50.22346,36.98925,337.78,0.52,0.42,2026-08-23,10:51:00,N,nominal,2.0NRT,305.13,5.4,D,VIIRS
50.25399,37.26552,343.72,0.54,0.42,2026-08-23,10:51:00,N,nominal,2.0NRT,305.52,11.66,D,VIIRS
50.30355,37.12329,343.35,0.53,0.42,2026-08-23,10:51:00,N,nominal,2.0NRT,305.25,5.9,D,VIIRS
50.30742,37.1224,346.19,0.53,0.42,2026-08-23,10:51:00,N,nominal,2.0NRT,304.89,15.33,D,VIIRS
50.30393,37.12291,347.41,0.53,0.42,2026-08-23,10:51:00,N,nominal,2.0NRT,306.41,11.87,D,VIIRS
50.30779,37.12201,348.02,0.53,0.42,2026-08-23,10:51:00,N,nominal,2.0NRT,303.24,11.87,D,VIIRS
50.30037,36.88059,332.06,0.52,0.42,2026-08-23,10:51:00,N,nominal,2.0NRT,305.99,4.03,D,VIIRS
50.24678,36.08555,340.64,0.49,0.4,2026-08-23,10:51:00,N,nominal,2.0NRT,300.2,3.79,D,VIIRS
50.2128,35.73293,347.29,0.47,0.4,2026-08-23,10:51:00,N,nominal,2.0NRT,301.74,11.05,D,VIIRS
50.42219,37.40641,349.16,0.55,0.42,2026-08-23,10:51:00,N,nominal,2.0NRT,310.87,8.19,D,VIIRS
50.42144,37.39862,341.16,0.55,0.42,2026-08-23,10:51:00,N,nominal,2.0NRT,307.9,8.19,D,VIIRS
50.42071,37.39097,343.68,0.54,0.42,2026-08-23,10:51:00,N,nominal,2.0NRT,307.62,9.36,D,VIIRS
50.4126,37.30634,331.51,0.54,0.42,2026-08-23,10:51:00,N,low,2.0NRT,306.22,2.9,D,VIIRS
50.4261,37.4055,336.15,0.55,0.42,2026-08-23,10:51:00,N,low,2.0NRT,308.92,4.95,D,VIIRS
50.4165,37.30544,332.22,0.54,0.42,2026-08-23,10:51:00,N,low,2.0NRT,305.41,3.27,D,VIIRS
50.35994,35.75472,347.21,0.48,0.4,2026-08-23,10:51:00,N,nominal,2.0NRT,300.44,15.61,D,VIIRS
50.48734,34.94386,336.7,0.45,0.39,2026-08-23,10:51:00,N,nominal,2.0NRT,301.19,8.16,D,VIIRS
49.54568,28.37754,331.29,0.4,0.37,2026-08-23,10:51:00,N,nominal,2.0NRT,298.97,2.06,D,VIIRS
50.08529,31.05422,330.61,0.39,0.36,2026-08-23,10:51:00,N,low,2.0NRT,301.95,3.16,D,VIIRS
51.22622,34.61095,334.03,0.45,0.39,2026-08-23,10:51:00,N,nominal,2.0NRT,297.97,2.32,D,VIIRS
51.20589,34.30678,340.73,0.44,0.38,2026-08-23,10:51:00,N,nominal,2.0NRT,299.42,6.14,D,VIIRS
51.20516,34.30046,348.62,0.44,0.38,2026-08-23,10:51:00,N,nominal,2.0NRT,304.01,6.14,D,VIIRS
51.27716,34.20099,355.54,0.44,0.38,2026-08-23,10:51:00,N,nominal,2.0NRT,302.07,21.93,D,VIIRS
51.28067,34.19995,354.35,0.44,0.38,2026-08-23,10:51:00,N,nominal,2.0NRT,306.67,21.93,D,VIIRS
51.27992,34.19366,357.03,0.44,0.38,2026-08-23,10:51:00,N,nominal,2.0NRT,306.89,9.43,D,VIIRS
51.27916,34.18737,332.4,0.44,0.38,2026-08-23,10:51:00,N,nominal,2.0NRT,300.12,9.43,D,VIIRS
51.28017,34.20516,334.51,0.44,0.38,2026-08-23,10:51:00,N,nominal,2.0NRT,301.94,10.93,D,VIIRS
51.27943,34.19886,352.44,0.44,0.38,2026-08-23,10:51:00,N,nominal,2.0NRT,310.93,20.27,D,VIIRS
51.2787,34.19256,337.32,0.44,0.38,2026-08-23,10:51:00,N,nominal,2.0NRT,302.73,20.27,D,VIIRS
51.28295,34.1978,332.32,0.44,0.38,2026-08-23,10:51:00,N,nominal,2.0NRT,301.77,7.3,D,VIIRS
51.28222,34.1915,344.08,0.44,0.38,2026-08-23,10:51:00,N,nominal,2.0NRT,304.35,7.3,D,VIIRS
51.28148,34.18521,333.18,0.44,0.38,2026-08-23,10:51:00,N,nominal,2.0NRT,301.92,11.81,D,VIIRS
51.28719,34.20305,344.61,0.44,0.38,2026-08-23,10:51:00,N,nominal,2.0NRT,300.86,7.31,D,VIIRS
51.28499,34.18416,349.56,0.44,0.38,2026-08-23,10:51:00,N,nominal,2.0NRT,303.95,11.81,D,VIIRS
51.28997,34.19569,348.66,0.44,0.38,2026-08-23,10:51:00,N,nominal,2.0NRT,302.82,25.36,D,VIIRS
51.2885,34.1831,350.3,0.44,0.38,2026-08-23,10:51:00,N,nominal,2.0NRT,310.6,22.06,D,VIIRS
51.29202,34.18205,332.76,0.44,0.38,2026-08-23,10:51:00,N,nominal,2.0NRT,298.52,22.06,D,VIIRS
50.9986,30.34539,346.3,0.38,0.36,2026-08-23,10:51:00,N,nominal,2.0NRT,318.99,52.84,D,VIIRS
50.99777,30.33999,353.47,0.38,0.36,2026-08-23,10:51:00,N,nominal,2.0NRT,320.53,22.61,D,VIIRS
50.99694,30.33458,338.25,0.38,0.36,2026-08-23,10:51:00,N,nominal,2.0NRT,295.14,22.61,D,VIIRS
50.99612,30.32918,338.87,0.38,0.36,2026-08-23,10:51:00,N,nominal,2.0NRT,290.41,7.04,D,VIIRS
51.00186,30.34414,367,0.38,0.36,2026-08-23,10:51:00,N,high,2.0NRT,336.62,73.56,D,VIIRS
50.99938,30.32792,339.73,0.38,0.36,2026-08-23,10:51:00,N,nominal,2.0NRT,294.01,3,D,VIIRS
50.99855,30.32252,331.89,0.38,0.36,2026-08-23,10:51:00,N,nominal,2.0NRT,298.73,3,D,VIIRS
50.99772,30.31711,332.36,0.38,0.36,2026-08-23,10:51:00,N,nominal,2.0NRT,294.69,5.72,D,VIIRS
51.00104,30.33873,367,0.38,0.36,2026-08-23,10:51:00,N,low,2.0NRT,329.28,70.07,D,VIIRS
51.0043,30.33748,367,0.38,0.36,2026-08-23,10:51:00,N,high,2.0NRT,336.13,70.07,D,VIIRS
51.00512,30.34288,351.98,0.38,0.36,2026-08-23,10:51:00,N,nominal,2.0NRT,292.43,73.56,D,VIIRS
51.00347,30.33207,339.59,0.38,0.36,2026-08-23,10:51:00,N,nominal,2.0NRT,301.35,70.07,D,VIIRS
51.00264,30.32667,329.88,0.38,0.36,2026-08-23,10:51:00,N,low,2.0NRT,303.41,3,D,VIIRS
51.00182,30.32126,332.99,0.38,0.36,2026-08-23,10:51:00,N,low,2.0NRT,303.32,3,D,VIIRS
51.00016,30.31045,347.88,0.38,0.36,2026-08-23,10:51:00,N,nominal,2.0NRT,302.85,5.72,D,VIIRS
50.99933,30.30505,330.28,0.38,0.36,2026-08-23,10:51:00,N,nominal,2.0NRT,297.39,3.02,D,VIIRS
51.00756,30.33622,367,0.38,0.36,2026-08-23,10:51:00,N,high,2.0NRT,342.78,79.06,D,VIIRS
51.00508,30.32001,328.13,0.38,0.36,2026-08-23,10:51:00,N,nominal,2.0NRT,297.54,3.63,D,VIIRS
51.00342,30.3092,331.24,0.38,0.36,2026-08-23,10:51:00,N,low,2.0NRT,302.21,5.7,D,VIIRS
51.00839,30.34163,356.33,0.38,0.36,2026-08-23,10:51:00,N,low,2.0NRT,287.42,8.52,D,VIIRS
51.53066,34.19223,353.69,0.44,0.38,2026-08-23,10:51:00,N,nominal,2.0NRT,306.87,26.8,D,VIIRS
51.5262,34.1541,326.35,0.44,0.38,2026-08-23,10:51:00,N,low,2.0NRT,296.71,1.2,D,VIIRS
51.01165,30.34037,339.43,0.38,0.36,2026-08-23,10:51:00,N,nominal,2.0NRT,291.88,8.52,D,VIIRS
51.01082,30.33497,352.74,0.38,0.36,2026-08-23,10:51:00,N,nominal,2.0NRT,310.24,79.06,D,VIIRS
51.00999,30.32956,353.75,0.38,0.36,2026-08-23,10:51:00,N,nominal,2.0NRT,323.92,79.06,D,VIIRS
51.00917,30.32415,333.39,0.38,0.36,2026-08-23,10:51:00,N,nominal,2.0NRT,301.15,3.63,D,VIIRS
51.00586,30.30254,332.42,0.38,0.36,2026-08-23,10:51:00,N,nominal,2.0NRT,300.36,2.99,D,VIIRS
51.53418,34.19115,342.67,0.44,0.38,2026-08-23,10:51:00,N,nominal,2.0NRT,310.46,66.93,D,VIIRS
51.53344,34.18481,334.91,0.44,0.38,2026-08-23,10:51:00,N,nominal,2.0NRT,304.24,13.23,D,VIIRS
51.52972,34.15304,337.21,0.44,0.38,2026-08-23,10:51:00,N,nominal,2.0NRT,299.34,7.52,D,VIIRS
51.01326,30.32831,355.6,0.38,0.36,2026-08-23,10:51:00,N,nominal,2.0NRT,305.91,25.69,D,VIIRS
51.01243,30.3229,335.94,0.38,0.36,2026-08-23,10:51:00,N,nominal,2.0NRT,301.63,13.43,D,VIIRS
51.53249,34.14562,332.2,0.44,0.38,2026-08-23,10:51:00,N,nominal,2.0NRT,298.2,5.47,D,VIIRS
51.01569,30.32164,356.65,0.38,0.36,2026-08-23,10:51:00,N,nominal,2.0NRT,307.12,13.43,D,VIIRS
51.01486,30.31624,348.74,0.38,0.36,2026-08-23,10:51:00,N,nominal,2.0NRT,307.04,13.43,D,VIIRS
51.01072,30.28922,326.04,0.38,0.36,2026-08-23,10:51:00,N,low,2.0NRT,297.18,3.15,D,VIIRS
50.54242,26.26112,328,0.43,0.38,2026-08-23,10:51:00,N,nominal,2.0NRT,301.64,2.74,D,VIIRS
51.18499,29.20196,332.62,0.39,0.36,2026-08-23,10:51:00,N,nominal,2.0NRT,297.42,10.47,D,VIIRS
51.18411,29.19654,349.42,0.39,0.36,2026-08-23,10:51:00,N,nominal,2.0NRT,296.36,52.45,D,VIIRS
51.35654,30.26957,344.87,0.38,0.36,2026-08-23,10:51:00,N,nominal,2.0NRT,309.58,5.26,D,VIIRS
51.18824,29.20062,335.81,0.39,0.36,2026-08-23,10:51:00,N,nominal,2.0NRT,290.34,10.47,D,VIIRS
51.19062,29.19386,332.1,0.39,0.36,2026-08-23,10:51:00,N,nominal,2.0NRT,290.58,2.23,D,VIIRS
51.19476,29.19794,330.55,0.39,0.36,2026-08-23,10:51:00,N,nominal,2.0NRT,287.04,3.97,D,VIIRS
51.19388,29.19251,327.88,0.39,0.36,2026-08-23,10:51:00,N,nominal,2.0NRT,289.77,2.23,D,VIIRS
51.19035,29.17081,331.56,0.39,0.36,2026-08-23,10:51:00,N,nominal,2.0NRT,293.15,3.58,D,VIIRS
51.19802,29.19659,326.65,0.39,0.36,2026-08-23,10:51:00,N,nominal,2.0NRT,286.13,1.98,D,VIIRS
51.19713,29.19117,328.15,0.39,0.36,2026-08-23,10:51:00,N,nominal,2.0NRT,292.99,1.98,D,VIIRS
51.193600000000004,29.16947,339.18,0.39,0.36,2026-08-23,10:51:00,N,nominal,2.0NRT,291.2,15.33,D,VIIRS
51.19272,29.16404,334.87,0.39,0.36,2026-08-23,10:51:00,N,nominal,2.0NRT,297.72,15.33,D,VIIRS
51.19183,29.15861,333.05,0.39,0.36,2026-08-23,10:51:00,N,nominal,2.0NRT,289.49,2.49,D,VIIRS
51.20127,29.19525,334.32,0.39,0.36,2026-08-23,10:51:00,N,nominal,2.0NRT,287.13,1.98,D,VIIRS
51.20039,29.18983,330.38,0.39,0.36,2026-08-23,10:51:00,N,nominal,2.0NRT,293.63,1.98,D,VIIRS
51.1995,29.1844,333.45,0.39,0.36,2026-08-23,10:51:00,N,nominal,2.0NRT,281.63,1.98,D,VIIRS
51.19686,29.16812,352.07,0.39,0.36,2026-08-23,10:51:00,N,nominal,2.0NRT,316.03,15.33,D,VIIRS
51.19597,29.16269,345.63,0.39,0.36,2026-08-23,10:51:00,N,nominal,2.0NRT,295.34,15.33,D,VIIRS
51.19509,29.15727,334.37,0.39,0.36,2026-08-23,10:51:00,N,nominal,2.0NRT,290.92,2.49,D,VIIRS
51.19332,29.1464,346.85,0.39,0.36,2026-08-23,10:51:00,N,nominal,2.0NRT,298.25,7.71,D,VIIRS
51.20276,29.18306,367,0.39,0.36,2026-08-23,10:51:00,N,high,2.0NRT,293.65,51.07,D,VIIRS
51.201,29.1722,367,0.39,0.36,2026-08-23,10:51:00,N,high,2.0NRT,295.93,74.77,D,VIIRS
51.20452,29.19391,352.7,0.39,0.36,2026-08-23,10:51:00,N,nominal,2.0NRT,309.68,44.96,D,VIIRS
51.20364,29.18849,332.8,0.39,0.36,2026-08-23,10:51:00,N,nominal,2.0NRT,297.33,51.07,D,VIIRS
51.20188,29.17763,354.74,0.39,0.36,2026-08-23,10:51:00,N,nominal,2.0NRT,290.84,74.77,D,VIIRS
51.20011,29.16678,353.94,0.39,0.36,2026-08-23,10:51:00,N,nominal,2.0NRT,301.72,34,D,VIIRS
51.19923,29.16135,353.86,0.39,0.36,2026-08-23,10:51:00,N,nominal,2.0NRT,312.89,34,D,VIIRS
51.20778,29.19257,344.02,0.39,0.36,2026-08-23,10:51:00,N,nominal,2.0NRT,308.1,44.96,D,VIIRS
51.20248,29.16,343.08,0.39,0.36,2026-08-23,10:51:00,N,nominal,2.0NRT,309.28,34,D,VIIRS
51.2016,29.15457,340.11,0.39,0.36,2026-08-23,10:51:00,N,nominal,2.0NRT,301.17,21.04,D,VIIRS
51.2069,29.18714,316.64,0.39,0.36,2026-08-23,10:51:00,N,low,2.0NRT,318.53,51.07,D,VIIRS
51.20513,29.17629,367,0.39,0.36,2026-08-23,10:51:00,N,low,2.0NRT,334.78,74.77,D,VIIRS
51.20425,29.17086,367,0.39,0.36,2026-08-23,10:51:00,N,low,2.0NRT,350.93,74.77,D,VIIRS
51.20662,29.16408,334.29,0.39,0.36,2026-08-23,10:51:00,N,nominal,2.0NRT,292.25,4.97,D,VIIRS
51.20574,29.15866,339.4,0.39,0.36,2026-08-23,10:51:00,N,nominal,2.0NRT,293.03,4.97,D,VIIRS
50.73293,26.42664,329.34,0.43,0.38,2026-08-23,10:51:00,N,nominal,2.0NRT,298.85,4.23,D,VIIRS
51.40782,28.75981,331.26,0.39,0.36,2026-08-23,10:51:00,N,nominal,2.0NRT,297.37,4.73,D,VIIRS
51.41433,28.75705,346.43,0.39,0.36,2026-08-23,10:51:00,N,nominal,2.0NRT,303.19,6.89,D,VIIRS
51.41759,28.75567,345.13,0.39,0.36,2026-08-23,10:51:00,N,nominal,2.0NRT,299.42,6.89,D,VIIRS
51.41668,28.7502,352.25,0.39,0.36,2026-08-23,10:51:00,N,nominal,2.0NRT,301.25,8.59,D,VIIRS
51.20663,27.2292,335.47,0.41,0.37,2026-08-23,10:51:00,N,nominal,2.0NRT,298.2,4.33,D,VIIRS
51.20995,27.22769,345.42,0.41,0.37,2026-08-23,10:51:00,N,nominal,2.0NRT,300.19,4.33,D,VIIRS
46.88926,33.88932,341.51,0.4,0.37,2026-08-23,10:51:00,N,nominal,2.0NRT,313.08,68.9,D,VIIRS
46.88591,33.89029,342.18,0.4,0.37,2026-08-23,10:51:00,N,nominal,2.0NRT,315.83,74.64,D,VIIRS
46.8852,33.88508,367,0.4,0.37,2026-08-23,10:51:00,N,high,2.0NRT,331.7,74.64,D,VIIRS
47.41043,35.67531,348.42,0.44,0.39,2026-08-23,10:51:00,N,nominal,2.0NRT,316.42,7.42,D,VIIRS
47.33638,35.09602,338.93,0.43,0.38,2026-08-23,10:51:00,N,low,2.0NRT,312.38,2.06,D,VIIRS
47.5821,37.39351,367,0.51,0.41,2026-08-23,10:51:00,N,high,2.0NRT,315.45,13.61,D,VIIRS
47.57902,37.4011,348.69,0.51,0.41,2026-08-23,10:51:00,N,nominal,2.0NRT,316.59,13.46,D,VIIRS
47.57524,37.40198,345.65,0.51,0.41,2026-08-23,10:51:00,N,low,2.0NRT,317.67,13.46,D,VIIRS
47.39452,35.8189,340.51,0.45,0.39,2026-08-23,10:51:00,N,nominal,2.0NRT,314.31,2.55,D,VIIRS
46.99436,32.79199,340.03,0.39,0.36,2026-08-23,10:51:00,N,nominal,2.0NRT,307.65,3.25,D,VIIRS
47.21939,34.42633,337.12,0.41,0.37,2026-08-23,10:51:00,N,low,2.0NRT,310.7,1.19,D,VIIRS
47.2299,34.50759,338.82,0.41,0.37,2026-08-23,10:51:00,N,low,2.0NRT,310.7,3.73,D,VIIRS
47.2306,34.51303,339.4,0.41,0.37,2026-08-23,10:51:00,N,low,2.0NRT,314.37,4.61,D,VIIRS
47.19263,34.43055,340.17,0.41,0.37,2026-08-23,10:51:00,N,low,2.0NRT,312.88,2.39,D,VIIRS
47.35398,35.70975,347.54,0.44,0.39,2026-08-23,10:51:00,N,low,2.0NRT,318.84,10.11,D,VIIRS
47.19279,34.45848,348.58,0.41,0.37,2026-08-23,10:51:00,N,nominal,2.0NRT,314.63,5.82,D,VIIRS
47.19492,34.4747,344.02,0.41,0.37,2026-08-23,10:51:00,N,nominal,2.0NRT,313.51,4.73,D,VIIRS
47.35045,35.71067,348.55,0.44,0.39,2026-08-23,10:51:00,N,nominal,2.0NRT,316.63,9.45,D,VIIRS
47.18655,34.43784,340.07,0.41,0.37,2026-08-23,10:51:00,N,low,2.0NRT,312.09,4.6,D,VIIRS
47.19151,34.47565,349.46,0.41,0.37,2026-08-23,10:51:00,N,nominal,2.0NRT,313.02,4.73,D,VIIRS
47.18598,34.46038,338.1,0.41,0.37,2026-08-23,10:51:00,N,low,2.0NRT,311.74,4.94,D,VIIRS
47.18811,34.4766,347.04,0.41,0.37,2026-08-23,10:51:00,N,nominal,2.0NRT,312.03,9.75,D,VIIRS
47.44542,36.62396,339.38,0.47,0.4,2026-08-23,10:51:00,N,low,2.0NRT,313.79,10.42,D,VIIRS
47.28853,35.32145,349.61,0.43,0.38,2026-08-23,10:51:00,N,low,2.0NRT,321.23,9.5,D,VIIRS
47.09464,33.857,345.1,0.4,0.37,2026-08-23,10:51:00,N,nominal,2.0NRT,311.35,4.45,D,VIIRS
47.50012,37.30305,351.84,0.5,0.41,2026-08-23,10:51:00,N,nominal,2.0NRT,315.38,11.68,D,VIIRS
47.50082,37.30973,339.89,0.5,0.41,2026-08-23,10:51:00,N,nominal,2.0NRT,313.91,11.68,D,VIIRS
47.21372,34.92319,342.35,0.42,0.38,2026-08-23,10:51:00,N,low,2.0NRT,314.09,6.76,D,VIIRS
47.38474,36.35039,343.09,0.46,0.39,2026-08-23,10:51:00,N,low,2.0NRT,314.1,3.91,D,VIIRS
47.26132,35.33451,344.96,0.43,0.38,2026-08-23,10:51:00,N,nominal,2.0NRT,315.9,4.34,D,VIIRS
47.26202,35.34021,344.74,0.43,0.38,2026-08-23,10:51:00,N,nominal,2.0NRT,314.82,5.79,D,VIIRS
47.25853,35.34113,350.72,0.43,0.38,2026-08-23,10:51:00,N,nominal,2.0NRT,317.72,5.79,D,VIIRS
47.05135,33.8207,347.2,0.4,0.37,2026-08-23,10:51:00,N,nominal,2.0NRT,312.8,33.98,D,VIIRS
47.48749,37.63219,344.18,0.52,0.41,2026-08-23,10:51:00,N,nominal,2.0NRT,309.01,15.94,D,VIIRS
47.48368,37.63305,354.77,0.52,0.41,2026-08-23,10:51:00,N,nominal,2.0NRT,322.55,15.94,D,VIIRS
47.1835,35.11009,348.56,0.43,0.38,2026-08-23,10:51:00,N,nominal,2.0NRT,314.77,8.07,D,VIIRS
46.93443,33.25318,335.6,0.39,0.36,2026-08-23,10:51:00,N,low,2.0NRT,310.43,2.41,D,VIIRS
47.19315,35.21792,340.85,0.43,0.38,2026-08-23,10:51:00,N,low,2.0NRT,314.75,3.08,D,VIIRS
47.18274,35.10695,344.26,0.42,0.38,2026-08-23,10:51:00,N,low,2.0NRT,315.02,3.69,D,VIIRS
46.86511,32.90105,339.01,0.39,0.36,2026-08-23,10:51:00,N,low,2.0NRT,310.55,1.7,D,VIIRS
47.02938,34.06987,343.24,0.4,0.37,2026-08-23,10:51:00,N,nominal,2.0NRT,311.47,2.59,D,VIIRS
47.39368,37.19936,350.21,0.5,0.41,2026-08-23,10:51:00,N,nominal,2.0NRT,318.96,22.07,D,VIIRS
47.37825,37.16231,345.33,0.49,0.41,2026-08-23,10:51:00,N,nominal,2.0NRT,314.61,15.92,D,VIIRS
47.37895,37.16891,347.87,0.49,0.41,2026-08-23,10:51:00,N,nominal,2.0NRT,316.29,15.92,D,VIIRS
47.37148,37.17056,351.46,0.49,0.41,2026-08-23,10:51:00,N,nominal,2.0NRT,315.87,5.92,D,VIIRS
46.75449,32.59375,348.24,0.39,0.36,2026-08-23,10:51:00,N,nominal,2.0NRT,307.62,9.94,D,VIIRS
46.85855,33.38546,338.9,0.39,0.36,2026-08-23,10:51:00,N,low,2.0NRT,311,5.2,D,VIIRS
46.73,32.59098,347.55,0.39,0.36,2026-08-23,10:51:00,N,nominal,2.0NRT,307.41,6.97,D,VIIRS
46.72806,32.59424,347.18,0.39,0.36,2026-08-23,10:51:00,N,nominal,2.0NRT,309.32,16.59,D,VIIRS
46.7303,32.60925,331.58,0.39,0.36,2026-08-23,10:51:00,N,low,2.0NRT,306.41,2.33,D,VIIRS
46.72477,32.59527,340.78,0.39,0.36,2026-08-23,10:51:00,N,low,2.0NRT,311.16,16.59,D,VIIRS
46.72626,32.60528,331.83,0.39,0.36,2026-08-23,10:51:00,N,low,2.0NRT,305.89,2.33,D,VIIRS
46.72701,32.61028,337.45,0.39,0.36,2026-08-23,10:51:00,N,nominal,2.0NRT,307.32,2.33,D,VIIRS
46.91008,33.88869,348.64,0.4,0.37,2026-08-23,10:51:00,N,nominal,2.0NRT,313.6,8.12,D,VIIRS
46.90673,33.88967,349.04,0.4,0.37,2026-08-23,10:51:00,N,nominal,2.0NRT,317.25,48.31,D,VIIRS
46.90123,33.87501,340.86,0.4,0.37,2026-08-23,10:51:00,N,low,2.0NRT,315.01,8.25,D,VIIRS
46.90195,33.88022,355.22,0.4,0.37,2026-08-23,10:51:00,N,nominal,2.0NRT,315.31,14.55,D,VIIRS
46.89788,33.87598,344.76,0.4,0.37,2026-08-23,10:51:00,N,low,2.0NRT,316.12,15.41,D,VIIRS
46.89931,33.8864,351.1,0.4,0.37,2026-08-23,10:51:00,N,nominal,2.0NRT,317.09,25.9,D,VIIRS
46.90003,33.89161,355.76,0.4,0.37,2026-08-23,10:51:00,N,nominal,2.0NRT,314.36,57.73,D,VIIRS
46.89453,33.87696,348.74,0.4,0.37,2026-08-23,10:51:00,N,nominal,2.0NRT,311.7,15.41,D,VIIRS
46.89524,33.88216,344.26,0.4,0.37,2026-08-23,10:51:00,N,nominal,2.0NRT,316.31,25.9,D,VIIRS
46.89739,33.8978,344.22,0.4,0.37,2026-08-23,10:51:00,N,nominal,2.0NRT,314.79,57.73,D,VIIRS
46.89668,33.89258,367,0.4,0.37,2026-08-23,10:51:00,N,high,2.0NRT,337.52,57.73,D,VIIRS
46.8919,33.88313,367,0.4,0.37,2026-08-23,10:51:00,N,high,2.0NRT,317.21,68.9,D,VIIRS
48.66419,22.78656,329.85,0.52,0.67,2026-08-23,12:32:00,N,nominal,2.0NRT,295.68,3.81,D,VIIRS
48.66409,25.80635,353.35,0.71,0.75,2026-08-23,12:32:00,N,nominal,2.0NRT,290.55,16.87,D,VIIRS
48.66428,25.79541,334.79,0.71,0.75,2026-08-23,12:32:00,N,nominal,2.0NRT,290.61,10.57,D,VIIRS
48.66764,25.80793,326.03,0.71,0.75,2026-08-23,12:32:00,N,nominal,2.0NRT,289.96,6.68,D,VIIRS
48.66785,25.79814,344.87,0.71,0.75,2026-08-23,12:32:00,N,nominal,2.0NRT,289.38,6.68,D,VIIRS
50.99513,30.37601,300.06,0.56,0.68,2026-08-23,23:03:00,N,nominal,2.0NRT,286.42,4.2,N,VIIRS
50.99512,30.36781,300.32,0.56,0.68,2026-08-23,23:03:00,N,nominal,2.0NRT,285.92,4.2,N,VIIRS
50.99511,30.35956,302.26,0.56,0.69,2026-08-23,23:03:00,N,nominal,2.0NRT,285.35,2.23,N,VIIRS
50.9951,30.3513,296.1,0.56,0.69,2026-08-23,23:03:00,N,nominal,2.0NRT,284.58,2.23,N,VIIRS
50.99509,30.34303,301.05,0.56,0.69,2026-08-23,23:03:00,N,nominal,2.0NRT,284.43,2.27,N,VIIRS
51.00157,30.3925,305.18,0.55,0.68,2026-08-23,23:03:00,N,nominal,2.0NRT,285.91,3.24,N,VIIRS
51.00155,30.36779,306.57,0.56,0.68,2026-08-23,23:03:00,N,nominal,2.0NRT,285.51,4.2,N,VIIRS
51.00148,30.30993,296.74,0.56,0.69,2026-08-23,23:03:00,N,nominal,2.0NRT,283.52,1.25,N,VIIRS
51.00156,30.38426,333.4,0.55,0.68,2026-08-23,23:03:00,N,nominal,2.0NRT,288.26,3.24,N,VIIRS
51.00156,30.37604,344.81,0.56,0.68,2026-08-23,23:03:00,N,nominal,2.0NRT,288.36,4.2,N,VIIRS
51.00797,30.35126,309.14,0.56,0.69,2026-08-23,23:03:00,N,nominal,2.0NRT,284.83,3.88,N,VIIRS
51.00798,30.36779,326.83,0.56,0.68,2026-08-23,23:03:00,N,nominal,2.0NRT,287.17,5.03,N,VIIRS
51.00797,30.35952,333.6,0.56,0.69,2026-08-23,23:03:00,N,nominal,2.0NRT,287.06,3.88,N,VIIRS
51.0144,30.35124,307.72,0.56,0.69,2026-08-23,23:03:00,N,nominal,2.0NRT,285.15,3.88,N,VIIRS
51.0144,30.34296,311.64,0.56,0.69,2026-08-23,23:03:00,N,nominal,2.0NRT,285.39,3.18,N,VIIRS
51.01439,30.3347,307.32,0.56,0.69,2026-08-23,23:03:00,N,nominal,2.0NRT,285.66,3.18,N,VIIRS
51.01438,30.32644,296.61,0.56,0.69,2026-08-23,23:03:00,N,nominal,2.0NRT,284.36,2.21,N,VIIRS
50.99579,30.39404,303.87,0.55,0.68,2026-08-23,23:03:00,N,nominal,2.0NRT,286.57,4.19,N,VIIRS
50.99575,30.38579,314.25,0.56,0.68,2026-08-23,23:03:00,N,nominal,2.0NRT,286.91,4.47,N,VIIRS
50.9957,30.37755,301.18,0.56,0.68,2026-08-23,23:03:00,N,nominal,2.0NRT,286.51,4.47,N,VIIRS
49.91151,37.29565,322.38,0.54,0.51,2026-08-23,23:03:00,N,nominal,2.0NRT,285.49,6.88,N,VIIRS
49.91622,37.29639,316.03,0.54,0.51,2026-08-23,23:03:00,N,nominal,2.0NRT,285.57,3.86,N,VIIRS
49.79416,37.79267,297.91,0.51,0.5,2026-08-23,23:03:00,N,nominal,2.0NRT,284.82,0.9,N,VIIRS
50.99566,30.36936,300.25,0.56,0.69,2026-08-23,23:03:00,N,nominal,2.0NRT,286.25,3.51,N,VIIRS
50.99561,30.36113,299.67,0.56,0.69,2026-08-23,23:03:00,N,nominal,2.0NRT,285.81,3.51,N,VIIRS
50.99556,30.35287,298.54,0.56,0.69,2026-08-23,23:03:00,N,nominal,2.0NRT,284.99,1.3,N,VIIRS
51.7845,34.11563,324.71,0.39,0.59,2026-08-23,23:03:00,N,nominal,2.0NRT,281.45,1.74,N,VIIRS
50.16671,33.71065,295.74,0.39,0.6,2026-08-23,23:03:00,N,nominal,2.0NRT,285.6,0.77,N,VIIRS
50.16685,33.70523,305.42,0.39,0.6,2026-08-23,23:03:00,N,nominal,2.0NRT,285.36,0.77,N,VIIRS
50.23128,33.40223,301.23,0.41,0.6,2026-08-23,23:03:00,N,nominal,2.0NRT,281.49,0.6,N,VIIRS
50.99514,30.38425,306.62,0.55,0.68,2026-08-23,23:03:00,N,nominal,2.0NRT,286.5,3.24,N,VIIRS
50.20594,37.42268,296.72,0.54,0.51,2026-08-23,23:03:00,N,nominal,2.0NRT,283.98,0.8,N,VIIRS
50.30947,36.23929,303.61,0.61,0.53,2026-08-23,23:03:00,N,nominal,2.0NRT,284.33,1.21,N,VIIRS
50.48729,34.94506,305.43,0.35,0.57,2026-08-23,23:03:00,N,nominal,2.0NRT,284.58,1.03,N,VIIRS
50.84914,34.88386,367,0.35,0.57,2026-08-23,23:03:00,N,high,2.0NRT,284.93,4.19,N,VIIRS
50.85445,34.88441,303.68,0.35,0.57,2026-08-23,23:03:00,N,nominal,2.0NRT,282.6,4.19,N,VIIRS
50.85481,34.87409,309.32,0.35,0.57,2026-08-23,23:03:00,N,nominal,2.0NRT,281.47,2.2,N,VIIRS
50.85463,34.87926,321.8,0.35,0.57,2026-08-23,23:03:00,N,nominal,2.0NRT,283.82,4.19,N,VIIRS
50.99552,30.34457,302.53,0.56,0.69,2026-08-23,23:03:00,N,nominal,2.0NRT,284.6,1.3,N,VIIRS
51.00209,30.36939,315.74,0.56,0.69,2026-08-23,23:03:00,N,nominal,2.0NRT,285.83,3.51,N,VIIRS
51.00177,30.31144,295.75,0.56,0.69,2026-08-23,23:03:00,N,nominal,2.0NRT,283.79,1.44,N,VIIRS
51.35566,30.26671,296,0.56,0.69,2026-08-23,23:03:00,N,nominal,2.0NRT,284.43,0.77,N,VIIRS
51.20874,29.18204,334.02,0.63,0.72,2026-08-23,23:03:00,N,nominal,2.0NRT,283.7,12.04,N,VIIRS
51.20888,29.19137,331.97,0.63,0.72,2026-08-23,23:03:00,N,nominal,2.0NRT,283.31,8.01,N,VIIRS
51.20844,29.16319,300.06,0.63,0.72,2026-08-23,23:03:00,N,nominal,2.0NRT,281.49,1.96,N,VIIRS
51.20155,29.15413,299.2,0.63,0.72,2026-08-23,23:03:00,N,nominal,2.0NRT,281.42,1.96,N,VIIRS
51.19481,29.1545,298.54,0.63,0.72,2026-08-23,23:03:00,N,nominal,2.0NRT,280.84,2.98,N,VIIRS
51.19496,29.16393,314.44,0.63,0.72,2026-08-23,23:03:00,N,nominal,2.0NRT,281.99,2.98,N,VIIRS
51.19511,29.1732,310.34,0.63,0.72,2026-08-23,23:03:00,N,nominal,2.0NRT,283.56,2.9,N,VIIRS
51.18868,29.19214,323.9,0.63,0.72,2026-08-23,23:03:00,N,nominal,2.0NRT,284.32,4.11,N,VIIRS
51.18837,29.17348,295.58,0.63,0.72,2026-08-23,23:03:00,N,nominal,2.0NRT,281.83,2.9,N,VIIRS
51.20675,29.18617,351.06,0.63,0.72,2026-08-23,23:03:00,N,nominal,2.0NRT,283.98,6.04,N,VIIRS
51.20653,29.16734,301,0.63,0.72,2026-08-23,23:03:00,N,nominal,2.0NRT,281.8,3.56,N,VIIRS
51.20664,29.17677,298.44,0.63,0.72,2026-08-23,23:03:00,N,nominal,2.0NRT,281.98,3.56,N,VIIRS
51.20685,29.19545,305.35,0.62,0.72,2026-08-23,23:03:00,N,nominal,2.0NRT,282.1,6.04,N,VIIRS
51.19968,29.15836,314.13,0.63,0.72,2026-08-23,23:03:00,N,nominal,2.0NRT,282.71,4.76,N,VIIRS
51.19306,29.16804,313.15,0.63,0.72,2026-08-23,23:03:00,N,nominal,2.0NRT,281.74,2.4,N,VIIRS
51.19317,29.17735,303.54,0.63,0.72,2026-08-23,23:03:00,N,nominal,2.0NRT,282.56,2.4,N,VIIRS
51.18655,29.18697,305.82,0.63,0.72,2026-08-23,23:03:00,N,nominal,2.0NRT,282.35,2.87,N,VIIRS
51.18666,29.19629,316.51,0.62,0.72,2026-08-23,23:03:00,N,nominal,2.0NRT,284.1,2.87,N,VIIRS
51.01474,30.32804,300.48,0.56,0.69,2026-08-23,23:03:00,N,nominal,2.0NRT,284.83,2.04,N,VIIRS
51.01479,30.33632,304.22,0.56,0.69,2026-08-23,23:03:00,N,nominal,2.0NRT,285.02,2.04,N,VIIRS
51.01483,30.3446,314.95,0.56,0.69,2026-08-23,23:03:00,N,nominal,2.0NRT,285.59,2.41,N,VIIRS
51.01487,30.35292,296.25,0.56,0.69,2026-08-23,23:03:00,N,nominal,2.0NRT,284.59,2.41,N,VIIRS
51.00848,30.36116,333.43,0.56,0.69,2026-08-23,23:03:00,N,nominal,2.0NRT,287.45,3.98,N,VIIRS
51.00839,30.34462,302.8,0.56,0.69,2026-08-23,23:03:00,N,nominal,2.0NRT,284.29,2.41,N,VIIRS
51.00844,30.3529,314.97,0.56,0.69,2026-08-23,23:03:00,N,nominal,2.0NRT,285.51,2.41,N,VIIRS
51.00852,30.36942,315.79,0.56,0.69,2026-08-23,23:03:00,N,nominal,2.0NRT,286.21,3.98,N,VIIRS
51.00213,30.37764,345.86,0.56,0.68,2026-08-23,23:03:00,N,nominal,2.0NRT,288.64,4.47,N,VIIRS
51.00218,30.38585,326.93,0.56,0.68,2026-08-23,23:03:00,N,nominal,2.0NRT,287.24,4.47,N,VIIRS
49.3785,37.75837,297.3,0.51,0.49,2026-08-23,23:03:00,N,nominal,2.0NRT,286.77,0.48,N,VIIRS
49.55594,38.05859,297.05,0.5,0.49,2026-08-23,23:03:00,N,nominal,2.0NRT,286.93,0.48,N,VIIRS
49.55564,38.13009,302.62,0.49,0.49,2026-08-23,23:03:00,N,nominal,2.0NRT,287.67,1.07,N,VIIRS
49.55612,38.12313,299.04,0.5,0.49,2026-08-23,23:03:00,N,nominal,2.0NRT,287.57,1.24,N,VIIRS
49.56064,38.12395,303.63,0.5,0.49,2026-08-23,23:03:00,N,nominal,2.0NRT,287.82,1.24,N,VIIRS
49.59188,38.13505,311.92,0.49,0.49,2026-08-23,23:03:00,N,nominal,2.0NRT,287.33,1.08,N,VIIRS
49.59783,38.11558,307.58,0.5,0.49,2026-08-23,23:03:00,N,nominal,2.0NRT,287.95,1.42,N,VIIRS
49.60595,38.13026,312.65,0.5,0.49,2026-08-23,23:03:00,N,nominal,2.0NRT,286.31,1.39,N,VIIRS
49.60632,38.12904,309.03,0.5,0.49,2026-08-23,23:03:00,N,nominal,2.0NRT,286.34,0.97,N,VIIRS
49.74886,37.436,312.29,0.53,0.5,2026-08-23,23:03:00,N,nominal,2.0NRT,284.92,1.43,N,VIIRS
49.75354,37.43673,298.68,0.53,0.5,2026-08-23,23:03:00,N,nominal,2.0NRT,284.62,0.51,N,VIIRS
50.98872,30.3925,304.01,0.55,0.68,2026-08-23,23:03:00,N,nominal,2.0NRT,285.33,1.2,N,VIIRS
50.98872,30.38427,299.11,0.55,0.68,2026-08-23,23:03:00,N,nominal,2.0NRT,285.31,1.2,N,VIIRS
50.99515,30.39249,306.94,0.55,0.68,2026-08-23,23:03:00,N,nominal,2.0NRT,286.64,3.24,N,VIIRS
49.81503,38.10038,300.88,0.5,0.49,2026-08-23,23:03:00,N,nominal,2.0NRT,286.51,0.79,N,VIIRS
49.91105,37.30332,338.24,0.54,0.51,2026-08-23,23:03:00,N,nominal,2.0NRT,286.76,6.27,N,VIIRS
46.67108,34.34682,305.41,0.35,0.57,2026-08-23,23:05:00,N,nominal,2.0NRT,287.53,0.52,N,VIIRS
47.06499,36.68218,305.61,0.54,0.51,2026-08-23,23:05:00,N,nominal,2.0NRT,289.21,1.53,N,VIIRS
47.18241,34.86962,303.82,0.33,0.55,2026-08-23,23:05:00,N,nominal,2.0NRT,287.32,0.86,N,VIIRS
47.20604,34.69468,298.65,0.34,0.56,2026-08-23,23:05:00,N,nominal,2.0NRT,287.17,0.53,N,VIIRS
47.25919,33.65763,306.44,0.38,0.59,2026-08-23,23:05:00,N,nominal,2.0NRT,286.3,0.85,N,VIIRS
47.25938,33.65247,298.13,0.38,0.59,2026-08-23,23:05:00,N,nominal,2.0NRT,285.38,0.99,N,VIIRS
47.22188,34.69173,301.26,0.34,0.56,2026-08-23,23:05:00,N,nominal,2.0NRT,287.91,0.66,N,VIIRS
47.23045,34.50185,306.24,0.35,0.56,2026-08-23,23:05:00,N,nominal,2.0NRT,287.32,0.66,N,VIIRS
47.23087,34.49248,308.03,0.35,0.56,2026-08-23,23:05:00,N,nominal,2.0NRT,287.77,1.09,N,VIIRS
47.27103,33.48135,302.03,0.39,0.59,2026-08-23,23:05:00,N,nominal,2.0NRT,286.55,0.84,N,VIIRS
47.16909,35.82341,297.49,0.6,0.53,2026-08-23,23:05:00,N,nominal,2.0NRT,283.1,1.5,N,VIIRS
47.2357,34.61908,301.45,0.34,0.56,2026-08-23,23:05:00,N,nominal,2.0NRT,287.04,0.58,N,VIIRS
47.18341,35.83337,297.3,0.6,0.53,2026-08-23,23:05:00,N,nominal,2.0NRT,284.88,1.76,N,VIIRS
47.26673,34.15568,323.64,0.36,0.57,2026-08-23,23:05:00,N,nominal,2.0NRT,287.9,1.87,N,VIIRS
47.14183,36.74575,324.33,0.54,0.51,2026-08-23,23:05:00,N,nominal,2.0NRT,289.52,1.84,N,VIIRS
47.14655,36.74643,300.56,0.54,0.51,2026-08-23,23:05:00,N,nominal,2.0NRT,288.93,1.84,N,VIIRS
47.15038,36.68833,305.21,0.54,0.51,2026-08-23,23:05:00,N,nominal,2.0NRT,288.61,1.31,N,VIIRS
47.15509,36.68912,319.72,0.54,0.51,2026-08-23,23:05:00,N,nominal,2.0NRT,289.15,2.99,N,VIIRS
47.17712,36.49842,306.89,0.56,0.51,2026-08-23,23:05:00,N,nominal,2.0NRT,288.87,1.48,N,VIIRS
47.33829,33.46067,302.63,0.39,0.59,2026-08-23,23:05:00,N,nominal,2.0NRT,285.58,0.75,N,VIIRS
47.17644,36.4983,304.95,0.56,0.51,2026-08-23,23:05:00,N,nominal,2.0NRT,288.73,1.58,N,VIIRS
47.33693,33.46296,304.48,0.39,0.59,2026-08-23,23:05:00,N,nominal,2.0NRT,286.18,0.58,N,VIIRS
47.33427,34.13488,318,0.36,0.57,2026-08-23,23:05:00,N,nominal,2.0NRT,288.25,0.93,N,VIIRS
47.20277,36.76945,309.62,0.54,0.51,2026-08-23,23:05:00,N,nominal,2.0NRT,289.03,1.5,N,VIIRS
47.20747,36.77021,302.09,0.54,0.51,2026-08-23,23:05:00,N,nominal,2.0NRT,288.31,0.62,N,VIIRS
47.21218,36.7709,300.15,0.54,0.51,2026-08-23,23:05:00,N,nominal,2.0NRT,288.29,0.62,N,VIIRS
47.26533,36.22644,305.51,0.57,0.52,2026-08-23,23:05:00,N,nominal,2.0NRT,288.27,3,N,VIIRS
47.2658,36.21863,324.33,0.57,0.52,2026-08-23,23:05:00,N,nominal,2.0NRT,288.06,3,N,VIIRS
47.36733,34.48568,298.26,0.35,0.56,2026-08-23,23:05:00,N,nominal,2.0NRT,287.32,0.49,N,VIIRS
47.3532,34.89603,306.63,0.33,0.55,2026-08-23,23:05:00,N,nominal,2.0NRT,288.27,0.65,N,VIIRS
47.35342,34.89153,301.75,0.33,0.55,2026-08-23,23:05:00,N,nominal,2.0NRT,287.94,0.65,N,VIIRS
47.37238,34.49104,301.76,0.35,0.56,2026-08-23,23:05:00,N,nominal,2.0NRT,287.34,0.55,N,VIIRS
47.31258,36.0112,298.96,0.59,0.53,2026-08-23,23:05:00,N,nominal,2.0NRT,287.19,1.81,N,VIIRS
47.39476,34.46477,305.35,0.35,0.57,2026-08-23,23:05:00,N,nominal,2.0NRT,286.8,0.57,N,VIIRS
47.39499,34.4599,302.92,0.35,0.57,2026-08-23,23:05:00,N,nominal,2.0NRT,286.43,0.57,N,VIIRS
47.39523,34.45472,297.7,0.35,0.57,2026-08-23,23:05:00,N,nominal,2.0NRT,287.01,0.4,N,VIIRS
47.3121,36.01916,322.51,0.59,0.53,2026-08-23,23:05:00,N,nominal,2.0NRT,287.84,3.08,N,VIIRS
47.32626,36.02928,311.21,0.59,0.53,2026-08-23,23:05:00,N,nominal,2.0NRT,288.19,2.2,N,VIIRS
47.32722,36.01358,301.84,0.59,0.53,2026-08-23,23:05:00,N,nominal,2.0NRT,287.13,1.42,N,VIIRS
47.33114,36.03004,306.63,0.59,0.53,2026-08-23,23:05:00,N,nominal,2.0NRT,287.35,2.13,N,VIIRS
47.3321,36.01431,303.05,0.59,0.53,2026-08-23,23:05:00,N,nominal,2.0NRT,287.29,1.29,N,VIIRS
47.33602,36.03079,306.24,0.59,0.53,2026-08-23,23:05:00,N,nominal,2.0NRT,287.51,2.13,N,VIIRS
47.3365,36.02293,317.67,0.59,0.53,2026-08-23,23:05:00,N,nominal,2.0NRT,287.86,2.13,N,VIIRS
47.33699,36.01501,304.45,0.59,0.53,2026-08-23,23:05:00,N,nominal,2.0NRT,287.4,1.29,N,VIIRS
47.3094,36.01711,318.53,0.59,0.53,2026-08-23,23:05:00,N,nominal,2.0NRT,287.62,2.57,N,VIIRS
47.31429,36.01779,309.18,0.59,0.53,2026-08-23,23:05:00,N,nominal,2.0NRT,287.62,2.57,N,VIIRS
47.3936,34.47086,296.51,0.35,0.57,2026-08-23,23:05:00,N,nominal,2.0NRT,286.48,0.39,N,VIIRS
47.39379,34.46607,304.79,0.35,0.57,2026-08-23,23:05:00,N,nominal,2.0NRT,286.72,0.39,N,VIIRS
47.394,34.46113,304.5,0.35,0.57,2026-08-23,23:05:00,N,nominal,2.0NRT,286.93,0.62,N,VIIRS
47.3942,34.45604,299.98,0.35,0.57,2026-08-23,23:05:00,N,nominal,2.0NRT,286.77,0.62,N,VIIRS
47.32851,36.02801,304.71,0.59,0.53,2026-08-23,23:05:00,N,nominal,2.0NRT,287.85,2.06,N,VIIRS
47.32938,36.01226,305.21,0.59,0.53,2026-08-23,23:05:00,N,nominal,2.0NRT,287.31,2.11,N,VIIRS
47.33382,36.02091,308.23,0.59,0.53,2026-08-23,23:05:00,N,nominal,2.0NRT,287.68,2.11,N,VIIRS
47.33339,36.02878,320.08,0.59,0.53,2026-08-23,23:05:00,N,nominal,2.0NRT,287.94,2.06,N,VIIRS
47.33871,36.02164,311.99,0.59,0.53,2026-08-23,23:05:00,N,nominal,2.0NRT,287.53,2.1,N,VIIRS
47.35085,36.23656,304.58,0.57,0.52,2026-08-23,23:05:00,N,nominal,2.0NRT,286.91,1.02,N,VIIRS
47.35403,36.18228,300.17,0.58,0.52,2026-08-23,23:05:00,N,nominal,2.0NRT,287.31,0.79,N,VIIRS
47.35567,36.23735,297.69,0.57,0.52,2026-08-23,23:05:00,N,nominal,2.0NRT,286.72,0.91,N,VIIRS
47.47175,33.85452,304.37,0.37,0.58,2026-08-23,23:05:00,N,nominal,2.0NRT,287.16,0.72,N,VIIRS
47.4657,34.74445,305.33,0.34,0.56,2026-08-23,23:05:00,N,nominal,2.0NRT,287.81,0.72,N,VIIRS
47.46592,34.73988,302.54,0.34,0.56,2026-08-23,23:05:00,N,nominal,2.0NRT,287.98,0.68,N,VIIRS
47.24603,38.2887,302.57,0.46,0.47,2026-08-23,23:05:00,N,nominal,2.0NRT,290.71,0.32,N,VIIRS
47.43355,36.28404,297.64,0.57,0.52,2026-08-23,23:05:00,N,nominal,2.0NRT,287.07,1.33,N,VIIRS
47.43838,36.28467,306.79,0.57,0.52,2026-08-23,23:05:00,N,nominal,2.0NRT,287.28,1.7,N,VIIRS
47.4315,37.07622,312.23,0.53,0.5,2026-08-23,23:05:00,N,nominal,2.0NRT,288.39,1.9,N,VIIRS
47.54731,35.20952,298.42,0.32,0.55,2026-08-23,23:05:00,N,nominal,2.0NRT,287.07,0.62,N,VIIRS
47.43615,37.07691,328.46,0.53,0.5,2026-08-23,23:05:00,N,nominal,2.0NRT,288.62,2.18,N,VIIRS
47.44079,37.07762,303.38,0.53,0.5,2026-08-23,23:05:00,N,nominal,2.0NRT,287.83,2.18,N,VIIRS
47.44128,37.07046,313.3,0.53,0.5,2026-08-23,23:05:00,N,nominal,2.0NRT,288.54,2.68,N,VIIRS
47.44593,37.07116,306.16,0.53,0.5,2026-08-23,23:05:00,N,nominal,2.0NRT,288.37,0.87,N,VIIRS
47.4057,37.70154,300.58,0.49,0.49,2026-08-23,23:05:00,N,nominal,2.0NRT,290.14,0.46,N,VIIRS
47.44522,37.6743,313.81,0.49,0.49,2026-08-23,23:05:00,N,nominal,2.0NRT,290.17,1.96,N,VIIRS
47.53467,36.35888,306.63,0.57,0.52,2026-08-23,23:05:00,N,nominal,2.0NRT,287.03,1.47,N,VIIRS
47.44975,37.67487,320.09,0.49,0.49,2026-08-23,23:05:00,N,nominal,2.0NRT,290.35,1.96,N,VIIRS
47.645,34.94202,306.36,0.33,0.55,2026-08-23,23:05:00,N,nominal,2.0NRT,286.85,0.51,N,VIIRS
47.64522,34.93746,301.45,0.33,0.55,2026-08-23,23:05:00,N,nominal,2.0NRT,286.41,0.66,N,VIIRS
47.49275,37.6487,304.39,0.5,0.49,2026-08-23,23:05:00,N,nominal,2.0NRT,290.41,0.78,N,VIIRS
47.7366,33.67751,305.87,0.38,0.59,2026-08-23,23:05:00,N,nominal,2.0NRT,287.09,4.46,N,VIIRS
47.7364,33.68274,347.68,0.38,0.59,2026-08-23,23:05:00,N,nominal,2.0NRT,288.92,4.62,N,VIIRS
47.74189,33.68319,302.12,0.38,0.59,2026-08-23,23:05:00,N,nominal,2.0NRT,288.84,0.58,N,VIIRS
47.51351,37.73935,322.11,0.49,0.49,2026-08-23,23:05:00,N,nominal,2.0NRT,290.54,2.18,N,VIIRS
47.51801,37.74009,308.49,0.49,0.49,2026-08-23,23:05:00,N,nominal,2.0NRT,290.12,2.18,N,VIIRS
47.5185,37.73355,335.63,0.49,0.49,2026-08-23,23:05:00,N,nominal,2.0NRT,291.23,2.18,N,VIIRS
47.52252,37.74076,300.75,0.49,0.49,2026-08-23,23:05:00,N,nominal,2.0NRT,290.21,0.53,N,VIIRS
47.61568,36.38469,306.23,0.57,0.52,2026-08-23,23:05:00,N,nominal,2.0NRT,286.35,1.3,N,VIIRS
47.51886,37.73925,310.43,0.49,0.49,2026-08-23,23:05:00,N,nominal,2.0NRT,289.99,1.27,N,VIIRS
47.51932,37.7327,326.45,0.49,0.49,2026-08-23,23:05:00,N,nominal,2.0NRT,290.7,3.76,N,VIIRS
47.6141,36.38218,299.55,0.57,0.52,2026-08-23,23:05:00,N,nominal,2.0NRT,286.02,0.71,N,VIIRS
47.73619,33.67718,305.91,0.38,0.59,2026-08-23,23:05:00,N,nominal,2.0NRT,287.28,2.36,N,VIIRS
47.73602,33.6824,337.05,0.38,0.59,2026-08-23,23:05:00,N,nominal,2.0NRT,288.54,2.36,N,VIIRS
47.61892,36.38279,298.86,0.57,0.52,2026-08-23,23:05:00,N,nominal,2.0NRT,285.95,0.71,N,VIIRS
47.74167,33.67768,299.14,0.38,0.59,2026-08-23,23:05:00,N,nominal,2.0NRT,288.07,2.36,N,VIIRS
47.72693,34.75284,300.18,0.34,0.56,2026-08-23,23:05:00,N,nominal,2.0NRT,286.41,0.26,N,VIIRS
47.60073,37.14219,307.92,0.52,0.5,2026-08-23,23:05:00,N,nominal,2.0NRT,288.04,0.7,N,VIIRS
47.60538,37.14279,298.65,0.52,0.5,2026-08-23,23:05:00,N,nominal,2.0NRT,287.86,0.31,N,VIIRS
47.72396,35.04615,309.97,0.33,0.55,2026-08-23,23:05:00,N,nominal,2.0NRT,288.57,0.81,N,VIIRS
47.7396,35.25346,299.92,0.32,0.55,2026-08-23,23:05:00,N,nominal,2.0NRT,288.85,0.42,N,VIIRS
47.75614,35.33018,310.64,0.32,0.54,2026-08-23,23:05:00,N,nominal,2.0NRT,288.61,0.68,N,VIIRS
47.75636,35.32581,300.11,0.32,0.54,2026-08-23,23:05:00,N,nominal,2.0NRT,287.78,0.68,N,VIIRS
47.75659,35.32143,306.29,0.32,0.55,2026-08-23,23:05:00,N,nominal,2.0NRT,288,0.74,N,VIIRS
47.76189,35.31759,301.9,0.32,0.55,2026-08-23,23:05:00,N,nominal,2.0NRT,287.68,0.72,N,VIIRS
47.76213,35.31317,301.62,0.32,0.55,2026-08-23,23:05:00,N,nominal,2.0NRT,287.57,0.79,N,VIIRS
47.67934,37.22525,300.4,0.52,0.5,2026-08-23,23:05:00,N,nominal,2.0NRT,288.34,0.63,N,VIIRS
47.71984,36.62779,317.45,0.55,0.51,2026-08-23,23:05:00,N,nominal,2.0NRT,287.9,2.43,N,VIIRS
47.67754,37.22608,301.27,0.52,0.5,2026-08-23,23:05:00,N,nominal,2.0NRT,288.05,0.61,N,VIIRS
47.71961,36.62848,314.27,0.55,0.51,2026-08-23,23:05:00,N,nominal,2.0NRT,287.88,2.34,N,VIIRS
47.87057,33.43681,300.44,0.39,0.59,2026-08-23,23:05:00,N,nominal,2.0NRT,288.62,0.76,N,VIIRS
47.855,34.45712,298.4,0.35,0.57,2026-08-23,23:05:00,N,nominal,2.0NRT,286.71,0.5,N,VIIRS
47.70377,37.32301,309.39,0.52,0.5,2026-08-23,23:05:00,N,nominal,2.0NRT,289.1,2.31,N,VIIRS
47.70743,37.33763,304.16,0.51,0.5,2026-08-23,23:05:00,N,nominal,2.0NRT,288.94,1.74,N,VIIRS
47.70838,37.32365,307.63,0.52,0.5,2026-08-23,23:05:00,N,nominal,2.0NRT,289.15,1.76,N,VIIRS
47.71299,37.3243,312,0.52,0.5,2026-08-23,23:05:00,N,nominal,2.0NRT,289.2,1.76,N,VIIRS
47.9728,29.67542,296.68,0.59,0.7,2026-08-23,23:05:00,N,nominal,2.0NRT,282.08,0.72,N,VIIRS
47.7176,37.32495,301.8,0.52,0.5,2026-08-23,23:05:00,N,nominal,2.0NRT,288.51,1.41,N,VIIRS
47.87863,34.40136,299.56,0.35,0.57,2026-08-23,23:05:00,N,nominal,2.0NRT,286.19,0.42,N,VIIRS
47.88394,34.40194,296.92,0.35,0.57,2026-08-23,23:05:00,N,nominal,2.0NRT,286.34,0.42,N,VIIRS
47.7249,37.35412,298.78,0.51,0.5,2026-08-23,23:05:00,N,nominal,2.0NRT,288.53,0.24,N,VIIRS
47.8954,34.62472,298.74,0.34,0.56,2026-08-23,23:05:00,N,nominal,2.0NRT,286.03,0.86,N,VIIRS
47.89561,34.61998,317.81,0.35,0.56,2026-08-23,23:05:00,N,nominal,2.0NRT,286.21,0.86,N,VIIRS
47.90065,34.62537,296.54,0.34,0.56,2026-08-23,23:05:00,N,nominal,2.0NRT,285.7,0.84,N,VIIRS
47.90087,34.62062,323.13,0.35,0.56,2026-08-23,23:05:00,N,nominal,2.0NRT,285.88,0.84,N,VIIRS
47.9059,34.62603,297.22,0.34,0.56,2026-08-23,23:05:00,N,nominal,2.0NRT,286.16,0.84,N,VIIRS
47.90612,34.62128,311.83,0.35,0.56,2026-08-23,23:05:00,N,nominal,2.0NRT,285.58,0.84,N,VIIRS
47.85937,35.65112,302.62,0.62,0.54,2026-08-23,23:05:00,N,nominal,2.0NRT,286.97,1.48,N,VIIRS
47.89424,35.54,298.78,0.63,0.54,2026-08-23,23:05:00,N,nominal,2.0NRT,287.31,0.93,N,VIIRS
47.97194,33.99688,297.46,0.37,0.58,2026-08-23,23:05:00,N,nominal,2.0NRT,286.25,0.62,N,VIIRS
48.06224,29.92214,303.81,0.57,0.69,2026-08-23,23:05:00,N,nominal,2.0NRT,282.04,1,N,VIIRS
47.83725,37.3203,300.01,0.52,0.5,2026-08-23,23:05:00,N,nominal,2.0NRT,288.63,0.75,N,VIIRS
47.99133,34.57768,303.8,0.35,0.57,2026-08-23,23:05:00,N,nominal,2.0NRT,286.15,0.5,N,VIIRS
47.87513,37.0374,306.89,0.53,0.5,2026-08-23,23:05:00,N,nominal,2.0NRT,287.33,1.34,N,VIIRS
47.84958,37.47676,298.67,0.51,0.49,2026-08-23,23:05:00,N,nominal,2.0NRT,288.57,0.37,N,VIIRS
47.90722,36.76669,298.09,0.55,0.51,2026-08-23,23:05:00,N,nominal,2.0NRT,287.57,0.67,N,VIIRS
47.90777,36.76557,298.3,0.55,0.51,2026-08-23,23:05:00,N,nominal,2.0NRT,287.53,0.35,N,VIIRS
47.83221,38.47379,301.47,0.46,0.47,2026-08-23,23:05:00,N,nominal,2.0NRT,291.22,0.61,N,VIIRS
47.89507,37.61596,311.65,0.5,0.49,2026-08-23,23:05:00,N,nominal,2.0NRT,289.39,1.5,N,VIIRS
47.89555,37.60912,308.01,0.5,0.49,2026-08-23,23:05:00,N,nominal,2.0NRT,289.45,1.58,N,VIIRS
47.9001,37.60978,305.64,0.5,0.49,2026-08-23,23:05:00,N,nominal,2.0NRT,289.04,1.29,N,VIIRS
47.93389,37.85223,299.9,0.49,0.49,2026-08-23,23:05:00,N,nominal,2.0NRT,289.62,0.98,N,VIIRS
47.92844,38.70904,309.84,0.45,0.47,2026-08-23,23:05:00,N,nominal,2.0NRT,291.91,1.54,N,VIIRS
48.06434,37.01113,302.66,0.54,0.51,2026-08-23,23:05:00,N,nominal,2.0NRT,287.28,2.3,N,VIIRS
48.06999,36.99706,321.44,0.54,0.51,2026-08-23,23:05:00,N,nominal,2.0NRT,287.73,2.46,N,VIIRS
47.88884,39.44434,300.34,0.42,0.45,2026-08-23,23:05:00,N,nominal,2.0NRT,289.25,0.68,N,VIIRS
48.07986,37.20414,316.39,0.53,0.5,2026-08-23,23:05:00,N,nominal,2.0NRT,288.38,1.81,N,VIIRS
48.07888,37.21865,327.76,0.53,0.5,2026-08-23,23:05:00,N,nominal,2.0NRT,288.75,3.42,N,VIIRS
48.07938,37.21138,322.17,0.53,0.5,2026-08-23,23:05:00,N,nominal,2.0NRT,288.59,3.42,N,VIIRS
48.08128,37.21995,308.18,0.53,0.5,2026-08-23,23:05:00,N,nominal,2.0NRT,288.16,1.13,N,VIIRS
48.08173,37.2127,312.28,0.53,0.5,2026-08-23,23:05:00,N,nominal,2.0NRT,288.21,2.01,N,VIIRS
48.05148,37.88089,301.59,0.49,0.49,2026-08-23,23:05:00,N,nominal,2.0NRT,289.98,0.38,N,VIIRS
48.05982,37.95636,303.74,0.49,0.48,2026-08-23,23:05:00,N,nominal,2.0NRT,291.08,0.48,N,VIIRS
48.09855,37.92284,300.51,0.49,0.48,2026-08-23,23:05:00,N,nominal,2.0NRT,290.12,0.79,N,VIIRS
48.15504,37.58045,306.83,0.51,0.49,2026-08-23,23:05:00,N,nominal,2.0NRT,288.9,1.29,N,VIIRS
48.18024,37.48574,309.96,0.51,0.49,2026-08-23,23:05:00,N,nominal,2.0NRT,288.05,1.44,N,VIIRS
48.17912,37.48423,305.95,0.51,0.5,2026-08-23,23:05:00,N,nominal,2.0NRT,288.05,1.21,N,VIIRS
48.21451,37.15067,299.1,0.53,0.5,2026-08-23,23:05:00,N,nominal,2.0NRT,287.26,0.57,N,VIIRS
48.13959,38.37624,310.11,0.47,0.47,2026-08-23,23:05:00,N,nominal,2.0NRT,289.92,0.9,N,VIIRS
48.10165,38.92616,325.85,0.44,0.46,2026-08-23,23:05:00,N,nominal,2.0NRT,290.11,2.91,N,VIIRS
48.10777,38.95827,305.42,0.44,0.46,2026-08-23,23:05:00,N,nominal,2.0NRT,290.96,0.52,N,VIIRS
48.27412,37.85337,306.19,0.49,0.49,2026-08-23,23:05:00,N,nominal,2.0NRT,288.87,1.24,N,VIIRS
48.36967,37.66856,305.89,0.5,0.49,2026-08-23,23:05:00,N,nominal,2.0NRT,288.84,1.48,N,VIIRS
48.19551,39.87501,303.61,0.4,0.44,2026-08-23,23:05:00,N,nominal,2.0NRT,290.36,2.4,N,VIIRS
48.3747,37.66269,325.41,0.5,0.49,2026-08-23,23:05:00,N,nominal,2.0NRT,289,3.67,N,VIIRS
48.19962,39.87581,336.98,0.4,0.44,2026-08-23,23:05:00,N,nominal,2.0NRT,293.72,2.4,N,VIIRS
48.2001,39.87048,327.07,0.4,0.44,2026-08-23,23:05:00,N,nominal,2.0NRT,292.11,2.4,N,VIIRS
48.20059,39.86513,320.96,0.4,0.44,2026-08-23,23:05:00,N,nominal,2.0NRT,291.51,2.94,N,VIIRS
48.20142,39.87669,309.72,0.4,0.44,2026-08-23,23:05:00,N,nominal,2.0NRT,291.44,0.98,N,VIIRS
48.20234,39.866,313.94,0.4,0.44,2026-08-23,23:05:00,N,nominal,2.0NRT,291.39,1.74,N,VIIRS
48.36911,37.66732,306.16,0.5,0.49,2026-08-23,23:05:00,N,nominal,2.0NRT,288.69,1.06,N,VIIRS
48.20188,39.87136,324.15,0.4,0.44,2026-08-23,23:05:00,N,nominal,2.0NRT,291.96,1.74,N,VIIRS
48.37367,37.668,302.56,0.5,0.49,2026-08-23,23:05:00,N,nominal,2.0NRT,288.89,1.06,N,VIIRS
48.37411,37.66142,316.11,0.51,0.49,2026-08-23,23:05:00,N,nominal,2.0NRT,288.84,2.52,N,VIIRS
48.2018,39.92047,335.08,0.4,0.44,2026-08-23,23:05:00,N,nominal,2.0NRT,290.86,4.4,N,VIIRS
48.37868,37.66212,308.14,0.51,0.49,2026-08-23,23:05:00,N,nominal,2.0NRT,288.77,0.89,N,VIIRS
48.26318,39.49666,305.94,0.42,0.45,2026-08-23,23:05:00,N,nominal,2.0NRT,290.95,1.18,N,VIIRS
48.26876,39.48087,315.36,0.42,0.45,2026-08-23,23:05:00,N,nominal,2.0NRT,291.37,4.24,N,VIIRS
48.4455,37.05693,305.39,0.54,0.51,2026-08-23,23:05:00,N,nominal,2.0NRT,286.9,1.57,N,VIIRS
48.26736,39.49751,340.54,0.42,0.45,2026-08-23,23:05:00,N,nominal,2.0NRT,296.22,4.94,N,VIIRS
48.26783,39.49195,345.66,0.42,0.45,2026-08-23,23:05:00,N,nominal,2.0NRT,293.6,4.94,N,VIIRS
48.27153,39.49838,307.21,0.42,0.45,2026-08-23,23:05:00,N,nominal,2.0NRT,291.19,4.94,N,VIIRS
48.27341,39.47617,313.01,0.42,0.45,2026-08-23,23:05:00,N,nominal,2.0NRT,291.4,2.44,N,VIIRS
48.272,39.49283,338.26,0.42,0.45,2026-08-23,23:05:00,N,nominal,2.0NRT,293.59,4.94,N,VIIRS
48.27246,39.48733,342.6,0.42,0.45,2026-08-23,23:05:00,N,nominal,2.0NRT,293.23,4.24,N,VIIRS
48.27293,39.48178,334.69,0.42,0.45,2026-08-23,23:05:00,N,nominal,2.0NRT,292.08,4.24,N,VIIRS
48.27618,39.49365,302.25,0.42,0.45,2026-08-23,23:05:00,N,nominal,2.0NRT,291.18,0.96,N,VIIRS
48.27758,39.47704,303.31,0.42,0.45,2026-08-23,23:05:00,N,nominal,2.0NRT,291.08,1.48,N,VIIRS
48.27665,39.48811,341.43,0.42,0.45,2026-08-23,23:05:00,N,nominal,2.0NRT,293.05,3.54,N,VIIRS
48.27711,39.48259,332.52,0.42,0.45,2026-08-23,23:05:00,N,nominal,2.0NRT,292.51,3.54,N,VIIRS
48.28869,39.496339999999996,325.83,0.42,0.45,2026-08-23,23:05:00,N,nominal,2.0NRT,291.04,3.09,N,VIIRS
48.28918,39.49062,345.6,0.42,0.45,2026-08-23,23:05:00,N,nominal,2.0NRT,292.68,7.53,N,VIIRS
48.29383,39.48588,302.77,0.42,0.45,2026-08-23,23:05:00,N,nominal,2.0NRT,290.21,5.36,N,VIIRS
48.29285,39.49733,338.1,0.42,0.45,2026-08-23,23:05:00,N,nominal,2.0NRT,292.23,4.74,N,VIIRS
48.29334,39.4916,348.78,0.42,0.45,2026-08-23,23:05:00,N,nominal,2.0NRT,294.37,5.36,N,VIIRS
48.48267,37.06932,308.55,0.54,0.51,2026-08-23,23:05:00,N,nominal,2.0NRT,287.34,1.99,N,VIIRS
48.30168,39.49355,320.64,0.42,0.45,2026-08-23,23:05:00,N,nominal,2.0NRT,290.61,1.95,N,VIIRS
48.30585,39.49445,315.63,0.42,0.45,2026-08-23,23:05:00,N,nominal,2.0NRT,290.55,1.95,N,VIIRS
48.30806,39.51812,307.61,0.42,0.45,2026-08-23,23:05:00,N,nominal,2.0NRT,289.39,1.2,N,VIIRS
48.30905,39.50662,328.94,0.42,0.45,2026-08-23,23:05:00,N,nominal,2.0NRT,290.41,2.84,N,VIIRS
48.31173,39.52468,310.14,0.42,0.45,2026-08-23,23:05:00,N,nominal,2.0NRT,289.76,1.28,N,VIIRS
48.31223,39.51892,310.01,0.42,0.45,2026-08-23,23:05:00,N,nominal,2.0NRT,289.32,1.2,N,VIIRS
48.47158,38.24451,299.2,0.48,0.48,2026-08-23,23:05:00,N,nominal,2.0NRT,288.37,0.53,N,VIIRS
48.47791,38.21916,333.83,0.48,0.48,2026-08-23,23:05:00,N,nominal,2.0NRT,289.76,4.03,N,VIIRS
48.48729,38.21399,301.49,0.48,0.48,2026-08-23,23:05:00,N,nominal,2.0NRT,288.79,1.02,N,VIIRS
48.48777,38.20752,303.79,0.48,0.48,2026-08-23,23:05:00,N,nominal,2.0NRT,288.51,0.93,N,VIIRS
48.49222,38.20825,316.8,0.48,0.48,2026-08-23,23:05:00,N,nominal,2.0NRT,289.06,2.62,N,VIIRS
48.49762,38.19592,304.98,0.48,0.48,2026-08-23,23:05:00,N,nominal,2.0NRT,287.8,0.75,N,VIIRS
48.4643,38.75426,303.23,0.45,0.47,2026-08-23,23:05:00,N,nominal,2.0NRT,291.57,1.53,N,VIIRS
48.54171,37.70274,306.09,0.5,0.49,2026-08-23,23:05:00,N,nominal,2.0NRT,289.34,0.88,N,VIIRS
48.46816,38.76116,301.87,0.45,0.47,2026-08-23,23:05:00,N,nominal,2.0NRT,291.34,0.9,N,VIIRS
48.56165,37.4777,300.32,0.52,0.5,2026-08-23,23:05:00,N,nominal,2.0NRT,286.92,0.64,N,VIIRS
48.58577,37.18303,311.77,0.53,0.5,2026-08-23,23:05:00,N,nominal,2.0NRT,286.52,1.93,N,VIIRS
48.51646,38.24599,302.77,0.48,0.48,2026-08-23,23:05:00,N,nominal,2.0NRT,288.57,0.69,N,VIIRS
48.61547,37.09008,307.02,0.54,0.51,2026-08-23,23:05:00,N,nominal,2.0NRT,286.51,1.32,N,VIIRS
48.6198,37.557,309.58,0.51,0.5,2026-08-23,23:05:00,N,nominal,2.0NRT,288.28,1.24,N,VIIRS
48.67323,37.16427,305.15,0.54,0.5,2026-08-23,23:05:00,N,nominal,2.0NRT,286.53,1.65,N,VIIRS
48.76669,37.42794,298.54,0.52,0.5,2026-08-23,23:05:00,N,nominal,2.0NRT,287.13,0.54,N,VIIRS
48.73933,38.09256,346.31,0.49,0.48,2026-08-23,23:05:00,N,nominal,2.0NRT,290.21,7.52,N,VIIRS
48.8883,36.94143,308.87,0.55,0.51,2026-08-23,23:05:00,N,nominal,2.0NRT,286.67,1.26,N,VIIRS
48.78959,38.59861,323.72,0.46,0.47,2026-08-23,23:05:00,N,nominal,2.0NRT,290.16,2.51,N,VIIRS
48.98666,35.49168,298.05,0.32,0.55,2026-08-23,23:05:00,N,nominal,2.0NRT,285.1,0.46,N,VIIRS
48.82814,38.44251,315.63,0.47,0.48,2026-08-23,23:05:00,N,nominal,2.0NRT,288.95,1.5,N,VIIRS
48.83256,38.44328,302.2,0.47,0.48,2026-08-23,23:05:00,N,nominal,2.0NRT,288.18,1.5,N,VIIRS
48.83221,38.73478,337.07,0.46,0.47,2026-08-23,23:05:00,N,nominal,2.0NRT,290.73,4.62,N,VIIRS
48.83557,38.74815,316.42,0.46,0.47,2026-08-23,23:05:00,N,nominal,2.0NRT,289.33,1.36,N,VIIRS
48.83657,38.73559,339.99,0.46,0.47,2026-08-23,23:05:00,N,nominal,2.0NRT,292.99,4.62,N,VIIRS
48.83707,38.72929,325.07,0.46,0.47,2026-08-23,23:05:00,N,nominal,2.0NRT,290.73,6.7,N,VIIRS
48.83243,38.73487,336.96,0.46,0.47,2026-08-23,23:05:00,N,nominal,2.0NRT,290.76,4.87,N,VIIRS
48.83585,38.74827,318.68,0.46,0.47,2026-08-23,23:05:00,N,nominal,2.0NRT,289.55,2.78,N,VIIRS
48.83678,38.73569,340.78,0.46,0.47,2026-08-23,23:05:00,N,nominal,2.0NRT,292.89,4.87,N,VIIRS
48.83725,38.72939,325.96,0.46,0.47,2026-08-23,23:05:00,N,nominal,2.0NRT,290.81,4.87,N,VIIRS
48.8402,38.7491,318.25,0.46,0.47,2026-08-23,23:05:00,N,nominal,2.0NRT,290.52,2.26,N,VIIRS
48.84114,38.7365,309.49,0.46,0.47,2026-08-23,23:05:00,N,nominal,2.0NRT,289.75,1.63,N,VIIRS
48.84209,38.72386,299.79,0.46,0.47,2026-08-23,23:05:00,N,nominal,2.0NRT,289.12,1.74,N,VIIRS
48.84161,38.73019,321.37,0.46,0.47,2026-08-23,23:05:00,N,nominal,2.0NRT,290.43,1.63,N,VIIRS
48.85128,38.71916,300.43,0.46,0.47,2026-08-23,23:05:00,N,nominal,2.0NRT,288.74,0.63,N,VIIRS
48.85175,38.71282,309.34,0.46,0.47,2026-08-23,23:05:00,N,nominal,2.0NRT,289.48,1.81,N,VIIRS
48.8546,38.67463,301.37,0.46,0.47,2026-08-23,23:05:00,N,nominal,2.0NRT,288.99,0.96,N,VIIRS
48.85564,38.719970000000004,299.9,0.46,0.47,2026-08-23,23:05:00,N,nominal,2.0NRT,288.92,0.63,N,VIIRS
48.85611,38.71363,315.73,0.46,0.47,2026-08-23,23:05:00,N,nominal,2.0NRT,289.61,1.81,N,VIIRS
48.85992,38.66267,313.89,0.46,0.47,2026-08-23,23:05:00,N,nominal,2.0NRT,289.77,2.01,N,VIIRS
48.93275,37.68961,299.74,0.51,0.49,2026-08-23,23:05:00,N,nominal,2.0NRT,287.55,0.56,N,VIIRS
48.9784,36.96077,297.86,0.55,0.51,2026-08-23,23:05:00,N,nominal,2.0NRT,285.77,1.19,N,VIIRS
48.91837,38.03794,300.11,0.49,0.49,2026-08-23,23:05:00,N,nominal,2.0NRT,288.44,0.54,N,VIIRS
48.95551,37.89848,299.03,0.5,0.49,2026-08-23,23:05:00,N,nominal,2.0NRT,288.37,1.1,N,VIIRS
48.98176,37.71845,299.44,0.51,0.49,2026-08-23,23:05:00,N,nominal,2.0NRT,288.33,0.57,N,VIIRS
48.9695,38.08811,298.71,0.49,0.49,2026-08-23,23:05:00,N,nominal,2.0NRT,288.54,1,N,VIIRS
48.93389,38.62392,299.43,0.46,0.47,2026-08-23,23:05:00,N,nominal,2.0NRT,289.33,0.77,N,VIIRS
49.00364,38.06727,311.69,0.49,0.49,2026-08-23,23:05:00,N,nominal,2.0NRT,288.92,1.11,N,VIIRS
49.00412,38.06042,299.2,0.49,0.49,2026-08-23,23:05:00,N,nominal,2.0NRT,288.47,1.11,N,VIIRS
49.00258,38.64427,304.47,0.46,0.47,2026-08-23,23:05:00,N,nominal,2.0NRT,289.11,1.37,N,VIIRS
49.00209,38.65072,343.29,0.46,0.47,2026-08-23,23:05:00,N,nominal,2.0NRT,290.95,6.84,N,VIIRS
49.006,38.65771,313.31,0.46,0.47,2026-08-23,23:05:00,N,nominal,2.0NRT,289.63,1.52,N,VIIRS
49.00649,38.65132,327.94,0.46,0.47,2026-08-23,23:05:00,N,nominal,2.0NRT,290.72,1.52,N,VIIRS
49.00698,38.6449,324.64,0.46,0.47,2026-08-23,23:05:00,N,nominal,2.0NRT,290.2,1.81,N,VIIRS
49.00746,38.63847,327.72,0.46,0.47,2026-08-23,23:05:00,N,nominal,2.0NRT,289.58,1.81,N,VIIRS
49.04003,38.19669,325.38,0.49,0.48,2026-08-23,23:05:00,N,nominal,2.0NRT,289.65,3.77,N,VIIRS
49.01041,38.65823,300.6,0.46,0.47,2026-08-23,23:05:00,N,nominal,2.0NRT,289.05,1.52,N,VIIRS
49.01089,38.65184,300.15,0.46,0.47,2026-08-23,23:05:00,N,nominal,2.0NRT,289.05,1.52,N,VIIRS
49.01138,38.64547,300.87,0.46,0.47,2026-08-23,23:05:00,N,nominal,2.0NRT,289.11,1.81,N,VIIRS
49.01186,38.63906,300.29,0.46,0.47,2026-08-23,23:05:00,N,nominal,2.0NRT,288.94,1.81,N,VIIRS
49.01577,38.64611,301.56,0.46,0.47,2026-08-23,23:05:00,N,nominal,2.0NRT,289.35,0.77,N,VIIRS
49.13034,37.53941,299.74,0.52,0.5,2026-08-23,23:05:00,N,nominal,2.0NRT,287.08,0.87,N,VIIRS
49.07584,39.0162,331.08,0.45,0.47,2026-08-23,23:05:00,N,nominal,2.0NRT,290.7,2.75,N,VIIRS
49.21306,38.16319,299.69,0.49,0.49,2026-08-23,23:05:00,N,nominal,2.0NRT,288.59,0.67,N,VIIRS
49.21756,38.16399,304.66,0.49,0.49,2026-08-23,23:05:00,N,nominal,2.0NRT,288.84,1.41,N,VIIRS
49.21804,38.15704,323.4,0.49,0.49,2026-08-23,23:05:00,N,nominal,2.0NRT,288.95,2.93,N,VIIRS
49.26482,37.80636,297.77,0.51,0.49,2026-08-23,23:05:00,N,nominal,2.0NRT,286.64,0.67,N,VIIRS
49.26939,37.80702,310.3,0.51,0.49,2026-08-23,23:05:00,N,nominal,2.0NRT,286.62,1.6,N,VIIRS
44.52872,34.1325,315.28,0.34,0.56,2026-08-23,23:05:00,N,nominal,2.0NRT,291.28,2.24,N,VIIRS
44.52859,34.13504,330.52,0.34,0.56,2026-08-23,23:05:00,N,nominal,2.0NRT,292.24,2.24,N,VIIRS
45.2515,35.52893,301.59,0.59,0.53,2026-08-23,23:05:00,N,nominal,2.0NRT,290.06,1.62,N,VIIRS
45.25266,35.53529,302.59,0.59,0.53,2026-08-23,23:05:00,N,nominal,2.0NRT,290.21,0.6,N,VIIRS
45.43511,34.05643,301.33,0.35,0.57,2026-08-23,23:05:00,N,nominal,2.0NRT,288.25,1.16,N,VIIRS
45.43534,34.05183,318.51,0.35,0.57,2026-08-23,23:05:00,N,nominal,2.0NRT,288.85,1.27,N,VIIRS
45.44064,34.05228,302.6,0.35,0.57,2026-08-23,23:05:00,N,nominal,2.0NRT,288.2,1.27,N,VIIRS
45.43314,34.05463,313.88,0.35,0.57,2026-08-23,23:05:00,N,nominal,2.0NRT,288.62,0.87,N,VIIRS
45.43335,34.05001,299.19,0.35,0.57,2026-08-23,23:05:00,N,nominal,2.0NRT,288.35,1.2,N,VIIRS
45.43845,34.05509,304.5,0.35,0.57,2026-08-23,23:05:00,N,nominal,2.0NRT,288.32,0.87,N,VIIRS
45.43865,34.05048,308.91,0.35,0.57,2026-08-23,23:05:00,N,nominal,2.0NRT,288.49,1.2,N,VIIRS
45.69353,34.42467,304.4,0.34,0.56,2026-08-23,23:05:00,N,nominal,2.0NRT,289.22,0.62,N,VIIRS
45.84573,29.67446,324.75,0.57,0.69,2026-08-23,23:05:00,N,nominal,2.0NRT,285.89,3.25,N,VIIRS
45.84483,29.6728,323.04,0.58,0.69,2026-08-23,23:05:00,N,nominal,2.0NRT,286.07,2.09,N,VIIRS
45.91271,28.87912,297.27,0.63,0.72,2026-08-23,23:05:00,N,nominal,2.0NRT,285.77,1.24,N,VIIRS
45.91946,28.8793,304.09,0.63,0.72,2026-08-23,23:05:00,N,nominal,2.0NRT,285.53,1.11,N,VIIRS
45.94247,30.26628,304.16,0.54,0.68,2026-08-23,23:05:00,N,nominal,2.0NRT,286.25,0.97,N,VIIRS
45.94257,30.25904,298.96,0.54,0.68,2026-08-23,23:05:00,N,nominal,2.0NRT,285.53,0.97,N,VIIRS
45.94882,30.2665,318.36,0.54,0.68,2026-08-23,23:05:00,N,nominal,2.0NRT,286.36,2.58,N,VIIRS
45.94892,30.25926,315.46,0.54,0.68,2026-08-23,23:05:00,N,nominal,2.0NRT,285.8,2.58,N,VIIRS
45.98165,30.19506,312.63,0.54,0.68,2026-08-23,23:05:00,N,nominal,2.0NRT,286.34,1.48,N,VIIRS
45.98176,30.18771,296.64,0.54,0.68,2026-08-23,23:05:00,N,nominal,2.0NRT,286.53,1.48,N,VIIRS
45.94399,30.26318,340.46,0.54,0.68,2026-08-23,23:05:00,N,nominal,2.0NRT,287.45,4.35,N,VIIRS
45.95034,30.26343,309.88,0.54,0.68,2026-08-23,23:05:00,N,nominal,2.0NRT,286.09,0.95,N,VIIRS
45.97647,30.19186,306.29,0.54,0.68,2026-08-23,23:05:00,N,nominal,2.0NRT,286,1.19,N,VIIRS
45.98285,30.19209,313.42,0.54,0.68,2026-08-23,23:05:00,N,nominal,2.0NRT,286.36,1.19,N,VIIRS
45.99597,30.15575,297.03,0.55,0.68,2026-08-23,23:05:00,N,nominal,2.0NRT,286.42,0.72,N,VIIRS
45.91647,34.86402,304.15,0.32,0.55,2026-08-23,23:05:00,N,nominal,2.0NRT,288.82,0.44,N,VIIRS
46.17533,30.34213,309.16,0.54,0.68,2026-08-23,23:05:00,N,nominal,2.0NRT,287.86,0.69,N,VIIRS
46.16664,33.18294,318.83,0.39,0.59,2026-08-23,23:05:00,N,nominal,2.0NRT,288.14,2.31,N,VIIRS
46.16684,33.17776,305.05,0.39,0.59,2026-08-23,23:05:00,N,nominal,2.0NRT,287.68,1.22,N,VIIRS
46.1722,33.18344,300.35,0.39,0.59,2026-08-23,23:05:00,N,nominal,2.0NRT,286.84,0.66,N,VIIRS
46.17239,33.17822,298.76,0.39,0.59,2026-08-23,23:05:00,N,nominal,2.0NRT,286.63,0.63,N,VIIRS
46.19705,33.52497,301.94,0.38,0.59,2026-08-23,23:05:00,N,nominal,2.0NRT,286.59,0.66,N,VIIRS
46.19767,33.5258,302.18,0.38,0.59,2026-08-23,23:05:00,N,nominal,2.0NRT,286.9,0.55,N,VIIRS
46.26138,34.82413,320.29,0.33,0.55,2026-08-23,23:05:00,N,nominal,2.0NRT,289.25,1.51,N,VIIRS
46.26673,34.82039,312.51,0.33,0.55,2026-08-23,23:05:00,N,nominal,2.0NRT,288.62,1.42,N,VIIRS
46.26695,34.81605,313.88,0.33,0.55,2026-08-23,23:05:00,N,nominal,2.0NRT,288.89,1.25,N,VIIRS
46.26652,34.82473,328.42,0.33,0.55,2026-08-23,23:05:00,N,nominal,2.0NRT,289.4,1.42,N,VIIRS
46.27187,34.821,306.58,0.33,0.55,2026-08-23,23:05:00,N,nominal,2.0NRT,289.13,1.42,N,VIIRS
46.27208,34.81665,307.34,0.33,0.55,2026-08-23,23:05:00,N,nominal,2.0NRT,288.93,1.25,N,VIIRS
46.27282,34.90374,316.66,0.32,0.55,2026-08-23,23:05:00,N,nominal,2.0NRT,288.68,1.34,N,VIIRS
46.3925,32.70425,304.05,0.41,0.61,2026-08-23,23:05:00,N,nominal,2.0NRT,286.95,1.25,N,VIIRS
46.39268,32.6987,304.47,0.42,0.61,2026-08-23,23:05:00,N,nominal,2.0NRT,286.69,1.23,N,VIIRS
46.37799,33.67828,300.8,0.37,0.58,2026-08-23,23:05:00,N,nominal,2.0NRT,287.7,1.39,N,VIIRS
46.3782,33.6733,328.78,0.37,0.58,2026-08-23,23:05:00,N,nominal,2.0NRT,288.21,1.39,N,VIIRS
46.38343,33.67876,298.21,0.37,0.58,2026-08-23,23:05:00,N,nominal,2.0NRT,286.62,0.46,N,VIIRS
46.38364,33.67377,303.76,0.37,0.58,2026-08-23,23:05:00,N,nominal,2.0NRT,287.69,0.46,N,VIIRS
46.43767,32.18462,302.11,0.44,0.62,2026-08-23,23:05:00,N,nominal,2.0NRT,288.75,1.38,N,VIIRS
46.43784,32.17872,319.33,0.44,0.62,2026-08-23,23:05:00,N,nominal,2.0NRT,289.53,1.38,N,VIIRS
46.38907,33.67426,305.22,0.37,0.58,2026-08-23,23:05:00,N,nominal,2.0NRT,287.92,0.46,N,VIIRS
46.40454,33.43772,299.2,0.38,0.59,2026-08-23,23:05:00,N,nominal,2.0NRT,286.9,0.45,N,VIIRS
46.37924,33.67704,308.99,0.37,0.58,2026-08-23,23:05:00,N,nominal,2.0NRT,287.88,1.55,N,VIIRS
46.37943,33.67207,327.39,0.37,0.58,2026-08-23,23:05:00,N,nominal,2.0NRT,288.26,1.55,N,VIIRS
46.38486,33.67256,333.93,0.37,0.58,2026-08-23,23:05:00,N,nominal,2.0NRT,288.24,1.55,N,VIIRS
46.3903,33.67306,298.74,0.37,0.58,2026-08-23,23:05:00,N,nominal,2.0NRT,287.52,0.26,N,VIIRS
46.43688,32.1819,319.41,0.44,0.62,2026-08-23,23:05:00,N,nominal,2.0NRT,289.6,1.52,N,VIIRS
46.44271,32.18227,301.23,0.44,0.62,2026-08-23,23:05:00,N,nominal,2.0NRT,288.87,1.52,N,VIIRS
46.36015,34.95265,319.66,0.32,0.55,2026-08-23,23:05:00,N,nominal,2.0NRT,288.81,1.21,N,VIIRS
46.41784,34.18131,297.9,0.35,0.57,2026-08-23,23:05:00,N,nominal,2.0NRT,287.76,0.53,N,VIIRS
46.41804,34.17661,301.92,0.35,0.57,2026-08-23,23:05:00,N,nominal,2.0NRT,286.71,0.65,N,VIIRS
46.43835,34.53102,313.4,0.34,0.56,2026-08-23,23:05:00,N,nominal,2.0NRT,288.37,1.11,N,VIIRS
46.39943,35.357170000000004,302.31,0.62,0.54,2026-08-23,23:05:00,N,nominal,2.0NRT,289.36,1.3,N,VIIRS
46.44357,34.5316,318.5,0.34,0.56,2026-08-23,23:05:00,N,nominal,2.0NRT,288.87,1.11,N,VIIRS
46.40443,35.35775,302.3,0.62,0.54,2026-08-23,23:05:00,N,nominal,2.0NRT,289.24,1.24,N,VIIRS
46.40307,35.36338,306.39,0.62,0.54,2026-08-23,23:05:00,N,nominal,2.0NRT,289.73,1.54,N,VIIRS
46.40593,35.40502,314.01,0.62,0.54,2026-08-23,23:05:00,N,nominal,2.0NRT,289.97,2.16,N,VIIRS
46.60617,32.71724,305.63,0.42,0.61,2026-08-23,23:05:00,N,nominal,2.0NRT,289.16,0.64,N,VIIRS
46.52624,34.8595,305.79,0.33,0.55,2026-08-23,23:05:00,N,nominal,2.0NRT,288.2,0.69,N,VIIRS
46.62915,32.71328,304.68,0.42,0.61,2026-08-23,23:05:00,N,nominal,2.0NRT,289.13,0.71,N,VIIRS
46.63062,32.71419,304.23,0.42,0.61,2026-08-23,23:05:00,N,nominal,2.0NRT,288.78,0.7,N,VIIRS
46.5334,35.55045,303.21,0.61,0.53,2026-08-23,23:05:00,N,nominal,2.0NRT,288.31,2.48,N,VIIRS
46.6557,32.63815,309.79,0.42,0.61,2026-08-23,23:05:00,N,nominal,2.0NRT,289.24,0.92,N,VIIRS
46.53295,35.55856,322.39,0.61,0.53,2026-08-23,23:05:00,N,nominal,2.0NRT,288.46,2.48,N,VIIRS
46.68037,32.15632,299.01,0.44,0.63,2026-08-23,23:05:00,N,nominal,2.0NRT,286.16,0.72,N,VIIRS
46.63876,33.90676,299.76,0.36,0.58,2026-08-23,23:05:00,N,nominal,2.0NRT,287.68,0.97,N,VIIRS
46.63896,33.90187,316.66,0.37,0.58,2026-08-23,23:05:00,N,nominal,2.0NRT,287.31,1.76,N,VIIRS
46.63916,33.89697,302.17,0.37,0.58,2026-08-23,23:05:00,N,nominal,2.0NRT,287.39,1.76,N,VIIRS
46.63937,33.89206,337.85,0.37,0.58,2026-08-23,23:05:00,N,nominal,2.0NRT,289.01,4.03,N,VIIRS
46.64434,33.9024,321.56,0.37,0.58,2026-08-23,23:05:00,N,nominal,2.0NRT,287.86,3.18,N,VIIRS
46.64476,33.89259,350.75,0.37,0.58,2026-08-23,23:05:00,N,nominal,2.0NRT,289.38,2.75,N,VIIRS
46.65014,33.8931,298.46,0.37,0.58,2026-08-23,23:05:00,N,nominal,2.0NRT,287.44,2.75,N,VIIRS
46.65471,33.91321,327.47,0.36,0.58,2026-08-23,23:05:00,N,nominal,2.0NRT,287.37,1.22,N,VIIRS
46.66008,33.91374,297.36,0.36,0.58,2026-08-23,23:05:00,N,nominal,2.0NRT,286.84,1.22,N,VIIRS
46.71399,32.60758,297.1,0.42,0.61,2026-08-23,23:05:00,N,nominal,2.0NRT,286.66,0.31,N,VIIRS
46.66568,33.90935,320.29,0.36,0.58,2026-08-23,23:05:00,N,nominal,2.0NRT,287.67,1.31,N,VIIRS
46.67645,33.91038,298.78,0.36,0.58,2026-08-23,23:05:00,N,nominal,2.0NRT,287.17,0.43,N,VIIRS
46.67666,33.90548,299.94,0.37,0.58,2026-08-23,23:05:00,N,nominal,2.0NRT,286.96,1.07,N,VIIRS
46.67688,33.90057,313.09,0.37,0.58,2026-08-23,23:05:00,N,nominal,2.0NRT,286.79,1.07,N,VIIRS
46.68226,33.90108,309.64,0.37,0.58,2026-08-23,23:05:00,N,nominal,2.0NRT,287.5,1.07,N,VIIRS
46.68248,33.89617,307.27,0.37,0.58,2026-08-23,23:05:00,N,nominal,2.0NRT,287.06,2.07,N,VIIRS
46.66204,34.34538,322.54,0.35,0.57,2026-08-23,23:05:00,N,nominal,2.0NRT,288.11,1.46,N,VIIRS
46.66732,34.34593,298.92,0.35,0.57,2026-08-23,23:05:00,N,nominal,2.0NRT,287.28,0.45,N,VIIRS
46.66998,34.289790000000004,301.36,0.35,0.57,2026-08-23,23:05:00,N,nominal,2.0NRT,287.88,0.63,N,VIIRS
46.67259,34.34651,298.4,0.35,0.57,2026-08-23,23:05:00,N,nominal,2.0NRT,286.95,0.45,N,VIIRS
46.67527,34.29033,311.94,0.35,0.57,2026-08-23,23:05:00,N,nominal,2.0NRT,287.75,0.63,N,VIIRS
46.67549,34.28564,302.43,0.35,0.57,2026-08-23,23:05:00,N,nominal,2.0NRT,287.14,0.63,N,VIIRS
46.68078,34.28617,304.76,0.35,0.57,2026-08-23,23:05:00,N,nominal,2.0NRT,287.47,0.5,N,VIIRS
46.64052,35.25638,300.54,0.63,0.54,2026-08-23,23:05:00,N,nominal,2.0NRT,288.88,0.54,N,VIIRS
46.6658,34.34625,304.68,0.35,0.57,2026-08-23,23:05:00,N,nominal,2.0NRT,287.2,0.52,N,VIIRS
46.67346,34.29063,306.94,0.35,0.57,2026-08-23,23:05:00,N,nominal,2.0NRT,287.94,0.79,N,VIIRS
46.67366,34.28593,300.83,0.35,0.57,2026-08-23,23:05:00,N,nominal,2.0NRT,287.11,0.99,N,VIIRS
46.67895,34.28648,315.08,0.35,0.57,2026-08-23,23:05:00,N,nominal,2.0NRT,287.6,1.25,N,VIIRS
46.71621,34.16206,315.61,0.36,0.57,2026-08-23,23:05:00,N,nominal,2.0NRT,286.9,1.21,N,VIIRS
46.71601,34.16684,320.96,0.36,0.57,2026-08-23,23:05:00,N,nominal,2.0NRT,288.08,1.21,N,VIIRS
46.85123,31.82944,297.17,0.46,0.63,2026-08-23,23:05:00,N,nominal,2.0NRT,285.59,0.88,N,VIIRS
46.86328,31.82383,312.42,0.46,0.64,2026-08-23,23:05:00,N,nominal,2.0NRT,285.53,1.71,N,VIIRS
46.74074,35.15642,300.26,0.32,0.54,2026-08-23,23:05:00,N,nominal,2.0NRT,288.33,0.88,N,VIIRS
46.74215,35.13085,305.48,0.32,0.55,2026-08-23,23:05:00,N,nominal,2.0NRT,288.44,1.53,N,VIIRS
46.74098,35.15215,325.23,0.32,0.54,2026-08-23,23:05:00,N,nominal,2.0NRT,288.99,0.88,N,VIIRS
46.74605,35.1528,305.78,0.32,0.54,2026-08-23,23:05:00,N,nominal,2.0NRT,288.18,0.88,N,VIIRS
46.74699,35.13577,314.34,0.32,0.55,2026-08-23,23:05:00,N,nominal,2.0NRT,288.96,1.43,N,VIIRS
46.73897,35.15386,316.3,0.32,0.54,2026-08-23,23:05:00,N,nominal,2.0NRT,288.87,1.19,N,VIIRS
46.74023,35.12819,304.71,0.32,0.55,2026-08-23,23:05:00,N,nominal,2.0NRT,288.26,0.33,N,VIIRS
46.85421,31.82938,298.07,0.46,0.64,2026-08-23,23:05:00,N,nominal,2.0NRT,285.58,0.92,N,VIIRS
46.74404,35.15451,299.73,0.32,0.54,2026-08-23,23:05:00,N,nominal,2.0NRT,288.5,0.81,N,VIIRS
46.7451,35.13313,305.12,0.32,0.55,2026-08-23,23:05:00,N,nominal,2.0NRT,288.42,0.73,N,VIIRS
46.86029,31.8235,296.16,0.46,0.64,2026-08-23,23:05:00,N,nominal,2.0NRT,285.38,0.57,N,VIIRS
46.74425,35.15023,322.64,0.32,0.54,2026-08-23,23:05:00,N,nominal,2.0NRT,288.76,0.81,N,VIIRS
46.74996,35.1381,303.77,0.32,0.55,2026-08-23,23:05:00,N,nominal,2.0NRT,288.58,0.73,N,VIIRS
46.86623,31.8238,304.07,0.46,0.64,2026-08-23,23:05:00,N,nominal,2.0NRT,284.81,0.57,N,VIIRS
46.73669,35.67725,300.97,0.6,0.53,2026-08-23,23:05:00,N,nominal,2.0NRT,287.83,1.29,N,VIIRS
46.76671,35.1099,315.37,0.32,0.55,2026-08-23,23:05:00,N,nominal,2.0NRT,288.4,0.83,N,VIIRS
46.74611,35.59708,301.33,0.61,0.53,2026-08-23,23:05:00,N,nominal,2.0NRT,288.26,0.9,N,VIIRS
46.83422,33.84264,307.17,0.37,0.58,2026-08-23,23:05:00,N,nominal,2.0NRT,287.12,0.78,N,VIIRS
46.82575,34.17915,306.79,0.36,0.57,2026-08-23,23:05:00,N,nominal,2.0NRT,287.97,0.79,N,VIIRS
46.8414,33.79838,305.23,0.37,0.58,2026-08-23,23:05:00,N,nominal,2.0NRT,287.02,0.81,N,VIIRS
46.77942,35.259,300.06,0.63,0.54,2026-08-23,23:05:00,N,nominal,2.0NRT,287.89,0.74,N,VIIRS
46.74165,36.01994,299.82,0.58,0.52,2026-08-23,23:05:00,N,nominal,2.0NRT,289.01,0.52,N,VIIRS
46.78492,35.25117,311.93,0.63,0.54,2026-08-23,23:05:00,N,nominal,2.0NRT,288.24,3.22,N,VIIRS
46.74744,36.00509,301.04,0.58,0.52,2026-08-23,23:05:00,N,nominal,2.0NRT,288.48,1.14,N,VIIRS
46.78997,35.25174,310.19,0.63,0.54,2026-08-23,23:05:00,N,nominal,2.0NRT,288.77,2.16,N,VIIRS
46.79041,35.24335,320.74,0.63,0.54,2026-08-23,23:05:00,N,nominal,2.0NRT,288.67,2.16,N,VIIRS
46.7523,36.00573,304.47,0.58,0.52,2026-08-23,23:05:00,N,nominal,2.0NRT,288.69,1.14,N,VIIRS
46.79547,35.2439,302.47,0.63,0.54,2026-08-23,23:05:00,N,nominal,2.0NRT,288.05,2.16,N,VIIRS
46.74309,36.23603,307.38,0.57,0.52,2026-08-23,23:05:00,N,nominal,2.0NRT,288.85,1.33,N,VIIRS
46.7479,36.2367,318.85,0.57,0.52,2026-08-23,23:05:00,N,nominal,2.0NRT,288.9,1.33,N,VIIRS
46.87646,33.87159,300.53,0.37,0.58,2026-08-23,23:05:00,N,nominal,2.0NRT,286.87,0.81,N,VIIRS
46.87666,33.86664,318.25,0.37,0.58,2026-08-23,23:05:00,N,nominal,2.0NRT,287.26,2.56,N,VIIRS
46.88186,33.87211,311.35,0.37,0.58,2026-08-23,23:05:00,N,nominal,2.0NRT,286.86,0.81,N,VIIRS
46.88747,33.86767,315.67,0.37,0.58,2026-08-23,23:05:00,N,nominal,2.0NRT,287.1,1.18,N,VIIRS
46.89288,33.86815,300.59,0.37,0.58,2026-08-23,23:05:00,N,nominal,2.0NRT,286.2,1.18,N,VIIRS
46.90133,33.92353,304.11,0.37,0.58,2026-08-23,23:05:00,N,nominal,2.0NRT,286.77,0.83,N,VIIRS
46.90155,33.91861,297.89,0.37,0.58,2026-08-23,23:05:00,N,nominal,2.0NRT,286.67,0.67,N,VIIRS
46.90176,33.91368,305.3,0.37,0.58,2026-08-23,23:05:00,N,nominal,2.0NRT,286.88,0.67,N,VIIRS
46.90198,33.90875,313.36,0.37,0.58,2026-08-23,23:05:00,N,nominal,2.0NRT,287.41,1.2,N,VIIRS
46.90219,33.90382,305.57,0.37,0.58,2026-08-23,23:05:00,N,nominal,2.0NRT,286.83,1.2,N,VIIRS
46.90716,33.91418,305.34,0.37,0.58,2026-08-23,23:05:00,N,nominal,2.0NRT,287.57,0.81,N,VIIRS
46.90737,33.90925,301.51,0.37,0.58,2026-08-23,23:05:00,N,nominal,2.0NRT,287.48,1.29,N,VIIRS
46.90759,33.90432,319.13,0.37,0.58,2026-08-23,23:05:00,N,nominal,2.0NRT,287.51,1.29,N,VIIRS
46.9078,33.89938,306.36,0.37,0.58,2026-08-23,23:05:00,N,nominal,2.0NRT,286.68,1.4,N,VIIRS
46.90802,33.89444,305.53,0.37,0.58,2026-08-23,23:05:00,N,nominal,2.0NRT,286.98,1.4,N,VIIRS
46.91363,33.88998,309.38,0.37,0.58,2026-08-23,23:05:00,N,nominal,2.0NRT,286.89,1.45,N,VIIRS
46.81942,35.79255,299.33,0.6,0.53,2026-08-23,23:05:00,N,nominal,2.0NRT,287.97,0.36,N,VIIRS
46.89413,33.86578,302.53,0.37,0.58,2026-08-23,23:05:00,N,nominal,2.0NRT,286.57,0.45,N,VIIRS
46.90268,33.92621,299.23,0.37,0.58,2026-08-23,23:05:00,N,nominal,2.0NRT,286.77,0.48,N,VIIRS
46.90287,33.92129,304.72,0.37,0.58,2026-08-23,23:05:00,N,nominal,2.0NRT,287,0.48,N,VIIRS
46.90324,33.91141,323.72,0.37,0.58,2026-08-23,23:05:00,N,nominal,2.0NRT,287.99,2.99,N,VIIRS
46.90343,33.90647,324.43,0.37,0.58,2026-08-23,23:05:00,N,nominal,2.0NRT,287.81,2.42,N,VIIRS
46.90902,33.90205,317.29,0.37,0.58,2026-08-23,23:05:00,N,nominal,2.0NRT,287.8,2.42,N,VIIRS
46.90921,33.89709,303.94,0.37,0.58,2026-08-23,23:05:00,N,nominal,2.0NRT,287.39,1.11,N,VIIRS
46.9094,33.89214,308.8,0.37,0.58,2026-08-23,23:05:00,N,nominal,2.0NRT,287.07,1.11,N,VIIRS
46.8001,36.22852,300.01,0.57,0.52,2026-08-23,23:05:00,N,nominal,2.0NRT,289.08,0.62,N,VIIRS
46.9148,33.89265,299.42,0.37,0.58,2026-08-23,23:05:00,N,nominal,2.0NRT,286.86,0.35,N,VIIRS
46.78805,36.5052,306.57,0.55,0.51,2026-08-23,23:05:00,N,nominal,2.0NRT,289.91,1.2,N,VIIRS
46.78851,36.49786,306.01,0.55,0.51,2026-08-23,23:05:00,N,nominal,2.0NRT,289.7,1.67,N,VIIRS
46.85533,35.95654,306.23,0.59,0.53,2026-08-23,23:05:00,N,nominal,2.0NRT,288.25,0.64,N,VIIRS
46.94072,34.30349,298.51,0.35,0.57,2026-08-23,23:05:00,N,nominal,2.0NRT,287.69,0.2,N,VIIRS
46.91851,35.1872,301.85,0.32,0.54,2026-08-23,23:05:00,N,nominal,2.0NRT,288.03,0.31,N,VIIRS
46.86486,36.57557,339.86,0.55,0.51,2026-08-23,23:05:00,N,nominal,2.0NRT,290.5,3.55,N,VIIRS
46.86534,36.5684,327.26,0.55,0.51,2026-08-23,23:05:00,N,nominal,2.0NRT,290.24,5.96,N,VIIRS
46.86911,36.58353,318.19,0.55,0.51,2026-08-23,23:05:00,N,nominal,2.0NRT,289.96,3.55,N,VIIRS
46.86958,36.57635,317.52,0.55,0.51,2026-08-23,23:05:00,N,nominal,2.0NRT,290.12,3.55,N,VIIRS
46.87007,36.5691,325.19,0.55,0.51,2026-08-23,23:05:00,N,nominal,2.0NRT,290.18,5.96,N,VIIRS
46.87056,36.56182,338.27,0.55,0.51,2026-08-23,23:05:00,N,nominal,2.0NRT,290.29,5.96,N,VIIRS
46.8753,36.56248,318.65,0.55,0.51,2026-08-23,23:05:00,N,nominal,2.0NRT,289.84,2.62,N,VIIRS
46.92891,35.71751,298.96,0.6,0.53,2026-08-23,23:05:00,N,nominal,2.0NRT,287.72,0.51,N,VIIRS
46.87481,36.56982,329.43,0.55,0.51,2026-08-23,23:05:00,N,nominal,2.0NRT,289.57,2.62,N,VIIRS
46.87856,36.585,317.6,0.55,0.51,2026-08-23,23:05:00,N,nominal,2.0NRT,289.55,4.25,N,VIIRS
46.88004,36.56316,303.26,0.55,0.51,2026-08-23,23:05:00,N,nominal,2.0NRT,289.1,2.62,N,VIIRS
46.87954,36.57051,329.64,0.55,0.51,2026-08-23,23:05:00,N,nominal,2.0NRT,289.89,2.62,N,VIIRS
46.86071,36.57387,300.54,0.55,0.51,2026-08-23,23:05:00,N,nominal,2.0NRT,289.79,0.84,N,VIIRS
46.86544,36.57465,340.39,0.55,0.51,2026-08-23,23:05:00,N,nominal,2.0NRT,290.56,4.39,N,VIIRS
46.86588,36.56741,329.39,0.55,0.51,2026-08-23,23:05:00,N,nominal,2.0NRT,290.03,4.39,N,VIIRS
46.87017,36.57539,309.04,0.55,0.51,2026-08-23,23:05:00,N,nominal,2.0NRT,289.65,4.39,N,VIIRS
46.86972,36.58258,321.1,0.55,0.51,2026-08-23,23:05:00,N,nominal,2.0NRT,290,2.29,N,VIIRS
46.87062,36.56812,327.46,0.55,0.51,2026-08-23,23:05:00,N,nominal,2.0NRT,290.2,4.39,N,VIIRS
46.87107,36.56082,338.7,0.55,0.51,2026-08-23,23:05:00,N,nominal,2.0NRT,290.15,8.07,N,VIIRS
46.8749,36.57612,301.05,0.55,0.51,2026-08-23,23:05:00,N,nominal,2.0NRT,288.83,3.36,N,VIIRS
46.87581,36.56149,311.92,0.55,0.51,2026-08-23,23:05:00,N,nominal,2.0NRT,289.41,2.78,N,VIIRS
46.87535,36.56885,330.08,0.55,0.51,2026-08-23,23:05:00,N,nominal,2.0NRT,289.41,3.36,N,VIIRS
46.92983,35.71576,298.81,0.6,0.53,2026-08-23,23:05:00,N,nominal,2.0NRT,287.65,0.67,N,VIIRS
46.87919,36.58408,321.13,0.55,0.51,2026-08-23,23:05:00,N,nominal,2.0NRT,289.76,2.42,N,VIIRS
46.88009,36.56955,328.22,0.55,0.51,2026-08-23,23:05:00,N,nominal,2.0NRT,289.76,3.36,N,VIIRS
46.88392,36.58483,305.81,0.55,0.51,2026-08-23,23:05:00,N,nominal,2.0NRT,288.76,1.01,N,VIIRS
46.88437,36.57754,313.27,0.55,0.51,2026-08-23,23:05:00,N,nominal,2.0NRT,289.41,1.92,N,VIIRS
46.88483,36.57021,316.66,0.55,0.51,2026-08-23,23:05:00,N,nominal,2.0NRT,288.96,1.92,N,VIIRS
46.88911,36.57824,316.08,0.55,0.51,2026-08-23,23:05:00,N,nominal,2.0NRT,289.31,1.92,N,VIIRS
46.88787,36.67333,314.74,0.54,0.51,2026-08-23,23:05:00,N,nominal,2.0NRT,289.77,1.26,N,VIIRS
46.89385,36.57892,318.1,0.55,0.51,2026-08-23,23:05:00,N,nominal,2.0NRT,289.32,1.83,N,VIIRS
47.02266,34.08659,302.26,0.36,0.57,2026-08-23,23:05:00,N,nominal,2.0NRT,288.03,0.58,N,VIIRS
46.89304,36.66682,307.21,0.54,0.51,2026-08-23,23:05:00,N,nominal,2.0NRT,290.12,1.71,N,VIIRS
46.89859,36.57955,303.07,0.55,0.51,2026-08-23,23:05:00,N,nominal,2.0NRT,288.77,1.83,N,VIIRS
46.9794,35.25474,301.74,0.63,0.54,2026-08-23,23:05:00,N,nominal,2.0NRT,287.65,0.63,N,VIIRS
46.99118,35.22392,315.91,0.32,0.54,2026-08-23,23:05:00,N,nominal,2.0NRT,288.3,2.65,N,VIIRS
47.05428,33.83649,320.48,0.37,0.58,2026-08-23,23:05:00,N,nominal,2.0NRT,287.86,1.11,N,VIIRS
47.05989,33.8321,298.02,0.37,0.58,2026-08-23,23:05:00,N,nominal,2.0NRT,287.92,1.11,N,VIIRS
46.99624,35.22454,341.06,0.32,0.54,2026-08-23,23:05:00,N,nominal,2.0NRT,289.81,2.65,N,VIIRS
46.99646,35.22025,341.17,0.32,0.54,2026-08-23,23:05:00,N,nominal,2.0NRT,288.85,2.65,N,VIIRS
46.94798,36.17124,301.74,0.57,0.52,2026-08-23,23:05:00,N,nominal,2.0NRT,288.08,0.81,N,VIIRS
47.00153,35.22087,328.24,0.32,0.54,2026-08-23,23:05:00,N,nominal,2.0NRT,288.31,1.72,N,VIIRS
47.07555,33.84853,299.02,0.37,0.58,2026-08-23,23:05:00,N,nominal,2.0NRT,287.32,0.64,N,VIIRS
46.97593,36.11309,304.06,0.58,0.52,2026-08-23,23:05:00,N,nominal,2.0NRT,288.75,1.44,N,VIIRS
46.97641,36.1053,306.05,0.58,0.52,2026-08-23,23:05:00,N,nominal,2.0NRT,288.31,2.21,N,VIIRS
46.9887,35.90128,309.63,0.59,0.53,2026-08-23,23:05:00,N,nominal,2.0NRT,287.87,1.38,N,VIIRS
46.97,36.794670000000004,301.27,0.54,0.51,2026-08-23,23:05:00,N,nominal,2.0NRT,289.4,0.39,N,VIIRS
47.07135,35.86086,303.69,0.59,0.53,2026-08-23,23:05:00,N,nominal,2.0NRT,286.67,2.84,N,VIIRS
47.08585,35.95129,298.37,0.59,0.53,2026-08-23,23:05:00,N,nominal,2.0NRT,286.87,0.5,N,VIIRS
47.15665,34.62331,298.75,0.34,0.56,2026-08-23,23:05:00,N,nominal,2.0NRT,287.09,0.54,N,VIIRS
47.26485,31.34067,305.94,0.49,0.65,2026-08-23,23:05:00,N,nominal,2.0NRT,284.32,1.36,N,VIIRS
47.06395,36.68309,310.94,0.54,0.51,2026-08-23,23:05:00,N,nominal,2.0NRT,289.52,1.14,N,VIIRS
47.18089,34.87228,307.75,0.33,0.55,2026-08-23,23:05:00,N,nominal,2.0NRT,287.48,0.44,N,VIIRS
47.18113,34.8678,300.79,0.33,0.55,2026-08-23,23:05:00,N,nominal,2.0NRT,287.07,0.44,N,VIIRS
