latitude,longitude,bright_ti4,scan,track,acq_date,acq_time,satellite,confidence,version,bright_ti5,frp,daynight,instrument
48.53681,37.05001,304.01,0.58,0.7,2026-08-07,01:05:00,N,nominal,2.0NRT,289.91,2.11,N,VIIRS
48.48519,37.11196,299.34,0.59,0.7,2026-08-07,01:05:00,N,nominal,2.0NRT,286.63,0.32,N,VIIRS
48.71609,35.75881,304.75,0.51,0.66,2026-08-07,01:05:00,N,nominal,2.0NRT,288.22,1.48,N,VIIRS
48.14051,37.30197,325.93,0.61,0.71,2026-08-07,01:05:00,N,nominal,2.0NRT,288.46,2.08,N,VIIRS
48.13472,37.29698,301.87,0.61,0.71,2026-08-07,01:05:00,N,nominal,2.0NRT,287.11,2.08,N,VIIRS
49.97567,31.36113,312.09,0.62,0.54,2026-08-07,01:05:00,N,nominal,2.0NRT,291.59,2.29,N,VIIRS
48.28843,36.38654,320.56,0.56,0.69,2026-08-07,01:05:00,N,nominal,2.0NRT,287.7,2.46,N,VIIRS
48.28277,36.38196,305.29,0.56,0.69,2026-08-07,01:05:00,N,nominal,2.0NRT,287.37,2.46,N,VIIRS
48.28743,36.37969,309.01,0.56,0.69,2026-08-07,01:05:00,N,nominal,2.0NRT,287.49,3.7,N,VIIRS
48.28502,36.38664,318.29,0.56,0.69,2026-08-07,01:05:00,N,nominal,2.0NRT,287.7,2.99,N,VIIRS
49.18583,33.46577,302.14,0.4,0.6,2026-08-07,01:05:00,N,nominal,2.0NRT,289.56,0.6,N,VIIRS
51.46125,24.71671,306.58,0.48,0.4,2026-08-07,01:05:00,N,nominal,2.0NRT,286.56,1.43,N,VIIRS
51.45772,24.7148,302.86,0.48,0.4,2026-08-07,01:05:00,N,nominal,2.0NRT,281.88,1.43,N,VIIRS
48.22567,36.11185,299.36,0.55,0.68,2026-08-07,01:05:00,N,nominal,2.0NRT,288.17,0.81,N,VIIRS
50.07259,29.96607,349.42,0.54,0.51,2026-08-07,01:05:00,N,nominal,2.0NRT,293.72,11.21,N,VIIRS
48.44395,35.22613,302.79,0.49,0.65,2026-08-07,01:05:00,N,nominal,2.0NRT,288.32,0.56,N,VIIRS
48.44739,35.23001,299.74,0.49,0.65,2026-08-07,01:05:00,N,nominal,2.0NRT,288,0.29,N,VIIRS
48.09236,35.98584,297.1,0.55,0.68,2026-08-07,01:05:00,N,nominal,2.0NRT,286.77,0.54,N,VIIRS
48.08668,35.9815,316.06,0.55,0.68,2026-08-07,01:05:00,N,nominal,2.0NRT,286.73,1.68,N,VIIRS
48.53365,34.64252,333.24,0.47,0.64,2026-08-07,01:05:00,N,nominal,2.0NRT,290.59,4.5,N,VIIRS
48.51759,34.63048,305.08,0.47,0.64,2026-08-07,01:05:00,N,nominal,2.0NRT,289.88,0.89,N,VIIRS
48.53568,34.64444,333.76,0.47,0.64,2026-08-07,01:05:00,N,nominal,2.0NRT,290.63,3.36,N,VIIRS
48.08924,35.98522,320.46,0.55,0.68,2026-08-07,01:05:00,N,nominal,2.0NRT,286.77,2.01,N,VIIRS
48.52156,34.62635,304.53,0.47,0.64,2026-08-07,01:05:00,N,nominal,2.0NRT,291.24,0.99,N,VIIRS
48.51964,34.63227,309.36,0.47,0.64,2026-08-07,01:05:00,N,nominal,2.0NRT,290.38,0.99,N,VIIRS
48.47333,34.63105,301.8,0.47,0.64,2026-08-07,01:05:00,N,nominal,2.0NRT,291.32,0.89,N,VIIRS
47.41977,37.55348,303.17,0.66,0.73,2026-08-07,01:05:00,N,nominal,2.0NRT,287.48,1.33,N,VIIRS
47.56399,37.13849,298.11,0.63,0.72,2026-08-07,01:05:00,N,nominal,2.0NRT,287.12,0.64,N,VIIRS
47.56122,37.14611,302.43,0.63,0.72,2026-08-07,01:05:00,N,nominal,2.0NRT,287.29,0.64,N,VIIRS
47.41666,37.55495,303.84,0.66,0.73,2026-08-07,01:05:00,N,nominal,2.0NRT,287.19,1.2,N,VIIRS
47.55933,37.1379,302.23,0.63,0.72,2026-08-07,01:05:00,N,nominal,2.0NRT,287.68,2.04,N,VIIRS
47.57067,36.9784,301.22,0.62,0.72,2026-08-07,01:05:00,N,nominal,2.0NRT,287.18,1.21,N,VIIRS
47.83464,36.12653,298.7,0.56,0.69,2026-08-07,01:05:00,N,nominal,2.0NRT,287.76,0.52,N,VIIRS
49.65044,29.99282,305.89,0.56,0.51,2026-08-07,01:05:00,N,nominal,2.0NRT,289.9,1.17,N,VIIRS
49.00581,32.21974,306,0.36,0.57,2026-08-07,01:05:00,N,nominal,2.0NRT,289.3,0.77,N,VIIRS
50.54524,26.26349,314.62,0.56,0.43,2026-08-07,01:05:00,N,nominal,2.0NRT,292.5,1.18,N,VIIRS
50.54146,26.26138,303.45,0.56,0.43,2026-08-07,01:05:00,N,nominal,2.0NRT,290.99,1.18,N,VIIRS
47.11893,37.63359,316.33,0.68,0.74,2026-08-07,01:05:00,N,nominal,2.0NRT,288.99,1.63,N,VIIRS
47.11275,37.62885,301.51,0.68,0.74,2026-08-07,01:05:00,N,nominal,2.0NRT,288.81,1.63,N,VIIRS
47.11852,37.63206,314.81,0.68,0.74,2026-08-07,01:05:00,N,nominal,2.0NRT,288.81,2.42,N,VIIRS
47.22638,37.25083,303.93,0.66,0.73,2026-08-07,01:05:00,N,nominal,2.0NRT,287.47,1.1,N,VIIRS
47.22347,37.25883,299.15,0.66,0.73,2026-08-07,01:05:00,N,nominal,2.0NRT,286.6,1.1,N,VIIRS
47.13963,37.35996,298,0.67,0.73,2026-08-07,01:05:00,N,nominal,2.0NRT,287.79,1.04,N,VIIRS
47.1335,37.3553,299.8,0.67,0.73,2026-08-07,01:05:00,N,nominal,2.0NRT,287.89,1.33,N,VIIRS
47.81577,35.39097,299.06,0.53,0.67,2026-08-07,01:05:00,N,nominal,2.0NRT,288.94,0.48,N,VIIRS
47.87574,35.15345,334.23,0.51,0.66,2026-08-07,01:05:00,N,nominal,2.0NRT,290.66,4.31,N,VIIRS
47.8736,35.15971,320.34,0.51,0.66,2026-08-07,01:05:00,N,nominal,2.0NRT,290.68,4.31,N,VIIRS
47.87147,35.16599,301.84,0.51,0.66,2026-08-07,01:05:00,N,nominal,2.0NRT,291.03,1.46,N,VIIRS
47.14037,37.35455,311.6,0.67,0.73,2026-08-07,01:05:00,N,nominal,2.0NRT,288.29,2.33,N,VIIRS
47.81131,35.38963,299.2,0.53,0.67,2026-08-07,01:05:00,N,nominal,2.0NRT,288.46,0.37,N,VIIRS
47.87594,35.15518,343.17,0.51,0.66,2026-08-07,01:05:00,N,nominal,2.0NRT,290.9,7.66,N,VIIRS
47.87384,35.16147,306.75,0.51,0.66,2026-08-07,01:05:00,N,nominal,2.0NRT,290.13,6.04,N,VIIRS
47.7622,35.40977,301.14,0.53,0.67,2026-08-07,01:05:00,N,nominal,2.0NRT,288.87,1.07,N,VIIRS
47.75874,35.39916,298.46,0.53,0.67,2026-08-07,01:05:00,N,nominal,2.0NRT,288.42,1.07,N,VIIRS
47.71907,35.24654,324.49,0.52,0.67,2026-08-07,01:05:00,N,nominal,2.0NRT,289.57,3.51,N,VIIRS
47.71558,35.23614,337.37,0.52,0.67,2026-08-07,01:05:00,N,nominal,2.0NRT,290.96,3.51,N,VIIRS
47.73484,35.17987,303.34,0.52,0.67,2026-08-07,01:05:00,N,nominal,2.0NRT,289.3,0.42,N,VIIRS
47.71943,35.24789,316.68,0.52,0.67,2026-08-07,01:05:00,N,nominal,2.0NRT,289.56,1.65,N,VIIRS
47.71592,35.23743,332.41,0.52,0.67,2026-08-07,01:05:00,N,nominal,2.0NRT,290.94,3.08,N,VIIRS
47.7349,35.18102,303.12,0.52,0.67,2026-08-07,01:05:00,N,nominal,2.0NRT,288.84,0.97,N,VIIRS
47.71812,35.23091,305.01,0.52,0.67,2026-08-07,01:05:00,N,nominal,2.0NRT,289.8,3.08,N,VIIRS
47.71376,35.18142,299.9,0.52,0.67,2026-08-07,01:05:00,N,nominal,2.0NRT,289.44,0.96,N,VIIRS
47.6933,35.07634,306.81,0.52,0.67,2026-08-07,01:05:00,N,nominal,2.0NRT,288.76,2.28,N,VIIRS
47.69109,35.08286,302.97,0.52,0.67,2026-08-07,01:05:00,N,nominal,2.0NRT,288.63,1.51,N,VIIRS
47.69363,35.07863,318.69,0.52,0.67,2026-08-07,01:05:00,N,nominal,2.0NRT,289.1,3.16,N,VIIRS
47.31105,35.99169,300.59,0.58,0.7,2026-08-07,01:05:00,N,nominal,2.0NRT,288.91,0.49,N,VIIRS
50.3509,24.72151,299.53,0.5,0.41,2026-08-07,01:05:00,N,nominal,2.0NRT,289.07,0.93,N,VIIRS
47.06214,36.36184,307.34,0.61,0.71,2026-08-07,01:05:00,N,nominal,2.0NRT,288.83,1.65,N,VIIRS
47.23188,35.53743,299.94,0.56,0.69,2026-08-07,01:05:00,N,nominal,2.0NRT,289.15,0.95,N,VIIRS
46.95401,36.3125,301.69,0.61,0.71,2026-08-07,01:05:00,N,nominal,2.0NRT,288.78,0.74,N,VIIRS
46.87449,36.49336,303.85,0.63,0.72,2026-08-07,01:05:00,N,nominal,2.0NRT,288.95,1.25,N,VIIRS
47.37721,35.02779,300.5,0.53,0.67,2026-08-07,01:05:00,N,nominal,2.0NRT,288.11,0.46,N,VIIRS
46.81875,36.62746,303.63,0.64,0.72,2026-08-07,01:05:00,N,nominal,2.0NRT,288.87,1.2,N,VIIRS
47.37164,35.02345,302.99,0.53,0.67,2026-08-07,01:05:00,N,nominal,2.0NRT,288.55,0.46,N,VIIRS
47.87308,33.43879,302.87,0.44,0.62,2026-08-07,01:05:00,N,nominal,2.0NRT,290.73,0.78,N,VIIRS
47.87476,33.41336,303.54,0.44,0.62,2026-08-07,01:05:00,N,nominal,2.0NRT,290.97,1.43,N,VIIRS
47.86782,33.43509,300.26,0.44,0.62,2026-08-07,01:05:00,N,nominal,2.0NRT,289.82,0.78,N,VIIRS
47.36975,34.9255,303.66,0.52,0.67,2026-08-07,01:05:00,N,nominal,2.0NRT,289.27,1.36,N,VIIRS
47.097,35.71668,302.96,0.57,0.69,2026-08-07,01:05:00,N,nominal,2.0NRT,287.75,1.41,N,VIIRS
47.35976,34.93427,316.25,0.52,0.67,2026-08-07,01:05:00,N,nominal,2.0NRT,289.24,2.86,N,VIIRS
47.87191,33.438,303.04,0.44,0.62,2026-08-07,01:05:00,N,nominal,2.0NRT,290.81,1.11,N,VIIRS
47.86665,33.43428,303.36,0.44,0.62,2026-08-07,01:05:00,N,nominal,2.0NRT,290.22,1.11,N,VIIRS
47.36996,34.92706,306.26,0.52,0.67,2026-08-07,01:05:00,N,nominal,2.0NRT,289.24,1.32,N,VIIRS
47.36003,34.93587,313.73,0.52,0.67,2026-08-07,01:05:00,N,nominal,2.0NRT,289.48,1.73,N,VIIRS
47.09496,35.71746,305.42,0.57,0.69,2026-08-07,01:05:00,N,nominal,2.0NRT,287.96,1.29,N,VIIRS
47.20517,35.24823,298.74,0.55,0.68,2026-08-07,01:05:00,N,nominal,2.0NRT,288.56,0.6,N,VIIRS
47.20289,35.2549,301.52,0.55,0.68,2026-08-07,01:05:00,N,nominal,2.0NRT,288.31,0.6,N,VIIRS
47.294670000000004,34.88032,305.8,0.52,0.67,2026-08-07,01:05:00,N,nominal,2.0NRT,287.93,1.77,N,VIIRS
45.10713,33.96874,317.56,0.57,0.69,2026-08-07,01:05:00,N,nominal,2.0NRT,289.9,3.29,N,VIIRS
45.10935,33.96206,300.01,0.56,0.69,2026-08-07,01:05:00,N,nominal,2.0NRT,289.45,3.08,N,VIIRS
45.10852,33.98606,303.17,0.57,0.69,2026-08-07,01:05:00,N,nominal,2.0NRT,289.9,8.36,N,VIIRS
45.11213,33.99675,314.16,0.57,0.69,2026-08-07,01:05:00,N,nominal,2.0NRT,289.72,8.36,N,VIIRS
45.14515,33.89709,311.34,0.56,0.69,2026-08-07,01:05:00,N,nominal,2.0NRT,288.97,2.16,N,VIIRS
45.11434,33.99009,367,0.57,0.69,2026-08-07,01:05:00,N,high,2.0NRT,291.96,8.36,N,VIIRS
45.12014,33.99417,299.11,0.57,0.69,2026-08-07,01:05:00,N,nominal,2.0NRT,288.51,1.19,N,VIIRS
45.10368,33.96537,314.15,0.56,0.69,2026-08-07,01:05:00,N,nominal,2.0NRT,288.96,2.34,N,VIIRS
45.105,33.98264,307.13,0.57,0.69,2026-08-07,01:05:00,N,nominal,2.0NRT,289.25,2.17,N,VIIRS
45.10949,33.96939,306.33,0.56,0.69,2026-08-07,01:05:00,N,nominal,2.0NRT,289.8,2.34,N,VIIRS
45.10859,33.99326,301.09,0.57,0.69,2026-08-07,01:05:00,N,nominal,2.0NRT,289.26,7.22,N,VIIRS
45.11083,33.98664,311,0.57,0.69,2026-08-07,01:05:00,N,nominal,2.0NRT,289.68,13.15,N,VIIRS
45.14565,33.90461,301.88,0.56,0.69,2026-08-07,01:05:00,N,nominal,2.0NRT,288.86,1.4,N,VIIRS
45.14787,33.898,304.92,0.56,0.69,2026-08-07,01:05:00,N,nominal,2.0NRT,288.67,2.25,N,VIIRS
45.11441,33.99727,329.63,0.57,0.69,2026-08-07,01:05:00,N,nominal,2.0NRT,289.33,7.22,N,VIIRS
45.11664,33.99065,367,0.57,0.69,2026-08-07,01:05:00,N,high,2.0NRT,291.45,13.15,N,VIIRS
45.12246,33.99468,301.17,0.57,0.69,2026-08-07,01:05:00,N,nominal,2.0NRT,288.71,1.61,N,VIIRS
46.47999,31.84088,313.65,0.41,0.61,2026-08-07,01:05:00,N,nominal,2.0NRT,291.27,1.44,N,VIIRS
46.53682,31.71439,301.06,0.41,0.6,2026-08-07,01:05:00,N,nominal,2.0NRT,290.36,1.12,N,VIIRS
46.47886,31.83724,316.41,0.41,0.61,2026-08-07,01:05:00,N,nominal,2.0NRT,291.33,1.59,N,VIIRS
46.53482,31.71626,308.56,0.41,0.6,2026-08-07,01:05:00,N,nominal,2.0NRT,290.15,0.67,N,VIIRS
46.15735,33.10252,300.76,0.48,0.65,2026-08-07,01:05:00,N,nominal,2.0NRT,288.71,0.92,N,VIIRS
46.95363,31.06725,302.82,0.37,0.58,2026-08-07,01:05:00,N,nominal,2.0NRT,291.03,0.66,N,VIIRS
46.95102,31.06737,306.3,0.37,0.58,2026-08-07,01:05:00,N,nominal,2.0NRT,290.9,0.61,N,VIIRS
46.8365,31.66863,310.84,0.4,0.6,2026-08-07,01:05:00,N,nominal,2.0NRT,289.78,1.18,N,VIIRS
47.47893,29.56503,311.84,0.62,0.54,2026-08-07,01:05:00,N,nominal,2.0NRT,290.07,2.21,N,VIIRS
47.35571,30.13721,307.14,0.33,0.55,2026-08-07,01:05:00,N,nominal,2.0NRT,290.79,0.54,N,VIIRS
46.67518,32.69511,301.24,0.44,0.63,2026-08-07,01:05:00,N,nominal,2.0NRT,290.35,0.83,N,VIIRS
47.53862,30.17586,305.05,0.33,0.55,2026-08-07,01:05:00,N,nominal,2.0NRT,289.01,0.7,N,VIIRS
47.53341,30.36148,307.73,0.33,0.55,2026-08-07,01:05:00,N,nominal,2.0NRT,289.8,0.9,N,VIIRS
47.59115,30.17927,301.88,0.33,0.55,2026-08-07,01:05:00,N,nominal,2.0NRT,289.84,0.48,N,VIIRS
46.87594,32.89935,300.25,0.45,0.63,2026-08-07,01:05:00,N,nominal,2.0NRT,288.24,0.46,N,VIIRS
46.561,34.49452,300.01,0.53,0.67,2026-08-07,01:05:00,N,nominal,2.0NRT,288.26,0.66,N,VIIRS
46.56668,34.49854,305.42,0.53,0.67,2026-08-07,01:05:00,N,nominal,2.0NRT,288.61,0.66,N,VIIRS
47.88905,30.254270000000002,304.75,0.32,0.55,2026-08-07,01:05:00,N,nominal,2.0NRT,288,0.4,N,VIIRS
50.20527,24.0112,305.32,0.48,0.4,2026-08-07,01:05:00,N,nominal,2.0NRT,285.62,1.2,N,VIIRS
47.28971,34.8793,302.15,0.52,0.67,2026-08-07,01:05:00,N,nominal,2.0NRT,288.28,1.19,N,VIIRS
47.23837,34.76128,302.67,0.52,0.67,2026-08-07,01:05:00,N,nominal,2.0NRT,288.23,0.79,N,VIIRS
47.23278,34.75716,299.27,0.52,0.67,2026-08-07,01:05:00,N,nominal,2.0NRT,288.32,1.56,N,VIIRS
47.08082,35.10108,300.26,0.54,0.68,2026-08-07,01:05:00,N,nominal,2.0NRT,288.47,1.75,N,VIIRS
47.08133,35.10727,308.04,0.54,0.68,2026-08-07,01:05:00,N,nominal,2.0NRT,288.73,0.91,N,VIIRS
47.7843,32.84797,305.34,0.42,0.61,2026-08-07,01:05:00,N,nominal,2.0NRT,288.07,0.48,N,VIIRS
46.94485,35.3194,302.87,0.56,0.69,2026-08-07,01:05:00,N,nominal,2.0NRT,289.03,1.21,N,VIIRS
46.72688,35.9052,300.57,0.6,0.71,2026-08-07,01:05:00,N,nominal,2.0NRT,289.84,0.89,N,VIIRS
46.95363,35.1471,299.35,0.55,0.68,2026-08-07,01:05:00,N,nominal,2.0NRT,288.6,0.48,N,VIIRS
46.95068,35.14746,300.59,0.55,0.68,2026-08-07,01:05:00,N,nominal,2.0NRT,288.97,0.31,N,VIIRS
46.85122,35.2711,299.59,0.56,0.69,2026-08-07,01:05:00,N,nominal,2.0NRT,288.39,0.97,N,VIIRS
46.73407,35.46331,302.86,0.58,0.69,2026-08-07,01:05:00,N,nominal,2.0NRT,288.62,0.75,N,VIIRS
48.01718,31.39957,299.45,0.36,0.57,2026-08-07,01:05:00,N,nominal,2.0NRT,288.06,0.23,N,VIIRS
49.90394,23.89249,305.66,0.48,0.4,2026-08-07,01:05:00,N,nominal,2.0NRT,285.55,1.13,N,VIIRS
49.90177,23.88421,299.45,0.48,0.4,2026-08-07,01:05:00,N,nominal,2.0NRT,286.15,1.13,N,VIIRS
49.90039,23.89069,306.45,0.48,0.4,2026-08-07,01:05:00,N,nominal,2.0NRT,285.09,1.13,N,VIIRS
49.90171,23.89166,318.08,0.48,0.4,2026-08-07,01:05:00,N,nominal,2.0NRT,286.62,1.95,N,VIIRS
46.73206,35.46483,301.39,0.58,0.7,2026-08-07,01:05:00,N,nominal,2.0NRT,288.43,0.98,N,VIIRS
48.01301,31.39541,303.66,0.36,0.57,2026-08-07,01:05:00,N,nominal,2.0NRT,288.72,0.44,N,VIIRS
47.98519,31.43071,302.95,0.36,0.57,2026-08-07,01:05:00,N,nominal,2.0NRT,289.08,0.69,N,VIIRS
47.9874,31.30401,298.96,0.35,0.57,2026-08-07,01:05:00,N,nominal,2.0NRT,288.59,0.31,N,VIIRS
46.73266,35.22985,315.4,0.56,0.69,2026-08-07,01:05:00,N,nominal,2.0NRT,289.14,1.83,N,VIIRS
46.76206,35.12297,323.02,0.56,0.69,2026-08-07,01:05:00,N,nominal,2.0NRT,288.91,3.35,N,VIIRS
46.75974,35.12973,299.97,0.56,0.69,2026-08-07,01:05:00,N,nominal,2.0NRT,288.54,1.8,N,VIIRS
46.67368,35.17007,310.32,0.56,0.69,2026-08-07,01:05:00,N,nominal,2.0NRT,288.53,1.53,N,VIIRS
46.67402,35.16381,313.26,0.56,0.69,2026-08-07,01:05:00,N,nominal,2.0NRT,288.94,2.29,N,VIIRS
46.67172,35.17055,319.15,0.56,0.69,2026-08-07,01:05:00,N,nominal,2.0NRT,289.28,2.29,N,VIIRS
46.66595,35.16632,348.84,0.56,0.69,2026-08-07,01:05:00,N,nominal,2.0NRT,289.79,9.71,N,VIIRS
46.78385,34.69258,300.99,0.53,0.67,2026-08-07,01:05:00,N,nominal,2.0NRT,288.57,0.75,N,VIIRS
47.09429,33.45386,317.25,0.46,0.64,2026-08-07,01:05:00,N,nominal,2.0NRT,288.5,1.61,N,VIIRS
47.08889,33.45012,299.18,0.46,0.64,2026-08-07,01:05:00,N,nominal,2.0NRT,288.08,0.68,N,VIIRS
47.77642,30.95775,301.13,0.35,0.56,2026-08-07,01:05:00,N,nominal,2.0NRT,289.05,0.28,N,VIIRS
47.72,30.8948,299.55,0.35,0.56,2026-08-07,01:05:00,N,nominal,2.0NRT,288.86,0.43,N,VIIRS
46.56568,34.49637,308.75,0.53,0.67,2026-08-07,01:05:00,N,nominal,2.0NRT,288.03,1.28,N,VIIRS
51.67934,33.91209,335.7,0.34,0.56,2026-08-07,01:05:00,N,nominal,2.0NRT,290.19,3.95,N,VIIRS
51.67797,33.91663,306.82,0.34,0.56,2026-08-07,01:05:00,N,nominal,2.0NRT,289.25,2.21,N,VIIRS
50.23239,37.31249,298.86,0.52,0.67,2026-08-07,01:05:00,N,nominal,2.0NRT,286.5,0.32,N,VIIRS
50.23269,37.31508,297.37,0.52,0.67,2026-08-07,01:05:00,N,nominal,2.0NRT,286.46,0.63,N,VIIRS
50.14563,36.87339,301.23,0.5,0.66,2026-08-07,01:05:00,N,nominal,2.0NRT,287.06,0.47,N,VIIRS
50.14574,36.8719,299.87,0.5,0.66,2026-08-07,01:05:00,N,nominal,2.0NRT,286.99,0.68,N,VIIRS
50.0525,35.90506,300.34,0.46,0.64,2026-08-07,01:05:00,N,nominal,2.0NRT,288.06,1.26,N,VIIRS
49.00179,38.19269,302.95,0.62,0.71,2026-08-07,01:05:00,N,nominal,2.0NRT,287.8,1.38,N,VIIRS
48.99893,38.20044,305.02,0.62,0.71,2026-08-07,01:05:00,N,nominal,2.0NRT,287.96,1.38,N,VIIRS
48.96863,37.85295,297.74,0.6,0.71,2026-08-07,01:05:00,N,nominal,2.0NRT,287.33,0.36,N,VIIRS
48.46307,38.75341,300.47,0.68,0.74,2026-08-07,01:05:00,N,nominal,2.0NRT,289.46,1.22,N,VIIRS
50.22739,33.40036,305.79,0.37,0.58,2026-08-07,01:05:00,N,nominal,2.0NRT,289.55,0.48,N,VIIRS
48.53874,37.04874,304.47,0.58,0.7,2026-08-07,01:05:00,N,nominal,2.0NRT,290.13,1.69,N,VIIRS
46.02544,30.14072,302.43,0.36,0.57,2026-08-07,01:07:00,N,nominal,2.0NRT,289.25,3.54,N,VIIRS
46.02048,30.13774,367,0.36,0.57,2026-08-07,01:07:00,N,high,2.0NRT,292.31,3.54,N,VIIRS
46.01919,30.14221,306.61,0.36,0.57,2026-08-07,01:07:00,N,nominal,2.0NRT,288.81,3.54,N,VIIRS
46.01553,30.13477,317.39,0.36,0.57,2026-08-07,01:07:00,N,nominal,2.0NRT,288.97,1.99,N,VIIRS
46.13213,29.62947,300.12,0.34,0.56,2026-08-07,01:07:00,N,nominal,2.0NRT,288.79,0.47,N,VIIRS
46.13091,29.63376,304.79,0.34,0.56,2026-08-07,01:07:00,N,nominal,2.0NRT,288.76,0.47,N,VIIRS
46.12608,29.63083,306.75,0.34,0.56,2026-08-07,01:07:00,N,nominal,2.0NRT,289.17,1.23,N,VIIRS
46.12487,29.63507,299.82,0.34,0.56,2026-08-07,01:07:00,N,nominal,2.0NRT,288.67,0.48,N,VIIRS
46.12003,29.63217,299.96,0.34,0.56,2026-08-07,01:07:00,N,nominal,2.0NRT,288.98,0.48,N,VIIRS
44.77258,33.86398,300.49,0.57,0.69,2026-08-07,01:07:00,N,nominal,2.0NRT,289.34,0.83,N,VIIRS
44.7724,33.86211,305.37,0.57,0.69,2026-08-07,01:07:00,N,nominal,2.0NRT,289.56,1.24,N,VIIRS
45.97451,29.84066,308.41,0.35,0.57,2026-08-07,01:07:00,N,nominal,2.0NRT,288.03,1.13,N,VIIRS
45.91482,29.94753,321.61,0.36,0.57,2026-08-07,01:07:00,N,nominal,2.0NRT,289.18,1.7,N,VIIRS
45.90989,29.9446,305.95,0.36,0.57,2026-08-07,01:07:00,N,nominal,2.0NRT,288.52,0.68,N,VIIRS
45.91065,29.94334,306.09,0.36,0.57,2026-08-07,01:07:00,N,nominal,2.0NRT,288.38,1.02,N,VIIRS
45.8508,30.01097,332.91,0.36,0.57,2026-08-07,01:07:00,N,nominal,2.0NRT,289.34,2.37,N,VIIRS
45.74739,29.93255,309,0.36,0.57,2026-08-07,01:07:00,N,nominal,2.0NRT,290.25,1.56,N,VIIRS
45.74242,29.92963,323.9,0.36,0.57,2026-08-07,01:07:00,N,nominal,2.0NRT,290.93,1.53,N,VIIRS
45.74369,29.92521,306.3,0.36,0.57,2026-08-07,01:07:00,N,nominal,2.0NRT,290.84,2.7,N,VIIRS
45.74115,29.93404,304.99,0.36,0.57,2026-08-07,01:07:00,N,nominal,2.0NRT,290.63,1.53,N,VIIRS
45.66869,28.7974,305.98,0.32,0.55,2026-08-07,01:07:00,N,nominal,2.0NRT,288.17,0.43,N,VIIRS
45.66759,28.80134,298.92,0.32,0.55,2026-08-07,01:07:00,N,nominal,2.0NRT,288.76,0.43,N,VIIRS
49.00488,38.20033,346.18,0.5,0.66,2026-08-07,09:09:00,N,nominal,2.0NRT,298.55,11.41,D,VIIRS
48.99591,38.21495,333.71,0.5,0.66,2026-08-07,09:09:00,N,nominal,2.0NRT,299.14,10.18,D,VIIRS
47.76427,34.90266,339.65,0.75,0.77,2026-08-07,09:09:00,N,nominal,2.0NRT,294.4,5.15,D,VIIRS
49.0034,38.19852,342.58,0.5,0.66,2026-08-07,09:09:00,N,nominal,2.0NRT,299.72,6.42,D,VIIRS
48.99229,38.20689,335.39,0.5,0.66,2026-08-07,09:09:00,N,nominal,2.0NRT,299.58,7.1,D,VIIRS
48.99442,38.21322,367,0.5,0.66,2026-08-07,09:09:00,N,high,2.0NRT,302.55,7.1,D,VIIRS
47.76797,34.90355,330.08,0.75,0.77,2026-08-07,09:09:00,N,nominal,2.0NRT,293.74,3.42,D,VIIRS
47.81502,35.11309,337.81,0.73,0.76,2026-08-07,09:09:00,N,nominal,2.0NRT,294.67,6.95,D,VIIRS
47.80871,35.11816,345.92,0.73,0.76,2026-08-07,09:09:00,N,nominal,2.0NRT,297.15,6.95,D,VIIRS
48.58356,37.24823,342.55,0.57,0.69,2026-08-07,09:09:00,N,nominal,2.0NRT,297.75,10.09,D,VIIRS
48.49029,37.11052,341.32,0.58,0.7,2026-08-07,09:09:00,N,nominal,2.0NRT,296.79,4.11,D,VIIRS
48.54106,37.25309,335.46,0.57,0.69,2026-08-07,09:09:00,N,nominal,2.0NRT,297.61,3.27,D,VIIRS
48.7889,37.98118,335.5,0.52,0.67,2026-08-07,09:09:00,N,nominal,2.0NRT,297.34,2.93,D,VIIRS
47.7554,35.1727,367,0.73,0.76,2026-08-07,09:09:00,N,high,2.0NRT,292.04,27.04,D,VIIRS
47.74916,35.17792,347.71,0.73,0.76,2026-08-07,09:09:00,N,nominal,2.0NRT,294.96,27.04,D,VIIRS
48.49076,37.11197,342.82,0.58,0.7,2026-08-07,09:09:00,N,nominal,2.0NRT,296.75,5.52,D,VIIRS
48.54088,37.25504,333.19,0.57,0.69,2026-08-07,09:09:00,N,nominal,2.0NRT,297.48,2.72,D,VIIRS
47.29361,36.82613,342.16,0.65,0.73,2026-08-07,09:09:00,N,nominal,2.0NRT,299.65,44.58,D,VIIRS
47.29654,36.83423,367,0.65,0.73,2026-08-07,09:09:00,N,high,2.0NRT,300.27,44.58,D,VIIRS
47.29049,36.839,367,0.65,0.73,2026-08-07,09:09:00,N,high,2.0NRT,301.65,27.04,D,VIIRS
47.02597,36.29103,346.62,0.7,0.75,2026-08-07,09:09:00,N,nominal,2.0NRT,299.33,11.85,D,VIIRS
47.01967,36.29569,367,0.7,0.75,2026-08-07,09:09:00,N,high,2.0NRT,300.83,11.85,D,VIIRS
47.02709,36.29015,341.92,0.7,0.75,2026-08-07,09:09:00,N,nominal,2.0NRT,299.39,8.39,D,VIIRS
47.0208,36.29484,352.49,0.7,0.75,2026-08-07,09:09:00,N,nominal,2.0NRT,300.03,14.48,D,VIIRS
46.82046,35.95193,335.77,0.73,0.76,2026-08-07,09:09:00,N,nominal,2.0NRT,300.03,6.15,D,VIIRS
46.81411,35.95684,346.65,0.73,0.76,2026-08-07,09:09:00,N,nominal,2.0NRT,301.02,6.7,D,VIIRS
46.94536,36.30793,336.5,0.7,0.75,2026-08-07,09:09:00,N,nominal,2.0NRT,300.83,9.18,D,VIIRS
47.20179,35.24652,337.91,0.76,0.77,2026-08-07,09:09:00,N,nominal,2.0NRT,299.93,6.12,D,VIIRS
47.3795,35.76112,348.6,0.71,0.75,2026-08-07,09:09:00,N,nominal,2.0NRT,299.49,9.03,D,VIIRS
47.3762,35.7523,331.11,0.72,0.75,2026-08-07,09:09:00,N,nominal,2.0NRT,297.08,9.03,D,VIIRS
47.887,37.13246,367,0.61,0.71,2026-08-07,09:09:00,N,high,2.0NRT,301.6,34.53,D,VIIRS
47.88966,37.13996,336.52,0.61,0.71,2026-08-07,09:09:00,N,nominal,2.0NRT,297.55,19.16,D,VIIRS
47.88438,37.12508,354.63,0.61,0.71,2026-08-07,09:09:00,N,nominal,2.0NRT,301.89,34.53,D,VIIRS
47.38907,35.76503,335.51,0.71,0.75,2026-08-07,09:09:00,N,nominal,2.0NRT,298.19,13.69,D,VIIRS
47.89552,37.1352,367,0.61,0.71,2026-08-07,09:09:00,N,high,2.0NRT,298.36,58.19,D,VIIRS
47.89029,37.12045,367,0.61,0.71,2026-08-07,09:09:00,N,high,2.0NRT,300.89,45.5,D,VIIRS
47.89288,37.12777,350.8,0.61,0.71,2026-08-07,09:09:00,N,nominal,2.0NRT,303.6,45.5,D,VIIRS
47.88764,37.113,338.47,0.61,0.71,2026-08-07,09:09:00,N,nominal,2.0NRT,296.83,12.65,D,VIIRS
47.35709,35.15405,332.27,0.76,0.77,2026-08-07,09:09:00,N,nominal,2.0NRT,297.69,3.4,D,VIIRS
47.72797,37.31521,340.21,0.6,0.71,2026-08-07,09:09:00,N,nominal,2.0NRT,296.66,12.54,D,VIIRS
47.76044,37.38491,345.9,0.6,0.7,2026-08-07,09:09:00,N,nominal,2.0NRT,297.74,5.82,D,VIIRS
47.74459,37.23506,331.45,0.61,0.71,2026-08-07,09:09:00,N,nominal,2.0NRT,298.47,5.18,D,VIIRS
47.75043,37.23025,350.39,0.61,0.71,2026-08-07,09:09:00,N,nominal,2.0NRT,299.15,8.26,D,VIIRS
47.74781,37.2229,332.43,0.61,0.71,2026-08-07,09:09:00,N,nominal,2.0NRT,298.53,8.26,D,VIIRS
47.73412,37.07834,334.48,0.62,0.71,2026-08-07,09:09:00,N,nominal,2.0NRT,299.85,10.04,D,VIIRS
47.73134,37.07058,339.22,0.62,0.71,2026-08-07,09:09:00,N,nominal,2.0NRT,299.43,6.76,D,VIIRS
47.8905,37.49915,348.4,0.59,0.7,2026-08-07,09:09:00,N,nominal,2.0NRT,299.29,5.09,D,VIIRS
47.5479,36.54013,340.86,0.66,0.73,2026-08-07,09:09:00,N,nominal,2.0NRT,297.15,7.72,D,VIIRS
47.89639,37.49479,331.71,0.59,0.7,2026-08-07,09:09:00,N,nominal,2.0NRT,297.16,5.09,D,VIIRS
47.35543,35.97295,342.51,0.7,0.75,2026-08-07,09:09:00,N,nominal,2.0NRT,298.99,9.76,D,VIIRS
47.35216,35.96414,352,0.7,0.75,2026-08-07,09:09:00,N,nominal,2.0NRT,299.41,9.76,D,VIIRS
47.36163,35.96798,340.36,0.7,0.75,2026-08-07,09:09:00,N,nominal,2.0NRT,298.52,9.76,D,VIIRS
47.35838,35.95921,355.89,0.7,0.75,2026-08-07,09:09:00,N,nominal,2.0NRT,299.15,9.76,D,VIIRS
47.0746,35.11617,367,0.78,0.78,2026-08-07,09:09:00,N,high,2.0NRT,300.69,24.48,D,VIIRS
47.07819,35.12561,353.42,0.78,0.78,2026-08-07,09:09:00,N,nominal,2.0NRT,300.27,27.49,D,VIIRS
47.88964,37.49829,342.49,0.59,0.7,2026-08-07,09:09:00,N,nominal,2.0NRT,299.23,15.15,D,VIIRS
47.73458,37.06704,338.61,0.62,0.71,2026-08-07,09:09:00,N,nominal,2.0NRT,299.73,11.97,D,VIIRS
47.54893,36.53875,337.88,0.66,0.73,2026-08-07,09:09:00,N,nominal,2.0NRT,296.51,8.41,D,VIIRS
47.35415,35.974,336.92,0.7,0.75,2026-08-07,09:09:00,N,nominal,2.0NRT,298.17,8.28,D,VIIRS
47.35085,35.96523,333.18,0.7,0.75,2026-08-07,09:09:00,N,nominal,2.0NRT,298.42,6.44,D,VIIRS
47.35711,35.96038,367,0.7,0.75,2026-08-07,09:09:00,N,high,2.0NRT,300.74,21.23,D,VIIRS
47.36039,35.96912,341.67,0.7,0.75,2026-08-07,09:09:00,N,nominal,2.0NRT,298.58,23.49,D,VIIRS
47.52288,36.34046,330.04,0.67,0.74,2026-08-07,09:09:00,N,nominal,2.0NRT,297.35,5.12,D,VIIRS
47.07637,35.11608,367,0.78,0.78,2026-08-07,09:09:00,N,high,2.0NRT,301.4,20.19,D,VIIRS
47.89878,37.12314,367,0.61,0.71,2026-08-07,09:09:00,N,high,2.0NRT,301.47,45.5,D,VIIRS
48.3074,37.79937,331.09,0.55,0.68,2026-08-07,09:09:00,N,nominal,2.0NRT,296.54,12.56,D,VIIRS
48.30976,37.80616,367,0.55,0.68,2026-08-07,09:09:00,N,high,2.0NRT,299.31,22.07,D,VIIRS
47.63873,36.07058,348.47,0.68,0.74,2026-08-07,09:09:00,N,nominal,2.0NRT,298.4,7.66,D,VIIRS
47.55275,35.86289,331.47,0.7,0.75,2026-08-07,09:09:00,N,nominal,2.0NRT,298.33,2.44,D,VIIRS
47.90055,36.82291,333.76,0.62,0.72,2026-08-07,09:09:00,N,nominal,2.0NRT,296.37,2.73,D,VIIRS
47.94482,36.96587,341.45,0.61,0.71,2026-08-07,09:09:00,N,nominal,2.0NRT,296.33,10.54,D,VIIRS
47.79514,36.57715,355.5,0.64,0.72,2026-08-07,09:09:00,N,low,2.0NRT,289.49,14.95,D,VIIRS
47.79805,36.58506,352.21,0.64,0.72,2026-08-07,09:09:00,N,nominal,2.0NRT,297.81,22.62,D,VIIRS
47.64053,36.0752,351.46,0.68,0.74,2026-08-07,09:09:00,N,nominal,2.0NRT,298.61,9.7,D,VIIRS
47.94858,36.96886,336.24,0.61,0.71,2026-08-07,09:09:00,N,nominal,2.0NRT,295.95,8.37,D,VIIRS
47.80083,36.5789,367,0.64,0.72,2026-08-07,09:09:00,N,high,2.0NRT,297.58,17.29,D,VIIRS
47.79476,36.58353,332.53,0.64,0.72,2026-08-07,09:09:00,N,nominal,2.0NRT,296.42,3.02,D,VIIRS
47.15107,34.90847,339.6,0.79,0.78,2026-08-07,09:09:00,N,nominal,2.0NRT,297.57,9.42,D,VIIRS
48.32291,35.75811,353.11,0.66,0.73,2026-08-07,09:09:00,N,nominal,2.0NRT,298.8,7.58,D,VIIRS
48.47915,36.37349,340.78,0.62,0.71,2026-08-07,09:09:00,N,nominal,2.0NRT,296.42,4.93,D,VIIRS
48.47544,36.37562,338.67,0.62,0.71,2026-08-07,09:09:00,N,nominal,2.0NRT,295.78,6.04,D,VIIRS
48.24278,35.97162,341.17,0.65,0.73,2026-08-07,09:09:00,N,nominal,2.0NRT,297.73,11.97,D,VIIRS
48.2399,35.96383,367,0.65,0.73,2026-08-07,09:09:00,N,high,2.0NRT,299.2,22.37,D,VIIRS
48.23655,35.97602,334.75,0.65,0.73,2026-08-07,09:09:00,N,nominal,2.0NRT,295.62,11.97,D,VIIRS
48.99376,38.20865,357.47,0.5,0.66,2026-08-07,09:09:00,N,nominal,2.0NRT,301.28,9.36,D,VIIRS
48.78572,37.98642,342.18,0.52,0.67,2026-08-07,09:09:00,N,nominal,2.0NRT,298.1,4.13,D,VIIRS
47.75536,35.1848,357.18,0.73,0.76,2026-08-07,09:09:00,N,low,2.0NRT,288.68,36.34,D,VIIRS
47.75199,35.17591,353.85,0.73,0.76,2026-08-07,09:09:00,N,nominal,2.0NRT,295.38,27.2,D,VIIRS
48.601,37.51153,342.08,0.55,0.68,2026-08-07,09:09:00,N,nominal,2.0NRT,298.41,6.23,D,VIIRS
47.72978,35.18246,348.18,0.73,0.76,2026-08-07,09:09:00,N,nominal,2.0NRT,298.02,17.66,D,VIIRS
47.86755,35.58944,339.93,0.7,0.75,2026-08-07,09:09:00,N,nominal,2.0NRT,297.2,6.18,D,VIIRS
47.86774,35.6114,335.01,0.7,0.75,2026-08-07,09:09:00,N,nominal,2.0NRT,298.77,22.31,D,VIIRS
48.04165,36.07773,334.11,0.66,0.73,2026-08-07,09:09:00,N,nominal,2.0NRT,296.42,12.63,D,VIIRS
48.64126,37.75256,333.62,0.54,0.68,2026-08-07,09:09:00,N,nominal,2.0NRT,296.28,2.66,D,VIIRS
47.86141,35.59457,367,0.7,0.75,2026-08-07,09:09:00,N,high,2.0NRT,300.18,22.69,D,VIIRS
47.84752,37.75962,367,0.57,0.69,2026-08-07,09:09:00,N,high,2.0NRT,301.26,13.65,D,VIIRS
47.84505,37.75253,367,0.58,0.69,2026-08-07,09:09:00,N,high,2.0NRT,296.45,13.65,D,VIIRS
47.85095,37.74835,348.29,0.58,0.69,2026-08-07,09:09:00,N,nominal,2.0NRT,293.69,13.65,D,VIIRS
47.75159,37.40097,342.71,0.6,0.7,2026-08-07,09:09:00,N,nominal,2.0NRT,298.16,6.13,D,VIIRS
47.72279,37.31923,341.85,0.6,0.71,2026-08-07,09:09:00,N,nominal,2.0NRT,298.04,5.11,D,VIIRS
47.72017,37.3118,332.99,0.61,0.71,2026-08-07,09:09:00,N,nominal,2.0NRT,299.46,5.11,D,VIIRS
47.72863,37.31448,330.84,0.6,0.71,2026-08-07,09:09:00,N,nominal,2.0NRT,295.98,5.11,D,VIIRS
47.76079,37.38453,344.67,0.6,0.71,2026-08-07,09:09:00,N,nominal,2.0NRT,297.34,4.39,D,VIIRS
47.75126,37.40126,342.43,0.6,0.7,2026-08-07,09:09:00,N,nominal,2.0NRT,298.64,7.04,D,VIIRS
47.71946,37.31253,334.12,0.6,0.71,2026-08-07,09:09:00,N,nominal,2.0NRT,299.3,11.9,D,VIIRS
47.5882,34.94351,331,0.76,0.77,2026-08-07,09:09:00,N,nominal,2.0NRT,297.43,5.92,D,VIIRS
48.31551,36.89235,330.64,0.6,0.7,2026-08-07,09:09:00,N,nominal,2.0NRT,295.87,2.8,D,VIIRS
48.53277,37.50386,340.01,0.56,0.69,2026-08-07,09:09:00,N,nominal,2.0NRT,296.56,4.72,D,VIIRS
48.326,36.9425,332.35,0.6,0.7,2026-08-07,09:09:00,N,nominal,2.0NRT,296.9,2.41,D,VIIRS
48.6147,37.80033,367,0.54,0.68,2026-08-07,09:09:00,N,high,2.0NRT,300.57,12.26,D,VIIRS
47.69198,35.32029,339.86,0.72,0.76,2026-08-07,09:09:00,N,nominal,2.0NRT,294.71,7.8,D,VIIRS
48.31601,36.89184,331.15,0.6,0.71,2026-08-07,09:09:00,N,nominal,2.0NRT,295.81,1.64,D,VIIRS
48.53072,37.50613,344.52,0.56,0.69,2026-08-07,09:09:00,N,nominal,2.0NRT,297.56,6.87,D,VIIRS
48.60477,37.72142,330.16,0.54,0.68,2026-08-07,09:09:00,N,nominal,2.0NRT,300.03,3.15,D,VIIRS
48.32635,36.94231,332.4,0.6,0.7,2026-08-07,09:09:00,N,nominal,2.0NRT,297.25,3.62,D,VIIRS
48.61706,37.79925,367,0.54,0.68,2026-08-07,09:09:00,N,high,2.0NRT,299.12,10.67,D,VIIRS
48.29165,36.95033,331.6,0.6,0.7,2026-08-07,09:09:00,N,nominal,2.0NRT,296.43,4.5,D,VIIRS
48.35069,37.15917,330.17,0.58,0.7,2026-08-07,09:09:00,N,nominal,2.0NRT,299.65,4.34,D,VIIRS
48.38613,37.32265,336.19,0.57,0.69,2026-08-07,09:09:00,N,nominal,2.0NRT,297.8,1.87,D,VIIRS
48.29307,37.10181,330.26,0.59,0.7,2026-08-07,09:09:00,N,low,2.0NRT,300.89,5.98,D,VIIRS
47.91578,36.08438,345.42,0.66,0.73,2026-08-07,09:09:00,N,nominal,2.0NRT,297.44,43.8,D,VIIRS
47.91879,36.09254,367,0.66,0.73,2026-08-07,09:09:00,N,high,2.0NRT,297.51,55.05,D,VIIRS
47.62803,35.3837,348.9,0.72,0.76,2026-08-07,09:09:00,N,nominal,2.0NRT,296.15,12.2,D,VIIRS
47.63143,35.39259,343.75,0.72,0.76,2026-08-07,09:09:00,N,nominal,2.0NRT,296.12,19.68,D,VIIRS
47.74025,35.67924,335.56,0.7,0.75,2026-08-07,09:09:00,N,nominal,2.0NRT,297.84,8.67,D,VIIRS
47.93944,36.21209,330.43,0.66,0.73,2026-08-07,09:09:00,N,nominal,2.0NRT,291.78,3.69,D,VIIRS
48.13482,36.74549,342.9,0.62,0.71,2026-08-07,09:09:00,N,nominal,2.0NRT,297.5,6.13,D,VIIRS
47.73386,35.68371,346.98,0.7,0.75,2026-08-07,09:09:00,N,nominal,2.0NRT,297.77,8.67,D,VIIRS
48.00457,36.40984,335.97,0.64,0.72,2026-08-07,09:09:00,N,nominal,2.0NRT,298.12,9.74,D,VIIRS
47.71848,35.68578,332.35,0.7,0.75,2026-08-07,09:09:00,N,nominal,2.0NRT,296.88,8.39,D,VIIRS
47.78346,35.90045,339.78,0.68,0.74,2026-08-07,09:09:00,N,nominal,2.0NRT,299.55,8.28,D,VIIRS
47.78656,35.90868,339.95,0.68,0.74,2026-08-07,09:09:00,N,nominal,2.0NRT,297.34,8.28,D,VIIRS
47.91477,36.08466,348.84,0.67,0.73,2026-08-07,09:09:00,N,nominal,2.0NRT,296.78,37.71,D,VIIRS
47.91775,36.09284,367,0.66,0.73,2026-08-07,09:09:00,N,high,2.0NRT,299.37,37.71,D,VIIRS
48.13721,36.74415,333.93,0.62,0.71,2026-08-07,09:09:00,N,nominal,2.0NRT,297.02,12.09,D,VIIRS
47.62722,35.39523,349.99,0.72,0.76,2026-08-07,09:09:00,N,nominal,2.0NRT,297.23,13.54,D,VIIRS
47.89616,37.11574,350.13,0.61,0.71,2026-08-07,09:09:00,N,nominal,2.0NRT,303.52,45.5,D,VIIRS
47.8935,37.10822,330.67,0.61,0.71,2026-08-07,09:09:00,N,nominal,2.0NRT,296.22,12.65,D,VIIRS
47.21167,35.25061,338.79,0.76,0.77,2026-08-07,09:09:00,N,nominal,2.0NRT,299.23,12.73,D,VIIRS
47.20814,35.24132,331.57,0.76,0.77,2026-08-07,09:09:00,N,nominal,2.0NRT,299.12,6.12,D,VIIRS
47.21801,35.24538,367,0.76,0.77,2026-08-07,09:09:00,N,high,2.0NRT,299.97,69.06,D,VIIRS
47.21449,35.2361,367,0.76,0.77,2026-08-07,09:09:00,N,high,2.0NRT,305.29,88.28,D,VIIRS
47.90466,37.11845,338.46,0.61,0.71,2026-08-07,09:09:00,N,nominal,2.0NRT,295.92,30.02,D,VIIRS
47.90201,37.11095,354.18,0.61,0.71,2026-08-07,09:09:00,N,nominal,2.0NRT,298.76,30.02,D,VIIRS
47.21096,35.22682,336.04,0.76,0.77,2026-08-07,09:09:00,N,nominal,2.0NRT,305.93,88.28,D,VIIRS
47.22085,35.23092,367,0.76,0.77,2026-08-07,09:09:00,N,high,2.0NRT,297.69,88.28,D,VIIRS
47.21733,35.22165,354.07,0.76,0.77,2026-08-07,09:09:00,N,nominal,2.0NRT,302.21,88.28,D,VIIRS
46.85806,36.11732,330.69,0.72,0.76,2026-08-07,09:09:00,N,nominal,2.0NRT,299.36,7.02,D,VIIRS
46.73278,35.91563,341.11,0.74,0.76,2026-08-07,09:09:00,N,nominal,2.0NRT,300.67,6.77,D,VIIRS
47.23035,37.25716,345.97,0.63,0.72,2026-08-07,09:09:00,N,nominal,2.0NRT,298.66,8.76,D,VIIRS
46.85279,36.12001,335.84,0.72,0.76,2026-08-07,09:09:00,N,nominal,2.0NRT,300.78,5.73,D,VIIRS
47.23281,37.25524,340.37,0.63,0.72,2026-08-07,09:09:00,N,nominal,2.0NRT,298.48,9.36,D,VIIRS
46.73483,35.91259,341.43,0.74,0.76,2026-08-07,09:09:00,N,nominal,2.0NRT,300.07,4.3,D,VIIRS
47.07019,36.97441,338.44,0.66,0.73,2026-08-07,09:09:00,N,nominal,2.0NRT,299.05,6.35,D,VIIRS
46.87069,36.49495,337.3,0.7,0.75,2026-08-07,09:09:00,N,nominal,2.0NRT,300.42,14.67,D,VIIRS
46.93275,36.66292,355.01,0.68,0.74,2026-08-07,09:09:00,N,nominal,2.0NRT,301.31,9.72,D,VIIRS
46.93584,36.67132,334.68,0.68,0.74,2026-08-07,09:09:00,N,nominal,2.0NRT,299.42,9.72,D,VIIRS
46.8488,36.52222,355.34,0.7,0.75,2026-08-07,09:09:00,N,nominal,2.0NRT,300.41,9.03,D,VIIRS
46.71044,36.196040000000004,334.35,0.72,0.76,2026-08-07,09:09:00,N,nominal,2.0NRT,301.38,6.03,D,VIIRS
46.70413,36.20093,346.11,0.72,0.76,2026-08-07,09:09:00,N,nominal,2.0NRT,300.93,7.68,D,VIIRS
46.70744,36.20971,344.35,0.72,0.76,2026-08-07,09:09:00,N,nominal,2.0NRT,302.03,7.68,D,VIIRS
46.87164,36.49364,350.68,0.7,0.75,2026-08-07,09:09:00,N,nominal,2.0NRT,300.99,13.07,D,VIIRS
46.93299,36.66236,352.52,0.68,0.74,2026-08-07,09:09:00,N,nominal,2.0NRT,300.99,10.71,D,VIIRS
46.93605,36.6708,336.67,0.68,0.74,2026-08-07,09:09:00,N,nominal,2.0NRT,299.6,12.59,D,VIIRS
46.84974,36.52104,345.66,0.7,0.75,2026-08-07,09:09:00,N,nominal,2.0NRT,299.98,6.08,D,VIIRS
46.84358,36.52603,332.57,0.7,0.75,2026-08-07,09:09:00,N,nominal,2.0NRT,299.9,6.08,D,VIIRS
46.70654,36.19843,357.16,0.73,0.76,2026-08-07,09:09:00,N,nominal,2.0NRT,301.82,15.66,D,VIIRS
46.70981,36.20723,348.7,0.72,0.76,2026-08-07,09:09:00,N,nominal,2.0NRT,302.44,20.15,D,VIIRS
46.86482,36.69255,332.61,0.68,0.74,2026-08-07,09:09:00,N,nominal,2.0NRT,299.16,5.54,D,VIIRS
47.09834,37.62986,344.87,0.62,0.71,2026-08-07,09:09:00,N,nominal,2.0NRT,298.58,3.34,D,VIIRS
47.2138,35.21236,349.35,0.76,0.77,2026-08-07,09:09:00,N,nominal,2.0NRT,298.22,65.11,D,VIIRS
47.29256,35.37677,337.1,0.75,0.77,2026-08-07,09:09:00,N,nominal,2.0NRT,299.26,5.05,D,VIIRS
47.82866,36.99496,367,0.62,0.71,2026-08-07,09:09:00,N,high,2.0NRT,298.67,16.89,D,VIIRS
47.88636,37.13347,367,0.61,0.71,2026-08-07,09:09:00,N,high,2.0NRT,301.06,22.94,D,VIIRS
47.88905,37.14093,332.24,0.61,0.71,2026-08-07,09:09:00,N,nominal,2.0NRT,297.04,22.94,D,VIIRS
47.88371,37.12611,354.61,0.61,0.71,2026-08-07,09:09:00,N,nominal,2.0NRT,300.85,32.77,D,VIIRS
47.37921,35.76349,340.56,0.71,0.75,2026-08-07,09:09:00,N,nominal,2.0NRT,298.67,10.08,D,VIIRS
47.37587,35.7547,331.55,0.71,0.75,2026-08-07,09:09:00,N,nominal,2.0NRT,297.09,3.17,D,VIIRS
47.88962,37.12152,367,0.61,0.71,2026-08-07,09:09:00,N,high,2.0NRT,301.99,28.03,D,VIIRS
47.89492,37.13622,349.99,0.61,0.71,2026-08-07,09:09:00,N,nominal,2.0NRT,297.75,52.35,D,VIIRS
47.89224,37.12878,353.24,0.61,0.71,2026-08-07,09:09:00,N,nominal,2.0NRT,303.78,52.35,D,VIIRS
47.88695,37.11411,342.68,0.61,0.71,2026-08-07,09:09:00,N,nominal,2.0NRT,296.94,28.03,D,VIIRS
47.38882,35.76738,339.07,0.71,0.75,2026-08-07,09:09:00,N,nominal,2.0NRT,298.62,8.89,D,VIIRS
47.3821,35.74966,335.62,0.71,0.75,2026-08-07,09:09:00,N,nominal,2.0NRT,297.6,2.67,D,VIIRS
47.73469,35.68243,344.7,0.7,0.75,2026-08-07,09:09:00,N,nominal,2.0NRT,298.76,7.59,D,VIIRS
47.73784,35.69089,336.04,0.7,0.75,2026-08-07,09:09:00,N,nominal,2.0NRT,296.91,7.59,D,VIIRS
48.00235,36.41158,334.99,0.64,0.72,2026-08-07,09:09:00,N,nominal,2.0NRT,298.45,5.97,D,VIIRS
47.78346,35.90002,333.38,0.68,0.74,2026-08-07,09:09:00,N,nominal,2.0NRT,299.22,9.7,D,VIIRS
47.78653,35.9083,344.73,0.68,0.74,2026-08-07,09:09:00,N,nominal,2.0NRT,297.79,14.12,D,VIIRS
47.86608,36.14521,367,0.66,0.73,2026-08-07,09:09:00,N,high,2.0NRT,298.16,29.77,D,VIIRS
47.62644,35.52317,336.21,0.72,0.75,2026-08-07,09:09:00,N,nominal,2.0NRT,297.26,4.88,D,VIIRS
47.85991,36.14985,347.05,0.66,0.73,2026-08-07,09:09:00,N,nominal,2.0NRT,297.69,10.2,D,VIIRS
47.86283,36.15779,349.02,0.66,0.73,2026-08-07,09:09:00,N,nominal,2.0NRT,298.9,10.2,D,VIIRS
47.99608,36.62851,339.38,0.63,0.72,2026-08-07,09:09:00,N,nominal,2.0NRT,294.1,7.9,D,VIIRS
47.99886,36.63615,339.6,0.63,0.72,2026-08-07,09:09:00,N,nominal,2.0NRT,296.75,11.31,D,VIIRS
48.24595,37.32505,341.39,0.58,0.7,2026-08-07,09:09:00,N,nominal,2.0NRT,297.6,5.3,D,VIIRS
48.25317,37.42904,343.79,0.57,0.69,2026-08-07,09:09:00,N,nominal,2.0NRT,296.76,8.49,D,VIIRS
48.2557,37.43621,345.99,0.57,0.69,2026-08-07,09:09:00,N,nominal,2.0NRT,296.98,8.49,D,VIIRS
47.28761,34.87869,341.57,0.78,0.78,2026-08-07,09:09:00,N,nominal,2.0NRT,297.37,5.92,D,VIIRS
47.29137,34.88831,338.22,0.78,0.78,2026-08-07,09:09:00,N,nominal,2.0NRT,298.71,10.12,D,VIIRS
47.5588,35.62417,343.39,0.71,0.75,2026-08-07,09:09:00,N,nominal,2.0NRT,297.9,9.68,D,VIIRS
47.36245,35.11391,367,0.76,0.77,2026-08-07,09:09:00,N,high,2.0NRT,299.96,22.31,D,VIIRS
47.99541,36.63956,342.61,0.63,0.72,2026-08-07,09:09:00,N,nominal,2.0NRT,297.26,11.22,D,VIIRS
48.25811,37.4265,335.02,0.57,0.69,2026-08-07,09:09:00,N,nominal,2.0NRT,296.99,5.27,D,VIIRS
48.25238,37.43118,333.38,0.57,0.69,2026-08-07,09:09:00,N,nominal,2.0NRT,296.08,5.27,D,VIIRS
48.25488,37.43836,336.03,0.57,0.69,2026-08-07,09:09:00,N,nominal,2.0NRT,296.17,12.93,D,VIIRS
47.28895,34.88943,341.42,0.78,0.78,2026-08-07,09:09:00,N,nominal,2.0NRT,298.82,13.83,D,VIIRS
47.5598,35.6234,347.07,0.71,0.75,2026-08-07,09:09:00,N,nominal,2.0NRT,297.94,6.1,D,VIIRS
47.36552,35.11073,367,0.76,0.77,2026-08-07,09:09:00,N,high,2.0NRT,299.17,24.56,D,VIIRS
47.35207,35.09739,340.69,0.76,0.77,2026-08-07,09:09:00,N,nominal,2.0NRT,298.02,12.85,D,VIIRS
47.34568,35.10254,330.08,0.76,0.77,2026-08-07,09:09:00,N,nominal,2.0NRT,297.93,4.57,D,VIIRS
47.82402,36.99812,367,0.62,0.71,2026-08-07,09:09:00,N,high,2.0NRT,299.39,14.33,D,VIIRS
47.82993,36.9934,337.47,0.62,0.71,2026-08-07,09:09:00,N,nominal,2.0NRT,297.07,7.35,D,VIIRS
47.14464,34.91375,342.21,0.79,0.78,2026-08-07,09:09:00,N,nominal,2.0NRT,300.3,9.42,D,VIIRS
47.14833,34.92328,355.68,0.78,0.78,2026-08-07,09:09:00,N,nominal,2.0NRT,302.01,35.72,D,VIIRS
47.9217,36.99979,336.8,0.61,0.71,2026-08-07,09:09:00,N,nominal,2.0NRT,297.4,4.42,D,VIIRS
47.15203,34.93282,367,0.78,0.78,2026-08-07,09:09:00,N,high,2.0NRT,299.65,35.72,D,VIIRS
47.13821,34.91903,353.79,0.79,0.78,2026-08-07,09:09:00,N,nominal,2.0NRT,300.43,15.71,D,VIIRS
47.89815,37.12419,367,0.61,0.71,2026-08-07,09:09:00,N,high,2.0NRT,301.18,52.35,D,VIIRS
47.89551,37.11686,356.03,0.61,0.71,2026-08-07,09:09:00,N,nominal,2.0NRT,302.2,28.03,D,VIIRS
47.19944,35.25119,339.29,0.76,0.77,2026-08-07,09:09:00,N,nominal,2.0NRT,299.58,7.43,D,VIIRS
47.90405,37.11956,339.56,0.61,0.71,2026-08-07,09:09:00,N,nominal,2.0NRT,295.78,46.21,D,VIIRS
47.90138,37.11212,349.94,0.61,0.71,2026-08-07,09:09:00,N,nominal,2.0NRT,302.37,33.06,D,VIIRS
47.89868,37.10463,336.7,0.61,0.71,2026-08-07,09:09:00,N,nominal,2.0NRT,296.03,33.06,D,VIIRS
47.20938,35.25529,330.73,0.76,0.77,2026-08-07,09:09:00,N,nominal,2.0NRT,298.82,11.96,D,VIIRS
47.2058,35.24604,331.04,0.76,0.77,2026-08-07,09:09:00,N,nominal,2.0NRT,299.79,11.96,D,VIIRS
47.2086,35.23162,367,0.76,0.77,2026-08-07,09:09:00,N,high,2.0NRT,301.44,30,D,VIIRS
47.21573,35.2501,352.4,0.76,0.77,2026-08-07,09:09:00,N,nominal,2.0NRT,298.75,11.96,D,VIIRS
47.21217,35.24087,352.66,0.76,0.77,2026-08-07,09:09:00,N,nominal,2.0NRT,300.52,11.96,D,VIIRS
47.21853,35.23571,367,0.76,0.77,2026-08-07,09:09:00,N,high,2.0NRT,301.04,69.53,D,VIIRS
47.22209,35.24494,339.62,0.76,0.77,2026-08-07,09:09:00,N,nominal,2.0NRT,297.05,69.53,D,VIIRS
47.21497,35.22648,334.02,0.76,0.77,2026-08-07,09:09:00,N,nominal,2.0NRT,307.71,133.2,D,VIIRS
47.2114,35.21721,333.51,0.76,0.77,2026-08-07,09:09:00,N,nominal,2.0NRT,300.5,133.2,D,VIIRS
47.1419,34.92855,334.7,0.78,0.78,2026-08-07,09:09:00,N,nominal,2.0NRT,300.93,14.71,D,VIIRS
47.85498,36.83533,345.39,0.62,0.72,2026-08-07,09:09:00,N,nominal,2.0NRT,297.1,4.72,D,VIIRS
47.14559,34.93807,367,0.78,0.78,2026-08-07,09:09:00,N,high,2.0NRT,300.52,14.71,D,VIIRS
47.29723,35.3758,333.43,0.74,0.76,2026-08-07,09:09:00,N,nominal,2.0NRT,298.94,7.66,D,VIIRS
47.57274,36.10706,344.86,0.68,0.74,2026-08-07,09:09:00,N,nominal,2.0NRT,299.79,5.7,D,VIIRS
47.08001,35.1255,340.11,0.77,0.78,2026-08-07,09:09:00,N,nominal,2.0NRT,299.44,20.19,D,VIIRS
47.09887,35.71731,332.19,0.73,0.76,2026-08-07,09:09:00,N,nominal,2.0NRT,298.97,9.76,D,VIIRS
47.84166,37.76392,336.74,0.57,0.69,2026-08-07,09:09:00,N,nominal,2.0NRT,295.68,3.77,D,VIIRS
47.1988,36.00526,333.13,0.71,0.75,2026-08-07,09:09:00,N,nominal,2.0NRT,299.23,5.9,D,VIIRS
47.55973,37.09594,337.54,0.62,0.72,2026-08-07,09:09:00,N,nominal,2.0NRT,298.41,5.18,D,VIIRS
47.56255,37.10377,336.59,0.62,0.72,2026-08-07,09:09:00,N,nominal,2.0NRT,299.04,8.13,D,VIIRS
47.56402,37.09777,335.59,0.62,0.72,2026-08-07,09:09:00,N,nominal,2.0NRT,299.05,8.2,D,VIIRS
46.765,35.15512,333.1,0.79,0.78,2026-08-07,09:09:00,N,nominal,2.0NRT,298.19,4.71,D,VIIRS
47.29583,36.82471,338.5,0.65,0.73,2026-08-07,09:09:00,N,nominal,2.0NRT,297.2,34.51,D,VIIRS
47.29876,36.8327,330.2,0.65,0.73,2026-08-07,09:09:00,N,nominal,2.0NRT,296.51,50.46,D,VIIRS
47.28963,36.82909,339.57,0.65,0.73,2026-08-07,09:09:00,N,nominal,2.0NRT,301.45,34.51,D,VIIRS
47.29268,36.83741,367,0.65,0.73,2026-08-07,09:09:00,N,high,2.0NRT,304.51,50.46,D,VIIRS
48.9549,35.34476,332.16,0.65,0.73,2026-08-07,09:11:00,N,nominal,2.0NRT,295.28,4.76,D,VIIRS
48.82077,35.15461,331.89,0.67,0.74,2026-08-07,09:11:00,N,nominal,2.0NRT,295.33,8.15,D,VIIRS
48.77877,35.92185,339.16,0.63,0.72,2026-08-07,09:11:00,N,nominal,2.0NRT,296.21,7.53,D,VIIRS
50.32072,37.39057,330.94,0.49,0.65,2026-08-07,09:11:00,N,nominal,2.0NRT,295.86,2.49,D,VIIRS
50.17336,36.88035,347.65,0.52,0.67,2026-08-07,09:11:00,N,nominal,2.0NRT,295.45,7.54,D,VIIRS
49.45871,37.86924,331.35,0.5,0.66,2026-08-07,09:11:00,N,nominal,2.0NRT,294.42,3.84,D,VIIRS
48.77617,35.92465,340.57,0.63,0.72,2026-08-07,09:11:00,N,nominal,2.0NRT,297.3,6.94,D,VIIRS
49.99662,37.55223,340.06,0.49,0.65,2026-08-07,09:11:00,N,nominal,2.0NRT,298.2,3.45,D,VIIRS
49.99422,37.58586,332.75,0.49,0.65,2026-08-07,09:11:00,N,nominal,2.0NRT,297.04,6.6,D,VIIRS
48.52011,34.13711,353.09,0.75,0.77,2026-08-07,09:11:00,N,nominal,2.0NRT,294.89,18.22,D,VIIRS
49.78609,37.5951,341.54,0.5,0.66,2026-08-07,09:11:00,N,nominal,2.0NRT,299.34,3.19,D,VIIRS
48.51036,34.13367,337.31,0.75,0.77,2026-08-07,09:11:00,N,nominal,2.0NRT,294.2,7.58,D,VIIRS
48.50845,34.14019,330.95,0.75,0.77,2026-08-07,09:11:00,N,nominal,2.0NRT,293.21,5.68,D,VIIRS
46.71891,36.26215,340.42,0.45,0.39,2026-08-07,10:49:00,N,low,2.0NRT,311.36,3.92,D,VIIRS
46.56076,34.96559,367,0.42,0.37,2026-08-07,10:49:00,N,high,2.0NRT,312.83,8.18,D,VIIRS
46.70908,36.20939,338.37,0.45,0.39,2026-08-07,10:49:00,N,nominal,2.0NRT,313.03,4.88,D,VIIRS
46.70413,36.19839,347.89,0.45,0.39,2026-08-07,10:49:00,N,nominal,2.0NRT,313.44,12.53,D,VIIRS
46.70481,36.20432,367,0.45,0.39,2026-08-07,10:49:00,N,high,2.0NRT,314.57,12.53,D,VIIRS
46.54767,34.94659,348.52,0.42,0.37,2026-08-07,10:49:00,N,nominal,2.0NRT,311.86,4.72,D,VIIRS
46.55393,34.99561,341.48,0.42,0.38,2026-08-07,10:49:00,N,nominal,2.0NRT,311.58,3.39,D,VIIRS
46.55462,35.00106,347.45,0.42,0.38,2026-08-07,10:49:00,N,nominal,2.0NRT,312.64,3.39,D,VIIRS
46.56923,35.20142,340.08,0.42,0.38,2026-08-07,10:49:00,N,low,2.0NRT,312.51,4.72,D,VIIRS
46.56438,35.19125,337.09,0.42,0.38,2026-08-07,10:49:00,N,low,2.0NRT,310.91,3.21,D,VIIRS
46.14591,32.25789,367,0.38,0.36,2026-08-07,10:49:00,N,low,2.0NRT,331.41,25.52,D,VIIRS
45.70036,29.58484,346.66,0.41,0.37,2026-08-07,10:49:00,N,nominal,2.0NRT,311.7,4.03,D,VIIRS
46.14667,32.26283,338.44,0.38,0.36,2026-08-07,10:49:00,N,low,2.0NRT,308.54,25.52,D,VIIRS
46.14339,32.26387,342.13,0.38,0.36,2026-08-07,10:49:00,N,nominal,2.0NRT,312.9,25.52,D,VIIRS
45.6201,29.26282,337.42,0.42,0.38,2026-08-07,10:49:00,N,low,2.0NRT,309.84,3.78,D,VIIRS
45.60949,29.27486,341.77,0.42,0.38,2026-08-07,10:49:00,N,nominal,2.0NRT,310.93,4.37,D,VIIRS
46.27415,33.37048,351.25,0.39,0.36,2026-08-07,10:49:00,N,nominal,2.0NRT,312.2,6.12,D,VIIRS
46.26939,33.36139,339.56,0.39,0.36,2026-08-07,10:49:00,N,low,2.0NRT,313.13,4.09,D,VIIRS
46.32541,33.83127,342.13,0.4,0.37,2026-08-07,10:49:00,N,nominal,2.0NRT,312.12,3.72,D,VIIRS
46.31922,33.81176,345.93,0.4,0.37,2026-08-07,10:49:00,N,nominal,2.0NRT,311.45,3.26,D,VIIRS
46.32207,33.83224,351.47,0.4,0.37,2026-08-07,10:49:00,N,nominal,2.0NRT,313.34,6.24,D,VIIRS
46.31588,33.81272,340.51,0.4,0.37,2026-08-07,10:49:00,N,low,2.0NRT,312.82,3.26,D,VIIRS
46.31659,33.81784,343.69,0.4,0.37,2026-08-07,10:49:00,N,nominal,2.0NRT,313.43,3.26,D,VIIRS
46.31873,33.8332,352.23,0.4,0.37,2026-08-07,10:49:00,N,nominal,2.0NRT,314.17,6.24,D,VIIRS
46.31467,33.82904,340.36,0.4,0.37,2026-08-07,10:49:00,N,low,2.0NRT,312.16,2.92,D,VIIRS
46.25374,33.74044,337.09,0.39,0.37,2026-08-07,10:49:00,N,low,2.0NRT,311.11,2.62,D,VIIRS
46.16228,33.12146,343.83,0.39,0.36,2026-08-07,10:49:00,N,nominal,2.0NRT,311.87,4.06,D,VIIRS
45.56357,29.53758,336.31,0.41,0.37,2026-08-07,10:49:00,N,nominal,2.0NRT,306.44,1.96,D,VIIRS
46.26343,34.03883,338.45,0.4,0.37,2026-08-07,10:49:00,N,low,2.0NRT,311.79,3,D,VIIRS
46.30451,34.33971,339.67,0.4,0.37,2026-08-07,10:49:00,N,low,2.0NRT,310.6,4.07,D,VIIRS
46.3472,34.76593,336.62,0.41,0.37,2026-08-07,10:49:00,N,low,2.0NRT,309.69,2.53,D,VIIRS
46.34309,34.76152,337.72,0.41,0.37,2026-08-07,10:49:00,N,low,2.0NRT,312.31,4.51,D,VIIRS
46.34379,34.76685,335.06,0.41,0.37,2026-08-07,10:49:00,N,low,2.0NRT,309.01,2.53,D,VIIRS
46.36303,35.13596,345.3,0.42,0.38,2026-08-07,10:49:00,N,nominal,2.0NRT,309.57,2.81,D,VIIRS
46.36372,35.14141,340.99,0.42,0.38,2026-08-07,10:49:00,N,nominal,2.0NRT,310.25,7.56,D,VIIRS
46.35959,35.13688,345.65,0.42,0.38,2026-08-07,10:49:00,N,nominal,2.0NRT,310.36,2.97,D,VIIRS
46.36028,35.14232,354.51,0.42,0.38,2026-08-07,10:49:00,N,nominal,2.0NRT,312.92,9.8,D,VIIRS
46.21443,34.47572,340.56,0.41,0.37,2026-08-07,10:49:00,N,nominal,2.0NRT,309.64,3.02,D,VIIRS
48.25862,37.42817,347.19,0.52,0.41,2026-08-07,10:49:00,N,nominal,2.0NRT,311.46,9.11,D,VIIRS
48.22224,37.0755,336.62,0.5,0.41,2026-08-07,10:49:00,N,low,2.0NRT,311.22,5,D,VIIRS
48.226,37.07462,333.99,0.5,0.41,2026-08-07,10:49:00,N,low,2.0NRT,306.11,5,D,VIIRS
48.31839,37.78775,342.91,0.54,0.42,2026-08-07,10:49:00,N,nominal,2.0NRT,307.35,6.62,D,VIIRS
48.25437,37.12405,345.98,0.5,0.41,2026-08-07,10:49:00,N,nominal,2.0NRT,307.69,5.24,D,VIIRS
48.25179,37.02686,334.75,0.5,0.41,2026-08-07,10:49:00,N,low,2.0NRT,308.06,3.92,D,VIIRS
48.25107,37.0201,333.21,0.5,0.41,2026-08-07,10:49:00,N,nominal,2.0NRT,304.8,2.18,D,VIIRS
47.7702,33.09487,367,0.39,0.36,2026-08-07,10:49:00,N,high,2.0NRT,331.21,53.88,D,VIIRS
48.31838,37.78845,343.4,0.54,0.42,2026-08-07,10:49:00,N,nominal,2.0NRT,306.72,10.78,D,VIIRS
48.25346,37.12449,348.19,0.51,0.41,2026-08-07,10:49:00,N,nominal,2.0NRT,308.41,7.43,D,VIIRS
47.77092,33.1001,341.52,0.39,0.36,2026-08-07,10:49:00,N,nominal,2.0NRT,316.52,28.47,D,VIIRS
47.77425,33.09907,343,0.39,0.36,2026-08-07,10:49:00,N,nominal,2.0NRT,312.67,18.39,D,VIIRS
47.77352,33.09385,316.79,0.39,0.36,2026-08-07,10:49:00,N,low,2.0NRT,320.73,43.37,D,VIIRS
48.2506,37.02034,333.58,0.5,0.41,2026-08-07,10:49:00,N,low,2.0NRT,305.22,3.87,D,VIIRS
47.77758,33.09805,344.39,0.39,0.36,2026-08-07,10:49:00,N,nominal,2.0NRT,309.26,18.39,D,VIIRS
47.77612,33.08759,333.99,0.39,0.36,2026-08-07,10:49:00,N,low,2.0NRT,307.85,43.37,D,VIIRS
47.77539,33.08237,341.75,0.39,0.36,2026-08-07,10:49:00,N,nominal,2.0NRT,308.85,2.76,D,VIIRS
47.77685,33.09282,367,0.39,0.36,2026-08-07,10:49:00,N,low,2.0NRT,330.62,43.37,D,VIIRS
48.25437,37.01949,332.5,0.5,0.41,2026-08-07,10:49:00,N,low,2.0NRT,303.66,4.27,D,VIIRS
47.77872,33.08135,340.98,0.39,0.36,2026-08-07,10:49:00,N,nominal,2.0NRT,311.65,24.06,D,VIIRS
47.78204,33.08033,344.31,0.39,0.36,2026-08-07,10:49:00,N,nominal,2.0NRT,315.07,24.06,D,VIIRS
47.78132,33.07512,354.35,0.39,0.36,2026-08-07,10:49:00,N,nominal,2.0NRT,320.31,24.06,D,VIIRS
47.78465,33.0741,349.2,0.39,0.36,2026-08-07,10:49:00,N,nominal,2.0NRT,315.98,34.89,D,VIIRS
48.27626,36.89693,337.82,0.5,0.41,2026-08-07,10:49:00,N,low,2.0NRT,308.34,3.9,D,VIIRS
47.65202,31.97083,342.65,0.38,0.36,2026-08-07,10:49:00,N,low,2.0NRT,312.85,3.38,D,VIIRS
47.8656,33.43321,339.79,0.4,0.37,2026-08-07,10:49:00,N,low,2.0NRT,312.34,4.81,D,VIIRS
48.32828,37.21286,346.64,0.51,0.41,2026-08-07,10:49:00,N,nominal,2.0NRT,308.81,6.31,D,VIIRS
45.39011,34.62634,343.93,0.4,0.37,2026-08-07,10:49:00,N,nominal,2.0NRT,308.77,3.74,D,VIIRS
45.38743,34.63239,336.28,0.4,0.37,2026-08-07,10:49:00,N,low,2.0NRT,307.81,3.18,D,VIIRS
45.38336,34.62816,346.97,0.4,0.37,2026-08-07,10:49:00,N,nominal,2.0NRT,308.46,6.2,D,VIIRS
45.38405,34.6333,337.62,0.4,0.37,2026-08-07,10:49:00,N,low,2.0NRT,308.28,3.18,D,VIIRS
45.37999,34.62907,342.12,0.4,0.37,2026-08-07,10:49:00,N,nominal,2.0NRT,308.54,4.53,D,VIIRS
45.38561,36.62271,332.89,0.45,0.39,2026-08-07,10:49:00,N,low,2.0NRT,306.54,4.72,D,VIIRS
47.807,36.58799,341.63,0.48,0.4,2026-08-07,10:49:00,N,nominal,2.0NRT,311.18,9.21,D,VIIRS
47.8063,36.58159,345.94,0.48,0.4,2026-08-07,10:49:00,N,nominal,2.0NRT,312.69,8.34,D,VIIRS
47.8056,36.57518,353,0.48,0.4,2026-08-07,10:49:00,N,nominal,2.0NRT,313.11,8.34,D,VIIRS
47.77354,36.28408,347.1,0.47,0.39,2026-08-07,10:49:00,N,nominal,2.0NRT,307.16,9.5,D,VIIRS
47.5974,34.79562,337.05,0.42,0.38,2026-08-07,10:49:00,N,low,2.0NRT,311.71,7.1,D,VIIRS
47.5967,34.79002,336.72,0.42,0.38,2026-08-07,10:49:00,N,low,2.0NRT,309.94,3.3,D,VIIRS
47.84492,36.90614,351.64,0.49,0.4,2026-08-07,10:49:00,N,nominal,2.0NRT,315.19,15.33,D,VIIRS
47.81977,36.67102,344.69,0.48,0.4,2026-08-07,10:49:00,N,nominal,2.0NRT,310.57,8.63,D,VIIRS
47.81907,36.66451,344.07,0.48,0.4,2026-08-07,10:49:00,N,nominal,2.0NRT,310.55,8.63,D,VIIRS
47.81836,36.65804,336.37,0.48,0.4,2026-08-07,10:49:00,N,low,2.0NRT,308.51,28.72,D,VIIRS
47.80997,36.58072,341.66,0.48,0.4,2026-08-07,10:49:00,N,nominal,2.0NRT,308.88,18.44,D,VIIRS
47.80928,36.57431,349.65,0.48,0.4,2026-08-07,10:49:00,N,nominal,2.0NRT,310.03,18.44,D,VIIRS
47.90606,37.4598,351.4,0.52,0.41,2026-08-07,10:49:00,N,nominal,2.0NRT,318.01,65.9,D,VIIRS
47.85843,36.9979,339.83,0.49,0.41,2026-08-07,10:49:00,N,nominal,2.0NRT,301.16,3.56,D,VIIRS
47.85773,36.99125,339.89,0.49,0.41,2026-08-07,10:49:00,N,nominal,2.0NRT,303,3.56,D,VIIRS
47.84864,36.90525,353.21,0.49,0.4,2026-08-07,10:49:00,N,nominal,2.0NRT,312.29,15.33,D,VIIRS
47.84795,36.89869,347.91,0.49,0.4,2026-08-07,10:49:00,N,nominal,2.0NRT,308.92,15.33,D,VIIRS
47.82346,36.67015,342.07,0.48,0.4,2026-08-07,10:49:00,N,nominal,2.0NRT,307.67,8.63,D,VIIRS
47.82275,36.66366,339.37,0.48,0.4,2026-08-07,10:49:00,N,nominal,2.0NRT,309.31,8.63,D,VIIRS
47.75004,36.01,334.07,0.46,0.39,2026-08-07,10:49:00,N,low,2.0NRT,309,3.89,D,VIIRS
47.73048,35.83986,350.78,0.45,0.39,2026-08-07,10:49:00,N,nominal,2.0NRT,305.7,11.41,D,VIIRS
47.68855,35.48278,336.44,0.44,0.38,2026-08-07,10:49:00,N,low,2.0NRT,308.48,6.1,D,VIIRS
47.68786,35.47696,342.42,0.44,0.38,2026-08-07,10:49:00,N,nominal,2.0NRT,312.07,8.89,D,VIIRS
47.91057,37.46591,335.11,0.52,0.41,2026-08-07,10:49:00,N,nominal,2.0NRT,305.41,5.04,D,VIIRS
47.90987,37.45897,349.8,0.52,0.41,2026-08-07,10:49:00,N,nominal,2.0NRT,304.93,19.42,D,VIIRS
47.90917,37.45203,332.66,0.51,0.41,2026-08-07,10:49:00,N,low,2.0NRT,305.36,19.42,D,VIIRS
47.82574,36.65633,337.14,0.48,0.4,2026-08-07,10:49:00,N,low,2.0NRT,307.53,3.79,D,VIIRS
47.79427,36.36956,341.31,0.47,0.4,2026-08-07,10:49:00,N,nominal,2.0NRT,308.07,7.07,D,VIIRS
47.73405,35.83895,353.11,0.45,0.39,2026-08-07,10:49:00,N,nominal,2.0NRT,307.01,8.91,D,VIIRS
47.69139,35.47606,334.66,0.44,0.38,2026-08-07,10:49:00,N,low,2.0NRT,307.23,2.44,D,VIIRS
47.83523,36.674,353.85,0.48,0.4,2026-08-07,10:49:00,N,nominal,2.0NRT,316.69,39.89,D,VIIRS
47.85653,36.83625,342.52,0.49,0.4,2026-08-07,10:49:00,N,nominal,2.0NRT,308.08,5.5,D,VIIRS
47.69141,35.32516,342.13,0.44,0.38,2026-08-07,10:49:00,N,nominal,2.0NRT,309.38,4.41,D,VIIRS
47.73863,35.68972,335.24,0.45,0.39,2026-08-07,10:49:00,N,low,2.0NRT,306.18,2.83,D,VIIRS
47.81696,36.33817,333.9,0.47,0.4,2026-08-07,10:49:00,N,low,2.0NRT,304.88,9.46,D,VIIRS
47.74218,35.68876,334.91,0.45,0.39,2026-08-07,10:49:00,N,low,2.0NRT,305.63,2.83,D,VIIRS
47.87524,36.79804,341.24,0.49,0.4,2026-08-07,10:49:00,N,nominal,2.0NRT,307.34,9.33,D,VIIRS
47.68778,35.17691,346.18,0.43,0.38,2026-08-07,10:49:00,N,nominal,2.0NRT,309.63,4.73,D,VIIRS
48.2548,37.429,336.3,0.52,0.41,2026-08-07,10:49:00,N,low,2.0NRT,310.14,5.08,D,VIIRS
48.2555,37.43601,334.51,0.52,0.41,2026-08-07,10:49:00,N,nominal,2.0NRT,307.34,3.54,D,VIIRS
48.19982,36.93556,348.22,0.5,0.41,2026-08-07,10:49:00,N,nominal,2.0NRT,310.41,8.06,D,VIIRS
47.9412,34.72914,349.54,0.42,0.38,2026-08-07,10:49:00,N,nominal,2.0NRT,307.21,9.01,D,VIIRS
48.19608,36.93649,345.13,0.5,0.41,2026-08-07,10:49:00,N,nominal,2.0NRT,309.19,5.7,D,VIIRS
48.20549,37.21246,347,0.51,0.41,2026-08-07,10:49:00,N,nominal,2.0NRT,305.24,7.15,D,VIIRS
48.06038,35.97126,333.96,0.46,0.39,2026-08-07,10:49:00,N,low,2.0NRT,305.01,2.36,D,VIIRS
48.13907,36.7586,346.82,0.49,0.4,2026-08-07,10:49:00,N,nominal,2.0NRT,309.53,9.89,D,VIIRS
48.13977,36.76527,339.2,0.49,0.4,2026-08-07,10:49:00,N,low,2.0NRT,312.16,5.98,D,VIIRS
48.13324,36.73955,337.34,0.49,0.4,2026-08-07,10:49:00,N,nominal,2.0NRT,304.23,9.08,D,VIIRS
48.12794,36.76141,334.96,0.49,0.4,2026-08-07,10:49:00,N,low,2.0NRT,305.65,7.99,D,VIIRS
48.13626,36.84072,344.94,0.49,0.4,2026-08-07,10:49:00,N,nominal,2.0NRT,309.05,5.06,D,VIIRS
48.04123,36.06514,336.86,0.46,0.39,2026-08-07,10:49:00,N,low,2.0NRT,308.71,37.63,D,VIIRS
48.13822,36.97029,335.7,0.5,0.41,2026-08-07,10:49:00,N,nominal,2.0NRT,302.38,4.68,D,VIIRS
48.03762,36.06604,343.19,0.46,0.39,2026-08-07,10:49:00,N,nominal,2.0NRT,318.18,37.63,D,VIIRS
48.13042,37.00655,348.2,0.5,0.41,2026-08-07,10:49:00,N,nominal,2.0NRT,301.14,10.61,D,VIIRS
47.84386,34.50274,339.01,0.42,0.37,2026-08-07,10:49:00,N,low,2.0NRT,310.86,5.38,D,VIIRS
48.13519,36.97231,335.02,0.5,0.41,2026-08-07,10:49:00,N,low,2.0NRT,305.81,3.47,D,VIIRS
47.84044,34.50371,338.82,0.42,0.37,2026-08-07,10:49:00,N,nominal,2.0NRT,311.22,5.19,D,VIIRS
48.08474,36.57849,331.84,0.48,0.4,2026-08-07,10:49:00,N,nominal,2.0NRT,303.85,2.95,D,VIIRS
48.13128,37.00767,349.29,0.5,0.41,2026-08-07,10:49:00,N,nominal,2.0NRT,298.3,9.21,D,VIIRS
48.11391,36.88131,339.53,0.49,0.41,2026-08-07,10:49:00,N,nominal,2.0NRT,307.81,2.45,D,VIIRS
48.12752,37.00851,335.34,0.5,0.41,2026-08-07,10:49:00,N,low,2.0NRT,306.94,5.7,D,VIIRS
48.07043,36.65538,347.4,0.48,0.4,2026-08-07,10:49:00,N,nominal,2.0NRT,307.1,6.16,D,VIIRS
48.07824,36.7274,349.56,0.49,0.4,2026-08-07,10:49:00,N,nominal,2.0NRT,312.87,26.84,D,VIIRS
48.06673,36.65625,339.74,0.48,0.4,2026-08-07,10:49:00,N,nominal,2.0NRT,306.36,5.25,D,VIIRS
48.07312,36.71514,334.36,0.49,0.4,2026-08-07,10:49:00,N,low,2.0NRT,307.06,2.75,D,VIIRS
48.13604,37.3495,342.9,0.51,0.41,2026-08-07,10:49:00,N,nominal,2.0NRT,306.65,9.84,D,VIIRS
48.13223,37.35032,341.47,0.51,0.41,2026-08-07,10:49:00,N,nominal,2.0NRT,305.64,4.48,D,VIIRS
47.94692,35.72483,356.97,0.45,0.39,2026-08-07,10:49:00,N,nominal,2.0NRT,314.32,6.39,D,VIIRS
47.94335,35.72575,337.23,0.45,0.39,2026-08-07,10:49:00,N,low,2.0NRT,311.12,6.39,D,VIIRS
47.94405,35.73178,356.38,0.45,0.39,2026-08-07,10:49:00,N,nominal,2.0NRT,310.29,11.46,D,VIIRS
47.94049,35.73273,335.08,0.45,0.39,2026-08-07,10:49:00,N,low,2.0NRT,307.77,5.51,D,VIIRS
48.0607,36.81227,337.06,0.49,0.4,2026-08-07,10:49:00,N,nominal,2.0NRT,304.86,6.25,D,VIIRS
48.04073,36.80376,335.79,0.49,0.4,2026-08-07,10:49:00,N,nominal,2.0NRT,307.43,2.28,D,VIIRS
48.04143,36.81036,339.47,0.49,0.4,2026-08-07,10:49:00,N,nominal,2.0NRT,308.27,5.15,D,VIIRS
48.03771,36.81123,344.04,0.49,0.4,2026-08-07,10:49:00,N,nominal,2.0NRT,309.99,5.26,D,VIIRS
47.9642,36.33777,332.24,0.47,0.4,2026-08-07,10:49:00,N,low,2.0NRT,306.38,3.88,D,VIIRS
47.97898,36.54414,356.05,0.48,0.4,2026-08-07,10:49:00,N,nominal,2.0NRT,307.39,29.95,D,VIIRS
47.93808,36.20182,335.57,0.47,0.39,2026-08-07,10:49:00,N,low,2.0NRT,307.3,3.36,D,VIIRS
47.93876,36.20805,337.25,0.47,0.39,2026-08-07,10:49:00,N,low,2.0NRT,309.67,3.36,D,VIIRS
47.97461,36.53857,334.46,0.48,0.4,2026-08-07,10:49:00,N,low,2.0NRT,305.54,25.53,D,VIIRS
47.9753,36.54499,356.75,0.48,0.4,2026-08-07,10:49:00,N,nominal,2.0NRT,309.83,29.95,D,VIIRS
47.81052,35.12368,346.89,0.43,0.38,2026-08-07,10:49:00,N,nominal,2.0NRT,310.97,6.37,D,VIIRS
47.9388,36.20307,333.63,0.47,0.39,2026-08-07,10:49:00,N,low,2.0NRT,307.56,3.16,D,VIIRS
47.97668,36.53938,339.69,0.48,0.4,2026-08-07,10:49:00,N,nominal,2.0NRT,310.68,40.94,D,VIIRS
47.97739,36.5458,351.12,0.48,0.4,2026-08-07,10:49:00,N,nominal,2.0NRT,312.93,40.94,D,VIIRS
47.80703,35.12465,344.23,0.43,0.38,2026-08-07,10:49:00,N,nominal,2.0NRT,312.04,6.37,D,VIIRS
47.92089,36.07932,337.54,0.46,0.39,2026-08-07,10:49:00,N,nominal,2.0NRT,302.87,3.94,D,VIIRS
47.9216,36.08551,349.13,0.46,0.39,2026-08-07,10:49:00,N,nominal,2.0NRT,310.22,9.68,D,VIIRS
48.02145,37.02042,332.55,0.5,0.41,2026-08-07,10:49:00,N,low,2.0NRT,306.95,6.35,D,VIIRS
48.02859,37.08758,348,0.5,0.41,2026-08-07,10:49:00,N,nominal,2.0NRT,311.87,16.42,D,VIIRS
48.01557,37.00125,338.16,0.5,0.41,2026-08-07,10:49:00,N,nominal,2.0NRT,306.92,10.31,D,VIIRS
47.90857,36.10146,332.05,0.46,0.39,2026-08-07,10:49:00,N,low,2.0NRT,305.42,2.97,D,VIIRS
47.91984,36.23332,337,0.47,0.39,2026-08-07,10:49:00,N,nominal,2.0NRT,304.7,4.97,D,VIIRS
48.12575,38.20706,339.81,0.55,0.43,2026-08-07,10:49:00,N,nominal,2.0NRT,308.15,5.3,D,VIIRS
47.91058,36.18445,330.78,0.46,0.39,2026-08-07,10:49:00,N,low,2.0NRT,304.58,4.37,D,VIIRS
48.12181,38.20794,343.17,0.55,0.43,2026-08-07,10:49:00,N,nominal,2.0NRT,310.41,5.3,D,VIIRS
47.9577,36.67643,337.36,0.48,0.4,2026-08-07,10:49:00,N,nominal,2.0NRT,307.72,4.76,D,VIIRS
47.95368,36.7445,332.84,0.49,0.4,2026-08-07,10:49:00,N,low,2.0NRT,306.26,3.49,D,VIIRS
47.71718,34.77773,341.19,0.42,0.38,2026-08-07,10:49:00,N,nominal,2.0NRT,311.17,7.73,D,VIIRS
47.71443,34.78432,339.19,0.42,0.38,2026-08-07,10:49:00,N,low,2.0NRT,311.71,7.73,D,VIIRS
47.88857,36.25401,335.96,0.47,0.4,2026-08-07,10:49:00,N,nominal,2.0NRT,308.27,3.28,D,VIIRS
47.88926,36.26027,337.85,0.47,0.4,2026-08-07,10:49:00,N,nominal,2.0NRT,307.71,3.5,D,VIIRS
47.88563,36.26122,346.44,0.47,0.4,2026-08-07,10:49:00,N,nominal,2.0NRT,309.87,4.64,D,VIIRS
47.70472,34.76381,341.63,0.42,0.38,2026-08-07,10:49:00,N,nominal,2.0NRT,311.29,6.17,D,VIIRS
47.70541,34.76942,337.53,0.42,0.38,2026-08-07,10:49:00,N,low,2.0NRT,311.55,6.79,D,VIIRS
47.75536,35.17435,356.08,0.43,0.38,2026-08-07,10:49:00,N,nominal,2.0NRT,307.72,25.64,D,VIIRS
47.75256,35.18106,355.7,0.43,0.38,2026-08-07,10:49:00,N,nominal,2.0NRT,318.08,37.64,D,VIIRS
47.86368,36.13175,336.57,0.46,0.39,2026-08-07,10:49:00,N,low,2.0NRT,309.25,3.4,D,VIIRS
47.88465,36.31958,336.58,0.47,0.4,2026-08-07,10:49:00,N,nominal,2.0NRT,305.43,6.46,D,VIIRS
47.95308,36.95401,355.77,0.49,0.41,2026-08-07,10:49:00,N,nominal,2.0NRT,312.18,33.39,D,VIIRS
47.95377,36.96068,330.71,0.49,0.41,2026-08-07,10:49:00,N,low,2.0NRT,302.9,7.12,D,VIIRS
47.75186,35.17528,367,0.43,0.38,2026-08-07,10:49:00,N,high,2.0NRT,333.12,84.46,D,VIIRS
47.86147,36.14513,349.27,0.46,0.39,2026-08-07,10:49:00,N,nominal,2.0NRT,308.78,9.12,D,VIIRS
47.88101,36.3205,336.56,0.47,0.4,2026-08-07,10:49:00,N,low,2.0NRT,309.03,6.46,D,VIIRS
47.88171,36.32679,342.71,0.47,0.4,2026-08-07,10:49:00,N,nominal,2.0NRT,309.66,14.05,D,VIIRS
47.95004,36.96154,352.11,0.49,0.41,2026-08-07,10:49:00,N,nominal,2.0NRT,307.56,7.12,D,VIIRS
47.9456,36.95572,342.9,0.49,0.41,2026-08-07,10:49:00,N,nominal,2.0NRT,306.69,4.97,D,VIIRS
47.947,36.96907,350.91,0.49,0.41,2026-08-07,10:49:00,N,nominal,2.0NRT,301.6,11.97,D,VIIRS
47.98257,37.31456,341.72,0.51,0.41,2026-08-07,10:49:00,N,nominal,2.0NRT,307.83,10.5,D,VIIRS
47.76787,35.39892,337.79,0.44,0.38,2026-08-07,10:49:00,N,low,2.0NRT,309.83,3.04,D,VIIRS
47.94186,36.95657,332.62,0.49,0.41,2026-08-07,10:49:00,N,low,2.0NRT,304.77,4.97,D,VIIRS
47.69094,34.79653,345.9,0.42,0.38,2026-08-07,10:49:00,N,nominal,2.0NRT,312.39,6.38,D,VIIRS
47.76434,35.39983,343.66,0.44,0.38,2026-08-07,10:49:00,N,low,2.0NRT,315.34,8.07,D,VIIRS
47.76221,35.41248,345.28,0.44,0.38,2026-08-07,10:49:00,N,nominal,2.0NRT,315.07,9.3,D,VIIRS
47.85326,36.205,345.64,0.47,0.39,2026-08-07,10:49:00,N,nominal,2.0NRT,310.29,6.31,D,VIIRS
47.73018,35.17511,348.45,0.43,0.38,2026-08-07,10:49:00,N,nominal,2.0NRT,301.82,12.83,D,VIIRS
47.72668,35.17603,346.39,0.43,0.38,2026-08-07,10:49:00,N,nominal,2.0NRT,309.63,12.83,D,VIIRS
47.72738,35.18182,349.26,0.43,0.38,2026-08-07,10:49:00,N,nominal,2.0NRT,299.24,12.83,D,VIIRS
47.72388,35.18275,367,0.43,0.38,2026-08-07,10:49:00,N,low,2.0NRT,329.87,50.33,D,VIIRS
47.72318,35.17697,340.9,0.43,0.38,2026-08-07,10:49:00,N,nominal,2.0NRT,310.48,50.33,D,VIIRS
47.77306,35.62912,367,0.45,0.39,2026-08-07,10:49:00,N,low,2.0NRT,327.37,58.24,D,VIIRS
47.77168,35.61728,340.93,0.45,0.39,2026-08-07,10:49:00,N,nominal,2.0NRT,309.39,23.59,D,VIIRS
47.77237,35.62319,348.66,0.45,0.39,2026-08-07,10:49:00,N,nominal,2.0NRT,316.74,58.24,D,VIIRS
47.70643,35.09801,346.57,0.43,0.38,2026-08-07,10:49:00,N,nominal,2.0NRT,310.99,19.79,D,VIIRS
47.71758,35.1904,344.07,0.43,0.38,2026-08-07,10:49:00,N,nominal,2.0NRT,314.02,6.87,D,VIIRS
47.76882,35.62409,346.56,0.45,0.39,2026-08-07,10:49:00,N,nominal,2.0NRT,309.7,7.89,D,VIIRS
47.7695,35.63002,356.67,0.45,0.39,2026-08-07,10:49:00,N,nominal,2.0NRT,313.16,7.89,D,VIIRS
47.90128,36.82405,342.88,0.49,0.4,2026-08-07,10:49:00,N,nominal,2.0NRT,308.16,9.74,D,VIIRS
47.91848,36.98942,338.67,0.5,0.41,2026-08-07,10:49:00,N,nominal,2.0NRT,303.68,6.87,D,VIIRS
47.91916,36.99604,342.73,0.5,0.41,2026-08-07,10:49:00,N,nominal,2.0NRT,310.47,10.96,D,VIIRS
47.712,35.174,347.19,0.43,0.38,2026-08-07,10:49:00,N,nominal,2.0NRT,308.56,8.12,D,VIIRS
47.71269,35.17979,340.1,0.43,0.38,2026-08-07,10:49:00,N,low,2.0NRT,313.14,6.52,D,VIIRS
47.91679,37.0102,335.65,0.5,0.41,2026-08-07,10:49:00,N,nominal,2.0NRT,304.4,6.6,D,VIIRS
47.70295,35.09896,367,0.43,0.38,2026-08-07,10:49:00,N,high,2.0NRT,318.34,19.79,D,VIIRS
47.77129,35.62569,367,0.45,0.39,2026-08-07,10:49:00,N,low,2.0NRT,327.78,25.62,D,VIIRS
47.70644,35.09451,342.44,0.43,0.38,2026-08-07,10:49:00,N,nominal,2.0NRT,309.42,13.72,D,VIIRS
47.77058,35.61979,352.55,0.45,0.39,2026-08-07,10:49:00,N,nominal,2.0NRT,312.56,25.62,D,VIIRS
47.70296,35.09547,347.61,0.43,0.38,2026-08-07,10:49:00,N,nominal,2.0NRT,314.71,13.72,D,VIIRS
47.70367,35.10121,352.3,0.43,0.38,2026-08-07,10:49:00,N,nominal,2.0NRT,314.88,13.72,D,VIIRS
47.71296,35.17614,349.68,0.43,0.38,2026-08-07,10:49:00,N,nominal,2.0NRT,309.83,13,D,VIIRS
47.76774,35.62659,332.48,0.45,0.39,2026-08-07,10:49:00,N,low,2.0NRT,306.85,25.62,D,VIIRS
47.90411,36.81839,334.85,0.49,0.4,2026-08-07,10:49:00,N,low,2.0NRT,307.03,6.08,D,VIIRS
47.71018,35.18285,349.84,0.43,0.38,2026-08-07,10:49:00,N,nominal,2.0NRT,318.91,31.77,D,VIIRS
47.71161,35.19438,341.34,0.43,0.38,2026-08-07,10:49:00,N,low,2.0NRT,316,10.06,D,VIIRS
47.90111,36.82584,349.61,0.49,0.4,2026-08-07,10:49:00,N,nominal,2.0NRT,308.33,8.6,D,VIIRS
47.91898,36.99092,348.44,0.5,0.41,2026-08-07,10:49:00,N,nominal,2.0NRT,306.51,5.21,D,VIIRS
47.91969,36.99752,335.27,0.5,0.41,2026-08-07,10:49:00,N,low,2.0NRT,309.49,5.21,D,VIIRS
47.91666,37.00503,338.32,0.5,0.41,2026-08-07,10:49:00,N,nominal,2.0NRT,305.14,4.78,D,VIIRS
47.65844,34.85461,354.8,0.42,0.38,2026-08-07,10:49:00,N,nominal,2.0NRT,310.89,25.21,D,VIIRS
47.77552,35.81598,335.31,0.45,0.39,2026-08-07,10:49:00,N,low,2.0NRT,306.13,6.23,D,VIIRS
47.77622,35.82198,346.18,0.45,0.39,2026-08-07,10:49:00,N,nominal,2.0NRT,307.69,6.23,D,VIIRS
47.65498,34.85553,336.18,0.42,0.38,2026-08-07,10:49:00,N,low,2.0NRT,309.53,1.73,D,VIIRS
47.65569,34.86117,345.22,0.42,0.38,2026-08-07,10:49:00,N,nominal,2.0NRT,308.99,6.81,D,VIIRS
47.77265,35.8229,351.44,0.45,0.39,2026-08-07,10:49:00,N,nominal,2.0NRT,312.78,19.16,D,VIIRS
47.87696,36.74392,343.31,0.48,0.4,2026-08-07,10:49:00,N,nominal,2.0NRT,310.95,6.87,D,VIIRS
48.21777,37.06967,335.62,0.5,0.41,2026-08-07,10:49:00,N,low,2.0NRT,308.67,5.62,D,VIIRS
47.65152,34.85646,340.01,0.42,0.38,2026-08-07,10:49:00,N,low,2.0NRT,312.07,1.73,D,VIIRS
47.87056,33.39309,336.66,0.4,0.37,2026-08-07,10:49:00,N,low,2.0NRT,310.16,6.04,D,VIIRS
48.31665,37.02589,334.65,0.5,0.41,2026-08-07,10:49:00,N,low,2.0NRT,309.26,7.53,D,VIIRS
48.36679,37.4767,335.89,0.52,0.42,2026-08-07,10:49:00,N,low,2.0NRT,306.5,6.73,D,VIIRS
48.37135,37.483,333.09,0.52,0.42,2026-08-07,10:49:00,N,nominal,2.0NRT,303.04,4.37,D,VIIRS
48.37062,37.47582,335.3,0.52,0.42,2026-08-07,10:49:00,N,nominal,2.0NRT,303.21,4.37,D,VIIRS
48.34202,37.19559,335,0.51,0.41,2026-08-07,10:49:00,N,low,2.0NRT,307.77,3.56,D,VIIRS
48.29924,36.78859,330.93,0.49,0.4,2026-08-07,10:49:00,N,low,2.0NRT,305.92,2.46,D,VIIRS
48.34581,37.19474,340.68,0.51,0.41,2026-08-07,10:49:00,N,nominal,2.0NRT,307.16,3.56,D,VIIRS
48.35287,37.15073,344.21,0.51,0.41,2026-08-07,10:49:00,N,nominal,2.0NRT,305.19,6.59,D,VIIRS
47.98129,33.90091,336.43,0.41,0.37,2026-08-07,10:49:00,N,low,2.0NRT,308.44,2.93,D,VIIRS
47.98341,33.89783,332.07,0.41,0.37,2026-08-07,10:49:00,N,low,2.0NRT,305.08,2.14,D,VIIRS
47.61202,31.31583,345.91,0.38,0.36,2026-08-07,10:49:00,N,low,2.0NRT,317.64,9.72,D,VIIRS
47.75989,32.24265,338,0.39,0.36,2026-08-07,10:49:00,N,low,2.0NRT,312.18,2.16,D,VIIRS
48.40894,37.53945,331.39,0.53,0.42,2026-08-07,10:49:00,N,low,2.0NRT,304.5,3.92,D,VIIRS
47.76318,32.24158,338.41,0.39,0.36,2026-08-07,10:49:00,N,low,2.0NRT,311.32,2.16,D,VIIRS
47.76647,32.24051,337.48,0.39,0.36,2026-08-07,10:49:00,N,low,2.0NRT,311.35,3.25,D,VIIRS
48.45876,37.72795,339.63,0.53,0.42,2026-08-07,10:49:00,N,nominal,2.0NRT,306.4,9.9,D,VIIRS
48.40764,37.17247,338.92,0.51,0.41,2026-08-07,10:49:00,N,nominal,2.0NRT,307.5,9.99,D,VIIRS
48.24803,35.66767,336.41,0.45,0.39,2026-08-07,10:49:00,N,nominal,2.0NRT,308.12,5.74,D,VIIRS
48.2516,35.66674,336.62,0.45,0.39,2026-08-07,10:49:00,N,nominal,2.0NRT,306.21,5.84,D,VIIRS
47.89338,32.87969,340.87,0.39,0.36,2026-08-07,10:49:00,N,nominal,2.0NRT,311.45,1.88,D,VIIRS
48.42395,37.21833,338.7,0.51,0.41,2026-08-07,10:49:00,N,nominal,2.0NRT,304.38,7.25,D,VIIRS
48.42325,37.2114,337.6,0.51,0.41,2026-08-07,10:49:00,N,nominal,2.0NRT,306.84,7.25,D,VIIRS
48.37948,36.78919,340.17,0.49,0.4,2026-08-07,10:49:00,N,nominal,2.0NRT,306.27,11.18,D,VIIRS
47.89669,32.87865,333.38,0.39,0.36,2026-08-07,10:49:00,N,low,2.0NRT,308.37,1.88,D,VIIRS
48.38321,36.78828,339.49,0.49,0.4,2026-08-07,10:49:00,N,nominal,2.0NRT,302.32,5.72,D,VIIRS
48.47296,37.51074,344.48,0.52,0.42,2026-08-07,10:49:00,N,nominal,2.0NRT,308.52,4.53,D,VIIRS
48.4768,37.50976,333.32,0.52,0.42,2026-08-07,10:49:00,N,low,2.0NRT,305.63,4.53,D,VIIRS
48.47039,37.4459,342.19,0.52,0.42,2026-08-07,10:49:00,N,nominal,2.0NRT,307.24,10.75,D,VIIRS
47.80262,36.58247,349.41,0.48,0.4,2026-08-07,10:49:00,N,nominal,2.0NRT,314.29,8.34,D,VIIRS
47.79686,36.56417,333.83,0.48,0.4,2026-08-07,10:49:00,N,nominal,2.0NRT,307.03,17.16,D,VIIRS
47.79826,36.57695,348.55,0.48,0.4,2026-08-07,10:49:00,N,nominal,2.0NRT,315.71,18.54,D,VIIRS
47.79756,36.57055,367,0.48,0.4,2026-08-07,10:49:00,N,high,2.0NRT,316.38,17.16,D,VIIRS
47.22535,32.16843,340.98,0.38,0.36,2026-08-07,10:49:00,N,low,2.0NRT,315.61,4.74,D,VIIRS
47.89116,37.50566,341.6,0.52,0.41,2026-08-07,10:49:00,N,nominal,2.0NRT,311.06,12.41,D,VIIRS
46.92886,30.32974,341.21,0.39,0.36,2026-08-07,10:49:00,N,low,2.0NRT,311.39,7.24,D,VIIRS
46.92973,30.33484,342.49,0.39,0.36,2026-08-07,10:49:00,N,low,2.0NRT,312.92,7.24,D,VIIRS
47.5773,34.74911,338.18,0.42,0.38,2026-08-07,10:49:00,N,low,2.0NRT,308.8,5.44,D,VIIRS
47.83323,36.97655,335.75,0.49,0.41,2026-08-07,10:49:00,N,low,2.0NRT,310.41,6.14,D,VIIRS
46.92557,30.33092,350.63,0.39,0.36,2026-08-07,10:49:00,N,nominal,2.0NRT,315.63,7.24,D,VIIRS
46.92643,30.33602,341.94,0.39,0.36,2026-08-07,10:49:00,N,low,2.0NRT,313.28,7.24,D,VIIRS
47.59416,34.94216,336.91,0.43,0.38,2026-08-07,10:49:00,N,low,2.0NRT,309.03,5.31,D,VIIRS
47.82576,36.9783,350.67,0.49,0.41,2026-08-07,10:49:00,N,nominal,2.0NRT,308.89,9.94,D,VIIRS
47.82645,36.98492,340.24,0.49,0.41,2026-08-07,10:49:00,N,nominal,2.0NRT,307.06,11.08,D,VIIRS
47.82783,36.99819,337.75,0.49,0.41,2026-08-07,10:49:00,N,low,2.0NRT,309.92,4.69,D,VIIRS
47.59138,34.94876,337.61,0.43,0.38,2026-08-07,10:49:00,N,low,2.0NRT,309.63,7.54,D,VIIRS
47.82272,36.98579,353.05,0.49,0.41,2026-08-07,10:49:00,N,nominal,2.0NRT,309.34,11.08,D,VIIRS
47.82409,36.99903,336.55,0.49,0.41,2026-08-07,10:49:00,N,low,2.0NRT,310.13,4.69,D,VIIRS
47.68164,35.73512,337.69,0.45,0.39,2026-08-07,10:49:00,N,low,2.0NRT,310.34,4.37,D,VIIRS
47.81967,36.99327,351.02,0.49,0.41,2026-08-07,10:49:00,N,nominal,2.0NRT,310.52,8.8,D,VIIRS
47.82035,36.99989,345.34,0.49,0.41,2026-08-07,10:49:00,N,nominal,2.0NRT,309.34,7.72,D,VIIRS
47.62547,35.28861,338.86,0.43,0.38,2026-08-07,10:49:00,N,low,2.0NRT,312,5.71,D,VIIRS
47.72915,36.18646,350.9,0.46,0.39,2026-08-07,10:49:00,N,nominal,2.0NRT,309.74,10.53,D,VIIRS
47.57335,34.88958,337.71,0.42,0.38,2026-08-07,10:49:00,N,low,2.0NRT,310.52,1.73,D,VIIRS
47.65031,35.52883,341.4,0.44,0.38,2026-08-07,10:49:00,N,low,2.0NRT,313.49,8.69,D,VIIRS
47.65169,35.54059,336.99,0.44,0.39,2026-08-07,10:49:00,N,low,2.0NRT,310.8,3.08,D,VIIRS
47.66339,35.67229,345.65,0.45,0.39,2026-08-07,10:49:00,N,nominal,2.0NRT,311.87,59.24,D,VIIRS
47.70812,36.06461,337.28,0.46,0.39,2026-08-07,10:49:00,N,nominal,2.0NRT,306.38,2.96,D,VIIRS
47.65171,35.52937,341.66,0.44,0.38,2026-08-07,10:49:00,N,low,2.0NRT,313.75,8.27,D,VIIRS
47.65242,35.53526,339.16,0.44,0.38,2026-08-07,10:49:00,N,low,2.0NRT,313.98,3.37,D,VIIRS
47.65313,35.54114,338.42,0.44,0.38,2026-08-07,10:49:00,N,low,2.0NRT,312.54,3.37,D,VIIRS
47.72937,36.187,350.2,0.46,0.39,2026-08-07,10:49:00,N,nominal,2.0NRT,309.97,9.5,D,VIIRS
47.81944,36.99342,348.24,0.49,0.41,2026-08-07,10:49:00,N,nominal,2.0NRT,309.91,7.27,D,VIIRS
47.82015,37.00004,346.56,0.49,0.41,2026-08-07,10:49:00,N,nominal,2.0NRT,309.48,7.27,D,VIIRS
47.61555,35.29229,352.26,0.43,0.38,2026-08-07,10:49:00,N,nominal,2.0NRT,313.05,8.04,D,VIIRS
47.61696,35.30378,341.74,0.43,0.38,2026-08-07,10:49:00,N,nominal,2.0NRT,310.42,4.16,D,VIIRS
47.62761,35.39082,341.14,0.44,0.38,2026-08-07,10:49:00,N,low,2.0NRT,314.89,3,D,VIIRS
47.66175,35.67359,347.97,0.45,0.39,2026-08-07,10:49:00,N,nominal,2.0NRT,311.95,104.18,D,VIIRS
47.70787,36.06533,339.82,0.46,0.39,2026-08-07,10:49:00,N,nominal,2.0NRT,306.42,4.8,D,VIIRS
47.65678,35.6626,340.13,0.45,0.39,2026-08-07,10:49:00,N,nominal,2.0NRT,308.69,5.31,D,VIIRS
47.61136,35.31718,336.93,0.44,0.38,2026-08-07,10:49:00,N,nominal,2.0NRT,310.2,2.06,D,VIIRS
47.65393,35.66945,335.38,0.45,0.39,2026-08-07,10:49:00,N,nominal,2.0NRT,305.18,5.81,D,VIIRS
47.67871,35.8788,332.56,0.45,0.39,2026-08-07,10:49:00,N,low,2.0NRT,305.88,7.62,D,VIIRS
47.67942,35.88481,343.71,0.45,0.39,2026-08-07,10:49:00,N,nominal,2.0NRT,309.42,12.29,D,VIIRS
47.73394,36.39091,343.05,0.47,0.4,2026-08-07,10:49:00,N,nominal,2.0NRT,308.41,4.61,D,VIIRS
46.93596,30.65553,342.44,0.39,0.36,2026-08-07,10:49:00,N,nominal,2.0NRT,311.9,5.7,D,VIIRS
47.75796,36.63976,343.46,0.48,0.4,2026-08-07,10:49:00,N,nominal,2.0NRT,310.24,3.18,D,VIIRS
47.06989,31.50953,353.83,0.38,0.36,2026-08-07,10:49:00,N,nominal,2.0NRT,314.02,20.48,D,VIIRS
47.75428,36.64059,339.91,0.48,0.4,2026-08-07,10:49:00,N,low,2.0NRT,310.08,3.18,D,VIIRS
47.75498,36.64702,353.98,0.48,0.4,2026-08-07,10:49:00,N,nominal,2.0NRT,311.86,5.97,D,VIIRS
47.75569,36.65345,335.54,0.48,0.4,2026-08-07,10:49:00,N,low,2.0NRT,310.39,5.97,D,VIIRS
47.06425,31.4956,334.4,0.38,0.36,2026-08-07,10:49:00,N,low,2.0NRT,306.83,2.65,D,VIIRS
47.06504,31.500610000000002,348.59,0.38,0.36,2026-08-07,10:49:00,N,nominal,2.0NRT,309.75,5.93,D,VIIRS
47.06255,31.50672,347.06,0.38,0.36,2026-08-07,10:49:00,N,nominal,2.0NRT,306.55,5.93,D,VIIRS
47.06569,31.52675,339.3,0.38,0.36,2026-08-07,10:49:00,N,low,2.0NRT,309.36,5.04,D,VIIRS
47.65375,35.85421,339.07,0.45,0.39,2026-08-07,10:49:00,N,nominal,2.0NRT,307.68,5.96,D,VIIRS
47.69998,36.32178,338.15,0.47,0.4,2026-08-07,10:49:00,N,nominal,2.0NRT,304.4,7.31,D,VIIRS
47.78731,37.123779999999996,338.09,0.5,0.41,2026-08-07,10:49:00,N,nominal,2.0NRT,305.08,5.38,D,VIIRS
47.46693,34.42632,348.95,0.41,0.37,2026-08-07,10:49:00,N,nominal,2.0NRT,314.27,14.53,D,VIIRS
47.69634,36.32267,351.74,0.47,0.4,2026-08-07,10:49:00,N,nominal,2.0NRT,309.79,7.31,D,VIIRS
47.78286,37.11802,338.68,0.5,0.41,2026-08-07,10:49:00,N,nominal,2.0NRT,308.18,7.19,D,VIIRS
47.78357,37.12469,340.35,0.5,0.41,2026-08-07,10:49:00,N,low,2.0NRT,311.38,5.38,D,VIIRS
47.78427,37.13136,342.33,0.5,0.41,2026-08-07,10:49:00,N,nominal,2.0NRT,310.29,5.38,D,VIIRS
47.04696,31.51723,338.13,0.38,0.36,2026-08-07,10:49:00,N,nominal,2.0NRT,298.76,4.44,D,VIIRS
47.61559,35.65443,339.31,0.44,0.39,2026-08-07,10:49:00,N,low,2.0NRT,309.5,9.37,D,VIIRS
47.62123,35.70229,336.83,0.45,0.39,2026-08-07,10:49:00,N,nominal,2.0NRT,305.86,2.4,D,VIIRS
47.60922,35.63153,345.39,0.44,0.39,2026-08-07,10:49:00,N,nominal,2.0NRT,311.59,5.77,D,VIIRS
47.68069,36.24989,338.29,0.46,0.39,2026-08-07,10:49:00,N,nominal,2.0NRT,307.3,2.58,D,VIIRS
47.77747,37.13987,343.91,0.5,0.41,2026-08-07,10:49:00,N,nominal,2.0NRT,311.75,10.1,D,VIIRS
47.44267,34.34831,336.42,0.41,0.37,2026-08-07,10:49:00,N,nominal,2.0NRT,309.72,2.69,D,VIIRS
47.69019,36.40141,332.3,0.47,0.4,2026-08-07,10:49:00,N,low,2.0NRT,306.84,3.51,D,VIIRS
47.65443,36.11642,337.37,0.46,0.39,2026-08-07,10:49:00,N,low,2.0NRT,310.42,9.85,D,VIIRS
47.78408,37.35304,346.58,0.51,0.41,2026-08-07,10:49:00,N,nominal,2.0NRT,307.29,7.99,D,VIIRS
47.27719,33.20313,349.4,0.39,0.36,2026-08-07,10:49:00,N,nominal,2.0NRT,317.57,11.85,D,VIIRS
47.78028,37.35382,334.84,0.51,0.41,2026-08-07,10:49:00,N,nominal,2.0NRT,304.88,9.85,D,VIIRS
47.78098,37.36068,337.06,0.51,0.41,2026-08-07,10:49:00,N,nominal,2.0NRT,297.09,6.76,D,VIIRS
47.77649,37.35462,367,0.51,0.41,2026-08-07,10:49:00,N,high,2.0NRT,312.33,9.85,D,VIIRS
47.4552,34.58316,336.34,0.42,0.37,2026-08-07,10:49:00,N,nominal,2.0NRT,307.57,6.5,D,VIIRS
47.45177,34.58412,351.91,0.42,0.37,2026-08-07,10:49:00,N,nominal,2.0NRT,312.14,6.5,D,VIIRS
47.55309,35.40446,351.81,0.44,0.38,2026-08-07,10:49:00,N,nominal,2.0NRT,316.22,10.8,D,VIIRS
47.45248,34.58963,367,0.42,0.37,2026-08-07,10:49:00,N,high,2.0NRT,313.64,16.92,D,VIIRS
47.73397,37.05412,356.19,0.5,0.41,2026-08-07,10:49:00,N,nominal,2.0NRT,307.64,15.53,D,VIIRS
47.73465,37.06074,353.25,0.5,0.41,2026-08-07,10:49:00,N,nominal,2.0NRT,313.11,15.53,D,VIIRS
47.44975,34.59609,367,0.42,0.37,2026-08-07,10:49:00,N,high,2.0NRT,311.99,12.45,D,VIIRS
47.45045,34.60162,367,0.42,0.37,2026-08-07,10:49:00,N,high,2.0NRT,312.23,12.43,D,VIIRS
47.44632,34.59705,336.01,0.42,0.37,2026-08-07,10:49:00,N,nominal,2.0NRT,302.04,12.45,D,VIIRS
47.73161,37.06827,338.11,0.5,0.41,2026-08-07,10:49:00,N,low,2.0NRT,311.73,12.22,D,VIIRS
47.73299,37.08155,343.06,0.5,0.41,2026-08-07,10:49:00,N,nominal,2.0NRT,311.64,8.96,D,VIIRS
47.76202,37.36479,338.83,0.51,0.41,2026-08-07,10:49:00,N,low,2.0NRT,309.49,88.91,D,VIIRS
47.20177,32.81934,342.27,0.39,0.36,2026-08-07,10:49:00,N,low,2.0NRT,316.63,7.65,D,VIIRS
47.53909,35.37832,338.36,0.44,0.38,2026-08-07,10:49:00,N,low,2.0NRT,312.62,3.45,D,VIIRS
47.75892,37.3725,335.77,0.51,0.41,2026-08-07,10:49:00,N,low,2.0NRT,308.95,4.36,D,VIIRS
47.5791,35.78062,336.42,0.45,0.39,2026-08-07,10:49:00,N,nominal,2.0NRT,305.89,2.82,D,VIIRS
47.5389,35.46816,339.82,0.44,0.38,2026-08-07,10:49:00,N,nominal,2.0NRT,308.44,2.24,D,VIIRS
47.57553,35.78152,336.59,0.45,0.39,2026-08-07,10:49:00,N,nominal,2.0NRT,306.95,2.82,D,VIIRS
47.53951,35.5041,353.34,0.44,0.38,2026-08-07,10:49:00,N,nominal,2.0NRT,310.48,15.97,D,VIIRS
47.53599,35.50503,338.92,0.44,0.38,2026-08-07,10:49:00,N,low,2.0NRT,312.86,15.97,D,VIIRS
47.53668,35.51088,338.89,0.44,0.38,2026-08-07,10:49:00,N,nominal,2.0NRT,307,15.97,D,VIIRS
47.54634,35.59317,340.54,0.44,0.39,2026-08-07,10:49:00,N,low,2.0NRT,314.06,7.82,D,VIIRS
47.63779,36.40128,345.52,0.47,0.4,2026-08-07,10:49:00,N,nominal,2.0NRT,308.87,9,D,VIIRS
47.63847,36.40756,337.11,0.47,0.4,2026-08-07,10:49:00,N,low,2.0NRT,309.07,9,D,VIIRS
47.31055,33.72232,335.66,0.4,0.37,2026-08-07,10:49:00,N,low,2.0NRT,309.7,2.15,D,VIIRS
47.54057,35.50008,340.53,0.44,0.38,2026-08-07,10:49:00,N,low,2.0NRT,311.37,23.68,D,VIIRS
47.53775,35.50683,352.81,0.44,0.38,2026-08-07,10:49:00,N,nominal,2.0NRT,314.87,23.68,D,VIIRS
47.5484,35.59485,344.64,0.44,0.39,2026-08-07,10:49:00,N,nominal,2.0NRT,315.08,6.51,D,VIIRS
47.63562,36.40371,354.94,0.47,0.4,2026-08-07,10:49:00,N,nominal,2.0NRT,315.53,27.78,D,VIIRS
47.56402,35.81741,341.03,0.45,0.39,2026-08-07,10:49:00,N,nominal,2.0NRT,308.23,3.83,D,VIIRS
47.72781,37.31814,339.31,0.51,0.41,2026-08-07,10:49:00,N,nominal,2.0NRT,310.4,11.71,D,VIIRS
47.52014,35.51157,341.69,0.44,0.38,2026-08-07,10:49:00,N,low,2.0NRT,315.22,8.86,D,VIIRS
47.58369,36.04811,343.34,0.46,0.39,2026-08-07,10:49:00,N,nominal,2.0NRT,309.07,5.36,D,VIIRS
47.72403,37.31895,336.13,0.51,0.41,2026-08-07,10:49:00,N,low,2.0NRT,306.84,5.04,D,VIIRS
47.51732,35.51832,351.96,0.44,0.38,2026-08-07,10:49:00,N,nominal,2.0NRT,315.22,11.21,D,VIIRS
47.52929,35.61789,350.02,0.44,0.39,2026-08-07,10:49:00,N,nominal,2.0NRT,317.97,17.21,D,VIIRS
47.18795,33.04546,341.98,0.39,0.36,2026-08-07,10:49:00,N,low,2.0NRT,313.37,3.99,D,VIIRS
47.38018,34.45324,351.83,0.41,0.37,2026-08-07,10:49:00,N,nominal,2.0NRT,312.1,40.26,D,VIIRS
47.52645,35.62469,347.66,0.44,0.39,2026-08-07,10:49:00,N,nominal,2.0NRT,314.23,5.42,D,VIIRS
47.52716,35.63058,346.7,0.44,0.39,2026-08-07,10:49:00,N,nominal,2.0NRT,314.46,5.42,D,VIIRS
47.57714,36.08749,336.77,0.46,0.39,2026-08-07,10:49:00,N,low,2.0NRT,309.77,1.7,D,VIIRS
47.57786,36.09364,349.1,0.46,0.39,2026-08-07,10:49:00,N,nominal,2.0NRT,314.4,8.5,D,VIIRS
47.58699,36.1731,336.8,0.46,0.39,2026-08-07,10:49:00,N,low,2.0NRT,309.24,3.11,D,VIIRS
47.17766,33.02186,351,0.39,0.36,2026-08-07,10:49:00,N,nominal,2.0NRT,311.47,5.93,D,VIIRS
47.40097,34.66919,339.06,0.42,0.37,2026-08-07,10:49:00,N,low,2.0NRT,313.47,6.12,D,VIIRS
47.52078,35.63828,337.59,0.44,0.39,2026-08-07,10:49:00,N,low,2.0NRT,312,1.74,D,VIIRS
47.17361,33.01773,342.15,0.39,0.36,2026-08-07,10:49:00,N,low,2.0NRT,314.79,5.93,D,VIIRS
47.17508,33.02798,367,0.39,0.36,2026-08-07,10:49:00,N,high,2.0NRT,315.92,10.41,D,VIIRS
47.17102,33.02384,344.71,0.39,0.36,2026-08-07,10:49:00,N,nominal,2.0NRT,314.64,3.55,D,VIIRS
47.17176,33.02896,341.76,0.39,0.36,2026-08-07,10:49:00,N,nominal,2.0NRT,316.23,5.54,D,VIIRS
47.50459,35.5638,355.96,0.44,0.38,2026-08-07,10:49:00,N,nominal,2.0NRT,316.49,83.93,D,VIIRS
47.50529,35.56965,353.39,0.44,0.38,2026-08-07,10:49:00,N,nominal,2.0NRT,315.98,26.04,D,VIIRS
47.50809,35.59309,338.33,0.44,0.39,2026-08-07,10:49:00,N,low,2.0NRT,311.83,2.33,D,VIIRS
47.58107,36.21883,339.55,0.46,0.39,2026-08-07,10:49:00,N,nominal,2.0NRT,307.32,32.65,D,VIIRS
47.4674,35.28623,344.13,0.43,0.38,2026-08-07,10:49:00,N,nominal,2.0NRT,311.72,2.91,D,VIIRS
47.49264,35.49452,347.91,0.44,0.38,2026-08-07,10:49:00,N,nominal,2.0NRT,314.81,9.46,D,VIIRS
47.50456,35.59404,337.35,0.44,0.39,2026-08-07,10:49:00,N,low,2.0NRT,310.16,2.33,D,VIIRS
47.4639,35.28708,344.51,0.43,0.38,2026-08-07,10:49:00,N,nominal,2.0NRT,315.79,6.36,D,VIIRS
47.50941,35.66546,338.33,0.44,0.39,2026-08-07,10:49:00,N,low,2.0NRT,309.74,3.02,D,VIIRS
47.49889,35.60761,341.21,0.44,0.39,2026-08-07,10:49:00,N,nominal,2.0NRT,309.88,3.9,D,VIIRS
47.43659,35.30015,343.12,0.43,0.38,2026-08-07,10:49:00,N,nominal,2.0NRT,310.24,5.13,D,VIIRS
47.47274,35.60219,335.69,0.44,0.39,2026-08-07,10:49:00,N,low,2.0NRT,309.77,2.06,D,VIIRS
47.22195,33.66102,348.99,0.4,0.37,2026-08-07,10:49:00,N,nominal,2.0NRT,315.81,49.3,D,VIIRS
47.25334,33.89275,356.85,0.4,0.37,2026-08-07,10:49:00,N,nominal,2.0NRT,318.29,16.05,D,VIIRS
47.21861,33.66201,354.33,0.4,0.37,2026-08-07,10:49:00,N,nominal,2.0NRT,321.06,24.95,D,VIIRS
47.24856,33.88321,345.72,0.4,0.37,2026-08-07,10:49:00,N,nominal,2.0NRT,314.73,59.9,D,VIIRS
47.24927,33.88851,346.01,0.4,0.37,2026-08-07,10:49:00,N,nominal,2.0NRT,313.74,59.9,D,VIIRS
47.24997,33.89376,350.55,0.4,0.37,2026-08-07,10:49:00,N,nominal,2.0NRT,318.63,14.69,D,VIIRS
47.15802,33.27428,340.41,0.39,0.36,2026-08-07,10:49:00,N,low,2.0NRT,310.81,4.43,D,VIIRS
47.4364,35.44917,347.86,0.44,0.38,2026-08-07,10:49:00,N,nominal,2.0NRT,314.64,7.34,D,VIIRS
47.34402,34.724850000000004,341.52,0.42,0.38,2026-08-07,10:49:00,N,nominal,2.0NRT,312,4.98,D,VIIRS
47.38091,35.02095,338.67,0.43,0.38,2026-08-07,10:49:00,N,low,2.0NRT,309.79,5.88,D,VIIRS
47.34059,34.7258,346.61,0.42,0.38,2026-08-07,10:49:00,N,nominal,2.0NRT,314.25,4.98,D,VIIRS
47.37675,35.01625,343.13,0.43,0.38,2026-08-07,10:49:00,N,nominal,2.0NRT,309.67,3.04,D,VIIRS
47.37883,35.03315,338.11,0.43,0.38,2026-08-07,10:49:00,N,low,2.0NRT,312.03,6.46,D,VIIRS
47.5526,36.5337,331.79,0.47,0.4,2026-08-07,10:49:00,N,low,2.0NRT,306.48,3.83,D,VIIRS
47.36357,34.93842,346.89,0.42,0.38,2026-08-07,10:49:00,N,nominal,2.0NRT,312.64,4.94,D,VIIRS
47.54895,36.5346,351.61,0.47,0.4,2026-08-07,10:49:00,N,nominal,2.0NRT,311.69,10.36,D,VIIRS
47.54963,36.54089,338.8,0.47,0.4,2026-08-07,10:49:00,N,nominal,2.0NRT,307.18,10.36,D,VIIRS
47.3601,34.93935,347.44,0.42,0.38,2026-08-07,10:49:00,N,nominal,2.0NRT,314.12,4.94,D,VIIRS
47.36227,34.93513,340.25,0.42,0.38,2026-08-07,10:49:00,N,low,2.0NRT,314.57,5.2,D,VIIRS
47.36298,34.94073,341.21,0.42,0.38,2026-08-07,10:49:00,N,low,2.0NRT,312.31,5.19,D,VIIRS
47.55038,36.53567,353.57,0.47,0.4,2026-08-07,10:49:00,N,nominal,2.0NRT,309.99,17.78,D,VIIRS
47.54743,36.54287,338.06,0.47,0.4,2026-08-07,10:49:00,N,low,2.0NRT,308.12,5.01,D,VIIRS
47.36966,35.1077,341.82,0.43,0.38,2026-08-07,10:49:00,N,nominal,2.0NRT,310.46,6.63,D,VIIRS
47.37037,35.11337,337.88,0.43,0.38,2026-08-07,10:49:00,N,low,2.0NRT,308.99,10.1,D,VIIRS
47.62608,37.33474,342.51,0.51,0.41,2026-08-07,10:49:00,N,nominal,2.0NRT,310.39,15.85,D,VIIRS
47.36689,35.11428,353.84,0.43,0.38,2026-08-07,10:49:00,N,nominal,2.0NRT,314.26,10.1,D,VIIRS
47.6223,37.33558,337.23,0.51,0.41,2026-08-07,10:49:00,N,low,2.0NRT,310.34,15.85,D,VIIRS
47.35435,35.10009,339.02,0.43,0.38,2026-08-07,10:49:00,N,low,2.0NRT,311.44,5.68,D,VIIRS
47.35792,35.15767,339.88,0.43,0.38,2026-08-07,10:49:00,N,low,2.0NRT,313.79,5.38,D,VIIRS
47.56904,36.97959,347.82,0.49,0.4,2026-08-07,10:49:00,N,nominal,2.0NRT,306.15,4.53,D,VIIRS
47.35443,35.15861,356.52,0.43,0.38,2026-08-07,10:49:00,N,nominal,2.0NRT,314.25,7.62,D,VIIRS
47.35514,35.16429,343.48,0.43,0.38,2026-08-07,10:49:00,N,nominal,2.0NRT,314.42,4.52,D,VIIRS
47.34393,35.10289,348.63,0.43,0.38,2026-08-07,10:49:00,N,nominal,2.0NRT,312.03,7.91,D,VIIRS
47.08926,33.23861,340.87,0.39,0.36,2026-08-07,10:49:00,N,low,2.0NRT,315.64,4.3,D,VIIRS
47.45118,36.05793,339.38,0.46,0.39,2026-08-07,10:49:00,N,nominal,2.0NRT,310.64,2.66,D,VIIRS
47.18589,33.96411,338.75,0.4,0.37,2026-08-07,10:49:00,N,low,2.0NRT,313.15,4.4,D,VIIRS
47.1866,33.96941,346.86,0.4,0.37,2026-08-07,10:49:00,N,nominal,2.0NRT,313.87,4.4,D,VIIRS
47.18731,33.97471,351.27,0.4,0.37,2026-08-07,10:49:00,N,nominal,2.0NRT,314.31,6.22,D,VIIRS
47.18803,33.98001,347.63,0.4,0.37,2026-08-07,10:49:00,N,nominal,2.0NRT,314.17,6.22,D,VIIRS
47.44688,36.05268,345.52,0.46,0.39,2026-08-07,10:49:00,N,nominal,2.0NRT,313.25,6.11,D,VIIRS
47.44758,36.05879,341.35,0.46,0.39,2026-08-07,10:49:00,N,nominal,2.0NRT,314.48,8.77,D,VIIRS
47.44829,36.0649,348.64,0.46,0.39,2026-08-07,10:49:00,N,nominal,2.0NRT,313.16,8.77,D,VIIRS
47.45597,36.13167,355.72,0.46,0.39,2026-08-07,10:49:00,N,nominal,2.0NRT,318.27,33.37,D,VIIRS
47.45667,36.13781,350.3,0.46,0.39,2026-08-07,10:49:00,N,nominal,2.0NRT,313.26,33.37,D,VIIRS
47.08335,33.24576,351.6,0.39,0.36,2026-08-07,10:49:00,N,nominal,2.0NRT,315.6,8.18,D,VIIRS
47.44329,36.05355,355.1,0.46,0.39,2026-08-07,10:49:00,N,nominal,2.0NRT,313.29,6.11,D,VIIRS
47.44399,36.05965,356.34,0.46,0.39,2026-08-07,10:49:00,N,nominal,2.0NRT,317.86,8.77,D,VIIRS
47.44469,36.06574,344.07,0.46,0.39,2026-08-07,10:49:00,N,low,2.0NRT,315.37,8.77,D,VIIRS
47.45307,36.13867,356.13,0.46,0.39,2026-08-07,10:49:00,N,nominal,2.0NRT,320.07,33.37,D,VIIRS
47.45447,36.15092,342.94,0.46,0.39,2026-08-07,10:49:00,N,nominal,2.0NRT,312.27,5.35,D,VIIRS
47.47053,36.29212,337.83,0.46,0.39,2026-08-07,10:49:00,N,low,2.0NRT,311.95,3.67,D,VIIRS
47.29922,34.88867,348.27,0.42,0.38,2026-08-07,10:49:00,N,nominal,2.0NRT,311.14,10.64,D,VIIRS
47.4411,36.06658,340.68,0.46,0.39,2026-08-07,10:49:00,N,low,2.0NRT,312.33,4.67,D,VIIRS
47.4418,36.07267,349.85,0.46,0.39,2026-08-07,10:49:00,N,nominal,2.0NRT,313,5.36,D,VIIRS
47.45016,36.14564,338.18,0.46,0.39,2026-08-07,10:49:00,N,low,2.0NRT,313.01,4.78,D,VIIRS
47.29577,34.88961,338.56,0.42,0.38,2026-08-07,10:49:00,N,low,2.0NRT,311.43,10.64,D,VIIRS
47.28472,34.88686,336.29,0.42,0.38,2026-08-07,10:49:00,N,low,2.0NRT,308.7,9.47,D,VIIRS
47.3913,35.76454,337.6,0.45,0.39,2026-08-07,10:49:00,N,low,2.0NRT,311.39,2.56,D,VIIRS
47.06269,33.24665,338.33,0.39,0.36,2026-08-07,10:49:00,N,low,2.0NRT,311.73,3.67,D,VIIRS
47.38844,35.77135,339.46,0.45,0.39,2026-08-07,10:49:00,N,low,2.0NRT,314.08,2.56,D,VIIRS
47.38005,35.73096,339.38,0.44,0.39,2026-08-07,10:49:00,N,low,2.0NRT,314.08,4.15,D,VIIRS
47.0849,33.45491,356.07,0.39,0.37,2026-08-07,10:49:00,N,nominal,2.0NRT,316.7,11.07,D,VIIRS
47.08562,33.46008,338.12,0.39,0.37,2026-08-07,10:49:00,N,low,2.0NRT,312.32,2.89,D,VIIRS
47.37719,35.73773,338.23,0.45,0.39,2026-08-07,10:49:00,N,low,2.0NRT,312.34,4.15,D,VIIRS
47.08418,33.44973,367,0.39,0.37,2026-08-07,10:49:00,N,high,2.0NRT,315.87,11.07,D,VIIRS
47.08013,33.44555,344.46,0.39,0.37,2026-08-07,10:49:00,N,nominal,2.0NRT,315.67,4.82,D,VIIRS
47.08085,33.45072,348.46,0.39,0.37,2026-08-07,10:49:00,N,nominal,2.0NRT,314.99,9.87,D,VIIRS
47.37571,35.75636,347.11,0.45,0.39,2026-08-07,10:49:00,N,nominal,2.0NRT,312.53,4.69,D,VIIRS
47.07608,33.44137,345.83,0.39,0.37,2026-08-07,10:49:00,N,nominal,2.0NRT,315.12,4.82,D,VIIRS
47.07203,33.43719,345.4,0.39,0.37,2026-08-07,10:49:00,N,nominal,2.0NRT,313.76,2.73,D,VIIRS
47.43274,36.32014,339.01,0.46,0.39,2026-08-07,10:49:00,N,low,2.0NRT,311.39,4.17,D,VIIRS
47.43342,36.3263,355.85,0.46,0.39,2026-08-07,10:49:00,N,nominal,2.0NRT,315.74,9.6,D,VIIRS
47.43411,36.33248,346.22,0.46,0.39,2026-08-07,10:49:00,N,nominal,2.0NRT,312.56,9.6,D,VIIRS
47.33646,35.63929,345,0.44,0.38,2026-08-07,10:49:00,N,nominal,2.0NRT,313.57,3.23,D,VIIRS
47.02011,33.24628,341.53,0.39,0.36,2026-08-07,10:49:00,N,low,2.0NRT,314.48,3.04,D,VIIRS
47.33497,35.64183,350,0.44,0.38,2026-08-07,10:49:00,N,nominal,2.0NRT,313.72,5.64,D,VIIRS
47.33003,35.631100000000004,341.72,0.44,0.38,2026-08-07,10:49:00,N,low,2.0NRT,313.43,4.96,D,VIIRS
47.35952,35.97082,340.24,0.45,0.39,2026-08-07,10:49:00,N,low,2.0NRT,312.61,7.37,D,VIIRS
47.46678,36.91782,344.32,0.49,0.4,2026-08-07,10:49:00,N,nominal,2.0NRT,308.68,4.73,D,VIIRS
47.46307,36.91866,336.93,0.49,0.4,2026-08-07,10:49:00,N,nominal,2.0NRT,311.6,4.73,D,VIIRS
46.91988,32.71955,341.76,0.39,0.36,2026-08-07,10:49:00,N,low,2.0NRT,311.99,3.95,D,VIIRS
47.3488,35.97356,342.1,0.45,0.39,2026-08-07,10:49:00,N,low,2.0NRT,314.99,11.43,D,VIIRS
46.91658,32.72057,348.82,0.39,0.36,2026-08-07,10:49:00,N,nominal,2.0NRT,313.98,5.15,D,VIIRS
46.90924,32.71758,339.44,0.39,0.36,2026-08-07,10:49:00,N,low,2.0NRT,313.56,2.47,D,VIIRS
46.90595,32.71861,340.5,0.39,0.36,2026-08-07,10:49:00,N,low,2.0NRT,314.53,2.47,D,VIIRS
46.95294,33.09069,345.21,0.39,0.36,2026-08-07,10:49:00,N,nominal,2.0NRT,315,6.84,D,VIIRS
46.83413,32.30476,347.81,0.38,0.36,2026-08-07,10:49:00,N,nominal,2.0NRT,315.85,3.92,D,VIIRS
47.03815,33.77468,348.12,0.4,0.37,2026-08-07,10:49:00,N,nominal,2.0NRT,314.39,5.43,D,VIIRS
47.2206,35.20827,338.48,0.43,0.38,2026-08-07,10:49:00,N,low,2.0NRT,311.92,3.59,D,VIIRS
47.2213,35.21394,342.37,0.43,0.38,2026-08-07,10:49:00,N,nominal,2.0NRT,311.84,3.59,D,VIIRS
47.22339,35.23097,342.18,0.43,0.38,2026-08-07,10:49:00,N,low,2.0NRT,312.83,22.62,D,VIIRS
46.88213,32.72076,337.94,0.39,0.36,2026-08-07,10:49:00,N,low,2.0NRT,312.55,3.31,D,VIIRS
46.88287,32.72581,350.1,0.39,0.36,2026-08-07,10:49:00,N,nominal,2.0NRT,314.14,3.31,D,VIIRS
46.93274,33.07027,340.5,0.39,0.36,2026-08-07,10:49:00,N,low,2.0NRT,312.46,3.97,D,VIIRS
47.21712,35.20921,339.48,0.43,0.38,2026-08-07,10:49:00,N,low,2.0NRT,313.05,4.31,D,VIIRS
47.21782,35.21487,350.53,0.43,0.38,2026-08-07,10:49:00,N,nominal,2.0NRT,314.25,4.31,D,VIIRS
47.2206,35.23758,340.31,0.43,0.38,2026-08-07,10:49:00,N,low,2.0NRT,313.87,6.96,D,VIIRS
47.2213,35.24325,349.95,0.43,0.38,2026-08-07,10:49:00,N,nominal,2.0NRT,314.53,9.49,D,VIIRS
47.21434,35.21581,340.28,0.43,0.38,2026-08-07,10:49:00,N,low,2.0NRT,313.62,4.31,D,VIIRS
46.9283,33.08757,349.78,0.39,0.36,2026-08-07,10:49:00,N,nominal,2.0NRT,314.94,8.56,D,VIIRS
47.20947,35.2054,342.17,0.43,0.38,2026-08-07,10:49:00,N,low,2.0NRT,315.45,8.44,D,VIIRS
47.21085,35.21674,338.93,0.43,0.38,2026-08-07,10:49:00,N,low,2.0NRT,313.73,10.16,D,VIIRS
47.21225,35.22807,339.14,0.43,0.38,2026-08-07,10:49:00,N,nominal,2.0NRT,313.17,9.37,D,VIIRS
47.21502,35.25077,349.22,0.43,0.38,2026-08-07,10:49:00,N,nominal,2.0NRT,312.91,8.41,D,VIIRS
46.91114,32.99197,351.5,0.39,0.36,2026-08-07,10:49:00,N,nominal,2.0NRT,314.59,14.49,D,VIIRS
47.20598,35.20633,353.91,0.43,0.38,2026-08-07,10:49:00,N,nominal,2.0NRT,317,8.44,D,VIIRS
47.20668,35.21199,343.57,0.43,0.38,2026-08-07,10:49:00,N,low,2.0NRT,316.6,10.16,D,VIIRS
47.20737,35.21766,337.9,0.43,0.38,2026-08-07,10:49:00,N,low,2.0NRT,311.98,10.16,D,VIIRS
47.20945,35.23467,338.32,0.43,0.38,2026-08-07,10:49:00,N,nominal,2.0NRT,312.7,7.45,D,VIIRS
47.21154,35.25169,346.82,0.43,0.38,2026-08-07,10:49:00,N,nominal,2.0NRT,316.16,8.41,D,VIIRS
47.20876,35.229,367,0.43,0.38,2026-08-07,10:49:00,N,high,2.0NRT,314.91,9.37,D,VIIRS
46.90783,32.99298,357.49,0.39,0.36,2026-08-07,10:49:00,N,nominal,2.0NRT,321.85,22.28,D,VIIRS
46.72136,31.77066,349.13,0.38,0.36,2026-08-07,10:49:00,N,nominal,2.0NRT,316.48,5.97,D,VIIRS
46.87817,32.81173,340.95,0.39,0.36,2026-08-07,10:49:00,N,low,2.0NRT,312.25,5.43,D,VIIRS
46.87487,32.81275,355.17,0.39,0.36,2026-08-07,10:49:00,N,nominal,2.0NRT,322.13,33.5,D,VIIRS
46.87561,32.8178,350.18,0.39,0.36,2026-08-07,10:49:00,N,nominal,2.0NRT,313.99,4.09,D,VIIRS
46.93752,33.24988,339.33,0.39,0.36,2026-08-07,10:49:00,N,low,2.0NRT,313.4,13.24,D,VIIRS
47.19761,35.2261,347.25,0.43,0.38,2026-08-07,10:49:00,N,nominal,2.0NRT,313.03,9.83,D,VIIRS
47.20108,35.25446,340.78,0.43,0.38,2026-08-07,10:49:00,N,low,2.0NRT,314.08,5.35,D,VIIRS
47.19413,35.22702,338.57,0.43,0.38,2026-08-07,10:49:00,N,nominal,2.0NRT,312.43,9.83,D,VIIRS
47.19483,35.23269,367,0.43,0.38,2026-08-07,10:49:00,N,high,2.0NRT,315.25,9.83,D,VIIRS
47.14358,34.9045,336.13,0.42,0.38,2026-08-07,10:49:00,N,low,2.0NRT,310.25,5.86,D,VIIRS
47.14427,34.91006,339.48,0.42,0.38,2026-08-07,10:49:00,N,low,2.0NRT,314.47,5.86,D,VIIRS
46.87082,32.90375,340.81,0.39,0.36,2026-08-07,10:49:00,N,low,2.0NRT,315.36,5.44,D,VIIRS
46.88687,33.01532,346.37,0.39,0.36,2026-08-07,10:49:00,N,nominal,2.0NRT,314.08,10.22,D,VIIRS
47.14636,34.95545,344.01,0.42,0.38,2026-08-07,10:49:00,N,low,2.0NRT,314.56,4.64,D,VIIRS
46.70198,31.79532,340.2,0.38,0.36,2026-08-07,10:49:00,N,low,2.0NRT,314.02,18.67,D,VIIRS
46.70276,31.8003,341.46,0.38,0.36,2026-08-07,10:49:00,N,low,2.0NRT,315.55,10.77,D,VIIRS
47.14274,34.90676,348.53,0.42,0.38,2026-08-07,10:49:00,N,nominal,2.0NRT,315.02,7.11,D,VIIRS
46.85278,32.81685,367,0.39,0.36,2026-08-07,10:49:00,N,low,2.0NRT,325.5,90.72,D,VIIRS
46.69948,31.80137,347.33,0.38,0.36,2026-08-07,10:49:00,N,nominal,2.0NRT,316.44,10.77,D,VIIRS
46.85352,32.8219,352.55,0.39,0.36,2026-08-07,10:49:00,N,nominal,2.0NRT,316.92,59.04,D,VIIRS
46.88148,33.01414,340.32,0.39,0.36,2026-08-07,10:49:00,N,low,2.0NRT,314.13,18.59,D,VIIRS
46.90782,33.19736,344.38,0.39,0.36,2026-08-07,10:49:00,N,nominal,2.0NRT,311.84,6.06,D,VIIRS
46.91001,33.21268,341.79,0.39,0.36,2026-08-07,10:49:00,N,nominal,2.0NRT,311.88,2.3,D,VIIRS
46.85022,32.82293,351.37,0.39,0.36,2026-08-07,10:49:00,N,nominal,2.0NRT,315.16,7.52,D,VIIRS
46.9045,33.19836,343.08,0.39,0.36,2026-08-07,10:49:00,N,low,2.0NRT,313.09,4.64,D,VIIRS
46.90668,33.21368,339.45,0.39,0.36,2026-08-07,10:49:00,N,low,2.0NRT,314.34,2.98,D,VIIRS
46.90742,33.2188,341.07,0.39,0.36,2026-08-07,10:49:00,N,low,2.0NRT,312.57,4.37,D,VIIRS
46.68285,31.73888,341.91,0.38,0.36,2026-08-07,10:49:00,N,low,2.0NRT,314.12,7.86,D,VIIRS
46.91138,33.27089,339.34,0.39,0.36,2026-08-07,10:49:00,N,low,2.0NRT,312.31,2.33,D,VIIRS
46.91211,33.276,339.15,0.39,0.36,2026-08-07,10:49:00,N,low,2.0NRT,310.82,2.33,D,VIIRS
46.90879,33.277,355.08,0.39,0.36,2026-08-07,10:49:00,N,nominal,2.0NRT,315.36,10.68,D,VIIRS
46.90952,33.28212,344.95,0.39,0.36,2026-08-07,10:49:00,N,nominal,2.0NRT,313.88,6.1,D,VIIRS
47.21854,35.63152,344.2,0.44,0.38,2026-08-07,10:49:00,N,nominal,2.0NRT,314.7,5.64,D,VIIRS
46.67708,31.74601,340.89,0.38,0.36,2026-08-07,10:49:00,N,low,2.0NRT,314.27,3.27,D,VIIRS
46.90546,33.278,346.39,0.39,0.36,2026-08-07,10:49:00,N,nominal,2.0NRT,315.25,10.68,D,VIIRS
46.90619,33.28312,343.38,0.39,0.36,2026-08-07,10:49:00,N,nominal,2.0NRT,314.61,6.1,D,VIIRS
46.90692,33.28823,348.97,0.39,0.36,2026-08-07,10:49:00,N,nominal,2.0NRT,314.26,6.1,D,VIIRS
47.21431,35.62661,337.86,0.44,0.38,2026-08-07,10:49:00,N,low,2.0NRT,312.26,4.67,D,VIIRS
47.21501,35.63241,347.98,0.44,0.38,2026-08-07,10:49:00,N,nominal,2.0NRT,315.08,5.64,D,VIIRS
47.21712,35.64987,349.33,0.44,0.38,2026-08-07,10:49:00,N,nominal,2.0NRT,312.43,7.25,D,VIIRS
46.90359,33.28923,345.57,0.39,0.36,2026-08-07,10:49:00,N,nominal,2.0NRT,315.5,5.28,D,VIIRS
47.33989,36.80956,356.54,0.48,0.4,2026-08-07,10:49:00,N,nominal,2.0NRT,308.52,18.19,D,VIIRS
47.33621,36.81044,355.37,0.48,0.4,2026-08-07,10:49:00,N,nominal,2.0NRT,316.47,18.19,D,VIIRS
47.33691,36.81684,337.66,0.48,0.4,2026-08-07,10:49:00,N,low,2.0NRT,308.58,7.05,D,VIIRS
47.33252,36.81133,345.32,0.48,0.4,2026-08-07,10:49:00,N,nominal,2.0NRT,314.93,60.02,D,VIIRS
47.33323,36.81773,350.12,0.48,0.4,2026-08-07,10:49:00,N,nominal,2.0NRT,312.16,6.98,D,VIIRS
46.32143,29.72676,344.14,0.4,0.37,2026-08-07,10:49:00,N,nominal,2.0NRT,314.09,8.41,D,VIIRS
47.32954,36.81863,344.9,0.48,0.4,2026-08-07,10:49:00,N,nominal,2.0NRT,310.79,6.98,D,VIIRS
47.14971,35.39326,339.62,0.43,0.38,2026-08-07,10:49:00,N,low,2.0NRT,313.21,4.1,D,VIIRS
46.79889,32.84935,344.66,0.39,0.36,2026-08-07,10:49:00,N,nominal,2.0NRT,313.73,4.32,D,VIIRS
46.79559,32.85037,341.3,0.39,0.36,2026-08-07,10:49:00,N,low,2.0NRT,314.77,4.32,D,VIIRS
47.29937,36.8194,342.95,0.48,0.4,2026-08-07,10:49:00,N,nominal,2.0NRT,310.78,5.49,D,VIIRS
47.30008,36.82585,345.65,0.48,0.4,2026-08-07,10:49:00,N,nominal,2.0NRT,310.22,6.44,D,VIIRS
47.2043,36.0052,342.27,0.45,0.39,2026-08-07,10:49:00,N,nominal,2.0NRT,312.68,5.63,D,VIIRS
47.29639,36.82675,346.59,0.48,0.4,2026-08-07,10:49:00,N,nominal,2.0NRT,313.08,4.77,D,VIIRS
47.29708,36.83313,338.15,0.48,0.4,2026-08-07,10:49:00,N,low,2.0NRT,311.19,4.77,D,VIIRS
47.29776,36.83948,347.53,0.48,0.4,2026-08-07,10:49:00,N,nominal,2.0NRT,311.7,9.12,D,VIIRS
46.75577,32.62597,340.99,0.39,0.36,2026-08-07,10:49:00,N,low,2.0NRT,314.27,3.89,D,VIIRS
47.19589,35.96439,335.12,0.45,0.39,2026-08-07,10:49:00,N,low,2.0NRT,308.83,1.64,D,VIIRS
47.20073,36.006100000000004,339.15,0.45,0.39,2026-08-07,10:49:00,N,nominal,2.0NRT,311.77,5.63,D,VIIRS
47.29271,36.82764,339.2,0.48,0.4,2026-08-07,10:49:00,N,low,2.0NRT,313.02,4.77,D,VIIRS
47.29408,36.84034,343.68,0.48,0.4,2026-08-07,10:49:00,N,nominal,2.0NRT,312.88,9.12,D,VIIRS
47.28971,36.83489,342.98,0.48,0.4,2026-08-07,10:49:00,N,nominal,2.0NRT,312.29,4.92,D,VIIRS
47.28738,36.84843,344.28,0.48,0.4,2026-08-07,10:49:00,N,nominal,2.0NRT,311.32,8.25,D,VIIRS
47.28807,36.8548,340.63,0.48,0.4,2026-08-07,10:49:00,N,nominal,2.0NRT,312.4,4.57,D,VIIRS
47.28876,36.86122,342.22,0.48,0.4,2026-08-07,10:49:00,N,nominal,2.0NRT,310.45,4.57,D,VIIRS
47.07665,35.1204,343,0.43,0.38,2026-08-07,10:49:00,N,low,2.0NRT,314.61,4.74,D,VIIRS
46.72538,32.80566,349.03,0.39,0.36,2026-08-07,10:49:00,N,nominal,2.0NRT,314.06,12.6,D,VIIRS
47.09261,35.56959,346.67,0.44,0.38,2026-08-07,10:49:00,N,nominal,2.0NRT,315.18,17.49,D,VIIRS
47.09331,35.57534,341.51,0.44,0.38,2026-08-07,10:49:00,N,low,2.0NRT,314.22,4.69,D,VIIRS
47.09401,35.5811,339.86,0.44,0.38,2026-08-07,10:49:00,N,low,2.0NRT,314.34,4.69,D,VIIRS
47.10023,35.72301,338.58,0.44,0.38,2026-08-07,10:49:00,N,low,2.0NRT,311.84,3.34,D,VIIRS
47.30519,37.94495,344.12,0.53,0.42,2026-08-07,10:49:00,N,nominal,2.0NRT,308.09,7.8,D,VIIRS
46.48995,31.64286,367,0.38,0.36,2026-08-07,10:49:00,N,low,2.0NRT,326.24,26.25,D,VIIRS
46.48917,31.6379,343.43,0.38,0.36,2026-08-07,10:49:00,N,nominal,2.0NRT,314.62,26.25,D,VIIRS
46.48668,31.64395,367,0.38,0.36,2026-08-07,10:49:00,N,high,2.0NRT,318.99,19.24,D,VIIRS
46.5114,31.82348,339.61,0.38,0.36,2026-08-07,10:49:00,N,low,2.0NRT,312.46,3.16,D,VIIRS
46.69118,33.06908,338.48,0.39,0.36,2026-08-07,10:49:00,N,low,2.0NRT,310.9,22.84,D,VIIRS
46.49329,31.83982,367,0.38,0.36,2026-08-07,10:49:00,N,high,2.0NRT,321.12,10.42,D,VIIRS
46.48159,31.82544,332.73,0.38,0.36,2026-08-07,10:49:00,N,low,2.0NRT,305.22,4.14,D,VIIRS
46.48236,31.8304,337.96,0.38,0.36,2026-08-07,10:49:00,N,low,2.0NRT,310.38,4.14,D,VIIRS
46.63544,32.84129,350.64,0.39,0.36,2026-08-07,10:49:00,N,nominal,2.0NRT,317.59,24.02,D,VIIRS
46.47908,31.83147,352.14,0.38,0.36,2026-08-07,10:49:00,N,nominal,2.0NRT,313.41,4.14,D,VIIRS
46.47986,31.83642,349.47,0.38,0.36,2026-08-07,10:49:00,N,nominal,2.0NRT,315.84,7.18,D,VIIRS
46.48063,31.84138,340.74,0.38,0.36,2026-08-07,10:49:00,N,low,2.0NRT,314.3,7.18,D,VIIRS
46.60271,32.73605,354.98,0.39,0.36,2026-08-07,10:49:00,N,nominal,2.0NRT,312.91,23.3,D,VIIRS
46.92575,35.09492,348.76,0.42,0.38,2026-08-07,10:49:00,N,nominal,2.0NRT,308.83,13.32,D,VIIRS
47.2414,37.86596,340.58,0.52,0.42,2026-08-07,10:49:00,N,low,2.0NRT,311.66,7.28,D,VIIRS
46.92159,35.09029,367,0.42,0.38,2026-08-07,10:49:00,N,low,2.0NRT,343.67,109.4,D,VIIRS
46.92229,35.09585,367,0.42,0.38,2026-08-07,10:49:00,N,low,2.0NRT,350.34,109.4,D,VIIRS
46.92299,35.10141,367,0.42,0.38,2026-08-07,10:49:00,N,low,2.0NRT,334.29,46.44,D,VIIRS
46.59942,32.73706,355.08,0.39,0.36,2026-08-07,10:49:00,N,nominal,2.0NRT,324.35,16.08,D,VIIRS
46.92369,35.10697,355.64,0.42,0.38,2026-08-07,10:49:00,N,nominal,2.0NRT,314.36,46.44,D,VIIRS
47.23756,37.86681,333.28,0.52,0.42,2026-08-07,10:49:00,N,low,2.0NRT,307.13,3.25,D,VIIRS
46.91953,35.10233,367,0.42,0.38,2026-08-07,10:49:00,N,low,2.0NRT,327,46.44,D,VIIRS
46.59539,32.73309,348.28,0.39,0.36,2026-08-07,10:49:00,N,nominal,2.0NRT,314.52,15.29,D,VIIRS
46.59612,32.73809,346.94,0.39,0.36,2026-08-07,10:49:00,N,nominal,2.0NRT,317.29,16.08,D,VIIRS
46.91883,35.09678,356.76,0.42,0.38,2026-08-07,10:49:00,N,nominal,2.0NRT,317.01,109.4,D,VIIRS
46.92023,35.10789,352.54,0.42,0.38,2026-08-07,10:49:00,N,nominal,2.0NRT,319.85,46.44,D,VIIRS
46.92163,35.11901,347.09,0.42,0.38,2026-08-07,10:49:00,N,nominal,2.0NRT,318.97,96.37,D,VIIRS
46.91747,35.11438,351.52,0.42,0.38,2026-08-07,10:49:00,N,nominal,2.0NRT,318.22,12.13,D,VIIRS
46.94196,35.31045,353.18,0.43,0.38,2026-08-07,10:49:00,N,nominal,2.0NRT,312.74,13.7,D,VIIRS
46.91816,35.11993,367,0.42,0.38,2026-08-07,10:49:00,N,high,2.0NRT,317.9,12.13,D,VIIRS
46.62045,32.95097,342.59,0.39,0.36,2026-08-07,10:49:00,N,low,2.0NRT,317.08,16.99,D,VIIRS
46.93848,35.31137,351.18,0.43,0.38,2026-08-07,10:49:00,N,nominal,2.0NRT,315.78,13.7,D,VIIRS
46.93918,35.31701,352.34,0.43,0.38,2026-08-07,10:49:00,N,nominal,2.0NRT,314.6,10.73,D,VIIRS
46.61715,32.95198,339.62,0.39,0.36,2026-08-07,10:49:00,N,low,2.0NRT,314.58,3.67,D,VIIRS
46.9357,35.31793,367,0.43,0.38,2026-08-07,10:49:00,N,high,2.0NRT,315.34,8.35,D,VIIRS
46.9364,35.32358,367,0.43,0.38,2026-08-07,10:49:00,N,high,2.0NRT,315.63,8.35,D,VIIRS
47.02974,36.29203,338.79,0.46,0.39,2026-08-07,10:49:00,N,nominal,2.0NRT,307.9,8.78,D,VIIRS
46.92657,35.44899,339.53,0.43,0.38,2026-08-07,10:49:00,N,low,2.0NRT,311.4,7.06,D,VIIRS
47.02475,36.28082,349.41,0.46,0.39,2026-08-07,10:49:00,N,nominal,2.0NRT,311.32,10.02,D,VIIRS
47.02613,36.29293,349.01,0.46,0.39,2026-08-07,10:49:00,N,nominal,2.0NRT,312.75,8.78,D,VIIRS
47.21198,38.04517,336.02,0.53,0.42,2026-08-07,10:49:00,N,nominal,2.0NRT,303.37,3.97,D,VIIRS
47.02545,36.28688,367,0.46,0.39,2026-08-07,10:49:00,N,high,2.0NRT,312.08,10.02,D,VIIRS
47.02185,36.28779,335.55,0.46,0.39,2026-08-07,10:49:00,N,nominal,2.0NRT,309.38,2.91,D,VIIRS
47.02322,36.29988,336.62,0.46,0.39,2026-08-07,10:49:00,N,low,2.0NRT,309.51,6.87,D,VIIRS
47.01534,36.29564,347.82,0.46,0.39,2026-08-07,10:49:00,N,nominal,2.0NRT,309.88,7.6,D,VIIRS
47.01602,36.30169,351.56,0.46,0.39,2026-08-07,10:49:00,N,nominal,2.0NRT,309.97,7.6,D,VIIRS
46.76938,34.32295,348.66,0.41,0.37,2026-08-07,10:49:00,N,low,2.0NRT,320.24,33.99,D,VIIRS
46.77008,34.32827,344.71,0.41,0.37,2026-08-07,10:49:00,N,low,2.0NRT,317.36,33.99,D,VIIRS
47.11707,37.26228,342.98,0.5,0.41,2026-08-07,10:49:00,N,nominal,2.0NRT,308.91,8.82,D,VIIRS
47.16264,37.70656,333.71,0.52,0.41,2026-08-07,10:49:00,N,low,2.0NRT,305.85,2.11,D,VIIRS
47.16332,37.71336,351.15,0.52,0.41,2026-08-07,10:49:00,N,nominal,2.0NRT,311.15,10.61,D,VIIRS
46.766,34.32391,354.2,0.41,0.37,2026-08-07,10:49:00,N,nominal,2.0NRT,323.23,25.75,D,VIIRS
47.08146,36.99754,350.43,0.49,0.4,2026-08-07,10:49:00,N,nominal,2.0NRT,310.57,7.34,D,VIIRS
46.99066,36.20877,342.37,0.46,0.39,2026-08-07,10:49:00,N,nominal,2.0NRT,308.45,7.22,D,VIIRS
46.44658,32.34948,352.29,0.38,0.36,2026-08-07,10:49:00,N,nominal,2.0NRT,323.65,20.32,D,VIIRS
46.4433,32.35052,345.28,0.38,0.36,2026-08-07,10:49:00,N,low,2.0NRT,315.53,20.32,D,VIIRS
46.43475,32.31682,352.81,0.38,0.36,2026-08-07,10:49:00,N,nominal,2.0NRT,316.12,26.99,D,VIIRS
46.4355,32.32178,349.39,0.38,0.36,2026-08-07,10:49:00,N,nominal,2.0NRT,319.07,26.99,D,VIIRS
45.92169,29.25368,332.68,0.42,0.37,2026-08-07,10:49:00,N,low,2.0NRT,306.86,1.89,D,VIIRS
46.43146,32.31786,342.91,0.38,0.36,2026-08-07,10:49:00,N,low,2.0NRT,316.96,26.99,D,VIIRS
46.43598,32.34764,345.3,0.38,0.36,2026-08-07,10:49:00,N,nominal,2.0NRT,312.65,9.36,D,VIIRS
45.91927,29.2602,348.62,0.42,0.37,2026-08-07,10:49:00,N,nominal,2.0NRT,310.86,4.8,D,VIIRS
45.92022,29.26548,347.9,0.42,0.37,2026-08-07,10:49:00,N,nominal,2.0NRT,311,4.8,D,VIIRS
46.43119,32.33876,349.79,0.38,0.36,2026-08-07,10:49:00,N,nominal,2.0NRT,315.66,12.78,D,VIIRS
46.95452,36.31261,340.52,0.46,0.39,2026-08-07,10:49:00,N,low,2.0NRT,312.78,5.85,D,VIIRS
47.09885,37.63092,355.72,0.51,0.41,2026-08-07,10:49:00,N,nominal,2.0NRT,312.21,14.82,D,VIIRS
46.79686,35.04019,345.96,0.42,0.38,2026-08-07,10:49:00,N,nominal,2.0NRT,313.29,7.25,D,VIIRS
46.94883,36.29543,350.48,0.46,0.39,2026-08-07,10:49:00,N,nominal,2.0NRT,310.74,4.27,D,VIIRS
46.94953,36.30143,336.01,0.46,0.39,2026-08-07,10:49:00,N,nominal,2.0NRT,310.06,4.27,D,VIIRS
46.95023,36.30746,351.45,0.46,0.39,2026-08-07,10:49:00,N,nominal,2.0NRT,311.64,5.85,D,VIIRS
46.950920000000004,36.31352,341.54,0.46,0.39,2026-08-07,10:49:00,N,nominal,2.0NRT,312.89,5.85,D,VIIRS
46.79342,35.04112,346.09,0.42,0.38,2026-08-07,10:49:00,N,nominal,2.0NRT,314.55,5.34,D,VIIRS
46.94732,36.3144,342.14,0.46,0.39,2026-08-07,10:49:00,N,nominal,2.0NRT,311.4,7.92,D,VIIRS
46.94662,36.30835,367,0.46,0.39,2026-08-07,10:49:00,N,high,2.0NRT,314.6,7.92,D,VIIRS
46.7459,34.69817,336.18,0.41,0.37,2026-08-07,10:49:00,N,nominal,2.0NRT,310.88,7.39,D,VIIRS
46.748,34.71437,340.73,0.41,0.37,2026-08-07,10:49:00,N,low,2.0NRT,313.6,4.19,D,VIIRS
46.7487,34.71978,349.18,0.41,0.37,2026-08-07,10:49:00,N,nominal,2.0NRT,312.21,4.19,D,VIIRS
46.7452,34.69277,367,0.41,0.37,2026-08-07,10:49:00,N,high,2.0NRT,312.51,7.39,D,VIIRS
46.74178,34.6937,353.8,0.41,0.37,2026-08-07,10:49:00,N,nominal,2.0NRT,314.79,15.17,D,VIIRS
46.74248,34.6991,358.02,0.41,0.37,2026-08-07,10:49:00,N,nominal,2.0NRT,313.1,15.17,D,VIIRS
46.74458,34.71531,342.45,0.41,0.37,2026-08-07,10:49:00,N,low,2.0NRT,313.42,3.24,D,VIIRS
46.74528,34.72072,351.35,0.41,0.37,2026-08-07,10:49:00,N,nominal,2.0NRT,315.87,3.24,D,VIIRS
46.74598,34.72612,344.8,0.41,0.37,2026-08-07,10:49:00,N,nominal,2.0NRT,314.62,7.91,D,VIIRS
46.74046,34.71084,337.83,0.41,0.37,2026-08-07,10:49:00,N,low,2.0NRT,311.83,5.69,D,VIIRS
46.74116,34.71625,337.79,0.41,0.37,2026-08-07,10:49:00,N,low,2.0NRT,312.3,3.24,D,VIIRS
46.74256,34.72706,356.51,0.41,0.37,2026-08-07,10:49:00,N,nominal,2.0NRT,316.92,7.91,D,VIIRS
46.73774,34.71718,344.61,0.41,0.37,2026-08-07,10:49:00,N,nominal,2.0NRT,314.07,3.54,D,VIIRS
46.73844,34.72258,351.81,0.41,0.37,2026-08-07,10:49:00,N,nominal,2.0NRT,314.71,3.54,D,VIIRS
46.73914,34.72799,346.45,0.41,0.37,2026-08-07,10:49:00,N,nominal,2.0NRT,315.38,4.78,D,VIIRS
46.96412,36.59323,344.5,0.47,0.4,2026-08-07,10:49:00,N,nominal,2.0NRT,309.59,15.42,D,VIIRS
46.96481,36.5994,346.01,0.47,0.4,2026-08-07,10:49:00,N,nominal,2.0NRT,314.29,15.42,D,VIIRS
46.73572,34.72893,347.45,0.41,0.37,2026-08-07,10:49:00,N,nominal,2.0NRT,315.09,4.78,D,VIIRS
46.80466,35.27354,345.9,0.43,0.38,2026-08-07,10:49:00,N,nominal,2.0NRT,314.17,3.34,D,VIIRS
46.92724,36.30074,344.08,0.46,0.39,2026-08-07,10:49:00,N,nominal,2.0NRT,309.09,4.72,D,VIIRS
46.41187,32.43847,345.01,0.38,0.36,2026-08-07,10:49:00,N,nominal,2.0NRT,314.24,4.66,D,VIIRS
46.92434,36.3077,340.86,0.46,0.39,2026-08-07,10:49:00,N,low,2.0NRT,312.21,8.13,D,VIIRS
46.40859,32.43951,348,0.38,0.36,2026-08-07,10:49:00,N,nominal,2.0NRT,314.77,4.66,D,VIIRS
46.70964,34.69134,340.66,0.41,0.37,2026-08-07,10:49:00,N,low,2.0NRT,313.81,7.2,D,VIIRS
46.76514,35.12864,338.82,0.42,0.38,2026-08-07,10:49:00,N,low,2.0NRT,312.89,2.01,D,VIIRS
46.76791,35.15083,340.79,0.42,0.38,2026-08-07,10:49:00,N,low,2.0NRT,313.66,2.89,D,VIIRS
46.76168,35.12956,345.01,0.42,0.38,2026-08-07,10:49:00,N,nominal,2.0NRT,313.55,3.68,D,VIIRS
46.76514,35.15729,338.09,0.42,0.38,2026-08-07,10:49:00,N,low,2.0NRT,312.81,5.29,D,VIIRS
46.70351,34.6986,347.16,0.41,0.37,2026-08-07,10:49:00,N,nominal,2.0NRT,315.3,5.2,D,VIIRS
46.35477,32.24354,347.92,0.38,0.36,2026-08-07,10:49:00,N,nominal,2.0NRT,311.88,5.24,D,VIIRS
46.81671,35.63847,343.39,0.44,0.38,2026-08-07,10:49:00,N,nominal,2.0NRT,313.02,5.83,D,VIIRS
46.35149,32.24459,338.34,0.38,0.36,2026-08-07,10:49:00,N,low,2.0NRT,311.64,5.24,D,VIIRS
46.93022,36.65863,336.36,0.47,0.4,2026-08-07,10:49:00,N,low,2.0NRT,309.53,3.4,D,VIIRS
46.34746,32.24068,354.39,0.38,0.36,2026-08-07,10:49:00,N,nominal,2.0NRT,314.29,11.09,D,VIIRS
46.34418,32.24172,337.65,0.38,0.36,2026-08-07,10:49:00,N,low,2.0NRT,310.84,11.09,D,VIIRS
46.36901,32.40522,337.29,0.38,0.36,2026-08-07,10:49:00,N,low,2.0NRT,311.31,5.63,D,VIIRS
46.36497,32.40129,353.06,0.38,0.36,2026-08-07,10:49:00,N,nominal,2.0NRT,317.73,26.29,D,VIIRS
46.85728,36.10873,339.3,0.45,0.39,2026-08-07,10:49:00,N,low,2.0NRT,311.86,6.57,D,VIIRS
46.36019,32.39241,348.87,0.38,0.36,2026-08-07,10:49:00,N,nominal,2.0NRT,311.81,28.55,D,VIIRS
46.36094,32.39737,349.3,0.38,0.36,2026-08-07,10:49:00,N,nominal,2.0NRT,318.76,28.55,D,VIIRS
46.36169,32.40233,343.91,0.38,0.36,2026-08-07,10:49:00,N,low,2.0NRT,317.83,26.29,D,VIIRS
46.35747,32.39087,336.9,0.38,0.36,2026-08-07,10:49:00,N,low,2.0NRT,309.27,11.56,D,VIIRS
46.35822,32.39582,356.18,0.38,0.36,2026-08-07,10:49:00,N,nominal,2.0NRT,315.67,11.56,D,VIIRS
46.35897,32.40078,341.27,0.38,0.36,2026-08-07,10:49:00,N,nominal,2.0NRT,309.43,4.71,D,VIIRS
46.85992,36.10992,338.4,0.45,0.39,2026-08-07,10:49:00,N,low,2.0NRT,310.08,4.24,D,VIIRS
46.84851,36.10667,342.5,0.45,0.39,2026-08-07,10:49:00,N,low,2.0NRT,314.04,8.91,D,VIIRS
46.84283,36.08978,342.91,0.45,0.39,2026-08-07,10:49:00,N,nominal,2.0NRT,310.81,5.69,D,VIIRS
46.83927,36.09069,344.51,0.45,0.39,2026-08-07,10:49:00,N,nominal,2.0NRT,312.66,5.69,D,VIIRS
46.83997,36.0966,337.28,0.45,0.39,2026-08-07,10:49:00,N,low,2.0NRT,311.36,2.98,D,VIIRS
46.34077,32.41692,347.58,0.38,0.36,2026-08-07,10:49:00,N,nominal,2.0NRT,311.82,7.11,D,VIIRS
46.86288,36.3555,341.25,0.46,0.39,2026-08-07,10:49:00,N,low,2.0NRT,313.37,5.85,D,VIIRS
46.78459,35.72565,341.97,0.44,0.38,2026-08-07,10:49:00,N,low,2.0NRT,313.25,5.24,D,VIIRS
46.78529,35.73141,352.73,0.44,0.38,2026-08-07,10:49:00,N,nominal,2.0NRT,315.08,5.24,D,VIIRS
46.87324,36.47781,348.64,0.46,0.39,2026-08-07,10:49:00,N,nominal,2.0NRT,311.41,34.19,D,VIIRS
46.87394,36.48391,338.24,0.46,0.39,2026-08-07,10:49:00,N,nominal,2.0NRT,311.87,13.17,D,VIIRS
46.87534,36.49616,346.81,0.46,0.39,2026-08-07,10:49:00,N,nominal,2.0NRT,312.7,10.45,D,VIIRS
46.66019,34.76309,340.24,0.41,0.37,2026-08-07,10:49:00,N,nominal,2.0NRT,312.97,2.2,D,VIIRS
46.78176,35.73231,337.56,0.44,0.38,2026-08-07,10:49:00,N,low,2.0NRT,311.68,5.24,D,VIIRS
46.87102,36.49094,342.51,0.46,0.39,2026-08-07,10:49:00,N,nominal,2.0NRT,312.49,13.17,D,VIIRS
46.87172,36.49706,353.74,0.46,0.39,2026-08-07,10:49:00,N,nominal,2.0NRT,314.6,10.45,D,VIIRS
46.87032,36.48481,367,0.46,0.39,2026-08-07,10:49:00,N,high,2.0NRT,316.33,13.17,D,VIIRS
46.81298,36.05459,340.18,0.45,0.39,2026-08-07,10:49:00,N,low,2.0NRT,312.58,2.54,D,VIIRS
46.72804,35.46976,353.34,0.43,0.38,2026-08-07,10:49:00,N,nominal,2.0NRT,324.09,44.56,D,VIIRS
46.84775,36.51546,337.26,0.46,0.39,2026-08-07,10:49:00,N,low,2.0NRT,311.46,4.15,D,VIIRS
46.84843,36.52155,348.57,0.46,0.39,2026-08-07,10:49:00,N,nominal,2.0NRT,312.32,4.15,D,VIIRS
46.62865,34.73817,342.01,0.41,0.37,2026-08-07,10:49:00,N,low,2.0NRT,314.51,3.22,D,VIIRS
46.62934,34.74357,349.11,0.41,0.37,2026-08-07,10:49:00,N,nominal,2.0NRT,316.19,8.19,D,VIIRS
46.8628,36.6827,347.62,0.47,0.4,2026-08-07,10:49:00,N,nominal,2.0NRT,309.48,9.98,D,VIIRS
46.86417,36.69509,336.56,0.47,0.4,2026-08-07,10:49:00,N,low,2.0NRT,309.3,4.66,D,VIIRS
46.85915,36.68356,341.54,0.47,0.4,2026-08-07,10:49:00,N,low,2.0NRT,312.3,4.85,D,VIIRS
46.85984,36.68975,340.65,0.47,0.4,2026-08-07,10:49:00,N,low,2.0NRT,312.34,6.65,D,VIIRS
46.80584,36.2458,339.69,0.46,0.39,2026-08-07,10:49:00,N,nominal,2.0NRT,310.72,2.43,D,VIIRS
46.66494,35.16318,345.1,0.42,0.38,2026-08-07,10:49:00,N,nominal,2.0NRT,313.81,6.04,D,VIIRS
46.66563,35.1687,344.53,0.42,0.38,2026-08-07,10:49:00,N,nominal,2.0NRT,312.81,6.04,D,VIIRS
46.73311,35.75063,338.84,0.44,0.38,2026-08-07,10:49:00,N,nominal,2.0NRT,312.12,2.77,D,VIIRS
46.72959,35.75152,338.08,0.44,0.38,2026-08-07,10:49:00,N,low,2.0NRT,311.3,4.02,D,VIIRS
46.68486,35.41121,347.85,0.43,0.38,2026-08-07,10:49:00,N,nominal,2.0NRT,312.63,3.45,D,VIIRS
46.68555,35.41684,336.7,0.43,0.38,2026-08-07,10:49:00,N,nominal,2.0NRT,310.35,3.45,D,VIIRS
46.68138,35.41213,347.76,0.43,0.38,2026-08-07,10:49:00,N,nominal,2.0NRT,312.44,14.31,D,VIIRS
46.68275,35.42337,348.98,0.43,0.38,2026-08-07,10:49:00,N,nominal,2.0NRT,312.14,18.78,D,VIIRS
46.76226,36.09156,336.59,0.45,0.39,2026-08-07,10:49:00,N,low,2.0NRT,310.66,6.49,D,VIIRS
46.76295,36.09749,348.45,0.45,0.39,2026-08-07,10:49:00,N,nominal,2.0NRT,313.82,6.49,D,VIIRS
46.68207,35.41776,367,0.43,0.38,2026-08-07,10:49:00,N,high,2.0NRT,314.11,14.31,D,VIIRS
46.67858,35.41866,351.88,0.43,0.38,2026-08-07,10:49:00,N,nominal,2.0NRT,316.82,14.31,D,VIIRS
46.67927,35.42429,353.07,0.43,0.38,2026-08-07,10:49:00,N,nominal,2.0NRT,314.95,18.78,D,VIIRS
46.7548,36.15424,336.55,0.45,0.39,2026-08-07,10:49:00,N,low,2.0NRT,311.49,3.04,D,VIIRS
46.751220000000004,36.15513,344.84,0.45,0.39,2026-08-07,10:49:00,N,nominal,2.0NRT,312.74,3.04,D,VIIRS
46.80831,36.66378,345.07,0.47,0.4,2026-08-07,10:49:00,N,nominal,2.0NRT,311.65,4.06,D,VIIRS
46.75358,36.14961,337.83,0.45,0.39,2026-08-07,10:49:00,N,low,2.0NRT,312.82,6.05,D,VIIRS
46.75071,36.15641,339.69,0.45,0.39,2026-08-07,10:49:00,N,low,2.0NRT,312.54,2.62,D,VIIRS
46.80539,36.659,335.5,0.47,0.4,2026-08-07,10:49:00,N,low,2.0NRT,308.89,4.18,D,VIIRS
46.8061,36.66523,347.91,0.47,0.4,2026-08-07,10:49:00,N,nominal,2.0NRT,311.54,4.18,D,VIIRS
45.74043,29.40901,341.76,0.41,0.37,2026-08-07,10:49:00,N,nominal,2.0NRT,310.42,16.06,D,VIIRS
46.71067,35.88275,340.43,0.44,0.39,2026-08-07,10:49:00,N,low,2.0NRT,312.07,4.7,D,VIIRS
45.73706,29.41026,343.79,0.41,0.37,2026-08-07,10:49:00,N,nominal,2.0NRT,308.39,16.06,D,VIIRS
46.55809,34.72568,338.05,0.41,0.37,2026-08-07,10:49:00,N,low,2.0NRT,312.64,2.97,D,VIIRS
46.55879,34.73106,347.04,0.41,0.37,2026-08-07,10:49:00,N,nominal,2.0NRT,312.32,2.97,D,VIIRS
46.5635,34.95923,339.25,0.42,0.37,2026-08-07,10:49:00,N,nominal,2.0NRT,312.13,24.42,D,VIIRS
46.5642,34.96468,350.14,0.42,0.37,2026-08-07,10:49:00,N,nominal,2.0NRT,322.4,24.42,D,VIIRS
46.56559,34.97557,341.39,0.42,0.38,2026-08-07,10:49:00,N,nominal,2.0NRT,310.83,5.92,D,VIIRS
46.56768,34.99193,348.25,0.42,0.38,2026-08-07,10:49:00,N,nominal,2.0NRT,311.35,4.09,D,VIIRS
46.56146,34.97104,350.49,0.42,0.38,2026-08-07,10:49:00,N,nominal,2.0NRT,312.05,8.68,D,VIIRS
50.58368,27.06399,330.67,0.41,0.37,2026-08-07,10:51:00,N,nominal,2.0NRT,282.67,3.38,D,VIIRS
50.69047,30.23465,335.39,0.38,0.36,2026-08-07,10:51:00,N,nominal,2.0NRT,300.34,5.3,D,VIIRS
50.6913,30.24002,340.68,0.38,0.36,2026-08-07,10:51:00,N,nominal,2.0NRT,297.89,2.48,D,VIIRS
50.406,29.06131,330.26,0.39,0.36,2026-08-07,10:51:00,N,low,2.0NRT,303.2,1.9,D,VIIRS
50.40274,29.06265,332.32,0.39,0.36,2026-08-07,10:51:00,N,nominal,2.0NRT,301.9,1.75,D,VIIRS
51.0721,34.64131,332.58,0.45,0.39,2026-08-07,10:51:00,N,nominal,2.0NRT,299.96,1.43,D,VIIRS
50.53683,31.09817,336.78,0.39,0.36,2026-08-07,10:51:00,N,nominal,2.0NRT,304.87,4.05,D,VIIRS
50.53355,31.09937,337.18,0.39,0.36,2026-08-07,10:51:00,N,nominal,2.0NRT,304.71,4.05,D,VIIRS
50.81662,35.37204,334.57,0.47,0.4,2026-08-07,10:51:00,N,nominal,2.0NRT,299.28,4.03,D,VIIRS
50.81735,35.37874,333.12,0.47,0.4,2026-08-07,10:51:00,N,nominal,2.0NRT,299.58,6.31,D,VIIRS
50.81298,35.37306,339.84,0.47,0.4,2026-08-07,10:51:00,N,nominal,2.0NRT,301.52,4.03,D,VIIRS
50.1258,31.47231,336.01,0.39,0.36,2026-08-07,10:51:00,N,nominal,2.0NRT,304.21,2.07,D,VIIRS
50.01864,31.14463,340.38,0.39,0.36,2026-08-07,10:51:00,N,low,2.0NRT,310.6,5.9,D,VIIRS
49.9761,31.35871,348.05,0.39,0.36,2026-08-07,10:51:00,N,nominal,2.0NRT,301.36,5.26,D,VIIRS
50.12638,33.19307,330.61,0.41,0.37,2026-08-07,10:51:00,N,low,2.0NRT,303.4,3.42,D,VIIRS
50.12299,33.19414,344.33,0.41,0.37,2026-08-07,10:51:00,N,nominal,2.0NRT,309.13,7.54,D,VIIRS
49.0887,26.82248,351.22,0.44,0.38,2026-08-07,10:51:00,N,nominal,2.0NRT,305.49,31.23,D,VIIRS
49.08981,26.82826,351.22,0.44,0.38,2026-08-07,10:51:00,N,nominal,2.0NRT,303.3,31.23,D,VIIRS
49.08528,26.824,345.46,0.44,0.38,2026-08-07,10:51:00,N,nominal,2.0NRT,295.85,31.23,D,VIIRS
48.70422,35.153,348.58,0.44,0.38,2026-08-07,10:51:00,N,nominal,2.0NRT,305.85,5.09,D,VIIRS
48.69998,35.14795,337.66,0.44,0.38,2026-08-07,10:51:00,N,low,2.0NRT,308.73,5.09,D,VIIRS
48.70069,35.15396,345.63,0.44,0.38,2026-08-07,10:51:00,N,nominal,2.0NRT,310.75,5.09,D,VIIRS
49.00358,38.19738,349.44,0.57,0.43,2026-08-07,10:51:00,N,nominal,2.0NRT,306.23,25.89,D,VIIRS
48.99561,38.19909,349.72,0.57,0.43,2026-08-07,10:51:00,N,nominal,2.0NRT,311.67,19.02,D,VIIRS
48.9963,38.20694,346.08,0.57,0.43,2026-08-07,10:51:00,N,nominal,2.0NRT,309.87,18.82,D,VIIRS
47.83639,29.36129,340.03,0.4,0.37,2026-08-07,10:51:00,N,low,2.0NRT,310.48,17.43,D,VIIRS
48.99231,38.20779,351.21,0.57,0.43,2026-08-07,10:51:00,N,nominal,2.0NRT,314.02,18.82,D,VIIRS
47.83598,29.36394,351.51,0.4,0.37,2026-08-07,10:51:00,N,nominal,2.0NRT,310.88,21.33,D,VIIRS
49.00244,38.19768,351.01,0.57,0.43,2026-08-07,10:51:00,N,nominal,2.0NRT,310.06,28.31,D,VIIRS
48.99155,38.16816,344.44,0.56,0.43,2026-08-07,10:51:00,N,nominal,2.0NRT,310.79,13.8,D,VIIRS
48.99447,38.1994,348.36,0.57,0.43,2026-08-07,10:51:00,N,nominal,2.0NRT,311.73,10.41,D,VIIRS
48.9952,38.20722,350.94,0.57,0.43,2026-08-07,10:51:00,N,nominal,2.0NRT,311.39,10.41,D,VIIRS
48.99121,38.20808,344.12,0.57,0.43,2026-08-07,10:51:00,N,nominal,2.0NRT,313.09,10.41,D,VIIRS
48.9593,37.95511,338.27,0.55,0.43,2026-08-07,10:51:00,N,low,2.0NRT,309.28,8.29,D,VIIRS
48.52555,34.144,340.18,0.41,0.37,2026-08-07,10:51:00,N,nominal,2.0NRT,308.33,6.8,D,VIIRS
48.52213,34.14497,334.23,0.41,0.37,2026-08-07,10:51:00,N,low,2.0NRT,307.5,10.31,D,VIIRS
47.9662,30.38638,342.14,0.39,0.36,2026-08-07,10:51:00,N,nominal,2.0NRT,312.65,4.47,D,VIIRS
48.10677,31.33392,339.22,0.38,0.36,2026-08-07,10:51:00,N,low,2.0NRT,309.3,3.24,D,VIIRS
48.90351,37.78996,333.36,0.54,0.42,2026-08-07,10:51:00,N,nominal,2.0NRT,306.48,4.83,D,VIIRS
48.91133,37.87262,347.27,0.55,0.43,2026-08-07,10:51:00,N,nominal,2.0NRT,308.28,11.18,D,VIIRS
48.8591,37.37183,340.33,0.52,0.42,2026-08-07,10:51:00,N,nominal,2.0NRT,304.13,5.25,D,VIIRS
48.88991,38.03175,331.44,0.56,0.43,2026-08-07,10:51:00,N,low,2.0NRT,304.06,3.88,D,VIIRS
48.88594,38.03248,337.85,0.56,0.43,2026-08-07,10:51:00,N,nominal,2.0NRT,306.47,3.88,D,VIIRS
48.8884,38.03256,337.68,0.56,0.43,2026-08-07,10:51:00,N,nominal,2.0NRT,307.52,10.09,D,VIIRS
48.86763,38.06875,335.13,0.56,0.43,2026-08-07,10:51:00,N,low,2.0NRT,309.92,8.64,D,VIIRS
48.82457,37.66339,350.52,0.54,0.42,2026-08-07,10:51:00,N,nominal,2.0NRT,308.02,17.25,D,VIIRS
48.82067,37.66413,338.17,0.54,0.42,2026-08-07,10:51:00,N,nominal,2.0NRT,305.79,7.02,D,VIIRS
48.82183,37.79929,337.9,0.54,0.42,2026-08-07,10:51:00,N,nominal,2.0NRT,306.27,9.09,D,VIIRS
48.74092,37.10177,342.23,0.51,0.41,2026-08-07,10:51:00,N,nominal,2.0NRT,303.79,4.31,D,VIIRS
48.8101,37.80182,336.56,0.54,0.42,2026-08-07,10:51:00,N,nominal,2.0NRT,306.25,8.51,D,VIIRS
48.81801,37.88481,335.17,0.55,0.42,2026-08-07,10:51:00,N,nominal,2.0NRT,306.68,6.06,D,VIIRS
48.04362,31.63226,338.4,0.38,0.36,2026-08-07,10:51:00,N,low,2.0NRT,310.89,4.25,D,VIIRS
48.83847,38.27899,334.59,0.57,0.43,2026-08-07,10:51:00,N,nominal,2.0NRT,306.24,4.08,D,VIIRS
47.99192,31.42986,343.23,0.38,0.36,2026-08-07,10:51:00,N,nominal,2.0NRT,312.31,4.29,D,VIIRS
47.99271,31.43496,338.29,0.38,0.36,2026-08-07,10:51:00,N,low,2.0NRT,312.2,7.66,D,VIIRS
47.82391,30.39744,338.45,0.39,0.36,2026-08-07,10:51:00,N,low,2.0NRT,309.76,15,D,VIIRS
47.82064,30.39862,349.09,0.39,0.36,2026-08-07,10:51:00,N,nominal,2.0NRT,320.34,15,D,VIIRS
47.82315,30.41393,348.3,0.39,0.36,2026-08-07,10:51:00,N,nominal,2.0NRT,311.96,5.34,D,VIIRS
47.81736,30.39981,345.12,0.39,0.36,2026-08-07,10:51:00,N,nominal,2.0NRT,312.16,3.87,D,VIIRS
48.76316,37.81192,337.6,0.54,0.42,2026-08-07,10:51:00,N,nominal,2.0NRT,310.5,3.31,D,VIIRS
48.75283,37.82945,340.95,0.54,0.42,2026-08-07,10:51:00,N,nominal,2.0NRT,309.33,4.56,D,VIIRS
47.69298,29.85354,340.08,0.39,0.36,2026-08-07,10:51:00,N,low,2.0NRT,311.58,6.12,D,VIIRS
48.74969,37.8289,333.4,0.54,0.42,2026-08-07,10:51:00,N,low,2.0NRT,306.52,7.41,D,VIIRS
48.7515,38.18517,343.89,0.56,0.43,2026-08-07,10:51:00,N,nominal,2.0NRT,307.25,26.06,D,VIIRS
48.74752,38.18601,347.07,0.56,0.43,2026-08-07,10:51:00,N,nominal,2.0NRT,306.27,7.38,D,VIIRS
48.74425,38.19439,330.73,0.56,0.43,2026-08-07,10:51:00,N,low,2.0NRT,304.99,7.38,D,VIIRS
47.9795,31.90759,340.36,0.39,0.36,2026-08-07,10:51:00,N,nominal,2.0NRT,313.56,4.03,D,VIIRS
48.64185,37.18122,338.98,0.51,0.41,2026-08-07,10:51:00,N,nominal,2.0NRT,305.61,5.24,D,VIIRS
48.63804,37.18212,338.84,0.51,0.41,2026-08-07,10:51:00,N,nominal,2.0NRT,309.86,5.24,D,VIIRS
48.67434,37.54576,330.76,0.53,0.42,2026-08-07,10:51:00,N,low,2.0NRT,305.67,3.79,D,VIIRS
48.15689,33.18753,338.93,0.4,0.37,2026-08-07,10:51:00,N,nominal,2.0NRT,308.73,4.5,D,VIIRS
48.64388,37.31756,342.82,0.52,0.41,2026-08-07,10:51:00,N,nominal,2.0NRT,305.78,5.67,D,VIIRS
48.69312,37.94855,336.92,0.55,0.43,2026-08-07,10:51:00,N,nominal,2.0NRT,306.58,3.46,D,VIIRS
48.66029,37.72794,331.67,0.54,0.42,2026-08-07,10:51:00,N,low,2.0NRT,304.65,2.49,D,VIIRS
48.6501,37.66276,340.58,0.53,0.42,2026-08-07,10:51:00,N,nominal,2.0NRT,308.43,7.5,D,VIIRS
48.65359,37.69928,347.95,0.54,0.42,2026-08-07,10:51:00,N,nominal,2.0NRT,310.38,13.36,D,VIIRS
48.67487,37.96793,336.82,0.55,0.43,2026-08-07,10:51:00,N,nominal,2.0NRT,306.35,4.63,D,VIIRS
48.67558,37.97555,335.38,0.55,0.43,2026-08-07,10:51:00,N,low,2.0NRT,306.05,4.63,D,VIIRS
47.90546,31.69126,341.68,0.38,0.36,2026-08-07,10:51:00,N,low,2.0NRT,314.47,7.09,D,VIIRS
48.64019,37.64204,336.25,0.53,0.42,2026-08-07,10:51:00,N,nominal,2.0NRT,306.15,8.14,D,VIIRS
48.6409,37.64946,355.47,0.53,0.42,2026-08-07,10:51:00,N,nominal,2.0NRT,305.55,8.14,D,VIIRS
48.63631,37.64283,333.58,0.53,0.42,2026-08-07,10:51:00,N,low,2.0NRT,306.86,8.14,D,VIIRS
48.63702,37.65026,333.32,0.53,0.42,2026-08-07,10:51:00,N,low,2.0NRT,304.37,8.14,D,VIIRS
48.64609,37.74583,333.77,0.54,0.42,2026-08-07,10:51:00,N,low,2.0NRT,306.97,8.63,D,VIIRS
48.64678,37.75315,348.45,0.54,0.42,2026-08-07,10:51:00,N,nominal,2.0NRT,310.13,8.63,D,VIIRS
48.63454,37.66579,338.81,0.53,0.42,2026-08-07,10:51:00,N,nominal,2.0NRT,308.43,4.26,D,VIIRS
48.64219,37.7466,337.97,0.54,0.42,2026-08-07,10:51:00,N,low,2.0NRT,308.75,3.92,D,VIIRS
48.64288,37.75396,339.81,0.54,0.42,2026-08-07,10:51:00,N,low,2.0NRT,310.12,3.92,D,VIIRS
48.60497,37.39936,336.4,0.52,0.42,2026-08-07,10:51:00,N,low,2.0NRT,306.6,5.12,D,VIIRS
48.6376,37.74005,340.71,0.54,0.42,2026-08-07,10:51:00,N,nominal,2.0NRT,309.83,6.79,D,VIIRS
48.63898,37.75478,336.19,0.54,0.42,2026-08-07,10:51:00,N,low,2.0NRT,309.26,3.92,D,VIIRS
48.49217,36.33339,336,0.48,0.4,2026-08-07,10:51:00,N,low,2.0NRT,309.84,7.08,D,VIIRS
48.60811,37.47227,336.22,0.53,0.42,2026-08-07,10:51:00,N,low,2.0NRT,306.23,4.18,D,VIIRS
48.6337,37.74083,351.54,0.54,0.42,2026-08-07,10:51:00,N,nominal,2.0NRT,314.92,38.17,D,VIIRS
48.58206,37.24517,335.02,0.51,0.41,2026-08-07,10:51:00,N,low,2.0NRT,308.5,6.25,D,VIIRS
48.63677,37.64365,334.78,0.53,0.42,2026-08-07,10:51:00,N,low,2.0NRT,306.99,3.09,D,VIIRS
48.63752,37.65108,349.3,0.53,0.42,2026-08-07,10:51:00,N,nominal,2.0NRT,304.31,4.4,D,VIIRS
48.64701,37.74648,335.47,0.54,0.42,2026-08-07,10:51:00,N,low,2.0NRT,308.96,6.15,D,VIIRS
48.64774,37.75378,343.1,0.54,0.42,2026-08-07,10:51:00,N,nominal,2.0NRT,308.87,7.72,D,VIIRS
48.60309,37.34986,331.29,0.52,0.41,2026-08-07,10:51:00,N,low,2.0NRT,304.62,5.58,D,VIIRS
48.60817,37.39957,336.58,0.52,0.42,2026-08-07,10:51:00,N,nominal,2.0NRT,305.89,3.68,D,VIIRS
48.63436,37.6592,335.97,0.53,0.42,2026-08-07,10:51:00,N,low,2.0NRT,306.18,4.4,D,VIIRS
48.6351,37.66658,336.09,0.53,0.42,2026-08-07,10:51:00,N,low,2.0NRT,309.19,4.53,D,VIIRS
48.64311,37.74724,334.53,0.54,0.42,2026-08-07,10:51:00,N,low,2.0NRT,307.35,6.15,D,VIIRS
48.64384,37.75456,344,0.54,0.42,2026-08-07,10:51:00,N,nominal,2.0NRT,310.77,7.72,D,VIIRS
48.63849,37.74068,339.92,0.54,0.42,2026-08-07,10:51:00,N,low,2.0NRT,310.27,18.51,D,VIIRS
48.63994,37.75539,337.62,0.54,0.42,2026-08-07,10:51:00,N,low,2.0NRT,309.82,4.23,D,VIIRS
48.60781,37.47333,340.98,0.52,0.42,2026-08-07,10:51:00,N,nominal,2.0NRT,306.47,6.85,D,VIIRS
48.63459,37.74146,346.08,0.54,0.42,2026-08-07,10:51:00,N,nominal,2.0NRT,313.81,18.51,D,VIIRS
48.58077,37.24661,335.08,0.51,0.41,2026-08-07,10:51:00,N,low,2.0NRT,309.52,6.44,D,VIIRS
48.63069,37.74224,340.42,0.54,0.42,2026-08-07,10:51:00,N,low,2.0NRT,311.76,10.93,D,VIIRS
48.57697,37.24754,348.81,0.51,0.41,2026-08-07,10:51:00,N,nominal,2.0NRT,312.33,6.44,D,VIIRS
48.63474,37.82415,341.06,0.54,0.42,2026-08-07,10:51:00,N,nominal,2.0NRT,304.83,6.08,D,VIIRS
48.57826,37.41409,333.86,0.52,0.42,2026-08-07,10:51:00,N,low,2.0NRT,308.45,5.64,D,VIIRS
48.59408,37.57233,335.54,0.53,0.42,2026-08-07,10:51:00,N,nominal,2.0NRT,304.6,1.8,D,VIIRS
48.61232,37.79859,339.15,0.54,0.42,2026-08-07,10:51:00,N,nominal,2.0NRT,308.06,6.6,D,VIIRS
48.5699,37.40886,335.5,0.52,0.42,2026-08-07,10:51:00,N,low,2.0NRT,305.65,5.52,D,VIIRS
48.59777,37.77171,332.5,0.54,0.42,2026-08-07,10:51:00,N,low,2.0NRT,306.84,3.21,D,VIIRS
48.56456,37.59325,330.65,0.53,0.42,2026-08-07,10:51:00,N,low,2.0NRT,305.47,4.06,D,VIIRS
48.56983,37.6881,341.6,0.53,0.42,2026-08-07,10:51:00,N,nominal,2.0NRT,309.11,6.99,D,VIIRS
48.57127,37.703,347.85,0.54,0.42,2026-08-07,10:51:00,N,nominal,2.0NRT,312.1,10.28,D,VIIRS
48.57198,37.71025,341.34,0.54,0.42,2026-08-07,10:51:00,N,low,2.0NRT,312.7,9.08,D,VIIRS
48.50388,37.06488,351.19,0.51,0.41,2026-08-07,10:51:00,N,nominal,2.0NRT,311.5,14.3,D,VIIRS
48.51773,37.23966,332.24,0.51,0.41,2026-08-07,10:51:00,N,low,2.0NRT,306.73,4.58,D,VIIRS
48.54591,37.5235,339.28,0.53,0.42,2026-08-07,10:51:00,N,nominal,2.0NRT,307.77,8.19,D,VIIRS
48.5118,37.21938,335.84,0.51,0.41,2026-08-07,10:51:00,N,low,2.0NRT,308.08,6.11,D,VIIRS
48.5125,37.22634,330.88,0.51,0.41,2026-08-07,10:51:00,N,low,2.0NRT,305.52,6.51,D,VIIRS
48.53225,37.50456,336.76,0.53,0.42,2026-08-07,10:51:00,N,low,2.0NRT,306.77,4.47,D,VIIRS
48.53573,37.54034,340.47,0.53,0.42,2026-08-07,10:51:00,N,nominal,2.0NRT,309.06,6.11,D,VIIRS
48.53782,37.56174,333.73,0.53,0.42,2026-08-07,10:51:00,N,low,2.0NRT,304.66,5.02,D,VIIRS
48.53188,37.54117,330.09,0.53,0.42,2026-08-07,10:51:00,N,low,2.0NRT,304.81,2.78,D,VIIRS
47.62227,30.70838,338.72,0.39,0.36,2026-08-07,10:51:00,N,low,2.0NRT,309.82,4.39,D,VIIRS
47.619,30.70954,340.86,0.39,0.36,2026-08-07,10:51:00,N,low,2.0NRT,314.19,4.39,D,VIIRS
47.60917,30.71303,337.1,0.39,0.36,2026-08-07,10:51:00,N,low,2.0NRT,311.57,3.45,D,VIIRS
47.60507,30.70909,338.26,0.39,0.36,2026-08-07,10:51:00,N,low,2.0NRT,312.39,5.09,D,VIIRS
47.6059,30.71419,339.62,0.39,0.36,2026-08-07,10:51:00,N,low,2.0NRT,311.87,3.45,D,VIIRS
48.42553,36.82633,340,0.49,0.41,2026-08-07,10:51:00,N,nominal,2.0NRT,307.66,5.56,D,VIIRS
48.45279,37.08437,337.36,0.51,0.41,2026-08-07,10:51:00,N,nominal,2.0NRT,307.28,4.96,D,VIIRS
48.46985,37.28667,332.26,0.51,0.41,2026-08-07,10:51:00,N,low,2.0NRT,307.02,2.21,D,VIIRS
48.48647,37.44972,346.35,0.52,0.42,2026-08-07,10:51:00,N,nominal,2.0NRT,307.46,3.51,D,VIIRS
47.59935,30.71651,341.05,0.39,0.36,2026-08-07,10:51:00,N,low,2.0NRT,314.7,8.38,D,VIIRS
48.48264,37.45059,334.04,0.52,0.42,2026-08-07,10:51:00,N,nominal,2.0NRT,306.42,3.51,D,VIIRS
48.41863,36.86956,332.98,0.5,0.41,2026-08-07,10:51:00,N,low,2.0NRT,306.39,2.68,D,VIIRS
48.4479,37.149,332.27,0.51,0.41,2026-08-07,10:51:00,N,low,2.0NRT,303.21,4.54,D,VIIRS
48.51398,37.80584,337.21,0.54,0.42,2026-08-07,10:51:00,N,low,2.0NRT,307.9,5.03,D,VIIRS
49.08751,26.83559,329.81,0.44,0.38,2026-08-07,10:51:00,N,nominal,2.0NRT,298.68,5.63,D,VIIRS
50.33086,36.16355,335.78,0.49,0.4,2026-08-07,10:51:00,N,nominal,2.0NRT,303.71,3.96,D,VIIRS
50.4143,37.38301,333.96,0.55,0.42,2026-08-07,10:51:00,N,nominal,2.0NRT,302.63,2.97,D,VIIRS
50.16611,35.09236,332.2,0.45,0.39,2026-08-07,10:51:00,N,nominal,2.0NRT,301.8,4.19,D,VIIRS
50.30706,37.08074,332.13,0.53,0.42,2026-08-07,10:51:00,N,nominal,2.0NRT,303.05,3.47,D,VIIRS
50.33382,37.49622,348.76,0.55,0.43,2026-08-07,10:51:00,N,nominal,2.0NRT,306.66,12.81,D,VIIRS
50.31996,37.38848,330.23,0.55,0.42,2026-08-07,10:51:00,N,low,2.0NRT,304.22,3.06,D,VIIRS
50.32066,37.3962,333.6,0.55,0.42,2026-08-07,10:51:00,N,nominal,2.0NRT,304.62,3.06,D,VIIRS
50.2109,36.3017,333.47,0.5,0.41,2026-08-07,10:51:00,N,low,2.0NRT,304.13,3.96,D,VIIRS
50.21087,36.2954,330.18,0.5,0.41,2026-08-07,10:51:00,N,nominal,2.0NRT,300.17,2.77,D,VIIRS
50.21162,36.30246,331.64,0.5,0.41,2026-08-07,10:51:00,N,low,2.0NRT,303.48,2.77,D,VIIRS
50.33189,37.49698,347.95,0.55,0.43,2026-08-07,10:51:00,N,nominal,2.0NRT,302.95,8.17,D,VIIRS
50.3183,37.39708,336.09,0.55,0.42,2026-08-07,10:51:00,N,nominal,2.0NRT,304.14,5.1,D,VIIRS
50.17304,36.87728,344.64,0.52,0.42,2026-08-07,10:51:00,N,nominal,2.0NRT,303.3,9.13,D,VIIRS
50.16921,36.87819,345.16,0.52,0.42,2026-08-07,10:51:00,N,nominal,2.0NRT,305.73,13.7,D,VIIRS
50.1831,37.06357,337.95,0.53,0.42,2026-08-07,10:51:00,N,nominal,2.0NRT,305.25,15.99,D,VIIRS
50.18246,37.06275,346.53,0.53,0.42,2026-08-07,10:51:00,N,nominal,2.0NRT,306.15,14.34,D,VIIRS
49.48352,31.59764,337.31,0.39,0.36,2026-08-07,10:51:00,N,low,2.0NRT,308,4.4,D,VIIRS
49.4843,31.60292,336.04,0.39,0.36,2026-08-07,10:51:00,N,low,2.0NRT,307.81,4.94,D,VIIRS
50.18505,37.45725,332.71,0.55,0.42,2026-08-07,10:51:00,N,nominal,2.0NRT,301.85,3.44,D,VIIRS
49.12465,29.96759,335.12,0.39,0.36,2026-08-07,10:51:00,N,nominal,2.0NRT,300.52,4.55,D,VIIRS
50.10723,37.634,347.44,0.55,0.43,2026-08-07,10:51:00,N,nominal,2.0NRT,304.73,13.11,D,VIIRS
50.10257,37.62712,339.59,0.55,0.43,2026-08-07,10:51:00,N,nominal,2.0NRT,305.63,15.69,D,VIIRS
50.0316,37.46909,332.45,0.54,0.42,2026-08-07,10:51:00,N,low,2.0NRT,304.31,4.67,D,VIIRS
50.02699,37.46247,338.39,0.54,0.42,2026-08-07,10:51:00,N,nominal,2.0NRT,306.41,7.02,D,VIIRS
50.02768,37.46994,334.57,0.54,0.42,2026-08-07,10:51:00,N,nominal,2.0NRT,304.94,7.02,D,VIIRS
49.90446,36.55897,338.16,0.5,0.41,2026-08-07,10:51:00,N,nominal,2.0NRT,305.09,4.28,D,VIIRS
50.00158,37.57819,338.83,0.55,0.43,2026-08-07,10:51:00,N,nominal,2.0NRT,303.4,6.67,D,VIIRS
49.90532,36.55939,339.03,0.5,0.41,2026-08-07,10:51:00,N,nominal,2.0NRT,304.82,4.72,D,VIIRS
49.99908,37.57865,337.18,0.55,0.43,2026-08-07,10:51:00,N,nominal,2.0NRT,305.22,5.37,D,VIIRS
49.99123,37.58044,335.14,0.55,0.43,2026-08-07,10:51:00,N,nominal,2.0NRT,305.54,5.26,D,VIIRS
49.91257,37.13422,333.74,0.53,0.42,2026-08-07,10:51:00,N,low,2.0NRT,305.88,3.96,D,VIIRS
49.9123,37.46462,350.54,0.54,0.42,2026-08-07,10:51:00,N,nominal,2.0NRT,305.75,10.78,D,VIIRS
49.86145,37.54701,344.75,0.55,0.42,2026-08-07,10:51:00,N,nominal,2.0NRT,303.88,6.02,D,VIIRS
49.50176,34.46118,337.27,0.43,0.38,2026-08-07,10:51:00,N,low,2.0NRT,310.54,17.06,D,VIIRS
49.80548,37.59078,330.2,0.55,0.42,2026-08-07,10:51:00,N,low,2.0NRT,304.91,3.8,D,VIIRS
49.8075,37.70091,339.13,0.55,0.43,2026-08-07,10:51:00,N,nominal,2.0NRT,307.63,7.48,D,VIIRS
49.79891,37.6949,338.3,0.55,0.43,2026-08-07,10:51:00,N,low,2.0NRT,309.69,15.2,D,VIIRS
49.80666,37.59042,334.37,0.55,0.42,2026-08-07,10:51:00,N,low,2.0NRT,305.56,3.88,D,VIIRS
49.80917,37.70041,339.82,0.55,0.43,2026-08-07,10:51:00,N,nominal,2.0NRT,307.21,11.09,D,VIIRS
49.80055,37.69437,336.03,0.55,0.43,2026-08-07,10:51:00,N,low,2.0NRT,309.73,8.05,D,VIIRS
49.77696,37.57319,349.61,0.55,0.42,2026-08-07,10:51:00,N,nominal,2.0NRT,307.07,9.02,D,VIIRS
49.77255,37.65332,344.38,0.55,0.43,2026-08-07,10:51:00,N,nominal,2.0NRT,305.57,11.06,D,VIIRS
49.76757,37.68581,339.1,0.55,0.43,2026-08-07,10:51:00,N,low,2.0NRT,310.4,5.46,D,VIIRS
49.7683,37.69353,339.39,0.55,0.43,2026-08-07,10:51:00,N,low,2.0NRT,310.25,5.46,D,VIIRS
49.37193,34.11203,335.05,0.42,0.38,2026-08-07,10:51:00,N,nominal,2.0NRT,304.6,1.21,D,VIIRS
49.76436,37.69443,331.36,0.55,0.43,2026-08-07,10:51:00,N,low,2.0NRT,305.65,5.46,D,VIIRS
49.75469,37.72015,332.65,0.55,0.43,2026-08-07,10:51:00,N,nominal,2.0NRT,301.65,10.49,D,VIIRS
49.74608,37.71407,339.9,0.55,0.43,2026-08-07,10:51:00,N,nominal,2.0NRT,303.36,24.75,D,VIIRS
49.74213,37.71494,350.55,0.55,0.43,2026-08-07,10:51:00,N,nominal,2.0NRT,310.31,24.75,D,VIIRS
49.34363,34.11423,337.16,0.42,0.38,2026-08-07,10:51:00,N,low,2.0NRT,308.66,7,D,VIIRS
49.76348,38.27265,345.56,0.39,0.44,2026-08-07,10:51:00,N,nominal,2.0NRT,312.84,14.96,D,VIIRS
49.7155,37.77581,333.93,0.56,0.43,2026-08-07,10:51:00,N,nominal,2.0NRT,302.26,14.55,D,VIIRS
49.38696,34.93751,331.15,0.44,0.38,2026-08-07,10:51:00,N,low,2.0NRT,305.65,3.27,D,VIIRS
48.49975,28.91319,333.23,0.4,0.37,2026-08-07,10:51:00,N,nominal,2.0NRT,294.96,4.33,D,VIIRS
48.95757,31.79549,338.82,0.39,0.36,2026-08-07,10:51:00,N,nominal,2.0NRT,307.2,3.17,D,VIIRS
49.65063,37.7027,336.14,0.55,0.43,2026-08-07,10:51:00,N,nominal,2.0NRT,304.41,5.28,D,VIIRS
49.66994,38.00033,332.23,0.57,0.43,2026-08-07,10:51:00,N,nominal,2.0NRT,301.82,2.32,D,VIIRS
49.63062,37.66023,331.85,0.55,0.43,2026-08-07,10:51:00,N,low,2.0NRT,305.22,5.41,D,VIIRS
48.48273,29.76327,333.65,0.39,0.36,2026-08-07,10:51:00,N,low,2.0NRT,305.22,6.1,D,VIIRS
48.74701,31.50894,338.27,0.38,0.36,2026-08-07,10:51:00,N,low,2.0NRT,310.89,19.95,D,VIIRS
49.46887,37.95533,333.02,0.56,0.43,2026-08-07,10:51:00,N,low,2.0NRT,304.58,4.37,D,VIIRS
49.45161,37.85617,336.93,0.56,0.43,2026-08-07,10:51:00,N,nominal,2.0NRT,303.58,5.71,D,VIIRS
49.42263,37.76069,335.78,0.55,0.43,2026-08-07,10:51:00,N,nominal,2.0NRT,305.42,3.59,D,VIIRS
49.40237,38.04117,351.13,0.56,0.43,2026-08-07,10:51:00,N,nominal,2.0NRT,301.72,9.9,D,VIIRS
49.3984,38.04207,348.51,0.56,0.43,2026-08-07,10:51:00,N,nominal,2.0NRT,307.78,17.02,D,VIIRS
49.37404,37.82574,336.12,0.55,0.43,2026-08-07,10:51:00,N,nominal,2.0NRT,306.83,5.23,D,VIIRS
48.61882,31.69434,348.22,0.39,0.36,2026-08-07,10:51:00,N,nominal,2.0NRT,312.46,7.76,D,VIIRS
49.30966,37.9576,337.23,0.56,0.43,2026-08-07,10:51:00,N,nominal,2.0NRT,302.47,5.53,D,VIIRS
49.30569,37.95837,334.15,0.56,0.43,2026-08-07,10:51:00,N,low,2.0NRT,305.39,5.53,D,VIIRS
49.30639,37.96616,348.24,0.56,0.43,2026-08-07,10:51:00,N,nominal,2.0NRT,306.02,5.53,D,VIIRS
49.01934,35.27637,336.46,0.45,0.39,2026-08-07,10:51:00,N,low,2.0NRT,309.75,5.25,D,VIIRS
49.2815,37.86915,334.02,0.55,0.43,2026-08-07,10:51:00,N,nominal,2.0NRT,304.08,5.96,D,VIIRS
49.2822,37.87688,334.2,0.55,0.43,2026-08-07,10:51:00,N,nominal,2.0NRT,305.94,5.96,D,VIIRS
49.30819,37.95727,347.04,0.56,0.43,2026-08-07,10:51:00,N,nominal,2.0NRT,303.97,7.19,D,VIIRS
49.30894,37.96503,343.55,0.56,0.43,2026-08-07,10:51:00,N,nominal,2.0NRT,304,5.78,D,VIIRS
49.30497,37.96582,336.58,0.56,0.43,2026-08-07,10:51:00,N,nominal,2.0NRT,305.78,5.78,D,VIIRS
49.28431,37.87584,339.34,0.55,0.43,2026-08-07,10:51:00,N,nominal,2.0NRT,303.85,4.19,D,VIIRS
49.28036,37.87676,331.42,0.55,0.43,2026-08-07,10:51:00,N,low,2.0NRT,304.7,4.19,D,VIIRS
49.07337,36.0164,342.25,0.47,0.4,2026-08-07,10:51:00,N,nominal,2.0NRT,305.01,4.05,D,VIIRS
49.20338,37.32928,334.9,0.53,0.42,2026-08-07,10:51:00,N,nominal,2.0NRT,304.87,3.56,D,VIIRS
48.27727,30.31913,354.52,0.39,0.36,2026-08-07,10:51:00,N,nominal,2.0NRT,306.42,20.37,D,VIIRS
48.27895,30.32941,334.74,0.39,0.36,2026-08-07,10:51:00,N,nominal,2.0NRT,305.75,5.01,D,VIIRS
48.27811,30.32427,367,0.39,0.36,2026-08-07,10:51:00,N,high,2.0NRT,306.26,20.37,D,VIIRS
49.08639,26.82979,335.01,0.44,0.38,2026-08-07,10:51:00,N,nominal,2.0NRT,303.62,31.23,D,VIIRS
48.27316,30.31519,332.79,0.39,0.36,2026-08-07,10:51:00,N,nominal,2.0NRT,302.22,13.57,D,VIIRS
48.27484,30.32547,340.13,0.39,0.36,2026-08-07,10:51:00,N,nominal,2.0NRT,309.1,20.37,D,VIIRS
48.27073,30.32153,367,0.39,0.36,2026-08-07,10:51:00,N,low,2.0NRT,334.37,91.54,D,VIIRS
48.96434,35.34897,335.57,0.45,0.39,2026-08-07,10:51:00,N,low,2.0NRT,308.7,9.38,D,VIIRS
48.95579,35.33853,336,0.45,0.39,2026-08-07,10:51:00,N,nominal,2.0NRT,306.66,3.57,D,VIIRS
48.9565,35.34468,336.15,0.45,0.39,2026-08-07,10:51:00,N,low,2.0NRT,310.23,3.57,D,VIIRS
49.28396,38.73851,342.15,0.4,0.44,2026-08-07,10:51:00,N,nominal,2.0NRT,307.46,4.4,D,VIIRS
48.92099,35.22794,347.89,0.45,0.39,2026-08-07,10:51:00,N,nominal,2.0NRT,306.95,16.47,D,VIIRS
48.91745,35.22892,352.72,0.45,0.39,2026-08-07,10:51:00,N,nominal,2.0NRT,311.54,16.47,D,VIIRS
48.91391,35.22991,353.78,0.45,0.39,2026-08-07,10:51:00,N,nominal,2.0NRT,318.06,21.63,D,VIIRS
48.91036,35.2309,348.07,0.45,0.39,2026-08-07,10:51:00,N,nominal,2.0NRT,311.3,21.63,D,VIIRS
48.90877,35.23298,336.25,0.45,0.39,2026-08-07,10:51:00,N,nominal,2.0NRT,304.2,2.18,D,VIIRS
49.19968,37.94142,333.6,0.56,0.43,2026-08-07,10:51:00,N,nominal,2.0NRT,304.94,4.39,D,VIIRS
49.11241,37.91308,334.55,0.55,0.43,2026-08-07,10:51:00,N,nominal,2.0NRT,300.94,5.02,D,VIIRS
49.08893,37.83291,338.65,0.55,0.43,2026-08-07,10:51:00,N,nominal,2.0NRT,303.8,7.69,D,VIIRS
49.09382,38.15416,332.61,0.57,0.43,2026-08-07,10:51:00,N,low,2.0NRT,304.45,5.49,D,VIIRS
49.14513,38.82195,351.07,0.4,0.44,2026-08-07,10:51:00,N,nominal,2.0NRT,309.28,7.38,D,VIIRS
49.14103,38.8228,348.48,0.4,0.44,2026-08-07,10:51:00,N,nominal,2.0NRT,312.5,9.07,D,VIIRS
49.14151,38.82832,338.18,0.4,0.44,2026-08-07,10:51:00,N,low,2.0NRT,308.43,7.82,D,VIIRS
48.72702,34.88864,355.03,0.43,0.38,2026-08-07,10:51:00,N,nominal,2.0NRT,305.9,13.07,D,VIIRS
48.72424,34.89551,347.41,0.43,0.38,2026-08-07,10:51:00,N,nominal,2.0NRT,305.34,18.24,D,VIIRS
48.72074,34.89647,348.99,0.43,0.38,2026-08-07,10:51:00,N,nominal,2.0NRT,309.59,18.24,D,VIIRS
48.71795,34.90334,347.48,0.43,0.38,2026-08-07,10:51:00,N,nominal,2.0NRT,306.41,10.44,D,VIIRS
48.71445,34.9043,347.81,0.43,0.38,2026-08-07,10:51:00,N,nominal,2.0NRT,308.6,10.44,D,VIIRS
48.71095,34.90526,340.79,0.43,0.38,2026-08-07,10:51:00,N,nominal,2.0NRT,305.35,2.75,D,VIIRS
48.81718,35.84707,340.94,0.46,0.39,2026-08-07,10:51:00,N,low,2.0NRT,312.02,12.89,D,VIIRS
48.8042,35.83081,354.43,0.46,0.39,2026-08-07,10:51:00,N,nominal,2.0NRT,312.33,8.66,D,VIIRS
48.20035,31.3205,334.89,0.38,0.36,2026-08-07,10:51:00,N,low,2.0NRT,307.08,2.53,D,VIIRS
48.84861,36.30335,355.51,0.48,0.4,2026-08-07,10:51:00,N,nominal,2.0NRT,313.34,17.76,D,VIIRS
48.19301,31.31764,340.86,0.38,0.36,2026-08-07,10:51:00,N,low,2.0NRT,310.93,7.21,D,VIIRS
48.92589,37.12246,338.24,0.51,0.41,2026-08-07,10:51:00,N,nominal,2.0NRT,306.66,2.98,D,VIIRS
49.00707,37.96812,342.75,0.55,0.43,2026-08-07,10:51:00,N,nominal,2.0NRT,304.87,10.49,D,VIIRS
48.18726,31.32502,345.73,0.38,0.36,2026-08-07,10:51:00,N,nominal,2.0NRT,314.33,7.64,D,VIIRS
48.49938,22.41075,336.04,0.5,0.66,2026-08-07,12:32:00,N,nominal,2.0NRT,293.49,9.94,D,VIIRS
48.49931,22.40372,367,0.5,0.66,2026-08-07,12:32:00,N,high,2.0NRT,295.65,9.94,D,VIIRS
48.83177,35.10056,306.63,0.33,0.55,2026-08-07,23:03:00,N,nominal,2.0NRT,290.03,0.4,N,VIIRS
48.78468,31.19714,337.61,0.5,0.66,2026-08-07,23:03:00,N,nominal,2.0NRT,287.94,9.07,N,VIIRS
48.2913,37.17937,301.69,0.53,0.5,2026-08-07,23:03:00,N,nominal,2.0NRT,290.59,1.25,N,VIIRS
48.403,35.60421,305.16,0.62,0.54,2026-08-07,23:03:00,N,nominal,2.0NRT,290.01,1.85,N,VIIRS
48.40346,35.59551,303.15,0.62,0.54,2026-08-07,23:03:00,N,nominal,2.0NRT,289.84,1.59,N,VIIRS
48.47469,34.62682,305.02,0.35,0.56,2026-08-07,23:03:00,N,nominal,2.0NRT,292.01,1.06,N,VIIRS
48.39975,36.82705,318.18,0.55,0.51,2026-08-07,23:03:00,N,nominal,2.0NRT,290.52,3.69,N,VIIRS
48.45106,36.45251,299.78,0.57,0.52,2026-08-07,23:03:00,N,nominal,2.0NRT,288.75,1.11,N,VIIRS
48.56761,34.91093,303.72,0.34,0.56,2026-08-07,23:03:00,N,nominal,2.0NRT,289.79,3.67,N,VIIRS
48.56739,34.91561,367,0.34,0.56,2026-08-07,23:03:00,N,high,2.0NRT,292.92,3.67,N,VIIRS
48.5679,34.91452,367,0.34,0.56,2026-08-07,23:03:00,N,high,2.0NRT,293.31,7.2,N,VIIRS
48.47604,37.07268,301.91,0.54,0.5,2026-08-07,23:03:00,N,nominal,2.0NRT,290.76,0.91,N,VIIRS
48.78477,31.19032,354.15,0.5,0.66,2026-08-07,23:03:00,N,nominal,2.0NRT,288.58,13.91,N,VIIRS
48.78327,31.18744,308.25,0.5,0.66,2026-08-07,23:03:00,N,nominal,2.0NRT,287.61,5.44,N,VIIRS
48.78321,31.1943,348.58,0.5,0.66,2026-08-07,23:03:00,N,nominal,2.0NRT,288.1,5.44,N,VIIRS
48.46489,38.75473,307.87,0.45,0.47,2026-08-07,23:03:00,N,nominal,2.0NRT,293.49,2.41,N,VIIRS
48.78943,31.1875,313.76,0.5,0.66,2026-08-07,23:03:00,N,nominal,2.0NRT,287.86,4.51,N,VIIRS
48.78937,31.19438,337.81,0.5,0.66,2026-08-07,23:03:00,N,nominal,2.0NRT,288.31,4.51,N,VIIRS
48.602290000000004,36.96183,300.76,0.54,0.51,2026-08-07,23:03:00,N,nominal,2.0NRT,288.85,0.74,N,VIIRS
48.73417,35.76426,306.68,0.62,0.54,2026-08-07,23:03:00,N,nominal,2.0NRT,289.73,1.43,N,VIIRS
48.81398,35.14969,306.74,0.33,0.55,2026-08-07,23:03:00,N,nominal,2.0NRT,290.17,0.69,N,VIIRS
48.81913,35.15027,303.05,0.33,0.55,2026-08-07,23:03:00,N,nominal,2.0NRT,289.01,0.27,N,VIIRS
49.01209,30.44067,299.74,0.54,0.68,2026-08-07,23:03:00,N,nominal,2.0NRT,286.61,0.62,N,VIIRS
48.82318,36.27074,303.09,0.59,0.53,2026-08-07,23:03:00,N,nominal,2.0NRT,290.97,1.72,N,VIIRS
49.02716,35.17865,310.06,0.33,0.55,2026-08-07,23:03:00,N,nominal,2.0NRT,289.83,0.81,N,VIIRS
49.02737,35.17403,309.07,0.33,0.55,2026-08-07,23:03:00,N,nominal,2.0NRT,289.58,0.81,N,VIIRS
49.18445,33.45742,303.4,0.4,0.6,2026-08-07,23:03:00,N,nominal,2.0NRT,289.39,0.53,N,VIIRS
49.15272,36.5554,300.68,0.57,0.52,2026-08-07,23:03:00,N,nominal,2.0NRT,289.46,1.05,N,VIIRS
49.90049,37.19238,300.25,0.55,0.51,2026-08-07,23:03:00,N,nominal,2.0NRT,288.09,2.78,N,VIIRS
49.97908,37.54889,304.36,0.53,0.5,2026-08-07,23:03:00,N,nominal,2.0NRT,288.28,0.83,N,VIIRS
49.98422,37.54207,304.28,0.53,0.5,2026-08-07,23:03:00,N,nominal,2.0NRT,288.15,0.83,N,VIIRS
50.22863,33.3473,306.99,0.41,0.6,2026-08-07,23:03:00,N,nominal,2.0NRT,288.43,0.82,N,VIIRS
50.3031,33.84306,306.39,0.39,0.59,2026-08-07,23:03:00,N,nominal,2.0NRT,288.22,0.33,N,VIIRS
50.45327,35.26019,298.08,0.34,0.56,2026-08-07,23:03:00,N,nominal,2.0NRT,287.91,0.48,N,VIIRS
50.81508,35.09785,312.25,0.34,0.56,2026-08-07,23:03:00,N,nominal,2.0NRT,288.55,0.81,N,VIIRS
51.03048,34.92981,312.02,0.35,0.57,2026-08-07,23:03:00,N,nominal,2.0NRT,288.52,0.76,N,VIIRS
47.18421,33.0232,303.17,0.4,0.6,2026-08-07,23:05:00,N,nominal,2.0NRT,289.33,1.38,N,VIIRS
47.18404,33.02873,307.47,0.4,0.6,2026-08-07,23:05:00,N,nominal,2.0NRT,288.74,0.88,N,VIIRS
46.66861,36.00264,325.06,0.58,0.52,2026-08-07,23:05:00,N,nominal,2.0NRT,290.83,3.1,N,VIIRS
45.67533,28.94983,302.37,0.62,0.71,2026-08-07,23:05:00,N,nominal,2.0NRT,287.93,0.47,N,VIIRS
46.86415,32.99324,304.41,0.4,0.6,2026-08-07,23:05:00,N,nominal,2.0NRT,289.53,1.28,N,VIIRS
46.87062,32.80633,305.24,0.41,0.61,2026-08-07,23:05:00,N,nominal,2.0NRT,289.2,1.22,N,VIIRS
46.87099,32.79541,302.81,0.41,0.61,2026-08-07,23:05:00,N,nominal,2.0NRT,289.04,1.79,N,VIIRS
46.87666,32.79591,300.55,0.41,0.61,2026-08-07,23:05:00,N,nominal,2.0NRT,288.79,0.74,N,VIIRS
46.88234,32.7963,300.77,0.41,0.61,2026-08-07,23:05:00,N,nominal,2.0NRT,288.7,0.74,N,VIIRS
46.8723,32.80559,304.67,0.41,0.61,2026-08-07,23:05:00,N,nominal,2.0NRT,289.66,2.35,N,VIIRS
46.87262,32.79461,306.24,0.41,0.61,2026-08-07,23:05:00,N,nominal,2.0NRT,289.41,1.77,N,VIIRS
46.91245,32.97458,325.06,0.4,0.6,2026-08-07,23:05:00,N,nominal,2.0NRT,290.26,5.43,N,VIIRS
46.91262,32.96912,348.19,0.4,0.6,2026-08-07,23:05:00,N,nominal,2.0NRT,290.21,5.43,N,VIIRS
46.9128,32.9637,350.81,0.4,0.6,2026-08-07,23:05:00,N,nominal,2.0NRT,290.64,11.55,N,VIIRS
46.91807,32.97504,303.55,0.4,0.6,2026-08-07,23:05:00,N,nominal,2.0NRT,289.43,1.27,N,VIIRS
46.91842,32.96412,303.6,0.4,0.6,2026-08-07,23:05:00,N,nominal,2.0NRT,289.17,3.29,N,VIIRS
46.91825,32.96957,333.39,0.4,0.6,2026-08-07,23:05:00,N,nominal,2.0NRT,290.14,1.27,N,VIIRS
46.9237,32.97549,306.75,0.4,0.6,2026-08-07,23:05:00,N,nominal,2.0NRT,289.68,1.27,N,VIIRS
46.92388,32.97003,303.73,0.4,0.6,2026-08-07,23:05:00,N,nominal,2.0NRT,289.26,1.27,N,VIIRS
46.92513,33.10066,322.94,0.4,0.6,2026-08-07,23:05:00,N,nominal,2.0NRT,289.46,1.62,N,VIIRS
46.93072,33.10113,314.47,0.4,0.6,2026-08-07,23:05:00,N,nominal,2.0NRT,289.55,1.62,N,VIIRS
46.77745,36.55888,307.25,0.54,0.51,2026-08-07,23:05:00,N,nominal,2.0NRT,291.23,1.08,N,VIIRS
46.80945,36.05833,306.1,0.58,0.52,2026-08-07,23:05:00,N,nominal,2.0NRT,285.37,2.06,N,VIIRS
47.03508,31.49601,303.99,0.47,0.64,2026-08-07,23:05:00,N,nominal,2.0NRT,288.82,1.89,N,VIIRS
47.03522,31.48948,321.51,0.47,0.64,2026-08-07,23:05:00,N,nominal,2.0NRT,288.71,1.89,N,VIIRS
47.03663,31.4952,319.75,0.47,0.64,2026-08-07,23:05:00,N,nominal,2.0NRT,289.58,3.64,N,VIIRS
47.03675,31.48862,333.35,0.48,0.64,2026-08-07,23:05:00,N,nominal,2.0NRT,289.11,4.74,N,VIIRS
47.04278,31.4892,304.9,0.48,0.64,2026-08-07,23:05:00,N,nominal,2.0NRT,289.24,4.74,N,VIIRS
47.04266,31.49573,332.59,0.47,0.64,2026-08-07,23:05:00,N,nominal,2.0NRT,290.05,3.64,N,VIIRS
47.04868,31.49607,299.11,0.47,0.64,2026-08-07,23:05:00,N,nominal,2.0NRT,288.55,0.35,N,VIIRS
46.87281,36.34854,299.13,0.56,0.51,2026-08-07,23:05:00,N,nominal,2.0NRT,286,2.81,N,VIIRS
47.07461,33.10241,311,0.4,0.6,2026-08-07,23:05:00,N,nominal,2.0NRT,289.52,1.56,N,VIIRS
47.075,33.09159,311.13,0.4,0.6,2026-08-07,23:05:00,N,nominal,2.0NRT,288.99,3.28,N,VIIRS
47.09291,37.75336,318.54,0.48,0.48,2026-08-07,23:05:00,N,nominal,2.0NRT,290.46,1.7,N,VIIRS
47.09689,37.76064,303.97,0.48,0.48,2026-08-07,23:05:00,N,nominal,2.0NRT,288.86,3.16,N,VIIRS
47.09737,37.75426,312.94,0.48,0.48,2026-08-07,23:05:00,N,nominal,2.0NRT,292.14,1.7,N,VIIRS
47.5668,31.08753,304.92,0.5,0.66,2026-08-07,23:05:00,N,nominal,2.0NRT,288.81,1.1,N,VIIRS
47.62177,29.86371,301.09,0.57,0.69,2026-08-07,23:05:00,N,nominal,2.0NRT,287.67,0.82,N,VIIRS
47.30885,37.93861,311.05,0.48,0.48,2026-08-07,23:05:00,N,nominal,2.0NRT,283.34,2.17,N,VIIRS
47.39899,37.97352,320.32,0.48,0.48,2026-08-07,23:05:00,N,nominal,2.0NRT,291.85,3.8,N,VIIRS
47.81566,31.84408,300.93,0.46,0.64,2026-08-07,23:05:00,N,nominal,2.0NRT,290.36,0.45,N,VIIRS
47.80394,32.9365,300.05,0.41,0.61,2026-08-07,23:05:00,N,nominal,2.0NRT,288.43,0.6,N,VIIRS
47.80606,32.93704,301.33,0.41,0.61,2026-08-07,23:05:00,N,nominal,2.0NRT,288.36,0.29,N,VIIRS
47.85776,33.44841,367,0.39,0.59,2026-08-07,23:05:00,N,high,2.0NRT,291.28,9.24,N,VIIRS
47.85794,33.44304,344.35,0.39,0.59,2026-08-07,23:05:00,N,nominal,2.0NRT,290.96,11.69,N,VIIRS
47.70025,36.82458,317.21,0.54,0.51,2026-08-07,23:05:00,N,nominal,2.0NRT,290.65,3.27,N,VIIRS
47.8694,33.43315,314.13,0.39,0.59,2026-08-07,23:05:00,N,nominal,2.0NRT,290.32,1.27,N,VIIRS
47.86959,33.42774,301.56,0.39,0.59,2026-08-07,23:05:00,N,nominal,2.0NRT,289.87,1.27,N,VIIRS
47.87589,33.40674,308.7,0.39,0.59,2026-08-07,23:05:00,N,nominal,2.0NRT,291.82,2.13,N,VIIRS
47.88182,33.39634,306.17,0.39,0.59,2026-08-07,23:05:00,N,nominal,2.0NRT,291.62,2.56,N,VIIRS
47.78942,35.57721,302.15,0.62,0.54,2026-08-07,23:05:00,N,nominal,2.0NRT,288.26,0.57,N,VIIRS
47.70307,37.20285,306.56,0.52,0.5,2026-08-07,23:05:00,N,nominal,2.0NRT,289.91,1.91,N,VIIRS
47.70406,37.18866,304.15,0.52,0.5,2026-08-07,23:05:00,N,nominal,2.0NRT,290.52,1.07,N,VIIRS
47.70675,37.18756,303.16,0.52,0.5,2026-08-07,23:05:00,N,nominal,2.0NRT,290.62,1.6,N,VIIRS
48.05164,31.63461,296.78,0.47,0.64,2026-08-07,23:05:00,N,nominal,2.0NRT,284.88,1.8,N,VIIRS
47.89118,35.98664,303.01,0.59,0.53,2026-08-07,23:05:00,N,nominal,2.0NRT,289.13,1.85,N,VIIRS
47.89272,35.9851,307.77,0.59,0.53,2026-08-07,23:05:00,N,nominal,2.0NRT,289.1,1.26,N,VIIRS
48.04713,31.63384,298.18,0.47,0.64,2026-08-07,23:05:00,N,nominal,2.0NRT,283.4,1.29,N,VIIRS
48.02876,33.73901,305.03,0.38,0.59,2026-08-07,23:05:00,N,nominal,2.0NRT,288.89,0.43,N,VIIRS
47.89257,37.44852,313.88,0.51,0.49,2026-08-07,23:05:00,N,nominal,2.0NRT,290.66,1.3,N,VIIRS
47.89305,37.44162,307.87,0.51,0.49,2026-08-07,23:05:00,N,nominal,2.0NRT,290.56,1.87,N,VIIRS
47.89714,37.44931,303.75,0.51,0.49,2026-08-07,23:05:00,N,nominal,2.0NRT,290.65,1.3,N,VIIRS
47.89619,37.44784,307.46,0.51,0.49,2026-08-07,23:05:00,N,nominal,2.0NRT,290.3,1.92,N,VIIRS
47.85067,38.75047,305.08,0.44,0.46,2026-08-07,23:05:00,N,nominal,2.0NRT,291.56,0.45,N,VIIRS
48.33308,36.42352,315.44,0.57,0.52,2026-08-07,23:05:00,N,nominal,2.0NRT,289.16,4.06,N,VIIRS
48.28105,37.19244,329.49,0.53,0.5,2026-08-07,23:05:00,N,nominal,2.0NRT,292.06,2.77,N,VIIRS
48.29248,33.73922,319.85,0.38,0.59,2026-08-07,23:05:00,N,nominal,2.0NRT,291.55,1.55,N,VIIRS
48.05376,35.95381,301.81,0.6,0.53,2026-08-07,23:05:00,N,nominal,2.0NRT,289.92,0.97,N,VIIRS
47.9385,37.57292,318.5,0.5,0.49,2026-08-07,23:05:00,N,nominal,2.0NRT,292.51,2.58,N,VIIRS
47.08021,33.10286,304.63,0.4,0.6,2026-08-07,23:05:00,N,nominal,2.0NRT,289.17,1.56,N,VIIRS
47.0808,33.08661,347.66,0.4,0.6,2026-08-07,23:05:00,N,nominal,2.0NRT,290.39,3.28,N,VIIRS
47.07175,33.10197,309.26,0.4,0.6,2026-08-07,23:05:00,N,nominal,2.0NRT,289.78,1.03,N,VIIRS
46.13367,29.46161,305.22,0.59,0.7,2026-08-07,23:05:00,N,nominal,2.0NRT,288.4,1.15,N,VIIRS
46.1359,29.4571,299.05,0.59,0.7,2026-08-07,23:05:00,N,nominal,2.0NRT,288.01,0.85,N,VIIRS
46.67855,33.06138,314.81,0.4,0.6,2026-08-07,23:05:00,N,nominal,2.0NRT,288.99,1.88,N,VIIRS
46.67873,33.05601,319.31,0.4,0.6,2026-08-07,23:05:00,N,nominal,2.0NRT,290.07,1.88,N,VIIRS
46.68415,33.06187,339.86,0.4,0.6,2026-08-07,23:05:00,N,nominal,2.0NRT,290.91,2.64,N,VIIRS
46.68433,33.05651,339.13,0.4,0.6,2026-08-07,23:05:00,N,nominal,2.0NRT,291.4,2.64,N,VIIRS
46.68975,33.06231,317.92,0.4,0.6,2026-08-07,23:05:00,N,nominal,2.0NRT,290.2,2.64,N,VIIRS
46.68993,33.05695,300.94,0.4,0.6,2026-08-07,23:05:00,N,nominal,2.0NRT,288.97,2.64,N,VIIRS
46.69535,33.06272,300.27,0.4,0.6,2026-08-07,23:05:00,N,nominal,2.0NRT,288.04,0.88,N,VIIRS
46.78997,32.77455,306.97,0.41,0.61,2026-08-07,23:05:00,N,nominal,2.0NRT,289.29,1.06,N,VIIRS
46.79191,32.77805,305.25,0.41,0.61,2026-08-07,23:05:00,N,nominal,2.0NRT,289.66,0.76,N,VIIRS
47.29372,33.53878,309.32,0.38,0.59,2026-08-07,23:05:00,N,nominal,2.0NRT,284.5,2.52,N,VIIRS
47.34327,30.11716,300.2,0.55,0.68,2026-08-07,23:05:00,N,nominal,2.0NRT,287.9,0.97,N,VIIRS
47.34324,30.12506,298.82,0.55,0.68,2026-08-07,23:05:00,N,nominal,2.0NRT,287.87,0.95,N,VIIRS
47.34285,30.12482,301,0.55,0.68,2026-08-07,23:05:00,N,nominal,2.0NRT,288.17,1.33,N,VIIRS
47.30877,31.2573,302.71,0.49,0.65,2026-08-07,23:05:00,N,nominal,2.0NRT,288.43,0.77,N,VIIRS
47.30267,31.2571,349.14,0.49,0.65,2026-08-07,23:05:00,N,nominal,2.0NRT,290.3,3.73,N,VIIRS
47.30256,31.26376,301.27,0.49,0.65,2026-08-07,23:05:00,N,nominal,2.0NRT,288.46,3.73,N,VIIRS
47.25834,31.35476,302.34,0.48,0.65,2026-08-07,23:05:00,N,nominal,2.0NRT,287.91,0.75,N,VIIRS
46.66646,31.36153,306.14,0.48,0.65,2026-08-07,23:05:00,N,nominal,2.0NRT,289.45,0.61,N,VIIRS
46.56824,32.90684,301.74,0.4,0.6,2026-08-07,23:05:00,N,nominal,2.0NRT,289.61,0.61,N,VIIRS
46.52241,32.67074,299.18,0.41,0.61,2026-08-07,23:05:00,N,nominal,2.0NRT,288.24,0.53,N,VIIRS
46.52224,32.67633,307.48,0.41,0.61,2026-08-07,23:05:00,N,nominal,2.0NRT,289.17,0.53,N,VIIRS
46.51672,32.67032,314.51,0.41,0.61,2026-08-07,23:05:00,N,nominal,2.0NRT,289.02,1.2,N,VIIRS
46.51654,32.67591,307.92,0.41,0.61,2026-08-07,23:05:00,N,nominal,2.0NRT,289.78,1.2,N,VIIRS
46.50166,32.78593,308.06,0.41,0.61,2026-08-07,23:05:00,N,nominal,2.0NRT,290.68,1.34,N,VIIRS
46.36033,35.15197,308.38,0.63,0.54,2026-08-07,23:05:00,N,nominal,2.0NRT,290.15,2.78,N,VIIRS
46.3574,35.14621,316.29,0.63,0.54,2026-08-07,23:05:00,N,nominal,2.0NRT,290.38,3.54,N,VIIRS
46.3971,32.43115,313.63,0.43,0.62,2026-08-07,23:05:00,N,nominal,2.0NRT,289.84,0.75,N,VIIRS
46.39693,32.43687,303.5,0.42,0.61,2026-08-07,23:05:00,N,nominal,2.0NRT,289.71,0.75,N,VIIRS
46.39135,32.43076,303.12,0.43,0.62,2026-08-07,23:05:00,N,nominal,2.0NRT,290.1,0.75,N,VIIRS
46.35743,32.40535,304.14,0.43,0.62,2026-08-07,23:05:00,N,nominal,2.0NRT,289.58,0.94,N,VIIRS
46.3568,32.40805,310.67,0.43,0.62,2026-08-07,23:05:00,N,nominal,2.0NRT,289.52,0.88,N,VIIRS
46.28502,32.68447,302.11,0.41,0.61,2026-08-07,23:05:00,N,nominal,2.0NRT,289.83,0.82,N,VIIRS
47.07769,33.09163,309.57,0.4,0.6,2026-08-07,23:05:00,N,nominal,2.0NRT,289.46,3.74,N,VIIRS
47.07786,33.0862,331.75,0.4,0.6,2026-08-07,23:05:00,N,nominal,2.0NRT,288.87,3.16,N,VIIRS
47.08295,33.10291,302.89,0.4,0.6,2026-08-07,23:05:00,N,nominal,2.0NRT,289.64,1.21,N,VIIRS
47.08347,33.08666,328.07,0.4,0.6,2026-08-07,23:05:00,N,nominal,2.0NRT,289.71,3.16,N,VIIRS
47.14711,32.67362,304.27,0.42,0.61,2026-08-07,23:05:00,N,nominal,2.0NRT,288.54,0.81,N,VIIRS
47.18692,33.02252,305.63,0.4,0.6,2026-08-07,23:05:00,N,nominal,2.0NRT,289.38,0.87,N,VIIRS
47.18673,33.02806,305.71,0.4,0.6,2026-08-07,23:05:00,N,nominal,2.0NRT,289.18,0.87,N,VIIRS
47.18092,33.03309,301.01,0.4,0.6,2026-08-07,23:05:00,N,nominal,2.0NRT,288.58,0.81,N,VIIRS
46.06772,29.81129,300.36,0.56,0.69,2026-08-07,23:05:00,N,nominal,2.0NRT,288.42,0.85,N,VIIRS
46.28484,32.69001,309.01,0.41,0.61,2026-08-07,23:05:00,N,nominal,2.0NRT,289.76,0.82,N,VIIRS
46.1747,33.04403,304.03,0.4,0.6,2026-08-07,23:05:00,N,nominal,2.0NRT,288.38,0.72,N,VIIRS
