latitude,longitude,bright_ti4,scan,track,acq_date,acq_time,satellite,confidence,version,bright_ti5,frp,daynight,instrument
50.4915,30.82389,316.6,0.42,0.38,2026-08-05,00:01:00,N,nominal,2.0NRT,274.29,5.44,N,VIIRS
50.4873,30.82877,298.62,0.42,0.38,2026-08-05,00:01:00,N,nominal,2.0NRT,280.94,0.85,N,VIIRS
50.52789,30.47898,331.02,0.43,0.38,2026-08-05,00:01:00,N,nominal,2.0NRT,286.31,7.3,N,VIIRS
50.69323,28.73646,304.05,0.49,0.4,2026-08-05,00:01:00,N,nominal,2.0NRT,289.07,0.58,N,VIIRS
50.68953,28.73546,300.44,0.49,0.4,2026-08-05,00:01:00,N,nominal,2.0NRT,287.96,0.36,N,VIIRS
50.45592,30.65125,316.63,0.43,0.38,2026-08-05,00:01:00,N,nominal,2.0NRT,284.87,2.06,N,VIIRS
50.45246,30.65018,339.35,0.43,0.38,2026-08-05,00:01:00,N,nominal,2.0NRT,291.6,29.17,N,VIIRS
50.45171,30.65617,301.34,0.43,0.38,2026-08-05,00:01:00,N,nominal,2.0NRT,280.56,1.18,N,VIIRS
49.45707,36.92806,306.66,0.41,0.37,2026-08-05,00:01:00,N,nominal,2.0NRT,290.26,1.38,N,VIIRS
49.45603,36.93361,303.2,0.41,0.37,2026-08-05,00:01:00,N,nominal,2.0NRT,289.73,0.8,N,VIIRS
50.44022,30.31302,338.38,0.44,0.38,2026-08-05,00:01:00,N,nominal,2.0NRT,306.06,20.03,N,VIIRS
50.44098,30.30689,304.13,0.44,0.38,2026-08-05,00:01:00,N,nominal,2.0NRT,290.53,20.03,N,VIIRS
50.43673,30.31195,340.84,0.44,0.38,2026-08-05,00:01:00,N,nominal,2.0NRT,307.5,27.7,N,VIIRS
50.43324,30.3109,337.79,0.44,0.38,2026-08-05,00:01:00,N,nominal,2.0NRT,291.32,27.7,N,VIIRS
50.40572,30.41636,329.07,0.43,0.38,2026-08-05,00:01:00,N,nominal,2.0NRT,291.14,8.48,N,VIIRS
50.40496,30.42243,322.45,0.43,0.38,2026-08-05,00:01:00,N,nominal,2.0NRT,291.69,7.2,N,VIIRS
50.40223,30.4153,306.28,0.43,0.38,2026-08-05,00:01:00,N,nominal,2.0NRT,288.85,1.41,N,VIIRS
50.40148,30.42138,304.14,0.43,0.38,2026-08-05,00:01:00,N,nominal,2.0NRT,288.31,1.1,N,VIIRS
49.50027,36.20652,303.68,0.4,0.37,2026-08-05,00:01:00,N,nominal,2.0NRT,288.35,0.41,N,VIIRS
50.54328,26.25907,322.1,0.4,0.44,2026-08-05,00:01:00,N,nominal,2.0NRT,293.89,2.6,N,VIIRS
49.00554,37.16089,305.61,0.42,0.38,2026-08-05,00:01:00,N,nominal,2.0NRT,287.77,0.67,N,VIIRS
48.91798,37.03675,303.74,0.42,0.38,2026-08-05,00:01:00,N,nominal,2.0NRT,289.22,0.84,N,VIIRS
49.03328,36.06812,309.4,0.4,0.37,2026-08-05,00:01:00,N,nominal,2.0NRT,289.22,0.96,N,VIIRS
48.85909,35.19673,307.58,0.39,0.36,2026-08-05,00:01:00,N,nominal,2.0NRT,290.57,0.64,N,VIIRS
50.20767,24.01449,309.49,0.49,0.49,2026-08-05,00:01:00,N,nominal,2.0NRT,293.35,2.49,N,VIIRS
48.51893,35.97674,319.88,0.4,0.37,2026-08-05,00:01:00,N,nominal,2.0NRT,290.39,1.36,N,VIIRS
48.51884,35.97554,304.67,0.4,0.37,2026-08-05,00:01:00,N,nominal,2.0NRT,290.15,1.63,N,VIIRS
48.51788,35.98092,319.75,0.4,0.37,2026-08-05,00:01:00,N,nominal,2.0NRT,289.99,1.63,N,VIIRS
48.51456,35.97955,328.1,0.4,0.37,2026-08-05,00:01:00,N,nominal,2.0NRT,289.1,1.63,N,VIIRS
48.51553,35.97418,302.8,0.4,0.37,2026-08-05,00:01:00,N,nominal,2.0NRT,289.48,1.63,N,VIIRS
48.50997,35.74837,308.29,0.4,0.37,2026-08-05,00:01:00,N,nominal,2.0NRT,288.86,0.76,N,VIIRS
49.91912,24.14169,303.52,0.48,0.48,2026-08-05,00:01:00,N,nominal,2.0NRT,291.38,2.3,N,VIIRS
48.44289,35.60658,302.65,0.4,0.37,2026-08-05,00:01:00,N,nominal,2.0NRT,289.58,0.45,N,VIIRS
48.49669,35.10037,312.25,0.39,0.36,2026-08-05,00:01:00,N,nominal,2.0NRT,293.01,0.66,N,VIIRS
48.53453,34.62088,302.72,0.39,0.36,2026-08-05,00:01:00,N,nominal,2.0NRT,292.16,0.77,N,VIIRS
48.53127,34.61963,306.21,0.39,0.36,2026-08-05,00:01:00,N,nominal,2.0NRT,292.58,0.77,N,VIIRS
48.52386,34.62229,305.59,0.39,0.36,2026-08-05,00:01:00,N,nominal,2.0NRT,291.84,0.62,N,VIIRS
48.51886,34.63137,305.59,0.39,0.36,2026-08-05,00:01:00,N,nominal,2.0NRT,292.08,0.69,N,VIIRS
48.4738,34.63045,299.6,0.39,0.36,2026-08-05,00:01:00,N,nominal,2.0NRT,289.08,0.73,N,VIIRS
48.14589,36.06689,311.76,0.41,0.37,2026-08-05,00:01:00,N,nominal,2.0NRT,289.19,1.15,N,VIIRS
47.97386,36.75456,300.12,0.42,0.38,2026-08-05,00:01:00,N,nominal,2.0NRT,287.9,1.43,N,VIIRS
47.69781,37.57827,295.04,0.45,0.39,2026-08-05,00:01:00,N,nominal,2.0NRT,281.83,0.64,N,VIIRS
47.42878,37.56007,303.87,0.45,0.39,2026-08-05,00:01:00,N,nominal,2.0NRT,286.51,0.98,N,VIIRS
47.80019,35.57825,305.52,0.4,0.37,2026-08-05,00:01:00,N,nominal,2.0NRT,287.72,0.59,N,VIIRS
47.42412,37.56446,296.46,0.45,0.39,2026-08-05,00:01:00,N,nominal,2.0NRT,283,0.98,N,VIIRS
47.86718,35.16187,307.39,0.4,0.37,2026-08-05,00:01:00,N,nominal,2.0NRT,292.42,1.8,N,VIIRS
47.86571,35.15018,305.63,0.4,0.37,2026-08-05,00:01:00,N,nominal,2.0NRT,294.68,1.32,N,VIIRS
47.80772,35.45718,316.99,0.4,0.37,2026-08-05,00:01:00,N,nominal,2.0NRT,288.64,1.41,N,VIIRS
47.86004,35.14242,313.06,0.4,0.37,2026-08-05,00:01:00,N,nominal,2.0NRT,294.08,1.54,N,VIIRS
47.68816,36.03593,304.37,0.41,0.37,2026-08-05,00:01:00,N,nominal,2.0NRT,287.29,0.47,N,VIIRS
47.66544,35.65373,308.51,0.41,0.37,2026-08-05,00:01:00,N,nominal,2.0NRT,285.82,0.78,N,VIIRS
47.31602,37.43465,299.62,0.45,0.39,2026-08-05,00:01:00,N,nominal,2.0NRT,285.25,0.73,N,VIIRS
47.73577,35.18168,309.06,0.4,0.37,2026-08-05,00:01:00,N,nominal,2.0NRT,291.04,1.86,N,VIIRS
47.73248,35.1804,326.75,0.4,0.37,2026-08-05,00:01:00,N,nominal,2.0NRT,292.65,1.86,N,VIIRS
45.63007,28.54641,313.2,0.44,0.38,2026-08-05,00:01:00,N,nominal,2.0NRT,293.59,1.33,N,VIIRS
45.63077,28.54076,321.6,0.44,0.38,2026-08-05,00:01:00,N,nominal,2.0NRT,293.24,1.33,N,VIIRS
45.63358,28.54732,310.62,0.44,0.38,2026-08-05,00:01:00,N,nominal,2.0NRT,293.1,1.33,N,VIIRS
45.56837,29.12206,301.66,0.42,0.38,2026-08-05,00:01:00,N,nominal,2.0NRT,290.78,0.54,N,VIIRS
45.56907,29.11667,303.6,0.42,0.38,2026-08-05,00:01:00,N,nominal,2.0NRT,292.03,0.54,N,VIIRS
45.64695,28.55655,305.07,0.44,0.38,2026-08-05,00:01:00,N,nominal,2.0NRT,292.5,1.42,N,VIIRS
45.64625,28.56216,323.78,0.44,0.38,2026-08-05,00:01:00,N,nominal,2.0NRT,294.61,1.42,N,VIIRS
45.61489,29.56696,311.58,0.41,0.37,2026-08-05,00:01:00,N,nominal,2.0NRT,290.54,0.97,N,VIIRS
46.01159,29.88987,302,0.41,0.37,2026-08-05,00:01:00,N,nominal,2.0NRT,290.08,0.71,N,VIIRS
46.03582,30.20044,300.97,0.4,0.37,2026-08-05,00:01:00,N,nominal,2.0NRT,290.84,0.6,N,VIIRS
46.18414,32.32005,306.44,0.38,0.36,2026-08-05,00:01:00,N,nominal,2.0NRT,289.49,0.57,N,VIIRS
46.37765,32.35363,321.17,0.38,0.36,2026-08-05,00:01:00,N,nominal,2.0NRT,291.72,1.67,N,VIIRS
46.4926,32.76986,315.26,0.38,0.36,2026-08-05,00:01:00,N,nominal,2.0NRT,291.52,1.34,N,VIIRS
46.5444,32.70387,304.13,0.38,0.36,2026-08-05,00:01:00,N,nominal,2.0NRT,291.73,0.37,N,VIIRS
46.56373,32.89955,331.95,0.38,0.36,2026-08-05,00:01:00,N,nominal,2.0NRT,292.77,2.98,N,VIIRS
46.62642,32.72244,302.4,0.38,0.36,2026-08-05,00:01:00,N,nominal,2.0NRT,292.34,0.91,N,VIIRS
46.67679,32.7046,324.06,0.38,0.36,2026-08-05,00:01:00,N,nominal,2.0NRT,291.69,2.08,N,VIIRS
46.68006,32.70569,321.87,0.38,0.36,2026-08-05,00:01:00,N,nominal,2.0NRT,291.94,1.78,N,VIIRS
46.61339,33.1638,311.64,0.38,0.36,2026-08-05,00:01:00,N,nominal,2.0NRT,290.41,1.07,N,VIIRS
46.84861,32.3025,301.43,0.38,0.36,2026-08-05,00:01:00,N,nominal,2.0NRT,289.81,0.46,N,VIIRS
46.85189,32.30357,302.89,0.38,0.36,2026-08-05,00:01:00,N,nominal,2.0NRT,289.54,0.37,N,VIIRS
46.85517,32.30465,301.99,0.38,0.36,2026-08-05,00:01:00,N,nominal,2.0NRT,290.02,0.37,N,VIIRS
47.14566,30.33852,304.19,0.41,0.37,2026-08-05,00:01:00,N,nominal,2.0NRT,292.25,0.55,N,VIIRS
47.14905,30.33951,304.15,0.41,0.37,2026-08-05,00:01:00,N,nominal,2.0NRT,291.98,0.53,N,VIIRS
47.01019,31.47744,303.38,0.39,0.36,2026-08-05,00:01:00,N,nominal,2.0NRT,290.17,0.64,N,VIIRS
46.45838,34.89482,314.73,0.4,0.37,2026-08-05,00:01:00,N,nominal,2.0NRT,288.9,1.13,N,VIIRS
47.01275,31.48359,305.55,0.39,0.36,2026-08-05,00:01:00,N,nominal,2.0NRT,290.33,0.64,N,VIIRS
46.46262,34.89093,299.95,0.4,0.37,2026-08-05,00:01:00,N,nominal,2.0NRT,288.02,0.84,N,VIIRS
46.81011,32.83441,331.41,0.38,0.36,2026-08-05,00:01:00,N,nominal,2.0NRT,290.9,2.55,N,VIIRS
46.46685,34.88704,313.27,0.4,0.37,2026-08-05,00:01:00,N,nominal,2.0NRT,288.76,1.29,N,VIIRS
47.21258,30.6704,303.53,0.4,0.37,2026-08-05,00:01:00,N,nominal,2.0NRT,289.78,0.38,N,VIIRS
47.21594,30.67139,304.38,0.4,0.37,2026-08-05,00:01:00,N,nominal,2.0NRT,290.45,0.38,N,VIIRS
46.51833,35.09618,308.6,0.4,0.37,2026-08-05,00:01:00,N,nominal,2.0NRT,288.72,1.1,N,VIIRS
46.84478,33.42623,303.38,0.39,0.36,2026-08-05,00:01:00,N,nominal,2.0NRT,291.81,0.57,N,VIIRS
48.36893,31.13757,305.29,0.4,0.37,2026-08-05,00:01:00,N,nominal,2.0NRT,289.8,0.86,N,VIIRS
47.72918,35.17912,304.53,0.4,0.37,2026-08-05,00:01:00,N,nominal,2.0NRT,289.79,1.06,N,VIIRS
47.7123,35.19481,305.85,0.4,0.37,2026-08-05,00:01:00,N,nominal,2.0NRT,291.05,1.66,N,VIIRS
47.71138,35.19999,316.74,0.4,0.37,2026-08-05,00:01:00,N,nominal,2.0NRT,293.34,1.8,N,VIIRS
47.70807,35.19872,329.62,0.4,0.37,2026-08-05,00:01:00,N,nominal,2.0NRT,292.03,1.8,N,VIIRS
47.709,35.19352,309.67,0.4,0.37,2026-08-05,00:01:00,N,nominal,2.0NRT,290.82,1.66,N,VIIRS
47.70135,35.15718,305.68,0.4,0.37,2026-08-05,00:01:00,N,nominal,2.0NRT,289.84,0.98,N,VIIRS
47.6579,35.30175,300.43,0.4,0.37,2026-08-05,00:01:00,N,nominal,2.0NRT,288,0.45,N,VIIRS
48.97667,24.70966,316.71,0.45,0.47,2026-08-05,00:01:00,N,nominal,2.0NRT,293.51,2.44,N,VIIRS
47.6769,34.83143,330.32,0.39,0.36,2026-08-05,00:01:00,N,nominal,2.0NRT,292.91,4.67,N,VIIRS
47.67601,34.83658,331.32,0.39,0.36,2026-08-05,00:01:00,N,nominal,2.0NRT,292.26,3.25,N,VIIRS
47.13074,37.6353,324.23,0.46,0.39,2026-08-05,00:01:00,N,nominal,2.0NRT,289.38,3.24,N,VIIRS
48.74823,26.60656,305.43,0.55,0.43,2026-08-05,00:01:00,N,nominal,2.0NRT,293.35,2.03,N,VIIRS
47.88168,33.39942,316.03,0.38,0.36,2026-08-05,00:01:00,N,nominal,2.0NRT,294.3,1.21,N,VIIRS
47.87679,33.4084,326.13,0.38,0.36,2026-08-05,00:01:00,N,nominal,2.0NRT,294.97,1.68,N,VIIRS
47.87598,33.41347,309.51,0.38,0.36,2026-08-05,00:01:00,N,nominal,2.0NRT,295.72,1.68,N,VIIRS
47.87516,33.41853,305.9,0.38,0.36,2026-08-05,00:01:00,N,nominal,2.0NRT,295.71,1.47,N,VIIRS
47.87191,33.43879,315.15,0.38,0.36,2026-08-05,00:01:00,N,nominal,2.0NRT,294.77,1.51,N,VIIRS
47.86946,33.43257,310.82,0.38,0.36,2026-08-05,00:01:00,N,nominal,2.0NRT,292.98,0.72,N,VIIRS
47.8662,33.43141,324.03,0.38,0.36,2026-08-05,00:01:00,N,nominal,2.0NRT,293.78,1.89,N,VIIRS
47.86943,33.38974,304.86,0.38,0.36,2026-08-05,00:01:00,N,nominal,2.0NRT,293.56,1.02,N,VIIRS
47.85968,33.45051,319.12,0.38,0.36,2026-08-05,00:01:00,N,nominal,2.0NRT,294.84,1.95,N,VIIRS
47.85641,33.44936,311.77,0.38,0.36,2026-08-05,00:01:00,N,nominal,2.0NRT,293.16,1.85,N,VIIRS
47.0896,37.38041,298.05,0.45,0.39,2026-08-05,00:01:00,N,nominal,2.0NRT,286.75,0.32,N,VIIRS
47.12187,37.18042,298.72,0.45,0.39,2026-08-05,00:01:00,N,nominal,2.0NRT,280.24,1.5,N,VIIRS
47.1184,37.17897,303.06,0.45,0.39,2026-08-05,00:01:00,N,nominal,2.0NRT,279.13,1.17,N,VIIRS
48.76642,25.34549,312.56,0.42,0.45,2026-08-05,00:01:00,N,nominal,2.0NRT,289.3,1.29,N,VIIRS
48.76225,25.34457,298.25,0.42,0.45,2026-08-05,00:01:00,N,nominal,2.0NRT,288.22,0.18,N,VIIRS
47.06873,37.33368,315.83,0.45,0.39,2026-08-05,00:01:00,N,nominal,2.0NRT,287.12,1.45,N,VIIRS
47.62302,33.83313,303.48,0.39,0.36,2026-08-05,00:01:00,N,nominal,2.0NRT,290.62,0.28,N,VIIRS
47.31067,35.45244,299.59,0.4,0.37,2026-08-05,00:01:00,N,nominal,2.0NRT,287.46,0.33,N,VIIRS
47.30735,35.45114,299.48,0.4,0.37,2026-08-05,00:01:00,N,nominal,2.0NRT,287.33,0.47,N,VIIRS
47.24741,35.62389,305.74,0.41,0.37,2026-08-05,00:01:00,N,nominal,2.0NRT,288.32,0.51,N,VIIRS
47.24408,35.62258,302.75,0.41,0.37,2026-08-05,00:01:00,N,nominal,2.0NRT,288.35,0.49,N,VIIRS
47.30508,35.22507,297.97,0.4,0.37,2026-08-05,00:01:00,N,nominal,2.0NRT,287.91,0.13,N,VIIRS
47.33818,34.93902,309.06,0.4,0.37,2026-08-05,00:01:00,N,nominal,2.0NRT,288.9,0.62,N,VIIRS
47.3367,34.92744,316.98,0.4,0.37,2026-08-05,00:01:00,N,nominal,2.0NRT,290.02,1.24,N,VIIRS
47.33579,34.93259,308.96,0.4,0.37,2026-08-05,00:01:00,N,nominal,2.0NRT,289.57,1.24,N,VIIRS
47.33431,34.92103,313.13,0.4,0.37,2026-08-05,00:01:00,N,nominal,2.0NRT,290.11,2.3,N,VIIRS
47.3334,34.92618,318.13,0.4,0.37,2026-08-05,00:01:00,N,nominal,2.0NRT,291.59,2.09,N,VIIRS
47.27724,35.24215,304.21,0.4,0.37,2026-08-05,00:01:00,N,nominal,2.0NRT,287.53,0.52,N,VIIRS
47.21556,35.58303,298.49,0.41,0.37,2026-08-05,00:01:00,N,nominal,2.0NRT,287,0.42,N,VIIRS
47.33102,34.91977,335.08,0.4,0.37,2026-08-05,00:01:00,N,nominal,2.0NRT,292.15,2.3,N,VIIRS
47.21319,35.57644,303.13,0.41,0.37,2026-08-05,00:01:00,N,nominal,2.0NRT,287.55,0.57,N,VIIRS
47.21222,35.58172,304.06,0.41,0.37,2026-08-05,00:01:00,N,nominal,2.0NRT,287.91,0.42,N,VIIRS
46.94641,36.71761,300.03,0.44,0.38,2026-08-05,00:01:00,N,nominal,2.0NRT,284.96,0.73,N,VIIRS
48.14719,29.02004,299.66,0.45,0.39,2026-08-05,00:01:00,N,nominal,2.0NRT,288.9,0.38,N,VIIRS
46.94298,36.71621,296.8,0.44,0.38,2026-08-05,00:01:00,N,nominal,2.0NRT,284.08,0.7,N,VIIRS
46.57621,35.09049,316.98,0.4,0.37,2026-08-05,00:01:00,N,nominal,2.0NRT,288.39,1.52,N,VIIRS
47.2474,31.29225,301.88,0.39,0.36,2026-08-05,00:01:00,N,nominal,2.0NRT,290.22,0.44,N,VIIRS
46.69973,35.17355,311.56,0.4,0.37,2026-08-05,00:01:00,N,nominal,2.0NRT,289.04,0.82,N,VIIRS
46.68861,35.5276,305.01,0.41,0.37,2026-08-05,00:01:00,N,nominal,2.0NRT,288.69,1.01,N,VIIRS
46.68958,35.52232,310.95,0.41,0.37,2026-08-05,00:01:00,N,nominal,2.0NRT,289.47,1.01,N,VIIRS
46.71114,35.50248,311.3,0.41,0.37,2026-08-05,00:01:00,N,nominal,2.0NRT,289.05,1.42,N,VIIRS
46.71449,35.50378,318.08,0.41,0.37,2026-08-05,00:01:00,N,nominal,2.0NRT,289.52,1.42,N,VIIRS
47.66225,29.38378,326.4,0.43,0.38,2026-08-05,00:01:00,N,nominal,2.0NRT,288.72,0.73,N,VIIRS
47.66574,29.38477,303.47,0.43,0.38,2026-08-05,00:01:00,N,nominal,2.0NRT,287.86,0.73,N,VIIRS
47.54473,30.3643,304.1,0.41,0.37,2026-08-05,00:01:00,N,nominal,2.0NRT,290.03,0.53,N,VIIRS
47.54547,30.35888,302.99,0.41,0.37,2026-08-05,00:01:00,N,nominal,2.0NRT,290.63,0.53,N,VIIRS
47.54403,30.35949,302.14,0.41,0.37,2026-08-05,00:01:00,N,nominal,2.0NRT,289.92,0.5,N,VIIRS
47.54671,30.36589,326.37,0.41,0.37,2026-08-05,00:01:00,N,nominal,2.0NRT,291.09,1.95,N,VIIRS
47.6302,30.05436,306.52,0.42,0.37,2026-08-05,00:01:00,N,nominal,2.0NRT,289.93,0.45,N,VIIRS
47.63288,30.06096,328.35,0.42,0.37,2026-08-05,00:01:00,N,nominal,2.0NRT,291.42,2.24,N,VIIRS
47.11906,33.62786,321.64,0.39,0.36,2026-08-05,00:01:00,N,nominal,2.0NRT,290.57,1.34,N,VIIRS
47.12233,33.62901,313.37,0.39,0.36,2026-08-05,00:01:00,N,nominal,2.0NRT,289.51,1.34,N,VIIRS
47.41225,32.02821,305.46,0.39,0.36,2026-08-05,00:01:00,N,nominal,2.0NRT,290.87,0.59,N,VIIRS
47.41301,32.02312,305.88,0.39,0.36,2026-08-05,00:01:00,N,nominal,2.0NRT,290.98,1.16,N,VIIRS
47.41454,32.01294,308.32,0.39,0.36,2026-08-05,00:01:00,N,nominal,2.0NRT,290.13,1.1,N,VIIRS
47.4163,32.02419,310.35,0.39,0.36,2026-08-05,00:01:00,N,nominal,2.0NRT,291.01,1.16,N,VIIRS
47.41706,32.0191,318.66,0.39,0.36,2026-08-05,00:01:00,N,nominal,2.0NRT,291.62,1.16,N,VIIRS
46.89233,35.26781,327.09,0.4,0.37,2026-08-05,00:01:00,N,nominal,2.0NRT,290.06,2.69,N,VIIRS
46.8947,35.2743,299.97,0.41,0.37,2026-08-05,00:01:00,N,nominal,2.0NRT,288.56,1.64,N,VIIRS
46.89565,35.26908,334.74,0.4,0.37,2026-08-05,00:01:00,N,nominal,2.0NRT,291.36,1.64,N,VIIRS
46.89898,35.27036,304.01,0.4,0.37,2026-08-05,00:01:00,N,nominal,2.0NRT,289.41,1.64,N,VIIRS
47.61838,30.94742,304.86,0.4,0.37,2026-08-05,00:01:00,N,nominal,2.0NRT,290.83,0.71,N,VIIRS
47.74594,30.18729,308.62,0.42,0.37,2026-08-05,00:01:00,N,nominal,2.0NRT,290.57,0.98,N,VIIRS
47.74862,30.19386,307.88,0.42,0.37,2026-08-05,00:01:00,N,nominal,2.0NRT,290.68,0.92,N,VIIRS
47.74935,30.18834,315.44,0.42,0.37,2026-08-05,00:01:00,N,nominal,2.0NRT,291.36,0.98,N,VIIRS
47.75203,30.19492,303.62,0.42,0.37,2026-08-05,00:01:00,N,nominal,2.0NRT,291.19,0.68,N,VIIRS
47.52585,31.85888,305.97,0.39,0.36,2026-08-05,00:01:00,N,nominal,2.0NRT,291,0.8,N,VIIRS
47.80928,30.14908,304.64,0.42,0.37,2026-08-05,00:01:00,N,nominal,2.0NRT,290.08,0.33,N,VIIRS
47.3567,33.59935,300.89,0.39,0.36,2026-08-05,00:01:00,N,nominal,2.0NRT,290.08,0.39,N,VIIRS
46.81786,36.63849,330.59,0.44,0.38,2026-08-05,00:01:00,N,nominal,2.0NRT,289.54,6.02,N,VIIRS
46.82129,36.6399,313.06,0.44,0.38,2026-08-05,00:01:00,N,nominal,2.0NRT,288.45,1.94,N,VIIRS
46.82344,36.62873,314.98,0.44,0.38,2026-08-05,00:01:00,N,nominal,2.0NRT,286.48,1.6,N,VIIRS
46.82237,36.63431,328.74,0.44,0.38,2026-08-05,00:01:00,N,nominal,2.0NRT,287.74,1.94,N,VIIRS
47.01296,35.699,299.26,0.41,0.37,2026-08-05,00:01:00,N,nominal,2.0NRT,287.68,1.05,N,VIIRS
48.03592,28.97681,316.29,0.45,0.39,2026-08-05,00:01:00,N,nominal,2.0NRT,289.58,1.24,N,VIIRS
48.03666,28.97073,311.81,0.45,0.39,2026-08-05,00:01:00,N,nominal,2.0NRT,288.81,1.24,N,VIIRS
47.0558,35.48379,316.89,0.41,0.37,2026-08-05,00:01:00,N,nominal,2.0NRT,288.09,1.61,N,VIIRS
47.21016,34.70279,301.04,0.39,0.37,2026-08-05,00:01:00,N,nominal,2.0NRT,289.26,0.68,N,VIIRS
46.8657,36.65927,301.09,0.44,0.38,2026-08-05,00:01:00,N,nominal,2.0NRT,287.23,0.76,N,VIIRS
47.08392,35.56389,298.25,0.41,0.37,2026-08-05,00:01:00,N,nominal,2.0NRT,287.47,0.3,N,VIIRS
47.40356,33.75094,306.78,0.39,0.36,2026-08-05,00:01:00,N,nominal,2.0NRT,290.54,1.09,N,VIIRS
48.08426,28.98444,303.98,0.45,0.39,2026-08-05,00:01:00,N,nominal,2.0NRT,289.56,0.76,N,VIIRS
46.88425,36.69716,301.92,0.44,0.38,2026-08-05,00:01:00,N,nominal,2.0NRT,288.2,0.89,N,VIIRS
47.26519,34.72899,299.64,0.39,0.37,2026-08-05,00:01:00,N,nominal,2.0NRT,288.63,0.51,N,VIIRS
46.94363,36.71559,303.01,0.44,0.38,2026-08-05,00:01:00,N,nominal,2.0NRT,283.75,0.88,N,VIIRS
51.29932,33.53038,318.03,0.39,0.36,2026-08-05,00:01:00,N,nominal,2.0NRT,288.72,1.27,N,VIIRS
51.04712,35.08365,327.63,0.38,0.36,2026-08-05,00:01:00,N,nominal,2.0NRT,288.64,2.47,N,VIIRS
50.24606,37.52845,302.15,0.42,0.37,2026-08-05,00:01:00,N,nominal,2.0NRT,288.39,0.26,N,VIIRS
50.24948,37.26517,301.53,0.41,0.37,2026-08-05,00:01:00,N,nominal,2.0NRT,287.99,0.4,N,VIIRS
50.3043,36.17472,303.54,0.39,0.37,2026-08-05,00:01:00,N,nominal,2.0NRT,288.75,0.58,N,VIIRS
50.17123,36.91476,312.75,0.41,0.37,2026-08-05,00:01:00,N,nominal,2.0NRT,287.63,1.3,N,VIIRS
50.42192,35.47343,301.09,0.39,0.36,2026-08-05,00:01:00,N,nominal,2.0NRT,288.25,0.4,N,VIIRS
50.30103,36.17332,302.32,0.39,0.37,2026-08-05,00:01:00,N,nominal,2.0NRT,288.88,0.58,N,VIIRS
50.16484,36.85203,310.33,0.41,0.37,2026-08-05,00:01:00,N,nominal,2.0NRT,290.91,1.55,N,VIIRS
50.48529,34.96879,306.59,0.39,0.36,2026-08-05,00:01:00,N,nominal,2.0NRT,289.32,0.55,N,VIIRS
50.48204,34.96748,301.27,0.39,0.36,2026-08-05,00:01:00,N,nominal,2.0NRT,289.41,0.39,N,VIIRS
50.20532,36.14865,321.1,0.4,0.37,2026-08-05,00:01:00,N,nominal,2.0NRT,288.55,1.38,N,VIIRS
50.20437,36.15405,304.18,0.4,0.37,2026-08-05,00:01:00,N,nominal,2.0NRT,289.05,1.38,N,VIIRS
50.28993,35.6007,304.1,0.39,0.36,2026-08-05,00:01:00,N,nominal,2.0NRT,288.24,0.71,N,VIIRS
49.6618,37.98161,301.23,0.43,0.38,2026-08-05,00:01:00,N,nominal,2.0NRT,287.48,0.61,N,VIIRS
49.72082,37.59957,308.51,0.42,0.38,2026-08-05,00:01:00,N,nominal,2.0NRT,289.59,0.99,N,VIIRS
51.03345,26.78004,305.76,0.39,0.44,2026-08-05,00:01:00,N,nominal,2.0NRT,291.44,0.45,N,VIIRS
50.56004,30.8528,310.44,0.42,0.38,2026-08-05,00:01:00,N,nominal,2.0NRT,279.41,1.53,N,VIIRS
50.55659,30.85172,338.89,0.42,0.38,2026-08-05,00:01:00,N,nominal,2.0NRT,282.58,6.45,N,VIIRS
48.45806,32.68119,302.72,0.39,0.36,2026-08-05,00:01:00,N,nominal,2.0NRT,290.74,0.4,N,VIIRS
48.45556,32.6749,319.59,0.39,0.36,2026-08-05,00:01:00,N,nominal,2.0NRT,291.81,1.61,N,VIIRS
47.927,35.72326,306.76,0.4,0.37,2026-08-05,00:01:00,N,nominal,2.0NRT,287.01,1.1,N,VIIRS
47.82916,36.13734,313.09,0.41,0.37,2026-08-05,00:01:00,N,nominal,2.0NRT,288.18,1.23,N,VIIRS
47.57593,37.18546,301.93,0.44,0.38,2026-08-05,00:01:00,N,nominal,2.0NRT,288.28,1.16,N,VIIRS
47.57249,37.18401,316.38,0.44,0.38,2026-08-05,00:01:00,N,nominal,2.0NRT,287.95,1.16,N,VIIRS
47.87999,35.18912,303.85,0.4,0.37,2026-08-05,00:01:00,N,nominal,2.0NRT,292.12,0.45,N,VIIRS
47.80351,35.57956,301.33,0.4,0.37,2026-08-05,00:01:00,N,nominal,2.0NRT,288.04,0.59,N,VIIRS
50.53474,30.82628,309.34,0.42,0.38,2026-08-05,00:01:00,N,nominal,2.0NRT,285.96,1.19,N,VIIRS
50.52904,30.84304,338.36,0.42,0.38,2026-08-05,00:01:00,N,nominal,2.0NRT,285.68,4.15,N,VIIRS
50.52559,30.84196,316.72,0.42,0.38,2026-08-05,00:01:00,N,nominal,2.0NRT,283.28,4.15,N,VIIRS
50.52485,30.84791,316.5,0.42,0.38,2026-08-05,00:01:00,N,nominal,2.0NRT,280.38,1.97,N,VIIRS
50.49419,30.83092,334.8,0.42,0.38,2026-08-05,00:01:00,N,nominal,2.0NRT,276.2,13.06,N,VIIRS
50.49495,30.82497,308.3,0.42,0.38,2026-08-05,00:01:00,N,nominal,2.0NRT,272.39,5.44,N,VIIRS
50.49074,30.82985,344.97,0.42,0.38,2026-08-05,00:01:00,N,nominal,2.0NRT,287.37,13.06,N,VIIRS
44.77255,33.86154,314.47,0.4,0.37,2026-08-05,00:01:00,N,nominal,2.0NRT,290.88,1.26,N,VIIRS
48.08323,24.91065,297.75,0.47,0.64,2026-08-05,01:41:00,N,nominal,2.0NRT,286.1,0.61,N,VIIRS
48.0885,24.91505,308.66,0.47,0.64,2026-08-05,01:41:00,N,nominal,2.0NRT,286.4,1.3,N,VIIRS
48.08517,24.91522,296.77,0.47,0.64,2026-08-05,01:41:00,N,nominal,2.0NRT,286.31,0.9,N,VIIRS
48.08719,24.90909,305.8,0.47,0.64,2026-08-05,01:41:00,N,nominal,2.0NRT,285.71,1.49,N,VIIRS
49.9222,24.13799,301.27,0.38,0.59,2026-08-05,01:41:00,N,nominal,2.0NRT,290.98,1.02,N,VIIRS
47.63552,30.05927,299.01,0.78,0.78,2026-08-05,01:41:00,N,nominal,2.0NRT,285.72,1.17,N,VIIRS
47.63533,30.05444,300.28,0.78,0.78,2026-08-05,01:41:00,N,nominal,2.0NRT,285.72,1.13,N,VIIRS
48.7485,26.60392,300.23,0.52,0.67,2026-08-05,01:41:00,N,nominal,2.0NRT,289.71,0.69,N,VIIRS
47.66743,29.37861,298.78,0.73,0.76,2026-08-05,01:41:00,N,nominal,2.0NRT,284.89,0.37,N,VIIRS
48.9778,24.71061,309.29,0.43,0.62,2026-08-05,01:41:00,N,nominal,2.0NRT,290.96,0.82,N,VIIRS
48.97617,24.71006,311.22,0.43,0.62,2026-08-05,01:41:00,N,nominal,2.0NRT,291.3,1.82,N,VIIRS
50.55899,30.85362,333.75,0.65,0.73,2026-08-05,01:43:00,N,nominal,2.0NRT,287.34,8.73,N,VIIRS
50.52646,30.83986,314.84,0.65,0.73,2026-08-05,01:43:00,N,nominal,2.0NRT,284.53,2.61,N,VIIRS
50.53289,30.82328,303.08,0.65,0.73,2026-08-05,01:43:00,N,nominal,2.0NRT,285.01,2.2,N,VIIRS
50.53871,30.82898,299.09,0.65,0.73,2026-08-05,01:43:00,N,nominal,2.0NRT,286.03,1.46,N,VIIRS
50.5531,30.85395,298.65,0.65,0.73,2026-08-05,01:43:00,N,nominal,2.0NRT,285.31,2.5,N,VIIRS
50.55631,30.84565,320.03,0.65,0.73,2026-08-05,01:43:00,N,nominal,2.0NRT,286.11,2.5,N,VIIRS
50.56215,30.85129,315.68,0.65,0.73,2026-08-05,01:43:00,N,nominal,2.0NRT,286.51,3.5,N,VIIRS
50.54598,26.25822,313.8,0.44,0.62,2026-08-05,01:43:00,N,nominal,2.0NRT,290.96,2.08,N,VIIRS
50.90939,25.17069,301.49,0.39,0.59,2026-08-05,01:43:00,N,nominal,2.0NRT,288.48,0.52,N,VIIRS
50.43454,30.30717,297.17,0.63,0.72,2026-08-05,01:43:00,N,nominal,2.0NRT,281.49,3.21,N,VIIRS
50.49101,30.82223,309.74,0.65,0.73,2026-08-05,01:43:00,N,nominal,2.0NRT,285.78,3.96,N,VIIRS
50.49688,30.82781,309.51,0.65,0.73,2026-08-05,01:43:00,N,nominal,2.0NRT,286.15,3.11,N,VIIRS
50.52924,30.8478,305.9,0.65,0.73,2026-08-05,01:43:00,N,nominal,2.0NRT,286.98,2.17,N,VIIRS
50.53242,30.83947,302.9,0.65,0.73,2026-08-05,01:43:00,N,nominal,2.0NRT,286.56,2.17,N,VIIRS
50.53882,30.82272,307.13,0.65,0.73,2026-08-05,01:43:00,N,nominal,2.0NRT,286.23,2.71,N,VIIRS
44.75404,33.62484,330.89,0.43,0.62,2026-08-05,09:47:00,N,nominal,2.0NRT,294.71,2.71,D,VIIRS
47.74013,35.7494,352.09,0.57,0.52,2026-08-05,09:47:00,N,nominal,2.0NRT,305.42,36.76,D,VIIRS
47.42076,34.5825,367,0.32,0.55,2026-08-05,09:47:00,N,high,2.0NRT,303.58,30.04,D,VIIRS
47.41494,34.58158,367,0.32,0.55,2026-08-05,09:47:00,N,high,2.0NRT,304.3,8.6,D,VIIRS
47.11858,33.62923,331.55,0.36,0.58,2026-08-05,09:47:00,N,low,2.0NRT,305.53,2.74,D,VIIRS
47.70605,35.71952,338.51,0.57,0.52,2026-08-05,09:47:00,N,nominal,2.0NRT,304.12,4.08,D,VIIRS
47.11094,33.62323,339.73,0.36,0.58,2026-08-05,09:47:00,N,nominal,2.0NRT,306.98,4.22,D,VIIRS
47.53298,31.20855,334.72,0.45,0.63,2026-08-05,09:47:00,N,nominal,2.0NRT,298.87,50.09,D,VIIRS
48.29933,33.73848,333.71,0.33,0.55,2026-08-05,09:47:00,N,nominal,2.0NRT,299.56,3.91,D,VIIRS
48.82729,35.78523,333.1,0.53,0.5,2026-08-05,09:47:00,N,nominal,2.0NRT,300.66,90.38,D,VIIRS
48.8291,35.79208,335.03,0.52,0.5,2026-08-05,09:47:00,N,nominal,2.0NRT,302.5,27,D,VIIRS
48.82471,35.79457,345.33,0.52,0.5,2026-08-05,09:47:00,N,nominal,2.0NRT,303.24,27,D,VIIRS
48.82594,35.79461,343.75,0.53,0.5,2026-08-05,09:47:00,N,nominal,2.0NRT,302.17,127.19,D,VIIRS
48.93019,36.50653,335.15,0.49,0.48,2026-08-05,09:47:00,N,nominal,2.0NRT,300.72,6.5,D,VIIRS
48.93181,36.51286,335,0.49,0.48,2026-08-05,09:47:00,N,nominal,2.0NRT,299.3,10.83,D,VIIRS
48.92591,36.5088,344.82,0.49,0.48,2026-08-05,09:47:00,N,nominal,2.0NRT,303.13,6.5,D,VIIRS
48.75948,36.07429,334.56,0.51,0.5,2026-08-05,09:47:00,N,nominal,2.0NRT,301.76,4.06,D,VIIRS
47.88655,33.0564,330.95,0.36,0.58,2026-08-05,09:47:00,N,nominal,2.0NRT,299.42,1.81,D,VIIRS
48.66935,35.86272,367,0.53,0.5,2026-08-05,09:47:00,N,high,2.0NRT,305.45,29.29,D,VIIRS
47.34667,31.43859,333.69,0.44,0.63,2026-08-05,09:47:00,N,nominal,2.0NRT,298.62,6.01,D,VIIRS
47.34681,31.44108,332.12,0.44,0.63,2026-08-05,09:47:00,N,nominal,2.0NRT,298.35,5.98,D,VIIRS
47.7346,33.03636,332.22,0.37,0.58,2026-08-05,09:47:00,N,nominal,2.0NRT,298.39,3.74,D,VIIRS
47.85671,33.44936,367,0.35,0.57,2026-08-05,09:47:00,N,high,2.0NRT,304.23,12.33,D,VIIRS
47.73201,33.03626,334.83,0.37,0.58,2026-08-05,09:47:00,N,nominal,2.0NRT,300.76,2.53,D,VIIRS
48.59318,36.2958,335.16,0.51,0.49,2026-08-05,09:47:00,N,nominal,2.0NRT,300.44,2.76,D,VIIRS
48.59488,36.30244,334.85,0.51,0.49,2026-08-05,09:47:00,N,nominal,2.0NRT,298.14,7.4,D,VIIRS
46.78074,30.16816,338.88,0.52,0.67,2026-08-05,09:47:00,N,nominal,2.0NRT,294.98,3.84,D,VIIRS
46.7751,30.17218,367,0.52,0.67,2026-08-05,09:47:00,N,high,2.0NRT,297.71,8.22,D,VIIRS
46.76943,30.1761,337.13,0.52,0.67,2026-08-05,09:47:00,N,nominal,2.0NRT,296.17,8.22,D,VIIRS
48.52866,36.33352,331.81,0.51,0.49,2026-08-05,09:47:00,N,low,2.0NRT,304,6.58,D,VIIRS
47.5765,32.97405,330.25,0.38,0.58,2026-08-05,09:47:00,N,low,2.0NRT,301.3,2.44,D,VIIRS
48.52844,36.33474,331.78,0.51,0.49,2026-08-05,09:47:00,N,low,2.0NRT,303.7,6.78,D,VIIRS
48.84184,37.75557,343.55,0.44,0.46,2026-08-05,09:47:00,N,nominal,2.0NRT,298.64,15.13,D,VIIRS
48.17677,35.38233,338.19,0.57,0.52,2026-08-05,09:47:00,N,nominal,2.0NRT,301.97,6.52,D,VIIRS
47.01589,31.48108,331.61,0.45,0.63,2026-08-05,09:47:00,N,nominal,2.0NRT,298.48,4.35,D,VIIRS
47.01226,31.486,333.68,0.45,0.63,2026-08-05,09:47:00,N,nominal,2.0NRT,300.1,4.99,D,VIIRS
48.20183,35.76661,344.49,0.55,0.51,2026-08-05,09:47:00,N,nominal,2.0NRT,303.3,8.24,D,VIIRS
48.66543,37.64616,333.82,0.45,0.47,2026-08-05,09:47:00,N,nominal,2.0NRT,298.37,3.94,D,VIIRS
48.37571,36.52896,335.95,0.5,0.49,2026-08-05,09:47:00,N,nominal,2.0NRT,297.58,3.9,D,VIIRS
48.6536,37.69241,350.18,0.44,0.46,2026-08-05,09:47:00,N,nominal,2.0NRT,299.91,7.95,D,VIIRS
48.56319,37.61694,330.96,0.45,0.47,2026-08-05,09:47:00,N,nominal,2.0NRT,299.19,3.26,D,VIIRS
48.14487,36.06227,349.32,0.53,0.5,2026-08-05,09:47:00,N,nominal,2.0NRT,302.39,10.98,D,VIIRS
47.49859,33.76611,344.59,0.35,0.57,2026-08-05,09:47:00,N,nominal,2.0NRT,302.35,3.41,D,VIIRS
47.49987,33.7705,339.31,0.35,0.57,2026-08-05,09:47:00,N,nominal,2.0NRT,303.56,5.37,D,VIIRS
48.44048,37.25327,343.44,0.47,0.48,2026-08-05,09:47:00,N,nominal,2.0NRT,301.74,6.38,D,VIIRS
47.20589,32.81992,333.26,0.39,0.59,2026-08-05,09:47:00,N,low,2.0NRT,305.15,3.22,D,VIIRS
47.20734,32.82472,350.73,0.39,0.59,2026-08-05,09:47:00,N,nominal,2.0NRT,306.01,5.89,D,VIIRS
47.20226,32.82805,334.7,0.39,0.59,2026-08-05,09:47:00,N,nominal,2.0NRT,304.63,2.31,D,VIIRS
47.20372,32.83289,336.12,0.39,0.59,2026-08-05,09:47:00,N,nominal,2.0NRT,304.42,2.31,D,VIIRS
46.04851,29.3269,342.27,0.6,0.7,2026-08-05,09:47:00,N,nominal,2.0NRT,298.38,12.06,D,VIIRS
46.05101,29.33407,355.07,0.6,0.7,2026-08-05,09:47:00,N,nominal,2.0NRT,301.25,17.85,D,VIIRS
47.20704,32.82265,348.73,0.39,0.59,2026-08-05,09:47:00,N,nominal,2.0NRT,305.72,5.03,D,VIIRS
47.20339,32.83086,349.29,0.39,0.59,2026-08-05,09:47:00,N,nominal,2.0NRT,305.24,5.03,D,VIIRS
48.15458,36.32393,336.66,0.52,0.5,2026-08-05,09:47:00,N,nominal,2.0NRT,300.09,4.34,D,VIIRS
46.04989,29.32724,338.44,0.6,0.7,2026-08-05,09:47:00,N,nominal,2.0NRT,298.07,5.09,D,VIIRS
46.05237,29.33446,333.6,0.6,0.7,2026-08-05,09:47:00,N,nominal,2.0NRT,300.93,5.09,D,VIIRS
46.04395,29.33146,338,0.6,0.7,2026-08-05,09:47:00,N,nominal,2.0NRT,298.95,5.09,D,VIIRS
46.04636,29.33849,342.77,0.6,0.7,2026-08-05,09:47:00,N,nominal,2.0NRT,299.83,5.09,D,VIIRS
48.04568,36.00206,344.6,0.54,0.51,2026-08-05,09:47:00,N,nominal,2.0NRT,303.53,5.91,D,VIIRS
47.34824,33.50509,367,0.36,0.58,2026-08-05,09:47:00,N,high,2.0NRT,304.94,9.11,D,VIIRS
47.11224,33.62767,343.21,0.36,0.58,2026-08-05,09:47:00,N,nominal,2.0NRT,303.32,2.74,D,VIIRS
47.72215,35.81828,339.82,0.56,0.52,2026-08-05,09:47:00,N,nominal,2.0NRT,302.69,6.39,D,VIIRS
47.59393,35.38401,342.58,0.59,0.53,2026-08-05,09:47:00,N,nominal,2.0NRT,304.66,6.17,D,VIIRS
47.06551,33.54925,340.16,0.37,0.58,2026-08-05,09:47:00,N,nominal,2.0NRT,303.27,2.05,D,VIIRS
47.72977,35.90473,331.46,0.56,0.51,2026-08-05,09:47:00,N,nominal,2.0NRT,296.66,2.14,D,VIIRS
47.60323,35.45685,330.72,0.59,0.53,2026-08-05,09:47:00,N,low,2.0NRT,302.65,3.88,D,VIIRS
46.84032,32.8409,341.36,0.4,0.6,2026-08-05,09:47:00,N,nominal,2.0NRT,304.13,5.48,D,VIIRS
46.92048,33.10464,330.75,0.39,0.59,2026-08-05,09:47:00,N,low,2.0NRT,304.7,2.21,D,VIIRS
47.57804,35.38437,332.95,0.59,0.53,2026-08-05,09:47:00,N,low,2.0NRT,303.24,3.37,D,VIIRS
47.57353,35.38737,338.74,0.59,0.53,2026-08-05,09:47:00,N,nominal,2.0NRT,305.1,5.41,D,VIIRS
47.86946,36.4894,331.22,0.52,0.5,2026-08-05,09:47:00,N,nominal,2.0NRT,303.15,4.74,D,VIIRS
47.59082,35.3835,340.19,0.59,0.53,2026-08-05,09:47:00,N,nominal,2.0NRT,306.3,6.83,D,VIIRS
47.60443,35.45414,331.18,0.59,0.53,2026-08-05,09:47:00,N,low,2.0NRT,303.45,2.04,D,VIIRS
47.06783,33.54874,341.58,0.37,0.58,2026-08-05,09:47:00,N,nominal,2.0NRT,302.29,2.98,D,VIIRS
47.87003,36.48821,332.19,0.52,0.5,2026-08-05,09:47:00,N,nominal,2.0NRT,302.93,2.31,D,VIIRS
47.57508,35.38428,346.28,0.59,0.53,2026-08-05,09:47:00,N,nominal,2.0NRT,304.11,9.33,D,VIIRS
46.84111,32.84074,339.5,0.4,0.6,2026-08-05,09:47:00,N,nominal,2.0NRT,303.71,5.95,D,VIIRS
46.91999,33.10556,331.08,0.39,0.59,2026-08-05,09:47:00,N,low,2.0NRT,304.57,2.86,D,VIIRS
47.55066,35.37268,332.19,0.59,0.53,2026-08-05,09:47:00,N,low,2.0NRT,304.26,4.12,D,VIIRS
47.56829,35.45772,332.94,0.59,0.53,2026-08-05,09:47:00,N,low,2.0NRT,307.13,4.48,D,VIIRS
47.26955,34.41474,339.65,0.33,0.56,2026-08-05,09:47:00,N,nominal,2.0NRT,306.48,2.12,D,VIIRS
47.26593,34.42183,347.07,0.33,0.55,2026-08-05,09:47:00,N,nominal,2.0NRT,304.78,4.28,D,VIIRS
47.73143,36.12931,333.8,0.55,0.51,2026-08-05,09:47:00,N,low,2.0NRT,304.19,8.01,D,VIIRS
47.84801,36.57735,330.9,0.52,0.5,2026-08-05,09:47:00,N,low,2.0NRT,305.51,3.72,D,VIIRS
47.26702,34.44561,348.13,0.33,0.55,2026-08-05,09:47:00,N,nominal,2.0NRT,301.88,16.19,D,VIIRS
47.2682,34.44979,357.15,0.33,0.55,2026-08-05,09:47:00,N,nominal,2.0NRT,310.18,68.89,D,VIIRS
47.86307,36.6745,355.27,0.51,0.5,2026-08-05,09:47:00,N,nominal,2.0NRT,306.56,22.71,D,VIIRS
46.82079,32.97724,333.53,0.4,0.6,2026-08-05,09:47:00,N,low,2.0NRT,304.68,2.39,D,VIIRS
46.82227,32.98215,338.62,0.4,0.6,2026-08-05,09:47:00,N,nominal,2.0NRT,304.98,2.39,D,VIIRS
46.96202,33.45054,354.52,0.37,0.58,2026-08-05,09:47:00,N,nominal,2.0NRT,306.55,7.35,D,VIIRS
46.9634,33.4552,367,0.37,0.58,2026-08-05,09:47:00,N,high,2.0NRT,307.16,15.96,D,VIIRS
46.95699,33.45366,367,0.37,0.58,2026-08-05,09:47:00,N,high,2.0NRT,306.62,7.35,D,VIIRS
47.70853,36.19745,332.58,0.54,0.51,2026-08-05,09:47:00,N,nominal,2.0NRT,298.02,12.34,D,VIIRS
47.71037,36.20442,342.09,0.54,0.51,2026-08-05,09:47:00,N,nominal,2.0NRT,302.97,26.19,D,VIIRS
47.76075,36.3959,341.6,0.53,0.5,2026-08-05,09:47:00,N,nominal,2.0NRT,301.1,20.11,D,VIIRS
47.76426,36.40928,331.7,0.53,0.5,2026-08-05,09:47:00,N,nominal,2.0NRT,301.48,3.71,D,VIIRS
47.75816,36.44371,337.04,0.53,0.5,2026-08-05,09:47:00,N,nominal,2.0NRT,302.29,6.53,D,VIIRS
47.59301,35.84196,341.44,0.57,0.52,2026-08-05,09:47:00,N,nominal,2.0NRT,300.23,2.86,D,VIIRS
47.76025,36.44346,342.07,0.53,0.5,2026-08-05,09:47:00,N,nominal,2.0NRT,302.84,5.28,D,VIIRS
47.47165,35.46268,343.3,0.59,0.53,2026-08-05,09:47:00,N,nominal,2.0NRT,303.24,8.49,D,VIIRS
47.47369,35.47025,333.02,0.59,0.53,2026-08-05,09:47:00,N,low,2.0NRT,304.02,13.62,D,VIIRS
47.56401,35.80844,334.72,0.57,0.52,2026-08-05,09:47:00,N,nominal,2.0NRT,301.67,3.59,D,VIIRS
47.26687,34.73361,344.87,0.32,0.55,2026-08-05,09:47:00,N,nominal,2.0NRT,304.61,5.28,D,VIIRS
47.46706,35.46539,343.7,0.59,0.53,2026-08-05,09:47:00,N,nominal,2.0NRT,305.76,8.49,D,VIIRS
47.26213,34.7365,332.75,0.32,0.55,2026-08-05,09:47:00,N,low,2.0NRT,303.98,1.75,D,VIIRS
47.68215,36.3169,340.47,0.54,0.51,2026-08-05,09:47:00,N,nominal,2.0NRT,301.83,7.87,D,VIIRS
47.68393,36.32375,342.91,0.54,0.51,2026-08-05,09:47:00,N,nominal,2.0NRT,301.74,6.54,D,VIIRS
46.67607,32.75699,347.65,0.41,0.61,2026-08-05,09:47:00,N,nominal,2.0NRT,297.89,7.57,D,VIIRS
47.2481,34.72596,344.2,0.32,0.55,2026-08-05,09:47:00,N,nominal,2.0NRT,303.99,2.58,D,VIIRS
47.24924,34.73005,341.3,0.32,0.55,2026-08-05,09:47:00,N,nominal,2.0NRT,303.91,5.42,D,VIIRS
47.49744,35.63745,334.14,0.58,0.52,2026-08-05,09:47:00,N,nominal,2.0NRT,303.84,6.79,D,VIIRS
47.71298,36.45514,334.22,0.53,0.5,2026-08-05,09:47:00,N,nominal,2.0NRT,300.49,5.46,D,VIIRS
47.24335,34.72884,344.35,0.32,0.55,2026-08-05,09:47:00,N,nominal,2.0NRT,304.75,2.58,D,VIIRS
47.42003,35.37038,343.59,0.6,0.53,2026-08-05,09:47:00,N,nominal,2.0NRT,305.12,10.07,D,VIIRS
47.49287,35.64005,354.79,0.58,0.52,2026-08-05,09:47:00,N,nominal,2.0NRT,306.07,6.79,D,VIIRS
47.23861,34.7317,344.35,0.32,0.55,2026-08-05,09:47:00,N,nominal,2.0NRT,304.92,2.5,D,VIIRS
47.41748,35.38068,335.35,0.6,0.53,2026-08-05,09:47:00,N,nominal,2.0NRT,302.67,3.13,D,VIIRS
47.52748,35.78887,349.77,0.57,0.52,2026-08-05,09:47:00,N,nominal,2.0NRT,303.04,10.72,D,VIIRS
47.58835,37.01017,336.11,0.51,0.49,2026-08-05,09:47:00,N,nominal,2.0NRT,305.37,10.52,D,VIIRS
47.58674,37.00385,343.16,0.51,0.49,2026-08-05,09:47:00,N,nominal,2.0NRT,306.48,10.52,D,VIIRS
47.59264,37.0077,344.82,0.51,0.49,2026-08-05,09:47:00,N,nominal,2.0NRT,304.95,6.34,D,VIIRS
47.62961,37.13358,343.51,0.5,0.49,2026-08-05,09:47:00,N,nominal,2.0NRT,303.64,3.24,D,VIIRS
46.30046,32.36867,367,0.44,0.62,2026-08-05,09:47:00,N,high,2.0NRT,303.59,7.06,D,VIIRS
46.30211,32.37402,337.27,0.44,0.62,2026-08-05,09:47:00,N,nominal,2.0NRT,301.95,7.06,D,VIIRS
46.2988,32.36332,340.27,0.44,0.62,2026-08-05,09:47:00,N,nominal,2.0NRT,302.59,7.11,D,VIIRS
47.24062,35.57228,335.44,0.6,0.53,2026-08-05,09:47:00,N,nominal,2.0NRT,304.02,5.81,D,VIIRS
47.23861,35.5649,330.62,0.6,0.53,2026-08-05,09:47:00,N,nominal,2.0NRT,303.33,2.97,D,VIIRS
47.24324,35.56229,367,0.6,0.53,2026-08-05,09:47:00,N,high,2.0NRT,305.03,12.98,D,VIIRS
47.24524,35.56968,349.46,0.6,0.53,2026-08-05,09:47:00,N,nominal,2.0NRT,298.56,8.51,D,VIIRS
46.96903,34.56938,340.47,0.33,0.56,2026-08-05,09:47:00,N,nominal,2.0NRT,303.88,2.67,D,VIIRS
46.32637,32.39057,347.22,0.43,0.62,2026-08-05,09:47:00,N,nominal,2.0NRT,302.3,6.09,D,VIIRS
46.32472,32.38521,337.29,0.43,0.62,2026-08-05,09:47:00,N,nominal,2.0NRT,303.69,4.92,D,VIIRS
47.49039,36.47528,338.76,0.54,0.51,2026-08-05,09:47:00,N,nominal,2.0NRT,304.18,6.18,D,VIIRS
46.32841,32.37646,341.33,0.44,0.62,2026-08-05,09:47:00,N,nominal,2.0NRT,304.16,4.92,D,VIIRS
46.33374,32.37306,341.47,0.44,0.62,2026-08-05,09:47:00,N,nominal,2.0NRT,302.18,6.24,D,VIIRS
46.77689,33.83667,337.56,0.36,0.58,2026-08-05,09:47:00,N,nominal,2.0NRT,305.79,4.92,D,VIIRS
46.77556,33.83212,341.03,0.37,0.58,2026-08-05,09:47:00,N,nominal,2.0NRT,304.56,4.54,D,VIIRS
47.56763,36.71637,331.77,0.52,0.5,2026-08-05,09:47:00,N,low,2.0NRT,302.15,3.98,D,VIIRS
47.57027,36.70719,345.1,0.52,0.5,2026-08-05,09:47:00,N,nominal,2.0NRT,302.29,7.8,D,VIIRS
46.60669,33.17399,367,0.39,0.6,2026-08-05,09:47:00,N,high,2.0NRT,310.33,52.42,D,VIIRS
46.60522,33.16904,335.78,0.39,0.6,2026-08-05,09:47:00,N,nominal,2.0NRT,309.52,48.44,D,VIIRS
46.4987,32.79136,367,0.41,0.61,2026-08-05,09:47:00,N,high,2.0NRT,306.69,44.65,D,VIIRS
46.49718,32.78627,310.18,0.41,0.61,2026-08-05,09:47:00,N,low,2.0NRT,316.04,55.57,D,VIIRS
46.50393,32.78805,367,0.41,0.61,2026-08-05,09:47:00,N,high,2.0NRT,309.6,44.65,D,VIIRS
46.50546,32.79316,348.78,0.41,0.61,2026-08-05,09:47:00,N,nominal,2.0NRT,302.16,44.65,D,VIIRS
46.50238,32.78289,346.01,0.41,0.61,2026-08-05,09:47:00,N,nominal,2.0NRT,303.01,55.57,D,VIIRS
47.42696,36.05555,332.21,0.56,0.52,2026-08-05,09:47:00,N,low,2.0NRT,304.67,10.89,D,VIIRS
47.4251,36.04841,343.05,0.56,0.52,2026-08-05,09:47:00,N,nominal,2.0NRT,304.89,11.7,D,VIIRS
47.53998,31.21008,367,0.45,0.63,2026-08-05,09:47:00,N,high,2.0NRT,302.29,50.09,D,VIIRS
48.69127,34.89095,355.67,0.58,0.52,2026-08-05,09:47:00,N,nominal,2.0NRT,302.79,17.94,D,VIIRS
49.46848,37.85682,341.3,0.42,0.45,2026-08-05,09:47:00,N,nominal,2.0NRT,300.16,6.56,D,VIIRS
48.69427,34.88878,345.56,0.58,0.52,2026-08-05,09:47:00,N,nominal,2.0NRT,300.59,11.1,D,VIIRS
49.46998,37.8599,340.46,0.42,0.45,2026-08-05,09:47:00,N,nominal,2.0NRT,299.82,5.33,D,VIIRS
49.47394,37.85769,330.66,0.42,0.45,2026-08-05,09:47:00,N,nominal,2.0NRT,297.28,5.33,D,VIIRS
49.47262,37.85217,347.21,0.42,0.45,2026-08-05,09:47:00,N,nominal,2.0NRT,299.04,10.31,D,VIIRS
49.03611,36.06975,335.76,0.5,0.49,2026-08-05,09:47:00,N,nominal,2.0NRT,301.09,4.23,D,VIIRS
48.94543,35.70484,339.98,0.53,0.5,2026-08-05,09:47:00,N,nominal,2.0NRT,299.04,7.58,D,VIIRS
49.05993,36.12346,333.2,0.5,0.49,2026-08-05,09:47:00,N,nominal,2.0NRT,301.81,5.75,D,VIIRS
49.59383,38.06215,330.64,0.41,0.45,2026-08-05,09:47:00,N,nominal,2.0NRT,298.71,2.26,D,VIIRS
47.74519,31.07916,331.36,0.44,0.63,2026-08-05,09:47:00,N,low,2.0NRT,302.03,4.77,D,VIIRS
47.7505,31.07541,345.87,0.44,0.63,2026-08-05,09:47:00,N,nominal,2.0NRT,299.91,5.83,D,VIIRS
47.74867,31.06966,346.24,0.44,0.63,2026-08-05,09:47:00,N,nominal,2.0NRT,298.53,5.83,D,VIIRS
49.4559,37.1072,337.72,0.45,0.47,2026-08-05,09:47:00,N,nominal,2.0NRT,301.28,4.55,D,VIIRS
47.47123,30.17027,335.49,0.49,0.65,2026-08-05,09:47:00,N,nominal,2.0NRT,301.67,6.16,D,VIIRS
49.45993,37.10469,341.7,0.45,0.47,2026-08-05,09:47:00,N,nominal,2.0NRT,300.91,4.55,D,VIIRS
47.47667,30.16605,352.57,0.49,0.65,2026-08-05,09:47:00,N,nominal,2.0NRT,300.79,6.16,D,VIIRS
47.4746,30.15976,340.36,0.49,0.65,2026-08-05,09:47:00,N,nominal,2.0NRT,297.52,6.16,D,VIIRS
47.87862,31.40025,335.73,0.43,0.62,2026-08-05,09:47:00,N,nominal,2.0NRT,299.53,1.67,D,VIIRS
49.64895,37.738,346.8,0.42,0.45,2026-08-05,09:47:00,N,nominal,2.0NRT,299.91,7.65,D,VIIRS
49.66756,37.64383,331.32,0.42,0.45,2026-08-05,09:47:00,N,nominal,2.0NRT,299.21,4.37,D,VIIRS
49.5224,36.97341,350.39,0.45,0.47,2026-08-05,09:47:00,N,nominal,2.0NRT,302.13,10.68,D,VIIRS
49.52093,36.9675,340.05,0.45,0.47,2026-08-05,09:47:00,N,nominal,2.0NRT,297.65,10.68,D,VIIRS
47.61641,30.0902,367,0.49,0.65,2026-08-05,09:47:00,N,high,2.0NRT,300.67,13.4,D,VIIRS
47.61449,30.08433,367,0.49,0.65,2026-08-05,09:47:00,N,high,2.0NRT,301.96,13.4,D,VIIRS
47.61262,30.07861,338.04,0.49,0.65,2026-08-05,09:47:00,N,nominal,2.0NRT,298.81,8.86,D,VIIRS
47.6101,30.08595,367,0.49,0.65,2026-08-05,09:47:00,N,high,2.0NRT,303.26,7.59,D,VIIRS
47.60816,30.08011,333.4,0.49,0.65,2026-08-05,09:47:00,N,nominal,2.0NRT,300.6,7.59,D,VIIRS
47.61753,30.0877,367,0.49,0.65,2026-08-05,09:47:00,N,high,2.0NRT,300.28,24.17,D,VIIRS
47.61561,30.08195,335.42,0.49,0.65,2026-08-05,09:47:00,N,nominal,2.0NRT,297.9,7.59,D,VIIRS
48.78679,33.84601,331.4,0.63,0.54,2026-08-05,09:47:00,N,nominal,2.0NRT,295.31,3.19,D,VIIRS
48.79146,33.84293,341.61,0.63,0.54,2026-08-05,09:47:00,N,nominal,2.0NRT,296.16,8.08,D,VIIRS
49.78077,37.56588,334.12,0.42,0.45,2026-08-05,09:47:00,N,nominal,2.0NRT,300.39,2.31,D,VIIRS
49.86355,37.80067,343.08,0.41,0.45,2026-08-05,09:47:00,N,nominal,2.0NRT,299.6,8.62,D,VIIRS
48.83848,33.40729,343.34,0.33,0.55,2026-08-05,09:47:00,N,nominal,2.0NRT,303.02,4.13,D,VIIRS
48.42772,29.12937,367,0.51,0.66,2026-08-05,09:47:00,N,high,2.0NRT,295.75,19.77,D,VIIRS
48.42429,29.13986,331.12,0.51,0.66,2026-08-05,09:47:00,N,nominal,2.0NRT,294.78,13.56,D,VIIRS
46.80964,33.26376,342.13,0.39,0.59,2026-08-05,09:47:00,N,nominal,2.0NRT,301.26,1.48,D,VIIRS
46.81388,33.27803,342.39,0.38,0.59,2026-08-05,09:47:00,N,nominal,2.0NRT,303.72,3.92,D,VIIRS
47.21788,34.67752,331.07,0.33,0.55,2026-08-05,09:47:00,N,low,2.0NRT,303.97,2.33,D,VIIRS
47.56131,35.9354,333.21,0.56,0.52,2026-08-05,09:47:00,N,low,2.0NRT,306.7,4.22,D,VIIRS
47.68407,36.40208,341.96,0.53,0.5,2026-08-05,09:47:00,N,nominal,2.0NRT,300.74,8.31,D,VIIRS
47.68584,36.40887,337.72,0.53,0.5,2026-08-05,09:47:00,N,nominal,2.0NRT,302.43,8.31,D,VIIRS
46.80451,33.26682,350.06,0.39,0.59,2026-08-05,09:47:00,N,nominal,2.0NRT,302.11,4.36,D,VIIRS
46.80736,33.27639,338.98,0.38,0.59,2026-08-05,09:47:00,N,nominal,2.0NRT,303.07,6.37,D,VIIRS
46.8088,33.28122,340.08,0.38,0.59,2026-08-05,09:47:00,N,nominal,2.0NRT,303.22,5.52,D,VIIRS
47.49312,35.69977,350.47,0.58,0.52,2026-08-05,09:47:00,N,nominal,2.0NRT,306.32,11.7,D,VIIRS
47.67967,36.40457,334.48,0.53,0.5,2026-08-05,09:47:00,N,nominal,2.0NRT,300.17,5.72,D,VIIRS
47.21294,34.69961,330.66,0.32,0.55,2026-08-05,09:47:00,N,low,2.0NRT,303.26,1.77,D,VIIRS
47.65032,36.35038,343.58,0.54,0.51,2026-08-05,09:47:00,N,nominal,2.0NRT,300.95,8.1,D,VIIRS
47.84012,37.08627,344.58,0.49,0.49,2026-08-05,09:47:00,N,nominal,2.0NRT,301.88,6.22,D,VIIRS
47.45697,35.64388,338.09,0.58,0.52,2026-08-05,09:47:00,N,nominal,2.0NRT,302.34,2.24,D,VIIRS
47.45899,35.65132,334.06,0.58,0.52,2026-08-05,09:47:00,N,low,2.0NRT,304.2,8.99,D,VIIRS
47.45241,35.64653,332.09,0.58,0.52,2026-08-05,09:47:00,N,low,2.0NRT,303.84,2.24,D,VIIRS
46.58661,32.72883,335.3,0.41,0.61,2026-08-05,09:47:00,N,nominal,2.0NRT,300.84,1.93,D,VIIRS
46.5382,32.61246,367,0.42,0.61,2026-08-05,09:47:00,N,high,2.0NRT,300.1,8.82,D,VIIRS
47.60444,36.36885,335.63,0.54,0.51,2026-08-05,09:47:00,N,nominal,2.0NRT,300.89,5.31,D,VIIRS
47.63658,36.44546,332.36,0.53,0.5,2026-08-05,09:47:00,N,nominal,2.0NRT,301.95,7.26,D,VIIRS
46.58926,32.73038,343.51,0.41,0.61,2026-08-05,09:47:00,N,nominal,2.0NRT,301.92,1.61,D,VIIRS
47.6022,36.37104,342.39,0.54,0.51,2026-08-05,09:47:00,N,nominal,2.0NRT,298.78,8.51,D,VIIRS
47.5978,36.37358,355.39,0.54,0.51,2026-08-05,09:47:00,N,nominal,2.0NRT,300.74,15.48,D,VIIRS
46.39158,32.14476,333.52,0.44,0.63,2026-08-05,09:47:00,N,nominal,2.0NRT,300.38,2.19,D,VIIRS
46.53468,32.6118,333.81,0.42,0.61,2026-08-05,09:47:00,N,nominal,2.0NRT,302.78,10.53,D,VIIRS
47.5934,36.37614,353.41,0.54,0.51,2026-08-05,09:47:00,N,nominal,2.0NRT,297.35,15.48,D,VIIRS
46.47006,32.44123,347.12,0.43,0.62,2026-08-05,09:47:00,N,nominal,2.0NRT,303.54,6.3,D,VIIRS
47.5155,36.11704,334.8,0.55,0.51,2026-08-05,09:47:00,N,nominal,2.0NRT,300.7,6.23,D,VIIRS
47.51738,36.1242,342.88,0.55,0.51,2026-08-05,09:47:00,N,nominal,2.0NRT,302.42,13.06,D,VIIRS
46.55577,32.7637,345.11,0.41,0.61,2026-08-05,09:47:00,N,nominal,2.0NRT,295.02,2.5,D,VIIRS
46.59093,32.87998,349.82,0.41,0.6,2026-08-05,09:47:00,N,nominal,2.0NRT,302.45,6.8,D,VIIRS
47.30875,35.38338,337.75,0.6,0.53,2026-08-05,09:47:00,N,nominal,2.0NRT,302.17,37.03,D,VIIRS
47.31082,35.391,344.61,0.6,0.53,2026-08-05,09:47:00,N,nominal,2.0NRT,307.04,37.03,D,VIIRS
46.58575,32.88329,334.71,0.41,0.6,2026-08-05,09:47:00,N,nominal,2.0NRT,300.35,3.55,D,VIIRS
47.30412,35.3861,336.18,0.6,0.53,2026-08-05,09:47:00,N,nominal,2.0NRT,302.85,6.45,D,VIIRS
47.30619,35.39371,342.41,0.6,0.53,2026-08-05,09:47:00,N,nominal,2.0NRT,301.14,6.45,D,VIIRS
46.54534,32.77036,332.15,0.41,0.61,2026-08-05,09:47:00,N,nominal,2.0NRT,296.53,2,D,VIIRS
47.44675,35.93546,336.66,0.57,0.52,2026-08-05,09:47:00,N,nominal,2.0NRT,303.61,4.87,D,VIIRS
46.56349,32.89151,332.66,0.41,0.6,2026-08-05,09:47:00,N,nominal,2.0NRT,301.44,2.71,D,VIIRS
47.44783,36.01748,335.52,0.56,0.52,2026-08-05,09:47:00,N,nominal,2.0NRT,304.85,5.43,D,VIIRS
47.44149,36.01318,346.96,0.56,0.52,2026-08-05,09:47:00,N,nominal,2.0NRT,304.12,7.12,D,VIIRS
47.44336,36.02014,333.59,0.56,0.52,2026-08-05,09:47:00,N,nominal,2.0NRT,302.58,4.37,D,VIIRS
46.51243,32.78503,336.9,0.41,0.61,2026-08-05,09:47:00,N,nominal,2.0NRT,305.46,6.07,D,VIIRS
46.50564,32.78323,356.04,0.41,0.61,2026-08-05,09:47:00,N,nominal,2.0NRT,306.38,77.16,D,VIIRS
46.62638,33.18092,337.95,0.39,0.6,2026-08-05,09:47:00,N,nominal,2.0NRT,300.82,1.89,D,VIIRS
46.50722,32.78836,367,0.41,0.61,2026-08-05,09:47:00,N,high,2.0NRT,305.97,48.13,D,VIIRS
46.50042,32.78655,350.57,0.41,0.61,2026-08-05,09:47:00,N,nominal,2.0NRT,318.1,77.16,D,VIIRS
46.50199,32.79165,354.42,0.41,0.61,2026-08-05,09:47:00,N,nominal,2.0NRT,301.09,48.13,D,VIIRS
47.42804,36.02108,330.14,0.56,0.52,2026-08-05,09:47:00,N,low,2.0NRT,302.58,2.74,D,VIIRS
47.82619,37.55993,335.35,0.47,0.48,2026-08-05,09:47:00,N,nominal,2.0NRT,304.69,6.23,D,VIIRS
46.48896,32.76952,330.29,0.41,0.61,2026-08-05,09:47:00,N,low,2.0NRT,300.91,2.33,D,VIIRS
47.74776,37.26741,332.8,0.49,0.48,2026-08-05,09:47:00,N,nominal,2.0NRT,296.3,5.14,D,VIIRS
46.60361,33.16613,351.42,0.39,0.6,2026-08-05,09:47:00,N,nominal,2.0NRT,303.28,41.04,D,VIIRS
46.60509,33.17105,355.45,0.39,0.6,2026-08-05,09:47:00,N,nominal,2.0NRT,314.95,41.04,D,VIIRS
46.60658,33.17595,354.39,0.39,0.6,2026-08-05,09:47:00,N,nominal,2.0NRT,304.78,31.63,D,VIIRS
47.42479,36.04765,341.54,0.56,0.52,2026-08-05,09:47:00,N,nominal,2.0NRT,304.08,10.59,D,VIIRS
47.42669,36.05475,339.52,0.56,0.52,2026-08-05,09:47:00,N,nominal,2.0NRT,304.47,10.59,D,VIIRS
50.26331,36.03833,346.28,0.47,0.48,2026-08-05,09:47:00,N,nominal,2.0NRT,300.56,8.53,D,VIIRS
50.26328,36.03798,346.56,0.47,0.48,2026-08-05,09:47:00,N,nominal,2.0NRT,300.78,9.36,D,VIIRS
48.12472,29.0156,350.24,0.52,0.67,2026-08-05,09:47:00,N,nominal,2.0NRT,292.61,5.71,D,VIIRS
50.16581,36.14174,336.82,0.47,0.47,2026-08-05,09:47:00,N,nominal,2.0NRT,303.94,15.57,D,VIIRS
50.16739,36.14807,341.09,0.47,0.47,2026-08-05,09:47:00,N,nominal,2.0NRT,301.72,16.97,D,VIIRS
50.1198,36.14844,330.69,0.47,0.48,2026-08-05,09:47:00,N,low,2.0NRT,300.81,5.16,D,VIIRS
48.69188,31.46941,353.03,0.4,0.6,2026-08-05,09:47:00,N,nominal,2.0NRT,299.32,16.69,D,VIIRS
48.69346,31.4745,367,0.4,0.6,2026-08-05,09:47:00,N,high,2.0NRT,299.65,16.69,D,VIIRS
45.95438,33.94091,336.94,0.38,0.59,2026-08-05,09:47:00,N,nominal,2.0NRT,299.65,2.86,D,VIIRS
45.95301,33.93626,332.3,0.38,0.59,2026-08-05,09:47:00,N,nominal,2.0NRT,299.65,2.86,D,VIIRS
45.95948,33.9379,367,0.38,0.59,2026-08-05,09:47:00,N,high,2.0NRT,302.42,22.83,D,VIIRS
45.95811,33.93325,342.69,0.38,0.59,2026-08-05,09:47:00,N,nominal,2.0NRT,299.99,22.83,D,VIIRS
46.70855,36.27767,338.26,0.57,0.52,2026-08-05,09:47:00,N,nominal,2.0NRT,300.6,10.45,D,VIIRS
46.70663,36.27049,340.35,0.57,0.52,2026-08-05,09:47:00,N,nominal,2.0NRT,301.33,13.31,D,VIIRS
47.12229,37.84185,331.05,0.48,0.48,2026-08-05,09:47:00,N,nominal,2.0NRT,300.82,3.04,D,VIIRS
46.44773,34.87522,352.32,0.34,0.56,2026-08-05,09:47:00,N,nominal,2.0NRT,301.59,4.48,D,VIIRS
46.44654,34.87104,353.37,0.34,0.56,2026-08-05,09:47:00,N,nominal,2.0NRT,304.94,4.48,D,VIIRS
46.46079,34.90155,334.22,0.34,0.56,2026-08-05,09:47:00,N,nominal,2.0NRT,300.62,3.86,D,VIIRS
46.45962,34.89738,344.12,0.34,0.56,2026-08-05,09:47:00,N,nominal,2.0NRT,302.84,3.48,D,VIIRS
46.45139,34.86822,341.51,0.34,0.56,2026-08-05,09:47:00,N,nominal,2.0NRT,301.08,4.48,D,VIIRS
46.45021,34.86405,331.04,0.34,0.56,2026-08-05,09:47:00,N,nominal,2.0NRT,300.52,3.59,D,VIIRS
46.46447,34.89458,367,0.34,0.56,2026-08-05,09:47:00,N,high,2.0NRT,303.05,4.06,D,VIIRS
46.52093,35.09579,331.37,0.33,0.55,2026-08-05,09:47:00,N,nominal,2.0NRT,299.56,0.9,D,VIIRS
46.4693,34.89175,336.92,0.34,0.56,2026-08-05,09:47:00,N,nominal,2.0NRT,300.36,4.06,D,VIIRS
46.46813,34.88758,353.72,0.34,0.56,2026-08-05,09:47:00,N,nominal,2.0NRT,302.63,4.06,D,VIIRS
47.14441,37.40223,336.17,0.5,0.49,2026-08-05,09:47:00,N,nominal,2.0NRT,302.75,4.59,D,VIIRS
46.90164,36.40132,345.52,0.56,0.52,2026-08-05,09:47:00,N,nominal,2.0NRT,304.08,7.64,D,VIIRS
46.77054,35.84838,332.69,0.6,0.53,2026-08-05,09:47:00,N,nominal,2.0NRT,301.01,5.06,D,VIIRS
46.99706,36.68891,343.54,0.54,0.51,2026-08-05,09:47:00,N,nominal,2.0NRT,300.32,4.89,D,VIIRS
46.77517,35.84579,340.79,0.6,0.53,2026-08-05,09:47:00,N,nominal,2.0NRT,300.27,5.06,D,VIIRS
46.77777,35.8356,348.51,0.6,0.53,2026-08-05,09:47:00,N,nominal,2.0NRT,301.45,16.13,D,VIIRS
46.97764,36.57453,346.32,0.55,0.51,2026-08-05,09:47:00,N,nominal,2.0NRT,302.56,6.37,D,VIIRS
46.98659,36.5697,342.22,0.55,0.51,2026-08-05,09:47:00,N,nominal,2.0NRT,304.02,10.08,D,VIIRS
46.77729,35.84415,340.64,0.6,0.53,2026-08-05,09:47:00,N,nominal,2.0NRT,300.06,8.93,D,VIIRS
46.77523,35.83661,345.86,0.6,0.53,2026-08-05,09:47:00,N,nominal,2.0NRT,301.27,8.93,D,VIIRS
46.9789,36.57293,350.93,0.55,0.51,2026-08-05,09:47:00,N,nominal,2.0NRT,304.28,6.49,D,VIIRS
46.77985,35.83402,337.46,0.6,0.53,2026-08-05,09:47:00,N,nominal,2.0NRT,298.94,8.93,D,VIIRS
46.98338,36.57053,330.8,0.55,0.51,2026-08-05,09:47:00,N,low,2.0NRT,304.64,1.51,D,VIIRS
46.98969,36.57502,337.17,0.55,0.51,2026-08-05,09:47:00,N,nominal,2.0NRT,302.49,5.37,D,VIIRS
46.98785,36.5681,332.91,0.55,0.51,2026-08-05,09:47:00,N,low,2.0NRT,303.91,1.51,D,VIIRS
46.93367,36.22794,330.82,0.57,0.52,2026-08-05,09:47:00,N,nominal,2.0NRT,299.08,5.51,D,VIIRS
46.93822,36.22549,332.3,0.57,0.52,2026-08-05,09:47:00,N,nominal,2.0NRT,299.27,5.51,D,VIIRS
46.93633,36.21836,341.49,0.57,0.52,2026-08-05,09:47:00,N,nominal,2.0NRT,300.72,5.51,D,VIIRS
46.99144,36.40682,355.35,0.56,0.51,2026-08-05,09:47:00,N,nominal,2.0NRT,304.02,13.39,D,VIIRS
46.96918,36.32258,332.78,0.56,0.52,2026-08-05,09:47:00,N,nominal,2.0NRT,302.4,7.27,D,VIIRS
46.96542,36.30837,337.28,0.56,0.52,2026-08-05,09:47:00,N,nominal,2.0NRT,304.11,4.57,D,VIIRS
46.96352,36.30119,332.37,0.56,0.52,2026-08-05,09:47:00,N,nominal,2.0NRT,300.52,4.57,D,VIIRS
46.6079,34.93634,332.58,0.33,0.55,2026-08-05,09:47:00,N,nominal,2.0NRT,301.12,1.86,D,VIIRS
47.28537,37.45278,337.04,0.49,0.49,2026-08-05,09:47:00,N,nominal,2.0NRT,303.42,3.16,D,VIIRS
47.29126,37.45698,344.33,0.49,0.49,2026-08-05,09:47:00,N,nominal,2.0NRT,305.26,29.43,D,VIIRS
47.28967,37.4506,334.43,0.49,0.49,2026-08-05,09:47:00,N,low,2.0NRT,306.64,42.86,D,VIIRS
46.67162,34.98481,342.56,0.33,0.55,2026-08-05,09:47:00,N,nominal,2.0NRT,304.64,3.03,D,VIIRS
46.67049,34.98075,350.66,0.33,0.55,2026-08-05,09:47:00,N,nominal,2.0NRT,305.84,3.03,D,VIIRS
46.23861,33.44628,367,0.39,0.6,2026-08-05,09:47:00,N,high,2.0NRT,305.17,14.47,D,VIIRS
46.67527,34.97787,332.77,0.33,0.55,2026-08-05,09:47:00,N,low,2.0NRT,303.27,3.03,D,VIIRS
46.67414,34.9738,336.18,0.33,0.55,2026-08-05,09:47:00,N,nominal,2.0NRT,303.74,2.9,D,VIIRS
46.2372,33.44146,330.14,0.39,0.6,2026-08-05,09:47:00,N,nominal,2.0NRT,302.56,7.36,D,VIIRS
46.83425,35.54054,332.12,0.61,0.54,2026-08-05,09:47:00,N,low,2.0NRT,302.77,3.13,D,VIIRS
46.82016,35.46828,330.4,0.62,0.54,2026-08-05,09:47:00,N,low,2.0NRT,302.75,2.7,D,VIIRS
46.66928,34.98681,334.1,0.33,0.55,2026-08-05,09:47:00,N,low,2.0NRT,304.15,3.52,D,VIIRS
46.67294,34.97997,356.29,0.33,0.55,2026-08-05,09:47:00,N,nominal,2.0NRT,304.68,6.55,D,VIIRS
46.67179,34.9759,343.01,0.33,0.55,2026-08-05,09:47:00,N,nominal,2.0NRT,303.74,3.5,D,VIIRS
46.83474,35.54036,331.93,0.61,0.54,2026-08-05,09:47:00,N,low,2.0NRT,302.63,2.27,D,VIIRS
46.23861,33.44871,367,0.39,0.6,2026-08-05,09:47:00,N,high,2.0NRT,303.23,11.43,D,VIIRS
46.8203,35.46835,330.89,0.62,0.54,2026-08-05,09:47:00,N,low,2.0NRT,303.05,3.32,D,VIIRS
46.23717,33.44391,350.18,0.39,0.6,2026-08-05,09:47:00,N,nominal,2.0NRT,303.69,4.49,D,VIIRS
46.23573,33.43911,333.11,0.39,0.6,2026-08-05,09:47:00,N,nominal,2.0NRT,302.03,4.49,D,VIIRS
46.82499,35.46567,335.36,0.62,0.54,2026-08-05,09:47:00,N,nominal,2.0NRT,301.73,3.32,D,VIIRS
46.82285,35.4579,337.33,0.62,0.54,2026-08-05,09:47:00,N,nominal,2.0NRT,302.56,4.79,D,VIIRS
47.18259,36.66443,340.93,0.54,0.51,2026-08-05,09:47:00,N,nominal,2.0NRT,300.22,6.78,D,VIIRS
46.84731,35.18939,331.18,0.64,0.54,2026-08-05,09:47:00,N,low,2.0NRT,305.1,3.85,D,VIIRS
46.84513,35.18142,334.26,0.64,0.54,2026-08-05,09:47:00,N,low,2.0NRT,305.14,3.85,D,VIIRS
46.8448,35.18225,338.2,0.64,0.54,2026-08-05,09:47:00,N,nominal,2.0NRT,305.71,6.79,D,VIIRS
47.29807,36.84399,342.44,0.52,0.5,2026-08-05,09:47:00,N,nominal,2.0NRT,301.86,5.28,D,VIIRS
46.89912,35.27908,342.12,0.63,0.54,2026-08-05,09:47:00,N,nominal,2.0NRT,303.89,10.28,D,VIIRS
47.01932,35.69773,332.81,0.6,0.53,2026-08-05,09:47:00,N,nominal,2.0NRT,301.55,3.43,D,VIIRS
46.94589,35.36972,342.39,0.62,0.54,2026-08-05,09:47:00,N,nominal,2.0NRT,301.75,11.73,D,VIIRS
46.94375,35.36193,341.29,0.62,0.54,2026-08-05,09:47:00,N,nominal,2.0NRT,300.64,6.12,D,VIIRS
47.19209,36.04847,330.12,0.57,0.52,2026-08-05,09:47:00,N,low,2.0NRT,302.15,4.17,D,VIIRS
47.50419,37.24672,340.12,0.5,0.49,2026-08-05,09:47:00,N,nominal,2.0NRT,303.94,3.77,D,VIIRS
47.51007,37.2508,348.46,0.5,0.49,2026-08-05,09:47:00,N,nominal,2.0NRT,305.19,10.48,D,VIIRS
47.0549,35.49284,348,0.61,0.53,2026-08-05,09:47:00,N,nominal,2.0NRT,302.02,11.43,D,VIIRS
47.50684,37.25261,340.32,0.5,0.49,2026-08-05,09:47:00,N,nominal,2.0NRT,303.18,5.55,D,VIIRS
47.50523,37.24633,338.75,0.5,0.49,2026-08-05,09:47:00,N,nominal,2.0NRT,302.95,5.55,D,VIIRS
47.1916,36.05011,331.8,0.57,0.52,2026-08-05,09:47:00,N,low,2.0NRT,302.21,2.37,D,VIIRS
47.51115,37.25041,334.18,0.5,0.49,2026-08-05,09:47:00,N,low,2.0NRT,305.4,6.02,D,VIIRS
47.05628,35.49406,342.99,0.61,0.53,2026-08-05,09:47:00,N,nominal,2.0NRT,300.08,11.37,D,VIIRS
47.21627,35.86877,345.37,0.58,0.52,2026-08-05,09:47:00,N,nominal,2.0NRT,303.68,10.99,D,VIIRS
47.21431,35.86144,342.54,0.58,0.52,2026-08-05,09:47:00,N,nominal,2.0NRT,302.7,8.24,D,VIIRS
47.51596,36.94142,344.1,0.51,0.49,2026-08-05,09:47:00,N,nominal,2.0NRT,301.75,7.23,D,VIIRS
47.41965,34.57856,343.57,0.32,0.55,2026-08-05,09:47:00,N,nominal,2.0NRT,305.47,34.91,D,VIIRS
48.03433,36.85979,333.4,0.5,0.49,2026-08-05,09:47:00,N,nominal,2.0NRT,300.24,1.91,D,VIIRS
47.99811,36.71761,339.18,0.51,0.49,2026-08-05,09:47:00,N,nominal,2.0NRT,303.25,4.94,D,VIIRS
47.7847,35.89754,332.43,0.56,0.51,2026-08-05,09:47:00,N,nominal,2.0NRT,299.15,3.1,D,VIIRS
47.72974,35.67143,356.74,0.57,0.52,2026-08-05,09:47:00,N,nominal,2.0NRT,305.78,29,D,VIIRS
47.73625,35.67627,344.09,0.57,0.52,2026-08-05,09:47:00,N,nominal,2.0NRT,303.5,26.04,D,VIIRS
47.73434,35.66909,341.47,0.57,0.52,2026-08-05,09:47:00,N,nominal,2.0NRT,304.64,29,D,VIIRS
47.36171,34.27317,344.11,0.34,0.56,2026-08-05,09:47:00,N,nominal,2.0NRT,303.99,3.27,D,VIIRS
47.36051,34.26894,336.57,0.34,0.56,2026-08-05,09:47:00,N,nominal,2.0NRT,304.4,3.27,D,VIIRS
47.35931,34.26469,351.23,0.34,0.56,2026-08-05,09:47:00,N,nominal,2.0NRT,304.69,3.8,D,VIIRS
47.36652,34.27021,334.21,0.34,0.56,2026-08-05,09:47:00,N,nominal,2.0NRT,303.65,2.02,D,VIIRS
47.36532,34.26598,334.04,0.34,0.56,2026-08-05,09:47:00,N,nominal,2.0NRT,303.77,2.02,D,VIIRS
47.47316,34.63109,333.54,0.32,0.55,2026-08-05,09:47:00,N,nominal,2.0NRT,302.41,1.82,D,VIIRS
47.47203,34.62701,341,0.32,0.55,2026-08-05,09:47:00,N,nominal,2.0NRT,303.18,1.82,D,VIIRS
45.82597,29.31489,330.87,0.61,0.71,2026-08-05,09:47:00,N,nominal,2.0NRT,298.3,3.04,D,VIIRS
48.04079,36.73055,332.6,0.5,0.49,2026-08-05,09:47:00,N,low,2.0NRT,303.98,1.72,D,VIIRS
47.84264,35.96116,330.93,0.55,0.51,2026-08-05,09:47:00,N,nominal,2.0NRT,298.35,1.93,D,VIIRS
48.03458,36.66714,335.04,0.51,0.49,2026-08-05,09:47:00,N,nominal,2.0NRT,303.63,3.09,D,VIIRS
47.78352,35.65769,335.36,0.57,0.52,2026-08-05,09:47:00,N,nominal,2.0NRT,303.97,5.95,D,VIIRS
48.04062,36.72897,334.05,0.5,0.49,2026-08-05,09:47:00,N,low,2.0NRT,304.41,4.85,D,VIIRS
47.84302,35.95977,337.03,0.55,0.51,2026-08-05,09:47:00,N,nominal,2.0NRT,298.64,5.45,D,VIIRS
48.03411,36.6658,335.67,0.51,0.49,2026-08-05,09:47:00,N,nominal,2.0NRT,302.76,4.12,D,VIIRS
47.78246,35.6575,334.81,0.57,0.52,2026-08-05,09:47:00,N,nominal,2.0NRT,304.19,5.22,D,VIIRS
45.8236,29.31478,331.99,0.61,0.71,2026-08-05,09:47:00,N,nominal,2.0NRT,298.39,2.19,D,VIIRS
47.74452,35.4592,345.29,0.58,0.52,2026-08-05,09:47:00,N,nominal,2.0NRT,305.93,7.51,D,VIIRS
47.93726,36.12209,341.93,0.54,0.51,2026-08-05,09:47:00,N,nominal,2.0NRT,301.87,20.8,D,VIIRS
47.93547,36.11528,339.76,0.54,0.51,2026-08-05,09:47:00,N,nominal,2.0NRT,301.41,14.16,D,VIIRS
47.80042,35.58816,333.44,0.57,0.52,2026-08-05,09:47:00,N,nominal,2.0NRT,303.41,6.73,D,VIIRS
47.79843,35.58078,341.7,0.57,0.52,2026-08-05,09:47:00,N,nominal,2.0NRT,304.65,6.73,D,VIIRS
47.94784,36.12368,345.34,0.54,0.51,2026-08-05,09:47:00,N,nominal,2.0NRT,301.41,9.21,D,VIIRS
47.94608,36.11695,349.37,0.54,0.51,2026-08-05,09:47:00,N,nominal,2.0NRT,300.9,9.21,D,VIIRS
47.1345,33.19278,367,0.38,0.59,2026-08-05,09:47:00,N,high,2.0NRT,309.17,58.49,D,VIIRS
47.13169,33.18332,356.49,0.38,0.59,2026-08-05,09:47:00,N,low,2.0NRT,332.34,60.1,D,VIIRS
47.13029,33.17859,291.64,0.38,0.59,2026-08-05,09:47:00,N,low,2.0NRT,303.14,60.1,D,VIIRS
47.13815,33.18486,367,0.38,0.59,2026-08-05,09:47:00,N,high,2.0NRT,307.03,58.49,D,VIIRS
47.70063,35.16115,344.11,0.6,0.53,2026-08-05,09:47:00,N,nominal,2.0NRT,305.62,22.32,D,VIIRS
47.52658,34.53202,331.83,0.32,0.55,2026-08-05,09:47:00,N,nominal,2.0NRT,300.8,2.46,D,VIIRS
47.13955,33.18959,339.69,0.38,0.59,2026-08-05,09:47:00,N,nominal,2.0NRT,307,58.49,D,VIIRS
47.13674,33.18013,346.92,0.38,0.59,2026-08-05,09:47:00,N,nominal,2.0NRT,303.3,60.1,D,VIIRS
47.70525,35.15842,340.66,0.6,0.53,2026-08-05,09:47:00,N,nominal,2.0NRT,299.06,7.19,D,VIIRS
47.69122,35.08735,341.15,0.61,0.53,2026-08-05,09:47:00,N,nominal,2.0NRT,302.88,7.76,D,VIIRS
47.8118,35.51331,333.18,0.58,0.52,2026-08-05,09:47:00,N,nominal,2.0NRT,302.45,2.61,D,VIIRS
47.69586,35.08464,330.44,0.61,0.53,2026-08-05,09:47:00,N,low,2.0NRT,301.17,3.36,D,VIIRS
47.73197,35.17789,356.85,0.6,0.53,2026-08-05,09:47:00,N,nominal,2.0NRT,305.19,19.95,D,VIIRS
47.59564,34.66071,334.21,0.32,0.54,2026-08-05,09:47:00,N,nominal,2.0NRT,301.01,3.82,D,VIIRS
47.70906,35.0144,333.98,0.61,0.53,2026-08-05,09:47:00,N,nominal,2.0NRT,301.28,3.04,D,VIIRS
47.65994,34.83447,335.48,0.62,0.54,2026-08-05,09:47:00,N,nominal,2.0NRT,301.19,3.7,D,VIIRS
47.66462,34.83163,332.44,0.62,0.54,2026-08-05,09:47:00,N,low,2.0NRT,304.41,3.7,D,VIIRS
47.76575,35.18419,334.87,0.6,0.53,2026-08-05,09:47:00,N,nominal,2.0NRT,302.89,8.73,D,VIIRS
47.66047,34.83442,339.43,0.62,0.54,2026-08-05,09:47:00,N,nominal,2.0NRT,301.85,7.09,D,VIIRS
47.66516,34.83165,330.08,0.62,0.54,2026-08-05,09:47:00,N,low,2.0NRT,305.05,5.31,D,VIIRS
47.76801,35.18285,333.49,0.6,0.53,2026-08-05,09:47:00,N,nominal,2.0NRT,301.79,5.17,D,VIIRS
47.91634,38.40648,330.89,0.43,0.46,2026-08-05,09:47:00,N,nominal,2.0NRT,297.17,1.55,D,VIIRS
47.21176,35.62292,342.99,0.59,0.53,2026-08-05,09:47:00,N,nominal,2.0NRT,298.55,5.56,D,VIIRS
47.10726,35.24243,330.75,0.62,0.54,2026-08-05,09:47:00,N,low,2.0NRT,302.33,2.39,D,VIIRS
47.21635,35.62022,331.45,0.59,0.53,2026-08-05,09:47:00,N,nominal,2.0NRT,299.45,3.69,D,VIIRS
47.58997,37.01649,341.68,0.5,0.49,2026-08-05,09:47:00,N,nominal,2.0NRT,302.58,3.56,D,VIIRS
50.55835,30.85304,336.6,0.37,0.58,2026-08-05,09:49:00,N,nominal,2.0NRT,296.1,5.43,D,VIIRS
50.55565,30.85285,343.73,0.37,0.58,2026-08-05,09:49:00,N,nominal,2.0NRT,297.39,3.77,D,VIIRS
50.93279,33.00874,339.84,0.59,0.53,2026-08-05,09:49:00,N,nominal,2.0NRT,295.18,8.87,D,VIIRS
50.24002,31.30944,334.85,0.36,0.57,2026-08-05,09:49:00,N,nominal,2.0NRT,295.95,1.41,D,VIIRS
51.00938,34.59153,330.3,0.51,0.49,2026-08-05,09:49:00,N,nominal,2.0NRT,293.83,8.13,D,VIIRS
50.73098,25.84122,342.06,0.56,0.69,2026-08-05,09:49:00,N,nominal,2.0NRT,297.65,7.08,D,VIIRS
52.17447,32.91491,329.32,0.54,0.51,2026-08-05,09:49:00,N,nominal,2.0NRT,294.32,4.47,D,VIIRS
49.61102,26.73735,330.62,0.57,0.69,2026-08-05,09:49:00,N,nominal,2.0NRT,296.34,21.12,D,VIIRS
49.61361,26.74458,367,0.57,0.69,2026-08-05,09:49:00,N,high,2.0NRT,301.46,21.12,D,VIIRS
46.84324,35.18542,330.35,0.35,0.57,2026-08-05,11:28:00,N,nominal,2.0NRT,298.49,2.57,D,VIIRS
49.16503,31.02936,354.08,0.48,0.48,2026-08-05,11:28:00,N,nominal,2.0NRT,299.49,14.74,D,VIIRS
49.16058,31.03014,355.63,0.48,0.48,2026-08-05,11:28:00,N,nominal,2.0NRT,300.97,10.93,D,VIIRS
48.25573,22.81642,349.59,0.39,0.36,2026-08-05,11:28:00,N,nominal,2.0NRT,308.58,4.31,D,VIIRS
48.25244,22.8175,338.16,0.39,0.36,2026-08-05,11:28:00,N,nominal,2.0NRT,308.74,4.31,D,VIIRS
49.4142,37.78159,335.04,0.48,0.65,2026-08-05,11:28:00,N,nominal,2.0NRT,292.33,2.35,D,VIIRS
49.22195,34.57199,330.73,0.34,0.56,2026-08-05,11:28:00,N,low,2.0NRT,303.13,3.54,D,VIIRS
49.16542,37.44305,353.77,0.46,0.64,2026-08-05,11:28:00,N,nominal,2.0NRT,296.95,7.32,D,VIIRS
46.80145,33.27183,346.35,0.57,0.52,2026-08-05,11:28:00,N,nominal,2.0NRT,309.63,8.02,D,VIIRS
49.03541,36.07148,332.33,0.4,0.6,2026-08-05,11:28:00,N,nominal,2.0NRT,301.53,3.26,D,VIIRS
48.83692,33.40797,345.28,0.6,0.53,2026-08-05,11:28:00,N,nominal,2.0NRT,302.45,8.12,D,VIIRS
48.83705,33.4063,341.38,0.6,0.53,2026-08-05,11:28:00,N,nominal,2.0NRT,301.54,3.92,D,VIIRS
48.93237,36.51123,346.42,0.42,0.61,2026-08-05,11:28:00,N,nominal,2.0NRT,296.6,5.71,D,VIIRS
48.52368,29.43675,350.83,0.4,0.44,2026-08-05,11:28:00,N,nominal,2.0NRT,303.21,9.68,D,VIIRS
48.70134,34.91048,348.04,0.35,0.57,2026-08-05,11:28:00,N,nominal,2.0NRT,301.1,4.24,D,VIIRS
48.70382,34.90976,341.91,0.35,0.57,2026-08-05,11:28:00,N,nominal,2.0NRT,300.53,3.15,D,VIIRS
48.70403,34.9147,336.27,0.35,0.57,2026-08-05,11:28:00,N,nominal,2.0NRT,301.09,4.07,D,VIIRS
48.69258,34.89577,330.73,0.35,0.57,2026-08-05,11:28:00,N,nominal,2.0NRT,299.28,5.26,D,VIIRS
48.69278,34.9007,367,0.35,0.57,2026-08-05,11:28:00,N,high,2.0NRT,301.13,5.26,D,VIIRS
48.68726,34.89617,356.56,0.35,0.57,2026-08-05,11:28:00,N,nominal,2.0NRT,301.81,9.28,D,VIIRS
48.68746,34.90108,333.46,0.35,0.57,2026-08-05,11:28:00,N,nominal,2.0NRT,297.4,9.28,D,VIIRS
48.68195,34.89665,332.22,0.35,0.57,2026-08-05,11:28:00,N,nominal,2.0NRT,296.81,9.28,D,VIIRS
48.66702,35.86831,341.91,0.39,0.59,2026-08-05,11:28:00,N,nominal,2.0NRT,295.46,6.97,D,VIIRS
48.66686,35.86297,367,0.39,0.59,2026-08-05,11:28:00,N,high,2.0NRT,297.08,6.97,D,VIIRS
48.59187,36.30526,331.24,0.41,0.6,2026-08-05,11:28:00,N,nominal,2.0NRT,299.32,6.17,D,VIIRS
48.58028,37.04788,353.37,0.44,0.62,2026-08-05,11:28:00,N,nominal,2.0NRT,296.03,6.13,D,VIIRS
48.12947,29.00921,332.76,0.57,0.43,2026-08-05,11:28:00,N,nominal,2.0NRT,301.02,3.33,D,VIIRS
48.58209,37.04813,347.64,0.44,0.62,2026-08-05,11:28:00,N,nominal,2.0NRT,295.86,5.14,D,VIIRS
48.52844,36.33223,331.14,0.41,0.6,2026-08-05,11:28:00,N,nominal,2.0NRT,299.87,4.77,D,VIIRS
48.29919,33.744,342.62,0.62,0.54,2026-08-05,11:28:00,N,nominal,2.0NRT,299.84,8.57,D,VIIRS
48.04819,31.75777,338.92,0.5,0.49,2026-08-05,11:28:00,N,nominal,2.0NRT,306.84,3.63,D,VIIRS
48.27419,36.7643,338.12,0.43,0.62,2026-08-05,11:28:00,N,nominal,2.0NRT,294.39,2.98,D,VIIRS
48.04365,31.75844,337.9,0.5,0.49,2026-08-05,11:28:00,N,nominal,2.0NRT,306.7,3.63,D,VIIRS
48.2397,36.02863,333.48,0.39,0.6,2026-08-05,11:28:00,N,nominal,2.0NRT,297.62,2.91,D,VIIRS
48.14564,36.06226,339.77,0.39,0.6,2026-08-05,11:28:00,N,nominal,2.0NRT,297.48,2.36,D,VIIRS
48.12926,35.71147,331.15,0.38,0.59,2026-08-05,11:28:00,N,nominal,2.0NRT,300.22,3.2,D,VIIRS
48.07541,34.54953,339.35,0.34,0.56,2026-08-05,11:28:00,N,nominal,2.0NRT,300.14,14.68,D,VIIRS
48.07521,34.54494,367,0.34,0.56,2026-08-05,11:28:00,N,high,2.0NRT,303.84,9.95,D,VIIRS
48.07002,34.54558,349.61,0.34,0.56,2026-08-05,11:28:00,N,nominal,2.0NRT,301.89,9.95,D,VIIRS
47.87712,31.40189,330.11,0.48,0.48,2026-08-05,11:28:00,N,low,2.0NRT,303.18,2.99,D,VIIRS
48.07534,34.54452,356.38,0.33,0.56,2026-08-05,11:28:00,N,nominal,2.0NRT,303.04,9.25,D,VIIRS
48.07557,34.54909,350.43,0.34,0.56,2026-08-05,11:28:00,N,nominal,2.0NRT,301.07,16.69,D,VIIRS
48.07015,34.54514,349.96,0.33,0.56,2026-08-05,11:28:00,N,nominal,2.0NRT,301.71,9.25,D,VIIRS
48.00689,33.69151,340.66,0.61,0.53,2026-08-05,11:28:00,N,nominal,2.0NRT,300.29,7.9,D,VIIRS
48.09778,35.89401,208,0.39,0.59,2026-08-05,11:28:00,N,low,2.0NRT,307.87,65.56,D,VIIRS
48.09815,35.90483,330.24,0.39,0.59,2026-08-05,11:28:00,N,nominal,2.0NRT,301.41,33.5,D,VIIRS
48.09797,35.89942,367,0.39,0.59,2026-08-05,11:28:00,N,high,2.0NRT,312,65.56,D,VIIRS
48.09224,35.89423,335.12,0.39,0.59,2026-08-05,11:28:00,N,nominal,2.0NRT,302.44,65.56,D,VIIRS
48.0926,35.90509,331.89,0.39,0.59,2026-08-05,11:28:00,N,nominal,2.0NRT,300.88,33.5,D,VIIRS
48.09242,35.89965,367,0.39,0.59,2026-08-05,11:28:00,N,high,2.0NRT,314.13,65.56,D,VIIRS
48.07826,36.34558,345.69,0.41,0.6,2026-08-05,11:28:00,N,nominal,2.0NRT,298.2,6.95,D,VIIRS
48.07842,36.35122,367,0.41,0.6,2026-08-05,11:28:00,N,high,2.0NRT,299.53,6.95,D,VIIRS
48.03342,36.5896,332.47,0.42,0.61,2026-08-05,11:28:00,N,nominal,2.0NRT,298.36,3.51,D,VIIRS
48.02771,36.590089999999996,367,0.42,0.61,2026-08-05,11:28:00,N,high,2.0NRT,297.35,6.87,D,VIIRS
47.74874,31.07564,337.33,0.46,0.47,2026-08-05,11:28:00,N,nominal,2.0NRT,306.73,10.7,D,VIIRS
47.74929,31.07545,336.73,0.46,0.47,2026-08-05,11:28:00,N,nominal,2.0NRT,306.57,8.91,D,VIIRS
48.03225,36.58893,367,0.42,0.61,2026-08-05,11:28:00,N,high,2.0NRT,299.35,7.27,D,VIIRS
47.99175,36.37352,330.33,0.41,0.6,2026-08-05,11:28:00,N,nominal,2.0NRT,297.18,6.21,D,VIIRS
47.9687,35.82308,356.97,0.38,0.59,2026-08-05,11:28:00,N,nominal,2.0NRT,299.91,17.1,D,VIIRS
47.96888,35.82841,367,0.38,0.59,2026-08-05,11:28:00,N,high,2.0NRT,303.89,17.1,D,VIIRS
47.85855,33.44775,340.32,0.59,0.53,2026-08-05,11:28:00,N,nominal,2.0NRT,307.52,11.72,D,VIIRS
48.0032,37.28614,334.63,0.45,0.63,2026-08-05,11:28:00,N,nominal,2.0NRT,290.46,8.51,D,VIIRS
48.00306,37.27989,367,0.45,0.63,2026-08-05,11:28:00,N,high,2.0NRT,292.56,8.51,D,VIIRS
47.61781,30.08846,332.46,0.42,0.45,2026-08-05,11:28:00,N,low,2.0NRT,306.25,6.16,D,VIIRS
47.91066,34.85687,330.49,0.35,0.56,2026-08-05,11:28:00,N,low,2.0NRT,302.39,0.97,D,VIIRS
47.94494,36.12603,353.53,0.4,0.6,2026-08-05,11:28:00,N,nominal,2.0NRT,300.34,10.74,D,VIIRS
47.93917,36.12063,343.07,0.4,0.6,2026-08-05,11:28:00,N,nominal,2.0NRT,301.66,8.93,D,VIIRS
47.93358,36.12096,367,0.4,0.6,2026-08-05,11:28:00,N,high,2.0NRT,300.34,6.62,D,VIIRS
47.91076,35.91729,330.11,0.39,0.59,2026-08-05,11:28:00,N,nominal,2.0NRT,299.08,1.83,D,VIIRS
47.80797,33.89698,355.71,0.62,0.54,2026-08-05,11:28:00,N,nominal,2.0NRT,306.62,24.34,D,VIIRS
47.80841,33.90553,353.97,0.62,0.54,2026-08-05,11:28:00,N,nominal,2.0NRT,306.02,24.34,D,VIIRS
47.8517,36.10182,331.37,0.39,0.6,2026-08-05,11:28:00,N,nominal,2.0NRT,296.51,3.88,D,VIIRS
47.80728,35.58615,334.82,0.37,0.58,2026-08-05,11:28:00,N,nominal,2.0NRT,302.58,3.84,D,VIIRS
47.80745,35.59121,352.39,0.37,0.58,2026-08-05,11:28:00,N,nominal,2.0NRT,302.56,6.02,D,VIIRS
47.83638,36.56057,346.84,0.41,0.61,2026-08-05,11:28:00,N,nominal,2.0NRT,295.37,6.12,D,VIIRS
47.84263,37.0788,336.73,0.44,0.62,2026-08-05,11:28:00,N,nominal,2.0NRT,296.51,6.01,D,VIIRS
47.84276,37.08484,332.05,0.44,0.62,2026-08-05,11:28:00,N,nominal,2.0NRT,296.93,8.2,D,VIIRS
47.79637,35.58704,349.24,0.37,0.58,2026-08-05,11:28:00,N,nominal,2.0NRT,304.71,7.17,D,VIIRS
47.80672,35.58945,367,0.37,0.58,2026-08-05,11:28:00,N,high,2.0NRT,303.51,9.67,D,VIIRS
47.80107,35.58484,332.66,0.37,0.58,2026-08-05,11:28:00,N,nominal,2.0NRT,304.92,4.82,D,VIIRS
47.83505,36.56347,334.92,0.41,0.61,2026-08-05,11:28:00,N,nominal,2.0NRT,295.87,5.21,D,VIIRS
47.5434,31.20799,345.92,0.47,0.47,2026-08-05,11:28:00,N,nominal,2.0NRT,307.46,11.73,D,VIIRS
47.79562,35.58523,342.44,0.37,0.58,2026-08-05,11:28:00,N,nominal,2.0NRT,302.4,4.68,D,VIIRS
47.84385,37.0813,345.8,0.44,0.62,2026-08-05,11:28:00,N,nominal,2.0NRT,297.45,9.18,D,VIIRS
47.53852,31.20261,353.17,0.47,0.47,2026-08-05,11:28:00,N,nominal,2.0NRT,311.38,70.73,D,VIIRS
47.53949,31.21517,349.17,0.47,0.47,2026-08-05,11:28:00,N,nominal,2.0NRT,304.77,11.73,D,VIIRS
47.78197,35.65842,335.85,0.38,0.58,2026-08-05,11:28:00,N,nominal,2.0NRT,302.92,3.9,D,VIIRS
47.80017,36.54256,338.17,0.41,0.61,2026-08-05,11:28:00,N,nominal,2.0NRT,298.72,4.84,D,VIIRS
47.7363,35.17981,338.3,0.36,0.57,2026-08-05,11:28:00,N,nominal,2.0NRT,300.8,7.95,D,VIIRS
47.78705,36.68681,338.09,0.42,0.61,2026-08-05,11:28:00,N,nominal,2.0NRT,297.7,3,D,VIIRS
47.6473,33.42384,342.83,0.59,0.53,2026-08-05,11:28:00,N,nominal,2.0NRT,311.34,54.26,D,VIIRS
47.64774,33.43183,345.56,0.59,0.53,2026-08-05,11:28:00,N,nominal,2.0NRT,311.95,54.26,D,VIIRS
47.73076,35.17537,367,0.36,0.57,2026-08-05,11:28:00,N,high,2.0NRT,302.39,7.95,D,VIIRS
47.73095,35.18024,367,0.36,0.57,2026-08-05,11:28:00,N,high,2.0NRT,304.38,7.95,D,VIIRS
47.72541,35.1758,367,0.36,0.57,2026-08-05,11:28:00,N,high,2.0NRT,300.38,10.25,D,VIIRS
47.72561,35.18071,367,0.36,0.57,2026-08-05,11:28:00,N,high,2.0NRT,303.43,10.25,D,VIIRS
47.71949,35.1616,336.76,0.36,0.57,2026-08-05,11:28:00,N,nominal,2.0NRT,296.48,0.63,D,VIIRS
47.71968,35.16647,339.63,0.36,0.57,2026-08-05,11:28:00,N,nominal,2.0NRT,299.89,5.24,D,VIIRS
47.71832,35.13216,367,0.35,0.57,2026-08-05,11:28:00,N,high,2.0NRT,300.06,10.09,D,VIIRS
47.71852,35.13718,367,0.35,0.57,2026-08-05,11:28:00,N,high,2.0NRT,306.02,22.46,D,VIIRS
47.71279,35.1278,208,0.35,0.57,2026-08-05,11:28:00,N,low,2.0NRT,317.77,109.21,D,VIIRS
47.71259,35.1227,354.35,0.35,0.57,2026-08-05,11:28:00,N,nominal,2.0NRT,298.56,49.38,D,VIIRS
47.7153,35.19139,333.61,0.36,0.57,2026-08-05,11:28:00,N,nominal,2.0NRT,300.98,7.68,D,VIIRS
47.73333,35.67854,350.89,0.38,0.58,2026-08-05,11:28:00,N,nominal,2.0NRT,299.67,5.38,D,VIIRS
47.73582,35.75064,331.22,0.38,0.59,2026-08-05,11:28:00,N,nominal,2.0NRT,299.42,5.2,D,VIIRS
47.7565,36.40965,342.74,0.41,0.6,2026-08-05,11:28:00,N,nominal,2.0NRT,297.78,4.44,D,VIIRS
47.71299,35.13281,367,0.35,0.57,2026-08-05,11:28:00,N,high,2.0NRT,317.93,109.21,D,VIIRS
47.736,35.75583,367,0.38,0.59,2026-08-05,11:28:00,N,high,2.0NRT,299.02,5.2,D,VIIRS
47.70726,35.12325,258.64,0.35,0.57,2026-08-05,11:28:00,N,low,2.0NRT,298.48,49.38,D,VIIRS
47.72731,35.66334,335.52,0.38,0.58,2026-08-05,11:28:00,N,nominal,2.0NRT,299.53,4.01,D,VIIRS
47.72768,35.67389,347.01,0.38,0.58,2026-08-05,11:28:00,N,nominal,2.0NRT,299.99,8.55,D,VIIRS
47.70765,35.13326,367,0.35,0.57,2026-08-05,11:28:00,N,high,2.0NRT,296.19,109.21,D,VIIRS
47.70308,35.15313,337.59,0.36,0.57,2026-08-05,11:28:00,N,nominal,2.0NRT,298.34,4.2,D,VIIRS
47.70479,35.19715,330.03,0.36,0.57,2026-08-05,11:28:00,N,low,2.0NRT,301.18,2.86,D,VIIRS
47.72167,35.65879,341.4,0.38,0.58,2026-08-05,11:28:00,N,nominal,2.0NRT,298.91,11.81,D,VIIRS
47.72202,35.66906,335.27,0.38,0.58,2026-08-05,11:28:00,N,nominal,2.0NRT,299.82,15.38,D,VIIRS
47.70327,35.15802,367,0.36,0.57,2026-08-05,11:28:00,N,high,2.0NRT,301.99,16.48,D,VIIRS
47.72185,35.66395,367,0.38,0.58,2026-08-05,11:28:00,N,high,2.0NRT,302.21,11.81,D,VIIRS
47.69774,35.15361,333.85,0.36,0.57,2026-08-05,11:28:00,N,nominal,2.0NRT,299.08,4.2,D,VIIRS
47.68993,35.09018,352.79,0.35,0.57,2026-08-05,11:28:00,N,nominal,2.0NRT,300.46,5.95,D,VIIRS
47.69221,35.14919,356.68,0.36,0.57,2026-08-05,11:28:00,N,nominal,2.0NRT,299.88,6.73,D,VIIRS
47.70731,35.72115,335.34,0.38,0.59,2026-08-05,11:28:00,N,nominal,2.0NRT,301.37,3.34,D,VIIRS
47.70183,35.72151,340.53,0.38,0.59,2026-08-05,11:28:00,N,nominal,2.0NRT,300.91,2.8,D,VIIRS
47.66379,34.83365,335.22,0.34,0.56,2026-08-05,11:28:00,N,nominal,2.0NRT,302.36,3.42,D,VIIRS
47.70187,35.89446,341.14,0.38,0.59,2026-08-05,11:28:00,N,nominal,2.0NRT,296.33,7,D,VIIRS
47.7017,35.88924,367,0.38,0.59,2026-08-05,11:28:00,N,high,2.0NRT,295.9,7,D,VIIRS
47.65814,34.82454,336.41,0.34,0.56,2026-08-05,11:28:00,N,nominal,2.0NRT,304.19,3.22,D,VIIRS
47.65833,34.82922,347.83,0.34,0.56,2026-08-05,11:28:00,N,nominal,2.0NRT,303.53,3.22,D,VIIRS
47.65852,34.83396,342.13,0.34,0.56,2026-08-05,11:28:00,N,nominal,2.0NRT,300.77,3.32,D,VIIRS
47.67284,35.35282,332.15,0.36,0.58,2026-08-05,11:28:00,N,nominal,2.0NRT,300.04,2.75,D,VIIRS
47.70655,36.45163,335.45,0.41,0.61,2026-08-05,11:28:00,N,nominal,2.0NRT,299.21,3.19,D,VIIRS
47.70356,35.61282,336.01,0.37,0.58,2026-08-05,11:28:00,N,nominal,2.0NRT,296.74,2.14,D,VIIRS
47.70771,35.7197,330.49,0.38,0.59,2026-08-05,11:28:00,N,low,2.0NRT,300.8,3.43,D,VIIRS
47.66501,34.83281,332.43,0.34,0.56,2026-08-05,11:28:00,N,low,2.0NRT,303.75,3.44,D,VIIRS
47.70242,35.72519,339.12,0.38,0.59,2026-08-05,11:28:00,N,nominal,2.0NRT,301.38,3.43,D,VIIRS
47.65953,34.8285,340.94,0.34,0.56,2026-08-05,11:28:00,N,nominal,2.0NRT,303.41,7.4,D,VIIRS
47.65975,34.83323,353.6,0.34,0.56,2026-08-05,11:28:00,N,nominal,2.0NRT,302.56,6.31,D,VIIRS
47.70314,35.89273,367,0.38,0.59,2026-08-05,11:28:00,N,high,2.0NRT,297.94,13.68,D,VIIRS
47.66692,35.24286,332.2,0.36,0.57,2026-08-05,11:28:00,N,nominal,2.0NRT,301.45,2.11,D,VIIRS
47.67139,35.35165,346.67,0.36,0.58,2026-08-05,11:28:00,N,nominal,2.0NRT,300.56,2.86,D,VIIRS
47.47436,32.02134,347.99,0.51,0.49,2026-08-05,11:28:00,N,nominal,2.0NRT,304.85,16.77,D,VIIRS
47.46978,32.02198,346.35,0.51,0.49,2026-08-05,11:28:00,N,nominal,2.0NRT,310.55,24.49,D,VIIRS
47.62832,35.49954,367,0.37,0.58,2026-08-05,11:28:00,N,high,2.0NRT,299.39,8.2,D,VIIRS
47.60465,35.30164,339.84,0.36,0.57,2026-08-05,11:28:00,N,nominal,2.0NRT,301.6,2.6,D,VIIRS
47.60499,35.45605,342.07,0.37,0.58,2026-08-05,11:28:00,N,nominal,2.0NRT,300.21,3.06,D,VIIRS
47.57934,35.49849,330.88,0.37,0.58,2026-08-05,11:28:00,N,nominal,2.0NRT,293.52,1.17,D,VIIRS
47.34474,31.43931,335.41,0.47,0.48,2026-08-05,11:28:00,N,nominal,2.0NRT,304.94,2.45,D,VIIRS
47.51998,34.64774,352.3,0.34,0.56,2026-08-05,11:28:00,N,nominal,2.0NRT,310.63,5.83,D,VIIRS
47.52765,35.46252,333.1,0.37,0.58,2026-08-05,11:28:00,N,low,2.0NRT,303.14,3.48,D,VIIRS
47.47253,34.63821,335.27,0.33,0.56,2026-08-05,11:28:00,N,nominal,2.0NRT,302.84,2.6,D,VIIRS
47.48002,35.34668,355.12,0.36,0.57,2026-08-05,11:28:00,N,nominal,2.0NRT,299.94,2.4,D,VIIRS
47.40493,33.75254,338.51,0.61,0.53,2026-08-05,11:28:00,N,nominal,2.0NRT,307.39,7.83,D,VIIRS
47.42528,34.27886,332.05,0.32,0.55,2026-08-05,11:28:00,N,low,2.0NRT,303.18,3.16,D,VIIRS
47.51622,36.94165,336.06,0.43,0.62,2026-08-05,11:28:00,N,nominal,2.0NRT,296.6,6.08,D,VIIRS
47.41977,34.27053,336.35,0.32,0.55,2026-08-05,11:28:00,N,nominal,2.0NRT,305.78,3.13,D,VIIRS
47.41997,34.275,335.68,0.32,0.55,2026-08-05,11:28:00,N,low,2.0NRT,307.5,3.13,D,VIIRS
47.42017,34.27946,351.62,0.32,0.55,2026-08-05,11:28:00,N,nominal,2.0NRT,306.07,3.16,D,VIIRS
47.40531,33.75315,340.12,0.61,0.53,2026-08-05,11:28:00,N,nominal,2.0NRT,307.28,5.59,D,VIIRS
45.38869,29.05799,334.39,0.53,0.42,2026-08-05,11:28:00,N,low,2.0NRT,309.05,7.79,D,VIIRS
45.39257,29.05721,339.94,0.53,0.42,2026-08-05,11:28:00,N,nominal,2.0NRT,302,6.05,D,VIIRS
45.95372,33.93596,334.55,0.6,0.53,2026-08-05,11:28:00,N,nominal,2.0NRT,303.74,6.11,D,VIIRS
45.9538,33.93515,334.44,0.6,0.53,2026-08-05,11:28:00,N,nominal,2.0NRT,303.8,4.57,D,VIIRS
45.95876,33.93456,335.5,0.6,0.53,2026-08-05,11:28:00,N,nominal,2.0NRT,303.39,4.57,D,VIIRS
45.62229,29.17945,339.25,0.54,0.42,2026-08-05,11:28:00,N,nominal,2.0NRT,303.07,10.02,D,VIIRS
45.67817,29.42253,334.93,0.56,0.43,2026-08-05,11:28:00,N,low,2.0NRT,306.24,3.69,D,VIIRS
45.73852,29.19172,342.19,0.55,0.42,2026-08-05,11:28:00,N,nominal,2.0NRT,311.24,10.79,D,VIIRS
47.42308,34.27473,333.79,0.32,0.55,2026-08-05,11:28:00,N,low,2.0NRT,306.73,2.6,D,VIIRS
47.42331,34.27929,335.88,0.32,0.55,2026-08-05,11:28:00,N,nominal,2.0NRT,304.53,2.72,D,VIIRS
47.4171,34.25795,332.17,0.32,0.55,2026-08-05,11:28:00,N,nominal,2.0NRT,302.11,1.45,D,VIIRS
47.41732,34.26228,333.82,0.32,0.55,2026-08-05,11:28:00,N,nominal,2.0NRT,303.53,3.27,D,VIIRS
47.41776,34.27097,346.15,0.32,0.55,2026-08-05,11:28:00,N,nominal,2.0NRT,306.79,2.6,D,VIIRS
47.41799,34.27543,342.41,0.32,0.55,2026-08-05,11:28:00,N,nominal,2.0NRT,307.14,2.6,D,VIIRS
45.74244,29.19095,345.77,0.55,0.42,2026-08-05,11:28:00,N,nominal,2.0NRT,312.04,31.49,D,VIIRS
45.8247,29.31244,350.31,0.55,0.43,2026-08-05,11:28:00,N,nominal,2.0NRT,312.09,14.28,D,VIIRS
46.17314,33.08925,337.29,0.55,0.51,2026-08-05,11:28:00,N,nominal,2.0NRT,299.51,11.71,D,VIIRS
46.17267,33.08197,353.99,0.55,0.51,2026-08-05,11:28:00,N,nominal,2.0NRT,303.03,11.71,D,VIIRS
46.17221,33.0747,340.4,0.55,0.51,2026-08-05,11:28:00,N,nominal,2.0NRT,302.35,6.33,D,VIIRS
46.17791,33.08865,354.27,0.55,0.51,2026-08-05,11:28:00,N,nominal,2.0NRT,301.41,11.71,D,VIIRS
46.17697,33.0741,346.06,0.55,0.51,2026-08-05,11:28:00,N,nominal,2.0NRT,303.81,6.33,D,VIIRS
46.18267,33.08805,336.31,0.55,0.51,2026-08-05,11:28:00,N,nominal,2.0NRT,290.49,5.99,D,VIIRS
46.18173,33.07351,347.2,0.55,0.51,2026-08-05,11:28:00,N,nominal,2.0NRT,300.47,4.63,D,VIIRS
46.18791,33.09476,335.29,0.55,0.51,2026-08-05,11:28:00,N,nominal,2.0NRT,288.67,6.16,D,VIIRS
46.18649,33.07292,335.47,0.55,0.51,2026-08-05,11:28:00,N,nominal,2.0NRT,301.38,4.63,D,VIIRS
46.30228,35.03848,354.76,0.34,0.56,2026-08-05,11:28:00,N,nominal,2.0NRT,302.11,7.16,D,VIIRS
46.30195,35.03954,345.53,0.34,0.56,2026-08-05,11:28:00,N,nominal,2.0NRT,301.66,6.17,D,VIIRS
45.89197,28.90204,335.59,0.53,0.42,2026-08-05,11:28:00,N,low,2.0NRT,308.78,4.44,D,VIIRS
46.34989,34.82186,330.58,0.33,0.56,2026-08-05,11:28:00,N,low,2.0NRT,301.18,0.57,D,VIIRS
46.01033,29.89582,341.16,0.39,0.44,2026-08-05,11:28:00,N,nominal,2.0NRT,310.13,6.94,D,VIIRS
46.01393,29.88995,335.11,0.39,0.44,2026-08-05,11:28:00,N,low,2.0NRT,308.8,3.44,D,VIIRS
46.01347,29.88484,335.18,0.39,0.44,2026-08-05,11:28:00,N,low,2.0NRT,309.18,3.44,D,VIIRS
46.013,29.87974,333.84,0.39,0.44,2026-08-05,11:28:00,N,low,2.0NRT,307.89,6.21,D,VIIRS
46.28902,32.94936,334.71,0.54,0.51,2026-08-05,11:28:00,N,nominal,2.0NRT,299.81,3.07,D,VIIRS
46.34702,33.80398,367,0.6,0.53,2026-08-05,11:28:00,N,high,2.0NRT,308.95,89.79,D,VIIRS
46.29424,32.95596,335.53,0.54,0.51,2026-08-05,11:28:00,N,nominal,2.0NRT,303.28,6.4,D,VIIRS
46.29376,32.94876,333.24,0.54,0.51,2026-08-05,11:28:00,N,nominal,2.0NRT,301.67,3.07,D,VIIRS
46.35196,33.80345,354.28,0.6,0.53,2026-08-05,11:28:00,N,nominal,2.0NRT,307.25,54.84,D,VIIRS
46.29425,32.95469,335.32,0.54,0.51,2026-08-05,11:28:00,N,nominal,2.0NRT,303.49,5.93,D,VIIRS
46.29381,32.94748,331.51,0.54,0.51,2026-08-05,11:28:00,N,low,2.0NRT,301.65,5.93,D,VIIRS
46.34738,33.80331,367,0.6,0.53,2026-08-05,11:28:00,N,high,2.0NRT,310.99,120.92,D,VIIRS
46.35233,33.80276,352.79,0.6,0.53,2026-08-05,11:28:00,N,nominal,2.0NRT,304.01,120.92,D,VIIRS
46.40932,34.4211,341.96,0.32,0.55,2026-08-05,11:28:00,N,nominal,2.0NRT,309.21,4.86,D,VIIRS
46.3037,32.36866,367,0.51,0.49,2026-08-05,11:28:00,N,high,2.0NRT,303.07,13.37,D,VIIRS
46.30323,32.3619,341.51,0.51,0.49,2026-08-05,11:28:00,N,nominal,2.0NRT,303.3,6.57,D,VIIRS
46.45151,34.87117,367,0.34,0.56,2026-08-05,11:28:00,N,high,2.0NRT,302.52,4,D,VIIRS
46.45172,34.87567,340.81,0.34,0.56,2026-08-05,11:28:00,N,nominal,2.0NRT,301.64,4,D,VIIRS
46.46321,34.89727,367,0.34,0.56,2026-08-05,11:28:00,N,high,2.0NRT,303.69,15.24,D,VIIRS
47.41821,34.27986,346.7,0.32,0.55,2026-08-05,11:28:00,N,nominal,2.0NRT,304.45,2.72,D,VIIRS
47.41111,34.24106,351.64,0.32,0.55,2026-08-05,11:28:00,N,nominal,2.0NRT,304.58,4.61,D,VIIRS
47.41133,34.24533,355.26,0.32,0.55,2026-08-05,11:28:00,N,nominal,2.0NRT,306.11,5,D,VIIRS
47.41154,34.24965,340.77,0.32,0.55,2026-08-05,11:28:00,N,nominal,2.0NRT,305.11,5,D,VIIRS
47.41221,34.26276,367,0.32,0.55,2026-08-05,11:28:00,N,high,2.0NRT,309.73,21.92,D,VIIRS
47.37602,34.25722,353.23,0.32,0.55,2026-08-05,11:28:00,N,nominal,2.0NRT,307.05,3.57,D,VIIRS
47.36477,34.23656,335.34,0.32,0.55,2026-08-05,11:28:00,N,nominal,2.0NRT,305.14,1.79,D,VIIRS
47.36624,34.26693,339.6,0.32,0.55,2026-08-05,11:28:00,N,nominal,2.0NRT,306.59,2.85,D,VIIRS
47.10193,30.31693,343.87,0.42,0.45,2026-08-05,11:28:00,N,nominal,2.0NRT,309.64,5.2,D,VIIRS
47.36093,34.26311,354.42,0.32,0.55,2026-08-05,11:28:00,N,nominal,2.0NRT,307.29,8.25,D,VIIRS
47.36114,34.26744,333.21,0.32,0.55,2026-08-05,11:28:00,N,low,2.0NRT,307.04,3.97,D,VIIRS
47.3552,34.25061,339.2,0.32,0.55,2026-08-05,11:28:00,N,nominal,2.0NRT,304.6,5.05,D,VIIRS
46.31936,32.39381,337.16,0.51,0.5,2026-08-05,11:28:00,N,low,2.0NRT,308.18,4.36,D,VIIRS
46.46822,34.89228,367,0.34,0.56,2026-08-05,11:28:00,N,high,2.0NRT,302.74,6.2,D,VIIRS
46.46801,34.88777,331.24,0.34,0.56,2026-08-05,11:28:00,N,nominal,2.0NRT,301.8,6.2,D,VIIRS
46.32397,32.39317,335.48,0.51,0.5,2026-08-05,11:28:00,N,low,2.0NRT,306.86,4.36,D,VIIRS
46.33225,32.37835,339.08,0.51,0.49,2026-08-05,11:28:00,N,low,2.0NRT,310.13,12.27,D,VIIRS
46.33179,32.37159,352.8,0.51,0.49,2026-08-05,11:28:00,N,nominal,2.0NRT,310.39,11.58,D,VIIRS
46.33639,32.37095,343.29,0.51,0.49,2026-08-05,11:28:00,N,nominal,2.0NRT,308.2,6.32,D,VIIRS
46.51265,35.05368,367,0.34,0.56,2026-08-05,11:28:00,N,high,2.0NRT,303.3,6.42,D,VIIRS
46.51244,35.04908,367,0.34,0.56,2026-08-05,11:28:00,N,high,2.0NRT,301.48,6.42,D,VIIRS
47.3554,34.25494,367,0.32,0.55,2026-08-05,11:28:00,N,high,2.0NRT,306.94,5.05,D,VIIRS
47.34499,34.25157,340.53,0.32,0.55,2026-08-05,11:28:00,N,nominal,2.0NRT,305.44,3.95,D,VIIRS
47.36284,35.62298,351.8,0.37,0.58,2026-08-05,11:28:00,N,nominal,2.0NRT,297.96,4.16,D,VIIRS
47.28719,34.07718,332.06,0.63,0.54,2026-08-05,11:28:00,N,low,2.0NRT,305.05,5.83,D,VIIRS
47.18933,32.64457,338.16,0.54,0.51,2026-08-05,11:28:00,N,nominal,2.0NRT,307.95,3.63,D,VIIRS
47.28495,34.44198,333.67,0.33,0.55,2026-08-05,11:28:00,N,nominal,2.0NRT,304.53,38.81,D,VIIRS
47.27938,34.43363,340.65,0.33,0.55,2026-08-05,11:28:00,N,nominal,2.0NRT,302.3,17.96,D,VIIRS
47.27959,34.43805,353.11,0.33,0.55,2026-08-05,11:28:00,N,nominal,2.0NRT,304.67,17.96,D,VIIRS
47.2798,34.44247,349.33,0.33,0.55,2026-08-05,11:28:00,N,nominal,2.0NRT,315.17,38.81,D,VIIRS
47.28002,34.44688,367,0.33,0.55,2026-08-05,11:28:00,N,high,2.0NRT,308.14,38.81,D,VIIRS
47.27466,34.44295,355.58,0.33,0.55,2026-08-05,11:28:00,N,nominal,2.0NRT,314.12,105.58,D,VIIRS
47.27508,34.4518,348.82,0.33,0.55,2026-08-05,11:28:00,N,nominal,2.0NRT,310.66,45.38,D,VIIRS
47.27529,34.45623,351.61,0.33,0.55,2026-08-05,11:28:00,N,nominal,2.0NRT,304.2,45.38,D,VIIRS
47.30119,35.03373,336.52,0.35,0.57,2026-08-05,11:28:00,N,nominal,2.0NRT,303.49,3.96,D,VIIRS
47.27445,34.43853,367,0.33,0.55,2026-08-05,11:28:00,N,high,2.0NRT,305.86,13.44,D,VIIRS
47.26847,34.42132,330.92,0.33,0.55,2026-08-05,11:28:00,N,low,2.0NRT,304.68,3.08,D,VIIRS
47.26931,34.43901,346.35,0.33,0.55,2026-08-05,11:28:00,N,nominal,2.0NRT,302.87,13.44,D,VIIRS
47.31039,35.39183,330.65,0.36,0.58,2026-08-05,11:28:00,N,nominal,2.0NRT,299.66,2.24,D,VIIRS
47.31059,35.39676,333.49,0.36,0.58,2026-08-05,11:28:00,N,nominal,2.0NRT,297.19,2.6,D,VIIRS
47.26312,34.4174,345.01,0.33,0.55,2026-08-05,11:28:00,N,nominal,2.0NRT,306.01,2.53,D,VIIRS
47.26333,34.42182,331,0.33,0.55,2026-08-05,11:28:00,N,low,2.0NRT,305.59,2.53,D,VIIRS
47.30501,35.39225,355.86,0.36,0.58,2026-08-05,11:28:00,N,nominal,2.0NRT,302.5,9.34,D,VIIRS
47.3052,35.39718,367,0.36,0.58,2026-08-05,11:28:00,N,high,2.0NRT,303,12.9,D,VIIRS
47.27174,34.71912,332.89,0.34,0.56,2026-08-05,11:28:00,N,low,2.0NRT,305.02,2.05,D,VIIRS
47.27194,34.72368,332.55,0.34,0.56,2026-08-05,11:28:00,N,low,2.0NRT,304.62,1.42,D,VIIRS
47.27214,34.72824,332.35,0.34,0.56,2026-08-05,11:28:00,N,low,2.0NRT,303.59,1.42,D,VIIRS
47.26672,34.72403,335.66,0.34,0.56,2026-08-05,11:28:00,N,nominal,2.0NRT,305.03,4.72,D,VIIRS
47.26712,34.7332,337.99,0.34,0.56,2026-08-05,11:28:00,N,nominal,2.0NRT,305.31,2.47,D,VIIRS
47.26732,34.73779,337.58,0.34,0.56,2026-08-05,11:28:00,N,nominal,2.0NRT,302.85,2.47,D,VIIRS
47.2621,34.73819,332.58,0.34,0.56,2026-08-05,11:28:00,N,low,2.0NRT,305.66,2.47,D,VIIRS
47.28273,35.37425,340.45,0.36,0.57,2026-08-05,11:28:00,N,nominal,2.0NRT,291.28,2.22,D,VIIRS
47.24606,34.73045,349.22,0.34,0.56,2026-08-05,11:28:00,N,nominal,2.0NRT,302.25,1.49,D,VIIRS
47.24782,34.77165,339.47,0.34,0.56,2026-08-05,11:28:00,N,nominal,2.0NRT,303.44,2.48,D,VIIRS
47.24806,34.77152,338.9,0.34,0.56,2026-08-05,11:28:00,N,nominal,2.0NRT,303.22,3.89,D,VIIRS
47.13824,33.20815,356.29,0.57,0.52,2026-08-05,11:28:00,N,nominal,2.0NRT,309.51,13.91,D,VIIRS
47.21743,34.67801,343.95,0.33,0.56,2026-08-05,11:28:00,N,nominal,2.0NRT,304.9,3.38,D,VIIRS
47.2118,34.6694,332.7,0.33,0.56,2026-08-05,11:28:00,N,low,2.0NRT,303.99,1.46,D,VIIRS
47.29421,36.84534,330.74,0.42,0.61,2026-08-05,11:28:00,N,nominal,2.0NRT,297.25,4.26,D,VIIRS
47.01142,31.47106,354.02,0.47,0.48,2026-08-05,11:28:00,N,nominal,2.0NRT,309.85,9.78,D,VIIRS
47.0065,31.46536,339.84,0.47,0.48,2026-08-05,11:28:00,N,nominal,2.0NRT,308.97,2.26,D,VIIRS
47.17141,34.06408,347.41,0.63,0.54,2026-08-05,11:28:00,N,nominal,2.0NRT,303.78,19.79,D,VIIRS
47.00207,31.46603,337.12,0.47,0.48,2026-08-05,11:28:00,N,low,2.0NRT,307.68,2.26,D,VIIRS
47.16637,34.06461,355.57,0.63,0.54,2026-08-05,11:28:00,N,nominal,2.0NRT,306.65,19.79,D,VIIRS
47.28608,37.44799,344.46,0.45,0.63,2026-08-05,11:28:00,N,nominal,2.0NRT,298.24,4.35,D,VIIRS
47.28635,37.46018,337.64,0.45,0.63,2026-08-05,11:28:00,N,nominal,2.0NRT,299.36,6.86,D,VIIRS
46.51287,35.0583,335.8,0.34,0.56,2026-08-05,11:28:00,N,nominal,2.0NRT,300.87,5.11,D,VIIRS
46.52516,35.09446,367,0.35,0.56,2026-08-05,11:28:00,N,high,2.0NRT,301.42,7.05,D,VIIRS
46.52538,35.09912,341.61,0.35,0.56,2026-08-05,11:28:00,N,nominal,2.0NRT,298.24,7.05,D,VIIRS
46.52494,35.08982,332.39,0.35,0.56,2026-08-05,11:28:00,N,nominal,2.0NRT,301.47,4.95,D,VIIRS
46.51162,35.05046,367,0.34,0.56,2026-08-05,11:28:00,N,high,2.0NRT,303.67,4.93,D,VIIRS
46.51181,35.05508,352.6,0.34,0.56,2026-08-05,11:28:00,N,nominal,2.0NRT,303.1,4.93,D,VIIRS
46.51689,35.04996,331.79,0.34,0.56,2026-08-05,11:28:00,N,nominal,2.0NRT,299.17,4.93,D,VIIRS
46.52411,35.09586,367,0.35,0.56,2026-08-05,11:28:00,N,high,2.0NRT,300.39,12.56,D,VIIRS
46.52391,35.09123,347.03,0.35,0.56,2026-08-05,11:28:00,N,nominal,2.0NRT,301.71,7.83,D,VIIRS
46.20403,30.00703,344.3,0.4,0.44,2026-08-05,11:28:00,N,nominal,2.0NRT,309.88,1.9,D,VIIRS
46.20813,30.00635,342.05,0.4,0.44,2026-08-05,11:28:00,N,nominal,2.0NRT,307.78,1.9,D,VIIRS
46.60689,34.94027,342.15,0.34,0.56,2026-08-05,11:28:00,N,nominal,2.0NRT,303.23,1.51,D,VIIRS
46.61865,35.07804,367,0.35,0.56,2026-08-05,11:28:00,N,high,2.0NRT,305.2,29.86,D,VIIRS
46.61844,35.07343,367,0.35,0.56,2026-08-05,11:28:00,N,high,2.0NRT,303.38,38.86,D,VIIRS
46.6117,34.93069,367,0.34,0.56,2026-08-05,11:28:00,N,high,2.0NRT,305.7,8.68,D,VIIRS
46.61887,35.08262,336.52,0.35,0.56,2026-08-05,11:28:00,N,nominal,2.0NRT,301.94,29.86,D,VIIRS
46.61192,34.93525,353.11,0.34,0.56,2026-08-05,11:28:00,N,nominal,2.0NRT,303.83,8.68,D,VIIRS
46.51829,33.23823,353.04,0.56,0.52,2026-08-05,11:28:00,N,nominal,2.0NRT,309.16,19.98,D,VIIRS
46.46618,32.44851,352.29,0.52,0.5,2026-08-05,11:28:00,N,nominal,2.0NRT,309.43,35.55,D,VIIRS
46.62393,35.07755,367,0.35,0.56,2026-08-05,11:28:00,N,high,2.0NRT,304.31,29.86,D,VIIRS
46.61694,34.93022,367,0.34,0.56,2026-08-05,11:28:00,N,high,2.0NRT,303.13,8.68,D,VIIRS
46.49372,32.78379,367,0.54,0.51,2026-08-05,11:28:00,N,high,2.0NRT,301.73,34.65,D,VIIRS
46.61715,34.93479,341.7,0.34,0.56,2026-08-05,11:28:00,N,nominal,2.0NRT,301.17,8.68,D,VIIRS
46.61671,34.92565,342.62,0.34,0.56,2026-08-05,11:28:00,N,nominal,2.0NRT,300.46,9.51,D,VIIRS
46.62371,35.07295,301.09,0.35,0.56,2026-08-05,11:28:00,N,low,2.0NRT,308.87,38.86,D,VIIRS
46.48103,32.46033,352.22,0.52,0.5,2026-08-05,11:28:00,N,nominal,2.0NRT,309.72,21.21,D,VIIRS
46.26055,29.71841,353.36,0.39,0.44,2026-08-05,11:28:00,N,nominal,2.0NRT,309.22,9,D,VIIRS
46.51303,32.78853,338.78,0.54,0.51,2026-08-05,11:28:00,N,nominal,2.0NRT,298.52,4.9,D,VIIRS
46.51645,33.23928,346.11,0.56,0.52,2026-08-05,11:28:00,N,nominal,2.0NRT,309.46,6.26,D,VIIRS
46.51602,33.23179,338.02,0.56,0.52,2026-08-05,11:28:00,N,low,2.0NRT,308.53,6.26,D,VIIRS
46.25958,29.71671,347.89,0.39,0.44,2026-08-05,11:28:00,N,nominal,2.0NRT,309.42,6.3,D,VIIRS
46.52126,33.2387,344.64,0.56,0.52,2026-08-05,11:28:00,N,nominal,2.0NRT,306.97,6.26,D,VIIRS
46.49385,32.77698,338.62,0.54,0.51,2026-08-05,11:28:00,N,nominal,2.0NRT,296.7,19.63,D,VIIRS
46.49429,32.78411,357.4,0.54,0.51,2026-08-05,11:28:00,N,low,2.0NRT,294.47,19.63,D,VIIRS
47.28017,37.44849,338.76,0.45,0.63,2026-08-05,11:28:00,N,nominal,2.0NRT,294.12,4.35,D,VIIRS
47.2803,37.45472,333.31,0.45,0.63,2026-08-05,11:28:00,N,nominal,2.0NRT,294.51,6.86,D,VIIRS
47.11818,33.63034,344.52,0.6,0.53,2026-08-05,11:28:00,N,nominal,2.0NRT,310.39,31.48,D,VIIRS
47.11324,33.63097,346.92,0.6,0.53,2026-08-05,11:28:00,N,nominal,2.0NRT,313.85,31.48,D,VIIRS
47.15543,34.69274,338.77,0.33,0.56,2026-08-05,11:28:00,N,nominal,2.0NRT,305.6,3.34,D,VIIRS
46.61068,34.92881,367,0.34,0.56,2026-08-05,11:28:00,N,high,2.0NRT,303.28,10.58,D,VIIRS
46.61705,35.08096,330.86,0.35,0.56,2026-08-05,11:28:00,N,nominal,2.0NRT,301.27,18.97,D,VIIRS
46.61087,34.93338,356.79,0.34,0.56,2026-08-05,11:28:00,N,nominal,2.0NRT,304.46,13.74,D,VIIRS
46.47866,32.46078,355.92,0.52,0.5,2026-08-05,11:28:00,N,nominal,2.0NRT,308.87,20.61,D,VIIRS
46.62233,35.08047,367,0.35,0.56,2026-08-05,11:28:00,N,high,2.0NRT,302.41,18.97,D,VIIRS
46.61611,34.9329,367,0.34,0.56,2026-08-05,11:28:00,N,high,2.0NRT,302.78,13.74,D,VIIRS
46.61591,34.92832,367,0.34,0.56,2026-08-05,11:28:00,N,high,2.0NRT,303.1,10.58,D,VIIRS
46.62214,35.07584,356,0.35,0.56,2026-08-05,11:28:00,N,nominal,2.0NRT,316.42,107.41,D,VIIRS
46.51357,32.7888,338.55,0.54,0.51,2026-08-05,11:28:00,N,nominal,2.0NRT,298.97,4.44,D,VIIRS
46.51313,32.7817,336.65,0.54,0.51,2026-08-05,11:28:00,N,nominal,2.0NRT,295.61,4.54,D,VIIRS
46.70446,36.265860000000004,337.78,0.39,0.6,2026-08-05,11:28:00,N,nominal,2.0NRT,301.8,13.51,D,VIIRS
46.69862,36.09167,334.68,0.39,0.59,2026-08-05,11:28:00,N,nominal,2.0NRT,300.46,2.06,D,VIIRS
46.71005,36.26542,367,0.39,0.6,2026-08-05,11:28:00,N,high,2.0NRT,303.06,13.51,D,VIIRS
46.70987,36.26009,353.96,0.39,0.6,2026-08-05,11:28:00,N,nominal,2.0NRT,301.37,13.51,D,VIIRS
46.52449,32.51746,343.77,0.52,0.5,2026-08-05,11:28:00,N,nominal,2.0NRT,305.12,13.3,D,VIIRS
46.53557,32.61454,344.57,0.53,0.5,2026-08-05,11:28:00,N,nominal,2.0NRT,309.25,8.96,D,VIIRS
46.25682,29.15989,333.22,0.55,0.43,2026-08-05,11:28:00,N,low,2.0NRT,306.25,4.67,D,VIIRS
46.67816,35.14593,339.51,0.35,0.57,2026-08-05,11:28:00,N,nominal,2.0NRT,300.78,3.61,D,VIIRS
46.54024,32.61391,347.88,0.53,0.5,2026-08-05,11:28:00,N,nominal,2.0NRT,308.62,8.96,D,VIIRS
46.56287,32.89119,334.75,0.54,0.51,2026-08-05,11:28:00,N,low,2.0NRT,305.08,4.86,D,VIIRS
46.56241,32.88396,335.72,0.54,0.51,2026-08-05,11:28:00,N,nominal,2.0NRT,301.87,4.86,D,VIIRS
46.5546,32.76186,339.51,0.54,0.51,2026-08-05,11:28:00,N,nominal,2.0NRT,308.56,8.33,D,VIIRS
46.71531,35.79177,335.49,0.37,0.58,2026-08-05,11:28:00,N,nominal,2.0NRT,300.79,2.34,D,VIIRS
46.5676,32.89058,333.72,0.54,0.51,2026-08-05,11:28:00,N,low,2.0NRT,304.81,4.86,D,VIIRS
46.56715,32.88336,343.33,0.54,0.51,2026-08-05,11:28:00,N,nominal,2.0NRT,303.64,4.86,D,VIIRS
46.49265,31.79524,354.11,0.48,0.48,2026-08-05,11:28:00,N,nominal,2.0NRT,315.85,63.06,D,VIIRS
46.67039,34.63431,347.71,0.33,0.55,2026-08-05,11:28:00,N,nominal,2.0NRT,302.83,1.95,D,VIIRS
46.67018,34.62989,333.08,0.33,0.55,2026-08-05,11:28:00,N,nominal,2.0NRT,302.27,1.95,D,VIIRS
46.49714,31.79458,355.85,0.48,0.48,2026-08-05,11:28:00,N,nominal,2.0NRT,309.78,19.72,D,VIIRS
46.6983,35.12067,349.64,0.35,0.57,2026-08-05,11:28:00,N,nominal,2.0NRT,299.82,3.33,D,VIIRS
46.69809,35.11599,338.97,0.35,0.57,2026-08-05,11:28:00,N,nominal,2.0NRT,299.41,1.97,D,VIIRS
46.70317,35.11085,367,0.35,0.57,2026-08-05,11:28:00,N,high,2.0NRT,301.39,6.2,D,VIIRS
46.70359,35.12022,336.7,0.35,0.57,2026-08-05,11:28:00,N,nominal,2.0NRT,298.21,3.33,D,VIIRS
47.17892,36.67229,331.32,0.42,0.61,2026-08-05,11:28:00,N,nominal,2.0NRT,298.14,5.39,D,VIIRS
46.78567,30.10498,332.74,0.41,0.45,2026-08-05,11:28:00,N,nominal,2.0NRT,302.53,3.43,D,VIIRS
47.10592,35.24718,335.07,0.36,0.57,2026-08-05,11:28:00,N,nominal,2.0NRT,300.52,5.47,D,VIIRS
47.0233,33.8265,339.92,0.61,0.53,2026-08-05,11:28:00,N,nominal,2.0NRT,307.32,8.05,D,VIIRS
46.70338,35.11554,349.77,0.35,0.57,2026-08-05,11:28:00,N,nominal,2.0NRT,300.28,6.2,D,VIIRS
46.58089,32.87438,332.34,0.54,0.51,2026-08-05,11:28:00,N,nominal,2.0NRT,304.79,8.38,D,VIIRS
46.33567,29.73869,342.84,0.39,0.44,2026-08-05,11:28:00,N,nominal,2.0NRT,307.99,4.64,D,VIIRS
46.58562,32.8738,367,0.54,0.51,2026-08-05,11:28:00,N,high,2.0NRT,306.9,8.38,D,VIIRS
46.75399,36.24099,333.54,0.39,0.6,2026-08-05,11:28:00,N,nominal,2.0NRT,300.43,2.2,D,VIIRS
46.71225,35.19501,336,0.35,0.57,2026-08-05,11:28:00,N,nominal,2.0NRT,300.22,2.91,D,VIIRS
46.60474,33.17552,342.81,0.56,0.52,2026-08-05,11:28:00,N,nominal,2.0NRT,308.14,10.34,D,VIIRS
46.60428,33.1681,344.5,0.56,0.52,2026-08-05,11:28:00,N,nominal,2.0NRT,310.81,12.2,D,VIIRS
46.58609,32.88105,336.71,0.54,0.51,2026-08-05,11:28:00,N,nominal,2.0NRT,306.81,11.54,D,VIIRS
46.75938,36.23518,367,0.39,0.6,2026-08-05,11:28:00,N,high,2.0NRT,305.36,9.35,D,VIIRS
46.71693,35.1805,367,0.35,0.57,2026-08-05,11:28:00,N,high,2.0NRT,301.73,6.31,D,VIIRS
46.71672,35.17581,367,0.35,0.57,2026-08-05,11:28:00,N,high,2.0NRT,301.22,6.31,D,VIIRS
46.75957,36.24055,352.81,0.39,0.6,2026-08-05,11:28:00,N,nominal,2.0NRT,300.21,9.35,D,VIIRS
47.02373,33.83469,338.68,0.61,0.53,2026-08-05,11:28:00,N,nominal,2.0NRT,302.91,6.87,D,VIIRS
47.14534,37.40266,338.58,0.45,0.63,2026-08-05,11:28:00,N,nominal,2.0NRT,298.34,6.45,D,VIIRS
46.97261,33.18073,344.79,0.57,0.52,2026-08-05,11:28:00,N,nominal,2.0NRT,306.41,13.99,D,VIIRS
47.04466,34.92515,367,0.34,0.56,2026-08-05,11:28:00,N,high,2.0NRT,300.31,6.11,D,VIIRS
47.05621,35.49218,367,0.36,0.58,2026-08-05,11:28:00,N,high,2.0NRT,299.91,11.29,D,VIIRS
46.9669,33.45468,332.39,0.58,0.52,2026-08-05,11:28:00,N,low,2.0NRT,305.89,2.28,D,VIIRS
47.0457,34.92484,340.53,0.34,0.56,2026-08-05,11:28:00,N,nominal,2.0NRT,299.06,3.97,D,VIIRS
47.04044,34.9253,354.95,0.34,0.56,2026-08-05,11:28:00,N,nominal,2.0NRT,297.85,3.97,D,VIIRS
47.06024,35.49115,332.44,0.36,0.58,2026-08-05,11:28:00,N,nominal,2.0NRT,298.79,2.85,D,VIIRS
47.06044,35.49606,344.19,0.36,0.58,2026-08-05,11:28:00,N,nominal,2.0NRT,297.55,2.85,D,VIIRS
47.05504,35.49648,330.76,0.36,0.58,2026-08-05,11:28:00,N,nominal,2.0NRT,297.3,2.85,D,VIIRS
46.9712,34.56731,367,0.33,0.55,2026-08-05,11:28:00,N,high,2.0NRT,306.78,8.79,D,VIIRS
47.009,36.55856,340.24,0.41,0.61,2026-08-05,11:28:00,N,nominal,2.0NRT,299.73,3.3,D,VIIRS
46.87184,33.42651,335.96,0.58,0.52,2026-08-05,11:28:00,N,low,2.0NRT,308.11,3.58,D,VIIRS
46.99324,36.40512,331.83,0.4,0.6,2026-08-05,11:28:00,N,nominal,2.0NRT,299.69,4.31,D,VIIRS
46.98761,36.40556,347.49,0.4,0.6,2026-08-05,11:28:00,N,nominal,2.0NRT,300.99,4.31,D,VIIRS
46.98777,36.41116,337.96,0.4,0.6,2026-08-05,11:28:00,N,nominal,2.0NRT,300.35,8.44,D,VIIRS
46.98661,36.57131,335.19,0.41,0.61,2026-08-05,11:28:00,N,nominal,2.0NRT,301.96,2.82,D,VIIRS
46.8208,32.95925,336,0.55,0.51,2026-08-05,11:28:00,N,low,2.0NRT,307.47,5.33,D,VIIRS
46.82123,32.96664,337.48,0.55,0.51,2026-08-05,11:28:00,N,low,2.0NRT,308.11,5.33,D,VIIRS
46.82167,32.97405,342.86,0.55,0.51,2026-08-05,11:28:00,N,nominal,2.0NRT,309.39,5.73,D,VIIRS
46.8221,32.98146,343.4,0.55,0.51,2026-08-05,11:28:00,N,nominal,2.0NRT,309.81,5.73,D,VIIRS
46.8169,32.97467,337.08,0.55,0.51,2026-08-05,11:28:00,N,low,2.0NRT,310.14,5.73,D,VIIRS
47.00695,36.56058,338.41,0.41,0.61,2026-08-05,11:28:00,N,nominal,2.0NRT,299.8,4.3,D,VIIRS
47.00165,36.57214,331.53,0.41,0.61,2026-08-05,11:28:00,N,low,2.0NRT,302.39,3.11,D,VIIRS
46.82083,32.95931,336.79,0.55,0.51,2026-08-05,11:28:00,N,low,2.0NRT,307.53,6.98,D,VIIRS
46.8213,32.96669,337.22,0.55,0.51,2026-08-05,11:28:00,N,low,2.0NRT,308.12,7.66,D,VIIRS
46.82177,32.97408,342.53,0.55,0.51,2026-08-05,11:28:00,N,nominal,2.0NRT,309.45,7.66,D,VIIRS
46.82224,32.98146,345.48,0.55,0.51,2026-08-05,11:28:00,N,nominal,2.0NRT,310.16,12.01,D,VIIRS
46.99043,36.4073,344.02,0.4,0.6,2026-08-05,11:28:00,N,nominal,2.0NRT,301.44,4.68,D,VIIRS
46.99063,36.41292,336.04,0.4,0.6,2026-08-05,11:28:00,N,nominal,2.0NRT,299.37,4.68,D,VIIRS
46.99981,36.69101,333.68,0.41,0.61,2026-08-05,11:28:00,N,nominal,2.0NRT,299.07,2.69,D,VIIRS
46.984610000000004,36.4021,331.34,0.4,0.6,2026-08-05,11:28:00,N,nominal,2.0NRT,298.26,3.47,D,VIIRS
46.9903,36.57284,335.73,0.41,0.61,2026-08-05,11:28:00,N,nominal,2.0NRT,302.41,4.68,D,VIIRS
46.98463,36.57328,340.21,0.41,0.61,2026-08-05,11:28:00,N,nominal,2.0NRT,301.32,3.67,D,VIIRS
46.84915,33.66712,344.13,0.6,0.53,2026-08-05,11:28:00,N,nominal,2.0NRT,308.18,16.92,D,VIIRS
46.97895,36.57371,341.51,0.41,0.61,2026-08-05,11:28:00,N,nominal,2.0NRT,301.85,3.67,D,VIIRS
46.97328,36.57418,336.88,0.41,0.61,2026-08-05,11:28:00,N,nominal,2.0NRT,297.76,1.88,D,VIIRS
46.97174,36.90365,355.47,0.42,0.61,2026-08-05,11:28:00,N,nominal,2.0NRT,301.82,14.1,D,VIIRS
46.9719,36.9094,340.94,0.42,0.61,2026-08-05,11:28:00,N,nominal,2.0NRT,298.02,14.1,D,VIIRS
46.96598,36.90408,340.44,0.42,0.61,2026-08-05,11:28:00,N,nominal,2.0NRT,298.29,14.1,D,VIIRS
46.9663,36.91547,347.95,0.42,0.61,2026-08-05,11:28:00,N,nominal,2.0NRT,299.67,14.24,D,VIIRS
46.96614,36.90976,367,0.42,0.61,2026-08-05,11:28:00,N,high,2.0NRT,300.57,14.1,D,VIIRS
46.90327,35.27596,333.02,0.36,0.57,2026-08-05,11:28:00,N,nominal,2.0NRT,297.65,4.62,D,VIIRS
46.79662,33.27247,346.67,0.57,0.52,2026-08-05,11:28:00,N,nominal,2.0NRT,307.9,8.02,D,VIIRS
46.7029,32.17218,343.42,0.51,0.49,2026-08-05,11:28:00,N,nominal,2.0NRT,307.13,5.16,D,VIIRS
46.69832,32.17283,337.83,0.51,0.49,2026-08-05,11:28:00,N,low,2.0NRT,308.28,5.16,D,VIIRS
46.66641,31.77857,337.79,0.48,0.48,2026-08-05,11:28:00,N,low,2.0NRT,309.55,4.37,D,VIIRS
46.66145,31.77271,339.38,0.48,0.48,2026-08-05,11:28:00,N,low,2.0NRT,309.82,5.36,D,VIIRS
46.66192,31.7793,342.28,0.48,0.48,2026-08-05,11:28:00,N,nominal,2.0NRT,310.1,4.37,D,VIIRS
46.74478,33.1343,351.95,0.56,0.52,2026-08-05,11:28:00,N,nominal,2.0NRT,305.12,17.11,D,VIIRS
46.76695,33.5251,349.88,0.59,0.53,2026-08-05,11:28:00,N,nominal,2.0NRT,306.95,8.23,D,VIIRS
46.8609,35.56794,340.48,0.37,0.58,2026-08-05,11:28:00,N,nominal,2.0NRT,300.35,1.87,D,VIIRS
46.89675,36.68553,338.95,0.41,0.61,2026-08-05,11:28:00,N,nominal,2.0NRT,301.55,5.48,D,VIIRS
46.8406,35.18112,335.33,0.35,0.57,2026-08-05,11:28:00,N,nominal,2.0NRT,298.72,2.87,D,VIIRS
46.73998,33.1349,367,0.56,0.52,2026-08-05,11:28:00,N,high,2.0NRT,307.28,17.11,D,VIIRS
46.88535,36.68636,332.57,0.41,0.61,2026-08-05,11:28:00,N,nominal,2.0NRT,300.88,1.98,D,VIIRS
46.74642,33.13549,346.81,0.56,0.52,2026-08-05,11:28:00,N,nominal,2.0NRT,303.8,12.47,D,VIIRS
46.77069,33.52579,341.13,0.59,0.52,2026-08-05,11:28:00,N,nominal,2.0NRT,306.93,5.28,D,VIIRS
46.74114,33.1286,340.52,0.56,0.51,2026-08-05,11:28:00,N,nominal,2.0NRT,304.78,7.98,D,VIIRS
46.7658,33.52631,337.85,0.59,0.52,2026-08-05,11:28:00,N,nominal,2.0NRT,304.7,5.28,D,VIIRS
46.74162,33.13606,367,0.56,0.52,2026-08-05,11:28:00,N,high,2.0NRT,306.98,12.47,D,VIIRS
46.73634,33.12919,330.78,0.56,0.51,2026-08-05,11:28:00,N,nominal,2.0NRT,304.13,5.64,D,VIIRS
46.73681,33.13665,337.96,0.56,0.52,2026-08-05,11:28:00,N,nominal,2.0NRT,304.47,4.93,D,VIIRS
46.72223,35.18003,367,0.35,0.57,2026-08-05,11:28:00,N,high,2.0NRT,301.41,6.31,D,VIIRS
46.76496,36.2348,335.81,0.39,0.6,2026-08-05,11:28:00,N,nominal,2.0NRT,298.83,9.35,D,VIIRS
46.58566,32.72901,355.93,0.53,0.5,2026-08-05,11:28:00,N,nominal,2.0NRT,306.26,20.78,D,VIIRS
46.59035,32.72841,347.35,0.53,0.5,2026-08-05,11:28:00,N,nominal,2.0NRT,301.68,8.94,D,VIIRS
46.76316,36.2379,367,0.39,0.6,2026-08-05,11:28:00,N,high,2.0NRT,299.51,14.08,D,VIIRS
46.763,36.23255,367,0.39,0.6,2026-08-05,11:28:00,N,high,2.0NRT,301.25,10.9,D,VIIRS
46.77756,35.83556,334.74,0.38,0.58,2026-08-05,11:28:00,N,nominal,2.0NRT,299.37,3.03,D,VIIRS
46.82328,35.46699,330.66,0.36,0.58,2026-08-05,11:28:00,N,low,2.0NRT,300.68,3.34,D,VIIRS
46.89609,36.68952,338.38,0.41,0.61,2026-08-05,11:28:00,N,nominal,2.0NRT,302.85,6.81,D,VIIRS
46.85997,35.56752,338.73,0.37,0.58,2026-08-05,11:28:00,N,nominal,2.0NRT,300.51,1.48,D,VIIRS
48.69107,25.28265,341.14,0.43,0.38,2026-08-05,11:30:00,N,nominal,2.0NRT,306.62,2.81,D,VIIRS
51.45568,24.72217,334.34,0.44,0.39,2026-08-05,11:30:00,N,low,2.0NRT,305.15,4.4,D,VIIRS
50.20675,24.01413,340.21,0.42,0.37,2026-08-05,11:30:00,N,nominal,2.0NRT,310.96,4.79,D,VIIRS
50.00696,23.52593,340.23,0.41,0.37,2026-08-05,11:30:00,N,nominal,2.0NRT,313.86,23.81,D,VIIRS
50.00359,23.527,340.34,0.41,0.37,2026-08-05,11:30:00,N,nominal,2.0NRT,309.62,5.22,D,VIIRS
49.62789,23.85804,336.84,0.41,0.37,2026-08-05,11:30:00,N,nominal,2.0NRT,308.37,2.67,D,VIIRS
50.26267,35.501220000000004,343.39,0.38,0.59,2026-08-05,11:30:00,N,nominal,2.0NRT,294.17,5.56,D,VIIRS
49.67956,26.9262,349.32,0.5,0.41,2026-08-05,11:30:00,N,nominal,2.0NRT,308.78,7.69,D,VIIRS
50.25403,35.78408,338.17,0.39,0.6,2026-08-05,11:30:00,N,nominal,2.0NRT,294.56,3.01,D,VIIRS
50.25525,35.82939,346.61,0.4,0.6,2026-08-05,11:30:00,N,nominal,2.0NRT,296.44,7.72,D,VIIRS
50.25539,35.83512,350.73,0.4,0.6,2026-08-05,11:30:00,N,nominal,2.0NRT,295.9,9.03,D,VIIRS
50.17096,36.14814,333.82,0.41,0.61,2026-08-05,11:30:00,N,nominal,2.0NRT,298.53,2.64,D,VIIRS
50.11452,36.23612,329.75,0.41,0.61,2026-08-05,11:30:00,N,nominal,2.0NRT,296.62,2.52,D,VIIRS
50.13809,37.33543,334.22,0.46,0.64,2026-08-05,11:30:00,N,nominal,2.0NRT,291.85,2.84,D,VIIRS
49.9242,32.34491,332.68,0.55,0.51,2026-08-05,11:30:00,N,nominal,2.0NRT,300.69,3.53,D,VIIRS
50.09129,37.40468,350.92,0.46,0.64,2026-08-05,11:30:00,N,nominal,2.0NRT,293.86,8.82,D,VIIRS
50.09138,37.4114,367,0.47,0.64,2026-08-05,11:30:00,N,high,2.0NRT,296.22,8.82,D,VIIRS
49.85882,37.79573,334.86,0.48,0.65,2026-08-05,11:30:00,N,nominal,2.0NRT,294.23,3.91,D,VIIRS
49.85889,37.8026,330.78,0.48,0.65,2026-08-05,11:30:00,N,nominal,2.0NRT,294.6,3.91,D,VIIRS
49.85896,37.80941,340.24,0.48,0.65,2026-08-05,11:30:00,N,nominal,2.0NRT,294.03,5.89,D,VIIRS
48.97637,24.70947,337.64,0.42,0.38,2026-08-05,11:30:00,N,low,2.0NRT,311.39,6.71,D,VIIRS
48.66981,22.79982,339.05,0.39,0.36,2026-08-05,11:30:00,N,nominal,2.0NRT,308.84,4.22,D,VIIRS
49.66817,37.64495,331.17,0.47,0.64,2026-08-05,11:30:00,N,nominal,2.0NRT,295.94,2.22,D,VIIRS
49.65115,37.74014,345.16,0.48,0.65,2026-08-05,11:30:00,N,nominal,2.0NRT,295.83,5.66,D,VIIRS
49.43173,32.02654,337.85,0.53,0.5,2026-08-05,11:30:00,N,nominal,2.0NRT,300.98,1.98,D,VIIRS
49.28614,30.15008,335.34,0.44,0.46,2026-08-05,11:30:00,N,nominal,2.0NRT,298.87,2.2,D,VIIRS
48.5943,24.50336,333.53,0.41,0.37,2026-08-05,11:30:00,N,nominal,2.0NRT,305.46,2.03,D,VIIRS
50.12102,36.93993,313.75,0.4,0.37,2026-08-05,23:41:00,N,nominal,2.0NRT,289.54,1.25,N,VIIRS
50.55821,30.85455,322,0.41,0.45,2026-08-05,23:41:00,N,nominal,2.0NRT,291.82,2.6,N,VIIRS
50.52987,30.84256,305.94,0.41,0.45,2026-08-05,23:41:00,N,nominal,2.0NRT,291.25,1.7,N,VIIRS
50.43693,30.31077,317.18,0.43,0.46,2026-08-05,23:41:00,N,nominal,2.0NRT,291.47,1.98,N,VIIRS
50.4381,30.30978,314.1,0.43,0.46,2026-08-05,23:41:00,N,nominal,2.0NRT,291.97,1.69,N,VIIRS
49.60791,37.45111,307.95,0.39,0.36,2026-08-05,23:41:00,N,nominal,2.0NRT,288.05,0.75,N,VIIRS
49.35441,38.48514,305.87,0.38,0.36,2026-08-05,23:41:00,N,nominal,2.0NRT,288.26,0.67,N,VIIRS
50.54257,26.26094,320.23,0.32,0.54,2026-08-05,23:41:00,N,nominal,2.0NRT,293.57,2.01,N,VIIRS
49.92705,29.8523,304.75,0.44,0.46,2026-08-05,23:41:00,N,nominal,2.0NRT,289.72,1.37,N,VIIRS
48.99012,37.79221,309.9,0.39,0.36,2026-08-05,23:41:00,N,nominal,2.0NRT,290.28,1.24,N,VIIRS
48.97867,35.82761,307.71,0.41,0.37,2026-08-05,23:41:00,N,nominal,2.0NRT,290.2,1.05,N,VIIRS
48.55698,38.65701,305.07,0.38,0.36,2026-08-05,23:41:00,N,nominal,2.0NRT,290.88,0.91,N,VIIRS
48.55373,38.65582,333.42,0.38,0.36,2026-08-05,23:41:00,N,nominal,2.0NRT,291.37,9.09,N,VIIRS
48.46768,38.75991,309.51,0.38,0.36,2026-08-05,23:41:00,N,nominal,2.0NRT,292.38,0.97,N,VIIRS
48.46526,38.75358,304.61,0.38,0.36,2026-08-05,23:41:00,N,nominal,2.0NRT,291.93,0.71,N,VIIRS
48.46442,38.75871,303.61,0.38,0.36,2026-08-05,23:41:00,N,nominal,2.0NRT,290.7,0.97,N,VIIRS
48.462,38.75237,306.29,0.38,0.36,2026-08-05,23:41:00,N,nominal,2.0NRT,291.71,0.52,N,VIIRS
48.65368,37.51231,299.75,0.39,0.36,2026-08-05,23:41:00,N,nominal,2.0NRT,289.68,0.3,N,VIIRS
48.62507,37.57095,326.19,0.39,0.36,2026-08-05,23:41:00,N,nominal,2.0NRT,290.8,2.03,N,VIIRS
48.60451,37.54747,303.49,0.39,0.36,2026-08-05,23:41:00,N,nominal,2.0NRT,290.1,0.86,N,VIIRS
48.59717,37.5504,301.99,0.39,0.36,2026-08-05,23:41:00,N,nominal,2.0NRT,290.98,0.53,N,VIIRS
48.83338,35.78607,301.9,0.41,0.37,2026-08-05,23:41:00,N,nominal,2.0NRT,289.68,0.57,N,VIIRS
48.83263,35.79158,309.58,0.41,0.37,2026-08-05,23:41:00,N,nominal,2.0NRT,290.65,1.17,N,VIIRS
48.56898,37.6222,301.98,0.39,0.36,2026-08-05,23:41:00,N,nominal,2.0NRT,289.73,0.34,N,VIIRS
48.668,35.87086,314.69,0.4,0.37,2026-08-05,23:41:00,N,nominal,2.0NRT,290.21,1.92,N,VIIRS
48.54624,36.53799,313.72,0.39,0.36,2026-08-05,23:41:00,N,nominal,2.0NRT,289.55,1.28,N,VIIRS
48.54548,36.54329,302.67,0.39,0.36,2026-08-05,23:41:00,N,nominal,2.0NRT,289.02,0.21,N,VIIRS
48.284910000000004,38.08791,305.37,0.38,0.36,2026-08-05,23:41:00,N,nominal,2.0NRT,291.45,0.63,N,VIIRS
48.50716,36.5198,312.09,0.39,0.37,2026-08-05,23:41:00,N,nominal,2.0NRT,289.99,0.87,N,VIIRS
48.50385,36.51872,323.82,0.39,0.37,2026-08-05,23:41:00,N,nominal,2.0NRT,289.96,1.64,N,VIIRS
48.5046,36.51343,311.04,0.39,0.37,2026-08-05,23:41:00,N,nominal,2.0NRT,289.81,1.47,N,VIIRS
48.42022,37.04617,305.01,0.39,0.36,2026-08-05,23:41:00,N,nominal,2.0NRT,289.98,0.56,N,VIIRS
48.46275,36.66005,301.65,0.39,0.36,2026-08-05,23:41:00,N,nominal,2.0NRT,288.93,0.38,N,VIIRS
48.35416,37.25802,300.53,0.39,0.36,2026-08-05,23:41:00,N,nominal,2.0NRT,289.93,0.5,N,VIIRS
48.58139,35.58471,318.32,0.41,0.37,2026-08-05,23:41:00,N,nominal,2.0NRT,289.21,1.65,N,VIIRS
48.58065,35.59021,309.3,0.41,0.37,2026-08-05,23:41:00,N,nominal,2.0NRT,289.79,1.34,N,VIIRS
50.85705,35.28643,310.39,0.43,0.38,2026-08-05,23:41:00,N,nominal,2.0NRT,288.78,0.52,N,VIIRS
50.35308,37.25996,308.98,0.39,0.37,2026-08-05,23:41:00,N,nominal,2.0NRT,288.23,0.88,N,VIIRS
50.24026,37.28894,314.28,0.39,0.36,2026-08-05,23:41:00,N,nominal,2.0NRT,288.67,1.13,N,VIIRS
50.4825,35.40332,304,0.43,0.38,2026-08-05,23:41:00,N,nominal,2.0NRT,288.43,0.76,N,VIIRS
50.41687,35.86353,306.58,0.42,0.37,2026-08-05,23:41:00,N,nominal,2.0NRT,289.41,0.77,N,VIIRS
50.34163,36.17594,303.67,0.41,0.37,2026-08-05,23:41:00,N,nominal,2.0NRT,289.24,0.64,N,VIIRS
50.42347,35.49629,311.9,0.43,0.38,2026-08-05,23:41:00,N,nominal,2.0NRT,288.98,0.97,N,VIIRS
50.37468,35.81879,304.81,0.42,0.37,2026-08-05,23:41:00,N,nominal,2.0NRT,288.86,0.41,N,VIIRS
50.3705,35.82352,315.84,0.42,0.37,2026-08-05,23:41:00,N,nominal,2.0NRT,289.38,1.85,N,VIIRS
50.58518,33.3843,317.21,0.49,0.4,2026-08-05,23:41:00,N,nominal,2.0NRT,289.38,1.85,N,VIIRS
50.58501,33.3839,313.3,0.49,0.4,2026-08-05,23:41:00,N,nominal,2.0NRT,289.11,1.61,N,VIIRS
50.033,36.02562,302.5,0.41,0.37,2026-08-05,23:41:00,N,nominal,2.0NRT,289.4,0.48,N,VIIRS
47.72975,35.1823,301.05,0.41,0.37,2026-08-05,23:44:00,N,nominal,2.0NRT,289.53,0.97,N,VIIRS
44.7747,33.86246,303.01,0.42,0.37,2026-08-05,23:44:00,N,nominal,2.0NRT,291.76,0.69,N,VIIRS
45.40778,29.10998,307.81,0.42,0.45,2026-08-05,23:44:00,N,nominal,2.0NRT,290.27,0.88,N,VIIRS
44.92485,35.1051,330.04,0.4,0.37,2026-08-05,23:44:00,N,nominal,2.0NRT,291.8,2.32,N,VIIRS
44.9282,35.106,306.45,0.4,0.37,2026-08-05,23:44:00,N,nominal,2.0NRT,292.08,0.5,N,VIIRS
45.12869,33.99956,301.54,0.42,0.37,2026-08-05,23:44:00,N,nominal,2.0NRT,291.21,0.74,N,VIIRS
45.83632,28.82083,301.36,0.44,0.46,2026-08-05,23:44:00,N,nominal,2.0NRT,290.46,0.71,N,VIIRS
45.17274,35.98055,315.47,0.39,0.36,2026-08-05,23:44:00,N,nominal,2.0NRT,292.32,1.19,N,VIIRS
46.02961,30.18295,309.07,0.38,0.44,2026-08-05,23:44:00,N,nominal,2.0NRT,290.69,0.95,N,VIIRS
46.03008,30.17794,303.31,0.39,0.44,2026-08-05,23:44:00,N,nominal,2.0NRT,290.8,0.95,N,VIIRS
46.1092,29.30593,317.96,0.42,0.45,2026-08-05,23:44:00,N,nominal,2.0NRT,292.06,1.91,N,VIIRS
46.10872,29.31146,326.73,0.42,0.45,2026-08-05,23:44:00,N,nominal,2.0NRT,292.87,1.91,N,VIIRS
46.03315,30.18877,313.24,0.38,0.44,2026-08-05,23:44:00,N,nominal,2.0NRT,290.49,1,N,VIIRS
46.03363,30.18375,311.08,0.38,0.44,2026-08-05,23:44:00,N,nominal,2.0NRT,290.43,0.95,N,VIIRS
46.11339,29.30673,310.27,0.42,0.45,2026-08-05,23:44:00,N,nominal,2.0NRT,291.56,1.91,N,VIIRS
46.30118,29.63733,310.8,0.41,0.45,2026-08-05,23:44:00,N,nominal,2.0NRT,291.35,0.75,N,VIIRS
46.30531,29.63817,301.63,0.41,0.45,2026-08-05,23:44:00,N,nominal,2.0NRT,290.38,0.75,N,VIIRS
46.12569,32.97946,300.98,0.45,0.39,2026-08-05,23:44:00,N,nominal,2.0NRT,289.35,0.42,N,VIIRS
46.16158,33.07897,332.72,0.45,0.39,2026-08-05,23:44:00,N,nominal,2.0NRT,290.4,2.69,N,VIIRS
46.16161,33.10904,314.29,0.45,0.39,2026-08-05,23:44:00,N,nominal,2.0NRT,290.95,1.71,N,VIIRS
46.16372,33.09155,300.86,0.45,0.39,2026-08-05,23:44:00,N,nominal,2.0NRT,290.31,0.83,N,VIIRS
46.16443,33.0857,302.61,0.45,0.39,2026-08-05,23:44:00,N,nominal,2.0NRT,290.09,0.83,N,VIIRS
46.16513,33.07986,313.82,0.45,0.39,2026-08-05,23:44:00,N,nominal,2.0NRT,290.03,2.69,N,VIIRS
46.16726,33.06233,303.39,0.45,0.39,2026-08-05,23:44:00,N,nominal,2.0NRT,289.61,1.13,N,VIIRS
46.16516,33.10994,300.42,0.45,0.39,2026-08-05,23:44:00,N,nominal,2.0NRT,290.11,0.35,N,VIIRS
46.16728,33.09244,303.63,0.45,0.39,2026-08-05,23:44:00,N,nominal,2.0NRT,290.09,0.89,N,VIIRS
46.23993,33.14163,310.67,0.45,0.39,2026-08-05,23:44:00,N,nominal,2.0NRT,290.65,1.3,N,VIIRS
46.37509,32.13629,304.71,0.49,0.4,2026-08-05,23:44:00,N,nominal,2.0NRT,289.94,0.38,N,VIIRS
46.41859,32.0876,305.43,0.49,0.4,2026-08-05,23:44:00,N,nominal,2.0NRT,291.36,0.76,N,VIIRS
46.47194,31.88091,343.1,0.5,0.41,2026-08-05,23:44:00,N,nominal,2.0NRT,295.45,7.7,N,VIIRS
46.47979,32.42589,330,0.48,0.4,2026-08-05,23:44:00,N,nominal,2.0NRT,291.51,25.13,N,VIIRS
46.32979,34.06739,305.82,0.42,0.38,2026-08-05,23:44:00,N,nominal,2.0NRT,290.89,0.85,N,VIIRS
46.5081,32.78809,310.14,0.46,0.39,2026-08-05,23:44:00,N,nominal,2.0NRT,290.64,1.15,N,VIIRS
46.60487,32.71793,305.16,0.47,0.4,2026-08-05,23:44:00,N,nominal,2.0NRT,290.72,0.64,N,VIIRS
46.39605,34.46962,309.98,0.42,0.37,2026-08-05,23:44:00,N,nominal,2.0NRT,290.47,1.14,N,VIIRS
46.39947,34.47057,316.8,0.42,0.37,2026-08-05,23:44:00,N,nominal,2.0NRT,290.24,1.14,N,VIIRS
46.66939,32.67703,304.01,0.47,0.4,2026-08-05,23:44:00,N,nominal,2.0NRT,292.46,1.78,N,VIIRS
46.67302,32.67797,326.39,0.47,0.4,2026-08-05,23:44:00,N,nominal,2.0NRT,293.92,1.78,N,VIIRS
46.41438,35.01091,306.59,0.41,0.37,2026-08-05,23:44:00,N,nominal,2.0NRT,291.33,1.09,N,VIIRS
46.4151,35.00567,325.94,0.41,0.37,2026-08-05,23:44:00,N,nominal,2.0NRT,292.23,2.27,N,VIIRS
46.41847,35.00665,320.64,0.41,0.37,2026-08-05,23:44:00,N,nominal,2.0NRT,292.27,1.28,N,VIIRS
46.81707,31.80534,303.15,0.51,0.41,2026-08-05,23:44:00,N,nominal,2.0NRT,290.48,0.46,N,VIIRS
46.82013,31.81288,303.06,0.51,0.41,2026-08-05,23:44:00,N,nominal,2.0NRT,290.63,0.84,N,VIIRS
46.82391,31.81375,304.72,0.51,0.41,2026-08-05,23:44:00,N,nominal,2.0NRT,290.55,0.84,N,VIIRS
46.5568,34.47626,304.95,0.42,0.37,2026-08-05,23:44:00,N,nominal,2.0NRT,289.97,0.71,N,VIIRS
46.76011,33.67963,301.58,0.44,0.38,2026-08-05,23:44:00,N,nominal,2.0NRT,290.67,0.5,N,VIIRS
46.76363,33.68056,313.04,0.44,0.38,2026-08-05,23:44:00,N,nominal,2.0NRT,290.76,1.31,N,VIIRS
46.76714,33.68148,312.36,0.44,0.38,2026-08-05,23:44:00,N,nominal,2.0NRT,290.2,1.31,N,VIIRS
46.60131,35.1009,304.41,0.4,0.37,2026-08-05,23:44:00,N,nominal,2.0NRT,291.51,0.48,N,VIIRS
46.81467,33.49272,330.41,0.44,0.39,2026-08-05,23:44:00,N,nominal,2.0NRT,293.37,5.23,N,VIIRS
46.55092,35.5408,310.72,0.4,0.37,2026-08-05,23:44:00,N,nominal,2.0NRT,291,0.77,N,VIIRS
46.55237,35.53049,306.9,0.4,0.37,2026-08-05,23:44:00,N,nominal,2.0NRT,291.1,1.36,N,VIIRS
46.61644,35.06698,310.12,0.41,0.37,2026-08-05,23:44:00,N,nominal,2.0NRT,289.92,0.61,N,VIIRS
46.55309,35.52534,336.29,0.4,0.37,2026-08-05,23:44:00,N,nominal,2.0NRT,293.68,6.58,N,VIIRS
46.55426,35.54179,308.64,0.4,0.37,2026-08-05,23:44:00,N,nominal,2.0NRT,290.51,0.68,N,VIIRS
46.63412,34.96233,303.09,0.41,0.37,2026-08-05,23:44:00,N,nominal,2.0NRT,291.43,0.72,N,VIIRS
46.55643,35.52633,323.6,0.4,0.37,2026-08-05,23:44:00,N,nominal,2.0NRT,292.11,2.46,N,VIIRS
46.63556,34.95173,330.47,0.41,0.37,2026-08-05,23:44:00,N,nominal,2.0NRT,292.04,1.61,N,VIIRS
46.63751,34.96329,303.8,0.41,0.37,2026-08-05,23:44:00,N,nominal,2.0NRT,291.74,0.72,N,VIIRS
46.63823,34.958,306.34,0.41,0.37,2026-08-05,23:44:00,N,nominal,2.0NRT,290.85,0.72,N,VIIRS
46.63894,34.9527,309.32,0.41,0.37,2026-08-05,23:44:00,N,nominal,2.0NRT,291.39,1.61,N,VIIRS
46.55977,35.52732,330.12,0.4,0.37,2026-08-05,23:44:00,N,nominal,2.0NRT,292.27,2.46,N,VIIRS
46.62181,35.15594,303.8,0.4,0.37,2026-08-05,23:44:00,N,nominal,2.0NRT,290.31,1.11,N,VIIRS
46.96028,33.17116,310.55,0.46,0.39,2026-08-05,23:44:00,N,nominal,2.0NRT,290.53,0.73,N,VIIRS
46.97244,33.16189,300.67,0.46,0.39,2026-08-05,23:44:00,N,nominal,2.0NRT,290.65,0.54,N,VIIRS
46.67314,35.54084,300.98,0.4,0.37,2026-08-05,23:44:00,N,nominal,2.0NRT,290.71,0.54,N,VIIRS
46.98673,33.13453,304.27,0.46,0.39,2026-08-05,23:44:00,N,nominal,2.0NRT,290.91,0.71,N,VIIRS
46.99537,33.15533,310.66,0.46,0.39,2026-08-05,23:44:00,N,nominal,2.0NRT,291.68,1.2,N,VIIRS
46.99608,33.1493,309.14,0.46,0.39,2026-08-05,23:44:00,N,nominal,2.0NRT,291.27,1.48,N,VIIRS
46.99895,33.15624,340.68,0.46,0.39,2026-08-05,23:44:00,N,nominal,2.0NRT,293.78,7.84,N,VIIRS
47.2655,31.29858,302.67,0.54,0.42,2026-08-05,23:44:00,N,nominal,2.0NRT,290.05,1.09,N,VIIRS
47.26624,31.29146,301.14,0.54,0.42,2026-08-05,23:44:00,N,nominal,2.0NRT,289.84,1.09,N,VIIRS
47.26559,31.29814,302.31,0.54,0.42,2026-08-05,23:44:00,N,nominal,2.0NRT,289.91,0.66,N,VIIRS
46.68525,36.09632,301.08,0.39,0.36,2026-08-05,23:44:00,N,nominal,2.0NRT,290.82,0.32,N,VIIRS
47.27018,31.29186,299.97,0.54,0.42,2026-08-05,23:44:00,N,nominal,2.0NRT,289.73,0.85,N,VIIRS
47.27406,31.29272,301.81,0.54,0.42,2026-08-05,23:44:00,N,nominal,2.0NRT,289.99,0.85,N,VIIRS
46.7007,36.08517,304.45,0.39,0.36,2026-08-05,23:44:00,N,nominal,2.0NRT,290.23,0.67,N,VIIRS
46.82336,35.26659,299.83,0.4,0.37,2026-08-05,23:44:00,N,nominal,2.0NRT,289.63,0.39,N,VIIRS
46.70566,36.2403,304.37,0.39,0.36,2026-08-05,23:44:00,N,nominal,2.0NRT,290.72,0.95,N,VIIRS
46.70492,36.24535,326.69,0.39,0.36,2026-08-05,23:44:00,N,nominal,2.0NRT,290.86,0.95,N,VIIRS
46.70822,36.24638,303.04,0.39,0.36,2026-08-05,23:44:00,N,nominal,2.0NRT,290.48,0.95,N,VIIRS
46.73345,36.07402,302.03,0.39,0.36,2026-08-05,23:44:00,N,nominal,2.0NRT,290.22,0.52,N,VIIRS
46.73602,36.08012,311.51,0.39,0.36,2026-08-05,23:44:00,N,nominal,2.0NRT,290.32,0.78,N,VIIRS
46.98119,34.566160000000004,306.54,0.42,0.38,2026-08-05,23:44:00,N,nominal,2.0NRT,290.03,0.78,N,VIIRS
46.90813,35.15981,322.87,0.41,0.37,2026-08-05,23:44:00,N,nominal,2.0NRT,291.39,2.54,N,VIIRS
46.91082,35.16166,309.79,0.41,0.37,2026-08-05,23:44:00,N,nominal,2.0NRT,291.11,0.65,N,VIIRS
46.92259,35.12654,317.59,0.41,0.37,2026-08-05,23:44:00,N,nominal,2.0NRT,291.17,1.43,N,VIIRS
46.92596,35.12754,319.07,0.41,0.37,2026-08-05,23:44:00,N,nominal,2.0NRT,291.15,1.43,N,VIIRS
47.15655,33.5172,300.95,0.45,0.39,2026-08-05,23:44:00,N,nominal,2.0NRT,289.97,0.4,N,VIIRS
46.95465,35.25154,314.87,0.4,0.37,2026-08-05,23:44:00,N,nominal,2.0NRT,291.52,1.15,N,VIIRS
47.53008,30.36377,307.57,0.39,0.44,2026-08-05,23:44:00,N,nominal,2.0NRT,290.41,0.74,N,VIIRS
47.36401,32.09584,306.3,0.5,0.41,2026-08-05,23:44:00,N,nominal,2.0NRT,290.96,1.92,N,VIIRS
47.36907,32.04911,326.54,0.5,0.41,2026-08-05,23:44:00,N,nominal,2.0NRT,291.18,3.7,N,VIIRS
47.37211,32.05667,308.68,0.5,0.41,2026-08-05,23:44:00,N,nominal,2.0NRT,290.52,3.7,N,VIIRS
47.37283,32.04998,349.04,0.5,0.41,2026-08-05,23:44:00,N,nominal,2.0NRT,293.38,3.7,N,VIIRS
47.37587,32.05755,319.98,0.5,0.41,2026-08-05,23:44:00,N,nominal,2.0NRT,291.19,1.56,N,VIIRS
47.37659,32.05086,305.5,0.5,0.41,2026-08-05,23:44:00,N,nominal,2.0NRT,290.77,1.56,N,VIIRS
47.53233,30.64491,301.87,0.38,0.43,2026-08-05,23:44:00,N,nominal,2.0NRT,289.66,0.49,N,VIIRS
47.54302,30.66114,302.08,0.57,0.43,2026-08-05,23:44:00,N,nominal,2.0NRT,289.59,1.3,N,VIIRS
46.85067,36.35828,300.91,0.39,0.36,2026-08-05,23:44:00,N,nominal,2.0NRT,290.73,0.46,N,VIIRS
47.17744,34.08047,301.22,0.43,0.38,2026-08-05,23:44:00,N,nominal,2.0NRT,290.41,0.55,N,VIIRS
47.17815,34.07479,305.36,0.43,0.38,2026-08-05,23:44:00,N,nominal,2.0NRT,290.16,1.02,N,VIIRS
47.18163,34.07574,303.45,0.43,0.38,2026-08-05,23:44:00,N,nominal,2.0NRT,290.39,0.64,N,VIIRS
47.59588,30.17275,309.52,0.4,0.44,2026-08-05,23:44:00,N,nominal,2.0NRT,289.48,0.9,N,VIIRS
47.05147,35.33731,303.95,0.4,0.37,2026-08-05,23:44:00,N,nominal,2.0NRT,290.53,0.55,N,VIIRS
46.92912,36.22365,309.29,0.39,0.36,2026-08-05,23:44:00,N,nominal,2.0NRT,292.05,0.78,N,VIIRS
46.92987,36.21857,304.64,0.39,0.36,2026-08-05,23:44:00,N,nominal,2.0NRT,291.77,0.78,N,VIIRS
47.69595,29.84704,316.32,0.42,0.45,2026-08-05,23:44:00,N,nominal,2.0NRT,290.59,1.89,N,VIIRS
47.69644,29.84146,302.36,0.42,0.45,2026-08-05,23:44:00,N,nominal,2.0NRT,290.1,1.89,N,VIIRS
47.69547,29.85253,320.47,0.42,0.45,2026-08-05,23:44:00,N,nominal,2.0NRT,289.33,2.17,N,VIIRS
46.96828,36.3436,328.66,0.39,0.36,2026-08-05,23:44:00,N,nominal,2.0NRT,292.72,4.58,N,VIIRS
46.96903,36.33852,327.09,0.39,0.36,2026-08-05,23:44:00,N,nominal,2.0NRT,292.07,5.48,N,VIIRS
46.97009,36.35481,302.32,0.39,0.36,2026-08-05,23:44:00,N,nominal,2.0NRT,290.58,0.49,N,VIIRS
46.97084,36.34973,318.68,0.39,0.36,2026-08-05,23:44:00,N,nominal,2.0NRT,290.93,4.58,N,VIIRS
47.08984,35.51399,312.96,0.4,0.37,2026-08-05,23:44:00,N,nominal,2.0NRT,289.75,0.76,N,VIIRS
46.97159,36.34464,349.3,0.39,0.36,2026-08-05,23:44:00,N,nominal,2.0NRT,294.27,4.58,N,VIIRS
46.97233,36.33957,336.04,0.39,0.36,2026-08-05,23:44:00,N,nominal,2.0NRT,295.13,5.48,N,VIIRS
46.97414,36.35077,310.58,0.39,0.36,2026-08-05,23:44:00,N,nominal,2.0NRT,290.96,0.89,N,VIIRS
46.97563,36.34061,303.37,0.39,0.36,2026-08-05,23:44:00,N,nominal,2.0NRT,292.18,1.1,N,VIIRS
46.97488,36.34568,320.59,0.39,0.36,2026-08-05,23:44:00,N,nominal,2.0NRT,291.49,0.89,N,VIIRS
46.95637,36.54126,332.42,0.39,0.36,2026-08-05,23:44:00,N,nominal,2.0NRT,290.54,2.32,N,VIIRS
46.96757,36.58187,302.23,0.39,0.36,2026-08-05,23:44:00,N,nominal,2.0NRT,290.14,0.94,N,VIIRS
46.97161,36.57787,312.9,0.39,0.36,2026-08-05,23:44:00,N,nominal,2.0NRT,292.66,0.94,N,VIIRS
46.9749,36.57893,311.34,0.39,0.36,2026-08-05,23:44:00,N,nominal,2.0NRT,291.99,1.12,N,VIIRS
47.73247,30.2063,308.31,0.4,0.44,2026-08-05,23:44:00,N,nominal,2.0NRT,290.3,1.07,N,VIIRS
46.97744,36.58502,315.41,0.39,0.36,2026-08-05,23:44:00,N,nominal,2.0NRT,290.97,1.12,N,VIIRS
46.98478,36.58209,317.62,0.39,0.36,2026-08-05,23:44:00,N,nominal,2.0NRT,291.63,1.49,N,VIIRS
46.99005,36.54671,311.3,0.39,0.36,2026-08-05,23:44:00,N,nominal,2.0NRT,291.66,1.1,N,VIIRS
46.99814,36.5387,305.58,0.39,0.36,2026-08-05,23:44:00,N,nominal,2.0NRT,290.83,0.7,N,VIIRS
47.00143,36.53975,317.08,0.39,0.36,2026-08-05,23:44:00,N,nominal,2.0NRT,291.24,1.18,N,VIIRS
47.00219,36.53469,316.45,0.39,0.36,2026-08-05,23:44:00,N,nominal,2.0NRT,290.18,1.18,N,VIIRS
47.00473,36.54079,307.39,0.39,0.36,2026-08-05,23:44:00,N,nominal,2.0NRT,291.02,1.18,N,VIIRS
47.00802,36.54184,312.05,0.39,0.36,2026-08-05,23:44:00,N,nominal,2.0NRT,291.22,1.08,N,VIIRS
47.05424,36.32282,301.66,0.39,0.36,2026-08-05,23:44:00,N,nominal,2.0NRT,291.47,0.59,N,VIIRS
47.05499,36.31774,305.4,0.39,0.36,2026-08-05,23:44:00,N,nominal,2.0NRT,290.92,0.59,N,VIIRS
47.325,34.47139,304.97,0.42,0.38,2026-08-05,23:44:00,N,nominal,2.0NRT,290.15,0.85,N,VIIRS
47.07967,36.32712,316.06,0.39,0.36,2026-08-05,23:44:00,N,nominal,2.0NRT,291.46,0.87,N,VIIRS
47.08149,36.33833,300.84,0.39,0.36,2026-08-05,23:44:00,N,nominal,2.0NRT,290.53,0.52,N,VIIRS
47.08297,36.32816,310.05,0.39,0.36,2026-08-05,23:44:00,N,nominal,2.0NRT,291.03,0.87,N,VIIRS
47.08372,36.32307,305.4,0.39,0.36,2026-08-05,23:44:00,N,nominal,2.0NRT,291.29,0.87,N,VIIRS
47.20084,35.59795,307.01,0.4,0.37,2026-08-05,23:44:00,N,nominal,2.0NRT,291.21,1.06,N,VIIRS
47.20418,35.59895,304.13,0.4,0.37,2026-08-05,23:44:00,N,nominal,2.0NRT,291.45,0.74,N,VIIRS
47.25597,35.27308,327.78,0.41,0.37,2026-08-05,23:44:00,N,nominal,2.0NRT,291.84,1.31,N,VIIRS
47.25644,35.2954,301.32,0.41,0.37,2026-08-05,23:44:00,N,nominal,2.0NRT,290.35,0.53,N,VIIRS
47.25717,35.29007,306.82,0.41,0.37,2026-08-05,23:44:00,N,nominal,2.0NRT,289.51,0.53,N,VIIRS
47.25935,35.27407,302.25,0.41,0.37,2026-08-05,23:44:00,N,nominal,2.0NRT,291.18,1.31,N,VIIRS
47.26054,35.29107,314.47,0.41,0.37,2026-08-05,23:44:00,N,nominal,2.0NRT,290.4,1.51,N,VIIRS
47.39981,34.34228,319.17,0.43,0.38,2026-08-05,23:44:00,N,nominal,2.0NRT,290.94,1.36,N,VIIRS
47.41355,34.59546,302.77,0.42,0.38,2026-08-05,23:44:00,N,nominal,2.0NRT,290.54,0.46,N,VIIRS
47.417,34.59637,308.29,0.42,0.38,2026-08-05,23:44:00,N,nominal,2.0NRT,291.73,0.83,N,VIIRS
47.41772,34.59083,305.38,0.42,0.38,2026-08-05,23:44:00,N,nominal,2.0NRT,291.31,0.83,N,VIIRS
47.41855,34.59177,302.75,0.42,0.38,2026-08-05,23:44:00,N,nominal,2.0NRT,291.18,0.63,N,VIIRS
47.41717,34.84889,313.58,0.42,0.37,2026-08-05,23:44:00,N,nominal,2.0NRT,289.81,1.5,N,VIIRS
47.34963,35.37943,304.06,0.4,0.37,2026-08-05,23:44:00,N,nominal,2.0NRT,290.94,2.19,N,VIIRS
47.41986,34.85534,303.4,0.42,0.37,2026-08-05,23:44:00,N,nominal,2.0NRT,289,1.27,N,VIIRS
47.42059,34.84986,324.76,0.42,0.37,2026-08-05,23:44:00,N,nominal,2.0NRT,289.74,1.27,N,VIIRS
47.35299,35.38044,342.98,0.4,0.37,2026-08-05,23:44:00,N,nominal,2.0NRT,292.97,2.19,N,VIIRS
47.76585,31.94646,330.49,0.51,0.41,2026-08-05,23:44:00,N,nominal,2.0NRT,290.92,3.54,N,VIIRS
47.76893,31.95427,300.13,0.51,0.41,2026-08-05,23:44:00,N,nominal,2.0NRT,289.69,0.44,N,VIIRS
47.76965,31.94737,301.67,0.51,0.41,2026-08-05,23:44:00,N,nominal,2.0NRT,290.05,0.44,N,VIIRS
47.40622,35.03843,314.7,0.41,0.37,2026-08-05,23:44:00,N,nominal,2.0NRT,290.81,1.02,N,VIIRS
47.36004,36.20337,299.62,0.39,0.36,2026-08-05,23:44:00,N,nominal,2.0NRT,289.36,0.93,N,VIIRS
47.42517,35.74522,301.29,0.4,0.37,2026-08-05,23:44:00,N,nominal,2.0NRT,290.98,0.59,N,VIIRS
47.59636,34.6604,305.37,0.42,0.38,2026-08-05,23:44:00,N,nominal,2.0NRT,290.27,0.44,N,VIIRS
47.29628,36.84616,301.54,0.39,0.36,2026-08-05,23:44:00,N,nominal,2.0NRT,291,0.31,N,VIIRS
47.29956,36.84724,304.79,0.39,0.36,2026-08-05,23:44:00,N,nominal,2.0NRT,291.1,0.31,N,VIIRS
47.58105,35.3231,311.13,0.41,0.37,2026-08-05,23:44:00,N,nominal,2.0NRT,291.03,1.05,N,VIIRS
47.19939,37.92588,308.99,0.38,0.36,2026-08-05,23:44:00,N,nominal,2.0NRT,290.54,1.01,N,VIIRS
47.20266,37.92702,308.36,0.38,0.36,2026-08-05,23:44:00,N,nominal,2.0NRT,290.31,1.03,N,VIIRS
47.20346,37.92201,308.14,0.38,0.36,2026-08-05,23:44:00,N,nominal,2.0NRT,289.49,0.34,N,VIIRS
47.84397,33.38476,312.38,0.46,0.39,2026-08-05,23:44:00,N,nominal,2.0NRT,294.35,1.85,N,VIIRS
47.66158,34.90541,310.64,0.42,0.37,2026-08-05,23:44:00,N,nominal,2.0NRT,289.74,1.49,N,VIIRS
48.05353,31.57277,300.58,0.53,0.42,2026-08-05,23:44:00,N,nominal,2.0NRT,288.8,0.48,N,VIIRS
47.85898,33.44554,313.83,0.46,0.39,2026-08-05,23:44:00,N,nominal,2.0NRT,295.02,2.38,N,VIIRS
47.55933,35.80994,304.57,0.4,0.37,2026-08-05,23:44:00,N,nominal,2.0NRT,290.41,0.61,N,VIIRS
47.8676,33.43517,311.3,0.46,0.39,2026-08-05,23:44:00,N,nominal,2.0NRT,293.48,1.73,N,VIIRS
47.87265,33.42385,304.59,0.46,0.39,2026-08-05,23:44:00,N,nominal,2.0NRT,291.29,2,N,VIIRS
47.87482,33.4055,306.53,0.46,0.39,2026-08-05,23:44:00,N,nominal,2.0NRT,293.94,1.03,N,VIIRS
47.87337,33.41774,331.74,0.46,0.39,2026-08-05,23:44:00,N,nominal,2.0NRT,294.24,5.76,N,VIIRS
47.87477,33.43704,307.15,0.46,0.39,2026-08-05,23:44:00,N,nominal,2.0NRT,293.53,1.95,N,VIIRS
47.87842,33.40643,305,0.46,0.39,2026-08-05,23:44:00,N,nominal,2.0NRT,294.61,1.03,N,VIIRS
47.87914,33.4003,307.15,0.46,0.39,2026-08-05,23:44:00,N,nominal,2.0NRT,294.79,1.03,N,VIIRS
47.67717,35.0808,319.78,0.41,0.37,2026-08-05,23:44:00,N,nominal,2.0NRT,291.05,1.77,N,VIIRS
47.68057,35.0818,319.27,0.41,0.37,2026-08-05,23:44:00,N,nominal,2.0NRT,290.6,1.77,N,VIIRS
47.67945,35.08258,329.36,0.41,0.37,2026-08-05,23:44:00,N,nominal,2.0NRT,291.02,1.74,N,VIIRS
47.68285,35.08359,313.27,0.41,0.37,2026-08-05,23:44:00,N,nominal,2.0NRT,289.8,1.74,N,VIIRS
47.66167,35.26962,302.89,0.41,0.37,2026-08-05,23:44:00,N,nominal,2.0NRT,291.15,0.81,N,VIIRS
47.68625,35.08459,311.01,0.41,0.37,2026-08-05,23:44:00,N,nominal,2.0NRT,290.6,0.91,N,VIIRS
47.66868,35.24352,303.67,0.41,0.37,2026-08-05,23:44:00,N,nominal,2.0NRT,291.13,0.66,N,VIIRS
47.23143,38.256100000000004,319.57,0.38,0.36,2026-08-05,23:44:00,N,nominal,2.0NRT,288.41,0.79,N,VIIRS
47.23225,38.25109,299.17,0.38,0.36,2026-08-05,23:44:00,N,nominal,2.0NRT,288.36,0.79,N,VIIRS
47.7084,35.13068,303.15,0.41,0.37,2026-08-05,23:44:00,N,nominal,2.0NRT,293.13,1.49,N,VIIRS
47.70913,35.12526,315.12,0.41,0.37,2026-08-05,23:44:00,N,nominal,2.0NRT,293.83,1.49,N,VIIRS
47.7118,35.13168,312.22,0.41,0.37,2026-08-05,23:44:00,N,nominal,2.0NRT,294.52,1.49,N,VIIRS
47.71252,35.12625,317.95,0.41,0.37,2026-08-05,23:44:00,N,nominal,2.0NRT,295.86,1.49,N,VIIRS
47.7152,35.1327,317.22,0.41,0.37,2026-08-05,23:44:00,N,nominal,2.0NRT,295.25,1.64,N,VIIRS
47.70987,35.19908,305.85,0.41,0.37,2026-08-05,23:44:00,N,nominal,2.0NRT,292.02,1.19,N,VIIRS
47.71787,35.13914,307.33,0.41,0.37,2026-08-05,23:44:00,N,nominal,2.0NRT,293.55,1.81,N,VIIRS
47.71859,35.13371,308.52,0.41,0.37,2026-08-05,23:44:00,N,nominal,2.0NRT,293.23,1.64,N,VIIRS
47.71399,35.19463,306.26,0.41,0.37,2026-08-05,23:44:00,N,nominal,2.0NRT,290.3,1.25,N,VIIRS
47.72175,35.16295,305.39,0.41,0.37,2026-08-05,23:44:00,N,nominal,2.0NRT,292.5,1.34,N,VIIRS
47.67434,35.56442,303.49,0.4,0.37,2026-08-05,23:44:00,N,nominal,2.0NRT,291.33,0.73,N,VIIRS
47.72709,35.17586,310.31,0.41,0.37,2026-08-05,23:44:00,N,nominal,2.0NRT,291.77,1.28,N,VIIRS
47.73314,35.1833,302.56,0.41,0.37,2026-08-05,23:44:00,N,nominal,2.0NRT,290.89,0.97,N,VIIRS
47.73387,35.17786,317.62,0.41,0.37,2026-08-05,23:44:00,N,nominal,2.0NRT,293.09,0.97,N,VIIRS
47.70282,35.43333,302.58,0.41,0.37,2026-08-05,23:44:00,N,nominal,2.0NRT,289.27,0.53,N,VIIRS
47.70502,35.59584,298.94,0.4,0.37,2026-08-05,23:44:00,N,nominal,2.0NRT,288.77,0.18,N,VIIRS
48.28723,30.60419,301.75,0.39,0.44,2026-08-05,23:44:00,N,nominal,2.0NRT,288.97,0.38,N,VIIRS
48.28627,30.60445,300.71,0.39,0.44,2026-08-05,23:44:00,N,nominal,2.0NRT,288.79,0.32,N,VIIRS
47.72353,35.66352,316.33,0.4,0.37,2026-08-05,23:44:00,N,nominal,2.0NRT,289.78,1.03,N,VIIRS
47.96215,34.1034,302.16,0.44,0.38,2026-08-05,23:44:00,N,nominal,2.0NRT,291.44,0.54,N,VIIRS
47.78278,35.66508,307.42,0.4,0.37,2026-08-05,23:44:00,N,nominal,2.0NRT,291.12,0.98,N,VIIRS
47.79754,35.55803,306.96,0.4,0.37,2026-08-05,23:44:00,N,nominal,2.0NRT,291.13,0.86,N,VIIRS
48.37108,30.53501,303.94,0.4,0.44,2026-08-05,23:44:00,N,nominal,2.0NRT,289.66,0.61,N,VIIRS
47.86092,35.14241,313.23,0.41,0.37,2026-08-05,23:44:00,N,nominal,2.0NRT,295.24,1.61,N,VIIRS
47.86698,35.1499,308.01,0.41,0.37,2026-08-05,23:44:00,N,nominal,2.0NRT,295.06,1.62,N,VIIRS
47.86891,35.16187,307.63,0.41,0.37,2026-08-05,23:44:00,N,nominal,2.0NRT,294.18,0.79,N,VIIRS
47.86965,35.15638,306.67,0.41,0.37,2026-08-05,23:44:00,N,nominal,2.0NRT,293.39,0.79,N,VIIRS
47.87645,35.15837,304.17,0.41,0.37,2026-08-05,23:44:00,N,nominal,2.0NRT,292.37,0.21,N,VIIRS
47.87956,35.18779,304.75,0.41,0.37,2026-08-05,23:44:00,N,nominal,2.0NRT,291.94,0.67,N,VIIRS
48.51936,29.44495,311.56,0.44,0.46,2026-08-05,23:44:00,N,nominal,2.0NRT,289.02,1.04,N,VIIRS
48.51982,29.43899,307.86,0.44,0.46,2026-08-05,23:44:00,N,nominal,2.0NRT,289.17,1.39,N,VIIRS
48.02135,34.43898,302.08,0.43,0.38,2026-08-05,23:44:00,N,nominal,2.0NRT,290.41,0.61,N,VIIRS
47.68366,37.12395,299.91,0.39,0.36,2026-08-05,23:44:00,N,nominal,2.0NRT,289.13,0.55,N,VIIRS
47.83083,36.12303,325.46,0.4,0.37,2026-08-05,23:44:00,N,nominal,2.0NRT,291.23,2.33,N,VIIRS
47.68694,37.12505,304.06,0.39,0.36,2026-08-05,23:44:00,N,nominal,2.0NRT,289.97,0.55,N,VIIRS
47.85455,36.103,300.46,0.4,0.37,2026-08-05,23:44:00,N,nominal,2.0NRT,289.15,0.39,N,VIIRS
47.92536,35.64845,322.39,0.4,0.37,2026-08-05,23:44:00,N,nominal,2.0NRT,290.78,2.1,N,VIIRS
48.93609,23.57728,302.06,0.41,0.61,2026-08-05,23:44:00,N,nominal,2.0NRT,290.36,0.78,N,VIIRS
48.21236,34.11954,301.31,0.44,0.38,2026-08-05,23:44:00,N,nominal,2.0NRT,290.11,0.64,N,VIIRS
48.97633,24.71149,310.68,0.36,0.58,2026-08-05,23:44:00,N,nominal,2.0NRT,292.38,1.24,N,VIIRS
47.72507,37.86707,308.08,0.38,0.36,2026-08-05,23:44:00,N,nominal,2.0NRT,288.88,0.41,N,VIIRS
47.72588,37.86202,318.23,0.38,0.36,2026-08-05,23:44:00,N,nominal,2.0NRT,288.61,1.18,N,VIIRS
48.97852,24.70765,308.82,0.36,0.58,2026-08-05,23:44:00,N,nominal,2.0NRT,292.96,1.97,N,VIIRS
47.98703,36.23578,305.33,0.4,0.37,2026-08-05,23:44:00,N,nominal,2.0NRT,290.93,1.42,N,VIIRS
48.0361,35.93638,300.94,0.4,0.37,2026-08-05,23:44:00,N,nominal,2.0NRT,289.61,0.21,N,VIIRS
48.03684,35.93106,311.32,0.4,0.37,2026-08-05,23:44:00,N,nominal,2.0NRT,289.91,1.46,N,VIIRS
48.04018,35.93211,299.98,0.4,0.37,2026-08-05,23:44:00,N,nominal,2.0NRT,289.11,0.24,N,VIIRS
48.03983,35.95969,325.8,0.4,0.37,2026-08-05,23:44:00,N,nominal,2.0NRT,289.67,2.2,N,VIIRS
48.04317,35.96073,308.52,0.4,0.37,2026-08-05,23:44:00,N,nominal,2.0NRT,289.63,0.63,N,VIIRS
47.89715,36.99456,305.33,0.39,0.36,2026-08-05,23:44:00,N,nominal,2.0NRT,288.45,0.65,N,VIIRS
47.72483,38.27788,300.25,0.38,0.36,2026-08-05,23:44:00,N,nominal,2.0NRT,289.35,0.32,N,VIIRS
48.22174,35.78253,310.5,0.4,0.37,2026-08-05,23:44:00,N,nominal,2.0NRT,290.29,0.88,N,VIIRS
48.2251,35.78356,303.69,0.4,0.37,2026-08-05,23:44:00,N,nominal,2.0NRT,289.61,0.42,N,VIIRS
48.23219,35.80824,306.23,0.4,0.37,2026-08-05,23:44:00,N,nominal,2.0NRT,289.4,0.74,N,VIIRS
48.232170000000004,35.80951,305.86,0.4,0.37,2026-08-05,23:44:00,N,nominal,2.0NRT,289.37,0.58,N,VIIRS
48.1344,36.79401,309.09,0.39,0.36,2026-08-05,23:44:00,N,nominal,2.0NRT,289.64,0.69,N,VIIRS
47.84146,38.73561,303.79,0.39,0.36,2026-08-05,23:44:00,N,nominal,2.0NRT,290.11,0.55,N,VIIRS
49.01259,29.23616,308.24,0.46,0.47,2026-08-05,23:44:00,N,nominal,2.0NRT,289.86,1.59,N,VIIRS
48.47248,34.63041,330.06,0.43,0.38,2026-08-05,23:44:00,N,nominal,2.0NRT,296.7,2.75,N,VIIRS
48.51891,34.63177,309.79,0.43,0.38,2026-08-05,23:44:00,N,nominal,2.0NRT,293.16,1.23,N,VIIRS
48.05946,37.95609,315.63,0.38,0.36,2026-08-05,23:44:00,N,nominal,2.0NRT,293.01,1.56,N,VIIRS
48.5315,34.61736,304.27,0.43,0.38,2026-08-05,23:44:00,N,nominal,2.0NRT,294.15,1.69,N,VIIRS
48.53554,34.64252,313.06,0.43,0.38,2026-08-05,23:44:00,N,nominal,2.0NRT,294.72,2.08,N,VIIRS
48.49839,35.1,316.03,0.42,0.38,2026-08-05,23:44:00,N,nominal,2.0NRT,294.19,1.46,N,VIIRS
48.28683,36.65956,304.67,0.39,0.36,2026-08-05,23:44:00,N,nominal,2.0NRT,288.71,0.6,N,VIIRS
48.09853,37.92683,309.59,0.38,0.36,2026-08-05,23:44:00,N,nominal,2.0NRT,291.71,1.56,N,VIIRS
48.26343,36.8433,302.12,0.39,0.36,2026-08-05,23:44:00,N,nominal,2.0NRT,289.98,0.47,N,VIIRS
