latitude,longitude,bright_ti4,scan,track,acq_date,acq_time,satellite,confidence,version,bright_ti5,frp,daynight,instrument
47.90403,34.62482,302.83,0.62,0.54,2026-08-24,00:45:00,N,nominal,2.0NRT,284.61,0.77,N,VIIRS
47.43654,36.28242,303.49,0.37,0.58,2026-08-24,00:45:00,N,nominal,2.0NRT,285.73,0.97,N,VIIRS
47.7577,35.31986,303.12,0.33,0.55,2026-08-24,00:45:00,N,nominal,2.0NRT,286.21,0.38,N,VIIRS
47.75888,35.31571,296.21,0.33,0.55,2026-08-24,00:45:00,N,nominal,2.0NRT,285.81,0.36,N,VIIRS
47.76365,35.31873,297.49,0.33,0.55,2026-08-24,00:45:00,N,nominal,2.0NRT,286.85,0.37,N,VIIRS
47.67099,36.25335,296.84,0.37,0.58,2026-08-24,00:45:00,N,nominal,2.0NRT,286.66,0.27,N,VIIRS
47.42841,37.075920000000004,300.2,0.4,0.6,2026-08-24,00:45:00,N,nominal,2.0NRT,286.7,1.19,N,VIIRS
47.43354,37.07936,317.51,0.4,0.6,2026-08-24,00:45:00,N,nominal,2.0NRT,286.8,1.19,N,VIIRS
47.85812,35.65529,297.51,0.34,0.56,2026-08-24,00:45:00,N,nominal,2.0NRT,286.09,0.33,N,VIIRS
47.85937,35.651,296.75,0.34,0.56,2026-08-24,00:45:00,N,nominal,2.0NRT,285.67,0.33,N,VIIRS
48.51452,38.25029,297.75,0.42,0.61,2026-08-24,00:45:00,N,nominal,2.0NRT,285.92,1.01,N,VIIRS
48.8881,36.94599,301.14,0.36,0.57,2026-08-24,00:45:00,N,nominal,2.0NRT,286.44,0.7,N,VIIRS
48.84542,36.91167,308.18,0.36,0.57,2026-08-24,00:45:00,N,nominal,2.0NRT,285.46,0.48,N,VIIRS
51.21135,27.22501,295.42,0.42,0.38,2026-08-24,00:45:00,N,nominal,2.0NRT,278.3,0.6,N,VIIRS
51.21022,27.23086,312.05,0.42,0.38,2026-08-24,00:45:00,N,nominal,2.0NRT,282.76,1.29,N,VIIRS
48.8406,36.90813,304.51,0.36,0.57,2026-08-24,00:45:00,N,nominal,2.0NRT,285.64,0.48,N,VIIRS
48.61823,37.55785,299.65,0.39,0.59,2026-08-24,00:45:00,N,nominal,2.0NRT,285.76,0.53,N,VIIRS
48.61731,37.55694,299.77,0.39,0.59,2026-08-24,00:45:00,N,nominal,2.0NRT,286.01,0.37,N,VIIRS
48.54229,37.70206,314.5,0.4,0.6,2026-08-24,00:45:00,N,nominal,2.0NRT,286.35,1.03,N,VIIRS
48.10326,38.92723,309.8,0.46,0.63,2026-08-24,00:45:00,N,nominal,2.0NRT,288.94,1.16,N,VIIRS
48.37618,37.66331,302.49,0.4,0.6,2026-08-24,00:45:00,N,nominal,2.0NRT,285.71,0.63,N,VIIRS
48.3695,37.66491,297.22,0.4,0.6,2026-08-24,00:45:00,N,nominal,2.0NRT,285.79,0.51,N,VIIRS
48.98607,35.50509,295.46,0.62,0.54,2026-08-24,00:45:00,N,nominal,2.0NRT,283.63,1.03,N,VIIRS
48.37647,37.66285,301.56,0.4,0.6,2026-08-24,00:45:00,N,nominal,2.0NRT,285.54,0.93,N,VIIRS
48.36982,37.66444,297.25,0.4,0.6,2026-08-24,00:45:00,N,nominal,2.0NRT,285.8,0.78,N,VIIRS
48.27463,37.85277,296.27,0.41,0.61,2026-08-24,00:45:00,N,nominal,2.0NRT,285.13,0.25,N,VIIRS
50.0882,31.05366,307.57,0.38,0.44,2026-08-24,00:45:00,N,nominal,2.0NRT,286.69,1.22,N,VIIRS
48.4449,37.05896,297.6,0.37,0.58,2026-08-24,00:45:00,N,nominal,2.0NRT,285.33,0.46,N,VIIRS
47.92598,38.70893,302.81,0.46,0.63,2026-08-24,00:45:00,N,nominal,2.0NRT,289.26,0.76,N,VIIRS
48.60756,36.47922,298.1,0.35,0.57,2026-08-24,00:45:00,N,nominal,2.0NRT,286.53,0.18,N,VIIRS
48.2255,37.71017,296.51,0.41,0.6,2026-08-24,00:45:00,N,nominal,2.0NRT,285.6,0.35,N,VIIRS
48.60878,36.4762,298.96,0.35,0.57,2026-08-24,00:45:00,N,nominal,2.0NRT,286.63,0.49,N,VIIRS
47.92785,38.70747,303.44,0.46,0.63,2026-08-24,00:45:00,N,nominal,2.0NRT,289.17,0.98,N,VIIRS
48.42311,36.98475,311.87,0.37,0.58,2026-08-24,00:45:00,N,nominal,2.0NRT,284.78,0.8,N,VIIRS
48.22422,37.61937,295.95,0.4,0.6,2026-08-24,00:45:00,N,nominal,2.0NRT,285.41,0.38,N,VIIRS
48.05724,37.95432,298.88,0.42,0.61,2026-08-24,00:45:00,N,nominal,2.0NRT,288.03,0.47,N,VIIRS
48.16955,37.57588,295.69,0.4,0.6,2026-08-24,00:45:00,N,nominal,2.0NRT,285.18,0.5,N,VIIRS
48.32001,37.06779,295.19,0.38,0.59,2026-08-24,00:45:00,N,nominal,2.0NRT,284.84,0.43,N,VIIRS
48.15608,37.5793,299.26,0.4,0.6,2026-08-24,00:45:00,N,nominal,2.0NRT,285.87,0.69,N,VIIRS
48.1545,37.58438,300.77,0.4,0.6,2026-08-24,00:45:00,N,nominal,2.0NRT,285.83,0.69,N,VIIRS
48.17004,37.57584,296.09,0.4,0.6,2026-08-24,00:45:00,N,nominal,2.0NRT,285.62,0.57,N,VIIRS
48.15509,37.58432,306.99,0.4,0.6,2026-08-24,00:45:00,N,nominal,2.0NRT,286.17,0.82,N,VIIRS
48.31182,37.02661,297.05,0.38,0.59,2026-08-24,00:45:00,N,nominal,2.0NRT,285.14,0.29,N,VIIRS
47.83249,38.47404,300.36,0.45,0.63,2026-08-24,00:45:00,N,nominal,2.0NRT,289.27,0.58,N,VIIRS
48.03488,37.53722,298.96,0.4,0.6,2026-08-24,00:45:00,N,nominal,2.0NRT,286.22,0.49,N,VIIRS
48.02975,37.53374,304.79,0.4,0.6,2026-08-24,00:45:00,N,nominal,2.0NRT,286.71,1.31,N,VIIRS
48.0282,37.5388,308.12,0.4,0.6,2026-08-24,00:45:00,N,nominal,2.0NRT,286.33,0.95,N,VIIRS
48.08292,37.21973,298.61,0.39,0.59,2026-08-24,00:45:00,N,nominal,2.0NRT,285.97,0.81,N,VIIRS
48.08144,37.22456,298.76,0.39,0.59,2026-08-24,00:45:00,N,nominal,2.0NRT,285.89,0.46,N,VIIRS
48.08083,37.2066,301.53,0.39,0.59,2026-08-24,00:45:00,N,nominal,2.0NRT,286.42,1.1,N,VIIRS
48.07933,37.21149,307.45,0.39,0.59,2026-08-24,00:45:00,N,nominal,2.0NRT,285.96,1.1,N,VIIRS
48.07786,37.21631,300.54,0.39,0.59,2026-08-24,00:45:00,N,nominal,2.0NRT,285.87,1.1,N,VIIRS
48.07639,37.22111,315.48,0.39,0.59,2026-08-24,00:45:00,N,nominal,2.0NRT,286.19,1.22,N,VIIRS
47.89835,37.61572,330.97,0.41,0.61,2026-08-24,00:45:00,N,nominal,2.0NRT,286.74,1.68,N,VIIRS
47.89994,37.61066,299.42,0.41,0.61,2026-08-24,00:45:00,N,nominal,2.0NRT,285.95,1.68,N,VIIRS
47.89676,37.62079,301.69,0.41,0.61,2026-08-24,00:45:00,N,nominal,2.0NRT,286.38,1.17,N,VIIRS
47.90146,37.61113,298.56,0.41,0.61,2026-08-24,00:45:00,N,nominal,2.0NRT,286.12,1.67,N,VIIRS
47.89989,37.6162,319.71,0.41,0.61,2026-08-24,00:45:00,N,nominal,2.0NRT,287.08,1.1,N,VIIRS
47.89833,37.62129,297.77,0.41,0.61,2026-08-24,00:45:00,N,nominal,2.0NRT,286.45,1.1,N,VIIRS
47.89476,37.61259,297.8,0.41,0.61,2026-08-24,00:45:00,N,nominal,2.0NRT,285.94,1.1,N,VIIRS
47.89319,37.61769,310.56,0.41,0.61,2026-08-24,00:45:00,N,nominal,2.0NRT,286.19,1.1,N,VIIRS
48.29533,36.19924,299.17,0.35,0.57,2026-08-24,00:45:00,N,nominal,2.0NRT,286.06,0.37,N,VIIRS
48.15634,36.31898,300.77,0.36,0.57,2026-08-24,00:45:00,N,nominal,2.0NRT,286.44,0.42,N,VIIRS
50.54374,26.26154,322.95,0.41,0.37,2026-08-24,00:45:00,N,nominal,2.0NRT,287.32,2.27,N,VIIRS
47.90756,36.76503,301.12,0.38,0.59,2026-08-24,00:45:00,N,nominal,2.0NRT,285.91,0.45,N,VIIRS
45.84655,29.67654,322.9,0.43,0.46,2026-08-24,00:45:00,N,nominal,2.0NRT,285.54,2.09,N,VIIRS
45.84594,29.67856,318.24,0.43,0.46,2026-08-24,00:45:00,N,nominal,2.0NRT,285.61,2.44,N,VIIRS
44.77051,33.86034,300.84,0.35,0.57,2026-08-24,00:45:00,N,nominal,2.0NRT,287.88,0.37,N,VIIRS
44.77556,33.86267,300.59,0.35,0.57,2026-08-24,00:45:00,N,nominal,2.0NRT,288.31,0.37,N,VIIRS
45.91616,30.27528,338.75,0.45,0.47,2026-08-24,00:45:00,N,nominal,2.0NRT,290.55,5.46,N,VIIRS
45.9203,30.27729,307.06,0.45,0.47,2026-08-24,00:45:00,N,nominal,2.0NRT,288.34,5.46,N,VIIRS
45.91747,30.27631,345.18,0.45,0.47,2026-08-24,00:45:00,N,nominal,2.0NRT,290.14,8.24,N,VIIRS
45.93945,30.26205,301.45,0.45,0.47,2026-08-24,00:45:00,N,nominal,2.0NRT,287.23,0.77,N,VIIRS
45.94357,30.26409,303.8,0.45,0.47,2026-08-24,00:45:00,N,nominal,2.0NRT,286.9,0.77,N,VIIRS
45.97899,30.19422,307,0.45,0.47,2026-08-24,00:45:00,N,nominal,2.0NRT,286.44,1.28,N,VIIRS
45.99245,30.15756,297.95,0.44,0.46,2026-08-24,00:45:00,N,nominal,2.0NRT,285.97,2.83,N,VIIRS
45.99378,30.15205,338.16,0.44,0.46,2026-08-24,00:45:00,N,nominal,2.0NRT,289.24,6.39,N,VIIRS
45.99655,30.15958,303.62,0.44,0.46,2026-08-24,00:45:00,N,nominal,2.0NRT,286.84,2.83,N,VIIRS
45.99788,30.15407,337.85,0.44,0.46,2026-08-24,00:45:00,N,nominal,2.0NRT,288.75,6.39,N,VIIRS
45.98468,30.26577,296.33,0.45,0.47,2026-08-24,00:45:00,N,nominal,2.0NRT,285.85,0.28,N,VIIRS
45.08467,34.02361,313.02,0.35,0.57,2026-08-24,00:45:00,N,nominal,2.0NRT,286.08,1.81,N,VIIRS
45.08587,34.0194,327.35,0.35,0.57,2026-08-24,00:45:00,N,nominal,2.0NRT,287.21,1.81,N,VIIRS
45.13092,34.001220000000004,299.96,0.35,0.57,2026-08-24,00:45:00,N,nominal,2.0NRT,287.11,0.39,N,VIIRS
45.58883,32.86776,341.13,0.6,0.53,2026-08-24,00:45:00,N,nominal,2.0NRT,291.86,6.55,N,VIIRS
45.58688,32.86536,342.14,0.6,0.53,2026-08-24,00:45:00,N,nominal,2.0NRT,291.37,4.74,N,VIIRS
45.59154,32.86777,301.08,0.6,0.53,2026-08-24,00:45:00,N,nominal,2.0NRT,290.43,4.74,N,VIIRS
45.0103,35.35664,307.79,0.4,0.6,2026-08-24,00:45:00,N,nominal,2.0NRT,288.53,4.29,N,VIIRS
45.00882,35.36166,354.76,0.4,0.6,2026-08-24,00:45:00,N,nominal,2.0NRT,290.62,4.29,N,VIIRS
45.008540000000004,35.35693,319.99,0.4,0.6,2026-08-24,00:45:00,N,nominal,2.0NRT,288.73,5.54,N,VIIRS
45.00705,35.36188,350.32,0.4,0.6,2026-08-24,00:45:00,N,nominal,2.0NRT,290.42,6.19,N,VIIRS
45.07055,35.27197,313.47,0.4,0.6,2026-08-24,00:45:00,N,nominal,2.0NRT,288.54,1.41,N,VIIRS
45.436,34.0535,312.35,0.34,0.56,2026-08-24,00:45:00,N,nominal,2.0NRT,286.76,1.2,N,VIIRS
47.43505,37.07443,326.49,0.4,0.6,2026-08-24,00:45:00,N,nominal,2.0NRT,286.65,3.94,N,VIIRS
47.4402,37.07779,299.44,0.4,0.6,2026-08-24,00:45:00,N,nominal,2.0NRT,285.75,1.05,N,VIIRS
47.44173,37.07283,317.62,0.4,0.6,2026-08-24,00:45:00,N,nominal,2.0NRT,286.35,1.05,N,VIIRS
47.89476,35.54816,309,0.34,0.56,2026-08-24,00:45:00,N,nominal,2.0NRT,286.79,0.41,N,VIIRS
47.89598,35.54391,299.46,0.34,0.56,2026-08-24,00:45:00,N,nominal,2.0NRT,286.4,0.41,N,VIIRS
47.88607,35.8765,316.24,0.35,0.57,2026-08-24,00:45:00,N,nominal,2.0NRT,287.62,1.8,N,VIIRS
47.89218,35.87532,301.99,0.35,0.57,2026-08-24,00:45:00,N,nominal,2.0NRT,286.28,4.29,N,VIIRS
47.14404,35.78715,309.46,0.36,0.58,2026-08-24,00:45:00,N,nominal,2.0NRT,286.85,0.81,N,VIIRS
47.72389,37.35015,300.56,0.41,0.6,2026-08-24,00:45:00,N,nominal,2.0NRT,286.33,1.05,N,VIIRS
47.72234,37.35519,300.6,0.41,0.6,2026-08-24,00:45:00,N,nominal,2.0NRT,286.21,0.78,N,VIIRS
47.71836,37.32777,299.18,0.41,0.6,2026-08-24,00:45:00,N,nominal,2.0NRT,285.47,0.69,N,VIIRS
47.71526,37.33786,297.02,0.41,0.6,2026-08-24,00:45:00,N,nominal,2.0NRT,286.07,0.73,N,VIIRS
47.71327,37.32416,302.6,0.41,0.6,2026-08-24,00:45:00,N,nominal,2.0NRT,285.72,0.69,N,VIIRS
47.71172,37.3292,305.46,0.41,0.6,2026-08-24,00:45:00,N,nominal,2.0NRT,286.39,0.69,N,VIIRS
47.70663,37.3256,302.62,0.41,0.6,2026-08-24,00:45:00,N,nominal,2.0NRT,286.06,1.55,N,VIIRS
47.69999,37.327,312.76,0.41,0.6,2026-08-24,00:45:00,N,nominal,2.0NRT,286.05,1.17,N,VIIRS
48.47309,34.62765,301.97,0.59,0.53,2026-08-24,00:45:00,N,nominal,2.0NRT,288.23,0.9,N,VIIRS
47.70265,37.23811,298.34,0.4,0.6,2026-08-24,00:45:00,N,nominal,2.0NRT,285.79,0.55,N,VIIRS
48.07764,35.91527,315.77,0.34,0.56,2026-08-24,00:45:00,N,nominal,2.0NRT,287.25,1.12,N,VIIRS
47.52074,37.73946,306.19,0.43,0.62,2026-08-24,00:45:00,N,nominal,2.0NRT,288.31,0.92,N,VIIRS
47.51381,37.74123,322.67,0.43,0.62,2026-08-24,00:45:00,N,nominal,2.0NRT,289.03,1.67,N,VIIRS
48.07738,35.91412,310.9,0.34,0.56,2026-08-24,00:45:00,N,nominal,2.0NRT,286.97,1.3,N,VIIRS
48.07611,35.91851,305.27,0.34,0.56,2026-08-24,00:45:00,N,nominal,2.0NRT,287.26,0.71,N,VIIRS
47.51913,37.7388,307.74,0.43,0.62,2026-08-24,00:45:00,N,nominal,2.0NRT,287.6,0.99,N,VIIRS
47.51222,37.74057,320.17,0.43,0.62,2026-08-24,00:45:00,N,nominal,2.0NRT,288.89,1.83,N,VIIRS
47.45063,37.67332,298.25,0.43,0.62,2026-08-24,00:45:00,N,nominal,2.0NRT,287.86,0.34,N,VIIRS
47.44382,37.67475,302.95,0.43,0.62,2026-08-24,00:45:00,N,nominal,2.0NRT,288.23,0.52,N,VIIRS
47.69726,36.83769,316.28,0.39,0.59,2026-08-24,00:45:00,N,nominal,2.0NRT,286.57,1.87,N,VIIRS
47.60402,37.14137,300.62,0.4,0.6,2026-08-24,00:45:00,N,nominal,2.0NRT,286.22,0.49,N,VIIRS
47.69518,36.82463,308.32,0.39,0.59,2026-08-24,00:45:00,N,nominal,2.0NRT,286.88,1.22,N,VIIRS
47.69643,36.83605,310.68,0.39,0.59,2026-08-24,00:45:00,N,nominal,2.0NRT,286.22,0.86,N,VIIRS
47.4418,37.67286,300.91,0.43,0.62,2026-08-24,00:45:00,N,nominal,2.0NRT,288.23,0.46,N,VIIRS
50.27173,26.06767,300.59,0.41,0.37,2026-08-24,00:45:00,N,nominal,2.0NRT,283.14,0.71,N,VIIRS
47.69432,36.8229,305.79,0.39,0.59,2026-08-24,00:45:00,N,nominal,2.0NRT,286.31,0.98,N,VIIRS
47.69286,36.82776,297.96,0.39,0.59,2026-08-24,00:45:00,N,nominal,2.0NRT,286.35,0.98,N,VIIRS
47.93088,35.80181,301.55,0.34,0.56,2026-08-24,00:45:00,N,nominal,2.0NRT,286.8,0.54,N,VIIRS
47.89571,35.88298,367,0.35,0.57,2026-08-24,00:45:00,N,high,2.0NRT,289.96,4.29,N,VIIRS
47.89087,35.8798,354.07,0.35,0.57,2026-08-24,00:45:00,N,nominal,2.0NRT,288.25,4.29,N,VIIRS
46.84145,33.79999,300.86,0.61,0.53,2026-08-24,00:45:00,N,nominal,2.0NRT,285.97,0.58,N,VIIRS
46.83575,33.84085,301.34,0.61,0.54,2026-08-24,00:45:00,N,nominal,2.0NRT,286.17,0.6,N,VIIRS
47.00095,33.16375,295.93,0.57,0.52,2026-08-24,00:45:00,N,nominal,2.0NRT,285.91,0.99,N,VIIRS
46.84263,33.80051,296.55,0.61,0.53,2026-08-24,00:45:00,N,nominal,2.0NRT,286.09,1.12,N,VIIRS
46.40233,35.36117,315.12,0.37,0.58,2026-08-24,00:45:00,N,nominal,2.0NRT,288.08,1.36,N,VIIRS
46.83675,33.84121,300.28,0.61,0.54,2026-08-24,00:45:00,N,nominal,2.0NRT,285.66,0.51,N,VIIRS
46.87848,33.86558,318.11,0.61,0.54,2026-08-24,00:45:00,N,nominal,2.0NRT,287.7,2.73,N,VIIRS
46.88311,33.8683,302.77,0.61,0.54,2026-08-24,00:45:00,N,nominal,2.0NRT,286.81,1.51,N,VIIRS
46.88983,33.8634,299.31,0.61,0.53,2026-08-24,00:45:00,N,nominal,2.0NRT,287.32,1.51,N,VIIRS
46.90047,33.92294,301.5,0.61,0.54,2026-08-24,00:45:00,N,nominal,2.0NRT,285.8,0.99,N,VIIRS
46.90674,33.89995,303.8,0.61,0.54,2026-08-24,00:45:00,N,nominal,2.0NRT,285.91,1.5,N,VIIRS
46.90882,33.89231,303.43,0.61,0.54,2026-08-24,00:45:00,N,nominal,2.0NRT,285.85,1.5,N,VIIRS
46.90465,33.90761,322.64,0.61,0.54,2026-08-24,00:45:00,N,nominal,2.0NRT,287.12,4.54,N,VIIRS
46.91137,33.90269,302.43,0.61,0.54,2026-08-24,00:45:00,N,nominal,2.0NRT,286.76,1.5,N,VIIRS
47.68529,30.89388,298.32,0.43,0.46,2026-08-24,00:45:00,N,nominal,2.0NRT,284.79,0.45,N,VIIRS
48.97525,24.71281,317.64,0.4,0.37,2026-08-24,00:45:00,N,nominal,2.0NRT,286.44,1.4,N,VIIRS
48.9762,24.70748,300.82,0.4,0.37,2026-08-24,00:45:00,N,nominal,2.0NRT,284.09,1.4,N,VIIRS
46.90242,33.92207,303.3,0.61,0.54,2026-08-24,00:45:00,N,nominal,2.0NRT,285.86,1.23,N,VIIRS
46.90454,33.91443,299.5,0.61,0.54,2026-08-24,00:45:00,N,nominal,2.0NRT,286.48,1.23,N,VIIRS
46.9088,33.89917,313.44,0.61,0.54,2026-08-24,00:45:00,N,nominal,2.0NRT,286.43,3.2,N,VIIRS
46.91092,33.89156,306.83,0.61,0.54,2026-08-24,00:45:00,N,nominal,2.0NRT,286.17,1.37,N,VIIRS
46.90667,33.9068,320.55,0.61,0.54,2026-08-24,00:45:00,N,nominal,2.0NRT,286.99,3.2,N,VIIRS
46.59346,35.24318,298.42,0.36,0.57,2026-08-24,00:45:00,N,nominal,2.0NRT,288.01,0.18,N,VIIRS
46.53176,35.55517,301.94,0.37,0.58,2026-08-24,00:45:00,N,nominal,2.0NRT,287.33,2.49,N,VIIRS
46.53309,35.55059,298.91,0.37,0.58,2026-08-24,00:45:00,N,nominal,2.0NRT,287.81,0.97,N,VIIRS
46.52908,35.5643,332.43,0.37,0.58,2026-08-24,00:45:00,N,nominal,2.0NRT,287.99,2.96,N,VIIRS
46.53042,35.55972,328.73,0.37,0.58,2026-08-24,00:45:00,N,nominal,2.0NRT,287.91,2.49,N,VIIRS
47.055,33.83576,297.66,0.6,0.53,2026-08-24,00:45:00,N,nominal,2.0NRT,287.12,0.89,N,VIIRS
47.05703,33.82823,302.27,0.6,0.53,2026-08-24,00:45:00,N,nominal,2.0NRT,287.07,0.89,N,VIIRS
48.74934,26.60336,303.72,0.44,0.38,2026-08-24,00:45:00,N,nominal,2.0NRT,286.18,1.3,N,VIIRS
47.0571,33.83485,299.78,0.6,0.53,2026-08-24,00:45:00,N,nominal,2.0NRT,287.22,1.23,N,VIIRS
47.05917,33.82737,299.46,0.6,0.53,2026-08-24,00:45:00,N,nominal,2.0NRT,287.07,1.05,N,VIIRS
46.69361,35.2337,317.17,0.35,0.57,2026-08-24,00:45:00,N,nominal,2.0NRT,288.26,2.61,N,VIIRS
46.69233,35.23812,325.59,0.36,0.57,2026-08-24,00:45:00,N,nominal,2.0NRT,288.71,2.06,N,VIIRS
47.02417,34.08994,300.14,0.62,0.54,2026-08-24,00:45:00,N,nominal,2.0NRT,287.36,0.98,N,VIIRS
46.74122,35.12917,307.01,0.35,0.57,2026-08-24,00:45:00,N,nominal,2.0NRT,287.77,0.7,N,VIIRS
46.73984,35.15388,310.23,0.35,0.57,2026-08-24,00:45:00,N,nominal,2.0NRT,287.73,1.57,N,VIIRS
47.12762,35.86312,318.11,0.37,0.58,2026-08-24,00:45:00,N,nominal,2.0NRT,287.28,1.45,N,VIIRS
50.85069,34.88662,324.32,0.52,0.5,2026-08-24,00:45:00,N,nominal,2.0NRT,280.43,2.38,N,VIIRS
50.84885,34.8935,297.81,0.52,0.5,2026-08-24,00:45:00,N,nominal,2.0NRT,281.25,2.38,N,VIIRS
50.00618,37.81289,297.22,0.36,0.57,2026-08-24,00:45:00,N,nominal,2.0NRT,284.96,1.15,N,VIIRS
49.99206,37.82038,311.74,0.36,0.57,2026-08-24,00:45:00,N,nominal,2.0NRT,285.03,2.03,N,VIIRS
50.22549,36.85063,295.51,0.32,0.55,2026-08-24,00:45:00,N,nominal,2.0NRT,284.13,0.19,N,VIIRS
49.6833,38.12164,299.17,0.38,0.59,2026-08-24,00:45:00,N,nominal,2.0NRT,284.27,0.35,N,VIIRS
50.48858,34.94379,299.75,0.53,0.5,2026-08-24,00:45:00,N,nominal,2.0NRT,283.08,0.72,N,VIIRS
49.55775,38.12723,305.94,0.38,0.59,2026-08-24,00:45:00,N,nominal,2.0NRT,284.62,0.73,N,VIIRS
49.55622,38.13221,304.4,0.38,0.59,2026-08-24,00:45:00,N,nominal,2.0NRT,284.83,0.73,N,VIIRS
49.62288,37.47244,296.73,0.36,0.57,2026-08-24,00:45:00,N,nominal,2.0NRT,285.17,0.36,N,VIIRS
51.36024,30.27034,295.14,0.51,0.41,2026-08-24,00:45:00,N,nominal,2.0NRT,284.86,0.78,N,VIIRS
51.35662,30.26832,305.15,0.51,0.41,2026-08-24,00:45:00,N,nominal,2.0NRT,287.96,2.34,N,VIIRS
49.2699,38.02022,298.13,0.39,0.59,2026-08-24,00:45:00,N,nominal,2.0NRT,283.63,0.25,N,VIIRS
49.21914,38.16496,321.37,0.39,0.6,2026-08-24,00:45:00,N,nominal,2.0NRT,285.76,2.05,N,VIIRS
49.22067,38.15999,313.8,0.39,0.6,2026-08-24,00:45:00,N,nominal,2.0NRT,285.87,2.34,N,VIIRS
49.21407,38.16141,297.06,0.39,0.6,2026-08-24,00:45:00,N,nominal,2.0NRT,285.65,0.68,N,VIIRS
49.0182,38.64587,297.56,0.42,0.61,2026-08-24,00:45:00,N,nominal,2.0NRT,286.93,0.43,N,VIIRS
49.01479,38.63665,297.17,0.42,0.61,2026-08-24,00:45:00,N,nominal,2.0NRT,287.1,0.89,N,VIIRS
49.01313,38.64187,305.44,0.42,0.61,2026-08-24,00:45:00,N,nominal,2.0NRT,286.78,0.89,N,VIIRS
49.01146,38.64713,304.88,0.42,0.61,2026-08-24,00:45:00,N,nominal,2.0NRT,286.99,1.56,N,VIIRS
49.00978,38.65239,306.24,0.42,0.61,2026-08-24,00:45:00,N,nominal,2.0NRT,287,1.56,N,VIIRS
49.00811,38.65762,313.12,0.42,0.61,2026-08-24,00:45:00,N,nominal,2.0NRT,287.41,1.56,N,VIIRS
49.00644,38.66285,308.41,0.42,0.61,2026-08-24,00:45:00,N,nominal,2.0NRT,287.31,1.56,N,VIIRS
49.00312,38.65337,320.41,0.42,0.61,2026-08-24,00:45:00,N,nominal,2.0NRT,287.63,1.56,N,VIIRS
49.26685,37.81274,295.81,0.38,0.59,2026-08-24,00:45:00,N,nominal,2.0NRT,281.68,0.49,N,VIIRS
49.00811,38.63773,298.66,0.42,0.61,2026-08-24,00:45:00,N,nominal,2.0NRT,286.54,0.89,N,VIIRS
49.00645,38.64293,311.72,0.42,0.61,2026-08-24,00:45:00,N,nominal,2.0NRT,286.98,1.56,N,VIIRS
49.0048,38.64811,316.79,0.42,0.61,2026-08-24,00:45:00,N,nominal,2.0NRT,287.28,1.56,N,VIIRS
49.00585,38.65228,322.44,0.42,0.61,2026-08-24,00:45:00,N,nominal,2.0NRT,287.96,2.8,N,VIIRS
49.00913,38.64181,310.83,0.42,0.61,2026-08-24,00:45:00,N,nominal,2.0NRT,287.02,2.34,N,VIIRS
49.0075,38.64704,312.56,0.42,0.61,2026-08-24,00:45:00,N,nominal,2.0NRT,287.16,2.8,N,VIIRS
49.0042,38.65755,317.28,0.42,0.61,2026-08-24,00:45:00,N,nominal,2.0NRT,287.83,2.88,N,VIIRS
48.93207,38.62487,301.07,0.42,0.61,2026-08-24,00:45:00,N,nominal,2.0NRT,287.5,0.75,N,VIIRS
48.85334,38.71178,301.54,0.42,0.61,2026-08-24,00:45:00,N,nominal,2.0NRT,286.87,1.09,N,VIIRS
48.8516,38.71716,301.21,0.42,0.61,2026-08-24,00:45:00,N,nominal,2.0NRT,286.72,1.06,N,VIIRS
48.84118,38.74961,306.61,0.43,0.62,2026-08-24,00:45:00,N,nominal,2.0NRT,287.39,0.61,N,VIIRS
48.83947,38.73498,322.26,0.43,0.62,2026-08-24,00:45:00,N,nominal,2.0NRT,288.35,2,N,VIIRS
48.86189,38.6652,299.26,0.42,0.61,2026-08-24,00:45:00,N,nominal,2.0NRT,287.14,0.62,N,VIIRS
48.84121,38.72957,309.76,0.43,0.62,2026-08-24,00:45:00,N,nominal,2.0NRT,287.54,2.97,N,VIIRS
48.83597,38.74584,309.26,0.43,0.62,2026-08-24,00:45:00,N,nominal,2.0NRT,287,1.33,N,VIIRS
48.82379,38.76372,355.31,0.43,0.62,2026-08-24,00:45:00,N,nominal,2.0NRT,289.79,6.31,N,VIIRS
48.85667,38.66157,304.17,0.42,0.61,2026-08-24,00:45:00,N,nominal,2.0NRT,286.89,0.62,N,VIIRS
48.83427,38.73122,313.93,0.43,0.62,2026-08-24,00:45:00,N,nominal,2.0NRT,287.47,2,N,VIIRS
48.83252,38.73664,316.84,0.43,0.62,2026-08-24,00:45:00,N,nominal,2.0NRT,287.61,2,N,VIIRS
48.82552,38.75837,315.33,0.43,0.62,2026-08-24,00:45:00,N,nominal,2.0NRT,287.42,4.8,N,VIIRS
48.85509,38.71984,298.03,0.43,0.62,2026-08-24,00:45:00,N,nominal,2.0NRT,286.97,0.47,N,VIIRS
48.85161,38.71067,298.12,0.42,0.61,2026-08-24,00:45:00,N,nominal,2.0NRT,286.68,0.47,N,VIIRS
48.8499,38.71607,299,0.43,0.62,2026-08-24,00:45:00,N,nominal,2.0NRT,286.92,0.47,N,VIIRS
48.83962,38.74864,319.12,0.43,0.62,2026-08-24,00:45:00,N,nominal,2.0NRT,287.92,1.61,N,VIIRS
48.83788,38.73394,327.28,0.43,0.62,2026-08-24,00:45:00,N,nominal,2.0NRT,288.75,1.96,N,VIIRS
48.85996,38.66394,310.63,0.42,0.61,2026-08-24,00:45:00,N,nominal,2.0NRT,287.47,1.33,N,VIIRS
48.85658,38.67467,297.34,0.42,0.61,2026-08-24,00:45:00,N,nominal,2.0NRT,287.08,0.43,N,VIIRS
48.83959,38.72851,311.39,0.43,0.62,2026-08-24,00:45:00,N,nominal,2.0NRT,287.47,1.96,N,VIIRS
48.82236,38.76279,367,0.43,0.62,2026-08-24,00:45:00,N,high,2.0NRT,289.43,5,N,VIIRS
48.83268,38.73017,307.37,0.43,0.62,2026-08-24,00:45:00,N,nominal,2.0NRT,286.81,1.96,N,VIIRS
48.83096,38.73561,313.91,0.43,0.62,2026-08-24,00:45:00,N,nominal,2.0NRT,287.31,2.76,N,VIIRS
48.82406,38.75742,314.85,0.43,0.62,2026-08-24,00:45:00,N,nominal,2.0NRT,287.26,5,N,VIIRS
49.03085,38.0556,296.92,0.39,0.6,2026-08-24,00:45:00,N,nominal,2.0NRT,285.32,0.35,N,VIIRS
49.00279,38.06656,307.75,0.4,0.6,2026-08-24,00:45:00,N,nominal,2.0NRT,285.39,0.66,N,VIIRS
48.96992,38.09276,296.15,0.4,0.6,2026-08-24,00:45:00,N,nominal,2.0NRT,285.13,0.18,N,VIIRS
48.98141,37.99639,309.58,0.39,0.6,2026-08-24,00:45:00,N,nominal,2.0NRT,285.62,0.9,N,VIIRS
48.791,38.60013,312.02,0.42,0.61,2026-08-24,00:45:00,N,nominal,2.0NRT,287.26,0.75,N,VIIRS
48.78925,38.60563,297.87,0.42,0.61,2026-08-24,00:45:00,N,nominal,2.0NRT,287.27,0.75,N,VIIRS
51.0172,30.32583,329.87,0.52,0.41,2026-08-24,00:45:00,N,nominal,2.0NRT,287.99,3.02,N,VIIRS
51.01246,30.3471,345.84,0.52,0.41,2026-08-24,00:45:00,N,nominal,2.0NRT,291.65,6.71,N,VIIRS
51.01088,30.35419,344.26,0.52,0.42,2026-08-24,00:45:00,N,nominal,2.0NRT,292.09,10.04,N,VIIRS
51.00929,30.3613,354.67,0.52,0.42,2026-08-24,00:45:00,N,nominal,2.0NRT,293.49,10.04,N,VIIRS
51.00771,30.3684,352.05,0.52,0.42,2026-08-24,00:45:00,N,nominal,2.0NRT,297.29,8.97,N,VIIRS
51.00612,30.37551,325.88,0.52,0.42,2026-08-24,00:45:00,N,nominal,2.0NRT,289.38,8.97,N,VIIRS
51.00453,30.38263,322.13,0.52,0.42,2026-08-24,00:45:00,N,nominal,2.0NRT,288.04,1.71,N,VIIRS
51.01878,30.31875,310.38,0.52,0.41,2026-08-24,00:45:00,N,nominal,2.0NRT,285.33,1.26,N,VIIRS
51.01562,30.33291,316.63,0.52,0.41,2026-08-24,00:45:00,N,nominal,2.0NRT,288.31,3.02,N,VIIRS
51.01405,30.34,317.35,0.52,0.41,2026-08-24,00:45:00,N,nominal,2.0NRT,287.94,6.71,N,VIIRS
51.00293,30.38976,304.14,0.52,0.42,2026-08-24,00:45:00,N,nominal,2.0NRT,286.68,1.71,N,VIIRS
51.00247,30.37347,322.73,0.52,0.42,2026-08-24,00:45:00,N,nominal,2.0NRT,289.47,3.11,N,VIIRS
51.00088,30.38059,344.62,0.52,0.42,2026-08-24,00:45:00,N,nominal,2.0NRT,292.84,6.66,N,VIIRS
50.99928,30.38772,345.1,0.52,0.42,2026-08-24,00:45:00,N,nominal,2.0NRT,294.4,6.66,N,VIIRS
50.99769,30.39484,331.13,0.52,0.42,2026-08-24,00:45:00,N,nominal,2.0NRT,291.11,3.25,N,VIIRS
51.00406,30.36636,297.92,0.52,0.42,2026-08-24,00:45:00,N,nominal,2.0NRT,286.45,3.11,N,VIIRS
48.36833,39.82962,349.56,0.49,0.65,2026-08-24,00:45:00,N,nominal,2.0NRT,290.99,5.57,N,VIIRS
50.99563,30.38567,299.26,0.52,0.42,2026-08-24,00:45:00,N,nominal,2.0NRT,287.8,6.66,N,VIIRS
50.99404,30.3928,303.29,0.52,0.42,2026-08-24,00:45:00,N,nominal,2.0NRT,287.89,3.25,N,VIIRS
50.99039,30.39075,329.27,0.52,0.42,2026-08-24,00:45:00,N,nominal,2.0NRT,292.04,3.6,N,VIIRS
47.46598,34.74236,308.71,0.32,0.55,2026-08-24,00:45:00,N,nominal,2.0NRT,287.65,0.7,N,VIIRS
47.16845,35.82394,298.34,0.36,0.58,2026-08-24,00:45:00,N,nominal,2.0NRT,286.32,0.15,N,VIIRS
47.1734,35.82708,297.67,0.36,0.58,2026-08-24,00:45:00,N,nominal,2.0NRT,285.44,0.15,N,VIIRS
47.17835,35.8302,305.7,0.36,0.58,2026-08-24,00:45:00,N,nominal,2.0NRT,286.69,0.53,N,VIIRS
47.18328,35.8334,303.67,0.36,0.58,2026-08-24,00:45:00,N,nominal,2.0NRT,287.14,0.53,N,VIIRS
47.17191,35.82452,298.61,0.36,0.58,2026-08-24,00:45:00,N,nominal,2.0NRT,285.96,0.25,N,VIIRS
47.17687,35.82762,306.98,0.36,0.58,2026-08-24,00:45:00,N,nominal,2.0NRT,286.52,0.63,N,VIIRS
47.18181,35.83077,306.76,0.36,0.58,2026-08-24,00:45:00,N,nominal,2.0NRT,287.07,0.63,N,VIIRS
47.87186,33.44424,304.84,0.55,0.51,2026-08-24,00:45:00,N,nominal,2.0NRT,288.14,1.18,N,VIIRS
47.87371,33.43732,299.02,0.55,0.51,2026-08-24,00:45:00,N,nominal,2.0NRT,288.29,1.18,N,VIIRS
47.40446,35.246,299.33,0.34,0.56,2026-08-24,00:45:00,N,nominal,2.0NRT,287.72,1.68,N,VIIRS
47.40931,35.2291,306.88,0.34,0.56,2026-08-24,00:45:00,N,nominal,2.0NRT,287.93,0.8,N,VIIRS
47.41052,35.22486,303.74,0.34,0.56,2026-08-24,00:45:00,N,nominal,2.0NRT,287.78,0.99,N,VIIRS
47.40567,35.24178,345.63,0.34,0.56,2026-08-24,00:45:00,N,nominal,2.0NRT,288.86,4.23,N,VIIRS
47.24282,35.98323,307.08,0.37,0.58,2026-08-24,00:45:00,N,nominal,2.0NRT,286.88,1.01,N,VIIRS
45.24683,35.53464,324.45,0.4,0.6,2026-08-24,00:45:00,N,nominal,2.0NRT,289.14,1.9,N,VIIRS
47.24214,35.97884,306.9,0.37,0.58,2026-08-24,00:45:00,N,nominal,2.0NRT,287.03,0.91,N,VIIRS
47.05921,36.68373,307.63,0.4,0.6,2026-08-24,00:45:00,N,nominal,2.0NRT,287.82,0.94,N,VIIRS
47.31176,36.02281,302.28,0.37,0.58,2026-08-24,00:45:00,N,nominal,2.0NRT,287.7,1.04,N,VIIRS
47.3131,36.01825,314.77,0.37,0.58,2026-08-24,00:45:00,N,nominal,2.0NRT,287.55,1.04,N,VIIRS
47.17575,36.50031,300.77,0.39,0.59,2026-08-24,00:45:00,N,nominal,2.0NRT,286.42,0.55,N,VIIRS
47.1772,36.49547,298.23,0.39,0.59,2026-08-24,00:45:00,N,nominal,2.0NRT,286.84,0.58,N,VIIRS
47.26297,36.22801,297.26,0.38,0.58,2026-08-24,00:45:00,N,nominal,2.0NRT,286.79,0.57,N,VIIRS
47.26435,36.22338,317.67,0.38,0.58,2026-08-24,00:45:00,N,nominal,2.0NRT,286.97,1.8,N,VIIRS
47.33082,36.0181,298.14,0.37,0.58,2026-08-24,00:45:00,N,nominal,2.0NRT,287.49,0.71,N,VIIRS
47.33218,36.01349,306.33,0.37,0.58,2026-08-24,00:45:00,N,nominal,2.0NRT,287.11,0.82,N,VIIRS
47.33444,36.02584,311.12,0.37,0.58,2026-08-24,00:45:00,N,nominal,2.0NRT,286.98,0.71,N,VIIRS
46.85992,30.0372,306.18,0.42,0.45,2026-08-24,00:45:00,N,nominal,2.0NRT,286.15,0.99,N,VIIRS
46.16652,33.18194,312.43,0.6,0.53,2026-08-24,00:45:00,N,nominal,2.0NRT,287.21,2.09,N,VIIRS
46.17112,33.18452,308.2,0.6,0.53,2026-08-24,00:45:00,N,nominal,2.0NRT,286.42,2.09,N,VIIRS
46.44036,32.1815,300.33,0.53,0.5,2026-08-24,00:45:00,N,nominal,2.0NRT,288.74,0.95,N,VIIRS
46.3924,32.70501,299.69,0.56,0.52,2026-08-24,00:45:00,N,nominal,2.0NRT,286.59,1.08,N,VIIRS
46.68893,31.78718,301.04,0.5,0.49,2026-08-24,00:45:00,N,nominal,2.0NRT,284.8,0.53,N,VIIRS
46.68982,31.78707,299.53,0.5,0.49,2026-08-24,00:45:00,N,nominal,2.0NRT,285.01,0.3,N,VIIRS
46.94514,30.78925,303.07,0.45,0.47,2026-08-24,00:45:00,N,nominal,2.0NRT,284.7,0.76,N,VIIRS
46.68233,32.16208,298.06,0.52,0.5,2026-08-24,00:45:00,N,nominal,2.0NRT,285.29,0.41,N,VIIRS
46.40189,33.44057,301.7,0.6,0.53,2026-08-24,00:45:00,N,nominal,2.0NRT,286.59,0.85,N,VIIRS
46.85496,31.83484,301.1,0.5,0.49,2026-08-24,00:45:00,N,nominal,2.0NRT,284.84,1.48,N,VIIRS
46.37645,33.67133,310.25,0.62,0.54,2026-08-24,00:45:00,N,nominal,2.0NRT,286.69,1.24,N,VIIRS
46.86241,31.82464,310.47,0.5,0.49,2026-08-24,00:45:00,N,nominal,2.0NRT,285.07,1.92,N,VIIRS
46.37901,33.68171,298.33,0.62,0.54,2026-08-24,00:45:00,N,nominal,2.0NRT,287.12,1.24,N,VIIRS
46.38111,33.67403,301.3,0.62,0.54,2026-08-24,00:45:00,N,nominal,2.0NRT,286.74,1.24,N,VIIRS
46.67383,32.69503,298.06,0.55,0.51,2026-08-24,00:45:00,N,nominal,2.0NRT,287.82,0.78,N,VIIRS
46.67528,32.69419,298.58,0.55,0.51,2026-08-24,00:45:00,N,nominal,2.0NRT,288.02,0.83,N,VIIRS
46.71392,32.60627,298.74,0.54,0.51,2026-08-24,00:45:00,N,nominal,2.0NRT,285.1,0.92,N,VIIRS
46.25941,34.82648,307.83,0.35,0.57,2026-08-24,00:45:00,N,nominal,2.0NRT,287.96,0.84,N,VIIRS
46.26432,34.82938,317.28,0.35,0.57,2026-08-24,00:45:00,N,nominal,2.0NRT,288.66,0.84,N,VIIRS
46.2668,34.82073,298.38,0.35,0.57,2026-08-24,00:45:00,N,nominal,2.0NRT,287.85,1.89,N,VIIRS
46.26804,34.81641,310.07,0.35,0.57,2026-08-24,00:45:00,N,nominal,2.0NRT,287.99,1.15,N,VIIRS
46.27294,34.81934,303.41,0.35,0.57,2026-08-24,00:45:00,N,nominal,2.0NRT,288.48,0.58,N,VIIRS
46.27267,34.90059,297.7,0.35,0.57,2026-08-24,00:45:00,N,nominal,2.0NRT,287.63,2.23,N,VIIRS
46.27016,34.90934,320.16,0.35,0.57,2026-08-24,00:45:00,N,nominal,2.0NRT,288.52,3.23,N,VIIRS
46.27141,34.90498,344.96,0.35,0.57,2026-08-24,00:45:00,N,nominal,2.0NRT,288.97,3.23,N,VIIRS
46.44147,34.53033,298.49,0.34,0.56,2026-08-24,00:45:00,N,nominal,2.0NRT,287.66,0.44,N,VIIRS
46.63588,33.89551,296.48,0.62,0.54,2026-08-24,00:45:00,N,nominal,2.0NRT,286.24,1.32,N,VIIRS
46.638420000000004,33.90598,307.25,0.62,0.54,2026-08-24,00:45:00,N,nominal,2.0NRT,286.31,1.32,N,VIIRS
46.64269,33.8905,305.67,0.62,0.54,2026-08-24,00:45:00,N,nominal,2.0NRT,286.25,1.81,N,VIIRS
46.64523,33.90097,300.23,0.62,0.54,2026-08-24,00:45:00,N,nominal,2.0NRT,285.38,1.49,N,VIIRS
46.64736,33.89323,307.13,0.62,0.54,2026-08-24,00:45:00,N,nominal,2.0NRT,286.02,1.58,N,VIIRS
46.36016,34.95459,300.46,0.35,0.57,2026-08-24,00:45:00,N,nominal,2.0NRT,287.44,0.23,N,VIIRS
46.66391,33.91191,314.02,0.62,0.54,2026-08-24,00:45:00,N,nominal,2.0NRT,286.62,1.67,N,VIIRS
46.67749,33.9019,318.15,0.62,0.54,2026-08-24,00:45:00,N,nominal,2.0NRT,286.29,3.07,N,VIIRS
46.67961,33.89417,301.77,0.62,0.54,2026-08-24,00:45:00,N,nominal,2.0NRT,285.82,2.03,N,VIIRS
46.67889,33.90055,321.25,0.62,0.54,2026-08-24,00:45:00,N,nominal,2.0NRT,286.79,4.06,N,VIIRS
46.67445,34.28957,311.41,0.32,0.55,2026-08-24,00:45:00,N,nominal,2.0NRT,286.39,0.96,N,VIIRS
46.66462,34.34474,311.5,0.33,0.55,2026-08-24,00:45:00,N,nominal,2.0NRT,287.02,0.94,N,VIIRS
46.6803,34.28838,304.77,0.32,0.55,2026-08-24,00:45:00,N,nominal,2.0NRT,286.91,1.39,N,VIIRS
46.71349,34.1686,312.39,0.32,0.54,2026-08-24,00:45:00,N,nominal,2.0NRT,287.24,1,N,VIIRS
46.71458,34.16466,315.89,0.32,0.54,2026-08-24,00:45:00,N,nominal,2.0NRT,286.14,1,N,VIIRS
47.00116,33.16346,297.09,0.57,0.52,2026-08-24,00:45:00,N,nominal,2.0NRT,285.82,1.18,N,VIIRS
46.39917,35.36091,308.28,0.37,0.58,2026-08-24,00:45:00,N,nominal,2.0NRT,288.03,0.77,N,VIIRS
51.78581,34.11705,318.76,0.45,0.47,2026-08-24,00:45:00,N,nominal,2.0NRT,280.71,2.48,N,VIIRS
47.33581,36.0212,298.16,0.37,0.58,2026-08-24,00:45:00,N,nominal,2.0NRT,287.14,0.71,N,VIIRS
47.33715,36.01661,302.37,0.37,0.58,2026-08-24,00:45:00,N,nominal,2.0NRT,287.09,0.82,N,VIIRS
47.64509,34.94348,314.91,0.32,0.55,2026-08-24,00:45:00,N,nominal,2.0NRT,286.64,1.15,N,VIIRS
46.89721,36.57462,299.76,0.4,0.6,2026-08-24,00:45:00,N,nominal,2.0NRT,287.15,0.67,N,VIIRS
46.89061,36.57614,314.92,0.4,0.6,2026-08-24,00:45:00,N,nominal,2.0NRT,287.4,1.28,N,VIIRS
46.88698,36.56791,297.96,0.4,0.6,2026-08-24,00:45:00,N,nominal,2.0NRT,286.72,1.28,N,VIIRS
50.99517,30.36939,302.66,0.52,0.42,2026-08-24,00:45:00,N,nominal,2.0NRT,288.25,1.75,N,VIIRS
50.99358,30.37651,305.75,0.52,0.42,2026-08-24,00:45:00,N,nominal,2.0NRT,289.24,2.05,N,VIIRS
50.99199,30.38363,306.07,0.52,0.42,2026-08-24,00:45:00,N,nominal,2.0NRT,289.2,2.05,N,VIIRS
50.9888,30.39787,313.74,0.52,0.42,2026-08-24,00:45:00,N,nominal,2.0NRT,286.18,3.6,N,VIIRS
50.9963,30.34604,322.53,0.52,0.42,2026-08-24,00:45:00,N,nominal,2.0NRT,287.48,2.6,N,VIIRS
51.00264,30.31769,297.92,0.52,0.41,2026-08-24,00:45:00,N,nominal,2.0NRT,285.78,1.76,N,VIIRS
50.99472,30.35313,300.87,0.52,0.42,2026-08-24,00:45:00,N,nominal,2.0NRT,286.24,2.6,N,VIIRS
50.99312,30.36024,318.81,0.52,0.42,2026-08-24,00:45:00,N,nominal,2.0NRT,289.21,1.75,N,VIIRS
50.99154,30.36734,299.06,0.52,0.42,2026-08-24,00:45:00,N,nominal,2.0NRT,286.43,1.75,N,VIIRS
50.999,30.31566,332.81,0.52,0.41,2026-08-24,00:45:00,N,nominal,2.0NRT,287.88,1.85,N,VIIRS
51.00059,30.30857,303.84,0.52,0.41,2026-08-24,00:45:00,N,nominal,2.0NRT,284.81,1.48,N,VIIRS
50.99742,30.32274,300.21,0.52,0.41,2026-08-24,00:45:00,N,nominal,2.0NRT,287.08,1.85,N,VIIRS
50.99537,30.31362,297.8,0.52,0.41,2026-08-24,00:45:00,N,nominal,2.0NRT,282.84,1.85,N,VIIRS
51.00145,30.30994,313.36,0.52,0.41,2026-08-24,00:45:00,N,nominal,2.0NRT,285.79,2.33,N,VIIRS
50.9999,30.31705,311.55,0.52,0.41,2026-08-24,00:45:00,N,nominal,2.0NRT,287.23,2.33,N,VIIRS
50.99834,30.32415,297.74,0.52,0.41,2026-08-24,00:45:00,N,nominal,2.0NRT,286.87,2.35,N,VIIRS
50.99054,30.35972,295.86,0.52,0.42,2026-08-24,00:45:00,N,nominal,2.0NRT,284.13,1,N,VIIRS
50.99625,30.315,321.66,0.52,0.41,2026-08-24,00:45:00,N,nominal,2.0NRT,283.94,2.33,N,VIIRS
48.78854,38.59739,306.21,0.42,0.61,2026-08-24,00:45:00,N,nominal,2.0NRT,287.15,1.23,N,VIIRS
48.7868,38.60296,299.44,0.42,0.61,2026-08-24,00:45:00,N,nominal,2.0NRT,287.31,0.75,N,VIIRS
50.16838,33.7069,302.48,0.49,0.48,2026-08-24,00:45:00,N,nominal,2.0NRT,285.28,1.89,N,VIIRS
48.37141,39.8326,340.63,0.49,0.65,2026-08-24,00:45:00,N,nominal,2.0NRT,290.81,5.12,N,VIIRS
51.20991,29.18614,327.84,0.47,0.4,2026-08-24,00:45:00,N,nominal,2.0NRT,283.72,2.21,N,VIIRS
51.20855,29.19267,338.15,0.47,0.4,2026-08-24,00:45:00,N,nominal,2.0NRT,286.68,6.83,N,VIIRS
48.36594,39.82854,314.4,0.49,0.65,2026-08-24,00:45:00,N,nominal,2.0NRT,289.6,2.2,N,VIIRS
51.20777,29.17774,297.69,0.47,0.4,2026-08-24,00:45:00,N,nominal,2.0NRT,283.16,2.21,N,VIIRS
51.20641,29.18424,305.92,0.47,0.4,2026-08-24,00:45:00,N,nominal,2.0NRT,282.89,2.21,N,VIIRS
51.20563,29.16934,313.82,0.47,0.4,2026-08-24,00:45:00,N,nominal,2.0NRT,283.45,2.47,N,VIIRS
50.22774,33.39888,302.94,0.47,0.48,2026-08-24,00:45:00,N,nominal,2.0NRT,281.97,0.7,N,VIIRS
49.00679,37.77123,298.85,0.38,0.59,2026-08-24,00:45:00,N,nominal,2.0NRT,285.05,0.52,N,VIIRS
51.19999,29.15905,314.71,0.47,0.4,2026-08-24,00:45:00,N,nominal,2.0NRT,283.53,1.9,N,VIIRS
51.19863,29.16556,300.22,0.47,0.4,2026-08-24,00:45:00,N,nominal,2.0NRT,283.46,1.9,N,VIIRS
51.19513,29.16367,323.74,0.47,0.4,2026-08-24,00:45:00,N,nominal,2.0NRT,280.79,1.9,N,VIIRS
51.19376,29.1702,330.16,0.47,0.4,2026-08-24,00:45:00,N,nominal,2.0NRT,284.23,4.37,N,VIIRS
51.19239,29.17673,335.8,0.47,0.4,2026-08-24,00:45:00,N,nominal,2.0NRT,286.3,4.37,N,VIIRS
51.19649,29.15717,305.09,0.47,0.4,2026-08-24,00:45:00,N,nominal,2.0NRT,280.36,1.9,N,VIIRS
51.18829,29.19631,314.83,0.47,0.4,2026-08-24,00:45:00,N,nominal,2.0NRT,286.56,1.62,N,VIIRS
51.18691,29.20286,305.36,0.47,0.4,2026-08-24,00:45:00,N,nominal,2.0NRT,284.92,1.62,N,VIIRS
51.18478,29.19441,324.47,0.47,0.4,2026-08-24,00:45:00,N,nominal,2.0NRT,285.19,1.95,N,VIIRS
51.18341,29.20096,297.1,0.47,0.4,2026-08-24,00:45:00,N,nominal,2.0NRT,283.72,1.95,N,VIIRS
48.26283,39.95318,300.94,0.5,0.66,2026-08-24,00:45:00,N,nominal,2.0NRT,287.33,0.59,N,VIIRS
46.88399,36.57777,306.36,0.4,0.6,2026-08-24,00:45:00,N,nominal,2.0NRT,286.87,1.05,N,VIIRS
46.88246,36.58277,309.27,0.4,0.6,2026-08-24,00:45:00,N,nominal,2.0NRT,287.09,1.05,N,VIIRS
46.88185,36.5646,306.05,0.4,0.6,2026-08-24,00:45:00,N,nominal,2.0NRT,287.2,0.96,N,VIIRS
46.88037,36.56948,306.15,0.4,0.6,2026-08-24,00:45:00,N,nominal,2.0NRT,286.76,0.96,N,VIIRS
46.87064,36.58125,312.66,0.4,0.6,2026-08-24,00:45:00,N,nominal,2.0NRT,287.25,1.02,N,VIIRS
46.86549,36.57799,343.82,0.4,0.6,2026-08-24,00:45:00,N,nominal,2.0NRT,288.48,4.41,N,VIIRS
46.8701,36.56288,305.57,0.4,0.6,2026-08-24,00:45:00,N,nominal,2.0NRT,287.08,2.14,N,VIIRS
46.86858,36.56787,314.52,0.4,0.6,2026-08-24,00:45:00,N,nominal,2.0NRT,287.2,1.87,N,VIIRS
46.86705,36.57289,307.52,0.4,0.6,2026-08-24,00:45:00,N,nominal,2.0NRT,286.87,1.87,N,VIIRS
47.35553,34.89754,305.7,0.33,0.55,2026-08-24,00:45:00,N,nominal,2.0NRT,286.76,0.55,N,VIIRS
46.86344,36.56457,312.35,0.4,0.6,2026-08-24,00:45:00,N,nominal,2.0NRT,287.66,1.87,N,VIIRS
47.07129,35.85428,298.25,0.37,0.58,2026-08-24,00:45:00,N,nominal,2.0NRT,287.33,0.33,N,VIIRS
46.97915,36.10281,302.91,0.38,0.59,2026-08-24,00:45:00,N,nominal,2.0NRT,287.47,0.57,N,VIIRS
46.94625,36.172,300.22,0.38,0.59,2026-08-24,00:45:00,N,nominal,2.0NRT,287.19,0.28,N,VIIRS
46.97466,36.10985,299.31,0.38,0.59,2026-08-24,00:45:00,N,nominal,2.0NRT,287.67,0.41,N,VIIRS
46.98814,35.90298,301.94,0.37,0.58,2026-08-24,00:45:00,N,nominal,2.0NRT,287.51,0.52,N,VIIRS
47.39625,34.46136,296.19,0.63,0.54,2026-08-24,00:45:00,N,nominal,2.0NRT,285.41,0.59,N,VIIRS
47.39409,34.4691,297.48,0.63,0.54,2026-08-24,00:45:00,N,nominal,2.0NRT,285.3,0.59,N,VIIRS
46.789790000000004,36.50487,306.5,0.4,0.6,2026-08-24,00:45:00,N,nominal,2.0NRT,288.2,0.81,N,VIIRS
46.78616,36.49664,306.61,0.4,0.6,2026-08-24,00:45:00,N,nominal,2.0NRT,287.94,0.76,N,VIIRS
46.78466,36.50154,303.28,0.4,0.6,2026-08-24,00:45:00,N,nominal,2.0NRT,288.29,0.76,N,VIIRS
46.79813,36.23585,301.88,0.39,0.59,2026-08-24,00:45:00,N,nominal,2.0NRT,287.8,0.96,N,VIIRS
46.8509,35.99792,298.17,0.38,0.59,2026-08-24,00:45:00,N,nominal,2.0NRT,287.71,0.83,N,VIIRS
46.84445,35.99952,303.83,0.38,0.59,2026-08-24,00:45:00,N,nominal,2.0NRT,288.12,0.59,N,VIIRS
46.84358,35.98232,327.26,0.38,0.59,2026-08-24,00:45:00,N,nominal,2.0NRT,288.44,2.25,N,VIIRS
46.75021,36.23411,305.99,0.39,0.59,2026-08-24,00:45:00,N,nominal,2.0NRT,287.94,0.91,N,VIIRS
47.3341,34.13697,299.77,0.61,0.53,2026-08-24,00:45:00,N,nominal,2.0NRT,286.58,0.96,N,VIIRS
47.00338,35.22081,305.26,0.35,0.56,2026-08-24,00:45:00,N,nominal,2.0NRT,287.41,1.56,N,VIIRS
46.99852,35.21782,326.24,0.35,0.56,2026-08-24,00:45:00,N,nominal,2.0NRT,287.66,1.56,N,VIIRS
46.99725,35.22213,316.82,0.35,0.56,2026-08-24,00:45:00,N,nominal,2.0NRT,287.42,1.86,N,VIIRS
47.00291,35.21877,300.99,0.35,0.56,2026-08-24,00:45:00,N,nominal,2.0NRT,286.99,1.06,N,VIIRS
47.00168,35.22309,308.77,0.35,0.57,2026-08-24,00:45:00,N,nominal,2.0NRT,287.81,1.06,N,VIIRS
46.99681,35.22009,325.53,0.35,0.57,2026-08-24,00:45:00,N,nominal,2.0NRT,287.86,1.06,N,VIIRS
46.99805,35.21577,306.56,0.35,0.56,2026-08-24,00:45:00,N,nominal,2.0NRT,286.97,1.06,N,VIIRS
46.99557,35.22441,307.27,0.35,0.57,2026-08-24,00:45:00,N,nominal,2.0NRT,287.29,1.1,N,VIIRS
47.15984,34.62344,299.14,0.32,0.55,2026-08-24,00:45:00,N,nominal,2.0NRT,286.74,0.47,N,VIIRS
46.99071,35.22142,319.12,0.35,0.57,2026-08-24,00:45:00,N,nominal,2.0NRT,287.52,1.15,N,VIIRS
46.82003,35.7903,298.06,0.37,0.58,2026-08-24,00:45:00,N,nominal,2.0NRT,287.81,0.28,N,VIIRS
48.24098,39.93626,304.49,0.5,0.66,2026-08-24,00:45:00,N,nominal,2.0NRT,288.7,1.01,N,VIIRS
48.23544,39.93223,325.77,0.5,0.66,2026-08-24,00:45:00,N,nominal,2.0NRT,288.62,4.19,N,VIIRS
48.23346,39.93813,308.84,0.5,0.66,2026-08-24,00:45:00,N,nominal,2.0NRT,288.85,1.48,N,VIIRS
48.22795,39.93402,300.39,0.5,0.66,2026-08-24,00:45:00,N,nominal,2.0NRT,288.85,1.48,N,VIIRS
48.20394,39.92347,304.65,0.5,0.66,2026-08-24,00:45:00,N,nominal,2.0NRT,289.29,1.67,N,VIIRS
48.23999,39.93689,322.76,0.5,0.66,2026-08-24,00:45:00,N,nominal,2.0NRT,289.18,2.95,N,VIIRS
48.23447,39.93282,320.89,0.5,0.66,2026-08-24,00:45:00,N,nominal,2.0NRT,288.39,2.95,N,VIIRS
48.22356,39.82109,353.65,0.49,0.65,2026-08-24,00:45:00,N,nominal,2.0NRT,290.45,4.56,N,VIIRS
48.22552,39.81517,300.86,0.49,0.65,2026-08-24,00:45:00,N,nominal,2.0NRT,288.88,4.56,N,VIIRS
48.20175,39.86601,311.24,0.5,0.66,2026-08-24,00:45:00,N,nominal,2.0NRT,289.49,2.42,N,VIIRS
48.19957,39.87254,314.59,0.5,0.66,2026-08-24,00:45:00,N,nominal,2.0NRT,289.38,2.38,N,VIIRS
48.31115,39.51523,299.5,0.48,0.64,2026-08-24,00:45:00,N,nominal,2.0NRT,288.2,0.68,N,VIIRS
48.30923,39.52103,302.49,0.48,0.64,2026-08-24,00:45:00,N,nominal,2.0NRT,287.93,0.68,N,VIIRS
48.29316,39.48809,308.49,0.48,0.64,2026-08-24,00:45:00,N,nominal,2.0NRT,289.06,1.25,N,VIIRS
48.29116,39.49411,310.21,0.48,0.64,2026-08-24,00:45:00,N,nominal,2.0NRT,288.77,1.25,N,VIIRS
48.28565,39.49041,314.76,0.48,0.64,2026-08-24,00:45:00,N,nominal,2.0NRT,288.85,1.25,N,VIIRS
48.27496,39.48198,322.23,0.48,0.64,2026-08-24,00:45:00,N,nominal,2.0NRT,289.2,3.31,N,VIIRS
48.25076,39.55491,367,0.48,0.65,2026-08-24,00:45:00,N,high,2.0NRT,292.07,6.52,N,VIIRS
48.27286,39.48832,310.52,0.48,0.64,2026-08-24,00:45:00,N,nominal,2.0NRT,289.09,2.1,N,VIIRS
48.25279,39.54881,312.92,0.48,0.65,2026-08-24,00:45:00,N,nominal,2.0NRT,289.48,6.52,N,VIIRS
48.26953,39.47803,308.13,0.48,0.64,2026-08-24,00:45:00,N,nominal,2.0NRT,289.4,1.89,N,VIIRS
48.26742,39.48439,310.56,0.48,0.64,2026-08-24,00:45:00,N,nominal,2.0NRT,288.99,1.09,N,VIIRS
48.2653,39.49078,302.83,0.48,0.64,2026-08-24,00:45:00,N,nominal,2.0NRT,288.88,1.09,N,VIIRS
48.22426,39.59381,344.55,0.48,0.65,2026-08-24,00:45:00,N,nominal,2.0NRT,290.8,4.86,N,VIIRS
48.22644,39.58727,322.12,0.48,0.65,2026-08-24,00:45:00,N,nominal,2.0NRT,289.39,4.86,N,VIIRS
48.22853,39.58101,303.81,0.48,0.65,2026-08-24,00:45:00,N,nominal,2.0NRT,288.77,1.83,N,VIIRS
48.7942,37.78501,301.98,0.39,0.59,2026-08-24,00:45:00,N,nominal,2.0NRT,285.47,0.64,N,VIIRS
48.27158,39.48044,324.27,0.48,0.64,2026-08-24,00:45:00,N,nominal,2.0NRT,289.55,1.96,N,VIIRS
48.26949,39.48688,325.03,0.48,0.64,2026-08-24,00:45:00,N,nominal,2.0NRT,289.91,1.96,N,VIIRS
48.2477,39.55368,348.73,0.48,0.65,2026-08-24,00:45:00,N,nominal,2.0NRT,290.31,6.06,N,VIIRS
48.26738,39.49334,300.43,0.48,0.65,2026-08-24,00:45:00,N,nominal,2.0NRT,288.95,1.27,N,VIIRS
48.24973,39.54746,306.26,0.48,0.65,2026-08-24,00:45:00,N,nominal,2.0NRT,289.16,4.78,N,VIIRS
48.22892,39.59047,326.13,0.48,0.65,2026-08-24,00:45:00,N,nominal,2.0NRT,289.59,2.96,N,VIIRS
48.22676,39.59705,340.31,0.48,0.65,2026-08-24,00:45:00,N,nominal,2.0NRT,290.64,5.99,N,VIIRS
48.26604,39.47683,299.01,0.48,0.64,2026-08-24,00:45:00,N,nominal,2.0NRT,288.76,1.96,N,VIIRS
48.23098,39.58415,304.29,0.48,0.65,2026-08-24,00:45:00,N,nominal,2.0NRT,288.82,2.96,N,VIIRS
48.79365,37.78402,301.66,0.39,0.59,2026-08-24,00:45:00,N,nominal,2.0NRT,285.4,0.29,N,VIIRS
48.2236,39.58604,301.93,0.48,0.65,2026-08-24,00:45:00,N,nominal,2.0NRT,289.05,1.42,N,VIIRS
48.22144,39.59264,301.53,0.48,0.65,2026-08-24,00:45:00,N,nominal,2.0NRT,289.43,1.24,N,VIIRS
48.46434,38.75919,302.13,0.44,0.62,2026-08-24,00:45:00,N,nominal,2.0NRT,288.61,1.4,N,VIIRS
48.95335,36.93933,298.57,0.36,0.57,2026-08-24,00:45:00,N,nominal,2.0NRT,285.01,0.16,N,VIIRS
48.51793,38.24913,314.21,0.42,0.61,2026-08-24,00:45:00,N,nominal,2.0NRT,286.03,1.04,N,VIIRS
48.51617,38.24499,308.62,0.42,0.61,2026-08-24,00:45:00,N,nominal,2.0NRT,285.94,1.51,N,VIIRS
46.7412,36.01715,299.85,0.38,0.59,2026-08-24,00:45:00,N,nominal,2.0NRT,287.39,0.56,N,VIIRS
46.80274,35.56879,299.84,0.36,0.58,2026-08-24,00:45:00,N,nominal,2.0NRT,287.61,0.61,N,VIIRS
46.73869,35.67569,300.03,0.37,0.58,2026-08-24,00:45:00,N,nominal,2.0NRT,287.55,0.28,N,VIIRS
47.3371,33.46074,298.03,0.57,0.52,2026-08-24,00:45:00,N,nominal,2.0NRT,284.57,1.39,N,VIIRS
46.79416,35.24569,316.52,0.35,0.57,2026-08-24,00:45:00,N,nominal,2.0NRT,288.47,1.37,N,VIIRS
46.788,35.24701,298.43,0.35,0.57,2026-08-24,00:45:00,N,nominal,2.0NRT,287.71,0.57,N,VIIRS
46.78672,35.2514,301.06,0.35,0.57,2026-08-24,00:45:00,N,nominal,2.0NRT,287.8,0.66,N,VIIRS
46.77926,35.25712,300.39,0.35,0.57,2026-08-24,00:45:00,N,nominal,2.0NRT,288.04,0.54,N,VIIRS
46.76463,35.10771,304.47,0.35,0.57,2026-08-24,00:45:00,N,nominal,2.0NRT,286.92,0.79,N,VIIRS
46.74599,35.15246,319.61,0.35,0.57,2026-08-24,00:45:00,N,nominal,2.0NRT,288.49,2.27,N,VIIRS
46.74612,35.13208,302.59,0.35,0.57,2026-08-24,00:45:00,N,nominal,2.0NRT,287.95,0.8,N,VIIRS
47.64622,34.93943,296.88,0.32,0.55,2026-08-24,00:45:00,N,nominal,2.0NRT,285.66,0.94,N,VIIRS
47.13182,36.74777,319.14,0.4,0.6,2026-08-24,00:45:00,N,nominal,2.0NRT,288.25,1.79,N,VIIRS
47.13692,36.75119,300.62,0.4,0.6,2026-08-24,00:45:00,N,nominal,2.0NRT,287.02,1.91,N,VIIRS
47.13999,36.741,301.32,0.4,0.6,2026-08-24,00:45:00,N,nominal,2.0NRT,287.38,1.4,N,VIIRS
47.13846,36.74608,332.58,0.4,0.6,2026-08-24,00:45:00,N,nominal,2.0NRT,288.21,1.91,N,VIIRS
47.1451,36.74439,303.67,0.4,0.6,2026-08-24,00:45:00,N,nominal,2.0NRT,287.47,1.4,N,VIIRS
47.33685,36.02845,311.31,0.37,0.58,2026-08-24,00:45:00,N,nominal,2.0NRT,287.38,0.8,N,VIIRS
47.33824,36.02383,297.66,0.37,0.58,2026-08-24,00:45:00,N,nominal,2.0NRT,286.81,0.5,N,VIIRS
47.33961,36.01926,299.07,0.37,0.58,2026-08-24,00:45:00,N,nominal,2.0NRT,286.89,0.5,N,VIIRS
47.13077,36.74764,309.75,0.4,0.6,2026-08-24,00:45:00,N,nominal,2.0NRT,287.75,1.01,N,VIIRS
47.13588,36.75103,300.63,0.4,0.6,2026-08-24,00:45:00,N,nominal,2.0NRT,287.58,1.01,N,VIIRS
47.13899,36.7409,309.64,0.4,0.6,2026-08-24,00:45:00,N,nominal,2.0NRT,287.94,2.83,N,VIIRS
47.15571,36.68638,299.48,0.4,0.6,2026-08-24,00:45:00,N,nominal,2.0NRT,287.16,0.76,N,VIIRS
47.13744,36.74595,331.41,0.4,0.6,2026-08-24,00:45:00,N,nominal,2.0NRT,288.44,2.83,N,VIIRS
47.1441,36.74426,308.48,0.4,0.6,2026-08-24,00:45:00,N,nominal,2.0NRT,287.63,0.65,N,VIIRS
47.85105,34.45902,295.47,0.61,0.53,2026-08-24,00:45:00,N,nominal,2.0NRT,284.01,0.38,N,VIIRS
47.85141,34.47715,303.16,0.61,0.53,2026-08-24,00:45:00,N,nominal,2.0NRT,284.57,1.83,N,VIIRS
47.35193,36.23638,315.08,0.37,0.58,2026-08-24,00:45:00,N,nominal,2.0NRT,286.01,0.92,N,VIIRS
47.20335,36.77142,299.01,0.4,0.6,2026-08-24,00:45:00,N,nominal,2.0NRT,286.64,0.43,N,VIIRS
47.21,36.76973,303.89,0.4,0.6,2026-08-24,00:45:00,N,nominal,2.0NRT,286.82,0.46,N,VIIRS
47.21506,36.77326,299.62,0.4,0.6,2026-08-24,00:45:00,N,nominal,2.0NRT,286.68,0.46,N,VIIRS
47.89937,34.62207,312.48,0.62,0.54,2026-08-24,00:45:00,N,nominal,2.0NRT,284.42,2.29,N,VIIRS
49.42965,38.93363,332.07,0.7,0.75,2026-08-24,08:52:00,N,nominal,2.0NRT,294.5,3.96,D,VIIRS
47.94369,39.11091,343,0.78,0.78,2026-08-24,08:52:00,N,nominal,2.0NRT,295.87,63.2,D,VIIRS
47.92325,39.45647,339.97,0.76,0.77,2026-08-24,08:52:00,N,nominal,2.0NRT,293.13,5.82,D,VIIRS
47.92965,39.45137,350.48,0.76,0.77,2026-08-24,08:52:00,N,nominal,2.0NRT,296.43,18.38,D,VIIRS
47.92619,39.45535,355.8,0.76,0.77,2026-08-24,08:52:00,N,nominal,2.0NRT,295.21,13.13,D,VIIRS
47.93259,39.45024,332.06,0.76,0.77,2026-08-24,08:52:00,N,nominal,2.0NRT,295.99,7.32,D,VIIRS
47.93739,39.11651,367,0.78,0.78,2026-08-24,08:52:00,N,high,2.0NRT,297.64,63.2,D,VIIRS
47.93381,39.10729,292.62,0.78,0.78,2026-08-24,08:52:00,N,low,2.0NRT,303.49,63.2,D,VIIRS
47.94001,39.10145,367,0.78,0.78,2026-08-24,08:52:00,N,high,2.0NRT,298.02,63.2,D,VIIRS
47.94017,39.11567,367,0.78,0.78,2026-08-24,08:52:00,N,high,2.0NRT,295.8,131.48,D,VIIRS
47.93648,39.10633,287.86,0.78,0.78,2026-08-24,08:52:00,N,low,2.0NRT,312.77,208.86,D,VIIRS
48.63633,38.72826,346.54,0.76,0.77,2026-08-24,08:52:00,N,nominal,2.0NRT,297.37,9.05,D,VIIRS
48.63887,38.72685,352.27,0.76,0.77,2026-08-24,08:52:00,N,nominal,2.0NRT,296.97,11.51,D,VIIRS
48.53121,38.34839,333.18,0.79,0.78,2026-08-24,08:52:00,N,nominal,2.0NRT,295.27,5.01,D,VIIRS
48.54176,38.35327,342.11,0.79,0.78,2026-08-24,08:52:00,N,nominal,2.0NRT,295.29,32.9,D,VIIRS
48.53798,38.34377,355.32,0.79,0.78,2026-08-24,08:52:00,N,nominal,2.0NRT,297.25,16.62,D,VIIRS
48.5444,38.33831,331.13,0.79,0.78,2026-08-24,08:52:00,N,nominal,2.0NRT,293.96,16.62,D,VIIRS
48.60012,38.21852,332.98,0.8,0.78,2026-08-24,08:52:00,N,nominal,2.0NRT,294.05,8.96,D,VIIRS
48.60266,38.21937,367,0.79,0.78,2026-08-24,08:52:00,N,high,2.0NRT,295.89,10.25,D,VIIRS
48.82505,38.73829,367,0.75,0.77,2026-08-24,08:52:00,N,high,2.0NRT,303.45,29.05,D,VIIRS
48.82142,38.72901,328.48,0.75,0.77,2026-08-24,08:52:00,N,nominal,2.0NRT,295.02,29.05,D,VIIRS
48.83135,38.73294,367,0.75,0.77,2026-08-24,08:52:00,N,high,2.0NRT,301.1,29.49,D,VIIRS
48.82772,38.72367,349.72,0.75,0.77,2026-08-24,08:52:00,N,nominal,2.0NRT,295.93,29.49,D,VIIRS
48.78885,38.31668,367,0.78,0.78,2026-08-24,08:52:00,N,high,2.0NRT,298.44,42.85,D,VIIRS
48.78522,38.30752,340.11,0.78,0.78,2026-08-24,08:52:00,N,nominal,2.0NRT,294.79,22,D,VIIRS
48.80342,38.15892,328.56,0.79,0.78,2026-08-24,08:52:00,N,nominal,2.0NRT,295.8,4.27,D,VIIRS
49.00558,38.65416,328.13,0.74,0.76,2026-08-24,08:52:00,N,nominal,2.0NRT,296.99,7.85,D,VIIRS
48.80952,38.15265,338.2,0.79,0.78,2026-08-24,08:52:00,N,nominal,2.0NRT,294.87,8.41,D,VIIRS
48.80416,38.15398,351.58,0.79,0.78,2026-08-24,08:52:00,N,nominal,2.0NRT,296.3,8.41,D,VIIRS
48.76475,38.05579,330.99,0.79,0.78,2026-08-24,08:52:00,N,nominal,2.0NRT,294.91,5.62,D,VIIRS
49.429,38.93479,328.52,0.7,0.75,2026-08-24,08:52:00,N,nominal,2.0NRT,294.5,3.44,D,VIIRS
49.0829,37.93282,326.93,0.78,0.78,2026-08-24,08:52:00,N,nominal,2.0NRT,295.09,1.54,D,VIIRS
49.24805,37.99385,333.55,0.77,0.77,2026-08-24,08:52:00,N,nominal,2.0NRT,294,5.21,D,VIIRS
49.26479,37.99303,332.56,0.77,0.77,2026-08-24,08:52:00,N,nominal,2.0NRT,295.7,12.29,D,VIIRS
49.232170000000004,37.86839,335.09,0.78,0.78,2026-08-24,08:52:00,N,nominal,2.0NRT,297.59,7.88,D,VIIRS
49.2387,37.86328,333.06,0.78,0.78,2026-08-24,08:52:00,N,nominal,2.0NRT,294.88,10.99,D,VIIRS
49.24107,37.84771,338.3,0.78,0.78,2026-08-24,08:52:00,N,nominal,2.0NRT,294.44,9.18,D,VIIRS
49.23857,37.85791,341.71,0.78,0.78,2026-08-24,08:52:00,N,nominal,2.0NRT,296.16,6.98,D,VIIRS
49.24478,37.85196,329.93,0.78,0.78,2026-08-24,08:52:00,N,nominal,2.0NRT,294.01,6.98,D,VIIRS
49.66004,38.4762,347.14,0.71,0.75,2026-08-24,08:52:00,N,nominal,2.0NRT,294.98,13.89,D,VIIRS
49.65647,38.46696,333.47,0.71,0.75,2026-08-24,08:52:00,N,nominal,2.0NRT,294.19,8.81,D,VIIRS
49.65988,38.47822,326.32,0.71,0.75,2026-08-24,08:52:00,N,nominal,2.0NRT,293.62,7.93,D,VIIRS
49.65628,38.46904,348.15,0.71,0.75,2026-08-24,08:52:00,N,nominal,2.0NRT,295.59,7.93,D,VIIRS
49.71192,37.66785,326.61,0.76,0.77,2026-08-24,08:52:00,N,nominal,2.0NRT,295.19,4.83,D,VIIRS
49.64409,37.4972,337.12,0.77,0.77,2026-08-24,08:52:00,N,nominal,2.0NRT,295.92,11.69,D,VIIRS
49.64034,37.48778,331.58,0.77,0.78,2026-08-24,08:52:00,N,nominal,2.0NRT,293.31,8.07,D,VIIRS
49.71307,37.6623,341.39,0.76,0.77,2026-08-24,08:52:00,N,nominal,2.0NRT,295.92,7,D,VIIRS
49.64468,37.49263,344.44,0.77,0.77,2026-08-24,08:52:00,N,nominal,2.0NRT,295.63,12.45,D,VIIRS
49.98753,37.81573,328.06,0.73,0.76,2026-08-24,08:52:00,N,nominal,2.0NRT,296.22,4.64,D,VIIRS
49.91242,37.30952,340.94,0.77,0.77,2026-08-24,08:52:00,N,nominal,2.0NRT,295.71,5.55,D,VIIRS
49.91869,37.30376,337.59,0.77,0.77,2026-08-24,08:52:00,N,nominal,2.0NRT,292.91,5.55,D,VIIRS
49.90954,37.31407,339.11,0.77,0.77,2026-08-24,08:52:00,N,nominal,2.0NRT,292.64,5.4,D,VIIRS
49.91598,37.30874,367,0.77,0.77,2026-08-24,08:52:00,N,high,2.0NRT,295.84,18.9,D,VIIRS
50.21461,37.02333,342.89,0.76,0.77,2026-08-24,08:54:00,N,nominal,2.0NRT,293.29,7.49,D,VIIRS
50.21485,37.12973,337.52,0.76,0.77,2026-08-24,08:54:00,N,nominal,2.0NRT,293.37,10.84,D,VIIRS
47.94034,39.4589,347.74,0.42,0.38,2026-08-24,10:32:00,N,nominal,2.0NRT,315.06,13.3,D,VIIRS
46.71383,33.06624,352.64,0.43,0.38,2026-08-24,10:32:00,N,nominal,2.0NRT,314.77,20.68,D,VIIRS
44.53067,34.13696,333.44,0.43,0.38,2026-08-24,10:32:00,N,nominal,2.0NRT,299.99,15.86,D,VIIRS
44.52982,34.13239,345.19,0.43,0.38,2026-08-24,10:32:00,N,nominal,2.0NRT,306.2,15.86,D,VIIRS
44.55049,33.71258,334.41,0.44,0.38,2026-08-24,10:32:00,N,nominal,2.0NRT,305.44,3.48,D,VIIRS
45.18778,35.42215,339.46,0.4,0.37,2026-08-24,10:32:00,N,nominal,2.0NRT,308.66,8.33,D,VIIRS
45.1911,35.421,348.58,0.4,0.37,2026-08-24,10:32:00,N,nominal,2.0NRT,311.65,8.33,D,VIIRS
46.26911,34.81503,341.82,0.4,0.37,2026-08-24,10:32:00,N,nominal,2.0NRT,312.87,3.18,D,VIIRS
46.27242,34.81383,344.35,0.4,0.37,2026-08-24,10:32:00,N,nominal,2.0NRT,311.5,3.18,D,VIIRS
46.54117,35.54624,348.49,0.39,0.36,2026-08-24,10:32:00,N,nominal,2.0NRT,312.73,4.22,D,VIIRS
46.54313,35.54779,336.79,0.39,0.36,2026-08-24,10:32:00,N,low,2.0NRT,310.55,4.41,D,VIIRS
46.54558,35.54165,356.11,0.39,0.36,2026-08-24,10:32:00,N,nominal,2.0NRT,312.59,10.21,D,VIIRS
46.54886,35.5405,336.02,0.39,0.36,2026-08-24,10:32:00,N,low,2.0NRT,309.63,1.76,D,VIIRS
46.54803,35.53549,337.43,0.39,0.36,2026-08-24,10:32:00,N,low,2.0NRT,312.17,1.76,D,VIIRS
46.20065,33.52951,340.45,0.42,0.38,2026-08-24,10:32:00,N,low,2.0NRT,313.31,4,D,VIIRS
46.30164,33.91978,346.72,0.42,0.37,2026-08-24,10:32:00,N,nominal,2.0NRT,308.19,7.63,D,VIIRS
46.30068,33.9145,353.53,0.42,0.37,2026-08-24,10:32:00,N,nominal,2.0NRT,312.77,7.63,D,VIIRS
46.29972,33.90921,340.7,0.42,0.37,2026-08-24,10:32:00,N,nominal,2.0NRT,313.37,3.12,D,VIIRS
46.17905,33.18099,342.39,0.43,0.38,2026-08-24,10:32:00,N,nominal,2.0NRT,312.18,5.52,D,VIIRS
46.3386,33.98484,343.72,0.41,0.37,2026-08-24,10:32:00,N,nominal,2.0NRT,313.68,4.87,D,VIIRS
46.2302,33.2966,351.14,0.43,0.38,2026-08-24,10:32:00,N,nominal,2.0NRT,312.92,16,D,VIIRS
46.78162,36.49155,338.72,0.38,0.36,2026-08-24,10:32:00,N,low,2.0NRT,313.09,2.61,D,VIIRS
46.17188,32.90907,337.94,0.44,0.39,2026-08-24,10:32:00,N,low,2.0NRT,311.51,7.87,D,VIIRS
46.17081,32.90346,347.33,0.44,0.39,2026-08-24,10:32:00,N,nominal,2.0NRT,311.1,7.87,D,VIIRS
46.17533,32.90769,347.38,0.44,0.39,2026-08-24,10:32:00,N,nominal,2.0NRT,307.14,7.87,D,VIIRS
46.17426,32.90209,331.3,0.44,0.39,2026-08-24,10:32:00,N,nominal,2.0NRT,305.57,7.87,D,VIIRS
46.66142,35.6337,340.28,0.39,0.36,2026-08-24,10:32:00,N,low,2.0NRT,314.21,2.92,D,VIIRS
46.65895,35.61869,339.74,0.39,0.36,2026-08-24,10:32:00,N,low,2.0NRT,314.53,4.31,D,VIIRS
46.41182,34.1536,338.07,0.41,0.37,2026-08-24,10:32:00,N,low,2.0NRT,312.63,3.16,D,VIIRS
46.411,34.15138,343.74,0.41,0.37,2026-08-24,10:32:00,N,nominal,2.0NRT,313.4,6.1,D,VIIRS
46.53899,34.835,339.18,0.4,0.37,2026-08-24,10:32:00,N,low,2.0NRT,313.87,3.27,D,VIIRS
46.41916,34.13716,338.73,0.41,0.37,2026-08-24,10:32:00,N,low,2.0NRT,311.82,4.94,D,VIIRS
46.8912,36.9399,336.74,0.38,0.36,2026-08-24,10:32:00,N,nominal,2.0NRT,309.75,1.47,D,VIIRS
46.73751,35.91612,337.01,0.39,0.36,2026-08-24,10:32:00,N,low,2.0NRT,311.67,2.56,D,VIIRS
46.63894,35.25625,336.01,0.39,0.36,2026-08-24,10:32:00,N,nominal,2.0NRT,310.52,3.72,D,VIIRS
46.45773,34.17295,339.61,0.41,0.37,2026-08-24,10:32:00,N,low,2.0NRT,312.96,3.46,D,VIIRS
46.84826,36.48242,343.24,0.38,0.36,2026-08-24,10:32:00,N,nominal,2.0NRT,312.81,3.58,D,VIIRS
46.86723,36.55998,348.32,0.38,0.36,2026-08-24,10:32:00,N,nominal,2.0NRT,316.63,16.58,D,VIIRS
46.87128,36.56388,350.19,0.38,0.36,2026-08-24,10:32:00,N,nominal,2.0NRT,314.59,8.97,D,VIIRS
46.8705,36.5589,348.54,0.38,0.36,2026-08-24,10:32:00,N,nominal,2.0NRT,310.72,6.3,D,VIIRS
46.38297,33.68161,340.71,0.42,0.38,2026-08-24,10:32:00,N,nominal,2.0NRT,309.84,5.76,D,VIIRS
46.381,33.6709,350.17,0.42,0.38,2026-08-24,10:32:00,N,nominal,2.0NRT,308.62,6.35,D,VIIRS
46.87859,36.5667,339.31,0.38,0.36,2026-08-24,10:32:00,N,low,2.0NRT,309.75,4.68,D,VIIRS
46.88187,36.56562,347.16,0.38,0.36,2026-08-24,10:32:00,N,nominal,2.0NRT,313.71,4.68,D,VIIRS
46.81638,36.06287,353.67,0.39,0.36,2026-08-24,10:32:00,N,nominal,2.0NRT,316.05,5.43,D,VIIRS
45.53812,29.4224,337.47,0.41,0.45,2026-08-24,10:32:00,N,nominal,2.0NRT,299.19,5.47,D,VIIRS
46.82452,36.07063,339.66,0.39,0.36,2026-08-24,10:32:00,N,low,2.0NRT,313.79,4.84,D,VIIRS
46.67419,35.07223,346.08,0.39,0.36,2026-08-24,10:32:00,N,nominal,2.0NRT,315.95,3.6,D,VIIRS
46.67749,35.07105,347.31,0.39,0.36,2026-08-24,10:32:00,N,nominal,2.0NRT,316.44,7.81,D,VIIRS
46.2547,32.70405,348.39,0.45,0.39,2026-08-24,10:32:00,N,nominal,2.0NRT,310.31,5.78,D,VIIRS
46.25361,32.69838,344.05,0.45,0.39,2026-08-24,10:32:00,N,nominal,2.0NRT,307.39,5.28,D,VIIRS
46.25266,32.70267,337.32,0.45,0.39,2026-08-24,10:32:00,N,low,2.0NRT,310.66,3.11,D,VIIRS
46.25155,32.69701,337.9,0.45,0.39,2026-08-24,10:32:00,N,nominal,2.0NRT,308.28,3.11,D,VIIRS
46.25613,32.70129,340.59,0.45,0.39,2026-08-24,10:32:00,N,nominal,2.0NRT,306.68,2.72,D,VIIRS
46.40474,33.44006,347.87,0.42,0.38,2026-08-24,10:32:00,N,nominal,2.0NRT,309.09,2.44,D,VIIRS
46.40372,33.43465,332.77,0.42,0.38,2026-08-24,10:32:00,N,low,2.0NRT,306.31,2.44,D,VIIRS
46.86047,36.06601,367,0.39,0.36,2026-08-24,10:32:00,N,low,2.0NRT,326.28,17.41,D,VIIRS
46.86374,36.0649,340.13,0.39,0.36,2026-08-24,10:32:00,N,low,2.0NRT,310.6,17.41,D,VIIRS
46.43825,33.60045,336.83,0.42,0.38,2026-08-24,10:32:00,N,low,2.0NRT,308.98,4.3,D,VIIRS
46.68542,34.94685,344.93,0.39,0.37,2026-08-24,10:32:00,N,nominal,2.0NRT,313.12,4.2,D,VIIRS
46.80711,35.65168,341.9,0.39,0.36,2026-08-24,10:32:00,N,low,2.0NRT,314.89,5.11,D,VIIRS
46.8729,36.01444,338.88,0.39,0.36,2026-08-24,10:32:00,N,nominal,2.0NRT,311.43,2.85,D,VIIRS
46.8721,36.00945,340.67,0.39,0.36,2026-08-24,10:32:00,N,nominal,2.0NRT,312.74,2.85,D,VIIRS
46.84961,35.82731,343.92,0.39,0.36,2026-08-24,10:32:00,N,low,2.0NRT,314.3,2.98,D,VIIRS
46.80703,35.56689,347.36,0.39,0.36,2026-08-24,10:32:00,N,nominal,2.0NRT,314.83,5.94,D,VIIRS
46.81031,35.56574,347.11,0.39,0.36,2026-08-24,10:32:00,N,nominal,2.0NRT,312.72,5.94,D,VIIRS
46.74641,35.16168,352.93,0.39,0.36,2026-08-24,10:32:00,N,nominal,2.0NRT,317.02,17.97,D,VIIRS
46.74885,35.15545,350.63,0.39,0.36,2026-08-24,10:32:00,N,nominal,2.0NRT,319.39,7.81,D,VIIRS
46.75214,35.15428,338.42,0.39,0.36,2026-08-24,10:32:00,N,low,2.0NRT,311.56,2.06,D,VIIRS
46.75129,35.14922,340.32,0.39,0.36,2026-08-24,10:32:00,N,low,2.0NRT,313.63,2.06,D,VIIRS
46.75201,35.13287,349.4,0.39,0.36,2026-08-24,10:32:00,N,nominal,2.0NRT,315.11,3.94,D,VIIRS
47.21352,38.09688,341.42,0.39,0.36,2026-08-24,10:32:00,N,nominal,2.0NRT,311.29,9.74,D,VIIRS
46.75702,35.14182,345.66,0.39,0.36,2026-08-24,10:32:00,N,nominal,2.0NRT,315.44,8.37,D,VIIRS
46.75616,35.13675,345.48,0.39,0.36,2026-08-24,10:32:00,N,nominal,2.0NRT,315.58,8.37,D,VIIRS
45.51947,28.94964,334.12,0.43,0.46,2026-08-24,10:32:00,N,nominal,2.0NRT,302.95,5.09,D,VIIRS
45.52351,28.94774,345.56,0.43,0.46,2026-08-24,10:32:00,N,nominal,2.0NRT,302.45,5.09,D,VIIRS
47.01611,36.70738,345.32,0.38,0.36,2026-08-24,10:32:00,N,nominal,2.0NRT,310.19,9.58,D,VIIRS
46.7642,35.10165,342.65,0.39,0.36,2026-08-24,10:32:00,N,low,2.0NRT,315.77,4.09,D,VIIRS
47.02747,36.71415,337.21,0.38,0.36,2026-08-24,10:32:00,N,low,2.0NRT,310.5,2.29,D,VIIRS
47.03074,36.71308,342.07,0.38,0.36,2026-08-24,10:32:00,N,nominal,2.0NRT,310.85,3.31,D,VIIRS
46.94746,36.15748,339.97,0.38,0.36,2026-08-24,10:32:00,N,nominal,2.0NRT,308,2.2,D,VIIRS
46.88977,35.77648,338.74,0.39,0.36,2026-08-24,10:32:00,N,low,2.0NRT,313.37,3.48,D,VIIRS
46.93674,35.98213,338.64,0.39,0.36,2026-08-24,10:32:00,N,low,2.0NRT,312.81,2.55,D,VIIRS
46.66097,34.33874,345.54,0.4,0.37,2026-08-24,10:32:00,N,nominal,2.0NRT,310.76,5.55,D,VIIRS
47.05136,36.69055,340.49,0.38,0.36,2026-08-24,10:32:00,N,nominal,2.0NRT,305.96,2.82,D,VIIRS
46.34586,32.60386,332.41,0.45,0.39,2026-08-24,10:32:00,N,low,2.0NRT,306.76,3.56,D,VIIRS
46.34476,32.59815,335.91,0.45,0.39,2026-08-24,10:32:00,N,low,2.0NRT,308.97,3.56,D,VIIRS
46.34366,32.59245,335.81,0.45,0.39,2026-08-24,10:32:00,N,nominal,2.0NRT,307.17,3.16,D,VIIRS
46.3476,32.60117,337.36,0.45,0.39,2026-08-24,10:32:00,N,low,2.0NRT,308.81,3.34,D,VIIRS
46.34648,32.59547,352.31,0.45,0.39,2026-08-24,10:32:00,N,nominal,2.0NRT,308.53,9.47,D,VIIRS
46.35107,32.59977,338.27,0.45,0.39,2026-08-24,10:32:00,N,nominal,2.0NRT,306.21,3.34,D,VIIRS
46.97841,36.09692,341.21,0.38,0.36,2026-08-24,10:32:00,N,low,2.0NRT,313.68,3.02,D,VIIRS
46.67767,34.29125,344.2,0.4,0.37,2026-08-24,10:32:00,N,nominal,2.0NRT,316.76,11.72,D,VIIRS
45.79792,29.90703,330.89,0.57,0.43,2026-08-24,10:32:00,N,low,2.0NRT,303.46,3.84,D,VIIRS
46.681,34.29001,346.76,0.4,0.37,2026-08-24,10:32:00,N,nominal,2.0NRT,310.22,11.72,D,VIIRS
46.93182,35.72213,339.03,0.39,0.36,2026-08-24,10:32:00,N,nominal,2.0NRT,313.43,2.35,D,VIIRS
46.40657,32.71199,337.28,0.44,0.39,2026-08-24,10:32:00,N,low,2.0NRT,308.58,3.31,D,VIIRS
46.63055,33.88929,347.67,0.41,0.37,2026-08-24,10:32:00,N,nominal,2.0NRT,310.23,5.75,D,VIIRS
47.25389,37.71221,333.89,0.39,0.36,2026-08-24,10:32:00,N,nominal,2.0NRT,306.47,3.35,D,VIIRS
47.25315,37.70708,350.05,0.39,0.36,2026-08-24,10:32:00,N,nominal,2.0NRT,313.67,3.91,D,VIIRS
47.00147,36.04689,342.57,0.38,0.36,2026-08-24,10:32:00,N,low,2.0NRT,314.25,5.94,D,VIIRS
46.63678,33.90388,338.64,0.41,0.37,2026-08-24,10:32:00,N,low,2.0NRT,310.62,4.28,D,VIIRS
47.25646,37.70607,336.44,0.39,0.36,2026-08-24,10:32:00,N,nominal,2.0NRT,305.72,3.91,D,VIIRS
46.38946,32.56578,336.86,0.45,0.39,2026-08-24,10:32:00,N,low,2.0NRT,307.41,4.68,D,VIIRS
47.01208,36.04855,337.54,0.38,0.36,2026-08-24,10:32:00,N,low,2.0NRT,311.91,6.11,D,VIIRS
47.01128,36.04354,346.92,0.38,0.36,2026-08-24,10:32:00,N,nominal,2.0NRT,311.54,5.78,D,VIIRS
46.56974,33.478,349.53,0.42,0.38,2026-08-24,10:32:00,N,nominal,2.0NRT,310.61,4.25,D,VIIRS
47.00267,35.92512,342.13,0.39,0.36,2026-08-24,10:32:00,N,nominal,2.0NRT,312.8,5.07,D,VIIRS
47.00594,35.924,351.55,0.39,0.36,2026-08-24,10:32:00,N,nominal,2.0NRT,312.39,5.07,D,VIIRS
45.94051,30.26772,339.88,0.55,0.43,2026-08-24,10:32:00,N,nominal,2.0NRT,303.76,6.52,D,VIIRS
45.94431,30.26603,339.16,0.55,0.43,2026-08-24,10:32:00,N,nominal,2.0NRT,304.26,5.82,D,VIIRS
45.9466,30.25743,343.47,0.55,0.43,2026-08-24,10:32:00,N,nominal,2.0NRT,303.63,6.5,D,VIIRS
46.68085,33.9097,348.15,0.41,0.37,2026-08-24,10:32:00,N,nominal,2.0NRT,309.51,5.48,D,VIIRS
46.6799,33.90442,337.6,0.41,0.37,2026-08-24,10:32:00,N,nominal,2.0NRT,310,5.48,D,VIIRS
46.68325,33.90313,343.13,0.41,0.37,2026-08-24,10:32:00,N,nominal,2.0NRT,306.95,5.48,D,VIIRS
46.68135,33.89255,334.95,0.41,0.37,2026-08-24,10:32:00,N,low,2.0NRT,308.89,2.82,D,VIIRS
46.6847,33.89128,349.93,0.41,0.37,2026-08-24,10:32:00,N,nominal,2.0NRT,308.17,6.12,D,VIIRS
46.43465,32.54739,334.34,0.45,0.39,2026-08-24,10:32:00,N,low,2.0NRT,307.04,2.38,D,VIIRS
46.73141,34.0929,345.84,0.41,0.37,2026-08-24,10:32:00,N,nominal,2.0NRT,310.15,4.67,D,VIIRS
46.7305,34.09142,346.73,0.41,0.37,2026-08-24,10:32:00,N,nominal,2.0NRT,311.37,5.41,D,VIIRS
47.18093,36.69567,335.77,0.38,0.36,2026-08-24,10:32:00,N,low,2.0NRT,310.41,3.55,D,VIIRS
46.53349,32.91355,336.48,0.44,0.38,2026-08-24,10:32:00,N,low,2.0NRT,307.87,3.18,D,VIIRS
47.21284,36.76954,346.03,0.38,0.36,2026-08-24,10:32:00,N,nominal,2.0NRT,311.17,3.7,D,VIIRS
47.17046,36.49361,333.55,0.38,0.36,2026-08-24,10:32:00,N,low,2.0NRT,307.97,3.68,D,VIIRS
47.17373,36.49252,332.26,0.38,0.36,2026-08-24,10:32:00,N,low,2.0NRT,305.37,7.59,D,VIIRS
46.87964,34.67634,339.98,0.4,0.37,2026-08-24,10:32:00,N,low,2.0NRT,312.82,3.82,D,VIIRS
46.44754,32.33593,347.56,0.46,0.39,2026-08-24,10:32:00,N,nominal,2.0NRT,309.34,17.74,D,VIIRS
46.56841,32.94155,333.11,0.44,0.38,2026-08-24,10:32:00,N,low,2.0NRT,305.89,1.65,D,VIIRS
46.57184,32.94019,334.06,0.44,0.38,2026-08-24,10:32:00,N,low,2.0NRT,305.88,1.65,D,VIIRS
47.08305,35.83179,339.15,0.39,0.36,2026-08-24,10:32:00,N,nominal,2.0NRT,313,4.27,D,VIIRS
47.08632,35.83066,346.15,0.39,0.36,2026-08-24,10:32:00,N,nominal,2.0NRT,313.14,4.27,D,VIIRS
46.91925,34.82508,336.26,0.4,0.37,2026-08-24,10:32:00,N,low,2.0NRT,310.51,4.71,D,VIIRS
46.48968,32.47432,348,0.45,0.39,2026-08-24,10:32:00,N,nominal,2.0NRT,307.8,7.1,D,VIIRS
47.41391,37.97742,353.73,0.39,0.36,2026-08-24,10:32:00,N,nominal,2.0NRT,312.58,10.85,D,VIIRS
46.92255,34.82388,336.37,0.4,0.37,2026-08-24,10:32:00,N,low,2.0NRT,309.9,2.39,D,VIIRS
46.92168,34.81878,336.3,0.4,0.37,2026-08-24,10:32:00,N,low,2.0NRT,309.4,1.64,D,VIIRS
46.57867,32.85942,348.39,0.44,0.38,2026-08-24,10:32:00,N,nominal,2.0NRT,313.27,9.48,D,VIIRS
47.39568,37.70345,336.17,0.39,0.36,2026-08-24,10:32:00,N,low,2.0NRT,309.76,4.14,D,VIIRS
47.12464,35.87567,341.26,0.39,0.36,2026-08-24,10:32:00,N,nominal,2.0NRT,310.44,2.65,D,VIIRS
47.06097,35.48353,339.3,0.39,0.36,2026-08-24,10:32:00,N,low,2.0NRT,310.71,11.88,D,VIIRS
47.12791,35.87454,339.04,0.39,0.36,2026-08-24,10:32:00,N,nominal,2.0NRT,313.62,2.65,D,VIIRS
47.06507,35.48742,351.27,0.39,0.36,2026-08-24,10:32:00,N,low,2.0NRT,322.59,11.88,D,VIIRS
47.06835,35.48626,346.4,0.39,0.36,2026-08-24,10:32:00,N,nominal,2.0NRT,313.82,16.03,D,VIIRS
47.06752,35.48122,348.84,0.39,0.36,2026-08-24,10:32:00,N,low,2.0NRT,318.88,16.03,D,VIIRS
46.62276,32.95575,338.37,0.43,0.38,2026-08-24,10:32:00,N,nominal,2.0NRT,309.17,3.36,D,VIIRS
47.0708,35.48007,346.14,0.39,0.36,2026-08-24,10:32:00,N,nominal,2.0NRT,311.1,16.03,D,VIIRS
47.06998,35.47503,340.07,0.39,0.36,2026-08-24,10:32:00,N,nominal,2.0NRT,308.91,4.08,D,VIIRS
46.62724,32.95994,334.36,0.43,0.38,2026-08-24,10:32:00,N,low,2.0NRT,306.98,3.36,D,VIIRS
46.62619,32.95437,336.78,0.43,0.38,2026-08-24,10:32:00,N,nominal,2.0NRT,306.98,3.36,D,VIIRS
46.58701,32.74724,338.43,0.44,0.38,2026-08-24,10:32:00,N,low,2.0NRT,308.98,2.93,D,VIIRS
47.41735,37.686,335.05,0.39,0.36,2026-08-24,10:32:00,N,low,2.0NRT,308.83,1.62,D,VIIRS
47.13939,35.85999,346.2,0.39,0.36,2026-08-24,10:32:00,N,nominal,2.0NRT,313.57,4.98,D,VIIRS
46.59391,32.74446,349.9,0.44,0.38,2026-08-24,10:32:00,N,nominal,2.0NRT,312.1,9.9,D,VIIRS
46.46363,32.0701,338.81,0.46,0.39,2026-08-24,10:32:00,N,low,2.0NRT,309.89,2.44,D,VIIRS
47.4188,37.68306,342.94,0.39,0.36,2026-08-24,10:32:00,N,nominal,2.0NRT,311.86,6.01,D,VIIRS
47.14145,35.85669,341.18,0.39,0.36,2026-08-24,10:32:00,N,nominal,2.0NRT,311.63,2.73,D,VIIRS
46.5941,32.74856,339.06,0.44,0.38,2026-08-24,10:32:00,N,nominal,2.0NRT,306.66,5.83,D,VIIRS
46.59302,32.74294,340.57,0.44,0.38,2026-08-24,10:32:00,N,low,2.0NRT,312.54,5.83,D,VIIRS
46.46498,32.07429,338.84,0.46,0.39,2026-08-24,10:32:00,N,low,2.0NRT,310.23,6.7,D,VIIRS
47.05631,35.27438,342.18,0.39,0.36,2026-08-24,10:32:00,N,low,2.0NRT,313.4,5.52,D,VIIRS
47.05462,35.26427,347.02,0.39,0.36,2026-08-24,10:32:00,N,nominal,2.0NRT,316.24,8.1,D,VIIRS
47.05959,35.27321,348.85,0.39,0.36,2026-08-24,10:32:00,N,nominal,2.0NRT,315.46,9.67,D,VIIRS
47.06203,35.26699,339.49,0.39,0.36,2026-08-24,10:32:00,N,low,2.0NRT,312.43,3.85,D,VIIRS
47.43277,37.63588,345.92,0.39,0.36,2026-08-24,10:32:00,N,nominal,2.0NRT,311.97,5.16,D,VIIRS
47.43607,37.63484,346.18,0.39,0.36,2026-08-24,10:32:00,N,nominal,2.0NRT,313.07,5.16,D,VIIRS
47.44231,37.65429,347.38,0.39,0.36,2026-08-24,10:32:00,N,nominal,2.0NRT,310.57,4.62,D,VIIRS
47.43937,37.6338,339.4,0.39,0.36,2026-08-24,10:32:00,N,nominal,2.0NRT,311.89,3.07,D,VIIRS
47.04556,35.10644,343.01,0.39,0.36,2026-08-24,10:32:00,N,nominal,2.0NRT,312.51,4.89,D,VIIRS
47.04884,35.10526,348.07,0.39,0.36,2026-08-24,10:32:00,N,nominal,2.0NRT,310.9,4.89,D,VIIRS
47.04799,35.10019,340.34,0.39,0.36,2026-08-24,10:32:00,N,low,2.0NRT,312.17,4.56,D,VIIRS
47.18155,35.82694,347.89,0.39,0.36,2026-08-24,10:32:00,N,nominal,2.0NRT,314.65,4.22,D,VIIRS
46.83989,33.82793,340.6,0.41,0.37,2026-08-24,10:32:00,N,low,2.0NRT,312.53,4.5,D,VIIRS
47.18563,35.83083,345.37,0.39,0.36,2026-08-24,10:32:00,N,nominal,2.0NRT,312.52,3.12,D,VIIRS
47.25521,36.22504,348.43,0.38,0.36,2026-08-24,10:32:00,N,nominal,2.0NRT,312.59,7.54,D,VIIRS
47.05456,34.97378,344.63,0.39,0.36,2026-08-24,10:32:00,N,nominal,2.0NRT,313.46,3.38,D,VIIRS
46.71487,33.07176,356.59,0.43,0.38,2026-08-24,10:32:00,N,nominal,2.0NRT,310.8,20.68,D,VIIRS
46.71176,33.05521,338.73,0.43,0.38,2026-08-24,10:32:00,N,nominal,2.0NRT,306.8,6.65,D,VIIRS
46.71828,33.0704,348.3,0.43,0.38,2026-08-24,10:32:00,N,nominal,2.0NRT,317.7,28.12,D,VIIRS
46.71725,33.06488,340.61,0.43,0.38,2026-08-24,10:32:00,N,nominal,2.0NRT,307.68,28.12,D,VIIRS
46.88295,33.86806,345.6,0.41,0.37,2026-08-24,10:32:00,N,nominal,2.0NRT,311.93,3.24,D,VIIRS
46.49761,31.83525,346.87,0.47,0.4,2026-08-24,10:32:00,N,nominal,2.0NRT,306.36,4.51,D,VIIRS
47.5158,37.73339,338.36,0.39,0.36,2026-08-24,10:32:00,N,nominal,2.0NRT,309.18,2.73,D,VIIRS
47.13314,35.14193,346.47,0.39,0.36,2026-08-24,10:32:00,N,nominal,2.0NRT,312.69,4.12,D,VIIRS
47.15076,35.20547,339.08,0.39,0.36,2026-08-24,10:32:00,N,low,2.0NRT,312.19,1.56,D,VIIRS
46.64757,32.43662,337,0.45,0.39,2026-08-24,10:32:00,N,nominal,2.0NRT,304.14,9.56,D,VIIRS
46.80647,33.24515,338.7,0.42,0.38,2026-08-24,10:32:00,N,low,2.0NRT,312.69,5.17,D,VIIRS
46.65105,32.43522,337.48,0.45,0.39,2026-08-24,10:32:00,N,nominal,2.0NRT,307.02,9.56,D,VIIRS
46.6488,32.42374,348.82,0.45,0.39,2026-08-24,10:32:00,N,nominal,2.0NRT,309.1,10.42,D,VIIRS
47.31826,36.19536,346.01,0.38,0.36,2026-08-24,10:32:00,N,nominal,2.0NRT,310.27,4.01,D,VIIRS
47.32311,36.2043,352.8,0.38,0.36,2026-08-24,10:32:00,N,nominal,2.0NRT,312.46,6.78,D,VIIRS
47.32232,36.19927,343.52,0.38,0.36,2026-08-24,10:32:00,N,nominal,2.0NRT,311.62,4.01,D,VIIRS
46.65914,32.43817,367,0.45,0.39,2026-08-24,10:32:00,N,low,2.0NRT,328.44,79.43,D,VIIRS
46.66262,32.43677,347.41,0.45,0.39,2026-08-24,10:32:00,N,nominal,2.0NRT,311.36,10.26,D,VIIRS
46.6661,32.43535,334.31,0.45,0.39,2026-08-24,10:32:00,N,low,2.0NRT,308.98,10.26,D,VIIRS
46.66497,32.4296,335.29,0.45,0.39,2026-08-24,10:32:00,N,low,2.0NRT,310.01,3.18,D,VIIRS
46.66957,32.43391,336.5,0.45,0.39,2026-08-24,10:32:00,N,low,2.0NRT,310,2.87,D,VIIRS
47.3077,35.99779,338.98,0.38,0.36,2026-08-24,10:32:00,N,low,2.0NRT,311.47,11.35,D,VIIRS
46.68112,32.4354,337.02,0.45,0.39,2026-08-24,10:32:00,N,nominal,2.0NRT,309.82,2.32,D,VIIRS
46.67999,32.42964,338.55,0.45,0.39,2026-08-24,10:32:00,N,nominal,2.0NRT,307.72,2.32,D,VIIRS
46.68459,32.43397,334.59,0.45,0.39,2026-08-24,10:32:00,N,nominal,2.0NRT,307.24,1.66,D,VIIRS
46.68347,32.42824,334.07,0.45,0.39,2026-08-24,10:32:00,N,nominal,2.0NRT,303.83,1.66,D,VIIRS
47.35558,36.23565,340.5,0.38,0.36,2026-08-24,10:32:00,N,low,2.0NRT,311.66,5.17,D,VIIRS
47.56484,37.60766,334.54,0.39,0.36,2026-08-24,10:32:00,N,nominal,2.0NRT,307.29,3.65,D,VIIRS
47.32972,36.00615,349.91,0.38,0.36,2026-08-24,10:32:00,N,nominal,2.0NRT,319.01,5.95,D,VIIRS
47.32892,36.00112,338.22,0.38,0.36,2026-08-24,10:32:00,N,low,2.0NRT,311.92,5.95,D,VIIRS
46.70406,32.45697,337.19,0.45,0.39,2026-08-24,10:32:00,N,low,2.0NRT,309.32,4.35,D,VIIRS
47.33379,36.01006,340.93,0.38,0.36,2026-08-24,10:32:00,N,nominal,2.0NRT,314.86,4.42,D,VIIRS
47.33298,36.00503,339.34,0.38,0.36,2026-08-24,10:32:00,N,nominal,2.0NRT,309.29,5.95,D,VIIRS
46.70753,32.45555,341.76,0.45,0.39,2026-08-24,10:32:00,N,nominal,2.0NRT,307.54,4.35,D,VIIRS
47.33785,36.01396,367,0.38,0.36,2026-08-24,10:32:00,N,high,2.0NRT,316.02,6.33,D,VIIRS
47.51629,37.17928,350.96,0.39,0.36,2026-08-24,10:32:00,N,nominal,2.0NRT,315.1,3.55,D,VIIRS
47.33706,36.00893,342.38,0.38,0.36,2026-08-24,10:32:00,N,nominal,2.0NRT,312.29,6.33,D,VIIRS
46.71101,32.45412,338.98,0.45,0.39,2026-08-24,10:32:00,N,nominal,2.0NRT,310.06,10.04,D,VIIRS
46.2034,29.99573,337.47,0.56,0.43,2026-08-24,10:32:00,N,nominal,2.0NRT,306.98,2.89,D,VIIRS
46.71448,32.45271,367,0.45,0.39,2026-08-24,10:32:00,N,high,2.0NRT,308.74,10.04,D,VIIRS
47.52033,37.18331,330.31,0.39,0.36,2026-08-24,10:32:00,N,low,2.0NRT,304.93,3.55,D,VIIRS
47.51958,37.17822,346.15,0.39,0.36,2026-08-24,10:32:00,N,nominal,2.0NRT,308.16,3.55,D,VIIRS
47.01434,34.06843,339.45,0.41,0.37,2026-08-24,10:32:00,N,low,2.0NRT,310.53,3.95,D,VIIRS
46.86893,33.26734,341.57,0.42,0.38,2026-08-24,10:32:00,N,nominal,2.0NRT,311.94,2.45,D,VIIRS
47.0186,34.0724,343.74,0.41,0.37,2026-08-24,10:32:00,N,nominal,2.0NRT,309.78,4.01,D,VIIRS
46.71684,32.44555,344.43,0.45,0.39,2026-08-24,10:32:00,N,nominal,2.0NRT,305.62,3.37,D,VIIRS
46.71573,32.43982,339.22,0.45,0.39,2026-08-24,10:32:00,N,nominal,2.0NRT,307.55,3.37,D,VIIRS
47.39431,36.30724,345.31,0.38,0.36,2026-08-24,10:32:00,N,nominal,2.0NRT,310.94,6.23,D,VIIRS
47.02565,34.09211,339.34,0.41,0.37,2026-08-24,10:32:00,N,low,2.0NRT,311.38,5.75,D,VIIRS
47.39758,36.30614,351.17,0.38,0.36,2026-08-24,10:32:00,N,nominal,2.0NRT,310.93,7.72,D,VIIRS
47.39601,36.29608,338.11,0.38,0.36,2026-08-24,10:32:00,N,low,2.0NRT,309.73,3.55,D,VIIRS
47.45214,36.63748,337.62,0.38,0.36,2026-08-24,10:32:00,N,nominal,2.0NRT,309.28,2.72,D,VIIRS
47.40007,36.3,338.9,0.38,0.36,2026-08-24,10:32:00,N,low,2.0NRT,313.19,3.55,D,VIIRS
47.39928,36.29497,344.99,0.38,0.36,2026-08-24,10:32:00,N,nominal,2.0NRT,314.24,3.55,D,VIIRS
46.67207,32.15777,338.7,0.46,0.39,2026-08-24,10:32:00,N,nominal,2.0NRT,308.15,3.8,D,VIIRS
46.22092,29.9801,339.63,0.56,0.43,2026-08-24,10:32:00,N,nominal,2.0NRT,306.72,4.83,D,VIIRS
47.45541,36.6364,348.76,0.38,0.36,2026-08-24,10:32:00,N,nominal,2.0NRT,316.04,11.3,D,VIIRS
47.40334,36.29889,353.4,0.38,0.36,2026-08-24,10:32:00,N,nominal,2.0NRT,314.54,11.81,D,VIIRS
46.67557,32.15632,342.02,0.46,0.39,2026-08-24,10:32:00,N,nominal,2.0NRT,307.95,4.85,D,VIIRS
47.40661,36.29779,348.32,0.38,0.36,2026-08-24,10:32:00,N,nominal,2.0NRT,316.65,11.81,D,VIIRS
47.66046,37.98891,339.53,0.39,0.36,2026-08-24,10:32:00,N,nominal,2.0NRT,309.69,6.03,D,VIIRS
47.65973,37.98373,338.94,0.39,0.36,2026-08-24,10:32:00,N,nominal,2.0NRT,310.51,6.03,D,VIIRS
47.40988,36.29668,342.27,0.38,0.36,2026-08-24,10:32:00,N,low,2.0NRT,315.93,10.21,D,VIIRS
47.40752,36.28159,339.4,0.38,0.36,2026-08-24,10:32:00,N,low,2.0NRT,312.51,5.04,D,VIIRS
47.66378,37.98788,334.76,0.39,0.36,2026-08-24,10:32:00,N,nominal,2.0NRT,307.43,6.03,D,VIIRS
47.66306,37.9827,340.25,0.39,0.36,2026-08-24,10:32:00,N,nominal,2.0NRT,312.74,6.03,D,VIIRS
47.66233,37.97751,341.31,0.39,0.36,2026-08-24,10:32:00,N,nominal,2.0NRT,310.92,10.96,D,VIIRS
47.41236,36.29054,340.54,0.38,0.36,2026-08-24,10:32:00,N,low,2.0NRT,313.79,10.21,D,VIIRS
47.41079,36.28048,340.25,0.38,0.36,2026-08-24,10:32:00,N,low,2.0NRT,314.43,5.04,D,VIIRS
47.18156,34.8705,340.63,0.39,0.36,2026-08-24,10:32:00,N,nominal,2.0NRT,314.1,3.88,D,VIIRS
47.66638,37.98167,338.95,0.39,0.36,2026-08-24,10:32:00,N,nominal,2.0NRT,308.06,2.24,D,VIIRS
47.66565,37.97648,340.28,0.39,0.36,2026-08-24,10:32:00,N,nominal,2.0NRT,311.49,5.33,D,VIIRS
47.41812,36.2833,343.79,0.38,0.36,2026-08-24,10:32:00,N,nominal,2.0NRT,313.21,4.61,D,VIIRS
47.42545,36.28611,341.02,0.38,0.36,2026-08-24,10:32:00,N,low,2.0NRT,311.11,5.71,D,VIIRS
47.31025,35.52631,347.54,0.39,0.36,2026-08-24,10:32:00,N,nominal,2.0NRT,311.14,4.05,D,VIIRS
47.43343,36.27549,337.18,0.38,0.36,2026-08-24,10:32:00,N,low,2.0NRT,311.01,6.49,D,VIIRS
47.04466,33.95909,344.47,0.41,0.37,2026-08-24,10:32:00,N,nominal,2.0NRT,311.58,8.21,D,VIIRS
46.80442,32.67147,339.98,0.44,0.38,2026-08-24,10:32:00,N,nominal,2.0NRT,309.76,4.12,D,VIIRS
47.59023,37.29172,334.92,0.39,0.36,2026-08-24,10:32:00,N,low,2.0NRT,306.95,18.78,D,VIIRS
47.048,33.95781,336.81,0.41,0.37,2026-08-24,10:32:00,N,low,2.0NRT,309.22,8.21,D,VIIRS
47.04705,33.95254,347.57,0.41,0.37,2026-08-24,10:32:00,N,nominal,2.0NRT,312.84,7.31,D,VIIRS
47.59352,37.29067,333.4,0.39,0.36,2026-08-24,10:32:00,N,low,2.0NRT,305.37,4.93,D,VIIRS
47.59203,37.28046,342.53,0.39,0.36,2026-08-24,10:32:00,N,nominal,2.0NRT,311.06,4.56,D,VIIRS
47.05039,33.95126,351.93,0.41,0.37,2026-08-24,10:32:00,N,nominal,2.0NRT,313.03,6.61,D,VIIRS
47.59607,37.28452,337.71,0.39,0.36,2026-08-24,10:32:00,N,low,2.0NRT,307.85,4.93,D,VIIRS
47.59532,37.27941,347.09,0.39,0.36,2026-08-24,10:32:00,N,nominal,2.0NRT,310.23,4.56,D,VIIRS
47.34879,35.5928,348.22,0.39,0.36,2026-08-24,10:32:00,N,nominal,2.0NRT,314.52,8.55,D,VIIRS
47.33148,35.48676,336.03,0.39,0.36,2026-08-24,10:32:00,N,low,2.0NRT,310.96,1.89,D,VIIRS
47.35289,35.59669,337.83,0.39,0.36,2026-08-24,10:32:00,N,low,2.0NRT,312.12,2.48,D,VIIRS
47.20169,34.69193,342.06,0.4,0.37,2026-08-24,10:32:00,N,nominal,2.0NRT,308.54,3.01,D,VIIRS
46.79023,32.44448,340.16,0.45,0.39,2026-08-24,10:32:00,N,nominal,2.0NRT,310.04,7.62,D,VIIRS
47.05571,33.84189,347.1,0.41,0.37,2026-08-24,10:32:00,N,nominal,2.0NRT,313.15,10.77,D,VIIRS
47.05906,33.84062,345.37,0.41,0.37,2026-08-24,10:32:00,N,nominal,2.0NRT,311.22,12.99,D,VIIRS
46.79716,32.44163,335.7,0.45,0.39,2026-08-24,10:32:00,N,low,2.0NRT,310.69,4.08,D,VIIRS
47.36024,35.5781,336.3,0.39,0.36,2026-08-24,10:32:00,N,low,2.0NRT,311.2,2.02,D,VIIRS
47.06241,33.83935,340.05,0.41,0.37,2026-08-24,10:32:00,N,low,2.0NRT,314.32,12.99,D,VIIRS
47.06145,33.83404,354.33,0.41,0.37,2026-08-24,10:32:00,N,nominal,2.0NRT,313.36,18.1,D,VIIRS
46.83581,32.6222,337.82,0.44,0.38,2026-08-24,10:32:00,N,nominal,2.0NRT,310.88,6.19,D,VIIRS
46.83472,32.61654,336.89,0.44,0.38,2026-08-24,10:32:00,N,nominal,2.0NRT,309.4,6.19,D,VIIRS
47.92453,39.47494,334.58,0.42,0.38,2026-08-24,10:32:00,N,low,2.0NRT,305.17,4.57,D,VIIRS
47.92382,39.46932,349.97,0.42,0.38,2026-08-24,10:32:00,N,nominal,2.0NRT,312.88,4.57,D,VIIRS
47.92312,39.46371,340.47,0.42,0.38,2026-08-24,10:32:00,N,low,2.0NRT,312.68,7.88,D,VIIRS
47.92241,39.45812,338.78,0.42,0.38,2026-08-24,10:32:00,N,nominal,2.0NRT,306.11,7.88,D,VIIRS
47.11185,34.09612,337.15,0.4,0.37,2026-08-24,10:32:00,N,low,2.0NRT,311.28,27.02,D,VIIRS
47.92797,39.47398,335.67,0.42,0.38,2026-08-24,10:32:00,N,nominal,2.0NRT,306.69,4.57,D,VIIRS
47.92726,39.46835,341.18,0.42,0.38,2026-08-24,10:32:00,N,low,2.0NRT,314.04,4.57,D,VIIRS
47.92515,39.45154,333.88,0.42,0.38,2026-08-24,10:32:00,N,low,2.0NRT,307.62,1.61,D,VIIRS
47.11425,34.08962,349.93,0.4,0.37,2026-08-24,10:32:00,N,nominal,2.0NRT,310.53,27.02,D,VIIRS
47.11332,34.08438,336.91,0.4,0.37,2026-08-24,10:32:00,N,low,2.0NRT,311.16,3.35,D,VIIRS
47.93071,39.46738,345.8,0.42,0.38,2026-08-24,10:32:00,N,nominal,2.0NRT,312.59,5.54,D,VIIRS
47.93415,39.46644,342.42,0.42,0.38,2026-08-24,10:32:00,N,nominal,2.0NRT,308.34,5.54,D,VIIRS
47.9376,39.46549,334.35,0.42,0.38,2026-08-24,10:32:00,N,low,2.0NRT,305.8,6.19,D,VIIRS
47.93689,39.45984,339.03,0.42,0.38,2026-08-24,10:32:00,N,low,2.0NRT,311.8,13.3,D,VIIRS
47.50938,36.38771,347.54,0.38,0.36,2026-08-24,10:32:00,N,nominal,2.0NRT,311.41,8.99,D,VIIRS
47.94379,39.45799,346.11,0.42,0.38,2026-08-24,10:32:00,N,nominal,2.0NRT,310.25,23.55,D,VIIRS
47.51187,36.38156,354.59,0.38,0.36,2026-08-24,10:32:00,N,nominal,2.0NRT,319.09,20.85,D,VIIRS
46.24756,29.64947,339.67,0.38,0.43,2026-08-24,10:32:00,N,nominal,2.0NRT,307.15,5.34,D,VIIRS
47.51514,36.38046,367,0.38,0.36,2026-08-24,10:32:00,N,high,2.0NRT,316.28,20.85,D,VIIRS
47.51358,36.37038,335.37,0.38,0.36,2026-08-24,10:32:00,N,low,2.0NRT,307.97,3.25,D,VIIRS
47.51919,36.3844,348.43,0.38,0.36,2026-08-24,10:32:00,N,nominal,2.0NRT,313.42,10.04,D,VIIRS
47.51607,36.36423,334.3,0.38,0.36,2026-08-24,10:32:00,N,low,2.0NRT,308.79,3.28,D,VIIRS
47.52246,36.3833,344.23,0.38,0.36,2026-08-24,10:32:00,N,nominal,2.0NRT,312.39,10.04,D,VIIRS
47.234,34.61436,338.42,0.4,0.37,2026-08-24,10:32:00,N,nominal,2.0NRT,312.7,2.85,D,VIIRS
47.21447,34.50089,338.82,0.4,0.37,2026-08-24,10:32:00,N,low,2.0NRT,312.58,4.13,D,VIIRS
47.52573,36.38219,340.16,0.38,0.36,2026-08-24,10:32:00,N,low,2.0NRT,311.08,8.25,D,VIIRS
47.23817,34.61828,343.92,0.4,0.37,2026-08-24,10:32:00,N,nominal,2.0NRT,311.31,4.18,D,VIIRS
47.23729,34.61314,343.17,0.4,0.37,2026-08-24,10:32:00,N,nominal,2.0NRT,311.5,3.49,D,VIIRS
47.53149,36.37494,339.54,0.38,0.36,2026-08-24,10:32:00,N,low,2.0NRT,312.74,4.34,D,VIIRS
47.52993,36.36485,340.69,0.38,0.36,2026-08-24,10:32:00,N,nominal,2.0NRT,311.95,3.66,D,VIIRS
47.44748,35.84068,352.48,0.39,0.36,2026-08-24,10:32:00,N,nominal,2.0NRT,310.24,7.78,D,VIIRS
47.53477,36.37384,337.76,0.38,0.36,2026-08-24,10:32:00,N,low,2.0NRT,309.95,4.34,D,VIIRS
47.5332,36.36375,340.01,0.38,0.36,2026-08-24,10:32:00,N,nominal,2.0NRT,312.6,3.66,D,VIIRS
47.66803,37.23474,346.82,0.39,0.36,2026-08-24,10:32:00,N,nominal,2.0NRT,315.7,22.83,D,VIIRS
47.53725,36.36769,345.84,0.38,0.36,2026-08-24,10:32:00,N,nominal,2.0NRT,312.12,5.11,D,VIIRS
47.66728,37.22963,307.69,0.39,0.36,2026-08-24,10:32:00,N,low,2.0NRT,313.22,22.83,D,VIIRS
47.67132,37.23369,346.29,0.39,0.36,2026-08-24,10:32:00,N,nominal,2.0NRT,314.98,22.83,D,VIIRS
47.70129,37.35627,367,0.39,0.36,2026-08-24,10:32:00,N,high,2.0NRT,341.28,104.06,D,VIIRS
47.70054,37.35114,367,0.39,0.36,2026-08-24,10:32:00,N,high,2.0NRT,330.18,104.06,D,VIIRS
47.481,35.88565,337.27,0.38,0.36,2026-08-24,10:32:00,N,low,2.0NRT,311.71,3.5,D,VIIRS
47.00927,33.167230000000004,342.32,0.42,0.38,2026-08-24,10:32:00,N,nominal,2.0NRT,311.04,4.63,D,VIIRS
47.70788,37.35418,335.46,0.39,0.36,2026-08-24,10:32:00,N,low,2.0NRT,308.73,38.61,D,VIIRS
47.70714,37.34904,354.81,0.39,0.36,2026-08-24,10:32:00,N,nominal,2.0NRT,316.34,38.61,D,VIIRS
47.48346,35.87947,337.25,0.38,0.36,2026-08-24,10:32:00,N,low,2.0NRT,310.39,3.5,D,VIIRS
47.71043,37.348,349.91,0.39,0.36,2026-08-24,10:32:00,N,nominal,2.0NRT,314.55,9.27,D,VIIRS
47.57091,36.3704,343.96,0.38,0.36,2026-08-24,10:32:00,N,nominal,2.0NRT,311.91,4.2,D,VIIRS
47.57013,36.36535,334.74,0.38,0.36,2026-08-24,10:32:00,N,nominal,2.0NRT,309.07,2.85,D,VIIRS
47.39801,35.28978,348.18,0.39,0.36,2026-08-24,10:32:00,N,nominal,2.0NRT,319.08,11.8,D,VIIRS
47.71659,37.3192,339.34,0.39,0.36,2026-08-24,10:32:00,N,nominal,2.0NRT,311.28,2.52,D,VIIRS
47.57496,36.37434,337.32,0.38,0.36,2026-08-24,10:32:00,N,nominal,2.0NRT,308.88,4.2,D,VIIRS
47.57418,36.36929,351.38,0.38,0.36,2026-08-24,10:32:00,N,nominal,2.0NRT,311.4,4.2,D,VIIRS
47.40128,35.2886,344.02,0.39,0.36,2026-08-24,10:32:00,N,nominal,2.0NRT,310.99,11.8,D,VIIRS
47.33569,34.89672,348.84,0.39,0.36,2026-08-24,10:32:00,N,nominal,2.0NRT,313.15,5.62,D,VIIRS
47.33483,34.89161,348.6,0.39,0.36,2026-08-24,10:32:00,N,nominal,2.0NRT,312.72,5.62,D,VIIRS
47.33396,34.8865,343.56,0.39,0.36,2026-08-24,10:32:00,N,nominal,2.0NRT,312.97,4.86,D,VIIRS
47.40456,35.28742,340.54,0.39,0.36,2026-08-24,10:32:00,N,nominal,2.0NRT,310.85,2.67,D,VIIRS
47.40524,35.24957,342.61,0.39,0.36,2026-08-24,10:32:00,N,low,2.0NRT,313.81,4.47,D,VIIRS
47.29654,34.60587,337.52,0.4,0.37,2026-08-24,10:32:00,N,low,2.0NRT,310.72,2.88,D,VIIRS
47.92704,38.71181,346.75,0.41,0.37,2026-08-24,10:32:00,N,nominal,2.0NRT,312.6,17.77,D,VIIRS
47.42353,35.31821,345.1,0.39,0.36,2026-08-24,10:32:00,N,nominal,2.0NRT,313.57,8.69,D,VIIRS
47.93042,38.7108,352.46,0.41,0.37,2026-08-24,10:32:00,N,nominal,2.0NRT,316.98,17.77,D,VIIRS
47.92971,38.70539,349.97,0.41,0.37,2026-08-24,10:32:00,N,nominal,2.0NRT,312.37,17.77,D,VIIRS
47.42262,35.29168,340.39,0.39,0.36,2026-08-24,10:32:00,N,nominal,2.0NRT,309.62,4.24,D,VIIRS
47.3982,35.14444,347.81,0.39,0.36,2026-08-24,10:32:00,N,nominal,2.0NRT,308.7,18.94,D,VIIRS
47.35715,34.89973,340.26,0.39,0.36,2026-08-24,10:32:00,N,nominal,2.0NRT,310.19,4.29,D,VIIRS
47.64816,36.69545,348.25,0.38,0.36,2026-08-24,10:32:00,N,nominal,2.0NRT,308.67,5.75,D,VIIRS
47.48704,35.6651,335.56,0.39,0.36,2026-08-24,10:32:00,N,low,2.0NRT,308.48,1.87,D,VIIRS
47.6316,36.54136,341.64,0.38,0.36,2026-08-24,10:32:00,N,nominal,2.0NRT,311.94,4.67,D,VIIRS
47.63487,36.54026,350.23,0.38,0.36,2026-08-24,10:32:00,N,nominal,2.0NRT,313.05,4.67,D,VIIRS
47.63969,36.54929,345.98,0.38,0.36,2026-08-24,10:32:00,N,nominal,2.0NRT,313.84,7.1,D,VIIRS
47.57399,36.12485,345.85,0.38,0.36,2026-08-24,10:32:00,N,nominal,2.0NRT,314.49,8.39,D,VIIRS
46.63668,30.97909,341.04,0.5,0.41,2026-08-24,10:32:00,N,nominal,2.0NRT,299.79,33.15,D,VIIRS
48.03151,39.32733,336.53,0.42,0.38,2026-08-24,10:32:00,N,nominal,2.0NRT,306.21,2.42,D,VIIRS
47.6447,36.53697,348.69,0.38,0.36,2026-08-24,10:32:00,N,nominal,2.0NRT,311.99,8.23,D,VIIRS
47.31597,34.49434,339.74,0.4,0.37,2026-08-24,10:32:00,N,low,2.0NRT,310.04,3.14,D,VIIRS
47.31927,34.49311,342.95,0.4,0.37,2026-08-24,10:32:00,N,nominal,2.0NRT,311.49,7.59,D,VIIRS
47.70365,36.8582,346.57,0.39,0.36,2026-08-24,10:32:00,N,nominal,2.0NRT,313.8,6.7,D,VIIRS
47.61097,36.22925,336.27,0.38,0.36,2026-08-24,10:32:00,N,low,2.0NRT,310.88,3.84,D,VIIRS
47.61018,36.2242,344.96,0.38,0.36,2026-08-24,10:32:00,N,nominal,2.0NRT,313.42,6.62,D,VIIRS
47.6192,36.21581,337.9,0.38,0.36,2026-08-24,10:32:00,N,low,2.0NRT,310.01,3.4,D,VIIRS
47.60499,36.12486,346.8,0.38,0.36,2026-08-24,10:32:00,N,nominal,2.0NRT,314.66,4.04,D,VIIRS
47.58274,35.98347,341.6,0.38,0.36,2026-08-24,10:32:00,N,nominal,2.0NRT,314.93,3.3,D,VIIRS
47.55467,35.80676,335.63,0.38,0.36,2026-08-24,10:32:00,N,low,2.0NRT,308.95,2.79,D,VIIRS
47.43468,35.05014,336.24,0.39,0.36,2026-08-24,10:32:00,N,nominal,2.0NRT,307.86,8.2,D,VIIRS
47.63282,36.25904,338.59,0.38,0.36,2026-08-24,10:32:00,N,low,2.0NRT,312.52,2.99,D,VIIRS
46.85462,31.84258,342.83,0.47,0.39,2026-08-24,10:32:00,N,nominal,2.0NRT,310.87,6.08,D,VIIRS
47.49414,35.36813,336.21,0.39,0.36,2026-08-24,10:32:00,N,low,2.0NRT,310.05,0.86,D,VIIRS
46.85697,31.83513,353.23,0.47,0.39,2026-08-24,10:32:00,N,nominal,2.0NRT,312.77,11.07,D,VIIRS
46.85466,31.84096,345.49,0.46,0.39,2026-08-24,10:32:00,N,nominal,2.0NRT,311.46,7.69,D,VIIRS
47.70383,36.6371,349.13,0.38,0.36,2026-08-24,10:32:00,N,nominal,2.0NRT,315.77,16.88,D,VIIRS
47.7023,36.62695,337.11,0.38,0.36,2026-08-24,10:32:00,N,low,2.0NRT,310.96,10.09,D,VIIRS
47.31579,34.2654,339.57,0.4,0.37,2026-08-24,10:32:00,N,nominal,2.0NRT,309.18,2.97,D,VIIRS
46.85699,31.83352,354.07,0.47,0.39,2026-08-24,10:32:00,N,nominal,2.0NRT,311.86,12.33,D,VIIRS
47.70153,36.62188,367,0.38,0.36,2026-08-24,10:32:00,N,low,2.0NRT,325.31,31.87,D,VIIRS
47.70711,36.63601,336.46,0.38,0.36,2026-08-24,10:32:00,N,low,2.0NRT,311.31,1.61,D,VIIRS
47.7048,36.62078,345.19,0.38,0.36,2026-08-24,10:32:00,N,low,2.0NRT,316.84,8.73,D,VIIRS
47.70403,36.61571,336.35,0.38,0.36,2026-08-24,10:32:00,N,low,2.0NRT,310.8,8.73,D,VIIRS
47.70326,36.61064,335.16,0.38,0.36,2026-08-24,10:32:00,N,low,2.0NRT,309.9,3.85,D,VIIRS
47.50408,35.35127,347.15,0.39,0.36,2026-08-24,10:32:00,N,nominal,2.0NRT,314.68,3.92,D,VIIRS
47.3191,34.26415,351.44,0.4,0.37,2026-08-24,10:32:00,N,nominal,2.0NRT,315.23,13.45,D,VIIRS
47.70808,36.61969,349.79,0.38,0.36,2026-08-24,10:32:00,N,nominal,2.0NRT,311.45,8.73,D,VIIRS
47.70731,36.61462,352.34,0.38,0.36,2026-08-24,10:32:00,N,nominal,2.0NRT,314.08,8.73,D,VIIRS
47.50735,35.3501,335.46,0.39,0.36,2026-08-24,10:32:00,N,low,2.0NRT,310.23,3.92,D,VIIRS
47.32241,34.2629,356.88,0.4,0.37,2026-08-24,10:32:00,N,nominal,2.0NRT,312.37,13.45,D,VIIRS
47.81647,37.32776,339.24,0.39,0.36,2026-08-24,10:32:00,N,low,2.0NRT,310.62,3.7,D,VIIRS
47.77981,37.0766,340.92,0.39,0.36,2026-08-24,10:32:00,N,nominal,2.0NRT,310.38,14.18,D,VIIRS
47.65617,36.25914,343.68,0.38,0.36,2026-08-24,10:32:00,N,nominal,2.0NRT,308.57,2.68,D,VIIRS
47.64751,36.20353,342.97,0.38,0.36,2026-08-24,10:32:00,N,nominal,2.0NRT,309.36,3.89,D,VIIRS
47.81828,37.31643,338.47,0.39,0.36,2026-08-24,10:32:00,N,low,2.0NRT,313.01,7.22,D,VIIRS
47.71617,36.62766,348.85,0.38,0.36,2026-08-24,10:32:00,N,nominal,2.0NRT,313.45,3.54,D,VIIRS
47.71309,36.60736,334.65,0.38,0.36,2026-08-24,10:32:00,N,low,2.0NRT,309.29,1.79,D,VIIRS
47.66649,36.30353,349.17,0.38,0.36,2026-08-24,10:32:00,N,nominal,2.0NRT,315,4.43,D,VIIRS
47.82306,37.32565,351.45,0.39,0.36,2026-08-24,10:32:00,N,nominal,2.0NRT,315.17,6.16,D,VIIRS
47.71713,36.61134,346.03,0.38,0.36,2026-08-24,10:32:00,N,nominal,2.0NRT,313.54,5.76,D,VIIRS
47.67133,36.31253,337.22,0.38,0.36,2026-08-24,10:32:00,N,low,2.0NRT,311.41,3.27,D,VIIRS
47.82636,37.3246,344.05,0.39,0.36,2026-08-24,10:32:00,N,nominal,2.0NRT,310.03,6.16,D,VIIRS
47.72272,36.62548,344.39,0.38,0.36,2026-08-24,10:32:00,N,nominal,2.0NRT,313.97,4.22,D,VIIRS
47.72195,36.6204,350.4,0.38,0.36,2026-08-24,10:32:00,N,nominal,2.0NRT,313.62,4.22,D,VIIRS
47.82965,37.32354,335.83,0.39,0.36,2026-08-24,10:32:00,N,low,2.0NRT,309.43,4.6,D,VIIRS
47.82891,37.3184,338.44,0.39,0.36,2026-08-24,10:32:00,N,low,2.0NRT,310.82,2.81,D,VIIRS
47.84103,37.33068,334.69,0.39,0.36,2026-08-24,10:32:00,N,low,2.0NRT,308.78,2.77,D,VIIRS
47.84029,37.32553,345.2,0.39,0.36,2026-08-24,10:32:00,N,nominal,2.0NRT,310.5,6.06,D,VIIRS
47.26306,33.76945,337.87,0.41,0.37,2026-08-24,10:32:00,N,low,2.0NRT,312.85,2.49,D,VIIRS
47.57814,35.59299,336.34,0.39,0.36,2026-08-24,10:32:00,N,low,2.0NRT,311.07,1.31,D,VIIRS
47.2664,33.76815,342.7,0.41,0.37,2026-08-24,10:32:00,N,low,2.0NRT,313.82,3.27,D,VIIRS
47.26545,33.76284,346.71,0.41,0.37,2026-08-24,10:32:00,N,nominal,2.0NRT,311.39,2.77,D,VIIRS
47.39437,34.47354,349.9,0.4,0.37,2026-08-24,10:32:00,N,nominal,2.0NRT,313.52,6.02,D,VIIRS
47.33445,34.13024,349.9,0.4,0.37,2026-08-24,10:32:00,N,nominal,2.0NRT,310.66,6.84,D,VIIRS
47.26974,33.76686,339.71,0.41,0.37,2026-08-24,10:32:00,N,nominal,2.0NRT,309.66,3.27,D,VIIRS
47.39767,34.47231,338.91,0.4,0.37,2026-08-24,10:32:00,N,low,2.0NRT,309.09,2.28,D,VIIRS
47.39677,34.46712,335.84,0.4,0.37,2026-08-24,10:32:00,N,low,2.0NRT,310.28,2.28,D,VIIRS
47.89653,37.62109,350.19,0.39,0.36,2026-08-24,10:32:00,N,nominal,2.0NRT,311.26,10.64,D,VIIRS
47.89984,37.62005,334.31,0.39,0.36,2026-08-24,10:32:00,N,low,2.0NRT,306.25,5.02,D,VIIRS
47.54208,35.20301,347.53,0.39,0.36,2026-08-24,10:32:00,N,nominal,2.0NRT,314.09,10.89,D,VIIRS
47.96025,37.901,334.61,0.39,0.37,2026-08-24,10:32:00,N,nominal,2.0NRT,306.31,4.13,D,VIIRS
47.47166,34.74069,339.85,0.39,0.36,2026-08-24,10:32:00,N,low,2.0NRT,310.15,3.09,D,VIIRS
47.96357,37.89997,335.87,0.39,0.37,2026-08-24,10:32:00,N,nominal,2.0NRT,305.81,4.13,D,VIIRS
47.69709,36.08,334.55,0.38,0.36,2026-08-24,10:32:00,N,nominal,2.0NRT,306.45,0.56,D,VIIRS
47.63611,35.69551,347.06,0.39,0.36,2026-08-24,10:32:00,N,nominal,2.0NRT,306.26,5.41,D,VIIRS
47.6353,35.69046,337.73,0.39,0.36,2026-08-24,10:32:00,N,nominal,2.0NRT,309.28,5.41,D,VIIRS
47.26462,33.50016,349.23,0.41,0.37,2026-08-24,10:32:00,N,nominal,2.0NRT,312.26,22.42,D,VIIRS
47.26798,33.49884,352.18,0.41,0.37,2026-08-24,10:32:00,N,nominal,2.0NRT,323.6,17.5,D,VIIRS
47.27134,33.49752,337.37,0.41,0.37,2026-08-24,10:32:00,N,low,2.0NRT,309.08,17.5,D,VIIRS
47.27037,33.49215,342.47,0.41,0.37,2026-08-24,10:32:00,N,nominal,2.0NRT,310.75,17.5,D,VIIRS
47.26842,33.48141,341.36,0.41,0.37,2026-08-24,10:32:00,N,nominal,2.0NRT,312.44,7.03,D,VIIRS
47.27275,33.48546,337.71,0.41,0.37,2026-08-24,10:32:00,N,low,2.0NRT,310.2,2.45,D,VIIRS
47.27178,33.48008,337.37,0.41,0.37,2026-08-24,10:32:00,N,low,2.0NRT,309.51,2.45,D,VIIRS
47.87708,37.15235,345.68,0.39,0.36,2026-08-24,10:32:00,N,nominal,2.0NRT,314.51,3.29,D,VIIRS
47.29838,33.60748,347.97,0.41,0.37,2026-08-24,10:32:00,N,nominal,2.0NRT,309.98,6,D,VIIRS
47.30077,33.60082,344.08,0.41,0.37,2026-08-24,10:32:00,N,nominal,2.0NRT,311.6,5.11,D,VIIRS
47.31467,33.65828,337.8,0.41,0.37,2026-08-24,10:32:00,N,low,2.0NRT,310.75,2.51,D,VIIRS
47.30412,33.5995,355.1,0.41,0.37,2026-08-24,10:32:00,N,nominal,2.0NRT,310.48,5.11,D,VIIRS
47.30348,33.60294,349.62,0.41,0.37,2026-08-24,10:32:00,N,nominal,2.0NRT,311.11,4.95,D,VIIRS
47.3025,33.5976,340.97,0.41,0.37,2026-08-24,10:32:00,N,nominal,2.0NRT,308.9,4.95,D,VIIRS
47.31654,33.65499,335.81,0.41,0.37,2026-08-24,10:32:00,N,low,2.0NRT,308.45,1.22,D,VIIRS
47.87904,37.03614,347.45,0.39,0.36,2026-08-24,10:32:00,N,nominal,2.0NRT,306,4.45,D,VIIRS
47.85508,36.85112,347.79,0.39,0.36,2026-08-24,10:32:00,N,nominal,2.0NRT,315.14,3.89,D,VIIRS
47.83219,36.69821,339.61,0.38,0.36,2026-08-24,10:32:00,N,low,2.0NRT,313.28,2.57,D,VIIRS
47.85303,36.81433,343.53,0.39,0.36,2026-08-24,10:32:00,N,nominal,2.0NRT,309.62,36,D,VIIRS
47.89521,37.05236,367,0.39,0.36,2026-08-24,10:32:00,N,high,2.0NRT,353.08,90.22,D,VIIRS
47.85654,36.79175,345.79,0.39,0.36,2026-08-24,10:32:00,N,low,2.0NRT,318.88,29.56,D,VIIRS
47.89445,37.04723,319.66,0.39,0.36,2026-08-24,10:32:00,N,low,2.0NRT,323.55,90.22,D,VIIRS
47.89849,37.05128,367,0.39,0.36,2026-08-24,10:32:00,N,high,2.0NRT,347.73,55.77,D,VIIRS
47.89925,37.0564,337.42,0.39,0.36,2026-08-24,10:32:00,N,nominal,2.0NRT,309.1,19.58,D,VIIRS
47.89774,37.04616,367,0.39,0.36,2026-08-24,10:32:00,N,low,2.0NRT,336.56,55.77,D,VIIRS
47.90178,37.05021,340.67,0.39,0.36,2026-08-24,10:32:00,N,nominal,2.0NRT,312.45,55.77,D,VIIRS
47.90027,37.03997,352.85,0.39,0.36,2026-08-24,10:32:00,N,nominal,2.0NRT,316.02,18.81,D,VIIRS
47.78109,36.25108,345.07,0.38,0.36,2026-08-24,10:32:00,N,nominal,2.0NRT,315.35,24.02,D,VIIRS
47.3278,33.55904,334.42,0.41,0.37,2026-08-24,10:32:00,N,low,2.0NRT,308.73,0.9,D,VIIRS
47.33213,33.56308,343.06,0.41,0.37,2026-08-24,10:32:00,N,nominal,2.0NRT,310.98,3.72,D,VIIRS
47.80812,36.35929,332.63,0.38,0.36,2026-08-24,10:32:00,N,low,2.0NRT,305.28,2.49,D,VIIRS
47.49752,34.41545,340.22,0.4,0.37,2026-08-24,10:32:00,N,nominal,2.0NRT,303.54,5.57,D,VIIRS
47.87819,36.75247,342.32,0.39,0.36,2026-08-24,10:32:00,N,nominal,2.0NRT,312.96,3.18,D,VIIRS
48.21712,39.17178,346.45,0.42,0.37,2026-08-24,10:32:00,N,nominal,2.0NRT,312.11,13.17,D,VIIRS
48.21641,39.16617,335.62,0.42,0.37,2026-08-24,10:32:00,N,low,2.0NRT,305.89,13.17,D,VIIRS
47.99214,37.50683,345.08,0.39,0.36,2026-08-24,10:32:00,N,nominal,2.0NRT,311.67,6.59,D,VIIRS
47.88147,36.75139,338.93,0.39,0.36,2026-08-24,10:32:00,N,nominal,2.0NRT,309.38,2.21,D,VIIRS
47.34238,33.4613,338.48,0.41,0.37,2026-08-24,10:32:00,N,nominal,2.0NRT,309.92,2,D,VIIRS
47.99463,37.45182,335.76,0.39,0.36,2026-08-24,10:32:00,N,low,2.0NRT,309,2.09,D,VIIRS
47.86596,36.58015,341.46,0.38,0.36,2026-08-24,10:32:00,N,nominal,2.0NRT,312.42,3.71,D,VIIRS
47.79249,36.10304,341.23,0.38,0.36,2026-08-24,10:32:00,N,nominal,2.0NRT,309.18,3.85,D,VIIRS
47.87174,36.57286,346.13,0.38,0.36,2026-08-24,10:32:00,N,nominal,2.0NRT,313.64,11.48,D,VIIRS
47.89828,36.70298,336.26,0.38,0.36,2026-08-24,10:32:00,N,low,2.0NRT,310.45,1.15,D,VIIRS
48.02232,37.52445,337.48,0.39,0.36,2026-08-24,10:32:00,N,low,2.0NRT,310.59,10.37,D,VIIRS
47.81675,36.14812,342.78,0.38,0.36,2026-08-24,10:32:00,N,nominal,2.0NRT,307.76,11.58,D,VIIRS
47.693,35.35064,343.81,0.39,0.36,2026-08-24,10:32:00,N,nominal,2.0NRT,304.05,3.52,D,VIIRS
48.00732,37.37201,342.52,0.39,0.36,2026-08-24,10:32:00,N,nominal,2.0NRT,306.73,3.25,D,VIIRS
47.58792,34.65657,338.64,0.39,0.36,2026-08-24,10:32:00,N,low,2.0NRT,312.17,6.52,D,VIIRS
47.8474,36.21241,337.04,0.38,0.36,2026-08-24,10:32:00,N,nominal,2.0NRT,311.53,3.38,D,VIIRS
47.45905,33.87206,353.85,0.41,0.37,2026-08-24,10:32:00,N,nominal,2.0NRT,316.69,13.91,D,VIIRS
47.45811,33.86678,336.01,0.41,0.37,2026-08-24,10:32:00,N,low,2.0NRT,307.75,13.91,D,VIIRS
47.45718,33.86149,342.62,0.41,0.37,2026-08-24,10:32:00,N,nominal,2.0NRT,310.99,4.26,D,VIIRS
47.46237,33.87074,356.17,0.41,0.37,2026-08-24,10:32:00,N,nominal,2.0NRT,318.21,13.91,D,VIIRS
47.46144,33.86548,334.16,0.41,0.37,2026-08-24,10:32:00,N,low,2.0NRT,307.84,13.91,D,VIIRS
47.46051,33.8602,336.79,0.41,0.37,2026-08-24,10:32:00,N,low,2.0NRT,311.3,4.26,D,VIIRS
47.46297,33.87387,342.02,0.41,0.37,2026-08-24,10:32:00,N,nominal,2.0NRT,311.22,15.53,D,VIIRS
47.46203,33.8686,354.49,0.41,0.37,2026-08-24,10:32:00,N,nominal,2.0NRT,315.59,15.53,D,VIIRS
47.46014,33.85806,339.47,0.41,0.37,2026-08-24,10:32:00,N,low,2.0NRT,312.08,11.32,D,VIIRS
47.46725,33.8779,350.4,0.41,0.37,2026-08-24,10:32:00,N,nominal,2.0NRT,311.15,5.44,D,VIIRS
47.46537,33.86733,348.03,0.41,0.37,2026-08-24,10:32:00,N,nominal,2.0NRT,312.9,15.53,D,VIIRS
47.46253,33.85149,341.03,0.41,0.37,2026-08-24,10:32:00,N,low,2.0NRT,311.21,2.82,D,VIIRS
47.20035,32.44724,338.27,0.44,0.38,2026-08-24,10:32:00,N,low,2.0NRT,310.74,2.49,D,VIIRS
47.47059,33.87663,338.97,0.41,0.37,2026-08-24,10:32:00,N,low,2.0NRT,309.13,6.11,D,VIIRS
47.46964,33.87135,346.8,0.41,0.37,2026-08-24,10:32:00,N,nominal,2.0NRT,316.76,7.09,D,VIIRS
47.4687,33.86608,346.56,0.41,0.37,2026-08-24,10:32:00,N,nominal,2.0NRT,313.15,7.09,D,VIIRS
47.46586,33.85021,338.19,0.41,0.37,2026-08-24,10:32:00,N,low,2.0NRT,311.06,1.7,D,VIIRS
47.47298,33.87009,336.56,0.41,0.37,2026-08-24,10:32:00,N,nominal,2.0NRT,310.05,7.09,D,VIIRS
47.47204,33.86481,346.06,0.41,0.37,2026-08-24,10:32:00,N,nominal,2.0NRT,312.36,7.09,D,VIIRS
47.46919,33.84893,335.24,0.41,0.37,2026-08-24,10:32:00,N,low,2.0NRT,308.08,1.7,D,VIIRS
47.47537,33.86355,340.35,0.41,0.37,2026-08-24,10:32:00,N,nominal,2.0NRT,309.51,2.89,D,VIIRS
47.47348,33.85295,339.88,0.41,0.37,2026-08-24,10:32:00,N,low,2.0NRT,310.8,3.14,D,VIIRS
47.47681,33.85167,335.45,0.41,0.37,2026-08-24,10:32:00,N,low,2.0NRT,307.29,3.14,D,VIIRS
47.95028,36.68853,337.96,0.38,0.36,2026-08-24,10:32:00,N,nominal,2.0NRT,311.9,3.84,D,VIIRS
48.0043,36.91219,349.11,0.39,0.36,2026-08-24,10:32:00,N,nominal,2.0NRT,317.19,22.28,D,VIIRS
48.01086,36.91003,338.52,0.39,0.36,2026-08-24,10:32:00,N,low,2.0NRT,311.82,5.18,D,VIIRS
48.10444,37.45792,346.86,0.39,0.36,2026-08-24,10:32:00,N,nominal,2.0NRT,309.22,7.18,D,VIIRS
48.07785,37.24942,348.94,0.39,0.36,2026-08-24,10:32:00,N,nominal,2.0NRT,311.84,4.89,D,VIIRS
48.0771,37.24426,340.27,0.39,0.36,2026-08-24,10:32:00,N,nominal,2.0NRT,313.93,6.73,D,VIIRS
48.02956,36.91996,337.22,0.39,0.36,2026-08-24,10:32:00,N,low,2.0NRT,311.38,3,D,VIIRS
48.01739,36.83801,336.4,0.39,0.36,2026-08-24,10:32:00,N,low,2.0NRT,311.28,30.47,D,VIIRS
47.95969,36.45514,338.71,0.38,0.36,2026-08-24,10:32:00,N,nominal,2.0NRT,307.65,2.74,D,VIIRS
48.01815,36.84313,367,0.39,0.36,2026-08-24,10:32:00,N,low,2.0NRT,325.66,30.47,D,VIIRS
48.08115,37.24836,337.18,0.39,0.36,2026-08-24,10:32:00,N,nominal,2.0NRT,309.78,4.89,D,VIIRS
48.0804,37.24319,349.77,0.39,0.36,2026-08-24,10:32:00,N,nominal,2.0NRT,316.82,6.73,D,VIIRS
48.03284,36.91887,338.29,0.39,0.36,2026-08-24,10:32:00,N,low,2.0NRT,309.85,3,D,VIIRS
47.61921,34.33956,342.18,0.4,0.37,2026-08-24,10:32:00,N,nominal,2.0NRT,310.47,4.44,D,VIIRS
48.0837,37.24213,346.21,0.39,0.36,2026-08-24,10:32:00,N,nominal,2.0NRT,315.72,20.54,D,VIIRS
48.0822,37.2318,350.7,0.39,0.36,2026-08-24,10:32:00,N,nominal,2.0NRT,309.94,4.96,D,VIIRS
48.112,37.3902,332.12,0.39,0.36,2026-08-24,10:32:00,N,nominal,2.0NRT,304.65,2.87,D,VIIRS
48.11126,37.38501,335.36,0.39,0.36,2026-08-24,10:32:00,N,nominal,2.0NRT,310.17,3.74,D,VIIRS
48.11531,37.38914,334.02,0.39,0.36,2026-08-24,10:32:00,N,low,2.0NRT,305.98,2.87,D,VIIRS
48.11456,37.38395,342.08,0.39,0.36,2026-08-24,10:32:00,N,low,2.0NRT,312.61,3.74,D,VIIRS
48.06268,37.02756,341.29,0.39,0.36,2026-08-24,10:32:00,N,nominal,2.0NRT,310.89,3.34,D,VIIRS
48.11861,37.38809,334.25,0.39,0.36,2026-08-24,10:32:00,N,low,2.0NRT,308.2,3.85,D,VIIRS
47.89097,35.87918,333.19,0.38,0.36,2026-08-24,10:32:00,N,nominal,2.0NRT,307.57,3.09,D,VIIRS
48.12191,37.38703,334.05,0.39,0.36,2026-08-24,10:32:00,N,low,2.0NRT,307.39,3.85,D,VIIRS
47.8252,35.44623,335.74,0.39,0.36,2026-08-24,10:32:00,N,low,2.0NRT,309.36,2.24,D,VIIRS
48.21415,38.01595,347.32,0.4,0.37,2026-08-24,10:32:00,N,nominal,2.0NRT,309.62,8.81,D,VIIRS
47.82765,35.43997,335.21,0.39,0.36,2026-08-24,10:32:00,N,low,2.0NRT,309.36,3.06,D,VIIRS
48.21601,38.00425,345.52,0.4,0.37,2026-08-24,10:32:00,N,nominal,2.0NRT,308.12,7.72,D,VIIRS
48.20057,37.89312,347.03,0.4,0.37,2026-08-24,10:32:00,N,nominal,2.0NRT,306.13,5.51,D,VIIRS
48.04539,36.81798,347,0.39,0.36,2026-08-24,10:32:00,N,nominal,2.0NRT,308.88,8.05,D,VIIRS
48.21935,38.00321,352.23,0.4,0.37,2026-08-24,10:32:00,N,nominal,2.0NRT,310.01,12.31,D,VIIRS
48.21861,37.99789,335.58,0.4,0.37,2026-08-24,10:32:00,N,nominal,2.0NRT,309.63,3.67,D,VIIRS
48.2039,37.8921,341.77,0.4,0.37,2026-08-24,10:32:00,N,nominal,2.0NRT,309.32,3.73,D,VIIRS
48.22195,37.99684,345.82,0.4,0.37,2026-08-24,10:32:00,N,nominal,2.0NRT,308.84,3.67,D,VIIRS
48.22197,37.99411,334.16,0.4,0.37,2026-08-24,10:32:00,N,low,2.0NRT,306.51,3.62,D,VIIRS
48.18992,37.71202,349.98,0.39,0.36,2026-08-24,10:32:00,N,nominal,2.0NRT,309.71,4.02,D,VIIRS
48.19324,37.71099,341.82,0.39,0.36,2026-08-24,10:32:00,N,nominal,2.0NRT,307.18,4.02,D,VIIRS
48.15109,37.36406,336,0.39,0.36,2026-08-24,10:32:00,N,low,2.0NRT,309.14,2.73,D,VIIRS
48.0835,36.89936,340.53,0.39,0.36,2026-08-24,10:32:00,N,nominal,2.0NRT,309.86,3.57,D,VIIRS
48.20173,37.69733,367,0.39,0.36,2026-08-24,10:32:00,N,high,2.0NRT,311.86,5.95,D,VIIRS
48.201,37.69208,356.91,0.39,0.36,2026-08-24,10:32:00,N,nominal,2.0NRT,313.85,5.95,D,VIIRS
48.15588,37.37339,348.78,0.39,0.36,2026-08-24,10:32:00,N,nominal,2.0NRT,313.68,4.55,D,VIIRS
48.15514,37.36819,341.51,0.39,0.36,2026-08-24,10:32:00,N,nominal,2.0NRT,306.7,4.55,D,VIIRS
48.1544,37.36299,338.3,0.39,0.36,2026-08-24,10:32:00,N,low,2.0NRT,308.64,2.36,D,VIIRS
48.47788,39.79579,333.9,0.43,0.38,2026-08-24,10:32:00,N,low,2.0NRT,306.19,4.51,D,VIIRS
48.47718,39.78994,346.02,0.43,0.38,2026-08-24,10:32:00,N,nominal,2.0NRT,307.54,4.51,D,VIIRS
48.20505,37.69628,335.17,0.39,0.36,2026-08-24,10:32:00,N,nominal,2.0NRT,309.91,5.95,D,VIIRS
48.20432,37.69104,349.83,0.39,0.36,2026-08-24,10:32:00,N,nominal,2.0NRT,309.91,5.95,D,VIIRS
48.20358,37.6858,330.37,0.39,0.36,2026-08-24,10:32:00,N,nominal,2.0NRT,305.18,2.25,D,VIIRS
48.15919,37.37232,340.51,0.39,0.36,2026-08-24,10:32:00,N,nominal,2.0NRT,307.61,4.55,D,VIIRS
47.95499,36.0094,344.74,0.38,0.36,2026-08-24,10:32:00,N,nominal,2.0NRT,311.62,5.73,D,VIIRS
48.48139,39.7949,346.19,0.43,0.38,2026-08-24,10:32:00,N,nominal,2.0NRT,307.3,6.36,D,VIIRS
48.20763,37.68999,338.53,0.39,0.36,2026-08-24,10:32:00,N,low,2.0NRT,310.66,5.11,D,VIIRS
48.2069,37.68475,340.54,0.39,0.36,2026-08-24,10:32:00,N,nominal,2.0NRT,309.23,3.06,D,VIIRS
48.21022,37.6837,338.98,0.39,0.36,2026-08-24,10:32:00,N,low,2.0NRT,311.09,3.06,D,VIIRS
48.07783,36.7452,342.35,0.39,0.36,2026-08-24,10:32:00,N,nominal,2.0NRT,307.72,4.82,D,VIIRS
48.21537,37.6218,333.52,0.39,0.36,2026-08-24,10:32:00,N,low,2.0NRT,305.77,5.64,D,VIIRS
48.21463,37.61656,334.8,0.39,0.36,2026-08-24,10:32:00,N,low,2.0NRT,305.66,3.41,D,VIIRS
48.21795,37.61552,336.98,0.39,0.36,2026-08-24,10:32:00,N,nominal,2.0NRT,306.19,3.24,D,VIIRS
48.22126,37.61447,344.58,0.39,0.36,2026-08-24,10:32:00,N,nominal,2.0NRT,307,3.24,D,VIIRS
48.22532,37.61866,330.57,0.39,0.36,2026-08-24,10:32:00,N,low,2.0NRT,304.3,2.41,D,VIIRS
48.22458,37.61342,333.06,0.39,0.36,2026-08-24,10:32:00,N,nominal,2.0NRT,303.53,1.44,D,VIIRS
47.59248,33.60498,342.4,0.41,0.37,2026-08-24,10:32:00,N,low,2.0NRT,313.67,19.19,D,VIIRS
48.27332,37.8623,334.45,0.4,0.37,2026-08-24,10:32:00,N,low,2.0NRT,307.1,2.82,D,VIIRS
48.27258,37.85704,339.12,0.4,0.37,2026-08-24,10:32:00,N,nominal,2.0NRT,307.58,2.82,D,VIIRS
47.59583,33.60367,340.19,0.41,0.37,2026-08-24,10:32:00,N,low,2.0NRT,311.72,12.52,D,VIIRS
48.24782,37.65541,341.23,0.39,0.36,2026-08-24,10:32:00,N,nominal,2.0NRT,306.06,4.12,D,VIIRS
47.59916,33.60236,341.42,0.41,0.37,2026-08-24,10:32:00,N,nominal,2.0NRT,311.39,12.52,D,VIIRS
48.25114,37.65438,339.3,0.39,0.36,2026-08-24,10:32:00,N,nominal,2.0NRT,305.69,4.6,D,VIIRS
47.6638,33.9458,336.74,0.4,0.37,2026-08-24,10:32:00,N,nominal,2.0NRT,304.28,84.94,D,VIIRS
47.66712,33.94449,367,0.4,0.37,2026-08-24,10:32:00,N,high,2.0NRT,335.78,84.94,D,VIIRS
48.13217,36.78632,338.72,0.39,0.36,2026-08-24,10:32:00,N,nominal,2.0NRT,306.53,1.87,D,VIIRS
47.67044,33.94319,347.77,0.4,0.37,2026-08-24,10:32:00,N,nominal,2.0NRT,310.34,8.76,D,VIIRS
48.13698,36.79549,334.7,0.39,0.36,2026-08-24,10:32:00,N,nominal,2.0NRT,307.38,2.32,D,VIIRS
48.13621,36.79037,333.38,0.39,0.36,2026-08-24,10:32:00,N,low,2.0NRT,306.21,2.32,D,VIIRS
48.24617,37.49717,332.04,0.39,0.36,2026-08-24,10:32:00,N,low,2.0NRT,302.43,2.5,D,VIIRS
48.14955,36.76436,341.65,0.39,0.36,2026-08-24,10:32:00,N,nominal,2.0NRT,309.4,2.93,D,VIIRS
48.22687,37.22939,334.16,0.39,0.36,2026-08-24,10:32:00,N,low,2.0NRT,308.57,21.61,D,VIIRS
48.13902,36.63158,338.08,0.39,0.36,2026-08-24,10:32:00,N,nominal,2.0NRT,305.77,4.61,D,VIIRS
48.29724,37.6769,336.57,0.39,0.36,2026-08-24,10:32:00,N,nominal,2.0NRT,304.56,3.16,D,VIIRS
48.30056,37.67585,332.78,0.39,0.36,2026-08-24,10:32:00,N,low,2.0NRT,303.75,2.7,D,VIIRS
48.29023,37.60205,336.88,0.39,0.36,2026-08-24,10:32:00,N,nominal,2.0NRT,306.86,5.06,D,VIIRS
48.23975,37.24693,338.08,0.39,0.36,2026-08-24,10:32:00,N,low,2.0NRT,311.69,2.81,D,VIIRS
48.30461,37.68004,334.2,0.39,0.36,2026-08-24,10:32:00,N,low,2.0NRT,308.36,2.7,D,VIIRS
48.18805,36.86856,338.47,0.39,0.36,2026-08-24,10:32:00,N,nominal,2.0NRT,304.68,2.53,D,VIIRS
48.0054,35.65722,336.8,0.38,0.36,2026-08-24,10:32:00,N,low,2.0NRT,308.58,3.65,D,VIIRS
48.2698,37.38438,338.58,0.39,0.36,2026-08-24,10:32:00,N,nominal,2.0NRT,305.71,5.4,D,VIIRS
48.18013,36.76864,330.25,0.39,0.36,2026-08-24,10:32:00,N,nominal,2.0NRT,304.34,1.1,D,VIIRS
47.80999,34.45675,351.28,0.39,0.37,2026-08-24,10:32:00,N,nominal,2.0NRT,309.27,5.11,D,VIIRS
47.80909,34.45157,349.02,0.39,0.37,2026-08-24,10:32:00,N,nominal,2.0NRT,308.42,4.26,D,VIIRS
48.29383,37.4804,333.2,0.39,0.36,2026-08-24,10:32:00,N,low,2.0NRT,306.08,3.83,D,VIIRS
48.36021,37.90562,335.69,0.4,0.37,2026-08-24,10:32:00,N,low,2.0NRT,308.82,3.29,D,VIIRS
48.30821,37.50865,337.23,0.39,0.36,2026-08-24,10:32:00,N,nominal,2.0NRT,306.44,3.16,D,VIIRS
48.29294,37.37698,333,0.39,0.36,2026-08-24,10:32:00,N,low,2.0NRT,305.05,5.58,D,VIIRS
48.07663,35.93313,341.2,0.38,0.36,2026-08-24,10:32:00,N,nominal,2.0NRT,307.15,10.98,D,VIIRS
48.2955,37.3707,334.82,0.39,0.36,2026-08-24,10:32:00,N,low,2.0NRT,308.38,5.58,D,VIIRS
48.0799,35.93199,342.94,0.38,0.36,2026-08-24,10:32:00,N,nominal,2.0NRT,311.74,10.98,D,VIIRS
48.0791,35.9269,339.56,0.38,0.36,2026-08-24,10:32:00,N,nominal,2.0NRT,310.24,8.22,D,VIIRS
48.29881,37.36964,338.65,0.39,0.36,2026-08-24,10:32:00,N,nominal,2.0NRT,305.71,4.8,D,VIIRS
48.30136,37.36337,334.18,0.39,0.36,2026-08-24,10:32:00,N,low,2.0NRT,307.99,2.71,D,VIIRS
48.25151,36.97191,336.87,0.39,0.36,2026-08-24,10:32:00,N,nominal,2.0NRT,306.6,2.28,D,VIIRS
48.44471,38.32145,337.08,0.4,0.37,2026-08-24,10:32:00,N,low,2.0NRT,310.9,3.08,D,VIIRS
48.31053,37.35495,337.57,0.39,0.36,2026-08-24,10:32:00,N,low,2.0NRT,309.86,4.1,D,VIIRS
47.85546,34.45614,337.28,0.39,0.37,2026-08-24,10:32:00,N,nominal,2.0NRT,310.02,2.35,D,VIIRS
48.31458,37.35908,334.44,0.39,0.36,2026-08-24,10:32:00,N,low,2.0NRT,307.61,4.1,D,VIIRS
48.31384,37.35389,341.86,0.39,0.36,2026-08-24,10:32:00,N,low,2.0NRT,312.39,4.1,D,VIIRS
48.31309,37.34869,335.87,0.39,0.36,2026-08-24,10:32:00,N,low,2.0NRT,307.9,5.08,D,VIIRS
48.31714,37.35281,336.57,0.39,0.36,2026-08-24,10:32:00,N,nominal,2.0NRT,310.9,2.39,D,VIIRS
48.30393,37.23706,335.28,0.39,0.36,2026-08-24,10:32:00,N,low,2.0NRT,307.72,3.35,D,VIIRS
48.30318,37.23186,345.62,0.39,0.36,2026-08-24,10:32:00,N,nominal,2.0NRT,309.95,6.09,D,VIIRS
48.40316,37.91439,344.61,0.4,0.37,2026-08-24,10:32:00,N,nominal,2.0NRT,305.25,4.51,D,VIIRS
48.30648,37.23079,334.1,0.39,0.36,2026-08-24,10:32:00,N,low,2.0NRT,305.8,2.63,D,VIIRS
48.30573,37.22559,340.62,0.39,0.36,2026-08-24,10:32:00,N,nominal,2.0NRT,308.51,2.63,D,VIIRS
48.41794,37.971,341.02,0.4,0.37,2026-08-24,10:32:00,N,nominal,2.0NRT,310.71,5.82,D,VIIRS
48.37509,37.66333,337.1,0.39,0.36,2026-08-24,10:32:00,N,low,2.0NRT,308.05,2.84,D,VIIRS
48.42202,37.97533,332.11,0.4,0.37,2026-08-24,10:32:00,N,nominal,2.0NRT,302.48,5.82,D,VIIRS
48.42128,37.969970000000004,353.58,0.4,0.37,2026-08-24,10:32:00,N,nominal,2.0NRT,310.62,5.82,D,VIIRS
48.42463,37.96894,331.04,0.4,0.37,2026-08-24,10:32:00,N,nominal,2.0NRT,305.95,1.37,D,VIIRS
48.40987,37.86243,332.93,0.4,0.37,2026-08-24,10:32:00,N,low,2.0NRT,305.77,3.35,D,VIIRS
47.87472,34.40462,341.02,0.4,0.37,2026-08-24,10:32:00,N,nominal,2.0NRT,308.18,4.33,D,VIIRS
48.15347,36.09451,338.76,0.38,0.36,2026-08-24,10:32:00,N,low,2.0NRT,311.25,3.87,D,VIIRS
48.39952,37.73844,341.64,0.39,0.37,2026-08-24,10:32:00,N,nominal,2.0NRT,312.82,4.03,D,VIIRS
48.15753,36.09849,334.76,0.38,0.36,2026-08-24,10:32:00,N,low,2.0NRT,306.92,1.51,D,VIIRS
48.15199,36.06277,335.71,0.38,0.36,2026-08-24,10:32:00,N,low,2.0NRT,306.43,5.26,D,VIIRS
48.45529,38.11595,338.86,0.4,0.37,2026-08-24,10:32:00,N,nominal,2.0NRT,308.99,4.42,D,VIIRS
48.40508,37.75331,347.37,0.39,0.37,2026-08-24,10:32:00,N,nominal,2.0NRT,312.47,7.42,D,VIIRS
48.33107,37.23371,338.97,0.39,0.36,2026-08-24,10:32:00,N,low,2.0NRT,310.28,2.65,D,VIIRS
48.15446,36.05653,350.37,0.38,0.36,2026-08-24,10:32:00,N,nominal,2.0NRT,311.68,5.26,D,VIIRS
48.45498,38.1135,347.31,0.4,0.37,2026-08-24,10:32:00,N,nominal,2.0NRT,308.8,6.79,D,VIIRS
48.40614,37.75594,347.96,0.39,0.37,2026-08-24,10:32:00,N,nominal,2.0NRT,313.82,7.26,D,VIIRS
48.40541,37.75061,335.31,0.39,0.37,2026-08-24,10:32:00,N,low,2.0NRT,310.07,2.77,D,VIIRS
48.47209,38.21487,335.54,0.4,0.37,2026-08-24,10:32:00,N,low,2.0NRT,307.39,4.93,D,VIIRS
48.47136,38.20947,336.39,0.4,0.37,2026-08-24,10:32:00,N,low,2.0NRT,307.78,5.87,D,VIIRS
48.40947,37.75488,339.38,0.39,0.37,2026-08-24,10:32:00,N,nominal,2.0NRT,306.6,7.26,D,VIIRS
48.40873,37.74957,336.24,0.39,0.37,2026-08-24,10:32:00,N,nominal,2.0NRT,309.41,2.77,D,VIIRS
48.3955,37.6543,338.39,0.39,0.36,2026-08-24,10:32:00,N,nominal,2.0NRT,307.7,1.97,D,VIIRS
48.47617,38.21925,350.47,0.4,0.37,2026-08-24,10:32:00,N,nominal,2.0NRT,310.05,6.24,D,VIIRS
48.47399,38.20302,346.63,0.4,0.37,2026-08-24,10:32:00,N,nominal,2.0NRT,312.78,31.93,D,VIIRS
48.46168,38.11148,337.51,0.4,0.37,2026-08-24,10:32:00,N,low,2.0NRT,308.71,3.4,D,VIIRS
48.41059,37.73793,337.77,0.39,0.37,2026-08-24,10:32:00,N,nominal,2.0NRT,309.4,3.23,D,VIIRS
48.39809,37.64798,335.25,0.39,0.36,2026-08-24,10:32:00,N,low,2.0NRT,309.11,3.97,D,VIIRS
48.47472,38.20843,367,0.4,0.37,2026-08-24,10:32:00,N,low,2.0NRT,325.97,31.93,D,VIIRS
48.47953,38.21823,335.56,0.4,0.37,2026-08-24,10:32:00,N,low,2.0NRT,306.25,6.24,D,VIIRS
48.47807,38.20739,341.13,0.4,0.37,2026-08-24,10:32:00,N,low,2.0NRT,315.7,31.93,D,VIIRS
48.47735,38.20198,315.63,0.4,0.37,2026-08-24,10:32:00,N,low,2.0NRT,322.22,31.93,D,VIIRS
48.48216,38.21179,336.48,0.4,0.37,2026-08-24,10:32:00,N,low,2.0NRT,309.01,3.67,D,VIIRS
48.48143,38.20637,345.05,0.4,0.37,2026-08-24,10:32:00,N,nominal,2.0NRT,312.31,27.86,D,VIIRS
48.39809,37.59838,335.81,0.39,0.36,2026-08-24,10:32:00,N,low,2.0NRT,309.9,3.66,D,VIIRS
48.17805,36.08326,367,0.38,0.36,2026-08-24,10:32:00,N,high,2.0NRT,330.25,109.5,D,VIIRS
48.48479,38.20536,342.98,0.4,0.37,2026-08-24,10:32:00,N,nominal,2.0NRT,309.42,27.86,D,VIIRS
48.48406,38.19994,340.09,0.4,0.37,2026-08-24,10:32:00,N,nominal,2.0NRT,308.36,27.86,D,VIIRS
48.48742,38.19892,337.79,0.4,0.37,2026-08-24,10:32:00,N,low,2.0NRT,307.83,3.35,D,VIIRS
48.18211,36.08723,343.99,0.38,0.36,2026-08-24,10:32:00,N,nominal,2.0NRT,316.51,12.52,D,VIIRS
48.18132,36.08213,340.38,0.38,0.36,2026-08-24,10:32:00,N,nominal,2.0NRT,312.21,12.52,D,VIIRS
48.15827,35.93412,352.08,0.38,0.36,2026-08-24,10:32:00,N,nominal,2.0NRT,309.56,5.15,D,VIIRS
48.49078,38.19791,337.02,0.4,0.37,2026-08-24,10:32:00,N,low,2.0NRT,307.61,3.35,D,VIIRS
48.4206,37.68511,345.24,0.39,0.36,2026-08-24,10:32:00,N,nominal,2.0NRT,307.44,2.85,D,VIIRS
48.30241,36.86041,338.21,0.39,0.36,2026-08-24,10:32:00,N,nominal,2.0NRT,306.62,3.02,D,VIIRS
48.30165,36.85524,338.12,0.39,0.36,2026-08-24,10:32:00,N,nominal,2.0NRT,307.49,4.05,D,VIIRS
48.18459,36.081,336.95,0.38,0.36,2026-08-24,10:32:00,N,low,2.0NRT,308.79,12.52,D,VIIRS
48.08617,35.43702,343.55,0.39,0.36,2026-08-24,10:32:00,N,nominal,2.0NRT,311.93,5.5,D,VIIRS
48.54816,38.57769,347.56,0.41,0.37,2026-08-24,10:32:00,N,nominal,2.0NRT,305.44,7.7,D,VIIRS
48.08944,35.43584,344.21,0.39,0.36,2026-08-24,10:32:00,N,nominal,2.0NRT,307.72,5.5,D,VIIRS
48.55155,38.5767,339.53,0.41,0.37,2026-08-24,10:32:00,N,nominal,2.0NRT,304.47,2.85,D,VIIRS
48.39608,37.41231,331.84,0.39,0.36,2026-08-24,10:32:00,N,low,2.0NRT,304.29,1.4,D,VIIRS
48.50683,38.18735,342.49,0.4,0.37,2026-08-24,10:32:00,N,nominal,2.0NRT,306.83,4.17,D,VIIRS
48.01607,34.90372,335.08,0.39,0.36,2026-08-24,10:32:00,N,low,2.0NRT,306.59,26.2,D,VIIRS
48.01935,34.90251,334.87,0.39,0.36,2026-08-24,10:32:00,N,low,2.0NRT,306.39,26.43,D,VIIRS
48.54284,38.35147,336.24,0.4,0.37,2026-08-24,10:32:00,N,nominal,2.0NRT,307.85,2.38,D,VIIRS
48.54138,38.34056,338.74,0.4,0.37,2026-08-24,10:32:00,N,low,2.0NRT,309.37,4.77,D,VIIRS
48.45271,37.69141,339.17,0.39,0.36,2026-08-24,10:32:00,N,nominal,2.0NRT,309.13,4.77,D,VIIRS
48.54475,38.33953,334.47,0.4,0.37,2026-08-24,10:32:00,N,low,2.0NRT,309.04,4.77,D,VIIRS
48.46084,37.69992,334.83,0.39,0.37,2026-08-24,10:32:00,N,nominal,2.0NRT,308.57,3.15,D,VIIRS
48.34869,36.89383,334.77,0.39,0.36,2026-08-24,10:32:00,N,low,2.0NRT,307.41,2.71,D,VIIRS
48.52199,38.09299,335.79,0.4,0.37,2026-08-24,10:32:00,N,low,2.0NRT,305.99,3.66,D,VIIRS
48.44375,37.52887,343.57,0.39,0.36,2026-08-24,10:32:00,N,nominal,2.0NRT,305.39,4.71,D,VIIRS
48.35198,36.89274,334.12,0.39,0.36,2026-08-24,10:32:00,N,low,2.0NRT,308.55,3.93,D,VIIRS
48.44706,37.52782,336.74,0.39,0.36,2026-08-24,10:32:00,N,low,2.0NRT,307.72,4.71,D,VIIRS
48.38635,37.10415,332.42,0.39,0.36,2026-08-24,10:32:00,N,nominal,2.0NRT,305.41,1.91,D,VIIRS
48.44963,37.5215,336.33,0.39,0.36,2026-08-24,10:32:00,N,low,2.0NRT,308.76,3.21,D,VIIRS
48.46032,37.52356,331.89,0.39,0.36,2026-08-24,10:32:00,N,low,2.0NRT,305.72,3.79,D,VIIRS
48.30399,36.43319,345.68,0.38,0.36,2026-08-24,10:32:00,N,nominal,2.0NRT,311.36,6.56,D,VIIRS
48.49822,37.74376,338,0.39,0.37,2026-08-24,10:32:00,N,low,2.0NRT,308.82,5.25,D,VIIRS
48.43928,37.32726,353.53,0.39,0.36,2026-08-24,10:32:00,N,nominal,2.0NRT,313.75,6.76,D,VIIRS
48.50414,37.73635,330.42,0.39,0.37,2026-08-24,10:32:00,N,nominal,2.0NRT,303.91,1.12,D,VIIRS
48.49033,37.61333,335.77,0.39,0.36,2026-08-24,10:32:00,N,low,2.0NRT,306.98,6.35,D,VIIRS
48.41146,37.06332,336.11,0.39,0.36,2026-08-24,10:32:00,N,nominal,2.0NRT,308.6,4.46,D,VIIRS
48.49216,37.60168,334.92,0.39,0.36,2026-08-24,10:32:00,N,nominal,2.0NRT,306.91,2.93,D,VIIRS
48.38814,36.8808,333.72,0.39,0.36,2026-08-24,10:32:00,N,nominal,2.0NRT,306.83,1.47,D,VIIRS
48.53355,37.84105,346.94,0.4,0.37,2026-08-24,10:32:00,N,nominal,2.0NRT,308.2,5.94,D,VIIRS
48.53281,37.83574,332.65,0.4,0.37,2026-08-24,10:32:00,N,low,2.0NRT,307.63,1.64,D,VIIRS
48.53615,37.8347,336.07,0.4,0.37,2026-08-24,10:32:00,N,low,2.0NRT,310.7,1.64,D,VIIRS
47.65114,32.44859,332.06,0.43,0.38,2026-08-24,10:32:00,N,nominal,2.0NRT,304.35,1.65,D,VIIRS
48.59272,38.22676,348.07,0.4,0.37,2026-08-24,10:32:00,N,nominal,2.0NRT,310.75,14.94,D,VIIRS
48.46032,37.26855,335.34,0.39,0.36,2026-08-24,10:32:00,N,nominal,2.0NRT,306.05,3.16,D,VIIRS
48.59608,38.22573,333.69,0.4,0.37,2026-08-24,10:32:00,N,low,2.0NRT,306.21,14.94,D,VIIRS
48.59536,38.22031,367,0.4,0.37,2026-08-24,10:32:00,N,low,2.0NRT,325.44,36.07,D,VIIRS
48.60017,38.23015,352.76,0.4,0.37,2026-08-24,10:32:00,N,nominal,2.0NRT,310.14,4.6,D,VIIRS
48.59944,38.22472,336.38,0.4,0.37,2026-08-24,10:32:00,N,low,2.0NRT,309.82,4.6,D,VIIRS
48.59872,38.21929,347.01,0.4,0.37,2026-08-24,10:32:00,N,nominal,2.0NRT,312.06,5.91,D,VIIRS
48.60353,38.22913,332.61,0.4,0.37,2026-08-24,10:32:00,N,nominal,2.0NRT,305.64,4.6,D,VIIRS
48.60281,38.2237,341.42,0.4,0.37,2026-08-24,10:32:00,N,nominal,2.0NRT,310.5,4.6,D,VIIRS
48.60208,38.21827,338.78,0.4,0.37,2026-08-24,10:32:00,N,low,2.0NRT,310.22,5.91,D,VIIRS
48.60617,38.22266,339.69,0.4,0.37,2026-08-24,10:32:00,N,nominal,2.0NRT,307.71,2.44,D,VIIRS
48.57187,37.96866,333.09,0.4,0.37,2026-08-24,10:32:00,N,low,2.0NRT,304.11,10.14,D,VIIRS
48.53738,37.71771,335.07,0.39,0.37,2026-08-24,10:32:00,N,nominal,2.0NRT,307.35,3.77,D,VIIRS
48.53664,37.71241,333.17,0.39,0.37,2026-08-24,10:32:00,N,nominal,2.0NRT,305.91,1.9,D,VIIRS
48.50369,37.45219,349.81,0.39,0.36,2026-08-24,10:32:00,N,nominal,2.0NRT,310.79,8.64,D,VIIRS
48.47113,37.19939,349.3,0.39,0.36,2026-08-24,10:32:00,N,nominal,2.0NRT,315.9,24.19,D,VIIRS
48.47039,37.19418,347.03,0.39,0.36,2026-08-24,10:32:00,N,nominal,2.0NRT,310.52,5.12,D,VIIRS
48.45684,37.1003,335.77,0.39,0.36,2026-08-24,10:32:00,N,nominal,2.0NRT,304.51,2.22,D,VIIRS
48.37374,36.53646,337.89,0.39,0.36,2026-08-24,10:32:00,N,nominal,2.0NRT,309.13,4.34,D,VIIRS
48.37298,36.53133,345.28,0.39,0.36,2026-08-24,10:32:00,N,nominal,2.0NRT,313.42,5.12,D,VIIRS
48.54516,37.69869,344.67,0.39,0.37,2026-08-24,10:32:00,N,nominal,2.0NRT,306.66,2.91,D,VIIRS
48.37548,36.52507,346.08,0.38,0.36,2026-08-24,10:32:00,N,nominal,2.0NRT,311.22,5.12,D,VIIRS
48.66289,38.51825,330.96,0.41,0.37,2026-08-24,10:32:00,N,low,2.0NRT,301.92,3.72,D,VIIRS
48.55145,37.66901,335.45,0.39,0.37,2026-08-24,10:32:00,N,low,2.0NRT,307.03,3.56,D,VIIRS
48.56216,37.72105,341.64,0.4,0.37,2026-08-24,10:32:00,N,low,2.0NRT,312.39,1.27,D,VIIRS
48.58764,37.77951,346.06,0.4,0.37,2026-08-24,10:32:00,N,nominal,2.0NRT,308.8,6.55,D,VIIRS
48.58691,37.77419,334.24,0.4,0.37,2026-08-24,10:32:00,N,low,2.0NRT,308.35,1.49,D,VIIRS
48.47013,36.95438,341.96,0.39,0.36,2026-08-24,10:32:00,N,nominal,2.0NRT,311.66,19.04,D,VIIRS
48.49311,37.08847,333.18,0.39,0.36,2026-08-24,10:32:00,N,low,2.0NRT,306.1,4.66,D,VIIRS
48.47342,36.95329,349.94,0.39,0.36,2026-08-24,10:32:00,N,nominal,2.0NRT,308.92,19.04,D,VIIRS
48.47266,36.94809,334.62,0.39,0.36,2026-08-24,10:32:00,N,low,2.0NRT,305.1,19.04,D,VIIRS
48.621339999999996,37.79678,332,0.4,0.37,2026-08-24,10:32:00,N,low,2.0NRT,306.62,1.83,D,VIIRS
48.51416,37.04333,333.73,0.39,0.36,2026-08-24,10:32:00,N,nominal,2.0NRT,305.66,1.05,D,VIIRS
48.62393,37.79041,343.85,0.4,0.37,2026-08-24,10:32:00,N,nominal,2.0NRT,311.23,4.23,D,VIIRS
48.62727,37.78938,338.47,0.4,0.37,2026-08-24,10:32:00,N,low,2.0NRT,309.86,4.23,D,VIIRS
48.63556,37.79536,333.35,0.4,0.37,2026-08-24,10:32:00,N,low,2.0NRT,307.33,2.27,D,VIIRS
48.58687,37.44493,335.28,0.39,0.36,2026-08-24,10:32:00,N,low,2.0NRT,307.31,2.45,D,VIIRS
48.65616,37.8951,341.15,0.4,0.37,2026-08-24,10:32:00,N,nominal,2.0NRT,309.95,4.07,D,VIIRS
48.63086,37.6856,337.67,0.39,0.37,2026-08-24,10:32:00,N,nominal,2.0NRT,307.55,4.19,D,VIIRS
48.01233,33.76704,340.71,0.4,0.37,2026-08-24,10:32:00,N,nominal,2.0NRT,312.57,4.96,D,VIIRS
48.42187,36.20375,333.2,0.38,0.36,2026-08-24,10:32:00,N,low,2.0NRT,304.28,2.15,D,VIIRS
48.55808,37.09721,337.47,0.39,0.36,2026-08-24,10:32:00,N,low,2.0NRT,309.14,74.43,D,VIIRS
48.59546,37.30994,332.58,0.39,0.36,2026-08-24,10:32:00,N,nominal,2.0NRT,304.61,2.29,D,VIIRS
48.56543,37.10028,334.85,0.39,0.36,2026-08-24,10:32:00,N,low,2.0NRT,307.85,3.21,D,VIIRS
48.71777,38.118,333.26,0.4,0.37,2026-08-24,10:32:00,N,low,2.0NRT,307.57,3.88,D,VIIRS
48.70019,37.98805,333.95,0.4,0.37,2026-08-24,10:32:00,N,nominal,2.0NRT,306.25,7.63,D,VIIRS
48.69946,37.98267,343.91,0.4,0.37,2026-08-24,10:32:00,N,nominal,2.0NRT,311.17,7.63,D,VIIRS
48.72113,38.11698,339.2,0.4,0.37,2026-08-24,10:32:00,N,nominal,2.0NRT,306.82,4.74,D,VIIRS
48.70281,37.98166,341.41,0.4,0.37,2026-08-24,10:32:00,N,nominal,2.0NRT,306.49,3.04,D,VIIRS
48.79198,38.59838,342.55,0.41,0.37,2026-08-24,10:32:00,N,nominal,2.0NRT,305.9,4.65,D,VIIRS
47.43226,30.5591,335.02,0.5,0.41,2026-08-24,10:32:00,N,nominal,2.0NRT,297.44,3.31,D,VIIRS
48.83426,38.87086,347.84,0.42,0.37,2026-08-24,10:32:00,N,nominal,2.0NRT,308.32,5.82,D,VIIRS
48.7221,38.02087,335.82,0.4,0.37,2026-08-24,10:32:00,N,nominal,2.0NRT,307.32,2.67,D,VIIRS
48.83768,38.86983,332.71,0.42,0.37,2026-08-24,10:32:00,N,nominal,2.0NRT,303.41,5.82,D,VIIRS
48.82372,38.73396,344.78,0.41,0.37,2026-08-24,10:32:00,N,nominal,2.0NRT,313.75,47.17,D,VIIRS
48.82785,38.73855,338.38,0.41,0.37,2026-08-24,10:32:00,N,low,2.0NRT,310.75,47.17,D,VIIRS
48.76294,38.24581,337.26,0.4,0.37,2026-08-24,10:32:00,N,nominal,2.0NRT,309.67,2.87,D,VIIRS
48.82713,38.73294,367,0.41,0.37,2026-08-24,10:32:00,N,low,2.0NRT,338.88,47.17,D,VIIRS
48.8264,38.72733,315.87,0.41,0.37,2026-08-24,10:32:00,N,low,2.0NRT,319.87,40.54,D,VIIRS
48.83054,38.73192,347.23,0.41,0.37,2026-08-24,10:32:00,N,nominal,2.0NRT,310.56,11.13,D,VIIRS
48.71112,37.83872,332.16,0.4,0.37,2026-08-24,10:32:00,N,low,2.0NRT,304.78,3.81,D,VIIRS
48.83394,38.73091,348.4,0.41,0.37,2026-08-24,10:32:00,N,nominal,2.0NRT,313.24,11.13,D,VIIRS
48.7152,37.84308,332.84,0.4,0.37,2026-08-24,10:32:00,N,low,2.0NRT,305.36,5.8,D,VIIRS
48.71445,37.83766,345.43,0.4,0.37,2026-08-24,10:32:00,N,nominal,2.0NRT,310.12,3.81,D,VIIRS
48.83953,38.74674,338.02,0.41,0.37,2026-08-24,10:32:00,N,low,2.0NRT,311.62,4.74,D,VIIRS
48.82717,38.65171,337.66,0.41,0.37,2026-08-24,10:32:00,N,low,2.0NRT,308.98,4.76,D,VIIRS
48.78259,38.31406,356.73,0.4,0.37,2026-08-24,10:32:00,N,nominal,2.0NRT,311.76,26.86,D,VIIRS
48.4869,36.24623,340.98,0.38,0.36,2026-08-24,10:32:00,N,nominal,2.0NRT,307.6,2.09,D,VIIRS
48.11528,33.96986,345.02,0.4,0.37,2026-08-24,10:32:00,N,nominal,2.0NRT,311.45,15.1,D,VIIRS
48.11436,33.96458,345.91,0.4,0.37,2026-08-24,10:32:00,N,nominal,2.0NRT,306.7,5.58,D,VIIRS
48.83057,38.65069,335.57,0.41,0.37,2026-08-24,10:32:00,N,low,2.0NRT,308.04,4.76,D,VIIRS
48.82985,38.64513,344.36,0.41,0.37,2026-08-24,10:32:00,N,nominal,2.0NRT,307.12,4.17,D,VIIRS
48.78596,38.31302,345.65,0.4,0.37,2026-08-24,10:32:00,N,nominal,2.0NRT,311.04,26.86,D,VIIRS
48.78859,38.30643,357.55,0.4,0.37,2026-08-24,10:32:00,N,nominal,2.0NRT,310.98,9.58,D,VIIRS
48.76582,38.13713,337.62,0.4,0.37,2026-08-24,10:32:00,N,nominal,2.0NRT,309.2,2.07,D,VIIRS
48.75849,38.08302,344.48,0.4,0.37,2026-08-24,10:32:00,N,nominal,2.0NRT,310.31,6.74,D,VIIRS
48.79196,38.30538,340.37,0.4,0.37,2026-08-24,10:32:00,N,nominal,2.0NRT,309.76,9.58,D,VIIRS
48.76111,38.07658,351.62,0.4,0.37,2026-08-24,10:32:00,N,nominal,2.0NRT,310.4,6.74,D,VIIRS
48.72039,37.77987,337.75,0.4,0.37,2026-08-24,10:32:00,N,low,2.0NRT,309.74,2.85,D,VIIRS
48.79533,38.30434,339.66,0.4,0.37,2026-08-24,10:32:00,N,nominal,2.0NRT,307.07,3.9,D,VIIRS
48.7652,38.08093,339.2,0.4,0.37,2026-08-24,10:32:00,N,low,2.0NRT,312.07,2.88,D,VIIRS
48.76447,38.07554,335.78,0.4,0.37,2026-08-24,10:32:00,N,low,2.0NRT,310.33,2.88,D,VIIRS
48.76561,38.05827,348.18,0.4,0.37,2026-08-24,10:32:00,N,nominal,2.0NRT,308.31,28.97,D,VIIRS
48.43901,35.82463,347.6,0.38,0.36,2026-08-24,10:32:00,N,nominal,2.0NRT,309.4,6.95,D,VIIRS
48.82986,38.43602,336.84,0.41,0.37,2026-08-24,10:32:00,N,nominal,2.0NRT,305.54,4.56,D,VIIRS
48.74329,37.73793,348.74,0.4,0.37,2026-08-24,10:32:00,N,nominal,2.0NRT,311.58,8.08,D,VIIRS
48.74149,37.64929,367,0.4,0.37,2026-08-24,10:32:00,N,high,2.0NRT,336.69,152.69,D,VIIRS
48.78928,37.99872,337.43,0.4,0.37,2026-08-24,10:32:00,N,low,2.0NRT,309.38,2.98,D,VIIRS
48.74223,37.65464,367,0.4,0.37,2026-08-24,10:32:00,N,low,2.0NRT,335.33,152.69,D,VIIRS
48.74482,37.64825,367,0.4,0.37,2026-08-24,10:32:00,N,high,2.0NRT,336.24,67.11,D,VIIRS
48.79337,38.00312,345.79,0.4,0.37,2026-08-24,10:32:00,N,nominal,2.0NRT,307.33,6.43,D,VIIRS
48.79264,37.99771,342.65,0.4,0.37,2026-08-24,10:32:00,N,nominal,2.0NRT,310.01,4.38,D,VIIRS
48.74556,37.6536,344.88,0.4,0.37,2026-08-24,10:32:00,N,nominal,2.0NRT,312.65,67.11,D,VIIRS
48.796,37.99671,346.67,0.4,0.37,2026-08-24,10:32:00,N,nominal,2.0NRT,309.44,4.38,D,VIIRS
48.74815,37.64721,335.6,0.4,0.37,2026-08-24,10:32:00,N,nominal,2.0NRT,310.01,67.11,D,VIIRS
48.77144,37.74023,341.09,0.4,0.37,2026-08-24,10:32:00,N,nominal,2.0NRT,310.34,4.63,D,VIIRS
48.48651,35.60571,338.75,0.38,0.36,2026-08-24,10:32:00,N,nominal,2.0NRT,306.58,2.67,D,VIIRS
48.83809,37.972410000000004,334.87,0.4,0.37,2026-08-24,10:32:00,N,low,2.0NRT,306.53,2.08,D,VIIRS
48.83661,37.96154,348.45,0.4,0.37,2026-08-24,10:32:00,N,nominal,2.0NRT,311.3,11.02,D,VIIRS
48.50032,35.67131,335.35,0.38,0.36,2026-08-24,10:32:00,N,nominal,2.0NRT,308.11,3.24,D,VIIRS
48.49951,35.66618,334.98,0.38,0.36,2026-08-24,10:32:00,N,nominal,2.0NRT,307.67,3.24,D,VIIRS
48.48816,35.59427,335.96,0.38,0.36,2026-08-24,10:32:00,N,nominal,2.0NRT,306.4,1.73,D,VIIRS
48.83996,37.9605,338.65,0.4,0.37,2026-08-24,10:32:00,N,nominal,2.0NRT,308.67,11.02,D,VIIRS
48.50359,35.67015,339.78,0.38,0.36,2026-08-24,10:32:00,N,low,2.0NRT,310.19,3.24,D,VIIRS
48.50277,35.66501,336.1,0.38,0.36,2026-08-24,10:32:00,N,low,2.0NRT,311.04,3.24,D,VIIRS
48.81849,37.75344,342.02,0.4,0.37,2026-08-24,10:32:00,N,nominal,2.0NRT,306.96,4.93,D,VIIRS
48.80437,37.6517,337.25,0.4,0.37,2026-08-24,10:32:00,N,nominal,2.0NRT,302.72,2.94,D,VIIRS
48.84704,37.93569,340,0.4,0.37,2026-08-24,10:32:00,N,nominal,2.0NRT,310.94,3.69,D,VIIRS
48.54889,35.84928,336.53,0.38,0.36,2026-08-24,10:32:00,N,nominal,2.0NRT,306.97,3.91,D,VIIRS
48.8251,37.65075,330.28,0.4,0.37,2026-08-24,10:32:00,N,nominal,2.0NRT,304.28,1.9,D,VIIRS
48.82529,37.648,337.48,0.4,0.37,2026-08-24,10:32:00,N,nominal,2.0NRT,305.89,4.14,D,VIIRS
48.84933,37.69639,342.32,0.4,0.37,2026-08-24,10:32:00,N,nominal,2.0NRT,311.98,6.95,D,VIIRS
47.68999,30.93464,353.05,0.48,0.4,2026-08-24,10:32:00,N,nominal,2.0NRT,307.32,9.65,D,VIIRS
47.69227,30.92681,340.93,0.48,0.4,2026-08-24,10:32:00,N,nominal,2.0NRT,308.57,5.22,D,VIIRS
47.69584,30.92519,342.58,0.48,0.4,2026-08-24,10:32:00,N,nominal,2.0NRT,306.84,5.22,D,VIIRS
47.70195,30.93589,348.26,0.48,0.4,2026-08-24,10:32:00,N,nominal,2.0NRT,307.13,6.33,D,VIIRS
48.8586,37.63752,355.39,0.4,0.37,2026-08-24,10:32:00,N,nominal,2.0NRT,311.66,11.26,D,VIIRS
48.94644,38.26059,341,0.41,0.37,2026-08-24,10:32:00,N,low,2.0NRT,311.08,8.2,D,VIIRS
49.00627,38.66471,341.12,0.41,0.37,2026-08-24,10:32:00,N,low,2.0NRT,313.15,83.78,D,VIIRS
49.00554,38.65905,349.69,0.41,0.37,2026-08-24,10:32:00,N,nominal,2.0NRT,313.94,28.71,D,VIIRS
49.00481,38.65341,335.03,0.41,0.37,2026-08-24,10:32:00,N,low,2.0NRT,308.26,28.71,D,VIIRS
49.0075,38.64679,339.49,0.41,0.37,2026-08-24,10:32:00,N,low,2.0NRT,311.71,5.27,D,VIIRS
48.96238,38.30151,346.48,0.41,0.37,2026-08-24,10:32:00,N,nominal,2.0NRT,310.77,6.63,D,VIIRS
48.91257,37.92971,336,0.4,0.37,2026-08-24,10:32:00,N,nominal,2.0NRT,307.94,2.6,D,VIIRS
48.96576,38.30045,345.06,0.41,0.37,2026-08-24,10:32:00,N,nominal,2.0NRT,305.19,6.63,D,VIIRS
48.90451,37.81939,334.45,0.4,0.37,2026-08-24,10:32:00,N,nominal,2.0NRT,303.79,6.73,D,VIIRS
48.96082,38.21044,352.53,0.4,0.37,2026-08-24,10:32:00,N,nominal,2.0NRT,321.09,53.2,D,VIIRS
48.91893,37.89944,335.83,0.4,0.37,2026-08-24,10:32:00,N,low,2.0NRT,309.42,10.3,D,VIIRS
48.9108,37.83994,335.29,0.4,0.37,2026-08-24,10:32:00,N,low,2.0NRT,307.25,2.22,D,VIIRS
48.8923,37.70521,333.89,0.4,0.37,2026-08-24,10:32:00,N,low,2.0NRT,306.23,4.3,D,VIIRS
48.91858,37.87132,338.52,0.4,0.37,2026-08-24,10:32:00,N,nominal,2.0NRT,307.46,1.89,D,VIIRS
48.91415,37.83887,335.31,0.4,0.37,2026-08-24,10:32:00,N,low,2.0NRT,305.75,4.49,D,VIIRS
48.92192,37.87026,336.65,0.4,0.37,2026-08-24,10:32:00,N,nominal,2.0NRT,308.63,1.89,D,VIIRS
49.0766,39.02153,338.08,0.42,0.38,2026-08-24,10:32:00,N,low,2.0NRT,310.32,5.05,D,VIIRS
48.90935,37.7279,345.59,0.4,0.37,2026-08-24,10:32:00,N,nominal,2.0NRT,303.41,5.01,D,VIIRS
48.90786,37.71711,340.37,0.4,0.37,2026-08-24,10:32:00,N,nominal,2.0NRT,306.99,7.69,D,VIIRS
48.96968,38.09352,350.61,0.4,0.37,2026-08-24,10:32:00,N,nominal,2.0NRT,313.13,6.8,D,VIIRS
48.93494,37.83791,344.74,0.4,0.37,2026-08-24,10:32:00,N,nominal,2.0NRT,311.27,3.93,D,VIIRS
48.94866,37.91272,340.21,0.4,0.37,2026-08-24,10:32:00,N,nominal,2.0NRT,312.06,2.46,D,VIIRS
48.97021,37.96833,338.09,0.4,0.37,2026-08-24,10:32:00,N,low,2.0NRT,308.91,8.98,D,VIIRS
48.9665,37.94109,340.37,0.4,0.37,2026-08-24,10:32:00,N,low,2.0NRT,311.08,2.54,D,VIIRS
48.95499,37.8316,341.63,0.4,0.37,2026-08-24,10:32:00,N,nominal,2.0NRT,308.01,2.49,D,VIIRS
48.99839,38.12455,342.37,0.4,0.37,2026-08-24,10:32:00,N,nominal,2.0NRT,310.82,3.47,D,VIIRS
48.97023,37.91724,333.82,0.4,0.37,2026-08-24,10:32:00,N,low,2.0NRT,308.3,0.8,D,VIIRS
48.97112,37.92031,335.5,0.4,0.37,2026-08-24,10:32:00,N,low,2.0NRT,309.53,2.16,D,VIIRS
48.98483,37.94444,343.87,0.4,0.37,2026-08-24,10:32:00,N,nominal,2.0NRT,307.46,3.95,D,VIIRS
48.83958,36.90442,337.41,0.39,0.36,2026-08-24,10:32:00,N,nominal,2.0NRT,307.4,3.33,D,VIIRS
48.98819,37.94341,342.19,0.4,0.37,2026-08-24,10:32:00,N,nominal,2.0NRT,306.77,3.7,D,VIIRS
48.95066,37.66749,346.69,0.4,0.37,2026-08-24,10:32:00,N,nominal,2.0NRT,305.47,6.68,D,VIIRS
49.00587,38.02301,338.29,0.4,0.37,2026-08-24,10:32:00,N,nominal,2.0NRT,312.66,6.55,D,VIIRS
48.95215,37.6277,334.8,0.4,0.37,2026-08-24,10:32:00,N,nominal,2.0NRT,305.54,8.32,D,VIIRS
48.85098,36.91164,347.76,0.39,0.36,2026-08-24,10:32:00,N,nominal,2.0NRT,313.65,26.93,D,VIIRS
48.98353,37.83155,335.77,0.4,0.37,2026-08-24,10:32:00,N,nominal,2.0NRT,306.94,2.33,D,VIIRS
48.96288,37.68042,345.24,0.4,0.37,2026-08-24,10:32:00,N,nominal,2.0NRT,309.25,6.07,D,VIIRS
48.95547,37.62663,334.62,0.4,0.37,2026-08-24,10:32:00,N,nominal,2.0NRT,302.05,8.32,D,VIIRS
48.85428,36.91054,353.74,0.39,0.36,2026-08-24,10:32:00,N,nominal,2.0NRT,317.29,26.93,D,VIIRS
49.02503,38.11401,333.14,0.4,0.37,2026-08-24,10:32:00,N,low,2.0NRT,303.99,4.54,D,VIIRS
49.0243,38.10851,333.75,0.4,0.37,2026-08-24,10:32:00,N,low,2.0NRT,307.38,4.54,D,VIIRS
48.85833,36.91468,339.86,0.39,0.36,2026-08-24,10:32:00,N,nominal,2.0NRT,309,4.2,D,VIIRS
48.85757,36.90943,345.14,0.39,0.36,2026-08-24,10:32:00,N,nominal,2.0NRT,314.82,4.2,D,VIIRS
49.02766,38.10748,352.51,0.4,0.37,2026-08-24,10:32:00,N,nominal,2.0NRT,309.64,4.54,D,VIIRS
48.98579,37.79699,337.81,0.4,0.37,2026-08-24,10:32:00,N,nominal,2.0NRT,306.41,2.87,D,VIIRS
48.86086,36.90832,335.28,0.39,0.36,2026-08-24,10:32:00,N,nominal,2.0NRT,309.66,4.2,D,VIIRS
49.0303,38.10095,353.32,0.4,0.37,2026-08-24,10:32:00,N,nominal,2.0NRT,308.82,5.03,D,VIIRS
49.01574,37.94051,336.22,0.4,0.37,2026-08-24,10:32:00,N,nominal,2.0NRT,305.29,2.91,D,VIIRS
49.0191,37.93945,331.87,0.4,0.37,2026-08-24,10:32:00,N,nominal,2.0NRT,304.7,2.91,D,VIIRS
49.01836,37.934,340.73,0.4,0.37,2026-08-24,10:32:00,N,nominal,2.0NRT,306.49,3.34,D,VIIRS
48.51963,34.63182,333.94,0.39,0.36,2026-08-24,10:32:00,N,nominal,2.0NRT,306.8,2.44,D,VIIRS
49.05371,38.14508,338.51,0.4,0.37,2026-08-24,10:32:00,N,nominal,2.0NRT,307.91,6.8,D,VIIRS
48.8867,36.9437,344.89,0.39,0.36,2026-08-24,10:32:00,N,nominal,2.0NRT,308.77,5.12,D,VIIRS
49.01288,37.81664,333.95,0.4,0.37,2026-08-24,10:32:00,N,low,2.0NRT,305.88,1.87,D,VIIRS
49.09359,38.33989,333.98,0.41,0.37,2026-08-24,10:32:00,N,nominal,2.0NRT,304.47,2.74,D,VIIRS
48.39984,33.72724,334.04,0.4,0.37,2026-08-24,10:32:00,N,low,2.0NRT,305.7,3.08,D,VIIRS
48.39891,33.72194,333.68,0.4,0.37,2026-08-24,10:32:00,N,low,2.0NRT,307.8,3.08,D,VIIRS
49.07966,38.05127,355.22,0.4,0.37,2026-08-24,10:32:00,N,nominal,2.0NRT,312.79,15.86,D,VIIRS
48.95094,36.9471,333.98,0.39,0.36,2026-08-24,10:32:00,N,low,2.0NRT,307.85,0.99,D,VIIRS
48.59753,34.67135,336.42,0.39,0.36,2026-08-24,10:32:00,N,nominal,2.0NRT,302.69,3.94,D,VIIRS
48.59579,34.66096,350.08,0.39,0.36,2026-08-24,10:32:00,N,nominal,2.0NRT,300.31,2.83,D,VIIRS
48.59493,34.65577,347.29,0.39,0.36,2026-08-24,10:32:00,N,nominal,2.0NRT,301.08,2.83,D,VIIRS
49.09717,37.97499,352.6,0.4,0.37,2026-08-24,10:32:00,N,nominal,2.0NRT,310.33,7.95,D,VIIRS
49.08322,37.87123,331.43,0.4,0.37,2026-08-24,10:32:00,N,low,2.0NRT,305.35,1.02,D,VIIRS
48.59994,34.66491,348.91,0.39,0.36,2026-08-24,10:32:00,N,nominal,2.0NRT,299.6,3.94,D,VIIRS
48.59907,34.65972,339.15,0.39,0.36,2026-08-24,10:32:00,N,nominal,2.0NRT,301.44,2.83,D,VIIRS
48.5982,34.65453,336.45,0.39,0.36,2026-08-24,10:32:00,N,nominal,2.0NRT,300.52,2.83,D,VIIRS
48.60321,34.66368,355.32,0.39,0.36,2026-08-24,10:32:00,N,nominal,2.0NRT,301.35,6.14,D,VIIRS
48.60234,34.65848,339.68,0.39,0.36,2026-08-24,10:32:00,N,nominal,2.0NRT,301.29,3.15,D,VIIRS
48.60148,34.65329,336.74,0.39,0.36,2026-08-24,10:32:00,N,nominal,2.0NRT,303.4,3.15,D,VIIRS
49.02839,37.37092,330.5,0.39,0.36,2026-08-24,10:32:00,N,nominal,2.0NRT,303.58,2.55,D,VIIRS
49.11698,37.94027,335.83,0.4,0.37,2026-08-24,10:32:00,N,low,2.0NRT,309.31,3.78,D,VIIRS
49.11959,37.93374,338.49,0.4,0.37,2026-08-24,10:32:00,N,nominal,2.0NRT,307.99,3.78,D,VIIRS
49.17759,38.2369,336.13,0.41,0.37,2026-08-24,10:32:00,N,low,2.0NRT,309.74,22.68,D,VIIRS
49.15488,38.01397,334.84,0.4,0.37,2026-08-24,10:32:00,N,nominal,2.0NRT,306.48,1.51,D,VIIRS
49.10704,37.58666,340.48,0.4,0.37,2026-08-24,10:32:00,N,nominal,2.0NRT,308.45,4.13,D,VIIRS
49.16914,37.96392,339.43,0.4,0.37,2026-08-24,10:32:00,N,nominal,2.0NRT,307.69,2.95,D,VIIRS
49.16393,37.92542,333.18,0.4,0.37,2026-08-24,10:32:00,N,nominal,2.0NRT,305.18,3.29,D,VIIRS
49.16318,37.91995,342.33,0.4,0.37,2026-08-24,10:32:00,N,nominal,2.0NRT,308.39,3.29,D,VIIRS
49.16096,37.90363,353.71,0.4,0.37,2026-08-24,10:32:00,N,nominal,2.0NRT,312.11,4.88,D,VIIRS
49.16023,37.89817,334.02,0.4,0.37,2026-08-24,10:32:00,N,low,2.0NRT,308.26,4.88,D,VIIRS
49.13198,37.69154,331.18,0.4,0.37,2026-08-24,10:32:00,N,low,2.0NRT,305.14,1.76,D,VIIRS
49.16952,37.94093,331.03,0.4,0.37,2026-08-24,10:32:00,N,low,2.0NRT,302.93,2.03,D,VIIRS
49.1647,37.87966,333.96,0.4,0.37,2026-08-24,10:32:00,N,nominal,2.0NRT,305.44,1.52,D,VIIRS
49.17175,37.90584,334.92,0.4,0.37,2026-08-24,10:32:00,N,low,2.0NRT,306.28,2.35,D,VIIRS
49.17511,37.9048,334.75,0.4,0.37,2026-08-24,10:32:00,N,nominal,2.0NRT,306.03,4.82,D,VIIRS
49.17436,37.89934,333.28,0.4,0.37,2026-08-24,10:32:00,N,low,2.0NRT,304.94,3.14,D,VIIRS
49.12588,37.54689,341.47,0.4,0.37,2026-08-24,10:32:00,N,nominal,2.0NRT,307.28,4.24,D,VIIRS
49.1292,37.54581,335.7,0.4,0.37,2026-08-24,10:32:00,N,low,2.0NRT,307.84,4.24,D,VIIRS
49.12846,37.54045,349.15,0.4,0.37,2026-08-24,10:32:00,N,nominal,2.0NRT,312.96,7.32,D,VIIRS
49.09867,37.3035,331.9,0.39,0.36,2026-08-24,10:32:00,N,nominal,2.0NRT,301.44,2.51,D,VIIRS
49.09792,37.29817,332.55,0.39,0.36,2026-08-24,10:32:00,N,nominal,2.0NRT,302.27,2.51,D,VIIRS
49.18518,37.90173,334.92,0.4,0.37,2026-08-24,10:32:00,N,nominal,2.0NRT,307.44,0.97,D,VIIRS
49.18518,37.89944,336.54,0.4,0.37,2026-08-24,10:32:00,N,nominal,2.0NRT,308.81,3.16,D,VIIRS
49.18117,37.84358,332.98,0.4,0.37,2026-08-24,10:32:00,N,low,2.0NRT,303.46,3.03,D,VIIRS
49.23157,38.14293,334.38,0.4,0.37,2026-08-24,10:32:00,N,nominal,2.0NRT,306.95,5.16,D,VIIRS
49.19786,37.88976,334.13,0.4,0.37,2026-08-24,10:32:00,N,low,2.0NRT,306.7,3.18,D,VIIRS
49.23494,38.14186,340.82,0.4,0.37,2026-08-24,10:32:00,N,nominal,2.0NRT,304.53,5.16,D,VIIRS
49.20047,37.88319,337.38,0.4,0.37,2026-08-24,10:32:00,N,nominal,2.0NRT,307.1,2.53,D,VIIRS
49.19906,37.82092,347.27,0.4,0.37,2026-08-24,10:32:00,N,nominal,2.0NRT,305.23,6.78,D,VIIRS
49.19832,37.81546,330.12,0.4,0.37,2026-08-24,10:32:00,N,low,2.0NRT,304.01,2.15,D,VIIRS
49.22305,37.97329,342.84,0.4,0.37,2026-08-24,10:32:00,N,nominal,2.0NRT,310.32,22.83,D,VIIRS
49.21937,37.94583,336.36,0.4,0.37,2026-08-24,10:32:00,N,nominal,2.0NRT,308.37,2.88,D,VIIRS
49.20241,37.81989,336.3,0.4,0.37,2026-08-24,10:32:00,N,nominal,2.0NRT,304.11,2.19,D,VIIRS
49.20093,37.80898,333.06,0.4,0.37,2026-08-24,10:32:00,N,nominal,2.0NRT,304.82,1.91,D,VIIRS
49.2264,37.97224,350.83,0.4,0.37,2026-08-24,10:32:00,N,nominal,2.0NRT,307.3,22.83,D,VIIRS
49.22272,37.94475,340.41,0.4,0.37,2026-08-24,10:32:00,N,nominal,2.0NRT,308.17,2.88,D,VIIRS
49.20429,37.80794,333.31,0.4,0.37,2026-08-24,10:32:00,N,nominal,2.0NRT,302.75,1.91,D,VIIRS
49.22943,37.94258,340.34,0.4,0.37,2026-08-24,10:32:00,N,nominal,2.0NRT,309.63,4.79,D,VIIRS
49.24206,37.9846,348.47,0.4,0.37,2026-08-24,10:32:00,N,nominal,2.0NRT,311.08,13.38,D,VIIRS
49.24132,37.97903,331.91,0.4,0.37,2026-08-24,10:32:00,N,low,2.0NRT,305.39,13.38,D,VIIRS
48.56063,33.58984,346.87,0.4,0.37,2026-08-24,10:32:00,N,nominal,2.0NRT,307.49,10.09,D,VIIRS
48.55968,33.5845,356.01,0.4,0.37,2026-08-24,10:32:00,N,nominal,2.0NRT,310.25,10.09,D,VIIRS
49.2469,37.9946,338.6,0.4,0.37,2026-08-24,10:32:00,N,nominal,2.0NRT,303.55,11.81,D,VIIRS
49.24616,37.98907,355.11,0.4,0.37,2026-08-24,10:32:00,N,nominal,2.0NRT,309.48,11.81,D,VIIRS
49.24542,37.98351,344.61,0.4,0.37,2026-08-24,10:32:00,N,nominal,2.0NRT,309.7,12.18,D,VIIRS
49.24467,37.97793,333.27,0.4,0.37,2026-08-24,10:32:00,N,low,2.0NRT,306.46,12.18,D,VIIRS
49.25027,37.99354,350.72,0.4,0.37,2026-08-24,10:32:00,N,nominal,2.0NRT,306.41,11.81,D,VIIRS
49.24952,37.98801,340.84,0.4,0.37,2026-08-24,10:32:00,N,nominal,2.0NRT,308.96,11.81,D,VIIRS
49.25288,37.98694,338.01,0.4,0.37,2026-08-24,10:32:00,N,low,2.0NRT,308.29,5.26,D,VIIRS
49.27244,38.10708,356.46,0.4,0.37,2026-08-24,10:32:00,N,nominal,2.0NRT,314.13,30.03,D,VIIRS
49.2444,37.89789,332.41,0.4,0.37,2026-08-24,10:32:00,N,nominal,2.0NRT,307.33,1.74,D,VIIRS
49.23772,37.84855,332.51,0.4,0.37,2026-08-24,10:32:00,N,low,2.0NRT,305.23,1.85,D,VIIRS
49.26108,37.99582,344.65,0.4,0.37,2026-08-24,10:32:00,N,nominal,2.0NRT,311.64,9.33,D,VIIRS
49.24107,37.8475,337.04,0.4,0.37,2026-08-24,10:32:00,N,nominal,2.0NRT,306.16,2.97,D,VIIRS
49.26443,37.99475,348.12,0.4,0.37,2026-08-24,10:32:00,N,nominal,2.0NRT,309.92,9.33,D,VIIRS
49.2678,37.99369,345.61,0.4,0.37,2026-08-24,10:32:00,N,nominal,2.0NRT,308.36,4.37,D,VIIRS
49.27115,37.99261,337.24,0.4,0.37,2026-08-24,10:32:00,N,nominal,2.0NRT,303.59,4.37,D,VIIRS
49.2971,38.13412,343.77,0.41,0.37,2026-08-24,10:32:00,N,nominal,2.0NRT,308.11,4.33,D,VIIRS
49.29636,38.12856,335.11,0.41,0.37,2026-08-24,10:32:00,N,low,2.0NRT,307.05,2.53,D,VIIRS
49.30502,37.93446,339.55,0.4,0.37,2026-08-24,10:32:00,N,low,2.0NRT,310.38,6.99,D,VIIRS
49.3088,37.9103,339.71,0.4,0.37,2026-08-24,10:32:00,N,low,2.0NRT,310.33,4.72,D,VIIRS
49.30806,37.90482,334.96,0.4,0.37,2026-08-24,10:32:00,N,low,2.0NRT,308.25,4.72,D,VIIRS
49.31215,37.90922,337.27,0.4,0.37,2026-08-24,10:32:00,N,nominal,2.0NRT,303.21,4.72,D,VIIRS
48.77523,34.33837,332.8,0.39,0.36,2026-08-24,10:32:00,N,nominal,2.0NRT,301.55,3.17,D,VIIRS
48.703360000000004,33.87809,337.78,0.4,0.37,2026-08-24,10:32:00,N,nominal,2.0NRT,308.83,3.14,D,VIIRS
49.35103,38.06964,339.96,0.4,0.37,2026-08-24,10:32:00,N,nominal,2.0NRT,305.84,3.52,D,VIIRS
49.32494,37.59201,333.63,0.4,0.37,2026-08-24,10:32:00,N,nominal,2.0NRT,302.03,6.17,D,VIIRS
49.32419,37.58657,332.62,0.4,0.37,2026-08-24,10:32:00,N,nominal,2.0NRT,303.29,4.16,D,VIIRS
49.35659,37.798,331.19,0.4,0.37,2026-08-24,10:32:00,N,low,2.0NRT,305.35,6.16,D,VIIRS
49.32752,37.58549,333.17,0.4,0.37,2026-08-24,10:32:00,N,nominal,2.0NRT,302.15,2.89,D,VIIRS
49.35994,37.79694,346.5,0.4,0.37,2026-08-24,10:32:00,N,nominal,2.0NRT,311.12,6.16,D,VIIRS
49.34353,37.62578,345.83,0.4,0.37,2026-08-24,10:32:00,N,nominal,2.0NRT,307.33,10.12,D,VIIRS
49.34687,37.62471,335.06,0.4,0.37,2026-08-24,10:32:00,N,nominal,2.0NRT,303.38,2.33,D,VIIRS
49.37558,37.7578,347.69,0.4,0.37,2026-08-24,10:32:00,N,nominal,2.0NRT,308.4,9.97,D,VIIRS
48.49363,32.23725,333.9,0.43,0.38,2026-08-24,10:32:00,N,nominal,2.0NRT,303.11,1.25,D,VIIRS
49.41875,37.86784,344.46,0.4,0.37,2026-08-24,10:32:00,N,nominal,2.0NRT,308.37,4.92,D,VIIRS
48.26987,31.02513,332.13,0.47,0.4,2026-08-24,10:32:00,N,nominal,2.0NRT,305.74,1.71,D,VIIRS
49.43686,37.97733,335.16,0.4,0.37,2026-08-24,10:32:00,N,nominal,2.0NRT,309.61,1.65,D,VIIRS
49.422110000000004,37.86678,337.26,0.4,0.37,2026-08-24,10:32:00,N,nominal,2.0NRT,302.46,4.92,D,VIIRS
49.42661,37.84818,341.52,0.4,0.37,2026-08-24,10:32:00,N,nominal,2.0NRT,307.58,3.34,D,VIIRS
49.53399,38.12689,336.33,0.41,0.37,2026-08-24,10:32:00,N,nominal,2.0NRT,304.05,3.74,D,VIIRS
49.53736,38.12581,332.3,0.41,0.37,2026-08-24,10:32:00,N,low,2.0NRT,306.45,4.22,D,VIIRS
49.5511,38.13053,338.95,0.41,0.37,2026-08-24,10:32:00,N,nominal,2.0NRT,307.48,4.93,D,VIIRS
49.55448,38.12946,331.2,0.41,0.37,2026-08-24,10:32:00,N,low,2.0NRT,306.06,2.04,D,VIIRS
49.51967,37.78756,331.31,0.4,0.37,2026-08-24,10:32:00,N,nominal,2.0NRT,303.02,1.97,D,VIIRS
49.40044,36.78157,335.45,0.39,0.36,2026-08-24,10:32:00,N,nominal,2.0NRT,304.59,6.25,D,VIIRS
49.39967,36.77625,356.57,0.39,0.36,2026-08-24,10:32:00,N,nominal,2.0NRT,310.53,6.25,D,VIIRS
49.40297,36.77515,367,0.39,0.36,2026-08-24,10:32:00,N,high,2.0NRT,313.09,14.87,D,VIIRS
49.40374,36.78047,341.4,0.39,0.36,2026-08-24,10:32:00,N,nominal,2.0NRT,307.09,14.87,D,VIIRS
49.59802,38.13958,355.96,0.41,0.37,2026-08-24,10:32:00,N,nominal,2.0NRT,307.6,18.52,D,VIIRS
49.65161,38.47005,334.9,0.41,0.37,2026-08-24,10:32:00,N,nominal,2.0NRT,304.5,2.27,D,VIIRS
49.65502,38.46899,345.88,0.41,0.37,2026-08-24,10:32:00,N,nominal,2.0NRT,308.33,4.68,D,VIIRS
49.53414,37.5597,341.24,0.4,0.37,2026-08-24,10:32:00,N,nominal,2.0NRT,303.35,6.84,D,VIIRS
49.65916,38.47365,333.33,0.41,0.37,2026-08-24,10:32:00,N,low,2.0NRT,306.43,4.68,D,VIIRS
49.57669,37.82125,337.92,0.4,0.37,2026-08-24,10:32:00,N,nominal,2.0NRT,305.84,12.68,D,VIIRS
49.56179,37.71112,340.98,0.4,0.37,2026-08-24,10:32:00,N,nominal,2.0NRT,308.89,6.86,D,VIIRS
49.59608,37.8612,335.64,0.4,0.37,2026-08-24,10:32:00,N,nominal,2.0NRT,303.72,4.5,D,VIIRS
49.59943,37.86012,344.75,0.4,0.37,2026-08-24,10:32:00,N,nominal,2.0NRT,303.85,4.5,D,VIIRS
49.59869,37.85455,334.74,0.4,0.37,2026-08-24,10:32:00,N,nominal,2.0NRT,304.41,4.5,D,VIIRS
49.60204,37.85345,341.88,0.4,0.37,2026-08-24,10:32:00,N,nominal,2.0NRT,302.26,6.15,D,VIIRS
49.41779,36.49757,367,0.39,0.36,2026-08-24,10:32:00,N,high,2.0NRT,327.09,46.68,D,VIIRS
49.82557,38.90384,341.78,0.42,0.38,2026-08-24,10:32:00,N,nominal,2.0NRT,304.79,4.31,D,VIIRS
49.75489,38.15887,331.53,0.41,0.37,2026-08-24,10:32:00,N,nominal,2.0NRT,304.74,2.04,D,VIIRS
49.68764,37.65719,341.79,0.4,0.37,2026-08-24,10:32:00,N,nominal,2.0NRT,309.04,3.77,D,VIIRS
49.70904,37.66039,346.52,0.4,0.37,2026-08-24,10:32:00,N,nominal,2.0NRT,310.6,16.66,D,VIIRS
49.71536,37.68138,339.48,0.4,0.37,2026-08-24,10:32:00,N,nominal,2.0NRT,304.48,2.87,D,VIIRS
49.71239,37.65931,342.31,0.4,0.37,2026-08-24,10:32:00,N,nominal,2.0NRT,315.9,16.66,D,VIIRS
49.54572,36.47177,330.17,0.39,0.36,2026-08-24,10:32:00,N,nominal,2.0NRT,298.57,7.06,D,VIIRS
49.73174,37.69923,342.67,0.4,0.37,2026-08-24,10:32:00,N,nominal,2.0NRT,304.9,2.38,D,VIIRS
49.72168,37.59872,330.31,0.4,0.37,2026-08-24,10:32:00,N,low,2.0NRT,302.15,2.05,D,VIIRS
49.74619,37.57346,330.17,0.4,0.37,2026-08-24,10:32:00,N,low,2.0NRT,304.61,2.63,D,VIIRS
49.79994,37.92093,348.11,0.4,0.37,2026-08-24,10:32:00,N,nominal,2.0NRT,305.4,7.56,D,VIIRS
49.78952,37.84277,330.64,0.4,0.37,2026-08-24,10:32:00,N,low,2.0NRT,302.94,2.47,D,VIIRS
49.77087,37.70399,354.05,0.4,0.37,2026-08-24,10:32:00,N,nominal,2.0NRT,315.05,74.94,D,VIIRS
49.80331,37.91986,341.22,0.4,0.37,2026-08-24,10:32:00,N,nominal,2.0NRT,303.87,7.56,D,VIIRS
49.77833,37.70735,336.6,0.4,0.37,2026-08-24,10:32:00,N,low,2.0NRT,310.17,3.7,D,VIIRS
49.77309,37.66863,340.41,0.4,0.37,2026-08-24,10:32:00,N,nominal,2.0NRT,309.54,5.06,D,VIIRS
49.78728,37.72183,337.75,0.4,0.37,2026-08-24,10:32:00,N,low,2.0NRT,309.45,4.12,D,VIIRS
49.79025,37.69201,334.92,0.4,0.37,2026-08-24,10:32:00,N,nominal,2.0NRT,305.71,1.76,D,VIIRS
49.81343,37.75982,337.05,0.4,0.37,2026-08-24,10:32:00,N,nominal,2.0NRT,305.1,3.54,D,VIIRS
49.81268,37.75425,339.72,0.4,0.37,2026-08-24,10:32:00,N,nominal,2.0NRT,302.96,2.84,D,VIIRS
49.82177,37.74339,333.66,0.4,0.37,2026-08-24,10:32:00,N,low,2.0NRT,306.36,2.98,D,VIIRS
49.80024,37.58264,345.9,0.4,0.37,2026-08-24,10:32:00,N,nominal,2.0NRT,306.97,2.92,D,VIIRS
49.78905,37.49985,340.89,0.4,0.37,2026-08-24,10:32:00,N,nominal,2.0NRT,306.69,5.51,D,VIIRS
49.8575,37.85397,332.86,0.4,0.37,2026-08-24,10:32:00,N,nominal,2.0NRT,302.75,2.33,D,VIIRS
49.86161,37.85853,341.95,0.4,0.37,2026-08-24,10:32:00,N,nominal,2.0NRT,304.63,2.33,D,VIIRS
49.85311,37.76822,345.88,0.4,0.37,2026-08-24,10:32:00,N,nominal,2.0NRT,310.97,28.02,D,VIIRS
49.84567,37.71262,353.63,0.4,0.37,2026-08-24,10:32:00,N,nominal,2.0NRT,306.67,5.37,D,VIIRS
49.84493,37.70707,336.98,0.4,0.37,2026-08-24,10:32:00,N,nominal,2.0NRT,303.11,5.37,D,VIIRS
49.86429,37.64288,333.71,0.4,0.37,2026-08-24,10:32:00,N,nominal,2.0NRT,306.32,3.9,D,VIIRS
49.86354,37.63734,333.07,0.4,0.37,2026-08-24,10:32:00,N,nominal,2.0NRT,304.91,2.05,D,VIIRS
49.93338,37.76905,340.35,0.4,0.37,2026-08-24,10:32:00,N,nominal,2.0NRT,307.13,8.26,D,VIIRS
49.94827,37.82858,334.39,0.4,0.37,2026-08-24,10:32:00,N,low,2.0NRT,304.84,3.52,D,VIIRS
49.91778,37.59964,336.7,0.4,0.37,2026-08-24,10:32:00,N,nominal,2.0NRT,304.97,4.58,D,VIIRS
49.95238,37.83312,339.88,0.4,0.37,2026-08-24,10:32:00,N,nominal,2.0NRT,305.79,3.52,D,VIIRS
49.92672,37.56216,347.08,0.4,0.37,2026-08-24,10:32:00,N,nominal,2.0NRT,309.38,14.83,D,VIIRS
49.93007,37.56108,342.07,0.4,0.37,2026-08-24,10:32:00,N,nominal,2.0NRT,308.8,14.83,D,VIIRS
49.9558,37.72682,343.6,0.4,0.37,2026-08-24,10:32:00,N,nominal,2.0NRT,307.48,6.66,D,VIIRS
49.95916,37.72576,352.33,0.4,0.37,2026-08-24,10:32:00,N,nominal,2.0NRT,308.82,6.66,D,VIIRS
49.90781,37.32072,345.94,0.4,0.37,2026-08-24,10:32:00,N,nominal,2.0NRT,300.92,7.47,D,VIIRS
49.90705,37.31522,334.32,0.4,0.37,2026-08-24,10:32:00,N,low,2.0NRT,305.93,5.27,D,VIIRS
49.91038,37.31411,353.7,0.4,0.37,2026-08-24,10:32:00,N,nominal,2.0NRT,303.81,5.27,D,VIIRS
49.9827,37.82347,349.93,0.4,0.37,2026-08-24,10:32:00,N,nominal,2.0NRT,306.48,11.79,D,VIIRS
49.98976,37.85025,344.66,0.4,0.37,2026-08-24,10:32:00,N,nominal,2.0NRT,309.05,19.19,D,VIIRS
49.98902,37.84467,339.33,0.4,0.37,2026-08-24,10:32:00,N,nominal,2.0NRT,304.02,4.6,D,VIIRS
49.93286,37.42728,334.24,0.4,0.37,2026-08-24,10:32:00,N,nominal,2.0NRT,304.75,3.73,D,VIIRS
49.99387,37.85478,345.19,0.41,0.37,2026-08-24,10:32:00,N,nominal,2.0NRT,305.66,17.33,D,VIIRS
49.99313,37.84918,355.41,0.4,0.37,2026-08-24,10:32:00,N,nominal,2.0NRT,312.7,17.33,D,VIIRS
49.99166,37.83808,337.58,0.4,0.37,2026-08-24,10:32:00,N,low,2.0NRT,308,5.34,D,VIIRS
49.98868,37.81567,346.33,0.4,0.37,2026-08-24,10:32:00,N,nominal,2.0NRT,309.05,6.61,D,VIIRS
49.9965,37.84811,351.21,0.4,0.37,2026-08-24,10:32:00,N,nominal,2.0NRT,306.27,17.33,D,VIIRS
49.99576,37.84255,340.25,0.4,0.37,2026-08-24,10:32:00,N,nominal,2.0NRT,306.65,5.34,D,VIIRS
49.99204,37.81457,337.69,0.4,0.37,2026-08-24,10:32:00,N,low,2.0NRT,308.87,6.61,D,VIIRS
49.91991,37.28215,347.6,0.4,0.37,2026-08-24,10:32:00,N,nominal,2.0NRT,309.28,6.61,D,VIIRS
49.92249,37.27557,336.65,0.4,0.37,2026-08-24,10:32:00,N,nominal,2.0NRT,306.65,3.98,D,VIIRS
48.92553,31.29468,346.85,0.45,0.39,2026-08-24,10:32:00,N,nominal,2.0NRT,302.45,5.96,D,VIIRS
50.00214,37.81125,332.42,0.4,0.37,2026-08-24,10:32:00,N,low,2.0NRT,303.57,3.33,D,VIIRS
50.00777,37.82717,347.1,0.4,0.37,2026-08-24,10:32:00,N,nominal,2.0NRT,303.3,68.71,D,VIIRS
50.04894,37.68898,346.79,0.4,0.37,2026-08-24,10:32:00,N,nominal,2.0NRT,309.38,7.11,D,VIIRS
50.0523,37.68788,335.05,0.4,0.37,2026-08-24,10:32:00,N,nominal,2.0NRT,304.51,4.75,D,VIIRS
50.05155,37.68225,330.61,0.4,0.37,2026-08-24,10:32:00,N,low,2.0NRT,303.53,4.75,D,VIIRS
49.04117,31.16209,337.49,0.45,0.39,2026-08-24,10:32:00,N,nominal,2.0NRT,304.21,8.73,D,VIIRS
50.08933,37.31445,332.49,0.4,0.37,2026-08-24,10:32:00,N,low,2.0NRT,302.68,2.5,D,VIIRS
49.25732,32.11501,345.4,0.42,0.38,2026-08-24,10:32:00,N,nominal,2.0NRT,302.39,3.67,D,VIIRS
50.14952,37.57911,330.81,0.4,0.37,2026-08-24,10:32:00,N,low,2.0NRT,305.21,3.46,D,VIIRS
50.16404,37.55686,330.15,0.4,0.37,2026-08-24,10:32:00,N,low,2.0NRT,303.55,2.02,D,VIIRS
50.1751,37.48324,348.26,0.4,0.37,2026-08-24,10:32:00,N,nominal,2.0NRT,308.15,12.47,D,VIIRS
50.19228,37.5068,341.28,0.4,0.37,2026-08-24,10:32:00,N,nominal,2.0NRT,303,3.77,D,VIIRS
50.00816,36.08775,338.13,0.39,0.36,2026-08-24,10:32:00,N,nominal,2.0NRT,298.51,3.49,D,VIIRS
50.219970000000004,37.55614,351.56,0.4,0.37,2026-08-24,10:32:00,N,nominal,2.0NRT,310.78,5.56,D,VIIRS
50.22332,37.55504,344.72,0.4,0.37,2026-08-24,10:32:00,N,nominal,2.0NRT,307.25,5.56,D,VIIRS
50.22318,37.55297,334.58,0.4,0.37,2026-08-24,10:32:00,N,low,2.0NRT,306.12,2.82,D,VIIRS
50.11327,36.53299,348.62,0.39,0.36,2026-08-24,10:32:00,N,nominal,2.0NRT,302.1,4.99,D,VIIRS
50.11657,36.53183,339.88,0.39,0.36,2026-08-24,10:32:00,N,nominal,2.0NRT,301.18,4.4,D,VIIRS
50.1158,36.52644,340.48,0.39,0.36,2026-08-24,10:32:00,N,nominal,2.0NRT,303.73,5.8,D,VIIRS
50.21828,37.13097,330.02,0.4,0.37,2026-08-24,10:32:00,N,low,2.0NRT,304.94,4.4,D,VIIRS
50.23559,37.20605,334.44,0.4,0.37,2026-08-24,10:32:00,N,nominal,2.0NRT,302.66,2.86,D,VIIRS
50.23483,37.20055,334.92,0.4,0.37,2026-08-24,10:32:00,N,nominal,2.0NRT,304.37,2.86,D,VIIRS
50.21812,37.00451,350.77,0.39,0.37,2026-08-24,10:32:00,N,nominal,2.0NRT,308.34,11.5,D,VIIRS
50.22374,37.01983,335.25,0.39,0.37,2026-08-24,10:32:00,N,nominal,2.0NRT,304.24,10.03,D,VIIRS
50.22298,37.01435,352.06,0.39,0.37,2026-08-24,10:32:00,N,nominal,2.0NRT,308.68,13.45,D,VIIRS
50.2263,37.01323,333.23,0.39,0.37,2026-08-24,10:32:00,N,nominal,2.0NRT,300.49,3.04,D,VIIRS
50.27531,37.21603,333.66,0.4,0.37,2026-08-24,10:32:00,N,nominal,2.0NRT,302.55,2.71,D,VIIRS
50.22934,36.88608,330.21,0.39,0.36,2026-08-24,10:32:00,N,nominal,2.0NRT,300.57,2.39,D,VIIRS
50.22856,36.8806,332.74,0.39,0.36,2026-08-24,10:32:00,N,nominal,2.0NRT,302.23,2.39,D,VIIRS
50.26515,37.09231,335.64,0.4,0.37,2026-08-24,10:32:00,N,nominal,2.0NRT,301.6,2.8,D,VIIRS
50.23928,36.88268,338.91,0.39,0.36,2026-08-24,10:32:00,N,nominal,2.0NRT,308.71,25.75,D,VIIRS
50.23979,36.8801,353.56,0.39,0.36,2026-08-24,10:32:00,N,nominal,2.0NRT,312.61,15.8,D,VIIRS
50.2431,36.87897,335.48,0.39,0.36,2026-08-24,10:32:00,N,nominal,2.0NRT,302.39,15.8,D,VIIRS
50.27514,37.03471,335.43,0.4,0.37,2026-08-24,10:32:00,N,nominal,2.0NRT,308.74,19.54,D,VIIRS
50.27438,37.02921,335.72,0.4,0.37,2026-08-24,10:32:00,N,nominal,2.0NRT,306,19.54,D,VIIRS
50.263,36.87222,340.57,0.39,0.36,2026-08-24,10:32:00,N,nominal,2.0NRT,306.42,6.39,D,VIIRS
50.28773,36.87527,332.11,0.39,0.36,2026-08-24,10:32:00,N,nominal,2.0NRT,303.69,1.65,D,VIIRS
50.2785,36.80948,335.32,0.39,0.36,2026-08-24,10:32:00,N,nominal,2.0NRT,303.26,4.26,D,VIIRS
50.28336,36.81929,331.04,0.39,0.36,2026-08-24,10:32:00,N,nominal,2.0NRT,302.22,1.74,D,VIIRS
50.28666,36.81815,330.78,0.39,0.36,2026-08-24,10:32:00,N,nominal,2.0NRT,298.4,2,D,VIIRS
50.23114,36.28532,335.04,0.39,0.36,2026-08-24,10:32:00,N,nominal,2.0NRT,296.35,2.49,D,VIIRS
50.31934,36.85297,338.36,0.39,0.36,2026-08-24,10:34:00,N,nominal,2.0NRT,303.54,3.06,D,VIIRS
52.29697,32.4314,329.93,0.39,0.36,2026-08-24,10:34:00,N,nominal,2.0NRT,292.89,1.3,D,VIIRS
51.21183,27.22787,327.27,0.55,0.43,2026-08-24,10:34:00,N,nominal,2.0NRT,293.63,5.13,D,VIIRS
52.24702,33.67951,331.35,0.38,0.36,2026-08-24,10:34:00,N,nominal,2.0NRT,297.91,3.6,D,VIIRS
52.08241,33.89427,346.05,0.38,0.36,2026-08-24,10:34:00,N,nominal,2.0NRT,299.21,4.33,D,VIIRS
51.41663,31.99518,331.52,0.4,0.37,2026-08-24,10:34:00,N,nominal,2.0NRT,300.28,2.85,D,VIIRS
51.76135,34.36189,350.56,0.38,0.36,2026-08-24,10:34:00,N,nominal,2.0NRT,301.69,7.06,D,VIIRS
51.76221,34.36736,343.15,0.38,0.36,2026-08-24,10:34:00,N,nominal,2.0NRT,298.88,7.06,D,VIIRS
51.01938,30.31437,331.86,0.44,0.39,2026-08-24,10:34:00,N,nominal,2.0NRT,295.47,15.5,D,VIIRS
51.0206,30.32051,353.63,0.44,0.39,2026-08-24,10:34:00,N,nominal,2.0NRT,296.52,15.5,D,VIIRS
51.01717,30.32221,351.98,0.44,0.39,2026-08-24,10:34:00,N,nominal,2.0NRT,313.41,36.28,D,VIIRS
51.01838,30.32833,333.34,0.44,0.39,2026-08-24,10:34:00,N,nominal,2.0NRT,297.03,9.86,D,VIIRS
51.01397,30.34397,337.87,0.44,0.39,2026-08-24,10:34:00,N,nominal,2.0NRT,304.12,64.66,D,VIIRS
51.0164,30.35621,349.26,0.44,0.39,2026-08-24,10:34:00,N,nominal,2.0NRT,292.89,69.58,D,VIIRS
51.01176,30.35179,356.33,0.44,0.39,2026-08-24,10:34:00,N,nominal,2.0NRT,311.49,64.66,D,VIIRS
51.01418,30.36401,348.69,0.44,0.39,2026-08-24,10:34:00,N,nominal,2.0NRT,296.72,69.58,D,VIIRS
51.01398,30.33879,330.67,0.44,0.39,2026-08-24,10:34:00,N,nominal,2.0NRT,297.93,21.59,D,VIIRS
51.01637,30.35105,345.03,0.44,0.39,2026-08-24,10:34:00,N,nominal,2.0NRT,301.62,85.14,D,VIIRS
51.01175,30.34661,337.16,0.44,0.39,2026-08-24,10:34:00,N,nominal,2.0NRT,302.25,21.59,D,VIIRS
50.9003,35.10184,331.35,0.38,0.36,2026-08-24,10:34:00,N,nominal,2.0NRT,294.6,1.87,D,VIIRS
49.10839,28.69287,333.73,0.54,0.42,2026-08-24,10:34:00,N,nominal,2.0NRT,294.19,5.81,D,VIIRS
49.10932,28.69928,332.69,0.54,0.42,2026-08-24,10:34:00,N,nominal,2.0NRT,298.94,9.54,D,VIIRS
50.39941,36.03923,337.73,0.39,0.36,2026-08-24,10:34:00,N,nominal,2.0NRT,300.08,4.75,D,VIIRS
50.36016,36.17236,336.11,0.39,0.36,2026-08-24,10:34:00,N,nominal,2.0NRT,298.1,3.28,D,VIIRS
50.31515,36.08903,331.33,0.39,0.36,2026-08-24,10:34:00,N,nominal,2.0NRT,301.08,3.64,D,VIIRS
50.30452,36.0872,334.52,0.39,0.36,2026-08-24,10:34:00,N,low,2.0NRT,305.81,4.45,D,VIIRS
51.01414,30.35887,347.43,0.44,0.39,2026-08-24,10:34:00,N,nominal,2.0NRT,312.36,85.14,D,VIIRS
51.01072,30.36057,367,0.44,0.39,2026-08-24,10:34:00,N,low,2.0NRT,331.3,71.61,D,VIIRS
51.01429,30.37893,342.54,0.44,0.39,2026-08-24,10:34:00,N,nominal,2.0NRT,292.93,212.41,D,VIIRS
51.01191,30.36669,367,0.44,0.39,2026-08-24,10:34:00,N,high,2.0NRT,336.95,113.14,D,VIIRS
51.0131,30.37281,367,0.44,0.39,2026-08-24,10:34:00,N,high,2.0NRT,341.67,113.14,D,VIIRS
51.01087,30.38062,367,0.44,0.39,2026-08-24,10:34:00,N,low,2.0NRT,362.76,212.41,D,VIIRS
51.00848,30.36839,355.61,0.44,0.39,2026-08-24,10:34:00,N,nominal,2.0NRT,316.18,113.14,D,VIIRS
51.00968,30.37451,367,0.44,0.39,2026-08-24,10:34:00,N,high,2.0NRT,352.14,113.14,D,VIIRS
51.00506,30.37008,331.38,0.44,0.39,2026-08-24,10:34:00,N,nominal,2.0NRT,299.3,10.65,D,VIIRS
51.00626,30.3762,352.67,0.44,0.39,2026-08-24,10:34:00,N,nominal,2.0NRT,313.7,10.65,D,VIIRS
51.00864,30.38843,343.27,0.44,0.39,2026-08-24,10:34:00,N,nominal,2.0NRT,296.82,81.97,D,VIIRS
51.00745,30.38232,367,0.44,0.39,2026-08-24,10:34:00,N,high,2.0NRT,335.85,81.97,D,VIIRS
50.99685,30.34727,332.11,0.44,0.39,2026-08-24,10:34:00,N,nominal,2.0NRT,296.82,4.27,D,VIIRS
51.00163,30.37177,329.38,0.44,0.39,2026-08-24,10:34:00,N,low,2.0NRT,300.73,10.65,D,VIIRS
51.00283,30.3779,342.19,0.44,0.39,2026-08-24,10:34:00,N,nominal,2.0NRT,297.02,10.65,D,VIIRS
50.9994,30.37958,336.94,0.44,0.39,2026-08-24,10:34:00,N,nominal,2.0NRT,292.84,8.68,D,VIIRS
50.99717,30.38738,330.45,0.44,0.39,2026-08-24,10:34:00,N,nominal,2.0NRT,288.41,6.49,D,VIIRS
49.83306,26.61501,331.31,0.42,0.45,2026-08-24,10:34:00,N,nominal,2.0NRT,291.42,3.45,D,VIIRS
50.58526,31.19498,338.52,0.43,0.38,2026-08-24,10:34:00,N,nominal,2.0NRT,302.03,3.74,D,VIIRS
50.58188,31.19657,327.07,0.43,0.38,2026-08-24,10:34:00,N,low,2.0NRT,300.07,3.74,D,VIIRS
50.5785,31.19816,345.91,0.43,0.38,2026-08-24,10:34:00,N,nominal,2.0NRT,298.89,5.78,D,VIIRS
50.57399,31.19387,336.26,0.43,0.38,2026-08-24,10:34:00,N,nominal,2.0NRT,299.47,5.78,D,VIIRS
51.1232,34.74723,348.6,0.38,0.36,2026-08-24,10:34:00,N,nominal,2.0NRT,304.83,8.61,D,VIIRS
51.11269,34.76858,326.69,0.38,0.36,2026-08-24,10:34:00,N,low,2.0NRT,297.53,2.62,D,VIIRS
51.11354,34.77398,334.79,0.38,0.36,2026-08-24,10:34:00,N,nominal,2.0NRT,295.88,2.62,D,VIIRS
51.11028,34.77526,333.08,0.38,0.36,2026-08-24,10:34:00,N,nominal,2.0NRT,297.35,2.62,D,VIIRS
51.10702,34.77654,332.03,0.38,0.36,2026-08-24,10:34:00,N,nominal,2.0NRT,296.66,2.91,D,VIIRS
51.10786,34.78194,329.66,0.38,0.36,2026-08-24,10:34:00,N,nominal,2.0NRT,296.1,3.46,D,VIIRS
51.10155,34.8303,328.33,0.38,0.36,2026-08-24,10:34:00,N,nominal,2.0NRT,295.84,1.69,D,VIIRS
51.13662,35.08052,338.32,0.38,0.36,2026-08-24,10:34:00,N,nominal,2.0NRT,296.81,5.04,D,VIIRS
51.13336,35.08178,341.23,0.38,0.36,2026-08-24,10:34:00,N,nominal,2.0NRT,301.64,4.45,D,VIIRS
50.2612,36.0745,367,0.39,0.36,2026-08-24,10:34:00,N,high,2.0NRT,306.73,14.62,D,VIIRS
45.51762,29.01187,341.3,0.59,0.7,2026-08-24,12:12:00,N,nominal,2.0NRT,292.67,3.63,D,VIIRS
50.99986,30.40748,357.14,0.7,0.75,2026-08-24,12:14:00,N,low,2.0NRT,289.93,66.2,D,VIIRS
51.00042,30.38647,348.51,0.7,0.75,2026-08-24,12:14:00,N,nominal,2.0NRT,292.64,42.61,D,VIIRS
51.00014,30.39694,354.92,0.7,0.75,2026-08-24,12:14:00,N,nominal,2.0NRT,303.39,66.2,D,VIIRS
51.01852,30.36681,356.88,0.7,0.75,2026-08-24,12:14:00,N,low,2.0NRT,282.94,17.87,D,VIIRS
51.01943,30.32489,333.24,0.7,0.75,2026-08-24,12:14:00,N,nominal,2.0NRT,288.52,9.67,D,VIIRS
51.01103,30.38704,357.57,0.7,0.75,2026-08-24,12:14:00,N,low,2.0NRT,289.96,47.7,D,VIIRS
51.01079,30.39752,357.44,0.7,0.75,2026-08-24,12:14:00,N,low,2.0NRT,288.55,47.7,D,VIIRS
51.01172,30.35563,327.58,0.7,0.75,2026-08-24,12:14:00,N,nominal,2.0NRT,292.63,16.86,D,VIIRS
51.01149,30.36613,350.39,0.7,0.75,2026-08-24,12:14:00,N,nominal,2.0NRT,297.92,17.87,D,VIIRS
51.01126,30.37659,354.35,0.7,0.75,2026-08-24,12:14:00,N,nominal,2.0NRT,296.12,17.87,D,VIIRS
51.00911,30.47176,325.43,0.71,0.75,2026-08-24,12:14:00,N,nominal,2.0NRT,281.78,6.89,D,VIIRS
51.00351,30.4076,357.28,0.7,0.75,2026-08-24,12:14:00,N,low,2.0NRT,290.83,71.97,D,VIIRS
51.00423,30.37603,334.03,0.7,0.75,2026-08-24,12:14:00,N,nominal,2.0NRT,293.16,18.04,D,VIIRS
51.00399,30.38655,355.05,0.7,0.75,2026-08-24,12:14:00,N,nominal,2.0NRT,297.42,44.84,D,VIIRS
51.00375,30.39702,352.63,0.7,0.75,2026-08-24,12:14:00,N,nominal,2.0NRT,304.61,44.84,D,VIIRS
50.99671,30.3965,344.24,0.7,0.75,2026-08-24,12:14:00,N,nominal,2.0NRT,289.79,44.84,D,VIIRS
49.73837,23.4879,328.03,0.35,0.56,2026-08-24,12:14:00,N,nominal,2.0NRT,295.19,2.09,D,VIIRS
49.0425,31.16364,348.93,0.76,0.77,2026-08-24,12:14:00,N,nominal,2.0NRT,296.76,11.01,D,VIIRS
49.04144,31.16135,336.3,0.76,0.77,2026-08-24,12:14:00,N,nominal,2.0NRT,296.01,4.46,D,VIIRS
48.64077,25.79987,330.93,0.43,0.62,2026-08-24,12:14:00,N,nominal,2.0NRT,296.16,3.95,D,VIIRS
48.41562,29.78665,356.94,0.66,0.73,2026-08-24,12:14:00,N,low,2.0NRT,285.84,18.01,D,VIIRS
48.41573,29.7777,332.93,0.65,0.73,2026-08-24,12:14:00,N,nominal,2.0NRT,290.64,18.01,D,VIIRS
46.64902,30.97145,341.58,0.74,0.76,2026-08-24,12:14:00,N,nominal,2.0NRT,289.31,14.25,D,VIIRS
46.64885,30.98192,345.26,0.74,0.76,2026-08-24,12:14:00,N,nominal,2.0NRT,289.82,14.25,D,VIIRS
46.64674,30.97914,367,0.74,0.76,2026-08-24,12:14:00,N,high,2.0NRT,292.62,24.23,D,VIIRS
45.94006,30.26205,334.12,0.68,0.74,2026-08-24,12:14:00,N,nominal,2.0NRT,293.6,11.09,D,VIIRS
51.21035,29.19071,331,0.62,0.72,2026-08-24,12:14:00,N,nominal,2.0NRT,285.44,4.36,D,VIIRS
51.01613,30.32469,332.06,0.7,0.75,2026-08-24,12:14:00,N,nominal,2.0NRT,291.46,5.95,D,VIIRS
51.01532,30.35602,338.16,0.7,0.75,2026-08-24,12:14:00,N,nominal,2.0NRT,291.76,15.86,D,VIIRS
51.01477,30.377,356.63,0.7,0.75,2026-08-24,12:14:00,N,nominal,2.0NRT,287.71,26.62,D,VIIRS
51.01504,30.36655,367,0.7,0.75,2026-08-24,12:14:00,N,high,2.0NRT,294.33,15.86,D,VIIRS
51.00774,30.37645,350.8,0.7,0.75,2026-08-24,12:14:00,N,nominal,2.0NRT,296.4,42.61,D,VIIRS
51.00746,30.38693,344.74,0.7,0.75,2026-08-24,12:14:00,N,nominal,2.0NRT,301.45,42.61,D,VIIRS
51.0069,30.408,327.17,0.7,0.75,2026-08-24,12:14:00,N,nominal,2.0NRT,287.62,66.2,D,VIIRS
51.00718,30.39741,367,0.7,0.75,2026-08-24,12:14:00,N,high,2.0NRT,298.69,66.2,D,VIIRS
46.68597,33.59523,325.36,0.63,0.72,2026-08-24,22:46:00,N,nominal,2.0NRT,282.89,4.72,N,VIIRS
49.66507,37.13812,296.14,0.45,0.63,2026-08-24,22:46:00,N,nominal,2.0NRT,279.73,0.45,N,VIIRS
49.65918,37.13772,297.76,0.45,0.63,2026-08-24,22:46:00,N,nominal,2.0NRT,279.89,0.49,N,VIIRS
49.67416,37.60455,300.11,0.43,0.62,2026-08-24,22:46:00,N,nominal,2.0NRT,284.11,0.85,N,VIIRS
49.66167,37.13993,306.25,0.45,0.63,2026-08-24,22:46:00,N,nominal,2.0NRT,279.82,0.92,N,VIIRS
49.23672,38.14048,298.38,0.4,0.6,2026-08-24,22:46:00,N,nominal,2.0NRT,282.44,0.55,N,VIIRS
49.08027,38.36419,342.46,0.39,0.59,2026-08-24,22:46:00,N,nominal,2.0NRT,287.35,5.12,N,VIIRS
49.08008,38.36991,303.13,0.39,0.59,2026-08-24,22:46:00,N,nominal,2.0NRT,286.92,3.01,N,VIIRS
49.07472,38.3634,311.1,0.39,0.59,2026-08-24,22:46:00,N,nominal,2.0NRT,282.91,1.39,N,VIIRS
48.98167,38.69073,355.07,0.38,0.59,2026-08-24,22:46:00,N,nominal,2.0NRT,286.7,3.18,N,VIIRS
48.98186,38.68536,298.71,0.38,0.59,2026-08-24,22:46:00,N,nominal,2.0NRT,284.13,4.89,N,VIIRS
48.97621,38.69007,313.89,0.38,0.59,2026-08-24,22:46:00,N,nominal,2.0NRT,283.76,3.18,N,VIIRS
48.97544,38.71166,315.77,0.38,0.59,2026-08-24,22:46:00,N,nominal,2.0NRT,284.57,1.29,N,VIIRS
48.97524,38.5598,305.64,0.38,0.59,2026-08-24,22:46:00,N,nominal,2.0NRT,282.65,0.79,N,VIIRS
48.9872,37.80163,298.96,0.42,0.61,2026-08-24,22:46:00,N,nominal,2.0NRT,282.54,0.63,N,VIIRS
48.98119,37.81305,310.37,0.41,0.61,2026-08-24,22:46:00,N,nominal,2.0NRT,283.84,1.33,N,VIIRS
48.96416,38.21237,301.77,0.4,0.6,2026-08-24,22:46:00,N,nominal,2.0NRT,282.37,1.49,N,VIIRS
48.95857,38.21172,311.93,0.4,0.6,2026-08-24,22:46:00,N,nominal,2.0NRT,282.97,1.49,N,VIIRS
48.95841,38.21722,304.8,0.4,0.6,2026-08-24,22:46:00,N,nominal,2.0NRT,282.43,1.21,N,VIIRS
48.92345,37.77859,296.42,0.42,0.61,2026-08-24,22:46:00,N,nominal,2.0NRT,281.1,0.64,N,VIIRS
48.89703,37.70059,297,0.42,0.61,2026-08-24,22:46:00,N,nominal,2.0NRT,282.3,0.93,N,VIIRS
48.85443,38.7097,307.34,0.38,0.58,2026-08-24,22:46:00,N,nominal,2.0NRT,281.37,0.72,N,VIIRS
48.7812,38.2883,304.67,0.39,0.6,2026-08-24,22:46:00,N,nominal,2.0NRT,283.06,1.32,N,VIIRS
48.77547,38.29274,324.72,0.39,0.6,2026-08-24,22:46:00,N,nominal,2.0NRT,281.2,1.66,N,VIIRS
48.72593,37.60301,295.76,0.42,0.61,2026-08-24,22:46:00,N,nominal,2.0NRT,285.75,0.78,N,VIIRS
48.6084,39.12421,301.37,0.36,0.57,2026-08-24,22:46:00,N,nominal,2.0NRT,285.2,0.73,N,VIIRS
48.5284,37.67456,309.76,0.42,0.61,2026-08-24,22:46:00,N,nominal,2.0NRT,283.15,1.09,N,VIIRS
48.49897,37.70825,296.91,0.42,0.61,2026-08-24,22:46:00,N,nominal,2.0NRT,284.48,0.68,N,VIIRS
48.52719,37.6744,312.57,0.42,0.61,2026-08-24,22:46:00,N,nominal,2.0NRT,283.65,0.91,N,VIIRS
48.46768,38.75823,300.98,0.37,0.58,2026-08-24,22:46:00,N,nominal,2.0NRT,288.22,0.85,N,VIIRS
48.49759,37.70817,302.2,0.42,0.61,2026-08-24,22:46:00,N,nominal,2.0NRT,285,0.62,N,VIIRS
48.49743,37.71389,295.52,0.42,0.61,2026-08-24,22:46:00,N,nominal,2.0NRT,284.88,0.62,N,VIIRS
48.46244,38.7527,306.01,0.37,0.58,2026-08-24,22:46:00,N,nominal,2.0NRT,287.42,0.85,N,VIIRS
48.42048,37.06526,304.4,0.45,0.63,2026-08-24,22:46:00,N,nominal,2.0NRT,281.29,0.67,N,VIIRS
48.41679,37.0667,307.72,0.45,0.63,2026-08-24,22:46:00,N,nominal,2.0NRT,281.04,1.17,N,VIIRS
48.41645,36.1776,327.93,0.49,0.65,2026-08-24,22:46:00,N,nominal,2.0NRT,282.38,2.17,N,VIIRS
48.41655,36.17077,298.07,0.49,0.65,2026-08-24,22:46:00,N,nominal,2.0NRT,279.95,2.17,N,VIIRS
48.36198,38.01104,329.24,0.4,0.6,2026-08-24,22:46:00,N,nominal,2.0NRT,286.64,2.67,N,VIIRS
48.30731,38.32645,296.61,0.39,0.59,2026-08-24,22:46:00,N,nominal,2.0NRT,281.92,0.38,N,VIIRS
48.21591,38.08637,297.65,0.4,0.6,2026-08-24,22:46:00,N,nominal,2.0NRT,281.11,0.41,N,VIIRS
48.19868,37.69016,301.63,0.42,0.61,2026-08-24,22:46:00,N,nominal,2.0NRT,284.03,1.05,N,VIIRS
48.20123,37.34272,308.62,0.43,0.62,2026-08-24,22:46:00,N,nominal,2.0NRT,285.59,1.71,N,VIIRS
48.19764,37.69091,303.74,0.42,0.61,2026-08-24,22:46:00,N,nominal,2.0NRT,284.72,1.54,N,VIIRS
48.20189,37.34396,307.67,0.43,0.62,2026-08-24,22:46:00,N,nominal,2.0NRT,285.43,1.3,N,VIIRS
48.19159,37.70205,295.07,0.42,0.61,2026-08-24,22:46:00,N,nominal,2.0NRT,283.59,0.98,N,VIIRS
48.18042,36.06979,308.47,0.49,0.65,2026-08-24,22:46:00,N,nominal,2.0NRT,282.31,1.09,N,VIIRS
48.05056,37.36689,301.35,0.43,0.62,2026-08-24,22:46:00,N,nominal,2.0NRT,283.62,0.95,N,VIIRS
48.03627,36.31952,304.33,0.48,0.65,2026-08-24,22:46:00,N,nominal,2.0NRT,284.05,0.82,N,VIIRS
48.03022,36.31903,300.37,0.48,0.65,2026-08-24,22:46:00,N,nominal,2.0NRT,284.31,0.82,N,VIIRS
48.03575,36.32195,305.19,0.48,0.65,2026-08-24,22:46:00,N,nominal,2.0NRT,283.83,0.86,N,VIIRS
48.0297,36.32147,295.59,0.48,0.65,2026-08-24,22:46:00,N,nominal,2.0NRT,283.88,0.61,N,VIIRS
47.96795,37.82509,298.33,0.41,0.6,2026-08-24,22:46:00,N,nominal,2.0NRT,286.51,0.56,N,VIIRS
47.9211,35.78815,304.48,0.51,0.66,2026-08-24,22:46:00,N,nominal,2.0NRT,281.57,0.71,N,VIIRS
47.92271,35.78941,304.56,0.51,0.66,2026-08-24,22:46:00,N,nominal,2.0NRT,280.98,0.55,N,VIIRS
47.85183,37.83872,296.14,0.41,0.6,2026-08-24,22:46:00,N,nominal,2.0NRT,281.5,0.65,N,VIIRS
47.8405,35.26567,329.06,0.54,0.68,2026-08-24,22:46:00,N,nominal,2.0NRT,285.32,2.34,N,VIIRS
47.83857,35.26146,306.29,0.54,0.68,2026-08-24,22:46:00,N,nominal,2.0NRT,283.48,1.58,N,VIIRS
47.83849,35.26879,310.85,0.54,0.67,2026-08-24,22:46:00,N,nominal,2.0NRT,284.25,1.58,N,VIIRS
47.75142,37.71935,314.25,0.41,0.61,2026-08-24,22:46:00,N,nominal,2.0NRT,284.21,0.82,N,VIIRS
47.7098,37.36454,305.72,0.43,0.62,2026-08-24,22:46:00,N,nominal,2.0NRT,280.34,1.94,N,VIIRS
47.72069,36.59582,295.45,0.46,0.64,2026-08-24,22:46:00,N,nominal,2.0NRT,280.79,0.58,N,VIIRS
47.66214,37.86451,299.55,0.41,0.6,2026-08-24,22:46:00,N,nominal,2.0NRT,284.34,0.66,N,VIIRS
47.71803,36.59918,300.01,0.46,0.64,2026-08-24,22:46:00,N,nominal,2.0NRT,280.63,0.59,N,VIIRS
47.69084,35.22413,298.72,0.54,0.68,2026-08-24,22:46:00,N,nominal,2.0NRT,282.87,0.6,N,VIIRS
47.63878,36.67865,300.02,0.46,0.64,2026-08-24,22:46:00,N,nominal,2.0NRT,281.73,0.67,N,VIIRS
47.50001,36.65357,311.31,0.46,0.64,2026-08-24,22:46:00,N,nominal,2.0NRT,281.93,1.24,N,VIIRS
47.49406,36.65319,307.08,0.46,0.64,2026-08-24,22:46:00,N,nominal,2.0NRT,281.38,1.24,N,VIIRS
47.49706,36.6542,323.2,0.46,0.64,2026-08-24,22:46:00,N,nominal,2.0NRT,281.9,1.94,N,VIIRS
47.44616,37.65519,300.09,0.41,0.61,2026-08-24,22:46:00,N,nominal,2.0NRT,285.49,0.75,N,VIIRS
47.42417,35.31437,296.77,0.53,0.67,2026-08-24,22:46:00,N,nominal,2.0NRT,282.59,0.68,N,VIIRS
47.32638,38.12281,296.93,0.39,0.59,2026-08-24,22:46:00,N,nominal,2.0NRT,283.91,0.3,N,VIIRS
47.35806,34.8945,299.37,0.55,0.68,2026-08-24,22:46:00,N,nominal,2.0NRT,282.41,1.15,N,VIIRS
47.26483,37.77374,298.12,0.41,0.6,2026-08-24,22:46:00,N,nominal,2.0NRT,284.4,0.62,N,VIIRS
47.27042,36.13987,296.6,0.49,0.65,2026-08-24,22:46:00,N,nominal,2.0NRT,283.21,0.48,N,VIIRS
47.24308,34.61451,299.52,0.57,0.69,2026-08-24,22:46:00,N,nominal,2.0NRT,282.12,0.91,N,VIIRS
47.14489,37.91756,297.53,0.4,0.6,2026-08-24,22:46:00,N,nominal,2.0NRT,284.73,0.43,N,VIIRS
47.13929,37.9173,297.67,0.4,0.6,2026-08-24,22:46:00,N,nominal,2.0NRT,284.77,0.43,N,VIIRS
47.14753,37.92023,297.87,0.4,0.6,2026-08-24,22:46:00,N,nominal,2.0NRT,284.03,0.27,N,VIIRS
47.14193,37.91998,297.68,0.4,0.6,2026-08-24,22:46:00,N,nominal,2.0NRT,285.69,0.28,N,VIIRS
47.16848,35.69017,306.43,0.51,0.66,2026-08-24,22:46:00,N,nominal,2.0NRT,282.67,1.2,N,VIIRS
46.76188,33.52274,317.16,0.64,0.72,2026-08-24,22:46:00,N,nominal,2.0NRT,283.24,2.96,N,VIIRS
46.74363,35.96555,295.81,0.49,0.65,2026-08-24,22:46:00,N,nominal,2.0NRT,282.83,0.87,N,VIIRS
46.74327,35.98558,297.47,0.49,0.65,2026-08-24,22:46:00,N,nominal,2.0NRT,282.8,0.35,N,VIIRS
46.73013,36.34276,320.76,0.47,0.64,2026-08-24,22:46:00,N,nominal,2.0NRT,286.29,6.44,N,VIIRS
46.73,36.34913,334.93,0.47,0.64,2026-08-24,22:46:00,N,nominal,2.0NRT,285.78,4.71,N,VIIRS
46.73752,35.96528,300.27,0.49,0.65,2026-08-24,22:46:00,N,nominal,2.0NRT,283.24,0.87,N,VIIRS
46.72875,36.40678,301.79,0.47,0.64,2026-08-24,22:46:00,N,nominal,2.0NRT,285.64,1.41,N,VIIRS
46.68758,33.59191,325.49,0.63,0.72,2026-08-24,22:46:00,N,nominal,2.0NRT,282.72,2.69,N,VIIRS
46.68763,33.6006,304.83,0.63,0.72,2026-08-24,22:46:00,N,nominal,2.0NRT,281.62,2.69,N,VIIRS
46.68091,33.60913,298.31,0.63,0.72,2026-08-24,22:46:00,N,nominal,2.0NRT,282.01,0.75,N,VIIRS
46.69275,33.59528,295.73,0.63,0.72,2026-08-24,22:46:00,N,nominal,2.0NRT,282.13,0.82,N,VIIRS
46.67923,33.61246,296.51,0.63,0.72,2026-08-24,22:46:00,N,nominal,2.0NRT,282.14,2.04,N,VIIRS
46.66475,34.33412,301.1,0.59,0.7,2026-08-24,22:46:00,N,nominal,2.0NRT,281.36,0.63,N,VIIRS
46.65823,34.32602,300.37,0.59,0.7,2026-08-24,22:46:00,N,nominal,2.0NRT,282.52,0.98,N,VIIRS
51.33721,33.95827,300.45,0.63,0.72,2026-08-24,22:46:00,N,nominal,2.0NRT,280.39,1.03,N,VIIRS
51.33595,33.95947,302.19,0.62,0.72,2026-08-24,22:46:00,N,nominal,2.0NRT,280.22,1.43,N,VIIRS
50.35258,36.19004,296.36,0.5,0.66,2026-08-24,22:46:00,N,nominal,2.0NRT,279.73,0.55,N,VIIRS
50.30731,33.89605,303.3,0.63,0.72,2026-08-24,22:46:00,N,nominal,2.0NRT,280.16,0.91,N,VIIRS
50.1657,37.55188,296.1,0.43,0.62,2026-08-24,22:46:00,N,nominal,2.0NRT,280.9,0.53,N,VIIRS
50.16601,37.55247,296.2,0.43,0.62,2026-08-24,22:46:00,N,nominal,2.0NRT,281.44,0.56,N,VIIRS
49.70304,37.59192,296.84,0.43,0.62,2026-08-24,22:46:00,N,nominal,2.0NRT,282.75,0.5,N,VIIRS
49.69726,37.59208,300.62,0.43,0.62,2026-08-24,22:46:00,N,nominal,2.0NRT,283.68,1.03,N,VIIRS
49.67391,37.60313,298.06,0.43,0.62,2026-08-24,22:46:00,N,nominal,2.0NRT,284.14,0.6,N,VIIRS
46.5006,35.48741,297.32,0.52,0.67,2026-08-24,22:46:00,N,nominal,2.0NRT,283.67,0.7,N,VIIRS
46.31041,33.92181,327.96,0.61,0.71,2026-08-24,22:46:00,N,nominal,2.0NRT,283.13,3.55,N,VIIRS
46.30374,33.92168,334.71,0.61,0.71,2026-08-24,22:46:00,N,nominal,2.0NRT,282.19,3.55,N,VIIRS
46.30709,33.92423,336.55,0.61,0.71,2026-08-24,22:46:00,N,nominal,2.0NRT,282.52,4.91,N,VIIRS
46.30713,33.91596,318.29,0.61,0.71,2026-08-24,22:46:00,N,nominal,2.0NRT,282.55,4.91,N,VIIRS
47.01016,36.03877,296.54,0.49,0.65,2026-08-24,22:46:00,N,nominal,2.0NRT,281.37,0.8,N,VIIRS
46.98204,37.33606,303.21,0.42,0.61,2026-08-24,22:46:00,N,nominal,2.0NRT,284.02,0.75,N,VIIRS
47.00416,36.03186,302.03,0.49,0.65,2026-08-24,22:46:00,N,nominal,2.0NRT,282.5,1.01,N,VIIRS
46.98485,36.09793,295.18,0.49,0.65,2026-08-24,22:46:00,N,nominal,2.0NRT,283.93,0.47,N,VIIRS
47.00464,36.03396,303.03,0.49,0.65,2026-08-24,22:46:00,N,nominal,2.0NRT,281.45,1.76,N,VIIRS
46.96682,35.31074,317.44,0.53,0.67,2026-08-24,22:46:00,N,nominal,2.0NRT,283.69,2.05,N,VIIRS
46.96053,35.31048,297.61,0.53,0.67,2026-08-24,22:46:00,N,nominal,2.0NRT,283.75,0.74,N,VIIRS
46.92484,36.38201,298.13,0.47,0.64,2026-08-24,22:46:00,N,nominal,2.0NRT,284.74,1.64,N,VIIRS
46.92471,36.3885,310.38,0.47,0.64,2026-08-24,22:46:00,N,nominal,2.0NRT,285.19,1.65,N,VIIRS
46.91884,36.38169,307.08,0.47,0.64,2026-08-24,22:46:00,N,nominal,2.0NRT,284.5,1.59,N,VIIRS
46.91871,36.38815,300.67,0.47,0.64,2026-08-24,22:46:00,N,nominal,2.0NRT,284.41,1.14,N,VIIRS
46.90597,36.95045,319.15,0.44,0.63,2026-08-24,22:46:00,N,nominal,2.0NRT,285.18,2.13,N,VIIRS
46.85868,36.56088,299.23,0.46,0.64,2026-08-24,22:46:00,N,nominal,2.0NRT,284.21,1.71,N,VIIRS
46.85273,36.56043,327.54,0.46,0.64,2026-08-24,22:46:00,N,nominal,2.0NRT,284.65,1.71,N,VIIRS
46.85851,36.0063,305.92,0.49,0.65,2026-08-24,22:46:00,N,nominal,2.0NRT,285.49,1.58,N,VIIRS
46.85839,36.01292,295.35,0.49,0.65,2026-08-24,22:46:00,N,nominal,2.0NRT,285.03,0.9,N,VIIRS
46.81333,36.71912,304.13,0.45,0.63,2026-08-24,22:46:00,N,nominal,2.0NRT,283.04,0.94,N,VIIRS
46.8043,36.59509,301.66,0.46,0.63,2026-08-24,22:46:00,N,nominal,2.0NRT,284.18,1.25,N,VIIRS
46.80417,36.60128,301.12,0.46,0.63,2026-08-24,22:46:00,N,nominal,2.0NRT,284.34,0.82,N,VIIRS
46.80292,36.65688,300.26,0.46,0.63,2026-08-24,22:46:00,N,nominal,2.0NRT,285.24,0.76,N,VIIRS
46.81729,35.46908,317.78,0.52,0.67,2026-08-24,22:46:00,N,nominal,2.0NRT,283.83,2.35,N,VIIRS
46.797,36.65651,312.2,0.46,0.63,2026-08-24,22:46:00,N,nominal,2.0NRT,285.66,1.53,N,VIIRS
46.79639,35.65018,296.31,0.51,0.66,2026-08-24,22:46:00,N,nominal,2.0NRT,283.64,0.73,N,VIIRS
46.81411,35.468,309.93,0.52,0.67,2026-08-24,22:46:00,N,nominal,2.0NRT,283.84,1.19,N,VIIRS
46.79856,35.64927,298.86,0.51,0.66,2026-08-24,22:46:00,N,nominal,2.0NRT,283.75,0.72,N,VIIRS
46.78741,34.42177,298.55,0.58,0.7,2026-08-24,22:46:00,N,nominal,2.0NRT,282.78,0.55,N,VIIRS
46.7688,35.09943,295.57,0.54,0.68,2026-08-24,22:46:00,N,nominal,2.0NRT,282.78,0.75,N,VIIRS
46.7495,35.97922,295.06,0.49,0.65,2026-08-24,22:46:00,N,nominal,2.0NRT,283.73,0.56,N,VIIRS
44.5264,34.12499,307.15,0.59,0.7,2026-08-24,22:48:00,N,nominal,2.0NRT,286.53,4.54,N,VIIRS
44.53296,34.12643,309.73,0.59,0.7,2026-08-24,22:48:00,N,nominal,2.0NRT,287.07,4.54,N,VIIRS
44.53286,34.13489,328.31,0.59,0.7,2026-08-24,22:48:00,N,nominal,2.0NRT,288.98,6.05,N,VIIRS
44.53291,34.13069,335.99,0.59,0.7,2026-08-24,22:48:00,N,nominal,2.0NRT,289.24,4.54,N,VIIRS
44.53049,34.13503,315.01,0.59,0.7,2026-08-24,22:48:00,N,nominal,2.0NRT,288.2,4.72,N,VIIRS
44.53055,34.12689,318.88,0.59,0.7,2026-08-24,22:48:00,N,nominal,2.0NRT,287.52,7.56,N,VIIRS
44.53052,34.13128,328.97,0.59,0.7,2026-08-24,22:48:00,N,nominal,2.0NRT,288.19,4.72,N,VIIRS
44.53706,34.135980000000004,304.51,0.59,0.7,2026-08-24,22:48:00,N,nominal,2.0NRT,287.47,1.9,N,VIIRS
44.53709,34.13099,312.96,0.59,0.7,2026-08-24,22:48:00,N,nominal,2.0NRT,287.47,1.9,N,VIIRS
45.35766,36.27776,320.61,0.47,0.64,2026-08-24,22:48:00,N,nominal,2.0NRT,286.59,1.94,N,VIIRS
45.35781,36.27169,312.18,0.47,0.64,2026-08-24,22:48:00,N,nominal,2.0NRT,286.32,1.94,N,VIIRS
45.35167,36.27775,349.81,0.47,0.64,2026-08-24,22:48:00,N,nominal,2.0NRT,288.05,6.42,N,VIIRS
45.35182,36.2717,325.83,0.47,0.64,2026-08-24,22:48:00,N,nominal,2.0NRT,286.82,6.42,N,VIIRS
